unit_id,qid,canonical_qid,exam_id_canonical,num,type,subq,grain,归属_RE,admission,evidence,evidence_detail,downgrade_notes,script_tier,rule_version
BJ-2023-FT-YIMO-Q2,BJ-2023-FT-YIMO-Q2,BJ-2023-FT-YIMO-Q2,BJ-2023-FT-YIMO,2,选择题,,整题,MAYBE,完整题-选择题照收,E3,逐题已匹配参考答案,,不明,2026-09-24-attribution-v3
BJ-2023-FT-YIMO-Q3,BJ-2023-FT-YIMO-Q3,BJ-2023-FT-YIMO-Q3,BJ-2023-FT-YIMO,3,选择题,,整题,MAYBE,完整题-选择题照收,E3,逐题已匹配参考答案,,不明,2026-09-24-attribution-v3
BJ-2023-FT-YIMO-Q4,BJ-2023-FT-YIMO-Q4,BJ-2023-FT-YIMO-Q4,BJ-2023-FT-YIMO,4,选择题,,整题,MAYBE,完整题-选择题照收,E3,逐题已匹配参考答案,,不明,2026-09-24-attribution-v3
BJ-2023-FT-YIMO-Q5,BJ-2023-FT-YIMO-Q5,BJ-2023-FT-YIMO-Q5,BJ-2023-FT-YIMO,5,选择题,,整题,MAYBE,完整题-选择题照收,E3,逐题已匹配参考答案,,不明,2026-09-24-attribution-v3
BJ-2023-FT-YIMO-Q6,BJ-2023-FT-YIMO-Q6,BJ-2023-FT-YIMO-Q6,BJ-2023-FT-YIMO,6,选择题,,整题,MAYBE,完整题-选择题照收,E3,逐题已匹配参考答案,,不明,2026-09-24-attribution-v3
BJ-2023-FT-YIMO-Q7,BJ-2023-FT-YIMO-Q7,BJ-2023-FT-YIMO-Q7,BJ-2023-FT-YIMO,7,选择题,,整题,MAYBE,完整题-选择题照收,E3,逐题已匹配参考答案,,不明,2026-09-24-attribution-v3
BJ-2023-FT-YIMO-Q11,BJ-2023-FT-YIMO-Q11,BJ-2023-FT-YIMO-Q11,BJ-2023-FT-YIMO,11,选择题,,整题,IN,完整题-选择题照收,E3,逐题已匹配参考答案,,倾向,2026-09-24-attribution-v3
BJ-2023-FT-YIMO-Q13,BJ-2023-FT-YIMO-Q13,BJ-2023-FT-YIMO-Q13,BJ-2023-FT-YIMO,13,选择题,,整题,MAYBE,完整题-选择题照收,E3,逐题已匹配参考答案,,倾向,2026-09-24-attribution-v3
BJ-2023-FT-YIMO-Q14,BJ-2023-FT-YIMO-Q14,BJ-2023-FT-YIMO-Q14,BJ-2023-FT-YIMO,14,选择题,,整题,MAYBE,完整题-选择题照收,E3,逐题已匹配参考答案,,不明,2026-09-24-attribution-v3
BJ-2023-FT-YIMO-Q16,BJ-2023-FT-YIMO-Q16,BJ-2023-FT-YIMO-Q16,BJ-2023-FT-YIMO,16,主观题,,整题,MAYBE,不收-无E1,E3,逐题已匹配参考答案,,不明,2026-09-24-attribution-v3
BJ-2023-FT-YIMO-Q17#1,BJ-2023-FT-YIMO-Q17,BJ-2023-FT-YIMO-Q17,BJ-2023-FT-YIMO,17,主观题,1,小问,MAYBE,不收-无E1,E3,逐题已匹配参考答案,B1:rubric_unreadable_not_OUT;X2:rubric_unreadable_not_OUT;MI:rubric_unreadable_not_OUT;RE:rubric_unreadable_not_OUT,不明,2026-09-24-attribution-v3
BJ-2023-FT-YIMO-Q17#2,BJ-2023-FT-YIMO-Q17,BJ-2023-FT-YIMO-Q17,BJ-2023-FT-YIMO,17,主观题,2,小问,MAYBE,不收-无E1,E3,逐题已匹配参考答案,,不明,2026-09-24-attribution-v3
BJ-2023-FT-YIMO-Q18,BJ-2023-FT-YIMO-Q18,BJ-2023-FT-YIMO-Q18,BJ-2023-FT-YIMO,18,主观题,,整题,MAYBE,不收-无E1,E3,逐题已匹配参考答案,,不明,2026-09-24-attribution-v3
BJ-2023-FT-YIMO-Q19,BJ-2023-FT-YIMO-Q19,BJ-2023-FT-YIMO-Q19,BJ-2023-FT-YIMO,19,主观题,,整题,MAYBE,不收-无E1,E3,逐题已匹配参考答案,B1:rubric_unreadable_not_OUT;B3:rubric_unreadable_not_OUT;PH:rubric_unreadable_not_OUT;CU:rubric_unreadable_not_OUT;X1:rubric_unreadable_not_OUT;X2:rubric_unreadable_not_OUT;RE:rubric_unreadable_not_OUT,倾向,2026-09-24-attribution-v3
BJ-2023-FT-YIMO-Q20,BJ-2023-FT-YIMO-Q20,BJ-2023-FT-YIMO-Q20,BJ-2023-FT-YIMO,20,主观题,,整题,MAYBE,不收-无E1,E3,逐题已匹配参考答案,B1:rubric_unreadable_not_OUT;PH:rubric_unreadable_not_OUT;CU:rubric_unreadable_not_OUT;X1:rubric_unreadable_not_OUT;X2:rubric_unreadable_not_OUT;MI:rubric_unreadable_not_OUT;RE:rubric_unreadable_not_OUT,倾向,2026-09-24-attribution-v3
BJ-2023-FT-YIMO-Q21,BJ-2023-FT-YIMO-Q21,BJ-2023-FT-YIMO-Q21,BJ-2023-FT-YIMO,21,主观题,,整题,MAYBE,不收-无E1,E3,逐题已匹配参考答案,B1:rubric_unreadable_not_OUT;B3:rubric_unreadable_not_OUT;PH:rubric_unreadable_not_OUT;CU:rubric_unreadable_not_OUT;X2:rubric_unreadable_not_OUT;MI:rubric_unreadable_not_OUT;RE:rubric_unreadable_not_OUT,倾向,2026-09-24-attribution-v3
BJ-2023-FT-YIMO-Q22,BJ-2023-FT-YIMO-Q22,BJ-2023-FT-YIMO-Q22,BJ-2023-FT-YIMO,22,主观题,,整题,MAYBE,不收-无E1,E3,逐题已匹配参考答案,"关联但不合并(疑似跨卷复用/串题,非duplicate_registration_alias):dup_of=BJ-2026-FT-YIMO-Q21",不明,2026-09-24-attribution-v3
BJ-2024-CY-QIZHONG-Q6,BJ-2024-CY-QIZHONG-Q6,BJ-2024-CY-QIZHONG-Q6,BJ-2024-CY-QIZHONG,6,选择题,,整题,MAYBE,完整题-选择题照收,E3,逐题已匹配参考答案,,不明,2026-09-24-attribution-v3
BJ-2024-CY-QIZHONG-Q12,BJ-2024-CY-QIZHONG-Q12,BJ-2024-CY-QIZHONG-Q12,BJ-2024-CY-QIZHONG,12,选择题,,整题,MAYBE,完整题-选择题照收,E3,逐题已匹配参考答案,,不明,2026-09-24-attribution-v3
BJ-2024-CY-QIZHONG-Q13,BJ-2024-CY-QIZHONG-Q13,BJ-2024-CY-QIZHONG-Q13,BJ-2024-CY-QIZHONG,13,选择题,,整题,MAYBE,完整题-选择题照收,E3,逐题已匹配参考答案,,不明,2026-09-24-attribution-v3
BJ-2024-CY-QIZHONG-Q14,BJ-2024-CY-QIZHONG-Q14,BJ-2024-CY-QIZHONG-Q14,BJ-2024-CY-QIZHONG,14,选择题,,整题,MAYBE,完整题-选择题照收,E3,逐题已匹配参考答案,,不明,2026-09-24-attribution-v3
BJ-2024-CY-QIZHONG-Q15,BJ-2024-CY-QIZHONG-Q15,BJ-2024-CY-QIZHONG-Q15,BJ-2024-CY-QIZHONG,15,选择题,,整题,MAYBE,完整题-选择题照收,E3,逐题已匹配参考答案,,不明,2026-09-24-attribution-v3
BJ-2024-CY-QIZHONG-Q17,BJ-2024-CY-QIZHONG-Q17,BJ-2024-CY-QIZHONG-Q17,BJ-2024-CY-QIZHONG,17,主观题,,整题,MAYBE,完整题-有E1,E1,逐题已匹配正式评分材料,,不明,2026-09-24-attribution-v3
BJ-2024-CY-QIZHONG-Q20#1,BJ-2024-CY-QIZHONG-Q20,BJ-2024-CY-QIZHONG-Q20,BJ-2024-CY-QIZHONG,20,主观题,1,小问,MAYBE,完整题-有E1,E1,逐题已匹配正式评分材料,,不明,2026-09-24-attribution-v3
BJ-2024-CY-QIZHONG-Q20#2,BJ-2024-CY-QIZHONG-Q20,BJ-2024-CY-QIZHONG-Q20,BJ-2024-CY-QIZHONG,20,主观题,2,小问,MAYBE,完整题-有E1,E1,逐题已匹配正式评分材料,,不明,2026-09-24-attribution-v3
BJ-2024-CY-QIZHONG-Q20#3,BJ-2024-CY-QIZHONG-Q20,BJ-2024-CY-QIZHONG-Q20,BJ-2024-CY-QIZHONG,20,主观题,3,小问,MAYBE,完整题-有E1,E1,逐题已匹配正式评分材料,,倾向,2026-09-24-attribution-v3
BJ-2025-CY-ERMO-Q2,BJ-2025-CY-ERMO-Q2,BJ-2025-CY-ERMO-Q2,BJ-2025-CY-ERMO,2,选择题,,整题,MAYBE,完整题-选择题照收,E3,逐题已匹配参考答案,,不明,2026-09-24-attribution-v3
BJ-2025-CY-ERMO-Q3,BJ-2025-CY-ERMO-Q3,BJ-2025-CY-ERMO-Q3,BJ-2025-CY-ERMO,3,选择题,,整题,MAYBE,完整题-选择题照收,E3,逐题已匹配参考答案,,不明,2026-09-24-attribution-v3
BJ-2025-CY-ERMO-Q4,BJ-2025-CY-ERMO-Q4,BJ-2025-CY-ERMO-Q4,BJ-2025-CY-ERMO,4,选择题,,整题,MAYBE,完整题-选择题照收,E3,逐题已匹配参考答案,,不明,2026-09-24-attribution-v3
BJ-2025-CY-ERMO-Q12,BJ-2025-CY-ERMO-Q12,BJ-2025-CY-ERMO-Q12,BJ-2025-CY-ERMO,12,选择题,,整题,MAYBE,完整题-选择题照收,E3,逐题已匹配参考答案,,不明,2026-09-24-attribution-v3
BJ-2025-CY-ERMO-Q13,BJ-2025-CY-ERMO-Q13,BJ-2025-CY-ERMO-Q13,BJ-2025-CY-ERMO,13,选择题,,整题,MAYBE,完整题-选择题照收,E3,逐题已匹配参考答案,,倾向,2026-09-24-attribution-v3
BJ-2025-CY-ERMO-Q14,BJ-2025-CY-ERMO-Q14,BJ-2025-CY-ERMO-Q14,BJ-2025-CY-ERMO,14,选择题,,整题,MAYBE,完整题-选择题照收,E3,逐题已匹配参考答案,,不明,2026-09-24-attribution-v3
BJ-2025-CY-ERMO-Q16,BJ-2025-CY-ERMO-Q16,BJ-2025-CY-ERMO-Q16,BJ-2025-CY-ERMO,16,主观题,,整题,MAYBE,完整题-有E1,E1,逐题已匹配正式评分材料,,不明,2026-09-24-attribution-v3
BJ-2025-CY-ERMO-Q19,BJ-2025-CY-ERMO-Q19,BJ-2025-CY-ERMO-Q19,BJ-2025-CY-ERMO,19,主观题,,整题,MAYBE,完整题-有E1,E1,逐题已匹配正式评分材料,,不明,2026-09-24-attribution-v3
BJ-2025-CY-ERMO-Q21,BJ-2025-CY-ERMO-Q21,BJ-2025-CY-ERMO-Q21,BJ-2025-CY-ERMO,21,主观题,,整题,MAYBE,完整题-有E1,E1,逐题已匹配正式评分材料,,不明,2026-09-24-attribution-v3
BJ-2025-CY-ERMO-Q22,BJ-2025-CY-ERMO-Q22,BJ-2025-CY-ERMO-Q22,BJ-2025-CY-ERMO,22,主观题,,整题,MAYBE,完整题-有E1,E1,逐题已匹配正式评分材料,,不明,2026-09-24-attribution-v3
BJ-2023-FT-ERMO-Q2,BJ-2023-FT-ERMO-Q2,BJ-2023-FT-ERMO-Q2,BJ-2023-FT-ERMO,2,选择题,,整题,MAYBE,完整题-选择题照收,E3,逐题已匹配参考答案,,不明,2026-09-24-attribution-v3
BJ-2023-FT-ERMO-Q3,BJ-2023-FT-ERMO-Q3,BJ-2023-FT-ERMO-Q3,BJ-2023-FT-ERMO,3,选择题,,整题,MAYBE,完整题-选择题照收,E3,逐题已匹配参考答案,,不明,2026-09-24-attribution-v3
BJ-2023-FT-ERMO-Q4,BJ-2023-FT-ERMO-Q4,BJ-2023-FT-ERMO-Q4,BJ-2023-FT-ERMO,4,选择题,,整题,MAYBE,完整题-选择题照收,E3,逐题已匹配参考答案,,不明,2026-09-24-attribution-v3
BJ-2023-FT-ERMO-Q5,BJ-2023-FT-ERMO-Q5,BJ-2023-FT-ERMO-Q5,BJ-2023-FT-ERMO,5,选择题,,整题,IN,完整题-选择题照收,E3,逐题已匹配参考答案,,不明,2026-09-24-attribution-v3
BJ-2023-FT-ERMO-Q6,BJ-2023-FT-ERMO-Q6,BJ-2023-FT-ERMO-Q6,BJ-2023-FT-ERMO,6,选择题,,整题,MAYBE,完整题-选择题照收,E3,逐题已匹配参考答案,,不明,2026-09-24-attribution-v3
BJ-2023-FT-ERMO-Q7,BJ-2023-FT-ERMO-Q7,BJ-2023-FT-ERMO-Q7,BJ-2023-FT-ERMO,7,选择题,,整题,MAYBE,完整题-选择题照收,E3,逐题已匹配参考答案,,不明,2026-09-24-attribution-v3
BJ-2023-FT-ERMO-Q13,BJ-2023-FT-ERMO-Q13,BJ-2023-FT-ERMO-Q13,BJ-2023-FT-ERMO,13,选择题,,整题,MAYBE,完整题-选择题照收,E3,逐题已匹配参考答案,,不明,2026-09-24-attribution-v3
BJ-2023-FT-ERMO-Q14,BJ-2023-FT-ERMO-Q14,BJ-2023-FT-ERMO-Q14,BJ-2023-FT-ERMO,14,选择题,,整题,MAYBE,完整题-选择题照收,E3,逐题已匹配参考答案,,不明,2026-09-24-attribution-v3
BJ-2023-FT-ERMO-Q16,BJ-2023-FT-ERMO-Q16,BJ-2023-FT-ERMO-Q16,BJ-2023-FT-ERMO,16,主观题,,整题,MAYBE,不收-无E1,E3,逐题已匹配参考答案,,不明,2026-09-24-attribution-v3
BJ-2023-FT-ERMO-Q18#1,BJ-2023-FT-ERMO-Q18,BJ-2023-FT-ERMO-Q18,BJ-2023-FT-ERMO,18,主观题,1,小问,MAYBE,不收-无E1,E3,逐题已匹配参考答案,,不明,2026-09-24-attribution-v3
BJ-2023-FT-ERMO-Q18#2,BJ-2023-FT-ERMO-Q18,BJ-2023-FT-ERMO-Q18,BJ-2023-FT-ERMO,18,主观题,2,小问,MAYBE,不收-无E1,E3,逐题已匹配参考答案,,不明,2026-09-24-attribution-v3
BJ-2023-FT-ERMO-Q19,BJ-2023-FT-ERMO-Q19,BJ-2023-FT-ERMO-Q19,BJ-2023-FT-ERMO,19,主观题,,整题,MAYBE,不收-无E1,E3,逐题已匹配参考答案,,不明,2026-09-24-attribution-v3
BJ-2020-BJ-GAOKAO-Q3,BJ-2020-BJ-GAOKAO-Q3,BJ-2020-BJ-GAOKAO-Q3,BJ-2020-BJ-GAOKAO,3,选择题,,整题,MAYBE,完整题-选择题照收,E3,逐题已匹配参考答案,,不明,2026-09-24-attribution-v3
BJ-2020-BJ-GAOKAO-Q5,BJ-2020-BJ-GAOKAO-Q5,BJ-2020-BJ-GAOKAO-Q5,BJ-2020-BJ-GAOKAO,5,选择题,,整题,MAYBE,完整题-选择题照收,E3,逐题已匹配参考答案,,不明,2026-09-24-attribution-v3
BJ-2020-BJ-GAOKAO-Q6,BJ-2020-BJ-GAOKAO-Q6,BJ-2020-BJ-GAOKAO-Q6,BJ-2020-BJ-GAOKAO,6,选择题,,整题,MAYBE,完整题-选择题照收,E3,逐题已匹配参考答案,,不明,2026-09-24-attribution-v3
BJ-2020-BJ-GAOKAO-Q7,BJ-2020-BJ-GAOKAO-Q7,BJ-2020-BJ-GAOKAO-Q7,BJ-2020-BJ-GAOKAO,7,选择题,,整题,MAYBE,完整题-选择题照收,E3,逐题已匹配参考答案,,不明,2026-09-24-attribution-v3
BJ-2020-BJ-GAOKAO-Q8,BJ-2020-BJ-GAOKAO-Q8,BJ-2020-BJ-GAOKAO-Q8,BJ-2020-BJ-GAOKAO,8,选择题,,整题,MAYBE,完整题-选择题照收,E3,逐题已匹配参考答案,,不明,2026-09-24-attribution-v3
BJ-2020-BJ-GAOKAO-Q9,BJ-2020-BJ-GAOKAO-Q9,BJ-2020-BJ-GAOKAO-Q9,BJ-2020-BJ-GAOKAO,9,选择题,,整题,MAYBE,完整题-选择题照收,E3,逐题已匹配参考答案,,不明,2026-09-24-attribution-v3
BJ-2020-BJ-GAOKAO-Q11,BJ-2020-BJ-GAOKAO-Q11,BJ-2020-BJ-GAOKAO-Q11,BJ-2020-BJ-GAOKAO,11,选择题,,整题,MAYBE,完整题-选择题照收,E3,逐题已匹配参考答案,,倾向,2026-09-24-attribution-v3
BJ-2020-BJ-GAOKAO-Q13,BJ-2020-BJ-GAOKAO-Q13,BJ-2020-BJ-GAOKAO-Q13,BJ-2020-BJ-GAOKAO,13,选择题,,整题,MAYBE,完整题-选择题照收,E3,逐题已匹配参考答案,,倾向,2026-09-24-attribution-v3
BJ-2020-BJ-GAOKAO-Q14,BJ-2020-BJ-GAOKAO-Q14,BJ-2020-BJ-GAOKAO-Q14,BJ-2020-BJ-GAOKAO,14,选择题,,整题,MAYBE,完整题-选择题照收,E3,逐题已匹配参考答案,,不明,2026-09-24-attribution-v3
BJ-2020-BJ-GAOKAO-Q16#1,BJ-2020-BJ-GAOKAO-Q16,BJ-2020-BJ-GAOKAO-Q16,BJ-2020-BJ-GAOKAO,16,主观题,1,小问,MAYBE,完整题-有E1,E1,逐题已匹配正式评分材料,,不明,2026-09-24-attribution-v3
BJ-2020-BJ-GAOKAO-Q16#2,BJ-2020-BJ-GAOKAO-Q16,BJ-2020-BJ-GAOKAO-Q16,BJ-2020-BJ-GAOKAO,16,主观题,2,小问,MAYBE,完整题-有E1,E1,逐题已匹配正式评分材料,,不明,2026-09-24-attribution-v3
BJ-2020-BJ-GAOKAO-Q18,BJ-2020-BJ-GAOKAO-Q18,BJ-2020-BJ-GAOKAO-Q18,BJ-2020-BJ-GAOKAO,18,主观题,,整题,MAYBE,完整题-有E1,E1,逐题已匹配正式评分材料,,不明,2026-09-24-attribution-v3
BJ-2020-BJ-GAOKAO-Q19#1,BJ-2020-BJ-GAOKAO-Q19,BJ-2020-BJ-GAOKAO-Q19,BJ-2020-BJ-GAOKAO,19,主观题,1,小问,MAYBE,完整题-有E1,E1,逐题已匹配正式评分材料,,不明,2026-09-24-attribution-v3
BJ-2020-BJ-GAOKAO-Q19#2,BJ-2020-BJ-GAOKAO-Q19,BJ-2020-BJ-GAOKAO-Q19,BJ-2020-BJ-GAOKAO,19,主观题,2,小问,MAYBE,完整题-有E1,E1,逐题已匹配正式评分材料,,不明,2026-09-24-attribution-v3
BJ-2020-BJ-GAOKAO-Q21,BJ-2020-BJ-GAOKAO-Q21,BJ-2020-BJ-GAOKAO-Q21,BJ-2020-BJ-GAOKAO,21,主观题,,整题,MAYBE,完整题-有E1,E1,逐题已匹配正式评分材料,,不明,2026-09-24-attribution-v3
BJ-2023-CY-YIMO-Q2,BJ-2023-CY-YIMO-Q2,BJ-2023-CY-YIMO-Q2,BJ-2023-CY-YIMO,2,选择题,,整题,MAYBE,完整题-选择题照收,E3,逐题已匹配参考答案,,不明,2026-09-24-attribution-v3
BJ-2023-CY-YIMO-Q3,BJ-2023-CY-YIMO-Q3,BJ-2023-CY-YIMO-Q3,BJ-2023-CY-YIMO,3,选择题,,整题,MAYBE,完整题-选择题照收,E3,逐题已匹配参考答案,,不明,2026-09-24-attribution-v3
BJ-2023-CY-YIMO-Q4,BJ-2023-CY-YIMO-Q4,BJ-2023-CY-YIMO-Q4,BJ-2023-CY-YIMO,4,选择题,,整题,MAYBE,完整题-选择题照收,E3,逐题已匹配参考答案,,不明,2026-09-24-attribution-v3
BJ-2023-CY-YIMO-Q5,BJ-2023-CY-YIMO-Q5,BJ-2023-CY-YIMO-Q5,BJ-2023-CY-YIMO,5,选择题,,整题,MAYBE,完整题-选择题照收,E3,逐题已匹配参考答案,,不明,2026-09-24-attribution-v3
BJ-2023-CY-YIMO-Q6,BJ-2023-CY-YIMO-Q6,BJ-2023-CY-YIMO-Q6,BJ-2023-CY-YIMO,6,选择题,,整题,MAYBE,完整题-选择题照收,E3,逐题已匹配参考答案,,不明,2026-09-24-attribution-v3
BJ-2023-CY-YIMO-Q7,BJ-2023-CY-YIMO-Q7,BJ-2023-CY-YIMO-Q7,BJ-2023-CY-YIMO,7,选择题,,整题,MAYBE,完整题-选择题照收,E3,逐题已匹配参考答案,,不明,2026-09-24-attribution-v3
BJ-2023-CY-YIMO-Q9,BJ-2023-CY-YIMO-Q9,BJ-2023-CY-YIMO-Q9,BJ-2023-CY-YIMO,9,选择题,,整题,IN,完整题-选择题照收,E3,逐题已匹配参考答案,,不明,2026-09-24-attribution-v3
BJ-2023-CY-YIMO-Q12,BJ-2023-CY-YIMO-Q12,BJ-2023-CY-YIMO-Q12,BJ-2023-CY-YIMO,12,选择题,,整题,MAYBE,完整题-选择题照收,E3,逐题已匹配参考答案,,不明,2026-09-24-attribution-v3
BJ-2023-CY-YIMO-Q13,BJ-2023-CY-YIMO-Q13,BJ-2023-CY-YIMO-Q13,BJ-2023-CY-YIMO,13,选择题,,整题,MAYBE,完整题-选择题照收,E3,逐题已匹配参考答案,,不明,2026-09-24-attribution-v3
BJ-2023-CY-YIMO-Q14,BJ-2023-CY-YIMO-Q14,BJ-2023-CY-YIMO-Q14,BJ-2023-CY-YIMO,14,选择题,,整题,IN,完整题-选择题照收,E3,逐题已匹配参考答案,,不明,2026-09-24-attribution-v3
BJ-2023-CY-YIMO-Q17,BJ-2023-CY-YIMO-Q17,BJ-2023-CY-YIMO-Q17,BJ-2023-CY-YIMO,17,主观题,,整题,MAYBE,不收-无E1,E3,逐题已匹配参考答案,,不明,2026-09-24-attribution-v3
BJ-2023-CY-YIMO-Q18,BJ-2023-CY-YIMO-Q18,BJ-2023-CY-YIMO-Q18,BJ-2023-CY-YIMO,18,主观题,,整题,MAYBE,不收-无E1,E3,逐题已匹配参考答案,,不明,2026-09-24-attribution-v3
BJ-2023-CY-YIMO-Q19#1,BJ-2023-CY-YIMO-Q19,BJ-2023-CY-YIMO-Q19,BJ-2023-CY-YIMO,19,主观题,1,小问,MAYBE,不收-无E1,E3,逐题已匹配参考答案,,不明,2026-09-24-attribution-v3
BJ-2023-CY-YIMO-Q19#2,BJ-2023-CY-YIMO-Q19,BJ-2023-CY-YIMO-Q19,BJ-2023-CY-YIMO,19,主观题,2,小问,MAYBE,不收-无E1,E3,逐题已匹配参考答案,,倾向,2026-09-24-attribution-v3
BJ-2023-CY-YIMO-Q21,BJ-2023-CY-YIMO-Q21,BJ-2023-CY-YIMO-Q21,BJ-2023-CY-YIMO,21,主观题,,整题,MAYBE,不收-无E1,E3,逐题已匹配参考答案,,不明,2026-09-24-attribution-v3
BJ-2024-CY-YIMO-Q2,BJ-2024-CY-YIMO-Q2,BJ-2024-CY-YIMO-Q2,BJ-2024-CY-YIMO,2,选择题,,整题,MAYBE,完整题-选择题照收,E3,逐题已匹配参考答案,,不明,2026-09-24-attribution-v3
BJ-2024-CY-YIMO-Q3,BJ-2024-CY-YIMO-Q3,BJ-2024-CY-YIMO-Q3,BJ-2024-CY-YIMO,3,选择题,,整题,MAYBE,完整题-选择题照收,E3,逐题已匹配参考答案,,不明,2026-09-24-attribution-v3
BJ-2024-CY-YIMO-Q5,BJ-2024-CY-YIMO-Q5,BJ-2024-CY-YIMO-Q5,BJ-2024-CY-YIMO,5,选择题,,整题,MAYBE,完整题-选择题照收,E3,逐题已匹配参考答案,,不明,2026-09-24-attribution-v3
BJ-2024-CY-YIMO-Q7,BJ-2024-CY-YIMO-Q7,BJ-2024-CY-YIMO-Q7,BJ-2024-CY-YIMO,7,选择题,,整题,MAYBE,完整题-选择题照收,E3,逐题已匹配参考答案,,不明,2026-09-24-attribution-v3
BJ-2024-CY-YIMO-Q12,BJ-2024-CY-YIMO-Q12,BJ-2024-CY-YIMO-Q12,BJ-2024-CY-YIMO,12,选择题,,整题,MAYBE,完整题-选择题照收,E3,逐题已匹配参考答案,,不明,2026-09-24-attribution-v3
BJ-2024-CY-YIMO-Q13,BJ-2024-CY-YIMO-Q13,BJ-2024-CY-YIMO-Q13,BJ-2024-CY-YIMO,13,选择题,,整题,MAYBE,完整题-选择题照收,E3,逐题已匹配参考答案,,倾向,2026-09-24-attribution-v3
BJ-2024-CY-YIMO-Q14,BJ-2024-CY-YIMO-Q14,BJ-2024-CY-YIMO-Q14,BJ-2024-CY-YIMO,14,选择题,,整题,MAYBE,完整题-选择题照收,E3,逐题已匹配参考答案,,不明,2026-09-24-attribution-v3
BJ-2024-CY-YIMO-Q16,BJ-2024-CY-YIMO-Q16,BJ-2024-CY-YIMO-Q16,BJ-2024-CY-YIMO,16,主观题,,整题,MAYBE,完整题-有E1,E1,逐题已匹配正式评分材料,,不明,2026-09-24-attribution-v3
BJ-2023-DC-ERMO-Q2,BJ-2023-DC-ERMO-Q2,BJ-2023-DC-ERMO-Q2,BJ-2023-DC-ERMO,2,选择题,,整题,MAYBE,完整题-选择题照收,E3,逐题已匹配参考答案,,不明,2026-09-24-attribution-v3
BJ-2023-DC-ERMO-Q3,BJ-2023-DC-ERMO-Q3,BJ-2023-DC-ERMO-Q3,BJ-2023-DC-ERMO,3,选择题,,整题,MAYBE,完整题-选择题照收,E3,逐题已匹配参考答案,,不明,2026-09-24-attribution-v3
BJ-2023-DC-ERMO-Q4,BJ-2023-DC-ERMO-Q4,BJ-2023-DC-ERMO-Q4,BJ-2023-DC-ERMO,4,选择题,,整题,MAYBE,完整题-选择题照收,E3,逐题已匹配参考答案,,不明,2026-09-24-attribution-v3
BJ-2023-DC-ERMO-Q5,BJ-2023-DC-ERMO-Q5,BJ-2023-DC-ERMO-Q5,BJ-2023-DC-ERMO,5,选择题,,整题,MAYBE,完整题-选择题照收,E3,逐题已匹配参考答案,,不明,2026-09-24-attribution-v3
BJ-2023-DC-ERMO-Q6,BJ-2023-DC-ERMO-Q6,BJ-2023-DC-ERMO-Q6,BJ-2023-DC-ERMO,6,选择题,,整题,MAYBE,完整题-选择题照收,E3,逐题已匹配参考答案,,不明,2026-09-24-attribution-v3
BJ-2023-DC-ERMO-Q7,BJ-2023-DC-ERMO-Q7,BJ-2023-DC-ERMO-Q7,BJ-2023-DC-ERMO,7,选择题,,整题,MAYBE,完整题-选择题照收,E3,逐题已匹配参考答案,,不明,2026-09-24-attribution-v3
BJ-2023-DC-ERMO-Q12,BJ-2023-DC-ERMO-Q12,BJ-2023-DC-ERMO-Q12,BJ-2023-DC-ERMO,12,选择题,,整题,MAYBE,完整题-选择题照收,E3,逐题已匹配参考答案,,倾向,2026-09-24-attribution-v3
BJ-2023-DC-ERMO-Q13,BJ-2023-DC-ERMO-Q13,BJ-2023-DC-ERMO-Q13,BJ-2023-DC-ERMO,13,选择题,,整题,MAYBE,完整题-选择题照收,E3,逐题已匹配参考答案,,不明,2026-09-24-attribution-v3
BJ-2023-DC-ERMO-Q14,BJ-2023-DC-ERMO-Q14,BJ-2023-DC-ERMO-Q14,BJ-2023-DC-ERMO,14,选择题,,整题,MAYBE,完整题-选择题照收,E3,逐题已匹配参考答案,,不明,2026-09-24-attribution-v3
BJ-2023-DC-ERMO-Q15,BJ-2023-DC-ERMO-Q15,BJ-2023-DC-ERMO-Q15,BJ-2023-DC-ERMO,15,选择题,,整题,IN,完整题-选择题照收,E3,逐题已匹配参考答案,,不明,2026-09-24-attribution-v3
BJ-2023-DC-ERMO-Q16,BJ-2023-DC-ERMO-Q16,BJ-2023-DC-ERMO-Q16,BJ-2023-DC-ERMO,16,主观题,,整题,MAYBE,完整题-有E1,E1,逐题已匹配正式评分材料,,倾向,2026-09-24-attribution-v3
BJ-2023-DC-ERMO-Q17,BJ-2023-DC-ERMO-Q17,BJ-2023-DC-ERMO-Q17,BJ-2023-DC-ERMO,17,主观题,,整题,MAYBE,不收-无E1,E3,逐题已匹配参考答案,,不明,2026-09-24-attribution-v3
BJ-2023-DC-ERMO-Q18#2,BJ-2023-DC-ERMO-Q18,BJ-2023-DC-ERMO-Q18,BJ-2023-DC-ERMO,18,主观题,2,小问,MAYBE,不收-无E1,E3,逐题已匹配参考答案,,不明,2026-09-24-attribution-v3
BJ-2023-DC-ERMO-Q21,BJ-2023-DC-ERMO-Q21,BJ-2023-DC-ERMO-Q21,BJ-2023-DC-ERMO,21,主观题,,整题,MAYBE,完整题-有E1,E1,逐题已匹配正式评分材料,,不明,2026-09-24-attribution-v3
BJ-2023-BJ-GAOKAO-Q3,BJ-2023-BJ-GAOKAO-Q3,BJ-2023-BJ-GAOKAO-Q3,BJ-2023-BJ-GAOKAO,3,选择题,,整题,MAYBE,完整题-选择题照收,E3,逐题已匹配参考答案,,不明,2026-09-24-attribution-v3
BJ-2023-BJ-GAOKAO-Q5,BJ-2023-BJ-GAOKAO-Q5,BJ-2023-BJ-GAOKAO-Q5,BJ-2023-BJ-GAOKAO,5,选择题,,整题,MAYBE,完整题-选择题照收,E3,逐题已匹配参考答案,,不明,2026-09-24-attribution-v3
BJ-2023-BJ-GAOKAO-Q6,BJ-2023-BJ-GAOKAO-Q6,BJ-2023-BJ-GAOKAO-Q6,BJ-2023-BJ-GAOKAO,6,选择题,,整题,MAYBE,完整题-选择题照收,E3,逐题已匹配参考答案,,不明,2026-09-24-attribution-v3
BJ-2023-BJ-GAOKAO-Q8,BJ-2023-BJ-GAOKAO-Q8,BJ-2023-BJ-GAOKAO-Q8,BJ-2023-BJ-GAOKAO,8,选择题,,整题,MAYBE,完整题-选择题照收,E3,逐题已匹配参考答案,,不明,2026-09-24-attribution-v3
BJ-2023-BJ-GAOKAO-Q9,BJ-2023-BJ-GAOKAO-Q9,BJ-2023-BJ-GAOKAO-Q9,BJ-2023-BJ-GAOKAO,9,选择题,,整题,MAYBE,完整题-选择题照收,E3,逐题已匹配参考答案,,不明,2026-09-24-attribution-v3
BJ-2023-BJ-GAOKAO-Q11,BJ-2023-BJ-GAOKAO-Q11,BJ-2023-BJ-GAOKAO-Q11,BJ-2023-BJ-GAOKAO,11,选择题,,整题,MAYBE,完整题-选择题照收,E3,逐题已匹配参考答案,,倾向,2026-09-24-attribution-v3
BJ-2023-BJ-GAOKAO-Q13,BJ-2023-BJ-GAOKAO-Q13,BJ-2023-BJ-GAOKAO-Q13,BJ-2023-BJ-GAOKAO,13,选择题,,整题,MAYBE,完整题-选择题照收,E3,逐题已匹配参考答案,,倾向,2026-09-24-attribution-v3
BJ-2023-BJ-GAOKAO-Q14,BJ-2023-BJ-GAOKAO-Q14,BJ-2023-BJ-GAOKAO-Q14,BJ-2023-BJ-GAOKAO,14,选择题,,整题,MAYBE,完整题-选择题照收,E3,逐题已匹配参考答案,,不明,2026-09-24-attribution-v3
BJ-2023-BJ-GAOKAO-Q16,BJ-2023-BJ-GAOKAO-Q16,BJ-2023-BJ-GAOKAO-Q16,BJ-2023-BJ-GAOKAO,16,主观题,,整题,MAYBE,完整题-有E1,E1,逐题已匹配正式评分材料,,倾向,2026-09-24-attribution-v3
BJ-2023-BJ-GAOKAO-Q17,BJ-2023-BJ-GAOKAO-Q17,BJ-2023-BJ-GAOKAO-Q17,BJ-2023-BJ-GAOKAO,17,主观题,,整题,MAYBE,完整题-有E1,E1,逐题已匹配正式评分材料,,不明,2026-09-24-attribution-v3
BJ-2023-BJ-GAOKAO-Q19#1,BJ-2023-BJ-GAOKAO-Q19,BJ-2023-BJ-GAOKAO-Q19,BJ-2023-BJ-GAOKAO,19,主观题,1,小问,MAYBE,完整题-有E1,E1,逐题已匹配正式评分材料,,倾向,2026-09-24-attribution-v3
BJ-2023-BJ-GAOKAO-Q19#2,BJ-2023-BJ-GAOKAO-Q19,BJ-2023-BJ-GAOKAO-Q19,BJ-2023-BJ-GAOKAO,19,主观题,2,小问,MAYBE,完整题-有E1,E1,逐题已匹配正式评分材料,,倾向,2026-09-24-attribution-v3
BJ-2023-BJ-GAOKAO-Q20,BJ-2023-BJ-GAOKAO-Q20,BJ-2023-BJ-GAOKAO-Q20,BJ-2023-BJ-GAOKAO,20,主观题,,整题,MAYBE,完整题-有E1,E1,逐题已匹配正式评分材料,,不明,2026-09-24-attribution-v3
BJ-2024-CY-ERMO-Q2,BJ-2024-CY-ERMO-Q2,BJ-2024-CY-ERMO-Q2,BJ-2024-CY-ERMO,2,选择题,,整题,MAYBE,完整题-选择题照收,E3,逐题已匹配参考答案,,倾向,2026-09-24-attribution-v3
BJ-2024-CY-ERMO-Q3,BJ-2024-CY-ERMO-Q3,BJ-2024-CY-ERMO-Q3,BJ-2024-CY-ERMO,3,选择题,,整题,MAYBE,完整题-选择题照收,E3,逐题已匹配参考答案,,不明,2026-09-24-attribution-v3
BJ-2024-CY-ERMO-Q4,BJ-2024-CY-ERMO-Q4,BJ-2024-CY-ERMO-Q4,BJ-2024-CY-ERMO,4,选择题,,整题,MAYBE,完整题-选择题照收,E3,逐题已匹配参考答案,,不明,2026-09-24-attribution-v3
BJ-2024-CY-ERMO-Q5,BJ-2024-CY-ERMO-Q5,BJ-2024-CY-ERMO-Q5,BJ-2024-CY-ERMO,5,选择题,,整题,MAYBE,完整题-选择题照收,E3,逐题已匹配参考答案,,不明,2026-09-24-attribution-v3
BJ-2024-CY-ERMO-Q12,BJ-2024-CY-ERMO-Q12,BJ-2024-CY-ERMO-Q12,BJ-2024-CY-ERMO,12,选择题,,整题,MAYBE,完整题-选择题照收,E3,逐题已匹配参考答案,,不明,2026-09-24-attribution-v3
BJ-2024-CY-ERMO-Q13,BJ-2024-CY-ERMO-Q13,BJ-2024-CY-ERMO-Q13,BJ-2024-CY-ERMO,13,选择题,,整题,MAYBE,完整题-选择题照收,E3,逐题已匹配参考答案,,倾向,2026-09-24-attribution-v3
BJ-2024-CY-ERMO-Q14,BJ-2024-CY-ERMO-Q14,BJ-2024-CY-ERMO-Q14,BJ-2024-CY-ERMO,14,选择题,,整题,MAYBE,完整题-选择题照收,E3,逐题已匹配参考答案,,不明,2026-09-24-attribution-v3
BJ-2024-CY-ERMO-Q16#1,BJ-2024-CY-ERMO-Q16,BJ-2024-CY-ERMO-Q16,BJ-2024-CY-ERMO,16,主观题,1,小问,MAYBE,完整题-有E1,E1,逐题已匹配正式评分材料,B1:rubric_unreadable_not_OUT;B3:rubric_unreadable_not_OUT;CU:rubric_unreadable_not_OUT;X1:rubric_unreadable_not_OUT;MI:rubric_unreadable_not_OUT;RE:rubric_unreadable_not_OUT,倾向,2026-09-24-attribution-v3
BJ-2024-CY-ERMO-Q16#2,BJ-2024-CY-ERMO-Q16,BJ-2024-CY-ERMO-Q16,BJ-2024-CY-ERMO,16,主观题,2,小问,MAYBE,完整题-有E1,E1,逐题已匹配正式评分材料,B1:rubric_unreadable_not_OUT;B3:rubric_unreadable_not_OUT;CU:rubric_unreadable_not_OUT;X1:rubric_unreadable_not_OUT;MI:rubric_unreadable_not_OUT;RE:rubric_unreadable_not_OUT,倾向,2026-09-24-attribution-v3
BJ-2024-CY-ERMO-Q17,BJ-2024-CY-ERMO-Q17,BJ-2024-CY-ERMO-Q17,BJ-2024-CY-ERMO,17,主观题,,整题,MAYBE,完整题-有E1,E1,逐题已匹配正式评分材料,,不明,2026-09-24-attribution-v3
BJ-2024-CY-ERMO-Q18,BJ-2024-CY-ERMO-Q18,BJ-2024-CY-ERMO-Q18,BJ-2024-CY-ERMO,18,主观题,,整题,MAYBE,完整题-有E1,E1,逐题已匹配正式评分材料,B1:rubric_unreadable_not_OUT;B2:rubric_unreadable_not_OUT;PH:rubric_unreadable_not_OUT;CU:rubric_unreadable_not_OUT;MI:rubric_unreadable_not_OUT;RE:rubric_unreadable_not_OUT,倾向,2026-09-24-attribution-v3
BJ-2024-CY-ERMO-Q20,BJ-2024-CY-ERMO-Q20,BJ-2024-CY-ERMO-Q20,BJ-2024-CY-ERMO,20,主观题,,整题,MAYBE,完整题-有E1,E1,逐题已匹配正式评分材料,B1:rubric_unreadable_not_OUT;B3:rubric_unreadable_not_OUT;PH:rubric_unreadable_not_OUT;CU:rubric_unreadable_not_OUT;MI:rubric_unreadable_not_OUT;RE:rubric_unreadable_not_OUT,倾向,2026-09-24-attribution-v3
BJ-2022-BJ-GAOKAO-Q3,BJ-2022-BJ-GAOKAO-Q3,BJ-2022-BJ-GAOKAO-Q3,BJ-2022-BJ-GAOKAO,3,选择题,,整题,MAYBE,完整题-选择题照收,E3,逐题已匹配参考答案,,不明,2026-09-24-attribution-v3
BJ-2022-BJ-GAOKAO-Q5,BJ-2022-BJ-GAOKAO-Q5,BJ-2022-BJ-GAOKAO-Q5,BJ-2022-BJ-GAOKAO,5,选择题,,整题,MAYBE,完整题-选择题照收,E3,逐题已匹配参考答案,,不明,2026-09-24-attribution-v3
BJ-2022-BJ-GAOKAO-Q6,BJ-2022-BJ-GAOKAO-Q6,BJ-2022-BJ-GAOKAO-Q6,BJ-2022-BJ-GAOKAO,6,选择题,,整题,MAYBE,完整题-选择题照收,E3,逐题已匹配参考答案,,不明,2026-09-24-attribution-v3
BJ-2022-BJ-GAOKAO-Q7,BJ-2022-BJ-GAOKAO-Q7,BJ-2022-BJ-GAOKAO-Q7,BJ-2022-BJ-GAOKAO,7,选择题,,整题,MAYBE,完整题-选择题照收,E3,逐题已匹配参考答案,,不明,2026-09-24-attribution-v3
BJ-2022-BJ-GAOKAO-Q11,BJ-2022-BJ-GAOKAO-Q11,BJ-2022-BJ-GAOKAO-Q11,BJ-2022-BJ-GAOKAO,11,选择题,,整题,MAYBE,完整题-选择题照收,E3,逐题已匹配参考答案,,倾向,2026-09-24-attribution-v3
BJ-2022-BJ-GAOKAO-Q13,BJ-2022-BJ-GAOKAO-Q13,BJ-2022-BJ-GAOKAO-Q13,BJ-2022-BJ-GAOKAO,13,选择题,,整题,MAYBE,完整题-选择题照收,E3,逐题已匹配参考答案,"关联但不合并(疑似跨卷复用/串题,非duplicate_registration_alias):dup_of=BJ-2024-BJ-GAOKAO-Q13",倾向,2026-09-24-attribution-v3
BJ-2022-BJ-GAOKAO-Q14,BJ-2022-BJ-GAOKAO-Q14,BJ-2022-BJ-GAOKAO-Q14,BJ-2022-BJ-GAOKAO,14,选择题,,整题,MAYBE,完整题-选择题照收,E3,逐题已匹配参考答案,,不明,2026-09-24-attribution-v3
BJ-2022-BJ-GAOKAO-Q16,BJ-2022-BJ-GAOKAO-Q16,BJ-2022-BJ-GAOKAO-Q16,BJ-2022-BJ-GAOKAO,16,主观题,,整题,MAYBE,完整题-有E1,E1,逐题已匹配正式评分材料,,倾向,2026-09-24-attribution-v3
BJ-2022-BJ-GAOKAO-Q17,BJ-2022-BJ-GAOKAO-Q17,BJ-2022-BJ-GAOKAO-Q17,BJ-2022-BJ-GAOKAO,17,主观题,,整题,MAYBE,完整题-有E1,E1,逐题已匹配正式评分材料,,不明,2026-09-24-attribution-v3
BJ-2022-BJ-GAOKAO-Q18#2,BJ-2022-BJ-GAOKAO-Q18,BJ-2022-BJ-GAOKAO-Q18,BJ-2022-BJ-GAOKAO,18,主观题,2,小问,MAYBE,完整题-有E1,E1,逐题已匹配正式评分材料,,不明,2026-09-24-attribution-v3
BJ-2022-BJ-GAOKAO-Q19#1,BJ-2022-BJ-GAOKAO-Q19,BJ-2022-BJ-GAOKAO-Q19,BJ-2022-BJ-GAOKAO,19,主观题,1,小问,MAYBE,完整题-有E1,E1,逐题已匹配正式评分材料,,不明,2026-09-24-attribution-v3
BJ-2022-BJ-GAOKAO-Q19#2,BJ-2022-BJ-GAOKAO-Q19,BJ-2022-BJ-GAOKAO-Q19,BJ-2022-BJ-GAOKAO,19,主观题,2,小问,MAYBE,完整题-有E1,E1,逐题已匹配正式评分材料,,不明,2026-09-24-attribution-v3
BJ-2022-BJ-GAOKAO-Q20,BJ-2022-BJ-GAOKAO-Q20,BJ-2022-BJ-GAOKAO-Q20,BJ-2022-BJ-GAOKAO,20,主观题,,整题,MAYBE,完整题-有E1,E1,逐题已匹配正式评分材料,,不明,2026-09-24-attribution-v3
BJ-2022-BJ-GAOKAO-Q21,BJ-2022-BJ-GAOKAO-Q21,BJ-2022-BJ-GAOKAO-Q21,BJ-2022-BJ-GAOKAO,21,主观题,,整题,MAYBE,完整题-有E1,E1,逐题已匹配正式评分材料,,不明,2026-09-24-attribution-v3
BJ-2025-DC-ERMO-Q2,BJ-2025-DC-ERMO-Q2,BJ-2025-DC-ERMO-Q2,BJ-2025-DC-ERMO,2,选择题,,整题,MAYBE,完整题-选择题照收,E3,逐题已匹配参考答案,,倾向,2026-09-24-attribution-v3
BJ-2025-DC-ERMO-Q3,BJ-2025-DC-ERMO-Q3,BJ-2025-DC-ERMO-Q3,BJ-2025-DC-ERMO,3,选择题,,整题,MAYBE,完整题-选择题照收,E3,逐题已匹配参考答案,,不明,2026-09-24-attribution-v3
BJ-2025-DC-ERMO-Q4,BJ-2025-DC-ERMO-Q4,BJ-2025-DC-ERMO-Q4,BJ-2025-DC-ERMO,4,选择题,,整题,MAYBE,完整题-选择题照收,E3,逐题已匹配参考答案,,不明,2026-09-24-attribution-v3
BJ-2025-DC-ERMO-Q5,BJ-2025-DC-ERMO-Q5,BJ-2025-DC-ERMO-Q5,BJ-2025-DC-ERMO,5,选择题,,整题,MAYBE,完整题-选择题照收,E3,逐题已匹配参考答案,,不明,2026-09-24-attribution-v3
BJ-2025-DC-ERMO-Q6,BJ-2025-DC-ERMO-Q6,BJ-2025-DC-ERMO-Q6,BJ-2025-DC-ERMO,6,选择题,,整题,MAYBE,完整题-选择题照收,E3,逐题已匹配参考答案,,不明,2026-09-24-attribution-v3
BJ-2025-DC-ERMO-Q7,BJ-2025-DC-ERMO-Q7,BJ-2025-DC-ERMO-Q7,BJ-2025-DC-ERMO,7,选择题,,整题,MAYBE,完整题-选择题照收,E3,逐题已匹配参考答案,,不明,2026-09-24-attribution-v3
BJ-2025-DC-ERMO-Q12,BJ-2025-DC-ERMO-Q12,BJ-2025-DC-ERMO-Q12,BJ-2025-DC-ERMO,12,选择题,,整题,MAYBE,完整题-选择题照收,E3,逐题已匹配参考答案,,不明,2026-09-24-attribution-v3
BJ-2025-DC-ERMO-Q13,BJ-2025-DC-ERMO-Q13,BJ-2025-DC-ERMO-Q13,BJ-2025-DC-ERMO,13,选择题,,整题,MAYBE,完整题-选择题照收,E3,逐题已匹配参考答案,,倾向,2026-09-24-attribution-v3
BJ-2025-DC-ERMO-Q16,BJ-2025-DC-ERMO-Q16,BJ-2025-DC-ERMO-Q16,BJ-2025-DC-ERMO,16,主观题,,整题,MAYBE,完整题-有E1,E1,逐题已匹配正式评分材料,,不明,2026-09-24-attribution-v3
BJ-2025-DC-ERMO-Q17,BJ-2025-DC-ERMO-Q17,BJ-2025-DC-ERMO-Q17,BJ-2025-DC-ERMO,17,主观题,,整题,MAYBE,完整题-有E1,E1,逐题已匹配正式评分材料,,不明,2026-09-24-attribution-v3
BJ-2025-DC-ERMO-Q19,BJ-2025-DC-ERMO-Q19,BJ-2025-DC-ERMO-Q19,BJ-2025-DC-ERMO,19,主观题,,整题,MAYBE,完整题-有E1,E1,逐题已匹配正式评分材料,,倾向,2026-09-24-attribution-v3
BJ-2025-DC-ERMO-Q20,BJ-2025-DC-ERMO-Q20,BJ-2025-DC-ERMO-Q20,BJ-2025-DC-ERMO,20,主观题,,整题,MAYBE,完整题-有E1,E1,逐题已匹配正式评分材料,,倾向,2026-09-24-attribution-v3
BJ-2025-DC-ERMO-Q21,BJ-2025-DC-ERMO-Q21,BJ-2025-DC-ERMO-Q21,BJ-2025-DC-ERMO,21,主观题,,整题,MAYBE,完整题-有E1,E1,逐题已匹配正式评分材料,,不明,2026-09-24-attribution-v3
BJ-2023-CY-ERMO-Q2,BJ-2023-CY-ERMO-Q2,BJ-2023-CY-ERMO-Q2,BJ-2023-CY-ERMO,2,选择题,,整题,MAYBE,完整题-选择题照收,E3,逐题已匹配参考答案,,不明,2026-09-24-attribution-v3
BJ-2023-CY-ERMO-Q3,BJ-2023-CY-ERMO-Q3,BJ-2023-CY-ERMO-Q3,BJ-2023-CY-ERMO,3,选择题,,整题,MAYBE,完整题-选择题照收,E3,逐题已匹配参考答案,,不明,2026-09-24-attribution-v3
BJ-2023-CY-ERMO-Q4,BJ-2023-CY-ERMO-Q4,BJ-2023-CY-ERMO-Q4,BJ-2023-CY-ERMO,4,选择题,,整题,MAYBE,完整题-选择题照收,E3,逐题已匹配参考答案,,不明,2026-09-24-attribution-v3
BJ-2023-CY-ERMO-Q5,BJ-2023-CY-ERMO-Q5,BJ-2023-CY-ERMO-Q5,BJ-2023-CY-ERMO,5,选择题,,整题,MAYBE,完整题-选择题照收,E3,逐题已匹配参考答案,,不明,2026-09-24-attribution-v3
BJ-2023-CY-ERMO-Q6,BJ-2023-CY-ERMO-Q6,BJ-2023-CY-ERMO-Q6,BJ-2023-CY-ERMO,6,选择题,,整题,MAYBE,完整题-选择题照收,E3,逐题已匹配参考答案,,不明,2026-09-24-attribution-v3
BJ-2023-CY-ERMO-Q7,BJ-2023-CY-ERMO-Q7,BJ-2023-CY-ERMO-Q7,BJ-2023-CY-ERMO,7,选择题,,整题,MAYBE,完整题-选择题照收,E3,逐题已匹配参考答案,,不明,2026-09-24-attribution-v3
BJ-2023-CY-ERMO-Q8,BJ-2023-CY-ERMO-Q8,BJ-2023-CY-ERMO-Q8,BJ-2023-CY-ERMO,8,选择题,,整题,IN,完整题-选择题照收,E3,逐题已匹配参考答案,,倾向,2026-09-24-attribution-v3
BJ-2023-CY-ERMO-Q12,BJ-2023-CY-ERMO-Q12,BJ-2023-CY-ERMO-Q12,BJ-2023-CY-ERMO,12,选择题,,整题,MAYBE,完整题-选择题照收,E3,逐题已匹配参考答案,,不明,2026-09-24-attribution-v3
BJ-2023-CY-ERMO-Q13,BJ-2023-CY-ERMO-Q13,BJ-2023-CY-ERMO-Q13,BJ-2023-CY-ERMO,13,选择题,,整题,MAYBE,完整题-选择题照收,E3,逐题已匹配参考答案,,不明,2026-09-24-attribution-v3
BJ-2023-CY-ERMO-Q14,BJ-2023-CY-ERMO-Q14,BJ-2023-CY-ERMO-Q14,BJ-2023-CY-ERMO,14,选择题,,整题,MAYBE,完整题-选择题照收,E3,逐题已匹配参考答案,,不明,2026-09-24-attribution-v3
BJ-2023-CY-ERMO-Q16#1,BJ-2023-CY-ERMO-Q16,BJ-2023-CY-ERMO-Q16,BJ-2023-CY-ERMO,16,主观题,1,小问,MAYBE,不收-无E1,E3,逐题已匹配参考答案,,倾向,2026-09-24-attribution-v3
BJ-2023-CY-ERMO-Q16#2,BJ-2023-CY-ERMO-Q16,BJ-2023-CY-ERMO-Q16,BJ-2023-CY-ERMO,16,主观题,2,小问,MAYBE,不收-无E1,E3,逐题已匹配参考答案,,不明,2026-09-24-attribution-v3
BJ-2023-CY-ERMO-Q17,BJ-2023-CY-ERMO-Q17,BJ-2023-CY-ERMO-Q17,BJ-2023-CY-ERMO,17,主观题,,整题,MAYBE,不收-无E1,E3,逐题已匹配参考答案,,倾向,2026-09-24-attribution-v3
BJ-2023-CY-ERMO-Q18,BJ-2023-CY-ERMO-Q18,BJ-2023-CY-ERMO-Q18,BJ-2023-CY-ERMO,18,主观题,,整题,MAYBE,不收-无E1,E3,逐题已匹配参考答案,,不明,2026-09-24-attribution-v3
BJ-2023-CY-ERMO-Q21,BJ-2023-CY-ERMO-Q21,BJ-2023-CY-ERMO-Q21,BJ-2023-CY-ERMO,21,主观题,,整题,MAYBE,不收-无E1,E3,逐题已匹配参考答案,B2:rubric_unreadable_not_OUT;PH:rubric_unreadable_not_OUT;RE:rubric_unreadable_not_OUT,不明,2026-09-24-attribution-v3
BJ-2021-BJ-GAOKAO-Q3,BJ-2021-BJ-GAOKAO-Q3,BJ-2021-BJ-GAOKAO-Q3,BJ-2021-BJ-GAOKAO,3,选择题,,整题,MAYBE,完整题-选择题照收,E3,逐题已匹配参考答案,,不明,2026-09-24-attribution-v3
BJ-2021-BJ-GAOKAO-Q5,BJ-2021-BJ-GAOKAO-Q5,BJ-2021-BJ-GAOKAO-Q5,BJ-2021-BJ-GAOKAO,5,选择题,,整题,MAYBE,完整题-选择题照收,E3,逐题已匹配参考答案,,不明,2026-09-24-attribution-v3
BJ-2021-BJ-GAOKAO-Q6,BJ-2021-BJ-GAOKAO-Q6,BJ-2021-BJ-GAOKAO-Q6,BJ-2021-BJ-GAOKAO,6,选择题,,整题,MAYBE,完整题-选择题照收,E3,逐题已匹配参考答案,,不明,2026-09-24-attribution-v3
BJ-2021-BJ-GAOKAO-Q7,BJ-2021-BJ-GAOKAO-Q7,BJ-2021-BJ-GAOKAO-Q7,BJ-2021-BJ-GAOKAO,7,选择题,,整题,MAYBE,完整题-选择题照收,E3,逐题已匹配参考答案,,不明,2026-09-24-attribution-v3
BJ-2021-BJ-GAOKAO-Q8,BJ-2021-BJ-GAOKAO-Q8,BJ-2021-BJ-GAOKAO-Q8,BJ-2021-BJ-GAOKAO,8,选择题,,整题,MAYBE,完整题-选择题照收,E3,逐题已匹配参考答案,,不明,2026-09-24-attribution-v3
BJ-2021-BJ-GAOKAO-Q9,BJ-2021-BJ-GAOKAO-Q9,BJ-2021-BJ-GAOKAO-Q9,BJ-2021-BJ-GAOKAO,9,选择题,,整题,MAYBE,完整题-选择题照收,E3,逐题已匹配参考答案,,倾向,2026-09-24-attribution-v3
BJ-2021-BJ-GAOKAO-Q11,BJ-2021-BJ-GAOKAO-Q11,BJ-2021-BJ-GAOKAO-Q11,BJ-2021-BJ-GAOKAO,11,选择题,,整题,MAYBE,完整题-选择题照收,E3,逐题已匹配参考答案,,倾向,2026-09-24-attribution-v3
BJ-2021-BJ-GAOKAO-Q13,BJ-2021-BJ-GAOKAO-Q13,BJ-2021-BJ-GAOKAO-Q13,BJ-2021-BJ-GAOKAO,13,选择题,,整题,MAYBE,完整题-选择题照收,E3,逐题已匹配参考答案,,倾向,2026-09-24-attribution-v3
BJ-2021-BJ-GAOKAO-Q14,BJ-2021-BJ-GAOKAO-Q14,BJ-2021-BJ-GAOKAO-Q14,BJ-2021-BJ-GAOKAO,14,选择题,,整题,MAYBE,完整题-选择题照收,E3,逐题已匹配参考答案,,倾向,2026-09-24-attribution-v3
BJ-2021-BJ-GAOKAO-Q16,BJ-2021-BJ-GAOKAO-Q16,BJ-2021-BJ-GAOKAO-Q16,BJ-2021-BJ-GAOKAO,16,主观题,,整题,MAYBE,完整题-有E1,E1,逐题已匹配正式评分材料,,倾向,2026-09-24-attribution-v3
BJ-2021-BJ-GAOKAO-Q17,BJ-2021-BJ-GAOKAO-Q17,BJ-2021-BJ-GAOKAO-Q17,BJ-2021-BJ-GAOKAO,17,主观题,,整题,MAYBE,完整题-有E1,E1,逐题已匹配正式评分材料,,不明,2026-09-24-attribution-v3
BJ-2021-BJ-GAOKAO-Q18,BJ-2021-BJ-GAOKAO-Q18,BJ-2021-BJ-GAOKAO-Q18,BJ-2021-BJ-GAOKAO,18,主观题,,整题,MAYBE,完整题-有E1,E1,逐题已匹配正式评分材料,,不明,2026-09-24-attribution-v3
BJ-2021-BJ-GAOKAO-Q19,BJ-2021-BJ-GAOKAO-Q19,BJ-2021-BJ-GAOKAO-Q19,BJ-2021-BJ-GAOKAO,19,主观题,,整题,MAYBE,完整题-有E1,E1,逐题已匹配正式评分材料,,倾向,2026-09-24-attribution-v3
BJ-2021-BJ-GAOKAO-Q20#1,BJ-2021-BJ-GAOKAO-Q20,BJ-2021-BJ-GAOKAO-Q20,BJ-2021-BJ-GAOKAO,20,主观题,1,小问,MAYBE,完整题-有E1,E1,逐题已匹配正式评分材料,,倾向,2026-09-24-attribution-v3
BJ-2021-BJ-GAOKAO-Q20#2,BJ-2021-BJ-GAOKAO-Q20,BJ-2021-BJ-GAOKAO-Q20,BJ-2021-BJ-GAOKAO,20,主观题,2,小问,MAYBE,完整题-有E1,E1,逐题已匹配正式评分材料,,倾向,2026-09-24-attribution-v3
BJ-2021-BJ-GAOKAO-Q21#1,BJ-2021-BJ-GAOKAO-Q21,BJ-2021-BJ-GAOKAO-Q21,BJ-2021-BJ-GAOKAO,21,主观题,1,小问,MAYBE,完整题-有E1,E1,逐题已匹配正式评分材料,,不明,2026-09-24-attribution-v3
BJ-2021-BJ-GAOKAO-Q21#2,BJ-2021-BJ-GAOKAO-Q21,BJ-2021-BJ-GAOKAO-Q21,BJ-2021-BJ-GAOKAO,21,主观题,2,小问,MAYBE,完整题-有E1,E1,逐题已匹配正式评分材料,,不明,2026-09-24-attribution-v3
BJ-2024-HD-QIZHONG-Q5,BJ-2024-HD-QIZHONG-Q5,BJ-2024-HD-QIZHONG-Q5,BJ-2024-HD-QIZHONG,5,选择题,,整题,MAYBE,完整题-选择题照收,缺答案键-已核实,"题库rubric_links.csv对该题有明确负例记录(已检查,本题不适用)",identity:dup_alias_qid_pairs合并(pair=BJ-2025-HD-QIZHONG-Q5),不明,2026-09-24-attribution-v3
BJ-2024-HD-QIZHONG-Q6,BJ-2024-HD-QIZHONG-Q6,BJ-2024-HD-QIZHONG-Q6,BJ-2024-HD-QIZHONG,6,选择题,,整题,MAYBE,完整题-选择题照收,缺答案键-已核实,"题库rubric_links.csv对该题有明确负例记录(已检查,本题不适用)",identity:dup_alias_qid_pairs合并(pair=BJ-2025-HD-QIZHONG-Q6),不明,2026-09-24-attribution-v3
BJ-2024-HD-QIZHONG-Q7,BJ-2024-HD-QIZHONG-Q7,BJ-2024-HD-QIZHONG-Q7,BJ-2024-HD-QIZHONG,7,选择题,,整题,MAYBE,完整题-选择题照收,缺答案键-已核实,"题库rubric_links.csv对该题有明确负例记录(已检查,本题不适用)",identity:dup_alias_qid_pairs合并(pair=BJ-2025-HD-QIZHONG-Q7),不明,2026-09-24-attribution-v3
BJ-2024-HD-QIZHONG-Q8,BJ-2024-HD-QIZHONG-Q8,BJ-2024-HD-QIZHONG-Q8,BJ-2024-HD-QIZHONG,8,选择题,,整题,MAYBE,完整题-选择题照收,缺答案键-已核实,"题库rubric_links.csv对该题有明确负例记录(已检查,本题不适用)",identity:dup_alias_qid_pairs合并(pair=BJ-2025-HD-QIZHONG-Q8),不明,2026-09-24-attribution-v3
BJ-2024-HD-QIZHONG-Q9,BJ-2024-HD-QIZHONG-Q9,BJ-2024-HD-QIZHONG-Q9,BJ-2024-HD-QIZHONG,9,选择题,,整题,MAYBE,完整题-选择题照收,缺答案键-已核实,"题库rubric_links.csv对该题有明确负例记录(已检查,本题不适用)",identity:dup_alias_qid_pairs合并(pair=BJ-2025-HD-QIZHONG-Q9),不明,2026-09-24-attribution-v3
BJ-2024-HD-QIZHONG-Q10,BJ-2024-HD-QIZHONG-Q10,BJ-2024-HD-QIZHONG-Q10,BJ-2024-HD-QIZHONG,10,选择题,,整题,MAYBE,完整题-选择题照收,缺答案键-已核实,"题库rubric_links.csv对该题有明确负例记录(已检查,本题不适用)",identity:dup_alias_qid_pairs合并(pair=BJ-2025-HD-QIZHONG-Q10),倾向,2026-09-24-attribution-v3
BJ-2024-HD-QIZHONG-Q11,BJ-2024-HD-QIZHONG-Q11,BJ-2024-HD-QIZHONG-Q11,BJ-2024-HD-QIZHONG,11,选择题,,整题,MAYBE,完整题-选择题照收,缺答案键-已核实,"题库rubric_links.csv对该题有明确负例记录(已检查,本题不适用)",identity:dup_alias_qid_pairs合并(pair=BJ-2025-HD-QIZHONG-Q11),倾向,2026-09-24-attribution-v3
BJ-2024-HD-QIZHONG-Q12,BJ-2024-HD-QIZHONG-Q12,BJ-2024-HD-QIZHONG-Q12,BJ-2024-HD-QIZHONG,12,选择题,,整题,MAYBE,完整题-选择题照收,缺答案键-已核实,"题库rubric_links.csv对该题有明确负例记录(已检查,本题不适用)",identity:dup_alias_qid_pairs合并(pair=BJ-2025-HD-QIZHONG-Q12),不明,2026-09-24-attribution-v3
BJ-2024-HD-QIZHONG-Q13,BJ-2024-HD-QIZHONG-Q13,BJ-2024-HD-QIZHONG-Q13,BJ-2024-HD-QIZHONG,13,选择题,,整题,MAYBE,完整题-选择题照收,缺答案键-已核实,"题库rubric_links.csv对该题有明确负例记录(已检查,本题不适用)",identity:dup_alias_qid_pairs合并(pair=BJ-2025-HD-QIZHONG-Q13),倾向,2026-09-24-attribution-v3
BJ-2024-HD-QIZHONG-Q14,BJ-2024-HD-QIZHONG-Q14,BJ-2024-HD-QIZHONG-Q14,BJ-2024-HD-QIZHONG,14,选择题,,整题,MAYBE,完整题-选择题照收,缺答案键-已核实,"题库rubric_links.csv对该题有明确负例记录(已检查,本题不适用)",identity:dup_alias_qid_pairs合并(pair=BJ-2025-HD-QIZHONG-Q14),倾向,2026-09-24-attribution-v3
BJ-2024-HD-QIZHONG-Q15,BJ-2024-HD-QIZHONG-Q15,BJ-2024-HD-QIZHONG-Q15,BJ-2024-HD-QIZHONG,15,选择题,,整题,MAYBE,完整题-选择题照收,缺答案键-已核实,"题库rubric_links.csv对该题有明确负例记录(已检查,本题不适用)",identity:dup_alias_qid_pairs合并(pair=BJ-2025-HD-QIZHONG-Q15),倾向,2026-09-24-attribution-v3
BJ-2024-HD-QIZHONG-Q16#1,BJ-2024-HD-QIZHONG-Q16,BJ-2024-HD-QIZHONG-Q16,BJ-2024-HD-QIZHONG,16,主观题,1,小问,MAYBE,完整题-有E1,E1,逐题已匹配正式评分材料,identity:dup_alias_qid_pairs合并(pair=BJ-2025-HD-QIZHONG-Q25),不明,2026-09-24-attribution-v3
BJ-2024-HD-QIZHONG-Q16#2,BJ-2024-HD-QIZHONG-Q16,BJ-2024-HD-QIZHONG-Q16,BJ-2024-HD-QIZHONG,16,主观题,2,小问,MAYBE,完整题-有E1,E1,逐题已匹配正式评分材料,identity:dup_alias_qid_pairs合并(pair=BJ-2025-HD-QIZHONG-Q25),不明,2026-09-24-attribution-v3
BJ-2024-HD-QIZHONG-Q21#1,BJ-2024-HD-QIZHONG-Q21,BJ-2024-HD-QIZHONG-Q21,BJ-2024-HD-QIZHONG,21,主观题,1,小问,MAYBE,完整题-有E1,E1,逐题已匹配正式评分材料,identity:dup_alias_qid_pairs合并(pair=BJ-2025-HD-QIZHONG-Q21),倾向,2026-09-24-attribution-v3
BJ-2024-HD-QIZHONG-Q21#2,BJ-2024-HD-QIZHONG-Q21,BJ-2024-HD-QIZHONG-Q21,BJ-2024-HD-QIZHONG,21,主观题,2,小问,MAYBE,完整题-有E1,E1,逐题已匹配正式评分材料,identity:dup_alias_qid_pairs合并(pair=BJ-2025-HD-QIZHONG-Q21),倾向,2026-09-24-attribution-v3
BJ-2026-CY-QIMO-Q2,BJ-2026-CY-QIMO-Q2,BJ-2026-CY-QIMO-Q2,BJ-2026-CY-QIMO,2,选择题,,整题,MAYBE,完整题-选择题照收,缺答案键-已核实,"题库rubric_links.csv对该题有明确负例记录(已检查,本题不适用)",,不明,2026-09-24-attribution-v3
BJ-2026-CY-QIMO-Q7,BJ-2026-CY-QIMO-Q7,BJ-2026-CY-QIMO-Q7,BJ-2026-CY-QIMO,7,选择题,,整题,MAYBE,完整题-选择题照收,缺答案键-已核实,"题库rubric_links.csv对该题有明确负例记录(已检查,本题不适用)",,不明,2026-09-24-attribution-v3
BJ-2026-CY-QIMO-Q8,BJ-2026-CY-QIMO-Q8,BJ-2026-CY-QIMO-Q8,BJ-2026-CY-QIMO,8,选择题,,整题,MAYBE,完整题-选择题照收,缺答案键-已核实,"题库rubric_links.csv对该题有明确负例记录(已检查,本题不适用)",,不明,2026-09-24-attribution-v3
BJ-2026-CY-QIMO-Q9,BJ-2026-CY-QIMO-Q9,BJ-2026-CY-QIMO-Q9,BJ-2026-CY-QIMO,9,选择题,,整题,MAYBE,完整题-选择题照收,缺答案键-已核实,"题库rubric_links.csv对该题有明确负例记录(已检查,本题不适用)",,不明,2026-09-24-attribution-v3
BJ-2026-CY-QIMO-Q10,BJ-2026-CY-QIMO-Q10,BJ-2026-CY-QIMO-Q10,BJ-2026-CY-QIMO,10,选择题,,整题,MAYBE,完整题-选择题照收,缺答案键-已核实,"题库rubric_links.csv对该题有明确负例记录(已检查,本题不适用)",,倾向,2026-09-24-attribution-v3
BJ-2026-CY-QIMO-Q11,BJ-2026-CY-QIMO-Q11,BJ-2026-CY-QIMO-Q11,BJ-2026-CY-QIMO,11,选择题,,整题,MAYBE,完整题-选择题照收,缺答案键-已核实,"题库rubric_links.csv对该题有明确负例记录(已检查,本题不适用)",,倾向,2026-09-24-attribution-v3
BJ-2026-CY-QIMO-Q12,BJ-2026-CY-QIMO-Q12,BJ-2026-CY-QIMO-Q12,BJ-2026-CY-QIMO,12,选择题,,整题,MAYBE,完整题-选择题照收,缺答案键-已核实,"题库rubric_links.csv对该题有明确负例记录(已检查,本题不适用)",,不明,2026-09-24-attribution-v3
BJ-2026-CY-QIMO-Q13,BJ-2026-CY-QIMO-Q13,BJ-2026-CY-QIMO-Q13,BJ-2026-CY-QIMO,13,选择题,,整题,MAYBE,完整题-选择题照收,缺答案键-已核实,"题库rubric_links.csv对该题有明确负例记录(已检查,本题不适用)",,不明,2026-09-24-attribution-v3
BJ-2026-CY-QIMO-Q14,BJ-2026-CY-QIMO-Q14,BJ-2026-CY-QIMO-Q14,BJ-2026-CY-QIMO,14,选择题,,整题,MAYBE,完整题-选择题照收,缺答案键-已核实,"题库rubric_links.csv对该题有明确负例记录(已检查,本题不适用)",,倾向,2026-09-24-attribution-v3
BJ-2026-CY-QIMO-Q15,BJ-2026-CY-QIMO-Q15,BJ-2026-CY-QIMO-Q15,BJ-2026-CY-QIMO,15,选择题,,整题,MAYBE,完整题-选择题照收,缺答案键-已核实,"题库rubric_links.csv对该题有明确负例记录(已检查,本题不适用)",,倾向,2026-09-24-attribution-v3
BJ-2026-CY-QIMO-Q16,BJ-2026-CY-QIMO-Q16,BJ-2026-CY-QIMO-Q16,BJ-2026-CY-QIMO,16,主观题,,整题,MAYBE,完整题-有E1,E1,逐题已匹配正式评分材料,,倾向,2026-09-24-attribution-v3
BJ-2026-CY-QIMO-Q19,BJ-2026-CY-QIMO-Q19,BJ-2026-CY-QIMO-Q19,BJ-2026-CY-QIMO,19,主观题,,整题,MAYBE,完整题-有E1,E1,逐题已匹配正式评分材料,,不明,2026-09-24-attribution-v3
BJ-2026-CY-QIMO-Q21,BJ-2026-CY-QIMO-Q21,BJ-2026-CY-QIMO-Q21,BJ-2026-CY-QIMO,21,主观题,,整题,MAYBE,完整题-有E1,E1,逐题已匹配正式评分材料,,不明,2026-09-24-attribution-v3
BJ-2023-HD-ERMO-Q13,BJ-2023-HD-ERMO-Q13,BJ-2023-HD-ERMO-Q13,BJ-2023-HD-ERMO,13,选择题,,整题,MAYBE,完整题-选择题照收,E3,逐题已匹配参考答案,,倾向,2026-09-24-attribution-v3
BJ-2023-HD-ERMO-Q14,BJ-2023-HD-ERMO-Q14,BJ-2023-HD-ERMO-Q14,BJ-2023-HD-ERMO,14,选择题,,整题,MAYBE,完整题-选择题照收,E3,逐题已匹配参考答案,,不明,2026-09-24-attribution-v3
BJ-2023-HD-ERMO-Q16,BJ-2023-HD-ERMO-Q16,BJ-2023-HD-ERMO-Q16,BJ-2023-HD-ERMO,16,主观题,,整题,MAYBE,完整题-有E1,E1,逐题已匹配正式评分材料,,不明,2026-09-24-attribution-v3
BJ-2023-HD-ERMO-Q19,BJ-2023-HD-ERMO-Q19,BJ-2023-HD-ERMO-Q19,BJ-2023-HD-ERMO,19,主观题,,整题,MAYBE,完整题-有E1,E1,逐题已匹配正式评分材料,,倾向,2026-09-24-attribution-v3
BJ-2023-HD-ERMO-Q2,BJ-2023-HD-ERMO-Q2,BJ-2023-HD-ERMO-Q2,BJ-2023-HD-ERMO,2,选择题,,整题,MAYBE,完整题-选择题照收,E3,逐题已匹配参考答案,,不明,2026-09-24-attribution-v3
BJ-2023-HD-ERMO-Q20#1,BJ-2023-HD-ERMO-Q20,BJ-2023-HD-ERMO-Q20,BJ-2023-HD-ERMO,20,主观题,1,小问,MAYBE,完整题-有E1,E1,逐题已匹配正式评分材料,,不明,2026-09-24-attribution-v3
BJ-2023-HD-ERMO-Q21#1,BJ-2023-HD-ERMO-Q21,BJ-2023-HD-ERMO-Q21,BJ-2023-HD-ERMO,21,主观题,1,小问,MAYBE,完整题-有E1,E1,逐题已匹配正式评分材料,,不明,2026-09-24-attribution-v3
BJ-2023-HD-ERMO-Q21#2,BJ-2023-HD-ERMO-Q21,BJ-2023-HD-ERMO-Q21,BJ-2023-HD-ERMO,21,主观题,2,小问,MAYBE,完整题-有E1,E1,逐题已匹配正式评分材料,,不明,2026-09-24-attribution-v3
BJ-2023-HD-ERMO-Q3,BJ-2023-HD-ERMO-Q3,BJ-2023-HD-ERMO-Q3,BJ-2023-HD-ERMO,3,选择题,,整题,MAYBE,完整题-选择题照收,E3,逐题已匹配参考答案,,不明,2026-09-24-attribution-v3
BJ-2023-HD-ERMO-Q4,BJ-2023-HD-ERMO-Q4,BJ-2023-HD-ERMO-Q4,BJ-2023-HD-ERMO,4,选择题,,整题,MAYBE,完整题-选择题照收,E3,逐题已匹配参考答案,,不明,2026-09-24-attribution-v3
BJ-2023-HD-ERMO-Q5,BJ-2023-HD-ERMO-Q5,BJ-2023-HD-ERMO-Q5,BJ-2023-HD-ERMO,5,选择题,,整题,IN,完整题-选择题照收,E3,逐题已匹配参考答案,,不明,2026-09-24-attribution-v3
BJ-2023-HD-ERMO-Q6,BJ-2023-HD-ERMO-Q6,BJ-2023-HD-ERMO-Q6,BJ-2023-HD-ERMO,6,选择题,,整题,MAYBE,完整题-选择题照收,E3,逐题已匹配参考答案,,不明,2026-09-24-attribution-v3
BJ-2023-HD-ERMO-Q7,BJ-2023-HD-ERMO-Q7,BJ-2023-HD-ERMO-Q7,BJ-2023-HD-ERMO,7,选择题,,整题,MAYBE,完整题-选择题照收,E3,逐题已匹配参考答案,,不明,2026-09-24-attribution-v3
BJ-2023-DC-YIMO-Q16,BJ-2023-DC-YIMO-Q16,BJ-2023-DC-YIMO-Q16,BJ-2023-DC-YIMO,16,主观题,,整题,MAYBE,完整题-有E1,E1,逐题已匹配正式评分材料,,不明,2026-09-24-attribution-v3
BJ-2023-DC-YIMO-Q18#3,BJ-2023-DC-YIMO-Q18,BJ-2023-DC-YIMO-Q18,BJ-2023-DC-YIMO,18,主观题,3,小问,MAYBE,完整题-有E1,E1,逐题已匹配正式评分材料,,不明,2026-09-24-attribution-v3
BJ-2023-DC-YIMO-Q20#1,BJ-2023-DC-YIMO-Q20,BJ-2023-DC-YIMO-Q20,BJ-2023-DC-YIMO,20,主观题,1,小问,IN,完整题-有E1,E1,逐题已匹配正式评分材料,,不明,2026-09-24-attribution-v3
BJ-2023-DC-YIMO-Q20#2,BJ-2023-DC-YIMO-Q20,BJ-2023-DC-YIMO-Q20,BJ-2023-DC-YIMO,20,主观题,2,小问,MAYBE,完整题-有E1,E1,逐题已匹配正式评分材料,,不明,2026-09-24-attribution-v3
BJ-2023-DC-YIMO-Q21,BJ-2023-DC-YIMO-Q21,BJ-2023-DC-YIMO-Q21,BJ-2023-DC-YIMO,21,主观题,,整题,MAYBE,完整题-有E1,E1,逐题已匹配正式评分材料,,不明,2026-09-24-attribution-v3
BJ-2023-DC-YIMO-Q2,BJ-2023-DC-YIMO-Q2,BJ-2023-DC-YIMO-Q2,BJ-2023-DC-YIMO,2,选择题,,整题,MAYBE,完整题-选择题照收,答案键来源未核实(候选未确认),该题正式评分材料候选存在候选/存在冲突，未确认匹配，不下判,,不明,2026-09-24-attribution-v3
BJ-2023-DC-YIMO-Q3,BJ-2023-DC-YIMO-Q3,BJ-2023-DC-YIMO-Q3,BJ-2023-DC-YIMO,3,选择题,,整题,MAYBE,完整题-选择题照收,答案键来源未核实(候选未确认),该题正式评分材料候选存在候选/存在冲突，未确认匹配，不下判,,不明,2026-09-24-attribution-v3
BJ-2023-DC-YIMO-Q4,BJ-2023-DC-YIMO-Q4,BJ-2023-DC-YIMO-Q4,BJ-2023-DC-YIMO,4,选择题,,整题,MAYBE,完整题-选择题照收,答案键来源未核实(候选未确认),该题正式评分材料候选存在候选/存在冲突，未确认匹配，不下判,,不明,2026-09-24-attribution-v3
BJ-2023-DC-YIMO-Q5,BJ-2023-DC-YIMO-Q5,BJ-2023-DC-YIMO-Q5,BJ-2023-DC-YIMO,5,选择题,,整题,MAYBE,完整题-选择题照收,答案键来源未核实(候选未确认),该题正式评分材料候选存在候选/存在冲突，未确认匹配，不下判,,不明,2026-09-24-attribution-v3
BJ-2023-DC-YIMO-Q6,BJ-2023-DC-YIMO-Q6,BJ-2023-DC-YIMO-Q6,BJ-2023-DC-YIMO,6,选择题,,整题,MAYBE,完整题-选择题照收,答案键来源未核实(候选未确认),该题正式评分材料候选存在候选/存在冲突，未确认匹配，不下判,,不明,2026-09-24-attribution-v3
BJ-2023-DC-YIMO-Q7,BJ-2023-DC-YIMO-Q7,BJ-2023-DC-YIMO-Q7,BJ-2023-DC-YIMO,7,选择题,,整题,MAYBE,完整题-选择题照收,答案键来源未核实(候选未确认),该题正式评分材料候选存在候选/存在冲突，未确认匹配，不下判,,不明,2026-09-24-attribution-v3
BJ-2023-DC-YIMO-Q13,BJ-2023-DC-YIMO-Q13,BJ-2023-DC-YIMO-Q13,BJ-2023-DC-YIMO,13,选择题,,整题,MAYBE,完整题-选择题照收,答案键来源未核实(候选未确认),该题正式评分材料候选存在候选/存在冲突，未确认匹配，不下判,,不明,2026-09-24-attribution-v3
BJ-2023-DC-YIMO-Q14,BJ-2023-DC-YIMO-Q14,BJ-2023-DC-YIMO-Q14,BJ-2023-DC-YIMO,14,选择题,,整题,IN,完整题-选择题照收,答案键来源未核实(候选未确认),该题正式评分材料候选存在候选/存在冲突，未确认匹配，不下判,,不明,2026-09-24-attribution-v3
BJ-2023-HD-YIMO-Q16,BJ-2023-HD-YIMO-Q16,BJ-2023-HD-YIMO-Q16,BJ-2023-HD-YIMO,16,主观题,,整题,MAYBE,待裁决-证据未核实,待裁决-证据未核实候选,该题正式评分材料候选存在候选/存在冲突，未确认匹配，不下判,,不明,2026-09-24-attribution-v3
BJ-2023-HD-YIMO-Q17,BJ-2023-HD-YIMO-Q17,BJ-2023-HD-YIMO-Q17,BJ-2023-HD-YIMO,17,主观题,,整题,MAYBE,待裁决-证据未核实,待裁决-证据未核实候选,该题正式评分材料候选存在候选/存在冲突，未确认匹配，不下判,,不明,2026-09-24-attribution-v3
BJ-2023-HD-YIMO-Q18#1,BJ-2023-HD-YIMO-Q18,BJ-2023-HD-YIMO-Q18,BJ-2023-HD-YIMO,18,主观题,1,小问,MAYBE,待裁决-证据未核实,待裁决-证据未核实候选,该题正式评分材料候选存在候选/存在冲突，未确认匹配，不下判,,不明,2026-09-24-attribution-v3
BJ-2023-HD-YIMO-Q18#2,BJ-2023-HD-YIMO-Q18,BJ-2023-HD-YIMO-Q18,BJ-2023-HD-YIMO,18,主观题,2,小问,MAYBE,待裁决-证据未核实,待裁决-证据未核实候选,该题正式评分材料候选存在候选/存在冲突，未确认匹配，不下判,,不明,2026-09-24-attribution-v3
BJ-2023-HD-YIMO-Q18#3,BJ-2023-HD-YIMO-Q18,BJ-2023-HD-YIMO-Q18,BJ-2023-HD-YIMO,18,主观题,3,小问,MAYBE,待裁决-证据未核实,待裁决-证据未核实候选,该题正式评分材料候选存在候选/存在冲突，未确认匹配，不下判,,不明,2026-09-24-attribution-v3
BJ-2023-HD-YIMO-Q18#4,BJ-2023-HD-YIMO-Q18,BJ-2023-HD-YIMO-Q18,BJ-2023-HD-YIMO,18,主观题,4,小问,MAYBE,待裁决-证据未核实,待裁决-证据未核实候选,该题正式评分材料候选存在候选/存在冲突，未确认匹配，不下判,,不明,2026-09-24-attribution-v3
BJ-2023-HD-YIMO-Q20#1,BJ-2023-HD-YIMO-Q20,BJ-2023-HD-YIMO-Q20,BJ-2023-HD-YIMO,20,主观题,1,小问,MAYBE,待裁决-证据未核实,待裁决-证据未核实候选,该题正式评分材料候选存在候选/存在冲突，未确认匹配，不下判,,不明,2026-09-24-attribution-v3
BJ-2023-HD-YIMO-Q20#2,BJ-2023-HD-YIMO-Q20,BJ-2023-HD-YIMO-Q20,BJ-2023-HD-YIMO,20,主观题,2,小问,MAYBE,待裁决-证据未核实,待裁决-证据未核实候选,该题正式评分材料候选存在候选/存在冲突，未确认匹配，不下判,,不明,2026-09-24-attribution-v3
BJ-2023-HD-YIMO-Q21#1,BJ-2023-HD-YIMO-Q21,BJ-2023-HD-YIMO-Q21,BJ-2023-HD-YIMO,21,主观题,1,小问,MAYBE,待裁决-证据未核实,待裁决-证据未核实候选,该题正式评分材料候选存在候选/存在冲突，未确认匹配，不下判,,不明,2026-09-24-attribution-v3
BJ-2023-XC-YIMO-Q16,BJ-2023-XC-YIMO-Q16,BJ-2023-XC-YIMO-Q16,BJ-2023-XC-YIMO,16,主观题,,整题,MAYBE,完整题-有E1,E1,逐题已匹配正式评分材料,,倾向,2026-09-24-attribution-v3
BJ-2023-XC-YIMO-Q18,BJ-2023-XC-YIMO-Q18,BJ-2023-XC-YIMO-Q18,BJ-2023-XC-YIMO,18,主观题,,整题,MAYBE,完整题-有E1,E1,逐题已匹配正式评分材料,,不明,2026-09-24-attribution-v3
BJ-2023-XC-YIMO-Q21#1,BJ-2023-XC-YIMO-Q21,BJ-2023-XC-YIMO-Q21,BJ-2023-XC-YIMO,21,主观题,1,小问,IN,完整题-有E1,E1,逐题已匹配正式评分材料,,不明,2026-09-24-attribution-v3
BJ-2023-XC-YIMO-Q21#2,BJ-2023-XC-YIMO-Q21,BJ-2023-XC-YIMO-Q21,BJ-2023-XC-YIMO,21,主观题,2,小问,MAYBE,完整题-有E1,E1,逐题已匹配正式评分材料,,不明,2026-09-24-attribution-v3
BJ-2023-XC-YIMO-Q21#3,BJ-2023-XC-YIMO-Q21,BJ-2023-XC-YIMO-Q21,BJ-2023-XC-YIMO,21,主观题,3,小问,MAYBE,完整题-有E1,E1,逐题已匹配正式评分材料,,不明,2026-09-24-attribution-v3
BJ-2023-XC-YIMO-Q2,BJ-2023-XC-YIMO-Q2,BJ-2023-XC-YIMO-Q2,BJ-2023-XC-YIMO,2,选择题,,整题,MAYBE,完整题-选择题照收,E3,该题正式评分材料候选存在候选/存在冲突，未确认匹配，不下判（同时已有匹配参考答案，选择题按E3计，正式评分材料候选仍待核实）,,不明,2026-09-24-attribution-v3
BJ-2023-XC-YIMO-Q3,BJ-2023-XC-YIMO-Q3,BJ-2023-XC-YIMO-Q3,BJ-2023-XC-YIMO,3,选择题,,整题,MAYBE,完整题-选择题照收,E1,逐题已匹配正式评分材料,,不明,2026-09-24-attribution-v3
BJ-2023-XC-YIMO-Q4,BJ-2023-XC-YIMO-Q4,BJ-2023-XC-YIMO-Q4,BJ-2023-XC-YIMO,4,选择题,,整题,MAYBE,完整题-选择题照收,E3,该题正式评分材料候选存在候选/存在冲突，未确认匹配，不下判（同时已有匹配参考答案，选择题按E3计，正式评分材料候选仍待核实）,,不明,2026-09-24-attribution-v3
BJ-2023-XC-YIMO-Q6,BJ-2023-XC-YIMO-Q6,BJ-2023-XC-YIMO-Q6,BJ-2023-XC-YIMO,6,选择题,,整题,MAYBE,完整题-选择题照收,答案键来源未核实(候选未确认),该题正式评分材料候选存在候选/存在冲突，未确认匹配，不下判,,不明,2026-09-24-attribution-v3
BJ-2023-XC-YIMO-Q7,BJ-2023-XC-YIMO-Q7,BJ-2023-XC-YIMO-Q7,BJ-2023-XC-YIMO,7,选择题,,整题,MAYBE,完整题-选择题照收,E3,该题正式评分材料候选存在候选/存在冲突，未确认匹配，不下判（同时已有匹配参考答案，选择题按E3计，正式评分材料候选仍待核实）,,不明,2026-09-24-attribution-v3
BJ-2023-XC-YIMO-Q12,BJ-2023-XC-YIMO-Q12,BJ-2023-XC-YIMO-Q12,BJ-2023-XC-YIMO,12,选择题,,整题,MAYBE,完整题-选择题照收,E3,该题正式评分材料候选存在候选/存在冲突，未确认匹配，不下判（同时已有匹配参考答案，选择题按E3计，正式评分材料候选仍待核实）,,不明,2026-09-24-attribution-v3
BJ-2023-XC-YIMO-Q13,BJ-2023-XC-YIMO-Q13,BJ-2023-XC-YIMO-Q13,BJ-2023-XC-YIMO,13,选择题,,整题,MAYBE,完整题-选择题照收,E3,该题正式评分材料候选存在候选/存在冲突，未确认匹配，不下判（同时已有匹配参考答案，选择题按E3计，正式评分材料候选仍待核实）,,倾向,2026-09-24-attribution-v3
BJ-2023-XC-YIMO-Q14,BJ-2023-XC-YIMO-Q14,BJ-2023-XC-YIMO-Q14,BJ-2023-XC-YIMO,14,选择题,,整题,MAYBE,完整题-选择题照收,E3,该题正式评分材料候选存在候选/存在冲突，未确认匹配，不下判（同时已有匹配参考答案，选择题按E3计，正式评分材料候选仍待核实）,,不明,2026-09-24-attribution-v3
BJ-2023-XC-YIMO-Q5,BJ-2023-XC-YIMO-Q5,BJ-2023-XC-YIMO-Q5,BJ-2023-XC-YIMO,5,选择题,,整题,MAYBE,完整题-选择题照收,E3,该题正式评分材料候选存在候选/存在冲突，未确认匹配，不下判（同时已有匹配参考答案，选择题按E3计，正式评分材料候选仍待核实）,,不明,2026-09-24-attribution-v3
BJ-2023-XC-ERMO-Q16#2,BJ-2023-XC-ERMO-Q16,BJ-2023-XC-ERMO-Q16,BJ-2023-XC-ERMO,16,主观题,2,小问,MAYBE,完整题-有E1,E1,逐题已匹配正式评分材料,,不明,2026-09-24-attribution-v3
BJ-2023-XC-ERMO-Q17,BJ-2023-XC-ERMO-Q17,BJ-2023-XC-ERMO-Q17,BJ-2023-XC-ERMO,17,主观题,,整题,MAYBE,完整题-有E1,E1,逐题已匹配正式评分材料,,不明,2026-09-24-attribution-v3
BJ-2023-XC-ERMO-Q18,BJ-2023-XC-ERMO-Q18,BJ-2023-XC-ERMO-Q18,BJ-2023-XC-ERMO,18,主观题,,整题,MAYBE,完整题-有E1,E1,逐题已匹配正式评分材料,,倾向,2026-09-24-attribution-v3
BJ-2023-XC-ERMO-Q21#1,BJ-2023-XC-ERMO-Q21,BJ-2023-XC-ERMO-Q21,BJ-2023-XC-ERMO,21,主观题,1,小问,MAYBE,完整题-有E1,E1,逐题已匹配正式评分材料,,倾向,2026-09-24-attribution-v3
BJ-2023-XC-ERMO-Q21#2,BJ-2023-XC-ERMO-Q21,BJ-2023-XC-ERMO-Q21,BJ-2023-XC-ERMO,21,主观题,2,小问,MAYBE,完整题-有E1,E1,逐题已匹配正式评分材料,,倾向,2026-09-24-attribution-v3
BJ-2023-XC-ERMO-Q2,BJ-2023-XC-ERMO-Q2,BJ-2023-XC-ERMO-Q2,BJ-2023-XC-ERMO,2,选择题,,整题,MAYBE,完整题-选择题照收,E3,该题正式评分材料候选存在候选/存在冲突，未确认匹配，不下判（同时已有匹配参考答案，选择题按E3计，正式评分材料候选仍待核实）,,不明,2026-09-24-attribution-v3
BJ-2023-XC-ERMO-Q3,BJ-2023-XC-ERMO-Q3,BJ-2023-XC-ERMO-Q3,BJ-2023-XC-ERMO,3,选择题,,整题,MAYBE,完整题-选择题照收,E3,该题正式评分材料候选存在候选/存在冲突，未确认匹配，不下判（同时已有匹配参考答案，选择题按E3计，正式评分材料候选仍待核实）,,不明,2026-09-24-attribution-v3
BJ-2023-XC-ERMO-Q4,BJ-2023-XC-ERMO-Q4,BJ-2023-XC-ERMO-Q4,BJ-2023-XC-ERMO,4,选择题,,整题,MAYBE,完整题-选择题照收,E3,该题正式评分材料候选存在候选/存在冲突，未确认匹配，不下判（同时已有匹配参考答案，选择题按E3计，正式评分材料候选仍待核实）,,不明,2026-09-24-attribution-v3
BJ-2023-XC-ERMO-Q5,BJ-2023-XC-ERMO-Q5,BJ-2023-XC-ERMO-Q5,BJ-2023-XC-ERMO,5,选择题,,整题,MAYBE,完整题-选择题照收,E3,该题正式评分材料候选存在候选/存在冲突，未确认匹配，不下判（同时已有匹配参考答案，选择题按E3计，正式评分材料候选仍待核实）,,不明,2026-09-24-attribution-v3
BJ-2023-XC-ERMO-Q6,BJ-2023-XC-ERMO-Q6,BJ-2023-XC-ERMO-Q6,BJ-2023-XC-ERMO,6,选择题,,整题,MAYBE,完整题-选择题照收,答案键来源未核实(候选未确认),该题正式评分材料候选存在候选/存在冲突，未确认匹配，不下判,,不明,2026-09-24-attribution-v3
BJ-2023-XC-ERMO-Q12,BJ-2023-XC-ERMO-Q12,BJ-2023-XC-ERMO-Q12,BJ-2023-XC-ERMO,12,选择题,,整题,IN,完整题-选择题照收,E3,该题正式评分材料候选存在候选/存在冲突，未确认匹配，不下判（同时已有匹配参考答案，选择题按E3计，正式评分材料候选仍待核实）,,不明,2026-09-24-attribution-v3
BJ-2023-XC-ERMO-Q13,BJ-2023-XC-ERMO-Q13,BJ-2023-XC-ERMO-Q13,BJ-2023-XC-ERMO,13,选择题,,整题,MAYBE,完整题-选择题照收,E3,该题正式评分材料候选存在候选/存在冲突，未确认匹配，不下判（同时已有匹配参考答案，选择题按E3计，正式评分材料候选仍待核实）,,不明,2026-09-24-attribution-v3
BJ-2023-HD-QIZHONG-Q5,BJ-2023-HD-QIZHONG-Q5,BJ-2023-HD-QIZHONG-Q5,BJ-2023-HD-QIZHONG,5,选择题,,整题,MAYBE,完整题-选择题照收,E3,该题正式评分材料候选存在候选/存在冲突，未确认匹配，不下判（同时已有匹配参考答案，选择题按E3计，正式评分材料候选仍待核实）,,不明,2026-09-24-attribution-v3
BJ-2023-HD-QIZHONG-Q6,BJ-2023-HD-QIZHONG-Q6,BJ-2023-HD-QIZHONG-Q6,BJ-2023-HD-QIZHONG,6,选择题,,整题,MAYBE,完整题-选择题照收,E3,该题正式评分材料候选存在候选/存在冲突，未确认匹配，不下判（同时已有匹配参考答案，选择题按E3计，正式评分材料候选仍待核实）,,不明,2026-09-24-attribution-v3
BJ-2023-HD-QIZHONG-Q7,BJ-2023-HD-QIZHONG-Q7,BJ-2023-HD-QIZHONG-Q7,BJ-2023-HD-QIZHONG,7,选择题,,整题,MAYBE,完整题-选择题照收,E3,该题正式评分材料候选存在候选/存在冲突，未确认匹配，不下判（同时已有匹配参考答案，选择题按E3计，正式评分材料候选仍待核实）,,不明,2026-09-24-attribution-v3
BJ-2023-HD-QIZHONG-Q8,BJ-2023-HD-QIZHONG-Q8,BJ-2023-HD-QIZHONG-Q8,BJ-2023-HD-QIZHONG,8,选择题,,整题,MAYBE,完整题-选择题照收,E3,该题正式评分材料候选存在候选/存在冲突，未确认匹配，不下判（同时已有匹配参考答案，选择题按E3计，正式评分材料候选仍待核实）,,不明,2026-09-24-attribution-v3
BJ-2023-HD-QIZHONG-Q9,BJ-2023-HD-QIZHONG-Q9,BJ-2023-HD-QIZHONG-Q9,BJ-2023-HD-QIZHONG,9,选择题,,整题,MAYBE,完整题-选择题照收,E3,该题正式评分材料候选存在候选/存在冲突，未确认匹配，不下判（同时已有匹配参考答案，选择题按E3计，正式评分材料候选仍待核实）,,不明,2026-09-24-attribution-v3
BJ-2023-HD-QIZHONG-Q10,BJ-2023-HD-QIZHONG-Q10,BJ-2023-HD-QIZHONG-Q10,BJ-2023-HD-QIZHONG,10,选择题,,整题,MAYBE,完整题-选择题照收,E3,该题正式评分材料候选存在候选/存在冲突，未确认匹配，不下判（同时已有匹配参考答案，选择题按E3计，正式评分材料候选仍待核实）,,不明,2026-09-24-attribution-v3
BJ-2023-HD-QIZHONG-Q11,BJ-2023-HD-QIZHONG-Q11,BJ-2023-HD-QIZHONG-Q11,BJ-2023-HD-QIZHONG,11,选择题,,整题,MAYBE,完整题-选择题照收,E3,该题正式评分材料候选存在候选/存在冲突，未确认匹配，不下判（同时已有匹配参考答案，选择题按E3计，正式评分材料候选仍待核实）,,不明,2026-09-24-attribution-v3
BJ-2023-HD-QIZHONG-Q12,BJ-2023-HD-QIZHONG-Q12,BJ-2023-HD-QIZHONG-Q12,BJ-2023-HD-QIZHONG,12,选择题,,整题,MAYBE,完整题-选择题照收,E3,该题正式评分材料候选存在候选/存在冲突，未确认匹配，不下判（同时已有匹配参考答案，选择题按E3计，正式评分材料候选仍待核实）,,不明,2026-09-24-attribution-v3
BJ-2023-HD-QIZHONG-Q13,BJ-2023-HD-QIZHONG-Q13,BJ-2023-HD-QIZHONG-Q13,BJ-2023-HD-QIZHONG,13,选择题,,整题,MAYBE,完整题-选择题照收,E3,该题正式评分材料候选存在候选/存在冲突，未确认匹配，不下判（同时已有匹配参考答案，选择题按E3计，正式评分材料候选仍待核实）,,不明,2026-09-24-attribution-v3
BJ-2023-HD-QIZHONG-Q14,BJ-2023-HD-QIZHONG-Q14,BJ-2023-HD-QIZHONG-Q14,BJ-2023-HD-QIZHONG,14,选择题,,整题,MAYBE,完整题-选择题照收,E3,该题正式评分材料候选存在候选/存在冲突，未确认匹配，不下判（同时已有匹配参考答案，选择题按E3计，正式评分材料候选仍待核实）,,倾向,2026-09-24-attribution-v3
BJ-2023-HD-QIZHONG-Q15,BJ-2023-HD-QIZHONG-Q15,BJ-2023-HD-QIZHONG-Q15,BJ-2023-HD-QIZHONG,15,选择题,,整题,MAYBE,完整题-选择题照收,E3,该题正式评分材料候选存在候选/存在冲突，未确认匹配，不下判（同时已有匹配参考答案，选择题按E3计，正式评分材料候选仍待核实）,,不明,2026-09-24-attribution-v3
BJ-2023-HD-QIZHONG-Q16,BJ-2023-HD-QIZHONG-Q16,BJ-2023-HD-QIZHONG-Q16,BJ-2023-HD-QIZHONG,16,主观题,,整题,MAYBE,待裁决-证据未核实,待裁决-证据未核实候选,该题正式评分材料候选存在候选/存在冲突，未确认匹配，不下判,,倾向,2026-09-24-attribution-v3
BJ-2023-HD-QIZHONG-Q17,BJ-2023-HD-QIZHONG-Q17,BJ-2023-HD-QIZHONG-Q17,BJ-2023-HD-QIZHONG,17,主观题,,整题,MAYBE,待裁决-证据未核实,待裁决-证据未核实候选,该题正式评分材料候选存在候选/存在冲突，未确认匹配，不下判,,倾向,2026-09-24-attribution-v3
BJ-2023-HD-QIZHONG-Q18#1,BJ-2023-HD-QIZHONG-Q18,BJ-2023-HD-QIZHONG-Q18,BJ-2023-HD-QIZHONG,18,主观题,1,小问,MAYBE,待裁决-证据未核实,待裁决-证据未核实候选,该题正式评分材料候选存在候选/存在冲突，未确认匹配，不下判,,不明,2026-09-24-attribution-v3
BJ-2023-HD-QIZHONG-Q18#2,BJ-2023-HD-QIZHONG-Q18,BJ-2023-HD-QIZHONG-Q18,BJ-2023-HD-QIZHONG,18,主观题,2,小问,MAYBE,待裁决-证据未核实,待裁决-证据未核实候选,该题正式评分材料候选存在候选/存在冲突，未确认匹配，不下判,,倾向,2026-09-24-attribution-v3
BJ-2023-HD-QIZHONG-Q19,BJ-2023-HD-QIZHONG-Q19,BJ-2023-HD-QIZHONG-Q19,BJ-2023-HD-QIZHONG,19,主观题,,整题,MAYBE,待裁决-证据未核实,待裁决-证据未核实候选,该题正式评分材料候选存在候选/存在冲突，未确认匹配，不下判,,倾向,2026-09-24-attribution-v3
BJ-2023-HD-QIZHONG-Q20,BJ-2023-HD-QIZHONG-Q20,BJ-2023-HD-QIZHONG-Q20,BJ-2023-HD-QIZHONG,20,主观题,,整题,MAYBE,待裁决-证据未核实,待裁决-证据未核实候选,该题正式评分材料候选存在候选/存在冲突，未确认匹配，不下判,,不明,2026-09-24-attribution-v3
BJ-2023-HD-QIZHONG-Q21,BJ-2023-HD-QIZHONG-Q21,BJ-2023-HD-QIZHONG-Q21,BJ-2023-HD-QIZHONG,21,主观题,,整题,MAYBE,待裁决-证据未核实,待裁决-证据未核实候选,该题正式评分材料候选存在候选/存在冲突，未确认匹配，不下判,,不明,2026-09-24-attribution-v3
BJ-2023-HD-QIZHONG-Q22,BJ-2023-HD-QIZHONG-Q22,BJ-2023-HD-QIZHONG-Q22,BJ-2023-HD-QIZHONG,22,主观题,,整题,MAYBE,待裁决-证据未核实,待裁决-证据未核实候选,该题正式评分材料候选存在候选/存在冲突，未确认匹配，不下判,,倾向,2026-09-24-attribution-v3
BJ-2023-HD-QIZHONG-Q23,BJ-2023-HD-QIZHONG-Q23,BJ-2023-HD-QIZHONG-Q23,BJ-2023-HD-QIZHONG,23,主观题,,整题,MAYBE,待裁决-证据未核实,待裁决-证据未核实候选,该题正式评分材料候选存在候选/存在冲突，未确认匹配，不下判,,倾向,2026-09-24-attribution-v3
BJ-2024-DC-YIMO-Q3,BJ-2024-DC-YIMO-Q3,BJ-2024-DC-YIMO-Q3,BJ-2024-DC-YIMO,3,选择题,,整题,MAYBE,完整题-选择题照收,E3,该题正式评分材料候选存在候选/存在冲突，未确认匹配，不下判（同时已有匹配参考答案，选择题按E3计，正式评分材料候选仍待核实）,,不明,2026-09-24-attribution-v3
BJ-2024-DC-YIMO-Q4,BJ-2024-DC-YIMO-Q4,BJ-2024-DC-YIMO-Q4,BJ-2024-DC-YIMO,4,选择题,,整题,MAYBE,完整题-选择题照收,E1,逐题已匹配正式评分材料,,不明,2026-09-24-attribution-v3
BJ-2024-DC-YIMO-Q17,BJ-2024-DC-YIMO-Q17,BJ-2024-DC-YIMO-Q17,BJ-2024-DC-YIMO,17,主观题,,整题,MAYBE,待裁决-证据未核实,待裁决-证据未核实候选,该题正式评分材料候选存在候选/存在冲突，未确认匹配，不下判,,倾向,2026-09-24-attribution-v3
BJ-2024-DC-YIMO-Q18#1,BJ-2024-DC-YIMO-Q18,BJ-2024-DC-YIMO-Q18,BJ-2024-DC-YIMO,18,主观题,1,小问,MAYBE,待裁决-证据未核实,待裁决-证据未核实候选,该题正式评分材料候选存在候选/存在冲突，未确认匹配，不下判,,不明,2026-09-24-attribution-v3
BJ-2024-DC-YIMO-Q18#2,BJ-2024-DC-YIMO-Q18,BJ-2024-DC-YIMO-Q18,BJ-2024-DC-YIMO,18,主观题,2,小问,MAYBE,待裁决-证据未核实,待裁决-证据未核实候选,该题正式评分材料候选存在候选/存在冲突，未确认匹配，不下判,,不明,2026-09-24-attribution-v3
BJ-2024-DC-YIMO-Q18#3,BJ-2024-DC-YIMO-Q18,BJ-2024-DC-YIMO-Q18,BJ-2024-DC-YIMO,18,主观题,3,小问,MAYBE,待裁决-证据未核实,待裁决-证据未核实候选,该题正式评分材料候选存在候选/存在冲突，未确认匹配，不下判,,不明,2026-09-24-attribution-v3
BJ-2024-DC-YIMO-Q19,BJ-2024-DC-YIMO-Q19,BJ-2024-DC-YIMO-Q19,BJ-2024-DC-YIMO,19,主观题,,整题,MAYBE,待裁决-证据未核实,待裁决-证据未核实候选,该题正式评分材料候选存在候选/存在冲突，未确认匹配，不下判,,不明,2026-09-24-attribution-v3
BJ-2024-DC-YIMO-Q21,BJ-2024-DC-YIMO-Q21,BJ-2024-DC-YIMO-Q21,BJ-2024-DC-YIMO,21,主观题,,整题,MAYBE,待裁决-证据未核实,待裁决-证据未核实候选,该题正式评分材料候选存在候选/存在冲突，未确认匹配，不下判,,不明,2026-09-24-attribution-v3
BJ-2024-DC-YIMO-Q2,BJ-2024-DC-YIMO-Q2,BJ-2024-DC-YIMO-Q2,BJ-2024-DC-YIMO,2,选择题,,整题,MAYBE,完整题-选择题照收,E3,该题正式评分材料候选存在候选/存在冲突，未确认匹配，不下判（同时已有匹配参考答案，选择题按E3计，正式评分材料候选仍待核实）,,不明,2026-09-24-attribution-v3
BJ-2024-DC-YIMO-Q5,BJ-2024-DC-YIMO-Q5,BJ-2024-DC-YIMO-Q5,BJ-2024-DC-YIMO,5,选择题,,整题,MAYBE,完整题-选择题照收,E3,该题正式评分材料候选存在候选/存在冲突，未确认匹配，不下判（同时已有匹配参考答案，选择题按E3计，正式评分材料候选仍待核实）,,不明,2026-09-24-attribution-v3
BJ-2024-DC-YIMO-Q12,BJ-2024-DC-YIMO-Q12,BJ-2024-DC-YIMO-Q12,BJ-2024-DC-YIMO,12,选择题,,整题,MAYBE,完整题-选择题照收,E3,该题正式评分材料候选存在候选/存在冲突，未确认匹配，不下判（同时已有匹配参考答案，选择题按E3计，正式评分材料候选仍待核实）,,不明,2026-09-24-attribution-v3
BJ-2024-DC-YIMO-Q13,BJ-2024-DC-YIMO-Q13,BJ-2024-DC-YIMO-Q13,BJ-2024-DC-YIMO,13,选择题,,整题,MAYBE,完整题-选择题照收,E3,该题正式评分材料候选存在候选/存在冲突，未确认匹配，不下判（同时已有匹配参考答案，选择题按E3计，正式评分材料候选仍待核实）,,倾向,2026-09-24-attribution-v3
BJ-2024-DC-YIMO-Q14,BJ-2024-DC-YIMO-Q14,BJ-2024-DC-YIMO-Q14,BJ-2024-DC-YIMO,14,选择题,,整题,MAYBE,完整题-选择题照收,E3,该题正式评分材料候选存在候选/存在冲突，未确认匹配，不下判（同时已有匹配参考答案，选择题按E3计，正式评分材料候选仍待核实）,,不明,2026-09-24-attribution-v3
BJ-2024-DC-YIMO-Q20,BJ-2024-DC-YIMO-Q20,BJ-2024-DC-YIMO-Q20,BJ-2024-DC-YIMO,20,主观题,,整题,MAYBE,待裁决-证据未核实,待裁决-证据未核实候选,该题正式评分材料候选存在候选/存在冲突，未确认匹配，不下判,,倾向,2026-09-24-attribution-v3
BJ-2024-HD-YIMO-Q16,BJ-2024-HD-YIMO-Q16,BJ-2024-HD-YIMO-Q16,BJ-2024-HD-YIMO,16,主观题,,整题,MAYBE,完整题-有E1,E1,逐题已匹配正式评分材料,,倾向,2026-09-24-attribution-v3
BJ-2024-HD-YIMO-Q20,BJ-2024-HD-YIMO-Q20,BJ-2024-HD-YIMO-Q20,BJ-2024-HD-YIMO,20,主观题,,整题,MAYBE,待裁决-证据未核实,待裁决-证据未核实候选,该题正式评分材料候选存在候选/存在冲突，未确认匹配，不下判,,不明,2026-09-24-attribution-v3
BJ-2024-HD-YIMO-Q17#1,BJ-2024-HD-YIMO-Q17,BJ-2024-HD-YIMO-Q17,BJ-2024-HD-YIMO,17,主观题,1,小问,MAYBE,待裁决-证据未核实,待裁决-证据未核实候选,该题正式评分材料候选存在候选/存在冲突，未确认匹配，不下判,,不明,2026-09-24-attribution-v3
BJ-2024-HD-YIMO-Q17#2,BJ-2024-HD-YIMO-Q17,BJ-2024-HD-YIMO-Q17,BJ-2024-HD-YIMO,17,主观题,2,小问,MAYBE,待裁决-证据未核实,待裁决-证据未核实候选,该题正式评分材料候选存在候选/存在冲突，未确认匹配，不下判,,不明,2026-09-24-attribution-v3
BJ-2024-HD-YIMO-Q17#3,BJ-2024-HD-YIMO-Q17,BJ-2024-HD-YIMO-Q17,BJ-2024-HD-YIMO,17,主观题,3,小问,MAYBE,待裁决-证据未核实,待裁决-证据未核实候选,该题正式评分材料候选存在候选/存在冲突，未确认匹配，不下判,,不明,2026-09-24-attribution-v3
BJ-2024-HD-YIMO-Q3,BJ-2024-HD-YIMO-Q3,BJ-2024-HD-YIMO-Q3,BJ-2024-HD-YIMO,3,选择题,,整题,MAYBE,完整题-选择题照收,答案键来源未核实(候选未确认),该题正式评分材料候选存在候选/存在冲突，未确认匹配，不下判,,不明,2026-09-24-attribution-v3
BJ-2024-HD-YIMO-Q4,BJ-2024-HD-YIMO-Q4,BJ-2024-HD-YIMO-Q4,BJ-2024-HD-YIMO,4,选择题,,整题,MAYBE,完整题-选择题照收,答案键来源未核实(候选未确认),该题正式评分材料候选存在候选/存在冲突，未确认匹配，不下判,,不明,2026-09-24-attribution-v3
BJ-2024-HD-YIMO-Q5,BJ-2024-HD-YIMO-Q5,BJ-2024-HD-YIMO-Q5,BJ-2024-HD-YIMO,5,选择题,,整题,MAYBE,完整题-选择题照收,答案键来源未核实(候选未确认),该题正式评分材料候选存在候选/存在冲突，未确认匹配，不下判,,不明,2026-09-24-attribution-v3
BJ-2024-HD-YIMO-Q12,BJ-2024-HD-YIMO-Q12,BJ-2024-HD-YIMO-Q12,BJ-2024-HD-YIMO,12,选择题,,整题,MAYBE,完整题-选择题照收,答案键来源未核实(候选未确认),该题正式评分材料候选存在候选/存在冲突，未确认匹配，不下判,,不明,2026-09-24-attribution-v3
BJ-2024-HD-YIMO-Q13,BJ-2024-HD-YIMO-Q13,BJ-2024-HD-YIMO-Q13,BJ-2024-HD-YIMO,13,选择题,,整题,MAYBE,完整题-选择题照收,答案键来源未核实(候选未确认),该题正式评分材料候选存在候选/存在冲突，未确认匹配，不下判,,不明,2026-09-24-attribution-v3
BJ-2024-HD-YIMO-Q14,BJ-2024-HD-YIMO-Q14,BJ-2024-HD-YIMO-Q14,BJ-2024-HD-YIMO,14,选择题,,整题,MAYBE,完整题-选择题照收,答案键来源未核实(候选未确认),该题正式评分材料候选存在候选/存在冲突，未确认匹配，不下判,,不明,2026-09-24-attribution-v3
BJ-2024-DC-ERMO-Q2,BJ-2024-DC-ERMO-Q2,BJ-2024-DC-ERMO-Q2,BJ-2024-DC-ERMO,2,选择题,,整题,MAYBE,完整题-选择题照收,答案键来源未核实(候选未确认),该题正式评分材料候选存在候选/存在冲突，未确认匹配，不下判,,不明,2026-09-24-attribution-v3
BJ-2024-DC-ERMO-Q3,BJ-2024-DC-ERMO-Q3,BJ-2024-DC-ERMO-Q3,BJ-2024-DC-ERMO,3,选择题,,整题,MAYBE,完整题-选择题照收,答案键来源未核实(候选未确认),该题正式评分材料候选存在候选/存在冲突，未确认匹配，不下判,,不明,2026-09-24-attribution-v3
BJ-2024-DC-ERMO-Q1,BJ-2024-DC-ERMO-Q1,BJ-2024-DC-ERMO-Q1,BJ-2024-DC-ERMO,1,选择题,,整题,MAYBE,完整题-选择题照收,答案键来源未核实(候选未确认),该题正式评分材料候选存在候选/存在冲突，未确认匹配，不下判,,不明,2026-09-24-attribution-v3
BJ-2024-DC-ERMO-Q18#1,BJ-2024-DC-ERMO-Q18,BJ-2024-DC-ERMO-Q18,BJ-2024-DC-ERMO,18,主观题,1,小问,MAYBE,完整题-有E1,E1,逐题已匹配正式评分材料,B1:rubric_unreadable_not_OUT;CU:rubric_unreadable_not_OUT;X1:rubric_unreadable_not_OUT;MI:rubric_unreadable_not_OUT;RE:rubric_unreadable_not_OUT,倾向,2026-09-24-attribution-v3
BJ-2024-DC-ERMO-Q18#2,BJ-2024-DC-ERMO-Q18,BJ-2024-DC-ERMO-Q18,BJ-2024-DC-ERMO,18,主观题,2,小问,MAYBE,完整题-有E1,E1,逐题已匹配正式评分材料,,不明,2026-09-24-attribution-v3
BJ-2024-DC-ERMO-Q19#1,BJ-2024-DC-ERMO-Q19,BJ-2024-DC-ERMO-Q19,BJ-2024-DC-ERMO,19,主观题,1,小问,MAYBE,完整题-有E1,E1,逐题已匹配正式评分材料,,不明,2026-09-24-attribution-v3
BJ-2024-DC-ERMO-Q19#2,BJ-2024-DC-ERMO-Q19,BJ-2024-DC-ERMO-Q19,BJ-2024-DC-ERMO,19,主观题,2,小问,MAYBE,完整题-有E1,E1,逐题已匹配正式评分材料,,不明,2026-09-24-attribution-v3
BJ-2024-DC-ERMO-Q20,BJ-2024-DC-ERMO-Q20,BJ-2024-DC-ERMO-Q20,BJ-2024-DC-ERMO,20,主观题,,整题,MAYBE,待裁决-证据未核实,待裁决-证据未核实候选,该题正式评分材料候选存在候选/存在冲突，未确认匹配，不下判,B1:rubric_unreadable_not_OUT;B2:rubric_unreadable_not_OUT;B3:rubric_unreadable_not_OUT;PH:rubric_unreadable_not_OUT;CU:rubric_unreadable_not_OUT;X2:rubric_unreadable_not_OUT;MI:rubric_unreadable_not_OUT;RE:rubric_unreadable_not_OUT,确定,2026-09-24-attribution-v3
BJ-2024-DC-ERMO-Q21,BJ-2024-DC-ERMO-Q21,BJ-2024-DC-ERMO-Q21,BJ-2024-DC-ERMO,21,主观题,,整题,MAYBE,完整题-有E1,E1,逐题已匹配正式评分材料,,不明,2026-09-24-attribution-v3
BJ-2024-DC-ERMO-Q4,BJ-2024-DC-ERMO-Q4,BJ-2024-DC-ERMO-Q4,BJ-2024-DC-ERMO,4,选择题,,整题,MAYBE,完整题-选择题照收,答案键来源未核实(候选未确认),该题正式评分材料候选存在候选/存在冲突，未确认匹配，不下判,,不明,2026-09-24-attribution-v3
BJ-2024-DC-ERMO-Q5,BJ-2024-DC-ERMO-Q5,BJ-2024-DC-ERMO-Q5,BJ-2024-DC-ERMO,5,选择题,,整题,MAYBE,完整题-选择题照收,答案键来源未核实(候选未确认),该题正式评分材料候选存在候选/存在冲突，未确认匹配，不下判,,不明,2026-09-24-attribution-v3
BJ-2024-DC-ERMO-Q6,BJ-2024-DC-ERMO-Q6,BJ-2024-DC-ERMO-Q6,BJ-2024-DC-ERMO,6,选择题,,整题,MAYBE,完整题-选择题照收,答案键来源未核实(候选未确认),该题正式评分材料候选存在候选/存在冲突，未确认匹配，不下判,,不明,2026-09-24-attribution-v3
BJ-2024-DC-ERMO-Q7,BJ-2024-DC-ERMO-Q7,BJ-2024-DC-ERMO-Q7,BJ-2024-DC-ERMO,7,选择题,,整题,MAYBE,完整题-选择题照收,答案键来源未核实(候选未确认),该题正式评分材料候选存在候选/存在冲突，未确认匹配，不下判,,不明,2026-09-24-attribution-v3
BJ-2024-DC-ERMO-Q12,BJ-2024-DC-ERMO-Q12,BJ-2024-DC-ERMO-Q12,BJ-2024-DC-ERMO,12,选择题,,整题,MAYBE,完整题-选择题照收,答案键来源未核实(候选未确认),该题正式评分材料候选存在候选/存在冲突，未确认匹配，不下判,,不明,2026-09-24-attribution-v3
BJ-2024-DC-ERMO-Q13,BJ-2024-DC-ERMO-Q13,BJ-2024-DC-ERMO-Q13,BJ-2024-DC-ERMO,13,选择题,,整题,MAYBE,完整题-选择题照收,答案键来源未核实(候选未确认),该题正式评分材料候选存在候选/存在冲突，未确认匹配，不下判,,倾向,2026-09-24-attribution-v3
BJ-2024-DC-ERMO-Q14,BJ-2024-DC-ERMO-Q14,BJ-2024-DC-ERMO-Q14,BJ-2024-DC-ERMO,14,选择题,,整题,MAYBE,完整题-选择题照收,答案键来源未核实(候选未确认),该题正式评分材料候选存在候选/存在冲突，未确认匹配，不下判,,不明,2026-09-24-attribution-v3
BJ-2024-FT-YIMO-Q2,BJ-2024-FT-YIMO-Q2,BJ-2024-FT-YIMO-Q2,BJ-2024-FT-YIMO,2,选择题,,整题,MAYBE,完整题-选择题照收,E3,该题正式评分材料候选存在候选/存在冲突，未确认匹配，不下判（同时已有匹配参考答案，选择题按E3计，正式评分材料候选仍待核实）,,不明,2026-09-24-attribution-v3
BJ-2024-FT-YIMO-Q3,BJ-2024-FT-YIMO-Q3,BJ-2024-FT-YIMO-Q3,BJ-2024-FT-YIMO,3,选择题,,整题,MAYBE,完整题-选择题照收,E3,该题正式评分材料候选存在候选/存在冲突，未确认匹配，不下判（同时已有匹配参考答案，选择题按E3计，正式评分材料候选仍待核实）,,不明,2026-09-24-attribution-v3
BJ-2024-FT-YIMO-Q4,BJ-2024-FT-YIMO-Q4,BJ-2024-FT-YIMO-Q4,BJ-2024-FT-YIMO,4,选择题,,整题,MAYBE,完整题-选择题照收,E3,该题正式评分材料候选存在候选/存在冲突，未确认匹配，不下判（同时已有匹配参考答案，选择题按E3计，正式评分材料候选仍待核实）,,不明,2026-09-24-attribution-v3
BJ-2024-FT-YIMO-Q5,BJ-2024-FT-YIMO-Q5,BJ-2024-FT-YIMO-Q5,BJ-2024-FT-YIMO,5,选择题,,整题,MAYBE,完整题-选择题照收,E3,该题正式评分材料候选存在候选/存在冲突，未确认匹配，不下判（同时已有匹配参考答案，选择题按E3计，正式评分材料候选仍待核实）,,不明,2026-09-24-attribution-v3
BJ-2024-FT-YIMO-Q6,BJ-2024-FT-YIMO-Q6,BJ-2024-FT-YIMO-Q6,BJ-2024-FT-YIMO,6,选择题,,整题,MAYBE,完整题-选择题照收,E3,该题正式评分材料候选存在候选/存在冲突，未确认匹配，不下判（同时已有匹配参考答案，选择题按E3计，正式评分材料候选仍待核实）,,不明,2026-09-24-attribution-v3
BJ-2024-FT-YIMO-Q12,BJ-2024-FT-YIMO-Q12,BJ-2024-FT-YIMO-Q12,BJ-2024-FT-YIMO,12,选择题,,整题,MAYBE,完整题-选择题照收,E3,该题正式评分材料候选存在候选/存在冲突，未确认匹配，不下判（同时已有匹配参考答案，选择题按E3计，正式评分材料候选仍待核实）,,不明,2026-09-24-attribution-v3
BJ-2024-FT-YIMO-Q13,BJ-2024-FT-YIMO-Q13,BJ-2024-FT-YIMO-Q13,BJ-2024-FT-YIMO,13,选择题,,整题,MAYBE,完整题-选择题照收,E3,该题正式评分材料候选存在候选/存在冲突，未确认匹配，不下判（同时已有匹配参考答案，选择题按E3计，正式评分材料候选仍待核实）,,倾向,2026-09-24-attribution-v3
BJ-2024-FT-YIMO-Q14,BJ-2024-FT-YIMO-Q14,BJ-2024-FT-YIMO-Q14,BJ-2024-FT-YIMO,14,选择题,,整题,MAYBE,完整题-选择题照收,E3,该题正式评分材料候选存在候选/存在冲突，未确认匹配，不下判（同时已有匹配参考答案，选择题按E3计，正式评分材料候选仍待核实）,,不明,2026-09-24-attribution-v3
BJ-2024-FT-YIMO-Q15,BJ-2024-FT-YIMO-Q15,BJ-2024-FT-YIMO-Q15,BJ-2024-FT-YIMO,15,选择题,,整题,MAYBE,完整题-选择题照收,E3,该题正式评分材料候选存在候选/存在冲突，未确认匹配，不下判（同时已有匹配参考答案，选择题按E3计，正式评分材料候选仍待核实）,,不明,2026-09-24-attribution-v3
BJ-2024-FT-YIMO-Q18#1,BJ-2024-FT-YIMO-Q18,BJ-2024-FT-YIMO-Q18,BJ-2024-FT-YIMO,18,主观题,1,小问,MAYBE,待裁决-证据未核实,待裁决-证据未核实候选,该题正式评分材料候选存在候选/存在冲突，未确认匹配，不下判,,不明,2026-09-24-attribution-v3
BJ-2024-FT-YIMO-Q18#2,BJ-2024-FT-YIMO-Q18,BJ-2024-FT-YIMO-Q18,BJ-2024-FT-YIMO,18,主观题,2,小问,MAYBE,待裁决-证据未核实,待裁决-证据未核实候选,该题正式评分材料候选存在候选/存在冲突，未确认匹配，不下判,,不明,2026-09-24-attribution-v3
BJ-2024-FT-YIMO-Q21,BJ-2024-FT-YIMO-Q21,BJ-2024-FT-YIMO-Q21,BJ-2024-FT-YIMO,21,主观题,,整题,MAYBE,不收-无E1,缺细则-已核实,覆盖rubric_links.csv：该题正式评分材料候选行同为'存在候选'未确认匹配，book-xuanbi-1.md多轮核验确认只有整体等级表/等级条件，没有固定分点，最多E3。 | book-xuanbi-1.md:400 2024丰台一模Q21的正式载体只有整篇等级7—8／4—6／2—3／0—1; book-xuanbi-1.md:418 2024丰台一模Q21只有E3参考方向与同题0—8分等级条件，没有固定分点／角度槽; book-xuanbi-1.md:419 丰台一模Q21固定分点数0，继续未闭环,,不明,2026-09-24-attribution-v3
BJ-2024-FT-ERMO-Q2,BJ-2024-FT-ERMO-Q2,BJ-2024-FT-ERMO-Q2,BJ-2024-FT-ERMO,2,选择题,,整题,MAYBE,完整题-选择题照收,答案键来源未核实(候选未确认),该题正式评分材料候选存在候选/存在冲突，未确认匹配，不下判,,倾向,2026-09-24-attribution-v3
BJ-2024-FT-ERMO-Q3,BJ-2024-FT-ERMO-Q3,BJ-2024-FT-ERMO-Q3,BJ-2024-FT-ERMO,3,选择题,,整题,MAYBE,完整题-选择题照收,答案键来源未核实(候选未确认),该题正式评分材料候选存在候选/存在冲突，未确认匹配，不下判,,不明,2026-09-24-attribution-v3
BJ-2024-FT-ERMO-Q4,BJ-2024-FT-ERMO-Q4,BJ-2024-FT-ERMO-Q4,BJ-2024-FT-ERMO,4,选择题,,整题,MAYBE,完整题-选择题照收,答案键来源未核实(候选未确认),该题正式评分材料候选存在候选/存在冲突，未确认匹配，不下判,,不明,2026-09-24-attribution-v3
BJ-2024-FT-ERMO-Q5,BJ-2024-FT-ERMO-Q5,BJ-2024-FT-ERMO-Q5,BJ-2024-FT-ERMO,5,选择题,,整题,MAYBE,完整题-选择题照收,答案键来源未核实(候选未确认),该题正式评分材料候选存在候选/存在冲突，未确认匹配，不下判,,不明,2026-09-24-attribution-v3
BJ-2024-FT-ERMO-Q6,BJ-2024-FT-ERMO-Q6,BJ-2024-FT-ERMO-Q6,BJ-2024-FT-ERMO,6,选择题,,整题,MAYBE,完整题-选择题照收,答案键来源未核实(候选未确认),该题正式评分材料候选存在候选/存在冲突，未确认匹配，不下判,,不明,2026-09-24-attribution-v3
BJ-2024-FT-ERMO-Q7,BJ-2024-FT-ERMO-Q7,BJ-2024-FT-ERMO-Q7,BJ-2024-FT-ERMO,7,选择题,,整题,MAYBE,完整题-选择题照收,答案键来源未核实(候选未确认),该题正式评分材料候选存在候选/存在冲突，未确认匹配，不下判,,不明,2026-09-24-attribution-v3
BJ-2024-FT-ERMO-Q13,BJ-2024-FT-ERMO-Q13,BJ-2024-FT-ERMO-Q13,BJ-2024-FT-ERMO,13,选择题,,整题,MAYBE,完整题-选择题照收,答案键来源未核实(候选未确认),该题正式评分材料候选存在候选/存在冲突，未确认匹配，不下判,,倾向,2026-09-24-attribution-v3
BJ-2024-FT-ERMO-Q14,BJ-2024-FT-ERMO-Q14,BJ-2024-FT-ERMO-Q14,BJ-2024-FT-ERMO,14,选择题,,整题,MAYBE,完整题-选择题照收,答案键来源未核实(候选未确认),该题正式评分材料候选存在候选/存在冲突，未确认匹配，不下判,,不明,2026-09-24-attribution-v3
BJ-2024-FT-ERMO-Q21,BJ-2024-FT-ERMO-Q21,BJ-2024-FT-ERMO-Q21,BJ-2024-FT-ERMO,21,主观题,,整题,MAYBE,待裁决-证据未核实,待裁决-证据未核实候选,该题正式评分材料候选存在候选/存在冲突，未确认匹配，不下判,,不明,2026-09-24-attribution-v3
BJ-2024-HD-ERMO-Q17#1,BJ-2024-HD-ERMO-Q17,BJ-2024-HD-ERMO-Q17,BJ-2024-HD-ERMO,17,主观题,1,小问,MAYBE,待裁决-证据未核实,待裁决-证据未核实候选,该题正式评分材料候选存在候选/存在冲突，未确认匹配，不下判,B1:rubric_unreadable_not_OUT;B2:rubric_unreadable_not_OUT;B3:rubric_unreadable_not_OUT;CU:rubric_unreadable_not_OUT;X1:rubric_unreadable_not_OUT;X2:rubric_unreadable_not_OUT;RE:rubric_unreadable_not_OUT,确定,2026-09-24-attribution-v3
BJ-2024-HD-ERMO-Q17#2,BJ-2024-HD-ERMO-Q17,BJ-2024-HD-ERMO-Q17,BJ-2024-HD-ERMO,17,主观题,2,小问,MAYBE,待裁决-证据未核实,待裁决-证据未核实候选,该题正式评分材料候选存在候选/存在冲突，未确认匹配，不下判,,不明,2026-09-24-attribution-v3
BJ-2024-HD-ERMO-Q18#1,BJ-2024-HD-ERMO-Q18,BJ-2024-HD-ERMO-Q18,BJ-2024-HD-ERMO,18,主观题,1,小问,MAYBE,待裁决-证据未核实,待裁决-证据未核实候选,该题正式评分材料候选存在候选/存在冲突，未确认匹配，不下判,,不明,2026-09-24-attribution-v3
BJ-2024-HD-ERMO-Q18#2,BJ-2024-HD-ERMO-Q18,BJ-2024-HD-ERMO-Q18,BJ-2024-HD-ERMO,18,主观题,2,小问,MAYBE,待裁决-证据未核实,待裁决-证据未核实候选,该题正式评分材料候选存在候选/存在冲突，未确认匹配，不下判,,倾向,2026-09-24-attribution-v3
BJ-2024-HD-ERMO-Q21,BJ-2024-HD-ERMO-Q21,BJ-2024-HD-ERMO-Q21,BJ-2024-HD-ERMO,21,主观题,,整题,MAYBE,待裁决-证据未核实,待裁决-证据未核实候选,该题正式评分材料候选存在候选/存在冲突，未确认匹配，不下判,,不明,2026-09-24-attribution-v3
BJ-2024-HD-ERMO-Q16,BJ-2024-HD-ERMO-Q16,BJ-2024-HD-ERMO-Q16,BJ-2024-HD-ERMO,16,主观题,,整题,MAYBE,完整题-有E1,E1,逐题已匹配正式评分材料,,倾向,2026-09-24-attribution-v3
BJ-2024-HD-ERMO-Q19#1,BJ-2024-HD-ERMO-Q19,BJ-2024-HD-ERMO-Q19,BJ-2024-HD-ERMO,19,主观题,1,小问,MAYBE,待裁决-证据未核实,待裁决-证据未核实候选,该题正式评分材料候选存在候选/存在冲突，未确认匹配，不下判,"关联但不合并(疑似跨卷复用/串题,非duplicate_registration_alias):dup_of=BJ-2026-FT-QIMO-Q19",不明,2026-09-24-attribution-v3
BJ-2024-HD-ERMO-Q2,BJ-2024-HD-ERMO-Q2,BJ-2024-HD-ERMO-Q2,BJ-2024-HD-ERMO,2,选择题,,整题,MAYBE,完整题-选择题照收,E3,该题正式评分材料候选存在候选/存在冲突，未确认匹配，不下判（同时已有匹配参考答案，选择题按E3计，正式评分材料候选仍待核实）,,不明,2026-09-24-attribution-v3
BJ-2024-HD-ERMO-Q3,BJ-2024-HD-ERMO-Q3,BJ-2024-HD-ERMO-Q3,BJ-2024-HD-ERMO,3,选择题,,整题,MAYBE,完整题-选择题照收,E3,该题正式评分材料候选存在候选/存在冲突，未确认匹配，不下判（同时已有匹配参考答案，选择题按E3计，正式评分材料候选仍待核实）,,不明,2026-09-24-attribution-v3
BJ-2024-HD-ERMO-Q4,BJ-2024-HD-ERMO-Q4,BJ-2024-HD-ERMO-Q4,BJ-2024-HD-ERMO,4,选择题,,整题,MAYBE,完整题-选择题照收,E3,该题正式评分材料候选存在候选/存在冲突，未确认匹配，不下判（同时已有匹配参考答案，选择题按E3计，正式评分材料候选仍待核实）,,不明,2026-09-24-attribution-v3
BJ-2024-HD-ERMO-Q7,BJ-2024-HD-ERMO-Q7,BJ-2024-HD-ERMO-Q7,BJ-2024-HD-ERMO,7,选择题,,整题,MAYBE,完整题-选择题照收,E3,该题正式评分材料候选存在候选/存在冲突，未确认匹配，不下判（同时已有匹配参考答案，选择题按E3计，正式评分材料候选仍待核实）,,不明,2026-09-24-attribution-v3
BJ-2024-HD-ERMO-Q12,BJ-2024-HD-ERMO-Q12,BJ-2024-HD-ERMO-Q12,BJ-2024-HD-ERMO,12,选择题,,整题,MAYBE,完整题-选择题照收,E3,该题正式评分材料候选存在候选/存在冲突，未确认匹配，不下判（同时已有匹配参考答案，选择题按E3计，正式评分材料候选仍待核实）,,不明,2026-09-24-attribution-v3
BJ-2024-HD-ERMO-Q13,BJ-2024-HD-ERMO-Q13,BJ-2024-HD-ERMO-Q13,BJ-2024-HD-ERMO,13,选择题,,整题,MAYBE,完整题-选择题照收,E3,该题正式评分材料候选存在候选/存在冲突，未确认匹配，不下判（同时已有匹配参考答案，选择题按E3计，正式评分材料候选仍待核实）,,倾向,2026-09-24-attribution-v3
BJ-2024-HD-ERMO-Q14,BJ-2024-HD-ERMO-Q14,BJ-2024-HD-ERMO-Q14,BJ-2024-HD-ERMO,14,选择题,,整题,MAYBE,完整题-选择题照收,E3,该题正式评分材料候选存在候选/存在冲突，未确认匹配，不下判（同时已有匹配参考答案，选择题按E3计，正式评分材料候选仍待核实）,,不明,2026-09-24-attribution-v3
BJ-2024-SJS-YIMO-Q4,BJ-2024-SJS-YIMO-Q4,BJ-2024-SJS-YIMO-Q4,BJ-2024-SJS-YIMO,4,选择题,,整题,MAYBE,完整题-选择题照收,E1,逐题已匹配正式评分材料,,不明,2026-09-24-attribution-v3
BJ-2024-SJS-YIMO-Q2,BJ-2024-SJS-YIMO-Q2,BJ-2024-SJS-YIMO-Q2,BJ-2024-SJS-YIMO,2,选择题,,整题,MAYBE,完整题-选择题照收,答案键来源未核实(候选未确认),该题正式评分材料候选存在候选/存在冲突，未确认匹配，不下判,,不明,2026-09-24-attribution-v3
BJ-2024-SJS-YIMO-Q3,BJ-2024-SJS-YIMO-Q3,BJ-2024-SJS-YIMO-Q3,BJ-2024-SJS-YIMO,3,选择题,,整题,MAYBE,完整题-选择题照收,答案键来源未核实(候选未确认),该题正式评分材料候选存在候选/存在冲突，未确认匹配，不下判,,不明,2026-09-24-attribution-v3
BJ-2024-SJS-YIMO-Q5,BJ-2024-SJS-YIMO-Q5,BJ-2024-SJS-YIMO-Q5,BJ-2024-SJS-YIMO,5,选择题,,整题,MAYBE,完整题-选择题照收,答案键来源未核实(候选未确认),该题正式评分材料候选存在候选/存在冲突，未确认匹配，不下判,,不明,2026-09-24-attribution-v3
BJ-2024-SJS-YIMO-Q12,BJ-2024-SJS-YIMO-Q12,BJ-2024-SJS-YIMO-Q12,BJ-2024-SJS-YIMO,12,选择题,,整题,MAYBE,完整题-选择题照收,答案键来源未核实(候选未确认),该题正式评分材料候选存在候选/存在冲突，未确认匹配，不下判,,不明,2026-09-24-attribution-v3
BJ-2024-SJS-YIMO-Q13,BJ-2024-SJS-YIMO-Q13,BJ-2024-SJS-YIMO-Q13,BJ-2024-SJS-YIMO,13,选择题,,整题,MAYBE,完整题-选择题照收,答案键来源未核实(候选未确认),该题正式评分材料候选存在候选/存在冲突，未确认匹配，不下判,,不明,2026-09-24-attribution-v3
BJ-2024-SJS-YIMO-Q14,BJ-2024-SJS-YIMO-Q14,BJ-2024-SJS-YIMO-Q14,BJ-2024-SJS-YIMO,14,选择题,,整题,MAYBE,完整题-选择题照收,答案键来源未核实(候选未确认),该题正式评分材料候选存在候选/存在冲突，未确认匹配，不下判,,不明,2026-09-24-attribution-v3
BJ-2024-SJS-YIMO-Q16,BJ-2024-SJS-YIMO-Q16,BJ-2024-SJS-YIMO-Q16,BJ-2024-SJS-YIMO,16,主观题,,整题,MAYBE,待裁决-证据未核实,待裁决-证据未核实候选,该题正式评分材料候选存在候选/存在冲突，未确认匹配，不下判,B1:rubric_unreadable_not_OUT;B2:rubric_unreadable_not_OUT;B3:rubric_unreadable_not_OUT;X1:rubric_unreadable_not_OUT;X2:rubric_unreadable_not_OUT;MI:rubric_unreadable_not_OUT;RE:rubric_unreadable_not_OUT,倾向,2026-09-24-attribution-v3
BJ-2024-SJS-YIMO-Q19#1,BJ-2024-SJS-YIMO-Q19,BJ-2024-SJS-YIMO-Q19,BJ-2024-SJS-YIMO,19,主观题,1,小问,MAYBE,收-具名例外,具名例外,具名例外:item_level_no_rubric，只覆盖Q19(1)，不扩张到同卷其他题目 | project-constitution.md:13 special_override：2026-08-27 用户明确特批 2024 石景山一模第19题第（1）问为题级无正式细则例外; project-constitution.md:50 用户于2026-08-27又明确特批必修二2024石景山一模第19题第（1）问为题级例外；该特批只覆盖这一小问，不扩张到同卷其他题目,,不明,2026-09-24-attribution-v3
BJ-2024-SJS-YIMO-Q19#2,BJ-2024-SJS-YIMO-Q19,BJ-2024-SJS-YIMO-Q19,BJ-2024-SJS-YIMO,19,主观题,2,小问,MAYBE,不收-无E1,缺细则-已核实,该小问不在project-constitution:13/50给Q19(1)的题级例外范围内，且book-xuanbi-1.md独立核验确认Q19(2)只有重复参考答案，最多E3，不落入'待裁决'而是确认负例。 | book-xuanbi-1.md:400 2024石景山一模Q19（2）只有重复参考答案; book-xuanbi-1.md:418 2024石景山一模Q19（2）只有E3参考答案,,不明,2026-09-24-attribution-v3
BJ-2024-SJS-YIMO-Q19#3,BJ-2024-SJS-YIMO-Q19,BJ-2024-SJS-YIMO-Q19,BJ-2024-SJS-YIMO,19,主观题,3,小问,MAYBE,待裁决-证据未核实,待裁决-证据未核实候选,该题正式评分材料候选存在候选/存在冲突，未确认匹配，不下判,,不明,2026-09-24-attribution-v3
BJ-2024-SJS-YIMO-Q20,BJ-2024-SJS-YIMO-Q20,BJ-2024-SJS-YIMO-Q20,BJ-2024-SJS-YIMO,20,主观题,,整题,MAYBE,待裁决-证据未核实,待裁决-证据未核实候选,该题正式评分材料候选存在候选/存在冲突，未确认匹配，不下判,,不明,2026-09-24-attribution-v3
BJ-2024-XC-YIMO-Q17,BJ-2024-XC-YIMO-Q17,BJ-2024-XC-YIMO-Q17,BJ-2024-XC-YIMO,17,主观题,,整题,MAYBE,完整题-有E1,E1,逐题已匹配正式评分材料,,倾向,2026-09-24-attribution-v3
BJ-2024-XC-YIMO-Q18#1,BJ-2024-XC-YIMO-Q18,BJ-2024-XC-YIMO-Q18,BJ-2024-XC-YIMO,18,主观题,1,小问,MAYBE,完整题-有E1,E1,逐题已匹配正式评分材料,,不明,2026-09-24-attribution-v3
BJ-2024-XC-YIMO-Q18#2,BJ-2024-XC-YIMO-Q18,BJ-2024-XC-YIMO-Q18,BJ-2024-XC-YIMO,18,主观题,2,小问,MAYBE,完整题-有E1,E1,逐题已匹配正式评分材料,,不明,2026-09-24-attribution-v3
BJ-2024-XC-YIMO-Q2,BJ-2024-XC-YIMO-Q2,BJ-2024-XC-YIMO-Q2,BJ-2024-XC-YIMO,2,选择题,,整题,MAYBE,完整题-选择题照收,E3,该题正式评分材料候选存在候选/存在冲突，未确认匹配，不下判（同时已有匹配参考答案，选择题按E3计，正式评分材料候选仍待核实）,,倾向,2026-09-24-attribution-v3
BJ-2024-XC-YIMO-Q3,BJ-2024-XC-YIMO-Q3,BJ-2024-XC-YIMO-Q3,BJ-2024-XC-YIMO,3,选择题,,整题,MAYBE,完整题-选择题照收,E3,该题正式评分材料候选存在候选/存在冲突，未确认匹配，不下判（同时已有匹配参考答案，选择题按E3计，正式评分材料候选仍待核实）,,不明,2026-09-24-attribution-v3
BJ-2024-XC-YIMO-Q4,BJ-2024-XC-YIMO-Q4,BJ-2024-XC-YIMO-Q4,BJ-2024-XC-YIMO,4,选择题,,整题,MAYBE,完整题-选择题照收,E3,该题正式评分材料候选存在候选/存在冲突，未确认匹配，不下判（同时已有匹配参考答案，选择题按E3计，正式评分材料候选仍待核实）,,倾向,2026-09-24-attribution-v3
BJ-2024-XC-YIMO-Q6,BJ-2024-XC-YIMO-Q6,BJ-2024-XC-YIMO-Q6,BJ-2024-XC-YIMO,6,选择题,,整题,MAYBE,完整题-选择题照收,E3,该题正式评分材料候选存在候选/存在冲突，未确认匹配，不下判（同时已有匹配参考答案，选择题按E3计，正式评分材料候选仍待核实）,,不明,2026-09-24-attribution-v3
BJ-2024-XC-YIMO-Q7,BJ-2024-XC-YIMO-Q7,BJ-2024-XC-YIMO-Q7,BJ-2024-XC-YIMO,7,选择题,,整题,MAYBE,完整题-选择题照收,E3,该题正式评分材料候选存在候选/存在冲突，未确认匹配，不下判（同时已有匹配参考答案，选择题按E3计，正式评分材料候选仍待核实）,,不明,2026-09-24-attribution-v3
BJ-2024-XC-YIMO-Q10,BJ-2024-XC-YIMO-Q10,BJ-2024-XC-YIMO-Q10,BJ-2024-XC-YIMO,10,选择题,,整题,MAYBE,完整题-选择题照收,E3,该题正式评分材料候选存在候选/存在冲突，未确认匹配，不下判（同时已有匹配参考答案，选择题按E3计，正式评分材料候选仍待核实）,,不明,2026-09-24-attribution-v3
BJ-2024-XC-YIMO-Q13,BJ-2024-XC-YIMO-Q13,BJ-2024-XC-YIMO-Q13,BJ-2024-XC-YIMO,13,选择题,,整题,MAYBE,完整题-选择题照收,E3,该题正式评分材料候选存在候选/存在冲突，未确认匹配，不下判（同时已有匹配参考答案，选择题按E3计，正式评分材料候选仍待核实）,,倾向,2026-09-24-attribution-v3
BJ-2024-XC-YIMO-Q14,BJ-2024-XC-YIMO-Q14,BJ-2024-XC-YIMO-Q14,BJ-2024-XC-YIMO,14,选择题,,整题,MAYBE,完整题-选择题照收,E3,该题正式评分材料候选存在候选/存在冲突，未确认匹配，不下判（同时已有匹配参考答案，选择题按E3计，正式评分材料候选仍待核实）,,不明,2026-09-24-attribution-v3
BJ-2024-XC-ERMO-Q17,BJ-2024-XC-ERMO-Q17,BJ-2024-XC-ERMO-Q17,BJ-2024-XC-ERMO,17,主观题,,整题,MAYBE,完整题-有E1,E1,逐题已匹配正式评分材料,,不明,2026-09-24-attribution-v3
BJ-2024-XC-ERMO-Q19,BJ-2024-XC-ERMO-Q19,BJ-2024-XC-ERMO-Q19,BJ-2024-XC-ERMO,19,主观题,,整题,MAYBE,完整题-有E1,E1,逐题已匹配正式评分材料,,倾向,2026-09-24-attribution-v3
BJ-2024-XC-ERMO-Q2,BJ-2024-XC-ERMO-Q2,BJ-2024-XC-ERMO-Q2,BJ-2024-XC-ERMO,2,选择题,,整题,MAYBE,完整题-选择题照收,E3,该题正式评分材料候选存在候选/存在冲突，未确认匹配，不下判（同时已有匹配参考答案，选择题按E3计，正式评分材料候选仍待核实）,,不明,2026-09-24-attribution-v3
BJ-2024-XC-ERMO-Q3,BJ-2024-XC-ERMO-Q3,BJ-2024-XC-ERMO-Q3,BJ-2024-XC-ERMO,3,选择题,,整题,MAYBE,完整题-选择题照收,E3,该题正式评分材料候选存在候选/存在冲突，未确认匹配，不下判（同时已有匹配参考答案，选择题按E3计，正式评分材料候选仍待核实）,,不明,2026-09-24-attribution-v3
BJ-2024-XC-ERMO-Q5,BJ-2024-XC-ERMO-Q5,BJ-2024-XC-ERMO-Q5,BJ-2024-XC-ERMO,5,选择题,,整题,MAYBE,完整题-选择题照收,E3,该题正式评分材料候选存在候选/存在冲突，未确认匹配，不下判（同时已有匹配参考答案，选择题按E3计，正式评分材料候选仍待核实）,,不明,2026-09-24-attribution-v3
BJ-2024-XC-ERMO-Q6,BJ-2024-XC-ERMO-Q6,BJ-2024-XC-ERMO-Q6,BJ-2024-XC-ERMO,6,选择题,,整题,MAYBE,完整题-选择题照收,E3,该题正式评分材料候选存在候选/存在冲突，未确认匹配，不下判（同时已有匹配参考答案，选择题按E3计，正式评分材料候选仍待核实）,,不明,2026-09-24-attribution-v3
BJ-2024-XC-ERMO-Q7,BJ-2024-XC-ERMO-Q7,BJ-2024-XC-ERMO-Q7,BJ-2024-XC-ERMO,7,选择题,,整题,MAYBE,完整题-选择题照收,E3,该题正式评分材料候选存在候选/存在冲突，未确认匹配，不下判（同时已有匹配参考答案，选择题按E3计，正式评分材料候选仍待核实）,,不明,2026-09-24-attribution-v3
BJ-2024-XC-ERMO-Q12,BJ-2024-XC-ERMO-Q12,BJ-2024-XC-ERMO-Q12,BJ-2024-XC-ERMO,12,选择题,,整题,MAYBE,完整题-选择题照收,E3,该题正式评分材料候选存在候选/存在冲突，未确认匹配，不下判（同时已有匹配参考答案，选择题按E3计，正式评分材料候选仍待核实）,,倾向,2026-09-24-attribution-v3
BJ-2024-XC-ERMO-Q13,BJ-2024-XC-ERMO-Q13,BJ-2024-XC-ERMO-Q13,BJ-2024-XC-ERMO,13,选择题,,整题,MAYBE,完整题-选择题照收,E3,该题正式评分材料候选存在候选/存在冲突，未确认匹配，不下判（同时已有匹配参考答案，选择题按E3计，正式评分材料候选仍待核实）,,倾向,2026-09-24-attribution-v3
BJ-2025-DC-YIMO-Q16,BJ-2025-DC-YIMO-Q16,BJ-2025-DC-YIMO-Q16,BJ-2025-DC-YIMO,16,主观题,,整题,MAYBE,完整题-有E1,E1,逐题已匹配正式评分材料,,倾向,2026-09-24-attribution-v3
BJ-2025-DC-YIMO-Q3,BJ-2025-DC-YIMO-Q3,BJ-2025-DC-YIMO-Q3,BJ-2025-DC-YIMO,3,选择题,,整题,MAYBE,完整题-选择题照收,E1,逐题已匹配正式评分材料,,不明,2026-09-24-attribution-v3
BJ-2025-DC-YIMO-Q5,BJ-2025-DC-YIMO-Q5,BJ-2025-DC-YIMO-Q5,BJ-2025-DC-YIMO,5,选择题,,整题,MAYBE,完整题-选择题照收,E1,逐题已匹配正式评分材料,,不明,2026-09-24-attribution-v3
BJ-2025-DC-YIMO-Q17,BJ-2025-DC-YIMO-Q17,BJ-2025-DC-YIMO-Q17,BJ-2025-DC-YIMO,17,主观题,,整题,MAYBE,完整题-有E1,E1,逐题已匹配正式评分材料,,倾向,2026-09-24-attribution-v3
BJ-2025-DC-YIMO-Q19,BJ-2025-DC-YIMO-Q19,BJ-2025-DC-YIMO-Q19,BJ-2025-DC-YIMO,19,主观题,,整题,MAYBE,完整题-有E1,E1,逐题已匹配正式评分材料,,不明,2026-09-24-attribution-v3
BJ-2025-DC-YIMO-Q20,BJ-2025-DC-YIMO-Q20,BJ-2025-DC-YIMO-Q20,BJ-2025-DC-YIMO,20,主观题,,整题,MAYBE,完整题-有E1,E1,逐题已匹配正式评分材料,,不明,2026-09-24-attribution-v3
BJ-2025-DC-YIMO-Q21,BJ-2025-DC-YIMO-Q21,BJ-2025-DC-YIMO-Q21,BJ-2025-DC-YIMO,21,主观题,,整题,MAYBE,完整题-有E1,E1,逐题已匹配正式评分材料,,不明,2026-09-24-attribution-v3
BJ-2025-DC-YIMO-Q2,BJ-2025-DC-YIMO-Q2,BJ-2025-DC-YIMO-Q2,BJ-2025-DC-YIMO,2,选择题,,整题,MAYBE,完整题-选择题照收,答案键来源未核实(候选未确认),该题正式评分材料候选存在候选/存在冲突，未确认匹配，不下判,,不明,2026-09-24-attribution-v3
BJ-2025-DC-YIMO-Q6,BJ-2025-DC-YIMO-Q6,BJ-2025-DC-YIMO-Q6,BJ-2025-DC-YIMO,6,选择题,,整题,MAYBE,完整题-选择题照收,答案键来源未核实(候选未确认),该题正式评分材料候选存在候选/存在冲突，未确认匹配，不下判,,不明,2026-09-24-attribution-v3
BJ-2025-DC-YIMO-Q7,BJ-2025-DC-YIMO-Q7,BJ-2025-DC-YIMO-Q7,BJ-2025-DC-YIMO,7,选择题,,整题,MAYBE,完整题-选择题照收,答案键来源未核实(候选未确认),该题正式评分材料候选存在候选/存在冲突，未确认匹配，不下判,,不明,2026-09-24-attribution-v3
BJ-2025-DC-YIMO-Q12,BJ-2025-DC-YIMO-Q12,BJ-2025-DC-YIMO-Q12,BJ-2025-DC-YIMO,12,选择题,,整题,MAYBE,完整题-选择题照收,答案键来源未核实(候选未确认),该题正式评分材料候选存在候选/存在冲突，未确认匹配，不下判,,不明,2026-09-24-attribution-v3
BJ-2025-DC-YIMO-Q14,BJ-2025-DC-YIMO-Q14,BJ-2025-DC-YIMO-Q14,BJ-2025-DC-YIMO,14,选择题,,整题,MAYBE,完整题-选择题照收,答案键来源未核实(候选未确认),该题正式评分材料候选存在候选/存在冲突，未确认匹配，不下判,,不明,2026-09-24-attribution-v3
BJ-2025-DC-YIMO-Q18#1,BJ-2025-DC-YIMO-Q18,BJ-2025-DC-YIMO-Q18,BJ-2025-DC-YIMO,18,主观题,1,小问,MAYBE,待裁决-证据未核实,待裁决-证据未核实候选,该题正式评分材料候选存在候选/存在冲突，未确认匹配，不下判,,不明,2026-09-24-attribution-v3
BJ-2025-DC-YIMO-Q18#2,BJ-2025-DC-YIMO-Q18,BJ-2025-DC-YIMO-Q18,BJ-2025-DC-YIMO,18,主观题,2,小问,MAYBE,待裁决-证据未核实,待裁决-证据未核实候选,该题正式评分材料候选存在候选/存在冲突，未确认匹配，不下判,,不明,2026-09-24-attribution-v3
BJ-2025-FT-YIMO-Q2,BJ-2025-FT-YIMO-Q2,BJ-2025-FT-YIMO-Q2,BJ-2025-FT-YIMO,2,选择题,,整题,MAYBE,完整题-选择题照收,答案键来源未核实(候选未确认),该题正式评分材料候选存在候选/存在冲突，未确认匹配，不下判,,倾向,2026-09-24-attribution-v3
BJ-2025-FT-YIMO-Q3,BJ-2025-FT-YIMO-Q3,BJ-2025-FT-YIMO-Q3,BJ-2025-FT-YIMO,3,选择题,,整题,MAYBE,完整题-选择题照收,答案键来源未核实(候选未确认),该题正式评分材料候选存在候选/存在冲突，未确认匹配，不下判,,不明,2026-09-24-attribution-v3
BJ-2025-FT-YIMO-Q5,BJ-2025-FT-YIMO-Q5,BJ-2025-FT-YIMO-Q5,BJ-2025-FT-YIMO,5,选择题,,整题,MAYBE,完整题-选择题照收,答案键来源未核实(候选未确认),该题正式评分材料候选存在候选/存在冲突，未确认匹配，不下判,,不明,2026-09-24-attribution-v3
BJ-2025-FT-YIMO-Q6,BJ-2025-FT-YIMO-Q6,BJ-2025-FT-YIMO-Q6,BJ-2025-FT-YIMO,6,选择题,,整题,MAYBE,完整题-选择题照收,答案键来源未核实(候选未确认),该题正式评分材料候选存在候选/存在冲突，未确认匹配，不下判,,不明,2026-09-24-attribution-v3
BJ-2025-FT-YIMO-Q7,BJ-2025-FT-YIMO-Q7,BJ-2025-FT-YIMO-Q7,BJ-2025-FT-YIMO,7,选择题,,整题,MAYBE,完整题-选择题照收,答案键来源未核实(候选未确认),该题正式评分材料候选存在候选/存在冲突，未确认匹配，不下判,,不明,2026-09-24-attribution-v3
BJ-2025-FT-YIMO-Q16,BJ-2025-FT-YIMO-Q16,BJ-2025-FT-YIMO-Q16,BJ-2025-FT-YIMO,16,主观题,,整题,MAYBE,待裁决-证据未核实,待裁决-证据未核实候选,该题正式评分材料候选存在候选/存在冲突，未确认匹配，不下判,B1:rubric_unreadable_not_OUT;B2:rubric_unreadable_not_OUT;B3:rubric_unreadable_not_OUT;X1:rubric_unreadable_not_OUT;X2:rubric_unreadable_not_OUT;MI:rubric_unreadable_not_OUT;RE:rubric_unreadable_not_OUT,确定,2026-09-24-attribution-v3
BJ-2025-FT-YIMO-Q17#1,BJ-2025-FT-YIMO-Q17,BJ-2025-FT-YIMO-Q17,BJ-2025-FT-YIMO,17,主观题,1,小问,MAYBE,待裁决-证据未核实,待裁决-证据未核实候选,该题正式评分材料候选存在候选/存在冲突，未确认匹配，不下判,B1:rubric_unreadable_not_OUT;B2:rubric_unreadable_not_OUT;PH:rubric_unreadable_not_OUT;CU:rubric_unreadable_not_OUT;X1:rubric_unreadable_not_OUT;RE:rubric_unreadable_not_OUT,倾向,2026-09-24-attribution-v3
BJ-2025-FT-YIMO-Q17#2,BJ-2025-FT-YIMO-Q17,BJ-2025-FT-YIMO-Q17,BJ-2025-FT-YIMO,17,主观题,2,小问,MAYBE,待裁决-证据未核实,待裁决-证据未核实候选,该题正式评分材料候选存在候选/存在冲突，未确认匹配，不下判,,不明,2026-09-24-attribution-v3
BJ-2025-FT-YIMO-Q17#3,BJ-2025-FT-YIMO-Q17,BJ-2025-FT-YIMO-Q17,BJ-2025-FT-YIMO,17,主观题,3,小问,MAYBE,待裁决-证据未核实,待裁决-证据未核实候选,该题正式评分材料候选存在候选/存在冲突，未确认匹配，不下判,,不明,2026-09-24-attribution-v3
BJ-2025-FT-YIMO-Q19,BJ-2025-FT-YIMO-Q19,BJ-2025-FT-YIMO-Q19,BJ-2025-FT-YIMO,19,主观题,,整题,MAYBE,待裁决-证据未核实,待裁决-证据未核实候选,该题正式评分材料候选存在候选/存在冲突，未确认匹配，不下判,,不明,2026-09-24-attribution-v3
BJ-2025-FT-YIMO-Q20,BJ-2025-FT-YIMO-Q20,BJ-2025-FT-YIMO-Q20,BJ-2025-FT-YIMO,20,主观题,,整题,MAYBE,待裁决-证据未核实,待裁决-证据未核实候选,该题正式评分材料候选存在候选/存在冲突，未确认匹配，不下判,B1:rubric_unreadable_not_OUT;B3:rubric_unreadable_not_OUT;PH:rubric_unreadable_not_OUT;CU:rubric_unreadable_not_OUT;X2:rubric_unreadable_not_OUT;MI:rubric_unreadable_not_OUT;RE:rubric_unreadable_not_OUT,确定,2026-09-24-attribution-v3
BJ-2025-FT-YIMO-Q21,BJ-2025-FT-YIMO-Q21,BJ-2025-FT-YIMO-Q21,BJ-2025-FT-YIMO,21,主观题,,整题,MAYBE,待裁决-证据未核实,待裁决-证据未核实候选,该题正式评分材料候选存在候选/存在冲突，未确认匹配，不下判,,不明,2026-09-24-attribution-v3
BJ-2025-YQ-YIMO-Q17,BJ-2025-YQ-YIMO-Q17,BJ-2025-YQ-YIMO-Q17,BJ-2025-YQ-YIMO,17,主观题,,整题,MAYBE,完整题-有E1,E1,逐题已匹配正式评分材料,B1:rubric_unreadable_not_OUT;PH:rubric_unreadable_not_OUT;CU:rubric_unreadable_not_OUT;X2:rubric_unreadable_not_OUT;MI:rubric_unreadable_not_OUT;RE:rubric_unreadable_not_OUT,倾向,2026-09-24-attribution-v3
BJ-2025-YQ-YIMO-Q20#1,BJ-2025-YQ-YIMO-Q20,BJ-2025-YQ-YIMO-Q20,BJ-2025-YQ-YIMO,20,主观题,1,小问,MAYBE,完整题-有E1,E1,逐题已匹配正式评分材料,B1:rubric_unreadable_not_OUT;B3:rubric_unreadable_not_OUT;PH:rubric_unreadable_not_OUT;CU:rubric_unreadable_not_OUT;X2:rubric_unreadable_not_OUT;MI:rubric_unreadable_not_OUT;RE:rubric_unreadable_not_OUT,确定,2026-09-24-attribution-v3
BJ-2025-YQ-YIMO-Q20#2,BJ-2025-YQ-YIMO-Q20,BJ-2025-YQ-YIMO-Q20,BJ-2025-YQ-YIMO,20,主观题,2,小问,MAYBE,完整题-有E1,E1,逐题已匹配正式评分材料,B1:rubric_unreadable_not_OUT;B3:rubric_unreadable_not_OUT;PH:rubric_unreadable_not_OUT;CU:rubric_unreadable_not_OUT;X2:rubric_unreadable_not_OUT;MI:rubric_unreadable_not_OUT;RE:rubric_unreadable_not_OUT,确定,2026-09-24-attribution-v3
BJ-2025-YQ-YIMO-Q2,BJ-2025-YQ-YIMO-Q2,BJ-2025-YQ-YIMO-Q2,BJ-2025-YQ-YIMO,2,选择题,,整题,MAYBE,完整题-选择题照收,答案键来源未核实(候选未确认),该题正式评分材料候选存在候选/存在冲突，未确认匹配，不下判,,不明,2026-09-24-attribution-v3
BJ-2025-YQ-YIMO-Q3,BJ-2025-YQ-YIMO-Q3,BJ-2025-YQ-YIMO-Q3,BJ-2025-YQ-YIMO,3,选择题,,整题,MAYBE,完整题-选择题照收,答案键来源未核实(候选未确认),该题正式评分材料候选存在候选/存在冲突，未确认匹配，不下判,,不明,2026-09-24-attribution-v3
BJ-2025-YQ-YIMO-Q4,BJ-2025-YQ-YIMO-Q4,BJ-2025-YQ-YIMO-Q4,BJ-2025-YQ-YIMO,4,选择题,,整题,MAYBE,完整题-选择题照收,答案键来源未核实(候选未确认),该题正式评分材料候选存在候选/存在冲突，未确认匹配，不下判,,不明,2026-09-24-attribution-v3
BJ-2025-YQ-YIMO-Q8,BJ-2025-YQ-YIMO-Q8,BJ-2025-YQ-YIMO-Q8,BJ-2025-YQ-YIMO,8,选择题,,整题,MAYBE,完整题-选择题照收,答案键来源未核实(候选未确认),该题正式评分材料候选存在候选/存在冲突，未确认匹配，不下判,,不明,2026-09-24-attribution-v3
BJ-2025-YQ-YIMO-Q12,BJ-2025-YQ-YIMO-Q12,BJ-2025-YQ-YIMO-Q12,BJ-2025-YQ-YIMO,12,选择题,,整题,MAYBE,完整题-选择题照收,答案键来源未核实(候选未确认),该题正式评分材料候选存在候选/存在冲突，未确认匹配，不下判,,不明,2026-09-24-attribution-v3
BJ-2025-YQ-YIMO-Q13,BJ-2025-YQ-YIMO-Q13,BJ-2025-YQ-YIMO-Q13,BJ-2025-YQ-YIMO,13,选择题,,整题,MAYBE,完整题-选择题照收,答案键来源未核实(候选未确认),该题正式评分材料候选存在候选/存在冲突，未确认匹配，不下判,,倾向,2026-09-24-attribution-v3
BJ-2025-YQ-YIMO-Q14,BJ-2025-YQ-YIMO-Q14,BJ-2025-YQ-YIMO-Q14,BJ-2025-YQ-YIMO,14,选择题,,整题,MAYBE,完整题-选择题照收,答案键来源未核实(候选未确认),该题正式评分材料候选存在候选/存在冲突，未确认匹配，不下判,,不明,2026-09-24-attribution-v3
BJ-2025-YQ-YIMO-Q18,BJ-2025-YQ-YIMO-Q18,BJ-2025-YQ-YIMO-Q18,BJ-2025-YQ-YIMO,18,主观题,,整题,MAYBE,待裁决-证据未核实,待裁决-证据未核实候选,该题正式评分材料候选存在候选/存在冲突，未确认匹配，不下判,,不明,2026-09-24-attribution-v3
BJ-2025-YQ-YIMO-Q19,BJ-2025-YQ-YIMO-Q19,BJ-2025-YQ-YIMO-Q19,BJ-2025-YQ-YIMO,19,主观题,,整题,MAYBE,待裁决-证据未核实,待裁决-证据未核实候选,该题正式评分材料候选存在候选/存在冲突，未确认匹配，不下判,B1:rubric_unreadable_not_OUT;B3:rubric_unreadable_not_OUT;PH:rubric_unreadable_not_OUT;CU:rubric_unreadable_not_OUT;X1:rubric_unreadable_not_OUT;MI:rubric_unreadable_not_OUT;RE:rubric_unreadable_not_OUT,倾向,2026-09-24-attribution-v3
BJ-2025-YQ-YIMO-Q21,BJ-2025-YQ-YIMO-Q21,BJ-2025-YQ-YIMO-Q21,BJ-2025-YQ-YIMO,21,主观题,,整题,MAYBE,待裁决-证据未核实,待裁决-证据未核实候选,该题正式评分材料候选存在候选/存在冲突，未确认匹配，不下判,,不明,2026-09-24-attribution-v3
BJ-2025-FS-YIMO-Q17,BJ-2025-FS-YIMO-Q17,BJ-2025-FS-YIMO-Q17,BJ-2025-FS-YIMO,17,主观题,,整题,MAYBE,完整题-有E1,E1,逐题已匹配正式评分材料,,不明,2026-09-24-attribution-v3
BJ-2025-FS-YIMO-Q18#1,BJ-2025-FS-YIMO-Q18,BJ-2025-FS-YIMO-Q18,BJ-2025-FS-YIMO,18,主观题,1,小问,MAYBE,完整题-有E1,E1,逐题已匹配正式评分材料,,不明,2026-09-24-attribution-v3
BJ-2025-FS-YIMO-Q18#2,BJ-2025-FS-YIMO-Q18,BJ-2025-FS-YIMO-Q18,BJ-2025-FS-YIMO,18,主观题,2,小问,MAYBE,完整题-有E1,E1,逐题已匹配正式评分材料,,不明,2026-09-24-attribution-v3
BJ-2025-FS-YIMO-Q20#2,BJ-2025-FS-YIMO-Q20,BJ-2025-FS-YIMO-Q20,BJ-2025-FS-YIMO,20,主观题,2,小问,MAYBE,完整题-有E1,E1,逐题已匹配正式评分材料,,不明,2026-09-24-attribution-v3
BJ-2025-FS-YIMO-Q20#3,BJ-2025-FS-YIMO-Q20,BJ-2025-FS-YIMO-Q20,BJ-2025-FS-YIMO,20,主观题,3,小问,MAYBE,完整题-有E1,E1,逐题已匹配正式评分材料,,不明,2026-09-24-attribution-v3
BJ-2025-FS-YIMO-Q2,BJ-2025-FS-YIMO-Q2,BJ-2025-FS-YIMO-Q2,BJ-2025-FS-YIMO,2,选择题,,整题,MAYBE,完整题-选择题照收,答案键来源未核实(候选未确认),该题正式评分材料候选存在候选/存在冲突，未确认匹配，不下判,,不明,2026-09-24-attribution-v3
BJ-2025-FS-YIMO-Q3,BJ-2025-FS-YIMO-Q3,BJ-2025-FS-YIMO-Q3,BJ-2025-FS-YIMO,3,选择题,,整题,MAYBE,完整题-选择题照收,答案键来源未核实(候选未确认),该题正式评分材料候选存在候选/存在冲突，未确认匹配，不下判,,不明,2026-09-24-attribution-v3
BJ-2025-FS-YIMO-Q4,BJ-2025-FS-YIMO-Q4,BJ-2025-FS-YIMO-Q4,BJ-2025-FS-YIMO,4,选择题,,整题,MAYBE,完整题-选择题照收,答案键来源未核实(候选未确认),该题正式评分材料候选存在候选/存在冲突，未确认匹配，不下判,,不明,2026-09-24-attribution-v3
BJ-2025-FS-YIMO-Q5,BJ-2025-FS-YIMO-Q5,BJ-2025-FS-YIMO-Q5,BJ-2025-FS-YIMO,5,选择题,,整题,MAYBE,完整题-选择题照收,答案键来源未核实(候选未确认),该题正式评分材料候选存在候选/存在冲突，未确认匹配，不下判,,不明,2026-09-24-attribution-v3
BJ-2025-FS-YIMO-Q7,BJ-2025-FS-YIMO-Q7,BJ-2025-FS-YIMO-Q7,BJ-2025-FS-YIMO,7,选择题,,整题,MAYBE,完整题-选择题照收,答案键来源未核实(候选未确认),该题正式评分材料候选存在候选/存在冲突，未确认匹配，不下判,,不明,2026-09-24-attribution-v3
BJ-2025-FS-YIMO-Q12,BJ-2025-FS-YIMO-Q12,BJ-2025-FS-YIMO-Q12,BJ-2025-FS-YIMO,12,选择题,,整题,MAYBE,完整题-选择题照收,答案键来源未核实(候选未确认),该题正式评分材料候选存在候选/存在冲突，未确认匹配，不下判,,倾向,2026-09-24-attribution-v3
BJ-2025-FS-YIMO-Q13,BJ-2025-FS-YIMO-Q13,BJ-2025-FS-YIMO-Q13,BJ-2025-FS-YIMO,13,选择题,,整题,MAYBE,完整题-选择题照收,答案键来源未核实(候选未确认),该题正式评分材料候选存在候选/存在冲突，未确认匹配，不下判,,倾向,2026-09-24-attribution-v3
BJ-2025-FS-YIMO-Q14,BJ-2025-FS-YIMO-Q14,BJ-2025-FS-YIMO-Q14,BJ-2025-FS-YIMO,14,选择题,,整题,MAYBE,完整题-选择题照收,答案键来源未核实(候选未确认),该题正式评分材料候选存在候选/存在冲突，未确认匹配，不下判,,不明,2026-09-24-attribution-v3
BJ-2025-CY-YIMO-Q3,BJ-2025-CY-YIMO-Q3,BJ-2025-CY-YIMO-Q3,BJ-2025-CY-YIMO,3,选择题,,整题,MAYBE,完整题-选择题照收,答案键来源未核实(候选未确认),该题正式评分材料候选存在候选/存在冲突，未确认匹配，不下判,,不明,2026-09-24-attribution-v3
BJ-2025-CY-YIMO-Q4,BJ-2025-CY-YIMO-Q4,BJ-2025-CY-YIMO-Q4,BJ-2025-CY-YIMO,4,选择题,,整题,MAYBE,完整题-选择题照收,答案键来源未核实(候选未确认),该题正式评分材料候选存在候选/存在冲突，未确认匹配，不下判,,不明,2026-09-24-attribution-v3
BJ-2025-CY-YIMO-Q7,BJ-2025-CY-YIMO-Q7,BJ-2025-CY-YIMO-Q7,BJ-2025-CY-YIMO,7,选择题,,整题,MAYBE,完整题-选择题照收,答案键来源未核实(候选未确认),该题正式评分材料候选存在候选/存在冲突，未确认匹配，不下判,,不明,2026-09-24-attribution-v3
BJ-2025-CY-YIMO-Q12,BJ-2025-CY-YIMO-Q12,BJ-2025-CY-YIMO-Q12,BJ-2025-CY-YIMO,12,选择题,,整题,MAYBE,完整题-选择题照收,答案键来源未核实(候选未确认),该题正式评分材料候选存在候选/存在冲突，未确认匹配，不下判,,不明,2026-09-24-attribution-v3
BJ-2025-CY-YIMO-Q13,BJ-2025-CY-YIMO-Q13,BJ-2025-CY-YIMO-Q13,BJ-2025-CY-YIMO,13,选择题,,整题,MAYBE,完整题-选择题照收,答案键来源未核实(候选未确认),该题正式评分材料候选存在候选/存在冲突，未确认匹配，不下判,,倾向,2026-09-24-attribution-v3
BJ-2025-CY-YIMO-Q14,BJ-2025-CY-YIMO-Q14,BJ-2025-CY-YIMO-Q14,BJ-2025-CY-YIMO,14,选择题,,整题,MAYBE,完整题-选择题照收,答案键来源未核实(候选未确认),该题正式评分材料候选存在候选/存在冲突，未确认匹配，不下判,,不明,2026-09-24-attribution-v3
BJ-2025-CY-YIMO-Q16,BJ-2025-CY-YIMO-Q16,BJ-2025-CY-YIMO-Q16,BJ-2025-CY-YIMO,16,主观题,,整题,MAYBE,待裁决-证据未核实,待裁决-证据未核实候选,该题正式评分材料候选存在候选/存在冲突，未确认匹配，不下判,B1:rubric_unreadable_not_OUT;B2:rubric_unreadable_not_OUT;B3:rubric_unreadable_not_OUT;X1:rubric_unreadable_not_OUT;X2:rubric_unreadable_not_OUT;MI:rubric_unreadable_not_OUT;RE:rubric_unreadable_not_OUT,确定,2026-09-24-attribution-v3
BJ-2025-CY-YIMO-Q19,BJ-2025-CY-YIMO-Q19,BJ-2025-CY-YIMO-Q19,BJ-2025-CY-YIMO,19,主观题,,整题,MAYBE,完整题-有E1,E1,逐题已匹配正式评分材料,,不明,2026-09-24-attribution-v3
BJ-2025-CY-YIMO-Q20,BJ-2025-CY-YIMO-Q20,BJ-2025-CY-YIMO-Q20,BJ-2025-CY-YIMO,20,主观题,,整题,MAYBE,待裁决-证据未核实,待裁决-证据未核实候选,该题正式评分材料候选存在候选/存在冲突，未确认匹配，不下判,B1:rubric_unreadable_not_OUT;B3:rubric_unreadable_not_OUT;PH:rubric_unreadable_not_OUT;CU:rubric_unreadable_not_OUT;X2:rubric_unreadable_not_OUT;MI:rubric_unreadable_not_OUT;RE:rubric_unreadable_not_OUT,倾向,2026-09-24-attribution-v3
BJ-2025-CY-YIMO-Q21,BJ-2025-CY-YIMO-Q21,BJ-2025-CY-YIMO-Q21,BJ-2025-CY-YIMO,21,主观题,,整题,MAYBE,待裁决-证据未核实,待裁决-证据未核实候选,该题正式评分材料候选存在候选/存在冲突，未确认匹配，不下判,,不明,2026-09-24-attribution-v3
BJ-2025-CY-YIMO-Q18,BJ-2025-CY-YIMO-Q18,BJ-2025-CY-YIMO-Q18,BJ-2025-CY-YIMO,18,主观题,,整题,MAYBE,完整题-有E1,E1,逐题已匹配正式评分材料,,不明,2026-09-24-attribution-v3
BJ-2025-HD-YIMO-Q3,BJ-2025-HD-YIMO-Q3,BJ-2025-HD-YIMO-Q3,BJ-2025-HD-YIMO,3,选择题,,整题,MAYBE,完整题-选择题照收,E1,逐题已匹配正式评分材料,,不明,2026-09-24-attribution-v3
BJ-2025-HD-YIMO-Q17,BJ-2025-HD-YIMO-Q17,BJ-2025-HD-YIMO-Q17,BJ-2025-HD-YIMO,17,主观题,,整题,MAYBE,待裁决-证据未核实,待裁决-证据未核实候选,该题正式评分材料候选存在候选/存在冲突，未确认匹配，不下判,,不明,2026-09-24-attribution-v3
BJ-2025-HD-YIMO-Q18,BJ-2025-HD-YIMO-Q18,BJ-2025-HD-YIMO-Q18,BJ-2025-HD-YIMO,18,主观题,,整题,MAYBE,待裁决-证据未核实,待裁决-证据未核实候选,该题正式评分材料候选存在候选/存在冲突，未确认匹配，不下判,B1:rubric_unreadable_not_OUT;B2:rubric_unreadable_not_OUT;B3:rubric_unreadable_not_OUT;PH:rubric_unreadable_not_OUT;CU:rubric_unreadable_not_OUT;X1:rubric_unreadable_not_OUT;MI:rubric_unreadable_not_OUT;RE:rubric_unreadable_not_OUT,确定,2026-09-24-attribution-v3
BJ-2025-HD-YIMO-Q19,BJ-2025-HD-YIMO-Q19,BJ-2025-HD-YIMO-Q19,BJ-2025-HD-YIMO,19,主观题,,整题,MAYBE,待裁决-证据未核实,待裁决-证据未核实候选,该题正式评分材料候选存在候选/存在冲突，未确认匹配，不下判,,不明,2026-09-24-attribution-v3
BJ-2025-HD-YIMO-Q2,BJ-2025-HD-YIMO-Q2,BJ-2025-HD-YIMO-Q2,BJ-2025-HD-YIMO,2,选择题,,整题,MAYBE,完整题-选择题照收,答案键来源未核实(候选未确认),该题正式评分材料候选存在候选/存在冲突，未确认匹配，不下判,,不明,2026-09-24-attribution-v3
BJ-2025-HD-YIMO-Q20,BJ-2025-HD-YIMO-Q20,BJ-2025-HD-YIMO-Q20,BJ-2025-HD-YIMO,20,主观题,,整题,MAYBE,待裁决-证据未核实,待裁决-证据未核实候选,该题正式评分材料候选存在候选/存在冲突，未确认匹配，不下判,,不明,2026-09-24-attribution-v3
BJ-2025-HD-YIMO-Q22,BJ-2025-HD-YIMO-Q22,BJ-2025-HD-YIMO-Q22,BJ-2025-HD-YIMO,22,主观题,,整题,MAYBE,待裁决-证据未核实,待裁决-证据未核实候选,该题正式评分材料候选存在候选/存在冲突，未确认匹配，不下判,,不明,2026-09-24-attribution-v3
BJ-2025-HD-YIMO-Q16,BJ-2025-HD-YIMO-Q16,BJ-2025-HD-YIMO-Q16,BJ-2025-HD-YIMO,16,主观题,,整题,MAYBE,待裁决-证据未核实,待裁决-证据未核实候选,该题正式评分材料候选存在候选/存在冲突，未确认匹配，不下判,B1:rubric_unreadable_not_OUT;B2:rubric_unreadable_not_OUT;B3:rubric_unreadable_not_OUT;CU:rubric_unreadable_not_OUT;X1:rubric_unreadable_not_OUT;X2:rubric_unreadable_not_OUT;MI:rubric_unreadable_not_OUT;RE:rubric_unreadable_not_OUT,确定,2026-09-24-attribution-v3
BJ-2025-HD-YIMO-Q4,BJ-2025-HD-YIMO-Q4,BJ-2025-HD-YIMO-Q4,BJ-2025-HD-YIMO,4,选择题,,整题,MAYBE,完整题-选择题照收,答案键来源未核实(候选未确认),该题正式评分材料候选存在候选/存在冲突，未确认匹配，不下判,,不明,2026-09-24-attribution-v3
BJ-2025-HD-YIMO-Q6,BJ-2025-HD-YIMO-Q6,BJ-2025-HD-YIMO-Q6,BJ-2025-HD-YIMO,6,选择题,,整题,MAYBE,完整题-选择题照收,答案键来源未核实(候选未确认),该题正式评分材料候选存在候选/存在冲突，未确认匹配，不下判,,不明,2026-09-24-attribution-v3
BJ-2025-HD-YIMO-Q7,BJ-2025-HD-YIMO-Q7,BJ-2025-HD-YIMO-Q7,BJ-2025-HD-YIMO,7,选择题,,整题,MAYBE,完整题-选择题照收,答案键来源未核实(候选未确认),该题正式评分材料候选存在候选/存在冲突，未确认匹配，不下判,,不明,2026-09-24-attribution-v3
BJ-2025-HD-YIMO-Q12,BJ-2025-HD-YIMO-Q12,BJ-2025-HD-YIMO-Q12,BJ-2025-HD-YIMO,12,选择题,,整题,MAYBE,完整题-选择题照收,答案键来源未核实(候选未确认),该题正式评分材料候选存在候选/存在冲突，未确认匹配，不下判,,不明,2026-09-24-attribution-v3
BJ-2025-HD-YIMO-Q13,BJ-2025-HD-YIMO-Q13,BJ-2025-HD-YIMO-Q13,BJ-2025-HD-YIMO,13,选择题,,整题,MAYBE,完整题-选择题照收,答案键来源未核实(候选未确认),该题正式评分材料候选存在候选/存在冲突，未确认匹配，不下判,,倾向,2026-09-24-attribution-v3
BJ-2025-HD-YIMO-Q14,BJ-2025-HD-YIMO-Q14,BJ-2025-HD-YIMO-Q14,BJ-2025-HD-YIMO,14,选择题,,整题,MAYBE,完整题-选择题照收,答案键来源未核实(候选未确认),该题正式评分材料候选存在候选/存在冲突，未确认匹配，不下判,,不明,2026-09-24-attribution-v3
BJ-2025-SJS-YIMO-Q16,BJ-2025-SJS-YIMO-Q16,BJ-2025-SJS-YIMO-Q16,BJ-2025-SJS-YIMO,16,主观题,,整题,MAYBE,完整题-有E1,E1,逐题已匹配正式评分材料,,不明,2026-09-24-attribution-v3
BJ-2025-SJS-YIMO-Q18,BJ-2025-SJS-YIMO-Q18,BJ-2025-SJS-YIMO-Q18,BJ-2025-SJS-YIMO,18,主观题,,整题,MAYBE,完整题-有E1,E1,逐题已匹配正式评分材料,,不明,2026-09-24-attribution-v3
BJ-2025-SJS-YIMO-Q21,BJ-2025-SJS-YIMO-Q21,BJ-2025-SJS-YIMO-Q21,BJ-2025-SJS-YIMO,21,主观题,,整题,MAYBE,完整题-有E1,E1,逐题已匹配正式评分材料,,倾向,2026-09-24-attribution-v3
BJ-2025-SJS-YIMO-Q2,BJ-2025-SJS-YIMO-Q2,BJ-2025-SJS-YIMO-Q2,BJ-2025-SJS-YIMO,2,选择题,,整题,MAYBE,完整题-选择题照收,答案键来源未核实(候选未确认),该题正式评分材料候选存在候选/存在冲突，未确认匹配，不下判,,不明,2026-09-24-attribution-v3
BJ-2025-SJS-YIMO-Q3,BJ-2025-SJS-YIMO-Q3,BJ-2025-SJS-YIMO-Q3,BJ-2025-SJS-YIMO,3,选择题,,整题,MAYBE,完整题-选择题照收,答案键来源未核实(候选未确认),该题正式评分材料候选存在候选/存在冲突，未确认匹配，不下判,,不明,2026-09-24-attribution-v3
BJ-2025-SJS-YIMO-Q4,BJ-2025-SJS-YIMO-Q4,BJ-2025-SJS-YIMO-Q4,BJ-2025-SJS-YIMO,4,选择题,,整题,MAYBE,完整题-选择题照收,答案键来源未核实(候选未确认),该题正式评分材料候选存在候选/存在冲突，未确认匹配，不下判,,不明,2026-09-24-attribution-v3
BJ-2025-SJS-YIMO-Q7,BJ-2025-SJS-YIMO-Q7,BJ-2025-SJS-YIMO-Q7,BJ-2025-SJS-YIMO,7,选择题,,整题,MAYBE,完整题-选择题照收,答案键来源未核实(候选未确认),该题正式评分材料候选存在候选/存在冲突，未确认匹配，不下判,,不明,2026-09-24-attribution-v3
BJ-2025-SJS-YIMO-Q12,BJ-2025-SJS-YIMO-Q12,BJ-2025-SJS-YIMO-Q12,BJ-2025-SJS-YIMO,12,选择题,,整题,MAYBE,完整题-选择题照收,答案键来源未核实(候选未确认),该题正式评分材料候选存在候选/存在冲突，未确认匹配，不下判,,倾向,2026-09-24-attribution-v3
BJ-2025-SJS-YIMO-Q13,BJ-2025-SJS-YIMO-Q13,BJ-2025-SJS-YIMO-Q13,BJ-2025-SJS-YIMO,13,选择题,,整题,MAYBE,完整题-选择题照收,答案键来源未核实(候选未确认),该题正式评分材料候选存在候选/存在冲突，未确认匹配，不下判,,倾向,2026-09-24-attribution-v3
BJ-2025-SJS-YIMO-Q14,BJ-2025-SJS-YIMO-Q14,BJ-2025-SJS-YIMO-Q14,BJ-2025-SJS-YIMO,14,选择题,,整题,MAYBE,完整题-选择题照收,答案键来源未核实(候选未确认),该题正式评分材料候选存在候选/存在冲突，未确认匹配，不下判,,不明,2026-09-24-attribution-v3
BJ-2025-SJS-YIMO-Q17,BJ-2025-SJS-YIMO-Q17,BJ-2025-SJS-YIMO-Q17,BJ-2025-SJS-YIMO,17,主观题,,整题,MAYBE,待裁决-证据未核实,待裁决-证据未核实候选,该题正式评分材料候选存在候选/存在冲突，未确认匹配，不下判,B1:rubric_unreadable_not_OUT;PH:rubric_unreadable_not_OUT;CU:rubric_unreadable_not_OUT;X2:rubric_unreadable_not_OUT;MI:rubric_unreadable_not_OUT;RE:rubric_unreadable_not_OUT,确定,2026-09-24-attribution-v3
BJ-2025-XC-YIMO-Q16,BJ-2025-XC-YIMO-Q16,BJ-2025-XC-YIMO-Q16,BJ-2025-XC-YIMO,16,主观题,,整题,MAYBE,完整题-有E1,E1,逐题已匹配正式评分材料,,倾向,2026-09-24-attribution-v3
BJ-2025-XC-YIMO-Q17,BJ-2025-XC-YIMO-Q17,BJ-2025-XC-YIMO-Q17,BJ-2025-XC-YIMO,17,主观题,,整题,MAYBE,完整题-有E1,E1,逐题已匹配正式评分材料,,不明,2026-09-24-attribution-v3
BJ-2025-XC-YIMO-Q20,BJ-2025-XC-YIMO-Q20,BJ-2025-XC-YIMO-Q20,BJ-2025-XC-YIMO,20,主观题,,整题,MAYBE,完整题-有E1,E1,逐题已匹配正式评分材料,,不明,2026-09-24-attribution-v3
BJ-2025-XC-YIMO-Q21#1,BJ-2025-XC-YIMO-Q21,BJ-2025-XC-YIMO-Q21,BJ-2025-XC-YIMO,21,主观题,1,小问,MAYBE,完整题-有E1,E1,逐题已匹配正式评分材料,,不明,2026-09-24-attribution-v3
BJ-2025-XC-YIMO-Q21#2,BJ-2025-XC-YIMO-Q21,BJ-2025-XC-YIMO-Q21,BJ-2025-XC-YIMO,21,主观题,2,小问,MAYBE,完整题-有E1,E1,逐题已匹配正式评分材料,,不明,2026-09-24-attribution-v3
BJ-2025-XC-YIMO-Q22,BJ-2025-XC-YIMO-Q22,BJ-2025-XC-YIMO-Q22,BJ-2025-XC-YIMO,22,主观题,,整题,MAYBE,完整题-有E1,E1,逐题已匹配正式评分材料,,不明,2026-09-24-attribution-v3
BJ-2025-XC-YIMO-Q2,BJ-2025-XC-YIMO-Q2,BJ-2025-XC-YIMO-Q2,BJ-2025-XC-YIMO,2,选择题,,整题,MAYBE,完整题-选择题照收,答案键来源未核实(候选未确认),该题正式评分材料候选存在候选/存在冲突，未确认匹配，不下判,,不明,2026-09-24-attribution-v3
BJ-2025-XC-YIMO-Q3,BJ-2025-XC-YIMO-Q3,BJ-2025-XC-YIMO-Q3,BJ-2025-XC-YIMO,3,选择题,,整题,MAYBE,完整题-选择题照收,答案键来源未核实(候选未确认),该题正式评分材料候选存在候选/存在冲突，未确认匹配，不下判,,不明,2026-09-24-attribution-v3
BJ-2025-XC-YIMO-Q4,BJ-2025-XC-YIMO-Q4,BJ-2025-XC-YIMO-Q4,BJ-2025-XC-YIMO,4,选择题,,整题,MAYBE,完整题-选择题照收,答案键来源未核实(候选未确认),该题正式评分材料候选存在候选/存在冲突，未确认匹配，不下判,,不明,2026-09-24-attribution-v3
BJ-2025-XC-YIMO-Q7,BJ-2025-XC-YIMO-Q7,BJ-2025-XC-YIMO-Q7,BJ-2025-XC-YIMO,7,选择题,,整题,MAYBE,完整题-选择题照收,答案键来源未核实(候选未确认),该题正式评分材料候选存在候选/存在冲突，未确认匹配，不下判,,不明,2026-09-24-attribution-v3
BJ-2025-XC-YIMO-Q12,BJ-2025-XC-YIMO-Q12,BJ-2025-XC-YIMO-Q12,BJ-2025-XC-YIMO,12,选择题,,整题,MAYBE,完整题-选择题照收,答案键来源未核实(候选未确认),该题正式评分材料候选存在候选/存在冲突，未确认匹配，不下判,,不明,2026-09-24-attribution-v3
BJ-2025-XC-YIMO-Q13,BJ-2025-XC-YIMO-Q13,BJ-2025-XC-YIMO-Q13,BJ-2025-XC-YIMO,13,选择题,,整题,MAYBE,完整题-选择题照收,答案键来源未核实(候选未确认),该题正式评分材料候选存在候选/存在冲突，未确认匹配，不下判,,倾向,2026-09-24-attribution-v3
BJ-2025-XC-YIMO-Q14,BJ-2025-XC-YIMO-Q14,BJ-2025-XC-YIMO-Q14,BJ-2025-XC-YIMO,14,选择题,,整题,MAYBE,完整题-选择题照收,答案键来源未核实(候选未确认),该题正式评分材料候选存在候选/存在冲突，未确认匹配，不下判,,不明,2026-09-24-attribution-v3
BJ-2025-MTG-YIMO-Q2,BJ-2025-MTG-YIMO-Q2,BJ-2025-MTG-YIMO-Q2,BJ-2025-MTG-YIMO,2,选择题,,整题,MAYBE,完整题-选择题照收,E1,逐题已匹配正式评分材料,,倾向,2026-09-24-attribution-v3
BJ-2025-MTG-YIMO-Q3,BJ-2025-MTG-YIMO-Q3,BJ-2025-MTG-YIMO-Q3,BJ-2025-MTG-YIMO,3,选择题,,整题,MAYBE,完整题-选择题照收,答案键来源未核实(候选未确认),该题正式评分材料候选存在候选/存在冲突，未确认匹配，不下判,,不明,2026-09-24-attribution-v3
BJ-2025-MTG-YIMO-Q4,BJ-2025-MTG-YIMO-Q4,BJ-2025-MTG-YIMO-Q4,BJ-2025-MTG-YIMO,4,选择题,,整题,MAYBE,完整题-选择题照收,答案键来源未核实(候选未确认),该题正式评分材料候选存在候选/存在冲突，未确认匹配，不下判,,不明,2026-09-24-attribution-v3
BJ-2025-MTG-YIMO-Q5,BJ-2025-MTG-YIMO-Q5,BJ-2025-MTG-YIMO-Q5,BJ-2025-MTG-YIMO,5,选择题,,整题,MAYBE,完整题-选择题照收,E1,逐题已匹配正式评分材料,,不明,2026-09-24-attribution-v3
BJ-2025-MTG-YIMO-Q6,BJ-2025-MTG-YIMO-Q6,BJ-2025-MTG-YIMO-Q6,BJ-2025-MTG-YIMO,6,选择题,,整题,MAYBE,完整题-选择题照收,答案键来源未核实(候选未确认),该题正式评分材料候选存在候选/存在冲突，未确认匹配，不下判,,不明,2026-09-24-attribution-v3
BJ-2025-MTG-YIMO-Q7,BJ-2025-MTG-YIMO-Q7,BJ-2025-MTG-YIMO-Q7,BJ-2025-MTG-YIMO,7,选择题,,整题,MAYBE,完整题-选择题照收,答案键来源未核实(候选未确认),该题正式评分材料候选存在候选/存在冲突，未确认匹配，不下判,,不明,2026-09-24-attribution-v3
BJ-2025-MTG-YIMO-Q12,BJ-2025-MTG-YIMO-Q12,BJ-2025-MTG-YIMO-Q12,BJ-2025-MTG-YIMO,12,选择题,,整题,MAYBE,完整题-选择题照收,答案键来源未核实(候选未确认),该题正式评分材料候选存在候选/存在冲突，未确认匹配，不下判,,不明,2026-09-24-attribution-v3
BJ-2025-MTG-YIMO-Q13,BJ-2025-MTG-YIMO-Q13,BJ-2025-MTG-YIMO-Q13,BJ-2025-MTG-YIMO,13,选择题,,整题,MAYBE,完整题-选择题照收,答案键来源未核实(候选未确认),该题正式评分材料候选存在候选/存在冲突，未确认匹配，不下判,,不明,2026-09-24-attribution-v3
BJ-2025-MTG-YIMO-Q16,BJ-2025-MTG-YIMO-Q16,BJ-2025-MTG-YIMO-Q16,BJ-2025-MTG-YIMO,16,主观题,,整题,MAYBE,待裁决-证据未核实,待裁决-证据未核实候选,该题正式评分材料候选存在候选/存在冲突，未确认匹配，不下判,B1:rubric_unreadable_not_OUT;B3:rubric_unreadable_not_OUT;X1:rubric_unreadable_not_OUT;X2:rubric_unreadable_not_OUT;MI:rubric_unreadable_not_OUT;RE:rubric_unreadable_not_OUT,倾向,2026-09-24-attribution-v3
BJ-2025-MTG-YIMO-Q17,BJ-2025-MTG-YIMO-Q17,BJ-2025-MTG-YIMO-Q17,BJ-2025-MTG-YIMO,17,主观题,,整题,MAYBE,待裁决-证据未核实,待裁决-证据未核实候选,该题正式评分材料候选存在候选/存在冲突，未确认匹配，不下判,,不明,2026-09-24-attribution-v3
BJ-2025-MTG-YIMO-Q18#1,BJ-2025-MTG-YIMO-Q18,BJ-2025-MTG-YIMO-Q18,BJ-2025-MTG-YIMO,18,主观题,1,小问,MAYBE,待裁决-证据未核实,待裁决-证据未核实候选,该题正式评分材料候选存在候选/存在冲突，未确认匹配，不下判,,不明,2026-09-24-attribution-v3
BJ-2025-MTG-YIMO-Q18#2,BJ-2025-MTG-YIMO-Q18,BJ-2025-MTG-YIMO-Q18,BJ-2025-MTG-YIMO,18,主观题,2,小问,MAYBE,待裁决-证据未核实,待裁决-证据未核实候选,该题正式评分材料候选存在候选/存在冲突，未确认匹配，不下判,B1:rubric_unreadable_not_OUT;B3:rubric_unreadable_not_OUT;PH:rubric_unreadable_not_OUT;CU:rubric_unreadable_not_OUT;X1:rubric_unreadable_not_OUT;X2:rubric_unreadable_not_OUT;MI:rubric_unreadable_not_OUT;RE:rubric_unreadable_not_OUT,确定,2026-09-24-attribution-v3
BJ-2025-MTG-YIMO-Q19,BJ-2025-MTG-YIMO-Q19,BJ-2025-MTG-YIMO-Q19,BJ-2025-MTG-YIMO,19,主观题,,整题,MAYBE,待裁决-证据未核实,待裁决-证据未核实候选,该题正式评分材料候选存在候选/存在冲突，未确认匹配，不下判,,不明,2026-09-24-attribution-v3
BJ-2025-MTG-YIMO-Q20,BJ-2025-MTG-YIMO-Q20,BJ-2025-MTG-YIMO-Q20,BJ-2025-MTG-YIMO,20,主观题,,整题,MAYBE,待裁决-证据未核实,待裁决-证据未核实候选,该题正式评分材料候选存在候选/存在冲突，未确认匹配，不下判,,不明,2026-09-24-attribution-v3
BJ-2025-MTG-YIMO-Q21#1,BJ-2025-MTG-YIMO-Q21,BJ-2025-MTG-YIMO-Q21,BJ-2025-MTG-YIMO,21,主观题,1,小问,MAYBE,待裁决-证据未核实,待裁决-证据未核实候选,该题正式评分材料候选存在候选/存在冲突，未确认匹配，不下判,B1:rubric_unreadable_not_OUT;B3:rubric_unreadable_not_OUT;X2:rubric_unreadable_not_OUT;RE:rubric_unreadable_not_OUT,倾向,2026-09-24-attribution-v3
BJ-2025-MTG-YIMO-Q21#2,BJ-2025-MTG-YIMO-Q21,BJ-2025-MTG-YIMO-Q21,BJ-2025-MTG-YIMO,21,主观题,2,小问,MAYBE,待裁决-证据未核实,待裁决-证据未核实候选,该题正式评分材料候选存在候选/存在冲突，未确认匹配，不下判,,不明,2026-09-24-attribution-v3
BJ-2025-SY-YIMO-Q16#1,BJ-2025-SY-YIMO-Q16,BJ-2025-SY-YIMO-Q16,BJ-2025-SY-YIMO,16,主观题,1,小问,MAYBE,完整题-有E1,E1,逐题已匹配正式评分材料,,不明,2026-09-24-attribution-v3
BJ-2025-SY-YIMO-Q16#2,BJ-2025-SY-YIMO-Q16,BJ-2025-SY-YIMO-Q16,BJ-2025-SY-YIMO,16,主观题,2,小问,MAYBE,完整题-有E1,E1,逐题已匹配正式评分材料,,不明,2026-09-24-attribution-v3
BJ-2025-SY-YIMO-Q3,BJ-2025-SY-YIMO-Q3,BJ-2025-SY-YIMO-Q3,BJ-2025-SY-YIMO,3,选择题,,整题,MAYBE,完整题-选择题照收,答案键来源未核实(候选未确认),该题正式评分材料候选存在候选/存在冲突，未确认匹配，不下判,,倾向,2026-09-24-attribution-v3
BJ-2025-SY-YIMO-Q4,BJ-2025-SY-YIMO-Q4,BJ-2025-SY-YIMO-Q4,BJ-2025-SY-YIMO,4,选择题,,整题,MAYBE,完整题-选择题照收,答案键来源未核实(候选未确认),该题正式评分材料候选存在候选/存在冲突，未确认匹配，不下判,,不明,2026-09-24-attribution-v3
BJ-2025-SY-YIMO-Q18#1,BJ-2025-SY-YIMO-Q18,BJ-2025-SY-YIMO-Q18,BJ-2025-SY-YIMO,18,主观题,1,小问,MAYBE,完整题-有E1,E1,逐题已匹配正式评分材料,,不明,2026-09-24-attribution-v3
BJ-2025-SY-YIMO-Q18#2,BJ-2025-SY-YIMO-Q18,BJ-2025-SY-YIMO-Q18,BJ-2025-SY-YIMO,18,主观题,2,小问,MAYBE,完整题-有E1,E1,逐题已匹配正式评分材料,,不明,2026-09-24-attribution-v3
BJ-2025-SY-YIMO-Q20,BJ-2025-SY-YIMO-Q20,BJ-2025-SY-YIMO-Q20,BJ-2025-SY-YIMO,20,主观题,,整题,MAYBE,待裁决-证据未核实,待裁决-证据未核实候选,该题正式评分材料候选存在候选/存在冲突，未确认匹配，不下判,B1:rubric_unreadable_not_OUT;B3:rubric_unreadable_not_OUT;PH:rubric_unreadable_not_OUT;CU:rubric_unreadable_not_OUT;X2:rubric_unreadable_not_OUT;MI:rubric_unreadable_not_OUT;RE:rubric_unreadable_not_OUT,确定,2026-09-24-attribution-v3
BJ-2025-SY-YIMO-Q2,BJ-2025-SY-YIMO-Q2,BJ-2025-SY-YIMO-Q2,BJ-2025-SY-YIMO,2,选择题,,整题,MAYBE,完整题-选择题照收,答案键来源未核实(候选未确认),该题正式评分材料候选存在候选/存在冲突，未确认匹配，不下判,,倾向,2026-09-24-attribution-v3
BJ-2025-SY-YIMO-Q12,BJ-2025-SY-YIMO-Q12,BJ-2025-SY-YIMO-Q12,BJ-2025-SY-YIMO,12,选择题,,整题,MAYBE,完整题-选择题照收,答案键来源未核实(候选未确认),该题正式评分材料候选存在候选/存在冲突，未确认匹配，不下判,,不明,2026-09-24-attribution-v3
BJ-2025-SY-YIMO-Q13,BJ-2025-SY-YIMO-Q13,BJ-2025-SY-YIMO-Q13,BJ-2025-SY-YIMO,13,选择题,,整题,MAYBE,完整题-选择题照收,答案键来源未核实(候选未确认),该题正式评分材料候选存在候选/存在冲突，未确认匹配，不下判,,倾向,2026-09-24-attribution-v3
BJ-2025-SY-YIMO-Q14,BJ-2025-SY-YIMO-Q14,BJ-2025-SY-YIMO-Q14,BJ-2025-SY-YIMO,14,选择题,,整题,MAYBE,完整题-选择题照收,答案键来源未核实(候选未确认),该题正式评分材料候选存在候选/存在冲突，未确认匹配，不下判,,不明,2026-09-24-attribution-v3
BJ-2025-SY-YIMO-Q19,BJ-2025-SY-YIMO-Q19,BJ-2025-SY-YIMO-Q19,BJ-2025-SY-YIMO,19,主观题,,整题,MAYBE,待裁决-证据未核实,待裁决-证据未核实候选,该题正式评分材料候选存在候选/存在冲突，未确认匹配，不下判,,不明,2026-09-24-attribution-v3
BJ-2025-SY-YIMO-Q21,BJ-2025-SY-YIMO-Q21,BJ-2025-SY-YIMO-Q21,BJ-2025-SY-YIMO,21,主观题,,整题,MAYBE,待裁决-证据未核实,待裁决-证据未核实候选,该题正式评分材料候选存在候选/存在冲突，未确认匹配，不下判,,不明,2026-09-24-attribution-v3
BJ-2025-FT-ERMO-Q2,BJ-2025-FT-ERMO-Q2,BJ-2025-FT-ERMO-Q2,BJ-2025-FT-ERMO,2,选择题,,整题,MAYBE,完整题-选择题照收,E1,逐题已匹配正式评分材料,,不明,2026-09-24-attribution-v3
BJ-2025-FT-ERMO-Q3,BJ-2025-FT-ERMO-Q3,BJ-2025-FT-ERMO-Q3,BJ-2025-FT-ERMO,3,选择题,,整题,MAYBE,完整题-选择题照收,答案键来源未核实(候选未确认),该题正式评分材料候选存在候选/存在冲突，未确认匹配，不下判,,不明,2026-09-24-attribution-v3
BJ-2025-FT-ERMO-Q4,BJ-2025-FT-ERMO-Q4,BJ-2025-FT-ERMO-Q4,BJ-2025-FT-ERMO,4,选择题,,整题,MAYBE,完整题-选择题照收,E1,逐题已匹配正式评分材料,,倾向,2026-09-24-attribution-v3
BJ-2025-FT-ERMO-Q5,BJ-2025-FT-ERMO-Q5,BJ-2025-FT-ERMO-Q5,BJ-2025-FT-ERMO,5,选择题,,整题,MAYBE,完整题-选择题照收,E1,逐题已匹配正式评分材料,,不明,2026-09-24-attribution-v3
BJ-2025-FT-ERMO-Q6,BJ-2025-FT-ERMO-Q6,BJ-2025-FT-ERMO-Q6,BJ-2025-FT-ERMO,6,选择题,,整题,MAYBE,完整题-选择题照收,答案键来源未核实(候选未确认),该题正式评分材料候选存在候选/存在冲突，未确认匹配，不下判,,不明,2026-09-24-attribution-v3
BJ-2025-FT-ERMO-Q14,BJ-2025-FT-ERMO-Q14,BJ-2025-FT-ERMO-Q14,BJ-2025-FT-ERMO,14,选择题,,整题,MAYBE,完整题-选择题照收,答案键来源未核实(候选未确认),该题正式评分材料候选存在候选/存在冲突，未确认匹配，不下判,,不明,2026-09-24-attribution-v3
BJ-2025-FT-ERMO-Q17,BJ-2025-FT-ERMO-Q17,BJ-2025-FT-ERMO-Q17,BJ-2025-FT-ERMO,17,主观题,,整题,MAYBE,完整题-有E1,E1,逐题已匹配正式评分材料,"关联但不合并(疑似跨卷复用/串题,非duplicate_registration_alias):dup_of=BJ-2024-BJ-GAOKAO-Q17;BJ-2026-FT-YIMO-Q17",不明,2026-09-24-attribution-v3
BJ-2025-FT-ERMO-Q18,BJ-2025-FT-ERMO-Q18,BJ-2025-FT-ERMO-Q18,BJ-2025-FT-ERMO,18,主观题,,整题,MAYBE,完整题-有E1,E1,逐题已匹配正式评分材料,,不明,2026-09-24-attribution-v3
BJ-2025-FT-ERMO-Q21,BJ-2025-FT-ERMO-Q21,BJ-2025-FT-ERMO-Q21,BJ-2025-FT-ERMO,21,主观题,,整题,MAYBE,完整题-有E1,E1,逐题已匹配正式评分材料,,不明,2026-09-24-attribution-v3
BJ-2025-FT-ERMO-Q7,BJ-2025-FT-ERMO-Q7,BJ-2025-FT-ERMO-Q7,BJ-2025-FT-ERMO,7,选择题,,整题,MAYBE,完整题-选择题照收,答案键来源未核实(候选未确认),该题正式评分材料候选存在候选/存在冲突，未确认匹配，不下判,,不明,2026-09-24-attribution-v3
BJ-2025-CP-ERMO-Q16,BJ-2025-CP-ERMO-Q16,BJ-2025-CP-ERMO-Q16,BJ-2025-CP-ERMO,16,主观题,,整题,MAYBE,完整题-有E1,E1,逐题已匹配正式评分材料,,倾向,2026-09-24-attribution-v3
BJ-2025-CP-ERMO-Q19,BJ-2025-CP-ERMO-Q19,BJ-2025-CP-ERMO-Q19,BJ-2025-CP-ERMO,19,主观题,,整题,MAYBE,完整题-有E1,E1,逐题已匹配正式评分材料,,倾向,2026-09-24-attribution-v3
BJ-2025-CP-ERMO-Q20#1,BJ-2025-CP-ERMO-Q20,BJ-2025-CP-ERMO-Q20,BJ-2025-CP-ERMO,20,主观题,1,小问,MAYBE,完整题-有E1,E1,逐题已匹配正式评分材料,,不明,2026-09-24-attribution-v3
BJ-2025-CP-ERMO-Q20#2,BJ-2025-CP-ERMO-Q20,BJ-2025-CP-ERMO-Q20,BJ-2025-CP-ERMO,20,主观题,2,小问,MAYBE,完整题-有E1,E1,逐题已匹配正式评分材料,,不明,2026-09-24-attribution-v3
BJ-2025-CP-ERMO-Q21,BJ-2025-CP-ERMO-Q21,BJ-2025-CP-ERMO-Q21,BJ-2025-CP-ERMO,21,主观题,,整题,MAYBE,完整题-有E1,E1,逐题已匹配正式评分材料,,倾向,2026-09-24-attribution-v3
BJ-2025-CP-ERMO-Q22,BJ-2025-CP-ERMO-Q22,BJ-2025-CP-ERMO-Q22,BJ-2025-CP-ERMO,22,主观题,,整题,MAYBE,完整题-有E1,E1,逐题已匹配正式评分材料,,不明,2026-09-24-attribution-v3
BJ-2025-CP-ERMO-Q2,BJ-2025-CP-ERMO-Q2,BJ-2025-CP-ERMO-Q2,BJ-2025-CP-ERMO,2,选择题,,整题,MAYBE,完整题-选择题照收,E3,逐题已匹配参考答案,,倾向,2026-09-24-attribution-v3
BJ-2025-CP-ERMO-Q4,BJ-2025-CP-ERMO-Q4,BJ-2025-CP-ERMO-Q4,BJ-2025-CP-ERMO,4,选择题,,整题,MAYBE,完整题-选择题照收,E3,逐题已匹配参考答案,,不明,2026-09-24-attribution-v3
BJ-2025-CP-ERMO-Q5,BJ-2025-CP-ERMO-Q5,BJ-2025-CP-ERMO-Q5,BJ-2025-CP-ERMO,5,选择题,,整题,MAYBE,完整题-选择题照收,E3,逐题已匹配参考答案,,不明,2026-09-24-attribution-v3
BJ-2025-CP-ERMO-Q6,BJ-2025-CP-ERMO-Q6,BJ-2025-CP-ERMO-Q6,BJ-2025-CP-ERMO,6,选择题,,整题,MAYBE,完整题-选择题照收,E3,逐题已匹配参考答案,,不明,2026-09-24-attribution-v3
BJ-2025-CP-ERMO-Q7,BJ-2025-CP-ERMO-Q7,BJ-2025-CP-ERMO-Q7,BJ-2025-CP-ERMO,7,选择题,,整题,MAYBE,完整题-选择题照收,E3,逐题已匹配参考答案,,不明,2026-09-24-attribution-v3
BJ-2025-CP-ERMO-Q12,BJ-2025-CP-ERMO-Q12,BJ-2025-CP-ERMO-Q12,BJ-2025-CP-ERMO,12,选择题,,整题,MAYBE,完整题-选择题照收,E3,逐题已匹配参考答案,,不明,2026-09-24-attribution-v3
BJ-2025-CP-ERMO-Q14,BJ-2025-CP-ERMO-Q14,BJ-2025-CP-ERMO-Q14,BJ-2025-CP-ERMO,14,选择题,,整题,MAYBE,完整题-选择题照收,E3,逐题已匹配参考答案,,不明,2026-09-24-attribution-v3
BJ-2025-HD-ERMO-Q5,BJ-2025-HD-ERMO-Q5,BJ-2025-HD-ERMO-Q5,BJ-2025-HD-ERMO,5,选择题,,整题,MAYBE,完整题-选择题照收,答案键来源未核实(候选未确认),该题正式评分材料候选存在候选/存在冲突，未确认匹配，不下判,,不明,2026-09-24-attribution-v3
BJ-2025-HD-ERMO-Q7,BJ-2025-HD-ERMO-Q7,BJ-2025-HD-ERMO-Q7,BJ-2025-HD-ERMO,7,选择题,,整题,MAYBE,完整题-选择题照收,答案键来源未核实(候选未确认),该题正式评分材料候选存在候选/存在冲突，未确认匹配，不下判,,不明,2026-09-24-attribution-v3
BJ-2025-HD-ERMO-Q14,BJ-2025-HD-ERMO-Q14,BJ-2025-HD-ERMO-Q14,BJ-2025-HD-ERMO,14,选择题,,整题,MAYBE,完整题-选择题照收,答案键来源未核实(候选未确认),该题正式评分材料候选存在候选/存在冲突，未确认匹配，不下判,,不明,2026-09-24-attribution-v3
BJ-2025-HD-ERMO-Q16,BJ-2025-HD-ERMO-Q16,BJ-2025-HD-ERMO-Q16,BJ-2025-HD-ERMO,16,主观题,,整题,MAYBE,待裁决-证据未核实,待裁决-证据未核实候选,该题正式评分材料候选存在候选/存在冲突，未确认匹配，不下判,,倾向,2026-09-24-attribution-v3
BJ-2025-HD-ERMO-Q2,BJ-2025-HD-ERMO-Q2,BJ-2025-HD-ERMO-Q2,BJ-2025-HD-ERMO,2,选择题,,整题,MAYBE,完整题-选择题照收,答案键来源未核实(候选未确认),该题正式评分材料候选存在候选/存在冲突，未确认匹配，不下判,,不明,2026-09-24-attribution-v3
BJ-2025-HD-ERMO-Q22,BJ-2025-HD-ERMO-Q22,BJ-2025-HD-ERMO-Q22,BJ-2025-HD-ERMO,22,主观题,,整题,MAYBE,待裁决-证据未核实,待裁决-证据未核实候选,该题正式评分材料候选存在候选/存在冲突，未确认匹配，不下判,,不明,2026-09-24-attribution-v3
BJ-2025-HD-ERMO-Q3,BJ-2025-HD-ERMO-Q3,BJ-2025-HD-ERMO-Q3,BJ-2025-HD-ERMO,3,选择题,,整题,MAYBE,完整题-选择题照收,E1,逐题已匹配正式评分材料,,不明,2026-09-24-attribution-v3
BJ-2025-HD-ERMO-Q4,BJ-2025-HD-ERMO-Q4,BJ-2025-HD-ERMO-Q4,BJ-2025-HD-ERMO,4,选择题,,整题,MAYBE,完整题-选择题照收,E1,逐题已匹配正式评分材料,,不明,2026-09-24-attribution-v3
BJ-2025-HD-ERMO-Q6,BJ-2025-HD-ERMO-Q6,BJ-2025-HD-ERMO-Q6,BJ-2025-HD-ERMO,6,选择题,,整题,MAYBE,完整题-选择题照收,答案键来源未核实(候选未确认),该题正式评分材料候选存在候选/存在冲突，未确认匹配，不下判,,不明,2026-09-24-attribution-v3
BJ-2025-HD-ERMO-Q12,BJ-2025-HD-ERMO-Q12,BJ-2025-HD-ERMO-Q12,BJ-2025-HD-ERMO,12,选择题,,整题,MAYBE,完整题-选择题照收,答案键来源未核实(候选未确认),该题正式评分材料候选存在候选/存在冲突，未确认匹配，不下判,,倾向,2026-09-24-attribution-v3
BJ-2025-XC-ERMO-Q17#1,BJ-2025-XC-ERMO-Q17,BJ-2025-XC-ERMO-Q17,BJ-2025-XC-ERMO,17,主观题,1,小问,MAYBE,完整题-有E1,E1,逐题已匹配正式评分材料,,不明,2026-09-24-attribution-v3
BJ-2025-XC-ERMO-Q17#2,BJ-2025-XC-ERMO-Q17,BJ-2025-XC-ERMO-Q17,BJ-2025-XC-ERMO,17,主观题,2,小问,MAYBE,完整题-有E1,E1,逐题已匹配正式评分材料,,不明,2026-09-24-attribution-v3
BJ-2025-XC-ERMO-Q20,BJ-2025-XC-ERMO-Q20,BJ-2025-XC-ERMO-Q20,BJ-2025-XC-ERMO,20,主观题,,整题,MAYBE,完整题-有E1,E1,逐题已匹配正式评分材料,,不明,2026-09-24-attribution-v3
BJ-2025-XC-ERMO-Q2,BJ-2025-XC-ERMO-Q2,BJ-2025-XC-ERMO-Q2,BJ-2025-XC-ERMO,2,选择题,,整题,MAYBE,完整题-选择题照收,答案键来源未核实(候选未确认),该题正式评分材料候选存在候选/存在冲突，未确认匹配，不下判,,不明,2026-09-24-attribution-v3
BJ-2025-XC-ERMO-Q3,BJ-2025-XC-ERMO-Q3,BJ-2025-XC-ERMO-Q3,BJ-2025-XC-ERMO,3,选择题,,整题,MAYBE,完整题-选择题照收,答案键来源未核实(候选未确认),该题正式评分材料候选存在候选/存在冲突，未确认匹配，不下判,,不明,2026-09-24-attribution-v3
BJ-2025-XC-ERMO-Q4,BJ-2025-XC-ERMO-Q4,BJ-2025-XC-ERMO-Q4,BJ-2025-XC-ERMO,4,选择题,,整题,MAYBE,完整题-选择题照收,答案键来源未核实(候选未确认),该题正式评分材料候选存在候选/存在冲突，未确认匹配，不下判,,不明,2026-09-24-attribution-v3
BJ-2025-XC-ERMO-Q5,BJ-2025-XC-ERMO-Q5,BJ-2025-XC-ERMO-Q5,BJ-2025-XC-ERMO,5,选择题,,整题,MAYBE,完整题-选择题照收,答案键来源未核实(候选未确认),该题正式评分材料候选存在候选/存在冲突，未确认匹配，不下判,,不明,2026-09-24-attribution-v3
BJ-2025-XC-ERMO-Q11,BJ-2025-XC-ERMO-Q11,BJ-2025-XC-ERMO-Q11,BJ-2025-XC-ERMO,11,选择题,,整题,MAYBE,完整题-选择题照收,答案键来源未核实(候选未确认),该题正式评分材料候选存在候选/存在冲突，未确认匹配，不下判,,倾向,2026-09-24-attribution-v3
BJ-2025-XC-ERMO-Q12,BJ-2025-XC-ERMO-Q12,BJ-2025-XC-ERMO-Q12,BJ-2025-XC-ERMO,12,选择题,,整题,MAYBE,完整题-选择题照收,答案键来源未核实(候选未确认),该题正式评分材料候选存在候选/存在冲突，未确认匹配，不下判,,不明,2026-09-24-attribution-v3
BJ-2025-XC-ERMO-Q13,BJ-2025-XC-ERMO-Q13,BJ-2025-XC-ERMO-Q13,BJ-2025-XC-ERMO,13,选择题,,整题,MAYBE,完整题-选择题照收,答案键来源未核实(候选未确认),该题正式评分材料候选存在候选/存在冲突，未确认匹配，不下判,,倾向,2026-09-24-attribution-v3
BJ-2025-XC-ERMO-Q14,BJ-2025-XC-ERMO-Q14,BJ-2025-XC-ERMO-Q14,BJ-2025-XC-ERMO,14,选择题,,整题,MAYBE,完整题-选择题照收,答案键来源未核实(候选未确认),该题正式评分材料候选存在候选/存在冲突，未确认匹配，不下判,,不明,2026-09-24-attribution-v3
BJ-2025-DC-QIMO-Q16,BJ-2025-DC-QIMO-Q16,BJ-2025-DC-QIMO-Q16,BJ-2025-DC-QIMO,16,主观题,,整题,MAYBE,待裁决-证据未核实,待裁决-证据未核实候选,该题正式评分材料候选存在候选/存在冲突，未确认匹配，不下判,,倾向,2026-09-24-attribution-v3
BJ-2025-DC-QIMO-Q18#1,BJ-2025-DC-QIMO-Q18,BJ-2025-DC-QIMO-Q18,BJ-2025-DC-QIMO,18,主观题,1,小问,MAYBE,待裁决-证据未核实,待裁决-证据未核实候选,该题正式评分材料候选存在候选/存在冲突，未确认匹配，不下判,,不明,2026-09-24-attribution-v3
BJ-2025-DC-QIMO-Q18#2,BJ-2025-DC-QIMO-Q18,BJ-2025-DC-QIMO-Q18,BJ-2025-DC-QIMO,18,主观题,2,小问,MAYBE,待裁决-证据未核实,待裁决-证据未核实候选,该题正式评分材料候选存在候选/存在冲突，未确认匹配，不下判,,不明,2026-09-24-attribution-v3
BJ-2025-DC-QIMO-Q21,BJ-2025-DC-QIMO-Q21,BJ-2025-DC-QIMO-Q21,BJ-2025-DC-QIMO,21,主观题,,整题,MAYBE,待裁决-证据未核实,待裁决-证据未核实候选,该题正式评分材料候选存在候选/存在冲突，未确认匹配，不下判,,不明,2026-09-24-attribution-v3
BJ-2025-DC-QIMO-Q3,BJ-2025-DC-QIMO-Q3,BJ-2025-DC-QIMO-Q3,BJ-2025-DC-QIMO,3,选择题,,整题,MAYBE,完整题-选择题照收,E1,逐题已匹配正式评分材料,,不明,2026-09-24-attribution-v3
BJ-2025-DC-QIMO-Q5,BJ-2025-DC-QIMO-Q5,BJ-2025-DC-QIMO-Q5,BJ-2025-DC-QIMO,5,选择题,,整题,MAYBE,完整题-选择题照收,答案键来源未核实(候选未确认),该题正式评分材料候选存在候选/存在冲突，未确认匹配，不下判,,不明,2026-09-24-attribution-v3
BJ-2025-DC-QIMO-Q6,BJ-2025-DC-QIMO-Q6,BJ-2025-DC-QIMO-Q6,BJ-2025-DC-QIMO,6,选择题,,整题,MAYBE,完整题-选择题照收,答案键来源未核实(候选未确认),该题正式评分材料候选存在候选/存在冲突，未确认匹配，不下判,,不明,2026-09-24-attribution-v3
BJ-2025-DC-QIMO-Q7,BJ-2025-DC-QIMO-Q7,BJ-2025-DC-QIMO-Q7,BJ-2025-DC-QIMO,7,选择题,,整题,IN,完整题-选择题照收,答案键来源未核实(候选未确认),该题正式评分材料候选存在候选/存在冲突，未确认匹配，不下判,,不明,2026-09-24-attribution-v3
BJ-2025-DC-QIMO-Q8,BJ-2025-DC-QIMO-Q8,BJ-2025-DC-QIMO-Q8,BJ-2025-DC-QIMO,8,选择题,,整题,MAYBE,完整题-选择题照收,答案键来源未核实(候选未确认),该题正式评分材料候选存在候选/存在冲突，未确认匹配，不下判,,不明,2026-09-24-attribution-v3
BJ-2025-DC-QIMO-Q9,BJ-2025-DC-QIMO-Q9,BJ-2025-DC-QIMO-Q9,BJ-2025-DC-QIMO,9,选择题,,整题,MAYBE,完整题-选择题照收,答案键来源未核实(候选未确认),该题正式评分材料候选存在候选/存在冲突，未确认匹配，不下判,,不明,2026-09-24-attribution-v3
BJ-2025-DC-QIMO-Q10,BJ-2025-DC-QIMO-Q10,BJ-2025-DC-QIMO-Q10,BJ-2025-DC-QIMO,10,选择题,,整题,MAYBE,完整题-选择题照收,答案键来源未核实(候选未确认),该题正式评分材料候选存在候选/存在冲突，未确认匹配，不下判,,不明,2026-09-24-attribution-v3
BJ-2025-DC-QIMO-Q11,BJ-2025-DC-QIMO-Q11,BJ-2025-DC-QIMO-Q11,BJ-2025-DC-QIMO,11,选择题,,整题,MAYBE,完整题-选择题照收,答案键来源未核实(候选未确认),该题正式评分材料候选存在候选/存在冲突，未确认匹配，不下判,,倾向,2026-09-24-attribution-v3
BJ-2025-DC-QIMO-Q12,BJ-2025-DC-QIMO-Q12,BJ-2025-DC-QIMO-Q12,BJ-2025-DC-QIMO,12,选择题,,整题,MAYBE,完整题-选择题照收,答案键来源未核实(候选未确认),该题正式评分材料候选存在候选/存在冲突，未确认匹配，不下判,,不明,2026-09-24-attribution-v3
BJ-2025-FT-QIMO-Q16,BJ-2025-FT-QIMO-Q16,BJ-2025-FT-QIMO-Q16,BJ-2025-FT-QIMO,16,主观题,,整题,MAYBE,完整题-有E1,E1,逐题已匹配正式评分材料,,不明,2026-09-24-attribution-v3
BJ-2025-FT-QIMO-Q17#1,BJ-2025-FT-QIMO-Q17,BJ-2025-FT-QIMO-Q17,BJ-2025-FT-QIMO,17,主观题,1,小问,MAYBE,完整题-有E1,E1,逐题已匹配正式评分材料,,不明,2026-09-24-attribution-v3
BJ-2025-FT-QIMO-Q17#2,BJ-2025-FT-QIMO-Q17,BJ-2025-FT-QIMO-Q17,BJ-2025-FT-QIMO,17,主观题,2,小问,MAYBE,完整题-有E1,E1,逐题已匹配正式评分材料,,不明,2026-09-24-attribution-v3
BJ-2025-FT-QIMO-Q17#3,BJ-2025-FT-QIMO-Q17,BJ-2025-FT-QIMO-Q17,BJ-2025-FT-QIMO,17,主观题,3,小问,MAYBE,完整题-有E1,E1,逐题已匹配正式评分材料,,不明,2026-09-24-attribution-v3
BJ-2025-FT-QIMO-Q20,BJ-2025-FT-QIMO-Q20,BJ-2025-FT-QIMO-Q20,BJ-2025-FT-QIMO,20,主观题,,整题,MAYBE,完整题-有E1,E1,逐题已匹配正式评分材料,,不明,2026-09-24-attribution-v3
BJ-2025-FT-QIMO-Q5,BJ-2025-FT-QIMO-Q5,BJ-2025-FT-QIMO-Q5,BJ-2025-FT-QIMO,5,选择题,,整题,MAYBE,完整题-选择题照收,答案键来源未核实(候选未确认),该题正式评分材料候选存在候选/存在冲突，未确认匹配，不下判,,不明,2026-09-24-attribution-v3
BJ-2025-FT-QIMO-Q6,BJ-2025-FT-QIMO-Q6,BJ-2025-FT-QIMO-Q6,BJ-2025-FT-QIMO,6,选择题,,整题,MAYBE,完整题-选择题照收,答案键来源未核实(候选未确认),该题正式评分材料候选存在候选/存在冲突，未确认匹配，不下判,,不明,2026-09-24-attribution-v3
BJ-2025-FT-QIMO-Q7,BJ-2025-FT-QIMO-Q7,BJ-2025-FT-QIMO-Q7,BJ-2025-FT-QIMO,7,选择题,,整题,MAYBE,完整题-选择题照收,答案键来源未核实(候选未确认),该题正式评分材料候选存在候选/存在冲突，未确认匹配，不下判,,不明,2026-09-24-attribution-v3
BJ-2025-FT-QIMO-Q8,BJ-2025-FT-QIMO-Q8,BJ-2025-FT-QIMO-Q8,BJ-2025-FT-QIMO,8,选择题,,整题,MAYBE,完整题-选择题照收,答案键来源未核实(候选未确认),该题正式评分材料候选存在候选/存在冲突，未确认匹配，不下判,,不明,2026-09-24-attribution-v3
BJ-2025-FT-QIMO-Q11,BJ-2025-FT-QIMO-Q11,BJ-2025-FT-QIMO-Q11,BJ-2025-FT-QIMO,11,选择题,,整题,MAYBE,完整题-选择题照收,答案键来源未核实(候选未确认),该题正式评分材料候选存在候选/存在冲突，未确认匹配，不下判,,倾向,2026-09-24-attribution-v3
BJ-2025-FT-QIMO-Q12,BJ-2025-FT-QIMO-Q12,BJ-2025-FT-QIMO-Q12,BJ-2025-FT-QIMO,12,选择题,,整题,MAYBE,完整题-选择题照收,答案键来源未核实(候选未确认),该题正式评分材料候选存在候选/存在冲突，未确认匹配，不下判,,不明,2026-09-24-attribution-v3
BJ-2025-FT-QIMO-Q13,BJ-2025-FT-QIMO-Q13,BJ-2025-FT-QIMO-Q13,BJ-2025-FT-QIMO,13,选择题,,整题,MAYBE,完整题-选择题照收,答案键来源未核实(候选未确认),该题正式评分材料候选存在候选/存在冲突，未确认匹配，不下判,,不明,2026-09-24-attribution-v3
BJ-2025-FT-QIMO-Q14,BJ-2025-FT-QIMO-Q14,BJ-2025-FT-QIMO-Q14,BJ-2025-FT-QIMO,14,选择题,,整题,MAYBE,完整题-选择题照收,答案键来源未核实(候选未确认),该题正式评分材料候选存在候选/存在冲突，未确认匹配，不下判,,不明,2026-09-24-attribution-v3
BJ-2025-FT-QIMO-Q15,BJ-2025-FT-QIMO-Q15,BJ-2025-FT-QIMO-Q15,BJ-2025-FT-QIMO,15,选择题,,整题,MAYBE,完整题-选择题照收,答案键来源未核实(候选未确认),该题正式评分材料候选存在候选/存在冲突，未确认匹配，不下判,,倾向,2026-09-24-attribution-v3
BJ-2025-FT-QIMO-Q19#1,BJ-2025-FT-QIMO-Q19,BJ-2025-FT-QIMO-Q19,BJ-2025-FT-QIMO,19,主观题,1,小问,MAYBE,待裁决-证据未核实,待裁决-证据未核实候选,该题正式评分材料候选存在候选/存在冲突，未确认匹配，不下判,,不明,2026-09-24-attribution-v3
BJ-2025-FT-QIMO-Q21,BJ-2025-FT-QIMO-Q21,BJ-2025-FT-QIMO-Q21,BJ-2025-FT-QIMO,21,主观题,,整题,MAYBE,待裁决-证据未核实,待裁决-证据未核实候选,该题正式评分材料候选存在候选/存在冲突，未确认匹配，不下判,,不明,2026-09-24-attribution-v3
BJ-2025-CY-QIMO-Q16,BJ-2025-CY-QIMO-Q16,BJ-2025-CY-QIMO-Q16,BJ-2025-CY-QIMO,16,主观题,,整题,MAYBE,待裁决-证据未核实,待裁决-证据未核实候选,该题正式评分材料候选存在候选/存在冲突，未确认匹配，不下判,B1:rubric_unreadable_not_OUT;B2:rubric_unreadable_not_OUT;B3:rubric_unreadable_not_OUT;X1:rubric_unreadable_not_OUT;X2:rubric_unreadable_not_OUT;MI:rubric_unreadable_not_OUT;RE:rubric_unreadable_not_OUT,确定,2026-09-24-attribution-v3
BJ-2025-CY-QIMO-Q18,BJ-2025-CY-QIMO-Q18,BJ-2025-CY-QIMO-Q18,BJ-2025-CY-QIMO,18,主观题,,整题,MAYBE,待裁决-证据未核实,待裁决-证据未核实候选,该题正式评分材料候选存在候选/存在冲突，未确认匹配，不下判,B1:rubric_unreadable_not_OUT;B3:rubric_unreadable_not_OUT;PH:rubric_unreadable_not_OUT;CU:rubric_unreadable_not_OUT;X1:rubric_unreadable_not_OUT;X2:rubric_unreadable_not_OUT;MI:rubric_unreadable_not_OUT;RE:rubric_unreadable_not_OUT,确定,2026-09-24-attribution-v3
BJ-2025-CY-QIMO-Q20,BJ-2025-CY-QIMO-Q20,BJ-2025-CY-QIMO-Q20,BJ-2025-CY-QIMO,20,主观题,,整题,MAYBE,待裁决-证据未核实,待裁决-证据未核实候选,该题正式评分材料候选存在候选/存在冲突，未确认匹配，不下判,,倾向,2026-09-24-attribution-v3
BJ-2025-CY-QIMO-Q21,BJ-2025-CY-QIMO-Q21,BJ-2025-CY-QIMO-Q21,BJ-2025-CY-QIMO,21,主观题,,整题,MAYBE,待裁决-证据未核实,待裁决-证据未核实候选,该题正式评分材料候选存在候选/存在冲突，未确认匹配，不下判,B2:rubric_unreadable_not_OUT;B3:rubric_unreadable_not_OUT;PH:rubric_unreadable_not_OUT;CU:rubric_unreadable_not_OUT;X2:rubric_unreadable_not_OUT;MI:rubric_unreadable_not_OUT;RE:rubric_unreadable_not_OUT,倾向,2026-09-24-attribution-v3
BJ-2025-CY-QIMO-Q22,BJ-2025-CY-QIMO-Q22,BJ-2025-CY-QIMO-Q22,BJ-2025-CY-QIMO,22,主观题,,整题,MAYBE,待裁决-证据未核实,待裁决-证据未核实候选,该题正式评分材料候选存在候选/存在冲突，未确认匹配，不下判,,不明,2026-09-24-attribution-v3
BJ-2025-CY-QIMO-Q4,BJ-2025-CY-QIMO-Q4,BJ-2025-CY-QIMO-Q4,BJ-2025-CY-QIMO,4,选择题,,整题,MAYBE,完整题-选择题照收,答案键来源未核实(候选未确认),该题正式评分材料候选存在候选/存在冲突，未确认匹配，不下判,,倾向,2026-09-24-attribution-v3
BJ-2025-CY-QIMO-Q7,BJ-2025-CY-QIMO-Q7,BJ-2025-CY-QIMO-Q7,BJ-2025-CY-QIMO,7,选择题,,整题,MAYBE,完整题-选择题照收,答案键来源未核实(候选未确认),该题正式评分材料候选存在候选/存在冲突，未确认匹配，不下判,,不明,2026-09-24-attribution-v3
BJ-2025-CY-QIMO-Q8,BJ-2025-CY-QIMO-Q8,BJ-2025-CY-QIMO-Q8,BJ-2025-CY-QIMO,8,选择题,,整题,MAYBE,完整题-选择题照收,答案键来源未核实(候选未确认),该题正式评分材料候选存在候选/存在冲突，未确认匹配，不下判,,不明,2026-09-24-attribution-v3
BJ-2025-CY-QIMO-Q9,BJ-2025-CY-QIMO-Q9,BJ-2025-CY-QIMO-Q9,BJ-2025-CY-QIMO,9,选择题,,整题,MAYBE,完整题-选择题照收,答案键来源未核实(候选未确认),该题正式评分材料候选存在候选/存在冲突，未确认匹配，不下判,,不明,2026-09-24-attribution-v3
BJ-2025-CY-QIMO-Q10,BJ-2025-CY-QIMO-Q10,BJ-2025-CY-QIMO-Q10,BJ-2025-CY-QIMO,10,选择题,,整题,MAYBE,完整题-选择题照收,答案键来源未核实(候选未确认),该题正式评分材料候选存在候选/存在冲突，未确认匹配，不下判,,不明,2026-09-24-attribution-v3
BJ-2025-CY-QIMO-Q11,BJ-2025-CY-QIMO-Q11,BJ-2025-CY-QIMO-Q11,BJ-2025-CY-QIMO,11,选择题,,整题,MAYBE,完整题-选择题照收,答案键来源未核实(候选未确认),该题正式评分材料候选存在候选/存在冲突，未确认匹配，不下判,,倾向,2026-09-24-attribution-v3
BJ-2025-CY-QIMO-Q12,BJ-2025-CY-QIMO-Q12,BJ-2025-CY-QIMO-Q12,BJ-2025-CY-QIMO,12,选择题,,整题,MAYBE,完整题-选择题照收,答案键来源未核实(候选未确认),该题正式评分材料候选存在候选/存在冲突，未确认匹配，不下判,,不明,2026-09-24-attribution-v3
BJ-2025-CY-QIMO-Q13,BJ-2025-CY-QIMO-Q13,BJ-2025-CY-QIMO-Q13,BJ-2025-CY-QIMO,13,选择题,,整题,MAYBE,完整题-选择题照收,答案键来源未核实(候选未确认),该题正式评分材料候选存在候选/存在冲突，未确认匹配，不下判,,不明,2026-09-24-attribution-v3
BJ-2025-CY-QIMO-Q14,BJ-2025-CY-QIMO-Q14,BJ-2025-CY-QIMO-Q14,BJ-2025-CY-QIMO,14,选择题,,整题,MAYBE,完整题-选择题照收,答案键来源未核实(候选未确认),该题正式评分材料候选存在候选/存在冲突，未确认匹配，不下判,,不明,2026-09-24-attribution-v3
BJ-2025-CY-QIMO-Q15,BJ-2025-CY-QIMO-Q15,BJ-2025-CY-QIMO-Q15,BJ-2025-CY-QIMO,15,选择题,,整题,MAYBE,完整题-选择题照收,答案键来源未核实(候选未确认),该题正式评分材料候选存在候选/存在冲突，未确认匹配，不下判,,倾向,2026-09-24-attribution-v3
BJ-2025-CY-QIMO-Q17,BJ-2025-CY-QIMO-Q17,BJ-2025-CY-QIMO-Q17,BJ-2025-CY-QIMO,17,主观题,,整题,MAYBE,待裁决-证据未核实,待裁决-证据未核实候选,该题正式评分材料候选存在候选/存在冲突，未确认匹配，不下判,B1:rubric_unreadable_not_OUT;PH:rubric_unreadable_not_OUT;CU:rubric_unreadable_not_OUT;X2:rubric_unreadable_not_OUT;MI:rubric_unreadable_not_OUT;RE:rubric_unreadable_not_OUT,倾向,2026-09-24-attribution-v3
BJ-2025-HD-QIZHONG-Q16#1,BJ-2025-HD-QIZHONG-Q16,BJ-2025-HD-QIZHONG-Q16,BJ-2024-HD-QIZHONG,16,主观题,1,小问,MAYBE,完整题-有E1,E1,逐题已匹配正式评分材料,,不明,2026-09-24-attribution-v3
BJ-2025-HD-QIZHONG-Q16#2,BJ-2025-HD-QIZHONG-Q16,BJ-2025-HD-QIZHONG-Q16,BJ-2024-HD-QIZHONG,16,主观题,2,小问,MAYBE,完整题-有E1,E1,逐题已匹配正式评分材料,,不明,2026-09-24-attribution-v3
BJ-2025-HD-QIZHONG-Q17,BJ-2025-HD-QIZHONG-Q17,BJ-2024-HD-QIZHONG-Q17,BJ-2024-HD-QIZHONG,17,主观题,,整题,MAYBE,完整题-有E1,E1,逐题已匹配正式评分材料,B1:rubric_unreadable_not_OUT;B3:rubric_unreadable_not_OUT;PH:rubric_unreadable_not_OUT;CU:rubric_unreadable_not_OUT;X1:rubric_unreadable_not_OUT;MI:rubric_unreadable_not_OUT;RE:rubric_unreadable_not_OUT;identity:dup_alias_qid_pairs合并(pair=BJ-2024-HD-QIZHONG-Q17),倾向,2026-09-24-attribution-v3
BJ-2025-HD-QIZHONG-Q18,BJ-2025-HD-QIZHONG-Q18,BJ-2025-HD-QIZHONG-Q18,BJ-2024-HD-QIZHONG,18,主观题,,整题,MAYBE,完整题-有E1,E1,逐题已匹配正式评分材料,,不明,2026-09-24-attribution-v3
BJ-2025-HD-QIZHONG-Q19,BJ-2025-HD-QIZHONG-Q19,BJ-2024-HD-QIZHONG-Q19,BJ-2024-HD-QIZHONG,19,主观题,,整题,MAYBE,完整题-有E1,E1,逐题已匹配正式评分材料,B1:rubric_unreadable_not_OUT;CU:rubric_unreadable_not_OUT;X1:rubric_unreadable_not_OUT;MI:rubric_unreadable_not_OUT;RE:rubric_unreadable_not_OUT;identity:dup_alias_qid_pairs合并(pair=BJ-2024-HD-QIZHONG-Q19),倾向,2026-09-24-attribution-v3
BJ-2025-HD-QIZHONG-Q20,BJ-2025-HD-QIZHONG-Q20,BJ-2024-HD-QIZHONG-Q20,BJ-2024-HD-QIZHONG,20,主观题,,整题,MAYBE,完整题-有E1,E1,逐题已匹配正式评分材料,B1:rubric_unreadable_not_OUT;B3:rubric_unreadable_not_OUT;PH:rubric_unreadable_not_OUT;CU:rubric_unreadable_not_OUT;X1:rubric_unreadable_not_OUT;MI:rubric_unreadable_not_OUT;RE:rubric_unreadable_not_OUT;identity:dup_alias_qid_pairs合并(pair=BJ-2024-HD-QIZHONG-Q20),倾向,2026-09-24-attribution-v3
BJ-2025-HD-QIMO-Q5,BJ-2025-HD-QIMO-Q5,BJ-2025-HD-QIMO-Q5,BJ-2025-HD-QIMO,5,选择题,,整题,MAYBE,完整题-选择题照收,E1,逐题已匹配正式评分材料,,不明,2026-09-24-attribution-v3
BJ-2025-HD-QIMO-Q6,BJ-2025-HD-QIMO-Q6,BJ-2025-HD-QIMO-Q6,BJ-2025-HD-QIMO,6,选择题,,整题,MAYBE,完整题-选择题照收,E1,逐题已匹配正式评分材料,,不明,2026-09-24-attribution-v3
BJ-2025-HD-QIMO-Q18,BJ-2025-HD-QIMO-Q18,BJ-2025-HD-QIMO-Q18,BJ-2025-HD-QIMO,18,主观题,,整题,MAYBE,完整题-有E1,E1,逐题已匹配正式评分材料,,不明,2026-09-24-attribution-v3
BJ-2025-HD-QIMO-Q22,BJ-2025-HD-QIMO-Q22,BJ-2025-HD-QIMO-Q22,BJ-2025-HD-QIMO,22,主观题,,整题,MAYBE,完整题-有E1,E1,逐题已匹配正式评分材料,,不明,2026-09-24-attribution-v3
BJ-2025-HD-QIMO-Q7,BJ-2025-HD-QIMO-Q7,BJ-2025-HD-QIMO-Q7,BJ-2025-HD-QIMO,7,选择题,,整题,MAYBE,完整题-选择题照收,答案键来源未核实(候选未确认),该题正式评分材料候选存在候选/存在冲突，未确认匹配，不下判,,不明,2026-09-24-attribution-v3
BJ-2025-HD-QIMO-Q9,BJ-2025-HD-QIMO-Q9,BJ-2025-HD-QIMO-Q9,BJ-2025-HD-QIMO,9,选择题,,整题,MAYBE,完整题-选择题照收,答案键来源未核实(候选未确认),该题正式评分材料候选存在候选/存在冲突，未确认匹配，不下判,,不明,2026-09-24-attribution-v3
BJ-2025-HD-QIMO-Q10,BJ-2025-HD-QIMO-Q10,BJ-2025-HD-QIMO-Q10,BJ-2025-HD-QIMO,10,选择题,,整题,MAYBE,完整题-选择题照收,答案键来源未核实(候选未确认),该题正式评分材料候选存在候选/存在冲突，未确认匹配，不下判,,不明,2026-09-24-attribution-v3
BJ-2025-HD-QIMO-Q11,BJ-2025-HD-QIMO-Q11,BJ-2025-HD-QIMO-Q11,BJ-2025-HD-QIMO,11,选择题,,整题,MAYBE,完整题-选择题照收,答案键来源未核实(候选未确认),该题正式评分材料候选存在候选/存在冲突，未确认匹配，不下判,,倾向,2026-09-24-attribution-v3
BJ-2025-HD-QIMO-Q12,BJ-2025-HD-QIMO-Q12,BJ-2025-HD-QIMO-Q12,BJ-2025-HD-QIMO,12,选择题,,整题,MAYBE,完整题-选择题照收,答案键来源未核实(候选未确认),该题正式评分材料候选存在候选/存在冲突，未确认匹配，不下判,,不明,2026-09-24-attribution-v3
BJ-2025-HD-QIMO-Q13,BJ-2025-HD-QIMO-Q13,BJ-2025-HD-QIMO-Q13,BJ-2025-HD-QIMO,13,选择题,,整题,MAYBE,完整题-选择题照收,答案键来源未核实(候选未确认),该题正式评分材料候选存在候选/存在冲突，未确认匹配，不下判,,倾向,2026-09-24-attribution-v3
BJ-2025-HD-QIMO-Q14,BJ-2025-HD-QIMO-Q14,BJ-2025-HD-QIMO-Q14,BJ-2025-HD-QIMO,14,选择题,,整题,MAYBE,完整题-选择题照收,答案键来源未核实(候选未确认),该题正式评分材料候选存在候选/存在冲突，未确认匹配，不下判,,不明,2026-09-24-attribution-v3
BJ-2025-HD-QIMO-Q15,BJ-2025-HD-QIMO-Q15,BJ-2025-HD-QIMO-Q15,BJ-2025-HD-QIMO,15,选择题,,整题,MAYBE,完整题-选择题照收,答案键来源未核实(候选未确认),该题正式评分材料候选存在候选/存在冲突，未确认匹配，不下判,,不明,2026-09-24-attribution-v3
BJ-2025-HD-QIMO-Q17#1,BJ-2025-HD-QIMO-Q17,BJ-2025-HD-QIMO-Q17,BJ-2025-HD-QIMO,17,主观题,1,小问,MAYBE,待裁决-证据未核实,待裁决-证据未核实候选,该题正式评分材料候选存在候选/存在冲突，未确认匹配，不下判,B1:rubric_unreadable_not_OUT;B2:rubric_unreadable_not_OUT;B3:rubric_unreadable_not_OUT;CU:rubric_unreadable_not_OUT;X1:rubric_unreadable_not_OUT;X2:rubric_unreadable_not_OUT;RE:rubric_unreadable_not_OUT,确定,2026-09-24-attribution-v3
BJ-2025-HD-QIMO-Q17#2,BJ-2025-HD-QIMO-Q17,BJ-2025-HD-QIMO-Q17,BJ-2025-HD-QIMO,17,主观题,2,小问,MAYBE,待裁决-证据未核实,待裁决-证据未核实候选,该题正式评分材料候选存在候选/存在冲突，未确认匹配，不下判,B1:rubric_unreadable_not_OUT;B2:rubric_unreadable_not_OUT;B3:rubric_unreadable_not_OUT;CU:rubric_unreadable_not_OUT;X1:rubric_unreadable_not_OUT;X2:rubric_unreadable_not_OUT;RE:rubric_unreadable_not_OUT,确定,2026-09-24-attribution-v3
BJ-2025-HD-QIMO-Q20,BJ-2025-HD-QIMO-Q20,BJ-2025-HD-QIMO-Q20,BJ-2025-HD-QIMO,20,主观题,,整题,MAYBE,待裁决-证据未核实,待裁决-证据未核实候选,该题正式评分材料候选存在候选/存在冲突，未确认匹配，不下判,,不明,2026-09-24-attribution-v3
BJ-2025-HD-QIMO-Q21,BJ-2025-HD-QIMO-Q21,BJ-2025-HD-QIMO-Q21,BJ-2025-HD-QIMO,21,主观题,,整题,MAYBE,待裁决-证据未核实,待裁决-证据未核实候选,该题正式评分材料候选存在候选/存在冲突，未确认匹配，不下判,B1:rubric_unreadable_not_OUT;B3:rubric_unreadable_not_OUT;PH:rubric_unreadable_not_OUT;CU:rubric_unreadable_not_OUT;X1:rubric_unreadable_not_OUT;MI:rubric_unreadable_not_OUT;RE:rubric_unreadable_not_OUT,确定,2026-09-24-attribution-v3
BJ-2025-XC-QIMO-Q18,BJ-2025-XC-QIMO-Q18,BJ-2025-XC-QIMO-Q18,BJ-2025-XC-QIMO,18,主观题,,整题,MAYBE,完整题-有E1,E1,逐题已匹配正式评分材料,,不明,2026-09-24-attribution-v3
BJ-2025-XC-QIMO-Q19,BJ-2025-XC-QIMO-Q19,BJ-2025-XC-QIMO-Q19,BJ-2025-XC-QIMO,19,主观题,,整题,MAYBE,完整题-有E1,E1,逐题已匹配正式评分材料,"关联但不合并(疑似跨卷复用/串题,非duplicate_registration_alias):dup_of=BJ-2025-HD-QIMO-Q19",不明,2026-09-24-attribution-v3
BJ-2025-XC-QIMO-Q21,BJ-2025-XC-QIMO-Q21,BJ-2025-XC-QIMO-Q21,BJ-2025-XC-QIMO,21,主观题,,整题,MAYBE,完整题-有E1,E1,逐题已匹配正式评分材料,,不明,2026-09-24-attribution-v3
BJ-2025-XC-QIMO-Q7,BJ-2025-XC-QIMO-Q7,BJ-2025-XC-QIMO-Q7,BJ-2025-XC-QIMO,7,选择题,,整题,MAYBE,完整题-选择题照收,答案键来源未核实(候选未确认),该题正式评分材料候选存在候选/存在冲突，未确认匹配，不下判,,不明,2026-09-24-attribution-v3
BJ-2025-XC-QIMO-Q8,BJ-2025-XC-QIMO-Q8,BJ-2025-XC-QIMO-Q8,BJ-2025-XC-QIMO,8,选择题,,整题,MAYBE,完整题-选择题照收,答案键来源未核实(候选未确认),该题正式评分材料候选存在候选/存在冲突，未确认匹配，不下判,,不明,2026-09-24-attribution-v3
BJ-2025-XC-QIMO-Q9,BJ-2025-XC-QIMO-Q9,BJ-2025-XC-QIMO-Q9,BJ-2025-XC-QIMO,9,选择题,,整题,MAYBE,完整题-选择题照收,答案键来源未核实(候选未确认),该题正式评分材料候选存在候选/存在冲突，未确认匹配，不下判,,不明,2026-09-24-attribution-v3
BJ-2025-XC-QIMO-Q10,BJ-2025-XC-QIMO-Q10,BJ-2025-XC-QIMO-Q10,BJ-2025-XC-QIMO,10,选择题,,整题,MAYBE,完整题-选择题照收,答案键来源未核实(候选未确认),该题正式评分材料候选存在候选/存在冲突，未确认匹配，不下判,,不明,2026-09-24-attribution-v3
BJ-2025-XC-QIMO-Q11,BJ-2025-XC-QIMO-Q11,BJ-2025-XC-QIMO-Q11,BJ-2025-XC-QIMO,11,选择题,,整题,MAYBE,完整题-选择题照收,答案键来源未核实(候选未确认),该题正式评分材料候选存在候选/存在冲突，未确认匹配，不下判,,不明,2026-09-24-attribution-v3
BJ-2025-XC-QIMO-Q12,BJ-2025-XC-QIMO-Q12,BJ-2025-XC-QIMO-Q12,BJ-2025-XC-QIMO,12,选择题,,整题,MAYBE,完整题-选择题照收,答案键来源未核实(候选未确认),该题正式评分材料候选存在候选/存在冲突，未确认匹配，不下判,,不明,2026-09-24-attribution-v3
BJ-2025-XC-QIMO-Q13,BJ-2025-XC-QIMO-Q13,BJ-2025-XC-QIMO-Q13,BJ-2025-XC-QIMO,13,选择题,,整题,MAYBE,完整题-选择题照收,答案键来源未核实(候选未确认),该题正式评分材料候选存在候选/存在冲突，未确认匹配，不下判,,不明,2026-09-24-attribution-v3
BJ-2025-XC-QIMO-Q14,BJ-2025-XC-QIMO-Q14,BJ-2025-XC-QIMO-Q14,BJ-2025-XC-QIMO,14,选择题,,整题,MAYBE,完整题-选择题照收,答案键来源未核实(候选未确认),该题正式评分材料候选存在候选/存在冲突，未确认匹配，不下判,,倾向,2026-09-24-attribution-v3
BJ-2025-XC-QIMO-Q15,BJ-2025-XC-QIMO-Q15,BJ-2025-XC-QIMO-Q15,BJ-2025-XC-QIMO,15,选择题,,整题,MAYBE,完整题-选择题照收,答案键来源未核实(候选未确认),该题正式评分材料候选存在候选/存在冲突，未确认匹配，不下判,,不明,2026-09-24-attribution-v3
BJ-2026-DC-YIMO-Q16,BJ-2026-DC-YIMO-Q16,BJ-2026-DC-YIMO-Q16,BJ-2026-DC-YIMO,16,主观题,,整题,MAYBE,完整题-有E1,E1,逐题已匹配正式评分材料,,倾向,2026-09-24-attribution-v3
BJ-2026-DC-YIMO-Q2,BJ-2026-DC-YIMO-Q2,BJ-2026-DC-YIMO-Q2,BJ-2026-DC-YIMO,2,选择题,,整题,MAYBE,完整题-选择题照收,E1,逐题已匹配正式评分材料,,倾向,2026-09-24-attribution-v3
BJ-2026-DC-YIMO-Q4,BJ-2026-DC-YIMO-Q4,BJ-2026-DC-YIMO-Q4,BJ-2026-DC-YIMO,4,选择题,,整题,MAYBE,完整题-选择题照收,E1,逐题已匹配正式评分材料,,不明,2026-09-24-attribution-v3
BJ-2026-DC-YIMO-Q3,BJ-2026-DC-YIMO-Q3,BJ-2026-DC-YIMO-Q3,BJ-2026-DC-YIMO,3,选择题,,整题,MAYBE,完整题-选择题照收,E1,逐题已匹配正式评分材料,,不明,2026-09-24-attribution-v3
BJ-2026-DC-YIMO-Q19#1,BJ-2026-DC-YIMO-Q19,BJ-2026-DC-YIMO-Q19,BJ-2026-DC-YIMO,19,主观题,1,小问,MAYBE,完整题-有E1,E1,逐题已匹配正式评分材料,,不明,2026-09-24-attribution-v3
BJ-2026-DC-YIMO-Q19#2,BJ-2026-DC-YIMO-Q19,BJ-2026-DC-YIMO-Q19,BJ-2026-DC-YIMO,19,主观题,2,小问,MAYBE,完整题-有E1,E1,逐题已匹配正式评分材料,,不明,2026-09-24-attribution-v3
BJ-2026-DC-YIMO-Q19#3,BJ-2026-DC-YIMO-Q19,BJ-2026-DC-YIMO-Q19,BJ-2026-DC-YIMO,19,主观题,3,小问,MAYBE,完整题-有E1,E1,逐题已匹配正式评分材料,,不明,2026-09-24-attribution-v3
BJ-2026-DC-YIMO-Q19#4,BJ-2026-DC-YIMO-Q19,BJ-2026-DC-YIMO-Q19,BJ-2026-DC-YIMO,19,主观题,4,小问,MAYBE,完整题-有E1,E1,逐题已匹配正式评分材料,,不明,2026-09-24-attribution-v3
BJ-2026-DC-YIMO-Q20,BJ-2026-DC-YIMO-Q20,BJ-2026-DC-YIMO-Q20,BJ-2026-DC-YIMO,20,主观题,,整题,MAYBE,完整题-有E1,E1,逐题已匹配正式评分材料,,不明,2026-09-24-attribution-v3
BJ-2026-DC-YIMO-Q5,BJ-2026-DC-YIMO-Q5,BJ-2026-DC-YIMO-Q5,BJ-2026-DC-YIMO,5,选择题,,整题,MAYBE,完整题-选择题照收,答案键来源未核实(候选未确认),该题正式评分材料候选存在候选/存在冲突，未确认匹配，不下判,,不明,2026-09-24-attribution-v3
BJ-2026-DC-YIMO-Q12,BJ-2026-DC-YIMO-Q12,BJ-2026-DC-YIMO-Q12,BJ-2026-DC-YIMO,12,选择题,,整题,MAYBE,完整题-选择题照收,答案键来源未核实(候选未确认),该题正式评分材料候选存在候选/存在冲突，未确认匹配，不下判,,不明,2026-09-24-attribution-v3
BJ-2026-DC-YIMO-Q13,BJ-2026-DC-YIMO-Q13,BJ-2026-DC-YIMO-Q13,BJ-2026-DC-YIMO,13,选择题,,整题,MAYBE,完整题-选择题照收,答案键来源未核实(候选未确认),该题正式评分材料候选存在候选/存在冲突，未确认匹配，不下判,,倾向,2026-09-24-attribution-v3
BJ-2026-DC-YIMO-Q14,BJ-2026-DC-YIMO-Q14,BJ-2026-DC-YIMO-Q14,BJ-2026-DC-YIMO,14,选择题,,整题,MAYBE,完整题-选择题照收,答案键来源未核实(候选未确认),该题正式评分材料候选存在候选/存在冲突，未确认匹配，不下判,,不明,2026-09-24-attribution-v3
BJ-2026-FT-YIMO-Q4,BJ-2026-FT-YIMO-Q4,BJ-2026-FT-YIMO-Q4,BJ-2026-FT-YIMO,4,选择题,,整题,MAYBE,完整题-选择题照收,E1,逐题已匹配正式评分材料,,不明,2026-09-24-attribution-v3
BJ-2026-FT-YIMO-Q17,BJ-2026-FT-YIMO-Q17,BJ-2026-FT-YIMO-Q17,BJ-2026-FT-YIMO,17,主观题,,整题,MAYBE,完整题-有E1,E1,逐题已匹配正式评分材料,"B1:rubric_unreadable_not_OUT;B2:rubric_unreadable_not_OUT;PH:rubric_unreadable_not_OUT;CU:rubric_unreadable_not_OUT;X2:rubric_unreadable_not_OUT;MI:rubric_unreadable_not_OUT;RE:rubric_unreadable_not_OUT;关联但不合并(疑似跨卷复用/串题,非duplicate_registration_alias):dup_of=BJ-2024-BJ-GAOKAO-Q17;BJ-2025-FT-ERMO-Q17",倾向,2026-09-24-attribution-v3
BJ-2026-FT-YIMO-Q19,BJ-2026-FT-YIMO-Q19,BJ-2026-FT-YIMO-Q19,BJ-2026-FT-YIMO,19,主观题,,整题,MAYBE,不收-无E1,缺细则-已核实,覆盖rubric_links.csv自动匹配结果：该行文本6-gram重叠1.0命中细则.pptx被自动标为'已匹配正式材料'，但book-xuanbi-1.md连续6轮独立核验(见cite)一致确认该pptx对Q19只给答案方向与整题样卷总分，没有逐点采分槽，最多为E3，不能作为E1闭环依据。 | book-xuanbi-1.md:43 五道主观题门…2026丰台一模Q19…只有同卷参考答案、讲评或学生样卷总分…以上均最多为E3; book-xuanbi-1.md:205 2026丰台一模Q19正式阅卷PPT仅给答案方向和学生样卷; book-xuanbi-1.md:400 2026丰台一模Q19只有答案方向和整题样卷总分; book-xuanbi-1.md:418 2026丰台一模Q19只有方向／样例／整题赋分; book-xuanbi-1.md:392 尚未关闭的主观E1为5道…2026丰台一模Q19,B1:rubric_unreadable_not_OUT;B2:rubric_unreadable_not_OUT;B3:rubric_unreadable_not_OUT;PH:rubric_unreadable_not_OUT;CU:rubric_unreadable_not_OUT;X2:rubric_unreadable_not_OUT;MI:rubric_unreadable_not_OUT;RE:rubric_unreadable_not_OUT,确定,2026-09-24-attribution-v3
BJ-2026-FT-YIMO-Q20,BJ-2026-FT-YIMO-Q20,BJ-2026-FT-YIMO-Q20,BJ-2026-FT-YIMO,20,主观题,,整题,MAYBE,完整题-有E1,E1,逐题已匹配正式评分材料,"B1:rubric_unreadable_not_OUT;B2:rubric_unreadable_not_OUT;X1:rubric_unreadable_not_OUT;MI:rubric_unreadable_not_OUT;RE:rubric_unreadable_not_OUT;关联但不合并(疑似跨卷复用/串题,非duplicate_registration_alias):dup_of=BJ-2026-CP-QIMO-Q18",倾向,2026-09-24-attribution-v3
BJ-2026-FT-YIMO-Q2,BJ-2026-FT-YIMO-Q2,BJ-2026-FT-YIMO-Q2,BJ-2026-FT-YIMO,2,选择题,,整题,MAYBE,完整题-选择题照收,答案键来源未核实(候选未确认),该题正式评分材料候选存在候选/存在冲突，未确认匹配，不下判,,不明,2026-09-24-attribution-v3
BJ-2026-FT-YIMO-Q3,BJ-2026-FT-YIMO-Q3,BJ-2026-FT-YIMO-Q3,BJ-2026-FT-YIMO,3,选择题,,整题,MAYBE,完整题-选择题照收,答案键来源未核实(候选未确认),该题正式评分材料候选存在候选/存在冲突，未确认匹配，不下判,,不明,2026-09-24-attribution-v3
BJ-2026-FT-YIMO-Q6,BJ-2026-FT-YIMO-Q6,BJ-2026-FT-YIMO-Q6,BJ-2026-FT-YIMO,6,选择题,,整题,MAYBE,完整题-选择题照收,答案键来源未核实(候选未确认),该题正式评分材料候选存在候选/存在冲突，未确认匹配，不下判,,不明,2026-09-24-attribution-v3
BJ-2026-FT-YIMO-Q12,BJ-2026-FT-YIMO-Q12,BJ-2026-FT-YIMO-Q12,BJ-2026-FT-YIMO,12,选择题,,整题,MAYBE,完整题-选择题照收,答案键来源未核实(候选未确认),该题正式评分材料候选存在候选/存在冲突，未确认匹配，不下判,,不明,2026-09-24-attribution-v3
BJ-2026-FT-YIMO-Q13,BJ-2026-FT-YIMO-Q13,BJ-2026-FT-YIMO-Q13,BJ-2026-FT-YIMO,13,选择题,,整题,MAYBE,完整题-选择题照收,答案键来源未核实(候选未确认),该题正式评分材料候选存在候选/存在冲突，未确认匹配，不下判,,不明,2026-09-24-attribution-v3
BJ-2026-FT-YIMO-Q16,BJ-2026-FT-YIMO-Q16,BJ-2026-FT-YIMO-Q16,BJ-2026-FT-YIMO,16,主观题,,整题,MAYBE,待裁决-证据未核实,待裁决-证据未核实候选,该题正式评分材料候选存在候选/存在冲突，未确认匹配，不下判,,不明,2026-09-24-attribution-v3
BJ-2026-FT-YIMO-Q21,BJ-2026-FT-YIMO-Q21,BJ-2026-FT-YIMO-Q21,BJ-2026-FT-YIMO,21,主观题,,整题,MAYBE,待裁决-证据未核实,待裁决-证据未核实候选,该题正式评分材料候选存在候选/存在冲突，未确认匹配，不下判,"关联但不合并(疑似跨卷复用/串题,非duplicate_registration_alias):dup_of=BJ-2023-FT-YIMO-Q22",不明,2026-09-24-attribution-v3
BJ-2026-YQ-YIMO-Q16,BJ-2026-YQ-YIMO-Q16,BJ-2026-YQ-YIMO-Q16,BJ-2026-YQ-YIMO,16,主观题,,整题,MAYBE,完整题-有E1,E1,逐题已匹配正式评分材料,,倾向,2026-09-24-attribution-v3
BJ-2026-YQ-YIMO-Q18#2,BJ-2026-YQ-YIMO-Q18,BJ-2026-YQ-YIMO-Q18,BJ-2026-YQ-YIMO,18,主观题,2,小问,MAYBE,完整题-有E1,E1,逐题已匹配正式评分材料,,不明,2026-09-24-attribution-v3
BJ-2026-YQ-YIMO-Q19#1,BJ-2026-YQ-YIMO-Q19,BJ-2026-YQ-YIMO-Q19,BJ-2026-YQ-YIMO,19,主观题,1,小问,MAYBE,完整题-有E1,E1,逐题已匹配正式评分材料,,倾向,2026-09-24-attribution-v3
BJ-2026-YQ-YIMO-Q19#2,BJ-2026-YQ-YIMO-Q19,BJ-2026-YQ-YIMO-Q19,BJ-2026-YQ-YIMO,19,主观题,2,小问,MAYBE,完整题-有E1,E1,逐题已匹配正式评分材料,,倾向,2026-09-24-attribution-v3
BJ-2026-YQ-YIMO-Q20,BJ-2026-YQ-YIMO-Q20,BJ-2026-YQ-YIMO-Q20,BJ-2026-YQ-YIMO,20,主观题,,整题,MAYBE,完整题-有E1,E1,逐题已匹配正式评分材料,,不明,2026-09-24-attribution-v3
BJ-2026-YQ-YIMO-Q2,BJ-2026-YQ-YIMO-Q2,BJ-2026-YQ-YIMO-Q2,BJ-2026-YQ-YIMO,2,选择题,,整题,MAYBE,完整题-选择题照收,答案键来源未核实(候选未确认),该题正式评分材料候选存在候选/存在冲突，未确认匹配，不下判,,倾向,2026-09-24-attribution-v3
BJ-2026-YQ-YIMO-Q3,BJ-2026-YQ-YIMO-Q3,BJ-2026-YQ-YIMO-Q3,BJ-2026-YQ-YIMO,3,选择题,,整题,MAYBE,完整题-选择题照收,答案键来源未核实(候选未确认),该题正式评分材料候选存在候选/存在冲突，未确认匹配，不下判,,不明,2026-09-24-attribution-v3
BJ-2026-YQ-YIMO-Q4,BJ-2026-YQ-YIMO-Q4,BJ-2026-YQ-YIMO-Q4,BJ-2026-YQ-YIMO,4,选择题,,整题,MAYBE,完整题-选择题照收,答案键来源未核实(候选未确认),该题正式评分材料候选存在候选/存在冲突，未确认匹配，不下判,,不明,2026-09-24-attribution-v3
BJ-2026-YQ-YIMO-Q11,BJ-2026-YQ-YIMO-Q11,BJ-2026-YQ-YIMO-Q11,BJ-2026-YQ-YIMO,11,选择题,,整题,MAYBE,完整题-选择题照收,答案键来源未核实(候选未确认),该题正式评分材料候选存在候选/存在冲突，未确认匹配，不下判,,倾向,2026-09-24-attribution-v3
BJ-2026-YQ-YIMO-Q12,BJ-2026-YQ-YIMO-Q12,BJ-2026-YQ-YIMO-Q12,BJ-2026-YQ-YIMO,12,选择题,,整题,MAYBE,完整题-选择题照收,答案键来源未核实(候选未确认),该题正式评分材料候选存在候选/存在冲突，未确认匹配，不下判,,不明,2026-09-24-attribution-v3
BJ-2026-YQ-YIMO-Q13,BJ-2026-YQ-YIMO-Q13,BJ-2026-YQ-YIMO-Q13,BJ-2026-YQ-YIMO,13,选择题,,整题,MAYBE,完整题-选择题照收,答案键来源未核实(候选未确认),该题正式评分材料候选存在候选/存在冲突，未确认匹配，不下判,,倾向,2026-09-24-attribution-v3
BJ-2026-YQ-YIMO-Q14,BJ-2026-YQ-YIMO-Q14,BJ-2026-YQ-YIMO-Q14,BJ-2026-YQ-YIMO,14,选择题,,整题,MAYBE,完整题-选择题照收,答案键来源未核实(候选未确认),该题正式评分材料候选存在候选/存在冲突，未确认匹配，不下判,,不明,2026-09-24-attribution-v3
BJ-2026-FS-YIMO-Q17#1,BJ-2026-FS-YIMO-Q17,BJ-2026-FS-YIMO-Q17,BJ-2026-FS-YIMO,17,主观题,1,小问,MAYBE,待裁决-证据未核实,待裁决-证据未核实候选,该题正式评分材料候选存在候选/存在冲突，未确认匹配，不下判,,不明,2026-09-24-attribution-v3
BJ-2026-FS-YIMO-Q17#2,BJ-2026-FS-YIMO-Q17,BJ-2026-FS-YIMO-Q17,BJ-2026-FS-YIMO,17,主观题,2,小问,MAYBE,待裁决-证据未核实,待裁决-证据未核实候选,该题正式评分材料候选存在候选/存在冲突，未确认匹配，不下判,,不明,2026-09-24-attribution-v3
BJ-2026-FS-YIMO-Q18#1,BJ-2026-FS-YIMO-Q18,BJ-2026-FS-YIMO-Q18,BJ-2026-FS-YIMO,18,主观题,1,小问,MAYBE,待裁决-证据未核实,待裁决-证据未核实候选,该题正式评分材料候选存在候选/存在冲突，未确认匹配，不下判,B1:rubric_unreadable_not_OUT;B2:rubric_unreadable_not_OUT;PH:rubric_unreadable_not_OUT;CU:rubric_unreadable_not_OUT;X1:rubric_unreadable_not_OUT;X2:rubric_unreadable_not_OUT;RE:rubric_unreadable_not_OUT,确定,2026-09-24-attribution-v3
BJ-2026-FS-YIMO-Q18#2,BJ-2026-FS-YIMO-Q18,BJ-2026-FS-YIMO-Q18,BJ-2026-FS-YIMO,18,主观题,2,小问,MAYBE,待裁决-证据未核实,待裁决-证据未核实候选,该题正式评分材料候选存在候选/存在冲突，未确认匹配，不下判,B1:rubric_unreadable_not_OUT;B2:rubric_unreadable_not_OUT;PH:rubric_unreadable_not_OUT;CU:rubric_unreadable_not_OUT;X1:rubric_unreadable_not_OUT;X2:rubric_unreadable_not_OUT;RE:rubric_unreadable_not_OUT,确定,2026-09-24-attribution-v3
BJ-2026-FS-YIMO-Q19,BJ-2026-FS-YIMO-Q19,BJ-2026-FS-YIMO-Q19,BJ-2026-FS-YIMO,19,主观题,,整题,MAYBE,完整题-有E1,E1,具名核实-Skill闭环记录（rubric_links.csv该题只有'存在候选'的正式评分材料候选行，未确认匹配；book-xuanbi-1.md独立核验已闭环，按Skill结论收） | book-xuanbi-1.md:307 本轮主观E1新闭环7题：…2026房山一模Q19、海淀一模Q20、海淀期中Q22(1)、西城期末Q20,B1:rubric_unreadable_not_OUT;B3:rubric_unreadable_not_OUT;PH:rubric_unreadable_not_OUT;CU:rubric_unreadable_not_OUT;X2:rubric_unreadable_not_OUT;MI:rubric_unreadable_not_OUT;RE:rubric_unreadable_not_OUT,确定,2026-09-24-attribution-v3
BJ-2026-FS-YIMO-Q20,BJ-2026-FS-YIMO-Q20,BJ-2026-FS-YIMO-Q20,BJ-2026-FS-YIMO,20,主观题,,整题,MAYBE,待裁决-证据未核实,待裁决-证据未核实候选,该题正式评分材料候选存在候选/存在冲突，未确认匹配，不下判,,不明,2026-09-24-attribution-v3
BJ-2026-FS-YIMO-Q2,BJ-2026-FS-YIMO-Q2,BJ-2026-FS-YIMO-Q2,BJ-2026-FS-YIMO,2,选择题,,整题,MAYBE,完整题-选择题照收,答案键来源未核实(候选未确认),该题正式评分材料候选存在候选/存在冲突，未确认匹配，不下判,,不明,2026-09-24-attribution-v3
BJ-2026-FS-YIMO-Q3,BJ-2026-FS-YIMO-Q3,BJ-2026-FS-YIMO-Q3,BJ-2026-FS-YIMO,3,选择题,,整题,MAYBE,完整题-选择题照收,答案键来源未核实(候选未确认),该题正式评分材料候选存在候选/存在冲突，未确认匹配，不下判,,不明,2026-09-24-attribution-v3
BJ-2026-FS-YIMO-Q4,BJ-2026-FS-YIMO-Q4,BJ-2026-FS-YIMO-Q4,BJ-2026-FS-YIMO,4,选择题,,整题,MAYBE,完整题-选择题照收,答案键来源未核实(候选未确认),该题正式评分材料候选存在候选/存在冲突，未确认匹配，不下判,,不明,2026-09-24-attribution-v3
BJ-2026-FS-YIMO-Q12,BJ-2026-FS-YIMO-Q12,BJ-2026-FS-YIMO-Q12,BJ-2026-FS-YIMO,12,选择题,,整题,MAYBE,完整题-选择题照收,答案键来源未核实(候选未确认),该题正式评分材料候选存在候选/存在冲突，未确认匹配，不下判,,倾向,2026-09-24-attribution-v3
BJ-2026-FS-YIMO-Q13,BJ-2026-FS-YIMO-Q13,BJ-2026-FS-YIMO-Q13,BJ-2026-FS-YIMO,13,选择题,,整题,MAYBE,完整题-选择题照收,答案键来源未核实(候选未确认),该题正式评分材料候选存在候选/存在冲突，未确认匹配，不下判,,倾向,2026-09-24-attribution-v3
BJ-2026-FS-YIMO-Q14,BJ-2026-FS-YIMO-Q14,BJ-2026-FS-YIMO-Q14,BJ-2026-FS-YIMO,14,选择题,,整题,MAYBE,完整题-选择题照收,答案键来源未核实(候选未确认),该题正式评分材料候选存在候选/存在冲突，未确认匹配，不下判,,不明,2026-09-24-attribution-v3
BJ-2026-FS-YIMO-Q16#1,BJ-2026-FS-YIMO-Q16,BJ-2026-FS-YIMO-Q16,BJ-2026-FS-YIMO,16,主观题,1,小问,MAYBE,待裁决-证据未核实,待裁决-证据未核实候选,该题正式评分材料候选存在候选/存在冲突，未确认匹配，不下判,B1:rubric_unreadable_not_OUT;B3:rubric_unreadable_not_OUT;CU:rubric_unreadable_not_OUT;X1:rubric_unreadable_not_OUT;X2:rubric_unreadable_not_OUT;MI:rubric_unreadable_not_OUT;RE:rubric_unreadable_not_OUT,确定,2026-09-24-attribution-v3
BJ-2026-FS-YIMO-Q16#2,BJ-2026-FS-YIMO-Q16,BJ-2026-FS-YIMO-Q16,BJ-2026-FS-YIMO,16,主观题,2,小问,MAYBE,待裁决-证据未核实,待裁决-证据未核实候选,该题正式评分材料候选存在候选/存在冲突，未确认匹配，不下判,,不明,2026-09-24-attribution-v3
BJ-2026-CY-YIMO-Q18,BJ-2026-CY-YIMO-Q18,BJ-2026-CY-YIMO-Q18,BJ-2026-CY-YIMO,18,主观题,,整题,MAYBE,完整题-有E1,E1,逐题已匹配正式评分材料,,不明,2026-09-24-attribution-v3
BJ-2026-CY-YIMO-Q2,BJ-2026-CY-YIMO-Q2,BJ-2026-CY-YIMO-Q2,BJ-2026-CY-YIMO,2,选择题,,整题,MAYBE,完整题-选择题照收,答案键来源未核实(候选未确认),该题正式评分材料候选存在候选/存在冲突，未确认匹配，不下判,,不明,2026-09-24-attribution-v3
BJ-2026-CY-YIMO-Q3,BJ-2026-CY-YIMO-Q3,BJ-2026-CY-YIMO-Q3,BJ-2026-CY-YIMO,3,选择题,,整题,MAYBE,完整题-选择题照收,答案键来源未核实(候选未确认),该题正式评分材料候选存在候选/存在冲突，未确认匹配，不下判,,不明,2026-09-24-attribution-v3
BJ-2026-CY-YIMO-Q4,BJ-2026-CY-YIMO-Q4,BJ-2026-CY-YIMO-Q4,BJ-2026-CY-YIMO,4,选择题,,整题,MAYBE,完整题-选择题照收,答案键来源未核实(候选未确认),该题正式评分材料候选存在候选/存在冲突，未确认匹配，不下判,,不明,2026-09-24-attribution-v3
BJ-2026-CY-YIMO-Q19,BJ-2026-CY-YIMO-Q19,BJ-2026-CY-YIMO-Q19,BJ-2026-CY-YIMO,19,主观题,,整题,MAYBE,完整题-有E1,E1,逐题已匹配正式评分材料,,不明,2026-09-24-attribution-v3
BJ-2026-CY-YIMO-Q20,BJ-2026-CY-YIMO-Q20,BJ-2026-CY-YIMO-Q20,BJ-2026-CY-YIMO,20,主观题,,整题,MAYBE,完整题-有E1,E1,逐题已匹配正式评分材料,,不明,2026-09-24-attribution-v3
BJ-2026-CY-YIMO-Q7,BJ-2026-CY-YIMO-Q7,BJ-2026-CY-YIMO-Q7,BJ-2026-CY-YIMO,7,选择题,,整题,MAYBE,完整题-选择题照收,答案键来源未核实(候选未确认),该题正式评分材料候选存在候选/存在冲突，未确认匹配，不下判,,不明,2026-09-24-attribution-v3
BJ-2026-CY-YIMO-Q12,BJ-2026-CY-YIMO-Q12,BJ-2026-CY-YIMO-Q12,BJ-2026-CY-YIMO,12,选择题,,整题,MAYBE,完整题-选择题照收,答案键来源未核实(候选未确认),该题正式评分材料候选存在候选/存在冲突，未确认匹配，不下判,,不明,2026-09-24-attribution-v3
BJ-2026-CY-YIMO-Q13,BJ-2026-CY-YIMO-Q13,BJ-2026-CY-YIMO-Q13,BJ-2026-CY-YIMO,13,选择题,,整题,MAYBE,完整题-选择题照收,答案键来源未核实(候选未确认),该题正式评分材料候选存在候选/存在冲突，未确认匹配，不下判,,倾向,2026-09-24-attribution-v3
BJ-2026-CY-YIMO-Q14,BJ-2026-CY-YIMO-Q14,BJ-2026-CY-YIMO-Q14,BJ-2026-CY-YIMO,14,选择题,,整题,MAYBE,完整题-选择题照收,答案键来源未核实(候选未确认),该题正式评分材料候选存在候选/存在冲突，未确认匹配，不下判,,不明,2026-09-24-attribution-v3
BJ-2026-CY-YIMO-Q21,BJ-2026-CY-YIMO-Q21,BJ-2026-CY-YIMO-Q21,BJ-2026-CY-YIMO,21,主观题,,整题,MAYBE,待裁决-证据未核实,待裁决-证据未核实候选,该题正式评分材料候选存在候选/存在冲突，未确认匹配，不下判,,不明,2026-09-24-attribution-v3
BJ-2026-HD-YIMO-Q16,BJ-2026-HD-YIMO-Q16,BJ-2026-HD-YIMO-Q16,BJ-2026-HD-YIMO,16,主观题,,整题,MAYBE,待裁决-证据未核实,待裁决-证据未核实候选,该题正式评分材料候选存在候选/存在冲突，未确认匹配，不下判,,不明,2026-09-24-attribution-v3
BJ-2026-HD-YIMO-Q18#1,BJ-2026-HD-YIMO-Q18,BJ-2026-HD-YIMO-Q18,BJ-2026-HD-YIMO,18,主观题,1,小问,MAYBE,完整题-有E1,E1,逐题已匹配正式评分材料,,不明,2026-09-24-attribution-v3
BJ-2026-HD-YIMO-Q18#2,BJ-2026-HD-YIMO-Q18,BJ-2026-HD-YIMO-Q18,BJ-2026-HD-YIMO,18,主观题,2,小问,MAYBE,完整题-有E1,E1,逐题已匹配正式评分材料,,不明,2026-09-24-attribution-v3
BJ-2026-HD-YIMO-Q18#3,BJ-2026-HD-YIMO-Q18,BJ-2026-HD-YIMO-Q18,BJ-2026-HD-YIMO,18,主观题,3,小问,MAYBE,完整题-有E1,E1,逐题已匹配正式评分材料,,不明,2026-09-24-attribution-v3
BJ-2026-HD-YIMO-Q19,BJ-2026-HD-YIMO-Q19,BJ-2026-HD-YIMO-Q19,BJ-2026-HD-YIMO,19,主观题,,整题,MAYBE,完整题-有E1,E1,逐题已匹配正式评分材料,B1:rubric_unreadable_not_OUT;PH:rubric_unreadable_not_OUT;CU:rubric_unreadable_not_OUT;X1:rubric_unreadable_not_OUT;MI:rubric_unreadable_not_OUT;RE:rubric_unreadable_not_OUT,倾向,2026-09-24-attribution-v3
BJ-2026-HD-YIMO-Q20,BJ-2026-HD-YIMO-Q20,BJ-2026-HD-YIMO-Q20,BJ-2026-HD-YIMO,20,主观题,,整题,MAYBE,完整题-有E1,E1,逐题已匹配正式评分材料,,不明,2026-09-24-attribution-v3
BJ-2026-HD-YIMO-Q21,BJ-2026-HD-YIMO-Q21,BJ-2026-HD-YIMO-Q21,BJ-2026-HD-YIMO,21,主观题,,整题,MAYBE,待裁决-证据未核实,待裁决-证据未核实候选,该题正式评分材料候选存在候选/存在冲突，未确认匹配，不下判,,不明,2026-09-24-attribution-v3
BJ-2026-HD-YIMO-Q1,BJ-2026-HD-YIMO-Q1,BJ-2026-HD-YIMO-Q1,BJ-2026-HD-YIMO,1,选择题,,整题,MAYBE,完整题-选择题照收,答案键来源未核实(候选未确认),该题正式评分材料候选存在候选/存在冲突，未确认匹配，不下判,,不明,2026-09-24-attribution-v3
BJ-2026-HD-YIMO-Q2,BJ-2026-HD-YIMO-Q2,BJ-2026-HD-YIMO-Q2,BJ-2026-HD-YIMO,2,选择题,,整题,MAYBE,完整题-选择题照收,答案键来源未核实(候选未确认),该题正式评分材料候选存在候选/存在冲突，未确认匹配，不下判,,倾向,2026-09-24-attribution-v3
BJ-2026-HD-YIMO-Q3,BJ-2026-HD-YIMO-Q3,BJ-2026-HD-YIMO-Q3,BJ-2026-HD-YIMO,3,选择题,,整题,MAYBE,完整题-选择题照收,答案键来源未核实(候选未确认),该题正式评分材料候选存在候选/存在冲突，未确认匹配，不下判,,不明,2026-09-24-attribution-v3
BJ-2026-HD-YIMO-Q4,BJ-2026-HD-YIMO-Q4,BJ-2026-HD-YIMO-Q4,BJ-2026-HD-YIMO,4,选择题,,整题,MAYBE,完整题-选择题照收,答案键来源未核实(候选未确认),该题正式评分材料候选存在候选/存在冲突，未确认匹配，不下判,,不明,2026-09-24-attribution-v3
BJ-2026-HD-YIMO-Q5,BJ-2026-HD-YIMO-Q5,BJ-2026-HD-YIMO-Q5,BJ-2026-HD-YIMO,5,选择题,,整题,MAYBE,完整题-选择题照收,答案键来源未核实(候选未确认),该题正式评分材料候选存在候选/存在冲突，未确认匹配，不下判,,不明,2026-09-24-attribution-v3
BJ-2026-HD-YIMO-Q7,BJ-2026-HD-YIMO-Q7,BJ-2026-HD-YIMO-Q7,BJ-2026-HD-YIMO,7,选择题,,整题,MAYBE,完整题-选择题照收,答案键来源未核实(候选未确认),该题正式评分材料候选存在候选/存在冲突，未确认匹配，不下判,,不明,2026-09-24-attribution-v3
BJ-2026-HD-YIMO-Q12,BJ-2026-HD-YIMO-Q12,BJ-2026-HD-YIMO-Q12,BJ-2026-HD-YIMO,12,选择题,,整题,MAYBE,完整题-选择题照收,答案键来源未核实(候选未确认),该题正式评分材料候选存在候选/存在冲突，未确认匹配，不下判,,不明,2026-09-24-attribution-v3
BJ-2026-HD-YIMO-Q13,BJ-2026-HD-YIMO-Q13,BJ-2026-HD-YIMO-Q13,BJ-2026-HD-YIMO,13,选择题,,整题,MAYBE,完整题-选择题照收,答案键来源未核实(候选未确认),该题正式评分材料候选存在候选/存在冲突，未确认匹配，不下判,,倾向,2026-09-24-attribution-v3
BJ-2026-HD-YIMO-Q14,BJ-2026-HD-YIMO-Q14,BJ-2026-HD-YIMO-Q14,BJ-2026-HD-YIMO,14,选择题,,整题,MAYBE,完整题-选择题照收,答案键来源未核实(候选未确认),该题正式评分材料候选存在候选/存在冲突，未确认匹配，不下判,,不明,2026-09-24-attribution-v3
BJ-2026-SJS-YIMO-Q16,BJ-2026-SJS-YIMO-Q16,BJ-2026-SJS-YIMO-Q16,BJ-2026-SJS-YIMO,16,主观题,,整题,MAYBE,完整题-有E1,E1,逐题已匹配正式评分材料,,不明,2026-09-24-attribution-v3
BJ-2026-SJS-YIMO-Q17#1,BJ-2026-SJS-YIMO-Q17,BJ-2026-SJS-YIMO-Q17,BJ-2026-SJS-YIMO,17,主观题,1,小问,MAYBE,待裁决-证据未核实,待裁决-证据未核实候选,该题正式评分材料候选存在候选/存在冲突，未确认匹配，不下判,B1:rubric_unreadable_not_OUT;B2:rubric_unreadable_not_OUT;B3:rubric_unreadable_not_OUT;X2:rubric_unreadable_not_OUT;RE:rubric_unreadable_not_OUT,倾向,2026-09-24-attribution-v3
BJ-2026-SJS-YIMO-Q17#2,BJ-2026-SJS-YIMO-Q17,BJ-2026-SJS-YIMO-Q17,BJ-2026-SJS-YIMO,17,主观题,2,小问,MAYBE,待裁决-证据未核实,待裁决-证据未核实候选,该题正式评分材料候选存在候选/存在冲突，未确认匹配，不下判,B1:rubric_unreadable_not_OUT;B2:rubric_unreadable_not_OUT;B3:rubric_unreadable_not_OUT;X1:rubric_unreadable_not_OUT;X2:rubric_unreadable_not_OUT;RE:rubric_unreadable_not_OUT,确定,2026-09-24-attribution-v3
BJ-2026-SJS-YIMO-Q19,BJ-2026-SJS-YIMO-Q19,BJ-2026-SJS-YIMO-Q19,BJ-2026-SJS-YIMO,19,主观题,,整题,MAYBE,完整题-有E1,E1,逐题已匹配正式评分材料,,不明,2026-09-24-attribution-v3
BJ-2026-SJS-YIMO-Q20,BJ-2026-SJS-YIMO-Q20,BJ-2026-SJS-YIMO-Q20,BJ-2026-SJS-YIMO,20,主观题,,整题,MAYBE,待裁决-证据未核实,待裁决-证据未核实候选,该题正式评分材料候选存在候选/存在冲突，未确认匹配，不下判,,不明,2026-09-24-attribution-v3
BJ-2026-SJS-YIMO-Q21,BJ-2026-SJS-YIMO-Q21,BJ-2026-SJS-YIMO-Q21,BJ-2026-SJS-YIMO,21,主观题,,整题,MAYBE,待裁决-证据未核实,待裁决-证据未核实候选,该题正式评分材料候选存在候选/存在冲突，未确认匹配，不下判,,不明,2026-09-24-attribution-v3
BJ-2026-SJS-YIMO-Q2,BJ-2026-SJS-YIMO-Q2,BJ-2026-SJS-YIMO-Q2,BJ-2026-SJS-YIMO,2,选择题,,整题,MAYBE,完整题-选择题照收,答案键来源未核实(候选未确认),该题正式评分材料候选存在候选/存在冲突，未确认匹配，不下判,,不明,2026-09-24-attribution-v3
BJ-2026-SJS-YIMO-Q3,BJ-2026-SJS-YIMO-Q3,BJ-2026-SJS-YIMO-Q3,BJ-2026-SJS-YIMO,3,选择题,,整题,MAYBE,完整题-选择题照收,答案键来源未核实(候选未确认),该题正式评分材料候选存在候选/存在冲突，未确认匹配，不下判,,不明,2026-09-24-attribution-v3
BJ-2026-SJS-YIMO-Q4,BJ-2026-SJS-YIMO-Q4,BJ-2026-SJS-YIMO-Q4,BJ-2026-SJS-YIMO,4,选择题,,整题,MAYBE,完整题-选择题照收,答案键来源未核实(候选未确认),该题正式评分材料候选存在候选/存在冲突，未确认匹配，不下判,,不明,2026-09-24-attribution-v3
BJ-2026-SJS-YIMO-Q12,BJ-2026-SJS-YIMO-Q12,BJ-2026-SJS-YIMO-Q12,BJ-2026-SJS-YIMO,12,选择题,,整题,MAYBE,完整题-选择题照收,答案键来源未核实(候选未确认),该题正式评分材料候选存在候选/存在冲突，未确认匹配，不下判,,不明,2026-09-24-attribution-v3
BJ-2026-SJS-YIMO-Q13,BJ-2026-SJS-YIMO-Q13,BJ-2026-SJS-YIMO-Q13,BJ-2026-SJS-YIMO,13,选择题,,整题,MAYBE,完整题-选择题照收,答案键来源未核实(候选未确认),该题正式评分材料候选存在候选/存在冲突，未确认匹配，不下判,,不明,2026-09-24-attribution-v3
BJ-2026-SJS-YIMO-Q14,BJ-2026-SJS-YIMO-Q14,BJ-2026-SJS-YIMO-Q14,BJ-2026-SJS-YIMO,14,选择题,,整题,MAYBE,完整题-选择题照收,答案键来源未核实(候选未确认),该题正式评分材料候选存在候选/存在冲突，未确认匹配，不下判,,不明,2026-09-24-attribution-v3
BJ-2026-XC-YIMO-Q16,BJ-2026-XC-YIMO-Q16,BJ-2026-XC-YIMO-Q16,BJ-2026-XC-YIMO,16,主观题,,整题,MAYBE,待裁决-证据未核实,待裁决-证据未核实候选,该题正式评分材料候选存在候选/存在冲突，未确认匹配，不下判,,不明,2026-09-24-attribution-v3
BJ-2026-XC-YIMO-Q17,BJ-2026-XC-YIMO-Q17,BJ-2026-XC-YIMO-Q17,BJ-2026-XC-YIMO,17,主观题,,整题,MAYBE,待裁决-证据未核实,待裁决-证据未核实候选,该题正式评分材料候选存在候选/存在冲突，未确认匹配，不下判,,不明,2026-09-24-attribution-v3
BJ-2026-XC-YIMO-Q18#1,BJ-2026-XC-YIMO-Q18,BJ-2026-XC-YIMO-Q18,BJ-2026-XC-YIMO,18,主观题,1,小问,MAYBE,待裁决-证据未核实,待裁决-证据未核实候选,该题正式评分材料候选存在候选/存在冲突，未确认匹配，不下判,,不明,2026-09-24-attribution-v3
BJ-2026-XC-YIMO-Q18#2,BJ-2026-XC-YIMO-Q18,BJ-2026-XC-YIMO-Q18,BJ-2026-XC-YIMO,18,主观题,2,小问,MAYBE,待裁决-证据未核实,待裁决-证据未核实候选,该题正式评分材料候选存在候选/存在冲突，未确认匹配，不下判,,不明,2026-09-24-attribution-v3
BJ-2026-XC-YIMO-Q18#3,BJ-2026-XC-YIMO-Q18,BJ-2026-XC-YIMO-Q18,BJ-2026-XC-YIMO,18,主观题,3,小问,MAYBE,待裁决-证据未核实,待裁决-证据未核实候选,该题正式评分材料候选存在候选/存在冲突，未确认匹配，不下判,,不明,2026-09-24-attribution-v3
BJ-2026-XC-YIMO-Q21,BJ-2026-XC-YIMO-Q21,BJ-2026-XC-YIMO-Q21,BJ-2026-XC-YIMO,21,主观题,,整题,MAYBE,待裁决-证据未核实,待裁决-证据未核实候选,该题正式评分材料候选存在候选/存在冲突，未确认匹配，不下判,,不明,2026-09-24-attribution-v3
BJ-2026-XC-YIMO-Q2,BJ-2026-XC-YIMO-Q2,BJ-2026-XC-YIMO-Q2,BJ-2026-XC-YIMO,2,选择题,,整题,MAYBE,完整题-选择题照收,答案键来源未核实(候选未确认),该题正式评分材料候选存在候选/存在冲突，未确认匹配，不下判,,倾向,2026-09-24-attribution-v3
BJ-2026-XC-YIMO-Q3,BJ-2026-XC-YIMO-Q3,BJ-2026-XC-YIMO-Q3,BJ-2026-XC-YIMO,3,选择题,,整题,MAYBE,完整题-选择题照收,答案键来源未核实(候选未确认),该题正式评分材料候选存在候选/存在冲突，未确认匹配，不下判,,不明,2026-09-24-attribution-v3
BJ-2026-XC-YIMO-Q4,BJ-2026-XC-YIMO-Q4,BJ-2026-XC-YIMO-Q4,BJ-2026-XC-YIMO,4,选择题,,整题,MAYBE,完整题-选择题照收,答案键来源未核实(候选未确认),该题正式评分材料候选存在候选/存在冲突，未确认匹配，不下判,,不明,2026-09-24-attribution-v3
BJ-2026-XC-YIMO-Q5,BJ-2026-XC-YIMO-Q5,BJ-2026-XC-YIMO-Q5,BJ-2026-XC-YIMO,5,选择题,,整题,MAYBE,完整题-选择题照收,答案键来源未核实(候选未确认),该题正式评分材料候选存在候选/存在冲突，未确认匹配，不下判,,不明,2026-09-24-attribution-v3
BJ-2026-XC-YIMO-Q6,BJ-2026-XC-YIMO-Q6,BJ-2026-XC-YIMO-Q6,BJ-2026-XC-YIMO,6,选择题,,整题,MAYBE,完整题-选择题照收,答案键来源未核实(候选未确认),该题正式评分材料候选存在候选/存在冲突，未确认匹配，不下判,,不明,2026-09-24-attribution-v3
BJ-2026-XC-YIMO-Q7,BJ-2026-XC-YIMO-Q7,BJ-2026-XC-YIMO-Q7,BJ-2026-XC-YIMO,7,选择题,,整题,MAYBE,完整题-选择题照收,答案键来源未核实(候选未确认),该题正式评分材料候选存在候选/存在冲突，未确认匹配，不下判,,不明,2026-09-24-attribution-v3
BJ-2026-XC-YIMO-Q12,BJ-2026-XC-YIMO-Q12,BJ-2026-XC-YIMO-Q12,BJ-2026-XC-YIMO,12,选择题,,整题,MAYBE,完整题-选择题照收,答案键来源未核实(候选未确认),该题正式评分材料候选存在候选/存在冲突，未确认匹配，不下判,,不明,2026-09-24-attribution-v3
BJ-2026-XC-YIMO-Q20#1,BJ-2026-XC-YIMO-Q20,BJ-2026-XC-YIMO-Q20,BJ-2026-XC-YIMO,20,主观题,1,小问,MAYBE,待裁决-证据未核实,待裁决-证据未核实候选,该题正式评分材料候选存在候选/存在冲突，未确认匹配，不下判,,不明,2026-09-24-attribution-v3
BJ-2026-XC-YIMO-Q20#2,BJ-2026-XC-YIMO-Q20,BJ-2026-XC-YIMO-Q20,BJ-2026-XC-YIMO,20,主观题,2,小问,MAYBE,待裁决-证据未核实,待裁决-证据未核实候选,该题正式评分材料候选存在候选/存在冲突，未确认匹配，不下判,B1:rubric_unreadable_not_OUT;B3:rubric_unreadable_not_OUT;PH:rubric_unreadable_not_OUT;CU:rubric_unreadable_not_OUT;X2:rubric_unreadable_not_OUT;MI:rubric_unreadable_not_OUT;RE:rubric_unreadable_not_OUT,确定,2026-09-24-attribution-v3
BJ-2026-TZ-YIMO-Q2,BJ-2026-TZ-YIMO-Q2,BJ-2026-TZ-YIMO-Q2,BJ-2026-TZ-YIMO,2,选择题,,整题,MAYBE,完整题-选择题照收,答案键来源未核实(候选未确认),该题正式评分材料候选存在候选/存在冲突，未确认匹配，不下判,,不明,2026-09-24-attribution-v3
BJ-2026-TZ-YIMO-Q17#1,BJ-2026-TZ-YIMO-Q17,BJ-2026-TZ-YIMO-Q17,BJ-2026-TZ-YIMO,17,主观题,1,小问,MAYBE,完整题-有E1,E1,逐题已匹配正式评分材料,,不明,2026-09-24-attribution-v3
BJ-2026-TZ-YIMO-Q17#2,BJ-2026-TZ-YIMO-Q17,BJ-2026-TZ-YIMO-Q17,BJ-2026-TZ-YIMO,17,主观题,2,小问,MAYBE,完整题-有E1,E1,逐题已匹配正式评分材料,B1:rubric_unreadable_not_OUT;B3:rubric_unreadable_not_OUT;PH:rubric_unreadable_not_OUT;CU:rubric_unreadable_not_OUT,不明,2026-09-24-attribution-v3
BJ-2026-TZ-YIMO-Q16,BJ-2026-TZ-YIMO-Q16,BJ-2026-TZ-YIMO-Q16,BJ-2026-TZ-YIMO,16,主观题,,整题,MAYBE,待裁决-证据未核实,待裁决-证据未核实候选,该题正式评分材料候选存在候选/存在冲突，未确认匹配，不下判,B1:rubric_unreadable_not_OUT;B2:rubric_unreadable_not_OUT;PH:rubric_unreadable_not_OUT;CU:rubric_unreadable_not_OUT;X1:rubric_unreadable_not_OUT;X2:rubric_unreadable_not_OUT;MI:rubric_unreadable_not_OUT;RE:rubric_unreadable_not_OUT,确定,2026-09-24-attribution-v3
BJ-2026-TZ-YIMO-Q20,BJ-2026-TZ-YIMO-Q20,BJ-2026-TZ-YIMO-Q20,BJ-2026-TZ-YIMO,20,主观题,,整题,MAYBE,待裁决-证据未核实,待裁决-证据未核实候选,该题正式评分材料候选存在候选/存在冲突，未确认匹配，不下判,,不明,2026-09-24-attribution-v3
BJ-2026-TZ-YIMO-Q4,BJ-2026-TZ-YIMO-Q4,BJ-2026-TZ-YIMO-Q4,BJ-2026-TZ-YIMO,4,选择题,,整题,MAYBE,完整题-选择题照收,答案键来源未核实(候选未确认),该题正式评分材料候选存在候选/存在冲突，未确认匹配，不下判,,不明,2026-09-24-attribution-v3
BJ-2026-TZ-YIMO-Q5,BJ-2026-TZ-YIMO-Q5,BJ-2026-TZ-YIMO-Q5,BJ-2026-TZ-YIMO,5,选择题,,整题,MAYBE,完整题-选择题照收,答案键来源未核实(候选未确认),该题正式评分材料候选存在候选/存在冲突，未确认匹配，不下判,,不明,2026-09-24-attribution-v3
BJ-2026-TZ-YIMO-Q6,BJ-2026-TZ-YIMO-Q6,BJ-2026-TZ-YIMO-Q6,BJ-2026-TZ-YIMO,6,选择题,,整题,MAYBE,完整题-选择题照收,答案键来源未核实(候选未确认),该题正式评分材料候选存在候选/存在冲突，未确认匹配，不下判,,不明,2026-09-24-attribution-v3
BJ-2026-TZ-YIMO-Q7,BJ-2026-TZ-YIMO-Q7,BJ-2026-TZ-YIMO-Q7,BJ-2026-TZ-YIMO,7,选择题,,整题,MAYBE,完整题-选择题照收,答案键来源未核实(候选未确认),该题正式评分材料候选存在候选/存在冲突，未确认匹配，不下判,,不明,2026-09-24-attribution-v3
BJ-2026-TZ-YIMO-Q12,BJ-2026-TZ-YIMO-Q12,BJ-2026-TZ-YIMO-Q12,BJ-2026-TZ-YIMO,12,选择题,,整题,MAYBE,完整题-选择题照收,答案键来源未核实(候选未确认),该题正式评分材料候选存在候选/存在冲突，未确认匹配，不下判,,不明,2026-09-24-attribution-v3
BJ-2026-TZ-YIMO-Q14,BJ-2026-TZ-YIMO-Q14,BJ-2026-TZ-YIMO-Q14,BJ-2026-TZ-YIMO,14,选择题,,整题,MAYBE,完整题-选择题照收,答案键来源未核实(候选未确认),该题正式评分材料候选存在候选/存在冲突，未确认匹配，不下判,,不明,2026-09-24-attribution-v3
BJ-2026-TZ-YIMO-Q18,BJ-2026-TZ-YIMO-Q18,BJ-2026-TZ-YIMO-Q18,BJ-2026-TZ-YIMO,18,主观题,,整题,MAYBE,待裁决-证据未核实,待裁决-证据未核实候选,该题正式评分材料候选存在候选/存在冲突，未确认匹配，不下判,B1:rubric_unreadable_not_OUT;B2:rubric_unreadable_not_OUT;B3:rubric_unreadable_not_OUT;X1:rubric_unreadable_not_OUT;X2:rubric_unreadable_not_OUT;MI:rubric_unreadable_not_OUT;RE:rubric_unreadable_not_OUT,确定,2026-09-24-attribution-v3
BJ-2026-TZ-YIMO-Q19,BJ-2026-TZ-YIMO-Q19,BJ-2026-TZ-YIMO-Q19,BJ-2026-TZ-YIMO,19,主观题,,整题,MAYBE,待裁决-证据未核实,待裁决-证据未核实候选,该题正式评分材料候选存在候选/存在冲突，未确认匹配，不下判,B1:rubric_unreadable_not_OUT;B2:rubric_unreadable_not_OUT;B3:rubric_unreadable_not_OUT;PH:rubric_unreadable_not_OUT;CU:rubric_unreadable_not_OUT;X2:rubric_unreadable_not_OUT;MI:rubric_unreadable_not_OUT;RE:rubric_unreadable_not_OUT,确定,2026-09-24-attribution-v3
BJ-2026-TZ-YIMO-Q21,BJ-2026-TZ-YIMO-Q21,BJ-2026-TZ-YIMO-Q21,BJ-2026-TZ-YIMO,21,主观题,,整题,MAYBE,待裁决-证据未核实,待裁决-证据未核实候选,该题正式评分材料候选存在候选/存在冲突，未确认匹配，不下判,,不明,2026-09-24-attribution-v3
BJ-2026-MTG-YIMO-Q16,BJ-2026-MTG-YIMO-Q16,BJ-2026-MTG-YIMO-Q16,BJ-2026-MTG-YIMO,16,主观题,,整题,MAYBE,完整题-有E1,E1,逐题已匹配正式评分材料,,倾向,2026-09-24-attribution-v3
BJ-2026-MTG-YIMO-Q18#1,BJ-2026-MTG-YIMO-Q18,BJ-2026-MTG-YIMO-Q18,BJ-2026-MTG-YIMO,18,主观题,1,小问,MAYBE,完整题-有E1,E1,逐题已匹配正式评分材料,,不明,2026-09-24-attribution-v3
BJ-2026-MTG-YIMO-Q18#2,BJ-2026-MTG-YIMO-Q18,BJ-2026-MTG-YIMO-Q18,BJ-2026-MTG-YIMO,18,主观题,2,小问,MAYBE,完整题-有E1,E1,逐题已匹配正式评分材料,,不明,2026-09-24-attribution-v3
BJ-2026-MTG-YIMO-Q20,BJ-2026-MTG-YIMO-Q20,BJ-2026-MTG-YIMO-Q20,BJ-2026-MTG-YIMO,20,主观题,,整题,MAYBE,完整题-有E1,E1,逐题已匹配正式评分材料,,倾向,2026-09-24-attribution-v3
BJ-2026-MTG-YIMO-Q21,BJ-2026-MTG-YIMO-Q21,BJ-2026-MTG-YIMO-Q21,BJ-2026-MTG-YIMO,21,主观题,,整题,MAYBE,完整题-有E1,E1,逐题已匹配正式评分材料,,不明,2026-09-24-attribution-v3
BJ-2026-MTG-YIMO-Q2,BJ-2026-MTG-YIMO-Q2,BJ-2026-MTG-YIMO-Q2,BJ-2026-MTG-YIMO,2,选择题,,整题,MAYBE,完整题-选择题照收,答案键来源未核实(候选未确认),该题正式评分材料候选存在候选/存在冲突，未确认匹配，不下判,,不明,2026-09-24-attribution-v3
BJ-2026-MTG-YIMO-Q3,BJ-2026-MTG-YIMO-Q3,BJ-2026-MTG-YIMO-Q3,BJ-2026-MTG-YIMO,3,选择题,,整题,MAYBE,完整题-选择题照收,答案键来源未核实(候选未确认),该题正式评分材料候选存在候选/存在冲突，未确认匹配，不下判,,不明,2026-09-24-attribution-v3
BJ-2026-MTG-YIMO-Q4,BJ-2026-MTG-YIMO-Q4,BJ-2026-MTG-YIMO-Q4,BJ-2026-MTG-YIMO,4,选择题,,整题,MAYBE,完整题-选择题照收,答案键来源未核实(候选未确认),该题正式评分材料候选存在候选/存在冲突，未确认匹配，不下判,,不明,2026-09-24-attribution-v3
BJ-2026-MTG-YIMO-Q5,BJ-2026-MTG-YIMO-Q5,BJ-2026-MTG-YIMO-Q5,BJ-2026-MTG-YIMO,5,选择题,,整题,MAYBE,完整题-选择题照收,答案键来源未核实(候选未确认),该题正式评分材料候选存在候选/存在冲突，未确认匹配，不下判,,不明,2026-09-24-attribution-v3
BJ-2026-MTG-YIMO-Q7,BJ-2026-MTG-YIMO-Q7,BJ-2026-MTG-YIMO-Q7,BJ-2026-MTG-YIMO,7,选择题,,整题,MAYBE,完整题-选择题照收,答案键来源未核实(候选未确认),该题正式评分材料候选存在候选/存在冲突，未确认匹配，不下判,,不明,2026-09-24-attribution-v3
BJ-2026-MTG-YIMO-Q12,BJ-2026-MTG-YIMO-Q12,BJ-2026-MTG-YIMO-Q12,BJ-2026-MTG-YIMO,12,选择题,,整题,MAYBE,完整题-选择题照收,答案键来源未核实(候选未确认),该题正式评分材料候选存在候选/存在冲突，未确认匹配，不下判,,不明,2026-09-24-attribution-v3
BJ-2026-MTG-YIMO-Q13,BJ-2026-MTG-YIMO-Q13,BJ-2026-MTG-YIMO-Q13,BJ-2026-MTG-YIMO,13,选择题,,整题,MAYBE,完整题-选择题照收,答案键来源未核实(候选未确认),该题正式评分材料候选存在候选/存在冲突，未确认匹配，不下判,,倾向,2026-09-24-attribution-v3
BJ-2026-MTG-YIMO-Q14,BJ-2026-MTG-YIMO-Q14,BJ-2026-MTG-YIMO-Q14,BJ-2026-MTG-YIMO,14,选择题,,整题,MAYBE,完整题-选择题照收,答案键来源未核实(候选未确认),该题正式评分材料候选存在候选/存在冲突，未确认匹配，不下判,,不明,2026-09-24-attribution-v3
BJ-2026-SY-YIMO-Q17,BJ-2026-SY-YIMO-Q17,BJ-2026-SY-YIMO-Q17,BJ-2026-SY-YIMO,17,主观题,,整题,MAYBE,完整题-有E1,E1,逐题已匹配正式评分材料,,不明,2026-09-24-attribution-v3
BJ-2026-SY-YIMO-Q20,BJ-2026-SY-YIMO-Q20,BJ-2026-SY-YIMO-Q20,BJ-2026-SY-YIMO,20,主观题,,整题,MAYBE,完整题-有E1,E1,逐题已匹配正式评分材料,,不明,2026-09-24-attribution-v3
BJ-2026-SY-YIMO-Q21,BJ-2026-SY-YIMO-Q21,BJ-2026-SY-YIMO-Q21,BJ-2026-SY-YIMO,21,主观题,,整题,MAYBE,完整题-有E1,E1,逐题已匹配正式评分材料,,倾向,2026-09-24-attribution-v3
BJ-2026-SY-YIMO-Q3,BJ-2026-SY-YIMO-Q3,BJ-2026-SY-YIMO-Q3,BJ-2026-SY-YIMO,3,选择题,,整题,MAYBE,完整题-选择题照收,答案键来源未核实(候选未确认),该题正式评分材料候选存在候选/存在冲突，未确认匹配，不下判,,不明,2026-09-24-attribution-v3
BJ-2026-SY-YIMO-Q6,BJ-2026-SY-YIMO-Q6,BJ-2026-SY-YIMO-Q6,BJ-2026-SY-YIMO,6,选择题,,整题,MAYBE,完整题-选择题照收,答案键来源未核实(候选未确认),该题正式评分材料候选存在候选/存在冲突，未确认匹配，不下判,,不明,2026-09-24-attribution-v3
BJ-2026-SY-YIMO-Q7,BJ-2026-SY-YIMO-Q7,BJ-2026-SY-YIMO-Q7,BJ-2026-SY-YIMO,7,选择题,,整题,MAYBE,完整题-选择题照收,答案键来源未核实(候选未确认),该题正式评分材料候选存在候选/存在冲突，未确认匹配，不下判,,不明,2026-09-24-attribution-v3
BJ-2026-SY-YIMO-Q12,BJ-2026-SY-YIMO-Q12,BJ-2026-SY-YIMO-Q12,BJ-2026-SY-YIMO,12,选择题,,整题,MAYBE,完整题-选择题照收,答案键来源未核实(候选未确认),该题正式评分材料候选存在候选/存在冲突，未确认匹配，不下判,,不明,2026-09-24-attribution-v3
BJ-2026-SY-YIMO-Q13,BJ-2026-SY-YIMO-Q13,BJ-2026-SY-YIMO-Q13,BJ-2026-SY-YIMO,13,选择题,,整题,MAYBE,完整题-选择题照收,答案键来源未核实(候选未确认),该题正式评分材料候选存在候选/存在冲突，未确认匹配，不下判,,倾向,2026-09-24-attribution-v3
BJ-2026-SY-YIMO-Q14,BJ-2026-SY-YIMO-Q14,BJ-2026-SY-YIMO-Q14,BJ-2026-SY-YIMO,14,选择题,,整题,MAYBE,完整题-选择题照收,答案键来源未核实(候选未确认),该题正式评分材料候选存在候选/存在冲突，未确认匹配，不下判,,不明,2026-09-24-attribution-v3
BJ-2026-SY-YIMO-Q18,BJ-2026-SY-YIMO-Q18,BJ-2026-SY-YIMO-Q18,BJ-2026-SY-YIMO,18,主观题,,整题,MAYBE,待裁决-证据未核实,待裁决-证据未核实候选,该题正式评分材料候选存在候选/存在冲突，未确认匹配，不下判,B1:rubric_unreadable_not_OUT;B2:rubric_unreadable_not_OUT;B3:rubric_unreadable_not_OUT;PH:rubric_unreadable_not_OUT;CU:rubric_unreadable_not_OUT;X1:rubric_unreadable_not_OUT;MI:rubric_unreadable_not_OUT;RE:rubric_unreadable_not_OUT,确定,2026-09-24-attribution-v3
BJ-2026-DC-ERMO-Q17,BJ-2026-DC-ERMO-Q17,BJ-2026-DC-ERMO-Q17,BJ-2026-DC-ERMO,17,主观题,,整题,MAYBE,完整题-有E1,E1,逐题已匹配正式评分材料,B1:rubric_unreadable_not_OUT;B2:rubric_unreadable_not_OUT;PH:rubric_unreadable_not_OUT;CU:rubric_unreadable_not_OUT;X1:rubric_unreadable_not_OUT;MI:rubric_unreadable_not_OUT;RE:rubric_unreadable_not_OUT,倾向,2026-09-24-attribution-v3
BJ-2026-DC-ERMO-Q2,BJ-2026-DC-ERMO-Q2,BJ-2026-DC-ERMO-Q2,BJ-2026-DC-ERMO,2,选择题,,整题,MAYBE,完整题-选择题照收,E3,该题正式评分材料候选存在候选/存在冲突，未确认匹配，不下判（同时已有匹配参考答案，选择题按E3计，正式评分材料候选仍待核实）,,倾向,2026-09-24-attribution-v3
BJ-2026-DC-ERMO-Q21,BJ-2026-DC-ERMO-Q21,BJ-2026-DC-ERMO-Q21,BJ-2026-DC-ERMO,21,主观题,,整题,MAYBE,完整题-有E1,E1,逐题已匹配正式评分材料,,不明,2026-09-24-attribution-v3
BJ-2026-DC-ERMO-Q3,BJ-2026-DC-ERMO-Q3,BJ-2026-DC-ERMO-Q3,BJ-2026-DC-ERMO,3,选择题,,整题,MAYBE,完整题-选择题照收,E3,该题正式评分材料候选存在候选/存在冲突，未确认匹配，不下判（同时已有匹配参考答案，选择题按E3计，正式评分材料候选仍待核实）,,倾向,2026-09-24-attribution-v3
BJ-2026-DC-ERMO-Q4,BJ-2026-DC-ERMO-Q4,BJ-2026-DC-ERMO-Q4,BJ-2026-DC-ERMO,4,选择题,,整题,MAYBE,完整题-选择题照收,E3,该题正式评分材料候选存在候选/存在冲突，未确认匹配，不下判（同时已有匹配参考答案，选择题按E3计，正式评分材料候选仍待核实）,,不明,2026-09-24-attribution-v3
BJ-2026-DC-ERMO-Q6,BJ-2026-DC-ERMO-Q6,BJ-2026-DC-ERMO-Q6,BJ-2026-DC-ERMO,6,选择题,,整题,MAYBE,完整题-选择题照收,E3,该题正式评分材料候选存在候选/存在冲突，未确认匹配，不下判（同时已有匹配参考答案，选择题按E3计，正式评分材料候选仍待核实）,,不明,2026-09-24-attribution-v3
BJ-2026-DC-ERMO-Q7,BJ-2026-DC-ERMO-Q7,BJ-2026-DC-ERMO-Q7,BJ-2026-DC-ERMO,7,选择题,,整题,MAYBE,完整题-选择题照收,E3,该题正式评分材料候选存在候选/存在冲突，未确认匹配，不下判（同时已有匹配参考答案，选择题按E3计，正式评分材料候选仍待核实）,,不明,2026-09-24-attribution-v3
BJ-2026-DC-ERMO-Q14,BJ-2026-DC-ERMO-Q14,BJ-2026-DC-ERMO-Q14,BJ-2026-DC-ERMO,14,选择题,,整题,MAYBE,完整题-选择题照收,E3,该题正式评分材料候选存在候选/存在冲突，未确认匹配，不下判（同时已有匹配参考答案，选择题按E3计，正式评分材料候选仍待核实）,,不明,2026-09-24-attribution-v3
BJ-2026-DC-ERMO-Q19,BJ-2026-DC-ERMO-Q19,BJ-2026-DC-ERMO-Q19,BJ-2026-DC-ERMO,19,主观题,,整题,MAYBE,待裁决-证据未核实,待裁决-证据未核实候选,该题正式评分材料候选存在候选/存在冲突，未确认匹配，不下判,B1:rubric_unreadable_not_OUT;B3:rubric_unreadable_not_OUT;PH:rubric_unreadable_not_OUT;CU:rubric_unreadable_not_OUT;X1:rubric_unreadable_not_OUT;MI:rubric_unreadable_not_OUT;RE:rubric_unreadable_not_OUT,倾向,2026-09-24-attribution-v3
BJ-2026-FT-ERMO-Q2,BJ-2026-FT-ERMO-Q2,BJ-2026-FT-ERMO-Q2,BJ-2026-FT-ERMO,2,选择题,,整题,MAYBE,完整题-选择题照收,E1,逐题已匹配正式评分材料,,不明,2026-09-24-attribution-v3
BJ-2026-FT-ERMO-Q3,BJ-2026-FT-ERMO-Q3,BJ-2026-FT-ERMO-Q3,BJ-2026-FT-ERMO,3,选择题,,整题,MAYBE,完整题-选择题照收,E1,逐题已匹配正式评分材料,,不明,2026-09-24-attribution-v3
BJ-2026-FT-ERMO-Q5,BJ-2026-FT-ERMO-Q5,BJ-2026-FT-ERMO-Q5,BJ-2026-FT-ERMO,5,选择题,,整题,MAYBE,完整题-选择题照收,E1,逐题已匹配正式评分材料,,不明,2026-09-24-attribution-v3
BJ-2026-FT-ERMO-Q16,BJ-2026-FT-ERMO-Q16,BJ-2026-FT-ERMO-Q16,BJ-2026-FT-ERMO,16,主观题,,整题,MAYBE,完整题-有E1,E1,逐题已匹配正式评分材料,,不明,2026-09-24-attribution-v3
BJ-2026-FT-ERMO-Q17,BJ-2026-FT-ERMO-Q17,BJ-2026-FT-ERMO-Q17,BJ-2026-FT-ERMO,17,主观题,,整题,MAYBE,完整题-有E1,E1,逐题已匹配正式评分材料,,不明,2026-09-24-attribution-v3
BJ-2026-FT-ERMO-Q22,BJ-2026-FT-ERMO-Q22,BJ-2026-FT-ERMO-Q22,BJ-2026-FT-ERMO,22,主观题,,整题,MAYBE,完整题-有E1,E1,逐题已匹配正式评分材料,"关联但不合并(疑似跨卷复用/串题,非duplicate_registration_alias):dup_of=BJ-2025-BJ-GAOKAO-Q21",不明,2026-09-24-attribution-v3
BJ-2026-FT-ERMO-Q4,BJ-2026-FT-ERMO-Q4,BJ-2026-FT-ERMO-Q4,BJ-2026-FT-ERMO,4,选择题,,整题,MAYBE,完整题-选择题照收,答案键来源未核实(候选未确认),该题正式评分材料候选存在候选/存在冲突，未确认匹配，不下判,,不明,2026-09-24-attribution-v3
BJ-2026-FT-ERMO-Q6,BJ-2026-FT-ERMO-Q6,BJ-2026-FT-ERMO-Q6,BJ-2026-FT-ERMO,6,选择题,,整题,MAYBE,完整题-选择题照收,答案键来源未核实(候选未确认),该题正式评分材料候选存在候选/存在冲突，未确认匹配，不下判,,不明,2026-09-24-attribution-v3
BJ-2026-FT-ERMO-Q7,BJ-2026-FT-ERMO-Q7,BJ-2026-FT-ERMO-Q7,BJ-2026-FT-ERMO,7,选择题,,整题,MAYBE,完整题-选择题照收,答案键来源未核实(候选未确认),该题正式评分材料候选存在候选/存在冲突，未确认匹配，不下判,,不明,2026-09-24-attribution-v3
BJ-2026-FT-ERMO-Q14,BJ-2026-FT-ERMO-Q14,BJ-2026-FT-ERMO-Q14,BJ-2026-FT-ERMO,14,选择题,,整题,MAYBE,完整题-选择题照收,答案键来源未核实(候选未确认),该题正式评分材料候选存在候选/存在冲突，未确认匹配，不下判,,不明,2026-09-24-attribution-v3
BJ-2026-FS-ERMO-Q18#2,BJ-2026-FS-ERMO-Q18,BJ-2026-FS-ERMO-Q18,BJ-2026-FS-ERMO,18,主观题,2,小问,MAYBE,完整题-有E1,E1,逐题已匹配正式评分材料,,倾向,2026-09-24-attribution-v3
BJ-2026-FS-ERMO-Q19#1,BJ-2026-FS-ERMO-Q19,BJ-2026-FS-ERMO-Q19,BJ-2026-FS-ERMO,19,主观题,1,小问,MAYBE,完整题-有E1,E1,逐题已匹配正式评分材料,,倾向,2026-09-24-attribution-v3
BJ-2026-FS-ERMO-Q19#2,BJ-2026-FS-ERMO-Q19,BJ-2026-FS-ERMO-Q19,BJ-2026-FS-ERMO,19,主观题,2,小问,MAYBE,完整题-有E1,E1,逐题已匹配正式评分材料,,不明,2026-09-24-attribution-v3
BJ-2026-FS-ERMO-Q21#1,BJ-2026-FS-ERMO-Q21,BJ-2026-FS-ERMO-Q21,BJ-2026-FS-ERMO,21,主观题,1,小问,MAYBE,完整题-有E1,E1,逐题已匹配正式评分材料,,不明,2026-09-24-attribution-v3
BJ-2026-FS-ERMO-Q21#2,BJ-2026-FS-ERMO-Q21,BJ-2026-FS-ERMO-Q21,BJ-2026-FS-ERMO,21,主观题,2,小问,MAYBE,完整题-有E1,E1,逐题已匹配正式评分材料,,不明,2026-09-24-attribution-v3
BJ-2026-FS-ERMO-Q16#2,BJ-2026-FS-ERMO-Q16,BJ-2026-FS-ERMO-Q16,BJ-2026-FS-ERMO,16,主观题,2,小问,MAYBE,待裁决-证据未核实,待裁决-证据未核实候选,该题正式评分材料候选存在候选/存在冲突，未确认匹配，不下判,,不明,2026-09-24-attribution-v3
BJ-2026-FS-ERMO-Q20,BJ-2026-FS-ERMO-Q20,BJ-2026-FS-ERMO-Q20,BJ-2026-FS-ERMO,20,主观题,,整题,MAYBE,待裁决-证据未核实,待裁决-证据未核实候选,该题正式评分材料候选存在候选/存在冲突，未确认匹配，不下判,B1:rubric_unreadable_not_OUT;B3:rubric_unreadable_not_OUT;PH:rubric_unreadable_not_OUT;CU:rubric_unreadable_not_OUT;MI:rubric_unreadable_not_OUT;RE:rubric_unreadable_not_OUT,倾向,2026-09-24-attribution-v3
BJ-2026-FS-ERMO-Q2,BJ-2026-FS-ERMO-Q2,BJ-2026-FS-ERMO-Q2,BJ-2026-FS-ERMO,2,选择题,,整题,MAYBE,完整题-选择题照收,答案键来源未核实(候选未确认),该题正式评分材料候选存在候选/存在冲突，未确认匹配，不下判,,不明,2026-09-24-attribution-v3
BJ-2026-FS-ERMO-Q3,BJ-2026-FS-ERMO-Q3,BJ-2026-FS-ERMO-Q3,BJ-2026-FS-ERMO,3,选择题,,整题,MAYBE,完整题-选择题照收,答案键来源未核实(候选未确认),该题正式评分材料候选存在候选/存在冲突，未确认匹配，不下判,,不明,2026-09-24-attribution-v3
BJ-2026-FS-ERMO-Q5,BJ-2026-FS-ERMO-Q5,BJ-2026-FS-ERMO-Q5,BJ-2026-FS-ERMO,5,选择题,,整题,MAYBE,完整题-选择题照收,答案键来源未核实(候选未确认),该题正式评分材料候选存在候选/存在冲突，未确认匹配，不下判,,不明,2026-09-24-attribution-v3
BJ-2026-FS-ERMO-Q12,BJ-2026-FS-ERMO-Q12,BJ-2026-FS-ERMO-Q12,BJ-2026-FS-ERMO,12,选择题,,整题,MAYBE,完整题-选择题照收,答案键来源未核实(候选未确认),该题正式评分材料候选存在候选/存在冲突，未确认匹配，不下判,,不明,2026-09-24-attribution-v3
BJ-2026-FS-ERMO-Q14,BJ-2026-FS-ERMO-Q14,BJ-2026-FS-ERMO-Q14,BJ-2026-FS-ERMO,14,主观题,,整题,MAYBE,待裁决-证据未核实,待裁决-证据未核实候选,该题正式评分材料候选存在候选/存在冲突，未确认匹配，不下判,,不明,2026-09-24-attribution-v3
BJ-2026-CP-ERMO-Q2,BJ-2026-CP-ERMO-Q2,BJ-2026-CP-ERMO-Q2,BJ-2026-CP-ERMO,2,选择题,,整题,MAYBE,完整题-选择题照收,E1,逐题已匹配正式评分材料,,不明,2026-09-24-attribution-v3
BJ-2026-CP-ERMO-Q3,BJ-2026-CP-ERMO-Q3,BJ-2026-CP-ERMO-Q3,BJ-2026-CP-ERMO,3,选择题,,整题,MAYBE,完整题-选择题照收,E1,逐题已匹配正式评分材料,,不明,2026-09-24-attribution-v3
BJ-2026-CP-ERMO-Q4,BJ-2026-CP-ERMO-Q4,BJ-2026-CP-ERMO-Q4,BJ-2026-CP-ERMO,4,选择题,,整题,MAYBE,完整题-选择题照收,E3,该题正式评分材料候选存在候选/存在冲突，未确认匹配，不下判（同时已有匹配参考答案，选择题按E3计，正式评分材料候选仍待核实）,,不明,2026-09-24-attribution-v3
BJ-2026-CP-ERMO-Q5,BJ-2026-CP-ERMO-Q5,BJ-2026-CP-ERMO-Q5,BJ-2026-CP-ERMO,5,选择题,,整题,IN,完整题-选择题照收,E1,逐题已匹配正式评分材料,,不明,2026-09-24-attribution-v3
BJ-2026-CP-ERMO-Q6,BJ-2026-CP-ERMO-Q6,BJ-2026-CP-ERMO-Q6,BJ-2026-CP-ERMO,6,选择题,,整题,IN,完整题-选择题照收,E1,逐题已匹配正式评分材料,,不明,2026-09-24-attribution-v3
BJ-2026-CP-ERMO-Q7,BJ-2026-CP-ERMO-Q7,BJ-2026-CP-ERMO-Q7,BJ-2026-CP-ERMO,7,选择题,,整题,IN,完整题-选择题照收,E1,逐题已匹配正式评分材料,,不明,2026-09-24-attribution-v3
BJ-2026-CP-ERMO-Q13,BJ-2026-CP-ERMO-Q13,BJ-2026-CP-ERMO-Q13,BJ-2026-CP-ERMO,13,选择题,,整题,MAYBE,完整题-选择题照收,E3,该题正式评分材料候选存在候选/存在冲突，未确认匹配，不下判（同时已有匹配参考答案，选择题按E3计，正式评分材料候选仍待核实）,,倾向,2026-09-24-attribution-v3
BJ-2026-CP-ERMO-Q14,BJ-2026-CP-ERMO-Q14,BJ-2026-CP-ERMO-Q14,BJ-2026-CP-ERMO,14,选择题,,整题,MAYBE,完整题-选择题照收,E3,该题正式评分材料候选存在候选/存在冲突，未确认匹配，不下判（同时已有匹配参考答案，选择题按E3计，正式评分材料候选仍待核实）,,不明,2026-09-24-attribution-v3
BJ-2026-CP-ERMO-Q16,BJ-2026-CP-ERMO-Q16,BJ-2026-CP-ERMO-Q16,BJ-2026-CP-ERMO,16,主观题,,整题,MAYBE,完整题-有E1,E1,逐题已匹配正式评分材料,,不明,2026-09-24-attribution-v3
BJ-2026-CP-ERMO-Q17,BJ-2026-CP-ERMO-Q17,BJ-2026-CP-ERMO-Q17,BJ-2026-CP-ERMO,17,主观题,,整题,MAYBE,完整题-有E1,E1,逐题已匹配正式评分材料,,不明,2026-09-24-attribution-v3
BJ-2026-CP-ERMO-Q18,BJ-2026-CP-ERMO-Q18,BJ-2026-CP-ERMO-Q18,BJ-2026-CP-ERMO,18,主观题,,整题,MAYBE,完整题-有E1,E1,逐题已匹配正式评分材料,,倾向,2026-09-24-attribution-v3
BJ-2026-CP-ERMO-Q19,BJ-2026-CP-ERMO-Q19,BJ-2026-CP-ERMO-Q19,BJ-2026-CP-ERMO,19,主观题,,整题,MAYBE,完整题-有E1,E1,逐题已匹配正式评分材料,,不明,2026-09-24-attribution-v3
BJ-2026-CP-ERMO-Q21,BJ-2026-CP-ERMO-Q21,BJ-2026-CP-ERMO-Q21,BJ-2026-CP-ERMO,21,主观题,,整题,MAYBE,完整题-有E1,E1,逐题已匹配正式评分材料,,不明,2026-09-24-attribution-v3
BJ-2026-CP-ERMO-Q22,BJ-2026-CP-ERMO-Q22,BJ-2026-CP-ERMO-Q22,BJ-2026-CP-ERMO,22,主观题,,整题,MAYBE,完整题-有E1,E1,逐题已匹配正式评分材料,,不明,2026-09-24-attribution-v3
BJ-2026-CY-ERMO-Q16,BJ-2026-CY-ERMO-Q16,BJ-2026-CY-ERMO-Q16,BJ-2026-CY-ERMO,16,主观题,,整题,MAYBE,待裁决-证据未核实,待裁决-证据未核实候选,该题正式评分材料候选存在候选/存在冲突，未确认匹配，不下判,,不明,2026-09-24-attribution-v3
BJ-2026-CY-ERMO-Q18,BJ-2026-CY-ERMO-Q18,BJ-2026-CY-ERMO-Q18,BJ-2026-CY-ERMO,18,主观题,,整题,MAYBE,待裁决-证据未核实,待裁决-证据未核实候选,该题正式评分材料候选存在候选/存在冲突，未确认匹配，不下判,,不明,2026-09-24-attribution-v3
BJ-2026-CY-ERMO-Q2,BJ-2026-CY-ERMO-Q2,BJ-2026-CY-ERMO-Q2,BJ-2026-CY-ERMO,2,选择题,,整题,MAYBE,完整题-选择题照收,E3,该题正式评分材料候选存在候选/存在冲突，未确认匹配，不下判（同时已有匹配参考答案，选择题按E3计，正式评分材料候选仍待核实）,,不明,2026-09-24-attribution-v3
BJ-2026-CY-ERMO-Q3,BJ-2026-CY-ERMO-Q3,BJ-2026-CY-ERMO-Q3,BJ-2026-CY-ERMO,3,选择题,,整题,MAYBE,完整题-选择题照收,E3,该题正式评分材料候选存在候选/存在冲突，未确认匹配，不下判（同时已有匹配参考答案，选择题按E3计，正式评分材料候选仍待核实）,,不明,2026-09-24-attribution-v3
BJ-2026-CY-ERMO-Q4,BJ-2026-CY-ERMO-Q4,BJ-2026-CY-ERMO-Q4,BJ-2026-CY-ERMO,4,选择题,,整题,MAYBE,完整题-选择题照收,E3,该题正式评分材料候选存在候选/存在冲突，未确认匹配，不下判（同时已有匹配参考答案，选择题按E3计，正式评分材料候选仍待核实）,,不明,2026-09-24-attribution-v3
BJ-2026-CY-ERMO-Q5,BJ-2026-CY-ERMO-Q5,BJ-2026-CY-ERMO-Q5,BJ-2026-CY-ERMO,5,选择题,,整题,MAYBE,完整题-选择题照收,E3,该题正式评分材料候选存在候选/存在冲突，未确认匹配，不下判（同时已有匹配参考答案，选择题按E3计，正式评分材料候选仍待核实）,,不明,2026-09-24-attribution-v3
BJ-2026-CY-ERMO-Q7,BJ-2026-CY-ERMO-Q7,BJ-2026-CY-ERMO-Q7,BJ-2026-CY-ERMO,7,选择题,,整题,MAYBE,完整题-选择题照收,E3,该题正式评分材料候选存在候选/存在冲突，未确认匹配，不下判（同时已有匹配参考答案，选择题按E3计，正式评分材料候选仍待核实）,,不明,2026-09-24-attribution-v3
BJ-2026-CY-ERMO-Q12,BJ-2026-CY-ERMO-Q12,BJ-2026-CY-ERMO-Q12,BJ-2026-CY-ERMO,12,选择题,,整题,MAYBE,完整题-选择题照收,E3,该题正式评分材料候选存在候选/存在冲突，未确认匹配，不下判（同时已有匹配参考答案，选择题按E3计，正式评分材料候选仍待核实）,,不明,2026-09-24-attribution-v3
BJ-2026-CY-ERMO-Q13,BJ-2026-CY-ERMO-Q13,BJ-2026-CY-ERMO-Q13,BJ-2026-CY-ERMO,13,选择题,,整题,MAYBE,完整题-选择题照收,E3,该题正式评分材料候选存在候选/存在冲突，未确认匹配，不下判（同时已有匹配参考答案，选择题按E3计，正式评分材料候选仍待核实）,,倾向,2026-09-24-attribution-v3
BJ-2026-CY-ERMO-Q14,BJ-2026-CY-ERMO-Q14,BJ-2026-CY-ERMO-Q14,BJ-2026-CY-ERMO,14,选择题,,整题,MAYBE,完整题-选择题照收,E3,该题正式评分材料候选存在候选/存在冲突，未确认匹配，不下判（同时已有匹配参考答案，选择题按E3计，正式评分材料候选仍待核实）,,不明,2026-09-24-attribution-v3
BJ-2026-CY-ERMO-Q20#1,BJ-2026-CY-ERMO-Q20,BJ-2026-CY-ERMO-Q20,BJ-2026-CY-ERMO,20,主观题,1,小问,MAYBE,待裁决-证据未核实,待裁决-证据未核实候选,该题正式评分材料候选存在候选/存在冲突，未确认匹配，不下判,,不明,2026-09-24-attribution-v3
BJ-2026-CY-ERMO-Q20#2,BJ-2026-CY-ERMO-Q20,BJ-2026-CY-ERMO-Q20,BJ-2026-CY-ERMO,20,主观题,2,小问,MAYBE,待裁决-证据未核实,待裁决-证据未核实候选,该题正式评分材料候选存在候选/存在冲突，未确认匹配，不下判,,不明,2026-09-24-attribution-v3
BJ-2026-CY-ERMO-Q21,BJ-2026-CY-ERMO-Q21,BJ-2026-CY-ERMO-Q21,BJ-2026-CY-ERMO,21,主观题,,整题,MAYBE,待裁决-证据未核实,待裁决-证据未核实候选,该题正式评分材料候选存在候选/存在冲突，未确认匹配，不下判,,不明,2026-09-24-attribution-v3
BJ-2026-HD-ERMO-Q14,BJ-2026-HD-ERMO-Q14,BJ-2026-HD-ERMO-Q14,BJ-2026-HD-ERMO,14,选择题,,整题,MAYBE,完整题-选择题照收,E3,逐题已匹配参考答案,,不明,2026-09-24-attribution-v3
BJ-2026-HD-ERMO-Q13,BJ-2026-HD-ERMO-Q13,BJ-2026-HD-ERMO-Q13,BJ-2026-HD-ERMO,13,选择题,,整题,MAYBE,完整题-选择题照收,E3,逐题已匹配参考答案,,倾向,2026-09-24-attribution-v3
BJ-2026-HD-ERMO-Q17,BJ-2026-HD-ERMO-Q17,BJ-2026-HD-ERMO-Q17,BJ-2026-HD-ERMO,17,主观题,,整题,MAYBE,不收-无E1,E3,逐题已匹配参考答案,B1:rubric_unreadable_not_OUT;B2:rubric_unreadable_not_OUT;PH:rubric_unreadable_not_OUT;MI:rubric_unreadable_not_OUT;RE:rubric_unreadable_not_OUT,倾向,2026-09-24-attribution-v3
BJ-2026-HD-ERMO-Q21,BJ-2026-HD-ERMO-Q21,BJ-2026-HD-ERMO-Q21,BJ-2026-HD-ERMO,21,主观题,,整题,MAYBE,不收-无E1,E3,逐题已匹配参考答案,,不明,2026-09-24-attribution-v3
BJ-2026-HD-ERMO-Q2,BJ-2026-HD-ERMO-Q2,BJ-2026-HD-ERMO-Q2,BJ-2026-HD-ERMO,2,选择题,,整题,MAYBE,完整题-选择题照收,E3,逐题已匹配参考答案,,倾向,2026-09-24-attribution-v3
BJ-2026-HD-ERMO-Q12,BJ-2026-HD-ERMO-Q12,BJ-2026-HD-ERMO-Q12,BJ-2026-HD-ERMO,12,选择题,,整题,MAYBE,完整题-选择题照收,E3,逐题已匹配参考答案,,不明,2026-09-24-attribution-v3
BJ-2026-HD-ERMO-Q18#1,BJ-2026-HD-ERMO-Q18,BJ-2026-HD-ERMO-Q18,BJ-2026-HD-ERMO,18,主观题,1,小问,MAYBE,完整题-有E1,E1,覆盖rubric_links.csv自动匹配：该行被自动标为'仅有参考答案'(E3)，但book-xuanbi-3.md独立核验确认这份材料对Q18(1)实际功能是E1（分析与综合细则曾错配到'减配实验'话题，纠正后E1及答案均为'市场调研'，material_kind应为正式评分材料而非参考答案），已列入回传题库线要求题库线更正material_kind。 | book-xuanbi-3.md:86 2026海淀二模Q18（1）分析与综合细则错配'减配实验'而E1及答案均为'市场调研',,不明,2026-09-24-attribution-v3
BJ-2026-HD-ERMO-Q18#2,BJ-2026-HD-ERMO-Q18,BJ-2026-HD-ERMO-Q18,BJ-2026-HD-ERMO,18,主观题,2,小问,MAYBE,不收-无E1,E3,逐题已匹配参考答案,,不明,2026-09-24-attribution-v3
BJ-2026-SJS-ERMO-Q17#1,BJ-2026-SJS-ERMO-Q17,BJ-2026-SJS-ERMO-Q17,BJ-2026-SJS-ERMO,17,主观题,1,小问,MAYBE,完整题-有E1,E1,逐题已匹配正式评分材料,,不明,2026-09-24-attribution-v3
BJ-2026-SJS-ERMO-Q17#2,BJ-2026-SJS-ERMO-Q17,BJ-2026-SJS-ERMO-Q17,BJ-2026-SJS-ERMO,17,主观题,2,小问,MAYBE,完整题-有E1,E1,逐题已匹配正式评分材料,,不明,2026-09-24-attribution-v3
BJ-2026-SJS-ERMO-Q17#3,BJ-2026-SJS-ERMO-Q17,BJ-2026-SJS-ERMO-Q17,BJ-2026-SJS-ERMO,17,主观题,3,小问,MAYBE,完整题-有E1,E1,逐题已匹配正式评分材料,,不明,2026-09-24-attribution-v3
BJ-2026-SJS-ERMO-Q20,BJ-2026-SJS-ERMO-Q20,BJ-2026-SJS-ERMO-Q20,BJ-2026-SJS-ERMO,20,主观题,,整题,MAYBE,待裁决-证据未核实,待裁决-证据未核实候选,该题正式评分材料候选存在候选/存在冲突，未确认匹配，不下判,,不明,2026-09-24-attribution-v3
BJ-2026-SJS-ERMO-Q3,BJ-2026-SJS-ERMO-Q3,BJ-2026-SJS-ERMO-Q3,BJ-2026-SJS-ERMO,3,选择题,,整题,MAYBE,完整题-选择题照收,E3,该题正式评分材料候选存在候选/存在冲突，未确认匹配，不下判（同时已有匹配参考答案，选择题按E3计，正式评分材料候选仍待核实）,,不明,2026-09-24-attribution-v3
BJ-2026-SJS-ERMO-Q4,BJ-2026-SJS-ERMO-Q4,BJ-2026-SJS-ERMO-Q4,BJ-2026-SJS-ERMO,4,选择题,,整题,MAYBE,完整题-选择题照收,E3,该题正式评分材料候选存在候选/存在冲突，未确认匹配，不下判（同时已有匹配参考答案，选择题按E3计，正式评分材料候选仍待核实）,,不明,2026-09-24-attribution-v3
BJ-2026-SJS-ERMO-Q5,BJ-2026-SJS-ERMO-Q5,BJ-2026-SJS-ERMO-Q5,BJ-2026-SJS-ERMO,5,选择题,,整题,MAYBE,完整题-选择题照收,E3,该题正式评分材料候选存在候选/存在冲突，未确认匹配，不下判（同时已有匹配参考答案，选择题按E3计，正式评分材料候选仍待核实）,,不明,2026-09-24-attribution-v3
BJ-2026-SJS-ERMO-Q6,BJ-2026-SJS-ERMO-Q6,BJ-2026-SJS-ERMO-Q6,BJ-2026-SJS-ERMO,6,选择题,,整题,MAYBE,完整题-选择题照收,E3,该题正式评分材料候选存在候选/存在冲突，未确认匹配，不下判（同时已有匹配参考答案，选择题按E3计，正式评分材料候选仍待核实）,,不明,2026-09-24-attribution-v3
BJ-2026-SJS-ERMO-Q12,BJ-2026-SJS-ERMO-Q12,BJ-2026-SJS-ERMO-Q12,BJ-2026-SJS-ERMO,12,选择题,,整题,MAYBE,完整题-选择题照收,E3,该题正式评分材料候选存在候选/存在冲突，未确认匹配，不下判（同时已有匹配参考答案，选择题按E3计，正式评分材料候选仍待核实）,,不明,2026-09-24-attribution-v3
BJ-2026-SJS-ERMO-Q13,BJ-2026-SJS-ERMO-Q13,BJ-2026-SJS-ERMO-Q13,BJ-2026-SJS-ERMO,13,选择题,,整题,MAYBE,完整题-选择题照收,E3,该题正式评分材料候选存在候选/存在冲突，未确认匹配，不下判（同时已有匹配参考答案，选择题按E3计，正式评分材料候选仍待核实）,,倾向,2026-09-24-attribution-v3
BJ-2026-SJS-ERMO-Q14,BJ-2026-SJS-ERMO-Q14,BJ-2026-SJS-ERMO-Q14,BJ-2026-SJS-ERMO,14,选择题,,整题,MAYBE,完整题-选择题照收,E3,该题正式评分材料候选存在候选/存在冲突，未确认匹配，不下判（同时已有匹配参考答案，选择题按E3计，正式评分材料候选仍待核实）,,不明,2026-09-24-attribution-v3
BJ-2026-XC-ERMO-Q16,BJ-2026-XC-ERMO-Q16,BJ-2026-XC-ERMO-Q16,BJ-2026-XC-ERMO,16,主观题,,整题,MAYBE,待裁决-证据未核实,待裁决-证据未核实候选,该题正式评分材料候选存在候选/存在冲突，未确认匹配，不下判,B1:rubric_unreadable_not_OUT;B2:rubric_unreadable_not_OUT;B3:rubric_unreadable_not_OUT;MI:rubric_unreadable_not_OUT;RE:rubric_unreadable_not_OUT,倾向,2026-09-24-attribution-v3
BJ-2026-XC-ERMO-Q17,BJ-2026-XC-ERMO-Q17,BJ-2026-XC-ERMO-Q17,BJ-2026-XC-ERMO,17,主观题,,整题,MAYBE,待裁决-证据未核实,待裁决-证据未核实候选,该题正式评分材料候选存在候选/存在冲突，未确认匹配，不下判,B1:rubric_unreadable_not_OUT;B3:rubric_unreadable_not_OUT;PH:rubric_unreadable_not_OUT;CU:rubric_unreadable_not_OUT;X1:rubric_unreadable_not_OUT;MI:rubric_unreadable_not_OUT;RE:rubric_unreadable_not_OUT,倾向,2026-09-24-attribution-v3
BJ-2026-XC-ERMO-Q19#1,BJ-2026-XC-ERMO-Q19,BJ-2026-XC-ERMO-Q19,BJ-2026-XC-ERMO,19,主观题,1,小问,MAYBE,待裁决-证据未核实,待裁决-证据未核实候选,该题正式评分材料候选存在候选/存在冲突，未确认匹配，不下判,,倾向,2026-09-24-attribution-v3
BJ-2026-XC-ERMO-Q19#2,BJ-2026-XC-ERMO-Q19,BJ-2026-XC-ERMO-Q19,BJ-2026-XC-ERMO,19,主观题,2,小问,MAYBE,待裁决-证据未核实,待裁决-证据未核实候选,该题正式评分材料候选存在候选/存在冲突，未确认匹配，不下判,,倾向,2026-09-24-attribution-v3
BJ-2026-XC-ERMO-Q20,BJ-2026-XC-ERMO-Q20,BJ-2026-XC-ERMO-Q20,BJ-2026-XC-ERMO,20,主观题,,整题,MAYBE,待裁决-证据未核实,待裁决-证据未核实候选,该题正式评分材料候选存在候选/存在冲突，未确认匹配，不下判,,不明,2026-09-24-attribution-v3
BJ-2026-XC-ERMO-Q2,BJ-2026-XC-ERMO-Q2,BJ-2026-XC-ERMO-Q2,BJ-2026-XC-ERMO,2,选择题,,整题,MAYBE,完整题-选择题照收,E3,该题正式评分材料候选存在候选/存在冲突，未确认匹配，不下判（同时已有匹配参考答案，选择题按E3计，正式评分材料候选仍待核实）,,倾向,2026-09-24-attribution-v3
BJ-2026-XC-ERMO-Q3,BJ-2026-XC-ERMO-Q3,BJ-2026-XC-ERMO-Q3,BJ-2026-XC-ERMO,3,选择题,,整题,MAYBE,完整题-选择题照收,E3,该题正式评分材料候选存在候选/存在冲突，未确认匹配，不下判（同时已有匹配参考答案，选择题按E3计，正式评分材料候选仍待核实）,,不明,2026-09-24-attribution-v3
BJ-2026-XC-ERMO-Q4,BJ-2026-XC-ERMO-Q4,BJ-2026-XC-ERMO-Q4,BJ-2026-XC-ERMO,4,选择题,,整题,MAYBE,完整题-选择题照收,E3,该题正式评分材料候选存在候选/存在冲突，未确认匹配，不下判（同时已有匹配参考答案，选择题按E3计，正式评分材料候选仍待核实）,,不明,2026-09-24-attribution-v3
BJ-2026-XC-ERMO-Q6,BJ-2026-XC-ERMO-Q6,BJ-2026-XC-ERMO-Q6,BJ-2026-XC-ERMO,6,选择题,,整题,MAYBE,完整题-选择题照收,E3,该题正式评分材料候选存在候选/存在冲突，未确认匹配，不下判（同时已有匹配参考答案，选择题按E3计，正式评分材料候选仍待核实）,,不明,2026-09-24-attribution-v3
BJ-2026-XC-ERMO-Q7,BJ-2026-XC-ERMO-Q7,BJ-2026-XC-ERMO-Q7,BJ-2026-XC-ERMO,7,选择题,,整题,MAYBE,完整题-选择题照收,E3,该题正式评分材料候选存在候选/存在冲突，未确认匹配，不下判（同时已有匹配参考答案，选择题按E3计，正式评分材料候选仍待核实）,,不明,2026-09-24-attribution-v3
BJ-2026-XC-ERMO-Q8,BJ-2026-XC-ERMO-Q8,BJ-2026-XC-ERMO-Q8,BJ-2026-XC-ERMO,8,选择题,,整题,MAYBE,完整题-选择题照收,E3,该题正式评分材料候选存在候选/存在冲突，未确认匹配，不下判（同时已有匹配参考答案，选择题按E3计，正式评分材料候选仍待核实）,,不明,2026-09-24-attribution-v3
BJ-2026-XC-ERMO-Q12,BJ-2026-XC-ERMO-Q12,BJ-2026-XC-ERMO-Q12,BJ-2026-XC-ERMO,12,选择题,,整题,MAYBE,完整题-选择题照收,E3,该题正式评分材料候选存在候选/存在冲突，未确认匹配，不下判（同时已有匹配参考答案，选择题按E3计，正式评分材料候选仍待核实）,,不明,2026-09-24-attribution-v3
BJ-2026-XC-ERMO-Q13,BJ-2026-XC-ERMO-Q13,BJ-2026-XC-ERMO-Q13,BJ-2026-XC-ERMO,13,选择题,,整题,MAYBE,完整题-选择题照收,E3,该题正式评分材料候选存在候选/存在冲突，未确认匹配，不下判（同时已有匹配参考答案，选择题按E3计，正式评分材料候选仍待核实）,,倾向,2026-09-24-attribution-v3
BJ-2026-XC-ERMO-Q14,BJ-2026-XC-ERMO-Q14,BJ-2026-XC-ERMO-Q14,BJ-2026-XC-ERMO,14,选择题,,整题,MAYBE,完整题-选择题照收,E3,该题正式评分材料候选存在候选/存在冲突，未确认匹配，不下判（同时已有匹配参考答案，选择题按E3计，正式评分材料候选仍待核实）,,不明,2026-09-24-attribution-v3
BJ-2026-XC-ERMO-Q18#1,BJ-2026-XC-ERMO-Q18,BJ-2026-XC-ERMO-Q18,BJ-2026-XC-ERMO,18,主观题,1,小问,MAYBE,待裁决-证据未核实,待裁决-证据未核实候选,该题正式评分材料候选存在候选/存在冲突，未确认匹配，不下判,,不明,2026-09-24-attribution-v3
BJ-2026-XC-ERMO-Q18#2,BJ-2026-XC-ERMO-Q18,BJ-2026-XC-ERMO-Q18,BJ-2026-XC-ERMO,18,主观题,2,小问,MAYBE,待裁决-证据未核实,待裁决-证据未核实候选,该题正式评分材料候选存在候选/存在冲突，未确认匹配，不下判,,倾向,2026-09-24-attribution-v3
BJ-2026-XC-ERMO-Q18#3,BJ-2026-XC-ERMO-Q18,BJ-2026-XC-ERMO-Q18,BJ-2026-XC-ERMO,18,主观题,3,小问,MAYBE,待裁决-证据未核实,待裁决-证据未核实候选,该题正式评分材料候选存在候选/存在冲突，未确认匹配，不下判,,不明,2026-09-24-attribution-v3
BJ-2026-XC-ERMO-Q18#4,BJ-2026-XC-ERMO-Q18,BJ-2026-XC-ERMO-Q18,BJ-2026-XC-ERMO,18,主观题,4,小问,MAYBE,待裁决-证据未核实,待裁决-证据未核实候选,该题正式评分材料候选存在候选/存在冲突，未确认匹配，不下判,,不明,2026-09-24-attribution-v3
BJ-2026-SY-ERMO-Q17,BJ-2026-SY-ERMO-Q17,BJ-2026-SY-ERMO-Q17,BJ-2026-SY-ERMO,17,主观题,,整题,MAYBE,待裁决-证据未核实,待裁决-证据未核实候选,该题正式评分材料候选存在候选/存在冲突，未确认匹配，不下判,B1:rubric_unreadable_not_OUT;B2:rubric_unreadable_not_OUT;PH:rubric_unreadable_not_OUT;CU:rubric_unreadable_not_OUT;X1:rubric_unreadable_not_OUT;X2:rubric_unreadable_not_OUT;MI:rubric_unreadable_not_OUT;RE:rubric_unreadable_not_OUT,确定,2026-09-24-attribution-v3
BJ-2026-SY-ERMO-Q18#1,BJ-2026-SY-ERMO-Q18,BJ-2026-SY-ERMO-Q18,BJ-2026-SY-ERMO,18,主观题,1,小问,MAYBE,完整题-有E1,E1,逐题已匹配正式评分材料,,不明,2026-09-24-attribution-v3
BJ-2026-SY-ERMO-Q18#2,BJ-2026-SY-ERMO-Q18,BJ-2026-SY-ERMO-Q18,BJ-2026-SY-ERMO,18,主观题,2,小问,MAYBE,完整题-有E1,E1,逐题已匹配正式评分材料,,不明,2026-09-24-attribution-v3
BJ-2026-SY-ERMO-Q20,BJ-2026-SY-ERMO-Q20,BJ-2026-SY-ERMO-Q20,BJ-2026-SY-ERMO,20,主观题,,整题,MAYBE,完整题-有E1,E1,逐题已匹配正式评分材料,,不明,2026-09-24-attribution-v3
BJ-2026-SY-ERMO-Q21,BJ-2026-SY-ERMO-Q21,BJ-2026-SY-ERMO-Q21,BJ-2026-SY-ERMO,21,主观题,,整题,MAYBE,待裁决-证据未核实,待裁决-证据未核实候选,该题正式评分材料候选存在候选/存在冲突，未确认匹配，不下判,,不明,2026-09-24-attribution-v3
BJ-2026-SY-ERMO-Q2,BJ-2026-SY-ERMO-Q2,BJ-2026-SY-ERMO-Q2,BJ-2026-SY-ERMO,2,选择题,,整题,MAYBE,完整题-选择题照收,答案键来源未核实(候选未确认),该题正式评分材料候选存在候选/存在冲突，未确认匹配，不下判,,不明,2026-09-24-attribution-v3
BJ-2026-SY-ERMO-Q3,BJ-2026-SY-ERMO-Q3,BJ-2026-SY-ERMO-Q3,BJ-2026-SY-ERMO,3,选择题,,整题,MAYBE,完整题-选择题照收,答案键来源未核实(候选未确认),该题正式评分材料候选存在候选/存在冲突，未确认匹配，不下判,,不明,2026-09-24-attribution-v3
BJ-2026-SY-ERMO-Q4,BJ-2026-SY-ERMO-Q4,BJ-2026-SY-ERMO-Q4,BJ-2026-SY-ERMO,4,选择题,,整题,IN,完整题-选择题照收,答案键来源未核实(候选未确认),该题正式评分材料候选存在候选/存在冲突，未确认匹配，不下判,,不明,2026-09-24-attribution-v3
BJ-2026-SY-ERMO-Q7,BJ-2026-SY-ERMO-Q7,BJ-2026-SY-ERMO-Q7,BJ-2026-SY-ERMO,7,选择题,,整题,MAYBE,完整题-选择题照收,答案键来源未核实(候选未确认),该题正式评分材料候选存在候选/存在冲突，未确认匹配，不下判,,不明,2026-09-24-attribution-v3
BJ-2026-SY-ERMO-Q12,BJ-2026-SY-ERMO-Q12,BJ-2026-SY-ERMO-Q12,BJ-2026-SY-ERMO,12,选择题,,整题,MAYBE,完整题-选择题照收,答案键来源未核实(候选未确认),该题正式评分材料候选存在候选/存在冲突，未确认匹配，不下判,,不明,2026-09-24-attribution-v3
BJ-2026-SY-ERMO-Q13,BJ-2026-SY-ERMO-Q13,BJ-2026-SY-ERMO-Q13,BJ-2026-SY-ERMO,13,选择题,,整题,MAYBE,完整题-选择题照收,答案键来源未核实(候选未确认),该题正式评分材料候选存在候选/存在冲突，未确认匹配，不下判,,倾向,2026-09-24-attribution-v3
BJ-2026-SY-ERMO-Q14,BJ-2026-SY-ERMO-Q14,BJ-2026-SY-ERMO-Q14,BJ-2026-SY-ERMO,14,选择题,,整题,MAYBE,完整题-选择题照收,答案键来源未核实(候选未确认),该题正式评分材料候选存在候选/存在冲突，未确认匹配，不下判,,不明,2026-09-24-attribution-v3
BJ-2026-SY-ERMO-Q16,BJ-2026-SY-ERMO-Q16,BJ-2026-SY-ERMO-Q16,BJ-2026-SY-ERMO,16,主观题,,整题,MAYBE,待裁决-证据未核实,待裁决-证据未核实候选,该题正式评分材料候选存在候选/存在冲突，未确认匹配，不下判,B1:rubric_unreadable_not_OUT;B2:rubric_unreadable_not_OUT;B3:rubric_unreadable_not_OUT;X1:rubric_unreadable_not_OUT;X2:rubric_unreadable_not_OUT;MI:rubric_unreadable_not_OUT;RE:rubric_unreadable_not_OUT,确定,2026-09-24-attribution-v3
BJ-2026-SY-ERMO-Q19,BJ-2026-SY-ERMO-Q19,BJ-2026-SY-ERMO-Q19,BJ-2026-SY-ERMO,19,主观题,,整题,MAYBE,待裁决-证据未核实,待裁决-证据未核实候选,该题正式评分材料候选存在候选/存在冲突，未确认匹配，不下判,B1:rubric_unreadable_not_OUT;B3:rubric_unreadable_not_OUT;PH:rubric_unreadable_not_OUT;CU:rubric_unreadable_not_OUT;X1:rubric_unreadable_not_OUT;X2:rubric_unreadable_not_OUT;MI:rubric_unreadable_not_OUT;RE:rubric_unreadable_not_OUT,确定,2026-09-24-attribution-v3
BJ-2026-DC-QIMO-Q16,BJ-2026-DC-QIMO-Q16,BJ-2026-DC-QIMO-Q16,BJ-2026-DC-QIMO,16,主观题,,整题,MAYBE,完整题-有E1,E1,逐题已匹配正式评分材料,,倾向,2026-09-24-attribution-v3
BJ-2026-DC-QIMO-Q18#1,BJ-2026-DC-QIMO-Q18,BJ-2026-DC-QIMO-Q18,BJ-2026-DC-QIMO,18,主观题,1,小问,MAYBE,完整题-有E1,E1,逐题已匹配正式评分材料,,倾向,2026-09-24-attribution-v3
BJ-2026-DC-QIMO-Q18#2,BJ-2026-DC-QIMO-Q18,BJ-2026-DC-QIMO-Q18,BJ-2026-DC-QIMO,18,主观题,2,小问,MAYBE,完整题-有E1,E1,逐题已匹配正式评分材料,,倾向,2026-09-24-attribution-v3
BJ-2026-DC-QIMO-Q5,BJ-2026-DC-QIMO-Q5,BJ-2026-DC-QIMO-Q5,BJ-2026-DC-QIMO,5,选择题,,整题,MAYBE,完整题-选择题照收,E1,逐题已匹配正式评分材料,,不明,2026-09-24-attribution-v3
BJ-2026-DC-QIMO-Q21,BJ-2026-DC-QIMO-Q21,BJ-2026-DC-QIMO-Q21,BJ-2026-DC-QIMO,21,主观题,,整题,MAYBE,完整题-有E1,E1,逐题已匹配正式评分材料,,不明,2026-09-24-attribution-v3
BJ-2026-DC-QIMO-Q8,BJ-2026-DC-QIMO-Q8,BJ-2026-DC-QIMO-Q8,BJ-2026-DC-QIMO,8,选择题,,整题,MAYBE,完整题-选择题照收,答案键来源未核实(候选未确认),该题正式评分材料候选存在候选/存在冲突，未确认匹配，不下判,,不明,2026-09-24-attribution-v3
BJ-2026-DC-QIMO-Q9,BJ-2026-DC-QIMO-Q9,BJ-2026-DC-QIMO-Q9,BJ-2026-DC-QIMO,9,选择题,,整题,MAYBE,完整题-选择题照收,答案键来源未核实(候选未确认),该题正式评分材料候选存在候选/存在冲突，未确认匹配，不下判,,不明,2026-09-24-attribution-v3
BJ-2026-DC-QIMO-Q10,BJ-2026-DC-QIMO-Q10,BJ-2026-DC-QIMO-Q10,BJ-2026-DC-QIMO,10,选择题,,整题,MAYBE,完整题-选择题照收,答案键来源未核实(候选未确认),该题正式评分材料候选存在候选/存在冲突，未确认匹配，不下判,,不明,2026-09-24-attribution-v3
BJ-2026-DC-QIMO-Q11,BJ-2026-DC-QIMO-Q11,BJ-2026-DC-QIMO-Q11,BJ-2026-DC-QIMO,11,选择题,,整题,MAYBE,完整题-选择题照收,答案键来源未核实(候选未确认),该题正式评分材料候选存在候选/存在冲突，未确认匹配，不下判,,倾向,2026-09-24-attribution-v3
BJ-2026-DC-QIMO-Q12,BJ-2026-DC-QIMO-Q12,BJ-2026-DC-QIMO-Q12,BJ-2026-DC-QIMO,12,选择题,,整题,MAYBE,完整题-选择题照收,答案键来源未核实(候选未确认),该题正式评分材料候选存在候选/存在冲突，未确认匹配，不下判,,不明,2026-09-24-attribution-v3
BJ-2026-DC-QIMO-Q13,BJ-2026-DC-QIMO-Q13,BJ-2026-DC-QIMO-Q13,BJ-2026-DC-QIMO,13,选择题,,整题,MAYBE,完整题-选择题照收,答案键来源未核实(候选未确认),该题正式评分材料候选存在候选/存在冲突，未确认匹配，不下判,,不明,2026-09-24-attribution-v3
BJ-2026-DC-QIMO-Q14,BJ-2026-DC-QIMO-Q14,BJ-2026-DC-QIMO-Q14,BJ-2026-DC-QIMO,14,选择题,,整题,MAYBE,完整题-选择题照收,答案键来源未核实(候选未确认),该题正式评分材料候选存在候选/存在冲突，未确认匹配，不下判,,倾向,2026-09-24-attribution-v3
BJ-2026-DC-QIMO-Q15,BJ-2026-DC-QIMO-Q15,BJ-2026-DC-QIMO-Q15,BJ-2026-DC-QIMO,15,选择题,,整题,MAYBE,完整题-选择题照收,答案键来源未核实(候选未确认),该题正式评分材料候选存在候选/存在冲突，未确认匹配，不下判,,倾向,2026-09-24-attribution-v3
BJ-2026-DC-QIMO-Q20,BJ-2026-DC-QIMO-Q20,BJ-2026-DC-QIMO-Q20,BJ-2026-DC-QIMO,20,主观题,,整题,MAYBE,待裁决-证据未核实,待裁决-证据未核实候选,该题正式评分材料候选存在候选/存在冲突，未确认匹配，不下判,B1:rubric_unreadable_not_OUT;B2:rubric_unreadable_not_OUT;B3:rubric_unreadable_not_OUT;PH:rubric_unreadable_not_OUT;CU:rubric_unreadable_not_OUT;X2:rubric_unreadable_not_OUT;MI:rubric_unreadable_not_OUT;RE:rubric_unreadable_not_OUT,确定,2026-09-24-attribution-v3
BJ-2026-FT-QIMO-Q6,BJ-2026-FT-QIMO-Q6,BJ-2026-FT-QIMO-Q6,BJ-2026-FT-QIMO,6,选择题,,整题,MAYBE,完整题-选择题照收,E1,逐题已匹配正式评分材料,,不明,2026-09-24-attribution-v3
BJ-2026-FT-QIMO-Q9,BJ-2026-FT-QIMO-Q9,BJ-2026-FT-QIMO-Q9,BJ-2026-FT-QIMO,9,选择题,,整题,MAYBE,完整题-选择题照收,答案键来源未核实(候选未确认),该题正式评分材料候选存在候选/存在冲突，未确认匹配，不下判,,不明,2026-09-24-attribution-v3
BJ-2026-FT-QIMO-Q10,BJ-2026-FT-QIMO-Q10,BJ-2026-FT-QIMO-Q10,BJ-2026-FT-QIMO,10,选择题,,整题,MAYBE,完整题-选择题照收,E1,逐题已匹配正式评分材料,,不明,2026-09-24-attribution-v3
BJ-2026-FT-QIMO-Q19,BJ-2026-FT-QIMO-Q19,BJ-2026-FT-QIMO-Q19,BJ-2026-FT-QIMO,19,主观题,,整题,MAYBE,完整题-有E1,E1,逐题已匹配正式评分材料,"B1:rubric_unreadable_not_OUT;PH:rubric_unreadable_not_OUT;CU:rubric_unreadable_not_OUT;X1:rubric_unreadable_not_OUT;MI:rubric_unreadable_not_OUT;RE:rubric_unreadable_not_OUT;关联但不合并(疑似跨卷复用/串题,非duplicate_registration_alias):dup_of=BJ-2024-HD-ERMO-Q19",倾向,2026-09-24-attribution-v3
BJ-2026-FT-QIMO-Q7,BJ-2026-FT-QIMO-Q7,BJ-2026-FT-QIMO-Q7,BJ-2026-FT-QIMO,7,选择题,,整题,MAYBE,完整题-选择题照收,E1,逐题已匹配正式评分材料,,不明,2026-09-24-attribution-v3
BJ-2026-FT-QIMO-Q20,BJ-2026-FT-QIMO-Q20,BJ-2026-FT-QIMO-Q20,BJ-2026-FT-QIMO,20,主观题,,整题,MAYBE,完整题-有E1,E1,逐题已匹配正式评分材料,"B1:rubric_unreadable_not_OUT;B3:rubric_unreadable_not_OUT;PH:rubric_unreadable_not_OUT;CU:rubric_unreadable_not_OUT;RE:rubric_unreadable_not_OUT;关联但不合并(疑似跨卷复用/串题,非duplicate_registration_alias):dup_of=BJ-2025-BJ-GAOKAO-Q20",倾向,2026-09-24-attribution-v3
BJ-2026-FT-QIMO-Q16,BJ-2026-FT-QIMO-Q16,BJ-2026-FT-QIMO-Q16,BJ-2026-FT-QIMO,16,主观题,,整题,MAYBE,待裁决-证据未核实,待裁决-证据未核实候选,该题正式评分材料候选存在候选/存在冲突，未确认匹配，不下判,B1:rubric_unreadable_not_OUT;B2:rubric_unreadable_not_OUT;B3:rubric_unreadable_not_OUT;X1:rubric_unreadable_not_OUT;X2:rubric_unreadable_not_OUT;MI:rubric_unreadable_not_OUT;RE:rubric_unreadable_not_OUT,确定,2026-09-24-attribution-v3
BJ-2026-FT-QIMO-Q17,BJ-2026-FT-QIMO-Q17,BJ-2026-FT-QIMO-Q17,BJ-2026-FT-QIMO,17,主观题,,整题,MAYBE,待裁决-证据未核实,待裁决-证据未核实候选,该题正式评分材料候选存在候选/存在冲突，未确认匹配，不下判,B1:rubric_unreadable_not_OUT;PH:rubric_unreadable_not_OUT;CU:rubric_unreadable_not_OUT;X1:rubric_unreadable_not_OUT;X2:rubric_unreadable_not_OUT;MI:rubric_unreadable_not_OUT;RE:rubric_unreadable_not_OUT,确定,2026-09-24-attribution-v3
BJ-2026-FT-QIMO-Q18,BJ-2026-FT-QIMO-Q18,BJ-2026-FT-QIMO-Q18,BJ-2026-FT-QIMO,18,主观题,,整题,MAYBE,待裁决-证据未核实,待裁决-证据未核实候选,该题正式评分材料候选存在候选/存在冲突，未确认匹配，不下判,,不明,2026-09-24-attribution-v3
BJ-2026-FT-QIMO-Q21,BJ-2026-FT-QIMO-Q21,BJ-2026-FT-QIMO-Q21,BJ-2026-FT-QIMO,21,主观题,,整题,MAYBE,待裁决-证据未核实,待裁决-证据未核实候选,该题正式评分材料候选存在候选/存在冲突，未确认匹配，不下判,,不明,2026-09-24-attribution-v3
BJ-2026-FT-QIMO-Q22,BJ-2026-FT-QIMO-Q22,BJ-2026-FT-QIMO-Q22,BJ-2026-FT-QIMO,22,主观题,,整题,MAYBE,待裁决-证据未核实,待裁决-证据未核实候选,该题正式评分材料候选存在候选/存在冲突，未确认匹配，不下判,,不明,2026-09-24-attribution-v3
BJ-2026-FT-QIMO-Q8,BJ-2026-FT-QIMO-Q8,BJ-2026-FT-QIMO-Q8,BJ-2026-FT-QIMO,8,选择题,,整题,MAYBE,完整题-选择题照收,答案键来源未核实(候选未确认),该题正式评分材料候选存在候选/存在冲突，未确认匹配，不下判,,不明,2026-09-24-attribution-v3
BJ-2026-FT-QIMO-Q11,BJ-2026-FT-QIMO-Q11,BJ-2026-FT-QIMO-Q11,BJ-2026-FT-QIMO,11,选择题,,整题,MAYBE,完整题-选择题照收,答案键来源未核实(候选未确认),该题正式评分材料候选存在候选/存在冲突，未确认匹配，不下判,,倾向,2026-09-24-attribution-v3
BJ-2026-FT-QIMO-Q13,BJ-2026-FT-QIMO-Q13,BJ-2026-FT-QIMO-Q13,BJ-2026-FT-QIMO,13,选择题,,整题,MAYBE,完整题-选择题照收,答案键来源未核实(候选未确认),该题正式评分材料候选存在候选/存在冲突，未确认匹配，不下判,,不明,2026-09-24-attribution-v3
BJ-2026-FT-QIMO-Q14,BJ-2026-FT-QIMO-Q14,BJ-2026-FT-QIMO-Q14,BJ-2026-FT-QIMO,14,选择题,,整题,MAYBE,完整题-选择题照收,答案键来源未核实(候选未确认),该题正式评分材料候选存在候选/存在冲突，未确认匹配，不下判,,倾向,2026-09-24-attribution-v3
BJ-2026-FT-QIMO-Q15,BJ-2026-FT-QIMO-Q15,BJ-2026-FT-QIMO-Q15,BJ-2026-FT-QIMO,15,选择题,,整题,MAYBE,完整题-选择题照收,答案键来源未核实(候选未确认),该题正式评分材料候选存在候选/存在冲突，未确认匹配，不下判,,不明,2026-09-24-attribution-v3
BJ-2026-CP-QIMO-Q5,BJ-2026-CP-QIMO-Q5,BJ-2026-CP-QIMO-Q5,BJ-2026-CP-QIMO,5,选择题,,整题,IN,完整题-选择题照收,E3,该题正式评分材料候选存在候选/存在冲突，未确认匹配，不下判（同时已有匹配参考答案，选择题按E3计，正式评分材料候选仍待核实）,,不明,2026-09-24-attribution-v3
BJ-2026-CP-QIMO-Q6,BJ-2026-CP-QIMO-Q6,BJ-2026-CP-QIMO-Q6,BJ-2026-CP-QIMO,6,选择题,,整题,IN,完整题-选择题照收,E3,该题正式评分材料候选存在候选/存在冲突，未确认匹配，不下判（同时已有匹配参考答案，选择题按E3计，正式评分材料候选仍待核实）,,不明,2026-09-24-attribution-v3
BJ-2026-CP-QIMO-Q7,BJ-2026-CP-QIMO-Q7,BJ-2026-CP-QIMO-Q7,BJ-2026-CP-QIMO,7,选择题,,整题,IN,完整题-选择题照收,E3,该题正式评分材料候选存在候选/存在冲突，未确认匹配，不下判（同时已有匹配参考答案，选择题按E3计，正式评分材料候选仍待核实）,,不明,2026-09-24-attribution-v3
BJ-2026-CP-QIMO-Q8,BJ-2026-CP-QIMO-Q8,BJ-2026-CP-QIMO-Q8,BJ-2026-CP-QIMO,8,选择题,,整题,MAYBE,完整题-选择题照收,E3,该题正式评分材料候选存在候选/存在冲突，未确认匹配，不下判（同时已有匹配参考答案，选择题按E3计，正式评分材料候选仍待核实）,,不明,2026-09-24-attribution-v3
BJ-2026-CP-QIMO-Q9,BJ-2026-CP-QIMO-Q9,BJ-2026-CP-QIMO-Q9,BJ-2026-CP-QIMO,9,选择题,,整题,MAYBE,完整题-选择题照收,E3,该题正式评分材料候选存在候选/存在冲突，未确认匹配，不下判（同时已有匹配参考答案，选择题按E3计，正式评分材料候选仍待核实）,,不明,2026-09-24-attribution-v3
BJ-2026-CP-QIMO-Q10,BJ-2026-CP-QIMO-Q10,BJ-2026-CP-QIMO-Q10,BJ-2026-CP-QIMO,10,选择题,,整题,MAYBE,完整题-选择题照收,E3,该题正式评分材料候选存在候选/存在冲突，未确认匹配，不下判（同时已有匹配参考答案，选择题按E3计，正式评分材料候选仍待核实）,,不明,2026-09-24-attribution-v3
BJ-2026-CP-QIMO-Q11,BJ-2026-CP-QIMO-Q11,BJ-2026-CP-QIMO-Q11,BJ-2026-CP-QIMO,11,选择题,,整题,MAYBE,完整题-选择题照收,E3,该题正式评分材料候选存在候选/存在冲突，未确认匹配，不下判（同时已有匹配参考答案，选择题按E3计，正式评分材料候选仍待核实）,,倾向,2026-09-24-attribution-v3
BJ-2026-CP-QIMO-Q12,BJ-2026-CP-QIMO-Q12,BJ-2026-CP-QIMO-Q12,BJ-2026-CP-QIMO,12,选择题,,整题,MAYBE,完整题-选择题照收,E3,该题正式评分材料候选存在候选/存在冲突，未确认匹配，不下判（同时已有匹配参考答案，选择题按E3计，正式评分材料候选仍待核实）,,不明,2026-09-24-attribution-v3
BJ-2026-CP-QIMO-Q13,BJ-2026-CP-QIMO-Q13,BJ-2026-CP-QIMO-Q13,BJ-2026-CP-QIMO,13,选择题,,整题,MAYBE,完整题-选择题照收,E3,该题正式评分材料候选存在候选/存在冲突，未确认匹配，不下判（同时已有匹配参考答案，选择题按E3计，正式评分材料候选仍待核实）,,不明,2026-09-24-attribution-v3
BJ-2026-CP-QIMO-Q14,BJ-2026-CP-QIMO-Q14,BJ-2026-CP-QIMO-Q14,BJ-2026-CP-QIMO,14,选择题,,整题,MAYBE,完整题-选择题照收,E3,该题正式评分材料候选存在候选/存在冲突，未确认匹配，不下判（同时已有匹配参考答案，选择题按E3计，正式评分材料候选仍待核实）,,倾向,2026-09-24-attribution-v3
BJ-2026-CP-QIMO-Q15,BJ-2026-CP-QIMO-Q15,BJ-2026-CP-QIMO-Q15,BJ-2026-CP-QIMO,15,选择题,,整题,MAYBE,完整题-选择题照收,E3,该题正式评分材料候选存在候选/存在冲突，未确认匹配，不下判（同时已有匹配参考答案，选择题按E3计，正式评分材料候选仍待核实）,,不明,2026-09-24-attribution-v3
BJ-2026-CP-QIMO-Q16,BJ-2026-CP-QIMO-Q16,BJ-2026-CP-QIMO-Q16,BJ-2026-CP-QIMO,16,主观题,,整题,MAYBE,完整题-有E1,E1,逐题已匹配正式评分材料,,不明,2026-09-24-attribution-v3
BJ-2026-CP-QIMO-Q19#2,BJ-2026-CP-QIMO-Q19,BJ-2026-CP-QIMO-Q19,BJ-2026-CP-QIMO,19,主观题,2,小问,MAYBE,待裁决-证据未核实,待裁决-证据未核实候选,该题正式评分材料候选存在候选/存在冲突，未确认匹配，不下判,,不明,2026-09-24-attribution-v3
BJ-2026-CP-QIMO-Q21,BJ-2026-CP-QIMO-Q21,BJ-2026-CP-QIMO-Q21,BJ-2026-CP-QIMO,21,主观题,,整题,MAYBE,完整题-有E1,E1,逐题已匹配正式评分材料,,不明,2026-09-24-attribution-v3
BJ-2026-CY-QIZHONG-Q18,BJ-2026-CY-QIZHONG-Q18,BJ-2026-CY-QIZHONG-Q18,BJ-2026-CY-QIZHONG,18,主观题,,整题,MAYBE,完整题-有E1,E1,逐题已匹配正式评分材料,,不明,2026-09-24-attribution-v3
BJ-2026-CY-QIZHONG-Q19#1,BJ-2026-CY-QIZHONG-Q19,BJ-2026-CY-QIZHONG-Q19,BJ-2026-CY-QIZHONG,19,主观题,1,小问,MAYBE,完整题-有E1,E1,逐题已匹配正式评分材料,,不明,2026-09-24-attribution-v3
BJ-2026-CY-QIZHONG-Q19#2,BJ-2026-CY-QIZHONG-Q19,BJ-2026-CY-QIZHONG-Q19,BJ-2026-CY-QIZHONG,19,主观题,2,小问,MAYBE,完整题-有E1,E1,逐题已匹配正式评分材料,,不明,2026-09-24-attribution-v3
BJ-2026-CY-QIZHONG-Q19#3,BJ-2026-CY-QIZHONG-Q19,BJ-2026-CY-QIZHONG-Q19,BJ-2026-CY-QIZHONG,19,主观题,3,小问,MAYBE,完整题-有E1,E1,逐题已匹配正式评分材料,,不明,2026-09-24-attribution-v3
BJ-2026-CY-QIZHONG-Q20,BJ-2026-CY-QIZHONG-Q20,BJ-2026-CY-QIZHONG-Q20,BJ-2026-CY-QIZHONG,20,主观题,,整题,MAYBE,完整题-有E1,E1,逐题已匹配正式评分材料,,不明,2026-09-24-attribution-v3
BJ-2026-CY-QIZHONG-Q21#1,BJ-2026-CY-QIZHONG-Q21,BJ-2026-CY-QIZHONG-Q21,BJ-2026-CY-QIZHONG,21,主观题,1,小问,MAYBE,完整题-有E1,E1,逐题已匹配正式评分材料,,不明,2026-09-24-attribution-v3
BJ-2026-CY-QIZHONG-Q21#2,BJ-2026-CY-QIZHONG-Q21,BJ-2026-CY-QIZHONG-Q21,BJ-2026-CY-QIZHONG,21,主观题,2,小问,MAYBE,完整题-有E1,E1,逐题已匹配正式评分材料,,不明,2026-09-24-attribution-v3
BJ-2026-CY-QIZHONG-Q5,BJ-2026-CY-QIZHONG-Q5,BJ-2026-CY-QIZHONG-Q5,BJ-2026-CY-QIZHONG,5,选择题,,整题,MAYBE,完整题-选择题照收,E3,逐题已匹配参考答案,,不明,2026-09-24-attribution-v3
BJ-2026-CY-QIZHONG-Q6,BJ-2026-CY-QIZHONG-Q6,BJ-2026-CY-QIZHONG-Q6,BJ-2026-CY-QIZHONG,6,选择题,,整题,MAYBE,完整题-选择题照收,E3,逐题已匹配参考答案,,不明,2026-09-24-attribution-v3
BJ-2026-CY-QIZHONG-Q7,BJ-2026-CY-QIZHONG-Q7,BJ-2026-CY-QIZHONG-Q7,BJ-2026-CY-QIZHONG,7,选择题,,整题,MAYBE,完整题-选择题照收,E3,逐题已匹配参考答案,,不明,2026-09-24-attribution-v3
BJ-2026-CY-QIZHONG-Q8,BJ-2026-CY-QIZHONG-Q8,BJ-2026-CY-QIZHONG-Q8,BJ-2026-CY-QIZHONG,8,选择题,,整题,MAYBE,完整题-选择题照收,E3,逐题已匹配参考答案,,不明,2026-09-24-attribution-v3
BJ-2026-CY-QIZHONG-Q9,BJ-2026-CY-QIZHONG-Q9,BJ-2026-CY-QIZHONG-Q9,BJ-2026-CY-QIZHONG,9,选择题,,整题,MAYBE,完整题-选择题照收,E3,逐题已匹配参考答案,,不明,2026-09-24-attribution-v3
BJ-2026-CY-QIZHONG-Q10,BJ-2026-CY-QIZHONG-Q10,BJ-2026-CY-QIZHONG-Q10,BJ-2026-CY-QIZHONG,10,选择题,,整题,MAYBE,完整题-选择题照收,E3,逐题已匹配参考答案,,不明,2026-09-24-attribution-v3
BJ-2026-CY-QIZHONG-Q11,BJ-2026-CY-QIZHONG-Q11,BJ-2026-CY-QIZHONG-Q11,BJ-2026-CY-QIZHONG,11,选择题,,整题,MAYBE,完整题-选择题照收,E3,逐题已匹配参考答案,,不明,2026-09-24-attribution-v3
BJ-2026-HD-QIZHONG-Q21,BJ-2026-HD-QIZHONG-Q21,BJ-2026-HD-QIZHONG-Q21,BJ-2026-HD-QIZHONG,21,主观题,,整题,MAYBE,待裁决-证据未核实,缺细则,"未在rubric_links.csv找到该题任何行(未核实,不是已确认无)",B1:rubric_unreadable_not_OUT;B3:rubric_unreadable_not_OUT;PH:rubric_unreadable_not_OUT;CU:rubric_unreadable_not_OUT;X1:rubric_unreadable_not_OUT;X2:rubric_unreadable_not_OUT;MI:rubric_unreadable_not_OUT;RE:rubric_unreadable_not_OUT,确定,2026-09-24-attribution-v3
BJ-2026-HD-QIZHONG-Q15,BJ-2026-HD-QIZHONG-Q15,BJ-2026-HD-QIZHONG-Q15,BJ-2026-HD-QIZHONG,15,选择题,,整题,MAYBE,完整题-选择题照收,缺答案键,"未在rubric_links.csv找到该题任何行(未核实,不是已确认无)",,不明,2026-09-24-attribution-v3
BJ-2026-HD-QIZHONG-Q8,BJ-2026-HD-QIZHONG-Q8,BJ-2026-HD-QIZHONG-Q8,BJ-2026-HD-QIZHONG,8,选择题,,整题,MAYBE,完整题-选择题照收,缺答案键,"未在rubric_links.csv找到该题任何行(未核实,不是已确认无)","关联但不合并(疑似跨卷复用/串题,非duplicate_registration_alias):dup_of=BJ-2024-BJ-GAOKAO-Q18",不明,2026-09-24-attribution-v3
BJ-2026-HD-QIZHONG-Q20,BJ-2026-HD-QIZHONG-Q20,BJ-2026-HD-QIZHONG-Q20,BJ-2026-HD-QIZHONG,20,主观题,,整题,MAYBE,待裁决-证据未核实,缺细则,"未在rubric_links.csv找到该题任何行(未核实,不是已确认无)",B1:rubric_unreadable_not_OUT;B2:rubric_unreadable_not_OUT;PH:rubric_unreadable_not_OUT;CU:rubric_unreadable_not_OUT;X1:rubric_unreadable_not_OUT;X2:rubric_unreadable_not_OUT;MI:rubric_unreadable_not_OUT;RE:rubric_unreadable_not_OUT,确定,2026-09-24-attribution-v3
BJ-2026-HD-QIZHONG-Q22#1,BJ-2026-HD-QIZHONG-Q22,BJ-2026-HD-QIZHONG-Q22,BJ-2026-HD-QIZHONG,22,主观题,1,小问,MAYBE,完整题-有E1,E1,具名核实-题库线缺口(rubric_links.csv对该题一行都没有，未核实不是已确认无；book-xuanbi-1.md独立核验已闭环，按Skill结论收，同时列入回传题库线) | book-xuanbi-1.md:307 本轮主观E1新闭环7题：…海淀期中Q22(1)…,B1:rubric_unreadable_not_OUT;B2:rubric_unreadable_not_OUT;B3:rubric_unreadable_not_OUT;CU:rubric_unreadable_not_OUT;X2:rubric_unreadable_not_OUT;MI:rubric_unreadable_not_OUT;RE:rubric_unreadable_not_OUT,确定,2026-09-24-attribution-v3
BJ-2026-HD-QIZHONG-Q22#2,BJ-2026-HD-QIZHONG-Q22,BJ-2026-HD-QIZHONG-Q22,BJ-2026-HD-QIZHONG,22,主观题,2,小问,MAYBE,待裁决-证据未核实,缺细则,"未在rubric_links.csv找到该题任何行(未核实,不是已确认无)",,不明,2026-09-24-attribution-v3
BJ-2026-HD-QIZHONG-Q5,BJ-2026-HD-QIZHONG-Q5,BJ-2026-HD-QIZHONG-Q5,BJ-2026-HD-QIZHONG,5,选择题,,整题,MAYBE,完整题-选择题照收,缺答案键,"未在rubric_links.csv找到该题任何行(未核实,不是已确认无)",,不明,2026-09-24-attribution-v3
BJ-2026-HD-QIZHONG-Q6,BJ-2026-HD-QIZHONG-Q6,BJ-2026-HD-QIZHONG-Q6,BJ-2026-HD-QIZHONG,6,选择题,,整题,MAYBE,完整题-选择题照收,缺答案键,"未在rubric_links.csv找到该题任何行(未核实,不是已确认无)",,不明,2026-09-24-attribution-v3
BJ-2026-HD-QIZHONG-Q7,BJ-2026-HD-QIZHONG-Q7,BJ-2026-HD-QIZHONG-Q7,BJ-2026-HD-QIZHONG,7,选择题,,整题,MAYBE,完整题-选择题照收,缺答案键,"未在rubric_links.csv找到该题任何行(未核实,不是已确认无)",,不明,2026-09-24-attribution-v3
BJ-2026-HD-QIZHONG-Q9,BJ-2026-HD-QIZHONG-Q9,BJ-2026-HD-QIZHONG-Q9,BJ-2026-HD-QIZHONG,9,选择题,,整题,MAYBE,完整题-选择题照收,缺答案键,"未在rubric_links.csv找到该题任何行(未核实,不是已确认无)",,不明,2026-09-24-attribution-v3
BJ-2026-HD-QIZHONG-Q10,BJ-2026-HD-QIZHONG-Q10,BJ-2026-HD-QIZHONG-Q10,BJ-2026-HD-QIZHONG,10,选择题,,整题,MAYBE,完整题-选择题照收,缺答案键,"未在rubric_links.csv找到该题任何行(未核实,不是已确认无)",,不明,2026-09-24-attribution-v3
BJ-2026-HD-QIZHONG-Q11,BJ-2026-HD-QIZHONG-Q11,BJ-2026-HD-QIZHONG-Q11,BJ-2026-HD-QIZHONG,11,选择题,,整题,MAYBE,完整题-选择题照收,缺答案键,"未在rubric_links.csv找到该题任何行(未核实,不是已确认无)",,不明,2026-09-24-attribution-v3
BJ-2026-HD-QIZHONG-Q12,BJ-2026-HD-QIZHONG-Q12,BJ-2026-HD-QIZHONG-Q12,BJ-2026-HD-QIZHONG,12,选择题,,整题,MAYBE,完整题-选择题照收,缺答案键,"未在rubric_links.csv找到该题任何行(未核实,不是已确认无)",,不明,2026-09-24-attribution-v3
BJ-2026-HD-QIZHONG-Q13,BJ-2026-HD-QIZHONG-Q13,BJ-2026-HD-QIZHONG-Q13,BJ-2026-HD-QIZHONG,13,选择题,,整题,MAYBE,完整题-选择题照收,缺答案键,"未在rubric_links.csv找到该题任何行(未核实,不是已确认无)",,不明,2026-09-24-attribution-v3
BJ-2026-HD-QIZHONG-Q14,BJ-2026-HD-QIZHONG-Q14,BJ-2026-HD-QIZHONG-Q14,BJ-2026-HD-QIZHONG,14,选择题,,整题,MAYBE,完整题-选择题照收,缺答案键,"未在rubric_links.csv找到该题任何行(未核实,不是已确认无)",,倾向,2026-09-24-attribution-v3
BJ-2026-HD-QIZHONG-Q16,BJ-2026-HD-QIZHONG-Q16,BJ-2026-HD-QIZHONG-Q16,BJ-2026-HD-QIZHONG,16,主观题,,整题,MAYBE,待裁决-证据未核实,缺细则,"未在rubric_links.csv找到该题任何行(未核实,不是已确认无)",B1:rubric_unreadable_not_OUT;B3:rubric_unreadable_not_OUT;PH:rubric_unreadable_not_OUT;CU:rubric_unreadable_not_OUT;X1:rubric_unreadable_not_OUT;X2:rubric_unreadable_not_OUT;MI:rubric_unreadable_not_OUT;RE:rubric_unreadable_not_OUT,确定,2026-09-24-attribution-v3
BJ-2026-HD-QIZHONG-Q17,BJ-2026-HD-QIZHONG-Q17,BJ-2026-HD-QIZHONG-Q17,BJ-2026-HD-QIZHONG,17,主观题,,整题,MAYBE,待裁决-证据未核实,缺细则,"未在rubric_links.csv找到该题任何行(未核实,不是已确认无)",B1:rubric_unreadable_not_OUT;B3:rubric_unreadable_not_OUT;PH:rubric_unreadable_not_OUT;CU:rubric_unreadable_not_OUT;X1:rubric_unreadable_not_OUT;X2:rubric_unreadable_not_OUT;MI:rubric_unreadable_not_OUT;RE:rubric_unreadable_not_OUT,确定,2026-09-24-attribution-v3
BJ-2026-HD-QIZHONG-Q18,BJ-2026-HD-QIZHONG-Q18,BJ-2026-HD-QIZHONG-Q18,BJ-2026-HD-QIZHONG,18,主观题,,整题,MAYBE,待裁决-证据未核实,缺细则,"未在rubric_links.csv找到该题任何行(未核实,不是已确认无)",B1:rubric_unreadable_not_OUT;B2:rubric_unreadable_not_OUT;PH:rubric_unreadable_not_OUT;CU:rubric_unreadable_not_OUT;X1:rubric_unreadable_not_OUT;X2:rubric_unreadable_not_OUT;MI:rubric_unreadable_not_OUT;RE:rubric_unreadable_not_OUT,确定,2026-09-24-attribution-v3
BJ-2026-HD-QIZHONG-Q19,BJ-2026-HD-QIZHONG-Q19,BJ-2026-HD-QIZHONG-Q19,BJ-2026-HD-QIZHONG,19,主观题,,整题,MAYBE,待裁决-证据未核实,缺细则,"未在rubric_links.csv找到该题任何行(未核实,不是已确认无)",B1:rubric_unreadable_not_OUT;B2:rubric_unreadable_not_OUT;PH:rubric_unreadable_not_OUT;CU:rubric_unreadable_not_OUT;X1:rubric_unreadable_not_OUT;X2:rubric_unreadable_not_OUT;MI:rubric_unreadable_not_OUT;RE:rubric_unreadable_not_OUT,确定,2026-09-24-attribution-v3
BJ-2026-HD-QIMO-Q16,BJ-2026-HD-QIMO-Q16,BJ-2026-HD-QIMO-Q16,BJ-2026-HD-QIMO,16,主观题,,整题,MAYBE,完整题-有E1,E1,逐题已匹配正式评分材料,,倾向,2026-09-24-attribution-v3
BJ-2026-HD-QIMO-Q17,BJ-2026-HD-QIMO-Q17,BJ-2026-HD-QIMO-Q17,BJ-2026-HD-QIMO,17,主观题,,整题,MAYBE,待裁决-证据未核实,待裁决-证据未核实候选,该题正式评分材料候选存在候选/存在冲突，未确认匹配，不下判,,倾向,2026-09-24-attribution-v3
BJ-2026-HD-QIMO-Q18#1,BJ-2026-HD-QIMO-Q18,BJ-2026-HD-QIMO-Q18,BJ-2026-HD-QIMO,18,主观题,1,小问,MAYBE,完整题-有E1,E1,逐题已匹配正式评分材料,,不明,2026-09-24-attribution-v3
BJ-2026-HD-QIMO-Q18#2,BJ-2026-HD-QIMO-Q18,BJ-2026-HD-QIMO-Q18,BJ-2026-HD-QIMO,18,主观题,2,小问,MAYBE,完整题-有E1,E1,逐题已匹配正式评分材料,,倾向,2026-09-24-attribution-v3
BJ-2026-HD-QIMO-Q21,BJ-2026-HD-QIMO-Q21,BJ-2026-HD-QIMO-Q21,BJ-2026-HD-QIMO,21,主观题,,整题,MAYBE,待裁决-证据未核实,待裁决-证据未核实候选,该题正式评分材料候选存在候选/存在冲突，未确认匹配，不下判,,不明,2026-09-24-attribution-v3
BJ-2026-HD-QIMO-Q5,BJ-2026-HD-QIMO-Q5,BJ-2026-HD-QIMO-Q5,BJ-2026-HD-QIMO,5,选择题,,整题,MAYBE,完整题-选择题照收,答案键来源未核实(候选未确认),该题正式评分材料候选存在候选/存在冲突，未确认匹配，不下判,,不明,2026-09-24-attribution-v3
BJ-2026-HD-QIMO-Q6,BJ-2026-HD-QIMO-Q6,BJ-2026-HD-QIMO-Q6,BJ-2026-HD-QIMO,6,选择题,,整题,MAYBE,完整题-选择题照收,答案键来源未核实(候选未确认),该题正式评分材料候选存在候选/存在冲突，未确认匹配，不下判,,不明,2026-09-24-attribution-v3
BJ-2026-HD-QIMO-Q7,BJ-2026-HD-QIMO-Q7,BJ-2026-HD-QIMO-Q7,BJ-2026-HD-QIMO,7,选择题,,整题,MAYBE,完整题-选择题照收,答案键来源未核实(候选未确认),该题正式评分材料候选存在候选/存在冲突，未确认匹配，不下判,,不明,2026-09-24-attribution-v3
BJ-2026-HD-QIMO-Q8,BJ-2026-HD-QIMO-Q8,BJ-2026-HD-QIMO-Q8,BJ-2026-HD-QIMO,8,选择题,,整题,MAYBE,完整题-选择题照收,答案键来源未核实(候选未确认),该题正式评分材料候选存在候选/存在冲突，未确认匹配，不下判,,不明,2026-09-24-attribution-v3
BJ-2026-HD-QIMO-Q9,BJ-2026-HD-QIMO-Q9,BJ-2026-HD-QIMO-Q9,BJ-2026-HD-QIMO,9,选择题,,整题,MAYBE,完整题-选择题照收,答案键来源未核实(候选未确认),该题正式评分材料候选存在候选/存在冲突，未确认匹配，不下判,,不明,2026-09-24-attribution-v3
BJ-2026-HD-QIMO-Q10,BJ-2026-HD-QIMO-Q10,BJ-2026-HD-QIMO-Q10,BJ-2026-HD-QIMO,10,选择题,,整题,MAYBE,完整题-选择题照收,答案键来源未核实(候选未确认),该题正式评分材料候选存在候选/存在冲突，未确认匹配，不下判,,倾向,2026-09-24-attribution-v3
BJ-2026-HD-QIMO-Q15,BJ-2026-HD-QIMO-Q15,BJ-2026-HD-QIMO-Q15,BJ-2026-HD-QIMO,15,选择题,,整题,MAYBE,完整题-选择题照收,答案键来源未核实(候选未确认),该题正式评分材料候选存在候选/存在冲突，未确认匹配，不下判,,不明,2026-09-24-attribution-v3
BJ-2026-XC-QIMO-Q16#1,BJ-2026-XC-QIMO-Q16,BJ-2026-XC-QIMO-Q16,BJ-2026-XC-QIMO,16,主观题,1,小问,MAYBE,完整题-有E1,E1,逐题已匹配正式评分材料,,不明,2026-09-24-attribution-v3
BJ-2026-XC-QIMO-Q16#2,BJ-2026-XC-QIMO-Q16,BJ-2026-XC-QIMO-Q16,BJ-2026-XC-QIMO,16,主观题,2,小问,MAYBE,完整题-有E1,E1,逐题已匹配正式评分材料,,不明,2026-09-24-attribution-v3
BJ-2026-XC-QIMO-Q17,BJ-2026-XC-QIMO-Q17,BJ-2026-XC-QIMO-Q17,BJ-2026-XC-QIMO,17,主观题,,整题,MAYBE,完整题-有E1,E1,逐题已匹配正式评分材料,,倾向,2026-09-24-attribution-v3
BJ-2026-XC-QIMO-Q20#1,BJ-2026-XC-QIMO-Q20,BJ-2026-XC-QIMO-Q20,BJ-2026-XC-QIMO,20,主观题,1,小问,MAYBE,完整题-有E1,E1,逐题已匹配正式评分材料,,不明,2026-09-24-attribution-v3
BJ-2026-XC-QIMO-Q20#2,BJ-2026-XC-QIMO-Q20,BJ-2026-XC-QIMO-Q20,BJ-2026-XC-QIMO,20,主观题,2,小问,MAYBE,完整题-有E1,E1,逐题已匹配正式评分材料,,不明,2026-09-24-attribution-v3
BJ-2026-XC-QIMO-Q21,BJ-2026-XC-QIMO-Q21,BJ-2026-XC-QIMO-Q21,BJ-2026-XC-QIMO,21,主观题,,整题,MAYBE,完整题-有E1,E1,逐题已匹配正式评分材料,,不明,2026-09-24-attribution-v3
BJ-2026-XC-QIMO-Q5,BJ-2026-XC-QIMO-Q5,BJ-2026-XC-QIMO-Q5,BJ-2026-XC-QIMO,5,选择题,,整题,MAYBE,完整题-选择题照收,E3,该题正式评分材料候选存在候选/存在冲突，未确认匹配，不下判（同时已有匹配参考答案，选择题按E3计，正式评分材料候选仍待核实）,,不明,2026-09-24-attribution-v3
BJ-2026-XC-QIMO-Q6,BJ-2026-XC-QIMO-Q6,BJ-2026-XC-QIMO-Q6,BJ-2026-XC-QIMO,6,选择题,,整题,MAYBE,完整题-选择题照收,E3,该题正式评分材料候选存在候选/存在冲突，未确认匹配，不下判（同时已有匹配参考答案，选择题按E3计，正式评分材料候选仍待核实）,,不明,2026-09-24-attribution-v3
BJ-2026-XC-QIMO-Q7,BJ-2026-XC-QIMO-Q7,BJ-2026-XC-QIMO-Q7,BJ-2026-XC-QIMO,7,选择题,,整题,MAYBE,完整题-选择题照收,E3,该题正式评分材料候选存在候选/存在冲突，未确认匹配，不下判（同时已有匹配参考答案，选择题按E3计，正式评分材料候选仍待核实）,,不明,2026-09-24-attribution-v3
BJ-2026-XC-QIMO-Q10,BJ-2026-XC-QIMO-Q10,BJ-2026-XC-QIMO-Q10,BJ-2026-XC-QIMO,10,选择题,,整题,MAYBE,完整题-选择题照收,E3,该题正式评分材料候选存在候选/存在冲突，未确认匹配，不下判（同时已有匹配参考答案，选择题按E3计，正式评分材料候选仍待核实）,,不明,2026-09-24-attribution-v3
BJ-2026-XC-QIMO-Q11,BJ-2026-XC-QIMO-Q11,BJ-2026-XC-QIMO-Q11,BJ-2026-XC-QIMO,11,选择题,,整题,MAYBE,完整题-选择题照收,E3,该题正式评分材料候选存在候选/存在冲突，未确认匹配，不下判（同时已有匹配参考答案，选择题按E3计，正式评分材料候选仍待核实）,,倾向,2026-09-24-attribution-v3
BJ-2026-XC-QIMO-Q12,BJ-2026-XC-QIMO-Q12,BJ-2026-XC-QIMO-Q12,BJ-2026-XC-QIMO,12,选择题,,整题,MAYBE,完整题-选择题照收,E3,该题正式评分材料候选存在候选/存在冲突，未确认匹配，不下判（同时已有匹配参考答案，选择题按E3计，正式评分材料候选仍待核实）,,不明,2026-09-24-attribution-v3
BJ-2026-XC-QIMO-Q13,BJ-2026-XC-QIMO-Q13,BJ-2026-XC-QIMO-Q13,BJ-2026-XC-QIMO,13,选择题,,整题,MAYBE,完整题-选择题照收,E3,该题正式评分材料候选存在候选/存在冲突，未确认匹配，不下判（同时已有匹配参考答案，选择题按E3计，正式评分材料候选仍待核实）,,不明,2026-09-24-attribution-v3
BJ-2026-XC-QIMO-Q14,BJ-2026-XC-QIMO-Q14,BJ-2026-XC-QIMO-Q14,BJ-2026-XC-QIMO,14,选择题,,整题,MAYBE,完整题-选择题照收,E3,该题正式评分材料候选存在候选/存在冲突，未确认匹配，不下判（同时已有匹配参考答案，选择题按E3计，正式评分材料候选仍待核实）,,倾向,2026-09-24-attribution-v3
BJ-2026-TZ-QIMO-Q16,BJ-2026-TZ-QIMO-Q16,BJ-2026-TZ-QIMO-Q16,BJ-2026-TZ-QIMO,16,主观题,,整题,MAYBE,完整题-有E1,E1,逐题已匹配正式评分材料,B1:rubric_unreadable_not_OUT;B2:rubric_unreadable_not_OUT;B3:rubric_unreadable_not_OUT;MI:rubric_unreadable_not_OUT;RE:rubric_unreadable_not_OUT,倾向,2026-09-24-attribution-v3
BJ-2026-TZ-QIMO-Q20,BJ-2026-TZ-QIMO-Q20,BJ-2026-TZ-QIMO-Q20,BJ-2026-TZ-QIMO,20,主观题,,整题,MAYBE,完整题-有E1,E1,逐题已匹配正式评分材料,,不明,2026-09-24-attribution-v3
BJ-2026-TZ-QIMO-Q21,BJ-2026-TZ-QIMO-Q21,BJ-2026-TZ-QIMO-Q21,BJ-2026-TZ-QIMO,21,主观题,,整题,MAYBE,完整题-有E1,E1,逐题已匹配正式评分材料,,不明,2026-09-24-attribution-v3
BJ-2026-TZ-QIMO-Q5,BJ-2026-TZ-QIMO-Q5,BJ-2026-TZ-QIMO-Q5,BJ-2026-TZ-QIMO,5,选择题,,整题,MAYBE,完整题-选择题照收,答案键来源未核实(候选未确认),该题正式评分材料候选存在候选/存在冲突，未确认匹配，不下判,,不明,2026-09-24-attribution-v3
BJ-2026-TZ-QIMO-Q6,BJ-2026-TZ-QIMO-Q6,BJ-2026-TZ-QIMO-Q6,BJ-2026-TZ-QIMO,6,选择题,,整题,MAYBE,完整题-选择题照收,答案键来源未核实(候选未确认),该题正式评分材料候选存在候选/存在冲突，未确认匹配，不下判,,不明,2026-09-24-attribution-v3
BJ-2026-TZ-QIMO-Q7,BJ-2026-TZ-QIMO-Q7,BJ-2026-TZ-QIMO-Q7,BJ-2026-TZ-QIMO,7,选择题,,整题,MAYBE,完整题-选择题照收,答案键来源未核实(候选未确认),该题正式评分材料候选存在候选/存在冲突，未确认匹配，不下判,,不明,2026-09-24-attribution-v3
BJ-2026-TZ-QIMO-Q8,BJ-2026-TZ-QIMO-Q8,BJ-2026-TZ-QIMO-Q8,BJ-2026-TZ-QIMO,8,选择题,,整题,MAYBE,完整题-选择题照收,答案键来源未核实(候选未确认),该题正式评分材料候选存在候选/存在冲突，未确认匹配，不下判,,不明,2026-09-24-attribution-v3
BJ-2026-TZ-QIMO-Q9,BJ-2026-TZ-QIMO-Q9,BJ-2026-TZ-QIMO-Q9,BJ-2026-TZ-QIMO,9,选择题,,整题,MAYBE,完整题-选择题照收,答案键来源未核实(候选未确认),该题正式评分材料候选存在候选/存在冲突，未确认匹配，不下判,,不明,2026-09-24-attribution-v3
BJ-2026-TZ-QIMO-Q12,BJ-2026-TZ-QIMO-Q12,BJ-2026-TZ-QIMO-Q12,BJ-2026-TZ-QIMO,12,选择题,,整题,MAYBE,完整题-选择题照收,答案键来源未核实(候选未确认),该题正式评分材料候选存在候选/存在冲突，未确认匹配，不下判,,不明,2026-09-24-attribution-v3
BJ-2026-TZ-QIMO-Q13,BJ-2026-TZ-QIMO-Q13,BJ-2026-TZ-QIMO-Q13,BJ-2026-TZ-QIMO,13,选择题,,整题,MAYBE,完整题-选择题照收,答案键来源未核实(候选未确认),该题正式评分材料候选存在候选/存在冲突，未确认匹配，不下判,,不明,2026-09-24-attribution-v3
BJ-2026-TZ-QIMO-Q14,BJ-2026-TZ-QIMO-Q14,BJ-2026-TZ-QIMO-Q14,BJ-2026-TZ-QIMO,14,选择题,,整题,MAYBE,完整题-选择题照收,答案键来源未核实(候选未确认),该题正式评分材料候选存在候选/存在冲突，未确认匹配，不下判,,倾向,2026-09-24-attribution-v3
BJ-2026-TZ-QIMO-Q15,BJ-2026-TZ-QIMO-Q15,BJ-2026-TZ-QIMO-Q15,BJ-2026-TZ-QIMO,15,选择题,,整题,MAYBE,完整题-选择题照收,答案键来源未核实(候选未确认),该题正式评分材料候选存在候选/存在冲突，未确认匹配，不下判,,倾向,2026-09-24-attribution-v3
BJ-2026-SJS-QIMO-Q16,BJ-2026-SJS-QIMO-Q16,BJ-2026-SJS-QIMO-Q16,BJ-2026-SJS-QIMO,16,主观题,,整题,MAYBE,收-具名例外,具名例外,具名例外:whole_exam_e3only | exams.csv BJ-2026-SJS-QIMO 行 notes 原话：Q1-Q20按2026石景山期末具名无正式细则例外使用E3（题库自身登记）; project-constitution.md:50 全项目当前只有2024顺义二模、2026石景山期末和2026北京高考三份具名试卷属于整卷无正式评分细则例外; book-philosophy.md:30、book-culture.md 书末E3例外段均列2026石景山期末,B1:rubric_unreadable_not_OUT;PH:rubric_unreadable_not_OUT;CU:rubric_unreadable_not_OUT;X1:rubric_unreadable_not_OUT;MI:rubric_unreadable_not_OUT;RE:rubric_unreadable_not_OUT,倾向,2026-09-24-attribution-v3
BJ-2026-SJS-QIMO-Q17,BJ-2026-SJS-QIMO-Q17,BJ-2026-SJS-QIMO-Q17,BJ-2026-SJS-QIMO,17,主观题,,整题,MAYBE,收-具名例外,具名例外,具名例外:whole_exam_e3only | exams.csv BJ-2026-SJS-QIMO 行 notes 原话：Q1-Q20按2026石景山期末具名无正式细则例外使用E3（题库自身登记）; project-constitution.md:50 全项目当前只有2024顺义二模、2026石景山期末和2026北京高考三份具名试卷属于整卷无正式评分细则例外; book-philosophy.md:30、book-culture.md 书末E3例外段均列2026石景山期末,,不明,2026-09-24-attribution-v3
BJ-2026-SJS-QIMO-Q18#1,BJ-2026-SJS-QIMO-Q18,BJ-2026-SJS-QIMO-Q18,BJ-2026-SJS-QIMO,18,主观题,1,小问,MAYBE,收-具名例外,具名例外,具名例外:whole_exam_e3only | exams.csv BJ-2026-SJS-QIMO 行 notes 原话：Q1-Q20按2026石景山期末具名无正式细则例外使用E3（题库自身登记）; project-constitution.md:50 全项目当前只有2024顺义二模、2026石景山期末和2026北京高考三份具名试卷属于整卷无正式评分细则例外; book-philosophy.md:30、book-culture.md 书末E3例外段均列2026石景山期末,,倾向,2026-09-24-attribution-v3
BJ-2026-SJS-QIMO-Q18#2,BJ-2026-SJS-QIMO-Q18,BJ-2026-SJS-QIMO-Q18,BJ-2026-SJS-QIMO,18,主观题,2,小问,MAYBE,收-具名例外,具名例外,具名例外:whole_exam_e3only | exams.csv BJ-2026-SJS-QIMO 行 notes 原话：Q1-Q20按2026石景山期末具名无正式细则例外使用E3（题库自身登记）; project-constitution.md:50 全项目当前只有2024顺义二模、2026石景山期末和2026北京高考三份具名试卷属于整卷无正式评分细则例外; book-philosophy.md:30、book-culture.md 书末E3例外段均列2026石景山期末,,倾向,2026-09-24-attribution-v3
BJ-2026-SJS-QIMO-Q20#1,BJ-2026-SJS-QIMO-Q20,BJ-2026-SJS-QIMO-Q20,BJ-2026-SJS-QIMO,20,主观题,1,小问,MAYBE,收-具名例外,具名例外,具名例外:whole_exam_e3only | exams.csv BJ-2026-SJS-QIMO 行 notes 原话：Q1-Q20按2026石景山期末具名无正式细则例外使用E3（题库自身登记）; project-constitution.md:50 全项目当前只有2024顺义二模、2026石景山期末和2026北京高考三份具名试卷属于整卷无正式评分细则例外; book-philosophy.md:30、book-culture.md 书末E3例外段均列2026石景山期末,,不明,2026-09-24-attribution-v3
BJ-2026-SJS-QIMO-Q20#2,BJ-2026-SJS-QIMO-Q20,BJ-2026-SJS-QIMO-Q20,BJ-2026-SJS-QIMO,20,主观题,2,小问,MAYBE,收-具名例外,具名例外,具名例外:whole_exam_e3only | exams.csv BJ-2026-SJS-QIMO 行 notes 原话：Q1-Q20按2026石景山期末具名无正式细则例外使用E3（题库自身登记）; project-constitution.md:50 全项目当前只有2024顺义二模、2026石景山期末和2026北京高考三份具名试卷属于整卷无正式评分细则例外; book-philosophy.md:30、book-culture.md 书末E3例外段均列2026石景山期末,,不明,2026-09-24-attribution-v3
BJ-2026-SJS-QIMO-Q5,BJ-2026-SJS-QIMO-Q5,BJ-2026-SJS-QIMO-Q5,BJ-2026-SJS-QIMO,5,选择题,,整题,MAYBE,收-具名例外,具名例外,具名例外:whole_exam_e3only | exams.csv BJ-2026-SJS-QIMO 行 notes 原话：Q1-Q20按2026石景山期末具名无正式细则例外使用E3（题库自身登记）; project-constitution.md:50 全项目当前只有2024顺义二模、2026石景山期末和2026北京高考三份具名试卷属于整卷无正式评分细则例外; book-philosophy.md:30、book-culture.md 书末E3例外段均列2026石景山期末,,不明,2026-09-24-attribution-v3
BJ-2026-SJS-QIMO-Q6,BJ-2026-SJS-QIMO-Q6,BJ-2026-SJS-QIMO-Q6,BJ-2026-SJS-QIMO,6,选择题,,整题,MAYBE,收-具名例外,具名例外,具名例外:whole_exam_e3only | exams.csv BJ-2026-SJS-QIMO 行 notes 原话：Q1-Q20按2026石景山期末具名无正式细则例外使用E3（题库自身登记）; project-constitution.md:50 全项目当前只有2024顺义二模、2026石景山期末和2026北京高考三份具名试卷属于整卷无正式评分细则例外; book-philosophy.md:30、book-culture.md 书末E3例外段均列2026石景山期末,,不明,2026-09-24-attribution-v3
BJ-2026-SJS-QIMO-Q7,BJ-2026-SJS-QIMO-Q7,BJ-2026-SJS-QIMO-Q7,BJ-2026-SJS-QIMO,7,选择题,,整题,MAYBE,收-具名例外,具名例外,具名例外:whole_exam_e3only | exams.csv BJ-2026-SJS-QIMO 行 notes 原话：Q1-Q20按2026石景山期末具名无正式细则例外使用E3（题库自身登记）; project-constitution.md:50 全项目当前只有2024顺义二模、2026石景山期末和2026北京高考三份具名试卷属于整卷无正式评分细则例外; book-philosophy.md:30、book-culture.md 书末E3例外段均列2026石景山期末,,不明,2026-09-24-attribution-v3
BJ-2026-SJS-QIMO-Q8,BJ-2026-SJS-QIMO-Q8,BJ-2026-SJS-QIMO-Q8,BJ-2026-SJS-QIMO,8,选择题,,整题,MAYBE,收-具名例外,具名例外,具名例外:whole_exam_e3only | exams.csv BJ-2026-SJS-QIMO 行 notes 原话：Q1-Q20按2026石景山期末具名无正式细则例外使用E3（题库自身登记）; project-constitution.md:50 全项目当前只有2024顺义二模、2026石景山期末和2026北京高考三份具名试卷属于整卷无正式评分细则例外; book-philosophy.md:30、book-culture.md 书末E3例外段均列2026石景山期末,,不明,2026-09-24-attribution-v3
BJ-2026-SJS-QIMO-Q9,BJ-2026-SJS-QIMO-Q9,BJ-2026-SJS-QIMO-Q9,BJ-2026-SJS-QIMO,9,选择题,,整题,MAYBE,收-具名例外,具名例外,具名例外:whole_exam_e3only | exams.csv BJ-2026-SJS-QIMO 行 notes 原话：Q1-Q20按2026石景山期末具名无正式细则例外使用E3（题库自身登记）; project-constitution.md:50 全项目当前只有2024顺义二模、2026石景山期末和2026北京高考三份具名试卷属于整卷无正式评分细则例外; book-philosophy.md:30、book-culture.md 书末E3例外段均列2026石景山期末,,不明,2026-09-24-attribution-v3
BJ-2026-SJS-QIMO-Q10,BJ-2026-SJS-QIMO-Q10,BJ-2026-SJS-QIMO-Q10,BJ-2026-SJS-QIMO,10,选择题,,整题,MAYBE,收-具名例外,具名例外,具名例外:whole_exam_e3only | exams.csv BJ-2026-SJS-QIMO 行 notes 原话：Q1-Q20按2026石景山期末具名无正式细则例外使用E3（题库自身登记）; project-constitution.md:50 全项目当前只有2024顺义二模、2026石景山期末和2026北京高考三份具名试卷属于整卷无正式评分细则例外; book-philosophy.md:30、book-culture.md 书末E3例外段均列2026石景山期末,,不明,2026-09-24-attribution-v3
BJ-2026-SJS-QIMO-Q11,BJ-2026-SJS-QIMO-Q11,BJ-2026-SJS-QIMO-Q11,BJ-2026-SJS-QIMO,11,选择题,,整题,MAYBE,收-具名例外,具名例外,具名例外:whole_exam_e3only | exams.csv BJ-2026-SJS-QIMO 行 notes 原话：Q1-Q20按2026石景山期末具名无正式细则例外使用E3（题库自身登记）; project-constitution.md:50 全项目当前只有2024顺义二模、2026石景山期末和2026北京高考三份具名试卷属于整卷无正式评分细则例外; book-philosophy.md:30、book-culture.md 书末E3例外段均列2026石景山期末,,倾向,2026-09-24-attribution-v3
BJ-2026-SJS-QIMO-Q12,BJ-2026-SJS-QIMO-Q12,BJ-2026-SJS-QIMO-Q12,BJ-2026-SJS-QIMO,12,选择题,,整题,MAYBE,收-具名例外,具名例外,具名例外:whole_exam_e3only | exams.csv BJ-2026-SJS-QIMO 行 notes 原话：Q1-Q20按2026石景山期末具名无正式细则例外使用E3（题库自身登记）; project-constitution.md:50 全项目当前只有2024顺义二模、2026石景山期末和2026北京高考三份具名试卷属于整卷无正式评分细则例外; book-philosophy.md:30、book-culture.md 书末E3例外段均列2026石景山期末,,不明,2026-09-24-attribution-v3
BJ-2024-BJ-GAOKAO-Q3,BJ-2024-BJ-GAOKAO-Q3,BJ-2024-BJ-GAOKAO-Q3,BJ-2024-BJ-GAOKAO,3,选择题,,整题,MAYBE,完整题-选择题照收,E3,逐题已匹配参考答案,,不明,2026-09-24-attribution-v3
BJ-2024-BJ-GAOKAO-Q8,BJ-2024-BJ-GAOKAO-Q8,BJ-2024-BJ-GAOKAO-Q8,BJ-2024-BJ-GAOKAO,8,选择题,,整题,MAYBE,完整题-选择题照收,E3,逐题已匹配参考答案,"关联但不合并(疑似跨卷复用/串题,非duplicate_registration_alias):dup_of=BJ-2022-BJ-GAOKAO-Q8",不明,2026-09-24-attribution-v3
BJ-2024-BJ-GAOKAO-Q9,BJ-2024-BJ-GAOKAO-Q9,BJ-2024-BJ-GAOKAO-Q9,BJ-2024-BJ-GAOKAO,9,选择题,,整题,MAYBE,完整题-选择题照收,E3,逐题已匹配参考答案,"关联但不合并(疑似跨卷复用/串题,非duplicate_registration_alias):dup_of=BJ-2022-BJ-GAOKAO-Q9",不明,2026-09-24-attribution-v3
BJ-2024-BJ-GAOKAO-Q11,BJ-2024-BJ-GAOKAO-Q11,BJ-2024-BJ-GAOKAO-Q11,BJ-2024-BJ-GAOKAO,11,选择题,,整题,MAYBE,完整题-选择题照收,E3,逐题已匹配参考答案,,倾向,2026-09-24-attribution-v3
BJ-2024-BJ-GAOKAO-Q13,BJ-2024-BJ-GAOKAO-Q13,BJ-2024-BJ-GAOKAO-Q13,BJ-2024-BJ-GAOKAO,13,选择题,,整题,MAYBE,完整题-选择题照收,E3,逐题已匹配参考答案,"关联但不合并(疑似跨卷复用/串题,非duplicate_registration_alias):dup_of=BJ-2022-BJ-GAOKAO-Q13",倾向,2026-09-24-attribution-v3
BJ-2024-BJ-GAOKAO-Q14,BJ-2024-BJ-GAOKAO-Q14,BJ-2024-BJ-GAOKAO-Q14,BJ-2024-BJ-GAOKAO,14,选择题,,整题,MAYBE,完整题-选择题照收,E3,逐题已匹配参考答案,,不明,2026-09-24-attribution-v3
BJ-2024-BJ-GAOKAO-Q19,BJ-2024-BJ-GAOKAO-Q19,BJ-2024-BJ-GAOKAO-Q19,BJ-2024-BJ-GAOKAO,19,主观题,,整题,MAYBE,完整题-有E1,E1,具名核实-题库线缺口(rubric_links未收录，用户已核实为E1) | source-inventory.md:102 用户2026-09-22确认《2024年北京市高考政治试题分析(1)》【细则】为2024高考正式细则，按E1使用，不得因标题是'试题分析'降为教研候选；题库旧索引把2024北京高考记作无细则，属题库线待修（由题库负责人处理）。,,不明,2026-09-24-attribution-v3
BJ-2024-BJ-GAOKAO-Q21#1,BJ-2024-BJ-GAOKAO-Q21,BJ-2024-BJ-GAOKAO-Q21,BJ-2024-BJ-GAOKAO,21,主观题,1,小问,MAYBE,完整题-有E1,E1,具名核实-题库线缺口(rubric_links未收录，用户已核实为E1) | source-inventory.md:102 用户2026-09-22确认《2024年北京市高考政治试题分析(1)》【细则】为2024高考正式细则，按E1使用，不得因标题是'试题分析'降为教研候选；题库旧索引把2024北京高考记作无细则，属题库线待修（由题库负责人处理）。,,不明,2026-09-24-attribution-v3
BJ-2024-BJ-GAOKAO-Q21#2,BJ-2024-BJ-GAOKAO-Q21,BJ-2024-BJ-GAOKAO-Q21,BJ-2024-BJ-GAOKAO,21,主观题,2,小问,MAYBE,完整题-有E1,E1,具名核实-题库线缺口(rubric_links未收录，用户已核实为E1) | source-inventory.md:102 用户2026-09-22确认《2024年北京市高考政治试题分析(1)》【细则】为2024高考正式细则，按E1使用，不得因标题是'试题分析'降为教研候选；题库旧索引把2024北京高考记作无细则，属题库线待修（由题库负责人处理）。,,不明,2026-09-24-attribution-v3
BJ-2025-BJ-GAOKAO-Q16,BJ-2025-BJ-GAOKAO-Q16,BJ-2025-BJ-GAOKAO-Q16,BJ-2025-BJ-GAOKAO,16,主观题,,整题,MAYBE,待裁决-证据未核实,待裁决-证据未核实候选,该题正式评分材料候选存在候选/存在冲突，未确认匹配，不下判,,倾向,2026-09-24-attribution-v3
BJ-2025-BJ-GAOKAO-Q17,BJ-2025-BJ-GAOKAO-Q17,BJ-2025-BJ-GAOKAO-Q17,BJ-2025-BJ-GAOKAO,17,主观题,,整题,MAYBE,待裁决-证据未核实,待裁决-证据未核实候选,该题正式评分材料候选存在候选/存在冲突，未确认匹配，不下判,,不明,2026-09-24-attribution-v3
BJ-2025-BJ-GAOKAO-Q18#2,BJ-2025-BJ-GAOKAO-Q18,BJ-2025-BJ-GAOKAO-Q18,BJ-2025-BJ-GAOKAO,18,主观题,2,小问,MAYBE,待裁决-证据未核实,待裁决-证据未核实候选,该题正式评分材料候选存在候选/存在冲突，未确认匹配，不下判,,不明,2026-09-24-attribution-v3
BJ-2025-BJ-GAOKAO-Q21#1,BJ-2025-BJ-GAOKAO-Q21,BJ-2025-BJ-GAOKAO-Q21,BJ-2025-BJ-GAOKAO,21,主观题,1,小问,MAYBE,待裁决-证据未核实,待裁决-证据未核实候选,该题正式评分材料候选存在候选/存在冲突，未确认匹配，不下判,"关联但不合并(疑似跨卷复用/串题,非duplicate_registration_alias):dup_of=BJ-2026-FT-ERMO-Q22",不明,2026-09-24-attribution-v3
BJ-2025-BJ-GAOKAO-Q21#2,BJ-2025-BJ-GAOKAO-Q21,BJ-2025-BJ-GAOKAO-Q21,BJ-2025-BJ-GAOKAO,21,主观题,2,小问,MAYBE,待裁决-证据未核实,待裁决-证据未核实候选,该题正式评分材料候选存在候选/存在冲突，未确认匹配，不下判,"关联但不合并(疑似跨卷复用/串题,非duplicate_registration_alias):dup_of=BJ-2026-FT-ERMO-Q22",不明,2026-09-24-attribution-v3
BJ-2025-BJ-GAOKAO-Q7,BJ-2025-BJ-GAOKAO-Q7,BJ-2025-BJ-GAOKAO-Q7,BJ-2025-BJ-GAOKAO,7,选择题,,整题,MAYBE,完整题-选择题照收,E3,该题正式评分材料候选存在候选/存在冲突，未确认匹配，不下判（同时已有匹配参考答案，选择题按E3计，正式评分材料候选仍待核实）,,不明,2026-09-24-attribution-v3
BJ-2025-BJ-GAOKAO-Q8,BJ-2025-BJ-GAOKAO-Q8,BJ-2025-BJ-GAOKAO-Q8,BJ-2025-BJ-GAOKAO,8,选择题,,整题,MAYBE,完整题-选择题照收,E3,该题正式评分材料候选存在候选/存在冲突，未确认匹配，不下判（同时已有匹配参考答案，选择题按E3计，正式评分材料候选仍待核实）,,不明,2026-09-24-attribution-v3
BJ-2025-BJ-GAOKAO-Q9,BJ-2025-BJ-GAOKAO-Q9,BJ-2025-BJ-GAOKAO-Q9,BJ-2025-BJ-GAOKAO,9,选择题,,整题,MAYBE,完整题-选择题照收,E3,该题正式评分材料候选存在候选/存在冲突，未确认匹配，不下判（同时已有匹配参考答案，选择题按E3计，正式评分材料候选仍待核实）,,不明,2026-09-24-attribution-v3
BJ-2025-BJ-GAOKAO-Q11,BJ-2025-BJ-GAOKAO-Q11,BJ-2025-BJ-GAOKAO-Q11,BJ-2025-BJ-GAOKAO,11,选择题,,整题,MAYBE,完整题-选择题照收,E3,该题正式评分材料候选存在候选/存在冲突，未确认匹配，不下判（同时已有匹配参考答案，选择题按E3计，正式评分材料候选仍待核实）,,倾向,2026-09-24-attribution-v3
BJ-2025-BJ-GAOKAO-Q13,BJ-2025-BJ-GAOKAO-Q13,BJ-2025-BJ-GAOKAO-Q13,BJ-2025-BJ-GAOKAO,13,选择题,,整题,MAYBE,完整题-选择题照收,E3,该题正式评分材料候选存在候选/存在冲突，未确认匹配，不下判（同时已有匹配参考答案，选择题按E3计，正式评分材料候选仍待核实）,,倾向,2026-09-24-attribution-v3
BJ-2025-BJ-GAOKAO-Q14,BJ-2025-BJ-GAOKAO-Q14,BJ-2025-BJ-GAOKAO-Q14,BJ-2025-BJ-GAOKAO,14,选择题,,整题,MAYBE,完整题-选择题照收,E3,该题正式评分材料候选存在候选/存在冲突，未确认匹配，不下判（同时已有匹配参考答案，选择题按E3计，正式评分材料候选仍待核实）,,倾向,2026-09-24-attribution-v3
BJ-2026-BJ-GAOKAO-Q3,BJ-2026-BJ-GAOKAO-Q3,BJ-2026-BJ-GAOKAO-Q3,BJ-2026-BJ-GAOKAO,3,选择题,,整题,MAYBE,完整题-选择题照收,E3,该题正式评分材料候选存在候选/存在冲突，未确认匹配，不下判（同时已有匹配参考答案，选择题按E3计，正式评分材料候选仍待核实）,,不明,2026-09-24-attribution-v3
BJ-2026-BJ-GAOKAO-Q4,BJ-2026-BJ-GAOKAO-Q4,BJ-2026-BJ-GAOKAO-Q4,BJ-2026-BJ-GAOKAO,4,选择题,,整题,MAYBE,完整题-选择题照收,E1,逐题已匹配正式评分材料,,不明,2026-09-24-attribution-v3
BJ-2026-BJ-GAOKAO-Q16,BJ-2026-BJ-GAOKAO-Q16,BJ-2026-BJ-GAOKAO-Q16,BJ-2026-BJ-GAOKAO,16,主观题,,整题,MAYBE,收-具名例外,具名例外,具名例外:whole_exam_no_rubric | project-constitution.md:13 special_override：2026-08-22 用户明确宣布 2026 北京高考为第三套整卷无正式细则例外; project-constitution.md:50 全项目当前只有2024顺义二模、2026石景山期末和用户于2026-08-22明确特批的2026北京高考三份具名试卷属于整卷无正式评分细则例外,,不明,2026-09-24-attribution-v3
BJ-2026-BJ-GAOKAO-Q17,BJ-2026-BJ-GAOKAO-Q17,BJ-2026-BJ-GAOKAO-Q17,BJ-2026-BJ-GAOKAO,17,主观题,,整题,MAYBE,收-具名例外,具名例外,具名例外:whole_exam_no_rubric | project-constitution.md:13 special_override：2026-08-22 用户明确宣布 2026 北京高考为第三套整卷无正式细则例外; project-constitution.md:50 全项目当前只有2024顺义二模、2026石景山期末和用户于2026-08-22明确特批的2026北京高考三份具名试卷属于整卷无正式评分细则例外,,倾向,2026-09-24-attribution-v3
BJ-2026-BJ-GAOKAO-Q19,BJ-2026-BJ-GAOKAO-Q19,BJ-2026-BJ-GAOKAO-Q19,BJ-2026-BJ-GAOKAO,19,主观题,,整题,MAYBE,收-具名例外,具名例外,具名例外:whole_exam_no_rubric | project-constitution.md:13 special_override：2026-08-22 用户明确宣布 2026 北京高考为第三套整卷无正式细则例外; project-constitution.md:50 全项目当前只有2024顺义二模、2026石景山期末和用户于2026-08-22明确特批的2026北京高考三份具名试卷属于整卷无正式评分细则例外,,不明,2026-09-24-attribution-v3
BJ-2026-BJ-GAOKAO-Q21,BJ-2026-BJ-GAOKAO-Q21,BJ-2026-BJ-GAOKAO-Q21,BJ-2026-BJ-GAOKAO,21,主观题,,整题,MAYBE,收-具名例外,具名例外,具名例外:whole_exam_no_rubric | project-constitution.md:13 special_override：2026-08-22 用户明确宣布 2026 北京高考为第三套整卷无正式细则例外; project-constitution.md:50 全项目当前只有2024顺义二模、2026石景山期末和用户于2026-08-22明确特批的2026北京高考三份具名试卷属于整卷无正式评分细则例外,,不明,2026-09-24-attribution-v3
BJ-2026-BJ-GAOKAO-Q5,BJ-2026-BJ-GAOKAO-Q5,BJ-2026-BJ-GAOKAO-Q5,BJ-2026-BJ-GAOKAO,5,选择题,,整题,MAYBE,完整题-选择题照收,E3,该题正式评分材料候选存在候选/存在冲突，未确认匹配，不下判（同时已有匹配参考答案，选择题按E3计，正式评分材料候选仍待核实）,,不明,2026-09-24-attribution-v3
BJ-2026-BJ-GAOKAO-Q9,BJ-2026-BJ-GAOKAO-Q9,BJ-2026-BJ-GAOKAO-Q9,BJ-2026-BJ-GAOKAO,9,选择题,,整题,MAYBE,完整题-选择题照收,E3,该题正式评分材料候选存在候选/存在冲突，未确认匹配，不下判（同时已有匹配参考答案，选择题按E3计，正式评分材料候选仍待核实）,,不明,2026-09-24-attribution-v3
BJ-2026-BJ-GAOKAO-Q11,BJ-2026-BJ-GAOKAO-Q11,BJ-2026-BJ-GAOKAO-Q11,BJ-2026-BJ-GAOKAO,11,选择题,,整题,MAYBE,完整题-选择题照收,答案键来源未核实(候选未确认),该题正式评分材料候选存在候选/存在冲突，未确认匹配，不下判,,倾向,2026-09-24-attribution-v3
BJ-2026-BJ-GAOKAO-Q13,BJ-2026-BJ-GAOKAO-Q13,BJ-2026-BJ-GAOKAO-Q13,BJ-2026-BJ-GAOKAO,13,选择题,,整题,MAYBE,完整题-选择题照收,E3,该题正式评分材料候选存在候选/存在冲突，未确认匹配，不下判（同时已有匹配参考答案，选择题按E3计，正式评分材料候选仍待核实）,,倾向,2026-09-24-attribution-v3
BJ-2026-BJ-GAOKAO-Q14,BJ-2026-BJ-GAOKAO-Q14,BJ-2026-BJ-GAOKAO-Q14,BJ-2026-BJ-GAOKAO,14,选择题,,整题,MAYBE,完整题-选择题照收,E3,该题正式评分材料候选存在候选/存在冲突，未确认匹配，不下判（同时已有匹配参考答案，选择题按E3计，正式评分材料候选仍待核实）,,倾向,2026-09-24-attribution-v3
BJ-2026-FT-YIMO-Q5,BJ-2026-FT-YIMO-Q5,BJ-2026-FT-YIMO-Q5,BJ-2026-FT-YIMO,5,选择题,,整题,MAYBE,完整题-选择题照收,缺答案键,"未在rubric_links.csv找到该题任何行(未核实,不是已确认无)",,不明,2026-09-24-attribution-v3
BJ-2026-FT-YIMO-Q14,BJ-2026-FT-YIMO-Q14,BJ-2026-FT-YIMO-Q14,BJ-2026-FT-YIMO,14,选择题,,整题,MAYBE,完整题-选择题照收,缺答案键,"未在rubric_links.csv找到该题任何行(未核实,不是已确认无)",,不明,2026-09-24-attribution-v3
BJ-2023-XC-ERMO-Q7,BJ-2023-XC-ERMO-Q7,BJ-2023-XC-ERMO-Q7,BJ-2023-XC-ERMO,7,选择题,,整题,MAYBE,完整题-选择题照收,缺答案键,"未在rubric_links.csv找到该题任何行(未核实,不是已确认无)",,不明,2026-09-24-attribution-v3
BJ-2023-XC-ERMO-Q14,BJ-2023-XC-ERMO-Q14,BJ-2023-XC-ERMO-Q14,BJ-2023-XC-ERMO,14,选择题,,整题,MAYBE,完整题-选择题照收,缺答案键,"未在rubric_links.csv找到该题任何行(未核实,不是已确认无)",,不明,2026-09-24-attribution-v3
BJ-2024-XC-ERMO-Q4,BJ-2024-XC-ERMO-Q4,BJ-2024-XC-ERMO-Q4,BJ-2024-XC-ERMO,4,选择题,,整题,MAYBE,完整题-选择题照收,缺答案键,"未在rubric_links.csv找到该题任何行(未核实,不是已确认无)",,不明,2026-09-24-attribution-v3
BJ-2026-SJS-QIMO-Q15,BJ-2026-SJS-QIMO-Q15,BJ-2026-SJS-QIMO-Q15,BJ-2026-SJS-QIMO,15,选择题,,整题,MAYBE,收-具名例外,具名例外,具名例外:whole_exam_e3only | exams.csv BJ-2026-SJS-QIMO 行 notes 原话：Q1-Q20按2026石景山期末具名无正式细则例外使用E3（题库自身登记）; project-constitution.md:50 全项目当前只有2024顺义二模、2026石景山期末和2026北京高考三份具名试卷属于整卷无正式评分细则例外; book-philosophy.md:30、book-culture.md 书末E3例外段均列2026石景山期末,,不明,2026-09-24-attribution-v3
BJ-2024-XC-YIMO-Q5,BJ-2024-XC-YIMO-Q5,BJ-2024-XC-YIMO-Q5,BJ-2024-XC-YIMO,5,选择题,,整题,MAYBE,完整题-选择题照收,缺答案键,"未在rubric_links.csv找到该题任何行(未核实,不是已确认无)",,不明,2026-09-24-attribution-v3
BJ-2026-XC-QIMO-Q15,BJ-2026-XC-QIMO-Q15,BJ-2026-XC-QIMO-Q15,BJ-2026-XC-QIMO,15,选择题,,整题,MAYBE,完整题-选择题照收,缺答案键,"未在rubric_links.csv找到该题任何行(未核实,不是已确认无)",,不明,2026-09-24-attribution-v3
BJ-2024-SY-ERMO-Q17,BJ-2024-SY-ERMO-Q17,BJ-2024-SY-ERMO-Q17,BJ-2024-SY-ERMO,17,主观题,,整题,MAYBE,收-具名例外,具名例外,具名例外:whole_exam_e3only | project-constitution.md:50 全项目当前只有2024顺义二模、2026石景山期末和2026北京高考三份具名试卷属于整卷无正式评分细则例外; exams.csv BJ-2024-SY-ERMO 行 notes 原话：独立E3参考答案，非E1; book-philosophy.md:30 书末例外严格限于2024顺义二模两题与2026石景山期末两题（该书目前只实际使用两题，不代表证据资格只有两题——证据资格按project-constitution:50为整卷）; book-culture.md 书末E3例外段：书末E3例外仍只允许2024顺义二模和2026石景山期末（同上，书用法与证据资格是两层）,,不明,2026-09-24-attribution-v3
BJ-2024-SY-ERMO-Q19#2,BJ-2024-SY-ERMO-Q19,BJ-2024-SY-ERMO-Q19,BJ-2024-SY-ERMO,19,主观题,2,小问,MAYBE,收-具名例外,具名例外,具名例外:whole_exam_e3only | project-constitution.md:50 全项目当前只有2024顺义二模、2026石景山期末和2026北京高考三份具名试卷属于整卷无正式评分细则例外; exams.csv BJ-2024-SY-ERMO 行 notes 原话：独立E3参考答案，非E1; book-philosophy.md:30 书末例外严格限于2024顺义二模两题与2026石景山期末两题（该书目前只实际使用两题，不代表证据资格只有两题——证据资格按project-constitution:50为整卷）; book-culture.md 书末E3例外段：书末E3例外仍只允许2024顺义二模和2026石景山期末（同上，书用法与证据资格是两层）,,不明,2026-09-24-attribution-v3
BJ-2024-SY-ERMO-Q20#1,BJ-2024-SY-ERMO-Q20,BJ-2024-SY-ERMO-Q20,BJ-2024-SY-ERMO,20,主观题,1,小问,MAYBE,收-具名例外,具名例外,具名例外:whole_exam_e3only | project-constitution.md:50 全项目当前只有2024顺义二模、2026石景山期末和2026北京高考三份具名试卷属于整卷无正式评分细则例外; exams.csv BJ-2024-SY-ERMO 行 notes 原话：独立E3参考答案，非E1; book-philosophy.md:30 书末例外严格限于2024顺义二模两题与2026石景山期末两题（该书目前只实际使用两题，不代表证据资格只有两题——证据资格按project-constitution:50为整卷）; book-culture.md 书末E3例外段：书末E3例外仍只允许2024顺义二模和2026石景山期末（同上，书用法与证据资格是两层）,,不明,2026-09-24-attribution-v3
BJ-2024-SY-ERMO-Q20#2,BJ-2024-SY-ERMO-Q20,BJ-2024-SY-ERMO-Q20,BJ-2024-SY-ERMO,20,主观题,2,小问,MAYBE,收-具名例外,具名例外,具名例外:whole_exam_e3only | project-constitution.md:50 全项目当前只有2024顺义二模、2026石景山期末和2026北京高考三份具名试卷属于整卷无正式评分细则例外; exams.csv BJ-2024-SY-ERMO 行 notes 原话：独立E3参考答案，非E1; book-philosophy.md:30 书末例外严格限于2024顺义二模两题与2026石景山期末两题（该书目前只实际使用两题，不代表证据资格只有两题——证据资格按project-constitution:50为整卷）; book-culture.md 书末E3例外段：书末E3例外仍只允许2024顺义二模和2026石景山期末（同上，书用法与证据资格是两层）,,不明,2026-09-24-attribution-v3
BJ-2024-SY-ERMO-Q3,BJ-2024-SY-ERMO-Q3,BJ-2024-SY-ERMO-Q3,BJ-2024-SY-ERMO,3,选择题,,整题,MAYBE,完整题-选择题照收,E3,逐题已匹配参考答案,,倾向,2026-09-24-attribution-v3
BJ-2024-SY-ERMO-Q4,BJ-2024-SY-ERMO-Q4,BJ-2024-SY-ERMO-Q4,BJ-2024-SY-ERMO,4,选择题,,整题,MAYBE,完整题-选择题照收,E3,逐题已匹配参考答案,,不明,2026-09-24-attribution-v3
BJ-2024-SY-ERMO-Q5,BJ-2024-SY-ERMO-Q5,BJ-2024-SY-ERMO-Q5,BJ-2024-SY-ERMO,5,选择题,,整题,MAYBE,完整题-选择题照收,E3,逐题已匹配参考答案,,倾向,2026-09-24-attribution-v3
BJ-2024-SY-ERMO-Q12,BJ-2024-SY-ERMO-Q12,BJ-2024-SY-ERMO-Q12,BJ-2024-SY-ERMO,12,选择题,,整题,MAYBE,完整题-选择题照收,E3,逐题已匹配参考答案,,不明,2026-09-24-attribution-v3
BJ-2024-SY-ERMO-Q13,BJ-2024-SY-ERMO-Q13,BJ-2024-SY-ERMO-Q13,BJ-2024-SY-ERMO,13,选择题,,整题,MAYBE,完整题-选择题照收,E3,逐题已匹配参考答案,,倾向,2026-09-24-attribution-v3
BJ-2024-SY-ERMO-Q16#1,BJ-2024-SY-ERMO-Q16,BJ-2024-SY-ERMO-Q16,BJ-2024-SY-ERMO,16,主观题,1,小问,MAYBE,收-具名例外,具名例外,具名例外:whole_exam_e3only | project-constitution.md:50 全项目当前只有2024顺义二模、2026石景山期末和2026北京高考三份具名试卷属于整卷无正式评分细则例外; exams.csv BJ-2024-SY-ERMO 行 notes 原话：独立E3参考答案，非E1; book-philosophy.md:30 书末例外严格限于2024顺义二模两题与2026石景山期末两题（该书目前只实际使用两题，不代表证据资格只有两题——证据资格按project-constitution:50为整卷）; book-culture.md 书末E3例外段：书末E3例外仍只允许2024顺义二模和2026石景山期末（同上，书用法与证据资格是两层）,,不明,2026-09-24-attribution-v3
BJ-2024-SY-ERMO-Q16#2,BJ-2024-SY-ERMO-Q16,BJ-2024-SY-ERMO-Q16,BJ-2024-SY-ERMO,16,主观题,2,小问,MAYBE,收-具名例外,具名例外,具名例外:whole_exam_e3only | project-constitution.md:50 全项目当前只有2024顺义二模、2026石景山期末和2026北京高考三份具名试卷属于整卷无正式评分细则例外; exams.csv BJ-2024-SY-ERMO 行 notes 原话：独立E3参考答案，非E1; book-philosophy.md:30 书末例外严格限于2024顺义二模两题与2026石景山期末两题（该书目前只实际使用两题，不代表证据资格只有两题——证据资格按project-constitution:50为整卷）; book-culture.md 书末E3例外段：书末E3例外仍只允许2024顺义二模和2026石景山期末（同上，书用法与证据资格是两层）,,倾向,2026-09-24-attribution-v3
BJ-2024-SY-ERMO-Q18,BJ-2024-SY-ERMO-Q18,BJ-2024-SY-ERMO-Q18,BJ-2024-SY-ERMO,18,主观题,,整题,MAYBE,收-具名例外,具名例外,具名例外:whole_exam_e3only | project-constitution.md:50 全项目当前只有2024顺义二模、2026石景山期末和2026北京高考三份具名试卷属于整卷无正式评分细则例外; exams.csv BJ-2024-SY-ERMO 行 notes 原话：独立E3参考答案，非E1; book-philosophy.md:30 书末例外严格限于2024顺义二模两题与2026石景山期末两题（该书目前只实际使用两题，不代表证据资格只有两题——证据资格按project-constitution:50为整卷）; book-culture.md 书末E3例外段：书末E3例外仍只允许2024顺义二模和2026石景山期末（同上，书用法与证据资格是两层）,B1:rubric_unreadable_not_OUT;B2:rubric_unreadable_not_OUT;PH:rubric_unreadable_not_OUT;CU:rubric_unreadable_not_OUT;X2:rubric_unreadable_not_OUT;MI:rubric_unreadable_not_OUT;RE:rubric_unreadable_not_OUT,确定,2026-09-24-attribution-v3
BJ-2024-SY-ERMO-Q14,BJ-2024-SY-ERMO-Q14,BJ-2024-SY-ERMO-Q14,BJ-2024-SY-ERMO,14,选择题,,整题,MAYBE,完整题-选择题照收,E3,逐题已匹配参考答案,,不明,2026-09-24-attribution-v3
BJ-2026-FS-ERMO-Q4,BJ-2026-FS-ERMO-Q4,BJ-2026-FS-ERMO-Q4,BJ-2026-FS-ERMO,4,选择题,,整题,MAYBE,完整题-选择题照收,缺答案键,"未在rubric_links.csv找到该题任何行(未核实,不是已确认无)",,倾向,2026-09-24-attribution-v3
BJ-2026-FS-ERMO-Q13,BJ-2026-FS-ERMO-Q13,BJ-2026-FS-ERMO-Q13,BJ-2026-FS-ERMO,13,主观题,,整题,MAYBE,待裁决-证据未核实,缺细则,"未在rubric_links.csv找到该题任何行(未核实,不是已确认无)",,不明,2026-09-24-attribution-v3
BJ-2026-FS-ERMO-Q15,BJ-2026-FS-ERMO-Q15,BJ-2026-FS-ERMO-Q15,BJ-2026-FS-ERMO,15,主观题,,整题,MAYBE,待裁决-证据未核实,缺细则,"未在rubric_links.csv找到该题任何行(未核实,不是已确认无)",,不明,2026-09-24-attribution-v3
BJ-2023-HD-YIMO-Q2,BJ-2023-HD-YIMO-Q2,BJ-2023-HD-YIMO-Q2,BJ-2023-HD-YIMO,2,选择题,,整题,MAYBE,完整题-选择题照收,缺答案键,"未在rubric_links.csv找到该题任何行(未核实,不是已确认无)",,不明,2026-09-24-attribution-v3
BJ-2023-HD-YIMO-Q3,BJ-2023-HD-YIMO-Q3,BJ-2023-HD-YIMO-Q3,BJ-2023-HD-YIMO,3,选择题,,整题,MAYBE,完整题-选择题照收,缺答案键,"未在rubric_links.csv找到该题任何行(未核实,不是已确认无)",,不明,2026-09-24-attribution-v3
BJ-2023-HD-YIMO-Q4,BJ-2023-HD-YIMO-Q4,BJ-2023-HD-YIMO-Q4,BJ-2023-HD-YIMO,4,选择题,,整题,MAYBE,完整题-选择题照收,缺答案键,"未在rubric_links.csv找到该题任何行(未核实,不是已确认无)",,不明,2026-09-24-attribution-v3
BJ-2023-HD-YIMO-Q5,BJ-2023-HD-YIMO-Q5,BJ-2023-HD-YIMO-Q5,BJ-2023-HD-YIMO,5,选择题,,整题,MAYBE,完整题-选择题照收,缺答案键,"未在rubric_links.csv找到该题任何行(未核实,不是已确认无)",,不明,2026-09-24-attribution-v3
BJ-2023-HD-YIMO-Q6,BJ-2023-HD-YIMO-Q6,BJ-2023-HD-YIMO-Q6,BJ-2023-HD-YIMO,6,选择题,,整题,MAYBE,完整题-选择题照收,缺答案键,"未在rubric_links.csv找到该题任何行(未核实,不是已确认无)",,不明,2026-09-24-attribution-v3
BJ-2023-HD-YIMO-Q7,BJ-2023-HD-YIMO-Q7,BJ-2023-HD-YIMO-Q7,BJ-2023-HD-YIMO,7,选择题,,整题,MAYBE,完整题-选择题照收,缺答案键,"未在rubric_links.csv找到该题任何行(未核实,不是已确认无)",,不明,2026-09-24-attribution-v3
BJ-2023-HD-YIMO-Q8,BJ-2023-HD-YIMO-Q8,BJ-2023-HD-YIMO-Q8,BJ-2023-HD-YIMO,8,选择题,,整题,IN,完整题-选择题照收,缺答案键,"未在rubric_links.csv找到该题任何行(未核实,不是已确认无)",,倾向,2026-09-24-attribution-v3
BJ-2023-HD-YIMO-Q9,BJ-2023-HD-YIMO-Q9,BJ-2023-HD-YIMO-Q9,BJ-2023-HD-YIMO,9,选择题,,整题,IN,完整题-选择题照收,缺答案键,"未在rubric_links.csv找到该题任何行(未核实,不是已确认无)",,不明,2026-09-24-attribution-v3
BJ-2023-HD-YIMO-Q10,BJ-2023-HD-YIMO-Q10,BJ-2023-HD-YIMO-Q10,BJ-2023-HD-YIMO,10,选择题,,整题,MAYBE,完整题-选择题照收,缺答案键,"未在rubric_links.csv找到该题任何行(未核实,不是已确认无)",,倾向,2026-09-24-attribution-v3
BJ-2023-HD-YIMO-Q12,BJ-2023-HD-YIMO-Q12,BJ-2023-HD-YIMO-Q12,BJ-2023-HD-YIMO,12,选择题,,整题,MAYBE,完整题-选择题照收,缺答案键,"未在rubric_links.csv找到该题任何行(未核实,不是已确认无)",,倾向,2026-09-24-attribution-v3
BJ-2023-HD-YIMO-Q13,BJ-2023-HD-YIMO-Q13,BJ-2023-HD-YIMO-Q13,BJ-2023-HD-YIMO,13,选择题,,整题,MAYBE,完整题-选择题照收,缺答案键,"未在rubric_links.csv找到该题任何行(未核实,不是已确认无)",,不明,2026-09-24-attribution-v3
BJ-2023-HD-YIMO-Q14,BJ-2023-HD-YIMO-Q14,BJ-2023-HD-YIMO-Q14,BJ-2023-HD-YIMO,14,选择题,,整题,MAYBE,完整题-选择题照收,缺答案键,"未在rubric_links.csv找到该题任何行(未核实,不是已确认无)",,不明,2026-09-24-attribution-v3
BJ-2026-FT-ERMO-Q12,BJ-2026-FT-ERMO-Q12,BJ-2026-FT-ERMO-Q12,BJ-2026-FT-ERMO,12,选择题,,整题,MAYBE,完整题-选择题照收,缺答案键,"未在rubric_links.csv找到该题任何行(未核实,不是已确认无)",,不明,2026-09-24-attribution-v3
BJ-2026-FT-ERMO-Q13,BJ-2026-FT-ERMO-Q13,BJ-2026-FT-ERMO-Q13,BJ-2026-FT-ERMO,13,选择题,,整题,MAYBE,完整题-选择题照收,缺答案键,"未在rubric_links.csv找到该题任何行(未核实,不是已确认无)",,倾向,2026-09-24-attribution-v3
BJ-2026-FT-ERMO-Q20,BJ-2026-FT-ERMO-Q20,BJ-2026-FT-ERMO-Q20,BJ-2026-FT-ERMO,20,主观题,,整题,MAYBE,不收-无E1,缺细则-已核实,rubric_links.csv对该题一行都没有；但book-xuanbi-1.md独立核验确认正式阅卷PPT从Q19直接跳到Q21，Q20本身缺失评分单元，是'已核实无'而非'未核实'，不落入待裁决。 | book-xuanbi-1.md:301 …2026丰台二模Q20…; book-xuanbi-1.md:205 2026丰台二模Q20在正式阅卷PPT中缺失; book-xuanbi-1.md:400 2026丰台二模阅卷PPT从Q19直接进入Q21，Q20缺失; book-xuanbi-1.md:418 2026丰台二模现有正式载体从Q19跳到Q21，没有Q20评分单元,B1:rubric_unreadable_not_OUT;B3:rubric_unreadable_not_OUT;PH:rubric_unreadable_not_OUT;CU:rubric_unreadable_not_OUT;X2:rubric_unreadable_not_OUT;MI:rubric_unreadable_not_OUT;RE:rubric_unreadable_not_OUT,倾向,2026-09-24-attribution-v3
BJ-2024-MTG-YIMO-Q7,BJ-2024-MTG-YIMO-Q7,,BJ-2024-MTG-YIMO,7,选择题,,整题,MAYBE,完整题-选择题照收,汇编片段(assembly_blocks.csv)，原卷/正式评分载体尚未取得,,assembly_only_unclassified：题号按北京卷题号区间判定题型（Q1-15选择题/Q16+主观题），未经classify.py九模块判定，全部模块列MAYBE，需人工/模型核实模块归属,汇编候选-未分类器处理,2026-09-24-attribution-v3
BJ-2024-MTG-YIMO-Q4,BJ-2024-MTG-YIMO-Q4,,BJ-2024-MTG-YIMO,4,选择题,,整题,MAYBE,完整题-选择题照收,汇编片段(assembly_blocks.csv)，原卷/正式评分载体尚未取得,,assembly_only_unclassified：题号按北京卷题号区间判定题型（Q1-15选择题/Q16+主观题），未经classify.py九模块判定，全部模块列MAYBE，需人工/模型核实模块归属,汇编候选-未分类器处理,2026-09-24-attribution-v3
BJ-2024-MTG-YIMO-Q6,BJ-2024-MTG-YIMO-Q6,,BJ-2024-MTG-YIMO,6,选择题,,整题,MAYBE,完整题-选择题照收,汇编片段(assembly_blocks.csv)，原卷/正式评分载体尚未取得,,assembly_only_unclassified：题号按北京卷题号区间判定题型（Q1-15选择题/Q16+主观题），未经classify.py九模块判定，全部模块列MAYBE，需人工/模型核实模块归属,汇编候选-未分类器处理,2026-09-24-attribution-v3
BJ-2024-MTG-YIMO-Q12,BJ-2024-MTG-YIMO-Q12,,BJ-2024-MTG-YIMO,12,选择题,,整题,MAYBE,完整题-选择题照收,汇编片段(assembly_blocks.csv)，原卷/正式评分载体尚未取得,,assembly_only_unclassified：题号按北京卷题号区间判定题型（Q1-15选择题/Q16+主观题），未经classify.py九模块判定，全部模块列MAYBE，需人工/模型核实模块归属,汇编候选-未分类器处理,2026-09-24-attribution-v3
BJ-2024-FS-YIMO-Q2,BJ-2024-FS-YIMO-Q2,,BJ-2024-FS-YIMO,2,选择题,,整题,MAYBE,完整题-选择题照收,汇编片段(assembly_blocks.csv)，原卷/正式评分载体尚未取得,,assembly_only_unclassified：题号按北京卷题号区间判定题型（Q1-15选择题/Q16+主观题），未经classify.py九模块判定，全部模块列MAYBE，需人工/模型核实模块归属,汇编候选-未分类器处理,2026-09-24-attribution-v3
BJ-2024-FS-YIMO-Q19,BJ-2024-FS-YIMO-Q19,,BJ-2024-FS-YIMO,19,主观题,,整题,MAYBE,待裁决-证据未核实,汇编片段(assembly_blocks.csv)，原卷/正式评分载体尚未取得,,assembly_only_unclassified：题号按北京卷题号区间判定题型（Q1-15选择题/Q16+主观题），未经classify.py九模块判定，全部模块列MAYBE，需人工/模型核实模块归属,汇编候选-未分类器处理,2026-09-24-attribution-v3
BJ-2024-FS-YIMO-Q12,BJ-2024-FS-YIMO-Q12,,BJ-2024-FS-YIMO,12,选择题,,整题,MAYBE,完整题-选择题照收,汇编片段(assembly_blocks.csv)，原卷/正式评分载体尚未取得,,assembly_only_unclassified：题号按北京卷题号区间判定题型（Q1-15选择题/Q16+主观题），未经classify.py九模块判定，全部模块列MAYBE，需人工/模型核实模块归属,汇编候选-未分类器处理,2026-09-24-attribution-v3
BJ-2024-FS-YIMO-Q13,BJ-2024-FS-YIMO-Q13,,BJ-2024-FS-YIMO,13,选择题,,整题,MAYBE,完整题-选择题照收,汇编片段(assembly_blocks.csv)，原卷/正式评分载体尚未取得,,assembly_only_unclassified：题号按北京卷题号区间判定题型（Q1-15选择题/Q16+主观题），未经classify.py九模块判定，全部模块列MAYBE，需人工/模型核实模块归属,汇编候选-未分类器处理,2026-09-24-attribution-v3
BJ-2024-FS-YIMO-Q17,BJ-2024-FS-YIMO-Q17,,BJ-2024-FS-YIMO,17,主观题,,整题,MAYBE,待裁决-证据未核实,汇编片段(assembly_blocks.csv)，原卷/正式评分载体尚未取得,,assembly_only_unclassified：题号按北京卷题号区间判定题型（Q1-15选择题/Q16+主观题），未经classify.py九模块判定，全部模块列MAYBE，需人工/模型核实模块归属,汇编候选-未分类器处理,2026-09-24-attribution-v3
BJ-2024-MTG-YIMO-Q8,BJ-2024-MTG-YIMO-Q8,,BJ-2024-MTG-YIMO,8,选择题,,整题,MAYBE,完整题-选择题照收,E1,具名核实-官方答案键(D)；该题原在assembly_blocks.csv标'待复核'(matched_exam_id为空)，年份由本表用此官方答案键反向核实为2024届 | book-xuanbi-1.md:308 本轮客观正式键闭环10项：…门头沟一模Q8=D、Q10=D、Q11=C…正文9个实际题块与正式键9/9一致,"assembly_only_unclassified：题号按北京卷题号区间判定题型（Q1-15选择题/Q16+主观题），未经classify.py九模块判定，全部模块列MAYBE，需人工/模型核实模块归属；该题原在assembly_blocks.csv标""待复核""（本身matched_exam_id为空），本表用book-xuanbi-1.md官方答案键反向核实年份并入BJ-2024-MTG-YIMO，见identity层assembly_pending_review.resolved的resolution_evidence",汇编候选-未分类器处理,2026-09-24-attribution-v3
BJ-2024-MTG-YIMO-Q11,BJ-2024-MTG-YIMO-Q11,,BJ-2024-MTG-YIMO,11,选择题,,整题,MAYBE,完整题-选择题照收,E1,具名核实-官方答案键(C，门头沟Q11旧候选A已纠正为正式键C)；该题原在assembly_blocks.csv标'待复核'(matched_exam_id为空)，年份由本表用此官方答案键反向核实为2024届 | book-xuanbi-1.md:308 …门头沟Q11旧候选A已纠正为正式键C。正文9个实际题块与正式键9/9一致,"assembly_only_unclassified：题号按北京卷题号区间判定题型（Q1-15选择题/Q16+主观题），未经classify.py九模块判定，全部模块列MAYBE，需人工/模型核实模块归属；该题原在assembly_blocks.csv标""待复核""（本身matched_exam_id为空），本表用book-xuanbi-1.md官方答案键反向核实年份并入BJ-2024-MTG-YIMO，见identity层assembly_pending_review.resolved的resolution_evidence",汇编候选-未分类器处理,2026-09-24-attribution-v3
BJ-2024-FS-YIMO-Q15,BJ-2024-FS-YIMO-Q15,,BJ-2024-FS-YIMO,15,选择题,,整题,MAYBE,完整题-选择题照收,E1,具名核实-官方答案键(D)；该题原在assembly_blocks.csv标'待复核'(matched_exam_id为空)，年份由本表用此官方答案键反向核实为2024届 | book-xuanbi-1.md:308 本轮客观正式键闭环10项：2024房山一模Q14=C、Q15=D…正文9个实际题块与正式键9/9一致,"assembly_only_unclassified：题号按北京卷题号区间判定题型（Q1-15选择题/Q16+主观题），未经classify.py九模块判定，全部模块列MAYBE，需人工/模型核实模块归属；该题原在assembly_blocks.csv标""待复核""（本身matched_exam_id为空），本表用book-xuanbi-1.md官方答案键反向核实年份并入BJ-2024-FS-YIMO，见identity层assembly_pending_review.resolved的resolution_evidence",汇编候选-未分类器处理,2026-09-24-attribution-v3
BJ-2024-MTG-YIMO-Q10,BJ-2024-MTG-YIMO-Q10,,BJ-2024-MTG-YIMO,10,选择题,,整题,MAYBE,完整题-选择题照收,E1,book-xuanbi-1.md:308 “门头沟一模Q10=D”（本轮客观正式键闭环10项之一，正文9个实际题块与正式键9/9一致） | 具名核实-官方答案键(D)；questions.csv/assembly_blocks.csv均无该题独立行，本行为book-xuanbi-1.md具名核实的书稿具名核实-无汇编/题库独立行候选 | book-xuanbi-1.md:308 本轮客观正式键闭环10项：…门头沟一模Q8=D、Q10=D、Q11=C…正文9个实际题块与正式键9/9一致,book_confirmed_extra_qid：questions.csv/assembly_blocks.csv均无该题独立行，本行仅登记书稿具名核实的事实，不冒充分类器/汇编产物；已列入回传题库线_v3.json（补登questions.csv/matrix.csv）,书稿具名核实-无汇编/题库独立行,2026-09-24-attribution-v3
BJ-2024-MTG-YIMO-Q18,BJ-2024-MTG-YIMO-Q18,,BJ-2024-MTG-YIMO,18,主观题,,整题,MAYBE,不收-无E1,缺细则-已核实,book-xuanbi-1.md:401 “2024门头沟一模Q18已确认属于本项目选必一题源…当前载体仍只提供E3参考答案，没有同卷独立正式E1” | book-xuanbi-1.md确认该题'题源边界'已核实属于本项目选必一，但同卷只有E3参考答案，没有独立正式E1；该行明确'只修订审计状态，不改正文和正式槽'，本表不因此把归属_X1标为COLLECTED。 | book-xuanbi-1.md:401 2024门头沟一模Q18已确认属于本项目选必一题源，纠正历史'题源边界待核'状态；当前载体仍只提供E3参考答案，没有同卷独立正式E1，因此只修订审计状态，不改正文和正式槽; book-xuanbi-1.md:418 2024门头沟一模Q18只有分类汇编题源与E3; book-xuanbi-1.md:23 2024门头沟一模Q18的题源边界及同卷E3参考答案均已确认，不得再次标为'题源边界待核'，也不得升级E1,book_confirmed_extra_qid：questions.csv/assembly_blocks.csv均无该题独立行，本行仅登记书稿具名核实的事实，不冒充分类器/汇编产物；已列入回传题库线_v3.json（补登questions.csv/matrix.csv）;skill_overrides覆盖为确认负例(不再是汇编候选默认待裁决),书稿具名核实-无汇编/题库独立行,2026-09-24-attribution-v3
BJ-2024-FS-YIMO-Q14,BJ-2024-FS-YIMO-Q14,,BJ-2024-FS-YIMO,14,选择题,,整题,MAYBE,完整题-选择题照收,E1,book-xuanbi-1.md:308 “2024房山一模Q14=C”（本轮客观正式键闭环10项之一） | 具名核实-官方答案键(C)；questions.csv/assembly_blocks.csv均无该题独立行 | book-xuanbi-1.md:308 本轮客观正式键闭环10项：2024房山一模Q14=C、Q15=D…正文9个实际题块与正式键9/9一致,book_confirmed_extra_qid：questions.csv/assembly_blocks.csv均无该题独立行，本行仅登记书稿具名核实的事实，不冒充分类器/汇编产物；已列入回传题库线_v3.json（补登questions.csv/matrix.csv）,书稿具名核实-无汇编/题库独立行,2026-09-24-attribution-v3
BJ-2024-FS-YIMO-Q18#2,BJ-2024-FS-YIMO-Q18,,BJ-2024-FS-YIMO,18,主观题,2,小问,MAYBE,完整题-有E1,E1,book-xuanbi-1.md:307 “本轮主观E1新闭环7题…房山一模Q18(2)”；book-xuanbi-1.md:51 “房山一模Q18（2）的‘开源’释义在7个重复落位全部恢复四边框”（已在选必一正文多处落位） | 具名核实-Skill闭环记录（该题正文已在7个重复落位全部恢复四边框，确认已在选必一正文多处落位，不是候选状态） | book-xuanbi-1.md:307 本轮主观E1新闭环7题：2024丰台一模Q20、房山一模Q18(2)、西城二模Q17…; book-xuanbi-1.md:51 房山一模Q18（2）的'开源'释义在7个重复落位全部恢复四边框，整本真实表格由7张增至22张,book_confirmed_extra_qid：questions.csv/assembly_blocks.csv均无该题独立行，本行仅登记书稿具名核实的事实，不冒充分类器/汇编产物；已列入回传题库线_v3.json（补登questions.csv/matrix.csv）;skill_overrides覆盖为E1(不再是汇编候选默认待裁决),书稿具名核实-无汇编/题库独立行,2026-09-24-attribution-v3
