unit_id,qid,exam_id_canonical,num,type,subq,grain,归属_B2,admission,evidence,downgrade_notes,script_tier,rule_version
BJ-2023-FT-YIMO-Q1,BJ-2023-FT-YIMO-Q1,BJ-2023-FT-YIMO,1,选择题,,整题,MAYBE,完整题-选择题照收,缺答案键,,不明,2026-09-24-attribution-v1
BJ-2023-FT-YIMO-Q2,BJ-2023-FT-YIMO-Q2,BJ-2023-FT-YIMO,2,选择题,,整题,MAYBE,完整题-选择题照收,缺答案键,,不明,2026-09-24-attribution-v1
BJ-2023-FT-YIMO-Q3,BJ-2023-FT-YIMO-Q3,BJ-2023-FT-YIMO,3,选择题,,整题,MAYBE,完整题-选择题照收,缺答案键,,不明,2026-09-24-attribution-v1
BJ-2023-FT-YIMO-Q5,BJ-2023-FT-YIMO-Q5,BJ-2023-FT-YIMO,5,选择题,,整题,MAYBE,完整题-选择题照收,缺答案键,,不明,2026-09-24-attribution-v1
BJ-2023-FT-YIMO-Q6,BJ-2023-FT-YIMO-Q6,BJ-2023-FT-YIMO,6,选择题,,整题,MAYBE,完整题-选择题照收,缺答案键,,不明,2026-09-24-attribution-v1
BJ-2023-FT-YIMO-Q7,BJ-2023-FT-YIMO-Q7,BJ-2023-FT-YIMO,7,选择题,,整题,MAYBE,完整题-选择题照收,缺答案键,,不明,2026-09-24-attribution-v1
BJ-2023-FT-YIMO-Q11,BJ-2023-FT-YIMO-Q11,BJ-2023-FT-YIMO,11,选择题,,整题,MAYBE,完整题-选择题照收,缺答案键,,倾向,2026-09-24-attribution-v1
BJ-2023-FT-YIMO-Q12,BJ-2023-FT-YIMO-Q12,BJ-2023-FT-YIMO,12,选择题,,整题,MAYBE,完整题-选择题照收,缺答案键,,不明,2026-09-24-attribution-v1
BJ-2023-FT-YIMO-Q14,BJ-2023-FT-YIMO-Q14,BJ-2023-FT-YIMO,14,选择题,,整题,MAYBE,完整题-选择题照收,缺答案键,,不明,2026-09-24-attribution-v1
BJ-2023-FT-YIMO-Q15,BJ-2023-FT-YIMO-Q15,BJ-2023-FT-YIMO,15,选择题,,整题,MAYBE,完整题-选择题照收,缺答案键,,不明,2026-09-24-attribution-v1
BJ-2023-FT-YIMO-Q16,BJ-2023-FT-YIMO-Q16,BJ-2023-FT-YIMO,16,主观题,,整题,MAYBE,不收-无E1,缺细则,,不明,2026-09-24-attribution-v1
BJ-2023-FT-YIMO-Q17#1,BJ-2023-FT-YIMO-Q17,BJ-2023-FT-YIMO,17,主观题,1,小问,MAYBE,不收-无E1,缺细则,B1:rubric_unreadable_not_OUT;X2:rubric_unreadable_not_OUT;MI:rubric_unreadable_not_OUT;RE:rubric_unreadable_not_OUT,不明,2026-09-24-attribution-v1
BJ-2023-FT-YIMO-Q17#2,BJ-2023-FT-YIMO-Q17,BJ-2023-FT-YIMO,17,主观题,2,小问,MAYBE,不收-无E1,缺细则,,不明,2026-09-24-attribution-v1
BJ-2023-FT-YIMO-Q18,BJ-2023-FT-YIMO-Q18,BJ-2023-FT-YIMO,18,主观题,,整题,MAYBE,不收-无E1,缺细则,,不明,2026-09-24-attribution-v1
BJ-2023-FT-YIMO-Q19,BJ-2023-FT-YIMO-Q19,BJ-2023-FT-YIMO,19,主观题,,整题,MAYBE,不收-无E1,缺细则,B1:rubric_unreadable_not_OUT;B3:rubric_unreadable_not_OUT;PH:rubric_unreadable_not_OUT;CU:rubric_unreadable_not_OUT;X1:rubric_unreadable_not_OUT;X2:rubric_unreadable_not_OUT;RE:rubric_unreadable_not_OUT,倾向,2026-09-24-attribution-v1
BJ-2023-FT-YIMO-Q20,BJ-2023-FT-YIMO-Q20,BJ-2023-FT-YIMO,20,主观题,,整题,IN,不收-无E1,缺细则,B1:rubric_unreadable_not_OUT;PH:rubric_unreadable_not_OUT;CU:rubric_unreadable_not_OUT;X1:rubric_unreadable_not_OUT;X2:rubric_unreadable_not_OUT;MI:rubric_unreadable_not_OUT;RE:rubric_unreadable_not_OUT,倾向,2026-09-24-attribution-v1
BJ-2023-FT-YIMO-Q21,BJ-2023-FT-YIMO-Q21,BJ-2023-FT-YIMO,21,主观题,,整题,MAYBE,不收-无E1,缺细则,B1:rubric_unreadable_not_OUT;B3:rubric_unreadable_not_OUT;PH:rubric_unreadable_not_OUT;CU:rubric_unreadable_not_OUT;X2:rubric_unreadable_not_OUT;MI:rubric_unreadable_not_OUT;RE:rubric_unreadable_not_OUT,倾向,2026-09-24-attribution-v1
BJ-2023-FT-YIMO-Q22,BJ-2023-FT-YIMO-Q22,BJ-2023-FT-YIMO,22,主观题,,整题,MAYBE,不收-无E1,缺细则,,不明,2026-09-24-attribution-v1
BJ-2024-CY-QIZHONG-Q1,BJ-2024-CY-QIZHONG-Q1,BJ-2024-CY-QIZHONG,1,选择题,,整题,MAYBE,完整题-选择题照收,E1,,倾向,2026-09-24-attribution-v1
BJ-2024-CY-QIZHONG-Q2,BJ-2024-CY-QIZHONG-Q2,BJ-2024-CY-QIZHONG,2,选择题,,整题,MAYBE,完整题-选择题照收,E1,,倾向,2026-09-24-attribution-v1
BJ-2024-CY-QIZHONG-Q3,BJ-2024-CY-QIZHONG-Q3,BJ-2024-CY-QIZHONG,3,选择题,,整题,MAYBE,完整题-选择题照收,E1,,不明,2026-09-24-attribution-v1
BJ-2024-CY-QIZHONG-Q4,BJ-2024-CY-QIZHONG-Q4,BJ-2024-CY-QIZHONG,4,选择题,,整题,MAYBE,完整题-选择题照收,E1,,不明,2026-09-24-attribution-v1
BJ-2024-CY-QIZHONG-Q5,BJ-2024-CY-QIZHONG-Q5,BJ-2024-CY-QIZHONG,5,选择题,,整题,MAYBE,完整题-选择题照收,E1,,不明,2026-09-24-attribution-v1
BJ-2024-CY-QIZHONG-Q6,BJ-2024-CY-QIZHONG-Q6,BJ-2024-CY-QIZHONG,6,选择题,,整题,MAYBE,完整题-选择题照收,E1,,不明,2026-09-24-attribution-v1
BJ-2024-CY-QIZHONG-Q7,BJ-2024-CY-QIZHONG-Q7,BJ-2024-CY-QIZHONG,7,选择题,,整题,MAYBE,完整题-选择题照收,E1,,不明,2026-09-24-attribution-v1
BJ-2024-CY-QIZHONG-Q8,BJ-2024-CY-QIZHONG-Q8,BJ-2024-CY-QIZHONG,8,选择题,,整题,MAYBE,完整题-选择题照收,E1,,不明,2026-09-24-attribution-v1
BJ-2024-CY-QIZHONG-Q9,BJ-2024-CY-QIZHONG-Q9,BJ-2024-CY-QIZHONG,9,选择题,,整题,MAYBE,完整题-选择题照收,E1,,不明,2026-09-24-attribution-v1
BJ-2024-CY-QIZHONG-Q10,BJ-2024-CY-QIZHONG-Q10,BJ-2024-CY-QIZHONG,10,选择题,,整题,MAYBE,完整题-选择题照收,E1,,不明,2026-09-24-attribution-v1
BJ-2024-CY-QIZHONG-Q11,BJ-2024-CY-QIZHONG-Q11,BJ-2024-CY-QIZHONG,11,选择题,,整题,MAYBE,完整题-选择题照收,E1,,倾向,2026-09-24-attribution-v1
BJ-2024-CY-QIZHONG-Q15,BJ-2024-CY-QIZHONG-Q15,BJ-2024-CY-QIZHONG,15,选择题,,整题,MAYBE,完整题-选择题照收,E1,,不明,2026-09-24-attribution-v1
BJ-2024-CY-QIZHONG-Q17,BJ-2024-CY-QIZHONG-Q17,BJ-2024-CY-QIZHONG,17,主观题,,整题,MAYBE,完整题-有E1,E1,,不明,2026-09-24-attribution-v1
BJ-2024-CY-QIZHONG-Q19,BJ-2024-CY-QIZHONG-Q19,BJ-2024-CY-QIZHONG,19,主观题,,整题,MAYBE,完整题-有E1,E1,,倾向,2026-09-24-attribution-v1
BJ-2025-CY-ERMO-Q2,BJ-2025-CY-ERMO-Q2,BJ-2025-CY-ERMO,2,选择题,,整题,MAYBE,完整题-选择题照收,E1,,不明,2026-09-24-attribution-v1
BJ-2025-CY-ERMO-Q3,BJ-2025-CY-ERMO-Q3,BJ-2025-CY-ERMO,3,选择题,,整题,MAYBE,完整题-选择题照收,E1,,不明,2026-09-24-attribution-v1
BJ-2025-CY-ERMO-Q4,BJ-2025-CY-ERMO-Q4,BJ-2025-CY-ERMO,4,选择题,,整题,MAYBE,完整题-选择题照收,E1,,不明,2026-09-24-attribution-v1
BJ-2025-CY-ERMO-Q5,BJ-2025-CY-ERMO-Q5,BJ-2025-CY-ERMO,5,选择题,,整题,MAYBE,完整题-选择题照收,E1,,不明,2026-09-24-attribution-v1
BJ-2025-CY-ERMO-Q6,BJ-2025-CY-ERMO-Q6,BJ-2025-CY-ERMO,6,选择题,,整题,MAYBE,完整题-选择题照收,E1,,不明,2026-09-24-attribution-v1
BJ-2025-CY-ERMO-Q7,BJ-2025-CY-ERMO-Q7,BJ-2025-CY-ERMO,7,选择题,,整题,MAYBE,完整题-选择题照收,E1,,不明,2026-09-24-attribution-v1
BJ-2025-CY-ERMO-Q8,BJ-2025-CY-ERMO-Q8,BJ-2025-CY-ERMO,8,选择题,,整题,MAYBE,完整题-选择题照收,E1,,倾向,2026-09-24-attribution-v1
BJ-2025-CY-ERMO-Q9,BJ-2025-CY-ERMO-Q9,BJ-2025-CY-ERMO,9,选择题,,整题,MAYBE,完整题-选择题照收,E1,,不明,2026-09-24-attribution-v1
BJ-2025-CY-ERMO-Q10,BJ-2025-CY-ERMO-Q10,BJ-2025-CY-ERMO,10,选择题,,整题,MAYBE,完整题-选择题照收,E1,,倾向,2026-09-24-attribution-v1
BJ-2025-CY-ERMO-Q11,BJ-2025-CY-ERMO-Q11,BJ-2025-CY-ERMO,11,选择题,,整题,MAYBE,完整题-选择题照收,E1,,倾向,2026-09-24-attribution-v1
BJ-2025-CY-ERMO-Q15,BJ-2025-CY-ERMO-Q15,BJ-2025-CY-ERMO,15,选择题,,整题,MAYBE,完整题-选择题照收,E1,,不明,2026-09-24-attribution-v1
BJ-2025-CY-ERMO-Q16,BJ-2025-CY-ERMO-Q16,BJ-2025-CY-ERMO,16,主观题,,整题,MAYBE,完整题-有E1,E1,,不明,2026-09-24-attribution-v1
BJ-2025-CY-ERMO-Q19,BJ-2025-CY-ERMO-Q19,BJ-2025-CY-ERMO,19,主观题,,整题,MAYBE,完整题-有E1,E1,,不明,2026-09-24-attribution-v1
BJ-2025-CY-ERMO-Q21,BJ-2025-CY-ERMO-Q21,BJ-2025-CY-ERMO,21,主观题,,整题,MAYBE,完整题-有E1,E1,,不明,2026-09-24-attribution-v1
BJ-2025-CY-ERMO-Q22,BJ-2025-CY-ERMO-Q22,BJ-2025-CY-ERMO,22,主观题,,整题,MAYBE,完整题-有E1,E1,,不明,2026-09-24-attribution-v1
BJ-2023-FT-ERMO-Q1,BJ-2023-FT-ERMO-Q1,BJ-2023-FT-ERMO,1,选择题,,整题,MAYBE,完整题-选择题照收,缺答案键,,不明,2026-09-24-attribution-v1
BJ-2023-FT-ERMO-Q3,BJ-2023-FT-ERMO-Q3,BJ-2023-FT-ERMO,3,选择题,,整题,MAYBE,完整题-选择题照收,缺答案键,,不明,2026-09-24-attribution-v1
BJ-2023-FT-ERMO-Q4,BJ-2023-FT-ERMO-Q4,BJ-2023-FT-ERMO,4,选择题,,整题,MAYBE,完整题-选择题照收,缺答案键,,不明,2026-09-24-attribution-v1
BJ-2023-FT-ERMO-Q5,BJ-2023-FT-ERMO-Q5,BJ-2023-FT-ERMO,5,选择题,,整题,MAYBE,完整题-选择题照收,缺答案键,,不明,2026-09-24-attribution-v1
BJ-2023-FT-ERMO-Q10,BJ-2023-FT-ERMO-Q10,BJ-2023-FT-ERMO,10,选择题,,整题,MAYBE,完整题-选择题照收,缺答案键,,不明,2026-09-24-attribution-v1
BJ-2023-FT-ERMO-Q11,BJ-2023-FT-ERMO-Q11,BJ-2023-FT-ERMO,11,选择题,,整题,IN,完整题-选择题照收,缺答案键,,倾向,2026-09-24-attribution-v1
BJ-2023-FT-ERMO-Q12,BJ-2023-FT-ERMO-Q12,BJ-2023-FT-ERMO,12,选择题,,整题,MAYBE,完整题-选择题照收,缺答案键,,倾向,2026-09-24-attribution-v1
BJ-2023-FT-ERMO-Q14,BJ-2023-FT-ERMO-Q14,BJ-2023-FT-ERMO,14,选择题,,整题,MAYBE,完整题-选择题照收,缺答案键,,不明,2026-09-24-attribution-v1
BJ-2023-FT-ERMO-Q16,BJ-2023-FT-ERMO-Q16,BJ-2023-FT-ERMO,16,主观题,,整题,MAYBE,不收-无E1,缺细则,,不明,2026-09-24-attribution-v1
BJ-2023-FT-ERMO-Q17,BJ-2023-FT-ERMO-Q17,BJ-2023-FT-ERMO,17,主观题,,整题,MAYBE,不收-无E1,缺细则,,倾向,2026-09-24-attribution-v1
BJ-2023-FT-ERMO-Q18#1,BJ-2023-FT-ERMO-Q18,BJ-2023-FT-ERMO,18,主观题,1,小问,MAYBE,不收-无E1,缺细则,,不明,2026-09-24-attribution-v1
BJ-2023-FT-ERMO-Q18#2,BJ-2023-FT-ERMO-Q18,BJ-2023-FT-ERMO,18,主观题,2,小问,MAYBE,不收-无E1,缺细则,,不明,2026-09-24-attribution-v1
BJ-2023-FT-ERMO-Q19,BJ-2023-FT-ERMO-Q19,BJ-2023-FT-ERMO,19,主观题,,整题,MAYBE,不收-无E1,缺细则,,不明,2026-09-24-attribution-v1
BJ-2023-FT-ERMO-Q20,BJ-2023-FT-ERMO-Q20,BJ-2023-FT-ERMO,20,主观题,,整题,IN,不收-无E1,缺细则,,倾向,2026-09-24-attribution-v1
BJ-2023-FT-ERMO-Q22,BJ-2023-FT-ERMO-Q22,BJ-2023-FT-ERMO,22,主观题,,整题,MAYBE,不收-无E1,缺细则,,不明,2026-09-24-attribution-v1
BJ-2020-BJ-GAOKAO-Q1,BJ-2020-BJ-GAOKAO-Q1,BJ-2020-BJ-GAOKAO,1,选择题,,整题,MAYBE,完整题-选择题照收,E1,,不明,2026-09-24-attribution-v1
BJ-2020-BJ-GAOKAO-Q2,BJ-2020-BJ-GAOKAO-Q2,BJ-2020-BJ-GAOKAO,2,选择题,,整题,MAYBE,完整题-选择题照收,E1,,倾向,2026-09-24-attribution-v1
BJ-2020-BJ-GAOKAO-Q3,BJ-2020-BJ-GAOKAO-Q3,BJ-2020-BJ-GAOKAO,3,选择题,,整题,MAYBE,完整题-选择题照收,E1,,不明,2026-09-24-attribution-v1
BJ-2020-BJ-GAOKAO-Q4,BJ-2020-BJ-GAOKAO-Q4,BJ-2020-BJ-GAOKAO,4,选择题,,整题,MAYBE,完整题-选择题照收,E1,,不明,2026-09-24-attribution-v1
BJ-2020-BJ-GAOKAO-Q5,BJ-2020-BJ-GAOKAO-Q5,BJ-2020-BJ-GAOKAO,5,选择题,,整题,MAYBE,完整题-选择题照收,E1,,不明,2026-09-24-attribution-v1
BJ-2020-BJ-GAOKAO-Q6,BJ-2020-BJ-GAOKAO-Q6,BJ-2020-BJ-GAOKAO,6,选择题,,整题,MAYBE,完整题-选择题照收,E1,,不明,2026-09-24-attribution-v1
BJ-2020-BJ-GAOKAO-Q10,BJ-2020-BJ-GAOKAO-Q10,BJ-2020-BJ-GAOKAO,10,选择题,,整题,MAYBE,完整题-选择题照收,E1,,倾向,2026-09-24-attribution-v1
BJ-2020-BJ-GAOKAO-Q16#1,BJ-2020-BJ-GAOKAO-Q16,BJ-2020-BJ-GAOKAO,16,主观题,1,小问,MAYBE,完整题-有E1,E1,,不明,2026-09-24-attribution-v1
BJ-2020-BJ-GAOKAO-Q16#2,BJ-2020-BJ-GAOKAO-Q16,BJ-2020-BJ-GAOKAO,16,主观题,2,小问,MAYBE,完整题-有E1,E1,,不明,2026-09-24-attribution-v1
BJ-2020-BJ-GAOKAO-Q18,BJ-2020-BJ-GAOKAO-Q18,BJ-2020-BJ-GAOKAO,18,主观题,,整题,MAYBE,完整题-有E1,E1,,不明,2026-09-24-attribution-v1
BJ-2020-BJ-GAOKAO-Q21,BJ-2020-BJ-GAOKAO-Q21,BJ-2020-BJ-GAOKAO,21,主观题,,整题,MAYBE,完整题-有E1,E1,,不明,2026-09-24-attribution-v1
BJ-2023-CY-YIMO-Q1,BJ-2023-CY-YIMO-Q1,BJ-2023-CY-YIMO,1,选择题,,整题,MAYBE,完整题-选择题照收,缺答案键,,不明,2026-09-24-attribution-v1
BJ-2023-CY-YIMO-Q2,BJ-2023-CY-YIMO-Q2,BJ-2023-CY-YIMO,2,选择题,,整题,MAYBE,完整题-选择题照收,缺答案键,,不明,2026-09-24-attribution-v1
BJ-2023-CY-YIMO-Q3,BJ-2023-CY-YIMO-Q3,BJ-2023-CY-YIMO,3,选择题,,整题,MAYBE,完整题-选择题照收,缺答案键,,不明,2026-09-24-attribution-v1
BJ-2023-CY-YIMO-Q5,BJ-2023-CY-YIMO-Q5,BJ-2023-CY-YIMO,5,选择题,,整题,MAYBE,完整题-选择题照收,缺答案键,,不明,2026-09-24-attribution-v1
BJ-2023-CY-YIMO-Q7,BJ-2023-CY-YIMO-Q7,BJ-2023-CY-YIMO,7,选择题,,整题,MAYBE,完整题-选择题照收,缺答案键,,不明,2026-09-24-attribution-v1
BJ-2023-CY-YIMO-Q8,BJ-2023-CY-YIMO-Q8,BJ-2023-CY-YIMO,8,选择题,,整题,MAYBE,完整题-选择题照收,缺答案键,,不明,2026-09-24-attribution-v1
BJ-2023-CY-YIMO-Q9,BJ-2023-CY-YIMO-Q9,BJ-2023-CY-YIMO,9,选择题,,整题,MAYBE,完整题-选择题照收,缺答案键,,不明,2026-09-24-attribution-v1
BJ-2023-CY-YIMO-Q12,BJ-2023-CY-YIMO-Q12,BJ-2023-CY-YIMO,12,选择题,,整题,MAYBE,完整题-选择题照收,缺答案键,,不明,2026-09-24-attribution-v1
BJ-2023-CY-YIMO-Q13,BJ-2023-CY-YIMO-Q13,BJ-2023-CY-YIMO,13,选择题,,整题,MAYBE,完整题-选择题照收,缺答案键,,不明,2026-09-24-attribution-v1
BJ-2023-CY-YIMO-Q14,BJ-2023-CY-YIMO-Q14,BJ-2023-CY-YIMO,14,选择题,,整题,MAYBE,完整题-选择题照收,缺答案键,,不明,2026-09-24-attribution-v1
BJ-2023-CY-YIMO-Q15,BJ-2023-CY-YIMO-Q15,BJ-2023-CY-YIMO,15,选择题,,整题,MAYBE,完整题-选择题照收,缺答案键,,不明,2026-09-24-attribution-v1
BJ-2023-CY-YIMO-Q16,BJ-2023-CY-YIMO-Q16,BJ-2023-CY-YIMO,16,主观题,,整题,MAYBE,不收-无E1,缺细则,,不明,2026-09-24-attribution-v1
BJ-2023-CY-YIMO-Q17,BJ-2023-CY-YIMO-Q17,BJ-2023-CY-YIMO,17,主观题,,整题,MAYBE,不收-无E1,缺细则,,不明,2026-09-24-attribution-v1
BJ-2023-CY-YIMO-Q18,BJ-2023-CY-YIMO-Q18,BJ-2023-CY-YIMO,18,主观题,,整题,MAYBE,不收-无E1,缺细则,,不明,2026-09-24-attribution-v1
BJ-2023-CY-YIMO-Q19#1,BJ-2023-CY-YIMO-Q19,BJ-2023-CY-YIMO,19,主观题,1,小问,MAYBE,不收-无E1,缺细则,,不明,2026-09-24-attribution-v1
BJ-2023-CY-YIMO-Q19#2,BJ-2023-CY-YIMO-Q19,BJ-2023-CY-YIMO,19,主观题,2,小问,MAYBE,不收-无E1,缺细则,,倾向,2026-09-24-attribution-v1
BJ-2023-CY-YIMO-Q20#1,BJ-2023-CY-YIMO-Q20,BJ-2023-CY-YIMO,20,主观题,1,小问,IN,不收-无E1,缺细则,,倾向,2026-09-24-attribution-v1
BJ-2023-CY-YIMO-Q20#2,BJ-2023-CY-YIMO-Q20,BJ-2023-CY-YIMO,20,主观题,2,小问,MAYBE,不收-无E1,缺细则,,不明,2026-09-24-attribution-v1
BJ-2023-CY-YIMO-Q21,BJ-2023-CY-YIMO-Q21,BJ-2023-CY-YIMO,21,主观题,,整题,MAYBE,不收-无E1,缺细则,,不明,2026-09-24-attribution-v1
BJ-2024-CY-YIMO-Q1,BJ-2024-CY-YIMO-Q1,BJ-2024-CY-YIMO,1,选择题,,整题,MAYBE,完整题-选择题照收,E1,,倾向,2026-09-24-attribution-v1
BJ-2024-CY-YIMO-Q3,BJ-2024-CY-YIMO-Q3,BJ-2024-CY-YIMO,3,选择题,,整题,MAYBE,完整题-选择题照收,E1,,不明,2026-09-24-attribution-v1
BJ-2024-CY-YIMO-Q4,BJ-2024-CY-YIMO-Q4,BJ-2024-CY-YIMO,4,选择题,,整题,MAYBE,完整题-选择题照收,E1,,不明,2026-09-24-attribution-v1
BJ-2024-CY-YIMO-Q5,BJ-2024-CY-YIMO-Q5,BJ-2024-CY-YIMO,5,选择题,,整题,MAYBE,完整题-选择题照收,E1,,不明,2026-09-24-attribution-v1
BJ-2024-CY-YIMO-Q6,BJ-2024-CY-YIMO-Q6,BJ-2024-CY-YIMO,6,选择题,,整题,MAYBE,完整题-选择题照收,E1,,不明,2026-09-24-attribution-v1
BJ-2024-CY-YIMO-Q7,BJ-2024-CY-YIMO-Q7,BJ-2024-CY-YIMO,7,选择题,,整题,MAYBE,完整题-选择题照收,E1,,不明,2026-09-24-attribution-v1
BJ-2024-CY-YIMO-Q8,BJ-2024-CY-YIMO-Q8,BJ-2024-CY-YIMO,8,选择题,,整题,MAYBE,完整题-选择题照收,E1,,倾向,2026-09-24-attribution-v1
BJ-2024-CY-YIMO-Q9,BJ-2024-CY-YIMO-Q9,BJ-2024-CY-YIMO,9,选择题,,整题,MAYBE,完整题-选择题照收,E1,,不明,2026-09-24-attribution-v1
BJ-2024-CY-YIMO-Q10,BJ-2024-CY-YIMO-Q10,BJ-2024-CY-YIMO,10,选择题,,整题,MAYBE,完整题-选择题照收,E1,,倾向,2026-09-24-attribution-v1
BJ-2024-CY-YIMO-Q11,BJ-2024-CY-YIMO-Q11,BJ-2024-CY-YIMO,11,选择题,,整题,MAYBE,完整题-选择题照收,E1,,倾向,2026-09-24-attribution-v1
BJ-2024-CY-YIMO-Q12,BJ-2024-CY-YIMO-Q12,BJ-2024-CY-YIMO,12,选择题,,整题,MAYBE,完整题-选择题照收,E1,,不明,2026-09-24-attribution-v1
BJ-2024-CY-YIMO-Q15,BJ-2024-CY-YIMO-Q15,BJ-2024-CY-YIMO,15,选择题,,整题,MAYBE,完整题-选择题照收,E1,,不明,2026-09-24-attribution-v1
BJ-2024-CY-YIMO-Q16,BJ-2024-CY-YIMO-Q16,BJ-2024-CY-YIMO,16,主观题,,整题,MAYBE,完整题-有E1,E1,,不明,2026-09-24-attribution-v1
BJ-2024-CY-YIMO-Q18#1,BJ-2024-CY-YIMO-Q18,BJ-2024-CY-YIMO,18,主观题,1,小问,MAYBE,完整题-有E1,E1,,不明,2026-09-24-attribution-v1
BJ-2024-CY-YIMO-Q18#2,BJ-2024-CY-YIMO-Q18,BJ-2024-CY-YIMO,18,主观题,2,小问,MAYBE,完整题-有E1,E1,,不明,2026-09-24-attribution-v1
BJ-2023-DC-ERMO-Q3,BJ-2023-DC-ERMO-Q3,BJ-2023-DC-ERMO,3,选择题,,整题,MAYBE,完整题-选择题照收,E1,,不明,2026-09-24-attribution-v1
BJ-2023-DC-ERMO-Q4,BJ-2023-DC-ERMO-Q4,BJ-2023-DC-ERMO,4,选择题,,整题,MAYBE,完整题-选择题照收,E1,,不明,2026-09-24-attribution-v1
BJ-2023-DC-ERMO-Q5,BJ-2023-DC-ERMO-Q5,BJ-2023-DC-ERMO,5,选择题,,整题,MAYBE,完整题-选择题照收,E1,,不明,2026-09-24-attribution-v1
BJ-2023-DC-ERMO-Q8,BJ-2023-DC-ERMO-Q8,BJ-2023-DC-ERMO,8,选择题,,整题,MAYBE,完整题-选择题照收,E1,,倾向,2026-09-24-attribution-v1
BJ-2023-DC-ERMO-Q9,BJ-2023-DC-ERMO-Q9,BJ-2023-DC-ERMO,9,选择题,,整题,MAYBE,完整题-选择题照收,E1,,不明,2026-09-24-attribution-v1
BJ-2023-DC-ERMO-Q10,BJ-2023-DC-ERMO-Q10,BJ-2023-DC-ERMO,10,选择题,,整题,MAYBE,完整题-选择题照收,E1,,倾向,2026-09-24-attribution-v1
BJ-2023-DC-ERMO-Q13,BJ-2023-DC-ERMO-Q13,BJ-2023-DC-ERMO,13,选择题,,整题,MAYBE,完整题-选择题照收,E1,,不明,2026-09-24-attribution-v1
BJ-2023-DC-ERMO-Q14,BJ-2023-DC-ERMO-Q14,BJ-2023-DC-ERMO,14,选择题,,整题,MAYBE,完整题-选择题照收,E1,,不明,2026-09-24-attribution-v1
BJ-2023-DC-ERMO-Q15,BJ-2023-DC-ERMO-Q15,BJ-2023-DC-ERMO,15,选择题,,整题,MAYBE,完整题-选择题照收,E1,,不明,2026-09-24-attribution-v1
BJ-2023-DC-ERMO-Q17,BJ-2023-DC-ERMO-Q17,BJ-2023-DC-ERMO,17,主观题,,整题,MAYBE,完整题-有E1,E1,,不明,2026-09-24-attribution-v1
BJ-2023-DC-ERMO-Q18#1,BJ-2023-DC-ERMO-Q18,BJ-2023-DC-ERMO,18,主观题,1,小问,IN,完整题-有E1,E1,,倾向,2026-09-24-attribution-v1
BJ-2023-DC-ERMO-Q18#2,BJ-2023-DC-ERMO-Q18,BJ-2023-DC-ERMO,18,主观题,2,小问,MAYBE,完整题-有E1,E1,,不明,2026-09-24-attribution-v1
BJ-2023-DC-ERMO-Q20,BJ-2023-DC-ERMO-Q20,BJ-2023-DC-ERMO,20,主观题,,整题,MAYBE,完整题-有E1,E1,,倾向,2026-09-24-attribution-v1
BJ-2023-DC-ERMO-Q21,BJ-2023-DC-ERMO-Q21,BJ-2023-DC-ERMO,21,主观题,,整题,MAYBE,完整题-有E1,E1,,不明,2026-09-24-attribution-v1
BJ-2023-BJ-GAOKAO-Q1,BJ-2023-BJ-GAOKAO-Q1,BJ-2023-BJ-GAOKAO,1,选择题,,整题,MAYBE,完整题-选择题照收,E1,,不明,2026-09-24-attribution-v1
BJ-2023-BJ-GAOKAO-Q2,BJ-2023-BJ-GAOKAO-Q2,BJ-2023-BJ-GAOKAO,2,选择题,,整题,IN,完整题-选择题照收,E1,,倾向,2026-09-24-attribution-v1
BJ-2023-BJ-GAOKAO-Q4,BJ-2023-BJ-GAOKAO-Q4,BJ-2023-BJ-GAOKAO,4,选择题,,整题,MAYBE,完整题-选择题照收,E1,,不明,2026-09-24-attribution-v1
BJ-2023-BJ-GAOKAO-Q5,BJ-2023-BJ-GAOKAO-Q5,BJ-2023-BJ-GAOKAO,5,选择题,,整题,MAYBE,完整题-选择题照收,E1,,不明,2026-09-24-attribution-v1
BJ-2023-BJ-GAOKAO-Q6,BJ-2023-BJ-GAOKAO-Q6,BJ-2023-BJ-GAOKAO,6,选择题,,整题,MAYBE,完整题-选择题照收,E1,,不明,2026-09-24-attribution-v1
BJ-2023-BJ-GAOKAO-Q7,BJ-2023-BJ-GAOKAO-Q7,BJ-2023-BJ-GAOKAO,7,选择题,,整题,MAYBE,完整题-选择题照收,E1,,不明,2026-09-24-attribution-v1
BJ-2023-BJ-GAOKAO-Q8,BJ-2023-BJ-GAOKAO-Q8,BJ-2023-BJ-GAOKAO,8,选择题,,整题,MAYBE,完整题-选择题照收,E1,,不明,2026-09-24-attribution-v1
BJ-2023-BJ-GAOKAO-Q9,BJ-2023-BJ-GAOKAO-Q9,BJ-2023-BJ-GAOKAO,9,选择题,,整题,MAYBE,完整题-选择题照收,E1,,不明,2026-09-24-attribution-v1
BJ-2023-BJ-GAOKAO-Q10,BJ-2023-BJ-GAOKAO-Q10,BJ-2023-BJ-GAOKAO,10,选择题,,整题,MAYBE,完整题-选择题照收,E1,,倾向,2026-09-24-attribution-v1
BJ-2023-BJ-GAOKAO-Q11,BJ-2023-BJ-GAOKAO-Q11,BJ-2023-BJ-GAOKAO,11,选择题,,整题,MAYBE,完整题-选择题照收,E1,,倾向,2026-09-24-attribution-v1
BJ-2023-BJ-GAOKAO-Q14,BJ-2023-BJ-GAOKAO-Q14,BJ-2023-BJ-GAOKAO,14,选择题,,整题,MAYBE,完整题-选择题照收,E1,,不明,2026-09-24-attribution-v1
BJ-2023-BJ-GAOKAO-Q15,BJ-2023-BJ-GAOKAO-Q15,BJ-2023-BJ-GAOKAO,15,选择题,,整题,MAYBE,完整题-选择题照收,E1,,倾向,2026-09-24-attribution-v1
BJ-2024-CY-ERMO-Q1,BJ-2024-CY-ERMO-Q1,BJ-2024-CY-ERMO,1,选择题,,整题,MAYBE,完整题-选择题照收,E1,,倾向,2026-09-24-attribution-v1
BJ-2024-CY-ERMO-Q3,BJ-2024-CY-ERMO-Q3,BJ-2024-CY-ERMO,3,选择题,,整题,IN,完整题-选择题照收,E1,,不明,2026-09-24-attribution-v1
BJ-2024-CY-ERMO-Q4,BJ-2024-CY-ERMO-Q4,BJ-2024-CY-ERMO,4,选择题,,整题,MAYBE,完整题-选择题照收,E1,,不明,2026-09-24-attribution-v1
BJ-2024-CY-ERMO-Q7,BJ-2024-CY-ERMO-Q7,BJ-2024-CY-ERMO,7,选择题,,整题,MAYBE,完整题-选择题照收,E1,,不明,2026-09-24-attribution-v1
BJ-2024-CY-ERMO-Q8,BJ-2024-CY-ERMO-Q8,BJ-2024-CY-ERMO,8,选择题,,整题,IN,完整题-选择题照收,E1,,倾向,2026-09-24-attribution-v1
BJ-2024-CY-ERMO-Q9,BJ-2024-CY-ERMO-Q9,BJ-2024-CY-ERMO,9,选择题,,整题,MAYBE,完整题-选择题照收,E1,,不明,2026-09-24-attribution-v1
BJ-2024-CY-ERMO-Q10,BJ-2024-CY-ERMO-Q10,BJ-2024-CY-ERMO,10,选择题,,整题,MAYBE,完整题-选择题照收,E1,,倾向,2026-09-24-attribution-v1
BJ-2024-CY-ERMO-Q11,BJ-2024-CY-ERMO-Q11,BJ-2024-CY-ERMO,11,选择题,,整题,IN,完整题-选择题照收,E1,,倾向,2026-09-24-attribution-v1
BJ-2024-CY-ERMO-Q12,BJ-2024-CY-ERMO-Q12,BJ-2024-CY-ERMO,12,选择题,,整题,MAYBE,完整题-选择题照收,E1,,不明,2026-09-24-attribution-v1
BJ-2024-CY-ERMO-Q13,BJ-2024-CY-ERMO-Q13,BJ-2024-CY-ERMO,13,选择题,,整题,IN,完整题-选择题照收,E1,,倾向,2026-09-24-attribution-v1
BJ-2024-CY-ERMO-Q14,BJ-2024-CY-ERMO-Q14,BJ-2024-CY-ERMO,14,选择题,,整题,IN,完整题-选择题照收,E1,,不明,2026-09-24-attribution-v1
BJ-2024-CY-ERMO-Q18,BJ-2024-CY-ERMO-Q18,BJ-2024-CY-ERMO,18,主观题,,整题,MAYBE,完整题-有E1,E1,B1:rubric_unreadable_not_OUT;B2:rubric_unreadable_not_OUT;PH:rubric_unreadable_not_OUT;CU:rubric_unreadable_not_OUT;MI:rubric_unreadable_not_OUT;RE:rubric_unreadable_not_OUT,倾向,2026-09-24-attribution-v1
BJ-2024-CY-ERMO-Q19#1,BJ-2024-CY-ERMO-Q19,BJ-2024-CY-ERMO,19,主观题,1,小问,MAYBE,完整题-有E1,E1,B1:rubric_unreadable_not_OUT;B2:rubric_unreadable_not_OUT;B3:rubric_unreadable_not_OUT;PH:rubric_unreadable_not_OUT;X1:rubric_unreadable_not_OUT,倾向,2026-09-24-attribution-v1
BJ-2024-CY-ERMO-Q19#2,BJ-2024-CY-ERMO-Q19,BJ-2024-CY-ERMO,19,主观题,2,小问,MAYBE,完整题-有E1,E1,,不明,2026-09-24-attribution-v1
BJ-2024-CY-ERMO-Q19#3,BJ-2024-CY-ERMO-Q19,BJ-2024-CY-ERMO,19,主观题,3,小问,MAYBE,完整题-有E1,E1,,不明,2026-09-24-attribution-v1
BJ-2022-BJ-GAOKAO-Q1,BJ-2022-BJ-GAOKAO-Q1,BJ-2022-BJ-GAOKAO,1,选择题,,整题,MAYBE,完整题-选择题照收,E1,,不明,2026-09-24-attribution-v1
BJ-2022-BJ-GAOKAO-Q3,BJ-2022-BJ-GAOKAO-Q3,BJ-2022-BJ-GAOKAO,3,选择题,,整题,MAYBE,完整题-选择题照收,E1,,不明,2026-09-24-attribution-v1
BJ-2022-BJ-GAOKAO-Q4,BJ-2022-BJ-GAOKAO-Q4,BJ-2022-BJ-GAOKAO,4,选择题,,整题,MAYBE,完整题-选择题照收,E1,,不明,2026-09-24-attribution-v1
BJ-2022-BJ-GAOKAO-Q5,BJ-2022-BJ-GAOKAO-Q5,BJ-2022-BJ-GAOKAO,5,选择题,,整题,MAYBE,完整题-选择题照收,E1,,不明,2026-09-24-attribution-v1
BJ-2022-BJ-GAOKAO-Q6,BJ-2022-BJ-GAOKAO-Q6,BJ-2022-BJ-GAOKAO,6,选择题,,整题,MAYBE,完整题-选择题照收,E1,,不明,2026-09-24-attribution-v1
BJ-2022-BJ-GAOKAO-Q7,BJ-2022-BJ-GAOKAO-Q7,BJ-2022-BJ-GAOKAO,7,选择题,,整题,MAYBE,完整题-选择题照收,E1,,不明,2026-09-24-attribution-v1
BJ-2022-BJ-GAOKAO-Q8,BJ-2022-BJ-GAOKAO-Q8,BJ-2022-BJ-GAOKAO,8,选择题,,整题,MAYBE,完整题-选择题照收,E1,,不明,2026-09-24-attribution-v1
BJ-2022-BJ-GAOKAO-Q9,BJ-2022-BJ-GAOKAO-Q9,BJ-2022-BJ-GAOKAO,9,选择题,,整题,MAYBE,完整题-选择题照收,E1,,不明,2026-09-24-attribution-v1
BJ-2022-BJ-GAOKAO-Q12,BJ-2022-BJ-GAOKAO-Q12,BJ-2022-BJ-GAOKAO,12,选择题,,整题,MAYBE,完整题-选择题照收,E1,,倾向,2026-09-24-attribution-v1
BJ-2022-BJ-GAOKAO-Q13,BJ-2022-BJ-GAOKAO-Q13,BJ-2022-BJ-GAOKAO,13,选择题,,整题,MAYBE,完整题-选择题照收,E1,,倾向,2026-09-24-attribution-v1
BJ-2022-BJ-GAOKAO-Q14,BJ-2022-BJ-GAOKAO-Q14,BJ-2022-BJ-GAOKAO,14,选择题,,整题,MAYBE,完整题-选择题照收,E1,,不明,2026-09-24-attribution-v1
BJ-2022-BJ-GAOKAO-Q21,BJ-2022-BJ-GAOKAO-Q21,BJ-2022-BJ-GAOKAO,21,主观题,,整题,MAYBE,完整题-有E1,E1,,不明,2026-09-24-attribution-v1
BJ-2025-DC-ERMO-Q1,BJ-2025-DC-ERMO-Q1,BJ-2025-DC-ERMO,1,选择题,,整题,MAYBE,完整题-选择题照收,E1,,不明,2026-09-24-attribution-v1
BJ-2025-DC-ERMO-Q2,BJ-2025-DC-ERMO-Q2,BJ-2025-DC-ERMO,2,选择题,,整题,MAYBE,完整题-选择题照收,E1,,倾向,2026-09-24-attribution-v1
BJ-2025-DC-ERMO-Q3,BJ-2025-DC-ERMO-Q3,BJ-2025-DC-ERMO,3,选择题,,整题,MAYBE,完整题-选择题照收,E1,,不明,2026-09-24-attribution-v1
BJ-2025-DC-ERMO-Q4,BJ-2025-DC-ERMO-Q4,BJ-2025-DC-ERMO,4,选择题,,整题,MAYBE,完整题-选择题照收,E1,,不明,2026-09-24-attribution-v1
BJ-2025-DC-ERMO-Q5,BJ-2025-DC-ERMO-Q5,BJ-2025-DC-ERMO,5,选择题,,整题,MAYBE,完整题-选择题照收,E1,,不明,2026-09-24-attribution-v1
BJ-2025-DC-ERMO-Q10,BJ-2025-DC-ERMO-Q10,BJ-2025-DC-ERMO,10,选择题,,整题,MAYBE,完整题-选择题照收,E1,,倾向,2026-09-24-attribution-v1
BJ-2025-DC-ERMO-Q11,BJ-2025-DC-ERMO-Q11,BJ-2025-DC-ERMO,11,选择题,,整题,MAYBE,完整题-选择题照收,E1,,倾向,2026-09-24-attribution-v1
BJ-2025-DC-ERMO-Q12,BJ-2025-DC-ERMO-Q12,BJ-2025-DC-ERMO,12,选择题,,整题,MAYBE,完整题-选择题照收,E1,,不明,2026-09-24-attribution-v1
BJ-2025-DC-ERMO-Q13,BJ-2025-DC-ERMO-Q13,BJ-2025-DC-ERMO,13,选择题,,整题,MAYBE,完整题-选择题照收,E1,,倾向,2026-09-24-attribution-v1
BJ-2025-DC-ERMO-Q14,BJ-2025-DC-ERMO-Q14,BJ-2025-DC-ERMO,14,选择题,,整题,MAYBE,完整题-选择题照收,E1,,不明,2026-09-24-attribution-v1
BJ-2025-DC-ERMO-Q15,BJ-2025-DC-ERMO-Q15,BJ-2025-DC-ERMO,15,选择题,,整题,MAYBE,完整题-选择题照收,E1,,不明,2026-09-24-attribution-v1
BJ-2025-DC-ERMO-Q16,BJ-2025-DC-ERMO-Q16,BJ-2025-DC-ERMO,16,主观题,,整题,MAYBE,完整题-有E1,E1,,不明,2026-09-24-attribution-v1
BJ-2025-DC-ERMO-Q17,BJ-2025-DC-ERMO-Q17,BJ-2025-DC-ERMO,17,主观题,,整题,MAYBE,完整题-有E1,E1,,不明,2026-09-24-attribution-v1
BJ-2025-DC-ERMO-Q19,BJ-2025-DC-ERMO-Q19,BJ-2025-DC-ERMO,19,主观题,,整题,MAYBE,完整题-有E1,E1,,倾向,2026-09-24-attribution-v1
BJ-2025-DC-ERMO-Q20,BJ-2025-DC-ERMO-Q20,BJ-2025-DC-ERMO,20,主观题,,整题,MAYBE,完整题-有E1,E1,,倾向,2026-09-24-attribution-v1
BJ-2025-DC-ERMO-Q21,BJ-2025-DC-ERMO-Q21,BJ-2025-DC-ERMO,21,主观题,,整题,MAYBE,完整题-有E1,E1,,不明,2026-09-24-attribution-v1
BJ-2023-CY-ERMO-Q1,BJ-2023-CY-ERMO-Q1,BJ-2023-CY-ERMO,1,选择题,,整题,MAYBE,完整题-选择题照收,缺答案键,,不明,2026-09-24-attribution-v1
BJ-2023-CY-ERMO-Q2,BJ-2023-CY-ERMO-Q2,BJ-2023-CY-ERMO,2,选择题,,整题,MAYBE,完整题-选择题照收,缺答案键,,不明,2026-09-24-attribution-v1
BJ-2023-CY-ERMO-Q3,BJ-2023-CY-ERMO-Q3,BJ-2023-CY-ERMO,3,选择题,,整题,MAYBE,完整题-选择题照收,缺答案键,,不明,2026-09-24-attribution-v1
BJ-2023-CY-ERMO-Q4,BJ-2023-CY-ERMO-Q4,BJ-2023-CY-ERMO,4,选择题,,整题,MAYBE,完整题-选择题照收,缺答案键,,不明,2026-09-24-attribution-v1
BJ-2023-CY-ERMO-Q5,BJ-2023-CY-ERMO-Q5,BJ-2023-CY-ERMO,5,选择题,,整题,MAYBE,完整题-选择题照收,缺答案键,,不明,2026-09-24-attribution-v1
BJ-2023-CY-ERMO-Q6,BJ-2023-CY-ERMO-Q6,BJ-2023-CY-ERMO,6,选择题,,整题,MAYBE,完整题-选择题照收,缺答案键,,不明,2026-09-24-attribution-v1
BJ-2023-CY-ERMO-Q7,BJ-2023-CY-ERMO-Q7,BJ-2023-CY-ERMO,7,选择题,,整题,MAYBE,完整题-选择题照收,缺答案键,,不明,2026-09-24-attribution-v1
BJ-2023-CY-ERMO-Q8,BJ-2023-CY-ERMO-Q8,BJ-2023-CY-ERMO,8,选择题,,整题,MAYBE,完整题-选择题照收,缺答案键,,倾向,2026-09-24-attribution-v1
BJ-2023-CY-ERMO-Q11,BJ-2023-CY-ERMO-Q11,BJ-2023-CY-ERMO,11,选择题,,整题,MAYBE,完整题-选择题照收,缺答案键,,倾向,2026-09-24-attribution-v1
BJ-2023-CY-ERMO-Q12,BJ-2023-CY-ERMO-Q12,BJ-2023-CY-ERMO,12,选择题,,整题,MAYBE,完整题-选择题照收,缺答案键,,不明,2026-09-24-attribution-v1
BJ-2023-CY-ERMO-Q13,BJ-2023-CY-ERMO-Q13,BJ-2023-CY-ERMO,13,选择题,,整题,MAYBE,完整题-选择题照收,缺答案键,,不明,2026-09-24-attribution-v1
BJ-2023-CY-ERMO-Q14,BJ-2023-CY-ERMO-Q14,BJ-2023-CY-ERMO,14,选择题,,整题,MAYBE,完整题-选择题照收,缺答案键,,不明,2026-09-24-attribution-v1
BJ-2023-CY-ERMO-Q15,BJ-2023-CY-ERMO-Q15,BJ-2023-CY-ERMO,15,选择题,,整题,MAYBE,完整题-选择题照收,缺答案键,,不明,2026-09-24-attribution-v1
BJ-2023-CY-ERMO-Q18,BJ-2023-CY-ERMO-Q18,BJ-2023-CY-ERMO,18,主观题,,整题,MAYBE,不收-无E1,缺细则,,不明,2026-09-24-attribution-v1
BJ-2023-CY-ERMO-Q19#1,BJ-2023-CY-ERMO-Q19,BJ-2023-CY-ERMO,19,主观题,1,小问,MAYBE,不收-无E1,缺细则,,倾向,2026-09-24-attribution-v1
BJ-2023-CY-ERMO-Q19#2,BJ-2023-CY-ERMO-Q19,BJ-2023-CY-ERMO,19,主观题,2,小问,IN,不收-无E1,缺细则,,倾向,2026-09-24-attribution-v1
BJ-2023-CY-ERMO-Q21,BJ-2023-CY-ERMO-Q21,BJ-2023-CY-ERMO,21,主观题,,整题,MAYBE,不收-无E1,缺细则,B2:rubric_unreadable_not_OUT;PH:rubric_unreadable_not_OUT;RE:rubric_unreadable_not_OUT,不明,2026-09-24-attribution-v1
BJ-2021-BJ-GAOKAO-Q1,BJ-2021-BJ-GAOKAO-Q1,BJ-2021-BJ-GAOKAO,1,选择题,,整题,MAYBE,完整题-选择题照收,E1,,不明,2026-09-24-attribution-v1
BJ-2021-BJ-GAOKAO-Q2,BJ-2021-BJ-GAOKAO-Q2,BJ-2021-BJ-GAOKAO,2,选择题,,整题,MAYBE,完整题-选择题照收,E1,,不明,2026-09-24-attribution-v1
BJ-2021-BJ-GAOKAO-Q3,BJ-2021-BJ-GAOKAO-Q3,BJ-2021-BJ-GAOKAO,3,选择题,,整题,MAYBE,完整题-选择题照收,E1,,不明,2026-09-24-attribution-v1
BJ-2021-BJ-GAOKAO-Q4,BJ-2021-BJ-GAOKAO-Q4,BJ-2021-BJ-GAOKAO,4,选择题,,整题,MAYBE,完整题-选择题照收,E1,,不明,2026-09-24-attribution-v1
BJ-2021-BJ-GAOKAO-Q5,BJ-2021-BJ-GAOKAO-Q5,BJ-2021-BJ-GAOKAO,5,选择题,,整题,MAYBE,完整题-选择题照收,E1,,不明,2026-09-24-attribution-v1
BJ-2021-BJ-GAOKAO-Q6,BJ-2021-BJ-GAOKAO-Q6,BJ-2021-BJ-GAOKAO,6,选择题,,整题,MAYBE,完整题-选择题照收,E1,,不明,2026-09-24-attribution-v1
BJ-2021-BJ-GAOKAO-Q7,BJ-2021-BJ-GAOKAO-Q7,BJ-2021-BJ-GAOKAO,7,选择题,,整题,MAYBE,完整题-选择题照收,E1,,不明,2026-09-24-attribution-v1
BJ-2021-BJ-GAOKAO-Q8,BJ-2021-BJ-GAOKAO-Q8,BJ-2021-BJ-GAOKAO,8,选择题,,整题,MAYBE,完整题-选择题照收,E1,,不明,2026-09-24-attribution-v1
BJ-2021-BJ-GAOKAO-Q10,BJ-2021-BJ-GAOKAO-Q10,BJ-2021-BJ-GAOKAO,10,选择题,,整题,IN,完整题-选择题照收,E1,,倾向,2026-09-24-attribution-v1
BJ-2021-BJ-GAOKAO-Q16,BJ-2021-BJ-GAOKAO-Q16,BJ-2021-BJ-GAOKAO,16,主观题,,整题,MAYBE,完整题-有E1,E1,,倾向,2026-09-24-attribution-v1
BJ-2021-BJ-GAOKAO-Q18,BJ-2021-BJ-GAOKAO-Q18,BJ-2021-BJ-GAOKAO,18,主观题,,整题,MAYBE,完整题-有E1,E1,,不明,2026-09-24-attribution-v1
BJ-2021-BJ-GAOKAO-Q21#1,BJ-2021-BJ-GAOKAO-Q21,BJ-2021-BJ-GAOKAO,21,主观题,1,小问,MAYBE,完整题-有E1,E1,,不明,2026-09-24-attribution-v1
BJ-2021-BJ-GAOKAO-Q21#2,BJ-2021-BJ-GAOKAO-Q21,BJ-2021-BJ-GAOKAO,21,主观题,2,小问,MAYBE,完整题-有E1,E1,,不明,2026-09-24-attribution-v1
BJ-2024-HD-QIZHONG-Q1,BJ-2024-HD-QIZHONG-Q1,BJ-2024-HD-QIZHONG,1,选择题,,整题,IN,完整题-选择题照收,E1,,不明,2026-09-24-attribution-v1
BJ-2024-HD-QIZHONG-Q3,BJ-2024-HD-QIZHONG-Q3,BJ-2024-HD-QIZHONG,3,选择题,,整题,MAYBE,完整题-选择题照收,E1,,不明,2026-09-24-attribution-v1
BJ-2024-HD-QIZHONG-Q7,BJ-2024-HD-QIZHONG-Q7,BJ-2024-HD-QIZHONG,7,选择题,,整题,IN,完整题-选择题照收,E1,,不明,2026-09-24-attribution-v1
BJ-2024-HD-QIZHONG-Q8,BJ-2024-HD-QIZHONG-Q8,BJ-2024-HD-QIZHONG,8,选择题,,整题,MAYBE,完整题-选择题照收,E1,,不明,2026-09-24-attribution-v1
BJ-2024-HD-QIZHONG-Q9,BJ-2024-HD-QIZHONG-Q9,BJ-2024-HD-QIZHONG,9,选择题,,整题,MAYBE,完整题-选择题照收,E1,,不明,2026-09-24-attribution-v1
BJ-2024-HD-QIZHONG-Q12,BJ-2024-HD-QIZHONG-Q12,BJ-2024-HD-QIZHONG,12,选择题,,整题,IN,完整题-选择题照收,E1,,不明,2026-09-24-attribution-v1
BJ-2024-HD-QIZHONG-Q13,BJ-2024-HD-QIZHONG-Q13,BJ-2024-HD-QIZHONG,13,选择题,,整题,IN,完整题-选择题照收,E1,,倾向,2026-09-24-attribution-v1
BJ-2026-CY-QIMO-Q1,BJ-2026-CY-QIMO-Q1,BJ-2026-CY-QIMO,1,选择题,,整题,MAYBE,完整题-选择题照收,E1,,不明,2026-09-24-attribution-v1
BJ-2026-CY-QIMO-Q3,BJ-2026-CY-QIMO-Q3,BJ-2026-CY-QIMO,3,选择题,,整题,MAYBE,完整题-选择题照收,E1,,不明,2026-09-24-attribution-v1
BJ-2026-CY-QIMO-Q4,BJ-2026-CY-QIMO-Q4,BJ-2026-CY-QIMO,4,选择题,,整题,MAYBE,完整题-选择题照收,E1,,倾向,2026-09-24-attribution-v1
BJ-2026-CY-QIMO-Q5,BJ-2026-CY-QIMO-Q5,BJ-2026-CY-QIMO,5,选择题,,整题,MAYBE,完整题-选择题照收,E1,,不明,2026-09-24-attribution-v1
BJ-2026-CY-QIMO-Q6,BJ-2026-CY-QIMO-Q6,BJ-2026-CY-QIMO,6,选择题,,整题,MAYBE,完整题-选择题照收,E1,,不明,2026-09-24-attribution-v1
BJ-2026-CY-QIMO-Q8,BJ-2026-CY-QIMO-Q8,BJ-2026-CY-QIMO,8,选择题,,整题,MAYBE,完整题-选择题照收,E1,,不明,2026-09-24-attribution-v1
BJ-2026-CY-QIMO-Q9,BJ-2026-CY-QIMO-Q9,BJ-2026-CY-QIMO,9,选择题,,整题,MAYBE,完整题-选择题照收,E1,,不明,2026-09-24-attribution-v1
BJ-2026-CY-QIMO-Q10,BJ-2026-CY-QIMO-Q10,BJ-2026-CY-QIMO,10,选择题,,整题,MAYBE,完整题-选择题照收,E1,,倾向,2026-09-24-attribution-v1
BJ-2026-CY-QIMO-Q11,BJ-2026-CY-QIMO-Q11,BJ-2026-CY-QIMO,11,选择题,,整题,MAYBE,完整题-选择题照收,E1,,倾向,2026-09-24-attribution-v1
BJ-2026-CY-QIMO-Q16,BJ-2026-CY-QIMO-Q16,BJ-2026-CY-QIMO,16,主观题,,整题,MAYBE,完整题-有E1,E1,,倾向,2026-09-24-attribution-v1
BJ-2026-CY-QIMO-Q17,BJ-2026-CY-QIMO-Q17,BJ-2026-CY-QIMO,17,主观题,,整题,MAYBE,完整题-有E1,E1,,不明,2026-09-24-attribution-v1
BJ-2023-HD-ERMO-Q1,BJ-2023-HD-ERMO-Q1,BJ-2023-HD-ERMO,1,选择题,,整题,MAYBE,完整题-选择题照收,E1,,不明,2026-09-24-attribution-v1
BJ-2023-HD-ERMO-Q11,BJ-2023-HD-ERMO-Q11,BJ-2023-HD-ERMO,11,选择题,,整题,MAYBE,完整题-选择题照收,E1,,不明,2026-09-24-attribution-v1
BJ-2023-HD-ERMO-Q12,BJ-2023-HD-ERMO-Q12,BJ-2023-HD-ERMO,12,选择题,,整题,MAYBE,完整题-选择题照收,E1,,不明,2026-09-24-attribution-v1
BJ-2023-HD-ERMO-Q2,BJ-2023-HD-ERMO-Q2,BJ-2023-HD-ERMO,2,选择题,,整题,MAYBE,完整题-选择题照收,E1,,不明,2026-09-24-attribution-v1
BJ-2023-HD-ERMO-Q21#2,BJ-2023-HD-ERMO-Q21,BJ-2023-HD-ERMO,21,主观题,2,小问,MAYBE,完整题-有E1,E1,,不明,2026-09-24-attribution-v1
BJ-2023-HD-ERMO-Q3,BJ-2023-HD-ERMO-Q3,BJ-2023-HD-ERMO,3,选择题,,整题,MAYBE,完整题-选择题照收,E1,,不明,2026-09-24-attribution-v1
BJ-2023-HD-ERMO-Q4,BJ-2023-HD-ERMO-Q4,BJ-2023-HD-ERMO,4,选择题,,整题,MAYBE,完整题-选择题照收,E1,,不明,2026-09-24-attribution-v1
BJ-2023-HD-ERMO-Q5,BJ-2023-HD-ERMO-Q5,BJ-2023-HD-ERMO,5,选择题,,整题,MAYBE,完整题-选择题照收,E1,,不明,2026-09-24-attribution-v1
BJ-2023-DC-YIMO-Q21,BJ-2023-DC-YIMO-Q21,BJ-2023-DC-YIMO,21,主观题,,整题,MAYBE,完整题-有E1,E1,,不明,2026-09-24-attribution-v1
BJ-2023-DC-YIMO-Q1,BJ-2023-DC-YIMO-Q1,BJ-2023-DC-YIMO,1,选择题,,整题,MAYBE,完整题-选择题照收,E1,,倾向,2026-09-24-attribution-v1
BJ-2023-DC-YIMO-Q5,BJ-2023-DC-YIMO-Q5,BJ-2023-DC-YIMO,5,选择题,,整题,MAYBE,完整题-选择题照收,E1,,不明,2026-09-24-attribution-v1
BJ-2023-DC-YIMO-Q6,BJ-2023-DC-YIMO-Q6,BJ-2023-DC-YIMO,6,选择题,,整题,MAYBE,完整题-选择题照收,E1,,不明,2026-09-24-attribution-v1
BJ-2023-DC-YIMO-Q10,BJ-2023-DC-YIMO-Q10,BJ-2023-DC-YIMO,10,选择题,,整题,MAYBE,完整题-选择题照收,E1,,倾向,2026-09-24-attribution-v1
BJ-2023-DC-YIMO-Q12,BJ-2023-DC-YIMO-Q12,BJ-2023-DC-YIMO,12,选择题,,整题,MAYBE,完整题-选择题照收,E1,,倾向,2026-09-24-attribution-v1
BJ-2023-DC-YIMO-Q13,BJ-2023-DC-YIMO-Q13,BJ-2023-DC-YIMO,13,选择题,,整题,MAYBE,完整题-选择题照收,E1,,不明,2026-09-24-attribution-v1
BJ-2023-DC-YIMO-Q14,BJ-2023-DC-YIMO-Q14,BJ-2023-DC-YIMO,14,选择题,,整题,MAYBE,完整题-选择题照收,E1,,不明,2026-09-24-attribution-v1
BJ-2023-DC-YIMO-Q15,BJ-2023-DC-YIMO-Q15,BJ-2023-DC-YIMO,15,选择题,,整题,MAYBE,完整题-选择题照收,E1,,不明,2026-09-24-attribution-v1
BJ-2023-HD-YIMO-Q18#1,BJ-2023-HD-YIMO-Q18,BJ-2023-HD-YIMO,18,主观题,1,小问,MAYBE,不收-无E1,缺细则,,不明,2026-09-24-attribution-v1
BJ-2023-HD-YIMO-Q18#2,BJ-2023-HD-YIMO-Q18,BJ-2023-HD-YIMO,18,主观题,2,小问,MAYBE,不收-无E1,缺细则,,不明,2026-09-24-attribution-v1
BJ-2023-HD-YIMO-Q18#4,BJ-2023-HD-YIMO-Q18,BJ-2023-HD-YIMO,18,主观题,4,小问,MAYBE,不收-无E1,缺细则,,不明,2026-09-24-attribution-v1
BJ-2023-HD-YIMO-Q20#1,BJ-2023-HD-YIMO-Q20,BJ-2023-HD-YIMO,20,主观题,1,小问,MAYBE,不收-无E1,缺细则,,不明,2026-09-24-attribution-v1
BJ-2023-HD-YIMO-Q20#2,BJ-2023-HD-YIMO-Q20,BJ-2023-HD-YIMO,20,主观题,2,小问,MAYBE,不收-无E1,缺细则,,不明,2026-09-24-attribution-v1
BJ-2023-XC-YIMO-Q21#3,BJ-2023-XC-YIMO-Q21,BJ-2023-XC-YIMO,21,主观题,3,小问,MAYBE,完整题-有E1,E1,,不明,2026-09-24-attribution-v1
BJ-2023-XC-YIMO-Q1,BJ-2023-XC-YIMO-Q1,BJ-2023-XC-YIMO,1,选择题,,整题,MAYBE,完整题-选择题照收,E1,,不明,2026-09-24-attribution-v1
BJ-2023-XC-YIMO-Q2,BJ-2023-XC-YIMO-Q2,BJ-2023-XC-YIMO,2,选择题,,整题,MAYBE,完整题-选择题照收,E1,,不明,2026-09-24-attribution-v1
BJ-2023-XC-YIMO-Q3,BJ-2023-XC-YIMO-Q3,BJ-2023-XC-YIMO,3,选择题,,整题,MAYBE,完整题-选择题照收,E1,,不明,2026-09-24-attribution-v1
BJ-2023-XC-YIMO-Q6,BJ-2023-XC-YIMO-Q6,BJ-2023-XC-YIMO,6,选择题,,整题,MAYBE,完整题-选择题照收,E1,,不明,2026-09-24-attribution-v1
BJ-2023-XC-YIMO-Q7,BJ-2023-XC-YIMO-Q7,BJ-2023-XC-YIMO,7,选择题,,整题,MAYBE,完整题-选择题照收,E1,,不明,2026-09-24-attribution-v1
BJ-2023-XC-YIMO-Q8,BJ-2023-XC-YIMO-Q8,BJ-2023-XC-YIMO,8,选择题,,整题,MAYBE,完整题-选择题照收,E1,,倾向,2026-09-24-attribution-v1
BJ-2023-XC-YIMO-Q12,BJ-2023-XC-YIMO-Q12,BJ-2023-XC-YIMO,12,选择题,,整题,MAYBE,完整题-选择题照收,E1,,不明,2026-09-24-attribution-v1
BJ-2023-XC-YIMO-Q13,BJ-2023-XC-YIMO-Q13,BJ-2023-XC-YIMO,13,选择题,,整题,MAYBE,完整题-选择题照收,E1,,倾向,2026-09-24-attribution-v1
BJ-2023-XC-YIMO-Q14,BJ-2023-XC-YIMO-Q14,BJ-2023-XC-YIMO,14,选择题,,整题,MAYBE,完整题-选择题照收,E1,,不明,2026-09-24-attribution-v1
BJ-2023-XC-YIMO-Q15,BJ-2023-XC-YIMO-Q15,BJ-2023-XC-YIMO,15,选择题,,整题,MAYBE,完整题-选择题照收,E1,,不明,2026-09-24-attribution-v1
BJ-2023-XC-ERMO-Q2,BJ-2023-XC-ERMO-Q2,BJ-2023-XC-ERMO,2,选择题,,整题,MAYBE,完整题-选择题照收,E1,,不明,2026-09-24-attribution-v1
BJ-2023-XC-ERMO-Q3,BJ-2023-XC-ERMO-Q3,BJ-2023-XC-ERMO,3,选择题,,整题,MAYBE,完整题-选择题照收,E1,,不明,2026-09-24-attribution-v1
BJ-2023-XC-ERMO-Q4,BJ-2023-XC-ERMO-Q4,BJ-2023-XC-ERMO,4,选择题,,整题,MAYBE,完整题-选择题照收,E1,,不明,2026-09-24-attribution-v1
BJ-2023-XC-ERMO-Q12,BJ-2023-XC-ERMO-Q12,BJ-2023-XC-ERMO,12,选择题,,整题,MAYBE,完整题-选择题照收,E1,,不明,2026-09-24-attribution-v1
BJ-2023-XC-ERMO-Q13,BJ-2023-XC-ERMO-Q13,BJ-2023-XC-ERMO,13,选择题,,整题,MAYBE,完整题-选择题照收,E1,,不明,2026-09-24-attribution-v1
BJ-2023-HD-QIZHONG-Q1,BJ-2023-HD-QIZHONG-Q1,BJ-2023-HD-QIZHONG,1,选择题,,整题,MAYBE,完整题-选择题照收,缺答案键,,不明,2026-09-24-attribution-v1
BJ-2023-HD-QIZHONG-Q3,BJ-2023-HD-QIZHONG-Q3,BJ-2023-HD-QIZHONG,3,选择题,,整题,MAYBE,完整题-选择题照收,缺答案键,,不明,2026-09-24-attribution-v1
BJ-2023-HD-QIZHONG-Q7,BJ-2023-HD-QIZHONG-Q7,BJ-2023-HD-QIZHONG,7,选择题,,整题,MAYBE,完整题-选择题照收,缺答案键,,不明,2026-09-24-attribution-v1
BJ-2023-HD-QIZHONG-Q8,BJ-2023-HD-QIZHONG-Q8,BJ-2023-HD-QIZHONG,8,选择题,,整题,MAYBE,完整题-选择题照收,缺答案键,,不明,2026-09-24-attribution-v1
BJ-2023-HD-QIZHONG-Q9,BJ-2023-HD-QIZHONG-Q9,BJ-2023-HD-QIZHONG,9,选择题,,整题,MAYBE,完整题-选择题照收,缺答案键,,不明,2026-09-24-attribution-v1
BJ-2023-HD-QIZHONG-Q12,BJ-2023-HD-QIZHONG-Q12,BJ-2023-HD-QIZHONG,12,选择题,,整题,MAYBE,完整题-选择题照收,缺答案键,,不明,2026-09-24-attribution-v1
BJ-2023-HD-QIZHONG-Q13,BJ-2023-HD-QIZHONG-Q13,BJ-2023-HD-QIZHONG,13,选择题,,整题,MAYBE,完整题-选择题照收,缺答案键,,不明,2026-09-24-attribution-v1
BJ-2024-DC-YIMO-Q1,BJ-2024-DC-YIMO-Q1,BJ-2024-DC-YIMO,1,选择题,,整题,MAYBE,完整题-选择题照收,E1,,倾向,2026-09-24-attribution-v1
BJ-2024-DC-YIMO-Q3,BJ-2024-DC-YIMO-Q3,BJ-2024-DC-YIMO,3,选择题,,整题,MAYBE,完整题-选择题照收,E1,,不明,2026-09-24-attribution-v1
BJ-2024-DC-YIMO-Q4,BJ-2024-DC-YIMO-Q4,BJ-2024-DC-YIMO,4,选择题,,整题,MAYBE,完整题-选择题照收,E1,,不明,2026-09-24-attribution-v1
BJ-2024-DC-YIMO-Q2,BJ-2024-DC-YIMO-Q2,BJ-2024-DC-YIMO,2,选择题,,整题,MAYBE,完整题-选择题照收,E1,,不明,2026-09-24-attribution-v1
BJ-2024-DC-YIMO-Q5,BJ-2024-DC-YIMO-Q5,BJ-2024-DC-YIMO,5,选择题,,整题,MAYBE,完整题-选择题照收,E1,,不明,2026-09-24-attribution-v1
BJ-2024-DC-YIMO-Q6,BJ-2024-DC-YIMO-Q6,BJ-2024-DC-YIMO,6,选择题,,整题,MAYBE,完整题-选择题照收,E1,,不明,2026-09-24-attribution-v1
BJ-2024-DC-YIMO-Q7,BJ-2024-DC-YIMO-Q7,BJ-2024-DC-YIMO,7,选择题,,整题,MAYBE,完整题-选择题照收,E1,,不明,2026-09-24-attribution-v1
BJ-2024-DC-YIMO-Q8,BJ-2024-DC-YIMO-Q8,BJ-2024-DC-YIMO,8,选择题,,整题,MAYBE,完整题-选择题照收,E1,,倾向,2026-09-24-attribution-v1
BJ-2024-DC-YIMO-Q9,BJ-2024-DC-YIMO-Q9,BJ-2024-DC-YIMO,9,选择题,,整题,MAYBE,完整题-选择题照收,E1,,不明,2026-09-24-attribution-v1
BJ-2024-DC-YIMO-Q10,BJ-2024-DC-YIMO-Q10,BJ-2024-DC-YIMO,10,选择题,,整题,MAYBE,完整题-选择题照收,E1,,倾向,2026-09-24-attribution-v1
BJ-2024-DC-YIMO-Q11,BJ-2024-DC-YIMO-Q11,BJ-2024-DC-YIMO,11,选择题,,整题,MAYBE,完整题-选择题照收,E1,,倾向,2026-09-24-attribution-v1
BJ-2024-DC-YIMO-Q14,BJ-2024-DC-YIMO-Q14,BJ-2024-DC-YIMO,14,选择题,,整题,MAYBE,完整题-选择题照收,E1,,不明,2026-09-24-attribution-v1
BJ-2024-DC-YIMO-Q15,BJ-2024-DC-YIMO-Q15,BJ-2024-DC-YIMO,15,选择题,,整题,MAYBE,完整题-选择题照收,E1,,倾向,2026-09-24-attribution-v1
BJ-2024-HD-YIMO-Q20,BJ-2024-HD-YIMO-Q20,BJ-2024-HD-YIMO,20,主观题,,整题,MAYBE,不收-无E1,缺细则,,不明,2026-09-24-attribution-v1
BJ-2024-HD-YIMO-Q1,BJ-2024-HD-YIMO-Q1,BJ-2024-HD-YIMO,1,选择题,,整题,MAYBE,完整题-选择题照收,缺答案键,,倾向,2026-09-24-attribution-v1
BJ-2024-HD-YIMO-Q2,BJ-2024-HD-YIMO-Q2,BJ-2024-HD-YIMO,2,选择题,,整题,MAYBE,完整题-选择题照收,缺答案键,,倾向,2026-09-24-attribution-v1
BJ-2024-HD-YIMO-Q3,BJ-2024-HD-YIMO-Q3,BJ-2024-HD-YIMO,3,选择题,,整题,MAYBE,完整题-选择题照收,缺答案键,,不明,2026-09-24-attribution-v1
BJ-2024-HD-YIMO-Q4,BJ-2024-HD-YIMO-Q4,BJ-2024-HD-YIMO,4,选择题,,整题,MAYBE,完整题-选择题照收,缺答案键,,不明,2026-09-24-attribution-v1
BJ-2024-HD-YIMO-Q5,BJ-2024-HD-YIMO-Q5,BJ-2024-HD-YIMO,5,选择题,,整题,MAYBE,完整题-选择题照收,缺答案键,,不明,2026-09-24-attribution-v1
BJ-2024-HD-YIMO-Q6,BJ-2024-HD-YIMO-Q6,BJ-2024-HD-YIMO,6,选择题,,整题,MAYBE,完整题-选择题照收,缺答案键,,不明,2026-09-24-attribution-v1
BJ-2024-HD-YIMO-Q7,BJ-2024-HD-YIMO-Q7,BJ-2024-HD-YIMO,7,选择题,,整题,MAYBE,完整题-选择题照收,缺答案键,,不明,2026-09-24-attribution-v1
BJ-2024-HD-YIMO-Q8,BJ-2024-HD-YIMO-Q8,BJ-2024-HD-YIMO,8,选择题,,整题,MAYBE,完整题-选择题照收,缺答案键,,倾向,2026-09-24-attribution-v1
BJ-2024-HD-YIMO-Q9,BJ-2024-HD-YIMO-Q9,BJ-2024-HD-YIMO,9,选择题,,整题,MAYBE,完整题-选择题照收,缺答案键,,不明,2026-09-24-attribution-v1
BJ-2024-HD-YIMO-Q10,BJ-2024-HD-YIMO-Q10,BJ-2024-HD-YIMO,10,选择题,,整题,MAYBE,完整题-选择题照收,缺答案键,,倾向,2026-09-24-attribution-v1
BJ-2024-HD-YIMO-Q11,BJ-2024-HD-YIMO-Q11,BJ-2024-HD-YIMO,11,选择题,,整题,MAYBE,完整题-选择题照收,缺答案键,,倾向,2026-09-24-attribution-v1
BJ-2024-HD-YIMO-Q14,BJ-2024-HD-YIMO-Q14,BJ-2024-HD-YIMO,14,选择题,,整题,MAYBE,完整题-选择题照收,缺答案键,,不明,2026-09-24-attribution-v1
BJ-2024-HD-YIMO-Q15,BJ-2024-HD-YIMO-Q15,BJ-2024-HD-YIMO,15,选择题,,整题,MAYBE,完整题-选择题照收,缺答案键,,不明,2026-09-24-attribution-v1
BJ-2024-DC-ERMO-Q2,BJ-2024-DC-ERMO-Q2,BJ-2024-DC-ERMO,2,选择题,,整题,MAYBE,完整题-选择题照收,E1,,不明,2026-09-24-attribution-v1
BJ-2024-DC-ERMO-Q3,BJ-2024-DC-ERMO-Q3,BJ-2024-DC-ERMO,3,选择题,,整题,MAYBE,完整题-选择题照收,E1,,不明,2026-09-24-attribution-v1
BJ-2024-DC-ERMO-Q1,BJ-2024-DC-ERMO-Q1,BJ-2024-DC-ERMO,1,选择题,,整题,MAYBE,完整题-选择题照收,E1,,不明,2026-09-24-attribution-v1
BJ-2024-DC-ERMO-Q16,BJ-2024-DC-ERMO-Q16,BJ-2024-DC-ERMO,16,主观题,,整题,MAYBE,完整题-有E1,E1,,倾向,2026-09-24-attribution-v1
BJ-2024-DC-ERMO-Q19#1,BJ-2024-DC-ERMO-Q19,BJ-2024-DC-ERMO,19,主观题,1,小问,MAYBE,完整题-有E1,E1,,不明,2026-09-24-attribution-v1
BJ-2024-DC-ERMO-Q19#2,BJ-2024-DC-ERMO-Q19,BJ-2024-DC-ERMO,19,主观题,2,小问,MAYBE,完整题-有E1,E1,,不明,2026-09-24-attribution-v1
BJ-2024-DC-ERMO-Q20,BJ-2024-DC-ERMO-Q20,BJ-2024-DC-ERMO,20,主观题,,整题,MAYBE,完整题-有E1,E1,B1:rubric_unreadable_not_OUT;B2:rubric_unreadable_not_OUT;B3:rubric_unreadable_not_OUT;PH:rubric_unreadable_not_OUT;CU:rubric_unreadable_not_OUT;X2:rubric_unreadable_not_OUT;MI:rubric_unreadable_not_OUT;RE:rubric_unreadable_not_OUT,确定,2026-09-24-attribution-v1
BJ-2024-DC-ERMO-Q4,BJ-2024-DC-ERMO-Q4,BJ-2024-DC-ERMO,4,选择题,,整题,MAYBE,完整题-选择题照收,E1,,不明,2026-09-24-attribution-v1
BJ-2024-DC-ERMO-Q5,BJ-2024-DC-ERMO-Q5,BJ-2024-DC-ERMO,5,选择题,,整题,MAYBE,完整题-选择题照收,E1,,不明,2026-09-24-attribution-v1
BJ-2024-DC-ERMO-Q6,BJ-2024-DC-ERMO-Q6,BJ-2024-DC-ERMO,6,选择题,,整题,MAYBE,完整题-选择题照收,E1,,不明,2026-09-24-attribution-v1
BJ-2024-DC-ERMO-Q7,BJ-2024-DC-ERMO-Q7,BJ-2024-DC-ERMO,7,选择题,,整题,MAYBE,完整题-选择题照收,E1,,不明,2026-09-24-attribution-v1
BJ-2024-DC-ERMO-Q8,BJ-2024-DC-ERMO-Q8,BJ-2024-DC-ERMO,8,选择题,,整题,MAYBE,完整题-选择题照收,E1,,倾向,2026-09-24-attribution-v1
BJ-2024-DC-ERMO-Q9,BJ-2024-DC-ERMO-Q9,BJ-2024-DC-ERMO,9,选择题,,整题,MAYBE,完整题-选择题照收,E1,,不明,2026-09-24-attribution-v1
BJ-2024-DC-ERMO-Q10,BJ-2024-DC-ERMO-Q10,BJ-2024-DC-ERMO,10,选择题,,整题,MAYBE,完整题-选择题照收,E1,,不明,2026-09-24-attribution-v1
BJ-2024-DC-ERMO-Q11,BJ-2024-DC-ERMO-Q11,BJ-2024-DC-ERMO,11,选择题,,整题,MAYBE,完整题-选择题照收,E1,,不明,2026-09-24-attribution-v1
BJ-2024-FT-YIMO-Q16,BJ-2024-FT-YIMO-Q16,BJ-2024-FT-YIMO,16,主观题,,整题,MAYBE,完整题-有E1,E1,,不明,2026-09-24-attribution-v1
BJ-2024-FT-YIMO-Q19#1,BJ-2024-FT-YIMO-Q19,BJ-2024-FT-YIMO,19,主观题,1,小问,MAYBE,完整题-有E1,E1,,不明,2026-09-24-attribution-v1
BJ-2024-FT-YIMO-Q19#2,BJ-2024-FT-YIMO-Q19,BJ-2024-FT-YIMO,19,主观题,2,小问,MAYBE,完整题-有E1,E1,,不明,2026-09-24-attribution-v1
BJ-2024-FT-YIMO-Q1,BJ-2024-FT-YIMO-Q1,BJ-2024-FT-YIMO,1,选择题,,整题,MAYBE,完整题-选择题照收,E1,,不明,2026-09-24-attribution-v1
BJ-2024-FT-YIMO-Q2,BJ-2024-FT-YIMO-Q2,BJ-2024-FT-YIMO,2,选择题,,整题,MAYBE,完整题-选择题照收,E1,,不明,2026-09-24-attribution-v1
BJ-2024-FT-YIMO-Q3,BJ-2024-FT-YIMO-Q3,BJ-2024-FT-YIMO,3,选择题,,整题,MAYBE,完整题-选择题照收,E1,,不明,2026-09-24-attribution-v1
BJ-2024-FT-YIMO-Q4,BJ-2024-FT-YIMO-Q4,BJ-2024-FT-YIMO,4,选择题,,整题,MAYBE,完整题-选择题照收,E1,,不明,2026-09-24-attribution-v1
BJ-2024-FT-YIMO-Q5,BJ-2024-FT-YIMO-Q5,BJ-2024-FT-YIMO,5,选择题,,整题,MAYBE,完整题-选择题照收,E1,,不明,2026-09-24-attribution-v1
BJ-2024-FT-YIMO-Q6,BJ-2024-FT-YIMO-Q6,BJ-2024-FT-YIMO,6,选择题,,整题,MAYBE,完整题-选择题照收,E1,,不明,2026-09-24-attribution-v1
BJ-2024-FT-YIMO-Q8,BJ-2024-FT-YIMO-Q8,BJ-2024-FT-YIMO,8,选择题,,整题,IN,完整题-选择题照收,E1,,倾向,2026-09-24-attribution-v1
BJ-2024-FT-YIMO-Q9,BJ-2024-FT-YIMO-Q9,BJ-2024-FT-YIMO,9,选择题,,整题,MAYBE,完整题-选择题照收,E1,,不明,2026-09-24-attribution-v1
BJ-2024-FT-YIMO-Q10,BJ-2024-FT-YIMO-Q10,BJ-2024-FT-YIMO,10,选择题,,整题,MAYBE,完整题-选择题照收,E1,,不明,2026-09-24-attribution-v1
BJ-2024-FT-YIMO-Q11,BJ-2024-FT-YIMO-Q11,BJ-2024-FT-YIMO,11,选择题,,整题,MAYBE,完整题-选择题照收,E1,,倾向,2026-09-24-attribution-v1
BJ-2024-FT-YIMO-Q15,BJ-2024-FT-YIMO-Q15,BJ-2024-FT-YIMO,15,选择题,,整题,MAYBE,完整题-选择题照收,E1,,不明,2026-09-24-attribution-v1
BJ-2024-FT-YIMO-Q17,BJ-2024-FT-YIMO-Q17,BJ-2024-FT-YIMO,17,主观题,,整题,MAYBE,完整题-有E1,E1,,不明,2026-09-24-attribution-v1
BJ-2024-FT-YIMO-Q21,BJ-2024-FT-YIMO-Q21,BJ-2024-FT-YIMO,21,主观题,,整题,MAYBE,完整题-有E1,E1,,不明,2026-09-24-attribution-v1
BJ-2024-FT-YIMO-Q7,BJ-2024-FT-YIMO-Q7,BJ-2024-FT-YIMO,7,选择题,,整题,MAYBE,完整题-选择题照收,E1,,不明,2026-09-24-attribution-v1
BJ-2024-FT-ERMO-Q19,BJ-2024-FT-ERMO-Q19,BJ-2024-FT-ERMO,19,主观题,,整题,MAYBE,完整题-有E1,E1,,倾向,2026-09-24-attribution-v1
BJ-2024-FT-ERMO-Q1,BJ-2024-FT-ERMO-Q1,BJ-2024-FT-ERMO,1,选择题,,整题,MAYBE,完整题-选择题照收,E1,,倾向,2026-09-24-attribution-v1
BJ-2024-FT-ERMO-Q2,BJ-2024-FT-ERMO-Q2,BJ-2024-FT-ERMO,2,选择题,,整题,MAYBE,完整题-选择题照收,E1,,倾向,2026-09-24-attribution-v1
BJ-2024-FT-ERMO-Q6,BJ-2024-FT-ERMO-Q6,BJ-2024-FT-ERMO,6,选择题,,整题,MAYBE,完整题-选择题照收,E1,,不明,2026-09-24-attribution-v1
BJ-2024-FT-ERMO-Q7,BJ-2024-FT-ERMO-Q7,BJ-2024-FT-ERMO,7,选择题,,整题,MAYBE,完整题-选择题照收,E1,,不明,2026-09-24-attribution-v1
BJ-2024-FT-ERMO-Q8,BJ-2024-FT-ERMO-Q8,BJ-2024-FT-ERMO,8,选择题,,整题,MAYBE,完整题-选择题照收,E1,,倾向,2026-09-24-attribution-v1
BJ-2024-FT-ERMO-Q9,BJ-2024-FT-ERMO-Q9,BJ-2024-FT-ERMO,9,选择题,,整题,MAYBE,完整题-选择题照收,E1,,不明,2026-09-24-attribution-v1
BJ-2024-FT-ERMO-Q10,BJ-2024-FT-ERMO-Q10,BJ-2024-FT-ERMO,10,选择题,,整题,MAYBE,完整题-选择题照收,E1,,倾向,2026-09-24-attribution-v1
BJ-2024-FT-ERMO-Q11,BJ-2024-FT-ERMO-Q11,BJ-2024-FT-ERMO,11,选择题,,整题,MAYBE,完整题-选择题照收,E1,,倾向,2026-09-24-attribution-v1
BJ-2024-FT-ERMO-Q12,BJ-2024-FT-ERMO-Q12,BJ-2024-FT-ERMO,12,选择题,,整题,IN,完整题-选择题照收,E1,,倾向,2026-09-24-attribution-v1
BJ-2024-FT-ERMO-Q13,BJ-2024-FT-ERMO-Q13,BJ-2024-FT-ERMO,13,选择题,,整题,MAYBE,完整题-选择题照收,E1,,倾向,2026-09-24-attribution-v1
BJ-2024-FT-ERMO-Q15,BJ-2024-FT-ERMO-Q15,BJ-2024-FT-ERMO,15,选择题,,整题,MAYBE,完整题-选择题照收,E1,,不明,2026-09-24-attribution-v1
BJ-2024-FT-ERMO-Q16,BJ-2024-FT-ERMO-Q16,BJ-2024-FT-ERMO,16,主观题,,整题,MAYBE,完整题-有E1,E1,,倾向,2026-09-24-attribution-v1
BJ-2024-FT-ERMO-Q21,BJ-2024-FT-ERMO-Q21,BJ-2024-FT-ERMO,21,主观题,,整题,MAYBE,完整题-有E1,E1,,不明,2026-09-24-attribution-v1
BJ-2024-HD-ERMO-Q17#1,BJ-2024-HD-ERMO-Q17,BJ-2024-HD-ERMO,17,主观题,1,小问,MAYBE,不收-无E1,缺细则,B1:rubric_unreadable_not_OUT;B2:rubric_unreadable_not_OUT;B3:rubric_unreadable_not_OUT;CU:rubric_unreadable_not_OUT;X1:rubric_unreadable_not_OUT;X2:rubric_unreadable_not_OUT;RE:rubric_unreadable_not_OUT,确定,2026-09-24-attribution-v1
BJ-2024-HD-ERMO-Q17#2,BJ-2024-HD-ERMO-Q17,BJ-2024-HD-ERMO,17,主观题,2,小问,MAYBE,不收-无E1,缺细则,,不明,2026-09-24-attribution-v1
BJ-2024-HD-ERMO-Q18#1,BJ-2024-HD-ERMO-Q18,BJ-2024-HD-ERMO,18,主观题,1,小问,MAYBE,不收-无E1,缺细则,,不明,2026-09-24-attribution-v1
BJ-2024-HD-ERMO-Q19#1,BJ-2024-HD-ERMO-Q19,BJ-2024-HD-ERMO,19,主观题,1,小问,MAYBE,不收-无E1,缺细则,,不明,2026-09-24-attribution-v1
BJ-2024-HD-ERMO-Q1,BJ-2024-HD-ERMO-Q1,BJ-2024-HD-ERMO,1,选择题,,整题,MAYBE,完整题-选择题照收,缺答案键,,倾向,2026-09-24-attribution-v1
BJ-2024-HD-ERMO-Q2,BJ-2024-HD-ERMO-Q2,BJ-2024-HD-ERMO,2,选择题,,整题,MAYBE,完整题-选择题照收,缺答案键,,不明,2026-09-24-attribution-v1
BJ-2024-HD-ERMO-Q3,BJ-2024-HD-ERMO-Q3,BJ-2024-HD-ERMO,3,选择题,,整题,MAYBE,完整题-选择题照收,缺答案键,,不明,2026-09-24-attribution-v1
BJ-2024-HD-ERMO-Q4,BJ-2024-HD-ERMO-Q4,BJ-2024-HD-ERMO,4,选择题,,整题,MAYBE,完整题-选择题照收,缺答案键,,不明,2026-09-24-attribution-v1
BJ-2024-HD-ERMO-Q5,BJ-2024-HD-ERMO-Q5,BJ-2024-HD-ERMO,5,选择题,,整题,MAYBE,完整题-选择题照收,缺答案键,,不明,2026-09-24-attribution-v1
BJ-2024-HD-ERMO-Q6,BJ-2024-HD-ERMO-Q6,BJ-2024-HD-ERMO,6,选择题,,整题,MAYBE,完整题-选择题照收,缺答案键,,不明,2026-09-24-attribution-v1
BJ-2024-HD-ERMO-Q7,BJ-2024-HD-ERMO-Q7,BJ-2024-HD-ERMO,7,选择题,,整题,MAYBE,完整题-选择题照收,缺答案键,,不明,2026-09-24-attribution-v1
BJ-2024-HD-ERMO-Q8,BJ-2024-HD-ERMO-Q8,BJ-2024-HD-ERMO,8,选择题,,整题,MAYBE,完整题-选择题照收,缺答案键,,倾向,2026-09-24-attribution-v1
BJ-2024-HD-ERMO-Q9,BJ-2024-HD-ERMO-Q9,BJ-2024-HD-ERMO,9,选择题,,整题,MAYBE,完整题-选择题照收,缺答案键,,不明,2026-09-24-attribution-v1
BJ-2024-HD-ERMO-Q10,BJ-2024-HD-ERMO-Q10,BJ-2024-HD-ERMO,10,选择题,,整题,MAYBE,完整题-选择题照收,缺答案键,,倾向,2026-09-24-attribution-v1
BJ-2024-HD-ERMO-Q14,BJ-2024-HD-ERMO-Q14,BJ-2024-HD-ERMO,14,选择题,,整题,IN,完整题-选择题照收,缺答案键,,不明,2026-09-24-attribution-v1
BJ-2024-HD-ERMO-Q15,BJ-2024-HD-ERMO-Q15,BJ-2024-HD-ERMO,15,选择题,,整题,MAYBE,完整题-选择题照收,缺答案键,,倾向,2026-09-24-attribution-v1
BJ-2024-HD-ERMO-Q11,BJ-2024-HD-ERMO-Q11,BJ-2024-HD-ERMO,11,选择题,,整题,MAYBE,完整题-选择题照收,缺答案键,,倾向,2026-09-24-attribution-v1
BJ-2024-SJS-YIMO-Q4,BJ-2024-SJS-YIMO-Q4,BJ-2024-SJS-YIMO,4,选择题,,整题,MAYBE,完整题-选择题照收,E1,,不明,2026-09-24-attribution-v1
BJ-2024-SJS-YIMO-Q1,BJ-2024-SJS-YIMO-Q1,BJ-2024-SJS-YIMO,1,选择题,,整题,MAYBE,完整题-选择题照收,E1,,不明,2026-09-24-attribution-v1
BJ-2024-SJS-YIMO-Q2,BJ-2024-SJS-YIMO-Q2,BJ-2024-SJS-YIMO,2,选择题,,整题,MAYBE,完整题-选择题照收,E1,,不明,2026-09-24-attribution-v1
BJ-2024-SJS-YIMO-Q3,BJ-2024-SJS-YIMO-Q3,BJ-2024-SJS-YIMO,3,选择题,,整题,MAYBE,完整题-选择题照收,E1,,不明,2026-09-24-attribution-v1
BJ-2024-SJS-YIMO-Q5,BJ-2024-SJS-YIMO-Q5,BJ-2024-SJS-YIMO,5,选择题,,整题,MAYBE,完整题-选择题照收,E1,,不明,2026-09-24-attribution-v1
BJ-2024-SJS-YIMO-Q6,BJ-2024-SJS-YIMO-Q6,BJ-2024-SJS-YIMO,6,选择题,,整题,MAYBE,完整题-选择题照收,E1,,不明,2026-09-24-attribution-v1
BJ-2024-SJS-YIMO-Q7,BJ-2024-SJS-YIMO-Q7,BJ-2024-SJS-YIMO,7,选择题,,整题,MAYBE,完整题-选择题照收,E1,,不明,2026-09-24-attribution-v1
BJ-2024-SJS-YIMO-Q8,BJ-2024-SJS-YIMO-Q8,BJ-2024-SJS-YIMO,8,选择题,,整题,MAYBE,完整题-选择题照收,E1,,倾向,2026-09-24-attribution-v1
BJ-2024-SJS-YIMO-Q9,BJ-2024-SJS-YIMO-Q9,BJ-2024-SJS-YIMO,9,选择题,,整题,MAYBE,完整题-选择题照收,E1,,不明,2026-09-24-attribution-v1
BJ-2024-SJS-YIMO-Q10,BJ-2024-SJS-YIMO-Q10,BJ-2024-SJS-YIMO,10,选择题,,整题,MAYBE,完整题-选择题照收,E1,,倾向,2026-09-24-attribution-v1
BJ-2024-SJS-YIMO-Q11,BJ-2024-SJS-YIMO-Q11,BJ-2024-SJS-YIMO,11,选择题,,整题,MAYBE,完整题-选择题照收,E1,,倾向,2026-09-24-attribution-v1
BJ-2024-SJS-YIMO-Q15,BJ-2024-SJS-YIMO-Q15,BJ-2024-SJS-YIMO,15,选择题,,整题,MAYBE,完整题-选择题照收,E1,,倾向,2026-09-24-attribution-v1
BJ-2024-SJS-YIMO-Q16,BJ-2024-SJS-YIMO-Q16,BJ-2024-SJS-YIMO,16,主观题,,整题,MAYBE,完整题-有E1,E1,B1:rubric_unreadable_not_OUT;B2:rubric_unreadable_not_OUT;B3:rubric_unreadable_not_OUT;X1:rubric_unreadable_not_OUT;X2:rubric_unreadable_not_OUT;MI:rubric_unreadable_not_OUT;RE:rubric_unreadable_not_OUT,倾向,2026-09-24-attribution-v1
BJ-2024-SJS-YIMO-Q17,BJ-2024-SJS-YIMO-Q17,BJ-2024-SJS-YIMO,17,主观题,,整题,MAYBE,完整题-有E1,E1,,倾向,2026-09-24-attribution-v1
BJ-2024-SJS-YIMO-Q20,BJ-2024-SJS-YIMO-Q20,BJ-2024-SJS-YIMO,20,主观题,,整题,MAYBE,完整题-有E1,E1,,不明,2026-09-24-attribution-v1
BJ-2024-XC-YIMO-Q18#1,BJ-2024-XC-YIMO-Q18,BJ-2024-XC-YIMO,18,主观题,1,小问,MAYBE,完整题-有E1,E1,,不明,2026-09-24-attribution-v1
BJ-2024-XC-YIMO-Q18#2,BJ-2024-XC-YIMO-Q18,BJ-2024-XC-YIMO,18,主观题,2,小问,MAYBE,完整题-有E1,E1,,不明,2026-09-24-attribution-v1
BJ-2024-XC-YIMO-Q18#3,BJ-2024-XC-YIMO-Q18,BJ-2024-XC-YIMO,18,主观题,3,小问,MAYBE,完整题-有E1,E1,,倾向,2026-09-24-attribution-v1
BJ-2024-XC-YIMO-Q1,BJ-2024-XC-YIMO-Q1,BJ-2024-XC-YIMO,1,选择题,,整题,MAYBE,完整题-选择题照收,E1,,不明,2026-09-24-attribution-v1
BJ-2024-XC-YIMO-Q3,BJ-2024-XC-YIMO-Q3,BJ-2024-XC-YIMO,3,选择题,,整题,MAYBE,完整题-选择题照收,E1,,不明,2026-09-24-attribution-v1
BJ-2024-XC-YIMO-Q6,BJ-2024-XC-YIMO-Q6,BJ-2024-XC-YIMO,6,选择题,,整题,MAYBE,完整题-选择题照收,E1,,不明,2026-09-24-attribution-v1
BJ-2024-XC-YIMO-Q8,BJ-2024-XC-YIMO-Q8,BJ-2024-XC-YIMO,8,选择题,,整题,MAYBE,完整题-选择题照收,E1,,倾向,2026-09-24-attribution-v1
BJ-2024-XC-YIMO-Q9,BJ-2024-XC-YIMO-Q9,BJ-2024-XC-YIMO,9,选择题,,整题,MAYBE,完整题-选择题照收,E1,,不明,2026-09-24-attribution-v1
BJ-2024-XC-YIMO-Q10,BJ-2024-XC-YIMO-Q10,BJ-2024-XC-YIMO,10,选择题,,整题,MAYBE,完整题-选择题照收,E1,,不明,2026-09-24-attribution-v1
BJ-2024-XC-YIMO-Q11,BJ-2024-XC-YIMO-Q11,BJ-2024-XC-YIMO,11,选择题,,整题,MAYBE,完整题-选择题照收,E1,,倾向,2026-09-24-attribution-v1
BJ-2024-XC-YIMO-Q12,BJ-2024-XC-YIMO-Q12,BJ-2024-XC-YIMO,12,选择题,,整题,MAYBE,完整题-选择题照收,E1,,不明,2026-09-24-attribution-v1
BJ-2024-XC-YIMO-Q13,BJ-2024-XC-YIMO-Q13,BJ-2024-XC-YIMO,13,选择题,,整题,MAYBE,完整题-选择题照收,E1,,倾向,2026-09-24-attribution-v1
BJ-2024-XC-YIMO-Q14,BJ-2024-XC-YIMO-Q14,BJ-2024-XC-YIMO,14,选择题,,整题,MAYBE,完整题-选择题照收,E1,,不明,2026-09-24-attribution-v1
BJ-2024-XC-YIMO-Q15,BJ-2024-XC-YIMO-Q15,BJ-2024-XC-YIMO,15,选择题,,整题,MAYBE,完整题-选择题照收,E1,,倾向,2026-09-24-attribution-v1
BJ-2024-XC-ERMO-Q2,BJ-2024-XC-ERMO-Q2,BJ-2024-XC-ERMO,2,选择题,,整题,MAYBE,完整题-选择题照收,缺答案键,,不明,2026-09-24-attribution-v1
BJ-2024-XC-ERMO-Q3,BJ-2024-XC-ERMO-Q3,BJ-2024-XC-ERMO,3,选择题,,整题,MAYBE,完整题-选择题照收,缺答案键,,不明,2026-09-24-attribution-v1
BJ-2024-XC-ERMO-Q7,BJ-2024-XC-ERMO-Q7,BJ-2024-XC-ERMO,7,选择题,,整题,MAYBE,完整题-选择题照收,缺答案键,,不明,2026-09-24-attribution-v1
BJ-2024-XC-ERMO-Q8,BJ-2024-XC-ERMO-Q8,BJ-2024-XC-ERMO,8,选择题,,整题,MAYBE,完整题-选择题照收,缺答案键,,倾向,2026-09-24-attribution-v1
BJ-2024-XC-ERMO-Q9,BJ-2024-XC-ERMO-Q9,BJ-2024-XC-ERMO,9,选择题,,整题,MAYBE,完整题-选择题照收,缺答案键,,不明,2026-09-24-attribution-v1
BJ-2024-XC-ERMO-Q11,BJ-2024-XC-ERMO-Q11,BJ-2024-XC-ERMO,11,选择题,,整题,MAYBE,完整题-选择题照收,缺答案键,,倾向,2026-09-24-attribution-v1
BJ-2024-XC-ERMO-Q12,BJ-2024-XC-ERMO-Q12,BJ-2024-XC-ERMO,12,选择题,,整题,IN,完整题-选择题照收,缺答案键,,倾向,2026-09-24-attribution-v1
BJ-2024-XC-ERMO-Q13,BJ-2024-XC-ERMO-Q13,BJ-2024-XC-ERMO,13,选择题,,整题,IN,完整题-选择题照收,缺答案键,,倾向,2026-09-24-attribution-v1
BJ-2024-XC-ERMO-Q14,BJ-2024-XC-ERMO-Q14,BJ-2024-XC-ERMO,14,选择题,,整题,MAYBE,完整题-选择题照收,缺答案键,,不明,2026-09-24-attribution-v1
BJ-2025-DC-YIMO-Q1,BJ-2025-DC-YIMO-Q1,BJ-2025-DC-YIMO,1,选择题,,整题,MAYBE,完整题-选择题照收,E1,,倾向,2026-09-24-attribution-v1
BJ-2025-DC-YIMO-Q3,BJ-2025-DC-YIMO-Q3,BJ-2025-DC-YIMO,3,选择题,,整题,MAYBE,完整题-选择题照收,E1,,不明,2026-09-24-attribution-v1
BJ-2025-DC-YIMO-Q4,BJ-2025-DC-YIMO-Q4,BJ-2025-DC-YIMO,4,选择题,,整题,MAYBE,完整题-选择题照收,E1,,倾向,2026-09-24-attribution-v1
BJ-2025-DC-YIMO-Q5,BJ-2025-DC-YIMO-Q5,BJ-2025-DC-YIMO,5,选择题,,整题,MAYBE,完整题-选择题照收,E1,,不明,2026-09-24-attribution-v1
BJ-2025-DC-YIMO-Q19,BJ-2025-DC-YIMO-Q19,BJ-2025-DC-YIMO,19,主观题,,整题,MAYBE,完整题-有E1,E1,,不明,2026-09-24-attribution-v1
BJ-2025-DC-YIMO-Q2,BJ-2025-DC-YIMO-Q2,BJ-2025-DC-YIMO,2,选择题,,整题,MAYBE,完整题-选择题照收,E1,,不明,2026-09-24-attribution-v1
BJ-2025-DC-YIMO-Q6,BJ-2025-DC-YIMO-Q6,BJ-2025-DC-YIMO,6,选择题,,整题,MAYBE,完整题-选择题照收,E1,,不明,2026-09-24-attribution-v1
BJ-2025-DC-YIMO-Q7,BJ-2025-DC-YIMO-Q7,BJ-2025-DC-YIMO,7,选择题,,整题,MAYBE,完整题-选择题照收,E1,,不明,2026-09-24-attribution-v1
BJ-2025-DC-YIMO-Q8,BJ-2025-DC-YIMO-Q8,BJ-2025-DC-YIMO,8,选择题,,整题,MAYBE,完整题-选择题照收,E1,,倾向,2026-09-24-attribution-v1
BJ-2025-DC-YIMO-Q9,BJ-2025-DC-YIMO-Q9,BJ-2025-DC-YIMO,9,选择题,,整题,MAYBE,完整题-选择题照收,E1,,不明,2026-09-24-attribution-v1
BJ-2025-DC-YIMO-Q11,BJ-2025-DC-YIMO-Q11,BJ-2025-DC-YIMO,11,选择题,,整题,MAYBE,完整题-选择题照收,E1,,倾向,2026-09-24-attribution-v1
BJ-2025-DC-YIMO-Q13,BJ-2025-DC-YIMO-Q13,BJ-2025-DC-YIMO,13,选择题,,整题,MAYBE,完整题-选择题照收,E1,,不明,2026-09-24-attribution-v1
BJ-2025-DC-YIMO-Q14,BJ-2025-DC-YIMO-Q14,BJ-2025-DC-YIMO,14,选择题,,整题,MAYBE,完整题-选择题照收,E1,,不明,2026-09-24-attribution-v1
BJ-2025-DC-YIMO-Q15,BJ-2025-DC-YIMO-Q15,BJ-2025-DC-YIMO,15,选择题,,整题,MAYBE,完整题-选择题照收,E1,,不明,2026-09-24-attribution-v1
BJ-2025-FT-YIMO-Q1,BJ-2025-FT-YIMO-Q1,BJ-2025-FT-YIMO,1,选择题,,整题,MAYBE,完整题-选择题照收,缺答案键,,不明,2026-09-24-attribution-v1
BJ-2025-FT-YIMO-Q2,BJ-2025-FT-YIMO-Q2,BJ-2025-FT-YIMO,2,选择题,,整题,MAYBE,完整题-选择题照收,缺答案键,,倾向,2026-09-24-attribution-v1
BJ-2025-FT-YIMO-Q3,BJ-2025-FT-YIMO-Q3,BJ-2025-FT-YIMO,3,选择题,,整题,MAYBE,完整题-选择题照收,缺答案键,,不明,2026-09-24-attribution-v1
BJ-2025-FT-YIMO-Q4,BJ-2025-FT-YIMO-Q4,BJ-2025-FT-YIMO,4,选择题,,整题,MAYBE,完整题-选择题照收,缺答案键,,倾向,2026-09-24-attribution-v1
BJ-2025-FT-YIMO-Q9,BJ-2025-FT-YIMO-Q9,BJ-2025-FT-YIMO,9,选择题,,整题,MAYBE,完整题-选择题照收,缺答案键,,不明,2026-09-24-attribution-v1
BJ-2025-FT-YIMO-Q11,BJ-2025-FT-YIMO-Q11,BJ-2025-FT-YIMO,11,选择题,,整题,MAYBE,完整题-选择题照收,缺答案键,,倾向,2026-09-24-attribution-v1
BJ-2025-FT-YIMO-Q12,BJ-2025-FT-YIMO-Q12,BJ-2025-FT-YIMO,12,选择题,,整题,MAYBE,完整题-选择题照收,缺答案键,,不明,2026-09-24-attribution-v1
BJ-2025-FT-YIMO-Q13,BJ-2025-FT-YIMO-Q13,BJ-2025-FT-YIMO,13,选择题,,整题,MAYBE,完整题-选择题照收,缺答案键,,倾向,2026-09-24-attribution-v1
BJ-2025-FT-YIMO-Q14,BJ-2025-FT-YIMO-Q14,BJ-2025-FT-YIMO,14,选择题,,整题,MAYBE,完整题-选择题照收,缺答案键,,不明,2026-09-24-attribution-v1
BJ-2025-FT-YIMO-Q15,BJ-2025-FT-YIMO-Q15,BJ-2025-FT-YIMO,15,选择题,,整题,MAYBE,完整题-选择题照收,缺答案键,,不明,2026-09-24-attribution-v1
BJ-2025-FT-YIMO-Q16,BJ-2025-FT-YIMO-Q16,BJ-2025-FT-YIMO,16,主观题,,整题,MAYBE,不收-无E1,缺细则,B1:rubric_unreadable_not_OUT;B2:rubric_unreadable_not_OUT;B3:rubric_unreadable_not_OUT;X1:rubric_unreadable_not_OUT;X2:rubric_unreadable_not_OUT;MI:rubric_unreadable_not_OUT;RE:rubric_unreadable_not_OUT,确定,2026-09-24-attribution-v1
BJ-2025-FT-YIMO-Q17#1,BJ-2025-FT-YIMO-Q17,BJ-2025-FT-YIMO,17,主观题,1,小问,MAYBE,不收-无E1,缺细则,B1:rubric_unreadable_not_OUT;B2:rubric_unreadable_not_OUT;PH:rubric_unreadable_not_OUT;CU:rubric_unreadable_not_OUT;X1:rubric_unreadable_not_OUT;RE:rubric_unreadable_not_OUT,倾向,2026-09-24-attribution-v1
BJ-2025-FT-YIMO-Q17#2,BJ-2025-FT-YIMO-Q17,BJ-2025-FT-YIMO,17,主观题,2,小问,MAYBE,不收-无E1,缺细则,,不明,2026-09-24-attribution-v1
BJ-2025-FT-YIMO-Q17#3,BJ-2025-FT-YIMO-Q17,BJ-2025-FT-YIMO,17,主观题,3,小问,MAYBE,不收-无E1,缺细则,,不明,2026-09-24-attribution-v1
BJ-2025-YQ-YIMO-Q16,BJ-2025-YQ-YIMO-Q16,BJ-2025-YQ-YIMO,16,主观题,,整题,MAYBE,完整题-有E1,E1,,倾向,2026-09-24-attribution-v1
BJ-2025-YQ-YIMO-Q2,BJ-2025-YQ-YIMO-Q2,BJ-2025-YQ-YIMO,2,选择题,,整题,MAYBE,完整题-选择题照收,E1,,不明,2026-09-24-attribution-v1
BJ-2025-YQ-YIMO-Q3,BJ-2025-YQ-YIMO-Q3,BJ-2025-YQ-YIMO,3,选择题,,整题,MAYBE,完整题-选择题照收,E1,,不明,2026-09-24-attribution-v1
BJ-2025-YQ-YIMO-Q5,BJ-2025-YQ-YIMO-Q5,BJ-2025-YQ-YIMO,5,选择题,,整题,MAYBE,完整题-选择题照收,E1,,不明,2026-09-24-attribution-v1
BJ-2025-YQ-YIMO-Q6,BJ-2025-YQ-YIMO-Q6,BJ-2025-YQ-YIMO,6,选择题,,整题,MAYBE,完整题-选择题照收,E1,,不明,2026-09-24-attribution-v1
BJ-2025-YQ-YIMO-Q7,BJ-2025-YQ-YIMO-Q7,BJ-2025-YQ-YIMO,7,选择题,,整题,MAYBE,完整题-选择题照收,E1,,不明,2026-09-24-attribution-v1
BJ-2025-YQ-YIMO-Q8,BJ-2025-YQ-YIMO-Q8,BJ-2025-YQ-YIMO,8,选择题,,整题,MAYBE,完整题-选择题照收,E1,,不明,2026-09-24-attribution-v1
BJ-2025-YQ-YIMO-Q10,BJ-2025-YQ-YIMO-Q10,BJ-2025-YQ-YIMO,10,选择题,,整题,IN,完整题-选择题照收,E1,,确定,2026-09-24-attribution-v1
BJ-2025-YQ-YIMO-Q11,BJ-2025-YQ-YIMO-Q11,BJ-2025-YQ-YIMO,11,选择题,,整题,IN,完整题-选择题照收,E1,,倾向,2026-09-24-attribution-v1
BJ-2025-YQ-YIMO-Q15,BJ-2025-YQ-YIMO-Q15,BJ-2025-YQ-YIMO,15,选择题,,整题,IN,完整题-选择题照收,E1,,倾向,2026-09-24-attribution-v1
BJ-2025-YQ-YIMO-Q18,BJ-2025-YQ-YIMO-Q18,BJ-2025-YQ-YIMO,18,主观题,,整题,MAYBE,完整题-有E1,E1,,不明,2026-09-24-attribution-v1
BJ-2025-YQ-YIMO-Q19,BJ-2025-YQ-YIMO-Q19,BJ-2025-YQ-YIMO,19,主观题,,整题,MAYBE,完整题-有E1,E1,B1:rubric_unreadable_not_OUT;B3:rubric_unreadable_not_OUT;PH:rubric_unreadable_not_OUT;CU:rubric_unreadable_not_OUT;X1:rubric_unreadable_not_OUT;MI:rubric_unreadable_not_OUT;RE:rubric_unreadable_not_OUT,倾向,2026-09-24-attribution-v1
BJ-2025-YQ-YIMO-Q21,BJ-2025-YQ-YIMO-Q21,BJ-2025-YQ-YIMO,21,主观题,,整题,MAYBE,完整题-有E1,E1,,不明,2026-09-24-attribution-v1
BJ-2025-FS-YIMO-Q16#1,BJ-2025-FS-YIMO-Q16,BJ-2025-FS-YIMO,16,主观题,1,小问,MAYBE,完整题-有E1,E1,,不明,2026-09-24-attribution-v1
BJ-2025-FS-YIMO-Q16#2,BJ-2025-FS-YIMO-Q16,BJ-2025-FS-YIMO,16,主观题,2,小问,MAYBE,完整题-有E1,E1,,不明,2026-09-24-attribution-v1
BJ-2025-FS-YIMO-Q16#3,BJ-2025-FS-YIMO-Q16,BJ-2025-FS-YIMO,16,主观题,3,小问,MAYBE,完整题-有E1,E1,,不明,2026-09-24-attribution-v1
BJ-2025-FS-YIMO-Q17,BJ-2025-FS-YIMO-Q17,BJ-2025-FS-YIMO,17,主观题,,整题,MAYBE,完整题-有E1,E1,,不明,2026-09-24-attribution-v1
BJ-2025-FS-YIMO-Q20#2,BJ-2025-FS-YIMO-Q20,BJ-2025-FS-YIMO,20,主观题,2,小问,MAYBE,完整题-有E1,E1,,不明,2026-09-24-attribution-v1
BJ-2025-FS-YIMO-Q20#3,BJ-2025-FS-YIMO-Q20,BJ-2025-FS-YIMO,20,主观题,3,小问,MAYBE,完整题-有E1,E1,,不明,2026-09-24-attribution-v1
BJ-2025-FS-YIMO-Q2,BJ-2025-FS-YIMO-Q2,BJ-2025-FS-YIMO,2,选择题,,整题,MAYBE,完整题-选择题照收,E1,,不明,2026-09-24-attribution-v1
BJ-2025-FS-YIMO-Q3,BJ-2025-FS-YIMO-Q3,BJ-2025-FS-YIMO,3,选择题,,整题,MAYBE,完整题-选择题照收,E1,,不明,2026-09-24-attribution-v1
BJ-2025-FS-YIMO-Q4,BJ-2025-FS-YIMO-Q4,BJ-2025-FS-YIMO,4,选择题,,整题,MAYBE,完整题-选择题照收,E1,,不明,2026-09-24-attribution-v1
BJ-2025-FS-YIMO-Q5,BJ-2025-FS-YIMO-Q5,BJ-2025-FS-YIMO,5,选择题,,整题,MAYBE,完整题-选择题照收,E1,,不明,2026-09-24-attribution-v1
BJ-2025-FS-YIMO-Q6,BJ-2025-FS-YIMO-Q6,BJ-2025-FS-YIMO,6,选择题,,整题,MAYBE,完整题-选择题照收,E1,,不明,2026-09-24-attribution-v1
BJ-2025-FS-YIMO-Q7,BJ-2025-FS-YIMO-Q7,BJ-2025-FS-YIMO,7,选择题,,整题,MAYBE,完整题-选择题照收,E1,,不明,2026-09-24-attribution-v1
BJ-2025-FS-YIMO-Q8,BJ-2025-FS-YIMO-Q8,BJ-2025-FS-YIMO,8,选择题,,整题,MAYBE,完整题-选择题照收,E1,,倾向,2026-09-24-attribution-v1
BJ-2025-FS-YIMO-Q9,BJ-2025-FS-YIMO-Q9,BJ-2025-FS-YIMO,9,选择题,,整题,MAYBE,完整题-选择题照收,E1,,不明,2026-09-24-attribution-v1
BJ-2025-FS-YIMO-Q10,BJ-2025-FS-YIMO-Q10,BJ-2025-FS-YIMO,10,选择题,,整题,MAYBE,完整题-选择题照收,E1,,倾向,2026-09-24-attribution-v1
BJ-2025-FS-YIMO-Q11,BJ-2025-FS-YIMO-Q11,BJ-2025-FS-YIMO,11,选择题,,整题,MAYBE,完整题-选择题照收,E1,,倾向,2026-09-24-attribution-v1
BJ-2025-FS-YIMO-Q14,BJ-2025-FS-YIMO-Q14,BJ-2025-FS-YIMO,14,选择题,,整题,IN,完整题-选择题照收,E1,,不明,2026-09-24-attribution-v1
BJ-2025-CY-YIMO-Q1,BJ-2025-CY-YIMO-Q1,BJ-2025-CY-YIMO,1,选择题,,整题,MAYBE,完整题-选择题照收,E1,,倾向,2026-09-24-attribution-v1
BJ-2025-CY-YIMO-Q2,BJ-2025-CY-YIMO-Q2,BJ-2025-CY-YIMO,2,选择题,,整题,MAYBE,完整题-选择题照收,E1,,倾向,2026-09-24-attribution-v1
BJ-2025-CY-YIMO-Q4,BJ-2025-CY-YIMO-Q4,BJ-2025-CY-YIMO,4,选择题,,整题,MAYBE,完整题-选择题照收,E1,,不明,2026-09-24-attribution-v1
BJ-2025-CY-YIMO-Q5,BJ-2025-CY-YIMO-Q5,BJ-2025-CY-YIMO,5,选择题,,整题,MAYBE,完整题-选择题照收,E1,,不明,2026-09-24-attribution-v1
BJ-2025-CY-YIMO-Q6,BJ-2025-CY-YIMO-Q6,BJ-2025-CY-YIMO,6,选择题,,整题,MAYBE,完整题-选择题照收,E1,,不明,2026-09-24-attribution-v1
BJ-2025-CY-YIMO-Q7,BJ-2025-CY-YIMO-Q7,BJ-2025-CY-YIMO,7,选择题,,整题,MAYBE,完整题-选择题照收,E1,,不明,2026-09-24-attribution-v1
BJ-2025-CY-YIMO-Q8,BJ-2025-CY-YIMO-Q8,BJ-2025-CY-YIMO,8,选择题,,整题,MAYBE,完整题-选择题照收,E1,,倾向,2026-09-24-attribution-v1
BJ-2025-CY-YIMO-Q10,BJ-2025-CY-YIMO-Q10,BJ-2025-CY-YIMO,10,选择题,,整题,MAYBE,完整题-选择题照收,E1,,倾向,2026-09-24-attribution-v1
BJ-2025-CY-YIMO-Q11,BJ-2025-CY-YIMO-Q11,BJ-2025-CY-YIMO,11,选择题,,整题,MAYBE,完整题-选择题照收,E1,,倾向,2026-09-24-attribution-v1
BJ-2025-CY-YIMO-Q15,BJ-2025-CY-YIMO-Q15,BJ-2025-CY-YIMO,15,选择题,,整题,MAYBE,完整题-选择题照收,E1,,不明,2026-09-24-attribution-v1
BJ-2025-CY-YIMO-Q16,BJ-2025-CY-YIMO-Q16,BJ-2025-CY-YIMO,16,主观题,,整题,MAYBE,完整题-有E1,E1,B1:rubric_unreadable_not_OUT;B2:rubric_unreadable_not_OUT;B3:rubric_unreadable_not_OUT;X1:rubric_unreadable_not_OUT;X2:rubric_unreadable_not_OUT;MI:rubric_unreadable_not_OUT;RE:rubric_unreadable_not_OUT,确定,2026-09-24-attribution-v1
BJ-2025-CY-YIMO-Q20,BJ-2025-CY-YIMO-Q20,BJ-2025-CY-YIMO,20,主观题,,整题,MAYBE,完整题-有E1,E1,B1:rubric_unreadable_not_OUT;B3:rubric_unreadable_not_OUT;PH:rubric_unreadable_not_OUT;CU:rubric_unreadable_not_OUT;X2:rubric_unreadable_not_OUT;MI:rubric_unreadable_not_OUT;RE:rubric_unreadable_not_OUT,倾向,2026-09-24-attribution-v1
BJ-2025-CY-YIMO-Q18,BJ-2025-CY-YIMO-Q18,BJ-2025-CY-YIMO,18,主观题,,整题,MAYBE,完整题-有E1,E1,,不明,2026-09-24-attribution-v1
BJ-2025-HD-YIMO-Q1,BJ-2025-HD-YIMO-Q1,BJ-2025-HD-YIMO,1,选择题,,整题,MAYBE,完整题-选择题照收,E1,,倾向,2026-09-24-attribution-v1
BJ-2025-HD-YIMO-Q3,BJ-2025-HD-YIMO-Q3,BJ-2025-HD-YIMO,3,选择题,,整题,MAYBE,完整题-选择题照收,E1,,不明,2026-09-24-attribution-v1
BJ-2025-HD-YIMO-Q17,BJ-2025-HD-YIMO-Q17,BJ-2025-HD-YIMO,17,主观题,,整题,MAYBE,完整题-有E1,E1,,不明,2026-09-24-attribution-v1
BJ-2025-HD-YIMO-Q18,BJ-2025-HD-YIMO-Q18,BJ-2025-HD-YIMO,18,主观题,,整题,MAYBE,完整题-有E1,E1,B1:rubric_unreadable_not_OUT;B2:rubric_unreadable_not_OUT;B3:rubric_unreadable_not_OUT;PH:rubric_unreadable_not_OUT;CU:rubric_unreadable_not_OUT;X1:rubric_unreadable_not_OUT;MI:rubric_unreadable_not_OUT;RE:rubric_unreadable_not_OUT,确定,2026-09-24-attribution-v1
BJ-2025-HD-YIMO-Q19,BJ-2025-HD-YIMO-Q19,BJ-2025-HD-YIMO,19,主观题,,整题,MAYBE,完整题-有E1,E1,,不明,2026-09-24-attribution-v1
BJ-2025-HD-YIMO-Q2,BJ-2025-HD-YIMO-Q2,BJ-2025-HD-YIMO,2,选择题,,整题,MAYBE,完整题-选择题照收,E1,,不明,2026-09-24-attribution-v1
BJ-2025-HD-YIMO-Q21#1,BJ-2025-HD-YIMO-Q21,BJ-2025-HD-YIMO,21,主观题,1,小问,MAYBE,完整题-有E1,E1,,不明,2026-09-24-attribution-v1
BJ-2025-HD-YIMO-Q21#2,BJ-2025-HD-YIMO-Q21,BJ-2025-HD-YIMO,21,主观题,2,小问,MAYBE,完整题-有E1,E1,,不明,2026-09-24-attribution-v1
BJ-2025-HD-YIMO-Q16,BJ-2025-HD-YIMO-Q16,BJ-2025-HD-YIMO,16,主观题,,整题,MAYBE,完整题-有E1,E1,B1:rubric_unreadable_not_OUT;B2:rubric_unreadable_not_OUT;B3:rubric_unreadable_not_OUT;CU:rubric_unreadable_not_OUT;X1:rubric_unreadable_not_OUT;X2:rubric_unreadable_not_OUT;MI:rubric_unreadable_not_OUT;RE:rubric_unreadable_not_OUT,确定,2026-09-24-attribution-v1
BJ-2025-HD-YIMO-Q4,BJ-2025-HD-YIMO-Q4,BJ-2025-HD-YIMO,4,选择题,,整题,MAYBE,完整题-选择题照收,E1,,不明,2026-09-24-attribution-v1
BJ-2025-HD-YIMO-Q5,BJ-2025-HD-YIMO-Q5,BJ-2025-HD-YIMO,5,选择题,,整题,MAYBE,完整题-选择题照收,E1,,不明,2026-09-24-attribution-v1
BJ-2025-HD-YIMO-Q6,BJ-2025-HD-YIMO-Q6,BJ-2025-HD-YIMO,6,选择题,,整题,MAYBE,完整题-选择题照收,E1,,不明,2026-09-24-attribution-v1
BJ-2025-HD-YIMO-Q7,BJ-2025-HD-YIMO-Q7,BJ-2025-HD-YIMO,7,选择题,,整题,MAYBE,完整题-选择题照收,E1,,不明,2026-09-24-attribution-v1
BJ-2025-HD-YIMO-Q8,BJ-2025-HD-YIMO-Q8,BJ-2025-HD-YIMO,8,选择题,,整题,MAYBE,完整题-选择题照收,E1,,倾向,2026-09-24-attribution-v1
BJ-2025-HD-YIMO-Q9,BJ-2025-HD-YIMO-Q9,BJ-2025-HD-YIMO,9,选择题,,整题,MAYBE,完整题-选择题照收,E1,,不明,2026-09-24-attribution-v1
BJ-2025-HD-YIMO-Q10,BJ-2025-HD-YIMO-Q10,BJ-2025-HD-YIMO,10,选择题,,整题,MAYBE,完整题-选择题照收,E1,,倾向,2026-09-24-attribution-v1
BJ-2025-HD-YIMO-Q11,BJ-2025-HD-YIMO-Q11,BJ-2025-HD-YIMO,11,选择题,,整题,MAYBE,完整题-选择题照收,E1,,倾向,2026-09-24-attribution-v1
BJ-2025-HD-YIMO-Q14,BJ-2025-HD-YIMO-Q14,BJ-2025-HD-YIMO,14,选择题,,整题,MAYBE,完整题-选择题照收,E1,,不明,2026-09-24-attribution-v1
BJ-2025-HD-YIMO-Q15,BJ-2025-HD-YIMO-Q15,BJ-2025-HD-YIMO,15,选择题,,整题,MAYBE,完整题-选择题照收,E1,,不明,2026-09-24-attribution-v1
BJ-2025-SJS-YIMO-Q16,BJ-2025-SJS-YIMO-Q16,BJ-2025-SJS-YIMO,16,主观题,,整题,MAYBE,完整题-有E1,E1,,不明,2026-09-24-attribution-v1
BJ-2025-SJS-YIMO-Q1,BJ-2025-SJS-YIMO-Q1,BJ-2025-SJS-YIMO,1,选择题,,整题,MAYBE,完整题-选择题照收,E1,,不明,2026-09-24-attribution-v1
BJ-2025-SJS-YIMO-Q2,BJ-2025-SJS-YIMO-Q2,BJ-2025-SJS-YIMO,2,选择题,,整题,MAYBE,完整题-选择题照收,E1,,不明,2026-09-24-attribution-v1
BJ-2025-SJS-YIMO-Q3,BJ-2025-SJS-YIMO-Q3,BJ-2025-SJS-YIMO,3,选择题,,整题,MAYBE,完整题-选择题照收,E1,,不明,2026-09-24-attribution-v1
BJ-2025-SJS-YIMO-Q4,BJ-2025-SJS-YIMO-Q4,BJ-2025-SJS-YIMO,4,选择题,,整题,MAYBE,完整题-选择题照收,E1,,不明,2026-09-24-attribution-v1
BJ-2025-SJS-YIMO-Q5,BJ-2025-SJS-YIMO-Q5,BJ-2025-SJS-YIMO,5,选择题,,整题,MAYBE,完整题-选择题照收,E1,,不明,2026-09-24-attribution-v1
BJ-2025-SJS-YIMO-Q6,BJ-2025-SJS-YIMO-Q6,BJ-2025-SJS-YIMO,6,选择题,,整题,MAYBE,完整题-选择题照收,E1,,不明,2026-09-24-attribution-v1
BJ-2025-SJS-YIMO-Q7,BJ-2025-SJS-YIMO-Q7,BJ-2025-SJS-YIMO,7,选择题,,整题,MAYBE,完整题-选择题照收,E1,,不明,2026-09-24-attribution-v1
BJ-2025-SJS-YIMO-Q8,BJ-2025-SJS-YIMO-Q8,BJ-2025-SJS-YIMO,8,选择题,,整题,MAYBE,完整题-选择题照收,E1,,倾向,2026-09-24-attribution-v1
BJ-2025-SJS-YIMO-Q9,BJ-2025-SJS-YIMO-Q9,BJ-2025-SJS-YIMO,9,选择题,,整题,MAYBE,完整题-选择题照收,E1,,不明,2026-09-24-attribution-v1
BJ-2025-SJS-YIMO-Q11,BJ-2025-SJS-YIMO-Q11,BJ-2025-SJS-YIMO,11,选择题,,整题,MAYBE,完整题-选择题照收,E1,,倾向,2026-09-24-attribution-v1
BJ-2025-SJS-YIMO-Q15,BJ-2025-SJS-YIMO-Q15,BJ-2025-SJS-YIMO,15,选择题,,整题,MAYBE,完整题-选择题照收,E1,,不明,2026-09-24-attribution-v1
BJ-2025-SJS-YIMO-Q19,BJ-2025-SJS-YIMO-Q19,BJ-2025-SJS-YIMO,19,主观题,,整题,MAYBE,完整题-有E1,E1,B1:rubric_unreadable_not_OUT;B2:rubric_unreadable_not_OUT;B3:rubric_unreadable_not_OUT;PH:rubric_unreadable_not_OUT;CU:rubric_unreadable_not_OUT;X1:rubric_unreadable_not_OUT;X2:rubric_unreadable_not_OUT,确定,2026-09-24-attribution-v1
BJ-2025-XC-YIMO-Q16,BJ-2025-XC-YIMO-Q16,BJ-2025-XC-YIMO,16,主观题,,整题,MAYBE,完整题-有E1,E1,,倾向,2026-09-24-attribution-v1
BJ-2025-XC-YIMO-Q17,BJ-2025-XC-YIMO-Q17,BJ-2025-XC-YIMO,17,主观题,,整题,MAYBE,完整题-有E1,E1,,不明,2026-09-24-attribution-v1
BJ-2025-XC-YIMO-Q22,BJ-2025-XC-YIMO-Q22,BJ-2025-XC-YIMO,22,主观题,,整题,MAYBE,完整题-有E1,E1,,不明,2026-09-24-attribution-v1
BJ-2025-XC-YIMO-Q2,BJ-2025-XC-YIMO-Q2,BJ-2025-XC-YIMO,2,选择题,,整题,MAYBE,完整题-选择题照收,E1,,不明,2026-09-24-attribution-v1
BJ-2025-XC-YIMO-Q3,BJ-2025-XC-YIMO-Q3,BJ-2025-XC-YIMO,3,选择题,,整题,MAYBE,完整题-选择题照收,E1,,不明,2026-09-24-attribution-v1
BJ-2025-XC-YIMO-Q5,BJ-2025-XC-YIMO-Q5,BJ-2025-XC-YIMO,5,选择题,,整题,MAYBE,完整题-选择题照收,E1,,不明,2026-09-24-attribution-v1
BJ-2025-XC-YIMO-Q6,BJ-2025-XC-YIMO-Q6,BJ-2025-XC-YIMO,6,选择题,,整题,MAYBE,完整题-选择题照收,E1,,不明,2026-09-24-attribution-v1
BJ-2025-XC-YIMO-Q7,BJ-2025-XC-YIMO-Q7,BJ-2025-XC-YIMO,7,选择题,,整题,MAYBE,完整题-选择题照收,E1,,不明,2026-09-24-attribution-v1
BJ-2025-XC-YIMO-Q8,BJ-2025-XC-YIMO-Q8,BJ-2025-XC-YIMO,8,选择题,,整题,MAYBE,完整题-选择题照收,E1,,倾向,2026-09-24-attribution-v1
BJ-2025-XC-YIMO-Q9,BJ-2025-XC-YIMO-Q9,BJ-2025-XC-YIMO,9,选择题,,整题,MAYBE,完整题-选择题照收,E1,,不明,2026-09-24-attribution-v1
BJ-2025-XC-YIMO-Q10,BJ-2025-XC-YIMO-Q10,BJ-2025-XC-YIMO,10,选择题,,整题,MAYBE,完整题-选择题照收,E1,,倾向,2026-09-24-attribution-v1
BJ-2025-XC-YIMO-Q11,BJ-2025-XC-YIMO-Q11,BJ-2025-XC-YIMO,11,选择题,,整题,MAYBE,完整题-选择题照收,E1,,倾向,2026-09-24-attribution-v1
BJ-2025-XC-YIMO-Q14,BJ-2025-XC-YIMO-Q14,BJ-2025-XC-YIMO,14,选择题,,整题,IN,完整题-选择题照收,E1,,不明,2026-09-24-attribution-v1
BJ-2025-XC-YIMO-Q15,BJ-2025-XC-YIMO-Q15,BJ-2025-XC-YIMO,15,选择题,,整题,MAYBE,完整题-选择题照收,E1,,不明,2026-09-24-attribution-v1
BJ-2025-MTG-YIMO-Q3,BJ-2025-MTG-YIMO-Q3,BJ-2025-MTG-YIMO,3,选择题,,整题,MAYBE,完整题-选择题照收,E1,,不明,2026-09-24-attribution-v1
BJ-2025-MTG-YIMO-Q5,BJ-2025-MTG-YIMO-Q5,BJ-2025-MTG-YIMO,5,选择题,,整题,MAYBE,完整题-选择题照收,E1,,不明,2026-09-24-attribution-v1
BJ-2025-MTG-YIMO-Q6,BJ-2025-MTG-YIMO-Q6,BJ-2025-MTG-YIMO,6,选择题,,整题,MAYBE,完整题-选择题照收,E1,,不明,2026-09-24-attribution-v1
BJ-2025-MTG-YIMO-Q7,BJ-2025-MTG-YIMO-Q7,BJ-2025-MTG-YIMO,7,选择题,,整题,MAYBE,完整题-选择题照收,E1,,不明,2026-09-24-attribution-v1
BJ-2025-MTG-YIMO-Q10,BJ-2025-MTG-YIMO-Q10,BJ-2025-MTG-YIMO,10,选择题,,整题,MAYBE,完整题-选择题照收,E1,,倾向,2026-09-24-attribution-v1
BJ-2025-MTG-YIMO-Q12,BJ-2025-MTG-YIMO-Q12,BJ-2025-MTG-YIMO,12,选择题,,整题,MAYBE,完整题-选择题照收,E1,,不明,2026-09-24-attribution-v1
BJ-2025-MTG-YIMO-Q13,BJ-2025-MTG-YIMO-Q13,BJ-2025-MTG-YIMO,13,选择题,,整题,MAYBE,完整题-选择题照收,E1,,不明,2026-09-24-attribution-v1
BJ-2025-MTG-YIMO-Q14,BJ-2025-MTG-YIMO-Q14,BJ-2025-MTG-YIMO,14,选择题,,整题,MAYBE,完整题-选择题照收,E1,,不明,2026-09-24-attribution-v1
BJ-2025-MTG-YIMO-Q15,BJ-2025-MTG-YIMO-Q15,BJ-2025-MTG-YIMO,15,选择题,,整题,MAYBE,完整题-选择题照收,E1,,不明,2026-09-24-attribution-v1
BJ-2025-MTG-YIMO-Q16,BJ-2025-MTG-YIMO-Q16,BJ-2025-MTG-YIMO,16,主观题,,整题,MAYBE,完整题-有E1,E1,B1:rubric_unreadable_not_OUT;B3:rubric_unreadable_not_OUT;X1:rubric_unreadable_not_OUT;X2:rubric_unreadable_not_OUT;MI:rubric_unreadable_not_OUT;RE:rubric_unreadable_not_OUT,倾向,2026-09-24-attribution-v1
BJ-2025-MTG-YIMO-Q17,BJ-2025-MTG-YIMO-Q17,BJ-2025-MTG-YIMO,17,主观题,,整题,MAYBE,完整题-有E1,E1,,不明,2026-09-24-attribution-v1
BJ-2025-MTG-YIMO-Q20,BJ-2025-MTG-YIMO-Q20,BJ-2025-MTG-YIMO,20,主观题,,整题,MAYBE,完整题-有E1,E1,,不明,2026-09-24-attribution-v1
BJ-2025-SY-YIMO-Q16#1,BJ-2025-SY-YIMO-Q16,BJ-2025-SY-YIMO,16,主观题,1,小问,MAYBE,完整题-有E1,E1,,不明,2026-09-24-attribution-v1
BJ-2025-SY-YIMO-Q16#2,BJ-2025-SY-YIMO-Q16,BJ-2025-SY-YIMO,16,主观题,2,小问,MAYBE,完整题-有E1,E1,,不明,2026-09-24-attribution-v1
BJ-2025-SY-YIMO-Q3,BJ-2025-SY-YIMO-Q3,BJ-2025-SY-YIMO,3,选择题,,整题,MAYBE,完整题-选择题照收,E1,,倾向,2026-09-24-attribution-v1
BJ-2025-SY-YIMO-Q4,BJ-2025-SY-YIMO-Q4,BJ-2025-SY-YIMO,4,选择题,,整题,MAYBE,完整题-选择题照收,E1,,不明,2026-09-24-attribution-v1
BJ-2025-SY-YIMO-Q1,BJ-2025-SY-YIMO-Q1,BJ-2025-SY-YIMO,1,选择题,,整题,MAYBE,完整题-选择题照收,E1,,不明,2026-09-24-attribution-v1
BJ-2025-SY-YIMO-Q5,BJ-2025-SY-YIMO-Q5,BJ-2025-SY-YIMO,5,选择题,,整题,MAYBE,完整题-选择题照收,E1,,不明,2026-09-24-attribution-v1
BJ-2025-SY-YIMO-Q6,BJ-2025-SY-YIMO-Q6,BJ-2025-SY-YIMO,6,选择题,,整题,MAYBE,完整题-选择题照收,E1,,不明,2026-09-24-attribution-v1
BJ-2025-SY-YIMO-Q7,BJ-2025-SY-YIMO-Q7,BJ-2025-SY-YIMO,7,选择题,,整题,MAYBE,完整题-选择题照收,E1,,不明,2026-09-24-attribution-v1
BJ-2025-SY-YIMO-Q8,BJ-2025-SY-YIMO-Q8,BJ-2025-SY-YIMO,8,选择题,,整题,MAYBE,完整题-选择题照收,E1,,倾向,2026-09-24-attribution-v1
BJ-2025-SY-YIMO-Q9,BJ-2025-SY-YIMO-Q9,BJ-2025-SY-YIMO,9,选择题,,整题,MAYBE,完整题-选择题照收,E1,,不明,2026-09-24-attribution-v1
BJ-2025-SY-YIMO-Q10,BJ-2025-SY-YIMO-Q10,BJ-2025-SY-YIMO,10,选择题,,整题,MAYBE,完整题-选择题照收,E1,,倾向,2026-09-24-attribution-v1
BJ-2025-SY-YIMO-Q11,BJ-2025-SY-YIMO-Q11,BJ-2025-SY-YIMO,11,选择题,,整题,MAYBE,完整题-选择题照收,E1,,倾向,2026-09-24-attribution-v1
BJ-2025-SY-YIMO-Q14,BJ-2025-SY-YIMO-Q14,BJ-2025-SY-YIMO,14,选择题,,整题,IN,完整题-选择题照收,E1,,不明,2026-09-24-attribution-v1
BJ-2025-SY-YIMO-Q15,BJ-2025-SY-YIMO-Q15,BJ-2025-SY-YIMO,15,选择题,,整题,MAYBE,完整题-选择题照收,E1,,不明,2026-09-24-attribution-v1
BJ-2025-SY-YIMO-Q21,BJ-2025-SY-YIMO-Q21,BJ-2025-SY-YIMO,21,主观题,,整题,MAYBE,完整题-有E1,E1,,不明,2026-09-24-attribution-v1
BJ-2025-FT-ERMO-Q2,BJ-2025-FT-ERMO-Q2,BJ-2025-FT-ERMO,2,选择题,,整题,MAYBE,完整题-选择题照收,E1,,不明,2026-09-24-attribution-v1
BJ-2025-FT-ERMO-Q3,BJ-2025-FT-ERMO-Q3,BJ-2025-FT-ERMO,3,选择题,,整题,IN,完整题-选择题照收,E1,,不明,2026-09-24-attribution-v1
BJ-2025-FT-ERMO-Q1,BJ-2025-FT-ERMO-Q1,BJ-2025-FT-ERMO,1,选择题,,整题,MAYBE,完整题-选择题照收,E1,,不明,2026-09-24-attribution-v1
BJ-2025-FT-ERMO-Q5,BJ-2025-FT-ERMO-Q5,BJ-2025-FT-ERMO,5,选择题,,整题,MAYBE,完整题-选择题照收,E1,,不明,2026-09-24-attribution-v1
BJ-2025-FT-ERMO-Q6,BJ-2025-FT-ERMO-Q6,BJ-2025-FT-ERMO,6,选择题,,整题,MAYBE,完整题-选择题照收,E1,,不明,2026-09-24-attribution-v1
BJ-2025-FT-ERMO-Q9,BJ-2025-FT-ERMO-Q9,BJ-2025-FT-ERMO,9,选择题,,整题,MAYBE,完整题-选择题照收,E1,,倾向,2026-09-24-attribution-v1
BJ-2025-FT-ERMO-Q11,BJ-2025-FT-ERMO-Q11,BJ-2025-FT-ERMO,11,选择题,,整题,MAYBE,完整题-选择题照收,E1,,倾向,2026-09-24-attribution-v1
BJ-2025-FT-ERMO-Q13,BJ-2025-FT-ERMO-Q13,BJ-2025-FT-ERMO,13,选择题,,整题,MAYBE,完整题-选择题照收,E1,,倾向,2026-09-24-attribution-v1
BJ-2025-FT-ERMO-Q14,BJ-2025-FT-ERMO-Q14,BJ-2025-FT-ERMO,14,选择题,,整题,MAYBE,完整题-选择题照收,E1,,不明,2026-09-24-attribution-v1
BJ-2025-FT-ERMO-Q16#1,BJ-2025-FT-ERMO-Q16,BJ-2025-FT-ERMO,16,主观题,1,小问,MAYBE,完整题-有E1,E1,,不明,2026-09-24-attribution-v1
BJ-2025-FT-ERMO-Q16#2,BJ-2025-FT-ERMO-Q16,BJ-2025-FT-ERMO,16,主观题,2,小问,MAYBE,完整题-有E1,E1,,不明,2026-09-24-attribution-v1
BJ-2025-FT-ERMO-Q17,BJ-2025-FT-ERMO-Q17,BJ-2025-FT-ERMO,17,主观题,,整题,MAYBE,完整题-有E1,E1,,不明,2026-09-24-attribution-v1
BJ-2025-FT-ERMO-Q19#1,BJ-2025-FT-ERMO-Q19,BJ-2025-FT-ERMO,19,主观题,1,小问,MAYBE,完整题-有E1,E1,,不明,2026-09-24-attribution-v1
BJ-2025-FT-ERMO-Q19#2,BJ-2025-FT-ERMO-Q19,BJ-2025-FT-ERMO,19,主观题,2,小问,MAYBE,完整题-有E1,E1,,不明,2026-09-24-attribution-v1
BJ-2025-FT-ERMO-Q20,BJ-2025-FT-ERMO-Q20,BJ-2025-FT-ERMO,20,主观题,,整题,MAYBE,完整题-有E1,E1,,倾向,2026-09-24-attribution-v1
BJ-2025-FT-ERMO-Q21,BJ-2025-FT-ERMO-Q21,BJ-2025-FT-ERMO,21,主观题,,整题,MAYBE,完整题-有E1,E1,,不明,2026-09-24-attribution-v1
BJ-2025-CP-ERMO-Q19,BJ-2025-CP-ERMO-Q19,BJ-2025-CP-ERMO,19,主观题,,整题,MAYBE,完整题-有E1,E1,,倾向,2026-09-24-attribution-v1
BJ-2025-CP-ERMO-Q1,BJ-2025-CP-ERMO-Q1,BJ-2025-CP-ERMO,1,选择题,,整题,MAYBE,完整题-选择题照收,E1,,不明,2026-09-24-attribution-v1
BJ-2025-CP-ERMO-Q2,BJ-2025-CP-ERMO-Q2,BJ-2025-CP-ERMO,2,选择题,,整题,MAYBE,完整题-选择题照收,E1,,倾向,2026-09-24-attribution-v1
BJ-2025-CP-ERMO-Q3,BJ-2025-CP-ERMO-Q3,BJ-2025-CP-ERMO,3,选择题,,整题,MAYBE,完整题-选择题照收,E1,,倾向,2026-09-24-attribution-v1
BJ-2025-CP-ERMO-Q4,BJ-2025-CP-ERMO-Q4,BJ-2025-CP-ERMO,4,选择题,,整题,MAYBE,完整题-选择题照收,E1,,不明,2026-09-24-attribution-v1
BJ-2025-CP-ERMO-Q5,BJ-2025-CP-ERMO-Q5,BJ-2025-CP-ERMO,5,选择题,,整题,MAYBE,完整题-选择题照收,E1,,不明,2026-09-24-attribution-v1
BJ-2025-CP-ERMO-Q6,BJ-2025-CP-ERMO-Q6,BJ-2025-CP-ERMO,6,选择题,,整题,MAYBE,完整题-选择题照收,E1,,不明,2026-09-24-attribution-v1
BJ-2025-CP-ERMO-Q11,BJ-2025-CP-ERMO-Q11,BJ-2025-CP-ERMO,11,选择题,,整题,MAYBE,完整题-选择题照收,E1,,倾向,2026-09-24-attribution-v1
BJ-2025-CP-ERMO-Q12,BJ-2025-CP-ERMO-Q12,BJ-2025-CP-ERMO,12,选择题,,整题,MAYBE,完整题-选择题照收,E1,,不明,2026-09-24-attribution-v1
BJ-2025-CP-ERMO-Q13,BJ-2025-CP-ERMO-Q13,BJ-2025-CP-ERMO,13,选择题,,整题,MAYBE,完整题-选择题照收,E1,,倾向,2026-09-24-attribution-v1
BJ-2025-CP-ERMO-Q14,BJ-2025-CP-ERMO-Q14,BJ-2025-CP-ERMO,14,选择题,,整题,MAYBE,完整题-选择题照收,E1,,不明,2026-09-24-attribution-v1
BJ-2025-CP-ERMO-Q15,BJ-2025-CP-ERMO-Q15,BJ-2025-CP-ERMO,15,选择题,,整题,MAYBE,完整题-选择题照收,E1,,不明,2026-09-24-attribution-v1
BJ-2025-HD-ERMO-Q5,BJ-2025-HD-ERMO-Q5,BJ-2025-HD-ERMO,5,选择题,,整题,MAYBE,完整题-选择题照收,E1,,不明,2026-09-24-attribution-v1
BJ-2025-HD-ERMO-Q17,BJ-2025-HD-ERMO-Q17,BJ-2025-HD-ERMO,17,主观题,,整题,MAYBE,完整题-有E1,E1,,不明,2026-09-24-attribution-v1
BJ-2025-HD-ERMO-Q14,BJ-2025-HD-ERMO-Q14,BJ-2025-HD-ERMO,14,选择题,,整题,MAYBE,完整题-选择题照收,E1,,不明,2026-09-24-attribution-v1
BJ-2025-HD-ERMO-Q2,BJ-2025-HD-ERMO-Q2,BJ-2025-HD-ERMO,2,选择题,,整题,MAYBE,完整题-选择题照收,E1,,不明,2026-09-24-attribution-v1
BJ-2025-HD-ERMO-Q3,BJ-2025-HD-ERMO-Q3,BJ-2025-HD-ERMO,3,选择题,,整题,MAYBE,完整题-选择题照收,E1,,不明,2026-09-24-attribution-v1
BJ-2025-HD-ERMO-Q4,BJ-2025-HD-ERMO-Q4,BJ-2025-HD-ERMO,4,选择题,,整题,MAYBE,完整题-选择题照收,E1,,不明,2026-09-24-attribution-v1
BJ-2025-HD-ERMO-Q6,BJ-2025-HD-ERMO-Q6,BJ-2025-HD-ERMO,6,选择题,,整题,MAYBE,完整题-选择题照收,E1,,不明,2026-09-24-attribution-v1
BJ-2025-HD-ERMO-Q10,BJ-2025-HD-ERMO-Q10,BJ-2025-HD-ERMO,10,选择题,,整题,MAYBE,完整题-选择题照收,E1,,不明,2026-09-24-attribution-v1
BJ-2025-HD-ERMO-Q11,BJ-2025-HD-ERMO-Q11,BJ-2025-HD-ERMO,11,选择题,,整题,MAYBE,完整题-选择题照收,E1,,不明,2026-09-24-attribution-v1
BJ-2025-HD-ERMO-Q13,BJ-2025-HD-ERMO-Q13,BJ-2025-HD-ERMO,13,选择题,,整题,MAYBE,完整题-选择题照收,E1,,倾向,2026-09-24-attribution-v1
BJ-2025-HD-ERMO-Q15,BJ-2025-HD-ERMO-Q15,BJ-2025-HD-ERMO,15,选择题,,整题,MAYBE,完整题-选择题照收,E1,,不明,2026-09-24-attribution-v1
BJ-2025-XC-ERMO-Q1,BJ-2025-XC-ERMO-Q1,BJ-2025-XC-ERMO,1,选择题,,整题,MAYBE,完整题-选择题照收,E1,,不明,2026-09-24-attribution-v1
BJ-2025-XC-ERMO-Q2,BJ-2025-XC-ERMO-Q2,BJ-2025-XC-ERMO,2,选择题,,整题,MAYBE,完整题-选择题照收,E1,,不明,2026-09-24-attribution-v1
BJ-2025-XC-ERMO-Q4,BJ-2025-XC-ERMO-Q4,BJ-2025-XC-ERMO,4,选择题,,整题,MAYBE,完整题-选择题照收,E1,,不明,2026-09-24-attribution-v1
BJ-2025-XC-ERMO-Q6,BJ-2025-XC-ERMO-Q6,BJ-2025-XC-ERMO,6,选择题,,整题,MAYBE,完整题-选择题照收,E1,,不明,2026-09-24-attribution-v1
BJ-2025-XC-ERMO-Q7,BJ-2025-XC-ERMO-Q7,BJ-2025-XC-ERMO,7,选择题,,整题,MAYBE,完整题-选择题照收,E1,,不明,2026-09-24-attribution-v1
BJ-2025-XC-ERMO-Q8,BJ-2025-XC-ERMO-Q8,BJ-2025-XC-ERMO,8,选择题,,整题,MAYBE,完整题-选择题照收,E1,,倾向,2026-09-24-attribution-v1
BJ-2025-XC-ERMO-Q9,BJ-2025-XC-ERMO-Q9,BJ-2025-XC-ERMO,9,选择题,,整题,MAYBE,完整题-选择题照收,E1,,倾向,2026-09-24-attribution-v1
BJ-2025-XC-ERMO-Q10,BJ-2025-XC-ERMO-Q10,BJ-2025-XC-ERMO,10,选择题,,整题,MAYBE,完整题-选择题照收,E1,,倾向,2026-09-24-attribution-v1
BJ-2025-XC-ERMO-Q11,BJ-2025-XC-ERMO-Q11,BJ-2025-XC-ERMO,11,选择题,,整题,MAYBE,完整题-选择题照收,E1,,倾向,2026-09-24-attribution-v1
BJ-2025-XC-ERMO-Q14,BJ-2025-XC-ERMO-Q14,BJ-2025-XC-ERMO,14,选择题,,整题,MAYBE,完整题-选择题照收,E1,,不明,2026-09-24-attribution-v1
BJ-2025-XC-ERMO-Q15,BJ-2025-XC-ERMO-Q15,BJ-2025-XC-ERMO,15,选择题,,整题,MAYBE,完整题-选择题照收,E1,,不明,2026-09-24-attribution-v1
BJ-2025-DC-QIMO-Q3,BJ-2025-DC-QIMO-Q3,BJ-2025-DC-QIMO,3,选择题,,整题,MAYBE,完整题-选择题照收,E1,,不明,2026-09-24-attribution-v1
BJ-2025-DC-QIMO-Q1,BJ-2025-DC-QIMO-Q1,BJ-2025-DC-QIMO,1,选择题,,整题,MAYBE,完整题-选择题照收,E1,,不明,2026-09-24-attribution-v1
BJ-2025-DC-QIMO-Q2,BJ-2025-DC-QIMO-Q2,BJ-2025-DC-QIMO,2,选择题,,整题,MAYBE,完整题-选择题照收,E1,,不明,2026-09-24-attribution-v1
BJ-2025-DC-QIMO-Q4,BJ-2025-DC-QIMO-Q4,BJ-2025-DC-QIMO,4,选择题,,整题,MAYBE,完整题-选择题照收,E1,,倾向,2026-09-24-attribution-v1
BJ-2025-DC-QIMO-Q5,BJ-2025-DC-QIMO-Q5,BJ-2025-DC-QIMO,5,选择题,,整题,MAYBE,完整题-选择题照收,E1,,不明,2026-09-24-attribution-v1
BJ-2025-DC-QIMO-Q6,BJ-2025-DC-QIMO-Q6,BJ-2025-DC-QIMO,6,选择题,,整题,MAYBE,完整题-选择题照收,E1,,不明,2026-09-24-attribution-v1
BJ-2025-DC-QIMO-Q9,BJ-2025-DC-QIMO-Q9,BJ-2025-DC-QIMO,9,选择题,,整题,MAYBE,完整题-选择题照收,E1,,不明,2026-09-24-attribution-v1
BJ-2025-DC-QIMO-Q10,BJ-2025-DC-QIMO-Q10,BJ-2025-DC-QIMO,10,选择题,,整题,IN,完整题-选择题照收,E1,,不明,2026-09-24-attribution-v1
BJ-2025-DC-QIMO-Q11,BJ-2025-DC-QIMO-Q11,BJ-2025-DC-QIMO,11,选择题,,整题,MAYBE,完整题-选择题照收,E1,,倾向,2026-09-24-attribution-v1
BJ-2025-DC-QIMO-Q12,BJ-2025-DC-QIMO-Q12,BJ-2025-DC-QIMO,12,选择题,,整题,IN,完整题-选择题照收,E1,,不明,2026-09-24-attribution-v1
BJ-2025-DC-QIMO-Q13,BJ-2025-DC-QIMO-Q13,BJ-2025-DC-QIMO,13,选择题,,整题,MAYBE,完整题-选择题照收,E1,,不明,2026-09-24-attribution-v1
BJ-2025-DC-QIMO-Q14,BJ-2025-DC-QIMO-Q14,BJ-2025-DC-QIMO,14,选择题,,整题,IN,完整题-选择题照收,E1,,不明,2026-09-24-attribution-v1
BJ-2025-DC-QIMO-Q15,BJ-2025-DC-QIMO-Q15,BJ-2025-DC-QIMO,15,选择题,,整题,MAYBE,完整题-选择题照收,E1,,不明,2026-09-24-attribution-v1
BJ-2025-DC-QIMO-Q19#3,BJ-2025-DC-QIMO-Q19,BJ-2025-DC-QIMO,19,主观题,3,小问,MAYBE,完整题-有E1,E1,,不明,2026-09-24-attribution-v1
BJ-2025-FT-QIMO-Q1,BJ-2025-FT-QIMO-Q1,BJ-2025-FT-QIMO,1,选择题,,整题,MAYBE,完整题-选择题照收,E1,,倾向,2026-09-24-attribution-v1
BJ-2025-FT-QIMO-Q2,BJ-2025-FT-QIMO-Q2,BJ-2025-FT-QIMO,2,选择题,,整题,MAYBE,完整题-选择题照收,E1,,不明,2026-09-24-attribution-v1
BJ-2025-FT-QIMO-Q16,BJ-2025-FT-QIMO-Q16,BJ-2025-FT-QIMO,16,主观题,,整题,MAYBE,完整题-有E1,E1,,不明,2026-09-24-attribution-v1
BJ-2025-FT-QIMO-Q20,BJ-2025-FT-QIMO-Q20,BJ-2025-FT-QIMO,20,主观题,,整题,MAYBE,完整题-有E1,E1,,不明,2026-09-24-attribution-v1
BJ-2025-FT-QIMO-Q4,BJ-2025-FT-QIMO-Q4,BJ-2025-FT-QIMO,4,选择题,,整题,MAYBE,完整题-选择题照收,E1,,倾向,2026-09-24-attribution-v1
BJ-2025-FT-QIMO-Q6,BJ-2025-FT-QIMO-Q6,BJ-2025-FT-QIMO,6,选择题,,整题,MAYBE,完整题-选择题照收,E1,,不明,2026-09-24-attribution-v1
BJ-2025-FT-QIMO-Q7,BJ-2025-FT-QIMO-Q7,BJ-2025-FT-QIMO,7,选择题,,整题,MAYBE,完整题-选择题照收,E1,,不明,2026-09-24-attribution-v1
BJ-2025-FT-QIMO-Q8,BJ-2025-FT-QIMO-Q8,BJ-2025-FT-QIMO,8,选择题,,整题,MAYBE,完整题-选择题照收,E1,,不明,2026-09-24-attribution-v1
BJ-2025-FT-QIMO-Q9,BJ-2025-FT-QIMO-Q9,BJ-2025-FT-QIMO,9,选择题,,整题,MAYBE,完整题-选择题照收,E1,,不明,2026-09-24-attribution-v1
BJ-2025-FT-QIMO-Q10,BJ-2025-FT-QIMO-Q10,BJ-2025-FT-QIMO,10,选择题,,整题,MAYBE,完整题-选择题照收,E1,,不明,2026-09-24-attribution-v1
BJ-2025-FT-QIMO-Q12,BJ-2025-FT-QIMO-Q12,BJ-2025-FT-QIMO,12,选择题,,整题,MAYBE,完整题-选择题照收,E1,,不明,2026-09-24-attribution-v1
BJ-2025-FT-QIMO-Q19#1,BJ-2025-FT-QIMO-Q19,BJ-2025-FT-QIMO,19,主观题,1,小问,MAYBE,完整题-有E1,E1,,不明,2026-09-24-attribution-v1
BJ-2025-CY-QIMO-Q16,BJ-2025-CY-QIMO-Q16,BJ-2025-CY-QIMO,16,主观题,,整题,MAYBE,不收-无E1,缺细则,B1:rubric_unreadable_not_OUT;B2:rubric_unreadable_not_OUT;B3:rubric_unreadable_not_OUT;X1:rubric_unreadable_not_OUT;X2:rubric_unreadable_not_OUT;MI:rubric_unreadable_not_OUT;RE:rubric_unreadable_not_OUT,确定,2026-09-24-attribution-v1
BJ-2025-CY-QIMO-Q19,BJ-2025-CY-QIMO-Q19,BJ-2025-CY-QIMO,19,主观题,,整题,MAYBE,不收-无E1,缺细则,B1:rubric_unreadable_not_OUT;B2:rubric_unreadable_not_OUT;B3:rubric_unreadable_not_OUT;PH:rubric_unreadable_not_OUT;CU:rubric_unreadable_not_OUT;X1:rubric_unreadable_not_OUT;X2:rubric_unreadable_not_OUT,倾向,2026-09-24-attribution-v1
BJ-2025-CY-QIMO-Q21,BJ-2025-CY-QIMO-Q21,BJ-2025-CY-QIMO,21,主观题,,整题,MAYBE,不收-无E1,缺细则,B2:rubric_unreadable_not_OUT;B3:rubric_unreadable_not_OUT;PH:rubric_unreadable_not_OUT;CU:rubric_unreadable_not_OUT;X2:rubric_unreadable_not_OUT;MI:rubric_unreadable_not_OUT;RE:rubric_unreadable_not_OUT,倾向,2026-09-24-attribution-v1
BJ-2025-CY-QIMO-Q22,BJ-2025-CY-QIMO-Q22,BJ-2025-CY-QIMO,22,主观题,,整题,MAYBE,不收-无E1,缺细则,,不明,2026-09-24-attribution-v1
BJ-2025-CY-QIMO-Q1,BJ-2025-CY-QIMO-Q1,BJ-2025-CY-QIMO,1,选择题,,整题,MAYBE,完整题-选择题照收,缺答案键,,不明,2026-09-24-attribution-v1
BJ-2025-CY-QIMO-Q2,BJ-2025-CY-QIMO-Q2,BJ-2025-CY-QIMO,2,选择题,,整题,MAYBE,完整题-选择题照收,缺答案键,,倾向,2026-09-24-attribution-v1
BJ-2025-CY-QIMO-Q5,BJ-2025-CY-QIMO-Q5,BJ-2025-CY-QIMO,5,选择题,,整题,MAYBE,完整题-选择题照收,缺答案键,,不明,2026-09-24-attribution-v1
BJ-2025-CY-QIMO-Q6,BJ-2025-CY-QIMO-Q6,BJ-2025-CY-QIMO,6,选择题,,整题,MAYBE,完整题-选择题照收,缺答案键,,不明,2026-09-24-attribution-v1
BJ-2025-CY-QIMO-Q7,BJ-2025-CY-QIMO-Q7,BJ-2025-CY-QIMO,7,选择题,,整题,MAYBE,完整题-选择题照收,缺答案键,,不明,2026-09-24-attribution-v1
BJ-2025-CY-QIMO-Q8,BJ-2025-CY-QIMO-Q8,BJ-2025-CY-QIMO,8,选择题,,整题,MAYBE,完整题-选择题照收,缺答案键,,不明,2026-09-24-attribution-v1
BJ-2025-CY-QIMO-Q9,BJ-2025-CY-QIMO-Q9,BJ-2025-CY-QIMO,9,选择题,,整题,IN,完整题-选择题照收,缺答案键,,不明,2026-09-24-attribution-v1
BJ-2025-CY-QIMO-Q10,BJ-2025-CY-QIMO-Q10,BJ-2025-CY-QIMO,10,选择题,,整题,MAYBE,完整题-选择题照收,缺答案键,,不明,2026-09-24-attribution-v1
BJ-2025-CY-QIMO-Q11,BJ-2025-CY-QIMO-Q11,BJ-2025-CY-QIMO,11,选择题,,整题,MAYBE,完整题-选择题照收,缺答案键,,倾向,2026-09-24-attribution-v1
BJ-2025-CY-QIMO-Q14,BJ-2025-CY-QIMO-Q14,BJ-2025-CY-QIMO,14,选择题,,整题,MAYBE,完整题-选择题照收,缺答案键,,不明,2026-09-24-attribution-v1
BJ-2025-HD-QIZHONG-Q18,BJ-2025-HD-QIZHONG-Q18,BJ-2024-HD-QIZHONG,18,主观题,,整题,MAYBE,完整题-有E1,E1,,不明,2026-09-24-attribution-v1
BJ-2025-HD-QIZHONG-Q19,BJ-2025-HD-QIZHONG-Q19,BJ-2024-HD-QIZHONG,19,主观题,,整题,MAYBE,完整题-有E1,E1,B1:rubric_unreadable_not_OUT;B2:rubric_unreadable_not_OUT;CU:rubric_unreadable_not_OUT;X1:rubric_unreadable_not_OUT;MI:rubric_unreadable_not_OUT;RE:rubric_unreadable_not_OUT,倾向,2026-09-24-attribution-v1
BJ-2025-HD-QIZHONG-Q21#1,BJ-2025-HD-QIZHONG-Q21,BJ-2024-HD-QIZHONG,21,主观题,1,小问,MAYBE,完整题-有E1,E1,,不明,2026-09-24-attribution-v1
BJ-2025-HD-QIZHONG-Q21#2,BJ-2025-HD-QIZHONG-Q21,BJ-2024-HD-QIZHONG,21,主观题,2,小问,MAYBE,完整题-有E1,E1,,不明,2026-09-24-attribution-v1
BJ-2025-HD-QIZHONG-Q1,BJ-2025-HD-QIZHONG-Q1,BJ-2024-HD-QIZHONG,1,选择题,,整题,IN,完整题-选择题照收,E1,,不明,2026-09-24-attribution-v1
BJ-2025-HD-QIZHONG-Q2,BJ-2025-HD-QIZHONG-Q2,BJ-2024-HD-QIZHONG,2,选择题,,整题,MAYBE,完整题-选择题照收,E1,,不明,2026-09-24-attribution-v1
BJ-2025-HD-QIZHONG-Q3,BJ-2025-HD-QIZHONG-Q3,BJ-2024-HD-QIZHONG,3,选择题,,整题,MAYBE,完整题-选择题照收,E1,,不明,2026-09-24-attribution-v1
BJ-2025-HD-QIZHONG-Q4,BJ-2025-HD-QIZHONG-Q4,BJ-2024-HD-QIZHONG,4,选择题,,整题,IN,完整题-选择题照收,E1,,不明,2026-09-24-attribution-v1
BJ-2025-HD-QIZHONG-Q5,BJ-2025-HD-QIZHONG-Q5,BJ-2024-HD-QIZHONG,5,选择题,,整题,MAYBE,完整题-选择题照收,E1,,不明,2026-09-24-attribution-v1
BJ-2025-HD-QIZHONG-Q6,BJ-2025-HD-QIZHONG-Q6,BJ-2024-HD-QIZHONG,6,选择题,,整题,IN,完整题-选择题照收,E1,,不明,2026-09-24-attribution-v1
BJ-2025-HD-QIZHONG-Q7,BJ-2025-HD-QIZHONG-Q7,BJ-2024-HD-QIZHONG,7,选择题,,整题,IN,完整题-选择题照收,E1,,不明,2026-09-24-attribution-v1
BJ-2025-HD-QIZHONG-Q8,BJ-2025-HD-QIZHONG-Q8,BJ-2024-HD-QIZHONG,8,选择题,,整题,MAYBE,完整题-选择题照收,E1,,不明,2026-09-24-attribution-v1
BJ-2025-HD-QIZHONG-Q9,BJ-2025-HD-QIZHONG-Q9,BJ-2024-HD-QIZHONG,9,选择题,,整题,MAYBE,完整题-选择题照收,E1,,不明,2026-09-24-attribution-v1
BJ-2025-HD-QIZHONG-Q10,BJ-2025-HD-QIZHONG-Q10,BJ-2024-HD-QIZHONG,10,选择题,,整题,MAYBE,完整题-选择题照收,E1,,不明,2026-09-24-attribution-v1
BJ-2025-HD-QIZHONG-Q11,BJ-2025-HD-QIZHONG-Q11,BJ-2024-HD-QIZHONG,11,选择题,,整题,MAYBE,完整题-选择题照收,E1,,不明,2026-09-24-attribution-v1
BJ-2025-HD-QIZHONG-Q12,BJ-2025-HD-QIZHONG-Q12,BJ-2024-HD-QIZHONG,12,选择题,,整题,IN,完整题-选择题照收,E1,,不明,2026-09-24-attribution-v1
BJ-2025-HD-QIZHONG-Q13,BJ-2025-HD-QIZHONG-Q13,BJ-2024-HD-QIZHONG,13,选择题,,整题,IN,完整题-选择题照收,E1,,不明,2026-09-24-attribution-v1
BJ-2025-HD-QIZHONG-Q14,BJ-2025-HD-QIZHONG-Q14,BJ-2024-HD-QIZHONG,14,选择题,,整题,MAYBE,完整题-选择题照收,E1,,不明,2026-09-24-attribution-v1
BJ-2025-HD-QIZHONG-Q15,BJ-2025-HD-QIZHONG-Q15,BJ-2024-HD-QIZHONG,15,选择题,,整题,MAYBE,完整题-选择题照收,E1,,不明,2026-09-24-attribution-v1
BJ-2025-HD-QIZHONG-Q25#1,BJ-2025-HD-QIZHONG-Q25,BJ-2024-HD-QIZHONG,25,主观题,1,小问,IN,完整题-有E1,E1,B1:rubric_unreadable_not_OUT;B3:rubric_unreadable_not_OUT;PH:rubric_unreadable_not_OUT;CU:rubric_unreadable_not_OUT;X1:rubric_unreadable_not_OUT;X2:rubric_unreadable_not_OUT;MI:rubric_unreadable_not_OUT;RE:rubric_unreadable_not_OUT,确定,2026-09-24-attribution-v1
BJ-2025-HD-QIZHONG-Q25#2,BJ-2025-HD-QIZHONG-Q25,BJ-2024-HD-QIZHONG,25,主观题,2,小问,IN,完整题-有E1,E1,B1:rubric_unreadable_not_OUT;B3:rubric_unreadable_not_OUT;PH:rubric_unreadable_not_OUT;CU:rubric_unreadable_not_OUT;X1:rubric_unreadable_not_OUT;X2:rubric_unreadable_not_OUT;MI:rubric_unreadable_not_OUT;RE:rubric_unreadable_not_OUT,确定,2026-09-24-attribution-v1
BJ-2025-HD-QIMO-Q2,BJ-2025-HD-QIMO-Q2,BJ-2025-HD-QIMO,2,选择题,,整题,MAYBE,完整题-选择题照收,E1,,倾向,2026-09-24-attribution-v1
BJ-2025-HD-QIMO-Q5,BJ-2025-HD-QIMO-Q5,BJ-2025-HD-QIMO,5,选择题,,整题,MAYBE,完整题-选择题照收,E1,,不明,2026-09-24-attribution-v1
BJ-2025-HD-QIMO-Q1,BJ-2025-HD-QIMO-Q1,BJ-2025-HD-QIMO,1,选择题,,整题,MAYBE,完整题-选择题照收,E1,,不明,2026-09-24-attribution-v1
BJ-2025-HD-QIMO-Q6,BJ-2025-HD-QIMO-Q6,BJ-2025-HD-QIMO,6,选择题,,整题,MAYBE,完整题-选择题照收,E1,,不明,2026-09-24-attribution-v1
BJ-2025-HD-QIMO-Q18,BJ-2025-HD-QIMO-Q18,BJ-2025-HD-QIMO,18,主观题,,整题,MAYBE,完整题-有E1,E1,,不明,2026-09-24-attribution-v1
BJ-2025-HD-QIMO-Q22,BJ-2025-HD-QIMO-Q22,BJ-2025-HD-QIMO,22,主观题,,整题,MAYBE,完整题-有E1,E1,,不明,2026-09-24-attribution-v1
BJ-2025-HD-QIMO-Q3,BJ-2025-HD-QIMO-Q3,BJ-2025-HD-QIMO,3,选择题,,整题,MAYBE,完整题-选择题照收,E1,,不明,2026-09-24-attribution-v1
BJ-2025-HD-QIMO-Q4,BJ-2025-HD-QIMO-Q4,BJ-2025-HD-QIMO,4,选择题,,整题,MAYBE,完整题-选择题照收,E1,,倾向,2026-09-24-attribution-v1
BJ-2025-HD-QIMO-Q7,BJ-2025-HD-QIMO-Q7,BJ-2025-HD-QIMO,7,选择题,,整题,MAYBE,完整题-选择题照收,E1,,不明,2026-09-24-attribution-v1
BJ-2025-HD-QIMO-Q8,BJ-2025-HD-QIMO-Q8,BJ-2025-HD-QIMO,8,选择题,,整题,MAYBE,完整题-选择题照收,E1,,不明,2026-09-24-attribution-v1
BJ-2025-HD-QIMO-Q9,BJ-2025-HD-QIMO-Q9,BJ-2025-HD-QIMO,9,选择题,,整题,MAYBE,完整题-选择题照收,E1,,不明,2026-09-24-attribution-v1
BJ-2025-HD-QIMO-Q10,BJ-2025-HD-QIMO-Q10,BJ-2025-HD-QIMO,10,选择题,,整题,MAYBE,完整题-选择题照收,E1,,不明,2026-09-24-attribution-v1
BJ-2025-HD-QIMO-Q11,BJ-2025-HD-QIMO-Q11,BJ-2025-HD-QIMO,11,选择题,,整题,MAYBE,完整题-选择题照收,E1,,倾向,2026-09-24-attribution-v1
BJ-2025-HD-QIMO-Q12,BJ-2025-HD-QIMO-Q12,BJ-2025-HD-QIMO,12,选择题,,整题,MAYBE,完整题-选择题照收,E1,,不明,2026-09-24-attribution-v1
BJ-2025-HD-QIMO-Q13,BJ-2025-HD-QIMO-Q13,BJ-2025-HD-QIMO,13,选择题,,整题,IN,完整题-选择题照收,E1,,倾向,2026-09-24-attribution-v1
BJ-2025-HD-QIMO-Q14,BJ-2025-HD-QIMO-Q14,BJ-2025-HD-QIMO,14,选择题,,整题,MAYBE,完整题-选择题照收,E1,,不明,2026-09-24-attribution-v1
BJ-2025-HD-QIMO-Q15,BJ-2025-HD-QIMO-Q15,BJ-2025-HD-QIMO,15,选择题,,整题,MAYBE,完整题-选择题照收,E1,,不明,2026-09-24-attribution-v1
BJ-2025-HD-QIMO-Q17#1,BJ-2025-HD-QIMO-Q17,BJ-2025-HD-QIMO,17,主观题,1,小问,MAYBE,完整题-有E1,E1,B1:rubric_unreadable_not_OUT;B2:rubric_unreadable_not_OUT;B3:rubric_unreadable_not_OUT;CU:rubric_unreadable_not_OUT;X1:rubric_unreadable_not_OUT;X2:rubric_unreadable_not_OUT;RE:rubric_unreadable_not_OUT,确定,2026-09-24-attribution-v1
BJ-2025-HD-QIMO-Q17#2,BJ-2025-HD-QIMO-Q17,BJ-2025-HD-QIMO,17,主观题,2,小问,MAYBE,完整题-有E1,E1,B1:rubric_unreadable_not_OUT;B2:rubric_unreadable_not_OUT;B3:rubric_unreadable_not_OUT;CU:rubric_unreadable_not_OUT;X1:rubric_unreadable_not_OUT;X2:rubric_unreadable_not_OUT;RE:rubric_unreadable_not_OUT,确定,2026-09-24-attribution-v1
BJ-2025-HD-QIMO-Q20,BJ-2025-HD-QIMO-Q20,BJ-2025-HD-QIMO,20,主观题,,整题,MAYBE,完整题-有E1,E1,,不明,2026-09-24-attribution-v1
BJ-2025-XC-QIMO-Q18,BJ-2025-XC-QIMO-Q18,BJ-2025-XC-QIMO,18,主观题,,整题,MAYBE,完整题-有E1,E1,,不明,2026-09-24-attribution-v1
BJ-2025-XC-QIMO-Q21,BJ-2025-XC-QIMO-Q21,BJ-2025-XC-QIMO,21,主观题,,整题,MAYBE,完整题-有E1,E1,,不明,2026-09-24-attribution-v1
BJ-2025-XC-QIMO-Q1,BJ-2025-XC-QIMO-Q1,BJ-2025-XC-QIMO,1,选择题,,整题,MAYBE,完整题-选择题照收,E1,,不明,2026-09-24-attribution-v1
BJ-2025-XC-QIMO-Q2,BJ-2025-XC-QIMO-Q2,BJ-2025-XC-QIMO,2,选择题,,整题,MAYBE,完整题-选择题照收,E1,,倾向,2026-09-24-attribution-v1
BJ-2025-XC-QIMO-Q3,BJ-2025-XC-QIMO-Q3,BJ-2025-XC-QIMO,3,选择题,,整题,MAYBE,完整题-选择题照收,E1,,倾向,2026-09-24-attribution-v1
BJ-2025-XC-QIMO-Q5,BJ-2025-XC-QIMO-Q5,BJ-2025-XC-QIMO,5,选择题,,整题,MAYBE,完整题-选择题照收,E1,,不明,2026-09-24-attribution-v1
BJ-2025-XC-QIMO-Q6,BJ-2025-XC-QIMO-Q6,BJ-2025-XC-QIMO,6,选择题,,整题,MAYBE,完整题-选择题照收,E1,,不明,2026-09-24-attribution-v1
BJ-2025-XC-QIMO-Q7,BJ-2025-XC-QIMO-Q7,BJ-2025-XC-QIMO,7,选择题,,整题,MAYBE,完整题-选择题照收,E1,,不明,2026-09-24-attribution-v1
BJ-2025-XC-QIMO-Q11,BJ-2025-XC-QIMO-Q11,BJ-2025-XC-QIMO,11,选择题,,整题,MAYBE,完整题-选择题照收,E1,,不明,2026-09-24-attribution-v1
BJ-2025-XC-QIMO-Q12,BJ-2025-XC-QIMO-Q12,BJ-2025-XC-QIMO,12,选择题,,整题,MAYBE,完整题-选择题照收,E1,,不明,2026-09-24-attribution-v1
BJ-2025-XC-QIMO-Q13,BJ-2025-XC-QIMO-Q13,BJ-2025-XC-QIMO,13,选择题,,整题,MAYBE,完整题-选择题照收,E1,,不明,2026-09-24-attribution-v1
BJ-2025-XC-QIMO-Q15,BJ-2025-XC-QIMO-Q15,BJ-2025-XC-QIMO,15,选择题,,整题,MAYBE,完整题-选择题照收,E1,,不明,2026-09-24-attribution-v1
BJ-2026-DC-YIMO-Q16,BJ-2026-DC-YIMO-Q16,BJ-2026-DC-YIMO,16,主观题,,整题,MAYBE,完整题-有E1,E1,,倾向,2026-09-24-attribution-v1
BJ-2026-DC-YIMO-Q4,BJ-2026-DC-YIMO-Q4,BJ-2026-DC-YIMO,4,选择题,,整题,MAYBE,完整题-选择题照收,E1,,不明,2026-09-24-attribution-v1
BJ-2026-DC-YIMO-Q17,BJ-2026-DC-YIMO-Q17,BJ-2026-DC-YIMO,17,主观题,,整题,MAYBE,完整题-有E1,E1,,倾向,2026-09-24-attribution-v1
BJ-2026-DC-YIMO-Q3,BJ-2026-DC-YIMO-Q3,BJ-2026-DC-YIMO,3,选择题,,整题,MAYBE,完整题-选择题照收,E1,,不明,2026-09-24-attribution-v1
BJ-2026-DC-YIMO-Q18,BJ-2026-DC-YIMO-Q18,BJ-2026-DC-YIMO,18,主观题,,整题,MAYBE,完整题-有E1,E1,,倾向,2026-09-24-attribution-v1
BJ-2026-DC-YIMO-Q7,BJ-2026-DC-YIMO-Q7,BJ-2026-DC-YIMO,7,选择题,,整题,MAYBE,完整题-选择题照收,E1,,不明,2026-09-24-attribution-v1
BJ-2026-DC-YIMO-Q5,BJ-2026-DC-YIMO-Q5,BJ-2026-DC-YIMO,5,选择题,,整题,MAYBE,完整题-选择题照收,E1,,不明,2026-09-24-attribution-v1
BJ-2026-DC-YIMO-Q9,BJ-2026-DC-YIMO-Q9,BJ-2026-DC-YIMO,9,选择题,,整题,MAYBE,完整题-选择题照收,E1,,不明,2026-09-24-attribution-v1
BJ-2026-DC-YIMO-Q6,BJ-2026-DC-YIMO-Q6,BJ-2026-DC-YIMO,6,选择题,,整题,MAYBE,完整题-选择题照收,E1,,不明,2026-09-24-attribution-v1
BJ-2026-DC-YIMO-Q11,BJ-2026-DC-YIMO-Q11,BJ-2026-DC-YIMO,11,选择题,,整题,MAYBE,完整题-选择题照收,E1,,倾向,2026-09-24-attribution-v1
BJ-2026-DC-YIMO-Q14,BJ-2026-DC-YIMO-Q14,BJ-2026-DC-YIMO,14,选择题,,整题,MAYBE,完整题-选择题照收,E1,,不明,2026-09-24-attribution-v1
BJ-2026-DC-YIMO-Q15,BJ-2026-DC-YIMO-Q15,BJ-2026-DC-YIMO,15,选择题,,整题,MAYBE,完整题-选择题照收,E1,,不明,2026-09-24-attribution-v1
BJ-2026-FT-YIMO-Q1,BJ-2026-FT-YIMO-Q1,BJ-2026-FT-YIMO,1,选择题,,整题,MAYBE,完整题-选择题照收,E1,,倾向,2026-09-24-attribution-v1
BJ-2026-FT-YIMO-Q4,BJ-2026-FT-YIMO-Q4,BJ-2026-FT-YIMO,4,选择题,,整题,MAYBE,完整题-选择题照收,E1,,不明,2026-09-24-attribution-v1
BJ-2026-FT-YIMO-Q17,BJ-2026-FT-YIMO-Q17,BJ-2026-FT-YIMO,17,主观题,,整题,MAYBE,完整题-有E1,E1,B1:rubric_unreadable_not_OUT;B2:rubric_unreadable_not_OUT;PH:rubric_unreadable_not_OUT;CU:rubric_unreadable_not_OUT;X2:rubric_unreadable_not_OUT;MI:rubric_unreadable_not_OUT;RE:rubric_unreadable_not_OUT,倾向,2026-09-24-attribution-v1
BJ-2026-FT-YIMO-Q19,BJ-2026-FT-YIMO-Q19,BJ-2026-FT-YIMO,19,主观题,,整题,MAYBE,完整题-有E1,E1,B1:rubric_unreadable_not_OUT;B2:rubric_unreadable_not_OUT;B3:rubric_unreadable_not_OUT;PH:rubric_unreadable_not_OUT;CU:rubric_unreadable_not_OUT;X2:rubric_unreadable_not_OUT;MI:rubric_unreadable_not_OUT;RE:rubric_unreadable_not_OUT,确定,2026-09-24-attribution-v1
BJ-2026-FT-YIMO-Q20,BJ-2026-FT-YIMO-Q20,BJ-2026-FT-YIMO,20,主观题,,整题,MAYBE,完整题-有E1,E1,B1:rubric_unreadable_not_OUT;B2:rubric_unreadable_not_OUT;X1:rubric_unreadable_not_OUT;MI:rubric_unreadable_not_OUT;RE:rubric_unreadable_not_OUT,倾向,2026-09-24-attribution-v1
BJ-2026-FT-YIMO-Q2,BJ-2026-FT-YIMO-Q2,BJ-2026-FT-YIMO,2,选择题,,整题,MAYBE,完整题-选择题照收,E1,,不明,2026-09-24-attribution-v1
BJ-2026-FT-YIMO-Q3,BJ-2026-FT-YIMO-Q3,BJ-2026-FT-YIMO,3,选择题,,整题,MAYBE,完整题-选择题照收,E1,,不明,2026-09-24-attribution-v1
BJ-2026-FT-YIMO-Q6,BJ-2026-FT-YIMO-Q6,BJ-2026-FT-YIMO,6,选择题,,整题,MAYBE,完整题-选择题照收,E1,,不明,2026-09-24-attribution-v1
BJ-2026-FT-YIMO-Q8,BJ-2026-FT-YIMO-Q8,BJ-2026-FT-YIMO,8,选择题,,整题,MAYBE,完整题-选择题照收,E1,,倾向,2026-09-24-attribution-v1
BJ-2026-FT-YIMO-Q10,BJ-2026-FT-YIMO-Q10,BJ-2026-FT-YIMO,10,选择题,,整题,MAYBE,完整题-选择题照收,E1,,倾向,2026-09-24-attribution-v1
BJ-2026-FT-YIMO-Q11,BJ-2026-FT-YIMO-Q11,BJ-2026-FT-YIMO,11,选择题,,整题,IN,完整题-选择题照收,E1,,倾向,2026-09-24-attribution-v1
BJ-2026-FT-YIMO-Q15,BJ-2026-FT-YIMO-Q15,BJ-2026-FT-YIMO,15,选择题,,整题,MAYBE,完整题-选择题照收,E1,,不明,2026-09-24-attribution-v1
BJ-2026-FT-YIMO-Q16,BJ-2026-FT-YIMO-Q16,BJ-2026-FT-YIMO,16,主观题,,整题,MAYBE,完整题-有E1,E1,,不明,2026-09-24-attribution-v1
BJ-2026-FT-YIMO-Q21,BJ-2026-FT-YIMO-Q21,BJ-2026-FT-YIMO,21,主观题,,整题,MAYBE,完整题-有E1,E1,,不明,2026-09-24-attribution-v1
BJ-2026-YQ-YIMO-Q17,BJ-2026-YQ-YIMO-Q17,BJ-2026-YQ-YIMO,17,主观题,,整题,MAYBE,完整题-有E1,E1,,不明,2026-09-24-attribution-v1
BJ-2026-YQ-YIMO-Q18#1,BJ-2026-YQ-YIMO-Q18,BJ-2026-YQ-YIMO,18,主观题,1,小问,MAYBE,完整题-有E1,E1,,不明,2026-09-24-attribution-v1
BJ-2026-YQ-YIMO-Q18#2,BJ-2026-YQ-YIMO-Q18,BJ-2026-YQ-YIMO,18,主观题,2,小问,MAYBE,完整题-有E1,E1,,不明,2026-09-24-attribution-v1
BJ-2026-YQ-YIMO-Q20,BJ-2026-YQ-YIMO-Q20,BJ-2026-YQ-YIMO,20,主观题,,整题,MAYBE,完整题-有E1,E1,,不明,2026-09-24-attribution-v1
BJ-2026-YQ-YIMO-Q1,BJ-2026-YQ-YIMO-Q1,BJ-2026-YQ-YIMO,1,选择题,,整题,MAYBE,完整题-选择题照收,E1,,倾向,2026-09-24-attribution-v1
BJ-2026-YQ-YIMO-Q3,BJ-2026-YQ-YIMO-Q3,BJ-2026-YQ-YIMO,3,选择题,,整题,MAYBE,完整题-选择题照收,E1,,不明,2026-09-24-attribution-v1
BJ-2026-YQ-YIMO-Q4,BJ-2026-YQ-YIMO-Q4,BJ-2026-YQ-YIMO,4,选择题,,整题,MAYBE,完整题-选择题照收,E1,,不明,2026-09-24-attribution-v1
BJ-2026-YQ-YIMO-Q5,BJ-2026-YQ-YIMO-Q5,BJ-2026-YQ-YIMO,5,选择题,,整题,MAYBE,完整题-选择题照收,E1,,不明,2026-09-24-attribution-v1
BJ-2026-YQ-YIMO-Q6,BJ-2026-YQ-YIMO-Q6,BJ-2026-YQ-YIMO,6,选择题,,整题,MAYBE,完整题-选择题照收,E1,,不明,2026-09-24-attribution-v1
BJ-2026-YQ-YIMO-Q7,BJ-2026-YQ-YIMO-Q7,BJ-2026-YQ-YIMO,7,选择题,,整题,MAYBE,完整题-选择题照收,E1,,不明,2026-09-24-attribution-v1
BJ-2026-YQ-YIMO-Q8,BJ-2026-YQ-YIMO-Q8,BJ-2026-YQ-YIMO,8,选择题,,整题,MAYBE,完整题-选择题照收,E1,,倾向,2026-09-24-attribution-v1
BJ-2026-YQ-YIMO-Q9,BJ-2026-YQ-YIMO-Q9,BJ-2026-YQ-YIMO,9,选择题,,整题,MAYBE,完整题-选择题照收,E1,,不明,2026-09-24-attribution-v1
BJ-2026-YQ-YIMO-Q10,BJ-2026-YQ-YIMO-Q10,BJ-2026-YQ-YIMO,10,选择题,,整题,MAYBE,完整题-选择题照收,E1,,倾向,2026-09-24-attribution-v1
BJ-2026-YQ-YIMO-Q11,BJ-2026-YQ-YIMO-Q11,BJ-2026-YQ-YIMO,11,选择题,,整题,MAYBE,完整题-选择题照收,E1,,倾向,2026-09-24-attribution-v1
BJ-2026-YQ-YIMO-Q15,BJ-2026-YQ-YIMO-Q15,BJ-2026-YQ-YIMO,15,选择题,,整题,MAYBE,完整题-选择题照收,E1,,不明,2026-09-24-attribution-v1
BJ-2026-FS-YIMO-Q17#1,BJ-2026-FS-YIMO-Q17,BJ-2026-FS-YIMO,17,主观题,1,小问,MAYBE,不收-无E1,缺细则,,不明,2026-09-24-attribution-v1
BJ-2026-FS-YIMO-Q17#2,BJ-2026-FS-YIMO-Q17,BJ-2026-FS-YIMO,17,主观题,2,小问,MAYBE,不收-无E1,缺细则,,不明,2026-09-24-attribution-v1
BJ-2026-FS-YIMO-Q18#1,BJ-2026-FS-YIMO-Q18,BJ-2026-FS-YIMO,18,主观题,1,小问,MAYBE,不收-无E1,缺细则,B1:rubric_unreadable_not_OUT;B2:rubric_unreadable_not_OUT;PH:rubric_unreadable_not_OUT;CU:rubric_unreadable_not_OUT;X1:rubric_unreadable_not_OUT;X2:rubric_unreadable_not_OUT;RE:rubric_unreadable_not_OUT,确定,2026-09-24-attribution-v1
BJ-2026-FS-YIMO-Q18#2,BJ-2026-FS-YIMO-Q18,BJ-2026-FS-YIMO,18,主观题,2,小问,MAYBE,不收-无E1,缺细则,B1:rubric_unreadable_not_OUT;B2:rubric_unreadable_not_OUT;PH:rubric_unreadable_not_OUT;CU:rubric_unreadable_not_OUT;X1:rubric_unreadable_not_OUT;X2:rubric_unreadable_not_OUT;RE:rubric_unreadable_not_OUT,确定,2026-09-24-attribution-v1
BJ-2026-FS-YIMO-Q20,BJ-2026-FS-YIMO-Q20,BJ-2026-FS-YIMO,20,主观题,,整题,MAYBE,不收-无E1,缺细则,,不明,2026-09-24-attribution-v1
BJ-2026-FS-YIMO-Q2,BJ-2026-FS-YIMO-Q2,BJ-2026-FS-YIMO,2,选择题,,整题,MAYBE,完整题-选择题照收,缺答案键,,不明,2026-09-24-attribution-v1
BJ-2026-FS-YIMO-Q3,BJ-2026-FS-YIMO-Q3,BJ-2026-FS-YIMO,3,选择题,,整题,MAYBE,完整题-选择题照收,缺答案键,,不明,2026-09-24-attribution-v1
BJ-2026-FS-YIMO-Q4,BJ-2026-FS-YIMO-Q4,BJ-2026-FS-YIMO,4,选择题,,整题,MAYBE,完整题-选择题照收,缺答案键,,不明,2026-09-24-attribution-v1
BJ-2026-FS-YIMO-Q5,BJ-2026-FS-YIMO-Q5,BJ-2026-FS-YIMO,5,选择题,,整题,MAYBE,完整题-选择题照收,缺答案键,,不明,2026-09-24-attribution-v1
BJ-2026-FS-YIMO-Q6,BJ-2026-FS-YIMO-Q6,BJ-2026-FS-YIMO,6,选择题,,整题,MAYBE,完整题-选择题照收,缺答案键,,不明,2026-09-24-attribution-v1
BJ-2026-FS-YIMO-Q7,BJ-2026-FS-YIMO-Q7,BJ-2026-FS-YIMO,7,选择题,,整题,MAYBE,完整题-选择题照收,缺答案键,,不明,2026-09-24-attribution-v1
BJ-2026-FS-YIMO-Q9,BJ-2026-FS-YIMO-Q9,BJ-2026-FS-YIMO,9,选择题,,整题,MAYBE,完整题-选择题照收,缺答案键,,倾向,2026-09-24-attribution-v1
BJ-2026-FS-YIMO-Q10,BJ-2026-FS-YIMO-Q10,BJ-2026-FS-YIMO,10,选择题,,整题,MAYBE,完整题-选择题照收,缺答案键,,倾向,2026-09-24-attribution-v1
BJ-2026-FS-YIMO-Q11,BJ-2026-FS-YIMO-Q11,BJ-2026-FS-YIMO,11,选择题,,整题,MAYBE,完整题-选择题照收,缺答案键,,倾向,2026-09-24-attribution-v1
BJ-2026-FS-YIMO-Q15,BJ-2026-FS-YIMO-Q15,BJ-2026-FS-YIMO,15,选择题,,整题,MAYBE,完整题-选择题照收,缺答案键,,不明,2026-09-24-attribution-v1
BJ-2026-CY-YIMO-Q1,BJ-2026-CY-YIMO-Q1,BJ-2026-CY-YIMO,1,选择题,,整题,MAYBE,完整题-选择题照收,E1,,不明,2026-09-24-attribution-v1
BJ-2026-CY-YIMO-Q17#1,BJ-2026-CY-YIMO-Q17,BJ-2026-CY-YIMO,17,主观题,1,小问,MAYBE,完整题-有E1,E1,,不明,2026-09-24-attribution-v1
BJ-2026-CY-YIMO-Q17#2,BJ-2026-CY-YIMO-Q17,BJ-2026-CY-YIMO,17,主观题,2,小问,MAYBE,完整题-有E1,E1,,不明,2026-09-24-attribution-v1
BJ-2026-CY-YIMO-Q18,BJ-2026-CY-YIMO-Q18,BJ-2026-CY-YIMO,18,主观题,,整题,IN,完整题-有E1,E1,,不明,2026-09-24-attribution-v1
BJ-2026-CY-YIMO-Q2,BJ-2026-CY-YIMO-Q2,BJ-2026-CY-YIMO,2,选择题,,整题,MAYBE,完整题-选择题照收,E1,,不明,2026-09-24-attribution-v1
BJ-2026-CY-YIMO-Q3,BJ-2026-CY-YIMO-Q3,BJ-2026-CY-YIMO,3,选择题,,整题,MAYBE,完整题-选择题照收,E1,,不明,2026-09-24-attribution-v1
BJ-2026-CY-YIMO-Q4,BJ-2026-CY-YIMO-Q4,BJ-2026-CY-YIMO,4,选择题,,整题,MAYBE,完整题-选择题照收,E1,,不明,2026-09-24-attribution-v1
BJ-2026-CY-YIMO-Q5,BJ-2026-CY-YIMO-Q5,BJ-2026-CY-YIMO,5,选择题,,整题,MAYBE,完整题-选择题照收,E1,,不明,2026-09-24-attribution-v1
BJ-2026-CY-YIMO-Q6,BJ-2026-CY-YIMO-Q6,BJ-2026-CY-YIMO,6,选择题,,整题,MAYBE,完整题-选择题照收,E1,,倾向,2026-09-24-attribution-v1
BJ-2026-CY-YIMO-Q7,BJ-2026-CY-YIMO-Q7,BJ-2026-CY-YIMO,7,选择题,,整题,MAYBE,完整题-选择题照收,E1,,不明,2026-09-24-attribution-v1
BJ-2026-CY-YIMO-Q8,BJ-2026-CY-YIMO-Q8,BJ-2026-CY-YIMO,8,选择题,,整题,MAYBE,完整题-选择题照收,E1,,不明,2026-09-24-attribution-v1
BJ-2026-CY-YIMO-Q9,BJ-2026-CY-YIMO-Q9,BJ-2026-CY-YIMO,9,选择题,,整题,MAYBE,完整题-选择题照收,E1,,不明,2026-09-24-attribution-v1
BJ-2026-CY-YIMO-Q10,BJ-2026-CY-YIMO-Q10,BJ-2026-CY-YIMO,10,选择题,,整题,MAYBE,完整题-选择题照收,E1,,倾向,2026-09-24-attribution-v1
BJ-2026-CY-YIMO-Q11,BJ-2026-CY-YIMO-Q11,BJ-2026-CY-YIMO,11,选择题,,整题,MAYBE,完整题-选择题照收,E1,,倾向,2026-09-24-attribution-v1
BJ-2026-CY-YIMO-Q15,BJ-2026-CY-YIMO-Q15,BJ-2026-CY-YIMO,15,选择题,,整题,MAYBE,完整题-选择题照收,E1,,不明,2026-09-24-attribution-v1
BJ-2026-CY-YIMO-Q16,BJ-2026-CY-YIMO-Q16,BJ-2026-CY-YIMO,16,主观题,,整题,MAYBE,完整题-有E1,E1,,倾向,2026-09-24-attribution-v1
BJ-2026-CY-YIMO-Q21,BJ-2026-CY-YIMO-Q21,BJ-2026-CY-YIMO,21,主观题,,整题,MAYBE,完整题-有E1,E1,,不明,2026-09-24-attribution-v1
BJ-2026-HD-YIMO-Q16,BJ-2026-HD-YIMO-Q16,BJ-2026-HD-YIMO,16,主观题,,整题,MAYBE,完整题-有E1,E1,,不明,2026-09-24-attribution-v1
BJ-2026-HD-YIMO-Q17,BJ-2026-HD-YIMO-Q17,BJ-2026-HD-YIMO,17,主观题,,整题,MAYBE,完整题-有E1,E1,,不明,2026-09-24-attribution-v1
BJ-2026-HD-YIMO-Q21,BJ-2026-HD-YIMO-Q21,BJ-2026-HD-YIMO,21,主观题,,整题,MAYBE,完整题-有E1,E1,,不明,2026-09-24-attribution-v1
BJ-2026-HD-YIMO-Q1,BJ-2026-HD-YIMO-Q1,BJ-2026-HD-YIMO,1,选择题,,整题,MAYBE,完整题-选择题照收,E1,,不明,2026-09-24-attribution-v1
BJ-2026-HD-YIMO-Q2,BJ-2026-HD-YIMO-Q2,BJ-2026-HD-YIMO,2,选择题,,整题,MAYBE,完整题-选择题照收,E1,,倾向,2026-09-24-attribution-v1
BJ-2026-HD-YIMO-Q3,BJ-2026-HD-YIMO-Q3,BJ-2026-HD-YIMO,3,选择题,,整题,MAYBE,完整题-选择题照收,E1,,不明,2026-09-24-attribution-v1
BJ-2026-HD-YIMO-Q4,BJ-2026-HD-YIMO-Q4,BJ-2026-HD-YIMO,4,选择题,,整题,MAYBE,完整题-选择题照收,E1,,不明,2026-09-24-attribution-v1
BJ-2026-HD-YIMO-Q5,BJ-2026-HD-YIMO-Q5,BJ-2026-HD-YIMO,5,选择题,,整题,MAYBE,完整题-选择题照收,E1,,不明,2026-09-24-attribution-v1
BJ-2026-HD-YIMO-Q6,BJ-2026-HD-YIMO-Q6,BJ-2026-HD-YIMO,6,选择题,,整题,MAYBE,完整题-选择题照收,E1,,不明,2026-09-24-attribution-v1
BJ-2026-HD-YIMO-Q7,BJ-2026-HD-YIMO-Q7,BJ-2026-HD-YIMO,7,选择题,,整题,MAYBE,完整题-选择题照收,E1,,不明,2026-09-24-attribution-v1
BJ-2026-HD-YIMO-Q8,BJ-2026-HD-YIMO-Q8,BJ-2026-HD-YIMO,8,选择题,,整题,MAYBE,完整题-选择题照收,E1,,倾向,2026-09-24-attribution-v1
BJ-2026-HD-YIMO-Q9,BJ-2026-HD-YIMO-Q9,BJ-2026-HD-YIMO,9,选择题,,整题,MAYBE,完整题-选择题照收,E1,,倾向,2026-09-24-attribution-v1
BJ-2026-HD-YIMO-Q10,BJ-2026-HD-YIMO-Q10,BJ-2026-HD-YIMO,10,选择题,,整题,MAYBE,完整题-选择题照收,E1,,倾向,2026-09-24-attribution-v1
BJ-2026-HD-YIMO-Q11,BJ-2026-HD-YIMO-Q11,BJ-2026-HD-YIMO,11,选择题,,整题,MAYBE,完整题-选择题照收,E1,,倾向,2026-09-24-attribution-v1
BJ-2026-HD-YIMO-Q15,BJ-2026-HD-YIMO-Q15,BJ-2026-HD-YIMO,15,选择题,,整题,MAYBE,完整题-选择题照收,E1,,不明,2026-09-24-attribution-v1
BJ-2026-SJS-YIMO-Q17#1,BJ-2026-SJS-YIMO-Q17,BJ-2026-SJS-YIMO,17,主观题,1,小问,MAYBE,完整题-有E1,E1,B1:rubric_unreadable_not_OUT;B2:rubric_unreadable_not_OUT;B3:rubric_unreadable_not_OUT;X2:rubric_unreadable_not_OUT;RE:rubric_unreadable_not_OUT,倾向,2026-09-24-attribution-v1
BJ-2026-SJS-YIMO-Q17#2,BJ-2026-SJS-YIMO-Q17,BJ-2026-SJS-YIMO,17,主观题,2,小问,MAYBE,完整题-有E1,E1,B1:rubric_unreadable_not_OUT;B2:rubric_unreadable_not_OUT;B3:rubric_unreadable_not_OUT;X1:rubric_unreadable_not_OUT;X2:rubric_unreadable_not_OUT;RE:rubric_unreadable_not_OUT,确定,2026-09-24-attribution-v1
BJ-2026-SJS-YIMO-Q18,BJ-2026-SJS-YIMO-Q18,BJ-2026-SJS-YIMO,18,主观题,,整题,MAYBE,完整题-有E1,E1,,倾向,2026-09-24-attribution-v1
BJ-2026-SJS-YIMO-Q19,BJ-2026-SJS-YIMO-Q19,BJ-2026-SJS-YIMO,19,主观题,,整题,MAYBE,完整题-有E1,E1,,不明,2026-09-24-attribution-v1
BJ-2026-SJS-YIMO-Q20,BJ-2026-SJS-YIMO-Q20,BJ-2026-SJS-YIMO,20,主观题,,整题,MAYBE,完整题-有E1,E1,,不明,2026-09-24-attribution-v1
BJ-2026-SJS-YIMO-Q1,BJ-2026-SJS-YIMO-Q1,BJ-2026-SJS-YIMO,1,选择题,,整题,MAYBE,完整题-选择题照收,E1,,不明,2026-09-24-attribution-v1
BJ-2026-SJS-YIMO-Q2,BJ-2026-SJS-YIMO-Q2,BJ-2026-SJS-YIMO,2,选择题,,整题,MAYBE,完整题-选择题照收,E1,,不明,2026-09-24-attribution-v1
BJ-2026-SJS-YIMO-Q3,BJ-2026-SJS-YIMO-Q3,BJ-2026-SJS-YIMO,3,选择题,,整题,MAYBE,完整题-选择题照收,E1,,不明,2026-09-24-attribution-v1
BJ-2026-SJS-YIMO-Q4,BJ-2026-SJS-YIMO-Q4,BJ-2026-SJS-YIMO,4,选择题,,整题,MAYBE,完整题-选择题照收,E1,,不明,2026-09-24-attribution-v1
BJ-2026-SJS-YIMO-Q5,BJ-2026-SJS-YIMO-Q5,BJ-2026-SJS-YIMO,5,选择题,,整题,MAYBE,完整题-选择题照收,E1,,不明,2026-09-24-attribution-v1
BJ-2026-SJS-YIMO-Q6,BJ-2026-SJS-YIMO-Q6,BJ-2026-SJS-YIMO,6,选择题,,整题,MAYBE,完整题-选择题照收,E1,,不明,2026-09-24-attribution-v1
BJ-2026-SJS-YIMO-Q7,BJ-2026-SJS-YIMO-Q7,BJ-2026-SJS-YIMO,7,选择题,,整题,MAYBE,完整题-选择题照收,E1,,不明,2026-09-24-attribution-v1
BJ-2026-SJS-YIMO-Q8,BJ-2026-SJS-YIMO-Q8,BJ-2026-SJS-YIMO,8,选择题,,整题,MAYBE,完整题-选择题照收,E1,,倾向,2026-09-24-attribution-v1
BJ-2026-SJS-YIMO-Q9,BJ-2026-SJS-YIMO-Q9,BJ-2026-SJS-YIMO,9,选择题,,整题,MAYBE,完整题-选择题照收,E1,,不明,2026-09-24-attribution-v1
BJ-2026-SJS-YIMO-Q12,BJ-2026-SJS-YIMO-Q12,BJ-2026-SJS-YIMO,12,选择题,,整题,MAYBE,完整题-选择题照收,E1,,不明,2026-09-24-attribution-v1
BJ-2026-SJS-YIMO-Q13,BJ-2026-SJS-YIMO-Q13,BJ-2026-SJS-YIMO,13,选择题,,整题,MAYBE,完整题-选择题照收,E1,,不明,2026-09-24-attribution-v1
BJ-2026-SJS-YIMO-Q14,BJ-2026-SJS-YIMO-Q14,BJ-2026-SJS-YIMO,14,选择题,,整题,MAYBE,完整题-选择题照收,E1,,不明,2026-09-24-attribution-v1
BJ-2026-XC-YIMO-Q17,BJ-2026-XC-YIMO-Q17,BJ-2026-XC-YIMO,17,主观题,,整题,MAYBE,不收-无E1,缺细则,,不明,2026-09-24-attribution-v1
BJ-2026-XC-YIMO-Q21,BJ-2026-XC-YIMO-Q21,BJ-2026-XC-YIMO,21,主观题,,整题,MAYBE,不收-无E1,缺细则,,不明,2026-09-24-attribution-v1
BJ-2026-XC-YIMO-Q1,BJ-2026-XC-YIMO-Q1,BJ-2026-XC-YIMO,1,选择题,,整题,MAYBE,完整题-选择题照收,缺答案键,,倾向,2026-09-24-attribution-v1
BJ-2026-XC-YIMO-Q2,BJ-2026-XC-YIMO-Q2,BJ-2026-XC-YIMO,2,选择题,,整题,MAYBE,完整题-选择题照收,缺答案键,,倾向,2026-09-24-attribution-v1
BJ-2026-XC-YIMO-Q3,BJ-2026-XC-YIMO-Q3,BJ-2026-XC-YIMO,3,选择题,,整题,MAYBE,完整题-选择题照收,缺答案键,,不明,2026-09-24-attribution-v1
BJ-2026-XC-YIMO-Q4,BJ-2026-XC-YIMO-Q4,BJ-2026-XC-YIMO,4,选择题,,整题,MAYBE,完整题-选择题照收,缺答案键,,不明,2026-09-24-attribution-v1
BJ-2026-XC-YIMO-Q5,BJ-2026-XC-YIMO-Q5,BJ-2026-XC-YIMO,5,选择题,,整题,MAYBE,完整题-选择题照收,缺答案键,,不明,2026-09-24-attribution-v1
BJ-2026-XC-YIMO-Q6,BJ-2026-XC-YIMO-Q6,BJ-2026-XC-YIMO,6,选择题,,整题,MAYBE,完整题-选择题照收,缺答案键,,不明,2026-09-24-attribution-v1
BJ-2026-XC-YIMO-Q7,BJ-2026-XC-YIMO-Q7,BJ-2026-XC-YIMO,7,选择题,,整题,MAYBE,完整题-选择题照收,缺答案键,,不明,2026-09-24-attribution-v1
BJ-2026-XC-YIMO-Q9,BJ-2026-XC-YIMO-Q9,BJ-2026-XC-YIMO,9,选择题,,整题,MAYBE,完整题-选择题照收,缺答案键,,不明,2026-09-24-attribution-v1
BJ-2026-XC-YIMO-Q10,BJ-2026-XC-YIMO-Q10,BJ-2026-XC-YIMO,10,选择题,,整题,MAYBE,完整题-选择题照收,缺答案键,,倾向,2026-09-24-attribution-v1
BJ-2026-XC-YIMO-Q13,BJ-2026-XC-YIMO-Q13,BJ-2026-XC-YIMO,13,选择题,,整题,MAYBE,完整题-选择题照收,缺答案键,,倾向,2026-09-24-attribution-v1
BJ-2026-XC-YIMO-Q14,BJ-2026-XC-YIMO-Q14,BJ-2026-XC-YIMO,14,选择题,,整题,MAYBE,完整题-选择题照收,缺答案键,,不明,2026-09-24-attribution-v1
BJ-2026-XC-YIMO-Q15,BJ-2026-XC-YIMO-Q15,BJ-2026-XC-YIMO,15,选择题,,整题,MAYBE,完整题-选择题照收,缺答案键,,不明,2026-09-24-attribution-v1
BJ-2026-XC-YIMO-Q19#1,BJ-2026-XC-YIMO-Q19,BJ-2026-XC-YIMO,19,主观题,1,小问,MAYBE,不收-无E1,缺细则,,不明,2026-09-24-attribution-v1
BJ-2026-XC-YIMO-Q19#2,BJ-2026-XC-YIMO-Q19,BJ-2026-XC-YIMO,19,主观题,2,小问,MAYBE,不收-无E1,缺细则,B1:rubric_unreadable_not_OUT;B2:rubric_unreadable_not_OUT;PH:rubric_unreadable_not_OUT;CU:rubric_unreadable_not_OUT;X1:rubric_unreadable_not_OUT;X2:rubric_unreadable_not_OUT;MI:rubric_unreadable_not_OUT,确定,2026-09-24-attribution-v1
BJ-2026-XC-YIMO-Q19#3,BJ-2026-XC-YIMO-Q19,BJ-2026-XC-YIMO,19,主观题,3,小问,MAYBE,不收-无E1,缺细则,,不明,2026-09-24-attribution-v1
BJ-2026-TZ-YIMO-Q1,BJ-2026-TZ-YIMO-Q1,BJ-2026-TZ-YIMO,1,选择题,,整题,MAYBE,完整题-选择题照收,E1,,不明,2026-09-24-attribution-v1
BJ-2026-TZ-YIMO-Q2,BJ-2026-TZ-YIMO-Q2,BJ-2026-TZ-YIMO,2,选择题,,整题,MAYBE,完整题-选择题照收,E1,,不明,2026-09-24-attribution-v1
BJ-2026-TZ-YIMO-Q3,BJ-2026-TZ-YIMO-Q3,BJ-2026-TZ-YIMO,3,选择题,,整题,MAYBE,完整题-选择题照收,E1,,不明,2026-09-24-attribution-v1
BJ-2026-TZ-YIMO-Q16,BJ-2026-TZ-YIMO-Q16,BJ-2026-TZ-YIMO,16,主观题,,整题,MAYBE,完整题-有E1,E1,B1:rubric_unreadable_not_OUT;B2:rubric_unreadable_not_OUT;PH:rubric_unreadable_not_OUT;CU:rubric_unreadable_not_OUT;X1:rubric_unreadable_not_OUT;X2:rubric_unreadable_not_OUT;MI:rubric_unreadable_not_OUT;RE:rubric_unreadable_not_OUT,确定,2026-09-24-attribution-v1
BJ-2026-TZ-YIMO-Q20,BJ-2026-TZ-YIMO-Q20,BJ-2026-TZ-YIMO,20,主观题,,整题,MAYBE,完整题-有E1,E1,,不明,2026-09-24-attribution-v1
BJ-2026-TZ-YIMO-Q8,BJ-2026-TZ-YIMO-Q8,BJ-2026-TZ-YIMO,8,选择题,,整题,MAYBE,完整题-选择题照收,E1,,倾向,2026-09-24-attribution-v1
BJ-2026-TZ-YIMO-Q9,BJ-2026-TZ-YIMO-Q9,BJ-2026-TZ-YIMO,9,选择题,,整题,MAYBE,完整题-选择题照收,E1,,不明,2026-09-24-attribution-v1
BJ-2026-TZ-YIMO-Q10,BJ-2026-TZ-YIMO-Q10,BJ-2026-TZ-YIMO,10,选择题,,整题,MAYBE,完整题-选择题照收,E1,,倾向,2026-09-24-attribution-v1
BJ-2026-TZ-YIMO-Q11,BJ-2026-TZ-YIMO-Q11,BJ-2026-TZ-YIMO,11,选择题,,整题,MAYBE,完整题-选择题照收,E1,,倾向,2026-09-24-attribution-v1
BJ-2026-TZ-YIMO-Q12,BJ-2026-TZ-YIMO-Q12,BJ-2026-TZ-YIMO,12,选择题,,整题,MAYBE,完整题-选择题照收,E1,,不明,2026-09-24-attribution-v1
BJ-2026-TZ-YIMO-Q13,BJ-2026-TZ-YIMO-Q13,BJ-2026-TZ-YIMO,13,选择题,,整题,MAYBE,完整题-选择题照收,E1,,不明,2026-09-24-attribution-v1
BJ-2026-TZ-YIMO-Q14,BJ-2026-TZ-YIMO-Q14,BJ-2026-TZ-YIMO,14,选择题,,整题,IN,完整题-选择题照收,E1,,不明,2026-09-24-attribution-v1
BJ-2026-TZ-YIMO-Q15,BJ-2026-TZ-YIMO-Q15,BJ-2026-TZ-YIMO,15,选择题,,整题,MAYBE,完整题-选择题照收,E1,,倾向,2026-09-24-attribution-v1
BJ-2026-TZ-YIMO-Q18,BJ-2026-TZ-YIMO-Q18,BJ-2026-TZ-YIMO,18,主观题,,整题,MAYBE,完整题-有E1,E1,B1:rubric_unreadable_not_OUT;B2:rubric_unreadable_not_OUT;B3:rubric_unreadable_not_OUT;X1:rubric_unreadable_not_OUT;X2:rubric_unreadable_not_OUT;MI:rubric_unreadable_not_OUT;RE:rubric_unreadable_not_OUT,确定,2026-09-24-attribution-v1
BJ-2026-TZ-YIMO-Q19,BJ-2026-TZ-YIMO-Q19,BJ-2026-TZ-YIMO,19,主观题,,整题,MAYBE,完整题-有E1,E1,B1:rubric_unreadable_not_OUT;B2:rubric_unreadable_not_OUT;B3:rubric_unreadable_not_OUT;PH:rubric_unreadable_not_OUT;CU:rubric_unreadable_not_OUT;X2:rubric_unreadable_not_OUT;MI:rubric_unreadable_not_OUT;RE:rubric_unreadable_not_OUT,确定,2026-09-24-attribution-v1
BJ-2026-TZ-YIMO-Q21,BJ-2026-TZ-YIMO-Q21,BJ-2026-TZ-YIMO,21,主观题,,整题,MAYBE,完整题-有E1,E1,,不明,2026-09-24-attribution-v1
BJ-2026-MTG-YIMO-Q18#1,BJ-2026-MTG-YIMO-Q18,BJ-2026-MTG-YIMO,18,主观题,1,小问,MAYBE,完整题-有E1,E1,,不明,2026-09-24-attribution-v1
BJ-2026-MTG-YIMO-Q18#2,BJ-2026-MTG-YIMO-Q18,BJ-2026-MTG-YIMO,18,主观题,2,小问,MAYBE,完整题-有E1,E1,,不明,2026-09-24-attribution-v1
BJ-2026-MTG-YIMO-Q1,BJ-2026-MTG-YIMO-Q1,BJ-2026-MTG-YIMO,1,选择题,,整题,MAYBE,完整题-选择题照收,E1,,倾向,2026-09-24-attribution-v1
BJ-2026-MTG-YIMO-Q2,BJ-2026-MTG-YIMO-Q2,BJ-2026-MTG-YIMO,2,选择题,,整题,MAYBE,完整题-选择题照收,E1,,不明,2026-09-24-attribution-v1
BJ-2026-MTG-YIMO-Q3,BJ-2026-MTG-YIMO-Q3,BJ-2026-MTG-YIMO,3,选择题,,整题,MAYBE,完整题-选择题照收,E1,,不明,2026-09-24-attribution-v1
BJ-2026-MTG-YIMO-Q5,BJ-2026-MTG-YIMO-Q5,BJ-2026-MTG-YIMO,5,选择题,,整题,MAYBE,完整题-选择题照收,E1,,不明,2026-09-24-attribution-v1
BJ-2026-MTG-YIMO-Q6,BJ-2026-MTG-YIMO-Q6,BJ-2026-MTG-YIMO,6,选择题,,整题,MAYBE,完整题-选择题照收,E1,,不明,2026-09-24-attribution-v1
BJ-2026-MTG-YIMO-Q7,BJ-2026-MTG-YIMO-Q7,BJ-2026-MTG-YIMO,7,选择题,,整题,MAYBE,完整题-选择题照收,E1,,不明,2026-09-24-attribution-v1
BJ-2026-MTG-YIMO-Q8,BJ-2026-MTG-YIMO-Q8,BJ-2026-MTG-YIMO,8,选择题,,整题,MAYBE,完整题-选择题照收,E1,,倾向,2026-09-24-attribution-v1
BJ-2026-MTG-YIMO-Q9,BJ-2026-MTG-YIMO-Q9,BJ-2026-MTG-YIMO,9,选择题,,整题,IN,完整题-选择题照收,E1,,不明,2026-09-24-attribution-v1
BJ-2026-MTG-YIMO-Q10,BJ-2026-MTG-YIMO-Q10,BJ-2026-MTG-YIMO,10,选择题,,整题,IN,完整题-选择题照收,E1,,倾向,2026-09-24-attribution-v1
BJ-2026-MTG-YIMO-Q11,BJ-2026-MTG-YIMO-Q11,BJ-2026-MTG-YIMO,11,选择题,,整题,MAYBE,完整题-选择题照收,E1,,倾向,2026-09-24-attribution-v1
BJ-2026-MTG-YIMO-Q14,BJ-2026-MTG-YIMO-Q14,BJ-2026-MTG-YIMO,14,选择题,,整题,MAYBE,完整题-选择题照收,E1,,不明,2026-09-24-attribution-v1
BJ-2026-SY-YIMO-Q17,BJ-2026-SY-YIMO-Q17,BJ-2026-SY-YIMO,17,主观题,,整题,MAYBE,完整题-有E1,E1,,不明,2026-09-24-attribution-v1
BJ-2026-SY-YIMO-Q20,BJ-2026-SY-YIMO-Q20,BJ-2026-SY-YIMO,20,主观题,,整题,MAYBE,完整题-有E1,E1,,不明,2026-09-24-attribution-v1
BJ-2026-SY-YIMO-Q1,BJ-2026-SY-YIMO-Q1,BJ-2026-SY-YIMO,1,选择题,,整题,MAYBE,完整题-选择题照收,E1,,倾向,2026-09-24-attribution-v1
BJ-2026-SY-YIMO-Q2,BJ-2026-SY-YIMO-Q2,BJ-2026-SY-YIMO,2,选择题,,整题,MAYBE,完整题-选择题照收,E1,,不明,2026-09-24-attribution-v1
BJ-2026-SY-YIMO-Q3,BJ-2026-SY-YIMO-Q3,BJ-2026-SY-YIMO,3,选择题,,整题,MAYBE,完整题-选择题照收,E1,,不明,2026-09-24-attribution-v1
BJ-2026-SY-YIMO-Q4,BJ-2026-SY-YIMO-Q4,BJ-2026-SY-YIMO,4,选择题,,整题,MAYBE,完整题-选择题照收,E1,,不明,2026-09-24-attribution-v1
BJ-2026-SY-YIMO-Q5,BJ-2026-SY-YIMO-Q5,BJ-2026-SY-YIMO,5,选择题,,整题,MAYBE,完整题-选择题照收,E1,,倾向,2026-09-24-attribution-v1
BJ-2026-SY-YIMO-Q6,BJ-2026-SY-YIMO-Q6,BJ-2026-SY-YIMO,6,选择题,,整题,MAYBE,完整题-选择题照收,E1,,不明,2026-09-24-attribution-v1
BJ-2026-SY-YIMO-Q7,BJ-2026-SY-YIMO-Q7,BJ-2026-SY-YIMO,7,选择题,,整题,MAYBE,完整题-选择题照收,E1,,不明,2026-09-24-attribution-v1
BJ-2026-SY-YIMO-Q8,BJ-2026-SY-YIMO-Q8,BJ-2026-SY-YIMO,8,选择题,,整题,MAYBE,完整题-选择题照收,E1,,倾向,2026-09-24-attribution-v1
BJ-2026-SY-YIMO-Q9,BJ-2026-SY-YIMO-Q9,BJ-2026-SY-YIMO,9,选择题,,整题,MAYBE,完整题-选择题照收,E1,,不明,2026-09-24-attribution-v1
BJ-2026-SY-YIMO-Q10,BJ-2026-SY-YIMO-Q10,BJ-2026-SY-YIMO,10,选择题,,整题,MAYBE,完整题-选择题照收,E1,,倾向,2026-09-24-attribution-v1
BJ-2026-SY-YIMO-Q11,BJ-2026-SY-YIMO-Q11,BJ-2026-SY-YIMO,11,选择题,,整题,MAYBE,完整题-选择题照收,E1,,倾向,2026-09-24-attribution-v1
BJ-2026-SY-YIMO-Q15,BJ-2026-SY-YIMO-Q15,BJ-2026-SY-YIMO,15,选择题,,整题,MAYBE,完整题-选择题照收,E1,,不明,2026-09-24-attribution-v1
BJ-2026-SY-YIMO-Q18,BJ-2026-SY-YIMO-Q18,BJ-2026-SY-YIMO,18,主观题,,整题,MAYBE,完整题-有E1,E1,B1:rubric_unreadable_not_OUT;B2:rubric_unreadable_not_OUT;B3:rubric_unreadable_not_OUT;PH:rubric_unreadable_not_OUT;CU:rubric_unreadable_not_OUT;X1:rubric_unreadable_not_OUT;MI:rubric_unreadable_not_OUT;RE:rubric_unreadable_not_OUT,确定,2026-09-24-attribution-v1
BJ-2026-DC-ERMO-Q1,BJ-2026-DC-ERMO-Q1,BJ-2026-DC-ERMO,1,选择题,,整题,MAYBE,完整题-选择题照收,E1,,不明,2026-09-24-attribution-v1
BJ-2026-DC-ERMO-Q16,BJ-2026-DC-ERMO-Q16,BJ-2026-DC-ERMO,16,主观题,,整题,MAYBE,完整题-有E1,E1,,倾向,2026-09-24-attribution-v1
BJ-2026-DC-ERMO-Q17,BJ-2026-DC-ERMO-Q17,BJ-2026-DC-ERMO,17,主观题,,整题,MAYBE,完整题-有E1,E1,B1:rubric_unreadable_not_OUT;B2:rubric_unreadable_not_OUT;PH:rubric_unreadable_not_OUT;CU:rubric_unreadable_not_OUT;X1:rubric_unreadable_not_OUT;MI:rubric_unreadable_not_OUT;RE:rubric_unreadable_not_OUT,倾向,2026-09-24-attribution-v1
BJ-2026-DC-ERMO-Q18,BJ-2026-DC-ERMO-Q18,BJ-2026-DC-ERMO,18,主观题,,整题,MAYBE,完整题-有E1,E1,B1:rubric_unreadable_not_OUT;B2:rubric_unreadable_not_OUT;B3:rubric_unreadable_not_OUT;PH:rubric_unreadable_not_OUT;CU:rubric_unreadable_not_OUT,倾向,2026-09-24-attribution-v1
BJ-2026-DC-ERMO-Q2,BJ-2026-DC-ERMO-Q2,BJ-2026-DC-ERMO,2,选择题,,整题,MAYBE,完整题-选择题照收,E1,,倾向,2026-09-24-attribution-v1
BJ-2026-DC-ERMO-Q4,BJ-2026-DC-ERMO-Q4,BJ-2026-DC-ERMO,4,选择题,,整题,MAYBE,完整题-选择题照收,E1,,不明,2026-09-24-attribution-v1
BJ-2026-DC-ERMO-Q5,BJ-2026-DC-ERMO-Q5,BJ-2026-DC-ERMO,5,选择题,,整题,MAYBE,完整题-选择题照收,E1,,倾向,2026-09-24-attribution-v1
BJ-2026-DC-ERMO-Q8,BJ-2026-DC-ERMO-Q8,BJ-2026-DC-ERMO,8,选择题,,整题,IN,完整题-选择题照收,E1,,倾向,2026-09-24-attribution-v1
BJ-2026-DC-ERMO-Q9,BJ-2026-DC-ERMO-Q9,BJ-2026-DC-ERMO,9,选择题,,整题,MAYBE,完整题-选择题照收,E1,,不明,2026-09-24-attribution-v1
BJ-2026-DC-ERMO-Q10,BJ-2026-DC-ERMO-Q10,BJ-2026-DC-ERMO,10,选择题,,整题,MAYBE,完整题-选择题照收,E1,,倾向,2026-09-24-attribution-v1
BJ-2026-DC-ERMO-Q11,BJ-2026-DC-ERMO-Q11,BJ-2026-DC-ERMO,11,选择题,,整题,MAYBE,完整题-选择题照收,E1,,倾向,2026-09-24-attribution-v1
BJ-2026-DC-ERMO-Q12,BJ-2026-DC-ERMO-Q12,BJ-2026-DC-ERMO,12,选择题,,整题,MAYBE,完整题-选择题照收,E1,,不明,2026-09-24-attribution-v1
BJ-2026-DC-ERMO-Q13,BJ-2026-DC-ERMO-Q13,BJ-2026-DC-ERMO,13,选择题,,整题,MAYBE,完整题-选择题照收,E1,,倾向,2026-09-24-attribution-v1
BJ-2026-DC-ERMO-Q15,BJ-2026-DC-ERMO-Q15,BJ-2026-DC-ERMO,15,选择题,,整题,MAYBE,完整题-选择题照收,E1,,不明,2026-09-24-attribution-v1
BJ-2026-DC-ERMO-Q19,BJ-2026-DC-ERMO-Q19,BJ-2026-DC-ERMO,19,主观题,,整题,MAYBE,完整题-有E1,E1,B1:rubric_unreadable_not_OUT;B3:rubric_unreadable_not_OUT;PH:rubric_unreadable_not_OUT;CU:rubric_unreadable_not_OUT;X1:rubric_unreadable_not_OUT;MI:rubric_unreadable_not_OUT;RE:rubric_unreadable_not_OUT,倾向,2026-09-24-attribution-v1
BJ-2026-FT-ERMO-Q2,BJ-2026-FT-ERMO-Q2,BJ-2026-FT-ERMO,2,选择题,,整题,MAYBE,完整题-选择题照收,E1,,不明,2026-09-24-attribution-v1
BJ-2026-FT-ERMO-Q3,BJ-2026-FT-ERMO-Q3,BJ-2026-FT-ERMO,3,选择题,,整题,MAYBE,完整题-选择题照收,E1,,不明,2026-09-24-attribution-v1
BJ-2026-FT-ERMO-Q5,BJ-2026-FT-ERMO-Q5,BJ-2026-FT-ERMO,5,选择题,,整题,MAYBE,完整题-选择题照收,E1,,不明,2026-09-24-attribution-v1
BJ-2026-FT-ERMO-Q21,BJ-2026-FT-ERMO-Q21,BJ-2026-FT-ERMO,21,主观题,,整题,MAYBE,完整题-有E1,E1,,倾向,2026-09-24-attribution-v1
BJ-2026-FT-ERMO-Q1,BJ-2026-FT-ERMO-Q1,BJ-2026-FT-ERMO,1,选择题,,整题,MAYBE,完整题-选择题照收,E1,,倾向,2026-09-24-attribution-v1
BJ-2026-FT-ERMO-Q4,BJ-2026-FT-ERMO-Q4,BJ-2026-FT-ERMO,4,选择题,,整题,MAYBE,完整题-选择题照收,E1,,不明,2026-09-24-attribution-v1
BJ-2026-FT-ERMO-Q6,BJ-2026-FT-ERMO-Q6,BJ-2026-FT-ERMO,6,选择题,,整题,MAYBE,完整题-选择题照收,E1,,不明,2026-09-24-attribution-v1
BJ-2026-FS-ERMO-Q17,BJ-2026-FS-ERMO-Q17,BJ-2026-FS-ERMO,17,主观题,,整题,MAYBE,完整题-有E1,E1,,不明,2026-09-24-attribution-v1
BJ-2026-FS-ERMO-Q16#2,BJ-2026-FS-ERMO-Q16,BJ-2026-FS-ERMO,16,主观题,2,小问,MAYBE,完整题-有E1,E1,,不明,2026-09-24-attribution-v1
BJ-2026-FS-ERMO-Q20,BJ-2026-FS-ERMO-Q20,BJ-2026-FS-ERMO,20,主观题,,整题,MAYBE,完整题-有E1,E1,B1:rubric_unreadable_not_OUT;B3:rubric_unreadable_not_OUT;PH:rubric_unreadable_not_OUT;CU:rubric_unreadable_not_OUT;MI:rubric_unreadable_not_OUT;RE:rubric_unreadable_not_OUT,倾向,2026-09-24-attribution-v1
BJ-2026-FS-ERMO-Q2,BJ-2026-FS-ERMO-Q2,BJ-2026-FS-ERMO,2,选择题,,整题,MAYBE,完整题-选择题照收,E1,,不明,2026-09-24-attribution-v1
BJ-2026-FS-ERMO-Q3,BJ-2026-FS-ERMO-Q3,BJ-2026-FS-ERMO,3,选择题,,整题,MAYBE,完整题-选择题照收,E1,,不明,2026-09-24-attribution-v1
BJ-2026-FS-ERMO-Q5,BJ-2026-FS-ERMO-Q5,BJ-2026-FS-ERMO,5,选择题,,整题,MAYBE,完整题-选择题照收,E1,,不明,2026-09-24-attribution-v1
BJ-2026-FS-ERMO-Q6,BJ-2026-FS-ERMO-Q6,BJ-2026-FS-ERMO,6,选择题,,整题,MAYBE,完整题-选择题照收,E1,,不明,2026-09-24-attribution-v1
BJ-2026-FS-ERMO-Q7,BJ-2026-FS-ERMO-Q7,BJ-2026-FS-ERMO,7,选择题,,整题,MAYBE,完整题-选择题照收,E1,,不明,2026-09-24-attribution-v1
BJ-2026-FS-ERMO-Q8,BJ-2026-FS-ERMO-Q8,BJ-2026-FS-ERMO,8,选择题,,整题,MAYBE,完整题-选择题照收,E1,,倾向,2026-09-24-attribution-v1
BJ-2026-FS-ERMO-Q1,BJ-2026-FS-ERMO-Q1,BJ-2026-FS-ERMO,1,选择题,,整题,MAYBE,完整题-选择题照收,E1,,不明,2026-09-24-attribution-v1
BJ-2026-CP-ERMO-Q1,BJ-2026-CP-ERMO-Q1,BJ-2026-CP-ERMO,1,选择题,,整题,MAYBE,完整题-选择题照收,E1,,不明,2026-09-24-attribution-v1
BJ-2026-CP-ERMO-Q2,BJ-2026-CP-ERMO-Q2,BJ-2026-CP-ERMO,2,选择题,,整题,MAYBE,完整题-选择题照收,E1,,不明,2026-09-24-attribution-v1
BJ-2026-CP-ERMO-Q3,BJ-2026-CP-ERMO-Q3,BJ-2026-CP-ERMO,3,选择题,,整题,MAYBE,完整题-选择题照收,E1,,不明,2026-09-24-attribution-v1
BJ-2026-CP-ERMO-Q4,BJ-2026-CP-ERMO-Q4,BJ-2026-CP-ERMO,4,选择题,,整题,MAYBE,完整题-选择题照收,E1,,不明,2026-09-24-attribution-v1
BJ-2026-CP-ERMO-Q5,BJ-2026-CP-ERMO-Q5,BJ-2026-CP-ERMO,5,选择题,,整题,MAYBE,完整题-选择题照收,E1,,不明,2026-09-24-attribution-v1
BJ-2026-CP-ERMO-Q6,BJ-2026-CP-ERMO-Q6,BJ-2026-CP-ERMO,6,选择题,,整题,MAYBE,完整题-选择题照收,E1,,不明,2026-09-24-attribution-v1
BJ-2026-CP-ERMO-Q7,BJ-2026-CP-ERMO-Q7,BJ-2026-CP-ERMO,7,选择题,,整题,MAYBE,完整题-选择题照收,E1,,不明,2026-09-24-attribution-v1
BJ-2026-CP-ERMO-Q8,BJ-2026-CP-ERMO-Q8,BJ-2026-CP-ERMO,8,选择题,,整题,MAYBE,完整题-选择题照收,E1,,倾向,2026-09-24-attribution-v1
BJ-2026-CP-ERMO-Q9,BJ-2026-CP-ERMO-Q9,BJ-2026-CP-ERMO,9,选择题,,整题,MAYBE,完整题-选择题照收,E1,,不明,2026-09-24-attribution-v1
BJ-2026-CP-ERMO-Q10,BJ-2026-CP-ERMO-Q10,BJ-2026-CP-ERMO,10,选择题,,整题,MAYBE,完整题-选择题照收,E1,,倾向,2026-09-24-attribution-v1
BJ-2026-CP-ERMO-Q11,BJ-2026-CP-ERMO-Q11,BJ-2026-CP-ERMO,11,选择题,,整题,IN,完整题-选择题照收,E1,,倾向,2026-09-24-attribution-v1
BJ-2026-CP-ERMO-Q12,BJ-2026-CP-ERMO-Q12,BJ-2026-CP-ERMO,12,选择题,,整题,IN,完整题-选择题照收,E1,,倾向,2026-09-24-attribution-v1
BJ-2026-CP-ERMO-Q13,BJ-2026-CP-ERMO-Q13,BJ-2026-CP-ERMO,13,选择题,,整题,IN,完整题-选择题照收,E1,,倾向,2026-09-24-attribution-v1
BJ-2026-CP-ERMO-Q14,BJ-2026-CP-ERMO-Q14,BJ-2026-CP-ERMO,14,选择题,,整题,IN,完整题-选择题照收,E1,,不明,2026-09-24-attribution-v1
BJ-2026-CP-ERMO-Q15,BJ-2026-CP-ERMO-Q15,BJ-2026-CP-ERMO,15,选择题,,整题,IN,完整题-选择题照收,E1,,倾向,2026-09-24-attribution-v1
BJ-2026-CP-ERMO-Q16,BJ-2026-CP-ERMO-Q16,BJ-2026-CP-ERMO,16,主观题,,整题,MAYBE,完整题-有E1,E1,,不明,2026-09-24-attribution-v1
BJ-2026-CP-ERMO-Q17,BJ-2026-CP-ERMO-Q17,BJ-2026-CP-ERMO,17,主观题,,整题,MAYBE,完整题-有E1,E1,,不明,2026-09-24-attribution-v1
BJ-2026-CP-ERMO-Q19,BJ-2026-CP-ERMO-Q19,BJ-2026-CP-ERMO,19,主观题,,整题,MAYBE,完整题-有E1,E1,,不明,2026-09-24-attribution-v1
BJ-2026-CP-ERMO-Q20,BJ-2026-CP-ERMO-Q20,BJ-2026-CP-ERMO,20,主观题,,整题,IN,完整题-有E1,E1,,倾向,2026-09-24-attribution-v1
BJ-2026-CP-ERMO-Q21,BJ-2026-CP-ERMO-Q21,BJ-2026-CP-ERMO,21,主观题,,整题,MAYBE,完整题-有E1,E1,,不明,2026-09-24-attribution-v1
BJ-2026-CP-ERMO-Q22,BJ-2026-CP-ERMO-Q22,BJ-2026-CP-ERMO,22,主观题,,整题,MAYBE,完整题-有E1,E1,,不明,2026-09-24-attribution-v1
BJ-2026-CY-ERMO-Q16,BJ-2026-CY-ERMO-Q16,BJ-2026-CY-ERMO,16,主观题,,整题,MAYBE,不收-无E1,缺细则,,不明,2026-09-24-attribution-v1
BJ-2026-CY-ERMO-Q18,BJ-2026-CY-ERMO-Q18,BJ-2026-CY-ERMO,18,主观题,,整题,MAYBE,不收-无E1,缺细则,,不明,2026-09-24-attribution-v1
BJ-2026-CY-ERMO-Q2,BJ-2026-CY-ERMO-Q2,BJ-2026-CY-ERMO,2,选择题,,整题,MAYBE,完整题-选择题照收,缺答案键,,不明,2026-09-24-attribution-v1
BJ-2026-CY-ERMO-Q3,BJ-2026-CY-ERMO-Q3,BJ-2026-CY-ERMO,3,选择题,,整题,MAYBE,完整题-选择题照收,缺答案键,,不明,2026-09-24-attribution-v1
BJ-2026-CY-ERMO-Q4,BJ-2026-CY-ERMO-Q4,BJ-2026-CY-ERMO,4,选择题,,整题,MAYBE,完整题-选择题照收,缺答案键,,不明,2026-09-24-attribution-v1
BJ-2026-CY-ERMO-Q5,BJ-2026-CY-ERMO-Q5,BJ-2026-CY-ERMO,5,选择题,,整题,MAYBE,完整题-选择题照收,缺答案键,,不明,2026-09-24-attribution-v1
BJ-2026-CY-ERMO-Q6,BJ-2026-CY-ERMO-Q6,BJ-2026-CY-ERMO,6,选择题,,整题,IN,完整题-选择题照收,缺答案键,,不明,2026-09-24-attribution-v1
BJ-2026-CY-ERMO-Q7,BJ-2026-CY-ERMO-Q7,BJ-2026-CY-ERMO,7,选择题,,整题,MAYBE,完整题-选择题照收,缺答案键,,不明,2026-09-24-attribution-v1
BJ-2026-CY-ERMO-Q8,BJ-2026-CY-ERMO-Q8,BJ-2026-CY-ERMO,8,选择题,,整题,MAYBE,完整题-选择题照收,缺答案键,,倾向,2026-09-24-attribution-v1
BJ-2026-CY-ERMO-Q9,BJ-2026-CY-ERMO-Q9,BJ-2026-CY-ERMO,9,选择题,,整题,MAYBE,完整题-选择题照收,缺答案键,,倾向,2026-09-24-attribution-v1
BJ-2026-CY-ERMO-Q10,BJ-2026-CY-ERMO-Q10,BJ-2026-CY-ERMO,10,选择题,,整题,MAYBE,完整题-选择题照收,缺答案键,,不明,2026-09-24-attribution-v1
BJ-2026-CY-ERMO-Q20#1,BJ-2026-CY-ERMO-Q20,BJ-2026-CY-ERMO,20,主观题,1,小问,MAYBE,不收-无E1,缺细则,,不明,2026-09-24-attribution-v1
BJ-2026-CY-ERMO-Q20#2,BJ-2026-CY-ERMO-Q20,BJ-2026-CY-ERMO,20,主观题,2,小问,MAYBE,不收-无E1,缺细则,,不明,2026-09-24-attribution-v1
BJ-2026-CY-ERMO-Q21,BJ-2026-CY-ERMO-Q21,BJ-2026-CY-ERMO,21,主观题,,整题,MAYBE,不收-无E1,缺细则,,不明,2026-09-24-attribution-v1
BJ-2026-HD-ERMO-Q3,BJ-2026-HD-ERMO-Q3,BJ-2026-HD-ERMO,3,选择题,,整题,MAYBE,完整题-选择题照收,缺答案键,,不明,2026-09-24-attribution-v1
BJ-2026-HD-ERMO-Q17,BJ-2026-HD-ERMO-Q17,BJ-2026-HD-ERMO,17,主观题,,整题,MAYBE,不收-无E1,缺细则,B1:rubric_unreadable_not_OUT;B2:rubric_unreadable_not_OUT;PH:rubric_unreadable_not_OUT;MI:rubric_unreadable_not_OUT;RE:rubric_unreadable_not_OUT,倾向,2026-09-24-attribution-v1
BJ-2026-HD-ERMO-Q20#1,BJ-2026-HD-ERMO-Q20,BJ-2026-HD-ERMO,20,主观题,1,小问,MAYBE,不收-无E1,缺细则,,倾向,2026-09-24-attribution-v1
BJ-2026-HD-ERMO-Q20#2,BJ-2026-HD-ERMO-Q20,BJ-2026-HD-ERMO,20,主观题,2,小问,MAYBE,不收-无E1,缺细则,,倾向,2026-09-24-attribution-v1
BJ-2026-HD-ERMO-Q21,BJ-2026-HD-ERMO-Q21,BJ-2026-HD-ERMO,21,主观题,,整题,MAYBE,不收-无E1,缺细则,,不明,2026-09-24-attribution-v1
BJ-2026-HD-ERMO-Q1,BJ-2026-HD-ERMO-Q1,BJ-2026-HD-ERMO,1,选择题,,整题,MAYBE,完整题-选择题照收,缺答案键,,倾向,2026-09-24-attribution-v1
BJ-2026-HD-ERMO-Q4,BJ-2026-HD-ERMO-Q4,BJ-2026-HD-ERMO,4,选择题,,整题,MAYBE,完整题-选择题照收,缺答案键,,倾向,2026-09-24-attribution-v1
BJ-2026-HD-ERMO-Q5,BJ-2026-HD-ERMO-Q5,BJ-2026-HD-ERMO,5,选择题,,整题,MAYBE,完整题-选择题照收,缺答案键,,不明,2026-09-24-attribution-v1
BJ-2026-HD-ERMO-Q6,BJ-2026-HD-ERMO-Q6,BJ-2026-HD-ERMO,6,选择题,,整题,MAYBE,完整题-选择题照收,缺答案键,,不明,2026-09-24-attribution-v1
BJ-2026-HD-ERMO-Q7,BJ-2026-HD-ERMO-Q7,BJ-2026-HD-ERMO,7,选择题,,整题,MAYBE,完整题-选择题照收,缺答案键,,不明,2026-09-24-attribution-v1
BJ-2026-HD-ERMO-Q8,BJ-2026-HD-ERMO-Q8,BJ-2026-HD-ERMO,8,选择题,,整题,MAYBE,完整题-选择题照收,缺答案键,,倾向,2026-09-24-attribution-v1
BJ-2026-HD-ERMO-Q9,BJ-2026-HD-ERMO-Q9,BJ-2026-HD-ERMO,9,选择题,,整题,MAYBE,完整题-选择题照收,缺答案键,,不明,2026-09-24-attribution-v1
BJ-2026-HD-ERMO-Q10,BJ-2026-HD-ERMO-Q10,BJ-2026-HD-ERMO,10,选择题,,整题,IN,完整题-选择题照收,缺答案键,,倾向,2026-09-24-attribution-v1
BJ-2026-HD-ERMO-Q11,BJ-2026-HD-ERMO-Q11,BJ-2026-HD-ERMO,11,选择题,,整题,MAYBE,完整题-选择题照收,缺答案键,,倾向,2026-09-24-attribution-v1
BJ-2026-HD-ERMO-Q15,BJ-2026-HD-ERMO-Q15,BJ-2026-HD-ERMO,15,选择题,,整题,MAYBE,完整题-选择题照收,缺答案键,,不明,2026-09-24-attribution-v1
BJ-2026-HD-ERMO-Q18#1,BJ-2026-HD-ERMO-Q18,BJ-2026-HD-ERMO,18,主观题,1,小问,MAYBE,不收-无E1,缺细则,,不明,2026-09-24-attribution-v1
BJ-2026-HD-ERMO-Q18#2,BJ-2026-HD-ERMO-Q18,BJ-2026-HD-ERMO,18,主观题,2,小问,MAYBE,不收-无E1,缺细则,,不明,2026-09-24-attribution-v1
BJ-2026-SJS-ERMO-Q17#1,BJ-2026-SJS-ERMO-Q17,BJ-2026-SJS-ERMO,17,主观题,1,小问,MAYBE,完整题-有E1,E1,,不明,2026-09-24-attribution-v1
BJ-2026-SJS-ERMO-Q17#2,BJ-2026-SJS-ERMO-Q17,BJ-2026-SJS-ERMO,17,主观题,2,小问,MAYBE,完整题-有E1,E1,,不明,2026-09-24-attribution-v1
BJ-2026-SJS-ERMO-Q17#3,BJ-2026-SJS-ERMO-Q17,BJ-2026-SJS-ERMO,17,主观题,3,小问,MAYBE,完整题-有E1,E1,,不明,2026-09-24-attribution-v1
BJ-2026-SJS-ERMO-Q1,BJ-2026-SJS-ERMO-Q1,BJ-2026-SJS-ERMO,1,选择题,,整题,IN,完整题-选择题照收,E1,,倾向,2026-09-24-attribution-v1
BJ-2026-SJS-ERMO-Q2,BJ-2026-SJS-ERMO-Q2,BJ-2026-SJS-ERMO,2,选择题,,整题,MAYBE,完整题-选择题照收,E1,,倾向,2026-09-24-attribution-v1
BJ-2026-SJS-ERMO-Q3,BJ-2026-SJS-ERMO-Q3,BJ-2026-SJS-ERMO,3,选择题,,整题,MAYBE,完整题-选择题照收,E1,,不明,2026-09-24-attribution-v1
BJ-2026-SJS-ERMO-Q5,BJ-2026-SJS-ERMO-Q5,BJ-2026-SJS-ERMO,5,选择题,,整题,MAYBE,完整题-选择题照收,E1,,不明,2026-09-24-attribution-v1
BJ-2026-SJS-ERMO-Q6,BJ-2026-SJS-ERMO-Q6,BJ-2026-SJS-ERMO,6,选择题,,整题,MAYBE,完整题-选择题照收,E1,,不明,2026-09-24-attribution-v1
BJ-2026-SJS-ERMO-Q7,BJ-2026-SJS-ERMO-Q7,BJ-2026-SJS-ERMO,7,选择题,,整题,MAYBE,完整题-选择题照收,E1,,不明,2026-09-24-attribution-v1
BJ-2026-SJS-ERMO-Q8,BJ-2026-SJS-ERMO-Q8,BJ-2026-SJS-ERMO,8,选择题,,整题,MAYBE,完整题-选择题照收,E1,,倾向,2026-09-24-attribution-v1
BJ-2026-SJS-ERMO-Q9,BJ-2026-SJS-ERMO-Q9,BJ-2026-SJS-ERMO,9,选择题,,整题,MAYBE,完整题-选择题照收,E1,,倾向,2026-09-24-attribution-v1
BJ-2026-SJS-ERMO-Q10,BJ-2026-SJS-ERMO-Q10,BJ-2026-SJS-ERMO,10,选择题,,整题,MAYBE,完整题-选择题照收,E1,,倾向,2026-09-24-attribution-v1
BJ-2026-SJS-ERMO-Q11,BJ-2026-SJS-ERMO-Q11,BJ-2026-SJS-ERMO,11,选择题,,整题,IN,完整题-选择题照收,E1,,倾向,2026-09-24-attribution-v1
BJ-2026-SJS-ERMO-Q12,BJ-2026-SJS-ERMO-Q12,BJ-2026-SJS-ERMO,12,选择题,,整题,MAYBE,完整题-选择题照收,E1,,不明,2026-09-24-attribution-v1
BJ-2026-XC-ERMO-Q16,BJ-2026-XC-ERMO-Q16,BJ-2026-XC-ERMO,16,主观题,,整题,MAYBE,不收-无E1,缺细则,B1:rubric_unreadable_not_OUT;B2:rubric_unreadable_not_OUT;B3:rubric_unreadable_not_OUT;MI:rubric_unreadable_not_OUT;RE:rubric_unreadable_not_OUT,倾向,2026-09-24-attribution-v1
BJ-2026-XC-ERMO-Q19#1,BJ-2026-XC-ERMO-Q19,BJ-2026-XC-ERMO,19,主观题,1,小问,MAYBE,不收-无E1,缺细则,,倾向,2026-09-24-attribution-v1
BJ-2026-XC-ERMO-Q19#2,BJ-2026-XC-ERMO-Q19,BJ-2026-XC-ERMO,19,主观题,2,小问,MAYBE,不收-无E1,缺细则,,倾向,2026-09-24-attribution-v1
BJ-2026-XC-ERMO-Q20,BJ-2026-XC-ERMO-Q20,BJ-2026-XC-ERMO,20,主观题,,整题,MAYBE,不收-无E1,缺细则,,不明,2026-09-24-attribution-v1
BJ-2026-XC-ERMO-Q2,BJ-2026-XC-ERMO-Q2,BJ-2026-XC-ERMO,2,选择题,,整题,MAYBE,完整题-选择题照收,缺答案键,,倾向,2026-09-24-attribution-v1
BJ-2026-XC-ERMO-Q3,BJ-2026-XC-ERMO-Q3,BJ-2026-XC-ERMO,3,选择题,,整题,MAYBE,完整题-选择题照收,缺答案键,,不明,2026-09-24-attribution-v1
BJ-2026-XC-ERMO-Q4,BJ-2026-XC-ERMO-Q4,BJ-2026-XC-ERMO,4,选择题,,整题,MAYBE,完整题-选择题照收,缺答案键,,不明,2026-09-24-attribution-v1
BJ-2026-XC-ERMO-Q5,BJ-2026-XC-ERMO-Q5,BJ-2026-XC-ERMO,5,选择题,,整题,MAYBE,完整题-选择题照收,缺答案键,,不明,2026-09-24-attribution-v1
BJ-2026-XC-ERMO-Q6,BJ-2026-XC-ERMO-Q6,BJ-2026-XC-ERMO,6,选择题,,整题,MAYBE,完整题-选择题照收,缺答案键,,不明,2026-09-24-attribution-v1
BJ-2026-XC-ERMO-Q7,BJ-2026-XC-ERMO-Q7,BJ-2026-XC-ERMO,7,选择题,,整题,MAYBE,完整题-选择题照收,缺答案键,,不明,2026-09-24-attribution-v1
BJ-2026-XC-ERMO-Q8,BJ-2026-XC-ERMO-Q8,BJ-2026-XC-ERMO,8,选择题,,整题,MAYBE,完整题-选择题照收,缺答案键,,不明,2026-09-24-attribution-v1
BJ-2026-XC-ERMO-Q9,BJ-2026-XC-ERMO-Q9,BJ-2026-XC-ERMO,9,选择题,,整题,MAYBE,完整题-选择题照收,缺答案键,,倾向,2026-09-24-attribution-v1
BJ-2026-XC-ERMO-Q10,BJ-2026-XC-ERMO-Q10,BJ-2026-XC-ERMO,10,选择题,,整题,MAYBE,完整题-选择题照收,缺答案键,,倾向,2026-09-24-attribution-v1
BJ-2026-XC-ERMO-Q11,BJ-2026-XC-ERMO-Q11,BJ-2026-XC-ERMO,11,选择题,,整题,MAYBE,完整题-选择题照收,缺答案键,,倾向,2026-09-24-attribution-v1
BJ-2026-SY-ERMO-Q17,BJ-2026-SY-ERMO-Q17,BJ-2026-SY-ERMO,17,主观题,,整题,MAYBE,完整题-有E1,E1,B1:rubric_unreadable_not_OUT;B2:rubric_unreadable_not_OUT;PH:rubric_unreadable_not_OUT;CU:rubric_unreadable_not_OUT;X1:rubric_unreadable_not_OUT;X2:rubric_unreadable_not_OUT;MI:rubric_unreadable_not_OUT;RE:rubric_unreadable_not_OUT,确定,2026-09-24-attribution-v1
BJ-2026-SY-ERMO-Q18#1,BJ-2026-SY-ERMO-Q18,BJ-2026-SY-ERMO,18,主观题,1,小问,MAYBE,完整题-有E1,E1,,不明,2026-09-24-attribution-v1
BJ-2026-SY-ERMO-Q18#2,BJ-2026-SY-ERMO-Q18,BJ-2026-SY-ERMO,18,主观题,2,小问,MAYBE,完整题-有E1,E1,,不明,2026-09-24-attribution-v1
BJ-2026-SY-ERMO-Q20,BJ-2026-SY-ERMO-Q20,BJ-2026-SY-ERMO,20,主观题,,整题,MAYBE,完整题-有E1,E1,,不明,2026-09-24-attribution-v1
BJ-2026-SY-ERMO-Q2,BJ-2026-SY-ERMO-Q2,BJ-2026-SY-ERMO,2,选择题,,整题,MAYBE,完整题-选择题照收,E1,,不明,2026-09-24-attribution-v1
BJ-2026-SY-ERMO-Q3,BJ-2026-SY-ERMO-Q3,BJ-2026-SY-ERMO,3,选择题,,整题,MAYBE,完整题-选择题照收,E1,,不明,2026-09-24-attribution-v1
BJ-2026-SY-ERMO-Q5,BJ-2026-SY-ERMO-Q5,BJ-2026-SY-ERMO,5,选择题,,整题,MAYBE,完整题-选择题照收,E1,,不明,2026-09-24-attribution-v1
BJ-2026-SY-ERMO-Q6,BJ-2026-SY-ERMO-Q6,BJ-2026-SY-ERMO,6,选择题,,整题,IN,完整题-选择题照收,E1,,倾向,2026-09-24-attribution-v1
BJ-2026-SY-ERMO-Q7,BJ-2026-SY-ERMO-Q7,BJ-2026-SY-ERMO,7,选择题,,整题,MAYBE,完整题-选择题照收,E1,,不明,2026-09-24-attribution-v1
BJ-2026-SY-ERMO-Q9,BJ-2026-SY-ERMO-Q9,BJ-2026-SY-ERMO,9,选择题,,整题,MAYBE,完整题-选择题照收,E1,,不明,2026-09-24-attribution-v1
BJ-2026-SY-ERMO-Q10,BJ-2026-SY-ERMO-Q10,BJ-2026-SY-ERMO,10,选择题,,整题,MAYBE,完整题-选择题照收,E1,,倾向,2026-09-24-attribution-v1
BJ-2026-SY-ERMO-Q11,BJ-2026-SY-ERMO-Q11,BJ-2026-SY-ERMO,11,选择题,,整题,MAYBE,完整题-选择题照收,E1,,倾向,2026-09-24-attribution-v1
BJ-2026-SY-ERMO-Q16,BJ-2026-SY-ERMO-Q16,BJ-2026-SY-ERMO,16,主观题,,整题,MAYBE,完整题-有E1,E1,B1:rubric_unreadable_not_OUT;B2:rubric_unreadable_not_OUT;B3:rubric_unreadable_not_OUT;X1:rubric_unreadable_not_OUT;X2:rubric_unreadable_not_OUT;MI:rubric_unreadable_not_OUT;RE:rubric_unreadable_not_OUT,确定,2026-09-24-attribution-v1
BJ-2026-DC-QIMO-Q2,BJ-2026-DC-QIMO-Q2,BJ-2026-DC-QIMO,2,选择题,,整题,MAYBE,完整题-选择题照收,E1,,倾向,2026-09-24-attribution-v1
BJ-2026-DC-QIMO-Q3,BJ-2026-DC-QIMO-Q3,BJ-2026-DC-QIMO,3,选择题,,整题,MAYBE,完整题-选择题照收,E1,,不明,2026-09-24-attribution-v1
BJ-2026-DC-QIMO-Q4,BJ-2026-DC-QIMO-Q4,BJ-2026-DC-QIMO,4,选择题,,整题,MAYBE,完整题-选择题照收,E1,,倾向,2026-09-24-attribution-v1
BJ-2026-DC-QIMO-Q6,BJ-2026-DC-QIMO-Q6,BJ-2026-DC-QIMO,6,选择题,,整题,MAYBE,完整题-选择题照收,E1,,不明,2026-09-24-attribution-v1
BJ-2026-DC-QIMO-Q1,BJ-2026-DC-QIMO-Q1,BJ-2026-DC-QIMO,1,选择题,,整题,MAYBE,完整题-选择题照收,E1,,不明,2026-09-24-attribution-v1
BJ-2026-DC-QIMO-Q7,BJ-2026-DC-QIMO-Q7,BJ-2026-DC-QIMO,7,选择题,,整题,MAYBE,完整题-选择题照收,E1,,不明,2026-09-24-attribution-v1
BJ-2026-DC-QIMO-Q8,BJ-2026-DC-QIMO-Q8,BJ-2026-DC-QIMO,8,选择题,,整题,MAYBE,完整题-选择题照收,E1,,不明,2026-09-24-attribution-v1
BJ-2026-DC-QIMO-Q9,BJ-2026-DC-QIMO-Q9,BJ-2026-DC-QIMO,9,选择题,,整题,MAYBE,完整题-选择题照收,E1,,不明,2026-09-24-attribution-v1
BJ-2026-DC-QIMO-Q10,BJ-2026-DC-QIMO-Q10,BJ-2026-DC-QIMO,10,选择题,,整题,MAYBE,完整题-选择题照收,E1,,不明,2026-09-24-attribution-v1
BJ-2026-DC-QIMO-Q11,BJ-2026-DC-QIMO-Q11,BJ-2026-DC-QIMO,11,选择题,,整题,MAYBE,完整题-选择题照收,E1,,倾向,2026-09-24-attribution-v1
BJ-2026-DC-QIMO-Q14,BJ-2026-DC-QIMO-Q14,BJ-2026-DC-QIMO,14,选择题,,整题,IN,完整题-选择题照收,E1,,倾向,2026-09-24-attribution-v1
BJ-2026-DC-QIMO-Q20,BJ-2026-DC-QIMO-Q20,BJ-2026-DC-QIMO,20,主观题,,整题,MAYBE,完整题-有E1,E1,B1:rubric_unreadable_not_OUT;B2:rubric_unreadable_not_OUT;B3:rubric_unreadable_not_OUT;PH:rubric_unreadable_not_OUT;CU:rubric_unreadable_not_OUT;X2:rubric_unreadable_not_OUT;MI:rubric_unreadable_not_OUT;RE:rubric_unreadable_not_OUT,确定,2026-09-24-attribution-v1
BJ-2026-FT-QIMO-Q1,BJ-2026-FT-QIMO-Q1,BJ-2026-FT-QIMO,1,选择题,,整题,MAYBE,完整题-选择题照收,E1,,不明,2026-09-24-attribution-v1
BJ-2026-FT-QIMO-Q3,BJ-2026-FT-QIMO-Q3,BJ-2026-FT-QIMO,3,选择题,,整题,MAYBE,完整题-选择题照收,E1,,不明,2026-09-24-attribution-v1
BJ-2026-FT-QIMO-Q4,BJ-2026-FT-QIMO-Q4,BJ-2026-FT-QIMO,4,选择题,,整题,MAYBE,完整题-选择题照收,E1,,倾向,2026-09-24-attribution-v1
BJ-2026-FT-QIMO-Q5,BJ-2026-FT-QIMO-Q5,BJ-2026-FT-QIMO,5,选择题,,整题,MAYBE,完整题-选择题照收,E1,,不明,2026-09-24-attribution-v1
BJ-2026-FT-QIMO-Q6,BJ-2026-FT-QIMO-Q6,BJ-2026-FT-QIMO,6,选择题,,整题,MAYBE,完整题-选择题照收,E1,,不明,2026-09-24-attribution-v1
BJ-2026-FT-QIMO-Q9,BJ-2026-FT-QIMO-Q9,BJ-2026-FT-QIMO,9,选择题,,整题,MAYBE,完整题-选择题照收,E1,,不明,2026-09-24-attribution-v1
BJ-2026-FT-QIMO-Q10,BJ-2026-FT-QIMO-Q10,BJ-2026-FT-QIMO,10,选择题,,整题,MAYBE,完整题-选择题照收,E1,,不明,2026-09-24-attribution-v1
BJ-2026-FT-QIMO-Q7,BJ-2026-FT-QIMO-Q7,BJ-2026-FT-QIMO,7,选择题,,整题,MAYBE,完整题-选择题照收,E1,,不明,2026-09-24-attribution-v1
BJ-2026-FT-QIMO-Q20,BJ-2026-FT-QIMO-Q20,BJ-2026-FT-QIMO,20,主观题,,整题,MAYBE,完整题-有E1,E1,B1:rubric_unreadable_not_OUT;B3:rubric_unreadable_not_OUT;PH:rubric_unreadable_not_OUT;CU:rubric_unreadable_not_OUT;RE:rubric_unreadable_not_OUT,倾向,2026-09-24-attribution-v1
BJ-2026-FT-QIMO-Q16,BJ-2026-FT-QIMO-Q16,BJ-2026-FT-QIMO,16,主观题,,整题,MAYBE,完整题-有E1,E1,B1:rubric_unreadable_not_OUT;B2:rubric_unreadable_not_OUT;B3:rubric_unreadable_not_OUT;X1:rubric_unreadable_not_OUT;X2:rubric_unreadable_not_OUT;MI:rubric_unreadable_not_OUT;RE:rubric_unreadable_not_OUT,确定,2026-09-24-attribution-v1
BJ-2026-FT-QIMO-Q8,BJ-2026-FT-QIMO-Q8,BJ-2026-FT-QIMO,8,选择题,,整题,MAYBE,完整题-选择题照收,E1,,不明,2026-09-24-attribution-v1
BJ-2026-CP-QIMO-Q1,BJ-2026-CP-QIMO-Q1,BJ-2026-CP-QIMO,1,选择题,,整题,MAYBE,完整题-选择题照收,E1,,不明,2026-09-24-attribution-v1
BJ-2026-CP-QIMO-Q2,BJ-2026-CP-QIMO-Q2,BJ-2026-CP-QIMO,2,选择题,,整题,MAYBE,完整题-选择题照收,E1,,不明,2026-09-24-attribution-v1
BJ-2026-CP-QIMO-Q3,BJ-2026-CP-QIMO-Q3,BJ-2026-CP-QIMO,3,选择题,,整题,MAYBE,完整题-选择题照收,E1,,不明,2026-09-24-attribution-v1
BJ-2026-CP-QIMO-Q4,BJ-2026-CP-QIMO-Q4,BJ-2026-CP-QIMO,4,选择题,,整题,MAYBE,完整题-选择题照收,E1,,不明,2026-09-24-attribution-v1
BJ-2026-CP-QIMO-Q5,BJ-2026-CP-QIMO-Q5,BJ-2026-CP-QIMO,5,选择题,,整题,MAYBE,完整题-选择题照收,E1,,不明,2026-09-24-attribution-v1
BJ-2026-CP-QIMO-Q6,BJ-2026-CP-QIMO-Q6,BJ-2026-CP-QIMO,6,选择题,,整题,MAYBE,完整题-选择题照收,E1,,不明,2026-09-24-attribution-v1
BJ-2026-CP-QIMO-Q7,BJ-2026-CP-QIMO-Q7,BJ-2026-CP-QIMO,7,选择题,,整题,MAYBE,完整题-选择题照收,E1,,不明,2026-09-24-attribution-v1
BJ-2026-CP-QIMO-Q8,BJ-2026-CP-QIMO-Q8,BJ-2026-CP-QIMO,8,选择题,,整题,MAYBE,完整题-选择题照收,E1,,不明,2026-09-24-attribution-v1
BJ-2026-CP-QIMO-Q9,BJ-2026-CP-QIMO-Q9,BJ-2026-CP-QIMO,9,选择题,,整题,MAYBE,完整题-选择题照收,E1,,不明,2026-09-24-attribution-v1
BJ-2026-CP-QIMO-Q10,BJ-2026-CP-QIMO-Q10,BJ-2026-CP-QIMO,10,选择题,,整题,MAYBE,完整题-选择题照收,E1,,不明,2026-09-24-attribution-v1
BJ-2026-CP-QIMO-Q11,BJ-2026-CP-QIMO-Q11,BJ-2026-CP-QIMO,11,选择题,,整题,MAYBE,完整题-选择题照收,E1,,倾向,2026-09-24-attribution-v1
BJ-2026-CP-QIMO-Q12,BJ-2026-CP-QIMO-Q12,BJ-2026-CP-QIMO,12,选择题,,整题,MAYBE,完整题-选择题照收,E1,,不明,2026-09-24-attribution-v1
BJ-2026-CP-QIMO-Q13,BJ-2026-CP-QIMO-Q13,BJ-2026-CP-QIMO,13,选择题,,整题,IN,完整题-选择题照收,E1,,不明,2026-09-24-attribution-v1
BJ-2026-CP-QIMO-Q14,BJ-2026-CP-QIMO-Q14,BJ-2026-CP-QIMO,14,选择题,,整题,IN,完整题-选择题照收,E1,,倾向,2026-09-24-attribution-v1
BJ-2026-CP-QIMO-Q15,BJ-2026-CP-QIMO-Q15,BJ-2026-CP-QIMO,15,选择题,,整题,MAYBE,完整题-选择题照收,E1,,不明,2026-09-24-attribution-v1
BJ-2026-CP-QIMO-Q16,BJ-2026-CP-QIMO-Q16,BJ-2026-CP-QIMO,16,主观题,,整题,MAYBE,完整题-有E1,E1,,不明,2026-09-24-attribution-v1
BJ-2026-CP-QIMO-Q18,BJ-2026-CP-QIMO-Q18,BJ-2026-CP-QIMO,18,主观题,,整题,MAYBE,完整题-有E1,E1,,倾向,2026-09-24-attribution-v1
BJ-2026-CP-QIMO-Q19#1,BJ-2026-CP-QIMO-Q19,BJ-2026-CP-QIMO,19,主观题,1,小问,IN,完整题-有E1,E1,,不明,2026-09-24-attribution-v1
BJ-2026-CP-QIMO-Q19#2,BJ-2026-CP-QIMO-Q19,BJ-2026-CP-QIMO,19,主观题,2,小问,MAYBE,完整题-有E1,E1,,不明,2026-09-24-attribution-v1
BJ-2026-CP-QIMO-Q20#1,BJ-2026-CP-QIMO-Q20,BJ-2026-CP-QIMO,20,主观题,1,小问,MAYBE,完整题-有E1,E1,,不明,2026-09-24-attribution-v1
BJ-2026-CP-QIMO-Q20#2,BJ-2026-CP-QIMO-Q20,BJ-2026-CP-QIMO,20,主观题,2,小问,MAYBE,完整题-有E1,E1,,倾向,2026-09-24-attribution-v1
BJ-2026-CP-QIMO-Q21,BJ-2026-CP-QIMO-Q21,BJ-2026-CP-QIMO,21,主观题,,整题,MAYBE,完整题-有E1,E1,,不明,2026-09-24-attribution-v1
BJ-2026-CY-QIZHONG-Q18,BJ-2026-CY-QIZHONG-Q18,BJ-2026-CY-QIZHONG,18,主观题,,整题,MAYBE,完整题-有E1,E1,,不明,2026-09-24-attribution-v1
BJ-2026-CY-QIZHONG-Q19#1,BJ-2026-CY-QIZHONG-Q19,BJ-2026-CY-QIZHONG,19,主观题,1,小问,MAYBE,完整题-有E1,E1,,不明,2026-09-24-attribution-v1
BJ-2026-CY-QIZHONG-Q19#2,BJ-2026-CY-QIZHONG-Q19,BJ-2026-CY-QIZHONG,19,主观题,2,小问,MAYBE,完整题-有E1,E1,,不明,2026-09-24-attribution-v1
BJ-2026-CY-QIZHONG-Q19#3,BJ-2026-CY-QIZHONG-Q19,BJ-2026-CY-QIZHONG,19,主观题,3,小问,MAYBE,完整题-有E1,E1,,不明,2026-09-24-attribution-v1
BJ-2026-CY-QIZHONG-Q4,BJ-2026-CY-QIZHONG-Q4,BJ-2026-CY-QIZHONG,4,选择题,,整题,MAYBE,完整题-选择题照收,E1,,倾向,2026-09-24-attribution-v1
BJ-2026-CY-QIZHONG-Q3,BJ-2026-CY-QIZHONG-Q3,BJ-2026-CY-QIZHONG,3,选择题,,整题,MAYBE,完整题-选择题照收,E1,,倾向,2026-09-24-attribution-v1
BJ-2026-CY-QIZHONG-Q8,BJ-2026-CY-QIZHONG-Q8,BJ-2026-CY-QIZHONG,8,选择题,,整题,MAYBE,完整题-选择题照收,E1,,不明,2026-09-24-attribution-v1
BJ-2026-CY-QIZHONG-Q9,BJ-2026-CY-QIZHONG-Q9,BJ-2026-CY-QIZHONG,9,选择题,,整题,MAYBE,完整题-选择题照收,E1,,不明,2026-09-24-attribution-v1
BJ-2026-CY-QIZHONG-Q10,BJ-2026-CY-QIZHONG-Q10,BJ-2026-CY-QIZHONG,10,选择题,,整题,MAYBE,完整题-选择题照收,E1,,不明,2026-09-24-attribution-v1
BJ-2026-CY-QIZHONG-Q11,BJ-2026-CY-QIZHONG-Q11,BJ-2026-CY-QIZHONG,11,选择题,,整题,MAYBE,完整题-选择题照收,E1,,不明,2026-09-24-attribution-v1
BJ-2026-CY-QIZHONG-Q12,BJ-2026-CY-QIZHONG-Q12,BJ-2026-CY-QIZHONG,12,选择题,,整题,MAYBE,完整题-选择题照收,E1,,不明,2026-09-24-attribution-v1
BJ-2026-CY-QIZHONG-Q13,BJ-2026-CY-QIZHONG-Q13,BJ-2026-CY-QIZHONG,13,选择题,,整题,MAYBE,完整题-选择题照收,E1,,不明,2026-09-24-attribution-v1
BJ-2026-CY-QIZHONG-Q14,BJ-2026-CY-QIZHONG-Q14,BJ-2026-CY-QIZHONG,14,选择题,,整题,MAYBE,完整题-选择题照收,E1,,倾向,2026-09-24-attribution-v1
BJ-2026-CY-QIZHONG-Q15,BJ-2026-CY-QIZHONG-Q15,BJ-2026-CY-QIZHONG,15,选择题,,整题,MAYBE,完整题-选择题照收,E1,,不明,2026-09-24-attribution-v1
BJ-2026-HD-QIZHONG-Q15,BJ-2026-HD-QIZHONG-Q15,BJ-2026-HD-QIZHONG,15,选择题,,整题,MAYBE,完整题-选择题照收,缺答案键,,不明,2026-09-24-attribution-v1
BJ-2026-HD-QIZHONG-Q8,BJ-2026-HD-QIZHONG-Q8,BJ-2026-HD-QIZHONG,8,选择题,,整题,MAYBE,完整题-选择题照收,缺答案键,,不明,2026-09-24-attribution-v1
BJ-2026-HD-QIZHONG-Q20,BJ-2026-HD-QIZHONG-Q20,BJ-2026-HD-QIZHONG,20,主观题,,整题,MAYBE,不收-无E1,缺细则,B1:rubric_unreadable_not_OUT;B2:rubric_unreadable_not_OUT;PH:rubric_unreadable_not_OUT;CU:rubric_unreadable_not_OUT;X1:rubric_unreadable_not_OUT;X2:rubric_unreadable_not_OUT;MI:rubric_unreadable_not_OUT;RE:rubric_unreadable_not_OUT,确定,2026-09-24-attribution-v1
BJ-2026-HD-QIZHONG-Q22#1,BJ-2026-HD-QIZHONG-Q22,BJ-2026-HD-QIZHONG,22,主观题,1,小问,MAYBE,不收-无E1,缺细则,B1:rubric_unreadable_not_OUT;B2:rubric_unreadable_not_OUT;B3:rubric_unreadable_not_OUT;CU:rubric_unreadable_not_OUT;X2:rubric_unreadable_not_OUT;MI:rubric_unreadable_not_OUT;RE:rubric_unreadable_not_OUT,确定,2026-09-24-attribution-v1
BJ-2026-HD-QIZHONG-Q22#2,BJ-2026-HD-QIZHONG-Q22,BJ-2026-HD-QIZHONG,22,主观题,2,小问,MAYBE,不收-无E1,缺细则,,不明,2026-09-24-attribution-v1
BJ-2026-HD-QIZHONG-Q1,BJ-2026-HD-QIZHONG-Q1,BJ-2026-HD-QIZHONG,1,选择题,,整题,MAYBE,完整题-选择题照收,缺答案键,,不明,2026-09-24-attribution-v1
BJ-2026-HD-QIZHONG-Q7,BJ-2026-HD-QIZHONG-Q7,BJ-2026-HD-QIZHONG,7,选择题,,整题,MAYBE,完整题-选择题照收,缺答案键,,不明,2026-09-24-attribution-v1
BJ-2026-HD-QIZHONG-Q9,BJ-2026-HD-QIZHONG-Q9,BJ-2026-HD-QIZHONG,9,选择题,,整题,MAYBE,完整题-选择题照收,缺答案键,,不明,2026-09-24-attribution-v1
BJ-2026-HD-QIZHONG-Q10,BJ-2026-HD-QIZHONG-Q10,BJ-2026-HD-QIZHONG,10,选择题,,整题,MAYBE,完整题-选择题照收,缺答案键,,不明,2026-09-24-attribution-v1
BJ-2026-HD-QIZHONG-Q11,BJ-2026-HD-QIZHONG-Q11,BJ-2026-HD-QIZHONG,11,选择题,,整题,MAYBE,完整题-选择题照收,缺答案键,,不明,2026-09-24-attribution-v1
BJ-2026-HD-QIZHONG-Q13,BJ-2026-HD-QIZHONG-Q13,BJ-2026-HD-QIZHONG,13,选择题,,整题,MAYBE,完整题-选择题照收,缺答案键,,不明,2026-09-24-attribution-v1
BJ-2026-HD-QIZHONG-Q18,BJ-2026-HD-QIZHONG-Q18,BJ-2026-HD-QIZHONG,18,主观题,,整题,MAYBE,不收-无E1,缺细则,B1:rubric_unreadable_not_OUT;B2:rubric_unreadable_not_OUT;PH:rubric_unreadable_not_OUT;CU:rubric_unreadable_not_OUT;X1:rubric_unreadable_not_OUT;X2:rubric_unreadable_not_OUT;MI:rubric_unreadable_not_OUT;RE:rubric_unreadable_not_OUT,确定,2026-09-24-attribution-v1
BJ-2026-HD-QIZHONG-Q19,BJ-2026-HD-QIZHONG-Q19,BJ-2026-HD-QIZHONG,19,主观题,,整题,MAYBE,不收-无E1,缺细则,B1:rubric_unreadable_not_OUT;B2:rubric_unreadable_not_OUT;PH:rubric_unreadable_not_OUT;CU:rubric_unreadable_not_OUT;X1:rubric_unreadable_not_OUT;X2:rubric_unreadable_not_OUT;MI:rubric_unreadable_not_OUT;RE:rubric_unreadable_not_OUT,确定,2026-09-24-attribution-v1
BJ-2026-HD-QIMO-Q16,BJ-2026-HD-QIMO-Q16,BJ-2026-HD-QIMO,16,主观题,,整题,MAYBE,完整题-有E1,E1,,倾向,2026-09-24-attribution-v1
BJ-2026-HD-QIMO-Q20#1,BJ-2026-HD-QIMO-Q20,BJ-2026-HD-QIMO,20,主观题,1,小问,MAYBE,完整题-有E1,E1,,倾向,2026-09-24-attribution-v1
BJ-2026-HD-QIMO-Q20#2,BJ-2026-HD-QIMO-Q20,BJ-2026-HD-QIMO,20,主观题,2,小问,MAYBE,完整题-有E1,E1,,倾向,2026-09-24-attribution-v1
BJ-2026-HD-QIMO-Q1,BJ-2026-HD-QIMO-Q1,BJ-2026-HD-QIMO,1,选择题,,整题,MAYBE,完整题-选择题照收,E1,,不明,2026-09-24-attribution-v1
BJ-2026-HD-QIMO-Q2,BJ-2026-HD-QIMO-Q2,BJ-2026-HD-QIMO,2,选择题,,整题,MAYBE,完整题-选择题照收,E1,,倾向,2026-09-24-attribution-v1
BJ-2026-HD-QIMO-Q3,BJ-2026-HD-QIMO-Q3,BJ-2026-HD-QIMO,3,选择题,,整题,MAYBE,完整题-选择题照收,E1,,不明,2026-09-24-attribution-v1
BJ-2026-HD-QIMO-Q4,BJ-2026-HD-QIMO-Q4,BJ-2026-HD-QIMO,4,选择题,,整题,MAYBE,完整题-选择题照收,E1,,倾向,2026-09-24-attribution-v1
BJ-2026-HD-QIMO-Q5,BJ-2026-HD-QIMO-Q5,BJ-2026-HD-QIMO,5,选择题,,整题,MAYBE,完整题-选择题照收,E1,,不明,2026-09-24-attribution-v1
BJ-2026-HD-QIMO-Q6,BJ-2026-HD-QIMO-Q6,BJ-2026-HD-QIMO,6,选择题,,整题,MAYBE,完整题-选择题照收,E1,,不明,2026-09-24-attribution-v1
BJ-2026-HD-QIMO-Q7,BJ-2026-HD-QIMO-Q7,BJ-2026-HD-QIMO,7,选择题,,整题,MAYBE,完整题-选择题照收,E1,,不明,2026-09-24-attribution-v1
BJ-2026-HD-QIMO-Q8,BJ-2026-HD-QIMO-Q8,BJ-2026-HD-QIMO,8,选择题,,整题,MAYBE,完整题-选择题照收,E1,,不明,2026-09-24-attribution-v1
BJ-2026-HD-QIMO-Q9,BJ-2026-HD-QIMO-Q9,BJ-2026-HD-QIMO,9,选择题,,整题,MAYBE,完整题-选择题照收,E1,,不明,2026-09-24-attribution-v1
BJ-2026-HD-QIMO-Q11,BJ-2026-HD-QIMO-Q11,BJ-2026-HD-QIMO,11,选择题,,整题,MAYBE,完整题-选择题照收,E1,,倾向,2026-09-24-attribution-v1
BJ-2026-HD-QIMO-Q12,BJ-2026-HD-QIMO-Q12,BJ-2026-HD-QIMO,12,选择题,,整题,MAYBE,完整题-选择题照收,E1,,不明,2026-09-24-attribution-v1
BJ-2026-HD-QIMO-Q13,BJ-2026-HD-QIMO-Q13,BJ-2026-HD-QIMO,13,选择题,,整题,MAYBE,完整题-选择题照收,E1,,不明,2026-09-24-attribution-v1
BJ-2026-HD-QIMO-Q14,BJ-2026-HD-QIMO-Q14,BJ-2026-HD-QIMO,14,选择题,,整题,MAYBE,完整题-选择题照收,E1,,不明,2026-09-24-attribution-v1
BJ-2026-HD-QIMO-Q15,BJ-2026-HD-QIMO-Q15,BJ-2026-HD-QIMO,15,选择题,,整题,IN,完整题-选择题照收,E1,,不明,2026-09-24-attribution-v1
BJ-2026-XC-QIMO-Q16#1,BJ-2026-XC-QIMO-Q16,BJ-2026-XC-QIMO,16,主观题,1,小问,MAYBE,完整题-有E1,E1,,不明,2026-09-24-attribution-v1
BJ-2026-XC-QIMO-Q16#2,BJ-2026-XC-QIMO-Q16,BJ-2026-XC-QIMO,16,主观题,2,小问,MAYBE,完整题-有E1,E1,,不明,2026-09-24-attribution-v1
BJ-2026-XC-QIMO-Q20#1,BJ-2026-XC-QIMO-Q20,BJ-2026-XC-QIMO,20,主观题,1,小问,MAYBE,完整题-有E1,E1,,不明,2026-09-24-attribution-v1
BJ-2026-XC-QIMO-Q20#2,BJ-2026-XC-QIMO-Q20,BJ-2026-XC-QIMO,20,主观题,2,小问,MAYBE,完整题-有E1,E1,,不明,2026-09-24-attribution-v1
BJ-2026-XC-QIMO-Q21,BJ-2026-XC-QIMO-Q21,BJ-2026-XC-QIMO,21,主观题,,整题,MAYBE,完整题-有E1,E1,,不明,2026-09-24-attribution-v1
BJ-2026-XC-QIMO-Q1,BJ-2026-XC-QIMO-Q1,BJ-2026-XC-QIMO,1,选择题,,整题,MAYBE,完整题-选择题照收,E1,,倾向,2026-09-24-attribution-v1
BJ-2026-XC-QIMO-Q3,BJ-2026-XC-QIMO-Q3,BJ-2026-XC-QIMO,3,选择题,,整题,MAYBE,完整题-选择题照收,E1,,不明,2026-09-24-attribution-v1
BJ-2026-XC-QIMO-Q4,BJ-2026-XC-QIMO-Q4,BJ-2026-XC-QIMO,4,选择题,,整题,MAYBE,完整题-选择题照收,E1,,倾向,2026-09-24-attribution-v1
BJ-2026-XC-QIMO-Q5,BJ-2026-XC-QIMO-Q5,BJ-2026-XC-QIMO,5,选择题,,整题,MAYBE,完整题-选择题照收,E1,,不明,2026-09-24-attribution-v1
BJ-2026-XC-QIMO-Q6,BJ-2026-XC-QIMO-Q6,BJ-2026-XC-QIMO,6,选择题,,整题,MAYBE,完整题-选择题照收,E1,,不明,2026-09-24-attribution-v1
BJ-2026-XC-QIMO-Q7,BJ-2026-XC-QIMO-Q7,BJ-2026-XC-QIMO,7,选择题,,整题,MAYBE,完整题-选择题照收,E1,,不明,2026-09-24-attribution-v1
BJ-2026-XC-QIMO-Q8,BJ-2026-XC-QIMO-Q8,BJ-2026-XC-QIMO,8,选择题,,整题,MAYBE,完整题-选择题照收,E1,,不明,2026-09-24-attribution-v1
BJ-2026-XC-QIMO-Q10,BJ-2026-XC-QIMO-Q10,BJ-2026-XC-QIMO,10,选择题,,整题,MAYBE,完整题-选择题照收,E1,,不明,2026-09-24-attribution-v1
BJ-2026-XC-QIMO-Q11,BJ-2026-XC-QIMO-Q11,BJ-2026-XC-QIMO,11,选择题,,整题,MAYBE,完整题-选择题照收,E1,,倾向,2026-09-24-attribution-v1
BJ-2026-TZ-QIMO-Q16,BJ-2026-TZ-QIMO-Q16,BJ-2026-TZ-QIMO,16,主观题,,整题,MAYBE,完整题-有E1,E1,B1:rubric_unreadable_not_OUT;B2:rubric_unreadable_not_OUT;B3:rubric_unreadable_not_OUT;MI:rubric_unreadable_not_OUT;RE:rubric_unreadable_not_OUT,倾向,2026-09-24-attribution-v1
BJ-2026-TZ-QIMO-Q1,BJ-2026-TZ-QIMO-Q1,BJ-2026-TZ-QIMO,1,选择题,,整题,MAYBE,完整题-选择题照收,E1,,不明,2026-09-24-attribution-v1
BJ-2026-TZ-QIMO-Q19#2,BJ-2026-TZ-QIMO-Q19,BJ-2026-TZ-QIMO,19,主观题,2,小问,MAYBE,完整题-有E1,E1,,不明,2026-09-24-attribution-v1
BJ-2026-TZ-QIMO-Q20,BJ-2026-TZ-QIMO-Q20,BJ-2026-TZ-QIMO,20,主观题,,整题,MAYBE,完整题-有E1,E1,,不明,2026-09-24-attribution-v1
BJ-2026-TZ-QIMO-Q4,BJ-2026-TZ-QIMO-Q4,BJ-2026-TZ-QIMO,4,选择题,,整题,MAYBE,完整题-选择题照收,E1,,倾向,2026-09-24-attribution-v1
BJ-2026-TZ-QIMO-Q5,BJ-2026-TZ-QIMO-Q5,BJ-2026-TZ-QIMO,5,选择题,,整题,MAYBE,完整题-选择题照收,E1,,不明,2026-09-24-attribution-v1
BJ-2026-TZ-QIMO-Q6,BJ-2026-TZ-QIMO-Q6,BJ-2026-TZ-QIMO,6,选择题,,整题,MAYBE,完整题-选择题照收,E1,,不明,2026-09-24-attribution-v1
BJ-2026-TZ-QIMO-Q7,BJ-2026-TZ-QIMO-Q7,BJ-2026-TZ-QIMO,7,选择题,,整题,MAYBE,完整题-选择题照收,E1,,不明,2026-09-24-attribution-v1
BJ-2026-TZ-QIMO-Q8,BJ-2026-TZ-QIMO-Q8,BJ-2026-TZ-QIMO,8,选择题,,整题,MAYBE,完整题-选择题照收,E1,,不明,2026-09-24-attribution-v1
BJ-2026-TZ-QIMO-Q10,BJ-2026-TZ-QIMO-Q10,BJ-2026-TZ-QIMO,10,选择题,,整题,MAYBE,完整题-选择题照收,E1,,不明,2026-09-24-attribution-v1
BJ-2026-TZ-QIMO-Q11,BJ-2026-TZ-QIMO-Q11,BJ-2026-TZ-QIMO,11,选择题,,整题,MAYBE,完整题-选择题照收,E1,,不明,2026-09-24-attribution-v1
BJ-2026-TZ-QIMO-Q12,BJ-2026-TZ-QIMO-Q12,BJ-2026-TZ-QIMO,12,选择题,,整题,MAYBE,完整题-选择题照收,E1,,不明,2026-09-24-attribution-v1
BJ-2026-TZ-QIMO-Q13,BJ-2026-TZ-QIMO-Q13,BJ-2026-TZ-QIMO,13,选择题,,整题,MAYBE,完整题-选择题照收,E1,,不明,2026-09-24-attribution-v1
BJ-2026-SJS-QIMO-Q16,BJ-2026-SJS-QIMO-Q16,BJ-2026-SJS-QIMO,16,主观题,,整题,MAYBE,收-具名例外,具名例外:named_exception_whole_exam_no_rubric,B1:rubric_unreadable_not_OUT;PH:rubric_unreadable_not_OUT;CU:rubric_unreadable_not_OUT;X1:rubric_unreadable_not_OUT;MI:rubric_unreadable_not_OUT;RE:rubric_unreadable_not_OUT,倾向,2026-09-24-attribution-v1
BJ-2026-SJS-QIMO-Q17,BJ-2026-SJS-QIMO-Q17,BJ-2026-SJS-QIMO,17,主观题,,整题,MAYBE,收-具名例外,具名例外:named_exception_whole_exam_no_rubric,,不明,2026-09-24-attribution-v1
BJ-2026-SJS-QIMO-Q19#1,BJ-2026-SJS-QIMO-Q19,BJ-2026-SJS-QIMO,19,主观题,1,小问,IN,收-具名例外,具名例外:named_exception_whole_exam_no_rubric,,倾向,2026-09-24-attribution-v1
BJ-2026-SJS-QIMO-Q19#2,BJ-2026-SJS-QIMO-Q19,BJ-2026-SJS-QIMO,19,主观题,2,小问,MAYBE,收-具名例外,具名例外:named_exception_whole_exam_no_rubric,,倾向,2026-09-24-attribution-v1
BJ-2026-SJS-QIMO-Q20#1,BJ-2026-SJS-QIMO-Q20,BJ-2026-SJS-QIMO,20,主观题,1,小问,MAYBE,收-具名例外,具名例外:named_exception_whole_exam_no_rubric,,不明,2026-09-24-attribution-v1
BJ-2026-SJS-QIMO-Q20#2,BJ-2026-SJS-QIMO-Q20,BJ-2026-SJS-QIMO,20,主观题,2,小问,MAYBE,收-具名例外,具名例外:named_exception_whole_exam_no_rubric,,不明,2026-09-24-attribution-v1
BJ-2026-SJS-QIMO-Q1,BJ-2026-SJS-QIMO-Q1,BJ-2026-SJS-QIMO,1,选择题,,整题,MAYBE,完整题-选择题照收,具名例外:named_exception_whole_exam_no_rubric,,不明,2026-09-24-attribution-v1
BJ-2026-SJS-QIMO-Q2,BJ-2026-SJS-QIMO-Q2,BJ-2026-SJS-QIMO,2,选择题,,整题,MAYBE,完整题-选择题照收,具名例外:named_exception_whole_exam_no_rubric,,倾向,2026-09-24-attribution-v1
BJ-2026-SJS-QIMO-Q6,BJ-2026-SJS-QIMO-Q6,BJ-2026-SJS-QIMO,6,选择题,,整题,IN,完整题-选择题照收,具名例外:named_exception_whole_exam_no_rubric,,不明,2026-09-24-attribution-v1
BJ-2026-SJS-QIMO-Q7,BJ-2026-SJS-QIMO-Q7,BJ-2026-SJS-QIMO,7,选择题,,整题,MAYBE,完整题-选择题照收,具名例外:named_exception_whole_exam_no_rubric,,不明,2026-09-24-attribution-v1
BJ-2026-SJS-QIMO-Q8,BJ-2026-SJS-QIMO-Q8,BJ-2026-SJS-QIMO,8,选择题,,整题,MAYBE,完整题-选择题照收,具名例外:named_exception_whole_exam_no_rubric,,不明,2026-09-24-attribution-v1
BJ-2026-SJS-QIMO-Q9,BJ-2026-SJS-QIMO-Q9,BJ-2026-SJS-QIMO,9,选择题,,整题,IN,完整题-选择题照收,具名例外:named_exception_whole_exam_no_rubric,,不明,2026-09-24-attribution-v1
BJ-2026-SJS-QIMO-Q10,BJ-2026-SJS-QIMO-Q10,BJ-2026-SJS-QIMO,10,选择题,,整题,MAYBE,完整题-选择题照收,具名例外:named_exception_whole_exam_no_rubric,,不明,2026-09-24-attribution-v1
BJ-2026-SJS-QIMO-Q11,BJ-2026-SJS-QIMO-Q11,BJ-2026-SJS-QIMO,11,选择题,,整题,MAYBE,完整题-选择题照收,具名例外:named_exception_whole_exam_no_rubric,,倾向,2026-09-24-attribution-v1
BJ-2026-SJS-QIMO-Q12,BJ-2026-SJS-QIMO-Q12,BJ-2026-SJS-QIMO,12,选择题,,整题,MAYBE,完整题-选择题照收,具名例外:named_exception_whole_exam_no_rubric,,不明,2026-09-24-attribution-v1
BJ-2026-SJS-QIMO-Q13,BJ-2026-SJS-QIMO-Q13,BJ-2026-SJS-QIMO,13,选择题,,整题,MAYBE,完整题-选择题照收,具名例外:named_exception_whole_exam_no_rubric,,不明,2026-09-24-attribution-v1
BJ-2026-SJS-QIMO-Q14,BJ-2026-SJS-QIMO-Q14,BJ-2026-SJS-QIMO,14,选择题,,整题,MAYBE,完整题-选择题照收,具名例外:named_exception_whole_exam_no_rubric,,不明,2026-09-24-attribution-v1
BJ-2024-BJ-GAOKAO-Q1,BJ-2024-BJ-GAOKAO-Q1,BJ-2024-BJ-GAOKAO,1,选择题,,整题,MAYBE,完整题-选择题照收,缺答案键,,倾向,2026-09-24-attribution-v1
BJ-2024-BJ-GAOKAO-Q2,BJ-2024-BJ-GAOKAO-Q2,BJ-2024-BJ-GAOKAO,2,选择题,,整题,MAYBE,完整题-选择题照收,缺答案键,,倾向,2026-09-24-attribution-v1
BJ-2024-BJ-GAOKAO-Q3,BJ-2024-BJ-GAOKAO-Q3,BJ-2024-BJ-GAOKAO,3,选择题,,整题,MAYBE,完整题-选择题照收,缺答案键,,不明,2026-09-24-attribution-v1
BJ-2024-BJ-GAOKAO-Q4,BJ-2024-BJ-GAOKAO-Q4,BJ-2024-BJ-GAOKAO,4,选择题,,整题,MAYBE,完整题-选择题照收,缺答案键,,倾向,2026-09-24-attribution-v1
BJ-2024-BJ-GAOKAO-Q5,BJ-2024-BJ-GAOKAO-Q5,BJ-2024-BJ-GAOKAO,5,选择题,,整题,MAYBE,完整题-选择题照收,缺答案键,,不明,2026-09-24-attribution-v1
BJ-2024-BJ-GAOKAO-Q6,BJ-2024-BJ-GAOKAO-Q6,BJ-2024-BJ-GAOKAO,6,选择题,,整题,MAYBE,完整题-选择题照收,缺答案键,,不明,2026-09-24-attribution-v1
BJ-2024-BJ-GAOKAO-Q7,BJ-2024-BJ-GAOKAO-Q7,BJ-2024-BJ-GAOKAO,7,选择题,,整题,MAYBE,完整题-选择题照收,缺答案键,,不明,2026-09-24-attribution-v1
BJ-2024-BJ-GAOKAO-Q8,BJ-2024-BJ-GAOKAO-Q8,BJ-2024-BJ-GAOKAO,8,选择题,,整题,MAYBE,完整题-选择题照收,缺答案键,,不明,2026-09-24-attribution-v1
BJ-2024-BJ-GAOKAO-Q9,BJ-2024-BJ-GAOKAO-Q9,BJ-2024-BJ-GAOKAO,9,选择题,,整题,MAYBE,完整题-选择题照收,缺答案键,,不明,2026-09-24-attribution-v1
BJ-2024-BJ-GAOKAO-Q10,BJ-2024-BJ-GAOKAO-Q10,BJ-2024-BJ-GAOKAO,10,选择题,,整题,MAYBE,完整题-选择题照收,缺答案键,,倾向,2026-09-24-attribution-v1
BJ-2024-BJ-GAOKAO-Q11,BJ-2024-BJ-GAOKAO-Q11,BJ-2024-BJ-GAOKAO,11,选择题,,整题,MAYBE,完整题-选择题照收,缺答案键,,倾向,2026-09-24-attribution-v1
BJ-2024-BJ-GAOKAO-Q14,BJ-2024-BJ-GAOKAO-Q14,BJ-2024-BJ-GAOKAO,14,选择题,,整题,MAYBE,完整题-选择题照收,缺答案键,,不明,2026-09-24-attribution-v1
BJ-2024-BJ-GAOKAO-Q15,BJ-2024-BJ-GAOKAO-Q15,BJ-2024-BJ-GAOKAO,15,选择题,,整题,MAYBE,完整题-选择题照收,缺答案键,,倾向,2026-09-24-attribution-v1
BJ-2024-BJ-GAOKAO-Q17,BJ-2024-BJ-GAOKAO-Q17,BJ-2024-BJ-GAOKAO,17,主观题,,整题,MAYBE,不收-无E1,缺细则,,不明,2026-09-24-attribution-v1
BJ-2024-BJ-GAOKAO-Q21#1,BJ-2024-BJ-GAOKAO-Q21,BJ-2024-BJ-GAOKAO,21,主观题,1,小问,MAYBE,不收-无E1,缺细则,,不明,2026-09-24-attribution-v1
BJ-2024-BJ-GAOKAO-Q21#2,BJ-2024-BJ-GAOKAO-Q21,BJ-2024-BJ-GAOKAO,21,主观题,2,小问,MAYBE,不收-无E1,缺细则,,不明,2026-09-24-attribution-v1
BJ-2025-BJ-GAOKAO-Q16,BJ-2025-BJ-GAOKAO-Q16,BJ-2025-BJ-GAOKAO,16,主观题,,整题,MAYBE,不收-无E1,缺细则,,倾向,2026-09-24-attribution-v1
BJ-2025-BJ-GAOKAO-Q17,BJ-2025-BJ-GAOKAO-Q17,BJ-2025-BJ-GAOKAO,17,主观题,,整题,MAYBE,不收-无E1,缺细则,,不明,2026-09-24-attribution-v1
BJ-2025-BJ-GAOKAO-Q20,BJ-2025-BJ-GAOKAO-Q20,BJ-2025-BJ-GAOKAO,20,主观题,,整题,MAYBE,不收-无E1,缺细则,,倾向,2026-09-24-attribution-v1
BJ-2025-BJ-GAOKAO-Q1,BJ-2025-BJ-GAOKAO-Q1,BJ-2025-BJ-GAOKAO,1,选择题,,整题,MAYBE,完整题-选择题照收,缺答案键,,不明,2026-09-24-attribution-v1
BJ-2025-BJ-GAOKAO-Q2,BJ-2025-BJ-GAOKAO-Q2,BJ-2025-BJ-GAOKAO,2,选择题,,整题,MAYBE,完整题-选择题照收,缺答案键,,倾向,2026-09-24-attribution-v1
BJ-2025-BJ-GAOKAO-Q3,BJ-2025-BJ-GAOKAO-Q3,BJ-2025-BJ-GAOKAO,3,选择题,,整题,MAYBE,完整题-选择题照收,缺答案键,,不明,2026-09-24-attribution-v1
BJ-2025-BJ-GAOKAO-Q4,BJ-2025-BJ-GAOKAO-Q4,BJ-2025-BJ-GAOKAO,4,选择题,,整题,MAYBE,完整题-选择题照收,缺答案键,,不明,2026-09-24-attribution-v1
BJ-2025-BJ-GAOKAO-Q5,BJ-2025-BJ-GAOKAO-Q5,BJ-2025-BJ-GAOKAO,5,选择题,,整题,MAYBE,完整题-选择题照收,缺答案键,,不明,2026-09-24-attribution-v1
BJ-2025-BJ-GAOKAO-Q6,BJ-2025-BJ-GAOKAO-Q6,BJ-2025-BJ-GAOKAO,6,选择题,,整题,MAYBE,完整题-选择题照收,缺答案键,,不明,2026-09-24-attribution-v1
BJ-2025-BJ-GAOKAO-Q7,BJ-2025-BJ-GAOKAO-Q7,BJ-2025-BJ-GAOKAO,7,选择题,,整题,MAYBE,完整题-选择题照收,缺答案键,,不明,2026-09-24-attribution-v1
BJ-2025-BJ-GAOKAO-Q8,BJ-2025-BJ-GAOKAO-Q8,BJ-2025-BJ-GAOKAO,8,选择题,,整题,MAYBE,完整题-选择题照收,缺答案键,,不明,2026-09-24-attribution-v1
BJ-2025-BJ-GAOKAO-Q10,BJ-2025-BJ-GAOKAO-Q10,BJ-2025-BJ-GAOKAO,10,选择题,,整题,MAYBE,完整题-选择题照收,缺答案键,,倾向,2026-09-24-attribution-v1
BJ-2025-BJ-GAOKAO-Q11,BJ-2025-BJ-GAOKAO-Q11,BJ-2025-BJ-GAOKAO,11,选择题,,整题,MAYBE,完整题-选择题照收,缺答案键,,倾向,2026-09-24-attribution-v1
BJ-2026-BJ-GAOKAO-Q2,BJ-2026-BJ-GAOKAO-Q2,BJ-2026-BJ-GAOKAO,2,选择题,,整题,MAYBE,完整题-选择题照收,E1,,不明,2026-09-24-attribution-v1
BJ-2026-BJ-GAOKAO-Q3,BJ-2026-BJ-GAOKAO-Q3,BJ-2026-BJ-GAOKAO,3,选择题,,整题,MAYBE,完整题-选择题照收,E1,,不明,2026-09-24-attribution-v1
BJ-2026-BJ-GAOKAO-Q4,BJ-2026-BJ-GAOKAO-Q4,BJ-2026-BJ-GAOKAO,4,选择题,,整题,MAYBE,完整题-选择题照收,E1,,不明,2026-09-24-attribution-v1
BJ-2026-BJ-GAOKAO-Q7,BJ-2026-BJ-GAOKAO-Q7,BJ-2026-BJ-GAOKAO,7,选择题,,整题,MAYBE,完整题-选择题照收,E1,,不明,2026-09-24-attribution-v1
BJ-2026-BJ-GAOKAO-Q16,BJ-2026-BJ-GAOKAO-Q16,BJ-2026-BJ-GAOKAO,16,主观题,,整题,MAYBE,完整题-有E1,E1,,不明,2026-09-24-attribution-v1
BJ-2026-BJ-GAOKAO-Q21,BJ-2026-BJ-GAOKAO-Q21,BJ-2026-BJ-GAOKAO,21,主观题,,整题,MAYBE,完整题-有E1,E1,,不明,2026-09-24-attribution-v1
BJ-2026-BJ-GAOKAO-Q5,BJ-2026-BJ-GAOKAO-Q5,BJ-2026-BJ-GAOKAO,5,选择题,,整题,MAYBE,完整题-选择题照收,E1,,不明,2026-09-24-attribution-v1
BJ-2026-BJ-GAOKAO-Q6,BJ-2026-BJ-GAOKAO-Q6,BJ-2026-BJ-GAOKAO,6,选择题,,整题,MAYBE,完整题-选择题照收,E1,,不明,2026-09-24-attribution-v1
BJ-2026-BJ-GAOKAO-Q8,BJ-2026-BJ-GAOKAO-Q8,BJ-2026-BJ-GAOKAO,8,选择题,,整题,MAYBE,完整题-选择题照收,E1,,不明,2026-09-24-attribution-v1
BJ-2026-BJ-GAOKAO-Q9,BJ-2026-BJ-GAOKAO-Q9,BJ-2026-BJ-GAOKAO,9,选择题,,整题,MAYBE,完整题-选择题照收,E1,,不明,2026-09-24-attribution-v1
BJ-2026-BJ-GAOKAO-Q10,BJ-2026-BJ-GAOKAO-Q10,BJ-2026-BJ-GAOKAO,10,选择题,,整题,MAYBE,完整题-选择题照收,E1,,倾向,2026-09-24-attribution-v1
BJ-2026-BJ-GAOKAO-Q11,BJ-2026-BJ-GAOKAO-Q11,BJ-2026-BJ-GAOKAO,11,选择题,,整题,MAYBE,完整题-选择题照收,E1,,倾向,2026-09-24-attribution-v1
BJ-2026-BJ-GAOKAO-Q15,BJ-2026-BJ-GAOKAO-Q15,BJ-2026-BJ-GAOKAO,15,选择题,,整题,MAYBE,完整题-选择题照收,E1,,不明,2026-09-24-attribution-v1
BJ-2026-FT-YIMO-Q5,BJ-2026-FT-YIMO-Q5,BJ-2026-FT-YIMO,5,选择题,,整题,MAYBE,完整题-选择题照收,E1,,不明,2026-09-24-attribution-v1
BJ-2026-FT-YIMO-Q7,BJ-2026-FT-YIMO-Q7,BJ-2026-FT-YIMO,7,选择题,,整题,MAYBE,完整题-选择题照收,E1,,不明,2026-09-24-attribution-v1
BJ-2026-FT-YIMO-Q9,BJ-2026-FT-YIMO-Q9,BJ-2026-FT-YIMO,9,选择题,,整题,MAYBE,完整题-选择题照收,E1,,不明,2026-09-24-attribution-v1
BJ-2026-FT-YIMO-Q14,BJ-2026-FT-YIMO-Q14,BJ-2026-FT-YIMO,14,选择题,,整题,IN,完整题-选择题照收,E1,,不明,2026-09-24-attribution-v1
BJ-2023-XC-ERMO-Q7,BJ-2023-XC-ERMO-Q7,BJ-2023-XC-ERMO,7,选择题,,整题,IN,完整题-选择题照收,E1,,不明,2026-09-24-attribution-v1
BJ-2024-XC-ERMO-Q1,BJ-2024-XC-ERMO-Q1,BJ-2024-XC-ERMO,1,选择题,,整题,MAYBE,完整题-选择题照收,缺答案键,,不明,2026-09-24-attribution-v1
BJ-2024-XC-ERMO-Q15,BJ-2024-XC-ERMO-Q15,BJ-2024-XC-ERMO,15,选择题,,整题,MAYBE,完整题-选择题照收,缺答案键,,不明,2026-09-24-attribution-v1
BJ-2026-SJS-QIMO-Q15,BJ-2026-SJS-QIMO-Q15,BJ-2026-SJS-QIMO,15,选择题,,整题,MAYBE,完整题-选择题照收,具名例外:named_exception_whole_exam_no_rubric,,不明,2026-09-24-attribution-v1
BJ-2024-XC-YIMO-Q5,BJ-2024-XC-YIMO-Q5,BJ-2024-XC-YIMO,5,选择题,,整题,MAYBE,完整题-选择题照收,E1,,不明,2026-09-24-attribution-v1
BJ-2026-XC-QIMO-Q9,BJ-2026-XC-QIMO-Q9,BJ-2026-XC-QIMO,9,选择题,,整题,IN,完整题-选择题照收,E1,,不明,2026-09-24-attribution-v1
BJ-2026-XC-QIMO-Q15,BJ-2026-XC-QIMO-Q15,BJ-2026-XC-QIMO,15,选择题,,整题,MAYBE,完整题-选择题照收,E1,,不明,2026-09-24-attribution-v1
BJ-2024-SY-ERMO-Q17,BJ-2024-SY-ERMO-Q17,BJ-2024-SY-ERMO,17,主观题,,整题,MAYBE,收-具名例外,具名例外:named_exception_whole_exam_no_rubric,,不明,2026-09-24-attribution-v1
BJ-2024-SY-ERMO-Q19#1,BJ-2024-SY-ERMO-Q19,BJ-2024-SY-ERMO,19,主观题,1,小问,MAYBE,收-具名例外,具名例外:named_exception_whole_exam_no_rubric,,不明,2026-09-24-attribution-v1
BJ-2024-SY-ERMO-Q19#2,BJ-2024-SY-ERMO-Q19,BJ-2024-SY-ERMO,19,主观题,2,小问,MAYBE,收-具名例外,具名例外:named_exception_whole_exam_no_rubric,,不明,2026-09-24-attribution-v1
BJ-2024-SY-ERMO-Q20#1,BJ-2024-SY-ERMO-Q20,BJ-2024-SY-ERMO,20,主观题,1,小问,MAYBE,收-具名例外,具名例外:named_exception_whole_exam_no_rubric,,不明,2026-09-24-attribution-v1
BJ-2024-SY-ERMO-Q20#2,BJ-2024-SY-ERMO-Q20,BJ-2024-SY-ERMO,20,主观题,2,小问,MAYBE,收-具名例外,具名例外:named_exception_whole_exam_no_rubric,,不明,2026-09-24-attribution-v1
BJ-2024-SY-ERMO-Q1,BJ-2024-SY-ERMO-Q1,BJ-2024-SY-ERMO,1,选择题,,整题,MAYBE,完整题-选择题照收,具名例外:named_exception_whole_exam_no_rubric,,不明,2026-09-24-attribution-v1
BJ-2024-SY-ERMO-Q2,BJ-2024-SY-ERMO-Q2,BJ-2024-SY-ERMO,2,选择题,,整题,MAYBE,完整题-选择题照收,具名例外:named_exception_whole_exam_no_rubric,,倾向,2026-09-24-attribution-v1
BJ-2024-SY-ERMO-Q4,BJ-2024-SY-ERMO-Q4,BJ-2024-SY-ERMO,4,选择题,,整题,MAYBE,完整题-选择题照收,具名例外:named_exception_whole_exam_no_rubric,,不明,2026-09-24-attribution-v1
BJ-2024-SY-ERMO-Q5,BJ-2024-SY-ERMO-Q5,BJ-2024-SY-ERMO,5,选择题,,整题,MAYBE,完整题-选择题照收,具名例外:named_exception_whole_exam_no_rubric,,倾向,2026-09-24-attribution-v1
BJ-2024-SY-ERMO-Q7,BJ-2024-SY-ERMO-Q7,BJ-2024-SY-ERMO,7,选择题,,整题,IN,完整题-选择题照收,具名例外:named_exception_whole_exam_no_rubric,,不明,2026-09-24-attribution-v1
BJ-2024-SY-ERMO-Q8,BJ-2024-SY-ERMO-Q8,BJ-2024-SY-ERMO,8,选择题,,整题,MAYBE,完整题-选择题照收,具名例外:named_exception_whole_exam_no_rubric,,倾向,2026-09-24-attribution-v1
BJ-2024-SY-ERMO-Q10,BJ-2024-SY-ERMO-Q10,BJ-2024-SY-ERMO,10,选择题,,整题,MAYBE,完整题-选择题照收,具名例外:named_exception_whole_exam_no_rubric,,倾向,2026-09-24-attribution-v1
BJ-2024-SY-ERMO-Q11,BJ-2024-SY-ERMO-Q11,BJ-2024-SY-ERMO,11,选择题,,整题,MAYBE,完整题-选择题照收,具名例外:named_exception_whole_exam_no_rubric,,倾向,2026-09-24-attribution-v1
BJ-2024-SY-ERMO-Q15,BJ-2024-SY-ERMO-Q15,BJ-2024-SY-ERMO,15,选择题,,整题,MAYBE,完整题-选择题照收,具名例外:named_exception_whole_exam_no_rubric,,倾向,2026-09-24-attribution-v1
BJ-2024-SY-ERMO-Q16#1,BJ-2024-SY-ERMO-Q16,BJ-2024-SY-ERMO,16,主观题,1,小问,MAYBE,收-具名例外,具名例外:named_exception_whole_exam_no_rubric,,不明,2026-09-24-attribution-v1
BJ-2024-SY-ERMO-Q16#2,BJ-2024-SY-ERMO-Q16,BJ-2024-SY-ERMO,16,主观题,2,小问,MAYBE,收-具名例外,具名例外:named_exception_whole_exam_no_rubric,,倾向,2026-09-24-attribution-v1
BJ-2024-SY-ERMO-Q18,BJ-2024-SY-ERMO-Q18,BJ-2024-SY-ERMO,18,主观题,,整题,MAYBE,收-具名例外,具名例外:named_exception_whole_exam_no_rubric,B1:rubric_unreadable_not_OUT;B2:rubric_unreadable_not_OUT;PH:rubric_unreadable_not_OUT;CU:rubric_unreadable_not_OUT;X2:rubric_unreadable_not_OUT;MI:rubric_unreadable_not_OUT;RE:rubric_unreadable_not_OUT,确定,2026-09-24-attribution-v1
BJ-2024-SY-ERMO-Q6,BJ-2024-SY-ERMO-Q6,BJ-2024-SY-ERMO,6,选择题,,整题,MAYBE,完整题-选择题照收,具名例外:named_exception_whole_exam_no_rubric,,不明,2026-09-24-attribution-v1
BJ-2024-SY-ERMO-Q9,BJ-2024-SY-ERMO-Q9,BJ-2024-SY-ERMO,9,选择题,,整题,MAYBE,完整题-选择题照收,具名例外:named_exception_whole_exam_no_rubric,,不明,2026-09-24-attribution-v1
BJ-2024-SY-ERMO-Q14,BJ-2024-SY-ERMO-Q14,BJ-2024-SY-ERMO,14,选择题,,整题,MAYBE,完整题-选择题照收,具名例外:named_exception_whole_exam_no_rubric,,不明,2026-09-24-attribution-v1
BJ-2026-FS-ERMO-Q9,BJ-2026-FS-ERMO-Q9,BJ-2026-FS-ERMO,9,选择题,,整题,MAYBE,完整题-选择题照收,E1,,倾向,2026-09-24-attribution-v1
BJ-2026-FS-ERMO-Q10,BJ-2026-FS-ERMO-Q10,BJ-2026-FS-ERMO,10,选择题,,整题,MAYBE,完整题-选择题照收,E1,,倾向,2026-09-24-attribution-v1
BJ-2026-FS-ERMO-Q11,BJ-2026-FS-ERMO-Q11,BJ-2026-FS-ERMO,11,选择题,,整题,MAYBE,完整题-选择题照收,E1,,倾向,2026-09-24-attribution-v1
BJ-2023-HD-YIMO-Q1,BJ-2023-HD-YIMO-Q1,BJ-2023-HD-YIMO,1,选择题,,整题,MAYBE,完整题-选择题照收,缺答案键,,不明,2026-09-24-attribution-v1
BJ-2023-HD-YIMO-Q3,BJ-2023-HD-YIMO-Q3,BJ-2023-HD-YIMO,3,选择题,,整题,MAYBE,完整题-选择题照收,缺答案键,,不明,2026-09-24-attribution-v1
BJ-2023-HD-YIMO-Q5,BJ-2023-HD-YIMO-Q5,BJ-2023-HD-YIMO,5,选择题,,整题,MAYBE,完整题-选择题照收,缺答案键,,不明,2026-09-24-attribution-v1
BJ-2023-HD-YIMO-Q6,BJ-2023-HD-YIMO-Q6,BJ-2023-HD-YIMO,6,选择题,,整题,MAYBE,完整题-选择题照收,缺答案键,,不明,2026-09-24-attribution-v1
BJ-2023-HD-YIMO-Q8,BJ-2023-HD-YIMO-Q8,BJ-2023-HD-YIMO,8,选择题,,整题,MAYBE,完整题-选择题照收,缺答案键,,倾向,2026-09-24-attribution-v1
BJ-2023-HD-YIMO-Q9,BJ-2023-HD-YIMO-Q9,BJ-2023-HD-YIMO,9,选择题,,整题,MAYBE,完整题-选择题照收,缺答案键,,不明,2026-09-24-attribution-v1
BJ-2023-HD-YIMO-Q13,BJ-2023-HD-YIMO-Q13,BJ-2023-HD-YIMO,13,选择题,,整题,MAYBE,完整题-选择题照收,缺答案键,,不明,2026-09-24-attribution-v1
BJ-2026-FT-ERMO-Q8,BJ-2026-FT-ERMO-Q8,BJ-2026-FT-ERMO,8,选择题,,整题,MAYBE,完整题-选择题照收,E1,,倾向,2026-09-24-attribution-v1
BJ-2026-FT-ERMO-Q9,BJ-2026-FT-ERMO-Q9,BJ-2026-FT-ERMO,9,选择题,,整题,MAYBE,完整题-选择题照收,E1,,不明,2026-09-24-attribution-v1
BJ-2026-FT-ERMO-Q10,BJ-2026-FT-ERMO-Q10,BJ-2026-FT-ERMO,10,选择题,,整题,MAYBE,完整题-选择题照收,E1,,倾向,2026-09-24-attribution-v1
BJ-2026-FT-ERMO-Q11,BJ-2026-FT-ERMO-Q11,BJ-2026-FT-ERMO,11,选择题,,整题,MAYBE,完整题-选择题照收,E1,,倾向,2026-09-24-attribution-v1
BJ-2026-FT-ERMO-Q20,BJ-2026-FT-ERMO-Q20,BJ-2026-FT-ERMO,20,主观题,,整题,MAYBE,完整题-有E1,E1,B1:rubric_unreadable_not_OUT;B3:rubric_unreadable_not_OUT;PH:rubric_unreadable_not_OUT;CU:rubric_unreadable_not_OUT;X2:rubric_unreadable_not_OUT;MI:rubric_unreadable_not_OUT;RE:rubric_unreadable_not_OUT,倾向,2026-09-24-attribution-v1
