unit_id,qid,exam_id_raw,exam_id_canonical,num,type,subq,grain,content_fingerprint,script_tier,归属_B1,归属_B2,归属_B3,归属_PH,归属_CU,归属_X1,归属_X2,归属_MI,归属_RE,admission,evidence,evidence_detail,downgrade_notes,dup_of,dup_covered_by,conflict_script_out,identity_redirect,canonical_qid,rule_version,source,ruled
BJ-2023-FT-YIMO-Q1,BJ-2023-FT-YIMO-Q1,BJ-2023-FT-YIMO,BJ-2023-FT-YIMO,1,选择题,,整题,00fd6af7cf9e83b0,不明,MAYBE,MAYBE,MAYBE,MAYBE,MAYBE,OUT,OUT,OUT,OUT,完整题-选择题照收,E3,逐题已匹配参考答案,,,,,,BJ-2023-FT-YIMO-Q1,2026-09-24-attribution-v3,classify.py:classified_prod.jsonl+matrix.csv+exam_identity.json+skill_overrides.json,no
BJ-2023-FT-YIMO-Q2,BJ-2023-FT-YIMO-Q2,BJ-2023-FT-YIMO,BJ-2023-FT-YIMO,2,选择题,,整题,e19a0936f278713f,不明,OUT,MAYBE,COLLECTED,MAYBE,MAYBE,OUT,OUT,OUT,MAYBE,完整题-选择题照收,E3,逐题已匹配参考答案,,,,,,BJ-2023-FT-YIMO-Q2,2026-09-24-attribution-v3,classify.py:classified_prod.jsonl+matrix.csv+exam_identity.json+skill_overrides.json,no
BJ-2023-FT-YIMO-Q3,BJ-2023-FT-YIMO-Q3,BJ-2023-FT-YIMO,BJ-2023-FT-YIMO,3,选择题,,整题,fddb541836876236,不明,OUT,MAYBE,COLLECTED,MAYBE,MAYBE,MAYBE,OUT,MAYBE,MAYBE,完整题-选择题照收,E3,逐题已匹配参考答案,,,,,,BJ-2023-FT-YIMO-Q3,2026-09-24-attribution-v3,classify.py:classified_prod.jsonl+matrix.csv+exam_identity.json+skill_overrides.json,no
BJ-2023-FT-YIMO-Q4,BJ-2023-FT-YIMO-Q4,BJ-2023-FT-YIMO,BJ-2023-FT-YIMO,4,选择题,,整题,9727fe20b02043d3,不明,OUT,COLLECTED,COLLECTED,MAYBE,MAYBE,OUT,OUT,MAYBE,MAYBE,完整题-选择题照收,E3,逐题已匹配参考答案,,,,,,BJ-2023-FT-YIMO-Q4,2026-09-24-attribution-v3,classify.py:classified_prod.jsonl+matrix.csv+exam_identity.json+skill_overrides.json,no
BJ-2023-FT-YIMO-Q5,BJ-2023-FT-YIMO-Q5,BJ-2023-FT-YIMO,BJ-2023-FT-YIMO,5,选择题,,整题,30f04dc5e12610e0,不明,OUT,MAYBE,MAYBE,MAYBE,IN,OUT,OUT,MAYBE,MAYBE,完整题-选择题照收,E3,逐题已匹配参考答案,,,,,,BJ-2023-FT-YIMO-Q5,2026-09-24-attribution-v3,classify.py:classified_prod.jsonl+matrix.csv+exam_identity.json+skill_overrides.json,no
BJ-2023-FT-YIMO-Q6,BJ-2023-FT-YIMO-Q6,BJ-2023-FT-YIMO,BJ-2023-FT-YIMO,6,选择题,,整题,a7c1249e5cbb2ef2,不明,OUT,MAYBE,MAYBE,MAYBE,MAYBE,MAYBE,OUT,MAYBE,MAYBE,完整题-选择题照收,E3,逐题已匹配参考答案,,,,,,BJ-2023-FT-YIMO-Q6,2026-09-24-attribution-v3,classify.py:classified_prod.jsonl+matrix.csv+exam_identity.json+skill_overrides.json,no
BJ-2023-FT-YIMO-Q7,BJ-2023-FT-YIMO-Q7,BJ-2023-FT-YIMO,BJ-2023-FT-YIMO,7,选择题,,整题,53bd600d610ad6fd,不明,MAYBE,MAYBE,MAYBE,MAYBE,MAYBE,OUT,OUT,MAYBE,MAYBE,完整题-选择题照收,E3,逐题已匹配参考答案,,,,,,BJ-2023-FT-YIMO-Q7,2026-09-24-attribution-v3,classify.py:classified_prod.jsonl+matrix.csv+exam_identity.json+skill_overrides.json,no
BJ-2023-FT-YIMO-Q8,BJ-2023-FT-YIMO-Q8,BJ-2023-FT-YIMO,BJ-2023-FT-YIMO,8,选择题,,整题,481f9563ad85d722,倾向,OUT,COLLECTED,MAYBE,MAYBE,OUT,OUT,OUT,OUT,OUT,完整题-选择题照收,E3,逐题已匹配参考答案,,,,,,BJ-2023-FT-YIMO-Q8,2026-09-24-attribution-v3,classify.py:classified_prod.jsonl+matrix.csv+exam_identity.json+skill_overrides.json,no
BJ-2023-FT-YIMO-Q9,BJ-2023-FT-YIMO-Q9,BJ-2023-FT-YIMO,BJ-2023-FT-YIMO,9,选择题,,整题,0727e5c9f2883b58,不明,OUT,COLLECTED,MAYBE,MAYBE,MAYBE,OUT,MAYBE,OUT,OUT,完整题-选择题照收,E3,逐题已匹配参考答案,,,,,,BJ-2023-FT-YIMO-Q9,2026-09-24-attribution-v3,classify.py:classified_prod.jsonl+matrix.csv+exam_identity.json+skill_overrides.json,no
BJ-2023-FT-YIMO-Q10,BJ-2023-FT-YIMO-Q10,BJ-2023-FT-YIMO,BJ-2023-FT-YIMO,10,选择题,,整题,4c0d566bf6b22d15,倾向,OUT,COLLECTED,MAYBE,OUT,OUT,OUT,MAYBE,OUT,OUT,完整题-选择题照收,E3,逐题已匹配参考答案,,,,,,BJ-2023-FT-YIMO-Q10,2026-09-24-attribution-v3,classify.py:classified_prod.jsonl+matrix.csv+exam_identity.json+skill_overrides.json,no
BJ-2023-FT-YIMO-Q11,BJ-2023-FT-YIMO-Q11,BJ-2023-FT-YIMO,BJ-2023-FT-YIMO,11,选择题,,整题,cfb0e45bdb105412,倾向,OUT,MAYBE,MAYBE,OUT,OUT,OUT,MAYBE,OUT,IN,完整题-选择题照收,E3,逐题已匹配参考答案,,,,,,BJ-2023-FT-YIMO-Q11,2026-09-24-attribution-v3,classify.py:classified_prod.jsonl+matrix.csv+exam_identity.json+skill_overrides.json,no
BJ-2023-FT-YIMO-Q12,BJ-2023-FT-YIMO-Q12,BJ-2023-FT-YIMO,BJ-2023-FT-YIMO,12,选择题,,整题,397ba5a6b6b76a20,不明,OUT,MAYBE,MAYBE,OUT,OUT,OUT,MAYBE,MAYBE,OUT,完整题-选择题照收,E3,逐题已匹配参考答案,,,,,,BJ-2023-FT-YIMO-Q12,2026-09-24-attribution-v3,classify.py:classified_prod.jsonl+matrix.csv+exam_identity.json+skill_overrides.json,no
BJ-2023-FT-YIMO-Q13,BJ-2023-FT-YIMO-Q13,BJ-2023-FT-YIMO,BJ-2023-FT-YIMO,13,选择题,,整题,b660b66836059d64,倾向,OUT,COLLECTED,MAYBE,OUT,OUT,OUT,IN,MAYBE,MAYBE,完整题-选择题照收,E3,逐题已匹配参考答案,,,,,,BJ-2023-FT-YIMO-Q13,2026-09-24-attribution-v3,classify.py:classified_prod.jsonl+matrix.csv+exam_identity.json+skill_overrides.json,no
BJ-2023-FT-YIMO-Q14,BJ-2023-FT-YIMO-Q14,BJ-2023-FT-YIMO,BJ-2023-FT-YIMO,14,选择题,,整题,456b8697e3818cd4,不明,MAYBE,MAYBE,MAYBE,MAYBE,OUT,MAYBE,IN,MAYBE,MAYBE,完整题-选择题照收,E3,逐题已匹配参考答案,,,,,,BJ-2023-FT-YIMO-Q14,2026-09-24-attribution-v3,classify.py:classified_prod.jsonl+matrix.csv+exam_identity.json+skill_overrides.json,no
BJ-2023-FT-YIMO-Q15,BJ-2023-FT-YIMO-Q15,BJ-2023-FT-YIMO,BJ-2023-FT-YIMO,15,选择题,,整题,b87199cc7a3c953d,不明,MAYBE,MAYBE,MAYBE,OUT,MAYBE,IN,OUT,OUT,OUT,完整题-选择题照收,E3,逐题已匹配参考答案,,,,,,BJ-2023-FT-YIMO-Q15,2026-09-24-attribution-v3,classify.py:classified_prod.jsonl+matrix.csv+exam_identity.json+skill_overrides.json,no
BJ-2023-FT-YIMO-Q16,BJ-2023-FT-YIMO-Q16,BJ-2023-FT-YIMO,BJ-2023-FT-YIMO,16,主观题,,整题,0154c428a9664efc,不明,MAYBE,MAYBE,MAYBE,MAYBE,MAYBE,MAYBE,MAYBE,MAYBE,MAYBE,不收-无E1,E3,逐题已匹配参考答案,,,,,,BJ-2023-FT-YIMO-Q16,2026-09-24-attribution-v3,classify.py:classified_prod.jsonl+matrix.csv+exam_identity.json+skill_overrides.json,no
BJ-2023-FT-YIMO-Q17#1,BJ-2023-FT-YIMO-Q17,BJ-2023-FT-YIMO,BJ-2023-FT-YIMO,17,主观题,1,小问,0d9fafd68b2dfa77,不明,MAYBE,MAYBE,IN,MAYBE,MAYBE,MAYBE,MAYBE,MAYBE,MAYBE,不收-无E1,E3,逐题已匹配参考答案,B1:rubric_unreadable_not_OUT;X2:rubric_unreadable_not_OUT;MI:rubric_unreadable_not_OUT;RE:rubric_unreadable_not_OUT,,,,,BJ-2023-FT-YIMO-Q17,2026-09-24-attribution-v3,classify.py:classified_prod.jsonl+matrix.csv+exam_identity.json+skill_overrides.json,no
BJ-2023-FT-YIMO-Q17#2,BJ-2023-FT-YIMO-Q17,BJ-2023-FT-YIMO,BJ-2023-FT-YIMO,17,主观题,2,小问,3e9da95c16c38ebd,不明,MAYBE,MAYBE,MAYBE,MAYBE,MAYBE,MAYBE,MAYBE,MAYBE,MAYBE,不收-无E1,E3,逐题已匹配参考答案,,,,,,BJ-2023-FT-YIMO-Q17,2026-09-24-attribution-v3,classify.py:classified_prod.jsonl+matrix.csv+exam_identity.json+skill_overrides.json,no
BJ-2023-FT-YIMO-Q18,BJ-2023-FT-YIMO-Q18,BJ-2023-FT-YIMO,BJ-2023-FT-YIMO,18,主观题,,整题,96c4f5a0706608b7,不明,MAYBE,MAYBE,MAYBE,MAYBE,MAYBE,MAYBE,MAYBE,MAYBE,MAYBE,不收-无E1,E3,逐题已匹配参考答案,,,,,,BJ-2023-FT-YIMO-Q18,2026-09-24-attribution-v3,classify.py:classified_prod.jsonl+matrix.csv+exam_identity.json+skill_overrides.json,no
BJ-2023-FT-YIMO-Q19,BJ-2023-FT-YIMO-Q19,BJ-2023-FT-YIMO,BJ-2023-FT-YIMO,19,主观题,,整题,df26c546ca0fc607,倾向,MAYBE,MAYBE,MAYBE,MAYBE,MAYBE,MAYBE,MAYBE,IN,MAYBE,不收-无E1,E3,逐题已匹配参考答案,B1:rubric_unreadable_not_OUT;B3:rubric_unreadable_not_OUT;PH:rubric_unreadable_not_OUT;CU:rubric_unreadable_not_OUT;X1:rubric_unreadable_not_OUT;X2:rubric_unreadable_not_OUT;RE:rubric_unreadable_not_OUT,,,,,BJ-2023-FT-YIMO-Q19,2026-09-24-attribution-v3,classify.py:classified_prod.jsonl+matrix.csv+exam_identity.json+skill_overrides.json,no
BJ-2023-FT-YIMO-Q20,BJ-2023-FT-YIMO-Q20,BJ-2023-FT-YIMO,BJ-2023-FT-YIMO,20,主观题,,整题,b7df49700029e76e,倾向,MAYBE,IN,MAYBE,MAYBE,MAYBE,MAYBE,MAYBE,MAYBE,MAYBE,不收-无E1,E3,逐题已匹配参考答案,B1:rubric_unreadable_not_OUT;PH:rubric_unreadable_not_OUT;CU:rubric_unreadable_not_OUT;X1:rubric_unreadable_not_OUT;X2:rubric_unreadable_not_OUT;MI:rubric_unreadable_not_OUT;RE:rubric_unreadable_not_OUT,,,,,BJ-2023-FT-YIMO-Q20,2026-09-24-attribution-v3,classify.py:classified_prod.jsonl+matrix.csv+exam_identity.json+skill_overrides.json,no
BJ-2023-FT-YIMO-Q21,BJ-2023-FT-YIMO-Q21,BJ-2023-FT-YIMO,BJ-2023-FT-YIMO,21,主观题,,整题,a004d4f051e05c66,倾向,MAYBE,MAYBE,MAYBE,MAYBE,MAYBE,IN,MAYBE,MAYBE,MAYBE,不收-无E1,E3,逐题已匹配参考答案,B1:rubric_unreadable_not_OUT;B3:rubric_unreadable_not_OUT;PH:rubric_unreadable_not_OUT;CU:rubric_unreadable_not_OUT;X2:rubric_unreadable_not_OUT;MI:rubric_unreadable_not_OUT;RE:rubric_unreadable_not_OUT,,,,,BJ-2023-FT-YIMO-Q21,2026-09-24-attribution-v3,classify.py:classified_prod.jsonl+matrix.csv+exam_identity.json+skill_overrides.json,no
BJ-2023-FT-YIMO-Q22,BJ-2023-FT-YIMO-Q22,BJ-2023-FT-YIMO,BJ-2023-FT-YIMO,22,主观题,,整题,e4e55fc4abdf4008,不明,MAYBE,MAYBE,MAYBE,MAYBE,MAYBE,MAYBE,MAYBE,MAYBE,MAYBE,不收-无E1,E3,逐题已匹配参考答案,"关联但不合并(疑似跨卷复用/串题,非duplicate_registration_alias):dup_of=BJ-2026-FT-YIMO-Q21",BJ-2026-FT-YIMO-Q21,bixiu3;philosophy,,,BJ-2023-FT-YIMO-Q22,2026-09-24-attribution-v3,classify.py:classified_prod.jsonl+matrix.csv+exam_identity.json+skill_overrides.json,no
BJ-2024-CY-QIZHONG-Q1,BJ-2024-CY-QIZHONG-Q1,BJ-2024-CY-QIZHONG,BJ-2024-CY-QIZHONG,1,选择题,,整题,0a1ebc59155af9d0,倾向,MAYBE,MAYBE,MAYBE,COLLECTED,COLLECTED,OUT,OUT,OUT,OUT,完整题-选择题照收,E3,逐题已匹配参考答案,,,,,,BJ-2024-CY-QIZHONG-Q1,2026-09-24-attribution-v3,classify.py:classified_prod.jsonl+matrix.csv+exam_identity.json+skill_overrides.json,no
BJ-2024-CY-QIZHONG-Q2,BJ-2024-CY-QIZHONG-Q2,BJ-2024-CY-QIZHONG,BJ-2024-CY-QIZHONG,2,选择题,,整题,db162bb9f0823329,倾向,OUT,MAYBE,MAYBE,MAYBE,COLLECTED,OUT,OUT,OUT,OUT,完整题-选择题照收,E3,逐题已匹配参考答案,,,,,,BJ-2024-CY-QIZHONG-Q2,2026-09-24-attribution-v3,classify.py:classified_prod.jsonl+matrix.csv+exam_identity.json+skill_overrides.json,no
BJ-2024-CY-QIZHONG-Q3,BJ-2024-CY-QIZHONG-Q3,BJ-2024-CY-QIZHONG,BJ-2024-CY-QIZHONG,3,选择题,,整题,debf65a43d457a83,不明,OUT,MAYBE,MAYBE,COLLECTED,MAYBE,MAYBE,OUT,OUT,OUT,完整题-选择题照收,E3,逐题已匹配参考答案,,,,,,BJ-2024-CY-QIZHONG-Q3,2026-09-24-attribution-v3,classify.py:classified_prod.jsonl+matrix.csv+exam_identity.json+skill_overrides.json,no
BJ-2024-CY-QIZHONG-Q4,BJ-2024-CY-QIZHONG-Q4,BJ-2024-CY-QIZHONG,BJ-2024-CY-QIZHONG,4,选择题,,整题,31028e73e5d619e9,不明,OUT,MAYBE,MAYBE,COLLECTED,MAYBE,OUT,OUT,MAYBE,OUT,完整题-选择题照收,E3,逐题已匹配参考答案,,,,,,BJ-2024-CY-QIZHONG-Q4,2026-09-24-attribution-v3,classify.py:classified_prod.jsonl+matrix.csv+exam_identity.json+skill_overrides.json,no
BJ-2024-CY-QIZHONG-Q5,BJ-2024-CY-QIZHONG-Q5,BJ-2024-CY-QIZHONG,BJ-2024-CY-QIZHONG,5,选择题,,整题,e3429d2390489998,不明,OUT,MAYBE,MAYBE,COLLECTED,MAYBE,MAYBE,OUT,MAYBE,COLLECTED,完整题-选择题照收,E3,逐题已匹配参考答案,,,,,,BJ-2024-CY-QIZHONG-Q5,2026-09-24-attribution-v3,classify.py:classified_prod.jsonl+matrix.csv+exam_identity.json+skill_overrides.json,no
BJ-2024-CY-QIZHONG-Q6,BJ-2024-CY-QIZHONG-Q6,BJ-2024-CY-QIZHONG,BJ-2024-CY-QIZHONG,6,选择题,,整题,1ae314775c42fe6b,不明,OUT,MAYBE,MAYBE,COLLECTED,COLLECTED,MAYBE,MAYBE,OUT,MAYBE,完整题-选择题照收,E3,逐题已匹配参考答案,,,,,,BJ-2024-CY-QIZHONG-Q6,2026-09-24-attribution-v3,classify.py:classified_prod.jsonl+matrix.csv+exam_identity.json+skill_overrides.json,no
BJ-2024-CY-QIZHONG-Q7,BJ-2024-CY-QIZHONG-Q7,BJ-2024-CY-QIZHONG,BJ-2024-CY-QIZHONG,7,选择题,,整题,e6bf83e49ecc6a51,不明,OUT,MAYBE,MAYBE,MAYBE,IN,MAYBE,MAYBE,MAYBE,COLLECTED,完整题-选择题照收,E3,逐题已匹配参考答案,,,,,,BJ-2024-CY-QIZHONG-Q7,2026-09-24-attribution-v3,classify.py:classified_prod.jsonl+matrix.csv+exam_identity.json+skill_overrides.json,no
BJ-2024-CY-QIZHONG-Q8,BJ-2024-CY-QIZHONG-Q8,BJ-2024-CY-QIZHONG,BJ-2024-CY-QIZHONG,8,选择题,,整题,11e3cbc2ec1597c1,不明,OUT,MAYBE,MAYBE,MAYBE,MAYBE,OUT,OUT,MAYBE,COLLECTED,完整题-选择题照收,E3,逐题已匹配参考答案,,,,,,BJ-2024-CY-QIZHONG-Q8,2026-09-24-attribution-v3,classify.py:classified_prod.jsonl+matrix.csv+exam_identity.json+skill_overrides.json,no
BJ-2024-CY-QIZHONG-Q9,BJ-2024-CY-QIZHONG-Q9,BJ-2024-CY-QIZHONG,BJ-2024-CY-QIZHONG,9,选择题,,整题,a21a135e8b321100,不明,OUT,MAYBE,MAYBE,MAYBE,MAYBE,OUT,MAYBE,MAYBE,COLLECTED,完整题-选择题照收,E3,逐题已匹配参考答案,,,,,,BJ-2024-CY-QIZHONG-Q9,2026-09-24-attribution-v3,classify.py:classified_prod.jsonl+matrix.csv+exam_identity.json+skill_overrides.json,no
BJ-2024-CY-QIZHONG-Q10,BJ-2024-CY-QIZHONG-Q10,BJ-2024-CY-QIZHONG,BJ-2024-CY-QIZHONG,10,选择题,,整题,e6d0dc9cf4ce1880,不明,MAYBE,MAYBE,MAYBE,COLLECTED,OUT,OUT,MAYBE,OUT,COLLECTED,完整题-选择题照收,E3,逐题已匹配参考答案,,,,,,BJ-2024-CY-QIZHONG-Q10,2026-09-24-attribution-v3,classify.py:classified_prod.jsonl+matrix.csv+exam_identity.json+skill_overrides.json,no
BJ-2024-CY-QIZHONG-Q11,BJ-2024-CY-QIZHONG-Q11,BJ-2024-CY-QIZHONG,BJ-2024-CY-QIZHONG,11,选择题,,整题,7dbc78815c4f5fd1,倾向,OUT,MAYBE,MAYBE,OUT,OUT,OUT,MAYBE,OUT,COLLECTED,完整题-选择题照收,E3,逐题已匹配参考答案,,,,,,BJ-2024-CY-QIZHONG-Q11,2026-09-24-attribution-v3,classify.py:classified_prod.jsonl+matrix.csv+exam_identity.json+skill_overrides.json,no
BJ-2024-CY-QIZHONG-Q12,BJ-2024-CY-QIZHONG-Q12,BJ-2024-CY-QIZHONG,BJ-2024-CY-QIZHONG,12,选择题,,整题,7c1f0b743d4b2acf,不明,MAYBE,COLLECTED,MAYBE,OUT,OUT,MAYBE,MAYBE,OUT,MAYBE,完整题-选择题照收,E3,逐题已匹配参考答案,,,,,,BJ-2024-CY-QIZHONG-Q12,2026-09-24-attribution-v3,classify.py:classified_prod.jsonl+matrix.csv+exam_identity.json+skill_overrides.json,no
BJ-2024-CY-QIZHONG-Q13,BJ-2024-CY-QIZHONG-Q13,BJ-2024-CY-QIZHONG,BJ-2024-CY-QIZHONG,13,选择题,,整题,fe9a935259cd29cd,不明,MAYBE,COLLECTED,MAYBE,OUT,OUT,MAYBE,MAYBE,OUT,MAYBE,完整题-选择题照收,E3,逐题已匹配参考答案,,,,,,BJ-2024-CY-QIZHONG-Q13,2026-09-24-attribution-v3,classify.py:classified_prod.jsonl+matrix.csv+exam_identity.json+skill_overrides.json,no
BJ-2024-CY-QIZHONG-Q14,BJ-2024-CY-QIZHONG-Q14,BJ-2024-CY-QIZHONG,BJ-2024-CY-QIZHONG,14,选择题,,整题,376a796379d7bea9,不明,MAYBE,COLLECTED,MAYBE,OUT,OUT,MAYBE,OUT,OUT,MAYBE,完整题-选择题照收,E3,逐题已匹配参考答案,,,,,,BJ-2024-CY-QIZHONG-Q14,2026-09-24-attribution-v3,classify.py:classified_prod.jsonl+matrix.csv+exam_identity.json+skill_overrides.json,no
BJ-2024-CY-QIZHONG-Q15,BJ-2024-CY-QIZHONG-Q15,BJ-2024-CY-QIZHONG,BJ-2024-CY-QIZHONG,15,选择题,,整题,d86615ff941fff78,不明,MAYBE,MAYBE,MAYBE,OUT,OUT,COLLECTED,OUT,OUT,MAYBE,完整题-选择题照收,E3,逐题已匹配参考答案,,,,,,BJ-2024-CY-QIZHONG-Q15,2026-09-24-attribution-v3,classify.py:classified_prod.jsonl+matrix.csv+exam_identity.json+skill_overrides.json,no
BJ-2024-CY-QIZHONG-Q16,BJ-2024-CY-QIZHONG-Q16,BJ-2024-CY-QIZHONG,BJ-2024-CY-QIZHONG,16,主观题,,整题,c8d9e313d17db3d0,不明,MAYBE,OUT,MAYBE,COLLECTED,MAYBE,MAYBE,MAYBE,OUT,OUT,完整题-有E1,E1,逐题已匹配正式评分材料,,,,,,BJ-2024-CY-QIZHONG-Q16,2026-09-24-attribution-v3,classify.py:classified_prod.jsonl+matrix.csv+exam_identity.json+skill_overrides.json,no
BJ-2024-CY-QIZHONG-Q17,BJ-2024-CY-QIZHONG-Q17,BJ-2024-CY-QIZHONG,BJ-2024-CY-QIZHONG,17,主观题,,整题,6df618fa12fca3e3,不明,OUT,MAYBE,OUT,COLLECTED,COLLECTED,OUT,MAYBE,MAYBE,MAYBE,完整题-有E1,E1,逐题已匹配正式评分材料,,,,,,BJ-2024-CY-QIZHONG-Q17,2026-09-24-attribution-v3,classify.py:classified_prod.jsonl+matrix.csv+exam_identity.json+skill_overrides.json,no
BJ-2024-CY-QIZHONG-Q18,BJ-2024-CY-QIZHONG-Q18,BJ-2024-CY-QIZHONG,BJ-2024-CY-QIZHONG,18,主观题,,整题,56bcdba45c6858e6,不明,OUT,OUT,MAYBE,OUT,OUT,MAYBE,MAYBE,MAYBE,COLLECTED,完整题-有E1,E1,逐题已匹配正式评分材料,,,,,,BJ-2024-CY-QIZHONG-Q18,2026-09-24-attribution-v3,classify.py:classified_prod.jsonl+matrix.csv+exam_identity.json+skill_overrides.json,no
BJ-2024-CY-QIZHONG-Q19,BJ-2024-CY-QIZHONG-Q19,BJ-2024-CY-QIZHONG,BJ-2024-CY-QIZHONG,19,主观题,,整题,6556aea5a0204728,倾向,OUT,MAYBE,OUT,OUT,OUT,OUT,MAYBE,COLLECTED,OUT,完整题-有E1,E1,逐题已匹配正式评分材料,,,,,,BJ-2024-CY-QIZHONG-Q19,2026-09-24-attribution-v3,classify.py:classified_prod.jsonl+matrix.csv+exam_identity.json+skill_overrides.json,no
BJ-2024-CY-QIZHONG-Q20#1,BJ-2024-CY-QIZHONG-Q20,BJ-2024-CY-QIZHONG,BJ-2024-CY-QIZHONG,20,主观题,1,小问,f6bf080250e34fc3,不明,OUT,COLLECTED,MAYBE,OUT,OUT,COLLECTED,MAYBE,OUT,MAYBE,完整题-有E1,E1,逐题已匹配正式评分材料,,,,,,BJ-2024-CY-QIZHONG-Q20,2026-09-24-attribution-v3,classify.py:classified_prod.jsonl+matrix.csv+exam_identity.json+skill_overrides.json,no
BJ-2024-CY-QIZHONG-Q20#2,BJ-2024-CY-QIZHONG-Q20,BJ-2024-CY-QIZHONG,BJ-2024-CY-QIZHONG,20,主观题,2,小问,2ce83915135e63fc,不明,OUT,COLLECTED,MAYBE,OUT,OUT,COLLECTED,MAYBE,OUT,MAYBE,完整题-有E1,E1,逐题已匹配正式评分材料,,,,,,BJ-2024-CY-QIZHONG-Q20,2026-09-24-attribution-v3,classify.py:classified_prod.jsonl+matrix.csv+exam_identity.json+skill_overrides.json,no
BJ-2024-CY-QIZHONG-Q20#3,BJ-2024-CY-QIZHONG-Q20,BJ-2024-CY-QIZHONG,BJ-2024-CY-QIZHONG,20,主观题,3,小问,d739b455ccacf7aa,倾向,OUT,COLLECTED,MAYBE,OUT,OUT,COLLECTED,MAYBE,OUT,MAYBE,完整题-有E1,E1,逐题已匹配正式评分材料,,,,,,BJ-2024-CY-QIZHONG-Q20,2026-09-24-attribution-v3,classify.py:classified_prod.jsonl+matrix.csv+exam_identity.json+skill_overrides.json,no
BJ-2025-CY-ERMO-Q1,BJ-2025-CY-ERMO-Q1,BJ-2025-CY-ERMO,BJ-2025-CY-ERMO,1,选择题,,整题,b902a035fb8fe0de,倾向,MAYBE,COLLECTED,IN,COLLECTED,COLLECTED,MAYBE,OUT,OUT,OUT,完整题-选择题照收,E3,逐题已匹配参考答案,,,,,,BJ-2025-CY-ERMO-Q1,2026-09-24-attribution-v3,classify.py:classified_prod.jsonl+matrix.csv+exam_identity.json+skill_overrides.json,no
BJ-2025-CY-ERMO-Q2,BJ-2025-CY-ERMO-Q2,BJ-2025-CY-ERMO,BJ-2025-CY-ERMO,2,选择题,,整题,deb1662e2d4c758f,不明,OUT,MAYBE,MAYBE,COLLECTED,MAYBE,OUT,OUT,OUT,MAYBE,完整题-选择题照收,E3,逐题已匹配参考答案,,,,,,BJ-2025-CY-ERMO-Q2,2026-09-24-attribution-v3,classify.py:classified_prod.jsonl+matrix.csv+exam_identity.json+skill_overrides.json,no
BJ-2025-CY-ERMO-Q3,BJ-2025-CY-ERMO-Q3,BJ-2025-CY-ERMO,BJ-2025-CY-ERMO,3,选择题,,整题,38fda3e1a730cd01,不明,OUT,MAYBE,MAYBE,COLLECTED,COLLECTED,OUT,OUT,MAYBE,MAYBE,完整题-选择题照收,E3,逐题已匹配参考答案,,,,,,BJ-2025-CY-ERMO-Q3,2026-09-24-attribution-v3,classify.py:classified_prod.jsonl+matrix.csv+exam_identity.json+skill_overrides.json,no
BJ-2025-CY-ERMO-Q4,BJ-2025-CY-ERMO-Q4,BJ-2025-CY-ERMO,BJ-2025-CY-ERMO,4,选择题,,整题,0acdd85e3518abe7,不明,OUT,MAYBE,MAYBE,COLLECTED,COLLECTED,MAYBE,OUT,MAYBE,MAYBE,完整题-选择题照收,E3,逐题已匹配参考答案,,,,,,BJ-2025-CY-ERMO-Q4,2026-09-24-attribution-v3,classify.py:classified_prod.jsonl+matrix.csv+exam_identity.json+skill_overrides.json,no
BJ-2025-CY-ERMO-Q5,BJ-2025-CY-ERMO-Q5,BJ-2025-CY-ERMO,BJ-2025-CY-ERMO,5,选择题,,整题,f50a75502ae91dcd,不明,OUT,MAYBE,MAYBE,MAYBE,MAYBE,MAYBE,OUT,MAYBE,COLLECTED,完整题-选择题照收,E3,逐题已匹配参考答案,,,,,,BJ-2025-CY-ERMO-Q5,2026-09-24-attribution-v3,classify.py:classified_prod.jsonl+matrix.csv+exam_identity.json+skill_overrides.json,no
BJ-2025-CY-ERMO-Q6,BJ-2025-CY-ERMO-Q6,BJ-2025-CY-ERMO,BJ-2025-CY-ERMO,6,选择题,,整题,9e136fbec3fe52ff,不明,OUT,MAYBE,MAYBE,MAYBE,MAYBE,OUT,OUT,MAYBE,COLLECTED,完整题-选择题照收,E3,逐题已匹配参考答案,,,,,,BJ-2025-CY-ERMO-Q6,2026-09-24-attribution-v3,classify.py:classified_prod.jsonl+matrix.csv+exam_identity.json+skill_overrides.json,no
BJ-2025-CY-ERMO-Q7,BJ-2025-CY-ERMO-Q7,BJ-2025-CY-ERMO,BJ-2025-CY-ERMO,7,选择题,,整题,38bddd64b83de29c,不明,OUT,MAYBE,MAYBE,COLLECTED,MAYBE,MAYBE,OUT,COLLECTED,COLLECTED,完整题-选择题照收,E3,逐题已匹配参考答案,,,,,,BJ-2025-CY-ERMO-Q7,2026-09-24-attribution-v3,classify.py:classified_prod.jsonl+matrix.csv+exam_identity.json+skill_overrides.json,no
BJ-2025-CY-ERMO-Q8,BJ-2025-CY-ERMO-Q8,BJ-2025-CY-ERMO,BJ-2025-CY-ERMO,8,选择题,,整题,c56ac0a6fd42b19f,倾向,MAYBE,MAYBE,COLLECTED,MAYBE,OUT,OUT,OUT,OUT,OUT,完整题-选择题照收,E3,逐题已匹配参考答案,,,,,,BJ-2025-CY-ERMO-Q8,2026-09-24-attribution-v3,classify.py:classified_prod.jsonl+matrix.csv+exam_identity.json+skill_overrides.json,no
BJ-2025-CY-ERMO-Q9,BJ-2025-CY-ERMO-Q9,BJ-2025-CY-ERMO,BJ-2025-CY-ERMO,9,选择题,,整题,fc92b809443d4427,不明,OUT,MAYBE,COLLECTED,IN,MAYBE,MAYBE,MAYBE,OUT,OUT,完整题-选择题照收,E3,逐题已匹配参考答案,,,,,,BJ-2025-CY-ERMO-Q9,2026-09-24-attribution-v3,classify.py:classified_prod.jsonl+matrix.csv+exam_identity.json+skill_overrides.json,no
BJ-2025-CY-ERMO-Q10,BJ-2025-CY-ERMO-Q10,BJ-2025-CY-ERMO,BJ-2025-CY-ERMO,10,选择题,,整题,5463b50a6ba87932,倾向,OUT,MAYBE,MAYBE,OUT,OUT,OUT,COLLECTED,OUT,OUT,完整题-选择题照收,E3,逐题已匹配参考答案,,,,,,BJ-2025-CY-ERMO-Q10,2026-09-24-attribution-v3,classify.py:classified_prod.jsonl+matrix.csv+exam_identity.json+skill_overrides.json,no
BJ-2025-CY-ERMO-Q11,BJ-2025-CY-ERMO-Q11,BJ-2025-CY-ERMO,BJ-2025-CY-ERMO,11,选择题,,整题,c65df01192e4781a,倾向,OUT,MAYBE,MAYBE,OUT,OUT,OUT,COLLECTED,OUT,OUT,完整题-选择题照收,E3,逐题已匹配参考答案,,,,,,BJ-2025-CY-ERMO-Q11,2026-09-24-attribution-v3,classify.py:classified_prod.jsonl+matrix.csv+exam_identity.json+skill_overrides.json,no
BJ-2025-CY-ERMO-Q12,BJ-2025-CY-ERMO-Q12,BJ-2025-CY-ERMO,BJ-2025-CY-ERMO,12,选择题,,整题,3be464e8eea9b805,不明,OUT,COLLECTED,MAYBE,OUT,OUT,OUT,MAYBE,MAYBE,MAYBE,完整题-选择题照收,E3,逐题已匹配参考答案,,,,,,BJ-2025-CY-ERMO-Q12,2026-09-24-attribution-v3,classify.py:classified_prod.jsonl+matrix.csv+exam_identity.json+skill_overrides.json,no
BJ-2025-CY-ERMO-Q13,BJ-2025-CY-ERMO-Q13,BJ-2025-CY-ERMO,BJ-2025-CY-ERMO,13,选择题,,整题,2a95e153232fb241,倾向,OUT,COLLECTED,MAYBE,OUT,OUT,OUT,OUT,MAYBE,MAYBE,完整题-选择题照收,E3,逐题已匹配参考答案,,,,,,BJ-2025-CY-ERMO-Q13,2026-09-24-attribution-v3,classify.py:classified_prod.jsonl+matrix.csv+exam_identity.json+skill_overrides.json,no
BJ-2025-CY-ERMO-Q14,BJ-2025-CY-ERMO-Q14,BJ-2025-CY-ERMO,BJ-2025-CY-ERMO,14,选择题,,整题,40289593b150b0b8,不明,MAYBE,COLLECTED,MAYBE,OUT,OUT,COLLECTED,OUT,MAYBE,MAYBE,完整题-选择题照收,E3,逐题已匹配参考答案,,,,,,BJ-2025-CY-ERMO-Q14,2026-09-24-attribution-v3,classify.py:classified_prod.jsonl+matrix.csv+exam_identity.json+skill_overrides.json,no
BJ-2025-CY-ERMO-Q15,BJ-2025-CY-ERMO-Q15,BJ-2025-CY-ERMO,BJ-2025-CY-ERMO,15,选择题,,整题,7b522fa688467c07,不明,MAYBE,MAYBE,MAYBE,OUT,MAYBE,COLLECTED,OUT,OUT,OUT,完整题-选择题照收,E3,逐题已匹配参考答案,,,,,,BJ-2025-CY-ERMO-Q15,2026-09-24-attribution-v3,classify.py:classified_prod.jsonl+matrix.csv+exam_identity.json+skill_overrides.json,no
BJ-2025-CY-ERMO-Q16,BJ-2025-CY-ERMO-Q16,BJ-2025-CY-ERMO,BJ-2025-CY-ERMO,16,主观题,,整题,763ae781efaad89d,不明,OUT,MAYBE,OUT,COLLECTED,COLLECTED,MAYBE,OUT,MAYBE,MAYBE,完整题-有E1,E1,逐题已匹配正式评分材料,,,,,,BJ-2025-CY-ERMO-Q16,2026-09-24-attribution-v3,classify.py:classified_prod.jsonl+matrix.csv+exam_identity.json+skill_overrides.json,no
BJ-2025-CY-ERMO-Q17,BJ-2025-CY-ERMO-Q17,BJ-2025-CY-ERMO,BJ-2025-CY-ERMO,17,主观题,,整题,1f28356a6d31366e,倾向,OUT,OUT,MAYBE,OUT,OUT,OUT,OUT,MAYBE,COLLECTED,完整题-有E1,E1,逐题已匹配正式评分材料,,,,,,BJ-2025-CY-ERMO-Q17,2026-09-24-attribution-v3,classify.py:classified_prod.jsonl+matrix.csv+exam_identity.json+skill_overrides.json,no
BJ-2025-CY-ERMO-Q18,BJ-2025-CY-ERMO-Q18,BJ-2025-CY-ERMO,BJ-2025-CY-ERMO,18,主观题,,整题,034c7766da751b14,倾向,OUT,COLLECTED,MAYBE,OUT,OUT,OUT,MAYBE,OUT,OUT,完整题-有E1,E1,逐题已匹配正式评分材料,,,,,,BJ-2025-CY-ERMO-Q18,2026-09-24-attribution-v3,classify.py:classified_prod.jsonl+matrix.csv+exam_identity.json+skill_overrides.json,no
BJ-2025-CY-ERMO-Q19,BJ-2025-CY-ERMO-Q19,BJ-2025-CY-ERMO,BJ-2025-CY-ERMO,19,主观题,,整题,ac2969dcbb31b114,不明,OUT,MAYBE,COLLECTED,MAYBE,MAYBE,MAYBE,MAYBE,MAYBE,MAYBE,完整题-有E1,E1,逐题已匹配正式评分材料,,,,,,BJ-2025-CY-ERMO-Q19,2026-09-24-attribution-v3,classify.py:classified_prod.jsonl+matrix.csv+exam_identity.json+skill_overrides.json,no
BJ-2025-CY-ERMO-Q20#1,BJ-2025-CY-ERMO-Q20,BJ-2025-CY-ERMO,BJ-2025-CY-ERMO,20,主观题,1,小问,8c391e231aa2e9bf,倾向,OUT,OUT,OUT,MAYBE,OUT,OUT,COLLECTED,OUT,OUT,完整题-有E1,E1,逐题已匹配正式评分材料,,,,,,BJ-2025-CY-ERMO-Q20,2026-09-24-attribution-v3,classify.py:classified_prod.jsonl+matrix.csv+exam_identity.json+skill_overrides.json,no
BJ-2025-CY-ERMO-Q20#2,BJ-2025-CY-ERMO-Q20,BJ-2025-CY-ERMO,BJ-2025-CY-ERMO,20,主观题,2,小问,34f2e2415503eff5,倾向,OUT,OUT,OUT,MAYBE,OUT,OUT,COLLECTED,OUT,OUT,完整题-有E1,E1,逐题已匹配正式评分材料,,,,,,BJ-2025-CY-ERMO-Q20,2026-09-24-attribution-v3,classify.py:classified_prod.jsonl+matrix.csv+exam_identity.json+skill_overrides.json,no
BJ-2025-CY-ERMO-Q21,BJ-2025-CY-ERMO-Q21,BJ-2025-CY-ERMO,BJ-2025-CY-ERMO,21,主观题,,整题,671b52ee8659330b,不明,OUT,MAYBE,OUT,MAYBE,MAYBE,COLLECTED,OUT,OUT,MAYBE,完整题-有E1,E1,逐题已匹配正式评分材料,,,,,,BJ-2025-CY-ERMO-Q21,2026-09-24-attribution-v3,classify.py:classified_prod.jsonl+matrix.csv+exam_identity.json+skill_overrides.json,no
BJ-2025-CY-ERMO-Q22,BJ-2025-CY-ERMO-Q22,BJ-2025-CY-ERMO,BJ-2025-CY-ERMO,22,主观题,,整题,837e910cefd986ff,不明,IN,MAYBE,COLLECTED,COLLECTED,MAYBE,MAYBE,MAYBE,MAYBE,MAYBE,完整题-有E1,E1,逐题已匹配正式评分材料,,,,,,BJ-2025-CY-ERMO-Q22,2026-09-24-attribution-v3,classify.py:classified_prod.jsonl+matrix.csv+exam_identity.json+skill_overrides.json,no
BJ-2023-FT-ERMO-Q1,BJ-2023-FT-ERMO-Q1,BJ-2023-FT-ERMO,BJ-2023-FT-ERMO,1,选择题,,整题,3252b6df0f161b65,不明,IN,MAYBE,MAYBE,MAYBE,MAYBE,IN,OUT,OUT,OUT,完整题-选择题照收,E3,逐题已匹配参考答案,,,,,,BJ-2023-FT-ERMO-Q1,2026-09-24-attribution-v3,classify.py:classified_prod.jsonl+matrix.csv+exam_identity.json+skill_overrides.json,no
BJ-2023-FT-ERMO-Q2,BJ-2023-FT-ERMO-Q2,BJ-2023-FT-ERMO,BJ-2023-FT-ERMO,2,选择题,,整题,cd1dc1bf111b36a1,不明,IN,COLLECTED,MAYBE,MAYBE,MAYBE,MAYBE,OUT,OUT,MAYBE,完整题-选择题照收,E3,逐题已匹配参考答案,,,,,,BJ-2023-FT-ERMO-Q2,2026-09-24-attribution-v3,classify.py:classified_prod.jsonl+matrix.csv+exam_identity.json+skill_overrides.json,no
BJ-2023-FT-ERMO-Q3,BJ-2023-FT-ERMO-Q3,BJ-2023-FT-ERMO,BJ-2023-FT-ERMO,3,选择题,,整题,d612bea14de8aa5c,不明,OUT,MAYBE,MAYBE,IN,IN,OUT,OUT,MAYBE,MAYBE,完整题-选择题照收,E3,逐题已匹配参考答案,,,,,,BJ-2023-FT-ERMO-Q3,2026-09-24-attribution-v3,classify.py:classified_prod.jsonl+matrix.csv+exam_identity.json+skill_overrides.json,no
BJ-2023-FT-ERMO-Q4,BJ-2023-FT-ERMO-Q4,BJ-2023-FT-ERMO,BJ-2023-FT-ERMO,4,选择题,,整题,7d573d66608db9d9,不明,OUT,MAYBE,MAYBE,MAYBE,MAYBE,OUT,OUT,MAYBE,MAYBE,完整题-选择题照收,E3,逐题已匹配参考答案,,,,,,BJ-2023-FT-ERMO-Q4,2026-09-24-attribution-v3,classify.py:classified_prod.jsonl+matrix.csv+exam_identity.json+skill_overrides.json,no
BJ-2023-FT-ERMO-Q5,BJ-2023-FT-ERMO-Q5,BJ-2023-FT-ERMO,BJ-2023-FT-ERMO,5,选择题,,整题,d8e42b37f04af987,不明,OUT,MAYBE,MAYBE,MAYBE,MAYBE,OUT,OUT,MAYBE,IN,完整题-选择题照收,E3,逐题已匹配参考答案,,,,,,BJ-2023-FT-ERMO-Q5,2026-09-24-attribution-v3,classify.py:classified_prod.jsonl+matrix.csv+exam_identity.json+skill_overrides.json,no
BJ-2023-FT-ERMO-Q6,BJ-2023-FT-ERMO-Q6,BJ-2023-FT-ERMO,BJ-2023-FT-ERMO,6,选择题,,整题,9d5b89631a079754,不明,OUT,COLLECTED,MAYBE,MAYBE,MAYBE,OUT,OUT,MAYBE,MAYBE,完整题-选择题照收,E3,逐题已匹配参考答案,,,,,,BJ-2023-FT-ERMO-Q6,2026-09-24-attribution-v3,classify.py:classified_prod.jsonl+matrix.csv+exam_identity.json+skill_overrides.json,no
BJ-2023-FT-ERMO-Q7,BJ-2023-FT-ERMO-Q7,BJ-2023-FT-ERMO,BJ-2023-FT-ERMO,7,选择题,,整题,9137d605c617dff4,不明,OUT,COLLECTED,MAYBE,MAYBE,MAYBE,OUT,OUT,MAYBE,MAYBE,完整题-选择题照收,E3,逐题已匹配参考答案,,,,,,BJ-2023-FT-ERMO-Q7,2026-09-24-attribution-v3,classify.py:classified_prod.jsonl+matrix.csv+exam_identity.json+skill_overrides.json,no
BJ-2023-FT-ERMO-Q8,BJ-2023-FT-ERMO-Q8,BJ-2023-FT-ERMO,BJ-2023-FT-ERMO,8,选择题,,整题,a996825bcc7da65c,倾向,OUT,COLLECTED,MAYBE,MAYBE,OUT,OUT,OUT,OUT,OUT,完整题-选择题照收,E3,逐题已匹配参考答案,,,,,,BJ-2023-FT-ERMO-Q8,2026-09-24-attribution-v3,classify.py:classified_prod.jsonl+matrix.csv+exam_identity.json+skill_overrides.json,no
BJ-2023-FT-ERMO-Q9,BJ-2023-FT-ERMO-Q9,BJ-2023-FT-ERMO,BJ-2023-FT-ERMO,9,选择题,,整题,cf389b985765a2ce,不明,OUT,COLLECTED,MAYBE,MAYBE,MAYBE,MAYBE,MAYBE,OUT,OUT,完整题-选择题照收,E3,逐题已匹配参考答案,,,,,,BJ-2023-FT-ERMO-Q9,2026-09-24-attribution-v3,classify.py:classified_prod.jsonl+matrix.csv+exam_identity.json+skill_overrides.json,no
BJ-2023-FT-ERMO-Q10,BJ-2023-FT-ERMO-Q10,BJ-2023-FT-ERMO,BJ-2023-FT-ERMO,10,选择题,,整题,245aa462a3a9159a,不明,OUT,MAYBE,COLLECTED,MAYBE,MAYBE,OUT,MAYBE,OUT,OUT,完整题-选择题照收,E3,逐题已匹配参考答案,,,,,,BJ-2023-FT-ERMO-Q10,2026-09-24-attribution-v3,classify.py:classified_prod.jsonl+matrix.csv+exam_identity.json+skill_overrides.json,no
BJ-2023-FT-ERMO-Q11,BJ-2023-FT-ERMO-Q11,BJ-2023-FT-ERMO,BJ-2023-FT-ERMO,11,选择题,,整题,d37d0f53eb7c1e31,倾向,OUT,IN,COLLECTED,OUT,OUT,MAYBE,MAYBE,OUT,OUT,完整题-选择题照收,E3,逐题已匹配参考答案,,,,,,BJ-2023-FT-ERMO-Q11,2026-09-24-attribution-v3,classify.py:classified_prod.jsonl+matrix.csv+exam_identity.json+skill_overrides.json,no
BJ-2023-FT-ERMO-Q12,BJ-2023-FT-ERMO-Q12,BJ-2023-FT-ERMO,BJ-2023-FT-ERMO,12,选择题,,整题,94f9f108c1886625,倾向,OUT,MAYBE,MAYBE,OUT,OUT,OUT,IN,MAYBE,OUT,完整题-选择题照收,E3,逐题已匹配参考答案,,,,,,BJ-2023-FT-ERMO-Q12,2026-09-24-attribution-v3,classify.py:classified_prod.jsonl+matrix.csv+exam_identity.json+skill_overrides.json,no
BJ-2023-FT-ERMO-Q13,BJ-2023-FT-ERMO-Q13,BJ-2023-FT-ERMO,BJ-2023-FT-ERMO,13,选择题,,整题,bd6e3ab25f70ee82,不明,OUT,COLLECTED,MAYBE,OUT,OUT,OUT,MAYBE,MAYBE,MAYBE,完整题-选择题照收,E3,逐题已匹配参考答案,,,,,,BJ-2023-FT-ERMO-Q13,2026-09-24-attribution-v3,classify.py:classified_prod.jsonl+matrix.csv+exam_identity.json+skill_overrides.json,no
BJ-2023-FT-ERMO-Q14,BJ-2023-FT-ERMO-Q14,BJ-2023-FT-ERMO,BJ-2023-FT-ERMO,14,选择题,,整题,1debf098d487f4bc,不明,MAYBE,MAYBE,MAYBE,OUT,MAYBE,IN,OUT,MAYBE,MAYBE,完整题-选择题照收,E3,逐题已匹配参考答案,,,,,,BJ-2023-FT-ERMO-Q14,2026-09-24-attribution-v3,classify.py:classified_prod.jsonl+matrix.csv+exam_identity.json+skill_overrides.json,no
BJ-2023-FT-ERMO-Q15,BJ-2023-FT-ERMO-Q15,BJ-2023-FT-ERMO,BJ-2023-FT-ERMO,15,选择题,,整题,586624295af7e567,倾向,MAYBE,COLLECTED,MAYBE,OUT,MAYBE,IN,OUT,OUT,OUT,完整题-选择题照收,E3,逐题已匹配参考答案,,,,,,BJ-2023-FT-ERMO-Q15,2026-09-24-attribution-v3,classify.py:classified_prod.jsonl+matrix.csv+exam_identity.json+skill_overrides.json,no
BJ-2023-FT-ERMO-Q16,BJ-2023-FT-ERMO-Q16,BJ-2023-FT-ERMO,BJ-2023-FT-ERMO,16,主观题,,整题,9e7dc616ab77cf50,不明,MAYBE,MAYBE,COLLECTED,MAYBE,MAYBE,MAYBE,MAYBE,MAYBE,MAYBE,不收-无E1,E3,逐题已匹配参考答案,,,,,,BJ-2023-FT-ERMO-Q16,2026-09-24-attribution-v3,classify.py:classified_prod.jsonl+matrix.csv+exam_identity.json+skill_overrides.json,no
BJ-2023-FT-ERMO-Q17,BJ-2023-FT-ERMO-Q17,BJ-2023-FT-ERMO,BJ-2023-FT-ERMO,17,主观题,,整题,3d4480d5ff4aa7ec,倾向,OUT,MAYBE,IN,OUT,OUT,OUT,MAYBE,OUT,OUT,不收-无E1,E3,逐题已匹配参考答案,,,,,,BJ-2023-FT-ERMO-Q17,2026-09-24-attribution-v3,classify.py:classified_prod.jsonl+matrix.csv+exam_identity.json+skill_overrides.json,no
BJ-2023-FT-ERMO-Q18#1,BJ-2023-FT-ERMO-Q18,BJ-2023-FT-ERMO,BJ-2023-FT-ERMO,18,主观题,1,小问,e403988df72f385b,不明,MAYBE,MAYBE,MAYBE,MAYBE,MAYBE,MAYBE,MAYBE,MAYBE,MAYBE,不收-无E1,E3,逐题已匹配参考答案,,,,,,BJ-2023-FT-ERMO-Q18,2026-09-24-attribution-v3,classify.py:classified_prod.jsonl+matrix.csv+exam_identity.json+skill_overrides.json,no
BJ-2023-FT-ERMO-Q18#2,BJ-2023-FT-ERMO-Q18,BJ-2023-FT-ERMO,BJ-2023-FT-ERMO,18,主观题,2,小问,2f6327d1a6d5139b,不明,OUT,MAYBE,OUT,MAYBE,OUT,IN,MAYBE,OUT,MAYBE,不收-无E1,E3,逐题已匹配参考答案,,,,,,BJ-2023-FT-ERMO-Q18,2026-09-24-attribution-v3,classify.py:classified_prod.jsonl+matrix.csv+exam_identity.json+skill_overrides.json,no
BJ-2023-FT-ERMO-Q19,BJ-2023-FT-ERMO-Q19,BJ-2023-FT-ERMO,BJ-2023-FT-ERMO,19,主观题,,整题,b6b8eea4ed5ea678,不明,MAYBE,MAYBE,MAYBE,MAYBE,MAYBE,MAYBE,MAYBE,MAYBE,MAYBE,不收-无E1,E3,逐题已匹配参考答案,,,,,,BJ-2023-FT-ERMO-Q19,2026-09-24-attribution-v3,classify.py:classified_prod.jsonl+matrix.csv+exam_identity.json+skill_overrides.json,no
BJ-2023-FT-ERMO-Q20,BJ-2023-FT-ERMO-Q20,BJ-2023-FT-ERMO,BJ-2023-FT-ERMO,20,主观题,,整题,efab98c9c8f6c8b9,倾向,OUT,IN,MAYBE,OUT,OUT,OUT,MAYBE,OUT,OUT,不收-无E1,E3,逐题已匹配参考答案,,,,,,BJ-2023-FT-ERMO-Q20,2026-09-24-attribution-v3,classify.py:classified_prod.jsonl+matrix.csv+exam_identity.json+skill_overrides.json,no
BJ-2023-FT-ERMO-Q21,BJ-2023-FT-ERMO-Q21,BJ-2023-FT-ERMO,BJ-2023-FT-ERMO,21,主观题,,整题,a2dcf10da54b1886,不明,OUT,OUT,OUT,MAYBE,MAYBE,OUT,MAYBE,OUT,OUT,不收-无E1,E3,逐题已匹配参考答案,,,,,,BJ-2023-FT-ERMO-Q21,2026-09-24-attribution-v3,classify.py:classified_prod.jsonl+matrix.csv+exam_identity.json+skill_overrides.json,no
BJ-2023-FT-ERMO-Q22,BJ-2023-FT-ERMO-Q22,BJ-2023-FT-ERMO,BJ-2023-FT-ERMO,22,主观题,,整题,7f1ebb42b13b5a35,不明,MAYBE,MAYBE,MAYBE,MAYBE,OUT,MAYBE,MAYBE,IN,OUT,不收-无E1,E3,逐题已匹配参考答案,,,,,,BJ-2023-FT-ERMO-Q22,2026-09-24-attribution-v3,classify.py:classified_prod.jsonl+matrix.csv+exam_identity.json+skill_overrides.json,no
BJ-2020-BJ-GAOKAO-Q1,BJ-2020-BJ-GAOKAO-Q1,BJ-2020-BJ-GAOKAO,BJ-2020-BJ-GAOKAO,1,选择题,,整题,ba15e005278da039,不明,MAYBE,MAYBE,MAYBE,MAYBE,COLLECTED,OUT,OUT,OUT,OUT,完整题-选择题照收,E3,逐题已匹配参考答案,,,,,,BJ-2020-BJ-GAOKAO-Q1,2026-09-24-attribution-v3,classify.py:classified_prod.jsonl+matrix.csv+exam_identity.json+skill_overrides.json,no
BJ-2020-BJ-GAOKAO-Q2,BJ-2020-BJ-GAOKAO-Q2,BJ-2020-BJ-GAOKAO,BJ-2020-BJ-GAOKAO,2,选择题,,整题,1299cf891e338365,倾向,OUT,MAYBE,MAYBE,COLLECTED,COLLECTED,OUT,OUT,OUT,OUT,完整题-选择题照收,E3,逐题已匹配参考答案,,,,,,BJ-2020-BJ-GAOKAO-Q2,2026-09-24-attribution-v3,classify.py:classified_prod.jsonl+matrix.csv+exam_identity.json+skill_overrides.json,no
BJ-2020-BJ-GAOKAO-Q3,BJ-2020-BJ-GAOKAO-Q3,BJ-2020-BJ-GAOKAO,BJ-2020-BJ-GAOKAO,3,选择题,,整题,5a555ce987bfed9f,不明,OUT,MAYBE,MAYBE,MAYBE,COLLECTED,OUT,OUT,MAYBE,MAYBE,完整题-选择题照收,E3,逐题已匹配参考答案,,,,,,BJ-2020-BJ-GAOKAO-Q3,2026-09-24-attribution-v3,classify.py:classified_prod.jsonl+matrix.csv+exam_identity.json+skill_overrides.json,no
BJ-2020-BJ-GAOKAO-Q4,BJ-2020-BJ-GAOKAO-Q4,BJ-2020-BJ-GAOKAO,BJ-2020-BJ-GAOKAO,4,选择题,,整题,feaab1f8298259f3,不明,OUT,MAYBE,MAYBE,COLLECTED,MAYBE,OUT,OUT,MAYBE,OUT,完整题-选择题照收,E3,逐题已匹配参考答案,,,,,,BJ-2020-BJ-GAOKAO-Q4,2026-09-24-attribution-v3,classify.py:classified_prod.jsonl+matrix.csv+exam_identity.json+skill_overrides.json,no
BJ-2020-BJ-GAOKAO-Q5,BJ-2020-BJ-GAOKAO-Q5,BJ-2020-BJ-GAOKAO,BJ-2020-BJ-GAOKAO,5,选择题,,整题,25a342760dbdcc90,不明,OUT,MAYBE,MAYBE,COLLECTED,MAYBE,OUT,OUT,MAYBE,MAYBE,完整题-选择题照收,E3,逐题已匹配参考答案,,,,,,BJ-2020-BJ-GAOKAO-Q5,2026-09-24-attribution-v3,classify.py:classified_prod.jsonl+matrix.csv+exam_identity.json+skill_overrides.json,no
BJ-2020-BJ-GAOKAO-Q6,BJ-2020-BJ-GAOKAO-Q6,BJ-2020-BJ-GAOKAO,BJ-2020-BJ-GAOKAO,6,选择题,,整题,7cd2a99bf24ce66c,不明,OUT,MAYBE,COLLECTED,COLLECTED,MAYBE,OUT,MAYBE,MAYBE,MAYBE,完整题-选择题照收,E3,逐题已匹配参考答案,,,,,,BJ-2020-BJ-GAOKAO-Q6,2026-09-24-attribution-v3,classify.py:classified_prod.jsonl+matrix.csv+exam_identity.json+skill_overrides.json,no
BJ-2020-BJ-GAOKAO-Q7,BJ-2020-BJ-GAOKAO-Q7,BJ-2020-BJ-GAOKAO,BJ-2020-BJ-GAOKAO,7,选择题,,整题,c240fbf5ac8e64cb,不明,OUT,COLLECTED,MAYBE,MAYBE,MAYBE,OUT,MAYBE,MAYBE,MAYBE,完整题-选择题照收,E3,逐题已匹配参考答案,,,,,,BJ-2020-BJ-GAOKAO-Q7,2026-09-24-attribution-v3,classify.py:classified_prod.jsonl+matrix.csv+exam_identity.json+skill_overrides.json,no
BJ-2020-BJ-GAOKAO-Q8,BJ-2020-BJ-GAOKAO-Q8,BJ-2020-BJ-GAOKAO,BJ-2020-BJ-GAOKAO,8,选择题,,整题,5fad0a1bbc58931d,不明,OUT,COLLECTED,COLLECTED,MAYBE,MAYBE,MAYBE,OUT,OUT,MAYBE,完整题-选择题照收,E3,逐题已匹配参考答案,,,,,,BJ-2020-BJ-GAOKAO-Q8,2026-09-24-attribution-v3,classify.py:classified_prod.jsonl+matrix.csv+exam_identity.json+skill_overrides.json,no
BJ-2020-BJ-GAOKAO-Q9,BJ-2020-BJ-GAOKAO-Q9,BJ-2020-BJ-GAOKAO,BJ-2020-BJ-GAOKAO,9,选择题,,整题,54fdc7dfa175bd80,不明,OUT,COLLECTED,IN,MAYBE,MAYBE,OUT,MAYBE,OUT,MAYBE,完整题-选择题照收,E3,逐题已匹配参考答案,,,,,,BJ-2020-BJ-GAOKAO-Q9,2026-09-24-attribution-v3,classify.py:classified_prod.jsonl+matrix.csv+exam_identity.json+skill_overrides.json,no
BJ-2020-BJ-GAOKAO-Q10,BJ-2020-BJ-GAOKAO-Q10,BJ-2020-BJ-GAOKAO,BJ-2020-BJ-GAOKAO,10,选择题,,整题,fb13fd92bbfec898,倾向,OUT,MAYBE,IN,OUT,OUT,COLLECTED,MAYBE,OUT,OUT,完整题-选择题照收,E3,逐题已匹配参考答案,,,,,,BJ-2020-BJ-GAOKAO-Q10,2026-09-24-attribution-v3,classify.py:classified_prod.jsonl+matrix.csv+exam_identity.json+skill_overrides.json,no
BJ-2020-BJ-GAOKAO-Q11,BJ-2020-BJ-GAOKAO-Q11,BJ-2020-BJ-GAOKAO,BJ-2020-BJ-GAOKAO,11,选择题,,整题,e5f5d81564f7ac7b,倾向,OUT,COLLECTED,MAYBE,OUT,OUT,OUT,MAYBE,OUT,MAYBE,完整题-选择题照收,E3,逐题已匹配参考答案,,,,,,BJ-2020-BJ-GAOKAO-Q11,2026-09-24-attribution-v3,classify.py:classified_prod.jsonl+matrix.csv+exam_identity.json+skill_overrides.json,no
BJ-2020-BJ-GAOKAO-Q12,BJ-2020-BJ-GAOKAO-Q12,BJ-2020-BJ-GAOKAO,BJ-2020-BJ-GAOKAO,12,选择题,,整题,a402a14ae853ca49,倾向,OUT,COLLECTED,MAYBE,OUT,OUT,OUT,MAYBE,OUT,OUT,完整题-选择题照收,E3,逐题已匹配参考答案,,,,,,BJ-2020-BJ-GAOKAO-Q12,2026-09-24-attribution-v3,classify.py:classified_prod.jsonl+matrix.csv+exam_identity.json+skill_overrides.json,no
BJ-2020-BJ-GAOKAO-Q13,BJ-2020-BJ-GAOKAO-Q13,BJ-2020-BJ-GAOKAO,BJ-2020-BJ-GAOKAO,13,选择题,,整题,c7b83e64137cc3dd,倾向,OUT,COLLECTED,MAYBE,OUT,OUT,OUT,MAYBE,OUT,MAYBE,完整题-选择题照收,E3,逐题已匹配参考答案,,,,,,BJ-2020-BJ-GAOKAO-Q13,2026-09-24-attribution-v3,classify.py:classified_prod.jsonl+matrix.csv+exam_identity.json+skill_overrides.json,no
BJ-2020-BJ-GAOKAO-Q14,BJ-2020-BJ-GAOKAO-Q14,BJ-2020-BJ-GAOKAO,BJ-2020-BJ-GAOKAO,14,选择题,,整题,71a454d5b2c310d7,不明,MAYBE,COLLECTED,MAYBE,OUT,OUT,MAYBE,OUT,OUT,MAYBE,完整题-选择题照收,E3,逐题已匹配参考答案,,,,,,BJ-2020-BJ-GAOKAO-Q14,2026-09-24-attribution-v3,classify.py:classified_prod.jsonl+matrix.csv+exam_identity.json+skill_overrides.json,no
BJ-2020-BJ-GAOKAO-Q15,BJ-2020-BJ-GAOKAO-Q15,BJ-2020-BJ-GAOKAO,BJ-2020-BJ-GAOKAO,15,选择题,,整题,393a90dc9e855489,倾向,MAYBE,COLLECTED,MAYBE,OUT,OUT,MAYBE,OUT,OUT,OUT,完整题-选择题照收,E3,逐题已匹配参考答案,,,,,,BJ-2020-BJ-GAOKAO-Q15,2026-09-24-attribution-v3,classify.py:classified_prod.jsonl+matrix.csv+exam_identity.json+skill_overrides.json,no
BJ-2020-BJ-GAOKAO-Q16#1,BJ-2020-BJ-GAOKAO-Q16,BJ-2020-BJ-GAOKAO,BJ-2020-BJ-GAOKAO,16,主观题,1,小问,0c530ddacc2420aa,不明,OUT,MAYBE,MAYBE,OUT,COLLECTED,MAYBE,OUT,MAYBE,MAYBE,完整题-有E1,E1,逐题已匹配正式评分材料,,,,,,BJ-2020-BJ-GAOKAO-Q16,2026-09-24-attribution-v3,classify.py:classified_prod.jsonl+matrix.csv+exam_identity.json+skill_overrides.json,no
BJ-2020-BJ-GAOKAO-Q16#2,BJ-2020-BJ-GAOKAO-Q16,BJ-2020-BJ-GAOKAO,BJ-2020-BJ-GAOKAO,16,主观题,2,小问,f76e6ca2dc4028ae,不明,OUT,MAYBE,MAYBE,OUT,COLLECTED,MAYBE,OUT,MAYBE,MAYBE,完整题-有E1,E1,逐题已匹配正式评分材料,,,,,,BJ-2020-BJ-GAOKAO-Q16,2026-09-24-attribution-v3,classify.py:classified_prod.jsonl+matrix.csv+exam_identity.json+skill_overrides.json,no
BJ-2020-BJ-GAOKAO-Q17#1,BJ-2020-BJ-GAOKAO-Q17,BJ-2020-BJ-GAOKAO,BJ-2020-BJ-GAOKAO,17,主观题,1,小问,bf64f3c5bc6010b1,倾向,OUT,COLLECTED,MAYBE,MAYBE,OUT,OUT,OUT,OUT,OUT,完整题-有E1,E1,逐题已匹配正式评分材料,,,,,,BJ-2020-BJ-GAOKAO-Q17,2026-09-24-attribution-v3,classify.py:classified_prod.jsonl+matrix.csv+exam_identity.json+skill_overrides.json,no
BJ-2020-BJ-GAOKAO-Q18,BJ-2020-BJ-GAOKAO-Q18,BJ-2020-BJ-GAOKAO,BJ-2020-BJ-GAOKAO,18,主观题,,整题,10caf1e10c6de6b2,不明,OUT,MAYBE,COLLECTED,MAYBE,OUT,MAYBE,MAYBE,OUT,MAYBE,完整题-有E1,E1,逐题已匹配正式评分材料,,,,,,BJ-2020-BJ-GAOKAO-Q18,2026-09-24-attribution-v3,classify.py:classified_prod.jsonl+matrix.csv+exam_identity.json+skill_overrides.json,no
BJ-2020-BJ-GAOKAO-Q19#1,BJ-2020-BJ-GAOKAO-Q19,BJ-2020-BJ-GAOKAO,BJ-2020-BJ-GAOKAO,19,主观题,1,小问,8547c2c18a9cff5d,不明,OUT,COLLECTED,COLLECTED,COLLECTED,OUT,MAYBE,MAYBE,MAYBE,MAYBE,完整题-有E1,E1,逐题已匹配正式评分材料,,,,,,BJ-2020-BJ-GAOKAO-Q19,2026-09-24-attribution-v3,classify.py:classified_prod.jsonl+matrix.csv+exam_identity.json+skill_overrides.json,no
BJ-2020-BJ-GAOKAO-Q19#2,BJ-2020-BJ-GAOKAO-Q19,BJ-2020-BJ-GAOKAO,BJ-2020-BJ-GAOKAO,19,主观题,2,小问,0965bfad7e87ff5f,不明,OUT,COLLECTED,COLLECTED,COLLECTED,OUT,MAYBE,MAYBE,MAYBE,MAYBE,完整题-有E1,E1,逐题已匹配正式评分材料,,,,,,BJ-2020-BJ-GAOKAO-Q19,2026-09-24-attribution-v3,classify.py:classified_prod.jsonl+matrix.csv+exam_identity.json+skill_overrides.json,no
BJ-2020-BJ-GAOKAO-Q20,BJ-2020-BJ-GAOKAO-Q20,BJ-2020-BJ-GAOKAO,BJ-2020-BJ-GAOKAO,20,主观题,,整题,6a36e8f37c6ae3ec,倾向,OUT,COLLECTED,MAYBE,MAYBE,OUT,MAYBE,OUT,OUT,OUT,完整题-有E1,E1,逐题已匹配正式评分材料,,,,,,BJ-2020-BJ-GAOKAO-Q20,2026-09-24-attribution-v3,classify.py:classified_prod.jsonl+matrix.csv+exam_identity.json+skill_overrides.json,no
BJ-2020-BJ-GAOKAO-Q21,BJ-2020-BJ-GAOKAO-Q21,BJ-2020-BJ-GAOKAO,BJ-2020-BJ-GAOKAO,21,主观题,,整题,eb7c762d83532f2d,不明,OUT,MAYBE,OUT,COLLECTED,MAYBE,MAYBE,OUT,MAYBE,MAYBE,完整题-有E1,E1,逐题已匹配正式评分材料,,,,,,BJ-2020-BJ-GAOKAO-Q21,2026-09-24-attribution-v3,classify.py:classified_prod.jsonl+matrix.csv+exam_identity.json+skill_overrides.json,no
BJ-2023-CY-YIMO-Q1,BJ-2023-CY-YIMO-Q1,BJ-2023-CY-YIMO,BJ-2023-CY-YIMO,1,选择题,,整题,f0af50ed51d7db30,不明,IN,MAYBE,MAYBE,MAYBE,MAYBE,OUT,OUT,OUT,OUT,完整题-选择题照收,E3,逐题已匹配参考答案,,,,,,BJ-2023-CY-YIMO-Q1,2026-09-24-attribution-v3,classify.py:classified_prod.jsonl+matrix.csv+exam_identity.json+skill_overrides.json,no
BJ-2023-CY-YIMO-Q2,BJ-2023-CY-YIMO-Q2,BJ-2023-CY-YIMO,BJ-2023-CY-YIMO,2,选择题,,整题,2bfdf35e6c1cb527,不明,OUT,MAYBE,COLLECTED,MAYBE,MAYBE,OUT,OUT,OUT,MAYBE,完整题-选择题照收,E3,逐题已匹配参考答案,,,,,,BJ-2023-CY-YIMO-Q2,2026-09-24-attribution-v3,classify.py:classified_prod.jsonl+matrix.csv+exam_identity.json+skill_overrides.json,no
BJ-2023-CY-YIMO-Q3,BJ-2023-CY-YIMO-Q3,BJ-2023-CY-YIMO,BJ-2023-CY-YIMO,3,选择题,,整题,c15e621df62e6df9,不明,OUT,MAYBE,MAYBE,IN,IN,OUT,OUT,MAYBE,MAYBE,完整题-选择题照收,E3,逐题已匹配参考答案,,,,,,BJ-2023-CY-YIMO-Q3,2026-09-24-attribution-v3,classify.py:classified_prod.jsonl+matrix.csv+exam_identity.json+skill_overrides.json,no
BJ-2023-CY-YIMO-Q4,BJ-2023-CY-YIMO-Q4,BJ-2023-CY-YIMO,BJ-2023-CY-YIMO,4,选择题,,整题,ba2ac8fe8b56f8b5,不明,OUT,COLLECTED,MAYBE,MAYBE,MAYBE,OUT,OUT,MAYBE,MAYBE,完整题-选择题照收,E3,逐题已匹配参考答案,,,,,,BJ-2023-CY-YIMO-Q4,2026-09-24-attribution-v3,classify.py:classified_prod.jsonl+matrix.csv+exam_identity.json+skill_overrides.json,no
BJ-2023-CY-YIMO-Q5,BJ-2023-CY-YIMO-Q5,BJ-2023-CY-YIMO,BJ-2023-CY-YIMO,5,选择题,,整题,ef251a25088cd5c7,不明,OUT,MAYBE,MAYBE,MAYBE,MAYBE,OUT,OUT,MAYBE,MAYBE,完整题-选择题照收,E3,逐题已匹配参考答案,,,,,,BJ-2023-CY-YIMO-Q5,2026-09-24-attribution-v3,classify.py:classified_prod.jsonl+matrix.csv+exam_identity.json+skill_overrides.json,no
BJ-2023-CY-YIMO-Q6,BJ-2023-CY-YIMO-Q6,BJ-2023-CY-YIMO,BJ-2023-CY-YIMO,6,选择题,,整题,37f2be25a07c4e0a,不明,OUT,COLLECTED,MAYBE,MAYBE,MAYBE,OUT,OUT,MAYBE,MAYBE,完整题-选择题照收,E3,逐题已匹配参考答案,,,,,,BJ-2023-CY-YIMO-Q6,2026-09-24-attribution-v3,classify.py:classified_prod.jsonl+matrix.csv+exam_identity.json+skill_overrides.json,no
BJ-2023-CY-YIMO-Q7,BJ-2023-CY-YIMO-Q7,BJ-2023-CY-YIMO,BJ-2023-CY-YIMO,7,选择题,,整题,a224916f1c9d6cb7,不明,MAYBE,MAYBE,MAYBE,MAYBE,MAYBE,MAYBE,OUT,MAYBE,MAYBE,完整题-选择题照收,E3,逐题已匹配参考答案,,,,,,BJ-2023-CY-YIMO-Q7,2026-09-24-attribution-v3,classify.py:classified_prod.jsonl+matrix.csv+exam_identity.json+skill_overrides.json,no
BJ-2023-CY-YIMO-Q8,BJ-2023-CY-YIMO-Q8,BJ-2023-CY-YIMO,BJ-2023-CY-YIMO,8,选择题,,整题,e591b9de4b46191a,不明,OUT,MAYBE,MAYBE,MAYBE,OUT,OUT,OUT,MAYBE,OUT,完整题-选择题照收,E3,逐题已匹配参考答案,,,,,,BJ-2023-CY-YIMO-Q8,2026-09-24-attribution-v3,classify.py:classified_prod.jsonl+matrix.csv+exam_identity.json+skill_overrides.json,no
BJ-2023-CY-YIMO-Q9,BJ-2023-CY-YIMO-Q9,BJ-2023-CY-YIMO,BJ-2023-CY-YIMO,9,选择题,,整题,1f3c44f59d9589ed,不明,OUT,MAYBE,MAYBE,MAYBE,MAYBE,OUT,MAYBE,MAYBE,IN,完整题-选择题照收,E3,逐题已匹配参考答案,,,,,,BJ-2023-CY-YIMO-Q9,2026-09-24-attribution-v3,classify.py:classified_prod.jsonl+matrix.csv+exam_identity.json+skill_overrides.json,no
BJ-2023-CY-YIMO-Q10,BJ-2023-CY-YIMO-Q10,BJ-2023-CY-YIMO,BJ-2023-CY-YIMO,10,选择题,,整题,041eefc1cabe647f,倾向,OUT,COLLECTED,MAYBE,OUT,OUT,OUT,MAYBE,OUT,OUT,完整题-选择题照收,E3,逐题已匹配参考答案,,,,,,BJ-2023-CY-YIMO-Q10,2026-09-24-attribution-v3,classify.py:classified_prod.jsonl+matrix.csv+exam_identity.json+skill_overrides.json,no
BJ-2023-CY-YIMO-Q11,BJ-2023-CY-YIMO-Q11,BJ-2023-CY-YIMO,BJ-2023-CY-YIMO,11,选择题,,整题,3f0b6c76fadeb52d,倾向,OUT,COLLECTED,MAYBE,OUT,OUT,OUT,IN,OUT,OUT,完整题-选择题照收,E3,逐题已匹配参考答案,,,,,,BJ-2023-CY-YIMO-Q11,2026-09-24-attribution-v3,classify.py:classified_prod.jsonl+matrix.csv+exam_identity.json+skill_overrides.json,no
BJ-2023-CY-YIMO-Q12,BJ-2023-CY-YIMO-Q12,BJ-2023-CY-YIMO,BJ-2023-CY-YIMO,12,选择题,,整题,5c0d5ed0384d35e2,不明,OUT,MAYBE,COLLECTED,OUT,OUT,OUT,MAYBE,MAYBE,MAYBE,完整题-选择题照收,E3,逐题已匹配参考答案,,,,,,BJ-2023-CY-YIMO-Q12,2026-09-24-attribution-v3,classify.py:classified_prod.jsonl+matrix.csv+exam_identity.json+skill_overrides.json,no
BJ-2023-CY-YIMO-Q13,BJ-2023-CY-YIMO-Q13,BJ-2023-CY-YIMO,BJ-2023-CY-YIMO,13,选择题,,整题,0d9f1ac0b197ec56,不明,OUT,MAYBE,MAYBE,OUT,OUT,OUT,MAYBE,MAYBE,MAYBE,完整题-选择题照收,E3,逐题已匹配参考答案,,,,,,BJ-2023-CY-YIMO-Q13,2026-09-24-attribution-v3,classify.py:classified_prod.jsonl+matrix.csv+exam_identity.json+skill_overrides.json,no
BJ-2023-CY-YIMO-Q14,BJ-2023-CY-YIMO-Q14,BJ-2023-CY-YIMO,BJ-2023-CY-YIMO,14,选择题,,整题,6708c65999fa70a7,不明,MAYBE,MAYBE,MAYBE,OUT,OUT,MAYBE,MAYBE,MAYBE,IN,完整题-选择题照收,E3,逐题已匹配参考答案,,,,,,BJ-2023-CY-YIMO-Q14,2026-09-24-attribution-v3,classify.py:classified_prod.jsonl+matrix.csv+exam_identity.json+skill_overrides.json,no
BJ-2023-CY-YIMO-Q15,BJ-2023-CY-YIMO-Q15,BJ-2023-CY-YIMO,BJ-2023-CY-YIMO,15,选择题,,整题,f4345e5b00d27711,不明,MAYBE,MAYBE,MAYBE,OUT,MAYBE,IN,OUT,OUT,OUT,完整题-选择题照收,E3,逐题已匹配参考答案,,,,,,BJ-2023-CY-YIMO-Q15,2026-09-24-attribution-v3,classify.py:classified_prod.jsonl+matrix.csv+exam_identity.json+skill_overrides.json,no
BJ-2023-CY-YIMO-Q16,BJ-2023-CY-YIMO-Q16,BJ-2023-CY-YIMO,BJ-2023-CY-YIMO,16,主观题,,整题,38d276fc4f3ec6e4,不明,OUT,MAYBE,MAYBE,MAYBE,IN,OUT,OUT,MAYBE,OUT,不收-无E1,E3,逐题已匹配参考答案,,,,,,BJ-2023-CY-YIMO-Q16,2026-09-24-attribution-v3,classify.py:classified_prod.jsonl+matrix.csv+exam_identity.json+skill_overrides.json,no
BJ-2023-CY-YIMO-Q17,BJ-2023-CY-YIMO-Q17,BJ-2023-CY-YIMO,BJ-2023-CY-YIMO,17,主观题,,整题,ccb6f08e04b56729,不明,MAYBE,MAYBE,MAYBE,MAYBE,MAYBE,MAYBE,MAYBE,MAYBE,MAYBE,不收-无E1,E3,逐题已匹配参考答案,,,,,,BJ-2023-CY-YIMO-Q17,2026-09-24-attribution-v3,classify.py:classified_prod.jsonl+matrix.csv+exam_identity.json+skill_overrides.json,no
BJ-2023-CY-YIMO-Q18,BJ-2023-CY-YIMO-Q18,BJ-2023-CY-YIMO,BJ-2023-CY-YIMO,18,主观题,,整题,39877a1140036a6d,不明,MAYBE,MAYBE,MAYBE,MAYBE,MAYBE,MAYBE,MAYBE,MAYBE,MAYBE,不收-无E1,E3,逐题已匹配参考答案,,,,,,BJ-2023-CY-YIMO-Q18,2026-09-24-attribution-v3,classify.py:classified_prod.jsonl+matrix.csv+exam_identity.json+skill_overrides.json,no
BJ-2023-CY-YIMO-Q19#1,BJ-2023-CY-YIMO-Q19,BJ-2023-CY-YIMO,BJ-2023-CY-YIMO,19,主观题,1,小问,252a80de7bf366f1,不明,MAYBE,MAYBE,COLLECTED,MAYBE,MAYBE,MAYBE,MAYBE,MAYBE,MAYBE,不收-无E1,E3,逐题已匹配参考答案,,,,,,BJ-2023-CY-YIMO-Q19,2026-09-24-attribution-v3,classify.py:classified_prod.jsonl+matrix.csv+exam_identity.json+skill_overrides.json,no
BJ-2023-CY-YIMO-Q19#2,BJ-2023-CY-YIMO-Q19,BJ-2023-CY-YIMO,BJ-2023-CY-YIMO,19,主观题,2,小问,8b0de26b31208c28,倾向,OUT,MAYBE,COLLECTED,OUT,OUT,OUT,IN,OUT,MAYBE,不收-无E1,E3,逐题已匹配参考答案,,,,,,BJ-2023-CY-YIMO-Q19,2026-09-24-attribution-v3,classify.py:classified_prod.jsonl+matrix.csv+exam_identity.json+skill_overrides.json,no
BJ-2023-CY-YIMO-Q20#1,BJ-2023-CY-YIMO-Q20,BJ-2023-CY-YIMO,BJ-2023-CY-YIMO,20,主观题,1,小问,d8a0fe3e98d57a10,倾向,OUT,IN,MAYBE,OUT,OUT,MAYBE,OUT,OUT,OUT,不收-无E1,E3,逐题已匹配参考答案,,,,,,BJ-2023-CY-YIMO-Q20,2026-09-24-attribution-v3,classify.py:classified_prod.jsonl+matrix.csv+exam_identity.json+skill_overrides.json,no
BJ-2023-CY-YIMO-Q20#2,BJ-2023-CY-YIMO-Q20,BJ-2023-CY-YIMO,BJ-2023-CY-YIMO,20,主观题,2,小问,4dbcbaa9c696cd7d,不明,OUT,MAYBE,MAYBE,OUT,OUT,MAYBE,OUT,OUT,OUT,不收-无E1,E3,逐题已匹配参考答案,,,,,,BJ-2023-CY-YIMO-Q20,2026-09-24-attribution-v3,classify.py:classified_prod.jsonl+matrix.csv+exam_identity.json+skill_overrides.json,no
BJ-2023-CY-YIMO-Q21,BJ-2023-CY-YIMO-Q21,BJ-2023-CY-YIMO,BJ-2023-CY-YIMO,21,主观题,,整题,fd40137f29e31874,不明,MAYBE,MAYBE,MAYBE,MAYBE,MAYBE,MAYBE,MAYBE,MAYBE,MAYBE,不收-无E1,E3,逐题已匹配参考答案,,,,,,BJ-2023-CY-YIMO-Q21,2026-09-24-attribution-v3,classify.py:classified_prod.jsonl+matrix.csv+exam_identity.json+skill_overrides.json,no
BJ-2024-CY-YIMO-Q1,BJ-2024-CY-YIMO-Q1,BJ-2024-CY-YIMO,BJ-2024-CY-YIMO,1,选择题,,整题,1fa96edbd6a785d8,倾向,IN,MAYBE,IN,MAYBE,COLLECTED,OUT,OUT,OUT,OUT,完整题-选择题照收,E3,逐题已匹配参考答案,,,,,,BJ-2024-CY-YIMO-Q1,2026-09-24-attribution-v3,classify.py:classified_prod.jsonl+matrix.csv+exam_identity.json+skill_overrides.json,no
BJ-2024-CY-YIMO-Q2,BJ-2024-CY-YIMO-Q2,BJ-2024-CY-YIMO,BJ-2024-CY-YIMO,2,选择题,,整题,9b4ef349552fa93c,不明,OUT,COLLECTED,MAYBE,MAYBE,IN,OUT,MAYBE,OUT,MAYBE,完整题-选择题照收,E3,逐题已匹配参考答案,,,,,,BJ-2024-CY-YIMO-Q2,2026-09-24-attribution-v3,classify.py:classified_prod.jsonl+matrix.csv+exam_identity.json+skill_overrides.json,no
BJ-2024-CY-YIMO-Q3,BJ-2024-CY-YIMO-Q3,BJ-2024-CY-YIMO,BJ-2024-CY-YIMO,3,选择题,,整题,fdc35bf048977b49,不明,OUT,MAYBE,MAYBE,COLLECTED,MAYBE,MAYBE,OUT,MAYBE,MAYBE,完整题-选择题照收,E3,逐题已匹配参考答案,,,,,,BJ-2024-CY-YIMO-Q3,2026-09-24-attribution-v3,classify.py:classified_prod.jsonl+matrix.csv+exam_identity.json+skill_overrides.json,no
BJ-2024-CY-YIMO-Q4,BJ-2024-CY-YIMO-Q4,BJ-2024-CY-YIMO,BJ-2024-CY-YIMO,4,选择题,,整题,bf822a3ed9b23eec,不明,OUT,MAYBE,MAYBE,COLLECTED,MAYBE,OUT,OUT,MAYBE,OUT,完整题-选择题照收,E3,逐题已匹配参考答案,,,,,,BJ-2024-CY-YIMO-Q4,2026-09-24-attribution-v3,classify.py:classified_prod.jsonl+matrix.csv+exam_identity.json+skill_overrides.json,no
BJ-2024-CY-YIMO-Q5,BJ-2024-CY-YIMO-Q5,BJ-2024-CY-YIMO,BJ-2024-CY-YIMO,5,选择题,,整题,eae14551e9925e35,不明,OUT,MAYBE,MAYBE,MAYBE,COLLECTED,OUT,OUT,MAYBE,MAYBE,完整题-选择题照收,E3,逐题已匹配参考答案,,,,,,BJ-2024-CY-YIMO-Q5,2026-09-24-attribution-v3,classify.py:classified_prod.jsonl+matrix.csv+exam_identity.json+skill_overrides.json,no
BJ-2024-CY-YIMO-Q6,BJ-2024-CY-YIMO-Q6,BJ-2024-CY-YIMO,BJ-2024-CY-YIMO,6,选择题,,整题,6b211a4f77c4c3a1,不明,OUT,MAYBE,MAYBE,MAYBE,MAYBE,OUT,MAYBE,MAYBE,COLLECTED,完整题-选择题照收,E3,逐题已匹配参考答案,,,,,,BJ-2024-CY-YIMO-Q6,2026-09-24-attribution-v3,classify.py:classified_prod.jsonl+matrix.csv+exam_identity.json+skill_overrides.json,no
BJ-2024-CY-YIMO-Q7,BJ-2024-CY-YIMO-Q7,BJ-2024-CY-YIMO,BJ-2024-CY-YIMO,7,选择题,,整题,237daf0b9f6ceeb6,不明,OUT,MAYBE,MAYBE,MAYBE,MAYBE,OUT,OUT,COLLECTED,MAYBE,完整题-选择题照收,E3,逐题已匹配参考答案,,,,,,BJ-2024-CY-YIMO-Q7,2026-09-24-attribution-v3,classify.py:classified_prod.jsonl+matrix.csv+exam_identity.json+skill_overrides.json,no
BJ-2024-CY-YIMO-Q8,BJ-2024-CY-YIMO-Q8,BJ-2024-CY-YIMO,BJ-2024-CY-YIMO,8,选择题,,整题,e0cf2a015436288e,倾向,OUT,MAYBE,COLLECTED,MAYBE,OUT,OUT,OUT,OUT,OUT,完整题-选择题照收,E3,逐题已匹配参考答案,,,,,,BJ-2024-CY-YIMO-Q8,2026-09-24-attribution-v3,classify.py:classified_prod.jsonl+matrix.csv+exam_identity.json+skill_overrides.json,no
BJ-2024-CY-YIMO-Q9,BJ-2024-CY-YIMO-Q9,BJ-2024-CY-YIMO,BJ-2024-CY-YIMO,9,选择题,,整题,c3497e3cb41a342d,不明,OUT,MAYBE,COLLECTED,COLLECTED,MAYBE,OUT,MAYBE,MAYBE,OUT,完整题-选择题照收,E3,逐题已匹配参考答案,,,,,,BJ-2024-CY-YIMO-Q9,2026-09-24-attribution-v3,classify.py:classified_prod.jsonl+matrix.csv+exam_identity.json+skill_overrides.json,no
BJ-2024-CY-YIMO-Q10,BJ-2024-CY-YIMO-Q10,BJ-2024-CY-YIMO,BJ-2024-CY-YIMO,10,选择题,,整题,526c8d89f7ca08b1,倾向,OUT,MAYBE,MAYBE,OUT,OUT,OUT,COLLECTED,OUT,OUT,完整题-选择题照收,E3,逐题已匹配参考答案,,,,,,BJ-2024-CY-YIMO-Q10,2026-09-24-attribution-v3,classify.py:classified_prod.jsonl+matrix.csv+exam_identity.json+skill_overrides.json,no
BJ-2024-CY-YIMO-Q11,BJ-2024-CY-YIMO-Q11,BJ-2024-CY-YIMO,BJ-2024-CY-YIMO,11,选择题,,整题,1885770a413bb9ed,倾向,OUT,MAYBE,MAYBE,OUT,OUT,OUT,COLLECTED,OUT,OUT,完整题-选择题照收,E3,逐题已匹配参考答案,,,,,,BJ-2024-CY-YIMO-Q11,2026-09-24-attribution-v3,classify.py:classified_prod.jsonl+matrix.csv+exam_identity.json+skill_overrides.json,no
BJ-2024-CY-YIMO-Q12,BJ-2024-CY-YIMO-Q12,BJ-2024-CY-YIMO,BJ-2024-CY-YIMO,12,选择题,,整题,4cf3a6b38e9dff43,不明,OUT,MAYBE,MAYBE,OUT,OUT,OUT,COLLECTED,MAYBE,MAYBE,完整题-选择题照收,E3,逐题已匹配参考答案,,,,,,BJ-2024-CY-YIMO-Q12,2026-09-24-attribution-v3,classify.py:classified_prod.jsonl+matrix.csv+exam_identity.json+skill_overrides.json,no
BJ-2024-CY-YIMO-Q13,BJ-2024-CY-YIMO-Q13,BJ-2024-CY-YIMO,BJ-2024-CY-YIMO,13,选择题,,整题,a0a893f7e20b757c,倾向,OUT,COLLECTED,MAYBE,OUT,OUT,OUT,OUT,MAYBE,MAYBE,完整题-选择题照收,E3,逐题已匹配参考答案,,,,,,BJ-2024-CY-YIMO-Q13,2026-09-24-attribution-v3,classify.py:classified_prod.jsonl+matrix.csv+exam_identity.json+skill_overrides.json,no
BJ-2024-CY-YIMO-Q14,BJ-2024-CY-YIMO-Q14,BJ-2024-CY-YIMO,BJ-2024-CY-YIMO,14,选择题,,整题,81371b82fc02aafd,不明,MAYBE,COLLECTED,MAYBE,OUT,OUT,COLLECTED,OUT,MAYBE,MAYBE,完整题-选择题照收,E3,逐题已匹配参考答案,,,,,,BJ-2024-CY-YIMO-Q14,2026-09-24-attribution-v3,classify.py:classified_prod.jsonl+matrix.csv+exam_identity.json+skill_overrides.json,no
BJ-2024-CY-YIMO-Q15,BJ-2024-CY-YIMO-Q15,BJ-2024-CY-YIMO,BJ-2024-CY-YIMO,15,选择题,,整题,88b49080b293d34e,不明,MAYBE,MAYBE,MAYBE,OUT,MAYBE,COLLECTED,OUT,OUT,OUT,完整题-选择题照收,E3,逐题已匹配参考答案,,,,,,BJ-2024-CY-YIMO-Q15,2026-09-24-attribution-v3,classify.py:classified_prod.jsonl+matrix.csv+exam_identity.json+skill_overrides.json,no
BJ-2024-CY-YIMO-Q16,BJ-2024-CY-YIMO-Q16,BJ-2024-CY-YIMO,BJ-2024-CY-YIMO,16,主观题,,整题,1b529aa7cee65417,不明,MAYBE,MAYBE,COLLECTED,COLLECTED,MAYBE,MAYBE,MAYBE,MAYBE,MAYBE,完整题-有E1,E1,逐题已匹配正式评分材料,,,,,,BJ-2024-CY-YIMO-Q16,2026-09-24-attribution-v3,classify.py:classified_prod.jsonl+matrix.csv+exam_identity.json+skill_overrides.json,no
BJ-2024-CY-YIMO-Q17,BJ-2024-CY-YIMO-Q17,BJ-2024-CY-YIMO,BJ-2024-CY-YIMO,17,主观题,,整题,ebb6a402c5ba6a4b,倾向,OUT,COLLECTED,MAYBE,OUT,OUT,MAYBE,OUT,OUT,OUT,完整题-有E1,E1,逐题已匹配正式评分材料,,,,,,BJ-2024-CY-YIMO-Q17,2026-09-24-attribution-v3,classify.py:classified_prod.jsonl+matrix.csv+exam_identity.json+skill_overrides.json,no
BJ-2024-CY-YIMO-Q18#1,BJ-2024-CY-YIMO-Q18,BJ-2024-CY-YIMO,BJ-2024-CY-YIMO,18,主观题,1,小问,c0c46b16358e9420,不明,OUT,MAYBE,COLLECTED,MAYBE,MAYBE,MAYBE,MAYBE,OUT,OUT,完整题-有E1,E1,逐题已匹配正式评分材料,,,,,,BJ-2024-CY-YIMO-Q18,2026-09-24-attribution-v3,classify.py:classified_prod.jsonl+matrix.csv+exam_identity.json+skill_overrides.json,no
BJ-2024-CY-YIMO-Q18#2,BJ-2024-CY-YIMO-Q18,BJ-2024-CY-YIMO,BJ-2024-CY-YIMO,18,主观题,2,小问,3b8f3679acdc7458,不明,OUT,MAYBE,COLLECTED,IN,MAYBE,MAYBE,MAYBE,OUT,OUT,完整题-有E1,E1,逐题已匹配正式评分材料,,,,,,BJ-2024-CY-YIMO-Q18,2026-09-24-attribution-v3,classify.py:classified_prod.jsonl+matrix.csv+exam_identity.json+skill_overrides.json,no
BJ-2024-CY-YIMO-Q19,BJ-2024-CY-YIMO-Q19,BJ-2024-CY-YIMO,BJ-2024-CY-YIMO,19,主观题,,整题,eb7667252c0e2c83,倾向,OUT,COLLECTED,MAYBE,MAYBE,MAYBE,OUT,COLLECTED,OUT,OUT,完整题-有E1,E1,逐题已匹配正式评分材料,,,,,,BJ-2024-CY-YIMO-Q19,2026-09-24-attribution-v3,classify.py:classified_prod.jsonl+matrix.csv+exam_identity.json+skill_overrides.json,no
BJ-2024-CY-YIMO-Q20#1,BJ-2024-CY-YIMO-Q20,BJ-2024-CY-YIMO,BJ-2024-CY-YIMO,20,主观题,1,小问,ae6f25571fbd613e,确定,OUT,OUT,OUT,OUT,OUT,OUT,OUT,OUT,COLLECTED,完整题-有E1,E1,逐题已匹配正式评分材料,,,,,,BJ-2024-CY-YIMO-Q20,2026-09-24-attribution-v3,classify.py:classified_prod.jsonl+matrix.csv+exam_identity.json+skill_overrides.json,no
BJ-2024-CY-YIMO-Q20#2,BJ-2024-CY-YIMO-Q20,BJ-2024-CY-YIMO,BJ-2024-CY-YIMO,20,主观题,2,小问,9825a10024b31f06,确定,OUT,OUT,OUT,OUT,OUT,OUT,OUT,OUT,COLLECTED,完整题-有E1,E1,逐题已匹配正式评分材料,,,,,,BJ-2024-CY-YIMO-Q20,2026-09-24-attribution-v3,classify.py:classified_prod.jsonl+matrix.csv+exam_identity.json+skill_overrides.json,no
BJ-2024-CY-YIMO-Q21,BJ-2024-CY-YIMO-Q21,BJ-2024-CY-YIMO,BJ-2024-CY-YIMO,21,主观题,,整题,83ed0c8c5570d1d8,倾向,OUT,COLLECTED,OUT,OUT,OUT,MAYBE,OUT,OUT,OUT,完整题-有E1,E1,逐题已匹配正式评分材料,,,,,,BJ-2024-CY-YIMO-Q21,2026-09-24-attribution-v3,classify.py:classified_prod.jsonl+matrix.csv+exam_identity.json+skill_overrides.json,no
BJ-2023-DC-ERMO-Q1,BJ-2023-DC-ERMO-Q1,BJ-2023-DC-ERMO,BJ-2023-DC-ERMO,1,选择题,,整题,66d4b5427b6f59d1,倾向,IN,COLLECTED,IN,MAYBE,MAYBE,OUT,OUT,OUT,OUT,完整题-选择题照收,E3,逐题已匹配参考答案,,,,,,BJ-2023-DC-ERMO-Q1,2026-09-24-attribution-v3,classify.py:classified_prod.jsonl+matrix.csv+exam_identity.json+skill_overrides.json,no
BJ-2023-DC-ERMO-Q2,BJ-2023-DC-ERMO-Q2,BJ-2023-DC-ERMO,BJ-2023-DC-ERMO,2,选择题,,整题,ab16ad7cdd1b211c,不明,MAYBE,COLLECTED,MAYBE,MAYBE,MAYBE,OUT,OUT,OUT,MAYBE,完整题-选择题照收,E3,逐题已匹配参考答案,,,,,,BJ-2023-DC-ERMO-Q2,2026-09-24-attribution-v3,classify.py:classified_prod.jsonl+matrix.csv+exam_identity.json+skill_overrides.json,no
BJ-2023-DC-ERMO-Q3,BJ-2023-DC-ERMO-Q3,BJ-2023-DC-ERMO,BJ-2023-DC-ERMO,3,选择题,,整题,b9441ab0302690c6,不明,OUT,MAYBE,IN,MAYBE,MAYBE,MAYBE,OUT,MAYBE,MAYBE,完整题-选择题照收,E3,逐题已匹配参考答案,,,,,,BJ-2023-DC-ERMO-Q3,2026-09-24-attribution-v3,classify.py:classified_prod.jsonl+matrix.csv+exam_identity.json+skill_overrides.json,no
BJ-2023-DC-ERMO-Q4,BJ-2023-DC-ERMO-Q4,BJ-2023-DC-ERMO,BJ-2023-DC-ERMO,4,选择题,,整题,f05a3de89dbdbc85,不明,OUT,MAYBE,MAYBE,MAYBE,MAYBE,OUT,OUT,MAYBE,MAYBE,完整题-选择题照收,E3,逐题已匹配参考答案,,,,,,BJ-2023-DC-ERMO-Q4,2026-09-24-attribution-v3,classify.py:classified_prod.jsonl+matrix.csv+exam_identity.json+skill_overrides.json,no
BJ-2023-DC-ERMO-Q5,BJ-2023-DC-ERMO-Q5,BJ-2023-DC-ERMO,BJ-2023-DC-ERMO,5,选择题,,整题,5486dbcae11a34a1,不明,OUT,MAYBE,MAYBE,MAYBE,MAYBE,OUT,OUT,MAYBE,MAYBE,完整题-选择题照收,E3,逐题已匹配参考答案,,,,,,BJ-2023-DC-ERMO-Q5,2026-09-24-attribution-v3,classify.py:classified_prod.jsonl+matrix.csv+exam_identity.json+skill_overrides.json,no
BJ-2023-DC-ERMO-Q6,BJ-2023-DC-ERMO-Q6,BJ-2023-DC-ERMO,BJ-2023-DC-ERMO,6,选择题,,整题,111d5de635d90409,不明,OUT,COLLECTED,MAYBE,MAYBE,MAYBE,OUT,OUT,MAYBE,MAYBE,完整题-选择题照收,E3,逐题已匹配参考答案,,,,,,BJ-2023-DC-ERMO-Q6,2026-09-24-attribution-v3,classify.py:classified_prod.jsonl+matrix.csv+exam_identity.json+skill_overrides.json,no
BJ-2023-DC-ERMO-Q7,BJ-2023-DC-ERMO-Q7,BJ-2023-DC-ERMO,BJ-2023-DC-ERMO,7,选择题,,整题,a4da475fe185a35f,不明,OUT,COLLECTED,MAYBE,MAYBE,MAYBE,OUT,OUT,MAYBE,MAYBE,完整题-选择题照收,E3,逐题已匹配参考答案,,,,,,BJ-2023-DC-ERMO-Q7,2026-09-24-attribution-v3,classify.py:classified_prod.jsonl+matrix.csv+exam_identity.json+skill_overrides.json,no
BJ-2023-DC-ERMO-Q8,BJ-2023-DC-ERMO-Q8,BJ-2023-DC-ERMO,BJ-2023-DC-ERMO,8,选择题,,整题,28e3b189c7900159,倾向,OUT,MAYBE,COLLECTED,MAYBE,OUT,OUT,OUT,OUT,OUT,完整题-选择题照收,E3,逐题已匹配参考答案,,,,,,BJ-2023-DC-ERMO-Q8,2026-09-24-attribution-v3,classify.py:classified_prod.jsonl+matrix.csv+exam_identity.json+skill_overrides.json,no
BJ-2023-DC-ERMO-Q9,BJ-2023-DC-ERMO-Q9,BJ-2023-DC-ERMO,BJ-2023-DC-ERMO,9,选择题,,整题,814e15986387ca14,不明,MAYBE,MAYBE,COLLECTED,MAYBE,MAYBE,OUT,MAYBE,OUT,OUT,完整题-选择题照收,E3,逐题已匹配参考答案,,,,,,BJ-2023-DC-ERMO-Q9,2026-09-24-attribution-v3,classify.py:classified_prod.jsonl+matrix.csv+exam_identity.json+skill_overrides.json,no
BJ-2023-DC-ERMO-Q10,BJ-2023-DC-ERMO-Q10,BJ-2023-DC-ERMO,BJ-2023-DC-ERMO,10,选择题,,整题,5a7b74485e4fa95a,倾向,OUT,MAYBE,COLLECTED,OUT,OUT,MAYBE,IN,OUT,OUT,完整题-选择题照收,E3,逐题已匹配参考答案,,,,,,BJ-2023-DC-ERMO-Q10,2026-09-24-attribution-v3,classify.py:classified_prod.jsonl+matrix.csv+exam_identity.json+skill_overrides.json,no
BJ-2023-DC-ERMO-Q11,BJ-2023-DC-ERMO-Q11,BJ-2023-DC-ERMO,BJ-2023-DC-ERMO,11,选择题,,整题,d394f95e4ac82b80,倾向,OUT,COLLECTED,MAYBE,OUT,OUT,MAYBE,IN,OUT,OUT,完整题-选择题照收,E3,逐题已匹配参考答案,,,,,,BJ-2023-DC-ERMO-Q11,2026-09-24-attribution-v3,classify.py:classified_prod.jsonl+matrix.csv+exam_identity.json+skill_overrides.json,no
BJ-2023-DC-ERMO-Q12,BJ-2023-DC-ERMO-Q12,BJ-2023-DC-ERMO,BJ-2023-DC-ERMO,12,选择题,,整题,bd16c8779946c995,倾向,OUT,COLLECTED,MAYBE,OUT,OUT,OUT,IN,MAYBE,MAYBE,完整题-选择题照收,E3,逐题已匹配参考答案,,,,,,BJ-2023-DC-ERMO-Q12,2026-09-24-attribution-v3,classify.py:classified_prod.jsonl+matrix.csv+exam_identity.json+skill_overrides.json,no
BJ-2023-DC-ERMO-Q13,BJ-2023-DC-ERMO-Q13,BJ-2023-DC-ERMO,BJ-2023-DC-ERMO,13,选择题,,整题,99db1a869f9478d7,不明,OUT,MAYBE,MAYBE,OUT,OUT,MAYBE,MAYBE,MAYBE,MAYBE,完整题-选择题照收,E3,逐题已匹配参考答案,,,,,,BJ-2023-DC-ERMO-Q13,2026-09-24-attribution-v3,classify.py:classified_prod.jsonl+matrix.csv+exam_identity.json+skill_overrides.json,no
BJ-2023-DC-ERMO-Q14,BJ-2023-DC-ERMO-Q14,BJ-2023-DC-ERMO,BJ-2023-DC-ERMO,14,选择题,,整题,d216c4c0d2c49419,不明,MAYBE,MAYBE,MAYBE,MAYBE,OUT,MAYBE,OUT,MAYBE,MAYBE,完整题-选择题照收,E3,逐题已匹配参考答案,,,,,,BJ-2023-DC-ERMO-Q14,2026-09-24-attribution-v3,classify.py:classified_prod.jsonl+matrix.csv+exam_identity.json+skill_overrides.json,no
BJ-2023-DC-ERMO-Q15,BJ-2023-DC-ERMO-Q15,BJ-2023-DC-ERMO,BJ-2023-DC-ERMO,15,选择题,,整题,7fb869e15294ac8d,不明,MAYBE,MAYBE,MAYBE,OUT,MAYBE,MAYBE,MAYBE,MAYBE,IN,完整题-选择题照收,E3,逐题已匹配参考答案,,,,,,BJ-2023-DC-ERMO-Q15,2026-09-24-attribution-v3,classify.py:classified_prod.jsonl+matrix.csv+exam_identity.json+skill_overrides.json,no
BJ-2023-DC-ERMO-Q16,BJ-2023-DC-ERMO-Q16,BJ-2023-DC-ERMO,BJ-2023-DC-ERMO,16,主观题,,整题,1e304a8770dc3581,倾向,OUT,OUT,OUT,MAYBE,IN,OUT,MAYBE,OUT,MAYBE,完整题-有E1,E1,逐题已匹配正式评分材料,,,,,,BJ-2023-DC-ERMO-Q16,2026-09-24-attribution-v3,classify.py:classified_prod.jsonl+matrix.csv+exam_identity.json+skill_overrides.json,no
BJ-2023-DC-ERMO-Q17,BJ-2023-DC-ERMO-Q17,BJ-2023-DC-ERMO,BJ-2023-DC-ERMO,17,主观题,,整题,01165b72192c4822,不明,OUT,MAYBE,OUT,MAYBE,OUT,OUT,MAYBE,MAYBE,MAYBE,不收-无E1,E3,逐题已匹配参考答案,,,,,,BJ-2023-DC-ERMO-Q17,2026-09-24-attribution-v3,classify.py:classified_prod.jsonl+matrix.csv+exam_identity.json+skill_overrides.json,no
BJ-2023-DC-ERMO-Q18#1,BJ-2023-DC-ERMO-Q18,BJ-2023-DC-ERMO,BJ-2023-DC-ERMO,18,主观题,1,小问,9ed6eec5a4e78bb7,倾向,OUT,IN,MAYBE,MAYBE,OUT,OUT,MAYBE,OUT,OUT,不收-无E1,E3,逐题已匹配参考答案,,,,,,BJ-2023-DC-ERMO-Q18,2026-09-24-attribution-v3,classify.py:classified_prod.jsonl+matrix.csv+exam_identity.json+skill_overrides.json,no
BJ-2023-DC-ERMO-Q18#2,BJ-2023-DC-ERMO-Q18,BJ-2023-DC-ERMO,BJ-2023-DC-ERMO,18,主观题,2,小问,e12b8d795f5bc6c9,不明,MAYBE,MAYBE,MAYBE,MAYBE,MAYBE,MAYBE,MAYBE,MAYBE,MAYBE,不收-无E1,E3,逐题已匹配参考答案,,,,,,BJ-2023-DC-ERMO-Q18,2026-09-24-attribution-v3,classify.py:classified_prod.jsonl+matrix.csv+exam_identity.json+skill_overrides.json,no
BJ-2023-DC-ERMO-Q19#1,BJ-2023-DC-ERMO-Q19,BJ-2023-DC-ERMO,BJ-2023-DC-ERMO,19,主观题,1,小问,1a5e36eaf86a46ba,不明,MAYBE,OUT,IN,MAYBE,OUT,MAYBE,MAYBE,OUT,OUT,不收-无E1,E3,逐题已匹配参考答案,,,,,,BJ-2023-DC-ERMO-Q19,2026-09-24-attribution-v3,classify.py:classified_prod.jsonl+matrix.csv+exam_identity.json+skill_overrides.json,no
BJ-2023-DC-ERMO-Q19#2,BJ-2023-DC-ERMO-Q19,BJ-2023-DC-ERMO,BJ-2023-DC-ERMO,19,主观题,2,小问,2549a936dc1c38b5,不明,MAYBE,OUT,MAYBE,MAYBE,OUT,MAYBE,MAYBE,OUT,OUT,不收-无E1,E3,逐题已匹配参考答案,,,,,,BJ-2023-DC-ERMO-Q19,2026-09-24-attribution-v3,classify.py:classified_prod.jsonl+matrix.csv+exam_identity.json+skill_overrides.json,no
BJ-2023-DC-ERMO-Q19#3,BJ-2023-DC-ERMO-Q19,BJ-2023-DC-ERMO,BJ-2023-DC-ERMO,19,主观题,3,小问,aab08f26bde4ccbc,不明,MAYBE,OUT,MAYBE,MAYBE,OUT,MAYBE,MAYBE,OUT,OUT,不收-无E1,E3,逐题已匹配参考答案,,,,,,BJ-2023-DC-ERMO-Q19,2026-09-24-attribution-v3,classify.py:classified_prod.jsonl+matrix.csv+exam_identity.json+skill_overrides.json,no
BJ-2023-DC-ERMO-Q20,BJ-2023-DC-ERMO-Q20,BJ-2023-DC-ERMO,BJ-2023-DC-ERMO,20,主观题,,整题,fd1768417b9559e5,倾向,OUT,MAYBE,OUT,OUT,OUT,IN,MAYBE,OUT,OUT,不收-无E1,E3,逐题已匹配参考答案,,,,,,BJ-2023-DC-ERMO-Q20,2026-09-24-attribution-v3,classify.py:classified_prod.jsonl+matrix.csv+exam_identity.json+skill_overrides.json,no
BJ-2023-DC-ERMO-Q21,BJ-2023-DC-ERMO-Q21,BJ-2023-DC-ERMO,BJ-2023-DC-ERMO,21,主观题,,整题,b854183082b1e8b8,不明,MAYBE,MAYBE,COLLECTED,MAYBE,MAYBE,MAYBE,MAYBE,MAYBE,MAYBE,完整题-有E1,E1,逐题已匹配正式评分材料,,,,,,BJ-2023-DC-ERMO-Q21,2026-09-24-attribution-v3,classify.py:classified_prod.jsonl+matrix.csv+exam_identity.json+skill_overrides.json,no
BJ-2023-BJ-GAOKAO-Q1,BJ-2023-BJ-GAOKAO-Q1,BJ-2023-BJ-GAOKAO,BJ-2023-BJ-GAOKAO,1,选择题,,整题,bec11f64aa7c90ab,不明,MAYBE,MAYBE,MAYBE,MAYBE,COLLECTED,OUT,OUT,OUT,OUT,完整题-选择题照收,E3,逐题已匹配参考答案,,,,,,BJ-2023-BJ-GAOKAO-Q1,2026-09-24-attribution-v3,classify.py:classified_prod.jsonl+matrix.csv+exam_identity.json+skill_overrides.json,no
BJ-2023-BJ-GAOKAO-Q2,BJ-2023-BJ-GAOKAO-Q2,BJ-2023-BJ-GAOKAO,BJ-2023-BJ-GAOKAO,2,选择题,,整题,8138db6c01355dff,倾向,MAYBE,IN,MAYBE,COLLECTED,MAYBE,OUT,OUT,OUT,OUT,完整题-选择题照收,E3,逐题已匹配参考答案,,,,,,BJ-2023-BJ-GAOKAO-Q2,2026-09-24-attribution-v3,classify.py:classified_prod.jsonl+matrix.csv+exam_identity.json+skill_overrides.json,no
BJ-2023-BJ-GAOKAO-Q3,BJ-2023-BJ-GAOKAO-Q3,BJ-2023-BJ-GAOKAO,BJ-2023-BJ-GAOKAO,3,选择题,,整题,94b047b453382d6f,不明,OUT,COLLECTED,MAYBE,COLLECTED,MAYBE,OUT,OUT,MAYBE,MAYBE,完整题-选择题照收,E3,逐题已匹配参考答案,,,,,,BJ-2023-BJ-GAOKAO-Q3,2026-09-24-attribution-v3,classify.py:classified_prod.jsonl+matrix.csv+exam_identity.json+skill_overrides.json,no
BJ-2023-BJ-GAOKAO-Q4,BJ-2023-BJ-GAOKAO-Q4,BJ-2023-BJ-GAOKAO,BJ-2023-BJ-GAOKAO,4,选择题,,整题,6d9502f6cd645e8e,不明,OUT,MAYBE,MAYBE,MAYBE,COLLECTED,OUT,OUT,MAYBE,OUT,完整题-选择题照收,E3,逐题已匹配参考答案,,,,,,BJ-2023-BJ-GAOKAO-Q4,2026-09-24-attribution-v3,classify.py:classified_prod.jsonl+matrix.csv+exam_identity.json+skill_overrides.json,no
BJ-2023-BJ-GAOKAO-Q5,BJ-2023-BJ-GAOKAO-Q5,BJ-2023-BJ-GAOKAO,BJ-2023-BJ-GAOKAO,5,选择题,,整题,fe627677fb96ab45,不明,OUT,MAYBE,MAYBE,COLLECTED,MAYBE,OUT,OUT,MAYBE,MAYBE,完整题-选择题照收,E3,逐题已匹配参考答案,,,,,,BJ-2023-BJ-GAOKAO-Q5,2026-09-24-attribution-v3,classify.py:classified_prod.jsonl+matrix.csv+exam_identity.json+skill_overrides.json,no
BJ-2023-BJ-GAOKAO-Q6,BJ-2023-BJ-GAOKAO-Q6,BJ-2023-BJ-GAOKAO,BJ-2023-BJ-GAOKAO,6,选择题,,整题,5d81d31f57c65e9e,不明,OUT,MAYBE,MAYBE,MAYBE,MAYBE,OUT,OUT,COLLECTED,MAYBE,完整题-选择题照收,E3,逐题已匹配参考答案,,,,,,BJ-2023-BJ-GAOKAO-Q6,2026-09-24-attribution-v3,classify.py:classified_prod.jsonl+matrix.csv+exam_identity.json+skill_overrides.json,no
BJ-2023-BJ-GAOKAO-Q7,BJ-2023-BJ-GAOKAO-Q7,BJ-2023-BJ-GAOKAO,BJ-2023-BJ-GAOKAO,7,选择题,,整题,60a50644aa2ce221,不明,OUT,MAYBE,MAYBE,MAYBE,MAYBE,OUT,OUT,MAYBE,COLLECTED,完整题-选择题照收,E3,逐题已匹配参考答案,,,,,,BJ-2023-BJ-GAOKAO-Q7,2026-09-24-attribution-v3,classify.py:classified_prod.jsonl+matrix.csv+exam_identity.json+skill_overrides.json,no
BJ-2023-BJ-GAOKAO-Q8,BJ-2023-BJ-GAOKAO-Q8,BJ-2023-BJ-GAOKAO,BJ-2023-BJ-GAOKAO,8,选择题,,整题,48c9cd9538f5eff7,不明,OUT,MAYBE,COLLECTED,MAYBE,MAYBE,OUT,OUT,OUT,MAYBE,完整题-选择题照收,E3,逐题已匹配参考答案,,,,,,BJ-2023-BJ-GAOKAO-Q8,2026-09-24-attribution-v3,classify.py:classified_prod.jsonl+matrix.csv+exam_identity.json+skill_overrides.json,no
BJ-2023-BJ-GAOKAO-Q9,BJ-2023-BJ-GAOKAO-Q9,BJ-2023-BJ-GAOKAO,BJ-2023-BJ-GAOKAO,9,选择题,,整题,36d1ccd9fb5b40b5,不明,OUT,MAYBE,COLLECTED,MAYBE,MAYBE,OUT,MAYBE,OUT,MAYBE,完整题-选择题照收,E3,逐题已匹配参考答案,,,,,,BJ-2023-BJ-GAOKAO-Q9,2026-09-24-attribution-v3,classify.py:classified_prod.jsonl+matrix.csv+exam_identity.json+skill_overrides.json,no
BJ-2023-BJ-GAOKAO-Q10,BJ-2023-BJ-GAOKAO-Q10,BJ-2023-BJ-GAOKAO,BJ-2023-BJ-GAOKAO,10,选择题,,整题,59c968ec097d3390,倾向,OUT,MAYBE,MAYBE,OUT,OUT,OUT,COLLECTED,OUT,OUT,完整题-选择题照收,E3,逐题已匹配参考答案,,,,,,BJ-2023-BJ-GAOKAO-Q10,2026-09-24-attribution-v3,classify.py:classified_prod.jsonl+matrix.csv+exam_identity.json+skill_overrides.json,no
BJ-2023-BJ-GAOKAO-Q11,BJ-2023-BJ-GAOKAO-Q11,BJ-2023-BJ-GAOKAO,BJ-2023-BJ-GAOKAO,11,选择题,,整题,7d189d97928df7ed,倾向,OUT,MAYBE,COLLECTED,OUT,OUT,OUT,COLLECTED,OUT,MAYBE,完整题-选择题照收,E3,逐题已匹配参考答案,,,,,,BJ-2023-BJ-GAOKAO-Q11,2026-09-24-attribution-v3,classify.py:classified_prod.jsonl+matrix.csv+exam_identity.json+skill_overrides.json,no
BJ-2023-BJ-GAOKAO-Q12,BJ-2023-BJ-GAOKAO-Q12,BJ-2023-BJ-GAOKAO,BJ-2023-BJ-GAOKAO,12,选择题,,整题,8f8d435958735ffa,倾向,OUT,COLLECTED,MAYBE,OUT,OUT,OUT,MAYBE,OUT,OUT,完整题-选择题照收,E3,逐题已匹配参考答案,,,,,,BJ-2023-BJ-GAOKAO-Q12,2026-09-24-attribution-v3,classify.py:classified_prod.jsonl+matrix.csv+exam_identity.json+skill_overrides.json,no
BJ-2023-BJ-GAOKAO-Q13,BJ-2023-BJ-GAOKAO-Q13,BJ-2023-BJ-GAOKAO,BJ-2023-BJ-GAOKAO,13,选择题,,整题,01fafee4d8ea74da,倾向,OUT,COLLECTED,MAYBE,OUT,OUT,OUT,MAYBE,OUT,MAYBE,完整题-选择题照收,E3,逐题已匹配参考答案,,,,,,BJ-2023-BJ-GAOKAO-Q13,2026-09-24-attribution-v3,classify.py:classified_prod.jsonl+matrix.csv+exam_identity.json+skill_overrides.json,no
BJ-2023-BJ-GAOKAO-Q14,BJ-2023-BJ-GAOKAO-Q14,BJ-2023-BJ-GAOKAO,BJ-2023-BJ-GAOKAO,14,选择题,,整题,7efdec5f9f5265c5,不明,MAYBE,MAYBE,MAYBE,OUT,OUT,COLLECTED,MAYBE,OUT,MAYBE,完整题-选择题照收,E3,逐题已匹配参考答案,,,,,,BJ-2023-BJ-GAOKAO-Q14,2026-09-24-attribution-v3,classify.py:classified_prod.jsonl+matrix.csv+exam_identity.json+skill_overrides.json,no
BJ-2023-BJ-GAOKAO-Q15,BJ-2023-BJ-GAOKAO-Q15,BJ-2023-BJ-GAOKAO,BJ-2023-BJ-GAOKAO,15,选择题,,整题,600472f612c32298,倾向,MAYBE,MAYBE,MAYBE,OUT,OUT,COLLECTED,OUT,OUT,OUT,完整题-选择题照收,E3,逐题已匹配参考答案,,,,,,BJ-2023-BJ-GAOKAO-Q15,2026-09-24-attribution-v3,classify.py:classified_prod.jsonl+matrix.csv+exam_identity.json+skill_overrides.json,no
BJ-2023-BJ-GAOKAO-Q16,BJ-2023-BJ-GAOKAO-Q16,BJ-2023-BJ-GAOKAO,BJ-2023-BJ-GAOKAO,16,主观题,,整题,abca0ae177fac73f,倾向,OUT,OUT,OUT,COLLECTED,MAYBE,OUT,OUT,MAYBE,MAYBE,完整题-有E1,E1,逐题已匹配正式评分材料,,,,,,BJ-2023-BJ-GAOKAO-Q16,2026-09-24-attribution-v3,classify.py:classified_prod.jsonl+matrix.csv+exam_identity.json+skill_overrides.json,no
BJ-2023-BJ-GAOKAO-Q17,BJ-2023-BJ-GAOKAO-Q17,BJ-2023-BJ-GAOKAO,BJ-2023-BJ-GAOKAO,17,主观题,,整题,b0a4a9562f473a19,不明,OUT,OUT,MAYBE,MAYBE,MAYBE,MAYBE,COLLECTED,MAYBE,MAYBE,完整题-有E1,E1,逐题已匹配正式评分材料,,,,,,BJ-2023-BJ-GAOKAO-Q17,2026-09-24-attribution-v3,classify.py:classified_prod.jsonl+matrix.csv+exam_identity.json+skill_overrides.json,no
BJ-2023-BJ-GAOKAO-Q18#1,BJ-2023-BJ-GAOKAO-Q18,BJ-2023-BJ-GAOKAO,BJ-2023-BJ-GAOKAO,18,主观题,1,小问,f32e5f68438ed240,不明,OUT,OUT,COLLECTED,MAYBE,MAYBE,MAYBE,COLLECTED,MAYBE,COLLECTED,完整题-有E1,E1,逐题已匹配正式评分材料,,,,,,BJ-2023-BJ-GAOKAO-Q18,2026-09-24-attribution-v3,classify.py:classified_prod.jsonl+matrix.csv+exam_identity.json+skill_overrides.json,no
BJ-2023-BJ-GAOKAO-Q18#2,BJ-2023-BJ-GAOKAO-Q18,BJ-2023-BJ-GAOKAO,BJ-2023-BJ-GAOKAO,18,主观题,2,小问,1da666ad3edc7977,不明,OUT,OUT,COLLECTED,MAYBE,MAYBE,MAYBE,COLLECTED,MAYBE,COLLECTED,完整题-有E1,E1,逐题已匹配正式评分材料,,,,,,BJ-2023-BJ-GAOKAO-Q18,2026-09-24-attribution-v3,classify.py:classified_prod.jsonl+matrix.csv+exam_identity.json+skill_overrides.json,no
BJ-2023-BJ-GAOKAO-Q18#3,BJ-2023-BJ-GAOKAO-Q18,BJ-2023-BJ-GAOKAO,BJ-2023-BJ-GAOKAO,18,主观题,3,小问,4a1a59c9adc9e1ac,不明,OUT,OUT,COLLECTED,MAYBE,MAYBE,MAYBE,COLLECTED,MAYBE,COLLECTED,完整题-有E1,E1,逐题已匹配正式评分材料,,,,,,BJ-2023-BJ-GAOKAO-Q18,2026-09-24-attribution-v3,classify.py:classified_prod.jsonl+matrix.csv+exam_identity.json+skill_overrides.json,no
BJ-2023-BJ-GAOKAO-Q19#1,BJ-2023-BJ-GAOKAO-Q19,BJ-2023-BJ-GAOKAO,BJ-2023-BJ-GAOKAO,19,主观题,1,小问,195192c8412e53e6,倾向,OUT,COLLECTED,OUT,OUT,OUT,MAYBE,OUT,OUT,MAYBE,完整题-有E1,E1,逐题已匹配正式评分材料,,,,,,BJ-2023-BJ-GAOKAO-Q19,2026-09-24-attribution-v3,classify.py:classified_prod.jsonl+matrix.csv+exam_identity.json+skill_overrides.json,no
BJ-2023-BJ-GAOKAO-Q19#2,BJ-2023-BJ-GAOKAO-Q19,BJ-2023-BJ-GAOKAO,BJ-2023-BJ-GAOKAO,19,主观题,2,小问,74b30f905d460953,倾向,OUT,COLLECTED,OUT,OUT,OUT,IN,OUT,OUT,MAYBE,完整题-有E1,E1,逐题已匹配正式评分材料,,,,,,BJ-2023-BJ-GAOKAO-Q19,2026-09-24-attribution-v3,classify.py:classified_prod.jsonl+matrix.csv+exam_identity.json+skill_overrides.json,no
BJ-2023-BJ-GAOKAO-Q20,BJ-2023-BJ-GAOKAO-Q20,BJ-2023-BJ-GAOKAO,BJ-2023-BJ-GAOKAO,20,主观题,,整题,4a72d9a911890071,不明,MAYBE,COLLECTED,COLLECTED,MAYBE,COLLECTED,MAYBE,OUT,MAYBE,MAYBE,完整题-有E1,E1,逐题已匹配正式评分材料,,,,,,BJ-2023-BJ-GAOKAO-Q20,2026-09-24-attribution-v3,classify.py:classified_prod.jsonl+matrix.csv+exam_identity.json+skill_overrides.json,no
BJ-2024-CY-ERMO-Q1,BJ-2024-CY-ERMO-Q1,BJ-2024-CY-ERMO,BJ-2024-CY-ERMO,1,选择题,,整题,2528ed1ef71cd6c1,倾向,IN,MAYBE,COLLECTED,COLLECTED,MAYBE,OUT,OUT,OUT,OUT,完整题-选择题照收,E3,逐题已匹配参考答案,,,,,,BJ-2024-CY-ERMO-Q1,2026-09-24-attribution-v3,classify.py:classified_prod.jsonl+matrix.csv+exam_identity.json+skill_overrides.json,no
BJ-2024-CY-ERMO-Q2,BJ-2024-CY-ERMO-Q2,BJ-2024-CY-ERMO,BJ-2024-CY-ERMO,2,选择题,,整题,3d2d3ebe2ff38a11,倾向,OUT,COLLECTED,MAYBE,COLLECTED,MAYBE,OUT,OUT,OUT,MAYBE,完整题-选择题照收,E3,逐题已匹配参考答案,,,,,,BJ-2024-CY-ERMO-Q2,2026-09-24-attribution-v3,classify.py:classified_prod.jsonl+matrix.csv+exam_identity.json+skill_overrides.json,no
BJ-2024-CY-ERMO-Q3,BJ-2024-CY-ERMO-Q3,BJ-2024-CY-ERMO,BJ-2024-CY-ERMO,3,选择题,,整题,c36e72630040b83d,不明,OUT,IN,MAYBE,MAYBE,COLLECTED,OUT,OUT,MAYBE,MAYBE,完整题-选择题照收,E3,逐题已匹配参考答案,,,,,,BJ-2024-CY-ERMO-Q3,2026-09-24-attribution-v3,classify.py:classified_prod.jsonl+matrix.csv+exam_identity.json+skill_overrides.json,no
BJ-2024-CY-ERMO-Q4,BJ-2024-CY-ERMO-Q4,BJ-2024-CY-ERMO,BJ-2024-CY-ERMO,4,选择题,,整题,9852c819c1abb8bb,不明,OUT,MAYBE,MAYBE,MAYBE,COLLECTED,OUT,OUT,MAYBE,MAYBE,完整题-选择题照收,E3,逐题已匹配参考答案,,,,,,BJ-2024-CY-ERMO-Q4,2026-09-24-attribution-v3,classify.py:classified_prod.jsonl+matrix.csv+exam_identity.json+skill_overrides.json,no
BJ-2024-CY-ERMO-Q5,BJ-2024-CY-ERMO-Q5,BJ-2024-CY-ERMO,BJ-2024-CY-ERMO,5,选择题,,整题,8df423f2b7afa54d,不明,OUT,COLLECTED,MAYBE,MAYBE,MAYBE,OUT,OUT,MAYBE,MAYBE,完整题-选择题照收,E3,逐题已匹配参考答案,,,,,,BJ-2024-CY-ERMO-Q5,2026-09-24-attribution-v3,classify.py:classified_prod.jsonl+matrix.csv+exam_identity.json+skill_overrides.json,no
BJ-2024-CY-ERMO-Q6,BJ-2024-CY-ERMO-Q6,BJ-2024-CY-ERMO,BJ-2024-CY-ERMO,6,选择题,,整题,c91be82851eb1009,倾向,OUT,COLLECTED,MAYBE,COLLECTED,MAYBE,OUT,OUT,MAYBE,COLLECTED,完整题-选择题照收,E3,逐题已匹配参考答案,,,,,,BJ-2024-CY-ERMO-Q6,2026-09-24-attribution-v3,classify.py:classified_prod.jsonl+matrix.csv+exam_identity.json+skill_overrides.json,no
BJ-2024-CY-ERMO-Q7,BJ-2024-CY-ERMO-Q7,BJ-2024-CY-ERMO,BJ-2024-CY-ERMO,7,选择题,,整题,7268a87e3b1c9ab0,不明,OUT,MAYBE,MAYBE,MAYBE,MAYBE,OUT,OUT,IN,COLLECTED,完整题-选择题照收,E3,逐题已匹配参考答案,,,,,,BJ-2024-CY-ERMO-Q7,2026-09-24-attribution-v3,classify.py:classified_prod.jsonl+matrix.csv+exam_identity.json+skill_overrides.json,no
BJ-2024-CY-ERMO-Q8,BJ-2024-CY-ERMO-Q8,BJ-2024-CY-ERMO,BJ-2024-CY-ERMO,8,选择题,,整题,fb0cff45325992c0,倾向,OUT,IN,COLLECTED,MAYBE,OUT,OUT,OUT,OUT,OUT,完整题-选择题照收,E3,逐题已匹配参考答案,,,,,,BJ-2024-CY-ERMO-Q8,2026-09-24-attribution-v3,classify.py:classified_prod.jsonl+matrix.csv+exam_identity.json+skill_overrides.json,no
BJ-2024-CY-ERMO-Q9,BJ-2024-CY-ERMO-Q9,BJ-2024-CY-ERMO,BJ-2024-CY-ERMO,9,选择题,,整题,6cd179a68c6a5e40,不明,OUT,MAYBE,COLLECTED,MAYBE,MAYBE,OUT,MAYBE,OUT,OUT,完整题-选择题照收,E3,逐题已匹配参考答案,,,,,,BJ-2024-CY-ERMO-Q9,2026-09-24-attribution-v3,classify.py:classified_prod.jsonl+matrix.csv+exam_identity.json+skill_overrides.json,no
BJ-2024-CY-ERMO-Q10,BJ-2024-CY-ERMO-Q10,BJ-2024-CY-ERMO,BJ-2024-CY-ERMO,10,选择题,,整题,a08cdeecb1226fbf,倾向,OUT,MAYBE,COLLECTED,OUT,OUT,OUT,MAYBE,OUT,OUT,完整题-选择题照收,E3,逐题已匹配参考答案,,,,,,BJ-2024-CY-ERMO-Q10,2026-09-24-attribution-v3,classify.py:classified_prod.jsonl+matrix.csv+exam_identity.json+skill_overrides.json,no
BJ-2024-CY-ERMO-Q11,BJ-2024-CY-ERMO-Q11,BJ-2024-CY-ERMO,BJ-2024-CY-ERMO,11,选择题,,整题,6d7650481528dcfa,倾向,OUT,IN,MAYBE,OUT,OUT,OUT,COLLECTED,OUT,OUT,完整题-选择题照收,E3,逐题已匹配参考答案,,,,,,BJ-2024-CY-ERMO-Q11,2026-09-24-attribution-v3,classify.py:classified_prod.jsonl+matrix.csv+exam_identity.json+skill_overrides.json,no
BJ-2024-CY-ERMO-Q12,BJ-2024-CY-ERMO-Q12,BJ-2024-CY-ERMO,BJ-2024-CY-ERMO,12,选择题,,整题,03b39e972e95d008,不明,OUT,MAYBE,MAYBE,OUT,OUT,OUT,COLLECTED,MAYBE,MAYBE,完整题-选择题照收,E3,逐题已匹配参考答案,,,,,,BJ-2024-CY-ERMO-Q12,2026-09-24-attribution-v3,classify.py:classified_prod.jsonl+matrix.csv+exam_identity.json+skill_overrides.json,no
BJ-2024-CY-ERMO-Q13,BJ-2024-CY-ERMO-Q13,BJ-2024-CY-ERMO,BJ-2024-CY-ERMO,13,选择题,,整题,f7800fccdbe6edf3,倾向,OUT,IN,MAYBE,OUT,OUT,COLLECTED,OUT,MAYBE,MAYBE,完整题-选择题照收,E3,逐题已匹配参考答案,,,,,,BJ-2024-CY-ERMO-Q13,2026-09-24-attribution-v3,classify.py:classified_prod.jsonl+matrix.csv+exam_identity.json+skill_overrides.json,no
BJ-2024-CY-ERMO-Q14,BJ-2024-CY-ERMO-Q14,BJ-2024-CY-ERMO,BJ-2024-CY-ERMO,14,选择题,,整题,2db34c33b9352a2f,不明,MAYBE,IN,MAYBE,OUT,OUT,COLLECTED,OUT,MAYBE,MAYBE,完整题-选择题照收,E3,逐题已匹配参考答案,,,,,,BJ-2024-CY-ERMO-Q14,2026-09-24-attribution-v3,classify.py:classified_prod.jsonl+matrix.csv+exam_identity.json+skill_overrides.json,no
BJ-2024-CY-ERMO-Q15,BJ-2024-CY-ERMO-Q15,BJ-2024-CY-ERMO,BJ-2024-CY-ERMO,15,选择题,,整题,2befa9455844da07,倾向,MAYBE,COLLECTED,MAYBE,OUT,MAYBE,COLLECTED,OUT,OUT,OUT,完整题-选择题照收,E3,逐题已匹配参考答案,,,,,,BJ-2024-CY-ERMO-Q15,2026-09-24-attribution-v3,classify.py:classified_prod.jsonl+matrix.csv+exam_identity.json+skill_overrides.json,no
BJ-2024-CY-ERMO-Q16#1,BJ-2024-CY-ERMO-Q16,BJ-2024-CY-ERMO,BJ-2024-CY-ERMO,16,主观题,1,小问,fce428740290dba0,倾向,MAYBE,COLLECTED,MAYBE,COLLECTED,MAYBE,MAYBE,MAYBE,MAYBE,MAYBE,完整题-有E1,E1,逐题已匹配正式评分材料,B1:rubric_unreadable_not_OUT;B3:rubric_unreadable_not_OUT;CU:rubric_unreadable_not_OUT;X1:rubric_unreadable_not_OUT;MI:rubric_unreadable_not_OUT;RE:rubric_unreadable_not_OUT,,,,,BJ-2024-CY-ERMO-Q16,2026-09-24-attribution-v3,classify.py:classified_prod.jsonl+matrix.csv+exam_identity.json+skill_overrides.json,no
BJ-2024-CY-ERMO-Q16#2,BJ-2024-CY-ERMO-Q16,BJ-2024-CY-ERMO,BJ-2024-CY-ERMO,16,主观题,2,小问,0f86038a1cf7e80c,倾向,MAYBE,COLLECTED,MAYBE,COLLECTED,MAYBE,MAYBE,MAYBE,MAYBE,MAYBE,完整题-有E1,E1,逐题已匹配正式评分材料,B1:rubric_unreadable_not_OUT;B3:rubric_unreadable_not_OUT;CU:rubric_unreadable_not_OUT;X1:rubric_unreadable_not_OUT;MI:rubric_unreadable_not_OUT;RE:rubric_unreadable_not_OUT,,,,,BJ-2024-CY-ERMO-Q16,2026-09-24-attribution-v3,classify.py:classified_prod.jsonl+matrix.csv+exam_identity.json+skill_overrides.json,no
BJ-2024-CY-ERMO-Q17,BJ-2024-CY-ERMO-Q17,BJ-2024-CY-ERMO,BJ-2024-CY-ERMO,17,主观题,,整题,997e6d28f661b4e2,不明,MAYBE,COLLECTED,MAYBE,MAYBE,MAYBE,MAYBE,COLLECTED,MAYBE,MAYBE,完整题-有E1,E1,逐题已匹配正式评分材料,,,,,,BJ-2024-CY-ERMO-Q17,2026-09-24-attribution-v3,classify.py:classified_prod.jsonl+matrix.csv+exam_identity.json+skill_overrides.json,no
BJ-2024-CY-ERMO-Q18,BJ-2024-CY-ERMO-Q18,BJ-2024-CY-ERMO,BJ-2024-CY-ERMO,18,主观题,,整题,5e37cb58daa09702,倾向,MAYBE,MAYBE,COLLECTED,MAYBE,MAYBE,MAYBE,MAYBE,MAYBE,MAYBE,完整题-有E1,E1,逐题已匹配正式评分材料,B1:rubric_unreadable_not_OUT;B2:rubric_unreadable_not_OUT;PH:rubric_unreadable_not_OUT;CU:rubric_unreadable_not_OUT;MI:rubric_unreadable_not_OUT;RE:rubric_unreadable_not_OUT,,,,,BJ-2024-CY-ERMO-Q18,2026-09-24-attribution-v3,classify.py:classified_prod.jsonl+matrix.csv+exam_identity.json+skill_overrides.json,no
BJ-2024-CY-ERMO-Q19#1,BJ-2024-CY-ERMO-Q19,BJ-2024-CY-ERMO,BJ-2024-CY-ERMO,19,主观题,1,小问,e245135f9f9f7823,倾向,MAYBE,MAYBE,MAYBE,MAYBE,COLLECTED,MAYBE,MAYBE,COLLECTED,COLLECTED,完整题-有E1,E1,逐题已匹配正式评分材料,B1:rubric_unreadable_not_OUT;B2:rubric_unreadable_not_OUT;B3:rubric_unreadable_not_OUT;PH:rubric_unreadable_not_OUT;X1:rubric_unreadable_not_OUT,,,,,BJ-2024-CY-ERMO-Q19,2026-09-24-attribution-v3,classify.py:classified_prod.jsonl+matrix.csv+exam_identity.json+skill_overrides.json,no
BJ-2024-CY-ERMO-Q19#2,BJ-2024-CY-ERMO-Q19,BJ-2024-CY-ERMO,BJ-2024-CY-ERMO,19,主观题,2,小问,31bd13a5e7cb131e,不明,MAYBE,MAYBE,MAYBE,MAYBE,COLLECTED,MAYBE,MAYBE,COLLECTED,COLLECTED,完整题-有E1,E1,逐题已匹配正式评分材料,,,,,,BJ-2024-CY-ERMO-Q19,2026-09-24-attribution-v3,classify.py:classified_prod.jsonl+matrix.csv+exam_identity.json+skill_overrides.json,no
BJ-2024-CY-ERMO-Q19#3,BJ-2024-CY-ERMO-Q19,BJ-2024-CY-ERMO,BJ-2024-CY-ERMO,19,主观题,3,小问,f0d3ac87b49d0f01,不明,MAYBE,MAYBE,MAYBE,MAYBE,COLLECTED,MAYBE,MAYBE,COLLECTED,COLLECTED,完整题-有E1,E1,逐题已匹配正式评分材料,,,,,,BJ-2024-CY-ERMO-Q19,2026-09-24-attribution-v3,classify.py:classified_prod.jsonl+matrix.csv+exam_identity.json+skill_overrides.json,no
BJ-2024-CY-ERMO-Q20,BJ-2024-CY-ERMO-Q20,BJ-2024-CY-ERMO,BJ-2024-CY-ERMO,20,主观题,,整题,7fbc13c1823e4269,倾向,MAYBE,COLLECTED,MAYBE,MAYBE,MAYBE,COLLECTED,MAYBE,MAYBE,MAYBE,完整题-有E1,E1,逐题已匹配正式评分材料,B1:rubric_unreadable_not_OUT;B3:rubric_unreadable_not_OUT;PH:rubric_unreadable_not_OUT;CU:rubric_unreadable_not_OUT;MI:rubric_unreadable_not_OUT;RE:rubric_unreadable_not_OUT,,,B2,,BJ-2024-CY-ERMO-Q20,2026-09-24-attribution-v3,classify.py:classified_prod.jsonl+matrix.csv+exam_identity.json+skill_overrides.json,no
BJ-2022-BJ-GAOKAO-Q1,BJ-2022-BJ-GAOKAO-Q1,BJ-2022-BJ-GAOKAO,BJ-2022-BJ-GAOKAO,1,选择题,,整题,0ca89feb67892f04,不明,MAYBE,MAYBE,MAYBE,COLLECTED,MAYBE,MAYBE,OUT,OUT,OUT,完整题-选择题照收,E3,逐题已匹配参考答案,,,,,,BJ-2022-BJ-GAOKAO-Q1,2026-09-24-attribution-v3,classify.py:classified_prod.jsonl+matrix.csv+exam_identity.json+skill_overrides.json,no
BJ-2022-BJ-GAOKAO-Q2,BJ-2022-BJ-GAOKAO-Q2,BJ-2022-BJ-GAOKAO,BJ-2022-BJ-GAOKAO,2,选择题,,整题,ecd99e1ab580a64f,不明,MAYBE,COLLECTED,MAYBE,MAYBE,COLLECTED,MAYBE,OUT,OUT,OUT,完整题-选择题照收,E3,逐题已匹配参考答案,,,,,,BJ-2022-BJ-GAOKAO-Q2,2026-09-24-attribution-v3,classify.py:classified_prod.jsonl+matrix.csv+exam_identity.json+skill_overrides.json,no
BJ-2022-BJ-GAOKAO-Q3,BJ-2022-BJ-GAOKAO-Q3,BJ-2022-BJ-GAOKAO,BJ-2022-BJ-GAOKAO,3,选择题,,整题,82eb8a20c57f48dc,不明,MAYBE,MAYBE,MAYBE,COLLECTED,COLLECTED,OUT,OUT,MAYBE,MAYBE,完整题-选择题照收,E3,逐题已匹配参考答案,,,,,,BJ-2022-BJ-GAOKAO-Q3,2026-09-24-attribution-v3,classify.py:classified_prod.jsonl+matrix.csv+exam_identity.json+skill_overrides.json,no
BJ-2022-BJ-GAOKAO-Q4,BJ-2022-BJ-GAOKAO-Q4,BJ-2022-BJ-GAOKAO,BJ-2022-BJ-GAOKAO,4,选择题,,整题,e4b9541019bd7d84,不明,OUT,MAYBE,MAYBE,COLLECTED,MAYBE,OUT,OUT,MAYBE,OUT,完整题-选择题照收,E3,逐题已匹配参考答案,,,,,,BJ-2022-BJ-GAOKAO-Q4,2026-09-24-attribution-v3,classify.py:classified_prod.jsonl+matrix.csv+exam_identity.json+skill_overrides.json,no
BJ-2022-BJ-GAOKAO-Q5,BJ-2022-BJ-GAOKAO-Q5,BJ-2022-BJ-GAOKAO,BJ-2022-BJ-GAOKAO,5,选择题,,整题,78c5a31f7f9f3fe3,不明,OUT,MAYBE,MAYBE,COLLECTED,MAYBE,OUT,OUT,COLLECTED,MAYBE,完整题-选择题照收,E3,逐题已匹配参考答案,,,,,,BJ-2022-BJ-GAOKAO-Q5,2026-09-24-attribution-v3,classify.py:classified_prod.jsonl+matrix.csv+exam_identity.json+skill_overrides.json,no
BJ-2022-BJ-GAOKAO-Q6,BJ-2022-BJ-GAOKAO-Q6,BJ-2022-BJ-GAOKAO,BJ-2022-BJ-GAOKAO,6,选择题,,整题,e6fac040d0d2f0c3,不明,OUT,MAYBE,MAYBE,COLLECTED,MAYBE,OUT,OUT,MAYBE,MAYBE,完整题-选择题照收,E3,逐题已匹配参考答案,,,,,,BJ-2022-BJ-GAOKAO-Q6,2026-09-24-attribution-v3,classify.py:classified_prod.jsonl+matrix.csv+exam_identity.json+skill_overrides.json,no
BJ-2022-BJ-GAOKAO-Q7,BJ-2022-BJ-GAOKAO-Q7,BJ-2022-BJ-GAOKAO,BJ-2022-BJ-GAOKAO,7,选择题,,整题,0e189606ef6deda1,不明,OUT,MAYBE,MAYBE,COLLECTED,COLLECTED,OUT,OUT,MAYBE,MAYBE,完整题-选择题照收,E3,逐题已匹配参考答案,,,,,,BJ-2022-BJ-GAOKAO-Q7,2026-09-24-attribution-v3,classify.py:classified_prod.jsonl+matrix.csv+exam_identity.json+skill_overrides.json,no
BJ-2022-BJ-GAOKAO-Q8,BJ-2022-BJ-GAOKAO-Q8,BJ-2022-BJ-GAOKAO,BJ-2022-BJ-GAOKAO,8,选择题,,整题,63fa660b901dfe62,不明,OUT,MAYBE,MAYBE,MAYBE,MAYBE,OUT,OUT,OUT,COLLECTED,完整题-选择题照收,E3,逐题已匹配参考答案,"关联但不合并(疑似跨卷复用/串题,非duplicate_registration_alias):dup_of=BJ-2024-BJ-GAOKAO-Q8",BJ-2024-BJ-GAOKAO-Q8,culture,,,BJ-2022-BJ-GAOKAO-Q8,2026-09-24-attribution-v3,classify.py:classified_prod.jsonl+matrix.csv+exam_identity.json+skill_overrides.json,no
BJ-2022-BJ-GAOKAO-Q9,BJ-2022-BJ-GAOKAO-Q9,BJ-2022-BJ-GAOKAO,BJ-2022-BJ-GAOKAO,9,选择题,,整题,72513e7c35c4605d,不明,OUT,MAYBE,MAYBE,MAYBE,MAYBE,OUT,MAYBE,OUT,COLLECTED,完整题-选择题照收,E3,逐题已匹配参考答案,"关联但不合并(疑似跨卷复用/串题,非duplicate_registration_alias):dup_of=BJ-2024-BJ-GAOKAO-Q9",BJ-2024-BJ-GAOKAO-Q9,bixiu3,RE,,BJ-2022-BJ-GAOKAO-Q9,2026-09-24-attribution-v3,classify.py:classified_prod.jsonl+matrix.csv+exam_identity.json+skill_overrides.json,no
BJ-2022-BJ-GAOKAO-Q10,BJ-2022-BJ-GAOKAO-Q10,BJ-2022-BJ-GAOKAO,BJ-2022-BJ-GAOKAO,10,选择题,,整题,b604b517e69053f4,倾向,OUT,COLLECTED,MAYBE,OUT,OUT,COLLECTED,MAYBE,OUT,OUT,完整题-选择题照收,E3,逐题已匹配参考答案,,,,,,BJ-2022-BJ-GAOKAO-Q10,2026-09-24-attribution-v3,classify.py:classified_prod.jsonl+matrix.csv+exam_identity.json+skill_overrides.json,no
BJ-2022-BJ-GAOKAO-Q11,BJ-2022-BJ-GAOKAO-Q11,BJ-2022-BJ-GAOKAO,BJ-2022-BJ-GAOKAO,11,选择题,,整题,53569537e707d0d9,倾向,OUT,COLLECTED,MAYBE,OUT,OUT,COLLECTED,MAYBE,OUT,MAYBE,完整题-选择题照收,E3,逐题已匹配参考答案,,,,X1,,BJ-2022-BJ-GAOKAO-Q11,2026-09-24-attribution-v3,classify.py:classified_prod.jsonl+matrix.csv+exam_identity.json+skill_overrides.json,no
BJ-2022-BJ-GAOKAO-Q12,BJ-2022-BJ-GAOKAO-Q12,BJ-2022-BJ-GAOKAO,BJ-2022-BJ-GAOKAO,12,选择题,,整题,7d86904370d393d0,倾向,OUT,MAYBE,COLLECTED,OUT,COLLECTED,COLLECTED,IN,OUT,OUT,完整题-选择题照收,E3,逐题已匹配参考答案,,,,CU,,BJ-2022-BJ-GAOKAO-Q12,2026-09-24-attribution-v3,classify.py:classified_prod.jsonl+matrix.csv+exam_identity.json+skill_overrides.json,no
BJ-2022-BJ-GAOKAO-Q13,BJ-2022-BJ-GAOKAO-Q13,BJ-2022-BJ-GAOKAO,BJ-2022-BJ-GAOKAO,13,选择题,,整题,65cfb8bf6cc4fc0f,倾向,OUT,MAYBE,MAYBE,OUT,OUT,OUT,COLLECTED,OUT,MAYBE,完整题-选择题照收,E3,逐题已匹配参考答案,"关联但不合并(疑似跨卷复用/串题,非duplicate_registration_alias):dup_of=BJ-2024-BJ-GAOKAO-Q13",BJ-2024-BJ-GAOKAO-Q13,bixiu2,,,BJ-2022-BJ-GAOKAO-Q13,2026-09-24-attribution-v3,classify.py:classified_prod.jsonl+matrix.csv+exam_identity.json+skill_overrides.json,no
BJ-2022-BJ-GAOKAO-Q14,BJ-2022-BJ-GAOKAO-Q14,BJ-2022-BJ-GAOKAO,BJ-2022-BJ-GAOKAO,14,选择题,,整题,457ee4f840b9b008,不明,MAYBE,MAYBE,MAYBE,OUT,OUT,MAYBE,COLLECTED,OUT,MAYBE,完整题-选择题照收,E3,逐题已匹配参考答案,,,,,,BJ-2022-BJ-GAOKAO-Q14,2026-09-24-attribution-v3,classify.py:classified_prod.jsonl+matrix.csv+exam_identity.json+skill_overrides.json,no
BJ-2022-BJ-GAOKAO-Q15,BJ-2022-BJ-GAOKAO-Q15,BJ-2022-BJ-GAOKAO,BJ-2022-BJ-GAOKAO,15,选择题,,整题,7828e91293b167d2,倾向,MAYBE,COLLECTED,MAYBE,OUT,OUT,COLLECTED,OUT,OUT,OUT,完整题-选择题照收,E3,逐题已匹配参考答案,,,,,,BJ-2022-BJ-GAOKAO-Q15,2026-09-24-attribution-v3,classify.py:classified_prod.jsonl+matrix.csv+exam_identity.json+skill_overrides.json,no
BJ-2022-BJ-GAOKAO-Q16,BJ-2022-BJ-GAOKAO-Q16,BJ-2022-BJ-GAOKAO,BJ-2022-BJ-GAOKAO,16,主观题,,整题,5725793d9e21387b,倾向,OUT,OUT,OUT,COLLECTED,COLLECTED,OUT,OUT,OUT,MAYBE,完整题-有E1,E1,逐题已匹配正式评分材料,,,,,,BJ-2022-BJ-GAOKAO-Q16,2026-09-24-attribution-v3,classify.py:classified_prod.jsonl+matrix.csv+exam_identity.json+skill_overrides.json,no
BJ-2022-BJ-GAOKAO-Q17,BJ-2022-BJ-GAOKAO-Q17,BJ-2022-BJ-GAOKAO,BJ-2022-BJ-GAOKAO,17,主观题,,整题,ae756d59d6b70c8f,不明,OUT,OUT,OUT,MAYBE,MAYBE,MAYBE,OUT,COLLECTED,MAYBE,完整题-有E1,E1,逐题已匹配正式评分材料,,,,,,BJ-2022-BJ-GAOKAO-Q17,2026-09-24-attribution-v3,classify.py:classified_prod.jsonl+matrix.csv+exam_identity.json+skill_overrides.json,no
BJ-2022-BJ-GAOKAO-Q18#1,BJ-2022-BJ-GAOKAO-Q18,BJ-2022-BJ-GAOKAO,BJ-2022-BJ-GAOKAO,18,主观题,1,小问,cab92e331eb3fa1f,倾向,OUT,COLLECTED,COLLECTED,OUT,OUT,MAYBE,MAYBE,OUT,OUT,完整题-有E1,E1,逐题已匹配正式评分材料,,,,,,BJ-2022-BJ-GAOKAO-Q18,2026-09-24-attribution-v3,classify.py:classified_prod.jsonl+matrix.csv+exam_identity.json+skill_overrides.json,no
BJ-2022-BJ-GAOKAO-Q18#2,BJ-2022-BJ-GAOKAO-Q18,BJ-2022-BJ-GAOKAO,BJ-2022-BJ-GAOKAO,18,主观题,2,小问,63b28a85b6c0eede,不明,MAYBE,COLLECTED,COLLECTED,MAYBE,MAYBE,MAYBE,MAYBE,MAYBE,MAYBE,完整题-有E1,E1,逐题已匹配正式评分材料,,,,,,BJ-2022-BJ-GAOKAO-Q18,2026-09-24-attribution-v3,classify.py:classified_prod.jsonl+matrix.csv+exam_identity.json+skill_overrides.json,no
BJ-2022-BJ-GAOKAO-Q19#1,BJ-2022-BJ-GAOKAO-Q19,BJ-2022-BJ-GAOKAO,BJ-2022-BJ-GAOKAO,19,主观题,1,小问,9bbcdee55005155c,不明,OUT,COLLECTED,MAYBE,MAYBE,MAYBE,COLLECTED,OUT,OUT,MAYBE,完整题-有E1,E1,逐题已匹配正式评分材料,,,,,,BJ-2022-BJ-GAOKAO-Q19,2026-09-24-attribution-v3,classify.py:classified_prod.jsonl+matrix.csv+exam_identity.json+skill_overrides.json,no
BJ-2022-BJ-GAOKAO-Q19#2,BJ-2022-BJ-GAOKAO-Q19,BJ-2022-BJ-GAOKAO,BJ-2022-BJ-GAOKAO,19,主观题,2,小问,3e3812ce297c56b7,不明,OUT,COLLECTED,MAYBE,MAYBE,MAYBE,COLLECTED,OUT,OUT,MAYBE,完整题-有E1,E1,逐题已匹配正式评分材料,,,,,,BJ-2022-BJ-GAOKAO-Q19,2026-09-24-attribution-v3,classify.py:classified_prod.jsonl+matrix.csv+exam_identity.json+skill_overrides.json,no
BJ-2022-BJ-GAOKAO-Q20,BJ-2022-BJ-GAOKAO-Q20,BJ-2022-BJ-GAOKAO,BJ-2022-BJ-GAOKAO,20,主观题,,整题,c6309eba3180a9ec,不明,MAYBE,COLLECTED,COLLECTED,MAYBE,MAYBE,MAYBE,COLLECTED,MAYBE,MAYBE,完整题-有E1,E1,逐题已匹配正式评分材料,,,,,,BJ-2022-BJ-GAOKAO-Q20,2026-09-24-attribution-v3,classify.py:classified_prod.jsonl+matrix.csv+exam_identity.json+skill_overrides.json,no
BJ-2022-BJ-GAOKAO-Q21,BJ-2022-BJ-GAOKAO-Q21,BJ-2022-BJ-GAOKAO,BJ-2022-BJ-GAOKAO,21,主观题,,整题,133a1a0ea3cb8753,不明,MAYBE,MAYBE,COLLECTED,COLLECTED,MAYBE,MAYBE,MAYBE,MAYBE,MAYBE,完整题-有E1,E1,逐题已匹配正式评分材料,,,,,,BJ-2022-BJ-GAOKAO-Q21,2026-09-24-attribution-v3,classify.py:classified_prod.jsonl+matrix.csv+exam_identity.json+skill_overrides.json,no
BJ-2025-DC-ERMO-Q1,BJ-2025-DC-ERMO-Q1,BJ-2025-DC-ERMO,BJ-2025-DC-ERMO,1,选择题,,整题,9a99e69bd5c98a84,不明,IN,MAYBE,MAYBE,MAYBE,MAYBE,OUT,OUT,OUT,OUT,完整题-选择题照收,E3,逐题已匹配参考答案,,,,,,BJ-2025-DC-ERMO-Q1,2026-09-24-attribution-v3,classify.py:classified_prod.jsonl+matrix.csv+exam_identity.json+skill_overrides.json,no
BJ-2025-DC-ERMO-Q2,BJ-2025-DC-ERMO-Q2,BJ-2025-DC-ERMO,BJ-2025-DC-ERMO,2,选择题,,整题,e6139d5844617ef2,倾向,OUT,MAYBE,MAYBE,COLLECTED,COLLECTED,OUT,OUT,OUT,MAYBE,完整题-选择题照收,E3,逐题已匹配参考答案,,,,,,BJ-2025-DC-ERMO-Q2,2026-09-24-attribution-v3,classify.py:classified_prod.jsonl+matrix.csv+exam_identity.json+skill_overrides.json,no
BJ-2025-DC-ERMO-Q3,BJ-2025-DC-ERMO-Q3,BJ-2025-DC-ERMO,BJ-2025-DC-ERMO,3,选择题,,整题,c8156cb8c921edd6,不明,OUT,MAYBE,MAYBE,COLLECTED,COLLECTED,OUT,OUT,MAYBE,MAYBE,完整题-选择题照收,E3,逐题已匹配参考答案,,,,,,BJ-2025-DC-ERMO-Q3,2026-09-24-attribution-v3,classify.py:classified_prod.jsonl+matrix.csv+exam_identity.json+skill_overrides.json,no
BJ-2025-DC-ERMO-Q4,BJ-2025-DC-ERMO-Q4,BJ-2025-DC-ERMO,BJ-2025-DC-ERMO,4,选择题,,整题,266a3af38567370e,不明,OUT,MAYBE,MAYBE,COLLECTED,COLLECTED,MAYBE,OUT,MAYBE,MAYBE,完整题-选择题照收,E3,逐题已匹配参考答案,,,,,,BJ-2025-DC-ERMO-Q4,2026-09-24-attribution-v3,classify.py:classified_prod.jsonl+matrix.csv+exam_identity.json+skill_overrides.json,no
BJ-2025-DC-ERMO-Q5,BJ-2025-DC-ERMO-Q5,BJ-2025-DC-ERMO,BJ-2025-DC-ERMO,5,选择题,,整题,aa34dd3b60b77038,不明,OUT,MAYBE,COLLECTED,MAYBE,MAYBE,OUT,OUT,MAYBE,MAYBE,完整题-选择题照收,E3,逐题已匹配参考答案,,,,,,BJ-2025-DC-ERMO-Q5,2026-09-24-attribution-v3,classify.py:classified_prod.jsonl+matrix.csv+exam_identity.json+skill_overrides.json,no
BJ-2025-DC-ERMO-Q6,BJ-2025-DC-ERMO-Q6,BJ-2025-DC-ERMO,BJ-2025-DC-ERMO,6,选择题,,整题,fe3ab1b205c20942,不明,MAYBE,COLLECTED,MAYBE,MAYBE,MAYBE,OUT,OUT,MAYBE,MAYBE,完整题-选择题照收,E3,逐题已匹配参考答案,,,,,,BJ-2025-DC-ERMO-Q6,2026-09-24-attribution-v3,classify.py:classified_prod.jsonl+matrix.csv+exam_identity.json+skill_overrides.json,no
BJ-2025-DC-ERMO-Q7,BJ-2025-DC-ERMO-Q7,BJ-2025-DC-ERMO,BJ-2025-DC-ERMO,7,选择题,,整题,d058eff49d06a91b,不明,OUT,COLLECTED,MAYBE,MAYBE,MAYBE,OUT,OUT,MAYBE,MAYBE,完整题-选择题照收,E3,逐题已匹配参考答案,,,,,,BJ-2025-DC-ERMO-Q7,2026-09-24-attribution-v3,classify.py:classified_prod.jsonl+matrix.csv+exam_identity.json+skill_overrides.json,no
BJ-2025-DC-ERMO-Q8,BJ-2025-DC-ERMO-Q8,BJ-2025-DC-ERMO,BJ-2025-DC-ERMO,8,选择题,,整题,dc9d89376c5bada5,倾向,OUT,COLLECTED,COLLECTED,MAYBE,OUT,OUT,OUT,OUT,OUT,完整题-选择题照收,E3,逐题已匹配参考答案,,,,,,BJ-2025-DC-ERMO-Q8,2026-09-24-attribution-v3,classify.py:classified_prod.jsonl+matrix.csv+exam_identity.json+skill_overrides.json,no
BJ-2025-DC-ERMO-Q9,BJ-2025-DC-ERMO-Q9,BJ-2025-DC-ERMO,BJ-2025-DC-ERMO,9,选择题,,整题,6d104879732b138a,不明,OUT,COLLECTED,MAYBE,MAYBE,MAYBE,COLLECTED,MAYBE,OUT,OUT,完整题-选择题照收,E3,逐题已匹配参考答案,,,,,,BJ-2025-DC-ERMO-Q9,2026-09-24-attribution-v3,classify.py:classified_prod.jsonl+matrix.csv+exam_identity.json+skill_overrides.json,no
BJ-2025-DC-ERMO-Q10,BJ-2025-DC-ERMO-Q10,BJ-2025-DC-ERMO,BJ-2025-DC-ERMO,10,选择题,,整题,c102431056da5d42,倾向,OUT,MAYBE,MAYBE,OUT,OUT,OUT,COLLECTED,OUT,OUT,完整题-选择题照收,E3,逐题已匹配参考答案,,,,,,BJ-2025-DC-ERMO-Q10,2026-09-24-attribution-v3,classify.py:classified_prod.jsonl+matrix.csv+exam_identity.json+skill_overrides.json,no
BJ-2025-DC-ERMO-Q11,BJ-2025-DC-ERMO-Q11,BJ-2025-DC-ERMO,BJ-2025-DC-ERMO,11,选择题,,整题,072220214dd8ee0a,倾向,OUT,MAYBE,MAYBE,OUT,OUT,OUT,COLLECTED,OUT,OUT,完整题-选择题照收,E3,逐题已匹配参考答案,,,,,,BJ-2025-DC-ERMO-Q11,2026-09-24-attribution-v3,classify.py:classified_prod.jsonl+matrix.csv+exam_identity.json+skill_overrides.json,no
BJ-2025-DC-ERMO-Q12,BJ-2025-DC-ERMO-Q12,BJ-2025-DC-ERMO,BJ-2025-DC-ERMO,12,选择题,,整题,5101aabd9476dcdc,不明,OUT,MAYBE,MAYBE,OUT,OUT,OUT,COLLECTED,MAYBE,MAYBE,完整题-选择题照收,E3,逐题已匹配参考答案,,,,,,BJ-2025-DC-ERMO-Q12,2026-09-24-attribution-v3,classify.py:classified_prod.jsonl+matrix.csv+exam_identity.json+skill_overrides.json,no
BJ-2025-DC-ERMO-Q13,BJ-2025-DC-ERMO-Q13,BJ-2025-DC-ERMO,BJ-2025-DC-ERMO,13,选择题,,整题,64a844f66683a2ce,倾向,OUT,MAYBE,MAYBE,COLLECTED,OUT,OUT,OUT,COLLECTED,MAYBE,完整题-选择题照收,E3,逐题已匹配参考答案,,,,PH,,BJ-2025-DC-ERMO-Q13,2026-09-24-attribution-v3,classify.py:classified_prod.jsonl+matrix.csv+exam_identity.json+skill_overrides.json,no
BJ-2025-DC-ERMO-Q14,BJ-2025-DC-ERMO-Q14,BJ-2025-DC-ERMO,BJ-2025-DC-ERMO,14,选择题,,整题,2da5079e456352d8,不明,MAYBE,MAYBE,MAYBE,OUT,OUT,MAYBE,OUT,MAYBE,COLLECTED,完整题-选择题照收,E3,逐题已匹配参考答案,,,,,,BJ-2025-DC-ERMO-Q14,2026-09-24-attribution-v3,classify.py:classified_prod.jsonl+matrix.csv+exam_identity.json+skill_overrides.json,no
BJ-2025-DC-ERMO-Q15,BJ-2025-DC-ERMO-Q15,BJ-2025-DC-ERMO,BJ-2025-DC-ERMO,15,选择题,,整题,0808fe4e63a450a9,不明,MAYBE,MAYBE,MAYBE,OUT,MAYBE,MAYBE,OUT,OUT,COLLECTED,完整题-选择题照收,E3,逐题已匹配参考答案,,,,,,BJ-2025-DC-ERMO-Q15,2026-09-24-attribution-v3,classify.py:classified_prod.jsonl+matrix.csv+exam_identity.json+skill_overrides.json,no
BJ-2025-DC-ERMO-Q16,BJ-2025-DC-ERMO-Q16,BJ-2025-DC-ERMO,BJ-2025-DC-ERMO,16,主观题,,整题,54e04ffce1cd75da,不明,OUT,MAYBE,OUT,COLLECTED,MAYBE,MAYBE,MAYBE,MAYBE,MAYBE,完整题-有E1,E1,逐题已匹配正式评分材料,,,,,,BJ-2025-DC-ERMO-Q16,2026-09-24-attribution-v3,classify.py:classified_prod.jsonl+matrix.csv+exam_identity.json+skill_overrides.json,no
BJ-2025-DC-ERMO-Q17,BJ-2025-DC-ERMO-Q17,BJ-2025-DC-ERMO,BJ-2025-DC-ERMO,17,主观题,,整题,8b160bc1a4df7c35,不明,OUT,MAYBE,COLLECTED,MAYBE,OUT,OUT,MAYBE,OUT,MAYBE,完整题-有E1,E1,逐题已匹配正式评分材料,,,,,,BJ-2025-DC-ERMO-Q17,2026-09-24-attribution-v3,classify.py:classified_prod.jsonl+matrix.csv+exam_identity.json+skill_overrides.json,no
BJ-2025-DC-ERMO-Q18#1,BJ-2025-DC-ERMO-Q18,BJ-2025-DC-ERMO,BJ-2025-DC-ERMO,18,主观题,1,小问,5ce2768fc67bc937,不明,OUT,COLLECTED,MAYBE,MAYBE,OUT,OUT,MAYBE,MAYBE,COLLECTED,完整题-有E1,E1,逐题已匹配正式评分材料,,,,,,BJ-2025-DC-ERMO-Q18,2026-09-24-attribution-v3,classify.py:classified_prod.jsonl+matrix.csv+exam_identity.json+skill_overrides.json,no
BJ-2025-DC-ERMO-Q18#2,BJ-2025-DC-ERMO-Q18,BJ-2025-DC-ERMO,BJ-2025-DC-ERMO,18,主观题,2,小问,07e47d36370b2bf2,不明,OUT,COLLECTED,MAYBE,MAYBE,OUT,OUT,MAYBE,MAYBE,COLLECTED,完整题-有E1,E1,逐题已匹配正式评分材料,,,,,,BJ-2025-DC-ERMO-Q18,2026-09-24-attribution-v3,classify.py:classified_prod.jsonl+matrix.csv+exam_identity.json+skill_overrides.json,no
BJ-2025-DC-ERMO-Q19,BJ-2025-DC-ERMO-Q19,BJ-2025-DC-ERMO,BJ-2025-DC-ERMO,19,主观题,,整题,dfac8cdd28649842,倾向,OUT,MAYBE,MAYBE,OUT,OUT,OUT,COLLECTED,OUT,MAYBE,完整题-有E1,E1,逐题已匹配正式评分材料,,,,,,BJ-2025-DC-ERMO-Q19,2026-09-24-attribution-v3,classify.py:classified_prod.jsonl+matrix.csv+exam_identity.json+skill_overrides.json,no
BJ-2025-DC-ERMO-Q20,BJ-2025-DC-ERMO-Q20,BJ-2025-DC-ERMO,BJ-2025-DC-ERMO,20,主观题,,整题,9ecbfb43187b5ab7,倾向,OUT,MAYBE,OUT,OUT,MAYBE,COLLECTED,OUT,OUT,MAYBE,完整题-有E1,E1,逐题已匹配正式评分材料,,,,,,BJ-2025-DC-ERMO-Q20,2026-09-24-attribution-v3,classify.py:classified_prod.jsonl+matrix.csv+exam_identity.json+skill_overrides.json,no
BJ-2025-DC-ERMO-Q21,BJ-2025-DC-ERMO-Q21,BJ-2025-DC-ERMO,BJ-2025-DC-ERMO,21,主观题,,整题,3b142e57a1e491d1,不明,MAYBE,MAYBE,COLLECTED,COLLECTED,MAYBE,MAYBE,MAYBE,MAYBE,MAYBE,完整题-有E1,E1,逐题已匹配正式评分材料,,,,,,BJ-2025-DC-ERMO-Q21,2026-09-24-attribution-v3,classify.py:classified_prod.jsonl+matrix.csv+exam_identity.json+skill_overrides.json,no
BJ-2023-CY-ERMO-Q1,BJ-2023-CY-ERMO-Q1,BJ-2023-CY-ERMO,BJ-2023-CY-ERMO,1,选择题,,整题,cfa534e3408835fe,不明,MAYBE,MAYBE,COLLECTED,MAYBE,MAYBE,OUT,OUT,OUT,OUT,完整题-选择题照收,E3,逐题已匹配参考答案,,,,,,BJ-2023-CY-ERMO-Q1,2026-09-24-attribution-v3,classify.py:classified_prod.jsonl+matrix.csv+exam_identity.json+skill_overrides.json,no
BJ-2023-CY-ERMO-Q2,BJ-2023-CY-ERMO-Q2,BJ-2023-CY-ERMO,BJ-2023-CY-ERMO,2,选择题,,整题,15ac04335e440472,不明,OUT,MAYBE,MAYBE,MAYBE,MAYBE,OUT,OUT,OUT,MAYBE,完整题-选择题照收,E3,逐题已匹配参考答案,,,,,,BJ-2023-CY-ERMO-Q2,2026-09-24-attribution-v3,classify.py:classified_prod.jsonl+matrix.csv+exam_identity.json+skill_overrides.json,no
BJ-2023-CY-ERMO-Q3,BJ-2023-CY-ERMO-Q3,BJ-2023-CY-ERMO,BJ-2023-CY-ERMO,3,选择题,,整题,e370678c77b95b3a,不明,OUT,MAYBE,MAYBE,MAYBE,MAYBE,OUT,IN,MAYBE,MAYBE,完整题-选择题照收,E3,逐题已匹配参考答案,,,,,,BJ-2023-CY-ERMO-Q3,2026-09-24-attribution-v3,classify.py:classified_prod.jsonl+matrix.csv+exam_identity.json+skill_overrides.json,no
BJ-2023-CY-ERMO-Q4,BJ-2023-CY-ERMO-Q4,BJ-2023-CY-ERMO,BJ-2023-CY-ERMO,4,选择题,,整题,a1859bcce317bd0c,不明,OUT,MAYBE,COLLECTED,MAYBE,MAYBE,OUT,MAYBE,MAYBE,MAYBE,完整题-选择题照收,E3,逐题已匹配参考答案,,,,,,BJ-2023-CY-ERMO-Q4,2026-09-24-attribution-v3,classify.py:classified_prod.jsonl+matrix.csv+exam_identity.json+skill_overrides.json,no
BJ-2023-CY-ERMO-Q5,BJ-2023-CY-ERMO-Q5,BJ-2023-CY-ERMO,BJ-2023-CY-ERMO,5,选择题,,整题,224e8cd918c45786,不明,OUT,MAYBE,MAYBE,MAYBE,MAYBE,OUT,OUT,MAYBE,MAYBE,完整题-选择题照收,E3,逐题已匹配参考答案,,,,,,BJ-2023-CY-ERMO-Q5,2026-09-24-attribution-v3,classify.py:classified_prod.jsonl+matrix.csv+exam_identity.json+skill_overrides.json,no
BJ-2023-CY-ERMO-Q6,BJ-2023-CY-ERMO-Q6,BJ-2023-CY-ERMO,BJ-2023-CY-ERMO,6,选择题,,整题,bc2aeff07ebfaef2,不明,OUT,MAYBE,MAYBE,MAYBE,MAYBE,OUT,OUT,MAYBE,MAYBE,完整题-选择题照收,E3,逐题已匹配参考答案,,,,,,BJ-2023-CY-ERMO-Q6,2026-09-24-attribution-v3,classify.py:classified_prod.jsonl+matrix.csv+exam_identity.json+skill_overrides.json,no
BJ-2023-CY-ERMO-Q7,BJ-2023-CY-ERMO-Q7,BJ-2023-CY-ERMO,BJ-2023-CY-ERMO,7,选择题,,整题,0a41bf700936b017,不明,OUT,MAYBE,MAYBE,MAYBE,MAYBE,OUT,OUT,IN,MAYBE,完整题-选择题照收,E3,逐题已匹配参考答案,,,,,,BJ-2023-CY-ERMO-Q7,2026-09-24-attribution-v3,classify.py:classified_prod.jsonl+matrix.csv+exam_identity.json+skill_overrides.json,no
BJ-2023-CY-ERMO-Q8,BJ-2023-CY-ERMO-Q8,BJ-2023-CY-ERMO,BJ-2023-CY-ERMO,8,选择题,,整题,6c92e5226603e68c,倾向,OUT,MAYBE,MAYBE,MAYBE,OUT,OUT,OUT,OUT,IN,完整题-选择题照收,E3,逐题已匹配参考答案,,,,,,BJ-2023-CY-ERMO-Q8,2026-09-24-attribution-v3,classify.py:classified_prod.jsonl+matrix.csv+exam_identity.json+skill_overrides.json,no
BJ-2023-CY-ERMO-Q9,BJ-2023-CY-ERMO-Q9,BJ-2023-CY-ERMO,BJ-2023-CY-ERMO,9,选择题,,整题,3b66e096349c3be4,不明,OUT,COLLECTED,MAYBE,MAYBE,MAYBE,OUT,MAYBE,OUT,OUT,完整题-选择题照收,E3,逐题已匹配参考答案,,,,,,BJ-2023-CY-ERMO-Q9,2026-09-24-attribution-v3,classify.py:classified_prod.jsonl+matrix.csv+exam_identity.json+skill_overrides.json,no
BJ-2023-CY-ERMO-Q10,BJ-2023-CY-ERMO-Q10,BJ-2023-CY-ERMO,BJ-2023-CY-ERMO,10,选择题,,整题,d763aad4257cff8d,倾向,OUT,COLLECTED,MAYBE,OUT,OUT,OUT,MAYBE,OUT,OUT,完整题-选择题照收,E3,逐题已匹配参考答案,,,,,,BJ-2023-CY-ERMO-Q10,2026-09-24-attribution-v3,classify.py:classified_prod.jsonl+matrix.csv+exam_identity.json+skill_overrides.json,no
BJ-2023-CY-ERMO-Q11,BJ-2023-CY-ERMO-Q11,BJ-2023-CY-ERMO,BJ-2023-CY-ERMO,11,选择题,,整题,52e619678cb6eb42,倾向,OUT,MAYBE,COLLECTED,OUT,OUT,IN,MAYBE,OUT,OUT,完整题-选择题照收,E3,逐题已匹配参考答案,,,,,,BJ-2023-CY-ERMO-Q11,2026-09-24-attribution-v3,classify.py:classified_prod.jsonl+matrix.csv+exam_identity.json+skill_overrides.json,no
BJ-2023-CY-ERMO-Q12,BJ-2023-CY-ERMO-Q12,BJ-2023-CY-ERMO,BJ-2023-CY-ERMO,12,选择题,,整题,67f1b2f6d0c938e5,不明,OUT,MAYBE,COLLECTED,OUT,OUT,IN,MAYBE,MAYBE,MAYBE,完整题-选择题照收,E3,逐题已匹配参考答案,,,,,,BJ-2023-CY-ERMO-Q12,2026-09-24-attribution-v3,classify.py:classified_prod.jsonl+matrix.csv+exam_identity.json+skill_overrides.json,no
BJ-2023-CY-ERMO-Q13,BJ-2023-CY-ERMO-Q13,BJ-2023-CY-ERMO,BJ-2023-CY-ERMO,13,选择题,,整题,d26cc4c6b9b00a15,不明,OUT,MAYBE,MAYBE,OUT,OUT,OUT,IN,MAYBE,MAYBE,完整题-选择题照收,E3,逐题已匹配参考答案,,,,,,BJ-2023-CY-ERMO-Q13,2026-09-24-attribution-v3,classify.py:classified_prod.jsonl+matrix.csv+exam_identity.json+skill_overrides.json,no
BJ-2023-CY-ERMO-Q14,BJ-2023-CY-ERMO-Q14,BJ-2023-CY-ERMO,BJ-2023-CY-ERMO,14,选择题,,整题,b2710c7047d0e58a,不明,MAYBE,MAYBE,MAYBE,OUT,OUT,MAYBE,IN,MAYBE,MAYBE,完整题-选择题照收,E3,逐题已匹配参考答案,,,,,,BJ-2023-CY-ERMO-Q14,2026-09-24-attribution-v3,classify.py:classified_prod.jsonl+matrix.csv+exam_identity.json+skill_overrides.json,no
BJ-2023-CY-ERMO-Q15,BJ-2023-CY-ERMO-Q15,BJ-2023-CY-ERMO,BJ-2023-CY-ERMO,15,选择题,,整题,dc487bd5337e6aa4,不明,MAYBE,MAYBE,MAYBE,OUT,MAYBE,IN,OUT,OUT,OUT,完整题-选择题照收,E3,逐题已匹配参考答案,,,,,,BJ-2023-CY-ERMO-Q15,2026-09-24-attribution-v3,classify.py:classified_prod.jsonl+matrix.csv+exam_identity.json+skill_overrides.json,no
BJ-2023-CY-ERMO-Q16#1,BJ-2023-CY-ERMO-Q16,BJ-2023-CY-ERMO,BJ-2023-CY-ERMO,16,主观题,1,小问,dc7efc52efa9f790,倾向,OUT,OUT,OUT,IN,OUT,OUT,MAYBE,OUT,MAYBE,不收-无E1,E3,逐题已匹配参考答案,,,,,,BJ-2023-CY-ERMO-Q16,2026-09-24-attribution-v3,classify.py:classified_prod.jsonl+matrix.csv+exam_identity.json+skill_overrides.json,no
BJ-2023-CY-ERMO-Q16#2,BJ-2023-CY-ERMO-Q16,BJ-2023-CY-ERMO,BJ-2023-CY-ERMO,16,主观题,2,小问,72379875e9f96651,不明,OUT,OUT,OUT,MAYBE,OUT,OUT,MAYBE,OUT,MAYBE,不收-无E1,E3,逐题已匹配参考答案,,,,,,BJ-2023-CY-ERMO-Q16,2026-09-24-attribution-v3,classify.py:classified_prod.jsonl+matrix.csv+exam_identity.json+skill_overrides.json,no
BJ-2023-CY-ERMO-Q17,BJ-2023-CY-ERMO-Q17,BJ-2023-CY-ERMO,BJ-2023-CY-ERMO,17,主观题,,整题,06909ce3106359f2,倾向,OUT,OUT,COLLECTED,OUT,OUT,OUT,MAYBE,OUT,MAYBE,不收-无E1,E3,逐题已匹配参考答案,,,,,,BJ-2023-CY-ERMO-Q17,2026-09-24-attribution-v3,classify.py:classified_prod.jsonl+matrix.csv+exam_identity.json+skill_overrides.json,no
BJ-2023-CY-ERMO-Q18,BJ-2023-CY-ERMO-Q18,BJ-2023-CY-ERMO,BJ-2023-CY-ERMO,18,主观题,,整题,b979e2004e2ce929,不明,MAYBE,MAYBE,MAYBE,MAYBE,MAYBE,MAYBE,MAYBE,MAYBE,MAYBE,不收-无E1,E3,逐题已匹配参考答案,,,,,,BJ-2023-CY-ERMO-Q18,2026-09-24-attribution-v3,classify.py:classified_prod.jsonl+matrix.csv+exam_identity.json+skill_overrides.json,no
BJ-2023-CY-ERMO-Q19#1,BJ-2023-CY-ERMO-Q19,BJ-2023-CY-ERMO,BJ-2023-CY-ERMO,19,主观题,1,小问,9069cc72a0a17671,倾向,OUT,MAYBE,OUT,OUT,OUT,OUT,MAYBE,OUT,OUT,不收-无E1,E3,逐题已匹配参考答案,,,,,,BJ-2023-CY-ERMO-Q19,2026-09-24-attribution-v3,classify.py:classified_prod.jsonl+matrix.csv+exam_identity.json+skill_overrides.json,no
BJ-2023-CY-ERMO-Q19#2,BJ-2023-CY-ERMO-Q19,BJ-2023-CY-ERMO,BJ-2023-CY-ERMO,19,主观题,2,小问,553a9ab4353a4088,倾向,OUT,IN,OUT,OUT,OUT,OUT,MAYBE,OUT,OUT,不收-无E1,E3,逐题已匹配参考答案,,,,,,BJ-2023-CY-ERMO-Q19,2026-09-24-attribution-v3,classify.py:classified_prod.jsonl+matrix.csv+exam_identity.json+skill_overrides.json,no
BJ-2023-CY-ERMO-Q20#1,BJ-2023-CY-ERMO-Q20,BJ-2023-CY-ERMO,BJ-2023-CY-ERMO,20,主观题,1,小问,50ceb5b25e488f3b,倾向,OUT,OUT,OUT,OUT,MAYBE,IN,MAYBE,OUT,OUT,不收-无E1,E3,逐题已匹配参考答案,,,,,,BJ-2023-CY-ERMO-Q20,2026-09-24-attribution-v3,classify.py:classified_prod.jsonl+matrix.csv+exam_identity.json+skill_overrides.json,no
BJ-2023-CY-ERMO-Q20#2,BJ-2023-CY-ERMO-Q20,BJ-2023-CY-ERMO,BJ-2023-CY-ERMO,20,主观题,2,小问,5c782d8b0429e4e8,倾向,OUT,OUT,OUT,OUT,IN,MAYBE,MAYBE,OUT,OUT,不收-无E1,E3,逐题已匹配参考答案,,,,,,BJ-2023-CY-ERMO-Q20,2026-09-24-attribution-v3,classify.py:classified_prod.jsonl+matrix.csv+exam_identity.json+skill_overrides.json,no
BJ-2023-CY-ERMO-Q21,BJ-2023-CY-ERMO-Q21,BJ-2023-CY-ERMO,BJ-2023-CY-ERMO,21,主观题,,整题,7293c703cd1bfbe7,不明,IN,MAYBE,MAYBE,MAYBE,MAYBE,MAYBE,MAYBE,MAYBE,MAYBE,不收-无E1,E3,逐题已匹配参考答案,B2:rubric_unreadable_not_OUT;PH:rubric_unreadable_not_OUT;RE:rubric_unreadable_not_OUT,,,,,BJ-2023-CY-ERMO-Q21,2026-09-24-attribution-v3,classify.py:classified_prod.jsonl+matrix.csv+exam_identity.json+skill_overrides.json,no
BJ-2021-BJ-GAOKAO-Q1,BJ-2021-BJ-GAOKAO-Q1,BJ-2021-BJ-GAOKAO,BJ-2021-BJ-GAOKAO,1,选择题,,整题,69c855aef37ab966,不明,MAYBE,MAYBE,MAYBE,MAYBE,COLLECTED,OUT,OUT,OUT,OUT,完整题-选择题照收,E3,逐题已匹配参考答案,,,,,,BJ-2021-BJ-GAOKAO-Q1,2026-09-24-attribution-v3,classify.py:classified_prod.jsonl+matrix.csv+exam_identity.json+skill_overrides.json,no
BJ-2021-BJ-GAOKAO-Q2,BJ-2021-BJ-GAOKAO-Q2,BJ-2021-BJ-GAOKAO,BJ-2021-BJ-GAOKAO,2,选择题,,整题,f4c471647c33779d,不明,OUT,MAYBE,MAYBE,MAYBE,COLLECTED,MAYBE,OUT,OUT,OUT,完整题-选择题照收,E3,逐题已匹配参考答案,,,,,,BJ-2021-BJ-GAOKAO-Q2,2026-09-24-attribution-v3,classify.py:classified_prod.jsonl+matrix.csv+exam_identity.json+skill_overrides.json,no
BJ-2021-BJ-GAOKAO-Q3,BJ-2021-BJ-GAOKAO-Q3,BJ-2021-BJ-GAOKAO,BJ-2021-BJ-GAOKAO,3,选择题,,整题,24f02651abb4e4ed,不明,OUT,MAYBE,MAYBE,COLLECTED,COLLECTED,OUT,OUT,MAYBE,MAYBE,完整题-选择题照收,E3,逐题已匹配参考答案,,,,,,BJ-2021-BJ-GAOKAO-Q3,2026-09-24-attribution-v3,classify.py:classified_prod.jsonl+matrix.csv+exam_identity.json+skill_overrides.json,no
BJ-2021-BJ-GAOKAO-Q4,BJ-2021-BJ-GAOKAO-Q4,BJ-2021-BJ-GAOKAO,BJ-2021-BJ-GAOKAO,4,选择题,,整题,e3c71dbd931b201a,不明,OUT,MAYBE,MAYBE,MAYBE,COLLECTED,OUT,OUT,MAYBE,OUT,完整题-选择题照收,E3,逐题已匹配参考答案,,,,,,BJ-2021-BJ-GAOKAO-Q4,2026-09-24-attribution-v3,classify.py:classified_prod.jsonl+matrix.csv+exam_identity.json+skill_overrides.json,no
BJ-2021-BJ-GAOKAO-Q5,BJ-2021-BJ-GAOKAO-Q5,BJ-2021-BJ-GAOKAO,BJ-2021-BJ-GAOKAO,5,选择题,,整题,dd23a98ba3495eb2,不明,OUT,MAYBE,MAYBE,COLLECTED,MAYBE,OUT,OUT,MAYBE,MAYBE,完整题-选择题照收,E3,逐题已匹配参考答案,,,,,,BJ-2021-BJ-GAOKAO-Q5,2026-09-24-attribution-v3,classify.py:classified_prod.jsonl+matrix.csv+exam_identity.json+skill_overrides.json,no
BJ-2021-BJ-GAOKAO-Q6,BJ-2021-BJ-GAOKAO-Q6,BJ-2021-BJ-GAOKAO,BJ-2021-BJ-GAOKAO,6,选择题,,整题,2741ebc980881150,不明,OUT,MAYBE,MAYBE,COLLECTED,MAYBE,OUT,OUT,MAYBE,MAYBE,完整题-选择题照收,E3,逐题已匹配参考答案,,,,,,BJ-2021-BJ-GAOKAO-Q6,2026-09-24-attribution-v3,classify.py:classified_prod.jsonl+matrix.csv+exam_identity.json+skill_overrides.json,no
BJ-2021-BJ-GAOKAO-Q7,BJ-2021-BJ-GAOKAO-Q7,BJ-2021-BJ-GAOKAO,BJ-2021-BJ-GAOKAO,7,选择题,,整题,ae231b94a39937d7,不明,OUT,MAYBE,MAYBE,COLLECTED,MAYBE,OUT,OUT,MAYBE,MAYBE,完整题-选择题照收,E3,逐题已匹配参考答案,,,,,,BJ-2021-BJ-GAOKAO-Q7,2026-09-24-attribution-v3,classify.py:classified_prod.jsonl+matrix.csv+exam_identity.json+skill_overrides.json,no
BJ-2021-BJ-GAOKAO-Q8,BJ-2021-BJ-GAOKAO-Q8,BJ-2021-BJ-GAOKAO,BJ-2021-BJ-GAOKAO,8,选择题,,整题,959b8117649b11d0,不明,OUT,MAYBE,COLLECTED,MAYBE,MAYBE,OUT,OUT,OUT,MAYBE,完整题-选择题照收,E3,逐题已匹配参考答案,,,,,,BJ-2021-BJ-GAOKAO-Q8,2026-09-24-attribution-v3,classify.py:classified_prod.jsonl+matrix.csv+exam_identity.json+skill_overrides.json,no
BJ-2021-BJ-GAOKAO-Q9,BJ-2021-BJ-GAOKAO-Q9,BJ-2021-BJ-GAOKAO,BJ-2021-BJ-GAOKAO,9,选择题,,整题,ee1fd6bf27badc89,倾向,OUT,COLLECTED,COLLECTED,MAYBE,COLLECTED,OUT,MAYBE,OUT,MAYBE,完整题-选择题照收,E3,逐题已匹配参考答案,,,,,,BJ-2021-BJ-GAOKAO-Q9,2026-09-24-attribution-v3,classify.py:classified_prod.jsonl+matrix.csv+exam_identity.json+skill_overrides.json,no
BJ-2021-BJ-GAOKAO-Q10,BJ-2021-BJ-GAOKAO-Q10,BJ-2021-BJ-GAOKAO,BJ-2021-BJ-GAOKAO,10,选择题,,整题,1b689c514f739607,倾向,OUT,IN,MAYBE,OUT,OUT,COLLECTED,MAYBE,OUT,OUT,完整题-选择题照收,E3,逐题已匹配参考答案,,,,,,BJ-2021-BJ-GAOKAO-Q10,2026-09-24-attribution-v3,classify.py:classified_prod.jsonl+matrix.csv+exam_identity.json+skill_overrides.json,no
BJ-2021-BJ-GAOKAO-Q11,BJ-2021-BJ-GAOKAO-Q11,BJ-2021-BJ-GAOKAO,BJ-2021-BJ-GAOKAO,11,选择题,,整题,4922d49fe299d652,倾向,OUT,COLLECTED,MAYBE,OUT,OUT,OUT,MAYBE,OUT,MAYBE,完整题-选择题照收,E3,逐题已匹配参考答案,,,,,,BJ-2021-BJ-GAOKAO-Q11,2026-09-24-attribution-v3,classify.py:classified_prod.jsonl+matrix.csv+exam_identity.json+skill_overrides.json,no
BJ-2021-BJ-GAOKAO-Q12,BJ-2021-BJ-GAOKAO-Q12,BJ-2021-BJ-GAOKAO,BJ-2021-BJ-GAOKAO,12,选择题,,整题,ec52371d36d44430,倾向,OUT,COLLECTED,MAYBE,OUT,OUT,OUT,MAYBE,OUT,OUT,完整题-选择题照收,E3,逐题已匹配参考答案,,,,,,BJ-2021-BJ-GAOKAO-Q12,2026-09-24-attribution-v3,classify.py:classified_prod.jsonl+matrix.csv+exam_identity.json+skill_overrides.json,no
BJ-2021-BJ-GAOKAO-Q13,BJ-2021-BJ-GAOKAO-Q13,BJ-2021-BJ-GAOKAO,BJ-2021-BJ-GAOKAO,13,选择题,,整题,0a0a87d213ac8e09,倾向,OUT,COLLECTED,MAYBE,OUT,OUT,OUT,MAYBE,OUT,MAYBE,完整题-选择题照收,E3,逐题已匹配参考答案,,,,,,BJ-2021-BJ-GAOKAO-Q13,2026-09-24-attribution-v3,classify.py:classified_prod.jsonl+matrix.csv+exam_identity.json+skill_overrides.json,no
BJ-2021-BJ-GAOKAO-Q14,BJ-2021-BJ-GAOKAO-Q14,BJ-2021-BJ-GAOKAO,BJ-2021-BJ-GAOKAO,14,选择题,,整题,3c5ee5667ae47f3e,倾向,MAYBE,COLLECTED,MAYBE,OUT,OUT,COLLECTED,OUT,OUT,MAYBE,完整题-选择题照收,E3,逐题已匹配参考答案,,,,,,BJ-2021-BJ-GAOKAO-Q14,2026-09-24-attribution-v3,classify.py:classified_prod.jsonl+matrix.csv+exam_identity.json+skill_overrides.json,no
BJ-2021-BJ-GAOKAO-Q15,BJ-2021-BJ-GAOKAO-Q15,BJ-2021-BJ-GAOKAO,BJ-2021-BJ-GAOKAO,15,选择题,,整题,6ce85cd964363ab6,倾向,MAYBE,COLLECTED,MAYBE,OUT,OUT,COLLECTED,OUT,OUT,OUT,完整题-选择题照收,E3,逐题已匹配参考答案,,,,,,BJ-2021-BJ-GAOKAO-Q15,2026-09-24-attribution-v3,classify.py:classified_prod.jsonl+matrix.csv+exam_identity.json+skill_overrides.json,no
BJ-2021-BJ-GAOKAO-Q16,BJ-2021-BJ-GAOKAO-Q16,BJ-2021-BJ-GAOKAO,BJ-2021-BJ-GAOKAO,16,主观题,,整题,2fcffa3a6e5e22fb,倾向,OUT,MAYBE,OUT,OUT,COLLECTED,OUT,OUT,MAYBE,MAYBE,完整题-有E1,E1,逐题已匹配正式评分材料,,,,,,BJ-2021-BJ-GAOKAO-Q16,2026-09-24-attribution-v3,classify.py:classified_prod.jsonl+matrix.csv+exam_identity.json+skill_overrides.json,no
BJ-2021-BJ-GAOKAO-Q17,BJ-2021-BJ-GAOKAO-Q17,BJ-2021-BJ-GAOKAO,BJ-2021-BJ-GAOKAO,17,主观题,,整题,621fc0e3a7ad2a33,不明,OUT,COLLECTED,COLLECTED,MAYBE,MAYBE,MAYBE,MAYBE,MAYBE,MAYBE,完整题-有E1,E1,逐题已匹配正式评分材料,,,,,,BJ-2021-BJ-GAOKAO-Q17,2026-09-24-attribution-v3,classify.py:classified_prod.jsonl+matrix.csv+exam_identity.json+skill_overrides.json,no
BJ-2021-BJ-GAOKAO-Q18,BJ-2021-BJ-GAOKAO-Q18,BJ-2021-BJ-GAOKAO,BJ-2021-BJ-GAOKAO,18,主观题,,整题,319570c75f16bb5c,不明,OUT,MAYBE,MAYBE,COLLECTED,OUT,MAYBE,OUT,OUT,MAYBE,完整题-有E1,E1,逐题已匹配正式评分材料,,,,,,BJ-2021-BJ-GAOKAO-Q18,2026-09-24-attribution-v3,classify.py:classified_prod.jsonl+matrix.csv+exam_identity.json+skill_overrides.json,no
BJ-2021-BJ-GAOKAO-Q19,BJ-2021-BJ-GAOKAO-Q19,BJ-2021-BJ-GAOKAO,BJ-2021-BJ-GAOKAO,19,主观题,,整题,8908a4c579b2a02e,倾向,OUT,COLLECTED,MAYBE,OUT,OUT,COLLECTED,MAYBE,OUT,MAYBE,完整题-有E1,E1,逐题已匹配正式评分材料,,,,,,BJ-2021-BJ-GAOKAO-Q19,2026-09-24-attribution-v3,classify.py:classified_prod.jsonl+matrix.csv+exam_identity.json+skill_overrides.json,no
BJ-2021-BJ-GAOKAO-Q20#1,BJ-2021-BJ-GAOKAO-Q20,BJ-2021-BJ-GAOKAO,BJ-2021-BJ-GAOKAO,20,主观题,1,小问,bafed84c8a9d74a8,倾向,OUT,COLLECTED,MAYBE,OUT,OUT,OUT,OUT,OUT,MAYBE,完整题-有E1,E1,逐题已匹配正式评分材料,,,,,,BJ-2021-BJ-GAOKAO-Q20,2026-09-24-attribution-v3,classify.py:classified_prod.jsonl+matrix.csv+exam_identity.json+skill_overrides.json,no
BJ-2021-BJ-GAOKAO-Q20#2,BJ-2021-BJ-GAOKAO-Q20,BJ-2021-BJ-GAOKAO,BJ-2021-BJ-GAOKAO,20,主观题,2,小问,f9a5c21f16e88e47,倾向,OUT,COLLECTED,MAYBE,OUT,OUT,OUT,OUT,OUT,MAYBE,完整题-有E1,E1,逐题已匹配正式评分材料,,,,,,BJ-2021-BJ-GAOKAO-Q20,2026-09-24-attribution-v3,classify.py:classified_prod.jsonl+matrix.csv+exam_identity.json+skill_overrides.json,no
BJ-2021-BJ-GAOKAO-Q21#1,BJ-2021-BJ-GAOKAO-Q21,BJ-2021-BJ-GAOKAO,BJ-2021-BJ-GAOKAO,21,主观题,1,小问,077368673206a3c3,不明,OUT,MAYBE,COLLECTED,COLLECTED,OUT,MAYBE,MAYBE,OUT,MAYBE,完整题-有E1,E1,逐题已匹配正式评分材料,,,,,,BJ-2021-BJ-GAOKAO-Q21,2026-09-24-attribution-v3,classify.py:classified_prod.jsonl+matrix.csv+exam_identity.json+skill_overrides.json,no
BJ-2021-BJ-GAOKAO-Q21#2,BJ-2021-BJ-GAOKAO-Q21,BJ-2021-BJ-GAOKAO,BJ-2021-BJ-GAOKAO,21,主观题,2,小问,a9b7445395dbe85e,不明,MAYBE,MAYBE,COLLECTED,COLLECTED,MAYBE,MAYBE,MAYBE,MAYBE,MAYBE,完整题-有E1,E1,逐题已匹配正式评分材料,,,,,,BJ-2021-BJ-GAOKAO-Q21,2026-09-24-attribution-v3,classify.py:classified_prod.jsonl+matrix.csv+exam_identity.json+skill_overrides.json,no
BJ-2024-HD-QIZHONG-Q1,BJ-2024-HD-QIZHONG-Q1,BJ-2024-HD-QIZHONG,BJ-2024-HD-QIZHONG,1,选择题,,整题,8a3da99be6ae0ef2,不明,MAYBE,IN,MAYBE,MAYBE,MAYBE,OUT,MAYBE,OUT,OUT,完整题-选择题照收,缺答案键-已核实,"题库rubric_links.csv对该题有明确负例记录(已检查,本题不适用)",identity:dup_alias_qid_pairs合并(pair=BJ-2025-HD-QIZHONG-Q1),BJ-2025-HD-QIZHONG-Q1,,,,BJ-2024-HD-QIZHONG-Q1,2026-09-24-attribution-v3,classify.py:classified_prod.jsonl+matrix.csv+exam_identity.json+skill_overrides.json,no
BJ-2024-HD-QIZHONG-Q2,BJ-2024-HD-QIZHONG-Q2,BJ-2024-HD-QIZHONG,BJ-2024-HD-QIZHONG,2,选择题,,整题,c93c819d67bb66ee,倾向,OUT,COLLECTED,MAYBE,MAYBE,MAYBE,OUT,OUT,OUT,OUT,完整题-选择题照收,缺答案键-已核实,"题库rubric_links.csv对该题有明确负例记录(已检查,本题不适用)",identity:dup_alias_qid_pairs合并(pair=BJ-2025-HD-QIZHONG-Q2),BJ-2025-HD-QIZHONG-Q2,,,,BJ-2024-HD-QIZHONG-Q2,2026-09-24-attribution-v3,classify.py:classified_prod.jsonl+matrix.csv+exam_identity.json+skill_overrides.json,no
BJ-2024-HD-QIZHONG-Q3,BJ-2024-HD-QIZHONG-Q3,BJ-2024-HD-QIZHONG,BJ-2024-HD-QIZHONG,3,选择题,,整题,3d791f525da4c06f,不明,OUT,MAYBE,MAYBE,MAYBE,MAYBE,MAYBE,MAYBE,OUT,OUT,完整题-选择题照收,缺答案键-已核实,"题库rubric_links.csv对该题有明确负例记录(已检查,本题不适用)",identity:dup_alias_qid_pairs合并(pair=BJ-2025-HD-QIZHONG-Q3),BJ-2025-HD-QIZHONG-Q3,,,,BJ-2024-HD-QIZHONG-Q3,2026-09-24-attribution-v3,classify.py:classified_prod.jsonl+matrix.csv+exam_identity.json+skill_overrides.json,no
BJ-2024-HD-QIZHONG-Q4,BJ-2024-HD-QIZHONG-Q4,BJ-2024-HD-QIZHONG,BJ-2024-HD-QIZHONG,4,选择题,,整题,871014b03b79c290,不明,OUT,COLLECTED,MAYBE,MAYBE,MAYBE,MAYBE,OUT,OUT,OUT,完整题-选择题照收,缺答案键-已核实,"题库rubric_links.csv对该题有明确负例记录(已检查,本题不适用)",identity:dup_alias_qid_pairs合并(pair=BJ-2025-HD-QIZHONG-Q4),BJ-2025-HD-QIZHONG-Q4,,,,BJ-2024-HD-QIZHONG-Q4,2026-09-24-attribution-v3,classify.py:classified_prod.jsonl+matrix.csv+exam_identity.json+skill_overrides.json,no
BJ-2024-HD-QIZHONG-Q5,BJ-2024-HD-QIZHONG-Q5,BJ-2024-HD-QIZHONG,BJ-2024-HD-QIZHONG,5,选择题,,整题,85522fb640c3ddac,不明,OUT,COLLECTED,MAYBE,MAYBE,MAYBE,MAYBE,OUT,MAYBE,MAYBE,完整题-选择题照收,缺答案键-已核实,"题库rubric_links.csv对该题有明确负例记录(已检查,本题不适用)",identity:dup_alias_qid_pairs合并(pair=BJ-2025-HD-QIZHONG-Q5),BJ-2025-HD-QIZHONG-Q5,,,,BJ-2024-HD-QIZHONG-Q5,2026-09-24-attribution-v3,classify.py:classified_prod.jsonl+matrix.csv+exam_identity.json+skill_overrides.json,no
BJ-2024-HD-QIZHONG-Q6,BJ-2024-HD-QIZHONG-Q6,BJ-2024-HD-QIZHONG,BJ-2024-HD-QIZHONG,6,选择题,,整题,12a61b03b36917c6,不明,OUT,COLLECTED,MAYBE,MAYBE,MAYBE,OUT,MAYBE,OUT,MAYBE,完整题-选择题照收,缺答案键-已核实,"题库rubric_links.csv对该题有明确负例记录(已检查,本题不适用)",identity:dup_alias_qid_pairs合并(pair=BJ-2025-HD-QIZHONG-Q6),BJ-2025-HD-QIZHONG-Q6,,,,BJ-2024-HD-QIZHONG-Q6,2026-09-24-attribution-v3,classify.py:classified_prod.jsonl+matrix.csv+exam_identity.json+skill_overrides.json,no
BJ-2024-HD-QIZHONG-Q7,BJ-2024-HD-QIZHONG-Q7,BJ-2024-HD-QIZHONG,BJ-2024-HD-QIZHONG,7,选择题,,整题,9d528c82ef0d7208,不明,OUT,IN,COLLECTED,MAYBE,MAYBE,OUT,MAYBE,MAYBE,MAYBE,完整题-选择题照收,缺答案键-已核实,"题库rubric_links.csv对该题有明确负例记录(已检查,本题不适用)",identity:dup_alias_qid_pairs合并(pair=BJ-2025-HD-QIZHONG-Q7),BJ-2025-HD-QIZHONG-Q7,,,,BJ-2024-HD-QIZHONG-Q7,2026-09-24-attribution-v3,classify.py:classified_prod.jsonl+matrix.csv+exam_identity.json+skill_overrides.json,no
BJ-2024-HD-QIZHONG-Q8,BJ-2024-HD-QIZHONG-Q8,BJ-2024-HD-QIZHONG,BJ-2024-HD-QIZHONG,8,选择题,,整题,35a636090b2927d2,不明,OUT,MAYBE,COLLECTED,MAYBE,MAYBE,OUT,OUT,MAYBE,MAYBE,完整题-选择题照收,缺答案键-已核实,"题库rubric_links.csv对该题有明确负例记录(已检查,本题不适用)",identity:dup_alias_qid_pairs合并(pair=BJ-2025-HD-QIZHONG-Q8),BJ-2025-HD-QIZHONG-Q8,,,,BJ-2024-HD-QIZHONG-Q8,2026-09-24-attribution-v3,classify.py:classified_prod.jsonl+matrix.csv+exam_identity.json+skill_overrides.json,no
BJ-2024-HD-QIZHONG-Q9,BJ-2024-HD-QIZHONG-Q9,BJ-2024-HD-QIZHONG,BJ-2024-HD-QIZHONG,9,选择题,,整题,13ff11a49762b5e1,不明,OUT,MAYBE,COLLECTED,MAYBE,COLLECTED,OUT,MAYBE,MAYBE,MAYBE,完整题-选择题照收,缺答案键-已核实,"题库rubric_links.csv对该题有明确负例记录(已检查,本题不适用)",identity:dup_alias_qid_pairs合并(pair=BJ-2025-HD-QIZHONG-Q9),BJ-2025-HD-QIZHONG-Q9,,,,BJ-2024-HD-QIZHONG-Q9,2026-09-24-attribution-v3,classify.py:classified_prod.jsonl+matrix.csv+exam_identity.json+skill_overrides.json,no
BJ-2024-HD-QIZHONG-Q10,BJ-2024-HD-QIZHONG-Q10,BJ-2024-HD-QIZHONG,BJ-2024-HD-QIZHONG,10,选择题,,整题,8de487058f1d33d2,倾向,OUT,COLLECTED,COLLECTED,OUT,MAYBE,OUT,IN,OUT,MAYBE,完整题-选择题照收,缺答案键-已核实,"题库rubric_links.csv对该题有明确负例记录(已检查,本题不适用)",identity:dup_alias_qid_pairs合并(pair=BJ-2025-HD-QIZHONG-Q10),BJ-2025-HD-QIZHONG-Q10,,,,BJ-2024-HD-QIZHONG-Q10,2026-09-24-attribution-v3,classify.py:classified_prod.jsonl+matrix.csv+exam_identity.json+skill_overrides.json,no
BJ-2024-HD-QIZHONG-Q11,BJ-2024-HD-QIZHONG-Q11,BJ-2024-HD-QIZHONG,BJ-2024-HD-QIZHONG,11,选择题,,整题,12f78cfcf1ccd54a,倾向,OUT,COLLECTED,COLLECTED,OUT,OUT,OUT,MAYBE,OUT,MAYBE,完整题-选择题照收,缺答案键-已核实,"题库rubric_links.csv对该题有明确负例记录(已检查,本题不适用)",identity:dup_alias_qid_pairs合并(pair=BJ-2025-HD-QIZHONG-Q11),BJ-2025-HD-QIZHONG-Q11,,,,BJ-2024-HD-QIZHONG-Q11,2026-09-24-attribution-v3,classify.py:classified_prod.jsonl+matrix.csv+exam_identity.json+skill_overrides.json,no
BJ-2024-HD-QIZHONG-Q12,BJ-2024-HD-QIZHONG-Q12,BJ-2024-HD-QIZHONG,BJ-2024-HD-QIZHONG,12,选择题,,整题,51f141b0b271d2cd,不明,MAYBE,IN,OUT,MAYBE,OUT,COLLECTED,MAYBE,OUT,MAYBE,完整题-选择题照收,缺答案键-已核实,"题库rubric_links.csv对该题有明确负例记录(已检查,本题不适用)",identity:dup_alias_qid_pairs合并(pair=BJ-2025-HD-QIZHONG-Q12),BJ-2025-HD-QIZHONG-Q12,,,,BJ-2024-HD-QIZHONG-Q12,2026-09-24-attribution-v3,classify.py:classified_prod.jsonl+matrix.csv+exam_identity.json+skill_overrides.json,no
BJ-2024-HD-QIZHONG-Q13,BJ-2024-HD-QIZHONG-Q13,BJ-2024-HD-QIZHONG,BJ-2024-HD-QIZHONG,13,选择题,,整题,cf114b1516404815,倾向,OUT,IN,MAYBE,OUT,OUT,IN,MAYBE,OUT,MAYBE,完整题-选择题照收,缺答案键-已核实,"题库rubric_links.csv对该题有明确负例记录(已检查,本题不适用)",identity:dup_alias_qid_pairs合并(pair=BJ-2025-HD-QIZHONG-Q13),BJ-2025-HD-QIZHONG-Q13,,,,BJ-2024-HD-QIZHONG-Q13,2026-09-24-attribution-v3,classify.py:classified_prod.jsonl+matrix.csv+exam_identity.json+skill_overrides.json,no
BJ-2024-HD-QIZHONG-Q14,BJ-2024-HD-QIZHONG-Q14,BJ-2024-HD-QIZHONG,BJ-2024-HD-QIZHONG,14,选择题,,整题,96e726f70066ba03,倾向,MAYBE,COLLECTED,MAYBE,OUT,OUT,COLLECTED,OUT,OUT,MAYBE,完整题-选择题照收,缺答案键-已核实,"题库rubric_links.csv对该题有明确负例记录(已检查,本题不适用)",identity:dup_alias_qid_pairs合并(pair=BJ-2025-HD-QIZHONG-Q14),BJ-2025-HD-QIZHONG-Q14,,,,BJ-2024-HD-QIZHONG-Q14,2026-09-24-attribution-v3,classify.py:classified_prod.jsonl+matrix.csv+exam_identity.json+skill_overrides.json,no
BJ-2024-HD-QIZHONG-Q15,BJ-2024-HD-QIZHONG-Q15,BJ-2024-HD-QIZHONG,BJ-2024-HD-QIZHONG,15,选择题,,整题,52f71e4dd59290dc,倾向,MAYBE,COLLECTED,MAYBE,OUT,OUT,COLLECTED,OUT,OUT,MAYBE,完整题-选择题照收,缺答案键-已核实,"题库rubric_links.csv对该题有明确负例记录(已检查,本题不适用)",identity:dup_alias_qid_pairs合并(pair=BJ-2025-HD-QIZHONG-Q15),BJ-2025-HD-QIZHONG-Q15,,,,BJ-2024-HD-QIZHONG-Q15,2026-09-24-attribution-v3,classify.py:classified_prod.jsonl+matrix.csv+exam_identity.json+skill_overrides.json,no
BJ-2024-HD-QIZHONG-Q16#1,BJ-2024-HD-QIZHONG-Q16,BJ-2024-HD-QIZHONG,BJ-2024-HD-QIZHONG,16,主观题,1,小问,069d2028aa6846bc,不明,OUT,COLLECTED,MAYBE,OUT,OUT,COLLECTED,MAYBE,OUT,MAYBE,完整题-有E1,E1,逐题已匹配正式评分材料,identity:dup_alias_qid_pairs合并(pair=BJ-2025-HD-QIZHONG-Q25),BJ-2025-HD-QIZHONG-Q25,,,,BJ-2024-HD-QIZHONG-Q16,2026-09-24-attribution-v3,classify.py:classified_prod.jsonl+matrix.csv+exam_identity.json+skill_overrides.json,no
BJ-2024-HD-QIZHONG-Q16#2,BJ-2024-HD-QIZHONG-Q16,BJ-2024-HD-QIZHONG,BJ-2024-HD-QIZHONG,16,主观题,2,小问,05662c98b2a2c26b,不明,OUT,COLLECTED,MAYBE,OUT,OUT,COLLECTED,MAYBE,OUT,MAYBE,完整题-有E1,E1,逐题已匹配正式评分材料,identity:dup_alias_qid_pairs合并(pair=BJ-2025-HD-QIZHONG-Q25),BJ-2025-HD-QIZHONG-Q25,,,,BJ-2024-HD-QIZHONG-Q16,2026-09-24-attribution-v3,classify.py:classified_prod.jsonl+matrix.csv+exam_identity.json+skill_overrides.json,no
BJ-2024-HD-QIZHONG-Q17,BJ-2024-HD-QIZHONG-Q17,BJ-2024-HD-QIZHONG,BJ-2024-HD-QIZHONG,17,主观题,,整题,2af7dc614241f201,倾向,OUT,COLLECTED,OUT,OUT,OUT,OUT,MAYBE,OUT,OUT,完整题-有E1,E1,逐题已匹配正式评分材料,identity:dup_alias_qid_pairs合并(pair=BJ-2025-HD-QIZHONG-Q17),BJ-2025-HD-QIZHONG-Q17,bixiu2,,,BJ-2024-HD-QIZHONG-Q17,2026-09-24-attribution-v3,classify.py:classified_prod.jsonl+matrix.csv+exam_identity.json+skill_overrides.json,no
BJ-2024-HD-QIZHONG-Q18,BJ-2024-HD-QIZHONG-Q18,BJ-2024-HD-QIZHONG,BJ-2024-HD-QIZHONG,18,主观题,,整题,59c83c5c680c7d0d,倾向,OUT,COLLECTED,COLLECTED,OUT,OUT,MAYBE,MAYBE,OUT,OUT,完整题-有E1,E1,逐题已匹配正式评分材料,,,,B2,,BJ-2024-HD-QIZHONG-Q18,2026-09-24-attribution-v3,classify.py:classified_prod.jsonl+matrix.csv+exam_identity.json+skill_overrides.json,no
BJ-2024-HD-QIZHONG-Q19,BJ-2024-HD-QIZHONG-Q19,BJ-2024-HD-QIZHONG,BJ-2024-HD-QIZHONG,19,主观题,,整题,bdb9918634006880,倾向,OUT,COLLECTED,COLLECTED,MAYBE,OUT,OUT,MAYBE,OUT,OUT,完整题-有E1,E1,逐题已匹配正式评分材料,identity:dup_alias_qid_pairs合并(pair=BJ-2025-HD-QIZHONG-Q19),BJ-2025-HD-QIZHONG-Q19,,B2,,BJ-2024-HD-QIZHONG-Q19,2026-09-24-attribution-v3,classify.py:classified_prod.jsonl+matrix.csv+exam_identity.json+skill_overrides.json,no
BJ-2024-HD-QIZHONG-Q20,BJ-2024-HD-QIZHONG-Q20,BJ-2024-HD-QIZHONG,BJ-2024-HD-QIZHONG,20,主观题,,整题,72735732eab3dd95,倾向,OUT,COLLECTED,MAYBE,OUT,OUT,MAYBE,MAYBE,OUT,OUT,完整题-有E1,E1,逐题已匹配正式评分材料,identity:dup_alias_qid_pairs合并(pair=BJ-2025-HD-QIZHONG-Q20),BJ-2025-HD-QIZHONG-Q20,bixiu2,,,BJ-2024-HD-QIZHONG-Q20,2026-09-24-attribution-v3,classify.py:classified_prod.jsonl+matrix.csv+exam_identity.json+skill_overrides.json,no
BJ-2024-HD-QIZHONG-Q21#1,BJ-2024-HD-QIZHONG-Q21,BJ-2024-HD-QIZHONG,BJ-2024-HD-QIZHONG,21,主观题,1,小问,f1bf6e19c0af23ff,倾向,OUT,COLLECTED,COLLECTED,OUT,OUT,COLLECTED,COLLECTED,OUT,MAYBE,完整题-有E1,E1,逐题已匹配正式评分材料,identity:dup_alias_qid_pairs合并(pair=BJ-2025-HD-QIZHONG-Q21),BJ-2025-HD-QIZHONG-Q21,,,,BJ-2024-HD-QIZHONG-Q21,2026-09-24-attribution-v3,classify.py:classified_prod.jsonl+matrix.csv+exam_identity.json+skill_overrides.json,no
BJ-2024-HD-QIZHONG-Q21#2,BJ-2024-HD-QIZHONG-Q21,BJ-2024-HD-QIZHONG,BJ-2024-HD-QIZHONG,21,主观题,2,小问,bbf0b7d63844993e,倾向,OUT,COLLECTED,COLLECTED,OUT,OUT,COLLECTED,COLLECTED,OUT,MAYBE,完整题-有E1,E1,逐题已匹配正式评分材料,identity:dup_alias_qid_pairs合并(pair=BJ-2025-HD-QIZHONG-Q21),BJ-2025-HD-QIZHONG-Q21,,,,BJ-2024-HD-QIZHONG-Q21,2026-09-24-attribution-v3,classify.py:classified_prod.jsonl+matrix.csv+exam_identity.json+skill_overrides.json,no
BJ-2026-CY-QIMO-Q1,BJ-2026-CY-QIMO-Q1,BJ-2026-CY-QIMO,BJ-2026-CY-QIMO,1,选择题,,整题,5fe698e9fabade6a,不明,MAYBE,MAYBE,IN,MAYBE,MAYBE,MAYBE,OUT,OUT,OUT,完整题-选择题照收,缺答案键-已核实,"题库rubric_links.csv对该题有明确负例记录(已检查,本题不适用)",,,,,,BJ-2026-CY-QIMO-Q1,2026-09-24-attribution-v3,classify.py:classified_prod.jsonl+matrix.csv+exam_identity.json+skill_overrides.json,no
BJ-2026-CY-QIMO-Q2,BJ-2026-CY-QIMO-Q2,BJ-2026-CY-QIMO,BJ-2026-CY-QIMO,2,选择题,,整题,55524b10704da9e5,不明,OUT,COLLECTED,MAYBE,COLLECTED,MAYBE,OUT,OUT,MAYBE,MAYBE,完整题-选择题照收,缺答案键-已核实,"题库rubric_links.csv对该题有明确负例记录(已检查,本题不适用)",,,,,,BJ-2026-CY-QIMO-Q2,2026-09-24-attribution-v3,classify.py:classified_prod.jsonl+matrix.csv+exam_identity.json+skill_overrides.json,no
BJ-2026-CY-QIMO-Q3,BJ-2026-CY-QIMO-Q3,BJ-2026-CY-QIMO,BJ-2026-CY-QIMO,3,选择题,,整题,a8e191cdcb406880,不明,OUT,MAYBE,MAYBE,COLLECTED,MAYBE,MAYBE,OUT,OUT,OUT,完整题-选择题照收,缺答案键-已核实,"题库rubric_links.csv对该题有明确负例记录(已检查,本题不适用)",,,,,,BJ-2026-CY-QIMO-Q3,2026-09-24-attribution-v3,classify.py:classified_prod.jsonl+matrix.csv+exam_identity.json+skill_overrides.json,no
BJ-2026-CY-QIMO-Q4,BJ-2026-CY-QIMO-Q4,BJ-2026-CY-QIMO,BJ-2026-CY-QIMO,4,选择题,,整题,a2e8f1b749c8629c,倾向,OUT,MAYBE,MAYBE,COLLECTED,MAYBE,OUT,OUT,OUT,OUT,完整题-选择题照收,缺答案键-已核实,"题库rubric_links.csv对该题有明确负例记录(已检查,本题不适用)",,,,,,BJ-2026-CY-QIMO-Q4,2026-09-24-attribution-v3,classify.py:classified_prod.jsonl+matrix.csv+exam_identity.json+skill_overrides.json,no
BJ-2026-CY-QIMO-Q5,BJ-2026-CY-QIMO-Q5,BJ-2026-CY-QIMO,BJ-2026-CY-QIMO,5,选择题,,整题,7443f54e3fd1efe0,不明,OUT,MAYBE,MAYBE,COLLECTED,MAYBE,MAYBE,OUT,MAYBE,COLLECTED,完整题-选择题照收,缺答案键-已核实,"题库rubric_links.csv对该题有明确负例记录(已检查,本题不适用)",,,,,,BJ-2026-CY-QIMO-Q5,2026-09-24-attribution-v3,classify.py:classified_prod.jsonl+matrix.csv+exam_identity.json+skill_overrides.json,no
BJ-2026-CY-QIMO-Q6,BJ-2026-CY-QIMO-Q6,BJ-2026-CY-QIMO,BJ-2026-CY-QIMO,6,选择题,,整题,acc5bff8b719856f,不明,OUT,MAYBE,MAYBE,MAYBE,MAYBE,MAYBE,MAYBE,OUT,COLLECTED,完整题-选择题照收,缺答案键-已核实,"题库rubric_links.csv对该题有明确负例记录(已检查,本题不适用)",,,,,,BJ-2026-CY-QIMO-Q6,2026-09-24-attribution-v3,classify.py:classified_prod.jsonl+matrix.csv+exam_identity.json+skill_overrides.json,no
BJ-2026-CY-QIMO-Q7,BJ-2026-CY-QIMO-Q7,BJ-2026-CY-QIMO,BJ-2026-CY-QIMO,7,选择题,,整题,8fd802e0b1895791,不明,OUT,COLLECTED,COLLECTED,MAYBE,MAYBE,OUT,MAYBE,MAYBE,MAYBE,完整题-选择题照收,缺答案键-已核实,"题库rubric_links.csv对该题有明确负例记录(已检查,本题不适用)",,,,B2,,BJ-2026-CY-QIMO-Q7,2026-09-24-attribution-v3,classify.py:classified_prod.jsonl+matrix.csv+exam_identity.json+skill_overrides.json,no
BJ-2026-CY-QIMO-Q8,BJ-2026-CY-QIMO-Q8,BJ-2026-CY-QIMO,BJ-2026-CY-QIMO,8,选择题,,整题,2b4ddc91c1bffb40,不明,OUT,MAYBE,COLLECTED,MAYBE,MAYBE,MAYBE,OUT,MAYBE,MAYBE,完整题-选择题照收,缺答案键-已核实,"题库rubric_links.csv对该题有明确负例记录(已检查,本题不适用)",,,,,,BJ-2026-CY-QIMO-Q8,2026-09-24-attribution-v3,classify.py:classified_prod.jsonl+matrix.csv+exam_identity.json+skill_overrides.json,no
BJ-2026-CY-QIMO-Q9,BJ-2026-CY-QIMO-Q9,BJ-2026-CY-QIMO,BJ-2026-CY-QIMO,9,选择题,,整题,a88d2a957db36a36,不明,OUT,MAYBE,COLLECTED,MAYBE,MAYBE,MAYBE,MAYBE,MAYBE,MAYBE,完整题-选择题照收,缺答案键-已核实,"题库rubric_links.csv对该题有明确负例记录(已检查,本题不适用)",,,,,,BJ-2026-CY-QIMO-Q9,2026-09-24-attribution-v3,classify.py:classified_prod.jsonl+matrix.csv+exam_identity.json+skill_overrides.json,no
BJ-2026-CY-QIMO-Q10,BJ-2026-CY-QIMO-Q10,BJ-2026-CY-QIMO,BJ-2026-CY-QIMO,10,选择题,,整题,a759ae33a8d80339,倾向,OUT,MAYBE,IN,OUT,MAYBE,OUT,COLLECTED,OUT,MAYBE,完整题-选择题照收,缺答案键-已核实,"题库rubric_links.csv对该题有明确负例记录(已检查,本题不适用)",,,,,,BJ-2026-CY-QIMO-Q10,2026-09-24-attribution-v3,classify.py:classified_prod.jsonl+matrix.csv+exam_identity.json+skill_overrides.json,no
BJ-2026-CY-QIMO-Q11,BJ-2026-CY-QIMO-Q11,BJ-2026-CY-QIMO,BJ-2026-CY-QIMO,11,选择题,,整题,0190d4ab7e2d7058,倾向,OUT,MAYBE,MAYBE,OUT,OUT,OUT,COLLECTED,OUT,MAYBE,完整题-选择题照收,缺答案键-已核实,"题库rubric_links.csv对该题有明确负例记录(已检查,本题不适用)",,,,,,BJ-2026-CY-QIMO-Q11,2026-09-24-attribution-v3,classify.py:classified_prod.jsonl+matrix.csv+exam_identity.json+skill_overrides.json,no
BJ-2026-CY-QIMO-Q12,BJ-2026-CY-QIMO-Q12,BJ-2026-CY-QIMO,BJ-2026-CY-QIMO,12,选择题,,整题,1e66a132042d8c01,不明,MAYBE,COLLECTED,MAYBE,OUT,OUT,MAYBE,MAYBE,OUT,MAYBE,完整题-选择题照收,缺答案键-已核实,"题库rubric_links.csv对该题有明确负例记录(已检查,本题不适用)",,,,,,BJ-2026-CY-QIMO-Q12,2026-09-24-attribution-v3,classify.py:classified_prod.jsonl+matrix.csv+exam_identity.json+skill_overrides.json,no
BJ-2026-CY-QIMO-Q13,BJ-2026-CY-QIMO-Q13,BJ-2026-CY-QIMO,BJ-2026-CY-QIMO,13,选择题,,整题,47aa288dba095b3c,不明,MAYBE,COLLECTED,MAYBE,OUT,OUT,MAYBE,MAYBE,OUT,MAYBE,完整题-选择题照收,缺答案键-已核实,"题库rubric_links.csv对该题有明确负例记录(已检查,本题不适用)",,,,,,BJ-2026-CY-QIMO-Q13,2026-09-24-attribution-v3,classify.py:classified_prod.jsonl+matrix.csv+exam_identity.json+skill_overrides.json,no
BJ-2026-CY-QIMO-Q14,BJ-2026-CY-QIMO-Q14,BJ-2026-CY-QIMO,BJ-2026-CY-QIMO,14,选择题,,整题,c17e2291de15a278,倾向,MAYBE,COLLECTED,MAYBE,OUT,OUT,COLLECTED,OUT,OUT,MAYBE,完整题-选择题照收,缺答案键-已核实,"题库rubric_links.csv对该题有明确负例记录(已检查,本题不适用)",,,,,,BJ-2026-CY-QIMO-Q14,2026-09-24-attribution-v3,classify.py:classified_prod.jsonl+matrix.csv+exam_identity.json+skill_overrides.json,no
BJ-2026-CY-QIMO-Q15,BJ-2026-CY-QIMO-Q15,BJ-2026-CY-QIMO,BJ-2026-CY-QIMO,15,选择题,,整题,ce17a269645467ff,倾向,MAYBE,COLLECTED,MAYBE,OUT,OUT,COLLECTED,OUT,OUT,MAYBE,完整题-选择题照收,缺答案键-已核实,"题库rubric_links.csv对该题有明确负例记录(已检查,本题不适用)",,,,,,BJ-2026-CY-QIMO-Q15,2026-09-24-attribution-v3,classify.py:classified_prod.jsonl+matrix.csv+exam_identity.json+skill_overrides.json,no
BJ-2026-CY-QIMO-Q16,BJ-2026-CY-QIMO-Q16,BJ-2026-CY-QIMO,BJ-2026-CY-QIMO,16,主观题,,整题,57dcb7b31c24991f,倾向,OUT,MAYBE,OUT,COLLECTED,COLLECTED,OUT,OUT,OUT,MAYBE,完整题-有E1,E1,逐题已匹配正式评分材料,,,,,,BJ-2026-CY-QIMO-Q16,2026-09-24-attribution-v3,classify.py:classified_prod.jsonl+matrix.csv+exam_identity.json+skill_overrides.json,no
BJ-2026-CY-QIMO-Q17,BJ-2026-CY-QIMO-Q17,BJ-2026-CY-QIMO,BJ-2026-CY-QIMO,17,主观题,,整题,b20be4834b346ea7,不明,OUT,MAYBE,COLLECTED,MAYBE,MAYBE,MAYBE,MAYBE,OUT,OUT,完整题-有E1,E1,逐题已匹配正式评分材料,,,,,,BJ-2026-CY-QIMO-Q17,2026-09-24-attribution-v3,classify.py:classified_prod.jsonl+matrix.csv+exam_identity.json+skill_overrides.json,no
BJ-2026-CY-QIMO-Q18#1,BJ-2026-CY-QIMO-Q18,BJ-2026-CY-QIMO,BJ-2026-CY-QIMO,18,主观题,1,小问,3c38170815efb1cf,倾向,OUT,OUT,MAYBE,OUT,OUT,OUT,COLLECTED,MAYBE,COLLECTED,完整题-有E1,E1,逐题已匹配正式评分材料,,,,,,BJ-2026-CY-QIMO-Q18,2026-09-24-attribution-v3,classify.py:classified_prod.jsonl+matrix.csv+exam_identity.json+skill_overrides.json,no
BJ-2026-CY-QIMO-Q18#2,BJ-2026-CY-QIMO-Q18,BJ-2026-CY-QIMO,BJ-2026-CY-QIMO,18,主观题,2,小问,fa3237ddb2ead6fb,倾向,OUT,OUT,MAYBE,OUT,OUT,OUT,COLLECTED,MAYBE,COLLECTED,完整题-有E1,E1,逐题已匹配正式评分材料,,,,,,BJ-2026-CY-QIMO-Q18,2026-09-24-attribution-v3,classify.py:classified_prod.jsonl+matrix.csv+exam_identity.json+skill_overrides.json,no
BJ-2026-CY-QIMO-Q18#3,BJ-2026-CY-QIMO-Q18,BJ-2026-CY-QIMO,BJ-2026-CY-QIMO,18,主观题,3,小问,af6c540f802edad4,倾向,OUT,OUT,MAYBE,OUT,OUT,OUT,COLLECTED,MAYBE,COLLECTED,完整题-有E1,E1,逐题已匹配正式评分材料,,,,,,BJ-2026-CY-QIMO-Q18,2026-09-24-attribution-v3,classify.py:classified_prod.jsonl+matrix.csv+exam_identity.json+skill_overrides.json,no
BJ-2026-CY-QIMO-Q19,BJ-2026-CY-QIMO-Q19,BJ-2026-CY-QIMO,BJ-2026-CY-QIMO,19,主观题,,整题,57549ce57351776e,不明,OUT,COLLECTED,MAYBE,OUT,OUT,MAYBE,MAYBE,OUT,MAYBE,完整题-有E1,E1,逐题已匹配正式评分材料,,,,,,BJ-2026-CY-QIMO-Q19,2026-09-24-attribution-v3,classify.py:classified_prod.jsonl+matrix.csv+exam_identity.json+skill_overrides.json,no
BJ-2026-CY-QIMO-Q20,BJ-2026-CY-QIMO-Q20,BJ-2026-CY-QIMO,BJ-2026-CY-QIMO,20,主观题,,整题,f2a888238d2d2888,倾向,MAYBE,OUT,OUT,OUT,OUT,COLLECTED,OUT,OUT,OUT,完整题-有E1,E1,逐题已匹配正式评分材料,,,,,,BJ-2026-CY-QIMO-Q20,2026-09-24-attribution-v3,classify.py:classified_prod.jsonl+matrix.csv+exam_identity.json+skill_overrides.json,no
BJ-2026-CY-QIMO-Q21,BJ-2026-CY-QIMO-Q21,BJ-2026-CY-QIMO,BJ-2026-CY-QIMO,21,主观题,,整题,98607f7ea91933d8,不明,MAYBE,COLLECTED,COLLECTED,COLLECTED,MAYBE,MAYBE,MAYBE,MAYBE,MAYBE,完整题-有E1,E1,逐题已匹配正式评分材料,,,,,,BJ-2026-CY-QIMO-Q21,2026-09-24-attribution-v3,classify.py:classified_prod.jsonl+matrix.csv+exam_identity.json+skill_overrides.json,no
BJ-2023-HD-ERMO-Q1,BJ-2023-HD-ERMO-Q1,BJ-2023-HD-ERMO,BJ-2023-HD-ERMO,1,选择题,,整题,3011a78384b614a5,不明,MAYBE,MAYBE,MAYBE,MAYBE,MAYBE,OUT,OUT,OUT,OUT,完整题-选择题照收,E3,逐题已匹配参考答案,,,,,,BJ-2023-HD-ERMO-Q1,2026-09-24-attribution-v3,classify.py:classified_prod.jsonl+matrix.csv+exam_identity.json+skill_overrides.json,no
BJ-2023-HD-ERMO-Q10,BJ-2023-HD-ERMO-Q10,BJ-2023-HD-ERMO,BJ-2023-HD-ERMO,10,选择题,,整题,772acd97d849d49d,倾向,OUT,COLLECTED,COLLECTED,OUT,OUT,OUT,MAYBE,OUT,OUT,完整题-选择题照收,E3,逐题已匹配参考答案,,,,,,BJ-2023-HD-ERMO-Q10,2026-09-24-attribution-v3,classify.py:classified_prod.jsonl+matrix.csv+exam_identity.json+skill_overrides.json,no
BJ-2023-HD-ERMO-Q11,BJ-2023-HD-ERMO-Q11,BJ-2023-HD-ERMO,BJ-2023-HD-ERMO,11,选择题,,整题,fa6bc63e446c49f3,不明,OUT,MAYBE,MAYBE,MAYBE,OUT,MAYBE,MAYBE,MAYBE,OUT,完整题-选择题照收,E3,逐题已匹配参考答案,,,,,,BJ-2023-HD-ERMO-Q11,2026-09-24-attribution-v3,classify.py:classified_prod.jsonl+matrix.csv+exam_identity.json+skill_overrides.json,no
BJ-2023-HD-ERMO-Q12,BJ-2023-HD-ERMO-Q12,BJ-2023-HD-ERMO,BJ-2023-HD-ERMO,12,选择题,,整题,29606d2118b407aa,不明,OUT,MAYBE,MAYBE,OUT,OUT,OUT,MAYBE,MAYBE,OUT,完整题-选择题照收,E3,逐题已匹配参考答案,,,,,,BJ-2023-HD-ERMO-Q12,2026-09-24-attribution-v3,classify.py:classified_prod.jsonl+matrix.csv+exam_identity.json+skill_overrides.json,no
BJ-2023-HD-ERMO-Q13,BJ-2023-HD-ERMO-Q13,BJ-2023-HD-ERMO,BJ-2023-HD-ERMO,13,选择题,,整题,398d3d7322e99cf9,倾向,OUT,COLLECTED,MAYBE,OUT,OUT,IN,OUT,MAYBE,MAYBE,完整题-选择题照收,E3,逐题已匹配参考答案,,,,,,BJ-2023-HD-ERMO-Q13,2026-09-24-attribution-v3,classify.py:classified_prod.jsonl+matrix.csv+exam_identity.json+skill_overrides.json,no
BJ-2023-HD-ERMO-Q14,BJ-2023-HD-ERMO-Q14,BJ-2023-HD-ERMO,BJ-2023-HD-ERMO,14,选择题,,整题,2fd0d9240852a02b,不明,MAYBE,COLLECTED,MAYBE,OUT,OUT,MAYBE,MAYBE,MAYBE,MAYBE,完整题-选择题照收,E3,逐题已匹配参考答案,,,,,,BJ-2023-HD-ERMO-Q14,2026-09-24-attribution-v3,classify.py:classified_prod.jsonl+matrix.csv+exam_identity.json+skill_overrides.json,no
BJ-2023-HD-ERMO-Q15,BJ-2023-HD-ERMO-Q15,BJ-2023-HD-ERMO,BJ-2023-HD-ERMO,15,选择题,,整题,e49a64d8a7e3dba6,不明,MAYBE,COLLECTED,COLLECTED,MAYBE,MAYBE,MAYBE,MAYBE,OUT,OUT,完整题-选择题照收,E3,逐题已匹配参考答案,,,,,,BJ-2023-HD-ERMO-Q15,2026-09-24-attribution-v3,classify.py:classified_prod.jsonl+matrix.csv+exam_identity.json+skill_overrides.json,no
BJ-2023-HD-ERMO-Q16,BJ-2023-HD-ERMO-Q16,BJ-2023-HD-ERMO,BJ-2023-HD-ERMO,16,主观题,,整题,734ab1337a2855d5,不明,IN,OUT,MAYBE,MAYBE,MAYBE,MAYBE,MAYBE,OUT,MAYBE,完整题-有E1,E1,逐题已匹配正式评分材料,,,,,,BJ-2023-HD-ERMO-Q16,2026-09-24-attribution-v3,classify.py:classified_prod.jsonl+matrix.csv+exam_identity.json+skill_overrides.json,no
BJ-2023-HD-ERMO-Q17,BJ-2023-HD-ERMO-Q17,BJ-2023-HD-ERMO,BJ-2023-HD-ERMO,17,主观题,,整题,5f7b9933bfffbc0f,倾向,OUT,COLLECTED,OUT,MAYBE,OUT,OUT,MAYBE,OUT,OUT,完整题-有E1,E1,逐题已匹配正式评分材料,,,,,,BJ-2023-HD-ERMO-Q17,2026-09-24-attribution-v3,classify.py:classified_prod.jsonl+matrix.csv+exam_identity.json+skill_overrides.json,no
BJ-2023-HD-ERMO-Q18,BJ-2023-HD-ERMO-Q18,BJ-2023-HD-ERMO,BJ-2023-HD-ERMO,18,主观题,,整题,95769fa28ff5fc3f,不明,OUT,COLLECTED,OUT,MAYBE,MAYBE,MAYBE,MAYBE,MAYBE,OUT,完整题-有E1,E1,逐题已匹配正式评分材料,,,,,,BJ-2023-HD-ERMO-Q18,2026-09-24-attribution-v3,classify.py:classified_prod.jsonl+matrix.csv+exam_identity.json+skill_overrides.json,no
BJ-2023-HD-ERMO-Q19,BJ-2023-HD-ERMO-Q19,BJ-2023-HD-ERMO,BJ-2023-HD-ERMO,19,主观题,,整题,34d6db9b9d1ed533,倾向,OUT,COLLECTED,OUT,OUT,OUT,OUT,MAYBE,OUT,MAYBE,完整题-有E1,E1,逐题已匹配正式评分材料,,,,,,BJ-2023-HD-ERMO-Q19,2026-09-24-attribution-v3,classify.py:classified_prod.jsonl+matrix.csv+exam_identity.json+skill_overrides.json,no
BJ-2023-HD-ERMO-Q2,BJ-2023-HD-ERMO-Q2,BJ-2023-HD-ERMO,BJ-2023-HD-ERMO,2,选择题,,整题,4c2de06d1cd0f69f,不明,OUT,MAYBE,MAYBE,MAYBE,MAYBE,OUT,OUT,OUT,MAYBE,完整题-选择题照收,E3,逐题已匹配参考答案,,,,,,BJ-2023-HD-ERMO-Q2,2026-09-24-attribution-v3,classify.py:classified_prod.jsonl+matrix.csv+exam_identity.json+skill_overrides.json,no
BJ-2023-HD-ERMO-Q20#1,BJ-2023-HD-ERMO-Q20,BJ-2023-HD-ERMO,BJ-2023-HD-ERMO,20,主观题,1,小问,8a42f2e779b058f3,不明,MAYBE,COLLECTED,COLLECTED,MAYBE,MAYBE,MAYBE,MAYBE,MAYBE,MAYBE,完整题-有E1,E1,逐题已匹配正式评分材料,,,,,,BJ-2023-HD-ERMO-Q20,2026-09-24-attribution-v3,classify.py:classified_prod.jsonl+matrix.csv+exam_identity.json+skill_overrides.json,no
BJ-2023-HD-ERMO-Q20#2,BJ-2023-HD-ERMO-Q20,BJ-2023-HD-ERMO,BJ-2023-HD-ERMO,20,主观题,2,小问,b4cf07522a4ae188,不明,OUT,COLLECTED,COLLECTED,IN,OUT,MAYBE,MAYBE,MAYBE,OUT,完整题-有E1,E1,逐题已匹配正式评分材料,,,,B2,,BJ-2023-HD-ERMO-Q20,2026-09-24-attribution-v3,classify.py:classified_prod.jsonl+matrix.csv+exam_identity.json+skill_overrides.json,no
BJ-2023-HD-ERMO-Q20#3,BJ-2023-HD-ERMO-Q20,BJ-2023-HD-ERMO,BJ-2023-HD-ERMO,20,主观题,3,小问,b5c2c62636014866,不明,OUT,COLLECTED,COLLECTED,MAYBE,OUT,MAYBE,MAYBE,MAYBE,OUT,完整题-有E1,E1,逐题已匹配正式评分材料,,,,,,BJ-2023-HD-ERMO-Q20,2026-09-24-attribution-v3,classify.py:classified_prod.jsonl+matrix.csv+exam_identity.json+skill_overrides.json,no
BJ-2023-HD-ERMO-Q21#1,BJ-2023-HD-ERMO-Q21,BJ-2023-HD-ERMO,BJ-2023-HD-ERMO,21,主观题,1,小问,fae8f134d47dd8d7,不明,OUT,OUT,OUT,MAYBE,MAYBE,MAYBE,MAYBE,IN,MAYBE,完整题-有E1,E1,逐题已匹配正式评分材料,,,,,,BJ-2023-HD-ERMO-Q21,2026-09-24-attribution-v3,classify.py:classified_prod.jsonl+matrix.csv+exam_identity.json+skill_overrides.json,no
BJ-2023-HD-ERMO-Q21#2,BJ-2023-HD-ERMO-Q21,BJ-2023-HD-ERMO,BJ-2023-HD-ERMO,21,主观题,2,小问,f9c2138aeb99aa8a,不明,MAYBE,MAYBE,MAYBE,MAYBE,MAYBE,MAYBE,MAYBE,MAYBE,MAYBE,完整题-有E1,E1,逐题已匹配正式评分材料,,,,,,BJ-2023-HD-ERMO-Q21,2026-09-24-attribution-v3,classify.py:classified_prod.jsonl+matrix.csv+exam_identity.json+skill_overrides.json,no
BJ-2023-HD-ERMO-Q3,BJ-2023-HD-ERMO-Q3,BJ-2023-HD-ERMO,BJ-2023-HD-ERMO,3,选择题,,整题,93e0527f4dd5707d,不明,OUT,MAYBE,MAYBE,MAYBE,MAYBE,OUT,OUT,MAYBE,MAYBE,完整题-选择题照收,E3,逐题已匹配参考答案,,,,,,BJ-2023-HD-ERMO-Q3,2026-09-24-attribution-v3,classify.py:classified_prod.jsonl+matrix.csv+exam_identity.json+skill_overrides.json,no
BJ-2023-HD-ERMO-Q4,BJ-2023-HD-ERMO-Q4,BJ-2023-HD-ERMO,BJ-2023-HD-ERMO,4,选择题,,整题,49524790c74600a0,不明,OUT,MAYBE,MAYBE,MAYBE,MAYBE,OUT,OUT,IN,MAYBE,完整题-选择题照收,E3,逐题已匹配参考答案,,,,,,BJ-2023-HD-ERMO-Q4,2026-09-24-attribution-v3,classify.py:classified_prod.jsonl+matrix.csv+exam_identity.json+skill_overrides.json,no
BJ-2023-HD-ERMO-Q5,BJ-2023-HD-ERMO-Q5,BJ-2023-HD-ERMO,BJ-2023-HD-ERMO,5,选择题,,整题,70a73d92d29c28d3,不明,OUT,MAYBE,MAYBE,MAYBE,MAYBE,OUT,OUT,MAYBE,IN,完整题-选择题照收,E3,逐题已匹配参考答案,,,,,,BJ-2023-HD-ERMO-Q5,2026-09-24-attribution-v3,classify.py:classified_prod.jsonl+matrix.csv+exam_identity.json+skill_overrides.json,no
BJ-2023-HD-ERMO-Q6,BJ-2023-HD-ERMO-Q6,BJ-2023-HD-ERMO,BJ-2023-HD-ERMO,6,选择题,,整题,e2affa1ce4cb69e7,不明,OUT,COLLECTED,MAYBE,MAYBE,MAYBE,OUT,OUT,MAYBE,MAYBE,完整题-选择题照收,E3,逐题已匹配参考答案,,,,,,BJ-2023-HD-ERMO-Q6,2026-09-24-attribution-v3,classify.py:classified_prod.jsonl+matrix.csv+exam_identity.json+skill_overrides.json,no
BJ-2023-HD-ERMO-Q7,BJ-2023-HD-ERMO-Q7,BJ-2023-HD-ERMO,BJ-2023-HD-ERMO,7,选择题,,整题,03c809a96275bbd4,不明,OUT,COLLECTED,MAYBE,MAYBE,MAYBE,MAYBE,OUT,MAYBE,MAYBE,完整题-选择题照收,E3,逐题已匹配参考答案,,,,,,BJ-2023-HD-ERMO-Q7,2026-09-24-attribution-v3,classify.py:classified_prod.jsonl+matrix.csv+exam_identity.json+skill_overrides.json,no
BJ-2023-HD-ERMO-Q8,BJ-2023-HD-ERMO-Q8,BJ-2023-HD-ERMO,BJ-2023-HD-ERMO,8,选择题,,整题,0e306ceb3e28ba16,倾向,OUT,COLLECTED,MAYBE,MAYBE,OUT,OUT,OUT,OUT,OUT,完整题-选择题照收,E3,逐题已匹配参考答案,,,,,,BJ-2023-HD-ERMO-Q8,2026-09-24-attribution-v3,classify.py:classified_prod.jsonl+matrix.csv+exam_identity.json+skill_overrides.json,no
BJ-2023-HD-ERMO-Q9,BJ-2023-HD-ERMO-Q9,BJ-2023-HD-ERMO,BJ-2023-HD-ERMO,9,选择题,,整题,d224df699d66d74f,不明,OUT,COLLECTED,MAYBE,MAYBE,MAYBE,OUT,MAYBE,OUT,OUT,完整题-选择题照收,E3,逐题已匹配参考答案,,,,,,BJ-2023-HD-ERMO-Q9,2026-09-24-attribution-v3,classify.py:classified_prod.jsonl+matrix.csv+exam_identity.json+skill_overrides.json,no
BJ-2023-DC-YIMO-Q16,BJ-2023-DC-YIMO-Q16,BJ-2023-DC-YIMO,BJ-2023-DC-YIMO,16,主观题,,整题,e7d883a595ea54eb,不明,OUT,OUT,OUT,MAYBE,MAYBE,OUT,OUT,OUT,MAYBE,完整题-有E1,E1,逐题已匹配正式评分材料,,,,,,BJ-2023-DC-YIMO-Q16,2026-09-24-attribution-v3,classify.py:classified_prod.jsonl+matrix.csv+exam_identity.json+skill_overrides.json,no
BJ-2023-DC-YIMO-Q17,BJ-2023-DC-YIMO-Q17,BJ-2023-DC-YIMO,BJ-2023-DC-YIMO,17,主观题,,整题,e1a68a70a3bcc164,确定,OUT,COLLECTED,COLLECTED,OUT,OUT,OUT,IN,OUT,OUT,完整题-有E1,E1,逐题已匹配正式评分材料,,,,,,BJ-2023-DC-YIMO-Q17,2026-09-24-attribution-v3,classify.py:classified_prod.jsonl+matrix.csv+exam_identity.json+skill_overrides.json,no
BJ-2023-DC-YIMO-Q18#1,BJ-2023-DC-YIMO-Q18,BJ-2023-DC-YIMO,BJ-2023-DC-YIMO,18,主观题,1,小问,5db3f7a73602fdd1,不明,OUT,COLLECTED,MAYBE,OUT,MAYBE,MAYBE,MAYBE,OUT,OUT,完整题-有E1,E1,逐题已匹配正式评分材料,,,,,,BJ-2023-DC-YIMO-Q18,2026-09-24-attribution-v3,classify.py:classified_prod.jsonl+matrix.csv+exam_identity.json+skill_overrides.json,no
BJ-2023-DC-YIMO-Q18#2,BJ-2023-DC-YIMO-Q18,BJ-2023-DC-YIMO,BJ-2023-DC-YIMO,18,主观题,2,小问,2537fef41bee25a5,不明,OUT,COLLECTED,MAYBE,OUT,MAYBE,MAYBE,MAYBE,OUT,OUT,完整题-有E1,E1,逐题已匹配正式评分材料,,,,,,BJ-2023-DC-YIMO-Q18,2026-09-24-attribution-v3,classify.py:classified_prod.jsonl+matrix.csv+exam_identity.json+skill_overrides.json,no
BJ-2023-DC-YIMO-Q18#3,BJ-2023-DC-YIMO-Q18,BJ-2023-DC-YIMO,BJ-2023-DC-YIMO,18,主观题,3,小问,d30d8a542cf68b86,不明,MAYBE,COLLECTED,MAYBE,MAYBE,MAYBE,MAYBE,MAYBE,MAYBE,MAYBE,完整题-有E1,E1,逐题已匹配正式评分材料,,,,,,BJ-2023-DC-YIMO-Q18,2026-09-24-attribution-v3,classify.py:classified_prod.jsonl+matrix.csv+exam_identity.json+skill_overrides.json,no
BJ-2023-DC-YIMO-Q19,BJ-2023-DC-YIMO-Q19,BJ-2023-DC-YIMO,BJ-2023-DC-YIMO,19,主观题,,整题,7f01895a0cee8e32,确定,OUT,COLLECTED,OUT,OUT,OUT,IN,OUT,OUT,OUT,完整题-有E1,E1,逐题已匹配正式评分材料,,,,,,BJ-2023-DC-YIMO-Q19,2026-09-24-attribution-v3,classify.py:classified_prod.jsonl+matrix.csv+exam_identity.json+skill_overrides.json,no
BJ-2023-DC-YIMO-Q20#1,BJ-2023-DC-YIMO-Q20,BJ-2023-DC-YIMO,BJ-2023-DC-YIMO,20,主观题,1,小问,73c34fba582cc234,不明,OUT,COLLECTED,COLLECTED,OUT,OUT,MAYBE,MAYBE,OUT,IN,完整题-有E1,E1,逐题已匹配正式评分材料,,,,,,BJ-2023-DC-YIMO-Q20,2026-09-24-attribution-v3,classify.py:classified_prod.jsonl+matrix.csv+exam_identity.json+skill_overrides.json,no
BJ-2023-DC-YIMO-Q20#2,BJ-2023-DC-YIMO-Q20,BJ-2023-DC-YIMO,BJ-2023-DC-YIMO,20,主观题,2,小问,966ae2d572cde5a3,不明,MAYBE,COLLECTED,COLLECTED,MAYBE,MAYBE,MAYBE,MAYBE,MAYBE,MAYBE,完整题-有E1,E1,逐题已匹配正式评分材料,,,,,,BJ-2023-DC-YIMO-Q20,2026-09-24-attribution-v3,classify.py:classified_prod.jsonl+matrix.csv+exam_identity.json+skill_overrides.json,no
BJ-2023-DC-YIMO-Q21,BJ-2023-DC-YIMO-Q21,BJ-2023-DC-YIMO,BJ-2023-DC-YIMO,21,主观题,,整题,fa93192115a6dcd2,不明,MAYBE,MAYBE,COLLECTED,MAYBE,MAYBE,MAYBE,MAYBE,MAYBE,MAYBE,完整题-有E1,E1,逐题已匹配正式评分材料,,,,,,BJ-2023-DC-YIMO-Q21,2026-09-24-attribution-v3,classify.py:classified_prod.jsonl+matrix.csv+exam_identity.json+skill_overrides.json,no
BJ-2023-DC-YIMO-Q1,BJ-2023-DC-YIMO-Q1,BJ-2023-DC-YIMO,BJ-2023-DC-YIMO,1,选择题,,整题,eabbd701a2bb80c9,倾向,IN,MAYBE,IN,MAYBE,MAYBE,OUT,OUT,OUT,OUT,完整题-选择题照收,答案键来源未核实(候选未确认),该题正式评分材料候选存在候选/存在冲突，未确认匹配，不下判,,,,,,BJ-2023-DC-YIMO-Q1,2026-09-24-attribution-v3,classify.py:classified_prod.jsonl+matrix.csv+exam_identity.json+skill_overrides.json,no
BJ-2023-DC-YIMO-Q2,BJ-2023-DC-YIMO-Q2,BJ-2023-DC-YIMO,BJ-2023-DC-YIMO,2,选择题,,整题,607c3bbed14b0b22,不明,OUT,COLLECTED,MAYBE,MAYBE,MAYBE,OUT,OUT,MAYBE,MAYBE,完整题-选择题照收,答案键来源未核实(候选未确认),该题正式评分材料候选存在候选/存在冲突，未确认匹配，不下判,,,,,,BJ-2023-DC-YIMO-Q2,2026-09-24-attribution-v3,classify.py:classified_prod.jsonl+matrix.csv+exam_identity.json+skill_overrides.json,no
BJ-2023-DC-YIMO-Q3,BJ-2023-DC-YIMO-Q3,BJ-2023-DC-YIMO,BJ-2023-DC-YIMO,3,选择题,,整题,3191f9e5ec04972b,不明,OUT,COLLECTED,MAYBE,MAYBE,MAYBE,OUT,OUT,MAYBE,MAYBE,完整题-选择题照收,答案键来源未核实(候选未确认),该题正式评分材料候选存在候选/存在冲突，未确认匹配，不下判,,,,,,BJ-2023-DC-YIMO-Q3,2026-09-24-attribution-v3,classify.py:classified_prod.jsonl+matrix.csv+exam_identity.json+skill_overrides.json,no
BJ-2023-DC-YIMO-Q4,BJ-2023-DC-YIMO-Q4,BJ-2023-DC-YIMO,BJ-2023-DC-YIMO,4,选择题,,整题,7803d1cbcf7c3c30,不明,OUT,COLLECTED,MAYBE,MAYBE,MAYBE,OUT,OUT,MAYBE,MAYBE,完整题-选择题照收,答案键来源未核实(候选未确认),该题正式评分材料候选存在候选/存在冲突，未确认匹配，不下判,,,,,,BJ-2023-DC-YIMO-Q4,2026-09-24-attribution-v3,classify.py:classified_prod.jsonl+matrix.csv+exam_identity.json+skill_overrides.json,no
BJ-2023-DC-YIMO-Q5,BJ-2023-DC-YIMO-Q5,BJ-2023-DC-YIMO,BJ-2023-DC-YIMO,5,选择题,,整题,e57e9dc051edb9a9,不明,OUT,MAYBE,COLLECTED,MAYBE,MAYBE,OUT,OUT,MAYBE,MAYBE,完整题-选择题照收,答案键来源未核实(候选未确认),该题正式评分材料候选存在候选/存在冲突，未确认匹配，不下判,,,,,,BJ-2023-DC-YIMO-Q5,2026-09-24-attribution-v3,classify.py:classified_prod.jsonl+matrix.csv+exam_identity.json+skill_overrides.json,no
BJ-2023-DC-YIMO-Q6,BJ-2023-DC-YIMO-Q6,BJ-2023-DC-YIMO,BJ-2023-DC-YIMO,6,选择题,,整题,301a5707b71cf5ed,不明,OUT,MAYBE,COLLECTED,MAYBE,MAYBE,MAYBE,OUT,MAYBE,MAYBE,完整题-选择题照收,答案键来源未核实(候选未确认),该题正式评分材料候选存在候选/存在冲突，未确认匹配，不下判,,,,,,BJ-2023-DC-YIMO-Q6,2026-09-24-attribution-v3,classify.py:classified_prod.jsonl+matrix.csv+exam_identity.json+skill_overrides.json,no
BJ-2023-DC-YIMO-Q7,BJ-2023-DC-YIMO-Q7,BJ-2023-DC-YIMO,BJ-2023-DC-YIMO,7,选择题,,整题,a6b4cc3115749a59,不明,OUT,COLLECTED,MAYBE,MAYBE,MAYBE,OUT,OUT,MAYBE,MAYBE,完整题-选择题照收,答案键来源未核实(候选未确认),该题正式评分材料候选存在候选/存在冲突，未确认匹配，不下判,,,,,,BJ-2023-DC-YIMO-Q7,2026-09-24-attribution-v3,classify.py:classified_prod.jsonl+matrix.csv+exam_identity.json+skill_overrides.json,no
BJ-2023-DC-YIMO-Q8,BJ-2023-DC-YIMO-Q8,BJ-2023-DC-YIMO,BJ-2023-DC-YIMO,8,选择题,,整题,fd1f8a2cfe9dccfc,倾向,OUT,COLLECTED,MAYBE,MAYBE,OUT,OUT,OUT,OUT,OUT,完整题-选择题照收,答案键来源未核实(候选未确认),该题正式评分材料候选存在候选/存在冲突，未确认匹配，不下判,,,,,,BJ-2023-DC-YIMO-Q8,2026-09-24-attribution-v3,classify.py:classified_prod.jsonl+matrix.csv+exam_identity.json+skill_overrides.json,no
BJ-2023-DC-YIMO-Q9,BJ-2023-DC-YIMO-Q9,BJ-2023-DC-YIMO,BJ-2023-DC-YIMO,9,选择题,,整题,280d809ae698323e,不明,OUT,COLLECTED,MAYBE,MAYBE,MAYBE,OUT,MAYBE,OUT,OUT,完整题-选择题照收,答案键来源未核实(候选未确认),该题正式评分材料候选存在候选/存在冲突，未确认匹配，不下判,,,,,,BJ-2023-DC-YIMO-Q9,2026-09-24-attribution-v3,classify.py:classified_prod.jsonl+matrix.csv+exam_identity.json+skill_overrides.json,no
BJ-2023-DC-YIMO-Q10,BJ-2023-DC-YIMO-Q10,BJ-2023-DC-YIMO,BJ-2023-DC-YIMO,10,选择题,,整题,fdc33cd122da90ab,倾向,OUT,MAYBE,MAYBE,OUT,OUT,OUT,IN,OUT,OUT,完整题-选择题照收,答案键来源未核实(候选未确认),该题正式评分材料候选存在候选/存在冲突，未确认匹配，不下判,,,,,,BJ-2023-DC-YIMO-Q10,2026-09-24-attribution-v3,classify.py:classified_prod.jsonl+matrix.csv+exam_identity.json+skill_overrides.json,no
BJ-2023-DC-YIMO-Q11,BJ-2023-DC-YIMO-Q11,BJ-2023-DC-YIMO,BJ-2023-DC-YIMO,11,选择题,,整题,bd47d322b2f498b0,倾向,OUT,COLLECTED,COLLECTED,MAYBE,OUT,OUT,IN,OUT,OUT,完整题-选择题照收,答案键来源未核实(候选未确认),该题正式评分材料候选存在候选/存在冲突，未确认匹配，不下判,,,,,,BJ-2023-DC-YIMO-Q11,2026-09-24-attribution-v3,classify.py:classified_prod.jsonl+matrix.csv+exam_identity.json+skill_overrides.json,no
BJ-2023-DC-YIMO-Q12,BJ-2023-DC-YIMO-Q12,BJ-2023-DC-YIMO,BJ-2023-DC-YIMO,12,选择题,,整题,0b93d7d74596b7b2,倾向,OUT,MAYBE,MAYBE,OUT,OUT,IN,IN,MAYBE,OUT,完整题-选择题照收,答案键来源未核实(候选未确认),该题正式评分材料候选存在候选/存在冲突，未确认匹配，不下判,,,,,,BJ-2023-DC-YIMO-Q12,2026-09-24-attribution-v3,classify.py:classified_prod.jsonl+matrix.csv+exam_identity.json+skill_overrides.json,no
BJ-2023-DC-YIMO-Q13,BJ-2023-DC-YIMO-Q13,BJ-2023-DC-YIMO,BJ-2023-DC-YIMO,13,选择题,,整题,9acdd7ab6dac127d,不明,OUT,MAYBE,MAYBE,OUT,OUT,OUT,MAYBE,MAYBE,MAYBE,完整题-选择题照收,答案键来源未核实(候选未确认),该题正式评分材料候选存在候选/存在冲突，未确认匹配，不下判,,,,,,BJ-2023-DC-YIMO-Q13,2026-09-24-attribution-v3,classify.py:classified_prod.jsonl+matrix.csv+exam_identity.json+skill_overrides.json,no
BJ-2023-DC-YIMO-Q14,BJ-2023-DC-YIMO-Q14,BJ-2023-DC-YIMO,BJ-2023-DC-YIMO,14,选择题,,整题,0600d603d8362ea6,不明,MAYBE,MAYBE,MAYBE,OUT,OUT,MAYBE,OUT,MAYBE,IN,完整题-选择题照收,答案键来源未核实(候选未确认),该题正式评分材料候选存在候选/存在冲突，未确认匹配，不下判,,,,,,BJ-2023-DC-YIMO-Q14,2026-09-24-attribution-v3,classify.py:classified_prod.jsonl+matrix.csv+exam_identity.json+skill_overrides.json,no
BJ-2023-DC-YIMO-Q15,BJ-2023-DC-YIMO-Q15,BJ-2023-DC-YIMO,BJ-2023-DC-YIMO,15,选择题,,整题,ee43fd35477dd50d,不明,MAYBE,MAYBE,MAYBE,OUT,MAYBE,MAYBE,OUT,OUT,OUT,完整题-选择题照收,答案键来源未核实(候选未确认),该题正式评分材料候选存在候选/存在冲突，未确认匹配，不下判,,,,,,BJ-2023-DC-YIMO-Q15,2026-09-24-attribution-v3,classify.py:classified_prod.jsonl+matrix.csv+exam_identity.json+skill_overrides.json,no
BJ-2023-HD-YIMO-Q16,BJ-2023-HD-YIMO-Q16,BJ-2023-HD-YIMO,BJ-2023-HD-YIMO,16,主观题,,整题,ee501b2a304367ce,不明,OUT,COLLECTED,COLLECTED,MAYBE,MAYBE,MAYBE,MAYBE,MAYBE,MAYBE,待裁决-证据未核实,待裁决-证据未核实候选,该题正式评分材料候选存在候选/存在冲突，未确认匹配，不下判,,,,B2,,BJ-2023-HD-YIMO-Q16,2026-09-24-attribution-v3,classify.py:classified_prod.jsonl+matrix.csv+exam_identity.json+skill_overrides.json,no
BJ-2023-HD-YIMO-Q17,BJ-2023-HD-YIMO-Q17,BJ-2023-HD-YIMO,BJ-2023-HD-YIMO,17,主观题,,整题,f20e4b35849a9ff0,不明,MAYBE,COLLECTED,COLLECTED,MAYBE,MAYBE,MAYBE,MAYBE,MAYBE,MAYBE,待裁决-证据未核实,待裁决-证据未核实候选,该题正式评分材料候选存在候选/存在冲突，未确认匹配，不下判,,,,,,BJ-2023-HD-YIMO-Q17,2026-09-24-attribution-v3,classify.py:classified_prod.jsonl+matrix.csv+exam_identity.json+skill_overrides.json,no
BJ-2023-HD-YIMO-Q18#1,BJ-2023-HD-YIMO-Q18,BJ-2023-HD-YIMO,BJ-2023-HD-YIMO,18,主观题,1,小问,ffc6ed2e730acce8,不明,MAYBE,MAYBE,MAYBE,MAYBE,MAYBE,MAYBE,MAYBE,MAYBE,MAYBE,待裁决-证据未核实,待裁决-证据未核实候选,该题正式评分材料候选存在候选/存在冲突，未确认匹配，不下判,,,,,,BJ-2023-HD-YIMO-Q18,2026-09-24-attribution-v3,classify.py:classified_prod.jsonl+matrix.csv+exam_identity.json+skill_overrides.json,no
BJ-2023-HD-YIMO-Q18#2,BJ-2023-HD-YIMO-Q18,BJ-2023-HD-YIMO,BJ-2023-HD-YIMO,18,主观题,2,小问,4f91b68b848768f7,不明,MAYBE,MAYBE,MAYBE,MAYBE,MAYBE,MAYBE,MAYBE,MAYBE,MAYBE,待裁决-证据未核实,待裁决-证据未核实候选,该题正式评分材料候选存在候选/存在冲突，未确认匹配，不下判,,,,,,BJ-2023-HD-YIMO-Q18,2026-09-24-attribution-v3,classify.py:classified_prod.jsonl+matrix.csv+exam_identity.json+skill_overrides.json,no
BJ-2023-HD-YIMO-Q18#3,BJ-2023-HD-YIMO-Q18,BJ-2023-HD-YIMO,BJ-2023-HD-YIMO,18,主观题,3,小问,30c2799fc86e3410,不明,OUT,OUT,MAYBE,MAYBE,MAYBE,OUT,MAYBE,OUT,MAYBE,待裁决-证据未核实,待裁决-证据未核实候选,该题正式评分材料候选存在候选/存在冲突，未确认匹配，不下判,,,,,,BJ-2023-HD-YIMO-Q18,2026-09-24-attribution-v3,classify.py:classified_prod.jsonl+matrix.csv+exam_identity.json+skill_overrides.json,no
BJ-2023-HD-YIMO-Q18#4,BJ-2023-HD-YIMO-Q18,BJ-2023-HD-YIMO,BJ-2023-HD-YIMO,18,主观题,4,小问,f1e064d5cdcb5e55,不明,MAYBE,MAYBE,MAYBE,MAYBE,MAYBE,MAYBE,MAYBE,MAYBE,MAYBE,待裁决-证据未核实,待裁决-证据未核实候选,该题正式评分材料候选存在候选/存在冲突，未确认匹配，不下判,,,,,,BJ-2023-HD-YIMO-Q18,2026-09-24-attribution-v3,classify.py:classified_prod.jsonl+matrix.csv+exam_identity.json+skill_overrides.json,no
BJ-2023-HD-YIMO-Q19,BJ-2023-HD-YIMO-Q19,BJ-2023-HD-YIMO,BJ-2023-HD-YIMO,19,主观题,,整题,0d2b8640e2a0b155,不明,OUT,COLLECTED,MAYBE,MAYBE,MAYBE,OUT,MAYBE,MAYBE,OUT,待裁决-证据未核实,待裁决-证据未核实候选,该题正式评分材料候选存在候选/存在冲突，未确认匹配，不下判,,,,,,BJ-2023-HD-YIMO-Q19,2026-09-24-attribution-v3,classify.py:classified_prod.jsonl+matrix.csv+exam_identity.json+skill_overrides.json,no
BJ-2023-HD-YIMO-Q20#1,BJ-2023-HD-YIMO-Q20,BJ-2023-HD-YIMO,BJ-2023-HD-YIMO,20,主观题,1,小问,8f2361c1575deba2,不明,MAYBE,MAYBE,MAYBE,MAYBE,MAYBE,MAYBE,MAYBE,IN,MAYBE,待裁决-证据未核实,待裁决-证据未核实候选,该题正式评分材料候选存在候选/存在冲突，未确认匹配，不下判,,,,,,BJ-2023-HD-YIMO-Q20,2026-09-24-attribution-v3,classify.py:classified_prod.jsonl+matrix.csv+exam_identity.json+skill_overrides.json,no
BJ-2023-HD-YIMO-Q20#2,BJ-2023-HD-YIMO-Q20,BJ-2023-HD-YIMO,BJ-2023-HD-YIMO,20,主观题,2,小问,0dafbaf5701b2c0e,不明,MAYBE,MAYBE,MAYBE,MAYBE,MAYBE,MAYBE,MAYBE,MAYBE,MAYBE,待裁决-证据未核实,待裁决-证据未核实候选,该题正式评分材料候选存在候选/存在冲突，未确认匹配，不下判,,,,,,BJ-2023-HD-YIMO-Q20,2026-09-24-attribution-v3,classify.py:classified_prod.jsonl+matrix.csv+exam_identity.json+skill_overrides.json,no
BJ-2023-HD-YIMO-Q21#1,BJ-2023-HD-YIMO-Q21,BJ-2023-HD-YIMO,BJ-2023-HD-YIMO,21,主观题,1,小问,cb2fc158c40a64a8,不明,MAYBE,COLLECTED,MAYBE,MAYBE,MAYBE,MAYBE,MAYBE,MAYBE,MAYBE,待裁决-证据未核实,待裁决-证据未核实候选,该题正式评分材料候选存在候选/存在冲突，未确认匹配，不下判,,,,,,BJ-2023-HD-YIMO-Q21,2026-09-24-attribution-v3,classify.py:classified_prod.jsonl+matrix.csv+exam_identity.json+skill_overrides.json,no
BJ-2023-HD-YIMO-Q21#2,BJ-2023-HD-YIMO-Q21,BJ-2023-HD-YIMO,BJ-2023-HD-YIMO,21,主观题,2,小问,c089acd5c91d8487,不明,MAYBE,COLLECTED,MAYBE,MAYBE,MAYBE,IN,MAYBE,OUT,OUT,待裁决-证据未核实,待裁决-证据未核实候选,该题正式评分材料候选存在候选/存在冲突，未确认匹配，不下判,,,,,,BJ-2023-HD-YIMO-Q21,2026-09-24-attribution-v3,classify.py:classified_prod.jsonl+matrix.csv+exam_identity.json+skill_overrides.json,no
BJ-2023-XC-YIMO-Q16,BJ-2023-XC-YIMO-Q16,BJ-2023-XC-YIMO,BJ-2023-XC-YIMO,16,主观题,,整题,287c2aa11c8274b9,倾向,OUT,OUT,OUT,IN,OUT,OUT,MAYBE,MAYBE,MAYBE,完整题-有E1,E1,逐题已匹配正式评分材料,,,,,,BJ-2023-XC-YIMO-Q16,2026-09-24-attribution-v3,classify.py:classified_prod.jsonl+matrix.csv+exam_identity.json+skill_overrides.json,no
BJ-2023-XC-YIMO-Q17,BJ-2023-XC-YIMO-Q17,BJ-2023-XC-YIMO,BJ-2023-XC-YIMO,17,主观题,,整题,ddbe60eb9f413abb,倾向,OUT,COLLECTED,MAYBE,OUT,OUT,MAYBE,MAYBE,OUT,OUT,完整题-有E1,E1,逐题已匹配正式评分材料,,,,,,BJ-2023-XC-YIMO-Q17,2026-09-24-attribution-v3,classify.py:classified_prod.jsonl+matrix.csv+exam_identity.json+skill_overrides.json,no
BJ-2023-XC-YIMO-Q18,BJ-2023-XC-YIMO-Q18,BJ-2023-XC-YIMO,BJ-2023-XC-YIMO,18,主观题,,整题,647f88f14517c62c,不明,OUT,COLLECTED,COLLECTED,OUT,OUT,MAYBE,MAYBE,MAYBE,MAYBE,完整题-有E1,E1,逐题已匹配正式评分材料,,,,B2,,BJ-2023-XC-YIMO-Q18,2026-09-24-attribution-v3,classify.py:classified_prod.jsonl+matrix.csv+exam_identity.json+skill_overrides.json,no
BJ-2023-XC-YIMO-Q19#1,BJ-2023-XC-YIMO-Q19,BJ-2023-XC-YIMO,BJ-2023-XC-YIMO,19,主观题,1,小问,db899c6a977e05f7,倾向,OUT,COLLECTED,OUT,MAYBE,MAYBE,OUT,IN,OUT,OUT,完整题-有E1,E1,逐题已匹配正式评分材料,,,,,,BJ-2023-XC-YIMO-Q19,2026-09-24-attribution-v3,classify.py:classified_prod.jsonl+matrix.csv+exam_identity.json+skill_overrides.json,no
BJ-2023-XC-YIMO-Q19#2,BJ-2023-XC-YIMO-Q19,BJ-2023-XC-YIMO,BJ-2023-XC-YIMO,19,主观题,2,小问,71b37ad9424a219f,倾向,OUT,COLLECTED,OUT,MAYBE,MAYBE,OUT,IN,OUT,OUT,完整题-有E1,E1,逐题已匹配正式评分材料,,,,,,BJ-2023-XC-YIMO-Q19,2026-09-24-attribution-v3,classify.py:classified_prod.jsonl+matrix.csv+exam_identity.json+skill_overrides.json,no
BJ-2023-XC-YIMO-Q20,BJ-2023-XC-YIMO-Q20,BJ-2023-XC-YIMO,BJ-2023-XC-YIMO,20,主观题,,整题,7dbd2d2b3b39a118,倾向,OUT,COLLECTED,MAYBE,OUT,OUT,MAYBE,MAYBE,OUT,OUT,完整题-有E1,E1,逐题已匹配正式评分材料,,,,,,BJ-2023-XC-YIMO-Q20,2026-09-24-attribution-v3,classify.py:classified_prod.jsonl+matrix.csv+exam_identity.json+skill_overrides.json,no
BJ-2023-XC-YIMO-Q21#1,BJ-2023-XC-YIMO-Q21,BJ-2023-XC-YIMO,BJ-2023-XC-YIMO,21,主观题,1,小问,10e2e0f2cdbe6906,不明,MAYBE,OUT,MAYBE,MAYBE,MAYBE,MAYBE,MAYBE,OUT,IN,完整题-有E1,E1,逐题已匹配正式评分材料,,,,,,BJ-2023-XC-YIMO-Q21,2026-09-24-attribution-v3,classify.py:classified_prod.jsonl+matrix.csv+exam_identity.json+skill_overrides.json,no
BJ-2023-XC-YIMO-Q21#2,BJ-2023-XC-YIMO-Q21,BJ-2023-XC-YIMO,BJ-2023-XC-YIMO,21,主观题,2,小问,c2784c59308f9880,不明,MAYBE,OUT,MAYBE,MAYBE,MAYBE,MAYBE,MAYBE,OUT,MAYBE,完整题-有E1,E1,逐题已匹配正式评分材料,,,,,,BJ-2023-XC-YIMO-Q21,2026-09-24-attribution-v3,classify.py:classified_prod.jsonl+matrix.csv+exam_identity.json+skill_overrides.json,no
BJ-2023-XC-YIMO-Q21#3,BJ-2023-XC-YIMO-Q21,BJ-2023-XC-YIMO,BJ-2023-XC-YIMO,21,主观题,3,小问,d66e81aac9d4822f,不明,MAYBE,MAYBE,MAYBE,MAYBE,MAYBE,MAYBE,MAYBE,MAYBE,MAYBE,完整题-有E1,E1,逐题已匹配正式评分材料,,,,,,BJ-2023-XC-YIMO-Q21,2026-09-24-attribution-v3,classify.py:classified_prod.jsonl+matrix.csv+exam_identity.json+skill_overrides.json,no
BJ-2023-XC-YIMO-Q1,BJ-2023-XC-YIMO-Q1,BJ-2023-XC-YIMO,BJ-2023-XC-YIMO,1,选择题,,整题,d66b1eb7799e93e9,不明,MAYBE,MAYBE,COLLECTED,MAYBE,MAYBE,OUT,OUT,OUT,OUT,完整题-选择题照收,答案键来源未核实(候选未确认),该题正式评分材料候选存在候选/存在冲突，未确认匹配，不下判,,,,,,BJ-2023-XC-YIMO-Q1,2026-09-24-attribution-v3,classify.py:classified_prod.jsonl+matrix.csv+exam_identity.json+skill_overrides.json,no
BJ-2023-XC-YIMO-Q2,BJ-2023-XC-YIMO-Q2,BJ-2023-XC-YIMO,BJ-2023-XC-YIMO,2,选择题,,整题,152e668e32879979,不明,OUT,MAYBE,MAYBE,MAYBE,MAYBE,OUT,OUT,OUT,MAYBE,完整题-选择题照收,E3,该题正式评分材料候选存在候选/存在冲突，未确认匹配，不下判（同时已有匹配参考答案，选择题按E3计，正式评分材料候选仍待核实）,,,,,,BJ-2023-XC-YIMO-Q2,2026-09-24-attribution-v3,classify.py:classified_prod.jsonl+matrix.csv+exam_identity.json+skill_overrides.json,no
BJ-2023-XC-YIMO-Q3,BJ-2023-XC-YIMO-Q3,BJ-2023-XC-YIMO,BJ-2023-XC-YIMO,3,选择题,,整题,b74c18d38c1215d8,不明,OUT,MAYBE,MAYBE,MAYBE,MAYBE,OUT,OUT,MAYBE,MAYBE,完整题-选择题照收,E1,逐题已匹配正式评分材料,,,,,,BJ-2023-XC-YIMO-Q3,2026-09-24-attribution-v3,classify.py:classified_prod.jsonl+matrix.csv+exam_identity.json+skill_overrides.json,no
BJ-2023-XC-YIMO-Q4,BJ-2023-XC-YIMO-Q4,BJ-2023-XC-YIMO,BJ-2023-XC-YIMO,4,选择题,,整题,175c14cc1e155311,不明,OUT,COLLECTED,MAYBE,MAYBE,IN,OUT,OUT,MAYBE,MAYBE,完整题-选择题照收,E3,该题正式评分材料候选存在候选/存在冲突，未确认匹配，不下判（同时已有匹配参考答案，选择题按E3计，正式评分材料候选仍待核实）,,,,,,BJ-2023-XC-YIMO-Q4,2026-09-24-attribution-v3,classify.py:classified_prod.jsonl+matrix.csv+exam_identity.json+skill_overrides.json,no
BJ-2023-XC-YIMO-Q6,BJ-2023-XC-YIMO-Q6,BJ-2023-XC-YIMO,BJ-2023-XC-YIMO,6,选择题,,整题,22b35aacc5f5f6b4,不明,OUT,MAYBE,COLLECTED,MAYBE,MAYBE,OUT,OUT,MAYBE,MAYBE,完整题-选择题照收,答案键来源未核实(候选未确认),该题正式评分材料候选存在候选/存在冲突，未确认匹配，不下判,,,,,,BJ-2023-XC-YIMO-Q6,2026-09-24-attribution-v3,classify.py:classified_prod.jsonl+matrix.csv+exam_identity.json+skill_overrides.json,no
BJ-2023-XC-YIMO-Q7,BJ-2023-XC-YIMO-Q7,BJ-2023-XC-YIMO,BJ-2023-XC-YIMO,7,选择题,,整题,3e7c5c4d97b34f12,不明,OUT,MAYBE,COLLECTED,MAYBE,MAYBE,OUT,OUT,MAYBE,MAYBE,完整题-选择题照收,E3,该题正式评分材料候选存在候选/存在冲突，未确认匹配，不下判（同时已有匹配参考答案，选择题按E3计，正式评分材料候选仍待核实）,,,,,,BJ-2023-XC-YIMO-Q7,2026-09-24-attribution-v3,classify.py:classified_prod.jsonl+matrix.csv+exam_identity.json+skill_overrides.json,no
BJ-2023-XC-YIMO-Q8,BJ-2023-XC-YIMO-Q8,BJ-2023-XC-YIMO,BJ-2023-XC-YIMO,8,选择题,,整题,78b0611d8f5509ca,倾向,OUT,MAYBE,MAYBE,MAYBE,OUT,IN,OUT,OUT,OUT,完整题-选择题照收,E3,该题正式评分材料候选存在候选/存在冲突，未确认匹配，不下判（同时已有匹配参考答案，选择题按E3计，正式评分材料候选仍待核实）,,,,,,BJ-2023-XC-YIMO-Q8,2026-09-24-attribution-v3,classify.py:classified_prod.jsonl+matrix.csv+exam_identity.json+skill_overrides.json,no
BJ-2023-XC-YIMO-Q9,BJ-2023-XC-YIMO-Q9,BJ-2023-XC-YIMO,BJ-2023-XC-YIMO,9,选择题,,整题,c12209e54d0aa762,不明,OUT,COLLECTED,MAYBE,MAYBE,MAYBE,MAYBE,MAYBE,OUT,OUT,完整题-选择题照收,E3,该题正式评分材料候选存在候选/存在冲突，未确认匹配，不下判（同时已有匹配参考答案，选择题按E3计，正式评分材料候选仍待核实）,,,,,,BJ-2023-XC-YIMO-Q9,2026-09-24-attribution-v3,classify.py:classified_prod.jsonl+matrix.csv+exam_identity.json+skill_overrides.json,no
BJ-2023-XC-YIMO-Q10,BJ-2023-XC-YIMO-Q10,BJ-2023-XC-YIMO,BJ-2023-XC-YIMO,10,选择题,,整题,9af01b7db9a75f3d,倾向,OUT,COLLECTED,MAYBE,OUT,OUT,OUT,MAYBE,OUT,OUT,完整题-选择题照收,E3,该题正式评分材料候选存在候选/存在冲突，未确认匹配，不下判（同时已有匹配参考答案，选择题按E3计，正式评分材料候选仍待核实）,,,,,,BJ-2023-XC-YIMO-Q10,2026-09-24-attribution-v3,classify.py:classified_prod.jsonl+matrix.csv+exam_identity.json+skill_overrides.json,no
BJ-2023-XC-YIMO-Q11,BJ-2023-XC-YIMO-Q11,BJ-2023-XC-YIMO,BJ-2023-XC-YIMO,11,选择题,,整题,9f4679decd454997,倾向,OUT,COLLECTED,MAYBE,OUT,OUT,OUT,MAYBE,OUT,OUT,完整题-选择题照收,答案键来源未核实(候选未确认),该题正式评分材料候选存在候选/存在冲突，未确认匹配，不下判,,,,,,BJ-2023-XC-YIMO-Q11,2026-09-24-attribution-v3,classify.py:classified_prod.jsonl+matrix.csv+exam_identity.json+skill_overrides.json,no
BJ-2023-XC-YIMO-Q12,BJ-2023-XC-YIMO-Q12,BJ-2023-XC-YIMO,BJ-2023-XC-YIMO,12,选择题,,整题,22db9a217cae9f4a,不明,OUT,MAYBE,MAYBE,OUT,OUT,OUT,MAYBE,MAYBE,MAYBE,完整题-选择题照收,E3,该题正式评分材料候选存在候选/存在冲突，未确认匹配，不下判（同时已有匹配参考答案，选择题按E3计，正式评分材料候选仍待核实）,,,,,,BJ-2023-XC-YIMO-Q12,2026-09-24-attribution-v3,classify.py:classified_prod.jsonl+matrix.csv+exam_identity.json+skill_overrides.json,no
BJ-2023-XC-YIMO-Q13,BJ-2023-XC-YIMO-Q13,BJ-2023-XC-YIMO,BJ-2023-XC-YIMO,13,选择题,,整题,e5926b0a46b1ed3d,倾向,OUT,MAYBE,MAYBE,OUT,OUT,OUT,OUT,IN,MAYBE,完整题-选择题照收,E3,该题正式评分材料候选存在候选/存在冲突，未确认匹配，不下判（同时已有匹配参考答案，选择题按E3计，正式评分材料候选仍待核实）,,,,,,BJ-2023-XC-YIMO-Q13,2026-09-24-attribution-v3,classify.py:classified_prod.jsonl+matrix.csv+exam_identity.json+skill_overrides.json,no
BJ-2023-XC-YIMO-Q14,BJ-2023-XC-YIMO-Q14,BJ-2023-XC-YIMO,BJ-2023-XC-YIMO,14,选择题,,整题,a73951fe948d3465,不明,MAYBE,MAYBE,MAYBE,OUT,OUT,MAYBE,IN,MAYBE,MAYBE,完整题-选择题照收,E3,该题正式评分材料候选存在候选/存在冲突，未确认匹配，不下判（同时已有匹配参考答案，选择题按E3计，正式评分材料候选仍待核实）,,,,,,BJ-2023-XC-YIMO-Q14,2026-09-24-attribution-v3,classify.py:classified_prod.jsonl+matrix.csv+exam_identity.json+skill_overrides.json,no
BJ-2023-XC-YIMO-Q15,BJ-2023-XC-YIMO-Q15,BJ-2023-XC-YIMO,BJ-2023-XC-YIMO,15,选择题,,整题,a50c5b5fec139a7d,不明,MAYBE,MAYBE,MAYBE,OUT,MAYBE,MAYBE,IN,OUT,OUT,完整题-选择题照收,E3,该题正式评分材料候选存在候选/存在冲突，未确认匹配，不下判（同时已有匹配参考答案，选择题按E3计，正式评分材料候选仍待核实）,,,,,,BJ-2023-XC-YIMO-Q15,2026-09-24-attribution-v3,classify.py:classified_prod.jsonl+matrix.csv+exam_identity.json+skill_overrides.json,no
BJ-2023-XC-YIMO-Q5,BJ-2023-XC-YIMO-Q5,BJ-2023-XC-YIMO,BJ-2023-XC-YIMO,5,选择题,,整题,074b4212441c1dce,不明,OUT,COLLECTED,MAYBE,MAYBE,MAYBE,OUT,OUT,MAYBE,MAYBE,完整题-选择题照收,E3,该题正式评分材料候选存在候选/存在冲突，未确认匹配，不下判（同时已有匹配参考答案，选择题按E3计，正式评分材料候选仍待核实）,,,,,,BJ-2023-XC-YIMO-Q5,2026-09-24-attribution-v3,classify.py:classified_prod.jsonl+matrix.csv+exam_identity.json+skill_overrides.json,no
BJ-2023-XC-ERMO-Q16#1,BJ-2023-XC-ERMO-Q16,BJ-2023-XC-ERMO,BJ-2023-XC-ERMO,16,主观题,1,小问,c28494145ce4681b,倾向,OUT,COLLECTED,MAYBE,OUT,MAYBE,OUT,MAYBE,OUT,OUT,完整题-有E1,E1,逐题已匹配正式评分材料,,,,,,BJ-2023-XC-ERMO-Q16,2026-09-24-attribution-v3,classify.py:classified_prod.jsonl+matrix.csv+exam_identity.json+skill_overrides.json,no
BJ-2023-XC-ERMO-Q16#2,BJ-2023-XC-ERMO-Q16,BJ-2023-XC-ERMO,BJ-2023-XC-ERMO,16,主观题,2,小问,6504a4239613fa2b,不明,MAYBE,COLLECTED,MAYBE,MAYBE,MAYBE,MAYBE,MAYBE,MAYBE,MAYBE,完整题-有E1,E1,逐题已匹配正式评分材料,,,,,,BJ-2023-XC-ERMO-Q16,2026-09-24-attribution-v3,classify.py:classified_prod.jsonl+matrix.csv+exam_identity.json+skill_overrides.json,no
BJ-2023-XC-ERMO-Q17,BJ-2023-XC-ERMO-Q17,BJ-2023-XC-ERMO,BJ-2023-XC-ERMO,17,主观题,,整题,8cf2ccd614fe0d39,不明,MAYBE,COLLECTED,MAYBE,MAYBE,MAYBE,MAYBE,MAYBE,MAYBE,MAYBE,完整题-有E1,E1,逐题已匹配正式评分材料,,,,,,BJ-2023-XC-ERMO-Q17,2026-09-24-attribution-v3,classify.py:classified_prod.jsonl+matrix.csv+exam_identity.json+skill_overrides.json,no
BJ-2023-XC-ERMO-Q18,BJ-2023-XC-ERMO-Q18,BJ-2023-XC-ERMO,BJ-2023-XC-ERMO,18,主观题,,整题,a92c6e0aad40d548,倾向,OUT,COLLECTED,OUT,OUT,OUT,MAYBE,OUT,MAYBE,MAYBE,完整题-有E1,E1,逐题已匹配正式评分材料,,,,,,BJ-2023-XC-ERMO-Q18,2026-09-24-attribution-v3,classify.py:classified_prod.jsonl+matrix.csv+exam_identity.json+skill_overrides.json,no
BJ-2023-XC-ERMO-Q20,BJ-2023-XC-ERMO-Q20,BJ-2023-XC-ERMO,BJ-2023-XC-ERMO,20,主观题,,整题,30c46cb6ccfc9769,倾向,OUT,COLLECTED,COLLECTED,OUT,OUT,OUT,MAYBE,OUT,OUT,完整题-有E1,E1,逐题已匹配正式评分材料,,,,,,BJ-2023-XC-ERMO-Q20,2026-09-24-attribution-v3,classify.py:classified_prod.jsonl+matrix.csv+exam_identity.json+skill_overrides.json,no
BJ-2023-XC-ERMO-Q21#1,BJ-2023-XC-ERMO-Q21,BJ-2023-XC-ERMO,BJ-2023-XC-ERMO,21,主观题,1,小问,01f69e195c319803,倾向,OUT,OUT,OUT,MAYBE,OUT,OUT,MAYBE,IN,MAYBE,完整题-有E1,E1,逐题已匹配正式评分材料,,,,,,BJ-2023-XC-ERMO-Q21,2026-09-24-attribution-v3,classify.py:classified_prod.jsonl+matrix.csv+exam_identity.json+skill_overrides.json,no
BJ-2023-XC-ERMO-Q21#2,BJ-2023-XC-ERMO-Q21,BJ-2023-XC-ERMO,BJ-2023-XC-ERMO,21,主观题,2,小问,8820c45ad7dd2121,倾向,OUT,OUT,OUT,IN,OUT,OUT,MAYBE,MAYBE,MAYBE,完整题-有E1,E1,逐题已匹配正式评分材料,,,,,,BJ-2023-XC-ERMO-Q21,2026-09-24-attribution-v3,classify.py:classified_prod.jsonl+matrix.csv+exam_identity.json+skill_overrides.json,no
BJ-2023-XC-ERMO-Q19,BJ-2023-XC-ERMO-Q19,BJ-2023-XC-ERMO,BJ-2023-XC-ERMO,19,主观题,,整题,6d96f4b21f941136,倾向,OUT,COLLECTED,COLLECTED,OUT,OUT,MAYBE,MAYBE,OUT,OUT,完整题-有E1,E1,逐题已匹配正式评分材料,,,,B2,,BJ-2023-XC-ERMO-Q19,2026-09-24-attribution-v3,classify.py:classified_prod.jsonl+matrix.csv+exam_identity.json+skill_overrides.json,no
BJ-2023-XC-ERMO-Q2,BJ-2023-XC-ERMO-Q2,BJ-2023-XC-ERMO,BJ-2023-XC-ERMO,2,选择题,,整题,67abd6cf12e570dc,不明,OUT,MAYBE,COLLECTED,MAYBE,MAYBE,MAYBE,OUT,OUT,MAYBE,完整题-选择题照收,E3,该题正式评分材料候选存在候选/存在冲突，未确认匹配，不下判（同时已有匹配参考答案，选择题按E3计，正式评分材料候选仍待核实）,,,,,,BJ-2023-XC-ERMO-Q2,2026-09-24-attribution-v3,classify.py:classified_prod.jsonl+matrix.csv+exam_identity.json+skill_overrides.json,no
BJ-2023-XC-ERMO-Q3,BJ-2023-XC-ERMO-Q3,BJ-2023-XC-ERMO,BJ-2023-XC-ERMO,3,选择题,,整题,e37c2019c8815eee,不明,OUT,MAYBE,MAYBE,MAYBE,MAYBE,OUT,OUT,MAYBE,MAYBE,完整题-选择题照收,E3,该题正式评分材料候选存在候选/存在冲突，未确认匹配，不下判（同时已有匹配参考答案，选择题按E3计，正式评分材料候选仍待核实）,,,,,,BJ-2023-XC-ERMO-Q3,2026-09-24-attribution-v3,classify.py:classified_prod.jsonl+matrix.csv+exam_identity.json+skill_overrides.json,no
BJ-2023-XC-ERMO-Q4,BJ-2023-XC-ERMO-Q4,BJ-2023-XC-ERMO,BJ-2023-XC-ERMO,4,选择题,,整题,fc7eac2041fa6963,不明,OUT,MAYBE,COLLECTED,IN,MAYBE,MAYBE,OUT,MAYBE,MAYBE,完整题-选择题照收,E3,该题正式评分材料候选存在候选/存在冲突，未确认匹配，不下判（同时已有匹配参考答案，选择题按E3计，正式评分材料候选仍待核实）,,,,,,BJ-2023-XC-ERMO-Q4,2026-09-24-attribution-v3,classify.py:classified_prod.jsonl+matrix.csv+exam_identity.json+skill_overrides.json,no
BJ-2023-XC-ERMO-Q5,BJ-2023-XC-ERMO-Q5,BJ-2023-XC-ERMO,BJ-2023-XC-ERMO,5,选择题,,整题,f09adc1fc3ac5386,不明,OUT,COLLECTED,MAYBE,IN,MAYBE,OUT,OUT,MAYBE,MAYBE,完整题-选择题照收,E3,该题正式评分材料候选存在候选/存在冲突，未确认匹配，不下判（同时已有匹配参考答案，选择题按E3计，正式评分材料候选仍待核实）,,,,,,BJ-2023-XC-ERMO-Q5,2026-09-24-attribution-v3,classify.py:classified_prod.jsonl+matrix.csv+exam_identity.json+skill_overrides.json,no
BJ-2023-XC-ERMO-Q6,BJ-2023-XC-ERMO-Q6,BJ-2023-XC-ERMO,BJ-2023-XC-ERMO,6,选择题,,整题,06d8218a65f0c725,不明,OUT,COLLECTED,MAYBE,MAYBE,MAYBE,OUT,OUT,MAYBE,MAYBE,完整题-选择题照收,答案键来源未核实(候选未确认),该题正式评分材料候选存在候选/存在冲突，未确认匹配，不下判,,,,,,BJ-2023-XC-ERMO-Q6,2026-09-24-attribution-v3,classify.py:classified_prod.jsonl+matrix.csv+exam_identity.json+skill_overrides.json,no
BJ-2023-XC-ERMO-Q8,BJ-2023-XC-ERMO-Q8,BJ-2023-XC-ERMO,BJ-2023-XC-ERMO,8,选择题,,整题,69f86447d2822d92,倾向,OUT,COLLECTED,MAYBE,MAYBE,OUT,OUT,OUT,OUT,OUT,完整题-选择题照收,E3,该题正式评分材料候选存在候选/存在冲突，未确认匹配，不下判（同时已有匹配参考答案，选择题按E3计，正式评分材料候选仍待核实）,,,,,,BJ-2023-XC-ERMO-Q8,2026-09-24-attribution-v3,classify.py:classified_prod.jsonl+matrix.csv+exam_identity.json+skill_overrides.json,no
BJ-2023-XC-ERMO-Q9,BJ-2023-XC-ERMO-Q9,BJ-2023-XC-ERMO,BJ-2023-XC-ERMO,9,选择题,,整题,f3276e4b2431192a,不明,OUT,COLLECTED,COLLECTED,MAYBE,MAYBE,MAYBE,MAYBE,OUT,OUT,完整题-选择题照收,E3,该题正式评分材料候选存在候选/存在冲突，未确认匹配，不下判（同时已有匹配参考答案，选择题按E3计，正式评分材料候选仍待核实）,,,,,,BJ-2023-XC-ERMO-Q9,2026-09-24-attribution-v3,classify.py:classified_prod.jsonl+matrix.csv+exam_identity.json+skill_overrides.json,no
BJ-2023-XC-ERMO-Q10,BJ-2023-XC-ERMO-Q10,BJ-2023-XC-ERMO,BJ-2023-XC-ERMO,10,选择题,,整题,a492b0f31ffe4b93,确定,OUT,COLLECTED,COLLECTED,OUT,OUT,OUT,IN,OUT,OUT,完整题-选择题照收,E3,该题正式评分材料候选存在候选/存在冲突，未确认匹配，不下判（同时已有匹配参考答案，选择题按E3计，正式评分材料候选仍待核实）,,,,,,BJ-2023-XC-ERMO-Q10,2026-09-24-attribution-v3,classify.py:classified_prod.jsonl+matrix.csv+exam_identity.json+skill_overrides.json,no
BJ-2023-XC-ERMO-Q11,BJ-2023-XC-ERMO-Q11,BJ-2023-XC-ERMO,BJ-2023-XC-ERMO,11,选择题,,整题,c324dfff47d38194,倾向,OUT,COLLECTED,MAYBE,OUT,OUT,MAYBE,IN,OUT,OUT,完整题-选择题照收,答案键来源未核实(候选未确认),该题正式评分材料候选存在候选/存在冲突，未确认匹配，不下判,,,,,,BJ-2023-XC-ERMO-Q11,2026-09-24-attribution-v3,classify.py:classified_prod.jsonl+matrix.csv+exam_identity.json+skill_overrides.json,no
BJ-2023-XC-ERMO-Q12,BJ-2023-XC-ERMO-Q12,BJ-2023-XC-ERMO,BJ-2023-XC-ERMO,12,选择题,,整题,9ab5c2cb61820c59,不明,OUT,MAYBE,MAYBE,MAYBE,OUT,OUT,MAYBE,MAYBE,IN,完整题-选择题照收,E3,该题正式评分材料候选存在候选/存在冲突，未确认匹配，不下判（同时已有匹配参考答案，选择题按E3计，正式评分材料候选仍待核实）,,,,,,BJ-2023-XC-ERMO-Q12,2026-09-24-attribution-v3,classify.py:classified_prod.jsonl+matrix.csv+exam_identity.json+skill_overrides.json,no
BJ-2023-XC-ERMO-Q13,BJ-2023-XC-ERMO-Q13,BJ-2023-XC-ERMO,BJ-2023-XC-ERMO,13,选择题,,整题,e6777bee8132a77a,不明,OUT,MAYBE,MAYBE,OUT,OUT,OUT,OUT,MAYBE,MAYBE,完整题-选择题照收,E3,该题正式评分材料候选存在候选/存在冲突，未确认匹配，不下判（同时已有匹配参考答案，选择题按E3计，正式评分材料候选仍待核实）,,,,,,BJ-2023-XC-ERMO-Q13,2026-09-24-attribution-v3,classify.py:classified_prod.jsonl+matrix.csv+exam_identity.json+skill_overrides.json,no
BJ-2023-XC-ERMO-Q15,BJ-2023-XC-ERMO-Q15,BJ-2023-XC-ERMO,BJ-2023-XC-ERMO,15,选择题,,整题,94a105dd7474e49c,倾向,MAYBE,COLLECTED,MAYBE,OUT,MAYBE,IN,OUT,OUT,OUT,完整题-选择题照收,E3,该题正式评分材料候选存在候选/存在冲突，未确认匹配，不下判（同时已有匹配参考答案，选择题按E3计，正式评分材料候选仍待核实）,,,,,,BJ-2023-XC-ERMO-Q15,2026-09-24-attribution-v3,classify.py:classified_prod.jsonl+matrix.csv+exam_identity.json+skill_overrides.json,no
BJ-2023-HD-QIZHONG-Q1,BJ-2023-HD-QIZHONG-Q1,BJ-2023-HD-QIZHONG,BJ-2023-HD-QIZHONG,1,选择题,,整题,24426c8466cdd16d,不明,MAYBE,MAYBE,MAYBE,MAYBE,MAYBE,MAYBE,OUT,OUT,OUT,完整题-选择题照收,E3,该题正式评分材料候选存在候选/存在冲突，未确认匹配，不下判（同时已有匹配参考答案，选择题按E3计，正式评分材料候选仍待核实）,,,,,,BJ-2023-HD-QIZHONG-Q1,2026-09-24-attribution-v3,classify.py:classified_prod.jsonl+matrix.csv+exam_identity.json+skill_overrides.json,no
BJ-2023-HD-QIZHONG-Q2,BJ-2023-HD-QIZHONG-Q2,BJ-2023-HD-QIZHONG,BJ-2023-HD-QIZHONG,2,选择题,,整题,327ed3c2f2748245,倾向,IN,COLLECTED,IN,MAYBE,MAYBE,OUT,OUT,OUT,OUT,完整题-选择题照收,E3,该题正式评分材料候选存在候选/存在冲突，未确认匹配，不下判（同时已有匹配参考答案，选择题按E3计，正式评分材料候选仍待核实）,,,,,,BJ-2023-HD-QIZHONG-Q2,2026-09-24-attribution-v3,classify.py:classified_prod.jsonl+matrix.csv+exam_identity.json+skill_overrides.json,no
BJ-2023-HD-QIZHONG-Q3,BJ-2023-HD-QIZHONG-Q3,BJ-2023-HD-QIZHONG,BJ-2023-HD-QIZHONG,3,选择题,,整题,e4d471e5cccb86ff,不明,MAYBE,MAYBE,MAYBE,MAYBE,IN,MAYBE,OUT,OUT,OUT,完整题-选择题照收,E3,该题正式评分材料候选存在候选/存在冲突，未确认匹配，不下判（同时已有匹配参考答案，选择题按E3计，正式评分材料候选仍待核实）,,,,,,BJ-2023-HD-QIZHONG-Q3,2026-09-24-attribution-v3,classify.py:classified_prod.jsonl+matrix.csv+exam_identity.json+skill_overrides.json,no
BJ-2023-HD-QIZHONG-Q4,BJ-2023-HD-QIZHONG-Q4,BJ-2023-HD-QIZHONG,BJ-2023-HD-QIZHONG,4,选择题,,整题,fe431b21f0968a66,不明,OUT,COLLECTED,MAYBE,MAYBE,MAYBE,OUT,OUT,OUT,OUT,完整题-选择题照收,E3,该题正式评分材料候选存在候选/存在冲突，未确认匹配，不下判（同时已有匹配参考答案，选择题按E3计，正式评分材料候选仍待核实）,,,,,,BJ-2023-HD-QIZHONG-Q4,2026-09-24-attribution-v3,classify.py:classified_prod.jsonl+matrix.csv+exam_identity.json+skill_overrides.json,no
BJ-2023-HD-QIZHONG-Q5,BJ-2023-HD-QIZHONG-Q5,BJ-2023-HD-QIZHONG,BJ-2023-HD-QIZHONG,5,选择题,,整题,0d367bb2ef3159d2,不明,OUT,COLLECTED,MAYBE,MAYBE,MAYBE,MAYBE,OUT,MAYBE,MAYBE,完整题-选择题照收,E3,该题正式评分材料候选存在候选/存在冲突，未确认匹配，不下判（同时已有匹配参考答案，选择题按E3计，正式评分材料候选仍待核实）,,,,,,BJ-2023-HD-QIZHONG-Q5,2026-09-24-attribution-v3,classify.py:classified_prod.jsonl+matrix.csv+exam_identity.json+skill_overrides.json,no
BJ-2023-HD-QIZHONG-Q6,BJ-2023-HD-QIZHONG-Q6,BJ-2023-HD-QIZHONG,BJ-2023-HD-QIZHONG,6,选择题,,整题,cf0564a62ad86af9,不明,OUT,COLLECTED,MAYBE,MAYBE,MAYBE,OUT,MAYBE,OUT,MAYBE,完整题-选择题照收,E3,该题正式评分材料候选存在候选/存在冲突，未确认匹配，不下判（同时已有匹配参考答案，选择题按E3计，正式评分材料候选仍待核实）,,,,,,BJ-2023-HD-QIZHONG-Q6,2026-09-24-attribution-v3,classify.py:classified_prod.jsonl+matrix.csv+exam_identity.json+skill_overrides.json,no
BJ-2023-HD-QIZHONG-Q7,BJ-2023-HD-QIZHONG-Q7,BJ-2023-HD-QIZHONG,BJ-2023-HD-QIZHONG,7,选择题,,整题,5d964e6f124fa48b,不明,OUT,MAYBE,COLLECTED,MAYBE,MAYBE,OUT,MAYBE,MAYBE,MAYBE,完整题-选择题照收,E3,该题正式评分材料候选存在候选/存在冲突，未确认匹配，不下判（同时已有匹配参考答案，选择题按E3计，正式评分材料候选仍待核实）,,,,,,BJ-2023-HD-QIZHONG-Q7,2026-09-24-attribution-v3,classify.py:classified_prod.jsonl+matrix.csv+exam_identity.json+skill_overrides.json,no
BJ-2023-HD-QIZHONG-Q8,BJ-2023-HD-QIZHONG-Q8,BJ-2023-HD-QIZHONG,BJ-2023-HD-QIZHONG,8,选择题,,整题,48733442bda30248,不明,OUT,MAYBE,COLLECTED,MAYBE,MAYBE,MAYBE,OUT,MAYBE,MAYBE,完整题-选择题照收,E3,该题正式评分材料候选存在候选/存在冲突，未确认匹配，不下判（同时已有匹配参考答案，选择题按E3计，正式评分材料候选仍待核实）,,,,,,BJ-2023-HD-QIZHONG-Q8,2026-09-24-attribution-v3,classify.py:classified_prod.jsonl+matrix.csv+exam_identity.json+skill_overrides.json,no
BJ-2023-HD-QIZHONG-Q9,BJ-2023-HD-QIZHONG-Q9,BJ-2023-HD-QIZHONG,BJ-2023-HD-QIZHONG,9,选择题,,整题,07e8f919eaef0ecc,不明,OUT,MAYBE,COLLECTED,MAYBE,MAYBE,OUT,MAYBE,MAYBE,MAYBE,完整题-选择题照收,E3,该题正式评分材料候选存在候选/存在冲突，未确认匹配，不下判（同时已有匹配参考答案，选择题按E3计，正式评分材料候选仍待核实）,,,,,,BJ-2023-HD-QIZHONG-Q9,2026-09-24-attribution-v3,classify.py:classified_prod.jsonl+matrix.csv+exam_identity.json+skill_overrides.json,no
BJ-2023-HD-QIZHONG-Q10,BJ-2023-HD-QIZHONG-Q10,BJ-2023-HD-QIZHONG,BJ-2023-HD-QIZHONG,10,选择题,,整题,bd6e510f1c47f2e7,不明,OUT,COLLECTED,MAYBE,OUT,MAYBE,OUT,MAYBE,OUT,MAYBE,完整题-选择题照收,E3,该题正式评分材料候选存在候选/存在冲突，未确认匹配，不下判（同时已有匹配参考答案，选择题按E3计，正式评分材料候选仍待核实）,,,,,,BJ-2023-HD-QIZHONG-Q10,2026-09-24-attribution-v3,classify.py:classified_prod.jsonl+matrix.csv+exam_identity.json+skill_overrides.json,no
BJ-2023-HD-QIZHONG-Q11,BJ-2023-HD-QIZHONG-Q11,BJ-2023-HD-QIZHONG,BJ-2023-HD-QIZHONG,11,选择题,,整题,ca533f75d91b6ff9,不明,OUT,COLLECTED,MAYBE,OUT,OUT,OUT,MAYBE,OUT,MAYBE,完整题-选择题照收,E3,该题正式评分材料候选存在候选/存在冲突，未确认匹配，不下判（同时已有匹配参考答案，选择题按E3计，正式评分材料候选仍待核实）,,,,,,BJ-2023-HD-QIZHONG-Q11,2026-09-24-attribution-v3,classify.py:classified_prod.jsonl+matrix.csv+exam_identity.json+skill_overrides.json,no
BJ-2023-HD-QIZHONG-Q12,BJ-2023-HD-QIZHONG-Q12,BJ-2023-HD-QIZHONG,BJ-2023-HD-QIZHONG,12,选择题,,整题,03696f4d8b11fa22,不明,MAYBE,MAYBE,MAYBE,OUT,OUT,MAYBE,MAYBE,OUT,MAYBE,完整题-选择题照收,E3,该题正式评分材料候选存在候选/存在冲突，未确认匹配，不下判（同时已有匹配参考答案，选择题按E3计，正式评分材料候选仍待核实）,,,,,,BJ-2023-HD-QIZHONG-Q12,2026-09-24-attribution-v3,classify.py:classified_prod.jsonl+matrix.csv+exam_identity.json+skill_overrides.json,no
BJ-2023-HD-QIZHONG-Q13,BJ-2023-HD-QIZHONG-Q13,BJ-2023-HD-QIZHONG,BJ-2023-HD-QIZHONG,13,选择题,,整题,0859a3d8152e4c7a,不明,MAYBE,MAYBE,MAYBE,OUT,MAYBE,MAYBE,MAYBE,OUT,MAYBE,完整题-选择题照收,E3,该题正式评分材料候选存在候选/存在冲突，未确认匹配，不下判（同时已有匹配参考答案，选择题按E3计，正式评分材料候选仍待核实）,,,,,,BJ-2023-HD-QIZHONG-Q13,2026-09-24-attribution-v3,classify.py:classified_prod.jsonl+matrix.csv+exam_identity.json+skill_overrides.json,no
BJ-2023-HD-QIZHONG-Q14,BJ-2023-HD-QIZHONG-Q14,BJ-2023-HD-QIZHONG,BJ-2023-HD-QIZHONG,14,选择题,,整题,09c7b33b0001fbf6,倾向,MAYBE,COLLECTED,MAYBE,OUT,OUT,IN,OUT,OUT,MAYBE,完整题-选择题照收,E3,该题正式评分材料候选存在候选/存在冲突，未确认匹配，不下判（同时已有匹配参考答案，选择题按E3计，正式评分材料候选仍待核实）,,,,,,BJ-2023-HD-QIZHONG-Q14,2026-09-24-attribution-v3,classify.py:classified_prod.jsonl+matrix.csv+exam_identity.json+skill_overrides.json,no
BJ-2023-HD-QIZHONG-Q15,BJ-2023-HD-QIZHONG-Q15,BJ-2023-HD-QIZHONG,BJ-2023-HD-QIZHONG,15,选择题,,整题,ba25449e589746d2,不明,MAYBE,COLLECTED,MAYBE,OUT,OUT,IN,OUT,OUT,MAYBE,完整题-选择题照收,E3,该题正式评分材料候选存在候选/存在冲突，未确认匹配，不下判（同时已有匹配参考答案，选择题按E3计，正式评分材料候选仍待核实）,,,,,,BJ-2023-HD-QIZHONG-Q15,2026-09-24-attribution-v3,classify.py:classified_prod.jsonl+matrix.csv+exam_identity.json+skill_overrides.json,no
BJ-2023-HD-QIZHONG-Q16,BJ-2023-HD-QIZHONG-Q16,BJ-2023-HD-QIZHONG,BJ-2023-HD-QIZHONG,16,主观题,,整题,672b077a3813e265,倾向,IN,COLLECTED,MAYBE,MAYBE,OUT,IN,OUT,OUT,MAYBE,待裁决-证据未核实,待裁决-证据未核实候选,该题正式评分材料候选存在候选/存在冲突，未确认匹配，不下判,,,,,,BJ-2023-HD-QIZHONG-Q16,2026-09-24-attribution-v3,classify.py:classified_prod.jsonl+matrix.csv+exam_identity.json+skill_overrides.json,no
BJ-2023-HD-QIZHONG-Q17,BJ-2023-HD-QIZHONG-Q17,BJ-2023-HD-QIZHONG,BJ-2023-HD-QIZHONG,17,主观题,,整题,a9eae98c2a7b9347,倾向,OUT,COLLECTED,MAYBE,MAYBE,OUT,OUT,OUT,OUT,MAYBE,待裁决-证据未核实,待裁决-证据未核实候选,该题正式评分材料候选存在候选/存在冲突，未确认匹配，不下判,,,,,,BJ-2023-HD-QIZHONG-Q17,2026-09-24-attribution-v3,classify.py:classified_prod.jsonl+matrix.csv+exam_identity.json+skill_overrides.json,no
BJ-2023-HD-QIZHONG-Q18#1,BJ-2023-HD-QIZHONG-Q18,BJ-2023-HD-QIZHONG,BJ-2023-HD-QIZHONG,18,主观题,1,小问,90073a0238901d58,不明,MAYBE,COLLECTED,MAYBE,MAYBE,MAYBE,MAYBE,MAYBE,MAYBE,MAYBE,待裁决-证据未核实,待裁决-证据未核实候选,该题正式评分材料候选存在候选/存在冲突，未确认匹配，不下判,,,,,,BJ-2023-HD-QIZHONG-Q18,2026-09-24-attribution-v3,classify.py:classified_prod.jsonl+matrix.csv+exam_identity.json+skill_overrides.json,no
BJ-2023-HD-QIZHONG-Q18#2,BJ-2023-HD-QIZHONG-Q18,BJ-2023-HD-QIZHONG,BJ-2023-HD-QIZHONG,18,主观题,2,小问,b59dc5349f60111e,倾向,OUT,COLLECTED,MAYBE,OUT,OUT,OUT,MAYBE,OUT,MAYBE,待裁决-证据未核实,待裁决-证据未核实候选,该题正式评分材料候选存在候选/存在冲突，未确认匹配，不下判,,,,,,BJ-2023-HD-QIZHONG-Q18,2026-09-24-attribution-v3,classify.py:classified_prod.jsonl+matrix.csv+exam_identity.json+skill_overrides.json,no
BJ-2023-HD-QIZHONG-Q19,BJ-2023-HD-QIZHONG-Q19,BJ-2023-HD-QIZHONG,BJ-2023-HD-QIZHONG,19,主观题,,整题,9691df7e9183942b,倾向,OUT,COLLECTED,MAYBE,OUT,OUT,OUT,OUT,OUT,MAYBE,待裁决-证据未核实,待裁决-证据未核实候选,该题正式评分材料候选存在候选/存在冲突，未确认匹配，不下判,,,,,,BJ-2023-HD-QIZHONG-Q19,2026-09-24-attribution-v3,classify.py:classified_prod.jsonl+matrix.csv+exam_identity.json+skill_overrides.json,no
BJ-2023-HD-QIZHONG-Q20,BJ-2023-HD-QIZHONG-Q20,BJ-2023-HD-QIZHONG,BJ-2023-HD-QIZHONG,20,主观题,,整题,835a68552cf1a904,不明,MAYBE,COLLECTED,COLLECTED,OUT,OUT,MAYBE,OUT,OUT,MAYBE,待裁决-证据未核实,待裁决-证据未核实候选,该题正式评分材料候选存在候选/存在冲突，未确认匹配，不下判,,,,,,BJ-2023-HD-QIZHONG-Q20,2026-09-24-attribution-v3,classify.py:classified_prod.jsonl+matrix.csv+exam_identity.json+skill_overrides.json,no
BJ-2023-HD-QIZHONG-Q21,BJ-2023-HD-QIZHONG-Q21,BJ-2023-HD-QIZHONG,BJ-2023-HD-QIZHONG,21,主观题,,整题,98d409eea60778d5,不明,OUT,COLLECTED,COLLECTED,MAYBE,OUT,MAYBE,MAYBE,OUT,MAYBE,待裁决-证据未核实,待裁决-证据未核实候选,该题正式评分材料候选存在候选/存在冲突，未确认匹配，不下判,,,,,,BJ-2023-HD-QIZHONG-Q21,2026-09-24-attribution-v3,classify.py:classified_prod.jsonl+matrix.csv+exam_identity.json+skill_overrides.json,no
BJ-2023-HD-QIZHONG-Q22,BJ-2023-HD-QIZHONG-Q22,BJ-2023-HD-QIZHONG,BJ-2023-HD-QIZHONG,22,主观题,,整题,2c2f2b9271e6dffd,倾向,OUT,COLLECTED,COLLECTED,OUT,OUT,MAYBE,OUT,OUT,MAYBE,待裁决-证据未核实,待裁决-证据未核实候选,该题正式评分材料候选存在候选/存在冲突，未确认匹配，不下判,,,,,,BJ-2023-HD-QIZHONG-Q22,2026-09-24-attribution-v3,classify.py:classified_prod.jsonl+matrix.csv+exam_identity.json+skill_overrides.json,no
BJ-2023-HD-QIZHONG-Q23,BJ-2023-HD-QIZHONG-Q23,BJ-2023-HD-QIZHONG,BJ-2023-HD-QIZHONG,23,主观题,,整题,ae1134ca43942e8b,倾向,OUT,COLLECTED,MAYBE,OUT,OUT,IN,OUT,OUT,MAYBE,待裁决-证据未核实,待裁决-证据未核实候选,该题正式评分材料候选存在候选/存在冲突，未确认匹配，不下判,,,,,,BJ-2023-HD-QIZHONG-Q23,2026-09-24-attribution-v3,classify.py:classified_prod.jsonl+matrix.csv+exam_identity.json+skill_overrides.json,no
BJ-2024-DC-YIMO-Q1,BJ-2024-DC-YIMO-Q1,BJ-2024-DC-YIMO,BJ-2024-DC-YIMO,1,选择题,,整题,a2b06c485084d5bc,倾向,IN,MAYBE,IN,MAYBE,COLLECTED,COLLECTED,OUT,OUT,OUT,完整题-选择题照收,E3,该题正式评分材料候选存在候选/存在冲突，未确认匹配，不下判（同时已有匹配参考答案，选择题按E3计，正式评分材料候选仍待核实）,,,,X1,,BJ-2024-DC-YIMO-Q1,2026-09-24-attribution-v3,classify.py:classified_prod.jsonl+matrix.csv+exam_identity.json+skill_overrides.json,no
BJ-2024-DC-YIMO-Q3,BJ-2024-DC-YIMO-Q3,BJ-2024-DC-YIMO,BJ-2024-DC-YIMO,3,选择题,,整题,2d53a8c861d94528,不明,OUT,MAYBE,MAYBE,COLLECTED,COLLECTED,OUT,OUT,MAYBE,MAYBE,完整题-选择题照收,E3,该题正式评分材料候选存在候选/存在冲突，未确认匹配，不下判（同时已有匹配参考答案，选择题按E3计，正式评分材料候选仍待核实）,,,,,,BJ-2024-DC-YIMO-Q3,2026-09-24-attribution-v3,classify.py:classified_prod.jsonl+matrix.csv+exam_identity.json+skill_overrides.json,no
BJ-2024-DC-YIMO-Q4,BJ-2024-DC-YIMO-Q4,BJ-2024-DC-YIMO,BJ-2024-DC-YIMO,4,选择题,,整题,70e15c399d0df471,不明,OUT,MAYBE,COLLECTED,MAYBE,MAYBE,MAYBE,OUT,MAYBE,MAYBE,完整题-选择题照收,E1,逐题已匹配正式评分材料,,,,,,BJ-2024-DC-YIMO-Q4,2026-09-24-attribution-v3,classify.py:classified_prod.jsonl+matrix.csv+exam_identity.json+skill_overrides.json,no
BJ-2024-DC-YIMO-Q16,BJ-2024-DC-YIMO-Q16,BJ-2024-DC-YIMO,BJ-2024-DC-YIMO,16,主观题,,整题,cb8887a48e4cdc7c,不明,MAYBE,OUT,MAYBE,COLLECTED,COLLECTED,MAYBE,MAYBE,OUT,OUT,待裁决-证据未核实,待裁决-证据未核实候选,该题正式评分材料候选存在候选/存在冲突，未确认匹配，不下判,,,,,,BJ-2024-DC-YIMO-Q16,2026-09-24-attribution-v3,classify.py:classified_prod.jsonl+matrix.csv+exam_identity.json+skill_overrides.json,no
BJ-2024-DC-YIMO-Q17,BJ-2024-DC-YIMO-Q17,BJ-2024-DC-YIMO,BJ-2024-DC-YIMO,17,主观题,,整题,2265f8dc09fa5c83,倾向,OUT,COLLECTED,COLLECTED,OUT,OUT,OUT,MAYBE,MAYBE,MAYBE,待裁决-证据未核实,待裁决-证据未核实候选,该题正式评分材料候选存在候选/存在冲突，未确认匹配，不下判,,,,,,BJ-2024-DC-YIMO-Q17,2026-09-24-attribution-v3,classify.py:classified_prod.jsonl+matrix.csv+exam_identity.json+skill_overrides.json,no
BJ-2024-DC-YIMO-Q18#1,BJ-2024-DC-YIMO-Q18,BJ-2024-DC-YIMO,BJ-2024-DC-YIMO,18,主观题,1,小问,80130e1c9c58ec74,不明,OUT,COLLECTED,COLLECTED,MAYBE,OUT,MAYBE,MAYBE,COLLECTED,MAYBE,待裁决-证据未核实,待裁决-证据未核实候选,该题正式评分材料候选存在候选/存在冲突，未确认匹配，不下判,,,,,,BJ-2024-DC-YIMO-Q18,2026-09-24-attribution-v3,classify.py:classified_prod.jsonl+matrix.csv+exam_identity.json+skill_overrides.json,no
BJ-2024-DC-YIMO-Q18#2,BJ-2024-DC-YIMO-Q18,BJ-2024-DC-YIMO,BJ-2024-DC-YIMO,18,主观题,2,小问,7bc8227bac37df83,不明,OUT,COLLECTED,COLLECTED,MAYBE,OUT,MAYBE,MAYBE,COLLECTED,MAYBE,待裁决-证据未核实,待裁决-证据未核实候选,该题正式评分材料候选存在候选/存在冲突，未确认匹配，不下判,,,,,,BJ-2024-DC-YIMO-Q18,2026-09-24-attribution-v3,classify.py:classified_prod.jsonl+matrix.csv+exam_identity.json+skill_overrides.json,no
BJ-2024-DC-YIMO-Q18#3,BJ-2024-DC-YIMO-Q18,BJ-2024-DC-YIMO,BJ-2024-DC-YIMO,18,主观题,3,小问,52b5df93756ef173,不明,OUT,COLLECTED,COLLECTED,MAYBE,OUT,MAYBE,MAYBE,COLLECTED,MAYBE,待裁决-证据未核实,待裁决-证据未核实候选,该题正式评分材料候选存在候选/存在冲突，未确认匹配，不下判,,,,,,BJ-2024-DC-YIMO-Q18,2026-09-24-attribution-v3,classify.py:classified_prod.jsonl+matrix.csv+exam_identity.json+skill_overrides.json,no
BJ-2024-DC-YIMO-Q19,BJ-2024-DC-YIMO-Q19,BJ-2024-DC-YIMO,BJ-2024-DC-YIMO,19,主观题,,整题,ed713c8897dd2372,不明,OUT,OUT,MAYBE,MAYBE,OUT,MAYBE,COLLECTED,OUT,MAYBE,待裁决-证据未核实,待裁决-证据未核实候选,该题正式评分材料候选存在候选/存在冲突，未确认匹配，不下判,,,,,,BJ-2024-DC-YIMO-Q19,2026-09-24-attribution-v3,classify.py:classified_prod.jsonl+matrix.csv+exam_identity.json+skill_overrides.json,no
BJ-2024-DC-YIMO-Q21,BJ-2024-DC-YIMO-Q21,BJ-2024-DC-YIMO,BJ-2024-DC-YIMO,21,主观题,,整题,892bc45b6ec734ad,不明,MAYBE,COLLECTED,MAYBE,COLLECTED,MAYBE,MAYBE,MAYBE,MAYBE,MAYBE,待裁决-证据未核实,待裁决-证据未核实候选,该题正式评分材料候选存在候选/存在冲突，未确认匹配，不下判,,,,,,BJ-2024-DC-YIMO-Q21,2026-09-24-attribution-v3,classify.py:classified_prod.jsonl+matrix.csv+exam_identity.json+skill_overrides.json,no
BJ-2024-DC-YIMO-Q2,BJ-2024-DC-YIMO-Q2,BJ-2024-DC-YIMO,BJ-2024-DC-YIMO,2,选择题,,整题,b1b63879acc97849,不明,OUT,MAYBE,MAYBE,MAYBE,COLLECTED,OUT,OUT,OUT,MAYBE,完整题-选择题照收,E3,该题正式评分材料候选存在候选/存在冲突，未确认匹配，不下判（同时已有匹配参考答案，选择题按E3计，正式评分材料候选仍待核实）,,,,,,BJ-2024-DC-YIMO-Q2,2026-09-24-attribution-v3,classify.py:classified_prod.jsonl+matrix.csv+exam_identity.json+skill_overrides.json,no
BJ-2024-DC-YIMO-Q5,BJ-2024-DC-YIMO-Q5,BJ-2024-DC-YIMO,BJ-2024-DC-YIMO,5,选择题,,整题,3c590f224325b95c,不明,OUT,MAYBE,COLLECTED,MAYBE,MAYBE,OUT,OUT,MAYBE,MAYBE,完整题-选择题照收,E3,该题正式评分材料候选存在候选/存在冲突，未确认匹配，不下判（同时已有匹配参考答案，选择题按E3计，正式评分材料候选仍待核实）,,,,,,BJ-2024-DC-YIMO-Q5,2026-09-24-attribution-v3,classify.py:classified_prod.jsonl+matrix.csv+exam_identity.json+skill_overrides.json,no
BJ-2024-DC-YIMO-Q6,BJ-2024-DC-YIMO-Q6,BJ-2024-DC-YIMO,BJ-2024-DC-YIMO,6,选择题,,整题,a8cb0b273fd35ef5,不明,OUT,MAYBE,MAYBE,MAYBE,MAYBE,OUT,OUT,IN,COLLECTED,完整题-选择题照收,E3,该题正式评分材料候选存在候选/存在冲突，未确认匹配，不下判（同时已有匹配参考答案，选择题按E3计，正式评分材料候选仍待核实）,,,,,,BJ-2024-DC-YIMO-Q6,2026-09-24-attribution-v3,classify.py:classified_prod.jsonl+matrix.csv+exam_identity.json+skill_overrides.json,no
BJ-2024-DC-YIMO-Q7,BJ-2024-DC-YIMO-Q7,BJ-2024-DC-YIMO,BJ-2024-DC-YIMO,7,选择题,,整题,6b03c85d5a5323f0,不明,OUT,MAYBE,MAYBE,MAYBE,MAYBE,OUT,OUT,MAYBE,COLLECTED,完整题-选择题照收,E3,该题正式评分材料候选存在候选/存在冲突，未确认匹配，不下判（同时已有匹配参考答案，选择题按E3计，正式评分材料候选仍待核实）,,,,,,BJ-2024-DC-YIMO-Q7,2026-09-24-attribution-v3,classify.py:classified_prod.jsonl+matrix.csv+exam_identity.json+skill_overrides.json,no
BJ-2024-DC-YIMO-Q8,BJ-2024-DC-YIMO-Q8,BJ-2024-DC-YIMO,BJ-2024-DC-YIMO,8,选择题,,整题,d93ea5eae334671c,倾向,OUT,MAYBE,MAYBE,MAYBE,OUT,OUT,OUT,OUT,COLLECTED,完整题-选择题照收,E3,该题正式评分材料候选存在候选/存在冲突，未确认匹配，不下判（同时已有匹配参考答案，选择题按E3计，正式评分材料候选仍待核实）,,,,RE,,BJ-2024-DC-YIMO-Q8,2026-09-24-attribution-v3,classify.py:classified_prod.jsonl+matrix.csv+exam_identity.json+skill_overrides.json,no
BJ-2024-DC-YIMO-Q9,BJ-2024-DC-YIMO-Q9,BJ-2024-DC-YIMO,BJ-2024-DC-YIMO,9,选择题,,整题,fe4bc707d273a373,不明,OUT,MAYBE,MAYBE,MAYBE,MAYBE,OUT,COLLECTED,OUT,OUT,完整题-选择题照收,E3,该题正式评分材料候选存在候选/存在冲突，未确认匹配，不下判（同时已有匹配参考答案，选择题按E3计，正式评分材料候选仍待核实）,,,,,,BJ-2024-DC-YIMO-Q9,2026-09-24-attribution-v3,classify.py:classified_prod.jsonl+matrix.csv+exam_identity.json+skill_overrides.json,no
BJ-2024-DC-YIMO-Q10,BJ-2024-DC-YIMO-Q10,BJ-2024-DC-YIMO,BJ-2024-DC-YIMO,10,选择题,,整题,9c9ca4c4158b7502,倾向,OUT,MAYBE,MAYBE,OUT,OUT,OUT,COLLECTED,OUT,OUT,完整题-选择题照收,E3,该题正式评分材料候选存在候选/存在冲突，未确认匹配，不下判（同时已有匹配参考答案，选择题按E3计，正式评分材料候选仍待核实）,,,,,,BJ-2024-DC-YIMO-Q10,2026-09-24-attribution-v3,classify.py:classified_prod.jsonl+matrix.csv+exam_identity.json+skill_overrides.json,no
BJ-2024-DC-YIMO-Q11,BJ-2024-DC-YIMO-Q11,BJ-2024-DC-YIMO,BJ-2024-DC-YIMO,11,选择题,,整题,517883973ce71e5f,倾向,OUT,MAYBE,COLLECTED,OUT,OUT,OUT,COLLECTED,OUT,OUT,完整题-选择题照收,E3,该题正式评分材料候选存在候选/存在冲突，未确认匹配，不下判（同时已有匹配参考答案，选择题按E3计，正式评分材料候选仍待核实）,,,,,,BJ-2024-DC-YIMO-Q11,2026-09-24-attribution-v3,classify.py:classified_prod.jsonl+matrix.csv+exam_identity.json+skill_overrides.json,no
BJ-2024-DC-YIMO-Q12,BJ-2024-DC-YIMO-Q12,BJ-2024-DC-YIMO,BJ-2024-DC-YIMO,12,选择题,,整题,cbdb998af37d8051,不明,MAYBE,COLLECTED,MAYBE,OUT,OUT,OUT,MAYBE,MAYBE,MAYBE,完整题-选择题照收,E3,该题正式评分材料候选存在候选/存在冲突，未确认匹配，不下判（同时已有匹配参考答案，选择题按E3计，正式评分材料候选仍待核实）,,,,,,BJ-2024-DC-YIMO-Q12,2026-09-24-attribution-v3,classify.py:classified_prod.jsonl+matrix.csv+exam_identity.json+skill_overrides.json,no
BJ-2024-DC-YIMO-Q13,BJ-2024-DC-YIMO-Q13,BJ-2024-DC-YIMO,BJ-2024-DC-YIMO,13,选择题,,整题,2fc680dc8a72cac8,倾向,OUT,COLLECTED,MAYBE,OUT,OUT,OUT,OUT,MAYBE,MAYBE,完整题-选择题照收,E3,该题正式评分材料候选存在候选/存在冲突，未确认匹配，不下判（同时已有匹配参考答案，选择题按E3计，正式评分材料候选仍待核实）,,,,,,BJ-2024-DC-YIMO-Q13,2026-09-24-attribution-v3,classify.py:classified_prod.jsonl+matrix.csv+exam_identity.json+skill_overrides.json,no
BJ-2024-DC-YIMO-Q14,BJ-2024-DC-YIMO-Q14,BJ-2024-DC-YIMO,BJ-2024-DC-YIMO,14,选择题,,整题,db4d5e503e8fd610,不明,MAYBE,MAYBE,MAYBE,OUT,OUT,COLLECTED,OUT,MAYBE,MAYBE,完整题-选择题照收,E3,该题正式评分材料候选存在候选/存在冲突，未确认匹配，不下判（同时已有匹配参考答案，选择题按E3计，正式评分材料候选仍待核实）,,,,,,BJ-2024-DC-YIMO-Q14,2026-09-24-attribution-v3,classify.py:classified_prod.jsonl+matrix.csv+exam_identity.json+skill_overrides.json,no
BJ-2024-DC-YIMO-Q15,BJ-2024-DC-YIMO-Q15,BJ-2024-DC-YIMO,BJ-2024-DC-YIMO,15,选择题,,整题,8a5488eeededbb25,倾向,MAYBE,MAYBE,MAYBE,COLLECTED,COLLECTED,IN,OUT,OUT,OUT,完整题-选择题照收,E3,该题正式评分材料候选存在候选/存在冲突，未确认匹配，不下判（同时已有匹配参考答案，选择题按E3计，正式评分材料候选仍待核实）,,,,PH;CU,,BJ-2024-DC-YIMO-Q15,2026-09-24-attribution-v3,classify.py:classified_prod.jsonl+matrix.csv+exam_identity.json+skill_overrides.json,no
BJ-2024-DC-YIMO-Q20,BJ-2024-DC-YIMO-Q20,BJ-2024-DC-YIMO,BJ-2024-DC-YIMO,20,主观题,,整题,efe3f610189374ba,倾向,OUT,COLLECTED,OUT,OUT,OUT,COLLECTED,MAYBE,OUT,MAYBE,待裁决-证据未核实,待裁决-证据未核实候选,该题正式评分材料候选存在候选/存在冲突，未确认匹配，不下判,,,,,,BJ-2024-DC-YIMO-Q20,2026-09-24-attribution-v3,classify.py:classified_prod.jsonl+matrix.csv+exam_identity.json+skill_overrides.json,no
BJ-2024-HD-YIMO-Q16,BJ-2024-HD-YIMO-Q16,BJ-2024-HD-YIMO,BJ-2024-HD-YIMO,16,主观题,,整题,08f8874b0f8b8cff,倾向,OUT,OUT,OUT,COLLECTED,COLLECTED,OUT,MAYBE,MAYBE,MAYBE,完整题-有E1,E1,逐题已匹配正式评分材料,,,,,,BJ-2024-HD-YIMO-Q16,2026-09-24-attribution-v3,classify.py:classified_prod.jsonl+matrix.csv+exam_identity.json+skill_overrides.json,no
BJ-2024-HD-YIMO-Q18#1,BJ-2024-HD-YIMO-Q18,BJ-2024-HD-YIMO,BJ-2024-HD-YIMO,18,主观题,1,小问,f6cf1697efd1416b,倾向,OUT,COLLECTED,MAYBE,OUT,OUT,COLLECTED,OUT,OUT,COLLECTED,待裁决-证据未核实,待裁决-证据未核实候选,该题正式评分材料候选存在候选/存在冲突，未确认匹配，不下判,,,,,,BJ-2024-HD-YIMO-Q18,2026-09-24-attribution-v3,classify.py:classified_prod.jsonl+matrix.csv+exam_identity.json+skill_overrides.json,no
BJ-2024-HD-YIMO-Q18#2,BJ-2024-HD-YIMO-Q18,BJ-2024-HD-YIMO,BJ-2024-HD-YIMO,18,主观题,2,小问,4efb30072d1b98da,倾向,OUT,COLLECTED,MAYBE,OUT,OUT,COLLECTED,OUT,OUT,COLLECTED,待裁决-证据未核实,待裁决-证据未核实候选,该题正式评分材料候选存在候选/存在冲突，未确认匹配，不下判,,,,,,BJ-2024-HD-YIMO-Q18,2026-09-24-attribution-v3,classify.py:classified_prod.jsonl+matrix.csv+exam_identity.json+skill_overrides.json,no
BJ-2024-HD-YIMO-Q20,BJ-2024-HD-YIMO-Q20,BJ-2024-HD-YIMO,BJ-2024-HD-YIMO,20,主观题,,整题,e3e8da189a04f425,不明,OUT,MAYBE,MAYBE,MAYBE,OUT,MAYBE,OUT,OUT,MAYBE,待裁决-证据未核实,待裁决-证据未核实候选,该题正式评分材料候选存在候选/存在冲突，未确认匹配，不下判,,,,,,BJ-2024-HD-YIMO-Q20,2026-09-24-attribution-v3,classify.py:classified_prod.jsonl+matrix.csv+exam_identity.json+skill_overrides.json,no
BJ-2024-HD-YIMO-Q17#1,BJ-2024-HD-YIMO-Q17,BJ-2024-HD-YIMO,BJ-2024-HD-YIMO,17,主观题,1,小问,2ae4d3a8f92e651e,不明,MAYBE,COLLECTED,COLLECTED,MAYBE,OUT,MAYBE,MAYBE,COLLECTED,MAYBE,待裁决-证据未核实,待裁决-证据未核实候选,该题正式评分材料候选存在候选/存在冲突，未确认匹配，不下判,,,,,,BJ-2024-HD-YIMO-Q17,2026-09-24-attribution-v3,classify.py:classified_prod.jsonl+matrix.csv+exam_identity.json+skill_overrides.json,no
BJ-2024-HD-YIMO-Q17#2,BJ-2024-HD-YIMO-Q17,BJ-2024-HD-YIMO,BJ-2024-HD-YIMO,17,主观题,2,小问,ace0c83e3dce0194,不明,MAYBE,COLLECTED,COLLECTED,MAYBE,OUT,MAYBE,MAYBE,COLLECTED,MAYBE,待裁决-证据未核实,待裁决-证据未核实候选,该题正式评分材料候选存在候选/存在冲突，未确认匹配，不下判,,,,,,BJ-2024-HD-YIMO-Q17,2026-09-24-attribution-v3,classify.py:classified_prod.jsonl+matrix.csv+exam_identity.json+skill_overrides.json,no
BJ-2024-HD-YIMO-Q17#3,BJ-2024-HD-YIMO-Q17,BJ-2024-HD-YIMO,BJ-2024-HD-YIMO,17,主观题,3,小问,e3488e12b8aec26a,不明,MAYBE,COLLECTED,COLLECTED,MAYBE,OUT,MAYBE,MAYBE,COLLECTED,MAYBE,待裁决-证据未核实,待裁决-证据未核实候选,该题正式评分材料候选存在候选/存在冲突，未确认匹配，不下判,,,,,,BJ-2024-HD-YIMO-Q17,2026-09-24-attribution-v3,classify.py:classified_prod.jsonl+matrix.csv+exam_identity.json+skill_overrides.json,no
BJ-2024-HD-YIMO-Q19,BJ-2024-HD-YIMO-Q19,BJ-2024-HD-YIMO,BJ-2024-HD-YIMO,19,主观题,,整题,26fb1f1216f92dc9,倾向,OUT,COLLECTED,MAYBE,MAYBE,OUT,OUT,COLLECTED,OUT,OUT,待裁决-证据未核实,待裁决-证据未核实候选,该题正式评分材料候选存在候选/存在冲突，未确认匹配，不下判,,,,B2,,BJ-2024-HD-YIMO-Q19,2026-09-24-attribution-v3,classify.py:classified_prod.jsonl+matrix.csv+exam_identity.json+skill_overrides.json,no
BJ-2024-HD-YIMO-Q1,BJ-2024-HD-YIMO-Q1,BJ-2024-HD-YIMO,BJ-2024-HD-YIMO,1,选择题,,整题,02139386a135797e,倾向,IN,MAYBE,MAYBE,MAYBE,COLLECTED,OUT,OUT,OUT,OUT,完整题-选择题照收,答案键来源未核实(候选未确认),该题正式评分材料候选存在候选/存在冲突，未确认匹配，不下判,,,,,,BJ-2024-HD-YIMO-Q1,2026-09-24-attribution-v3,classify.py:classified_prod.jsonl+matrix.csv+exam_identity.json+skill_overrides.json,no
BJ-2024-HD-YIMO-Q2,BJ-2024-HD-YIMO-Q2,BJ-2024-HD-YIMO,BJ-2024-HD-YIMO,2,选择题,,整题,9d2ae4941ba72aff,倾向,OUT,MAYBE,MAYBE,COLLECTED,MAYBE,OUT,OUT,IN,OUT,完整题-选择题照收,答案键来源未核实(候选未确认),该题正式评分材料候选存在候选/存在冲突，未确认匹配，不下判,,,,,,BJ-2024-HD-YIMO-Q2,2026-09-24-attribution-v3,classify.py:classified_prod.jsonl+matrix.csv+exam_identity.json+skill_overrides.json,no
BJ-2024-HD-YIMO-Q3,BJ-2024-HD-YIMO-Q3,BJ-2024-HD-YIMO,BJ-2024-HD-YIMO,3,选择题,,整题,3e25662f9f550104,不明,OUT,MAYBE,MAYBE,COLLECTED,MAYBE,OUT,OUT,MAYBE,MAYBE,完整题-选择题照收,答案键来源未核实(候选未确认),该题正式评分材料候选存在候选/存在冲突，未确认匹配，不下判,,,,,,BJ-2024-HD-YIMO-Q3,2026-09-24-attribution-v3,classify.py:classified_prod.jsonl+matrix.csv+exam_identity.json+skill_overrides.json,no
BJ-2024-HD-YIMO-Q4,BJ-2024-HD-YIMO-Q4,BJ-2024-HD-YIMO,BJ-2024-HD-YIMO,4,选择题,,整题,8db31d4881464a7c,不明,OUT,MAYBE,MAYBE,MAYBE,COLLECTED,OUT,OUT,MAYBE,MAYBE,完整题-选择题照收,答案键来源未核实(候选未确认),该题正式评分材料候选存在候选/存在冲突，未确认匹配，不下判,,,,,,BJ-2024-HD-YIMO-Q4,2026-09-24-attribution-v3,classify.py:classified_prod.jsonl+matrix.csv+exam_identity.json+skill_overrides.json,no
BJ-2024-HD-YIMO-Q5,BJ-2024-HD-YIMO-Q5,BJ-2024-HD-YIMO,BJ-2024-HD-YIMO,5,选择题,,整题,f3121a34c8c2abae,不明,OUT,MAYBE,MAYBE,COLLECTED,MAYBE,OUT,OUT,MAYBE,MAYBE,完整题-选择题照收,答案键来源未核实(候选未确认),该题正式评分材料候选存在候选/存在冲突，未确认匹配，不下判,,,,,,BJ-2024-HD-YIMO-Q5,2026-09-24-attribution-v3,classify.py:classified_prod.jsonl+matrix.csv+exam_identity.json+skill_overrides.json,no
BJ-2024-HD-YIMO-Q6,BJ-2024-HD-YIMO-Q6,BJ-2024-HD-YIMO,BJ-2024-HD-YIMO,6,选择题,,整题,f2ce5075fa1e4c63,不明,OUT,MAYBE,MAYBE,MAYBE,MAYBE,OUT,OUT,MAYBE,COLLECTED,完整题-选择题照收,答案键来源未核实(候选未确认),该题正式评分材料候选存在候选/存在冲突，未确认匹配，不下判,,,,,,BJ-2024-HD-YIMO-Q6,2026-09-24-attribution-v3,classify.py:classified_prod.jsonl+matrix.csv+exam_identity.json+skill_overrides.json,no
BJ-2024-HD-YIMO-Q7,BJ-2024-HD-YIMO-Q7,BJ-2024-HD-YIMO,BJ-2024-HD-YIMO,7,选择题,,整题,28fb3db97b296d57,不明,OUT,MAYBE,MAYBE,MAYBE,MAYBE,OUT,MAYBE,MAYBE,COLLECTED,完整题-选择题照收,答案键来源未核实(候选未确认),该题正式评分材料候选存在候选/存在冲突，未确认匹配，不下判,,,,,,BJ-2024-HD-YIMO-Q7,2026-09-24-attribution-v3,classify.py:classified_prod.jsonl+matrix.csv+exam_identity.json+skill_overrides.json,no
BJ-2024-HD-YIMO-Q8,BJ-2024-HD-YIMO-Q8,BJ-2024-HD-YIMO,BJ-2024-HD-YIMO,8,选择题,,整题,49d7513370df8e04,倾向,OUT,MAYBE,COLLECTED,MAYBE,OUT,IN,OUT,MAYBE,OUT,完整题-选择题照收,答案键来源未核实(候选未确认),该题正式评分材料候选存在候选/存在冲突，未确认匹配，不下判,,,,,,BJ-2024-HD-YIMO-Q8,2026-09-24-attribution-v3,classify.py:classified_prod.jsonl+matrix.csv+exam_identity.json+skill_overrides.json,no
BJ-2024-HD-YIMO-Q9,BJ-2024-HD-YIMO-Q9,BJ-2024-HD-YIMO,BJ-2024-HD-YIMO,9,选择题,,整题,bddb1054cc489991,不明,OUT,MAYBE,COLLECTED,MAYBE,MAYBE,OUT,MAYBE,OUT,OUT,完整题-选择题照收,答案键来源未核实(候选未确认),该题正式评分材料候选存在候选/存在冲突，未确认匹配，不下判,,,,,,BJ-2024-HD-YIMO-Q9,2026-09-24-attribution-v3,classify.py:classified_prod.jsonl+matrix.csv+exam_identity.json+skill_overrides.json,no
BJ-2024-HD-YIMO-Q10,BJ-2024-HD-YIMO-Q10,BJ-2024-HD-YIMO,BJ-2024-HD-YIMO,10,选择题,,整题,9f391e61def9c8d1,倾向,OUT,MAYBE,MAYBE,OUT,OUT,OUT,COLLECTED,OUT,OUT,完整题-选择题照收,答案键来源未核实(候选未确认),该题正式评分材料候选存在候选/存在冲突，未确认匹配，不下判,,,,,,BJ-2024-HD-YIMO-Q10,2026-09-24-attribution-v3,classify.py:classified_prod.jsonl+matrix.csv+exam_identity.json+skill_overrides.json,no
BJ-2024-HD-YIMO-Q11,BJ-2024-HD-YIMO-Q11,BJ-2024-HD-YIMO,BJ-2024-HD-YIMO,11,选择题,,整题,6484bc7444aa5fee,倾向,OUT,MAYBE,MAYBE,OUT,OUT,OUT,COLLECTED,OUT,OUT,完整题-选择题照收,答案键来源未核实(候选未确认),该题正式评分材料候选存在候选/存在冲突，未确认匹配，不下判,,,,,,BJ-2024-HD-YIMO-Q11,2026-09-24-attribution-v3,classify.py:classified_prod.jsonl+matrix.csv+exam_identity.json+skill_overrides.json,no
BJ-2024-HD-YIMO-Q12,BJ-2024-HD-YIMO-Q12,BJ-2024-HD-YIMO,BJ-2024-HD-YIMO,12,选择题,,整题,4d08f81aabdc3d4c,不明,OUT,COLLECTED,MAYBE,OUT,OUT,OUT,MAYBE,MAYBE,MAYBE,完整题-选择题照收,答案键来源未核实(候选未确认),该题正式评分材料候选存在候选/存在冲突，未确认匹配，不下判,,,,,,BJ-2024-HD-YIMO-Q12,2026-09-24-attribution-v3,classify.py:classified_prod.jsonl+matrix.csv+exam_identity.json+skill_overrides.json,no
BJ-2024-HD-YIMO-Q13,BJ-2024-HD-YIMO-Q13,BJ-2024-HD-YIMO,BJ-2024-HD-YIMO,13,选择题,,整题,85c78e2da601b05c,不明,OUT,COLLECTED,MAYBE,OUT,OUT,OUT,MAYBE,MAYBE,MAYBE,完整题-选择题照收,答案键来源未核实(候选未确认),该题正式评分材料候选存在候选/存在冲突，未确认匹配，不下判,,,,,,BJ-2024-HD-YIMO-Q13,2026-09-24-attribution-v3,classify.py:classified_prod.jsonl+matrix.csv+exam_identity.json+skill_overrides.json,no
BJ-2024-HD-YIMO-Q14,BJ-2024-HD-YIMO-Q14,BJ-2024-HD-YIMO,BJ-2024-HD-YIMO,14,选择题,,整题,65fae54360934841,不明,MAYBE,MAYBE,MAYBE,OUT,OUT,COLLECTED,OUT,MAYBE,MAYBE,完整题-选择题照收,答案键来源未核实(候选未确认),该题正式评分材料候选存在候选/存在冲突，未确认匹配，不下判,,,,,,BJ-2024-HD-YIMO-Q14,2026-09-24-attribution-v3,classify.py:classified_prod.jsonl+matrix.csv+exam_identity.json+skill_overrides.json,no
BJ-2024-HD-YIMO-Q15,BJ-2024-HD-YIMO-Q15,BJ-2024-HD-YIMO,BJ-2024-HD-YIMO,15,选择题,,整题,66076e029a2cf3d8,不明,MAYBE,MAYBE,MAYBE,OUT,MAYBE,COLLECTED,OUT,OUT,OUT,完整题-选择题照收,答案键来源未核实(候选未确认),该题正式评分材料候选存在候选/存在冲突，未确认匹配，不下判,,,,,,BJ-2024-HD-YIMO-Q15,2026-09-24-attribution-v3,classify.py:classified_prod.jsonl+matrix.csv+exam_identity.json+skill_overrides.json,no
BJ-2024-DC-ERMO-Q2,BJ-2024-DC-ERMO-Q2,BJ-2024-DC-ERMO,BJ-2024-DC-ERMO,2,选择题,,整题,daa482559db4db61,不明,OUT,MAYBE,MAYBE,MAYBE,COLLECTED,OUT,OUT,OUT,MAYBE,完整题-选择题照收,答案键来源未核实(候选未确认),该题正式评分材料候选存在候选/存在冲突，未确认匹配，不下判,,,,,,BJ-2024-DC-ERMO-Q2,2026-09-24-attribution-v3,classify.py:classified_prod.jsonl+matrix.csv+exam_identity.json+skill_overrides.json,no
BJ-2024-DC-ERMO-Q3,BJ-2024-DC-ERMO-Q3,BJ-2024-DC-ERMO,BJ-2024-DC-ERMO,3,选择题,,整题,4b7647b4d411bb68,不明,OUT,MAYBE,MAYBE,COLLECTED,MAYBE,OUT,OUT,MAYBE,MAYBE,完整题-选择题照收,答案键来源未核实(候选未确认),该题正式评分材料候选存在候选/存在冲突，未确认匹配，不下判,,,,,,BJ-2024-DC-ERMO-Q3,2026-09-24-attribution-v3,classify.py:classified_prod.jsonl+matrix.csv+exam_identity.json+skill_overrides.json,no
BJ-2024-DC-ERMO-Q1,BJ-2024-DC-ERMO-Q1,BJ-2024-DC-ERMO,BJ-2024-DC-ERMO,1,选择题,,整题,a4fe257c6440499d,不明,MAYBE,MAYBE,MAYBE,MAYBE,COLLECTED,OUT,OUT,OUT,MAYBE,完整题-选择题照收,答案键来源未核实(候选未确认),该题正式评分材料候选存在候选/存在冲突，未确认匹配，不下判,,,,,,BJ-2024-DC-ERMO-Q1,2026-09-24-attribution-v3,classify.py:classified_prod.jsonl+matrix.csv+exam_identity.json+skill_overrides.json,no
BJ-2024-DC-ERMO-Q16,BJ-2024-DC-ERMO-Q16,BJ-2024-DC-ERMO,BJ-2024-DC-ERMO,16,主观题,,整题,f5036047db7a147c,倾向,OUT,MAYBE,OUT,COLLECTED,COLLECTED,OUT,OUT,MAYBE,OUT,完整题-有E1,E1,逐题已匹配正式评分材料,,,,,,BJ-2024-DC-ERMO-Q16,2026-09-24-attribution-v3,classify.py:classified_prod.jsonl+matrix.csv+exam_identity.json+skill_overrides.json,no
BJ-2024-DC-ERMO-Q17#1,BJ-2024-DC-ERMO-Q17,BJ-2024-DC-ERMO,BJ-2024-DC-ERMO,17,主观题,1,小问,57f5651f86802909,倾向,OUT,COLLECTED,MAYBE,OUT,OUT,OUT,OUT,OUT,COLLECTED,完整题-有E1,E1,逐题已匹配正式评分材料,,,,,,BJ-2024-DC-ERMO-Q17,2026-09-24-attribution-v3,classify.py:classified_prod.jsonl+matrix.csv+exam_identity.json+skill_overrides.json,no
BJ-2024-DC-ERMO-Q17#2,BJ-2024-DC-ERMO-Q17,BJ-2024-DC-ERMO,BJ-2024-DC-ERMO,17,主观题,2,小问,a963068f04632381,倾向,OUT,COLLECTED,MAYBE,OUT,OUT,OUT,OUT,OUT,COLLECTED,完整题-有E1,E1,逐题已匹配正式评分材料,,,,,,BJ-2024-DC-ERMO-Q17,2026-09-24-attribution-v3,classify.py:classified_prod.jsonl+matrix.csv+exam_identity.json+skill_overrides.json,no
BJ-2024-DC-ERMO-Q18#1,BJ-2024-DC-ERMO-Q18,BJ-2024-DC-ERMO,BJ-2024-DC-ERMO,18,主观题,1,小问,7ab99e3540cf933f,倾向,MAYBE,COLLECTED,COLLECTED,COLLECTED,MAYBE,MAYBE,COLLECTED,MAYBE,MAYBE,完整题-有E1,E1,逐题已匹配正式评分材料,B1:rubric_unreadable_not_OUT;CU:rubric_unreadable_not_OUT;X1:rubric_unreadable_not_OUT;MI:rubric_unreadable_not_OUT;RE:rubric_unreadable_not_OUT,,,,,BJ-2024-DC-ERMO-Q18,2026-09-24-attribution-v3,classify.py:classified_prod.jsonl+matrix.csv+exam_identity.json+skill_overrides.json,no
BJ-2024-DC-ERMO-Q18#2,BJ-2024-DC-ERMO-Q18,BJ-2024-DC-ERMO,BJ-2024-DC-ERMO,18,主观题,2,小问,848e49e7bb880779,不明,MAYBE,COLLECTED,COLLECTED,COLLECTED,MAYBE,MAYBE,COLLECTED,MAYBE,MAYBE,完整题-有E1,E1,逐题已匹配正式评分材料,,,,,,BJ-2024-DC-ERMO-Q18,2026-09-24-attribution-v3,classify.py:classified_prod.jsonl+matrix.csv+exam_identity.json+skill_overrides.json,no
BJ-2024-DC-ERMO-Q19#1,BJ-2024-DC-ERMO-Q19,BJ-2024-DC-ERMO,BJ-2024-DC-ERMO,19,主观题,1,小问,2d1f25a575aedac9,不明,MAYBE,MAYBE,MAYBE,MAYBE,MAYBE,MAYBE,COLLECTED,MAYBE,MAYBE,完整题-有E1,E1,逐题已匹配正式评分材料,,,,,,BJ-2024-DC-ERMO-Q19,2026-09-24-attribution-v3,classify.py:classified_prod.jsonl+matrix.csv+exam_identity.json+skill_overrides.json,no
BJ-2024-DC-ERMO-Q19#2,BJ-2024-DC-ERMO-Q19,BJ-2024-DC-ERMO,BJ-2024-DC-ERMO,19,主观题,2,小问,46e1539ea5af4ff5,不明,MAYBE,MAYBE,MAYBE,MAYBE,MAYBE,MAYBE,COLLECTED,MAYBE,MAYBE,完整题-有E1,E1,逐题已匹配正式评分材料,,,,,,BJ-2024-DC-ERMO-Q19,2026-09-24-attribution-v3,classify.py:classified_prod.jsonl+matrix.csv+exam_identity.json+skill_overrides.json,no
BJ-2024-DC-ERMO-Q20,BJ-2024-DC-ERMO-Q20,BJ-2024-DC-ERMO,BJ-2024-DC-ERMO,20,主观题,,整题,ccc64dd744c675fc,确定,MAYBE,MAYBE,MAYBE,MAYBE,MAYBE,COLLECTED,MAYBE,MAYBE,MAYBE,待裁决-证据未核实,待裁决-证据未核实候选,该题正式评分材料候选存在候选/存在冲突，未确认匹配，不下判,B1:rubric_unreadable_not_OUT;B2:rubric_unreadable_not_OUT;B3:rubric_unreadable_not_OUT;PH:rubric_unreadable_not_OUT;CU:rubric_unreadable_not_OUT;X2:rubric_unreadable_not_OUT;MI:rubric_unreadable_not_OUT;RE:rubric_unreadable_not_OUT,,,,,BJ-2024-DC-ERMO-Q20,2026-09-24-attribution-v3,classify.py:classified_prod.jsonl+matrix.csv+exam_identity.json+skill_overrides.json,no
BJ-2024-DC-ERMO-Q21,BJ-2024-DC-ERMO-Q21,BJ-2024-DC-ERMO,BJ-2024-DC-ERMO,21,主观题,,整题,ca3ab655bcd8e446,不明,MAYBE,COLLECTED,COLLECTED,COLLECTED,COLLECTED,MAYBE,MAYBE,MAYBE,MAYBE,完整题-有E1,E1,逐题已匹配正式评分材料,,,,,,BJ-2024-DC-ERMO-Q21,2026-09-24-attribution-v3,classify.py:classified_prod.jsonl+matrix.csv+exam_identity.json+skill_overrides.json,no
BJ-2024-DC-ERMO-Q4,BJ-2024-DC-ERMO-Q4,BJ-2024-DC-ERMO,BJ-2024-DC-ERMO,4,选择题,,整题,0b44f46de35656d1,不明,OUT,MAYBE,COLLECTED,MAYBE,MAYBE,OUT,OUT,MAYBE,MAYBE,完整题-选择题照收,答案键来源未核实(候选未确认),该题正式评分材料候选存在候选/存在冲突，未确认匹配，不下判,,,,,,BJ-2024-DC-ERMO-Q4,2026-09-24-attribution-v3,classify.py:classified_prod.jsonl+matrix.csv+exam_identity.json+skill_overrides.json,no
BJ-2024-DC-ERMO-Q5,BJ-2024-DC-ERMO-Q5,BJ-2024-DC-ERMO,BJ-2024-DC-ERMO,5,选择题,,整题,d4f8184625237167,不明,OUT,MAYBE,COLLECTED,MAYBE,MAYBE,OUT,OUT,MAYBE,MAYBE,完整题-选择题照收,答案键来源未核实(候选未确认),该题正式评分材料候选存在候选/存在冲突，未确认匹配，不下判,,,,,,BJ-2024-DC-ERMO-Q5,2026-09-24-attribution-v3,classify.py:classified_prod.jsonl+matrix.csv+exam_identity.json+skill_overrides.json,no
BJ-2024-DC-ERMO-Q6,BJ-2024-DC-ERMO-Q6,BJ-2024-DC-ERMO,BJ-2024-DC-ERMO,6,选择题,,整题,398b693e9efcf7d3,不明,OUT,MAYBE,COLLECTED,MAYBE,MAYBE,OUT,MAYBE,MAYBE,MAYBE,完整题-选择题照收,答案键来源未核实(候选未确认),该题正式评分材料候选存在候选/存在冲突，未确认匹配，不下判,,,,,,BJ-2024-DC-ERMO-Q6,2026-09-24-attribution-v3,classify.py:classified_prod.jsonl+matrix.csv+exam_identity.json+skill_overrides.json,no
BJ-2024-DC-ERMO-Q7,BJ-2024-DC-ERMO-Q7,BJ-2024-DC-ERMO,BJ-2024-DC-ERMO,7,选择题,,整题,b4a3ac2efa035307,不明,OUT,MAYBE,MAYBE,MAYBE,MAYBE,OUT,COLLECTED,MAYBE,MAYBE,完整题-选择题照收,答案键来源未核实(候选未确认),该题正式评分材料候选存在候选/存在冲突，未确认匹配，不下判,,,,,,BJ-2024-DC-ERMO-Q7,2026-09-24-attribution-v3,classify.py:classified_prod.jsonl+matrix.csv+exam_identity.json+skill_overrides.json,no
BJ-2024-DC-ERMO-Q8,BJ-2024-DC-ERMO-Q8,BJ-2024-DC-ERMO,BJ-2024-DC-ERMO,8,选择题,,整题,e21299cce05dc404,倾向,OUT,MAYBE,MAYBE,MAYBE,OUT,OUT,COLLECTED,OUT,OUT,完整题-选择题照收,答案键来源未核实(候选未确认),该题正式评分材料候选存在候选/存在冲突，未确认匹配，不下判,,,,,,BJ-2024-DC-ERMO-Q8,2026-09-24-attribution-v3,classify.py:classified_prod.jsonl+matrix.csv+exam_identity.json+skill_overrides.json,no
BJ-2024-DC-ERMO-Q9,BJ-2024-DC-ERMO-Q9,BJ-2024-DC-ERMO,BJ-2024-DC-ERMO,9,选择题,,整题,9345452d5f04299b,不明,OUT,MAYBE,MAYBE,MAYBE,MAYBE,OUT,MAYBE,OUT,OUT,完整题-选择题照收,答案键来源未核实(候选未确认),该题正式评分材料候选存在候选/存在冲突，未确认匹配，不下判,,,,,,BJ-2024-DC-ERMO-Q9,2026-09-24-attribution-v3,classify.py:classified_prod.jsonl+matrix.csv+exam_identity.json+skill_overrides.json,no
BJ-2024-DC-ERMO-Q10,BJ-2024-DC-ERMO-Q10,BJ-2024-DC-ERMO,BJ-2024-DC-ERMO,10,选择题,,整题,59c7ac2a59e989b8,不明,OUT,MAYBE,MAYBE,OUT,OUT,OUT,MAYBE,OUT,OUT,完整题-选择题照收,答案键来源未核实(候选未确认),该题正式评分材料候选存在候选/存在冲突，未确认匹配，不下判,,,,,,BJ-2024-DC-ERMO-Q10,2026-09-24-attribution-v3,classify.py:classified_prod.jsonl+matrix.csv+exam_identity.json+skill_overrides.json,no
BJ-2024-DC-ERMO-Q11,BJ-2024-DC-ERMO-Q11,BJ-2024-DC-ERMO,BJ-2024-DC-ERMO,11,选择题,,整题,02487186c14587a0,不明,OUT,MAYBE,MAYBE,OUT,OUT,OUT,MAYBE,OUT,OUT,完整题-选择题照收,答案键来源未核实(候选未确认),该题正式评分材料候选存在候选/存在冲突，未确认匹配，不下判,,,,,,BJ-2024-DC-ERMO-Q11,2026-09-24-attribution-v3,classify.py:classified_prod.jsonl+matrix.csv+exam_identity.json+skill_overrides.json,no
BJ-2024-DC-ERMO-Q12,BJ-2024-DC-ERMO-Q12,BJ-2024-DC-ERMO,BJ-2024-DC-ERMO,12,选择题,,整题,f045bedb871d8e5b,不明,OUT,COLLECTED,MAYBE,OUT,OUT,OUT,MAYBE,MAYBE,MAYBE,完整题-选择题照收,答案键来源未核实(候选未确认),该题正式评分材料候选存在候选/存在冲突，未确认匹配，不下判,,,,,,BJ-2024-DC-ERMO-Q12,2026-09-24-attribution-v3,classify.py:classified_prod.jsonl+matrix.csv+exam_identity.json+skill_overrides.json,no
BJ-2024-DC-ERMO-Q13,BJ-2024-DC-ERMO-Q13,BJ-2024-DC-ERMO,BJ-2024-DC-ERMO,13,选择题,,整题,1a6f2f9bef1a97c4,倾向,OUT,COLLECTED,MAYBE,OUT,OUT,OUT,OUT,MAYBE,MAYBE,完整题-选择题照收,答案键来源未核实(候选未确认),该题正式评分材料候选存在候选/存在冲突，未确认匹配，不下判,,,,,,BJ-2024-DC-ERMO-Q13,2026-09-24-attribution-v3,classify.py:classified_prod.jsonl+matrix.csv+exam_identity.json+skill_overrides.json,no
BJ-2024-DC-ERMO-Q14,BJ-2024-DC-ERMO-Q14,BJ-2024-DC-ERMO,BJ-2024-DC-ERMO,14,选择题,,整题,da273f522ec5d71b,不明,MAYBE,COLLECTED,MAYBE,OUT,OUT,COLLECTED,OUT,MAYBE,MAYBE,完整题-选择题照收,答案键来源未核实(候选未确认),该题正式评分材料候选存在候选/存在冲突，未确认匹配，不下判,,,,,,BJ-2024-DC-ERMO-Q14,2026-09-24-attribution-v3,classify.py:classified_prod.jsonl+matrix.csv+exam_identity.json+skill_overrides.json,no
BJ-2024-DC-ERMO-Q15,BJ-2024-DC-ERMO-Q15,BJ-2024-DC-ERMO,BJ-2024-DC-ERMO,15,选择题,,整题,1ce22ed171745fff,倾向,MAYBE,COLLECTED,MAYBE,OUT,MAYBE,COLLECTED,OUT,COLLECTED,OUT,完整题-选择题照收,答案键来源未核实(候选未确认),该题正式评分材料候选存在候选/存在冲突，未确认匹配，不下判,,,,MI,,BJ-2024-DC-ERMO-Q15,2026-09-24-attribution-v3,classify.py:classified_prod.jsonl+matrix.csv+exam_identity.json+skill_overrides.json,no
BJ-2024-FT-YIMO-Q16,BJ-2024-FT-YIMO-Q16,BJ-2024-FT-YIMO,BJ-2024-FT-YIMO,16,主观题,,整题,a0144d262c577c6d,不明,OUT,MAYBE,COLLECTED,MAYBE,OUT,OUT,MAYBE,MAYBE,OUT,完整题-有E1,E1,逐题已匹配正式评分材料,,,,,,BJ-2024-FT-YIMO-Q16,2026-09-24-attribution-v3,classify.py:classified_prod.jsonl+matrix.csv+exam_identity.json+skill_overrides.json,no
BJ-2024-FT-YIMO-Q19#1,BJ-2024-FT-YIMO-Q19,BJ-2024-FT-YIMO,BJ-2024-FT-YIMO,19,主观题,1,小问,7d80f7846e0662fb,不明,OUT,MAYBE,MAYBE,MAYBE,OUT,OUT,MAYBE,COLLECTED,COLLECTED,完整题-有E1,E1,逐题已匹配正式评分材料,,,,,,BJ-2024-FT-YIMO-Q19,2026-09-24-attribution-v3,classify.py:classified_prod.jsonl+matrix.csv+exam_identity.json+skill_overrides.json,no
BJ-2024-FT-YIMO-Q19#2,BJ-2024-FT-YIMO-Q19,BJ-2024-FT-YIMO,BJ-2024-FT-YIMO,19,主观题,2,小问,0422a77449cb7632,不明,OUT,MAYBE,MAYBE,MAYBE,OUT,OUT,MAYBE,COLLECTED,COLLECTED,完整题-有E1,E1,逐题已匹配正式评分材料,,,,,,BJ-2024-FT-YIMO-Q19,2026-09-24-attribution-v3,classify.py:classified_prod.jsonl+matrix.csv+exam_identity.json+skill_overrides.json,no
BJ-2024-FT-YIMO-Q1,BJ-2024-FT-YIMO-Q1,BJ-2024-FT-YIMO,BJ-2024-FT-YIMO,1,选择题,,整题,1aeaabdb721ffa30,不明,MAYBE,MAYBE,MAYBE,MAYBE,COLLECTED,OUT,OUT,OUT,OUT,完整题-选择题照收,E3,该题正式评分材料候选存在候选/存在冲突，未确认匹配，不下判（同时已有匹配参考答案，选择题按E3计，正式评分材料候选仍待核实）,,,,,,BJ-2024-FT-YIMO-Q1,2026-09-24-attribution-v3,classify.py:classified_prod.jsonl+matrix.csv+exam_identity.json+skill_overrides.json,no
BJ-2024-FT-YIMO-Q2,BJ-2024-FT-YIMO-Q2,BJ-2024-FT-YIMO,BJ-2024-FT-YIMO,2,选择题,,整题,4b4efbc88f29ac2e,不明,OUT,MAYBE,MAYBE,MAYBE,COLLECTED,OUT,OUT,OUT,MAYBE,完整题-选择题照收,E3,该题正式评分材料候选存在候选/存在冲突，未确认匹配，不下判（同时已有匹配参考答案，选择题按E3计，正式评分材料候选仍待核实）,,,,,,BJ-2024-FT-YIMO-Q2,2026-09-24-attribution-v3,classify.py:classified_prod.jsonl+matrix.csv+exam_identity.json+skill_overrides.json,no
BJ-2024-FT-YIMO-Q3,BJ-2024-FT-YIMO-Q3,BJ-2024-FT-YIMO,BJ-2024-FT-YIMO,3,选择题,,整题,110e12b6c0836999,不明,OUT,MAYBE,COLLECTED,MAYBE,MAYBE,OUT,OUT,MAYBE,MAYBE,完整题-选择题照收,E3,该题正式评分材料候选存在候选/存在冲突，未确认匹配，不下判（同时已有匹配参考答案，选择题按E3计，正式评分材料候选仍待核实）,,,,,,BJ-2024-FT-YIMO-Q3,2026-09-24-attribution-v3,classify.py:classified_prod.jsonl+matrix.csv+exam_identity.json+skill_overrides.json,no
BJ-2024-FT-YIMO-Q4,BJ-2024-FT-YIMO-Q4,BJ-2024-FT-YIMO,BJ-2024-FT-YIMO,4,选择题,,整题,6aa88471148a012e,不明,OUT,MAYBE,COLLECTED,MAYBE,MAYBE,OUT,OUT,MAYBE,MAYBE,完整题-选择题照收,E3,该题正式评分材料候选存在候选/存在冲突，未确认匹配，不下判（同时已有匹配参考答案，选择题按E3计，正式评分材料候选仍待核实）,,,,,,BJ-2024-FT-YIMO-Q4,2026-09-24-attribution-v3,classify.py:classified_prod.jsonl+matrix.csv+exam_identity.json+skill_overrides.json,no
BJ-2024-FT-YIMO-Q5,BJ-2024-FT-YIMO-Q5,BJ-2024-FT-YIMO,BJ-2024-FT-YIMO,5,选择题,,整题,cc4049f736366b7a,不明,OUT,MAYBE,COLLECTED,MAYBE,MAYBE,OUT,COLLECTED,MAYBE,MAYBE,完整题-选择题照收,E3,该题正式评分材料候选存在候选/存在冲突，未确认匹配，不下判（同时已有匹配参考答案，选择题按E3计，正式评分材料候选仍待核实）,,,,,,BJ-2024-FT-YIMO-Q5,2026-09-24-attribution-v3,classify.py:classified_prod.jsonl+matrix.csv+exam_identity.json+skill_overrides.json,no
BJ-2024-FT-YIMO-Q6,BJ-2024-FT-YIMO-Q6,BJ-2024-FT-YIMO,BJ-2024-FT-YIMO,6,选择题,,整题,e5b414fef7a9b950,不明,OUT,MAYBE,MAYBE,MAYBE,COLLECTED,OUT,COLLECTED,MAYBE,MAYBE,完整题-选择题照收,E3,该题正式评分材料候选存在候选/存在冲突，未确认匹配，不下判（同时已有匹配参考答案，选择题按E3计，正式评分材料候选仍待核实）,,,,,,BJ-2024-FT-YIMO-Q6,2026-09-24-attribution-v3,classify.py:classified_prod.jsonl+matrix.csv+exam_identity.json+skill_overrides.json,no
BJ-2024-FT-YIMO-Q8,BJ-2024-FT-YIMO-Q8,BJ-2024-FT-YIMO,BJ-2024-FT-YIMO,8,选择题,,整题,9b83f7592e317277,倾向,OUT,IN,MAYBE,COLLECTED,OUT,OUT,OUT,OUT,OUT,完整题-选择题照收,E3,该题正式评分材料候选存在候选/存在冲突，未确认匹配，不下判（同时已有匹配参考答案，选择题按E3计，正式评分材料候选仍待核实）,,,,PH,,BJ-2024-FT-YIMO-Q8,2026-09-24-attribution-v3,classify.py:classified_prod.jsonl+matrix.csv+exam_identity.json+skill_overrides.json,no
BJ-2024-FT-YIMO-Q9,BJ-2024-FT-YIMO-Q9,BJ-2024-FT-YIMO,BJ-2024-FT-YIMO,9,选择题,,整题,fc54fa9da1c37394,不明,OUT,MAYBE,MAYBE,COLLECTED,MAYBE,OUT,MAYBE,OUT,OUT,完整题-选择题照收,答案键来源未核实(候选未确认),该题正式评分材料候选存在候选/存在冲突，未确认匹配，不下判,,,,,,BJ-2024-FT-YIMO-Q9,2026-09-24-attribution-v3,classify.py:classified_prod.jsonl+matrix.csv+exam_identity.json+skill_overrides.json,no
BJ-2024-FT-YIMO-Q10,BJ-2024-FT-YIMO-Q10,BJ-2024-FT-YIMO,BJ-2024-FT-YIMO,10,选择题,,整题,19976d4b4d679bd9,不明,OUT,MAYBE,MAYBE,OUT,OUT,MAYBE,MAYBE,IN,OUT,完整题-选择题照收,E3,该题正式评分材料候选存在候选/存在冲突，未确认匹配，不下判（同时已有匹配参考答案，选择题按E3计，正式评分材料候选仍待核实）,,,,,,BJ-2024-FT-YIMO-Q10,2026-09-24-attribution-v3,classify.py:classified_prod.jsonl+matrix.csv+exam_identity.json+skill_overrides.json,no
BJ-2024-FT-YIMO-Q11,BJ-2024-FT-YIMO-Q11,BJ-2024-FT-YIMO,BJ-2024-FT-YIMO,11,选择题,,整题,d47eed3056d697fb,倾向,OUT,MAYBE,MAYBE,OUT,OUT,OUT,MAYBE,OUT,COLLECTED,完整题-选择题照收,E3,该题正式评分材料候选存在候选/存在冲突，未确认匹配，不下判（同时已有匹配参考答案，选择题按E3计，正式评分材料候选仍待核实）,,,,,,BJ-2024-FT-YIMO-Q11,2026-09-24-attribution-v3,classify.py:classified_prod.jsonl+matrix.csv+exam_identity.json+skill_overrides.json,no
BJ-2024-FT-YIMO-Q12,BJ-2024-FT-YIMO-Q12,BJ-2024-FT-YIMO,BJ-2024-FT-YIMO,12,选择题,,整题,0f8e259e0319ce92,不明,OUT,COLLECTED,MAYBE,OUT,OUT,OUT,MAYBE,MAYBE,MAYBE,完整题-选择题照收,E3,该题正式评分材料候选存在候选/存在冲突，未确认匹配，不下判（同时已有匹配参考答案，选择题按E3计，正式评分材料候选仍待核实）,,,,,,BJ-2024-FT-YIMO-Q12,2026-09-24-attribution-v3,classify.py:classified_prod.jsonl+matrix.csv+exam_identity.json+skill_overrides.json,no
BJ-2024-FT-YIMO-Q13,BJ-2024-FT-YIMO-Q13,BJ-2024-FT-YIMO,BJ-2024-FT-YIMO,13,选择题,,整题,6206b53f8e939b67,倾向,OUT,COLLECTED,MAYBE,OUT,OUT,OUT,OUT,MAYBE,MAYBE,完整题-选择题照收,E3,该题正式评分材料候选存在候选/存在冲突，未确认匹配，不下判（同时已有匹配参考答案，选择题按E3计，正式评分材料候选仍待核实）,,,,,,BJ-2024-FT-YIMO-Q13,2026-09-24-attribution-v3,classify.py:classified_prod.jsonl+matrix.csv+exam_identity.json+skill_overrides.json,no
BJ-2024-FT-YIMO-Q14,BJ-2024-FT-YIMO-Q14,BJ-2024-FT-YIMO,BJ-2024-FT-YIMO,14,选择题,,整题,11165f86befc549e,不明,MAYBE,COLLECTED,MAYBE,OUT,OUT,COLLECTED,OUT,MAYBE,MAYBE,完整题-选择题照收,E3,该题正式评分材料候选存在候选/存在冲突，未确认匹配，不下判（同时已有匹配参考答案，选择题按E3计，正式评分材料候选仍待核实）,,,,,,BJ-2024-FT-YIMO-Q14,2026-09-24-attribution-v3,classify.py:classified_prod.jsonl+matrix.csv+exam_identity.json+skill_overrides.json,no
BJ-2024-FT-YIMO-Q15,BJ-2024-FT-YIMO-Q15,BJ-2024-FT-YIMO,BJ-2024-FT-YIMO,15,选择题,,整题,1c14f1c801a3061f,不明,MAYBE,MAYBE,MAYBE,OUT,MAYBE,COLLECTED,OUT,OUT,MAYBE,完整题-选择题照收,E3,该题正式评分材料候选存在候选/存在冲突，未确认匹配，不下判（同时已有匹配参考答案，选择题按E3计，正式评分材料候选仍待核实）,,,,,,BJ-2024-FT-YIMO-Q15,2026-09-24-attribution-v3,classify.py:classified_prod.jsonl+matrix.csv+exam_identity.json+skill_overrides.json,no
BJ-2024-FT-YIMO-Q17,BJ-2024-FT-YIMO-Q17,BJ-2024-FT-YIMO,BJ-2024-FT-YIMO,17,主观题,,整题,b0c3ebae3a72780d,不明,OUT,MAYBE,MAYBE,MAYBE,MAYBE,OUT,COLLECTED,OUT,OUT,待裁决-证据未核实,待裁决-证据未核实候选,该题正式评分材料候选存在候选/存在冲突，未确认匹配，不下判,,,,,,BJ-2024-FT-YIMO-Q17,2026-09-24-attribution-v3,classify.py:classified_prod.jsonl+matrix.csv+exam_identity.json+skill_overrides.json,no
BJ-2024-FT-YIMO-Q18#1,BJ-2024-FT-YIMO-Q18,BJ-2024-FT-YIMO,BJ-2024-FT-YIMO,18,主观题,1,小问,36154861a43cbb87,不明,OUT,COLLECTED,MAYBE,COLLECTED,OUT,MAYBE,MAYBE,OUT,MAYBE,待裁决-证据未核实,待裁决-证据未核实候选,该题正式评分材料候选存在候选/存在冲突，未确认匹配，不下判,,,,,,BJ-2024-FT-YIMO-Q18,2026-09-24-attribution-v3,classify.py:classified_prod.jsonl+matrix.csv+exam_identity.json+skill_overrides.json,no
BJ-2024-FT-YIMO-Q18#2,BJ-2024-FT-YIMO-Q18,BJ-2024-FT-YIMO,BJ-2024-FT-YIMO,18,主观题,2,小问,071151bc5431a364,不明,OUT,COLLECTED,MAYBE,COLLECTED,OUT,MAYBE,MAYBE,OUT,MAYBE,待裁决-证据未核实,待裁决-证据未核实候选,该题正式评分材料候选存在候选/存在冲突，未确认匹配，不下判,,,,,,BJ-2024-FT-YIMO-Q18,2026-09-24-attribution-v3,classify.py:classified_prod.jsonl+matrix.csv+exam_identity.json+skill_overrides.json,no
BJ-2024-FT-YIMO-Q20,BJ-2024-FT-YIMO-Q20,BJ-2024-FT-YIMO,BJ-2024-FT-YIMO,20,主观题,,整题,322018a4c7e1a5c1,倾向,OUT,COLLECTED,OUT,OUT,OUT,IN,MAYBE,OUT,OUT,完整题-有E1,E1,具名核实-Skill闭环记录（rubric_links.csv该题只有'存在候选'的正式评分材料候选行，未确认匹配；book-xuanbi-1.md独立核验已闭环，按Skill结论收） | book-xuanbi-1.md:307 本轮主观E1新闭环7题：2024丰台一模Q20、房山一模Q18(2)、西城二模Q17…,,,,,,BJ-2024-FT-YIMO-Q20,2026-09-24-attribution-v3,classify.py:classified_prod.jsonl+matrix.csv+exam_identity.json+skill_overrides.json,no
BJ-2024-FT-YIMO-Q21,BJ-2024-FT-YIMO-Q21,BJ-2024-FT-YIMO,BJ-2024-FT-YIMO,21,主观题,,整题,ae8161489fd6ab99,不明,OUT,MAYBE,OUT,MAYBE,MAYBE,MAYBE,MAYBE,MAYBE,MAYBE,不收-无E1,缺细则-已核实,覆盖rubric_links.csv：该题正式评分材料候选行同为'存在候选'未确认匹配，book-xuanbi-1.md多轮核验确认只有整体等级表/等级条件，没有固定分点，最多E3。 | book-xuanbi-1.md:400 2024丰台一模Q21的正式载体只有整篇等级7—8／4—6／2—3／0—1; book-xuanbi-1.md:418 2024丰台一模Q21只有E3参考方向与同题0—8分等级条件，没有固定分点／角度槽; book-xuanbi-1.md:419 丰台一模Q21固定分点数0，继续未闭环,,,,,,BJ-2024-FT-YIMO-Q21,2026-09-24-attribution-v3,classify.py:classified_prod.jsonl+matrix.csv+exam_identity.json+skill_overrides.json,no
BJ-2024-FT-YIMO-Q7,BJ-2024-FT-YIMO-Q7,BJ-2024-FT-YIMO,BJ-2024-FT-YIMO,7,选择题,,整题,e3ef0d0bbdd25453,不明,OUT,MAYBE,MAYBE,MAYBE,MAYBE,OUT,OUT,MAYBE,COLLECTED,完整题-选择题照收,答案键来源未核实(候选未确认),该题正式评分材料候选存在候选/存在冲突，未确认匹配，不下判,,,,,,BJ-2024-FT-YIMO-Q7,2026-09-24-attribution-v3,classify.py:classified_prod.jsonl+matrix.csv+exam_identity.json+skill_overrides.json,no
BJ-2024-FT-ERMO-Q17,BJ-2024-FT-ERMO-Q17,BJ-2024-FT-ERMO,BJ-2024-FT-ERMO,17,主观题,,整题,cc0034ca9c104a26,倾向,OUT,COLLECTED,OUT,MAYBE,OUT,OUT,COLLECTED,OUT,OUT,完整题-有E1,E1,逐题已匹配正式评分材料,,,,,,BJ-2024-FT-ERMO-Q17,2026-09-24-attribution-v3,classify.py:classified_prod.jsonl+matrix.csv+exam_identity.json+skill_overrides.json,no
BJ-2024-FT-ERMO-Q19,BJ-2024-FT-ERMO-Q19,BJ-2024-FT-ERMO,BJ-2024-FT-ERMO,19,主观题,,整题,f20a915b08de858d,倾向,OUT,MAYBE,OUT,OUT,OUT,COLLECTED,OUT,OUT,OUT,完整题-有E1,E1,逐题已匹配正式评分材料,,,,,,BJ-2024-FT-ERMO-Q19,2026-09-24-attribution-v3,classify.py:classified_prod.jsonl+matrix.csv+exam_identity.json+skill_overrides.json,no
BJ-2024-FT-ERMO-Q1,BJ-2024-FT-ERMO-Q1,BJ-2024-FT-ERMO,BJ-2024-FT-ERMO,1,选择题,,整题,1763072d62172f06,倾向,IN,MAYBE,COLLECTED,MAYBE,COLLECTED,OUT,OUT,OUT,OUT,完整题-选择题照收,答案键来源未核实(候选未确认),该题正式评分材料候选存在候选/存在冲突，未确认匹配，不下判,,,,,,BJ-2024-FT-ERMO-Q1,2026-09-24-attribution-v3,classify.py:classified_prod.jsonl+matrix.csv+exam_identity.json+skill_overrides.json,no
BJ-2024-FT-ERMO-Q2,BJ-2024-FT-ERMO-Q2,BJ-2024-FT-ERMO,BJ-2024-FT-ERMO,2,选择题,,整题,1ecda3da0f0ed947,倾向,OUT,MAYBE,COLLECTED,MAYBE,COLLECTED,IN,OUT,OUT,MAYBE,完整题-选择题照收,答案键来源未核实(候选未确认),该题正式评分材料候选存在候选/存在冲突，未确认匹配，不下判,,,,,,BJ-2024-FT-ERMO-Q2,2026-09-24-attribution-v3,classify.py:classified_prod.jsonl+matrix.csv+exam_identity.json+skill_overrides.json,no
BJ-2024-FT-ERMO-Q3,BJ-2024-FT-ERMO-Q3,BJ-2024-FT-ERMO,BJ-2024-FT-ERMO,3,选择题,,整题,95d3ce36104d7b0b,不明,OUT,COLLECTED,MAYBE,MAYBE,MAYBE,OUT,OUT,MAYBE,MAYBE,完整题-选择题照收,答案键来源未核实(候选未确认),该题正式评分材料候选存在候选/存在冲突，未确认匹配，不下判,,,,,,BJ-2024-FT-ERMO-Q3,2026-09-24-attribution-v3,classify.py:classified_prod.jsonl+matrix.csv+exam_identity.json+skill_overrides.json,no
BJ-2024-FT-ERMO-Q4,BJ-2024-FT-ERMO-Q4,BJ-2024-FT-ERMO,BJ-2024-FT-ERMO,4,选择题,,整题,d28530570075104b,不明,OUT,COLLECTED,MAYBE,MAYBE,MAYBE,OUT,OUT,MAYBE,MAYBE,完整题-选择题照收,答案键来源未核实(候选未确认),该题正式评分材料候选存在候选/存在冲突，未确认匹配，不下判,,,,,,BJ-2024-FT-ERMO-Q4,2026-09-24-attribution-v3,classify.py:classified_prod.jsonl+matrix.csv+exam_identity.json+skill_overrides.json,no
BJ-2024-FT-ERMO-Q5,BJ-2024-FT-ERMO-Q5,BJ-2024-FT-ERMO,BJ-2024-FT-ERMO,5,选择题,,整题,58dc4c301bbdcf7a,不明,OUT,COLLECTED,COLLECTED,MAYBE,MAYBE,OUT,COLLECTED,MAYBE,MAYBE,完整题-选择题照收,答案键来源未核实(候选未确认),该题正式评分材料候选存在候选/存在冲突，未确认匹配，不下判,,,,,,BJ-2024-FT-ERMO-Q5,2026-09-24-attribution-v3,classify.py:classified_prod.jsonl+matrix.csv+exam_identity.json+skill_overrides.json,no
BJ-2024-FT-ERMO-Q6,BJ-2024-FT-ERMO-Q6,BJ-2024-FT-ERMO,BJ-2024-FT-ERMO,6,选择题,,整题,6f29410374649b93,不明,OUT,MAYBE,COLLECTED,MAYBE,MAYBE,OUT,COLLECTED,MAYBE,MAYBE,完整题-选择题照收,答案键来源未核实(候选未确认),该题正式评分材料候选存在候选/存在冲突，未确认匹配，不下判,,,,,,BJ-2024-FT-ERMO-Q6,2026-09-24-attribution-v3,classify.py:classified_prod.jsonl+matrix.csv+exam_identity.json+skill_overrides.json,no
BJ-2024-FT-ERMO-Q7,BJ-2024-FT-ERMO-Q7,BJ-2024-FT-ERMO,BJ-2024-FT-ERMO,7,选择题,,整题,d1c9caeb67b067bb,不明,OUT,MAYBE,COLLECTED,MAYBE,MAYBE,OUT,OUT,MAYBE,MAYBE,完整题-选择题照收,答案键来源未核实(候选未确认),该题正式评分材料候选存在候选/存在冲突，未确认匹配，不下判,,,,,,BJ-2024-FT-ERMO-Q7,2026-09-24-attribution-v3,classify.py:classified_prod.jsonl+matrix.csv+exam_identity.json+skill_overrides.json,no
BJ-2024-FT-ERMO-Q8,BJ-2024-FT-ERMO-Q8,BJ-2024-FT-ERMO,BJ-2024-FT-ERMO,8,选择题,,整题,94449f3daec06997,倾向,OUT,MAYBE,COLLECTED,MAYBE,OUT,MAYBE,OUT,OUT,OUT,完整题-选择题照收,答案键来源未核实(候选未确认),该题正式评分材料候选存在候选/存在冲突，未确认匹配，不下判,,,,,,BJ-2024-FT-ERMO-Q8,2026-09-24-attribution-v3,classify.py:classified_prod.jsonl+matrix.csv+exam_identity.json+skill_overrides.json,no
BJ-2024-FT-ERMO-Q9,BJ-2024-FT-ERMO-Q9,BJ-2024-FT-ERMO,BJ-2024-FT-ERMO,9,选择题,,整题,1b263bbd462fe1cd,不明,OUT,MAYBE,MAYBE,MAYBE,MAYBE,IN,MAYBE,OUT,COLLECTED,完整题-选择题照收,答案键来源未核实(候选未确认),该题正式评分材料候选存在候选/存在冲突，未确认匹配，不下判,,,,RE,,BJ-2024-FT-ERMO-Q9,2026-09-24-attribution-v3,classify.py:classified_prod.jsonl+matrix.csv+exam_identity.json+skill_overrides.json,no
BJ-2024-FT-ERMO-Q10,BJ-2024-FT-ERMO-Q10,BJ-2024-FT-ERMO,BJ-2024-FT-ERMO,10,选择题,,整题,783694b52ce0c4d2,倾向,OUT,MAYBE,MAYBE,OUT,OUT,OUT,MAYBE,OUT,COLLECTED,完整题-选择题照收,答案键来源未核实(候选未确认),该题正式评分材料候选存在候选/存在冲突，未确认匹配，不下判,,,,,,BJ-2024-FT-ERMO-Q10,2026-09-24-attribution-v3,classify.py:classified_prod.jsonl+matrix.csv+exam_identity.json+skill_overrides.json,no
BJ-2024-FT-ERMO-Q11,BJ-2024-FT-ERMO-Q11,BJ-2024-FT-ERMO,BJ-2024-FT-ERMO,11,选择题,,整题,7f4e140bfb13ec73,倾向,OUT,MAYBE,MAYBE,OUT,COLLECTED,OUT,MAYBE,OUT,OUT,完整题-选择题照收,答案键来源未核实(候选未确认),该题正式评分材料候选存在候选/存在冲突，未确认匹配，不下判,,,,CU,,BJ-2024-FT-ERMO-Q11,2026-09-24-attribution-v3,classify.py:classified_prod.jsonl+matrix.csv+exam_identity.json+skill_overrides.json,no
BJ-2024-FT-ERMO-Q12,BJ-2024-FT-ERMO-Q12,BJ-2024-FT-ERMO,BJ-2024-FT-ERMO,12,选择题,,整题,8011ba3f211b7b1d,倾向,OUT,IN,MAYBE,COLLECTED,OUT,OUT,MAYBE,MAYBE,COLLECTED,完整题-选择题照收,答案键来源未核实(候选未确认),该题正式评分材料候选存在候选/存在冲突，未确认匹配，不下判,,,,,,BJ-2024-FT-ERMO-Q12,2026-09-24-attribution-v3,classify.py:classified_prod.jsonl+matrix.csv+exam_identity.json+skill_overrides.json,no
BJ-2024-FT-ERMO-Q13,BJ-2024-FT-ERMO-Q13,BJ-2024-FT-ERMO,BJ-2024-FT-ERMO,13,选择题,,整题,40b6eaa5936266b4,倾向,OUT,MAYBE,MAYBE,COLLECTED,OUT,OUT,OUT,IN,MAYBE,完整题-选择题照收,答案键来源未核实(候选未确认),该题正式评分材料候选存在候选/存在冲突，未确认匹配，不下判,,,,PH,,BJ-2024-FT-ERMO-Q13,2026-09-24-attribution-v3,classify.py:classified_prod.jsonl+matrix.csv+exam_identity.json+skill_overrides.json,no
BJ-2024-FT-ERMO-Q14,BJ-2024-FT-ERMO-Q14,BJ-2024-FT-ERMO,BJ-2024-FT-ERMO,14,选择题,,整题,cae26f057795f6f1,不明,MAYBE,COLLECTED,MAYBE,OUT,OUT,COLLECTED,OUT,MAYBE,MAYBE,完整题-选择题照收,答案键来源未核实(候选未确认),该题正式评分材料候选存在候选/存在冲突，未确认匹配，不下判,,,,,,BJ-2024-FT-ERMO-Q14,2026-09-24-attribution-v3,classify.py:classified_prod.jsonl+matrix.csv+exam_identity.json+skill_overrides.json,no
BJ-2024-FT-ERMO-Q15,BJ-2024-FT-ERMO-Q15,BJ-2024-FT-ERMO,BJ-2024-FT-ERMO,15,选择题,,整题,4f45c9db8711b112,不明,MAYBE,MAYBE,MAYBE,OUT,MAYBE,COLLECTED,OUT,OUT,OUT,完整题-选择题照收,答案键来源未核实(候选未确认),该题正式评分材料候选存在候选/存在冲突，未确认匹配，不下判,,,,,,BJ-2024-FT-ERMO-Q15,2026-09-24-attribution-v3,classify.py:classified_prod.jsonl+matrix.csv+exam_identity.json+skill_overrides.json,no
BJ-2024-FT-ERMO-Q16,BJ-2024-FT-ERMO-Q16,BJ-2024-FT-ERMO,BJ-2024-FT-ERMO,16,主观题,,整题,f77e26156085e0fb,倾向,OUT,MAYBE,COLLECTED,OUT,MAYBE,MAYBE,OUT,OUT,OUT,待裁决-证据未核实,待裁决-证据未核实候选,该题正式评分材料候选存在候选/存在冲突，未确认匹配，不下判,,,,,,BJ-2024-FT-ERMO-Q16,2026-09-24-attribution-v3,classify.py:classified_prod.jsonl+matrix.csv+exam_identity.json+skill_overrides.json,no
BJ-2024-FT-ERMO-Q18#1,BJ-2024-FT-ERMO-Q18,BJ-2024-FT-ERMO,BJ-2024-FT-ERMO,18,主观题,1,小问,f8e52cf631696dd0,不明,OUT,COLLECTED,MAYBE,MAYBE,OUT,MAYBE,MAYBE,COLLECTED,COLLECTED,待裁决-证据未核实,待裁决-证据未核实候选,该题正式评分材料候选存在候选/存在冲突，未确认匹配，不下判,,,,,,BJ-2024-FT-ERMO-Q18,2026-09-24-attribution-v3,classify.py:classified_prod.jsonl+matrix.csv+exam_identity.json+skill_overrides.json,no
BJ-2024-FT-ERMO-Q18#2,BJ-2024-FT-ERMO-Q18,BJ-2024-FT-ERMO,BJ-2024-FT-ERMO,18,主观题,2,小问,451ac151e35f0166,不明,OUT,COLLECTED,MAYBE,MAYBE,OUT,MAYBE,MAYBE,COLLECTED,COLLECTED,待裁决-证据未核实,待裁决-证据未核实候选,该题正式评分材料候选存在候选/存在冲突，未确认匹配，不下判,,,,,,BJ-2024-FT-ERMO-Q18,2026-09-24-attribution-v3,classify.py:classified_prod.jsonl+matrix.csv+exam_identity.json+skill_overrides.json,no
BJ-2024-FT-ERMO-Q18#3,BJ-2024-FT-ERMO-Q18,BJ-2024-FT-ERMO,BJ-2024-FT-ERMO,18,主观题,3,小问,87b3b65fb4497e99,不明,OUT,COLLECTED,MAYBE,MAYBE,OUT,MAYBE,MAYBE,COLLECTED,COLLECTED,待裁决-证据未核实,待裁决-证据未核实候选,该题正式评分材料候选存在候选/存在冲突，未确认匹配，不下判,,,,,,BJ-2024-FT-ERMO-Q18,2026-09-24-attribution-v3,classify.py:classified_prod.jsonl+matrix.csv+exam_identity.json+skill_overrides.json,no
BJ-2024-FT-ERMO-Q20,BJ-2024-FT-ERMO-Q20,BJ-2024-FT-ERMO,BJ-2024-FT-ERMO,20,主观题,,整题,78957307bf966076,确定,OUT,OUT,OUT,IN,OUT,OUT,OUT,OUT,OUT,待裁决-证据未核实,待裁决-证据未核实候选,该题正式评分材料候选存在候选/存在冲突，未确认匹配，不下判,,,,,,BJ-2024-FT-ERMO-Q20,2026-09-24-attribution-v3,classify.py:classified_prod.jsonl+matrix.csv+exam_identity.json+skill_overrides.json,no
BJ-2024-FT-ERMO-Q21,BJ-2024-FT-ERMO-Q21,BJ-2024-FT-ERMO,BJ-2024-FT-ERMO,21,主观题,,整题,4c4100b66c37d752,不明,MAYBE,MAYBE,MAYBE,MAYBE,MAYBE,MAYBE,MAYBE,MAYBE,MAYBE,待裁决-证据未核实,待裁决-证据未核实候选,该题正式评分材料候选存在候选/存在冲突，未确认匹配，不下判,,,,,,BJ-2024-FT-ERMO-Q21,2026-09-24-attribution-v3,classify.py:classified_prod.jsonl+matrix.csv+exam_identity.json+skill_overrides.json,no
BJ-2024-HD-ERMO-Q17#1,BJ-2024-HD-ERMO-Q17,BJ-2024-HD-ERMO,BJ-2024-HD-ERMO,17,主观题,1,小问,2ff2872ae30cfbb8,确定,MAYBE,MAYBE,MAYBE,COLLECTED,MAYBE,MAYBE,MAYBE,COLLECTED,MAYBE,待裁决-证据未核实,待裁决-证据未核实候选,该题正式评分材料候选存在候选/存在冲突，未确认匹配，不下判,B1:rubric_unreadable_not_OUT;B2:rubric_unreadable_not_OUT;B3:rubric_unreadable_not_OUT;CU:rubric_unreadable_not_OUT;X1:rubric_unreadable_not_OUT;X2:rubric_unreadable_not_OUT;RE:rubric_unreadable_not_OUT,,,,,BJ-2024-HD-ERMO-Q17,2026-09-24-attribution-v3,classify.py:classified_prod.jsonl+matrix.csv+exam_identity.json+skill_overrides.json,no
BJ-2024-HD-ERMO-Q17#2,BJ-2024-HD-ERMO-Q17,BJ-2024-HD-ERMO,BJ-2024-HD-ERMO,17,主观题,2,小问,a120f42e800feab5,不明,MAYBE,MAYBE,MAYBE,COLLECTED,MAYBE,MAYBE,MAYBE,COLLECTED,MAYBE,待裁决-证据未核实,待裁决-证据未核实候选,该题正式评分材料候选存在候选/存在冲突，未确认匹配，不下判,,,,,,BJ-2024-HD-ERMO-Q17,2026-09-24-attribution-v3,classify.py:classified_prod.jsonl+matrix.csv+exam_identity.json+skill_overrides.json,no
BJ-2024-HD-ERMO-Q18#1,BJ-2024-HD-ERMO-Q18,BJ-2024-HD-ERMO,BJ-2024-HD-ERMO,18,主观题,1,小问,0e791f288f4a9c4a,不明,MAYBE,MAYBE,COLLECTED,MAYBE,MAYBE,COLLECTED,MAYBE,MAYBE,MAYBE,待裁决-证据未核实,待裁决-证据未核实候选,该题正式评分材料候选存在候选/存在冲突，未确认匹配，不下判,,,,,,BJ-2024-HD-ERMO-Q18,2026-09-24-attribution-v3,classify.py:classified_prod.jsonl+matrix.csv+exam_identity.json+skill_overrides.json,no
BJ-2024-HD-ERMO-Q18#2,BJ-2024-HD-ERMO-Q18,BJ-2024-HD-ERMO,BJ-2024-HD-ERMO,18,主观题,2,小问,882c6e2b66ca7a11,倾向,OUT,OUT,COLLECTED,OUT,OUT,COLLECTED,OUT,OUT,MAYBE,待裁决-证据未核实,待裁决-证据未核实候选,该题正式评分材料候选存在候选/存在冲突，未确认匹配，不下判,,,,,,BJ-2024-HD-ERMO-Q18,2026-09-24-attribution-v3,classify.py:classified_prod.jsonl+matrix.csv+exam_identity.json+skill_overrides.json,no
BJ-2024-HD-ERMO-Q20,BJ-2024-HD-ERMO-Q20,BJ-2024-HD-ERMO,BJ-2024-HD-ERMO,20,主观题,,整题,e1a33caeb4a4bb83,确定,OUT,COLLECTED,OUT,OUT,OUT,OUT,OUT,OUT,OUT,待裁决-证据未核实,待裁决-证据未核实候选,该题正式评分材料候选存在候选/存在冲突，未确认匹配，不下判,,,,,,BJ-2024-HD-ERMO-Q20,2026-09-24-attribution-v3,classify.py:classified_prod.jsonl+matrix.csv+exam_identity.json+skill_overrides.json,no
BJ-2024-HD-ERMO-Q21,BJ-2024-HD-ERMO-Q21,BJ-2024-HD-ERMO,BJ-2024-HD-ERMO,21,主观题,,整题,396ba103d65a2321,不明,MAYBE,COLLECTED,COLLECTED,MAYBE,MAYBE,MAYBE,MAYBE,MAYBE,MAYBE,待裁决-证据未核实,待裁决-证据未核实候选,该题正式评分材料候选存在候选/存在冲突，未确认匹配，不下判,,,,,,BJ-2024-HD-ERMO-Q21,2026-09-24-attribution-v3,classify.py:classified_prod.jsonl+matrix.csv+exam_identity.json+skill_overrides.json,no
BJ-2024-HD-ERMO-Q16,BJ-2024-HD-ERMO-Q16,BJ-2024-HD-ERMO,BJ-2024-HD-ERMO,16,主观题,,整题,560cf5bc10d05b1c,倾向,OUT,OUT,OUT,COLLECTED,MAYBE,OUT,MAYBE,OUT,MAYBE,完整题-有E1,E1,逐题已匹配正式评分材料,,,,,,BJ-2024-HD-ERMO-Q16,2026-09-24-attribution-v3,classify.py:classified_prod.jsonl+matrix.csv+exam_identity.json+skill_overrides.json,no
BJ-2024-HD-ERMO-Q19#1,BJ-2024-HD-ERMO-Q19,BJ-2024-HD-ERMO,BJ-2024-HD-ERMO,19,主观题,1,小问,2c148fee196df124,不明,MAYBE,MAYBE,MAYBE,MAYBE,MAYBE,MAYBE,COLLECTED,MAYBE,MAYBE,待裁决-证据未核实,待裁决-证据未核实候选,该题正式评分材料候选存在候选/存在冲突，未确认匹配，不下判,"关联但不合并(疑似跨卷复用/串题,非duplicate_registration_alias):dup_of=BJ-2026-FT-QIMO-Q19",BJ-2026-FT-QIMO-Q19,bixiu2,,,BJ-2024-HD-ERMO-Q19,2026-09-24-attribution-v3,classify.py:classified_prod.jsonl+matrix.csv+exam_identity.json+skill_overrides.json,no
BJ-2024-HD-ERMO-Q19#2,BJ-2024-HD-ERMO-Q19,BJ-2024-HD-ERMO,BJ-2024-HD-ERMO,19,主观题,2,小问,ac94fa21e21b57a2,倾向,OUT,OUT,MAYBE,MAYBE,MAYBE,OUT,COLLECTED,OUT,OUT,待裁决-证据未核实,待裁决-证据未核实候选,该题正式评分材料候选存在候选/存在冲突，未确认匹配，不下判,"关联但不合并(疑似跨卷复用/串题,非duplicate_registration_alias):dup_of=BJ-2026-FT-QIMO-Q19",BJ-2026-FT-QIMO-Q19,bixiu2,,,BJ-2024-HD-ERMO-Q19,2026-09-24-attribution-v3,classify.py:classified_prod.jsonl+matrix.csv+exam_identity.json+skill_overrides.json,no
BJ-2024-HD-ERMO-Q1,BJ-2024-HD-ERMO-Q1,BJ-2024-HD-ERMO,BJ-2024-HD-ERMO,1,选择题,,整题,d675c793c490ec82,倾向,MAYBE,MAYBE,COLLECTED,COLLECTED,MAYBE,OUT,OUT,OUT,OUT,完整题-选择题照收,E3,该题正式评分材料候选存在候选/存在冲突，未确认匹配，不下判（同时已有匹配参考答案，选择题按E3计，正式评分材料候选仍待核实）,,,,,,BJ-2024-HD-ERMO-Q1,2026-09-24-attribution-v3,classify.py:classified_prod.jsonl+matrix.csv+exam_identity.json+skill_overrides.json,no
BJ-2024-HD-ERMO-Q2,BJ-2024-HD-ERMO-Q2,BJ-2024-HD-ERMO,BJ-2024-HD-ERMO,2,选择题,,整题,ffdac2d0819aaa88,不明,OUT,MAYBE,MAYBE,MAYBE,COLLECTED,OUT,OUT,OUT,MAYBE,完整题-选择题照收,E3,该题正式评分材料候选存在候选/存在冲突，未确认匹配，不下判（同时已有匹配参考答案，选择题按E3计，正式评分材料候选仍待核实）,,,,,,BJ-2024-HD-ERMO-Q2,2026-09-24-attribution-v3,classify.py:classified_prod.jsonl+matrix.csv+exam_identity.json+skill_overrides.json,no
BJ-2024-HD-ERMO-Q3,BJ-2024-HD-ERMO-Q3,BJ-2024-HD-ERMO,BJ-2024-HD-ERMO,3,选择题,,整题,d93089442bcbdaee,不明,OUT,MAYBE,MAYBE,IN,COLLECTED,OUT,OUT,MAYBE,MAYBE,完整题-选择题照收,E3,该题正式评分材料候选存在候选/存在冲突，未确认匹配，不下判（同时已有匹配参考答案，选择题按E3计，正式评分材料候选仍待核实）,,,,,,BJ-2024-HD-ERMO-Q3,2026-09-24-attribution-v3,classify.py:classified_prod.jsonl+matrix.csv+exam_identity.json+skill_overrides.json,no
BJ-2024-HD-ERMO-Q4,BJ-2024-HD-ERMO-Q4,BJ-2024-HD-ERMO,BJ-2024-HD-ERMO,4,选择题,,整题,b31c32843322cd32,不明,OUT,MAYBE,MAYBE,COLLECTED,MAYBE,OUT,OUT,MAYBE,MAYBE,完整题-选择题照收,E3,该题正式评分材料候选存在候选/存在冲突，未确认匹配，不下判（同时已有匹配参考答案，选择题按E3计，正式评分材料候选仍待核实）,,,,,,BJ-2024-HD-ERMO-Q4,2026-09-24-attribution-v3,classify.py:classified_prod.jsonl+matrix.csv+exam_identity.json+skill_overrides.json,no
BJ-2024-HD-ERMO-Q5,BJ-2024-HD-ERMO-Q5,BJ-2024-HD-ERMO,BJ-2024-HD-ERMO,5,选择题,,整题,b14ae504431f4ee4,不明,OUT,MAYBE,MAYBE,MAYBE,MAYBE,OUT,OUT,MAYBE,COLLECTED,完整题-选择题照收,E3,该题正式评分材料候选存在候选/存在冲突，未确认匹配，不下判（同时已有匹配参考答案，选择题按E3计，正式评分材料候选仍待核实）,,,,,,BJ-2024-HD-ERMO-Q5,2026-09-24-attribution-v3,classify.py:classified_prod.jsonl+matrix.csv+exam_identity.json+skill_overrides.json,no
BJ-2024-HD-ERMO-Q6,BJ-2024-HD-ERMO-Q6,BJ-2024-HD-ERMO,BJ-2024-HD-ERMO,6,选择题,,整题,d606befde085c8fb,不明,OUT,MAYBE,MAYBE,MAYBE,MAYBE,OUT,OUT,MAYBE,COLLECTED,完整题-选择题照收,E3,该题正式评分材料候选存在候选/存在冲突，未确认匹配，不下判（同时已有匹配参考答案，选择题按E3计，正式评分材料候选仍待核实）,,,,,,BJ-2024-HD-ERMO-Q6,2026-09-24-attribution-v3,classify.py:classified_prod.jsonl+matrix.csv+exam_identity.json+skill_overrides.json,no
BJ-2024-HD-ERMO-Q7,BJ-2024-HD-ERMO-Q7,BJ-2024-HD-ERMO,BJ-2024-HD-ERMO,7,选择题,,整题,2391a8c9cc105ae6,不明,OUT,MAYBE,COLLECTED,MAYBE,MAYBE,OUT,MAYBE,MAYBE,MAYBE,完整题-选择题照收,E3,该题正式评分材料候选存在候选/存在冲突，未确认匹配，不下判（同时已有匹配参考答案，选择题按E3计，正式评分材料候选仍待核实）,,,,,,BJ-2024-HD-ERMO-Q7,2026-09-24-attribution-v3,classify.py:classified_prod.jsonl+matrix.csv+exam_identity.json+skill_overrides.json,no
BJ-2024-HD-ERMO-Q8,BJ-2024-HD-ERMO-Q8,BJ-2024-HD-ERMO,BJ-2024-HD-ERMO,8,选择题,,整题,606b8153b7d88218,倾向,OUT,MAYBE,COLLECTED,COLLECTED,COLLECTED,MAYBE,OUT,OUT,OUT,完整题-选择题照收,E3,该题正式评分材料候选存在候选/存在冲突，未确认匹配，不下判（同时已有匹配参考答案，选择题按E3计，正式评分材料候选仍待核实）,,,,CU,,BJ-2024-HD-ERMO-Q8,2026-09-24-attribution-v3,classify.py:classified_prod.jsonl+matrix.csv+exam_identity.json+skill_overrides.json,no
BJ-2024-HD-ERMO-Q9,BJ-2024-HD-ERMO-Q9,BJ-2024-HD-ERMO,BJ-2024-HD-ERMO,9,选择题,,整题,3b883522cde98791,不明,OUT,MAYBE,MAYBE,MAYBE,MAYBE,OUT,COLLECTED,OUT,OUT,完整题-选择题照收,E3,该题正式评分材料候选存在候选/存在冲突，未确认匹配，不下判（同时已有匹配参考答案，选择题按E3计，正式评分材料候选仍待核实）,,,,,,BJ-2024-HD-ERMO-Q9,2026-09-24-attribution-v3,classify.py:classified_prod.jsonl+matrix.csv+exam_identity.json+skill_overrides.json,no
BJ-2024-HD-ERMO-Q10,BJ-2024-HD-ERMO-Q10,BJ-2024-HD-ERMO,BJ-2024-HD-ERMO,10,选择题,,整题,9337e265136bf180,倾向,OUT,MAYBE,MAYBE,OUT,OUT,OUT,COLLECTED,OUT,OUT,完整题-选择题照收,E3,该题正式评分材料候选存在候选/存在冲突，未确认匹配，不下判（同时已有匹配参考答案，选择题按E3计，正式评分材料候选仍待核实）,,,,,,BJ-2024-HD-ERMO-Q10,2026-09-24-attribution-v3,classify.py:classified_prod.jsonl+matrix.csv+exam_identity.json+skill_overrides.json,no
BJ-2024-HD-ERMO-Q12,BJ-2024-HD-ERMO-Q12,BJ-2024-HD-ERMO,BJ-2024-HD-ERMO,12,选择题,,整题,3ea389a83d258200,不明,OUT,COLLECTED,MAYBE,OUT,OUT,OUT,MAYBE,MAYBE,MAYBE,完整题-选择题照收,E3,该题正式评分材料候选存在候选/存在冲突，未确认匹配，不下判（同时已有匹配参考答案，选择题按E3计，正式评分材料候选仍待核实）,,,,,,BJ-2024-HD-ERMO-Q12,2026-09-24-attribution-v3,classify.py:classified_prod.jsonl+matrix.csv+exam_identity.json+skill_overrides.json,no
BJ-2024-HD-ERMO-Q13,BJ-2024-HD-ERMO-Q13,BJ-2024-HD-ERMO,BJ-2024-HD-ERMO,13,选择题,,整题,248009819680b339,倾向,OUT,COLLECTED,MAYBE,OUT,OUT,OUT,OUT,MAYBE,MAYBE,完整题-选择题照收,E3,该题正式评分材料候选存在候选/存在冲突，未确认匹配，不下判（同时已有匹配参考答案，选择题按E3计，正式评分材料候选仍待核实）,,,,,,BJ-2024-HD-ERMO-Q13,2026-09-24-attribution-v3,classify.py:classified_prod.jsonl+matrix.csv+exam_identity.json+skill_overrides.json,no
BJ-2024-HD-ERMO-Q14,BJ-2024-HD-ERMO-Q14,BJ-2024-HD-ERMO,BJ-2024-HD-ERMO,14,选择题,,整题,11e2e5abe3900dbf,不明,MAYBE,IN,MAYBE,OUT,OUT,COLLECTED,OUT,MAYBE,MAYBE,完整题-选择题照收,E3,该题正式评分材料候选存在候选/存在冲突，未确认匹配，不下判（同时已有匹配参考答案，选择题按E3计，正式评分材料候选仍待核实）,,,,,,BJ-2024-HD-ERMO-Q14,2026-09-24-attribution-v3,classify.py:classified_prod.jsonl+matrix.csv+exam_identity.json+skill_overrides.json,no
BJ-2024-HD-ERMO-Q15,BJ-2024-HD-ERMO-Q15,BJ-2024-HD-ERMO,BJ-2024-HD-ERMO,15,选择题,,整题,5835d3542eda9fdf,倾向,MAYBE,MAYBE,MAYBE,OUT,COLLECTED,COLLECTED,OUT,OUT,OUT,完整题-选择题照收,E3,该题正式评分材料候选存在候选/存在冲突，未确认匹配，不下判（同时已有匹配参考答案，选择题按E3计，正式评分材料候选仍待核实）,,,,CU,,BJ-2024-HD-ERMO-Q15,2026-09-24-attribution-v3,classify.py:classified_prod.jsonl+matrix.csv+exam_identity.json+skill_overrides.json,no
BJ-2024-HD-ERMO-Q11,BJ-2024-HD-ERMO-Q11,BJ-2024-HD-ERMO,BJ-2024-HD-ERMO,11,选择题,,整题,16a747b2dc6d8560,倾向,OUT,MAYBE,MAYBE,OUT,OUT,OUT,COLLECTED,OUT,OUT,完整题-选择题照收,E3,该题正式评分材料候选存在候选/存在冲突，未确认匹配，不下判（同时已有匹配参考答案，选择题按E3计，正式评分材料候选仍待核实）,,,,,,BJ-2024-HD-ERMO-Q11,2026-09-24-attribution-v3,classify.py:classified_prod.jsonl+matrix.csv+exam_identity.json+skill_overrides.json,no
BJ-2024-SJS-YIMO-Q4,BJ-2024-SJS-YIMO-Q4,BJ-2024-SJS-YIMO,BJ-2024-SJS-YIMO,4,选择题,,整题,8e2af8c9e0bb95a1,不明,OUT,MAYBE,MAYBE,MAYBE,COLLECTED,COLLECTED,OUT,MAYBE,MAYBE,完整题-选择题照收,E1,逐题已匹配正式评分材料,,,,,,BJ-2024-SJS-YIMO-Q4,2026-09-24-attribution-v3,classify.py:classified_prod.jsonl+matrix.csv+exam_identity.json+skill_overrides.json,no
BJ-2024-SJS-YIMO-Q1,BJ-2024-SJS-YIMO-Q1,BJ-2024-SJS-YIMO,BJ-2024-SJS-YIMO,1,选择题,,整题,d2a23208928c5a9c,不明,MAYBE,MAYBE,IN,MAYBE,MAYBE,MAYBE,OUT,OUT,OUT,完整题-选择题照收,答案键来源未核实(候选未确认),该题正式评分材料候选存在候选/存在冲突，未确认匹配，不下判,,,,,,BJ-2024-SJS-YIMO-Q1,2026-09-24-attribution-v3,classify.py:classified_prod.jsonl+matrix.csv+exam_identity.json+skill_overrides.json,no
BJ-2024-SJS-YIMO-Q2,BJ-2024-SJS-YIMO-Q2,BJ-2024-SJS-YIMO,BJ-2024-SJS-YIMO,2,选择题,,整题,694717c54be34c17,不明,OUT,MAYBE,MAYBE,COLLECTED,MAYBE,OUT,OUT,OUT,MAYBE,完整题-选择题照收,答案键来源未核实(候选未确认),该题正式评分材料候选存在候选/存在冲突，未确认匹配，不下判,,,,,,BJ-2024-SJS-YIMO-Q2,2026-09-24-attribution-v3,classify.py:classified_prod.jsonl+matrix.csv+exam_identity.json+skill_overrides.json,no
BJ-2024-SJS-YIMO-Q3,BJ-2024-SJS-YIMO-Q3,BJ-2024-SJS-YIMO,BJ-2024-SJS-YIMO,3,选择题,,整题,2b38daca0c09e82e,不明,OUT,MAYBE,MAYBE,COLLECTED,COLLECTED,OUT,OUT,MAYBE,MAYBE,完整题-选择题照收,答案键来源未核实(候选未确认),该题正式评分材料候选存在候选/存在冲突，未确认匹配，不下判,,,,,,BJ-2024-SJS-YIMO-Q3,2026-09-24-attribution-v3,classify.py:classified_prod.jsonl+matrix.csv+exam_identity.json+skill_overrides.json,no
BJ-2024-SJS-YIMO-Q5,BJ-2024-SJS-YIMO-Q5,BJ-2024-SJS-YIMO,BJ-2024-SJS-YIMO,5,选择题,,整题,72100b851e9718dd,不明,OUT,MAYBE,MAYBE,COLLECTED,MAYBE,OUT,OUT,MAYBE,MAYBE,完整题-选择题照收,答案键来源未核实(候选未确认),该题正式评分材料候选存在候选/存在冲突，未确认匹配，不下判,,,,,,BJ-2024-SJS-YIMO-Q5,2026-09-24-attribution-v3,classify.py:classified_prod.jsonl+matrix.csv+exam_identity.json+skill_overrides.json,no
BJ-2024-SJS-YIMO-Q6,BJ-2024-SJS-YIMO-Q6,BJ-2024-SJS-YIMO,BJ-2024-SJS-YIMO,6,选择题,,整题,d4399a32c982d91f,不明,OUT,MAYBE,MAYBE,MAYBE,MAYBE,OUT,OUT,COLLECTED,COLLECTED,完整题-选择题照收,答案键来源未核实(候选未确认),该题正式评分材料候选存在候选/存在冲突，未确认匹配，不下判,,,,,,BJ-2024-SJS-YIMO-Q6,2026-09-24-attribution-v3,classify.py:classified_prod.jsonl+matrix.csv+exam_identity.json+skill_overrides.json,no
BJ-2024-SJS-YIMO-Q7,BJ-2024-SJS-YIMO-Q7,BJ-2024-SJS-YIMO,BJ-2024-SJS-YIMO,7,选择题,,整题,52254978b75757f5,不明,OUT,MAYBE,MAYBE,MAYBE,MAYBE,COLLECTED,MAYBE,MAYBE,COLLECTED,完整题-选择题照收,答案键来源未核实(候选未确认),该题正式评分材料候选存在候选/存在冲突，未确认匹配，不下判,,,,,,BJ-2024-SJS-YIMO-Q7,2026-09-24-attribution-v3,classify.py:classified_prod.jsonl+matrix.csv+exam_identity.json+skill_overrides.json,no
BJ-2024-SJS-YIMO-Q8,BJ-2024-SJS-YIMO-Q8,BJ-2024-SJS-YIMO,BJ-2024-SJS-YIMO,8,选择题,,整题,26c7e7d429402ff1,倾向,OUT,MAYBE,COLLECTED,COLLECTED,OUT,MAYBE,MAYBE,OUT,OUT,完整题-选择题照收,答案键来源未核实(候选未确认),该题正式评分材料候选存在候选/存在冲突，未确认匹配，不下判,,,,,,BJ-2024-SJS-YIMO-Q8,2026-09-24-attribution-v3,classify.py:classified_prod.jsonl+matrix.csv+exam_identity.json+skill_overrides.json,no
BJ-2024-SJS-YIMO-Q9,BJ-2024-SJS-YIMO-Q9,BJ-2024-SJS-YIMO,BJ-2024-SJS-YIMO,9,选择题,,整题,4c5b2b66e3af5bc1,不明,OUT,MAYBE,COLLECTED,MAYBE,MAYBE,MAYBE,MAYBE,OUT,OUT,完整题-选择题照收,答案键来源未核实(候选未确认),该题正式评分材料候选存在候选/存在冲突，未确认匹配，不下判,,,,,,BJ-2024-SJS-YIMO-Q9,2026-09-24-attribution-v3,classify.py:classified_prod.jsonl+matrix.csv+exam_identity.json+skill_overrides.json,no
BJ-2024-SJS-YIMO-Q10,BJ-2024-SJS-YIMO-Q10,BJ-2024-SJS-YIMO,BJ-2024-SJS-YIMO,10,选择题,,整题,50f981e7e266af67,倾向,OUT,MAYBE,MAYBE,OUT,OUT,OUT,COLLECTED,OUT,OUT,完整题-选择题照收,答案键来源未核实(候选未确认),该题正式评分材料候选存在候选/存在冲突，未确认匹配，不下判,,,,,,BJ-2024-SJS-YIMO-Q10,2026-09-24-attribution-v3,classify.py:classified_prod.jsonl+matrix.csv+exam_identity.json+skill_overrides.json,no
BJ-2024-SJS-YIMO-Q11,BJ-2024-SJS-YIMO-Q11,BJ-2024-SJS-YIMO,BJ-2024-SJS-YIMO,11,选择题,,整题,1140b67741bb1c06,倾向,OUT,MAYBE,MAYBE,OUT,OUT,OUT,COLLECTED,OUT,OUT,完整题-选择题照收,答案键来源未核实(候选未确认),该题正式评分材料候选存在候选/存在冲突，未确认匹配，不下判,,,,,,BJ-2024-SJS-YIMO-Q11,2026-09-24-attribution-v3,classify.py:classified_prod.jsonl+matrix.csv+exam_identity.json+skill_overrides.json,no
BJ-2024-SJS-YIMO-Q12,BJ-2024-SJS-YIMO-Q12,BJ-2024-SJS-YIMO,BJ-2024-SJS-YIMO,12,选择题,,整题,8bae7926ad01b60a,不明,OUT,COLLECTED,MAYBE,OUT,OUT,OUT,MAYBE,MAYBE,MAYBE,完整题-选择题照收,答案键来源未核实(候选未确认),该题正式评分材料候选存在候选/存在冲突，未确认匹配，不下判,,,,,,BJ-2024-SJS-YIMO-Q12,2026-09-24-attribution-v3,classify.py:classified_prod.jsonl+matrix.csv+exam_identity.json+skill_overrides.json,no
BJ-2024-SJS-YIMO-Q13,BJ-2024-SJS-YIMO-Q13,BJ-2024-SJS-YIMO,BJ-2024-SJS-YIMO,13,选择题,,整题,2697ab73ce2283a6,不明,OUT,COLLECTED,MAYBE,OUT,COLLECTED,MAYBE,OUT,MAYBE,MAYBE,完整题-选择题照收,答案键来源未核实(候选未确认),该题正式评分材料候选存在候选/存在冲突，未确认匹配，不下判,,,,CU,,BJ-2024-SJS-YIMO-Q13,2026-09-24-attribution-v3,classify.py:classified_prod.jsonl+matrix.csv+exam_identity.json+skill_overrides.json,no
BJ-2024-SJS-YIMO-Q14,BJ-2024-SJS-YIMO-Q14,BJ-2024-SJS-YIMO,BJ-2024-SJS-YIMO,14,选择题,,整题,719266b3d30748be,不明,MAYBE,COLLECTED,MAYBE,OUT,OUT,COLLECTED,OUT,MAYBE,MAYBE,完整题-选择题照收,答案键来源未核实(候选未确认),该题正式评分材料候选存在候选/存在冲突，未确认匹配，不下判,,,,,,BJ-2024-SJS-YIMO-Q14,2026-09-24-attribution-v3,classify.py:classified_prod.jsonl+matrix.csv+exam_identity.json+skill_overrides.json,no
BJ-2024-SJS-YIMO-Q15,BJ-2024-SJS-YIMO-Q15,BJ-2024-SJS-YIMO,BJ-2024-SJS-YIMO,15,选择题,,整题,8dacc10cd4bd8529,倾向,MAYBE,MAYBE,MAYBE,OUT,COLLECTED,COLLECTED,OUT,OUT,OUT,完整题-选择题照收,答案键来源未核实(候选未确认),该题正式评分材料候选存在候选/存在冲突，未确认匹配，不下判,,,,,,BJ-2024-SJS-YIMO-Q15,2026-09-24-attribution-v3,classify.py:classified_prod.jsonl+matrix.csv+exam_identity.json+skill_overrides.json,no
BJ-2024-SJS-YIMO-Q16,BJ-2024-SJS-YIMO-Q16,BJ-2024-SJS-YIMO,BJ-2024-SJS-YIMO,16,主观题,,整题,18c5858d8bf73c06,倾向,MAYBE,MAYBE,MAYBE,MAYBE,COLLECTED,MAYBE,MAYBE,MAYBE,MAYBE,待裁决-证据未核实,待裁决-证据未核实候选,该题正式评分材料候选存在候选/存在冲突，未确认匹配，不下判,B1:rubric_unreadable_not_OUT;B2:rubric_unreadable_not_OUT;B3:rubric_unreadable_not_OUT;X1:rubric_unreadable_not_OUT;X2:rubric_unreadable_not_OUT;MI:rubric_unreadable_not_OUT;RE:rubric_unreadable_not_OUT,,,,,BJ-2024-SJS-YIMO-Q16,2026-09-24-attribution-v3,classify.py:classified_prod.jsonl+matrix.csv+exam_identity.json+skill_overrides.json,no
BJ-2024-SJS-YIMO-Q17,BJ-2024-SJS-YIMO-Q17,BJ-2024-SJS-YIMO,BJ-2024-SJS-YIMO,17,主观题,,整题,14d247cbc85200c8,倾向,OUT,MAYBE,OUT,OUT,OUT,OUT,COLLECTED,OUT,OUT,待裁决-证据未核实,待裁决-证据未核实候选,该题正式评分材料候选存在候选/存在冲突，未确认匹配，不下判,,,,,,BJ-2024-SJS-YIMO-Q17,2026-09-24-attribution-v3,classify.py:classified_prod.jsonl+matrix.csv+exam_identity.json+skill_overrides.json,no
BJ-2024-SJS-YIMO-Q18#1,BJ-2024-SJS-YIMO-Q18,BJ-2024-SJS-YIMO,BJ-2024-SJS-YIMO,18,主观题,1,小问,6c4dd381eeec5104,不明,OUT,OUT,COLLECTED,MAYBE,OUT,MAYBE,COLLECTED,MAYBE,OUT,待裁决-证据未核实,待裁决-证据未核实候选,该题正式评分材料候选存在候选/存在冲突，未确认匹配，不下判,,,,,,BJ-2024-SJS-YIMO-Q18,2026-09-24-attribution-v3,classify.py:classified_prod.jsonl+matrix.csv+exam_identity.json+skill_overrides.json,no
BJ-2024-SJS-YIMO-Q18#2,BJ-2024-SJS-YIMO-Q18,BJ-2024-SJS-YIMO,BJ-2024-SJS-YIMO,18,主观题,2,小问,27e229e1af18adeb,不明,OUT,OUT,COLLECTED,MAYBE,OUT,MAYBE,COLLECTED,MAYBE,OUT,待裁决-证据未核实,待裁决-证据未核实候选,该题正式评分材料候选存在候选/存在冲突，未确认匹配，不下判,,,,,,BJ-2024-SJS-YIMO-Q18,2026-09-24-attribution-v3,classify.py:classified_prod.jsonl+matrix.csv+exam_identity.json+skill_overrides.json,no
BJ-2024-SJS-YIMO-Q19#1,BJ-2024-SJS-YIMO-Q19,BJ-2024-SJS-YIMO,BJ-2024-SJS-YIMO,19,主观题,1,小问,a86f5c3ca3820e65,不明,OUT,COLLECTED,OUT,MAYBE,OUT,MAYBE,OUT,COLLECTED,MAYBE,收-具名例外,具名例外,具名例外:item_level_no_rubric，只覆盖Q19(1)，不扩张到同卷其他题目 | project-constitution.md:13 special_override：2026-08-27 用户明确特批 2024 石景山一模第19题第（1）问为题级无正式细则例外; project-constitution.md:50 用户于2026-08-27又明确特批必修二2024石景山一模第19题第（1）问为题级例外；该特批只覆盖这一小问，不扩张到同卷其他题目,,,,,,BJ-2024-SJS-YIMO-Q19,2026-09-24-attribution-v3,classify.py:classified_prod.jsonl+matrix.csv+exam_identity.json+skill_overrides.json,no
BJ-2024-SJS-YIMO-Q19#2,BJ-2024-SJS-YIMO-Q19,BJ-2024-SJS-YIMO,BJ-2024-SJS-YIMO,19,主观题,2,小问,03bab3ad9958a425,不明,OUT,COLLECTED,OUT,MAYBE,OUT,IN,OUT,COLLECTED,MAYBE,不收-无E1,缺细则-已核实,该小问不在project-constitution:13/50给Q19(1)的题级例外范围内，且book-xuanbi-1.md独立核验确认Q19(2)只有重复参考答案，最多E3，不落入'待裁决'而是确认负例。 | book-xuanbi-1.md:400 2024石景山一模Q19（2）只有重复参考答案; book-xuanbi-1.md:418 2024石景山一模Q19（2）只有E3参考答案,,,,,,BJ-2024-SJS-YIMO-Q19,2026-09-24-attribution-v3,classify.py:classified_prod.jsonl+matrix.csv+exam_identity.json+skill_overrides.json,no
BJ-2024-SJS-YIMO-Q19#3,BJ-2024-SJS-YIMO-Q19,BJ-2024-SJS-YIMO,BJ-2024-SJS-YIMO,19,主观题,3,小问,c0cd4e4838eb3bea,不明,OUT,COLLECTED,OUT,MAYBE,OUT,MAYBE,OUT,COLLECTED,MAYBE,待裁决-证据未核实,待裁决-证据未核实候选,该题正式评分材料候选存在候选/存在冲突，未确认匹配，不下判,,,,,,BJ-2024-SJS-YIMO-Q19,2026-09-24-attribution-v3,classify.py:classified_prod.jsonl+matrix.csv+exam_identity.json+skill_overrides.json,no
BJ-2024-SJS-YIMO-Q20,BJ-2024-SJS-YIMO-Q20,BJ-2024-SJS-YIMO,BJ-2024-SJS-YIMO,20,主观题,,整题,e60c1ec020c0b429,不明,MAYBE,MAYBE,COLLECTED,MAYBE,COLLECTED,MAYBE,MAYBE,MAYBE,MAYBE,待裁决-证据未核实,待裁决-证据未核实候选,该题正式评分材料候选存在候选/存在冲突，未确认匹配，不下判,,,,,,BJ-2024-SJS-YIMO-Q20,2026-09-24-attribution-v3,classify.py:classified_prod.jsonl+matrix.csv+exam_identity.json+skill_overrides.json,no
BJ-2024-XC-YIMO-Q16,BJ-2024-XC-YIMO-Q16,BJ-2024-XC-YIMO,BJ-2024-XC-YIMO,16,主观题,,整题,1b05f91fde17b366,倾向,OUT,OUT,COLLECTED,OUT,OUT,MAYBE,MAYBE,OUT,OUT,完整题-有E1,E1,逐题已匹配正式评分材料,,,,,,BJ-2024-XC-YIMO-Q16,2026-09-24-attribution-v3,classify.py:classified_prod.jsonl+matrix.csv+exam_identity.json+skill_overrides.json,no
BJ-2024-XC-YIMO-Q17,BJ-2024-XC-YIMO-Q17,BJ-2024-XC-YIMO,BJ-2024-XC-YIMO,17,主观题,,整题,d913040d23db7d93,倾向,OUT,OUT,OUT,COLLECTED,OUT,MAYBE,OUT,MAYBE,MAYBE,完整题-有E1,E1,逐题已匹配正式评分材料,,,,,,BJ-2024-XC-YIMO-Q17,2026-09-24-attribution-v3,classify.py:classified_prod.jsonl+matrix.csv+exam_identity.json+skill_overrides.json,no
BJ-2024-XC-YIMO-Q18#1,BJ-2024-XC-YIMO-Q18,BJ-2024-XC-YIMO,BJ-2024-XC-YIMO,18,主观题,1,小问,f967b5e5198b4f1d,不明,MAYBE,MAYBE,COLLECTED,MAYBE,MAYBE,MAYBE,COLLECTED,MAYBE,MAYBE,完整题-有E1,E1,逐题已匹配正式评分材料,,,,,,BJ-2024-XC-YIMO-Q18,2026-09-24-attribution-v3,classify.py:classified_prod.jsonl+matrix.csv+exam_identity.json+skill_overrides.json,no
BJ-2024-XC-YIMO-Q18#2,BJ-2024-XC-YIMO-Q18,BJ-2024-XC-YIMO,BJ-2024-XC-YIMO,18,主观题,2,小问,236495132b22075d,不明,MAYBE,MAYBE,COLLECTED,MAYBE,MAYBE,MAYBE,COLLECTED,MAYBE,MAYBE,完整题-有E1,E1,逐题已匹配正式评分材料,,,,,,BJ-2024-XC-YIMO-Q18,2026-09-24-attribution-v3,classify.py:classified_prod.jsonl+matrix.csv+exam_identity.json+skill_overrides.json,no
BJ-2024-XC-YIMO-Q18#3,BJ-2024-XC-YIMO-Q18,BJ-2024-XC-YIMO,BJ-2024-XC-YIMO,18,主观题,3,小问,8722ae107a0e8f39,倾向,OUT,MAYBE,COLLECTED,MAYBE,MAYBE,OUT,COLLECTED,OUT,OUT,完整题-有E1,E1,逐题已匹配正式评分材料,,,,B3,,BJ-2024-XC-YIMO-Q18,2026-09-24-attribution-v3,classify.py:classified_prod.jsonl+matrix.csv+exam_identity.json+skill_overrides.json,no
BJ-2024-XC-YIMO-Q19#1,BJ-2024-XC-YIMO-Q19,BJ-2024-XC-YIMO,BJ-2024-XC-YIMO,19,主观题,1,小问,bcb6b5cebecc1e61,不明,OUT,COLLECTED,COLLECTED,MAYBE,OUT,COLLECTED,OUT,COLLECTED,COLLECTED,完整题-有E1,E1,逐题已匹配正式评分材料,,,,,,BJ-2024-XC-YIMO-Q19,2026-09-24-attribution-v3,classify.py:classified_prod.jsonl+matrix.csv+exam_identity.json+skill_overrides.json,no
BJ-2024-XC-YIMO-Q19#2,BJ-2024-XC-YIMO-Q19,BJ-2024-XC-YIMO,BJ-2024-XC-YIMO,19,主观题,2,小问,0a0e9c9c93692bfc,不明,OUT,COLLECTED,COLLECTED,MAYBE,OUT,COLLECTED,OUT,COLLECTED,COLLECTED,完整题-有E1,E1,逐题已匹配正式评分材料,,,,,,BJ-2024-XC-YIMO-Q19,2026-09-24-attribution-v3,classify.py:classified_prod.jsonl+matrix.csv+exam_identity.json+skill_overrides.json,no
BJ-2024-XC-YIMO-Q19#3,BJ-2024-XC-YIMO-Q19,BJ-2024-XC-YIMO,BJ-2024-XC-YIMO,19,主观题,3,小问,4ec9b52d5d76deee,不明,MAYBE,COLLECTED,COLLECTED,MAYBE,MAYBE,COLLECTED,MAYBE,COLLECTED,COLLECTED,完整题-有E1,E1,逐题已匹配正式评分材料,,,,,,BJ-2024-XC-YIMO-Q19,2026-09-24-attribution-v3,classify.py:classified_prod.jsonl+matrix.csv+exam_identity.json+skill_overrides.json,no
BJ-2024-XC-YIMO-Q19#4,BJ-2024-XC-YIMO-Q19,BJ-2024-XC-YIMO,BJ-2024-XC-YIMO,19,主观题,4,小问,660c3761a392a877,不明,MAYBE,COLLECTED,COLLECTED,MAYBE,MAYBE,COLLECTED,MAYBE,COLLECTED,COLLECTED,完整题-有E1,E1,逐题已匹配正式评分材料,,,,,,BJ-2024-XC-YIMO-Q19,2026-09-24-attribution-v3,classify.py:classified_prod.jsonl+matrix.csv+exam_identity.json+skill_overrides.json,no
BJ-2024-XC-YIMO-Q19#5,BJ-2024-XC-YIMO-Q19,BJ-2024-XC-YIMO,BJ-2024-XC-YIMO,19,主观题,5,小问,5946aaa02734644b,不明,OUT,COLLECTED,COLLECTED,MAYBE,OUT,COLLECTED,OUT,COLLECTED,COLLECTED,完整题-有E1,E1,逐题已匹配正式评分材料,,,,,,BJ-2024-XC-YIMO-Q19,2026-09-24-attribution-v3,classify.py:classified_prod.jsonl+matrix.csv+exam_identity.json+skill_overrides.json,no
BJ-2024-XC-YIMO-Q19#6,BJ-2024-XC-YIMO-Q19,BJ-2024-XC-YIMO,BJ-2024-XC-YIMO,19,主观题,6,小问,5f5f9614a5371f00,不明,OUT,COLLECTED,COLLECTED,MAYBE,OUT,COLLECTED,OUT,COLLECTED,COLLECTED,完整题-有E1,E1,逐题已匹配正式评分材料,,,,,,BJ-2024-XC-YIMO-Q19,2026-09-24-attribution-v3,classify.py:classified_prod.jsonl+matrix.csv+exam_identity.json+skill_overrides.json,no
BJ-2024-XC-YIMO-Q1,BJ-2024-XC-YIMO-Q1,BJ-2024-XC-YIMO,BJ-2024-XC-YIMO,1,选择题,,整题,c4faf8d3014207ea,不明,MAYBE,MAYBE,MAYBE,MAYBE,MAYBE,COLLECTED,OUT,OUT,OUT,完整题-选择题照收,E3,该题正式评分材料候选存在候选/存在冲突，未确认匹配，不下判（同时已有匹配参考答案，选择题按E3计，正式评分材料候选仍待核实）,,,,X1,,BJ-2024-XC-YIMO-Q1,2026-09-24-attribution-v3,classify.py:classified_prod.jsonl+matrix.csv+exam_identity.json+skill_overrides.json,no
BJ-2024-XC-YIMO-Q2,BJ-2024-XC-YIMO-Q2,BJ-2024-XC-YIMO,BJ-2024-XC-YIMO,2,选择题,,整题,30398532391e4526,倾向,OUT,COLLECTED,MAYBE,COLLECTED,MAYBE,OUT,OUT,OUT,MAYBE,完整题-选择题照收,E3,该题正式评分材料候选存在候选/存在冲突，未确认匹配，不下判（同时已有匹配参考答案，选择题按E3计，正式评分材料候选仍待核实）,,,,,,BJ-2024-XC-YIMO-Q2,2026-09-24-attribution-v3,classify.py:classified_prod.jsonl+matrix.csv+exam_identity.json+skill_overrides.json,no
BJ-2024-XC-YIMO-Q3,BJ-2024-XC-YIMO-Q3,BJ-2024-XC-YIMO,BJ-2024-XC-YIMO,3,选择题,,整题,48546924e96f5de3,不明,OUT,MAYBE,COLLECTED,COLLECTED,MAYBE,OUT,OUT,MAYBE,MAYBE,完整题-选择题照收,E3,该题正式评分材料候选存在候选/存在冲突，未确认匹配，不下判（同时已有匹配参考答案，选择题按E3计，正式评分材料候选仍待核实）,,,,,,BJ-2024-XC-YIMO-Q3,2026-09-24-attribution-v3,classify.py:classified_prod.jsonl+matrix.csv+exam_identity.json+skill_overrides.json,no
BJ-2024-XC-YIMO-Q4,BJ-2024-XC-YIMO-Q4,BJ-2024-XC-YIMO,BJ-2024-XC-YIMO,4,选择题,,整题,d83547da5a3465f2,倾向,OUT,COLLECTED,COLLECTED,MAYBE,COLLECTED,OUT,OUT,MAYBE,MAYBE,完整题-选择题照收,E3,该题正式评分材料候选存在候选/存在冲突，未确认匹配，不下判（同时已有匹配参考答案，选择题按E3计，正式评分材料候选仍待核实）,,,,,,BJ-2024-XC-YIMO-Q4,2026-09-24-attribution-v3,classify.py:classified_prod.jsonl+matrix.csv+exam_identity.json+skill_overrides.json,no
BJ-2024-XC-YIMO-Q6,BJ-2024-XC-YIMO-Q6,BJ-2024-XC-YIMO,BJ-2024-XC-YIMO,6,选择题,,整题,6bc502009f4aa8db,不明,OUT,MAYBE,MAYBE,MAYBE,MAYBE,OUT,COLLECTED,MAYBE,MAYBE,完整题-选择题照收,E3,该题正式评分材料候选存在候选/存在冲突，未确认匹配，不下判（同时已有匹配参考答案，选择题按E3计，正式评分材料候选仍待核实）,,,,,,BJ-2024-XC-YIMO-Q6,2026-09-24-attribution-v3,classify.py:classified_prod.jsonl+matrix.csv+exam_identity.json+skill_overrides.json,no
BJ-2024-XC-YIMO-Q7,BJ-2024-XC-YIMO-Q7,BJ-2024-XC-YIMO,BJ-2024-XC-YIMO,7,选择题,,整题,1200b9807f088757,不明,OUT,COLLECTED,MAYBE,MAYBE,MAYBE,OUT,COLLECTED,MAYBE,MAYBE,完整题-选择题照收,E3,该题正式评分材料候选存在候选/存在冲突，未确认匹配，不下判（同时已有匹配参考答案，选择题按E3计，正式评分材料候选仍待核实）,,,,,,BJ-2024-XC-YIMO-Q7,2026-09-24-attribution-v3,classify.py:classified_prod.jsonl+matrix.csv+exam_identity.json+skill_overrides.json,no
BJ-2024-XC-YIMO-Q8,BJ-2024-XC-YIMO-Q8,BJ-2024-XC-YIMO,BJ-2024-XC-YIMO,8,选择题,,整题,27404331b6834924,倾向,OUT,MAYBE,IN,MAYBE,OUT,OUT,COLLECTED,OUT,OUT,完整题-选择题照收,E3,该题正式评分材料候选存在候选/存在冲突，未确认匹配，不下判（同时已有匹配参考答案，选择题按E3计，正式评分材料候选仍待核实）,,,,,,BJ-2024-XC-YIMO-Q8,2026-09-24-attribution-v3,classify.py:classified_prod.jsonl+matrix.csv+exam_identity.json+skill_overrides.json,no
BJ-2024-XC-YIMO-Q9,BJ-2024-XC-YIMO-Q9,BJ-2024-XC-YIMO,BJ-2024-XC-YIMO,9,选择题,,整题,2d33cf72a5b38115,不明,OUT,MAYBE,MAYBE,COLLECTED,MAYBE,OUT,MAYBE,MAYBE,OUT,完整题-选择题照收,E3,该题正式评分材料候选存在候选/存在冲突，未确认匹配，不下判（同时已有匹配参考答案，选择题按E3计，正式评分材料候选仍待核实）,,,,,,BJ-2024-XC-YIMO-Q9,2026-09-24-attribution-v3,classify.py:classified_prod.jsonl+matrix.csv+exam_identity.json+skill_overrides.json,no
BJ-2024-XC-YIMO-Q10,BJ-2024-XC-YIMO-Q10,BJ-2024-XC-YIMO,BJ-2024-XC-YIMO,10,选择题,,整题,ffa7ae457b0d7e73,不明,OUT,MAYBE,MAYBE,COLLECTED,COLLECTED,OUT,MAYBE,OUT,MAYBE,完整题-选择题照收,E3,该题正式评分材料候选存在候选/存在冲突，未确认匹配，不下判（同时已有匹配参考答案，选择题按E3计，正式评分材料候选仍待核实）,,,,PH;CU,,BJ-2024-XC-YIMO-Q10,2026-09-24-attribution-v3,classify.py:classified_prod.jsonl+matrix.csv+exam_identity.json+skill_overrides.json,no
BJ-2024-XC-YIMO-Q11,BJ-2024-XC-YIMO-Q11,BJ-2024-XC-YIMO,BJ-2024-XC-YIMO,11,选择题,,整题,3e2fe48cb57e2c32,倾向,OUT,MAYBE,MAYBE,OUT,OUT,OUT,MAYBE,OUT,COLLECTED,完整题-选择题照收,E3,该题正式评分材料候选存在候选/存在冲突，未确认匹配，不下判（同时已有匹配参考答案，选择题按E3计，正式评分材料候选仍待核实）,,,,RE,,BJ-2024-XC-YIMO-Q11,2026-09-24-attribution-v3,classify.py:classified_prod.jsonl+matrix.csv+exam_identity.json+skill_overrides.json,no
BJ-2024-XC-YIMO-Q12,BJ-2024-XC-YIMO-Q12,BJ-2024-XC-YIMO,BJ-2024-XC-YIMO,12,选择题,,整题,2ecedf5afd9fd82f,不明,OUT,MAYBE,MAYBE,COLLECTED,OUT,OUT,MAYBE,MAYBE,OUT,完整题-选择题照收,E3,该题正式评分材料候选存在候选/存在冲突，未确认匹配，不下判（同时已有匹配参考答案，选择题按E3计，正式评分材料候选仍待核实）,,,,PH,,BJ-2024-XC-YIMO-Q12,2026-09-24-attribution-v3,classify.py:classified_prod.jsonl+matrix.csv+exam_identity.json+skill_overrides.json,no
BJ-2024-XC-YIMO-Q13,BJ-2024-XC-YIMO-Q13,BJ-2024-XC-YIMO,BJ-2024-XC-YIMO,13,选择题,,整题,803882ac81f82927,倾向,OUT,MAYBE,MAYBE,OUT,OUT,OUT,OUT,COLLECTED,MAYBE,完整题-选择题照收,E3,该题正式评分材料候选存在候选/存在冲突，未确认匹配，不下判（同时已有匹配参考答案，选择题按E3计，正式评分材料候选仍待核实）,,,,,,BJ-2024-XC-YIMO-Q13,2026-09-24-attribution-v3,classify.py:classified_prod.jsonl+matrix.csv+exam_identity.json+skill_overrides.json,no
BJ-2024-XC-YIMO-Q14,BJ-2024-XC-YIMO-Q14,BJ-2024-XC-YIMO,BJ-2024-XC-YIMO,14,选择题,,整题,edeaa4e979ec471f,不明,MAYBE,MAYBE,MAYBE,OUT,OUT,COLLECTED,OUT,MAYBE,MAYBE,完整题-选择题照收,E3,该题正式评分材料候选存在候选/存在冲突，未确认匹配，不下判（同时已有匹配参考答案，选择题按E3计，正式评分材料候选仍待核实）,,,,,,BJ-2024-XC-YIMO-Q14,2026-09-24-attribution-v3,classify.py:classified_prod.jsonl+matrix.csv+exam_identity.json+skill_overrides.json,no
BJ-2024-XC-YIMO-Q15,BJ-2024-XC-YIMO-Q15,BJ-2024-XC-YIMO,BJ-2024-XC-YIMO,15,选择题,,整题,3bfe17b78c7bd6ff,倾向,MAYBE,MAYBE,MAYBE,OUT,COLLECTED,COLLECTED,OUT,OUT,OUT,完整题-选择题照收,E3,该题正式评分材料候选存在候选/存在冲突，未确认匹配，不下判（同时已有匹配参考答案，选择题按E3计，正式评分材料候选仍待核实）,,,,CU,,BJ-2024-XC-YIMO-Q15,2026-09-24-attribution-v3,classify.py:classified_prod.jsonl+matrix.csv+exam_identity.json+skill_overrides.json,no
BJ-2024-XC-ERMO-Q16,BJ-2024-XC-ERMO-Q16,BJ-2024-XC-ERMO,BJ-2024-XC-ERMO,16,主观题,,整题,4772c844650876cc,不明,OUT,COLLECTED,MAYBE,MAYBE,MAYBE,MAYBE,COLLECTED,OUT,OUT,完整题-有E1,E1,逐题已匹配正式评分材料,,,,,,BJ-2024-XC-ERMO-Q16,2026-09-24-attribution-v3,classify.py:classified_prod.jsonl+matrix.csv+exam_identity.json+skill_overrides.json,no
BJ-2024-XC-ERMO-Q17,BJ-2024-XC-ERMO-Q17,BJ-2024-XC-ERMO,BJ-2024-XC-ERMO,17,主观题,,整题,d9deab34af3e205e,不明,MAYBE,COLLECTED,MAYBE,MAYBE,MAYBE,COLLECTED,MAYBE,MAYBE,MAYBE,完整题-有E1,E1,逐题已匹配正式评分材料,,,,,,BJ-2024-XC-ERMO-Q17,2026-09-24-attribution-v3,classify.py:classified_prod.jsonl+matrix.csv+exam_identity.json+skill_overrides.json,no
BJ-2024-XC-ERMO-Q18#1,BJ-2024-XC-ERMO-Q18,BJ-2024-XC-ERMO,BJ-2024-XC-ERMO,18,主观题,1,小问,e350d1dd1205284e,不明,MAYBE,COLLECTED,COLLECTED,COLLECTED,COLLECTED,MAYBE,MAYBE,MAYBE,COLLECTED,完整题-有E1,E1,逐题已匹配正式评分材料,,,,,,BJ-2024-XC-ERMO-Q18,2026-09-24-attribution-v3,classify.py:classified_prod.jsonl+matrix.csv+exam_identity.json+skill_overrides.json,no
BJ-2024-XC-ERMO-Q18#2,BJ-2024-XC-ERMO-Q18,BJ-2024-XC-ERMO,BJ-2024-XC-ERMO,18,主观题,2,小问,e4da6775065a199a,不明,MAYBE,COLLECTED,COLLECTED,COLLECTED,COLLECTED,MAYBE,MAYBE,MAYBE,COLLECTED,完整题-有E1,E1,逐题已匹配正式评分材料,,,,,,BJ-2024-XC-ERMO-Q18,2026-09-24-attribution-v3,classify.py:classified_prod.jsonl+matrix.csv+exam_identity.json+skill_overrides.json,no
BJ-2024-XC-ERMO-Q18#3,BJ-2024-XC-ERMO-Q18,BJ-2024-XC-ERMO,BJ-2024-XC-ERMO,18,主观题,3,小问,fdb39dcd7890c785,不明,MAYBE,COLLECTED,COLLECTED,COLLECTED,COLLECTED,MAYBE,MAYBE,MAYBE,COLLECTED,完整题-有E1,E1,逐题已匹配正式评分材料,,,,,,BJ-2024-XC-ERMO-Q18,2026-09-24-attribution-v3,classify.py:classified_prod.jsonl+matrix.csv+exam_identity.json+skill_overrides.json,no
BJ-2024-XC-ERMO-Q18#4,BJ-2024-XC-ERMO-Q18,BJ-2024-XC-ERMO,BJ-2024-XC-ERMO,18,主观题,4,小问,17fc2e40a7a031ba,不明,MAYBE,COLLECTED,COLLECTED,COLLECTED,COLLECTED,MAYBE,MAYBE,MAYBE,COLLECTED,完整题-有E1,E1,逐题已匹配正式评分材料,,,,,,BJ-2024-XC-ERMO-Q18,2026-09-24-attribution-v3,classify.py:classified_prod.jsonl+matrix.csv+exam_identity.json+skill_overrides.json,no
BJ-2024-XC-ERMO-Q19,BJ-2024-XC-ERMO-Q19,BJ-2024-XC-ERMO,BJ-2024-XC-ERMO,19,主观题,,整题,c9a66f90ee6c743f,倾向,OUT,OUT,OUT,OUT,OUT,COLLECTED,OUT,OUT,MAYBE,完整题-有E1,E1,逐题已匹配正式评分材料,,,,,,BJ-2024-XC-ERMO-Q19,2026-09-24-attribution-v3,classify.py:classified_prod.jsonl+matrix.csv+exam_identity.json+skill_overrides.json,no
BJ-2024-XC-ERMO-Q2,BJ-2024-XC-ERMO-Q2,BJ-2024-XC-ERMO,BJ-2024-XC-ERMO,2,选择题,,整题,4c25facab6d2e842,不明,MAYBE,MAYBE,COLLECTED,MAYBE,COLLECTED,OUT,OUT,OUT,MAYBE,完整题-选择题照收,E3,该题正式评分材料候选存在候选/存在冲突，未确认匹配，不下判（同时已有匹配参考答案，选择题按E3计，正式评分材料候选仍待核实）,,,,,,BJ-2024-XC-ERMO-Q2,2026-09-24-attribution-v3,classify.py:classified_prod.jsonl+matrix.csv+exam_identity.json+skill_overrides.json,no
BJ-2024-XC-ERMO-Q3,BJ-2024-XC-ERMO-Q3,BJ-2024-XC-ERMO,BJ-2024-XC-ERMO,3,选择题,,整题,0040d5c75b8cbacb,不明,OUT,MAYBE,COLLECTED,MAYBE,MAYBE,OUT,OUT,MAYBE,MAYBE,完整题-选择题照收,E3,该题正式评分材料候选存在候选/存在冲突，未确认匹配，不下判（同时已有匹配参考答案，选择题按E3计，正式评分材料候选仍待核实）,,,,,,BJ-2024-XC-ERMO-Q3,2026-09-24-attribution-v3,classify.py:classified_prod.jsonl+matrix.csv+exam_identity.json+skill_overrides.json,no
BJ-2024-XC-ERMO-Q5,BJ-2024-XC-ERMO-Q5,BJ-2024-XC-ERMO,BJ-2024-XC-ERMO,5,选择题,,整题,d226e7db27206b01,不明,OUT,COLLECTED,MAYBE,MAYBE,MAYBE,MAYBE,OUT,MAYBE,MAYBE,完整题-选择题照收,E3,该题正式评分材料候选存在候选/存在冲突，未确认匹配，不下判（同时已有匹配参考答案，选择题按E3计，正式评分材料候选仍待核实）,,,,,,BJ-2024-XC-ERMO-Q5,2026-09-24-attribution-v3,classify.py:classified_prod.jsonl+matrix.csv+exam_identity.json+skill_overrides.json,no
BJ-2024-XC-ERMO-Q6,BJ-2024-XC-ERMO-Q6,BJ-2024-XC-ERMO,BJ-2024-XC-ERMO,6,选择题,,整题,550375bcb925d04d,不明,OUT,COLLECTED,MAYBE,MAYBE,MAYBE,COLLECTED,OUT,MAYBE,MAYBE,完整题-选择题照收,E3,该题正式评分材料候选存在候选/存在冲突，未确认匹配，不下判（同时已有匹配参考答案，选择题按E3计，正式评分材料候选仍待核实）,,,,,,BJ-2024-XC-ERMO-Q6,2026-09-24-attribution-v3,classify.py:classified_prod.jsonl+matrix.csv+exam_identity.json+skill_overrides.json,no
BJ-2024-XC-ERMO-Q7,BJ-2024-XC-ERMO-Q7,BJ-2024-XC-ERMO,BJ-2024-XC-ERMO,7,选择题,,整题,c2fe655b880adcb5,不明,OUT,MAYBE,MAYBE,COLLECTED,MAYBE,OUT,OUT,MAYBE,MAYBE,完整题-选择题照收,E3,该题正式评分材料候选存在候选/存在冲突，未确认匹配，不下判（同时已有匹配参考答案，选择题按E3计，正式评分材料候选仍待核实）,,,,,,BJ-2024-XC-ERMO-Q7,2026-09-24-attribution-v3,classify.py:classified_prod.jsonl+matrix.csv+exam_identity.json+skill_overrides.json,no
BJ-2024-XC-ERMO-Q8,BJ-2024-XC-ERMO-Q8,BJ-2024-XC-ERMO,BJ-2024-XC-ERMO,8,选择题,,整题,de60512c3310da24,倾向,OUT,MAYBE,MAYBE,COLLECTED,OUT,OUT,OUT,OUT,OUT,完整题-选择题照收,E3,该题正式评分材料候选存在候选/存在冲突，未确认匹配，不下判（同时已有匹配参考答案，选择题按E3计，正式评分材料候选仍待核实）,,,,PH,,BJ-2024-XC-ERMO-Q8,2026-09-24-attribution-v3,classify.py:classified_prod.jsonl+matrix.csv+exam_identity.json+skill_overrides.json,no
BJ-2024-XC-ERMO-Q9,BJ-2024-XC-ERMO-Q9,BJ-2024-XC-ERMO,BJ-2024-XC-ERMO,9,选择题,,整题,f7acb3cf015fa7df,不明,OUT,MAYBE,MAYBE,MAYBE,COLLECTED,OUT,MAYBE,OUT,OUT,完整题-选择题照收,E3,该题正式评分材料候选存在候选/存在冲突，未确认匹配，不下判（同时已有匹配参考答案，选择题按E3计，正式评分材料候选仍待核实）,,,,,,BJ-2024-XC-ERMO-Q9,2026-09-24-attribution-v3,classify.py:classified_prod.jsonl+matrix.csv+exam_identity.json+skill_overrides.json,no
BJ-2024-XC-ERMO-Q10,BJ-2024-XC-ERMO-Q10,BJ-2024-XC-ERMO,BJ-2024-XC-ERMO,10,选择题,,整题,6a9c261e109ef43d,倾向,OUT,COLLECTED,MAYBE,OUT,OUT,COLLECTED,IN,OUT,OUT,完整题-选择题照收,E3,该题正式评分材料候选存在候选/存在冲突，未确认匹配，不下判（同时已有匹配参考答案，选择题按E3计，正式评分材料候选仍待核实）,,,,,,BJ-2024-XC-ERMO-Q10,2026-09-24-attribution-v3,classify.py:classified_prod.jsonl+matrix.csv+exam_identity.json+skill_overrides.json,no
BJ-2024-XC-ERMO-Q11,BJ-2024-XC-ERMO-Q11,BJ-2024-XC-ERMO,BJ-2024-XC-ERMO,11,选择题,,整题,33c1101367df88fc,倾向,OUT,MAYBE,MAYBE,OUT,OUT,OUT,COLLECTED,OUT,OUT,完整题-选择题照收,E3,该题正式评分材料候选存在候选/存在冲突，未确认匹配，不下判（同时已有匹配参考答案，选择题按E3计，正式评分材料候选仍待核实）,,,,,,BJ-2024-XC-ERMO-Q11,2026-09-24-attribution-v3,classify.py:classified_prod.jsonl+matrix.csv+exam_identity.json+skill_overrides.json,no
BJ-2024-XC-ERMO-Q12,BJ-2024-XC-ERMO-Q12,BJ-2024-XC-ERMO,BJ-2024-XC-ERMO,12,选择题,,整题,610bf0e39f9ded16,倾向,OUT,IN,MAYBE,OUT,OUT,OUT,COLLECTED,MAYBE,MAYBE,完整题-选择题照收,E3,该题正式评分材料候选存在候选/存在冲突，未确认匹配，不下判（同时已有匹配参考答案，选择题按E3计，正式评分材料候选仍待核实）,,,,,,BJ-2024-XC-ERMO-Q12,2026-09-24-attribution-v3,classify.py:classified_prod.jsonl+matrix.csv+exam_identity.json+skill_overrides.json,no
BJ-2024-XC-ERMO-Q13,BJ-2024-XC-ERMO-Q13,BJ-2024-XC-ERMO,BJ-2024-XC-ERMO,13,选择题,,整题,7eac9e7e3b60f244,倾向,OUT,IN,COLLECTED,MAYBE,OUT,OUT,COLLECTED,MAYBE,MAYBE,完整题-选择题照收,E3,该题正式评分材料候选存在候选/存在冲突，未确认匹配，不下判（同时已有匹配参考答案，选择题按E3计，正式评分材料候选仍待核实）,,,,,,BJ-2024-XC-ERMO-Q13,2026-09-24-attribution-v3,classify.py:classified_prod.jsonl+matrix.csv+exam_identity.json+skill_overrides.json,no
BJ-2024-XC-ERMO-Q14,BJ-2024-XC-ERMO-Q14,BJ-2024-XC-ERMO,BJ-2024-XC-ERMO,14,选择题,,整题,ba02b5739111d6a3,不明,MAYBE,MAYBE,MAYBE,OUT,OUT,MAYBE,OUT,OUT,COLLECTED,完整题-选择题照收,E3,该题正式评分材料候选存在候选/存在冲突，未确认匹配，不下判（同时已有匹配参考答案，选择题按E3计，正式评分材料候选仍待核实）,,,,,,BJ-2024-XC-ERMO-Q14,2026-09-24-attribution-v3,classify.py:classified_prod.jsonl+matrix.csv+exam_identity.json+skill_overrides.json,no
BJ-2025-DC-YIMO-Q16,BJ-2025-DC-YIMO-Q16,BJ-2025-DC-YIMO,BJ-2025-DC-YIMO,16,主观题,,整题,d9ce57961409783f,倾向,OUT,OUT,OUT,COLLECTED,COLLECTED,OUT,OUT,OUT,MAYBE,完整题-有E1,E1,逐题已匹配正式评分材料,,,,,,BJ-2025-DC-YIMO-Q16,2026-09-24-attribution-v3,classify.py:classified_prod.jsonl+matrix.csv+exam_identity.json+skill_overrides.json,no
BJ-2025-DC-YIMO-Q1,BJ-2025-DC-YIMO-Q1,BJ-2025-DC-YIMO,BJ-2025-DC-YIMO,1,选择题,,整题,cbb6da8d30c0507f,倾向,IN,MAYBE,COLLECTED,MAYBE,MAYBE,OUT,OUT,OUT,OUT,完整题-选择题照收,答案键来源未核实(候选未确认),该题正式评分材料候选存在候选/存在冲突，未确认匹配，不下判,,,,,,BJ-2025-DC-YIMO-Q1,2026-09-24-attribution-v3,classify.py:classified_prod.jsonl+matrix.csv+exam_identity.json+skill_overrides.json,no
BJ-2025-DC-YIMO-Q3,BJ-2025-DC-YIMO-Q3,BJ-2025-DC-YIMO,BJ-2025-DC-YIMO,3,选择题,,整题,37d1398c51f392b4,不明,OUT,MAYBE,MAYBE,MAYBE,MAYBE,COLLECTED,OUT,MAYBE,MAYBE,完整题-选择题照收,E1,逐题已匹配正式评分材料,,,,,,BJ-2025-DC-YIMO-Q3,2026-09-24-attribution-v3,classify.py:classified_prod.jsonl+matrix.csv+exam_identity.json+skill_overrides.json,no
BJ-2025-DC-YIMO-Q4,BJ-2025-DC-YIMO-Q4,BJ-2025-DC-YIMO,BJ-2025-DC-YIMO,4,选择题,,整题,f7d9b3f1dedb50eb,倾向,OUT,MAYBE,MAYBE,COLLECTED,COLLECTED,OUT,OUT,COLLECTED,OUT,完整题-选择题照收,答案键来源未核实(候选未确认),该题正式评分材料候选存在候选/存在冲突，未确认匹配，不下判,,,,,,BJ-2025-DC-YIMO-Q4,2026-09-24-attribution-v3,classify.py:classified_prod.jsonl+matrix.csv+exam_identity.json+skill_overrides.json,no
BJ-2025-DC-YIMO-Q5,BJ-2025-DC-YIMO-Q5,BJ-2025-DC-YIMO,BJ-2025-DC-YIMO,5,选择题,,整题,6cae6fdfb48b4366,不明,OUT,MAYBE,MAYBE,COLLECTED,MAYBE,OUT,OUT,MAYBE,MAYBE,完整题-选择题照收,E1,逐题已匹配正式评分材料,,,,,,BJ-2025-DC-YIMO-Q5,2026-09-24-attribution-v3,classify.py:classified_prod.jsonl+matrix.csv+exam_identity.json+skill_overrides.json,no
BJ-2025-DC-YIMO-Q17,BJ-2025-DC-YIMO-Q17,BJ-2025-DC-YIMO,BJ-2025-DC-YIMO,17,主观题,,整题,e5092b20c3dc92a0,倾向,OUT,COLLECTED,COLLECTED,MAYBE,OUT,OUT,COLLECTED,MAYBE,MAYBE,完整题-有E1,E1,逐题已匹配正式评分材料,,,,,,BJ-2025-DC-YIMO-Q17,2026-09-24-attribution-v3,classify.py:classified_prod.jsonl+matrix.csv+exam_identity.json+skill_overrides.json,no
BJ-2025-DC-YIMO-Q19,BJ-2025-DC-YIMO-Q19,BJ-2025-DC-YIMO,BJ-2025-DC-YIMO,19,主观题,,整题,a2b08d7b9a8e0180,不明,OUT,MAYBE,MAYBE,MAYBE,MAYBE,MAYBE,COLLECTED,MAYBE,MAYBE,完整题-有E1,E1,逐题已匹配正式评分材料,,,,,,BJ-2025-DC-YIMO-Q19,2026-09-24-attribution-v3,classify.py:classified_prod.jsonl+matrix.csv+exam_identity.json+skill_overrides.json,no
BJ-2025-DC-YIMO-Q20,BJ-2025-DC-YIMO-Q20,BJ-2025-DC-YIMO,BJ-2025-DC-YIMO,20,主观题,,整题,5c3da5d0d9ccedb3,不明,OUT,COLLECTED,OUT,MAYBE,MAYBE,COLLECTED,MAYBE,MAYBE,MAYBE,完整题-有E1,E1,逐题已匹配正式评分材料,,,,,,BJ-2025-DC-YIMO-Q20,2026-09-24-attribution-v3,classify.py:classified_prod.jsonl+matrix.csv+exam_identity.json+skill_overrides.json,no
BJ-2025-DC-YIMO-Q21,BJ-2025-DC-YIMO-Q21,BJ-2025-DC-YIMO,BJ-2025-DC-YIMO,21,主观题,,整题,ae7670f3ef183856,不明,MAYBE,COLLECTED,COLLECTED,COLLECTED,COLLECTED,MAYBE,MAYBE,MAYBE,MAYBE,完整题-有E1,E1,逐题已匹配正式评分材料,,,,,,BJ-2025-DC-YIMO-Q21,2026-09-24-attribution-v3,classify.py:classified_prod.jsonl+matrix.csv+exam_identity.json+skill_overrides.json,no
BJ-2025-DC-YIMO-Q2,BJ-2025-DC-YIMO-Q2,BJ-2025-DC-YIMO,BJ-2025-DC-YIMO,2,选择题,,整题,190abaa2ce831247,不明,MAYBE,MAYBE,COLLECTED,MAYBE,COLLECTED,OUT,OUT,OUT,MAYBE,完整题-选择题照收,答案键来源未核实(候选未确认),该题正式评分材料候选存在候选/存在冲突，未确认匹配，不下判,,,,,,BJ-2025-DC-YIMO-Q2,2026-09-24-attribution-v3,classify.py:classified_prod.jsonl+matrix.csv+exam_identity.json+skill_overrides.json,no
BJ-2025-DC-YIMO-Q6,BJ-2025-DC-YIMO-Q6,BJ-2025-DC-YIMO,BJ-2025-DC-YIMO,6,选择题,,整题,1781541f80d69c7d,不明,OUT,MAYBE,MAYBE,COLLECTED,MAYBE,OUT,OUT,MAYBE,MAYBE,完整题-选择题照收,答案键来源未核实(候选未确认),该题正式评分材料候选存在候选/存在冲突，未确认匹配，不下判,,,,,,BJ-2025-DC-YIMO-Q6,2026-09-24-attribution-v3,classify.py:classified_prod.jsonl+matrix.csv+exam_identity.json+skill_overrides.json,no
BJ-2025-DC-YIMO-Q7,BJ-2025-DC-YIMO-Q7,BJ-2025-DC-YIMO,BJ-2025-DC-YIMO,7,选择题,,整题,62f57e54eff061af,不明,OUT,MAYBE,COLLECTED,MAYBE,MAYBE,MAYBE,OUT,MAYBE,MAYBE,完整题-选择题照收,答案键来源未核实(候选未确认),该题正式评分材料候选存在候选/存在冲突，未确认匹配，不下判,,,,,,BJ-2025-DC-YIMO-Q7,2026-09-24-attribution-v3,classify.py:classified_prod.jsonl+matrix.csv+exam_identity.json+skill_overrides.json,no
BJ-2025-DC-YIMO-Q8,BJ-2025-DC-YIMO-Q8,BJ-2025-DC-YIMO,BJ-2025-DC-YIMO,8,选择题,,整题,d1144eda13717444,倾向,OUT,MAYBE,COLLECTED,MAYBE,OUT,OUT,OUT,OUT,OUT,完整题-选择题照收,答案键来源未核实(候选未确认),该题正式评分材料候选存在候选/存在冲突，未确认匹配，不下判,,,,,,BJ-2025-DC-YIMO-Q8,2026-09-24-attribution-v3,classify.py:classified_prod.jsonl+matrix.csv+exam_identity.json+skill_overrides.json,no
BJ-2025-DC-YIMO-Q9,BJ-2025-DC-YIMO-Q9,BJ-2025-DC-YIMO,BJ-2025-DC-YIMO,9,选择题,,整题,dd051f929058cbc2,不明,OUT,MAYBE,COLLECTED,MAYBE,MAYBE,OUT,MAYBE,OUT,OUT,完整题-选择题照收,答案键来源未核实(候选未确认),该题正式评分材料候选存在候选/存在冲突，未确认匹配，不下判,,,,,,BJ-2025-DC-YIMO-Q9,2026-09-24-attribution-v3,classify.py:classified_prod.jsonl+matrix.csv+exam_identity.json+skill_overrides.json,no
BJ-2025-DC-YIMO-Q10,BJ-2025-DC-YIMO-Q10,BJ-2025-DC-YIMO,BJ-2025-DC-YIMO,10,选择题,,整题,a7412011e21f027e,倾向,OUT,COLLECTED,COLLECTED,OUT,OUT,OUT,MAYBE,OUT,OUT,完整题-选择题照收,答案键来源未核实(候选未确认),该题正式评分材料候选存在候选/存在冲突，未确认匹配，不下判,,,,,,BJ-2025-DC-YIMO-Q10,2026-09-24-attribution-v3,classify.py:classified_prod.jsonl+matrix.csv+exam_identity.json+skill_overrides.json,no
BJ-2025-DC-YIMO-Q11,BJ-2025-DC-YIMO-Q11,BJ-2025-DC-YIMO,BJ-2025-DC-YIMO,11,选择题,,整题,ced1e6105ec439a1,倾向,OUT,MAYBE,MAYBE,OUT,OUT,OUT,COLLECTED,OUT,OUT,完整题-选择题照收,答案键来源未核实(候选未确认),该题正式评分材料候选存在候选/存在冲突，未确认匹配，不下判,,,,,,BJ-2025-DC-YIMO-Q11,2026-09-24-attribution-v3,classify.py:classified_prod.jsonl+matrix.csv+exam_identity.json+skill_overrides.json,no
BJ-2025-DC-YIMO-Q12,BJ-2025-DC-YIMO-Q12,BJ-2025-DC-YIMO,BJ-2025-DC-YIMO,12,选择题,,整题,610d5416a558de5f,不明,OUT,COLLECTED,MAYBE,OUT,OUT,OUT,MAYBE,MAYBE,MAYBE,完整题-选择题照收,答案键来源未核实(候选未确认),该题正式评分材料候选存在候选/存在冲突，未确认匹配，不下判,,,,,,BJ-2025-DC-YIMO-Q12,2026-09-24-attribution-v3,classify.py:classified_prod.jsonl+matrix.csv+exam_identity.json+skill_overrides.json,no
BJ-2025-DC-YIMO-Q13,BJ-2025-DC-YIMO-Q13,BJ-2025-DC-YIMO,BJ-2025-DC-YIMO,13,选择题,,整题,b73ece85dcb99c74,不明,OUT,MAYBE,MAYBE,OUT,OUT,OUT,MAYBE,MAYBE,COLLECTED,完整题-选择题照收,答案键来源未核实(候选未确认),该题正式评分材料候选存在候选/存在冲突，未确认匹配，不下判,,,,,,BJ-2025-DC-YIMO-Q13,2026-09-24-attribution-v3,classify.py:classified_prod.jsonl+matrix.csv+exam_identity.json+skill_overrides.json,no
BJ-2025-DC-YIMO-Q14,BJ-2025-DC-YIMO-Q14,BJ-2025-DC-YIMO,BJ-2025-DC-YIMO,14,选择题,,整题,a55c974ac5776073,不明,MAYBE,MAYBE,MAYBE,OUT,COLLECTED,MAYBE,OUT,COLLECTED,MAYBE,完整题-选择题照收,答案键来源未核实(候选未确认),该题正式评分材料候选存在候选/存在冲突，未确认匹配，不下判,,,,CU,,BJ-2025-DC-YIMO-Q14,2026-09-24-attribution-v3,classify.py:classified_prod.jsonl+matrix.csv+exam_identity.json+skill_overrides.json,no
BJ-2025-DC-YIMO-Q15,BJ-2025-DC-YIMO-Q15,BJ-2025-DC-YIMO,BJ-2025-DC-YIMO,15,选择题,,整题,59634279aef1f778,不明,MAYBE,MAYBE,MAYBE,OUT,MAYBE,MAYBE,OUT,MAYBE,COLLECTED,完整题-选择题照收,答案键来源未核实(候选未确认),该题正式评分材料候选存在候选/存在冲突，未确认匹配，不下判,,,,,,BJ-2025-DC-YIMO-Q15,2026-09-24-attribution-v3,classify.py:classified_prod.jsonl+matrix.csv+exam_identity.json+skill_overrides.json,no
BJ-2025-DC-YIMO-Q18#1,BJ-2025-DC-YIMO-Q18,BJ-2025-DC-YIMO,BJ-2025-DC-YIMO,18,主观题,1,小问,27e50cd14d754d3e,不明,OUT,COLLECTED,MAYBE,MAYBE,MAYBE,MAYBE,MAYBE,COLLECTED,MAYBE,待裁决-证据未核实,待裁决-证据未核实候选,该题正式评分材料候选存在候选/存在冲突，未确认匹配，不下判,,,,,,BJ-2025-DC-YIMO-Q18,2026-09-24-attribution-v3,classify.py:classified_prod.jsonl+matrix.csv+exam_identity.json+skill_overrides.json,no
BJ-2025-DC-YIMO-Q18#2,BJ-2025-DC-YIMO-Q18,BJ-2025-DC-YIMO,BJ-2025-DC-YIMO,18,主观题,2,小问,8226a9df94cfdcd1,不明,OUT,COLLECTED,MAYBE,MAYBE,MAYBE,MAYBE,MAYBE,COLLECTED,MAYBE,待裁决-证据未核实,待裁决-证据未核实候选,该题正式评分材料候选存在候选/存在冲突，未确认匹配，不下判,,,,,,BJ-2025-DC-YIMO-Q18,2026-09-24-attribution-v3,classify.py:classified_prod.jsonl+matrix.csv+exam_identity.json+skill_overrides.json,no
BJ-2025-FT-YIMO-Q1,BJ-2025-FT-YIMO-Q1,BJ-2025-FT-YIMO,BJ-2025-FT-YIMO,1,选择题,,整题,4bd17f0544d7716c,不明,MAYBE,MAYBE,COLLECTED,MAYBE,COLLECTED,MAYBE,OUT,OUT,OUT,完整题-选择题照收,答案键来源未核实(候选未确认),该题正式评分材料候选存在候选/存在冲突，未确认匹配，不下判,,,,,,BJ-2025-FT-YIMO-Q1,2026-09-24-attribution-v3,classify.py:classified_prod.jsonl+matrix.csv+exam_identity.json+skill_overrides.json,no
BJ-2025-FT-YIMO-Q2,BJ-2025-FT-YIMO-Q2,BJ-2025-FT-YIMO,BJ-2025-FT-YIMO,2,选择题,,整题,b0fa0c1fb8f3d65d,倾向,OUT,MAYBE,MAYBE,COLLECTED,COLLECTED,OUT,OUT,OUT,MAYBE,完整题-选择题照收,答案键来源未核实(候选未确认),该题正式评分材料候选存在候选/存在冲突，未确认匹配，不下判,,,,,,BJ-2025-FT-YIMO-Q2,2026-09-24-attribution-v3,classify.py:classified_prod.jsonl+matrix.csv+exam_identity.json+skill_overrides.json,no
BJ-2025-FT-YIMO-Q3,BJ-2025-FT-YIMO-Q3,BJ-2025-FT-YIMO,BJ-2025-FT-YIMO,3,选择题,,整题,29973e0777111266,不明,OUT,MAYBE,MAYBE,MAYBE,COLLECTED,MAYBE,OUT,MAYBE,MAYBE,完整题-选择题照收,答案键来源未核实(候选未确认),该题正式评分材料候选存在候选/存在冲突，未确认匹配，不下判,,,,,,BJ-2025-FT-YIMO-Q3,2026-09-24-attribution-v3,classify.py:classified_prod.jsonl+matrix.csv+exam_identity.json+skill_overrides.json,no
BJ-2025-FT-YIMO-Q4,BJ-2025-FT-YIMO-Q4,BJ-2025-FT-YIMO,BJ-2025-FT-YIMO,4,选择题,,整题,851853dfb7a0535b,倾向,OUT,MAYBE,MAYBE,COLLECTED,MAYBE,OUT,OUT,OUT,OUT,完整题-选择题照收,答案键来源未核实(候选未确认),该题正式评分材料候选存在候选/存在冲突，未确认匹配，不下判,,,,,,BJ-2025-FT-YIMO-Q4,2026-09-24-attribution-v3,classify.py:classified_prod.jsonl+matrix.csv+exam_identity.json+skill_overrides.json,no
BJ-2025-FT-YIMO-Q5,BJ-2025-FT-YIMO-Q5,BJ-2025-FT-YIMO,BJ-2025-FT-YIMO,5,选择题,,整题,d24be337c885f7bb,不明,OUT,COLLECTED,COLLECTED,MAYBE,MAYBE,OUT,OUT,MAYBE,MAYBE,完整题-选择题照收,答案键来源未核实(候选未确认),该题正式评分材料候选存在候选/存在冲突，未确认匹配，不下判,,,,,,BJ-2025-FT-YIMO-Q5,2026-09-24-attribution-v3,classify.py:classified_prod.jsonl+matrix.csv+exam_identity.json+skill_overrides.json,no
BJ-2025-FT-YIMO-Q6,BJ-2025-FT-YIMO-Q6,BJ-2025-FT-YIMO,BJ-2025-FT-YIMO,6,选择题,,整题,b5ec482458dbac77,不明,OUT,COLLECTED,COLLECTED,MAYBE,MAYBE,OUT,OUT,MAYBE,MAYBE,完整题-选择题照收,答案键来源未核实(候选未确认),该题正式评分材料候选存在候选/存在冲突，未确认匹配，不下判,,,,,,BJ-2025-FT-YIMO-Q6,2026-09-24-attribution-v3,classify.py:classified_prod.jsonl+matrix.csv+exam_identity.json+skill_overrides.json,no
BJ-2025-FT-YIMO-Q7,BJ-2025-FT-YIMO-Q7,BJ-2025-FT-YIMO,BJ-2025-FT-YIMO,7,选择题,,整题,598223e490165603,不明,OUT,COLLECTED,MAYBE,MAYBE,MAYBE,MAYBE,OUT,MAYBE,MAYBE,完整题-选择题照收,答案键来源未核实(候选未确认),该题正式评分材料候选存在候选/存在冲突，未确认匹配，不下判,,,,,,BJ-2025-FT-YIMO-Q7,2026-09-24-attribution-v3,classify.py:classified_prod.jsonl+matrix.csv+exam_identity.json+skill_overrides.json,no
BJ-2025-FT-YIMO-Q8,BJ-2025-FT-YIMO-Q8,BJ-2025-FT-YIMO,BJ-2025-FT-YIMO,8,选择题,,整题,1dd119d66cdbd7cb,倾向,OUT,COLLECTED,MAYBE,MAYBE,OUT,OUT,OUT,OUT,OUT,完整题-选择题照收,答案键来源未核实(候选未确认),该题正式评分材料候选存在候选/存在冲突，未确认匹配，不下判,,,,,,BJ-2025-FT-YIMO-Q8,2026-09-24-attribution-v3,classify.py:classified_prod.jsonl+matrix.csv+exam_identity.json+skill_overrides.json,no
BJ-2025-FT-YIMO-Q9,BJ-2025-FT-YIMO-Q9,BJ-2025-FT-YIMO,BJ-2025-FT-YIMO,9,选择题,,整题,dc01331aceef90c1,不明,OUT,MAYBE,COLLECTED,MAYBE,MAYBE,COLLECTED,MAYBE,OUT,OUT,完整题-选择题照收,答案键来源未核实(候选未确认),该题正式评分材料候选存在候选/存在冲突，未确认匹配，不下判,,,,,,BJ-2025-FT-YIMO-Q9,2026-09-24-attribution-v3,classify.py:classified_prod.jsonl+matrix.csv+exam_identity.json+skill_overrides.json,no
BJ-2025-FT-YIMO-Q10,BJ-2025-FT-YIMO-Q10,BJ-2025-FT-YIMO,BJ-2025-FT-YIMO,10,选择题,,整题,bae478dc66112486,确定,OUT,COLLECTED,COLLECTED,OUT,OUT,OUT,COLLECTED,OUT,OUT,完整题-选择题照收,答案键来源未核实(候选未确认),该题正式评分材料候选存在候选/存在冲突，未确认匹配，不下判,,,,,,BJ-2025-FT-YIMO-Q10,2026-09-24-attribution-v3,classify.py:classified_prod.jsonl+matrix.csv+exam_identity.json+skill_overrides.json,no
BJ-2025-FT-YIMO-Q11,BJ-2025-FT-YIMO-Q11,BJ-2025-FT-YIMO,BJ-2025-FT-YIMO,11,选择题,,整题,7b6691315e9d008d,倾向,OUT,MAYBE,MAYBE,OUT,OUT,OUT,COLLECTED,OUT,OUT,完整题-选择题照收,答案键来源未核实(候选未确认),该题正式评分材料候选存在候选/存在冲突，未确认匹配，不下判,,,,,,BJ-2025-FT-YIMO-Q11,2026-09-24-attribution-v3,classify.py:classified_prod.jsonl+matrix.csv+exam_identity.json+skill_overrides.json,no
BJ-2025-FT-YIMO-Q12,BJ-2025-FT-YIMO-Q12,BJ-2025-FT-YIMO,BJ-2025-FT-YIMO,12,选择题,,整题,5f2ed8ae09fe1a3d,不明,OUT,MAYBE,MAYBE,OUT,OUT,OUT,MAYBE,MAYBE,COLLECTED,完整题-选择题照收,答案键来源未核实(候选未确认),该题正式评分材料候选存在候选/存在冲突，未确认匹配，不下判,,,,,,BJ-2025-FT-YIMO-Q12,2026-09-24-attribution-v3,classify.py:classified_prod.jsonl+matrix.csv+exam_identity.json+skill_overrides.json,no
BJ-2025-FT-YIMO-Q18,BJ-2025-FT-YIMO-Q18,BJ-2025-FT-YIMO,BJ-2025-FT-YIMO,18,选择题,,整题,9511b09934d5c5db,确定,OUT,COLLECTED,OUT,COLLECTED,OUT,OUT,OUT,COLLECTED,OUT,身份错误-不计入分母,身份层标记:split_error_fake_choice_question,题库把该题登记为选择题（4个选项），但 units.jsonl 的 stem 实际是 “18.54~24 正常/24~28 超重/≥28 肥胖”——这是Q12题干里BMI分级表的尾部行随页面换行被误切成“Q18”，选项A-D的文字与Q13“下列选项中犯了与示例相同逻辑错误的是”一题的语境高度吻合，而题库里Q13的stem恰好缺选项（只到“第4页/共11页”截断）。可确认这是抽取阶段的切分错误，不是一道真实独立的第18题。该卷原卷“第二部分共6题”，但题库只登记了Q16/17/19/20/21五道主观题，真实的主观题“第18题”未被登记为任何 qid，书稿如引用“2025丰台一模Q18(1)”，指的是这道缺失的真实主观题，不是题库里的这个伪选择题。本表不猜测真实Q18内容，只标记该qid不计入选择题“照收”分母，并将“回补真实Q18、修正Q13选项归属”列入回传题库线清单，不直接改题库文件。,,,,MI;B2;PH,split_error_fake_choice_question,BJ-2025-FT-YIMO-Q18,2026-09-24-attribution-v3,classify.py:classified_prod.jsonl+matrix.csv+exam_identity.json+skill_overrides.json,no
BJ-2025-FT-YIMO-Q13,BJ-2025-FT-YIMO-Q13,BJ-2025-FT-YIMO,BJ-2025-FT-YIMO,13,选择题,,整题,c5dc265554880663,倾向,OUT,MAYBE,MAYBE,OUT,OUT,OUT,OUT,MAYBE,COLLECTED,完整题-选择题照收,答案键来源未核实(候选未确认),该题正式评分材料候选存在候选/存在冲突，未确认匹配，不下判,,,,,,BJ-2025-FT-YIMO-Q13,2026-09-24-attribution-v3,classify.py:classified_prod.jsonl+matrix.csv+exam_identity.json+skill_overrides.json,no
BJ-2025-FT-YIMO-Q14,BJ-2025-FT-YIMO-Q14,BJ-2025-FT-YIMO,BJ-2025-FT-YIMO,14,选择题,,整题,4a8ed3e61c9524fa,不明,MAYBE,MAYBE,MAYBE,OUT,MAYBE,MAYBE,OUT,OUT,COLLECTED,完整题-选择题照收,答案键来源未核实(候选未确认),该题正式评分材料候选存在候选/存在冲突，未确认匹配，不下判,,,,,,BJ-2025-FT-YIMO-Q14,2026-09-24-attribution-v3,classify.py:classified_prod.jsonl+matrix.csv+exam_identity.json+skill_overrides.json,no
BJ-2025-FT-YIMO-Q15,BJ-2025-FT-YIMO-Q15,BJ-2025-FT-YIMO,BJ-2025-FT-YIMO,15,选择题,,整题,912ba2f6aaf776db,不明,MAYBE,MAYBE,MAYBE,OUT,MAYBE,COLLECTED,OUT,OUT,OUT,完整题-选择题照收,答案键来源未核实(候选未确认),该题正式评分材料候选存在候选/存在冲突，未确认匹配，不下判,,,,,,BJ-2025-FT-YIMO-Q15,2026-09-24-attribution-v3,classify.py:classified_prod.jsonl+matrix.csv+exam_identity.json+skill_overrides.json,no
BJ-2025-FT-YIMO-Q16,BJ-2025-FT-YIMO-Q16,BJ-2025-FT-YIMO,BJ-2025-FT-YIMO,16,主观题,,整题,3e80b11eaa98075b,确定,MAYBE,MAYBE,MAYBE,COLLECTED,COLLECTED,MAYBE,MAYBE,MAYBE,MAYBE,待裁决-证据未核实,待裁决-证据未核实候选,该题正式评分材料候选存在候选/存在冲突，未确认匹配，不下判,B1:rubric_unreadable_not_OUT;B2:rubric_unreadable_not_OUT;B3:rubric_unreadable_not_OUT;X1:rubric_unreadable_not_OUT;X2:rubric_unreadable_not_OUT;MI:rubric_unreadable_not_OUT;RE:rubric_unreadable_not_OUT,,,PH,,BJ-2025-FT-YIMO-Q16,2026-09-24-attribution-v3,classify.py:classified_prod.jsonl+matrix.csv+exam_identity.json+skill_overrides.json,no
BJ-2025-FT-YIMO-Q17#1,BJ-2025-FT-YIMO-Q17,BJ-2025-FT-YIMO,BJ-2025-FT-YIMO,17,主观题,1,小问,50f2a4dddfc3ce6c,倾向,MAYBE,MAYBE,COLLECTED,MAYBE,MAYBE,MAYBE,MAYBE,COLLECTED,MAYBE,待裁决-证据未核实,待裁决-证据未核实候选,该题正式评分材料候选存在候选/存在冲突，未确认匹配，不下判,B1:rubric_unreadable_not_OUT;B2:rubric_unreadable_not_OUT;PH:rubric_unreadable_not_OUT;CU:rubric_unreadable_not_OUT;X1:rubric_unreadable_not_OUT;RE:rubric_unreadable_not_OUT,,,B3,,BJ-2025-FT-YIMO-Q17,2026-09-24-attribution-v3,classify.py:classified_prod.jsonl+matrix.csv+exam_identity.json+skill_overrides.json,no
BJ-2025-FT-YIMO-Q17#2,BJ-2025-FT-YIMO-Q17,BJ-2025-FT-YIMO,BJ-2025-FT-YIMO,17,主观题,2,小问,030e299fb5e8a0c1,不明,MAYBE,MAYBE,COLLECTED,MAYBE,MAYBE,MAYBE,MAYBE,COLLECTED,MAYBE,待裁决-证据未核实,待裁决-证据未核实候选,该题正式评分材料候选存在候选/存在冲突，未确认匹配，不下判,,,,,,BJ-2025-FT-YIMO-Q17,2026-09-24-attribution-v3,classify.py:classified_prod.jsonl+matrix.csv+exam_identity.json+skill_overrides.json,no
BJ-2025-FT-YIMO-Q17#3,BJ-2025-FT-YIMO-Q17,BJ-2025-FT-YIMO,BJ-2025-FT-YIMO,17,主观题,3,小问,2d9d39ec05d9c4ef,不明,MAYBE,MAYBE,COLLECTED,MAYBE,MAYBE,MAYBE,MAYBE,COLLECTED,MAYBE,待裁决-证据未核实,待裁决-证据未核实候选,该题正式评分材料候选存在候选/存在冲突，未确认匹配，不下判,,,,,,BJ-2025-FT-YIMO-Q17,2026-09-24-attribution-v3,classify.py:classified_prod.jsonl+matrix.csv+exam_identity.json+skill_overrides.json,no
BJ-2025-FT-YIMO-Q19,BJ-2025-FT-YIMO-Q19,BJ-2025-FT-YIMO,BJ-2025-FT-YIMO,19,主观题,,整题,19288eac9835e1c2,不明,MAYBE,COLLECTED,COLLECTED,MAYBE,MAYBE,MAYBE,COLLECTED,MAYBE,MAYBE,待裁决-证据未核实,待裁决-证据未核实候选,该题正式评分材料候选存在候选/存在冲突，未确认匹配，不下判,,,,,,BJ-2025-FT-YIMO-Q19,2026-09-24-attribution-v3,classify.py:classified_prod.jsonl+matrix.csv+exam_identity.json+skill_overrides.json,no
BJ-2025-FT-YIMO-Q20,BJ-2025-FT-YIMO-Q20,BJ-2025-FT-YIMO,BJ-2025-FT-YIMO,20,主观题,,整题,a6df8e6b7c2831c3,确定,MAYBE,COLLECTED,MAYBE,MAYBE,MAYBE,COLLECTED,MAYBE,MAYBE,MAYBE,待裁决-证据未核实,待裁决-证据未核实候选,该题正式评分材料候选存在候选/存在冲突，未确认匹配，不下判,B1:rubric_unreadable_not_OUT;B3:rubric_unreadable_not_OUT;PH:rubric_unreadable_not_OUT;CU:rubric_unreadable_not_OUT;X2:rubric_unreadable_not_OUT;MI:rubric_unreadable_not_OUT;RE:rubric_unreadable_not_OUT,,,,,BJ-2025-FT-YIMO-Q20,2026-09-24-attribution-v3,classify.py:classified_prod.jsonl+matrix.csv+exam_identity.json+skill_overrides.json,no
BJ-2025-FT-YIMO-Q21,BJ-2025-FT-YIMO-Q21,BJ-2025-FT-YIMO,BJ-2025-FT-YIMO,21,主观题,,整题,d2f9daf3c6b185f0,不明,MAYBE,COLLECTED,COLLECTED,MAYBE,MAYBE,MAYBE,MAYBE,MAYBE,MAYBE,待裁决-证据未核实,待裁决-证据未核实候选,该题正式评分材料候选存在候选/存在冲突，未确认匹配，不下判,,,,,,BJ-2025-FT-YIMO-Q21,2026-09-24-attribution-v3,classify.py:classified_prod.jsonl+matrix.csv+exam_identity.json+skill_overrides.json,no
BJ-2025-YQ-YIMO-Q16,BJ-2025-YQ-YIMO-Q16,BJ-2025-YQ-YIMO,BJ-2025-YQ-YIMO,16,主观题,,整题,2d060eee64852d08,倾向,OUT,MAYBE,OUT,COLLECTED,COLLECTED,OUT,MAYBE,OUT,OUT,完整题-有E1,E1,逐题已匹配正式评分材料,,,,,,BJ-2025-YQ-YIMO-Q16,2026-09-24-attribution-v3,classify.py:classified_prod.jsonl+matrix.csv+exam_identity.json+skill_overrides.json,no
BJ-2025-YQ-YIMO-Q17,BJ-2025-YQ-YIMO-Q17,BJ-2025-YQ-YIMO,BJ-2025-YQ-YIMO,17,主观题,,整题,093de5894765203f,倾向,MAYBE,COLLECTED,COLLECTED,MAYBE,MAYBE,MAYBE,MAYBE,MAYBE,MAYBE,完整题-有E1,E1,逐题已匹配正式评分材料,B1:rubric_unreadable_not_OUT;PH:rubric_unreadable_not_OUT;CU:rubric_unreadable_not_OUT;X2:rubric_unreadable_not_OUT;MI:rubric_unreadable_not_OUT;RE:rubric_unreadable_not_OUT,,,,,BJ-2025-YQ-YIMO-Q17,2026-09-24-attribution-v3,classify.py:classified_prod.jsonl+matrix.csv+exam_identity.json+skill_overrides.json,no
BJ-2025-YQ-YIMO-Q20#1,BJ-2025-YQ-YIMO-Q20,BJ-2025-YQ-YIMO,BJ-2025-YQ-YIMO,20,主观题,1,小问,a2576bf53a07351d,确定,MAYBE,COLLECTED,MAYBE,MAYBE,MAYBE,COLLECTED,MAYBE,MAYBE,MAYBE,完整题-有E1,E1,逐题已匹配正式评分材料,B1:rubric_unreadable_not_OUT;B3:rubric_unreadable_not_OUT;PH:rubric_unreadable_not_OUT;CU:rubric_unreadable_not_OUT;X2:rubric_unreadable_not_OUT;MI:rubric_unreadable_not_OUT;RE:rubric_unreadable_not_OUT,,,,,BJ-2025-YQ-YIMO-Q20,2026-09-24-attribution-v3,classify.py:classified_prod.jsonl+matrix.csv+exam_identity.json+skill_overrides.json,no
BJ-2025-YQ-YIMO-Q20#2,BJ-2025-YQ-YIMO-Q20,BJ-2025-YQ-YIMO,BJ-2025-YQ-YIMO,20,主观题,2,小问,d14ab71984ed647e,确定,MAYBE,COLLECTED,MAYBE,MAYBE,MAYBE,COLLECTED,MAYBE,MAYBE,MAYBE,完整题-有E1,E1,逐题已匹配正式评分材料,B1:rubric_unreadable_not_OUT;B3:rubric_unreadable_not_OUT;PH:rubric_unreadable_not_OUT;CU:rubric_unreadable_not_OUT;X2:rubric_unreadable_not_OUT;MI:rubric_unreadable_not_OUT;RE:rubric_unreadable_not_OUT,,,,,BJ-2025-YQ-YIMO-Q20,2026-09-24-attribution-v3,classify.py:classified_prod.jsonl+matrix.csv+exam_identity.json+skill_overrides.json,no
BJ-2025-YQ-YIMO-Q1,BJ-2025-YQ-YIMO-Q1,BJ-2025-YQ-YIMO,BJ-2025-YQ-YIMO,1,选择题,,整题,2ea9eacb5b50612e,倾向,IN,COLLECTED,COLLECTED,COLLECTED,MAYBE,OUT,OUT,OUT,OUT,完整题-选择题照收,答案键来源未核实(候选未确认),该题正式评分材料候选存在候选/存在冲突，未确认匹配，不下判,,,,,,BJ-2025-YQ-YIMO-Q1,2026-09-24-attribution-v3,classify.py:classified_prod.jsonl+matrix.csv+exam_identity.json+skill_overrides.json,no
BJ-2025-YQ-YIMO-Q2,BJ-2025-YQ-YIMO-Q2,BJ-2025-YQ-YIMO,BJ-2025-YQ-YIMO,2,选择题,,整题,0ff072eba3f9e41b,不明,OUT,MAYBE,MAYBE,COLLECTED,MAYBE,OUT,OUT,OUT,MAYBE,完整题-选择题照收,答案键来源未核实(候选未确认),该题正式评分材料候选存在候选/存在冲突，未确认匹配，不下判,,,,,,BJ-2025-YQ-YIMO-Q2,2026-09-24-attribution-v3,classify.py:classified_prod.jsonl+matrix.csv+exam_identity.json+skill_overrides.json,no
BJ-2025-YQ-YIMO-Q3,BJ-2025-YQ-YIMO-Q3,BJ-2025-YQ-YIMO,BJ-2025-YQ-YIMO,3,选择题,,整题,d92bdb0b73228877,不明,OUT,MAYBE,MAYBE,MAYBE,COLLECTED,MAYBE,OUT,MAYBE,MAYBE,完整题-选择题照收,答案键来源未核实(候选未确认),该题正式评分材料候选存在候选/存在冲突，未确认匹配，不下判,,,,,,BJ-2025-YQ-YIMO-Q3,2026-09-24-attribution-v3,classify.py:classified_prod.jsonl+matrix.csv+exam_identity.json+skill_overrides.json,no
BJ-2025-YQ-YIMO-Q4,BJ-2025-YQ-YIMO-Q4,BJ-2025-YQ-YIMO,BJ-2025-YQ-YIMO,4,选择题,,整题,fecdc0c1f3d3f8b6,不明,OUT,COLLECTED,MAYBE,COLLECTED,MAYBE,OUT,OUT,MAYBE,MAYBE,完整题-选择题照收,答案键来源未核实(候选未确认),该题正式评分材料候选存在候选/存在冲突，未确认匹配，不下判,,,,,,BJ-2025-YQ-YIMO-Q4,2026-09-24-attribution-v3,classify.py:classified_prod.jsonl+matrix.csv+exam_identity.json+skill_overrides.json,no
BJ-2025-YQ-YIMO-Q5,BJ-2025-YQ-YIMO-Q5,BJ-2025-YQ-YIMO,BJ-2025-YQ-YIMO,5,选择题,,整题,744bab57216aa9f2,不明,OUT,MAYBE,MAYBE,MAYBE,MAYBE,OUT,OUT,MAYBE,COLLECTED,完整题-选择题照收,答案键来源未核实(候选未确认),该题正式评分材料候选存在候选/存在冲突，未确认匹配，不下判,,,,,,BJ-2025-YQ-YIMO-Q5,2026-09-24-attribution-v3,classify.py:classified_prod.jsonl+matrix.csv+exam_identity.json+skill_overrides.json,no
BJ-2025-YQ-YIMO-Q6,BJ-2025-YQ-YIMO-Q6,BJ-2025-YQ-YIMO,BJ-2025-YQ-YIMO,6,选择题,,整题,c10a4b86e73ac992,不明,OUT,MAYBE,MAYBE,MAYBE,COLLECTED,OUT,OUT,MAYBE,COLLECTED,完整题-选择题照收,答案键来源未核实(候选未确认),该题正式评分材料候选存在候选/存在冲突，未确认匹配，不下判,,,,,,BJ-2025-YQ-YIMO-Q6,2026-09-24-attribution-v3,classify.py:classified_prod.jsonl+matrix.csv+exam_identity.json+skill_overrides.json,no
BJ-2025-YQ-YIMO-Q7,BJ-2025-YQ-YIMO-Q7,BJ-2025-YQ-YIMO,BJ-2025-YQ-YIMO,7,选择题,,整题,8b117c5ac0880927,不明,OUT,MAYBE,MAYBE,MAYBE,MAYBE,OUT,OUT,MAYBE,COLLECTED,完整题-选择题照收,答案键来源未核实(候选未确认),该题正式评分材料候选存在候选/存在冲突，未确认匹配，不下判,,,,,,BJ-2025-YQ-YIMO-Q7,2026-09-24-attribution-v3,classify.py:classified_prod.jsonl+matrix.csv+exam_identity.json+skill_overrides.json,no
BJ-2025-YQ-YIMO-Q8,BJ-2025-YQ-YIMO-Q8,BJ-2025-YQ-YIMO,BJ-2025-YQ-YIMO,8,选择题,,整题,a233af6ba25ddd3a,不明,MAYBE,MAYBE,MAYBE,COLLECTED,OUT,OUT,OUT,OUT,MAYBE,完整题-选择题照收,答案键来源未核实(候选未确认),该题正式评分材料候选存在候选/存在冲突，未确认匹配，不下判,,,,PH,,BJ-2025-YQ-YIMO-Q8,2026-09-24-attribution-v3,classify.py:classified_prod.jsonl+matrix.csv+exam_identity.json+skill_overrides.json,no
BJ-2025-YQ-YIMO-Q9,BJ-2025-YQ-YIMO-Q9,BJ-2025-YQ-YIMO,BJ-2025-YQ-YIMO,9,选择题,,整题,1a1943f00ee30b52,倾向,OUT,COLLECTED,COLLECTED,MAYBE,MAYBE,OUT,MAYBE,OUT,OUT,完整题-选择题照收,答案键来源未核实(候选未确认),该题正式评分材料候选存在候选/存在冲突，未确认匹配，不下判,,,,,,BJ-2025-YQ-YIMO-Q9,2026-09-24-attribution-v3,classify.py:classified_prod.jsonl+matrix.csv+exam_identity.json+skill_overrides.json,no
BJ-2025-YQ-YIMO-Q10,BJ-2025-YQ-YIMO-Q10,BJ-2025-YQ-YIMO,BJ-2025-YQ-YIMO,10,选择题,,整题,b3b619f448e79816,确定,OUT,IN,COLLECTED,OUT,OUT,OUT,COLLECTED,OUT,OUT,完整题-选择题照收,答案键来源未核实(候选未确认),该题正式评分材料候选存在候选/存在冲突，未确认匹配，不下判,,,,,,BJ-2025-YQ-YIMO-Q10,2026-09-24-attribution-v3,classify.py:classified_prod.jsonl+matrix.csv+exam_identity.json+skill_overrides.json,no
BJ-2025-YQ-YIMO-Q11,BJ-2025-YQ-YIMO-Q11,BJ-2025-YQ-YIMO,BJ-2025-YQ-YIMO,11,选择题,,整题,2d392f761b4709e1,倾向,OUT,IN,MAYBE,OUT,OUT,OUT,COLLECTED,OUT,OUT,完整题-选择题照收,答案键来源未核实(候选未确认),该题正式评分材料候选存在候选/存在冲突，未确认匹配，不下判,,,,,,BJ-2025-YQ-YIMO-Q11,2026-09-24-attribution-v3,classify.py:classified_prod.jsonl+matrix.csv+exam_identity.json+skill_overrides.json,no
BJ-2025-YQ-YIMO-Q12,BJ-2025-YQ-YIMO-Q12,BJ-2025-YQ-YIMO,BJ-2025-YQ-YIMO,12,选择题,,整题,a6b31c84cf2acbf4,不明,OUT,COLLECTED,MAYBE,OUT,OUT,OUT,MAYBE,MAYBE,MAYBE,完整题-选择题照收,答案键来源未核实(候选未确认),该题正式评分材料候选存在候选/存在冲突，未确认匹配，不下判,,,,,,BJ-2025-YQ-YIMO-Q12,2026-09-24-attribution-v3,classify.py:classified_prod.jsonl+matrix.csv+exam_identity.json+skill_overrides.json,no
BJ-2025-YQ-YIMO-Q13,BJ-2025-YQ-YIMO-Q13,BJ-2025-YQ-YIMO,BJ-2025-YQ-YIMO,13,选择题,,整题,379b60d43056d0c2,倾向,OUT,COLLECTED,MAYBE,OUT,OUT,OUT,OUT,MAYBE,MAYBE,完整题-选择题照收,答案键来源未核实(候选未确认),该题正式评分材料候选存在候选/存在冲突，未确认匹配，不下判,,,,,,BJ-2025-YQ-YIMO-Q13,2026-09-24-attribution-v3,classify.py:classified_prod.jsonl+matrix.csv+exam_identity.json+skill_overrides.json,no
BJ-2025-YQ-YIMO-Q14,BJ-2025-YQ-YIMO-Q14,BJ-2025-YQ-YIMO,BJ-2025-YQ-YIMO,14,选择题,,整题,36f4d816f09e324b,不明,MAYBE,COLLECTED,MAYBE,OUT,OUT,COLLECTED,OUT,MAYBE,MAYBE,完整题-选择题照收,答案键来源未核实(候选未确认),该题正式评分材料候选存在候选/存在冲突，未确认匹配，不下判,,,,,,BJ-2025-YQ-YIMO-Q14,2026-09-24-attribution-v3,classify.py:classified_prod.jsonl+matrix.csv+exam_identity.json+skill_overrides.json,no
BJ-2025-YQ-YIMO-Q15,BJ-2025-YQ-YIMO-Q15,BJ-2025-YQ-YIMO,BJ-2025-YQ-YIMO,15,选择题,,整题,887da3ea6911da63,倾向,MAYBE,IN,MAYBE,OUT,MAYBE,COLLECTED,OUT,OUT,OUT,完整题-选择题照收,答案键来源未核实(候选未确认),该题正式评分材料候选存在候选/存在冲突，未确认匹配，不下判,,,,,,BJ-2025-YQ-YIMO-Q15,2026-09-24-attribution-v3,classify.py:classified_prod.jsonl+matrix.csv+exam_identity.json+skill_overrides.json,no
BJ-2025-YQ-YIMO-Q18,BJ-2025-YQ-YIMO-Q18,BJ-2025-YQ-YIMO,BJ-2025-YQ-YIMO,18,主观题,,整题,64fa3b155e26dc66,不明,MAYBE,MAYBE,MAYBE,MAYBE,MAYBE,MAYBE,MAYBE,COLLECTED,MAYBE,待裁决-证据未核实,待裁决-证据未核实候选,该题正式评分材料候选存在候选/存在冲突，未确认匹配，不下判,,,,,,BJ-2025-YQ-YIMO-Q18,2026-09-24-attribution-v3,classify.py:classified_prod.jsonl+matrix.csv+exam_identity.json+skill_overrides.json,no
BJ-2025-YQ-YIMO-Q19,BJ-2025-YQ-YIMO-Q19,BJ-2025-YQ-YIMO,BJ-2025-YQ-YIMO,19,主观题,,整题,adccefc907b63e38,倾向,MAYBE,MAYBE,MAYBE,MAYBE,MAYBE,MAYBE,COLLECTED,MAYBE,MAYBE,待裁决-证据未核实,待裁决-证据未核实候选,该题正式评分材料候选存在候选/存在冲突，未确认匹配，不下判,B1:rubric_unreadable_not_OUT;B3:rubric_unreadable_not_OUT;PH:rubric_unreadable_not_OUT;CU:rubric_unreadable_not_OUT;X1:rubric_unreadable_not_OUT;MI:rubric_unreadable_not_OUT;RE:rubric_unreadable_not_OUT,,,,,BJ-2025-YQ-YIMO-Q19,2026-09-24-attribution-v3,classify.py:classified_prod.jsonl+matrix.csv+exam_identity.json+skill_overrides.json,no
BJ-2025-YQ-YIMO-Q21,BJ-2025-YQ-YIMO-Q21,BJ-2025-YQ-YIMO,BJ-2025-YQ-YIMO,21,主观题,,整题,fc059b568ceed723,不明,MAYBE,MAYBE,COLLECTED,COLLECTED,COLLECTED,COLLECTED,MAYBE,MAYBE,MAYBE,待裁决-证据未核实,待裁决-证据未核实候选,该题正式评分材料候选存在候选/存在冲突，未确认匹配，不下判,,,,,,BJ-2025-YQ-YIMO-Q21,2026-09-24-attribution-v3,classify.py:classified_prod.jsonl+matrix.csv+exam_identity.json+skill_overrides.json,no
BJ-2025-FS-YIMO-Q16#1,BJ-2025-FS-YIMO-Q16,BJ-2025-FS-YIMO,BJ-2025-FS-YIMO,16,主观题,1,小问,db703032e0fa9dfc,不明,OUT,MAYBE,OUT,COLLECTED,COLLECTED,MAYBE,MAYBE,COLLECTED,COLLECTED,完整题-有E1,E1,逐题已匹配正式评分材料,,,,,,BJ-2025-FS-YIMO-Q16,2026-09-24-attribution-v3,classify.py:classified_prod.jsonl+matrix.csv+exam_identity.json+skill_overrides.json,no
BJ-2025-FS-YIMO-Q16#2,BJ-2025-FS-YIMO-Q16,BJ-2025-FS-YIMO,BJ-2025-FS-YIMO,16,主观题,2,小问,f4fb0219d86808b0,不明,MAYBE,MAYBE,MAYBE,COLLECTED,COLLECTED,MAYBE,MAYBE,COLLECTED,COLLECTED,完整题-有E1,E1,逐题已匹配正式评分材料,,,,,,BJ-2025-FS-YIMO-Q16,2026-09-24-attribution-v3,classify.py:classified_prod.jsonl+matrix.csv+exam_identity.json+skill_overrides.json,no
BJ-2025-FS-YIMO-Q16#3,BJ-2025-FS-YIMO-Q16,BJ-2025-FS-YIMO,BJ-2025-FS-YIMO,16,主观题,3,小问,04fa20d37d403d2f,不明,OUT,MAYBE,OUT,COLLECTED,COLLECTED,MAYBE,MAYBE,COLLECTED,COLLECTED,完整题-有E1,E1,逐题已匹配正式评分材料,,,,,,BJ-2025-FS-YIMO-Q16,2026-09-24-attribution-v3,classify.py:classified_prod.jsonl+matrix.csv+exam_identity.json+skill_overrides.json,no
BJ-2025-FS-YIMO-Q17,BJ-2025-FS-YIMO-Q17,BJ-2025-FS-YIMO,BJ-2025-FS-YIMO,17,主观题,,整题,66608c0333078d1f,不明,OUT,MAYBE,COLLECTED,OUT,MAYBE,MAYBE,MAYBE,OUT,MAYBE,完整题-有E1,E1,逐题已匹配正式评分材料,,,,,,BJ-2025-FS-YIMO-Q17,2026-09-24-attribution-v3,classify.py:classified_prod.jsonl+matrix.csv+exam_identity.json+skill_overrides.json,no
BJ-2025-FS-YIMO-Q18#1,BJ-2025-FS-YIMO-Q18,BJ-2025-FS-YIMO,BJ-2025-FS-YIMO,18,主观题,1,小问,f59ce3ca96e63e17,不明,OUT,COLLECTED,MAYBE,OUT,OUT,COLLECTED,MAYBE,MAYBE,MAYBE,完整题-有E1,E1,逐题已匹配正式评分材料,,,,,,BJ-2025-FS-YIMO-Q18,2026-09-24-attribution-v3,classify.py:classified_prod.jsonl+matrix.csv+exam_identity.json+skill_overrides.json,no
BJ-2025-FS-YIMO-Q18#2,BJ-2025-FS-YIMO-Q18,BJ-2025-FS-YIMO,BJ-2025-FS-YIMO,18,主观题,2,小问,2d13f16504a4b450,不明,OUT,COLLECTED,MAYBE,OUT,OUT,COLLECTED,MAYBE,MAYBE,MAYBE,完整题-有E1,E1,逐题已匹配正式评分材料,,,,,,BJ-2025-FS-YIMO-Q18,2026-09-24-attribution-v3,classify.py:classified_prod.jsonl+matrix.csv+exam_identity.json+skill_overrides.json,no
BJ-2025-FS-YIMO-Q19,BJ-2025-FS-YIMO-Q19,BJ-2025-FS-YIMO,BJ-2025-FS-YIMO,19,主观题,,整题,77c9abfeddd7a28f,倾向,OUT,COLLECTED,COLLECTED,MAYBE,MAYBE,OUT,COLLECTED,OUT,OUT,完整题-有E1,E1,逐题已匹配正式评分材料,,,,,,BJ-2025-FS-YIMO-Q19,2026-09-24-attribution-v3,classify.py:classified_prod.jsonl+matrix.csv+exam_identity.json+skill_overrides.json,no
BJ-2025-FS-YIMO-Q20#2,BJ-2025-FS-YIMO-Q20,BJ-2025-FS-YIMO,BJ-2025-FS-YIMO,20,主观题,2,小问,0e6f4ec939225d32,不明,MAYBE,MAYBE,MAYBE,COLLECTED,MAYBE,MAYBE,MAYBE,MAYBE,MAYBE,完整题-有E1,E1,逐题已匹配正式评分材料,,,,,,BJ-2025-FS-YIMO-Q20,2026-09-24-attribution-v3,classify.py:classified_prod.jsonl+matrix.csv+exam_identity.json+skill_overrides.json,no
BJ-2025-FS-YIMO-Q20#3,BJ-2025-FS-YIMO-Q20,BJ-2025-FS-YIMO,BJ-2025-FS-YIMO,20,主观题,3,小问,ff50a0bdf682c24d,不明,MAYBE,MAYBE,MAYBE,COLLECTED,MAYBE,MAYBE,MAYBE,MAYBE,MAYBE,完整题-有E1,E1,逐题已匹配正式评分材料,,,,,,BJ-2025-FS-YIMO-Q20,2026-09-24-attribution-v3,classify.py:classified_prod.jsonl+matrix.csv+exam_identity.json+skill_overrides.json,no
BJ-2025-FS-YIMO-Q1,BJ-2025-FS-YIMO-Q1,BJ-2025-FS-YIMO,BJ-2025-FS-YIMO,1,选择题,,整题,759d793b30c12003,不明,IN,COLLECTED,MAYBE,MAYBE,MAYBE,MAYBE,OUT,OUT,OUT,完整题-选择题照收,答案键来源未核实(候选未确认),该题正式评分材料候选存在候选/存在冲突，未确认匹配，不下判,,,,,,BJ-2025-FS-YIMO-Q1,2026-09-24-attribution-v3,classify.py:classified_prod.jsonl+matrix.csv+exam_identity.json+skill_overrides.json,no
BJ-2025-FS-YIMO-Q2,BJ-2025-FS-YIMO-Q2,BJ-2025-FS-YIMO,BJ-2025-FS-YIMO,2,选择题,,整题,d392ae9b5398fd2b,不明,OUT,MAYBE,MAYBE,COLLECTED,MAYBE,MAYBE,OUT,OUT,MAYBE,完整题-选择题照收,答案键来源未核实(候选未确认),该题正式评分材料候选存在候选/存在冲突，未确认匹配，不下判,,,,,,BJ-2025-FS-YIMO-Q2,2026-09-24-attribution-v3,classify.py:classified_prod.jsonl+matrix.csv+exam_identity.json+skill_overrides.json,no
BJ-2025-FS-YIMO-Q3,BJ-2025-FS-YIMO-Q3,BJ-2025-FS-YIMO,BJ-2025-FS-YIMO,3,选择题,,整题,4d558046e2827175,不明,OUT,MAYBE,MAYBE,COLLECTED,MAYBE,OUT,OUT,MAYBE,MAYBE,完整题-选择题照收,答案键来源未核实(候选未确认),该题正式评分材料候选存在候选/存在冲突，未确认匹配，不下判,,,,,,BJ-2025-FS-YIMO-Q3,2026-09-24-attribution-v3,classify.py:classified_prod.jsonl+matrix.csv+exam_identity.json+skill_overrides.json,no
BJ-2025-FS-YIMO-Q4,BJ-2025-FS-YIMO-Q4,BJ-2025-FS-YIMO,BJ-2025-FS-YIMO,4,选择题,,整题,c96b113e5fb60b6d,不明,OUT,MAYBE,MAYBE,COLLECTED,MAYBE,MAYBE,OUT,MAYBE,MAYBE,完整题-选择题照收,答案键来源未核实(候选未确认),该题正式评分材料候选存在候选/存在冲突，未确认匹配，不下判,,,,,,BJ-2025-FS-YIMO-Q4,2026-09-24-attribution-v3,classify.py:classified_prod.jsonl+matrix.csv+exam_identity.json+skill_overrides.json,no
BJ-2025-FS-YIMO-Q5,BJ-2025-FS-YIMO-Q5,BJ-2025-FS-YIMO,BJ-2025-FS-YIMO,5,选择题,,整题,8c66a1686a324975,不明,OUT,MAYBE,MAYBE,COLLECTED,COLLECTED,OUT,OUT,MAYBE,MAYBE,完整题-选择题照收,答案键来源未核实(候选未确认),该题正式评分材料候选存在候选/存在冲突，未确认匹配，不下判,,,,,,BJ-2025-FS-YIMO-Q5,2026-09-24-attribution-v3,classify.py:classified_prod.jsonl+matrix.csv+exam_identity.json+skill_overrides.json,no
BJ-2025-FS-YIMO-Q6,BJ-2025-FS-YIMO-Q6,BJ-2025-FS-YIMO,BJ-2025-FS-YIMO,6,选择题,,整题,8463dd730a3bb717,不明,OUT,MAYBE,MAYBE,MAYBE,MAYBE,OUT,OUT,MAYBE,COLLECTED,完整题-选择题照收,答案键来源未核实(候选未确认),该题正式评分材料候选存在候选/存在冲突，未确认匹配，不下判,,,,,,BJ-2025-FS-YIMO-Q6,2026-09-24-attribution-v3,classify.py:classified_prod.jsonl+matrix.csv+exam_identity.json+skill_overrides.json,no
BJ-2025-FS-YIMO-Q7,BJ-2025-FS-YIMO-Q7,BJ-2025-FS-YIMO,BJ-2025-FS-YIMO,7,选择题,,整题,7ca3d4f28137de02,不明,OUT,MAYBE,MAYBE,COLLECTED,COLLECTED,OUT,OUT,MAYBE,MAYBE,完整题-选择题照收,答案键来源未核实(候选未确认),该题正式评分材料候选存在候选/存在冲突，未确认匹配，不下判,,,,,,BJ-2025-FS-YIMO-Q7,2026-09-24-attribution-v3,classify.py:classified_prod.jsonl+matrix.csv+exam_identity.json+skill_overrides.json,no
BJ-2025-FS-YIMO-Q8,BJ-2025-FS-YIMO-Q8,BJ-2025-FS-YIMO,BJ-2025-FS-YIMO,8,选择题,,整题,426ec97928513a5a,倾向,OUT,MAYBE,COLLECTED,MAYBE,OUT,OUT,MAYBE,OUT,OUT,完整题-选择题照收,答案键来源未核实(候选未确认),该题正式评分材料候选存在候选/存在冲突，未确认匹配，不下判,,,,,,BJ-2025-FS-YIMO-Q8,2026-09-24-attribution-v3,classify.py:classified_prod.jsonl+matrix.csv+exam_identity.json+skill_overrides.json,no
BJ-2025-FS-YIMO-Q9,BJ-2025-FS-YIMO-Q9,BJ-2025-FS-YIMO,BJ-2025-FS-YIMO,9,选择题,,整题,bff072ace172bf98,不明,OUT,MAYBE,COLLECTED,MAYBE,MAYBE,MAYBE,MAYBE,OUT,OUT,完整题-选择题照收,答案键来源未核实(候选未确认),该题正式评分材料候选存在候选/存在冲突，未确认匹配，不下判,,,,,,BJ-2025-FS-YIMO-Q9,2026-09-24-attribution-v3,classify.py:classified_prod.jsonl+matrix.csv+exam_identity.json+skill_overrides.json,no
BJ-2025-FS-YIMO-Q10,BJ-2025-FS-YIMO-Q10,BJ-2025-FS-YIMO,BJ-2025-FS-YIMO,10,选择题,,整题,71035cac70a0133b,倾向,OUT,MAYBE,MAYBE,OUT,OUT,OUT,COLLECTED,OUT,OUT,完整题-选择题照收,答案键来源未核实(候选未确认),该题正式评分材料候选存在候选/存在冲突，未确认匹配，不下判,,,,,,BJ-2025-FS-YIMO-Q10,2026-09-24-attribution-v3,classify.py:classified_prod.jsonl+matrix.csv+exam_identity.json+skill_overrides.json,no
BJ-2025-FS-YIMO-Q11,BJ-2025-FS-YIMO-Q11,BJ-2025-FS-YIMO,BJ-2025-FS-YIMO,11,选择题,,整题,40e8dd3996ecd271,倾向,OUT,MAYBE,MAYBE,OUT,OUT,OUT,COLLECTED,OUT,OUT,完整题-选择题照收,答案键来源未核实(候选未确认),该题正式评分材料候选存在候选/存在冲突，未确认匹配，不下判,,,,,,BJ-2025-FS-YIMO-Q11,2026-09-24-attribution-v3,classify.py:classified_prod.jsonl+matrix.csv+exam_identity.json+skill_overrides.json,no
BJ-2025-FS-YIMO-Q12,BJ-2025-FS-YIMO-Q12,BJ-2025-FS-YIMO,BJ-2025-FS-YIMO,12,选择题,,整题,9975a7ca9fc731c5,倾向,OUT,COLLECTED,COLLECTED,OUT,OUT,OUT,MAYBE,MAYBE,MAYBE,完整题-选择题照收,答案键来源未核实(候选未确认),该题正式评分材料候选存在候选/存在冲突，未确认匹配，不下判,,,,,,BJ-2025-FS-YIMO-Q12,2026-09-24-attribution-v3,classify.py:classified_prod.jsonl+matrix.csv+exam_identity.json+skill_overrides.json,no
BJ-2025-FS-YIMO-Q13,BJ-2025-FS-YIMO-Q13,BJ-2025-FS-YIMO,BJ-2025-FS-YIMO,13,选择题,,整题,c694c0f779ff8d8a,倾向,OUT,COLLECTED,MAYBE,OUT,OUT,OUT,OUT,MAYBE,MAYBE,完整题-选择题照收,答案键来源未核实(候选未确认),该题正式评分材料候选存在候选/存在冲突，未确认匹配，不下判,,,,,,BJ-2025-FS-YIMO-Q13,2026-09-24-attribution-v3,classify.py:classified_prod.jsonl+matrix.csv+exam_identity.json+skill_overrides.json,no
BJ-2025-FS-YIMO-Q14,BJ-2025-FS-YIMO-Q14,BJ-2025-FS-YIMO,BJ-2025-FS-YIMO,14,选择题,,整题,861abee7bf8bb181,不明,MAYBE,IN,MAYBE,OUT,OUT,COLLECTED,OUT,MAYBE,MAYBE,完整题-选择题照收,答案键来源未核实(候选未确认),该题正式评分材料候选存在候选/存在冲突，未确认匹配，不下判,,,,,,BJ-2025-FS-YIMO-Q14,2026-09-24-attribution-v3,classify.py:classified_prod.jsonl+matrix.csv+exam_identity.json+skill_overrides.json,no
BJ-2025-FS-YIMO-Q15,BJ-2025-FS-YIMO-Q15,BJ-2025-FS-YIMO,BJ-2025-FS-YIMO,15,选择题,,整题,61579fd231e32433,倾向,MAYBE,COLLECTED,MAYBE,OUT,MAYBE,COLLECTED,OUT,OUT,OUT,完整题-选择题照收,答案键来源未核实(候选未确认),该题正式评分材料候选存在候选/存在冲突，未确认匹配，不下判,,,,,,BJ-2025-FS-YIMO-Q15,2026-09-24-attribution-v3,classify.py:classified_prod.jsonl+matrix.csv+exam_identity.json+skill_overrides.json,no
BJ-2025-CY-YIMO-Q1,BJ-2025-CY-YIMO-Q1,BJ-2025-CY-YIMO,BJ-2025-CY-YIMO,1,选择题,,整题,124f219d6eb27a81,倾向,MAYBE,MAYBE,COLLECTED,COLLECTED,MAYBE,OUT,OUT,OUT,OUT,完整题-选择题照收,答案键来源未核实(候选未确认),该题正式评分材料候选存在候选/存在冲突，未确认匹配，不下判,,,,,,BJ-2025-CY-YIMO-Q1,2026-09-24-attribution-v3,classify.py:classified_prod.jsonl+matrix.csv+exam_identity.json+skill_overrides.json,no
BJ-2025-CY-YIMO-Q2,BJ-2025-CY-YIMO-Q2,BJ-2025-CY-YIMO,BJ-2025-CY-YIMO,2,选择题,,整题,3986499a2f884587,倾向,OUT,MAYBE,COLLECTED,MAYBE,COLLECTED,MAYBE,OUT,OUT,COLLECTED,完整题-选择题照收,答案键来源未核实(候选未确认),该题正式评分材料候选存在候选/存在冲突，未确认匹配，不下判,,,,,,BJ-2025-CY-YIMO-Q2,2026-09-24-attribution-v3,classify.py:classified_prod.jsonl+matrix.csv+exam_identity.json+skill_overrides.json,no
BJ-2025-CY-YIMO-Q3,BJ-2025-CY-YIMO-Q3,BJ-2025-CY-YIMO,BJ-2025-CY-YIMO,3,选择题,,整题,84e420412ce2fee8,不明,OUT,COLLECTED,MAYBE,COLLECTED,MAYBE,OUT,IN,MAYBE,MAYBE,完整题-选择题照收,答案键来源未核实(候选未确认),该题正式评分材料候选存在候选/存在冲突，未确认匹配，不下判,,,,,,BJ-2025-CY-YIMO-Q3,2026-09-24-attribution-v3,classify.py:classified_prod.jsonl+matrix.csv+exam_identity.json+skill_overrides.json,no
BJ-2025-CY-YIMO-Q4,BJ-2025-CY-YIMO-Q4,BJ-2025-CY-YIMO,BJ-2025-CY-YIMO,4,选择题,,整题,54485692f533fae3,不明,OUT,MAYBE,MAYBE,COLLECTED,MAYBE,MAYBE,OUT,MAYBE,MAYBE,完整题-选择题照收,答案键来源未核实(候选未确认),该题正式评分材料候选存在候选/存在冲突，未确认匹配，不下判,,,,,,BJ-2025-CY-YIMO-Q4,2026-09-24-attribution-v3,classify.py:classified_prod.jsonl+matrix.csv+exam_identity.json+skill_overrides.json,no
BJ-2025-CY-YIMO-Q5,BJ-2025-CY-YIMO-Q5,BJ-2025-CY-YIMO,BJ-2025-CY-YIMO,5,选择题,,整题,9c2510794ffc4e5a,不明,OUT,MAYBE,MAYBE,COLLECTED,MAYBE,OUT,MAYBE,MAYBE,COLLECTED,完整题-选择题照收,答案键来源未核实(候选未确认),该题正式评分材料候选存在候选/存在冲突，未确认匹配，不下判,,,,,,BJ-2025-CY-YIMO-Q5,2026-09-24-attribution-v3,classify.py:classified_prod.jsonl+matrix.csv+exam_identity.json+skill_overrides.json,no
BJ-2025-CY-YIMO-Q6,BJ-2025-CY-YIMO-Q6,BJ-2025-CY-YIMO,BJ-2025-CY-YIMO,6,选择题,,整题,ab5b4d0a4ebbe043,不明,OUT,MAYBE,MAYBE,MAYBE,MAYBE,OUT,OUT,MAYBE,COLLECTED,完整题-选择题照收,答案键来源未核实(候选未确认),该题正式评分材料候选存在候选/存在冲突，未确认匹配，不下判,,,,,,BJ-2025-CY-YIMO-Q6,2026-09-24-attribution-v3,classify.py:classified_prod.jsonl+matrix.csv+exam_identity.json+skill_overrides.json,no
BJ-2025-CY-YIMO-Q7,BJ-2025-CY-YIMO-Q7,BJ-2025-CY-YIMO,BJ-2025-CY-YIMO,7,选择题,,整题,bfe1a5d8b5fe5ab0,不明,OUT,MAYBE,MAYBE,COLLECTED,MAYBE,MAYBE,OUT,COLLECTED,MAYBE,完整题-选择题照收,答案键来源未核实(候选未确认),该题正式评分材料候选存在候选/存在冲突，未确认匹配，不下判,,,,,,BJ-2025-CY-YIMO-Q7,2026-09-24-attribution-v3,classify.py:classified_prod.jsonl+matrix.csv+exam_identity.json+skill_overrides.json,no
BJ-2025-CY-YIMO-Q8,BJ-2025-CY-YIMO-Q8,BJ-2025-CY-YIMO,BJ-2025-CY-YIMO,8,选择题,,整题,7efb8091cd7d7ec7,倾向,OUT,MAYBE,COLLECTED,MAYBE,OUT,OUT,MAYBE,OUT,OUT,完整题-选择题照收,答案键来源未核实(候选未确认),该题正式评分材料候选存在候选/存在冲突，未确认匹配，不下判,,,,,,BJ-2025-CY-YIMO-Q8,2026-09-24-attribution-v3,classify.py:classified_prod.jsonl+matrix.csv+exam_identity.json+skill_overrides.json,no
BJ-2025-CY-YIMO-Q9,BJ-2025-CY-YIMO-Q9,BJ-2025-CY-YIMO,BJ-2025-CY-YIMO,9,选择题,,整题,2b6de967b0d9a520,倾向,OUT,COLLECTED,COLLECTED,MAYBE,MAYBE,OUT,MAYBE,OUT,OUT,完整题-选择题照收,答案键来源未核实(候选未确认),该题正式评分材料候选存在候选/存在冲突，未确认匹配，不下判,,,,,,BJ-2025-CY-YIMO-Q9,2026-09-24-attribution-v3,classify.py:classified_prod.jsonl+matrix.csv+exam_identity.json+skill_overrides.json,no
BJ-2025-CY-YIMO-Q10,BJ-2025-CY-YIMO-Q10,BJ-2025-CY-YIMO,BJ-2025-CY-YIMO,10,选择题,,整题,a022f5b8e335226e,倾向,OUT,MAYBE,MAYBE,OUT,OUT,OUT,COLLECTED,OUT,OUT,完整题-选择题照收,答案键来源未核实(候选未确认),该题正式评分材料候选存在候选/存在冲突，未确认匹配，不下判,,,,,,BJ-2025-CY-YIMO-Q10,2026-09-24-attribution-v3,classify.py:classified_prod.jsonl+matrix.csv+exam_identity.json+skill_overrides.json,no
BJ-2025-CY-YIMO-Q11,BJ-2025-CY-YIMO-Q11,BJ-2025-CY-YIMO,BJ-2025-CY-YIMO,11,选择题,,整题,837ccc76cd791e27,倾向,OUT,MAYBE,COLLECTED,OUT,OUT,OUT,COLLECTED,OUT,OUT,完整题-选择题照收,答案键来源未核实(候选未确认),该题正式评分材料候选存在候选/存在冲突，未确认匹配，不下判,,,,,,BJ-2025-CY-YIMO-Q11,2026-09-24-attribution-v3,classify.py:classified_prod.jsonl+matrix.csv+exam_identity.json+skill_overrides.json,no
BJ-2025-CY-YIMO-Q12,BJ-2025-CY-YIMO-Q12,BJ-2025-CY-YIMO,BJ-2025-CY-YIMO,12,选择题,,整题,3641e08e16b30095,不明,OUT,COLLECTED,MAYBE,OUT,OUT,OUT,MAYBE,MAYBE,MAYBE,完整题-选择题照收,答案键来源未核实(候选未确认),该题正式评分材料候选存在候选/存在冲突，未确认匹配，不下判,,,,,,BJ-2025-CY-YIMO-Q12,2026-09-24-attribution-v3,classify.py:classified_prod.jsonl+matrix.csv+exam_identity.json+skill_overrides.json,no
BJ-2025-CY-YIMO-Q13,BJ-2025-CY-YIMO-Q13,BJ-2025-CY-YIMO,BJ-2025-CY-YIMO,13,选择题,,整题,3f00d86e6db494c1,倾向,OUT,COLLECTED,MAYBE,OUT,OUT,OUT,OUT,MAYBE,MAYBE,完整题-选择题照收,答案键来源未核实(候选未确认),该题正式评分材料候选存在候选/存在冲突，未确认匹配，不下判,,,,,,BJ-2025-CY-YIMO-Q13,2026-09-24-attribution-v3,classify.py:classified_prod.jsonl+matrix.csv+exam_identity.json+skill_overrides.json,no
BJ-2025-CY-YIMO-Q14,BJ-2025-CY-YIMO-Q14,BJ-2025-CY-YIMO,BJ-2025-CY-YIMO,14,选择题,,整题,25c84d2c65354776,不明,MAYBE,COLLECTED,MAYBE,OUT,OUT,COLLECTED,OUT,MAYBE,MAYBE,完整题-选择题照收,答案键来源未核实(候选未确认),该题正式评分材料候选存在候选/存在冲突，未确认匹配，不下判,,,,,,BJ-2025-CY-YIMO-Q14,2026-09-24-attribution-v3,classify.py:classified_prod.jsonl+matrix.csv+exam_identity.json+skill_overrides.json,no
BJ-2025-CY-YIMO-Q15,BJ-2025-CY-YIMO-Q15,BJ-2025-CY-YIMO,BJ-2025-CY-YIMO,15,选择题,,整题,16c39d3ff6e95be9,不明,MAYBE,MAYBE,MAYBE,OUT,MAYBE,COLLECTED,OUT,OUT,OUT,完整题-选择题照收,答案键来源未核实(候选未确认),该题正式评分材料候选存在候选/存在冲突，未确认匹配，不下判,,,,,,BJ-2025-CY-YIMO-Q15,2026-09-24-attribution-v3,classify.py:classified_prod.jsonl+matrix.csv+exam_identity.json+skill_overrides.json,no
BJ-2025-CY-YIMO-Q16,BJ-2025-CY-YIMO-Q16,BJ-2025-CY-YIMO,BJ-2025-CY-YIMO,16,主观题,,整题,56c1f0a927334e46,确定,MAYBE,MAYBE,MAYBE,COLLECTED,COLLECTED,MAYBE,MAYBE,MAYBE,MAYBE,待裁决-证据未核实,待裁决-证据未核实候选,该题正式评分材料候选存在候选/存在冲突，未确认匹配，不下判,B1:rubric_unreadable_not_OUT;B2:rubric_unreadable_not_OUT;B3:rubric_unreadable_not_OUT;X1:rubric_unreadable_not_OUT;X2:rubric_unreadable_not_OUT;MI:rubric_unreadable_not_OUT;RE:rubric_unreadable_not_OUT,,,,,BJ-2025-CY-YIMO-Q16,2026-09-24-attribution-v3,classify.py:classified_prod.jsonl+matrix.csv+exam_identity.json+skill_overrides.json,no
BJ-2025-CY-YIMO-Q17#1,BJ-2025-CY-YIMO-Q17,BJ-2025-CY-YIMO,BJ-2025-CY-YIMO,17,主观题,1,小问,516d6affc24645d7,倾向,MAYBE,COLLECTED,MAYBE,MAYBE,MAYBE,MAYBE,MAYBE,MAYBE,COLLECTED,待裁决-证据未核实,待裁决-证据未核实候选,该题正式评分材料候选存在候选/存在冲突，未确认匹配，不下判,B1:rubric_unreadable_not_OUT;B3:rubric_unreadable_not_OUT;PH:rubric_unreadable_not_OUT;CU:rubric_unreadable_not_OUT;X1:rubric_unreadable_not_OUT;X2:rubric_unreadable_not_OUT,,,,,BJ-2025-CY-YIMO-Q17,2026-09-24-attribution-v3,classify.py:classified_prod.jsonl+matrix.csv+exam_identity.json+skill_overrides.json,no
BJ-2025-CY-YIMO-Q17#2,BJ-2025-CY-YIMO-Q17,BJ-2025-CY-YIMO,BJ-2025-CY-YIMO,17,主观题,2,小问,23f6062ca6310c02,不明,MAYBE,COLLECTED,MAYBE,MAYBE,MAYBE,MAYBE,MAYBE,MAYBE,COLLECTED,待裁决-证据未核实,待裁决-证据未核实候选,该题正式评分材料候选存在候选/存在冲突，未确认匹配，不下判,,,,,,BJ-2025-CY-YIMO-Q17,2026-09-24-attribution-v3,classify.py:classified_prod.jsonl+matrix.csv+exam_identity.json+skill_overrides.json,no
BJ-2025-CY-YIMO-Q19,BJ-2025-CY-YIMO-Q19,BJ-2025-CY-YIMO,BJ-2025-CY-YIMO,19,主观题,,整题,cbe8afba5d1deb59,不明,OUT,COLLECTED,MAYBE,MAYBE,OUT,OUT,COLLECTED,MAYBE,MAYBE,完整题-有E1,E1,逐题已匹配正式评分材料,,,,,,BJ-2025-CY-YIMO-Q19,2026-09-24-attribution-v3,classify.py:classified_prod.jsonl+matrix.csv+exam_identity.json+skill_overrides.json,no
BJ-2025-CY-YIMO-Q20,BJ-2025-CY-YIMO-Q20,BJ-2025-CY-YIMO,BJ-2025-CY-YIMO,20,主观题,,整题,bd748df8c353fa2f,倾向,MAYBE,MAYBE,MAYBE,MAYBE,MAYBE,COLLECTED,MAYBE,MAYBE,MAYBE,待裁决-证据未核实,待裁决-证据未核实候选,该题正式评分材料候选存在候选/存在冲突，未确认匹配，不下判,B1:rubric_unreadable_not_OUT;B3:rubric_unreadable_not_OUT;PH:rubric_unreadable_not_OUT;CU:rubric_unreadable_not_OUT;X2:rubric_unreadable_not_OUT;MI:rubric_unreadable_not_OUT;RE:rubric_unreadable_not_OUT,,,,,BJ-2025-CY-YIMO-Q20,2026-09-24-attribution-v3,classify.py:classified_prod.jsonl+matrix.csv+exam_identity.json+skill_overrides.json,no
BJ-2025-CY-YIMO-Q21,BJ-2025-CY-YIMO-Q21,BJ-2025-CY-YIMO,BJ-2025-CY-YIMO,21,主观题,,整题,d1894d28df529432,不明,MAYBE,COLLECTED,COLLECTED,COLLECTED,MAYBE,MAYBE,MAYBE,MAYBE,MAYBE,待裁决-证据未核实,待裁决-证据未核实候选,该题正式评分材料候选存在候选/存在冲突，未确认匹配，不下判,,,,,,BJ-2025-CY-YIMO-Q21,2026-09-24-attribution-v3,classify.py:classified_prod.jsonl+matrix.csv+exam_identity.json+skill_overrides.json,no
BJ-2025-CY-YIMO-Q18,BJ-2025-CY-YIMO-Q18,BJ-2025-CY-YIMO,BJ-2025-CY-YIMO,18,主观题,,整题,572d1f0c5366df80,不明,OUT,MAYBE,COLLECTED,MAYBE,OUT,MAYBE,MAYBE,MAYBE,MAYBE,完整题-有E1,E1,逐题已匹配正式评分材料,,,,,,BJ-2025-CY-YIMO-Q18,2026-09-24-attribution-v3,classify.py:classified_prod.jsonl+matrix.csv+exam_identity.json+skill_overrides.json,no
BJ-2025-HD-YIMO-Q1,BJ-2025-HD-YIMO-Q1,BJ-2025-HD-YIMO,BJ-2025-HD-YIMO,1,选择题,,整题,e520b29abced10f1,倾向,MAYBE,MAYBE,COLLECTED,MAYBE,COLLECTED,OUT,OUT,OUT,OUT,完整题-选择题照收,E1,逐题已匹配正式评分材料,,,,,,BJ-2025-HD-YIMO-Q1,2026-09-24-attribution-v3,classify.py:classified_prod.jsonl+matrix.csv+exam_identity.json+skill_overrides.json,no
BJ-2025-HD-YIMO-Q3,BJ-2025-HD-YIMO-Q3,BJ-2025-HD-YIMO,BJ-2025-HD-YIMO,3,选择题,,整题,0d5174f126bedf62,不明,OUT,MAYBE,MAYBE,COLLECTED,COLLECTED,MAYBE,OUT,MAYBE,MAYBE,完整题-选择题照收,E1,逐题已匹配正式评分材料,,,,,,BJ-2025-HD-YIMO-Q3,2026-09-24-attribution-v3,classify.py:classified_prod.jsonl+matrix.csv+exam_identity.json+skill_overrides.json,no
BJ-2025-HD-YIMO-Q17,BJ-2025-HD-YIMO-Q17,BJ-2025-HD-YIMO,BJ-2025-HD-YIMO,17,主观题,,整题,35a7f16e7784ea2b,不明,MAYBE,MAYBE,COLLECTED,MAYBE,MAYBE,MAYBE,MAYBE,MAYBE,MAYBE,待裁决-证据未核实,待裁决-证据未核实候选,该题正式评分材料候选存在候选/存在冲突，未确认匹配，不下判,,,,,,BJ-2025-HD-YIMO-Q17,2026-09-24-attribution-v3,classify.py:classified_prod.jsonl+matrix.csv+exam_identity.json+skill_overrides.json,no
BJ-2025-HD-YIMO-Q18,BJ-2025-HD-YIMO-Q18,BJ-2025-HD-YIMO,BJ-2025-HD-YIMO,18,主观题,,整题,812c6a6efd0a1e34,确定,MAYBE,MAYBE,MAYBE,MAYBE,MAYBE,MAYBE,COLLECTED,MAYBE,MAYBE,待裁决-证据未核实,待裁决-证据未核实候选,该题正式评分材料候选存在候选/存在冲突，未确认匹配，不下判,B1:rubric_unreadable_not_OUT;B2:rubric_unreadable_not_OUT;B3:rubric_unreadable_not_OUT;PH:rubric_unreadable_not_OUT;CU:rubric_unreadable_not_OUT;X1:rubric_unreadable_not_OUT;MI:rubric_unreadable_not_OUT;RE:rubric_unreadable_not_OUT,,,,,BJ-2025-HD-YIMO-Q18,2026-09-24-attribution-v3,classify.py:classified_prod.jsonl+matrix.csv+exam_identity.json+skill_overrides.json,no
BJ-2025-HD-YIMO-Q19,BJ-2025-HD-YIMO-Q19,BJ-2025-HD-YIMO,BJ-2025-HD-YIMO,19,主观题,,整题,286c501f59075c48,不明,MAYBE,MAYBE,COLLECTED,MAYBE,MAYBE,MAYBE,MAYBE,MAYBE,MAYBE,待裁决-证据未核实,待裁决-证据未核实候选,该题正式评分材料候选存在候选/存在冲突，未确认匹配，不下判,,,,,,BJ-2025-HD-YIMO-Q19,2026-09-24-attribution-v3,classify.py:classified_prod.jsonl+matrix.csv+exam_identity.json+skill_overrides.json,no
BJ-2025-HD-YIMO-Q2,BJ-2025-HD-YIMO-Q2,BJ-2025-HD-YIMO,BJ-2025-HD-YIMO,2,选择题,,整题,9c491e5910a1a89f,不明,OUT,MAYBE,MAYBE,COLLECTED,COLLECTED,MAYBE,MAYBE,MAYBE,MAYBE,完整题-选择题照收,答案键来源未核实(候选未确认),该题正式评分材料候选存在候选/存在冲突，未确认匹配，不下判,,,,,,BJ-2025-HD-YIMO-Q2,2026-09-24-attribution-v3,classify.py:classified_prod.jsonl+matrix.csv+exam_identity.json+skill_overrides.json,no
BJ-2025-HD-YIMO-Q20,BJ-2025-HD-YIMO-Q20,BJ-2025-HD-YIMO,BJ-2025-HD-YIMO,20,主观题,,整题,e866771b31aa60fd,不明,MAYBE,COLLECTED,COLLECTED,MAYBE,MAYBE,MAYBE,MAYBE,MAYBE,MAYBE,待裁决-证据未核实,待裁决-证据未核实候选,该题正式评分材料候选存在候选/存在冲突，未确认匹配，不下判,,,,,,BJ-2025-HD-YIMO-Q20,2026-09-24-attribution-v3,classify.py:classified_prod.jsonl+matrix.csv+exam_identity.json+skill_overrides.json,no
BJ-2025-HD-YIMO-Q21#1,BJ-2025-HD-YIMO-Q21,BJ-2025-HD-YIMO,BJ-2025-HD-YIMO,21,主观题,1,小问,e16ed96b42e02ac6,不明,MAYBE,MAYBE,MAYBE,MAYBE,MAYBE,COLLECTED,MAYBE,MAYBE,COLLECTED,待裁决-证据未核实,待裁决-证据未核实候选,该题正式评分材料候选存在候选/存在冲突，未确认匹配，不下判,,,,,,BJ-2025-HD-YIMO-Q21,2026-09-24-attribution-v3,classify.py:classified_prod.jsonl+matrix.csv+exam_identity.json+skill_overrides.json,no
BJ-2025-HD-YIMO-Q21#2,BJ-2025-HD-YIMO-Q21,BJ-2025-HD-YIMO,BJ-2025-HD-YIMO,21,主观题,2,小问,20f037a02c8fc879,不明,MAYBE,MAYBE,MAYBE,MAYBE,MAYBE,COLLECTED,MAYBE,MAYBE,COLLECTED,待裁决-证据未核实,待裁决-证据未核实候选,该题正式评分材料候选存在候选/存在冲突，未确认匹配，不下判,,,,,,BJ-2025-HD-YIMO-Q21,2026-09-24-attribution-v3,classify.py:classified_prod.jsonl+matrix.csv+exam_identity.json+skill_overrides.json,no
BJ-2025-HD-YIMO-Q22,BJ-2025-HD-YIMO-Q22,BJ-2025-HD-YIMO,BJ-2025-HD-YIMO,22,主观题,,整题,4c6ef713cc837935,不明,MAYBE,COLLECTED,MAYBE,COLLECTED,MAYBE,MAYBE,MAYBE,MAYBE,MAYBE,待裁决-证据未核实,待裁决-证据未核实候选,该题正式评分材料候选存在候选/存在冲突，未确认匹配，不下判,,,,,,BJ-2025-HD-YIMO-Q22,2026-09-24-attribution-v3,classify.py:classified_prod.jsonl+matrix.csv+exam_identity.json+skill_overrides.json,no
BJ-2025-HD-YIMO-Q16,BJ-2025-HD-YIMO-Q16,BJ-2025-HD-YIMO,BJ-2025-HD-YIMO,16,主观题,,整题,39f1d901c543dc94,确定,MAYBE,MAYBE,MAYBE,COLLECTED,MAYBE,MAYBE,MAYBE,MAYBE,MAYBE,待裁决-证据未核实,待裁决-证据未核实候选,该题正式评分材料候选存在候选/存在冲突，未确认匹配，不下判,B1:rubric_unreadable_not_OUT;B2:rubric_unreadable_not_OUT;B3:rubric_unreadable_not_OUT;CU:rubric_unreadable_not_OUT;X1:rubric_unreadable_not_OUT;X2:rubric_unreadable_not_OUT;MI:rubric_unreadable_not_OUT;RE:rubric_unreadable_not_OUT,,,,,BJ-2025-HD-YIMO-Q16,2026-09-24-attribution-v3,classify.py:classified_prod.jsonl+matrix.csv+exam_identity.json+skill_overrides.json,no
BJ-2025-HD-YIMO-Q4,BJ-2025-HD-YIMO-Q4,BJ-2025-HD-YIMO,BJ-2025-HD-YIMO,4,选择题,,整题,7a4c1a50c23cdd00,不明,OUT,MAYBE,MAYBE,COLLECTED,MAYBE,OUT,OUT,MAYBE,MAYBE,完整题-选择题照收,答案键来源未核实(候选未确认),该题正式评分材料候选存在候选/存在冲突，未确认匹配，不下判,,,,,,BJ-2025-HD-YIMO-Q4,2026-09-24-attribution-v3,classify.py:classified_prod.jsonl+matrix.csv+exam_identity.json+skill_overrides.json,no
BJ-2025-HD-YIMO-Q5,BJ-2025-HD-YIMO-Q5,BJ-2025-HD-YIMO,BJ-2025-HD-YIMO,5,选择题,,整题,72f146428ab66687,不明,OUT,MAYBE,MAYBE,COLLECTED,MAYBE,OUT,OUT,MAYBE,COLLECTED,完整题-选择题照收,答案键来源未核实(候选未确认),该题正式评分材料候选存在候选/存在冲突，未确认匹配，不下判,,,,,,BJ-2025-HD-YIMO-Q5,2026-09-24-attribution-v3,classify.py:classified_prod.jsonl+matrix.csv+exam_identity.json+skill_overrides.json,no
BJ-2025-HD-YIMO-Q6,BJ-2025-HD-YIMO-Q6,BJ-2025-HD-YIMO,BJ-2025-HD-YIMO,6,选择题,,整题,a37406b2dc8522d0,不明,OUT,MAYBE,MAYBE,MAYBE,MAYBE,OUT,OUT,COLLECTED,MAYBE,完整题-选择题照收,答案键来源未核实(候选未确认),该题正式评分材料候选存在候选/存在冲突，未确认匹配，不下判,,,,,,BJ-2025-HD-YIMO-Q6,2026-09-24-attribution-v3,classify.py:classified_prod.jsonl+matrix.csv+exam_identity.json+skill_overrides.json,no
BJ-2025-HD-YIMO-Q7,BJ-2025-HD-YIMO-Q7,BJ-2025-HD-YIMO,BJ-2025-HD-YIMO,7,选择题,,整题,73cb779e248d0410,不明,OUT,MAYBE,COLLECTED,MAYBE,MAYBE,OUT,MAYBE,MAYBE,MAYBE,完整题-选择题照收,答案键来源未核实(候选未确认),该题正式评分材料候选存在候选/存在冲突，未确认匹配，不下判,,,,,,BJ-2025-HD-YIMO-Q7,2026-09-24-attribution-v3,classify.py:classified_prod.jsonl+matrix.csv+exam_identity.json+skill_overrides.json,no
BJ-2025-HD-YIMO-Q8,BJ-2025-HD-YIMO-Q8,BJ-2025-HD-YIMO,BJ-2025-HD-YIMO,8,选择题,,整题,34924072b6718e6f,倾向,OUT,MAYBE,COLLECTED,MAYBE,OUT,OUT,MAYBE,OUT,OUT,完整题-选择题照收,答案键来源未核实(候选未确认),该题正式评分材料候选存在候选/存在冲突，未确认匹配，不下判,,,,,,BJ-2025-HD-YIMO-Q8,2026-09-24-attribution-v3,classify.py:classified_prod.jsonl+matrix.csv+exam_identity.json+skill_overrides.json,no
BJ-2025-HD-YIMO-Q9,BJ-2025-HD-YIMO-Q9,BJ-2025-HD-YIMO,BJ-2025-HD-YIMO,9,选择题,,整题,9d00be120b9a0246,不明,OUT,MAYBE,COLLECTED,MAYBE,MAYBE,OUT,MAYBE,OUT,OUT,完整题-选择题照收,答案键来源未核实(候选未确认),该题正式评分材料候选存在候选/存在冲突，未确认匹配，不下判,,,,,,BJ-2025-HD-YIMO-Q9,2026-09-24-attribution-v3,classify.py:classified_prod.jsonl+matrix.csv+exam_identity.json+skill_overrides.json,no
BJ-2025-HD-YIMO-Q10,BJ-2025-HD-YIMO-Q10,BJ-2025-HD-YIMO,BJ-2025-HD-YIMO,10,选择题,,整题,c1241d28d566e0f4,倾向,OUT,MAYBE,COLLECTED,OUT,OUT,OUT,COLLECTED,OUT,OUT,完整题-选择题照收,答案键来源未核实(候选未确认),该题正式评分材料候选存在候选/存在冲突，未确认匹配，不下判,,,,,,BJ-2025-HD-YIMO-Q10,2026-09-24-attribution-v3,classify.py:classified_prod.jsonl+matrix.csv+exam_identity.json+skill_overrides.json,no
BJ-2025-HD-YIMO-Q11,BJ-2025-HD-YIMO-Q11,BJ-2025-HD-YIMO,BJ-2025-HD-YIMO,11,选择题,,整题,12232ed5db78ca23,倾向,OUT,MAYBE,MAYBE,OUT,OUT,OUT,IN,OUT,OUT,完整题-选择题照收,答案键来源未核实(候选未确认),该题正式评分材料候选存在候选/存在冲突，未确认匹配，不下判,,,,,,BJ-2025-HD-YIMO-Q11,2026-09-24-attribution-v3,classify.py:classified_prod.jsonl+matrix.csv+exam_identity.json+skill_overrides.json,no
BJ-2025-HD-YIMO-Q12,BJ-2025-HD-YIMO-Q12,BJ-2025-HD-YIMO,BJ-2025-HD-YIMO,12,选择题,,整题,daff4720f1f59569,不明,OUT,COLLECTED,MAYBE,OUT,OUT,OUT,MAYBE,MAYBE,MAYBE,完整题-选择题照收,答案键来源未核实(候选未确认),该题正式评分材料候选存在候选/存在冲突，未确认匹配，不下判,,,,,,BJ-2025-HD-YIMO-Q12,2026-09-24-attribution-v3,classify.py:classified_prod.jsonl+matrix.csv+exam_identity.json+skill_overrides.json,no
BJ-2025-HD-YIMO-Q13,BJ-2025-HD-YIMO-Q13,BJ-2025-HD-YIMO,BJ-2025-HD-YIMO,13,选择题,,整题,4bc1bbec582d5322,倾向,OUT,COLLECTED,COLLECTED,OUT,OUT,COLLECTED,OUT,MAYBE,MAYBE,完整题-选择题照收,答案键来源未核实(候选未确认),该题正式评分材料候选存在候选/存在冲突，未确认匹配，不下判,,,,,,BJ-2025-HD-YIMO-Q13,2026-09-24-attribution-v3,classify.py:classified_prod.jsonl+matrix.csv+exam_identity.json+skill_overrides.json,no
BJ-2025-HD-YIMO-Q14,BJ-2025-HD-YIMO-Q14,BJ-2025-HD-YIMO,BJ-2025-HD-YIMO,14,选择题,,整题,86a8589fa92be0c1,不明,MAYBE,MAYBE,MAYBE,OUT,OUT,COLLECTED,OUT,MAYBE,MAYBE,完整题-选择题照收,答案键来源未核实(候选未确认),该题正式评分材料候选存在候选/存在冲突，未确认匹配，不下判,,,,,,BJ-2025-HD-YIMO-Q14,2026-09-24-attribution-v3,classify.py:classified_prod.jsonl+matrix.csv+exam_identity.json+skill_overrides.json,no
BJ-2025-HD-YIMO-Q15,BJ-2025-HD-YIMO-Q15,BJ-2025-HD-YIMO,BJ-2025-HD-YIMO,15,选择题,,整题,0fc0d880b6221cc2,不明,MAYBE,MAYBE,MAYBE,OUT,MAYBE,COLLECTED,OUT,OUT,OUT,完整题-选择题照收,答案键来源未核实(候选未确认),该题正式评分材料候选存在候选/存在冲突，未确认匹配，不下判,,,,,,BJ-2025-HD-YIMO-Q15,2026-09-24-attribution-v3,classify.py:classified_prod.jsonl+matrix.csv+exam_identity.json+skill_overrides.json,no
BJ-2025-SJS-YIMO-Q16,BJ-2025-SJS-YIMO-Q16,BJ-2025-SJS-YIMO,BJ-2025-SJS-YIMO,16,主观题,,整题,296f8cc8009a73e5,不明,OUT,MAYBE,MAYBE,COLLECTED,COLLECTED,MAYBE,MAYBE,MAYBE,MAYBE,完整题-有E1,E1,逐题已匹配正式评分材料,,,,,,BJ-2025-SJS-YIMO-Q16,2026-09-24-attribution-v3,classify.py:classified_prod.jsonl+matrix.csv+exam_identity.json+skill_overrides.json,no
BJ-2025-SJS-YIMO-Q18,BJ-2025-SJS-YIMO-Q18,BJ-2025-SJS-YIMO,BJ-2025-SJS-YIMO,18,主观题,,整题,ad1a05bac61b109b,不明,MAYBE,COLLECTED,MAYBE,MAYBE,OUT,OUT,MAYBE,MAYBE,MAYBE,完整题-有E1,E1,逐题已匹配正式评分材料,,,,,,BJ-2025-SJS-YIMO-Q18,2026-09-24-attribution-v3,classify.py:classified_prod.jsonl+matrix.csv+exam_identity.json+skill_overrides.json,no
BJ-2025-SJS-YIMO-Q20,BJ-2025-SJS-YIMO-Q20,BJ-2025-SJS-YIMO,BJ-2025-SJS-YIMO,20,主观题,,整题,5bb177cdec1cefdf,确定,OUT,COLLECTED,OUT,OUT,OUT,OUT,COLLECTED,OUT,OUT,完整题-有E1,E1,逐题已匹配正式评分材料,,,,,,BJ-2025-SJS-YIMO-Q20,2026-09-24-attribution-v3,classify.py:classified_prod.jsonl+matrix.csv+exam_identity.json+skill_overrides.json,no
BJ-2025-SJS-YIMO-Q21,BJ-2025-SJS-YIMO-Q21,BJ-2025-SJS-YIMO,BJ-2025-SJS-YIMO,21,主观题,,整题,af875d3f184971fd,倾向,MAYBE,OUT,COLLECTED,COLLECTED,OUT,OUT,MAYBE,OUT,MAYBE,完整题-有E1,E1,逐题已匹配正式评分材料,,,,,,BJ-2025-SJS-YIMO-Q21,2026-09-24-attribution-v3,classify.py:classified_prod.jsonl+matrix.csv+exam_identity.json+skill_overrides.json,no
BJ-2025-SJS-YIMO-Q1,BJ-2025-SJS-YIMO-Q1,BJ-2025-SJS-YIMO,BJ-2025-SJS-YIMO,1,选择题,,整题,2c561a2514463edb,不明,MAYBE,MAYBE,MAYBE,MAYBE,MAYBE,OUT,MAYBE,OUT,OUT,完整题-选择题照收,答案键来源未核实(候选未确认),该题正式评分材料候选存在候选/存在冲突，未确认匹配，不下判,,,,,,BJ-2025-SJS-YIMO-Q1,2026-09-24-attribution-v3,classify.py:classified_prod.jsonl+matrix.csv+exam_identity.json+skill_overrides.json,no
BJ-2025-SJS-YIMO-Q2,BJ-2025-SJS-YIMO-Q2,BJ-2025-SJS-YIMO,BJ-2025-SJS-YIMO,2,选择题,,整题,e8884f00a30f5f2e,不明,OUT,MAYBE,MAYBE,COLLECTED,COLLECTED,MAYBE,OUT,OUT,MAYBE,完整题-选择题照收,答案键来源未核实(候选未确认),该题正式评分材料候选存在候选/存在冲突，未确认匹配，不下判,,,,,,BJ-2025-SJS-YIMO-Q2,2026-09-24-attribution-v3,classify.py:classified_prod.jsonl+matrix.csv+exam_identity.json+skill_overrides.json,no
BJ-2025-SJS-YIMO-Q3,BJ-2025-SJS-YIMO-Q3,BJ-2025-SJS-YIMO,BJ-2025-SJS-YIMO,3,选择题,,整题,00ee7b6774a21541,不明,MAYBE,MAYBE,MAYBE,COLLECTED,MAYBE,MAYBE,MAYBE,MAYBE,MAYBE,完整题-选择题照收,答案键来源未核实(候选未确认),该题正式评分材料候选存在候选/存在冲突，未确认匹配，不下判,,,,,,BJ-2025-SJS-YIMO-Q3,2026-09-24-attribution-v3,classify.py:classified_prod.jsonl+matrix.csv+exam_identity.json+skill_overrides.json,no
BJ-2025-SJS-YIMO-Q4,BJ-2025-SJS-YIMO-Q4,BJ-2025-SJS-YIMO,BJ-2025-SJS-YIMO,4,选择题,,整题,f43d65bc1fcfb59f,不明,MAYBE,MAYBE,COLLECTED,COLLECTED,MAYBE,OUT,OUT,MAYBE,MAYBE,完整题-选择题照收,答案键来源未核实(候选未确认),该题正式评分材料候选存在候选/存在冲突，未确认匹配，不下判,,,,,,BJ-2025-SJS-YIMO-Q4,2026-09-24-attribution-v3,classify.py:classified_prod.jsonl+matrix.csv+exam_identity.json+skill_overrides.json,no
BJ-2025-SJS-YIMO-Q5,BJ-2025-SJS-YIMO-Q5,BJ-2025-SJS-YIMO,BJ-2025-SJS-YIMO,5,选择题,,整题,2beef62468b4d357,不明,OUT,MAYBE,MAYBE,COLLECTED,MAYBE,OUT,OUT,MAYBE,COLLECTED,完整题-选择题照收,答案键来源未核实(候选未确认),该题正式评分材料候选存在候选/存在冲突，未确认匹配，不下判,,,,,,BJ-2025-SJS-YIMO-Q5,2026-09-24-attribution-v3,classify.py:classified_prod.jsonl+matrix.csv+exam_identity.json+skill_overrides.json,no
BJ-2025-SJS-YIMO-Q6,BJ-2025-SJS-YIMO-Q6,BJ-2025-SJS-YIMO,BJ-2025-SJS-YIMO,6,选择题,,整题,66d290c4a2d54594,不明,OUT,MAYBE,MAYBE,MAYBE,MAYBE,OUT,OUT,MAYBE,COLLECTED,完整题-选择题照收,答案键来源未核实(候选未确认),该题正式评分材料候选存在候选/存在冲突，未确认匹配，不下判,,,,,,BJ-2025-SJS-YIMO-Q6,2026-09-24-attribution-v3,classify.py:classified_prod.jsonl+matrix.csv+exam_identity.json+skill_overrides.json,no
BJ-2025-SJS-YIMO-Q7,BJ-2025-SJS-YIMO-Q7,BJ-2025-SJS-YIMO,BJ-2025-SJS-YIMO,7,选择题,,整题,4d99d0848e448a94,不明,OUT,MAYBE,MAYBE,MAYBE,MAYBE,OUT,OUT,MAYBE,MAYBE,完整题-选择题照收,答案键来源未核实(候选未确认),该题正式评分材料候选存在候选/存在冲突，未确认匹配，不下判,,,,,,BJ-2025-SJS-YIMO-Q7,2026-09-24-attribution-v3,classify.py:classified_prod.jsonl+matrix.csv+exam_identity.json+skill_overrides.json,no
BJ-2025-SJS-YIMO-Q8,BJ-2025-SJS-YIMO-Q8,BJ-2025-SJS-YIMO,BJ-2025-SJS-YIMO,8,选择题,,整题,ed43ac7559c0a873,倾向,MAYBE,MAYBE,COLLECTED,MAYBE,COLLECTED,OUT,OUT,OUT,OUT,完整题-选择题照收,答案键来源未核实(候选未确认),该题正式评分材料候选存在候选/存在冲突，未确认匹配，不下判,,,,CU,,BJ-2025-SJS-YIMO-Q8,2026-09-24-attribution-v3,classify.py:classified_prod.jsonl+matrix.csv+exam_identity.json+skill_overrides.json,no
BJ-2025-SJS-YIMO-Q9,BJ-2025-SJS-YIMO-Q9,BJ-2025-SJS-YIMO,BJ-2025-SJS-YIMO,9,选择题,,整题,731514ba4fad4f2e,不明,OUT,MAYBE,COLLECTED,MAYBE,MAYBE,OUT,MAYBE,OUT,OUT,完整题-选择题照收,答案键来源未核实(候选未确认),该题正式评分材料候选存在候选/存在冲突，未确认匹配，不下判,,,,,,BJ-2025-SJS-YIMO-Q9,2026-09-24-attribution-v3,classify.py:classified_prod.jsonl+matrix.csv+exam_identity.json+skill_overrides.json,no
BJ-2025-SJS-YIMO-Q10,BJ-2025-SJS-YIMO-Q10,BJ-2025-SJS-YIMO,BJ-2025-SJS-YIMO,10,选择题,,整题,f17c3fe081eb42d0,倾向,OUT,COLLECTED,MAYBE,COLLECTED,OUT,OUT,MAYBE,OUT,OUT,完整题-选择题照收,答案键来源未核实(候选未确认),该题正式评分材料候选存在候选/存在冲突，未确认匹配，不下判,,,,,,BJ-2025-SJS-YIMO-Q10,2026-09-24-attribution-v3,classify.py:classified_prod.jsonl+matrix.csv+exam_identity.json+skill_overrides.json,no
BJ-2025-SJS-YIMO-Q11,BJ-2025-SJS-YIMO-Q11,BJ-2025-SJS-YIMO,BJ-2025-SJS-YIMO,11,选择题,,整题,8291bb70176a6a6b,倾向,OUT,MAYBE,MAYBE,OUT,OUT,OUT,COLLECTED,OUT,OUT,完整题-选择题照收,答案键来源未核实(候选未确认),该题正式评分材料候选存在候选/存在冲突，未确认匹配，不下判,,,,,,BJ-2025-SJS-YIMO-Q11,2026-09-24-attribution-v3,classify.py:classified_prod.jsonl+matrix.csv+exam_identity.json+skill_overrides.json,no
BJ-2025-SJS-YIMO-Q12,BJ-2025-SJS-YIMO-Q12,BJ-2025-SJS-YIMO,BJ-2025-SJS-YIMO,12,选择题,,整题,cd7bf764ba5b0c81,倾向,OUT,COLLECTED,COLLECTED,OUT,OUT,OUT,MAYBE,MAYBE,MAYBE,完整题-选择题照收,答案键来源未核实(候选未确认),该题正式评分材料候选存在候选/存在冲突，未确认匹配，不下判,,,,,,BJ-2025-SJS-YIMO-Q12,2026-09-24-attribution-v3,classify.py:classified_prod.jsonl+matrix.csv+exam_identity.json+skill_overrides.json,no
BJ-2025-SJS-YIMO-Q13,BJ-2025-SJS-YIMO-Q13,BJ-2025-SJS-YIMO,BJ-2025-SJS-YIMO,13,选择题,,整题,a0cdf7daa9d07c51,倾向,OUT,COLLECTED,MAYBE,OUT,OUT,OUT,OUT,MAYBE,MAYBE,完整题-选择题照收,答案键来源未核实(候选未确认),该题正式评分材料候选存在候选/存在冲突，未确认匹配，不下判,,,,,,BJ-2025-SJS-YIMO-Q13,2026-09-24-attribution-v3,classify.py:classified_prod.jsonl+matrix.csv+exam_identity.json+skill_overrides.json,no
BJ-2025-SJS-YIMO-Q14,BJ-2025-SJS-YIMO-Q14,BJ-2025-SJS-YIMO,BJ-2025-SJS-YIMO,14,选择题,,整题,d9f5f5a9cf868a1a,不明,MAYBE,COLLECTED,MAYBE,OUT,OUT,COLLECTED,OUT,MAYBE,MAYBE,完整题-选择题照收,答案键来源未核实(候选未确认),该题正式评分材料候选存在候选/存在冲突，未确认匹配，不下判,,,,,,BJ-2025-SJS-YIMO-Q14,2026-09-24-attribution-v3,classify.py:classified_prod.jsonl+matrix.csv+exam_identity.json+skill_overrides.json,no
BJ-2025-SJS-YIMO-Q15,BJ-2025-SJS-YIMO-Q15,BJ-2025-SJS-YIMO,BJ-2025-SJS-YIMO,15,选择题,,整题,6b8b64a2c540191c,不明,MAYBE,MAYBE,MAYBE,OUT,MAYBE,COLLECTED,OUT,OUT,OUT,完整题-选择题照收,答案键来源未核实(候选未确认),该题正式评分材料候选存在候选/存在冲突，未确认匹配，不下判,,,,,,BJ-2025-SJS-YIMO-Q15,2026-09-24-attribution-v3,classify.py:classified_prod.jsonl+matrix.csv+exam_identity.json+skill_overrides.json,no
BJ-2025-SJS-YIMO-Q17,BJ-2025-SJS-YIMO-Q17,BJ-2025-SJS-YIMO,BJ-2025-SJS-YIMO,17,主观题,,整题,ec61e43da9d78616,确定,MAYBE,COLLECTED,COLLECTED,MAYBE,MAYBE,COLLECTED,MAYBE,MAYBE,MAYBE,待裁决-证据未核实,待裁决-证据未核实候选,该题正式评分材料候选存在候选/存在冲突，未确认匹配，不下判,B1:rubric_unreadable_not_OUT;PH:rubric_unreadable_not_OUT;CU:rubric_unreadable_not_OUT;X2:rubric_unreadable_not_OUT;MI:rubric_unreadable_not_OUT;RE:rubric_unreadable_not_OUT,,,B2;B3,,BJ-2025-SJS-YIMO-Q17,2026-09-24-attribution-v3,classify.py:classified_prod.jsonl+matrix.csv+exam_identity.json+skill_overrides.json,no
BJ-2025-SJS-YIMO-Q19,BJ-2025-SJS-YIMO-Q19,BJ-2025-SJS-YIMO,BJ-2025-SJS-YIMO,19,主观题,,整题,a61ddf88cc18c2a3,确定,MAYBE,MAYBE,MAYBE,MAYBE,MAYBE,MAYBE,MAYBE,COLLECTED,COLLECTED,待裁决-证据未核实,待裁决-证据未核实候选,该题正式评分材料候选存在候选/存在冲突，未确认匹配，不下判,B1:rubric_unreadable_not_OUT;B2:rubric_unreadable_not_OUT;B3:rubric_unreadable_not_OUT;PH:rubric_unreadable_not_OUT;CU:rubric_unreadable_not_OUT;X1:rubric_unreadable_not_OUT;X2:rubric_unreadable_not_OUT,,,,,BJ-2025-SJS-YIMO-Q19,2026-09-24-attribution-v3,classify.py:classified_prod.jsonl+matrix.csv+exam_identity.json+skill_overrides.json,no
BJ-2025-XC-YIMO-Q16,BJ-2025-XC-YIMO-Q16,BJ-2025-XC-YIMO,BJ-2025-XC-YIMO,16,主观题,,整题,e3e54c83e5632419,倾向,OUT,MAYBE,OUT,COLLECTED,COLLECTED,OUT,MAYBE,OUT,MAYBE,完整题-有E1,E1,逐题已匹配正式评分材料,,,,,,BJ-2025-XC-YIMO-Q16,2026-09-24-attribution-v3,classify.py:classified_prod.jsonl+matrix.csv+exam_identity.json+skill_overrides.json,no
BJ-2025-XC-YIMO-Q17,BJ-2025-XC-YIMO-Q17,BJ-2025-XC-YIMO,BJ-2025-XC-YIMO,17,主观题,,整题,b77ea214dd4e615a,不明,OUT,MAYBE,OUT,MAYBE,OUT,OUT,MAYBE,COLLECTED,MAYBE,完整题-有E1,E1,逐题已匹配正式评分材料,,,,,,BJ-2025-XC-YIMO-Q17,2026-09-24-attribution-v3,classify.py:classified_prod.jsonl+matrix.csv+exam_identity.json+skill_overrides.json,no
BJ-2025-XC-YIMO-Q18,BJ-2025-XC-YIMO-Q18,BJ-2025-XC-YIMO,BJ-2025-XC-YIMO,18,主观题,,整题,72a65ea41fb2c694,倾向,OUT,COLLECTED,OUT,MAYBE,OUT,MAYBE,MAYBE,OUT,OUT,完整题-有E1,E1,逐题已匹配正式评分材料,,,,,,BJ-2025-XC-YIMO-Q18,2026-09-24-attribution-v3,classify.py:classified_prod.jsonl+matrix.csv+exam_identity.json+skill_overrides.json,no
BJ-2025-XC-YIMO-Q19,BJ-2025-XC-YIMO-Q19,BJ-2025-XC-YIMO,BJ-2025-XC-YIMO,19,主观题,,整题,0f34bfbb22db071b,倾向,OUT,COLLECTED,COLLECTED,MAYBE,OUT,MAYBE,MAYBE,OUT,OUT,完整题-有E1,E1,逐题已匹配正式评分材料,,,,,,BJ-2025-XC-YIMO-Q19,2026-09-24-attribution-v3,classify.py:classified_prod.jsonl+matrix.csv+exam_identity.json+skill_overrides.json,no
BJ-2025-XC-YIMO-Q20,BJ-2025-XC-YIMO-Q20,BJ-2025-XC-YIMO,BJ-2025-XC-YIMO,20,主观题,,整题,64f854b3d8eba283,不明,MAYBE,COLLECTED,MAYBE,MAYBE,MAYBE,MAYBE,COLLECTED,MAYBE,MAYBE,完整题-有E1,E1,逐题已匹配正式评分材料,,,,,,BJ-2025-XC-YIMO-Q20,2026-09-24-attribution-v3,classify.py:classified_prod.jsonl+matrix.csv+exam_identity.json+skill_overrides.json,no
BJ-2025-XC-YIMO-Q21#1,BJ-2025-XC-YIMO-Q21,BJ-2025-XC-YIMO,BJ-2025-XC-YIMO,21,主观题,1,小问,5a59904d419ac2a0,不明,MAYBE,COLLECTED,MAYBE,MAYBE,MAYBE,COLLECTED,MAYBE,MAYBE,MAYBE,完整题-有E1,E1,逐题已匹配正式评分材料,,,,,,BJ-2025-XC-YIMO-Q21,2026-09-24-attribution-v3,classify.py:classified_prod.jsonl+matrix.csv+exam_identity.json+skill_overrides.json,no
BJ-2025-XC-YIMO-Q21#2,BJ-2025-XC-YIMO-Q21,BJ-2025-XC-YIMO,BJ-2025-XC-YIMO,21,主观题,2,小问,a3dc5c0000a77dc2,不明,OUT,COLLECTED,MAYBE,OUT,OUT,COLLECTED,MAYBE,OUT,MAYBE,完整题-有E1,E1,逐题已匹配正式评分材料,,,,,,BJ-2025-XC-YIMO-Q21,2026-09-24-attribution-v3,classify.py:classified_prod.jsonl+matrix.csv+exam_identity.json+skill_overrides.json,no
BJ-2025-XC-YIMO-Q22,BJ-2025-XC-YIMO-Q22,BJ-2025-XC-YIMO,BJ-2025-XC-YIMO,22,主观题,,整题,b7df571e442c38d5,不明,MAYBE,MAYBE,COLLECTED,COLLECTED,COLLECTED,MAYBE,MAYBE,MAYBE,MAYBE,完整题-有E1,E1,逐题已匹配正式评分材料,,,,,,BJ-2025-XC-YIMO-Q22,2026-09-24-attribution-v3,classify.py:classified_prod.jsonl+matrix.csv+exam_identity.json+skill_overrides.json,no
BJ-2025-XC-YIMO-Q1,BJ-2025-XC-YIMO-Q1,BJ-2025-XC-YIMO,BJ-2025-XC-YIMO,1,选择题,,整题,39728f8ce4c2ea61,倾向,MAYBE,COLLECTED,COLLECTED,COLLECTED,MAYBE,OUT,OUT,OUT,OUT,完整题-选择题照收,答案键来源未核实(候选未确认),该题正式评分材料候选存在候选/存在冲突，未确认匹配，不下判,,,,,,BJ-2025-XC-YIMO-Q1,2026-09-24-attribution-v3,classify.py:classified_prod.jsonl+matrix.csv+exam_identity.json+skill_overrides.json,no
BJ-2025-XC-YIMO-Q2,BJ-2025-XC-YIMO-Q2,BJ-2025-XC-YIMO,BJ-2025-XC-YIMO,2,选择题,,整题,66a3eb8a8fe60224,不明,OUT,MAYBE,MAYBE,MAYBE,COLLECTED,OUT,OUT,OUT,MAYBE,完整题-选择题照收,答案键来源未核实(候选未确认),该题正式评分材料候选存在候选/存在冲突，未确认匹配，不下判,,,,,,BJ-2025-XC-YIMO-Q2,2026-09-24-attribution-v3,classify.py:classified_prod.jsonl+matrix.csv+exam_identity.json+skill_overrides.json,no
BJ-2025-XC-YIMO-Q3,BJ-2025-XC-YIMO-Q3,BJ-2025-XC-YIMO,BJ-2025-XC-YIMO,3,选择题,,整题,a48a9e56b6968ce7,不明,OUT,MAYBE,MAYBE,COLLECTED,MAYBE,OUT,OUT,MAYBE,MAYBE,完整题-选择题照收,答案键来源未核实(候选未确认),该题正式评分材料候选存在候选/存在冲突，未确认匹配，不下判,,,,,,BJ-2025-XC-YIMO-Q3,2026-09-24-attribution-v3,classify.py:classified_prod.jsonl+matrix.csv+exam_identity.json+skill_overrides.json,no
BJ-2025-XC-YIMO-Q4,BJ-2025-XC-YIMO-Q4,BJ-2025-XC-YIMO,BJ-2025-XC-YIMO,4,选择题,,整题,3ac5df2c068f0d39,不明,OUT,COLLECTED,MAYBE,COLLECTED,MAYBE,OUT,OUT,MAYBE,MAYBE,完整题-选择题照收,答案键来源未核实(候选未确认),该题正式评分材料候选存在候选/存在冲突，未确认匹配，不下判,,,,,,BJ-2025-XC-YIMO-Q4,2026-09-24-attribution-v3,classify.py:classified_prod.jsonl+matrix.csv+exam_identity.json+skill_overrides.json,no
BJ-2025-XC-YIMO-Q5,BJ-2025-XC-YIMO-Q5,BJ-2025-XC-YIMO,BJ-2025-XC-YIMO,5,选择题,,整题,ea0bd452aa64aad7,不明,OUT,MAYBE,MAYBE,COLLECTED,MAYBE,OUT,OUT,MAYBE,COLLECTED,完整题-选择题照收,答案键来源未核实(候选未确认),该题正式评分材料候选存在候选/存在冲突，未确认匹配，不下判,,,,,,BJ-2025-XC-YIMO-Q5,2026-09-24-attribution-v3,classify.py:classified_prod.jsonl+matrix.csv+exam_identity.json+skill_overrides.json,no
BJ-2025-XC-YIMO-Q6,BJ-2025-XC-YIMO-Q6,BJ-2025-XC-YIMO,BJ-2025-XC-YIMO,6,选择题,,整题,6a82db230543e375,不明,OUT,MAYBE,MAYBE,MAYBE,MAYBE,MAYBE,OUT,MAYBE,COLLECTED,完整题-选择题照收,答案键来源未核实(候选未确认),该题正式评分材料候选存在候选/存在冲突，未确认匹配，不下判,,,,,,BJ-2025-XC-YIMO-Q6,2026-09-24-attribution-v3,classify.py:classified_prod.jsonl+matrix.csv+exam_identity.json+skill_overrides.json,no
BJ-2025-XC-YIMO-Q7,BJ-2025-XC-YIMO-Q7,BJ-2025-XC-YIMO,BJ-2025-XC-YIMO,7,选择题,,整题,54dfda71fcfa1418,不明,OUT,MAYBE,MAYBE,COLLECTED,MAYBE,OUT,OUT,COLLECTED,MAYBE,完整题-选择题照收,答案键来源未核实(候选未确认),该题正式评分材料候选存在候选/存在冲突，未确认匹配，不下判,,,,,,BJ-2025-XC-YIMO-Q7,2026-09-24-attribution-v3,classify.py:classified_prod.jsonl+matrix.csv+exam_identity.json+skill_overrides.json,no
BJ-2025-XC-YIMO-Q8,BJ-2025-XC-YIMO-Q8,BJ-2025-XC-YIMO,BJ-2025-XC-YIMO,8,选择题,,整题,ad7a2a48d29d10b0,倾向,OUT,MAYBE,COLLECTED,MAYBE,OUT,OUT,OUT,OUT,OUT,完整题-选择题照收,答案键来源未核实(候选未确认),该题正式评分材料候选存在候选/存在冲突，未确认匹配，不下判,,,,,,BJ-2025-XC-YIMO-Q8,2026-09-24-attribution-v3,classify.py:classified_prod.jsonl+matrix.csv+exam_identity.json+skill_overrides.json,no
BJ-2025-XC-YIMO-Q9,BJ-2025-XC-YIMO-Q9,BJ-2025-XC-YIMO,BJ-2025-XC-YIMO,9,选择题,,整题,d8560fac24f58fc8,不明,OUT,MAYBE,COLLECTED,MAYBE,MAYBE,OUT,MAYBE,OUT,OUT,完整题-选择题照收,答案键来源未核实(候选未确认),该题正式评分材料候选存在候选/存在冲突，未确认匹配，不下判,,,,,,BJ-2025-XC-YIMO-Q9,2026-09-24-attribution-v3,classify.py:classified_prod.jsonl+matrix.csv+exam_identity.json+skill_overrides.json,no
BJ-2025-XC-YIMO-Q10,BJ-2025-XC-YIMO-Q10,BJ-2025-XC-YIMO,BJ-2025-XC-YIMO,10,选择题,,整题,8ffeb9cae66ef6e6,倾向,OUT,MAYBE,MAYBE,OUT,OUT,OUT,COLLECTED,OUT,OUT,完整题-选择题照收,答案键来源未核实(候选未确认),该题正式评分材料候选存在候选/存在冲突，未确认匹配，不下判,,,,,,BJ-2025-XC-YIMO-Q10,2026-09-24-attribution-v3,classify.py:classified_prod.jsonl+matrix.csv+exam_identity.json+skill_overrides.json,no
BJ-2025-XC-YIMO-Q11,BJ-2025-XC-YIMO-Q11,BJ-2025-XC-YIMO,BJ-2025-XC-YIMO,11,选择题,,整题,8aac44b8c07d3a47,倾向,OUT,MAYBE,MAYBE,OUT,OUT,OUT,COLLECTED,OUT,OUT,完整题-选择题照收,答案键来源未核实(候选未确认),该题正式评分材料候选存在候选/存在冲突，未确认匹配，不下判,,,,,,BJ-2025-XC-YIMO-Q11,2026-09-24-attribution-v3,classify.py:classified_prod.jsonl+matrix.csv+exam_identity.json+skill_overrides.json,no
BJ-2025-XC-YIMO-Q12,BJ-2025-XC-YIMO-Q12,BJ-2025-XC-YIMO,BJ-2025-XC-YIMO,12,选择题,,整题,cd09e2a40114cc3c,不明,OUT,COLLECTED,MAYBE,OUT,OUT,OUT,MAYBE,MAYBE,MAYBE,完整题-选择题照收,答案键来源未核实(候选未确认),该题正式评分材料候选存在候选/存在冲突，未确认匹配，不下判,,,,,,BJ-2025-XC-YIMO-Q12,2026-09-24-attribution-v3,classify.py:classified_prod.jsonl+matrix.csv+exam_identity.json+skill_overrides.json,no
BJ-2025-XC-YIMO-Q13,BJ-2025-XC-YIMO-Q13,BJ-2025-XC-YIMO,BJ-2025-XC-YIMO,13,选择题,,整题,de5998e972bff95c,倾向,OUT,COLLECTED,MAYBE,OUT,OUT,OUT,OUT,MAYBE,MAYBE,完整题-选择题照收,答案键来源未核实(候选未确认),该题正式评分材料候选存在候选/存在冲突，未确认匹配，不下判,,,,,,BJ-2025-XC-YIMO-Q13,2026-09-24-attribution-v3,classify.py:classified_prod.jsonl+matrix.csv+exam_identity.json+skill_overrides.json,no
BJ-2025-XC-YIMO-Q14,BJ-2025-XC-YIMO-Q14,BJ-2025-XC-YIMO,BJ-2025-XC-YIMO,14,选择题,,整题,75774d64b4cce89a,不明,MAYBE,IN,MAYBE,OUT,OUT,COLLECTED,OUT,MAYBE,MAYBE,完整题-选择题照收,答案键来源未核实(候选未确认),该题正式评分材料候选存在候选/存在冲突，未确认匹配，不下判,,,,,,BJ-2025-XC-YIMO-Q14,2026-09-24-attribution-v3,classify.py:classified_prod.jsonl+matrix.csv+exam_identity.json+skill_overrides.json,no
BJ-2025-XC-YIMO-Q15,BJ-2025-XC-YIMO-Q15,BJ-2025-XC-YIMO,BJ-2025-XC-YIMO,15,选择题,,整题,c0b887ccc2f088e1,不明,MAYBE,MAYBE,MAYBE,OUT,MAYBE,COLLECTED,IN,OUT,OUT,完整题-选择题照收,答案键来源未核实(候选未确认),该题正式评分材料候选存在候选/存在冲突，未确认匹配，不下判,,,,,,BJ-2025-XC-YIMO-Q15,2026-09-24-attribution-v3,classify.py:classified_prod.jsonl+matrix.csv+exam_identity.json+skill_overrides.json,no
BJ-2025-MTG-YIMO-Q1,BJ-2025-MTG-YIMO-Q1,BJ-2025-MTG-YIMO,BJ-2025-MTG-YIMO,1,选择题,,整题,b46de0e9c68f67eb,倾向,IN,COLLECTED,MAYBE,MAYBE,MAYBE,OUT,OUT,OUT,OUT,完整题-选择题照收,答案键来源未核实(候选未确认),该题正式评分材料候选存在候选/存在冲突，未确认匹配，不下判,,,,,,BJ-2025-MTG-YIMO-Q1,2026-09-24-attribution-v3,classify.py:classified_prod.jsonl+matrix.csv+exam_identity.json+skill_overrides.json,no
BJ-2025-MTG-YIMO-Q2,BJ-2025-MTG-YIMO-Q2,BJ-2025-MTG-YIMO,BJ-2025-MTG-YIMO,2,选择题,,整题,81cd68f46c238d11,倾向,OUT,COLLECTED,COLLECTED,MAYBE,MAYBE,OUT,OUT,OUT,MAYBE,完整题-选择题照收,E1,逐题已匹配正式评分材料,,,,,,BJ-2025-MTG-YIMO-Q2,2026-09-24-attribution-v3,classify.py:classified_prod.jsonl+matrix.csv+exam_identity.json+skill_overrides.json,no
BJ-2025-MTG-YIMO-Q3,BJ-2025-MTG-YIMO-Q3,BJ-2025-MTG-YIMO,BJ-2025-MTG-YIMO,3,选择题,,整题,b03c045972a07bbd,不明,OUT,MAYBE,COLLECTED,MAYBE,MAYBE,OUT,COLLECTED,MAYBE,MAYBE,完整题-选择题照收,答案键来源未核实(候选未确认),该题正式评分材料候选存在候选/存在冲突，未确认匹配，不下判,,,,,,BJ-2025-MTG-YIMO-Q3,2026-09-24-attribution-v3,classify.py:classified_prod.jsonl+matrix.csv+exam_identity.json+skill_overrides.json,no
BJ-2025-MTG-YIMO-Q4,BJ-2025-MTG-YIMO-Q4,BJ-2025-MTG-YIMO,BJ-2025-MTG-YIMO,4,选择题,,整题,68a5ea188a8caca7,不明,OUT,COLLECTED,COLLECTED,MAYBE,MAYBE,OUT,OUT,MAYBE,MAYBE,完整题-选择题照收,答案键来源未核实(候选未确认),该题正式评分材料候选存在候选/存在冲突，未确认匹配，不下判,,,,,,BJ-2025-MTG-YIMO-Q4,2026-09-24-attribution-v3,classify.py:classified_prod.jsonl+matrix.csv+exam_identity.json+skill_overrides.json,no
BJ-2025-MTG-YIMO-Q5,BJ-2025-MTG-YIMO-Q5,BJ-2025-MTG-YIMO,BJ-2025-MTG-YIMO,5,选择题,,整题,7710f0101766c9d7,不明,OUT,MAYBE,MAYBE,COLLECTED,COLLECTED,OUT,OUT,MAYBE,MAYBE,完整题-选择题照收,E1,逐题已匹配正式评分材料,,,,,,BJ-2025-MTG-YIMO-Q5,2026-09-24-attribution-v3,classify.py:classified_prod.jsonl+matrix.csv+exam_identity.json+skill_overrides.json,no
BJ-2025-MTG-YIMO-Q6,BJ-2025-MTG-YIMO-Q6,BJ-2025-MTG-YIMO,BJ-2025-MTG-YIMO,6,选择题,,整题,ea47f62f7758c19a,不明,OUT,MAYBE,MAYBE,COLLECTED,MAYBE,OUT,IN,MAYBE,MAYBE,完整题-选择题照收,答案键来源未核实(候选未确认),该题正式评分材料候选存在候选/存在冲突，未确认匹配，不下判,,,,,,BJ-2025-MTG-YIMO-Q6,2026-09-24-attribution-v3,classify.py:classified_prod.jsonl+matrix.csv+exam_identity.json+skill_overrides.json,no
BJ-2025-MTG-YIMO-Q7,BJ-2025-MTG-YIMO-Q7,BJ-2025-MTG-YIMO,BJ-2025-MTG-YIMO,7,选择题,,整题,954c981646800848,不明,MAYBE,MAYBE,MAYBE,COLLECTED,MAYBE,MAYBE,OUT,MAYBE,MAYBE,完整题-选择题照收,答案键来源未核实(候选未确认),该题正式评分材料候选存在候选/存在冲突，未确认匹配，不下判,,,,,,BJ-2025-MTG-YIMO-Q7,2026-09-24-attribution-v3,classify.py:classified_prod.jsonl+matrix.csv+exam_identity.json+skill_overrides.json,no
BJ-2025-MTG-YIMO-Q8,BJ-2025-MTG-YIMO-Q8,BJ-2025-MTG-YIMO,BJ-2025-MTG-YIMO,8,选择题,,整题,1c9a801c0b80c982,倾向,OUT,COLLECTED,MAYBE,MAYBE,OUT,OUT,OUT,OUT,OUT,完整题-选择题照收,答案键来源未核实(候选未确认),该题正式评分材料候选存在候选/存在冲突，未确认匹配，不下判,,,,,,BJ-2025-MTG-YIMO-Q8,2026-09-24-attribution-v3,classify.py:classified_prod.jsonl+matrix.csv+exam_identity.json+skill_overrides.json,no
BJ-2025-MTG-YIMO-Q9,BJ-2025-MTG-YIMO-Q9,BJ-2025-MTG-YIMO,BJ-2025-MTG-YIMO,9,选择题,,整题,57396a0993fcb65b,不明,OUT,COLLECTED,MAYBE,MAYBE,MAYBE,COLLECTED,MAYBE,OUT,OUT,完整题-选择题照收,答案键来源未核实(候选未确认),该题正式评分材料候选存在候选/存在冲突，未确认匹配，不下判,,,,X1,,BJ-2025-MTG-YIMO-Q9,2026-09-24-attribution-v3,classify.py:classified_prod.jsonl+matrix.csv+exam_identity.json+skill_overrides.json,no
BJ-2025-MTG-YIMO-Q10,BJ-2025-MTG-YIMO-Q10,BJ-2025-MTG-YIMO,BJ-2025-MTG-YIMO,10,选择题,,整题,cea129e8be4f2cf1,倾向,OUT,MAYBE,MAYBE,OUT,OUT,COLLECTED,MAYBE,OUT,OUT,完整题-选择题照收,答案键来源未核实(候选未确认),该题正式评分材料候选存在候选/存在冲突，未确认匹配，不下判,,,,,,BJ-2025-MTG-YIMO-Q10,2026-09-24-attribution-v3,classify.py:classified_prod.jsonl+matrix.csv+exam_identity.json+skill_overrides.json,no
BJ-2025-MTG-YIMO-Q11,BJ-2025-MTG-YIMO-Q11,BJ-2025-MTG-YIMO,BJ-2025-MTG-YIMO,11,选择题,,整题,a83ae37b3e9a463d,倾向,OUT,COLLECTED,MAYBE,OUT,OUT,COLLECTED,MAYBE,OUT,OUT,完整题-选择题照收,答案键来源未核实(候选未确认),该题正式评分材料候选存在候选/存在冲突，未确认匹配，不下判,,,,,,BJ-2025-MTG-YIMO-Q11,2026-09-24-attribution-v3,classify.py:classified_prod.jsonl+matrix.csv+exam_identity.json+skill_overrides.json,no
BJ-2025-MTG-YIMO-Q12,BJ-2025-MTG-YIMO-Q12,BJ-2025-MTG-YIMO,BJ-2025-MTG-YIMO,12,选择题,,整题,6f0e0f82ef6a1322,不明,OUT,MAYBE,MAYBE,OUT,OUT,OUT,COLLECTED,MAYBE,MAYBE,完整题-选择题照收,答案键来源未核实(候选未确认),该题正式评分材料候选存在候选/存在冲突，未确认匹配，不下判,,,,,,BJ-2025-MTG-YIMO-Q12,2026-09-24-attribution-v3,classify.py:classified_prod.jsonl+matrix.csv+exam_identity.json+skill_overrides.json,no
BJ-2025-MTG-YIMO-Q13,BJ-2025-MTG-YIMO-Q13,BJ-2025-MTG-YIMO,BJ-2025-MTG-YIMO,13,选择题,,整题,8a6b1de2e1b6090e,不明,OUT,MAYBE,MAYBE,OUT,OUT,OUT,COLLECTED,MAYBE,MAYBE,完整题-选择题照收,答案键来源未核实(候选未确认),该题正式评分材料候选存在候选/存在冲突，未确认匹配，不下判,,,,,,BJ-2025-MTG-YIMO-Q13,2026-09-24-attribution-v3,classify.py:classified_prod.jsonl+matrix.csv+exam_identity.json+skill_overrides.json,no
BJ-2025-MTG-YIMO-Q14,BJ-2025-MTG-YIMO-Q14,BJ-2025-MTG-YIMO,BJ-2025-MTG-YIMO,14,选择题,,整题,5200722a399f4d2c,不明,MAYBE,MAYBE,MAYBE,OUT,OUT,MAYBE,OUT,MAYBE,COLLECTED,完整题-选择题照收,答案键来源未核实(候选未确认),该题正式评分材料候选存在候选/存在冲突，未确认匹配，不下判,,,,,,BJ-2025-MTG-YIMO-Q14,2026-09-24-attribution-v3,classify.py:classified_prod.jsonl+matrix.csv+exam_identity.json+skill_overrides.json,no
BJ-2025-MTG-YIMO-Q15,BJ-2025-MTG-YIMO-Q15,BJ-2025-MTG-YIMO,BJ-2025-MTG-YIMO,15,选择题,,整题,b5c1df5038ea9e07,不明,MAYBE,MAYBE,MAYBE,COLLECTED,MAYBE,MAYBE,OUT,COLLECTED,OUT,完整题-选择题照收,答案键来源未核实(候选未确认),该题正式评分材料候选存在候选/存在冲突，未确认匹配，不下判,,,,,,BJ-2025-MTG-YIMO-Q15,2026-09-24-attribution-v3,classify.py:classified_prod.jsonl+matrix.csv+exam_identity.json+skill_overrides.json,no
BJ-2025-MTG-YIMO-Q16,BJ-2025-MTG-YIMO-Q16,BJ-2025-MTG-YIMO,BJ-2025-MTG-YIMO,16,主观题,,整题,6bd6126e703350aa,倾向,MAYBE,MAYBE,MAYBE,COLLECTED,COLLECTED,MAYBE,MAYBE,MAYBE,MAYBE,待裁决-证据未核实,待裁决-证据未核实候选,该题正式评分材料候选存在候选/存在冲突，未确认匹配，不下判,B1:rubric_unreadable_not_OUT;B3:rubric_unreadable_not_OUT;X1:rubric_unreadable_not_OUT;X2:rubric_unreadable_not_OUT;MI:rubric_unreadable_not_OUT;RE:rubric_unreadable_not_OUT,,,,,BJ-2025-MTG-YIMO-Q16,2026-09-24-attribution-v3,classify.py:classified_prod.jsonl+matrix.csv+exam_identity.json+skill_overrides.json,no
BJ-2025-MTG-YIMO-Q17,BJ-2025-MTG-YIMO-Q17,BJ-2025-MTG-YIMO,BJ-2025-MTG-YIMO,17,主观题,,整题,aad13e67fc42672e,不明,MAYBE,MAYBE,COLLECTED,MAYBE,MAYBE,MAYBE,MAYBE,MAYBE,MAYBE,待裁决-证据未核实,待裁决-证据未核实候选,该题正式评分材料候选存在候选/存在冲突，未确认匹配，不下判,,,,,,BJ-2025-MTG-YIMO-Q17,2026-09-24-attribution-v3,classify.py:classified_prod.jsonl+matrix.csv+exam_identity.json+skill_overrides.json,no
BJ-2025-MTG-YIMO-Q18#1,BJ-2025-MTG-YIMO-Q18,BJ-2025-MTG-YIMO,BJ-2025-MTG-YIMO,18,主观题,1,小问,3133e20a8b92b361,不明,MAYBE,COLLECTED,MAYBE,MAYBE,MAYBE,MAYBE,MAYBE,MAYBE,MAYBE,待裁决-证据未核实,待裁决-证据未核实候选,该题正式评分材料候选存在候选/存在冲突，未确认匹配，不下判,,,,,,BJ-2025-MTG-YIMO-Q18,2026-09-24-attribution-v3,classify.py:classified_prod.jsonl+matrix.csv+exam_identity.json+skill_overrides.json,no
BJ-2025-MTG-YIMO-Q18#2,BJ-2025-MTG-YIMO-Q18,BJ-2025-MTG-YIMO,BJ-2025-MTG-YIMO,18,主观题,2,小问,48d308301ffc4ece,确定,MAYBE,COLLECTED,MAYBE,MAYBE,MAYBE,MAYBE,MAYBE,MAYBE,MAYBE,待裁决-证据未核实,待裁决-证据未核实候选,该题正式评分材料候选存在候选/存在冲突，未确认匹配，不下判,B1:rubric_unreadable_not_OUT;B3:rubric_unreadable_not_OUT;PH:rubric_unreadable_not_OUT;CU:rubric_unreadable_not_OUT;X1:rubric_unreadable_not_OUT;X2:rubric_unreadable_not_OUT;MI:rubric_unreadable_not_OUT;RE:rubric_unreadable_not_OUT,,,,,BJ-2025-MTG-YIMO-Q18,2026-09-24-attribution-v3,classify.py:classified_prod.jsonl+matrix.csv+exam_identity.json+skill_overrides.json,no
BJ-2025-MTG-YIMO-Q19,BJ-2025-MTG-YIMO-Q19,BJ-2025-MTG-YIMO,BJ-2025-MTG-YIMO,19,主观题,,整题,5cf151d4ae2c0588,不明,MAYBE,COLLECTED,MAYBE,MAYBE,MAYBE,COLLECTED,MAYBE,MAYBE,MAYBE,待裁决-证据未核实,待裁决-证据未核实候选,该题正式评分材料候选存在候选/存在冲突，未确认匹配，不下判,,,,,,BJ-2025-MTG-YIMO-Q19,2026-09-24-attribution-v3,classify.py:classified_prod.jsonl+matrix.csv+exam_identity.json+skill_overrides.json,no
BJ-2025-MTG-YIMO-Q20,BJ-2025-MTG-YIMO-Q20,BJ-2025-MTG-YIMO,BJ-2025-MTG-YIMO,20,主观题,,整题,d1d27976d55a2895,不明,MAYBE,MAYBE,MAYBE,MAYBE,MAYBE,MAYBE,COLLECTED,MAYBE,MAYBE,待裁决-证据未核实,待裁决-证据未核实候选,该题正式评分材料候选存在候选/存在冲突，未确认匹配，不下判,,,,,,BJ-2025-MTG-YIMO-Q20,2026-09-24-attribution-v3,classify.py:classified_prod.jsonl+matrix.csv+exam_identity.json+skill_overrides.json,no
BJ-2025-MTG-YIMO-Q21#1,BJ-2025-MTG-YIMO-Q21,BJ-2025-MTG-YIMO,BJ-2025-MTG-YIMO,21,主观题,1,小问,7f6e2d3dc75dbf06,倾向,MAYBE,COLLECTED,MAYBE,COLLECTED,COLLECTED,MAYBE,MAYBE,COLLECTED,MAYBE,待裁决-证据未核实,待裁决-证据未核实候选,该题正式评分材料候选存在候选/存在冲突，未确认匹配，不下判,B1:rubric_unreadable_not_OUT;B3:rubric_unreadable_not_OUT;X2:rubric_unreadable_not_OUT;RE:rubric_unreadable_not_OUT,,,,,BJ-2025-MTG-YIMO-Q21,2026-09-24-attribution-v3,classify.py:classified_prod.jsonl+matrix.csv+exam_identity.json+skill_overrides.json,no
BJ-2025-MTG-YIMO-Q21#2,BJ-2025-MTG-YIMO-Q21,BJ-2025-MTG-YIMO,BJ-2025-MTG-YIMO,21,主观题,2,小问,40f65f921b829a2b,不明,MAYBE,COLLECTED,MAYBE,COLLECTED,COLLECTED,MAYBE,MAYBE,COLLECTED,MAYBE,待裁决-证据未核实,待裁决-证据未核实候选,该题正式评分材料候选存在候选/存在冲突，未确认匹配，不下判,,,,,,BJ-2025-MTG-YIMO-Q21,2026-09-24-attribution-v3,classify.py:classified_prod.jsonl+matrix.csv+exam_identity.json+skill_overrides.json,no
BJ-2025-SY-YIMO-Q16#1,BJ-2025-SY-YIMO-Q16,BJ-2025-SY-YIMO,BJ-2025-SY-YIMO,16,主观题,1,小问,00d8b39f8534f466,不明,MAYBE,MAYBE,MAYBE,COLLECTED,COLLECTED,MAYBE,MAYBE,MAYBE,MAYBE,完整题-有E1,E1,逐题已匹配正式评分材料,,,,,,BJ-2025-SY-YIMO-Q16,2026-09-24-attribution-v3,classify.py:classified_prod.jsonl+matrix.csv+exam_identity.json+skill_overrides.json,no
BJ-2025-SY-YIMO-Q16#2,BJ-2025-SY-YIMO-Q16,BJ-2025-SY-YIMO,BJ-2025-SY-YIMO,16,主观题,2,小问,76795fc36be95590,不明,MAYBE,MAYBE,MAYBE,COLLECTED,COLLECTED,MAYBE,MAYBE,MAYBE,MAYBE,完整题-有E1,E1,逐题已匹配正式评分材料,,,,,,BJ-2025-SY-YIMO-Q16,2026-09-24-attribution-v3,classify.py:classified_prod.jsonl+matrix.csv+exam_identity.json+skill_overrides.json,no
BJ-2025-SY-YIMO-Q3,BJ-2025-SY-YIMO-Q3,BJ-2025-SY-YIMO,BJ-2025-SY-YIMO,3,选择题,,整题,f329ad4899485e4a,倾向,OUT,MAYBE,MAYBE,COLLECTED,COLLECTED,OUT,OUT,COLLECTED,MAYBE,完整题-选择题照收,答案键来源未核实(候选未确认),该题正式评分材料候选存在候选/存在冲突，未确认匹配，不下判,,,,,,BJ-2025-SY-YIMO-Q3,2026-09-24-attribution-v3,classify.py:classified_prod.jsonl+matrix.csv+exam_identity.json+skill_overrides.json,no
BJ-2025-SY-YIMO-Q4,BJ-2025-SY-YIMO-Q4,BJ-2025-SY-YIMO,BJ-2025-SY-YIMO,4,选择题,,整题,179fcd648bc7ad84,不明,OUT,MAYBE,MAYBE,COLLECTED,MAYBE,MAYBE,OUT,MAYBE,MAYBE,完整题-选择题照收,答案键来源未核实(候选未确认),该题正式评分材料候选存在候选/存在冲突，未确认匹配，不下判,,,,,,BJ-2025-SY-YIMO-Q4,2026-09-24-attribution-v3,classify.py:classified_prod.jsonl+matrix.csv+exam_identity.json+skill_overrides.json,no
BJ-2025-SY-YIMO-Q18#1,BJ-2025-SY-YIMO-Q18,BJ-2025-SY-YIMO,BJ-2025-SY-YIMO,18,主观题,1,小问,bef1561af3d45023,不明,MAYBE,COLLECTED,MAYBE,MAYBE,MAYBE,MAYBE,MAYBE,MAYBE,MAYBE,完整题-有E1,E1,逐题已匹配正式评分材料,,,,,,BJ-2025-SY-YIMO-Q18,2026-09-24-attribution-v3,classify.py:classified_prod.jsonl+matrix.csv+exam_identity.json+skill_overrides.json,no
BJ-2025-SY-YIMO-Q18#2,BJ-2025-SY-YIMO-Q18,BJ-2025-SY-YIMO,BJ-2025-SY-YIMO,18,主观题,2,小问,73d359844b21c7b8,不明,MAYBE,COLLECTED,MAYBE,MAYBE,MAYBE,MAYBE,MAYBE,MAYBE,MAYBE,完整题-有E1,E1,逐题已匹配正式评分材料,,,,,,BJ-2025-SY-YIMO-Q18,2026-09-24-attribution-v3,classify.py:classified_prod.jsonl+matrix.csv+exam_identity.json+skill_overrides.json,no
BJ-2025-SY-YIMO-Q20,BJ-2025-SY-YIMO-Q20,BJ-2025-SY-YIMO,BJ-2025-SY-YIMO,20,主观题,,整题,b38024f4fa3f823d,确定,MAYBE,COLLECTED,MAYBE,MAYBE,MAYBE,COLLECTED,MAYBE,MAYBE,MAYBE,待裁决-证据未核实,待裁决-证据未核实候选,该题正式评分材料候选存在候选/存在冲突，未确认匹配，不下判,B1:rubric_unreadable_not_OUT;B3:rubric_unreadable_not_OUT;PH:rubric_unreadable_not_OUT;CU:rubric_unreadable_not_OUT;X2:rubric_unreadable_not_OUT;MI:rubric_unreadable_not_OUT;RE:rubric_unreadable_not_OUT,,,B2,,BJ-2025-SY-YIMO-Q20,2026-09-24-attribution-v3,classify.py:classified_prod.jsonl+matrix.csv+exam_identity.json+skill_overrides.json,no
BJ-2025-SY-YIMO-Q1,BJ-2025-SY-YIMO-Q1,BJ-2025-SY-YIMO,BJ-2025-SY-YIMO,1,选择题,,整题,1dbe34e21aad2e07,不明,MAYBE,MAYBE,COLLECTED,MAYBE,MAYBE,OUT,OUT,OUT,OUT,完整题-选择题照收,答案键来源未核实(候选未确认),该题正式评分材料候选存在候选/存在冲突，未确认匹配，不下判,,,,,,BJ-2025-SY-YIMO-Q1,2026-09-24-attribution-v3,classify.py:classified_prod.jsonl+matrix.csv+exam_identity.json+skill_overrides.json,no
BJ-2025-SY-YIMO-Q2,BJ-2025-SY-YIMO-Q2,BJ-2025-SY-YIMO,BJ-2025-SY-YIMO,2,选择题,,整题,428fce3b0b912cdd,倾向,OUT,COLLECTED,COLLECTED,MAYBE,MAYBE,OUT,OUT,OUT,MAYBE,完整题-选择题照收,答案键来源未核实(候选未确认),该题正式评分材料候选存在候选/存在冲突，未确认匹配，不下判,,,,,,BJ-2025-SY-YIMO-Q2,2026-09-24-attribution-v3,classify.py:classified_prod.jsonl+matrix.csv+exam_identity.json+skill_overrides.json,no
BJ-2025-SY-YIMO-Q5,BJ-2025-SY-YIMO-Q5,BJ-2025-SY-YIMO,BJ-2025-SY-YIMO,5,选择题,,整题,4af90a7fb4858367,不明,OUT,MAYBE,MAYBE,MAYBE,MAYBE,OUT,OUT,MAYBE,COLLECTED,完整题-选择题照收,答案键来源未核实(候选未确认),该题正式评分材料候选存在候选/存在冲突，未确认匹配，不下判,,,,,,BJ-2025-SY-YIMO-Q5,2026-09-24-attribution-v3,classify.py:classified_prod.jsonl+matrix.csv+exam_identity.json+skill_overrides.json,no
BJ-2025-SY-YIMO-Q6,BJ-2025-SY-YIMO-Q6,BJ-2025-SY-YIMO,BJ-2025-SY-YIMO,6,选择题,,整题,2862db8af684ff43,不明,OUT,MAYBE,MAYBE,MAYBE,MAYBE,OUT,MAYBE,MAYBE,COLLECTED,完整题-选择题照收,答案键来源未核实(候选未确认),该题正式评分材料候选存在候选/存在冲突，未确认匹配，不下判,,,,,,BJ-2025-SY-YIMO-Q6,2026-09-24-attribution-v3,classify.py:classified_prod.jsonl+matrix.csv+exam_identity.json+skill_overrides.json,no
BJ-2025-SY-YIMO-Q7,BJ-2025-SY-YIMO-Q7,BJ-2025-SY-YIMO,BJ-2025-SY-YIMO,7,选择题,,整题,54437135942dd812,不明,OUT,MAYBE,MAYBE,MAYBE,MAYBE,OUT,OUT,MAYBE,COLLECTED,完整题-选择题照收,答案键来源未核实(候选未确认),该题正式评分材料候选存在候选/存在冲突，未确认匹配，不下判,,,,,,BJ-2025-SY-YIMO-Q7,2026-09-24-attribution-v3,classify.py:classified_prod.jsonl+matrix.csv+exam_identity.json+skill_overrides.json,no
BJ-2025-SY-YIMO-Q8,BJ-2025-SY-YIMO-Q8,BJ-2025-SY-YIMO,BJ-2025-SY-YIMO,8,选择题,,整题,d14b14a3da5cf6f4,倾向,OUT,MAYBE,COLLECTED,MAYBE,OUT,OUT,OUT,OUT,OUT,完整题-选择题照收,答案键来源未核实(候选未确认),该题正式评分材料候选存在候选/存在冲突，未确认匹配，不下判,,,,,,BJ-2025-SY-YIMO-Q8,2026-09-24-attribution-v3,classify.py:classified_prod.jsonl+matrix.csv+exam_identity.json+skill_overrides.json,no
BJ-2025-SY-YIMO-Q9,BJ-2025-SY-YIMO-Q9,BJ-2025-SY-YIMO,BJ-2025-SY-YIMO,9,选择题,,整题,cc08c58d7e707cdd,不明,OUT,MAYBE,COLLECTED,MAYBE,MAYBE,OUT,MAYBE,OUT,OUT,完整题-选择题照收,答案键来源未核实(候选未确认),该题正式评分材料候选存在候选/存在冲突，未确认匹配，不下判,,,,,,BJ-2025-SY-YIMO-Q9,2026-09-24-attribution-v3,classify.py:classified_prod.jsonl+matrix.csv+exam_identity.json+skill_overrides.json,no
BJ-2025-SY-YIMO-Q10,BJ-2025-SY-YIMO-Q10,BJ-2025-SY-YIMO,BJ-2025-SY-YIMO,10,选择题,,整题,a0fdb00dbad13d6e,倾向,OUT,MAYBE,MAYBE,OUT,OUT,OUT,COLLECTED,OUT,OUT,完整题-选择题照收,答案键来源未核实(候选未确认),该题正式评分材料候选存在候选/存在冲突，未确认匹配，不下判,,,,,,BJ-2025-SY-YIMO-Q10,2026-09-24-attribution-v3,classify.py:classified_prod.jsonl+matrix.csv+exam_identity.json+skill_overrides.json,no
BJ-2025-SY-YIMO-Q11,BJ-2025-SY-YIMO-Q11,BJ-2025-SY-YIMO,BJ-2025-SY-YIMO,11,选择题,,整题,86d13780fe8e0447,倾向,OUT,MAYBE,COLLECTED,OUT,COLLECTED,OUT,COLLECTED,OUT,OUT,完整题-选择题照收,答案键来源未核实(候选未确认),该题正式评分材料候选存在候选/存在冲突，未确认匹配，不下判,,,,CU,,BJ-2025-SY-YIMO-Q11,2026-09-24-attribution-v3,classify.py:classified_prod.jsonl+matrix.csv+exam_identity.json+skill_overrides.json,no
BJ-2025-SY-YIMO-Q12,BJ-2025-SY-YIMO-Q12,BJ-2025-SY-YIMO,BJ-2025-SY-YIMO,12,选择题,,整题,50eaf63fea740006,不明,OUT,COLLECTED,MAYBE,OUT,OUT,OUT,MAYBE,MAYBE,MAYBE,完整题-选择题照收,答案键来源未核实(候选未确认),该题正式评分材料候选存在候选/存在冲突，未确认匹配，不下判,,,,,,BJ-2025-SY-YIMO-Q12,2026-09-24-attribution-v3,classify.py:classified_prod.jsonl+matrix.csv+exam_identity.json+skill_overrides.json,no
BJ-2025-SY-YIMO-Q13,BJ-2025-SY-YIMO-Q13,BJ-2025-SY-YIMO,BJ-2025-SY-YIMO,13,选择题,,整题,9d9dc88caa352c35,倾向,OUT,COLLECTED,MAYBE,OUT,OUT,OUT,OUT,MAYBE,MAYBE,完整题-选择题照收,答案键来源未核实(候选未确认),该题正式评分材料候选存在候选/存在冲突，未确认匹配，不下判,,,,,,BJ-2025-SY-YIMO-Q13,2026-09-24-attribution-v3,classify.py:classified_prod.jsonl+matrix.csv+exam_identity.json+skill_overrides.json,no
BJ-2025-SY-YIMO-Q14,BJ-2025-SY-YIMO-Q14,BJ-2025-SY-YIMO,BJ-2025-SY-YIMO,14,选择题,,整题,a7f21188bf558258,不明,MAYBE,IN,MAYBE,OUT,OUT,COLLECTED,OUT,MAYBE,MAYBE,完整题-选择题照收,答案键来源未核实(候选未确认),该题正式评分材料候选存在候选/存在冲突，未确认匹配，不下判,,,,,,BJ-2025-SY-YIMO-Q14,2026-09-24-attribution-v3,classify.py:classified_prod.jsonl+matrix.csv+exam_identity.json+skill_overrides.json,no
BJ-2025-SY-YIMO-Q15,BJ-2025-SY-YIMO-Q15,BJ-2025-SY-YIMO,BJ-2025-SY-YIMO,15,选择题,,整题,7474a0c4ca87b8ce,不明,MAYBE,MAYBE,MAYBE,OUT,MAYBE,COLLECTED,OUT,OUT,OUT,完整题-选择题照收,答案键来源未核实(候选未确认),该题正式评分材料候选存在候选/存在冲突，未确认匹配，不下判,,,,,,BJ-2025-SY-YIMO-Q15,2026-09-24-attribution-v3,classify.py:classified_prod.jsonl+matrix.csv+exam_identity.json+skill_overrides.json,no
BJ-2025-SY-YIMO-Q17,BJ-2025-SY-YIMO-Q17,BJ-2025-SY-YIMO,BJ-2025-SY-YIMO,17,主观题,,整题,60e341c96225e72c,不明,MAYBE,COLLECTED,COLLECTED,MAYBE,MAYBE,MAYBE,MAYBE,MAYBE,COLLECTED,待裁决-证据未核实,待裁决-证据未核实候选,该题正式评分材料候选存在候选/存在冲突，未确认匹配，不下判,,,,,,BJ-2025-SY-YIMO-Q17,2026-09-24-attribution-v3,classify.py:classified_prod.jsonl+matrix.csv+exam_identity.json+skill_overrides.json,no
BJ-2025-SY-YIMO-Q19,BJ-2025-SY-YIMO-Q19,BJ-2025-SY-YIMO,BJ-2025-SY-YIMO,19,主观题,,整题,9764d3567fc73d34,不明,MAYBE,COLLECTED,MAYBE,MAYBE,MAYBE,MAYBE,COLLECTED,MAYBE,MAYBE,待裁决-证据未核实,待裁决-证据未核实候选,该题正式评分材料候选存在候选/存在冲突，未确认匹配，不下判,,,,,,BJ-2025-SY-YIMO-Q19,2026-09-24-attribution-v3,classify.py:classified_prod.jsonl+matrix.csv+exam_identity.json+skill_overrides.json,no
BJ-2025-SY-YIMO-Q21,BJ-2025-SY-YIMO-Q21,BJ-2025-SY-YIMO,BJ-2025-SY-YIMO,21,主观题,,整题,fbf333b022d7f9a4,不明,MAYBE,MAYBE,MAYBE,MAYBE,COLLECTED,MAYBE,MAYBE,MAYBE,MAYBE,待裁决-证据未核实,待裁决-证据未核实候选,该题正式评分材料候选存在候选/存在冲突，未确认匹配，不下判,,,,,,BJ-2025-SY-YIMO-Q21,2026-09-24-attribution-v3,classify.py:classified_prod.jsonl+matrix.csv+exam_identity.json+skill_overrides.json,no
BJ-2025-FT-ERMO-Q2,BJ-2025-FT-ERMO-Q2,BJ-2025-FT-ERMO,BJ-2025-FT-ERMO,2,选择题,,整题,b0be7f998890f81a,不明,OUT,MAYBE,COLLECTED,MAYBE,MAYBE,IN,MAYBE,OUT,MAYBE,完整题-选择题照收,E1,逐题已匹配正式评分材料,,,,,,BJ-2025-FT-ERMO-Q2,2026-09-24-attribution-v3,classify.py:classified_prod.jsonl+matrix.csv+exam_identity.json+skill_overrides.json,no
BJ-2025-FT-ERMO-Q3,BJ-2025-FT-ERMO-Q3,BJ-2025-FT-ERMO,BJ-2025-FT-ERMO,3,选择题,,整题,5abe1138e510683d,不明,OUT,IN,COLLECTED,MAYBE,MAYBE,OUT,OUT,MAYBE,MAYBE,完整题-选择题照收,答案键来源未核实(候选未确认),该题正式评分材料候选存在候选/存在冲突，未确认匹配，不下判,,,,,,BJ-2025-FT-ERMO-Q3,2026-09-24-attribution-v3,classify.py:classified_prod.jsonl+matrix.csv+exam_identity.json+skill_overrides.json,no
BJ-2025-FT-ERMO-Q4,BJ-2025-FT-ERMO-Q4,BJ-2025-FT-ERMO,BJ-2025-FT-ERMO,4,选择题,,整题,6ca867b701a9d722,倾向,OUT,COLLECTED,MAYBE,COLLECTED,MAYBE,OUT,OUT,COLLECTED,MAYBE,完整题-选择题照收,E1,逐题已匹配正式评分材料,,,,MI,,BJ-2025-FT-ERMO-Q4,2026-09-24-attribution-v3,classify.py:classified_prod.jsonl+matrix.csv+exam_identity.json+skill_overrides.json,no
BJ-2025-FT-ERMO-Q1,BJ-2025-FT-ERMO-Q1,BJ-2025-FT-ERMO,BJ-2025-FT-ERMO,1,选择题,,整题,ef5a9f14cab6ffc6,不明,IN,MAYBE,MAYBE,MAYBE,MAYBE,OUT,OUT,OUT,OUT,完整题-选择题照收,答案键来源未核实(候选未确认),该题正式评分材料候选存在候选/存在冲突，未确认匹配，不下判,,,,,,BJ-2025-FT-ERMO-Q1,2026-09-24-attribution-v3,classify.py:classified_prod.jsonl+matrix.csv+exam_identity.json+skill_overrides.json,no
BJ-2025-FT-ERMO-Q5,BJ-2025-FT-ERMO-Q5,BJ-2025-FT-ERMO,BJ-2025-FT-ERMO,5,选择题,,整题,78973052aeb8a2f2,不明,OUT,MAYBE,MAYBE,COLLECTED,COLLECTED,MAYBE,OUT,MAYBE,MAYBE,完整题-选择题照收,E1,逐题已匹配正式评分材料,,,,,,BJ-2025-FT-ERMO-Q5,2026-09-24-attribution-v3,classify.py:classified_prod.jsonl+matrix.csv+exam_identity.json+skill_overrides.json,no
BJ-2025-FT-ERMO-Q6,BJ-2025-FT-ERMO-Q6,BJ-2025-FT-ERMO,BJ-2025-FT-ERMO,6,选择题,,整题,62f30dfd7eb8da49,不明,OUT,MAYBE,MAYBE,MAYBE,COLLECTED,OUT,OUT,MAYBE,MAYBE,完整题-选择题照收,答案键来源未核实(候选未确认),该题正式评分材料候选存在候选/存在冲突，未确认匹配，不下判,,,,,,BJ-2025-FT-ERMO-Q6,2026-09-24-attribution-v3,classify.py:classified_prod.jsonl+matrix.csv+exam_identity.json+skill_overrides.json,no
BJ-2025-FT-ERMO-Q8,BJ-2025-FT-ERMO-Q8,BJ-2025-FT-ERMO,BJ-2025-FT-ERMO,8,选择题,,整题,13f480208844b4fe,倾向,OUT,COLLECTED,COLLECTED,MAYBE,OUT,OUT,OUT,OUT,OUT,完整题-选择题照收,答案键来源未核实(候选未确认),该题正式评分材料候选存在候选/存在冲突，未确认匹配，不下判,,,,,,BJ-2025-FT-ERMO-Q8,2026-09-24-attribution-v3,classify.py:classified_prod.jsonl+matrix.csv+exam_identity.json+skill_overrides.json,no
BJ-2025-FT-ERMO-Q9,BJ-2025-FT-ERMO-Q9,BJ-2025-FT-ERMO,BJ-2025-FT-ERMO,9,选择题,,整题,32a1bb015642837a,倾向,OUT,MAYBE,COLLECTED,MAYBE,MAYBE,OUT,COLLECTED,OUT,OUT,完整题-选择题照收,答案键来源未核实(候选未确认),该题正式评分材料候选存在候选/存在冲突，未确认匹配，不下判,,,,,,BJ-2025-FT-ERMO-Q9,2026-09-24-attribution-v3,classify.py:classified_prod.jsonl+matrix.csv+exam_identity.json+skill_overrides.json,no
BJ-2025-FT-ERMO-Q10,BJ-2025-FT-ERMO-Q10,BJ-2025-FT-ERMO,BJ-2025-FT-ERMO,10,选择题,,整题,853b7a782e5335c5,确定,OUT,COLLECTED,COLLECTED,OUT,OUT,OUT,COLLECTED,OUT,OUT,完整题-选择题照收,答案键来源未核实(候选未确认),该题正式评分材料候选存在候选/存在冲突，未确认匹配，不下判,,,,,,BJ-2025-FT-ERMO-Q10,2026-09-24-attribution-v3,classify.py:classified_prod.jsonl+matrix.csv+exam_identity.json+skill_overrides.json,no
BJ-2025-FT-ERMO-Q11,BJ-2025-FT-ERMO-Q11,BJ-2025-FT-ERMO,BJ-2025-FT-ERMO,11,选择题,,整题,907fca8ab3bb4c94,倾向,OUT,MAYBE,MAYBE,OUT,OUT,OUT,COLLECTED,OUT,OUT,完整题-选择题照收,答案键来源未核实(候选未确认),该题正式评分材料候选存在候选/存在冲突，未确认匹配，不下判,,,,,,BJ-2025-FT-ERMO-Q11,2026-09-24-attribution-v3,classify.py:classified_prod.jsonl+matrix.csv+exam_identity.json+skill_overrides.json,no
BJ-2025-FT-ERMO-Q12,BJ-2025-FT-ERMO-Q12,BJ-2025-FT-ERMO,BJ-2025-FT-ERMO,12,选择题,,整题,157218e450a69a0a,倾向,OUT,COLLECTED,MAYBE,OUT,OUT,OUT,MAYBE,COLLECTED,COLLECTED,完整题-选择题照收,答案键来源未核实(候选未确认),该题正式评分材料候选存在候选/存在冲突，未确认匹配，不下判,,,,,,BJ-2025-FT-ERMO-Q12,2026-09-24-attribution-v3,classify.py:classified_prod.jsonl+matrix.csv+exam_identity.json+skill_overrides.json,no
BJ-2025-FT-ERMO-Q13,BJ-2025-FT-ERMO-Q13,BJ-2025-FT-ERMO,BJ-2025-FT-ERMO,13,选择题,,整题,bb2fcc8fd1113a4f,倾向,OUT,MAYBE,MAYBE,OUT,OUT,COLLECTED,OUT,MAYBE,COLLECTED,完整题-选择题照收,答案键来源未核实(候选未确认),该题正式评分材料候选存在候选/存在冲突，未确认匹配，不下判,,,,X1,,BJ-2025-FT-ERMO-Q13,2026-09-24-attribution-v3,classify.py:classified_prod.jsonl+matrix.csv+exam_identity.json+skill_overrides.json,no
BJ-2025-FT-ERMO-Q14,BJ-2025-FT-ERMO-Q14,BJ-2025-FT-ERMO,BJ-2025-FT-ERMO,14,选择题,,整题,b41ef7d8f17f6ee1,不明,MAYBE,MAYBE,MAYBE,COLLECTED,OUT,MAYBE,OUT,COLLECTED,MAYBE,完整题-选择题照收,答案键来源未核实(候选未确认),该题正式评分材料候选存在候选/存在冲突，未确认匹配，不下判,,,,PH,,BJ-2025-FT-ERMO-Q14,2026-09-24-attribution-v3,classify.py:classified_prod.jsonl+matrix.csv+exam_identity.json+skill_overrides.json,no
BJ-2025-FT-ERMO-Q15,BJ-2025-FT-ERMO-Q15,BJ-2025-FT-ERMO,BJ-2025-FT-ERMO,15,选择题,,整题,6b1acec5bb98fad8,倾向,MAYBE,COLLECTED,MAYBE,OUT,MAYBE,COLLECTED,OUT,OUT,OUT,完整题-选择题照收,答案键来源未核实(候选未确认),该题正式评分材料候选存在候选/存在冲突，未确认匹配，不下判,,,,,,BJ-2025-FT-ERMO-Q15,2026-09-24-attribution-v3,classify.py:classified_prod.jsonl+matrix.csv+exam_identity.json+skill_overrides.json,no
BJ-2025-FT-ERMO-Q16#1,BJ-2025-FT-ERMO-Q16,BJ-2025-FT-ERMO,BJ-2025-FT-ERMO,16,主观题,1,小问,89915248bb5a1590,不明,MAYBE,MAYBE,OUT,COLLECTED,COLLECTED,MAYBE,OUT,MAYBE,COLLECTED,完整题-有E1,E1,逐题已匹配正式评分材料,,,,,,BJ-2025-FT-ERMO-Q16,2026-09-24-attribution-v3,classify.py:classified_prod.jsonl+matrix.csv+exam_identity.json+skill_overrides.json,no
BJ-2025-FT-ERMO-Q16#2,BJ-2025-FT-ERMO-Q16,BJ-2025-FT-ERMO,BJ-2025-FT-ERMO,16,主观题,2,小问,ce9575c063400cc6,不明,MAYBE,MAYBE,MAYBE,COLLECTED,COLLECTED,MAYBE,MAYBE,MAYBE,COLLECTED,完整题-有E1,E1,逐题已匹配正式评分材料,,,,,,BJ-2025-FT-ERMO-Q16,2026-09-24-attribution-v3,classify.py:classified_prod.jsonl+matrix.csv+exam_identity.json+skill_overrides.json,no
BJ-2025-FT-ERMO-Q17,BJ-2025-FT-ERMO-Q17,BJ-2025-FT-ERMO,BJ-2025-FT-ERMO,17,主观题,,整题,28917fbb4c5263ea,不明,OUT,MAYBE,COLLECTED,OUT,MAYBE,OUT,MAYBE,MAYBE,MAYBE,完整题-有E1,E1,逐题已匹配正式评分材料,"关联但不合并(疑似跨卷复用/串题,非duplicate_registration_alias):dup_of=BJ-2024-BJ-GAOKAO-Q17;BJ-2026-FT-YIMO-Q17",BJ-2024-BJ-GAOKAO-Q17;BJ-2026-FT-YIMO-Q17,bixiu3,,,BJ-2025-FT-ERMO-Q17,2026-09-24-attribution-v3,classify.py:classified_prod.jsonl+matrix.csv+exam_identity.json+skill_overrides.json,no
BJ-2025-FT-ERMO-Q18,BJ-2025-FT-ERMO-Q18,BJ-2025-FT-ERMO,BJ-2025-FT-ERMO,18,主观题,,整题,4feba54525416e3c,不明,OUT,COLLECTED,OUT,MAYBE,OUT,MAYBE,MAYBE,MAYBE,MAYBE,完整题-有E1,E1,逐题已匹配正式评分材料,,,,,,BJ-2025-FT-ERMO-Q18,2026-09-24-attribution-v3,classify.py:classified_prod.jsonl+matrix.csv+exam_identity.json+skill_overrides.json,no
BJ-2025-FT-ERMO-Q19#1,BJ-2025-FT-ERMO-Q19,BJ-2025-FT-ERMO,BJ-2025-FT-ERMO,19,主观题,1,小问,4652672b4fd8720f,不明,OUT,MAYBE,MAYBE,OUT,OUT,MAYBE,COLLECTED,COLLECTED,COLLECTED,完整题-有E1,E1,逐题已匹配正式评分材料,,,,,,BJ-2025-FT-ERMO-Q19,2026-09-24-attribution-v3,classify.py:classified_prod.jsonl+matrix.csv+exam_identity.json+skill_overrides.json,no
BJ-2025-FT-ERMO-Q19#2,BJ-2025-FT-ERMO-Q19,BJ-2025-FT-ERMO,BJ-2025-FT-ERMO,19,主观题,2,小问,4bcb5f6bc6fb0582,不明,OUT,MAYBE,MAYBE,OUT,OUT,MAYBE,COLLECTED,COLLECTED,COLLECTED,完整题-有E1,E1,逐题已匹配正式评分材料,,,,,,BJ-2025-FT-ERMO-Q19,2026-09-24-attribution-v3,classify.py:classified_prod.jsonl+matrix.csv+exam_identity.json+skill_overrides.json,no
BJ-2025-FT-ERMO-Q20,BJ-2025-FT-ERMO-Q20,BJ-2025-FT-ERMO,BJ-2025-FT-ERMO,20,主观题,,整题,90dd2c6e510067ca,倾向,OUT,MAYBE,MAYBE,OUT,OUT,COLLECTED,MAYBE,OUT,OUT,完整题-有E1,E1,逐题已匹配正式评分材料,,,,,,BJ-2025-FT-ERMO-Q20,2026-09-24-attribution-v3,classify.py:classified_prod.jsonl+matrix.csv+exam_identity.json+skill_overrides.json,no
BJ-2025-FT-ERMO-Q21,BJ-2025-FT-ERMO-Q21,BJ-2025-FT-ERMO,BJ-2025-FT-ERMO,21,主观题,,整题,3cb469476719e0be,不明,MAYBE,MAYBE,COLLECTED,MAYBE,MAYBE,MAYBE,MAYBE,MAYBE,MAYBE,完整题-有E1,E1,逐题已匹配正式评分材料,,,,,,BJ-2025-FT-ERMO-Q21,2026-09-24-attribution-v3,classify.py:classified_prod.jsonl+matrix.csv+exam_identity.json+skill_overrides.json,no
BJ-2025-FT-ERMO-Q7,BJ-2025-FT-ERMO-Q7,BJ-2025-FT-ERMO,BJ-2025-FT-ERMO,7,选择题,,整题,4c1f51d6d382268d,不明,OUT,COLLECTED,MAYBE,MAYBE,MAYBE,MAYBE,OUT,MAYBE,MAYBE,完整题-选择题照收,答案键来源未核实(候选未确认),该题正式评分材料候选存在候选/存在冲突，未确认匹配，不下判,,,,,,BJ-2025-FT-ERMO-Q7,2026-09-24-attribution-v3,classify.py:classified_prod.jsonl+matrix.csv+exam_identity.json+skill_overrides.json,no
BJ-2025-CP-ERMO-Q16,BJ-2025-CP-ERMO-Q16,BJ-2025-CP-ERMO,BJ-2025-CP-ERMO,16,主观题,,整题,98ff81d804131d5e,倾向,OUT,OUT,OUT,COLLECTED,COLLECTED,OUT,OUT,OUT,MAYBE,完整题-有E1,E1,逐题已匹配正式评分材料,,,,,,BJ-2025-CP-ERMO-Q16,2026-09-24-attribution-v3,classify.py:classified_prod.jsonl+matrix.csv+exam_identity.json+skill_overrides.json,no
BJ-2025-CP-ERMO-Q17,BJ-2025-CP-ERMO-Q17,BJ-2025-CP-ERMO,BJ-2025-CP-ERMO,17,主观题,,整题,674751961c21344e,不明,MAYBE,COLLECTED,MAYBE,MAYBE,MAYBE,MAYBE,OUT,OUT,OUT,完整题-有E1,E1,逐题已匹配正式评分材料,,,,,,BJ-2025-CP-ERMO-Q17,2026-09-24-attribution-v3,classify.py:classified_prod.jsonl+matrix.csv+exam_identity.json+skill_overrides.json,no
BJ-2025-CP-ERMO-Q18,BJ-2025-CP-ERMO-Q18,BJ-2025-CP-ERMO,BJ-2025-CP-ERMO,18,主观题,,整题,5830961c144eaf11,不明,OUT,COLLECTED,COLLECTED,MAYBE,MAYBE,MAYBE,OUT,MAYBE,OUT,完整题-有E1,E1,逐题已匹配正式评分材料,,,,,,BJ-2025-CP-ERMO-Q18,2026-09-24-attribution-v3,classify.py:classified_prod.jsonl+matrix.csv+exam_identity.json+skill_overrides.json,no
BJ-2025-CP-ERMO-Q19,BJ-2025-CP-ERMO-Q19,BJ-2025-CP-ERMO,BJ-2025-CP-ERMO,19,主观题,,整题,061fea7b53374cf4,倾向,OUT,MAYBE,OUT,OUT,MAYBE,OUT,OUT,COLLECTED,MAYBE,完整题-有E1,E1,逐题已匹配正式评分材料,,,,,,BJ-2025-CP-ERMO-Q19,2026-09-24-attribution-v3,classify.py:classified_prod.jsonl+matrix.csv+exam_identity.json+skill_overrides.json,no
BJ-2025-CP-ERMO-Q20#1,BJ-2025-CP-ERMO-Q20,BJ-2025-CP-ERMO,BJ-2025-CP-ERMO,20,主观题,1,小问,f636c079c06237c7,不明,MAYBE,COLLECTED,MAYBE,MAYBE,MAYBE,MAYBE,COLLECTED,MAYBE,MAYBE,完整题-有E1,E1,逐题已匹配正式评分材料,,,,,,BJ-2025-CP-ERMO-Q20,2026-09-24-attribution-v3,classify.py:classified_prod.jsonl+matrix.csv+exam_identity.json+skill_overrides.json,no
BJ-2025-CP-ERMO-Q20#2,BJ-2025-CP-ERMO-Q20,BJ-2025-CP-ERMO,BJ-2025-CP-ERMO,20,主观题,2,小问,1e721826dec6e49d,不明,MAYBE,COLLECTED,MAYBE,MAYBE,MAYBE,MAYBE,COLLECTED,MAYBE,MAYBE,完整题-有E1,E1,逐题已匹配正式评分材料,,,,,,BJ-2025-CP-ERMO-Q20,2026-09-24-attribution-v3,classify.py:classified_prod.jsonl+matrix.csv+exam_identity.json+skill_overrides.json,no
BJ-2025-CP-ERMO-Q21,BJ-2025-CP-ERMO-Q21,BJ-2025-CP-ERMO,BJ-2025-CP-ERMO,21,主观题,,整题,c4da7923df5b098d,倾向,OUT,COLLECTED,OUT,OUT,OUT,COLLECTED,MAYBE,OUT,MAYBE,完整题-有E1,E1,逐题已匹配正式评分材料,,,,,,BJ-2025-CP-ERMO-Q21,2026-09-24-attribution-v3,classify.py:classified_prod.jsonl+matrix.csv+exam_identity.json+skill_overrides.json,no
BJ-2025-CP-ERMO-Q22,BJ-2025-CP-ERMO-Q22,BJ-2025-CP-ERMO,BJ-2025-CP-ERMO,22,主观题,,整题,abdf8ab97f891677,不明,MAYBE,COLLECTED,COLLECTED,COLLECTED,COLLECTED,MAYBE,MAYBE,MAYBE,MAYBE,完整题-有E1,E1,逐题已匹配正式评分材料,,,,,,BJ-2025-CP-ERMO-Q22,2026-09-24-attribution-v3,classify.py:classified_prod.jsonl+matrix.csv+exam_identity.json+skill_overrides.json,no
BJ-2025-CP-ERMO-Q1,BJ-2025-CP-ERMO-Q1,BJ-2025-CP-ERMO,BJ-2025-CP-ERMO,1,选择题,,整题,250f4af34547895c,不明,MAYBE,MAYBE,COLLECTED,MAYBE,MAYBE,MAYBE,OUT,OUT,OUT,完整题-选择题照收,E3,逐题已匹配参考答案,,,,,,BJ-2025-CP-ERMO-Q1,2026-09-24-attribution-v3,classify.py:classified_prod.jsonl+matrix.csv+exam_identity.json+skill_overrides.json,no
BJ-2025-CP-ERMO-Q2,BJ-2025-CP-ERMO-Q2,BJ-2025-CP-ERMO,BJ-2025-CP-ERMO,2,选择题,,整题,a2c80c5053f1d6ba,倾向,OUT,MAYBE,MAYBE,COLLECTED,COLLECTED,OUT,OUT,OUT,MAYBE,完整题-选择题照收,E3,逐题已匹配参考答案,,,,,,BJ-2025-CP-ERMO-Q2,2026-09-24-attribution-v3,classify.py:classified_prod.jsonl+matrix.csv+exam_identity.json+skill_overrides.json,no
BJ-2025-CP-ERMO-Q3,BJ-2025-CP-ERMO-Q3,BJ-2025-CP-ERMO,BJ-2025-CP-ERMO,3,选择题,,整题,a74460e450613f04,倾向,OUT,MAYBE,MAYBE,COLLECTED,COLLECTED,OUT,OUT,MAYBE,COLLECTED,完整题-选择题照收,E3,逐题已匹配参考答案,,,,,,BJ-2025-CP-ERMO-Q3,2026-09-24-attribution-v3,classify.py:classified_prod.jsonl+matrix.csv+exam_identity.json+skill_overrides.json,no
BJ-2025-CP-ERMO-Q4,BJ-2025-CP-ERMO-Q4,BJ-2025-CP-ERMO,BJ-2025-CP-ERMO,4,选择题,,整题,70343455247e6514,不明,OUT,MAYBE,MAYBE,COLLECTED,MAYBE,OUT,OUT,MAYBE,MAYBE,完整题-选择题照收,E3,逐题已匹配参考答案,,,,,,BJ-2025-CP-ERMO-Q4,2026-09-24-attribution-v3,classify.py:classified_prod.jsonl+matrix.csv+exam_identity.json+skill_overrides.json,no
BJ-2025-CP-ERMO-Q5,BJ-2025-CP-ERMO-Q5,BJ-2025-CP-ERMO,BJ-2025-CP-ERMO,5,选择题,,整题,45da7296ed7f3aab,不明,OUT,MAYBE,MAYBE,MAYBE,COLLECTED,OUT,OUT,MAYBE,MAYBE,完整题-选择题照收,E3,逐题已匹配参考答案,,,,,,BJ-2025-CP-ERMO-Q5,2026-09-24-attribution-v3,classify.py:classified_prod.jsonl+matrix.csv+exam_identity.json+skill_overrides.json,no
BJ-2025-CP-ERMO-Q6,BJ-2025-CP-ERMO-Q6,BJ-2025-CP-ERMO,BJ-2025-CP-ERMO,6,选择题,,整题,5340b171565e21f4,不明,OUT,MAYBE,MAYBE,COLLECTED,MAYBE,OUT,OUT,MAYBE,MAYBE,完整题-选择题照收,E3,逐题已匹配参考答案,,,,,,BJ-2025-CP-ERMO-Q6,2026-09-24-attribution-v3,classify.py:classified_prod.jsonl+matrix.csv+exam_identity.json+skill_overrides.json,no
BJ-2025-CP-ERMO-Q7,BJ-2025-CP-ERMO-Q7,BJ-2025-CP-ERMO,BJ-2025-CP-ERMO,7,选择题,,整题,4e30e2e64103987a,不明,OUT,COLLECTED,COLLECTED,MAYBE,MAYBE,OUT,OUT,MAYBE,MAYBE,完整题-选择题照收,E3,逐题已匹配参考答案,,,,,,BJ-2025-CP-ERMO-Q7,2026-09-24-attribution-v3,classify.py:classified_prod.jsonl+matrix.csv+exam_identity.json+skill_overrides.json,no
BJ-2025-CP-ERMO-Q8,BJ-2025-CP-ERMO-Q8,BJ-2025-CP-ERMO,BJ-2025-CP-ERMO,8,选择题,,整题,30c82d9c35aa7770,倾向,OUT,COLLECTED,MAYBE,MAYBE,OUT,COLLECTED,MAYBE,OUT,OUT,完整题-选择题照收,E3,逐题已匹配参考答案,,,,X1,,BJ-2025-CP-ERMO-Q8,2026-09-24-attribution-v3,classify.py:classified_prod.jsonl+matrix.csv+exam_identity.json+skill_overrides.json,no
BJ-2025-CP-ERMO-Q9,BJ-2025-CP-ERMO-Q9,BJ-2025-CP-ERMO,BJ-2025-CP-ERMO,9,选择题,,整题,6ddd6c08a0032339,不明,OUT,COLLECTED,MAYBE,MAYBE,MAYBE,OUT,MAYBE,OUT,OUT,完整题-选择题照收,E3,逐题已匹配参考答案,,,,,,BJ-2025-CP-ERMO-Q9,2026-09-24-attribution-v3,classify.py:classified_prod.jsonl+matrix.csv+exam_identity.json+skill_overrides.json,no
BJ-2025-CP-ERMO-Q10,BJ-2025-CP-ERMO-Q10,BJ-2025-CP-ERMO,BJ-2025-CP-ERMO,10,选择题,,整题,e52be3bf30ec34c1,倾向,OUT,COLLECTED,COLLECTED,MAYBE,OUT,OUT,MAYBE,OUT,OUT,完整题-选择题照收,E3,逐题已匹配参考答案,,,,,,BJ-2025-CP-ERMO-Q10,2026-09-24-attribution-v3,classify.py:classified_prod.jsonl+matrix.csv+exam_identity.json+skill_overrides.json,no
BJ-2025-CP-ERMO-Q11,BJ-2025-CP-ERMO-Q11,BJ-2025-CP-ERMO,BJ-2025-CP-ERMO,11,选择题,,整题,cc10a105c4debd1a,倾向,OUT,MAYBE,MAYBE,OUT,OUT,COLLECTED,MAYBE,OUT,OUT,完整题-选择题照收,E3,逐题已匹配参考答案,,,,,,BJ-2025-CP-ERMO-Q11,2026-09-24-attribution-v3,classify.py:classified_prod.jsonl+matrix.csv+exam_identity.json+skill_overrides.json,no
BJ-2025-CP-ERMO-Q12,BJ-2025-CP-ERMO-Q12,BJ-2025-CP-ERMO,BJ-2025-CP-ERMO,12,选择题,,整题,83b6049d2de47ddf,不明,OUT,MAYBE,MAYBE,OUT,OUT,OUT,MAYBE,COLLECTED,MAYBE,完整题-选择题照收,E3,逐题已匹配参考答案,,,,,,BJ-2025-CP-ERMO-Q12,2026-09-24-attribution-v3,classify.py:classified_prod.jsonl+matrix.csv+exam_identity.json+skill_overrides.json,no
BJ-2025-CP-ERMO-Q13,BJ-2025-CP-ERMO-Q13,BJ-2025-CP-ERMO,BJ-2025-CP-ERMO,13,选择题,,整题,17980682f51afdf4,倾向,OUT,MAYBE,MAYBE,OUT,OUT,OUT,OUT,MAYBE,COLLECTED,完整题-选择题照收,E3,逐题已匹配参考答案,,,,,,BJ-2025-CP-ERMO-Q13,2026-09-24-attribution-v3,classify.py:classified_prod.jsonl+matrix.csv+exam_identity.json+skill_overrides.json,no
BJ-2025-CP-ERMO-Q14,BJ-2025-CP-ERMO-Q14,BJ-2025-CP-ERMO,BJ-2025-CP-ERMO,14,选择题,,整题,71f15cde01702472,不明,MAYBE,MAYBE,MAYBE,OUT,OUT,MAYBE,COLLECTED,MAYBE,MAYBE,完整题-选择题照收,E3,逐题已匹配参考答案,,,,,,BJ-2025-CP-ERMO-Q14,2026-09-24-attribution-v3,classify.py:classified_prod.jsonl+matrix.csv+exam_identity.json+skill_overrides.json,no
BJ-2025-CP-ERMO-Q15,BJ-2025-CP-ERMO-Q15,BJ-2025-CP-ERMO,BJ-2025-CP-ERMO,15,选择题,,整题,c7c1aab99fd3b2b4,不明,MAYBE,MAYBE,MAYBE,OUT,MAYBE,MAYBE,COLLECTED,OUT,OUT,完整题-选择题照收,E3,逐题已匹配参考答案,,,,,,BJ-2025-CP-ERMO-Q15,2026-09-24-attribution-v3,classify.py:classified_prod.jsonl+matrix.csv+exam_identity.json+skill_overrides.json,no
BJ-2025-HD-ERMO-Q5,BJ-2025-HD-ERMO-Q5,BJ-2025-HD-ERMO,BJ-2025-HD-ERMO,5,选择题,,整题,d7b32549be2da7a2,不明,OUT,MAYBE,MAYBE,MAYBE,MAYBE,OUT,COLLECTED,MAYBE,MAYBE,完整题-选择题照收,答案键来源未核实(候选未确认),该题正式评分材料候选存在候选/存在冲突，未确认匹配，不下判,,,,,,BJ-2025-HD-ERMO-Q5,2026-09-24-attribution-v3,classify.py:classified_prod.jsonl+matrix.csv+exam_identity.json+skill_overrides.json,no
BJ-2025-HD-ERMO-Q7,BJ-2025-HD-ERMO-Q7,BJ-2025-HD-ERMO,BJ-2025-HD-ERMO,7,选择题,,整题,33912c1177c8f87d,不明,OUT,COLLECTED,MAYBE,MAYBE,MAYBE,OUT,OUT,MAYBE,MAYBE,完整题-选择题照收,答案键来源未核实(候选未确认),该题正式评分材料候选存在候选/存在冲突，未确认匹配，不下判,,,,,,BJ-2025-HD-ERMO-Q7,2026-09-24-attribution-v3,classify.py:classified_prod.jsonl+matrix.csv+exam_identity.json+skill_overrides.json,no
BJ-2025-HD-ERMO-Q9,BJ-2025-HD-ERMO-Q9,BJ-2025-HD-ERMO,BJ-2025-HD-ERMO,9,选择题,,整题,64aba2d2867937b1,倾向,OUT,COLLECTED,MAYBE,COLLECTED,COLLECTED,OUT,MAYBE,OUT,OUT,完整题-选择题照收,E1,逐题已匹配正式评分材料,,,,,,BJ-2025-HD-ERMO-Q9,2026-09-24-attribution-v3,classify.py:classified_prod.jsonl+matrix.csv+exam_identity.json+skill_overrides.json,no
BJ-2025-HD-ERMO-Q17,BJ-2025-HD-ERMO-Q17,BJ-2025-HD-ERMO,BJ-2025-HD-ERMO,17,主观题,,整题,28038b490cb0bc1f,不明,OUT,MAYBE,COLLECTED,MAYBE,OUT,MAYBE,MAYBE,OUT,OUT,待裁决-证据未核实,待裁决-证据未核实候选,该题正式评分材料候选存在候选/存在冲突，未确认匹配，不下判,,,,,,BJ-2025-HD-ERMO-Q17,2026-09-24-attribution-v3,classify.py:classified_prod.jsonl+matrix.csv+exam_identity.json+skill_overrides.json,no
BJ-2025-HD-ERMO-Q20,BJ-2025-HD-ERMO-Q20,BJ-2025-HD-ERMO,BJ-2025-HD-ERMO,20,主观题,,整题,74280fdf8576d8d5,不明,OUT,OUT,OUT,MAYBE,MAYBE,MAYBE,MAYBE,COLLECTED,OUT,待裁决-证据未核实,待裁决-证据未核实候选,该题正式评分材料候选存在候选/存在冲突，未确认匹配，不下判,,,,,,BJ-2025-HD-ERMO-Q20,2026-09-24-attribution-v3,classify.py:classified_prod.jsonl+matrix.csv+exam_identity.json+skill_overrides.json,no
BJ-2025-HD-ERMO-Q14,BJ-2025-HD-ERMO-Q14,BJ-2025-HD-ERMO,BJ-2025-HD-ERMO,14,选择题,,整题,469ffcf0b10eff1d,不明,MAYBE,MAYBE,MAYBE,OUT,OUT,COLLECTED,MAYBE,MAYBE,MAYBE,完整题-选择题照收,答案键来源未核实(候选未确认),该题正式评分材料候选存在候选/存在冲突，未确认匹配，不下判,,,,,,BJ-2025-HD-ERMO-Q14,2026-09-24-attribution-v3,classify.py:classified_prod.jsonl+matrix.csv+exam_identity.json+skill_overrides.json,no
BJ-2025-HD-ERMO-Q16,BJ-2025-HD-ERMO-Q16,BJ-2025-HD-ERMO,BJ-2025-HD-ERMO,16,主观题,,整题,5a807e58b4aa041a,倾向,OUT,OUT,OUT,COLLECTED,COLLECTED,OUT,MAYBE,MAYBE,MAYBE,待裁决-证据未核实,待裁决-证据未核实候选,该题正式评分材料候选存在候选/存在冲突，未确认匹配，不下判,,,,,,BJ-2025-HD-ERMO-Q16,2026-09-24-attribution-v3,classify.py:classified_prod.jsonl+matrix.csv+exam_identity.json+skill_overrides.json,no
BJ-2025-HD-ERMO-Q1,BJ-2025-HD-ERMO-Q1,BJ-2025-HD-ERMO,BJ-2025-HD-ERMO,1,选择题,,整题,34f96ef294108905,倾向,MAYBE,COLLECTED,COLLECTED,MAYBE,MAYBE,OUT,OUT,OUT,OUT,完整题-选择题照收,E1,逐题已匹配正式评分材料,,,,,,BJ-2025-HD-ERMO-Q1,2026-09-24-attribution-v3,classify.py:classified_prod.jsonl+matrix.csv+exam_identity.json+skill_overrides.json,no
BJ-2025-HD-ERMO-Q2,BJ-2025-HD-ERMO-Q2,BJ-2025-HD-ERMO,BJ-2025-HD-ERMO,2,选择题,,整题,09b3a581032dcb83,不明,OUT,MAYBE,COLLECTED,MAYBE,MAYBE,OUT,OUT,OUT,MAYBE,完整题-选择题照收,答案键来源未核实(候选未确认),该题正式评分材料候选存在候选/存在冲突，未确认匹配，不下判,,,,,,BJ-2025-HD-ERMO-Q2,2026-09-24-attribution-v3,classify.py:classified_prod.jsonl+matrix.csv+exam_identity.json+skill_overrides.json,no
BJ-2025-HD-ERMO-Q21,BJ-2025-HD-ERMO-Q21,BJ-2025-HD-ERMO,BJ-2025-HD-ERMO,21,主观题,,整题,90d867607e73ce9e,倾向,OUT,COLLECTED,MAYBE,OUT,OUT,COLLECTED,MAYBE,OUT,OUT,待裁决-证据未核实,待裁决-证据未核实候选,该题正式评分材料候选存在候选/存在冲突，未确认匹配，不下判,,,,B2,,BJ-2025-HD-ERMO-Q21,2026-09-24-attribution-v3,classify.py:classified_prod.jsonl+matrix.csv+exam_identity.json+skill_overrides.json,no
BJ-2025-HD-ERMO-Q22,BJ-2025-HD-ERMO-Q22,BJ-2025-HD-ERMO,BJ-2025-HD-ERMO,22,主观题,,整题,4036709d7452bcc1,不明,MAYBE,COLLECTED,MAYBE,COLLECTED,COLLECTED,MAYBE,MAYBE,MAYBE,MAYBE,待裁决-证据未核实,待裁决-证据未核实候选,该题正式评分材料候选存在候选/存在冲突，未确认匹配，不下判,,,,,,BJ-2025-HD-ERMO-Q22,2026-09-24-attribution-v3,classify.py:classified_prod.jsonl+matrix.csv+exam_identity.json+skill_overrides.json,no
BJ-2025-HD-ERMO-Q3,BJ-2025-HD-ERMO-Q3,BJ-2025-HD-ERMO,BJ-2025-HD-ERMO,3,选择题,,整题,ce8334ec221fd798,不明,OUT,MAYBE,COLLECTED,MAYBE,MAYBE,OUT,OUT,MAYBE,MAYBE,完整题-选择题照收,E1,逐题已匹配正式评分材料,,,,,,BJ-2025-HD-ERMO-Q3,2026-09-24-attribution-v3,classify.py:classified_prod.jsonl+matrix.csv+exam_identity.json+skill_overrides.json,no
BJ-2025-HD-ERMO-Q4,BJ-2025-HD-ERMO-Q4,BJ-2025-HD-ERMO,BJ-2025-HD-ERMO,4,选择题,,整题,b9d5747d273706bb,不明,OUT,MAYBE,COLLECTED,MAYBE,MAYBE,MAYBE,MAYBE,MAYBE,MAYBE,完整题-选择题照收,E1,逐题已匹配正式评分材料,,,,,,BJ-2025-HD-ERMO-Q4,2026-09-24-attribution-v3,classify.py:classified_prod.jsonl+matrix.csv+exam_identity.json+skill_overrides.json,no
BJ-2025-HD-ERMO-Q8,BJ-2025-HD-ERMO-Q8,BJ-2025-HD-ERMO,BJ-2025-HD-ERMO,8,选择题,,整题,68e72a93fd0b8488,倾向,OUT,COLLECTED,MAYBE,MAYBE,OUT,OUT,OUT,OUT,OUT,完整题-选择题照收,答案键来源未核实(候选未确认),该题正式评分材料候选存在候选/存在冲突，未确认匹配，不下判,,,,,,BJ-2025-HD-ERMO-Q8,2026-09-24-attribution-v3,classify.py:classified_prod.jsonl+matrix.csv+exam_identity.json+skill_overrides.json,no
BJ-2025-HD-ERMO-Q6,BJ-2025-HD-ERMO-Q6,BJ-2025-HD-ERMO,BJ-2025-HD-ERMO,6,选择题,,整题,b09d45f4d9772869,不明,OUT,MAYBE,MAYBE,MAYBE,MAYBE,OUT,COLLECTED,MAYBE,MAYBE,完整题-选择题照收,答案键来源未核实(候选未确认),该题正式评分材料候选存在候选/存在冲突，未确认匹配，不下判,,,,,,BJ-2025-HD-ERMO-Q6,2026-09-24-attribution-v3,classify.py:classified_prod.jsonl+matrix.csv+exam_identity.json+skill_overrides.json,no
BJ-2025-HD-ERMO-Q10,BJ-2025-HD-ERMO-Q10,BJ-2025-HD-ERMO,BJ-2025-HD-ERMO,10,选择题,,整题,b69b4da0c9f359f2,不明,OUT,MAYBE,MAYBE,COLLECTED,OUT,MAYBE,MAYBE,MAYBE,OUT,完整题-选择题照收,答案键来源未核实(候选未确认),该题正式评分材料候选存在候选/存在冲突，未确认匹配，不下判,,,,,,BJ-2025-HD-ERMO-Q10,2026-09-24-attribution-v3,classify.py:classified_prod.jsonl+matrix.csv+exam_identity.json+skill_overrides.json,no
BJ-2025-HD-ERMO-Q11,BJ-2025-HD-ERMO-Q11,BJ-2025-HD-ERMO,BJ-2025-HD-ERMO,11,选择题,,整题,c2cedea7de312260,不明,OUT,MAYBE,MAYBE,COLLECTED,OUT,OUT,MAYBE,MAYBE,COLLECTED,完整题-选择题照收,答案键来源未核实(候选未确认),该题正式评分材料候选存在候选/存在冲突，未确认匹配，不下判,,,,PH,,BJ-2025-HD-ERMO-Q11,2026-09-24-attribution-v3,classify.py:classified_prod.jsonl+matrix.csv+exam_identity.json+skill_overrides.json,no
BJ-2025-HD-ERMO-Q12,BJ-2025-HD-ERMO-Q12,BJ-2025-HD-ERMO,BJ-2025-HD-ERMO,12,选择题,,整题,2a838612cb68d682,倾向,OUT,COLLECTED,MAYBE,OUT,OUT,OUT,MAYBE,COLLECTED,MAYBE,完整题-选择题照收,答案键来源未核实(候选未确认),该题正式评分材料候选存在候选/存在冲突，未确认匹配，不下判,,,,,,BJ-2025-HD-ERMO-Q12,2026-09-24-attribution-v3,classify.py:classified_prod.jsonl+matrix.csv+exam_identity.json+skill_overrides.json,no
BJ-2025-HD-ERMO-Q13,BJ-2025-HD-ERMO-Q13,BJ-2025-HD-ERMO,BJ-2025-HD-ERMO,13,选择题,,整题,5397c8ad0f97e211,倾向,OUT,MAYBE,MAYBE,OUT,OUT,IN,OUT,MAYBE,COLLECTED,完整题-选择题照收,答案键来源未核实(候选未确认),该题正式评分材料候选存在候选/存在冲突，未确认匹配，不下判,,,,,,BJ-2025-HD-ERMO-Q13,2026-09-24-attribution-v3,classify.py:classified_prod.jsonl+matrix.csv+exam_identity.json+skill_overrides.json,no
BJ-2025-HD-ERMO-Q15,BJ-2025-HD-ERMO-Q15,BJ-2025-HD-ERMO,BJ-2025-HD-ERMO,15,选择题,,整题,d2cf9af19388bcf2,不明,MAYBE,MAYBE,MAYBE,OUT,MAYBE,COLLECTED,OUT,OUT,OUT,完整题-选择题照收,答案键来源未核实(候选未确认),该题正式评分材料候选存在候选/存在冲突，未确认匹配，不下判,,,,,,BJ-2025-HD-ERMO-Q15,2026-09-24-attribution-v3,classify.py:classified_prod.jsonl+matrix.csv+exam_identity.json+skill_overrides.json,no
BJ-2025-HD-ERMO-Q18,BJ-2025-HD-ERMO-Q18,BJ-2025-HD-ERMO,BJ-2025-HD-ERMO,18,主观题,,整题,778f5e265fd1274d,倾向,OUT,COLLECTED,MAYBE,MAYBE,MAYBE,OUT,COLLECTED,OUT,OUT,待裁决-证据未核实,待裁决-证据未核实候选,该题正式评分材料候选存在候选/存在冲突，未确认匹配，不下判,,,,,,BJ-2025-HD-ERMO-Q18,2026-09-24-attribution-v3,classify.py:classified_prod.jsonl+matrix.csv+exam_identity.json+skill_overrides.json,no
BJ-2025-HD-ERMO-Q19,BJ-2025-HD-ERMO-Q19,BJ-2025-HD-ERMO,BJ-2025-HD-ERMO,19,主观题,,整题,ce1fab3453142e8a,倾向,OUT,COLLECTED,MAYBE,OUT,OUT,MAYBE,MAYBE,OUT,OUT,待裁决-证据未核实,待裁决-证据未核实候选,该题正式评分材料候选存在候选/存在冲突，未确认匹配，不下判,,,,,,BJ-2025-HD-ERMO-Q19,2026-09-24-attribution-v3,classify.py:classified_prod.jsonl+matrix.csv+exam_identity.json+skill_overrides.json,no
BJ-2025-XC-ERMO-Q16#1,BJ-2025-XC-ERMO-Q16,BJ-2025-XC-ERMO,BJ-2025-XC-ERMO,16,主观题,1,小问,9fdcf22cffaac08b,不明,OUT,COLLECTED,OUT,COLLECTED,OUT,MAYBE,MAYBE,MAYBE,COLLECTED,完整题-有E1,E1,逐题已匹配正式评分材料,,,,,,BJ-2025-XC-ERMO-Q16,2026-09-24-attribution-v3,classify.py:classified_prod.jsonl+matrix.csv+exam_identity.json+skill_overrides.json,no
BJ-2025-XC-ERMO-Q16#2,BJ-2025-XC-ERMO-Q16,BJ-2025-XC-ERMO,BJ-2025-XC-ERMO,16,主观题,2,小问,8732fe961daf2e54,不明,OUT,COLLECTED,OUT,COLLECTED,OUT,OUT,MAYBE,MAYBE,COLLECTED,完整题-有E1,E1,逐题已匹配正式评分材料,,,,,,BJ-2025-XC-ERMO-Q16,2026-09-24-attribution-v3,classify.py:classified_prod.jsonl+matrix.csv+exam_identity.json+skill_overrides.json,no
BJ-2025-XC-ERMO-Q16#3,BJ-2025-XC-ERMO-Q16,BJ-2025-XC-ERMO,BJ-2025-XC-ERMO,16,主观题,3,小问,d3200f3dd1d382ab,不明,MAYBE,COLLECTED,MAYBE,COLLECTED,MAYBE,MAYBE,MAYBE,MAYBE,COLLECTED,完整题-有E1,E1,逐题已匹配正式评分材料,,,,,,BJ-2025-XC-ERMO-Q16,2026-09-24-attribution-v3,classify.py:classified_prod.jsonl+matrix.csv+exam_identity.json+skill_overrides.json,no
BJ-2025-XC-ERMO-Q17#1,BJ-2025-XC-ERMO-Q17,BJ-2025-XC-ERMO,BJ-2025-XC-ERMO,17,主观题,1,小问,b68682159fcc2b2e,不明,OUT,COLLECTED,COLLECTED,MAYBE,OUT,MAYBE,MAYBE,OUT,MAYBE,完整题-有E1,E1,逐题已匹配正式评分材料,,,,,,BJ-2025-XC-ERMO-Q17,2026-09-24-attribution-v3,classify.py:classified_prod.jsonl+matrix.csv+exam_identity.json+skill_overrides.json,no
BJ-2025-XC-ERMO-Q17#2,BJ-2025-XC-ERMO-Q17,BJ-2025-XC-ERMO,BJ-2025-XC-ERMO,17,主观题,2,小问,3610c21c71f5fa7e,不明,OUT,COLLECTED,COLLECTED,MAYBE,OUT,MAYBE,MAYBE,OUT,MAYBE,完整题-有E1,E1,逐题已匹配正式评分材料,,,,,,BJ-2025-XC-ERMO-Q17,2026-09-24-attribution-v3,classify.py:classified_prod.jsonl+matrix.csv+exam_identity.json+skill_overrides.json,no
BJ-2025-XC-ERMO-Q18,BJ-2025-XC-ERMO-Q18,BJ-2025-XC-ERMO,BJ-2025-XC-ERMO,18,主观题,,整题,5ef8924fa3ade24d,确定,OUT,COLLECTED,OUT,OUT,OUT,OUT,COLLECTED,OUT,OUT,完整题-有E1,E1,逐题已匹配正式评分材料,,,,,,BJ-2025-XC-ERMO-Q18,2026-09-24-attribution-v3,classify.py:classified_prod.jsonl+matrix.csv+exam_identity.json+skill_overrides.json,no
BJ-2025-XC-ERMO-Q19#1,BJ-2025-XC-ERMO-Q19,BJ-2025-XC-ERMO,BJ-2025-XC-ERMO,19,主观题,1,小问,f2e3ea6408fe49e9,倾向,OUT,COLLECTED,OUT,OUT,OUT,COLLECTED,MAYBE,OUT,OUT,完整题-有E1,E1,逐题已匹配正式评分材料,,,,,,BJ-2025-XC-ERMO-Q19,2026-09-24-attribution-v3,classify.py:classified_prod.jsonl+matrix.csv+exam_identity.json+skill_overrides.json,no
BJ-2025-XC-ERMO-Q19#2,BJ-2025-XC-ERMO-Q19,BJ-2025-XC-ERMO,BJ-2025-XC-ERMO,19,主观题,2,小问,23fe917f1b2df1f9,倾向,OUT,COLLECTED,OUT,OUT,OUT,COLLECTED,MAYBE,OUT,OUT,完整题-有E1,E1,逐题已匹配正式评分材料,,,,,,BJ-2025-XC-ERMO-Q19,2026-09-24-attribution-v3,classify.py:classified_prod.jsonl+matrix.csv+exam_identity.json+skill_overrides.json,no
BJ-2025-XC-ERMO-Q20,BJ-2025-XC-ERMO-Q20,BJ-2025-XC-ERMO,BJ-2025-XC-ERMO,20,主观题,,整题,db2f50877016c7f8,不明,MAYBE,COLLECTED,COLLECTED,COLLECTED,COLLECTED,MAYBE,MAYBE,MAYBE,MAYBE,完整题-有E1,E1,逐题已匹配正式评分材料,,,,,,BJ-2025-XC-ERMO-Q20,2026-09-24-attribution-v3,classify.py:classified_prod.jsonl+matrix.csv+exam_identity.json+skill_overrides.json,no
BJ-2025-XC-ERMO-Q1,BJ-2025-XC-ERMO-Q1,BJ-2025-XC-ERMO,BJ-2025-XC-ERMO,1,选择题,,整题,47e1eb4fdbf8b055,不明,MAYBE,MAYBE,MAYBE,COLLECTED,COLLECTED,OUT,MAYBE,OUT,OUT,完整题-选择题照收,答案键来源未核实(候选未确认),该题正式评分材料候选存在候选/存在冲突，未确认匹配，不下判,,,,,,BJ-2025-XC-ERMO-Q1,2026-09-24-attribution-v3,classify.py:classified_prod.jsonl+matrix.csv+exam_identity.json+skill_overrides.json,no
BJ-2025-XC-ERMO-Q2,BJ-2025-XC-ERMO-Q2,BJ-2025-XC-ERMO,BJ-2025-XC-ERMO,2,选择题,,整题,fbd7eac0bac9c273,不明,OUT,MAYBE,MAYBE,COLLECTED,MAYBE,MAYBE,MAYBE,MAYBE,MAYBE,完整题-选择题照收,答案键来源未核实(候选未确认),该题正式评分材料候选存在候选/存在冲突，未确认匹配，不下判,,,,,,BJ-2025-XC-ERMO-Q2,2026-09-24-attribution-v3,classify.py:classified_prod.jsonl+matrix.csv+exam_identity.json+skill_overrides.json,no
BJ-2025-XC-ERMO-Q3,BJ-2025-XC-ERMO-Q3,BJ-2025-XC-ERMO,BJ-2025-XC-ERMO,3,选择题,,整题,969819105ec21e10,不明,OUT,COLLECTED,MAYBE,COLLECTED,MAYBE,OUT,MAYBE,MAYBE,MAYBE,完整题-选择题照收,答案键来源未核实(候选未确认),该题正式评分材料候选存在候选/存在冲突，未确认匹配，不下判,,,,,,BJ-2025-XC-ERMO-Q3,2026-09-24-attribution-v3,classify.py:classified_prod.jsonl+matrix.csv+exam_identity.json+skill_overrides.json,no
BJ-2025-XC-ERMO-Q4,BJ-2025-XC-ERMO-Q4,BJ-2025-XC-ERMO,BJ-2025-XC-ERMO,4,选择题,,整题,fd7bff30d3865348,不明,OUT,MAYBE,MAYBE,COLLECTED,MAYBE,OUT,OUT,MAYBE,MAYBE,完整题-选择题照收,答案键来源未核实(候选未确认),该题正式评分材料候选存在候选/存在冲突，未确认匹配，不下判,,,,,,BJ-2025-XC-ERMO-Q4,2026-09-24-attribution-v3,classify.py:classified_prod.jsonl+matrix.csv+exam_identity.json+skill_overrides.json,no
BJ-2025-XC-ERMO-Q5,BJ-2025-XC-ERMO-Q5,BJ-2025-XC-ERMO,BJ-2025-XC-ERMO,5,选择题,,整题,7847f433ffa9a363,不明,OUT,COLLECTED,MAYBE,COLLECTED,MAYBE,OUT,OUT,MAYBE,MAYBE,完整题-选择题照收,答案键来源未核实(候选未确认),该题正式评分材料候选存在候选/存在冲突，未确认匹配，不下判,,,,,,BJ-2025-XC-ERMO-Q5,2026-09-24-attribution-v3,classify.py:classified_prod.jsonl+matrix.csv+exam_identity.json+skill_overrides.json,no
BJ-2025-XC-ERMO-Q6,BJ-2025-XC-ERMO-Q6,BJ-2025-XC-ERMO,BJ-2025-XC-ERMO,6,选择题,,整题,37ad872904e94439,不明,OUT,MAYBE,MAYBE,MAYBE,MAYBE,OUT,MAYBE,MAYBE,COLLECTED,完整题-选择题照收,答案键来源未核实(候选未确认),该题正式评分材料候选存在候选/存在冲突，未确认匹配，不下判,,,,,,BJ-2025-XC-ERMO-Q6,2026-09-24-attribution-v3,classify.py:classified_prod.jsonl+matrix.csv+exam_identity.json+skill_overrides.json,no
BJ-2025-XC-ERMO-Q7,BJ-2025-XC-ERMO-Q7,BJ-2025-XC-ERMO,BJ-2025-XC-ERMO,7,选择题,,整题,3d82fd61dce0a222,不明,OUT,MAYBE,MAYBE,MAYBE,MAYBE,OUT,OUT,MAYBE,COLLECTED,完整题-选择题照收,答案键来源未核实(候选未确认),该题正式评分材料候选存在候选/存在冲突，未确认匹配，不下判,,,,,,BJ-2025-XC-ERMO-Q7,2026-09-24-attribution-v3,classify.py:classified_prod.jsonl+matrix.csv+exam_identity.json+skill_overrides.json,no
BJ-2025-XC-ERMO-Q8,BJ-2025-XC-ERMO-Q8,BJ-2025-XC-ERMO,BJ-2025-XC-ERMO,8,选择题,,整题,68249289acd1c1cc,倾向,OUT,MAYBE,COLLECTED,MAYBE,OUT,OUT,MAYBE,OUT,OUT,完整题-选择题照收,答案键来源未核实(候选未确认),该题正式评分材料候选存在候选/存在冲突，未确认匹配，不下判,,,,,,BJ-2025-XC-ERMO-Q8,2026-09-24-attribution-v3,classify.py:classified_prod.jsonl+matrix.csv+exam_identity.json+skill_overrides.json,no
BJ-2025-XC-ERMO-Q9,BJ-2025-XC-ERMO-Q9,BJ-2025-XC-ERMO,BJ-2025-XC-ERMO,9,选择题,,整题,2d52c6c1bac845e3,倾向,OUT,MAYBE,COLLECTED,MAYBE,COLLECTED,OUT,MAYBE,OUT,OUT,完整题-选择题照收,答案键来源未核实(候选未确认),该题正式评分材料候选存在候选/存在冲突，未确认匹配，不下判,,,,,,BJ-2025-XC-ERMO-Q9,2026-09-24-attribution-v3,classify.py:classified_prod.jsonl+matrix.csv+exam_identity.json+skill_overrides.json,no
BJ-2025-XC-ERMO-Q10,BJ-2025-XC-ERMO-Q10,BJ-2025-XC-ERMO,BJ-2025-XC-ERMO,10,选择题,,整题,dc3b398221a6bdfe,倾向,OUT,MAYBE,MAYBE,OUT,OUT,OUT,COLLECTED,OUT,OUT,完整题-选择题照收,答案键来源未核实(候选未确认),该题正式评分材料候选存在候选/存在冲突，未确认匹配，不下判,,,,,,BJ-2025-XC-ERMO-Q10,2026-09-24-attribution-v3,classify.py:classified_prod.jsonl+matrix.csv+exam_identity.json+skill_overrides.json,no
BJ-2025-XC-ERMO-Q11,BJ-2025-XC-ERMO-Q11,BJ-2025-XC-ERMO,BJ-2025-XC-ERMO,11,选择题,,整题,c8c12583229c31d0,倾向,OUT,MAYBE,MAYBE,OUT,OUT,OUT,COLLECTED,OUT,MAYBE,完整题-选择题照收,答案键来源未核实(候选未确认),该题正式评分材料候选存在候选/存在冲突，未确认匹配，不下判,,,,,,BJ-2025-XC-ERMO-Q11,2026-09-24-attribution-v3,classify.py:classified_prod.jsonl+matrix.csv+exam_identity.json+skill_overrides.json,no
BJ-2025-XC-ERMO-Q12,BJ-2025-XC-ERMO-Q12,BJ-2025-XC-ERMO,BJ-2025-XC-ERMO,12,选择题,,整题,6e28377bb32e69f6,不明,OUT,COLLECTED,MAYBE,OUT,COLLECTED,OUT,MAYBE,MAYBE,MAYBE,完整题-选择题照收,答案键来源未核实(候选未确认),该题正式评分材料候选存在候选/存在冲突，未确认匹配，不下判,,,,CU,,BJ-2025-XC-ERMO-Q12,2026-09-24-attribution-v3,classify.py:classified_prod.jsonl+matrix.csv+exam_identity.json+skill_overrides.json,no
BJ-2025-XC-ERMO-Q13,BJ-2025-XC-ERMO-Q13,BJ-2025-XC-ERMO,BJ-2025-XC-ERMO,13,选择题,,整题,4aa20e3518cceb5a,倾向,OUT,COLLECTED,MAYBE,OUT,OUT,OUT,OUT,MAYBE,MAYBE,完整题-选择题照收,答案键来源未核实(候选未确认),该题正式评分材料候选存在候选/存在冲突，未确认匹配，不下判,,,,,,BJ-2025-XC-ERMO-Q13,2026-09-24-attribution-v3,classify.py:classified_prod.jsonl+matrix.csv+exam_identity.json+skill_overrides.json,no
BJ-2025-XC-ERMO-Q14,BJ-2025-XC-ERMO-Q14,BJ-2025-XC-ERMO,BJ-2025-XC-ERMO,14,选择题,,整题,a3ad6aefda54ad89,不明,MAYBE,MAYBE,MAYBE,OUT,OUT,COLLECTED,MAYBE,MAYBE,MAYBE,完整题-选择题照收,答案键来源未核实(候选未确认),该题正式评分材料候选存在候选/存在冲突，未确认匹配，不下判,,,,,,BJ-2025-XC-ERMO-Q14,2026-09-24-attribution-v3,classify.py:classified_prod.jsonl+matrix.csv+exam_identity.json+skill_overrides.json,no
BJ-2025-XC-ERMO-Q15,BJ-2025-XC-ERMO-Q15,BJ-2025-XC-ERMO,BJ-2025-XC-ERMO,15,选择题,,整题,2bf3b5edc3f43daa,不明,MAYBE,MAYBE,MAYBE,OUT,MAYBE,COLLECTED,MAYBE,OUT,OUT,完整题-选择题照收,答案键来源未核实(候选未确认),该题正式评分材料候选存在候选/存在冲突，未确认匹配，不下判,,,,,,BJ-2025-XC-ERMO-Q15,2026-09-24-attribution-v3,classify.py:classified_prod.jsonl+matrix.csv+exam_identity.json+skill_overrides.json,no
BJ-2025-DC-QIMO-Q16,BJ-2025-DC-QIMO-Q16,BJ-2025-DC-QIMO,BJ-2025-DC-QIMO,16,主观题,,整题,585a92907de0df9a,倾向,OUT,OUT,OUT,COLLECTED,COLLECTED,MAYBE,OUT,MAYBE,MAYBE,待裁决-证据未核实,待裁决-证据未核实候选,该题正式评分材料候选存在候选/存在冲突，未确认匹配，不下判,,,,,,BJ-2025-DC-QIMO-Q16,2026-09-24-attribution-v3,classify.py:classified_prod.jsonl+matrix.csv+exam_identity.json+skill_overrides.json,no
BJ-2025-DC-QIMO-Q17,BJ-2025-DC-QIMO-Q17,BJ-2025-DC-QIMO,BJ-2025-DC-QIMO,17,主观题,,整题,584cbc6feafeb527,倾向,OUT,COLLECTED,COLLECTED,MAYBE,OUT,OUT,MAYBE,MAYBE,OUT,待裁决-证据未核实,待裁决-证据未核实候选,该题正式评分材料候选存在候选/存在冲突，未确认匹配，不下判,,,,,,BJ-2025-DC-QIMO-Q17,2026-09-24-attribution-v3,classify.py:classified_prod.jsonl+matrix.csv+exam_identity.json+skill_overrides.json,no
BJ-2025-DC-QIMO-Q18#1,BJ-2025-DC-QIMO-Q18,BJ-2025-DC-QIMO,BJ-2025-DC-QIMO,18,主观题,1,小问,36048f194d2c05f7,不明,OUT,COLLECTED,MAYBE,OUT,MAYBE,MAYBE,MAYBE,COLLECTED,MAYBE,待裁决-证据未核实,待裁决-证据未核实候选,该题正式评分材料候选存在候选/存在冲突，未确认匹配，不下判,,,,,,BJ-2025-DC-QIMO-Q18,2026-09-24-attribution-v3,classify.py:classified_prod.jsonl+matrix.csv+exam_identity.json+skill_overrides.json,no
BJ-2025-DC-QIMO-Q18#2,BJ-2025-DC-QIMO-Q18,BJ-2025-DC-QIMO,BJ-2025-DC-QIMO,18,主观题,2,小问,6cca46329cdb9cd6,不明,OUT,COLLECTED,MAYBE,OUT,MAYBE,MAYBE,MAYBE,COLLECTED,MAYBE,待裁决-证据未核实,待裁决-证据未核实候选,该题正式评分材料候选存在候选/存在冲突，未确认匹配，不下判,,,,,,BJ-2025-DC-QIMO-Q18,2026-09-24-attribution-v3,classify.py:classified_prod.jsonl+matrix.csv+exam_identity.json+skill_overrides.json,no
BJ-2025-DC-QIMO-Q20,BJ-2025-DC-QIMO-Q20,BJ-2025-DC-QIMO,BJ-2025-DC-QIMO,20,主观题,,整题,aa4aaf7b79943907,倾向,OUT,COLLECTED,OUT,MAYBE,OUT,IN,OUT,MAYBE,OUT,待裁决-证据未核实,待裁决-证据未核实候选,该题正式评分材料候选存在候选/存在冲突，未确认匹配，不下判,,,,,,BJ-2025-DC-QIMO-Q20,2026-09-24-attribution-v3,classify.py:classified_prod.jsonl+matrix.csv+exam_identity.json+skill_overrides.json,no
BJ-2025-DC-QIMO-Q21,BJ-2025-DC-QIMO-Q21,BJ-2025-DC-QIMO,BJ-2025-DC-QIMO,21,主观题,,整题,dd35bc1bf9dc2d0e,不明,MAYBE,COLLECTED,COLLECTED,COLLECTED,COLLECTED,MAYBE,MAYBE,MAYBE,MAYBE,待裁决-证据未核实,待裁决-证据未核实候选,该题正式评分材料候选存在候选/存在冲突，未确认匹配，不下判,,,,,,BJ-2025-DC-QIMO-Q21,2026-09-24-attribution-v3,classify.py:classified_prod.jsonl+matrix.csv+exam_identity.json+skill_overrides.json,no
BJ-2025-DC-QIMO-Q3,BJ-2025-DC-QIMO-Q3,BJ-2025-DC-QIMO,BJ-2025-DC-QIMO,3,选择题,,整题,67305796de509864,不明,OUT,MAYBE,MAYBE,COLLECTED,COLLECTED,MAYBE,OUT,OUT,MAYBE,完整题-选择题照收,E1,逐题已匹配正式评分材料,,,,,,BJ-2025-DC-QIMO-Q3,2026-09-24-attribution-v3,classify.py:classified_prod.jsonl+matrix.csv+exam_identity.json+skill_overrides.json,no
BJ-2025-DC-QIMO-Q1,BJ-2025-DC-QIMO-Q1,BJ-2025-DC-QIMO,BJ-2025-DC-QIMO,1,选择题,,整题,a416a2be90796cd0,不明,MAYBE,MAYBE,MAYBE,COLLECTED,MAYBE,MAYBE,OUT,OUT,OUT,完整题-选择题照收,答案键来源未核实(候选未确认),该题正式评分材料候选存在候选/存在冲突，未确认匹配，不下判,,,,,,BJ-2025-DC-QIMO-Q1,2026-09-24-attribution-v3,classify.py:classified_prod.jsonl+matrix.csv+exam_identity.json+skill_overrides.json,no
BJ-2025-DC-QIMO-Q2,BJ-2025-DC-QIMO-Q2,BJ-2025-DC-QIMO,BJ-2025-DC-QIMO,2,选择题,,整题,45df856c3df1ff06,不明,MAYBE,MAYBE,MAYBE,MAYBE,MAYBE,IN,OUT,OUT,OUT,完整题-选择题照收,答案键来源未核实(候选未确认),该题正式评分材料候选存在候选/存在冲突，未确认匹配，不下判,,,,,,BJ-2025-DC-QIMO-Q2,2026-09-24-attribution-v3,classify.py:classified_prod.jsonl+matrix.csv+exam_identity.json+skill_overrides.json,no
BJ-2025-DC-QIMO-Q4,BJ-2025-DC-QIMO-Q4,BJ-2025-DC-QIMO,BJ-2025-DC-QIMO,4,选择题,,整题,cfcbd6cf51a16dc7,倾向,OUT,MAYBE,MAYBE,COLLECTED,COLLECTED,OUT,OUT,OUT,OUT,完整题-选择题照收,答案键来源未核实(候选未确认),该题正式评分材料候选存在候选/存在冲突，未确认匹配，不下判,,,,,,BJ-2025-DC-QIMO-Q4,2026-09-24-attribution-v3,classify.py:classified_prod.jsonl+matrix.csv+exam_identity.json+skill_overrides.json,no
BJ-2025-DC-QIMO-Q5,BJ-2025-DC-QIMO-Q5,BJ-2025-DC-QIMO,BJ-2025-DC-QIMO,5,选择题,,整题,6cdd5b9dcfe13f28,不明,OUT,MAYBE,MAYBE,COLLECTED,MAYBE,MAYBE,OUT,COLLECTED,MAYBE,完整题-选择题照收,答案键来源未核实(候选未确认),该题正式评分材料候选存在候选/存在冲突，未确认匹配，不下判,,,,,,BJ-2025-DC-QIMO-Q5,2026-09-24-attribution-v3,classify.py:classified_prod.jsonl+matrix.csv+exam_identity.json+skill_overrides.json,no
BJ-2025-DC-QIMO-Q6,BJ-2025-DC-QIMO-Q6,BJ-2025-DC-QIMO,BJ-2025-DC-QIMO,6,选择题,,整题,38f48ed892938b8a,不明,OUT,MAYBE,COLLECTED,MAYBE,MAYBE,OUT,MAYBE,OUT,MAYBE,完整题-选择题照收,答案键来源未核实(候选未确认),该题正式评分材料候选存在候选/存在冲突，未确认匹配，不下判,,,,,,BJ-2025-DC-QIMO-Q6,2026-09-24-attribution-v3,classify.py:classified_prod.jsonl+matrix.csv+exam_identity.json+skill_overrides.json,no
BJ-2025-DC-QIMO-Q7,BJ-2025-DC-QIMO-Q7,BJ-2025-DC-QIMO,BJ-2025-DC-QIMO,7,选择题,,整题,7f45941dbb2432ef,不明,OUT,COLLECTED,MAYBE,MAYBE,MAYBE,OUT,MAYBE,MAYBE,IN,完整题-选择题照收,答案键来源未核实(候选未确认),该题正式评分材料候选存在候选/存在冲突，未确认匹配，不下判,,,,,,BJ-2025-DC-QIMO-Q7,2026-09-24-attribution-v3,classify.py:classified_prod.jsonl+matrix.csv+exam_identity.json+skill_overrides.json,no
BJ-2025-DC-QIMO-Q8,BJ-2025-DC-QIMO-Q8,BJ-2025-DC-QIMO,BJ-2025-DC-QIMO,8,选择题,,整题,a33df8d8407f0313,不明,OUT,COLLECTED,MAYBE,MAYBE,MAYBE,OUT,OUT,MAYBE,MAYBE,完整题-选择题照收,答案键来源未核实(候选未确认),该题正式评分材料候选存在候选/存在冲突，未确认匹配，不下判,,,,,,BJ-2025-DC-QIMO-Q8,2026-09-24-attribution-v3,classify.py:classified_prod.jsonl+matrix.csv+exam_identity.json+skill_overrides.json,no
BJ-2025-DC-QIMO-Q9,BJ-2025-DC-QIMO-Q9,BJ-2025-DC-QIMO,BJ-2025-DC-QIMO,9,选择题,,整题,13f7246394a39165,不明,OUT,MAYBE,MAYBE,MAYBE,MAYBE,COLLECTED,MAYBE,MAYBE,MAYBE,完整题-选择题照收,答案键来源未核实(候选未确认),该题正式评分材料候选存在候选/存在冲突，未确认匹配，不下判,,,,,,BJ-2025-DC-QIMO-Q9,2026-09-24-attribution-v3,classify.py:classified_prod.jsonl+matrix.csv+exam_identity.json+skill_overrides.json,no
BJ-2025-DC-QIMO-Q10,BJ-2025-DC-QIMO-Q10,BJ-2025-DC-QIMO,BJ-2025-DC-QIMO,10,选择题,,整题,aef36e5633611d7b,不明,OUT,IN,MAYBE,OUT,MAYBE,COLLECTED,MAYBE,OUT,MAYBE,完整题-选择题照收,答案键来源未核实(候选未确认),该题正式评分材料候选存在候选/存在冲突，未确认匹配，不下判,,,,,,BJ-2025-DC-QIMO-Q10,2026-09-24-attribution-v3,classify.py:classified_prod.jsonl+matrix.csv+exam_identity.json+skill_overrides.json,no
BJ-2025-DC-QIMO-Q11,BJ-2025-DC-QIMO-Q11,BJ-2025-DC-QIMO,BJ-2025-DC-QIMO,11,选择题,,整题,d5d6c3c55669e7d1,倾向,OUT,MAYBE,COLLECTED,OUT,OUT,OUT,COLLECTED,OUT,MAYBE,完整题-选择题照收,答案键来源未核实(候选未确认),该题正式评分材料候选存在候选/存在冲突，未确认匹配，不下判,,,,,,BJ-2025-DC-QIMO-Q11,2026-09-24-attribution-v3,classify.py:classified_prod.jsonl+matrix.csv+exam_identity.json+skill_overrides.json,no
BJ-2025-DC-QIMO-Q12,BJ-2025-DC-QIMO-Q12,BJ-2025-DC-QIMO,BJ-2025-DC-QIMO,12,选择题,,整题,ed6569baae78bdbb,不明,MAYBE,IN,MAYBE,OUT,OUT,MAYBE,COLLECTED,OUT,MAYBE,完整题-选择题照收,答案键来源未核实(候选未确认),该题正式评分材料候选存在候选/存在冲突，未确认匹配，不下判,,,,,,BJ-2025-DC-QIMO-Q12,2026-09-24-attribution-v3,classify.py:classified_prod.jsonl+matrix.csv+exam_identity.json+skill_overrides.json,no
BJ-2025-DC-QIMO-Q13,BJ-2025-DC-QIMO-Q13,BJ-2025-DC-QIMO,BJ-2025-DC-QIMO,13,选择题,,整题,080fe3af2ac21d48,不明,MAYBE,MAYBE,MAYBE,OUT,OUT,MAYBE,MAYBE,OUT,COLLECTED,完整题-选择题照收,答案键来源未核实(候选未确认),该题正式评分材料候选存在候选/存在冲突，未确认匹配，不下判,,,,,,BJ-2025-DC-QIMO-Q13,2026-09-24-attribution-v3,classify.py:classified_prod.jsonl+matrix.csv+exam_identity.json+skill_overrides.json,no
BJ-2025-DC-QIMO-Q14,BJ-2025-DC-QIMO-Q14,BJ-2025-DC-QIMO,BJ-2025-DC-QIMO,14,选择题,,整题,dc576cb7c278eb89,不明,MAYBE,IN,MAYBE,OUT,MAYBE,MAYBE,OUT,OUT,COLLECTED,完整题-选择题照收,答案键来源未核实(候选未确认),该题正式评分材料候选存在候选/存在冲突，未确认匹配，不下判,,,,,,BJ-2025-DC-QIMO-Q14,2026-09-24-attribution-v3,classify.py:classified_prod.jsonl+matrix.csv+exam_identity.json+skill_overrides.json,no
BJ-2025-DC-QIMO-Q15,BJ-2025-DC-QIMO-Q15,BJ-2025-DC-QIMO,BJ-2025-DC-QIMO,15,选择题,,整题,fd6a636841fc83df,不明,MAYBE,MAYBE,MAYBE,OUT,OUT,MAYBE,OUT,OUT,COLLECTED,完整题-选择题照收,答案键来源未核实(候选未确认),该题正式评分材料候选存在候选/存在冲突，未确认匹配，不下判,,,,,,BJ-2025-DC-QIMO-Q15,2026-09-24-attribution-v3,classify.py:classified_prod.jsonl+matrix.csv+exam_identity.json+skill_overrides.json,no
BJ-2025-DC-QIMO-Q19#3,BJ-2025-DC-QIMO-Q19,BJ-2025-DC-QIMO,BJ-2025-DC-QIMO,19,主观题,3,小问,88b0eb2bd59a41d5,不明,OUT,MAYBE,COLLECTED,MAYBE,MAYBE,MAYBE,COLLECTED,MAYBE,OUT,待裁决-证据未核实,待裁决-证据未核实候选,该题正式评分材料候选存在候选/存在冲突，未确认匹配，不下判,,,,,,BJ-2025-DC-QIMO-Q19,2026-09-24-attribution-v3,classify.py:classified_prod.jsonl+matrix.csv+exam_identity.json+skill_overrides.json,no
BJ-2025-FT-QIMO-Q1,BJ-2025-FT-QIMO-Q1,BJ-2025-FT-QIMO,BJ-2025-FT-QIMO,1,选择题,,整题,f318353eec76cdf8,倾向,MAYBE,MAYBE,MAYBE,COLLECTED,COLLECTED,OUT,OUT,OUT,OUT,完整题-选择题照收,E1,逐题已匹配正式评分材料,,,,,,BJ-2025-FT-QIMO-Q1,2026-09-24-attribution-v3,classify.py:classified_prod.jsonl+matrix.csv+exam_identity.json+skill_overrides.json,no
BJ-2025-FT-QIMO-Q2,BJ-2025-FT-QIMO-Q2,BJ-2025-FT-QIMO,BJ-2025-FT-QIMO,2,选择题,,整题,437f4c69b7e12d38,不明,OUT,MAYBE,COLLECTED,MAYBE,MAYBE,MAYBE,OUT,OUT,OUT,完整题-选择题照收,答案键来源未核实(候选未确认),该题正式评分材料候选存在候选/存在冲突，未确认匹配，不下判,,,,,,BJ-2025-FT-QIMO-Q2,2026-09-24-attribution-v3,classify.py:classified_prod.jsonl+matrix.csv+exam_identity.json+skill_overrides.json,no
BJ-2025-FT-QIMO-Q3,BJ-2025-FT-QIMO-Q3,BJ-2025-FT-QIMO,BJ-2025-FT-QIMO,3,选择题,,整题,c6a0f86d4ad2b39a,倾向,OUT,COLLECTED,COLLECTED,MAYBE,MAYBE,MAYBE,OUT,OUT,OUT,完整题-选择题照收,E1,逐题已匹配正式评分材料,,,,,,BJ-2025-FT-QIMO-Q3,2026-09-24-attribution-v3,classify.py:classified_prod.jsonl+matrix.csv+exam_identity.json+skill_overrides.json,no
BJ-2025-FT-QIMO-Q16,BJ-2025-FT-QIMO-Q16,BJ-2025-FT-QIMO,BJ-2025-FT-QIMO,16,主观题,,整题,f60cef3e97a5d2eb,不明,MAYBE,MAYBE,MAYBE,COLLECTED,MAYBE,MAYBE,MAYBE,MAYBE,MAYBE,完整题-有E1,E1,逐题已匹配正式评分材料,,,,,,BJ-2025-FT-QIMO-Q16,2026-09-24-attribution-v3,classify.py:classified_prod.jsonl+matrix.csv+exam_identity.json+skill_overrides.json,no
BJ-2025-FT-QIMO-Q17#1,BJ-2025-FT-QIMO-Q17,BJ-2025-FT-QIMO,BJ-2025-FT-QIMO,17,主观题,1,小问,71976c371998268b,不明,MAYBE,COLLECTED,COLLECTED,COLLECTED,MAYBE,MAYBE,MAYBE,MAYBE,MAYBE,完整题-有E1,E1,逐题已匹配正式评分材料,,,,,,BJ-2025-FT-QIMO-Q17,2026-09-24-attribution-v3,classify.py:classified_prod.jsonl+matrix.csv+exam_identity.json+skill_overrides.json,no
BJ-2025-FT-QIMO-Q17#2,BJ-2025-FT-QIMO-Q17,BJ-2025-FT-QIMO,BJ-2025-FT-QIMO,17,主观题,2,小问,9b993389738aa6e1,不明,MAYBE,COLLECTED,COLLECTED,COLLECTED,MAYBE,MAYBE,MAYBE,MAYBE,MAYBE,完整题-有E1,E1,逐题已匹配正式评分材料,,,,,,BJ-2025-FT-QIMO-Q17,2026-09-24-attribution-v3,classify.py:classified_prod.jsonl+matrix.csv+exam_identity.json+skill_overrides.json,no
BJ-2025-FT-QIMO-Q17#3,BJ-2025-FT-QIMO-Q17,BJ-2025-FT-QIMO,BJ-2025-FT-QIMO,17,主观题,3,小问,f8ec503c437ff91d,不明,MAYBE,COLLECTED,COLLECTED,COLLECTED,MAYBE,MAYBE,MAYBE,MAYBE,MAYBE,完整题-有E1,E1,逐题已匹配正式评分材料,,,,,,BJ-2025-FT-QIMO-Q17,2026-09-24-attribution-v3,classify.py:classified_prod.jsonl+matrix.csv+exam_identity.json+skill_overrides.json,no
BJ-2025-FT-QIMO-Q20,BJ-2025-FT-QIMO-Q20,BJ-2025-FT-QIMO,BJ-2025-FT-QIMO,20,主观题,,整题,f6c663427033fe98,不明,MAYBE,MAYBE,MAYBE,MAYBE,MAYBE,COLLECTED,MAYBE,MAYBE,MAYBE,完整题-有E1,E1,逐题已匹配正式评分材料,,,,,,BJ-2025-FT-QIMO-Q20,2026-09-24-attribution-v3,classify.py:classified_prod.jsonl+matrix.csv+exam_identity.json+skill_overrides.json,no
BJ-2025-FT-QIMO-Q4,BJ-2025-FT-QIMO-Q4,BJ-2025-FT-QIMO,BJ-2025-FT-QIMO,4,选择题,,整题,753ad2017712c25f,倾向,OUT,MAYBE,MAYBE,COLLECTED,COLLECTED,MAYBE,OUT,OUT,OUT,完整题-选择题照收,答案键来源未核实(候选未确认),该题正式评分材料候选存在候选/存在冲突，未确认匹配，不下判,,,,,,BJ-2025-FT-QIMO-Q4,2026-09-24-attribution-v3,classify.py:classified_prod.jsonl+matrix.csv+exam_identity.json+skill_overrides.json,no
BJ-2025-FT-QIMO-Q5,BJ-2025-FT-QIMO-Q5,BJ-2025-FT-QIMO,BJ-2025-FT-QIMO,5,选择题,,整题,b04cd895a6c1e653,不明,OUT,COLLECTED,MAYBE,MAYBE,MAYBE,MAYBE,OUT,MAYBE,MAYBE,完整题-选择题照收,答案键来源未核实(候选未确认),该题正式评分材料候选存在候选/存在冲突，未确认匹配，不下判,,,,,,BJ-2025-FT-QIMO-Q5,2026-09-24-attribution-v3,classify.py:classified_prod.jsonl+matrix.csv+exam_identity.json+skill_overrides.json,no
BJ-2025-FT-QIMO-Q6,BJ-2025-FT-QIMO-Q6,BJ-2025-FT-QIMO,BJ-2025-FT-QIMO,6,选择题,,整题,e8d6c4478cd3f020,不明,OUT,MAYBE,MAYBE,MAYBE,COLLECTED,OUT,MAYBE,OUT,MAYBE,完整题-选择题照收,答案键来源未核实(候选未确认),该题正式评分材料候选存在候选/存在冲突，未确认匹配，不下判,,,,,,BJ-2025-FT-QIMO-Q6,2026-09-24-attribution-v3,classify.py:classified_prod.jsonl+matrix.csv+exam_identity.json+skill_overrides.json,no
BJ-2025-FT-QIMO-Q7,BJ-2025-FT-QIMO-Q7,BJ-2025-FT-QIMO,BJ-2025-FT-QIMO,7,选择题,,整题,5c785544d62a4368,不明,OUT,MAYBE,MAYBE,COLLECTED,MAYBE,OUT,MAYBE,COLLECTED,MAYBE,完整题-选择题照收,答案键来源未核实(候选未确认),该题正式评分材料候选存在候选/存在冲突，未确认匹配，不下判,,,,,,BJ-2025-FT-QIMO-Q7,2026-09-24-attribution-v3,classify.py:classified_prod.jsonl+matrix.csv+exam_identity.json+skill_overrides.json,no
BJ-2025-FT-QIMO-Q8,BJ-2025-FT-QIMO-Q8,BJ-2025-FT-QIMO,BJ-2025-FT-QIMO,8,选择题,,整题,a8934a5a57fc2dc2,不明,OUT,MAYBE,MAYBE,MAYBE,MAYBE,OUT,OUT,COLLECTED,MAYBE,完整题-选择题照收,答案键来源未核实(候选未确认),该题正式评分材料候选存在候选/存在冲突，未确认匹配，不下判,,,,,,BJ-2025-FT-QIMO-Q8,2026-09-24-attribution-v3,classify.py:classified_prod.jsonl+matrix.csv+exam_identity.json+skill_overrides.json,no
BJ-2025-FT-QIMO-Q9,BJ-2025-FT-QIMO-Q9,BJ-2025-FT-QIMO,BJ-2025-FT-QIMO,9,选择题,,整题,5385584dfc52db2d,不明,OUT,MAYBE,MAYBE,MAYBE,MAYBE,OUT,MAYBE,MAYBE,COLLECTED,完整题-选择题照收,答案键来源未核实(候选未确认),该题正式评分材料候选存在候选/存在冲突，未确认匹配，不下判,,,,,,BJ-2025-FT-QIMO-Q9,2026-09-24-attribution-v3,classify.py:classified_prod.jsonl+matrix.csv+exam_identity.json+skill_overrides.json,no
BJ-2025-FT-QIMO-Q10,BJ-2025-FT-QIMO-Q10,BJ-2025-FT-QIMO,BJ-2025-FT-QIMO,10,选择题,,整题,58744eab0b3bac43,不明,OUT,MAYBE,MAYBE,OUT,MAYBE,OUT,MAYBE,MAYBE,COLLECTED,完整题-选择题照收,答案键来源未核实(候选未确认),该题正式评分材料候选存在候选/存在冲突，未确认匹配，不下判,,,,,,BJ-2025-FT-QIMO-Q10,2026-09-24-attribution-v3,classify.py:classified_prod.jsonl+matrix.csv+exam_identity.json+skill_overrides.json,no
BJ-2025-FT-QIMO-Q11,BJ-2025-FT-QIMO-Q11,BJ-2025-FT-QIMO,BJ-2025-FT-QIMO,11,选择题,,整题,793cf9178bb73b4b,倾向,OUT,OUT,COLLECTED,OUT,OUT,OUT,COLLECTED,OUT,MAYBE,完整题-选择题照收,答案键来源未核实(候选未确认),该题正式评分材料候选存在候选/存在冲突，未确认匹配，不下判,,,,,,BJ-2025-FT-QIMO-Q11,2026-09-24-attribution-v3,classify.py:classified_prod.jsonl+matrix.csv+exam_identity.json+skill_overrides.json,no
BJ-2025-FT-QIMO-Q12,BJ-2025-FT-QIMO-Q12,BJ-2025-FT-QIMO,BJ-2025-FT-QIMO,12,选择题,,整题,d6be044278fdd848,不明,MAYBE,MAYBE,MAYBE,OUT,OUT,MAYBE,COLLECTED,OUT,MAYBE,完整题-选择题照收,答案键来源未核实(候选未确认),该题正式评分材料候选存在候选/存在冲突，未确认匹配，不下判,,,,,,BJ-2025-FT-QIMO-Q12,2026-09-24-attribution-v3,classify.py:classified_prod.jsonl+matrix.csv+exam_identity.json+skill_overrides.json,no
BJ-2025-FT-QIMO-Q13,BJ-2025-FT-QIMO-Q13,BJ-2025-FT-QIMO,BJ-2025-FT-QIMO,13,选择题,,整题,ed795deff26389ae,不明,MAYBE,COLLECTED,MAYBE,OUT,OUT,MAYBE,MAYBE,OUT,MAYBE,完整题-选择题照收,答案键来源未核实(候选未确认),该题正式评分材料候选存在候选/存在冲突，未确认匹配，不下判,,,,,,BJ-2025-FT-QIMO-Q13,2026-09-24-attribution-v3,classify.py:classified_prod.jsonl+matrix.csv+exam_identity.json+skill_overrides.json,no
BJ-2025-FT-QIMO-Q14,BJ-2025-FT-QIMO-Q14,BJ-2025-FT-QIMO,BJ-2025-FT-QIMO,14,选择题,,整题,bec69025e080645a,不明,MAYBE,COLLECTED,MAYBE,OUT,OUT,MAYBE,OUT,OUT,MAYBE,完整题-选择题照收,答案键来源未核实(候选未确认),该题正式评分材料候选存在候选/存在冲突，未确认匹配，不下判,,,,,,BJ-2025-FT-QIMO-Q14,2026-09-24-attribution-v3,classify.py:classified_prod.jsonl+matrix.csv+exam_identity.json+skill_overrides.json,no
BJ-2025-FT-QIMO-Q15,BJ-2025-FT-QIMO-Q15,BJ-2025-FT-QIMO,BJ-2025-FT-QIMO,15,选择题,,整题,20a6a0c6729dcc95,倾向,MAYBE,COLLECTED,MAYBE,OUT,OUT,COLLECTED,OUT,OUT,MAYBE,完整题-选择题照收,答案键来源未核实(候选未确认),该题正式评分材料候选存在候选/存在冲突，未确认匹配，不下判,,,,,,BJ-2025-FT-QIMO-Q15,2026-09-24-attribution-v3,classify.py:classified_prod.jsonl+matrix.csv+exam_identity.json+skill_overrides.json,no
BJ-2025-FT-QIMO-Q18#1,BJ-2025-FT-QIMO-Q18,BJ-2025-FT-QIMO,BJ-2025-FT-QIMO,18,主观题,1,小问,7a9fe1f650d130dd,不明,MAYBE,COLLECTED,COLLECTED,MAYBE,MAYBE,MAYBE,MAYBE,MAYBE,COLLECTED,待裁决-证据未核实,待裁决-证据未核实候选,该题正式评分材料候选存在候选/存在冲突，未确认匹配，不下判,,,,,,BJ-2025-FT-QIMO-Q18,2026-09-24-attribution-v3,classify.py:classified_prod.jsonl+matrix.csv+exam_identity.json+skill_overrides.json,no
BJ-2025-FT-QIMO-Q18#2,BJ-2025-FT-QIMO-Q18,BJ-2025-FT-QIMO,BJ-2025-FT-QIMO,18,主观题,2,小问,aee69f2dc5215cbe,不明,MAYBE,COLLECTED,COLLECTED,MAYBE,MAYBE,MAYBE,MAYBE,MAYBE,COLLECTED,待裁决-证据未核实,待裁决-证据未核实候选,该题正式评分材料候选存在候选/存在冲突，未确认匹配，不下判,,,,,,BJ-2025-FT-QIMO-Q18,2026-09-24-attribution-v3,classify.py:classified_prod.jsonl+matrix.csv+exam_identity.json+skill_overrides.json,no
BJ-2025-FT-QIMO-Q18#3,BJ-2025-FT-QIMO-Q18,BJ-2025-FT-QIMO,BJ-2025-FT-QIMO,18,主观题,3,小问,93e76c0ff86b2906,不明,MAYBE,COLLECTED,COLLECTED,MAYBE,MAYBE,MAYBE,MAYBE,MAYBE,COLLECTED,待裁决-证据未核实,待裁决-证据未核实候选,该题正式评分材料候选存在候选/存在冲突，未确认匹配，不下判,,,,,,BJ-2025-FT-QIMO-Q18,2026-09-24-attribution-v3,classify.py:classified_prod.jsonl+matrix.csv+exam_identity.json+skill_overrides.json,no
BJ-2025-FT-QIMO-Q19#1,BJ-2025-FT-QIMO-Q19,BJ-2025-FT-QIMO,BJ-2025-FT-QIMO,19,主观题,1,小问,578ded7c35b680e5,不明,MAYBE,MAYBE,MAYBE,MAYBE,MAYBE,MAYBE,COLLECTED,MAYBE,MAYBE,待裁决-证据未核实,待裁决-证据未核实候选,该题正式评分材料候选存在候选/存在冲突，未确认匹配，不下判,,,,,,BJ-2025-FT-QIMO-Q19,2026-09-24-attribution-v3,classify.py:classified_prod.jsonl+matrix.csv+exam_identity.json+skill_overrides.json,no
BJ-2025-FT-QIMO-Q21,BJ-2025-FT-QIMO-Q21,BJ-2025-FT-QIMO,BJ-2025-FT-QIMO,21,主观题,,整题,649f872007c98ee0,不明,MAYBE,COLLECTED,COLLECTED,MAYBE,MAYBE,MAYBE,MAYBE,MAYBE,MAYBE,待裁决-证据未核实,待裁决-证据未核实候选,该题正式评分材料候选存在候选/存在冲突，未确认匹配，不下判,,,,,,BJ-2025-FT-QIMO-Q21,2026-09-24-attribution-v3,classify.py:classified_prod.jsonl+matrix.csv+exam_identity.json+skill_overrides.json,no
BJ-2025-CY-QIMO-Q16,BJ-2025-CY-QIMO-Q16,BJ-2025-CY-QIMO,BJ-2025-CY-QIMO,16,主观题,,整题,7f85f65ba0948208,确定,MAYBE,MAYBE,MAYBE,COLLECTED,COLLECTED,MAYBE,MAYBE,MAYBE,MAYBE,待裁决-证据未核实,待裁决-证据未核实候选,该题正式评分材料候选存在候选/存在冲突，未确认匹配，不下判,B1:rubric_unreadable_not_OUT;B2:rubric_unreadable_not_OUT;B3:rubric_unreadable_not_OUT;X1:rubric_unreadable_not_OUT;X2:rubric_unreadable_not_OUT;MI:rubric_unreadable_not_OUT;RE:rubric_unreadable_not_OUT,,,,,BJ-2025-CY-QIMO-Q16,2026-09-24-attribution-v3,classify.py:classified_prod.jsonl+matrix.csv+exam_identity.json+skill_overrides.json,no
BJ-2025-CY-QIMO-Q18,BJ-2025-CY-QIMO-Q18,BJ-2025-CY-QIMO,BJ-2025-CY-QIMO,18,主观题,,整题,d9aeaa36c12b4e0d,确定,MAYBE,COLLECTED,MAYBE,MAYBE,MAYBE,MAYBE,MAYBE,MAYBE,MAYBE,待裁决-证据未核实,待裁决-证据未核实候选,该题正式评分材料候选存在候选/存在冲突，未确认匹配，不下判,B1:rubric_unreadable_not_OUT;B3:rubric_unreadable_not_OUT;PH:rubric_unreadable_not_OUT;CU:rubric_unreadable_not_OUT;X1:rubric_unreadable_not_OUT;X2:rubric_unreadable_not_OUT;MI:rubric_unreadable_not_OUT;RE:rubric_unreadable_not_OUT,,,,,BJ-2025-CY-QIMO-Q18,2026-09-24-attribution-v3,classify.py:classified_prod.jsonl+matrix.csv+exam_identity.json+skill_overrides.json,no
BJ-2025-CY-QIMO-Q19,BJ-2025-CY-QIMO-Q19,BJ-2025-CY-QIMO,BJ-2025-CY-QIMO,19,主观题,,整题,3ea6001addec1606,倾向,MAYBE,MAYBE,MAYBE,MAYBE,MAYBE,MAYBE,MAYBE,MAYBE,COLLECTED,待裁决-证据未核实,待裁决-证据未核实候选,该题正式评分材料候选存在候选/存在冲突，未确认匹配，不下判,B1:rubric_unreadable_not_OUT;B2:rubric_unreadable_not_OUT;B3:rubric_unreadable_not_OUT;PH:rubric_unreadable_not_OUT;CU:rubric_unreadable_not_OUT;X1:rubric_unreadable_not_OUT;X2:rubric_unreadable_not_OUT,,,,,BJ-2025-CY-QIMO-Q19,2026-09-24-attribution-v3,classify.py:classified_prod.jsonl+matrix.csv+exam_identity.json+skill_overrides.json,no
BJ-2025-CY-QIMO-Q20,BJ-2025-CY-QIMO-Q20,BJ-2025-CY-QIMO,BJ-2025-CY-QIMO,20,主观题,,整题,5bf501d44cc2c4ef,倾向,OUT,OUT,OUT,OUT,OUT,OUT,COLLECTED,OUT,MAYBE,待裁决-证据未核实,待裁决-证据未核实候选,该题正式评分材料候选存在候选/存在冲突，未确认匹配，不下判,,,,,,BJ-2025-CY-QIMO-Q20,2026-09-24-attribution-v3,classify.py:classified_prod.jsonl+matrix.csv+exam_identity.json+skill_overrides.json,no
BJ-2025-CY-QIMO-Q21,BJ-2025-CY-QIMO-Q21,BJ-2025-CY-QIMO,BJ-2025-CY-QIMO,21,主观题,,整题,6a8309fd8169a7e5,倾向,MAYBE,MAYBE,MAYBE,MAYBE,MAYBE,COLLECTED,MAYBE,MAYBE,MAYBE,待裁决-证据未核实,待裁决-证据未核实候选,该题正式评分材料候选存在候选/存在冲突，未确认匹配，不下判,B2:rubric_unreadable_not_OUT;B3:rubric_unreadable_not_OUT;PH:rubric_unreadable_not_OUT;CU:rubric_unreadable_not_OUT;X2:rubric_unreadable_not_OUT;MI:rubric_unreadable_not_OUT;RE:rubric_unreadable_not_OUT,,,,,BJ-2025-CY-QIMO-Q21,2026-09-24-attribution-v3,classify.py:classified_prod.jsonl+matrix.csv+exam_identity.json+skill_overrides.json,no
BJ-2025-CY-QIMO-Q22,BJ-2025-CY-QIMO-Q22,BJ-2025-CY-QIMO,BJ-2025-CY-QIMO,22,主观题,,整题,df48292362320e2b,不明,MAYBE,MAYBE,MAYBE,COLLECTED,MAYBE,MAYBE,MAYBE,MAYBE,MAYBE,待裁决-证据未核实,待裁决-证据未核实候选,该题正式评分材料候选存在候选/存在冲突，未确认匹配，不下判,,,,,,BJ-2025-CY-QIMO-Q22,2026-09-24-attribution-v3,classify.py:classified_prod.jsonl+matrix.csv+exam_identity.json+skill_overrides.json,no
BJ-2025-CY-QIMO-Q1,BJ-2025-CY-QIMO-Q1,BJ-2025-CY-QIMO,BJ-2025-CY-QIMO,1,选择题,,整题,93858fa7cd72f1f8,不明,IN,MAYBE,MAYBE,MAYBE,MAYBE,OUT,OUT,OUT,OUT,完整题-选择题照收,答案键来源未核实(候选未确认),该题正式评分材料候选存在候选/存在冲突，未确认匹配，不下判,,,,,,BJ-2025-CY-QIMO-Q1,2026-09-24-attribution-v3,classify.py:classified_prod.jsonl+matrix.csv+exam_identity.json+skill_overrides.json,no
BJ-2025-CY-QIMO-Q2,BJ-2025-CY-QIMO-Q2,BJ-2025-CY-QIMO,BJ-2025-CY-QIMO,2,选择题,,整题,df9c365fd084bdaf,倾向,OUT,MAYBE,MAYBE,COLLECTED,COLLECTED,OUT,OUT,OUT,OUT,完整题-选择题照收,答案键来源未核实(候选未确认),该题正式评分材料候选存在候选/存在冲突，未确认匹配，不下判,,,,,,BJ-2025-CY-QIMO-Q2,2026-09-24-attribution-v3,classify.py:classified_prod.jsonl+matrix.csv+exam_identity.json+skill_overrides.json,no
BJ-2025-CY-QIMO-Q3,BJ-2025-CY-QIMO-Q3,BJ-2025-CY-QIMO,BJ-2025-CY-QIMO,3,选择题,,整题,ec2c249eec46c6ef,倾向,OUT,COLLECTED,MAYBE,COLLECTED,COLLECTED,MAYBE,COLLECTED,OUT,OUT,完整题-选择题照收,答案键来源未核实(候选未确认),该题正式评分材料候选存在候选/存在冲突，未确认匹配，不下判,,,,,,BJ-2025-CY-QIMO-Q3,2026-09-24-attribution-v3,classify.py:classified_prod.jsonl+matrix.csv+exam_identity.json+skill_overrides.json,no
BJ-2025-CY-QIMO-Q4,BJ-2025-CY-QIMO-Q4,BJ-2025-CY-QIMO,BJ-2025-CY-QIMO,4,选择题,,整题,bca0df39097aa80c,倾向,OUT,COLLECTED,MAYBE,MAYBE,COLLECTED,OUT,OUT,OUT,MAYBE,完整题-选择题照收,答案键来源未核实(候选未确认),该题正式评分材料候选存在候选/存在冲突，未确认匹配，不下判,,,,,,BJ-2025-CY-QIMO-Q4,2026-09-24-attribution-v3,classify.py:classified_prod.jsonl+matrix.csv+exam_identity.json+skill_overrides.json,no
BJ-2025-CY-QIMO-Q5,BJ-2025-CY-QIMO-Q5,BJ-2025-CY-QIMO,BJ-2025-CY-QIMO,5,选择题,,整题,b1bd6d48accadc95,不明,OUT,MAYBE,MAYBE,MAYBE,MAYBE,MAYBE,OUT,MAYBE,COLLECTED,完整题-选择题照收,答案键来源未核实(候选未确认),该题正式评分材料候选存在候选/存在冲突，未确认匹配，不下判,,,,,,BJ-2025-CY-QIMO-Q5,2026-09-24-attribution-v3,classify.py:classified_prod.jsonl+matrix.csv+exam_identity.json+skill_overrides.json,no
BJ-2025-CY-QIMO-Q6,BJ-2025-CY-QIMO-Q6,BJ-2025-CY-QIMO,BJ-2025-CY-QIMO,6,选择题,,整题,fd16e17deed37e84,不明,OUT,MAYBE,MAYBE,MAYBE,MAYBE,OUT,MAYBE,OUT,COLLECTED,完整题-选择题照收,答案键来源未核实(候选未确认),该题正式评分材料候选存在候选/存在冲突，未确认匹配，不下判,,,,,,BJ-2025-CY-QIMO-Q6,2026-09-24-attribution-v3,classify.py:classified_prod.jsonl+matrix.csv+exam_identity.json+skill_overrides.json,no
BJ-2025-CY-QIMO-Q7,BJ-2025-CY-QIMO-Q7,BJ-2025-CY-QIMO,BJ-2025-CY-QIMO,7,选择题,,整题,4a955ef819c2aefa,不明,OUT,MAYBE,MAYBE,COLLECTED,COLLECTED,OUT,MAYBE,COLLECTED,MAYBE,完整题-选择题照收,答案键来源未核实(候选未确认),该题正式评分材料候选存在候选/存在冲突，未确认匹配，不下判,,,,CU,,BJ-2025-CY-QIMO-Q7,2026-09-24-attribution-v3,classify.py:classified_prod.jsonl+matrix.csv+exam_identity.json+skill_overrides.json,no
BJ-2025-CY-QIMO-Q8,BJ-2025-CY-QIMO-Q8,BJ-2025-CY-QIMO,BJ-2025-CY-QIMO,8,选择题,,整题,8c8632cfb3a48f33,不明,OUT,MAYBE,COLLECTED,MAYBE,MAYBE,OUT,OUT,MAYBE,MAYBE,完整题-选择题照收,答案键来源未核实(候选未确认),该题正式评分材料候选存在候选/存在冲突，未确认匹配，不下判,,,,,,BJ-2025-CY-QIMO-Q8,2026-09-24-attribution-v3,classify.py:classified_prod.jsonl+matrix.csv+exam_identity.json+skill_overrides.json,no
BJ-2025-CY-QIMO-Q9,BJ-2025-CY-QIMO-Q9,BJ-2025-CY-QIMO,BJ-2025-CY-QIMO,9,选择题,,整题,708faf21b49284a4,不明,OUT,IN,COLLECTED,COLLECTED,MAYBE,OUT,MAYBE,MAYBE,MAYBE,完整题-选择题照收,答案键来源未核实(候选未确认),该题正式评分材料候选存在候选/存在冲突，未确认匹配，不下判,,,,,,BJ-2025-CY-QIMO-Q9,2026-09-24-attribution-v3,classify.py:classified_prod.jsonl+matrix.csv+exam_identity.json+skill_overrides.json,no
BJ-2025-CY-QIMO-Q10,BJ-2025-CY-QIMO-Q10,BJ-2025-CY-QIMO,BJ-2025-CY-QIMO,10,选择题,,整题,39d4f765e1b1ff73,不明,OUT,MAYBE,MAYBE,OUT,MAYBE,OUT,COLLECTED,OUT,MAYBE,完整题-选择题照收,答案键来源未核实(候选未确认),该题正式评分材料候选存在候选/存在冲突，未确认匹配，不下判,,,,,,BJ-2025-CY-QIMO-Q10,2026-09-24-attribution-v3,classify.py:classified_prod.jsonl+matrix.csv+exam_identity.json+skill_overrides.json,no
BJ-2025-CY-QIMO-Q11,BJ-2025-CY-QIMO-Q11,BJ-2025-CY-QIMO,BJ-2025-CY-QIMO,11,选择题,,整题,0ae30d9fc62fcc1d,倾向,OUT,MAYBE,MAYBE,OUT,OUT,OUT,COLLECTED,OUT,MAYBE,完整题-选择题照收,答案键来源未核实(候选未确认),该题正式评分材料候选存在候选/存在冲突，未确认匹配，不下判,,,,,,BJ-2025-CY-QIMO-Q11,2026-09-24-attribution-v3,classify.py:classified_prod.jsonl+matrix.csv+exam_identity.json+skill_overrides.json,no
BJ-2025-CY-QIMO-Q12,BJ-2025-CY-QIMO-Q12,BJ-2025-CY-QIMO,BJ-2025-CY-QIMO,12,选择题,,整题,75c24d9c78a18c67,不明,MAYBE,COLLECTED,MAYBE,OUT,OUT,MAYBE,MAYBE,OUT,MAYBE,完整题-选择题照收,答案键来源未核实(候选未确认),该题正式评分材料候选存在候选/存在冲突，未确认匹配，不下判,,,,,,BJ-2025-CY-QIMO-Q12,2026-09-24-attribution-v3,classify.py:classified_prod.jsonl+matrix.csv+exam_identity.json+skill_overrides.json,no
BJ-2025-CY-QIMO-Q13,BJ-2025-CY-QIMO-Q13,BJ-2025-CY-QIMO,BJ-2025-CY-QIMO,13,选择题,,整题,e1331af2108a5ade,不明,MAYBE,COLLECTED,COLLECTED,OUT,OUT,MAYBE,MAYBE,OUT,MAYBE,完整题-选择题照收,答案键来源未核实(候选未确认),该题正式评分材料候选存在候选/存在冲突，未确认匹配，不下判,,,,,,BJ-2025-CY-QIMO-Q13,2026-09-24-attribution-v3,classify.py:classified_prod.jsonl+matrix.csv+exam_identity.json+skill_overrides.json,no
BJ-2025-CY-QIMO-Q14,BJ-2025-CY-QIMO-Q14,BJ-2025-CY-QIMO,BJ-2025-CY-QIMO,14,选择题,,整题,1a21431de2038c0e,不明,MAYBE,MAYBE,MAYBE,OUT,OUT,COLLECTED,OUT,OUT,MAYBE,完整题-选择题照收,答案键来源未核实(候选未确认),该题正式评分材料候选存在候选/存在冲突，未确认匹配，不下判,,,,,,BJ-2025-CY-QIMO-Q14,2026-09-24-attribution-v3,classify.py:classified_prod.jsonl+matrix.csv+exam_identity.json+skill_overrides.json,no
BJ-2025-CY-QIMO-Q15,BJ-2025-CY-QIMO-Q15,BJ-2025-CY-QIMO,BJ-2025-CY-QIMO,15,选择题,,整题,988b7a2a714ed15d,倾向,MAYBE,COLLECTED,MAYBE,OUT,OUT,COLLECTED,OUT,OUT,MAYBE,完整题-选择题照收,答案键来源未核实(候选未确认),该题正式评分材料候选存在候选/存在冲突，未确认匹配，不下判,,,,,,BJ-2025-CY-QIMO-Q15,2026-09-24-attribution-v3,classify.py:classified_prod.jsonl+matrix.csv+exam_identity.json+skill_overrides.json,no
BJ-2025-CY-QIMO-Q17,BJ-2025-CY-QIMO-Q17,BJ-2025-CY-QIMO,BJ-2025-CY-QIMO,17,主观题,,整题,34f25fbcb30fcbec,倾向,MAYBE,COLLECTED,COLLECTED,MAYBE,MAYBE,MAYBE,MAYBE,MAYBE,MAYBE,待裁决-证据未核实,待裁决-证据未核实候选,该题正式评分材料候选存在候选/存在冲突，未确认匹配，不下判,B1:rubric_unreadable_not_OUT;PH:rubric_unreadable_not_OUT;CU:rubric_unreadable_not_OUT;X2:rubric_unreadable_not_OUT;MI:rubric_unreadable_not_OUT;RE:rubric_unreadable_not_OUT,,,B2,,BJ-2025-CY-QIMO-Q17,2026-09-24-attribution-v3,classify.py:classified_prod.jsonl+matrix.csv+exam_identity.json+skill_overrides.json,no
BJ-2025-HD-QIZHONG-Q16#1,BJ-2025-HD-QIZHONG-Q16,BJ-2025-HD-QIZHONG,BJ-2024-HD-QIZHONG,16,主观题,1,小问,012de0938238c435,不明,MAYBE,COLLECTED,MAYBE,MAYBE,MAYBE,MAYBE,MAYBE,MAYBE,MAYBE,完整题-有E1,E1,逐题已匹配正式评分材料,,,,,,BJ-2025-HD-QIZHONG-Q16,2026-09-24-attribution-v3,classify.py:classified_prod.jsonl+matrix.csv+exam_identity.json+skill_overrides.json,no
BJ-2025-HD-QIZHONG-Q16#2,BJ-2025-HD-QIZHONG-Q16,BJ-2025-HD-QIZHONG,BJ-2024-HD-QIZHONG,16,主观题,2,小问,5da55b30076b86be,不明,MAYBE,COLLECTED,MAYBE,MAYBE,MAYBE,MAYBE,MAYBE,MAYBE,MAYBE,完整题-有E1,E1,逐题已匹配正式评分材料,,,,,,BJ-2025-HD-QIZHONG-Q16,2026-09-24-attribution-v3,classify.py:classified_prod.jsonl+matrix.csv+exam_identity.json+skill_overrides.json,no
BJ-2025-HD-QIZHONG-Q17,BJ-2025-HD-QIZHONG-Q17,BJ-2025-HD-QIZHONG,BJ-2024-HD-QIZHONG,17,主观题,,整题,272364423e837b7d,倾向,MAYBE,COLLECTED,MAYBE,MAYBE,MAYBE,MAYBE,MAYBE,MAYBE,MAYBE,完整题-有E1,E1,逐题已匹配正式评分材料,B1:rubric_unreadable_not_OUT;B3:rubric_unreadable_not_OUT;PH:rubric_unreadable_not_OUT;CU:rubric_unreadable_not_OUT;X1:rubric_unreadable_not_OUT;MI:rubric_unreadable_not_OUT;RE:rubric_unreadable_not_OUT;identity:dup_alias_qid_pairs合并(pair=BJ-2024-HD-QIZHONG-Q17),BJ-2024-HD-QIZHONG-Q17,,,,BJ-2024-HD-QIZHONG-Q17,2026-09-24-attribution-v3,classify.py:classified_prod.jsonl+matrix.csv+exam_identity.json+skill_overrides.json,no
BJ-2025-HD-QIZHONG-Q18,BJ-2025-HD-QIZHONG-Q18,BJ-2025-HD-QIZHONG,BJ-2024-HD-QIZHONG,18,主观题,,整题,29d8390fde2e99b6,不明,MAYBE,MAYBE,MAYBE,MAYBE,MAYBE,MAYBE,MAYBE,MAYBE,MAYBE,完整题-有E1,E1,逐题已匹配正式评分材料,,,,,,BJ-2025-HD-QIZHONG-Q18,2026-09-24-attribution-v3,classify.py:classified_prod.jsonl+matrix.csv+exam_identity.json+skill_overrides.json,no
BJ-2025-HD-QIZHONG-Q19,BJ-2025-HD-QIZHONG-Q19,BJ-2025-HD-QIZHONG,BJ-2024-HD-QIZHONG,19,主观题,,整题,31c0d9b69754c223,倾向,MAYBE,COLLECTED,COLLECTED,MAYBE,MAYBE,MAYBE,MAYBE,MAYBE,MAYBE,完整题-有E1,E1,逐题已匹配正式评分材料,B1:rubric_unreadable_not_OUT;CU:rubric_unreadable_not_OUT;X1:rubric_unreadable_not_OUT;MI:rubric_unreadable_not_OUT;RE:rubric_unreadable_not_OUT;identity:dup_alias_qid_pairs合并(pair=BJ-2024-HD-QIZHONG-Q19),BJ-2024-HD-QIZHONG-Q19,bixiu3,,,BJ-2024-HD-QIZHONG-Q19,2026-09-24-attribution-v3,classify.py:classified_prod.jsonl+matrix.csv+exam_identity.json+skill_overrides.json,no
BJ-2025-HD-QIZHONG-Q20,BJ-2025-HD-QIZHONG-Q20,BJ-2025-HD-QIZHONG,BJ-2024-HD-QIZHONG,20,主观题,,整题,79c587fe4e68b238,倾向,MAYBE,COLLECTED,MAYBE,MAYBE,MAYBE,MAYBE,MAYBE,MAYBE,MAYBE,完整题-有E1,E1,逐题已匹配正式评分材料,B1:rubric_unreadable_not_OUT;B3:rubric_unreadable_not_OUT;PH:rubric_unreadable_not_OUT;CU:rubric_unreadable_not_OUT;X1:rubric_unreadable_not_OUT;MI:rubric_unreadable_not_OUT;RE:rubric_unreadable_not_OUT;identity:dup_alias_qid_pairs合并(pair=BJ-2024-HD-QIZHONG-Q20),BJ-2024-HD-QIZHONG-Q20,,,,BJ-2024-HD-QIZHONG-Q20,2026-09-24-attribution-v3,classify.py:classified_prod.jsonl+matrix.csv+exam_identity.json+skill_overrides.json,no
BJ-2025-HD-QIZHONG-Q21#1,BJ-2025-HD-QIZHONG-Q21,BJ-2025-HD-QIZHONG,BJ-2024-HD-QIZHONG,21,主观题,1,小问,cb259a0e71227c71,不明,MAYBE,COLLECTED,COLLECTED,MAYBE,MAYBE,COLLECTED,COLLECTED,MAYBE,MAYBE,完整题-有E1,E1,逐题已匹配正式评分材料,identity:dup_alias_qid_pairs合并(pair=BJ-2024-HD-QIZHONG-Q21),BJ-2024-HD-QIZHONG-Q21,bixiu3;xuanbi1;xuanbi2,,,BJ-2024-HD-QIZHONG-Q21,2026-09-24-attribution-v3,classify.py:classified_prod.jsonl+matrix.csv+exam_identity.json+skill_overrides.json,no
BJ-2025-HD-QIZHONG-Q21#2,BJ-2025-HD-QIZHONG-Q21,BJ-2025-HD-QIZHONG,BJ-2024-HD-QIZHONG,21,主观题,2,小问,e78e0d546c86c4ec,不明,MAYBE,COLLECTED,COLLECTED,MAYBE,MAYBE,COLLECTED,COLLECTED,MAYBE,MAYBE,完整题-有E1,E1,逐题已匹配正式评分材料,identity:dup_alias_qid_pairs合并(pair=BJ-2024-HD-QIZHONG-Q21),BJ-2024-HD-QIZHONG-Q21,bixiu3;xuanbi1;xuanbi2,,,BJ-2024-HD-QIZHONG-Q21,2026-09-24-attribution-v3,classify.py:classified_prod.jsonl+matrix.csv+exam_identity.json+skill_overrides.json,no
BJ-2025-HD-QIZHONG-Q1,BJ-2025-HD-QIZHONG-Q1,BJ-2025-HD-QIZHONG,BJ-2024-HD-QIZHONG,1,选择题,,整题,3387c151728c7e0e,不明,MAYBE,IN,MAYBE,MAYBE,MAYBE,OUT,MAYBE,OUT,OUT,完整题-选择题照收,答案键来源未核实(候选未确认),该题正式评分材料候选存在候选/存在冲突，未确认匹配，不下判,identity:dup_alias_qid_pairs合并(pair=BJ-2024-HD-QIZHONG-Q1),BJ-2024-HD-QIZHONG-Q1,,,,BJ-2024-HD-QIZHONG-Q1,2026-09-24-attribution-v3,classify.py:classified_prod.jsonl+matrix.csv+exam_identity.json+skill_overrides.json,no
BJ-2025-HD-QIZHONG-Q2,BJ-2025-HD-QIZHONG-Q2,BJ-2025-HD-QIZHONG,BJ-2024-HD-QIZHONG,2,选择题,,整题,6d2d708a17c3dc49,不明,OUT,COLLECTED,MAYBE,MAYBE,MAYBE,OUT,OUT,OUT,OUT,完整题-选择题照收,答案键来源未核实(候选未确认),该题正式评分材料候选存在候选/存在冲突，未确认匹配，不下判,identity:dup_alias_qid_pairs合并(pair=BJ-2024-HD-QIZHONG-Q2),BJ-2024-HD-QIZHONG-Q2,,,,BJ-2024-HD-QIZHONG-Q2,2026-09-24-attribution-v3,classify.py:classified_prod.jsonl+matrix.csv+exam_identity.json+skill_overrides.json,no
BJ-2025-HD-QIZHONG-Q3,BJ-2025-HD-QIZHONG-Q3,BJ-2025-HD-QIZHONG,BJ-2024-HD-QIZHONG,3,选择题,,整题,5a6f12a5fdf5dd4c,不明,OUT,MAYBE,MAYBE,MAYBE,MAYBE,MAYBE,MAYBE,OUT,OUT,完整题-选择题照收,答案键来源未核实(候选未确认),该题正式评分材料候选存在候选/存在冲突，未确认匹配，不下判,identity:dup_alias_qid_pairs合并(pair=BJ-2024-HD-QIZHONG-Q3),BJ-2024-HD-QIZHONG-Q3,,,,BJ-2024-HD-QIZHONG-Q3,2026-09-24-attribution-v3,classify.py:classified_prod.jsonl+matrix.csv+exam_identity.json+skill_overrides.json,no
BJ-2025-HD-QIZHONG-Q4,BJ-2025-HD-QIZHONG-Q4,BJ-2025-HD-QIZHONG,BJ-2024-HD-QIZHONG,4,选择题,,整题,85eb92a0b9723b53,不明,OUT,COLLECTED,MAYBE,MAYBE,MAYBE,MAYBE,OUT,OUT,OUT,完整题-选择题照收,答案键来源未核实(候选未确认),该题正式评分材料候选存在候选/存在冲突，未确认匹配，不下判,identity:dup_alias_qid_pairs合并(pair=BJ-2024-HD-QIZHONG-Q4),BJ-2024-HD-QIZHONG-Q4,bixiu2,,,BJ-2024-HD-QIZHONG-Q4,2026-09-24-attribution-v3,classify.py:classified_prod.jsonl+matrix.csv+exam_identity.json+skill_overrides.json,no
BJ-2025-HD-QIZHONG-Q5,BJ-2025-HD-QIZHONG-Q5,BJ-2025-HD-QIZHONG,BJ-2024-HD-QIZHONG,5,选择题,,整题,6738614d96055a6b,不明,OUT,COLLECTED,MAYBE,MAYBE,MAYBE,MAYBE,OUT,MAYBE,MAYBE,完整题-选择题照收,答案键来源未核实(候选未确认),该题正式评分材料候选存在候选/存在冲突，未确认匹配，不下判,identity:dup_alias_qid_pairs合并(pair=BJ-2024-HD-QIZHONG-Q5),BJ-2024-HD-QIZHONG-Q5,bixiu2,,,BJ-2024-HD-QIZHONG-Q5,2026-09-24-attribution-v3,classify.py:classified_prod.jsonl+matrix.csv+exam_identity.json+skill_overrides.json,no
BJ-2025-HD-QIZHONG-Q6,BJ-2025-HD-QIZHONG-Q6,BJ-2025-HD-QIZHONG,BJ-2024-HD-QIZHONG,6,选择题,,整题,9b3d2df94ba2016f,不明,OUT,COLLECTED,OUT,MAYBE,MAYBE,OUT,MAYBE,OUT,MAYBE,完整题-选择题照收,答案键来源未核实(候选未确认),该题正式评分材料候选存在候选/存在冲突，未确认匹配，不下判,identity:dup_alias_qid_pairs合并(pair=BJ-2024-HD-QIZHONG-Q6),BJ-2024-HD-QIZHONG-Q6,bixiu2,,,BJ-2024-HD-QIZHONG-Q6,2026-09-24-attribution-v3,classify.py:classified_prod.jsonl+matrix.csv+exam_identity.json+skill_overrides.json,no
BJ-2025-HD-QIZHONG-Q7,BJ-2025-HD-QIZHONG-Q7,BJ-2025-HD-QIZHONG,BJ-2024-HD-QIZHONG,7,选择题,,整题,f7e2f9d2d00bce6e,不明,OUT,IN,COLLECTED,MAYBE,MAYBE,OUT,MAYBE,MAYBE,MAYBE,完整题-选择题照收,答案键来源未核实(候选未确认),该题正式评分材料候选存在候选/存在冲突，未确认匹配，不下判,identity:dup_alias_qid_pairs合并(pair=BJ-2024-HD-QIZHONG-Q7),BJ-2024-HD-QIZHONG-Q7,bixiu3,,,BJ-2024-HD-QIZHONG-Q7,2026-09-24-attribution-v3,classify.py:classified_prod.jsonl+matrix.csv+exam_identity.json+skill_overrides.json,no
BJ-2025-HD-QIZHONG-Q8,BJ-2025-HD-QIZHONG-Q8,BJ-2025-HD-QIZHONG,BJ-2024-HD-QIZHONG,8,选择题,,整题,22b1b34202bd4b69,不明,OUT,MAYBE,COLLECTED,MAYBE,MAYBE,OUT,OUT,MAYBE,MAYBE,完整题-选择题照收,答案键来源未核实(候选未确认),该题正式评分材料候选存在候选/存在冲突，未确认匹配，不下判,identity:dup_alias_qid_pairs合并(pair=BJ-2024-HD-QIZHONG-Q8),BJ-2024-HD-QIZHONG-Q8,bixiu3,,,BJ-2024-HD-QIZHONG-Q8,2026-09-24-attribution-v3,classify.py:classified_prod.jsonl+matrix.csv+exam_identity.json+skill_overrides.json,no
BJ-2025-HD-QIZHONG-Q9,BJ-2025-HD-QIZHONG-Q9,BJ-2025-HD-QIZHONG,BJ-2024-HD-QIZHONG,9,选择题,,整题,0a22b72cb08a45e8,不明,OUT,MAYBE,COLLECTED,MAYBE,COLLECTED,OUT,MAYBE,MAYBE,MAYBE,完整题-选择题照收,答案键来源未核实(候选未确认),该题正式评分材料候选存在候选/存在冲突，未确认匹配，不下判,identity:dup_alias_qid_pairs合并(pair=BJ-2024-HD-QIZHONG-Q9),BJ-2024-HD-QIZHONG-Q9,bixiu3;culture,,,BJ-2024-HD-QIZHONG-Q9,2026-09-24-attribution-v3,classify.py:classified_prod.jsonl+matrix.csv+exam_identity.json+skill_overrides.json,no
BJ-2025-HD-QIZHONG-Q10,BJ-2025-HD-QIZHONG-Q10,BJ-2025-HD-QIZHONG,BJ-2024-HD-QIZHONG,10,选择题,,整题,0f259052ebb28743,不明,OUT,COLLECTED,COLLECTED,OUT,MAYBE,OUT,IN,OUT,MAYBE,完整题-选择题照收,答案键来源未核实(候选未确认),该题正式评分材料候选存在候选/存在冲突，未确认匹配，不下判,identity:dup_alias_qid_pairs合并(pair=BJ-2024-HD-QIZHONG-Q10),BJ-2024-HD-QIZHONG-Q10,bixiu2;bixiu3,,,BJ-2024-HD-QIZHONG-Q10,2026-09-24-attribution-v3,classify.py:classified_prod.jsonl+matrix.csv+exam_identity.json+skill_overrides.json,no
BJ-2025-HD-QIZHONG-Q11,BJ-2025-HD-QIZHONG-Q11,BJ-2025-HD-QIZHONG,BJ-2024-HD-QIZHONG,11,选择题,,整题,94509f5fa8483737,不明,OUT,COLLECTED,COLLECTED,OUT,OUT,OUT,MAYBE,OUT,MAYBE,完整题-选择题照收,答案键来源未核实(候选未确认),该题正式评分材料候选存在候选/存在冲突，未确认匹配，不下判,identity:dup_alias_qid_pairs合并(pair=BJ-2024-HD-QIZHONG-Q11),BJ-2024-HD-QIZHONG-Q11,bixiu2;bixiu3,,,BJ-2024-HD-QIZHONG-Q11,2026-09-24-attribution-v3,classify.py:classified_prod.jsonl+matrix.csv+exam_identity.json+skill_overrides.json,no
BJ-2025-HD-QIZHONG-Q12,BJ-2025-HD-QIZHONG-Q12,BJ-2025-HD-QIZHONG,BJ-2024-HD-QIZHONG,12,选择题,,整题,da4295421e8ac9f7,不明,MAYBE,IN,MAYBE,MAYBE,OUT,COLLECTED,MAYBE,OUT,MAYBE,完整题-选择题照收,答案键来源未核实(候选未确认),该题正式评分材料候选存在候选/存在冲突，未确认匹配，不下判,identity:dup_alias_qid_pairs合并(pair=BJ-2024-HD-QIZHONG-Q12),BJ-2024-HD-QIZHONG-Q12,xuanbi1,,,BJ-2024-HD-QIZHONG-Q12,2026-09-24-attribution-v3,classify.py:classified_prod.jsonl+matrix.csv+exam_identity.json+skill_overrides.json,no
BJ-2025-HD-QIZHONG-Q13,BJ-2025-HD-QIZHONG-Q13,BJ-2025-HD-QIZHONG,BJ-2024-HD-QIZHONG,13,选择题,,整题,3f98c99e8dc6f1d5,不明,MAYBE,IN,MAYBE,OUT,OUT,IN,MAYBE,OUT,MAYBE,完整题-选择题照收,答案键来源未核实(候选未确认),该题正式评分材料候选存在候选/存在冲突，未确认匹配，不下判,identity:dup_alias_qid_pairs合并(pair=BJ-2024-HD-QIZHONG-Q13),BJ-2024-HD-QIZHONG-Q13,,,,BJ-2024-HD-QIZHONG-Q13,2026-09-24-attribution-v3,classify.py:classified_prod.jsonl+matrix.csv+exam_identity.json+skill_overrides.json,no
BJ-2025-HD-QIZHONG-Q14,BJ-2025-HD-QIZHONG-Q14,BJ-2025-HD-QIZHONG,BJ-2024-HD-QIZHONG,14,选择题,,整题,64806bb5d92a5a91,不明,MAYBE,COLLECTED,MAYBE,OUT,OUT,COLLECTED,OUT,OUT,MAYBE,完整题-选择题照收,答案键来源未核实(候选未确认),该题正式评分材料候选存在候选/存在冲突，未确认匹配，不下判,identity:dup_alias_qid_pairs合并(pair=BJ-2024-HD-QIZHONG-Q14),BJ-2024-HD-QIZHONG-Q14,bixiu2;xuanbi1,,,BJ-2024-HD-QIZHONG-Q14,2026-09-24-attribution-v3,classify.py:classified_prod.jsonl+matrix.csv+exam_identity.json+skill_overrides.json,no
BJ-2025-HD-QIZHONG-Q15,BJ-2025-HD-QIZHONG-Q15,BJ-2025-HD-QIZHONG,BJ-2024-HD-QIZHONG,15,选择题,,整题,c7a56fe6fb603b54,不明,MAYBE,COLLECTED,MAYBE,OUT,OUT,COLLECTED,OUT,OUT,MAYBE,完整题-选择题照收,答案键来源未核实(候选未确认),该题正式评分材料候选存在候选/存在冲突，未确认匹配，不下判,identity:dup_alias_qid_pairs合并(pair=BJ-2024-HD-QIZHONG-Q15),BJ-2024-HD-QIZHONG-Q15,xuanbi1,,,BJ-2024-HD-QIZHONG-Q15,2026-09-24-attribution-v3,classify.py:classified_prod.jsonl+matrix.csv+exam_identity.json+skill_overrides.json,no
BJ-2025-HD-QIZHONG-Q25#1,BJ-2025-HD-QIZHONG-Q25,BJ-2025-HD-QIZHONG,BJ-2024-HD-QIZHONG,25,主观题,1,小问,0418e2d5a76fd2f6,确定,MAYBE,COLLECTED,MAYBE,MAYBE,MAYBE,COLLECTED,MAYBE,MAYBE,MAYBE,待裁决-证据未核实,待裁决-证据未核实候选,该题正式评分材料候选存在候选/存在冲突，未确认匹配，不下判,B1:rubric_unreadable_not_OUT;B3:rubric_unreadable_not_OUT;PH:rubric_unreadable_not_OUT;CU:rubric_unreadable_not_OUT;X2:rubric_unreadable_not_OUT;MI:rubric_unreadable_not_OUT;RE:rubric_unreadable_not_OUT;identity:dup_alias_qid_pairs合并(pair=BJ-2024-HD-QIZHONG-Q16),BJ-2024-HD-QIZHONG-Q16,xuanbi1,,,BJ-2024-HD-QIZHONG-Q16,2026-09-24-attribution-v3,classify.py:classified_prod.jsonl+matrix.csv+exam_identity.json+skill_overrides.json,no
BJ-2025-HD-QIZHONG-Q25#2,BJ-2025-HD-QIZHONG-Q25,BJ-2025-HD-QIZHONG,BJ-2024-HD-QIZHONG,25,主观题,2,小问,7f2f0a24fe729949,确定,MAYBE,COLLECTED,MAYBE,MAYBE,MAYBE,COLLECTED,MAYBE,MAYBE,MAYBE,待裁决-证据未核实,待裁决-证据未核实候选,该题正式评分材料候选存在候选/存在冲突，未确认匹配，不下判,B1:rubric_unreadable_not_OUT;B3:rubric_unreadable_not_OUT;PH:rubric_unreadable_not_OUT;CU:rubric_unreadable_not_OUT;X2:rubric_unreadable_not_OUT;MI:rubric_unreadable_not_OUT;RE:rubric_unreadable_not_OUT;identity:dup_alias_qid_pairs合并(pair=BJ-2024-HD-QIZHONG-Q16),BJ-2024-HD-QIZHONG-Q16,xuanbi1,,,BJ-2024-HD-QIZHONG-Q16,2026-09-24-attribution-v3,classify.py:classified_prod.jsonl+matrix.csv+exam_identity.json+skill_overrides.json,no
BJ-2025-HD-QIMO-Q16,BJ-2025-HD-QIMO-Q16,BJ-2025-HD-QIMO,BJ-2025-HD-QIMO,16,主观题,,整题,501329471b39c06c,倾向,OUT,OUT,OUT,COLLECTED,COLLECTED,OUT,MAYBE,MAYBE,OUT,完整题-有E1,E1,逐题已匹配正式评分材料,,,,,,BJ-2025-HD-QIMO-Q16,2026-09-24-attribution-v3,classify.py:classified_prod.jsonl+matrix.csv+exam_identity.json+skill_overrides.json,no
BJ-2025-HD-QIMO-Q2,BJ-2025-HD-QIMO-Q2,BJ-2025-HD-QIMO,BJ-2025-HD-QIMO,2,选择题,,整题,15c93b16dccb978c,倾向,OUT,MAYBE,MAYBE,COLLECTED,MAYBE,OUT,OUT,COLLECTED,OUT,完整题-选择题照收,答案键来源未核实(候选未确认),该题正式评分材料候选存在候选/存在冲突，未确认匹配，不下判,,,,,,BJ-2025-HD-QIMO-Q2,2026-09-24-attribution-v3,classify.py:classified_prod.jsonl+matrix.csv+exam_identity.json+skill_overrides.json,no
BJ-2025-HD-QIMO-Q5,BJ-2025-HD-QIMO-Q5,BJ-2025-HD-QIMO,BJ-2025-HD-QIMO,5,选择题,,整题,c03a68c2d976be2c,不明,OUT,MAYBE,MAYBE,COLLECTED,MAYBE,MAYBE,OUT,COLLECTED,MAYBE,完整题-选择题照收,E1,逐题已匹配正式评分材料,,,,,,BJ-2025-HD-QIMO-Q5,2026-09-24-attribution-v3,classify.py:classified_prod.jsonl+matrix.csv+exam_identity.json+skill_overrides.json,no
BJ-2025-HD-QIMO-Q1,BJ-2025-HD-QIMO-Q1,BJ-2025-HD-QIMO,BJ-2025-HD-QIMO,1,选择题,,整题,0f1296b95b45db49,不明,MAYBE,MAYBE,MAYBE,MAYBE,COLLECTED,OUT,OUT,OUT,OUT,完整题-选择题照收,答案键来源未核实(候选未确认),该题正式评分材料候选存在候选/存在冲突，未确认匹配，不下判,,,,,,BJ-2025-HD-QIMO-Q1,2026-09-24-attribution-v3,classify.py:classified_prod.jsonl+matrix.csv+exam_identity.json+skill_overrides.json,no
BJ-2025-HD-QIMO-Q6,BJ-2025-HD-QIMO-Q6,BJ-2025-HD-QIMO,BJ-2025-HD-QIMO,6,选择题,,整题,bfc643c5b76ff4ba,不明,OUT,MAYBE,MAYBE,COLLECTED,MAYBE,OUT,MAYBE,OUT,MAYBE,完整题-选择题照收,E1,逐题已匹配正式评分材料,,,,,,BJ-2025-HD-QIMO-Q6,2026-09-24-attribution-v3,classify.py:classified_prod.jsonl+matrix.csv+exam_identity.json+skill_overrides.json,no
BJ-2025-HD-QIMO-Q18,BJ-2025-HD-QIMO-Q18,BJ-2025-HD-QIMO,BJ-2025-HD-QIMO,18,主观题,,整题,6804c70f31a0c9b8,不明,MAYBE,MAYBE,MAYBE,MAYBE,MAYBE,MAYBE,MAYBE,COLLECTED,MAYBE,完整题-有E1,E1,逐题已匹配正式评分材料,,,,,,BJ-2025-HD-QIMO-Q18,2026-09-24-attribution-v3,classify.py:classified_prod.jsonl+matrix.csv+exam_identity.json+skill_overrides.json,no
BJ-2025-HD-QIMO-Q19,BJ-2025-HD-QIMO-Q19,BJ-2025-HD-QIMO,BJ-2025-HD-QIMO,19,主观题,,整题,01539569639492c0,倾向,OUT,COLLECTED,MAYBE,OUT,OUT,OUT,MAYBE,OUT,OUT,完整题-有E1,E1,逐题已匹配正式评分材料,"关联但不合并(疑似跨卷复用/串题,非duplicate_registration_alias):dup_of=BJ-2025-XC-QIMO-Q19",BJ-2025-XC-QIMO-Q19,bixiu2;bixiu3;xuanbi2,,,BJ-2025-HD-QIMO-Q19,2026-09-24-attribution-v3,classify.py:classified_prod.jsonl+matrix.csv+exam_identity.json+skill_overrides.json,no
BJ-2025-HD-QIMO-Q22,BJ-2025-HD-QIMO-Q22,BJ-2025-HD-QIMO,BJ-2025-HD-QIMO,22,主观题,,整题,94ad39b2e755e112,不明,MAYBE,MAYBE,COLLECTED,COLLECTED,COLLECTED,MAYBE,MAYBE,MAYBE,MAYBE,完整题-有E1,E1,逐题已匹配正式评分材料,,,,,,BJ-2025-HD-QIMO-Q22,2026-09-24-attribution-v3,classify.py:classified_prod.jsonl+matrix.csv+exam_identity.json+skill_overrides.json,no
BJ-2025-HD-QIMO-Q3,BJ-2025-HD-QIMO-Q3,BJ-2025-HD-QIMO,BJ-2025-HD-QIMO,3,选择题,,整题,5c7d90204892746b,不明,OUT,MAYBE,MAYBE,MAYBE,COLLECTED,MAYBE,OUT,OUT,OUT,完整题-选择题照收,答案键来源未核实(候选未确认),该题正式评分材料候选存在候选/存在冲突，未确认匹配，不下判,,,,,,BJ-2025-HD-QIMO-Q3,2026-09-24-attribution-v3,classify.py:classified_prod.jsonl+matrix.csv+exam_identity.json+skill_overrides.json,no
BJ-2025-HD-QIMO-Q4,BJ-2025-HD-QIMO-Q4,BJ-2025-HD-QIMO,BJ-2025-HD-QIMO,4,选择题,,整题,efa807a92255de91,倾向,OUT,MAYBE,MAYBE,COLLECTED,COLLECTED,OUT,OUT,MAYBE,OUT,完整题-选择题照收,答案键来源未核实(候选未确认),该题正式评分材料候选存在候选/存在冲突，未确认匹配，不下判,,,,,,BJ-2025-HD-QIMO-Q4,2026-09-24-attribution-v3,classify.py:classified_prod.jsonl+matrix.csv+exam_identity.json+skill_overrides.json,no
BJ-2025-HD-QIMO-Q7,BJ-2025-HD-QIMO-Q7,BJ-2025-HD-QIMO,BJ-2025-HD-QIMO,7,选择题,,整题,8f2c15b58a7895b4,不明,OUT,MAYBE,MAYBE,COLLECTED,MAYBE,OUT,MAYBE,COLLECTED,MAYBE,完整题-选择题照收,答案键来源未核实(候选未确认),该题正式评分材料候选存在候选/存在冲突，未确认匹配，不下判,,,,,,BJ-2025-HD-QIMO-Q7,2026-09-24-attribution-v3,classify.py:classified_prod.jsonl+matrix.csv+exam_identity.json+skill_overrides.json,no
BJ-2025-HD-QIMO-Q8,BJ-2025-HD-QIMO-Q8,BJ-2025-HD-QIMO,BJ-2025-HD-QIMO,8,选择题,,整题,c380ba9af542d9a0,不明,OUT,MAYBE,MAYBE,MAYBE,MAYBE,OUT,OUT,MAYBE,COLLECTED,完整题-选择题照收,答案键来源未核实(候选未确认),该题正式评分材料候选存在候选/存在冲突，未确认匹配，不下判,,,,,,BJ-2025-HD-QIMO-Q8,2026-09-24-attribution-v3,classify.py:classified_prod.jsonl+matrix.csv+exam_identity.json+skill_overrides.json,no
BJ-2025-HD-QIMO-Q9,BJ-2025-HD-QIMO-Q9,BJ-2025-HD-QIMO,BJ-2025-HD-QIMO,9,选择题,,整题,cceda4b5f41e0d4d,不明,OUT,MAYBE,MAYBE,MAYBE,MAYBE,OUT,COLLECTED,MAYBE,MAYBE,完整题-选择题照收,答案键来源未核实(候选未确认),该题正式评分材料候选存在候选/存在冲突，未确认匹配，不下判,,,,,,BJ-2025-HD-QIMO-Q9,2026-09-24-attribution-v3,classify.py:classified_prod.jsonl+matrix.csv+exam_identity.json+skill_overrides.json,no
BJ-2025-HD-QIMO-Q10,BJ-2025-HD-QIMO-Q10,BJ-2025-HD-QIMO,BJ-2025-HD-QIMO,10,选择题,,整题,64db2a8e6a47b0d2,不明,OUT,MAYBE,MAYBE,OUT,MAYBE,OUT,COLLECTED,OUT,MAYBE,完整题-选择题照收,答案键来源未核实(候选未确认),该题正式评分材料候选存在候选/存在冲突，未确认匹配，不下判,,,,,,BJ-2025-HD-QIMO-Q10,2026-09-24-attribution-v3,classify.py:classified_prod.jsonl+matrix.csv+exam_identity.json+skill_overrides.json,no
BJ-2025-HD-QIMO-Q11,BJ-2025-HD-QIMO-Q11,BJ-2025-HD-QIMO,BJ-2025-HD-QIMO,11,选择题,,整题,0b82b038340ac95f,倾向,OUT,MAYBE,MAYBE,OUT,OUT,OUT,COLLECTED,OUT,MAYBE,完整题-选择题照收,答案键来源未核实(候选未确认),该题正式评分材料候选存在候选/存在冲突，未确认匹配，不下判,,,,,,BJ-2025-HD-QIMO-Q11,2026-09-24-attribution-v3,classify.py:classified_prod.jsonl+matrix.csv+exam_identity.json+skill_overrides.json,no
BJ-2025-HD-QIMO-Q12,BJ-2025-HD-QIMO-Q12,BJ-2025-HD-QIMO,BJ-2025-HD-QIMO,12,选择题,,整题,ab474d4a49b7b513,不明,MAYBE,MAYBE,MAYBE,OUT,OUT,MAYBE,COLLECTED,OUT,MAYBE,完整题-选择题照收,答案键来源未核实(候选未确认),该题正式评分材料候选存在候选/存在冲突，未确认匹配，不下判,,,,,,BJ-2025-HD-QIMO-Q12,2026-09-24-attribution-v3,classify.py:classified_prod.jsonl+matrix.csv+exam_identity.json+skill_overrides.json,no
BJ-2025-HD-QIMO-Q13,BJ-2025-HD-QIMO-Q13,BJ-2025-HD-QIMO,BJ-2025-HD-QIMO,13,选择题,,整题,170e1c9ce365a6fd,倾向,MAYBE,IN,COLLECTED,OUT,OUT,MAYBE,COLLECTED,OUT,MAYBE,完整题-选择题照收,答案键来源未核实(候选未确认),该题正式评分材料候选存在候选/存在冲突，未确认匹配，不下判,,,,,,BJ-2025-HD-QIMO-Q13,2026-09-24-attribution-v3,classify.py:classified_prod.jsonl+matrix.csv+exam_identity.json+skill_overrides.json,no
BJ-2025-HD-QIMO-Q14,BJ-2025-HD-QIMO-Q14,BJ-2025-HD-QIMO,BJ-2025-HD-QIMO,14,选择题,,整题,2e728c9fb9989ed8,不明,MAYBE,MAYBE,OUT,OUT,OUT,MAYBE,COLLECTED,OUT,MAYBE,完整题-选择题照收,答案键来源未核实(候选未确认),该题正式评分材料候选存在候选/存在冲突，未确认匹配，不下判,,,,,,BJ-2025-HD-QIMO-Q14,2026-09-24-attribution-v3,classify.py:classified_prod.jsonl+matrix.csv+exam_identity.json+skill_overrides.json,no
BJ-2025-HD-QIMO-Q15,BJ-2025-HD-QIMO-Q15,BJ-2025-HD-QIMO,BJ-2025-HD-QIMO,15,选择题,,整题,cad03b107216154c,不明,MAYBE,MAYBE,COLLECTED,OUT,OUT,MAYBE,COLLECTED,OUT,MAYBE,完整题-选择题照收,答案键来源未核实(候选未确认),该题正式评分材料候选存在候选/存在冲突，未确认匹配，不下判,,,,,,BJ-2025-HD-QIMO-Q15,2026-09-24-attribution-v3,classify.py:classified_prod.jsonl+matrix.csv+exam_identity.json+skill_overrides.json,no
BJ-2025-HD-QIMO-Q17#1,BJ-2025-HD-QIMO-Q17,BJ-2025-HD-QIMO,BJ-2025-HD-QIMO,17,主观题,1,小问,444a618127804d32,确定,MAYBE,MAYBE,MAYBE,COLLECTED,MAYBE,MAYBE,MAYBE,COLLECTED,MAYBE,待裁决-证据未核实,待裁决-证据未核实候选,该题正式评分材料候选存在候选/存在冲突，未确认匹配，不下判,B1:rubric_unreadable_not_OUT;B2:rubric_unreadable_not_OUT;B3:rubric_unreadable_not_OUT;CU:rubric_unreadable_not_OUT;X1:rubric_unreadable_not_OUT;X2:rubric_unreadable_not_OUT;RE:rubric_unreadable_not_OUT,,,,,BJ-2025-HD-QIMO-Q17,2026-09-24-attribution-v3,classify.py:classified_prod.jsonl+matrix.csv+exam_identity.json+skill_overrides.json,no
BJ-2025-HD-QIMO-Q17#2,BJ-2025-HD-QIMO-Q17,BJ-2025-HD-QIMO,BJ-2025-HD-QIMO,17,主观题,2,小问,9535f8f35da63f1e,确定,MAYBE,MAYBE,MAYBE,COLLECTED,MAYBE,MAYBE,MAYBE,COLLECTED,MAYBE,待裁决-证据未核实,待裁决-证据未核实候选,该题正式评分材料候选存在候选/存在冲突，未确认匹配，不下判,B1:rubric_unreadable_not_OUT;B2:rubric_unreadable_not_OUT;B3:rubric_unreadable_not_OUT;CU:rubric_unreadable_not_OUT;X1:rubric_unreadable_not_OUT;X2:rubric_unreadable_not_OUT;RE:rubric_unreadable_not_OUT,,,,,BJ-2025-HD-QIMO-Q17,2026-09-24-attribution-v3,classify.py:classified_prod.jsonl+matrix.csv+exam_identity.json+skill_overrides.json,no
BJ-2025-HD-QIMO-Q20,BJ-2025-HD-QIMO-Q20,BJ-2025-HD-QIMO,BJ-2025-HD-QIMO,20,主观题,,整题,767e6b334490e57c,不明,MAYBE,MAYBE,MAYBE,MAYBE,MAYBE,MAYBE,COLLECTED,MAYBE,MAYBE,待裁决-证据未核实,待裁决-证据未核实候选,该题正式评分材料候选存在候选/存在冲突，未确认匹配，不下判,,,,,,BJ-2025-HD-QIMO-Q20,2026-09-24-attribution-v3,classify.py:classified_prod.jsonl+matrix.csv+exam_identity.json+skill_overrides.json,no
BJ-2025-HD-QIMO-Q21,BJ-2025-HD-QIMO-Q21,BJ-2025-HD-QIMO,BJ-2025-HD-QIMO,21,主观题,,整题,facdf67dfc93ee4f,确定,MAYBE,COLLECTED,MAYBE,MAYBE,MAYBE,MAYBE,COLLECTED,MAYBE,MAYBE,待裁决-证据未核实,待裁决-证据未核实候选,该题正式评分材料候选存在候选/存在冲突，未确认匹配，不下判,B1:rubric_unreadable_not_OUT;B3:rubric_unreadable_not_OUT;PH:rubric_unreadable_not_OUT;CU:rubric_unreadable_not_OUT;X1:rubric_unreadable_not_OUT;MI:rubric_unreadable_not_OUT;RE:rubric_unreadable_not_OUT,,,B2,,BJ-2025-HD-QIMO-Q21,2026-09-24-attribution-v3,classify.py:classified_prod.jsonl+matrix.csv+exam_identity.json+skill_overrides.json,no
BJ-2025-XC-QIMO-Q16,BJ-2025-XC-QIMO-Q16,BJ-2025-XC-QIMO,BJ-2025-XC-QIMO,16,主观题,,整题,daf820368f2531d6,倾向,OUT,COLLECTED,COLLECTED,MAYBE,MAYBE,OUT,MAYBE,OUT,OUT,完整题-有E1,E1,逐题已匹配正式评分材料,,,,,,BJ-2025-XC-QIMO-Q16,2026-09-24-attribution-v3,classify.py:classified_prod.jsonl+matrix.csv+exam_identity.json+skill_overrides.json,no
BJ-2025-XC-QIMO-Q17#1,BJ-2025-XC-QIMO-Q17,BJ-2025-XC-QIMO,BJ-2025-XC-QIMO,17,主观题,1,小问,20305b3ac1bb5067,倾向,OUT,COLLECTED,OUT,OUT,OUT,OUT,MAYBE,OUT,COLLECTED,完整题-有E1,E1,逐题已匹配正式评分材料,,,,,,BJ-2025-XC-QIMO-Q17,2026-09-24-attribution-v3,classify.py:classified_prod.jsonl+matrix.csv+exam_identity.json+skill_overrides.json,no
BJ-2025-XC-QIMO-Q17#2,BJ-2025-XC-QIMO-Q17,BJ-2025-XC-QIMO,BJ-2025-XC-QIMO,17,主观题,2,小问,c2ecfc356682ae58,不明,MAYBE,COLLECTED,MAYBE,MAYBE,MAYBE,MAYBE,MAYBE,MAYBE,COLLECTED,完整题-有E1,E1,逐题已匹配正式评分材料,,,,,,BJ-2025-XC-QIMO-Q17,2026-09-24-attribution-v3,classify.py:classified_prod.jsonl+matrix.csv+exam_identity.json+skill_overrides.json,no
BJ-2025-XC-QIMO-Q18,BJ-2025-XC-QIMO-Q18,BJ-2025-XC-QIMO,BJ-2025-XC-QIMO,18,主观题,,整题,05d048cf8910721f,不明,MAYBE,MAYBE,MAYBE,COLLECTED,MAYBE,MAYBE,MAYBE,MAYBE,MAYBE,完整题-有E1,E1,逐题已匹配正式评分材料,,,,,,BJ-2025-XC-QIMO-Q18,2026-09-24-attribution-v3,classify.py:classified_prod.jsonl+matrix.csv+exam_identity.json+skill_overrides.json,no
BJ-2025-XC-QIMO-Q19,BJ-2025-XC-QIMO-Q19,BJ-2025-XC-QIMO,BJ-2025-XC-QIMO,19,主观题,,整题,f23ba54d5405c7d3,不明,MAYBE,COLLECTED,COLLECTED,MAYBE,MAYBE,MAYBE,COLLECTED,MAYBE,MAYBE,完整题-有E1,E1,逐题已匹配正式评分材料,"关联但不合并(疑似跨卷复用/串题,非duplicate_registration_alias):dup_of=BJ-2025-HD-QIMO-Q19",BJ-2025-HD-QIMO-Q19,bixiu2,,,BJ-2025-XC-QIMO-Q19,2026-09-24-attribution-v3,classify.py:classified_prod.jsonl+matrix.csv+exam_identity.json+skill_overrides.json,no
BJ-2025-XC-QIMO-Q20#1,BJ-2025-XC-QIMO-Q20,BJ-2025-XC-QIMO,BJ-2025-XC-QIMO,20,主观题,1,小问,bfd9139b4ad81b1d,倾向,OUT,COLLECTED,OUT,OUT,OUT,COLLECTED,MAYBE,OUT,OUT,完整题-有E1,E1,逐题已匹配正式评分材料,,,,,,BJ-2025-XC-QIMO-Q20,2026-09-24-attribution-v3,classify.py:classified_prod.jsonl+matrix.csv+exam_identity.json+skill_overrides.json,no
BJ-2025-XC-QIMO-Q20#2,BJ-2025-XC-QIMO-Q20,BJ-2025-XC-QIMO,BJ-2025-XC-QIMO,20,主观题,2,小问,15e4753fa554edb2,倾向,OUT,COLLECTED,OUT,OUT,OUT,COLLECTED,MAYBE,OUT,OUT,完整题-有E1,E1,逐题已匹配正式评分材料,,,,,,BJ-2025-XC-QIMO-Q20,2026-09-24-attribution-v3,classify.py:classified_prod.jsonl+matrix.csv+exam_identity.json+skill_overrides.json,no
BJ-2025-XC-QIMO-Q21,BJ-2025-XC-QIMO-Q21,BJ-2025-XC-QIMO,BJ-2025-XC-QIMO,21,主观题,,整题,466a29d371bf5f6b,不明,MAYBE,MAYBE,COLLECTED,COLLECTED,MAYBE,MAYBE,MAYBE,MAYBE,MAYBE,完整题-有E1,E1,逐题已匹配正式评分材料,,,,,,BJ-2025-XC-QIMO-Q21,2026-09-24-attribution-v3,classify.py:classified_prod.jsonl+matrix.csv+exam_identity.json+skill_overrides.json,no
BJ-2025-XC-QIMO-Q1,BJ-2025-XC-QIMO-Q1,BJ-2025-XC-QIMO,BJ-2025-XC-QIMO,1,选择题,,整题,cb50e846e2bdf1ed,不明,MAYBE,MAYBE,MAYBE,COLLECTED,COLLECTED,MAYBE,OUT,OUT,OUT,完整题-选择题照收,答案键来源未核实(候选未确认),该题正式评分材料候选存在候选/存在冲突，未确认匹配，不下判,,,,,,BJ-2025-XC-QIMO-Q1,2026-09-24-attribution-v3,classify.py:classified_prod.jsonl+matrix.csv+exam_identity.json+skill_overrides.json,no
BJ-2025-XC-QIMO-Q2,BJ-2025-XC-QIMO-Q2,BJ-2025-XC-QIMO,BJ-2025-XC-QIMO,2,选择题,,整题,0b39816209897951,倾向,IN,MAYBE,MAYBE,COLLECTED,COLLECTED,OUT,OUT,OUT,OUT,完整题-选择题照收,答案键来源未核实(候选未确认),该题正式评分材料候选存在候选/存在冲突，未确认匹配，不下判,,,,,,BJ-2025-XC-QIMO-Q2,2026-09-24-attribution-v3,classify.py:classified_prod.jsonl+matrix.csv+exam_identity.json+skill_overrides.json,no
BJ-2025-XC-QIMO-Q3,BJ-2025-XC-QIMO-Q3,BJ-2025-XC-QIMO,BJ-2025-XC-QIMO,3,选择题,,整题,ddd69453605c6d43,倾向,OUT,MAYBE,MAYBE,COLLECTED,COLLECTED,MAYBE,OUT,OUT,OUT,完整题-选择题照收,答案键来源未核实(候选未确认),该题正式评分材料候选存在候选/存在冲突，未确认匹配，不下判,,,,,,BJ-2025-XC-QIMO-Q3,2026-09-24-attribution-v3,classify.py:classified_prod.jsonl+matrix.csv+exam_identity.json+skill_overrides.json,no
BJ-2025-XC-QIMO-Q4,BJ-2025-XC-QIMO-Q4,BJ-2025-XC-QIMO,BJ-2025-XC-QIMO,4,选择题,,整题,761b598c67b503df,倾向,OUT,COLLECTED,MAYBE,COLLECTED,MAYBE,OUT,OUT,OUT,OUT,完整题-选择题照收,答案键来源未核实(候选未确认),该题正式评分材料候选存在候选/存在冲突，未确认匹配，不下判,,,,,,BJ-2025-XC-QIMO-Q4,2026-09-24-attribution-v3,classify.py:classified_prod.jsonl+matrix.csv+exam_identity.json+skill_overrides.json,no
BJ-2025-XC-QIMO-Q5,BJ-2025-XC-QIMO-Q5,BJ-2025-XC-QIMO,BJ-2025-XC-QIMO,5,选择题,,整题,73949549bfca593d,不明,OUT,MAYBE,MAYBE,MAYBE,MAYBE,MAYBE,OUT,MAYBE,COLLECTED,完整题-选择题照收,答案键来源未核实(候选未确认),该题正式评分材料候选存在候选/存在冲突，未确认匹配，不下判,,,,,,BJ-2025-XC-QIMO-Q5,2026-09-24-attribution-v3,classify.py:classified_prod.jsonl+matrix.csv+exam_identity.json+skill_overrides.json,no
BJ-2025-XC-QIMO-Q6,BJ-2025-XC-QIMO-Q6,BJ-2025-XC-QIMO,BJ-2025-XC-QIMO,6,选择题,,整题,e7045c51f709c1cc,不明,OUT,MAYBE,MAYBE,MAYBE,MAYBE,OUT,MAYBE,OUT,COLLECTED,完整题-选择题照收,答案键来源未核实(候选未确认),该题正式评分材料候选存在候选/存在冲突，未确认匹配，不下判,,,,,,BJ-2025-XC-QIMO-Q6,2026-09-24-attribution-v3,classify.py:classified_prod.jsonl+matrix.csv+exam_identity.json+skill_overrides.json,no
BJ-2025-XC-QIMO-Q7,BJ-2025-XC-QIMO-Q7,BJ-2025-XC-QIMO,BJ-2025-XC-QIMO,7,选择题,,整题,920875b0a7c9ea46,不明,OUT,MAYBE,MAYBE,COLLECTED,MAYBE,OUT,MAYBE,COLLECTED,MAYBE,完整题-选择题照收,答案键来源未核实(候选未确认),该题正式评分材料候选存在候选/存在冲突，未确认匹配，不下判,,,,,,BJ-2025-XC-QIMO-Q7,2026-09-24-attribution-v3,classify.py:classified_prod.jsonl+matrix.csv+exam_identity.json+skill_overrides.json,no
BJ-2025-XC-QIMO-Q8,BJ-2025-XC-QIMO-Q8,BJ-2025-XC-QIMO,BJ-2025-XC-QIMO,8,选择题,,整题,e2cadeed0b903517,不明,OUT,COLLECTED,MAYBE,MAYBE,MAYBE,OUT,OUT,MAYBE,MAYBE,完整题-选择题照收,答案键来源未核实(候选未确认),该题正式评分材料候选存在候选/存在冲突，未确认匹配，不下判,,,,B2,,BJ-2025-XC-QIMO-Q8,2026-09-24-attribution-v3,classify.py:classified_prod.jsonl+matrix.csv+exam_identity.json+skill_overrides.json,no
BJ-2025-XC-QIMO-Q9,BJ-2025-XC-QIMO-Q9,BJ-2025-XC-QIMO,BJ-2025-XC-QIMO,9,选择题,,整题,0f68f64dc128a350,不明,OUT,COLLECTED,MAYBE,MAYBE,MAYBE,OUT,MAYBE,MAYBE,MAYBE,完整题-选择题照收,答案键来源未核实(候选未确认),该题正式评分材料候选存在候选/存在冲突，未确认匹配，不下判,,,,,,BJ-2025-XC-QIMO-Q9,2026-09-24-attribution-v3,classify.py:classified_prod.jsonl+matrix.csv+exam_identity.json+skill_overrides.json,no
BJ-2025-XC-QIMO-Q10,BJ-2025-XC-QIMO-Q10,BJ-2025-XC-QIMO,BJ-2025-XC-QIMO,10,选择题,,整题,c19cf3df00aa75c8,不明,OUT,COLLECTED,COLLECTED,OUT,MAYBE,MAYBE,MAYBE,OUT,MAYBE,完整题-选择题照收,答案键来源未核实(候选未确认),该题正式评分材料候选存在候选/存在冲突，未确认匹配，不下判,,,,,,BJ-2025-XC-QIMO-Q10,2026-09-24-attribution-v3,classify.py:classified_prod.jsonl+matrix.csv+exam_identity.json+skill_overrides.json,no
BJ-2025-XC-QIMO-Q11,BJ-2025-XC-QIMO-Q11,BJ-2025-XC-QIMO,BJ-2025-XC-QIMO,11,选择题,,整题,64cae1c882723e9b,不明,MAYBE,MAYBE,COLLECTED,OUT,OUT,OUT,MAYBE,OUT,MAYBE,完整题-选择题照收,答案键来源未核实(候选未确认),该题正式评分材料候选存在候选/存在冲突，未确认匹配，不下判,,,,,,BJ-2025-XC-QIMO-Q11,2026-09-24-attribution-v3,classify.py:classified_prod.jsonl+matrix.csv+exam_identity.json+skill_overrides.json,no
BJ-2025-XC-QIMO-Q12,BJ-2025-XC-QIMO-Q12,BJ-2025-XC-QIMO,BJ-2025-XC-QIMO,12,选择题,,整题,d6e2ae19968937b1,不明,MAYBE,MAYBE,MAYBE,OUT,OUT,MAYBE,COLLECTED,OUT,MAYBE,完整题-选择题照收,答案键来源未核实(候选未确认),该题正式评分材料候选存在候选/存在冲突，未确认匹配，不下判,,,,,,BJ-2025-XC-QIMO-Q12,2026-09-24-attribution-v3,classify.py:classified_prod.jsonl+matrix.csv+exam_identity.json+skill_overrides.json,no
BJ-2025-XC-QIMO-Q13,BJ-2025-XC-QIMO-Q13,BJ-2025-XC-QIMO,BJ-2025-XC-QIMO,13,选择题,,整题,c854c8f42b790f9c,不明,MAYBE,MAYBE,MAYBE,OUT,OUT,MAYBE,COLLECTED,OUT,MAYBE,完整题-选择题照收,答案键来源未核实(候选未确认),该题正式评分材料候选存在候选/存在冲突，未确认匹配，不下判,,,,,,BJ-2025-XC-QIMO-Q13,2026-09-24-attribution-v3,classify.py:classified_prod.jsonl+matrix.csv+exam_identity.json+skill_overrides.json,no
BJ-2025-XC-QIMO-Q14,BJ-2025-XC-QIMO-Q14,BJ-2025-XC-QIMO,BJ-2025-XC-QIMO,14,选择题,,整题,9915863055ce7e46,倾向,MAYBE,COLLECTED,MAYBE,OUT,OUT,COLLECTED,OUT,OUT,MAYBE,完整题-选择题照收,答案键来源未核实(候选未确认),该题正式评分材料候选存在候选/存在冲突，未确认匹配，不下判,,,,,,BJ-2025-XC-QIMO-Q14,2026-09-24-attribution-v3,classify.py:classified_prod.jsonl+matrix.csv+exam_identity.json+skill_overrides.json,no
BJ-2025-XC-QIMO-Q15,BJ-2025-XC-QIMO-Q15,BJ-2025-XC-QIMO,BJ-2025-XC-QIMO,15,选择题,,整题,8d1cd2f610c21fc8,不明,MAYBE,MAYBE,MAYBE,OUT,OUT,COLLECTED,OUT,OUT,MAYBE,完整题-选择题照收,答案键来源未核实(候选未确认),该题正式评分材料候选存在候选/存在冲突，未确认匹配，不下判,,,,,,BJ-2025-XC-QIMO-Q15,2026-09-24-attribution-v3,classify.py:classified_prod.jsonl+matrix.csv+exam_identity.json+skill_overrides.json,no
BJ-2026-DC-YIMO-Q16,BJ-2026-DC-YIMO-Q16,BJ-2026-DC-YIMO,BJ-2026-DC-YIMO,16,主观题,,整题,e89d8deb08af8f74,倾向,OUT,MAYBE,OUT,COLLECTED,COLLECTED,OUT,MAYBE,OUT,MAYBE,完整题-有E1,E1,逐题已匹配正式评分材料,,,,,,BJ-2026-DC-YIMO-Q16,2026-09-24-attribution-v3,classify.py:classified_prod.jsonl+matrix.csv+exam_identity.json+skill_overrides.json,no
BJ-2026-DC-YIMO-Q2,BJ-2026-DC-YIMO-Q2,BJ-2026-DC-YIMO,BJ-2026-DC-YIMO,2,选择题,,整题,b2093faffc48406e,倾向,OUT,COLLECTED,MAYBE,COLLECTED,COLLECTED,OUT,OUT,OUT,MAYBE,完整题-选择题照收,E1,逐题已匹配正式评分材料,,,,,,BJ-2026-DC-YIMO-Q2,2026-09-24-attribution-v3,classify.py:classified_prod.jsonl+matrix.csv+exam_identity.json+skill_overrides.json,no
BJ-2026-DC-YIMO-Q4,BJ-2026-DC-YIMO-Q4,BJ-2026-DC-YIMO,BJ-2026-DC-YIMO,4,选择题,,整题,38f7eec3a877e1da,不明,OUT,MAYBE,MAYBE,COLLECTED,COLLECTED,OUT,OUT,MAYBE,MAYBE,完整题-选择题照收,E1,逐题已匹配正式评分材料,,,,,,BJ-2026-DC-YIMO-Q4,2026-09-24-attribution-v3,classify.py:classified_prod.jsonl+matrix.csv+exam_identity.json+skill_overrides.json,no
BJ-2026-DC-YIMO-Q1,BJ-2026-DC-YIMO-Q1,BJ-2026-DC-YIMO,BJ-2026-DC-YIMO,1,选择题,,整题,ee1d4763d1bf772e,倾向,MAYBE,COLLECTED,COLLECTED,COLLECTED,MAYBE,MAYBE,OUT,OUT,OUT,完整题-选择题照收,E1,逐题已匹配正式评分材料,,,,,,BJ-2026-DC-YIMO-Q1,2026-09-24-attribution-v3,classify.py:classified_prod.jsonl+matrix.csv+exam_identity.json+skill_overrides.json,no
BJ-2026-DC-YIMO-Q17,BJ-2026-DC-YIMO-Q17,BJ-2026-DC-YIMO,BJ-2026-DC-YIMO,17,主观题,,整题,752ae35d7aea1e27,倾向,OUT,MAYBE,COLLECTED,OUT,OUT,MAYBE,MAYBE,OUT,OUT,完整题-有E1,E1,逐题已匹配正式评分材料,,,,,,BJ-2026-DC-YIMO-Q17,2026-09-24-attribution-v3,classify.py:classified_prod.jsonl+matrix.csv+exam_identity.json+skill_overrides.json,no
BJ-2026-DC-YIMO-Q3,BJ-2026-DC-YIMO-Q3,BJ-2026-DC-YIMO,BJ-2026-DC-YIMO,3,选择题,,整题,724b2f5671cff9c5,不明,OUT,MAYBE,MAYBE,MAYBE,MAYBE,COLLECTED,OUT,MAYBE,MAYBE,完整题-选择题照收,E1,逐题已匹配正式评分材料,,,,,,BJ-2026-DC-YIMO-Q3,2026-09-24-attribution-v3,classify.py:classified_prod.jsonl+matrix.csv+exam_identity.json+skill_overrides.json,no
BJ-2026-DC-YIMO-Q19#1,BJ-2026-DC-YIMO-Q19,BJ-2026-DC-YIMO,BJ-2026-DC-YIMO,19,主观题,1,小问,ebba7b500d0d1f22,不明,OUT,COLLECTED,MAYBE,COLLECTED,OUT,COLLECTED,OUT,COLLECTED,MAYBE,完整题-有E1,E1,逐题已匹配正式评分材料,,,,,,BJ-2026-DC-YIMO-Q19,2026-09-24-attribution-v3,classify.py:classified_prod.jsonl+matrix.csv+exam_identity.json+skill_overrides.json,no
BJ-2026-DC-YIMO-Q19#2,BJ-2026-DC-YIMO-Q19,BJ-2026-DC-YIMO,BJ-2026-DC-YIMO,19,主观题,2,小问,e65a1319d0aca927,不明,OUT,COLLECTED,MAYBE,COLLECTED,OUT,COLLECTED,OUT,COLLECTED,MAYBE,完整题-有E1,E1,逐题已匹配正式评分材料,,,,,,BJ-2026-DC-YIMO-Q19,2026-09-24-attribution-v3,classify.py:classified_prod.jsonl+matrix.csv+exam_identity.json+skill_overrides.json,no
BJ-2026-DC-YIMO-Q19#3,BJ-2026-DC-YIMO-Q19,BJ-2026-DC-YIMO,BJ-2026-DC-YIMO,19,主观题,3,小问,86e1d79b121ac1e1,不明,OUT,COLLECTED,MAYBE,COLLECTED,OUT,COLLECTED,OUT,COLLECTED,MAYBE,完整题-有E1,E1,逐题已匹配正式评分材料,,,,,,BJ-2026-DC-YIMO-Q19,2026-09-24-attribution-v3,classify.py:classified_prod.jsonl+matrix.csv+exam_identity.json+skill_overrides.json,no
BJ-2026-DC-YIMO-Q19#4,BJ-2026-DC-YIMO-Q19,BJ-2026-DC-YIMO,BJ-2026-DC-YIMO,19,主观题,4,小问,f98fad019fe45ed5,不明,OUT,COLLECTED,MAYBE,COLLECTED,OUT,COLLECTED,OUT,COLLECTED,MAYBE,完整题-有E1,E1,逐题已匹配正式评分材料,,,,,,BJ-2026-DC-YIMO-Q19,2026-09-24-attribution-v3,classify.py:classified_prod.jsonl+matrix.csv+exam_identity.json+skill_overrides.json,no
BJ-2026-DC-YIMO-Q20,BJ-2026-DC-YIMO-Q20,BJ-2026-DC-YIMO,BJ-2026-DC-YIMO,20,主观题,,整题,47fe2960e2da6f9b,不明,MAYBE,COLLECTED,COLLECTED,COLLECTED,COLLECTED,MAYBE,MAYBE,MAYBE,MAYBE,完整题-有E1,E1,逐题已匹配正式评分材料,,,,,,BJ-2026-DC-YIMO-Q20,2026-09-24-attribution-v3,classify.py:classified_prod.jsonl+matrix.csv+exam_identity.json+skill_overrides.json,no
BJ-2026-DC-YIMO-Q18,BJ-2026-DC-YIMO-Q18,BJ-2026-DC-YIMO,BJ-2026-DC-YIMO,18,主观题,,整题,2eab57d71041dc36,倾向,OUT,MAYBE,COLLECTED,OUT,OUT,OUT,COLLECTED,OUT,OUT,完整题-有E1,E1,逐题已匹配正式评分材料,,,,,,BJ-2026-DC-YIMO-Q18,2026-09-24-attribution-v3,classify.py:classified_prod.jsonl+matrix.csv+exam_identity.json+skill_overrides.json,no
BJ-2026-DC-YIMO-Q7,BJ-2026-DC-YIMO-Q7,BJ-2026-DC-YIMO,BJ-2026-DC-YIMO,7,选择题,,整题,7af2da5d91a980da,不明,OUT,MAYBE,MAYBE,MAYBE,MAYBE,OUT,OUT,MAYBE,COLLECTED,完整题-选择题照收,E1,逐题已匹配正式评分材料,,,,,,BJ-2026-DC-YIMO-Q7,2026-09-24-attribution-v3,classify.py:classified_prod.jsonl+matrix.csv+exam_identity.json+skill_overrides.json,no
BJ-2026-DC-YIMO-Q5,BJ-2026-DC-YIMO-Q5,BJ-2026-DC-YIMO,BJ-2026-DC-YIMO,5,选择题,,整题,5c56ec68208b52b0,不明,OUT,MAYBE,MAYBE,COLLECTED,MAYBE,OUT,OUT,COLLECTED,MAYBE,完整题-选择题照收,答案键来源未核实(候选未确认),该题正式评分材料候选存在候选/存在冲突，未确认匹配，不下判,,,,,,BJ-2026-DC-YIMO-Q5,2026-09-24-attribution-v3,classify.py:classified_prod.jsonl+matrix.csv+exam_identity.json+skill_overrides.json,no
BJ-2026-DC-YIMO-Q9,BJ-2026-DC-YIMO-Q9,BJ-2026-DC-YIMO,BJ-2026-DC-YIMO,9,选择题,,整题,7019751438fd0701,不明,OUT,MAYBE,MAYBE,COLLECTED,MAYBE,OUT,MAYBE,OUT,OUT,完整题-选择题照收,答案键来源未核实(候选未确认),该题正式评分材料候选存在候选/存在冲突，未确认匹配，不下判,,,,,,BJ-2026-DC-YIMO-Q9,2026-09-24-attribution-v3,classify.py:classified_prod.jsonl+matrix.csv+exam_identity.json+skill_overrides.json,no
BJ-2026-DC-YIMO-Q6,BJ-2026-DC-YIMO-Q6,BJ-2026-DC-YIMO,BJ-2026-DC-YIMO,6,选择题,,整题,8c2d5ce8fbb6357a,不明,OUT,MAYBE,MAYBE,COLLECTED,MAYBE,OUT,OUT,MAYBE,COLLECTED,完整题-选择题照收,答案键来源未核实(候选未确认),该题正式评分材料候选存在候选/存在冲突，未确认匹配，不下判,,,,,,BJ-2026-DC-YIMO-Q6,2026-09-24-attribution-v3,classify.py:classified_prod.jsonl+matrix.csv+exam_identity.json+skill_overrides.json,no
BJ-2026-DC-YIMO-Q8,BJ-2026-DC-YIMO-Q8,BJ-2026-DC-YIMO,BJ-2026-DC-YIMO,8,选择题,,整题,da12aaf09513d3ce,倾向,OUT,COLLECTED,COLLECTED,MAYBE,OUT,OUT,MAYBE,OUT,OUT,完整题-选择题照收,答案键来源未核实(候选未确认),该题正式评分材料候选存在候选/存在冲突，未确认匹配，不下判,,,,,,BJ-2026-DC-YIMO-Q8,2026-09-24-attribution-v3,classify.py:classified_prod.jsonl+matrix.csv+exam_identity.json+skill_overrides.json,no
BJ-2026-DC-YIMO-Q10,BJ-2026-DC-YIMO-Q10,BJ-2026-DC-YIMO,BJ-2026-DC-YIMO,10,选择题,,整题,254e64679e5a3a22,倾向,OUT,COLLECTED,MAYBE,OUT,OUT,OUT,COLLECTED,OUT,OUT,完整题-选择题照收,答案键来源未核实(候选未确认),该题正式评分材料候选存在候选/存在冲突，未确认匹配，不下判,,,,,,BJ-2026-DC-YIMO-Q10,2026-09-24-attribution-v3,classify.py:classified_prod.jsonl+matrix.csv+exam_identity.json+skill_overrides.json,no
BJ-2026-DC-YIMO-Q11,BJ-2026-DC-YIMO-Q11,BJ-2026-DC-YIMO,BJ-2026-DC-YIMO,11,选择题,,整题,8e178c72add00ab2,倾向,OUT,MAYBE,MAYBE,OUT,OUT,OUT,COLLECTED,OUT,OUT,完整题-选择题照收,答案键来源未核实(候选未确认),该题正式评分材料候选存在候选/存在冲突，未确认匹配，不下判,,,,,,BJ-2026-DC-YIMO-Q11,2026-09-24-attribution-v3,classify.py:classified_prod.jsonl+matrix.csv+exam_identity.json+skill_overrides.json,no
BJ-2026-DC-YIMO-Q12,BJ-2026-DC-YIMO-Q12,BJ-2026-DC-YIMO,BJ-2026-DC-YIMO,12,选择题,,整题,e253b3f45298bf3e,不明,OUT,COLLECTED,MAYBE,OUT,OUT,OUT,MAYBE,MAYBE,MAYBE,完整题-选择题照收,答案键来源未核实(候选未确认),该题正式评分材料候选存在候选/存在冲突，未确认匹配，不下判,,,,,,BJ-2026-DC-YIMO-Q12,2026-09-24-attribution-v3,classify.py:classified_prod.jsonl+matrix.csv+exam_identity.json+skill_overrides.json,no
BJ-2026-DC-YIMO-Q13,BJ-2026-DC-YIMO-Q13,BJ-2026-DC-YIMO,BJ-2026-DC-YIMO,13,选择题,,整题,b347a5b9dbbc43d4,倾向,OUT,COLLECTED,MAYBE,OUT,OUT,OUT,OUT,MAYBE,MAYBE,完整题-选择题照收,答案键来源未核实(候选未确认),该题正式评分材料候选存在候选/存在冲突，未确认匹配，不下判,,,,,,BJ-2026-DC-YIMO-Q13,2026-09-24-attribution-v3,classify.py:classified_prod.jsonl+matrix.csv+exam_identity.json+skill_overrides.json,no
BJ-2026-DC-YIMO-Q14,BJ-2026-DC-YIMO-Q14,BJ-2026-DC-YIMO,BJ-2026-DC-YIMO,14,选择题,,整题,93a51d66ff5af517,不明,MAYBE,MAYBE,MAYBE,OUT,MAYBE,COLLECTED,OUT,MAYBE,MAYBE,完整题-选择题照收,答案键来源未核实(候选未确认),该题正式评分材料候选存在候选/存在冲突，未确认匹配，不下判,,,,,,BJ-2026-DC-YIMO-Q14,2026-09-24-attribution-v3,classify.py:classified_prod.jsonl+matrix.csv+exam_identity.json+skill_overrides.json,no
BJ-2026-DC-YIMO-Q15,BJ-2026-DC-YIMO-Q15,BJ-2026-DC-YIMO,BJ-2026-DC-YIMO,15,选择题,,整题,0667bf2165371653,不明,MAYBE,MAYBE,MAYBE,OUT,MAYBE,COLLECTED,OUT,OUT,OUT,完整题-选择题照收,答案键来源未核实(候选未确认),该题正式评分材料候选存在候选/存在冲突，未确认匹配，不下判,,,,,,BJ-2026-DC-YIMO-Q15,2026-09-24-attribution-v3,classify.py:classified_prod.jsonl+matrix.csv+exam_identity.json+skill_overrides.json,no
BJ-2026-FT-YIMO-Q1,BJ-2026-FT-YIMO-Q1,BJ-2026-FT-YIMO,BJ-2026-FT-YIMO,1,选择题,,整题,a58bed926199d40e,倾向,IN,MAYBE,COLLECTED,MAYBE,MAYBE,OUT,OUT,OUT,OUT,完整题-选择题照收,答案键来源未核实(候选未确认),该题正式评分材料候选存在候选/存在冲突，未确认匹配，不下判,,,,,,BJ-2026-FT-YIMO-Q1,2026-09-24-attribution-v3,classify.py:classified_prod.jsonl+matrix.csv+exam_identity.json+skill_overrides.json,no
BJ-2026-FT-YIMO-Q4,BJ-2026-FT-YIMO-Q4,BJ-2026-FT-YIMO,BJ-2026-FT-YIMO,4,选择题,,整题,8d75efe874e4c720,不明,OUT,MAYBE,MAYBE,COLLECTED,COLLECTED,MAYBE,OUT,MAYBE,MAYBE,完整题-选择题照收,E1,逐题已匹配正式评分材料,,,,,,BJ-2026-FT-YIMO-Q4,2026-09-24-attribution-v3,classify.py:classified_prod.jsonl+matrix.csv+exam_identity.json+skill_overrides.json,no
BJ-2026-FT-YIMO-Q17,BJ-2026-FT-YIMO-Q17,BJ-2026-FT-YIMO,BJ-2026-FT-YIMO,17,主观题,,整题,624256025186ed2f,倾向,MAYBE,MAYBE,COLLECTED,MAYBE,MAYBE,MAYBE,MAYBE,MAYBE,MAYBE,完整题-有E1,E1,逐题已匹配正式评分材料,"B1:rubric_unreadable_not_OUT;B2:rubric_unreadable_not_OUT;PH:rubric_unreadable_not_OUT;CU:rubric_unreadable_not_OUT;X2:rubric_unreadable_not_OUT;MI:rubric_unreadable_not_OUT;RE:rubric_unreadable_not_OUT;关联但不合并(疑似跨卷复用/串题,非duplicate_registration_alias):dup_of=BJ-2024-BJ-GAOKAO-Q17;BJ-2025-FT-ERMO-Q17",BJ-2024-BJ-GAOKAO-Q17;BJ-2025-FT-ERMO-Q17,bixiu3,,,BJ-2026-FT-YIMO-Q17,2026-09-24-attribution-v3,classify.py:classified_prod.jsonl+matrix.csv+exam_identity.json+skill_overrides.json,no
BJ-2026-FT-YIMO-Q19,BJ-2026-FT-YIMO-Q19,BJ-2026-FT-YIMO,BJ-2026-FT-YIMO,19,主观题,,整题,3abaea03d0d096af,确定,MAYBE,MAYBE,MAYBE,MAYBE,MAYBE,IN,MAYBE,MAYBE,MAYBE,不收-无E1,缺细则-已核实,覆盖rubric_links.csv自动匹配结果：该行文本6-gram重叠1.0命中细则.pptx被自动标为'已匹配正式材料'，但book-xuanbi-1.md连续6轮独立核验(见cite)一致确认该pptx对Q19只给答案方向与整题样卷总分，没有逐点采分槽，最多为E3，不能作为E1闭环依据。 | book-xuanbi-1.md:43 五道主观题门…2026丰台一模Q19…只有同卷参考答案、讲评或学生样卷总分…以上均最多为E3; book-xuanbi-1.md:205 2026丰台一模Q19正式阅卷PPT仅给答案方向和学生样卷; book-xuanbi-1.md:400 2026丰台一模Q19只有答案方向和整题样卷总分; book-xuanbi-1.md:418 2026丰台一模Q19只有方向／样例／整题赋分; book-xuanbi-1.md:392 尚未关闭的主观E1为5道…2026丰台一模Q19,B1:rubric_unreadable_not_OUT;B2:rubric_unreadable_not_OUT;B3:rubric_unreadable_not_OUT;PH:rubric_unreadable_not_OUT;CU:rubric_unreadable_not_OUT;X2:rubric_unreadable_not_OUT;MI:rubric_unreadable_not_OUT;RE:rubric_unreadable_not_OUT,,,,,BJ-2026-FT-YIMO-Q19,2026-09-24-attribution-v3,classify.py:classified_prod.jsonl+matrix.csv+exam_identity.json+skill_overrides.json,no
BJ-2026-FT-YIMO-Q20,BJ-2026-FT-YIMO-Q20,BJ-2026-FT-YIMO,BJ-2026-FT-YIMO,20,主观题,,整题,f8412ad5ba1d586d,倾向,MAYBE,MAYBE,MAYBE,MAYBE,MAYBE,MAYBE,COLLECTED,MAYBE,MAYBE,完整题-有E1,E1,逐题已匹配正式评分材料,"B1:rubric_unreadable_not_OUT;B2:rubric_unreadable_not_OUT;X1:rubric_unreadable_not_OUT;MI:rubric_unreadable_not_OUT;RE:rubric_unreadable_not_OUT;关联但不合并(疑似跨卷复用/串题,非duplicate_registration_alias):dup_of=BJ-2026-CP-QIMO-Q18",BJ-2026-CP-QIMO-Q18,,,,BJ-2026-FT-YIMO-Q20,2026-09-24-attribution-v3,classify.py:classified_prod.jsonl+matrix.csv+exam_identity.json+skill_overrides.json,no
BJ-2026-FT-YIMO-Q2,BJ-2026-FT-YIMO-Q2,BJ-2026-FT-YIMO,BJ-2026-FT-YIMO,2,选择题,,整题,753f03bc08610a89,不明,OUT,MAYBE,COLLECTED,MAYBE,MAYBE,MAYBE,OUT,OUT,MAYBE,完整题-选择题照收,答案键来源未核实(候选未确认),该题正式评分材料候选存在候选/存在冲突，未确认匹配，不下判,,,,,,BJ-2026-FT-YIMO-Q2,2026-09-24-attribution-v3,classify.py:classified_prod.jsonl+matrix.csv+exam_identity.json+skill_overrides.json,no
BJ-2026-FT-YIMO-Q3,BJ-2026-FT-YIMO-Q3,BJ-2026-FT-YIMO,BJ-2026-FT-YIMO,3,选择题,,整题,e417e9f2f2a8892b,不明,OUT,MAYBE,COLLECTED,MAYBE,MAYBE,OUT,OUT,MAYBE,MAYBE,完整题-选择题照收,答案键来源未核实(候选未确认),该题正式评分材料候选存在候选/存在冲突，未确认匹配，不下判,,,,,,BJ-2026-FT-YIMO-Q3,2026-09-24-attribution-v3,classify.py:classified_prod.jsonl+matrix.csv+exam_identity.json+skill_overrides.json,no
BJ-2026-FT-YIMO-Q6,BJ-2026-FT-YIMO-Q6,BJ-2026-FT-YIMO,BJ-2026-FT-YIMO,6,选择题,,整题,ed4a0ae57dff16a0,不明,OUT,MAYBE,MAYBE,COLLECTED,COLLECTED,OUT,OUT,MAYBE,MAYBE,完整题-选择题照收,答案键来源未核实(候选未确认),该题正式评分材料候选存在候选/存在冲突，未确认匹配，不下判,,,,,,BJ-2026-FT-YIMO-Q6,2026-09-24-attribution-v3,classify.py:classified_prod.jsonl+matrix.csv+exam_identity.json+skill_overrides.json,no
BJ-2026-FT-YIMO-Q8,BJ-2026-FT-YIMO-Q8,BJ-2026-FT-YIMO,BJ-2026-FT-YIMO,8,选择题,,整题,3c1d25ba53e2fb61,倾向,OUT,MAYBE,MAYBE,MAYBE,OUT,OUT,OUT,OUT,COLLECTED,完整题-选择题照收,答案键来源未核实(候选未确认),该题正式评分材料候选存在候选/存在冲突，未确认匹配，不下判,,,,RE,,BJ-2026-FT-YIMO-Q8,2026-09-24-attribution-v3,classify.py:classified_prod.jsonl+matrix.csv+exam_identity.json+skill_overrides.json,no
BJ-2026-FT-YIMO-Q10,BJ-2026-FT-YIMO-Q10,BJ-2026-FT-YIMO,BJ-2026-FT-YIMO,10,选择题,,整题,d00f29c8d8551408,倾向,OUT,MAYBE,MAYBE,OUT,OUT,OUT,COLLECTED,OUT,OUT,完整题-选择题照收,答案键来源未核实(候选未确认),该题正式评分材料候选存在候选/存在冲突，未确认匹配，不下判,,,,,,BJ-2026-FT-YIMO-Q10,2026-09-24-attribution-v3,classify.py:classified_prod.jsonl+matrix.csv+exam_identity.json+skill_overrides.json,no
BJ-2026-FT-YIMO-Q11,BJ-2026-FT-YIMO-Q11,BJ-2026-FT-YIMO,BJ-2026-FT-YIMO,11,选择题,,整题,526528154b21ea67,倾向,OUT,IN,MAYBE,OUT,OUT,OUT,COLLECTED,OUT,OUT,完整题-选择题照收,答案键来源未核实(候选未确认),该题正式评分材料候选存在候选/存在冲突，未确认匹配，不下判,,,,,,BJ-2026-FT-YIMO-Q11,2026-09-24-attribution-v3,classify.py:classified_prod.jsonl+matrix.csv+exam_identity.json+skill_overrides.json,no
BJ-2026-FT-YIMO-Q12,BJ-2026-FT-YIMO-Q12,BJ-2026-FT-YIMO,BJ-2026-FT-YIMO,12,选择题,,整题,ebf767ad185fbdb3,不明,OUT,COLLECTED,MAYBE,OUT,OUT,OUT,MAYBE,MAYBE,MAYBE,完整题-选择题照收,答案键来源未核实(候选未确认),该题正式评分材料候选存在候选/存在冲突，未确认匹配，不下判,,,,,,BJ-2026-FT-YIMO-Q12,2026-09-24-attribution-v3,classify.py:classified_prod.jsonl+matrix.csv+exam_identity.json+skill_overrides.json,no
BJ-2026-FT-YIMO-Q13,BJ-2026-FT-YIMO-Q13,BJ-2026-FT-YIMO,BJ-2026-FT-YIMO,13,选择题,,整题,b0d70237d9f7780c,不明,OUT,COLLECTED,MAYBE,OUT,OUT,OUT,MAYBE,MAYBE,MAYBE,完整题-选择题照收,答案键来源未核实(候选未确认),该题正式评分材料候选存在候选/存在冲突，未确认匹配，不下判,,,,,,BJ-2026-FT-YIMO-Q13,2026-09-24-attribution-v3,classify.py:classified_prod.jsonl+matrix.csv+exam_identity.json+skill_overrides.json,no
BJ-2026-FT-YIMO-Q15,BJ-2026-FT-YIMO-Q15,BJ-2026-FT-YIMO,BJ-2026-FT-YIMO,15,选择题,,整题,088bf2b7bff5e053,不明,MAYBE,MAYBE,MAYBE,OUT,MAYBE,COLLECTED,OUT,OUT,OUT,完整题-选择题照收,答案键来源未核实(候选未确认),该题正式评分材料候选存在候选/存在冲突，未确认匹配，不下判,,,,,,BJ-2026-FT-YIMO-Q15,2026-09-24-attribution-v3,classify.py:classified_prod.jsonl+matrix.csv+exam_identity.json+skill_overrides.json,no
BJ-2026-FT-YIMO-Q16,BJ-2026-FT-YIMO-Q16,BJ-2026-FT-YIMO,BJ-2026-FT-YIMO,16,主观题,,整题,5dbbda8fc14f236f,不明,OUT,MAYBE,MAYBE,COLLECTED,COLLECTED,MAYBE,MAYBE,MAYBE,MAYBE,待裁决-证据未核实,待裁决-证据未核实候选,该题正式评分材料候选存在候选/存在冲突，未确认匹配，不下判,,,,,,BJ-2026-FT-YIMO-Q16,2026-09-24-attribution-v3,classify.py:classified_prod.jsonl+matrix.csv+exam_identity.json+skill_overrides.json,no
BJ-2026-FT-YIMO-Q18#1,BJ-2026-FT-YIMO-Q18,BJ-2026-FT-YIMO,BJ-2026-FT-YIMO,18,主观题,1,小问,7511c77964d2abab,倾向,OUT,COLLECTED,MAYBE,OUT,OUT,OUT,OUT,OUT,COLLECTED,待裁决-证据未核实,待裁决-证据未核实候选,该题正式评分材料候选存在候选/存在冲突，未确认匹配，不下判,,,,,,BJ-2026-FT-YIMO-Q18,2026-09-24-attribution-v3,classify.py:classified_prod.jsonl+matrix.csv+exam_identity.json+skill_overrides.json,no
BJ-2026-FT-YIMO-Q18#2,BJ-2026-FT-YIMO-Q18,BJ-2026-FT-YIMO,BJ-2026-FT-YIMO,18,主观题,2,小问,d47fde364c523478,倾向,OUT,COLLECTED,MAYBE,OUT,OUT,OUT,OUT,OUT,COLLECTED,待裁决-证据未核实,待裁决-证据未核实候选,该题正式评分材料候选存在候选/存在冲突，未确认匹配，不下判,,,,,,BJ-2026-FT-YIMO-Q18,2026-09-24-attribution-v3,classify.py:classified_prod.jsonl+matrix.csv+exam_identity.json+skill_overrides.json,no
BJ-2026-FT-YIMO-Q21,BJ-2026-FT-YIMO-Q21,BJ-2026-FT-YIMO,BJ-2026-FT-YIMO,21,主观题,,整题,976b577b33d478ed,不明,MAYBE,MAYBE,COLLECTED,COLLECTED,MAYBE,MAYBE,MAYBE,MAYBE,MAYBE,待裁决-证据未核实,待裁决-证据未核实候选,该题正式评分材料候选存在候选/存在冲突，未确认匹配，不下判,"关联但不合并(疑似跨卷复用/串题,非duplicate_registration_alias):dup_of=BJ-2023-FT-YIMO-Q22",BJ-2023-FT-YIMO-Q22,,,,BJ-2026-FT-YIMO-Q21,2026-09-24-attribution-v3,classify.py:classified_prod.jsonl+matrix.csv+exam_identity.json+skill_overrides.json,no
BJ-2026-YQ-YIMO-Q16,BJ-2026-YQ-YIMO-Q16,BJ-2026-YQ-YIMO,BJ-2026-YQ-YIMO,16,主观题,,整题,dc4ecb88fda287e0,倾向,OUT,OUT,MAYBE,COLLECTED,COLLECTED,OUT,OUT,OUT,MAYBE,完整题-有E1,E1,逐题已匹配正式评分材料,,,,,,BJ-2026-YQ-YIMO-Q16,2026-09-24-attribution-v3,classify.py:classified_prod.jsonl+matrix.csv+exam_identity.json+skill_overrides.json,no
BJ-2026-YQ-YIMO-Q17,BJ-2026-YQ-YIMO-Q17,BJ-2026-YQ-YIMO,BJ-2026-YQ-YIMO,17,主观题,,整题,7e98e8d109ba3550,不明,OUT,MAYBE,COLLECTED,OUT,MAYBE,MAYBE,MAYBE,MAYBE,OUT,完整题-有E1,E1,逐题已匹配正式评分材料,,,,,,BJ-2026-YQ-YIMO-Q17,2026-09-24-attribution-v3,classify.py:classified_prod.jsonl+matrix.csv+exam_identity.json+skill_overrides.json,no
BJ-2026-YQ-YIMO-Q18#1,BJ-2026-YQ-YIMO-Q18,BJ-2026-YQ-YIMO,BJ-2026-YQ-YIMO,18,主观题,1,小问,b5bcfa0bfa12a295,不明,OUT,MAYBE,MAYBE,MAYBE,OUT,MAYBE,COLLECTED,MAYBE,OUT,完整题-有E1,E1,逐题已匹配正式评分材料,,,,,,BJ-2026-YQ-YIMO-Q18,2026-09-24-attribution-v3,classify.py:classified_prod.jsonl+matrix.csv+exam_identity.json+skill_overrides.json,no
BJ-2026-YQ-YIMO-Q18#2,BJ-2026-YQ-YIMO-Q18,BJ-2026-YQ-YIMO,BJ-2026-YQ-YIMO,18,主观题,2,小问,7374f72acad17b99,不明,OUT,MAYBE,MAYBE,MAYBE,OUT,MAYBE,COLLECTED,MAYBE,MAYBE,完整题-有E1,E1,逐题已匹配正式评分材料,,,,,,BJ-2026-YQ-YIMO-Q18,2026-09-24-attribution-v3,classify.py:classified_prod.jsonl+matrix.csv+exam_identity.json+skill_overrides.json,no
BJ-2026-YQ-YIMO-Q19#1,BJ-2026-YQ-YIMO-Q19,BJ-2026-YQ-YIMO,BJ-2026-YQ-YIMO,19,主观题,1,小问,b20a6a013bd192c3,倾向,OUT,COLLECTED,MAYBE,OUT,OUT,MAYBE,OUT,OUT,MAYBE,完整题-有E1,E1,逐题已匹配正式评分材料,,,,,,BJ-2026-YQ-YIMO-Q19,2026-09-24-attribution-v3,classify.py:classified_prod.jsonl+matrix.csv+exam_identity.json+skill_overrides.json,no
BJ-2026-YQ-YIMO-Q19#2,BJ-2026-YQ-YIMO-Q19,BJ-2026-YQ-YIMO,BJ-2026-YQ-YIMO,19,主观题,2,小问,a32de81978d2c3fd,倾向,OUT,COLLECTED,MAYBE,OUT,OUT,IN,OUT,OUT,MAYBE,完整题-有E1,E1,逐题已匹配正式评分材料,,,,,,BJ-2026-YQ-YIMO-Q19,2026-09-24-attribution-v3,classify.py:classified_prod.jsonl+matrix.csv+exam_identity.json+skill_overrides.json,no
BJ-2026-YQ-YIMO-Q20,BJ-2026-YQ-YIMO-Q20,BJ-2026-YQ-YIMO,BJ-2026-YQ-YIMO,20,主观题,,整题,abafd075e358c061,不明,MAYBE,MAYBE,COLLECTED,COLLECTED,MAYBE,MAYBE,MAYBE,MAYBE,MAYBE,完整题-有E1,E1,逐题已匹配正式评分材料,,,,,,BJ-2026-YQ-YIMO-Q20,2026-09-24-attribution-v3,classify.py:classified_prod.jsonl+matrix.csv+exam_identity.json+skill_overrides.json,no
BJ-2026-YQ-YIMO-Q1,BJ-2026-YQ-YIMO-Q1,BJ-2026-YQ-YIMO,BJ-2026-YQ-YIMO,1,选择题,,整题,8f736fe4dc38122d,倾向,IN,MAYBE,IN,MAYBE,MAYBE,OUT,OUT,OUT,OUT,完整题-选择题照收,答案键来源未核实(候选未确认),该题正式评分材料候选存在候选/存在冲突，未确认匹配，不下判,,,,,,BJ-2026-YQ-YIMO-Q1,2026-09-24-attribution-v3,classify.py:classified_prod.jsonl+matrix.csv+exam_identity.json+skill_overrides.json,no
BJ-2026-YQ-YIMO-Q2,BJ-2026-YQ-YIMO-Q2,BJ-2026-YQ-YIMO,BJ-2026-YQ-YIMO,2,选择题,,整题,6324bbf525e32234,倾向,OUT,COLLECTED,MAYBE,COLLECTED,MAYBE,OUT,IN,OUT,MAYBE,完整题-选择题照收,答案键来源未核实(候选未确认),该题正式评分材料候选存在候选/存在冲突，未确认匹配，不下判,,,,,,BJ-2026-YQ-YIMO-Q2,2026-09-24-attribution-v3,classify.py:classified_prod.jsonl+matrix.csv+exam_identity.json+skill_overrides.json,no
BJ-2026-YQ-YIMO-Q3,BJ-2026-YQ-YIMO-Q3,BJ-2026-YQ-YIMO,BJ-2026-YQ-YIMO,3,选择题,,整题,81afc63ba938ca3e,不明,OUT,MAYBE,MAYBE,COLLECTED,MAYBE,OUT,OUT,MAYBE,MAYBE,完整题-选择题照收,答案键来源未核实(候选未确认),该题正式评分材料候选存在候选/存在冲突，未确认匹配，不下判,,,,,,BJ-2026-YQ-YIMO-Q3,2026-09-24-attribution-v3,classify.py:classified_prod.jsonl+matrix.csv+exam_identity.json+skill_overrides.json,no
BJ-2026-YQ-YIMO-Q4,BJ-2026-YQ-YIMO-Q4,BJ-2026-YQ-YIMO,BJ-2026-YQ-YIMO,4,选择题,,整题,5ec936863a87df22,不明,OUT,MAYBE,MAYBE,COLLECTED,COLLECTED,OUT,OUT,MAYBE,MAYBE,完整题-选择题照收,答案键来源未核实(候选未确认),该题正式评分材料候选存在候选/存在冲突，未确认匹配，不下判,,,,,,BJ-2026-YQ-YIMO-Q4,2026-09-24-attribution-v3,classify.py:classified_prod.jsonl+matrix.csv+exam_identity.json+skill_overrides.json,no
BJ-2026-YQ-YIMO-Q5,BJ-2026-YQ-YIMO-Q5,BJ-2026-YQ-YIMO,BJ-2026-YQ-YIMO,5,选择题,,整题,63909a81a24433dc,不明,OUT,MAYBE,MAYBE,MAYBE,MAYBE,OUT,OUT,COLLECTED,COLLECTED,完整题-选择题照收,答案键来源未核实(候选未确认),该题正式评分材料候选存在候选/存在冲突，未确认匹配，不下判,,,,,,BJ-2026-YQ-YIMO-Q5,2026-09-24-attribution-v3,classify.py:classified_prod.jsonl+matrix.csv+exam_identity.json+skill_overrides.json,no
BJ-2026-YQ-YIMO-Q6,BJ-2026-YQ-YIMO-Q6,BJ-2026-YQ-YIMO,BJ-2026-YQ-YIMO,6,选择题,,整题,6b3f8b1b771637eb,不明,OUT,MAYBE,MAYBE,MAYBE,MAYBE,COLLECTED,OUT,MAYBE,COLLECTED,完整题-选择题照收,答案键来源未核实(候选未确认),该题正式评分材料候选存在候选/存在冲突，未确认匹配，不下判,,,,,,BJ-2026-YQ-YIMO-Q6,2026-09-24-attribution-v3,classify.py:classified_prod.jsonl+matrix.csv+exam_identity.json+skill_overrides.json,no
BJ-2026-YQ-YIMO-Q7,BJ-2026-YQ-YIMO-Q7,BJ-2026-YQ-YIMO,BJ-2026-YQ-YIMO,7,选择题,,整题,13f09d527604a68b,不明,OUT,MAYBE,MAYBE,MAYBE,MAYBE,OUT,MAYBE,MAYBE,COLLECTED,完整题-选择题照收,答案键来源未核实(候选未确认),该题正式评分材料候选存在候选/存在冲突，未确认匹配，不下判,,,,,,BJ-2026-YQ-YIMO-Q7,2026-09-24-attribution-v3,classify.py:classified_prod.jsonl+matrix.csv+exam_identity.json+skill_overrides.json,no
BJ-2026-YQ-YIMO-Q8,BJ-2026-YQ-YIMO-Q8,BJ-2026-YQ-YIMO,BJ-2026-YQ-YIMO,8,选择题,,整题,f5a6fbcf0ddad99c,倾向,OUT,MAYBE,MAYBE,MAYBE,OUT,OUT,COLLECTED,OUT,OUT,完整题-选择题照收,答案键来源未核实(候选未确认),该题正式评分材料候选存在候选/存在冲突，未确认匹配，不下判,,,,,,BJ-2026-YQ-YIMO-Q8,2026-09-24-attribution-v3,classify.py:classified_prod.jsonl+matrix.csv+exam_identity.json+skill_overrides.json,no
BJ-2026-YQ-YIMO-Q9,BJ-2026-YQ-YIMO-Q9,BJ-2026-YQ-YIMO,BJ-2026-YQ-YIMO,9,选择题,,整题,c62ec0e31937a81d,不明,OUT,MAYBE,MAYBE,MAYBE,MAYBE,OUT,COLLECTED,OUT,OUT,完整题-选择题照收,答案键来源未核实(候选未确认),该题正式评分材料候选存在候选/存在冲突，未确认匹配，不下判,,,,,,BJ-2026-YQ-YIMO-Q9,2026-09-24-attribution-v3,classify.py:classified_prod.jsonl+matrix.csv+exam_identity.json+skill_overrides.json,no
BJ-2026-YQ-YIMO-Q10,BJ-2026-YQ-YIMO-Q10,BJ-2026-YQ-YIMO,BJ-2026-YQ-YIMO,10,选择题,,整题,38bc79231c53c643,倾向,OUT,MAYBE,COLLECTED,OUT,OUT,MAYBE,MAYBE,OUT,OUT,完整题-选择题照收,答案键来源未核实(候选未确认),该题正式评分材料候选存在候选/存在冲突，未确认匹配，不下判,,,,,,BJ-2026-YQ-YIMO-Q10,2026-09-24-attribution-v3,classify.py:classified_prod.jsonl+matrix.csv+exam_identity.json+skill_overrides.json,no
BJ-2026-YQ-YIMO-Q11,BJ-2026-YQ-YIMO-Q11,BJ-2026-YQ-YIMO,BJ-2026-YQ-YIMO,11,选择题,,整题,375a5bae23b568e7,倾向,OUT,MAYBE,COLLECTED,OUT,COLLECTED,OUT,IN,OUT,MAYBE,完整题-选择题照收,答案键来源未核实(候选未确认),该题正式评分材料候选存在候选/存在冲突，未确认匹配，不下判,,,,CU,,BJ-2026-YQ-YIMO-Q11,2026-09-24-attribution-v3,classify.py:classified_prod.jsonl+matrix.csv+exam_identity.json+skill_overrides.json,no
BJ-2026-YQ-YIMO-Q12,BJ-2026-YQ-YIMO-Q12,BJ-2026-YQ-YIMO,BJ-2026-YQ-YIMO,12,选择题,,整题,1e35a13e1dd0188c,不明,OUT,COLLECTED,MAYBE,OUT,OUT,OUT,MAYBE,MAYBE,MAYBE,完整题-选择题照收,答案键来源未核实(候选未确认),该题正式评分材料候选存在候选/存在冲突，未确认匹配，不下判,,,,,,BJ-2026-YQ-YIMO-Q12,2026-09-24-attribution-v3,classify.py:classified_prod.jsonl+matrix.csv+exam_identity.json+skill_overrides.json,no
BJ-2026-YQ-YIMO-Q13,BJ-2026-YQ-YIMO-Q13,BJ-2026-YQ-YIMO,BJ-2026-YQ-YIMO,13,选择题,,整题,6947ce7cdb1a3e4b,倾向,OUT,COLLECTED,MAYBE,OUT,OUT,OUT,OUT,MAYBE,MAYBE,完整题-选择题照收,答案键来源未核实(候选未确认),该题正式评分材料候选存在候选/存在冲突，未确认匹配，不下判,,,,,,BJ-2026-YQ-YIMO-Q13,2026-09-24-attribution-v3,classify.py:classified_prod.jsonl+matrix.csv+exam_identity.json+skill_overrides.json,no
BJ-2026-YQ-YIMO-Q14,BJ-2026-YQ-YIMO-Q14,BJ-2026-YQ-YIMO,BJ-2026-YQ-YIMO,14,选择题,,整题,908c5442f3e9a561,不明,MAYBE,COLLECTED,MAYBE,OUT,OUT,COLLECTED,OUT,MAYBE,MAYBE,完整题-选择题照收,答案键来源未核实(候选未确认),该题正式评分材料候选存在候选/存在冲突，未确认匹配，不下判,,,,,,BJ-2026-YQ-YIMO-Q14,2026-09-24-attribution-v3,classify.py:classified_prod.jsonl+matrix.csv+exam_identity.json+skill_overrides.json,no
BJ-2026-YQ-YIMO-Q15,BJ-2026-YQ-YIMO-Q15,BJ-2026-YQ-YIMO,BJ-2026-YQ-YIMO,15,选择题,,整题,1ac7410843d41306,不明,MAYBE,MAYBE,MAYBE,OUT,MAYBE,COLLECTED,OUT,OUT,OUT,完整题-选择题照收,答案键来源未核实(候选未确认),该题正式评分材料候选存在候选/存在冲突，未确认匹配，不下判,,,,,,BJ-2026-YQ-YIMO-Q15,2026-09-24-attribution-v3,classify.py:classified_prod.jsonl+matrix.csv+exam_identity.json+skill_overrides.json,no
BJ-2026-FS-YIMO-Q17#1,BJ-2026-FS-YIMO-Q17,BJ-2026-FS-YIMO,BJ-2026-FS-YIMO,17,主观题,1,小问,e549df01449cd1a0,不明,MAYBE,MAYBE,COLLECTED,MAYBE,MAYBE,MAYBE,COLLECTED,MAYBE,MAYBE,待裁决-证据未核实,待裁决-证据未核实候选,该题正式评分材料候选存在候选/存在冲突，未确认匹配，不下判,,,,,,BJ-2026-FS-YIMO-Q17,2026-09-24-attribution-v3,classify.py:classified_prod.jsonl+matrix.csv+exam_identity.json+skill_overrides.json,no
BJ-2026-FS-YIMO-Q17#2,BJ-2026-FS-YIMO-Q17,BJ-2026-FS-YIMO,BJ-2026-FS-YIMO,17,主观题,2,小问,bf40bf7d4efc4122,不明,MAYBE,MAYBE,COLLECTED,MAYBE,MAYBE,MAYBE,COLLECTED,MAYBE,MAYBE,待裁决-证据未核实,待裁决-证据未核实候选,该题正式评分材料候选存在候选/存在冲突，未确认匹配，不下判,,,,,,BJ-2026-FS-YIMO-Q17,2026-09-24-attribution-v3,classify.py:classified_prod.jsonl+matrix.csv+exam_identity.json+skill_overrides.json,no
BJ-2026-FS-YIMO-Q18#1,BJ-2026-FS-YIMO-Q18,BJ-2026-FS-YIMO,BJ-2026-FS-YIMO,18,主观题,1,小问,352a0b02547d3b3d,确定,MAYBE,MAYBE,COLLECTED,MAYBE,MAYBE,MAYBE,MAYBE,COLLECTED,MAYBE,待裁决-证据未核实,待裁决-证据未核实候选,该题正式评分材料候选存在候选/存在冲突，未确认匹配，不下判,B1:rubric_unreadable_not_OUT;B2:rubric_unreadable_not_OUT;PH:rubric_unreadable_not_OUT;CU:rubric_unreadable_not_OUT;X1:rubric_unreadable_not_OUT;X2:rubric_unreadable_not_OUT;RE:rubric_unreadable_not_OUT,,,,,BJ-2026-FS-YIMO-Q18,2026-09-24-attribution-v3,classify.py:classified_prod.jsonl+matrix.csv+exam_identity.json+skill_overrides.json,no
BJ-2026-FS-YIMO-Q18#2,BJ-2026-FS-YIMO-Q18,BJ-2026-FS-YIMO,BJ-2026-FS-YIMO,18,主观题,2,小问,5584da3c301f93cb,确定,MAYBE,MAYBE,COLLECTED,MAYBE,MAYBE,MAYBE,MAYBE,COLLECTED,MAYBE,待裁决-证据未核实,待裁决-证据未核实候选,该题正式评分材料候选存在候选/存在冲突，未确认匹配，不下判,B1:rubric_unreadable_not_OUT;B2:rubric_unreadable_not_OUT;PH:rubric_unreadable_not_OUT;CU:rubric_unreadable_not_OUT;X1:rubric_unreadable_not_OUT;X2:rubric_unreadable_not_OUT;RE:rubric_unreadable_not_OUT,,,,,BJ-2026-FS-YIMO-Q18,2026-09-24-attribution-v3,classify.py:classified_prod.jsonl+matrix.csv+exam_identity.json+skill_overrides.json,no
BJ-2026-FS-YIMO-Q19,BJ-2026-FS-YIMO-Q19,BJ-2026-FS-YIMO,BJ-2026-FS-YIMO,19,主观题,,整题,a23748cfc8c1b907,确定,MAYBE,COLLECTED,MAYBE,MAYBE,MAYBE,COLLECTED,MAYBE,MAYBE,MAYBE,完整题-有E1,E1,具名核实-Skill闭环记录（rubric_links.csv该题只有'存在候选'的正式评分材料候选行，未确认匹配；book-xuanbi-1.md独立核验已闭环，按Skill结论收） | book-xuanbi-1.md:307 本轮主观E1新闭环7题：…2026房山一模Q19、海淀一模Q20、海淀期中Q22(1)、西城期末Q20,B1:rubric_unreadable_not_OUT;B3:rubric_unreadable_not_OUT;PH:rubric_unreadable_not_OUT;CU:rubric_unreadable_not_OUT;X2:rubric_unreadable_not_OUT;MI:rubric_unreadable_not_OUT;RE:rubric_unreadable_not_OUT,,,B2,,BJ-2026-FS-YIMO-Q19,2026-09-24-attribution-v3,classify.py:classified_prod.jsonl+matrix.csv+exam_identity.json+skill_overrides.json,no
BJ-2026-FS-YIMO-Q20,BJ-2026-FS-YIMO-Q20,BJ-2026-FS-YIMO,BJ-2026-FS-YIMO,20,主观题,,整题,7c179dbdb2f59907,不明,MAYBE,MAYBE,COLLECTED,COLLECTED,MAYBE,MAYBE,MAYBE,MAYBE,MAYBE,待裁决-证据未核实,待裁决-证据未核实候选,该题正式评分材料候选存在候选/存在冲突，未确认匹配，不下判,,,,,,BJ-2026-FS-YIMO-Q20,2026-09-24-attribution-v3,classify.py:classified_prod.jsonl+matrix.csv+exam_identity.json+skill_overrides.json,no
BJ-2026-FS-YIMO-Q2,BJ-2026-FS-YIMO-Q2,BJ-2026-FS-YIMO,BJ-2026-FS-YIMO,2,选择题,,整题,9e31f6c39f71a538,不明,MAYBE,MAYBE,MAYBE,COLLECTED,COLLECTED,OUT,OUT,OUT,MAYBE,完整题-选择题照收,答案键来源未核实(候选未确认),该题正式评分材料候选存在候选/存在冲突，未确认匹配，不下判,,,,,,BJ-2026-FS-YIMO-Q2,2026-09-24-attribution-v3,classify.py:classified_prod.jsonl+matrix.csv+exam_identity.json+skill_overrides.json,no
BJ-2026-FS-YIMO-Q3,BJ-2026-FS-YIMO-Q3,BJ-2026-FS-YIMO,BJ-2026-FS-YIMO,3,选择题,,整题,453d68bcbfc65825,不明,OUT,MAYBE,MAYBE,MAYBE,COLLECTED,OUT,OUT,MAYBE,MAYBE,完整题-选择题照收,答案键来源未核实(候选未确认),该题正式评分材料候选存在候选/存在冲突，未确认匹配，不下判,,,,,,BJ-2026-FS-YIMO-Q3,2026-09-24-attribution-v3,classify.py:classified_prod.jsonl+matrix.csv+exam_identity.json+skill_overrides.json,no
BJ-2026-FS-YIMO-Q4,BJ-2026-FS-YIMO-Q4,BJ-2026-FS-YIMO,BJ-2026-FS-YIMO,4,选择题,,整题,a76a29175f8c5074,不明,OUT,MAYBE,MAYBE,COLLECTED,COLLECTED,IN,OUT,MAYBE,MAYBE,完整题-选择题照收,答案键来源未核实(候选未确认),该题正式评分材料候选存在候选/存在冲突，未确认匹配，不下判,,,,,,BJ-2026-FS-YIMO-Q4,2026-09-24-attribution-v3,classify.py:classified_prod.jsonl+matrix.csv+exam_identity.json+skill_overrides.json,no
BJ-2026-FS-YIMO-Q5,BJ-2026-FS-YIMO-Q5,BJ-2026-FS-YIMO,BJ-2026-FS-YIMO,5,选择题,,整题,65cfe1042455c22f,不明,IN,MAYBE,MAYBE,MAYBE,MAYBE,OUT,OUT,MAYBE,COLLECTED,完整题-选择题照收,答案键来源未核实(候选未确认),该题正式评分材料候选存在候选/存在冲突，未确认匹配，不下判,,,,,,BJ-2026-FS-YIMO-Q5,2026-09-24-attribution-v3,classify.py:classified_prod.jsonl+matrix.csv+exam_identity.json+skill_overrides.json,no
BJ-2026-FS-YIMO-Q6,BJ-2026-FS-YIMO-Q6,BJ-2026-FS-YIMO,BJ-2026-FS-YIMO,6,选择题,,整题,0498ce01f77c03ea,不明,OUT,MAYBE,MAYBE,COLLECTED,MAYBE,OUT,OUT,MAYBE,COLLECTED,完整题-选择题照收,答案键来源未核实(候选未确认),该题正式评分材料候选存在候选/存在冲突，未确认匹配，不下判,,,,,,BJ-2026-FS-YIMO-Q6,2026-09-24-attribution-v3,classify.py:classified_prod.jsonl+matrix.csv+exam_identity.json+skill_overrides.json,no
BJ-2026-FS-YIMO-Q7,BJ-2026-FS-YIMO-Q7,BJ-2026-FS-YIMO,BJ-2026-FS-YIMO,7,选择题,,整题,c02b1ae848e83917,不明,OUT,MAYBE,COLLECTED,COLLECTED,MAYBE,OUT,OUT,MAYBE,COLLECTED,完整题-选择题照收,答案键来源未核实(候选未确认),该题正式评分材料候选存在候选/存在冲突，未确认匹配，不下判,,,,,,BJ-2026-FS-YIMO-Q7,2026-09-24-attribution-v3,classify.py:classified_prod.jsonl+matrix.csv+exam_identity.json+skill_overrides.json,no
BJ-2026-FS-YIMO-Q9,BJ-2026-FS-YIMO-Q9,BJ-2026-FS-YIMO,BJ-2026-FS-YIMO,9,选择题,,整题,b9a510c1b90f89d9,倾向,OUT,MAYBE,COLLECTED,MAYBE,COLLECTED,OUT,MAYBE,OUT,OUT,完整题-选择题照收,答案键来源未核实(候选未确认),该题正式评分材料候选存在候选/存在冲突，未确认匹配，不下判,,,,,,BJ-2026-FS-YIMO-Q9,2026-09-24-attribution-v3,classify.py:classified_prod.jsonl+matrix.csv+exam_identity.json+skill_overrides.json,no
BJ-2026-FS-YIMO-Q10,BJ-2026-FS-YIMO-Q10,BJ-2026-FS-YIMO,BJ-2026-FS-YIMO,10,选择题,,整题,4954925d4071336b,倾向,OUT,MAYBE,MAYBE,OUT,OUT,OUT,COLLECTED,OUT,OUT,完整题-选择题照收,答案键来源未核实(候选未确认),该题正式评分材料候选存在候选/存在冲突，未确认匹配，不下判,,,,,,BJ-2026-FS-YIMO-Q10,2026-09-24-attribution-v3,classify.py:classified_prod.jsonl+matrix.csv+exam_identity.json+skill_overrides.json,no
BJ-2026-FS-YIMO-Q11,BJ-2026-FS-YIMO-Q11,BJ-2026-FS-YIMO,BJ-2026-FS-YIMO,11,选择题,,整题,032d2608557d35ef,倾向,OUT,MAYBE,MAYBE,OUT,OUT,OUT,COLLECTED,OUT,OUT,完整题-选择题照收,答案键来源未核实(候选未确认),该题正式评分材料候选存在候选/存在冲突，未确认匹配，不下判,,,,,,BJ-2026-FS-YIMO-Q11,2026-09-24-attribution-v3,classify.py:classified_prod.jsonl+matrix.csv+exam_identity.json+skill_overrides.json,no
BJ-2026-FS-YIMO-Q12,BJ-2026-FS-YIMO-Q12,BJ-2026-FS-YIMO,BJ-2026-FS-YIMO,12,选择题,,整题,fe0dbea2dae028b5,倾向,OUT,COLLECTED,COLLECTED,OUT,OUT,OUT,MAYBE,MAYBE,MAYBE,完整题-选择题照收,答案键来源未核实(候选未确认),该题正式评分材料候选存在候选/存在冲突，未确认匹配，不下判,,,,,,BJ-2026-FS-YIMO-Q12,2026-09-24-attribution-v3,classify.py:classified_prod.jsonl+matrix.csv+exam_identity.json+skill_overrides.json,no
BJ-2026-FS-YIMO-Q13,BJ-2026-FS-YIMO-Q13,BJ-2026-FS-YIMO,BJ-2026-FS-YIMO,13,选择题,,整题,f1d61abafc649043,倾向,OUT,COLLECTED,MAYBE,OUT,OUT,OUT,OUT,MAYBE,MAYBE,完整题-选择题照收,答案键来源未核实(候选未确认),该题正式评分材料候选存在候选/存在冲突，未确认匹配，不下判,,,,,,BJ-2026-FS-YIMO-Q13,2026-09-24-attribution-v3,classify.py:classified_prod.jsonl+matrix.csv+exam_identity.json+skill_overrides.json,no
BJ-2026-FS-YIMO-Q14,BJ-2026-FS-YIMO-Q14,BJ-2026-FS-YIMO,BJ-2026-FS-YIMO,14,选择题,,整题,7ca4790889a88405,不明,MAYBE,COLLECTED,MAYBE,OUT,OUT,COLLECTED,OUT,MAYBE,MAYBE,完整题-选择题照收,答案键来源未核实(候选未确认),该题正式评分材料候选存在候选/存在冲突，未确认匹配，不下判,,,,,,BJ-2026-FS-YIMO-Q14,2026-09-24-attribution-v3,classify.py:classified_prod.jsonl+matrix.csv+exam_identity.json+skill_overrides.json,no
BJ-2026-FS-YIMO-Q15,BJ-2026-FS-YIMO-Q15,BJ-2026-FS-YIMO,BJ-2026-FS-YIMO,15,选择题,,整题,393af5f81fe94014,不明,MAYBE,MAYBE,MAYBE,OUT,MAYBE,COLLECTED,OUT,OUT,OUT,完整题-选择题照收,答案键来源未核实(候选未确认),该题正式评分材料候选存在候选/存在冲突，未确认匹配，不下判,,,,,,BJ-2026-FS-YIMO-Q15,2026-09-24-attribution-v3,classify.py:classified_prod.jsonl+matrix.csv+exam_identity.json+skill_overrides.json,no
BJ-2026-FS-YIMO-Q16#1,BJ-2026-FS-YIMO-Q16,BJ-2026-FS-YIMO,BJ-2026-FS-YIMO,16,主观题,1,小问,fc005169a8f4488f,确定,MAYBE,COLLECTED,MAYBE,COLLECTED,MAYBE,MAYBE,MAYBE,MAYBE,MAYBE,待裁决-证据未核实,待裁决-证据未核实候选,该题正式评分材料候选存在候选/存在冲突，未确认匹配，不下判,B1:rubric_unreadable_not_OUT;B3:rubric_unreadable_not_OUT;CU:rubric_unreadable_not_OUT;X1:rubric_unreadable_not_OUT;X2:rubric_unreadable_not_OUT;MI:rubric_unreadable_not_OUT;RE:rubric_unreadable_not_OUT,,,,,BJ-2026-FS-YIMO-Q16,2026-09-24-attribution-v3,classify.py:classified_prod.jsonl+matrix.csv+exam_identity.json+skill_overrides.json,no
BJ-2026-FS-YIMO-Q16#2,BJ-2026-FS-YIMO-Q16,BJ-2026-FS-YIMO,BJ-2026-FS-YIMO,16,主观题,2,小问,473b9aa8bcc9f550,不明,MAYBE,COLLECTED,MAYBE,COLLECTED,MAYBE,MAYBE,MAYBE,MAYBE,MAYBE,待裁决-证据未核实,待裁决-证据未核实候选,该题正式评分材料候选存在候选/存在冲突，未确认匹配，不下判,,,,,,BJ-2026-FS-YIMO-Q16,2026-09-24-attribution-v3,classify.py:classified_prod.jsonl+matrix.csv+exam_identity.json+skill_overrides.json,no
BJ-2026-CY-YIMO-Q1,BJ-2026-CY-YIMO-Q1,BJ-2026-CY-YIMO,BJ-2026-CY-YIMO,1,选择题,,整题,0ac45c1293174f41,不明,MAYBE,MAYBE,MAYBE,COLLECTED,MAYBE,OUT,OUT,OUT,OUT,完整题-选择题照收,答案键来源未核实(候选未确认),该题正式评分材料候选存在候选/存在冲突，未确认匹配，不下判,,,,,,BJ-2026-CY-YIMO-Q1,2026-09-24-attribution-v3,classify.py:classified_prod.jsonl+matrix.csv+exam_identity.json+skill_overrides.json,no
BJ-2026-CY-YIMO-Q17#1,BJ-2026-CY-YIMO-Q17,BJ-2026-CY-YIMO,BJ-2026-CY-YIMO,17,主观题,1,小问,c599a33f3dfdc6bf,不明,OUT,MAYBE,COLLECTED,MAYBE,MAYBE,MAYBE,MAYBE,COLLECTED,COLLECTED,完整题-有E1,E1,逐题已匹配正式评分材料,,,,,,BJ-2026-CY-YIMO-Q17,2026-09-24-attribution-v3,classify.py:classified_prod.jsonl+matrix.csv+exam_identity.json+skill_overrides.json,no
BJ-2026-CY-YIMO-Q17#2,BJ-2026-CY-YIMO-Q17,BJ-2026-CY-YIMO,BJ-2026-CY-YIMO,17,主观题,2,小问,074f0b12b0ac212f,不明,OUT,MAYBE,COLLECTED,MAYBE,MAYBE,MAYBE,MAYBE,COLLECTED,COLLECTED,完整题-有E1,E1,逐题已匹配正式评分材料,,,,,,BJ-2026-CY-YIMO-Q17,2026-09-24-attribution-v3,classify.py:classified_prod.jsonl+matrix.csv+exam_identity.json+skill_overrides.json,no
BJ-2026-CY-YIMO-Q18,BJ-2026-CY-YIMO-Q18,BJ-2026-CY-YIMO,BJ-2026-CY-YIMO,18,主观题,,整题,010c28aa67e17bb3,不明,OUT,IN,MAYBE,MAYBE,MAYBE,MAYBE,COLLECTED,OUT,MAYBE,完整题-有E1,E1,逐题已匹配正式评分材料,,,,,,BJ-2026-CY-YIMO-Q18,2026-09-24-attribution-v3,classify.py:classified_prod.jsonl+matrix.csv+exam_identity.json+skill_overrides.json,no
BJ-2026-CY-YIMO-Q2,BJ-2026-CY-YIMO-Q2,BJ-2026-CY-YIMO,BJ-2026-CY-YIMO,2,选择题,,整题,b5848d2ce086f910,不明,OUT,MAYBE,MAYBE,COLLECTED,MAYBE,OUT,OUT,OUT,MAYBE,完整题-选择题照收,答案键来源未核实(候选未确认),该题正式评分材料候选存在候选/存在冲突，未确认匹配，不下判,,,,,,BJ-2026-CY-YIMO-Q2,2026-09-24-attribution-v3,classify.py:classified_prod.jsonl+matrix.csv+exam_identity.json+skill_overrides.json,no
BJ-2026-CY-YIMO-Q3,BJ-2026-CY-YIMO-Q3,BJ-2026-CY-YIMO,BJ-2026-CY-YIMO,3,选择题,,整题,81a6f8b72bc5791f,不明,OUT,MAYBE,MAYBE,COLLECTED,COLLECTED,OUT,OUT,MAYBE,MAYBE,完整题-选择题照收,答案键来源未核实(候选未确认),该题正式评分材料候选存在候选/存在冲突，未确认匹配，不下判,,,,,,BJ-2026-CY-YIMO-Q3,2026-09-24-attribution-v3,classify.py:classified_prod.jsonl+matrix.csv+exam_identity.json+skill_overrides.json,no
BJ-2026-CY-YIMO-Q4,BJ-2026-CY-YIMO-Q4,BJ-2026-CY-YIMO,BJ-2026-CY-YIMO,4,选择题,,整题,64f76a0cf99d263c,不明,OUT,MAYBE,MAYBE,MAYBE,COLLECTED,COLLECTED,OUT,MAYBE,MAYBE,完整题-选择题照收,答案键来源未核实(候选未确认),该题正式评分材料候选存在候选/存在冲突，未确认匹配，不下判,,,,,,BJ-2026-CY-YIMO-Q4,2026-09-24-attribution-v3,classify.py:classified_prod.jsonl+matrix.csv+exam_identity.json+skill_overrides.json,no
BJ-2026-CY-YIMO-Q19,BJ-2026-CY-YIMO-Q19,BJ-2026-CY-YIMO,BJ-2026-CY-YIMO,19,主观题,,整题,9ba1b020b61820a4,不明,OUT,COLLECTED,MAYBE,MAYBE,MAYBE,MAYBE,MAYBE,OUT,MAYBE,完整题-有E1,E1,逐题已匹配正式评分材料,,,,,,BJ-2026-CY-YIMO-Q19,2026-09-24-attribution-v3,classify.py:classified_prod.jsonl+matrix.csv+exam_identity.json+skill_overrides.json,no
BJ-2026-CY-YIMO-Q20,BJ-2026-CY-YIMO-Q20,BJ-2026-CY-YIMO,BJ-2026-CY-YIMO,20,主观题,,整题,c18f6efdc0644de0,不明,OUT,COLLECTED,MAYBE,MAYBE,OUT,COLLECTED,MAYBE,OUT,MAYBE,完整题-有E1,E1,逐题已匹配正式评分材料,,,,,,BJ-2026-CY-YIMO-Q20,2026-09-24-attribution-v3,classify.py:classified_prod.jsonl+matrix.csv+exam_identity.json+skill_overrides.json,no
BJ-2026-CY-YIMO-Q5,BJ-2026-CY-YIMO-Q5,BJ-2026-CY-YIMO,BJ-2026-CY-YIMO,5,选择题,,整题,1604bb78d25be5e7,不明,OUT,MAYBE,MAYBE,MAYBE,MAYBE,OUT,OUT,MAYBE,COLLECTED,完整题-选择题照收,答案键来源未核实(候选未确认),该题正式评分材料候选存在候选/存在冲突，未确认匹配，不下判,,,,,,BJ-2026-CY-YIMO-Q5,2026-09-24-attribution-v3,classify.py:classified_prod.jsonl+matrix.csv+exam_identity.json+skill_overrides.json,no
BJ-2026-CY-YIMO-Q6,BJ-2026-CY-YIMO-Q6,BJ-2026-CY-YIMO,BJ-2026-CY-YIMO,6,选择题,,整题,7357c412181dbb3e,倾向,OUT,MAYBE,MAYBE,COLLECTED,MAYBE,OUT,OUT,COLLECTED,COLLECTED,完整题-选择题照收,答案键来源未核实(候选未确认),该题正式评分材料候选存在候选/存在冲突，未确认匹配，不下判,,,,,,BJ-2026-CY-YIMO-Q6,2026-09-24-attribution-v3,classify.py:classified_prod.jsonl+matrix.csv+exam_identity.json+skill_overrides.json,no
BJ-2026-CY-YIMO-Q7,BJ-2026-CY-YIMO-Q7,BJ-2026-CY-YIMO,BJ-2026-CY-YIMO,7,选择题,,整题,146ca7b8d5ed1b68,不明,OUT,MAYBE,MAYBE,COLLECTED,MAYBE,OUT,OUT,COLLECTED,MAYBE,完整题-选择题照收,答案键来源未核实(候选未确认),该题正式评分材料候选存在候选/存在冲突，未确认匹配，不下判,,,,,,BJ-2026-CY-YIMO-Q7,2026-09-24-attribution-v3,classify.py:classified_prod.jsonl+matrix.csv+exam_identity.json+skill_overrides.json,no
BJ-2026-CY-YIMO-Q8,BJ-2026-CY-YIMO-Q8,BJ-2026-CY-YIMO,BJ-2026-CY-YIMO,8,选择题,,整题,c32d6660fe25ba0e,不明,OUT,MAYBE,COLLECTED,MAYBE,OUT,MAYBE,MAYBE,OUT,OUT,完整题-选择题照收,答案键来源未核实(候选未确认),该题正式评分材料候选存在候选/存在冲突，未确认匹配，不下判,,,,,,BJ-2026-CY-YIMO-Q8,2026-09-24-attribution-v3,classify.py:classified_prod.jsonl+matrix.csv+exam_identity.json+skill_overrides.json,no
BJ-2026-CY-YIMO-Q9,BJ-2026-CY-YIMO-Q9,BJ-2026-CY-YIMO,BJ-2026-CY-YIMO,9,选择题,,整题,34473ef0615a4c07,不明,OUT,MAYBE,COLLECTED,MAYBE,MAYBE,MAYBE,MAYBE,OUT,OUT,完整题-选择题照收,答案键来源未核实(候选未确认),该题正式评分材料候选存在候选/存在冲突，未确认匹配，不下判,,,,,,BJ-2026-CY-YIMO-Q9,2026-09-24-attribution-v3,classify.py:classified_prod.jsonl+matrix.csv+exam_identity.json+skill_overrides.json,no
BJ-2026-CY-YIMO-Q10,BJ-2026-CY-YIMO-Q10,BJ-2026-CY-YIMO,BJ-2026-CY-YIMO,10,选择题,,整题,0b45aba650cf2436,倾向,OUT,MAYBE,MAYBE,OUT,OUT,OUT,COLLECTED,OUT,OUT,完整题-选择题照收,答案键来源未核实(候选未确认),该题正式评分材料候选存在候选/存在冲突，未确认匹配，不下判,,,,,,BJ-2026-CY-YIMO-Q10,2026-09-24-attribution-v3,classify.py:classified_prod.jsonl+matrix.csv+exam_identity.json+skill_overrides.json,no
BJ-2026-CY-YIMO-Q11,BJ-2026-CY-YIMO-Q11,BJ-2026-CY-YIMO,BJ-2026-CY-YIMO,11,选择题,,整题,d51509b8fc6899f3,倾向,OUT,MAYBE,COLLECTED,OUT,OUT,OUT,COLLECTED,OUT,OUT,完整题-选择题照收,答案键来源未核实(候选未确认),该题正式评分材料候选存在候选/存在冲突，未确认匹配，不下判,,,,,,BJ-2026-CY-YIMO-Q11,2026-09-24-attribution-v3,classify.py:classified_prod.jsonl+matrix.csv+exam_identity.json+skill_overrides.json,no
BJ-2026-CY-YIMO-Q12,BJ-2026-CY-YIMO-Q12,BJ-2026-CY-YIMO,BJ-2026-CY-YIMO,12,选择题,,整题,8ab8f3e5d8169340,不明,OUT,COLLECTED,MAYBE,OUT,OUT,OUT,MAYBE,MAYBE,MAYBE,完整题-选择题照收,答案键来源未核实(候选未确认),该题正式评分材料候选存在候选/存在冲突，未确认匹配，不下判,,,,,,BJ-2026-CY-YIMO-Q12,2026-09-24-attribution-v3,classify.py:classified_prod.jsonl+matrix.csv+exam_identity.json+skill_overrides.json,no
BJ-2026-CY-YIMO-Q13,BJ-2026-CY-YIMO-Q13,BJ-2026-CY-YIMO,BJ-2026-CY-YIMO,13,选择题,,整题,027fa3b9e7640a6b,倾向,OUT,COLLECTED,MAYBE,OUT,OUT,OUT,OUT,MAYBE,MAYBE,完整题-选择题照收,答案键来源未核实(候选未确认),该题正式评分材料候选存在候选/存在冲突，未确认匹配，不下判,,,,,,BJ-2026-CY-YIMO-Q13,2026-09-24-attribution-v3,classify.py:classified_prod.jsonl+matrix.csv+exam_identity.json+skill_overrides.json,no
BJ-2026-CY-YIMO-Q14,BJ-2026-CY-YIMO-Q14,BJ-2026-CY-YIMO,BJ-2026-CY-YIMO,14,选择题,,整题,c0ea3640782cf3fa,不明,MAYBE,COLLECTED,MAYBE,OUT,OUT,COLLECTED,OUT,MAYBE,MAYBE,完整题-选择题照收,答案键来源未核实(候选未确认),该题正式评分材料候选存在候选/存在冲突，未确认匹配，不下判,,,,,,BJ-2026-CY-YIMO-Q14,2026-09-24-attribution-v3,classify.py:classified_prod.jsonl+matrix.csv+exam_identity.json+skill_overrides.json,no
BJ-2026-CY-YIMO-Q15,BJ-2026-CY-YIMO-Q15,BJ-2026-CY-YIMO,BJ-2026-CY-YIMO,15,选择题,,整题,240e52337ac54031,不明,MAYBE,MAYBE,MAYBE,OUT,MAYBE,COLLECTED,OUT,OUT,OUT,完整题-选择题照收,答案键来源未核实(候选未确认),该题正式评分材料候选存在候选/存在冲突，未确认匹配，不下判,,,,,,BJ-2026-CY-YIMO-Q15,2026-09-24-attribution-v3,classify.py:classified_prod.jsonl+matrix.csv+exam_identity.json+skill_overrides.json,no
BJ-2026-CY-YIMO-Q16,BJ-2026-CY-YIMO-Q16,BJ-2026-CY-YIMO,BJ-2026-CY-YIMO,16,主观题,,整题,c5af14bf5187fc30,倾向,OUT,MAYBE,OUT,COLLECTED,COLLECTED,MAYBE,OUT,MAYBE,OUT,待裁决-证据未核实,待裁决-证据未核实候选,该题正式评分材料候选存在候选/存在冲突，未确认匹配，不下判,,,,,,BJ-2026-CY-YIMO-Q16,2026-09-24-attribution-v3,classify.py:classified_prod.jsonl+matrix.csv+exam_identity.json+skill_overrides.json,no
BJ-2026-CY-YIMO-Q21,BJ-2026-CY-YIMO-Q21,BJ-2026-CY-YIMO,BJ-2026-CY-YIMO,21,主观题,,整题,a7e800666c4f9a90,不明,MAYBE,MAYBE,COLLECTED,COLLECTED,MAYBE,MAYBE,MAYBE,MAYBE,MAYBE,待裁决-证据未核实,待裁决-证据未核实候选,该题正式评分材料候选存在候选/存在冲突，未确认匹配，不下判,,,,,,BJ-2026-CY-YIMO-Q21,2026-09-24-attribution-v3,classify.py:classified_prod.jsonl+matrix.csv+exam_identity.json+skill_overrides.json,no
BJ-2026-HD-YIMO-Q16,BJ-2026-HD-YIMO-Q16,BJ-2026-HD-YIMO,BJ-2026-HD-YIMO,16,主观题,,整题,c452358c36e5c459,不明,MAYBE,MAYBE,MAYBE,COLLECTED,COLLECTED,MAYBE,MAYBE,MAYBE,MAYBE,待裁决-证据未核实,待裁决-证据未核实候选,该题正式评分材料候选存在候选/存在冲突，未确认匹配，不下判,,,,,,BJ-2026-HD-YIMO-Q16,2026-09-24-attribution-v3,classify.py:classified_prod.jsonl+matrix.csv+exam_identity.json+skill_overrides.json,no
BJ-2026-HD-YIMO-Q17,BJ-2026-HD-YIMO-Q17,BJ-2026-HD-YIMO,BJ-2026-HD-YIMO,17,主观题,,整题,943dc294d4da9b82,不明,OUT,MAYBE,MAYBE,MAYBE,OUT,OUT,MAYBE,COLLECTED,COLLECTED,完整题-有E1,E1,逐题已匹配正式评分材料,,,,,,BJ-2026-HD-YIMO-Q17,2026-09-24-attribution-v3,classify.py:classified_prod.jsonl+matrix.csv+exam_identity.json+skill_overrides.json,no
BJ-2026-HD-YIMO-Q18#1,BJ-2026-HD-YIMO-Q18,BJ-2026-HD-YIMO,BJ-2026-HD-YIMO,18,主观题,1,小问,2ca3d2292883e5de,不明,MAYBE,COLLECTED,MAYBE,MAYBE,MAYBE,MAYBE,COLLECTED,MAYBE,MAYBE,完整题-有E1,E1,逐题已匹配正式评分材料,,,,,,BJ-2026-HD-YIMO-Q18,2026-09-24-attribution-v3,classify.py:classified_prod.jsonl+matrix.csv+exam_identity.json+skill_overrides.json,no
BJ-2026-HD-YIMO-Q18#2,BJ-2026-HD-YIMO-Q18,BJ-2026-HD-YIMO,BJ-2026-HD-YIMO,18,主观题,2,小问,8dc010e0e34a20c1,不明,MAYBE,COLLECTED,MAYBE,MAYBE,MAYBE,MAYBE,COLLECTED,MAYBE,MAYBE,完整题-有E1,E1,逐题已匹配正式评分材料,,,,,,BJ-2026-HD-YIMO-Q18,2026-09-24-attribution-v3,classify.py:classified_prod.jsonl+matrix.csv+exam_identity.json+skill_overrides.json,no
BJ-2026-HD-YIMO-Q18#3,BJ-2026-HD-YIMO-Q18,BJ-2026-HD-YIMO,BJ-2026-HD-YIMO,18,主观题,3,小问,80674907de3ccce5,不明,MAYBE,COLLECTED,MAYBE,MAYBE,MAYBE,MAYBE,COLLECTED,MAYBE,MAYBE,完整题-有E1,E1,逐题已匹配正式评分材料,,,,,,BJ-2026-HD-YIMO-Q18,2026-09-24-attribution-v3,classify.py:classified_prod.jsonl+matrix.csv+exam_identity.json+skill_overrides.json,no
BJ-2026-HD-YIMO-Q19,BJ-2026-HD-YIMO-Q19,BJ-2026-HD-YIMO,BJ-2026-HD-YIMO,19,主观题,,整题,c9508afdb48af9c3,倾向,MAYBE,COLLECTED,COLLECTED,MAYBE,MAYBE,MAYBE,MAYBE,MAYBE,MAYBE,完整题-有E1,E1,逐题已匹配正式评分材料,B1:rubric_unreadable_not_OUT;PH:rubric_unreadable_not_OUT;CU:rubric_unreadable_not_OUT;X1:rubric_unreadable_not_OUT;MI:rubric_unreadable_not_OUT;RE:rubric_unreadable_not_OUT,,,,,BJ-2026-HD-YIMO-Q19,2026-09-24-attribution-v3,classify.py:classified_prod.jsonl+matrix.csv+exam_identity.json+skill_overrides.json,no
BJ-2026-HD-YIMO-Q20,BJ-2026-HD-YIMO-Q20,BJ-2026-HD-YIMO,BJ-2026-HD-YIMO,20,主观题,,整题,6c913aa0b2fe9d73,不明,MAYBE,COLLECTED,MAYBE,MAYBE,MAYBE,COLLECTED,MAYBE,MAYBE,MAYBE,完整题-有E1,E1,逐题已匹配正式评分材料,,,,,,BJ-2026-HD-YIMO-Q20,2026-09-24-attribution-v3,classify.py:classified_prod.jsonl+matrix.csv+exam_identity.json+skill_overrides.json,no
BJ-2026-HD-YIMO-Q21,BJ-2026-HD-YIMO-Q21,BJ-2026-HD-YIMO,BJ-2026-HD-YIMO,21,主观题,,整题,a93416ad987ed016,不明,MAYBE,MAYBE,COLLECTED,COLLECTED,MAYBE,MAYBE,MAYBE,MAYBE,MAYBE,待裁决-证据未核实,待裁决-证据未核实候选,该题正式评分材料候选存在候选/存在冲突，未确认匹配，不下判,,,,,,BJ-2026-HD-YIMO-Q21,2026-09-24-attribution-v3,classify.py:classified_prod.jsonl+matrix.csv+exam_identity.json+skill_overrides.json,no
BJ-2026-HD-YIMO-Q1,BJ-2026-HD-YIMO-Q1,BJ-2026-HD-YIMO,BJ-2026-HD-YIMO,1,选择题,,整题,4e2462ee2e964789,不明,MAYBE,MAYBE,IN,MAYBE,COLLECTED,OUT,OUT,OUT,MAYBE,完整题-选择题照收,答案键来源未核实(候选未确认),该题正式评分材料候选存在候选/存在冲突，未确认匹配，不下判,,,,,,BJ-2026-HD-YIMO-Q1,2026-09-24-attribution-v3,classify.py:classified_prod.jsonl+matrix.csv+exam_identity.json+skill_overrides.json,no
BJ-2026-HD-YIMO-Q2,BJ-2026-HD-YIMO-Q2,BJ-2026-HD-YIMO,BJ-2026-HD-YIMO,2,选择题,,整题,b8a4a88b8eac48fb,倾向,OUT,MAYBE,MAYBE,COLLECTED,COLLECTED,OUT,OUT,OUT,MAYBE,完整题-选择题照收,答案键来源未核实(候选未确认),该题正式评分材料候选存在候选/存在冲突，未确认匹配，不下判,,,,,,BJ-2026-HD-YIMO-Q2,2026-09-24-attribution-v3,classify.py:classified_prod.jsonl+matrix.csv+exam_identity.json+skill_overrides.json,no
BJ-2026-HD-YIMO-Q3,BJ-2026-HD-YIMO-Q3,BJ-2026-HD-YIMO,BJ-2026-HD-YIMO,3,选择题,,整题,b249823f1bc60e41,不明,OUT,MAYBE,MAYBE,IN,MAYBE,OUT,OUT,MAYBE,MAYBE,完整题-选择题照收,答案键来源未核实(候选未确认),该题正式评分材料候选存在候选/存在冲突，未确认匹配，不下判,,,,,,BJ-2026-HD-YIMO-Q3,2026-09-24-attribution-v3,classify.py:classified_prod.jsonl+matrix.csv+exam_identity.json+skill_overrides.json,no
BJ-2026-HD-YIMO-Q4,BJ-2026-HD-YIMO-Q4,BJ-2026-HD-YIMO,BJ-2026-HD-YIMO,4,选择题,,整题,b40d4181de9cf30b,不明,OUT,MAYBE,MAYBE,COLLECTED,COLLECTED,MAYBE,OUT,MAYBE,MAYBE,完整题-选择题照收,答案键来源未核实(候选未确认),该题正式评分材料候选存在候选/存在冲突，未确认匹配，不下判,,,,,,BJ-2026-HD-YIMO-Q4,2026-09-24-attribution-v3,classify.py:classified_prod.jsonl+matrix.csv+exam_identity.json+skill_overrides.json,no
BJ-2026-HD-YIMO-Q5,BJ-2026-HD-YIMO-Q5,BJ-2026-HD-YIMO,BJ-2026-HD-YIMO,5,选择题,,整题,334ef08b9f6df5fc,不明,OUT,MAYBE,MAYBE,COLLECTED,MAYBE,OUT,OUT,MAYBE,MAYBE,完整题-选择题照收,答案键来源未核实(候选未确认),该题正式评分材料候选存在候选/存在冲突，未确认匹配，不下判,,,,,,BJ-2026-HD-YIMO-Q5,2026-09-24-attribution-v3,classify.py:classified_prod.jsonl+matrix.csv+exam_identity.json+skill_overrides.json,no
BJ-2026-HD-YIMO-Q6,BJ-2026-HD-YIMO-Q6,BJ-2026-HD-YIMO,BJ-2026-HD-YIMO,6,选择题,,整题,066b4a496a335cb7,不明,OUT,MAYBE,MAYBE,MAYBE,MAYBE,OUT,OUT,MAYBE,COLLECTED,完整题-选择题照收,答案键来源未核实(候选未确认),该题正式评分材料候选存在候选/存在冲突，未确认匹配，不下判,,,,,,BJ-2026-HD-YIMO-Q6,2026-09-24-attribution-v3,classify.py:classified_prod.jsonl+matrix.csv+exam_identity.json+skill_overrides.json,no
BJ-2026-HD-YIMO-Q7,BJ-2026-HD-YIMO-Q7,BJ-2026-HD-YIMO,BJ-2026-HD-YIMO,7,选择题,,整题,e8f053d6c7ff9730,不明,OUT,MAYBE,MAYBE,COLLECTED,COLLECTED,OUT,OUT,MAYBE,MAYBE,完整题-选择题照收,答案键来源未核实(候选未确认),该题正式评分材料候选存在候选/存在冲突，未确认匹配，不下判,,,,,,BJ-2026-HD-YIMO-Q7,2026-09-24-attribution-v3,classify.py:classified_prod.jsonl+matrix.csv+exam_identity.json+skill_overrides.json,no
BJ-2026-HD-YIMO-Q8,BJ-2026-HD-YIMO-Q8,BJ-2026-HD-YIMO,BJ-2026-HD-YIMO,8,选择题,,整题,5c77b84983ddd3c9,倾向,OUT,MAYBE,COLLECTED,COLLECTED,OUT,OUT,OUT,MAYBE,OUT,完整题-选择题照收,答案键来源未核实(候选未确认),该题正式评分材料候选存在候选/存在冲突，未确认匹配，不下判,,,,,,BJ-2026-HD-YIMO-Q8,2026-09-24-attribution-v3,classify.py:classified_prod.jsonl+matrix.csv+exam_identity.json+skill_overrides.json,no
BJ-2026-HD-YIMO-Q9,BJ-2026-HD-YIMO-Q9,BJ-2026-HD-YIMO,BJ-2026-HD-YIMO,9,选择题,,整题,793a0960991b5b4a,倾向,OUT,MAYBE,COLLECTED,MAYBE,MAYBE,OUT,IN,OUT,OUT,完整题-选择题照收,答案键来源未核实(候选未确认),该题正式评分材料候选存在候选/存在冲突，未确认匹配，不下判,,,,,,BJ-2026-HD-YIMO-Q9,2026-09-24-attribution-v3,classify.py:classified_prod.jsonl+matrix.csv+exam_identity.json+skill_overrides.json,no
BJ-2026-HD-YIMO-Q10,BJ-2026-HD-YIMO-Q10,BJ-2026-HD-YIMO,BJ-2026-HD-YIMO,10,选择题,,整题,019dad12d03fbbe2,倾向,OUT,MAYBE,MAYBE,OUT,OUT,OUT,COLLECTED,OUT,OUT,完整题-选择题照收,答案键来源未核实(候选未确认),该题正式评分材料候选存在候选/存在冲突，未确认匹配，不下判,,,,,,BJ-2026-HD-YIMO-Q10,2026-09-24-attribution-v3,classify.py:classified_prod.jsonl+matrix.csv+exam_identity.json+skill_overrides.json,no
BJ-2026-HD-YIMO-Q11,BJ-2026-HD-YIMO-Q11,BJ-2026-HD-YIMO,BJ-2026-HD-YIMO,11,选择题,,整题,1f49441b35fe461a,倾向,OUT,MAYBE,MAYBE,OUT,OUT,OUT,COLLECTED,OUT,OUT,完整题-选择题照收,答案键来源未核实(候选未确认),该题正式评分材料候选存在候选/存在冲突，未确认匹配，不下判,,,,,,BJ-2026-HD-YIMO-Q11,2026-09-24-attribution-v3,classify.py:classified_prod.jsonl+matrix.csv+exam_identity.json+skill_overrides.json,no
BJ-2026-HD-YIMO-Q12,BJ-2026-HD-YIMO-Q12,BJ-2026-HD-YIMO,BJ-2026-HD-YIMO,12,选择题,,整题,f4ec8ade096b8492,不明,OUT,COLLECTED,MAYBE,OUT,OUT,OUT,MAYBE,MAYBE,MAYBE,完整题-选择题照收,答案键来源未核实(候选未确认),该题正式评分材料候选存在候选/存在冲突，未确认匹配，不下判,,,,,,BJ-2026-HD-YIMO-Q12,2026-09-24-attribution-v3,classify.py:classified_prod.jsonl+matrix.csv+exam_identity.json+skill_overrides.json,no
BJ-2026-HD-YIMO-Q13,BJ-2026-HD-YIMO-Q13,BJ-2026-HD-YIMO,BJ-2026-HD-YIMO,13,选择题,,整题,0cdbb348b3bc31e3,倾向,OUT,COLLECTED,MAYBE,OUT,OUT,OUT,OUT,MAYBE,MAYBE,完整题-选择题照收,答案键来源未核实(候选未确认),该题正式评分材料候选存在候选/存在冲突，未确认匹配，不下判,,,,,,BJ-2026-HD-YIMO-Q13,2026-09-24-attribution-v3,classify.py:classified_prod.jsonl+matrix.csv+exam_identity.json+skill_overrides.json,no
BJ-2026-HD-YIMO-Q14,BJ-2026-HD-YIMO-Q14,BJ-2026-HD-YIMO,BJ-2026-HD-YIMO,14,选择题,,整题,d094afe0d803f1e7,不明,MAYBE,COLLECTED,MAYBE,OUT,OUT,COLLECTED,OUT,MAYBE,MAYBE,完整题-选择题照收,答案键来源未核实(候选未确认),该题正式评分材料候选存在候选/存在冲突，未确认匹配，不下判,,,,,,BJ-2026-HD-YIMO-Q14,2026-09-24-attribution-v3,classify.py:classified_prod.jsonl+matrix.csv+exam_identity.json+skill_overrides.json,no
BJ-2026-HD-YIMO-Q15,BJ-2026-HD-YIMO-Q15,BJ-2026-HD-YIMO,BJ-2026-HD-YIMO,15,选择题,,整题,f1936d625e42f7b9,不明,MAYBE,MAYBE,MAYBE,OUT,MAYBE,COLLECTED,OUT,OUT,OUT,完整题-选择题照收,答案键来源未核实(候选未确认),该题正式评分材料候选存在候选/存在冲突，未确认匹配，不下判,,,,,,BJ-2026-HD-YIMO-Q15,2026-09-24-attribution-v3,classify.py:classified_prod.jsonl+matrix.csv+exam_identity.json+skill_overrides.json,no
BJ-2026-SJS-YIMO-Q16,BJ-2026-SJS-YIMO-Q16,BJ-2026-SJS-YIMO,BJ-2026-SJS-YIMO,16,主观题,,整题,37082c6103b592f1,不明,OUT,COLLECTED,MAYBE,MAYBE,MAYBE,MAYBE,MAYBE,MAYBE,MAYBE,完整题-有E1,E1,逐题已匹配正式评分材料,,,,,,BJ-2026-SJS-YIMO-Q16,2026-09-24-attribution-v3,classify.py:classified_prod.jsonl+matrix.csv+exam_identity.json+skill_overrides.json,no
BJ-2026-SJS-YIMO-Q17#1,BJ-2026-SJS-YIMO-Q17,BJ-2026-SJS-YIMO,BJ-2026-SJS-YIMO,17,主观题,1,小问,0f2d99cc2e7e1173,倾向,MAYBE,MAYBE,MAYBE,COLLECTED,COLLECTED,MAYBE,MAYBE,COLLECTED,MAYBE,待裁决-证据未核实,待裁决-证据未核实候选,该题正式评分材料候选存在候选/存在冲突，未确认匹配，不下判,B1:rubric_unreadable_not_OUT;B2:rubric_unreadable_not_OUT;B3:rubric_unreadable_not_OUT;X2:rubric_unreadable_not_OUT;RE:rubric_unreadable_not_OUT,,,,,BJ-2026-SJS-YIMO-Q17,2026-09-24-attribution-v3,classify.py:classified_prod.jsonl+matrix.csv+exam_identity.json+skill_overrides.json,no
BJ-2026-SJS-YIMO-Q17#2,BJ-2026-SJS-YIMO-Q17,BJ-2026-SJS-YIMO,BJ-2026-SJS-YIMO,17,主观题,2,小问,80372f7f2ec6d6f0,确定,MAYBE,MAYBE,MAYBE,COLLECTED,COLLECTED,MAYBE,MAYBE,COLLECTED,MAYBE,待裁决-证据未核实,待裁决-证据未核实候选,该题正式评分材料候选存在候选/存在冲突，未确认匹配，不下判,B1:rubric_unreadable_not_OUT;B2:rubric_unreadable_not_OUT;B3:rubric_unreadable_not_OUT;X1:rubric_unreadable_not_OUT;X2:rubric_unreadable_not_OUT;RE:rubric_unreadable_not_OUT,,,,,BJ-2026-SJS-YIMO-Q17,2026-09-24-attribution-v3,classify.py:classified_prod.jsonl+matrix.csv+exam_identity.json+skill_overrides.json,no
BJ-2026-SJS-YIMO-Q18,BJ-2026-SJS-YIMO-Q18,BJ-2026-SJS-YIMO,BJ-2026-SJS-YIMO,18,主观题,,整题,1d319af5bef502d8,倾向,OUT,MAYBE,MAYBE,OUT,OUT,OUT,COLLECTED,OUT,OUT,完整题-有E1,E1,逐题已匹配正式评分材料,,,,,,BJ-2026-SJS-YIMO-Q18,2026-09-24-attribution-v3,classify.py:classified_prod.jsonl+matrix.csv+exam_identity.json+skill_overrides.json,no
BJ-2026-SJS-YIMO-Q19,BJ-2026-SJS-YIMO-Q19,BJ-2026-SJS-YIMO,BJ-2026-SJS-YIMO,19,主观题,,整题,c0f1df4addc34189,不明,OUT,MAYBE,COLLECTED,MAYBE,OUT,MAYBE,MAYBE,MAYBE,MAYBE,完整题-有E1,E1,逐题已匹配正式评分材料,,,,,,BJ-2026-SJS-YIMO-Q19,2026-09-24-attribution-v3,classify.py:classified_prod.jsonl+matrix.csv+exam_identity.json+skill_overrides.json,no
BJ-2026-SJS-YIMO-Q20,BJ-2026-SJS-YIMO-Q20,BJ-2026-SJS-YIMO,BJ-2026-SJS-YIMO,20,主观题,,整题,907b2887242a3b73,不明,MAYBE,MAYBE,MAYBE,MAYBE,MAYBE,MAYBE,MAYBE,MAYBE,MAYBE,待裁决-证据未核实,待裁决-证据未核实候选,该题正式评分材料候选存在候选/存在冲突，未确认匹配，不下判,,,,,,BJ-2026-SJS-YIMO-Q20,2026-09-24-attribution-v3,classify.py:classified_prod.jsonl+matrix.csv+exam_identity.json+skill_overrides.json,no
BJ-2026-SJS-YIMO-Q21,BJ-2026-SJS-YIMO-Q21,BJ-2026-SJS-YIMO,BJ-2026-SJS-YIMO,21,主观题,,整题,2b20107e7ad121fd,不明,MAYBE,COLLECTED,COLLECTED,COLLECTED,MAYBE,MAYBE,MAYBE,MAYBE,MAYBE,待裁决-证据未核实,待裁决-证据未核实候选,该题正式评分材料候选存在候选/存在冲突，未确认匹配，不下判,,,,,,BJ-2026-SJS-YIMO-Q21,2026-09-24-attribution-v3,classify.py:classified_prod.jsonl+matrix.csv+exam_identity.json+skill_overrides.json,no
BJ-2026-SJS-YIMO-Q1,BJ-2026-SJS-YIMO-Q1,BJ-2026-SJS-YIMO,BJ-2026-SJS-YIMO,1,选择题,,整题,3571d920b511b936,不明,MAYBE,MAYBE,COLLECTED,MAYBE,MAYBE,MAYBE,OUT,OUT,OUT,完整题-选择题照收,答案键来源未核实(候选未确认),该题正式评分材料候选存在候选/存在冲突，未确认匹配，不下判,,,,,,BJ-2026-SJS-YIMO-Q1,2026-09-24-attribution-v3,classify.py:classified_prod.jsonl+matrix.csv+exam_identity.json+skill_overrides.json,no
BJ-2026-SJS-YIMO-Q2,BJ-2026-SJS-YIMO-Q2,BJ-2026-SJS-YIMO,BJ-2026-SJS-YIMO,2,选择题,,整题,3f55cb0bc20cd4ac,不明,OUT,MAYBE,MAYBE,COLLECTED,MAYBE,OUT,OUT,COLLECTED,MAYBE,完整题-选择题照收,答案键来源未核实(候选未确认),该题正式评分材料候选存在候选/存在冲突，未确认匹配，不下判,,,,,,BJ-2026-SJS-YIMO-Q2,2026-09-24-attribution-v3,classify.py:classified_prod.jsonl+matrix.csv+exam_identity.json+skill_overrides.json,no
BJ-2026-SJS-YIMO-Q3,BJ-2026-SJS-YIMO-Q3,BJ-2026-SJS-YIMO,BJ-2026-SJS-YIMO,3,选择题,,整题,8061209c7aecf3d1,不明,OUT,MAYBE,MAYBE,COLLECTED,MAYBE,OUT,OUT,MAYBE,MAYBE,完整题-选择题照收,答案键来源未核实(候选未确认),该题正式评分材料候选存在候选/存在冲突，未确认匹配，不下判,,,,,,BJ-2026-SJS-YIMO-Q3,2026-09-24-attribution-v3,classify.py:classified_prod.jsonl+matrix.csv+exam_identity.json+skill_overrides.json,no
BJ-2026-SJS-YIMO-Q4,BJ-2026-SJS-YIMO-Q4,BJ-2026-SJS-YIMO,BJ-2026-SJS-YIMO,4,选择题,,整题,ebf086b03dbbed89,不明,OUT,MAYBE,MAYBE,MAYBE,COLLECTED,OUT,OUT,MAYBE,MAYBE,完整题-选择题照收,答案键来源未核实(候选未确认),该题正式评分材料候选存在候选/存在冲突，未确认匹配，不下判,,,,,,BJ-2026-SJS-YIMO-Q4,2026-09-24-attribution-v3,classify.py:classified_prod.jsonl+matrix.csv+exam_identity.json+skill_overrides.json,no
BJ-2026-SJS-YIMO-Q5,BJ-2026-SJS-YIMO-Q5,BJ-2026-SJS-YIMO,BJ-2026-SJS-YIMO,5,选择题,,整题,b624b4801adb2514,不明,OUT,MAYBE,MAYBE,MAYBE,IN,OUT,OUT,MAYBE,COLLECTED,完整题-选择题照收,答案键来源未核实(候选未确认),该题正式评分材料候选存在候选/存在冲突，未确认匹配，不下判,,,,,,BJ-2026-SJS-YIMO-Q5,2026-09-24-attribution-v3,classify.py:classified_prod.jsonl+matrix.csv+exam_identity.json+skill_overrides.json,no
BJ-2026-SJS-YIMO-Q6,BJ-2026-SJS-YIMO-Q6,BJ-2026-SJS-YIMO,BJ-2026-SJS-YIMO,6,选择题,,整题,7425c857e2448437,不明,OUT,MAYBE,MAYBE,MAYBE,MAYBE,OUT,IN,COLLECTED,COLLECTED,完整题-选择题照收,答案键来源未核实(候选未确认),该题正式评分材料候选存在候选/存在冲突，未确认匹配，不下判,,,,,,BJ-2026-SJS-YIMO-Q6,2026-09-24-attribution-v3,classify.py:classified_prod.jsonl+matrix.csv+exam_identity.json+skill_overrides.json,no
BJ-2026-SJS-YIMO-Q7,BJ-2026-SJS-YIMO-Q7,BJ-2026-SJS-YIMO,BJ-2026-SJS-YIMO,7,选择题,,整题,41f74cfac99f1421,不明,OUT,MAYBE,MAYBE,MAYBE,MAYBE,OUT,OUT,MAYBE,COLLECTED,完整题-选择题照收,答案键来源未核实(候选未确认),该题正式评分材料候选存在候选/存在冲突，未确认匹配，不下判,,,,,,BJ-2026-SJS-YIMO-Q7,2026-09-24-attribution-v3,classify.py:classified_prod.jsonl+matrix.csv+exam_identity.json+skill_overrides.json,no
BJ-2026-SJS-YIMO-Q8,BJ-2026-SJS-YIMO-Q8,BJ-2026-SJS-YIMO,BJ-2026-SJS-YIMO,8,选择题,,整题,dd2edfff47a38385,倾向,OUT,MAYBE,COLLECTED,MAYBE,OUT,OUT,MAYBE,OUT,OUT,完整题-选择题照收,答案键来源未核实(候选未确认),该题正式评分材料候选存在候选/存在冲突，未确认匹配，不下判,,,,,,BJ-2026-SJS-YIMO-Q8,2026-09-24-attribution-v3,classify.py:classified_prod.jsonl+matrix.csv+exam_identity.json+skill_overrides.json,no
BJ-2026-SJS-YIMO-Q9,BJ-2026-SJS-YIMO-Q9,BJ-2026-SJS-YIMO,BJ-2026-SJS-YIMO,9,选择题,,整题,5bad85d8af7309d0,不明,OUT,MAYBE,COLLECTED,MAYBE,MAYBE,OUT,MAYBE,OUT,OUT,完整题-选择题照收,答案键来源未核实(候选未确认),该题正式评分材料候选存在候选/存在冲突，未确认匹配，不下判,,,,,,BJ-2026-SJS-YIMO-Q9,2026-09-24-attribution-v3,classify.py:classified_prod.jsonl+matrix.csv+exam_identity.json+skill_overrides.json,no
BJ-2026-SJS-YIMO-Q10,BJ-2026-SJS-YIMO-Q10,BJ-2026-SJS-YIMO,BJ-2026-SJS-YIMO,10,选择题,,整题,c03fcd11cb970512,倾向,OUT,COLLECTED,MAYBE,OUT,OUT,OUT,MAYBE,OUT,OUT,完整题-选择题照收,答案键来源未核实(候选未确认),该题正式评分材料候选存在候选/存在冲突，未确认匹配，不下判,,,,,,BJ-2026-SJS-YIMO-Q10,2026-09-24-attribution-v3,classify.py:classified_prod.jsonl+matrix.csv+exam_identity.json+skill_overrides.json,no
BJ-2026-SJS-YIMO-Q11,BJ-2026-SJS-YIMO-Q11,BJ-2026-SJS-YIMO,BJ-2026-SJS-YIMO,11,选择题,,整题,71ac017337cc6473,倾向,OUT,COLLECTED,MAYBE,OUT,OUT,OUT,MAYBE,OUT,OUT,完整题-选择题照收,答案键来源未核实(候选未确认),该题正式评分材料候选存在候选/存在冲突，未确认匹配，不下判,,,,,,BJ-2026-SJS-YIMO-Q11,2026-09-24-attribution-v3,classify.py:classified_prod.jsonl+matrix.csv+exam_identity.json+skill_overrides.json,no
BJ-2026-SJS-YIMO-Q12,BJ-2026-SJS-YIMO-Q12,BJ-2026-SJS-YIMO,BJ-2026-SJS-YIMO,12,选择题,,整题,701ba60045e5c04f,不明,OUT,MAYBE,MAYBE,OUT,OUT,OUT,COLLECTED,MAYBE,MAYBE,完整题-选择题照收,答案键来源未核实(候选未确认),该题正式评分材料候选存在候选/存在冲突，未确认匹配，不下判,,,,,,BJ-2026-SJS-YIMO-Q12,2026-09-24-attribution-v3,classify.py:classified_prod.jsonl+matrix.csv+exam_identity.json+skill_overrides.json,no
BJ-2026-SJS-YIMO-Q13,BJ-2026-SJS-YIMO-Q13,BJ-2026-SJS-YIMO,BJ-2026-SJS-YIMO,13,选择题,,整题,48d79e13dbffb5d4,不明,OUT,MAYBE,MAYBE,OUT,OUT,OUT,COLLECTED,MAYBE,MAYBE,完整题-选择题照收,答案键来源未核实(候选未确认),该题正式评分材料候选存在候选/存在冲突，未确认匹配，不下判,,,,,,BJ-2026-SJS-YIMO-Q13,2026-09-24-attribution-v3,classify.py:classified_prod.jsonl+matrix.csv+exam_identity.json+skill_overrides.json,no
BJ-2026-SJS-YIMO-Q14,BJ-2026-SJS-YIMO-Q14,BJ-2026-SJS-YIMO,BJ-2026-SJS-YIMO,14,选择题,,整题,9d1c915ef98f73d8,不明,MAYBE,MAYBE,MAYBE,OUT,OUT,MAYBE,COLLECTED,MAYBE,MAYBE,完整题-选择题照收,答案键来源未核实(候选未确认),该题正式评分材料候选存在候选/存在冲突，未确认匹配，不下判,,,,,,BJ-2026-SJS-YIMO-Q14,2026-09-24-attribution-v3,classify.py:classified_prod.jsonl+matrix.csv+exam_identity.json+skill_overrides.json,no
BJ-2026-SJS-YIMO-Q15,BJ-2026-SJS-YIMO-Q15,BJ-2026-SJS-YIMO,BJ-2026-SJS-YIMO,15,选择题,,整题,8ae041dad224625c,倾向,MAYBE,COLLECTED,MAYBE,OUT,MAYBE,COLLECTED,OUT,OUT,OUT,完整题-选择题照收,答案键来源未核实(候选未确认),该题正式评分材料候选存在候选/存在冲突，未确认匹配，不下判,,,,,,BJ-2026-SJS-YIMO-Q15,2026-09-24-attribution-v3,classify.py:classified_prod.jsonl+matrix.csv+exam_identity.json+skill_overrides.json,no
BJ-2026-XC-YIMO-Q16,BJ-2026-XC-YIMO-Q16,BJ-2026-XC-YIMO,BJ-2026-XC-YIMO,16,主观题,,整题,4530db0d6c13a081,不明,MAYBE,COLLECTED,COLLECTED,COLLECTED,COLLECTED,MAYBE,MAYBE,MAYBE,MAYBE,待裁决-证据未核实,待裁决-证据未核实候选,该题正式评分材料候选存在候选/存在冲突，未确认匹配，不下判,,,,,,BJ-2026-XC-YIMO-Q16,2026-09-24-attribution-v3,classify.py:classified_prod.jsonl+matrix.csv+exam_identity.json+skill_overrides.json,no
BJ-2026-XC-YIMO-Q17,BJ-2026-XC-YIMO-Q17,BJ-2026-XC-YIMO,BJ-2026-XC-YIMO,17,主观题,,整题,1aaa612ce272982e,不明,MAYBE,MAYBE,MAYBE,MAYBE,MAYBE,MAYBE,COLLECTED,MAYBE,MAYBE,待裁决-证据未核实,待裁决-证据未核实候选,该题正式评分材料候选存在候选/存在冲突，未确认匹配，不下判,,,,,,BJ-2026-XC-YIMO-Q17,2026-09-24-attribution-v3,classify.py:classified_prod.jsonl+matrix.csv+exam_identity.json+skill_overrides.json,no
BJ-2026-XC-YIMO-Q18#1,BJ-2026-XC-YIMO-Q18,BJ-2026-XC-YIMO,BJ-2026-XC-YIMO,18,主观题,1,小问,e235ab89e62bf01d,不明,MAYBE,COLLECTED,MAYBE,MAYBE,MAYBE,MAYBE,MAYBE,MAYBE,MAYBE,待裁决-证据未核实,待裁决-证据未核实候选,该题正式评分材料候选存在候选/存在冲突，未确认匹配，不下判,,,,,,BJ-2026-XC-YIMO-Q18,2026-09-24-attribution-v3,classify.py:classified_prod.jsonl+matrix.csv+exam_identity.json+skill_overrides.json,no
BJ-2026-XC-YIMO-Q18#2,BJ-2026-XC-YIMO-Q18,BJ-2026-XC-YIMO,BJ-2026-XC-YIMO,18,主观题,2,小问,8367705924962ac8,不明,MAYBE,COLLECTED,MAYBE,MAYBE,MAYBE,MAYBE,MAYBE,MAYBE,MAYBE,待裁决-证据未核实,待裁决-证据未核实候选,该题正式评分材料候选存在候选/存在冲突，未确认匹配，不下判,,,,,,BJ-2026-XC-YIMO-Q18,2026-09-24-attribution-v3,classify.py:classified_prod.jsonl+matrix.csv+exam_identity.json+skill_overrides.json,no
BJ-2026-XC-YIMO-Q18#3,BJ-2026-XC-YIMO-Q18,BJ-2026-XC-YIMO,BJ-2026-XC-YIMO,18,主观题,3,小问,1cbd8ba2720b02c3,不明,MAYBE,COLLECTED,MAYBE,MAYBE,MAYBE,MAYBE,MAYBE,MAYBE,MAYBE,待裁决-证据未核实,待裁决-证据未核实候选,该题正式评分材料候选存在候选/存在冲突，未确认匹配，不下判,,,,,,BJ-2026-XC-YIMO-Q18,2026-09-24-attribution-v3,classify.py:classified_prod.jsonl+matrix.csv+exam_identity.json+skill_overrides.json,no
BJ-2026-XC-YIMO-Q21,BJ-2026-XC-YIMO-Q21,BJ-2026-XC-YIMO,BJ-2026-XC-YIMO,21,主观题,,整题,d9cf56bdb65e96f4,不明,MAYBE,MAYBE,COLLECTED,COLLECTED,MAYBE,MAYBE,MAYBE,MAYBE,MAYBE,待裁决-证据未核实,待裁决-证据未核实候选,该题正式评分材料候选存在候选/存在冲突，未确认匹配，不下判,,,,,,BJ-2026-XC-YIMO-Q21,2026-09-24-attribution-v3,classify.py:classified_prod.jsonl+matrix.csv+exam_identity.json+skill_overrides.json,no
BJ-2026-XC-YIMO-Q1,BJ-2026-XC-YIMO-Q1,BJ-2026-XC-YIMO,BJ-2026-XC-YIMO,1,选择题,,整题,1fe8f266d13f2c0c,倾向,IN,MAYBE,MAYBE,COLLECTED,MAYBE,OUT,OUT,OUT,OUT,完整题-选择题照收,答案键来源未核实(候选未确认),该题正式评分材料候选存在候选/存在冲突，未确认匹配，不下判,,,,,,BJ-2026-XC-YIMO-Q1,2026-09-24-attribution-v3,classify.py:classified_prod.jsonl+matrix.csv+exam_identity.json+skill_overrides.json,no
BJ-2026-XC-YIMO-Q2,BJ-2026-XC-YIMO-Q2,BJ-2026-XC-YIMO,BJ-2026-XC-YIMO,2,选择题,,整题,73292dfec237bf5c,倾向,OUT,MAYBE,COLLECTED,MAYBE,COLLECTED,OUT,OUT,OUT,MAYBE,完整题-选择题照收,答案键来源未核实(候选未确认),该题正式评分材料候选存在候选/存在冲突，未确认匹配，不下判,,,,,,BJ-2026-XC-YIMO-Q2,2026-09-24-attribution-v3,classify.py:classified_prod.jsonl+matrix.csv+exam_identity.json+skill_overrides.json,no
BJ-2026-XC-YIMO-Q3,BJ-2026-XC-YIMO-Q3,BJ-2026-XC-YIMO,BJ-2026-XC-YIMO,3,选择题,,整题,5d8f6d61aeff83a5,不明,OUT,MAYBE,COLLECTED,MAYBE,MAYBE,OUT,OUT,MAYBE,MAYBE,完整题-选择题照收,答案键来源未核实(候选未确认),该题正式评分材料候选存在候选/存在冲突，未确认匹配，不下判,,,,,,BJ-2026-XC-YIMO-Q3,2026-09-24-attribution-v3,classify.py:classified_prod.jsonl+matrix.csv+exam_identity.json+skill_overrides.json,no
BJ-2026-XC-YIMO-Q4,BJ-2026-XC-YIMO-Q4,BJ-2026-XC-YIMO,BJ-2026-XC-YIMO,4,选择题,,整题,b0ec1fe9213233c9,不明,OUT,MAYBE,COLLECTED,MAYBE,MAYBE,OUT,OUT,MAYBE,MAYBE,完整题-选择题照收,答案键来源未核实(候选未确认),该题正式评分材料候选存在候选/存在冲突，未确认匹配，不下判,,,,,,BJ-2026-XC-YIMO-Q4,2026-09-24-attribution-v3,classify.py:classified_prod.jsonl+matrix.csv+exam_identity.json+skill_overrides.json,no
BJ-2026-XC-YIMO-Q5,BJ-2026-XC-YIMO-Q5,BJ-2026-XC-YIMO,BJ-2026-XC-YIMO,5,选择题,,整题,4479bf5eec1c318f,不明,OUT,MAYBE,MAYBE,COLLECTED,COLLECTED,OUT,OUT,MAYBE,MAYBE,完整题-选择题照收,答案键来源未核实(候选未确认),该题正式评分材料候选存在候选/存在冲突，未确认匹配，不下判,,,,,,BJ-2026-XC-YIMO-Q5,2026-09-24-attribution-v3,classify.py:classified_prod.jsonl+matrix.csv+exam_identity.json+skill_overrides.json,no
BJ-2026-XC-YIMO-Q6,BJ-2026-XC-YIMO-Q6,BJ-2026-XC-YIMO,BJ-2026-XC-YIMO,6,选择题,,整题,4088fa14e6529ea3,不明,OUT,MAYBE,MAYBE,COLLECTED,MAYBE,OUT,OUT,MAYBE,MAYBE,完整题-选择题照收,答案键来源未核实(候选未确认),该题正式评分材料候选存在候选/存在冲突，未确认匹配，不下判,,,,,,BJ-2026-XC-YIMO-Q6,2026-09-24-attribution-v3,classify.py:classified_prod.jsonl+matrix.csv+exam_identity.json+skill_overrides.json,no
BJ-2026-XC-YIMO-Q7,BJ-2026-XC-YIMO-Q7,BJ-2026-XC-YIMO,BJ-2026-XC-YIMO,7,选择题,,整题,1b73d4418b3a1670,不明,OUT,MAYBE,MAYBE,COLLECTED,MAYBE,OUT,OUT,MAYBE,MAYBE,完整题-选择题照收,答案键来源未核实(候选未确认),该题正式评分材料候选存在候选/存在冲突，未确认匹配，不下判,,,,,,BJ-2026-XC-YIMO-Q7,2026-09-24-attribution-v3,classify.py:classified_prod.jsonl+matrix.csv+exam_identity.json+skill_overrides.json,no
BJ-2026-XC-YIMO-Q8,BJ-2026-XC-YIMO-Q8,BJ-2026-XC-YIMO,BJ-2026-XC-YIMO,8,选择题,,整题,3d16542bf8de211f,倾向,OUT,COLLECTED,MAYBE,MAYBE,OUT,OUT,OUT,OUT,OUT,完整题-选择题照收,答案键来源未核实(候选未确认),该题正式评分材料候选存在候选/存在冲突，未确认匹配，不下判,,,,,,BJ-2026-XC-YIMO-Q8,2026-09-24-attribution-v3,classify.py:classified_prod.jsonl+matrix.csv+exam_identity.json+skill_overrides.json,no
BJ-2026-XC-YIMO-Q9,BJ-2026-XC-YIMO-Q9,BJ-2026-XC-YIMO,BJ-2026-XC-YIMO,9,选择题,,整题,6e780cd786aa7d1d,不明,OUT,MAYBE,MAYBE,MAYBE,MAYBE,OUT,COLLECTED,OUT,OUT,完整题-选择题照收,答案键来源未核实(候选未确认),该题正式评分材料候选存在候选/存在冲突，未确认匹配，不下判,,,,,,BJ-2026-XC-YIMO-Q9,2026-09-24-attribution-v3,classify.py:classified_prod.jsonl+matrix.csv+exam_identity.json+skill_overrides.json,no
BJ-2026-XC-YIMO-Q10,BJ-2026-XC-YIMO-Q10,BJ-2026-XC-YIMO,BJ-2026-XC-YIMO,10,选择题,,整题,0ea5999f65ec711c,倾向,OUT,MAYBE,MAYBE,OUT,OUT,OUT,COLLECTED,OUT,OUT,完整题-选择题照收,答案键来源未核实(候选未确认),该题正式评分材料候选存在候选/存在冲突，未确认匹配，不下判,,,,,,BJ-2026-XC-YIMO-Q10,2026-09-24-attribution-v3,classify.py:classified_prod.jsonl+matrix.csv+exam_identity.json+skill_overrides.json,no
BJ-2026-XC-YIMO-Q11,BJ-2026-XC-YIMO-Q11,BJ-2026-XC-YIMO,BJ-2026-XC-YIMO,11,选择题,,整题,08aebed0b2525957,倾向,OUT,COLLECTED,MAYBE,OUT,OUT,OUT,MAYBE,OUT,OUT,完整题-选择题照收,答案键来源未核实(候选未确认),该题正式评分材料候选存在候选/存在冲突，未确认匹配，不下判,,,,,,BJ-2026-XC-YIMO-Q11,2026-09-24-attribution-v3,classify.py:classified_prod.jsonl+matrix.csv+exam_identity.json+skill_overrides.json,no
BJ-2026-XC-YIMO-Q12,BJ-2026-XC-YIMO-Q12,BJ-2026-XC-YIMO,BJ-2026-XC-YIMO,12,选择题,,整题,c762dea01f794a37,不明,OUT,COLLECTED,MAYBE,OUT,OUT,COLLECTED,MAYBE,MAYBE,MAYBE,完整题-选择题照收,答案键来源未核实(候选未确认),该题正式评分材料候选存在候选/存在冲突，未确认匹配，不下判,,,,X1,,BJ-2026-XC-YIMO-Q12,2026-09-24-attribution-v3,classify.py:classified_prod.jsonl+matrix.csv+exam_identity.json+skill_overrides.json,no
BJ-2026-XC-YIMO-Q13,BJ-2026-XC-YIMO-Q13,BJ-2026-XC-YIMO,BJ-2026-XC-YIMO,13,选择题,,整题,3cca3ec916c01605,倾向,OUT,MAYBE,MAYBE,OUT,OUT,OUT,COLLECTED,MAYBE,COLLECTED,完整题-选择题照收,答案键来源未核实(候选未确认),该题正式评分材料候选存在候选/存在冲突，未确认匹配，不下判,,,,,,BJ-2026-XC-YIMO-Q13,2026-09-24-attribution-v3,classify.py:classified_prod.jsonl+matrix.csv+exam_identity.json+skill_overrides.json,no
BJ-2026-XC-YIMO-Q14,BJ-2026-XC-YIMO-Q14,BJ-2026-XC-YIMO,BJ-2026-XC-YIMO,14,选择题,,整题,013da1dca11a27c3,不明,MAYBE,MAYBE,MAYBE,OUT,MAYBE,MAYBE,OUT,OUT,COLLECTED,完整题-选择题照收,答案键来源未核实(候选未确认),该题正式评分材料候选存在候选/存在冲突，未确认匹配，不下判,,,,,,BJ-2026-XC-YIMO-Q14,2026-09-24-attribution-v3,classify.py:classified_prod.jsonl+matrix.csv+exam_identity.json+skill_overrides.json,no
BJ-2026-XC-YIMO-Q15,BJ-2026-XC-YIMO-Q15,BJ-2026-XC-YIMO,BJ-2026-XC-YIMO,15,选择题,,整题,77791a31223fb7b1,不明,MAYBE,MAYBE,MAYBE,OUT,MAYBE,COLLECTED,OUT,OUT,OUT,完整题-选择题照收,答案键来源未核实(候选未确认),该题正式评分材料候选存在候选/存在冲突，未确认匹配，不下判,,,,,,BJ-2026-XC-YIMO-Q15,2026-09-24-attribution-v3,classify.py:classified_prod.jsonl+matrix.csv+exam_identity.json+skill_overrides.json,no
BJ-2026-XC-YIMO-Q19#1,BJ-2026-XC-YIMO-Q19,BJ-2026-XC-YIMO,BJ-2026-XC-YIMO,19,主观题,1,小问,011ad46ecd1c36da,不明,MAYBE,MAYBE,COLLECTED,MAYBE,MAYBE,MAYBE,MAYBE,MAYBE,COLLECTED,待裁决-证据未核实,待裁决-证据未核实候选,该题正式评分材料候选存在候选/存在冲突，未确认匹配，不下判,,,,,,BJ-2026-XC-YIMO-Q19,2026-09-24-attribution-v3,classify.py:classified_prod.jsonl+matrix.csv+exam_identity.json+skill_overrides.json,no
BJ-2026-XC-YIMO-Q19#2,BJ-2026-XC-YIMO-Q19,BJ-2026-XC-YIMO,BJ-2026-XC-YIMO,19,主观题,2,小问,a5e099acb88fce3f,确定,MAYBE,MAYBE,COLLECTED,MAYBE,MAYBE,MAYBE,MAYBE,MAYBE,COLLECTED,待裁决-证据未核实,待裁决-证据未核实候选,该题正式评分材料候选存在候选/存在冲突，未确认匹配，不下判,B1:rubric_unreadable_not_OUT;B2:rubric_unreadable_not_OUT;PH:rubric_unreadable_not_OUT;CU:rubric_unreadable_not_OUT;X1:rubric_unreadable_not_OUT;X2:rubric_unreadable_not_OUT;MI:rubric_unreadable_not_OUT,,,,,BJ-2026-XC-YIMO-Q19,2026-09-24-attribution-v3,classify.py:classified_prod.jsonl+matrix.csv+exam_identity.json+skill_overrides.json,no
BJ-2026-XC-YIMO-Q19#3,BJ-2026-XC-YIMO-Q19,BJ-2026-XC-YIMO,BJ-2026-XC-YIMO,19,主观题,3,小问,a8e9f2e537874a8d,不明,MAYBE,MAYBE,COLLECTED,MAYBE,MAYBE,MAYBE,MAYBE,MAYBE,COLLECTED,待裁决-证据未核实,待裁决-证据未核实候选,该题正式评分材料候选存在候选/存在冲突，未确认匹配，不下判,,,,,,BJ-2026-XC-YIMO-Q19,2026-09-24-attribution-v3,classify.py:classified_prod.jsonl+matrix.csv+exam_identity.json+skill_overrides.json,no
BJ-2026-XC-YIMO-Q20#1,BJ-2026-XC-YIMO-Q20,BJ-2026-XC-YIMO,BJ-2026-XC-YIMO,20,主观题,1,小问,2fb0a634dbcfc60c,不明,MAYBE,COLLECTED,MAYBE,MAYBE,MAYBE,COLLECTED,MAYBE,MAYBE,MAYBE,待裁决-证据未核实,待裁决-证据未核实候选,该题正式评分材料候选存在候选/存在冲突，未确认匹配，不下判,,,,,,BJ-2026-XC-YIMO-Q20,2026-09-24-attribution-v3,classify.py:classified_prod.jsonl+matrix.csv+exam_identity.json+skill_overrides.json,no
BJ-2026-XC-YIMO-Q20#2,BJ-2026-XC-YIMO-Q20,BJ-2026-XC-YIMO,BJ-2026-XC-YIMO,20,主观题,2,小问,3f84af84f566a217,确定,MAYBE,COLLECTED,MAYBE,MAYBE,MAYBE,COLLECTED,MAYBE,MAYBE,MAYBE,待裁决-证据未核实,待裁决-证据未核实候选,该题正式评分材料候选存在候选/存在冲突，未确认匹配，不下判,B1:rubric_unreadable_not_OUT;B3:rubric_unreadable_not_OUT;PH:rubric_unreadable_not_OUT;CU:rubric_unreadable_not_OUT;X2:rubric_unreadable_not_OUT;MI:rubric_unreadable_not_OUT;RE:rubric_unreadable_not_OUT,,,B2,,BJ-2026-XC-YIMO-Q20,2026-09-24-attribution-v3,classify.py:classified_prod.jsonl+matrix.csv+exam_identity.json+skill_overrides.json,no
BJ-2026-TZ-YIMO-Q1,BJ-2026-TZ-YIMO-Q1,BJ-2026-TZ-YIMO,BJ-2026-TZ-YIMO,1,选择题,,整题,08c3559c4015e492,不明,MAYBE,MAYBE,MAYBE,MAYBE,COLLECTED,MAYBE,OUT,OUT,OUT,完整题-选择题照收,答案键来源未核实(候选未确认),该题正式评分材料候选存在候选/存在冲突，未确认匹配，不下判,,,,,,BJ-2026-TZ-YIMO-Q1,2026-09-24-attribution-v3,classify.py:classified_prod.jsonl+matrix.csv+exam_identity.json+skill_overrides.json,no
BJ-2026-TZ-YIMO-Q2,BJ-2026-TZ-YIMO-Q2,BJ-2026-TZ-YIMO,BJ-2026-TZ-YIMO,2,选择题,,整题,f923675136cb6543,不明,OUT,MAYBE,MAYBE,MAYBE,COLLECTED,OUT,OUT,OUT,MAYBE,完整题-选择题照收,答案键来源未核实(候选未确认),该题正式评分材料候选存在候选/存在冲突，未确认匹配，不下判,,,,,,BJ-2026-TZ-YIMO-Q2,2026-09-24-attribution-v3,classify.py:classified_prod.jsonl+matrix.csv+exam_identity.json+skill_overrides.json,no
BJ-2026-TZ-YIMO-Q3,BJ-2026-TZ-YIMO-Q3,BJ-2026-TZ-YIMO,BJ-2026-TZ-YIMO,3,选择题,,整题,fbb2b8807e4a289b,不明,OUT,MAYBE,MAYBE,COLLECTED,MAYBE,OUT,MAYBE,MAYBE,COLLECTED,完整题-选择题照收,E1,逐题已匹配正式评分材料,,,,,,BJ-2026-TZ-YIMO-Q3,2026-09-24-attribution-v3,classify.py:classified_prod.jsonl+matrix.csv+exam_identity.json+skill_overrides.json,no
BJ-2026-TZ-YIMO-Q17#1,BJ-2026-TZ-YIMO-Q17,BJ-2026-TZ-YIMO,BJ-2026-TZ-YIMO,17,主观题,1,小问,25410623fb7f545c,不明,MAYBE,COLLECTED,MAYBE,MAYBE,MAYBE,MAYBE,MAYBE,COLLECTED,MAYBE,完整题-有E1,E1,逐题已匹配正式评分材料,,,,,,BJ-2026-TZ-YIMO-Q17,2026-09-24-attribution-v3,classify.py:classified_prod.jsonl+matrix.csv+exam_identity.json+skill_overrides.json,no
BJ-2026-TZ-YIMO-Q17#2,BJ-2026-TZ-YIMO-Q17,BJ-2026-TZ-YIMO,BJ-2026-TZ-YIMO,17,主观题,2,小问,d45e868c71da417a,不明,MAYBE,COLLECTED,MAYBE,MAYBE,MAYBE,MAYBE,MAYBE,COLLECTED,MAYBE,完整题-有E1,E1,逐题已匹配正式评分材料,B1:rubric_unreadable_not_OUT;B3:rubric_unreadable_not_OUT;PH:rubric_unreadable_not_OUT;CU:rubric_unreadable_not_OUT,,,,,BJ-2026-TZ-YIMO-Q17,2026-09-24-attribution-v3,classify.py:classified_prod.jsonl+matrix.csv+exam_identity.json+skill_overrides.json,no
BJ-2026-TZ-YIMO-Q16,BJ-2026-TZ-YIMO-Q16,BJ-2026-TZ-YIMO,BJ-2026-TZ-YIMO,16,主观题,,整题,0ea629021553a24d,确定,MAYBE,MAYBE,COLLECTED,MAYBE,MAYBE,MAYBE,MAYBE,MAYBE,MAYBE,待裁决-证据未核实,待裁决-证据未核实候选,该题正式评分材料候选存在候选/存在冲突，未确认匹配，不下判,B1:rubric_unreadable_not_OUT;B2:rubric_unreadable_not_OUT;PH:rubric_unreadable_not_OUT;CU:rubric_unreadable_not_OUT;X1:rubric_unreadable_not_OUT;X2:rubric_unreadable_not_OUT;MI:rubric_unreadable_not_OUT;RE:rubric_unreadable_not_OUT,,,,,BJ-2026-TZ-YIMO-Q16,2026-09-24-attribution-v3,classify.py:classified_prod.jsonl+matrix.csv+exam_identity.json+skill_overrides.json,no
BJ-2026-TZ-YIMO-Q20,BJ-2026-TZ-YIMO-Q20,BJ-2026-TZ-YIMO,BJ-2026-TZ-YIMO,20,主观题,,整题,eb8f8af39dbedd5d,不明,MAYBE,MAYBE,MAYBE,MAYBE,MAYBE,MAYBE,COLLECTED,MAYBE,MAYBE,待裁决-证据未核实,待裁决-证据未核实候选,该题正式评分材料候选存在候选/存在冲突，未确认匹配，不下判,,,,,,BJ-2026-TZ-YIMO-Q20,2026-09-24-attribution-v3,classify.py:classified_prod.jsonl+matrix.csv+exam_identity.json+skill_overrides.json,no
BJ-2026-TZ-YIMO-Q4,BJ-2026-TZ-YIMO-Q4,BJ-2026-TZ-YIMO,BJ-2026-TZ-YIMO,4,选择题,,整题,928275089bcb3b1c,不明,OUT,COLLECTED,MAYBE,COLLECTED,MAYBE,OUT,MAYBE,MAYBE,MAYBE,完整题-选择题照收,答案键来源未核实(候选未确认),该题正式评分材料候选存在候选/存在冲突，未确认匹配，不下判,,,,,,BJ-2026-TZ-YIMO-Q4,2026-09-24-attribution-v3,classify.py:classified_prod.jsonl+matrix.csv+exam_identity.json+skill_overrides.json,no
BJ-2026-TZ-YIMO-Q5,BJ-2026-TZ-YIMO-Q5,BJ-2026-TZ-YIMO,BJ-2026-TZ-YIMO,5,选择题,,整题,1bf829bc8f1e5399,不明,OUT,COLLECTED,MAYBE,MAYBE,MAYBE,OUT,OUT,MAYBE,MAYBE,完整题-选择题照收,答案键来源未核实(候选未确认),该题正式评分材料候选存在候选/存在冲突，未确认匹配，不下判,,,,,,BJ-2026-TZ-YIMO-Q5,2026-09-24-attribution-v3,classify.py:classified_prod.jsonl+matrix.csv+exam_identity.json+skill_overrides.json,no
BJ-2026-TZ-YIMO-Q6,BJ-2026-TZ-YIMO-Q6,BJ-2026-TZ-YIMO,BJ-2026-TZ-YIMO,6,选择题,,整题,e4417e18ac43562a,不明,OUT,COLLECTED,MAYBE,MAYBE,MAYBE,MAYBE,OUT,MAYBE,MAYBE,完整题-选择题照收,答案键来源未核实(候选未确认),该题正式评分材料候选存在候选/存在冲突，未确认匹配，不下判,,,,,,BJ-2026-TZ-YIMO-Q6,2026-09-24-attribution-v3,classify.py:classified_prod.jsonl+matrix.csv+exam_identity.json+skill_overrides.json,no
BJ-2026-TZ-YIMO-Q7,BJ-2026-TZ-YIMO-Q7,BJ-2026-TZ-YIMO,BJ-2026-TZ-YIMO,7,选择题,,整题,7fa0668a9e974d4d,不明,OUT,COLLECTED,MAYBE,MAYBE,MAYBE,OUT,OUT,MAYBE,MAYBE,完整题-选择题照收,答案键来源未核实(候选未确认),该题正式评分材料候选存在候选/存在冲突，未确认匹配，不下判,,,,,,BJ-2026-TZ-YIMO-Q7,2026-09-24-attribution-v3,classify.py:classified_prod.jsonl+matrix.csv+exam_identity.json+skill_overrides.json,no
BJ-2026-TZ-YIMO-Q8,BJ-2026-TZ-YIMO-Q8,BJ-2026-TZ-YIMO,BJ-2026-TZ-YIMO,8,选择题,,整题,29634073933f1e32,倾向,OUT,MAYBE,MAYBE,MAYBE,OUT,COLLECTED,OUT,OUT,OUT,完整题-选择题照收,答案键来源未核实(候选未确认),该题正式评分材料候选存在候选/存在冲突，未确认匹配，不下判,,,,,,BJ-2026-TZ-YIMO-Q8,2026-09-24-attribution-v3,classify.py:classified_prod.jsonl+matrix.csv+exam_identity.json+skill_overrides.json,no
BJ-2026-TZ-YIMO-Q9,BJ-2026-TZ-YIMO-Q9,BJ-2026-TZ-YIMO,BJ-2026-TZ-YIMO,9,选择题,,整题,f91964bf22b5f4f0,不明,OUT,MAYBE,MAYBE,MAYBE,COLLECTED,MAYBE,MAYBE,OUT,OUT,完整题-选择题照收,答案键来源未核实(候选未确认),该题正式评分材料候选存在候选/存在冲突，未确认匹配，不下判,,,,,,BJ-2026-TZ-YIMO-Q9,2026-09-24-attribution-v3,classify.py:classified_prod.jsonl+matrix.csv+exam_identity.json+skill_overrides.json,no
BJ-2026-TZ-YIMO-Q10,BJ-2026-TZ-YIMO-Q10,BJ-2026-TZ-YIMO,BJ-2026-TZ-YIMO,10,选择题,,整题,759c37e64dfb4706,倾向,OUT,MAYBE,MAYBE,OUT,OUT,OUT,COLLECTED,OUT,OUT,完整题-选择题照收,答案键来源未核实(候选未确认),该题正式评分材料候选存在候选/存在冲突，未确认匹配，不下判,,,,,,BJ-2026-TZ-YIMO-Q10,2026-09-24-attribution-v3,classify.py:classified_prod.jsonl+matrix.csv+exam_identity.json+skill_overrides.json,no
BJ-2026-TZ-YIMO-Q11,BJ-2026-TZ-YIMO-Q11,BJ-2026-TZ-YIMO,BJ-2026-TZ-YIMO,11,选择题,,整题,5aefbb1a2f037cd4,倾向,OUT,MAYBE,COLLECTED,OUT,OUT,OUT,IN,OUT,OUT,完整题-选择题照收,答案键来源未核实(候选未确认),该题正式评分材料候选存在候选/存在冲突，未确认匹配，不下判,,,,,,BJ-2026-TZ-YIMO-Q11,2026-09-24-attribution-v3,classify.py:classified_prod.jsonl+matrix.csv+exam_identity.json+skill_overrides.json,no
BJ-2026-TZ-YIMO-Q12,BJ-2026-TZ-YIMO-Q12,BJ-2026-TZ-YIMO,BJ-2026-TZ-YIMO,12,选择题,,整题,0e23d71bc46febaa,不明,OUT,MAYBE,MAYBE,OUT,MAYBE,OUT,MAYBE,IN,MAYBE,完整题-选择题照收,答案键来源未核实(候选未确认),该题正式评分材料候选存在候选/存在冲突，未确认匹配，不下判,,,,,,BJ-2026-TZ-YIMO-Q12,2026-09-24-attribution-v3,classify.py:classified_prod.jsonl+matrix.csv+exam_identity.json+skill_overrides.json,no
BJ-2026-TZ-YIMO-Q13,BJ-2026-TZ-YIMO-Q13,BJ-2026-TZ-YIMO,BJ-2026-TZ-YIMO,13,选择题,,整题,6c53753542f4fde1,不明,OUT,MAYBE,MAYBE,OUT,MAYBE,OUT,OUT,MAYBE,COLLECTED,完整题-选择题照收,答案键来源未核实(候选未确认),该题正式评分材料候选存在候选/存在冲突，未确认匹配，不下判,,,,,,BJ-2026-TZ-YIMO-Q13,2026-09-24-attribution-v3,classify.py:classified_prod.jsonl+matrix.csv+exam_identity.json+skill_overrides.json,no
BJ-2026-TZ-YIMO-Q14,BJ-2026-TZ-YIMO-Q14,BJ-2026-TZ-YIMO,BJ-2026-TZ-YIMO,14,选择题,,整题,933eddf65741538b,不明,MAYBE,IN,COLLECTED,OUT,OUT,MAYBE,OUT,MAYBE,MAYBE,完整题-选择题照收,答案键来源未核实(候选未确认),该题正式评分材料候选存在候选/存在冲突，未确认匹配，不下判,,,,,,BJ-2026-TZ-YIMO-Q14,2026-09-24-attribution-v3,classify.py:classified_prod.jsonl+matrix.csv+exam_identity.json+skill_overrides.json,no
BJ-2026-TZ-YIMO-Q15,BJ-2026-TZ-YIMO-Q15,BJ-2026-TZ-YIMO,BJ-2026-TZ-YIMO,15,选择题,,整题,015e4d00c8f851ed,倾向,MAYBE,MAYBE,COLLECTED,OUT,MAYBE,IN,OUT,OUT,OUT,完整题-选择题照收,答案键来源未核实(候选未确认),该题正式评分材料候选存在候选/存在冲突，未确认匹配，不下判,,,,,,BJ-2026-TZ-YIMO-Q15,2026-09-24-attribution-v3,classify.py:classified_prod.jsonl+matrix.csv+exam_identity.json+skill_overrides.json,no
BJ-2026-TZ-YIMO-Q18,BJ-2026-TZ-YIMO-Q18,BJ-2026-TZ-YIMO,BJ-2026-TZ-YIMO,18,主观题,,整题,78883b4ca7a0a388,确定,MAYBE,MAYBE,MAYBE,COLLECTED,COLLECTED,MAYBE,MAYBE,MAYBE,MAYBE,待裁决-证据未核实,待裁决-证据未核实候选,该题正式评分材料候选存在候选/存在冲突，未确认匹配，不下判,B1:rubric_unreadable_not_OUT;B2:rubric_unreadable_not_OUT;B3:rubric_unreadable_not_OUT;X1:rubric_unreadable_not_OUT;X2:rubric_unreadable_not_OUT;MI:rubric_unreadable_not_OUT;RE:rubric_unreadable_not_OUT,,,,,BJ-2026-TZ-YIMO-Q18,2026-09-24-attribution-v3,classify.py:classified_prod.jsonl+matrix.csv+exam_identity.json+skill_overrides.json,no
BJ-2026-TZ-YIMO-Q19,BJ-2026-TZ-YIMO-Q19,BJ-2026-TZ-YIMO,BJ-2026-TZ-YIMO,19,主观题,,整题,cbb633d24da9d66c,确定,MAYBE,MAYBE,MAYBE,MAYBE,MAYBE,IN,MAYBE,MAYBE,MAYBE,待裁决-证据未核实,待裁决-证据未核实候选,该题正式评分材料候选存在候选/存在冲突，未确认匹配，不下判,B1:rubric_unreadable_not_OUT;B2:rubric_unreadable_not_OUT;B3:rubric_unreadable_not_OUT;PH:rubric_unreadable_not_OUT;CU:rubric_unreadable_not_OUT;X2:rubric_unreadable_not_OUT;MI:rubric_unreadable_not_OUT;RE:rubric_unreadable_not_OUT,,,,,BJ-2026-TZ-YIMO-Q19,2026-09-24-attribution-v3,classify.py:classified_prod.jsonl+matrix.csv+exam_identity.json+skill_overrides.json,no
BJ-2026-TZ-YIMO-Q21,BJ-2026-TZ-YIMO-Q21,BJ-2026-TZ-YIMO,BJ-2026-TZ-YIMO,21,主观题,,整题,837f740c9c07276b,不明,MAYBE,MAYBE,COLLECTED,COLLECTED,MAYBE,MAYBE,MAYBE,MAYBE,MAYBE,待裁决-证据未核实,待裁决-证据未核实候选,该题正式评分材料候选存在候选/存在冲突，未确认匹配，不下判,,,,,,BJ-2026-TZ-YIMO-Q21,2026-09-24-attribution-v3,classify.py:classified_prod.jsonl+matrix.csv+exam_identity.json+skill_overrides.json,no
BJ-2026-MTG-YIMO-Q16,BJ-2026-MTG-YIMO-Q16,BJ-2026-MTG-YIMO,BJ-2026-MTG-YIMO,16,主观题,,整题,7902798f7966bc95,倾向,OUT,OUT,OUT,COLLECTED,COLLECTED,OUT,MAYBE,OUT,MAYBE,完整题-有E1,E1,逐题已匹配正式评分材料,,,,,,BJ-2026-MTG-YIMO-Q16,2026-09-24-attribution-v3,classify.py:classified_prod.jsonl+matrix.csv+exam_identity.json+skill_overrides.json,no
BJ-2026-MTG-YIMO-Q17,BJ-2026-MTG-YIMO-Q17,BJ-2026-MTG-YIMO,BJ-2026-MTG-YIMO,17,主观题,,整题,98f59c5f8411375d,倾向,OUT,OUT,COLLECTED,OUT,OUT,MAYBE,MAYBE,OUT,OUT,完整题-有E1,E1,逐题已匹配正式评分材料,,,,,,BJ-2026-MTG-YIMO-Q17,2026-09-24-attribution-v3,classify.py:classified_prod.jsonl+matrix.csv+exam_identity.json+skill_overrides.json,no
BJ-2026-MTG-YIMO-Q18#1,BJ-2026-MTG-YIMO-Q18,BJ-2026-MTG-YIMO,BJ-2026-MTG-YIMO,18,主观题,1,小问,5e5a9abb7b607569,不明,OUT,MAYBE,MAYBE,OUT,OUT,OUT,COLLECTED,MAYBE,MAYBE,完整题-有E1,E1,逐题已匹配正式评分材料,,,,,,BJ-2026-MTG-YIMO-Q18,2026-09-24-attribution-v3,classify.py:classified_prod.jsonl+matrix.csv+exam_identity.json+skill_overrides.json,no
BJ-2026-MTG-YIMO-Q18#2,BJ-2026-MTG-YIMO-Q18,BJ-2026-MTG-YIMO,BJ-2026-MTG-YIMO,18,主观题,2,小问,e1854b0504355c18,不明,OUT,MAYBE,MAYBE,OUT,OUT,OUT,COLLECTED,IN,MAYBE,完整题-有E1,E1,逐题已匹配正式评分材料,,,,,,BJ-2026-MTG-YIMO-Q18,2026-09-24-attribution-v3,classify.py:classified_prod.jsonl+matrix.csv+exam_identity.json+skill_overrides.json,no
BJ-2026-MTG-YIMO-Q19,BJ-2026-MTG-YIMO-Q19,BJ-2026-MTG-YIMO,BJ-2026-MTG-YIMO,19,主观题,,整题,1ba03213e8eb688d,倾向,OUT,COLLECTED,MAYBE,OUT,OUT,MAYBE,MAYBE,OUT,OUT,完整题-有E1,E1,逐题已匹配正式评分材料,,,,,,BJ-2026-MTG-YIMO-Q19,2026-09-24-attribution-v3,classify.py:classified_prod.jsonl+matrix.csv+exam_identity.json+skill_overrides.json,no
BJ-2026-MTG-YIMO-Q20,BJ-2026-MTG-YIMO-Q20,BJ-2026-MTG-YIMO,BJ-2026-MTG-YIMO,20,主观题,,整题,4b294e0b5e588883,倾向,OUT,COLLECTED,OUT,OUT,OUT,COLLECTED,MAYBE,OUT,MAYBE,完整题-有E1,E1,逐题已匹配正式评分材料,,,,,,BJ-2026-MTG-YIMO-Q20,2026-09-24-attribution-v3,classify.py:classified_prod.jsonl+matrix.csv+exam_identity.json+skill_overrides.json,no
BJ-2026-MTG-YIMO-Q21,BJ-2026-MTG-YIMO-Q21,BJ-2026-MTG-YIMO,BJ-2026-MTG-YIMO,21,主观题,,整题,39bb88810e265120,不明,MAYBE,COLLECTED,MAYBE,COLLECTED,MAYBE,COLLECTED,MAYBE,MAYBE,MAYBE,完整题-有E1,E1,逐题已匹配正式评分材料,,,,,,BJ-2026-MTG-YIMO-Q21,2026-09-24-attribution-v3,classify.py:classified_prod.jsonl+matrix.csv+exam_identity.json+skill_overrides.json,no
BJ-2026-MTG-YIMO-Q1,BJ-2026-MTG-YIMO-Q1,BJ-2026-MTG-YIMO,BJ-2026-MTG-YIMO,1,选择题,,整题,8c688f36d1271884,倾向,IN,MAYBE,IN,MAYBE,COLLECTED,IN,OUT,OUT,OUT,完整题-选择题照收,答案键来源未核实(候选未确认),该题正式评分材料候选存在候选/存在冲突，未确认匹配，不下判,,,,,,BJ-2026-MTG-YIMO-Q1,2026-09-24-attribution-v3,classify.py:classified_prod.jsonl+matrix.csv+exam_identity.json+skill_overrides.json,no
BJ-2026-MTG-YIMO-Q2,BJ-2026-MTG-YIMO-Q2,BJ-2026-MTG-YIMO,BJ-2026-MTG-YIMO,2,选择题,,整题,d069286ecaa39ebf,不明,MAYBE,MAYBE,MAYBE,MAYBE,MAYBE,OUT,OUT,OUT,MAYBE,完整题-选择题照收,答案键来源未核实(候选未确认),该题正式评分材料候选存在候选/存在冲突，未确认匹配，不下判,,,,,,BJ-2026-MTG-YIMO-Q2,2026-09-24-attribution-v3,classify.py:classified_prod.jsonl+matrix.csv+exam_identity.json+skill_overrides.json,no
BJ-2026-MTG-YIMO-Q3,BJ-2026-MTG-YIMO-Q3,BJ-2026-MTG-YIMO,BJ-2026-MTG-YIMO,3,选择题,,整题,8fe26f1a5ce5e837,不明,OUT,MAYBE,MAYBE,MAYBE,COLLECTED,OUT,OUT,MAYBE,MAYBE,完整题-选择题照收,答案键来源未核实(候选未确认),该题正式评分材料候选存在候选/存在冲突，未确认匹配，不下判,,,,,,BJ-2026-MTG-YIMO-Q3,2026-09-24-attribution-v3,classify.py:classified_prod.jsonl+matrix.csv+exam_identity.json+skill_overrides.json,no
BJ-2026-MTG-YIMO-Q4,BJ-2026-MTG-YIMO-Q4,BJ-2026-MTG-YIMO,BJ-2026-MTG-YIMO,4,选择题,,整题,b3ee7f24971a978e,不明,OUT,COLLECTED,MAYBE,COLLECTED,COLLECTED,MAYBE,OUT,MAYBE,MAYBE,完整题-选择题照收,答案键来源未核实(候选未确认),该题正式评分材料候选存在候选/存在冲突，未确认匹配，不下判,,,,,,BJ-2026-MTG-YIMO-Q4,2026-09-24-attribution-v3,classify.py:classified_prod.jsonl+matrix.csv+exam_identity.json+skill_overrides.json,no
BJ-2026-MTG-YIMO-Q5,BJ-2026-MTG-YIMO-Q5,BJ-2026-MTG-YIMO,BJ-2026-MTG-YIMO,5,选择题,,整题,db8037b6180e5c70,不明,OUT,MAYBE,MAYBE,COLLECTED,MAYBE,OUT,OUT,MAYBE,MAYBE,完整题-选择题照收,答案键来源未核实(候选未确认),该题正式评分材料候选存在候选/存在冲突，未确认匹配，不下判,,,,,,BJ-2026-MTG-YIMO-Q5,2026-09-24-attribution-v3,classify.py:classified_prod.jsonl+matrix.csv+exam_identity.json+skill_overrides.json,no
BJ-2026-MTG-YIMO-Q6,BJ-2026-MTG-YIMO-Q6,BJ-2026-MTG-YIMO,BJ-2026-MTG-YIMO,6,选择题,,整题,a245c7ebaab815b8,不明,OUT,MAYBE,MAYBE,MAYBE,MAYBE,OUT,OUT,MAYBE,COLLECTED,完整题-选择题照收,答案键来源未核实(候选未确认),该题正式评分材料候选存在候选/存在冲突，未确认匹配，不下判,,,,,,BJ-2026-MTG-YIMO-Q6,2026-09-24-attribution-v3,classify.py:classified_prod.jsonl+matrix.csv+exam_identity.json+skill_overrides.json,no
BJ-2026-MTG-YIMO-Q7,BJ-2026-MTG-YIMO-Q7,BJ-2026-MTG-YIMO,BJ-2026-MTG-YIMO,7,选择题,,整题,7e48f2172b3481f8,不明,OUT,MAYBE,MAYBE,COLLECTED,MAYBE,OUT,OUT,COLLECTED,MAYBE,完整题-选择题照收,答案键来源未核实(候选未确认),该题正式评分材料候选存在候选/存在冲突，未确认匹配，不下判,,,,,,BJ-2026-MTG-YIMO-Q7,2026-09-24-attribution-v3,classify.py:classified_prod.jsonl+matrix.csv+exam_identity.json+skill_overrides.json,no
BJ-2026-MTG-YIMO-Q8,BJ-2026-MTG-YIMO-Q8,BJ-2026-MTG-YIMO,BJ-2026-MTG-YIMO,8,选择题,,整题,f7f8a24b8beed1bd,倾向,OUT,MAYBE,COLLECTED,MAYBE,OUT,OUT,OUT,OUT,OUT,完整题-选择题照收,答案键来源未核实(候选未确认),该题正式评分材料候选存在候选/存在冲突，未确认匹配，不下判,,,,,,BJ-2026-MTG-YIMO-Q8,2026-09-24-attribution-v3,classify.py:classified_prod.jsonl+matrix.csv+exam_identity.json+skill_overrides.json,no
BJ-2026-MTG-YIMO-Q9,BJ-2026-MTG-YIMO-Q9,BJ-2026-MTG-YIMO,BJ-2026-MTG-YIMO,9,选择题,,整题,503e20d2f43760b0,不明,OUT,IN,COLLECTED,MAYBE,MAYBE,MAYBE,MAYBE,OUT,OUT,完整题-选择题照收,答案键来源未核实(候选未确认),该题正式评分材料候选存在候选/存在冲突，未确认匹配，不下判,,,,,,BJ-2026-MTG-YIMO-Q9,2026-09-24-attribution-v3,classify.py:classified_prod.jsonl+matrix.csv+exam_identity.json+skill_overrides.json,no
BJ-2026-MTG-YIMO-Q10,BJ-2026-MTG-YIMO-Q10,BJ-2026-MTG-YIMO,BJ-2026-MTG-YIMO,10,选择题,,整题,ce971e4438170f2d,倾向,OUT,IN,MAYBE,OUT,OUT,OUT,COLLECTED,OUT,OUT,完整题-选择题照收,答案键来源未核实(候选未确认),该题正式评分材料候选存在候选/存在冲突，未确认匹配，不下判,,,,,,BJ-2026-MTG-YIMO-Q10,2026-09-24-attribution-v3,classify.py:classified_prod.jsonl+matrix.csv+exam_identity.json+skill_overrides.json,no
BJ-2026-MTG-YIMO-Q11,BJ-2026-MTG-YIMO-Q11,BJ-2026-MTG-YIMO,BJ-2026-MTG-YIMO,11,选择题,,整题,6db9abe847080c99,倾向,OUT,MAYBE,MAYBE,OUT,OUT,OUT,COLLECTED,OUT,OUT,完整题-选择题照收,答案键来源未核实(候选未确认),该题正式评分材料候选存在候选/存在冲突，未确认匹配，不下判,,,,,,BJ-2026-MTG-YIMO-Q11,2026-09-24-attribution-v3,classify.py:classified_prod.jsonl+matrix.csv+exam_identity.json+skill_overrides.json,no
BJ-2026-MTG-YIMO-Q12,BJ-2026-MTG-YIMO-Q12,BJ-2026-MTG-YIMO,BJ-2026-MTG-YIMO,12,选择题,,整题,38da62d123cc5748,不明,OUT,COLLECTED,MAYBE,OUT,COLLECTED,OUT,MAYBE,MAYBE,MAYBE,完整题-选择题照收,答案键来源未核实(候选未确认),该题正式评分材料候选存在候选/存在冲突，未确认匹配，不下判,,,,,,BJ-2026-MTG-YIMO-Q12,2026-09-24-attribution-v3,classify.py:classified_prod.jsonl+matrix.csv+exam_identity.json+skill_overrides.json,no
BJ-2026-MTG-YIMO-Q13,BJ-2026-MTG-YIMO-Q13,BJ-2026-MTG-YIMO,BJ-2026-MTG-YIMO,13,选择题,,整题,e53e1aca1e0181a8,倾向,OUT,COLLECTED,MAYBE,OUT,OUT,OUT,OUT,MAYBE,MAYBE,完整题-选择题照收,答案键来源未核实(候选未确认),该题正式评分材料候选存在候选/存在冲突，未确认匹配，不下判,,,,,,BJ-2026-MTG-YIMO-Q13,2026-09-24-attribution-v3,classify.py:classified_prod.jsonl+matrix.csv+exam_identity.json+skill_overrides.json,no
BJ-2026-MTG-YIMO-Q14,BJ-2026-MTG-YIMO-Q14,BJ-2026-MTG-YIMO,BJ-2026-MTG-YIMO,14,选择题,,整题,e01e88c838b9c606,不明,MAYBE,MAYBE,MAYBE,OUT,OUT,COLLECTED,OUT,MAYBE,MAYBE,完整题-选择题照收,答案键来源未核实(候选未确认),该题正式评分材料候选存在候选/存在冲突，未确认匹配，不下判,,,,,,BJ-2026-MTG-YIMO-Q14,2026-09-24-attribution-v3,classify.py:classified_prod.jsonl+matrix.csv+exam_identity.json+skill_overrides.json,no
BJ-2026-MTG-YIMO-Q15,BJ-2026-MTG-YIMO-Q15,BJ-2026-MTG-YIMO,BJ-2026-MTG-YIMO,15,选择题,,整题,d3756a12dfaf57f2,倾向,MAYBE,COLLECTED,MAYBE,OUT,MAYBE,COLLECTED,OUT,OUT,OUT,完整题-选择题照收,答案键来源未核实(候选未确认),该题正式评分材料候选存在候选/存在冲突，未确认匹配，不下判,,,,,,BJ-2026-MTG-YIMO-Q15,2026-09-24-attribution-v3,classify.py:classified_prod.jsonl+matrix.csv+exam_identity.json+skill_overrides.json,no
BJ-2026-SY-YIMO-Q17,BJ-2026-SY-YIMO-Q17,BJ-2026-SY-YIMO,BJ-2026-SY-YIMO,17,主观题,,整题,f1b264638bdd12ec,不明,OUT,MAYBE,COLLECTED,OUT,OUT,MAYBE,MAYBE,MAYBE,MAYBE,完整题-有E1,E1,逐题已匹配正式评分材料,,,,,,BJ-2026-SY-YIMO-Q17,2026-09-24-attribution-v3,classify.py:classified_prod.jsonl+matrix.csv+exam_identity.json+skill_overrides.json,no
BJ-2026-SY-YIMO-Q20,BJ-2026-SY-YIMO-Q20,BJ-2026-SY-YIMO,BJ-2026-SY-YIMO,20,主观题,,整题,98134186ad89549d,不明,MAYBE,MAYBE,MAYBE,MAYBE,MAYBE,COLLECTED,MAYBE,MAYBE,MAYBE,完整题-有E1,E1,逐题已匹配正式评分材料,,,,,,BJ-2026-SY-YIMO-Q20,2026-09-24-attribution-v3,classify.py:classified_prod.jsonl+matrix.csv+exam_identity.json+skill_overrides.json,no
BJ-2026-SY-YIMO-Q21,BJ-2026-SY-YIMO-Q21,BJ-2026-SY-YIMO,BJ-2026-SY-YIMO,21,主观题,,整题,,倾向,MAYBE,COLLECTED,COLLECTED,COLLECTED,COLLECTED,COLLECTED,MAYBE,COLLECTED,MAYBE,完整题-有E1,E1,逐题已匹配正式评分材料,,,,,,BJ-2026-SY-YIMO-Q21,2026-09-24-attribution-v3,classify.py:classified_prod.jsonl+matrix.csv+exam_identity.json+skill_overrides.json,no
BJ-2026-SY-YIMO-Q1,BJ-2026-SY-YIMO-Q1,BJ-2026-SY-YIMO,BJ-2026-SY-YIMO,1,选择题,,整题,d1a54adfbfa6cf8d,倾向,MAYBE,MAYBE,IN,COLLECTED,COLLECTED,MAYBE,OUT,OUT,OUT,完整题-选择题照收,答案键来源未核实(候选未确认),该题正式评分材料候选存在候选/存在冲突，未确认匹配，不下判,,,,,,BJ-2026-SY-YIMO-Q1,2026-09-24-attribution-v3,classify.py:classified_prod.jsonl+matrix.csv+exam_identity.json+skill_overrides.json,no
BJ-2026-SY-YIMO-Q2,BJ-2026-SY-YIMO-Q2,BJ-2026-SY-YIMO,BJ-2026-SY-YIMO,2,选择题,,整题,84fcb79069a29782,不明,OUT,MAYBE,MAYBE,COLLECTED,MAYBE,OUT,OUT,MAYBE,COLLECTED,完整题-选择题照收,答案键来源未核实(候选未确认),该题正式评分材料候选存在候选/存在冲突，未确认匹配，不下判,,,,,,BJ-2026-SY-YIMO-Q2,2026-09-24-attribution-v3,classify.py:classified_prod.jsonl+matrix.csv+exam_identity.json+skill_overrides.json,no
BJ-2026-SY-YIMO-Q3,BJ-2026-SY-YIMO-Q3,BJ-2026-SY-YIMO,BJ-2026-SY-YIMO,3,选择题,,整题,31b45353f93afd7a,不明,OUT,MAYBE,MAYBE,COLLECTED,MAYBE,OUT,OUT,COLLECTED,MAYBE,完整题-选择题照收,答案键来源未核实(候选未确认),该题正式评分材料候选存在候选/存在冲突，未确认匹配，不下判,,,,,,BJ-2026-SY-YIMO-Q3,2026-09-24-attribution-v3,classify.py:classified_prod.jsonl+matrix.csv+exam_identity.json+skill_overrides.json,no
BJ-2026-SY-YIMO-Q4,BJ-2026-SY-YIMO-Q4,BJ-2026-SY-YIMO,BJ-2026-SY-YIMO,4,选择题,,整题,5825ea94fa0200ac,不明,OUT,MAYBE,MAYBE,MAYBE,COLLECTED,OUT,OUT,MAYBE,COLLECTED,完整题-选择题照收,答案键来源未核实(候选未确认),该题正式评分材料候选存在候选/存在冲突，未确认匹配，不下判,,,,,,BJ-2026-SY-YIMO-Q4,2026-09-24-attribution-v3,classify.py:classified_prod.jsonl+matrix.csv+exam_identity.json+skill_overrides.json,no
BJ-2026-SY-YIMO-Q5,BJ-2026-SY-YIMO-Q5,BJ-2026-SY-YIMO,BJ-2026-SY-YIMO,5,选择题,,整题,c450fe770f6b3d2f,倾向,OUT,MAYBE,MAYBE,COLLECTED,MAYBE,OUT,OUT,COLLECTED,COLLECTED,完整题-选择题照收,答案键来源未核实(候选未确认),该题正式评分材料候选存在候选/存在冲突，未确认匹配，不下判,,,,,,BJ-2026-SY-YIMO-Q5,2026-09-24-attribution-v3,classify.py:classified_prod.jsonl+matrix.csv+exam_identity.json+skill_overrides.json,no
BJ-2026-SY-YIMO-Q6,BJ-2026-SY-YIMO-Q6,BJ-2026-SY-YIMO,BJ-2026-SY-YIMO,6,选择题,,整题,562557a743fa3c86,不明,OUT,MAYBE,MAYBE,COLLECTED,MAYBE,OUT,OUT,COLLECTED,MAYBE,完整题-选择题照收,答案键来源未核实(候选未确认),该题正式评分材料候选存在候选/存在冲突，未确认匹配，不下判,,,,,,BJ-2026-SY-YIMO-Q6,2026-09-24-attribution-v3,classify.py:classified_prod.jsonl+matrix.csv+exam_identity.json+skill_overrides.json,no
BJ-2026-SY-YIMO-Q7,BJ-2026-SY-YIMO-Q7,BJ-2026-SY-YIMO,BJ-2026-SY-YIMO,7,选择题,,整题,85df4c536ec3be3b,不明,OUT,MAYBE,MAYBE,COLLECTED,MAYBE,OUT,OUT,COLLECTED,MAYBE,完整题-选择题照收,答案键来源未核实(候选未确认),该题正式评分材料候选存在候选/存在冲突，未确认匹配，不下判,,,,,,BJ-2026-SY-YIMO-Q7,2026-09-24-attribution-v3,classify.py:classified_prod.jsonl+matrix.csv+exam_identity.json+skill_overrides.json,no
BJ-2026-SY-YIMO-Q8,BJ-2026-SY-YIMO-Q8,BJ-2026-SY-YIMO,BJ-2026-SY-YIMO,8,选择题,,整题,32880aeb5554d6fa,倾向,OUT,MAYBE,COLLECTED,MAYBE,OUT,OUT,OUT,OUT,OUT,完整题-选择题照收,答案键来源未核实(候选未确认),该题正式评分材料候选存在候选/存在冲突，未确认匹配，不下判,,,,,,BJ-2026-SY-YIMO-Q8,2026-09-24-attribution-v3,classify.py:classified_prod.jsonl+matrix.csv+exam_identity.json+skill_overrides.json,no
BJ-2026-SY-YIMO-Q9,BJ-2026-SY-YIMO-Q9,BJ-2026-SY-YIMO,BJ-2026-SY-YIMO,9,选择题,,整题,ffd6fa92cc0f5b45,不明,OUT,MAYBE,COLLECTED,MAYBE,MAYBE,OUT,MAYBE,OUT,OUT,完整题-选择题照收,答案键来源未核实(候选未确认),该题正式评分材料候选存在候选/存在冲突，未确认匹配，不下判,,,,,,BJ-2026-SY-YIMO-Q9,2026-09-24-attribution-v3,classify.py:classified_prod.jsonl+matrix.csv+exam_identity.json+skill_overrides.json,no
BJ-2026-SY-YIMO-Q10,BJ-2026-SY-YIMO-Q10,BJ-2026-SY-YIMO,BJ-2026-SY-YIMO,10,选择题,,整题,4c12483da2d3718b,倾向,OUT,MAYBE,MAYBE,OUT,OUT,OUT,COLLECTED,OUT,OUT,完整题-选择题照收,答案键来源未核实(候选未确认),该题正式评分材料候选存在候选/存在冲突，未确认匹配，不下判,,,,,,BJ-2026-SY-YIMO-Q10,2026-09-24-attribution-v3,classify.py:classified_prod.jsonl+matrix.csv+exam_identity.json+skill_overrides.json,no
BJ-2026-SY-YIMO-Q11,BJ-2026-SY-YIMO-Q11,BJ-2026-SY-YIMO,BJ-2026-SY-YIMO,11,选择题,,整题,1c7c1c1d09d6e72a,倾向,OUT,MAYBE,MAYBE,OUT,OUT,OUT,COLLECTED,OUT,OUT,完整题-选择题照收,答案键来源未核实(候选未确认),该题正式评分材料候选存在候选/存在冲突，未确认匹配，不下判,,,,,,BJ-2026-SY-YIMO-Q11,2026-09-24-attribution-v3,classify.py:classified_prod.jsonl+matrix.csv+exam_identity.json+skill_overrides.json,no
BJ-2026-SY-YIMO-Q12,BJ-2026-SY-YIMO-Q12,BJ-2026-SY-YIMO,BJ-2026-SY-YIMO,12,选择题,,整题,044ee858e853e5d0,不明,OUT,COLLECTED,MAYBE,OUT,OUT,OUT,MAYBE,MAYBE,MAYBE,完整题-选择题照收,答案键来源未核实(候选未确认),该题正式评分材料候选存在候选/存在冲突，未确认匹配，不下判,,,,,,BJ-2026-SY-YIMO-Q12,2026-09-24-attribution-v3,classify.py:classified_prod.jsonl+matrix.csv+exam_identity.json+skill_overrides.json,no
BJ-2026-SY-YIMO-Q13,BJ-2026-SY-YIMO-Q13,BJ-2026-SY-YIMO,BJ-2026-SY-YIMO,13,选择题,,整题,6209611ab61334d4,倾向,OUT,COLLECTED,MAYBE,OUT,OUT,OUT,OUT,MAYBE,MAYBE,完整题-选择题照收,答案键来源未核实(候选未确认),该题正式评分材料候选存在候选/存在冲突，未确认匹配，不下判,,,,,,BJ-2026-SY-YIMO-Q13,2026-09-24-attribution-v3,classify.py:classified_prod.jsonl+matrix.csv+exam_identity.json+skill_overrides.json,no
BJ-2026-SY-YIMO-Q14,BJ-2026-SY-YIMO-Q14,BJ-2026-SY-YIMO,BJ-2026-SY-YIMO,14,选择题,,整题,5d3c5a5d70d793c4,不明,MAYBE,COLLECTED,MAYBE,OUT,OUT,COLLECTED,OUT,MAYBE,MAYBE,完整题-选择题照收,答案键来源未核实(候选未确认),该题正式评分材料候选存在候选/存在冲突，未确认匹配，不下判,,,,,,BJ-2026-SY-YIMO-Q14,2026-09-24-attribution-v3,classify.py:classified_prod.jsonl+matrix.csv+exam_identity.json+skill_overrides.json,no
BJ-2026-SY-YIMO-Q15,BJ-2026-SY-YIMO-Q15,BJ-2026-SY-YIMO,BJ-2026-SY-YIMO,15,选择题,,整题,a39434884e71e59c,不明,MAYBE,MAYBE,MAYBE,OUT,MAYBE,COLLECTED,OUT,OUT,OUT,完整题-选择题照收,答案键来源未核实(候选未确认),该题正式评分材料候选存在候选/存在冲突，未确认匹配，不下判,,,,,,BJ-2026-SY-YIMO-Q15,2026-09-24-attribution-v3,classify.py:classified_prod.jsonl+matrix.csv+exam_identity.json+skill_overrides.json,no
BJ-2026-SY-YIMO-Q18,BJ-2026-SY-YIMO-Q18,BJ-2026-SY-YIMO,BJ-2026-SY-YIMO,18,主观题,,整题,65c49cdf36caca02,确定,MAYBE,MAYBE,MAYBE,MAYBE,MAYBE,MAYBE,COLLECTED,MAYBE,MAYBE,待裁决-证据未核实,待裁决-证据未核实候选,该题正式评分材料候选存在候选/存在冲突，未确认匹配，不下判,B1:rubric_unreadable_not_OUT;B2:rubric_unreadable_not_OUT;B3:rubric_unreadable_not_OUT;PH:rubric_unreadable_not_OUT;CU:rubric_unreadable_not_OUT;X1:rubric_unreadable_not_OUT;MI:rubric_unreadable_not_OUT;RE:rubric_unreadable_not_OUT,,,,,BJ-2026-SY-YIMO-Q18,2026-09-24-attribution-v3,classify.py:classified_prod.jsonl+matrix.csv+exam_identity.json+skill_overrides.json,no
BJ-2026-SY-YIMO-Q19#1,BJ-2026-SY-YIMO-Q19,BJ-2026-SY-YIMO,BJ-2026-SY-YIMO,19,主观题,1,小问,fc988b27cde7f0b0,确定,MAYBE,COLLECTED,MAYBE,MAYBE,MAYBE,MAYBE,MAYBE,COLLECTED,COLLECTED,待裁决-证据未核实,待裁决-证据未核实候选,该题正式评分材料候选存在候选/存在冲突，未确认匹配，不下判,B1:rubric_unreadable_not_OUT;B3:rubric_unreadable_not_OUT;PH:rubric_unreadable_not_OUT;CU:rubric_unreadable_not_OUT;X1:rubric_unreadable_not_OUT;X2:rubric_unreadable_not_OUT,,,,,BJ-2026-SY-YIMO-Q19,2026-09-24-attribution-v3,classify.py:classified_prod.jsonl+matrix.csv+exam_identity.json+skill_overrides.json,no
BJ-2026-SY-YIMO-Q19#2,BJ-2026-SY-YIMO-Q19,BJ-2026-SY-YIMO,BJ-2026-SY-YIMO,19,主观题,2,小问,74ce06e27c36802b,倾向,MAYBE,COLLECTED,MAYBE,MAYBE,MAYBE,MAYBE,MAYBE,COLLECTED,COLLECTED,待裁决-证据未核实,待裁决-证据未核实候选,该题正式评分材料候选存在候选/存在冲突，未确认匹配，不下判,B1:rubric_unreadable_not_OUT;B3:rubric_unreadable_not_OUT;PH:rubric_unreadable_not_OUT;CU:rubric_unreadable_not_OUT;X1:rubric_unreadable_not_OUT;X2:rubric_unreadable_not_OUT,,,,,BJ-2026-SY-YIMO-Q19,2026-09-24-attribution-v3,classify.py:classified_prod.jsonl+matrix.csv+exam_identity.json+skill_overrides.json,no
BJ-2026-SY-YIMO-Q19#3,BJ-2026-SY-YIMO-Q19,BJ-2026-SY-YIMO,BJ-2026-SY-YIMO,19,主观题,3,小问,5cdc4635174da03c,不明,MAYBE,COLLECTED,MAYBE,MAYBE,MAYBE,MAYBE,MAYBE,COLLECTED,COLLECTED,待裁决-证据未核实,待裁决-证据未核实候选,该题正式评分材料候选存在候选/存在冲突，未确认匹配，不下判,,,,,,BJ-2026-SY-YIMO-Q19,2026-09-24-attribution-v3,classify.py:classified_prod.jsonl+matrix.csv+exam_identity.json+skill_overrides.json,no
BJ-2026-DC-ERMO-Q1,BJ-2026-DC-ERMO-Q1,BJ-2026-DC-ERMO,BJ-2026-DC-ERMO,1,选择题,,整题,e6faa50aa91ae10e,不明,MAYBE,MAYBE,COLLECTED,MAYBE,MAYBE,OUT,OUT,OUT,OUT,完整题-选择题照收,E1,逐题已匹配正式评分材料,,,,,,BJ-2026-DC-ERMO-Q1,2026-09-24-attribution-v3,classify.py:classified_prod.jsonl+matrix.csv+exam_identity.json+skill_overrides.json,no
BJ-2026-DC-ERMO-Q16,BJ-2026-DC-ERMO-Q16,BJ-2026-DC-ERMO,BJ-2026-DC-ERMO,16,主观题,,整题,7d91de3a3a77f0b7,倾向,OUT,MAYBE,OUT,COLLECTED,COLLECTED,MAYBE,MAYBE,OUT,OUT,待裁决-证据未核实,待裁决-证据未核实候选,该题正式评分材料候选存在候选/存在冲突，未确认匹配，不下判,,,,,,BJ-2026-DC-ERMO-Q16,2026-09-24-attribution-v3,classify.py:classified_prod.jsonl+matrix.csv+exam_identity.json+skill_overrides.json,no
BJ-2026-DC-ERMO-Q17,BJ-2026-DC-ERMO-Q17,BJ-2026-DC-ERMO,BJ-2026-DC-ERMO,17,主观题,,整题,215c5fd3f7cfa483,倾向,MAYBE,MAYBE,COLLECTED,MAYBE,MAYBE,MAYBE,MAYBE,MAYBE,MAYBE,完整题-有E1,E1,逐题已匹配正式评分材料,B1:rubric_unreadable_not_OUT;B2:rubric_unreadable_not_OUT;PH:rubric_unreadable_not_OUT;CU:rubric_unreadable_not_OUT;X1:rubric_unreadable_not_OUT;MI:rubric_unreadable_not_OUT;RE:rubric_unreadable_not_OUT,,,,,BJ-2026-DC-ERMO-Q17,2026-09-24-attribution-v3,classify.py:classified_prod.jsonl+matrix.csv+exam_identity.json+skill_overrides.json,no
BJ-2026-DC-ERMO-Q18,BJ-2026-DC-ERMO-Q18,BJ-2026-DC-ERMO,BJ-2026-DC-ERMO,18,主观题,,整题,0f1b43d868e3ea96,倾向,MAYBE,MAYBE,MAYBE,MAYBE,MAYBE,MAYBE,MAYBE,COLLECTED,COLLECTED,完整题-有E1,E1,逐题已匹配正式评分材料,B1:rubric_unreadable_not_OUT;B2:rubric_unreadable_not_OUT;B3:rubric_unreadable_not_OUT;PH:rubric_unreadable_not_OUT;CU:rubric_unreadable_not_OUT,,,,,BJ-2026-DC-ERMO-Q18,2026-09-24-attribution-v3,classify.py:classified_prod.jsonl+matrix.csv+exam_identity.json+skill_overrides.json,no
BJ-2026-DC-ERMO-Q20#1,BJ-2026-DC-ERMO-Q20,BJ-2026-DC-ERMO,BJ-2026-DC-ERMO,20,主观题,1,小问,6767781f0ce9b6ff,倾向,OUT,COLLECTED,OUT,OUT,OUT,COLLECTED,MAYBE,OUT,OUT,完整题-有E1,E1,逐题已匹配正式评分材料,,,,,,BJ-2026-DC-ERMO-Q20,2026-09-24-attribution-v3,classify.py:classified_prod.jsonl+matrix.csv+exam_identity.json+skill_overrides.json,no
BJ-2026-DC-ERMO-Q20#2,BJ-2026-DC-ERMO-Q20,BJ-2026-DC-ERMO,BJ-2026-DC-ERMO,20,主观题,2,小问,518080b67b3c22a7,倾向,OUT,COLLECTED,OUT,OUT,OUT,COLLECTED,MAYBE,OUT,OUT,完整题-有E1,E1,逐题已匹配正式评分材料,,,,,,BJ-2026-DC-ERMO-Q20,2026-09-24-attribution-v3,classify.py:classified_prod.jsonl+matrix.csv+exam_identity.json+skill_overrides.json,no
BJ-2026-DC-ERMO-Q20#3,BJ-2026-DC-ERMO-Q20,BJ-2026-DC-ERMO,BJ-2026-DC-ERMO,20,主观题,3,小问,dac21d5629ce56db,倾向,OUT,COLLECTED,OUT,OUT,OUT,COLLECTED,MAYBE,OUT,OUT,完整题-有E1,E1,逐题已匹配正式评分材料,,,,,,BJ-2026-DC-ERMO-Q20,2026-09-24-attribution-v3,classify.py:classified_prod.jsonl+matrix.csv+exam_identity.json+skill_overrides.json,no
BJ-2026-DC-ERMO-Q2,BJ-2026-DC-ERMO-Q2,BJ-2026-DC-ERMO,BJ-2026-DC-ERMO,2,选择题,,整题,e7f7cb271cd91507,倾向,OUT,MAYBE,MAYBE,COLLECTED,COLLECTED,OUT,OUT,COLLECTED,MAYBE,完整题-选择题照收,E3,该题正式评分材料候选存在候选/存在冲突，未确认匹配，不下判（同时已有匹配参考答案，选择题按E3计，正式评分材料候选仍待核实）,,,,MI,,BJ-2026-DC-ERMO-Q2,2026-09-24-attribution-v3,classify.py:classified_prod.jsonl+matrix.csv+exam_identity.json+skill_overrides.json,no
BJ-2026-DC-ERMO-Q21,BJ-2026-DC-ERMO-Q21,BJ-2026-DC-ERMO,BJ-2026-DC-ERMO,21,主观题,,整题,7e58b12b93c0bd7e,不明,MAYBE,COLLECTED,COLLECTED,COLLECTED,COLLECTED,MAYBE,MAYBE,COLLECTED,MAYBE,完整题-有E1,E1,逐题已匹配正式评分材料,,,,,,BJ-2026-DC-ERMO-Q21,2026-09-24-attribution-v3,classify.py:classified_prod.jsonl+matrix.csv+exam_identity.json+skill_overrides.json,no
BJ-2026-DC-ERMO-Q3,BJ-2026-DC-ERMO-Q3,BJ-2026-DC-ERMO,BJ-2026-DC-ERMO,3,选择题,,整题,93409fc81d5ad657,倾向,OUT,COLLECTED,MAYBE,COLLECTED,MAYBE,OUT,OUT,COLLECTED,MAYBE,完整题-选择题照收,E3,该题正式评分材料候选存在候选/存在冲突，未确认匹配，不下判（同时已有匹配参考答案，选择题按E3计，正式评分材料候选仍待核实）,,,,,,BJ-2026-DC-ERMO-Q3,2026-09-24-attribution-v3,classify.py:classified_prod.jsonl+matrix.csv+exam_identity.json+skill_overrides.json,no
BJ-2026-DC-ERMO-Q4,BJ-2026-DC-ERMO-Q4,BJ-2026-DC-ERMO,BJ-2026-DC-ERMO,4,选择题,,整题,a483480b15de2a6e,不明,OUT,MAYBE,MAYBE,COLLECTED,MAYBE,OUT,MAYBE,COLLECTED,MAYBE,完整题-选择题照收,E3,该题正式评分材料候选存在候选/存在冲突，未确认匹配，不下判（同时已有匹配参考答案，选择题按E3计，正式评分材料候选仍待核实）,,,,,,BJ-2026-DC-ERMO-Q4,2026-09-24-attribution-v3,classify.py:classified_prod.jsonl+matrix.csv+exam_identity.json+skill_overrides.json,no
BJ-2026-DC-ERMO-Q5,BJ-2026-DC-ERMO-Q5,BJ-2026-DC-ERMO,BJ-2026-DC-ERMO,5,选择题,,整题,b47c2ed125ea6924,倾向,OUT,MAYBE,MAYBE,COLLECTED,MAYBE,OUT,OUT,COLLECTED,COLLECTED,完整题-选择题照收,E3,该题正式评分材料候选存在候选/存在冲突，未确认匹配，不下判（同时已有匹配参考答案，选择题按E3计，正式评分材料候选仍待核实）,,,,,,BJ-2026-DC-ERMO-Q5,2026-09-24-attribution-v3,classify.py:classified_prod.jsonl+matrix.csv+exam_identity.json+skill_overrides.json,no
BJ-2026-DC-ERMO-Q6,BJ-2026-DC-ERMO-Q6,BJ-2026-DC-ERMO,BJ-2026-DC-ERMO,6,选择题,,整题,a0a9644bf8212d26,不明,OUT,COLLECTED,MAYBE,MAYBE,MAYBE,COLLECTED,OUT,MAYBE,MAYBE,完整题-选择题照收,E3,该题正式评分材料候选存在候选/存在冲突，未确认匹配，不下判（同时已有匹配参考答案，选择题按E3计，正式评分材料候选仍待核实）,,,,X1,,BJ-2026-DC-ERMO-Q6,2026-09-24-attribution-v3,classify.py:classified_prod.jsonl+matrix.csv+exam_identity.json+skill_overrides.json,no
BJ-2026-DC-ERMO-Q7,BJ-2026-DC-ERMO-Q7,BJ-2026-DC-ERMO,BJ-2026-DC-ERMO,7,选择题,,整题,a5f92c402a36d7bd,不明,OUT,COLLECTED,MAYBE,MAYBE,MAYBE,OUT,OUT,MAYBE,MAYBE,完整题-选择题照收,E3,该题正式评分材料候选存在候选/存在冲突，未确认匹配，不下判（同时已有匹配参考答案，选择题按E3计，正式评分材料候选仍待核实）,,,,,,BJ-2026-DC-ERMO-Q7,2026-09-24-attribution-v3,classify.py:classified_prod.jsonl+matrix.csv+exam_identity.json+skill_overrides.json,no
BJ-2026-DC-ERMO-Q8,BJ-2026-DC-ERMO-Q8,BJ-2026-DC-ERMO,BJ-2026-DC-ERMO,8,选择题,,整题,63f098e5123e721b,倾向,OUT,IN,COLLECTED,MAYBE,OUT,OUT,OUT,OUT,OUT,完整题-选择题照收,E3,该题正式评分材料候选存在候选/存在冲突，未确认匹配，不下判（同时已有匹配参考答案，选择题按E3计，正式评分材料候选仍待核实）,,,,,,BJ-2026-DC-ERMO-Q8,2026-09-24-attribution-v3,classify.py:classified_prod.jsonl+matrix.csv+exam_identity.json+skill_overrides.json,no
BJ-2026-DC-ERMO-Q9,BJ-2026-DC-ERMO-Q9,BJ-2026-DC-ERMO,BJ-2026-DC-ERMO,9,选择题,,整题,712d614766f54f15,不明,OUT,MAYBE,COLLECTED,MAYBE,MAYBE,OUT,MAYBE,OUT,OUT,完整题-选择题照收,E3,该题正式评分材料候选存在候选/存在冲突，未确认匹配，不下判（同时已有匹配参考答案，选择题按E3计，正式评分材料候选仍待核实）,,,,,,BJ-2026-DC-ERMO-Q9,2026-09-24-attribution-v3,classify.py:classified_prod.jsonl+matrix.csv+exam_identity.json+skill_overrides.json,no
BJ-2026-DC-ERMO-Q10,BJ-2026-DC-ERMO-Q10,BJ-2026-DC-ERMO,BJ-2026-DC-ERMO,10,选择题,,整题,c9b33f18e1400174,倾向,OUT,MAYBE,MAYBE,OUT,OUT,OUT,COLLECTED,OUT,OUT,完整题-选择题照收,E3,该题正式评分材料候选存在候选/存在冲突，未确认匹配，不下判（同时已有匹配参考答案，选择题按E3计，正式评分材料候选仍待核实）,,,,,,BJ-2026-DC-ERMO-Q10,2026-09-24-attribution-v3,classify.py:classified_prod.jsonl+matrix.csv+exam_identity.json+skill_overrides.json,no
BJ-2026-DC-ERMO-Q11,BJ-2026-DC-ERMO-Q11,BJ-2026-DC-ERMO,BJ-2026-DC-ERMO,11,选择题,,整题,0ae269086f75bb9c,倾向,OUT,MAYBE,COLLECTED,OUT,OUT,OUT,COLLECTED,OUT,OUT,完整题-选择题照收,E3,该题正式评分材料候选存在候选/存在冲突，未确认匹配，不下判（同时已有匹配参考答案，选择题按E3计，正式评分材料候选仍待核实）,,,,,,BJ-2026-DC-ERMO-Q11,2026-09-24-attribution-v3,classify.py:classified_prod.jsonl+matrix.csv+exam_identity.json+skill_overrides.json,no
BJ-2026-DC-ERMO-Q12,BJ-2026-DC-ERMO-Q12,BJ-2026-DC-ERMO,BJ-2026-DC-ERMO,12,选择题,,整题,66d0293a88b2f13f,不明,OUT,MAYBE,MAYBE,OUT,OUT,OUT,MAYBE,MAYBE,COLLECTED,完整题-选择题照收,E3,该题正式评分材料候选存在候选/存在冲突，未确认匹配，不下判（同时已有匹配参考答案，选择题按E3计，正式评分材料候选仍待核实）,,,,,,BJ-2026-DC-ERMO-Q12,2026-09-24-attribution-v3,classify.py:classified_prod.jsonl+matrix.csv+exam_identity.json+skill_overrides.json,no
BJ-2026-DC-ERMO-Q13,BJ-2026-DC-ERMO-Q13,BJ-2026-DC-ERMO,BJ-2026-DC-ERMO,13,选择题,,整题,5b6870ee2502233b,倾向,OUT,MAYBE,MAYBE,OUT,OUT,OUT,OUT,MAYBE,COLLECTED,完整题-选择题照收,答案键来源未核实(候选未确认),该题正式评分材料候选存在候选/存在冲突，未确认匹配，不下判,,,,,,BJ-2026-DC-ERMO-Q13,2026-09-24-attribution-v3,classify.py:classified_prod.jsonl+matrix.csv+exam_identity.json+skill_overrides.json,no
BJ-2026-DC-ERMO-Q14,BJ-2026-DC-ERMO-Q14,BJ-2026-DC-ERMO,BJ-2026-DC-ERMO,14,选择题,,整题,e73843d7282c7d9e,不明,MAYBE,COLLECTED,MAYBE,OUT,OUT,COLLECTED,OUT,MAYBE,MAYBE,完整题-选择题照收,E3,该题正式评分材料候选存在候选/存在冲突，未确认匹配，不下判（同时已有匹配参考答案，选择题按E3计，正式评分材料候选仍待核实）,,,,,,BJ-2026-DC-ERMO-Q14,2026-09-24-attribution-v3,classify.py:classified_prod.jsonl+matrix.csv+exam_identity.json+skill_overrides.json,no
BJ-2026-DC-ERMO-Q15,BJ-2026-DC-ERMO-Q15,BJ-2026-DC-ERMO,BJ-2026-DC-ERMO,15,选择题,,整题,90dc6de3ab9347a9,不明,MAYBE,MAYBE,MAYBE,OUT,MAYBE,COLLECTED,OUT,OUT,OUT,完整题-选择题照收,E3,该题正式评分材料候选存在候选/存在冲突，未确认匹配，不下判（同时已有匹配参考答案，选择题按E3计，正式评分材料候选仍待核实）,,,,,,BJ-2026-DC-ERMO-Q15,2026-09-24-attribution-v3,classify.py:classified_prod.jsonl+matrix.csv+exam_identity.json+skill_overrides.json,no
BJ-2026-DC-ERMO-Q19,BJ-2026-DC-ERMO-Q19,BJ-2026-DC-ERMO,BJ-2026-DC-ERMO,19,主观题,,整题,86d6c66302742b29,倾向,MAYBE,MAYBE,MAYBE,MAYBE,MAYBE,MAYBE,COLLECTED,MAYBE,MAYBE,待裁决-证据未核实,待裁决-证据未核实候选,该题正式评分材料候选存在候选/存在冲突，未确认匹配，不下判,B1:rubric_unreadable_not_OUT;B3:rubric_unreadable_not_OUT;PH:rubric_unreadable_not_OUT;CU:rubric_unreadable_not_OUT;X1:rubric_unreadable_not_OUT;MI:rubric_unreadable_not_OUT;RE:rubric_unreadable_not_OUT,,,,,BJ-2026-DC-ERMO-Q19,2026-09-24-attribution-v3,classify.py:classified_prod.jsonl+matrix.csv+exam_identity.json+skill_overrides.json,no
BJ-2026-FT-ERMO-Q2,BJ-2026-FT-ERMO-Q2,BJ-2026-FT-ERMO,BJ-2026-FT-ERMO,2,选择题,,整题,6246f1bdc0216266,不明,OUT,MAYBE,COLLECTED,MAYBE,MAYBE,OUT,OUT,OUT,MAYBE,完整题-选择题照收,E1,逐题已匹配正式评分材料,,,,,,BJ-2026-FT-ERMO-Q2,2026-09-24-attribution-v3,classify.py:classified_prod.jsonl+matrix.csv+exam_identity.json+skill_overrides.json,no
BJ-2026-FT-ERMO-Q3,BJ-2026-FT-ERMO-Q3,BJ-2026-FT-ERMO,BJ-2026-FT-ERMO,3,选择题,,整题,92b4014832ed7df1,不明,OUT,MAYBE,COLLECTED,MAYBE,MAYBE,OUT,MAYBE,MAYBE,MAYBE,完整题-选择题照收,E1,逐题已匹配正式评分材料,,,,,,BJ-2026-FT-ERMO-Q3,2026-09-24-attribution-v3,classify.py:classified_prod.jsonl+matrix.csv+exam_identity.json+skill_overrides.json,no
BJ-2026-FT-ERMO-Q5,BJ-2026-FT-ERMO-Q5,BJ-2026-FT-ERMO,BJ-2026-FT-ERMO,5,选择题,,整题,2e69b975535d40cc,不明,OUT,MAYBE,MAYBE,COLLECTED,COLLECTED,OUT,OUT,MAYBE,MAYBE,完整题-选择题照收,E1,逐题已匹配正式评分材料,,,,,,BJ-2026-FT-ERMO-Q5,2026-09-24-attribution-v3,classify.py:classified_prod.jsonl+matrix.csv+exam_identity.json+skill_overrides.json,no
BJ-2026-FT-ERMO-Q16,BJ-2026-FT-ERMO-Q16,BJ-2026-FT-ERMO,BJ-2026-FT-ERMO,16,主观题,,整题,ed5e504ff66d56f0,不明,OUT,OUT,OUT,COLLECTED,COLLECTED,MAYBE,MAYBE,MAYBE,MAYBE,完整题-有E1,E1,逐题已匹配正式评分材料,,,,,,BJ-2026-FT-ERMO-Q16,2026-09-24-attribution-v3,classify.py:classified_prod.jsonl+matrix.csv+exam_identity.json+skill_overrides.json,no
BJ-2026-FT-ERMO-Q17,BJ-2026-FT-ERMO-Q17,BJ-2026-FT-ERMO,BJ-2026-FT-ERMO,17,主观题,,整题,87a17a87da98ec30,不明,OUT,COLLECTED,COLLECTED,OUT,MAYBE,OUT,MAYBE,MAYBE,MAYBE,完整题-有E1,E1,逐题已匹配正式评分材料,,,,B2,,BJ-2026-FT-ERMO-Q17,2026-09-24-attribution-v3,classify.py:classified_prod.jsonl+matrix.csv+exam_identity.json+skill_overrides.json,no
BJ-2026-FT-ERMO-Q18,BJ-2026-FT-ERMO-Q18,BJ-2026-FT-ERMO,BJ-2026-FT-ERMO,18,主观题,,整题,3b69acced84b5cee,倾向,OUT,OUT,COLLECTED,MAYBE,MAYBE,OUT,COLLECTED,OUT,OUT,完整题-有E1,E1,逐题已匹配正式评分材料,,,,,,BJ-2026-FT-ERMO-Q18,2026-09-24-attribution-v3,classify.py:classified_prod.jsonl+matrix.csv+exam_identity.json+skill_overrides.json,no
BJ-2026-FT-ERMO-Q19,BJ-2026-FT-ERMO-Q19,BJ-2026-FT-ERMO,BJ-2026-FT-ERMO,19,主观题,,整题,7bcea7f6894a8f40,确定,OUT,COLLECTED,OUT,OUT,OUT,OUT,OUT,OUT,OUT,完整题-有E1,E1,逐题已匹配正式评分材料,,,,,,BJ-2026-FT-ERMO-Q19,2026-09-24-attribution-v3,classify.py:classified_prod.jsonl+matrix.csv+exam_identity.json+skill_overrides.json,no
BJ-2026-FT-ERMO-Q21,BJ-2026-FT-ERMO-Q21,BJ-2026-FT-ERMO,BJ-2026-FT-ERMO,21,主观题,,整题,cf5148e9557d0d96,倾向,OUT,MAYBE,OUT,OUT,OUT,OUT,OUT,COLLECTED,OUT,完整题-有E1,E1,逐题已匹配正式评分材料,,,,,,BJ-2026-FT-ERMO-Q21,2026-09-24-attribution-v3,classify.py:classified_prod.jsonl+matrix.csv+exam_identity.json+skill_overrides.json,no
BJ-2026-FT-ERMO-Q22,BJ-2026-FT-ERMO-Q22,BJ-2026-FT-ERMO,BJ-2026-FT-ERMO,22,主观题,,整题,ee6999fb5f1ab42e,不明,MAYBE,COLLECTED,COLLECTED,MAYBE,MAYBE,MAYBE,MAYBE,MAYBE,MAYBE,完整题-有E1,E1,逐题已匹配正式评分材料,"关联但不合并(疑似跨卷复用/串题,非duplicate_registration_alias):dup_of=BJ-2025-BJ-GAOKAO-Q21",BJ-2025-BJ-GAOKAO-Q21,bixiu2;bixiu3,,,BJ-2026-FT-ERMO-Q22,2026-09-24-attribution-v3,classify.py:classified_prod.jsonl+matrix.csv+exam_identity.json+skill_overrides.json,no
BJ-2026-FT-ERMO-Q1,BJ-2026-FT-ERMO-Q1,BJ-2026-FT-ERMO,BJ-2026-FT-ERMO,1,选择题,,整题,dd3a849351dfa827,倾向,IN,MAYBE,COLLECTED,COLLECTED,MAYBE,OUT,OUT,OUT,OUT,完整题-选择题照收,答案键来源未核实(候选未确认),该题正式评分材料候选存在候选/存在冲突，未确认匹配，不下判,,,,,,BJ-2026-FT-ERMO-Q1,2026-09-24-attribution-v3,classify.py:classified_prod.jsonl+matrix.csv+exam_identity.json+skill_overrides.json,no
BJ-2026-FT-ERMO-Q4,BJ-2026-FT-ERMO-Q4,BJ-2026-FT-ERMO,BJ-2026-FT-ERMO,4,选择题,,整题,47bf2845f16c9a6a,不明,OUT,MAYBE,MAYBE,COLLECTED,MAYBE,MAYBE,OUT,MAYBE,MAYBE,完整题-选择题照收,答案键来源未核实(候选未确认),该题正式评分材料候选存在候选/存在冲突，未确认匹配，不下判,,,,,,BJ-2026-FT-ERMO-Q4,2026-09-24-attribution-v3,classify.py:classified_prod.jsonl+matrix.csv+exam_identity.json+skill_overrides.json,no
BJ-2026-FT-ERMO-Q6,BJ-2026-FT-ERMO-Q6,BJ-2026-FT-ERMO,BJ-2026-FT-ERMO,6,选择题,,整题,424e303f1c750ac4,不明,OUT,MAYBE,MAYBE,COLLECTED,MAYBE,OUT,OUT,MAYBE,MAYBE,完整题-选择题照收,答案键来源未核实(候选未确认),该题正式评分材料候选存在候选/存在冲突，未确认匹配，不下判,,,,,,BJ-2026-FT-ERMO-Q6,2026-09-24-attribution-v3,classify.py:classified_prod.jsonl+matrix.csv+exam_identity.json+skill_overrides.json,no
BJ-2026-FT-ERMO-Q7,BJ-2026-FT-ERMO-Q7,BJ-2026-FT-ERMO,BJ-2026-FT-ERMO,7,选择题,,整题,36c771ded8aed805,不明,OUT,COLLECTED,MAYBE,COLLECTED,MAYBE,OUT,OUT,MAYBE,MAYBE,完整题-选择题照收,答案键来源未核实(候选未确认),该题正式评分材料候选存在候选/存在冲突，未确认匹配，不下判,,,,,,BJ-2026-FT-ERMO-Q7,2026-09-24-attribution-v3,classify.py:classified_prod.jsonl+matrix.csv+exam_identity.json+skill_overrides.json,no
BJ-2026-FT-ERMO-Q14,BJ-2026-FT-ERMO-Q14,BJ-2026-FT-ERMO,BJ-2026-FT-ERMO,14,选择题,,整题,51f54746f817fcac,不明,MAYBE,COLLECTED,MAYBE,OUT,OUT,COLLECTED,OUT,MAYBE,MAYBE,完整题-选择题照收,答案键来源未核实(候选未确认),该题正式评分材料候选存在候选/存在冲突，未确认匹配，不下判,,,,,,BJ-2026-FT-ERMO-Q14,2026-09-24-attribution-v3,classify.py:classified_prod.jsonl+matrix.csv+exam_identity.json+skill_overrides.json,no
BJ-2026-FT-ERMO-Q15,BJ-2026-FT-ERMO-Q15,BJ-2026-FT-ERMO,BJ-2026-FT-ERMO,15,选择题,,整题,d167b0ec6bab02f2,倾向,MAYBE,COLLECTED,MAYBE,OUT,MAYBE,COLLECTED,OUT,OUT,OUT,完整题-选择题照收,答案键来源未核实(候选未确认),该题正式评分材料候选存在候选/存在冲突，未确认匹配，不下判,,,,,,BJ-2026-FT-ERMO-Q15,2026-09-24-attribution-v3,classify.py:classified_prod.jsonl+matrix.csv+exam_identity.json+skill_overrides.json,no
BJ-2026-FS-ERMO-Q17,BJ-2026-FS-ERMO-Q17,BJ-2026-FS-ERMO,BJ-2026-FS-ERMO,17,主观题,,整题,f2fefaf273f81b22,不明,OUT,MAYBE,COLLECTED,MAYBE,MAYBE,OUT,COLLECTED,MAYBE,OUT,完整题-有E1,E1,逐题已匹配正式评分材料,,,,,,BJ-2026-FS-ERMO-Q17,2026-09-24-attribution-v3,classify.py:classified_prod.jsonl+matrix.csv+exam_identity.json+skill_overrides.json,no
BJ-2026-FS-ERMO-Q18#1,BJ-2026-FS-ERMO-Q18,BJ-2026-FS-ERMO,BJ-2026-FS-ERMO,18,主观题,1,小问,945ecdd2a539d32d,倾向,OUT,OUT,OUT,MAYBE,OUT,OUT,COLLECTED,COLLECTED,OUT,完整题-有E1,E1,逐题已匹配正式评分材料,,,,,,BJ-2026-FS-ERMO-Q18,2026-09-24-attribution-v3,classify.py:classified_prod.jsonl+matrix.csv+exam_identity.json+skill_overrides.json,no
BJ-2026-FS-ERMO-Q18#2,BJ-2026-FS-ERMO-Q18,BJ-2026-FS-ERMO,BJ-2026-FS-ERMO,18,主观题,2,小问,ec743ccb4804a108,倾向,OUT,OUT,OUT,MAYBE,OUT,OUT,COLLECTED,COLLECTED,MAYBE,完整题-有E1,E1,逐题已匹配正式评分材料,,,,,,BJ-2026-FS-ERMO-Q18,2026-09-24-attribution-v3,classify.py:classified_prod.jsonl+matrix.csv+exam_identity.json+skill_overrides.json,no
BJ-2026-FS-ERMO-Q19#1,BJ-2026-FS-ERMO-Q19,BJ-2026-FS-ERMO,BJ-2026-FS-ERMO,19,主观题,1,小问,1c7ab470b3aec209,倾向,OUT,COLLECTED,COLLECTED,OUT,OUT,OUT,MAYBE,OUT,MAYBE,完整题-有E1,E1,逐题已匹配正式评分材料,,,,,,BJ-2026-FS-ERMO-Q19,2026-09-24-attribution-v3,classify.py:classified_prod.jsonl+matrix.csv+exam_identity.json+skill_overrides.json,no
BJ-2026-FS-ERMO-Q19#2,BJ-2026-FS-ERMO-Q19,BJ-2026-FS-ERMO,BJ-2026-FS-ERMO,19,主观题,2,小问,f435858ef53cd2a1,不明,MAYBE,COLLECTED,COLLECTED,MAYBE,MAYBE,MAYBE,MAYBE,MAYBE,MAYBE,完整题-有E1,E1,逐题已匹配正式评分材料,,,,,,BJ-2026-FS-ERMO-Q19,2026-09-24-attribution-v3,classify.py:classified_prod.jsonl+matrix.csv+exam_identity.json+skill_overrides.json,no
BJ-2026-FS-ERMO-Q21#1,BJ-2026-FS-ERMO-Q21,BJ-2026-FS-ERMO,BJ-2026-FS-ERMO,21,主观题,1,小问,555de008852dfca9,不明,MAYBE,COLLECTED,COLLECTED,MAYBE,COLLECTED,MAYBE,MAYBE,MAYBE,MAYBE,完整题-有E1,E1,逐题已匹配正式评分材料,,,,,,BJ-2026-FS-ERMO-Q21,2026-09-24-attribution-v3,classify.py:classified_prod.jsonl+matrix.csv+exam_identity.json+skill_overrides.json,no
BJ-2026-FS-ERMO-Q21#2,BJ-2026-FS-ERMO-Q21,BJ-2026-FS-ERMO,BJ-2026-FS-ERMO,21,主观题,2,小问,d6a7590f8e34ca14,不明,MAYBE,COLLECTED,COLLECTED,MAYBE,COLLECTED,MAYBE,MAYBE,MAYBE,MAYBE,完整题-有E1,E1,逐题已匹配正式评分材料,,,,,,BJ-2026-FS-ERMO-Q21,2026-09-24-attribution-v3,classify.py:classified_prod.jsonl+matrix.csv+exam_identity.json+skill_overrides.json,no
BJ-2026-FS-ERMO-Q16#2,BJ-2026-FS-ERMO-Q16,BJ-2026-FS-ERMO,BJ-2026-FS-ERMO,16,主观题,2,小问,a43db461930bd88f,不明,MAYBE,MAYBE,MAYBE,MAYBE,COLLECTED,MAYBE,MAYBE,MAYBE,MAYBE,待裁决-证据未核实,待裁决-证据未核实候选,该题正式评分材料候选存在候选/存在冲突，未确认匹配，不下判,,,,,,BJ-2026-FS-ERMO-Q16,2026-09-24-attribution-v3,classify.py:classified_prod.jsonl+matrix.csv+exam_identity.json+skill_overrides.json,no
BJ-2026-FS-ERMO-Q20,BJ-2026-FS-ERMO-Q20,BJ-2026-FS-ERMO,BJ-2026-FS-ERMO,20,主观题,,整题,1d233ea0185b44c6,倾向,MAYBE,MAYBE,MAYBE,MAYBE,MAYBE,COLLECTED,MAYBE,MAYBE,MAYBE,待裁决-证据未核实,待裁决-证据未核实候选,该题正式评分材料候选存在候选/存在冲突，未确认匹配，不下判,B1:rubric_unreadable_not_OUT;B3:rubric_unreadable_not_OUT;PH:rubric_unreadable_not_OUT;CU:rubric_unreadable_not_OUT;MI:rubric_unreadable_not_OUT;RE:rubric_unreadable_not_OUT,,,,,BJ-2026-FS-ERMO-Q20,2026-09-24-attribution-v3,classify.py:classified_prod.jsonl+matrix.csv+exam_identity.json+skill_overrides.json,no
BJ-2026-FS-ERMO-Q2,BJ-2026-FS-ERMO-Q2,BJ-2026-FS-ERMO,BJ-2026-FS-ERMO,2,选择题,,整题,,不明,OUT,MAYBE,MAYBE,MAYBE,COLLECTED,OUT,OUT,OUT,MAYBE,完整题-选择题照收,答案键来源未核实(候选未确认),该题正式评分材料候选存在候选/存在冲突，未确认匹配，不下判,,,,,,BJ-2026-FS-ERMO-Q2,2026-09-24-attribution-v3,classify.py:classified_prod.jsonl+matrix.csv+exam_identity.json+skill_overrides.json,no
BJ-2026-FS-ERMO-Q3,BJ-2026-FS-ERMO-Q3,BJ-2026-FS-ERMO,BJ-2026-FS-ERMO,3,选择题,,整题,,不明,OUT,MAYBE,MAYBE,MAYBE,COLLECTED,OUT,OUT,MAYBE,MAYBE,完整题-选择题照收,答案键来源未核实(候选未确认),该题正式评分材料候选存在候选/存在冲突，未确认匹配，不下判,,,,,,BJ-2026-FS-ERMO-Q3,2026-09-24-attribution-v3,classify.py:classified_prod.jsonl+matrix.csv+exam_identity.json+skill_overrides.json,no
BJ-2026-FS-ERMO-Q5,BJ-2026-FS-ERMO-Q5,BJ-2026-FS-ERMO,BJ-2026-FS-ERMO,5,选择题,,整题,,不明,OUT,MAYBE,MAYBE,COLLECTED,MAYBE,OUT,OUT,MAYBE,MAYBE,完整题-选择题照收,答案键来源未核实(候选未确认),该题正式评分材料候选存在候选/存在冲突，未确认匹配，不下判,,,,,,BJ-2026-FS-ERMO-Q5,2026-09-24-attribution-v3,classify.py:classified_prod.jsonl+matrix.csv+exam_identity.json+skill_overrides.json,no
BJ-2026-FS-ERMO-Q6,BJ-2026-FS-ERMO-Q6,BJ-2026-FS-ERMO,BJ-2026-FS-ERMO,6,选择题,,整题,,不明,OUT,MAYBE,MAYBE,MAYBE,MAYBE,OUT,OUT,MAYBE,COLLECTED,完整题-选择题照收,答案键来源未核实(候选未确认),该题正式评分材料候选存在候选/存在冲突，未确认匹配，不下判,,,,,,BJ-2026-FS-ERMO-Q6,2026-09-24-attribution-v3,classify.py:classified_prod.jsonl+matrix.csv+exam_identity.json+skill_overrides.json,no
BJ-2026-FS-ERMO-Q7,BJ-2026-FS-ERMO-Q7,BJ-2026-FS-ERMO,BJ-2026-FS-ERMO,7,选择题,,整题,,不明,OUT,MAYBE,MAYBE,MAYBE,MAYBE,OUT,OUT,MAYBE,COLLECTED,完整题-选择题照收,答案键来源未核实(候选未确认),该题正式评分材料候选存在候选/存在冲突，未确认匹配，不下判,,,,,,BJ-2026-FS-ERMO-Q7,2026-09-24-attribution-v3,classify.py:classified_prod.jsonl+matrix.csv+exam_identity.json+skill_overrides.json,no
BJ-2026-FS-ERMO-Q8,BJ-2026-FS-ERMO-Q8,BJ-2026-FS-ERMO,BJ-2026-FS-ERMO,8,选择题,,整题,,倾向,OUT,MAYBE,COLLECTED,MAYBE,OUT,OUT,OUT,OUT,OUT,完整题-选择题照收,答案键来源未核实(候选未确认),该题正式评分材料候选存在候选/存在冲突，未确认匹配，不下判,,,,,,BJ-2026-FS-ERMO-Q8,2026-09-24-attribution-v3,classify.py:classified_prod.jsonl+matrix.csv+exam_identity.json+skill_overrides.json,no
BJ-2026-FS-ERMO-Q12,BJ-2026-FS-ERMO-Q12,BJ-2026-FS-ERMO,BJ-2026-FS-ERMO,12,选择题,,整题,,不明,OUT,COLLECTED,MAYBE,OUT,OUT,OUT,MAYBE,MAYBE,MAYBE,完整题-选择题照收,答案键来源未核实(候选未确认),该题正式评分材料候选存在候选/存在冲突，未确认匹配，不下判,,,,,,BJ-2026-FS-ERMO-Q12,2026-09-24-attribution-v3,classify.py:classified_prod.jsonl+matrix.csv+exam_identity.json+skill_overrides.json,no
BJ-2026-FS-ERMO-Q14,BJ-2026-FS-ERMO-Q14,BJ-2026-FS-ERMO,BJ-2026-FS-ERMO,14,主观题,,整题,,不明,MAYBE,COLLECTED,MAYBE,MAYBE,MAYBE,COLLECTED,MAYBE,MAYBE,MAYBE,待裁决-证据未核实,待裁决-证据未核实候选,该题正式评分材料候选存在候选/存在冲突，未确认匹配，不下判,,,,,,BJ-2026-FS-ERMO-Q14,2026-09-24-attribution-v3,classify.py:classified_prod.jsonl+matrix.csv+exam_identity.json+skill_overrides.json,no
BJ-2026-FS-ERMO-Q1,BJ-2026-FS-ERMO-Q1,BJ-2026-FS-ERMO,BJ-2026-FS-ERMO,1,选择题,,整题,,不明,MAYBE,MAYBE,MAYBE,MAYBE,MAYBE,OUT,OUT,OUT,OUT,完整题-选择题照收,答案键来源未核实(候选未确认),该题正式评分材料候选存在候选/存在冲突，未确认匹配，不下判,,,,,,BJ-2026-FS-ERMO-Q1,2026-09-24-attribution-v3,classify.py:classified_prod.jsonl+matrix.csv+exam_identity.json+skill_overrides.json,no
BJ-2026-CP-ERMO-Q1,BJ-2026-CP-ERMO-Q1,BJ-2026-CP-ERMO,BJ-2026-CP-ERMO,1,选择题,,整题,0de52649d0840ace,不明,IN,MAYBE,COLLECTED,MAYBE,MAYBE,MAYBE,OUT,OUT,OUT,完整题-选择题照收,E3,该题正式评分材料候选存在候选/存在冲突，未确认匹配，不下判（同时已有匹配参考答案，选择题按E3计，正式评分材料候选仍待核实）,,,,,,BJ-2026-CP-ERMO-Q1,2026-09-24-attribution-v3,classify.py:classified_prod.jsonl+matrix.csv+exam_identity.json+skill_overrides.json,no
BJ-2026-CP-ERMO-Q2,BJ-2026-CP-ERMO-Q2,BJ-2026-CP-ERMO,BJ-2026-CP-ERMO,2,选择题,,整题,285e8193da6999bc,不明,OUT,MAYBE,MAYBE,MAYBE,MAYBE,OUT,MAYBE,MAYBE,MAYBE,完整题-选择题照收,E1,逐题已匹配正式评分材料,,,,,,BJ-2026-CP-ERMO-Q2,2026-09-24-attribution-v3,classify.py:classified_prod.jsonl+matrix.csv+exam_identity.json+skill_overrides.json,no
BJ-2026-CP-ERMO-Q3,BJ-2026-CP-ERMO-Q3,BJ-2026-CP-ERMO,BJ-2026-CP-ERMO,3,选择题,,整题,100610f39d1341dc,不明,OUT,MAYBE,MAYBE,IN,MAYBE,OUT,OUT,MAYBE,MAYBE,完整题-选择题照收,E1,逐题已匹配正式评分材料,,,,,,BJ-2026-CP-ERMO-Q3,2026-09-24-attribution-v3,classify.py:classified_prod.jsonl+matrix.csv+exam_identity.json+skill_overrides.json,no
BJ-2026-CP-ERMO-Q4,BJ-2026-CP-ERMO-Q4,BJ-2026-CP-ERMO,BJ-2026-CP-ERMO,4,选择题,,整题,939adec57e2a3aa2,不明,OUT,MAYBE,MAYBE,MAYBE,IN,OUT,OUT,MAYBE,MAYBE,完整题-选择题照收,E3,该题正式评分材料候选存在候选/存在冲突，未确认匹配，不下判（同时已有匹配参考答案，选择题按E3计，正式评分材料候选仍待核实）,,,,,,BJ-2026-CP-ERMO-Q4,2026-09-24-attribution-v3,classify.py:classified_prod.jsonl+matrix.csv+exam_identity.json+skill_overrides.json,no
BJ-2026-CP-ERMO-Q5,BJ-2026-CP-ERMO-Q5,BJ-2026-CP-ERMO,BJ-2026-CP-ERMO,5,选择题,,整题,4593dac4e92e5f08,不明,OUT,MAYBE,MAYBE,MAYBE,MAYBE,OUT,OUT,MAYBE,IN,完整题-选择题照收,E1,逐题已匹配正式评分材料,,,,,,BJ-2026-CP-ERMO-Q5,2026-09-24-attribution-v3,classify.py:classified_prod.jsonl+matrix.csv+exam_identity.json+skill_overrides.json,no
BJ-2026-CP-ERMO-Q6,BJ-2026-CP-ERMO-Q6,BJ-2026-CP-ERMO,BJ-2026-CP-ERMO,6,选择题,,整题,487a1e622a15f6b4,不明,OUT,MAYBE,MAYBE,MAYBE,MAYBE,OUT,OUT,MAYBE,IN,完整题-选择题照收,E1,逐题已匹配正式评分材料,,,,,,BJ-2026-CP-ERMO-Q6,2026-09-24-attribution-v3,classify.py:classified_prod.jsonl+matrix.csv+exam_identity.json+skill_overrides.json,no
BJ-2026-CP-ERMO-Q7,BJ-2026-CP-ERMO-Q7,BJ-2026-CP-ERMO,BJ-2026-CP-ERMO,7,选择题,,整题,f89fbaaeb8d18bad,不明,OUT,MAYBE,MAYBE,MAYBE,MAYBE,OUT,OUT,MAYBE,IN,完整题-选择题照收,E1,逐题已匹配正式评分材料,,,,,,BJ-2026-CP-ERMO-Q7,2026-09-24-attribution-v3,classify.py:classified_prod.jsonl+matrix.csv+exam_identity.json+skill_overrides.json,no
BJ-2026-CP-ERMO-Q8,BJ-2026-CP-ERMO-Q8,BJ-2026-CP-ERMO,BJ-2026-CP-ERMO,8,选择题,,整题,e6ff6466eacb2a37,倾向,OUT,MAYBE,COLLECTED,MAYBE,OUT,OUT,MAYBE,OUT,OUT,完整题-选择题照收,E3,该题正式评分材料候选存在候选/存在冲突，未确认匹配，不下判（同时已有匹配参考答案，选择题按E3计，正式评分材料候选仍待核实）,,,,,,BJ-2026-CP-ERMO-Q8,2026-09-24-attribution-v3,classify.py:classified_prod.jsonl+matrix.csv+exam_identity.json+skill_overrides.json,no
BJ-2026-CP-ERMO-Q9,BJ-2026-CP-ERMO-Q9,BJ-2026-CP-ERMO,BJ-2026-CP-ERMO,9,选择题,,整题,eef9daa326aaa4fa,不明,OUT,MAYBE,COLLECTED,MAYBE,MAYBE,MAYBE,MAYBE,OUT,OUT,完整题-选择题照收,E3,该题正式评分材料候选存在候选/存在冲突，未确认匹配，不下判（同时已有匹配参考答案，选择题按E3计，正式评分材料候选仍待核实）,,,,,,BJ-2026-CP-ERMO-Q9,2026-09-24-attribution-v3,classify.py:classified_prod.jsonl+matrix.csv+exam_identity.json+skill_overrides.json,no
BJ-2026-CP-ERMO-Q10,BJ-2026-CP-ERMO-Q10,BJ-2026-CP-ERMO,BJ-2026-CP-ERMO,10,选择题,,整题,315173b38c87951c,倾向,OUT,MAYBE,MAYBE,OUT,OUT,OUT,IN,OUT,OUT,完整题-选择题照收,E3,该题正式评分材料候选存在候选/存在冲突，未确认匹配，不下判（同时已有匹配参考答案，选择题按E3计，正式评分材料候选仍待核实）,,,,,,BJ-2026-CP-ERMO-Q10,2026-09-24-attribution-v3,classify.py:classified_prod.jsonl+matrix.csv+exam_identity.json+skill_overrides.json,no
BJ-2026-CP-ERMO-Q11,BJ-2026-CP-ERMO-Q11,BJ-2026-CP-ERMO,BJ-2026-CP-ERMO,11,选择题,,整题,c35e69370b077800,倾向,OUT,IN,MAYBE,OUT,OUT,OUT,IN,OUT,OUT,完整题-选择题照收,E3,该题正式评分材料候选存在候选/存在冲突，未确认匹配，不下判（同时已有匹配参考答案，选择题按E3计，正式评分材料候选仍待核实）,,,,,,BJ-2026-CP-ERMO-Q11,2026-09-24-attribution-v3,classify.py:classified_prod.jsonl+matrix.csv+exam_identity.json+skill_overrides.json,no
BJ-2026-CP-ERMO-Q12,BJ-2026-CP-ERMO-Q12,BJ-2026-CP-ERMO,BJ-2026-CP-ERMO,12,选择题,,整题,09d7f0b00be137f4,倾向,OUT,IN,MAYBE,OUT,OUT,OUT,MAYBE,MAYBE,OUT,完整题-选择题照收,E3,该题正式评分材料候选存在候选/存在冲突，未确认匹配，不下判（同时已有匹配参考答案，选择题按E3计，正式评分材料候选仍待核实）,,,,,,BJ-2026-CP-ERMO-Q12,2026-09-24-attribution-v3,classify.py:classified_prod.jsonl+matrix.csv+exam_identity.json+skill_overrides.json,no
BJ-2026-CP-ERMO-Q13,BJ-2026-CP-ERMO-Q13,BJ-2026-CP-ERMO,BJ-2026-CP-ERMO,13,选择题,,整题,00b12a8a5c330409,倾向,OUT,IN,MAYBE,OUT,OUT,OUT,OUT,MAYBE,MAYBE,完整题-选择题照收,E3,该题正式评分材料候选存在候选/存在冲突，未确认匹配，不下判（同时已有匹配参考答案，选择题按E3计，正式评分材料候选仍待核实）,,,,,,BJ-2026-CP-ERMO-Q13,2026-09-24-attribution-v3,classify.py:classified_prod.jsonl+matrix.csv+exam_identity.json+skill_overrides.json,no
BJ-2026-CP-ERMO-Q14,BJ-2026-CP-ERMO-Q14,BJ-2026-CP-ERMO,BJ-2026-CP-ERMO,14,选择题,,整题,fd7400e4b9b6a144,不明,MAYBE,IN,MAYBE,OUT,OUT,MAYBE,OUT,MAYBE,MAYBE,完整题-选择题照收,E3,该题正式评分材料候选存在候选/存在冲突，未确认匹配，不下判（同时已有匹配参考答案，选择题按E3计，正式评分材料候选仍待核实）,,,,,,BJ-2026-CP-ERMO-Q14,2026-09-24-attribution-v3,classify.py:classified_prod.jsonl+matrix.csv+exam_identity.json+skill_overrides.json,no
BJ-2026-CP-ERMO-Q15,BJ-2026-CP-ERMO-Q15,BJ-2026-CP-ERMO,BJ-2026-CP-ERMO,15,选择题,,整题,1969dc7815410809,倾向,MAYBE,IN,MAYBE,OUT,MAYBE,IN,OUT,OUT,OUT,完整题-选择题照收,E3,该题正式评分材料候选存在候选/存在冲突，未确认匹配，不下判（同时已有匹配参考答案，选择题按E3计，正式评分材料候选仍待核实）,,,,,,BJ-2026-CP-ERMO-Q15,2026-09-24-attribution-v3,classify.py:classified_prod.jsonl+matrix.csv+exam_identity.json+skill_overrides.json,no
BJ-2026-CP-ERMO-Q16,BJ-2026-CP-ERMO-Q16,BJ-2026-CP-ERMO,BJ-2026-CP-ERMO,16,主观题,,整题,29f86dc64e4768d3,不明,OUT,MAYBE,MAYBE,MAYBE,MAYBE,OUT,MAYBE,MAYBE,MAYBE,完整题-有E1,E1,逐题已匹配正式评分材料,,,,,,BJ-2026-CP-ERMO-Q16,2026-09-24-attribution-v3,classify.py:classified_prod.jsonl+matrix.csv+exam_identity.json+skill_overrides.json,no
BJ-2026-CP-ERMO-Q17,BJ-2026-CP-ERMO-Q17,BJ-2026-CP-ERMO,BJ-2026-CP-ERMO,17,主观题,,整题,96eb5b1c9e013217,不明,MAYBE,MAYBE,COLLECTED,MAYBE,MAYBE,MAYBE,MAYBE,OUT,MAYBE,完整题-有E1,E1,逐题已匹配正式评分材料,,,,,,BJ-2026-CP-ERMO-Q17,2026-09-24-attribution-v3,classify.py:classified_prod.jsonl+matrix.csv+exam_identity.json+skill_overrides.json,no
BJ-2026-CP-ERMO-Q18,BJ-2026-CP-ERMO-Q18,BJ-2026-CP-ERMO,BJ-2026-CP-ERMO,18,主观题,,整题,a019a962a5e52bd1,倾向,OUT,OUT,MAYBE,OUT,MAYBE,OUT,IN,OUT,MAYBE,完整题-有E1,E1,逐题已匹配正式评分材料,,,,,,BJ-2026-CP-ERMO-Q18,2026-09-24-attribution-v3,classify.py:classified_prod.jsonl+matrix.csv+exam_identity.json+skill_overrides.json,no
BJ-2026-CP-ERMO-Q19,BJ-2026-CP-ERMO-Q19,BJ-2026-CP-ERMO,BJ-2026-CP-ERMO,19,主观题,,整题,2f413807b20c28b9,不明,OUT,MAYBE,MAYBE,MAYBE,MAYBE,MAYBE,MAYBE,MAYBE,MAYBE,完整题-有E1,E1,逐题已匹配正式评分材料,,,,,,BJ-2026-CP-ERMO-Q19,2026-09-24-attribution-v3,classify.py:classified_prod.jsonl+matrix.csv+exam_identity.json+skill_overrides.json,no
BJ-2026-CP-ERMO-Q20,BJ-2026-CP-ERMO-Q20,BJ-2026-CP-ERMO,BJ-2026-CP-ERMO,20,主观题,,整题,da4322e32ca318c7,倾向,OUT,IN,MAYBE,OUT,OUT,OUT,MAYBE,OUT,OUT,完整题-有E1,E1,逐题已匹配正式评分材料,,,,,,BJ-2026-CP-ERMO-Q20,2026-09-24-attribution-v3,classify.py:classified_prod.jsonl+matrix.csv+exam_identity.json+skill_overrides.json,no
BJ-2026-CP-ERMO-Q21,BJ-2026-CP-ERMO-Q21,BJ-2026-CP-ERMO,BJ-2026-CP-ERMO,21,主观题,,整题,14136956daa7298d,不明,MAYBE,MAYBE,OUT,OUT,MAYBE,IN,MAYBE,OUT,MAYBE,完整题-有E1,E1,逐题已匹配正式评分材料,,,,,,BJ-2026-CP-ERMO-Q21,2026-09-24-attribution-v3,classify.py:classified_prod.jsonl+matrix.csv+exam_identity.json+skill_overrides.json,no
BJ-2026-CP-ERMO-Q22,BJ-2026-CP-ERMO-Q22,BJ-2026-CP-ERMO,BJ-2026-CP-ERMO,22,主观题,,整题,37b1131b1103078b,不明,MAYBE,MAYBE,COLLECTED,MAYBE,MAYBE,MAYBE,MAYBE,MAYBE,MAYBE,完整题-有E1,E1,逐题已匹配正式评分材料,,,,,,BJ-2026-CP-ERMO-Q22,2026-09-24-attribution-v3,classify.py:classified_prod.jsonl+matrix.csv+exam_identity.json+skill_overrides.json,no
BJ-2026-CY-ERMO-Q16,BJ-2026-CY-ERMO-Q16,BJ-2026-CY-ERMO,BJ-2026-CY-ERMO,16,主观题,,整题,8844f406a2863d32,不明,OUT,MAYBE,OUT,COLLECTED,MAYBE,OUT,OUT,MAYBE,MAYBE,待裁决-证据未核实,待裁决-证据未核实候选,该题正式评分材料候选存在候选/存在冲突，未确认匹配，不下判,,,,,,BJ-2026-CY-ERMO-Q16,2026-09-24-attribution-v3,classify.py:classified_prod.jsonl+matrix.csv+exam_identity.json+skill_overrides.json,no
BJ-2026-CY-ERMO-Q18,BJ-2026-CY-ERMO-Q18,BJ-2026-CY-ERMO,BJ-2026-CY-ERMO,18,主观题,,整题,2f68c2cff29b7a18,不明,MAYBE,MAYBE,MAYBE,MAYBE,MAYBE,MAYBE,COLLECTED,MAYBE,MAYBE,待裁决-证据未核实,待裁决-证据未核实候选,该题正式评分材料候选存在候选/存在冲突，未确认匹配，不下判,,,,,,BJ-2026-CY-ERMO-Q18,2026-09-24-attribution-v3,classify.py:classified_prod.jsonl+matrix.csv+exam_identity.json+skill_overrides.json,no
BJ-2026-CY-ERMO-Q19#1,BJ-2026-CY-ERMO-Q19,BJ-2026-CY-ERMO,BJ-2026-CY-ERMO,19,主观题,1,小问,3908d3b7ca1b933e,不明,OUT,COLLECTED,MAYBE,OUT,OUT,OUT,MAYBE,MAYBE,COLLECTED,待裁决-证据未核实,待裁决-证据未核实候选,该题正式评分材料候选存在候选/存在冲突，未确认匹配，不下判,,,,,,BJ-2026-CY-ERMO-Q19,2026-09-24-attribution-v3,classify.py:classified_prod.jsonl+matrix.csv+exam_identity.json+skill_overrides.json,no
BJ-2026-CY-ERMO-Q19#2,BJ-2026-CY-ERMO-Q19,BJ-2026-CY-ERMO,BJ-2026-CY-ERMO,19,主观题,2,小问,27fd55dd86d2f5aa,倾向,OUT,COLLECTED,MAYBE,OUT,OUT,OUT,MAYBE,OUT,COLLECTED,待裁决-证据未核实,待裁决-证据未核实候选,该题正式评分材料候选存在候选/存在冲突，未确认匹配，不下判,,,,,,BJ-2026-CY-ERMO-Q19,2026-09-24-attribution-v3,classify.py:classified_prod.jsonl+matrix.csv+exam_identity.json+skill_overrides.json,no
BJ-2026-CY-ERMO-Q1,BJ-2026-CY-ERMO-Q1,BJ-2026-CY-ERMO,BJ-2026-CY-ERMO,1,选择题,,整题,284c64d25101e405,不明,IN,COLLECTED,MAYBE,MAYBE,MAYBE,MAYBE,OUT,OUT,OUT,完整题-选择题照收,E3,该题正式评分材料候选存在候选/存在冲突，未确认匹配，不下判（同时已有匹配参考答案，选择题按E3计，正式评分材料候选仍待核实）,,,,,,BJ-2026-CY-ERMO-Q1,2026-09-24-attribution-v3,classify.py:classified_prod.jsonl+matrix.csv+exam_identity.json+skill_overrides.json,no
BJ-2026-CY-ERMO-Q2,BJ-2026-CY-ERMO-Q2,BJ-2026-CY-ERMO,BJ-2026-CY-ERMO,2,选择题,,整题,0fc82f31df1655dc,不明,OUT,MAYBE,MAYBE,MAYBE,COLLECTED,MAYBE,OUT,OUT,MAYBE,完整题-选择题照收,E3,该题正式评分材料候选存在候选/存在冲突，未确认匹配，不下判（同时已有匹配参考答案，选择题按E3计，正式评分材料候选仍待核实）,,,,,,BJ-2026-CY-ERMO-Q2,2026-09-24-attribution-v3,classify.py:classified_prod.jsonl+matrix.csv+exam_identity.json+skill_overrides.json,no
BJ-2026-CY-ERMO-Q3,BJ-2026-CY-ERMO-Q3,BJ-2026-CY-ERMO,BJ-2026-CY-ERMO,3,选择题,,整题,e450854a1aed8498,不明,OUT,MAYBE,MAYBE,COLLECTED,MAYBE,OUT,MAYBE,COLLECTED,MAYBE,完整题-选择题照收,E3,该题正式评分材料候选存在候选/存在冲突，未确认匹配，不下判（同时已有匹配参考答案，选择题按E3计，正式评分材料候选仍待核实）,,,,,,BJ-2026-CY-ERMO-Q3,2026-09-24-attribution-v3,classify.py:classified_prod.jsonl+matrix.csv+exam_identity.json+skill_overrides.json,no
BJ-2026-CY-ERMO-Q4,BJ-2026-CY-ERMO-Q4,BJ-2026-CY-ERMO,BJ-2026-CY-ERMO,4,选择题,,整题,e6dbf8e954d0aa43,不明,OUT,MAYBE,MAYBE,COLLECTED,MAYBE,MAYBE,OUT,MAYBE,MAYBE,完整题-选择题照收,E3,该题正式评分材料候选存在候选/存在冲突，未确认匹配，不下判（同时已有匹配参考答案，选择题按E3计，正式评分材料候选仍待核实）,,,,,,BJ-2026-CY-ERMO-Q4,2026-09-24-attribution-v3,classify.py:classified_prod.jsonl+matrix.csv+exam_identity.json+skill_overrides.json,no
BJ-2026-CY-ERMO-Q5,BJ-2026-CY-ERMO-Q5,BJ-2026-CY-ERMO,BJ-2026-CY-ERMO,5,选择题,,整题,11621757e2f02749,不明,OUT,MAYBE,MAYBE,COLLECTED,MAYBE,OUT,OUT,COLLECTED,MAYBE,完整题-选择题照收,E3,该题正式评分材料候选存在候选/存在冲突，未确认匹配，不下判（同时已有匹配参考答案，选择题按E3计，正式评分材料候选仍待核实）,,,,,,BJ-2026-CY-ERMO-Q5,2026-09-24-attribution-v3,classify.py:classified_prod.jsonl+matrix.csv+exam_identity.json+skill_overrides.json,no
BJ-2026-CY-ERMO-Q6,BJ-2026-CY-ERMO-Q6,BJ-2026-CY-ERMO,BJ-2026-CY-ERMO,6,选择题,,整题,f83bba294c27ef8c,不明,OUT,IN,MAYBE,MAYBE,MAYBE,OUT,OUT,MAYBE,COLLECTED,完整题-选择题照收,E3,该题正式评分材料候选存在候选/存在冲突，未确认匹配，不下判（同时已有匹配参考答案，选择题按E3计，正式评分材料候选仍待核实）,,,,,,BJ-2026-CY-ERMO-Q6,2026-09-24-attribution-v3,classify.py:classified_prod.jsonl+matrix.csv+exam_identity.json+skill_overrides.json,no
BJ-2026-CY-ERMO-Q7,BJ-2026-CY-ERMO-Q7,BJ-2026-CY-ERMO,BJ-2026-CY-ERMO,7,选择题,,整题,9bf66efb91aa3a8f,不明,OUT,MAYBE,MAYBE,COLLECTED,MAYBE,MAYBE,MAYBE,COLLECTED,MAYBE,完整题-选择题照收,E3,该题正式评分材料候选存在候选/存在冲突，未确认匹配，不下判（同时已有匹配参考答案，选择题按E3计，正式评分材料候选仍待核实）,,,,,,BJ-2026-CY-ERMO-Q7,2026-09-24-attribution-v3,classify.py:classified_prod.jsonl+matrix.csv+exam_identity.json+skill_overrides.json,no
BJ-2026-CY-ERMO-Q8,BJ-2026-CY-ERMO-Q8,BJ-2026-CY-ERMO,BJ-2026-CY-ERMO,8,选择题,,整题,7c44585f5bc04e8d,倾向,OUT,MAYBE,COLLECTED,MAYBE,OUT,OUT,OUT,OUT,OUT,完整题-选择题照收,E3,该题正式评分材料候选存在候选/存在冲突，未确认匹配，不下判（同时已有匹配参考答案，选择题按E3计，正式评分材料候选仍待核实）,,,,,,BJ-2026-CY-ERMO-Q8,2026-09-24-attribution-v3,classify.py:classified_prod.jsonl+matrix.csv+exam_identity.json+skill_overrides.json,no
BJ-2026-CY-ERMO-Q9,BJ-2026-CY-ERMO-Q9,BJ-2026-CY-ERMO,BJ-2026-CY-ERMO,9,选择题,,整题,79f9527d892da8b9,倾向,OUT,MAYBE,COLLECTED,MAYBE,COLLECTED,OUT,MAYBE,OUT,OUT,完整题-选择题照收,E3,该题正式评分材料候选存在候选/存在冲突，未确认匹配，不下判（同时已有匹配参考答案，选择题按E3计，正式评分材料候选仍待核实）,,,,,,BJ-2026-CY-ERMO-Q9,2026-09-24-attribution-v3,classify.py:classified_prod.jsonl+matrix.csv+exam_identity.json+skill_overrides.json,no
BJ-2026-CY-ERMO-Q10,BJ-2026-CY-ERMO-Q10,BJ-2026-CY-ERMO,BJ-2026-CY-ERMO,10,选择题,,整题,3b1d74ebf02d4c86,不明,OUT,MAYBE,MAYBE,MAYBE,MAYBE,OUT,COLLECTED,OUT,OUT,完整题-选择题照收,E3,该题正式评分材料候选存在候选/存在冲突，未确认匹配，不下判（同时已有匹配参考答案，选择题按E3计，正式评分材料候选仍待核实）,,,,,,BJ-2026-CY-ERMO-Q10,2026-09-24-attribution-v3,classify.py:classified_prod.jsonl+matrix.csv+exam_identity.json+skill_overrides.json,no
BJ-2026-CY-ERMO-Q11,BJ-2026-CY-ERMO-Q11,BJ-2026-CY-ERMO,BJ-2026-CY-ERMO,11,选择题,,整题,91ac3ceb1176989b,倾向,OUT,COLLECTED,MAYBE,OUT,OUT,OUT,COLLECTED,OUT,OUT,完整题-选择题照收,E3,该题正式评分材料候选存在候选/存在冲突，未确认匹配，不下判（同时已有匹配参考答案，选择题按E3计，正式评分材料候选仍待核实）,,,,,,BJ-2026-CY-ERMO-Q11,2026-09-24-attribution-v3,classify.py:classified_prod.jsonl+matrix.csv+exam_identity.json+skill_overrides.json,no
BJ-2026-CY-ERMO-Q12,BJ-2026-CY-ERMO-Q12,BJ-2026-CY-ERMO,BJ-2026-CY-ERMO,12,选择题,,整题,6e33a9fac63b3791,不明,OUT,COLLECTED,MAYBE,OUT,OUT,OUT,MAYBE,MAYBE,MAYBE,完整题-选择题照收,E3,该题正式评分材料候选存在候选/存在冲突，未确认匹配，不下判（同时已有匹配参考答案，选择题按E3计，正式评分材料候选仍待核实）,,,,,,BJ-2026-CY-ERMO-Q12,2026-09-24-attribution-v3,classify.py:classified_prod.jsonl+matrix.csv+exam_identity.json+skill_overrides.json,no
BJ-2026-CY-ERMO-Q13,BJ-2026-CY-ERMO-Q13,BJ-2026-CY-ERMO,BJ-2026-CY-ERMO,13,选择题,,整题,b20d2e533a5192bf,倾向,OUT,COLLECTED,MAYBE,OUT,OUT,OUT,OUT,MAYBE,MAYBE,完整题-选择题照收,E3,该题正式评分材料候选存在候选/存在冲突，未确认匹配，不下判（同时已有匹配参考答案，选择题按E3计，正式评分材料候选仍待核实）,,,,,,BJ-2026-CY-ERMO-Q13,2026-09-24-attribution-v3,classify.py:classified_prod.jsonl+matrix.csv+exam_identity.json+skill_overrides.json,no
BJ-2026-CY-ERMO-Q14,BJ-2026-CY-ERMO-Q14,BJ-2026-CY-ERMO,BJ-2026-CY-ERMO,14,选择题,,整题,9c827160bf5abee9,不明,MAYBE,COLLECTED,MAYBE,OUT,OUT,COLLECTED,OUT,MAYBE,MAYBE,完整题-选择题照收,E3,该题正式评分材料候选存在候选/存在冲突，未确认匹配，不下判（同时已有匹配参考答案，选择题按E3计，正式评分材料候选仍待核实）,,,,,,BJ-2026-CY-ERMO-Q14,2026-09-24-attribution-v3,classify.py:classified_prod.jsonl+matrix.csv+exam_identity.json+skill_overrides.json,no
BJ-2026-CY-ERMO-Q15,BJ-2026-CY-ERMO-Q15,BJ-2026-CY-ERMO,BJ-2026-CY-ERMO,15,选择题,,整题,bcc9c5d70ca71afe,不明,MAYBE,COLLECTED,MAYBE,OUT,MAYBE,COLLECTED,MAYBE,OUT,OUT,完整题-选择题照收,E3,该题正式评分材料候选存在候选/存在冲突，未确认匹配，不下判（同时已有匹配参考答案，选择题按E3计，正式评分材料候选仍待核实）,,,,,,BJ-2026-CY-ERMO-Q15,2026-09-24-attribution-v3,classify.py:classified_prod.jsonl+matrix.csv+exam_identity.json+skill_overrides.json,no
BJ-2026-CY-ERMO-Q17,BJ-2026-CY-ERMO-Q17,BJ-2026-CY-ERMO,BJ-2026-CY-ERMO,17,主观题,,整题,c2504fbcdc2f81e8,倾向,OUT,OUT,COLLECTED,MAYBE,OUT,MAYBE,MAYBE,OUT,OUT,待裁决-证据未核实,待裁决-证据未核实候选,该题正式评分材料候选存在候选/存在冲突，未确认匹配，不下判,,,,,,BJ-2026-CY-ERMO-Q17,2026-09-24-attribution-v3,classify.py:classified_prod.jsonl+matrix.csv+exam_identity.json+skill_overrides.json,no
BJ-2026-CY-ERMO-Q20#1,BJ-2026-CY-ERMO-Q20,BJ-2026-CY-ERMO,BJ-2026-CY-ERMO,20,主观题,1,小问,4b2f0d2609c796fd,不明,OUT,MAYBE,OUT,COLLECTED,OUT,COLLECTED,MAYBE,MAYBE,MAYBE,待裁决-证据未核实,待裁决-证据未核实候选,该题正式评分材料候选存在候选/存在冲突，未确认匹配，不下判,,,,,,BJ-2026-CY-ERMO-Q20,2026-09-24-attribution-v3,classify.py:classified_prod.jsonl+matrix.csv+exam_identity.json+skill_overrides.json,no
BJ-2026-CY-ERMO-Q20#2,BJ-2026-CY-ERMO-Q20,BJ-2026-CY-ERMO,BJ-2026-CY-ERMO,20,主观题,2,小问,a6cabbfec5f02bf5,不明,OUT,MAYBE,OUT,COLLECTED,OUT,COLLECTED,MAYBE,MAYBE,MAYBE,待裁决-证据未核实,待裁决-证据未核实候选,该题正式评分材料候选存在候选/存在冲突，未确认匹配，不下判,,,,,,BJ-2026-CY-ERMO-Q20,2026-09-24-attribution-v3,classify.py:classified_prod.jsonl+matrix.csv+exam_identity.json+skill_overrides.json,no
BJ-2026-CY-ERMO-Q21,BJ-2026-CY-ERMO-Q21,BJ-2026-CY-ERMO,BJ-2026-CY-ERMO,21,主观题,,整题,d3c2ec4787a0ba37,不明,MAYBE,MAYBE,COLLECTED,COLLECTED,MAYBE,MAYBE,MAYBE,MAYBE,MAYBE,待裁决-证据未核实,待裁决-证据未核实候选,该题正式评分材料候选存在候选/存在冲突，未确认匹配，不下判,,,,,,BJ-2026-CY-ERMO-Q21,2026-09-24-attribution-v3,classify.py:classified_prod.jsonl+matrix.csv+exam_identity.json+skill_overrides.json,no
BJ-2026-HD-ERMO-Q3,BJ-2026-HD-ERMO-Q3,BJ-2026-HD-ERMO,BJ-2026-HD-ERMO,3,选择题,,整题,3025bac707e415b0,不明,OUT,MAYBE,MAYBE,COLLECTED,MAYBE,OUT,OUT,MAYBE,COLLECTED,完整题-选择题照收,E3,逐题已匹配参考答案,,,,,,BJ-2026-HD-ERMO-Q3,2026-09-24-attribution-v3,classify.py:classified_prod.jsonl+matrix.csv+exam_identity.json+skill_overrides.json,no
BJ-2026-HD-ERMO-Q14,BJ-2026-HD-ERMO-Q14,BJ-2026-HD-ERMO,BJ-2026-HD-ERMO,14,选择题,,整题,25a14b16f5bcc9d3,不明,MAYBE,COLLECTED,MAYBE,OUT,OUT,COLLECTED,OUT,MAYBE,MAYBE,完整题-选择题照收,E3,逐题已匹配参考答案,,,,,,BJ-2026-HD-ERMO-Q14,2026-09-24-attribution-v3,classify.py:classified_prod.jsonl+matrix.csv+exam_identity.json+skill_overrides.json,no
BJ-2026-HD-ERMO-Q13,BJ-2026-HD-ERMO-Q13,BJ-2026-HD-ERMO,BJ-2026-HD-ERMO,13,选择题,,整题,bf9a565de0f37fa5,倾向,OUT,COLLECTED,MAYBE,OUT,OUT,OUT,OUT,MAYBE,MAYBE,完整题-选择题照收,E3,逐题已匹配参考答案,,,,,,BJ-2026-HD-ERMO-Q13,2026-09-24-attribution-v3,classify.py:classified_prod.jsonl+matrix.csv+exam_identity.json+skill_overrides.json,no
BJ-2026-HD-ERMO-Q16,BJ-2026-HD-ERMO-Q16,BJ-2026-HD-ERMO,BJ-2026-HD-ERMO,16,主观题,,整题,0b0e0c22a87f278c,倾向,OUT,OUT,OUT,COLLECTED,OUT,MAYBE,MAYBE,OUT,OUT,不收-无E1,E3,逐题已匹配参考答案,,,,,,BJ-2026-HD-ERMO-Q16,2026-09-24-attribution-v3,classify.py:classified_prod.jsonl+matrix.csv+exam_identity.json+skill_overrides.json,no
BJ-2026-HD-ERMO-Q17,BJ-2026-HD-ERMO-Q17,BJ-2026-HD-ERMO,BJ-2026-HD-ERMO,17,主观题,,整题,32845e67c29669ab,倾向,MAYBE,MAYBE,COLLECTED,MAYBE,MAYBE,MAYBE,MAYBE,MAYBE,MAYBE,不收-无E1,E3,逐题已匹配参考答案,B1:rubric_unreadable_not_OUT;B2:rubric_unreadable_not_OUT;PH:rubric_unreadable_not_OUT;MI:rubric_unreadable_not_OUT;RE:rubric_unreadable_not_OUT,,,,,BJ-2026-HD-ERMO-Q17,2026-09-24-attribution-v3,classify.py:classified_prod.jsonl+matrix.csv+exam_identity.json+skill_overrides.json,no
BJ-2026-HD-ERMO-Q20#1,BJ-2026-HD-ERMO-Q20,BJ-2026-HD-ERMO,BJ-2026-HD-ERMO,20,主观题,1,小问,d8569da9ed458179,倾向,OUT,MAYBE,OUT,OUT,OUT,COLLECTED,MAYBE,OUT,COLLECTED,不收-无E1,E3,逐题已匹配参考答案,,,,,,BJ-2026-HD-ERMO-Q20,2026-09-24-attribution-v3,classify.py:classified_prod.jsonl+matrix.csv+exam_identity.json+skill_overrides.json,no
BJ-2026-HD-ERMO-Q20#2,BJ-2026-HD-ERMO-Q20,BJ-2026-HD-ERMO,BJ-2026-HD-ERMO,20,主观题,2,小问,2ad3fed6aa081eb5,倾向,OUT,MAYBE,OUT,OUT,OUT,COLLECTED,MAYBE,OUT,COLLECTED,不收-无E1,E3,逐题已匹配参考答案,,,,,,BJ-2026-HD-ERMO-Q20,2026-09-24-attribution-v3,classify.py:classified_prod.jsonl+matrix.csv+exam_identity.json+skill_overrides.json,no
BJ-2026-HD-ERMO-Q21,BJ-2026-HD-ERMO-Q21,BJ-2026-HD-ERMO,BJ-2026-HD-ERMO,21,主观题,,整题,8091aecd065ed74a,不明,MAYBE,MAYBE,COLLECTED,COLLECTED,MAYBE,MAYBE,MAYBE,MAYBE,MAYBE,不收-无E1,E3,逐题已匹配参考答案,,,,,,BJ-2026-HD-ERMO-Q21,2026-09-24-attribution-v3,classify.py:classified_prod.jsonl+matrix.csv+exam_identity.json+skill_overrides.json,no
BJ-2026-HD-ERMO-Q1,BJ-2026-HD-ERMO-Q1,BJ-2026-HD-ERMO,BJ-2026-HD-ERMO,1,选择题,,整题,622be2fbd3612b9d,倾向,IN,MAYBE,MAYBE,COLLECTED,MAYBE,OUT,OUT,OUT,OUT,完整题-选择题照收,E3,逐题已匹配参考答案,,,,,,BJ-2026-HD-ERMO-Q1,2026-09-24-attribution-v3,classify.py:classified_prod.jsonl+matrix.csv+exam_identity.json+skill_overrides.json,no
BJ-2026-HD-ERMO-Q2,BJ-2026-HD-ERMO-Q2,BJ-2026-HD-ERMO,BJ-2026-HD-ERMO,2,选择题,,整题,076f2807effe3edb,倾向,OUT,COLLECTED,MAYBE,COLLECTED,COLLECTED,OUT,OUT,OUT,MAYBE,完整题-选择题照收,E3,逐题已匹配参考答案,,,,,,BJ-2026-HD-ERMO-Q2,2026-09-24-attribution-v3,classify.py:classified_prod.jsonl+matrix.csv+exam_identity.json+skill_overrides.json,no
BJ-2026-HD-ERMO-Q4,BJ-2026-HD-ERMO-Q4,BJ-2026-HD-ERMO,BJ-2026-HD-ERMO,4,选择题,,整题,2b20b0ba2afb5b3e,倾向,OUT,MAYBE,MAYBE,COLLECTED,MAYBE,OUT,OUT,OUT,COLLECTED,完整题-选择题照收,E3,逐题已匹配参考答案,,,,,,BJ-2026-HD-ERMO-Q4,2026-09-24-attribution-v3,classify.py:classified_prod.jsonl+matrix.csv+exam_identity.json+skill_overrides.json,no
BJ-2026-HD-ERMO-Q5,BJ-2026-HD-ERMO-Q5,BJ-2026-HD-ERMO,BJ-2026-HD-ERMO,5,选择题,,整题,8c91f080cd537a4d,不明,OUT,MAYBE,MAYBE,MAYBE,MAYBE,OUT,MAYBE,MAYBE,COLLECTED,完整题-选择题照收,E3,逐题已匹配参考答案,,,,,,BJ-2026-HD-ERMO-Q5,2026-09-24-attribution-v3,classify.py:classified_prod.jsonl+matrix.csv+exam_identity.json+skill_overrides.json,no
BJ-2026-HD-ERMO-Q6,BJ-2026-HD-ERMO-Q6,BJ-2026-HD-ERMO,BJ-2026-HD-ERMO,6,选择题,,整题,3a5c3101f74f789b,不明,OUT,MAYBE,MAYBE,MAYBE,MAYBE,OUT,MAYBE,MAYBE,COLLECTED,完整题-选择题照收,E3,逐题已匹配参考答案,,,,,,BJ-2026-HD-ERMO-Q6,2026-09-24-attribution-v3,classify.py:classified_prod.jsonl+matrix.csv+exam_identity.json+skill_overrides.json,no
BJ-2026-HD-ERMO-Q7,BJ-2026-HD-ERMO-Q7,BJ-2026-HD-ERMO,BJ-2026-HD-ERMO,7,选择题,,整题,0999fc4293d323ca,不明,OUT,MAYBE,MAYBE,MAYBE,MAYBE,OUT,OUT,MAYBE,COLLECTED,完整题-选择题照收,E3,逐题已匹配参考答案,,,,,,BJ-2026-HD-ERMO-Q7,2026-09-24-attribution-v3,classify.py:classified_prod.jsonl+matrix.csv+exam_identity.json+skill_overrides.json,no
BJ-2026-HD-ERMO-Q8,BJ-2026-HD-ERMO-Q8,BJ-2026-HD-ERMO,BJ-2026-HD-ERMO,8,选择题,,整题,0c7e3fecc406aa0e,倾向,OUT,MAYBE,COLLECTED,MAYBE,OUT,OUT,OUT,OUT,OUT,完整题-选择题照收,E3,逐题已匹配参考答案,,,,,,BJ-2026-HD-ERMO-Q8,2026-09-24-attribution-v3,classify.py:classified_prod.jsonl+matrix.csv+exam_identity.json+skill_overrides.json,no
BJ-2026-HD-ERMO-Q9,BJ-2026-HD-ERMO-Q9,BJ-2026-HD-ERMO,BJ-2026-HD-ERMO,9,选择题,,整题,775217e3489df87e,不明,OUT,MAYBE,COLLECTED,MAYBE,MAYBE,OUT,MAYBE,OUT,OUT,完整题-选择题照收,E3,逐题已匹配参考答案,,,,,,BJ-2026-HD-ERMO-Q9,2026-09-24-attribution-v3,classify.py:classified_prod.jsonl+matrix.csv+exam_identity.json+skill_overrides.json,no
BJ-2026-HD-ERMO-Q10,BJ-2026-HD-ERMO-Q10,BJ-2026-HD-ERMO,BJ-2026-HD-ERMO,10,选择题,,整题,be799dec29707860,倾向,OUT,IN,MAYBE,OUT,OUT,OUT,COLLECTED,OUT,OUT,完整题-选择题照收,E3,逐题已匹配参考答案,,,,,,BJ-2026-HD-ERMO-Q10,2026-09-24-attribution-v3,classify.py:classified_prod.jsonl+matrix.csv+exam_identity.json+skill_overrides.json,no
BJ-2026-HD-ERMO-Q11,BJ-2026-HD-ERMO-Q11,BJ-2026-HD-ERMO,BJ-2026-HD-ERMO,11,选择题,,整题,60416934cf271777,倾向,OUT,MAYBE,COLLECTED,OUT,OUT,OUT,COLLECTED,OUT,OUT,完整题-选择题照收,E3,逐题已匹配参考答案,,,,,,BJ-2026-HD-ERMO-Q11,2026-09-24-attribution-v3,classify.py:classified_prod.jsonl+matrix.csv+exam_identity.json+skill_overrides.json,no
BJ-2026-HD-ERMO-Q12,BJ-2026-HD-ERMO-Q12,BJ-2026-HD-ERMO,BJ-2026-HD-ERMO,12,选择题,,整题,1dfc9d811c724883,不明,OUT,COLLECTED,MAYBE,OUT,OUT,OUT,MAYBE,MAYBE,MAYBE,完整题-选择题照收,E3,逐题已匹配参考答案,,,,,,BJ-2026-HD-ERMO-Q12,2026-09-24-attribution-v3,classify.py:classified_prod.jsonl+matrix.csv+exam_identity.json+skill_overrides.json,no
BJ-2026-HD-ERMO-Q15,BJ-2026-HD-ERMO-Q15,BJ-2026-HD-ERMO,BJ-2026-HD-ERMO,15,选择题,,整题,c1f3e4afcffa4313,不明,MAYBE,MAYBE,MAYBE,OUT,MAYBE,COLLECTED,OUT,OUT,OUT,完整题-选择题照收,E3,逐题已匹配参考答案,,,,,,BJ-2026-HD-ERMO-Q15,2026-09-24-attribution-v3,classify.py:classified_prod.jsonl+matrix.csv+exam_identity.json+skill_overrides.json,no
BJ-2026-HD-ERMO-Q18#1,BJ-2026-HD-ERMO-Q18,BJ-2026-HD-ERMO,BJ-2026-HD-ERMO,18,主观题,1,小问,2c9aaa5d74ced084,不明,OUT,MAYBE,MAYBE,OUT,OUT,OUT,COLLECTED,COLLECTED,MAYBE,完整题-有E1,E1,覆盖rubric_links.csv自动匹配：该行被自动标为'仅有参考答案'(E3)，但book-xuanbi-3.md独立核验确认这份材料对Q18(1)实际功能是E1（分析与综合细则曾错配到'减配实验'话题，纠正后E1及答案均为'市场调研'，material_kind应为正式评分材料而非参考答案），已列入回传题库线要求题库线更正material_kind。 | book-xuanbi-3.md:86 2026海淀二模Q18（1）分析与综合细则错配'减配实验'而E1及答案均为'市场调研',,,,,,BJ-2026-HD-ERMO-Q18,2026-09-24-attribution-v3,classify.py:classified_prod.jsonl+matrix.csv+exam_identity.json+skill_overrides.json,no
BJ-2026-HD-ERMO-Q18#2,BJ-2026-HD-ERMO-Q18,BJ-2026-HD-ERMO,BJ-2026-HD-ERMO,18,主观题,2,小问,4cae20ace79363da,不明,OUT,MAYBE,MAYBE,OUT,OUT,OUT,COLLECTED,COLLECTED,MAYBE,不收-无E1,E3,逐题已匹配参考答案,,,,,,BJ-2026-HD-ERMO-Q18,2026-09-24-attribution-v3,classify.py:classified_prod.jsonl+matrix.csv+exam_identity.json+skill_overrides.json,no
BJ-2026-HD-ERMO-Q19,BJ-2026-HD-ERMO-Q19,BJ-2026-HD-ERMO,BJ-2026-HD-ERMO,19,主观题,,整题,b536ccab5bb6a7eb,倾向,OUT,COLLECTED,OUT,OUT,OUT,OUT,MAYBE,OUT,OUT,不收-无E1,E3,逐题已匹配参考答案,,,,,,BJ-2026-HD-ERMO-Q19,2026-09-24-attribution-v3,classify.py:classified_prod.jsonl+matrix.csv+exam_identity.json+skill_overrides.json,no
BJ-2026-SJS-ERMO-Q16,BJ-2026-SJS-ERMO-Q16,BJ-2026-SJS-ERMO,BJ-2026-SJS-ERMO,16,主观题,,整题,cec866e55bb4cf49,倾向,OUT,COLLECTED,OUT,OUT,OUT,MAYBE,OUT,MAYBE,OUT,完整题-有E1,E1,逐题已匹配正式评分材料,,,,,,BJ-2026-SJS-ERMO-Q16,2026-09-24-attribution-v3,classify.py:classified_prod.jsonl+matrix.csv+exam_identity.json+skill_overrides.json,no
BJ-2026-SJS-ERMO-Q17#1,BJ-2026-SJS-ERMO-Q17,BJ-2026-SJS-ERMO,BJ-2026-SJS-ERMO,17,主观题,1,小问,d756e09021ddfaed,不明,OUT,MAYBE,COLLECTED,COLLECTED,OUT,MAYBE,MAYBE,COLLECTED,MAYBE,完整题-有E1,E1,逐题已匹配正式评分材料,,,,,,BJ-2026-SJS-ERMO-Q17,2026-09-24-attribution-v3,classify.py:classified_prod.jsonl+matrix.csv+exam_identity.json+skill_overrides.json,no
BJ-2026-SJS-ERMO-Q17#2,BJ-2026-SJS-ERMO-Q17,BJ-2026-SJS-ERMO,BJ-2026-SJS-ERMO,17,主观题,2,小问,be0d2c60008b5004,不明,OUT,MAYBE,COLLECTED,COLLECTED,OUT,MAYBE,MAYBE,COLLECTED,MAYBE,完整题-有E1,E1,逐题已匹配正式评分材料,,,,,,BJ-2026-SJS-ERMO-Q17,2026-09-24-attribution-v3,classify.py:classified_prod.jsonl+matrix.csv+exam_identity.json+skill_overrides.json,no
BJ-2026-SJS-ERMO-Q17#3,BJ-2026-SJS-ERMO-Q17,BJ-2026-SJS-ERMO,BJ-2026-SJS-ERMO,17,主观题,3,小问,456be0e3ef5833b9,不明,OUT,MAYBE,COLLECTED,COLLECTED,OUT,MAYBE,MAYBE,COLLECTED,MAYBE,完整题-有E1,E1,逐题已匹配正式评分材料,,,,,,BJ-2026-SJS-ERMO-Q17,2026-09-24-attribution-v3,classify.py:classified_prod.jsonl+matrix.csv+exam_identity.json+skill_overrides.json,no
BJ-2026-SJS-ERMO-Q18,BJ-2026-SJS-ERMO-Q18,BJ-2026-SJS-ERMO,BJ-2026-SJS-ERMO,18,主观题,,整题,3afe1cfacea8f196,确定,OUT,OUT,OUT,OUT,OUT,IN,OUT,OUT,OUT,完整题-有E1,E1,逐题已匹配正式评分材料,,,,,,BJ-2026-SJS-ERMO-Q18,2026-09-24-attribution-v3,classify.py:classified_prod.jsonl+matrix.csv+exam_identity.json+skill_overrides.json,no
BJ-2026-SJS-ERMO-Q19,BJ-2026-SJS-ERMO-Q19,BJ-2026-SJS-ERMO,BJ-2026-SJS-ERMO,19,主观题,,整题,ff88b7da204851cc,倾向,OUT,OUT,MAYBE,OUT,OUT,OUT,COLLECTED,OUT,OUT,待裁决-证据未核实,待裁决-证据未核实候选,该题正式评分材料候选存在候选/存在冲突，未确认匹配，不下判,,,,,,BJ-2026-SJS-ERMO-Q19,2026-09-24-attribution-v3,classify.py:classified_prod.jsonl+matrix.csv+exam_identity.json+skill_overrides.json,no
BJ-2026-SJS-ERMO-Q20,BJ-2026-SJS-ERMO-Q20,BJ-2026-SJS-ERMO,BJ-2026-SJS-ERMO,20,主观题,,整题,a66c76d04aabd476,不明,MAYBE,COLLECTED,MAYBE,COLLECTED,COLLECTED,MAYBE,MAYBE,MAYBE,MAYBE,待裁决-证据未核实,待裁决-证据未核实候选,该题正式评分材料候选存在候选/存在冲突，未确认匹配，不下判,,,,,,BJ-2026-SJS-ERMO-Q20,2026-09-24-attribution-v3,classify.py:classified_prod.jsonl+matrix.csv+exam_identity.json+skill_overrides.json,no
BJ-2026-SJS-ERMO-Q1,BJ-2026-SJS-ERMO-Q1,BJ-2026-SJS-ERMO,BJ-2026-SJS-ERMO,1,选择题,,整题,3352c3b5c971e04f,倾向,IN,IN,COLLECTED,COLLECTED,MAYBE,OUT,OUT,OUT,OUT,完整题-选择题照收,E3,该题正式评分材料候选存在候选/存在冲突，未确认匹配，不下判（同时已有匹配参考答案，选择题按E3计，正式评分材料候选仍待核实）,,,,,,BJ-2026-SJS-ERMO-Q1,2026-09-24-attribution-v3,classify.py:classified_prod.jsonl+matrix.csv+exam_identity.json+skill_overrides.json,no
BJ-2026-SJS-ERMO-Q2,BJ-2026-SJS-ERMO-Q2,BJ-2026-SJS-ERMO,BJ-2026-SJS-ERMO,2,选择题,,整题,ced1f751dab1fa5b,倾向,OUT,MAYBE,MAYBE,COLLECTED,COLLECTED,OUT,OUT,COLLECTED,OUT,完整题-选择题照收,E3,该题正式评分材料候选存在候选/存在冲突，未确认匹配，不下判（同时已有匹配参考答案，选择题按E3计，正式评分材料候选仍待核实）,,,,MI,,BJ-2026-SJS-ERMO-Q2,2026-09-24-attribution-v3,classify.py:classified_prod.jsonl+matrix.csv+exam_identity.json+skill_overrides.json,no
BJ-2026-SJS-ERMO-Q3,BJ-2026-SJS-ERMO-Q3,BJ-2026-SJS-ERMO,BJ-2026-SJS-ERMO,3,选择题,,整题,be9f3e05fb6b57fc,不明,MAYBE,MAYBE,MAYBE,COLLECTED,MAYBE,OUT,OUT,MAYBE,MAYBE,完整题-选择题照收,E3,该题正式评分材料候选存在候选/存在冲突，未确认匹配，不下判（同时已有匹配参考答案，选择题按E3计，正式评分材料候选仍待核实）,,,,,,BJ-2026-SJS-ERMO-Q3,2026-09-24-attribution-v3,classify.py:classified_prod.jsonl+matrix.csv+exam_identity.json+skill_overrides.json,no
BJ-2026-SJS-ERMO-Q4,BJ-2026-SJS-ERMO-Q4,BJ-2026-SJS-ERMO,BJ-2026-SJS-ERMO,4,选择题,,整题,90fdff7e3506d224,不明,OUT,COLLECTED,MAYBE,MAYBE,COLLECTED,OUT,OUT,MAYBE,MAYBE,完整题-选择题照收,E3,该题正式评分材料候选存在候选/存在冲突，未确认匹配，不下判（同时已有匹配参考答案，选择题按E3计，正式评分材料候选仍待核实）,,,,,,BJ-2026-SJS-ERMO-Q4,2026-09-24-attribution-v3,classify.py:classified_prod.jsonl+matrix.csv+exam_identity.json+skill_overrides.json,no
BJ-2026-SJS-ERMO-Q5,BJ-2026-SJS-ERMO-Q5,BJ-2026-SJS-ERMO,BJ-2026-SJS-ERMO,5,选择题,,整题,dd7a5cfa94790e61,不明,OUT,MAYBE,MAYBE,MAYBE,COLLECTED,OUT,OUT,COLLECTED,MAYBE,完整题-选择题照收,E3,该题正式评分材料候选存在候选/存在冲突，未确认匹配，不下判（同时已有匹配参考答案，选择题按E3计，正式评分材料候选仍待核实）,,,,,,BJ-2026-SJS-ERMO-Q5,2026-09-24-attribution-v3,classify.py:classified_prod.jsonl+matrix.csv+exam_identity.json+skill_overrides.json,no
BJ-2026-SJS-ERMO-Q6,BJ-2026-SJS-ERMO-Q6,BJ-2026-SJS-ERMO,BJ-2026-SJS-ERMO,6,选择题,,整题,aacc5d255c476d5e,不明,OUT,MAYBE,MAYBE,MAYBE,MAYBE,OUT,OUT,IN,MAYBE,完整题-选择题照收,E3,该题正式评分材料候选存在候选/存在冲突，未确认匹配，不下判（同时已有匹配参考答案，选择题按E3计，正式评分材料候选仍待核实）,,,,,,BJ-2026-SJS-ERMO-Q6,2026-09-24-attribution-v3,classify.py:classified_prod.jsonl+matrix.csv+exam_identity.json+skill_overrides.json,no
BJ-2026-SJS-ERMO-Q7,BJ-2026-SJS-ERMO-Q7,BJ-2026-SJS-ERMO,BJ-2026-SJS-ERMO,7,选择题,,整题,a31f2376f479c0d4,不明,OUT,MAYBE,MAYBE,MAYBE,MAYBE,OUT,MAYBE,MAYBE,COLLECTED,完整题-选择题照收,E3,该题正式评分材料候选存在候选/存在冲突，未确认匹配，不下判（同时已有匹配参考答案，选择题按E3计，正式评分材料候选仍待核实）,,,,,,BJ-2026-SJS-ERMO-Q7,2026-09-24-attribution-v3,classify.py:classified_prod.jsonl+matrix.csv+exam_identity.json+skill_overrides.json,no
BJ-2026-SJS-ERMO-Q8,BJ-2026-SJS-ERMO-Q8,BJ-2026-SJS-ERMO,BJ-2026-SJS-ERMO,8,选择题,,整题,c4ce7ab2ab9b810c,倾向,OUT,MAYBE,COLLECTED,MAYBE,OUT,OUT,MAYBE,OUT,OUT,完整题-选择题照收,E3,该题正式评分材料候选存在候选/存在冲突，未确认匹配，不下判（同时已有匹配参考答案，选择题按E3计，正式评分材料候选仍待核实）,,,,,,BJ-2026-SJS-ERMO-Q8,2026-09-24-attribution-v3,classify.py:classified_prod.jsonl+matrix.csv+exam_identity.json+skill_overrides.json,no
BJ-2026-SJS-ERMO-Q9,BJ-2026-SJS-ERMO-Q9,BJ-2026-SJS-ERMO,BJ-2026-SJS-ERMO,9,选择题,,整题,5717b301f93b90ef,倾向,MAYBE,MAYBE,COLLECTED,COLLECTED,COLLECTED,OUT,MAYBE,OUT,OUT,完整题-选择题照收,E3,该题正式评分材料候选存在候选/存在冲突，未确认匹配，不下判（同时已有匹配参考答案，选择题按E3计，正式评分材料候选仍待核实）,,,,,,BJ-2026-SJS-ERMO-Q9,2026-09-24-attribution-v3,classify.py:classified_prod.jsonl+matrix.csv+exam_identity.json+skill_overrides.json,no
BJ-2026-SJS-ERMO-Q10,BJ-2026-SJS-ERMO-Q10,BJ-2026-SJS-ERMO,BJ-2026-SJS-ERMO,10,选择题,,整题,81864227ca40e107,倾向,OUT,MAYBE,MAYBE,OUT,OUT,OUT,COLLECTED,OUT,OUT,完整题-选择题照收,E3,该题正式评分材料候选存在候选/存在冲突，未确认匹配，不下判（同时已有匹配参考答案，选择题按E3计，正式评分材料候选仍待核实）,,,,,,BJ-2026-SJS-ERMO-Q10,2026-09-24-attribution-v3,classify.py:classified_prod.jsonl+matrix.csv+exam_identity.json+skill_overrides.json,no
BJ-2026-SJS-ERMO-Q11,BJ-2026-SJS-ERMO-Q11,BJ-2026-SJS-ERMO,BJ-2026-SJS-ERMO,11,选择题,,整题,b4b7230b22977fb5,倾向,OUT,IN,MAYBE,OUT,OUT,OUT,COLLECTED,OUT,OUT,完整题-选择题照收,E3,该题正式评分材料候选存在候选/存在冲突，未确认匹配，不下判（同时已有匹配参考答案，选择题按E3计，正式评分材料候选仍待核实）,,,,,,BJ-2026-SJS-ERMO-Q11,2026-09-24-attribution-v3,classify.py:classified_prod.jsonl+matrix.csv+exam_identity.json+skill_overrides.json,no
BJ-2026-SJS-ERMO-Q12,BJ-2026-SJS-ERMO-Q12,BJ-2026-SJS-ERMO,BJ-2026-SJS-ERMO,12,选择题,,整题,7c65878d84f9df8f,不明,OUT,MAYBE,MAYBE,OUT,MAYBE,OUT,COLLECTED,MAYBE,MAYBE,完整题-选择题照收,E3,该题正式评分材料候选存在候选/存在冲突，未确认匹配，不下判（同时已有匹配参考答案，选择题按E3计，正式评分材料候选仍待核实）,,,,,,BJ-2026-SJS-ERMO-Q12,2026-09-24-attribution-v3,classify.py:classified_prod.jsonl+matrix.csv+exam_identity.json+skill_overrides.json,no
BJ-2026-SJS-ERMO-Q13,BJ-2026-SJS-ERMO-Q13,BJ-2026-SJS-ERMO,BJ-2026-SJS-ERMO,13,选择题,,整题,a6c5fcbe71b12151,倾向,OUT,COLLECTED,MAYBE,OUT,OUT,OUT,OUT,MAYBE,MAYBE,完整题-选择题照收,E3,该题正式评分材料候选存在候选/存在冲突，未确认匹配，不下判（同时已有匹配参考答案，选择题按E3计，正式评分材料候选仍待核实）,,,,,,BJ-2026-SJS-ERMO-Q13,2026-09-24-attribution-v3,classify.py:classified_prod.jsonl+matrix.csv+exam_identity.json+skill_overrides.json,no
BJ-2026-SJS-ERMO-Q14,BJ-2026-SJS-ERMO-Q14,BJ-2026-SJS-ERMO,BJ-2026-SJS-ERMO,14,选择题,,整题,53c7f75721ebe6b9,不明,MAYBE,COLLECTED,MAYBE,OUT,OUT,MAYBE,OUT,MAYBE,MAYBE,完整题-选择题照收,E3,该题正式评分材料候选存在候选/存在冲突，未确认匹配，不下判（同时已有匹配参考答案，选择题按E3计，正式评分材料候选仍待核实）,,,,,,BJ-2026-SJS-ERMO-Q14,2026-09-24-attribution-v3,classify.py:classified_prod.jsonl+matrix.csv+exam_identity.json+skill_overrides.json,no
BJ-2026-SJS-ERMO-Q15,BJ-2026-SJS-ERMO-Q15,BJ-2026-SJS-ERMO,BJ-2026-SJS-ERMO,15,选择题,,整题,176ba1ea782b2504,倾向,MAYBE,COLLECTED,MAYBE,OUT,MAYBE,COLLECTED,OUT,OUT,OUT,完整题-选择题照收,E3,该题正式评分材料候选存在候选/存在冲突，未确认匹配，不下判（同时已有匹配参考答案，选择题按E3计，正式评分材料候选仍待核实）,,,,,,BJ-2026-SJS-ERMO-Q15,2026-09-24-attribution-v3,classify.py:classified_prod.jsonl+matrix.csv+exam_identity.json+skill_overrides.json,no
BJ-2026-XC-ERMO-Q16,BJ-2026-XC-ERMO-Q16,BJ-2026-XC-ERMO,BJ-2026-XC-ERMO,16,主观题,,整题,4b9fd0693cb16724,倾向,MAYBE,MAYBE,MAYBE,COLLECTED,COLLECTED,MAYBE,MAYBE,MAYBE,MAYBE,待裁决-证据未核实,待裁决-证据未核实候选,该题正式评分材料候选存在候选/存在冲突，未确认匹配，不下判,B1:rubric_unreadable_not_OUT;B2:rubric_unreadable_not_OUT;B3:rubric_unreadable_not_OUT;MI:rubric_unreadable_not_OUT;RE:rubric_unreadable_not_OUT,,,,,BJ-2026-XC-ERMO-Q16,2026-09-24-attribution-v3,classify.py:classified_prod.jsonl+matrix.csv+exam_identity.json+skill_overrides.json,no
BJ-2026-XC-ERMO-Q17,BJ-2026-XC-ERMO-Q17,BJ-2026-XC-ERMO,BJ-2026-XC-ERMO,17,主观题,,整题,d53f54a762966b73,倾向,MAYBE,COLLECTED,MAYBE,MAYBE,MAYBE,MAYBE,MAYBE,MAYBE,MAYBE,待裁决-证据未核实,待裁决-证据未核实候选,该题正式评分材料候选存在候选/存在冲突，未确认匹配，不下判,B1:rubric_unreadable_not_OUT;B3:rubric_unreadable_not_OUT;PH:rubric_unreadable_not_OUT;CU:rubric_unreadable_not_OUT;X1:rubric_unreadable_not_OUT;MI:rubric_unreadable_not_OUT;RE:rubric_unreadable_not_OUT,,,,,BJ-2026-XC-ERMO-Q17,2026-09-24-attribution-v3,classify.py:classified_prod.jsonl+matrix.csv+exam_identity.json+skill_overrides.json,no
BJ-2026-XC-ERMO-Q19#1,BJ-2026-XC-ERMO-Q19,BJ-2026-XC-ERMO,BJ-2026-XC-ERMO,19,主观题,1,小问,afa2045d6281b105,倾向,OUT,MAYBE,OUT,OUT,OUT,COLLECTED,MAYBE,OUT,MAYBE,待裁决-证据未核实,待裁决-证据未核实候选,该题正式评分材料候选存在候选/存在冲突，未确认匹配，不下判,,,,,,BJ-2026-XC-ERMO-Q19,2026-09-24-attribution-v3,classify.py:classified_prod.jsonl+matrix.csv+exam_identity.json+skill_overrides.json,no
BJ-2026-XC-ERMO-Q19#2,BJ-2026-XC-ERMO-Q19,BJ-2026-XC-ERMO,BJ-2026-XC-ERMO,19,主观题,2,小问,c9315d1428678e23,倾向,OUT,MAYBE,OUT,OUT,OUT,COLLECTED,MAYBE,OUT,MAYBE,待裁决-证据未核实,待裁决-证据未核实候选,该题正式评分材料候选存在候选/存在冲突，未确认匹配，不下判,,,,,,BJ-2026-XC-ERMO-Q19,2026-09-24-attribution-v3,classify.py:classified_prod.jsonl+matrix.csv+exam_identity.json+skill_overrides.json,no
BJ-2026-XC-ERMO-Q20,BJ-2026-XC-ERMO-Q20,BJ-2026-XC-ERMO,BJ-2026-XC-ERMO,20,主观题,,整题,ab79d8661a3b3529,不明,MAYBE,MAYBE,COLLECTED,COLLECTED,MAYBE,MAYBE,MAYBE,MAYBE,MAYBE,待裁决-证据未核实,待裁决-证据未核实候选,该题正式评分材料候选存在候选/存在冲突，未确认匹配，不下判,,,,,,BJ-2026-XC-ERMO-Q20,2026-09-24-attribution-v3,classify.py:classified_prod.jsonl+matrix.csv+exam_identity.json+skill_overrides.json,no
BJ-2026-XC-ERMO-Q1,BJ-2026-XC-ERMO-Q1,BJ-2026-XC-ERMO,BJ-2026-XC-ERMO,1,选择题,,整题,3ded7b9547dc9ef9,倾向,MAYBE,COLLECTED,MAYBE,COLLECTED,MAYBE,OUT,OUT,OUT,OUT,完整题-选择题照收,E3,该题正式评分材料候选存在候选/存在冲突，未确认匹配，不下判（同时已有匹配参考答案，选择题按E3计，正式评分材料候选仍待核实）,,,,,,BJ-2026-XC-ERMO-Q1,2026-09-24-attribution-v3,classify.py:classified_prod.jsonl+matrix.csv+exam_identity.json+skill_overrides.json,no
BJ-2026-XC-ERMO-Q2,BJ-2026-XC-ERMO-Q2,BJ-2026-XC-ERMO,BJ-2026-XC-ERMO,2,选择题,,整题,4fb4ba8e2c9cf2bd,倾向,OUT,MAYBE,MAYBE,COLLECTED,COLLECTED,OUT,OUT,OUT,MAYBE,完整题-选择题照收,E3,该题正式评分材料候选存在候选/存在冲突，未确认匹配，不下判（同时已有匹配参考答案，选择题按E3计，正式评分材料候选仍待核实）,,,,,,BJ-2026-XC-ERMO-Q2,2026-09-24-attribution-v3,classify.py:classified_prod.jsonl+matrix.csv+exam_identity.json+skill_overrides.json,no
BJ-2026-XC-ERMO-Q3,BJ-2026-XC-ERMO-Q3,BJ-2026-XC-ERMO,BJ-2026-XC-ERMO,3,选择题,,整题,719079e7fa3d3eb9,不明,OUT,MAYBE,MAYBE,COLLECTED,MAYBE,OUT,OUT,MAYBE,MAYBE,完整题-选择题照收,E3,该题正式评分材料候选存在候选/存在冲突，未确认匹配，不下判（同时已有匹配参考答案，选择题按E3计，正式评分材料候选仍待核实）,,,,,,BJ-2026-XC-ERMO-Q3,2026-09-24-attribution-v3,classify.py:classified_prod.jsonl+matrix.csv+exam_identity.json+skill_overrides.json,no
BJ-2026-XC-ERMO-Q4,BJ-2026-XC-ERMO-Q4,BJ-2026-XC-ERMO,BJ-2026-XC-ERMO,4,选择题,,整题,f9c413c2c4a9f70e,不明,OUT,MAYBE,MAYBE,COLLECTED,MAYBE,OUT,OUT,MAYBE,MAYBE,完整题-选择题照收,E3,该题正式评分材料候选存在候选/存在冲突，未确认匹配，不下判（同时已有匹配参考答案，选择题按E3计，正式评分材料候选仍待核实）,,,,,,BJ-2026-XC-ERMO-Q4,2026-09-24-attribution-v3,classify.py:classified_prod.jsonl+matrix.csv+exam_identity.json+skill_overrides.json,no
BJ-2026-XC-ERMO-Q5,BJ-2026-XC-ERMO-Q5,BJ-2026-XC-ERMO,BJ-2026-XC-ERMO,5,选择题,,整题,fb1c302b2fbe2a09,不明,OUT,MAYBE,MAYBE,MAYBE,MAYBE,OUT,OUT,MAYBE,COLLECTED,完整题-选择题照收,E3,该题正式评分材料候选存在候选/存在冲突，未确认匹配，不下判（同时已有匹配参考答案，选择题按E3计，正式评分材料候选仍待核实）,,,,,,BJ-2026-XC-ERMO-Q5,2026-09-24-attribution-v3,classify.py:classified_prod.jsonl+matrix.csv+exam_identity.json+skill_overrides.json,no
BJ-2026-XC-ERMO-Q6,BJ-2026-XC-ERMO-Q6,BJ-2026-XC-ERMO,BJ-2026-XC-ERMO,6,选择题,,整题,9f32767914763ce9,不明,OUT,MAYBE,MAYBE,MAYBE,MAYBE,OUT,OUT,COLLECTED,MAYBE,完整题-选择题照收,E3,该题正式评分材料候选存在候选/存在冲突，未确认匹配，不下判（同时已有匹配参考答案，选择题按E3计，正式评分材料候选仍待核实）,,,,,,BJ-2026-XC-ERMO-Q6,2026-09-24-attribution-v3,classify.py:classified_prod.jsonl+matrix.csv+exam_identity.json+skill_overrides.json,no
BJ-2026-XC-ERMO-Q7,BJ-2026-XC-ERMO-Q7,BJ-2026-XC-ERMO,BJ-2026-XC-ERMO,7,选择题,,整题,9313af2f0db4a92f,不明,OUT,MAYBE,COLLECTED,MAYBE,MAYBE,OUT,OUT,MAYBE,MAYBE,完整题-选择题照收,E3,该题正式评分材料候选存在候选/存在冲突，未确认匹配，不下判（同时已有匹配参考答案，选择题按E3计，正式评分材料候选仍待核实）,,,,,,BJ-2026-XC-ERMO-Q7,2026-09-24-attribution-v3,classify.py:classified_prod.jsonl+matrix.csv+exam_identity.json+skill_overrides.json,no
BJ-2026-XC-ERMO-Q8,BJ-2026-XC-ERMO-Q8,BJ-2026-XC-ERMO,BJ-2026-XC-ERMO,8,选择题,,整题,06b62d6abdbb27b2,不明,OUT,MAYBE,COLLECTED,MAYBE,OUT,OUT,MAYBE,OUT,MAYBE,完整题-选择题照收,E3,该题正式评分材料候选存在候选/存在冲突，未确认匹配，不下判（同时已有匹配参考答案，选择题按E3计，正式评分材料候选仍待核实）,,,,,,BJ-2026-XC-ERMO-Q8,2026-09-24-attribution-v3,classify.py:classified_prod.jsonl+matrix.csv+exam_identity.json+skill_overrides.json,no
BJ-2026-XC-ERMO-Q9,BJ-2026-XC-ERMO-Q9,BJ-2026-XC-ERMO,BJ-2026-XC-ERMO,9,选择题,,整题,d4902629e2cec771,倾向,OUT,MAYBE,COLLECTED,MAYBE,MAYBE,OUT,COLLECTED,OUT,OUT,完整题-选择题照收,E3,该题正式评分材料候选存在候选/存在冲突，未确认匹配，不下判（同时已有匹配参考答案，选择题按E3计，正式评分材料候选仍待核实）,,,,,,BJ-2026-XC-ERMO-Q9,2026-09-24-attribution-v3,classify.py:classified_prod.jsonl+matrix.csv+exam_identity.json+skill_overrides.json,no
BJ-2026-XC-ERMO-Q10,BJ-2026-XC-ERMO-Q10,BJ-2026-XC-ERMO,BJ-2026-XC-ERMO,10,选择题,,整题,87973c04d287fa33,倾向,OUT,MAYBE,MAYBE,OUT,OUT,OUT,COLLECTED,OUT,OUT,完整题-选择题照收,E3,该题正式评分材料候选存在候选/存在冲突，未确认匹配，不下判（同时已有匹配参考答案，选择题按E3计，正式评分材料候选仍待核实）,,,,,,BJ-2026-XC-ERMO-Q10,2026-09-24-attribution-v3,classify.py:classified_prod.jsonl+matrix.csv+exam_identity.json+skill_overrides.json,no
BJ-2026-XC-ERMO-Q11,BJ-2026-XC-ERMO-Q11,BJ-2026-XC-ERMO,BJ-2026-XC-ERMO,11,选择题,,整题,ea70565790324c12,倾向,OUT,MAYBE,MAYBE,OUT,OUT,OUT,COLLECTED,OUT,OUT,完整题-选择题照收,E3,该题正式评分材料候选存在候选/存在冲突，未确认匹配，不下判（同时已有匹配参考答案，选择题按E3计，正式评分材料候选仍待核实）,,,,,,BJ-2026-XC-ERMO-Q11,2026-09-24-attribution-v3,classify.py:classified_prod.jsonl+matrix.csv+exam_identity.json+skill_overrides.json,no
BJ-2026-XC-ERMO-Q12,BJ-2026-XC-ERMO-Q12,BJ-2026-XC-ERMO,BJ-2026-XC-ERMO,12,选择题,,整题,8661b0536b737a28,不明,OUT,COLLECTED,MAYBE,OUT,OUT,OUT,MAYBE,MAYBE,MAYBE,完整题-选择题照收,E3,该题正式评分材料候选存在候选/存在冲突，未确认匹配，不下判（同时已有匹配参考答案，选择题按E3计，正式评分材料候选仍待核实）,,,,,,BJ-2026-XC-ERMO-Q12,2026-09-24-attribution-v3,classify.py:classified_prod.jsonl+matrix.csv+exam_identity.json+skill_overrides.json,no
BJ-2026-XC-ERMO-Q13,BJ-2026-XC-ERMO-Q13,BJ-2026-XC-ERMO,BJ-2026-XC-ERMO,13,选择题,,整题,4274192537f21117,倾向,OUT,COLLECTED,MAYBE,OUT,OUT,COLLECTED,OUT,MAYBE,MAYBE,完整题-选择题照收,E3,该题正式评分材料候选存在候选/存在冲突，未确认匹配，不下判（同时已有匹配参考答案，选择题按E3计，正式评分材料候选仍待核实）,,,,,,BJ-2026-XC-ERMO-Q13,2026-09-24-attribution-v3,classify.py:classified_prod.jsonl+matrix.csv+exam_identity.json+skill_overrides.json,no
BJ-2026-XC-ERMO-Q14,BJ-2026-XC-ERMO-Q14,BJ-2026-XC-ERMO,BJ-2026-XC-ERMO,14,选择题,,整题,9d4cbb33779004ca,不明,MAYBE,COLLECTED,MAYBE,OUT,OUT,MAYBE,OUT,MAYBE,MAYBE,完整题-选择题照收,E3,该题正式评分材料候选存在候选/存在冲突，未确认匹配，不下判（同时已有匹配参考答案，选择题按E3计，正式评分材料候选仍待核实）,,,,,,BJ-2026-XC-ERMO-Q14,2026-09-24-attribution-v3,classify.py:classified_prod.jsonl+matrix.csv+exam_identity.json+skill_overrides.json,no
BJ-2026-XC-ERMO-Q15,BJ-2026-XC-ERMO-Q15,BJ-2026-XC-ERMO,BJ-2026-XC-ERMO,15,选择题,,整题,4b9050b05e27ffa5,倾向,MAYBE,COLLECTED,MAYBE,OUT,MAYBE,COLLECTED,OUT,OUT,OUT,完整题-选择题照收,E3,该题正式评分材料候选存在候选/存在冲突，未确认匹配，不下判（同时已有匹配参考答案，选择题按E3计，正式评分材料候选仍待核实）,,,,,,BJ-2026-XC-ERMO-Q15,2026-09-24-attribution-v3,classify.py:classified_prod.jsonl+matrix.csv+exam_identity.json+skill_overrides.json,no
BJ-2026-XC-ERMO-Q18#1,BJ-2026-XC-ERMO-Q18,BJ-2026-XC-ERMO,BJ-2026-XC-ERMO,18,主观题,1,小问,59c22f5c9b83772c,不明,OUT,COLLECTED,COLLECTED,OUT,MAYBE,OUT,COLLECTED,COLLECTED,MAYBE,待裁决-证据未核实,待裁决-证据未核实候选,该题正式评分材料候选存在候选/存在冲突，未确认匹配，不下判,,,,,,BJ-2026-XC-ERMO-Q18,2026-09-24-attribution-v3,classify.py:classified_prod.jsonl+matrix.csv+exam_identity.json+skill_overrides.json,no
BJ-2026-XC-ERMO-Q18#2,BJ-2026-XC-ERMO-Q18,BJ-2026-XC-ERMO,BJ-2026-XC-ERMO,18,主观题,2,小问,2946d11159ae01ca,倾向,OUT,COLLECTED,COLLECTED,OUT,MAYBE,OUT,COLLECTED,COLLECTED,MAYBE,待裁决-证据未核实,待裁决-证据未核实候选,该题正式评分材料候选存在候选/存在冲突，未确认匹配，不下判,,,,,,BJ-2026-XC-ERMO-Q18,2026-09-24-attribution-v3,classify.py:classified_prod.jsonl+matrix.csv+exam_identity.json+skill_overrides.json,no
BJ-2026-XC-ERMO-Q18#3,BJ-2026-XC-ERMO-Q18,BJ-2026-XC-ERMO,BJ-2026-XC-ERMO,18,主观题,3,小问,1438e86eeac5ccd2,不明,OUT,COLLECTED,COLLECTED,OUT,MAYBE,OUT,COLLECTED,COLLECTED,MAYBE,待裁决-证据未核实,待裁决-证据未核实候选,该题正式评分材料候选存在候选/存在冲突，未确认匹配，不下判,,,,,,BJ-2026-XC-ERMO-Q18,2026-09-24-attribution-v3,classify.py:classified_prod.jsonl+matrix.csv+exam_identity.json+skill_overrides.json,no
BJ-2026-XC-ERMO-Q18#4,BJ-2026-XC-ERMO-Q18,BJ-2026-XC-ERMO,BJ-2026-XC-ERMO,18,主观题,4,小问,cb7f44a5fdea6647,不明,OUT,COLLECTED,COLLECTED,OUT,MAYBE,OUT,COLLECTED,COLLECTED,MAYBE,待裁决-证据未核实,待裁决-证据未核实候选,该题正式评分材料候选存在候选/存在冲突，未确认匹配，不下判,,,,,,BJ-2026-XC-ERMO-Q18,2026-09-24-attribution-v3,classify.py:classified_prod.jsonl+matrix.csv+exam_identity.json+skill_overrides.json,no
BJ-2026-SY-ERMO-Q17,BJ-2026-SY-ERMO-Q17,BJ-2026-SY-ERMO,BJ-2026-SY-ERMO,17,主观题,,整题,f24c6c007683ce62,确定,MAYBE,MAYBE,COLLECTED,MAYBE,MAYBE,MAYBE,MAYBE,MAYBE,MAYBE,待裁决-证据未核实,待裁决-证据未核实候选,该题正式评分材料候选存在候选/存在冲突，未确认匹配，不下判,B1:rubric_unreadable_not_OUT;B2:rubric_unreadable_not_OUT;PH:rubric_unreadable_not_OUT;CU:rubric_unreadable_not_OUT;X1:rubric_unreadable_not_OUT;X2:rubric_unreadable_not_OUT;MI:rubric_unreadable_not_OUT;RE:rubric_unreadable_not_OUT,,,,,BJ-2026-SY-ERMO-Q17,2026-09-24-attribution-v3,classify.py:classified_prod.jsonl+matrix.csv+exam_identity.json+skill_overrides.json,no
BJ-2026-SY-ERMO-Q18#1,BJ-2026-SY-ERMO-Q18,BJ-2026-SY-ERMO,BJ-2026-SY-ERMO,18,主观题,1,小问,a20e226052501141,不明,MAYBE,MAYBE,COLLECTED,MAYBE,MAYBE,MAYBE,COLLECTED,COLLECTED,MAYBE,完整题-有E1,E1,逐题已匹配正式评分材料,,,,,,BJ-2026-SY-ERMO-Q18,2026-09-24-attribution-v3,classify.py:classified_prod.jsonl+matrix.csv+exam_identity.json+skill_overrides.json,no
BJ-2026-SY-ERMO-Q18#2,BJ-2026-SY-ERMO-Q18,BJ-2026-SY-ERMO,BJ-2026-SY-ERMO,18,主观题,2,小问,ab4f3467ee94958c,不明,MAYBE,MAYBE,COLLECTED,MAYBE,MAYBE,MAYBE,COLLECTED,COLLECTED,MAYBE,完整题-有E1,E1,逐题已匹配正式评分材料,,,,,,BJ-2026-SY-ERMO-Q18,2026-09-24-attribution-v3,classify.py:classified_prod.jsonl+matrix.csv+exam_identity.json+skill_overrides.json,no
BJ-2026-SY-ERMO-Q20,BJ-2026-SY-ERMO-Q20,BJ-2026-SY-ERMO,BJ-2026-SY-ERMO,20,主观题,,整题,b5d5ccfb12580dc3,不明,MAYBE,MAYBE,MAYBE,MAYBE,MAYBE,IN,MAYBE,MAYBE,MAYBE,完整题-有E1,E1,逐题已匹配正式评分材料,,,,,,BJ-2026-SY-ERMO-Q20,2026-09-24-attribution-v3,classify.py:classified_prod.jsonl+matrix.csv+exam_identity.json+skill_overrides.json,no
BJ-2026-SY-ERMO-Q21,BJ-2026-SY-ERMO-Q21,BJ-2026-SY-ERMO,BJ-2026-SY-ERMO,21,主观题,,整题,427b5cd50aee8ac7,不明,MAYBE,COLLECTED,COLLECTED,COLLECTED,MAYBE,MAYBE,MAYBE,MAYBE,MAYBE,待裁决-证据未核实,待裁决-证据未核实候选,该题正式评分材料候选存在候选/存在冲突，未确认匹配，不下判,,,,,,BJ-2026-SY-ERMO-Q21,2026-09-24-attribution-v3,classify.py:classified_prod.jsonl+matrix.csv+exam_identity.json+skill_overrides.json,no
BJ-2026-SY-ERMO-Q1,BJ-2026-SY-ERMO-Q1,BJ-2026-SY-ERMO,BJ-2026-SY-ERMO,1,选择题,,整题,f22c50911fe72825,倾向,IN,COLLECTED,MAYBE,MAYBE,MAYBE,COLLECTED,OUT,OUT,OUT,完整题-选择题照收,答案键来源未核实(候选未确认),该题正式评分材料候选存在候选/存在冲突，未确认匹配，不下判,,,,X1,,BJ-2026-SY-ERMO-Q1,2026-09-24-attribution-v3,classify.py:classified_prod.jsonl+matrix.csv+exam_identity.json+skill_overrides.json,no
BJ-2026-SY-ERMO-Q2,BJ-2026-SY-ERMO-Q2,BJ-2026-SY-ERMO,BJ-2026-SY-ERMO,2,选择题,,整题,a16ebd5c56400b66,不明,OUT,MAYBE,MAYBE,MAYBE,COLLECTED,OUT,OUT,OUT,MAYBE,完整题-选择题照收,答案键来源未核实(候选未确认),该题正式评分材料候选存在候选/存在冲突，未确认匹配，不下判,,,,,,BJ-2026-SY-ERMO-Q2,2026-09-24-attribution-v3,classify.py:classified_prod.jsonl+matrix.csv+exam_identity.json+skill_overrides.json,no
BJ-2026-SY-ERMO-Q3,BJ-2026-SY-ERMO-Q3,BJ-2026-SY-ERMO,BJ-2026-SY-ERMO,3,选择题,,整题,0b505ea5abc5a558,不明,OUT,MAYBE,MAYBE,COLLECTED,MAYBE,OUT,OUT,MAYBE,MAYBE,完整题-选择题照收,答案键来源未核实(候选未确认),该题正式评分材料候选存在候选/存在冲突，未确认匹配，不下判,,,,,,BJ-2026-SY-ERMO-Q3,2026-09-24-attribution-v3,classify.py:classified_prod.jsonl+matrix.csv+exam_identity.json+skill_overrides.json,no
BJ-2026-SY-ERMO-Q4,BJ-2026-SY-ERMO-Q4,BJ-2026-SY-ERMO,BJ-2026-SY-ERMO,4,选择题,,整题,cf7aefa3710e2393,不明,OUT,COLLECTED,MAYBE,MAYBE,MAYBE,OUT,MAYBE,MAYBE,IN,完整题-选择题照收,答案键来源未核实(候选未确认),该题正式评分材料候选存在候选/存在冲突，未确认匹配，不下判,,,,,,BJ-2026-SY-ERMO-Q4,2026-09-24-attribution-v3,classify.py:classified_prod.jsonl+matrix.csv+exam_identity.json+skill_overrides.json,no
BJ-2026-SY-ERMO-Q5,BJ-2026-SY-ERMO-Q5,BJ-2026-SY-ERMO,BJ-2026-SY-ERMO,5,选择题,,整题,11794205edb614e9,不明,OUT,MAYBE,MAYBE,MAYBE,MAYBE,OUT,OUT,MAYBE,COLLECTED,完整题-选择题照收,答案键来源未核实(候选未确认),该题正式评分材料候选存在候选/存在冲突，未确认匹配，不下判,,,,,,BJ-2026-SY-ERMO-Q5,2026-09-24-attribution-v3,classify.py:classified_prod.jsonl+matrix.csv+exam_identity.json+skill_overrides.json,no
BJ-2026-SY-ERMO-Q6,BJ-2026-SY-ERMO-Q6,BJ-2026-SY-ERMO,BJ-2026-SY-ERMO,6,选择题,,整题,b33f2393783b1794,倾向,OUT,IN,MAYBE,COLLECTED,MAYBE,OUT,OUT,MAYBE,COLLECTED,完整题-选择题照收,答案键来源未核实(候选未确认),该题正式评分材料候选存在候选/存在冲突，未确认匹配，不下判,,,,,,BJ-2026-SY-ERMO-Q6,2026-09-24-attribution-v3,classify.py:classified_prod.jsonl+matrix.csv+exam_identity.json+skill_overrides.json,no
BJ-2026-SY-ERMO-Q7,BJ-2026-SY-ERMO-Q7,BJ-2026-SY-ERMO,BJ-2026-SY-ERMO,7,选择题,,整题,4796ac07dc8cc994,不明,OUT,MAYBE,MAYBE,MAYBE,MAYBE,OUT,OUT,MAYBE,MAYBE,完整题-选择题照收,答案键来源未核实(候选未确认),该题正式评分材料候选存在候选/存在冲突，未确认匹配，不下判,,,,,,BJ-2026-SY-ERMO-Q7,2026-09-24-attribution-v3,classify.py:classified_prod.jsonl+matrix.csv+exam_identity.json+skill_overrides.json,no
BJ-2026-SY-ERMO-Q8,BJ-2026-SY-ERMO-Q8,BJ-2026-SY-ERMO,BJ-2026-SY-ERMO,8,选择题,,整题,ea95c2ca534cecdc,倾向,OUT,COLLECTED,COLLECTED,MAYBE,MAYBE,OUT,OUT,OUT,OUT,完整题-选择题照收,答案键来源未核实(候选未确认),该题正式评分材料候选存在候选/存在冲突，未确认匹配，不下判,,,,,,BJ-2026-SY-ERMO-Q8,2026-09-24-attribution-v3,classify.py:classified_prod.jsonl+matrix.csv+exam_identity.json+skill_overrides.json,no
BJ-2026-SY-ERMO-Q9,BJ-2026-SY-ERMO-Q9,BJ-2026-SY-ERMO,BJ-2026-SY-ERMO,9,选择题,,整题,017e302ffa1c6b7c,不明,OUT,MAYBE,COLLECTED,MAYBE,MAYBE,IN,MAYBE,OUT,OUT,完整题-选择题照收,答案键来源未核实(候选未确认),该题正式评分材料候选存在候选/存在冲突，未确认匹配，不下判,,,,,,BJ-2026-SY-ERMO-Q9,2026-09-24-attribution-v3,classify.py:classified_prod.jsonl+matrix.csv+exam_identity.json+skill_overrides.json,no
BJ-2026-SY-ERMO-Q10,BJ-2026-SY-ERMO-Q10,BJ-2026-SY-ERMO,BJ-2026-SY-ERMO,10,选择题,,整题,a1fbdaa2cbeba01f,倾向,OUT,MAYBE,MAYBE,OUT,OUT,OUT,COLLECTED,OUT,OUT,完整题-选择题照收,答案键来源未核实(候选未确认),该题正式评分材料候选存在候选/存在冲突，未确认匹配，不下判,,,,,,BJ-2026-SY-ERMO-Q10,2026-09-24-attribution-v3,classify.py:classified_prod.jsonl+matrix.csv+exam_identity.json+skill_overrides.json,no
BJ-2026-SY-ERMO-Q11,BJ-2026-SY-ERMO-Q11,BJ-2026-SY-ERMO,BJ-2026-SY-ERMO,11,选择题,,整题,0739bec4aa8f412c,倾向,OUT,MAYBE,MAYBE,OUT,OUT,OUT,COLLECTED,OUT,OUT,完整题-选择题照收,答案键来源未核实(候选未确认),该题正式评分材料候选存在候选/存在冲突，未确认匹配，不下判,,,,,,BJ-2026-SY-ERMO-Q11,2026-09-24-attribution-v3,classify.py:classified_prod.jsonl+matrix.csv+exam_identity.json+skill_overrides.json,no
BJ-2026-SY-ERMO-Q12,BJ-2026-SY-ERMO-Q12,BJ-2026-SY-ERMO,BJ-2026-SY-ERMO,12,选择题,,整题,cad51113806477d3,不明,OUT,COLLECTED,MAYBE,OUT,OUT,OUT,MAYBE,MAYBE,MAYBE,完整题-选择题照收,答案键来源未核实(候选未确认),该题正式评分材料候选存在候选/存在冲突，未确认匹配，不下判,,,,,,BJ-2026-SY-ERMO-Q12,2026-09-24-attribution-v3,classify.py:classified_prod.jsonl+matrix.csv+exam_identity.json+skill_overrides.json,no
BJ-2026-SY-ERMO-Q13,BJ-2026-SY-ERMO-Q13,BJ-2026-SY-ERMO,BJ-2026-SY-ERMO,13,选择题,,整题,ae25cbd7569054fe,倾向,OUT,COLLECTED,MAYBE,OUT,OUT,OUT,OUT,MAYBE,MAYBE,完整题-选择题照收,答案键来源未核实(候选未确认),该题正式评分材料候选存在候选/存在冲突，未确认匹配，不下判,,,,,,BJ-2026-SY-ERMO-Q13,2026-09-24-attribution-v3,classify.py:classified_prod.jsonl+matrix.csv+exam_identity.json+skill_overrides.json,no
BJ-2026-SY-ERMO-Q14,BJ-2026-SY-ERMO-Q14,BJ-2026-SY-ERMO,BJ-2026-SY-ERMO,14,选择题,,整题,a96970dec508f7f5,不明,MAYBE,COLLECTED,MAYBE,OUT,OUT,COLLECTED,OUT,MAYBE,MAYBE,完整题-选择题照收,答案键来源未核实(候选未确认),该题正式评分材料候选存在候选/存在冲突，未确认匹配，不下判,,,,,,BJ-2026-SY-ERMO-Q14,2026-09-24-attribution-v3,classify.py:classified_prod.jsonl+matrix.csv+exam_identity.json+skill_overrides.json,no
BJ-2026-SY-ERMO-Q15,BJ-2026-SY-ERMO-Q15,BJ-2026-SY-ERMO,BJ-2026-SY-ERMO,15,选择题,,整题,3a6a66cccd64b33d,倾向,MAYBE,COLLECTED,MAYBE,OUT,MAYBE,COLLECTED,OUT,OUT,OUT,完整题-选择题照收,答案键来源未核实(候选未确认),该题正式评分材料候选存在候选/存在冲突，未确认匹配，不下判,,,,,,BJ-2026-SY-ERMO-Q15,2026-09-24-attribution-v3,classify.py:classified_prod.jsonl+matrix.csv+exam_identity.json+skill_overrides.json,no
BJ-2026-SY-ERMO-Q16,BJ-2026-SY-ERMO-Q16,BJ-2026-SY-ERMO,BJ-2026-SY-ERMO,16,主观题,,整题,acfa1e7117f7761f,确定,MAYBE,MAYBE,MAYBE,COLLECTED,COLLECTED,MAYBE,MAYBE,MAYBE,MAYBE,待裁决-证据未核实,待裁决-证据未核实候选,该题正式评分材料候选存在候选/存在冲突，未确认匹配，不下判,B1:rubric_unreadable_not_OUT;B2:rubric_unreadable_not_OUT;B3:rubric_unreadable_not_OUT;X1:rubric_unreadable_not_OUT;X2:rubric_unreadable_not_OUT;MI:rubric_unreadable_not_OUT;RE:rubric_unreadable_not_OUT,,,,,BJ-2026-SY-ERMO-Q16,2026-09-24-attribution-v3,classify.py:classified_prod.jsonl+matrix.csv+exam_identity.json+skill_overrides.json,no
BJ-2026-SY-ERMO-Q19,BJ-2026-SY-ERMO-Q19,BJ-2026-SY-ERMO,BJ-2026-SY-ERMO,19,主观题,,整题,a66c1cb656c17b9c,确定,MAYBE,COLLECTED,MAYBE,MAYBE,MAYBE,MAYBE,MAYBE,MAYBE,MAYBE,待裁决-证据未核实,待裁决-证据未核实候选,该题正式评分材料候选存在候选/存在冲突，未确认匹配，不下判,B1:rubric_unreadable_not_OUT;B3:rubric_unreadable_not_OUT;PH:rubric_unreadable_not_OUT;CU:rubric_unreadable_not_OUT;X1:rubric_unreadable_not_OUT;X2:rubric_unreadable_not_OUT;MI:rubric_unreadable_not_OUT;RE:rubric_unreadable_not_OUT,,,,,BJ-2026-SY-ERMO-Q19,2026-09-24-attribution-v3,classify.py:classified_prod.jsonl+matrix.csv+exam_identity.json+skill_overrides.json,no
BJ-2026-DC-QIMO-Q2,BJ-2026-DC-QIMO-Q2,BJ-2026-DC-QIMO,BJ-2026-DC-QIMO,2,选择题,,整题,a385036985eac7ea,倾向,OUT,MAYBE,MAYBE,COLLECTED,COLLECTED,OUT,OUT,OUT,OUT,完整题-选择题照收,E1,逐题已匹配正式评分材料,,,,,,BJ-2026-DC-QIMO-Q2,2026-09-24-attribution-v3,classify.py:classified_prod.jsonl+matrix.csv+exam_identity.json+skill_overrides.json,no
BJ-2026-DC-QIMO-Q3,BJ-2026-DC-QIMO-Q3,BJ-2026-DC-QIMO,BJ-2026-DC-QIMO,3,选择题,,整题,a7f109c467143bb6,不明,OUT,MAYBE,MAYBE,COLLECTED,MAYBE,MAYBE,OUT,OUT,OUT,完整题-选择题照收,E1,逐题已匹配正式评分材料,,,,,,BJ-2026-DC-QIMO-Q3,2026-09-24-attribution-v3,classify.py:classified_prod.jsonl+matrix.csv+exam_identity.json+skill_overrides.json,no
BJ-2026-DC-QIMO-Q16,BJ-2026-DC-QIMO-Q16,BJ-2026-DC-QIMO,BJ-2026-DC-QIMO,16,主观题,,整题,f2d6d4d927536a41,倾向,OUT,OUT,OUT,COLLECTED,COLLECTED,OUT,MAYBE,MAYBE,MAYBE,完整题-有E1,E1,逐题已匹配正式评分材料,,,,,,BJ-2026-DC-QIMO-Q16,2026-09-24-attribution-v3,classify.py:classified_prod.jsonl+matrix.csv+exam_identity.json+skill_overrides.json,no
BJ-2026-DC-QIMO-Q4,BJ-2026-DC-QIMO-Q4,BJ-2026-DC-QIMO,BJ-2026-DC-QIMO,4,选择题,,整题,dcf5de6f0ed11828,倾向,OUT,MAYBE,MAYBE,COLLECTED,MAYBE,OUT,OUT,OUT,OUT,完整题-选择题照收,E1,逐题已匹配正式评分材料,,,,,,BJ-2026-DC-QIMO-Q4,2026-09-24-attribution-v3,classify.py:classified_prod.jsonl+matrix.csv+exam_identity.json+skill_overrides.json,no
BJ-2026-DC-QIMO-Q17#1,BJ-2026-DC-QIMO-Q17,BJ-2026-DC-QIMO,BJ-2026-DC-QIMO,17,主观题,1,小问,b4bb537abec6cb7a,不明,MAYBE,COLLECTED,MAYBE,MAYBE,MAYBE,MAYBE,MAYBE,MAYBE,COLLECTED,完整题-有E1,E1,逐题已匹配正式评分材料,,,,,,BJ-2026-DC-QIMO-Q17,2026-09-24-attribution-v3,classify.py:classified_prod.jsonl+matrix.csv+exam_identity.json+skill_overrides.json,no
BJ-2026-DC-QIMO-Q17#2,BJ-2026-DC-QIMO-Q17,BJ-2026-DC-QIMO,BJ-2026-DC-QIMO,17,主观题,2,小问,4075574280f752dd,不明,MAYBE,COLLECTED,MAYBE,MAYBE,MAYBE,MAYBE,MAYBE,MAYBE,COLLECTED,完整题-有E1,E1,逐题已匹配正式评分材料,,,,,,BJ-2026-DC-QIMO-Q17,2026-09-24-attribution-v3,classify.py:classified_prod.jsonl+matrix.csv+exam_identity.json+skill_overrides.json,no
BJ-2026-DC-QIMO-Q18#1,BJ-2026-DC-QIMO-Q18,BJ-2026-DC-QIMO,BJ-2026-DC-QIMO,18,主观题,1,小问,c5c6f682f985c977,倾向,OUT,OUT,OUT,OUT,OUT,OUT,COLLECTED,OUT,MAYBE,完整题-有E1,E1,逐题已匹配正式评分材料,,,,,,BJ-2026-DC-QIMO-Q18,2026-09-24-attribution-v3,classify.py:classified_prod.jsonl+matrix.csv+exam_identity.json+skill_overrides.json,no
BJ-2026-DC-QIMO-Q18#2,BJ-2026-DC-QIMO-Q18,BJ-2026-DC-QIMO,BJ-2026-DC-QIMO,18,主观题,2,小问,bbc760cdc148f539,倾向,OUT,OUT,OUT,OUT,OUT,OUT,COLLECTED,OUT,MAYBE,完整题-有E1,E1,逐题已匹配正式评分材料,,,,,,BJ-2026-DC-QIMO-Q18,2026-09-24-attribution-v3,classify.py:classified_prod.jsonl+matrix.csv+exam_identity.json+skill_overrides.json,no
BJ-2026-DC-QIMO-Q19,BJ-2026-DC-QIMO-Q19,BJ-2026-DC-QIMO,BJ-2026-DC-QIMO,19,主观题,,整题,dd68763b21f6d118,倾向,OUT,OUT,COLLECTED,MAYBE,OUT,OUT,MAYBE,MAYBE,OUT,完整题-有E1,E1,逐题已匹配正式评分材料,,,,,,BJ-2026-DC-QIMO-Q19,2026-09-24-attribution-v3,classify.py:classified_prod.jsonl+matrix.csv+exam_identity.json+skill_overrides.json,no
BJ-2026-DC-QIMO-Q5,BJ-2026-DC-QIMO-Q5,BJ-2026-DC-QIMO,BJ-2026-DC-QIMO,5,选择题,,整题,e8d0f1d5dd4372d0,不明,OUT,COLLECTED,MAYBE,COLLECTED,MAYBE,MAYBE,OUT,MAYBE,MAYBE,完整题-选择题照收,E1,逐题已匹配正式评分材料,,,,,,BJ-2026-DC-QIMO-Q5,2026-09-24-attribution-v3,classify.py:classified_prod.jsonl+matrix.csv+exam_identity.json+skill_overrides.json,no
BJ-2026-DC-QIMO-Q6,BJ-2026-DC-QIMO-Q6,BJ-2026-DC-QIMO,BJ-2026-DC-QIMO,6,选择题,,整题,7d34b20064a38adf,不明,OUT,MAYBE,MAYBE,MAYBE,MAYBE,MAYBE,MAYBE,OUT,COLLECTED,完整题-选择题照收,E1,逐题已匹配正式评分材料,,,,,,BJ-2026-DC-QIMO-Q6,2026-09-24-attribution-v3,classify.py:classified_prod.jsonl+matrix.csv+exam_identity.json+skill_overrides.json,no
BJ-2026-DC-QIMO-Q21,BJ-2026-DC-QIMO-Q21,BJ-2026-DC-QIMO,BJ-2026-DC-QIMO,21,主观题,,整题,a4c46548a8f8286c,不明,MAYBE,COLLECTED,COLLECTED,COLLECTED,MAYBE,MAYBE,MAYBE,MAYBE,MAYBE,完整题-有E1,E1,逐题已匹配正式评分材料,,,,,,BJ-2026-DC-QIMO-Q21,2026-09-24-attribution-v3,classify.py:classified_prod.jsonl+matrix.csv+exam_identity.json+skill_overrides.json,no
BJ-2026-DC-QIMO-Q1,BJ-2026-DC-QIMO-Q1,BJ-2026-DC-QIMO,BJ-2026-DC-QIMO,1,选择题,,整题,03224c85a8494e20,不明,MAYBE,MAYBE,MAYBE,MAYBE,COLLECTED,OUT,OUT,OUT,OUT,完整题-选择题照收,答案键来源未核实(候选未确认),该题正式评分材料候选存在候选/存在冲突，未确认匹配，不下判,,,,,,BJ-2026-DC-QIMO-Q1,2026-09-24-attribution-v3,classify.py:classified_prod.jsonl+matrix.csv+exam_identity.json+skill_overrides.json,no
BJ-2026-DC-QIMO-Q7,BJ-2026-DC-QIMO-Q7,BJ-2026-DC-QIMO,BJ-2026-DC-QIMO,7,选择题,,整题,3417d212c49a397b,不明,OUT,MAYBE,MAYBE,MAYBE,MAYBE,IN,MAYBE,MAYBE,COLLECTED,完整题-选择题照收,答案键来源未核实(候选未确认),该题正式评分材料候选存在候选/存在冲突，未确认匹配，不下判,,,,,,BJ-2026-DC-QIMO-Q7,2026-09-24-attribution-v3,classify.py:classified_prod.jsonl+matrix.csv+exam_identity.json+skill_overrides.json,no
BJ-2026-DC-QIMO-Q8,BJ-2026-DC-QIMO-Q8,BJ-2026-DC-QIMO,BJ-2026-DC-QIMO,8,选择题,,整题,45ef2eefe650efa8,不明,OUT,MAYBE,COLLECTED,COLLECTED,MAYBE,OUT,OUT,MAYBE,MAYBE,完整题-选择题照收,答案键来源未核实(候选未确认),该题正式评分材料候选存在候选/存在冲突，未确认匹配，不下判,,,,,,BJ-2026-DC-QIMO-Q8,2026-09-24-attribution-v3,classify.py:classified_prod.jsonl+matrix.csv+exam_identity.json+skill_overrides.json,no
BJ-2026-DC-QIMO-Q9,BJ-2026-DC-QIMO-Q9,BJ-2026-DC-QIMO,BJ-2026-DC-QIMO,9,选择题,,整题,fb6d55f8de9aa644,不明,OUT,MAYBE,COLLECTED,MAYBE,MAYBE,MAYBE,MAYBE,MAYBE,MAYBE,完整题-选择题照收,答案键来源未核实(候选未确认),该题正式评分材料候选存在候选/存在冲突，未确认匹配，不下判,,,,,,BJ-2026-DC-QIMO-Q9,2026-09-24-attribution-v3,classify.py:classified_prod.jsonl+matrix.csv+exam_identity.json+skill_overrides.json,no
BJ-2026-DC-QIMO-Q10,BJ-2026-DC-QIMO-Q10,BJ-2026-DC-QIMO,BJ-2026-DC-QIMO,10,选择题,,整题,8405c7ec1b11393f,不明,OUT,MAYBE,MAYBE,OUT,MAYBE,OUT,COLLECTED,OUT,MAYBE,完整题-选择题照收,答案键来源未核实(候选未确认),该题正式评分材料候选存在候选/存在冲突，未确认匹配，不下判,,,,,,BJ-2026-DC-QIMO-Q10,2026-09-24-attribution-v3,classify.py:classified_prod.jsonl+matrix.csv+exam_identity.json+skill_overrides.json,no
BJ-2026-DC-QIMO-Q11,BJ-2026-DC-QIMO-Q11,BJ-2026-DC-QIMO,BJ-2026-DC-QIMO,11,选择题,,整题,a64d7d82ccc84498,倾向,OUT,MAYBE,MAYBE,OUT,OUT,OUT,COLLECTED,OUT,MAYBE,完整题-选择题照收,答案键来源未核实(候选未确认),该题正式评分材料候选存在候选/存在冲突，未确认匹配，不下判,,,,,,BJ-2026-DC-QIMO-Q11,2026-09-24-attribution-v3,classify.py:classified_prod.jsonl+matrix.csv+exam_identity.json+skill_overrides.json,no
BJ-2026-DC-QIMO-Q12,BJ-2026-DC-QIMO-Q12,BJ-2026-DC-QIMO,BJ-2026-DC-QIMO,12,选择题,,整题,3be75b0633a47ddc,不明,MAYBE,COLLECTED,MAYBE,OUT,OUT,MAYBE,MAYBE,OUT,MAYBE,完整题-选择题照收,答案键来源未核实(候选未确认),该题正式评分材料候选存在候选/存在冲突，未确认匹配，不下判,,,,,,BJ-2026-DC-QIMO-Q12,2026-09-24-attribution-v3,classify.py:classified_prod.jsonl+matrix.csv+exam_identity.json+skill_overrides.json,no
BJ-2026-DC-QIMO-Q13,BJ-2026-DC-QIMO-Q13,BJ-2026-DC-QIMO,BJ-2026-DC-QIMO,13,选择题,,整题,4d5153d2ba1b031e,不明,MAYBE,COLLECTED,MAYBE,OUT,OUT,MAYBE,MAYBE,OUT,MAYBE,完整题-选择题照收,答案键来源未核实(候选未确认),该题正式评分材料候选存在候选/存在冲突，未确认匹配，不下判,,,,,,BJ-2026-DC-QIMO-Q13,2026-09-24-attribution-v3,classify.py:classified_prod.jsonl+matrix.csv+exam_identity.json+skill_overrides.json,no
BJ-2026-DC-QIMO-Q14,BJ-2026-DC-QIMO-Q14,BJ-2026-DC-QIMO,BJ-2026-DC-QIMO,14,选择题,,整题,4ba5546444a494d8,倾向,MAYBE,IN,MAYBE,OUT,OUT,COLLECTED,OUT,OUT,MAYBE,完整题-选择题照收,答案键来源未核实(候选未确认),该题正式评分材料候选存在候选/存在冲突，未确认匹配，不下判,,,,,,BJ-2026-DC-QIMO-Q14,2026-09-24-attribution-v3,classify.py:classified_prod.jsonl+matrix.csv+exam_identity.json+skill_overrides.json,no
BJ-2026-DC-QIMO-Q15,BJ-2026-DC-QIMO-Q15,BJ-2026-DC-QIMO,BJ-2026-DC-QIMO,15,选择题,,整题,2a5f56d2628ad2f5,倾向,MAYBE,COLLECTED,MAYBE,OUT,OUT,COLLECTED,OUT,OUT,MAYBE,完整题-选择题照收,答案键来源未核实(候选未确认),该题正式评分材料候选存在候选/存在冲突，未确认匹配，不下判,,,,,,BJ-2026-DC-QIMO-Q15,2026-09-24-attribution-v3,classify.py:classified_prod.jsonl+matrix.csv+exam_identity.json+skill_overrides.json,no
BJ-2026-DC-QIMO-Q20,BJ-2026-DC-QIMO-Q20,BJ-2026-DC-QIMO,BJ-2026-DC-QIMO,20,主观题,,整题,bcf9db50c5c35b54,确定,MAYBE,MAYBE,MAYBE,MAYBE,MAYBE,COLLECTED,MAYBE,MAYBE,MAYBE,待裁决-证据未核实,待裁决-证据未核实候选,该题正式评分材料候选存在候选/存在冲突，未确认匹配，不下判,B1:rubric_unreadable_not_OUT;B2:rubric_unreadable_not_OUT;B3:rubric_unreadable_not_OUT;PH:rubric_unreadable_not_OUT;CU:rubric_unreadable_not_OUT;X2:rubric_unreadable_not_OUT;MI:rubric_unreadable_not_OUT;RE:rubric_unreadable_not_OUT,,,,,BJ-2026-DC-QIMO-Q20,2026-09-24-attribution-v3,classify.py:classified_prod.jsonl+matrix.csv+exam_identity.json+skill_overrides.json,no
BJ-2026-FT-QIMO-Q1,BJ-2026-FT-QIMO-Q1,BJ-2026-FT-QIMO,BJ-2026-FT-QIMO,1,选择题,,整题,0f4eb1ae0e1f4397,不明,MAYBE,MAYBE,MAYBE,COLLECTED,COLLECTED,MAYBE,OUT,OUT,OUT,完整题-选择题照收,答案键来源未核实(候选未确认),该题正式评分材料候选存在候选/存在冲突，未确认匹配，不下判,,,,,,BJ-2026-FT-QIMO-Q1,2026-09-24-attribution-v3,classify.py:classified_prod.jsonl+matrix.csv+exam_identity.json+skill_overrides.json,no
BJ-2026-FT-QIMO-Q2,BJ-2026-FT-QIMO-Q2,BJ-2026-FT-QIMO,BJ-2026-FT-QIMO,2,选择题,,整题,33fa2c1cae481b6f,倾向,OUT,COLLECTED,MAYBE,COLLECTED,COLLECTED,OUT,OUT,OUT,OUT,完整题-选择题照收,答案键来源未核实(候选未确认),该题正式评分材料候选存在候选/存在冲突，未确认匹配，不下判,,,,,,BJ-2026-FT-QIMO-Q2,2026-09-24-attribution-v3,classify.py:classified_prod.jsonl+matrix.csv+exam_identity.json+skill_overrides.json,no
BJ-2026-FT-QIMO-Q3,BJ-2026-FT-QIMO-Q3,BJ-2026-FT-QIMO,BJ-2026-FT-QIMO,3,选择题,,整题,3deb3f01e56a7a2a,不明,OUT,MAYBE,MAYBE,MAYBE,MAYBE,MAYBE,OUT,OUT,COLLECTED,完整题-选择题照收,E1,逐题已匹配正式评分材料,,,,,,BJ-2026-FT-QIMO-Q3,2026-09-24-attribution-v3,classify.py:classified_prod.jsonl+matrix.csv+exam_identity.json+skill_overrides.json,no
BJ-2026-FT-QIMO-Q4,BJ-2026-FT-QIMO-Q4,BJ-2026-FT-QIMO,BJ-2026-FT-QIMO,4,选择题,,整题,a797ec072eeff298,倾向,OUT,MAYBE,MAYBE,COLLECTED,MAYBE,OUT,OUT,OUT,OUT,完整题-选择题照收,E1,逐题已匹配正式评分材料,,,,,,BJ-2026-FT-QIMO-Q4,2026-09-24-attribution-v3,classify.py:classified_prod.jsonl+matrix.csv+exam_identity.json+skill_overrides.json,no
BJ-2026-FT-QIMO-Q5,BJ-2026-FT-QIMO-Q5,BJ-2026-FT-QIMO,BJ-2026-FT-QIMO,5,选择题,,整题,ad65721fc51fe21c,不明,OUT,MAYBE,MAYBE,MAYBE,MAYBE,MAYBE,OUT,IN,COLLECTED,完整题-选择题照收,答案键来源未核实(候选未确认),该题正式评分材料候选存在候选/存在冲突，未确认匹配，不下判,,,,,,BJ-2026-FT-QIMO-Q5,2026-09-24-attribution-v3,classify.py:classified_prod.jsonl+matrix.csv+exam_identity.json+skill_overrides.json,no
BJ-2026-FT-QIMO-Q6,BJ-2026-FT-QIMO-Q6,BJ-2026-FT-QIMO,BJ-2026-FT-QIMO,6,选择题,,整题,154f2cfd9af0025a,不明,OUT,MAYBE,MAYBE,MAYBE,COLLECTED,OUT,MAYBE,OUT,MAYBE,完整题-选择题照收,E1,逐题已匹配正式评分材料,,,,,,BJ-2026-FT-QIMO-Q6,2026-09-24-attribution-v3,classify.py:classified_prod.jsonl+matrix.csv+exam_identity.json+skill_overrides.json,no
BJ-2026-FT-QIMO-Q9,BJ-2026-FT-QIMO-Q9,BJ-2026-FT-QIMO,BJ-2026-FT-QIMO,9,选择题,,整题,2da84fc9068d68a8,不明,OUT,MAYBE,MAYBE,MAYBE,COLLECTED,OUT,MAYBE,MAYBE,MAYBE,完整题-选择题照收,答案键来源未核实(候选未确认),该题正式评分材料候选存在候选/存在冲突，未确认匹配，不下判,,,,,,BJ-2026-FT-QIMO-Q9,2026-09-24-attribution-v3,classify.py:classified_prod.jsonl+matrix.csv+exam_identity.json+skill_overrides.json,no
BJ-2026-FT-QIMO-Q10,BJ-2026-FT-QIMO-Q10,BJ-2026-FT-QIMO,BJ-2026-FT-QIMO,10,选择题,,整题,39b686892cfb9c15,不明,OUT,MAYBE,MAYBE,OUT,MAYBE,OUT,COLLECTED,OUT,MAYBE,完整题-选择题照收,E1,逐题已匹配正式评分材料,,,,,,BJ-2026-FT-QIMO-Q10,2026-09-24-attribution-v3,classify.py:classified_prod.jsonl+matrix.csv+exam_identity.json+skill_overrides.json,no
BJ-2026-FT-QIMO-Q19,BJ-2026-FT-QIMO-Q19,BJ-2026-FT-QIMO,BJ-2026-FT-QIMO,19,主观题,,整题,583b574a654594d9,倾向,MAYBE,COLLECTED,MAYBE,MAYBE,MAYBE,MAYBE,IN,MAYBE,MAYBE,完整题-有E1,E1,逐题已匹配正式评分材料,"B1:rubric_unreadable_not_OUT;PH:rubric_unreadable_not_OUT;CU:rubric_unreadable_not_OUT;X1:rubric_unreadable_not_OUT;MI:rubric_unreadable_not_OUT;RE:rubric_unreadable_not_OUT;关联但不合并(疑似跨卷复用/串题,非duplicate_registration_alias):dup_of=BJ-2024-HD-ERMO-Q19",BJ-2024-HD-ERMO-Q19,xuanbi2,B2,,BJ-2026-FT-QIMO-Q19,2026-09-24-attribution-v3,classify.py:classified_prod.jsonl+matrix.csv+exam_identity.json+skill_overrides.json,no
BJ-2026-FT-QIMO-Q7,BJ-2026-FT-QIMO-Q7,BJ-2026-FT-QIMO,BJ-2026-FT-QIMO,7,选择题,,整题,,不明,OUT,MAYBE,COLLECTED,MAYBE,MAYBE,OUT,MAYBE,MAYBE,MAYBE,完整题-选择题照收,E1,逐题已匹配正式评分材料,,,,,,BJ-2026-FT-QIMO-Q7,2026-09-24-attribution-v3,classify.py:classified_prod.jsonl+matrix.csv+exam_identity.json+skill_overrides.json,no
BJ-2026-FT-QIMO-Q20,BJ-2026-FT-QIMO-Q20,BJ-2026-FT-QIMO,BJ-2026-FT-QIMO,20,主观题,,整题,2ca259545dd48eaf,倾向,MAYBE,MAYBE,MAYBE,MAYBE,MAYBE,IN,MAYBE,COLLECTED,MAYBE,完整题-有E1,E1,逐题已匹配正式评分材料,"B1:rubric_unreadable_not_OUT;B3:rubric_unreadable_not_OUT;PH:rubric_unreadable_not_OUT;CU:rubric_unreadable_not_OUT;RE:rubric_unreadable_not_OUT;关联但不合并(疑似跨卷复用/串题,非duplicate_registration_alias):dup_of=BJ-2025-BJ-GAOKAO-Q20",BJ-2025-BJ-GAOKAO-Q20,xuanbi1,MI,,BJ-2026-FT-QIMO-Q20,2026-09-24-attribution-v3,classify.py:classified_prod.jsonl+matrix.csv+exam_identity.json+skill_overrides.json,no
BJ-2026-FT-QIMO-Q16,BJ-2026-FT-QIMO-Q16,BJ-2026-FT-QIMO,BJ-2026-FT-QIMO,16,主观题,,整题,aa3333f5e873dc9f,确定,MAYBE,MAYBE,MAYBE,COLLECTED,COLLECTED,MAYBE,MAYBE,MAYBE,MAYBE,待裁决-证据未核实,待裁决-证据未核实候选,该题正式评分材料候选存在候选/存在冲突，未确认匹配，不下判,B1:rubric_unreadable_not_OUT;B2:rubric_unreadable_not_OUT;B3:rubric_unreadable_not_OUT;X1:rubric_unreadable_not_OUT;X2:rubric_unreadable_not_OUT;MI:rubric_unreadable_not_OUT;RE:rubric_unreadable_not_OUT,,,,,BJ-2026-FT-QIMO-Q16,2026-09-24-attribution-v3,classify.py:classified_prod.jsonl+matrix.csv+exam_identity.json+skill_overrides.json,no
BJ-2026-FT-QIMO-Q17,BJ-2026-FT-QIMO-Q17,BJ-2026-FT-QIMO,BJ-2026-FT-QIMO,17,主观题,,整题,612981cf22ef6188,确定,MAYBE,COLLECTED,COLLECTED,MAYBE,MAYBE,MAYBE,MAYBE,MAYBE,MAYBE,待裁决-证据未核实,待裁决-证据未核实候选,该题正式评分材料候选存在候选/存在冲突，未确认匹配，不下判,B1:rubric_unreadable_not_OUT;PH:rubric_unreadable_not_OUT;CU:rubric_unreadable_not_OUT;X1:rubric_unreadable_not_OUT;X2:rubric_unreadable_not_OUT;MI:rubric_unreadable_not_OUT;RE:rubric_unreadable_not_OUT,,,B2,,BJ-2026-FT-QIMO-Q17,2026-09-24-attribution-v3,classify.py:classified_prod.jsonl+matrix.csv+exam_identity.json+skill_overrides.json,no
BJ-2026-FT-QIMO-Q18,BJ-2026-FT-QIMO-Q18,BJ-2026-FT-QIMO,BJ-2026-FT-QIMO,18,主观题,,整题,022a13c1411865fb,不明,MAYBE,COLLECTED,COLLECTED,MAYBE,MAYBE,MAYBE,COLLECTED,MAYBE,MAYBE,待裁决-证据未核实,待裁决-证据未核实候选,该题正式评分材料候选存在候选/存在冲突，未确认匹配，不下判,,,,,,BJ-2026-FT-QIMO-Q18,2026-09-24-attribution-v3,classify.py:classified_prod.jsonl+matrix.csv+exam_identity.json+skill_overrides.json,no
BJ-2026-FT-QIMO-Q21,BJ-2026-FT-QIMO-Q21,BJ-2026-FT-QIMO,BJ-2026-FT-QIMO,21,主观题,,整题,137ad6d49aed8be6,不明,MAYBE,COLLECTED,MAYBE,MAYBE,MAYBE,MAYBE,MAYBE,MAYBE,MAYBE,待裁决-证据未核实,待裁决-证据未核实候选,该题正式评分材料候选存在候选/存在冲突，未确认匹配，不下判,,,,,,BJ-2026-FT-QIMO-Q21,2026-09-24-attribution-v3,classify.py:classified_prod.jsonl+matrix.csv+exam_identity.json+skill_overrides.json,no
BJ-2026-FT-QIMO-Q22,BJ-2026-FT-QIMO-Q22,BJ-2026-FT-QIMO,BJ-2026-FT-QIMO,22,主观题,,整题,46be3c4c01382993,不明,MAYBE,COLLECTED,COLLECTED,COLLECTED,MAYBE,MAYBE,MAYBE,MAYBE,MAYBE,待裁决-证据未核实,待裁决-证据未核实候选,该题正式评分材料候选存在候选/存在冲突，未确认匹配，不下判,,,,,,BJ-2026-FT-QIMO-Q22,2026-09-24-attribution-v3,classify.py:classified_prod.jsonl+matrix.csv+exam_identity.json+skill_overrides.json,no
BJ-2026-FT-QIMO-Q8,BJ-2026-FT-QIMO-Q8,BJ-2026-FT-QIMO,BJ-2026-FT-QIMO,8,选择题,,整题,ead14853a944def7,不明,OUT,MAYBE,COLLECTED,MAYBE,COLLECTED,OUT,MAYBE,MAYBE,MAYBE,完整题-选择题照收,答案键来源未核实(候选未确认),该题正式评分材料候选存在候选/存在冲突，未确认匹配，不下判,,,,,,BJ-2026-FT-QIMO-Q8,2026-09-24-attribution-v3,classify.py:classified_prod.jsonl+matrix.csv+exam_identity.json+skill_overrides.json,no
BJ-2026-FT-QIMO-Q11,BJ-2026-FT-QIMO-Q11,BJ-2026-FT-QIMO,BJ-2026-FT-QIMO,11,选择题,,整题,beb89c818f157b05,倾向,OUT,COLLECTED,MAYBE,OUT,COLLECTED,OUT,COLLECTED,OUT,MAYBE,完整题-选择题照收,答案键来源未核实(候选未确认),该题正式评分材料候选存在候选/存在冲突，未确认匹配，不下判,,,,CU,,BJ-2026-FT-QIMO-Q11,2026-09-24-attribution-v3,classify.py:classified_prod.jsonl+matrix.csv+exam_identity.json+skill_overrides.json,no
BJ-2026-FT-QIMO-Q13,BJ-2026-FT-QIMO-Q13,BJ-2026-FT-QIMO,BJ-2026-FT-QIMO,13,选择题,,整题,baa260d149c3843e,不明,MAYBE,COLLECTED,MAYBE,OUT,OUT,MAYBE,MAYBE,OUT,MAYBE,完整题-选择题照收,答案键来源未核实(候选未确认),该题正式评分材料候选存在候选/存在冲突，未确认匹配，不下判,,,,,,BJ-2026-FT-QIMO-Q13,2026-09-24-attribution-v3,classify.py:classified_prod.jsonl+matrix.csv+exam_identity.json+skill_overrides.json,no
BJ-2026-FT-QIMO-Q14,BJ-2026-FT-QIMO-Q14,BJ-2026-FT-QIMO,BJ-2026-FT-QIMO,14,选择题,,整题,579d09e14c3e58a0,倾向,MAYBE,COLLECTED,MAYBE,OUT,OUT,IN,OUT,OUT,MAYBE,完整题-选择题照收,答案键来源未核实(候选未确认),该题正式评分材料候选存在候选/存在冲突，未确认匹配，不下判,,,,,,BJ-2026-FT-QIMO-Q14,2026-09-24-attribution-v3,classify.py:classified_prod.jsonl+matrix.csv+exam_identity.json+skill_overrides.json,no
BJ-2026-FT-QIMO-Q15,BJ-2026-FT-QIMO-Q15,BJ-2026-FT-QIMO,BJ-2026-FT-QIMO,15,选择题,,整题,88b2509c9260964a,不明,MAYBE,COLLECTED,MAYBE,OUT,OUT,MAYBE,OUT,OUT,MAYBE,完整题-选择题照收,答案键来源未核实(候选未确认),该题正式评分材料候选存在候选/存在冲突，未确认匹配，不下判,,,,,,BJ-2026-FT-QIMO-Q15,2026-09-24-attribution-v3,classify.py:classified_prod.jsonl+matrix.csv+exam_identity.json+skill_overrides.json,no
BJ-2026-CP-QIMO-Q1,BJ-2026-CP-QIMO-Q1,BJ-2026-CP-QIMO,BJ-2026-CP-QIMO,1,选择题,,整题,001cb0cee384d10c,不明,MAYBE,MAYBE,MAYBE,MAYBE,IN,OUT,OUT,OUT,OUT,完整题-选择题照收,E3,该题正式评分材料候选存在候选/存在冲突，未确认匹配，不下判（同时已有匹配参考答案，选择题按E3计，正式评分材料候选仍待核实）,,,,,,BJ-2026-CP-QIMO-Q1,2026-09-24-attribution-v3,classify.py:classified_prod.jsonl+matrix.csv+exam_identity.json+skill_overrides.json,no
BJ-2026-CP-QIMO-Q2,BJ-2026-CP-QIMO-Q2,BJ-2026-CP-QIMO,BJ-2026-CP-QIMO,2,选择题,,整题,e4dc5fe2e304e09b,不明,OUT,MAYBE,MAYBE,MAYBE,MAYBE,OUT,OUT,MAYBE,OUT,完整题-选择题照收,E3,该题正式评分材料候选存在候选/存在冲突，未确认匹配，不下判（同时已有匹配参考答案，选择题按E3计，正式评分材料候选仍待核实）,,,,,,BJ-2026-CP-QIMO-Q2,2026-09-24-attribution-v3,classify.py:classified_prod.jsonl+matrix.csv+exam_identity.json+skill_overrides.json,no
BJ-2026-CP-QIMO-Q3,BJ-2026-CP-QIMO-Q3,BJ-2026-CP-QIMO,BJ-2026-CP-QIMO,3,选择题,,整题,653945705c8d10b5,不明,MAYBE,MAYBE,MAYBE,IN,MAYBE,MAYBE,OUT,OUT,OUT,完整题-选择题照收,E3,该题正式评分材料候选存在候选/存在冲突，未确认匹配，不下判（同时已有匹配参考答案，选择题按E3计，正式评分材料候选仍待核实）,,,,,,BJ-2026-CP-QIMO-Q3,2026-09-24-attribution-v3,classify.py:classified_prod.jsonl+matrix.csv+exam_identity.json+skill_overrides.json,no
BJ-2026-CP-QIMO-Q4,BJ-2026-CP-QIMO-Q4,BJ-2026-CP-QIMO,BJ-2026-CP-QIMO,4,选择题,,整题,6edbd4c8a7b516ae,不明,OUT,MAYBE,MAYBE,MAYBE,MAYBE,OUT,OUT,OUT,OUT,完整题-选择题照收,E3,该题正式评分材料候选存在候选/存在冲突，未确认匹配，不下判（同时已有匹配参考答案，选择题按E3计，正式评分材料候选仍待核实）,,,,,,BJ-2026-CP-QIMO-Q4,2026-09-24-attribution-v3,classify.py:classified_prod.jsonl+matrix.csv+exam_identity.json+skill_overrides.json,no
BJ-2026-CP-QIMO-Q5,BJ-2026-CP-QIMO-Q5,BJ-2026-CP-QIMO,BJ-2026-CP-QIMO,5,选择题,,整题,3994912bcde598fe,不明,OUT,MAYBE,MAYBE,MAYBE,MAYBE,MAYBE,OUT,MAYBE,IN,完整题-选择题照收,E3,该题正式评分材料候选存在候选/存在冲突，未确认匹配，不下判（同时已有匹配参考答案，选择题按E3计，正式评分材料候选仍待核实）,,,,,,BJ-2026-CP-QIMO-Q5,2026-09-24-attribution-v3,classify.py:classified_prod.jsonl+matrix.csv+exam_identity.json+skill_overrides.json,no
BJ-2026-CP-QIMO-Q6,BJ-2026-CP-QIMO-Q6,BJ-2026-CP-QIMO,BJ-2026-CP-QIMO,6,选择题,,整题,24248697cd8698b5,不明,OUT,MAYBE,MAYBE,MAYBE,MAYBE,OUT,MAYBE,OUT,IN,完整题-选择题照收,E3,该题正式评分材料候选存在候选/存在冲突，未确认匹配，不下判（同时已有匹配参考答案，选择题按E3计，正式评分材料候选仍待核实）,,,,,,BJ-2026-CP-QIMO-Q6,2026-09-24-attribution-v3,classify.py:classified_prod.jsonl+matrix.csv+exam_identity.json+skill_overrides.json,no
BJ-2026-CP-QIMO-Q7,BJ-2026-CP-QIMO-Q7,BJ-2026-CP-QIMO,BJ-2026-CP-QIMO,7,选择题,,整题,2e91bfa07a141d2f,不明,OUT,MAYBE,MAYBE,MAYBE,MAYBE,OUT,MAYBE,MAYBE,IN,完整题-选择题照收,E3,该题正式评分材料候选存在候选/存在冲突，未确认匹配，不下判（同时已有匹配参考答案，选择题按E3计，正式评分材料候选仍待核实）,,,,,,BJ-2026-CP-QIMO-Q7,2026-09-24-attribution-v3,classify.py:classified_prod.jsonl+matrix.csv+exam_identity.json+skill_overrides.json,no
BJ-2026-CP-QIMO-Q8,BJ-2026-CP-QIMO-Q8,BJ-2026-CP-QIMO,BJ-2026-CP-QIMO,8,选择题,,整题,489ab72e8f1dd089,不明,OUT,MAYBE,COLLECTED,MAYBE,MAYBE,OUT,MAYBE,MAYBE,MAYBE,完整题-选择题照收,E3,该题正式评分材料候选存在候选/存在冲突，未确认匹配，不下判（同时已有匹配参考答案，选择题按E3计，正式评分材料候选仍待核实）,,,,,,BJ-2026-CP-QIMO-Q8,2026-09-24-attribution-v3,classify.py:classified_prod.jsonl+matrix.csv+exam_identity.json+skill_overrides.json,no
BJ-2026-CP-QIMO-Q9,BJ-2026-CP-QIMO-Q9,BJ-2026-CP-QIMO,BJ-2026-CP-QIMO,9,选择题,,整题,acbaa08b93e3ce4f,不明,OUT,MAYBE,COLLECTED,MAYBE,MAYBE,MAYBE,MAYBE,MAYBE,MAYBE,完整题-选择题照收,E3,该题正式评分材料候选存在候选/存在冲突，未确认匹配，不下判（同时已有匹配参考答案，选择题按E3计，正式评分材料候选仍待核实）,,,,,,BJ-2026-CP-QIMO-Q9,2026-09-24-attribution-v3,classify.py:classified_prod.jsonl+matrix.csv+exam_identity.json+skill_overrides.json,no
BJ-2026-CP-QIMO-Q10,BJ-2026-CP-QIMO-Q10,BJ-2026-CP-QIMO,BJ-2026-CP-QIMO,10,选择题,,整题,efe14ed0553c6fc7,不明,OUT,MAYBE,MAYBE,OUT,MAYBE,OUT,IN,OUT,MAYBE,完整题-选择题照收,E3,该题正式评分材料候选存在候选/存在冲突，未确认匹配，不下判（同时已有匹配参考答案，选择题按E3计，正式评分材料候选仍待核实）,,,,,,BJ-2026-CP-QIMO-Q10,2026-09-24-attribution-v3,classify.py:classified_prod.jsonl+matrix.csv+exam_identity.json+skill_overrides.json,no
BJ-2026-CP-QIMO-Q11,BJ-2026-CP-QIMO-Q11,BJ-2026-CP-QIMO,BJ-2026-CP-QIMO,11,选择题,,整题,6ea7207d26d715c0,倾向,OUT,MAYBE,COLLECTED,OUT,OUT,OUT,IN,OUT,MAYBE,完整题-选择题照收,E3,该题正式评分材料候选存在候选/存在冲突，未确认匹配，不下判（同时已有匹配参考答案，选择题按E3计，正式评分材料候选仍待核实）,,,,,,BJ-2026-CP-QIMO-Q11,2026-09-24-attribution-v3,classify.py:classified_prod.jsonl+matrix.csv+exam_identity.json+skill_overrides.json,no
BJ-2026-CP-QIMO-Q12,BJ-2026-CP-QIMO-Q12,BJ-2026-CP-QIMO,BJ-2026-CP-QIMO,12,选择题,,整题,ce7d157d39130872,不明,MAYBE,MAYBE,MAYBE,OUT,OUT,MAYBE,MAYBE,OUT,MAYBE,完整题-选择题照收,E3,该题正式评分材料候选存在候选/存在冲突，未确认匹配，不下判（同时已有匹配参考答案，选择题按E3计，正式评分材料候选仍待核实）,,,,,,BJ-2026-CP-QIMO-Q12,2026-09-24-attribution-v3,classify.py:classified_prod.jsonl+matrix.csv+exam_identity.json+skill_overrides.json,no
BJ-2026-CP-QIMO-Q13,BJ-2026-CP-QIMO-Q13,BJ-2026-CP-QIMO,BJ-2026-CP-QIMO,13,选择题,,整题,cffa76d3921dda47,不明,MAYBE,IN,MAYBE,OUT,OUT,MAYBE,MAYBE,OUT,MAYBE,完整题-选择题照收,E3,该题正式评分材料候选存在候选/存在冲突，未确认匹配，不下判（同时已有匹配参考答案，选择题按E3计，正式评分材料候选仍待核实）,,,,,,BJ-2026-CP-QIMO-Q13,2026-09-24-attribution-v3,classify.py:classified_prod.jsonl+matrix.csv+exam_identity.json+skill_overrides.json,no
BJ-2026-CP-QIMO-Q14,BJ-2026-CP-QIMO-Q14,BJ-2026-CP-QIMO,BJ-2026-CP-QIMO,14,选择题,,整题,c596a6e65762c299,倾向,MAYBE,IN,MAYBE,OUT,OUT,IN,OUT,OUT,MAYBE,完整题-选择题照收,E3,该题正式评分材料候选存在候选/存在冲突，未确认匹配，不下判（同时已有匹配参考答案，选择题按E3计，正式评分材料候选仍待核实）,,,,,,BJ-2026-CP-QIMO-Q14,2026-09-24-attribution-v3,classify.py:classified_prod.jsonl+matrix.csv+exam_identity.json+skill_overrides.json,no
BJ-2026-CP-QIMO-Q15,BJ-2026-CP-QIMO-Q15,BJ-2026-CP-QIMO,BJ-2026-CP-QIMO,15,选择题,,整题,bfe37aac5bfca8a0,不明,MAYBE,MAYBE,MAYBE,OUT,OUT,IN,MAYBE,OUT,MAYBE,完整题-选择题照收,E3,该题正式评分材料候选存在候选/存在冲突，未确认匹配，不下判（同时已有匹配参考答案，选择题按E3计，正式评分材料候选仍待核实）,,,,,,BJ-2026-CP-QIMO-Q15,2026-09-24-attribution-v3,classify.py:classified_prod.jsonl+matrix.csv+exam_identity.json+skill_overrides.json,no
BJ-2026-CP-QIMO-Q16,BJ-2026-CP-QIMO-Q16,BJ-2026-CP-QIMO,BJ-2026-CP-QIMO,16,主观题,,整题,c8593aac578c5177,不明,OUT,MAYBE,OUT,MAYBE,MAYBE,OUT,MAYBE,MAYBE,MAYBE,完整题-有E1,E1,逐题已匹配正式评分材料,,,,,,BJ-2026-CP-QIMO-Q16,2026-09-24-attribution-v3,classify.py:classified_prod.jsonl+matrix.csv+exam_identity.json+skill_overrides.json,no
BJ-2026-CP-QIMO-Q17,BJ-2026-CP-QIMO-Q17,BJ-2026-CP-QIMO,BJ-2026-CP-QIMO,17,主观题,,整题,aede72493255fa4a,倾向,OUT,OUT,COLLECTED,MAYBE,OUT,MAYBE,MAYBE,OUT,OUT,完整题-有E1,E1,逐题已匹配正式评分材料,,,,,,BJ-2026-CP-QIMO-Q17,2026-09-24-attribution-v3,classify.py:classified_prod.jsonl+matrix.csv+exam_identity.json+skill_overrides.json,no
BJ-2026-CP-QIMO-Q18,BJ-2026-CP-QIMO-Q18,BJ-2026-CP-QIMO,BJ-2026-CP-QIMO,18,主观题,,整题,d93be1ee61448162,倾向,OUT,MAYBE,MAYBE,MAYBE,OUT,OUT,IN,OUT,OUT,完整题-有E1,E1,逐题已匹配正式评分材料,"关联但不合并(疑似跨卷复用/串题,非duplicate_registration_alias):dup_of=BJ-2026-FT-YIMO-Q20",BJ-2026-FT-YIMO-Q20,xuanbi2,,,BJ-2026-CP-QIMO-Q18,2026-09-24-attribution-v3,classify.py:classified_prod.jsonl+matrix.csv+exam_identity.json+skill_overrides.json,no
BJ-2026-CP-QIMO-Q19#1,BJ-2026-CP-QIMO-Q19,BJ-2026-CP-QIMO,BJ-2026-CP-QIMO,19,主观题,1,小问,48820038b6f9fab3,不明,OUT,IN,MAYBE,OUT,MAYBE,MAYBE,MAYBE,MAYBE,OUT,待裁决-证据未核实,待裁决-证据未核实候选,该题正式评分材料候选存在候选/存在冲突，未确认匹配，不下判,,,,,,BJ-2026-CP-QIMO-Q19,2026-09-24-attribution-v3,classify.py:classified_prod.jsonl+matrix.csv+exam_identity.json+skill_overrides.json,no
BJ-2026-CP-QIMO-Q19#2,BJ-2026-CP-QIMO-Q19,BJ-2026-CP-QIMO,BJ-2026-CP-QIMO,19,主观题,2,小问,a439e6c0eae5231f,不明,OUT,MAYBE,MAYBE,OUT,MAYBE,MAYBE,MAYBE,IN,MAYBE,待裁决-证据未核实,待裁决-证据未核实候选,该题正式评分材料候选存在候选/存在冲突，未确认匹配，不下判,,,,,,BJ-2026-CP-QIMO-Q19,2026-09-24-attribution-v3,classify.py:classified_prod.jsonl+matrix.csv+exam_identity.json+skill_overrides.json,no
BJ-2026-CP-QIMO-Q20#1,BJ-2026-CP-QIMO-Q20,BJ-2026-CP-QIMO,BJ-2026-CP-QIMO,20,主观题,1,小问,39f8618a2a96dfb0,不明,OUT,MAYBE,OUT,OUT,MAYBE,MAYBE,MAYBE,OUT,OUT,完整题-有E1,E1,逐题已匹配正式评分材料,,,,,,BJ-2026-CP-QIMO-Q20,2026-09-24-attribution-v3,classify.py:classified_prod.jsonl+matrix.csv+exam_identity.json+skill_overrides.json,no
BJ-2026-CP-QIMO-Q20#2,BJ-2026-CP-QIMO-Q20,BJ-2026-CP-QIMO,BJ-2026-CP-QIMO,20,主观题,2,小问,3ae244e102f86bd2,倾向,OUT,MAYBE,OUT,OUT,MAYBE,IN,MAYBE,OUT,OUT,完整题-有E1,E1,逐题已匹配正式评分材料,,,,,,BJ-2026-CP-QIMO-Q20,2026-09-24-attribution-v3,classify.py:classified_prod.jsonl+matrix.csv+exam_identity.json+skill_overrides.json,no
BJ-2026-CP-QIMO-Q21,BJ-2026-CP-QIMO-Q21,BJ-2026-CP-QIMO,BJ-2026-CP-QIMO,21,主观题,,整题,8954f0e2b876ef1d,不明,MAYBE,MAYBE,MAYBE,MAYBE,MAYBE,MAYBE,MAYBE,MAYBE,MAYBE,完整题-有E1,E1,逐题已匹配正式评分材料,,,,,,BJ-2026-CP-QIMO-Q21,2026-09-24-attribution-v3,classify.py:classified_prod.jsonl+matrix.csv+exam_identity.json+skill_overrides.json,no
BJ-2026-CY-QIZHONG-Q16,BJ-2026-CY-QIZHONG-Q16,BJ-2026-CY-QIZHONG,BJ-2026-CY-QIZHONG,16,主观题,,整题,7b05cb0e3e4efc20,确定,OUT,COLLECTED,OUT,OUT,OUT,OUT,OUT,OUT,OUT,完整题-有E1,E1,逐题已匹配正式评分材料,,,,,,BJ-2026-CY-QIZHONG-Q16,2026-09-24-attribution-v3,classify.py:classified_prod.jsonl+matrix.csv+exam_identity.json+skill_overrides.json,no
BJ-2026-CY-QIZHONG-Q17,BJ-2026-CY-QIZHONG-Q17,BJ-2026-CY-QIZHONG,BJ-2026-CY-QIZHONG,17,主观题,,整题,921319bffcdcf158,不明,OUT,COLLECTED,MAYBE,OUT,OUT,COLLECTED,MAYBE,MAYBE,OUT,完整题-有E1,E1,逐题已匹配正式评分材料,,,,,,BJ-2026-CY-QIZHONG-Q17,2026-09-24-attribution-v3,classify.py:classified_prod.jsonl+matrix.csv+exam_identity.json+skill_overrides.json,no
BJ-2026-CY-QIZHONG-Q18,BJ-2026-CY-QIZHONG-Q18,BJ-2026-CY-QIZHONG,BJ-2026-CY-QIZHONG,18,主观题,,整题,f2db21a60e3ef591,不明,OUT,MAYBE,OUT,COLLECTED,OUT,OUT,MAYBE,MAYBE,MAYBE,完整题-有E1,E1,逐题已匹配正式评分材料,,,,,,BJ-2026-CY-QIZHONG-Q18,2026-09-24-attribution-v3,classify.py:classified_prod.jsonl+matrix.csv+exam_identity.json+skill_overrides.json,no
BJ-2026-CY-QIZHONG-Q19#1,BJ-2026-CY-QIZHONG-Q19,BJ-2026-CY-QIZHONG,BJ-2026-CY-QIZHONG,19,主观题,1,小问,b2db7a81360f03cd,不明,MAYBE,MAYBE,MAYBE,COLLECTED,COLLECTED,MAYBE,MAYBE,MAYBE,MAYBE,完整题-有E1,E1,逐题已匹配正式评分材料,,,,,,BJ-2026-CY-QIZHONG-Q19,2026-09-24-attribution-v3,classify.py:classified_prod.jsonl+matrix.csv+exam_identity.json+skill_overrides.json,no
BJ-2026-CY-QIZHONG-Q19#2,BJ-2026-CY-QIZHONG-Q19,BJ-2026-CY-QIZHONG,BJ-2026-CY-QIZHONG,19,主观题,2,小问,0aca8da0fa212ba6,不明,MAYBE,MAYBE,MAYBE,COLLECTED,COLLECTED,MAYBE,MAYBE,MAYBE,MAYBE,完整题-有E1,E1,逐题已匹配正式评分材料,,,,,,BJ-2026-CY-QIZHONG-Q19,2026-09-24-attribution-v3,classify.py:classified_prod.jsonl+matrix.csv+exam_identity.json+skill_overrides.json,no
BJ-2026-CY-QIZHONG-Q19#3,BJ-2026-CY-QIZHONG-Q19,BJ-2026-CY-QIZHONG,BJ-2026-CY-QIZHONG,19,主观题,3,小问,f894fbe3a7b08775,不明,MAYBE,MAYBE,MAYBE,COLLECTED,COLLECTED,MAYBE,MAYBE,MAYBE,MAYBE,完整题-有E1,E1,逐题已匹配正式评分材料,,,,,,BJ-2026-CY-QIZHONG-Q19,2026-09-24-attribution-v3,classify.py:classified_prod.jsonl+matrix.csv+exam_identity.json+skill_overrides.json,no
BJ-2026-CY-QIZHONG-Q20,BJ-2026-CY-QIZHONG-Q20,BJ-2026-CY-QIZHONG,BJ-2026-CY-QIZHONG,20,主观题,,整题,4832480d6e5ebff8,不明,MAYBE,OUT,OUT,MAYBE,OUT,MAYBE,OUT,COLLECTED,MAYBE,完整题-有E1,E1,逐题已匹配正式评分材料,,,,,,BJ-2026-CY-QIZHONG-Q20,2026-09-24-attribution-v3,classify.py:classified_prod.jsonl+matrix.csv+exam_identity.json+skill_overrides.json,no
BJ-2026-CY-QIZHONG-Q21#1,BJ-2026-CY-QIZHONG-Q21,BJ-2026-CY-QIZHONG,BJ-2026-CY-QIZHONG,21,主观题,1,小问,d7f82448d47305e0,不明,OUT,COLLECTED,OUT,MAYBE,COLLECTED,MAYBE,OUT,COLLECTED,MAYBE,完整题-有E1,E1,逐题已匹配正式评分材料,,,,,,BJ-2026-CY-QIZHONG-Q21,2026-09-24-attribution-v3,classify.py:classified_prod.jsonl+matrix.csv+exam_identity.json+skill_overrides.json,no
BJ-2026-CY-QIZHONG-Q21#2,BJ-2026-CY-QIZHONG-Q21,BJ-2026-CY-QIZHONG,BJ-2026-CY-QIZHONG,21,主观题,2,小问,825695892830d6a6,不明,OUT,COLLECTED,OUT,MAYBE,COLLECTED,MAYBE,OUT,COLLECTED,MAYBE,完整题-有E1,E1,逐题已匹配正式评分材料,,,,,,BJ-2026-CY-QIZHONG-Q21,2026-09-24-attribution-v3,classify.py:classified_prod.jsonl+matrix.csv+exam_identity.json+skill_overrides.json,no
BJ-2026-CY-QIZHONG-Q4,BJ-2026-CY-QIZHONG-Q4,BJ-2026-CY-QIZHONG,BJ-2026-CY-QIZHONG,4,选择题,,整题,817f4c959ac32a65,倾向,OUT,MAYBE,MAYBE,COLLECTED,MAYBE,COLLECTED,OUT,OUT,OUT,完整题-选择题照收,E3,逐题已匹配参考答案,,,,,,BJ-2026-CY-QIZHONG-Q4,2026-09-24-attribution-v3,classify.py:classified_prod.jsonl+matrix.csv+exam_identity.json+skill_overrides.json,no
BJ-2026-CY-QIZHONG-Q1,BJ-2026-CY-QIZHONG-Q1,BJ-2026-CY-QIZHONG,BJ-2026-CY-QIZHONG,1,选择题,,整题,c4906017f27a4ca7,不明,MAYBE,COLLECTED,MAYBE,MAYBE,MAYBE,OUT,OUT,OUT,OUT,完整题-选择题照收,E3,逐题已匹配参考答案,,,,,,BJ-2026-CY-QIZHONG-Q1,2026-09-24-attribution-v3,classify.py:classified_prod.jsonl+matrix.csv+exam_identity.json+skill_overrides.json,no
BJ-2026-CY-QIZHONG-Q2,BJ-2026-CY-QIZHONG-Q2,BJ-2026-CY-QIZHONG,BJ-2026-CY-QIZHONG,2,选择题,,整题,4b96f6c3c8e86c84,不明,OUT,COLLECTED,MAYBE,MAYBE,MAYBE,MAYBE,OUT,OUT,OUT,完整题-选择题照收,E3,逐题已匹配参考答案,,,,,,BJ-2026-CY-QIZHONG-Q2,2026-09-24-attribution-v3,classify.py:classified_prod.jsonl+matrix.csv+exam_identity.json+skill_overrides.json,no
BJ-2026-CY-QIZHONG-Q3,BJ-2026-CY-QIZHONG-Q3,BJ-2026-CY-QIZHONG,BJ-2026-CY-QIZHONG,3,选择题,,整题,1bda43ad6d017659,倾向,OUT,MAYBE,MAYBE,COLLECTED,MAYBE,COLLECTED,OUT,OUT,OUT,完整题-选择题照收,E3,逐题已匹配参考答案,,,,,,BJ-2026-CY-QIZHONG-Q3,2026-09-24-attribution-v3,classify.py:classified_prod.jsonl+matrix.csv+exam_identity.json+skill_overrides.json,no
BJ-2026-CY-QIZHONG-Q5,BJ-2026-CY-QIZHONG-Q5,BJ-2026-CY-QIZHONG,BJ-2026-CY-QIZHONG,5,选择题,,整题,8ddda64700ae36b8,不明,OUT,COLLECTED,MAYBE,MAYBE,MAYBE,MAYBE,OUT,MAYBE,MAYBE,完整题-选择题照收,E3,逐题已匹配参考答案,,,,,,BJ-2026-CY-QIZHONG-Q5,2026-09-24-attribution-v3,classify.py:classified_prod.jsonl+matrix.csv+exam_identity.json+skill_overrides.json,no
BJ-2026-CY-QIZHONG-Q6,BJ-2026-CY-QIZHONG-Q6,BJ-2026-CY-QIZHONG,BJ-2026-CY-QIZHONG,6,选择题,,整题,8597b02588c866ec,不明,OUT,COLLECTED,MAYBE,MAYBE,MAYBE,COLLECTED,MAYBE,OUT,MAYBE,完整题-选择题照收,E3,逐题已匹配参考答案,,,,,,BJ-2026-CY-QIZHONG-Q6,2026-09-24-attribution-v3,classify.py:classified_prod.jsonl+matrix.csv+exam_identity.json+skill_overrides.json,no
BJ-2026-CY-QIZHONG-Q7,BJ-2026-CY-QIZHONG-Q7,BJ-2026-CY-QIZHONG,BJ-2026-CY-QIZHONG,7,选择题,,整题,24aa49c32401f90d,不明,OUT,COLLECTED,MAYBE,COLLECTED,COLLECTED,MAYBE,MAYBE,MAYBE,MAYBE,完整题-选择题照收,E3,逐题已匹配参考答案,,,,,,BJ-2026-CY-QIZHONG-Q7,2026-09-24-attribution-v3,classify.py:classified_prod.jsonl+matrix.csv+exam_identity.json+skill_overrides.json,no
BJ-2026-CY-QIZHONG-Q8,BJ-2026-CY-QIZHONG-Q8,BJ-2026-CY-QIZHONG,BJ-2026-CY-QIZHONG,8,选择题,,整题,26fa29098ceb1e50,不明,OUT,MAYBE,MAYBE,COLLECTED,COLLECTED,OUT,OUT,MAYBE,MAYBE,完整题-选择题照收,E3,逐题已匹配参考答案,,,,,,BJ-2026-CY-QIZHONG-Q8,2026-09-24-attribution-v3,classify.py:classified_prod.jsonl+matrix.csv+exam_identity.json+skill_overrides.json,no
BJ-2026-CY-QIZHONG-Q9,BJ-2026-CY-QIZHONG-Q9,BJ-2026-CY-QIZHONG,BJ-2026-CY-QIZHONG,9,选择题,,整题,dc1ada0111d74496,不明,OUT,MAYBE,MAYBE,COLLECTED,COLLECTED,OUT,MAYBE,MAYBE,MAYBE,完整题-选择题照收,E3,逐题已匹配参考答案,,,,,,BJ-2026-CY-QIZHONG-Q9,2026-09-24-attribution-v3,classify.py:classified_prod.jsonl+matrix.csv+exam_identity.json+skill_overrides.json,no
BJ-2026-CY-QIZHONG-Q10,BJ-2026-CY-QIZHONG-Q10,BJ-2026-CY-QIZHONG,BJ-2026-CY-QIZHONG,10,选择题,,整题,2f2cee17ccbfff0e,不明,OUT,MAYBE,MAYBE,OUT,COLLECTED,OUT,MAYBE,OUT,MAYBE,完整题-选择题照收,E3,逐题已匹配参考答案,,,,,,BJ-2026-CY-QIZHONG-Q10,2026-09-24-attribution-v3,classify.py:classified_prod.jsonl+matrix.csv+exam_identity.json+skill_overrides.json,no
BJ-2026-CY-QIZHONG-Q11,BJ-2026-CY-QIZHONG-Q11,BJ-2026-CY-QIZHONG,BJ-2026-CY-QIZHONG,11,选择题,,整题,9ff8d5810525dda4,不明,OUT,MAYBE,MAYBE,OUT,OUT,OUT,MAYBE,OUT,MAYBE,完整题-选择题照收,E3,逐题已匹配参考答案,,,,,,BJ-2026-CY-QIZHONG-Q11,2026-09-24-attribution-v3,classify.py:classified_prod.jsonl+matrix.csv+exam_identity.json+skill_overrides.json,no
BJ-2026-CY-QIZHONG-Q12,BJ-2026-CY-QIZHONG-Q12,BJ-2026-CY-QIZHONG,BJ-2026-CY-QIZHONG,12,选择题,,整题,d1b7861657a0ce01,不明,MAYBE,MAYBE,OUT,MAYBE,OUT,MAYBE,MAYBE,OUT,COLLECTED,完整题-选择题照收,E3,逐题已匹配参考答案,,,,,,BJ-2026-CY-QIZHONG-Q12,2026-09-24-attribution-v3,classify.py:classified_prod.jsonl+matrix.csv+exam_identity.json+skill_overrides.json,no
BJ-2026-CY-QIZHONG-Q13,BJ-2026-CY-QIZHONG-Q13,BJ-2026-CY-QIZHONG,BJ-2026-CY-QIZHONG,13,选择题,,整题,6e40d6c1a6b87704,不明,MAYBE,MAYBE,MAYBE,OUT,OUT,MAYBE,MAYBE,COLLECTED,COLLECTED,完整题-选择题照收,E3,逐题已匹配参考答案,,,,,,BJ-2026-CY-QIZHONG-Q13,2026-09-24-attribution-v3,classify.py:classified_prod.jsonl+matrix.csv+exam_identity.json+skill_overrides.json,no
BJ-2026-CY-QIZHONG-Q14,BJ-2026-CY-QIZHONG-Q14,BJ-2026-CY-QIZHONG,BJ-2026-CY-QIZHONG,14,选择题,,整题,42aa1e57e391679d,倾向,MAYBE,MAYBE,OUT,COLLECTED,OUT,MAYBE,OUT,OUT,COLLECTED,完整题-选择题照收,E3,逐题已匹配参考答案,,,,PH,,BJ-2026-CY-QIZHONG-Q14,2026-09-24-attribution-v3,classify.py:classified_prod.jsonl+matrix.csv+exam_identity.json+skill_overrides.json,no
BJ-2026-CY-QIZHONG-Q15,BJ-2026-CY-QIZHONG-Q15,BJ-2026-CY-QIZHONG,BJ-2026-CY-QIZHONG,15,选择题,,整题,cdde7c33436d2ab8,不明,MAYBE,MAYBE,MAYBE,OUT,OUT,MAYBE,OUT,OUT,COLLECTED,完整题-选择题照收,E3,逐题已匹配参考答案,,,,,,BJ-2026-CY-QIZHONG-Q15,2026-09-24-attribution-v3,classify.py:classified_prod.jsonl+matrix.csv+exam_identity.json+skill_overrides.json,no
BJ-2026-HD-QIZHONG-Q21,BJ-2026-HD-QIZHONG-Q21,BJ-2026-HD-QIZHONG,BJ-2026-HD-QIZHONG,21,主观题,,整题,da9a04d959c5b4b2,确定,MAYBE,COLLECTED,MAYBE,MAYBE,MAYBE,MAYBE,MAYBE,MAYBE,MAYBE,待裁决-证据未核实,缺细则,"未在rubric_links.csv找到该题任何行(未核实,不是已确认无)",B1:rubric_unreadable_not_OUT;B3:rubric_unreadable_not_OUT;PH:rubric_unreadable_not_OUT;CU:rubric_unreadable_not_OUT;X1:rubric_unreadable_not_OUT;X2:rubric_unreadable_not_OUT;MI:rubric_unreadable_not_OUT;RE:rubric_unreadable_not_OUT,,,,,BJ-2026-HD-QIZHONG-Q21,2026-09-24-attribution-v3,classify.py:classified_prod.jsonl+matrix.csv+exam_identity.json+skill_overrides.json,no
BJ-2026-HD-QIZHONG-Q3,BJ-2026-HD-QIZHONG-Q3,BJ-2026-HD-QIZHONG,BJ-2026-HD-QIZHONG,3,选择题,,整题,d6241939e464cbbf,不明,OUT,COLLECTED,MAYBE,MAYBE,MAYBE,MAYBE,OUT,OUT,OUT,完整题-选择题照收,缺答案键,"未在rubric_links.csv找到该题任何行(未核实,不是已确认无)",,,,,,BJ-2026-HD-QIZHONG-Q3,2026-09-24-attribution-v3,classify.py:classified_prod.jsonl+matrix.csv+exam_identity.json+skill_overrides.json,no
BJ-2026-HD-QIZHONG-Q4,BJ-2026-HD-QIZHONG-Q4,BJ-2026-HD-QIZHONG,BJ-2026-HD-QIZHONG,4,选择题,,整题,b400c72014efb48c,不明,OUT,COLLECTED,MAYBE,MAYBE,MAYBE,OUT,MAYBE,OUT,OUT,完整题-选择题照收,缺答案键,"未在rubric_links.csv找到该题任何行(未核实,不是已确认无)",,,,,,BJ-2026-HD-QIZHONG-Q4,2026-09-24-attribution-v3,classify.py:classified_prod.jsonl+matrix.csv+exam_identity.json+skill_overrides.json,no
BJ-2026-HD-QIZHONG-Q15,BJ-2026-HD-QIZHONG-Q15,BJ-2026-HD-QIZHONG,BJ-2026-HD-QIZHONG,15,选择题,,整题,3bdf86cffaa49c84,不明,MAYBE,MAYBE,MAYBE,OUT,OUT,COLLECTED,OUT,OUT,MAYBE,完整题-选择题照收,缺答案键,"未在rubric_links.csv找到该题任何行(未核实,不是已确认无)",,,,,,BJ-2026-HD-QIZHONG-Q15,2026-09-24-attribution-v3,classify.py:classified_prod.jsonl+matrix.csv+exam_identity.json+skill_overrides.json,no
BJ-2026-HD-QIZHONG-Q2,BJ-2026-HD-QIZHONG-Q2,BJ-2026-HD-QIZHONG,BJ-2026-HD-QIZHONG,2,选择题,,整题,dfd246ac8d4b3d3a,倾向,OUT,COLLECTED,COLLECTED,MAYBE,MAYBE,OUT,MAYBE,OUT,OUT,完整题-选择题照收,缺答案键,"未在rubric_links.csv找到该题任何行(未核实,不是已确认无)",,,,,,BJ-2026-HD-QIZHONG-Q2,2026-09-24-attribution-v3,classify.py:classified_prod.jsonl+matrix.csv+exam_identity.json+skill_overrides.json,no
BJ-2026-HD-QIZHONG-Q8,BJ-2026-HD-QIZHONG-Q8,BJ-2026-HD-QIZHONG,BJ-2026-HD-QIZHONG,8,选择题,,整题,b3df8501d8820e88,不明,OUT,MAYBE,COLLECTED,MAYBE,MAYBE,OUT,OUT,MAYBE,MAYBE,完整题-选择题照收,缺答案键,"未在rubric_links.csv找到该题任何行(未核实,不是已确认无)","关联但不合并(疑似跨卷复用/串题,非duplicate_registration_alias):dup_of=BJ-2024-BJ-GAOKAO-Q18",BJ-2024-BJ-GAOKAO-Q18,bixiu2;reasoning,,,BJ-2026-HD-QIZHONG-Q8,2026-09-24-attribution-v3,classify.py:classified_prod.jsonl+matrix.csv+exam_identity.json+skill_overrides.json,no
BJ-2026-HD-QIZHONG-Q20,BJ-2026-HD-QIZHONG-Q20,BJ-2026-HD-QIZHONG,BJ-2026-HD-QIZHONG,20,主观题,,整题,ed09aae936504c0e,确定,MAYBE,MAYBE,COLLECTED,MAYBE,MAYBE,MAYBE,MAYBE,MAYBE,MAYBE,待裁决-证据未核实,缺细则,"未在rubric_links.csv找到该题任何行(未核实,不是已确认无)",B1:rubric_unreadable_not_OUT;B2:rubric_unreadable_not_OUT;PH:rubric_unreadable_not_OUT;CU:rubric_unreadable_not_OUT;X1:rubric_unreadable_not_OUT;X2:rubric_unreadable_not_OUT;MI:rubric_unreadable_not_OUT;RE:rubric_unreadable_not_OUT,,,,,BJ-2026-HD-QIZHONG-Q20,2026-09-24-attribution-v3,classify.py:classified_prod.jsonl+matrix.csv+exam_identity.json+skill_overrides.json,no
BJ-2026-HD-QIZHONG-Q22#1,BJ-2026-HD-QIZHONG-Q22,BJ-2026-HD-QIZHONG,BJ-2026-HD-QIZHONG,22,主观题,1,小问,acff8627b7275f85,确定,MAYBE,MAYBE,MAYBE,COLLECTED,MAYBE,COLLECTED,MAYBE,MAYBE,MAYBE,完整题-有E1,E1,具名核实-题库线缺口(rubric_links.csv对该题一行都没有，未核实不是已确认无；book-xuanbi-1.md独立核验已闭环，按Skill结论收，同时列入回传题库线) | book-xuanbi-1.md:307 本轮主观E1新闭环7题：…海淀期中Q22(1)…,B1:rubric_unreadable_not_OUT;B2:rubric_unreadable_not_OUT;B3:rubric_unreadable_not_OUT;CU:rubric_unreadable_not_OUT;X2:rubric_unreadable_not_OUT;MI:rubric_unreadable_not_OUT;RE:rubric_unreadable_not_OUT,,,,,BJ-2026-HD-QIZHONG-Q22,2026-09-24-attribution-v3,classify.py:classified_prod.jsonl+matrix.csv+exam_identity.json+skill_overrides.json,no
BJ-2026-HD-QIZHONG-Q22#2,BJ-2026-HD-QIZHONG-Q22,BJ-2026-HD-QIZHONG,BJ-2026-HD-QIZHONG,22,主观题,2,小问,baaaf4b576f013b2,不明,MAYBE,MAYBE,MAYBE,COLLECTED,MAYBE,COLLECTED,MAYBE,MAYBE,MAYBE,待裁决-证据未核实,缺细则,"未在rubric_links.csv找到该题任何行(未核实,不是已确认无)",,,,,,BJ-2026-HD-QIZHONG-Q22,2026-09-24-attribution-v3,classify.py:classified_prod.jsonl+matrix.csv+exam_identity.json+skill_overrides.json,no
BJ-2026-HD-QIZHONG-Q1,BJ-2026-HD-QIZHONG-Q1,BJ-2026-HD-QIZHONG,BJ-2026-HD-QIZHONG,1,选择题,,整题,741d83e147356ce7,不明,IN,MAYBE,MAYBE,MAYBE,MAYBE,OUT,OUT,OUT,OUT,完整题-选择题照收,缺答案键,"未在rubric_links.csv找到该题任何行(未核实,不是已确认无)",,,,,,BJ-2026-HD-QIZHONG-Q1,2026-09-24-attribution-v3,classify.py:classified_prod.jsonl+matrix.csv+exam_identity.json+skill_overrides.json,no
BJ-2026-HD-QIZHONG-Q5,BJ-2026-HD-QIZHONG-Q5,BJ-2026-HD-QIZHONG,BJ-2026-HD-QIZHONG,5,选择题,,整题,36243f99b1be2765,不明,OUT,COLLECTED,MAYBE,MAYBE,COLLECTED,COLLECTED,IN,MAYBE,MAYBE,完整题-选择题照收,缺答案键,"未在rubric_links.csv找到该题任何行(未核实,不是已确认无)",,,,X1,,BJ-2026-HD-QIZHONG-Q5,2026-09-24-attribution-v3,classify.py:classified_prod.jsonl+matrix.csv+exam_identity.json+skill_overrides.json,no
BJ-2026-HD-QIZHONG-Q6,BJ-2026-HD-QIZHONG-Q6,BJ-2026-HD-QIZHONG,BJ-2026-HD-QIZHONG,6,选择题,,整题,69bf9e2ac4ccd610,不明,OUT,COLLECTED,MAYBE,MAYBE,MAYBE,OUT,MAYBE,OUT,MAYBE,完整题-选择题照收,缺答案键,"未在rubric_links.csv找到该题任何行(未核实,不是已确认无)",,,,,,BJ-2026-HD-QIZHONG-Q6,2026-09-24-attribution-v3,classify.py:classified_prod.jsonl+matrix.csv+exam_identity.json+skill_overrides.json,no
BJ-2026-HD-QIZHONG-Q7,BJ-2026-HD-QIZHONG-Q7,BJ-2026-HD-QIZHONG,BJ-2026-HD-QIZHONG,7,选择题,,整题,5b6a8fbbffeeb508,不明,MAYBE,MAYBE,COLLECTED,COLLECTED,MAYBE,MAYBE,MAYBE,MAYBE,MAYBE,完整题-选择题照收,缺答案键,"未在rubric_links.csv找到该题任何行(未核实,不是已确认无)",,,,,,BJ-2026-HD-QIZHONG-Q7,2026-09-24-attribution-v3,classify.py:classified_prod.jsonl+matrix.csv+exam_identity.json+skill_overrides.json,no
BJ-2026-HD-QIZHONG-Q9,BJ-2026-HD-QIZHONG-Q9,BJ-2026-HD-QIZHONG,BJ-2026-HD-QIZHONG,9,选择题,,整题,62a1c5f6903537b2,不明,OUT,MAYBE,COLLECTED,COLLECTED,MAYBE,IN,MAYBE,MAYBE,MAYBE,完整题-选择题照收,缺答案键,"未在rubric_links.csv找到该题任何行(未核实,不是已确认无)",,,,,,BJ-2026-HD-QIZHONG-Q9,2026-09-24-attribution-v3,classify.py:classified_prod.jsonl+matrix.csv+exam_identity.json+skill_overrides.json,no
BJ-2026-HD-QIZHONG-Q10,BJ-2026-HD-QIZHONG-Q10,BJ-2026-HD-QIZHONG,BJ-2026-HD-QIZHONG,10,选择题,,整题,eec7093a4c26cf45,不明,OUT,MAYBE,COLLECTED,OUT,MAYBE,OUT,MAYBE,OUT,MAYBE,完整题-选择题照收,缺答案键,"未在rubric_links.csv找到该题任何行(未核实,不是已确认无)",,,,,,BJ-2026-HD-QIZHONG-Q10,2026-09-24-attribution-v3,classify.py:classified_prod.jsonl+matrix.csv+exam_identity.json+skill_overrides.json,no
BJ-2026-HD-QIZHONG-Q11,BJ-2026-HD-QIZHONG-Q11,BJ-2026-HD-QIZHONG,BJ-2026-HD-QIZHONG,11,选择题,,整题,6994ade28b79ef27,不明,OUT,MAYBE,COLLECTED,MAYBE,OUT,OUT,MAYBE,OUT,MAYBE,完整题-选择题照收,缺答案键,"未在rubric_links.csv找到该题任何行(未核实,不是已确认无)",,,,,,BJ-2026-HD-QIZHONG-Q11,2026-09-24-attribution-v3,classify.py:classified_prod.jsonl+matrix.csv+exam_identity.json+skill_overrides.json,no
BJ-2026-HD-QIZHONG-Q12,BJ-2026-HD-QIZHONG-Q12,BJ-2026-HD-QIZHONG,BJ-2026-HD-QIZHONG,12,选择题,,整题,2cdfbd1d2989a39d,不明,MAYBE,COLLECTED,MAYBE,OUT,OUT,MAYBE,MAYBE,OUT,MAYBE,完整题-选择题照收,缺答案键,"未在rubric_links.csv找到该题任何行(未核实,不是已确认无)",,,,,,BJ-2026-HD-QIZHONG-Q12,2026-09-24-attribution-v3,classify.py:classified_prod.jsonl+matrix.csv+exam_identity.json+skill_overrides.json,no
BJ-2026-HD-QIZHONG-Q13,BJ-2026-HD-QIZHONG-Q13,BJ-2026-HD-QIZHONG,BJ-2026-HD-QIZHONG,13,选择题,,整题,e066545d02a7d4a8,不明,OUT,MAYBE,MAYBE,OUT,COLLECTED,COLLECTED,MAYBE,OUT,MAYBE,完整题-选择题照收,缺答案键,"未在rubric_links.csv找到该题任何行(未核实,不是已确认无)",,,,CU,,BJ-2026-HD-QIZHONG-Q13,2026-09-24-attribution-v3,classify.py:classified_prod.jsonl+matrix.csv+exam_identity.json+skill_overrides.json,no
BJ-2026-HD-QIZHONG-Q14,BJ-2026-HD-QIZHONG-Q14,BJ-2026-HD-QIZHONG,BJ-2026-HD-QIZHONG,14,选择题,,整题,487b35e027c44ef8,倾向,MAYBE,COLLECTED,MAYBE,OUT,OUT,COLLECTED,OUT,OUT,MAYBE,完整题-选择题照收,缺答案键,"未在rubric_links.csv找到该题任何行(未核实,不是已确认无)",,,,,,BJ-2026-HD-QIZHONG-Q14,2026-09-24-attribution-v3,classify.py:classified_prod.jsonl+matrix.csv+exam_identity.json+skill_overrides.json,no
BJ-2026-HD-QIZHONG-Q16,BJ-2026-HD-QIZHONG-Q16,BJ-2026-HD-QIZHONG,BJ-2026-HD-QIZHONG,16,主观题,,整题,310afcfff1672e73,确定,MAYBE,COLLECTED,MAYBE,MAYBE,MAYBE,MAYBE,MAYBE,MAYBE,MAYBE,待裁决-证据未核实,缺细则,"未在rubric_links.csv找到该题任何行(未核实,不是已确认无)",B1:rubric_unreadable_not_OUT;B3:rubric_unreadable_not_OUT;PH:rubric_unreadable_not_OUT;CU:rubric_unreadable_not_OUT;X1:rubric_unreadable_not_OUT;X2:rubric_unreadable_not_OUT;MI:rubric_unreadable_not_OUT;RE:rubric_unreadable_not_OUT,,,,,BJ-2026-HD-QIZHONG-Q16,2026-09-24-attribution-v3,classify.py:classified_prod.jsonl+matrix.csv+exam_identity.json+skill_overrides.json,no
BJ-2026-HD-QIZHONG-Q17,BJ-2026-HD-QIZHONG-Q17,BJ-2026-HD-QIZHONG,BJ-2026-HD-QIZHONG,17,主观题,,整题,2a6866f4e6c7a05b,确定,MAYBE,COLLECTED,MAYBE,MAYBE,MAYBE,MAYBE,MAYBE,MAYBE,MAYBE,待裁决-证据未核实,缺细则,"未在rubric_links.csv找到该题任何行(未核实,不是已确认无)",B1:rubric_unreadable_not_OUT;B3:rubric_unreadable_not_OUT;PH:rubric_unreadable_not_OUT;CU:rubric_unreadable_not_OUT;X1:rubric_unreadable_not_OUT;X2:rubric_unreadable_not_OUT;MI:rubric_unreadable_not_OUT;RE:rubric_unreadable_not_OUT,,,,,BJ-2026-HD-QIZHONG-Q17,2026-09-24-attribution-v3,classify.py:classified_prod.jsonl+matrix.csv+exam_identity.json+skill_overrides.json,no
BJ-2026-HD-QIZHONG-Q18,BJ-2026-HD-QIZHONG-Q18,BJ-2026-HD-QIZHONG,BJ-2026-HD-QIZHONG,18,主观题,,整题,26afdb42ef31e73c,确定,MAYBE,MAYBE,COLLECTED,MAYBE,MAYBE,MAYBE,MAYBE,MAYBE,MAYBE,待裁决-证据未核实,缺细则,"未在rubric_links.csv找到该题任何行(未核实,不是已确认无)",B1:rubric_unreadable_not_OUT;B2:rubric_unreadable_not_OUT;PH:rubric_unreadable_not_OUT;CU:rubric_unreadable_not_OUT;X1:rubric_unreadable_not_OUT;X2:rubric_unreadable_not_OUT;MI:rubric_unreadable_not_OUT;RE:rubric_unreadable_not_OUT,,,,,BJ-2026-HD-QIZHONG-Q18,2026-09-24-attribution-v3,classify.py:classified_prod.jsonl+matrix.csv+exam_identity.json+skill_overrides.json,no
BJ-2026-HD-QIZHONG-Q19,BJ-2026-HD-QIZHONG-Q19,BJ-2026-HD-QIZHONG,BJ-2026-HD-QIZHONG,19,主观题,,整题,f758556b4a521d68,确定,MAYBE,MAYBE,COLLECTED,MAYBE,MAYBE,MAYBE,MAYBE,MAYBE,MAYBE,待裁决-证据未核实,缺细则,"未在rubric_links.csv找到该题任何行(未核实,不是已确认无)",B1:rubric_unreadable_not_OUT;B2:rubric_unreadable_not_OUT;PH:rubric_unreadable_not_OUT;CU:rubric_unreadable_not_OUT;X1:rubric_unreadable_not_OUT;X2:rubric_unreadable_not_OUT;MI:rubric_unreadable_not_OUT;RE:rubric_unreadable_not_OUT,,,,,BJ-2026-HD-QIZHONG-Q19,2026-09-24-attribution-v3,classify.py:classified_prod.jsonl+matrix.csv+exam_identity.json+skill_overrides.json,no
BJ-2026-HD-QIMO-Q16,BJ-2026-HD-QIMO-Q16,BJ-2026-HD-QIMO,BJ-2026-HD-QIMO,16,主观题,,整题,aa789649c7fc8e14,倾向,OUT,MAYBE,OUT,COLLECTED,OUT,OUT,OUT,MAYBE,MAYBE,完整题-有E1,E1,逐题已匹配正式评分材料,,,,,,BJ-2026-HD-QIMO-Q16,2026-09-24-attribution-v3,classify.py:classified_prod.jsonl+matrix.csv+exam_identity.json+skill_overrides.json,no
BJ-2026-HD-QIMO-Q17,BJ-2026-HD-QIMO-Q17,BJ-2026-HD-QIMO,BJ-2026-HD-QIMO,17,主观题,,整题,dfeb95259d59ee4a,倾向,OUT,OUT,OUT,COLLECTED,COLLECTED,OUT,OUT,OUT,MAYBE,待裁决-证据未核实,待裁决-证据未核实候选,该题正式评分材料候选存在候选/存在冲突，未确认匹配，不下判,,,,,,BJ-2026-HD-QIMO-Q17,2026-09-24-attribution-v3,classify.py:classified_prod.jsonl+matrix.csv+exam_identity.json+skill_overrides.json,no
BJ-2026-HD-QIMO-Q18#1,BJ-2026-HD-QIMO-Q18,BJ-2026-HD-QIMO,BJ-2026-HD-QIMO,18,主观题,1,小问,0bdce350e1d3ba7e,不明,OUT,COLLECTED,COLLECTED,MAYBE,MAYBE,OUT,COLLECTED,OUT,MAYBE,完整题-有E1,E1,逐题已匹配正式评分材料,,,,,,BJ-2026-HD-QIMO-Q18,2026-09-24-attribution-v3,classify.py:classified_prod.jsonl+matrix.csv+exam_identity.json+skill_overrides.json,no
BJ-2026-HD-QIMO-Q18#2,BJ-2026-HD-QIMO-Q18,BJ-2026-HD-QIMO,BJ-2026-HD-QIMO,18,主观题,2,小问,5e0be704c19e09d1,倾向,OUT,COLLECTED,COLLECTED,MAYBE,MAYBE,OUT,COLLECTED,OUT,MAYBE,完整题-有E1,E1,逐题已匹配正式评分材料,,,,,,BJ-2026-HD-QIMO-Q18,2026-09-24-attribution-v3,classify.py:classified_prod.jsonl+matrix.csv+exam_identity.json+skill_overrides.json,no
BJ-2026-HD-QIMO-Q19,BJ-2026-HD-QIMO-Q19,BJ-2026-HD-QIMO,BJ-2026-HD-QIMO,19,主观题,,整题,91a49761e7199586,倾向,OUT,COLLECTED,COLLECTED,MAYBE,MAYBE,OUT,COLLECTED,OUT,OUT,完整题-有E1,E1,逐题已匹配正式评分材料,,,,B2,,BJ-2026-HD-QIMO-Q19,2026-09-24-attribution-v3,classify.py:classified_prod.jsonl+matrix.csv+exam_identity.json+skill_overrides.json,no
BJ-2026-HD-QIMO-Q20#1,BJ-2026-HD-QIMO-Q20,BJ-2026-HD-QIMO,BJ-2026-HD-QIMO,20,主观题,1,小问,b39e03508ae04d44,倾向,OUT,MAYBE,OUT,MAYBE,OUT,OUT,OUT,COLLECTED,COLLECTED,完整题-有E1,E1,逐题已匹配正式评分材料,,,,,,BJ-2026-HD-QIMO-Q20,2026-09-24-attribution-v3,classify.py:classified_prod.jsonl+matrix.csv+exam_identity.json+skill_overrides.json,no
BJ-2026-HD-QIMO-Q20#2,BJ-2026-HD-QIMO-Q20,BJ-2026-HD-QIMO,BJ-2026-HD-QIMO,20,主观题,2,小问,3d286c5d8bc9146a,倾向,OUT,MAYBE,OUT,MAYBE,OUT,OUT,OUT,COLLECTED,COLLECTED,完整题-有E1,E1,逐题已匹配正式评分材料,,,,,,BJ-2026-HD-QIMO-Q20,2026-09-24-attribution-v3,classify.py:classified_prod.jsonl+matrix.csv+exam_identity.json+skill_overrides.json,no
BJ-2026-HD-QIMO-Q21,BJ-2026-HD-QIMO-Q21,BJ-2026-HD-QIMO,BJ-2026-HD-QIMO,21,主观题,,整题,8e4c493857b5a746,不明,MAYBE,COLLECTED,COLLECTED,COLLECTED,MAYBE,MAYBE,MAYBE,MAYBE,MAYBE,待裁决-证据未核实,待裁决-证据未核实候选,该题正式评分材料候选存在候选/存在冲突，未确认匹配，不下判,,,,,,BJ-2026-HD-QIMO-Q21,2026-09-24-attribution-v3,classify.py:classified_prod.jsonl+matrix.csv+exam_identity.json+skill_overrides.json,no
BJ-2026-HD-QIMO-Q1,BJ-2026-HD-QIMO-Q1,BJ-2026-HD-QIMO,BJ-2026-HD-QIMO,1,选择题,,整题,99279abf6355607a,不明,MAYBE,MAYBE,MAYBE,COLLECTED,MAYBE,MAYBE,OUT,OUT,OUT,完整题-选择题照收,答案键来源未核实(候选未确认),该题正式评分材料候选存在候选/存在冲突，未确认匹配，不下判,,,,,,BJ-2026-HD-QIMO-Q1,2026-09-24-attribution-v3,classify.py:classified_prod.jsonl+matrix.csv+exam_identity.json+skill_overrides.json,no
BJ-2026-HD-QIMO-Q2,BJ-2026-HD-QIMO-Q2,BJ-2026-HD-QIMO,BJ-2026-HD-QIMO,2,选择题,,整题,a40877c379f3299e,倾向,OUT,MAYBE,MAYBE,COLLECTED,MAYBE,OUT,OUT,OUT,OUT,完整题-选择题照收,答案键来源未核实(候选未确认),该题正式评分材料候选存在候选/存在冲突，未确认匹配，不下判,,,,,,BJ-2026-HD-QIMO-Q2,2026-09-24-attribution-v3,classify.py:classified_prod.jsonl+matrix.csv+exam_identity.json+skill_overrides.json,no
BJ-2026-HD-QIMO-Q3,BJ-2026-HD-QIMO-Q3,BJ-2026-HD-QIMO,BJ-2026-HD-QIMO,3,选择题,,整题,2638d64ea898c092,不明,OUT,MAYBE,MAYBE,COLLECTED,COLLECTED,MAYBE,MAYBE,OUT,OUT,完整题-选择题照收,答案键来源未核实(候选未确认),该题正式评分材料候选存在候选/存在冲突，未确认匹配，不下判,,,,,,BJ-2026-HD-QIMO-Q3,2026-09-24-attribution-v3,classify.py:classified_prod.jsonl+matrix.csv+exam_identity.json+skill_overrides.json,no
BJ-2026-HD-QIMO-Q4,BJ-2026-HD-QIMO-Q4,BJ-2026-HD-QIMO,BJ-2026-HD-QIMO,4,选择题,,整题,755667a876fc02a8,倾向,MAYBE,MAYBE,MAYBE,COLLECTED,COLLECTED,OUT,OUT,OUT,OUT,完整题-选择题照收,答案键来源未核实(候选未确认),该题正式评分材料候选存在候选/存在冲突，未确认匹配，不下判,,,,,,BJ-2026-HD-QIMO-Q4,2026-09-24-attribution-v3,classify.py:classified_prod.jsonl+matrix.csv+exam_identity.json+skill_overrides.json,no
BJ-2026-HD-QIMO-Q5,BJ-2026-HD-QIMO-Q5,BJ-2026-HD-QIMO,BJ-2026-HD-QIMO,5,选择题,,整题,abbdb74f3d11d798,不明,OUT,MAYBE,MAYBE,MAYBE,COLLECTED,MAYBE,OUT,MAYBE,MAYBE,完整题-选择题照收,答案键来源未核实(候选未确认),该题正式评分材料候选存在候选/存在冲突，未确认匹配，不下判,,,,,,BJ-2026-HD-QIMO-Q5,2026-09-24-attribution-v3,classify.py:classified_prod.jsonl+matrix.csv+exam_identity.json+skill_overrides.json,no
BJ-2026-HD-QIMO-Q6,BJ-2026-HD-QIMO-Q6,BJ-2026-HD-QIMO,BJ-2026-HD-QIMO,6,选择题,,整题,ab3ece05fad1bb67,不明,OUT,MAYBE,MAYBE,MAYBE,MAYBE,OUT,COLLECTED,OUT,MAYBE,完整题-选择题照收,答案键来源未核实(候选未确认),该题正式评分材料候选存在候选/存在冲突，未确认匹配，不下判,,,,,,BJ-2026-HD-QIMO-Q6,2026-09-24-attribution-v3,classify.py:classified_prod.jsonl+matrix.csv+exam_identity.json+skill_overrides.json,no
BJ-2026-HD-QIMO-Q7,BJ-2026-HD-QIMO-Q7,BJ-2026-HD-QIMO,BJ-2026-HD-QIMO,7,选择题,,整题,2e78aeee7ba7e8cc,不明,OUT,MAYBE,MAYBE,MAYBE,MAYBE,OUT,COLLECTED,MAYBE,MAYBE,完整题-选择题照收,答案键来源未核实(候选未确认),该题正式评分材料候选存在候选/存在冲突，未确认匹配，不下判,,,,,,BJ-2026-HD-QIMO-Q7,2026-09-24-attribution-v3,classify.py:classified_prod.jsonl+matrix.csv+exam_identity.json+skill_overrides.json,no
BJ-2026-HD-QIMO-Q8,BJ-2026-HD-QIMO-Q8,BJ-2026-HD-QIMO,BJ-2026-HD-QIMO,8,选择题,,整题,b1b7fb3a6aa1bc09,不明,OUT,MAYBE,MAYBE,MAYBE,COLLECTED,OUT,COLLECTED,MAYBE,MAYBE,完整题-选择题照收,答案键来源未核实(候选未确认),该题正式评分材料候选存在候选/存在冲突，未确认匹配，不下判,,,,,,BJ-2026-HD-QIMO-Q8,2026-09-24-attribution-v3,classify.py:classified_prod.jsonl+matrix.csv+exam_identity.json+skill_overrides.json,no
BJ-2026-HD-QIMO-Q9,BJ-2026-HD-QIMO-Q9,BJ-2026-HD-QIMO,BJ-2026-HD-QIMO,9,选择题,,整题,1972d039884466a6,不明,OUT,MAYBE,MAYBE,MAYBE,MAYBE,OUT,COLLECTED,MAYBE,MAYBE,完整题-选择题照收,答案键来源未核实(候选未确认),该题正式评分材料候选存在候选/存在冲突，未确认匹配，不下判,,,,,,BJ-2026-HD-QIMO-Q9,2026-09-24-attribution-v3,classify.py:classified_prod.jsonl+matrix.csv+exam_identity.json+skill_overrides.json,no
BJ-2026-HD-QIMO-Q10,BJ-2026-HD-QIMO-Q10,BJ-2026-HD-QIMO,BJ-2026-HD-QIMO,10,选择题,,整题,4c3d5f485a5086f4,倾向,OUT,COLLECTED,MAYBE,OUT,MAYBE,OUT,COLLECTED,OUT,MAYBE,完整题-选择题照收,答案键来源未核实(候选未确认),该题正式评分材料候选存在候选/存在冲突，未确认匹配，不下判,,,,,,BJ-2026-HD-QIMO-Q10,2026-09-24-attribution-v3,classify.py:classified_prod.jsonl+matrix.csv+exam_identity.json+skill_overrides.json,no
BJ-2026-HD-QIMO-Q11,BJ-2026-HD-QIMO-Q11,BJ-2026-HD-QIMO,BJ-2026-HD-QIMO,11,选择题,,整题,6ad577d259d4ec49,倾向,OUT,MAYBE,MAYBE,OUT,OUT,OUT,MAYBE,OUT,COLLECTED,完整题-选择题照收,答案键来源未核实(候选未确认),该题正式评分材料候选存在候选/存在冲突，未确认匹配，不下判,,,,,,BJ-2026-HD-QIMO-Q11,2026-09-24-attribution-v3,classify.py:classified_prod.jsonl+matrix.csv+exam_identity.json+skill_overrides.json,no
BJ-2026-HD-QIMO-Q12,BJ-2026-HD-QIMO-Q12,BJ-2026-HD-QIMO,BJ-2026-HD-QIMO,12,选择题,,整题,75a6a4573dc01514,不明,MAYBE,MAYBE,MAYBE,OUT,OUT,MAYBE,MAYBE,OUT,COLLECTED,完整题-选择题照收,答案键来源未核实(候选未确认),该题正式评分材料候选存在候选/存在冲突，未确认匹配，不下判,,,,RE,,BJ-2026-HD-QIMO-Q12,2026-09-24-attribution-v3,classify.py:classified_prod.jsonl+matrix.csv+exam_identity.json+skill_overrides.json,no
BJ-2026-HD-QIMO-Q13,BJ-2026-HD-QIMO-Q13,BJ-2026-HD-QIMO,BJ-2026-HD-QIMO,13,选择题,,整题,f5c27443a7917034,不明,MAYBE,MAYBE,MAYBE,OUT,OUT,MAYBE,MAYBE,OUT,COLLECTED,完整题-选择题照收,答案键来源未核实(候选未确认),该题正式评分材料候选存在候选/存在冲突，未确认匹配，不下判,,,,,,BJ-2026-HD-QIMO-Q13,2026-09-24-attribution-v3,classify.py:classified_prod.jsonl+matrix.csv+exam_identity.json+skill_overrides.json,no
BJ-2026-HD-QIMO-Q14,BJ-2026-HD-QIMO-Q14,BJ-2026-HD-QIMO,BJ-2026-HD-QIMO,14,选择题,,整题,19f6c34aacb9cf02,不明,MAYBE,MAYBE,MAYBE,OUT,OUT,MAYBE,OUT,IN,COLLECTED,完整题-选择题照收,答案键来源未核实(候选未确认),该题正式评分材料候选存在候选/存在冲突，未确认匹配，不下判,,,,,,BJ-2026-HD-QIMO-Q14,2026-09-24-attribution-v3,classify.py:classified_prod.jsonl+matrix.csv+exam_identity.json+skill_overrides.json,no
BJ-2026-HD-QIMO-Q15,BJ-2026-HD-QIMO-Q15,BJ-2026-HD-QIMO,BJ-2026-HD-QIMO,15,选择题,,整题,9ee78d3c7ce89b97,不明,MAYBE,IN,MAYBE,OUT,OUT,MAYBE,OUT,MAYBE,MAYBE,完整题-选择题照收,答案键来源未核实(候选未确认),该题正式评分材料候选存在候选/存在冲突，未确认匹配，不下判,,,,,,BJ-2026-HD-QIMO-Q15,2026-09-24-attribution-v3,classify.py:classified_prod.jsonl+matrix.csv+exam_identity.json+skill_overrides.json,no
BJ-2026-XC-QIMO-Q16#1,BJ-2026-XC-QIMO-Q16,BJ-2026-XC-QIMO,BJ-2026-XC-QIMO,16,主观题,1,小问,d573a8bed9ce9ce7,不明,OUT,MAYBE,MAYBE,COLLECTED,COLLECTED,MAYBE,OUT,OUT,MAYBE,完整题-有E1,E1,逐题已匹配正式评分材料,,,,,,BJ-2026-XC-QIMO-Q16,2026-09-24-attribution-v3,classify.py:classified_prod.jsonl+matrix.csv+exam_identity.json+skill_overrides.json,no
BJ-2026-XC-QIMO-Q16#2,BJ-2026-XC-QIMO-Q16,BJ-2026-XC-QIMO,BJ-2026-XC-QIMO,16,主观题,2,小问,89b4b3ad07ccad92,不明,OUT,MAYBE,MAYBE,COLLECTED,COLLECTED,MAYBE,OUT,OUT,MAYBE,完整题-有E1,E1,逐题已匹配正式评分材料,,,,,,BJ-2026-XC-QIMO-Q16,2026-09-24-attribution-v3,classify.py:classified_prod.jsonl+matrix.csv+exam_identity.json+skill_overrides.json,no
BJ-2026-XC-QIMO-Q17,BJ-2026-XC-QIMO-Q17,BJ-2026-XC-QIMO,BJ-2026-XC-QIMO,17,主观题,,整题,bf41926b28d4cbc1,倾向,OUT,OUT,COLLECTED,MAYBE,OUT,OUT,COLLECTED,OUT,MAYBE,完整题-有E1,E1,逐题已匹配正式评分材料,,,,,,BJ-2026-XC-QIMO-Q17,2026-09-24-attribution-v3,classify.py:classified_prod.jsonl+matrix.csv+exam_identity.json+skill_overrides.json,no
BJ-2026-XC-QIMO-Q18,BJ-2026-XC-QIMO-Q18,BJ-2026-XC-QIMO,BJ-2026-XC-QIMO,18,主观题,,整题,aa9e9471d890bb33,不明,OUT,OUT,COLLECTED,MAYBE,OUT,MAYBE,MAYBE,MAYBE,OUT,完整题-有E1,E1,逐题已匹配正式评分材料,,,,,,BJ-2026-XC-QIMO-Q18,2026-09-24-attribution-v3,classify.py:classified_prod.jsonl+matrix.csv+exam_identity.json+skill_overrides.json,no
BJ-2026-XC-QIMO-Q19#1,BJ-2026-XC-QIMO-Q19,BJ-2026-XC-QIMO,BJ-2026-XC-QIMO,19,主观题,1,小问,6f4a98006e4c69c4,倾向,OUT,COLLECTED,MAYBE,OUT,MAYBE,OUT,OUT,OUT,COLLECTED,完整题-有E1,E1,逐题已匹配正式评分材料,,,,,,BJ-2026-XC-QIMO-Q19,2026-09-24-attribution-v3,classify.py:classified_prod.jsonl+matrix.csv+exam_identity.json+skill_overrides.json,no
BJ-2026-XC-QIMO-Q19#2,BJ-2026-XC-QIMO-Q19,BJ-2026-XC-QIMO,BJ-2026-XC-QIMO,19,主观题,2,小问,6db1b985a7722a39,倾向,OUT,COLLECTED,MAYBE,OUT,MAYBE,OUT,OUT,OUT,COLLECTED,完整题-有E1,E1,逐题已匹配正式评分材料,,,,,,BJ-2026-XC-QIMO-Q19,2026-09-24-attribution-v3,classify.py:classified_prod.jsonl+matrix.csv+exam_identity.json+skill_overrides.json,no
BJ-2026-XC-QIMO-Q20#1,BJ-2026-XC-QIMO-Q20,BJ-2026-XC-QIMO,BJ-2026-XC-QIMO,20,主观题,1,小问,77647ddb31ea8c11,不明,MAYBE,MAYBE,MAYBE,MAYBE,MAYBE,COLLECTED,MAYBE,MAYBE,MAYBE,完整题-有E1,E1,逐题已匹配正式评分材料,,,,,,BJ-2026-XC-QIMO-Q20,2026-09-24-attribution-v3,classify.py:classified_prod.jsonl+matrix.csv+exam_identity.json+skill_overrides.json,no
BJ-2026-XC-QIMO-Q20#2,BJ-2026-XC-QIMO-Q20,BJ-2026-XC-QIMO,BJ-2026-XC-QIMO,20,主观题,2,小问,14f941f5f5177590,不明,MAYBE,MAYBE,MAYBE,MAYBE,MAYBE,COLLECTED,MAYBE,MAYBE,MAYBE,完整题-有E1,E1,逐题已匹配正式评分材料,,,,,,BJ-2026-XC-QIMO-Q20,2026-09-24-attribution-v3,classify.py:classified_prod.jsonl+matrix.csv+exam_identity.json+skill_overrides.json,no
BJ-2026-XC-QIMO-Q21,BJ-2026-XC-QIMO-Q21,BJ-2026-XC-QIMO,BJ-2026-XC-QIMO,21,主观题,,整题,8383b8481d9ef23e,不明,MAYBE,MAYBE,COLLECTED,COLLECTED,MAYBE,MAYBE,MAYBE,MAYBE,MAYBE,完整题-有E1,E1,逐题已匹配正式评分材料,,,,,,BJ-2026-XC-QIMO-Q21,2026-09-24-attribution-v3,classify.py:classified_prod.jsonl+matrix.csv+exam_identity.json+skill_overrides.json,no
BJ-2026-XC-QIMO-Q1,BJ-2026-XC-QIMO-Q1,BJ-2026-XC-QIMO,BJ-2026-XC-QIMO,1,选择题,,整题,5186e4b72c6a17ff,倾向,MAYBE,MAYBE,MAYBE,COLLECTED,COLLECTED,OUT,OUT,OUT,OUT,完整题-选择题照收,E3,该题正式评分材料候选存在候选/存在冲突，未确认匹配，不下判（同时已有匹配参考答案，选择题按E3计，正式评分材料候选仍待核实）,,,,,,BJ-2026-XC-QIMO-Q1,2026-09-24-attribution-v3,classify.py:classified_prod.jsonl+matrix.csv+exam_identity.json+skill_overrides.json,no
BJ-2026-XC-QIMO-Q2,BJ-2026-XC-QIMO-Q2,BJ-2026-XC-QIMO,BJ-2026-XC-QIMO,2,选择题,,整题,a8f5174beb9378f1,不明,OUT,COLLECTED,MAYBE,MAYBE,MAYBE,MAYBE,OUT,OUT,OUT,完整题-选择题照收,E3,该题正式评分材料候选存在候选/存在冲突，未确认匹配，不下判（同时已有匹配参考答案，选择题按E3计，正式评分材料候选仍待核实）,,,,,,BJ-2026-XC-QIMO-Q2,2026-09-24-attribution-v3,classify.py:classified_prod.jsonl+matrix.csv+exam_identity.json+skill_overrides.json,no
BJ-2026-XC-QIMO-Q3,BJ-2026-XC-QIMO-Q3,BJ-2026-XC-QIMO,BJ-2026-XC-QIMO,3,选择题,,整题,230c5ee41007eea1,不明,OUT,MAYBE,MAYBE,COLLECTED,MAYBE,MAYBE,OUT,OUT,OUT,完整题-选择题照收,E3,该题正式评分材料候选存在候选/存在冲突，未确认匹配，不下判（同时已有匹配参考答案，选择题按E3计，正式评分材料候选仍待核实）,,,,,,BJ-2026-XC-QIMO-Q3,2026-09-24-attribution-v3,classify.py:classified_prod.jsonl+matrix.csv+exam_identity.json+skill_overrides.json,no
BJ-2026-XC-QIMO-Q4,BJ-2026-XC-QIMO-Q4,BJ-2026-XC-QIMO,BJ-2026-XC-QIMO,4,选择题,,整题,74660b93851f7054,倾向,OUT,MAYBE,MAYBE,COLLECTED,MAYBE,OUT,OUT,OUT,OUT,完整题-选择题照收,E3,该题正式评分材料候选存在候选/存在冲突，未确认匹配，不下判（同时已有匹配参考答案，选择题按E3计，正式评分材料候选仍待核实）,,,,,,BJ-2026-XC-QIMO-Q4,2026-09-24-attribution-v3,classify.py:classified_prod.jsonl+matrix.csv+exam_identity.json+skill_overrides.json,no
BJ-2026-XC-QIMO-Q5,BJ-2026-XC-QIMO-Q5,BJ-2026-XC-QIMO,BJ-2026-XC-QIMO,5,选择题,,整题,4452d0d133cd9552,不明,OUT,MAYBE,MAYBE,COLLECTED,MAYBE,MAYBE,OUT,MAYBE,MAYBE,完整题-选择题照收,E3,该题正式评分材料候选存在候选/存在冲突，未确认匹配，不下判（同时已有匹配参考答案，选择题按E3计，正式评分材料候选仍待核实）,,,,,,BJ-2026-XC-QIMO-Q5,2026-09-24-attribution-v3,classify.py:classified_prod.jsonl+matrix.csv+exam_identity.json+skill_overrides.json,no
BJ-2026-XC-QIMO-Q6,BJ-2026-XC-QIMO-Q6,BJ-2026-XC-QIMO,BJ-2026-XC-QIMO,6,选择题,,整题,f68f22ed5b72dbb8,不明,OUT,MAYBE,MAYBE,MAYBE,MAYBE,OUT,COLLECTED,OUT,MAYBE,完整题-选择题照收,E3,该题正式评分材料候选存在候选/存在冲突，未确认匹配，不下判（同时已有匹配参考答案，选择题按E3计，正式评分材料候选仍待核实）,,,,,,BJ-2026-XC-QIMO-Q6,2026-09-24-attribution-v3,classify.py:classified_prod.jsonl+matrix.csv+exam_identity.json+skill_overrides.json,no
BJ-2026-XC-QIMO-Q7,BJ-2026-XC-QIMO-Q7,BJ-2026-XC-QIMO,BJ-2026-XC-QIMO,7,选择题,,整题,30547e675021d4f3,不明,OUT,MAYBE,MAYBE,MAYBE,MAYBE,OUT,COLLECTED,MAYBE,MAYBE,完整题-选择题照收,E3,该题正式评分材料候选存在候选/存在冲突，未确认匹配，不下判（同时已有匹配参考答案，选择题按E3计，正式评分材料候选仍待核实）,,,,,,BJ-2026-XC-QIMO-Q7,2026-09-24-attribution-v3,classify.py:classified_prod.jsonl+matrix.csv+exam_identity.json+skill_overrides.json,no
BJ-2026-XC-QIMO-Q8,BJ-2026-XC-QIMO-Q8,BJ-2026-XC-QIMO,BJ-2026-XC-QIMO,8,选择题,,整题,9262ed0421a6449b,不明,OUT,MAYBE,MAYBE,MAYBE,MAYBE,MAYBE,OUT,MAYBE,COLLECTED,完整题-选择题照收,E3,该题正式评分材料候选存在候选/存在冲突，未确认匹配，不下判（同时已有匹配参考答案，选择题按E3计，正式评分材料候选仍待核实）,,,,,,BJ-2026-XC-QIMO-Q8,2026-09-24-attribution-v3,classify.py:classified_prod.jsonl+matrix.csv+exam_identity.json+skill_overrides.json,no
BJ-2026-XC-QIMO-Q10,BJ-2026-XC-QIMO-Q10,BJ-2026-XC-QIMO,BJ-2026-XC-QIMO,10,选择题,,整题,84b8eb91299a8afe,不明,OUT,MAYBE,COLLECTED,OUT,MAYBE,OUT,MAYBE,MAYBE,MAYBE,完整题-选择题照收,E3,该题正式评分材料候选存在候选/存在冲突，未确认匹配，不下判（同时已有匹配参考答案，选择题按E3计，正式评分材料候选仍待核实）,,,,,,BJ-2026-XC-QIMO-Q10,2026-09-24-attribution-v3,classify.py:classified_prod.jsonl+matrix.csv+exam_identity.json+skill_overrides.json,no
BJ-2026-XC-QIMO-Q11,BJ-2026-XC-QIMO-Q11,BJ-2026-XC-QIMO,BJ-2026-XC-QIMO,11,选择题,,整题,abc0989b54d6b6d7,倾向,OUT,MAYBE,IN,OUT,OUT,OUT,MAYBE,OUT,MAYBE,完整题-选择题照收,E3,该题正式评分材料候选存在候选/存在冲突，未确认匹配，不下判（同时已有匹配参考答案，选择题按E3计，正式评分材料候选仍待核实）,,,,,,BJ-2026-XC-QIMO-Q11,2026-09-24-attribution-v3,classify.py:classified_prod.jsonl+matrix.csv+exam_identity.json+skill_overrides.json,no
BJ-2026-XC-QIMO-Q12,BJ-2026-XC-QIMO-Q12,BJ-2026-XC-QIMO,BJ-2026-XC-QIMO,12,选择题,,整题,5ab52da821eb5635,不明,MAYBE,COLLECTED,MAYBE,OUT,OUT,MAYBE,MAYBE,OUT,MAYBE,完整题-选择题照收,E3,该题正式评分材料候选存在候选/存在冲突，未确认匹配，不下判（同时已有匹配参考答案，选择题按E3计，正式评分材料候选仍待核实）,,,,,,BJ-2026-XC-QIMO-Q12,2026-09-24-attribution-v3,classify.py:classified_prod.jsonl+matrix.csv+exam_identity.json+skill_overrides.json,no
BJ-2026-XC-QIMO-Q13,BJ-2026-XC-QIMO-Q13,BJ-2026-XC-QIMO,BJ-2026-XC-QIMO,13,选择题,,整题,4d8611912403bb4b,不明,MAYBE,COLLECTED,MAYBE,OUT,OUT,MAYBE,IN,OUT,MAYBE,完整题-选择题照收,E3,该题正式评分材料候选存在候选/存在冲突，未确认匹配，不下判（同时已有匹配参考答案，选择题按E3计，正式评分材料候选仍待核实）,,,,,,BJ-2026-XC-QIMO-Q13,2026-09-24-attribution-v3,classify.py:classified_prod.jsonl+matrix.csv+exam_identity.json+skill_overrides.json,no
BJ-2026-XC-QIMO-Q14,BJ-2026-XC-QIMO-Q14,BJ-2026-XC-QIMO,BJ-2026-XC-QIMO,14,选择题,,整题,a2a8b9b7808dca29,倾向,MAYBE,COLLECTED,MAYBE,OUT,OUT,COLLECTED,OUT,OUT,MAYBE,完整题-选择题照收,E3,该题正式评分材料候选存在候选/存在冲突，未确认匹配，不下判（同时已有匹配参考答案，选择题按E3计，正式评分材料候选仍待核实）,,,,,,BJ-2026-XC-QIMO-Q14,2026-09-24-attribution-v3,classify.py:classified_prod.jsonl+matrix.csv+exam_identity.json+skill_overrides.json,no
BJ-2026-TZ-QIMO-Q16,BJ-2026-TZ-QIMO-Q16,BJ-2026-TZ-QIMO,BJ-2026-TZ-QIMO,16,主观题,,整题,3b15eac2e831734e,倾向,MAYBE,MAYBE,MAYBE,COLLECTED,COLLECTED,MAYBE,MAYBE,MAYBE,MAYBE,完整题-有E1,E1,逐题已匹配正式评分材料,B1:rubric_unreadable_not_OUT;B2:rubric_unreadable_not_OUT;B3:rubric_unreadable_not_OUT;MI:rubric_unreadable_not_OUT;RE:rubric_unreadable_not_OUT,,,,,BJ-2026-TZ-QIMO-Q16,2026-09-24-attribution-v3,classify.py:classified_prod.jsonl+matrix.csv+exam_identity.json+skill_overrides.json,no
BJ-2026-TZ-QIMO-Q1,BJ-2026-TZ-QIMO-Q1,BJ-2026-TZ-QIMO,BJ-2026-TZ-QIMO,1,选择题,,整题,686952d1194fa023,不明,MAYBE,MAYBE,COLLECTED,MAYBE,MAYBE,MAYBE,OUT,OUT,OUT,完整题-选择题照收,E1,逐题已匹配正式评分材料,,,,,,BJ-2026-TZ-QIMO-Q1,2026-09-24-attribution-v3,classify.py:classified_prod.jsonl+matrix.csv+exam_identity.json+skill_overrides.json,no
BJ-2026-TZ-QIMO-Q2,BJ-2026-TZ-QIMO-Q2,BJ-2026-TZ-QIMO,BJ-2026-TZ-QIMO,2,选择题,,整题,b1550cd87f756b31,倾向,OUT,COLLECTED,MAYBE,MAYBE,MAYBE,OUT,OUT,OUT,OUT,完整题-选择题照收,E1,逐题已匹配正式评分材料,,,,,,BJ-2026-TZ-QIMO-Q2,2026-09-24-attribution-v3,classify.py:classified_prod.jsonl+matrix.csv+exam_identity.json+skill_overrides.json,no
BJ-2026-TZ-QIMO-Q3,BJ-2026-TZ-QIMO-Q3,BJ-2026-TZ-QIMO,BJ-2026-TZ-QIMO,3,选择题,,整题,c26bc147dbae34e3,倾向,OUT,COLLECTED,MAYBE,MAYBE,MAYBE,COLLECTED,OUT,OUT,OUT,完整题-选择题照收,E1,逐题已匹配正式评分材料,,,,,,BJ-2026-TZ-QIMO-Q3,2026-09-24-attribution-v3,classify.py:classified_prod.jsonl+matrix.csv+exam_identity.json+skill_overrides.json,no
BJ-2026-TZ-QIMO-Q17,BJ-2026-TZ-QIMO-Q17,BJ-2026-TZ-QIMO,BJ-2026-TZ-QIMO,17,主观题,,整题,c84084d3dba92a7d,倾向,OUT,OUT,COLLECTED,OUT,MAYBE,OUT,MAYBE,OUT,OUT,完整题-有E1,E1,逐题已匹配正式评分材料,,,,,,BJ-2026-TZ-QIMO-Q17,2026-09-24-attribution-v3,classify.py:classified_prod.jsonl+matrix.csv+exam_identity.json+skill_overrides.json,no
BJ-2026-TZ-QIMO-Q18,BJ-2026-TZ-QIMO-Q18,BJ-2026-TZ-QIMO,BJ-2026-TZ-QIMO,18,主观题,,整题,64415dec82dda6a1,倾向,OUT,COLLECTED,MAYBE,OUT,OUT,OUT,MAYBE,OUT,OUT,完整题-有E1,E1,逐题已匹配正式评分材料,,,,,,BJ-2026-TZ-QIMO-Q18,2026-09-24-attribution-v3,classify.py:classified_prod.jsonl+matrix.csv+exam_identity.json+skill_overrides.json,no
BJ-2026-TZ-QIMO-Q19#1,BJ-2026-TZ-QIMO-Q19,BJ-2026-TZ-QIMO,BJ-2026-TZ-QIMO,19,主观题,1,小问,1dc5328ea6ca011a,倾向,OUT,OUT,MAYBE,MAYBE,MAYBE,OUT,COLLECTED,OUT,COLLECTED,完整题-有E1,E1,逐题已匹配正式评分材料,,,,,,BJ-2026-TZ-QIMO-Q19,2026-09-24-attribution-v3,classify.py:classified_prod.jsonl+matrix.csv+exam_identity.json+skill_overrides.json,no
BJ-2026-TZ-QIMO-Q19#2,BJ-2026-TZ-QIMO-Q19,BJ-2026-TZ-QIMO,BJ-2026-TZ-QIMO,19,主观题,2,小问,fcaec1213f046695,不明,MAYBE,MAYBE,MAYBE,MAYBE,MAYBE,MAYBE,COLLECTED,MAYBE,COLLECTED,完整题-有E1,E1,逐题已匹配正式评分材料,,,,,,BJ-2026-TZ-QIMO-Q19,2026-09-24-attribution-v3,classify.py:classified_prod.jsonl+matrix.csv+exam_identity.json+skill_overrides.json,no
BJ-2026-TZ-QIMO-Q20,BJ-2026-TZ-QIMO-Q20,BJ-2026-TZ-QIMO,BJ-2026-TZ-QIMO,20,主观题,,整题,c270ffc36900112d,不明,OUT,MAYBE,OUT,OUT,MAYBE,COLLECTED,MAYBE,OUT,MAYBE,完整题-有E1,E1,逐题已匹配正式评分材料,,,,,,BJ-2026-TZ-QIMO-Q20,2026-09-24-attribution-v3,classify.py:classified_prod.jsonl+matrix.csv+exam_identity.json+skill_overrides.json,no
BJ-2026-TZ-QIMO-Q21,BJ-2026-TZ-QIMO-Q21,BJ-2026-TZ-QIMO,BJ-2026-TZ-QIMO,21,主观题,,整题,4b2e0885fc2a4699,不明,MAYBE,COLLECTED,COLLECTED,COLLECTED,MAYBE,MAYBE,MAYBE,MAYBE,MAYBE,完整题-有E1,E1,逐题已匹配正式评分材料,,,,,,BJ-2026-TZ-QIMO-Q21,2026-09-24-attribution-v3,classify.py:classified_prod.jsonl+matrix.csv+exam_identity.json+skill_overrides.json,no
BJ-2026-TZ-QIMO-Q4,BJ-2026-TZ-QIMO-Q4,BJ-2026-TZ-QIMO,BJ-2026-TZ-QIMO,4,选择题,,整题,3f9d15e55d39636b,倾向,OUT,MAYBE,COLLECTED,MAYBE,MAYBE,OUT,OUT,OUT,OUT,完整题-选择题照收,答案键来源未核实(候选未确认),该题正式评分材料候选存在候选/存在冲突，未确认匹配，不下判,,,,,,BJ-2026-TZ-QIMO-Q4,2026-09-24-attribution-v3,classify.py:classified_prod.jsonl+matrix.csv+exam_identity.json+skill_overrides.json,no
BJ-2026-TZ-QIMO-Q5,BJ-2026-TZ-QIMO-Q5,BJ-2026-TZ-QIMO,BJ-2026-TZ-QIMO,5,选择题,,整题,77d35218cd609699,不明,OUT,MAYBE,COLLECTED,COLLECTED,MAYBE,MAYBE,OUT,COLLECTED,MAYBE,完整题-选择题照收,答案键来源未核实(候选未确认),该题正式评分材料候选存在候选/存在冲突，未确认匹配，不下判,,,,,,BJ-2026-TZ-QIMO-Q5,2026-09-24-attribution-v3,classify.py:classified_prod.jsonl+matrix.csv+exam_identity.json+skill_overrides.json,no
BJ-2026-TZ-QIMO-Q6,BJ-2026-TZ-QIMO-Q6,BJ-2026-TZ-QIMO,BJ-2026-TZ-QIMO,6,选择题,,整题,51c9cd5fc8098b1d,不明,OUT,MAYBE,MAYBE,MAYBE,COLLECTED,OUT,MAYBE,OUT,MAYBE,完整题-选择题照收,答案键来源未核实(候选未确认),该题正式评分材料候选存在候选/存在冲突，未确认匹配，不下判,,,,,,BJ-2026-TZ-QIMO-Q6,2026-09-24-attribution-v3,classify.py:classified_prod.jsonl+matrix.csv+exam_identity.json+skill_overrides.json,no
BJ-2026-TZ-QIMO-Q7,BJ-2026-TZ-QIMO-Q7,BJ-2026-TZ-QIMO,BJ-2026-TZ-QIMO,7,选择题,,整题,dc339d108ae99bec,不明,OUT,MAYBE,MAYBE,COLLECTED,MAYBE,MAYBE,MAYBE,MAYBE,MAYBE,完整题-选择题照收,答案键来源未核实(候选未确认),该题正式评分材料候选存在候选/存在冲突，未确认匹配，不下判,,,,,,BJ-2026-TZ-QIMO-Q7,2026-09-24-attribution-v3,classify.py:classified_prod.jsonl+matrix.csv+exam_identity.json+skill_overrides.json,no
BJ-2026-TZ-QIMO-Q8,BJ-2026-TZ-QIMO-Q8,BJ-2026-TZ-QIMO,BJ-2026-TZ-QIMO,8,选择题,,整题,cbb3c53138b417bb,不明,OUT,MAYBE,MAYBE,COLLECTED,COLLECTED,OUT,OUT,MAYBE,MAYBE,完整题-选择题照收,答案键来源未核实(候选未确认),该题正式评分材料候选存在候选/存在冲突，未确认匹配，不下判,,,,,,BJ-2026-TZ-QIMO-Q8,2026-09-24-attribution-v3,classify.py:classified_prod.jsonl+matrix.csv+exam_identity.json+skill_overrides.json,no
BJ-2026-TZ-QIMO-Q9,BJ-2026-TZ-QIMO-Q9,BJ-2026-TZ-QIMO,BJ-2026-TZ-QIMO,9,选择题,,整题,961bc16a3343314a,不明,OUT,COLLECTED,MAYBE,COLLECTED,MAYBE,OUT,MAYBE,COLLECTED,MAYBE,完整题-选择题照收,答案键来源未核实(候选未确认),该题正式评分材料候选存在候选/存在冲突，未确认匹配，不下判,,,,,,BJ-2026-TZ-QIMO-Q9,2026-09-24-attribution-v3,classify.py:classified_prod.jsonl+matrix.csv+exam_identity.json+skill_overrides.json,no
BJ-2026-TZ-QIMO-Q10,BJ-2026-TZ-QIMO-Q10,BJ-2026-TZ-QIMO,BJ-2026-TZ-QIMO,10,选择题,,整题,49d1626bf8822d22,不明,OUT,MAYBE,MAYBE,OUT,MAYBE,OUT,MAYBE,OUT,COLLECTED,完整题-选择题照收,答案键来源未核实(候选未确认),该题正式评分材料候选存在候选/存在冲突，未确认匹配，不下判,,,,,,BJ-2026-TZ-QIMO-Q10,2026-09-24-attribution-v3,classify.py:classified_prod.jsonl+matrix.csv+exam_identity.json+skill_overrides.json,no
BJ-2026-TZ-QIMO-Q11,BJ-2026-TZ-QIMO-Q11,BJ-2026-TZ-QIMO,BJ-2026-TZ-QIMO,11,选择题,,整题,9e74612412bd96c3,不明,OUT,MAYBE,MAYBE,COLLECTED,MAYBE,MAYBE,MAYBE,MAYBE,COLLECTED,完整题-选择题照收,答案键来源未核实(候选未确认),该题正式评分材料候选存在候选/存在冲突，未确认匹配，不下判,,,,,,BJ-2026-TZ-QIMO-Q11,2026-09-24-attribution-v3,classify.py:classified_prod.jsonl+matrix.csv+exam_identity.json+skill_overrides.json,no
BJ-2026-TZ-QIMO-Q12,BJ-2026-TZ-QIMO-Q12,BJ-2026-TZ-QIMO,BJ-2026-TZ-QIMO,12,选择题,,整题,27c9baad03c98675,不明,MAYBE,MAYBE,MAYBE,OUT,OUT,MAYBE,COLLECTED,OUT,MAYBE,完整题-选择题照收,答案键来源未核实(候选未确认),该题正式评分材料候选存在候选/存在冲突，未确认匹配，不下判,,,,,,BJ-2026-TZ-QIMO-Q12,2026-09-24-attribution-v3,classify.py:classified_prod.jsonl+matrix.csv+exam_identity.json+skill_overrides.json,no
BJ-2026-TZ-QIMO-Q13,BJ-2026-TZ-QIMO-Q13,BJ-2026-TZ-QIMO,BJ-2026-TZ-QIMO,13,选择题,,整题,afc78ef4a192fcac,不明,MAYBE,MAYBE,MAYBE,OUT,OUT,MAYBE,COLLECTED,OUT,MAYBE,完整题-选择题照收,答案键来源未核实(候选未确认),该题正式评分材料候选存在候选/存在冲突，未确认匹配，不下判,,,,,,BJ-2026-TZ-QIMO-Q13,2026-09-24-attribution-v3,classify.py:classified_prod.jsonl+matrix.csv+exam_identity.json+skill_overrides.json,no
BJ-2026-TZ-QIMO-Q14,BJ-2026-TZ-QIMO-Q14,BJ-2026-TZ-QIMO,BJ-2026-TZ-QIMO,14,选择题,,整题,013d6b968ada139c,倾向,MAYBE,COLLECTED,MAYBE,OUT,OUT,COLLECTED,OUT,OUT,MAYBE,完整题-选择题照收,答案键来源未核实(候选未确认),该题正式评分材料候选存在候选/存在冲突，未确认匹配，不下判,,,,,,BJ-2026-TZ-QIMO-Q14,2026-09-24-attribution-v3,classify.py:classified_prod.jsonl+matrix.csv+exam_identity.json+skill_overrides.json,no
BJ-2026-TZ-QIMO-Q15,BJ-2026-TZ-QIMO-Q15,BJ-2026-TZ-QIMO,BJ-2026-TZ-QIMO,15,选择题,,整题,765a34660da98f75,倾向,MAYBE,COLLECTED,MAYBE,OUT,OUT,COLLECTED,OUT,OUT,MAYBE,完整题-选择题照收,答案键来源未核实(候选未确认),该题正式评分材料候选存在候选/存在冲突，未确认匹配，不下判,,,,,,BJ-2026-TZ-QIMO-Q15,2026-09-24-attribution-v3,classify.py:classified_prod.jsonl+matrix.csv+exam_identity.json+skill_overrides.json,no
BJ-2026-SJS-QIMO-Q16,BJ-2026-SJS-QIMO-Q16,BJ-2026-SJS-QIMO,BJ-2026-SJS-QIMO,16,主观题,,整题,f909abb39ae709ef,倾向,MAYBE,MAYBE,IN,MAYBE,MAYBE,MAYBE,MAYBE,MAYBE,MAYBE,收-具名例外,具名例外,具名例外:whole_exam_e3only | exams.csv BJ-2026-SJS-QIMO 行 notes 原话：Q1-Q20按2026石景山期末具名无正式细则例外使用E3（题库自身登记）; project-constitution.md:50 全项目当前只有2024顺义二模、2026石景山期末和2026北京高考三份具名试卷属于整卷无正式评分细则例外; book-philosophy.md:30、book-culture.md 书末E3例外段均列2026石景山期末,B1:rubric_unreadable_not_OUT;PH:rubric_unreadable_not_OUT;CU:rubric_unreadable_not_OUT;X1:rubric_unreadable_not_OUT;MI:rubric_unreadable_not_OUT;RE:rubric_unreadable_not_OUT,,,,,BJ-2026-SJS-QIMO-Q16,2026-09-24-attribution-v3,classify.py:classified_prod.jsonl+matrix.csv+exam_identity.json+skill_overrides.json,no
BJ-2026-SJS-QIMO-Q17,BJ-2026-SJS-QIMO-Q17,BJ-2026-SJS-QIMO,BJ-2026-SJS-QIMO,17,主观题,,整题,b93a7a4b3e508359,不明,MAYBE,MAYBE,MAYBE,MAYBE,MAYBE,MAYBE,COLLECTED,MAYBE,MAYBE,收-具名例外,具名例外,具名例外:whole_exam_e3only | exams.csv BJ-2026-SJS-QIMO 行 notes 原话：Q1-Q20按2026石景山期末具名无正式细则例外使用E3（题库自身登记）; project-constitution.md:50 全项目当前只有2024顺义二模、2026石景山期末和2026北京高考三份具名试卷属于整卷无正式评分细则例外; book-philosophy.md:30、book-culture.md 书末E3例外段均列2026石景山期末,,,,,,BJ-2026-SJS-QIMO-Q17,2026-09-24-attribution-v3,classify.py:classified_prod.jsonl+matrix.csv+exam_identity.json+skill_overrides.json,no
BJ-2026-SJS-QIMO-Q18#1,BJ-2026-SJS-QIMO-Q18,BJ-2026-SJS-QIMO,BJ-2026-SJS-QIMO,18,主观题,1,小问,95404765a103a2ea,倾向,OUT,OUT,OUT,MAYBE,COLLECTED,OUT,OUT,COLLECTED,MAYBE,收-具名例外,具名例外,具名例外:whole_exam_e3only | exams.csv BJ-2026-SJS-QIMO 行 notes 原话：Q1-Q20按2026石景山期末具名无正式细则例外使用E3（题库自身登记）; project-constitution.md:50 全项目当前只有2024顺义二模、2026石景山期末和2026北京高考三份具名试卷属于整卷无正式评分细则例外; book-philosophy.md:30、book-culture.md 书末E3例外段均列2026石景山期末,,,,,,BJ-2026-SJS-QIMO-Q18,2026-09-24-attribution-v3,classify.py:classified_prod.jsonl+matrix.csv+exam_identity.json+skill_overrides.json,no
BJ-2026-SJS-QIMO-Q18#2,BJ-2026-SJS-QIMO-Q18,BJ-2026-SJS-QIMO,BJ-2026-SJS-QIMO,18,主观题,2,小问,ae27ad3fcf9886ee,倾向,OUT,OUT,OUT,OUT,COLLECTED,OUT,OUT,COLLECTED,MAYBE,收-具名例外,具名例外,具名例外:whole_exam_e3only | exams.csv BJ-2026-SJS-QIMO 行 notes 原话：Q1-Q20按2026石景山期末具名无正式细则例外使用E3（题库自身登记）; project-constitution.md:50 全项目当前只有2024顺义二模、2026石景山期末和2026北京高考三份具名试卷属于整卷无正式评分细则例外; book-philosophy.md:30、book-culture.md 书末E3例外段均列2026石景山期末,,,,,,BJ-2026-SJS-QIMO-Q18,2026-09-24-attribution-v3,classify.py:classified_prod.jsonl+matrix.csv+exam_identity.json+skill_overrides.json,no
BJ-2026-SJS-QIMO-Q19#1,BJ-2026-SJS-QIMO-Q19,BJ-2026-SJS-QIMO,BJ-2026-SJS-QIMO,19,主观题,1,小问,acefb8f8ce0dbe74,倾向,OUT,IN,OUT,OUT,OUT,MAYBE,MAYBE,OUT,OUT,收-具名例外,具名例外,具名例外:whole_exam_e3only | exams.csv BJ-2026-SJS-QIMO 行 notes 原话：Q1-Q20按2026石景山期末具名无正式细则例外使用E3（题库自身登记）; project-constitution.md:50 全项目当前只有2024顺义二模、2026石景山期末和2026北京高考三份具名试卷属于整卷无正式评分细则例外; book-philosophy.md:30、book-culture.md 书末E3例外段均列2026石景山期末,,,,,,BJ-2026-SJS-QIMO-Q19,2026-09-24-attribution-v3,classify.py:classified_prod.jsonl+matrix.csv+exam_identity.json+skill_overrides.json,no
BJ-2026-SJS-QIMO-Q19#2,BJ-2026-SJS-QIMO-Q19,BJ-2026-SJS-QIMO,BJ-2026-SJS-QIMO,19,主观题,2,小问,86d94ffce63dbfa2,倾向,OUT,MAYBE,OUT,OUT,OUT,IN,MAYBE,OUT,OUT,收-具名例外,具名例外,具名例外:whole_exam_e3only | exams.csv BJ-2026-SJS-QIMO 行 notes 原话：Q1-Q20按2026石景山期末具名无正式细则例外使用E3（题库自身登记）; project-constitution.md:50 全项目当前只有2024顺义二模、2026石景山期末和2026北京高考三份具名试卷属于整卷无正式评分细则例外; book-philosophy.md:30、book-culture.md 书末E3例外段均列2026石景山期末,,,,,,BJ-2026-SJS-QIMO-Q19,2026-09-24-attribution-v3,classify.py:classified_prod.jsonl+matrix.csv+exam_identity.json+skill_overrides.json,no
BJ-2026-SJS-QIMO-Q20#1,BJ-2026-SJS-QIMO-Q20,BJ-2026-SJS-QIMO,BJ-2026-SJS-QIMO,20,主观题,1,小问,a76144e87f922d6f,不明,MAYBE,MAYBE,MAYBE,MAYBE,MAYBE,MAYBE,MAYBE,MAYBE,MAYBE,收-具名例外,具名例外,具名例外:whole_exam_e3only | exams.csv BJ-2026-SJS-QIMO 行 notes 原话：Q1-Q20按2026石景山期末具名无正式细则例外使用E3（题库自身登记）; project-constitution.md:50 全项目当前只有2024顺义二模、2026石景山期末和2026北京高考三份具名试卷属于整卷无正式评分细则例外; book-philosophy.md:30、book-culture.md 书末E3例外段均列2026石景山期末,,,,,,BJ-2026-SJS-QIMO-Q20,2026-09-24-attribution-v3,classify.py:classified_prod.jsonl+matrix.csv+exam_identity.json+skill_overrides.json,no
BJ-2026-SJS-QIMO-Q20#2,BJ-2026-SJS-QIMO-Q20,BJ-2026-SJS-QIMO,BJ-2026-SJS-QIMO,20,主观题,2,小问,7a5f33ec93c0b95b,不明,MAYBE,MAYBE,MAYBE,MAYBE,MAYBE,MAYBE,MAYBE,MAYBE,MAYBE,收-具名例外,具名例外,具名例外:whole_exam_e3only | exams.csv BJ-2026-SJS-QIMO 行 notes 原话：Q1-Q20按2026石景山期末具名无正式细则例外使用E3（题库自身登记）; project-constitution.md:50 全项目当前只有2024顺义二模、2026石景山期末和2026北京高考三份具名试卷属于整卷无正式评分细则例外; book-philosophy.md:30、book-culture.md 书末E3例外段均列2026石景山期末,,,,,,BJ-2026-SJS-QIMO-Q20,2026-09-24-attribution-v3,classify.py:classified_prod.jsonl+matrix.csv+exam_identity.json+skill_overrides.json,no
BJ-2026-SJS-QIMO-Q1,BJ-2026-SJS-QIMO-Q1,BJ-2026-SJS-QIMO,BJ-2026-SJS-QIMO,1,选择题,,整题,3ba5d5e03f398896,不明,MAYBE,MAYBE,IN,MAYBE,COLLECTED,MAYBE,OUT,OUT,OUT,收-具名例外,具名例外,具名例外:whole_exam_e3only | exams.csv BJ-2026-SJS-QIMO 行 notes 原话：Q1-Q20按2026石景山期末具名无正式细则例外使用E3（题库自身登记）; project-constitution.md:50 全项目当前只有2024顺义二模、2026石景山期末和2026北京高考三份具名试卷属于整卷无正式评分细则例外; book-philosophy.md:30、book-culture.md 书末E3例外段均列2026石景山期末,,,,,,BJ-2026-SJS-QIMO-Q1,2026-09-24-attribution-v3,classify.py:classified_prod.jsonl+matrix.csv+exam_identity.json+skill_overrides.json,no
BJ-2026-SJS-QIMO-Q2,BJ-2026-SJS-QIMO-Q2,BJ-2026-SJS-QIMO,BJ-2026-SJS-QIMO,2,选择题,,整题,4398a9f478094955,倾向,OUT,MAYBE,MAYBE,MAYBE,COLLECTED,OUT,OUT,OUT,OUT,收-具名例外,具名例外,具名例外:whole_exam_e3only | exams.csv BJ-2026-SJS-QIMO 行 notes 原话：Q1-Q20按2026石景山期末具名无正式细则例外使用E3（题库自身登记）; project-constitution.md:50 全项目当前只有2024顺义二模、2026石景山期末和2026北京高考三份具名试卷属于整卷无正式评分细则例外; book-philosophy.md:30、book-culture.md 书末E3例外段均列2026石景山期末,,,,,,BJ-2026-SJS-QIMO-Q2,2026-09-24-attribution-v3,classify.py:classified_prod.jsonl+matrix.csv+exam_identity.json+skill_overrides.json,no
BJ-2026-SJS-QIMO-Q3,BJ-2026-SJS-QIMO-Q3,BJ-2026-SJS-QIMO,BJ-2026-SJS-QIMO,3,选择题,,整题,06f210058ad518ad,不明,OUT,COLLECTED,MAYBE,MAYBE,MAYBE,MAYBE,OUT,OUT,OUT,收-具名例外,具名例外,具名例外:whole_exam_e3only | exams.csv BJ-2026-SJS-QIMO 行 notes 原话：Q1-Q20按2026石景山期末具名无正式细则例外使用E3（题库自身登记）; project-constitution.md:50 全项目当前只有2024顺义二模、2026石景山期末和2026北京高考三份具名试卷属于整卷无正式评分细则例外; book-philosophy.md:30、book-culture.md 书末E3例外段均列2026石景山期末,,,,,,BJ-2026-SJS-QIMO-Q3,2026-09-24-attribution-v3,classify.py:classified_prod.jsonl+matrix.csv+exam_identity.json+skill_overrides.json,no
BJ-2026-SJS-QIMO-Q4,BJ-2026-SJS-QIMO-Q4,BJ-2026-SJS-QIMO,BJ-2026-SJS-QIMO,4,选择题,,整题,7230e3d012f2184e,不明,OUT,COLLECTED,MAYBE,MAYBE,MAYBE,OUT,MAYBE,OUT,OUT,收-具名例外,具名例外,具名例外:whole_exam_e3only | exams.csv BJ-2026-SJS-QIMO 行 notes 原话：Q1-Q20按2026石景山期末具名无正式细则例外使用E3（题库自身登记）; project-constitution.md:50 全项目当前只有2024顺义二模、2026石景山期末和2026北京高考三份具名试卷属于整卷无正式评分细则例外; book-philosophy.md:30、book-culture.md 书末E3例外段均列2026石景山期末,,,,,,BJ-2026-SJS-QIMO-Q4,2026-09-24-attribution-v3,classify.py:classified_prod.jsonl+matrix.csv+exam_identity.json+skill_overrides.json,no
BJ-2026-SJS-QIMO-Q5,BJ-2026-SJS-QIMO-Q5,BJ-2026-SJS-QIMO,BJ-2026-SJS-QIMO,5,选择题,,整题,32e008f35e871a5f,不明,OUT,COLLECTED,MAYBE,MAYBE,MAYBE,COLLECTED,OUT,MAYBE,MAYBE,收-具名例外,具名例外,具名例外:whole_exam_e3only | exams.csv BJ-2026-SJS-QIMO 行 notes 原话：Q1-Q20按2026石景山期末具名无正式细则例外使用E3（题库自身登记）; project-constitution.md:50 全项目当前只有2024顺义二模、2026石景山期末和2026北京高考三份具名试卷属于整卷无正式评分细则例外; book-philosophy.md:30、book-culture.md 书末E3例外段均列2026石景山期末,,,,,,BJ-2026-SJS-QIMO-Q5,2026-09-24-attribution-v3,classify.py:classified_prod.jsonl+matrix.csv+exam_identity.json+skill_overrides.json,no
BJ-2026-SJS-QIMO-Q6,BJ-2026-SJS-QIMO-Q6,BJ-2026-SJS-QIMO,BJ-2026-SJS-QIMO,6,选择题,,整题,45b9c559740f6f6e,不明,MAYBE,IN,MAYBE,COLLECTED,MAYBE,OUT,MAYBE,OUT,MAYBE,收-具名例外,具名例外,具名例外:whole_exam_e3only | exams.csv BJ-2026-SJS-QIMO 行 notes 原话：Q1-Q20按2026石景山期末具名无正式细则例外使用E3（题库自身登记）; project-constitution.md:50 全项目当前只有2024顺义二模、2026石景山期末和2026北京高考三份具名试卷属于整卷无正式评分细则例外; book-philosophy.md:30、book-culture.md 书末E3例外段均列2026石景山期末,,,,,,BJ-2026-SJS-QIMO-Q6,2026-09-24-attribution-v3,classify.py:classified_prod.jsonl+matrix.csv+exam_identity.json+skill_overrides.json,no
BJ-2026-SJS-QIMO-Q7,BJ-2026-SJS-QIMO-Q7,BJ-2026-SJS-QIMO,BJ-2026-SJS-QIMO,7,选择题,,整题,9c914cc821b704f1,不明,OUT,MAYBE,IN,MAYBE,MAYBE,OUT,MAYBE,MAYBE,MAYBE,收-具名例外,具名例外,具名例外:whole_exam_e3only | exams.csv BJ-2026-SJS-QIMO 行 notes 原话：Q1-Q20按2026石景山期末具名无正式细则例外使用E3（题库自身登记）; project-constitution.md:50 全项目当前只有2024顺义二模、2026石景山期末和2026北京高考三份具名试卷属于整卷无正式评分细则例外; book-philosophy.md:30、book-culture.md 书末E3例外段均列2026石景山期末,,,,,,BJ-2026-SJS-QIMO-Q7,2026-09-24-attribution-v3,classify.py:classified_prod.jsonl+matrix.csv+exam_identity.json+skill_overrides.json,no
BJ-2026-SJS-QIMO-Q8,BJ-2026-SJS-QIMO-Q8,BJ-2026-SJS-QIMO,BJ-2026-SJS-QIMO,8,选择题,,整题,8176bbb2678832c3,不明,OUT,MAYBE,MAYBE,COLLECTED,MAYBE,OUT,OUT,MAYBE,MAYBE,收-具名例外,具名例外,具名例外:whole_exam_e3only | exams.csv BJ-2026-SJS-QIMO 行 notes 原话：Q1-Q20按2026石景山期末具名无正式细则例外使用E3（题库自身登记）; project-constitution.md:50 全项目当前只有2024顺义二模、2026石景山期末和2026北京高考三份具名试卷属于整卷无正式评分细则例外; book-philosophy.md:30、book-culture.md 书末E3例外段均列2026石景山期末,,,,,,BJ-2026-SJS-QIMO-Q8,2026-09-24-attribution-v3,classify.py:classified_prod.jsonl+matrix.csv+exam_identity.json+skill_overrides.json,no
BJ-2026-SJS-QIMO-Q9,BJ-2026-SJS-QIMO-Q9,BJ-2026-SJS-QIMO,BJ-2026-SJS-QIMO,9,选择题,,整题,05db9a3e681ac0a6,不明,OUT,IN,MAYBE,COLLECTED,MAYBE,OUT,MAYBE,MAYBE,MAYBE,收-具名例外,具名例外,具名例外:whole_exam_e3only | exams.csv BJ-2026-SJS-QIMO 行 notes 原话：Q1-Q20按2026石景山期末具名无正式细则例外使用E3（题库自身登记）; project-constitution.md:50 全项目当前只有2024顺义二模、2026石景山期末和2026北京高考三份具名试卷属于整卷无正式评分细则例外; book-philosophy.md:30、book-culture.md 书末E3例外段均列2026石景山期末,,,,,,BJ-2026-SJS-QIMO-Q9,2026-09-24-attribution-v3,classify.py:classified_prod.jsonl+matrix.csv+exam_identity.json+skill_overrides.json,no
BJ-2026-SJS-QIMO-Q10,BJ-2026-SJS-QIMO-Q10,BJ-2026-SJS-QIMO,BJ-2026-SJS-QIMO,10,选择题,,整题,dff46fccd620150c,不明,OUT,MAYBE,MAYBE,OUT,MAYBE,OUT,COLLECTED,OUT,MAYBE,收-具名例外,具名例外,具名例外:whole_exam_e3only | exams.csv BJ-2026-SJS-QIMO 行 notes 原话：Q1-Q20按2026石景山期末具名无正式细则例外使用E3（题库自身登记）; project-constitution.md:50 全项目当前只有2024顺义二模、2026石景山期末和2026北京高考三份具名试卷属于整卷无正式评分细则例外; book-philosophy.md:30、book-culture.md 书末E3例外段均列2026石景山期末,,,,,,BJ-2026-SJS-QIMO-Q10,2026-09-24-attribution-v3,classify.py:classified_prod.jsonl+matrix.csv+exam_identity.json+skill_overrides.json,no
BJ-2026-SJS-QIMO-Q11,BJ-2026-SJS-QIMO-Q11,BJ-2026-SJS-QIMO,BJ-2026-SJS-QIMO,11,选择题,,整题,bd084a8116e17b42,倾向,OUT,MAYBE,MAYBE,OUT,OUT,OUT,COLLECTED,OUT,MAYBE,收-具名例外,具名例外,具名例外:whole_exam_e3only | exams.csv BJ-2026-SJS-QIMO 行 notes 原话：Q1-Q20按2026石景山期末具名无正式细则例外使用E3（题库自身登记）; project-constitution.md:50 全项目当前只有2024顺义二模、2026石景山期末和2026北京高考三份具名试卷属于整卷无正式评分细则例外; book-philosophy.md:30、book-culture.md 书末E3例外段均列2026石景山期末,,,,,,BJ-2026-SJS-QIMO-Q11,2026-09-24-attribution-v3,classify.py:classified_prod.jsonl+matrix.csv+exam_identity.json+skill_overrides.json,no
BJ-2026-SJS-QIMO-Q12,BJ-2026-SJS-QIMO-Q12,BJ-2026-SJS-QIMO,BJ-2026-SJS-QIMO,12,选择题,,整题,97766aaef9d9df18,不明,MAYBE,MAYBE,MAYBE,OUT,OUT,MAYBE,IN,OUT,MAYBE,收-具名例外,具名例外,具名例外:whole_exam_e3only | exams.csv BJ-2026-SJS-QIMO 行 notes 原话：Q1-Q20按2026石景山期末具名无正式细则例外使用E3（题库自身登记）; project-constitution.md:50 全项目当前只有2024顺义二模、2026石景山期末和2026北京高考三份具名试卷属于整卷无正式评分细则例外; book-philosophy.md:30、book-culture.md 书末E3例外段均列2026石景山期末,,,,,,BJ-2026-SJS-QIMO-Q12,2026-09-24-attribution-v3,classify.py:classified_prod.jsonl+matrix.csv+exam_identity.json+skill_overrides.json,no
BJ-2026-SJS-QIMO-Q13,BJ-2026-SJS-QIMO-Q13,BJ-2026-SJS-QIMO,BJ-2026-SJS-QIMO,13,选择题,,整题,4c822d880881377e,不明,MAYBE,MAYBE,MAYBE,OUT,OUT,MAYBE,MAYBE,OUT,COLLECTED,收-具名例外,具名例外,具名例外:whole_exam_e3only | exams.csv BJ-2026-SJS-QIMO 行 notes 原话：Q1-Q20按2026石景山期末具名无正式细则例外使用E3（题库自身登记）; project-constitution.md:50 全项目当前只有2024顺义二模、2026石景山期末和2026北京高考三份具名试卷属于整卷无正式评分细则例外; book-philosophy.md:30、book-culture.md 书末E3例外段均列2026石景山期末,,,,,,BJ-2026-SJS-QIMO-Q13,2026-09-24-attribution-v3,classify.py:classified_prod.jsonl+matrix.csv+exam_identity.json+skill_overrides.json,no
BJ-2026-SJS-QIMO-Q14,BJ-2026-SJS-QIMO-Q14,BJ-2026-SJS-QIMO,BJ-2026-SJS-QIMO,14,选择题,,整题,38be0e107a3accbe,不明,MAYBE,MAYBE,MAYBE,OUT,OUT,MAYBE,OUT,IN,COLLECTED,收-具名例外,具名例外,具名例外:whole_exam_e3only | exams.csv BJ-2026-SJS-QIMO 行 notes 原话：Q1-Q20按2026石景山期末具名无正式细则例外使用E3（题库自身登记）; project-constitution.md:50 全项目当前只有2024顺义二模、2026石景山期末和2026北京高考三份具名试卷属于整卷无正式评分细则例外; book-philosophy.md:30、book-culture.md 书末E3例外段均列2026石景山期末,,,,,,BJ-2026-SJS-QIMO-Q14,2026-09-24-attribution-v3,classify.py:classified_prod.jsonl+matrix.csv+exam_identity.json+skill_overrides.json,no
BJ-2024-BJ-GAOKAO-Q1,BJ-2024-BJ-GAOKAO-Q1,BJ-2024-BJ-GAOKAO,BJ-2024-BJ-GAOKAO,1,选择题,,整题,f67a1fbb534f4e2a,倾向,MAYBE,MAYBE,COLLECTED,COLLECTED,MAYBE,OUT,OUT,OUT,OUT,完整题-选择题照收,E3,逐题已匹配参考答案,,,,,,BJ-2024-BJ-GAOKAO-Q1,2026-09-24-attribution-v3,classify.py:classified_prod.jsonl+matrix.csv+exam_identity.json+skill_overrides.json,no
BJ-2024-BJ-GAOKAO-Q2,BJ-2024-BJ-GAOKAO-Q2,BJ-2024-BJ-GAOKAO,BJ-2024-BJ-GAOKAO,2,选择题,,整题,0171cc57a7e21f13,倾向,OUT,MAYBE,COLLECTED,COLLECTED,MAYBE,OUT,OUT,OUT,OUT,完整题-选择题照收,E3,逐题已匹配参考答案,,,,,,BJ-2024-BJ-GAOKAO-Q2,2026-09-24-attribution-v3,classify.py:classified_prod.jsonl+matrix.csv+exam_identity.json+skill_overrides.json,no
BJ-2024-BJ-GAOKAO-Q3,BJ-2024-BJ-GAOKAO-Q3,BJ-2024-BJ-GAOKAO,BJ-2024-BJ-GAOKAO,3,选择题,,整题,37714036493769bc,不明,OUT,MAYBE,MAYBE,COLLECTED,COLLECTED,OUT,OUT,MAYBE,MAYBE,完整题-选择题照收,E3,逐题已匹配参考答案,,,,,,BJ-2024-BJ-GAOKAO-Q3,2026-09-24-attribution-v3,classify.py:classified_prod.jsonl+matrix.csv+exam_identity.json+skill_overrides.json,no
BJ-2024-BJ-GAOKAO-Q4,BJ-2024-BJ-GAOKAO-Q4,BJ-2024-BJ-GAOKAO,BJ-2024-BJ-GAOKAO,4,选择题,,整题,cec45af1763a1d09,倾向,OUT,MAYBE,MAYBE,COLLECTED,MAYBE,OUT,OUT,COLLECTED,OUT,完整题-选择题照收,E3,逐题已匹配参考答案,,,,MI,,BJ-2024-BJ-GAOKAO-Q4,2026-09-24-attribution-v3,classify.py:classified_prod.jsonl+matrix.csv+exam_identity.json+skill_overrides.json,no
BJ-2024-BJ-GAOKAO-Q5,BJ-2024-BJ-GAOKAO-Q5,BJ-2024-BJ-GAOKAO,BJ-2024-BJ-GAOKAO,5,选择题,,整题,1b6a2a54f83d0276,不明,OUT,MAYBE,MAYBE,COLLECTED,MAYBE,OUT,OUT,MAYBE,COLLECTED,完整题-选择题照收,E3,逐题已匹配参考答案,,,,,,BJ-2024-BJ-GAOKAO-Q5,2026-09-24-attribution-v3,classify.py:classified_prod.jsonl+matrix.csv+exam_identity.json+skill_overrides.json,no
BJ-2024-BJ-GAOKAO-Q6,BJ-2024-BJ-GAOKAO-Q6,BJ-2024-BJ-GAOKAO,BJ-2024-BJ-GAOKAO,6,选择题,,整题,542f52409ae81988,不明,OUT,MAYBE,MAYBE,MAYBE,MAYBE,OUT,OUT,MAYBE,COLLECTED,完整题-选择题照收,E3,逐题已匹配参考答案,,,,,,BJ-2024-BJ-GAOKAO-Q6,2026-09-24-attribution-v3,classify.py:classified_prod.jsonl+matrix.csv+exam_identity.json+skill_overrides.json,no
BJ-2024-BJ-GAOKAO-Q7,BJ-2024-BJ-GAOKAO-Q7,BJ-2024-BJ-GAOKAO,BJ-2024-BJ-GAOKAO,7,选择题,,整题,cc7241eb6e1549a7,不明,OUT,MAYBE,MAYBE,MAYBE,MAYBE,OUT,OUT,MAYBE,COLLECTED,完整题-选择题照收,E3,逐题已匹配参考答案,,,,,,BJ-2024-BJ-GAOKAO-Q7,2026-09-24-attribution-v3,classify.py:classified_prod.jsonl+matrix.csv+exam_identity.json+skill_overrides.json,no
BJ-2024-BJ-GAOKAO-Q8,BJ-2024-BJ-GAOKAO-Q8,BJ-2024-BJ-GAOKAO,BJ-2024-BJ-GAOKAO,8,选择题,,整题,b309971767a9f97e,不明,MAYBE,MAYBE,MAYBE,MAYBE,COLLECTED,OUT,OUT,OUT,MAYBE,完整题-选择题照收,E3,逐题已匹配参考答案,"关联但不合并(疑似跨卷复用/串题,非duplicate_registration_alias):dup_of=BJ-2022-BJ-GAOKAO-Q8",BJ-2022-BJ-GAOKAO-Q8,reasoning,,,BJ-2024-BJ-GAOKAO-Q8,2026-09-24-attribution-v3,classify.py:classified_prod.jsonl+matrix.csv+exam_identity.json+skill_overrides.json,no
BJ-2024-BJ-GAOKAO-Q9,BJ-2024-BJ-GAOKAO-Q9,BJ-2024-BJ-GAOKAO,BJ-2024-BJ-GAOKAO,9,选择题,,整题,a2190c66c82d51ce,不明,OUT,MAYBE,COLLECTED,MAYBE,MAYBE,OUT,MAYBE,OUT,MAYBE,完整题-选择题照收,E3,逐题已匹配参考答案,"关联但不合并(疑似跨卷复用/串题,非duplicate_registration_alias):dup_of=BJ-2022-BJ-GAOKAO-Q9",BJ-2022-BJ-GAOKAO-Q9,reasoning,,,BJ-2024-BJ-GAOKAO-Q9,2026-09-24-attribution-v3,classify.py:classified_prod.jsonl+matrix.csv+exam_identity.json+skill_overrides.json,no
BJ-2024-BJ-GAOKAO-Q10,BJ-2024-BJ-GAOKAO-Q10,BJ-2024-BJ-GAOKAO,BJ-2024-BJ-GAOKAO,10,选择题,,整题,57cf81da3228e55e,倾向,OUT,MAYBE,MAYBE,OUT,OUT,OUT,COLLECTED,OUT,OUT,完整题-选择题照收,E3,逐题已匹配参考答案,,,,,,BJ-2024-BJ-GAOKAO-Q10,2026-09-24-attribution-v3,classify.py:classified_prod.jsonl+matrix.csv+exam_identity.json+skill_overrides.json,no
BJ-2024-BJ-GAOKAO-Q11,BJ-2024-BJ-GAOKAO-Q11,BJ-2024-BJ-GAOKAO,BJ-2024-BJ-GAOKAO,11,选择题,,整题,bc1d315012debf0c,倾向,OUT,MAYBE,MAYBE,OUT,OUT,OUT,COLLECTED,OUT,MAYBE,完整题-选择题照收,E3,逐题已匹配参考答案,,,,,,BJ-2024-BJ-GAOKAO-Q11,2026-09-24-attribution-v3,classify.py:classified_prod.jsonl+matrix.csv+exam_identity.json+skill_overrides.json,no
BJ-2024-BJ-GAOKAO-Q12,BJ-2024-BJ-GAOKAO-Q12,BJ-2024-BJ-GAOKAO,BJ-2024-BJ-GAOKAO,12,选择题,,整题,642bc0cc522d9bc2,倾向,OUT,COLLECTED,MAYBE,OUT,OUT,OUT,MAYBE,OUT,OUT,完整题-选择题照收,E3,逐题已匹配参考答案,,,,,,BJ-2024-BJ-GAOKAO-Q12,2026-09-24-attribution-v3,classify.py:classified_prod.jsonl+matrix.csv+exam_identity.json+skill_overrides.json,no
BJ-2024-BJ-GAOKAO-Q13,BJ-2024-BJ-GAOKAO-Q13,BJ-2024-BJ-GAOKAO,BJ-2024-BJ-GAOKAO,13,选择题,,整题,f92e7749e9d52d4f,倾向,OUT,COLLECTED,MAYBE,OUT,OUT,OUT,MAYBE,OUT,MAYBE,完整题-选择题照收,E3,逐题已匹配参考答案,"关联但不合并(疑似跨卷复用/串题,非duplicate_registration_alias):dup_of=BJ-2022-BJ-GAOKAO-Q13",BJ-2022-BJ-GAOKAO-Q13,xuanbi2,,,BJ-2024-BJ-GAOKAO-Q13,2026-09-24-attribution-v3,classify.py:classified_prod.jsonl+matrix.csv+exam_identity.json+skill_overrides.json,no
BJ-2024-BJ-GAOKAO-Q14,BJ-2024-BJ-GAOKAO-Q14,BJ-2024-BJ-GAOKAO,BJ-2024-BJ-GAOKAO,14,选择题,,整题,90610050b8d80963,不明,MAYBE,MAYBE,MAYBE,OUT,OUT,COLLECTED,OUT,OUT,MAYBE,完整题-选择题照收,E3,逐题已匹配参考答案,,,,,,BJ-2024-BJ-GAOKAO-Q14,2026-09-24-attribution-v3,classify.py:classified_prod.jsonl+matrix.csv+exam_identity.json+skill_overrides.json,no
BJ-2024-BJ-GAOKAO-Q15,BJ-2024-BJ-GAOKAO-Q15,BJ-2024-BJ-GAOKAO,BJ-2024-BJ-GAOKAO,15,选择题,,整题,640777637396c6f0,倾向,MAYBE,MAYBE,MAYBE,OUT,COLLECTED,COLLECTED,OUT,OUT,OUT,完整题-选择题照收,E3,逐题已匹配参考答案,,,,,,BJ-2024-BJ-GAOKAO-Q15,2026-09-24-attribution-v3,classify.py:classified_prod.jsonl+matrix.csv+exam_identity.json+skill_overrides.json,no
BJ-2024-BJ-GAOKAO-Q16,BJ-2024-BJ-GAOKAO-Q16,BJ-2024-BJ-GAOKAO,BJ-2024-BJ-GAOKAO,16,主观题,,整题,789522821388f7b3,倾向,OUT,OUT,IN,COLLECTED,COLLECTED,OUT,MAYBE,OUT,OUT,完整题-有E1,E1,具名核实-题库线缺口(rubric_links未收录，用户已核实为E1) | source-inventory.md:102 用户2026-09-22确认《2024年北京市高考政治试题分析(1)》【细则】为2024高考正式细则，按E1使用，不得因标题是'试题分析'降为教研候选；题库旧索引把2024北京高考记作无细则，属题库线待修（由题库负责人处理）。,,,,,,BJ-2024-BJ-GAOKAO-Q16,2026-09-24-attribution-v3,classify.py:classified_prod.jsonl+matrix.csv+exam_identity.json+skill_overrides.json,no
BJ-2024-BJ-GAOKAO-Q17,BJ-2024-BJ-GAOKAO-Q17,BJ-2024-BJ-GAOKAO,BJ-2024-BJ-GAOKAO,17,主观题,,整题,e2582af0a12dad4e,不明,OUT,MAYBE,COLLECTED,MAYBE,MAYBE,OUT,MAYBE,OUT,OUT,完整题-有E1,E1,具名核实-题库线缺口(rubric_links未收录，用户已核实为E1) | source-inventory.md:102 用户2026-09-22确认《2024年北京市高考政治试题分析(1)》【细则】为2024高考正式细则，按E1使用，不得因标题是'试题分析'降为教研候选；题库旧索引把2024北京高考记作无细则，属题库线待修（由题库负责人处理）。,"关联但不合并(疑似跨卷复用/串题,非duplicate_registration_alias):dup_of=BJ-2025-FT-ERMO-Q17;BJ-2026-FT-YIMO-Q17",BJ-2025-FT-ERMO-Q17;BJ-2026-FT-YIMO-Q17,bixiu3,,,BJ-2024-BJ-GAOKAO-Q17,2026-09-24-attribution-v3,classify.py:classified_prod.jsonl+matrix.csv+exam_identity.json+skill_overrides.json,no
BJ-2024-BJ-GAOKAO-Q18#1,BJ-2024-BJ-GAOKAO-Q18,BJ-2024-BJ-GAOKAO,BJ-2024-BJ-GAOKAO,18,主观题,1,小问,189c72987c68843d,不明,OUT,COLLECTED,MAYBE,MAYBE,OUT,MAYBE,MAYBE,OUT,COLLECTED,完整题-有E1,E1,具名核实-题库线缺口(rubric_links未收录，用户已核实为E1) | source-inventory.md:102 用户2026-09-22确认《2024年北京市高考政治试题分析(1)》【细则】为2024高考正式细则，按E1使用，不得因标题是'试题分析'降为教研候选；题库旧索引把2024北京高考记作无细则，属题库线待修（由题库负责人处理）。,"关联但不合并(疑似跨卷复用/串题,非duplicate_registration_alias):dup_of=BJ-2026-HD-QIZHONG-Q8",BJ-2026-HD-QIZHONG-Q8,bixiu3,,,BJ-2024-BJ-GAOKAO-Q18,2026-09-24-attribution-v3,classify.py:classified_prod.jsonl+matrix.csv+exam_identity.json+skill_overrides.json,no
BJ-2024-BJ-GAOKAO-Q18#2,BJ-2024-BJ-GAOKAO-Q18,BJ-2024-BJ-GAOKAO,BJ-2024-BJ-GAOKAO,18,主观题,2,小问,9abc719ca639405e,不明,OUT,COLLECTED,MAYBE,MAYBE,OUT,MAYBE,MAYBE,OUT,COLLECTED,完整题-有E1,E1,具名核实-题库线缺口(rubric_links未收录，用户已核实为E1) | source-inventory.md:102 用户2026-09-22确认《2024年北京市高考政治试题分析(1)》【细则】为2024高考正式细则，按E1使用，不得因标题是'试题分析'降为教研候选；题库旧索引把2024北京高考记作无细则，属题库线待修（由题库负责人处理）。,"关联但不合并(疑似跨卷复用/串题,非duplicate_registration_alias):dup_of=BJ-2026-HD-QIZHONG-Q8",BJ-2026-HD-QIZHONG-Q8,bixiu3,,,BJ-2024-BJ-GAOKAO-Q18,2026-09-24-attribution-v3,classify.py:classified_prod.jsonl+matrix.csv+exam_identity.json+skill_overrides.json,no
BJ-2024-BJ-GAOKAO-Q19,BJ-2024-BJ-GAOKAO-Q19,BJ-2024-BJ-GAOKAO,BJ-2024-BJ-GAOKAO,19,主观题,,整题,591e4b4847e81917,不明,OUT,COLLECTED,MAYBE,MAYBE,MAYBE,OUT,COLLECTED,OUT,MAYBE,完整题-有E1,E1,具名核实-题库线缺口(rubric_links未收录，用户已核实为E1) | source-inventory.md:102 用户2026-09-22确认《2024年北京市高考政治试题分析(1)》【细则】为2024高考正式细则，按E1使用，不得因标题是'试题分析'降为教研候选；题库旧索引把2024北京高考记作无细则，属题库线待修（由题库负责人处理）。,,,,,,BJ-2024-BJ-GAOKAO-Q19,2026-09-24-attribution-v3,classify.py:classified_prod.jsonl+matrix.csv+exam_identity.json+skill_overrides.json,no
BJ-2024-BJ-GAOKAO-Q20,BJ-2024-BJ-GAOKAO-Q20,BJ-2024-BJ-GAOKAO,BJ-2024-BJ-GAOKAO,20,主观题,,整题,a98a0ae51944be4b,倾向,OUT,COLLECTED,OUT,OUT,OUT,COLLECTED,MAYBE,OUT,OUT,完整题-有E1,E1,具名核实-题库线缺口(rubric_links未收录，用户已核实为E1) | source-inventory.md:102 用户2026-09-22确认《2024年北京市高考政治试题分析(1)》【细则】为2024高考正式细则，按E1使用，不得因标题是'试题分析'降为教研候选；题库旧索引把2024北京高考记作无细则，属题库线待修（由题库负责人处理）。,,,,B2,,BJ-2024-BJ-GAOKAO-Q20,2026-09-24-attribution-v3,classify.py:classified_prod.jsonl+matrix.csv+exam_identity.json+skill_overrides.json,no
BJ-2024-BJ-GAOKAO-Q21#1,BJ-2024-BJ-GAOKAO-Q21,BJ-2024-BJ-GAOKAO,BJ-2024-BJ-GAOKAO,21,主观题,1,小问,2f4f8ef3ecc51fdc,不明,MAYBE,MAYBE,COLLECTED,COLLECTED,MAYBE,MAYBE,MAYBE,MAYBE,MAYBE,完整题-有E1,E1,具名核实-题库线缺口(rubric_links未收录，用户已核实为E1) | source-inventory.md:102 用户2026-09-22确认《2024年北京市高考政治试题分析(1)》【细则】为2024高考正式细则，按E1使用，不得因标题是'试题分析'降为教研候选；题库旧索引把2024北京高考记作无细则，属题库线待修（由题库负责人处理）。,,,,,,BJ-2024-BJ-GAOKAO-Q21,2026-09-24-attribution-v3,classify.py:classified_prod.jsonl+matrix.csv+exam_identity.json+skill_overrides.json,no
BJ-2024-BJ-GAOKAO-Q21#2,BJ-2024-BJ-GAOKAO-Q21,BJ-2024-BJ-GAOKAO,BJ-2024-BJ-GAOKAO,21,主观题,2,小问,5c59a45c331e9a5c,不明,MAYBE,MAYBE,COLLECTED,COLLECTED,MAYBE,MAYBE,MAYBE,MAYBE,MAYBE,完整题-有E1,E1,具名核实-题库线缺口(rubric_links未收录，用户已核实为E1) | source-inventory.md:102 用户2026-09-22确认《2024年北京市高考政治试题分析(1)》【细则】为2024高考正式细则，按E1使用，不得因标题是'试题分析'降为教研候选；题库旧索引把2024北京高考记作无细则，属题库线待修（由题库负责人处理）。,,,,,,BJ-2024-BJ-GAOKAO-Q21,2026-09-24-attribution-v3,classify.py:classified_prod.jsonl+matrix.csv+exam_identity.json+skill_overrides.json,no
BJ-2025-BJ-GAOKAO-Q16,BJ-2025-BJ-GAOKAO-Q16,BJ-2025-BJ-GAOKAO,BJ-2025-BJ-GAOKAO,16,主观题,,整题,f83bbb67cf9c41bb,倾向,OUT,MAYBE,OUT,COLLECTED,COLLECTED,OUT,OUT,OUT,MAYBE,待裁决-证据未核实,待裁决-证据未核实候选,该题正式评分材料候选存在候选/存在冲突，未确认匹配，不下判,,,,,,BJ-2025-BJ-GAOKAO-Q16,2026-09-24-attribution-v3,classify.py:classified_prod.jsonl+matrix.csv+exam_identity.json+skill_overrides.json,no
BJ-2025-BJ-GAOKAO-Q17,BJ-2025-BJ-GAOKAO-Q17,BJ-2025-BJ-GAOKAO,BJ-2025-BJ-GAOKAO,17,主观题,,整题,acece701caa6889a,不明,MAYBE,MAYBE,COLLECTED,MAYBE,MAYBE,MAYBE,MAYBE,MAYBE,MAYBE,待裁决-证据未核实,待裁决-证据未核实候选,该题正式评分材料候选存在候选/存在冲突，未确认匹配，不下判,,,,,,BJ-2025-BJ-GAOKAO-Q17,2026-09-24-attribution-v3,classify.py:classified_prod.jsonl+matrix.csv+exam_identity.json+skill_overrides.json,no
BJ-2025-BJ-GAOKAO-Q18#1,BJ-2025-BJ-GAOKAO-Q18,BJ-2025-BJ-GAOKAO,BJ-2025-BJ-GAOKAO,18,主观题,1,小问,8df5c90f8d8f3f8f,不明,OUT,OUT,OUT,MAYBE,MAYBE,MAYBE,COLLECTED,COLLECTED,OUT,待裁决-证据未核实,待裁决-证据未核实候选,该题正式评分材料候选存在候选/存在冲突，未确认匹配，不下判,,,,,,BJ-2025-BJ-GAOKAO-Q18,2026-09-24-attribution-v3,classify.py:classified_prod.jsonl+matrix.csv+exam_identity.json+skill_overrides.json,no
BJ-2025-BJ-GAOKAO-Q18#2,BJ-2025-BJ-GAOKAO-Q18,BJ-2025-BJ-GAOKAO,BJ-2025-BJ-GAOKAO,18,主观题,2,小问,0c53658377a0531c,不明,OUT,OUT,OUT,MAYBE,MAYBE,MAYBE,COLLECTED,COLLECTED,MAYBE,待裁决-证据未核实,待裁决-证据未核实候选,该题正式评分材料候选存在候选/存在冲突，未确认匹配，不下判,,,,,,BJ-2025-BJ-GAOKAO-Q18,2026-09-24-attribution-v3,classify.py:classified_prod.jsonl+matrix.csv+exam_identity.json+skill_overrides.json,no
BJ-2025-BJ-GAOKAO-Q19#1,BJ-2025-BJ-GAOKAO-Q19,BJ-2025-BJ-GAOKAO,BJ-2025-BJ-GAOKAO,19,主观题,1,小问,b950d2567783f87e,倾向,OUT,COLLECTED,OUT,OUT,MAYBE,OUT,OUT,OUT,OUT,待裁决-证据未核实,待裁决-证据未核实候选,该题正式评分材料候选存在候选/存在冲突，未确认匹配，不下判,,,,,,BJ-2025-BJ-GAOKAO-Q19,2026-09-24-attribution-v3,classify.py:classified_prod.jsonl+matrix.csv+exam_identity.json+skill_overrides.json,no
BJ-2025-BJ-GAOKAO-Q19#2,BJ-2025-BJ-GAOKAO-Q19,BJ-2025-BJ-GAOKAO,BJ-2025-BJ-GAOKAO,19,主观题,2,小问,364321fc7cca6c55,倾向,OUT,COLLECTED,OUT,OUT,MAYBE,OUT,OUT,OUT,OUT,待裁决-证据未核实,待裁决-证据未核实候选,该题正式评分材料候选存在候选/存在冲突，未确认匹配，不下判,,,,,,BJ-2025-BJ-GAOKAO-Q19,2026-09-24-attribution-v3,classify.py:classified_prod.jsonl+matrix.csv+exam_identity.json+skill_overrides.json,no
BJ-2025-BJ-GAOKAO-Q20,BJ-2025-BJ-GAOKAO-Q20,BJ-2025-BJ-GAOKAO,BJ-2025-BJ-GAOKAO,20,主观题,,整题,3d0b3b11d12c8124,倾向,OUT,MAYBE,OUT,MAYBE,MAYBE,COLLECTED,OUT,OUT,OUT,待裁决-证据未核实,待裁决-证据未核实候选,该题正式评分材料候选存在候选/存在冲突，未确认匹配，不下判,"关联但不合并(疑似跨卷复用/串题,非duplicate_registration_alias):dup_of=BJ-2026-FT-QIMO-Q20",BJ-2026-FT-QIMO-Q20,mind,,,BJ-2025-BJ-GAOKAO-Q20,2026-09-24-attribution-v3,classify.py:classified_prod.jsonl+matrix.csv+exam_identity.json+skill_overrides.json,no
BJ-2025-BJ-GAOKAO-Q21#1,BJ-2025-BJ-GAOKAO-Q21,BJ-2025-BJ-GAOKAO,BJ-2025-BJ-GAOKAO,21,主观题,1,小问,a993504984e05e77,不明,MAYBE,COLLECTED,COLLECTED,MAYBE,MAYBE,MAYBE,MAYBE,MAYBE,MAYBE,待裁决-证据未核实,待裁决-证据未核实候选,该题正式评分材料候选存在候选/存在冲突，未确认匹配，不下判,"关联但不合并(疑似跨卷复用/串题,非duplicate_registration_alias):dup_of=BJ-2026-FT-ERMO-Q22",BJ-2026-FT-ERMO-Q22,bixiu2;bixiu3,,,BJ-2025-BJ-GAOKAO-Q21,2026-09-24-attribution-v3,classify.py:classified_prod.jsonl+matrix.csv+exam_identity.json+skill_overrides.json,no
BJ-2025-BJ-GAOKAO-Q21#2,BJ-2025-BJ-GAOKAO-Q21,BJ-2025-BJ-GAOKAO,BJ-2025-BJ-GAOKAO,21,主观题,2,小问,291937bd5dd92847,不明,MAYBE,COLLECTED,COLLECTED,MAYBE,MAYBE,MAYBE,MAYBE,MAYBE,MAYBE,待裁决-证据未核实,待裁决-证据未核实候选,该题正式评分材料候选存在候选/存在冲突，未确认匹配，不下判,"关联但不合并(疑似跨卷复用/串题,非duplicate_registration_alias):dup_of=BJ-2026-FT-ERMO-Q22",BJ-2026-FT-ERMO-Q22,bixiu2;bixiu3,,,BJ-2025-BJ-GAOKAO-Q21,2026-09-24-attribution-v3,classify.py:classified_prod.jsonl+matrix.csv+exam_identity.json+skill_overrides.json,no
BJ-2025-BJ-GAOKAO-Q1,BJ-2025-BJ-GAOKAO-Q1,BJ-2025-BJ-GAOKAO,BJ-2025-BJ-GAOKAO,1,选择题,,整题,5c6c54b19762494f,不明,MAYBE,MAYBE,MAYBE,MAYBE,COLLECTED,OUT,OUT,OUT,OUT,完整题-选择题照收,E3,该题正式评分材料候选存在候选/存在冲突，未确认匹配，不下判（同时已有匹配参考答案，选择题按E3计，正式评分材料候选仍待核实）,,,,,,BJ-2025-BJ-GAOKAO-Q1,2026-09-24-attribution-v3,classify.py:classified_prod.jsonl+matrix.csv+exam_identity.json+skill_overrides.json,no
BJ-2025-BJ-GAOKAO-Q2,BJ-2025-BJ-GAOKAO-Q2,BJ-2025-BJ-GAOKAO,BJ-2025-BJ-GAOKAO,2,选择题,,整题,900185e70b13c90d,倾向,OUT,MAYBE,MAYBE,COLLECTED,MAYBE,OUT,OUT,COLLECTED,OUT,完整题-选择题照收,E3,该题正式评分材料候选存在候选/存在冲突，未确认匹配，不下判（同时已有匹配参考答案，选择题按E3计，正式评分材料候选仍待核实）,,,,,,BJ-2025-BJ-GAOKAO-Q2,2026-09-24-attribution-v3,classify.py:classified_prod.jsonl+matrix.csv+exam_identity.json+skill_overrides.json,no
BJ-2025-BJ-GAOKAO-Q3,BJ-2025-BJ-GAOKAO-Q3,BJ-2025-BJ-GAOKAO,BJ-2025-BJ-GAOKAO,3,选择题,,整题,5ee6cc3047226263,不明,OUT,MAYBE,MAYBE,MAYBE,COLLECTED,OUT,MAYBE,MAYBE,COLLECTED,完整题-选择题照收,E3,该题正式评分材料候选存在候选/存在冲突，未确认匹配，不下判（同时已有匹配参考答案，选择题按E3计，正式评分材料候选仍待核实）,,,,,,BJ-2025-BJ-GAOKAO-Q3,2026-09-24-attribution-v3,classify.py:classified_prod.jsonl+matrix.csv+exam_identity.json+skill_overrides.json,no
BJ-2025-BJ-GAOKAO-Q4,BJ-2025-BJ-GAOKAO-Q4,BJ-2025-BJ-GAOKAO,BJ-2025-BJ-GAOKAO,4,选择题,,整题,647b03fd9cdfced4,不明,OUT,MAYBE,MAYBE,COLLECTED,MAYBE,OUT,OUT,MAYBE,OUT,完整题-选择题照收,E3,该题正式评分材料候选存在候选/存在冲突，未确认匹配，不下判（同时已有匹配参考答案，选择题按E3计，正式评分材料候选仍待核实）,,,,,,BJ-2025-BJ-GAOKAO-Q4,2026-09-24-attribution-v3,classify.py:classified_prod.jsonl+matrix.csv+exam_identity.json+skill_overrides.json,no
BJ-2025-BJ-GAOKAO-Q5,BJ-2025-BJ-GAOKAO-Q5,BJ-2025-BJ-GAOKAO,BJ-2025-BJ-GAOKAO,5,选择题,,整题,4f62c40253d28d39,不明,OUT,MAYBE,MAYBE,MAYBE,MAYBE,OUT,OUT,MAYBE,COLLECTED,完整题-选择题照收,E3,该题正式评分材料候选存在候选/存在冲突，未确认匹配，不下判（同时已有匹配参考答案，选择题按E3计，正式评分材料候选仍待核实）,,,,,,BJ-2025-BJ-GAOKAO-Q5,2026-09-24-attribution-v3,classify.py:classified_prod.jsonl+matrix.csv+exam_identity.json+skill_overrides.json,no
BJ-2025-BJ-GAOKAO-Q6,BJ-2025-BJ-GAOKAO-Q6,BJ-2025-BJ-GAOKAO,BJ-2025-BJ-GAOKAO,6,选择题,,整题,6b546b8e0b2972b3,不明,OUT,MAYBE,MAYBE,COLLECTED,MAYBE,OUT,OUT,MAYBE,COLLECTED,完整题-选择题照收,E3,该题正式评分材料候选存在候选/存在冲突，未确认匹配，不下判（同时已有匹配参考答案，选择题按E3计，正式评分材料候选仍待核实）,,,,,,BJ-2025-BJ-GAOKAO-Q6,2026-09-24-attribution-v3,classify.py:classified_prod.jsonl+matrix.csv+exam_identity.json+skill_overrides.json,no
BJ-2025-BJ-GAOKAO-Q7,BJ-2025-BJ-GAOKAO-Q7,BJ-2025-BJ-GAOKAO,BJ-2025-BJ-GAOKAO,7,选择题,,整题,529c9ac6ef4ac355,不明,OUT,MAYBE,MAYBE,MAYBE,MAYBE,OUT,OUT,COLLECTED,MAYBE,完整题-选择题照收,E3,该题正式评分材料候选存在候选/存在冲突，未确认匹配，不下判（同时已有匹配参考答案，选择题按E3计，正式评分材料候选仍待核实）,,,,,,BJ-2025-BJ-GAOKAO-Q7,2026-09-24-attribution-v3,classify.py:classified_prod.jsonl+matrix.csv+exam_identity.json+skill_overrides.json,no
BJ-2025-BJ-GAOKAO-Q8,BJ-2025-BJ-GAOKAO-Q8,BJ-2025-BJ-GAOKAO,BJ-2025-BJ-GAOKAO,8,选择题,,整题,fb59cb62fa1198c2,不明,OUT,MAYBE,COLLECTED,MAYBE,MAYBE,MAYBE,OUT,OUT,MAYBE,完整题-选择题照收,E3,该题正式评分材料候选存在候选/存在冲突，未确认匹配，不下判（同时已有匹配参考答案，选择题按E3计，正式评分材料候选仍待核实）,,,,,,BJ-2025-BJ-GAOKAO-Q8,2026-09-24-attribution-v3,classify.py:classified_prod.jsonl+matrix.csv+exam_identity.json+skill_overrides.json,no
BJ-2025-BJ-GAOKAO-Q9,BJ-2025-BJ-GAOKAO-Q9,BJ-2025-BJ-GAOKAO,BJ-2025-BJ-GAOKAO,9,选择题,,整题,ec8c99c92e69f919,不明,OUT,COLLECTED,COLLECTED,MAYBE,MAYBE,OUT,MAYBE,OUT,MAYBE,完整题-选择题照收,E3,该题正式评分材料候选存在候选/存在冲突，未确认匹配，不下判（同时已有匹配参考答案，选择题按E3计，正式评分材料候选仍待核实）,,,,,,BJ-2025-BJ-GAOKAO-Q9,2026-09-24-attribution-v3,classify.py:classified_prod.jsonl+matrix.csv+exam_identity.json+skill_overrides.json,no
BJ-2025-BJ-GAOKAO-Q10,BJ-2025-BJ-GAOKAO-Q10,BJ-2025-BJ-GAOKAO,BJ-2025-BJ-GAOKAO,10,选择题,,整题,b7eac492979e169d,倾向,OUT,MAYBE,MAYBE,OUT,OUT,OUT,COLLECTED,OUT,OUT,完整题-选择题照收,E3,该题正式评分材料候选存在候选/存在冲突，未确认匹配，不下判（同时已有匹配参考答案，选择题按E3计，正式评分材料候选仍待核实）,,,,,,BJ-2025-BJ-GAOKAO-Q10,2026-09-24-attribution-v3,classify.py:classified_prod.jsonl+matrix.csv+exam_identity.json+skill_overrides.json,no
BJ-2025-BJ-GAOKAO-Q11,BJ-2025-BJ-GAOKAO-Q11,BJ-2025-BJ-GAOKAO,BJ-2025-BJ-GAOKAO,11,选择题,,整题,e563abbf3d304a68,倾向,OUT,MAYBE,MAYBE,OUT,OUT,OUT,COLLECTED,OUT,MAYBE,完整题-选择题照收,E3,该题正式评分材料候选存在候选/存在冲突，未确认匹配，不下判（同时已有匹配参考答案，选择题按E3计，正式评分材料候选仍待核实）,,,,,,BJ-2025-BJ-GAOKAO-Q11,2026-09-24-attribution-v3,classify.py:classified_prod.jsonl+matrix.csv+exam_identity.json+skill_overrides.json,no
BJ-2025-BJ-GAOKAO-Q12,BJ-2025-BJ-GAOKAO-Q12,BJ-2025-BJ-GAOKAO,BJ-2025-BJ-GAOKAO,12,选择题,,整题,653c04c7b70c566d,倾向,OUT,COLLECTED,MAYBE,OUT,OUT,OUT,MAYBE,OUT,OUT,完整题-选择题照收,E3,该题正式评分材料候选存在候选/存在冲突，未确认匹配，不下判（同时已有匹配参考答案，选择题按E3计，正式评分材料候选仍待核实）,,,,,,BJ-2025-BJ-GAOKAO-Q12,2026-09-24-attribution-v3,classify.py:classified_prod.jsonl+matrix.csv+exam_identity.json+skill_overrides.json,no
BJ-2025-BJ-GAOKAO-Q13,BJ-2025-BJ-GAOKAO-Q13,BJ-2025-BJ-GAOKAO,BJ-2025-BJ-GAOKAO,13,选择题,,整题,92a95e1f8a921c3b,倾向,OUT,COLLECTED,MAYBE,OUT,OUT,OUT,MAYBE,OUT,MAYBE,完整题-选择题照收,E3,该题正式评分材料候选存在候选/存在冲突，未确认匹配，不下判（同时已有匹配参考答案，选择题按E3计，正式评分材料候选仍待核实）,,,,,,BJ-2025-BJ-GAOKAO-Q13,2026-09-24-attribution-v3,classify.py:classified_prod.jsonl+matrix.csv+exam_identity.json+skill_overrides.json,no
BJ-2025-BJ-GAOKAO-Q14,BJ-2025-BJ-GAOKAO-Q14,BJ-2025-BJ-GAOKAO,BJ-2025-BJ-GAOKAO,14,选择题,,整题,7f786c64aab6bfb8,倾向,MAYBE,COLLECTED,MAYBE,OUT,OUT,COLLECTED,OUT,OUT,MAYBE,完整题-选择题照收,E3,该题正式评分材料候选存在候选/存在冲突，未确认匹配，不下判（同时已有匹配参考答案，选择题按E3计，正式评分材料候选仍待核实）,,,,,,BJ-2025-BJ-GAOKAO-Q14,2026-09-24-attribution-v3,classify.py:classified_prod.jsonl+matrix.csv+exam_identity.json+skill_overrides.json,no
BJ-2025-BJ-GAOKAO-Q15,BJ-2025-BJ-GAOKAO-Q15,BJ-2025-BJ-GAOKAO,BJ-2025-BJ-GAOKAO,15,选择题,,整题,9ec584ceacbae148,倾向,MAYBE,COLLECTED,MAYBE,OUT,OUT,COLLECTED,OUT,OUT,OUT,完整题-选择题照收,E3,该题正式评分材料候选存在候选/存在冲突，未确认匹配，不下判（同时已有匹配参考答案，选择题按E3计，正式评分材料候选仍待核实）,,,,,,BJ-2025-BJ-GAOKAO-Q15,2026-09-24-attribution-v3,classify.py:classified_prod.jsonl+matrix.csv+exam_identity.json+skill_overrides.json,no
BJ-2026-BJ-GAOKAO-Q1,BJ-2026-BJ-GAOKAO-Q1,BJ-2026-BJ-GAOKAO,BJ-2026-BJ-GAOKAO,1,选择题,,整题,4704bb354dda5171,不明,MAYBE,COLLECTED,MAYBE,MAYBE,MAYBE,OUT,MAYBE,OUT,OUT,完整题-选择题照收,E1,逐题已匹配正式评分材料,,,,,,BJ-2026-BJ-GAOKAO-Q1,2026-09-24-attribution-v3,classify.py:classified_prod.jsonl+matrix.csv+exam_identity.json+skill_overrides.json,no
BJ-2026-BJ-GAOKAO-Q2,BJ-2026-BJ-GAOKAO-Q2,BJ-2026-BJ-GAOKAO,BJ-2026-BJ-GAOKAO,2,选择题,,整题,2b111e58bc028b70,不明,OUT,MAYBE,COLLECTED,MAYBE,MAYBE,MAYBE,OUT,OUT,OUT,完整题-选择题照收,E1,逐题已匹配正式评分材料,,,,,,BJ-2026-BJ-GAOKAO-Q2,2026-09-24-attribution-v3,classify.py:classified_prod.jsonl+matrix.csv+exam_identity.json+skill_overrides.json,no
BJ-2026-BJ-GAOKAO-Q3,BJ-2026-BJ-GAOKAO-Q3,BJ-2026-BJ-GAOKAO,BJ-2026-BJ-GAOKAO,3,选择题,,整题,09124d2d4387e8ba,不明,OUT,MAYBE,MAYBE,MAYBE,COLLECTED,OUT,OUT,MAYBE,MAYBE,完整题-选择题照收,E3,该题正式评分材料候选存在候选/存在冲突，未确认匹配，不下判（同时已有匹配参考答案，选择题按E3计，正式评分材料候选仍待核实）,,,,,,BJ-2026-BJ-GAOKAO-Q3,2026-09-24-attribution-v3,classify.py:classified_prod.jsonl+matrix.csv+exam_identity.json+skill_overrides.json,no
BJ-2026-BJ-GAOKAO-Q4,BJ-2026-BJ-GAOKAO-Q4,BJ-2026-BJ-GAOKAO,BJ-2026-BJ-GAOKAO,4,选择题,,整题,557aa5d4d2d8caa7,不明,OUT,MAYBE,MAYBE,IN,COLLECTED,OUT,OUT,MAYBE,MAYBE,完整题-选择题照收,E1,逐题已匹配正式评分材料,,,,,,BJ-2026-BJ-GAOKAO-Q4,2026-09-24-attribution-v3,classify.py:classified_prod.jsonl+matrix.csv+exam_identity.json+skill_overrides.json,no
BJ-2026-BJ-GAOKAO-Q7,BJ-2026-BJ-GAOKAO-Q7,BJ-2026-BJ-GAOKAO,BJ-2026-BJ-GAOKAO,7,选择题,,整题,b7567771c160f769,不明,OUT,MAYBE,MAYBE,MAYBE,MAYBE,OUT,OUT,COLLECTED,COLLECTED,完整题-选择题照收,E1,逐题已匹配正式评分材料,,,,,,BJ-2026-BJ-GAOKAO-Q7,2026-09-24-attribution-v3,classify.py:classified_prod.jsonl+matrix.csv+exam_identity.json+skill_overrides.json,no
BJ-2026-BJ-GAOKAO-Q16,BJ-2026-BJ-GAOKAO-Q16,BJ-2026-BJ-GAOKAO,BJ-2026-BJ-GAOKAO,16,主观题,,整题,6d36eea6f1de8770,不明,OUT,MAYBE,OUT,MAYBE,MAYBE,OUT,OUT,MAYBE,MAYBE,收-具名例外,具名例外,具名例外:whole_exam_no_rubric | project-constitution.md:13 special_override：2026-08-22 用户明确宣布 2026 北京高考为第三套整卷无正式细则例外; project-constitution.md:50 全项目当前只有2024顺义二模、2026石景山期末和用户于2026-08-22明确特批的2026北京高考三份具名试卷属于整卷无正式评分细则例外,,,,,,BJ-2026-BJ-GAOKAO-Q16,2026-09-24-attribution-v3,classify.py:classified_prod.jsonl+matrix.csv+exam_identity.json+skill_overrides.json,no
BJ-2026-BJ-GAOKAO-Q17,BJ-2026-BJ-GAOKAO-Q17,BJ-2026-BJ-GAOKAO,BJ-2026-BJ-GAOKAO,17,主观题,,整题,3d5b71d230dd4aa5,倾向,OUT,COLLECTED,OUT,OUT,OUT,OUT,OUT,OUT,MAYBE,收-具名例外,具名例外,具名例外:whole_exam_no_rubric | project-constitution.md:13 special_override：2026-08-22 用户明确宣布 2026 北京高考为第三套整卷无正式细则例外; project-constitution.md:50 全项目当前只有2024顺义二模、2026石景山期末和用户于2026-08-22明确特批的2026北京高考三份具名试卷属于整卷无正式评分细则例外,,,,,,BJ-2026-BJ-GAOKAO-Q17,2026-09-24-attribution-v3,classify.py:classified_prod.jsonl+matrix.csv+exam_identity.json+skill_overrides.json,no
BJ-2026-BJ-GAOKAO-Q18#1,BJ-2026-BJ-GAOKAO-Q18,BJ-2026-BJ-GAOKAO,BJ-2026-BJ-GAOKAO,18,主观题,1,小问,a2dde2455f589374,不明,OUT,COLLECTED,COLLECTED,OUT,MAYBE,MAYBE,OUT,MAYBE,COLLECTED,收-具名例外,具名例外,具名例外:whole_exam_no_rubric | project-constitution.md:13 special_override：2026-08-22 用户明确宣布 2026 北京高考为第三套整卷无正式细则例外; project-constitution.md:50 全项目当前只有2024顺义二模、2026石景山期末和用户于2026-08-22明确特批的2026北京高考三份具名试卷属于整卷无正式评分细则例外,,,,,,BJ-2026-BJ-GAOKAO-Q18,2026-09-24-attribution-v3,classify.py:classified_prod.jsonl+matrix.csv+exam_identity.json+skill_overrides.json,no
BJ-2026-BJ-GAOKAO-Q18#2,BJ-2026-BJ-GAOKAO-Q18,BJ-2026-BJ-GAOKAO,BJ-2026-BJ-GAOKAO,18,主观题,2,小问,ad3264d1939291a5,不明,OUT,COLLECTED,COLLECTED,OUT,MAYBE,MAYBE,OUT,MAYBE,COLLECTED,收-具名例外,具名例外,具名例外:whole_exam_no_rubric | project-constitution.md:13 special_override：2026-08-22 用户明确宣布 2026 北京高考为第三套整卷无正式细则例外; project-constitution.md:50 全项目当前只有2024顺义二模、2026石景山期末和用户于2026-08-22明确特批的2026北京高考三份具名试卷属于整卷无正式评分细则例外,,,,,,BJ-2026-BJ-GAOKAO-Q18,2026-09-24-attribution-v3,classify.py:classified_prod.jsonl+matrix.csv+exam_identity.json+skill_overrides.json,no
BJ-2026-BJ-GAOKAO-Q19,BJ-2026-BJ-GAOKAO-Q19,BJ-2026-BJ-GAOKAO,BJ-2026-BJ-GAOKAO,19,主观题,,整题,5da1fe14b2895a24,不明,MAYBE,COLLECTED,MAYBE,MAYBE,MAYBE,MAYBE,COLLECTED,MAYBE,MAYBE,收-具名例外,具名例外,具名例外:whole_exam_no_rubric | project-constitution.md:13 special_override：2026-08-22 用户明确宣布 2026 北京高考为第三套整卷无正式细则例外; project-constitution.md:50 全项目当前只有2024顺义二模、2026石景山期末和用户于2026-08-22明确特批的2026北京高考三份具名试卷属于整卷无正式评分细则例外,,,,,,BJ-2026-BJ-GAOKAO-Q19,2026-09-24-attribution-v3,classify.py:classified_prod.jsonl+matrix.csv+exam_identity.json+skill_overrides.json,no
BJ-2026-BJ-GAOKAO-Q20,BJ-2026-BJ-GAOKAO-Q20,BJ-2026-BJ-GAOKAO,BJ-2026-BJ-GAOKAO,20,主观题,,整题,d611e4ba5e80f8a7,倾向,OUT,COLLECTED,OUT,MAYBE,OUT,IN,OUT,OUT,OUT,收-具名例外,具名例外,具名例外:whole_exam_no_rubric | project-constitution.md:13 special_override：2026-08-22 用户明确宣布 2026 北京高考为第三套整卷无正式细则例外; project-constitution.md:50 全项目当前只有2024顺义二模、2026石景山期末和用户于2026-08-22明确特批的2026北京高考三份具名试卷属于整卷无正式评分细则例外,,,,,,BJ-2026-BJ-GAOKAO-Q20,2026-09-24-attribution-v3,classify.py:classified_prod.jsonl+matrix.csv+exam_identity.json+skill_overrides.json,no
BJ-2026-BJ-GAOKAO-Q21,BJ-2026-BJ-GAOKAO-Q21,BJ-2026-BJ-GAOKAO,BJ-2026-BJ-GAOKAO,21,主观题,,整题,0c5c0733bd1682d8,不明,MAYBE,MAYBE,COLLECTED,MAYBE,MAYBE,MAYBE,MAYBE,MAYBE,MAYBE,收-具名例外,具名例外,具名例外:whole_exam_no_rubric | project-constitution.md:13 special_override：2026-08-22 用户明确宣布 2026 北京高考为第三套整卷无正式细则例外; project-constitution.md:50 全项目当前只有2024顺义二模、2026石景山期末和用户于2026-08-22明确特批的2026北京高考三份具名试卷属于整卷无正式评分细则例外,,,,,,BJ-2026-BJ-GAOKAO-Q21,2026-09-24-attribution-v3,classify.py:classified_prod.jsonl+matrix.csv+exam_identity.json+skill_overrides.json,no
BJ-2026-BJ-GAOKAO-Q5,BJ-2026-BJ-GAOKAO-Q5,BJ-2026-BJ-GAOKAO,BJ-2026-BJ-GAOKAO,5,选择题,,整题,9bca2921e8990dbd,不明,OUT,MAYBE,MAYBE,IN,MAYBE,OUT,OUT,MAYBE,MAYBE,完整题-选择题照收,E3,该题正式评分材料候选存在候选/存在冲突，未确认匹配，不下判（同时已有匹配参考答案，选择题按E3计，正式评分材料候选仍待核实）,,,,,,BJ-2026-BJ-GAOKAO-Q5,2026-09-24-attribution-v3,classify.py:classified_prod.jsonl+matrix.csv+exam_identity.json+skill_overrides.json,no
BJ-2026-BJ-GAOKAO-Q6,BJ-2026-BJ-GAOKAO-Q6,BJ-2026-BJ-GAOKAO,BJ-2026-BJ-GAOKAO,6,选择题,,整题,4aa6746e03ed33f8,不明,OUT,MAYBE,MAYBE,MAYBE,MAYBE,OUT,OUT,COLLECTED,COLLECTED,完整题-选择题照收,答案键来源未核实(候选未确认),该题正式评分材料候选存在候选/存在冲突，未确认匹配，不下判,,,,,,BJ-2026-BJ-GAOKAO-Q6,2026-09-24-attribution-v3,classify.py:classified_prod.jsonl+matrix.csv+exam_identity.json+skill_overrides.json,no
BJ-2026-BJ-GAOKAO-Q8,BJ-2026-BJ-GAOKAO-Q8,BJ-2026-BJ-GAOKAO,BJ-2026-BJ-GAOKAO,8,选择题,,整题,ddabbf23c312a6b9,不明,OUT,MAYBE,MAYBE,MAYBE,MAYBE,OUT,OUT,OUT,COLLECTED,完整题-选择题照收,E3,该题正式评分材料候选存在候选/存在冲突，未确认匹配，不下判（同时已有匹配参考答案，选择题按E3计，正式评分材料候选仍待核实）,,,,,,BJ-2026-BJ-GAOKAO-Q8,2026-09-24-attribution-v3,classify.py:classified_prod.jsonl+matrix.csv+exam_identity.json+skill_overrides.json,no
BJ-2026-BJ-GAOKAO-Q9,BJ-2026-BJ-GAOKAO-Q9,BJ-2026-BJ-GAOKAO,BJ-2026-BJ-GAOKAO,9,选择题,,整题,346312a261d204ba,不明,OUT,MAYBE,MAYBE,MAYBE,MAYBE,OUT,COLLECTED,OUT,MAYBE,完整题-选择题照收,E3,该题正式评分材料候选存在候选/存在冲突，未确认匹配，不下判（同时已有匹配参考答案，选择题按E3计，正式评分材料候选仍待核实）,,,,,,BJ-2026-BJ-GAOKAO-Q9,2026-09-24-attribution-v3,classify.py:classified_prod.jsonl+matrix.csv+exam_identity.json+skill_overrides.json,no
BJ-2026-BJ-GAOKAO-Q10,BJ-2026-BJ-GAOKAO-Q10,BJ-2026-BJ-GAOKAO,BJ-2026-BJ-GAOKAO,10,选择题,,整题,6126e0de1cfbb4ff,倾向,OUT,MAYBE,MAYBE,OUT,OUT,OUT,COLLECTED,OUT,OUT,完整题-选择题照收,E3,该题正式评分材料候选存在候选/存在冲突，未确认匹配，不下判（同时已有匹配参考答案，选择题按E3计，正式评分材料候选仍待核实）,,,,,,BJ-2026-BJ-GAOKAO-Q10,2026-09-24-attribution-v3,classify.py:classified_prod.jsonl+matrix.csv+exam_identity.json+skill_overrides.json,no
BJ-2026-BJ-GAOKAO-Q11,BJ-2026-BJ-GAOKAO-Q11,BJ-2026-BJ-GAOKAO,BJ-2026-BJ-GAOKAO,11,选择题,,整题,8020b81206c38c55,倾向,OUT,MAYBE,COLLECTED,OUT,OUT,OUT,MAYBE,OUT,MAYBE,完整题-选择题照收,答案键来源未核实(候选未确认),该题正式评分材料候选存在候选/存在冲突，未确认匹配，不下判,,,,,,BJ-2026-BJ-GAOKAO-Q11,2026-09-24-attribution-v3,classify.py:classified_prod.jsonl+matrix.csv+exam_identity.json+skill_overrides.json,no
BJ-2026-BJ-GAOKAO-Q12,BJ-2026-BJ-GAOKAO-Q12,BJ-2026-BJ-GAOKAO,BJ-2026-BJ-GAOKAO,12,选择题,,整题,56a34b7f7f38cfa6,倾向,OUT,COLLECTED,MAYBE,OUT,OUT,OUT,MAYBE,OUT,OUT,完整题-选择题照收,E3,该题正式评分材料候选存在候选/存在冲突，未确认匹配，不下判（同时已有匹配参考答案，选择题按E3计，正式评分材料候选仍待核实）,,,,,,BJ-2026-BJ-GAOKAO-Q12,2026-09-24-attribution-v3,classify.py:classified_prod.jsonl+matrix.csv+exam_identity.json+skill_overrides.json,no
BJ-2026-BJ-GAOKAO-Q13,BJ-2026-BJ-GAOKAO-Q13,BJ-2026-BJ-GAOKAO,BJ-2026-BJ-GAOKAO,13,选择题,,整题,7c61f3aabe6c859a,倾向,OUT,COLLECTED,MAYBE,OUT,OUT,OUT,MAYBE,OUT,MAYBE,完整题-选择题照收,E3,该题正式评分材料候选存在候选/存在冲突，未确认匹配，不下判（同时已有匹配参考答案，选择题按E3计，正式评分材料候选仍待核实）,,,,,,BJ-2026-BJ-GAOKAO-Q13,2026-09-24-attribution-v3,classify.py:classified_prod.jsonl+matrix.csv+exam_identity.json+skill_overrides.json,no
BJ-2026-BJ-GAOKAO-Q14,BJ-2026-BJ-GAOKAO-Q14,BJ-2026-BJ-GAOKAO,BJ-2026-BJ-GAOKAO,14,选择题,,整题,856f818d23d37508,倾向,MAYBE,COLLECTED,MAYBE,OUT,OUT,IN,OUT,OUT,MAYBE,完整题-选择题照收,E3,该题正式评分材料候选存在候选/存在冲突，未确认匹配，不下判（同时已有匹配参考答案，选择题按E3计，正式评分材料候选仍待核实）,,,,,,BJ-2026-BJ-GAOKAO-Q14,2026-09-24-attribution-v3,classify.py:classified_prod.jsonl+matrix.csv+exam_identity.json+skill_overrides.json,no
BJ-2026-BJ-GAOKAO-Q15,BJ-2026-BJ-GAOKAO-Q15,BJ-2026-BJ-GAOKAO,BJ-2026-BJ-GAOKAO,15,选择题,,整题,5c9a9ed5e5798e77,不明,MAYBE,MAYBE,MAYBE,OUT,MAYBE,IN,OUT,OUT,OUT,完整题-选择题照收,E3,该题正式评分材料候选存在候选/存在冲突，未确认匹配，不下判（同时已有匹配参考答案，选择题按E3计，正式评分材料候选仍待核实）,,,,,,BJ-2026-BJ-GAOKAO-Q15,2026-09-24-attribution-v3,classify.py:classified_prod.jsonl+matrix.csv+exam_identity.json+skill_overrides.json,no
BJ-2026-FT-YIMO-Q5,BJ-2026-FT-YIMO-Q5,BJ-2026-FT-YIMO,BJ-2026-FT-YIMO,5,选择题,,整题,01028c47b6b8a076,不明,OUT,MAYBE,MAYBE,COLLECTED,MAYBE,OUT,OUT,MAYBE,MAYBE,完整题-选择题照收,缺答案键,"未在rubric_links.csv找到该题任何行(未核实,不是已确认无)",,,,,,BJ-2026-FT-YIMO-Q5,2026-09-24-attribution-v3,classify.py:classified_prod.jsonl+matrix.csv+exam_identity.json+skill_overrides.json,no
BJ-2026-FT-YIMO-Q7,BJ-2026-FT-YIMO-Q7,BJ-2026-FT-YIMO,BJ-2026-FT-YIMO,7,选择题,,整题,aac156de0527211e,不明,OUT,MAYBE,MAYBE,MAYBE,MAYBE,OUT,OUT,IN,COLLECTED,完整题-选择题照收,缺答案键,"未在rubric_links.csv找到该题任何行(未核实,不是已确认无)",,,,,,BJ-2026-FT-YIMO-Q7,2026-09-24-attribution-v3,classify.py:classified_prod.jsonl+matrix.csv+exam_identity.json+skill_overrides.json,no
BJ-2026-FT-YIMO-Q9,BJ-2026-FT-YIMO-Q9,BJ-2026-FT-YIMO,BJ-2026-FT-YIMO,9,选择题,,整题,35238c1473d1f190,不明,OUT,MAYBE,MAYBE,MAYBE,MAYBE,OUT,MAYBE,OUT,COLLECTED,完整题-选择题照收,缺答案键,"未在rubric_links.csv找到该题任何行(未核实,不是已确认无)",,,,,,BJ-2026-FT-YIMO-Q9,2026-09-24-attribution-v3,classify.py:classified_prod.jsonl+matrix.csv+exam_identity.json+skill_overrides.json,no
BJ-2026-FT-YIMO-Q14,BJ-2026-FT-YIMO-Q14,BJ-2026-FT-YIMO,BJ-2026-FT-YIMO,14,选择题,,整题,d4d0d0bb140428f2,不明,MAYBE,IN,MAYBE,OUT,OUT,COLLECTED,OUT,MAYBE,MAYBE,完整题-选择题照收,缺答案键,"未在rubric_links.csv找到该题任何行(未核实,不是已确认无)",,,,,,BJ-2026-FT-YIMO-Q14,2026-09-24-attribution-v3,classify.py:classified_prod.jsonl+matrix.csv+exam_identity.json+skill_overrides.json,no
BJ-2023-XC-ERMO-Q1,BJ-2023-XC-ERMO-Q1,BJ-2023-XC-ERMO,BJ-2023-XC-ERMO,1,选择题,,整题,7ec83eb795ffc199,不明,MAYBE,COLLECTED,MAYBE,MAYBE,MAYBE,OUT,OUT,MAYBE,OUT,完整题-选择题照收,缺答案键,"未在rubric_links.csv找到该题任何行(未核实,不是已确认无)",,,,,,BJ-2023-XC-ERMO-Q1,2026-09-24-attribution-v3,classify.py:classified_prod.jsonl+matrix.csv+exam_identity.json+skill_overrides.json,no
BJ-2023-XC-ERMO-Q7,BJ-2023-XC-ERMO-Q7,BJ-2023-XC-ERMO,BJ-2023-XC-ERMO,7,选择题,,整题,1ea613d0d7c7678b,不明,OUT,IN,COLLECTED,MAYBE,MAYBE,OUT,OUT,MAYBE,MAYBE,完整题-选择题照收,缺答案键,"未在rubric_links.csv找到该题任何行(未核实,不是已确认无)",,,,,,BJ-2023-XC-ERMO-Q7,2026-09-24-attribution-v3,classify.py:classified_prod.jsonl+matrix.csv+exam_identity.json+skill_overrides.json,no
BJ-2023-XC-ERMO-Q14,BJ-2023-XC-ERMO-Q14,BJ-2023-XC-ERMO,BJ-2023-XC-ERMO,14,选择题,,整题,c2eff68bbd774439,不明,MAYBE,COLLECTED,MAYBE,OUT,OUT,IN,OUT,MAYBE,MAYBE,完整题-选择题照收,缺答案键,"未在rubric_links.csv找到该题任何行(未核实,不是已确认无)",,,,,,BJ-2023-XC-ERMO-Q14,2026-09-24-attribution-v3,classify.py:classified_prod.jsonl+matrix.csv+exam_identity.json+skill_overrides.json,no
BJ-2024-XC-ERMO-Q1,BJ-2024-XC-ERMO-Q1,BJ-2024-XC-ERMO,BJ-2024-XC-ERMO,1,选择题,,整题,9561785e20d35d73,不明,MAYBE,MAYBE,MAYBE,COLLECTED,MAYBE,MAYBE,OUT,OUT,OUT,完整题-选择题照收,缺答案键,"未在rubric_links.csv找到该题任何行(未核实,不是已确认无)",,,,,,BJ-2024-XC-ERMO-Q1,2026-09-24-attribution-v3,classify.py:classified_prod.jsonl+matrix.csv+exam_identity.json+skill_overrides.json,no
BJ-2024-XC-ERMO-Q4,BJ-2024-XC-ERMO-Q4,BJ-2024-XC-ERMO,BJ-2024-XC-ERMO,4,选择题,,整题,219a3dbed090af77,不明,OUT,COLLECTED,COLLECTED,MAYBE,MAYBE,MAYBE,OUT,MAYBE,MAYBE,完整题-选择题照收,缺答案键,"未在rubric_links.csv找到该题任何行(未核实,不是已确认无)",,,,,,BJ-2024-XC-ERMO-Q4,2026-09-24-attribution-v3,classify.py:classified_prod.jsonl+matrix.csv+exam_identity.json+skill_overrides.json,no
BJ-2024-XC-ERMO-Q15,BJ-2024-XC-ERMO-Q15,BJ-2024-XC-ERMO,BJ-2024-XC-ERMO,15,选择题,,整题,5a5b7fa2de3a5962,不明,MAYBE,MAYBE,MAYBE,OUT,COLLECTED,MAYBE,OUT,COLLECTED,OUT,完整题-选择题照收,缺答案键,"未在rubric_links.csv找到该题任何行(未核实,不是已确认无)",,,,CU,,BJ-2024-XC-ERMO-Q15,2026-09-24-attribution-v3,classify.py:classified_prod.jsonl+matrix.csv+exam_identity.json+skill_overrides.json,no
BJ-2026-SJS-QIMO-Q15,BJ-2026-SJS-QIMO-Q15,BJ-2026-SJS-QIMO,BJ-2026-SJS-QIMO,15,选择题,,整题,2af63092795b1b8c,不明,MAYBE,MAYBE,MAYBE,OUT,OUT,MAYBE,OUT,IN,MAYBE,收-具名例外,具名例外,具名例外:whole_exam_e3only | exams.csv BJ-2026-SJS-QIMO 行 notes 原话：Q1-Q20按2026石景山期末具名无正式细则例外使用E3（题库自身登记）; project-constitution.md:50 全项目当前只有2024顺义二模、2026石景山期末和2026北京高考三份具名试卷属于整卷无正式评分细则例外; book-philosophy.md:30、book-culture.md 书末E3例外段均列2026石景山期末,,,,,,BJ-2026-SJS-QIMO-Q15,2026-09-24-attribution-v3,classify.py:classified_prod.jsonl+matrix.csv+exam_identity.json+skill_overrides.json,no
BJ-2024-XC-YIMO-Q5,BJ-2024-XC-YIMO-Q5,BJ-2024-XC-YIMO,BJ-2024-XC-YIMO,5,选择题,,整题,f09f1bc0d181044e,不明,OUT,MAYBE,COLLECTED,MAYBE,MAYBE,OUT,COLLECTED,MAYBE,MAYBE,完整题-选择题照收,缺答案键,"未在rubric_links.csv找到该题任何行(未核实,不是已确认无)",,,,,,BJ-2024-XC-YIMO-Q5,2026-09-24-attribution-v3,classify.py:classified_prod.jsonl+matrix.csv+exam_identity.json+skill_overrides.json,no
BJ-2026-XC-QIMO-Q9,BJ-2026-XC-QIMO-Q9,BJ-2026-XC-QIMO,BJ-2026-XC-QIMO,9,选择题,,整题,30f559c867952557,不明,OUT,IN,MAYBE,MAYBE,MAYBE,OUT,MAYBE,MAYBE,COLLECTED,完整题-选择题照收,缺答案键,"未在rubric_links.csv找到该题任何行(未核实,不是已确认无)",,,,,,BJ-2026-XC-QIMO-Q9,2026-09-24-attribution-v3,classify.py:classified_prod.jsonl+matrix.csv+exam_identity.json+skill_overrides.json,no
BJ-2026-XC-QIMO-Q15,BJ-2026-XC-QIMO-Q15,BJ-2026-XC-QIMO,BJ-2026-XC-QIMO,15,选择题,,整题,dce59b47d97d1e46,不明,MAYBE,MAYBE,MAYBE,OUT,OUT,COLLECTED,MAYBE,OUT,MAYBE,完整题-选择题照收,缺答案键,"未在rubric_links.csv找到该题任何行(未核实,不是已确认无)",,,,,,BJ-2026-XC-QIMO-Q15,2026-09-24-attribution-v3,classify.py:classified_prod.jsonl+matrix.csv+exam_identity.json+skill_overrides.json,no
BJ-2024-SY-ERMO-Q17,BJ-2024-SY-ERMO-Q17,BJ-2024-SY-ERMO,BJ-2024-SY-ERMO,17,主观题,,整题,ad60ed19c5b03f82,不明,MAYBE,MAYBE,MAYBE,MAYBE,MAYBE,MAYBE,COLLECTED,MAYBE,MAYBE,收-具名例外,具名例外,具名例外:whole_exam_e3only | project-constitution.md:50 全项目当前只有2024顺义二模、2026石景山期末和2026北京高考三份具名试卷属于整卷无正式评分细则例外; exams.csv BJ-2024-SY-ERMO 行 notes 原话：独立E3参考答案，非E1; book-philosophy.md:30 书末例外严格限于2024顺义二模两题与2026石景山期末两题（该书目前只实际使用两题，不代表证据资格只有两题——证据资格按project-constitution:50为整卷）; book-culture.md 书末E3例外段：书末E3例外仍只允许2024顺义二模和2026石景山期末（同上，书用法与证据资格是两层）,,,,,,BJ-2024-SY-ERMO-Q17,2026-09-24-attribution-v3,classify.py:classified_prod.jsonl+matrix.csv+exam_identity.json+skill_overrides.json,no
BJ-2024-SY-ERMO-Q19#1,BJ-2024-SY-ERMO-Q19,BJ-2024-SY-ERMO,BJ-2024-SY-ERMO,19,主观题,1,小问,4c0f77b03c5d52a3,不明,OUT,MAYBE,COLLECTED,MAYBE,OUT,MAYBE,OUT,OUT,OUT,收-具名例外,具名例外,具名例外:whole_exam_e3only | project-constitution.md:50 全项目当前只有2024顺义二模、2026石景山期末和2026北京高考三份具名试卷属于整卷无正式评分细则例外; exams.csv BJ-2024-SY-ERMO 行 notes 原话：独立E3参考答案，非E1; book-philosophy.md:30 书末例外严格限于2024顺义二模两题与2026石景山期末两题（该书目前只实际使用两题，不代表证据资格只有两题——证据资格按project-constitution:50为整卷）; book-culture.md 书末E3例外段：书末E3例外仍只允许2024顺义二模和2026石景山期末（同上，书用法与证据资格是两层）,,,,,,BJ-2024-SY-ERMO-Q19,2026-09-24-attribution-v3,classify.py:classified_prod.jsonl+matrix.csv+exam_identity.json+skill_overrides.json,no
BJ-2024-SY-ERMO-Q19#2,BJ-2024-SY-ERMO-Q19,BJ-2024-SY-ERMO,BJ-2024-SY-ERMO,19,主观题,2,小问,acda9cfd011b9005,不明,MAYBE,MAYBE,COLLECTED,MAYBE,MAYBE,MAYBE,MAYBE,MAYBE,MAYBE,收-具名例外,具名例外,具名例外:whole_exam_e3only | project-constitution.md:50 全项目当前只有2024顺义二模、2026石景山期末和2026北京高考三份具名试卷属于整卷无正式评分细则例外; exams.csv BJ-2024-SY-ERMO 行 notes 原话：独立E3参考答案，非E1; book-philosophy.md:30 书末例外严格限于2024顺义二模两题与2026石景山期末两题（该书目前只实际使用两题，不代表证据资格只有两题——证据资格按project-constitution:50为整卷）; book-culture.md 书末E3例外段：书末E3例外仍只允许2024顺义二模和2026石景山期末（同上，书用法与证据资格是两层）,,,,,,BJ-2024-SY-ERMO-Q19,2026-09-24-attribution-v3,classify.py:classified_prod.jsonl+matrix.csv+exam_identity.json+skill_overrides.json,no
BJ-2024-SY-ERMO-Q20#1,BJ-2024-SY-ERMO-Q20,BJ-2024-SY-ERMO,BJ-2024-SY-ERMO,20,主观题,1,小问,63571566a65c7f9a,不明,MAYBE,MAYBE,COLLECTED,COLLECTED,MAYBE,MAYBE,MAYBE,MAYBE,MAYBE,收-具名例外,具名例外,具名例外:whole_exam_e3only | project-constitution.md:50 全项目当前只有2024顺义二模、2026石景山期末和2026北京高考三份具名试卷属于整卷无正式评分细则例外; exams.csv BJ-2024-SY-ERMO 行 notes 原话：独立E3参考答案，非E1; book-philosophy.md:30 书末例外严格限于2024顺义二模两题与2026石景山期末两题（该书目前只实际使用两题，不代表证据资格只有两题——证据资格按project-constitution:50为整卷）; book-culture.md 书末E3例外段：书末E3例外仍只允许2024顺义二模和2026石景山期末（同上，书用法与证据资格是两层）,,,,,,BJ-2024-SY-ERMO-Q20,2026-09-24-attribution-v3,classify.py:classified_prod.jsonl+matrix.csv+exam_identity.json+skill_overrides.json,no
BJ-2024-SY-ERMO-Q20#2,BJ-2024-SY-ERMO-Q20,BJ-2024-SY-ERMO,BJ-2024-SY-ERMO,20,主观题,2,小问,90069565d5dc7439,不明,MAYBE,MAYBE,COLLECTED,COLLECTED,MAYBE,MAYBE,MAYBE,MAYBE,MAYBE,收-具名例外,具名例外,具名例外:whole_exam_e3only | project-constitution.md:50 全项目当前只有2024顺义二模、2026石景山期末和2026北京高考三份具名试卷属于整卷无正式评分细则例外; exams.csv BJ-2024-SY-ERMO 行 notes 原话：独立E3参考答案，非E1; book-philosophy.md:30 书末例外严格限于2024顺义二模两题与2026石景山期末两题（该书目前只实际使用两题，不代表证据资格只有两题——证据资格按project-constitution:50为整卷）; book-culture.md 书末E3例外段：书末E3例外仍只允许2024顺义二模和2026石景山期末（同上，书用法与证据资格是两层）,,,,,,BJ-2024-SY-ERMO-Q20,2026-09-24-attribution-v3,classify.py:classified_prod.jsonl+matrix.csv+exam_identity.json+skill_overrides.json,no
BJ-2024-SY-ERMO-Q1,BJ-2024-SY-ERMO-Q1,BJ-2024-SY-ERMO,BJ-2024-SY-ERMO,1,选择题,,整题,22153e3f6299a5e0,不明,IN,MAYBE,MAYBE,MAYBE,COLLECTED,MAYBE,OUT,OUT,OUT,完整题-选择题照收,E3,逐题已匹配参考答案,,,,,,BJ-2024-SY-ERMO-Q1,2026-09-24-attribution-v3,classify.py:classified_prod.jsonl+matrix.csv+exam_identity.json+skill_overrides.json,no
BJ-2024-SY-ERMO-Q2,BJ-2024-SY-ERMO-Q2,BJ-2024-SY-ERMO,BJ-2024-SY-ERMO,2,选择题,,整题,8c3086925caed153,倾向,OUT,MAYBE,MAYBE,COLLECTED,COLLECTED,OUT,OUT,COLLECTED,OUT,完整题-选择题照收,E3,逐题已匹配参考答案,,,,,,BJ-2024-SY-ERMO-Q2,2026-09-24-attribution-v3,classify.py:classified_prod.jsonl+matrix.csv+exam_identity.json+skill_overrides.json,no
BJ-2024-SY-ERMO-Q3,BJ-2024-SY-ERMO-Q3,BJ-2024-SY-ERMO,BJ-2024-SY-ERMO,3,选择题,,整题,245018e173b25557,倾向,OUT,COLLECTED,MAYBE,COLLECTED,COLLECTED,OUT,OUT,COLLECTED,MAYBE,完整题-选择题照收,E3,逐题已匹配参考答案,,,,,,BJ-2024-SY-ERMO-Q3,2026-09-24-attribution-v3,classify.py:classified_prod.jsonl+matrix.csv+exam_identity.json+skill_overrides.json,no
BJ-2024-SY-ERMO-Q4,BJ-2024-SY-ERMO-Q4,BJ-2024-SY-ERMO,BJ-2024-SY-ERMO,4,选择题,,整题,f5bac40d20afc340,不明,OUT,MAYBE,MAYBE,MAYBE,COLLECTED,OUT,OUT,MAYBE,MAYBE,完整题-选择题照收,E3,逐题已匹配参考答案,,,,,,BJ-2024-SY-ERMO-Q4,2026-09-24-attribution-v3,classify.py:classified_prod.jsonl+matrix.csv+exam_identity.json+skill_overrides.json,no
BJ-2024-SY-ERMO-Q5,BJ-2024-SY-ERMO-Q5,BJ-2024-SY-ERMO,BJ-2024-SY-ERMO,5,选择题,,整题,dd387e5c61bee902,倾向,OUT,MAYBE,MAYBE,COLLECTED,COLLECTED,OUT,OUT,COLLECTED,MAYBE,完整题-选择题照收,E3,逐题已匹配参考答案,,,,,,BJ-2024-SY-ERMO-Q5,2026-09-24-attribution-v3,classify.py:classified_prod.jsonl+matrix.csv+exam_identity.json+skill_overrides.json,no
BJ-2024-SY-ERMO-Q7,BJ-2024-SY-ERMO-Q7,BJ-2024-SY-ERMO,BJ-2024-SY-ERMO,7,选择题,,整题,ef25a7bd67b2fe70,不明,OUT,IN,MAYBE,MAYBE,MAYBE,OUT,MAYBE,MAYBE,COLLECTED,完整题-选择题照收,E3,逐题已匹配参考答案,,,,,,BJ-2024-SY-ERMO-Q7,2026-09-24-attribution-v3,classify.py:classified_prod.jsonl+matrix.csv+exam_identity.json+skill_overrides.json,no
BJ-2024-SY-ERMO-Q8,BJ-2024-SY-ERMO-Q8,BJ-2024-SY-ERMO,BJ-2024-SY-ERMO,8,选择题,,整题,5fa9bfef8239c326,倾向,OUT,MAYBE,COLLECTED,MAYBE,OUT,MAYBE,IN,OUT,OUT,完整题-选择题照收,E3,逐题已匹配参考答案,,,,,,BJ-2024-SY-ERMO-Q8,2026-09-24-attribution-v3,classify.py:classified_prod.jsonl+matrix.csv+exam_identity.json+skill_overrides.json,no
BJ-2024-SY-ERMO-Q10,BJ-2024-SY-ERMO-Q10,BJ-2024-SY-ERMO,BJ-2024-SY-ERMO,10,选择题,,整题,22fab4b6bf24c844,倾向,OUT,MAYBE,MAYBE,OUT,OUT,OUT,COLLECTED,OUT,OUT,完整题-选择题照收,E3,逐题已匹配参考答案,,,,,,BJ-2024-SY-ERMO-Q10,2026-09-24-attribution-v3,classify.py:classified_prod.jsonl+matrix.csv+exam_identity.json+skill_overrides.json,no
BJ-2024-SY-ERMO-Q11,BJ-2024-SY-ERMO-Q11,BJ-2024-SY-ERMO,BJ-2024-SY-ERMO,11,选择题,,整题,9ebfe8dd5a6ca5e2,倾向,OUT,MAYBE,MAYBE,OUT,OUT,OUT,COLLECTED,OUT,OUT,完整题-选择题照收,E3,逐题已匹配参考答案,,,,,,BJ-2024-SY-ERMO-Q11,2026-09-24-attribution-v3,classify.py:classified_prod.jsonl+matrix.csv+exam_identity.json+skill_overrides.json,no
BJ-2024-SY-ERMO-Q12,BJ-2024-SY-ERMO-Q12,BJ-2024-SY-ERMO,BJ-2024-SY-ERMO,12,选择题,,整题,ac9e8aa646751f6f,不明,OUT,COLLECTED,MAYBE,OUT,OUT,OUT,MAYBE,MAYBE,MAYBE,完整题-选择题照收,E3,逐题已匹配参考答案,,,,,,BJ-2024-SY-ERMO-Q12,2026-09-24-attribution-v3,classify.py:classified_prod.jsonl+matrix.csv+exam_identity.json+skill_overrides.json,no
BJ-2024-SY-ERMO-Q13,BJ-2024-SY-ERMO-Q13,BJ-2024-SY-ERMO,BJ-2024-SY-ERMO,13,选择题,,整题,65f80d1843b6b061,倾向,OUT,COLLECTED,MAYBE,OUT,OUT,OUT,OUT,MAYBE,MAYBE,完整题-选择题照收,E3,逐题已匹配参考答案,,,,,,BJ-2024-SY-ERMO-Q13,2026-09-24-attribution-v3,classify.py:classified_prod.jsonl+matrix.csv+exam_identity.json+skill_overrides.json,no
BJ-2024-SY-ERMO-Q15,BJ-2024-SY-ERMO-Q15,BJ-2024-SY-ERMO,BJ-2024-SY-ERMO,15,选择题,,整题,1d50e3ed7f3121a4,倾向,MAYBE,MAYBE,IN,OUT,MAYBE,COLLECTED,OUT,OUT,OUT,完整题-选择题照收,E3,逐题已匹配参考答案,,,,,,BJ-2024-SY-ERMO-Q15,2026-09-24-attribution-v3,classify.py:classified_prod.jsonl+matrix.csv+exam_identity.json+skill_overrides.json,no
BJ-2024-SY-ERMO-Q16#1,BJ-2024-SY-ERMO-Q16,BJ-2024-SY-ERMO,BJ-2024-SY-ERMO,16,主观题,1,小问,ff67b3624af6e899,不明,OUT,MAYBE,OUT,COLLECTED,COLLECTED,OUT,OUT,MAYBE,MAYBE,收-具名例外,具名例外,具名例外:whole_exam_e3only | project-constitution.md:50 全项目当前只有2024顺义二模、2026石景山期末和2026北京高考三份具名试卷属于整卷无正式评分细则例外; exams.csv BJ-2024-SY-ERMO 行 notes 原话：独立E3参考答案，非E1; book-philosophy.md:30 书末例外严格限于2024顺义二模两题与2026石景山期末两题（该书目前只实际使用两题，不代表证据资格只有两题——证据资格按project-constitution:50为整卷）; book-culture.md 书末E3例外段：书末E3例外仍只允许2024顺义二模和2026石景山期末（同上，书用法与证据资格是两层）,,,,,,BJ-2024-SY-ERMO-Q16,2026-09-24-attribution-v3,classify.py:classified_prod.jsonl+matrix.csv+exam_identity.json+skill_overrides.json,no
BJ-2024-SY-ERMO-Q16#2,BJ-2024-SY-ERMO-Q16,BJ-2024-SY-ERMO,BJ-2024-SY-ERMO,16,主观题,2,小问,5bd4b9438437a152,倾向,OUT,MAYBE,OUT,COLLECTED,COLLECTED,OUT,OUT,IN,MAYBE,收-具名例外,具名例外,具名例外:whole_exam_e3only | project-constitution.md:50 全项目当前只有2024顺义二模、2026石景山期末和2026北京高考三份具名试卷属于整卷无正式评分细则例外; exams.csv BJ-2024-SY-ERMO 行 notes 原话：独立E3参考答案，非E1; book-philosophy.md:30 书末例外严格限于2024顺义二模两题与2026石景山期末两题（该书目前只实际使用两题，不代表证据资格只有两题——证据资格按project-constitution:50为整卷）; book-culture.md 书末E3例外段：书末E3例外仍只允许2024顺义二模和2026石景山期末（同上，书用法与证据资格是两层）,,,,,,BJ-2024-SY-ERMO-Q16,2026-09-24-attribution-v3,classify.py:classified_prod.jsonl+matrix.csv+exam_identity.json+skill_overrides.json,no
BJ-2024-SY-ERMO-Q18,BJ-2024-SY-ERMO-Q18,BJ-2024-SY-ERMO,BJ-2024-SY-ERMO,18,主观题,,整题,0cffe058719a9d07,确定,MAYBE,MAYBE,COLLECTED,MAYBE,MAYBE,IN,MAYBE,MAYBE,MAYBE,收-具名例外,具名例外,具名例外:whole_exam_e3only | project-constitution.md:50 全项目当前只有2024顺义二模、2026石景山期末和2026北京高考三份具名试卷属于整卷无正式评分细则例外; exams.csv BJ-2024-SY-ERMO 行 notes 原话：独立E3参考答案，非E1; book-philosophy.md:30 书末例外严格限于2024顺义二模两题与2026石景山期末两题（该书目前只实际使用两题，不代表证据资格只有两题——证据资格按project-constitution:50为整卷）; book-culture.md 书末E3例外段：书末E3例外仍只允许2024顺义二模和2026石景山期末（同上，书用法与证据资格是两层）,B1:rubric_unreadable_not_OUT;B2:rubric_unreadable_not_OUT;PH:rubric_unreadable_not_OUT;CU:rubric_unreadable_not_OUT;X2:rubric_unreadable_not_OUT;MI:rubric_unreadable_not_OUT;RE:rubric_unreadable_not_OUT,,,,,BJ-2024-SY-ERMO-Q18,2026-09-24-attribution-v3,classify.py:classified_prod.jsonl+matrix.csv+exam_identity.json+skill_overrides.json,no
BJ-2024-SY-ERMO-Q6,BJ-2024-SY-ERMO-Q6,BJ-2024-SY-ERMO,BJ-2024-SY-ERMO,6,选择题,,整题,a2e02ac9a7fd621d,不明,OUT,MAYBE,MAYBE,MAYBE,MAYBE,OUT,OUT,MAYBE,COLLECTED,完整题-选择题照收,E3,逐题已匹配参考答案,,,,,,BJ-2024-SY-ERMO-Q6,2026-09-24-attribution-v3,classify.py:classified_prod.jsonl+matrix.csv+exam_identity.json+skill_overrides.json,no
BJ-2024-SY-ERMO-Q9,BJ-2024-SY-ERMO-Q9,BJ-2024-SY-ERMO,BJ-2024-SY-ERMO,9,选择题,,整题,267328f6d1c03181,不明,OUT,MAYBE,COLLECTED,MAYBE,MAYBE,COLLECTED,MAYBE,OUT,OUT,完整题-选择题照收,E3,逐题已匹配参考答案,,,,,,BJ-2024-SY-ERMO-Q9,2026-09-24-attribution-v3,classify.py:classified_prod.jsonl+matrix.csv+exam_identity.json+skill_overrides.json,no
BJ-2024-SY-ERMO-Q14,BJ-2024-SY-ERMO-Q14,BJ-2024-SY-ERMO,BJ-2024-SY-ERMO,14,选择题,,整题,f2a9f3897ea914ed,不明,MAYBE,MAYBE,MAYBE,OUT,OUT,COLLECTED,OUT,MAYBE,MAYBE,完整题-选择题照收,E3,逐题已匹配参考答案,,,,,,BJ-2024-SY-ERMO-Q14,2026-09-24-attribution-v3,classify.py:classified_prod.jsonl+matrix.csv+exam_identity.json+skill_overrides.json,no
BJ-2026-FS-ERMO-Q4,BJ-2026-FS-ERMO-Q4,BJ-2026-FS-ERMO,BJ-2026-FS-ERMO,4,选择题,,整题,,倾向,OUT,COLLECTED,MAYBE,COLLECTED,COLLECTED,OUT,OUT,MAYBE,MAYBE,完整题-选择题照收,缺答案键,"未在rubric_links.csv找到该题任何行(未核实,不是已确认无)",,,,,,BJ-2026-FS-ERMO-Q4,2026-09-24-attribution-v3,classify.py:classified_prod.jsonl+matrix.csv+exam_identity.json+skill_overrides.json,no
BJ-2026-FS-ERMO-Q9,BJ-2026-FS-ERMO-Q9,BJ-2026-FS-ERMO,BJ-2026-FS-ERMO,9,选择题,,整题,,倾向,OUT,MAYBE,COLLECTED,MAYBE,COLLECTED,OUT,MAYBE,OUT,OUT,完整题-选择题照收,缺答案键,"未在rubric_links.csv找到该题任何行(未核实,不是已确认无)",,,,,,BJ-2026-FS-ERMO-Q9,2026-09-24-attribution-v3,classify.py:classified_prod.jsonl+matrix.csv+exam_identity.json+skill_overrides.json,no
BJ-2026-FS-ERMO-Q10,BJ-2026-FS-ERMO-Q10,BJ-2026-FS-ERMO,BJ-2026-FS-ERMO,10,选择题,,整题,,倾向,OUT,MAYBE,MAYBE,OUT,OUT,OUT,COLLECTED,OUT,OUT,完整题-选择题照收,缺答案键,"未在rubric_links.csv找到该题任何行(未核实,不是已确认无)",,,,,,BJ-2026-FS-ERMO-Q10,2026-09-24-attribution-v3,classify.py:classified_prod.jsonl+matrix.csv+exam_identity.json+skill_overrides.json,no
BJ-2026-FS-ERMO-Q11,BJ-2026-FS-ERMO-Q11,BJ-2026-FS-ERMO,BJ-2026-FS-ERMO,11,选择题,,整题,,倾向,OUT,MAYBE,MAYBE,OUT,OUT,OUT,COLLECTED,OUT,OUT,完整题-选择题照收,缺答案键,"未在rubric_links.csv找到该题任何行(未核实,不是已确认无)",,,,,,BJ-2026-FS-ERMO-Q11,2026-09-24-attribution-v3,classify.py:classified_prod.jsonl+matrix.csv+exam_identity.json+skill_overrides.json,no
BJ-2026-FS-ERMO-Q13,BJ-2026-FS-ERMO-Q13,BJ-2026-FS-ERMO,BJ-2026-FS-ERMO,13,主观题,,整题,,不明,MAYBE,COLLECTED,MAYBE,MAYBE,MAYBE,MAYBE,MAYBE,MAYBE,MAYBE,待裁决-证据未核实,缺细则,"未在rubric_links.csv找到该题任何行(未核实,不是已确认无)",,,,,,BJ-2026-FS-ERMO-Q13,2026-09-24-attribution-v3,classify.py:classified_prod.jsonl+matrix.csv+exam_identity.json+skill_overrides.json,no
BJ-2026-FS-ERMO-Q15,BJ-2026-FS-ERMO-Q15,BJ-2026-FS-ERMO,BJ-2026-FS-ERMO,15,主观题,,整题,,不明,MAYBE,COLLECTED,MAYBE,MAYBE,MAYBE,COLLECTED,MAYBE,MAYBE,MAYBE,待裁决-证据未核实,缺细则,"未在rubric_links.csv找到该题任何行(未核实,不是已确认无)",,,,,,BJ-2026-FS-ERMO-Q15,2026-09-24-attribution-v3,classify.py:classified_prod.jsonl+matrix.csv+exam_identity.json+skill_overrides.json,no
BJ-2023-HD-YIMO-Q1,BJ-2023-HD-YIMO-Q1,BJ-2023-HD-YIMO,BJ-2023-HD-YIMO,1,选择题,,整题,1a0736817f38997d,不明,MAYBE,MAYBE,IN,MAYBE,MAYBE,MAYBE,OUT,OUT,OUT,完整题-选择题照收,缺答案键,"未在rubric_links.csv找到该题任何行(未核实,不是已确认无)",,,,,,BJ-2023-HD-YIMO-Q1,2026-09-24-attribution-v3,classify.py:classified_prod.jsonl+matrix.csv+exam_identity.json+skill_overrides.json,no
BJ-2023-HD-YIMO-Q2,BJ-2023-HD-YIMO-Q2,BJ-2023-HD-YIMO,BJ-2023-HD-YIMO,2,选择题,,整题,9a3156cf6e61c463,不明,MAYBE,COLLECTED,MAYBE,MAYBE,MAYBE,OUT,OUT,OUT,MAYBE,完整题-选择题照收,缺答案键,"未在rubric_links.csv找到该题任何行(未核实,不是已确认无)",,,,,,BJ-2023-HD-YIMO-Q2,2026-09-24-attribution-v3,classify.py:classified_prod.jsonl+matrix.csv+exam_identity.json+skill_overrides.json,no
BJ-2023-HD-YIMO-Q3,BJ-2023-HD-YIMO-Q3,BJ-2023-HD-YIMO,BJ-2023-HD-YIMO,3,选择题,,整题,a0a571fe94db31fe,不明,OUT,MAYBE,COLLECTED,MAYBE,MAYBE,MAYBE,OUT,MAYBE,MAYBE,完整题-选择题照收,缺答案键,"未在rubric_links.csv找到该题任何行(未核实,不是已确认无)",,,,,,BJ-2023-HD-YIMO-Q3,2026-09-24-attribution-v3,classify.py:classified_prod.jsonl+matrix.csv+exam_identity.json+skill_overrides.json,no
BJ-2023-HD-YIMO-Q4,BJ-2023-HD-YIMO-Q4,BJ-2023-HD-YIMO,BJ-2023-HD-YIMO,4,选择题,,整题,d43494516b1788ff,不明,OUT,COLLECTED,MAYBE,MAYBE,MAYBE,OUT,OUT,MAYBE,MAYBE,完整题-选择题照收,缺答案键,"未在rubric_links.csv找到该题任何行(未核实,不是已确认无)",,,,,,BJ-2023-HD-YIMO-Q4,2026-09-24-attribution-v3,classify.py:classified_prod.jsonl+matrix.csv+exam_identity.json+skill_overrides.json,no
BJ-2023-HD-YIMO-Q5,BJ-2023-HD-YIMO-Q5,BJ-2023-HD-YIMO,BJ-2023-HD-YIMO,5,选择题,,整题,ef851a4bfdf4de30,不明,OUT,MAYBE,MAYBE,MAYBE,MAYBE,OUT,MAYBE,MAYBE,MAYBE,完整题-选择题照收,缺答案键,"未在rubric_links.csv找到该题任何行(未核实,不是已确认无)",,,,,,BJ-2023-HD-YIMO-Q5,2026-09-24-attribution-v3,classify.py:classified_prod.jsonl+matrix.csv+exam_identity.json+skill_overrides.json,no
BJ-2023-HD-YIMO-Q6,BJ-2023-HD-YIMO-Q6,BJ-2023-HD-YIMO,BJ-2023-HD-YIMO,6,选择题,,整题,3d8a8d29d59201bf,不明,OUT,MAYBE,MAYBE,MAYBE,MAYBE,MAYBE,OUT,MAYBE,MAYBE,完整题-选择题照收,缺答案键,"未在rubric_links.csv找到该题任何行(未核实,不是已确认无)",,,,,,BJ-2023-HD-YIMO-Q6,2026-09-24-attribution-v3,classify.py:classified_prod.jsonl+matrix.csv+exam_identity.json+skill_overrides.json,no
BJ-2023-HD-YIMO-Q7,BJ-2023-HD-YIMO-Q7,BJ-2023-HD-YIMO,BJ-2023-HD-YIMO,7,选择题,,整题,254917fcef7bd679,不明,OUT,COLLECTED,MAYBE,MAYBE,MAYBE,OUT,OUT,MAYBE,MAYBE,完整题-选择题照收,缺答案键,"未在rubric_links.csv找到该题任何行(未核实,不是已确认无)",,,,,,BJ-2023-HD-YIMO-Q7,2026-09-24-attribution-v3,classify.py:classified_prod.jsonl+matrix.csv+exam_identity.json+skill_overrides.json,no
BJ-2023-HD-YIMO-Q8,BJ-2023-HD-YIMO-Q8,BJ-2023-HD-YIMO,BJ-2023-HD-YIMO,8,选择题,,整题,13b4f4b28bd8612b,倾向,OUT,MAYBE,MAYBE,MAYBE,OUT,OUT,OUT,OUT,IN,完整题-选择题照收,缺答案键,"未在rubric_links.csv找到该题任何行(未核实,不是已确认无)",,,,,,BJ-2023-HD-YIMO-Q8,2026-09-24-attribution-v3,classify.py:classified_prod.jsonl+matrix.csv+exam_identity.json+skill_overrides.json,no
BJ-2023-HD-YIMO-Q9,BJ-2023-HD-YIMO-Q9,BJ-2023-HD-YIMO,BJ-2023-HD-YIMO,9,选择题,,整题,52bd259a5fb6d58b,不明,OUT,MAYBE,MAYBE,MAYBE,MAYBE,MAYBE,MAYBE,OUT,IN,完整题-选择题照收,缺答案键,"未在rubric_links.csv找到该题任何行(未核实,不是已确认无)",,,,,,BJ-2023-HD-YIMO-Q9,2026-09-24-attribution-v3,classify.py:classified_prod.jsonl+matrix.csv+exam_identity.json+skill_overrides.json,no
BJ-2023-HD-YIMO-Q10,BJ-2023-HD-YIMO-Q10,BJ-2023-HD-YIMO,BJ-2023-HD-YIMO,10,选择题,,整题,8b36c92d62ac9722,倾向,OUT,COLLECTED,MAYBE,OUT,OUT,OUT,MAYBE,OUT,MAYBE,完整题-选择题照收,缺答案键,"未在rubric_links.csv找到该题任何行(未核实,不是已确认无)",,,,,,BJ-2023-HD-YIMO-Q10,2026-09-24-attribution-v3,classify.py:classified_prod.jsonl+matrix.csv+exam_identity.json+skill_overrides.json,no
BJ-2023-HD-YIMO-Q11,BJ-2023-HD-YIMO-Q11,BJ-2023-HD-YIMO,BJ-2023-HD-YIMO,11,选择题,,整题,842a23788c6a5e38,倾向,OUT,COLLECTED,MAYBE,OUT,OUT,OUT,MAYBE,OUT,OUT,完整题-选择题照收,缺答案键,"未在rubric_links.csv找到该题任何行(未核实,不是已确认无)",,,,,,BJ-2023-HD-YIMO-Q11,2026-09-24-attribution-v3,classify.py:classified_prod.jsonl+matrix.csv+exam_identity.json+skill_overrides.json,no
BJ-2023-HD-YIMO-Q12,BJ-2023-HD-YIMO-Q12,BJ-2023-HD-YIMO,BJ-2023-HD-YIMO,12,选择题,,整题,f51489f22b0f6719,倾向,OUT,COLLECTED,COLLECTED,OUT,OUT,OUT,MAYBE,MAYBE,MAYBE,完整题-选择题照收,缺答案键,"未在rubric_links.csv找到该题任何行(未核实,不是已确认无)",,,,,,BJ-2023-HD-YIMO-Q12,2026-09-24-attribution-v3,classify.py:classified_prod.jsonl+matrix.csv+exam_identity.json+skill_overrides.json,no
BJ-2023-HD-YIMO-Q13,BJ-2023-HD-YIMO-Q13,BJ-2023-HD-YIMO,BJ-2023-HD-YIMO,13,选择题,,整题,1b7ce12eca158891,不明,OUT,MAYBE,COLLECTED,MAYBE,MAYBE,OUT,MAYBE,MAYBE,MAYBE,完整题-选择题照收,缺答案键,"未在rubric_links.csv找到该题任何行(未核实,不是已确认无)",,,,,,BJ-2023-HD-YIMO-Q13,2026-09-24-attribution-v3,classify.py:classified_prod.jsonl+matrix.csv+exam_identity.json+skill_overrides.json,no
BJ-2023-HD-YIMO-Q14,BJ-2023-HD-YIMO-Q14,BJ-2023-HD-YIMO,BJ-2023-HD-YIMO,14,选择题,,整题,782a47e5ae3dc7ff,不明,MAYBE,COLLECTED,MAYBE,OUT,OUT,IN,OUT,MAYBE,MAYBE,完整题-选择题照收,缺答案键,"未在rubric_links.csv找到该题任何行(未核实,不是已确认无)",,,,,,BJ-2023-HD-YIMO-Q14,2026-09-24-attribution-v3,classify.py:classified_prod.jsonl+matrix.csv+exam_identity.json+skill_overrides.json,no
BJ-2023-HD-YIMO-Q15,BJ-2023-HD-YIMO-Q15,BJ-2023-HD-YIMO,BJ-2023-HD-YIMO,15,选择题,,整题,351648c08a1366fc,倾向,MAYBE,COLLECTED,MAYBE,OUT,MAYBE,IN,OUT,OUT,OUT,完整题-选择题照收,缺答案键,"未在rubric_links.csv找到该题任何行(未核实,不是已确认无)",,,,,,BJ-2023-HD-YIMO-Q15,2026-09-24-attribution-v3,classify.py:classified_prod.jsonl+matrix.csv+exam_identity.json+skill_overrides.json,no
BJ-2026-FT-ERMO-Q8,BJ-2026-FT-ERMO-Q8,BJ-2026-FT-ERMO,BJ-2026-FT-ERMO,8,选择题,,整题,6a6d934c1386054c,倾向,OUT,MAYBE,MAYBE,MAYBE,OUT,OUT,OUT,OUT,COLLECTED,完整题-选择题照收,缺答案键,"未在rubric_links.csv找到该题任何行(未核实,不是已确认无)",,,,,,BJ-2026-FT-ERMO-Q8,2026-09-24-attribution-v3,classify.py:classified_prod.jsonl+matrix.csv+exam_identity.json+skill_overrides.json,no
BJ-2026-FT-ERMO-Q9,BJ-2026-FT-ERMO-Q9,BJ-2026-FT-ERMO,BJ-2026-FT-ERMO,9,选择题,,整题,0ca9babb0a708ca8,不明,OUT,MAYBE,MAYBE,MAYBE,MAYBE,OUT,MAYBE,OUT,COLLECTED,完整题-选择题照收,缺答案键,"未在rubric_links.csv找到该题任何行(未核实,不是已确认无)",,,,RE,,BJ-2026-FT-ERMO-Q9,2026-09-24-attribution-v3,classify.py:classified_prod.jsonl+matrix.csv+exam_identity.json+skill_overrides.json,no
BJ-2026-FT-ERMO-Q10,BJ-2026-FT-ERMO-Q10,BJ-2026-FT-ERMO,BJ-2026-FT-ERMO,10,选择题,,整题,6681aefb749f5c7a,倾向,OUT,MAYBE,MAYBE,OUT,OUT,OUT,COLLECTED,OUT,OUT,完整题-选择题照收,缺答案键,"未在rubric_links.csv找到该题任何行(未核实,不是已确认无)",,,,,,BJ-2026-FT-ERMO-Q10,2026-09-24-attribution-v3,classify.py:classified_prod.jsonl+matrix.csv+exam_identity.json+skill_overrides.json,no
BJ-2026-FT-ERMO-Q11,BJ-2026-FT-ERMO-Q11,BJ-2026-FT-ERMO,BJ-2026-FT-ERMO,11,选择题,,整题,13dc077ed6e95075,倾向,OUT,MAYBE,MAYBE,OUT,OUT,OUT,COLLECTED,OUT,OUT,完整题-选择题照收,缺答案键,"未在rubric_links.csv找到该题任何行(未核实,不是已确认无)",,,,,,BJ-2026-FT-ERMO-Q11,2026-09-24-attribution-v3,classify.py:classified_prod.jsonl+matrix.csv+exam_identity.json+skill_overrides.json,no
BJ-2026-FT-ERMO-Q12,BJ-2026-FT-ERMO-Q12,BJ-2026-FT-ERMO,BJ-2026-FT-ERMO,12,选择题,,整题,7df3beb0fed5cbab,不明,OUT,COLLECTED,MAYBE,OUT,OUT,OUT,MAYBE,MAYBE,MAYBE,完整题-选择题照收,缺答案键,"未在rubric_links.csv找到该题任何行(未核实,不是已确认无)",,,,,,BJ-2026-FT-ERMO-Q12,2026-09-24-attribution-v3,classify.py:classified_prod.jsonl+matrix.csv+exam_identity.json+skill_overrides.json,no
BJ-2026-FT-ERMO-Q13,BJ-2026-FT-ERMO-Q13,BJ-2026-FT-ERMO,BJ-2026-FT-ERMO,13,选择题,,整题,87415c3fa4b6d71f,倾向,OUT,COLLECTED,MAYBE,OUT,OUT,OUT,OUT,MAYBE,MAYBE,完整题-选择题照收,缺答案键,"未在rubric_links.csv找到该题任何行(未核实,不是已确认无)",,,,,,BJ-2026-FT-ERMO-Q13,2026-09-24-attribution-v3,classify.py:classified_prod.jsonl+matrix.csv+exam_identity.json+skill_overrides.json,no
BJ-2026-FT-ERMO-Q20,BJ-2026-FT-ERMO-Q20,BJ-2026-FT-ERMO,BJ-2026-FT-ERMO,20,主观题,,整题,77f0d95483cd8521,倾向,MAYBE,MAYBE,MAYBE,MAYBE,MAYBE,IN,MAYBE,MAYBE,MAYBE,不收-无E1,缺细则-已核实,rubric_links.csv对该题一行都没有；但book-xuanbi-1.md独立核验确认正式阅卷PPT从Q19直接跳到Q21，Q20本身缺失评分单元，是'已核实无'而非'未核实'，不落入待裁决。 | book-xuanbi-1.md:301 …2026丰台二模Q20…; book-xuanbi-1.md:205 2026丰台二模Q20在正式阅卷PPT中缺失; book-xuanbi-1.md:400 2026丰台二模阅卷PPT从Q19直接进入Q21，Q20缺失; book-xuanbi-1.md:418 2026丰台二模现有正式载体从Q19跳到Q21，没有Q20评分单元,B1:rubric_unreadable_not_OUT;B3:rubric_unreadable_not_OUT;PH:rubric_unreadable_not_OUT;CU:rubric_unreadable_not_OUT;X2:rubric_unreadable_not_OUT;MI:rubric_unreadable_not_OUT;RE:rubric_unreadable_not_OUT,,,,,BJ-2026-FT-ERMO-Q20,2026-09-24-attribution-v3,classify.py:classified_prod.jsonl+matrix.csv+exam_identity.json+skill_overrides.json,no
BJ-2024-MTG-YIMO-Q7,BJ-2024-MTG-YIMO-Q7,BJ-2024-MTG-YIMO,BJ-2024-MTG-YIMO,7,选择题,,整题,fe64539cfc57397b,汇编候选-未分类器处理,MAYBE,MAYBE,MAYBE,MAYBE,MAYBE,MAYBE,MAYBE,MAYBE,MAYBE,完整题-选择题照收,汇编片段(assembly_blocks.csv)，原卷/正式评分载体尚未取得,,assembly_only_unclassified：题号按北京卷题号区间判定题型（Q1-15选择题/Q16+主观题），未经classify.py九模块判定，全部模块列MAYBE，需人工/模型核实模块归属,,,,,,2026-09-24-attribution-v3,assembly_blocks.csv:ASM-2024届各区一模试题分类汇编必修1#9,no
BJ-2024-MTG-YIMO-Q4,BJ-2024-MTG-YIMO-Q4,BJ-2024-MTG-YIMO,BJ-2024-MTG-YIMO,4,选择题,,整题,6f4a8c3f050a8ac4,汇编候选-未分类器处理,MAYBE,MAYBE,MAYBE,MAYBE,MAYBE,MAYBE,MAYBE,MAYBE,MAYBE,完整题-选择题照收,汇编片段(assembly_blocks.csv)，原卷/正式评分载体尚未取得,,assembly_only_unclassified：题号按北京卷题号区间判定题型（Q1-15选择题/Q16+主观题），未经classify.py九模块判定，全部模块列MAYBE，需人工/模型核实模块归属,,,,,,2026-09-24-attribution-v3,assembly_blocks.csv:ASM-2024届各区一模试题分类汇编必修2 #3,no
BJ-2024-MTG-YIMO-Q6,BJ-2024-MTG-YIMO-Q6,BJ-2024-MTG-YIMO,BJ-2024-MTG-YIMO,6,选择题,,整题,21f717c5c6a32d8b,汇编候选-未分类器处理,MAYBE,MAYBE,MAYBE,MAYBE,MAYBE,MAYBE,MAYBE,MAYBE,MAYBE,完整题-选择题照收,汇编片段(assembly_blocks.csv)，原卷/正式评分载体尚未取得,,assembly_only_unclassified：题号按北京卷题号区间判定题型（Q1-15选择题/Q16+主观题），未经classify.py九模块判定，全部模块列MAYBE，需人工/模型核实模块归属,,,,,,2026-09-24-attribution-v3,assembly_blocks.csv:ASM-2024届各区一模试题分类汇编必修2 #4,no
BJ-2024-MTG-YIMO-Q12,BJ-2024-MTG-YIMO-Q12,BJ-2024-MTG-YIMO,BJ-2024-MTG-YIMO,12,选择题,,整题,2192f840f69ab6d2,汇编候选-未分类器处理,MAYBE,MAYBE,MAYBE,MAYBE,MAYBE,MAYBE,MAYBE,MAYBE,MAYBE,完整题-选择题照收,汇编片段(assembly_blocks.csv)，原卷/正式评分载体尚未取得,,assembly_only_unclassified：题号按北京卷题号区间判定题型（Q1-15选择题/Q16+主观题），未经classify.py九模块判定，全部模块列MAYBE，需人工/模型核实模块归属,,,,,,2026-09-24-attribution-v3,assembly_blocks.csv:ASM-2024届各区一模试题分类汇编选必2#3,no
BJ-2024-FS-YIMO-Q2,BJ-2024-FS-YIMO-Q2,BJ-2024-FS-YIMO,BJ-2024-FS-YIMO,2,选择题,,整题,d26a0f1b206386a6,汇编候选-未分类器处理,MAYBE,MAYBE,MAYBE,MAYBE,MAYBE,MAYBE,MAYBE,MAYBE,MAYBE,完整题-选择题照收,汇编片段(assembly_blocks.csv)，原卷/正式评分载体尚未取得,,assembly_only_unclassified：题号按北京卷题号区间判定题型（Q1-15选择题/Q16+主观题），未经classify.py九模块判定，全部模块列MAYBE，需人工/模型核实模块归属,,,,,,2026-09-24-attribution-v3,assembly_blocks.csv:ASM-2024届各区一模试题分类汇编必修2 #7,no
BJ-2024-FS-YIMO-Q19,BJ-2024-FS-YIMO-Q19,BJ-2024-FS-YIMO,BJ-2024-FS-YIMO,19,主观题,,整题,227d462ae3b34ab8,汇编候选-未分类器处理,MAYBE,MAYBE,MAYBE,MAYBE,MAYBE,MAYBE,MAYBE,MAYBE,MAYBE,待裁决-证据未核实,汇编片段(assembly_blocks.csv)，原卷/正式评分载体尚未取得,,assembly_only_unclassified：题号按北京卷题号区间判定题型（Q1-15选择题/Q16+主观题），未经classify.py九模块判定，全部模块列MAYBE，需人工/模型核实模块归属,,,,,,2026-09-24-attribution-v3,assembly_blocks.csv:ASM-2024届各区一模试题分类汇编必修2 #11,no
BJ-2024-FS-YIMO-Q12,BJ-2024-FS-YIMO-Q12,BJ-2024-FS-YIMO,BJ-2024-FS-YIMO,12,选择题,,整题,3500960071c38dc2,汇编候选-未分类器处理,MAYBE,MAYBE,MAYBE,MAYBE,MAYBE,MAYBE,MAYBE,MAYBE,MAYBE,完整题-选择题照收,汇编片段(assembly_blocks.csv)，原卷/正式评分载体尚未取得,,assembly_only_unclassified：题号按北京卷题号区间判定题型（Q1-15选择题/Q16+主观题），未经classify.py九模块判定，全部模块列MAYBE，需人工/模型核实模块归属,,,,,,2026-09-24-attribution-v3,assembly_blocks.csv:ASM-2024届各区一模试题分类汇编选必2#5,no
BJ-2024-FS-YIMO-Q13,BJ-2024-FS-YIMO-Q13,BJ-2024-FS-YIMO,BJ-2024-FS-YIMO,13,选择题,,整题,aba82981676961c3,汇编候选-未分类器处理,MAYBE,MAYBE,MAYBE,MAYBE,MAYBE,MAYBE,MAYBE,MAYBE,MAYBE,完整题-选择题照收,汇编片段(assembly_blocks.csv)，原卷/正式评分载体尚未取得,,assembly_only_unclassified：题号按北京卷题号区间判定题型（Q1-15选择题/Q16+主观题），未经classify.py九模块判定，全部模块列MAYBE，需人工/模型核实模块归属,,,,,,2026-09-24-attribution-v3,assembly_blocks.csv:ASM-2024届各区一模试题分类汇编选必2#6,no
BJ-2024-FS-YIMO-Q17,BJ-2024-FS-YIMO-Q17,BJ-2024-FS-YIMO,BJ-2024-FS-YIMO,17,主观题,,整题,ced5c0c2996dab89,汇编候选-未分类器处理,MAYBE,MAYBE,MAYBE,MAYBE,MAYBE,MAYBE,MAYBE,MAYBE,MAYBE,待裁决-证据未核实,汇编片段(assembly_blocks.csv)，原卷/正式评分载体尚未取得,,assembly_only_unclassified：题号按北京卷题号区间判定题型（Q1-15选择题/Q16+主观题），未经classify.py九模块判定，全部模块列MAYBE，需人工/模型核实模块归属,,,,,,2026-09-24-attribution-v3,assembly_blocks.csv:ASM-2024届各区一模试题分类汇编选必2#13,no
BJ-2024-MTG-YIMO-Q8,BJ-2024-MTG-YIMO-Q8,BJ-2024-MTG-YIMO,BJ-2024-MTG-YIMO,8,选择题,,整题,,汇编候选-未分类器处理,MAYBE,MAYBE,MAYBE,MAYBE,MAYBE,COLLECTED,MAYBE,MAYBE,MAYBE,完整题-选择题照收,E1,具名核实-官方答案键(D)；该题原在assembly_blocks.csv标'待复核'(matched_exam_id为空)，年份由本表用此官方答案键反向核实为2024届 | book-xuanbi-1.md:308 本轮客观正式键闭环10项：…门头沟一模Q8=D、Q10=D、Q11=C…正文9个实际题块与正式键9/9一致,"assembly_only_unclassified：题号按北京卷题号区间判定题型（Q1-15选择题/Q16+主观题），未经classify.py九模块判定，全部模块列MAYBE，需人工/模型核实模块归属；该题原在assembly_blocks.csv标""待复核""（本身matched_exam_id为空），本表用book-xuanbi-1.md官方答案键反向核实年份并入BJ-2024-MTG-YIMO，见identity层assembly_pending_review.resolved的resolution_evidence",,,,,,2026-09-24-attribution-v3,assembly_blocks.csv(待复核，已用book-xuanbi-1.md官方答案键反向核实年份),no
BJ-2024-MTG-YIMO-Q11,BJ-2024-MTG-YIMO-Q11,BJ-2024-MTG-YIMO,BJ-2024-MTG-YIMO,11,选择题,,整题,,汇编候选-未分类器处理,MAYBE,MAYBE,MAYBE,MAYBE,MAYBE,COLLECTED,MAYBE,MAYBE,MAYBE,完整题-选择题照收,E1,具名核实-官方答案键(C，门头沟Q11旧候选A已纠正为正式键C)；该题原在assembly_blocks.csv标'待复核'(matched_exam_id为空)，年份由本表用此官方答案键反向核实为2024届 | book-xuanbi-1.md:308 …门头沟Q11旧候选A已纠正为正式键C。正文9个实际题块与正式键9/9一致,"assembly_only_unclassified：题号按北京卷题号区间判定题型（Q1-15选择题/Q16+主观题），未经classify.py九模块判定，全部模块列MAYBE，需人工/模型核实模块归属；该题原在assembly_blocks.csv标""待复核""（本身matched_exam_id为空），本表用book-xuanbi-1.md官方答案键反向核实年份并入BJ-2024-MTG-YIMO，见identity层assembly_pending_review.resolved的resolution_evidence",,,,,,2026-09-24-attribution-v3,assembly_blocks.csv(待复核，已用book-xuanbi-1.md官方答案键反向核实年份),no
BJ-2024-FS-YIMO-Q15,BJ-2024-FS-YIMO-Q15,BJ-2024-FS-YIMO,BJ-2024-FS-YIMO,15,选择题,,整题,,汇编候选-未分类器处理,MAYBE,MAYBE,MAYBE,MAYBE,MAYBE,COLLECTED,MAYBE,MAYBE,MAYBE,完整题-选择题照收,E1,具名核实-官方答案键(D)；该题原在assembly_blocks.csv标'待复核'(matched_exam_id为空)，年份由本表用此官方答案键反向核实为2024届 | book-xuanbi-1.md:308 本轮客观正式键闭环10项：2024房山一模Q14=C、Q15=D…正文9个实际题块与正式键9/9一致,"assembly_only_unclassified：题号按北京卷题号区间判定题型（Q1-15选择题/Q16+主观题），未经classify.py九模块判定，全部模块列MAYBE，需人工/模型核实模块归属；该题原在assembly_blocks.csv标""待复核""（本身matched_exam_id为空），本表用book-xuanbi-1.md官方答案键反向核实年份并入BJ-2024-FS-YIMO，见identity层assembly_pending_review.resolved的resolution_evidence",,,,,,2026-09-24-attribution-v3,assembly_blocks.csv(待复核，已用book-xuanbi-1.md官方答案键反向核实年份),no
UNRESOLVED-门头沟一模-Q14,UNRESOLVED-门头沟一模-Q14,UNRESOLVED-门头沟一模,UNRESOLVED-门头沟一模,14,选择题,,整题,,汇编候选-待复核-年份未确认,MAYBE,MAYBE,MAYBE,MAYBE,MAYBE,MAYBE,MAYBE,MAYBE,MAYBE,身份未确认-不计入分母-待复核,"汇编标注""待复核""，候选年份未达匹配门槛，book-xuanbi-1.md无可核实的具体结论","assembly_blocks.csv候选年份BJ-2025-MTG-YIMO/BJ-2026-MTG-YIMO均未达匹配门槛；book-xuanbi-1.md未见对""门头沟一模Q14""的可核实具体结论，无法反向锁定为2024届，本表不代为裁定，按待复核纳入候选（不计入任何模块分母），见回传题库线_v3.json。",assembly_pending_review.unresolved：题型按题号区间粗判，仅供人工核实年份后改判，不计入任何模块的漏收/错收/OUT分母,,,,pending_review_unresolved,,2026-09-24-attribution-v3,"assembly_blocks.csv(待复核,门头沟一模14)",no
UNRESOLVED-门头沟一模-Q20,UNRESOLVED-门头沟一模-Q20,UNRESOLVED-门头沟一模,UNRESOLVED-门头沟一模,20,主观题,,整题,,汇编候选-待复核-年份未确认,MAYBE,MAYBE,MAYBE,MAYBE,MAYBE,MAYBE,MAYBE,MAYBE,MAYBE,身份未确认-不计入分母-待复核,"汇编标注""待复核""，候选年份未达匹配门槛，book-xuanbi-1.md无可核实的具体结论","assembly_blocks.csv preview原文为""（门头沟一模，20）""（block_index=5，assembly_id=ASM-2024届各区一模试题分类汇编选必3），候选年份亦未达匹配门槛，book-xuanbi-1.md未见对应可核实结论，本表不代为裁定，按待复核纳入候选（不计入任何模块分母）。",assembly_pending_review.unresolved：题型按题号区间粗判，仅供人工核实年份后改判，不计入任何模块的漏收/错收/OUT分母,,,,pending_review_unresolved,,2026-09-24-attribution-v3,"assembly_blocks.csv(待复核,门头沟一模20)",no
BJ-2024-MTG-YIMO-Q10,BJ-2024-MTG-YIMO-Q10,BJ-2024-MTG-YIMO,BJ-2024-MTG-YIMO,10,选择题,,整题,,书稿具名核实-无汇编/题库独立行,MAYBE,MAYBE,MAYBE,MAYBE,MAYBE,COLLECTED,MAYBE,MAYBE,MAYBE,完整题-选择题照收,E1,book-xuanbi-1.md:308 “门头沟一模Q10=D”（本轮客观正式键闭环10项之一，正文9个实际题块与正式键9/9一致） | 具名核实-官方答案键(D)；questions.csv/assembly_blocks.csv均无该题独立行，本行为book-xuanbi-1.md具名核实的书稿具名核实-无汇编/题库独立行候选 | book-xuanbi-1.md:308 本轮客观正式键闭环10项：…门头沟一模Q8=D、Q10=D、Q11=C…正文9个实际题块与正式键9/9一致,book_confirmed_extra_qid：questions.csv/assembly_blocks.csv均无该题独立行，本行仅登记书稿具名核实的事实，不冒充分类器/汇编产物；已列入回传题库线_v3.json（补登questions.csv/matrix.csv）,,,,,,2026-09-24-attribution-v3,book-xuanbi-1.md(具名核实)+skill_overrides.json,no
BJ-2024-MTG-YIMO-Q18,BJ-2024-MTG-YIMO-Q18,BJ-2024-MTG-YIMO,BJ-2024-MTG-YIMO,18,主观题,,整题,,书稿具名核实-无汇编/题库独立行,MAYBE,MAYBE,MAYBE,MAYBE,MAYBE,MAYBE,MAYBE,MAYBE,MAYBE,不收-无E1,缺细则-已核实,book-xuanbi-1.md:401 “2024门头沟一模Q18已确认属于本项目选必一题源…当前载体仍只提供E3参考答案，没有同卷独立正式E1” | book-xuanbi-1.md确认该题'题源边界'已核实属于本项目选必一，但同卷只有E3参考答案，没有独立正式E1；该行明确'只修订审计状态，不改正文和正式槽'，本表不因此把归属_X1标为COLLECTED。 | book-xuanbi-1.md:401 2024门头沟一模Q18已确认属于本项目选必一题源，纠正历史'题源边界待核'状态；当前载体仍只提供E3参考答案，没有同卷独立正式E1，因此只修订审计状态，不改正文和正式槽; book-xuanbi-1.md:418 2024门头沟一模Q18只有分类汇编题源与E3; book-xuanbi-1.md:23 2024门头沟一模Q18的题源边界及同卷E3参考答案均已确认，不得再次标为'题源边界待核'，也不得升级E1,book_confirmed_extra_qid：questions.csv/assembly_blocks.csv均无该题独立行，本行仅登记书稿具名核实的事实，不冒充分类器/汇编产物；已列入回传题库线_v3.json（补登questions.csv/matrix.csv）;skill_overrides覆盖为确认负例(不再是汇编候选默认待裁决),,,,,,2026-09-24-attribution-v3,book-xuanbi-1.md(具名核实)+skill_overrides.json,no
BJ-2024-FS-YIMO-Q14,BJ-2024-FS-YIMO-Q14,BJ-2024-FS-YIMO,BJ-2024-FS-YIMO,14,选择题,,整题,,书稿具名核实-无汇编/题库独立行,MAYBE,MAYBE,MAYBE,MAYBE,MAYBE,COLLECTED,MAYBE,MAYBE,MAYBE,完整题-选择题照收,E1,book-xuanbi-1.md:308 “2024房山一模Q14=C”（本轮客观正式键闭环10项之一） | 具名核实-官方答案键(C)；questions.csv/assembly_blocks.csv均无该题独立行 | book-xuanbi-1.md:308 本轮客观正式键闭环10项：2024房山一模Q14=C、Q15=D…正文9个实际题块与正式键9/9一致,book_confirmed_extra_qid：questions.csv/assembly_blocks.csv均无该题独立行，本行仅登记书稿具名核实的事实，不冒充分类器/汇编产物；已列入回传题库线_v3.json（补登questions.csv/matrix.csv）,,,,,,2026-09-24-attribution-v3,book-xuanbi-1.md(具名核实)+skill_overrides.json,no
BJ-2024-FS-YIMO-Q18#2,BJ-2024-FS-YIMO-Q18,BJ-2024-FS-YIMO,BJ-2024-FS-YIMO,18,主观题,2,小问,,书稿具名核实-无汇编/题库独立行,MAYBE,MAYBE,MAYBE,MAYBE,MAYBE,COLLECTED,MAYBE,MAYBE,MAYBE,完整题-有E1,E1,book-xuanbi-1.md:307 “本轮主观E1新闭环7题…房山一模Q18(2)”；book-xuanbi-1.md:51 “房山一模Q18（2）的‘开源’释义在7个重复落位全部恢复四边框”（已在选必一正文多处落位） | 具名核实-Skill闭环记录（该题正文已在7个重复落位全部恢复四边框，确认已在选必一正文多处落位，不是候选状态） | book-xuanbi-1.md:307 本轮主观E1新闭环7题：2024丰台一模Q20、房山一模Q18(2)、西城二模Q17…; book-xuanbi-1.md:51 房山一模Q18（2）的'开源'释义在7个重复落位全部恢复四边框，整本真实表格由7张增至22张,book_confirmed_extra_qid：questions.csv/assembly_blocks.csv均无该题独立行，本行仅登记书稿具名核实的事实，不冒充分类器/汇编产物；已列入回传题库线_v3.json（补登questions.csv/matrix.csv）;skill_overrides覆盖为E1(不再是汇编候选默认待裁决),,,,,,2026-09-24-attribution-v3,book-xuanbi-1.md(具名核实)+skill_overrides.json,no
