asset_id,source_id,kind,page,path,note
Sc90c72fbae63-p001,Sc90c72fbae63,page_render,1,assets/Sc90c72fbae63/pages/p001.png,含图表/扫描内容的整页图，供显式打开核验
Sd71f294a3eff-p001,Sd71f294a3eff,page_render,1,assets/Sd71f294a3eff/pages/p001.png,含图表/扫描内容的整页图，供显式打开核验
Sd71f294a3eff-p002,Sd71f294a3eff,page_render,2,assets/Sd71f294a3eff/pages/p002.png,含图表/扫描内容的整页图，供显式打开核验
Sd71f294a3eff-p003,Sd71f294a3eff,page_render,3,assets/Sd71f294a3eff/pages/p003.png,含图表/扫描内容的整页图，供显式打开核验
Sd71f294a3eff-p004,Sd71f294a3eff,page_render,4,assets/Sd71f294a3eff/pages/p004.png,含图表/扫描内容的整页图，供显式打开核验
Sd71f294a3eff-p005,Sd71f294a3eff,page_render,5,assets/Sd71f294a3eff/pages/p005.png,含图表/扫描内容的整页图，供显式打开核验
Sd71f294a3eff-p006,Sd71f294a3eff,page_render,6,assets/Sd71f294a3eff/pages/p006.png,含图表/扫描内容的整页图，供显式打开核验
Sd71f294a3eff-p007,Sd71f294a3eff,page_render,7,assets/Sd71f294a3eff/pages/p007.png,含图表/扫描内容的整页图，供显式打开核验
Sd71f294a3eff-p008,Sd71f294a3eff,page_render,8,assets/Sd71f294a3eff/pages/p008.png,含图表/扫描内容的整页图，供显式打开核验
Sd71f294a3eff-p009,Sd71f294a3eff,page_render,9,assets/Sd71f294a3eff/pages/p009.png,含图表/扫描内容的整页图，供显式打开核验
Sd71f294a3eff-p010,Sd71f294a3eff,page_render,10,assets/Sd71f294a3eff/pages/p010.png,含图表/扫描内容的整页图，供显式打开核验
Sd71f294a3eff-img-000,Sd71f294a3eff,embedded_image,,assets/Sd71f294a3eff/embedded/img-000.png,PDF 内嵌位图（矢量线条/组合图形不在此列，须看整页图）
Sd71f294a3eff-img-001,Sd71f294a3eff,embedded_image,,assets/Sd71f294a3eff/embedded/img-001.png,PDF 内嵌位图（矢量线条/组合图形不在此列，须看整页图）
Sd71f294a3eff-img-002,Sd71f294a3eff,embedded_image,,assets/Sd71f294a3eff/embedded/img-002.png,PDF 内嵌位图（矢量线条/组合图形不在此列，须看整页图）
Sd71f294a3eff-img-003,Sd71f294a3eff,embedded_image,,assets/Sd71f294a3eff/embedded/img-003.png,PDF 内嵌位图（矢量线条/组合图形不在此列，须看整页图）
Sd71f294a3eff-img-004,Sd71f294a3eff,embedded_image,,assets/Sd71f294a3eff/embedded/img-004.png,PDF 内嵌位图（矢量线条/组合图形不在此列，须看整页图）
Sd71f294a3eff-img-005,Sd71f294a3eff,embedded_image,,assets/Sd71f294a3eff/embedded/img-005.png,PDF 内嵌位图（矢量线条/组合图形不在此列，须看整页图）
Sd71f294a3eff-img-006,Sd71f294a3eff,embedded_image,,assets/Sd71f294a3eff/embedded/img-006.png,PDF 内嵌位图（矢量线条/组合图形不在此列，须看整页图）
Sd71f294a3eff-img-007,Sd71f294a3eff,embedded_image,,assets/Sd71f294a3eff/embedded/img-007.png,PDF 内嵌位图（矢量线条/组合图形不在此列，须看整页图）
Sd71f294a3eff-img-008,Sd71f294a3eff,embedded_image,,assets/Sd71f294a3eff/embedded/img-008.png,PDF 内嵌位图（矢量线条/组合图形不在此列，须看整页图）
Sd71f294a3eff-img-009,Sd71f294a3eff,embedded_image,,assets/Sd71f294a3eff/embedded/img-009.png,PDF 内嵌位图（矢量线条/组合图形不在此列，须看整页图）
Sd71f294a3eff-img-010,Sd71f294a3eff,embedded_image,,assets/Sd71f294a3eff/embedded/img-010.png,PDF 内嵌位图（矢量线条/组合图形不在此列，须看整页图）
S037fd592575b-p001,S037fd592575b,page_render,1,assets/S037fd592575b/pages/p001.png,含图表/扫描内容的整页图，供显式打开核验
S037fd592575b-p002,S037fd592575b,page_render,2,assets/S037fd592575b/pages/p002.png,含图表/扫描内容的整页图，供显式打开核验
S878f984441fc-p002,S878f984441fc,page_render,2,assets/S878f984441fc/pages/p002.png,含图表/扫描内容的整页图，供显式打开核验
S878f984441fc-p003,S878f984441fc,page_render,3,assets/S878f984441fc/pages/p003.png,含图表/扫描内容的整页图，供显式打开核验
S878f984441fc-p005,S878f984441fc,page_render,5,assets/S878f984441fc/pages/p005.png,含图表/扫描内容的整页图，供显式打开核验
S878f984441fc-p006,S878f984441fc,page_render,6,assets/S878f984441fc/pages/p006.png,含图表/扫描内容的整页图，供显式打开核验
S878f984441fc-p007,S878f984441fc,page_render,7,assets/S878f984441fc/pages/p007.png,含图表/扫描内容的整页图，供显式打开核验
S878f984441fc-img-000,S878f984441fc,embedded_image,,assets/S878f984441fc/embedded/img-000.png,PDF 内嵌位图（矢量线条/组合图形不在此列，须看整页图）
S878f984441fc-img-001,S878f984441fc,embedded_image,,assets/S878f984441fc/embedded/img-001.png,PDF 内嵌位图（矢量线条/组合图形不在此列，须看整页图）
S878f984441fc-img-002,S878f984441fc,embedded_image,,assets/S878f984441fc/embedded/img-002.png,PDF 内嵌位图（矢量线条/组合图形不在此列，须看整页图）
Sb740cc856b44-p003,Sb740cc856b44,page_render,3,assets/Sb740cc856b44/pages/p003.png,含图表/扫描内容的整页图，供显式打开核验
Sb740cc856b44-p004,Sb740cc856b44,page_render,4,assets/Sb740cc856b44/pages/p004.png,含图表/扫描内容的整页图，供显式打开核验
Sb740cc856b44-p005,Sb740cc856b44,page_render,5,assets/Sb740cc856b44/pages/p005.png,含图表/扫描内容的整页图，供显式打开核验
Sb740cc856b44-p006,Sb740cc856b44,page_render,6,assets/Sb740cc856b44/pages/p006.png,含图表/扫描内容的整页图，供显式打开核验
Sb740cc856b44-p007,Sb740cc856b44,page_render,7,assets/Sb740cc856b44/pages/p007.png,含图表/扫描内容的整页图，供显式打开核验
S1e63c7437c16-p001,S1e63c7437c16,page_render,1,assets/S1e63c7437c16/pages/p001.png,含图表/扫描内容的整页图，供显式打开核验
S1e63c7437c16-p002,S1e63c7437c16,page_render,2,assets/S1e63c7437c16/pages/p002.png,含图表/扫描内容的整页图，供显式打开核验
S1e63c7437c16-p003,S1e63c7437c16,page_render,3,assets/S1e63c7437c16/pages/p003.png,含图表/扫描内容的整页图，供显式打开核验
S74dee7282b3f-p001,S74dee7282b3f,page_render,1,assets/S74dee7282b3f/pages/p001.png,含图表/扫描内容的整页图，供显式打开核验
S74dee7282b3f-p002,S74dee7282b3f,page_render,2,assets/S74dee7282b3f/pages/p002.png,含图表/扫描内容的整页图，供显式打开核验
S74dee7282b3f-p003,S74dee7282b3f,page_render,3,assets/S74dee7282b3f/pages/p003.png,含图表/扫描内容的整页图，供显式打开核验
S74dee7282b3f-p004,S74dee7282b3f,page_render,4,assets/S74dee7282b3f/pages/p004.png,含图表/扫描内容的整页图，供显式打开核验
S74dee7282b3f-p005,S74dee7282b3f,page_render,5,assets/S74dee7282b3f/pages/p005.png,含图表/扫描内容的整页图，供显式打开核验
S74dee7282b3f-p006,S74dee7282b3f,page_render,6,assets/S74dee7282b3f/pages/p006.png,含图表/扫描内容的整页图，供显式打开核验
S74dee7282b3f-p007,S74dee7282b3f,page_render,7,assets/S74dee7282b3f/pages/p007.png,含图表/扫描内容的整页图，供显式打开核验
S74dee7282b3f-p008,S74dee7282b3f,page_render,8,assets/S74dee7282b3f/pages/p008.png,含图表/扫描内容的整页图，供显式打开核验
S74dee7282b3f-p009,S74dee7282b3f,page_render,9,assets/S74dee7282b3f/pages/p009.png,含图表/扫描内容的整页图，供显式打开核验
S74dee7282b3f-p010,S74dee7282b3f,page_render,10,assets/S74dee7282b3f/pages/p010.png,含图表/扫描内容的整页图，供显式打开核验
S74dee7282b3f-p011,S74dee7282b3f,page_render,11,assets/S74dee7282b3f/pages/p011.png,含图表/扫描内容的整页图，供显式打开核验
S74dee7282b3f-p012,S74dee7282b3f,page_render,12,assets/S74dee7282b3f/pages/p012.png,含图表/扫描内容的整页图，供显式打开核验
S74dee7282b3f-p013,S74dee7282b3f,page_render,13,assets/S74dee7282b3f/pages/p013.png,含图表/扫描内容的整页图，供显式打开核验
S74dee7282b3f-p014,S74dee7282b3f,page_render,14,assets/S74dee7282b3f/pages/p014.png,含图表/扫描内容的整页图，供显式打开核验
S74dee7282b3f-p015,S74dee7282b3f,page_render,15,assets/S74dee7282b3f/pages/p015.png,含图表/扫描内容的整页图，供显式打开核验
S74dee7282b3f-p016,S74dee7282b3f,page_render,16,assets/S74dee7282b3f/pages/p016.png,含图表/扫描内容的整页图，供显式打开核验
S74dee7282b3f-p017,S74dee7282b3f,page_render,17,assets/S74dee7282b3f/pages/p017.png,含图表/扫描内容的整页图，供显式打开核验
S74dee7282b3f-p018,S74dee7282b3f,page_render,18,assets/S74dee7282b3f/pages/p018.png,含图表/扫描内容的整页图，供显式打开核验
S74dee7282b3f-p019,S74dee7282b3f,page_render,19,assets/S74dee7282b3f/pages/p019.png,含图表/扫描内容的整页图，供显式打开核验
S74dee7282b3f-p020,S74dee7282b3f,page_render,20,assets/S74dee7282b3f/pages/p020.png,含图表/扫描内容的整页图，供显式打开核验
S74dee7282b3f-p021,S74dee7282b3f,page_render,21,assets/S74dee7282b3f/pages/p021.png,含图表/扫描内容的整页图，供显式打开核验
S74dee7282b3f-p022,S74dee7282b3f,page_render,22,assets/S74dee7282b3f/pages/p022.png,含图表/扫描内容的整页图，供显式打开核验
S74dee7282b3f-p023,S74dee7282b3f,page_render,23,assets/S74dee7282b3f/pages/p023.png,含图表/扫描内容的整页图，供显式打开核验
S74dee7282b3f-p024,S74dee7282b3f,page_render,24,assets/S74dee7282b3f/pages/p024.png,含图表/扫描内容的整页图，供显式打开核验
S74dee7282b3f-p025,S74dee7282b3f,page_render,25,assets/S74dee7282b3f/pages/p025.png,含图表/扫描内容的整页图，供显式打开核验
S74dee7282b3f-p026,S74dee7282b3f,page_render,26,assets/S74dee7282b3f/pages/p026.png,含图表/扫描内容的整页图，供显式打开核验
S74dee7282b3f-p027,S74dee7282b3f,page_render,27,assets/S74dee7282b3f/pages/p027.png,含图表/扫描内容的整页图，供显式打开核验
S74dee7282b3f-p028,S74dee7282b3f,page_render,28,assets/S74dee7282b3f/pages/p028.png,含图表/扫描内容的整页图，供显式打开核验
S74dee7282b3f-p029,S74dee7282b3f,page_render,29,assets/S74dee7282b3f/pages/p029.png,含图表/扫描内容的整页图，供显式打开核验
S74dee7282b3f-p030,S74dee7282b3f,page_render,30,assets/S74dee7282b3f/pages/p030.png,含图表/扫描内容的整页图，供显式打开核验
S74dee7282b3f-p031,S74dee7282b3f,page_render,31,assets/S74dee7282b3f/pages/p031.png,含图表/扫描内容的整页图，供显式打开核验
S74dee7282b3f-p032,S74dee7282b3f,page_render,32,assets/S74dee7282b3f/pages/p032.png,含图表/扫描内容的整页图，供显式打开核验
S74dee7282b3f-p033,S74dee7282b3f,page_render,33,assets/S74dee7282b3f/pages/p033.png,含图表/扫描内容的整页图，供显式打开核验
S74dee7282b3f-p034,S74dee7282b3f,page_render,34,assets/S74dee7282b3f/pages/p034.png,含图表/扫描内容的整页图，供显式打开核验
S74dee7282b3f-p035,S74dee7282b3f,page_render,35,assets/S74dee7282b3f/pages/p035.png,含图表/扫描内容的整页图，供显式打开核验
S74dee7282b3f-p036,S74dee7282b3f,page_render,36,assets/S74dee7282b3f/pages/p036.png,含图表/扫描内容的整页图，供显式打开核验
S74dee7282b3f-p037,S74dee7282b3f,page_render,37,assets/S74dee7282b3f/pages/p037.png,含图表/扫描内容的整页图，供显式打开核验
S74dee7282b3f-p038,S74dee7282b3f,page_render,38,assets/S74dee7282b3f/pages/p038.png,含图表/扫描内容的整页图，供显式打开核验
S74dee7282b3f-p039,S74dee7282b3f,page_render,39,assets/S74dee7282b3f/pages/p039.png,含图表/扫描内容的整页图，供显式打开核验
S74dee7282b3f-p040,S74dee7282b3f,page_render,40,assets/S74dee7282b3f/pages/p040.png,含图表/扫描内容的整页图，供显式打开核验
S74dee7282b3f-p041,S74dee7282b3f,page_render,41,assets/S74dee7282b3f/pages/p041.png,含图表/扫描内容的整页图，供显式打开核验
S74dee7282b3f-p042,S74dee7282b3f,page_render,42,assets/S74dee7282b3f/pages/p042.png,含图表/扫描内容的整页图，供显式打开核验
S74dee7282b3f-p043,S74dee7282b3f,page_render,43,assets/S74dee7282b3f/pages/p043.png,含图表/扫描内容的整页图，供显式打开核验
S74dee7282b3f-p044,S74dee7282b3f,page_render,44,assets/S74dee7282b3f/pages/p044.png,含图表/扫描内容的整页图，供显式打开核验
S74dee7282b3f-p045,S74dee7282b3f,page_render,45,assets/S74dee7282b3f/pages/p045.png,含图表/扫描内容的整页图，供显式打开核验
S74dee7282b3f-p046,S74dee7282b3f,page_render,46,assets/S74dee7282b3f/pages/p046.png,含图表/扫描内容的整页图，供显式打开核验
S74dee7282b3f-p047,S74dee7282b3f,page_render,47,assets/S74dee7282b3f/pages/p047.png,含图表/扫描内容的整页图，供显式打开核验
S74dee7282b3f-p048,S74dee7282b3f,page_render,48,assets/S74dee7282b3f/pages/p048.png,含图表/扫描内容的整页图，供显式打开核验
S74dee7282b3f-p049,S74dee7282b3f,page_render,49,assets/S74dee7282b3f/pages/p049.png,含图表/扫描内容的整页图，供显式打开核验
S74dee7282b3f-img-000,S74dee7282b3f,embedded_image,,assets/S74dee7282b3f/embedded/img-000.png,PDF 内嵌位图（矢量线条/组合图形不在此列，须看整页图）
S74dee7282b3f-img-001,S74dee7282b3f,embedded_image,,assets/S74dee7282b3f/embedded/img-001.png,PDF 内嵌位图（矢量线条/组合图形不在此列，须看整页图）
S74dee7282b3f-img-002,S74dee7282b3f,embedded_image,,assets/S74dee7282b3f/embedded/img-002.png,PDF 内嵌位图（矢量线条/组合图形不在此列，须看整页图）
S74dee7282b3f-img-003,S74dee7282b3f,embedded_image,,assets/S74dee7282b3f/embedded/img-003.png,PDF 内嵌位图（矢量线条/组合图形不在此列，须看整页图）
S74dee7282b3f-img-004,S74dee7282b3f,embedded_image,,assets/S74dee7282b3f/embedded/img-004.png,PDF 内嵌位图（矢量线条/组合图形不在此列，须看整页图）
S74dee7282b3f-img-005,S74dee7282b3f,embedded_image,,assets/S74dee7282b3f/embedded/img-005.png,PDF 内嵌位图（矢量线条/组合图形不在此列，须看整页图）
S74dee7282b3f-img-006,S74dee7282b3f,embedded_image,,assets/S74dee7282b3f/embedded/img-006.png,PDF 内嵌位图（矢量线条/组合图形不在此列，须看整页图）
S74dee7282b3f-img-007,S74dee7282b3f,embedded_image,,assets/S74dee7282b3f/embedded/img-007.png,PDF 内嵌位图（矢量线条/组合图形不在此列，须看整页图）
S74dee7282b3f-img-008,S74dee7282b3f,embedded_image,,assets/S74dee7282b3f/embedded/img-008.png,PDF 内嵌位图（矢量线条/组合图形不在此列，须看整页图）
S74dee7282b3f-img-009,S74dee7282b3f,embedded_image,,assets/S74dee7282b3f/embedded/img-009.png,PDF 内嵌位图（矢量线条/组合图形不在此列，须看整页图）
S74dee7282b3f-img-010,S74dee7282b3f,embedded_image,,assets/S74dee7282b3f/embedded/img-010.png,PDF 内嵌位图（矢量线条/组合图形不在此列，须看整页图）
S74dee7282b3f-img-011,S74dee7282b3f,embedded_image,,assets/S74dee7282b3f/embedded/img-011.png,PDF 内嵌位图（矢量线条/组合图形不在此列，须看整页图）
S74dee7282b3f-img-012,S74dee7282b3f,embedded_image,,assets/S74dee7282b3f/embedded/img-012.png,PDF 内嵌位图（矢量线条/组合图形不在此列，须看整页图）
S74dee7282b3f-img-013,S74dee7282b3f,embedded_image,,assets/S74dee7282b3f/embedded/img-013.png,PDF 内嵌位图（矢量线条/组合图形不在此列，须看整页图）
S74dee7282b3f-img-014,S74dee7282b3f,embedded_image,,assets/S74dee7282b3f/embedded/img-014.png,PDF 内嵌位图（矢量线条/组合图形不在此列，须看整页图）
S74dee7282b3f-img-015,S74dee7282b3f,embedded_image,,assets/S74dee7282b3f/embedded/img-015.png,PDF 内嵌位图（矢量线条/组合图形不在此列，须看整页图）
S74dee7282b3f-img-016,S74dee7282b3f,embedded_image,,assets/S74dee7282b3f/embedded/img-016.png,PDF 内嵌位图（矢量线条/组合图形不在此列，须看整页图）
S74dee7282b3f-img-017,S74dee7282b3f,embedded_image,,assets/S74dee7282b3f/embedded/img-017.png,PDF 内嵌位图（矢量线条/组合图形不在此列，须看整页图）
S74dee7282b3f-img-018,S74dee7282b3f,embedded_image,,assets/S74dee7282b3f/embedded/img-018.png,PDF 内嵌位图（矢量线条/组合图形不在此列，须看整页图）
S74dee7282b3f-img-019,S74dee7282b3f,embedded_image,,assets/S74dee7282b3f/embedded/img-019.png,PDF 内嵌位图（矢量线条/组合图形不在此列，须看整页图）
S74dee7282b3f-img-020,S74dee7282b3f,embedded_image,,assets/S74dee7282b3f/embedded/img-020.png,PDF 内嵌位图（矢量线条/组合图形不在此列，须看整页图）
S74dee7282b3f-img-021,S74dee7282b3f,embedded_image,,assets/S74dee7282b3f/embedded/img-021.png,PDF 内嵌位图（矢量线条/组合图形不在此列，须看整页图）
S74dee7282b3f-img-022,S74dee7282b3f,embedded_image,,assets/S74dee7282b3f/embedded/img-022.png,PDF 内嵌位图（矢量线条/组合图形不在此列，须看整页图）
S74dee7282b3f-img-023,S74dee7282b3f,embedded_image,,assets/S74dee7282b3f/embedded/img-023.png,PDF 内嵌位图（矢量线条/组合图形不在此列，须看整页图）
S74dee7282b3f-img-024,S74dee7282b3f,embedded_image,,assets/S74dee7282b3f/embedded/img-024.png,PDF 内嵌位图（矢量线条/组合图形不在此列，须看整页图）
S74dee7282b3f-img-025,S74dee7282b3f,embedded_image,,assets/S74dee7282b3f/embedded/img-025.png,PDF 内嵌位图（矢量线条/组合图形不在此列，须看整页图）
S74dee7282b3f-img-026,S74dee7282b3f,embedded_image,,assets/S74dee7282b3f/embedded/img-026.png,PDF 内嵌位图（矢量线条/组合图形不在此列，须看整页图）
S74dee7282b3f-img-027,S74dee7282b3f,embedded_image,,assets/S74dee7282b3f/embedded/img-027.png,PDF 内嵌位图（矢量线条/组合图形不在此列，须看整页图）
S74dee7282b3f-img-028,S74dee7282b3f,embedded_image,,assets/S74dee7282b3f/embedded/img-028.png,PDF 内嵌位图（矢量线条/组合图形不在此列，须看整页图）
S74dee7282b3f-img-029,S74dee7282b3f,embedded_image,,assets/S74dee7282b3f/embedded/img-029.png,PDF 内嵌位图（矢量线条/组合图形不在此列，须看整页图）
S74dee7282b3f-img-030,S74dee7282b3f,embedded_image,,assets/S74dee7282b3f/embedded/img-030.png,PDF 内嵌位图（矢量线条/组合图形不在此列，须看整页图）
S74dee7282b3f-img-031,S74dee7282b3f,embedded_image,,assets/S74dee7282b3f/embedded/img-031.png,PDF 内嵌位图（矢量线条/组合图形不在此列，须看整页图）
S74dee7282b3f-img-032,S74dee7282b3f,embedded_image,,assets/S74dee7282b3f/embedded/img-032.png,PDF 内嵌位图（矢量线条/组合图形不在此列，须看整页图）
S74dee7282b3f-img-033,S74dee7282b3f,embedded_image,,assets/S74dee7282b3f/embedded/img-033.png,PDF 内嵌位图（矢量线条/组合图形不在此列，须看整页图）
S74dee7282b3f-img-034,S74dee7282b3f,embedded_image,,assets/S74dee7282b3f/embedded/img-034.png,PDF 内嵌位图（矢量线条/组合图形不在此列，须看整页图）
S74dee7282b3f-img-035,S74dee7282b3f,embedded_image,,assets/S74dee7282b3f/embedded/img-035.png,PDF 内嵌位图（矢量线条/组合图形不在此列，须看整页图）
S74dee7282b3f-img-036,S74dee7282b3f,embedded_image,,assets/S74dee7282b3f/embedded/img-036.png,PDF 内嵌位图（矢量线条/组合图形不在此列，须看整页图）
S74dee7282b3f-img-037,S74dee7282b3f,embedded_image,,assets/S74dee7282b3f/embedded/img-037.png,PDF 内嵌位图（矢量线条/组合图形不在此列，须看整页图）
S74dee7282b3f-img-038,S74dee7282b3f,embedded_image,,assets/S74dee7282b3f/embedded/img-038.png,PDF 内嵌位图（矢量线条/组合图形不在此列，须看整页图）
S74dee7282b3f-img-039,S74dee7282b3f,embedded_image,,assets/S74dee7282b3f/embedded/img-039.png,PDF 内嵌位图（矢量线条/组合图形不在此列，须看整页图）
S74dee7282b3f-img-040,S74dee7282b3f,embedded_image,,assets/S74dee7282b3f/embedded/img-040.png,PDF 内嵌位图（矢量线条/组合图形不在此列，须看整页图）
S74dee7282b3f-img-041,S74dee7282b3f,embedded_image,,assets/S74dee7282b3f/embedded/img-041.png,PDF 内嵌位图（矢量线条/组合图形不在此列，须看整页图）
S74dee7282b3f-img-042,S74dee7282b3f,embedded_image,,assets/S74dee7282b3f/embedded/img-042.png,PDF 内嵌位图（矢量线条/组合图形不在此列，须看整页图）
S74dee7282b3f-img-043,S74dee7282b3f,embedded_image,,assets/S74dee7282b3f/embedded/img-043.png,PDF 内嵌位图（矢量线条/组合图形不在此列，须看整页图）
S74dee7282b3f-img-044,S74dee7282b3f,embedded_image,,assets/S74dee7282b3f/embedded/img-044.png,PDF 内嵌位图（矢量线条/组合图形不在此列，须看整页图）
S74dee7282b3f-img-045,S74dee7282b3f,embedded_image,,assets/S74dee7282b3f/embedded/img-045.png,PDF 内嵌位图（矢量线条/组合图形不在此列，须看整页图）
S74dee7282b3f-img-046,S74dee7282b3f,embedded_image,,assets/S74dee7282b3f/embedded/img-046.png,PDF 内嵌位图（矢量线条/组合图形不在此列，须看整页图）
S74dee7282b3f-img-047,S74dee7282b3f,embedded_image,,assets/S74dee7282b3f/embedded/img-047.png,PDF 内嵌位图（矢量线条/组合图形不在此列，须看整页图）
S74dee7282b3f-img-048,S74dee7282b3f,embedded_image,,assets/S74dee7282b3f/embedded/img-048.png,PDF 内嵌位图（矢量线条/组合图形不在此列，须看整页图）
S848e2ed7e079-p001,S848e2ed7e079,page_render,1,assets/S848e2ed7e079/pages/p001.png,含图表/扫描内容的整页图，供显式打开核验
S848e2ed7e079-p002,S848e2ed7e079,page_render,2,assets/S848e2ed7e079/pages/p002.png,含图表/扫描内容的整页图，供显式打开核验
S848e2ed7e079-p004,S848e2ed7e079,page_render,4,assets/S848e2ed7e079/pages/p004.png,含图表/扫描内容的整页图，供显式打开核验
S848e2ed7e079-p005,S848e2ed7e079,page_render,5,assets/S848e2ed7e079/pages/p005.png,含图表/扫描内容的整页图，供显式打开核验
S848e2ed7e079-p007,S848e2ed7e079,page_render,7,assets/S848e2ed7e079/pages/p007.png,含图表/扫描内容的整页图，供显式打开核验
S848e2ed7e079-p009,S848e2ed7e079,page_render,9,assets/S848e2ed7e079/pages/p009.png,含图表/扫描内容的整页图，供显式打开核验
S848e2ed7e079-img-000,S848e2ed7e079,embedded_image,,assets/S848e2ed7e079/embedded/img-000.png,PDF 内嵌位图（矢量线条/组合图形不在此列，须看整页图）
S848e2ed7e079-img-001,S848e2ed7e079,embedded_image,,assets/S848e2ed7e079/embedded/img-001.png,PDF 内嵌位图（矢量线条/组合图形不在此列，须看整页图）
S848e2ed7e079-img-002,S848e2ed7e079,embedded_image,,assets/S848e2ed7e079/embedded/img-002.png,PDF 内嵌位图（矢量线条/组合图形不在此列，须看整页图）
S848e2ed7e079-img-003,S848e2ed7e079,embedded_image,,assets/S848e2ed7e079/embedded/img-003.png,PDF 内嵌位图（矢量线条/组合图形不在此列，须看整页图）
S848e2ed7e079-img-004,S848e2ed7e079,embedded_image,,assets/S848e2ed7e079/embedded/img-004.png,PDF 内嵌位图（矢量线条/组合图形不在此列，须看整页图）
S848e2ed7e079-img-005,S848e2ed7e079,embedded_image,,assets/S848e2ed7e079/embedded/img-005.png,PDF 内嵌位图（矢量线条/组合图形不在此列，须看整页图）
S848e2ed7e079-img-006,S848e2ed7e079,embedded_image,,assets/S848e2ed7e079/embedded/img-006.png,PDF 内嵌位图（矢量线条/组合图形不在此列，须看整页图）
S848e2ed7e079-img-007,S848e2ed7e079,embedded_image,,assets/S848e2ed7e079/embedded/img-007.png,PDF 内嵌位图（矢量线条/组合图形不在此列，须看整页图）
S848e2ed7e079-img-008,S848e2ed7e079,embedded_image,,assets/S848e2ed7e079/embedded/img-008.png,PDF 内嵌位图（矢量线条/组合图形不在此列，须看整页图）
S848e2ed7e079-img-009,S848e2ed7e079,embedded_image,,assets/S848e2ed7e079/embedded/img-009.png,PDF 内嵌位图（矢量线条/组合图形不在此列，须看整页图）
S848e2ed7e079-img-010,S848e2ed7e079,embedded_image,,assets/S848e2ed7e079/embedded/img-010.png,PDF 内嵌位图（矢量线条/组合图形不在此列，须看整页图）
S848e2ed7e079-img-011,S848e2ed7e079,embedded_image,,assets/S848e2ed7e079/embedded/img-011.png,PDF 内嵌位图（矢量线条/组合图形不在此列，须看整页图）
S848e2ed7e079-img-012,S848e2ed7e079,embedded_image,,assets/S848e2ed7e079/embedded/img-012.png,PDF 内嵌位图（矢量线条/组合图形不在此列，须看整页图）
S848e2ed7e079-img-013,S848e2ed7e079,embedded_image,,assets/S848e2ed7e079/embedded/img-013.png,PDF 内嵌位图（矢量线条/组合图形不在此列，须看整页图）
S848e2ed7e079-img-014,S848e2ed7e079,embedded_image,,assets/S848e2ed7e079/embedded/img-014.png,PDF 内嵌位图（矢量线条/组合图形不在此列，须看整页图）
S848e2ed7e079-img-015,S848e2ed7e079,embedded_image,,assets/S848e2ed7e079/embedded/img-015.png,PDF 内嵌位图（矢量线条/组合图形不在此列，须看整页图）
S184eb642c0ab-p001,S184eb642c0ab,page_render,1,assets/S184eb642c0ab/pages/p001.png,含图表/扫描内容的整页图，供显式打开核验
Sc8fc293be186-p001,Sc8fc293be186,page_render,1,assets/Sc8fc293be186/pages/p001.png,含图表/扫描内容的整页图，供显式打开核验
Sc8fc293be186-p002,Sc8fc293be186,page_render,2,assets/Sc8fc293be186/pages/p002.png,含图表/扫描内容的整页图，供显式打开核验
Sc8fc293be186-p003,Sc8fc293be186,page_render,3,assets/Sc8fc293be186/pages/p003.png,含图表/扫描内容的整页图，供显式打开核验
Sc8fc293be186-p004,Sc8fc293be186,page_render,4,assets/Sc8fc293be186/pages/p004.png,含图表/扫描内容的整页图，供显式打开核验
Sc8fc293be186-p005,Sc8fc293be186,page_render,5,assets/Sc8fc293be186/pages/p005.png,含图表/扫描内容的整页图，供显式打开核验
Sc8fc293be186-p006,Sc8fc293be186,page_render,6,assets/Sc8fc293be186/pages/p006.png,含图表/扫描内容的整页图，供显式打开核验
Sc8fc293be186-p007,Sc8fc293be186,page_render,7,assets/Sc8fc293be186/pages/p007.png,含图表/扫描内容的整页图，供显式打开核验
Sc8fc293be186-p008,Sc8fc293be186,page_render,8,assets/Sc8fc293be186/pages/p008.png,含图表/扫描内容的整页图，供显式打开核验
Sc8fc293be186-p009,Sc8fc293be186,page_render,9,assets/Sc8fc293be186/pages/p009.png,含图表/扫描内容的整页图，供显式打开核验
Sc8fc293be186-p010,Sc8fc293be186,page_render,10,assets/Sc8fc293be186/pages/p010.png,含图表/扫描内容的整页图，供显式打开核验
Sc8fc293be186-p011,Sc8fc293be186,page_render,11,assets/Sc8fc293be186/pages/p011.png,含图表/扫描内容的整页图，供显式打开核验
Sc8fc293be186-img-000,Sc8fc293be186,embedded_image,,assets/Sc8fc293be186/embedded/img-000.png,PDF 内嵌位图（矢量线条/组合图形不在此列，须看整页图）
Sc8fc293be186-img-001,Sc8fc293be186,embedded_image,,assets/Sc8fc293be186/embedded/img-001.png,PDF 内嵌位图（矢量线条/组合图形不在此列，须看整页图）
Sc8fc293be186-img-002,Sc8fc293be186,embedded_image,,assets/Sc8fc293be186/embedded/img-002.png,PDF 内嵌位图（矢量线条/组合图形不在此列，须看整页图）
Sc8fc293be186-img-003,Sc8fc293be186,embedded_image,,assets/Sc8fc293be186/embedded/img-003.png,PDF 内嵌位图（矢量线条/组合图形不在此列，须看整页图）
Sc8fc293be186-img-004,Sc8fc293be186,embedded_image,,assets/Sc8fc293be186/embedded/img-004.png,PDF 内嵌位图（矢量线条/组合图形不在此列，须看整页图）
Sd92728609289-p002,Sd92728609289,page_render,2,assets/Sd92728609289/pages/p002.png,含图表/扫描内容的整页图，供显式打开核验
Sd92728609289-p003,Sd92728609289,page_render,3,assets/Sd92728609289/pages/p003.png,含图表/扫描内容的整页图，供显式打开核验
Sd92728609289-p004,Sd92728609289,page_render,4,assets/Sd92728609289/pages/p004.png,含图表/扫描内容的整页图，供显式打开核验
Sd92728609289-p005,Sd92728609289,page_render,5,assets/Sd92728609289/pages/p005.png,含图表/扫描内容的整页图，供显式打开核验
Sd92728609289-p006,Sd92728609289,page_render,6,assets/Sd92728609289/pages/p006.png,含图表/扫描内容的整页图，供显式打开核验
Sd92728609289-p007,Sd92728609289,page_render,7,assets/Sd92728609289/pages/p007.png,含图表/扫描内容的整页图，供显式打开核验
Sd92728609289-p008,Sd92728609289,page_render,8,assets/Sd92728609289/pages/p008.png,含图表/扫描内容的整页图，供显式打开核验
Sd92728609289-img-000,Sd92728609289,embedded_image,,assets/Sd92728609289/embedded/img-000.png,PDF 内嵌位图（矢量线条/组合图形不在此列，须看整页图）
Sd92728609289-img-001,Sd92728609289,embedded_image,,assets/Sd92728609289/embedded/img-001.png,PDF 内嵌位图（矢量线条/组合图形不在此列，须看整页图）
Sd92728609289-img-002,Sd92728609289,embedded_image,,assets/Sd92728609289/embedded/img-002.png,PDF 内嵌位图（矢量线条/组合图形不在此列，须看整页图）
Sd92728609289-img-003,Sd92728609289,embedded_image,,assets/Sd92728609289/embedded/img-003.png,PDF 内嵌位图（矢量线条/组合图形不在此列，须看整页图）
Sd92728609289-img-004,Sd92728609289,embedded_image,,assets/Sd92728609289/embedded/img-004.png,PDF 内嵌位图（矢量线条/组合图形不在此列，须看整页图）
Sd92728609289-img-005,Sd92728609289,embedded_image,,assets/Sd92728609289/embedded/img-005.png,PDF 内嵌位图（矢量线条/组合图形不在此列，须看整页图）
Sd92728609289-img-006,Sd92728609289,embedded_image,,assets/Sd92728609289/embedded/img-006.png,PDF 内嵌位图（矢量线条/组合图形不在此列，须看整页图）
Sd92728609289-img-007,Sd92728609289,embedded_image,,assets/Sd92728609289/embedded/img-007.png,PDF 内嵌位图（矢量线条/组合图形不在此列，须看整页图）
Sd92728609289-img-008,Sd92728609289,embedded_image,,assets/Sd92728609289/embedded/img-008.png,PDF 内嵌位图（矢量线条/组合图形不在此列，须看整页图）
Sd92728609289-img-009,Sd92728609289,embedded_image,,assets/Sd92728609289/embedded/img-009.png,PDF 内嵌位图（矢量线条/组合图形不在此列，须看整页图）
Saccdd9d42a77-p001,Saccdd9d42a77,page_render,1,assets/Saccdd9d42a77/pages/p001.png,含图表/扫描内容的整页图，供显式打开核验
S96315fb88e87-p001,S96315fb88e87,page_render,1,assets/S96315fb88e87/pages/p001.png,含图表/扫描内容的整页图，供显式打开核验
S38162016129f-p002,S38162016129f,page_render,2,assets/S38162016129f/pages/p002.png,含图表/扫描内容的整页图，供显式打开核验
S38162016129f-p003,S38162016129f,page_render,3,assets/S38162016129f/pages/p003.png,含图表/扫描内容的整页图，供显式打开核验
S38162016129f-p005,S38162016129f,page_render,5,assets/S38162016129f/pages/p005.png,含图表/扫描内容的整页图，供显式打开核验
S38162016129f-p006,S38162016129f,page_render,6,assets/S38162016129f/pages/p006.png,含图表/扫描内容的整页图，供显式打开核验
S38162016129f-p007,S38162016129f,page_render,7,assets/S38162016129f/pages/p007.png,含图表/扫描内容的整页图，供显式打开核验
S38162016129f-img-000,S38162016129f,embedded_image,,assets/S38162016129f/embedded/img-000.png,PDF 内嵌位图（矢量线条/组合图形不在此列，须看整页图）
S38162016129f-img-001,S38162016129f,embedded_image,,assets/S38162016129f/embedded/img-001.png,PDF 内嵌位图（矢量线条/组合图形不在此列，须看整页图）
S38162016129f-img-002,S38162016129f,embedded_image,,assets/S38162016129f/embedded/img-002.png,PDF 内嵌位图（矢量线条/组合图形不在此列，须看整页图）
S38162016129f-img-003,S38162016129f,embedded_image,,assets/S38162016129f/embedded/img-003.png,PDF 内嵌位图（矢量线条/组合图形不在此列，须看整页图）
S38162016129f-img-004,S38162016129f,embedded_image,,assets/S38162016129f/embedded/img-004.png,PDF 内嵌位图（矢量线条/组合图形不在此列，须看整页图）
Sdf79f0c4f74e-p003,Sdf79f0c4f74e,page_render,3,assets/Sdf79f0c4f74e/pages/p003.png,含图表/扫描内容的整页图，供显式打开核验
Sdf79f0c4f74e-p006,Sdf79f0c4f74e,page_render,6,assets/Sdf79f0c4f74e/pages/p006.png,含图表/扫描内容的整页图，供显式打开核验
Sdf79f0c4f74e-p007,Sdf79f0c4f74e,page_render,7,assets/Sdf79f0c4f74e/pages/p007.png,含图表/扫描内容的整页图，供显式打开核验
Sdf79f0c4f74e-p008,Sdf79f0c4f74e,page_render,8,assets/Sdf79f0c4f74e/pages/p008.png,含图表/扫描内容的整页图，供显式打开核验
Sdf79f0c4f74e-img-000,Sdf79f0c4f74e,embedded_image,,assets/Sdf79f0c4f74e/embedded/img-000.png,PDF 内嵌位图（矢量线条/组合图形不在此列，须看整页图）
Sfe51d8a7d585-p001,Sfe51d8a7d585,page_render,1,assets/Sfe51d8a7d585/pages/p001.png,含图表/扫描内容的整页图，供显式打开核验
Sfe51d8a7d585-p002,Sfe51d8a7d585,page_render,2,assets/Sfe51d8a7d585/pages/p002.png,含图表/扫描内容的整页图，供显式打开核验
Sfe51d8a7d585-p003,Sfe51d8a7d585,page_render,3,assets/Sfe51d8a7d585/pages/p003.png,含图表/扫描内容的整页图，供显式打开核验
Sfe51d8a7d585-p004,Sfe51d8a7d585,page_render,4,assets/Sfe51d8a7d585/pages/p004.png,含图表/扫描内容的整页图，供显式打开核验
Sfe51d8a7d585-img-000,Sfe51d8a7d585,embedded_image,,assets/Sfe51d8a7d585/embedded/img-000.png,PDF 内嵌位图（矢量线条/组合图形不在此列，须看整页图）
Sfe51d8a7d585-img-001,Sfe51d8a7d585,embedded_image,,assets/Sfe51d8a7d585/embedded/img-001.png,PDF 内嵌位图（矢量线条/组合图形不在此列，须看整页图）
Sfe51d8a7d585-img-002,Sfe51d8a7d585,embedded_image,,assets/Sfe51d8a7d585/embedded/img-002.png,PDF 内嵌位图（矢量线条/组合图形不在此列，须看整页图）
Sfe51d8a7d585-img-003,Sfe51d8a7d585,embedded_image,,assets/Sfe51d8a7d585/embedded/img-003.png,PDF 内嵌位图（矢量线条/组合图形不在此列，须看整页图）
Sfe51d8a7d585-img-004,Sfe51d8a7d585,embedded_image,,assets/Sfe51d8a7d585/embedded/img-004.png,PDF 内嵌位图（矢量线条/组合图形不在此列，须看整页图）
Sfe51d8a7d585-img-005,Sfe51d8a7d585,embedded_image,,assets/Sfe51d8a7d585/embedded/img-005.png,PDF 内嵌位图（矢量线条/组合图形不在此列，须看整页图）
Sfe51d8a7d585-img-006,Sfe51d8a7d585,embedded_image,,assets/Sfe51d8a7d585/embedded/img-006.png,PDF 内嵌位图（矢量线条/组合图形不在此列，须看整页图）
Sfe51d8a7d585-img-007,Sfe51d8a7d585,embedded_image,,assets/Sfe51d8a7d585/embedded/img-007.png,PDF 内嵌位图（矢量线条/组合图形不在此列，须看整页图）
Sfe51d8a7d585-img-008,Sfe51d8a7d585,embedded_image,,assets/Sfe51d8a7d585/embedded/img-008.png,PDF 内嵌位图（矢量线条/组合图形不在此列，须看整页图）
Sfe51d8a7d585-img-009,Sfe51d8a7d585,embedded_image,,assets/Sfe51d8a7d585/embedded/img-009.png,PDF 内嵌位图（矢量线条/组合图形不在此列，须看整页图）
S7b4eece29632-p001,S7b4eece29632,page_render,1,assets/S7b4eece29632/pages/p001.png,含图表/扫描内容的整页图，供显式打开核验
S74cdfac92537-p001,S74cdfac92537,page_render,1,assets/S74cdfac92537/pages/p001.png,含图表/扫描内容的整页图，供显式打开核验
S74cdfac92537-p002,S74cdfac92537,page_render,2,assets/S74cdfac92537/pages/p002.png,含图表/扫描内容的整页图，供显式打开核验
S74cdfac92537-p003,S74cdfac92537,page_render,3,assets/S74cdfac92537/pages/p003.png,含图表/扫描内容的整页图，供显式打开核验
S74cdfac92537-p004,S74cdfac92537,page_render,4,assets/S74cdfac92537/pages/p004.png,含图表/扫描内容的整页图，供显式打开核验
S74cdfac92537-p005,S74cdfac92537,page_render,5,assets/S74cdfac92537/pages/p005.png,含图表/扫描内容的整页图，供显式打开核验
S74cdfac92537-p006,S74cdfac92537,page_render,6,assets/S74cdfac92537/pages/p006.png,含图表/扫描内容的整页图，供显式打开核验
S74cdfac92537-p007,S74cdfac92537,page_render,7,assets/S74cdfac92537/pages/p007.png,含图表/扫描内容的整页图，供显式打开核验
S74cdfac92537-p008,S74cdfac92537,page_render,8,assets/S74cdfac92537/pages/p008.png,含图表/扫描内容的整页图，供显式打开核验
S74cdfac92537-p009,S74cdfac92537,page_render,9,assets/S74cdfac92537/pages/p009.png,含图表/扫描内容的整页图，供显式打开核验
S74cdfac92537-p010,S74cdfac92537,page_render,10,assets/S74cdfac92537/pages/p010.png,含图表/扫描内容的整页图，供显式打开核验
S74cdfac92537-img-000,S74cdfac92537,embedded_image,,assets/S74cdfac92537/embedded/img-000.png,PDF 内嵌位图（矢量线条/组合图形不在此列，须看整页图）
S74cdfac92537-img-001,S74cdfac92537,embedded_image,,assets/S74cdfac92537/embedded/img-001.png,PDF 内嵌位图（矢量线条/组合图形不在此列，须看整页图）
S25b655e73b74-p002,S25b655e73b74,page_render,2,assets/S25b655e73b74/pages/p002.png,含图表/扫描内容的整页图，供显式打开核验
S25b655e73b74-p004,S25b655e73b74,page_render,4,assets/S25b655e73b74/pages/p004.png,含图表/扫描内容的整页图，供显式打开核验
S25b655e73b74-p005,S25b655e73b74,page_render,5,assets/S25b655e73b74/pages/p005.png,含图表/扫描内容的整页图，供显式打开核验
S25b655e73b74-p006,S25b655e73b74,page_render,6,assets/S25b655e73b74/pages/p006.png,含图表/扫描内容的整页图，供显式打开核验
S25b655e73b74-p007,S25b655e73b74,page_render,7,assets/S25b655e73b74/pages/p007.png,含图表/扫描内容的整页图，供显式打开核验
S25b655e73b74-p008,S25b655e73b74,page_render,8,assets/S25b655e73b74/pages/p008.png,含图表/扫描内容的整页图，供显式打开核验
S25b655e73b74-img-000,S25b655e73b74,embedded_image,,assets/S25b655e73b74/embedded/img-000.png,PDF 内嵌位图（矢量线条/组合图形不在此列，须看整页图）
S25b655e73b74-img-001,S25b655e73b74,embedded_image,,assets/S25b655e73b74/embedded/img-001.png,PDF 内嵌位图（矢量线条/组合图形不在此列，须看整页图）
S25b655e73b74-img-002,S25b655e73b74,embedded_image,,assets/S25b655e73b74/embedded/img-002.png,PDF 内嵌位图（矢量线条/组合图形不在此列，须看整页图）
S25b655e73b74-img-003,S25b655e73b74,embedded_image,,assets/S25b655e73b74/embedded/img-003.png,PDF 内嵌位图（矢量线条/组合图形不在此列，须看整页图）
S25b655e73b74-img-004,S25b655e73b74,embedded_image,,assets/S25b655e73b74/embedded/img-004.png,PDF 内嵌位图（矢量线条/组合图形不在此列，须看整页图）
S25b655e73b74-img-005,S25b655e73b74,embedded_image,,assets/S25b655e73b74/embedded/img-005.png,PDF 内嵌位图（矢量线条/组合图形不在此列，须看整页图）
S25b655e73b74-img-006,S25b655e73b74,embedded_image,,assets/S25b655e73b74/embedded/img-006.png,PDF 内嵌位图（矢量线条/组合图形不在此列，须看整页图）
S25b655e73b74-img-007,S25b655e73b74,embedded_image,,assets/S25b655e73b74/embedded/img-007.png,PDF 内嵌位图（矢量线条/组合图形不在此列，须看整页图）
S25b655e73b74-img-008,S25b655e73b74,embedded_image,,assets/S25b655e73b74/embedded/img-008.png,PDF 内嵌位图（矢量线条/组合图形不在此列，须看整页图）
S25b655e73b74-img-009,S25b655e73b74,embedded_image,,assets/S25b655e73b74/embedded/img-009.png,PDF 内嵌位图（矢量线条/组合图形不在此列，须看整页图）
S25b655e73b74-img-010,S25b655e73b74,embedded_image,,assets/S25b655e73b74/embedded/img-010.png,PDF 内嵌位图（矢量线条/组合图形不在此列，须看整页图）
S84218459671a-p003,S84218459671a,page_render,3,assets/S84218459671a/pages/p003.png,含图表/扫描内容的整页图，供显式打开核验
S84218459671a-p004,S84218459671a,page_render,4,assets/S84218459671a/pages/p004.png,含图表/扫描内容的整页图，供显式打开核验
S84218459671a-p005,S84218459671a,page_render,5,assets/S84218459671a/pages/p005.png,含图表/扫描内容的整页图，供显式打开核验
S84218459671a-img-000,S84218459671a,embedded_image,,assets/S84218459671a/embedded/img-000.png,PDF 内嵌位图（矢量线条/组合图形不在此列，须看整页图）
S9223488a4b5e-p002,S9223488a4b5e,page_render,2,assets/S9223488a4b5e/pages/p002.png,含图表/扫描内容的整页图，供显式打开核验
S9223488a4b5e-p003,S9223488a4b5e,page_render,3,assets/S9223488a4b5e/pages/p003.png,含图表/扫描内容的整页图，供显式打开核验
S9223488a4b5e-p005,S9223488a4b5e,page_render,5,assets/S9223488a4b5e/pages/p005.png,含图表/扫描内容的整页图，供显式打开核验
S9223488a4b5e-p007,S9223488a4b5e,page_render,7,assets/S9223488a4b5e/pages/p007.png,含图表/扫描内容的整页图，供显式打开核验
S9223488a4b5e-img-000,S9223488a4b5e,embedded_image,,assets/S9223488a4b5e/embedded/img-000.png,PDF 内嵌位图（矢量线条/组合图形不在此列，须看整页图）
S9223488a4b5e-img-001,S9223488a4b5e,embedded_image,,assets/S9223488a4b5e/embedded/img-001.png,PDF 内嵌位图（矢量线条/组合图形不在此列，须看整页图）
S0a50f76fd1e1-p003,S0a50f76fd1e1,page_render,3,assets/S0a50f76fd1e1/pages/p003.png,含图表/扫描内容的整页图，供显式打开核验
S0a50f76fd1e1-p006,S0a50f76fd1e1,page_render,6,assets/S0a50f76fd1e1/pages/p006.png,含图表/扫描内容的整页图，供显式打开核验
S0a50f76fd1e1-p007,S0a50f76fd1e1,page_render,7,assets/S0a50f76fd1e1/pages/p007.png,含图表/扫描内容的整页图，供显式打开核验
S0a50f76fd1e1-p003,S0a50f76fd1e1,page_render,3,assets/S0a50f76fd1e1/pages/p003.png,含图表/扫描内容的整页图，供显式打开核验
S0a50f76fd1e1-p006,S0a50f76fd1e1,page_render,6,assets/S0a50f76fd1e1/pages/p006.png,含图表/扫描内容的整页图，供显式打开核验
S0a50f76fd1e1-p007,S0a50f76fd1e1,page_render,7,assets/S0a50f76fd1e1/pages/p007.png,含图表/扫描内容的整页图，供显式打开核验
S4bc0edec2a08-p001,S4bc0edec2a08,page_render,1,assets/S4bc0edec2a08/pages/p001.png,含图表/扫描内容的整页图，供显式打开核验
S4bc0edec2a08-p002,S4bc0edec2a08,page_render,2,assets/S4bc0edec2a08/pages/p002.png,含图表/扫描内容的整页图，供显式打开核验
S4bc0edec2a08-p004,S4bc0edec2a08,page_render,4,assets/S4bc0edec2a08/pages/p004.png,含图表/扫描内容的整页图，供显式打开核验
S4bc0edec2a08-p006,S4bc0edec2a08,page_render,6,assets/S4bc0edec2a08/pages/p006.png,含图表/扫描内容的整页图，供显式打开核验
S4bc0edec2a08-p008,S4bc0edec2a08,page_render,8,assets/S4bc0edec2a08/pages/p008.png,含图表/扫描内容的整页图，供显式打开核验
S4bc0edec2a08-img-000,S4bc0edec2a08,embedded_image,,assets/S4bc0edec2a08/embedded/img-000.png,PDF 内嵌位图（矢量线条/组合图形不在此列，须看整页图）
S4bc0edec2a08-img-001,S4bc0edec2a08,embedded_image,,assets/S4bc0edec2a08/embedded/img-001.png,PDF 内嵌位图（矢量线条/组合图形不在此列，须看整页图）
S4bc0edec2a08-img-002,S4bc0edec2a08,embedded_image,,assets/S4bc0edec2a08/embedded/img-002.png,PDF 内嵌位图（矢量线条/组合图形不在此列，须看整页图）
S4bc0edec2a08-img-003,S4bc0edec2a08,embedded_image,,assets/S4bc0edec2a08/embedded/img-003.png,PDF 内嵌位图（矢量线条/组合图形不在此列，须看整页图）
S4bc0edec2a08-img-004,S4bc0edec2a08,embedded_image,,assets/S4bc0edec2a08/embedded/img-004.png,PDF 内嵌位图（矢量线条/组合图形不在此列，须看整页图）
S4bc0edec2a08-img-005,S4bc0edec2a08,embedded_image,,assets/S4bc0edec2a08/embedded/img-005.png,PDF 内嵌位图（矢量线条/组合图形不在此列，须看整页图）
Sfee5258a9b73-p001,Sfee5258a9b73,page_render,1,assets/Sfee5258a9b73/pages/p001.png,含图表/扫描内容的整页图，供显式打开核验
Sfee5258a9b73-p002,Sfee5258a9b73,page_render,2,assets/Sfee5258a9b73/pages/p002.png,含图表/扫描内容的整页图，供显式打开核验
Sfee5258a9b73-p003,Sfee5258a9b73,page_render,3,assets/Sfee5258a9b73/pages/p003.png,含图表/扫描内容的整页图，供显式打开核验
Sfee5258a9b73-p004,Sfee5258a9b73,page_render,4,assets/Sfee5258a9b73/pages/p004.png,含图表/扫描内容的整页图，供显式打开核验
Sfee5258a9b73-p005,Sfee5258a9b73,page_render,5,assets/Sfee5258a9b73/pages/p005.png,含图表/扫描内容的整页图，供显式打开核验
Sfee5258a9b73-p006,Sfee5258a9b73,page_render,6,assets/Sfee5258a9b73/pages/p006.png,含图表/扫描内容的整页图，供显式打开核验
Sfee5258a9b73-p007,Sfee5258a9b73,page_render,7,assets/Sfee5258a9b73/pages/p007.png,含图表/扫描内容的整页图，供显式打开核验
Sfee5258a9b73-p008,Sfee5258a9b73,page_render,8,assets/Sfee5258a9b73/pages/p008.png,含图表/扫描内容的整页图，供显式打开核验
Sfee5258a9b73-p011,Sfee5258a9b73,page_render,11,assets/Sfee5258a9b73/pages/p011.png,含图表/扫描内容的整页图，供显式打开核验
Sfee5258a9b73-p012,Sfee5258a9b73,page_render,12,assets/Sfee5258a9b73/pages/p012.png,含图表/扫描内容的整页图，供显式打开核验
Sfee5258a9b73-p013,Sfee5258a9b73,page_render,13,assets/Sfee5258a9b73/pages/p013.png,含图表/扫描内容的整页图，供显式打开核验
Sfee5258a9b73-p018,Sfee5258a9b73,page_render,18,assets/Sfee5258a9b73/pages/p018.png,含图表/扫描内容的整页图，供显式打开核验
Sfee5258a9b73-p020,Sfee5258a9b73,page_render,20,assets/Sfee5258a9b73/pages/p020.png,含图表/扫描内容的整页图，供显式打开核验
Sfee5258a9b73-p024,Sfee5258a9b73,page_render,24,assets/Sfee5258a9b73/pages/p024.png,含图表/扫描内容的整页图，供显式打开核验
Sfee5258a9b73-p025,Sfee5258a9b73,page_render,25,assets/Sfee5258a9b73/pages/p025.png,含图表/扫描内容的整页图，供显式打开核验
Sfee5258a9b73-p026,Sfee5258a9b73,page_render,26,assets/Sfee5258a9b73/pages/p026.png,含图表/扫描内容的整页图，供显式打开核验
Sfee5258a9b73-p028,Sfee5258a9b73,page_render,28,assets/Sfee5258a9b73/pages/p028.png,含图表/扫描内容的整页图，供显式打开核验
Sfee5258a9b73-p029,Sfee5258a9b73,page_render,29,assets/Sfee5258a9b73/pages/p029.png,含图表/扫描内容的整页图，供显式打开核验
Sfee5258a9b73-p033,Sfee5258a9b73,page_render,33,assets/Sfee5258a9b73/pages/p033.png,含图表/扫描内容的整页图，供显式打开核验
Sfee5258a9b73-p035,Sfee5258a9b73,page_render,35,assets/Sfee5258a9b73/pages/p035.png,含图表/扫描内容的整页图，供显式打开核验
Sfee5258a9b73-p040,Sfee5258a9b73,page_render,40,assets/Sfee5258a9b73/pages/p040.png,含图表/扫描内容的整页图，供显式打开核验
Sfee5258a9b73-p042,Sfee5258a9b73,page_render,42,assets/Sfee5258a9b73/pages/p042.png,含图表/扫描内容的整页图，供显式打开核验
Sfee5258a9b73-p043,Sfee5258a9b73,page_render,43,assets/Sfee5258a9b73/pages/p043.png,含图表/扫描内容的整页图，供显式打开核验
Sfee5258a9b73-p044,Sfee5258a9b73,page_render,44,assets/Sfee5258a9b73/pages/p044.png,含图表/扫描内容的整页图，供显式打开核验
Sfee5258a9b73-p045,Sfee5258a9b73,page_render,45,assets/Sfee5258a9b73/pages/p045.png,含图表/扫描内容的整页图，供显式打开核验
Sfee5258a9b73-p053,Sfee5258a9b73,page_render,53,assets/Sfee5258a9b73/pages/p053.png,含图表/扫描内容的整页图，供显式打开核验
Sfee5258a9b73-p055,Sfee5258a9b73,page_render,55,assets/Sfee5258a9b73/pages/p055.png,含图表/扫描内容的整页图，供显式打开核验
Sfee5258a9b73-p058,Sfee5258a9b73,page_render,58,assets/Sfee5258a9b73/pages/p058.png,含图表/扫描内容的整页图，供显式打开核验
Sfee5258a9b73-p059,Sfee5258a9b73,page_render,59,assets/Sfee5258a9b73/pages/p059.png,含图表/扫描内容的整页图，供显式打开核验
Sfee5258a9b73-p060,Sfee5258a9b73,page_render,60,assets/Sfee5258a9b73/pages/p060.png,含图表/扫描内容的整页图，供显式打开核验
Sfee5258a9b73-p062,Sfee5258a9b73,page_render,62,assets/Sfee5258a9b73/pages/p062.png,含图表/扫描内容的整页图，供显式打开核验
Sfee5258a9b73-p063,Sfee5258a9b73,page_render,63,assets/Sfee5258a9b73/pages/p063.png,含图表/扫描内容的整页图，供显式打开核验
Sfee5258a9b73-p064,Sfee5258a9b73,page_render,64,assets/Sfee5258a9b73/pages/p064.png,含图表/扫描内容的整页图，供显式打开核验
Sfee5258a9b73-p065,Sfee5258a9b73,page_render,65,assets/Sfee5258a9b73/pages/p065.png,含图表/扫描内容的整页图，供显式打开核验
Sfee5258a9b73-p067,Sfee5258a9b73,page_render,67,assets/Sfee5258a9b73/pages/p067.png,含图表/扫描内容的整页图，供显式打开核验
Sfee5258a9b73-p068,Sfee5258a9b73,page_render,68,assets/Sfee5258a9b73/pages/p068.png,含图表/扫描内容的整页图，供显式打开核验
Sfee5258a9b73-p069,Sfee5258a9b73,page_render,69,assets/Sfee5258a9b73/pages/p069.png,含图表/扫描内容的整页图，供显式打开核验
Sfee5258a9b73-p070,Sfee5258a9b73,page_render,70,assets/Sfee5258a9b73/pages/p070.png,含图表/扫描内容的整页图，供显式打开核验
Sfee5258a9b73-p071,Sfee5258a9b73,page_render,71,assets/Sfee5258a9b73/pages/p071.png,含图表/扫描内容的整页图，供显式打开核验
Sfee5258a9b73-img-000,Sfee5258a9b73,embedded_image,,assets/Sfee5258a9b73/embedded/img-000.png,PDF 内嵌位图（矢量线条/组合图形不在此列，须看整页图）
Sfee5258a9b73-img-001,Sfee5258a9b73,embedded_image,,assets/Sfee5258a9b73/embedded/img-001.png,PDF 内嵌位图（矢量线条/组合图形不在此列，须看整页图）
Sfee5258a9b73-img-002,Sfee5258a9b73,embedded_image,,assets/Sfee5258a9b73/embedded/img-002.png,PDF 内嵌位图（矢量线条/组合图形不在此列，须看整页图）
Sfee5258a9b73-img-003,Sfee5258a9b73,embedded_image,,assets/Sfee5258a9b73/embedded/img-003.png,PDF 内嵌位图（矢量线条/组合图形不在此列，须看整页图）
Sfee5258a9b73-img-004,Sfee5258a9b73,embedded_image,,assets/Sfee5258a9b73/embedded/img-004.png,PDF 内嵌位图（矢量线条/组合图形不在此列，须看整页图）
Sfee5258a9b73-img-005,Sfee5258a9b73,embedded_image,,assets/Sfee5258a9b73/embedded/img-005.png,PDF 内嵌位图（矢量线条/组合图形不在此列，须看整页图）
Sfee5258a9b73-img-006,Sfee5258a9b73,embedded_image,,assets/Sfee5258a9b73/embedded/img-006.png,PDF 内嵌位图（矢量线条/组合图形不在此列，须看整页图）
Sfee5258a9b73-img-007,Sfee5258a9b73,embedded_image,,assets/Sfee5258a9b73/embedded/img-007.png,PDF 内嵌位图（矢量线条/组合图形不在此列，须看整页图）
Sfee5258a9b73-img-008,Sfee5258a9b73,embedded_image,,assets/Sfee5258a9b73/embedded/img-008.png,PDF 内嵌位图（矢量线条/组合图形不在此列，须看整页图）
Sfee5258a9b73-img-009,Sfee5258a9b73,embedded_image,,assets/Sfee5258a9b73/embedded/img-009.png,PDF 内嵌位图（矢量线条/组合图形不在此列，须看整页图）
Sfee5258a9b73-img-010,Sfee5258a9b73,embedded_image,,assets/Sfee5258a9b73/embedded/img-010.png,PDF 内嵌位图（矢量线条/组合图形不在此列，须看整页图）
Sfee5258a9b73-img-011,Sfee5258a9b73,embedded_image,,assets/Sfee5258a9b73/embedded/img-011.png,PDF 内嵌位图（矢量线条/组合图形不在此列，须看整页图）
Sfee5258a9b73-img-012,Sfee5258a9b73,embedded_image,,assets/Sfee5258a9b73/embedded/img-012.png,PDF 内嵌位图（矢量线条/组合图形不在此列，须看整页图）
Sfee5258a9b73-img-013,Sfee5258a9b73,embedded_image,,assets/Sfee5258a9b73/embedded/img-013.png,PDF 内嵌位图（矢量线条/组合图形不在此列，须看整页图）
Sfee5258a9b73-img-014,Sfee5258a9b73,embedded_image,,assets/Sfee5258a9b73/embedded/img-014.png,PDF 内嵌位图（矢量线条/组合图形不在此列，须看整页图）
Sfee5258a9b73-img-015,Sfee5258a9b73,embedded_image,,assets/Sfee5258a9b73/embedded/img-015.png,PDF 内嵌位图（矢量线条/组合图形不在此列，须看整页图）
Sfee5258a9b73-img-016,Sfee5258a9b73,embedded_image,,assets/Sfee5258a9b73/embedded/img-016.png,PDF 内嵌位图（矢量线条/组合图形不在此列，须看整页图）
Sfee5258a9b73-img-017,Sfee5258a9b73,embedded_image,,assets/Sfee5258a9b73/embedded/img-017.png,PDF 内嵌位图（矢量线条/组合图形不在此列，须看整页图）
Sfee5258a9b73-img-018,Sfee5258a9b73,embedded_image,,assets/Sfee5258a9b73/embedded/img-018.png,PDF 内嵌位图（矢量线条/组合图形不在此列，须看整页图）
Sfee5258a9b73-img-019,Sfee5258a9b73,embedded_image,,assets/Sfee5258a9b73/embedded/img-019.png,PDF 内嵌位图（矢量线条/组合图形不在此列，须看整页图）
Sfee5258a9b73-img-020,Sfee5258a9b73,embedded_image,,assets/Sfee5258a9b73/embedded/img-020.png,PDF 内嵌位图（矢量线条/组合图形不在此列，须看整页图）
Sfee5258a9b73-img-021,Sfee5258a9b73,embedded_image,,assets/Sfee5258a9b73/embedded/img-021.png,PDF 内嵌位图（矢量线条/组合图形不在此列，须看整页图）
Sfee5258a9b73-img-022,Sfee5258a9b73,embedded_image,,assets/Sfee5258a9b73/embedded/img-022.png,PDF 内嵌位图（矢量线条/组合图形不在此列，须看整页图）
Sfee5258a9b73-img-023,Sfee5258a9b73,embedded_image,,assets/Sfee5258a9b73/embedded/img-023.png,PDF 内嵌位图（矢量线条/组合图形不在此列，须看整页图）
Sfee5258a9b73-img-024,Sfee5258a9b73,embedded_image,,assets/Sfee5258a9b73/embedded/img-024.png,PDF 内嵌位图（矢量线条/组合图形不在此列，须看整页图）
Sfee5258a9b73-img-025,Sfee5258a9b73,embedded_image,,assets/Sfee5258a9b73/embedded/img-025.png,PDF 内嵌位图（矢量线条/组合图形不在此列，须看整页图）
Sfee5258a9b73-img-026,Sfee5258a9b73,embedded_image,,assets/Sfee5258a9b73/embedded/img-026.png,PDF 内嵌位图（矢量线条/组合图形不在此列，须看整页图）
Sfee5258a9b73-img-027,Sfee5258a9b73,embedded_image,,assets/Sfee5258a9b73/embedded/img-027.png,PDF 内嵌位图（矢量线条/组合图形不在此列，须看整页图）
Sfee5258a9b73-img-028,Sfee5258a9b73,embedded_image,,assets/Sfee5258a9b73/embedded/img-028.png,PDF 内嵌位图（矢量线条/组合图形不在此列，须看整页图）
Sfee5258a9b73-img-029,Sfee5258a9b73,embedded_image,,assets/Sfee5258a9b73/embedded/img-029.png,PDF 内嵌位图（矢量线条/组合图形不在此列，须看整页图）
Sfee5258a9b73-img-030,Sfee5258a9b73,embedded_image,,assets/Sfee5258a9b73/embedded/img-030.png,PDF 内嵌位图（矢量线条/组合图形不在此列，须看整页图）
Sfee5258a9b73-img-031,Sfee5258a9b73,embedded_image,,assets/Sfee5258a9b73/embedded/img-031.png,PDF 内嵌位图（矢量线条/组合图形不在此列，须看整页图）
Sfee5258a9b73-img-032,Sfee5258a9b73,embedded_image,,assets/Sfee5258a9b73/embedded/img-032.png,PDF 内嵌位图（矢量线条/组合图形不在此列，须看整页图）
Sfee5258a9b73-img-033,Sfee5258a9b73,embedded_image,,assets/Sfee5258a9b73/embedded/img-033.png,PDF 内嵌位图（矢量线条/组合图形不在此列，须看整页图）
Sfee5258a9b73-img-034,Sfee5258a9b73,embedded_image,,assets/Sfee5258a9b73/embedded/img-034.png,PDF 内嵌位图（矢量线条/组合图形不在此列，须看整页图）
Sfee5258a9b73-img-035,Sfee5258a9b73,embedded_image,,assets/Sfee5258a9b73/embedded/img-035.png,PDF 内嵌位图（矢量线条/组合图形不在此列，须看整页图）
Sfee5258a9b73-img-036,Sfee5258a9b73,embedded_image,,assets/Sfee5258a9b73/embedded/img-036.png,PDF 内嵌位图（矢量线条/组合图形不在此列，须看整页图）
Sfee5258a9b73-img-037,Sfee5258a9b73,embedded_image,,assets/Sfee5258a9b73/embedded/img-037.png,PDF 内嵌位图（矢量线条/组合图形不在此列，须看整页图）
Sfee5258a9b73-img-038,Sfee5258a9b73,embedded_image,,assets/Sfee5258a9b73/embedded/img-038.png,PDF 内嵌位图（矢量线条/组合图形不在此列，须看整页图）
Sfee5258a9b73-img-039,Sfee5258a9b73,embedded_image,,assets/Sfee5258a9b73/embedded/img-039.png,PDF 内嵌位图（矢量线条/组合图形不在此列，须看整页图）
Sfee5258a9b73-img-040,Sfee5258a9b73,embedded_image,,assets/Sfee5258a9b73/embedded/img-040.png,PDF 内嵌位图（矢量线条/组合图形不在此列，须看整页图）
Sfee5258a9b73-img-041,Sfee5258a9b73,embedded_image,,assets/Sfee5258a9b73/embedded/img-041.png,PDF 内嵌位图（矢量线条/组合图形不在此列，须看整页图）
Sfee5258a9b73-img-042,Sfee5258a9b73,embedded_image,,assets/Sfee5258a9b73/embedded/img-042.png,PDF 内嵌位图（矢量线条/组合图形不在此列，须看整页图）
Sfee5258a9b73-img-043,Sfee5258a9b73,embedded_image,,assets/Sfee5258a9b73/embedded/img-043.png,PDF 内嵌位图（矢量线条/组合图形不在此列，须看整页图）
Sfee5258a9b73-img-044,Sfee5258a9b73,embedded_image,,assets/Sfee5258a9b73/embedded/img-044.png,PDF 内嵌位图（矢量线条/组合图形不在此列，须看整页图）
Sfee5258a9b73-img-045,Sfee5258a9b73,embedded_image,,assets/Sfee5258a9b73/embedded/img-045.png,PDF 内嵌位图（矢量线条/组合图形不在此列，须看整页图）
Sfee5258a9b73-img-046,Sfee5258a9b73,embedded_image,,assets/Sfee5258a9b73/embedded/img-046.png,PDF 内嵌位图（矢量线条/组合图形不在此列，须看整页图）
Sfee5258a9b73-img-047,Sfee5258a9b73,embedded_image,,assets/Sfee5258a9b73/embedded/img-047.png,PDF 内嵌位图（矢量线条/组合图形不在此列，须看整页图）
Sfee5258a9b73-img-048,Sfee5258a9b73,embedded_image,,assets/Sfee5258a9b73/embedded/img-048.png,PDF 内嵌位图（矢量线条/组合图形不在此列，须看整页图）
Sfee5258a9b73-img-049,Sfee5258a9b73,embedded_image,,assets/Sfee5258a9b73/embedded/img-049.png,PDF 内嵌位图（矢量线条/组合图形不在此列，须看整页图）
Sfee5258a9b73-img-050,Sfee5258a9b73,embedded_image,,assets/Sfee5258a9b73/embedded/img-050.png,PDF 内嵌位图（矢量线条/组合图形不在此列，须看整页图）
Sfee5258a9b73-img-051,Sfee5258a9b73,embedded_image,,assets/Sfee5258a9b73/embedded/img-051.png,PDF 内嵌位图（矢量线条/组合图形不在此列，须看整页图）
Sfee5258a9b73-img-052,Sfee5258a9b73,embedded_image,,assets/Sfee5258a9b73/embedded/img-052.png,PDF 内嵌位图（矢量线条/组合图形不在此列，须看整页图）
Sfee5258a9b73-img-053,Sfee5258a9b73,embedded_image,,assets/Sfee5258a9b73/embedded/img-053.png,PDF 内嵌位图（矢量线条/组合图形不在此列，须看整页图）
Sfee5258a9b73-img-054,Sfee5258a9b73,embedded_image,,assets/Sfee5258a9b73/embedded/img-054.png,PDF 内嵌位图（矢量线条/组合图形不在此列，须看整页图）
Sfee5258a9b73-img-055,Sfee5258a9b73,embedded_image,,assets/Sfee5258a9b73/embedded/img-055.png,PDF 内嵌位图（矢量线条/组合图形不在此列，须看整页图）
Sfee5258a9b73-img-056,Sfee5258a9b73,embedded_image,,assets/Sfee5258a9b73/embedded/img-056.png,PDF 内嵌位图（矢量线条/组合图形不在此列，须看整页图）
Sfee5258a9b73-img-057,Sfee5258a9b73,embedded_image,,assets/Sfee5258a9b73/embedded/img-057.png,PDF 内嵌位图（矢量线条/组合图形不在此列，须看整页图）
Sfee5258a9b73-img-058,Sfee5258a9b73,embedded_image,,assets/Sfee5258a9b73/embedded/img-058.png,PDF 内嵌位图（矢量线条/组合图形不在此列，须看整页图）
Sfee5258a9b73-img-059,Sfee5258a9b73,embedded_image,,assets/Sfee5258a9b73/embedded/img-059.png,PDF 内嵌位图（矢量线条/组合图形不在此列，须看整页图）
Sfee5258a9b73-img-060,Sfee5258a9b73,embedded_image,,assets/Sfee5258a9b73/embedded/img-060.png,PDF 内嵌位图（矢量线条/组合图形不在此列，须看整页图）
Sfee5258a9b73-img-061,Sfee5258a9b73,embedded_image,,assets/Sfee5258a9b73/embedded/img-061.png,PDF 内嵌位图（矢量线条/组合图形不在此列，须看整页图）
Sfee5258a9b73-img-062,Sfee5258a9b73,embedded_image,,assets/Sfee5258a9b73/embedded/img-062.png,PDF 内嵌位图（矢量线条/组合图形不在此列，须看整页图）
Sfee5258a9b73-img-063,Sfee5258a9b73,embedded_image,,assets/Sfee5258a9b73/embedded/img-063.png,PDF 内嵌位图（矢量线条/组合图形不在此列，须看整页图）
Sfee5258a9b73-img-064,Sfee5258a9b73,embedded_image,,assets/Sfee5258a9b73/embedded/img-064.png,PDF 内嵌位图（矢量线条/组合图形不在此列，须看整页图）
Sfee5258a9b73-img-065,Sfee5258a9b73,embedded_image,,assets/Sfee5258a9b73/embedded/img-065.png,PDF 内嵌位图（矢量线条/组合图形不在此列，须看整页图）
Sfee5258a9b73-img-066,Sfee5258a9b73,embedded_image,,assets/Sfee5258a9b73/embedded/img-066.png,PDF 内嵌位图（矢量线条/组合图形不在此列，须看整页图）
Sfee5258a9b73-img-067,Sfee5258a9b73,embedded_image,,assets/Sfee5258a9b73/embedded/img-067.png,PDF 内嵌位图（矢量线条/组合图形不在此列，须看整页图）
Sfee5258a9b73-img-068,Sfee5258a9b73,embedded_image,,assets/Sfee5258a9b73/embedded/img-068.png,PDF 内嵌位图（矢量线条/组合图形不在此列，须看整页图）
Sfee5258a9b73-img-069,Sfee5258a9b73,embedded_image,,assets/Sfee5258a9b73/embedded/img-069.png,PDF 内嵌位图（矢量线条/组合图形不在此列，须看整页图）
Sfee5258a9b73-img-070,Sfee5258a9b73,embedded_image,,assets/Sfee5258a9b73/embedded/img-070.png,PDF 内嵌位图（矢量线条/组合图形不在此列，须看整页图）
Sfee5258a9b73-img-071,Sfee5258a9b73,embedded_image,,assets/Sfee5258a9b73/embedded/img-071.png,PDF 内嵌位图（矢量线条/组合图形不在此列，须看整页图）
Sfee5258a9b73-img-072,Sfee5258a9b73,embedded_image,,assets/Sfee5258a9b73/embedded/img-072.png,PDF 内嵌位图（矢量线条/组合图形不在此列，须看整页图）
Sfee5258a9b73-img-073,Sfee5258a9b73,embedded_image,,assets/Sfee5258a9b73/embedded/img-073.png,PDF 内嵌位图（矢量线条/组合图形不在此列，须看整页图）
Sfee5258a9b73-img-074,Sfee5258a9b73,embedded_image,,assets/Sfee5258a9b73/embedded/img-074.png,PDF 内嵌位图（矢量线条/组合图形不在此列，须看整页图）
Sfee5258a9b73-img-075,Sfee5258a9b73,embedded_image,,assets/Sfee5258a9b73/embedded/img-075.png,PDF 内嵌位图（矢量线条/组合图形不在此列，须看整页图）
Sfee5258a9b73-img-076,Sfee5258a9b73,embedded_image,,assets/Sfee5258a9b73/embedded/img-076.png,PDF 内嵌位图（矢量线条/组合图形不在此列，须看整页图）
Sfee5258a9b73-img-077,Sfee5258a9b73,embedded_image,,assets/Sfee5258a9b73/embedded/img-077.png,PDF 内嵌位图（矢量线条/组合图形不在此列，须看整页图）
Sfee5258a9b73-img-078,Sfee5258a9b73,embedded_image,,assets/Sfee5258a9b73/embedded/img-078.png,PDF 内嵌位图（矢量线条/组合图形不在此列，须看整页图）
Sfee5258a9b73-img-079,Sfee5258a9b73,embedded_image,,assets/Sfee5258a9b73/embedded/img-079.png,PDF 内嵌位图（矢量线条/组合图形不在此列，须看整页图）
Sfee5258a9b73-img-080,Sfee5258a9b73,embedded_image,,assets/Sfee5258a9b73/embedded/img-080.png,PDF 内嵌位图（矢量线条/组合图形不在此列，须看整页图）
Sfee5258a9b73-img-081,Sfee5258a9b73,embedded_image,,assets/Sfee5258a9b73/embedded/img-081.png,PDF 内嵌位图（矢量线条/组合图形不在此列，须看整页图）
Sfee5258a9b73-img-082,Sfee5258a9b73,embedded_image,,assets/Sfee5258a9b73/embedded/img-082.png,PDF 内嵌位图（矢量线条/组合图形不在此列，须看整页图）
Sfee5258a9b73-img-083,Sfee5258a9b73,embedded_image,,assets/Sfee5258a9b73/embedded/img-083.png,PDF 内嵌位图（矢量线条/组合图形不在此列，须看整页图）
Sfee5258a9b73-img-084,Sfee5258a9b73,embedded_image,,assets/Sfee5258a9b73/embedded/img-084.png,PDF 内嵌位图（矢量线条/组合图形不在此列，须看整页图）
Sfee5258a9b73-img-085,Sfee5258a9b73,embedded_image,,assets/Sfee5258a9b73/embedded/img-085.png,PDF 内嵌位图（矢量线条/组合图形不在此列，须看整页图）
Sfee5258a9b73-img-086,Sfee5258a9b73,embedded_image,,assets/Sfee5258a9b73/embedded/img-086.png,PDF 内嵌位图（矢量线条/组合图形不在此列，须看整页图）
Sfee5258a9b73-img-087,Sfee5258a9b73,embedded_image,,assets/Sfee5258a9b73/embedded/img-087.png,PDF 内嵌位图（矢量线条/组合图形不在此列，须看整页图）
Sfee5258a9b73-img-088,Sfee5258a9b73,embedded_image,,assets/Sfee5258a9b73/embedded/img-088.png,PDF 内嵌位图（矢量线条/组合图形不在此列，须看整页图）
Sfee5258a9b73-img-089,Sfee5258a9b73,embedded_image,,assets/Sfee5258a9b73/embedded/img-089.png,PDF 内嵌位图（矢量线条/组合图形不在此列，须看整页图）
Sfee5258a9b73-img-090,Sfee5258a9b73,embedded_image,,assets/Sfee5258a9b73/embedded/img-090.png,PDF 内嵌位图（矢量线条/组合图形不在此列，须看整页图）
Sfee5258a9b73-img-091,Sfee5258a9b73,embedded_image,,assets/Sfee5258a9b73/embedded/img-091.png,PDF 内嵌位图（矢量线条/组合图形不在此列，须看整页图）
Sfee5258a9b73-img-092,Sfee5258a9b73,embedded_image,,assets/Sfee5258a9b73/embedded/img-092.png,PDF 内嵌位图（矢量线条/组合图形不在此列，须看整页图）
Sfee5258a9b73-img-093,Sfee5258a9b73,embedded_image,,assets/Sfee5258a9b73/embedded/img-093.png,PDF 内嵌位图（矢量线条/组合图形不在此列，须看整页图）
Sfee5258a9b73-img-094,Sfee5258a9b73,embedded_image,,assets/Sfee5258a9b73/embedded/img-094.png,PDF 内嵌位图（矢量线条/组合图形不在此列，须看整页图）
Sfee5258a9b73-img-095,Sfee5258a9b73,embedded_image,,assets/Sfee5258a9b73/embedded/img-095.png,PDF 内嵌位图（矢量线条/组合图形不在此列，须看整页图）
Sfee5258a9b73-img-096,Sfee5258a9b73,embedded_image,,assets/Sfee5258a9b73/embedded/img-096.png,PDF 内嵌位图（矢量线条/组合图形不在此列，须看整页图）
Sfee5258a9b73-img-097,Sfee5258a9b73,embedded_image,,assets/Sfee5258a9b73/embedded/img-097.png,PDF 内嵌位图（矢量线条/组合图形不在此列，须看整页图）
Sfee5258a9b73-img-098,Sfee5258a9b73,embedded_image,,assets/Sfee5258a9b73/embedded/img-098.png,PDF 内嵌位图（矢量线条/组合图形不在此列，须看整页图）
Sfee5258a9b73-img-099,Sfee5258a9b73,embedded_image,,assets/Sfee5258a9b73/embedded/img-099.png,PDF 内嵌位图（矢量线条/组合图形不在此列，须看整页图）
Sfee5258a9b73-img-100,Sfee5258a9b73,embedded_image,,assets/Sfee5258a9b73/embedded/img-100.png,PDF 内嵌位图（矢量线条/组合图形不在此列，须看整页图）
Sfee5258a9b73-img-101,Sfee5258a9b73,embedded_image,,assets/Sfee5258a9b73/embedded/img-101.png,PDF 内嵌位图（矢量线条/组合图形不在此列，须看整页图）
Sfee5258a9b73-img-102,Sfee5258a9b73,embedded_image,,assets/Sfee5258a9b73/embedded/img-102.png,PDF 内嵌位图（矢量线条/组合图形不在此列，须看整页图）
Sfee5258a9b73-img-103,Sfee5258a9b73,embedded_image,,assets/Sfee5258a9b73/embedded/img-103.png,PDF 内嵌位图（矢量线条/组合图形不在此列，须看整页图）
Sfee5258a9b73-img-104,Sfee5258a9b73,embedded_image,,assets/Sfee5258a9b73/embedded/img-104.png,PDF 内嵌位图（矢量线条/组合图形不在此列，须看整页图）
Sfee5258a9b73-img-105,Sfee5258a9b73,embedded_image,,assets/Sfee5258a9b73/embedded/img-105.png,PDF 内嵌位图（矢量线条/组合图形不在此列，须看整页图）
Sfee5258a9b73-img-106,Sfee5258a9b73,embedded_image,,assets/Sfee5258a9b73/embedded/img-106.png,PDF 内嵌位图（矢量线条/组合图形不在此列，须看整页图）
Sfee5258a9b73-img-107,Sfee5258a9b73,embedded_image,,assets/Sfee5258a9b73/embedded/img-107.png,PDF 内嵌位图（矢量线条/组合图形不在此列，须看整页图）
Sfee5258a9b73-img-108,Sfee5258a9b73,embedded_image,,assets/Sfee5258a9b73/embedded/img-108.png,PDF 内嵌位图（矢量线条/组合图形不在此列，须看整页图）
Sfee5258a9b73-img-109,Sfee5258a9b73,embedded_image,,assets/Sfee5258a9b73/embedded/img-109.png,PDF 内嵌位图（矢量线条/组合图形不在此列，须看整页图）
Sfee5258a9b73-img-110,Sfee5258a9b73,embedded_image,,assets/Sfee5258a9b73/embedded/img-110.png,PDF 内嵌位图（矢量线条/组合图形不在此列，须看整页图）
Sfee5258a9b73-img-111,Sfee5258a9b73,embedded_image,,assets/Sfee5258a9b73/embedded/img-111.png,PDF 内嵌位图（矢量线条/组合图形不在此列，须看整页图）
Sfee5258a9b73-img-112,Sfee5258a9b73,embedded_image,,assets/Sfee5258a9b73/embedded/img-112.png,PDF 内嵌位图（矢量线条/组合图形不在此列，须看整页图）
Sfee5258a9b73-img-113,Sfee5258a9b73,embedded_image,,assets/Sfee5258a9b73/embedded/img-113.png,PDF 内嵌位图（矢量线条/组合图形不在此列，须看整页图）
Sfee5258a9b73-img-114,Sfee5258a9b73,embedded_image,,assets/Sfee5258a9b73/embedded/img-114.png,PDF 内嵌位图（矢量线条/组合图形不在此列，须看整页图）
Sfee5258a9b73-img-115,Sfee5258a9b73,embedded_image,,assets/Sfee5258a9b73/embedded/img-115.png,PDF 内嵌位图（矢量线条/组合图形不在此列，须看整页图）
Sfee5258a9b73-img-116,Sfee5258a9b73,embedded_image,,assets/Sfee5258a9b73/embedded/img-116.png,PDF 内嵌位图（矢量线条/组合图形不在此列，须看整页图）
Sfee5258a9b73-img-117,Sfee5258a9b73,embedded_image,,assets/Sfee5258a9b73/embedded/img-117.png,PDF 内嵌位图（矢量线条/组合图形不在此列，须看整页图）
Sfee5258a9b73-img-118,Sfee5258a9b73,embedded_image,,assets/Sfee5258a9b73/embedded/img-118.png,PDF 内嵌位图（矢量线条/组合图形不在此列，须看整页图）
Sfee5258a9b73-img-119,Sfee5258a9b73,embedded_image,,assets/Sfee5258a9b73/embedded/img-119.png,PDF 内嵌位图（矢量线条/组合图形不在此列，须看整页图）
Sfee5258a9b73-img-120,Sfee5258a9b73,embedded_image,,assets/Sfee5258a9b73/embedded/img-120.png,PDF 内嵌位图（矢量线条/组合图形不在此列，须看整页图）
Sfee5258a9b73-img-121,Sfee5258a9b73,embedded_image,,assets/Sfee5258a9b73/embedded/img-121.png,PDF 内嵌位图（矢量线条/组合图形不在此列，须看整页图）
Sfee5258a9b73-img-122,Sfee5258a9b73,embedded_image,,assets/Sfee5258a9b73/embedded/img-122.png,PDF 内嵌位图（矢量线条/组合图形不在此列，须看整页图）
Sfee5258a9b73-img-123,Sfee5258a9b73,embedded_image,,assets/Sfee5258a9b73/embedded/img-123.png,PDF 内嵌位图（矢量线条/组合图形不在此列，须看整页图）
Sfee5258a9b73-img-124,Sfee5258a9b73,embedded_image,,assets/Sfee5258a9b73/embedded/img-124.png,PDF 内嵌位图（矢量线条/组合图形不在此列，须看整页图）
Sfee5258a9b73-img-125,Sfee5258a9b73,embedded_image,,assets/Sfee5258a9b73/embedded/img-125.png,PDF 内嵌位图（矢量线条/组合图形不在此列，须看整页图）
Sfee5258a9b73-img-126,Sfee5258a9b73,embedded_image,,assets/Sfee5258a9b73/embedded/img-126.png,PDF 内嵌位图（矢量线条/组合图形不在此列，须看整页图）
Sfee5258a9b73-img-127,Sfee5258a9b73,embedded_image,,assets/Sfee5258a9b73/embedded/img-127.png,PDF 内嵌位图（矢量线条/组合图形不在此列，须看整页图）
Sfee5258a9b73-img-128,Sfee5258a9b73,embedded_image,,assets/Sfee5258a9b73/embedded/img-128.png,PDF 内嵌位图（矢量线条/组合图形不在此列，须看整页图）
Sfee5258a9b73-img-129,Sfee5258a9b73,embedded_image,,assets/Sfee5258a9b73/embedded/img-129.png,PDF 内嵌位图（矢量线条/组合图形不在此列，须看整页图）
Sfee5258a9b73-img-130,Sfee5258a9b73,embedded_image,,assets/Sfee5258a9b73/embedded/img-130.png,PDF 内嵌位图（矢量线条/组合图形不在此列，须看整页图）
Sfee5258a9b73-img-131,Sfee5258a9b73,embedded_image,,assets/Sfee5258a9b73/embedded/img-131.png,PDF 内嵌位图（矢量线条/组合图形不在此列，须看整页图）
Sfee5258a9b73-img-132,Sfee5258a9b73,embedded_image,,assets/Sfee5258a9b73/embedded/img-132.png,PDF 内嵌位图（矢量线条/组合图形不在此列，须看整页图）
Sfee5258a9b73-img-133,Sfee5258a9b73,embedded_image,,assets/Sfee5258a9b73/embedded/img-133.png,PDF 内嵌位图（矢量线条/组合图形不在此列，须看整页图）
Sfee5258a9b73-img-134,Sfee5258a9b73,embedded_image,,assets/Sfee5258a9b73/embedded/img-134.png,PDF 内嵌位图（矢量线条/组合图形不在此列，须看整页图）
Sfee5258a9b73-img-135,Sfee5258a9b73,embedded_image,,assets/Sfee5258a9b73/embedded/img-135.png,PDF 内嵌位图（矢量线条/组合图形不在此列，须看整页图）
Sfee5258a9b73-img-136,Sfee5258a9b73,embedded_image,,assets/Sfee5258a9b73/embedded/img-136.png,PDF 内嵌位图（矢量线条/组合图形不在此列，须看整页图）
Sfee5258a9b73-img-137,Sfee5258a9b73,embedded_image,,assets/Sfee5258a9b73/embedded/img-137.png,PDF 内嵌位图（矢量线条/组合图形不在此列，须看整页图）
Sfee5258a9b73-img-138,Sfee5258a9b73,embedded_image,,assets/Sfee5258a9b73/embedded/img-138.png,PDF 内嵌位图（矢量线条/组合图形不在此列，须看整页图）
Sfee5258a9b73-img-139,Sfee5258a9b73,embedded_image,,assets/Sfee5258a9b73/embedded/img-139.png,PDF 内嵌位图（矢量线条/组合图形不在此列，须看整页图）
Sfee5258a9b73-img-140,Sfee5258a9b73,embedded_image,,assets/Sfee5258a9b73/embedded/img-140.png,PDF 内嵌位图（矢量线条/组合图形不在此列，须看整页图）
Sfee5258a9b73-img-141,Sfee5258a9b73,embedded_image,,assets/Sfee5258a9b73/embedded/img-141.png,PDF 内嵌位图（矢量线条/组合图形不在此列，须看整页图）
Sfee5258a9b73-img-142,Sfee5258a9b73,embedded_image,,assets/Sfee5258a9b73/embedded/img-142.png,PDF 内嵌位图（矢量线条/组合图形不在此列，须看整页图）
Sfee5258a9b73-img-143,Sfee5258a9b73,embedded_image,,assets/Sfee5258a9b73/embedded/img-143.png,PDF 内嵌位图（矢量线条/组合图形不在此列，须看整页图）
Sfee5258a9b73-img-144,Sfee5258a9b73,embedded_image,,assets/Sfee5258a9b73/embedded/img-144.png,PDF 内嵌位图（矢量线条/组合图形不在此列，须看整页图）
Sfee5258a9b73-img-145,Sfee5258a9b73,embedded_image,,assets/Sfee5258a9b73/embedded/img-145.png,PDF 内嵌位图（矢量线条/组合图形不在此列，须看整页图）
Sfee5258a9b73-img-146,Sfee5258a9b73,embedded_image,,assets/Sfee5258a9b73/embedded/img-146.png,PDF 内嵌位图（矢量线条/组合图形不在此列，须看整页图）
Sfee5258a9b73-img-147,Sfee5258a9b73,embedded_image,,assets/Sfee5258a9b73/embedded/img-147.png,PDF 内嵌位图（矢量线条/组合图形不在此列，须看整页图）
Sfee5258a9b73-img-148,Sfee5258a9b73,embedded_image,,assets/Sfee5258a9b73/embedded/img-148.png,PDF 内嵌位图（矢量线条/组合图形不在此列，须看整页图）
Sfee5258a9b73-img-149,Sfee5258a9b73,embedded_image,,assets/Sfee5258a9b73/embedded/img-149.png,PDF 内嵌位图（矢量线条/组合图形不在此列，须看整页图）
Sfee5258a9b73-img-150,Sfee5258a9b73,embedded_image,,assets/Sfee5258a9b73/embedded/img-150.png,PDF 内嵌位图（矢量线条/组合图形不在此列，须看整页图）
Sfee5258a9b73-img-151,Sfee5258a9b73,embedded_image,,assets/Sfee5258a9b73/embedded/img-151.png,PDF 内嵌位图（矢量线条/组合图形不在此列，须看整页图）
Sfee5258a9b73-img-152,Sfee5258a9b73,embedded_image,,assets/Sfee5258a9b73/embedded/img-152.png,PDF 内嵌位图（矢量线条/组合图形不在此列，须看整页图）
Sfee5258a9b73-img-153,Sfee5258a9b73,embedded_image,,assets/Sfee5258a9b73/embedded/img-153.png,PDF 内嵌位图（矢量线条/组合图形不在此列，须看整页图）
Sfee5258a9b73-img-154,Sfee5258a9b73,embedded_image,,assets/Sfee5258a9b73/embedded/img-154.png,PDF 内嵌位图（矢量线条/组合图形不在此列，须看整页图）
Sfee5258a9b73-img-155,Sfee5258a9b73,embedded_image,,assets/Sfee5258a9b73/embedded/img-155.png,PDF 内嵌位图（矢量线条/组合图形不在此列，须看整页图）
Sfee5258a9b73-img-156,Sfee5258a9b73,embedded_image,,assets/Sfee5258a9b73/embedded/img-156.png,PDF 内嵌位图（矢量线条/组合图形不在此列，须看整页图）
Sfee5258a9b73-img-157,Sfee5258a9b73,embedded_image,,assets/Sfee5258a9b73/embedded/img-157.png,PDF 内嵌位图（矢量线条/组合图形不在此列，须看整页图）
Sfee5258a9b73-img-158,Sfee5258a9b73,embedded_image,,assets/Sfee5258a9b73/embedded/img-158.png,PDF 内嵌位图（矢量线条/组合图形不在此列，须看整页图）
Sfee5258a9b73-img-159,Sfee5258a9b73,embedded_image,,assets/Sfee5258a9b73/embedded/img-159.png,PDF 内嵌位图（矢量线条/组合图形不在此列，须看整页图）
Sfee5258a9b73-img-160,Sfee5258a9b73,embedded_image,,assets/Sfee5258a9b73/embedded/img-160.png,PDF 内嵌位图（矢量线条/组合图形不在此列，须看整页图）
Sfee5258a9b73-img-161,Sfee5258a9b73,embedded_image,,assets/Sfee5258a9b73/embedded/img-161.png,PDF 内嵌位图（矢量线条/组合图形不在此列，须看整页图）
Sfee5258a9b73-img-162,Sfee5258a9b73,embedded_image,,assets/Sfee5258a9b73/embedded/img-162.png,PDF 内嵌位图（矢量线条/组合图形不在此列，须看整页图）
Sfee5258a9b73-img-163,Sfee5258a9b73,embedded_image,,assets/Sfee5258a9b73/embedded/img-163.png,PDF 内嵌位图（矢量线条/组合图形不在此列，须看整页图）
Sfee5258a9b73-img-164,Sfee5258a9b73,embedded_image,,assets/Sfee5258a9b73/embedded/img-164.png,PDF 内嵌位图（矢量线条/组合图形不在此列，须看整页图）
Sfee5258a9b73-img-165,Sfee5258a9b73,embedded_image,,assets/Sfee5258a9b73/embedded/img-165.png,PDF 内嵌位图（矢量线条/组合图形不在此列，须看整页图）
Sfee5258a9b73-img-166,Sfee5258a9b73,embedded_image,,assets/Sfee5258a9b73/embedded/img-166.png,PDF 内嵌位图（矢量线条/组合图形不在此列，须看整页图）
Sfee5258a9b73-img-167,Sfee5258a9b73,embedded_image,,assets/Sfee5258a9b73/embedded/img-167.png,PDF 内嵌位图（矢量线条/组合图形不在此列，须看整页图）
Sfee5258a9b73-img-168,Sfee5258a9b73,embedded_image,,assets/Sfee5258a9b73/embedded/img-168.png,PDF 内嵌位图（矢量线条/组合图形不在此列，须看整页图）
Sfee5258a9b73-img-169,Sfee5258a9b73,embedded_image,,assets/Sfee5258a9b73/embedded/img-169.png,PDF 内嵌位图（矢量线条/组合图形不在此列，须看整页图）
Sfee5258a9b73-img-170,Sfee5258a9b73,embedded_image,,assets/Sfee5258a9b73/embedded/img-170.png,PDF 内嵌位图（矢量线条/组合图形不在此列，须看整页图）
Sfee5258a9b73-img-171,Sfee5258a9b73,embedded_image,,assets/Sfee5258a9b73/embedded/img-171.png,PDF 内嵌位图（矢量线条/组合图形不在此列，须看整页图）
Sfee5258a9b73-img-172,Sfee5258a9b73,embedded_image,,assets/Sfee5258a9b73/embedded/img-172.png,PDF 内嵌位图（矢量线条/组合图形不在此列，须看整页图）
Sfee5258a9b73-img-173,Sfee5258a9b73,embedded_image,,assets/Sfee5258a9b73/embedded/img-173.png,PDF 内嵌位图（矢量线条/组合图形不在此列，须看整页图）
Sfee5258a9b73-img-174,Sfee5258a9b73,embedded_image,,assets/Sfee5258a9b73/embedded/img-174.png,PDF 内嵌位图（矢量线条/组合图形不在此列，须看整页图）
Sfee5258a9b73-img-175,Sfee5258a9b73,embedded_image,,assets/Sfee5258a9b73/embedded/img-175.png,PDF 内嵌位图（矢量线条/组合图形不在此列，须看整页图）
Sfee5258a9b73-img-176,Sfee5258a9b73,embedded_image,,assets/Sfee5258a9b73/embedded/img-176.png,PDF 内嵌位图（矢量线条/组合图形不在此列，须看整页图）
Sfee5258a9b73-img-177,Sfee5258a9b73,embedded_image,,assets/Sfee5258a9b73/embedded/img-177.png,PDF 内嵌位图（矢量线条/组合图形不在此列，须看整页图）
Sfee5258a9b73-img-178,Sfee5258a9b73,embedded_image,,assets/Sfee5258a9b73/embedded/img-178.png,PDF 内嵌位图（矢量线条/组合图形不在此列，须看整页图）
Sfee5258a9b73-img-179,Sfee5258a9b73,embedded_image,,assets/Sfee5258a9b73/embedded/img-179.png,PDF 内嵌位图（矢量线条/组合图形不在此列，须看整页图）
Sfee5258a9b73-img-180,Sfee5258a9b73,embedded_image,,assets/Sfee5258a9b73/embedded/img-180.png,PDF 内嵌位图（矢量线条/组合图形不在此列，须看整页图）
Sfee5258a9b73-img-181,Sfee5258a9b73,embedded_image,,assets/Sfee5258a9b73/embedded/img-181.png,PDF 内嵌位图（矢量线条/组合图形不在此列，须看整页图）
Sfee5258a9b73-img-182,Sfee5258a9b73,embedded_image,,assets/Sfee5258a9b73/embedded/img-182.png,PDF 内嵌位图（矢量线条/组合图形不在此列，须看整页图）
Sfee5258a9b73-img-183,Sfee5258a9b73,embedded_image,,assets/Sfee5258a9b73/embedded/img-183.png,PDF 内嵌位图（矢量线条/组合图形不在此列，须看整页图）
Sfee5258a9b73-img-184,Sfee5258a9b73,embedded_image,,assets/Sfee5258a9b73/embedded/img-184.png,PDF 内嵌位图（矢量线条/组合图形不在此列，须看整页图）
Sfee5258a9b73-img-185,Sfee5258a9b73,embedded_image,,assets/Sfee5258a9b73/embedded/img-185.png,PDF 内嵌位图（矢量线条/组合图形不在此列，须看整页图）
Sfee5258a9b73-img-186,Sfee5258a9b73,embedded_image,,assets/Sfee5258a9b73/embedded/img-186.png,PDF 内嵌位图（矢量线条/组合图形不在此列，须看整页图）
Sfee5258a9b73-img-187,Sfee5258a9b73,embedded_image,,assets/Sfee5258a9b73/embedded/img-187.png,PDF 内嵌位图（矢量线条/组合图形不在此列，须看整页图）
Sfee5258a9b73-img-188,Sfee5258a9b73,embedded_image,,assets/Sfee5258a9b73/embedded/img-188.png,PDF 内嵌位图（矢量线条/组合图形不在此列，须看整页图）
Sfee5258a9b73-img-189,Sfee5258a9b73,embedded_image,,assets/Sfee5258a9b73/embedded/img-189.png,PDF 内嵌位图（矢量线条/组合图形不在此列，须看整页图）
Sfee5258a9b73-img-190,Sfee5258a9b73,embedded_image,,assets/Sfee5258a9b73/embedded/img-190.png,PDF 内嵌位图（矢量线条/组合图形不在此列，须看整页图）
Sfee5258a9b73-img-191,Sfee5258a9b73,embedded_image,,assets/Sfee5258a9b73/embedded/img-191.png,PDF 内嵌位图（矢量线条/组合图形不在此列，须看整页图）
Sfee5258a9b73-img-192,Sfee5258a9b73,embedded_image,,assets/Sfee5258a9b73/embedded/img-192.png,PDF 内嵌位图（矢量线条/组合图形不在此列，须看整页图）
Sfee5258a9b73-img-193,Sfee5258a9b73,embedded_image,,assets/Sfee5258a9b73/embedded/img-193.png,PDF 内嵌位图（矢量线条/组合图形不在此列，须看整页图）
Sfee5258a9b73-img-194,Sfee5258a9b73,embedded_image,,assets/Sfee5258a9b73/embedded/img-194.png,PDF 内嵌位图（矢量线条/组合图形不在此列，须看整页图）
Sfee5258a9b73-img-195,Sfee5258a9b73,embedded_image,,assets/Sfee5258a9b73/embedded/img-195.png,PDF 内嵌位图（矢量线条/组合图形不在此列，须看整页图）
Sfee5258a9b73-img-196,Sfee5258a9b73,embedded_image,,assets/Sfee5258a9b73/embedded/img-196.png,PDF 内嵌位图（矢量线条/组合图形不在此列，须看整页图）
Sfee5258a9b73-img-197,Sfee5258a9b73,embedded_image,,assets/Sfee5258a9b73/embedded/img-197.png,PDF 内嵌位图（矢量线条/组合图形不在此列，须看整页图）
Sfee5258a9b73-img-198,Sfee5258a9b73,embedded_image,,assets/Sfee5258a9b73/embedded/img-198.png,PDF 内嵌位图（矢量线条/组合图形不在此列，须看整页图）
Sfee5258a9b73-img-199,Sfee5258a9b73,embedded_image,,assets/Sfee5258a9b73/embedded/img-199.png,PDF 内嵌位图（矢量线条/组合图形不在此列，须看整页图）
Sfee5258a9b73-img-200,Sfee5258a9b73,embedded_image,,assets/Sfee5258a9b73/embedded/img-200.png,PDF 内嵌位图（矢量线条/组合图形不在此列，须看整页图）
Sfee5258a9b73-img-201,Sfee5258a9b73,embedded_image,,assets/Sfee5258a9b73/embedded/img-201.png,PDF 内嵌位图（矢量线条/组合图形不在此列，须看整页图）
Sfee5258a9b73-img-202,Sfee5258a9b73,embedded_image,,assets/Sfee5258a9b73/embedded/img-202.png,PDF 内嵌位图（矢量线条/组合图形不在此列，须看整页图）
Sfee5258a9b73-img-203,Sfee5258a9b73,embedded_image,,assets/Sfee5258a9b73/embedded/img-203.png,PDF 内嵌位图（矢量线条/组合图形不在此列，须看整页图）
Sfee5258a9b73-img-204,Sfee5258a9b73,embedded_image,,assets/Sfee5258a9b73/embedded/img-204.png,PDF 内嵌位图（矢量线条/组合图形不在此列，须看整页图）
Sfee5258a9b73-img-205,Sfee5258a9b73,embedded_image,,assets/Sfee5258a9b73/embedded/img-205.png,PDF 内嵌位图（矢量线条/组合图形不在此列，须看整页图）
Sfee5258a9b73-img-206,Sfee5258a9b73,embedded_image,,assets/Sfee5258a9b73/embedded/img-206.png,PDF 内嵌位图（矢量线条/组合图形不在此列，须看整页图）
Sfee5258a9b73-img-207,Sfee5258a9b73,embedded_image,,assets/Sfee5258a9b73/embedded/img-207.png,PDF 内嵌位图（矢量线条/组合图形不在此列，须看整页图）
S16c75dff224a-p001,S16c75dff224a,page_render,1,assets/S16c75dff224a/pages/p001.png,含图表/扫描内容的整页图，供显式打开核验
S16c75dff224a-p002,S16c75dff224a,page_render,2,assets/S16c75dff224a/pages/p002.png,含图表/扫描内容的整页图，供显式打开核验
S16c75dff224a-p003,S16c75dff224a,page_render,3,assets/S16c75dff224a/pages/p003.png,含图表/扫描内容的整页图，供显式打开核验
S16c75dff224a-p004,S16c75dff224a,page_render,4,assets/S16c75dff224a/pages/p004.png,含图表/扫描内容的整页图，供显式打开核验
S16c75dff224a-p005,S16c75dff224a,page_render,5,assets/S16c75dff224a/pages/p005.png,含图表/扫描内容的整页图，供显式打开核验
S16c75dff224a-p006,S16c75dff224a,page_render,6,assets/S16c75dff224a/pages/p006.png,含图表/扫描内容的整页图，供显式打开核验
S16c75dff224a-p007,S16c75dff224a,page_render,7,assets/S16c75dff224a/pages/p007.png,含图表/扫描内容的整页图，供显式打开核验
S16c75dff224a-p008,S16c75dff224a,page_render,8,assets/S16c75dff224a/pages/p008.png,含图表/扫描内容的整页图，供显式打开核验
S16c75dff224a-img-000,S16c75dff224a,embedded_image,,assets/S16c75dff224a/embedded/img-000.png,PDF 内嵌位图（矢量线条/组合图形不在此列，须看整页图）
S16c75dff224a-img-001,S16c75dff224a,embedded_image,,assets/S16c75dff224a/embedded/img-001.png,PDF 内嵌位图（矢量线条/组合图形不在此列，须看整页图）
S8db78abe18de-p001,S8db78abe18de,page_render,1,assets/S8db78abe18de/pages/p001.png,含图表/扫描内容的整页图，供显式打开核验
Sda9fdcae666d-p001,Sda9fdcae666d,page_render,1,assets/Sda9fdcae666d/pages/p001.png,含图表/扫描内容的整页图，供显式打开核验
Sda9fdcae666d-p002,Sda9fdcae666d,page_render,2,assets/Sda9fdcae666d/pages/p002.png,含图表/扫描内容的整页图，供显式打开核验
Sda9fdcae666d-p003,Sda9fdcae666d,page_render,3,assets/Sda9fdcae666d/pages/p003.png,含图表/扫描内容的整页图，供显式打开核验
Sda9fdcae666d-p004,Sda9fdcae666d,page_render,4,assets/Sda9fdcae666d/pages/p004.png,含图表/扫描内容的整页图，供显式打开核验
Sda9fdcae666d-p005,Sda9fdcae666d,page_render,5,assets/Sda9fdcae666d/pages/p005.png,含图表/扫描内容的整页图，供显式打开核验
Sda9fdcae666d-p006,Sda9fdcae666d,page_render,6,assets/Sda9fdcae666d/pages/p006.png,含图表/扫描内容的整页图，供显式打开核验
Sda9fdcae666d-p007,Sda9fdcae666d,page_render,7,assets/Sda9fdcae666d/pages/p007.png,含图表/扫描内容的整页图，供显式打开核验
Sda9fdcae666d-p008,Sda9fdcae666d,page_render,8,assets/Sda9fdcae666d/pages/p008.png,含图表/扫描内容的整页图，供显式打开核验
Sda9fdcae666d-p009,Sda9fdcae666d,page_render,9,assets/Sda9fdcae666d/pages/p009.png,含图表/扫描内容的整页图，供显式打开核验
Sda9fdcae666d-p010,Sda9fdcae666d,page_render,10,assets/Sda9fdcae666d/pages/p010.png,含图表/扫描内容的整页图，供显式打开核验
Sda9fdcae666d-p011,Sda9fdcae666d,page_render,11,assets/Sda9fdcae666d/pages/p011.png,含图表/扫描内容的整页图，供显式打开核验
Sda9fdcae666d-img-000,Sda9fdcae666d,embedded_image,,assets/Sda9fdcae666d/embedded/img-000.png,PDF 内嵌位图（矢量线条/组合图形不在此列，须看整页图）
Sda9fdcae666d-img-001,Sda9fdcae666d,embedded_image,,assets/Sda9fdcae666d/embedded/img-001.png,PDF 内嵌位图（矢量线条/组合图形不在此列，须看整页图）
S5f5486bfc3ba-p002,S5f5486bfc3ba,page_render,2,assets/S5f5486bfc3ba/pages/p002.png,含图表/扫描内容的整页图，供显式打开核验
S5f5486bfc3ba-p003,S5f5486bfc3ba,page_render,3,assets/S5f5486bfc3ba/pages/p003.png,含图表/扫描内容的整页图，供显式打开核验
S5f5486bfc3ba-p004,S5f5486bfc3ba,page_render,4,assets/S5f5486bfc3ba/pages/p004.png,含图表/扫描内容的整页图，供显式打开核验
S5f5486bfc3ba-p005,S5f5486bfc3ba,page_render,5,assets/S5f5486bfc3ba/pages/p005.png,含图表/扫描内容的整页图，供显式打开核验
S5f5486bfc3ba-p006,S5f5486bfc3ba,page_render,6,assets/S5f5486bfc3ba/pages/p006.png,含图表/扫描内容的整页图，供显式打开核验
S5f5486bfc3ba-p008,S5f5486bfc3ba,page_render,8,assets/S5f5486bfc3ba/pages/p008.png,含图表/扫描内容的整页图，供显式打开核验
S5f5486bfc3ba-p009,S5f5486bfc3ba,page_render,9,assets/S5f5486bfc3ba/pages/p009.png,含图表/扫描内容的整页图，供显式打开核验
S5f5486bfc3ba-img-000,S5f5486bfc3ba,embedded_image,,assets/S5f5486bfc3ba/embedded/img-000.png,PDF 内嵌位图（矢量线条/组合图形不在此列，须看整页图）
S5f5486bfc3ba-img-001,S5f5486bfc3ba,embedded_image,,assets/S5f5486bfc3ba/embedded/img-001.png,PDF 内嵌位图（矢量线条/组合图形不在此列，须看整页图）
S5f5486bfc3ba-img-002,S5f5486bfc3ba,embedded_image,,assets/S5f5486bfc3ba/embedded/img-002.png,PDF 内嵌位图（矢量线条/组合图形不在此列，须看整页图）
S5f5486bfc3ba-img-003,S5f5486bfc3ba,embedded_image,,assets/S5f5486bfc3ba/embedded/img-003.png,PDF 内嵌位图（矢量线条/组合图形不在此列，须看整页图）
S5f5486bfc3ba-img-004,S5f5486bfc3ba,embedded_image,,assets/S5f5486bfc3ba/embedded/img-004.png,PDF 内嵌位图（矢量线条/组合图形不在此列，须看整页图）
S5f5486bfc3ba-img-005,S5f5486bfc3ba,embedded_image,,assets/S5f5486bfc3ba/embedded/img-005.png,PDF 内嵌位图（矢量线条/组合图形不在此列，须看整页图）
S5f5486bfc3ba-img-006,S5f5486bfc3ba,embedded_image,,assets/S5f5486bfc3ba/embedded/img-006.png,PDF 内嵌位图（矢量线条/组合图形不在此列，须看整页图）
S5f5486bfc3ba-img-007,S5f5486bfc3ba,embedded_image,,assets/S5f5486bfc3ba/embedded/img-007.png,PDF 内嵌位图（矢量线条/组合图形不在此列，须看整页图）
S5f5486bfc3ba-img-008,S5f5486bfc3ba,embedded_image,,assets/S5f5486bfc3ba/embedded/img-008.png,PDF 内嵌位图（矢量线条/组合图形不在此列，须看整页图）
S4800d0b858f0-p002,S4800d0b858f0,page_render,2,assets/S4800d0b858f0/pages/p002.png,含图表/扫描内容的整页图，供显式打开核验
S4800d0b858f0-p003,S4800d0b858f0,page_render,3,assets/S4800d0b858f0/pages/p003.png,含图表/扫描内容的整页图，供显式打开核验
S4800d0b858f0-p004,S4800d0b858f0,page_render,4,assets/S4800d0b858f0/pages/p004.png,含图表/扫描内容的整页图，供显式打开核验
S4800d0b858f0-p005,S4800d0b858f0,page_render,5,assets/S4800d0b858f0/pages/p005.png,含图表/扫描内容的整页图，供显式打开核验
S4800d0b858f0-p006,S4800d0b858f0,page_render,6,assets/S4800d0b858f0/pages/p006.png,含图表/扫描内容的整页图，供显式打开核验
S4800d0b858f0-p007,S4800d0b858f0,page_render,7,assets/S4800d0b858f0/pages/p007.png,含图表/扫描内容的整页图，供显式打开核验
S4800d0b858f0-p008,S4800d0b858f0,page_render,8,assets/S4800d0b858f0/pages/p008.png,含图表/扫描内容的整页图，供显式打开核验
S4800d0b858f0-img-000,S4800d0b858f0,embedded_image,,assets/S4800d0b858f0/embedded/img-000.png,PDF 内嵌位图（矢量线条/组合图形不在此列，须看整页图）
S4800d0b858f0-img-001,S4800d0b858f0,embedded_image,,assets/S4800d0b858f0/embedded/img-001.png,PDF 内嵌位图（矢量线条/组合图形不在此列，须看整页图）
S4800d0b858f0-img-002,S4800d0b858f0,embedded_image,,assets/S4800d0b858f0/embedded/img-002.png,PDF 内嵌位图（矢量线条/组合图形不在此列，须看整页图）
S4800d0b858f0-img-003,S4800d0b858f0,embedded_image,,assets/S4800d0b858f0/embedded/img-003.png,PDF 内嵌位图（矢量线条/组合图形不在此列，须看整页图）
S4800d0b858f0-img-004,S4800d0b858f0,embedded_image,,assets/S4800d0b858f0/embedded/img-004.png,PDF 内嵌位图（矢量线条/组合图形不在此列，须看整页图）
S4800d0b858f0-img-005,S4800d0b858f0,embedded_image,,assets/S4800d0b858f0/embedded/img-005.png,PDF 内嵌位图（矢量线条/组合图形不在此列，须看整页图）
S57ddd500c48e-p001,S57ddd500c48e,page_render,1,assets/S57ddd500c48e/pages/p001.png,含图表/扫描内容的整页图，供显式打开核验
S57ddd500c48e-p002,S57ddd500c48e,page_render,2,assets/S57ddd500c48e/pages/p002.png,含图表/扫描内容的整页图，供显式打开核验
S57ddd500c48e-p003,S57ddd500c48e,page_render,3,assets/S57ddd500c48e/pages/p003.png,含图表/扫描内容的整页图，供显式打开核验
S57ddd500c48e-p004,S57ddd500c48e,page_render,4,assets/S57ddd500c48e/pages/p004.png,含图表/扫描内容的整页图，供显式打开核验
S57ddd500c48e-p005,S57ddd500c48e,page_render,5,assets/S57ddd500c48e/pages/p005.png,含图表/扫描内容的整页图，供显式打开核验
S57ddd500c48e-p006,S57ddd500c48e,page_render,6,assets/S57ddd500c48e/pages/p006.png,含图表/扫描内容的整页图，供显式打开核验
S57ddd500c48e-p007,S57ddd500c48e,page_render,7,assets/S57ddd500c48e/pages/p007.png,含图表/扫描内容的整页图，供显式打开核验
S57ddd500c48e-p008,S57ddd500c48e,page_render,8,assets/S57ddd500c48e/pages/p008.png,含图表/扫描内容的整页图，供显式打开核验
S57ddd500c48e-img-000,S57ddd500c48e,embedded_image,,assets/S57ddd500c48e/embedded/img-000.png,PDF 内嵌位图（矢量线条/组合图形不在此列，须看整页图）
S57ddd500c48e-img-001,S57ddd500c48e,embedded_image,,assets/S57ddd500c48e/embedded/img-001.png,PDF 内嵌位图（矢量线条/组合图形不在此列，须看整页图）
S9a3f865ff2f0-p001,S9a3f865ff2f0,page_render,1,assets/S9a3f865ff2f0/pages/p001.png,含图表/扫描内容的整页图，供显式打开核验
S9a3f865ff2f0-p002,S9a3f865ff2f0,page_render,2,assets/S9a3f865ff2f0/pages/p002.png,含图表/扫描内容的整页图，供显式打开核验
S9a3f865ff2f0-p003,S9a3f865ff2f0,page_render,3,assets/S9a3f865ff2f0/pages/p003.png,含图表/扫描内容的整页图，供显式打开核验
S9a3f865ff2f0-p004,S9a3f865ff2f0,page_render,4,assets/S9a3f865ff2f0/pages/p004.png,含图表/扫描内容的整页图，供显式打开核验
S9a3f865ff2f0-p005,S9a3f865ff2f0,page_render,5,assets/S9a3f865ff2f0/pages/p005.png,含图表/扫描内容的整页图，供显式打开核验
S9a3f865ff2f0-p006,S9a3f865ff2f0,page_render,6,assets/S9a3f865ff2f0/pages/p006.png,含图表/扫描内容的整页图，供显式打开核验
S9a3f865ff2f0-p007,S9a3f865ff2f0,page_render,7,assets/S9a3f865ff2f0/pages/p007.png,含图表/扫描内容的整页图，供显式打开核验
S9a3f865ff2f0-p008,S9a3f865ff2f0,page_render,8,assets/S9a3f865ff2f0/pages/p008.png,含图表/扫描内容的整页图，供显式打开核验
S9a3f865ff2f0-p009,S9a3f865ff2f0,page_render,9,assets/S9a3f865ff2f0/pages/p009.png,含图表/扫描内容的整页图，供显式打开核验
S9a3f865ff2f0-p010,S9a3f865ff2f0,page_render,10,assets/S9a3f865ff2f0/pages/p010.png,含图表/扫描内容的整页图，供显式打开核验
S9a3f865ff2f0-p011,S9a3f865ff2f0,page_render,11,assets/S9a3f865ff2f0/pages/p011.png,含图表/扫描内容的整页图，供显式打开核验
S9a3f865ff2f0-p012,S9a3f865ff2f0,page_render,12,assets/S9a3f865ff2f0/pages/p012.png,含图表/扫描内容的整页图，供显式打开核验
S9a3f865ff2f0-p013,S9a3f865ff2f0,page_render,13,assets/S9a3f865ff2f0/pages/p013.png,含图表/扫描内容的整页图，供显式打开核验
S9a3f865ff2f0-p014,S9a3f865ff2f0,page_render,14,assets/S9a3f865ff2f0/pages/p014.png,含图表/扫描内容的整页图，供显式打开核验
S9a3f865ff2f0-p015,S9a3f865ff2f0,page_render,15,assets/S9a3f865ff2f0/pages/p015.png,含图表/扫描内容的整页图，供显式打开核验
S9a3f865ff2f0-p016,S9a3f865ff2f0,page_render,16,assets/S9a3f865ff2f0/pages/p016.png,含图表/扫描内容的整页图，供显式打开核验
S9a3f865ff2f0-p017,S9a3f865ff2f0,page_render,17,assets/S9a3f865ff2f0/pages/p017.png,含图表/扫描内容的整页图，供显式打开核验
S9a3f865ff2f0-p018,S9a3f865ff2f0,page_render,18,assets/S9a3f865ff2f0/pages/p018.png,含图表/扫描内容的整页图，供显式打开核验
S9a3f865ff2f0-p019,S9a3f865ff2f0,page_render,19,assets/S9a3f865ff2f0/pages/p019.png,含图表/扫描内容的整页图，供显式打开核验
S9a3f865ff2f0-img-000,S9a3f865ff2f0,embedded_image,,assets/S9a3f865ff2f0/embedded/img-000.png,PDF 内嵌位图（矢量线条/组合图形不在此列，须看整页图）
S9a3f865ff2f0-img-001,S9a3f865ff2f0,embedded_image,,assets/S9a3f865ff2f0/embedded/img-001.png,PDF 内嵌位图（矢量线条/组合图形不在此列，须看整页图）
S9a3f865ff2f0-img-002,S9a3f865ff2f0,embedded_image,,assets/S9a3f865ff2f0/embedded/img-002.png,PDF 内嵌位图（矢量线条/组合图形不在此列，须看整页图）
S9a3f865ff2f0-img-003,S9a3f865ff2f0,embedded_image,,assets/S9a3f865ff2f0/embedded/img-003.png,PDF 内嵌位图（矢量线条/组合图形不在此列，须看整页图）
S9a3f865ff2f0-img-004,S9a3f865ff2f0,embedded_image,,assets/S9a3f865ff2f0/embedded/img-004.png,PDF 内嵌位图（矢量线条/组合图形不在此列，须看整页图）
S9a3f865ff2f0-img-005,S9a3f865ff2f0,embedded_image,,assets/S9a3f865ff2f0/embedded/img-005.png,PDF 内嵌位图（矢量线条/组合图形不在此列，须看整页图）
S9a3f865ff2f0-img-006,S9a3f865ff2f0,embedded_image,,assets/S9a3f865ff2f0/embedded/img-006.png,PDF 内嵌位图（矢量线条/组合图形不在此列，须看整页图）
S9a3f865ff2f0-img-007,S9a3f865ff2f0,embedded_image,,assets/S9a3f865ff2f0/embedded/img-007.png,PDF 内嵌位图（矢量线条/组合图形不在此列，须看整页图）
S9a3f865ff2f0-img-008,S9a3f865ff2f0,embedded_image,,assets/S9a3f865ff2f0/embedded/img-008.png,PDF 内嵌位图（矢量线条/组合图形不在此列，须看整页图）
S9a3f865ff2f0-img-009,S9a3f865ff2f0,embedded_image,,assets/S9a3f865ff2f0/embedded/img-009.png,PDF 内嵌位图（矢量线条/组合图形不在此列，须看整页图）
S9a3f865ff2f0-img-010,S9a3f865ff2f0,embedded_image,,assets/S9a3f865ff2f0/embedded/img-010.png,PDF 内嵌位图（矢量线条/组合图形不在此列，须看整页图）
S9a3f865ff2f0-img-011,S9a3f865ff2f0,embedded_image,,assets/S9a3f865ff2f0/embedded/img-011.png,PDF 内嵌位图（矢量线条/组合图形不在此列，须看整页图）
S9a3f865ff2f0-img-012,S9a3f865ff2f0,embedded_image,,assets/S9a3f865ff2f0/embedded/img-012.png,PDF 内嵌位图（矢量线条/组合图形不在此列，须看整页图）
S9a3f865ff2f0-img-013,S9a3f865ff2f0,embedded_image,,assets/S9a3f865ff2f0/embedded/img-013.png,PDF 内嵌位图（矢量线条/组合图形不在此列，须看整页图）
S9a3f865ff2f0-img-014,S9a3f865ff2f0,embedded_image,,assets/S9a3f865ff2f0/embedded/img-014.png,PDF 内嵌位图（矢量线条/组合图形不在此列，须看整页图）
S9a3f865ff2f0-img-015,S9a3f865ff2f0,embedded_image,,assets/S9a3f865ff2f0/embedded/img-015.png,PDF 内嵌位图（矢量线条/组合图形不在此列，须看整页图）
S9a3f865ff2f0-img-016,S9a3f865ff2f0,embedded_image,,assets/S9a3f865ff2f0/embedded/img-016.png,PDF 内嵌位图（矢量线条/组合图形不在此列，须看整页图）
S9a3f865ff2f0-img-017,S9a3f865ff2f0,embedded_image,,assets/S9a3f865ff2f0/embedded/img-017.png,PDF 内嵌位图（矢量线条/组合图形不在此列，须看整页图）
S9a3f865ff2f0-img-018,S9a3f865ff2f0,embedded_image,,assets/S9a3f865ff2f0/embedded/img-018.png,PDF 内嵌位图（矢量线条/组合图形不在此列，须看整页图）
S9a3f865ff2f0-img-019,S9a3f865ff2f0,embedded_image,,assets/S9a3f865ff2f0/embedded/img-019.png,PDF 内嵌位图（矢量线条/组合图形不在此列，须看整页图）
S9a3f865ff2f0-img-020,S9a3f865ff2f0,embedded_image,,assets/S9a3f865ff2f0/embedded/img-020.png,PDF 内嵌位图（矢量线条/组合图形不在此列，须看整页图）
S9a3f865ff2f0-img-021,S9a3f865ff2f0,embedded_image,,assets/S9a3f865ff2f0/embedded/img-021.png,PDF 内嵌位图（矢量线条/组合图形不在此列，须看整页图）
S9a3f865ff2f0-img-022,S9a3f865ff2f0,embedded_image,,assets/S9a3f865ff2f0/embedded/img-022.png,PDF 内嵌位图（矢量线条/组合图形不在此列，须看整页图）
S9a3f865ff2f0-img-023,S9a3f865ff2f0,embedded_image,,assets/S9a3f865ff2f0/embedded/img-023.png,PDF 内嵌位图（矢量线条/组合图形不在此列，须看整页图）
S9a3f865ff2f0-img-024,S9a3f865ff2f0,embedded_image,,assets/S9a3f865ff2f0/embedded/img-024.png,PDF 内嵌位图（矢量线条/组合图形不在此列，须看整页图）
S9a3f865ff2f0-img-025,S9a3f865ff2f0,embedded_image,,assets/S9a3f865ff2f0/embedded/img-025.png,PDF 内嵌位图（矢量线条/组合图形不在此列，须看整页图）
S5355283f436e-p001,S5355283f436e,page_render,1,assets/S5355283f436e/pages/p001.png,含图表/扫描内容的整页图，供显式打开核验
S5355283f436e-p005,S5355283f436e,page_render,5,assets/S5355283f436e/pages/p005.png,含图表/扫描内容的整页图，供显式打开核验
S5355283f436e-p007,S5355283f436e,page_render,7,assets/S5355283f436e/pages/p007.png,含图表/扫描内容的整页图，供显式打开核验
S5355283f436e-img-000,S5355283f436e,embedded_image,,assets/S5355283f436e/embedded/img-000.png,PDF 内嵌位图（矢量线条/组合图形不在此列，须看整页图）
S0699487fb810-p004,S0699487fb810,page_render,4,assets/S0699487fb810/pages/p004.png,含图表/扫描内容的整页图，供显式打开核验
S0699487fb810-p005,S0699487fb810,page_render,5,assets/S0699487fb810/pages/p005.png,含图表/扫描内容的整页图，供显式打开核验
S0699487fb810-p006,S0699487fb810,page_render,6,assets/S0699487fb810/pages/p006.png,含图表/扫描内容的整页图，供显式打开核验
S0699487fb810-p007,S0699487fb810,page_render,7,assets/S0699487fb810/pages/p007.png,含图表/扫描内容的整页图，供显式打开核验
S0699487fb810-p008,S0699487fb810,page_render,8,assets/S0699487fb810/pages/p008.png,含图表/扫描内容的整页图，供显式打开核验
S0699487fb810-p009,S0699487fb810,page_render,9,assets/S0699487fb810/pages/p009.png,含图表/扫描内容的整页图，供显式打开核验
S0699487fb810-p010,S0699487fb810,page_render,10,assets/S0699487fb810/pages/p010.png,含图表/扫描内容的整页图，供显式打开核验
S0699487fb810-img-000,S0699487fb810,embedded_image,,assets/S0699487fb810/embedded/img-000.png,PDF 内嵌位图（矢量线条/组合图形不在此列，须看整页图）
S0699487fb810-img-001,S0699487fb810,embedded_image,,assets/S0699487fb810/embedded/img-001.png,PDF 内嵌位图（矢量线条/组合图形不在此列，须看整页图）
S0699487fb810-img-002,S0699487fb810,embedded_image,,assets/S0699487fb810/embedded/img-002.png,PDF 内嵌位图（矢量线条/组合图形不在此列，须看整页图）
S0699487fb810-img-003,S0699487fb810,embedded_image,,assets/S0699487fb810/embedded/img-003.png,PDF 内嵌位图（矢量线条/组合图形不在此列，须看整页图）
S0699487fb810-img-004,S0699487fb810,embedded_image,,assets/S0699487fb810/embedded/img-004.png,PDF 内嵌位图（矢量线条/组合图形不在此列，须看整页图）
S0699487fb810-img-005,S0699487fb810,embedded_image,,assets/S0699487fb810/embedded/img-005.png,PDF 内嵌位图（矢量线条/组合图形不在此列，须看整页图）
S0699487fb810-img-006,S0699487fb810,embedded_image,,assets/S0699487fb810/embedded/img-006.png,PDF 内嵌位图（矢量线条/组合图形不在此列，须看整页图）
S0699487fb810-img-007,S0699487fb810,embedded_image,,assets/S0699487fb810/embedded/img-007.png,PDF 内嵌位图（矢量线条/组合图形不在此列，须看整页图）
S0699487fb810-img-008,S0699487fb810,embedded_image,,assets/S0699487fb810/embedded/img-008.png,PDF 内嵌位图（矢量线条/组合图形不在此列，须看整页图）
S46c444a91d49-p001,S46c444a91d49,page_render,1,assets/S46c444a91d49/pages/p001.png,含图表/扫描内容的整页图，供显式打开核验
S46c444a91d49-p002,S46c444a91d49,page_render,2,assets/S46c444a91d49/pages/p002.png,含图表/扫描内容的整页图，供显式打开核验
S46c444a91d49-p003,S46c444a91d49,page_render,3,assets/S46c444a91d49/pages/p003.png,含图表/扫描内容的整页图，供显式打开核验
S46c444a91d49-p004,S46c444a91d49,page_render,4,assets/S46c444a91d49/pages/p004.png,含图表/扫描内容的整页图，供显式打开核验
S46c444a91d49-p005,S46c444a91d49,page_render,5,assets/S46c444a91d49/pages/p005.png,含图表/扫描内容的整页图，供显式打开核验
S46c444a91d49-p006,S46c444a91d49,page_render,6,assets/S46c444a91d49/pages/p006.png,含图表/扫描内容的整页图，供显式打开核验
S46c444a91d49-p007,S46c444a91d49,page_render,7,assets/S46c444a91d49/pages/p007.png,含图表/扫描内容的整页图，供显式打开核验
S46c444a91d49-p008,S46c444a91d49,page_render,8,assets/S46c444a91d49/pages/p008.png,含图表/扫描内容的整页图，供显式打开核验
S46c444a91d49-p009,S46c444a91d49,page_render,9,assets/S46c444a91d49/pages/p009.png,含图表/扫描内容的整页图，供显式打开核验
S46c444a91d49-img-000,S46c444a91d49,embedded_image,,assets/S46c444a91d49/embedded/img-000.png,PDF 内嵌位图（矢量线条/组合图形不在此列，须看整页图）
S46c444a91d49-img-001,S46c444a91d49,embedded_image,,assets/S46c444a91d49/embedded/img-001.png,PDF 内嵌位图（矢量线条/组合图形不在此列，须看整页图）
Se8823e6dc1a7-p001,Se8823e6dc1a7,page_render,1,assets/Se8823e6dc1a7/pages/p001.png,含图表/扫描内容的整页图，供显式打开核验
Se8823e6dc1a7-p002,Se8823e6dc1a7,page_render,2,assets/Se8823e6dc1a7/pages/p002.png,含图表/扫描内容的整页图，供显式打开核验
Se8823e6dc1a7-p003,Se8823e6dc1a7,page_render,3,assets/Se8823e6dc1a7/pages/p003.png,含图表/扫描内容的整页图，供显式打开核验
Se8823e6dc1a7-p004,Se8823e6dc1a7,page_render,4,assets/Se8823e6dc1a7/pages/p004.png,含图表/扫描内容的整页图，供显式打开核验
Se8823e6dc1a7-p005,Se8823e6dc1a7,page_render,5,assets/Se8823e6dc1a7/pages/p005.png,含图表/扫描内容的整页图，供显式打开核验
Se8823e6dc1a7-p006,Se8823e6dc1a7,page_render,6,assets/Se8823e6dc1a7/pages/p006.png,含图表/扫描内容的整页图，供显式打开核验
Se8823e6dc1a7-p007,Se8823e6dc1a7,page_render,7,assets/Se8823e6dc1a7/pages/p007.png,含图表/扫描内容的整页图，供显式打开核验
Se8823e6dc1a7-p009,Se8823e6dc1a7,page_render,9,assets/Se8823e6dc1a7/pages/p009.png,含图表/扫描内容的整页图，供显式打开核验
Se8823e6dc1a7-p010,Se8823e6dc1a7,page_render,10,assets/Se8823e6dc1a7/pages/p010.png,含图表/扫描内容的整页图，供显式打开核验
Se8823e6dc1a7-p011,Se8823e6dc1a7,page_render,11,assets/Se8823e6dc1a7/pages/p011.png,含图表/扫描内容的整页图，供显式打开核验
Se8823e6dc1a7-img-000,Se8823e6dc1a7,embedded_image,,assets/Se8823e6dc1a7/embedded/img-000.png,PDF 内嵌位图（矢量线条/组合图形不在此列，须看整页图）
Se8823e6dc1a7-img-001,Se8823e6dc1a7,embedded_image,,assets/Se8823e6dc1a7/embedded/img-001.png,PDF 内嵌位图（矢量线条/组合图形不在此列，须看整页图）
Se8823e6dc1a7-img-002,Se8823e6dc1a7,embedded_image,,assets/Se8823e6dc1a7/embedded/img-002.png,PDF 内嵌位图（矢量线条/组合图形不在此列，须看整页图）
Se8823e6dc1a7-img-003,Se8823e6dc1a7,embedded_image,,assets/Se8823e6dc1a7/embedded/img-003.png,PDF 内嵌位图（矢量线条/组合图形不在此列，须看整页图）
Se8823e6dc1a7-img-004,Se8823e6dc1a7,embedded_image,,assets/Se8823e6dc1a7/embedded/img-004.png,PDF 内嵌位图（矢量线条/组合图形不在此列，须看整页图）
Se8823e6dc1a7-img-005,Se8823e6dc1a7,embedded_image,,assets/Se8823e6dc1a7/embedded/img-005.png,PDF 内嵌位图（矢量线条/组合图形不在此列，须看整页图）
Se8823e6dc1a7-img-006,Se8823e6dc1a7,embedded_image,,assets/Se8823e6dc1a7/embedded/img-006.png,PDF 内嵌位图（矢量线条/组合图形不在此列，须看整页图）
Se8823e6dc1a7-img-007,Se8823e6dc1a7,embedded_image,,assets/Se8823e6dc1a7/embedded/img-007.png,PDF 内嵌位图（矢量线条/组合图形不在此列，须看整页图）
Se8823e6dc1a7-img-008,Se8823e6dc1a7,embedded_image,,assets/Se8823e6dc1a7/embedded/img-008.png,PDF 内嵌位图（矢量线条/组合图形不在此列，须看整页图）
Se8823e6dc1a7-img-009,Se8823e6dc1a7,embedded_image,,assets/Se8823e6dc1a7/embedded/img-009.png,PDF 内嵌位图（矢量线条/组合图形不在此列，须看整页图）
Se8823e6dc1a7-img-010,Se8823e6dc1a7,embedded_image,,assets/Se8823e6dc1a7/embedded/img-010.png,PDF 内嵌位图（矢量线条/组合图形不在此列，须看整页图）
Se8823e6dc1a7-img-011,Se8823e6dc1a7,embedded_image,,assets/Se8823e6dc1a7/embedded/img-011.png,PDF 内嵌位图（矢量线条/组合图形不在此列，须看整页图）
Se8823e6dc1a7-img-012,Se8823e6dc1a7,embedded_image,,assets/Se8823e6dc1a7/embedded/img-012.png,PDF 内嵌位图（矢量线条/组合图形不在此列，须看整页图）
Se8823e6dc1a7-img-013,Se8823e6dc1a7,embedded_image,,assets/Se8823e6dc1a7/embedded/img-013.png,PDF 内嵌位图（矢量线条/组合图形不在此列，须看整页图）
Se8823e6dc1a7-img-014,Se8823e6dc1a7,embedded_image,,assets/Se8823e6dc1a7/embedded/img-014.png,PDF 内嵌位图（矢量线条/组合图形不在此列，须看整页图）
Se8823e6dc1a7-img-015,Se8823e6dc1a7,embedded_image,,assets/Se8823e6dc1a7/embedded/img-015.png,PDF 内嵌位图（矢量线条/组合图形不在此列，须看整页图）
S94785525e645-p001,S94785525e645,page_render,1,assets/S94785525e645/pages/p001.png,含图表/扫描内容的整页图，供显式打开核验
S94785525e645-p002,S94785525e645,page_render,2,assets/S94785525e645/pages/p002.png,含图表/扫描内容的整页图，供显式打开核验
S94785525e645-p003,S94785525e645,page_render,3,assets/S94785525e645/pages/p003.png,含图表/扫描内容的整页图，供显式打开核验
S94785525e645-p004,S94785525e645,page_render,4,assets/S94785525e645/pages/p004.png,含图表/扫描内容的整页图，供显式打开核验
S94785525e645-p005,S94785525e645,page_render,5,assets/S94785525e645/pages/p005.png,含图表/扫描内容的整页图，供显式打开核验
S94785525e645-p006,S94785525e645,page_render,6,assets/S94785525e645/pages/p006.png,含图表/扫描内容的整页图，供显式打开核验
S94785525e645-p009,S94785525e645,page_render,9,assets/S94785525e645/pages/p009.png,含图表/扫描内容的整页图，供显式打开核验
S94785525e645-img-000,S94785525e645,embedded_image,,assets/S94785525e645/embedded/img-000.png,PDF 内嵌位图（矢量线条/组合图形不在此列，须看整页图）
S94785525e645-img-001,S94785525e645,embedded_image,,assets/S94785525e645/embedded/img-001.png,PDF 内嵌位图（矢量线条/组合图形不在此列，须看整页图）
S94785525e645-img-002,S94785525e645,embedded_image,,assets/S94785525e645/embedded/img-002.png,PDF 内嵌位图（矢量线条/组合图形不在此列，须看整页图）
S94785525e645-img-003,S94785525e645,embedded_image,,assets/S94785525e645/embedded/img-003.png,PDF 内嵌位图（矢量线条/组合图形不在此列，须看整页图）
S94785525e645-img-004,S94785525e645,embedded_image,,assets/S94785525e645/embedded/img-004.png,PDF 内嵌位图（矢量线条/组合图形不在此列，须看整页图）
S94785525e645-img-005,S94785525e645,embedded_image,,assets/S94785525e645/embedded/img-005.png,PDF 内嵌位图（矢量线条/组合图形不在此列，须看整页图）
S17cdecfbd774-p001,S17cdecfbd774,page_render,1,assets/S17cdecfbd774/pages/p001.png,含图表/扫描内容的整页图，供显式打开核验
S17cdecfbd774-p003,S17cdecfbd774,page_render,3,assets/S17cdecfbd774/pages/p003.png,含图表/扫描内容的整页图，供显式打开核验
S17cdecfbd774-p004,S17cdecfbd774,page_render,4,assets/S17cdecfbd774/pages/p004.png,含图表/扫描内容的整页图，供显式打开核验
S3227fd51f202-p003,S3227fd51f202,page_render,3,assets/S3227fd51f202/pages/p003.png,含图表/扫描内容的整页图，供显式打开核验
S3227fd51f202-p004,S3227fd51f202,page_render,4,assets/S3227fd51f202/pages/p004.png,含图表/扫描内容的整页图，供显式打开核验
S3227fd51f202-p006,S3227fd51f202,page_render,6,assets/S3227fd51f202/pages/p006.png,含图表/扫描内容的整页图，供显式打开核验
S3227fd51f202-img-000,S3227fd51f202,embedded_image,,assets/S3227fd51f202/embedded/img-000.png,PDF 内嵌位图（矢量线条/组合图形不在此列，须看整页图）
Sf5f683a90050-p001,Sf5f683a90050,page_render,1,assets/Sf5f683a90050/pages/p001.png,含图表/扫描内容的整页图，供显式打开核验
Sf5f683a90050-p002,Sf5f683a90050,page_render,2,assets/Sf5f683a90050/pages/p002.png,含图表/扫描内容的整页图，供显式打开核验
Sf5f683a90050-p003,Sf5f683a90050,page_render,3,assets/Sf5f683a90050/pages/p003.png,含图表/扫描内容的整页图，供显式打开核验
Sf5f683a90050-img-000,Sf5f683a90050,embedded_image,,assets/Sf5f683a90050/embedded/img-000.png,PDF 内嵌位图（矢量线条/组合图形不在此列，须看整页图）
Sf5f683a90050-img-001,Sf5f683a90050,embedded_image,,assets/Sf5f683a90050/embedded/img-001.png,PDF 内嵌位图（矢量线条/组合图形不在此列，须看整页图）
Sf5f683a90050-img-002,Sf5f683a90050,embedded_image,,assets/Sf5f683a90050/embedded/img-002.png,PDF 内嵌位图（矢量线条/组合图形不在此列，须看整页图）
Sf5f683a90050-img-003,Sf5f683a90050,embedded_image,,assets/Sf5f683a90050/embedded/img-003.png,PDF 内嵌位图（矢量线条/组合图形不在此列，须看整页图）
Sf5f683a90050-img-004,Sf5f683a90050,embedded_image,,assets/Sf5f683a90050/embedded/img-004.png,PDF 内嵌位图（矢量线条/组合图形不在此列，须看整页图）
Sf5f683a90050-img-005,Sf5f683a90050,embedded_image,,assets/Sf5f683a90050/embedded/img-005.png,PDF 内嵌位图（矢量线条/组合图形不在此列，须看整页图）
Se051761a7fc6-p002,Se051761a7fc6,page_render,2,assets/Se051761a7fc6/pages/p002.png,含图表/扫描内容的整页图，供显式打开核验
Se051761a7fc6-p004,Se051761a7fc6,page_render,4,assets/Se051761a7fc6/pages/p004.png,含图表/扫描内容的整页图，供显式打开核验
Se051761a7fc6-p005,Se051761a7fc6,page_render,5,assets/Se051761a7fc6/pages/p005.png,含图表/扫描内容的整页图，供显式打开核验
Se051761a7fc6-p006,Se051761a7fc6,page_render,6,assets/Se051761a7fc6/pages/p006.png,含图表/扫描内容的整页图，供显式打开核验
Se051761a7fc6-p007,Se051761a7fc6,page_render,7,assets/Se051761a7fc6/pages/p007.png,含图表/扫描内容的整页图，供显式打开核验
Se051761a7fc6-p008,Se051761a7fc6,page_render,8,assets/Se051761a7fc6/pages/p008.png,含图表/扫描内容的整页图，供显式打开核验
Se051761a7fc6-p009,Se051761a7fc6,page_render,9,assets/Se051761a7fc6/pages/p009.png,含图表/扫描内容的整页图，供显式打开核验
Se051761a7fc6-p010,Se051761a7fc6,page_render,10,assets/Se051761a7fc6/pages/p010.png,含图表/扫描内容的整页图，供显式打开核验
Sbe30611f2f07-p001,Sbe30611f2f07,page_render,1,assets/Sbe30611f2f07/pages/p001.png,含图表/扫描内容的整页图，供显式打开核验
Sbe30611f2f07-p002,Sbe30611f2f07,page_render,2,assets/Sbe30611f2f07/pages/p002.png,含图表/扫描内容的整页图，供显式打开核验
Sbe30611f2f07-p004,Sbe30611f2f07,page_render,4,assets/Sbe30611f2f07/pages/p004.png,含图表/扫描内容的整页图，供显式打开核验
Sbe30611f2f07-p005,Sbe30611f2f07,page_render,5,assets/Sbe30611f2f07/pages/p005.png,含图表/扫描内容的整页图，供显式打开核验
Sbe30611f2f07-p006,Sbe30611f2f07,page_render,6,assets/Sbe30611f2f07/pages/p006.png,含图表/扫描内容的整页图，供显式打开核验
Sbe30611f2f07-p007,Sbe30611f2f07,page_render,7,assets/Sbe30611f2f07/pages/p007.png,含图表/扫描内容的整页图，供显式打开核验
Sbe30611f2f07-p008,Sbe30611f2f07,page_render,8,assets/Sbe30611f2f07/pages/p008.png,含图表/扫描内容的整页图，供显式打开核验
Sbe30611f2f07-p009,Sbe30611f2f07,page_render,9,assets/Sbe30611f2f07/pages/p009.png,含图表/扫描内容的整页图，供显式打开核验
Sbe30611f2f07-p010,Sbe30611f2f07,page_render,10,assets/Sbe30611f2f07/pages/p010.png,含图表/扫描内容的整页图，供显式打开核验
Sbe30611f2f07-img-000,Sbe30611f2f07,embedded_image,,assets/Sbe30611f2f07/embedded/img-000.png,PDF 内嵌位图（矢量线条/组合图形不在此列，须看整页图）
Sbe30611f2f07-img-001,Sbe30611f2f07,embedded_image,,assets/Sbe30611f2f07/embedded/img-001.png,PDF 内嵌位图（矢量线条/组合图形不在此列，须看整页图）
Sbe30611f2f07-img-002,Sbe30611f2f07,embedded_image,,assets/Sbe30611f2f07/embedded/img-002.png,PDF 内嵌位图（矢量线条/组合图形不在此列，须看整页图）
Sbe30611f2f07-img-003,Sbe30611f2f07,embedded_image,,assets/Sbe30611f2f07/embedded/img-003.png,PDF 内嵌位图（矢量线条/组合图形不在此列，须看整页图）
Sbe30611f2f07-img-004,Sbe30611f2f07,embedded_image,,assets/Sbe30611f2f07/embedded/img-004.png,PDF 内嵌位图（矢量线条/组合图形不在此列，须看整页图）
Sbe30611f2f07-img-005,Sbe30611f2f07,embedded_image,,assets/Sbe30611f2f07/embedded/img-005.png,PDF 内嵌位图（矢量线条/组合图形不在此列，须看整页图）
Sbe30611f2f07-img-006,Sbe30611f2f07,embedded_image,,assets/Sbe30611f2f07/embedded/img-006.png,PDF 内嵌位图（矢量线条/组合图形不在此列，须看整页图）
Sbe30611f2f07-img-007,Sbe30611f2f07,embedded_image,,assets/Sbe30611f2f07/embedded/img-007.png,PDF 内嵌位图（矢量线条/组合图形不在此列，须看整页图）
Sbe30611f2f07-img-008,Sbe30611f2f07,embedded_image,,assets/Sbe30611f2f07/embedded/img-008.png,PDF 内嵌位图（矢量线条/组合图形不在此列，须看整页图）
Sbe30611f2f07-img-009,Sbe30611f2f07,embedded_image,,assets/Sbe30611f2f07/embedded/img-009.png,PDF 内嵌位图（矢量线条/组合图形不在此列，须看整页图）
Sbe30611f2f07-img-010,Sbe30611f2f07,embedded_image,,assets/Sbe30611f2f07/embedded/img-010.png,PDF 内嵌位图（矢量线条/组合图形不在此列，须看整页图）
Sbe30611f2f07-img-011,Sbe30611f2f07,embedded_image,,assets/Sbe30611f2f07/embedded/img-011.png,PDF 内嵌位图（矢量线条/组合图形不在此列，须看整页图）
Sbe30611f2f07-img-012,Sbe30611f2f07,embedded_image,,assets/Sbe30611f2f07/embedded/img-012.png,PDF 内嵌位图（矢量线条/组合图形不在此列，须看整页图）
Sbe30611f2f07-img-013,Sbe30611f2f07,embedded_image,,assets/Sbe30611f2f07/embedded/img-013.png,PDF 内嵌位图（矢量线条/组合图形不在此列，须看整页图）
Sbe30611f2f07-img-014,Sbe30611f2f07,embedded_image,,assets/Sbe30611f2f07/embedded/img-014.png,PDF 内嵌位图（矢量线条/组合图形不在此列，须看整页图）
Sbe30611f2f07-img-015,Sbe30611f2f07,embedded_image,,assets/Sbe30611f2f07/embedded/img-015.png,PDF 内嵌位图（矢量线条/组合图形不在此列，须看整页图）
Sbe30611f2f07-img-016,Sbe30611f2f07,embedded_image,,assets/Sbe30611f2f07/embedded/img-016.png,PDF 内嵌位图（矢量线条/组合图形不在此列，须看整页图）
Sbe30611f2f07-img-017,Sbe30611f2f07,embedded_image,,assets/Sbe30611f2f07/embedded/img-017.png,PDF 内嵌位图（矢量线条/组合图形不在此列，须看整页图）
S7ebce670784d-p004,S7ebce670784d,page_render,4,assets/S7ebce670784d/pages/p004.png,含图表/扫描内容的整页图，供显式打开核验
S7ebce670784d-p005,S7ebce670784d,page_render,5,assets/S7ebce670784d/pages/p005.png,含图表/扫描内容的整页图，供显式打开核验
S7ebce670784d-p006,S7ebce670784d,page_render,6,assets/S7ebce670784d/pages/p006.png,含图表/扫描内容的整页图，供显式打开核验
S7ebce670784d-p007,S7ebce670784d,page_render,7,assets/S7ebce670784d/pages/p007.png,含图表/扫描内容的整页图，供显式打开核验
S7ebce670784d-p008,S7ebce670784d,page_render,8,assets/S7ebce670784d/pages/p008.png,含图表/扫描内容的整页图，供显式打开核验
S7ebce670784d-p009,S7ebce670784d,page_render,9,assets/S7ebce670784d/pages/p009.png,含图表/扫描内容的整页图，供显式打开核验
Sfb8717be46da-p001,Sfb8717be46da,page_render,1,assets/Sfb8717be46da/pages/p001.png,含图表/扫描内容的整页图，供显式打开核验
Sfb8717be46da-p002,Sfb8717be46da,page_render,2,assets/Sfb8717be46da/pages/p002.png,含图表/扫描内容的整页图，供显式打开核验
Sfb8717be46da-p003,Sfb8717be46da,page_render,3,assets/Sfb8717be46da/pages/p003.png,含图表/扫描内容的整页图，供显式打开核验
Sfb8717be46da-p004,Sfb8717be46da,page_render,4,assets/Sfb8717be46da/pages/p004.png,含图表/扫描内容的整页图，供显式打开核验
Sfb8717be46da-p005,Sfb8717be46da,page_render,5,assets/Sfb8717be46da/pages/p005.png,含图表/扫描内容的整页图，供显式打开核验
Sfb8717be46da-p006,Sfb8717be46da,page_render,6,assets/Sfb8717be46da/pages/p006.png,含图表/扫描内容的整页图，供显式打开核验
Sfb8717be46da-p007,Sfb8717be46da,page_render,7,assets/Sfb8717be46da/pages/p007.png,含图表/扫描内容的整页图，供显式打开核验
Sfb8717be46da-p008,Sfb8717be46da,page_render,8,assets/Sfb8717be46da/pages/p008.png,含图表/扫描内容的整页图，供显式打开核验
Sfb8717be46da-p009,Sfb8717be46da,page_render,9,assets/Sfb8717be46da/pages/p009.png,含图表/扫描内容的整页图，供显式打开核验
Sfb8717be46da-p010,Sfb8717be46da,page_render,10,assets/Sfb8717be46da/pages/p010.png,含图表/扫描内容的整页图，供显式打开核验
Sfb8717be46da-p011,Sfb8717be46da,page_render,11,assets/Sfb8717be46da/pages/p011.png,含图表/扫描内容的整页图，供显式打开核验
Sfb8717be46da-img-000,Sfb8717be46da,embedded_image,,assets/Sfb8717be46da/embedded/img-000.png,PDF 内嵌位图（矢量线条/组合图形不在此列，须看整页图）
Sfb8717be46da-img-001,Sfb8717be46da,embedded_image,,assets/Sfb8717be46da/embedded/img-001.png,PDF 内嵌位图（矢量线条/组合图形不在此列，须看整页图）
Sfb8717be46da-img-002,Sfb8717be46da,embedded_image,,assets/Sfb8717be46da/embedded/img-002.png,PDF 内嵌位图（矢量线条/组合图形不在此列，须看整页图）
Sfb8717be46da-img-003,Sfb8717be46da,embedded_image,,assets/Sfb8717be46da/embedded/img-003.png,PDF 内嵌位图（矢量线条/组合图形不在此列，须看整页图）
Sfb8717be46da-img-004,Sfb8717be46da,embedded_image,,assets/Sfb8717be46da/embedded/img-004.png,PDF 内嵌位图（矢量线条/组合图形不在此列，须看整页图）
Sfb8717be46da-img-005,Sfb8717be46da,embedded_image,,assets/Sfb8717be46da/embedded/img-005.png,PDF 内嵌位图（矢量线条/组合图形不在此列，须看整页图）
Sfb8717be46da-img-006,Sfb8717be46da,embedded_image,,assets/Sfb8717be46da/embedded/img-006.png,PDF 内嵌位图（矢量线条/组合图形不在此列，须看整页图）
Sfb8717be46da-img-007,Sfb8717be46da,embedded_image,,assets/Sfb8717be46da/embedded/img-007.png,PDF 内嵌位图（矢量线条/组合图形不在此列，须看整页图）
Sfb8717be46da-img-008,Sfb8717be46da,embedded_image,,assets/Sfb8717be46da/embedded/img-008.png,PDF 内嵌位图（矢量线条/组合图形不在此列，须看整页图）
Sfb8717be46da-img-009,Sfb8717be46da,embedded_image,,assets/Sfb8717be46da/embedded/img-009.png,PDF 内嵌位图（矢量线条/组合图形不在此列，须看整页图）
S2542f29bb04e-p001,S2542f29bb04e,page_render,1,assets/S2542f29bb04e/pages/p001.png,含图表/扫描内容的整页图，供显式打开核验
S2542f29bb04e-p002,S2542f29bb04e,page_render,2,assets/S2542f29bb04e/pages/p002.png,含图表/扫描内容的整页图，供显式打开核验
S2542f29bb04e-p003,S2542f29bb04e,page_render,3,assets/S2542f29bb04e/pages/p003.png,含图表/扫描内容的整页图，供显式打开核验
S2542f29bb04e-p004,S2542f29bb04e,page_render,4,assets/S2542f29bb04e/pages/p004.png,含图表/扫描内容的整页图，供显式打开核验
S2542f29bb04e-p005,S2542f29bb04e,page_render,5,assets/S2542f29bb04e/pages/p005.png,含图表/扫描内容的整页图，供显式打开核验
S2542f29bb04e-p006,S2542f29bb04e,page_render,6,assets/S2542f29bb04e/pages/p006.png,含图表/扫描内容的整页图，供显式打开核验
S2542f29bb04e-p007,S2542f29bb04e,page_render,7,assets/S2542f29bb04e/pages/p007.png,含图表/扫描内容的整页图，供显式打开核验
S2542f29bb04e-p008,S2542f29bb04e,page_render,8,assets/S2542f29bb04e/pages/p008.png,含图表/扫描内容的整页图，供显式打开核验
S2542f29bb04e-p009,S2542f29bb04e,page_render,9,assets/S2542f29bb04e/pages/p009.png,含图表/扫描内容的整页图，供显式打开核验
S2542f29bb04e-p010,S2542f29bb04e,page_render,10,assets/S2542f29bb04e/pages/p010.png,含图表/扫描内容的整页图，供显式打开核验
S2542f29bb04e-img-000,S2542f29bb04e,embedded_image,,assets/S2542f29bb04e/embedded/img-000.png,PDF 内嵌位图（矢量线条/组合图形不在此列，须看整页图）
S2542f29bb04e-img-001,S2542f29bb04e,embedded_image,,assets/S2542f29bb04e/embedded/img-001.png,PDF 内嵌位图（矢量线条/组合图形不在此列，须看整页图）
S2542f29bb04e-img-002,S2542f29bb04e,embedded_image,,assets/S2542f29bb04e/embedded/img-002.png,PDF 内嵌位图（矢量线条/组合图形不在此列，须看整页图）
S2542f29bb04e-img-003,S2542f29bb04e,embedded_image,,assets/S2542f29bb04e/embedded/img-003.png,PDF 内嵌位图（矢量线条/组合图形不在此列，须看整页图）
S2542f29bb04e-img-004,S2542f29bb04e,embedded_image,,assets/S2542f29bb04e/embedded/img-004.png,PDF 内嵌位图（矢量线条/组合图形不在此列，须看整页图）
S2542f29bb04e-img-005,S2542f29bb04e,embedded_image,,assets/S2542f29bb04e/embedded/img-005.png,PDF 内嵌位图（矢量线条/组合图形不在此列，须看整页图）
S2542f29bb04e-img-006,S2542f29bb04e,embedded_image,,assets/S2542f29bb04e/embedded/img-006.png,PDF 内嵌位图（矢量线条/组合图形不在此列，须看整页图）
S1d8a23fe11f5-p001,S1d8a23fe11f5,page_render,1,assets/S1d8a23fe11f5/pages/p001.png,含图表/扫描内容的整页图，供显式打开核验
S1d8a23fe11f5-p002,S1d8a23fe11f5,page_render,2,assets/S1d8a23fe11f5/pages/p002.png,含图表/扫描内容的整页图，供显式打开核验
S1d8a23fe11f5-p004,S1d8a23fe11f5,page_render,4,assets/S1d8a23fe11f5/pages/p004.png,含图表/扫描内容的整页图，供显式打开核验
S1d8a23fe11f5-p005,S1d8a23fe11f5,page_render,5,assets/S1d8a23fe11f5/pages/p005.png,含图表/扫描内容的整页图，供显式打开核验
S1d8a23fe11f5-p006,S1d8a23fe11f5,page_render,6,assets/S1d8a23fe11f5/pages/p006.png,含图表/扫描内容的整页图，供显式打开核验
S1d8a23fe11f5-p007,S1d8a23fe11f5,page_render,7,assets/S1d8a23fe11f5/pages/p007.png,含图表/扫描内容的整页图，供显式打开核验
S1d8a23fe11f5-p008,S1d8a23fe11f5,page_render,8,assets/S1d8a23fe11f5/pages/p008.png,含图表/扫描内容的整页图，供显式打开核验
S1d8a23fe11f5-p009,S1d8a23fe11f5,page_render,9,assets/S1d8a23fe11f5/pages/p009.png,含图表/扫描内容的整页图，供显式打开核验
S1d8a23fe11f5-p010,S1d8a23fe11f5,page_render,10,assets/S1d8a23fe11f5/pages/p010.png,含图表/扫描内容的整页图，供显式打开核验
S1d8a23fe11f5-img-000,S1d8a23fe11f5,embedded_image,,assets/S1d8a23fe11f5/embedded/img-000.png,PDF 内嵌位图（矢量线条/组合图形不在此列，须看整页图）
S1d8a23fe11f5-img-001,S1d8a23fe11f5,embedded_image,,assets/S1d8a23fe11f5/embedded/img-001.png,PDF 内嵌位图（矢量线条/组合图形不在此列，须看整页图）
S1d8a23fe11f5-img-002,S1d8a23fe11f5,embedded_image,,assets/S1d8a23fe11f5/embedded/img-002.png,PDF 内嵌位图（矢量线条/组合图形不在此列，须看整页图）
S1d8a23fe11f5-img-003,S1d8a23fe11f5,embedded_image,,assets/S1d8a23fe11f5/embedded/img-003.png,PDF 内嵌位图（矢量线条/组合图形不在此列，须看整页图）
S1d8a23fe11f5-img-004,S1d8a23fe11f5,embedded_image,,assets/S1d8a23fe11f5/embedded/img-004.png,PDF 内嵌位图（矢量线条/组合图形不在此列，须看整页图）
S9dd43cae443f-p001,S9dd43cae443f,page_render,1,assets/S9dd43cae443f/pages/p001.png,含图表/扫描内容的整页图，供显式打开核验
S9dd43cae443f-p002,S9dd43cae443f,page_render,2,assets/S9dd43cae443f/pages/p002.png,含图表/扫描内容的整页图，供显式打开核验
S9dd43cae443f-p003,S9dd43cae443f,page_render,3,assets/S9dd43cae443f/pages/p003.png,含图表/扫描内容的整页图，供显式打开核验
S9dd43cae443f-p004,S9dd43cae443f,page_render,4,assets/S9dd43cae443f/pages/p004.png,含图表/扫描内容的整页图，供显式打开核验
S9dd43cae443f-p005,S9dd43cae443f,page_render,5,assets/S9dd43cae443f/pages/p005.png,含图表/扫描内容的整页图，供显式打开核验
S9dd43cae443f-p006,S9dd43cae443f,page_render,6,assets/S9dd43cae443f/pages/p006.png,含图表/扫描内容的整页图，供显式打开核验
S9dd43cae443f-p007,S9dd43cae443f,page_render,7,assets/S9dd43cae443f/pages/p007.png,含图表/扫描内容的整页图，供显式打开核验
S9dd43cae443f-p008,S9dd43cae443f,page_render,8,assets/S9dd43cae443f/pages/p008.png,含图表/扫描内容的整页图，供显式打开核验
S9dd43cae443f-p009,S9dd43cae443f,page_render,9,assets/S9dd43cae443f/pages/p009.png,含图表/扫描内容的整页图，供显式打开核验
S9dd43cae443f-img-000,S9dd43cae443f,embedded_image,,assets/S9dd43cae443f/embedded/img-000.png,PDF 内嵌位图（矢量线条/组合图形不在此列，须看整页图）
S9dd43cae443f-img-001,S9dd43cae443f,embedded_image,,assets/S9dd43cae443f/embedded/img-001.png,PDF 内嵌位图（矢量线条/组合图形不在此列，须看整页图）
S9dd43cae443f-img-002,S9dd43cae443f,embedded_image,,assets/S9dd43cae443f/embedded/img-002.png,PDF 内嵌位图（矢量线条/组合图形不在此列，须看整页图）
S9dd43cae443f-img-003,S9dd43cae443f,embedded_image,,assets/S9dd43cae443f/embedded/img-003.png,PDF 内嵌位图（矢量线条/组合图形不在此列，须看整页图）
S9dd43cae443f-img-004,S9dd43cae443f,embedded_image,,assets/S9dd43cae443f/embedded/img-004.png,PDF 内嵌位图（矢量线条/组合图形不在此列，须看整页图）
S9b287871f660-p001,S9b287871f660,page_render,1,assets/S9b287871f660/pages/p001.png,含图表/扫描内容的整页图，供显式打开核验
S9b287871f660-p004,S9b287871f660,page_render,4,assets/S9b287871f660/pages/p004.png,含图表/扫描内容的整页图，供显式打开核验
S9b287871f660-p005,S9b287871f660,page_render,5,assets/S9b287871f660/pages/p005.png,含图表/扫描内容的整页图，供显式打开核验
S9b287871f660-p006,S9b287871f660,page_render,6,assets/S9b287871f660/pages/p006.png,含图表/扫描内容的整页图，供显式打开核验
S9b287871f660-p008,S9b287871f660,page_render,8,assets/S9b287871f660/pages/p008.png,含图表/扫描内容的整页图，供显式打开核验
S9b287871f660-img-000,S9b287871f660,embedded_image,,assets/S9b287871f660/embedded/img-000.png,PDF 内嵌位图（矢量线条/组合图形不在此列，须看整页图）
S9f3b48608884-p001,S9f3b48608884,page_render,1,assets/S9f3b48608884/pages/p001.png,含图表/扫描内容的整页图，供显式打开核验
S9f3b48608884-p002,S9f3b48608884,page_render,2,assets/S9f3b48608884/pages/p002.png,含图表/扫描内容的整页图，供显式打开核验
S9f3b48608884-p003,S9f3b48608884,page_render,3,assets/S9f3b48608884/pages/p003.png,含图表/扫描内容的整页图，供显式打开核验
S9f3b48608884-p005,S9f3b48608884,page_render,5,assets/S9f3b48608884/pages/p005.png,含图表/扫描内容的整页图，供显式打开核验
S9f3b48608884-p006,S9f3b48608884,page_render,6,assets/S9f3b48608884/pages/p006.png,含图表/扫描内容的整页图，供显式打开核验
S9f3b48608884-p007,S9f3b48608884,page_render,7,assets/S9f3b48608884/pages/p007.png,含图表/扫描内容的整页图，供显式打开核验
S9f3b48608884-p009,S9f3b48608884,page_render,9,assets/S9f3b48608884/pages/p009.png,含图表/扫描内容的整页图，供显式打开核验
S9f3b48608884-p010,S9f3b48608884,page_render,10,assets/S9f3b48608884/pages/p010.png,含图表/扫描内容的整页图，供显式打开核验
S9f3b48608884-img-000,S9f3b48608884,embedded_image,,assets/S9f3b48608884/embedded/img-000.png,PDF 内嵌位图（矢量线条/组合图形不在此列，须看整页图）
S9f3b48608884-img-001,S9f3b48608884,embedded_image,,assets/S9f3b48608884/embedded/img-001.png,PDF 内嵌位图（矢量线条/组合图形不在此列，须看整页图）
S9f3b48608884-img-002,S9f3b48608884,embedded_image,,assets/S9f3b48608884/embedded/img-002.png,PDF 内嵌位图（矢量线条/组合图形不在此列，须看整页图）
S9f3b48608884-img-003,S9f3b48608884,embedded_image,,assets/S9f3b48608884/embedded/img-003.png,PDF 内嵌位图（矢量线条/组合图形不在此列，须看整页图）
S9f3b48608884-img-004,S9f3b48608884,embedded_image,,assets/S9f3b48608884/embedded/img-004.png,PDF 内嵌位图（矢量线条/组合图形不在此列，须看整页图）
S9f3b48608884-img-005,S9f3b48608884,embedded_image,,assets/S9f3b48608884/embedded/img-005.png,PDF 内嵌位图（矢量线条/组合图形不在此列，须看整页图）
S9f3b48608884-img-006,S9f3b48608884,embedded_image,,assets/S9f3b48608884/embedded/img-006.png,PDF 内嵌位图（矢量线条/组合图形不在此列，须看整页图）
S9f3b48608884-img-007,S9f3b48608884,embedded_image,,assets/S9f3b48608884/embedded/img-007.png,PDF 内嵌位图（矢量线条/组合图形不在此列，须看整页图）
S9f3b48608884-img-008,S9f3b48608884,embedded_image,,assets/S9f3b48608884/embedded/img-008.png,PDF 内嵌位图（矢量线条/组合图形不在此列，须看整页图）
S9f3b48608884-img-009,S9f3b48608884,embedded_image,,assets/S9f3b48608884/embedded/img-009.png,PDF 内嵌位图（矢量线条/组合图形不在此列，须看整页图）
S9f3b48608884-img-010,S9f3b48608884,embedded_image,,assets/S9f3b48608884/embedded/img-010.png,PDF 内嵌位图（矢量线条/组合图形不在此列，须看整页图）
S9f3b48608884-img-011,S9f3b48608884,embedded_image,,assets/S9f3b48608884/embedded/img-011.png,PDF 内嵌位图（矢量线条/组合图形不在此列，须看整页图）
S9f3b48608884-img-012,S9f3b48608884,embedded_image,,assets/S9f3b48608884/embedded/img-012.png,PDF 内嵌位图（矢量线条/组合图形不在此列，须看整页图）
S9f3b48608884-img-013,S9f3b48608884,embedded_image,,assets/S9f3b48608884/embedded/img-013.png,PDF 内嵌位图（矢量线条/组合图形不在此列，须看整页图）
S9f3b48608884-img-014,S9f3b48608884,embedded_image,,assets/S9f3b48608884/embedded/img-014.png,PDF 内嵌位图（矢量线条/组合图形不在此列，须看整页图）
S9f3b48608884-img-015,S9f3b48608884,embedded_image,,assets/S9f3b48608884/embedded/img-015.png,PDF 内嵌位图（矢量线条/组合图形不在此列，须看整页图）
S9f3b48608884-img-016,S9f3b48608884,embedded_image,,assets/S9f3b48608884/embedded/img-016.png,PDF 内嵌位图（矢量线条/组合图形不在此列，须看整页图）
S6e5080fb116a-p001,S6e5080fb116a,page_render,1,assets/S6e5080fb116a/pages/p001.png,含图表/扫描内容的整页图，供显式打开核验
S6e5080fb116a-p002,S6e5080fb116a,page_render,2,assets/S6e5080fb116a/pages/p002.png,含图表/扫描内容的整页图，供显式打开核验
S6e5080fb116a-p003,S6e5080fb116a,page_render,3,assets/S6e5080fb116a/pages/p003.png,含图表/扫描内容的整页图，供显式打开核验
S6e5080fb116a-p004,S6e5080fb116a,page_render,4,assets/S6e5080fb116a/pages/p004.png,含图表/扫描内容的整页图，供显式打开核验
S6e5080fb116a-p005,S6e5080fb116a,page_render,5,assets/S6e5080fb116a/pages/p005.png,含图表/扫描内容的整页图，供显式打开核验
S6e5080fb116a-p006,S6e5080fb116a,page_render,6,assets/S6e5080fb116a/pages/p006.png,含图表/扫描内容的整页图，供显式打开核验
S6e5080fb116a-p007,S6e5080fb116a,page_render,7,assets/S6e5080fb116a/pages/p007.png,含图表/扫描内容的整页图，供显式打开核验
S6e5080fb116a-p008,S6e5080fb116a,page_render,8,assets/S6e5080fb116a/pages/p008.png,含图表/扫描内容的整页图，供显式打开核验
S6e5080fb116a-p009,S6e5080fb116a,page_render,9,assets/S6e5080fb116a/pages/p009.png,含图表/扫描内容的整页图，供显式打开核验
S6e5080fb116a-p010,S6e5080fb116a,page_render,10,assets/S6e5080fb116a/pages/p010.png,含图表/扫描内容的整页图，供显式打开核验
S6e5080fb116a-img-000,S6e5080fb116a,embedded_image,,assets/S6e5080fb116a/embedded/img-000.png,PDF 内嵌位图（矢量线条/组合图形不在此列，须看整页图）
S6e5080fb116a-img-001,S6e5080fb116a,embedded_image,,assets/S6e5080fb116a/embedded/img-001.png,PDF 内嵌位图（矢量线条/组合图形不在此列，须看整页图）
S6e5080fb116a-img-002,S6e5080fb116a,embedded_image,,assets/S6e5080fb116a/embedded/img-002.png,PDF 内嵌位图（矢量线条/组合图形不在此列，须看整页图）
S6e5080fb116a-img-003,S6e5080fb116a,embedded_image,,assets/S6e5080fb116a/embedded/img-003.png,PDF 内嵌位图（矢量线条/组合图形不在此列，须看整页图）
S6e5080fb116a-img-004,S6e5080fb116a,embedded_image,,assets/S6e5080fb116a/embedded/img-004.png,PDF 内嵌位图（矢量线条/组合图形不在此列，须看整页图）
S6e5080fb116a-img-005,S6e5080fb116a,embedded_image,,assets/S6e5080fb116a/embedded/img-005.png,PDF 内嵌位图（矢量线条/组合图形不在此列，须看整页图）
S6e5080fb116a-img-006,S6e5080fb116a,embedded_image,,assets/S6e5080fb116a/embedded/img-006.png,PDF 内嵌位图（矢量线条/组合图形不在此列，须看整页图）
S6e5080fb116a-img-007,S6e5080fb116a,embedded_image,,assets/S6e5080fb116a/embedded/img-007.png,PDF 内嵌位图（矢量线条/组合图形不在此列，须看整页图）
S6e5080fb116a-img-008,S6e5080fb116a,embedded_image,,assets/S6e5080fb116a/embedded/img-008.png,PDF 内嵌位图（矢量线条/组合图形不在此列，须看整页图）
S6e5080fb116a-img-009,S6e5080fb116a,embedded_image,,assets/S6e5080fb116a/embedded/img-009.png,PDF 内嵌位图（矢量线条/组合图形不在此列，须看整页图）
S6e5080fb116a-img-010,S6e5080fb116a,embedded_image,,assets/S6e5080fb116a/embedded/img-010.png,PDF 内嵌位图（矢量线条/组合图形不在此列，须看整页图）
S6e5080fb116a-img-011,S6e5080fb116a,embedded_image,,assets/S6e5080fb116a/embedded/img-011.png,PDF 内嵌位图（矢量线条/组合图形不在此列，须看整页图）
S6e5080fb116a-img-012,S6e5080fb116a,embedded_image,,assets/S6e5080fb116a/embedded/img-012.png,PDF 内嵌位图（矢量线条/组合图形不在此列，须看整页图）
S6e5080fb116a-img-013,S6e5080fb116a,embedded_image,,assets/S6e5080fb116a/embedded/img-013.png,PDF 内嵌位图（矢量线条/组合图形不在此列，须看整页图）
S6e5080fb116a-img-014,S6e5080fb116a,embedded_image,,assets/S6e5080fb116a/embedded/img-014.png,PDF 内嵌位图（矢量线条/组合图形不在此列，须看整页图）
S6e5080fb116a-img-015,S6e5080fb116a,embedded_image,,assets/S6e5080fb116a/embedded/img-015.png,PDF 内嵌位图（矢量线条/组合图形不在此列，须看整页图）
S6e5080fb116a-img-016,S6e5080fb116a,embedded_image,,assets/S6e5080fb116a/embedded/img-016.png,PDF 内嵌位图（矢量线条/组合图形不在此列，须看整页图）
S6e5080fb116a-img-017,S6e5080fb116a,embedded_image,,assets/S6e5080fb116a/embedded/img-017.png,PDF 内嵌位图（矢量线条/组合图形不在此列，须看整页图）
S6e5080fb116a-img-018,S6e5080fb116a,embedded_image,,assets/S6e5080fb116a/embedded/img-018.png,PDF 内嵌位图（矢量线条/组合图形不在此列，须看整页图）
S6e5080fb116a-img-019,S6e5080fb116a,embedded_image,,assets/S6e5080fb116a/embedded/img-019.png,PDF 内嵌位图（矢量线条/组合图形不在此列，须看整页图）
S6e5080fb116a-img-020,S6e5080fb116a,embedded_image,,assets/S6e5080fb116a/embedded/img-020.png,PDF 内嵌位图（矢量线条/组合图形不在此列，须看整页图）
S6e5080fb116a-img-021,S6e5080fb116a,embedded_image,,assets/S6e5080fb116a/embedded/img-021.png,PDF 内嵌位图（矢量线条/组合图形不在此列，须看整页图）
S6e5080fb116a-img-022,S6e5080fb116a,embedded_image,,assets/S6e5080fb116a/embedded/img-022.png,PDF 内嵌位图（矢量线条/组合图形不在此列，须看整页图）
S6e5080fb116a-img-023,S6e5080fb116a,embedded_image,,assets/S6e5080fb116a/embedded/img-023.png,PDF 内嵌位图（矢量线条/组合图形不在此列，须看整页图）
S6e5080fb116a-img-024,S6e5080fb116a,embedded_image,,assets/S6e5080fb116a/embedded/img-024.png,PDF 内嵌位图（矢量线条/组合图形不在此列，须看整页图）
S6e5080fb116a-img-025,S6e5080fb116a,embedded_image,,assets/S6e5080fb116a/embedded/img-025.png,PDF 内嵌位图（矢量线条/组合图形不在此列，须看整页图）
S6e5080fb116a-img-026,S6e5080fb116a,embedded_image,,assets/S6e5080fb116a/embedded/img-026.png,PDF 内嵌位图（矢量线条/组合图形不在此列，须看整页图）
S6e5080fb116a-img-027,S6e5080fb116a,embedded_image,,assets/S6e5080fb116a/embedded/img-027.png,PDF 内嵌位图（矢量线条/组合图形不在此列，须看整页图）
S6e5080fb116a-img-028,S6e5080fb116a,embedded_image,,assets/S6e5080fb116a/embedded/img-028.png,PDF 内嵌位图（矢量线条/组合图形不在此列，须看整页图）
S613f35ecb7c4-p001,S613f35ecb7c4,page_render,1,assets/S613f35ecb7c4/pages/p001.png,含图表/扫描内容的整页图，供显式打开核验
S613f35ecb7c4-p002,S613f35ecb7c4,page_render,2,assets/S613f35ecb7c4/pages/p002.png,含图表/扫描内容的整页图，供显式打开核验
S613f35ecb7c4-p003,S613f35ecb7c4,page_render,3,assets/S613f35ecb7c4/pages/p003.png,含图表/扫描内容的整页图，供显式打开核验
S613f35ecb7c4-p004,S613f35ecb7c4,page_render,4,assets/S613f35ecb7c4/pages/p004.png,含图表/扫描内容的整页图，供显式打开核验
S613f35ecb7c4-p005,S613f35ecb7c4,page_render,5,assets/S613f35ecb7c4/pages/p005.png,含图表/扫描内容的整页图，供显式打开核验
S613f35ecb7c4-p006,S613f35ecb7c4,page_render,6,assets/S613f35ecb7c4/pages/p006.png,含图表/扫描内容的整页图，供显式打开核验
S613f35ecb7c4-img-000,S613f35ecb7c4,embedded_image,,assets/S613f35ecb7c4/embedded/img-000.png,PDF 内嵌位图（矢量线条/组合图形不在此列，须看整页图）
S613f35ecb7c4-img-001,S613f35ecb7c4,embedded_image,,assets/S613f35ecb7c4/embedded/img-001.png,PDF 内嵌位图（矢量线条/组合图形不在此列，须看整页图）
S613f35ecb7c4-img-002,S613f35ecb7c4,embedded_image,,assets/S613f35ecb7c4/embedded/img-002.png,PDF 内嵌位图（矢量线条/组合图形不在此列，须看整页图）
S613f35ecb7c4-img-003,S613f35ecb7c4,embedded_image,,assets/S613f35ecb7c4/embedded/img-003.png,PDF 内嵌位图（矢量线条/组合图形不在此列，须看整页图）
S613f35ecb7c4-img-004,S613f35ecb7c4,embedded_image,,assets/S613f35ecb7c4/embedded/img-004.png,PDF 内嵌位图（矢量线条/组合图形不在此列，须看整页图）
S613f35ecb7c4-img-005,S613f35ecb7c4,embedded_image,,assets/S613f35ecb7c4/embedded/img-005.png,PDF 内嵌位图（矢量线条/组合图形不在此列，须看整页图）
S613f35ecb7c4-img-006,S613f35ecb7c4,embedded_image,,assets/S613f35ecb7c4/embedded/img-006.png,PDF 内嵌位图（矢量线条/组合图形不在此列，须看整页图）
S613f35ecb7c4-img-007,S613f35ecb7c4,embedded_image,,assets/S613f35ecb7c4/embedded/img-007.png,PDF 内嵌位图（矢量线条/组合图形不在此列，须看整页图）
S613f35ecb7c4-img-008,S613f35ecb7c4,embedded_image,,assets/S613f35ecb7c4/embedded/img-008.png,PDF 内嵌位图（矢量线条/组合图形不在此列，须看整页图）
S613f35ecb7c4-img-009,S613f35ecb7c4,embedded_image,,assets/S613f35ecb7c4/embedded/img-009.png,PDF 内嵌位图（矢量线条/组合图形不在此列，须看整页图）
S613f35ecb7c4-img-010,S613f35ecb7c4,embedded_image,,assets/S613f35ecb7c4/embedded/img-010.png,PDF 内嵌位图（矢量线条/组合图形不在此列，须看整页图）
S613f35ecb7c4-img-011,S613f35ecb7c4,embedded_image,,assets/S613f35ecb7c4/embedded/img-011.png,PDF 内嵌位图（矢量线条/组合图形不在此列，须看整页图）
S6009b3f19a33-p001,S6009b3f19a33,page_render,1,assets/S6009b3f19a33/pages/p001.png,含图表/扫描内容的整页图，供显式打开核验
S6009b3f19a33-p002,S6009b3f19a33,page_render,2,assets/S6009b3f19a33/pages/p002.png,含图表/扫描内容的整页图，供显式打开核验
S6009b3f19a33-p003,S6009b3f19a33,page_render,3,assets/S6009b3f19a33/pages/p003.png,含图表/扫描内容的整页图，供显式打开核验
S6009b3f19a33-p006,S6009b3f19a33,page_render,6,assets/S6009b3f19a33/pages/p006.png,含图表/扫描内容的整页图，供显式打开核验
S6009b3f19a33-p008,S6009b3f19a33,page_render,8,assets/S6009b3f19a33/pages/p008.png,含图表/扫描内容的整页图，供显式打开核验
S6009b3f19a33-p009,S6009b3f19a33,page_render,9,assets/S6009b3f19a33/pages/p009.png,含图表/扫描内容的整页图，供显式打开核验
S6009b3f19a33-p010,S6009b3f19a33,page_render,10,assets/S6009b3f19a33/pages/p010.png,含图表/扫描内容的整页图，供显式打开核验
S6009b3f19a33-img-000,S6009b3f19a33,embedded_image,,assets/S6009b3f19a33/embedded/img-000.png,PDF 内嵌位图（矢量线条/组合图形不在此列，须看整页图）
S086cafc0d843-p001,S086cafc0d843,page_render,1,assets/S086cafc0d843/pages/p001.png,含图表/扫描内容的整页图，供显式打开核验
S086cafc0d843-p002,S086cafc0d843,page_render,2,assets/S086cafc0d843/pages/p002.png,含图表/扫描内容的整页图，供显式打开核验
S086cafc0d843-p003,S086cafc0d843,page_render,3,assets/S086cafc0d843/pages/p003.png,含图表/扫描内容的整页图，供显式打开核验
S086cafc0d843-p004,S086cafc0d843,page_render,4,assets/S086cafc0d843/pages/p004.png,含图表/扫描内容的整页图，供显式打开核验
S086cafc0d843-p005,S086cafc0d843,page_render,5,assets/S086cafc0d843/pages/p005.png,含图表/扫描内容的整页图，供显式打开核验
S086cafc0d843-p006,S086cafc0d843,page_render,6,assets/S086cafc0d843/pages/p006.png,含图表/扫描内容的整页图，供显式打开核验
S086cafc0d843-p008,S086cafc0d843,page_render,8,assets/S086cafc0d843/pages/p008.png,含图表/扫描内容的整页图，供显式打开核验
S086cafc0d843-p009,S086cafc0d843,page_render,9,assets/S086cafc0d843/pages/p009.png,含图表/扫描内容的整页图，供显式打开核验
S086cafc0d843-p010,S086cafc0d843,page_render,10,assets/S086cafc0d843/pages/p010.png,含图表/扫描内容的整页图，供显式打开核验
S086cafc0d843-p011,S086cafc0d843,page_render,11,assets/S086cafc0d843/pages/p011.png,含图表/扫描内容的整页图，供显式打开核验
S086cafc0d843-p012,S086cafc0d843,page_render,12,assets/S086cafc0d843/pages/p012.png,含图表/扫描内容的整页图，供显式打开核验
S086cafc0d843-p013,S086cafc0d843,page_render,13,assets/S086cafc0d843/pages/p013.png,含图表/扫描内容的整页图，供显式打开核验
S086cafc0d843-p014,S086cafc0d843,page_render,14,assets/S086cafc0d843/pages/p014.png,含图表/扫描内容的整页图，供显式打开核验
S086cafc0d843-p015,S086cafc0d843,page_render,15,assets/S086cafc0d843/pages/p015.png,含图表/扫描内容的整页图，供显式打开核验
S086cafc0d843-p016,S086cafc0d843,page_render,16,assets/S086cafc0d843/pages/p016.png,含图表/扫描内容的整页图，供显式打开核验
S086cafc0d843-p017,S086cafc0d843,page_render,17,assets/S086cafc0d843/pages/p017.png,含图表/扫描内容的整页图，供显式打开核验
S086cafc0d843-p018,S086cafc0d843,page_render,18,assets/S086cafc0d843/pages/p018.png,含图表/扫描内容的整页图，供显式打开核验
S086cafc0d843-p020,S086cafc0d843,page_render,20,assets/S086cafc0d843/pages/p020.png,含图表/扫描内容的整页图，供显式打开核验
S086cafc0d843-p021,S086cafc0d843,page_render,21,assets/S086cafc0d843/pages/p021.png,含图表/扫描内容的整页图，供显式打开核验
S086cafc0d843-p023,S086cafc0d843,page_render,23,assets/S086cafc0d843/pages/p023.png,含图表/扫描内容的整页图，供显式打开核验
S086cafc0d843-p027,S086cafc0d843,page_render,27,assets/S086cafc0d843/pages/p027.png,含图表/扫描内容的整页图，供显式打开核验
S086cafc0d843-p028,S086cafc0d843,page_render,28,assets/S086cafc0d843/pages/p028.png,含图表/扫描内容的整页图，供显式打开核验
S086cafc0d843-p036,S086cafc0d843,page_render,36,assets/S086cafc0d843/pages/p036.png,含图表/扫描内容的整页图，供显式打开核验
S086cafc0d843-p038,S086cafc0d843,page_render,38,assets/S086cafc0d843/pages/p038.png,含图表/扫描内容的整页图，供显式打开核验
S086cafc0d843-p042,S086cafc0d843,page_render,42,assets/S086cafc0d843/pages/p042.png,含图表/扫描内容的整页图，供显式打开核验
S086cafc0d843-p043,S086cafc0d843,page_render,43,assets/S086cafc0d843/pages/p043.png,含图表/扫描内容的整页图，供显式打开核验
S086cafc0d843-p044,S086cafc0d843,page_render,44,assets/S086cafc0d843/pages/p044.png,含图表/扫描内容的整页图，供显式打开核验
S086cafc0d843-p046,S086cafc0d843,page_render,46,assets/S086cafc0d843/pages/p046.png,含图表/扫描内容的整页图，供显式打开核验
S086cafc0d843-p047,S086cafc0d843,page_render,47,assets/S086cafc0d843/pages/p047.png,含图表/扫描内容的整页图，供显式打开核验
S086cafc0d843-p049,S086cafc0d843,page_render,49,assets/S086cafc0d843/pages/p049.png,含图表/扫描内容的整页图，供显式打开核验
S086cafc0d843-p050,S086cafc0d843,page_render,50,assets/S086cafc0d843/pages/p050.png,含图表/扫描内容的整页图，供显式打开核验
S086cafc0d843-p051,S086cafc0d843,page_render,51,assets/S086cafc0d843/pages/p051.png,含图表/扫描内容的整页图，供显式打开核验
S086cafc0d843-p053,S086cafc0d843,page_render,53,assets/S086cafc0d843/pages/p053.png,含图表/扫描内容的整页图，供显式打开核验
S086cafc0d843-p057,S086cafc0d843,page_render,57,assets/S086cafc0d843/pages/p057.png,含图表/扫描内容的整页图，供显式打开核验
S086cafc0d843-p059,S086cafc0d843,page_render,59,assets/S086cafc0d843/pages/p059.png,含图表/扫描内容的整页图，供显式打开核验
S086cafc0d843-p063,S086cafc0d843,page_render,63,assets/S086cafc0d843/pages/p063.png,含图表/扫描内容的整页图，供显式打开核验
S086cafc0d843-p064,S086cafc0d843,page_render,64,assets/S086cafc0d843/pages/p064.png,含图表/扫描内容的整页图，供显式打开核验
S086cafc0d843-p065,S086cafc0d843,page_render,65,assets/S086cafc0d843/pages/p065.png,含图表/扫描内容的整页图，供显式打开核验
S086cafc0d843-p066,S086cafc0d843,page_render,66,assets/S086cafc0d843/pages/p066.png,含图表/扫描内容的整页图，供显式打开核验
S086cafc0d843-p068,S086cafc0d843,page_render,68,assets/S086cafc0d843/pages/p068.png,含图表/扫描内容的整页图，供显式打开核验
S086cafc0d843-p069,S086cafc0d843,page_render,69,assets/S086cafc0d843/pages/p069.png,含图表/扫描内容的整页图，供显式打开核验
S086cafc0d843-p070,S086cafc0d843,page_render,70,assets/S086cafc0d843/pages/p070.png,含图表/扫描内容的整页图，供显式打开核验
S086cafc0d843-p071,S086cafc0d843,page_render,71,assets/S086cafc0d843/pages/p071.png,含图表/扫描内容的整页图，供显式打开核验
S086cafc0d843-img-000,S086cafc0d843,embedded_image,,assets/S086cafc0d843/embedded/img-000.png,PDF 内嵌位图（矢量线条/组合图形不在此列，须看整页图）
S086cafc0d843-img-001,S086cafc0d843,embedded_image,,assets/S086cafc0d843/embedded/img-001.png,PDF 内嵌位图（矢量线条/组合图形不在此列，须看整页图）
S086cafc0d843-img-002,S086cafc0d843,embedded_image,,assets/S086cafc0d843/embedded/img-002.png,PDF 内嵌位图（矢量线条/组合图形不在此列，须看整页图）
S086cafc0d843-img-003,S086cafc0d843,embedded_image,,assets/S086cafc0d843/embedded/img-003.png,PDF 内嵌位图（矢量线条/组合图形不在此列，须看整页图）
S086cafc0d843-img-004,S086cafc0d843,embedded_image,,assets/S086cafc0d843/embedded/img-004.png,PDF 内嵌位图（矢量线条/组合图形不在此列，须看整页图）
S086cafc0d843-img-005,S086cafc0d843,embedded_image,,assets/S086cafc0d843/embedded/img-005.png,PDF 内嵌位图（矢量线条/组合图形不在此列，须看整页图）
S086cafc0d843-img-006,S086cafc0d843,embedded_image,,assets/S086cafc0d843/embedded/img-006.png,PDF 内嵌位图（矢量线条/组合图形不在此列，须看整页图）
S086cafc0d843-img-007,S086cafc0d843,embedded_image,,assets/S086cafc0d843/embedded/img-007.png,PDF 内嵌位图（矢量线条/组合图形不在此列，须看整页图）
S086cafc0d843-img-008,S086cafc0d843,embedded_image,,assets/S086cafc0d843/embedded/img-008.png,PDF 内嵌位图（矢量线条/组合图形不在此列，须看整页图）
S086cafc0d843-img-009,S086cafc0d843,embedded_image,,assets/S086cafc0d843/embedded/img-009.png,PDF 内嵌位图（矢量线条/组合图形不在此列，须看整页图）
S086cafc0d843-img-010,S086cafc0d843,embedded_image,,assets/S086cafc0d843/embedded/img-010.png,PDF 内嵌位图（矢量线条/组合图形不在此列，须看整页图）
S086cafc0d843-img-011,S086cafc0d843,embedded_image,,assets/S086cafc0d843/embedded/img-011.png,PDF 内嵌位图（矢量线条/组合图形不在此列，须看整页图）
S086cafc0d843-img-012,S086cafc0d843,embedded_image,,assets/S086cafc0d843/embedded/img-012.png,PDF 内嵌位图（矢量线条/组合图形不在此列，须看整页图）
S086cafc0d843-img-013,S086cafc0d843,embedded_image,,assets/S086cafc0d843/embedded/img-013.png,PDF 内嵌位图（矢量线条/组合图形不在此列，须看整页图）
S086cafc0d843-img-014,S086cafc0d843,embedded_image,,assets/S086cafc0d843/embedded/img-014.png,PDF 内嵌位图（矢量线条/组合图形不在此列，须看整页图）
S086cafc0d843-img-015,S086cafc0d843,embedded_image,,assets/S086cafc0d843/embedded/img-015.png,PDF 内嵌位图（矢量线条/组合图形不在此列，须看整页图）
S086cafc0d843-img-016,S086cafc0d843,embedded_image,,assets/S086cafc0d843/embedded/img-016.png,PDF 内嵌位图（矢量线条/组合图形不在此列，须看整页图）
S086cafc0d843-img-017,S086cafc0d843,embedded_image,,assets/S086cafc0d843/embedded/img-017.png,PDF 内嵌位图（矢量线条/组合图形不在此列，须看整页图）
S086cafc0d843-img-018,S086cafc0d843,embedded_image,,assets/S086cafc0d843/embedded/img-018.png,PDF 内嵌位图（矢量线条/组合图形不在此列，须看整页图）
S086cafc0d843-img-019,S086cafc0d843,embedded_image,,assets/S086cafc0d843/embedded/img-019.png,PDF 内嵌位图（矢量线条/组合图形不在此列，须看整页图）
S086cafc0d843-img-020,S086cafc0d843,embedded_image,,assets/S086cafc0d843/embedded/img-020.png,PDF 内嵌位图（矢量线条/组合图形不在此列，须看整页图）
S086cafc0d843-img-021,S086cafc0d843,embedded_image,,assets/S086cafc0d843/embedded/img-021.png,PDF 内嵌位图（矢量线条/组合图形不在此列，须看整页图）
S086cafc0d843-img-022,S086cafc0d843,embedded_image,,assets/S086cafc0d843/embedded/img-022.png,PDF 内嵌位图（矢量线条/组合图形不在此列，须看整页图）
S086cafc0d843-img-023,S086cafc0d843,embedded_image,,assets/S086cafc0d843/embedded/img-023.png,PDF 内嵌位图（矢量线条/组合图形不在此列，须看整页图）
S086cafc0d843-img-024,S086cafc0d843,embedded_image,,assets/S086cafc0d843/embedded/img-024.png,PDF 内嵌位图（矢量线条/组合图形不在此列，须看整页图）
S086cafc0d843-img-025,S086cafc0d843,embedded_image,,assets/S086cafc0d843/embedded/img-025.png,PDF 内嵌位图（矢量线条/组合图形不在此列，须看整页图）
S086cafc0d843-img-026,S086cafc0d843,embedded_image,,assets/S086cafc0d843/embedded/img-026.png,PDF 内嵌位图（矢量线条/组合图形不在此列，须看整页图）
S086cafc0d843-img-027,S086cafc0d843,embedded_image,,assets/S086cafc0d843/embedded/img-027.png,PDF 内嵌位图（矢量线条/组合图形不在此列，须看整页图）
S086cafc0d843-img-028,S086cafc0d843,embedded_image,,assets/S086cafc0d843/embedded/img-028.png,PDF 内嵌位图（矢量线条/组合图形不在此列，须看整页图）
S086cafc0d843-img-029,S086cafc0d843,embedded_image,,assets/S086cafc0d843/embedded/img-029.png,PDF 内嵌位图（矢量线条/组合图形不在此列，须看整页图）
S086cafc0d843-img-030,S086cafc0d843,embedded_image,,assets/S086cafc0d843/embedded/img-030.png,PDF 内嵌位图（矢量线条/组合图形不在此列，须看整页图）
S086cafc0d843-img-031,S086cafc0d843,embedded_image,,assets/S086cafc0d843/embedded/img-031.png,PDF 内嵌位图（矢量线条/组合图形不在此列，须看整页图）
S086cafc0d843-img-032,S086cafc0d843,embedded_image,,assets/S086cafc0d843/embedded/img-032.png,PDF 内嵌位图（矢量线条/组合图形不在此列，须看整页图）
S086cafc0d843-img-033,S086cafc0d843,embedded_image,,assets/S086cafc0d843/embedded/img-033.png,PDF 内嵌位图（矢量线条/组合图形不在此列，须看整页图）
S086cafc0d843-img-034,S086cafc0d843,embedded_image,,assets/S086cafc0d843/embedded/img-034.png,PDF 内嵌位图（矢量线条/组合图形不在此列，须看整页图）
S086cafc0d843-img-035,S086cafc0d843,embedded_image,,assets/S086cafc0d843/embedded/img-035.png,PDF 内嵌位图（矢量线条/组合图形不在此列，须看整页图）
S086cafc0d843-img-036,S086cafc0d843,embedded_image,,assets/S086cafc0d843/embedded/img-036.png,PDF 内嵌位图（矢量线条/组合图形不在此列，须看整页图）
S086cafc0d843-img-037,S086cafc0d843,embedded_image,,assets/S086cafc0d843/embedded/img-037.png,PDF 内嵌位图（矢量线条/组合图形不在此列，须看整页图）
S086cafc0d843-img-038,S086cafc0d843,embedded_image,,assets/S086cafc0d843/embedded/img-038.png,PDF 内嵌位图（矢量线条/组合图形不在此列，须看整页图）
S086cafc0d843-img-039,S086cafc0d843,embedded_image,,assets/S086cafc0d843/embedded/img-039.png,PDF 内嵌位图（矢量线条/组合图形不在此列，须看整页图）
S086cafc0d843-img-040,S086cafc0d843,embedded_image,,assets/S086cafc0d843/embedded/img-040.png,PDF 内嵌位图（矢量线条/组合图形不在此列，须看整页图）
S086cafc0d843-img-041,S086cafc0d843,embedded_image,,assets/S086cafc0d843/embedded/img-041.png,PDF 内嵌位图（矢量线条/组合图形不在此列，须看整页图）
S086cafc0d843-img-042,S086cafc0d843,embedded_image,,assets/S086cafc0d843/embedded/img-042.png,PDF 内嵌位图（矢量线条/组合图形不在此列，须看整页图）
S086cafc0d843-img-043,S086cafc0d843,embedded_image,,assets/S086cafc0d843/embedded/img-043.png,PDF 内嵌位图（矢量线条/组合图形不在此列，须看整页图）
S086cafc0d843-img-044,S086cafc0d843,embedded_image,,assets/S086cafc0d843/embedded/img-044.png,PDF 内嵌位图（矢量线条/组合图形不在此列，须看整页图）
S086cafc0d843-img-045,S086cafc0d843,embedded_image,,assets/S086cafc0d843/embedded/img-045.png,PDF 内嵌位图（矢量线条/组合图形不在此列，须看整页图）
S086cafc0d843-img-046,S086cafc0d843,embedded_image,,assets/S086cafc0d843/embedded/img-046.png,PDF 内嵌位图（矢量线条/组合图形不在此列，须看整页图）
S086cafc0d843-img-047,S086cafc0d843,embedded_image,,assets/S086cafc0d843/embedded/img-047.png,PDF 内嵌位图（矢量线条/组合图形不在此列，须看整页图）
S086cafc0d843-img-048,S086cafc0d843,embedded_image,,assets/S086cafc0d843/embedded/img-048.png,PDF 内嵌位图（矢量线条/组合图形不在此列，须看整页图）
S086cafc0d843-img-049,S086cafc0d843,embedded_image,,assets/S086cafc0d843/embedded/img-049.png,PDF 内嵌位图（矢量线条/组合图形不在此列，须看整页图）
S086cafc0d843-img-050,S086cafc0d843,embedded_image,,assets/S086cafc0d843/embedded/img-050.png,PDF 内嵌位图（矢量线条/组合图形不在此列，须看整页图）
S086cafc0d843-img-051,S086cafc0d843,embedded_image,,assets/S086cafc0d843/embedded/img-051.png,PDF 内嵌位图（矢量线条/组合图形不在此列，须看整页图）
S086cafc0d843-img-052,S086cafc0d843,embedded_image,,assets/S086cafc0d843/embedded/img-052.png,PDF 内嵌位图（矢量线条/组合图形不在此列，须看整页图）
S086cafc0d843-img-053,S086cafc0d843,embedded_image,,assets/S086cafc0d843/embedded/img-053.png,PDF 内嵌位图（矢量线条/组合图形不在此列，须看整页图）
S086cafc0d843-img-054,S086cafc0d843,embedded_image,,assets/S086cafc0d843/embedded/img-054.png,PDF 内嵌位图（矢量线条/组合图形不在此列，须看整页图）
S086cafc0d843-img-055,S086cafc0d843,embedded_image,,assets/S086cafc0d843/embedded/img-055.png,PDF 内嵌位图（矢量线条/组合图形不在此列，须看整页图）
S086cafc0d843-img-056,S086cafc0d843,embedded_image,,assets/S086cafc0d843/embedded/img-056.png,PDF 内嵌位图（矢量线条/组合图形不在此列，须看整页图）
S086cafc0d843-img-057,S086cafc0d843,embedded_image,,assets/S086cafc0d843/embedded/img-057.png,PDF 内嵌位图（矢量线条/组合图形不在此列，须看整页图）
S7ff16fecb25f-p001,S7ff16fecb25f,page_render,1,assets/S7ff16fecb25f/pages/p001.png,含图表/扫描内容的整页图，供显式打开核验
S7ff16fecb25f-p002,S7ff16fecb25f,page_render,2,assets/S7ff16fecb25f/pages/p002.png,含图表/扫描内容的整页图，供显式打开核验
S7ff16fecb25f-p003,S7ff16fecb25f,page_render,3,assets/S7ff16fecb25f/pages/p003.png,含图表/扫描内容的整页图，供显式打开核验
S7ff16fecb25f-p004,S7ff16fecb25f,page_render,4,assets/S7ff16fecb25f/pages/p004.png,含图表/扫描内容的整页图，供显式打开核验
S7ff16fecb25f-p005,S7ff16fecb25f,page_render,5,assets/S7ff16fecb25f/pages/p005.png,含图表/扫描内容的整页图，供显式打开核验
S7ff16fecb25f-p006,S7ff16fecb25f,page_render,6,assets/S7ff16fecb25f/pages/p006.png,含图表/扫描内容的整页图，供显式打开核验
S7ff16fecb25f-p007,S7ff16fecb25f,page_render,7,assets/S7ff16fecb25f/pages/p007.png,含图表/扫描内容的整页图，供显式打开核验
S7ff16fecb25f-p008,S7ff16fecb25f,page_render,8,assets/S7ff16fecb25f/pages/p008.png,含图表/扫描内容的整页图，供显式打开核验
S7ff16fecb25f-img-000,S7ff16fecb25f,embedded_image,,assets/S7ff16fecb25f/embedded/img-000.png,PDF 内嵌位图（矢量线条/组合图形不在此列，须看整页图）
S7ff16fecb25f-img-001,S7ff16fecb25f,embedded_image,,assets/S7ff16fecb25f/embedded/img-001.png,PDF 内嵌位图（矢量线条/组合图形不在此列，须看整页图）
S7ff16fecb25f-img-002,S7ff16fecb25f,embedded_image,,assets/S7ff16fecb25f/embedded/img-002.png,PDF 内嵌位图（矢量线条/组合图形不在此列，须看整页图）
S7ff16fecb25f-img-003,S7ff16fecb25f,embedded_image,,assets/S7ff16fecb25f/embedded/img-003.png,PDF 内嵌位图（矢量线条/组合图形不在此列，须看整页图）
S7ff16fecb25f-img-004,S7ff16fecb25f,embedded_image,,assets/S7ff16fecb25f/embedded/img-004.png,PDF 内嵌位图（矢量线条/组合图形不在此列，须看整页图）
S7ff16fecb25f-img-005,S7ff16fecb25f,embedded_image,,assets/S7ff16fecb25f/embedded/img-005.png,PDF 内嵌位图（矢量线条/组合图形不在此列，须看整页图）
S7ff16fecb25f-img-006,S7ff16fecb25f,embedded_image,,assets/S7ff16fecb25f/embedded/img-006.png,PDF 内嵌位图（矢量线条/组合图形不在此列，须看整页图）
S7ff16fecb25f-img-007,S7ff16fecb25f,embedded_image,,assets/S7ff16fecb25f/embedded/img-007.png,PDF 内嵌位图（矢量线条/组合图形不在此列，须看整页图）
S06c08602a2f5-p001,S06c08602a2f5,page_render,1,assets/S06c08602a2f5/pages/p001.png,含图表/扫描内容的整页图，供显式打开核验
S06c08602a2f5-p002,S06c08602a2f5,page_render,2,assets/S06c08602a2f5/pages/p002.png,含图表/扫描内容的整页图，供显式打开核验
S06c08602a2f5-p003,S06c08602a2f5,page_render,3,assets/S06c08602a2f5/pages/p003.png,含图表/扫描内容的整页图，供显式打开核验
S06c08602a2f5-p004,S06c08602a2f5,page_render,4,assets/S06c08602a2f5/pages/p004.png,含图表/扫描内容的整页图，供显式打开核验
S06c08602a2f5-p005,S06c08602a2f5,page_render,5,assets/S06c08602a2f5/pages/p005.png,含图表/扫描内容的整页图，供显式打开核验
S06c08602a2f5-p006,S06c08602a2f5,page_render,6,assets/S06c08602a2f5/pages/p006.png,含图表/扫描内容的整页图，供显式打开核验
S06c08602a2f5-p007,S06c08602a2f5,page_render,7,assets/S06c08602a2f5/pages/p007.png,含图表/扫描内容的整页图，供显式打开核验
S06c08602a2f5-p008,S06c08602a2f5,page_render,8,assets/S06c08602a2f5/pages/p008.png,含图表/扫描内容的整页图，供显式打开核验
S06c08602a2f5-p009,S06c08602a2f5,page_render,9,assets/S06c08602a2f5/pages/p009.png,含图表/扫描内容的整页图，供显式打开核验
S06c08602a2f5-p010,S06c08602a2f5,page_render,10,assets/S06c08602a2f5/pages/p010.png,含图表/扫描内容的整页图，供显式打开核验
S06c08602a2f5-img-000,S06c08602a2f5,embedded_image,,assets/S06c08602a2f5/embedded/img-000.png,PDF 内嵌位图（矢量线条/组合图形不在此列，须看整页图）
S06c08602a2f5-img-001,S06c08602a2f5,embedded_image,,assets/S06c08602a2f5/embedded/img-001.png,PDF 内嵌位图（矢量线条/组合图形不在此列，须看整页图）
S06c08602a2f5-img-002,S06c08602a2f5,embedded_image,,assets/S06c08602a2f5/embedded/img-002.png,PDF 内嵌位图（矢量线条/组合图形不在此列，须看整页图）
S06c08602a2f5-img-003,S06c08602a2f5,embedded_image,,assets/S06c08602a2f5/embedded/img-003.png,PDF 内嵌位图（矢量线条/组合图形不在此列，须看整页图）
S06c08602a2f5-img-004,S06c08602a2f5,embedded_image,,assets/S06c08602a2f5/embedded/img-004.png,PDF 内嵌位图（矢量线条/组合图形不在此列，须看整页图）
S06c08602a2f5-img-005,S06c08602a2f5,embedded_image,,assets/S06c08602a2f5/embedded/img-005.png,PDF 内嵌位图（矢量线条/组合图形不在此列，须看整页图）
S06c08602a2f5-img-006,S06c08602a2f5,embedded_image,,assets/S06c08602a2f5/embedded/img-006.png,PDF 内嵌位图（矢量线条/组合图形不在此列，须看整页图）
S06c08602a2f5-img-007,S06c08602a2f5,embedded_image,,assets/S06c08602a2f5/embedded/img-007.png,PDF 内嵌位图（矢量线条/组合图形不在此列，须看整页图）
S06c08602a2f5-img-008,S06c08602a2f5,embedded_image,,assets/S06c08602a2f5/embedded/img-008.png,PDF 内嵌位图（矢量线条/组合图形不在此列，须看整页图）
S06c08602a2f5-img-009,S06c08602a2f5,embedded_image,,assets/S06c08602a2f5/embedded/img-009.png,PDF 内嵌位图（矢量线条/组合图形不在此列，须看整页图）
S06c08602a2f5-img-010,S06c08602a2f5,embedded_image,,assets/S06c08602a2f5/embedded/img-010.png,PDF 内嵌位图（矢量线条/组合图形不在此列，须看整页图）
S06c08602a2f5-img-011,S06c08602a2f5,embedded_image,,assets/S06c08602a2f5/embedded/img-011.png,PDF 内嵌位图（矢量线条/组合图形不在此列，须看整页图）
S06c08602a2f5-img-012,S06c08602a2f5,embedded_image,,assets/S06c08602a2f5/embedded/img-012.png,PDF 内嵌位图（矢量线条/组合图形不在此列，须看整页图）
S5b78436dd863-p002,S5b78436dd863,page_render,2,assets/S5b78436dd863/pages/p002.png,含图表/扫描内容的整页图，供显式打开核验
S5b78436dd863-p003,S5b78436dd863,page_render,3,assets/S5b78436dd863/pages/p003.png,含图表/扫描内容的整页图，供显式打开核验
S5b78436dd863-p005,S5b78436dd863,page_render,5,assets/S5b78436dd863/pages/p005.png,含图表/扫描内容的整页图，供显式打开核验
S5b78436dd863-p007,S5b78436dd863,page_render,7,assets/S5b78436dd863/pages/p007.png,含图表/扫描内容的整页图，供显式打开核验
S5b78436dd863-p009,S5b78436dd863,page_render,9,assets/S5b78436dd863/pages/p009.png,含图表/扫描内容的整页图，供显式打开核验
S5b78436dd863-p011,S5b78436dd863,page_render,11,assets/S5b78436dd863/pages/p011.png,含图表/扫描内容的整页图，供显式打开核验
S5b78436dd863-p014,S5b78436dd863,page_render,14,assets/S5b78436dd863/pages/p014.png,含图表/扫描内容的整页图，供显式打开核验
S5b78436dd863-p015,S5b78436dd863,page_render,15,assets/S5b78436dd863/pages/p015.png,含图表/扫描内容的整页图，供显式打开核验
S5b78436dd863-p016,S5b78436dd863,page_render,16,assets/S5b78436dd863/pages/p016.png,含图表/扫描内容的整页图，供显式打开核验
S5b78436dd863-img-000,S5b78436dd863,embedded_image,,assets/S5b78436dd863/embedded/img-000.png,PDF 内嵌位图（矢量线条/组合图形不在此列，须看整页图）
S5b78436dd863-img-001,S5b78436dd863,embedded_image,,assets/S5b78436dd863/embedded/img-001.png,PDF 内嵌位图（矢量线条/组合图形不在此列，须看整页图）
S5b78436dd863-img-002,S5b78436dd863,embedded_image,,assets/S5b78436dd863/embedded/img-002.png,PDF 内嵌位图（矢量线条/组合图形不在此列，须看整页图）
S5b78436dd863-img-003,S5b78436dd863,embedded_image,,assets/S5b78436dd863/embedded/img-003.png,PDF 内嵌位图（矢量线条/组合图形不在此列，须看整页图）
S5b78436dd863-img-004,S5b78436dd863,embedded_image,,assets/S5b78436dd863/embedded/img-004.png,PDF 内嵌位图（矢量线条/组合图形不在此列，须看整页图）
S5b78436dd863-img-005,S5b78436dd863,embedded_image,,assets/S5b78436dd863/embedded/img-005.png,PDF 内嵌位图（矢量线条/组合图形不在此列，须看整页图）
S5b78436dd863-img-006,S5b78436dd863,embedded_image,,assets/S5b78436dd863/embedded/img-006.png,PDF 内嵌位图（矢量线条/组合图形不在此列，须看整页图）
S8eda36bd87db-p002,S8eda36bd87db,page_render,2,assets/S8eda36bd87db/pages/p002.png,含图表/扫描内容的整页图，供显式打开核验
S8eda36bd87db-p003,S8eda36bd87db,page_render,3,assets/S8eda36bd87db/pages/p003.png,含图表/扫描内容的整页图，供显式打开核验
S8eda36bd87db-p004,S8eda36bd87db,page_render,4,assets/S8eda36bd87db/pages/p004.png,含图表/扫描内容的整页图，供显式打开核验
S8eda36bd87db-p006,S8eda36bd87db,page_render,6,assets/S8eda36bd87db/pages/p006.png,含图表/扫描内容的整页图，供显式打开核验
S8eda36bd87db-p007,S8eda36bd87db,page_render,7,assets/S8eda36bd87db/pages/p007.png,含图表/扫描内容的整页图，供显式打开核验
S8eda36bd87db-img-000,S8eda36bd87db,embedded_image,,assets/S8eda36bd87db/embedded/img-000.png,PDF 内嵌位图（矢量线条/组合图形不在此列，须看整页图）
S8eda36bd87db-img-001,S8eda36bd87db,embedded_image,,assets/S8eda36bd87db/embedded/img-001.png,PDF 内嵌位图（矢量线条/组合图形不在此列，须看整页图）
S8eda36bd87db-img-002,S8eda36bd87db,embedded_image,,assets/S8eda36bd87db/embedded/img-002.png,PDF 内嵌位图（矢量线条/组合图形不在此列，须看整页图）
S89765092a6f2-p001,S89765092a6f2,page_render,1,assets/S89765092a6f2/pages/p001.png,含图表/扫描内容的整页图，供显式打开核验
S89765092a6f2-p002,S89765092a6f2,page_render,2,assets/S89765092a6f2/pages/p002.png,含图表/扫描内容的整页图，供显式打开核验
S89765092a6f2-p003,S89765092a6f2,page_render,3,assets/S89765092a6f2/pages/p003.png,含图表/扫描内容的整页图，供显式打开核验
S89765092a6f2-p005,S89765092a6f2,page_render,5,assets/S89765092a6f2/pages/p005.png,含图表/扫描内容的整页图，供显式打开核验
S89765092a6f2-p007,S89765092a6f2,page_render,7,assets/S89765092a6f2/pages/p007.png,含图表/扫描内容的整页图，供显式打开核验
S89765092a6f2-p008,S89765092a6f2,page_render,8,assets/S89765092a6f2/pages/p008.png,含图表/扫描内容的整页图，供显式打开核验
S89765092a6f2-p013,S89765092a6f2,page_render,13,assets/S89765092a6f2/pages/p013.png,含图表/扫描内容的整页图，供显式打开核验
S89765092a6f2-p017,S89765092a6f2,page_render,17,assets/S89765092a6f2/pages/p017.png,含图表/扫描内容的整页图，供显式打开核验
S89765092a6f2-p018,S89765092a6f2,page_render,18,assets/S89765092a6f2/pages/p018.png,含图表/扫描内容的整页图，供显式打开核验
S89765092a6f2-img-000,S89765092a6f2,embedded_image,,assets/S89765092a6f2/embedded/img-000.png,PDF 内嵌位图（矢量线条/组合图形不在此列，须看整页图）
S89765092a6f2-img-001,S89765092a6f2,embedded_image,,assets/S89765092a6f2/embedded/img-001.png,PDF 内嵌位图（矢量线条/组合图形不在此列，须看整页图）
S89765092a6f2-img-002,S89765092a6f2,embedded_image,,assets/S89765092a6f2/embedded/img-002.png,PDF 内嵌位图（矢量线条/组合图形不在此列，须看整页图）
S89765092a6f2-img-003,S89765092a6f2,embedded_image,,assets/S89765092a6f2/embedded/img-003.png,PDF 内嵌位图（矢量线条/组合图形不在此列，须看整页图）
S953eaee3f98d-p001,S953eaee3f98d,page_render,1,assets/S953eaee3f98d/pages/p001.png,含图表/扫描内容的整页图，供显式打开核验
S953eaee3f98d-p002,S953eaee3f98d,page_render,2,assets/S953eaee3f98d/pages/p002.png,含图表/扫描内容的整页图，供显式打开核验
S953eaee3f98d-p003,S953eaee3f98d,page_render,3,assets/S953eaee3f98d/pages/p003.png,含图表/扫描内容的整页图，供显式打开核验
S953eaee3f98d-p004,S953eaee3f98d,page_render,4,assets/S953eaee3f98d/pages/p004.png,含图表/扫描内容的整页图，供显式打开核验
S953eaee3f98d-p005,S953eaee3f98d,page_render,5,assets/S953eaee3f98d/pages/p005.png,含图表/扫描内容的整页图，供显式打开核验
S953eaee3f98d-p006,S953eaee3f98d,page_render,6,assets/S953eaee3f98d/pages/p006.png,含图表/扫描内容的整页图，供显式打开核验
S953eaee3f98d-img-000,S953eaee3f98d,embedded_image,,assets/S953eaee3f98d/embedded/img-000.png,PDF 内嵌位图（矢量线条/组合图形不在此列，须看整页图）
S953eaee3f98d-img-001,S953eaee3f98d,embedded_image,,assets/S953eaee3f98d/embedded/img-001.png,PDF 内嵌位图（矢量线条/组合图形不在此列，须看整页图）
S953eaee3f98d-img-002,S953eaee3f98d,embedded_image,,assets/S953eaee3f98d/embedded/img-002.png,PDF 内嵌位图（矢量线条/组合图形不在此列，须看整页图）
S953eaee3f98d-img-003,S953eaee3f98d,embedded_image,,assets/S953eaee3f98d/embedded/img-003.png,PDF 内嵌位图（矢量线条/组合图形不在此列，须看整页图）
S953eaee3f98d-img-004,S953eaee3f98d,embedded_image,,assets/S953eaee3f98d/embedded/img-004.png,PDF 内嵌位图（矢量线条/组合图形不在此列，须看整页图）
S953eaee3f98d-img-005,S953eaee3f98d,embedded_image,,assets/S953eaee3f98d/embedded/img-005.png,PDF 内嵌位图（矢量线条/组合图形不在此列，须看整页图）
S953eaee3f98d-img-006,S953eaee3f98d,embedded_image,,assets/S953eaee3f98d/embedded/img-006.png,PDF 内嵌位图（矢量线条/组合图形不在此列，须看整页图）
S953eaee3f98d-img-007,S953eaee3f98d,embedded_image,,assets/S953eaee3f98d/embedded/img-007.png,PDF 内嵌位图（矢量线条/组合图形不在此列，须看整页图）
S953eaee3f98d-img-008,S953eaee3f98d,embedded_image,,assets/S953eaee3f98d/embedded/img-008.png,PDF 内嵌位图（矢量线条/组合图形不在此列，须看整页图）
S953eaee3f98d-img-009,S953eaee3f98d,embedded_image,,assets/S953eaee3f98d/embedded/img-009.png,PDF 内嵌位图（矢量线条/组合图形不在此列，须看整页图）
S953eaee3f98d-img-010,S953eaee3f98d,embedded_image,,assets/S953eaee3f98d/embedded/img-010.png,PDF 内嵌位图（矢量线条/组合图形不在此列，须看整页图）
S953eaee3f98d-img-011,S953eaee3f98d,embedded_image,,assets/S953eaee3f98d/embedded/img-011.png,PDF 内嵌位图（矢量线条/组合图形不在此列，须看整页图）
Sec82917288aa-p001,Sec82917288aa,page_render,1,assets/Sec82917288aa/pages/p001.png,含图表/扫描内容的整页图，供显式打开核验
Sec82917288aa-p002,Sec82917288aa,page_render,2,assets/Sec82917288aa/pages/p002.png,含图表/扫描内容的整页图，供显式打开核验
Sec82917288aa-p003,Sec82917288aa,page_render,3,assets/Sec82917288aa/pages/p003.png,含图表/扫描内容的整页图，供显式打开核验
Sec82917288aa-p005,Sec82917288aa,page_render,5,assets/Sec82917288aa/pages/p005.png,含图表/扫描内容的整页图，供显式打开核验
Sec82917288aa-p006,Sec82917288aa,page_render,6,assets/Sec82917288aa/pages/p006.png,含图表/扫描内容的整页图，供显式打开核验
Sec82917288aa-p007,Sec82917288aa,page_render,7,assets/Sec82917288aa/pages/p007.png,含图表/扫描内容的整页图，供显式打开核验
Sec82917288aa-p008,Sec82917288aa,page_render,8,assets/Sec82917288aa/pages/p008.png,含图表/扫描内容的整页图，供显式打开核验
Sec82917288aa-p009,Sec82917288aa,page_render,9,assets/Sec82917288aa/pages/p009.png,含图表/扫描内容的整页图，供显式打开核验
Sb452d8b4e21b-p001,Sb452d8b4e21b,page_render,1,assets/Sb452d8b4e21b/pages/p001.png,含图表/扫描内容的整页图，供显式打开核验
Sb452d8b4e21b-p003,Sb452d8b4e21b,page_render,3,assets/Sb452d8b4e21b/pages/p003.png,含图表/扫描内容的整页图，供显式打开核验
Sb452d8b4e21b-p004,Sb452d8b4e21b,page_render,4,assets/Sb452d8b4e21b/pages/p004.png,含图表/扫描内容的整页图，供显式打开核验
Sb452d8b4e21b-p005,Sb452d8b4e21b,page_render,5,assets/Sb452d8b4e21b/pages/p005.png,含图表/扫描内容的整页图，供显式打开核验
Sb452d8b4e21b-p006,Sb452d8b4e21b,page_render,6,assets/Sb452d8b4e21b/pages/p006.png,含图表/扫描内容的整页图，供显式打开核验
Sb452d8b4e21b-p007,Sb452d8b4e21b,page_render,7,assets/Sb452d8b4e21b/pages/p007.png,含图表/扫描内容的整页图，供显式打开核验
Sb452d8b4e21b-p009,Sb452d8b4e21b,page_render,9,assets/Sb452d8b4e21b/pages/p009.png,含图表/扫描内容的整页图，供显式打开核验
Sb452d8b4e21b-p010,Sb452d8b4e21b,page_render,10,assets/Sb452d8b4e21b/pages/p010.png,含图表/扫描内容的整页图，供显式打开核验
Sb452d8b4e21b-img-000,Sb452d8b4e21b,embedded_image,,assets/Sb452d8b4e21b/embedded/img-000.png,PDF 内嵌位图（矢量线条/组合图形不在此列，须看整页图）
Sb452d8b4e21b-img-001,Sb452d8b4e21b,embedded_image,,assets/Sb452d8b4e21b/embedded/img-001.png,PDF 内嵌位图（矢量线条/组合图形不在此列，须看整页图）
Sb452d8b4e21b-img-002,Sb452d8b4e21b,embedded_image,,assets/Sb452d8b4e21b/embedded/img-002.png,PDF 内嵌位图（矢量线条/组合图形不在此列，须看整页图）
Sb452d8b4e21b-img-003,Sb452d8b4e21b,embedded_image,,assets/Sb452d8b4e21b/embedded/img-003.png,PDF 内嵌位图（矢量线条/组合图形不在此列，须看整页图）
Sb452d8b4e21b-img-004,Sb452d8b4e21b,embedded_image,,assets/Sb452d8b4e21b/embedded/img-004.png,PDF 内嵌位图（矢量线条/组合图形不在此列，须看整页图）
S89d264a31e34-p001,S89d264a31e34,page_render,1,assets/S89d264a31e34/pages/p001.png,含图表/扫描内容的整页图，供显式打开核验
S89d264a31e34-p002,S89d264a31e34,page_render,2,assets/S89d264a31e34/pages/p002.png,含图表/扫描内容的整页图，供显式打开核验
S89d264a31e34-p003,S89d264a31e34,page_render,3,assets/S89d264a31e34/pages/p003.png,含图表/扫描内容的整页图，供显式打开核验
S89d264a31e34-p004,S89d264a31e34,page_render,4,assets/S89d264a31e34/pages/p004.png,含图表/扫描内容的整页图，供显式打开核验
S89d264a31e34-p005,S89d264a31e34,page_render,5,assets/S89d264a31e34/pages/p005.png,含图表/扫描内容的整页图，供显式打开核验
S6662da1c2772-p001,S6662da1c2772,page_render,1,assets/S6662da1c2772/pages/p001.png,含图表/扫描内容的整页图，供显式打开核验
S6662da1c2772-p002,S6662da1c2772,page_render,2,assets/S6662da1c2772/pages/p002.png,含图表/扫描内容的整页图，供显式打开核验
S6662da1c2772-p003,S6662da1c2772,page_render,3,assets/S6662da1c2772/pages/p003.png,含图表/扫描内容的整页图，供显式打开核验
S6662da1c2772-p004,S6662da1c2772,page_render,4,assets/S6662da1c2772/pages/p004.png,含图表/扫描内容的整页图，供显式打开核验
S6662da1c2772-p005,S6662da1c2772,page_render,5,assets/S6662da1c2772/pages/p005.png,含图表/扫描内容的整页图，供显式打开核验
S6662da1c2772-p007,S6662da1c2772,page_render,7,assets/S6662da1c2772/pages/p007.png,含图表/扫描内容的整页图，供显式打开核验
S6662da1c2772-p008,S6662da1c2772,page_render,8,assets/S6662da1c2772/pages/p008.png,含图表/扫描内容的整页图，供显式打开核验
S6662da1c2772-p009,S6662da1c2772,page_render,9,assets/S6662da1c2772/pages/p009.png,含图表/扫描内容的整页图，供显式打开核验
S6662da1c2772-p010,S6662da1c2772,page_render,10,assets/S6662da1c2772/pages/p010.png,含图表/扫描内容的整页图，供显式打开核验
S6662da1c2772-img-000,S6662da1c2772,embedded_image,,assets/S6662da1c2772/embedded/img-000.png,PDF 内嵌位图（矢量线条/组合图形不在此列，须看整页图）
S6662da1c2772-img-001,S6662da1c2772,embedded_image,,assets/S6662da1c2772/embedded/img-001.png,PDF 内嵌位图（矢量线条/组合图形不在此列，须看整页图）
S6662da1c2772-img-002,S6662da1c2772,embedded_image,,assets/S6662da1c2772/embedded/img-002.png,PDF 内嵌位图（矢量线条/组合图形不在此列，须看整页图）
S6662da1c2772-img-003,S6662da1c2772,embedded_image,,assets/S6662da1c2772/embedded/img-003.png,PDF 内嵌位图（矢量线条/组合图形不在此列，须看整页图）
S6662da1c2772-img-004,S6662da1c2772,embedded_image,,assets/S6662da1c2772/embedded/img-004.png,PDF 内嵌位图（矢量线条/组合图形不在此列，须看整页图）
S6662da1c2772-img-005,S6662da1c2772,embedded_image,,assets/S6662da1c2772/embedded/img-005.png,PDF 内嵌位图（矢量线条/组合图形不在此列，须看整页图）
Seaae525d6ec9-p001,Seaae525d6ec9,page_render,1,assets/Seaae525d6ec9/pages/p001.png,含图表/扫描内容的整页图，供显式打开核验
Seaae525d6ec9-p002,Seaae525d6ec9,page_render,2,assets/Seaae525d6ec9/pages/p002.png,含图表/扫描内容的整页图，供显式打开核验
Seaae525d6ec9-p003,Seaae525d6ec9,page_render,3,assets/Seaae525d6ec9/pages/p003.png,含图表/扫描内容的整页图，供显式打开核验
Seaae525d6ec9-p004,Seaae525d6ec9,page_render,4,assets/Seaae525d6ec9/pages/p004.png,含图表/扫描内容的整页图，供显式打开核验
Seaae525d6ec9-p005,Seaae525d6ec9,page_render,5,assets/Seaae525d6ec9/pages/p005.png,含图表/扫描内容的整页图，供显式打开核验
Seaae525d6ec9-p006,Seaae525d6ec9,page_render,6,assets/Seaae525d6ec9/pages/p006.png,含图表/扫描内容的整页图，供显式打开核验
Seaae525d6ec9-p007,Seaae525d6ec9,page_render,7,assets/Seaae525d6ec9/pages/p007.png,含图表/扫描内容的整页图，供显式打开核验
Seaae525d6ec9-p008,Seaae525d6ec9,page_render,8,assets/Seaae525d6ec9/pages/p008.png,含图表/扫描内容的整页图，供显式打开核验
Seaae525d6ec9-p009,Seaae525d6ec9,page_render,9,assets/Seaae525d6ec9/pages/p009.png,含图表/扫描内容的整页图，供显式打开核验
Seaae525d6ec9-p010,Seaae525d6ec9,page_render,10,assets/Seaae525d6ec9/pages/p010.png,含图表/扫描内容的整页图，供显式打开核验
Seaae525d6ec9-p011,Seaae525d6ec9,page_render,11,assets/Seaae525d6ec9/pages/p011.png,含图表/扫描内容的整页图，供显式打开核验
Seaae525d6ec9-p012,Seaae525d6ec9,page_render,12,assets/Seaae525d6ec9/pages/p012.png,含图表/扫描内容的整页图，供显式打开核验
Seaae525d6ec9-p013,Seaae525d6ec9,page_render,13,assets/Seaae525d6ec9/pages/p013.png,含图表/扫描内容的整页图，供显式打开核验
Seaae525d6ec9-p014,Seaae525d6ec9,page_render,14,assets/Seaae525d6ec9/pages/p014.png,含图表/扫描内容的整页图，供显式打开核验
Seaae525d6ec9-p015,Seaae525d6ec9,page_render,15,assets/Seaae525d6ec9/pages/p015.png,含图表/扫描内容的整页图，供显式打开核验
Seaae525d6ec9-p016,Seaae525d6ec9,page_render,16,assets/Seaae525d6ec9/pages/p016.png,含图表/扫描内容的整页图，供显式打开核验
Seaae525d6ec9-img-000,Seaae525d6ec9,embedded_image,,assets/Seaae525d6ec9/embedded/img-000.png,PDF 内嵌位图（矢量线条/组合图形不在此列，须看整页图）
Seaae525d6ec9-img-001,Seaae525d6ec9,embedded_image,,assets/Seaae525d6ec9/embedded/img-001.png,PDF 内嵌位图（矢量线条/组合图形不在此列，须看整页图）
Seaae525d6ec9-img-002,Seaae525d6ec9,embedded_image,,assets/Seaae525d6ec9/embedded/img-002.png,PDF 内嵌位图（矢量线条/组合图形不在此列，须看整页图）
Seaae525d6ec9-img-003,Seaae525d6ec9,embedded_image,,assets/Seaae525d6ec9/embedded/img-003.png,PDF 内嵌位图（矢量线条/组合图形不在此列，须看整页图）
Seaae525d6ec9-img-004,Seaae525d6ec9,embedded_image,,assets/Seaae525d6ec9/embedded/img-004.png,PDF 内嵌位图（矢量线条/组合图形不在此列，须看整页图）
Seaae525d6ec9-img-005,Seaae525d6ec9,embedded_image,,assets/Seaae525d6ec9/embedded/img-005.png,PDF 内嵌位图（矢量线条/组合图形不在此列，须看整页图）
Seaae525d6ec9-img-006,Seaae525d6ec9,embedded_image,,assets/Seaae525d6ec9/embedded/img-006.png,PDF 内嵌位图（矢量线条/组合图形不在此列，须看整页图）
Seaae525d6ec9-img-007,Seaae525d6ec9,embedded_image,,assets/Seaae525d6ec9/embedded/img-007.png,PDF 内嵌位图（矢量线条/组合图形不在此列，须看整页图）
Seaae525d6ec9-img-008,Seaae525d6ec9,embedded_image,,assets/Seaae525d6ec9/embedded/img-008.png,PDF 内嵌位图（矢量线条/组合图形不在此列，须看整页图）
Seaae525d6ec9-img-009,Seaae525d6ec9,embedded_image,,assets/Seaae525d6ec9/embedded/img-009.png,PDF 内嵌位图（矢量线条/组合图形不在此列，须看整页图）
Seaae525d6ec9-img-010,Seaae525d6ec9,embedded_image,,assets/Seaae525d6ec9/embedded/img-010.png,PDF 内嵌位图（矢量线条/组合图形不在此列，须看整页图）
Seaae525d6ec9-img-011,Seaae525d6ec9,embedded_image,,assets/Seaae525d6ec9/embedded/img-011.png,PDF 内嵌位图（矢量线条/组合图形不在此列，须看整页图）
Seaae525d6ec9-img-012,Seaae525d6ec9,embedded_image,,assets/Seaae525d6ec9/embedded/img-012.png,PDF 内嵌位图（矢量线条/组合图形不在此列，须看整页图）
Seaae525d6ec9-img-013,Seaae525d6ec9,embedded_image,,assets/Seaae525d6ec9/embedded/img-013.png,PDF 内嵌位图（矢量线条/组合图形不在此列，须看整页图）
Seaae525d6ec9-img-014,Seaae525d6ec9,embedded_image,,assets/Seaae525d6ec9/embedded/img-014.png,PDF 内嵌位图（矢量线条/组合图形不在此列，须看整页图）
Seaae525d6ec9-img-015,Seaae525d6ec9,embedded_image,,assets/Seaae525d6ec9/embedded/img-015.png,PDF 内嵌位图（矢量线条/组合图形不在此列，须看整页图）
Seaae525d6ec9-img-016,Seaae525d6ec9,embedded_image,,assets/Seaae525d6ec9/embedded/img-016.png,PDF 内嵌位图（矢量线条/组合图形不在此列，须看整页图）
Seaae525d6ec9-img-017,Seaae525d6ec9,embedded_image,,assets/Seaae525d6ec9/embedded/img-017.png,PDF 内嵌位图（矢量线条/组合图形不在此列，须看整页图）
Seaae525d6ec9-img-018,Seaae525d6ec9,embedded_image,,assets/Seaae525d6ec9/embedded/img-018.png,PDF 内嵌位图（矢量线条/组合图形不在此列，须看整页图）
Seaae525d6ec9-img-019,Seaae525d6ec9,embedded_image,,assets/Seaae525d6ec9/embedded/img-019.png,PDF 内嵌位图（矢量线条/组合图形不在此列，须看整页图）
Seaae525d6ec9-img-020,Seaae525d6ec9,embedded_image,,assets/Seaae525d6ec9/embedded/img-020.png,PDF 内嵌位图（矢量线条/组合图形不在此列，须看整页图）
Seaae525d6ec9-img-021,Seaae525d6ec9,embedded_image,,assets/Seaae525d6ec9/embedded/img-021.png,PDF 内嵌位图（矢量线条/组合图形不在此列，须看整页图）
Seaae525d6ec9-img-022,Seaae525d6ec9,embedded_image,,assets/Seaae525d6ec9/embedded/img-022.png,PDF 内嵌位图（矢量线条/组合图形不在此列，须看整页图）
Seaae525d6ec9-img-023,Seaae525d6ec9,embedded_image,,assets/Seaae525d6ec9/embedded/img-023.png,PDF 内嵌位图（矢量线条/组合图形不在此列，须看整页图）
Seaae525d6ec9-img-024,Seaae525d6ec9,embedded_image,,assets/Seaae525d6ec9/embedded/img-024.png,PDF 内嵌位图（矢量线条/组合图形不在此列，须看整页图）
Seaae525d6ec9-img-025,Seaae525d6ec9,embedded_image,,assets/Seaae525d6ec9/embedded/img-025.png,PDF 内嵌位图（矢量线条/组合图形不在此列，须看整页图）
Seaae525d6ec9-img-026,Seaae525d6ec9,embedded_image,,assets/Seaae525d6ec9/embedded/img-026.png,PDF 内嵌位图（矢量线条/组合图形不在此列，须看整页图）
Seaae525d6ec9-img-027,Seaae525d6ec9,embedded_image,,assets/Seaae525d6ec9/embedded/img-027.png,PDF 内嵌位图（矢量线条/组合图形不在此列，须看整页图）
Seaae525d6ec9-img-028,Seaae525d6ec9,embedded_image,,assets/Seaae525d6ec9/embedded/img-028.png,PDF 内嵌位图（矢量线条/组合图形不在此列，须看整页图）
Seaae525d6ec9-img-029,Seaae525d6ec9,embedded_image,,assets/Seaae525d6ec9/embedded/img-029.png,PDF 内嵌位图（矢量线条/组合图形不在此列，须看整页图）
Seaae525d6ec9-img-030,Seaae525d6ec9,embedded_image,,assets/Seaae525d6ec9/embedded/img-030.png,PDF 内嵌位图（矢量线条/组合图形不在此列，须看整页图）
Seaae525d6ec9-img-031,Seaae525d6ec9,embedded_image,,assets/Seaae525d6ec9/embedded/img-031.png,PDF 内嵌位图（矢量线条/组合图形不在此列，须看整页图）
S99e851c9338f-p007,S99e851c9338f,page_render,7,assets/S99e851c9338f/pages/p007.png,含图表/扫描内容的整页图，供显式打开核验
S99e851c9338f-p013,S99e851c9338f,page_render,13,assets/S99e851c9338f/pages/p013.png,含图表/扫描内容的整页图，供显式打开核验
S99e851c9338f-img-000,S99e851c9338f,embedded_image,,assets/S99e851c9338f/embedded/img-000.png,PDF 内嵌位图（矢量线条/组合图形不在此列，须看整页图）
S99e851c9338f-img-001,S99e851c9338f,embedded_image,,assets/S99e851c9338f/embedded/img-001.png,PDF 内嵌位图（矢量线条/组合图形不在此列，须看整页图）
S99e851c9338f-img-002,S99e851c9338f,embedded_image,,assets/S99e851c9338f/embedded/img-002.png,PDF 内嵌位图（矢量线条/组合图形不在此列，须看整页图）
S99e851c9338f-img-003,S99e851c9338f,embedded_image,,assets/S99e851c9338f/embedded/img-003.png,PDF 内嵌位图（矢量线条/组合图形不在此列，须看整页图）
S99e851c9338f-img-004,S99e851c9338f,embedded_image,,assets/S99e851c9338f/embedded/img-004.png,PDF 内嵌位图（矢量线条/组合图形不在此列，须看整页图）
S99e851c9338f-img-005,S99e851c9338f,embedded_image,,assets/S99e851c9338f/embedded/img-005.png,PDF 内嵌位图（矢量线条/组合图形不在此列，须看整页图）
S99e851c9338f-img-006,S99e851c9338f,embedded_image,,assets/S99e851c9338f/embedded/img-006.png,PDF 内嵌位图（矢量线条/组合图形不在此列，须看整页图）
S99e851c9338f-img-007,S99e851c9338f,embedded_image,,assets/S99e851c9338f/embedded/img-007.png,PDF 内嵌位图（矢量线条/组合图形不在此列，须看整页图）
S99e851c9338f-img-008,S99e851c9338f,embedded_image,,assets/S99e851c9338f/embedded/img-008.png,PDF 内嵌位图（矢量线条/组合图形不在此列，须看整页图）
S99e851c9338f-img-009,S99e851c9338f,embedded_image,,assets/S99e851c9338f/embedded/img-009.png,PDF 内嵌位图（矢量线条/组合图形不在此列，须看整页图）
S99e851c9338f-img-010,S99e851c9338f,embedded_image,,assets/S99e851c9338f/embedded/img-010.png,PDF 内嵌位图（矢量线条/组合图形不在此列，须看整页图）
S99e851c9338f-img-011,S99e851c9338f,embedded_image,,assets/S99e851c9338f/embedded/img-011.png,PDF 内嵌位图（矢量线条/组合图形不在此列，须看整页图）
S99e851c9338f-img-012,S99e851c9338f,embedded_image,,assets/S99e851c9338f/embedded/img-012.png,PDF 内嵌位图（矢量线条/组合图形不在此列，须看整页图）
S99e851c9338f-img-013,S99e851c9338f,embedded_image,,assets/S99e851c9338f/embedded/img-013.png,PDF 内嵌位图（矢量线条/组合图形不在此列，须看整页图）
S99e851c9338f-img-014,S99e851c9338f,embedded_image,,assets/S99e851c9338f/embedded/img-014.png,PDF 内嵌位图（矢量线条/组合图形不在此列，须看整页图）
S99e851c9338f-img-015,S99e851c9338f,embedded_image,,assets/S99e851c9338f/embedded/img-015.png,PDF 内嵌位图（矢量线条/组合图形不在此列，须看整页图）
S99e851c9338f-img-016,S99e851c9338f,embedded_image,,assets/S99e851c9338f/embedded/img-016.png,PDF 内嵌位图（矢量线条/组合图形不在此列，须看整页图）
S99e851c9338f-img-017,S99e851c9338f,embedded_image,,assets/S99e851c9338f/embedded/img-017.png,PDF 内嵌位图（矢量线条/组合图形不在此列，须看整页图）
S99e851c9338f-img-018,S99e851c9338f,embedded_image,,assets/S99e851c9338f/embedded/img-018.png,PDF 内嵌位图（矢量线条/组合图形不在此列，须看整页图）
S99e851c9338f-img-019,S99e851c9338f,embedded_image,,assets/S99e851c9338f/embedded/img-019.png,PDF 内嵌位图（矢量线条/组合图形不在此列，须看整页图）
S99e851c9338f-img-020,S99e851c9338f,embedded_image,,assets/S99e851c9338f/embedded/img-020.png,PDF 内嵌位图（矢量线条/组合图形不在此列，须看整页图）
S99e851c9338f-img-021,S99e851c9338f,embedded_image,,assets/S99e851c9338f/embedded/img-021.png,PDF 内嵌位图（矢量线条/组合图形不在此列，须看整页图）
S99e851c9338f-img-022,S99e851c9338f,embedded_image,,assets/S99e851c9338f/embedded/img-022.png,PDF 内嵌位图（矢量线条/组合图形不在此列，须看整页图）
S99e851c9338f-img-023,S99e851c9338f,embedded_image,,assets/S99e851c9338f/embedded/img-023.png,PDF 内嵌位图（矢量线条/组合图形不在此列，须看整页图）
S99e851c9338f-img-024,S99e851c9338f,embedded_image,,assets/S99e851c9338f/embedded/img-024.png,PDF 内嵌位图（矢量线条/组合图形不在此列，须看整页图）
S99e851c9338f-img-025,S99e851c9338f,embedded_image,,assets/S99e851c9338f/embedded/img-025.png,PDF 内嵌位图（矢量线条/组合图形不在此列，须看整页图）
S99e851c9338f-img-026,S99e851c9338f,embedded_image,,assets/S99e851c9338f/embedded/img-026.png,PDF 内嵌位图（矢量线条/组合图形不在此列，须看整页图）
S99e851c9338f-img-027,S99e851c9338f,embedded_image,,assets/S99e851c9338f/embedded/img-027.png,PDF 内嵌位图（矢量线条/组合图形不在此列，须看整页图）
S99e851c9338f-img-028,S99e851c9338f,embedded_image,,assets/S99e851c9338f/embedded/img-028.png,PDF 内嵌位图（矢量线条/组合图形不在此列，须看整页图）
S99e851c9338f-img-029,S99e851c9338f,embedded_image,,assets/S99e851c9338f/embedded/img-029.png,PDF 内嵌位图（矢量线条/组合图形不在此列，须看整页图）
S99e851c9338f-img-030,S99e851c9338f,embedded_image,,assets/S99e851c9338f/embedded/img-030.png,PDF 内嵌位图（矢量线条/组合图形不在此列，须看整页图）
S99e851c9338f-img-031,S99e851c9338f,embedded_image,,assets/S99e851c9338f/embedded/img-031.png,PDF 内嵌位图（矢量线条/组合图形不在此列，须看整页图）
S99e851c9338f-img-032,S99e851c9338f,embedded_image,,assets/S99e851c9338f/embedded/img-032.png,PDF 内嵌位图（矢量线条/组合图形不在此列，须看整页图）
S99e851c9338f-img-033,S99e851c9338f,embedded_image,,assets/S99e851c9338f/embedded/img-033.png,PDF 内嵌位图（矢量线条/组合图形不在此列，须看整页图）
S99e851c9338f-img-034,S99e851c9338f,embedded_image,,assets/S99e851c9338f/embedded/img-034.png,PDF 内嵌位图（矢量线条/组合图形不在此列，须看整页图）
S99e851c9338f-img-035,S99e851c9338f,embedded_image,,assets/S99e851c9338f/embedded/img-035.png,PDF 内嵌位图（矢量线条/组合图形不在此列，须看整页图）
S99e851c9338f-img-036,S99e851c9338f,embedded_image,,assets/S99e851c9338f/embedded/img-036.png,PDF 内嵌位图（矢量线条/组合图形不在此列，须看整页图）
S99e851c9338f-img-037,S99e851c9338f,embedded_image,,assets/S99e851c9338f/embedded/img-037.png,PDF 内嵌位图（矢量线条/组合图形不在此列，须看整页图）
S99e851c9338f-img-038,S99e851c9338f,embedded_image,,assets/S99e851c9338f/embedded/img-038.png,PDF 内嵌位图（矢量线条/组合图形不在此列，须看整页图）
S99e851c9338f-img-039,S99e851c9338f,embedded_image,,assets/S99e851c9338f/embedded/img-039.png,PDF 内嵌位图（矢量线条/组合图形不在此列，须看整页图）
S99e851c9338f-img-040,S99e851c9338f,embedded_image,,assets/S99e851c9338f/embedded/img-040.png,PDF 内嵌位图（矢量线条/组合图形不在此列，须看整页图）
S99e851c9338f-img-041,S99e851c9338f,embedded_image,,assets/S99e851c9338f/embedded/img-041.png,PDF 内嵌位图（矢量线条/组合图形不在此列，须看整页图）
S99e851c9338f-img-042,S99e851c9338f,embedded_image,,assets/S99e851c9338f/embedded/img-042.png,PDF 内嵌位图（矢量线条/组合图形不在此列，须看整页图）
S99e851c9338f-img-043,S99e851c9338f,embedded_image,,assets/S99e851c9338f/embedded/img-043.png,PDF 内嵌位图（矢量线条/组合图形不在此列，须看整页图）
S99e851c9338f-img-044,S99e851c9338f,embedded_image,,assets/S99e851c9338f/embedded/img-044.png,PDF 内嵌位图（矢量线条/组合图形不在此列，须看整页图）
S99e851c9338f-img-045,S99e851c9338f,embedded_image,,assets/S99e851c9338f/embedded/img-045.png,PDF 内嵌位图（矢量线条/组合图形不在此列，须看整页图）
S99e851c9338f-img-046,S99e851c9338f,embedded_image,,assets/S99e851c9338f/embedded/img-046.png,PDF 内嵌位图（矢量线条/组合图形不在此列，须看整页图）
S99e851c9338f-img-047,S99e851c9338f,embedded_image,,assets/S99e851c9338f/embedded/img-047.png,PDF 内嵌位图（矢量线条/组合图形不在此列，须看整页图）
S99e851c9338f-img-048,S99e851c9338f,embedded_image,,assets/S99e851c9338f/embedded/img-048.png,PDF 内嵌位图（矢量线条/组合图形不在此列，须看整页图）
S99e851c9338f-img-049,S99e851c9338f,embedded_image,,assets/S99e851c9338f/embedded/img-049.png,PDF 内嵌位图（矢量线条/组合图形不在此列，须看整页图）
S99e851c9338f-img-050,S99e851c9338f,embedded_image,,assets/S99e851c9338f/embedded/img-050.png,PDF 内嵌位图（矢量线条/组合图形不在此列，须看整页图）
S99e851c9338f-img-051,S99e851c9338f,embedded_image,,assets/S99e851c9338f/embedded/img-051.png,PDF 内嵌位图（矢量线条/组合图形不在此列，须看整页图）
S99e851c9338f-img-052,S99e851c9338f,embedded_image,,assets/S99e851c9338f/embedded/img-052.png,PDF 内嵌位图（矢量线条/组合图形不在此列，须看整页图）
S99e851c9338f-img-053,S99e851c9338f,embedded_image,,assets/S99e851c9338f/embedded/img-053.png,PDF 内嵌位图（矢量线条/组合图形不在此列，须看整页图）
S99e851c9338f-img-054,S99e851c9338f,embedded_image,,assets/S99e851c9338f/embedded/img-054.png,PDF 内嵌位图（矢量线条/组合图形不在此列，须看整页图）
S99e851c9338f-img-055,S99e851c9338f,embedded_image,,assets/S99e851c9338f/embedded/img-055.png,PDF 内嵌位图（矢量线条/组合图形不在此列，须看整页图）
S99e851c9338f-img-056,S99e851c9338f,embedded_image,,assets/S99e851c9338f/embedded/img-056.png,PDF 内嵌位图（矢量线条/组合图形不在此列，须看整页图）
S99e851c9338f-img-057,S99e851c9338f,embedded_image,,assets/S99e851c9338f/embedded/img-057.png,PDF 内嵌位图（矢量线条/组合图形不在此列，须看整页图）
S99e851c9338f-img-058,S99e851c9338f,embedded_image,,assets/S99e851c9338f/embedded/img-058.png,PDF 内嵌位图（矢量线条/组合图形不在此列，须看整页图）
S99e851c9338f-img-059,S99e851c9338f,embedded_image,,assets/S99e851c9338f/embedded/img-059.png,PDF 内嵌位图（矢量线条/组合图形不在此列，须看整页图）
S99e851c9338f-img-060,S99e851c9338f,embedded_image,,assets/S99e851c9338f/embedded/img-060.png,PDF 内嵌位图（矢量线条/组合图形不在此列，须看整页图）
S99e851c9338f-img-061,S99e851c9338f,embedded_image,,assets/S99e851c9338f/embedded/img-061.png,PDF 内嵌位图（矢量线条/组合图形不在此列，须看整页图）
S99e851c9338f-img-062,S99e851c9338f,embedded_image,,assets/S99e851c9338f/embedded/img-062.png,PDF 内嵌位图（矢量线条/组合图形不在此列，须看整页图）
S99e851c9338f-img-063,S99e851c9338f,embedded_image,,assets/S99e851c9338f/embedded/img-063.png,PDF 内嵌位图（矢量线条/组合图形不在此列，须看整页图）
S99e851c9338f-img-064,S99e851c9338f,embedded_image,,assets/S99e851c9338f/embedded/img-064.png,PDF 内嵌位图（矢量线条/组合图形不在此列，须看整页图）
S99e851c9338f-img-065,S99e851c9338f,embedded_image,,assets/S99e851c9338f/embedded/img-065.png,PDF 内嵌位图（矢量线条/组合图形不在此列，须看整页图）
S99e851c9338f-img-066,S99e851c9338f,embedded_image,,assets/S99e851c9338f/embedded/img-066.png,PDF 内嵌位图（矢量线条/组合图形不在此列，须看整页图）
S99e851c9338f-img-067,S99e851c9338f,embedded_image,,assets/S99e851c9338f/embedded/img-067.png,PDF 内嵌位图（矢量线条/组合图形不在此列，须看整页图）
S99e851c9338f-img-068,S99e851c9338f,embedded_image,,assets/S99e851c9338f/embedded/img-068.png,PDF 内嵌位图（矢量线条/组合图形不在此列，须看整页图）
S99e851c9338f-img-069,S99e851c9338f,embedded_image,,assets/S99e851c9338f/embedded/img-069.png,PDF 内嵌位图（矢量线条/组合图形不在此列，须看整页图）
S99e851c9338f-img-070,S99e851c9338f,embedded_image,,assets/S99e851c9338f/embedded/img-070.png,PDF 内嵌位图（矢量线条/组合图形不在此列，须看整页图）
S99e851c9338f-img-071,S99e851c9338f,embedded_image,,assets/S99e851c9338f/embedded/img-071.png,PDF 内嵌位图（矢量线条/组合图形不在此列，须看整页图）
S99e851c9338f-img-072,S99e851c9338f,embedded_image,,assets/S99e851c9338f/embedded/img-072.png,PDF 内嵌位图（矢量线条/组合图形不在此列，须看整页图）
S99e851c9338f-img-073,S99e851c9338f,embedded_image,,assets/S99e851c9338f/embedded/img-073.png,PDF 内嵌位图（矢量线条/组合图形不在此列，须看整页图）
S99e851c9338f-img-074,S99e851c9338f,embedded_image,,assets/S99e851c9338f/embedded/img-074.png,PDF 内嵌位图（矢量线条/组合图形不在此列，须看整页图）
S99e851c9338f-img-075,S99e851c9338f,embedded_image,,assets/S99e851c9338f/embedded/img-075.png,PDF 内嵌位图（矢量线条/组合图形不在此列，须看整页图）
S99e851c9338f-img-076,S99e851c9338f,embedded_image,,assets/S99e851c9338f/embedded/img-076.png,PDF 内嵌位图（矢量线条/组合图形不在此列，须看整页图）
S99e851c9338f-img-077,S99e851c9338f,embedded_image,,assets/S99e851c9338f/embedded/img-077.png,PDF 内嵌位图（矢量线条/组合图形不在此列，须看整页图）
S99e851c9338f-img-078,S99e851c9338f,embedded_image,,assets/S99e851c9338f/embedded/img-078.png,PDF 内嵌位图（矢量线条/组合图形不在此列，须看整页图）
S99e851c9338f-img-079,S99e851c9338f,embedded_image,,assets/S99e851c9338f/embedded/img-079.png,PDF 内嵌位图（矢量线条/组合图形不在此列，须看整页图）
S99e851c9338f-img-080,S99e851c9338f,embedded_image,,assets/S99e851c9338f/embedded/img-080.png,PDF 内嵌位图（矢量线条/组合图形不在此列，须看整页图）
S99e851c9338f-img-081,S99e851c9338f,embedded_image,,assets/S99e851c9338f/embedded/img-081.png,PDF 内嵌位图（矢量线条/组合图形不在此列，须看整页图）
S99e851c9338f-img-082,S99e851c9338f,embedded_image,,assets/S99e851c9338f/embedded/img-082.png,PDF 内嵌位图（矢量线条/组合图形不在此列，须看整页图）
S99e851c9338f-img-083,S99e851c9338f,embedded_image,,assets/S99e851c9338f/embedded/img-083.png,PDF 内嵌位图（矢量线条/组合图形不在此列，须看整页图）
S99e851c9338f-img-084,S99e851c9338f,embedded_image,,assets/S99e851c9338f/embedded/img-084.png,PDF 内嵌位图（矢量线条/组合图形不在此列，须看整页图）
S99e851c9338f-img-085,S99e851c9338f,embedded_image,,assets/S99e851c9338f/embedded/img-085.png,PDF 内嵌位图（矢量线条/组合图形不在此列，须看整页图）
S99e851c9338f-img-086,S99e851c9338f,embedded_image,,assets/S99e851c9338f/embedded/img-086.png,PDF 内嵌位图（矢量线条/组合图形不在此列，须看整页图）
S99e851c9338f-img-087,S99e851c9338f,embedded_image,,assets/S99e851c9338f/embedded/img-087.png,PDF 内嵌位图（矢量线条/组合图形不在此列，须看整页图）
S99e851c9338f-img-088,S99e851c9338f,embedded_image,,assets/S99e851c9338f/embedded/img-088.png,PDF 内嵌位图（矢量线条/组合图形不在此列，须看整页图）
S99e851c9338f-img-089,S99e851c9338f,embedded_image,,assets/S99e851c9338f/embedded/img-089.png,PDF 内嵌位图（矢量线条/组合图形不在此列，须看整页图）
S99e851c9338f-img-090,S99e851c9338f,embedded_image,,assets/S99e851c9338f/embedded/img-090.png,PDF 内嵌位图（矢量线条/组合图形不在此列，须看整页图）
S99e851c9338f-img-091,S99e851c9338f,embedded_image,,assets/S99e851c9338f/embedded/img-091.png,PDF 内嵌位图（矢量线条/组合图形不在此列，须看整页图）
S99e851c9338f-img-092,S99e851c9338f,embedded_image,,assets/S99e851c9338f/embedded/img-092.png,PDF 内嵌位图（矢量线条/组合图形不在此列，须看整页图）
S99e851c9338f-img-093,S99e851c9338f,embedded_image,,assets/S99e851c9338f/embedded/img-093.png,PDF 内嵌位图（矢量线条/组合图形不在此列，须看整页图）
S99e851c9338f-img-094,S99e851c9338f,embedded_image,,assets/S99e851c9338f/embedded/img-094.png,PDF 内嵌位图（矢量线条/组合图形不在此列，须看整页图）
S99e851c9338f-img-095,S99e851c9338f,embedded_image,,assets/S99e851c9338f/embedded/img-095.png,PDF 内嵌位图（矢量线条/组合图形不在此列，须看整页图）
S99e851c9338f-img-096,S99e851c9338f,embedded_image,,assets/S99e851c9338f/embedded/img-096.png,PDF 内嵌位图（矢量线条/组合图形不在此列，须看整页图）
S99e851c9338f-img-097,S99e851c9338f,embedded_image,,assets/S99e851c9338f/embedded/img-097.png,PDF 内嵌位图（矢量线条/组合图形不在此列，须看整页图）
S99e851c9338f-img-098,S99e851c9338f,embedded_image,,assets/S99e851c9338f/embedded/img-098.png,PDF 内嵌位图（矢量线条/组合图形不在此列，须看整页图）
S99e851c9338f-img-099,S99e851c9338f,embedded_image,,assets/S99e851c9338f/embedded/img-099.png,PDF 内嵌位图（矢量线条/组合图形不在此列，须看整页图）
S99e851c9338f-img-100,S99e851c9338f,embedded_image,,assets/S99e851c9338f/embedded/img-100.png,PDF 内嵌位图（矢量线条/组合图形不在此列，须看整页图）
S99e851c9338f-img-101,S99e851c9338f,embedded_image,,assets/S99e851c9338f/embedded/img-101.png,PDF 内嵌位图（矢量线条/组合图形不在此列，须看整页图）
S99e851c9338f-img-102,S99e851c9338f,embedded_image,,assets/S99e851c9338f/embedded/img-102.png,PDF 内嵌位图（矢量线条/组合图形不在此列，须看整页图）
S99e851c9338f-img-103,S99e851c9338f,embedded_image,,assets/S99e851c9338f/embedded/img-103.png,PDF 内嵌位图（矢量线条/组合图形不在此列，须看整页图）
S99e851c9338f-img-104,S99e851c9338f,embedded_image,,assets/S99e851c9338f/embedded/img-104.png,PDF 内嵌位图（矢量线条/组合图形不在此列，须看整页图）
S99e851c9338f-img-105,S99e851c9338f,embedded_image,,assets/S99e851c9338f/embedded/img-105.png,PDF 内嵌位图（矢量线条/组合图形不在此列，须看整页图）
S99e851c9338f-img-106,S99e851c9338f,embedded_image,,assets/S99e851c9338f/embedded/img-106.png,PDF 内嵌位图（矢量线条/组合图形不在此列，须看整页图）
S99e851c9338f-img-107,S99e851c9338f,embedded_image,,assets/S99e851c9338f/embedded/img-107.png,PDF 内嵌位图（矢量线条/组合图形不在此列，须看整页图）
S99e851c9338f-img-108,S99e851c9338f,embedded_image,,assets/S99e851c9338f/embedded/img-108.png,PDF 内嵌位图（矢量线条/组合图形不在此列，须看整页图）
S34b21a3a804e-p001,S34b21a3a804e,page_render,1,assets/S34b21a3a804e/pages/p001.png,含图表/扫描内容的整页图，供显式打开核验
S34b21a3a804e-p002,S34b21a3a804e,page_render,2,assets/S34b21a3a804e/pages/p002.png,含图表/扫描内容的整页图，供显式打开核验
S34b21a3a804e-p003,S34b21a3a804e,page_render,3,assets/S34b21a3a804e/pages/p003.png,含图表/扫描内容的整页图，供显式打开核验
S34b21a3a804e-p004,S34b21a3a804e,page_render,4,assets/S34b21a3a804e/pages/p004.png,含图表/扫描内容的整页图，供显式打开核验
S34b21a3a804e-p005,S34b21a3a804e,page_render,5,assets/S34b21a3a804e/pages/p005.png,含图表/扫描内容的整页图，供显式打开核验
S34b21a3a804e-p006,S34b21a3a804e,page_render,6,assets/S34b21a3a804e/pages/p006.png,含图表/扫描内容的整页图，供显式打开核验
S34b21a3a804e-p007,S34b21a3a804e,page_render,7,assets/S34b21a3a804e/pages/p007.png,含图表/扫描内容的整页图，供显式打开核验
S34b21a3a804e-p008,S34b21a3a804e,page_render,8,assets/S34b21a3a804e/pages/p008.png,含图表/扫描内容的整页图，供显式打开核验
S34b21a3a804e-p009,S34b21a3a804e,page_render,9,assets/S34b21a3a804e/pages/p009.png,含图表/扫描内容的整页图，供显式打开核验
S34b21a3a804e-p010,S34b21a3a804e,page_render,10,assets/S34b21a3a804e/pages/p010.png,含图表/扫描内容的整页图，供显式打开核验
S34b21a3a804e-img-000,S34b21a3a804e,embedded_image,,assets/S34b21a3a804e/embedded/img-000.png,PDF 内嵌位图（矢量线条/组合图形不在此列，须看整页图）
S34b21a3a804e-img-001,S34b21a3a804e,embedded_image,,assets/S34b21a3a804e/embedded/img-001.png,PDF 内嵌位图（矢量线条/组合图形不在此列，须看整页图）
S34b21a3a804e-img-002,S34b21a3a804e,embedded_image,,assets/S34b21a3a804e/embedded/img-002.png,PDF 内嵌位图（矢量线条/组合图形不在此列，须看整页图）
S34b21a3a804e-img-003,S34b21a3a804e,embedded_image,,assets/S34b21a3a804e/embedded/img-003.png,PDF 内嵌位图（矢量线条/组合图形不在此列，须看整页图）
S34b21a3a804e-img-004,S34b21a3a804e,embedded_image,,assets/S34b21a3a804e/embedded/img-004.png,PDF 内嵌位图（矢量线条/组合图形不在此列，须看整页图）
S34b21a3a804e-img-005,S34b21a3a804e,embedded_image,,assets/S34b21a3a804e/embedded/img-005.png,PDF 内嵌位图（矢量线条/组合图形不在此列，须看整页图）
S34b21a3a804e-img-006,S34b21a3a804e,embedded_image,,assets/S34b21a3a804e/embedded/img-006.png,PDF 内嵌位图（矢量线条/组合图形不在此列，须看整页图）
S34b21a3a804e-img-007,S34b21a3a804e,embedded_image,,assets/S34b21a3a804e/embedded/img-007.png,PDF 内嵌位图（矢量线条/组合图形不在此列，须看整页图）
S34b21a3a804e-img-008,S34b21a3a804e,embedded_image,,assets/S34b21a3a804e/embedded/img-008.png,PDF 内嵌位图（矢量线条/组合图形不在此列，须看整页图）
S34b21a3a804e-img-009,S34b21a3a804e,embedded_image,,assets/S34b21a3a804e/embedded/img-009.png,PDF 内嵌位图（矢量线条/组合图形不在此列，须看整页图）
S0dafc181e82e-p001,S0dafc181e82e,page_render,1,assets/S0dafc181e82e/pages/p001.png,含图表/扫描内容的整页图，供显式打开核验
S0dafc181e82e-p002,S0dafc181e82e,page_render,2,assets/S0dafc181e82e/pages/p002.png,含图表/扫描内容的整页图，供显式打开核验
S0dafc181e82e-p004,S0dafc181e82e,page_render,4,assets/S0dafc181e82e/pages/p004.png,含图表/扫描内容的整页图，供显式打开核验
S0dafc181e82e-p005,S0dafc181e82e,page_render,5,assets/S0dafc181e82e/pages/p005.png,含图表/扫描内容的整页图，供显式打开核验
S0dafc181e82e-p007,S0dafc181e82e,page_render,7,assets/S0dafc181e82e/pages/p007.png,含图表/扫描内容的整页图，供显式打开核验
S0dafc181e82e-p009,S0dafc181e82e,page_render,9,assets/S0dafc181e82e/pages/p009.png,含图表/扫描内容的整页图，供显式打开核验
S0dafc181e82e-p010,S0dafc181e82e,page_render,10,assets/S0dafc181e82e/pages/p010.png,含图表/扫描内容的整页图，供显式打开核验
S0dafc181e82e-img-000,S0dafc181e82e,embedded_image,,assets/S0dafc181e82e/embedded/img-000.png,PDF 内嵌位图（矢量线条/组合图形不在此列，须看整页图）
S0dafc181e82e-img-001,S0dafc181e82e,embedded_image,,assets/S0dafc181e82e/embedded/img-001.png,PDF 内嵌位图（矢量线条/组合图形不在此列，须看整页图）
S0dafc181e82e-img-002,S0dafc181e82e,embedded_image,,assets/S0dafc181e82e/embedded/img-002.png,PDF 内嵌位图（矢量线条/组合图形不在此列，须看整页图）
S0dafc181e82e-img-003,S0dafc181e82e,embedded_image,,assets/S0dafc181e82e/embedded/img-003.png,PDF 内嵌位图（矢量线条/组合图形不在此列，须看整页图）
S0dafc181e82e-img-004,S0dafc181e82e,embedded_image,,assets/S0dafc181e82e/embedded/img-004.png,PDF 内嵌位图（矢量线条/组合图形不在此列，须看整页图）
S0dafc181e82e-img-005,S0dafc181e82e,embedded_image,,assets/S0dafc181e82e/embedded/img-005.png,PDF 内嵌位图（矢量线条/组合图形不在此列，须看整页图）
S0dafc181e82e-img-006,S0dafc181e82e,embedded_image,,assets/S0dafc181e82e/embedded/img-006.png,PDF 内嵌位图（矢量线条/组合图形不在此列，须看整页图）
S0dafc181e82e-img-007,S0dafc181e82e,embedded_image,,assets/S0dafc181e82e/embedded/img-007.png,PDF 内嵌位图（矢量线条/组合图形不在此列，须看整页图）
S6e8f2df5ef86-p001,S6e8f2df5ef86,page_render,1,assets/S6e8f2df5ef86/pages/p001.png,含图表/扫描内容的整页图，供显式打开核验
S6e8f2df5ef86-p002,S6e8f2df5ef86,page_render,2,assets/S6e8f2df5ef86/pages/p002.png,含图表/扫描内容的整页图，供显式打开核验
S6e8f2df5ef86-p003,S6e8f2df5ef86,page_render,3,assets/S6e8f2df5ef86/pages/p003.png,含图表/扫描内容的整页图，供显式打开核验
S6e8f2df5ef86-p004,S6e8f2df5ef86,page_render,4,assets/S6e8f2df5ef86/pages/p004.png,含图表/扫描内容的整页图，供显式打开核验
S6e8f2df5ef86-p005,S6e8f2df5ef86,page_render,5,assets/S6e8f2df5ef86/pages/p005.png,含图表/扫描内容的整页图，供显式打开核验
S6e8f2df5ef86-p006,S6e8f2df5ef86,page_render,6,assets/S6e8f2df5ef86/pages/p006.png,含图表/扫描内容的整页图，供显式打开核验
S6e8f2df5ef86-p007,S6e8f2df5ef86,page_render,7,assets/S6e8f2df5ef86/pages/p007.png,含图表/扫描内容的整页图，供显式打开核验
S6e8f2df5ef86-p008,S6e8f2df5ef86,page_render,8,assets/S6e8f2df5ef86/pages/p008.png,含图表/扫描内容的整页图，供显式打开核验
S6e8f2df5ef86-p009,S6e8f2df5ef86,page_render,9,assets/S6e8f2df5ef86/pages/p009.png,含图表/扫描内容的整页图，供显式打开核验
S6e8f2df5ef86-p010,S6e8f2df5ef86,page_render,10,assets/S6e8f2df5ef86/pages/p010.png,含图表/扫描内容的整页图，供显式打开核验
S6e8f2df5ef86-img-000,S6e8f2df5ef86,embedded_image,,assets/S6e8f2df5ef86/embedded/img-000.png,PDF 内嵌位图（矢量线条/组合图形不在此列，须看整页图）
S6e8f2df5ef86-img-001,S6e8f2df5ef86,embedded_image,,assets/S6e8f2df5ef86/embedded/img-001.png,PDF 内嵌位图（矢量线条/组合图形不在此列，须看整页图）
S6e8f2df5ef86-img-002,S6e8f2df5ef86,embedded_image,,assets/S6e8f2df5ef86/embedded/img-002.png,PDF 内嵌位图（矢量线条/组合图形不在此列，须看整页图）
S6e8f2df5ef86-img-003,S6e8f2df5ef86,embedded_image,,assets/S6e8f2df5ef86/embedded/img-003.png,PDF 内嵌位图（矢量线条/组合图形不在此列，须看整页图）
S6e8f2df5ef86-img-004,S6e8f2df5ef86,embedded_image,,assets/S6e8f2df5ef86/embedded/img-004.png,PDF 内嵌位图（矢量线条/组合图形不在此列，须看整页图）
S6e8f2df5ef86-img-005,S6e8f2df5ef86,embedded_image,,assets/S6e8f2df5ef86/embedded/img-005.png,PDF 内嵌位图（矢量线条/组合图形不在此列，须看整页图）
S6e8f2df5ef86-img-006,S6e8f2df5ef86,embedded_image,,assets/S6e8f2df5ef86/embedded/img-006.png,PDF 内嵌位图（矢量线条/组合图形不在此列，须看整页图）
S6e8f2df5ef86-img-007,S6e8f2df5ef86,embedded_image,,assets/S6e8f2df5ef86/embedded/img-007.png,PDF 内嵌位图（矢量线条/组合图形不在此列，须看整页图）
S6e8f2df5ef86-img-008,S6e8f2df5ef86,embedded_image,,assets/S6e8f2df5ef86/embedded/img-008.png,PDF 内嵌位图（矢量线条/组合图形不在此列，须看整页图）
S6e8f2df5ef86-img-009,S6e8f2df5ef86,embedded_image,,assets/S6e8f2df5ef86/embedded/img-009.png,PDF 内嵌位图（矢量线条/组合图形不在此列，须看整页图）
S6e8f2df5ef86-img-010,S6e8f2df5ef86,embedded_image,,assets/S6e8f2df5ef86/embedded/img-010.png,PDF 内嵌位图（矢量线条/组合图形不在此列，须看整页图）
S6e8f2df5ef86-img-011,S6e8f2df5ef86,embedded_image,,assets/S6e8f2df5ef86/embedded/img-011.png,PDF 内嵌位图（矢量线条/组合图形不在此列，须看整页图）
S6e8f2df5ef86-img-012,S6e8f2df5ef86,embedded_image,,assets/S6e8f2df5ef86/embedded/img-012.png,PDF 内嵌位图（矢量线条/组合图形不在此列，须看整页图）
S6e8f2df5ef86-img-013,S6e8f2df5ef86,embedded_image,,assets/S6e8f2df5ef86/embedded/img-013.png,PDF 内嵌位图（矢量线条/组合图形不在此列，须看整页图）
S6e8f2df5ef86-img-014,S6e8f2df5ef86,embedded_image,,assets/S6e8f2df5ef86/embedded/img-014.png,PDF 内嵌位图（矢量线条/组合图形不在此列，须看整页图）
S6e8f2df5ef86-img-015,S6e8f2df5ef86,embedded_image,,assets/S6e8f2df5ef86/embedded/img-015.png,PDF 内嵌位图（矢量线条/组合图形不在此列，须看整页图）
S6e8f2df5ef86-img-016,S6e8f2df5ef86,embedded_image,,assets/S6e8f2df5ef86/embedded/img-016.png,PDF 内嵌位图（矢量线条/组合图形不在此列，须看整页图）
S6e8f2df5ef86-img-017,S6e8f2df5ef86,embedded_image,,assets/S6e8f2df5ef86/embedded/img-017.png,PDF 内嵌位图（矢量线条/组合图形不在此列，须看整页图）
S6e8f2df5ef86-img-018,S6e8f2df5ef86,embedded_image,,assets/S6e8f2df5ef86/embedded/img-018.png,PDF 内嵌位图（矢量线条/组合图形不在此列，须看整页图）
S6e8f2df5ef86-img-019,S6e8f2df5ef86,embedded_image,,assets/S6e8f2df5ef86/embedded/img-019.png,PDF 内嵌位图（矢量线条/组合图形不在此列，须看整页图）
Scc9193041171-p002,Scc9193041171,page_render,2,assets/Scc9193041171/pages/p002.png,含图表/扫描内容的整页图，供显式打开核验
Scc9193041171-p003,Scc9193041171,page_render,3,assets/Scc9193041171/pages/p003.png,含图表/扫描内容的整页图，供显式打开核验
Scc9193041171-p004,Scc9193041171,page_render,4,assets/Scc9193041171/pages/p004.png,含图表/扫描内容的整页图，供显式打开核验
Scc9193041171-p005,Scc9193041171,page_render,5,assets/Scc9193041171/pages/p005.png,含图表/扫描内容的整页图，供显式打开核验
Scc9193041171-p006,Scc9193041171,page_render,6,assets/Scc9193041171/pages/p006.png,含图表/扫描内容的整页图，供显式打开核验
Scc9193041171-p007,Scc9193041171,page_render,7,assets/Scc9193041171/pages/p007.png,含图表/扫描内容的整页图，供显式打开核验
Scc9193041171-p008,Scc9193041171,page_render,8,assets/Scc9193041171/pages/p008.png,含图表/扫描内容的整页图，供显式打开核验
Scc9193041171-p009,Scc9193041171,page_render,9,assets/Scc9193041171/pages/p009.png,含图表/扫描内容的整页图，供显式打开核验
Scc9193041171-img-000,Scc9193041171,embedded_image,,assets/Scc9193041171/embedded/img-000.png,PDF 内嵌位图（矢量线条/组合图形不在此列，须看整页图）
Scc9193041171-img-001,Scc9193041171,embedded_image,,assets/Scc9193041171/embedded/img-001.png,PDF 内嵌位图（矢量线条/组合图形不在此列，须看整页图）
Scc9193041171-img-002,Scc9193041171,embedded_image,,assets/Scc9193041171/embedded/img-002.png,PDF 内嵌位图（矢量线条/组合图形不在此列，须看整页图）
Scc9193041171-img-003,Scc9193041171,embedded_image,,assets/Scc9193041171/embedded/img-003.png,PDF 内嵌位图（矢量线条/组合图形不在此列，须看整页图）
Scc9193041171-img-004,Scc9193041171,embedded_image,,assets/Scc9193041171/embedded/img-004.png,PDF 内嵌位图（矢量线条/组合图形不在此列，须看整页图）
Scc9193041171-img-005,Scc9193041171,embedded_image,,assets/Scc9193041171/embedded/img-005.png,PDF 内嵌位图（矢量线条/组合图形不在此列，须看整页图）
Scc9193041171-img-006,Scc9193041171,embedded_image,,assets/Scc9193041171/embedded/img-006.png,PDF 内嵌位图（矢量线条/组合图形不在此列，须看整页图）
Scc9193041171-img-007,Scc9193041171,embedded_image,,assets/Scc9193041171/embedded/img-007.png,PDF 内嵌位图（矢量线条/组合图形不在此列，须看整页图）
Scc9193041171-img-008,Scc9193041171,embedded_image,,assets/Scc9193041171/embedded/img-008.png,PDF 内嵌位图（矢量线条/组合图形不在此列，须看整页图）
Scc9193041171-img-009,Scc9193041171,embedded_image,,assets/Scc9193041171/embedded/img-009.png,PDF 内嵌位图（矢量线条/组合图形不在此列，须看整页图）
Scc9193041171-img-010,Scc9193041171,embedded_image,,assets/Scc9193041171/embedded/img-010.png,PDF 内嵌位图（矢量线条/组合图形不在此列，须看整页图）
Scc9193041171-img-011,Scc9193041171,embedded_image,,assets/Scc9193041171/embedded/img-011.png,PDF 内嵌位图（矢量线条/组合图形不在此列，须看整页图）
Scc9193041171-img-012,Scc9193041171,embedded_image,,assets/Scc9193041171/embedded/img-012.png,PDF 内嵌位图（矢量线条/组合图形不在此列，须看整页图）
Scc9193041171-img-013,Scc9193041171,embedded_image,,assets/Scc9193041171/embedded/img-013.png,PDF 内嵌位图（矢量线条/组合图形不在此列，须看整页图）
Scc9193041171-img-014,Scc9193041171,embedded_image,,assets/Scc9193041171/embedded/img-014.png,PDF 内嵌位图（矢量线条/组合图形不在此列，须看整页图）
Scc9193041171-img-015,Scc9193041171,embedded_image,,assets/Scc9193041171/embedded/img-015.png,PDF 内嵌位图（矢量线条/组合图形不在此列，须看整页图）
Scc9193041171-img-016,Scc9193041171,embedded_image,,assets/Scc9193041171/embedded/img-016.png,PDF 内嵌位图（矢量线条/组合图形不在此列，须看整页图）
Se37482eff39f-p001,Se37482eff39f,page_render,1,assets/Se37482eff39f/pages/p001.png,含图表/扫描内容的整页图，供显式打开核验
Se37482eff39f-p002,Se37482eff39f,page_render,2,assets/Se37482eff39f/pages/p002.png,含图表/扫描内容的整页图，供显式打开核验
Se37482eff39f-p003,Se37482eff39f,page_render,3,assets/Se37482eff39f/pages/p003.png,含图表/扫描内容的整页图，供显式打开核验
Se37482eff39f-p004,Se37482eff39f,page_render,4,assets/Se37482eff39f/pages/p004.png,含图表/扫描内容的整页图，供显式打开核验
Se37482eff39f-p005,Se37482eff39f,page_render,5,assets/Se37482eff39f/pages/p005.png,含图表/扫描内容的整页图，供显式打开核验
Se37482eff39f-p006,Se37482eff39f,page_render,6,assets/Se37482eff39f/pages/p006.png,含图表/扫描内容的整页图，供显式打开核验
Se37482eff39f-p007,Se37482eff39f,page_render,7,assets/Se37482eff39f/pages/p007.png,含图表/扫描内容的整页图，供显式打开核验
Se37482eff39f-p008,Se37482eff39f,page_render,8,assets/Se37482eff39f/pages/p008.png,含图表/扫描内容的整页图，供显式打开核验
Se37482eff39f-p009,Se37482eff39f,page_render,9,assets/Se37482eff39f/pages/p009.png,含图表/扫描内容的整页图，供显式打开核验
Se37482eff39f-p010,Se37482eff39f,page_render,10,assets/Se37482eff39f/pages/p010.png,含图表/扫描内容的整页图，供显式打开核验
Se37482eff39f-p011,Se37482eff39f,page_render,11,assets/Se37482eff39f/pages/p011.png,含图表/扫描内容的整页图，供显式打开核验
Se37482eff39f-img-000,Se37482eff39f,embedded_image,,assets/Se37482eff39f/embedded/img-000.png,PDF 内嵌位图（矢量线条/组合图形不在此列，须看整页图）
Se37482eff39f-img-001,Se37482eff39f,embedded_image,,assets/Se37482eff39f/embedded/img-001.png,PDF 内嵌位图（矢量线条/组合图形不在此列，须看整页图）
Se37482eff39f-img-002,Se37482eff39f,embedded_image,,assets/Se37482eff39f/embedded/img-002.png,PDF 内嵌位图（矢量线条/组合图形不在此列，须看整页图）
Se37482eff39f-img-003,Se37482eff39f,embedded_image,,assets/Se37482eff39f/embedded/img-003.png,PDF 内嵌位图（矢量线条/组合图形不在此列，须看整页图）
Se37482eff39f-img-004,Se37482eff39f,embedded_image,,assets/Se37482eff39f/embedded/img-004.png,PDF 内嵌位图（矢量线条/组合图形不在此列，须看整页图）
Se37482eff39f-img-005,Se37482eff39f,embedded_image,,assets/Se37482eff39f/embedded/img-005.png,PDF 内嵌位图（矢量线条/组合图形不在此列，须看整页图）
Se37482eff39f-img-006,Se37482eff39f,embedded_image,,assets/Se37482eff39f/embedded/img-006.png,PDF 内嵌位图（矢量线条/组合图形不在此列，须看整页图）
Se37482eff39f-img-007,Se37482eff39f,embedded_image,,assets/Se37482eff39f/embedded/img-007.png,PDF 内嵌位图（矢量线条/组合图形不在此列，须看整页图）
Se37482eff39f-img-008,Se37482eff39f,embedded_image,,assets/Se37482eff39f/embedded/img-008.png,PDF 内嵌位图（矢量线条/组合图形不在此列，须看整页图）
Se37482eff39f-img-009,Se37482eff39f,embedded_image,,assets/Se37482eff39f/embedded/img-009.png,PDF 内嵌位图（矢量线条/组合图形不在此列，须看整页图）
Se37482eff39f-img-010,Se37482eff39f,embedded_image,,assets/Se37482eff39f/embedded/img-010.png,PDF 内嵌位图（矢量线条/组合图形不在此列，须看整页图）
S585b15124610-p004,S585b15124610,page_render,4,assets/S585b15124610/pages/p004.png,含图表/扫描内容的整页图，供显式打开核验
S585b15124610-p005,S585b15124610,page_render,5,assets/S585b15124610/pages/p005.png,含图表/扫描内容的整页图，供显式打开核验
S585b15124610-p006,S585b15124610,page_render,6,assets/S585b15124610/pages/p006.png,含图表/扫描内容的整页图，供显式打开核验
S585b15124610-p007,S585b15124610,page_render,7,assets/S585b15124610/pages/p007.png,含图表/扫描内容的整页图，供显式打开核验
S585b15124610-p008,S585b15124610,page_render,8,assets/S585b15124610/pages/p008.png,含图表/扫描内容的整页图，供显式打开核验
S585b15124610-p009,S585b15124610,page_render,9,assets/S585b15124610/pages/p009.png,含图表/扫描内容的整页图，供显式打开核验
S585b15124610-img-000,S585b15124610,embedded_image,,assets/S585b15124610/embedded/img-000.png,PDF 内嵌位图（矢量线条/组合图形不在此列，须看整页图）
S9b5ac8fd0cfe-p001,S9b5ac8fd0cfe,page_render,1,assets/S9b5ac8fd0cfe/pages/p001.png,含图表/扫描内容的整页图，供显式打开核验
S9b5ac8fd0cfe-p002,S9b5ac8fd0cfe,page_render,2,assets/S9b5ac8fd0cfe/pages/p002.png,含图表/扫描内容的整页图，供显式打开核验
S9b5ac8fd0cfe-p003,S9b5ac8fd0cfe,page_render,3,assets/S9b5ac8fd0cfe/pages/p003.png,含图表/扫描内容的整页图，供显式打开核验
S9b5ac8fd0cfe-p004,S9b5ac8fd0cfe,page_render,4,assets/S9b5ac8fd0cfe/pages/p004.png,含图表/扫描内容的整页图，供显式打开核验
S9b5ac8fd0cfe-p005,S9b5ac8fd0cfe,page_render,5,assets/S9b5ac8fd0cfe/pages/p005.png,含图表/扫描内容的整页图，供显式打开核验
S9b5ac8fd0cfe-p006,S9b5ac8fd0cfe,page_render,6,assets/S9b5ac8fd0cfe/pages/p006.png,含图表/扫描内容的整页图，供显式打开核验
S9b5ac8fd0cfe-p007,S9b5ac8fd0cfe,page_render,7,assets/S9b5ac8fd0cfe/pages/p007.png,含图表/扫描内容的整页图，供显式打开核验
S9b5ac8fd0cfe-p008,S9b5ac8fd0cfe,page_render,8,assets/S9b5ac8fd0cfe/pages/p008.png,含图表/扫描内容的整页图，供显式打开核验
S9b5ac8fd0cfe-img-000,S9b5ac8fd0cfe,embedded_image,,assets/S9b5ac8fd0cfe/embedded/img-000.png,PDF 内嵌位图（矢量线条/组合图形不在此列，须看整页图）
S9b5ac8fd0cfe-img-001,S9b5ac8fd0cfe,embedded_image,,assets/S9b5ac8fd0cfe/embedded/img-001.png,PDF 内嵌位图（矢量线条/组合图形不在此列，须看整页图）
S9b5ac8fd0cfe-img-002,S9b5ac8fd0cfe,embedded_image,,assets/S9b5ac8fd0cfe/embedded/img-002.png,PDF 内嵌位图（矢量线条/组合图形不在此列，须看整页图）
S9b5ac8fd0cfe-img-003,S9b5ac8fd0cfe,embedded_image,,assets/S9b5ac8fd0cfe/embedded/img-003.png,PDF 内嵌位图（矢量线条/组合图形不在此列，须看整页图）
S9b5ac8fd0cfe-img-004,S9b5ac8fd0cfe,embedded_image,,assets/S9b5ac8fd0cfe/embedded/img-004.png,PDF 内嵌位图（矢量线条/组合图形不在此列，须看整页图）
S9b5ac8fd0cfe-img-005,S9b5ac8fd0cfe,embedded_image,,assets/S9b5ac8fd0cfe/embedded/img-005.png,PDF 内嵌位图（矢量线条/组合图形不在此列，须看整页图）
S9b5ac8fd0cfe-img-006,S9b5ac8fd0cfe,embedded_image,,assets/S9b5ac8fd0cfe/embedded/img-006.png,PDF 内嵌位图（矢量线条/组合图形不在此列，须看整页图）
S9b5ac8fd0cfe-img-007,S9b5ac8fd0cfe,embedded_image,,assets/S9b5ac8fd0cfe/embedded/img-007.png,PDF 内嵌位图（矢量线条/组合图形不在此列，须看整页图）
S9b5ac8fd0cfe-img-008,S9b5ac8fd0cfe,embedded_image,,assets/S9b5ac8fd0cfe/embedded/img-008.png,PDF 内嵌位图（矢量线条/组合图形不在此列，须看整页图）
S9b5ac8fd0cfe-img-009,S9b5ac8fd0cfe,embedded_image,,assets/S9b5ac8fd0cfe/embedded/img-009.png,PDF 内嵌位图（矢量线条/组合图形不在此列，须看整页图）
S9b5ac8fd0cfe-img-010,S9b5ac8fd0cfe,embedded_image,,assets/S9b5ac8fd0cfe/embedded/img-010.png,PDF 内嵌位图（矢量线条/组合图形不在此列，须看整页图）
S9b5ac8fd0cfe-img-011,S9b5ac8fd0cfe,embedded_image,,assets/S9b5ac8fd0cfe/embedded/img-011.png,PDF 内嵌位图（矢量线条/组合图形不在此列，须看整页图）
S9b5ac8fd0cfe-img-012,S9b5ac8fd0cfe,embedded_image,,assets/S9b5ac8fd0cfe/embedded/img-012.png,PDF 内嵌位图（矢量线条/组合图形不在此列，须看整页图）
S9b5ac8fd0cfe-img-013,S9b5ac8fd0cfe,embedded_image,,assets/S9b5ac8fd0cfe/embedded/img-013.png,PDF 内嵌位图（矢量线条/组合图形不在此列，须看整页图）
S9b5ac8fd0cfe-img-014,S9b5ac8fd0cfe,embedded_image,,assets/S9b5ac8fd0cfe/embedded/img-014.png,PDF 内嵌位图（矢量线条/组合图形不在此列，须看整页图）
S9b5ac8fd0cfe-img-015,S9b5ac8fd0cfe,embedded_image,,assets/S9b5ac8fd0cfe/embedded/img-015.png,PDF 内嵌位图（矢量线条/组合图形不在此列，须看整页图）
S03e0412bb805-p001,S03e0412bb805,page_render,1,assets/S03e0412bb805/pages/p001.png,含图表/扫描内容的整页图，供显式打开核验
S03e0412bb805-p002,S03e0412bb805,page_render,2,assets/S03e0412bb805/pages/p002.png,含图表/扫描内容的整页图，供显式打开核验
S03e0412bb805-p003,S03e0412bb805,page_render,3,assets/S03e0412bb805/pages/p003.png,含图表/扫描内容的整页图，供显式打开核验
S03e0412bb805-p004,S03e0412bb805,page_render,4,assets/S03e0412bb805/pages/p004.png,含图表/扫描内容的整页图，供显式打开核验
S03e0412bb805-p005,S03e0412bb805,page_render,5,assets/S03e0412bb805/pages/p005.png,含图表/扫描内容的整页图，供显式打开核验
S03e0412bb805-p006,S03e0412bb805,page_render,6,assets/S03e0412bb805/pages/p006.png,含图表/扫描内容的整页图，供显式打开核验
S03e0412bb805-p007,S03e0412bb805,page_render,7,assets/S03e0412bb805/pages/p007.png,含图表/扫描内容的整页图，供显式打开核验
S03e0412bb805-p008,S03e0412bb805,page_render,8,assets/S03e0412bb805/pages/p008.png,含图表/扫描内容的整页图，供显式打开核验
S03e0412bb805-img-000,S03e0412bb805,embedded_image,,assets/S03e0412bb805/embedded/img-000.png,PDF 内嵌位图（矢量线条/组合图形不在此列，须看整页图）
S03e0412bb805-img-001,S03e0412bb805,embedded_image,,assets/S03e0412bb805/embedded/img-001.png,PDF 内嵌位图（矢量线条/组合图形不在此列，须看整页图）
S03e0412bb805-img-002,S03e0412bb805,embedded_image,,assets/S03e0412bb805/embedded/img-002.png,PDF 内嵌位图（矢量线条/组合图形不在此列，须看整页图）
S03e0412bb805-img-003,S03e0412bb805,embedded_image,,assets/S03e0412bb805/embedded/img-003.png,PDF 内嵌位图（矢量线条/组合图形不在此列，须看整页图）
S03e0412bb805-img-004,S03e0412bb805,embedded_image,,assets/S03e0412bb805/embedded/img-004.png,PDF 内嵌位图（矢量线条/组合图形不在此列，须看整页图）
S03e0412bb805-img-005,S03e0412bb805,embedded_image,,assets/S03e0412bb805/embedded/img-005.png,PDF 内嵌位图（矢量线条/组合图形不在此列，须看整页图）
S03e0412bb805-img-006,S03e0412bb805,embedded_image,,assets/S03e0412bb805/embedded/img-006.png,PDF 内嵌位图（矢量线条/组合图形不在此列，须看整页图）
S03e0412bb805-img-007,S03e0412bb805,embedded_image,,assets/S03e0412bb805/embedded/img-007.png,PDF 内嵌位图（矢量线条/组合图形不在此列，须看整页图）
S03e0412bb805-img-008,S03e0412bb805,embedded_image,,assets/S03e0412bb805/embedded/img-008.png,PDF 内嵌位图（矢量线条/组合图形不在此列，须看整页图）
S03e0412bb805-img-009,S03e0412bb805,embedded_image,,assets/S03e0412bb805/embedded/img-009.png,PDF 内嵌位图（矢量线条/组合图形不在此列，须看整页图）
S03e0412bb805-img-010,S03e0412bb805,embedded_image,,assets/S03e0412bb805/embedded/img-010.png,PDF 内嵌位图（矢量线条/组合图形不在此列，须看整页图）
S03e0412bb805-img-011,S03e0412bb805,embedded_image,,assets/S03e0412bb805/embedded/img-011.png,PDF 内嵌位图（矢量线条/组合图形不在此列，须看整页图）
S03e0412bb805-img-012,S03e0412bb805,embedded_image,,assets/S03e0412bb805/embedded/img-012.png,PDF 内嵌位图（矢量线条/组合图形不在此列，须看整页图）
S03e0412bb805-img-013,S03e0412bb805,embedded_image,,assets/S03e0412bb805/embedded/img-013.png,PDF 内嵌位图（矢量线条/组合图形不在此列，须看整页图）
S03e0412bb805-img-014,S03e0412bb805,embedded_image,,assets/S03e0412bb805/embedded/img-014.png,PDF 内嵌位图（矢量线条/组合图形不在此列，须看整页图）
S03e0412bb805-img-015,S03e0412bb805,embedded_image,,assets/S03e0412bb805/embedded/img-015.png,PDF 内嵌位图（矢量线条/组合图形不在此列，须看整页图）
S0d4a5cd29c2e-p005,S0d4a5cd29c2e,page_render,5,assets/S0d4a5cd29c2e/pages/p005.png,含图表/扫描内容的整页图，供显式打开核验
S0d4a5cd29c2e-p006,S0d4a5cd29c2e,page_render,6,assets/S0d4a5cd29c2e/pages/p006.png,含图表/扫描内容的整页图，供显式打开核验
S0d4a5cd29c2e-p007,S0d4a5cd29c2e,page_render,7,assets/S0d4a5cd29c2e/pages/p007.png,含图表/扫描内容的整页图，供显式打开核验
S0d4a5cd29c2e-p008,S0d4a5cd29c2e,page_render,8,assets/S0d4a5cd29c2e/pages/p008.png,含图表/扫描内容的整页图，供显式打开核验
S0d4a5cd29c2e-p009,S0d4a5cd29c2e,page_render,9,assets/S0d4a5cd29c2e/pages/p009.png,含图表/扫描内容的整页图，供显式打开核验
S0d4a5cd29c2e-img-000,S0d4a5cd29c2e,embedded_image,,assets/S0d4a5cd29c2e/embedded/img-000.png,PDF 内嵌位图（矢量线条/组合图形不在此列，须看整页图）
S0d4a5cd29c2e-img-001,S0d4a5cd29c2e,embedded_image,,assets/S0d4a5cd29c2e/embedded/img-001.png,PDF 内嵌位图（矢量线条/组合图形不在此列，须看整页图）
S5581e0237e86-p001,S5581e0237e86,page_render,1,assets/S5581e0237e86/pages/p001.png,含图表/扫描内容的整页图，供显式打开核验
S5581e0237e86-p002,S5581e0237e86,page_render,2,assets/S5581e0237e86/pages/p002.png,含图表/扫描内容的整页图，供显式打开核验
S5581e0237e86-p003,S5581e0237e86,page_render,3,assets/S5581e0237e86/pages/p003.png,含图表/扫描内容的整页图，供显式打开核验
S5581e0237e86-p004,S5581e0237e86,page_render,4,assets/S5581e0237e86/pages/p004.png,含图表/扫描内容的整页图，供显式打开核验
S5581e0237e86-p005,S5581e0237e86,page_render,5,assets/S5581e0237e86/pages/p005.png,含图表/扫描内容的整页图，供显式打开核验
S5581e0237e86-p006,S5581e0237e86,page_render,6,assets/S5581e0237e86/pages/p006.png,含图表/扫描内容的整页图，供显式打开核验
S5581e0237e86-p007,S5581e0237e86,page_render,7,assets/S5581e0237e86/pages/p007.png,含图表/扫描内容的整页图，供显式打开核验
S5581e0237e86-p008,S5581e0237e86,page_render,8,assets/S5581e0237e86/pages/p008.png,含图表/扫描内容的整页图，供显式打开核验
S5581e0237e86-p009,S5581e0237e86,page_render,9,assets/S5581e0237e86/pages/p009.png,含图表/扫描内容的整页图，供显式打开核验
S5581e0237e86-p010,S5581e0237e86,page_render,10,assets/S5581e0237e86/pages/p010.png,含图表/扫描内容的整页图，供显式打开核验
S5581e0237e86-p011,S5581e0237e86,page_render,11,assets/S5581e0237e86/pages/p011.png,含图表/扫描内容的整页图，供显式打开核验
S5581e0237e86-img-000,S5581e0237e86,embedded_image,,assets/S5581e0237e86/embedded/img-000.png,PDF 内嵌位图（矢量线条/组合图形不在此列，须看整页图）
S5581e0237e86-img-001,S5581e0237e86,embedded_image,,assets/S5581e0237e86/embedded/img-001.png,PDF 内嵌位图（矢量线条/组合图形不在此列，须看整页图）
S5581e0237e86-img-002,S5581e0237e86,embedded_image,,assets/S5581e0237e86/embedded/img-002.png,PDF 内嵌位图（矢量线条/组合图形不在此列，须看整页图）
S5581e0237e86-img-003,S5581e0237e86,embedded_image,,assets/S5581e0237e86/embedded/img-003.png,PDF 内嵌位图（矢量线条/组合图形不在此列，须看整页图）
S5581e0237e86-img-004,S5581e0237e86,embedded_image,,assets/S5581e0237e86/embedded/img-004.png,PDF 内嵌位图（矢量线条/组合图形不在此列，须看整页图）
S5581e0237e86-img-005,S5581e0237e86,embedded_image,,assets/S5581e0237e86/embedded/img-005.png,PDF 内嵌位图（矢量线条/组合图形不在此列，须看整页图）
S5581e0237e86-img-006,S5581e0237e86,embedded_image,,assets/S5581e0237e86/embedded/img-006.png,PDF 内嵌位图（矢量线条/组合图形不在此列，须看整页图）
S5581e0237e86-img-007,S5581e0237e86,embedded_image,,assets/S5581e0237e86/embedded/img-007.png,PDF 内嵌位图（矢量线条/组合图形不在此列，须看整页图）
S5581e0237e86-img-008,S5581e0237e86,embedded_image,,assets/S5581e0237e86/embedded/img-008.png,PDF 内嵌位图（矢量线条/组合图形不在此列，须看整页图）
S5581e0237e86-img-009,S5581e0237e86,embedded_image,,assets/S5581e0237e86/embedded/img-009.png,PDF 内嵌位图（矢量线条/组合图形不在此列，须看整页图）
S5581e0237e86-img-010,S5581e0237e86,embedded_image,,assets/S5581e0237e86/embedded/img-010.png,PDF 内嵌位图（矢量线条/组合图形不在此列，须看整页图）
S7100a8d418c6-p001,S7100a8d418c6,page_render,1,assets/S7100a8d418c6/pages/p001.png,含图表/扫描内容的整页图，供显式打开核验
S7100a8d418c6-p009,S7100a8d418c6,page_render,9,assets/S7100a8d418c6/pages/p009.png,含图表/扫描内容的整页图，供显式打开核验
S7100a8d418c6-p011,S7100a8d418c6,page_render,11,assets/S7100a8d418c6/pages/p011.png,含图表/扫描内容的整页图，供显式打开核验
S7100a8d418c6-p012,S7100a8d418c6,page_render,12,assets/S7100a8d418c6/pages/p012.png,含图表/扫描内容的整页图，供显式打开核验
S7100a8d418c6-p013,S7100a8d418c6,page_render,13,assets/S7100a8d418c6/pages/p013.png,含图表/扫描内容的整页图，供显式打开核验
S7100a8d418c6-p014,S7100a8d418c6,page_render,14,assets/S7100a8d418c6/pages/p014.png,含图表/扫描内容的整页图，供显式打开核验
S7100a8d418c6-p016,S7100a8d418c6,page_render,16,assets/S7100a8d418c6/pages/p016.png,含图表/扫描内容的整页图，供显式打开核验
S7100a8d418c6-img-000,S7100a8d418c6,embedded_image,,assets/S7100a8d418c6/embedded/img-000.png,PDF 内嵌位图（矢量线条/组合图形不在此列，须看整页图）
S7100a8d418c6-img-001,S7100a8d418c6,embedded_image,,assets/S7100a8d418c6/embedded/img-001.png,PDF 内嵌位图（矢量线条/组合图形不在此列，须看整页图）
S7100a8d418c6-img-002,S7100a8d418c6,embedded_image,,assets/S7100a8d418c6/embedded/img-002.png,PDF 内嵌位图（矢量线条/组合图形不在此列，须看整页图）
S7100a8d418c6-img-003,S7100a8d418c6,embedded_image,,assets/S7100a8d418c6/embedded/img-003.png,PDF 内嵌位图（矢量线条/组合图形不在此列，须看整页图）
S7100a8d418c6-img-004,S7100a8d418c6,embedded_image,,assets/S7100a8d418c6/embedded/img-004.png,PDF 内嵌位图（矢量线条/组合图形不在此列，须看整页图）
Sdced3f305445-p001,Sdced3f305445,page_render,1,assets/Sdced3f305445/pages/p001.png,含图表/扫描内容的整页图，供显式打开核验
Sdced3f305445-p002,Sdced3f305445,page_render,2,assets/Sdced3f305445/pages/p002.png,含图表/扫描内容的整页图，供显式打开核验
Sdced3f305445-p003,Sdced3f305445,page_render,3,assets/Sdced3f305445/pages/p003.png,含图表/扫描内容的整页图，供显式打开核验
Sdced3f305445-p004,Sdced3f305445,page_render,4,assets/Sdced3f305445/pages/p004.png,含图表/扫描内容的整页图，供显式打开核验
Sdced3f305445-p005,Sdced3f305445,page_render,5,assets/Sdced3f305445/pages/p005.png,含图表/扫描内容的整页图，供显式打开核验
Sdced3f305445-p006,Sdced3f305445,page_render,6,assets/Sdced3f305445/pages/p006.png,含图表/扫描内容的整页图，供显式打开核验
Sdced3f305445-p007,Sdced3f305445,page_render,7,assets/Sdced3f305445/pages/p007.png,含图表/扫描内容的整页图，供显式打开核验
Sdced3f305445-p008,Sdced3f305445,page_render,8,assets/Sdced3f305445/pages/p008.png,含图表/扫描内容的整页图，供显式打开核验
Sdced3f305445-p009,Sdced3f305445,page_render,9,assets/Sdced3f305445/pages/p009.png,含图表/扫描内容的整页图，供显式打开核验
Sdced3f305445-p010,Sdced3f305445,page_render,10,assets/Sdced3f305445/pages/p010.png,含图表/扫描内容的整页图，供显式打开核验
Sdced3f305445-img-000,Sdced3f305445,embedded_image,,assets/Sdced3f305445/embedded/img-000.png,PDF 内嵌位图（矢量线条/组合图形不在此列，须看整页图）
Sdced3f305445-img-001,Sdced3f305445,embedded_image,,assets/Sdced3f305445/embedded/img-001.png,PDF 内嵌位图（矢量线条/组合图形不在此列，须看整页图）
Sdced3f305445-img-002,Sdced3f305445,embedded_image,,assets/Sdced3f305445/embedded/img-002.png,PDF 内嵌位图（矢量线条/组合图形不在此列，须看整页图）
Sdced3f305445-img-003,Sdced3f305445,embedded_image,,assets/Sdced3f305445/embedded/img-003.png,PDF 内嵌位图（矢量线条/组合图形不在此列，须看整页图）
Sdced3f305445-img-004,Sdced3f305445,embedded_image,,assets/Sdced3f305445/embedded/img-004.png,PDF 内嵌位图（矢量线条/组合图形不在此列，须看整页图）
Sdced3f305445-img-005,Sdced3f305445,embedded_image,,assets/Sdced3f305445/embedded/img-005.png,PDF 内嵌位图（矢量线条/组合图形不在此列，须看整页图）
Sdced3f305445-img-006,Sdced3f305445,embedded_image,,assets/Sdced3f305445/embedded/img-006.png,PDF 内嵌位图（矢量线条/组合图形不在此列，须看整页图）
Sdced3f305445-img-007,Sdced3f305445,embedded_image,,assets/Sdced3f305445/embedded/img-007.png,PDF 内嵌位图（矢量线条/组合图形不在此列，须看整页图）
Sdced3f305445-img-008,Sdced3f305445,embedded_image,,assets/Sdced3f305445/embedded/img-008.png,PDF 内嵌位图（矢量线条/组合图形不在此列，须看整页图）
Sdced3f305445-img-009,Sdced3f305445,embedded_image,,assets/Sdced3f305445/embedded/img-009.png,PDF 内嵌位图（矢量线条/组合图形不在此列，须看整页图）
Se84e6bbdd898-p001,Se84e6bbdd898,page_render,1,assets/Se84e6bbdd898/pages/p001.png,含图表/扫描内容的整页图，供显式打开核验
Se84e6bbdd898-p002,Se84e6bbdd898,page_render,2,assets/Se84e6bbdd898/pages/p002.png,含图表/扫描内容的整页图，供显式打开核验
Se84e6bbdd898-p003,Se84e6bbdd898,page_render,3,assets/Se84e6bbdd898/pages/p003.png,含图表/扫描内容的整页图，供显式打开核验
Se84e6bbdd898-p004,Se84e6bbdd898,page_render,4,assets/Se84e6bbdd898/pages/p004.png,含图表/扫描内容的整页图，供显式打开核验
Se84e6bbdd898-p005,Se84e6bbdd898,page_render,5,assets/Se84e6bbdd898/pages/p005.png,含图表/扫描内容的整页图，供显式打开核验
Se84e6bbdd898-p006,Se84e6bbdd898,page_render,6,assets/Se84e6bbdd898/pages/p006.png,含图表/扫描内容的整页图，供显式打开核验
Se84e6bbdd898-p007,Se84e6bbdd898,page_render,7,assets/Se84e6bbdd898/pages/p007.png,含图表/扫描内容的整页图，供显式打开核验
Se84e6bbdd898-img-000,Se84e6bbdd898,embedded_image,,assets/Se84e6bbdd898/embedded/img-000.png,PDF 内嵌位图（矢量线条/组合图形不在此列，须看整页图）
Se84e6bbdd898-img-001,Se84e6bbdd898,embedded_image,,assets/Se84e6bbdd898/embedded/img-001.png,PDF 内嵌位图（矢量线条/组合图形不在此列，须看整页图）
Se84e6bbdd898-img-002,Se84e6bbdd898,embedded_image,,assets/Se84e6bbdd898/embedded/img-002.png,PDF 内嵌位图（矢量线条/组合图形不在此列，须看整页图）
Se84e6bbdd898-img-003,Se84e6bbdd898,embedded_image,,assets/Se84e6bbdd898/embedded/img-003.png,PDF 内嵌位图（矢量线条/组合图形不在此列，须看整页图）
Se84e6bbdd898-img-004,Se84e6bbdd898,embedded_image,,assets/Se84e6bbdd898/embedded/img-004.png,PDF 内嵌位图（矢量线条/组合图形不在此列，须看整页图）
Se84e6bbdd898-img-005,Se84e6bbdd898,embedded_image,,assets/Se84e6bbdd898/embedded/img-005.png,PDF 内嵌位图（矢量线条/组合图形不在此列，须看整页图）
Se84e6bbdd898-img-006,Se84e6bbdd898,embedded_image,,assets/Se84e6bbdd898/embedded/img-006.png,PDF 内嵌位图（矢量线条/组合图形不在此列，须看整页图）
Se84e6bbdd898-img-007,Se84e6bbdd898,embedded_image,,assets/Se84e6bbdd898/embedded/img-007.png,PDF 内嵌位图（矢量线条/组合图形不在此列，须看整页图）
Se84e6bbdd898-img-008,Se84e6bbdd898,embedded_image,,assets/Se84e6bbdd898/embedded/img-008.png,PDF 内嵌位图（矢量线条/组合图形不在此列，须看整页图）
Se84e6bbdd898-img-009,Se84e6bbdd898,embedded_image,,assets/Se84e6bbdd898/embedded/img-009.png,PDF 内嵌位图（矢量线条/组合图形不在此列，须看整页图）
Se84e6bbdd898-img-010,Se84e6bbdd898,embedded_image,,assets/Se84e6bbdd898/embedded/img-010.png,PDF 内嵌位图（矢量线条/组合图形不在此列，须看整页图）
Se84e6bbdd898-img-011,Se84e6bbdd898,embedded_image,,assets/Se84e6bbdd898/embedded/img-011.png,PDF 内嵌位图（矢量线条/组合图形不在此列，须看整页图）
Se84e6bbdd898-img-012,Se84e6bbdd898,embedded_image,,assets/Se84e6bbdd898/embedded/img-012.png,PDF 内嵌位图（矢量线条/组合图形不在此列，须看整页图）
Se84e6bbdd898-img-013,Se84e6bbdd898,embedded_image,,assets/Se84e6bbdd898/embedded/img-013.png,PDF 内嵌位图（矢量线条/组合图形不在此列，须看整页图）
Se84e6bbdd898-img-014,Se84e6bbdd898,embedded_image,,assets/Se84e6bbdd898/embedded/img-014.png,PDF 内嵌位图（矢量线条/组合图形不在此列，须看整页图）
Se84e6bbdd898-img-015,Se84e6bbdd898,embedded_image,,assets/Se84e6bbdd898/embedded/img-015.png,PDF 内嵌位图（矢量线条/组合图形不在此列，须看整页图）
Se84e6bbdd898-img-016,Se84e6bbdd898,embedded_image,,assets/Se84e6bbdd898/embedded/img-016.png,PDF 内嵌位图（矢量线条/组合图形不在此列，须看整页图）
Se84e6bbdd898-img-017,Se84e6bbdd898,embedded_image,,assets/Se84e6bbdd898/embedded/img-017.png,PDF 内嵌位图（矢量线条/组合图形不在此列，须看整页图）
S8d19592ca067-p002,S8d19592ca067,page_render,2,assets/S8d19592ca067/pages/p002.png,含图表/扫描内容的整页图，供显式打开核验
S8d19592ca067-p003,S8d19592ca067,page_render,3,assets/S8d19592ca067/pages/p003.png,含图表/扫描内容的整页图，供显式打开核验
S8d19592ca067-p004,S8d19592ca067,page_render,4,assets/S8d19592ca067/pages/p004.png,含图表/扫描内容的整页图，供显式打开核验
S8d19592ca067-p005,S8d19592ca067,page_render,5,assets/S8d19592ca067/pages/p005.png,含图表/扫描内容的整页图，供显式打开核验
S8d19592ca067-p006,S8d19592ca067,page_render,6,assets/S8d19592ca067/pages/p006.png,含图表/扫描内容的整页图，供显式打开核验
S8d19592ca067-p008,S8d19592ca067,page_render,8,assets/S8d19592ca067/pages/p008.png,含图表/扫描内容的整页图，供显式打开核验
S8d19592ca067-p009,S8d19592ca067,page_render,9,assets/S8d19592ca067/pages/p009.png,含图表/扫描内容的整页图，供显式打开核验
S8d19592ca067-p010,S8d19592ca067,page_render,10,assets/S8d19592ca067/pages/p010.png,含图表/扫描内容的整页图，供显式打开核验
S8d19592ca067-p011,S8d19592ca067,page_render,11,assets/S8d19592ca067/pages/p011.png,含图表/扫描内容的整页图，供显式打开核验
S8d19592ca067-p012,S8d19592ca067,page_render,12,assets/S8d19592ca067/pages/p012.png,含图表/扫描内容的整页图，供显式打开核验
S8d19592ca067-img-000,S8d19592ca067,embedded_image,,assets/S8d19592ca067/embedded/img-000.png,PDF 内嵌位图（矢量线条/组合图形不在此列，须看整页图）
S8d19592ca067-img-001,S8d19592ca067,embedded_image,,assets/S8d19592ca067/embedded/img-001.png,PDF 内嵌位图（矢量线条/组合图形不在此列，须看整页图）
S8d19592ca067-img-002,S8d19592ca067,embedded_image,,assets/S8d19592ca067/embedded/img-002.png,PDF 内嵌位图（矢量线条/组合图形不在此列，须看整页图）
S8d19592ca067-img-003,S8d19592ca067,embedded_image,,assets/S8d19592ca067/embedded/img-003.png,PDF 内嵌位图（矢量线条/组合图形不在此列，须看整页图）
S8d19592ca067-img-004,S8d19592ca067,embedded_image,,assets/S8d19592ca067/embedded/img-004.png,PDF 内嵌位图（矢量线条/组合图形不在此列，须看整页图）
S8d19592ca067-img-005,S8d19592ca067,embedded_image,,assets/S8d19592ca067/embedded/img-005.png,PDF 内嵌位图（矢量线条/组合图形不在此列，须看整页图）
S8d19592ca067-img-006,S8d19592ca067,embedded_image,,assets/S8d19592ca067/embedded/img-006.png,PDF 内嵌位图（矢量线条/组合图形不在此列，须看整页图）
S8d19592ca067-img-007,S8d19592ca067,embedded_image,,assets/S8d19592ca067/embedded/img-007.png,PDF 内嵌位图（矢量线条/组合图形不在此列，须看整页图）
S8d19592ca067-img-008,S8d19592ca067,embedded_image,,assets/S8d19592ca067/embedded/img-008.png,PDF 内嵌位图（矢量线条/组合图形不在此列，须看整页图）
S8d19592ca067-img-009,S8d19592ca067,embedded_image,,assets/S8d19592ca067/embedded/img-009.png,PDF 内嵌位图（矢量线条/组合图形不在此列，须看整页图）
S8d19592ca067-img-010,S8d19592ca067,embedded_image,,assets/S8d19592ca067/embedded/img-010.png,PDF 内嵌位图（矢量线条/组合图形不在此列，须看整页图）
S8d19592ca067-img-011,S8d19592ca067,embedded_image,,assets/S8d19592ca067/embedded/img-011.png,PDF 内嵌位图（矢量线条/组合图形不在此列，须看整页图）
S8d19592ca067-img-012,S8d19592ca067,embedded_image,,assets/S8d19592ca067/embedded/img-012.png,PDF 内嵌位图（矢量线条/组合图形不在此列，须看整页图）
S8d19592ca067-img-013,S8d19592ca067,embedded_image,,assets/S8d19592ca067/embedded/img-013.png,PDF 内嵌位图（矢量线条/组合图形不在此列，须看整页图）
S8d19592ca067-img-014,S8d19592ca067,embedded_image,,assets/S8d19592ca067/embedded/img-014.png,PDF 内嵌位图（矢量线条/组合图形不在此列，须看整页图）
S8d19592ca067-img-015,S8d19592ca067,embedded_image,,assets/S8d19592ca067/embedded/img-015.png,PDF 内嵌位图（矢量线条/组合图形不在此列，须看整页图）
S8d19592ca067-img-016,S8d19592ca067,embedded_image,,assets/S8d19592ca067/embedded/img-016.png,PDF 内嵌位图（矢量线条/组合图形不在此列，须看整页图）
S8d19592ca067-img-017,S8d19592ca067,embedded_image,,assets/S8d19592ca067/embedded/img-017.png,PDF 内嵌位图（矢量线条/组合图形不在此列，须看整页图）
S8d19592ca067-img-018,S8d19592ca067,embedded_image,,assets/S8d19592ca067/embedded/img-018.png,PDF 内嵌位图（矢量线条/组合图形不在此列，须看整页图）
S8d19592ca067-img-019,S8d19592ca067,embedded_image,,assets/S8d19592ca067/embedded/img-019.png,PDF 内嵌位图（矢量线条/组合图形不在此列，须看整页图）
S8d19592ca067-img-020,S8d19592ca067,embedded_image,,assets/S8d19592ca067/embedded/img-020.png,PDF 内嵌位图（矢量线条/组合图形不在此列，须看整页图）
S8d19592ca067-img-021,S8d19592ca067,embedded_image,,assets/S8d19592ca067/embedded/img-021.png,PDF 内嵌位图（矢量线条/组合图形不在此列，须看整页图）
Sc4b3300418ae-p001,Sc4b3300418ae,page_render,1,assets/Sc4b3300418ae/pages/p001.png,含图表/扫描内容的整页图，供显式打开核验
Sc4b3300418ae-p002,Sc4b3300418ae,page_render,2,assets/Sc4b3300418ae/pages/p002.png,含图表/扫描内容的整页图，供显式打开核验
Sc4b3300418ae-p003,Sc4b3300418ae,page_render,3,assets/Sc4b3300418ae/pages/p003.png,含图表/扫描内容的整页图，供显式打开核验
Sc4b3300418ae-p004,Sc4b3300418ae,page_render,4,assets/Sc4b3300418ae/pages/p004.png,含图表/扫描内容的整页图，供显式打开核验
Sc4b3300418ae-img-000,Sc4b3300418ae,embedded_image,,assets/Sc4b3300418ae/embedded/img-000.png,PDF 内嵌位图（矢量线条/组合图形不在此列，须看整页图）
Sc4b3300418ae-img-001,Sc4b3300418ae,embedded_image,,assets/Sc4b3300418ae/embedded/img-001.png,PDF 内嵌位图（矢量线条/组合图形不在此列，须看整页图）
Sc4b3300418ae-img-002,Sc4b3300418ae,embedded_image,,assets/Sc4b3300418ae/embedded/img-002.png,PDF 内嵌位图（矢量线条/组合图形不在此列，须看整页图）
Sc4b3300418ae-img-003,Sc4b3300418ae,embedded_image,,assets/Sc4b3300418ae/embedded/img-003.png,PDF 内嵌位图（矢量线条/组合图形不在此列，须看整页图）
Sc4b3300418ae-img-004,Sc4b3300418ae,embedded_image,,assets/Sc4b3300418ae/embedded/img-004.png,PDF 内嵌位图（矢量线条/组合图形不在此列，须看整页图）
Sc4b3300418ae-img-005,Sc4b3300418ae,embedded_image,,assets/Sc4b3300418ae/embedded/img-005.png,PDF 内嵌位图（矢量线条/组合图形不在此列，须看整页图）
Sc4b3300418ae-img-006,Sc4b3300418ae,embedded_image,,assets/Sc4b3300418ae/embedded/img-006.png,PDF 内嵌位图（矢量线条/组合图形不在此列，须看整页图）
Sd007267f6e1c-p001,Sd007267f6e1c,page_render,1,assets/Sd007267f6e1c/pages/p001.png,含图表/扫描内容的整页图，供显式打开核验
Sd007267f6e1c-p005,Sd007267f6e1c,page_render,5,assets/Sd007267f6e1c/pages/p005.png,含图表/扫描内容的整页图，供显式打开核验
Sd007267f6e1c-img-000,Sd007267f6e1c,embedded_image,,assets/Sd007267f6e1c/embedded/img-000.png,PDF 内嵌位图（矢量线条/组合图形不在此列，须看整页图）
Sd007267f6e1c-img-001,Sd007267f6e1c,embedded_image,,assets/Sd007267f6e1c/embedded/img-001.png,PDF 内嵌位图（矢量线条/组合图形不在此列，须看整页图）
Sdb4b22917a3f-p001,Sdb4b22917a3f,page_render,1,assets/Sdb4b22917a3f/pages/p001.png,含图表/扫描内容的整页图，供显式打开核验
Sdb4b22917a3f-p002,Sdb4b22917a3f,page_render,2,assets/Sdb4b22917a3f/pages/p002.png,含图表/扫描内容的整页图，供显式打开核验
Sdb4b22917a3f-img-000,Sdb4b22917a3f,embedded_image,,assets/Sdb4b22917a3f/embedded/img-000.png,PDF 内嵌位图（矢量线条/组合图形不在此列，须看整页图）
Sdb4b22917a3f-img-001,Sdb4b22917a3f,embedded_image,,assets/Sdb4b22917a3f/embedded/img-001.png,PDF 内嵌位图（矢量线条/组合图形不在此列，须看整页图）
S34f69bdaf40f-p001,S34f69bdaf40f,page_render,1,assets/S34f69bdaf40f/pages/p001.png,含图表/扫描内容的整页图，供显式打开核验
S34f69bdaf40f-p003,S34f69bdaf40f,page_render,3,assets/S34f69bdaf40f/pages/p003.png,含图表/扫描内容的整页图，供显式打开核验
S34f69bdaf40f-p004,S34f69bdaf40f,page_render,4,assets/S34f69bdaf40f/pages/p004.png,含图表/扫描内容的整页图，供显式打开核验
S34f69bdaf40f-img-000,S34f69bdaf40f,embedded_image,,assets/S34f69bdaf40f/embedded/img-000.png,PDF 内嵌位图（矢量线条/组合图形不在此列，须看整页图）
S34f69bdaf40f-img-001,S34f69bdaf40f,embedded_image,,assets/S34f69bdaf40f/embedded/img-001.png,PDF 内嵌位图（矢量线条/组合图形不在此列，须看整页图）
S34f69bdaf40f-img-002,S34f69bdaf40f,embedded_image,,assets/S34f69bdaf40f/embedded/img-002.png,PDF 内嵌位图（矢量线条/组合图形不在此列，须看整页图）
Sc6d95d8dc945-p001,Sc6d95d8dc945,page_render,1,assets/Sc6d95d8dc945/pages/p001.png,含图表/扫描内容的整页图，供显式打开核验
Sc6d95d8dc945-p002,Sc6d95d8dc945,page_render,2,assets/Sc6d95d8dc945/pages/p002.png,含图表/扫描内容的整页图，供显式打开核验
Sc6d95d8dc945-p003,Sc6d95d8dc945,page_render,3,assets/Sc6d95d8dc945/pages/p003.png,含图表/扫描内容的整页图，供显式打开核验
Sc6d95d8dc945-p004,Sc6d95d8dc945,page_render,4,assets/Sc6d95d8dc945/pages/p004.png,含图表/扫描内容的整页图，供显式打开核验
Sc6d95d8dc945-img-000,Sc6d95d8dc945,embedded_image,,assets/Sc6d95d8dc945/embedded/img-000.png,PDF 内嵌位图（矢量线条/组合图形不在此列，须看整页图）
Sc6d95d8dc945-img-001,Sc6d95d8dc945,embedded_image,,assets/Sc6d95d8dc945/embedded/img-001.png,PDF 内嵌位图（矢量线条/组合图形不在此列，须看整页图）
Sc6d95d8dc945-img-002,Sc6d95d8dc945,embedded_image,,assets/Sc6d95d8dc945/embedded/img-002.png,PDF 内嵌位图（矢量线条/组合图形不在此列，须看整页图）
Sc6d95d8dc945-img-003,Sc6d95d8dc945,embedded_image,,assets/Sc6d95d8dc945/embedded/img-003.png,PDF 内嵌位图（矢量线条/组合图形不在此列，须看整页图）
Sc6d95d8dc945-img-004,Sc6d95d8dc945,embedded_image,,assets/Sc6d95d8dc945/embedded/img-004.png,PDF 内嵌位图（矢量线条/组合图形不在此列，须看整页图）
Sc6d95d8dc945-img-005,Sc6d95d8dc945,embedded_image,,assets/Sc6d95d8dc945/embedded/img-005.png,PDF 内嵌位图（矢量线条/组合图形不在此列，须看整页图）
Sc6d95d8dc945-img-006,Sc6d95d8dc945,embedded_image,,assets/Sc6d95d8dc945/embedded/img-006.png,PDF 内嵌位图（矢量线条/组合图形不在此列，须看整页图）
Sc6d95d8dc945-img-007,Sc6d95d8dc945,embedded_image,,assets/Sc6d95d8dc945/embedded/img-007.png,PDF 内嵌位图（矢量线条/组合图形不在此列，须看整页图）
Sc6d95d8dc945-img-008,Sc6d95d8dc945,embedded_image,,assets/Sc6d95d8dc945/embedded/img-008.png,PDF 内嵌位图（矢量线条/组合图形不在此列，须看整页图）
Sc6d95d8dc945-img-009,Sc6d95d8dc945,embedded_image,,assets/Sc6d95d8dc945/embedded/img-009.png,PDF 内嵌位图（矢量线条/组合图形不在此列，须看整页图）
Sc6d95d8dc945-img-010,Sc6d95d8dc945,embedded_image,,assets/Sc6d95d8dc945/embedded/img-010.png,PDF 内嵌位图（矢量线条/组合图形不在此列，须看整页图）
Sc6d95d8dc945-img-011,Sc6d95d8dc945,embedded_image,,assets/Sc6d95d8dc945/embedded/img-011.png,PDF 内嵌位图（矢量线条/组合图形不在此列，须看整页图）
Sc6d95d8dc945-img-012,Sc6d95d8dc945,embedded_image,,assets/Sc6d95d8dc945/embedded/img-012.png,PDF 内嵌位图（矢量线条/组合图形不在此列，须看整页图）
Sc6d95d8dc945-img-013,Sc6d95d8dc945,embedded_image,,assets/Sc6d95d8dc945/embedded/img-013.png,PDF 内嵌位图（矢量线条/组合图形不在此列，须看整页图）
Sc6d95d8dc945-img-014,Sc6d95d8dc945,embedded_image,,assets/Sc6d95d8dc945/embedded/img-014.png,PDF 内嵌位图（矢量线条/组合图形不在此列，须看整页图）
Sc6d95d8dc945-img-015,Sc6d95d8dc945,embedded_image,,assets/Sc6d95d8dc945/embedded/img-015.png,PDF 内嵌位图（矢量线条/组合图形不在此列，须看整页图）
Sc6d95d8dc945-img-016,Sc6d95d8dc945,embedded_image,,assets/Sc6d95d8dc945/embedded/img-016.png,PDF 内嵌位图（矢量线条/组合图形不在此列，须看整页图）
S05524582484d-p001,S05524582484d,page_render,1,assets/S05524582484d/pages/p001.png,含图表/扫描内容的整页图，供显式打开核验
S05524582484d-p002,S05524582484d,page_render,2,assets/S05524582484d/pages/p002.png,含图表/扫描内容的整页图，供显式打开核验
S05524582484d-img-000,S05524582484d,embedded_image,,assets/S05524582484d/embedded/img-000.png,PDF 内嵌位图（矢量线条/组合图形不在此列，须看整页图）
S05524582484d-img-001,S05524582484d,embedded_image,,assets/S05524582484d/embedded/img-001.png,PDF 内嵌位图（矢量线条/组合图形不在此列，须看整页图）
Sf7b3a73c9296-p001,Sf7b3a73c9296,page_render,1,assets/Sf7b3a73c9296/pages/p001.png,含图表/扫描内容的整页图，供显式打开核验
Sf7b3a73c9296-p002,Sf7b3a73c9296,page_render,2,assets/Sf7b3a73c9296/pages/p002.png,含图表/扫描内容的整页图，供显式打开核验
Sf7b3a73c9296-p005,Sf7b3a73c9296,page_render,5,assets/Sf7b3a73c9296/pages/p005.png,含图表/扫描内容的整页图，供显式打开核验
Sf7b3a73c9296-p008,Sf7b3a73c9296,page_render,8,assets/Sf7b3a73c9296/pages/p008.png,含图表/扫描内容的整页图，供显式打开核验
Sf7b3a73c9296-p012,Sf7b3a73c9296,page_render,12,assets/Sf7b3a73c9296/pages/p012.png,含图表/扫描内容的整页图，供显式打开核验
Sf7b3a73c9296-p013,Sf7b3a73c9296,page_render,13,assets/Sf7b3a73c9296/pages/p013.png,含图表/扫描内容的整页图，供显式打开核验
Sf7b3a73c9296-img-000,Sf7b3a73c9296,embedded_image,,assets/Sf7b3a73c9296/embedded/img-000.png,PDF 内嵌位图（矢量线条/组合图形不在此列，须看整页图）
Sf7b3a73c9296-img-001,Sf7b3a73c9296,embedded_image,,assets/Sf7b3a73c9296/embedded/img-001.png,PDF 内嵌位图（矢量线条/组合图形不在此列，须看整页图）
Sf7b3a73c9296-img-002,Sf7b3a73c9296,embedded_image,,assets/Sf7b3a73c9296/embedded/img-002.png,PDF 内嵌位图（矢量线条/组合图形不在此列，须看整页图）
Sf7b3a73c9296-img-003,Sf7b3a73c9296,embedded_image,,assets/Sf7b3a73c9296/embedded/img-003.png,PDF 内嵌位图（矢量线条/组合图形不在此列，须看整页图）
Sffe050fd8f7e-p001,Sffe050fd8f7e,page_render,1,assets/Sffe050fd8f7e/pages/p001.png,含图表/扫描内容的整页图，供显式打开核验
Sffe050fd8f7e-p002,Sffe050fd8f7e,page_render,2,assets/Sffe050fd8f7e/pages/p002.png,含图表/扫描内容的整页图，供显式打开核验
Sffe050fd8f7e-p003,Sffe050fd8f7e,page_render,3,assets/Sffe050fd8f7e/pages/p003.png,含图表/扫描内容的整页图，供显式打开核验
Sffe050fd8f7e-p004,Sffe050fd8f7e,page_render,4,assets/Sffe050fd8f7e/pages/p004.png,含图表/扫描内容的整页图，供显式打开核验
Sffe050fd8f7e-p005,Sffe050fd8f7e,page_render,5,assets/Sffe050fd8f7e/pages/p005.png,含图表/扫描内容的整页图，供显式打开核验
Sffe050fd8f7e-p006,Sffe050fd8f7e,page_render,6,assets/Sffe050fd8f7e/pages/p006.png,含图表/扫描内容的整页图，供显式打开核验
Sffe050fd8f7e-p007,Sffe050fd8f7e,page_render,7,assets/Sffe050fd8f7e/pages/p007.png,含图表/扫描内容的整页图，供显式打开核验
Sffe050fd8f7e-p008,Sffe050fd8f7e,page_render,8,assets/Sffe050fd8f7e/pages/p008.png,含图表/扫描内容的整页图，供显式打开核验
Sffe050fd8f7e-p009,Sffe050fd8f7e,page_render,9,assets/Sffe050fd8f7e/pages/p009.png,含图表/扫描内容的整页图，供显式打开核验
Sffe050fd8f7e-p012,Sffe050fd8f7e,page_render,12,assets/Sffe050fd8f7e/pages/p012.png,含图表/扫描内容的整页图，供显式打开核验
Sffe050fd8f7e-img-000,Sffe050fd8f7e,embedded_image,,assets/Sffe050fd8f7e/embedded/img-000.png,PDF 内嵌位图（矢量线条/组合图形不在此列，须看整页图）
Sffe050fd8f7e-img-001,Sffe050fd8f7e,embedded_image,,assets/Sffe050fd8f7e/embedded/img-001.png,PDF 内嵌位图（矢量线条/组合图形不在此列，须看整页图）
Sffe050fd8f7e-img-002,Sffe050fd8f7e,embedded_image,,assets/Sffe050fd8f7e/embedded/img-002.png,PDF 内嵌位图（矢量线条/组合图形不在此列，须看整页图）
Sffe050fd8f7e-img-003,Sffe050fd8f7e,embedded_image,,assets/Sffe050fd8f7e/embedded/img-003.png,PDF 内嵌位图（矢量线条/组合图形不在此列，须看整页图）
Sffe050fd8f7e-img-004,Sffe050fd8f7e,embedded_image,,assets/Sffe050fd8f7e/embedded/img-004.png,PDF 内嵌位图（矢量线条/组合图形不在此列，须看整页图）
Sffe050fd8f7e-img-005,Sffe050fd8f7e,embedded_image,,assets/Sffe050fd8f7e/embedded/img-005.png,PDF 内嵌位图（矢量线条/组合图形不在此列，须看整页图）
Sffe050fd8f7e-img-006,Sffe050fd8f7e,embedded_image,,assets/Sffe050fd8f7e/embedded/img-006.png,PDF 内嵌位图（矢量线条/组合图形不在此列，须看整页图）
Sffe050fd8f7e-img-007,Sffe050fd8f7e,embedded_image,,assets/Sffe050fd8f7e/embedded/img-007.png,PDF 内嵌位图（矢量线条/组合图形不在此列，须看整页图）
Sc2f6013f0e13-p001,Sc2f6013f0e13,page_render,1,assets/Sc2f6013f0e13/pages/p001.png,含图表/扫描内容的整页图，供显式打开核验
Sc2f6013f0e13-p002,Sc2f6013f0e13,page_render,2,assets/Sc2f6013f0e13/pages/p002.png,含图表/扫描内容的整页图，供显式打开核验
Sc2f6013f0e13-p003,Sc2f6013f0e13,page_render,3,assets/Sc2f6013f0e13/pages/p003.png,含图表/扫描内容的整页图，供显式打开核验
Sc2f6013f0e13-p004,Sc2f6013f0e13,page_render,4,assets/Sc2f6013f0e13/pages/p004.png,含图表/扫描内容的整页图，供显式打开核验
Sc2f6013f0e13-p005,Sc2f6013f0e13,page_render,5,assets/Sc2f6013f0e13/pages/p005.png,含图表/扫描内容的整页图，供显式打开核验
Sc2f6013f0e13-p006,Sc2f6013f0e13,page_render,6,assets/Sc2f6013f0e13/pages/p006.png,含图表/扫描内容的整页图，供显式打开核验
Sc2f6013f0e13-p007,Sc2f6013f0e13,page_render,7,assets/Sc2f6013f0e13/pages/p007.png,含图表/扫描内容的整页图，供显式打开核验
Sc2f6013f0e13-p008,Sc2f6013f0e13,page_render,8,assets/Sc2f6013f0e13/pages/p008.png,含图表/扫描内容的整页图，供显式打开核验
Sc2f6013f0e13-p009,Sc2f6013f0e13,page_render,9,assets/Sc2f6013f0e13/pages/p009.png,含图表/扫描内容的整页图，供显式打开核验
Sc2f6013f0e13-p010,Sc2f6013f0e13,page_render,10,assets/Sc2f6013f0e13/pages/p010.png,含图表/扫描内容的整页图，供显式打开核验
Sc2f6013f0e13-p011,Sc2f6013f0e13,page_render,11,assets/Sc2f6013f0e13/pages/p011.png,含图表/扫描内容的整页图，供显式打开核验
Sc2f6013f0e13-p012,Sc2f6013f0e13,page_render,12,assets/Sc2f6013f0e13/pages/p012.png,含图表/扫描内容的整页图，供显式打开核验
Sc2f6013f0e13-p013,Sc2f6013f0e13,page_render,13,assets/Sc2f6013f0e13/pages/p013.png,含图表/扫描内容的整页图，供显式打开核验
Sc2f6013f0e13-p014,Sc2f6013f0e13,page_render,14,assets/Sc2f6013f0e13/pages/p014.png,含图表/扫描内容的整页图，供显式打开核验
Sc2f6013f0e13-p015,Sc2f6013f0e13,page_render,15,assets/Sc2f6013f0e13/pages/p015.png,含图表/扫描内容的整页图，供显式打开核验
Sc2f6013f0e13-p016,Sc2f6013f0e13,page_render,16,assets/Sc2f6013f0e13/pages/p016.png,含图表/扫描内容的整页图，供显式打开核验
Sc2f6013f0e13-p017,Sc2f6013f0e13,page_render,17,assets/Sc2f6013f0e13/pages/p017.png,含图表/扫描内容的整页图，供显式打开核验
Sc2f6013f0e13-p018,Sc2f6013f0e13,page_render,18,assets/Sc2f6013f0e13/pages/p018.png,含图表/扫描内容的整页图，供显式打开核验
Sc2f6013f0e13-p019,Sc2f6013f0e13,page_render,19,assets/Sc2f6013f0e13/pages/p019.png,含图表/扫描内容的整页图，供显式打开核验
Sc2f6013f0e13-p020,Sc2f6013f0e13,page_render,20,assets/Sc2f6013f0e13/pages/p020.png,含图表/扫描内容的整页图，供显式打开核验
Sc2f6013f0e13-p021,Sc2f6013f0e13,page_render,21,assets/Sc2f6013f0e13/pages/p021.png,含图表/扫描内容的整页图，供显式打开核验
Sc2f6013f0e13-p022,Sc2f6013f0e13,page_render,22,assets/Sc2f6013f0e13/pages/p022.png,含图表/扫描内容的整页图，供显式打开核验
Sc2f6013f0e13-p023,Sc2f6013f0e13,page_render,23,assets/Sc2f6013f0e13/pages/p023.png,含图表/扫描内容的整页图，供显式打开核验
Sc2f6013f0e13-p024,Sc2f6013f0e13,page_render,24,assets/Sc2f6013f0e13/pages/p024.png,含图表/扫描内容的整页图，供显式打开核验
Sc2f6013f0e13-p025,Sc2f6013f0e13,page_render,25,assets/Sc2f6013f0e13/pages/p025.png,含图表/扫描内容的整页图，供显式打开核验
Sc2f6013f0e13-p026,Sc2f6013f0e13,page_render,26,assets/Sc2f6013f0e13/pages/p026.png,含图表/扫描内容的整页图，供显式打开核验
Sc2f6013f0e13-p027,Sc2f6013f0e13,page_render,27,assets/Sc2f6013f0e13/pages/p027.png,含图表/扫描内容的整页图，供显式打开核验
Sc2f6013f0e13-p028,Sc2f6013f0e13,page_render,28,assets/Sc2f6013f0e13/pages/p028.png,含图表/扫描内容的整页图，供显式打开核验
Sc2f6013f0e13-p029,Sc2f6013f0e13,page_render,29,assets/Sc2f6013f0e13/pages/p029.png,含图表/扫描内容的整页图，供显式打开核验
Sc2f6013f0e13-p030,Sc2f6013f0e13,page_render,30,assets/Sc2f6013f0e13/pages/p030.png,含图表/扫描内容的整页图，供显式打开核验
Sc2f6013f0e13-p031,Sc2f6013f0e13,page_render,31,assets/Sc2f6013f0e13/pages/p031.png,含图表/扫描内容的整页图，供显式打开核验
Sc2f6013f0e13-p032,Sc2f6013f0e13,page_render,32,assets/Sc2f6013f0e13/pages/p032.png,含图表/扫描内容的整页图，供显式打开核验
Sc2f6013f0e13-p033,Sc2f6013f0e13,page_render,33,assets/Sc2f6013f0e13/pages/p033.png,含图表/扫描内容的整页图，供显式打开核验
Sc2f6013f0e13-p034,Sc2f6013f0e13,page_render,34,assets/Sc2f6013f0e13/pages/p034.png,含图表/扫描内容的整页图，供显式打开核验
Sc2f6013f0e13-p035,Sc2f6013f0e13,page_render,35,assets/Sc2f6013f0e13/pages/p035.png,含图表/扫描内容的整页图，供显式打开核验
Sc2f6013f0e13-p036,Sc2f6013f0e13,page_render,36,assets/Sc2f6013f0e13/pages/p036.png,含图表/扫描内容的整页图，供显式打开核验
Sc2f6013f0e13-p037,Sc2f6013f0e13,page_render,37,assets/Sc2f6013f0e13/pages/p037.png,含图表/扫描内容的整页图，供显式打开核验
Sc2f6013f0e13-p038,Sc2f6013f0e13,page_render,38,assets/Sc2f6013f0e13/pages/p038.png,含图表/扫描内容的整页图，供显式打开核验
Sc2f6013f0e13-p039,Sc2f6013f0e13,page_render,39,assets/Sc2f6013f0e13/pages/p039.png,含图表/扫描内容的整页图，供显式打开核验
Sc2f6013f0e13-p040,Sc2f6013f0e13,page_render,40,assets/Sc2f6013f0e13/pages/p040.png,含图表/扫描内容的整页图，供显式打开核验
Sc2f6013f0e13-p041,Sc2f6013f0e13,page_render,41,assets/Sc2f6013f0e13/pages/p041.png,含图表/扫描内容的整页图，供显式打开核验
Sc2f6013f0e13-p042,Sc2f6013f0e13,page_render,42,assets/Sc2f6013f0e13/pages/p042.png,含图表/扫描内容的整页图，供显式打开核验
Sc2f6013f0e13-p043,Sc2f6013f0e13,page_render,43,assets/Sc2f6013f0e13/pages/p043.png,含图表/扫描内容的整页图，供显式打开核验
Sc2f6013f0e13-p044,Sc2f6013f0e13,page_render,44,assets/Sc2f6013f0e13/pages/p044.png,含图表/扫描内容的整页图，供显式打开核验
Sc2f6013f0e13-p045,Sc2f6013f0e13,page_render,45,assets/Sc2f6013f0e13/pages/p045.png,含图表/扫描内容的整页图，供显式打开核验
Sc2f6013f0e13-p046,Sc2f6013f0e13,page_render,46,assets/Sc2f6013f0e13/pages/p046.png,含图表/扫描内容的整页图，供显式打开核验
Sc2f6013f0e13-p047,Sc2f6013f0e13,page_render,47,assets/Sc2f6013f0e13/pages/p047.png,含图表/扫描内容的整页图，供显式打开核验
Sc2f6013f0e13-p048,Sc2f6013f0e13,page_render,48,assets/Sc2f6013f0e13/pages/p048.png,含图表/扫描内容的整页图，供显式打开核验
Sc2f6013f0e13-p049,Sc2f6013f0e13,page_render,49,assets/Sc2f6013f0e13/pages/p049.png,含图表/扫描内容的整页图，供显式打开核验
Sc2f6013f0e13-p050,Sc2f6013f0e13,page_render,50,assets/Sc2f6013f0e13/pages/p050.png,含图表/扫描内容的整页图，供显式打开核验
Sc2f6013f0e13-p051,Sc2f6013f0e13,page_render,51,assets/Sc2f6013f0e13/pages/p051.png,含图表/扫描内容的整页图，供显式打开核验
Sc2f6013f0e13-p052,Sc2f6013f0e13,page_render,52,assets/Sc2f6013f0e13/pages/p052.png,含图表/扫描内容的整页图，供显式打开核验
Sc2f6013f0e13-p053,Sc2f6013f0e13,page_render,53,assets/Sc2f6013f0e13/pages/p053.png,含图表/扫描内容的整页图，供显式打开核验
Sc2f6013f0e13-p054,Sc2f6013f0e13,page_render,54,assets/Sc2f6013f0e13/pages/p054.png,含图表/扫描内容的整页图，供显式打开核验
Sc2f6013f0e13-p055,Sc2f6013f0e13,page_render,55,assets/Sc2f6013f0e13/pages/p055.png,含图表/扫描内容的整页图，供显式打开核验
Sc2f6013f0e13-p056,Sc2f6013f0e13,page_render,56,assets/Sc2f6013f0e13/pages/p056.png,含图表/扫描内容的整页图，供显式打开核验
Sc2f6013f0e13-p057,Sc2f6013f0e13,page_render,57,assets/Sc2f6013f0e13/pages/p057.png,含图表/扫描内容的整页图，供显式打开核验
Sc2f6013f0e13-p058,Sc2f6013f0e13,page_render,58,assets/Sc2f6013f0e13/pages/p058.png,含图表/扫描内容的整页图，供显式打开核验
Sc2f6013f0e13-p059,Sc2f6013f0e13,page_render,59,assets/Sc2f6013f0e13/pages/p059.png,含图表/扫描内容的整页图，供显式打开核验
Sc2f6013f0e13-p060,Sc2f6013f0e13,page_render,60,assets/Sc2f6013f0e13/pages/p060.png,含图表/扫描内容的整页图，供显式打开核验
Sc2f6013f0e13-p061,Sc2f6013f0e13,page_render,61,assets/Sc2f6013f0e13/pages/p061.png,含图表/扫描内容的整页图，供显式打开核验
Sc2f6013f0e13-p062,Sc2f6013f0e13,page_render,62,assets/Sc2f6013f0e13/pages/p062.png,含图表/扫描内容的整页图，供显式打开核验
Sc2f6013f0e13-p063,Sc2f6013f0e13,page_render,63,assets/Sc2f6013f0e13/pages/p063.png,含图表/扫描内容的整页图，供显式打开核验
Sc2f6013f0e13-p064,Sc2f6013f0e13,page_render,64,assets/Sc2f6013f0e13/pages/p064.png,含图表/扫描内容的整页图，供显式打开核验
Sc2f6013f0e13-p065,Sc2f6013f0e13,page_render,65,assets/Sc2f6013f0e13/pages/p065.png,含图表/扫描内容的整页图，供显式打开核验
Sc2f6013f0e13-p066,Sc2f6013f0e13,page_render,66,assets/Sc2f6013f0e13/pages/p066.png,含图表/扫描内容的整页图，供显式打开核验
Sc2f6013f0e13-p067,Sc2f6013f0e13,page_render,67,assets/Sc2f6013f0e13/pages/p067.png,含图表/扫描内容的整页图，供显式打开核验
Sc2f6013f0e13-p068,Sc2f6013f0e13,page_render,68,assets/Sc2f6013f0e13/pages/p068.png,含图表/扫描内容的整页图，供显式打开核验
Sc2f6013f0e13-p069,Sc2f6013f0e13,page_render,69,assets/Sc2f6013f0e13/pages/p069.png,含图表/扫描内容的整页图，供显式打开核验
Sc2f6013f0e13-p070,Sc2f6013f0e13,page_render,70,assets/Sc2f6013f0e13/pages/p070.png,含图表/扫描内容的整页图，供显式打开核验
Sc2f6013f0e13-p071,Sc2f6013f0e13,page_render,71,assets/Sc2f6013f0e13/pages/p071.png,含图表/扫描内容的整页图，供显式打开核验
Sc2f6013f0e13-p072,Sc2f6013f0e13,page_render,72,assets/Sc2f6013f0e13/pages/p072.png,含图表/扫描内容的整页图，供显式打开核验
Sc2f6013f0e13-p073,Sc2f6013f0e13,page_render,73,assets/Sc2f6013f0e13/pages/p073.png,含图表/扫描内容的整页图，供显式打开核验
Sc2f6013f0e13-p074,Sc2f6013f0e13,page_render,74,assets/Sc2f6013f0e13/pages/p074.png,含图表/扫描内容的整页图，供显式打开核验
Sc2f6013f0e13-p075,Sc2f6013f0e13,page_render,75,assets/Sc2f6013f0e13/pages/p075.png,含图表/扫描内容的整页图，供显式打开核验
Sc2f6013f0e13-p076,Sc2f6013f0e13,page_render,76,assets/Sc2f6013f0e13/pages/p076.png,含图表/扫描内容的整页图，供显式打开核验
Sc2f6013f0e13-p077,Sc2f6013f0e13,page_render,77,assets/Sc2f6013f0e13/pages/p077.png,含图表/扫描内容的整页图，供显式打开核验
Sc2f6013f0e13-p078,Sc2f6013f0e13,page_render,78,assets/Sc2f6013f0e13/pages/p078.png,含图表/扫描内容的整页图，供显式打开核验
Sc2f6013f0e13-p079,Sc2f6013f0e13,page_render,79,assets/Sc2f6013f0e13/pages/p079.png,含图表/扫描内容的整页图，供显式打开核验
Sc2f6013f0e13-p080,Sc2f6013f0e13,page_render,80,assets/Sc2f6013f0e13/pages/p080.png,含图表/扫描内容的整页图，供显式打开核验
Sc2f6013f0e13-p081,Sc2f6013f0e13,page_render,81,assets/Sc2f6013f0e13/pages/p081.png,含图表/扫描内容的整页图，供显式打开核验
Sc2f6013f0e13-p082,Sc2f6013f0e13,page_render,82,assets/Sc2f6013f0e13/pages/p082.png,含图表/扫描内容的整页图，供显式打开核验
Sc2f6013f0e13-p083,Sc2f6013f0e13,page_render,83,assets/Sc2f6013f0e13/pages/p083.png,含图表/扫描内容的整页图，供显式打开核验
Sc2f6013f0e13-p084,Sc2f6013f0e13,page_render,84,assets/Sc2f6013f0e13/pages/p084.png,含图表/扫描内容的整页图，供显式打开核验
Sc2f6013f0e13-p085,Sc2f6013f0e13,page_render,85,assets/Sc2f6013f0e13/pages/p085.png,含图表/扫描内容的整页图，供显式打开核验
Sc2f6013f0e13-p086,Sc2f6013f0e13,page_render,86,assets/Sc2f6013f0e13/pages/p086.png,含图表/扫描内容的整页图，供显式打开核验
Sc2f6013f0e13-p087,Sc2f6013f0e13,page_render,87,assets/Sc2f6013f0e13/pages/p087.png,含图表/扫描内容的整页图，供显式打开核验
Sc2f6013f0e13-p088,Sc2f6013f0e13,page_render,88,assets/Sc2f6013f0e13/pages/p088.png,含图表/扫描内容的整页图，供显式打开核验
Sc2f6013f0e13-p089,Sc2f6013f0e13,page_render,89,assets/Sc2f6013f0e13/pages/p089.png,含图表/扫描内容的整页图，供显式打开核验
Sc2f6013f0e13-p090,Sc2f6013f0e13,page_render,90,assets/Sc2f6013f0e13/pages/p090.png,含图表/扫描内容的整页图，供显式打开核验
Sc2f6013f0e13-p091,Sc2f6013f0e13,page_render,91,assets/Sc2f6013f0e13/pages/p091.png,含图表/扫描内容的整页图，供显式打开核验
Sc2f6013f0e13-p092,Sc2f6013f0e13,page_render,92,assets/Sc2f6013f0e13/pages/p092.png,含图表/扫描内容的整页图，供显式打开核验
Sc2f6013f0e13-p093,Sc2f6013f0e13,page_render,93,assets/Sc2f6013f0e13/pages/p093.png,含图表/扫描内容的整页图，供显式打开核验
Sc2f6013f0e13-p094,Sc2f6013f0e13,page_render,94,assets/Sc2f6013f0e13/pages/p094.png,含图表/扫描内容的整页图，供显式打开核验
Sc2f6013f0e13-p095,Sc2f6013f0e13,page_render,95,assets/Sc2f6013f0e13/pages/p095.png,含图表/扫描内容的整页图，供显式打开核验
Sc2f6013f0e13-p096,Sc2f6013f0e13,page_render,96,assets/Sc2f6013f0e13/pages/p096.png,含图表/扫描内容的整页图，供显式打开核验
Sc2f6013f0e13-p097,Sc2f6013f0e13,page_render,97,assets/Sc2f6013f0e13/pages/p097.png,含图表/扫描内容的整页图，供显式打开核验
Sc2f6013f0e13-p098,Sc2f6013f0e13,page_render,98,assets/Sc2f6013f0e13/pages/p098.png,含图表/扫描内容的整页图，供显式打开核验
Sc2f6013f0e13-p099,Sc2f6013f0e13,page_render,99,assets/Sc2f6013f0e13/pages/p099.png,含图表/扫描内容的整页图，供显式打开核验
Sc2f6013f0e13-p100,Sc2f6013f0e13,page_render,100,assets/Sc2f6013f0e13/pages/p100.png,含图表/扫描内容的整页图，供显式打开核验
Sc2f6013f0e13-p101,Sc2f6013f0e13,page_render,101,assets/Sc2f6013f0e13/pages/p101.png,含图表/扫描内容的整页图，供显式打开核验
Sc2f6013f0e13-p102,Sc2f6013f0e13,page_render,102,assets/Sc2f6013f0e13/pages/p102.png,含图表/扫描内容的整页图，供显式打开核验
Sc2f6013f0e13-p103,Sc2f6013f0e13,page_render,103,assets/Sc2f6013f0e13/pages/p103.png,含图表/扫描内容的整页图，供显式打开核验
Sc2f6013f0e13-p104,Sc2f6013f0e13,page_render,104,assets/Sc2f6013f0e13/pages/p104.png,含图表/扫描内容的整页图，供显式打开核验
Sc2f6013f0e13-p105,Sc2f6013f0e13,page_render,105,assets/Sc2f6013f0e13/pages/p105.png,含图表/扫描内容的整页图，供显式打开核验
Sc2f6013f0e13-p106,Sc2f6013f0e13,page_render,106,assets/Sc2f6013f0e13/pages/p106.png,含图表/扫描内容的整页图，供显式打开核验
Sc2f6013f0e13-p107,Sc2f6013f0e13,page_render,107,assets/Sc2f6013f0e13/pages/p107.png,含图表/扫描内容的整页图，供显式打开核验
Sc2f6013f0e13-p108,Sc2f6013f0e13,page_render,108,assets/Sc2f6013f0e13/pages/p108.png,含图表/扫描内容的整页图，供显式打开核验
Sc2f6013f0e13-img-000,Sc2f6013f0e13,embedded_image,,assets/Sc2f6013f0e13/embedded/img-000.png,PDF 内嵌位图（矢量线条/组合图形不在此列，须看整页图）
Sc2f6013f0e13-img-001,Sc2f6013f0e13,embedded_image,,assets/Sc2f6013f0e13/embedded/img-001.png,PDF 内嵌位图（矢量线条/组合图形不在此列，须看整页图）
Sc2f6013f0e13-img-002,Sc2f6013f0e13,embedded_image,,assets/Sc2f6013f0e13/embedded/img-002.png,PDF 内嵌位图（矢量线条/组合图形不在此列，须看整页图）
Sc2f6013f0e13-img-003,Sc2f6013f0e13,embedded_image,,assets/Sc2f6013f0e13/embedded/img-003.png,PDF 内嵌位图（矢量线条/组合图形不在此列，须看整页图）
Sc2f6013f0e13-img-004,Sc2f6013f0e13,embedded_image,,assets/Sc2f6013f0e13/embedded/img-004.png,PDF 内嵌位图（矢量线条/组合图形不在此列，须看整页图）
Sc2f6013f0e13-img-005,Sc2f6013f0e13,embedded_image,,assets/Sc2f6013f0e13/embedded/img-005.png,PDF 内嵌位图（矢量线条/组合图形不在此列，须看整页图）
Sc2f6013f0e13-img-006,Sc2f6013f0e13,embedded_image,,assets/Sc2f6013f0e13/embedded/img-006.png,PDF 内嵌位图（矢量线条/组合图形不在此列，须看整页图）
Sc2f6013f0e13-img-007,Sc2f6013f0e13,embedded_image,,assets/Sc2f6013f0e13/embedded/img-007.png,PDF 内嵌位图（矢量线条/组合图形不在此列，须看整页图）
Sc2f6013f0e13-img-008,Sc2f6013f0e13,embedded_image,,assets/Sc2f6013f0e13/embedded/img-008.png,PDF 内嵌位图（矢量线条/组合图形不在此列，须看整页图）
Sc2f6013f0e13-img-009,Sc2f6013f0e13,embedded_image,,assets/Sc2f6013f0e13/embedded/img-009.png,PDF 内嵌位图（矢量线条/组合图形不在此列，须看整页图）
Sc2f6013f0e13-img-010,Sc2f6013f0e13,embedded_image,,assets/Sc2f6013f0e13/embedded/img-010.png,PDF 内嵌位图（矢量线条/组合图形不在此列，须看整页图）
Sc2f6013f0e13-img-011,Sc2f6013f0e13,embedded_image,,assets/Sc2f6013f0e13/embedded/img-011.png,PDF 内嵌位图（矢量线条/组合图形不在此列，须看整页图）
Sc2f6013f0e13-img-012,Sc2f6013f0e13,embedded_image,,assets/Sc2f6013f0e13/embedded/img-012.png,PDF 内嵌位图（矢量线条/组合图形不在此列，须看整页图）
Sc2f6013f0e13-img-013,Sc2f6013f0e13,embedded_image,,assets/Sc2f6013f0e13/embedded/img-013.png,PDF 内嵌位图（矢量线条/组合图形不在此列，须看整页图）
Sc2f6013f0e13-img-014,Sc2f6013f0e13,embedded_image,,assets/Sc2f6013f0e13/embedded/img-014.png,PDF 内嵌位图（矢量线条/组合图形不在此列，须看整页图）
Sc2f6013f0e13-img-015,Sc2f6013f0e13,embedded_image,,assets/Sc2f6013f0e13/embedded/img-015.png,PDF 内嵌位图（矢量线条/组合图形不在此列，须看整页图）
Sc2f6013f0e13-img-016,Sc2f6013f0e13,embedded_image,,assets/Sc2f6013f0e13/embedded/img-016.png,PDF 内嵌位图（矢量线条/组合图形不在此列，须看整页图）
Sc2f6013f0e13-img-017,Sc2f6013f0e13,embedded_image,,assets/Sc2f6013f0e13/embedded/img-017.png,PDF 内嵌位图（矢量线条/组合图形不在此列，须看整页图）
Sc2f6013f0e13-img-018,Sc2f6013f0e13,embedded_image,,assets/Sc2f6013f0e13/embedded/img-018.png,PDF 内嵌位图（矢量线条/组合图形不在此列，须看整页图）
Sc2f6013f0e13-img-019,Sc2f6013f0e13,embedded_image,,assets/Sc2f6013f0e13/embedded/img-019.png,PDF 内嵌位图（矢量线条/组合图形不在此列，须看整页图）
Sc2f6013f0e13-img-020,Sc2f6013f0e13,embedded_image,,assets/Sc2f6013f0e13/embedded/img-020.png,PDF 内嵌位图（矢量线条/组合图形不在此列，须看整页图）
Sc2f6013f0e13-img-021,Sc2f6013f0e13,embedded_image,,assets/Sc2f6013f0e13/embedded/img-021.png,PDF 内嵌位图（矢量线条/组合图形不在此列，须看整页图）
Sc2f6013f0e13-img-022,Sc2f6013f0e13,embedded_image,,assets/Sc2f6013f0e13/embedded/img-022.png,PDF 内嵌位图（矢量线条/组合图形不在此列，须看整页图）
Sc2f6013f0e13-img-023,Sc2f6013f0e13,embedded_image,,assets/Sc2f6013f0e13/embedded/img-023.png,PDF 内嵌位图（矢量线条/组合图形不在此列，须看整页图）
Sc2f6013f0e13-img-024,Sc2f6013f0e13,embedded_image,,assets/Sc2f6013f0e13/embedded/img-024.png,PDF 内嵌位图（矢量线条/组合图形不在此列，须看整页图）
Sc2f6013f0e13-img-025,Sc2f6013f0e13,embedded_image,,assets/Sc2f6013f0e13/embedded/img-025.png,PDF 内嵌位图（矢量线条/组合图形不在此列，须看整页图）
Sc2f6013f0e13-img-026,Sc2f6013f0e13,embedded_image,,assets/Sc2f6013f0e13/embedded/img-026.png,PDF 内嵌位图（矢量线条/组合图形不在此列，须看整页图）
Sc2f6013f0e13-img-027,Sc2f6013f0e13,embedded_image,,assets/Sc2f6013f0e13/embedded/img-027.png,PDF 内嵌位图（矢量线条/组合图形不在此列，须看整页图）
Sc2f6013f0e13-img-028,Sc2f6013f0e13,embedded_image,,assets/Sc2f6013f0e13/embedded/img-028.png,PDF 内嵌位图（矢量线条/组合图形不在此列，须看整页图）
Sc2f6013f0e13-img-029,Sc2f6013f0e13,embedded_image,,assets/Sc2f6013f0e13/embedded/img-029.png,PDF 内嵌位图（矢量线条/组合图形不在此列，须看整页图）
Sc2f6013f0e13-img-030,Sc2f6013f0e13,embedded_image,,assets/Sc2f6013f0e13/embedded/img-030.png,PDF 内嵌位图（矢量线条/组合图形不在此列，须看整页图）
Sc2f6013f0e13-img-031,Sc2f6013f0e13,embedded_image,,assets/Sc2f6013f0e13/embedded/img-031.png,PDF 内嵌位图（矢量线条/组合图形不在此列，须看整页图）
Sc2f6013f0e13-img-032,Sc2f6013f0e13,embedded_image,,assets/Sc2f6013f0e13/embedded/img-032.png,PDF 内嵌位图（矢量线条/组合图形不在此列，须看整页图）
Sc2f6013f0e13-img-033,Sc2f6013f0e13,embedded_image,,assets/Sc2f6013f0e13/embedded/img-033.png,PDF 内嵌位图（矢量线条/组合图形不在此列，须看整页图）
Sc2f6013f0e13-img-034,Sc2f6013f0e13,embedded_image,,assets/Sc2f6013f0e13/embedded/img-034.png,PDF 内嵌位图（矢量线条/组合图形不在此列，须看整页图）
Sc2f6013f0e13-img-035,Sc2f6013f0e13,embedded_image,,assets/Sc2f6013f0e13/embedded/img-035.png,PDF 内嵌位图（矢量线条/组合图形不在此列，须看整页图）
Sc2f6013f0e13-img-036,Sc2f6013f0e13,embedded_image,,assets/Sc2f6013f0e13/embedded/img-036.png,PDF 内嵌位图（矢量线条/组合图形不在此列，须看整页图）
Sc2f6013f0e13-img-037,Sc2f6013f0e13,embedded_image,,assets/Sc2f6013f0e13/embedded/img-037.png,PDF 内嵌位图（矢量线条/组合图形不在此列，须看整页图）
Sc2f6013f0e13-img-038,Sc2f6013f0e13,embedded_image,,assets/Sc2f6013f0e13/embedded/img-038.png,PDF 内嵌位图（矢量线条/组合图形不在此列，须看整页图）
Sc2f6013f0e13-img-039,Sc2f6013f0e13,embedded_image,,assets/Sc2f6013f0e13/embedded/img-039.png,PDF 内嵌位图（矢量线条/组合图形不在此列，须看整页图）
Sc2f6013f0e13-img-040,Sc2f6013f0e13,embedded_image,,assets/Sc2f6013f0e13/embedded/img-040.png,PDF 内嵌位图（矢量线条/组合图形不在此列，须看整页图）
Sc2f6013f0e13-img-041,Sc2f6013f0e13,embedded_image,,assets/Sc2f6013f0e13/embedded/img-041.png,PDF 内嵌位图（矢量线条/组合图形不在此列，须看整页图）
Sc2f6013f0e13-img-042,Sc2f6013f0e13,embedded_image,,assets/Sc2f6013f0e13/embedded/img-042.png,PDF 内嵌位图（矢量线条/组合图形不在此列，须看整页图）
Sc2f6013f0e13-img-043,Sc2f6013f0e13,embedded_image,,assets/Sc2f6013f0e13/embedded/img-043.png,PDF 内嵌位图（矢量线条/组合图形不在此列，须看整页图）
Sc2f6013f0e13-img-044,Sc2f6013f0e13,embedded_image,,assets/Sc2f6013f0e13/embedded/img-044.png,PDF 内嵌位图（矢量线条/组合图形不在此列，须看整页图）
Sc2f6013f0e13-img-045,Sc2f6013f0e13,embedded_image,,assets/Sc2f6013f0e13/embedded/img-045.png,PDF 内嵌位图（矢量线条/组合图形不在此列，须看整页图）
Sc2f6013f0e13-img-046,Sc2f6013f0e13,embedded_image,,assets/Sc2f6013f0e13/embedded/img-046.png,PDF 内嵌位图（矢量线条/组合图形不在此列，须看整页图）
Sc2f6013f0e13-img-047,Sc2f6013f0e13,embedded_image,,assets/Sc2f6013f0e13/embedded/img-047.png,PDF 内嵌位图（矢量线条/组合图形不在此列，须看整页图）
Sc2f6013f0e13-img-048,Sc2f6013f0e13,embedded_image,,assets/Sc2f6013f0e13/embedded/img-048.png,PDF 内嵌位图（矢量线条/组合图形不在此列，须看整页图）
Sc2f6013f0e13-img-049,Sc2f6013f0e13,embedded_image,,assets/Sc2f6013f0e13/embedded/img-049.png,PDF 内嵌位图（矢量线条/组合图形不在此列，须看整页图）
Sc2f6013f0e13-img-050,Sc2f6013f0e13,embedded_image,,assets/Sc2f6013f0e13/embedded/img-050.png,PDF 内嵌位图（矢量线条/组合图形不在此列，须看整页图）
Sc2f6013f0e13-img-051,Sc2f6013f0e13,embedded_image,,assets/Sc2f6013f0e13/embedded/img-051.png,PDF 内嵌位图（矢量线条/组合图形不在此列，须看整页图）
Sc2f6013f0e13-img-052,Sc2f6013f0e13,embedded_image,,assets/Sc2f6013f0e13/embedded/img-052.png,PDF 内嵌位图（矢量线条/组合图形不在此列，须看整页图）
Sc2f6013f0e13-img-053,Sc2f6013f0e13,embedded_image,,assets/Sc2f6013f0e13/embedded/img-053.png,PDF 内嵌位图（矢量线条/组合图形不在此列，须看整页图）
Sc2f6013f0e13-img-054,Sc2f6013f0e13,embedded_image,,assets/Sc2f6013f0e13/embedded/img-054.png,PDF 内嵌位图（矢量线条/组合图形不在此列，须看整页图）
Sc2f6013f0e13-img-055,Sc2f6013f0e13,embedded_image,,assets/Sc2f6013f0e13/embedded/img-055.png,PDF 内嵌位图（矢量线条/组合图形不在此列，须看整页图）
Sc2f6013f0e13-img-056,Sc2f6013f0e13,embedded_image,,assets/Sc2f6013f0e13/embedded/img-056.png,PDF 内嵌位图（矢量线条/组合图形不在此列，须看整页图）
Sc2f6013f0e13-img-057,Sc2f6013f0e13,embedded_image,,assets/Sc2f6013f0e13/embedded/img-057.png,PDF 内嵌位图（矢量线条/组合图形不在此列，须看整页图）
Sc2f6013f0e13-img-058,Sc2f6013f0e13,embedded_image,,assets/Sc2f6013f0e13/embedded/img-058.png,PDF 内嵌位图（矢量线条/组合图形不在此列，须看整页图）
Sc2f6013f0e13-img-059,Sc2f6013f0e13,embedded_image,,assets/Sc2f6013f0e13/embedded/img-059.png,PDF 内嵌位图（矢量线条/组合图形不在此列，须看整页图）
Sc2f6013f0e13-img-060,Sc2f6013f0e13,embedded_image,,assets/Sc2f6013f0e13/embedded/img-060.png,PDF 内嵌位图（矢量线条/组合图形不在此列，须看整页图）
Sc2f6013f0e13-img-061,Sc2f6013f0e13,embedded_image,,assets/Sc2f6013f0e13/embedded/img-061.png,PDF 内嵌位图（矢量线条/组合图形不在此列，须看整页图）
Sc2f6013f0e13-img-062,Sc2f6013f0e13,embedded_image,,assets/Sc2f6013f0e13/embedded/img-062.png,PDF 内嵌位图（矢量线条/组合图形不在此列，须看整页图）
Sc2f6013f0e13-img-063,Sc2f6013f0e13,embedded_image,,assets/Sc2f6013f0e13/embedded/img-063.png,PDF 内嵌位图（矢量线条/组合图形不在此列，须看整页图）
Sc2f6013f0e13-img-064,Sc2f6013f0e13,embedded_image,,assets/Sc2f6013f0e13/embedded/img-064.png,PDF 内嵌位图（矢量线条/组合图形不在此列，须看整页图）
Sc2f6013f0e13-img-065,Sc2f6013f0e13,embedded_image,,assets/Sc2f6013f0e13/embedded/img-065.png,PDF 内嵌位图（矢量线条/组合图形不在此列，须看整页图）
Sc2f6013f0e13-img-066,Sc2f6013f0e13,embedded_image,,assets/Sc2f6013f0e13/embedded/img-066.png,PDF 内嵌位图（矢量线条/组合图形不在此列，须看整页图）
Sc2f6013f0e13-img-067,Sc2f6013f0e13,embedded_image,,assets/Sc2f6013f0e13/embedded/img-067.png,PDF 内嵌位图（矢量线条/组合图形不在此列，须看整页图）
Sc2f6013f0e13-img-068,Sc2f6013f0e13,embedded_image,,assets/Sc2f6013f0e13/embedded/img-068.png,PDF 内嵌位图（矢量线条/组合图形不在此列，须看整页图）
Sc2f6013f0e13-img-069,Sc2f6013f0e13,embedded_image,,assets/Sc2f6013f0e13/embedded/img-069.png,PDF 内嵌位图（矢量线条/组合图形不在此列，须看整页图）
Sc2f6013f0e13-img-070,Sc2f6013f0e13,embedded_image,,assets/Sc2f6013f0e13/embedded/img-070.png,PDF 内嵌位图（矢量线条/组合图形不在此列，须看整页图）
Sc2f6013f0e13-img-071,Sc2f6013f0e13,embedded_image,,assets/Sc2f6013f0e13/embedded/img-071.png,PDF 内嵌位图（矢量线条/组合图形不在此列，须看整页图）
Sc2f6013f0e13-img-072,Sc2f6013f0e13,embedded_image,,assets/Sc2f6013f0e13/embedded/img-072.png,PDF 内嵌位图（矢量线条/组合图形不在此列，须看整页图）
Sc2f6013f0e13-img-073,Sc2f6013f0e13,embedded_image,,assets/Sc2f6013f0e13/embedded/img-073.png,PDF 内嵌位图（矢量线条/组合图形不在此列，须看整页图）
Sc2f6013f0e13-img-074,Sc2f6013f0e13,embedded_image,,assets/Sc2f6013f0e13/embedded/img-074.png,PDF 内嵌位图（矢量线条/组合图形不在此列，须看整页图）
Sc2f6013f0e13-img-075,Sc2f6013f0e13,embedded_image,,assets/Sc2f6013f0e13/embedded/img-075.png,PDF 内嵌位图（矢量线条/组合图形不在此列，须看整页图）
Sc2f6013f0e13-img-076,Sc2f6013f0e13,embedded_image,,assets/Sc2f6013f0e13/embedded/img-076.png,PDF 内嵌位图（矢量线条/组合图形不在此列，须看整页图）
Sc2f6013f0e13-img-077,Sc2f6013f0e13,embedded_image,,assets/Sc2f6013f0e13/embedded/img-077.png,PDF 内嵌位图（矢量线条/组合图形不在此列，须看整页图）
Sc2f6013f0e13-img-078,Sc2f6013f0e13,embedded_image,,assets/Sc2f6013f0e13/embedded/img-078.png,PDF 内嵌位图（矢量线条/组合图形不在此列，须看整页图）
Sc2f6013f0e13-img-079,Sc2f6013f0e13,embedded_image,,assets/Sc2f6013f0e13/embedded/img-079.png,PDF 内嵌位图（矢量线条/组合图形不在此列，须看整页图）
Sc2f6013f0e13-img-080,Sc2f6013f0e13,embedded_image,,assets/Sc2f6013f0e13/embedded/img-080.png,PDF 内嵌位图（矢量线条/组合图形不在此列，须看整页图）
Sc2f6013f0e13-img-081,Sc2f6013f0e13,embedded_image,,assets/Sc2f6013f0e13/embedded/img-081.png,PDF 内嵌位图（矢量线条/组合图形不在此列，须看整页图）
Sc2f6013f0e13-img-082,Sc2f6013f0e13,embedded_image,,assets/Sc2f6013f0e13/embedded/img-082.png,PDF 内嵌位图（矢量线条/组合图形不在此列，须看整页图）
Sc2f6013f0e13-img-083,Sc2f6013f0e13,embedded_image,,assets/Sc2f6013f0e13/embedded/img-083.png,PDF 内嵌位图（矢量线条/组合图形不在此列，须看整页图）
Sc2f6013f0e13-img-084,Sc2f6013f0e13,embedded_image,,assets/Sc2f6013f0e13/embedded/img-084.png,PDF 内嵌位图（矢量线条/组合图形不在此列，须看整页图）
Sc2f6013f0e13-img-085,Sc2f6013f0e13,embedded_image,,assets/Sc2f6013f0e13/embedded/img-085.png,PDF 内嵌位图（矢量线条/组合图形不在此列，须看整页图）
Sc2f6013f0e13-img-086,Sc2f6013f0e13,embedded_image,,assets/Sc2f6013f0e13/embedded/img-086.png,PDF 内嵌位图（矢量线条/组合图形不在此列，须看整页图）
Sc2f6013f0e13-img-087,Sc2f6013f0e13,embedded_image,,assets/Sc2f6013f0e13/embedded/img-087.png,PDF 内嵌位图（矢量线条/组合图形不在此列，须看整页图）
Sc2f6013f0e13-img-088,Sc2f6013f0e13,embedded_image,,assets/Sc2f6013f0e13/embedded/img-088.png,PDF 内嵌位图（矢量线条/组合图形不在此列，须看整页图）
Sc2f6013f0e13-img-089,Sc2f6013f0e13,embedded_image,,assets/Sc2f6013f0e13/embedded/img-089.png,PDF 内嵌位图（矢量线条/组合图形不在此列，须看整页图）
Sc2f6013f0e13-img-090,Sc2f6013f0e13,embedded_image,,assets/Sc2f6013f0e13/embedded/img-090.png,PDF 内嵌位图（矢量线条/组合图形不在此列，须看整页图）
Sc2f6013f0e13-img-091,Sc2f6013f0e13,embedded_image,,assets/Sc2f6013f0e13/embedded/img-091.png,PDF 内嵌位图（矢量线条/组合图形不在此列，须看整页图）
Sc2f6013f0e13-img-092,Sc2f6013f0e13,embedded_image,,assets/Sc2f6013f0e13/embedded/img-092.png,PDF 内嵌位图（矢量线条/组合图形不在此列，须看整页图）
Sc2f6013f0e13-img-093,Sc2f6013f0e13,embedded_image,,assets/Sc2f6013f0e13/embedded/img-093.png,PDF 内嵌位图（矢量线条/组合图形不在此列，须看整页图）
Sc2f6013f0e13-img-094,Sc2f6013f0e13,embedded_image,,assets/Sc2f6013f0e13/embedded/img-094.png,PDF 内嵌位图（矢量线条/组合图形不在此列，须看整页图）
Sc2f6013f0e13-img-095,Sc2f6013f0e13,embedded_image,,assets/Sc2f6013f0e13/embedded/img-095.png,PDF 内嵌位图（矢量线条/组合图形不在此列，须看整页图）
Sc2f6013f0e13-img-096,Sc2f6013f0e13,embedded_image,,assets/Sc2f6013f0e13/embedded/img-096.png,PDF 内嵌位图（矢量线条/组合图形不在此列，须看整页图）
Sc2f6013f0e13-img-097,Sc2f6013f0e13,embedded_image,,assets/Sc2f6013f0e13/embedded/img-097.png,PDF 内嵌位图（矢量线条/组合图形不在此列，须看整页图）
Sc2f6013f0e13-img-098,Sc2f6013f0e13,embedded_image,,assets/Sc2f6013f0e13/embedded/img-098.png,PDF 内嵌位图（矢量线条/组合图形不在此列，须看整页图）
Sc2f6013f0e13-img-099,Sc2f6013f0e13,embedded_image,,assets/Sc2f6013f0e13/embedded/img-099.png,PDF 内嵌位图（矢量线条/组合图形不在此列，须看整页图）
Sc2f6013f0e13-img-100,Sc2f6013f0e13,embedded_image,,assets/Sc2f6013f0e13/embedded/img-100.png,PDF 内嵌位图（矢量线条/组合图形不在此列，须看整页图）
Sc2f6013f0e13-img-101,Sc2f6013f0e13,embedded_image,,assets/Sc2f6013f0e13/embedded/img-101.png,PDF 内嵌位图（矢量线条/组合图形不在此列，须看整页图）
Sc2f6013f0e13-img-102,Sc2f6013f0e13,embedded_image,,assets/Sc2f6013f0e13/embedded/img-102.png,PDF 内嵌位图（矢量线条/组合图形不在此列，须看整页图）
Sc2f6013f0e13-img-103,Sc2f6013f0e13,embedded_image,,assets/Sc2f6013f0e13/embedded/img-103.png,PDF 内嵌位图（矢量线条/组合图形不在此列，须看整页图）
Sc2f6013f0e13-img-104,Sc2f6013f0e13,embedded_image,,assets/Sc2f6013f0e13/embedded/img-104.png,PDF 内嵌位图（矢量线条/组合图形不在此列，须看整页图）
Sc2f6013f0e13-img-105,Sc2f6013f0e13,embedded_image,,assets/Sc2f6013f0e13/embedded/img-105.png,PDF 内嵌位图（矢量线条/组合图形不在此列，须看整页图）
Sc2f6013f0e13-img-106,Sc2f6013f0e13,embedded_image,,assets/Sc2f6013f0e13/embedded/img-106.png,PDF 内嵌位图（矢量线条/组合图形不在此列，须看整页图）
Sc2f6013f0e13-img-107,Sc2f6013f0e13,embedded_image,,assets/Sc2f6013f0e13/embedded/img-107.png,PDF 内嵌位图（矢量线条/组合图形不在此列，须看整页图）
Sc2f6013f0e13-img-108,Sc2f6013f0e13,embedded_image,,assets/Sc2f6013f0e13/embedded/img-108.png,PDF 内嵌位图（矢量线条/组合图形不在此列，须看整页图）
Sc2f6013f0e13-img-109,Sc2f6013f0e13,embedded_image,,assets/Sc2f6013f0e13/embedded/img-109.png,PDF 内嵌位图（矢量线条/组合图形不在此列，须看整页图）
Sc2f6013f0e13-img-110,Sc2f6013f0e13,embedded_image,,assets/Sc2f6013f0e13/embedded/img-110.png,PDF 内嵌位图（矢量线条/组合图形不在此列，须看整页图）
Sf414cf7940ad-p001,Sf414cf7940ad,page_render,1,assets/Sf414cf7940ad/pages/p001.png,含图表/扫描内容的整页图，供显式打开核验
Sf414cf7940ad-p002,Sf414cf7940ad,page_render,2,assets/Sf414cf7940ad/pages/p002.png,含图表/扫描内容的整页图，供显式打开核验
Sf414cf7940ad-p003,Sf414cf7940ad,page_render,3,assets/Sf414cf7940ad/pages/p003.png,含图表/扫描内容的整页图，供显式打开核验
Sf414cf7940ad-p004,Sf414cf7940ad,page_render,4,assets/Sf414cf7940ad/pages/p004.png,含图表/扫描内容的整页图，供显式打开核验
Sf414cf7940ad-p005,Sf414cf7940ad,page_render,5,assets/Sf414cf7940ad/pages/p005.png,含图表/扫描内容的整页图，供显式打开核验
Sf414cf7940ad-p006,Sf414cf7940ad,page_render,6,assets/Sf414cf7940ad/pages/p006.png,含图表/扫描内容的整页图，供显式打开核验
Sf414cf7940ad-p007,Sf414cf7940ad,page_render,7,assets/Sf414cf7940ad/pages/p007.png,含图表/扫描内容的整页图，供显式打开核验
Sf414cf7940ad-p008,Sf414cf7940ad,page_render,8,assets/Sf414cf7940ad/pages/p008.png,含图表/扫描内容的整页图，供显式打开核验
Sf414cf7940ad-p009,Sf414cf7940ad,page_render,9,assets/Sf414cf7940ad/pages/p009.png,含图表/扫描内容的整页图，供显式打开核验
Sf414cf7940ad-p010,Sf414cf7940ad,page_render,10,assets/Sf414cf7940ad/pages/p010.png,含图表/扫描内容的整页图，供显式打开核验
Sf414cf7940ad-p011,Sf414cf7940ad,page_render,11,assets/Sf414cf7940ad/pages/p011.png,含图表/扫描内容的整页图，供显式打开核验
Sf414cf7940ad-p012,Sf414cf7940ad,page_render,12,assets/Sf414cf7940ad/pages/p012.png,含图表/扫描内容的整页图，供显式打开核验
Sf414cf7940ad-p013,Sf414cf7940ad,page_render,13,assets/Sf414cf7940ad/pages/p013.png,含图表/扫描内容的整页图，供显式打开核验
Sf414cf7940ad-p014,Sf414cf7940ad,page_render,14,assets/Sf414cf7940ad/pages/p014.png,含图表/扫描内容的整页图，供显式打开核验
Sf414cf7940ad-img-000,Sf414cf7940ad,embedded_image,,assets/Sf414cf7940ad/embedded/img-000.png,PDF 内嵌位图（矢量线条/组合图形不在此列，须看整页图）
Sf414cf7940ad-img-001,Sf414cf7940ad,embedded_image,,assets/Sf414cf7940ad/embedded/img-001.png,PDF 内嵌位图（矢量线条/组合图形不在此列，须看整页图）
Sf414cf7940ad-img-002,Sf414cf7940ad,embedded_image,,assets/Sf414cf7940ad/embedded/img-002.png,PDF 内嵌位图（矢量线条/组合图形不在此列，须看整页图）
Sf414cf7940ad-img-003,Sf414cf7940ad,embedded_image,,assets/Sf414cf7940ad/embedded/img-003.png,PDF 内嵌位图（矢量线条/组合图形不在此列，须看整页图）
Sf414cf7940ad-img-004,Sf414cf7940ad,embedded_image,,assets/Sf414cf7940ad/embedded/img-004.png,PDF 内嵌位图（矢量线条/组合图形不在此列，须看整页图）
Sf414cf7940ad-img-005,Sf414cf7940ad,embedded_image,,assets/Sf414cf7940ad/embedded/img-005.png,PDF 内嵌位图（矢量线条/组合图形不在此列，须看整页图）
Sf414cf7940ad-img-006,Sf414cf7940ad,embedded_image,,assets/Sf414cf7940ad/embedded/img-006.png,PDF 内嵌位图（矢量线条/组合图形不在此列，须看整页图）
Sf414cf7940ad-img-007,Sf414cf7940ad,embedded_image,,assets/Sf414cf7940ad/embedded/img-007.png,PDF 内嵌位图（矢量线条/组合图形不在此列，须看整页图）
Sf414cf7940ad-img-008,Sf414cf7940ad,embedded_image,,assets/Sf414cf7940ad/embedded/img-008.png,PDF 内嵌位图（矢量线条/组合图形不在此列，须看整页图）
Sf414cf7940ad-img-009,Sf414cf7940ad,embedded_image,,assets/Sf414cf7940ad/embedded/img-009.png,PDF 内嵌位图（矢量线条/组合图形不在此列，须看整页图）
Sf414cf7940ad-img-010,Sf414cf7940ad,embedded_image,,assets/Sf414cf7940ad/embedded/img-010.png,PDF 内嵌位图（矢量线条/组合图形不在此列，须看整页图）
Sf414cf7940ad-img-011,Sf414cf7940ad,embedded_image,,assets/Sf414cf7940ad/embedded/img-011.png,PDF 内嵌位图（矢量线条/组合图形不在此列，须看整页图）
Sf414cf7940ad-img-012,Sf414cf7940ad,embedded_image,,assets/Sf414cf7940ad/embedded/img-012.png,PDF 内嵌位图（矢量线条/组合图形不在此列，须看整页图）
Sf414cf7940ad-img-013,Sf414cf7940ad,embedded_image,,assets/Sf414cf7940ad/embedded/img-013.png,PDF 内嵌位图（矢量线条/组合图形不在此列，须看整页图）
Sfb15943f37f6-p001,Sfb15943f37f6,page_render,1,assets/Sfb15943f37f6/pages/p001.png,含图表/扫描内容的整页图，供显式打开核验
Sfb15943f37f6-p002,Sfb15943f37f6,page_render,2,assets/Sfb15943f37f6/pages/p002.png,含图表/扫描内容的整页图，供显式打开核验
Sfb15943f37f6-p003,Sfb15943f37f6,page_render,3,assets/Sfb15943f37f6/pages/p003.png,含图表/扫描内容的整页图，供显式打开核验
Sfb15943f37f6-p004,Sfb15943f37f6,page_render,4,assets/Sfb15943f37f6/pages/p004.png,含图表/扫描内容的整页图，供显式打开核验
Sfb15943f37f6-p005,Sfb15943f37f6,page_render,5,assets/Sfb15943f37f6/pages/p005.png,含图表/扫描内容的整页图，供显式打开核验
Sfb15943f37f6-p006,Sfb15943f37f6,page_render,6,assets/Sfb15943f37f6/pages/p006.png,含图表/扫描内容的整页图，供显式打开核验
Sfb15943f37f6-p007,Sfb15943f37f6,page_render,7,assets/Sfb15943f37f6/pages/p007.png,含图表/扫描内容的整页图，供显式打开核验
Sfb15943f37f6-p008,Sfb15943f37f6,page_render,8,assets/Sfb15943f37f6/pages/p008.png,含图表/扫描内容的整页图，供显式打开核验
Sfb15943f37f6-p009,Sfb15943f37f6,page_render,9,assets/Sfb15943f37f6/pages/p009.png,含图表/扫描内容的整页图，供显式打开核验
Sfb15943f37f6-p010,Sfb15943f37f6,page_render,10,assets/Sfb15943f37f6/pages/p010.png,含图表/扫描内容的整页图，供显式打开核验
Sfb15943f37f6-p011,Sfb15943f37f6,page_render,11,assets/Sfb15943f37f6/pages/p011.png,含图表/扫描内容的整页图，供显式打开核验
Sfb15943f37f6-p012,Sfb15943f37f6,page_render,12,assets/Sfb15943f37f6/pages/p012.png,含图表/扫描内容的整页图，供显式打开核验
Sfb15943f37f6-img-000,Sfb15943f37f6,embedded_image,,assets/Sfb15943f37f6/embedded/img-000.png,PDF 内嵌位图（矢量线条/组合图形不在此列，须看整页图）
Sfb15943f37f6-img-001,Sfb15943f37f6,embedded_image,,assets/Sfb15943f37f6/embedded/img-001.png,PDF 内嵌位图（矢量线条/组合图形不在此列，须看整页图）
Sfb15943f37f6-img-002,Sfb15943f37f6,embedded_image,,assets/Sfb15943f37f6/embedded/img-002.png,PDF 内嵌位图（矢量线条/组合图形不在此列，须看整页图）
Sfb15943f37f6-img-003,Sfb15943f37f6,embedded_image,,assets/Sfb15943f37f6/embedded/img-003.png,PDF 内嵌位图（矢量线条/组合图形不在此列，须看整页图）
Sfb15943f37f6-img-004,Sfb15943f37f6,embedded_image,,assets/Sfb15943f37f6/embedded/img-004.png,PDF 内嵌位图（矢量线条/组合图形不在此列，须看整页图）
Sfb15943f37f6-img-005,Sfb15943f37f6,embedded_image,,assets/Sfb15943f37f6/embedded/img-005.png,PDF 内嵌位图（矢量线条/组合图形不在此列，须看整页图）
Sfb15943f37f6-img-006,Sfb15943f37f6,embedded_image,,assets/Sfb15943f37f6/embedded/img-006.png,PDF 内嵌位图（矢量线条/组合图形不在此列，须看整页图）
Sfb15943f37f6-img-007,Sfb15943f37f6,embedded_image,,assets/Sfb15943f37f6/embedded/img-007.png,PDF 内嵌位图（矢量线条/组合图形不在此列，须看整页图）
Sfb15943f37f6-img-008,Sfb15943f37f6,embedded_image,,assets/Sfb15943f37f6/embedded/img-008.png,PDF 内嵌位图（矢量线条/组合图形不在此列，须看整页图）
Sfb15943f37f6-img-009,Sfb15943f37f6,embedded_image,,assets/Sfb15943f37f6/embedded/img-009.png,PDF 内嵌位图（矢量线条/组合图形不在此列，须看整页图）
Sfb15943f37f6-img-010,Sfb15943f37f6,embedded_image,,assets/Sfb15943f37f6/embedded/img-010.png,PDF 内嵌位图（矢量线条/组合图形不在此列，须看整页图）
Sfb15943f37f6-img-011,Sfb15943f37f6,embedded_image,,assets/Sfb15943f37f6/embedded/img-011.png,PDF 内嵌位图（矢量线条/组合图形不在此列，须看整页图）
Sfb15943f37f6-img-012,Sfb15943f37f6,embedded_image,,assets/Sfb15943f37f6/embedded/img-012.png,PDF 内嵌位图（矢量线条/组合图形不在此列，须看整页图）
Sfb15943f37f6-img-013,Sfb15943f37f6,embedded_image,,assets/Sfb15943f37f6/embedded/img-013.png,PDF 内嵌位图（矢量线条/组合图形不在此列，须看整页图）
Sfb15943f37f6-img-014,Sfb15943f37f6,embedded_image,,assets/Sfb15943f37f6/embedded/img-014.png,PDF 内嵌位图（矢量线条/组合图形不在此列，须看整页图）
Sfb15943f37f6-img-015,Sfb15943f37f6,embedded_image,,assets/Sfb15943f37f6/embedded/img-015.png,PDF 内嵌位图（矢量线条/组合图形不在此列，须看整页图）
Sfb15943f37f6-img-016,Sfb15943f37f6,embedded_image,,assets/Sfb15943f37f6/embedded/img-016.png,PDF 内嵌位图（矢量线条/组合图形不在此列，须看整页图）
Sfb15943f37f6-img-017,Sfb15943f37f6,embedded_image,,assets/Sfb15943f37f6/embedded/img-017.png,PDF 内嵌位图（矢量线条/组合图形不在此列，须看整页图）
S15664381470d-p001,S15664381470d,page_render,1,assets/S15664381470d/pages/p001.png,含图表/扫描内容的整页图，供显式打开核验
S15664381470d-p002,S15664381470d,page_render,2,assets/S15664381470d/pages/p002.png,含图表/扫描内容的整页图，供显式打开核验
S15664381470d-p003,S15664381470d,page_render,3,assets/S15664381470d/pages/p003.png,含图表/扫描内容的整页图，供显式打开核验
S15664381470d-p004,S15664381470d,page_render,4,assets/S15664381470d/pages/p004.png,含图表/扫描内容的整页图，供显式打开核验
S15664381470d-p005,S15664381470d,page_render,5,assets/S15664381470d/pages/p005.png,含图表/扫描内容的整页图，供显式打开核验
S15664381470d-p006,S15664381470d,page_render,6,assets/S15664381470d/pages/p006.png,含图表/扫描内容的整页图，供显式打开核验
S15664381470d-p007,S15664381470d,page_render,7,assets/S15664381470d/pages/p007.png,含图表/扫描内容的整页图，供显式打开核验
S15664381470d-p008,S15664381470d,page_render,8,assets/S15664381470d/pages/p008.png,含图表/扫描内容的整页图，供显式打开核验
S15664381470d-p009,S15664381470d,page_render,9,assets/S15664381470d/pages/p009.png,含图表/扫描内容的整页图，供显式打开核验
S15664381470d-img-000,S15664381470d,embedded_image,,assets/S15664381470d/embedded/img-000.png,PDF 内嵌位图（矢量线条/组合图形不在此列，须看整页图）
S15664381470d-img-001,S15664381470d,embedded_image,,assets/S15664381470d/embedded/img-001.png,PDF 内嵌位图（矢量线条/组合图形不在此列，须看整页图）
S15664381470d-img-002,S15664381470d,embedded_image,,assets/S15664381470d/embedded/img-002.png,PDF 内嵌位图（矢量线条/组合图形不在此列，须看整页图）
S15664381470d-img-003,S15664381470d,embedded_image,,assets/S15664381470d/embedded/img-003.png,PDF 内嵌位图（矢量线条/组合图形不在此列，须看整页图）
S15664381470d-img-004,S15664381470d,embedded_image,,assets/S15664381470d/embedded/img-004.png,PDF 内嵌位图（矢量线条/组合图形不在此列，须看整页图）
S15664381470d-img-005,S15664381470d,embedded_image,,assets/S15664381470d/embedded/img-005.png,PDF 内嵌位图（矢量线条/组合图形不在此列，须看整页图）
S15664381470d-img-006,S15664381470d,embedded_image,,assets/S15664381470d/embedded/img-006.png,PDF 内嵌位图（矢量线条/组合图形不在此列，须看整页图）
Sdbc93cbfd3a9-p002,Sdbc93cbfd3a9,page_render,2,assets/Sdbc93cbfd3a9/pages/p002.png,含图表/扫描内容的整页图，供显式打开核验
Sdbc93cbfd3a9-p005,Sdbc93cbfd3a9,page_render,5,assets/Sdbc93cbfd3a9/pages/p005.png,含图表/扫描内容的整页图，供显式打开核验
Sdbc93cbfd3a9-p006,Sdbc93cbfd3a9,page_render,6,assets/Sdbc93cbfd3a9/pages/p006.png,含图表/扫描内容的整页图，供显式打开核验
Sdbc93cbfd3a9-p007,Sdbc93cbfd3a9,page_render,7,assets/Sdbc93cbfd3a9/pages/p007.png,含图表/扫描内容的整页图，供显式打开核验
Sdbc93cbfd3a9-p008,Sdbc93cbfd3a9,page_render,8,assets/Sdbc93cbfd3a9/pages/p008.png,含图表/扫描内容的整页图，供显式打开核验
Sdbc93cbfd3a9-p009,Sdbc93cbfd3a9,page_render,9,assets/Sdbc93cbfd3a9/pages/p009.png,含图表/扫描内容的整页图，供显式打开核验
Sdbc93cbfd3a9-p010,Sdbc93cbfd3a9,page_render,10,assets/Sdbc93cbfd3a9/pages/p010.png,含图表/扫描内容的整页图，供显式打开核验
Sdbc93cbfd3a9-p011,Sdbc93cbfd3a9,page_render,11,assets/Sdbc93cbfd3a9/pages/p011.png,含图表/扫描内容的整页图，供显式打开核验
Sdbc93cbfd3a9-p012,Sdbc93cbfd3a9,page_render,12,assets/Sdbc93cbfd3a9/pages/p012.png,含图表/扫描内容的整页图，供显式打开核验
Sdbc93cbfd3a9-p013,Sdbc93cbfd3a9,page_render,13,assets/Sdbc93cbfd3a9/pages/p013.png,含图表/扫描内容的整页图，供显式打开核验
Sdbc93cbfd3a9-p014,Sdbc93cbfd3a9,page_render,14,assets/Sdbc93cbfd3a9/pages/p014.png,含图表/扫描内容的整页图，供显式打开核验
Sdbc93cbfd3a9-p016,Sdbc93cbfd3a9,page_render,16,assets/Sdbc93cbfd3a9/pages/p016.png,含图表/扫描内容的整页图，供显式打开核验
Sdbc93cbfd3a9-p017,Sdbc93cbfd3a9,page_render,17,assets/Sdbc93cbfd3a9/pages/p017.png,含图表/扫描内容的整页图，供显式打开核验
Sdbc93cbfd3a9-p018,Sdbc93cbfd3a9,page_render,18,assets/Sdbc93cbfd3a9/pages/p018.png,含图表/扫描内容的整页图，供显式打开核验
Sdbc93cbfd3a9-p019,Sdbc93cbfd3a9,page_render,19,assets/Sdbc93cbfd3a9/pages/p019.png,含图表/扫描内容的整页图，供显式打开核验
Sdbc93cbfd3a9-p020,Sdbc93cbfd3a9,page_render,20,assets/Sdbc93cbfd3a9/pages/p020.png,含图表/扫描内容的整页图，供显式打开核验
Sdbc93cbfd3a9-p021,Sdbc93cbfd3a9,page_render,21,assets/Sdbc93cbfd3a9/pages/p021.png,含图表/扫描内容的整页图，供显式打开核验
Sdbc93cbfd3a9-p022,Sdbc93cbfd3a9,page_render,22,assets/Sdbc93cbfd3a9/pages/p022.png,含图表/扫描内容的整页图，供显式打开核验
Sdbc93cbfd3a9-p023,Sdbc93cbfd3a9,page_render,23,assets/Sdbc93cbfd3a9/pages/p023.png,含图表/扫描内容的整页图，供显式打开核验
Sdbc93cbfd3a9-p026,Sdbc93cbfd3a9,page_render,26,assets/Sdbc93cbfd3a9/pages/p026.png,含图表/扫描内容的整页图，供显式打开核验
Sdbc93cbfd3a9-p027,Sdbc93cbfd3a9,page_render,27,assets/Sdbc93cbfd3a9/pages/p027.png,含图表/扫描内容的整页图，供显式打开核验
Sdbc93cbfd3a9-p028,Sdbc93cbfd3a9,page_render,28,assets/Sdbc93cbfd3a9/pages/p028.png,含图表/扫描内容的整页图，供显式打开核验
Sdbc93cbfd3a9-p029,Sdbc93cbfd3a9,page_render,29,assets/Sdbc93cbfd3a9/pages/p029.png,含图表/扫描内容的整页图，供显式打开核验
Sdbc93cbfd3a9-p030,Sdbc93cbfd3a9,page_render,30,assets/Sdbc93cbfd3a9/pages/p030.png,含图表/扫描内容的整页图，供显式打开核验
Sdbc93cbfd3a9-p032,Sdbc93cbfd3a9,page_render,32,assets/Sdbc93cbfd3a9/pages/p032.png,含图表/扫描内容的整页图，供显式打开核验
Sdbc93cbfd3a9-p034,Sdbc93cbfd3a9,page_render,34,assets/Sdbc93cbfd3a9/pages/p034.png,含图表/扫描内容的整页图，供显式打开核验
Sdbc93cbfd3a9-p035,Sdbc93cbfd3a9,page_render,35,assets/Sdbc93cbfd3a9/pages/p035.png,含图表/扫描内容的整页图，供显式打开核验
Sdbc93cbfd3a9-p036,Sdbc93cbfd3a9,page_render,36,assets/Sdbc93cbfd3a9/pages/p036.png,含图表/扫描内容的整页图，供显式打开核验
Sdbc93cbfd3a9-p037,Sdbc93cbfd3a9,page_render,37,assets/Sdbc93cbfd3a9/pages/p037.png,含图表/扫描内容的整页图，供显式打开核验
Sdbc93cbfd3a9-p038,Sdbc93cbfd3a9,page_render,38,assets/Sdbc93cbfd3a9/pages/p038.png,含图表/扫描内容的整页图，供显式打开核验
Sdbc93cbfd3a9-p039,Sdbc93cbfd3a9,page_render,39,assets/Sdbc93cbfd3a9/pages/p039.png,含图表/扫描内容的整页图，供显式打开核验
Sdbc93cbfd3a9-p041,Sdbc93cbfd3a9,page_render,41,assets/Sdbc93cbfd3a9/pages/p041.png,含图表/扫描内容的整页图，供显式打开核验
Sdbc93cbfd3a9-p042,Sdbc93cbfd3a9,page_render,42,assets/Sdbc93cbfd3a9/pages/p042.png,含图表/扫描内容的整页图，供显式打开核验
Sdbc93cbfd3a9-p043,Sdbc93cbfd3a9,page_render,43,assets/Sdbc93cbfd3a9/pages/p043.png,含图表/扫描内容的整页图，供显式打开核验
Sdbc93cbfd3a9-p044,Sdbc93cbfd3a9,page_render,44,assets/Sdbc93cbfd3a9/pages/p044.png,含图表/扫描内容的整页图，供显式打开核验
Sdbc93cbfd3a9-p045,Sdbc93cbfd3a9,page_render,45,assets/Sdbc93cbfd3a9/pages/p045.png,含图表/扫描内容的整页图，供显式打开核验
Sdbc93cbfd3a9-p046,Sdbc93cbfd3a9,page_render,46,assets/Sdbc93cbfd3a9/pages/p046.png,含图表/扫描内容的整页图，供显式打开核验
Sdbc93cbfd3a9-p047,Sdbc93cbfd3a9,page_render,47,assets/Sdbc93cbfd3a9/pages/p047.png,含图表/扫描内容的整页图，供显式打开核验
Sdbc93cbfd3a9-p050,Sdbc93cbfd3a9,page_render,50,assets/Sdbc93cbfd3a9/pages/p050.png,含图表/扫描内容的整页图，供显式打开核验
Sdbc93cbfd3a9-p051,Sdbc93cbfd3a9,page_render,51,assets/Sdbc93cbfd3a9/pages/p051.png,含图表/扫描内容的整页图，供显式打开核验
Sdbc93cbfd3a9-p052,Sdbc93cbfd3a9,page_render,52,assets/Sdbc93cbfd3a9/pages/p052.png,含图表/扫描内容的整页图，供显式打开核验
Sdbc93cbfd3a9-p054,Sdbc93cbfd3a9,page_render,54,assets/Sdbc93cbfd3a9/pages/p054.png,含图表/扫描内容的整页图，供显式打开核验
Sdbc93cbfd3a9-p055,Sdbc93cbfd3a9,page_render,55,assets/Sdbc93cbfd3a9/pages/p055.png,含图表/扫描内容的整页图，供显式打开核验
Sdbc93cbfd3a9-p056,Sdbc93cbfd3a9,page_render,56,assets/Sdbc93cbfd3a9/pages/p056.png,含图表/扫描内容的整页图，供显式打开核验
Sdbc93cbfd3a9-p057,Sdbc93cbfd3a9,page_render,57,assets/Sdbc93cbfd3a9/pages/p057.png,含图表/扫描内容的整页图，供显式打开核验
Sdbc93cbfd3a9-p058,Sdbc93cbfd3a9,page_render,58,assets/Sdbc93cbfd3a9/pages/p058.png,含图表/扫描内容的整页图，供显式打开核验
Sdbc93cbfd3a9-p059,Sdbc93cbfd3a9,page_render,59,assets/Sdbc93cbfd3a9/pages/p059.png,含图表/扫描内容的整页图，供显式打开核验
Sdbc93cbfd3a9-p060,Sdbc93cbfd3a9,page_render,60,assets/Sdbc93cbfd3a9/pages/p060.png,含图表/扫描内容的整页图，供显式打开核验
Sdbc93cbfd3a9-p061,Sdbc93cbfd3a9,page_render,61,assets/Sdbc93cbfd3a9/pages/p061.png,含图表/扫描内容的整页图，供显式打开核验
Sdbc93cbfd3a9-p065,Sdbc93cbfd3a9,page_render,65,assets/Sdbc93cbfd3a9/pages/p065.png,含图表/扫描内容的整页图，供显式打开核验
Sdbc93cbfd3a9-p067,Sdbc93cbfd3a9,page_render,67,assets/Sdbc93cbfd3a9/pages/p067.png,含图表/扫描内容的整页图，供显式打开核验
Sdbc93cbfd3a9-p068,Sdbc93cbfd3a9,page_render,68,assets/Sdbc93cbfd3a9/pages/p068.png,含图表/扫描内容的整页图，供显式打开核验
Sdbc93cbfd3a9-p069,Sdbc93cbfd3a9,page_render,69,assets/Sdbc93cbfd3a9/pages/p069.png,含图表/扫描内容的整页图，供显式打开核验
Sdbc93cbfd3a9-p070,Sdbc93cbfd3a9,page_render,70,assets/Sdbc93cbfd3a9/pages/p070.png,含图表/扫描内容的整页图，供显式打开核验
Sdbc93cbfd3a9-p071,Sdbc93cbfd3a9,page_render,71,assets/Sdbc93cbfd3a9/pages/p071.png,含图表/扫描内容的整页图，供显式打开核验
Sdbc93cbfd3a9-p074,Sdbc93cbfd3a9,page_render,74,assets/Sdbc93cbfd3a9/pages/p074.png,含图表/扫描内容的整页图，供显式打开核验
Sdbc93cbfd3a9-img-000,Sdbc93cbfd3a9,embedded_image,,assets/Sdbc93cbfd3a9/embedded/img-000.png,PDF 内嵌位图（矢量线条/组合图形不在此列，须看整页图）
Sdbc93cbfd3a9-img-001,Sdbc93cbfd3a9,embedded_image,,assets/Sdbc93cbfd3a9/embedded/img-001.png,PDF 内嵌位图（矢量线条/组合图形不在此列，须看整页图）
Sdbc93cbfd3a9-img-002,Sdbc93cbfd3a9,embedded_image,,assets/Sdbc93cbfd3a9/embedded/img-002.png,PDF 内嵌位图（矢量线条/组合图形不在此列，须看整页图）
Sdbc93cbfd3a9-img-003,Sdbc93cbfd3a9,embedded_image,,assets/Sdbc93cbfd3a9/embedded/img-003.png,PDF 内嵌位图（矢量线条/组合图形不在此列，须看整页图）
Sdbc93cbfd3a9-img-004,Sdbc93cbfd3a9,embedded_image,,assets/Sdbc93cbfd3a9/embedded/img-004.png,PDF 内嵌位图（矢量线条/组合图形不在此列，须看整页图）
Sdbc93cbfd3a9-img-005,Sdbc93cbfd3a9,embedded_image,,assets/Sdbc93cbfd3a9/embedded/img-005.png,PDF 内嵌位图（矢量线条/组合图形不在此列，须看整页图）
Sdbc93cbfd3a9-img-006,Sdbc93cbfd3a9,embedded_image,,assets/Sdbc93cbfd3a9/embedded/img-006.png,PDF 内嵌位图（矢量线条/组合图形不在此列，须看整页图）
Sdbc93cbfd3a9-img-007,Sdbc93cbfd3a9,embedded_image,,assets/Sdbc93cbfd3a9/embedded/img-007.png,PDF 内嵌位图（矢量线条/组合图形不在此列，须看整页图）
Sdbc93cbfd3a9-img-008,Sdbc93cbfd3a9,embedded_image,,assets/Sdbc93cbfd3a9/embedded/img-008.png,PDF 内嵌位图（矢量线条/组合图形不在此列，须看整页图）
Sdbc93cbfd3a9-img-009,Sdbc93cbfd3a9,embedded_image,,assets/Sdbc93cbfd3a9/embedded/img-009.png,PDF 内嵌位图（矢量线条/组合图形不在此列，须看整页图）
Sdbc93cbfd3a9-img-010,Sdbc93cbfd3a9,embedded_image,,assets/Sdbc93cbfd3a9/embedded/img-010.png,PDF 内嵌位图（矢量线条/组合图形不在此列，须看整页图）
Sdbc93cbfd3a9-img-011,Sdbc93cbfd3a9,embedded_image,,assets/Sdbc93cbfd3a9/embedded/img-011.png,PDF 内嵌位图（矢量线条/组合图形不在此列，须看整页图）
Sdbc93cbfd3a9-img-012,Sdbc93cbfd3a9,embedded_image,,assets/Sdbc93cbfd3a9/embedded/img-012.png,PDF 内嵌位图（矢量线条/组合图形不在此列，须看整页图）
Sdbc93cbfd3a9-img-013,Sdbc93cbfd3a9,embedded_image,,assets/Sdbc93cbfd3a9/embedded/img-013.png,PDF 内嵌位图（矢量线条/组合图形不在此列，须看整页图）
Sdbc93cbfd3a9-img-014,Sdbc93cbfd3a9,embedded_image,,assets/Sdbc93cbfd3a9/embedded/img-014.png,PDF 内嵌位图（矢量线条/组合图形不在此列，须看整页图）
Sdbc93cbfd3a9-img-015,Sdbc93cbfd3a9,embedded_image,,assets/Sdbc93cbfd3a9/embedded/img-015.png,PDF 内嵌位图（矢量线条/组合图形不在此列，须看整页图）
Sdbc93cbfd3a9-img-016,Sdbc93cbfd3a9,embedded_image,,assets/Sdbc93cbfd3a9/embedded/img-016.png,PDF 内嵌位图（矢量线条/组合图形不在此列，须看整页图）
Sdbc93cbfd3a9-img-017,Sdbc93cbfd3a9,embedded_image,,assets/Sdbc93cbfd3a9/embedded/img-017.png,PDF 内嵌位图（矢量线条/组合图形不在此列，须看整页图）
Sdbc93cbfd3a9-img-018,Sdbc93cbfd3a9,embedded_image,,assets/Sdbc93cbfd3a9/embedded/img-018.png,PDF 内嵌位图（矢量线条/组合图形不在此列，须看整页图）
Sdbc93cbfd3a9-img-019,Sdbc93cbfd3a9,embedded_image,,assets/Sdbc93cbfd3a9/embedded/img-019.png,PDF 内嵌位图（矢量线条/组合图形不在此列，须看整页图）
Sdbc93cbfd3a9-img-020,Sdbc93cbfd3a9,embedded_image,,assets/Sdbc93cbfd3a9/embedded/img-020.png,PDF 内嵌位图（矢量线条/组合图形不在此列，须看整页图）
Sdbc93cbfd3a9-img-021,Sdbc93cbfd3a9,embedded_image,,assets/Sdbc93cbfd3a9/embedded/img-021.png,PDF 内嵌位图（矢量线条/组合图形不在此列，须看整页图）
Sdbc93cbfd3a9-img-022,Sdbc93cbfd3a9,embedded_image,,assets/Sdbc93cbfd3a9/embedded/img-022.png,PDF 内嵌位图（矢量线条/组合图形不在此列，须看整页图）
Sdbc93cbfd3a9-img-023,Sdbc93cbfd3a9,embedded_image,,assets/Sdbc93cbfd3a9/embedded/img-023.png,PDF 内嵌位图（矢量线条/组合图形不在此列，须看整页图）
Sdbc93cbfd3a9-img-024,Sdbc93cbfd3a9,embedded_image,,assets/Sdbc93cbfd3a9/embedded/img-024.png,PDF 内嵌位图（矢量线条/组合图形不在此列，须看整页图）
Sdbc93cbfd3a9-img-025,Sdbc93cbfd3a9,embedded_image,,assets/Sdbc93cbfd3a9/embedded/img-025.png,PDF 内嵌位图（矢量线条/组合图形不在此列，须看整页图）
Sdbc93cbfd3a9-img-026,Sdbc93cbfd3a9,embedded_image,,assets/Sdbc93cbfd3a9/embedded/img-026.png,PDF 内嵌位图（矢量线条/组合图形不在此列，须看整页图）
Sdbc93cbfd3a9-img-027,Sdbc93cbfd3a9,embedded_image,,assets/Sdbc93cbfd3a9/embedded/img-027.png,PDF 内嵌位图（矢量线条/组合图形不在此列，须看整页图）
Sdbc93cbfd3a9-img-028,Sdbc93cbfd3a9,embedded_image,,assets/Sdbc93cbfd3a9/embedded/img-028.png,PDF 内嵌位图（矢量线条/组合图形不在此列，须看整页图）
Sdbc93cbfd3a9-img-029,Sdbc93cbfd3a9,embedded_image,,assets/Sdbc93cbfd3a9/embedded/img-029.png,PDF 内嵌位图（矢量线条/组合图形不在此列，须看整页图）
Sdbc93cbfd3a9-img-030,Sdbc93cbfd3a9,embedded_image,,assets/Sdbc93cbfd3a9/embedded/img-030.png,PDF 内嵌位图（矢量线条/组合图形不在此列，须看整页图）
Sdbc93cbfd3a9-img-031,Sdbc93cbfd3a9,embedded_image,,assets/Sdbc93cbfd3a9/embedded/img-031.png,PDF 内嵌位图（矢量线条/组合图形不在此列，须看整页图）
Sdbc93cbfd3a9-img-032,Sdbc93cbfd3a9,embedded_image,,assets/Sdbc93cbfd3a9/embedded/img-032.png,PDF 内嵌位图（矢量线条/组合图形不在此列，须看整页图）
Sdbc93cbfd3a9-img-033,Sdbc93cbfd3a9,embedded_image,,assets/Sdbc93cbfd3a9/embedded/img-033.png,PDF 内嵌位图（矢量线条/组合图形不在此列，须看整页图）
Sdbc93cbfd3a9-img-034,Sdbc93cbfd3a9,embedded_image,,assets/Sdbc93cbfd3a9/embedded/img-034.png,PDF 内嵌位图（矢量线条/组合图形不在此列，须看整页图）
Sdbc93cbfd3a9-img-035,Sdbc93cbfd3a9,embedded_image,,assets/Sdbc93cbfd3a9/embedded/img-035.png,PDF 内嵌位图（矢量线条/组合图形不在此列，须看整页图）
Sdbc93cbfd3a9-img-036,Sdbc93cbfd3a9,embedded_image,,assets/Sdbc93cbfd3a9/embedded/img-036.png,PDF 内嵌位图（矢量线条/组合图形不在此列，须看整页图）
Sdbc93cbfd3a9-img-037,Sdbc93cbfd3a9,embedded_image,,assets/Sdbc93cbfd3a9/embedded/img-037.png,PDF 内嵌位图（矢量线条/组合图形不在此列，须看整页图）
Sdbc93cbfd3a9-img-038,Sdbc93cbfd3a9,embedded_image,,assets/Sdbc93cbfd3a9/embedded/img-038.png,PDF 内嵌位图（矢量线条/组合图形不在此列，须看整页图）
Sdbc93cbfd3a9-img-039,Sdbc93cbfd3a9,embedded_image,,assets/Sdbc93cbfd3a9/embedded/img-039.png,PDF 内嵌位图（矢量线条/组合图形不在此列，须看整页图）
Sdbc93cbfd3a9-img-040,Sdbc93cbfd3a9,embedded_image,,assets/Sdbc93cbfd3a9/embedded/img-040.png,PDF 内嵌位图（矢量线条/组合图形不在此列，须看整页图）
Sdbc93cbfd3a9-img-041,Sdbc93cbfd3a9,embedded_image,,assets/Sdbc93cbfd3a9/embedded/img-041.png,PDF 内嵌位图（矢量线条/组合图形不在此列，须看整页图）
Sdbc93cbfd3a9-img-042,Sdbc93cbfd3a9,embedded_image,,assets/Sdbc93cbfd3a9/embedded/img-042.png,PDF 内嵌位图（矢量线条/组合图形不在此列，须看整页图）
Sdbc93cbfd3a9-img-043,Sdbc93cbfd3a9,embedded_image,,assets/Sdbc93cbfd3a9/embedded/img-043.png,PDF 内嵌位图（矢量线条/组合图形不在此列，须看整页图）
Sdbc93cbfd3a9-img-044,Sdbc93cbfd3a9,embedded_image,,assets/Sdbc93cbfd3a9/embedded/img-044.png,PDF 内嵌位图（矢量线条/组合图形不在此列，须看整页图）
Sdbc93cbfd3a9-img-045,Sdbc93cbfd3a9,embedded_image,,assets/Sdbc93cbfd3a9/embedded/img-045.png,PDF 内嵌位图（矢量线条/组合图形不在此列，须看整页图）
Sdbc93cbfd3a9-img-046,Sdbc93cbfd3a9,embedded_image,,assets/Sdbc93cbfd3a9/embedded/img-046.png,PDF 内嵌位图（矢量线条/组合图形不在此列，须看整页图）
Sdbc93cbfd3a9-img-047,Sdbc93cbfd3a9,embedded_image,,assets/Sdbc93cbfd3a9/embedded/img-047.png,PDF 内嵌位图（矢量线条/组合图形不在此列，须看整页图）
Sdbc93cbfd3a9-img-048,Sdbc93cbfd3a9,embedded_image,,assets/Sdbc93cbfd3a9/embedded/img-048.png,PDF 内嵌位图（矢量线条/组合图形不在此列，须看整页图）
Sdbc93cbfd3a9-img-049,Sdbc93cbfd3a9,embedded_image,,assets/Sdbc93cbfd3a9/embedded/img-049.png,PDF 内嵌位图（矢量线条/组合图形不在此列，须看整页图）
Sdbc93cbfd3a9-img-050,Sdbc93cbfd3a9,embedded_image,,assets/Sdbc93cbfd3a9/embedded/img-050.png,PDF 内嵌位图（矢量线条/组合图形不在此列，须看整页图）
Sdbc93cbfd3a9-img-051,Sdbc93cbfd3a9,embedded_image,,assets/Sdbc93cbfd3a9/embedded/img-051.png,PDF 内嵌位图（矢量线条/组合图形不在此列，须看整页图）
Sdbc93cbfd3a9-img-052,Sdbc93cbfd3a9,embedded_image,,assets/Sdbc93cbfd3a9/embedded/img-052.png,PDF 内嵌位图（矢量线条/组合图形不在此列，须看整页图）
Sdbc93cbfd3a9-img-053,Sdbc93cbfd3a9,embedded_image,,assets/Sdbc93cbfd3a9/embedded/img-053.png,PDF 内嵌位图（矢量线条/组合图形不在此列，须看整页图）
Sdbc93cbfd3a9-img-054,Sdbc93cbfd3a9,embedded_image,,assets/Sdbc93cbfd3a9/embedded/img-054.png,PDF 内嵌位图（矢量线条/组合图形不在此列，须看整页图）
Sdbc93cbfd3a9-img-055,Sdbc93cbfd3a9,embedded_image,,assets/Sdbc93cbfd3a9/embedded/img-055.png,PDF 内嵌位图（矢量线条/组合图形不在此列，须看整页图）
Sdbc93cbfd3a9-img-056,Sdbc93cbfd3a9,embedded_image,,assets/Sdbc93cbfd3a9/embedded/img-056.png,PDF 内嵌位图（矢量线条/组合图形不在此列，须看整页图）
Sdbc93cbfd3a9-img-057,Sdbc93cbfd3a9,embedded_image,,assets/Sdbc93cbfd3a9/embedded/img-057.png,PDF 内嵌位图（矢量线条/组合图形不在此列，须看整页图）
S6553ff85e09d-p001,S6553ff85e09d,page_render,1,assets/S6553ff85e09d/pages/p001.png,含图表/扫描内容的整页图，供显式打开核验
S6553ff85e09d-p002,S6553ff85e09d,page_render,2,assets/S6553ff85e09d/pages/p002.png,含图表/扫描内容的整页图，供显式打开核验
S6553ff85e09d-p003,S6553ff85e09d,page_render,3,assets/S6553ff85e09d/pages/p003.png,含图表/扫描内容的整页图，供显式打开核验
S6553ff85e09d-p004,S6553ff85e09d,page_render,4,assets/S6553ff85e09d/pages/p004.png,含图表/扫描内容的整页图，供显式打开核验
S6553ff85e09d-p005,S6553ff85e09d,page_render,5,assets/S6553ff85e09d/pages/p005.png,含图表/扫描内容的整页图，供显式打开核验
S6553ff85e09d-p006,S6553ff85e09d,page_render,6,assets/S6553ff85e09d/pages/p006.png,含图表/扫描内容的整页图，供显式打开核验
S6553ff85e09d-p007,S6553ff85e09d,page_render,7,assets/S6553ff85e09d/pages/p007.png,含图表/扫描内容的整页图，供显式打开核验
S6553ff85e09d-p008,S6553ff85e09d,page_render,8,assets/S6553ff85e09d/pages/p008.png,含图表/扫描内容的整页图，供显式打开核验
S6553ff85e09d-p009,S6553ff85e09d,page_render,9,assets/S6553ff85e09d/pages/p009.png,含图表/扫描内容的整页图，供显式打开核验
S6553ff85e09d-img-000,S6553ff85e09d,embedded_image,,assets/S6553ff85e09d/embedded/img-000.png,PDF 内嵌位图（矢量线条/组合图形不在此列，须看整页图）
S6553ff85e09d-img-001,S6553ff85e09d,embedded_image,,assets/S6553ff85e09d/embedded/img-001.png,PDF 内嵌位图（矢量线条/组合图形不在此列，须看整页图）
S6553ff85e09d-img-002,S6553ff85e09d,embedded_image,,assets/S6553ff85e09d/embedded/img-002.png,PDF 内嵌位图（矢量线条/组合图形不在此列，须看整页图）
S6553ff85e09d-img-003,S6553ff85e09d,embedded_image,,assets/S6553ff85e09d/embedded/img-003.png,PDF 内嵌位图（矢量线条/组合图形不在此列，须看整页图）
S6553ff85e09d-img-004,S6553ff85e09d,embedded_image,,assets/S6553ff85e09d/embedded/img-004.png,PDF 内嵌位图（矢量线条/组合图形不在此列，须看整页图）
S6553ff85e09d-img-005,S6553ff85e09d,embedded_image,,assets/S6553ff85e09d/embedded/img-005.png,PDF 内嵌位图（矢量线条/组合图形不在此列，须看整页图）
S6553ff85e09d-img-006,S6553ff85e09d,embedded_image,,assets/S6553ff85e09d/embedded/img-006.png,PDF 内嵌位图（矢量线条/组合图形不在此列，须看整页图）
S6553ff85e09d-img-007,S6553ff85e09d,embedded_image,,assets/S6553ff85e09d/embedded/img-007.png,PDF 内嵌位图（矢量线条/组合图形不在此列，须看整页图）
S6553ff85e09d-img-008,S6553ff85e09d,embedded_image,,assets/S6553ff85e09d/embedded/img-008.png,PDF 内嵌位图（矢量线条/组合图形不在此列，须看整页图）
S5a53b5c6863d-p002,S5a53b5c6863d,page_render,2,assets/S5a53b5c6863d/pages/p002.png,含图表/扫描内容的整页图，供显式打开核验
S5a53b5c6863d-p004,S5a53b5c6863d,page_render,4,assets/S5a53b5c6863d/pages/p004.png,含图表/扫描内容的整页图，供显式打开核验
S5a53b5c6863d-p005,S5a53b5c6863d,page_render,5,assets/S5a53b5c6863d/pages/p005.png,含图表/扫描内容的整页图，供显式打开核验
S5a53b5c6863d-p006,S5a53b5c6863d,page_render,6,assets/S5a53b5c6863d/pages/p006.png,含图表/扫描内容的整页图，供显式打开核验
S5a53b5c6863d-p008,S5a53b5c6863d,page_render,8,assets/S5a53b5c6863d/pages/p008.png,含图表/扫描内容的整页图，供显式打开核验
S5a53b5c6863d-img-000,S5a53b5c6863d,embedded_image,,assets/S5a53b5c6863d/embedded/img-000.png,PDF 内嵌位图（矢量线条/组合图形不在此列，须看整页图）
S5a53b5c6863d-img-001,S5a53b5c6863d,embedded_image,,assets/S5a53b5c6863d/embedded/img-001.png,PDF 内嵌位图（矢量线条/组合图形不在此列，须看整页图）
S5a53b5c6863d-img-002,S5a53b5c6863d,embedded_image,,assets/S5a53b5c6863d/embedded/img-002.png,PDF 内嵌位图（矢量线条/组合图形不在此列，须看整页图）
S487b2d15b3a3-p001,S487b2d15b3a3,page_render,1,assets/S487b2d15b3a3/pages/p001.png,含图表/扫描内容的整页图，供显式打开核验
S487b2d15b3a3-p002,S487b2d15b3a3,page_render,2,assets/S487b2d15b3a3/pages/p002.png,含图表/扫描内容的整页图，供显式打开核验
S487b2d15b3a3-p003,S487b2d15b3a3,page_render,3,assets/S487b2d15b3a3/pages/p003.png,含图表/扫描内容的整页图，供显式打开核验
S487b2d15b3a3-p004,S487b2d15b3a3,page_render,4,assets/S487b2d15b3a3/pages/p004.png,含图表/扫描内容的整页图，供显式打开核验
S487b2d15b3a3-img-000,S487b2d15b3a3,embedded_image,,assets/S487b2d15b3a3/embedded/img-000.png,PDF 内嵌位图（矢量线条/组合图形不在此列，须看整页图）
S487b2d15b3a3-img-001,S487b2d15b3a3,embedded_image,,assets/S487b2d15b3a3/embedded/img-001.png,PDF 内嵌位图（矢量线条/组合图形不在此列，须看整页图）
S487b2d15b3a3-img-002,S487b2d15b3a3,embedded_image,,assets/S487b2d15b3a3/embedded/img-002.png,PDF 内嵌位图（矢量线条/组合图形不在此列，须看整页图）
S487b2d15b3a3-img-003,S487b2d15b3a3,embedded_image,,assets/S487b2d15b3a3/embedded/img-003.png,PDF 内嵌位图（矢量线条/组合图形不在此列，须看整页图）
S487b2d15b3a3-img-004,S487b2d15b3a3,embedded_image,,assets/S487b2d15b3a3/embedded/img-004.png,PDF 内嵌位图（矢量线条/组合图形不在此列，须看整页图）
S487b2d15b3a3-img-005,S487b2d15b3a3,embedded_image,,assets/S487b2d15b3a3/embedded/img-005.png,PDF 内嵌位图（矢量线条/组合图形不在此列，须看整页图）
S487b2d15b3a3-img-006,S487b2d15b3a3,embedded_image,,assets/S487b2d15b3a3/embedded/img-006.png,PDF 内嵌位图（矢量线条/组合图形不在此列，须看整页图）
S487b2d15b3a3-img-007,S487b2d15b3a3,embedded_image,,assets/S487b2d15b3a3/embedded/img-007.png,PDF 内嵌位图（矢量线条/组合图形不在此列，须看整页图）
Se1a49527cb4c-p001,Se1a49527cb4c,page_render,1,assets/Se1a49527cb4c/pages/p001.png,含图表/扫描内容的整页图，供显式打开核验
Se1a49527cb4c-p002,Se1a49527cb4c,page_render,2,assets/Se1a49527cb4c/pages/p002.png,含图表/扫描内容的整页图，供显式打开核验
Se1a49527cb4c-p003,Se1a49527cb4c,page_render,3,assets/Se1a49527cb4c/pages/p003.png,含图表/扫描内容的整页图，供显式打开核验
Se1a49527cb4c-p004,Se1a49527cb4c,page_render,4,assets/Se1a49527cb4c/pages/p004.png,含图表/扫描内容的整页图，供显式打开核验
Se1a49527cb4c-p005,Se1a49527cb4c,page_render,5,assets/Se1a49527cb4c/pages/p005.png,含图表/扫描内容的整页图，供显式打开核验
Se1a49527cb4c-p006,Se1a49527cb4c,page_render,6,assets/Se1a49527cb4c/pages/p006.png,含图表/扫描内容的整页图，供显式打开核验
Se1a49527cb4c-p007,Se1a49527cb4c,page_render,7,assets/Se1a49527cb4c/pages/p007.png,含图表/扫描内容的整页图，供显式打开核验
Se1a49527cb4c-p008,Se1a49527cb4c,page_render,8,assets/Se1a49527cb4c/pages/p008.png,含图表/扫描内容的整页图，供显式打开核验
Se1a49527cb4c-img-000,Se1a49527cb4c,embedded_image,,assets/Se1a49527cb4c/embedded/img-000.png,PDF 内嵌位图（矢量线条/组合图形不在此列，须看整页图）
Se1a49527cb4c-img-001,Se1a49527cb4c,embedded_image,,assets/Se1a49527cb4c/embedded/img-001.png,PDF 内嵌位图（矢量线条/组合图形不在此列，须看整页图）
Se1a49527cb4c-img-002,Se1a49527cb4c,embedded_image,,assets/Se1a49527cb4c/embedded/img-002.png,PDF 内嵌位图（矢量线条/组合图形不在此列，须看整页图）
Se1a49527cb4c-img-003,Se1a49527cb4c,embedded_image,,assets/Se1a49527cb4c/embedded/img-003.png,PDF 内嵌位图（矢量线条/组合图形不在此列，须看整页图）
Se1a49527cb4c-img-004,Se1a49527cb4c,embedded_image,,assets/Se1a49527cb4c/embedded/img-004.png,PDF 内嵌位图（矢量线条/组合图形不在此列，须看整页图）
Se1a49527cb4c-img-005,Se1a49527cb4c,embedded_image,,assets/Se1a49527cb4c/embedded/img-005.png,PDF 内嵌位图（矢量线条/组合图形不在此列，须看整页图）
Se1a49527cb4c-img-006,Se1a49527cb4c,embedded_image,,assets/Se1a49527cb4c/embedded/img-006.png,PDF 内嵌位图（矢量线条/组合图形不在此列，须看整页图）
Se1a49527cb4c-img-007,Se1a49527cb4c,embedded_image,,assets/Se1a49527cb4c/embedded/img-007.png,PDF 内嵌位图（矢量线条/组合图形不在此列，须看整页图）
Se65381bd2291-p001,Se65381bd2291,page_render,1,assets/Se65381bd2291/pages/p001.png,含图表/扫描内容的整页图，供显式打开核验
Se65381bd2291-p002,Se65381bd2291,page_render,2,assets/Se65381bd2291/pages/p002.png,含图表/扫描内容的整页图，供显式打开核验
Se65381bd2291-p003,Se65381bd2291,page_render,3,assets/Se65381bd2291/pages/p003.png,含图表/扫描内容的整页图，供显式打开核验
Se65381bd2291-p004,Se65381bd2291,page_render,4,assets/Se65381bd2291/pages/p004.png,含图表/扫描内容的整页图，供显式打开核验
Se65381bd2291-p005,Se65381bd2291,page_render,5,assets/Se65381bd2291/pages/p005.png,含图表/扫描内容的整页图，供显式打开核验
Se65381bd2291-p006,Se65381bd2291,page_render,6,assets/Se65381bd2291/pages/p006.png,含图表/扫描内容的整页图，供显式打开核验
Se65381bd2291-p007,Se65381bd2291,page_render,7,assets/Se65381bd2291/pages/p007.png,含图表/扫描内容的整页图，供显式打开核验
Se65381bd2291-p008,Se65381bd2291,page_render,8,assets/Se65381bd2291/pages/p008.png,含图表/扫描内容的整页图，供显式打开核验
Se65381bd2291-p009,Se65381bd2291,page_render,9,assets/Se65381bd2291/pages/p009.png,含图表/扫描内容的整页图，供显式打开核验
Se65381bd2291-p010,Se65381bd2291,page_render,10,assets/Se65381bd2291/pages/p010.png,含图表/扫描内容的整页图，供显式打开核验
Se65381bd2291-p011,Se65381bd2291,page_render,11,assets/Se65381bd2291/pages/p011.png,含图表/扫描内容的整页图，供显式打开核验
Se65381bd2291-p012,Se65381bd2291,page_render,12,assets/Se65381bd2291/pages/p012.png,含图表/扫描内容的整页图，供显式打开核验
Se65381bd2291-p013,Se65381bd2291,page_render,13,assets/Se65381bd2291/pages/p013.png,含图表/扫描内容的整页图，供显式打开核验
Se65381bd2291-p014,Se65381bd2291,page_render,14,assets/Se65381bd2291/pages/p014.png,含图表/扫描内容的整页图，供显式打开核验
Se65381bd2291-p015,Se65381bd2291,page_render,15,assets/Se65381bd2291/pages/p015.png,含图表/扫描内容的整页图，供显式打开核验
Se65381bd2291-p016,Se65381bd2291,page_render,16,assets/Se65381bd2291/pages/p016.png,含图表/扫描内容的整页图，供显式打开核验
Se65381bd2291-p017,Se65381bd2291,page_render,17,assets/Se65381bd2291/pages/p017.png,含图表/扫描内容的整页图，供显式打开核验
Se65381bd2291-p018,Se65381bd2291,page_render,18,assets/Se65381bd2291/pages/p018.png,含图表/扫描内容的整页图，供显式打开核验
Se65381bd2291-p019,Se65381bd2291,page_render,19,assets/Se65381bd2291/pages/p019.png,含图表/扫描内容的整页图，供显式打开核验
Se65381bd2291-p020,Se65381bd2291,page_render,20,assets/Se65381bd2291/pages/p020.png,含图表/扫描内容的整页图，供显式打开核验
Se65381bd2291-p021,Se65381bd2291,page_render,21,assets/Se65381bd2291/pages/p021.png,含图表/扫描内容的整页图，供显式打开核验
Se65381bd2291-p022,Se65381bd2291,page_render,22,assets/Se65381bd2291/pages/p022.png,含图表/扫描内容的整页图，供显式打开核验
Se65381bd2291-p023,Se65381bd2291,page_render,23,assets/Se65381bd2291/pages/p023.png,含图表/扫描内容的整页图，供显式打开核验
Se65381bd2291-p024,Se65381bd2291,page_render,24,assets/Se65381bd2291/pages/p024.png,含图表/扫描内容的整页图，供显式打开核验
Se65381bd2291-p025,Se65381bd2291,page_render,25,assets/Se65381bd2291/pages/p025.png,含图表/扫描内容的整页图，供显式打开核验
Se65381bd2291-p026,Se65381bd2291,page_render,26,assets/Se65381bd2291/pages/p026.png,含图表/扫描内容的整页图，供显式打开核验
Se65381bd2291-p027,Se65381bd2291,page_render,27,assets/Se65381bd2291/pages/p027.png,含图表/扫描内容的整页图，供显式打开核验
Se65381bd2291-p028,Se65381bd2291,page_render,28,assets/Se65381bd2291/pages/p028.png,含图表/扫描内容的整页图，供显式打开核验
Se65381bd2291-p029,Se65381bd2291,page_render,29,assets/Se65381bd2291/pages/p029.png,含图表/扫描内容的整页图，供显式打开核验
Se65381bd2291-p030,Se65381bd2291,page_render,30,assets/Se65381bd2291/pages/p030.png,含图表/扫描内容的整页图，供显式打开核验
Se65381bd2291-p031,Se65381bd2291,page_render,31,assets/Se65381bd2291/pages/p031.png,含图表/扫描内容的整页图，供显式打开核验
Se65381bd2291-p032,Se65381bd2291,page_render,32,assets/Se65381bd2291/pages/p032.png,含图表/扫描内容的整页图，供显式打开核验
Se65381bd2291-p033,Se65381bd2291,page_render,33,assets/Se65381bd2291/pages/p033.png,含图表/扫描内容的整页图，供显式打开核验
Se65381bd2291-p034,Se65381bd2291,page_render,34,assets/Se65381bd2291/pages/p034.png,含图表/扫描内容的整页图，供显式打开核验
Se65381bd2291-p035,Se65381bd2291,page_render,35,assets/Se65381bd2291/pages/p035.png,含图表/扫描内容的整页图，供显式打开核验
Se65381bd2291-p036,Se65381bd2291,page_render,36,assets/Se65381bd2291/pages/p036.png,含图表/扫描内容的整页图，供显式打开核验
Se65381bd2291-p037,Se65381bd2291,page_render,37,assets/Se65381bd2291/pages/p037.png,含图表/扫描内容的整页图，供显式打开核验
Se65381bd2291-p038,Se65381bd2291,page_render,38,assets/Se65381bd2291/pages/p038.png,含图表/扫描内容的整页图，供显式打开核验
Se65381bd2291-p039,Se65381bd2291,page_render,39,assets/Se65381bd2291/pages/p039.png,含图表/扫描内容的整页图，供显式打开核验
Se65381bd2291-p040,Se65381bd2291,page_render,40,assets/Se65381bd2291/pages/p040.png,含图表/扫描内容的整页图，供显式打开核验
Se65381bd2291-p041,Se65381bd2291,page_render,41,assets/Se65381bd2291/pages/p041.png,含图表/扫描内容的整页图，供显式打开核验
Se65381bd2291-p042,Se65381bd2291,page_render,42,assets/Se65381bd2291/pages/p042.png,含图表/扫描内容的整页图，供显式打开核验
Se65381bd2291-p043,Se65381bd2291,page_render,43,assets/Se65381bd2291/pages/p043.png,含图表/扫描内容的整页图，供显式打开核验
Se65381bd2291-p044,Se65381bd2291,page_render,44,assets/Se65381bd2291/pages/p044.png,含图表/扫描内容的整页图，供显式打开核验
Se65381bd2291-p045,Se65381bd2291,page_render,45,assets/Se65381bd2291/pages/p045.png,含图表/扫描内容的整页图，供显式打开核验
Se65381bd2291-p046,Se65381bd2291,page_render,46,assets/Se65381bd2291/pages/p046.png,含图表/扫描内容的整页图，供显式打开核验
Se65381bd2291-p047,Se65381bd2291,page_render,47,assets/Se65381bd2291/pages/p047.png,含图表/扫描内容的整页图，供显式打开核验
Se65381bd2291-p048,Se65381bd2291,page_render,48,assets/Se65381bd2291/pages/p048.png,含图表/扫描内容的整页图，供显式打开核验
Se65381bd2291-p049,Se65381bd2291,page_render,49,assets/Se65381bd2291/pages/p049.png,含图表/扫描内容的整页图，供显式打开核验
Se65381bd2291-p050,Se65381bd2291,page_render,50,assets/Se65381bd2291/pages/p050.png,含图表/扫描内容的整页图，供显式打开核验
Se65381bd2291-p051,Se65381bd2291,page_render,51,assets/Se65381bd2291/pages/p051.png,含图表/扫描内容的整页图，供显式打开核验
Se65381bd2291-p052,Se65381bd2291,page_render,52,assets/Se65381bd2291/pages/p052.png,含图表/扫描内容的整页图，供显式打开核验
Se65381bd2291-p053,Se65381bd2291,page_render,53,assets/Se65381bd2291/pages/p053.png,含图表/扫描内容的整页图，供显式打开核验
Se65381bd2291-p054,Se65381bd2291,page_render,54,assets/Se65381bd2291/pages/p054.png,含图表/扫描内容的整页图，供显式打开核验
Se65381bd2291-p055,Se65381bd2291,page_render,55,assets/Se65381bd2291/pages/p055.png,含图表/扫描内容的整页图，供显式打开核验
Se65381bd2291-p056,Se65381bd2291,page_render,56,assets/Se65381bd2291/pages/p056.png,含图表/扫描内容的整页图，供显式打开核验
Se65381bd2291-p057,Se65381bd2291,page_render,57,assets/Se65381bd2291/pages/p057.png,含图表/扫描内容的整页图，供显式打开核验
Se65381bd2291-p058,Se65381bd2291,page_render,58,assets/Se65381bd2291/pages/p058.png,含图表/扫描内容的整页图，供显式打开核验
Se65381bd2291-p059,Se65381bd2291,page_render,59,assets/Se65381bd2291/pages/p059.png,含图表/扫描内容的整页图，供显式打开核验
Se65381bd2291-p060,Se65381bd2291,page_render,60,assets/Se65381bd2291/pages/p060.png,含图表/扫描内容的整页图，供显式打开核验
Se65381bd2291-p061,Se65381bd2291,page_render,61,assets/Se65381bd2291/pages/p061.png,含图表/扫描内容的整页图，供显式打开核验
Se65381bd2291-p062,Se65381bd2291,page_render,62,assets/Se65381bd2291/pages/p062.png,含图表/扫描内容的整页图，供显式打开核验
Se65381bd2291-p063,Se65381bd2291,page_render,63,assets/Se65381bd2291/pages/p063.png,含图表/扫描内容的整页图，供显式打开核验
Se65381bd2291-p064,Se65381bd2291,page_render,64,assets/Se65381bd2291/pages/p064.png,含图表/扫描内容的整页图，供显式打开核验
Se65381bd2291-p065,Se65381bd2291,page_render,65,assets/Se65381bd2291/pages/p065.png,含图表/扫描内容的整页图，供显式打开核验
Se65381bd2291-p066,Se65381bd2291,page_render,66,assets/Se65381bd2291/pages/p066.png,含图表/扫描内容的整页图，供显式打开核验
Se65381bd2291-p067,Se65381bd2291,page_render,67,assets/Se65381bd2291/pages/p067.png,含图表/扫描内容的整页图，供显式打开核验
Se65381bd2291-p068,Se65381bd2291,page_render,68,assets/Se65381bd2291/pages/p068.png,含图表/扫描内容的整页图，供显式打开核验
Se65381bd2291-p069,Se65381bd2291,page_render,69,assets/Se65381bd2291/pages/p069.png,含图表/扫描内容的整页图，供显式打开核验
Se65381bd2291-p070,Se65381bd2291,page_render,70,assets/Se65381bd2291/pages/p070.png,含图表/扫描内容的整页图，供显式打开核验
Se65381bd2291-p071,Se65381bd2291,page_render,71,assets/Se65381bd2291/pages/p071.png,含图表/扫描内容的整页图，供显式打开核验
Se65381bd2291-p072,Se65381bd2291,page_render,72,assets/Se65381bd2291/pages/p072.png,含图表/扫描内容的整页图，供显式打开核验
Se65381bd2291-p073,Se65381bd2291,page_render,73,assets/Se65381bd2291/pages/p073.png,含图表/扫描内容的整页图，供显式打开核验
Se65381bd2291-p074,Se65381bd2291,page_render,74,assets/Se65381bd2291/pages/p074.png,含图表/扫描内容的整页图，供显式打开核验
Se65381bd2291-p075,Se65381bd2291,page_render,75,assets/Se65381bd2291/pages/p075.png,含图表/扫描内容的整页图，供显式打开核验
Se65381bd2291-p076,Se65381bd2291,page_render,76,assets/Se65381bd2291/pages/p076.png,含图表/扫描内容的整页图，供显式打开核验
Se65381bd2291-p077,Se65381bd2291,page_render,77,assets/Se65381bd2291/pages/p077.png,含图表/扫描内容的整页图，供显式打开核验
Se65381bd2291-p078,Se65381bd2291,page_render,78,assets/Se65381bd2291/pages/p078.png,含图表/扫描内容的整页图，供显式打开核验
Se65381bd2291-p079,Se65381bd2291,page_render,79,assets/Se65381bd2291/pages/p079.png,含图表/扫描内容的整页图，供显式打开核验
Se65381bd2291-p080,Se65381bd2291,page_render,80,assets/Se65381bd2291/pages/p080.png,含图表/扫描内容的整页图，供显式打开核验
Se65381bd2291-p081,Se65381bd2291,page_render,81,assets/Se65381bd2291/pages/p081.png,含图表/扫描内容的整页图，供显式打开核验
Se65381bd2291-p082,Se65381bd2291,page_render,82,assets/Se65381bd2291/pages/p082.png,含图表/扫描内容的整页图，供显式打开核验
Se65381bd2291-p083,Se65381bd2291,page_render,83,assets/Se65381bd2291/pages/p083.png,含图表/扫描内容的整页图，供显式打开核验
Se65381bd2291-p084,Se65381bd2291,page_render,84,assets/Se65381bd2291/pages/p084.png,含图表/扫描内容的整页图，供显式打开核验
Se65381bd2291-p085,Se65381bd2291,page_render,85,assets/Se65381bd2291/pages/p085.png,含图表/扫描内容的整页图，供显式打开核验
Se65381bd2291-p086,Se65381bd2291,page_render,86,assets/Se65381bd2291/pages/p086.png,含图表/扫描内容的整页图，供显式打开核验
Se65381bd2291-p087,Se65381bd2291,page_render,87,assets/Se65381bd2291/pages/p087.png,含图表/扫描内容的整页图，供显式打开核验
Se65381bd2291-p088,Se65381bd2291,page_render,88,assets/Se65381bd2291/pages/p088.png,含图表/扫描内容的整页图，供显式打开核验
Se65381bd2291-p089,Se65381bd2291,page_render,89,assets/Se65381bd2291/pages/p089.png,含图表/扫描内容的整页图，供显式打开核验
Se65381bd2291-p090,Se65381bd2291,page_render,90,assets/Se65381bd2291/pages/p090.png,含图表/扫描内容的整页图，供显式打开核验
Se65381bd2291-p091,Se65381bd2291,page_render,91,assets/Se65381bd2291/pages/p091.png,含图表/扫描内容的整页图，供显式打开核验
Se65381bd2291-p092,Se65381bd2291,page_render,92,assets/Se65381bd2291/pages/p092.png,含图表/扫描内容的整页图，供显式打开核验
Se65381bd2291-p093,Se65381bd2291,page_render,93,assets/Se65381bd2291/pages/p093.png,含图表/扫描内容的整页图，供显式打开核验
Se65381bd2291-p094,Se65381bd2291,page_render,94,assets/Se65381bd2291/pages/p094.png,含图表/扫描内容的整页图，供显式打开核验
Se65381bd2291-p095,Se65381bd2291,page_render,95,assets/Se65381bd2291/pages/p095.png,含图表/扫描内容的整页图，供显式打开核验
Se65381bd2291-p096,Se65381bd2291,page_render,96,assets/Se65381bd2291/pages/p096.png,含图表/扫描内容的整页图，供显式打开核验
Se65381bd2291-p097,Se65381bd2291,page_render,97,assets/Se65381bd2291/pages/p097.png,含图表/扫描内容的整页图，供显式打开核验
Se65381bd2291-p098,Se65381bd2291,page_render,98,assets/Se65381bd2291/pages/p098.png,含图表/扫描内容的整页图，供显式打开核验
Se65381bd2291-p099,Se65381bd2291,page_render,99,assets/Se65381bd2291/pages/p099.png,含图表/扫描内容的整页图，供显式打开核验
Se65381bd2291-p100,Se65381bd2291,page_render,100,assets/Se65381bd2291/pages/p100.png,含图表/扫描内容的整页图，供显式打开核验
Se65381bd2291-p101,Se65381bd2291,page_render,101,assets/Se65381bd2291/pages/p101.png,含图表/扫描内容的整页图，供显式打开核验
Se65381bd2291-p102,Se65381bd2291,page_render,102,assets/Se65381bd2291/pages/p102.png,含图表/扫描内容的整页图，供显式打开核验
Se65381bd2291-p103,Se65381bd2291,page_render,103,assets/Se65381bd2291/pages/p103.png,含图表/扫描内容的整页图，供显式打开核验
Se65381bd2291-p104,Se65381bd2291,page_render,104,assets/Se65381bd2291/pages/p104.png,含图表/扫描内容的整页图，供显式打开核验
Se65381bd2291-p105,Se65381bd2291,page_render,105,assets/Se65381bd2291/pages/p105.png,含图表/扫描内容的整页图，供显式打开核验
Se65381bd2291-p106,Se65381bd2291,page_render,106,assets/Se65381bd2291/pages/p106.png,含图表/扫描内容的整页图，供显式打开核验
Se65381bd2291-p107,Se65381bd2291,page_render,107,assets/Se65381bd2291/pages/p107.png,含图表/扫描内容的整页图，供显式打开核验
Se65381bd2291-img-000,Se65381bd2291,embedded_image,,assets/Se65381bd2291/embedded/img-000.png,PDF 内嵌位图（矢量线条/组合图形不在此列，须看整页图）
Se65381bd2291-img-001,Se65381bd2291,embedded_image,,assets/Se65381bd2291/embedded/img-001.png,PDF 内嵌位图（矢量线条/组合图形不在此列，须看整页图）
Se65381bd2291-img-002,Se65381bd2291,embedded_image,,assets/Se65381bd2291/embedded/img-002.png,PDF 内嵌位图（矢量线条/组合图形不在此列，须看整页图）
Se65381bd2291-img-003,Se65381bd2291,embedded_image,,assets/Se65381bd2291/embedded/img-003.png,PDF 内嵌位图（矢量线条/组合图形不在此列，须看整页图）
Se65381bd2291-img-004,Se65381bd2291,embedded_image,,assets/Se65381bd2291/embedded/img-004.png,PDF 内嵌位图（矢量线条/组合图形不在此列，须看整页图）
Se65381bd2291-img-005,Se65381bd2291,embedded_image,,assets/Se65381bd2291/embedded/img-005.png,PDF 内嵌位图（矢量线条/组合图形不在此列，须看整页图）
Se65381bd2291-img-006,Se65381bd2291,embedded_image,,assets/Se65381bd2291/embedded/img-006.png,PDF 内嵌位图（矢量线条/组合图形不在此列，须看整页图）
Se65381bd2291-img-007,Se65381bd2291,embedded_image,,assets/Se65381bd2291/embedded/img-007.png,PDF 内嵌位图（矢量线条/组合图形不在此列，须看整页图）
Se65381bd2291-img-008,Se65381bd2291,embedded_image,,assets/Se65381bd2291/embedded/img-008.png,PDF 内嵌位图（矢量线条/组合图形不在此列，须看整页图）
Se65381bd2291-img-009,Se65381bd2291,embedded_image,,assets/Se65381bd2291/embedded/img-009.png,PDF 内嵌位图（矢量线条/组合图形不在此列，须看整页图）
Se65381bd2291-img-010,Se65381bd2291,embedded_image,,assets/Se65381bd2291/embedded/img-010.png,PDF 内嵌位图（矢量线条/组合图形不在此列，须看整页图）
Se65381bd2291-img-011,Se65381bd2291,embedded_image,,assets/Se65381bd2291/embedded/img-011.png,PDF 内嵌位图（矢量线条/组合图形不在此列，须看整页图）
Se65381bd2291-img-012,Se65381bd2291,embedded_image,,assets/Se65381bd2291/embedded/img-012.png,PDF 内嵌位图（矢量线条/组合图形不在此列，须看整页图）
Se65381bd2291-img-013,Se65381bd2291,embedded_image,,assets/Se65381bd2291/embedded/img-013.png,PDF 内嵌位图（矢量线条/组合图形不在此列，须看整页图）
Se65381bd2291-img-014,Se65381bd2291,embedded_image,,assets/Se65381bd2291/embedded/img-014.png,PDF 内嵌位图（矢量线条/组合图形不在此列，须看整页图）
Se65381bd2291-img-015,Se65381bd2291,embedded_image,,assets/Se65381bd2291/embedded/img-015.png,PDF 内嵌位图（矢量线条/组合图形不在此列，须看整页图）
Se65381bd2291-img-016,Se65381bd2291,embedded_image,,assets/Se65381bd2291/embedded/img-016.png,PDF 内嵌位图（矢量线条/组合图形不在此列，须看整页图）
Se65381bd2291-img-017,Se65381bd2291,embedded_image,,assets/Se65381bd2291/embedded/img-017.png,PDF 内嵌位图（矢量线条/组合图形不在此列，须看整页图）
Se65381bd2291-img-018,Se65381bd2291,embedded_image,,assets/Se65381bd2291/embedded/img-018.png,PDF 内嵌位图（矢量线条/组合图形不在此列，须看整页图）
Se65381bd2291-img-019,Se65381bd2291,embedded_image,,assets/Se65381bd2291/embedded/img-019.png,PDF 内嵌位图（矢量线条/组合图形不在此列，须看整页图）
Se65381bd2291-img-020,Se65381bd2291,embedded_image,,assets/Se65381bd2291/embedded/img-020.png,PDF 内嵌位图（矢量线条/组合图形不在此列，须看整页图）
Se65381bd2291-img-021,Se65381bd2291,embedded_image,,assets/Se65381bd2291/embedded/img-021.png,PDF 内嵌位图（矢量线条/组合图形不在此列，须看整页图）
Se65381bd2291-img-022,Se65381bd2291,embedded_image,,assets/Se65381bd2291/embedded/img-022.png,PDF 内嵌位图（矢量线条/组合图形不在此列，须看整页图）
Se65381bd2291-img-023,Se65381bd2291,embedded_image,,assets/Se65381bd2291/embedded/img-023.png,PDF 内嵌位图（矢量线条/组合图形不在此列，须看整页图）
Se65381bd2291-img-024,Se65381bd2291,embedded_image,,assets/Se65381bd2291/embedded/img-024.png,PDF 内嵌位图（矢量线条/组合图形不在此列，须看整页图）
Se65381bd2291-img-025,Se65381bd2291,embedded_image,,assets/Se65381bd2291/embedded/img-025.png,PDF 内嵌位图（矢量线条/组合图形不在此列，须看整页图）
Se65381bd2291-img-026,Se65381bd2291,embedded_image,,assets/Se65381bd2291/embedded/img-026.png,PDF 内嵌位图（矢量线条/组合图形不在此列，须看整页图）
Se65381bd2291-img-027,Se65381bd2291,embedded_image,,assets/Se65381bd2291/embedded/img-027.png,PDF 内嵌位图（矢量线条/组合图形不在此列，须看整页图）
Se65381bd2291-img-028,Se65381bd2291,embedded_image,,assets/Se65381bd2291/embedded/img-028.png,PDF 内嵌位图（矢量线条/组合图形不在此列，须看整页图）
Se65381bd2291-img-029,Se65381bd2291,embedded_image,,assets/Se65381bd2291/embedded/img-029.png,PDF 内嵌位图（矢量线条/组合图形不在此列，须看整页图）
Se65381bd2291-img-030,Se65381bd2291,embedded_image,,assets/Se65381bd2291/embedded/img-030.png,PDF 内嵌位图（矢量线条/组合图形不在此列，须看整页图）
Se65381bd2291-img-031,Se65381bd2291,embedded_image,,assets/Se65381bd2291/embedded/img-031.png,PDF 内嵌位图（矢量线条/组合图形不在此列，须看整页图）
Se65381bd2291-img-032,Se65381bd2291,embedded_image,,assets/Se65381bd2291/embedded/img-032.png,PDF 内嵌位图（矢量线条/组合图形不在此列，须看整页图）
Se65381bd2291-img-033,Se65381bd2291,embedded_image,,assets/Se65381bd2291/embedded/img-033.png,PDF 内嵌位图（矢量线条/组合图形不在此列，须看整页图）
Se65381bd2291-img-034,Se65381bd2291,embedded_image,,assets/Se65381bd2291/embedded/img-034.png,PDF 内嵌位图（矢量线条/组合图形不在此列，须看整页图）
Se65381bd2291-img-035,Se65381bd2291,embedded_image,,assets/Se65381bd2291/embedded/img-035.png,PDF 内嵌位图（矢量线条/组合图形不在此列，须看整页图）
Se65381bd2291-img-036,Se65381bd2291,embedded_image,,assets/Se65381bd2291/embedded/img-036.png,PDF 内嵌位图（矢量线条/组合图形不在此列，须看整页图）
Se65381bd2291-img-037,Se65381bd2291,embedded_image,,assets/Se65381bd2291/embedded/img-037.png,PDF 内嵌位图（矢量线条/组合图形不在此列，须看整页图）
Se65381bd2291-img-038,Se65381bd2291,embedded_image,,assets/Se65381bd2291/embedded/img-038.png,PDF 内嵌位图（矢量线条/组合图形不在此列，须看整页图）
Se65381bd2291-img-039,Se65381bd2291,embedded_image,,assets/Se65381bd2291/embedded/img-039.png,PDF 内嵌位图（矢量线条/组合图形不在此列，须看整页图）
Se65381bd2291-img-040,Se65381bd2291,embedded_image,,assets/Se65381bd2291/embedded/img-040.png,PDF 内嵌位图（矢量线条/组合图形不在此列，须看整页图）
Se65381bd2291-img-041,Se65381bd2291,embedded_image,,assets/Se65381bd2291/embedded/img-041.png,PDF 内嵌位图（矢量线条/组合图形不在此列，须看整页图）
Se65381bd2291-img-042,Se65381bd2291,embedded_image,,assets/Se65381bd2291/embedded/img-042.png,PDF 内嵌位图（矢量线条/组合图形不在此列，须看整页图）
Se65381bd2291-img-043,Se65381bd2291,embedded_image,,assets/Se65381bd2291/embedded/img-043.png,PDF 内嵌位图（矢量线条/组合图形不在此列，须看整页图）
Se65381bd2291-img-044,Se65381bd2291,embedded_image,,assets/Se65381bd2291/embedded/img-044.png,PDF 内嵌位图（矢量线条/组合图形不在此列，须看整页图）
Se65381bd2291-img-045,Se65381bd2291,embedded_image,,assets/Se65381bd2291/embedded/img-045.png,PDF 内嵌位图（矢量线条/组合图形不在此列，须看整页图）
Se65381bd2291-img-046,Se65381bd2291,embedded_image,,assets/Se65381bd2291/embedded/img-046.png,PDF 内嵌位图（矢量线条/组合图形不在此列，须看整页图）
Se65381bd2291-img-047,Se65381bd2291,embedded_image,,assets/Se65381bd2291/embedded/img-047.png,PDF 内嵌位图（矢量线条/组合图形不在此列，须看整页图）
Se65381bd2291-img-048,Se65381bd2291,embedded_image,,assets/Se65381bd2291/embedded/img-048.png,PDF 内嵌位图（矢量线条/组合图形不在此列，须看整页图）
Se65381bd2291-img-049,Se65381bd2291,embedded_image,,assets/Se65381bd2291/embedded/img-049.png,PDF 内嵌位图（矢量线条/组合图形不在此列，须看整页图）
Se65381bd2291-img-050,Se65381bd2291,embedded_image,,assets/Se65381bd2291/embedded/img-050.png,PDF 内嵌位图（矢量线条/组合图形不在此列，须看整页图）
Se65381bd2291-img-051,Se65381bd2291,embedded_image,,assets/Se65381bd2291/embedded/img-051.png,PDF 内嵌位图（矢量线条/组合图形不在此列，须看整页图）
Se65381bd2291-img-052,Se65381bd2291,embedded_image,,assets/Se65381bd2291/embedded/img-052.png,PDF 内嵌位图（矢量线条/组合图形不在此列，须看整页图）
Se65381bd2291-img-053,Se65381bd2291,embedded_image,,assets/Se65381bd2291/embedded/img-053.png,PDF 内嵌位图（矢量线条/组合图形不在此列，须看整页图）
Se65381bd2291-img-054,Se65381bd2291,embedded_image,,assets/Se65381bd2291/embedded/img-054.png,PDF 内嵌位图（矢量线条/组合图形不在此列，须看整页图）
Se65381bd2291-img-055,Se65381bd2291,embedded_image,,assets/Se65381bd2291/embedded/img-055.png,PDF 内嵌位图（矢量线条/组合图形不在此列，须看整页图）
Se65381bd2291-img-056,Se65381bd2291,embedded_image,,assets/Se65381bd2291/embedded/img-056.png,PDF 内嵌位图（矢量线条/组合图形不在此列，须看整页图）
Se65381bd2291-img-057,Se65381bd2291,embedded_image,,assets/Se65381bd2291/embedded/img-057.png,PDF 内嵌位图（矢量线条/组合图形不在此列，须看整页图）
Se65381bd2291-img-058,Se65381bd2291,embedded_image,,assets/Se65381bd2291/embedded/img-058.png,PDF 内嵌位图（矢量线条/组合图形不在此列，须看整页图）
Se65381bd2291-img-059,Se65381bd2291,embedded_image,,assets/Se65381bd2291/embedded/img-059.png,PDF 内嵌位图（矢量线条/组合图形不在此列，须看整页图）
Se65381bd2291-img-060,Se65381bd2291,embedded_image,,assets/Se65381bd2291/embedded/img-060.png,PDF 内嵌位图（矢量线条/组合图形不在此列，须看整页图）
Se65381bd2291-img-061,Se65381bd2291,embedded_image,,assets/Se65381bd2291/embedded/img-061.png,PDF 内嵌位图（矢量线条/组合图形不在此列，须看整页图）
Se65381bd2291-img-062,Se65381bd2291,embedded_image,,assets/Se65381bd2291/embedded/img-062.png,PDF 内嵌位图（矢量线条/组合图形不在此列，须看整页图）
Se65381bd2291-img-063,Se65381bd2291,embedded_image,,assets/Se65381bd2291/embedded/img-063.png,PDF 内嵌位图（矢量线条/组合图形不在此列，须看整页图）
Se65381bd2291-img-064,Se65381bd2291,embedded_image,,assets/Se65381bd2291/embedded/img-064.png,PDF 内嵌位图（矢量线条/组合图形不在此列，须看整页图）
Se65381bd2291-img-065,Se65381bd2291,embedded_image,,assets/Se65381bd2291/embedded/img-065.png,PDF 内嵌位图（矢量线条/组合图形不在此列，须看整页图）
Se65381bd2291-img-066,Se65381bd2291,embedded_image,,assets/Se65381bd2291/embedded/img-066.png,PDF 内嵌位图（矢量线条/组合图形不在此列，须看整页图）
Se65381bd2291-img-067,Se65381bd2291,embedded_image,,assets/Se65381bd2291/embedded/img-067.png,PDF 内嵌位图（矢量线条/组合图形不在此列，须看整页图）
Se65381bd2291-img-068,Se65381bd2291,embedded_image,,assets/Se65381bd2291/embedded/img-068.png,PDF 内嵌位图（矢量线条/组合图形不在此列，须看整页图）
Se65381bd2291-img-069,Se65381bd2291,embedded_image,,assets/Se65381bd2291/embedded/img-069.png,PDF 内嵌位图（矢量线条/组合图形不在此列，须看整页图）
Se65381bd2291-img-070,Se65381bd2291,embedded_image,,assets/Se65381bd2291/embedded/img-070.png,PDF 内嵌位图（矢量线条/组合图形不在此列，须看整页图）
Se65381bd2291-img-071,Se65381bd2291,embedded_image,,assets/Se65381bd2291/embedded/img-071.png,PDF 内嵌位图（矢量线条/组合图形不在此列，须看整页图）
Se65381bd2291-img-072,Se65381bd2291,embedded_image,,assets/Se65381bd2291/embedded/img-072.png,PDF 内嵌位图（矢量线条/组合图形不在此列，须看整页图）
Se65381bd2291-img-073,Se65381bd2291,embedded_image,,assets/Se65381bd2291/embedded/img-073.png,PDF 内嵌位图（矢量线条/组合图形不在此列，须看整页图）
Se65381bd2291-img-074,Se65381bd2291,embedded_image,,assets/Se65381bd2291/embedded/img-074.png,PDF 内嵌位图（矢量线条/组合图形不在此列，须看整页图）
Se65381bd2291-img-075,Se65381bd2291,embedded_image,,assets/Se65381bd2291/embedded/img-075.png,PDF 内嵌位图（矢量线条/组合图形不在此列，须看整页图）
Se65381bd2291-img-076,Se65381bd2291,embedded_image,,assets/Se65381bd2291/embedded/img-076.png,PDF 内嵌位图（矢量线条/组合图形不在此列，须看整页图）
Se65381bd2291-img-077,Se65381bd2291,embedded_image,,assets/Se65381bd2291/embedded/img-077.png,PDF 内嵌位图（矢量线条/组合图形不在此列，须看整页图）
Se65381bd2291-img-078,Se65381bd2291,embedded_image,,assets/Se65381bd2291/embedded/img-078.png,PDF 内嵌位图（矢量线条/组合图形不在此列，须看整页图）
Se65381bd2291-img-079,Se65381bd2291,embedded_image,,assets/Se65381bd2291/embedded/img-079.png,PDF 内嵌位图（矢量线条/组合图形不在此列，须看整页图）
Se65381bd2291-img-080,Se65381bd2291,embedded_image,,assets/Se65381bd2291/embedded/img-080.png,PDF 内嵌位图（矢量线条/组合图形不在此列，须看整页图）
Se65381bd2291-img-081,Se65381bd2291,embedded_image,,assets/Se65381bd2291/embedded/img-081.png,PDF 内嵌位图（矢量线条/组合图形不在此列，须看整页图）
Se65381bd2291-img-082,Se65381bd2291,embedded_image,,assets/Se65381bd2291/embedded/img-082.png,PDF 内嵌位图（矢量线条/组合图形不在此列，须看整页图）
Se65381bd2291-img-083,Se65381bd2291,embedded_image,,assets/Se65381bd2291/embedded/img-083.png,PDF 内嵌位图（矢量线条/组合图形不在此列，须看整页图）
Se65381bd2291-img-084,Se65381bd2291,embedded_image,,assets/Se65381bd2291/embedded/img-084.png,PDF 内嵌位图（矢量线条/组合图形不在此列，须看整页图）
Se65381bd2291-img-085,Se65381bd2291,embedded_image,,assets/Se65381bd2291/embedded/img-085.png,PDF 内嵌位图（矢量线条/组合图形不在此列，须看整页图）
Se65381bd2291-img-086,Se65381bd2291,embedded_image,,assets/Se65381bd2291/embedded/img-086.png,PDF 内嵌位图（矢量线条/组合图形不在此列，须看整页图）
Se65381bd2291-img-087,Se65381bd2291,embedded_image,,assets/Se65381bd2291/embedded/img-087.png,PDF 内嵌位图（矢量线条/组合图形不在此列，须看整页图）
Se65381bd2291-img-088,Se65381bd2291,embedded_image,,assets/Se65381bd2291/embedded/img-088.png,PDF 内嵌位图（矢量线条/组合图形不在此列，须看整页图）
Se65381bd2291-img-089,Se65381bd2291,embedded_image,,assets/Se65381bd2291/embedded/img-089.png,PDF 内嵌位图（矢量线条/组合图形不在此列，须看整页图）
Se65381bd2291-img-090,Se65381bd2291,embedded_image,,assets/Se65381bd2291/embedded/img-090.png,PDF 内嵌位图（矢量线条/组合图形不在此列，须看整页图）
Se65381bd2291-img-091,Se65381bd2291,embedded_image,,assets/Se65381bd2291/embedded/img-091.png,PDF 内嵌位图（矢量线条/组合图形不在此列，须看整页图）
Se65381bd2291-img-092,Se65381bd2291,embedded_image,,assets/Se65381bd2291/embedded/img-092.png,PDF 内嵌位图（矢量线条/组合图形不在此列，须看整页图）
Se65381bd2291-img-093,Se65381bd2291,embedded_image,,assets/Se65381bd2291/embedded/img-093.png,PDF 内嵌位图（矢量线条/组合图形不在此列，须看整页图）
Se65381bd2291-img-094,Se65381bd2291,embedded_image,,assets/Se65381bd2291/embedded/img-094.png,PDF 内嵌位图（矢量线条/组合图形不在此列，须看整页图）
Se65381bd2291-img-095,Se65381bd2291,embedded_image,,assets/Se65381bd2291/embedded/img-095.png,PDF 内嵌位图（矢量线条/组合图形不在此列，须看整页图）
Se65381bd2291-img-096,Se65381bd2291,embedded_image,,assets/Se65381bd2291/embedded/img-096.png,PDF 内嵌位图（矢量线条/组合图形不在此列，须看整页图）
Se65381bd2291-img-097,Se65381bd2291,embedded_image,,assets/Se65381bd2291/embedded/img-097.png,PDF 内嵌位图（矢量线条/组合图形不在此列，须看整页图）
Se65381bd2291-img-098,Se65381bd2291,embedded_image,,assets/Se65381bd2291/embedded/img-098.png,PDF 内嵌位图（矢量线条/组合图形不在此列，须看整页图）
Se65381bd2291-img-099,Se65381bd2291,embedded_image,,assets/Se65381bd2291/embedded/img-099.png,PDF 内嵌位图（矢量线条/组合图形不在此列，须看整页图）
Se65381bd2291-img-100,Se65381bd2291,embedded_image,,assets/Se65381bd2291/embedded/img-100.png,PDF 内嵌位图（矢量线条/组合图形不在此列，须看整页图）
Se65381bd2291-img-101,Se65381bd2291,embedded_image,,assets/Se65381bd2291/embedded/img-101.png,PDF 内嵌位图（矢量线条/组合图形不在此列，须看整页图）
Se65381bd2291-img-102,Se65381bd2291,embedded_image,,assets/Se65381bd2291/embedded/img-102.png,PDF 内嵌位图（矢量线条/组合图形不在此列，须看整页图）
Se65381bd2291-img-103,Se65381bd2291,embedded_image,,assets/Se65381bd2291/embedded/img-103.png,PDF 内嵌位图（矢量线条/组合图形不在此列，须看整页图）
Se65381bd2291-img-104,Se65381bd2291,embedded_image,,assets/Se65381bd2291/embedded/img-104.png,PDF 内嵌位图（矢量线条/组合图形不在此列，须看整页图）
Se65381bd2291-img-105,Se65381bd2291,embedded_image,,assets/Se65381bd2291/embedded/img-105.png,PDF 内嵌位图（矢量线条/组合图形不在此列，须看整页图）
Se65381bd2291-img-106,Se65381bd2291,embedded_image,,assets/Se65381bd2291/embedded/img-106.png,PDF 内嵌位图（矢量线条/组合图形不在此列，须看整页图）
Se65381bd2291-img-107,Se65381bd2291,embedded_image,,assets/Se65381bd2291/embedded/img-107.png,PDF 内嵌位图（矢量线条/组合图形不在此列，须看整页图）
Se65381bd2291-img-108,Se65381bd2291,embedded_image,,assets/Se65381bd2291/embedded/img-108.png,PDF 内嵌位图（矢量线条/组合图形不在此列，须看整页图）
Se65381bd2291-img-109,Se65381bd2291,embedded_image,,assets/Se65381bd2291/embedded/img-109.png,PDF 内嵌位图（矢量线条/组合图形不在此列，须看整页图）
Se65381bd2291-img-110,Se65381bd2291,embedded_image,,assets/Se65381bd2291/embedded/img-110.png,PDF 内嵌位图（矢量线条/组合图形不在此列，须看整页图）
S7832041a93d3-p001,S7832041a93d3,page_render,1,assets/S7832041a93d3/pages/p001.png,含图表/扫描内容的整页图，供显式打开核验
S7832041a93d3-p002,S7832041a93d3,page_render,2,assets/S7832041a93d3/pages/p002.png,含图表/扫描内容的整页图，供显式打开核验
S7832041a93d3-p003,S7832041a93d3,page_render,3,assets/S7832041a93d3/pages/p003.png,含图表/扫描内容的整页图，供显式打开核验
S7832041a93d3-p004,S7832041a93d3,page_render,4,assets/S7832041a93d3/pages/p004.png,含图表/扫描内容的整页图，供显式打开核验
S7832041a93d3-p005,S7832041a93d3,page_render,5,assets/S7832041a93d3/pages/p005.png,含图表/扫描内容的整页图，供显式打开核验
S7832041a93d3-p006,S7832041a93d3,page_render,6,assets/S7832041a93d3/pages/p006.png,含图表/扫描内容的整页图，供显式打开核验
S7832041a93d3-img-000,S7832041a93d3,embedded_image,,assets/S7832041a93d3/embedded/img-000.png,PDF 内嵌位图（矢量线条/组合图形不在此列，须看整页图）
S7832041a93d3-img-001,S7832041a93d3,embedded_image,,assets/S7832041a93d3/embedded/img-001.png,PDF 内嵌位图（矢量线条/组合图形不在此列，须看整页图）
S7832041a93d3-img-002,S7832041a93d3,embedded_image,,assets/S7832041a93d3/embedded/img-002.png,PDF 内嵌位图（矢量线条/组合图形不在此列，须看整页图）
S7832041a93d3-img-003,S7832041a93d3,embedded_image,,assets/S7832041a93d3/embedded/img-003.png,PDF 内嵌位图（矢量线条/组合图形不在此列，须看整页图）
S7832041a93d3-img-004,S7832041a93d3,embedded_image,,assets/S7832041a93d3/embedded/img-004.png,PDF 内嵌位图（矢量线条/组合图形不在此列，须看整页图）
S7832041a93d3-img-005,S7832041a93d3,embedded_image,,assets/S7832041a93d3/embedded/img-005.png,PDF 内嵌位图（矢量线条/组合图形不在此列，须看整页图）
S7832041a93d3-img-006,S7832041a93d3,embedded_image,,assets/S7832041a93d3/embedded/img-006.png,PDF 内嵌位图（矢量线条/组合图形不在此列，须看整页图）
S7832041a93d3-img-007,S7832041a93d3,embedded_image,,assets/S7832041a93d3/embedded/img-007.png,PDF 内嵌位图（矢量线条/组合图形不在此列，须看整页图）
S7832041a93d3-img-008,S7832041a93d3,embedded_image,,assets/S7832041a93d3/embedded/img-008.png,PDF 内嵌位图（矢量线条/组合图形不在此列，须看整页图）
S7832041a93d3-img-009,S7832041a93d3,embedded_image,,assets/S7832041a93d3/embedded/img-009.png,PDF 内嵌位图（矢量线条/组合图形不在此列，须看整页图）
S7832041a93d3-img-010,S7832041a93d3,embedded_image,,assets/S7832041a93d3/embedded/img-010.png,PDF 内嵌位图（矢量线条/组合图形不在此列，须看整页图）
S7832041a93d3-img-011,S7832041a93d3,embedded_image,,assets/S7832041a93d3/embedded/img-011.png,PDF 内嵌位图（矢量线条/组合图形不在此列，须看整页图）
Sac3124113aec-p001,Sac3124113aec,page_render,1,assets/Sac3124113aec/pages/p001.png,含图表/扫描内容的整页图，供显式打开核验
Sac3124113aec-p002,Sac3124113aec,page_render,2,assets/Sac3124113aec/pages/p002.png,含图表/扫描内容的整页图，供显式打开核验
Sac3124113aec-p003,Sac3124113aec,page_render,3,assets/Sac3124113aec/pages/p003.png,含图表/扫描内容的整页图，供显式打开核验
Sac3124113aec-p004,Sac3124113aec,page_render,4,assets/Sac3124113aec/pages/p004.png,含图表/扫描内容的整页图，供显式打开核验
Sac3124113aec-p005,Sac3124113aec,page_render,5,assets/Sac3124113aec/pages/p005.png,含图表/扫描内容的整页图，供显式打开核验
Sac3124113aec-p006,Sac3124113aec,page_render,6,assets/Sac3124113aec/pages/p006.png,含图表/扫描内容的整页图，供显式打开核验
Sac3124113aec-p007,Sac3124113aec,page_render,7,assets/Sac3124113aec/pages/p007.png,含图表/扫描内容的整页图，供显式打开核验
Sac3124113aec-p008,Sac3124113aec,page_render,8,assets/Sac3124113aec/pages/p008.png,含图表/扫描内容的整页图，供显式打开核验
Sac3124113aec-p009,Sac3124113aec,page_render,9,assets/Sac3124113aec/pages/p009.png,含图表/扫描内容的整页图，供显式打开核验
Sac3124113aec-img-000,Sac3124113aec,embedded_image,,assets/Sac3124113aec/embedded/img-000.png,PDF 内嵌位图（矢量线条/组合图形不在此列，须看整页图）
Sac3124113aec-img-001,Sac3124113aec,embedded_image,,assets/Sac3124113aec/embedded/img-001.png,PDF 内嵌位图（矢量线条/组合图形不在此列，须看整页图）
Sac3124113aec-img-002,Sac3124113aec,embedded_image,,assets/Sac3124113aec/embedded/img-002.png,PDF 内嵌位图（矢量线条/组合图形不在此列，须看整页图）
Sac3124113aec-img-003,Sac3124113aec,embedded_image,,assets/Sac3124113aec/embedded/img-003.png,PDF 内嵌位图（矢量线条/组合图形不在此列，须看整页图）
Sac3124113aec-img-004,Sac3124113aec,embedded_image,,assets/Sac3124113aec/embedded/img-004.png,PDF 内嵌位图（矢量线条/组合图形不在此列，须看整页图）
Sac3124113aec-img-005,Sac3124113aec,embedded_image,,assets/Sac3124113aec/embedded/img-005.png,PDF 内嵌位图（矢量线条/组合图形不在此列，须看整页图）
Sac3124113aec-img-006,Sac3124113aec,embedded_image,,assets/Sac3124113aec/embedded/img-006.png,PDF 内嵌位图（矢量线条/组合图形不在此列，须看整页图）
Sac3124113aec-img-007,Sac3124113aec,embedded_image,,assets/Sac3124113aec/embedded/img-007.png,PDF 内嵌位图（矢量线条/组合图形不在此列，须看整页图）
S54715a1e650d-p001,S54715a1e650d,page_render,1,assets/S54715a1e650d/pages/p001.png,含图表/扫描内容的整页图，供显式打开核验
S54715a1e650d-p002,S54715a1e650d,page_render,2,assets/S54715a1e650d/pages/p002.png,含图表/扫描内容的整页图，供显式打开核验
S54715a1e650d-p003,S54715a1e650d,page_render,3,assets/S54715a1e650d/pages/p003.png,含图表/扫描内容的整页图，供显式打开核验
S54715a1e650d-p004,S54715a1e650d,page_render,4,assets/S54715a1e650d/pages/p004.png,含图表/扫描内容的整页图，供显式打开核验
S54715a1e650d-p005,S54715a1e650d,page_render,5,assets/S54715a1e650d/pages/p005.png,含图表/扫描内容的整页图，供显式打开核验
S54715a1e650d-img-000,S54715a1e650d,embedded_image,,assets/S54715a1e650d/embedded/img-000.png,PDF 内嵌位图（矢量线条/组合图形不在此列，须看整页图）
S54715a1e650d-img-001,S54715a1e650d,embedded_image,,assets/S54715a1e650d/embedded/img-001.png,PDF 内嵌位图（矢量线条/组合图形不在此列，须看整页图）
S54715a1e650d-img-002,S54715a1e650d,embedded_image,,assets/S54715a1e650d/embedded/img-002.png,PDF 内嵌位图（矢量线条/组合图形不在此列，须看整页图）
S54715a1e650d-img-003,S54715a1e650d,embedded_image,,assets/S54715a1e650d/embedded/img-003.png,PDF 内嵌位图（矢量线条/组合图形不在此列，须看整页图）
S54715a1e650d-img-004,S54715a1e650d,embedded_image,,assets/S54715a1e650d/embedded/img-004.png,PDF 内嵌位图（矢量线条/组合图形不在此列，须看整页图）
S54715a1e650d-img-005,S54715a1e650d,embedded_image,,assets/S54715a1e650d/embedded/img-005.png,PDF 内嵌位图（矢量线条/组合图形不在此列，须看整页图）
S54715a1e650d-img-006,S54715a1e650d,embedded_image,,assets/S54715a1e650d/embedded/img-006.png,PDF 内嵌位图（矢量线条/组合图形不在此列，须看整页图）
S54715a1e650d-img-007,S54715a1e650d,embedded_image,,assets/S54715a1e650d/embedded/img-007.png,PDF 内嵌位图（矢量线条/组合图形不在此列，须看整页图）
S54715a1e650d-img-008,S54715a1e650d,embedded_image,,assets/S54715a1e650d/embedded/img-008.png,PDF 内嵌位图（矢量线条/组合图形不在此列，须看整页图）
S54715a1e650d-img-009,S54715a1e650d,embedded_image,,assets/S54715a1e650d/embedded/img-009.png,PDF 内嵌位图（矢量线条/组合图形不在此列，须看整页图）
Sefbc5507a38d-p001,Sefbc5507a38d,page_render,1,assets/Sefbc5507a38d/pages/p001.png,含图表/扫描内容的整页图，供显式打开核验
Sefbc5507a38d-p002,Sefbc5507a38d,page_render,2,assets/Sefbc5507a38d/pages/p002.png,含图表/扫描内容的整页图，供显式打开核验
Sefbc5507a38d-p003,Sefbc5507a38d,page_render,3,assets/Sefbc5507a38d/pages/p003.png,含图表/扫描内容的整页图，供显式打开核验
Sefbc5507a38d-p004,Sefbc5507a38d,page_render,4,assets/Sefbc5507a38d/pages/p004.png,含图表/扫描内容的整页图，供显式打开核验
Sefbc5507a38d-p005,Sefbc5507a38d,page_render,5,assets/Sefbc5507a38d/pages/p005.png,含图表/扫描内容的整页图，供显式打开核验
Sefbc5507a38d-p006,Sefbc5507a38d,page_render,6,assets/Sefbc5507a38d/pages/p006.png,含图表/扫描内容的整页图，供显式打开核验
Sefbc5507a38d-p007,Sefbc5507a38d,page_render,7,assets/Sefbc5507a38d/pages/p007.png,含图表/扫描内容的整页图，供显式打开核验
Sefbc5507a38d-p008,Sefbc5507a38d,page_render,8,assets/Sefbc5507a38d/pages/p008.png,含图表/扫描内容的整页图，供显式打开核验
Sefbc5507a38d-p009,Sefbc5507a38d,page_render,9,assets/Sefbc5507a38d/pages/p009.png,含图表/扫描内容的整页图，供显式打开核验
Sefbc5507a38d-img-000,Sefbc5507a38d,embedded_image,,assets/Sefbc5507a38d/embedded/img-000.png,PDF 内嵌位图（矢量线条/组合图形不在此列，须看整页图）
Sefbc5507a38d-img-001,Sefbc5507a38d,embedded_image,,assets/Sefbc5507a38d/embedded/img-001.png,PDF 内嵌位图（矢量线条/组合图形不在此列，须看整页图）
Sefbc5507a38d-img-002,Sefbc5507a38d,embedded_image,,assets/Sefbc5507a38d/embedded/img-002.png,PDF 内嵌位图（矢量线条/组合图形不在此列，须看整页图）
Sefbc5507a38d-img-003,Sefbc5507a38d,embedded_image,,assets/Sefbc5507a38d/embedded/img-003.png,PDF 内嵌位图（矢量线条/组合图形不在此列，须看整页图）
Sefbc5507a38d-img-004,Sefbc5507a38d,embedded_image,,assets/Sefbc5507a38d/embedded/img-004.png,PDF 内嵌位图（矢量线条/组合图形不在此列，须看整页图）
Sefbc5507a38d-img-005,Sefbc5507a38d,embedded_image,,assets/Sefbc5507a38d/embedded/img-005.png,PDF 内嵌位图（矢量线条/组合图形不在此列，须看整页图）
Sefbc5507a38d-img-006,Sefbc5507a38d,embedded_image,,assets/Sefbc5507a38d/embedded/img-006.png,PDF 内嵌位图（矢量线条/组合图形不在此列，须看整页图）
Sefbc5507a38d-img-007,Sefbc5507a38d,embedded_image,,assets/Sefbc5507a38d/embedded/img-007.png,PDF 内嵌位图（矢量线条/组合图形不在此列，须看整页图）
Sefbc5507a38d-img-008,Sefbc5507a38d,embedded_image,,assets/Sefbc5507a38d/embedded/img-008.png,PDF 内嵌位图（矢量线条/组合图形不在此列，须看整页图）
Sefbc5507a38d-p001,Sefbc5507a38d,page_render,1,assets/Sefbc5507a38d/pages/p001.png,含图表/扫描内容的整页图，供显式打开核验
Sefbc5507a38d-p002,Sefbc5507a38d,page_render,2,assets/Sefbc5507a38d/pages/p002.png,含图表/扫描内容的整页图，供显式打开核验
Sefbc5507a38d-p003,Sefbc5507a38d,page_render,3,assets/Sefbc5507a38d/pages/p003.png,含图表/扫描内容的整页图，供显式打开核验
Sefbc5507a38d-p004,Sefbc5507a38d,page_render,4,assets/Sefbc5507a38d/pages/p004.png,含图表/扫描内容的整页图，供显式打开核验
Sefbc5507a38d-p005,Sefbc5507a38d,page_render,5,assets/Sefbc5507a38d/pages/p005.png,含图表/扫描内容的整页图，供显式打开核验
Sefbc5507a38d-p006,Sefbc5507a38d,page_render,6,assets/Sefbc5507a38d/pages/p006.png,含图表/扫描内容的整页图，供显式打开核验
Sefbc5507a38d-p007,Sefbc5507a38d,page_render,7,assets/Sefbc5507a38d/pages/p007.png,含图表/扫描内容的整页图，供显式打开核验
Sefbc5507a38d-p008,Sefbc5507a38d,page_render,8,assets/Sefbc5507a38d/pages/p008.png,含图表/扫描内容的整页图，供显式打开核验
Sefbc5507a38d-p009,Sefbc5507a38d,page_render,9,assets/Sefbc5507a38d/pages/p009.png,含图表/扫描内容的整页图，供显式打开核验
Sefbc5507a38d-img-000,Sefbc5507a38d,embedded_image,,assets/Sefbc5507a38d/embedded/img-000.png,PDF 内嵌位图（矢量线条/组合图形不在此列，须看整页图）
Sefbc5507a38d-img-001,Sefbc5507a38d,embedded_image,,assets/Sefbc5507a38d/embedded/img-001.png,PDF 内嵌位图（矢量线条/组合图形不在此列，须看整页图）
Sefbc5507a38d-img-002,Sefbc5507a38d,embedded_image,,assets/Sefbc5507a38d/embedded/img-002.png,PDF 内嵌位图（矢量线条/组合图形不在此列，须看整页图）
Sefbc5507a38d-img-003,Sefbc5507a38d,embedded_image,,assets/Sefbc5507a38d/embedded/img-003.png,PDF 内嵌位图（矢量线条/组合图形不在此列，须看整页图）
Sefbc5507a38d-img-004,Sefbc5507a38d,embedded_image,,assets/Sefbc5507a38d/embedded/img-004.png,PDF 内嵌位图（矢量线条/组合图形不在此列，须看整页图）
Sefbc5507a38d-img-005,Sefbc5507a38d,embedded_image,,assets/Sefbc5507a38d/embedded/img-005.png,PDF 内嵌位图（矢量线条/组合图形不在此列，须看整页图）
Sefbc5507a38d-img-006,Sefbc5507a38d,embedded_image,,assets/Sefbc5507a38d/embedded/img-006.png,PDF 内嵌位图（矢量线条/组合图形不在此列，须看整页图）
Sefbc5507a38d-img-007,Sefbc5507a38d,embedded_image,,assets/Sefbc5507a38d/embedded/img-007.png,PDF 内嵌位图（矢量线条/组合图形不在此列，须看整页图）
Sefbc5507a38d-img-008,Sefbc5507a38d,embedded_image,,assets/Sefbc5507a38d/embedded/img-008.png,PDF 内嵌位图（矢量线条/组合图形不在此列，须看整页图）
S7f3083ea306e-p001,S7f3083ea306e,page_render,1,assets/S7f3083ea306e/pages/p001.png,含图表/扫描内容的整页图，供显式打开核验
S7f3083ea306e-p002,S7f3083ea306e,page_render,2,assets/S7f3083ea306e/pages/p002.png,含图表/扫描内容的整页图，供显式打开核验
S7f3083ea306e-p003,S7f3083ea306e,page_render,3,assets/S7f3083ea306e/pages/p003.png,含图表/扫描内容的整页图，供显式打开核验
S7f3083ea306e-p004,S7f3083ea306e,page_render,4,assets/S7f3083ea306e/pages/p004.png,含图表/扫描内容的整页图，供显式打开核验
S7f3083ea306e-p005,S7f3083ea306e,page_render,5,assets/S7f3083ea306e/pages/p005.png,含图表/扫描内容的整页图，供显式打开核验
S7f3083ea306e-p006,S7f3083ea306e,page_render,6,assets/S7f3083ea306e/pages/p006.png,含图表/扫描内容的整页图，供显式打开核验
S7f3083ea306e-p007,S7f3083ea306e,page_render,7,assets/S7f3083ea306e/pages/p007.png,含图表/扫描内容的整页图，供显式打开核验
S7f3083ea306e-p008,S7f3083ea306e,page_render,8,assets/S7f3083ea306e/pages/p008.png,含图表/扫描内容的整页图，供显式打开核验
S7f3083ea306e-p009,S7f3083ea306e,page_render,9,assets/S7f3083ea306e/pages/p009.png,含图表/扫描内容的整页图，供显式打开核验
S7f3083ea306e-p010,S7f3083ea306e,page_render,10,assets/S7f3083ea306e/pages/p010.png,含图表/扫描内容的整页图，供显式打开核验
S7f3083ea306e-img-000,S7f3083ea306e,embedded_image,,assets/S7f3083ea306e/embedded/img-000.png,PDF 内嵌位图（矢量线条/组合图形不在此列，须看整页图）
S7f3083ea306e-img-001,S7f3083ea306e,embedded_image,,assets/S7f3083ea306e/embedded/img-001.png,PDF 内嵌位图（矢量线条/组合图形不在此列，须看整页图）
S7f3083ea306e-img-002,S7f3083ea306e,embedded_image,,assets/S7f3083ea306e/embedded/img-002.png,PDF 内嵌位图（矢量线条/组合图形不在此列，须看整页图）
S7f3083ea306e-img-003,S7f3083ea306e,embedded_image,,assets/S7f3083ea306e/embedded/img-003.png,PDF 内嵌位图（矢量线条/组合图形不在此列，须看整页图）
S7f3083ea306e-img-004,S7f3083ea306e,embedded_image,,assets/S7f3083ea306e/embedded/img-004.png,PDF 内嵌位图（矢量线条/组合图形不在此列，须看整页图）
S7f3083ea306e-img-005,S7f3083ea306e,embedded_image,,assets/S7f3083ea306e/embedded/img-005.png,PDF 内嵌位图（矢量线条/组合图形不在此列，须看整页图）
S7f3083ea306e-img-006,S7f3083ea306e,embedded_image,,assets/S7f3083ea306e/embedded/img-006.png,PDF 内嵌位图（矢量线条/组合图形不在此列，须看整页图）
S7f3083ea306e-img-007,S7f3083ea306e,embedded_image,,assets/S7f3083ea306e/embedded/img-007.png,PDF 内嵌位图（矢量线条/组合图形不在此列，须看整页图）
S7f3083ea306e-img-008,S7f3083ea306e,embedded_image,,assets/S7f3083ea306e/embedded/img-008.png,PDF 内嵌位图（矢量线条/组合图形不在此列，须看整页图）
S7f3083ea306e-img-009,S7f3083ea306e,embedded_image,,assets/S7f3083ea306e/embedded/img-009.png,PDF 内嵌位图（矢量线条/组合图形不在此列，须看整页图）
S7f3083ea306e-img-010,S7f3083ea306e,embedded_image,,assets/S7f3083ea306e/embedded/img-010.png,PDF 内嵌位图（矢量线条/组合图形不在此列，须看整页图）
S7f3083ea306e-img-011,S7f3083ea306e,embedded_image,,assets/S7f3083ea306e/embedded/img-011.png,PDF 内嵌位图（矢量线条/组合图形不在此列，须看整页图）
S7f3083ea306e-img-012,S7f3083ea306e,embedded_image,,assets/S7f3083ea306e/embedded/img-012.png,PDF 内嵌位图（矢量线条/组合图形不在此列，须看整页图）
S7f3083ea306e-img-013,S7f3083ea306e,embedded_image,,assets/S7f3083ea306e/embedded/img-013.png,PDF 内嵌位图（矢量线条/组合图形不在此列，须看整页图）
S7f3083ea306e-img-014,S7f3083ea306e,embedded_image,,assets/S7f3083ea306e/embedded/img-014.png,PDF 内嵌位图（矢量线条/组合图形不在此列，须看整页图）
S7f3083ea306e-img-015,S7f3083ea306e,embedded_image,,assets/S7f3083ea306e/embedded/img-015.png,PDF 内嵌位图（矢量线条/组合图形不在此列，须看整页图）
S7f3083ea306e-img-016,S7f3083ea306e,embedded_image,,assets/S7f3083ea306e/embedded/img-016.png,PDF 内嵌位图（矢量线条/组合图形不在此列，须看整页图）
S7f3083ea306e-img-017,S7f3083ea306e,embedded_image,,assets/S7f3083ea306e/embedded/img-017.png,PDF 内嵌位图（矢量线条/组合图形不在此列，须看整页图）
S7f3083ea306e-img-018,S7f3083ea306e,embedded_image,,assets/S7f3083ea306e/embedded/img-018.png,PDF 内嵌位图（矢量线条/组合图形不在此列，须看整页图）
S7f3083ea306e-img-019,S7f3083ea306e,embedded_image,,assets/S7f3083ea306e/embedded/img-019.png,PDF 内嵌位图（矢量线条/组合图形不在此列，须看整页图）
S7f3083ea306e-img-020,S7f3083ea306e,embedded_image,,assets/S7f3083ea306e/embedded/img-020.png,PDF 内嵌位图（矢量线条/组合图形不在此列，须看整页图）
S7f3083ea306e-img-021,S7f3083ea306e,embedded_image,,assets/S7f3083ea306e/embedded/img-021.png,PDF 内嵌位图（矢量线条/组合图形不在此列，须看整页图）
S7f3083ea306e-img-022,S7f3083ea306e,embedded_image,,assets/S7f3083ea306e/embedded/img-022.png,PDF 内嵌位图（矢量线条/组合图形不在此列，须看整页图）
S7f3083ea306e-img-023,S7f3083ea306e,embedded_image,,assets/S7f3083ea306e/embedded/img-023.png,PDF 内嵌位图（矢量线条/组合图形不在此列，须看整页图）
S7f3083ea306e-img-024,S7f3083ea306e,embedded_image,,assets/S7f3083ea306e/embedded/img-024.png,PDF 内嵌位图（矢量线条/组合图形不在此列，须看整页图）
S7f3083ea306e-img-025,S7f3083ea306e,embedded_image,,assets/S7f3083ea306e/embedded/img-025.png,PDF 内嵌位图（矢量线条/组合图形不在此列，须看整页图）
S7f3083ea306e-img-026,S7f3083ea306e,embedded_image,,assets/S7f3083ea306e/embedded/img-026.png,PDF 内嵌位图（矢量线条/组合图形不在此列，须看整页图）
S7f3083ea306e-img-027,S7f3083ea306e,embedded_image,,assets/S7f3083ea306e/embedded/img-027.png,PDF 内嵌位图（矢量线条/组合图形不在此列，须看整页图）
S7f3083ea306e-img-028,S7f3083ea306e,embedded_image,,assets/S7f3083ea306e/embedded/img-028.png,PDF 内嵌位图（矢量线条/组合图形不在此列，须看整页图）
S7f3083ea306e-img-029,S7f3083ea306e,embedded_image,,assets/S7f3083ea306e/embedded/img-029.png,PDF 内嵌位图（矢量线条/组合图形不在此列，须看整页图）
S7f3083ea306e-img-030,S7f3083ea306e,embedded_image,,assets/S7f3083ea306e/embedded/img-030.png,PDF 内嵌位图（矢量线条/组合图形不在此列，须看整页图）
S7f3083ea306e-img-031,S7f3083ea306e,embedded_image,,assets/S7f3083ea306e/embedded/img-031.png,PDF 内嵌位图（矢量线条/组合图形不在此列，须看整页图）
S7f3083ea306e-img-032,S7f3083ea306e,embedded_image,,assets/S7f3083ea306e/embedded/img-032.png,PDF 内嵌位图（矢量线条/组合图形不在此列，须看整页图）
S7f3083ea306e-img-033,S7f3083ea306e,embedded_image,,assets/S7f3083ea306e/embedded/img-033.png,PDF 内嵌位图（矢量线条/组合图形不在此列，须看整页图）
S7f3083ea306e-img-034,S7f3083ea306e,embedded_image,,assets/S7f3083ea306e/embedded/img-034.png,PDF 内嵌位图（矢量线条/组合图形不在此列，须看整页图）
S7f3083ea306e-img-035,S7f3083ea306e,embedded_image,,assets/S7f3083ea306e/embedded/img-035.png,PDF 内嵌位图（矢量线条/组合图形不在此列，须看整页图）
S7f3083ea306e-img-036,S7f3083ea306e,embedded_image,,assets/S7f3083ea306e/embedded/img-036.png,PDF 内嵌位图（矢量线条/组合图形不在此列，须看整页图）
S7f3083ea306e-img-037,S7f3083ea306e,embedded_image,,assets/S7f3083ea306e/embedded/img-037.png,PDF 内嵌位图（矢量线条/组合图形不在此列，须看整页图）
S7f3083ea306e-img-038,S7f3083ea306e,embedded_image,,assets/S7f3083ea306e/embedded/img-038.png,PDF 内嵌位图（矢量线条/组合图形不在此列，须看整页图）
S7f3083ea306e-img-039,S7f3083ea306e,embedded_image,,assets/S7f3083ea306e/embedded/img-039.png,PDF 内嵌位图（矢量线条/组合图形不在此列，须看整页图）
S7f3083ea306e-img-040,S7f3083ea306e,embedded_image,,assets/S7f3083ea306e/embedded/img-040.png,PDF 内嵌位图（矢量线条/组合图形不在此列，须看整页图）
S7f3083ea306e-img-041,S7f3083ea306e,embedded_image,,assets/S7f3083ea306e/embedded/img-041.png,PDF 内嵌位图（矢量线条/组合图形不在此列，须看整页图）
S7f3083ea306e-img-042,S7f3083ea306e,embedded_image,,assets/S7f3083ea306e/embedded/img-042.png,PDF 内嵌位图（矢量线条/组合图形不在此列，须看整页图）
S7f3083ea306e-img-043,S7f3083ea306e,embedded_image,,assets/S7f3083ea306e/embedded/img-043.png,PDF 内嵌位图（矢量线条/组合图形不在此列，须看整页图）
S7f3083ea306e-img-044,S7f3083ea306e,embedded_image,,assets/S7f3083ea306e/embedded/img-044.png,PDF 内嵌位图（矢量线条/组合图形不在此列，须看整页图）
S7f3083ea306e-img-045,S7f3083ea306e,embedded_image,,assets/S7f3083ea306e/embedded/img-045.png,PDF 内嵌位图（矢量线条/组合图形不在此列，须看整页图）
S7f3083ea306e-img-046,S7f3083ea306e,embedded_image,,assets/S7f3083ea306e/embedded/img-046.png,PDF 内嵌位图（矢量线条/组合图形不在此列，须看整页图）
S7f3083ea306e-img-047,S7f3083ea306e,embedded_image,,assets/S7f3083ea306e/embedded/img-047.png,PDF 内嵌位图（矢量线条/组合图形不在此列，须看整页图）
S7f3083ea306e-img-048,S7f3083ea306e,embedded_image,,assets/S7f3083ea306e/embedded/img-048.png,PDF 内嵌位图（矢量线条/组合图形不在此列，须看整页图）
S7f3083ea306e-img-049,S7f3083ea306e,embedded_image,,assets/S7f3083ea306e/embedded/img-049.png,PDF 内嵌位图（矢量线条/组合图形不在此列，须看整页图）
S7f3083ea306e-img-050,S7f3083ea306e,embedded_image,,assets/S7f3083ea306e/embedded/img-050.png,PDF 内嵌位图（矢量线条/组合图形不在此列，须看整页图）
S7f3083ea306e-img-051,S7f3083ea306e,embedded_image,,assets/S7f3083ea306e/embedded/img-051.png,PDF 内嵌位图（矢量线条/组合图形不在此列，须看整页图）
S7f3083ea306e-img-052,S7f3083ea306e,embedded_image,,assets/S7f3083ea306e/embedded/img-052.png,PDF 内嵌位图（矢量线条/组合图形不在此列，须看整页图）
S7f3083ea306e-img-053,S7f3083ea306e,embedded_image,,assets/S7f3083ea306e/embedded/img-053.png,PDF 内嵌位图（矢量线条/组合图形不在此列，须看整页图）
S7f3083ea306e-img-054,S7f3083ea306e,embedded_image,,assets/S7f3083ea306e/embedded/img-054.png,PDF 内嵌位图（矢量线条/组合图形不在此列，须看整页图）
S7f3083ea306e-img-055,S7f3083ea306e,embedded_image,,assets/S7f3083ea306e/embedded/img-055.png,PDF 内嵌位图（矢量线条/组合图形不在此列，须看整页图）
S7f3083ea306e-img-056,S7f3083ea306e,embedded_image,,assets/S7f3083ea306e/embedded/img-056.png,PDF 内嵌位图（矢量线条/组合图形不在此列，须看整页图）
S7f3083ea306e-img-057,S7f3083ea306e,embedded_image,,assets/S7f3083ea306e/embedded/img-057.png,PDF 内嵌位图（矢量线条/组合图形不在此列，须看整页图）
S7f3083ea306e-img-058,S7f3083ea306e,embedded_image,,assets/S7f3083ea306e/embedded/img-058.png,PDF 内嵌位图（矢量线条/组合图形不在此列，须看整页图）
S7f3083ea306e-img-059,S7f3083ea306e,embedded_image,,assets/S7f3083ea306e/embedded/img-059.png,PDF 内嵌位图（矢量线条/组合图形不在此列，须看整页图）
S7f3083ea306e-img-060,S7f3083ea306e,embedded_image,,assets/S7f3083ea306e/embedded/img-060.png,PDF 内嵌位图（矢量线条/组合图形不在此列，须看整页图）
S7f3083ea306e-img-061,S7f3083ea306e,embedded_image,,assets/S7f3083ea306e/embedded/img-061.png,PDF 内嵌位图（矢量线条/组合图形不在此列，须看整页图）
S7f3083ea306e-img-062,S7f3083ea306e,embedded_image,,assets/S7f3083ea306e/embedded/img-062.png,PDF 内嵌位图（矢量线条/组合图形不在此列，须看整页图）
S7f3083ea306e-img-063,S7f3083ea306e,embedded_image,,assets/S7f3083ea306e/embedded/img-063.png,PDF 内嵌位图（矢量线条/组合图形不在此列，须看整页图）
S7f3083ea306e-img-064,S7f3083ea306e,embedded_image,,assets/S7f3083ea306e/embedded/img-064.png,PDF 内嵌位图（矢量线条/组合图形不在此列，须看整页图）
S7f3083ea306e-img-065,S7f3083ea306e,embedded_image,,assets/S7f3083ea306e/embedded/img-065.png,PDF 内嵌位图（矢量线条/组合图形不在此列，须看整页图）
S7f3083ea306e-img-066,S7f3083ea306e,embedded_image,,assets/S7f3083ea306e/embedded/img-066.png,PDF 内嵌位图（矢量线条/组合图形不在此列，须看整页图）
S7f3083ea306e-img-067,S7f3083ea306e,embedded_image,,assets/S7f3083ea306e/embedded/img-067.png,PDF 内嵌位图（矢量线条/组合图形不在此列，须看整页图）
S7f3083ea306e-img-068,S7f3083ea306e,embedded_image,,assets/S7f3083ea306e/embedded/img-068.png,PDF 内嵌位图（矢量线条/组合图形不在此列，须看整页图）
S7f3083ea306e-img-069,S7f3083ea306e,embedded_image,,assets/S7f3083ea306e/embedded/img-069.png,PDF 内嵌位图（矢量线条/组合图形不在此列，须看整页图）
S7f3083ea306e-img-070,S7f3083ea306e,embedded_image,,assets/S7f3083ea306e/embedded/img-070.png,PDF 内嵌位图（矢量线条/组合图形不在此列，须看整页图）
S7f3083ea306e-img-071,S7f3083ea306e,embedded_image,,assets/S7f3083ea306e/embedded/img-071.png,PDF 内嵌位图（矢量线条/组合图形不在此列，须看整页图）
S7f3083ea306e-img-072,S7f3083ea306e,embedded_image,,assets/S7f3083ea306e/embedded/img-072.png,PDF 内嵌位图（矢量线条/组合图形不在此列，须看整页图）
S7f3083ea306e-img-073,S7f3083ea306e,embedded_image,,assets/S7f3083ea306e/embedded/img-073.png,PDF 内嵌位图（矢量线条/组合图形不在此列，须看整页图）
S7f3083ea306e-img-074,S7f3083ea306e,embedded_image,,assets/S7f3083ea306e/embedded/img-074.png,PDF 内嵌位图（矢量线条/组合图形不在此列，须看整页图）
S7f3083ea306e-img-075,S7f3083ea306e,embedded_image,,assets/S7f3083ea306e/embedded/img-075.png,PDF 内嵌位图（矢量线条/组合图形不在此列，须看整页图）
S7f3083ea306e-img-076,S7f3083ea306e,embedded_image,,assets/S7f3083ea306e/embedded/img-076.png,PDF 内嵌位图（矢量线条/组合图形不在此列，须看整页图）
S7f3083ea306e-img-077,S7f3083ea306e,embedded_image,,assets/S7f3083ea306e/embedded/img-077.png,PDF 内嵌位图（矢量线条/组合图形不在此列，须看整页图）
S7f3083ea306e-img-078,S7f3083ea306e,embedded_image,,assets/S7f3083ea306e/embedded/img-078.png,PDF 内嵌位图（矢量线条/组合图形不在此列，须看整页图）
S7f3083ea306e-img-079,S7f3083ea306e,embedded_image,,assets/S7f3083ea306e/embedded/img-079.png,PDF 内嵌位图（矢量线条/组合图形不在此列，须看整页图）
S7f3083ea306e-img-080,S7f3083ea306e,embedded_image,,assets/S7f3083ea306e/embedded/img-080.png,PDF 内嵌位图（矢量线条/组合图形不在此列，须看整页图）
S7f3083ea306e-img-081,S7f3083ea306e,embedded_image,,assets/S7f3083ea306e/embedded/img-081.png,PDF 内嵌位图（矢量线条/组合图形不在此列，须看整页图）
S7f3083ea306e-img-082,S7f3083ea306e,embedded_image,,assets/S7f3083ea306e/embedded/img-082.png,PDF 内嵌位图（矢量线条/组合图形不在此列，须看整页图）
S7f3083ea306e-img-083,S7f3083ea306e,embedded_image,,assets/S7f3083ea306e/embedded/img-083.png,PDF 内嵌位图（矢量线条/组合图形不在此列，须看整页图）
S7f3083ea306e-img-084,S7f3083ea306e,embedded_image,,assets/S7f3083ea306e/embedded/img-084.png,PDF 内嵌位图（矢量线条/组合图形不在此列，须看整页图）
S7f3083ea306e-img-085,S7f3083ea306e,embedded_image,,assets/S7f3083ea306e/embedded/img-085.png,PDF 内嵌位图（矢量线条/组合图形不在此列，须看整页图）
S7f3083ea306e-img-086,S7f3083ea306e,embedded_image,,assets/S7f3083ea306e/embedded/img-086.png,PDF 内嵌位图（矢量线条/组合图形不在此列，须看整页图）
S7f3083ea306e-img-087,S7f3083ea306e,embedded_image,,assets/S7f3083ea306e/embedded/img-087.png,PDF 内嵌位图（矢量线条/组合图形不在此列，须看整页图）
S7f3083ea306e-img-088,S7f3083ea306e,embedded_image,,assets/S7f3083ea306e/embedded/img-088.png,PDF 内嵌位图（矢量线条/组合图形不在此列，须看整页图）
S7f3083ea306e-img-089,S7f3083ea306e,embedded_image,,assets/S7f3083ea306e/embedded/img-089.png,PDF 内嵌位图（矢量线条/组合图形不在此列，须看整页图）
S7f3083ea306e-img-090,S7f3083ea306e,embedded_image,,assets/S7f3083ea306e/embedded/img-090.png,PDF 内嵌位图（矢量线条/组合图形不在此列，须看整页图）
S7f3083ea306e-img-091,S7f3083ea306e,embedded_image,,assets/S7f3083ea306e/embedded/img-091.png,PDF 内嵌位图（矢量线条/组合图形不在此列，须看整页图）
S7f3083ea306e-img-092,S7f3083ea306e,embedded_image,,assets/S7f3083ea306e/embedded/img-092.png,PDF 内嵌位图（矢量线条/组合图形不在此列，须看整页图）
S7f3083ea306e-img-093,S7f3083ea306e,embedded_image,,assets/S7f3083ea306e/embedded/img-093.png,PDF 内嵌位图（矢量线条/组合图形不在此列，须看整页图）
S7f3083ea306e-img-094,S7f3083ea306e,embedded_image,,assets/S7f3083ea306e/embedded/img-094.png,PDF 内嵌位图（矢量线条/组合图形不在此列，须看整页图）
S7f3083ea306e-img-095,S7f3083ea306e,embedded_image,,assets/S7f3083ea306e/embedded/img-095.png,PDF 内嵌位图（矢量线条/组合图形不在此列，须看整页图）
S7f3083ea306e-img-096,S7f3083ea306e,embedded_image,,assets/S7f3083ea306e/embedded/img-096.png,PDF 内嵌位图（矢量线条/组合图形不在此列，须看整页图）
S7f3083ea306e-img-097,S7f3083ea306e,embedded_image,,assets/S7f3083ea306e/embedded/img-097.png,PDF 内嵌位图（矢量线条/组合图形不在此列，须看整页图）
S7f3083ea306e-img-098,S7f3083ea306e,embedded_image,,assets/S7f3083ea306e/embedded/img-098.png,PDF 内嵌位图（矢量线条/组合图形不在此列，须看整页图）
S7f3083ea306e-img-099,S7f3083ea306e,embedded_image,,assets/S7f3083ea306e/embedded/img-099.png,PDF 内嵌位图（矢量线条/组合图形不在此列，须看整页图）
S7f3083ea306e-img-100,S7f3083ea306e,embedded_image,,assets/S7f3083ea306e/embedded/img-100.png,PDF 内嵌位图（矢量线条/组合图形不在此列，须看整页图）
S7f3083ea306e-img-101,S7f3083ea306e,embedded_image,,assets/S7f3083ea306e/embedded/img-101.png,PDF 内嵌位图（矢量线条/组合图形不在此列，须看整页图）
S7f3083ea306e-img-102,S7f3083ea306e,embedded_image,,assets/S7f3083ea306e/embedded/img-102.png,PDF 内嵌位图（矢量线条/组合图形不在此列，须看整页图）
S7f3083ea306e-img-103,S7f3083ea306e,embedded_image,,assets/S7f3083ea306e/embedded/img-103.png,PDF 内嵌位图（矢量线条/组合图形不在此列，须看整页图）
S7f3083ea306e-img-104,S7f3083ea306e,embedded_image,,assets/S7f3083ea306e/embedded/img-104.png,PDF 内嵌位图（矢量线条/组合图形不在此列，须看整页图）
S7f3083ea306e-img-105,S7f3083ea306e,embedded_image,,assets/S7f3083ea306e/embedded/img-105.png,PDF 内嵌位图（矢量线条/组合图形不在此列，须看整页图）
S7f3083ea306e-img-106,S7f3083ea306e,embedded_image,,assets/S7f3083ea306e/embedded/img-106.png,PDF 内嵌位图（矢量线条/组合图形不在此列，须看整页图）
S7f3083ea306e-img-107,S7f3083ea306e,embedded_image,,assets/S7f3083ea306e/embedded/img-107.png,PDF 内嵌位图（矢量线条/组合图形不在此列，须看整页图）
S7f3083ea306e-img-108,S7f3083ea306e,embedded_image,,assets/S7f3083ea306e/embedded/img-108.png,PDF 内嵌位图（矢量线条/组合图形不在此列，须看整页图）
S7f3083ea306e-img-109,S7f3083ea306e,embedded_image,,assets/S7f3083ea306e/embedded/img-109.png,PDF 内嵌位图（矢量线条/组合图形不在此列，须看整页图）
S7f3083ea306e-img-110,S7f3083ea306e,embedded_image,,assets/S7f3083ea306e/embedded/img-110.png,PDF 内嵌位图（矢量线条/组合图形不在此列，须看整页图）
S7f3083ea306e-img-111,S7f3083ea306e,embedded_image,,assets/S7f3083ea306e/embedded/img-111.png,PDF 内嵌位图（矢量线条/组合图形不在此列，须看整页图）
S7f3083ea306e-img-112,S7f3083ea306e,embedded_image,,assets/S7f3083ea306e/embedded/img-112.png,PDF 内嵌位图（矢量线条/组合图形不在此列，须看整页图）
S7f3083ea306e-img-113,S7f3083ea306e,embedded_image,,assets/S7f3083ea306e/embedded/img-113.png,PDF 内嵌位图（矢量线条/组合图形不在此列，须看整页图）
S7f3083ea306e-img-114,S7f3083ea306e,embedded_image,,assets/S7f3083ea306e/embedded/img-114.png,PDF 内嵌位图（矢量线条/组合图形不在此列，须看整页图）
S7f3083ea306e-img-115,S7f3083ea306e,embedded_image,,assets/S7f3083ea306e/embedded/img-115.png,PDF 内嵌位图（矢量线条/组合图形不在此列，须看整页图）
S7f3083ea306e-img-116,S7f3083ea306e,embedded_image,,assets/S7f3083ea306e/embedded/img-116.png,PDF 内嵌位图（矢量线条/组合图形不在此列，须看整页图）
S7f3083ea306e-img-117,S7f3083ea306e,embedded_image,,assets/S7f3083ea306e/embedded/img-117.png,PDF 内嵌位图（矢量线条/组合图形不在此列，须看整页图）
S7f3083ea306e-img-118,S7f3083ea306e,embedded_image,,assets/S7f3083ea306e/embedded/img-118.png,PDF 内嵌位图（矢量线条/组合图形不在此列，须看整页图）
S7f3083ea306e-img-119,S7f3083ea306e,embedded_image,,assets/S7f3083ea306e/embedded/img-119.png,PDF 内嵌位图（矢量线条/组合图形不在此列，须看整页图）
S7f3083ea306e-img-120,S7f3083ea306e,embedded_image,,assets/S7f3083ea306e/embedded/img-120.png,PDF 内嵌位图（矢量线条/组合图形不在此列，须看整页图）
S7f3083ea306e-img-121,S7f3083ea306e,embedded_image,,assets/S7f3083ea306e/embedded/img-121.png,PDF 内嵌位图（矢量线条/组合图形不在此列，须看整页图）
S7f3083ea306e-img-122,S7f3083ea306e,embedded_image,,assets/S7f3083ea306e/embedded/img-122.png,PDF 内嵌位图（矢量线条/组合图形不在此列，须看整页图）
S7f3083ea306e-img-123,S7f3083ea306e,embedded_image,,assets/S7f3083ea306e/embedded/img-123.png,PDF 内嵌位图（矢量线条/组合图形不在此列，须看整页图）
S7f3083ea306e-img-124,S7f3083ea306e,embedded_image,,assets/S7f3083ea306e/embedded/img-124.png,PDF 内嵌位图（矢量线条/组合图形不在此列，须看整页图）
S7f3083ea306e-img-125,S7f3083ea306e,embedded_image,,assets/S7f3083ea306e/embedded/img-125.png,PDF 内嵌位图（矢量线条/组合图形不在此列，须看整页图）
S7f3083ea306e-img-126,S7f3083ea306e,embedded_image,,assets/S7f3083ea306e/embedded/img-126.png,PDF 内嵌位图（矢量线条/组合图形不在此列，须看整页图）
S7f3083ea306e-img-127,S7f3083ea306e,embedded_image,,assets/S7f3083ea306e/embedded/img-127.png,PDF 内嵌位图（矢量线条/组合图形不在此列，须看整页图）
S7f3083ea306e-img-128,S7f3083ea306e,embedded_image,,assets/S7f3083ea306e/embedded/img-128.png,PDF 内嵌位图（矢量线条/组合图形不在此列，须看整页图）
S7f3083ea306e-img-129,S7f3083ea306e,embedded_image,,assets/S7f3083ea306e/embedded/img-129.png,PDF 内嵌位图（矢量线条/组合图形不在此列，须看整页图）
S7f3083ea306e-img-130,S7f3083ea306e,embedded_image,,assets/S7f3083ea306e/embedded/img-130.png,PDF 内嵌位图（矢量线条/组合图形不在此列，须看整页图）
S7f3083ea306e-img-131,S7f3083ea306e,embedded_image,,assets/S7f3083ea306e/embedded/img-131.png,PDF 内嵌位图（矢量线条/组合图形不在此列，须看整页图）
S7f3083ea306e-img-132,S7f3083ea306e,embedded_image,,assets/S7f3083ea306e/embedded/img-132.png,PDF 内嵌位图（矢量线条/组合图形不在此列，须看整页图）
S7f3083ea306e-img-133,S7f3083ea306e,embedded_image,,assets/S7f3083ea306e/embedded/img-133.png,PDF 内嵌位图（矢量线条/组合图形不在此列，须看整页图）
S7f3083ea306e-img-134,S7f3083ea306e,embedded_image,,assets/S7f3083ea306e/embedded/img-134.png,PDF 内嵌位图（矢量线条/组合图形不在此列，须看整页图）
S7f3083ea306e-img-135,S7f3083ea306e,embedded_image,,assets/S7f3083ea306e/embedded/img-135.png,PDF 内嵌位图（矢量线条/组合图形不在此列，须看整页图）
S7f3083ea306e-img-136,S7f3083ea306e,embedded_image,,assets/S7f3083ea306e/embedded/img-136.png,PDF 内嵌位图（矢量线条/组合图形不在此列，须看整页图）
S7f3083ea306e-img-137,S7f3083ea306e,embedded_image,,assets/S7f3083ea306e/embedded/img-137.png,PDF 内嵌位图（矢量线条/组合图形不在此列，须看整页图）
S7f3083ea306e-img-138,S7f3083ea306e,embedded_image,,assets/S7f3083ea306e/embedded/img-138.png,PDF 内嵌位图（矢量线条/组合图形不在此列，须看整页图）
S7f3083ea306e-img-139,S7f3083ea306e,embedded_image,,assets/S7f3083ea306e/embedded/img-139.png,PDF 内嵌位图（矢量线条/组合图形不在此列，须看整页图）
S7f3083ea306e-img-140,S7f3083ea306e,embedded_image,,assets/S7f3083ea306e/embedded/img-140.png,PDF 内嵌位图（矢量线条/组合图形不在此列，须看整页图）
S7f3083ea306e-img-141,S7f3083ea306e,embedded_image,,assets/S7f3083ea306e/embedded/img-141.png,PDF 内嵌位图（矢量线条/组合图形不在此列，须看整页图）
S7f3083ea306e-img-142,S7f3083ea306e,embedded_image,,assets/S7f3083ea306e/embedded/img-142.png,PDF 内嵌位图（矢量线条/组合图形不在此列，须看整页图）
S7f3083ea306e-img-143,S7f3083ea306e,embedded_image,,assets/S7f3083ea306e/embedded/img-143.png,PDF 内嵌位图（矢量线条/组合图形不在此列，须看整页图）
S7f3083ea306e-img-144,S7f3083ea306e,embedded_image,,assets/S7f3083ea306e/embedded/img-144.png,PDF 内嵌位图（矢量线条/组合图形不在此列，须看整页图）
S7f3083ea306e-img-145,S7f3083ea306e,embedded_image,,assets/S7f3083ea306e/embedded/img-145.png,PDF 内嵌位图（矢量线条/组合图形不在此列，须看整页图）
S7f3083ea306e-img-146,S7f3083ea306e,embedded_image,,assets/S7f3083ea306e/embedded/img-146.png,PDF 内嵌位图（矢量线条/组合图形不在此列，须看整页图）
S7f3083ea306e-img-147,S7f3083ea306e,embedded_image,,assets/S7f3083ea306e/embedded/img-147.png,PDF 内嵌位图（矢量线条/组合图形不在此列，须看整页图）
S7f3083ea306e-img-148,S7f3083ea306e,embedded_image,,assets/S7f3083ea306e/embedded/img-148.png,PDF 内嵌位图（矢量线条/组合图形不在此列，须看整页图）
S7f3083ea306e-img-149,S7f3083ea306e,embedded_image,,assets/S7f3083ea306e/embedded/img-149.png,PDF 内嵌位图（矢量线条/组合图形不在此列，须看整页图）
S7f3083ea306e-img-150,S7f3083ea306e,embedded_image,,assets/S7f3083ea306e/embedded/img-150.png,PDF 内嵌位图（矢量线条/组合图形不在此列，须看整页图）
S7f3083ea306e-img-151,S7f3083ea306e,embedded_image,,assets/S7f3083ea306e/embedded/img-151.png,PDF 内嵌位图（矢量线条/组合图形不在此列，须看整页图）
S7f3083ea306e-img-152,S7f3083ea306e,embedded_image,,assets/S7f3083ea306e/embedded/img-152.png,PDF 内嵌位图（矢量线条/组合图形不在此列，须看整页图）
S7f3083ea306e-img-153,S7f3083ea306e,embedded_image,,assets/S7f3083ea306e/embedded/img-153.png,PDF 内嵌位图（矢量线条/组合图形不在此列，须看整页图）
S7f3083ea306e-img-154,S7f3083ea306e,embedded_image,,assets/S7f3083ea306e/embedded/img-154.png,PDF 内嵌位图（矢量线条/组合图形不在此列，须看整页图）
S7f3083ea306e-img-155,S7f3083ea306e,embedded_image,,assets/S7f3083ea306e/embedded/img-155.png,PDF 内嵌位图（矢量线条/组合图形不在此列，须看整页图）
S7f3083ea306e-img-156,S7f3083ea306e,embedded_image,,assets/S7f3083ea306e/embedded/img-156.png,PDF 内嵌位图（矢量线条/组合图形不在此列，须看整页图）
S7f3083ea306e-img-157,S7f3083ea306e,embedded_image,,assets/S7f3083ea306e/embedded/img-157.png,PDF 内嵌位图（矢量线条/组合图形不在此列，须看整页图）
S7f3083ea306e-img-158,S7f3083ea306e,embedded_image,,assets/S7f3083ea306e/embedded/img-158.png,PDF 内嵌位图（矢量线条/组合图形不在此列，须看整页图）
S7f3083ea306e-img-159,S7f3083ea306e,embedded_image,,assets/S7f3083ea306e/embedded/img-159.png,PDF 内嵌位图（矢量线条/组合图形不在此列，须看整页图）
S7f3083ea306e-img-160,S7f3083ea306e,embedded_image,,assets/S7f3083ea306e/embedded/img-160.png,PDF 内嵌位图（矢量线条/组合图形不在此列，须看整页图）
S7f3083ea306e-img-161,S7f3083ea306e,embedded_image,,assets/S7f3083ea306e/embedded/img-161.png,PDF 内嵌位图（矢量线条/组合图形不在此列，须看整页图）
S7f3083ea306e-img-162,S7f3083ea306e,embedded_image,,assets/S7f3083ea306e/embedded/img-162.png,PDF 内嵌位图（矢量线条/组合图形不在此列，须看整页图）
S7f3083ea306e-img-163,S7f3083ea306e,embedded_image,,assets/S7f3083ea306e/embedded/img-163.png,PDF 内嵌位图（矢量线条/组合图形不在此列，须看整页图）
S7f3083ea306e-img-164,S7f3083ea306e,embedded_image,,assets/S7f3083ea306e/embedded/img-164.png,PDF 内嵌位图（矢量线条/组合图形不在此列，须看整页图）
S7f3083ea306e-img-165,S7f3083ea306e,embedded_image,,assets/S7f3083ea306e/embedded/img-165.png,PDF 内嵌位图（矢量线条/组合图形不在此列，须看整页图）
S7f3083ea306e-img-166,S7f3083ea306e,embedded_image,,assets/S7f3083ea306e/embedded/img-166.png,PDF 内嵌位图（矢量线条/组合图形不在此列，须看整页图）
S7f3083ea306e-img-167,S7f3083ea306e,embedded_image,,assets/S7f3083ea306e/embedded/img-167.png,PDF 内嵌位图（矢量线条/组合图形不在此列，须看整页图）
S7f3083ea306e-img-168,S7f3083ea306e,embedded_image,,assets/S7f3083ea306e/embedded/img-168.png,PDF 内嵌位图（矢量线条/组合图形不在此列，须看整页图）
S7f3083ea306e-img-169,S7f3083ea306e,embedded_image,,assets/S7f3083ea306e/embedded/img-169.png,PDF 内嵌位图（矢量线条/组合图形不在此列，须看整页图）
S7f3083ea306e-img-170,S7f3083ea306e,embedded_image,,assets/S7f3083ea306e/embedded/img-170.png,PDF 内嵌位图（矢量线条/组合图形不在此列，须看整页图）
S7f3083ea306e-img-171,S7f3083ea306e,embedded_image,,assets/S7f3083ea306e/embedded/img-171.png,PDF 内嵌位图（矢量线条/组合图形不在此列，须看整页图）
S7f3083ea306e-img-172,S7f3083ea306e,embedded_image,,assets/S7f3083ea306e/embedded/img-172.png,PDF 内嵌位图（矢量线条/组合图形不在此列，须看整页图）
S7f3083ea306e-img-173,S7f3083ea306e,embedded_image,,assets/S7f3083ea306e/embedded/img-173.png,PDF 内嵌位图（矢量线条/组合图形不在此列，须看整页图）
S7f3083ea306e-img-174,S7f3083ea306e,embedded_image,,assets/S7f3083ea306e/embedded/img-174.png,PDF 内嵌位图（矢量线条/组合图形不在此列，须看整页图）
S7f3083ea306e-img-175,S7f3083ea306e,embedded_image,,assets/S7f3083ea306e/embedded/img-175.png,PDF 内嵌位图（矢量线条/组合图形不在此列，须看整页图）
S7f3083ea306e-img-176,S7f3083ea306e,embedded_image,,assets/S7f3083ea306e/embedded/img-176.png,PDF 内嵌位图（矢量线条/组合图形不在此列，须看整页图）
S7f3083ea306e-img-177,S7f3083ea306e,embedded_image,,assets/S7f3083ea306e/embedded/img-177.png,PDF 内嵌位图（矢量线条/组合图形不在此列，须看整页图）
S7f3083ea306e-img-178,S7f3083ea306e,embedded_image,,assets/S7f3083ea306e/embedded/img-178.png,PDF 内嵌位图（矢量线条/组合图形不在此列，须看整页图）
S7f3083ea306e-img-179,S7f3083ea306e,embedded_image,,assets/S7f3083ea306e/embedded/img-179.png,PDF 内嵌位图（矢量线条/组合图形不在此列，须看整页图）
S7f3083ea306e-img-180,S7f3083ea306e,embedded_image,,assets/S7f3083ea306e/embedded/img-180.png,PDF 内嵌位图（矢量线条/组合图形不在此列，须看整页图）
S7f3083ea306e-img-181,S7f3083ea306e,embedded_image,,assets/S7f3083ea306e/embedded/img-181.png,PDF 内嵌位图（矢量线条/组合图形不在此列，须看整页图）
S7f3083ea306e-img-182,S7f3083ea306e,embedded_image,,assets/S7f3083ea306e/embedded/img-182.png,PDF 内嵌位图（矢量线条/组合图形不在此列，须看整页图）
S7f3083ea306e-img-183,S7f3083ea306e,embedded_image,,assets/S7f3083ea306e/embedded/img-183.png,PDF 内嵌位图（矢量线条/组合图形不在此列，须看整页图）
S7f3083ea306e-img-184,S7f3083ea306e,embedded_image,,assets/S7f3083ea306e/embedded/img-184.png,PDF 内嵌位图（矢量线条/组合图形不在此列，须看整页图）
S7f3083ea306e-img-185,S7f3083ea306e,embedded_image,,assets/S7f3083ea306e/embedded/img-185.png,PDF 内嵌位图（矢量线条/组合图形不在此列，须看整页图）
S7f3083ea306e-img-186,S7f3083ea306e,embedded_image,,assets/S7f3083ea306e/embedded/img-186.png,PDF 内嵌位图（矢量线条/组合图形不在此列，须看整页图）
S7f3083ea306e-img-187,S7f3083ea306e,embedded_image,,assets/S7f3083ea306e/embedded/img-187.png,PDF 内嵌位图（矢量线条/组合图形不在此列，须看整页图）
S7f3083ea306e-img-188,S7f3083ea306e,embedded_image,,assets/S7f3083ea306e/embedded/img-188.png,PDF 内嵌位图（矢量线条/组合图形不在此列，须看整页图）
S7f3083ea306e-img-189,S7f3083ea306e,embedded_image,,assets/S7f3083ea306e/embedded/img-189.png,PDF 内嵌位图（矢量线条/组合图形不在此列，须看整页图）
S7f3083ea306e-img-190,S7f3083ea306e,embedded_image,,assets/S7f3083ea306e/embedded/img-190.png,PDF 内嵌位图（矢量线条/组合图形不在此列，须看整页图）
S7f3083ea306e-img-191,S7f3083ea306e,embedded_image,,assets/S7f3083ea306e/embedded/img-191.png,PDF 内嵌位图（矢量线条/组合图形不在此列，须看整页图）
S7f3083ea306e-img-192,S7f3083ea306e,embedded_image,,assets/S7f3083ea306e/embedded/img-192.png,PDF 内嵌位图（矢量线条/组合图形不在此列，须看整页图）
S7f3083ea306e-img-193,S7f3083ea306e,embedded_image,,assets/S7f3083ea306e/embedded/img-193.png,PDF 内嵌位图（矢量线条/组合图形不在此列，须看整页图）
S7f3083ea306e-img-194,S7f3083ea306e,embedded_image,,assets/S7f3083ea306e/embedded/img-194.png,PDF 内嵌位图（矢量线条/组合图形不在此列，须看整页图）
S7f3083ea306e-img-195,S7f3083ea306e,embedded_image,,assets/S7f3083ea306e/embedded/img-195.png,PDF 内嵌位图（矢量线条/组合图形不在此列，须看整页图）
S7f3083ea306e-img-196,S7f3083ea306e,embedded_image,,assets/S7f3083ea306e/embedded/img-196.png,PDF 内嵌位图（矢量线条/组合图形不在此列，须看整页图）
S7f3083ea306e-img-197,S7f3083ea306e,embedded_image,,assets/S7f3083ea306e/embedded/img-197.png,PDF 内嵌位图（矢量线条/组合图形不在此列，须看整页图）
S7f3083ea306e-img-198,S7f3083ea306e,embedded_image,,assets/S7f3083ea306e/embedded/img-198.png,PDF 内嵌位图（矢量线条/组合图形不在此列，须看整页图）
S7f3083ea306e-img-199,S7f3083ea306e,embedded_image,,assets/S7f3083ea306e/embedded/img-199.png,PDF 内嵌位图（矢量线条/组合图形不在此列，须看整页图）
S7f3083ea306e-img-200,S7f3083ea306e,embedded_image,,assets/S7f3083ea306e/embedded/img-200.png,PDF 内嵌位图（矢量线条/组合图形不在此列，须看整页图）
S7f3083ea306e-img-201,S7f3083ea306e,embedded_image,,assets/S7f3083ea306e/embedded/img-201.png,PDF 内嵌位图（矢量线条/组合图形不在此列，须看整页图）
S7f3083ea306e-img-202,S7f3083ea306e,embedded_image,,assets/S7f3083ea306e/embedded/img-202.png,PDF 内嵌位图（矢量线条/组合图形不在此列，须看整页图）
S7f3083ea306e-img-203,S7f3083ea306e,embedded_image,,assets/S7f3083ea306e/embedded/img-203.png,PDF 内嵌位图（矢量线条/组合图形不在此列，须看整页图）
S7f3083ea306e-img-204,S7f3083ea306e,embedded_image,,assets/S7f3083ea306e/embedded/img-204.png,PDF 内嵌位图（矢量线条/组合图形不在此列，须看整页图）
S7f3083ea306e-img-205,S7f3083ea306e,embedded_image,,assets/S7f3083ea306e/embedded/img-205.png,PDF 内嵌位图（矢量线条/组合图形不在此列，须看整页图）
S7f3083ea306e-img-206,S7f3083ea306e,embedded_image,,assets/S7f3083ea306e/embedded/img-206.png,PDF 内嵌位图（矢量线条/组合图形不在此列，须看整页图）
S7f3083ea306e-img-207,S7f3083ea306e,embedded_image,,assets/S7f3083ea306e/embedded/img-207.png,PDF 内嵌位图（矢量线条/组合图形不在此列，须看整页图）
S7f3083ea306e-img-208,S7f3083ea306e,embedded_image,,assets/S7f3083ea306e/embedded/img-208.png,PDF 内嵌位图（矢量线条/组合图形不在此列，须看整页图）
S7f3083ea306e-img-209,S7f3083ea306e,embedded_image,,assets/S7f3083ea306e/embedded/img-209.png,PDF 内嵌位图（矢量线条/组合图形不在此列，须看整页图）
S7f3083ea306e-img-210,S7f3083ea306e,embedded_image,,assets/S7f3083ea306e/embedded/img-210.png,PDF 内嵌位图（矢量线条/组合图形不在此列，须看整页图）
S7f3083ea306e-img-211,S7f3083ea306e,embedded_image,,assets/S7f3083ea306e/embedded/img-211.png,PDF 内嵌位图（矢量线条/组合图形不在此列，须看整页图）
S7f3083ea306e-img-212,S7f3083ea306e,embedded_image,,assets/S7f3083ea306e/embedded/img-212.png,PDF 内嵌位图（矢量线条/组合图形不在此列，须看整页图）
S7f3083ea306e-img-213,S7f3083ea306e,embedded_image,,assets/S7f3083ea306e/embedded/img-213.png,PDF 内嵌位图（矢量线条/组合图形不在此列，须看整页图）
S7f3083ea306e-img-214,S7f3083ea306e,embedded_image,,assets/S7f3083ea306e/embedded/img-214.png,PDF 内嵌位图（矢量线条/组合图形不在此列，须看整页图）
S7f3083ea306e-img-215,S7f3083ea306e,embedded_image,,assets/S7f3083ea306e/embedded/img-215.png,PDF 内嵌位图（矢量线条/组合图形不在此列，须看整页图）
S7f3083ea306e-img-216,S7f3083ea306e,embedded_image,,assets/S7f3083ea306e/embedded/img-216.png,PDF 内嵌位图（矢量线条/组合图形不在此列，须看整页图）
S7f3083ea306e-img-217,S7f3083ea306e,embedded_image,,assets/S7f3083ea306e/embedded/img-217.png,PDF 内嵌位图（矢量线条/组合图形不在此列，须看整页图）
S7f3083ea306e-img-218,S7f3083ea306e,embedded_image,,assets/S7f3083ea306e/embedded/img-218.png,PDF 内嵌位图（矢量线条/组合图形不在此列，须看整页图）
S7f3083ea306e-img-219,S7f3083ea306e,embedded_image,,assets/S7f3083ea306e/embedded/img-219.png,PDF 内嵌位图（矢量线条/组合图形不在此列，须看整页图）
S7f3083ea306e-img-220,S7f3083ea306e,embedded_image,,assets/S7f3083ea306e/embedded/img-220.png,PDF 内嵌位图（矢量线条/组合图形不在此列，须看整页图）
S7f3083ea306e-img-221,S7f3083ea306e,embedded_image,,assets/S7f3083ea306e/embedded/img-221.png,PDF 内嵌位图（矢量线条/组合图形不在此列，须看整页图）
S7f3083ea306e-img-222,S7f3083ea306e,embedded_image,,assets/S7f3083ea306e/embedded/img-222.png,PDF 内嵌位图（矢量线条/组合图形不在此列，须看整页图）
S7f3083ea306e-img-223,S7f3083ea306e,embedded_image,,assets/S7f3083ea306e/embedded/img-223.png,PDF 内嵌位图（矢量线条/组合图形不在此列，须看整页图）
S7f3083ea306e-img-224,S7f3083ea306e,embedded_image,,assets/S7f3083ea306e/embedded/img-224.png,PDF 内嵌位图（矢量线条/组合图形不在此列，须看整页图）
S7f3083ea306e-img-225,S7f3083ea306e,embedded_image,,assets/S7f3083ea306e/embedded/img-225.png,PDF 内嵌位图（矢量线条/组合图形不在此列，须看整页图）
S7f3083ea306e-img-226,S7f3083ea306e,embedded_image,,assets/S7f3083ea306e/embedded/img-226.png,PDF 内嵌位图（矢量线条/组合图形不在此列，须看整页图）
S7f3083ea306e-img-227,S7f3083ea306e,embedded_image,,assets/S7f3083ea306e/embedded/img-227.png,PDF 内嵌位图（矢量线条/组合图形不在此列，须看整页图）
S7f3083ea306e-img-228,S7f3083ea306e,embedded_image,,assets/S7f3083ea306e/embedded/img-228.png,PDF 内嵌位图（矢量线条/组合图形不在此列，须看整页图）
S7f3083ea306e-img-229,S7f3083ea306e,embedded_image,,assets/S7f3083ea306e/embedded/img-229.png,PDF 内嵌位图（矢量线条/组合图形不在此列，须看整页图）
S7f3083ea306e-img-230,S7f3083ea306e,embedded_image,,assets/S7f3083ea306e/embedded/img-230.png,PDF 内嵌位图（矢量线条/组合图形不在此列，须看整页图）
S7f3083ea306e-img-231,S7f3083ea306e,embedded_image,,assets/S7f3083ea306e/embedded/img-231.png,PDF 内嵌位图（矢量线条/组合图形不在此列，须看整页图）
S7f3083ea306e-img-232,S7f3083ea306e,embedded_image,,assets/S7f3083ea306e/embedded/img-232.png,PDF 内嵌位图（矢量线条/组合图形不在此列，须看整页图）
S7f3083ea306e-img-233,S7f3083ea306e,embedded_image,,assets/S7f3083ea306e/embedded/img-233.png,PDF 内嵌位图（矢量线条/组合图形不在此列，须看整页图）
S7f3083ea306e-img-234,S7f3083ea306e,embedded_image,,assets/S7f3083ea306e/embedded/img-234.png,PDF 内嵌位图（矢量线条/组合图形不在此列，须看整页图）
S7f3083ea306e-img-235,S7f3083ea306e,embedded_image,,assets/S7f3083ea306e/embedded/img-235.png,PDF 内嵌位图（矢量线条/组合图形不在此列，须看整页图）
S7f3083ea306e-img-236,S7f3083ea306e,embedded_image,,assets/S7f3083ea306e/embedded/img-236.png,PDF 内嵌位图（矢量线条/组合图形不在此列，须看整页图）
S7f3083ea306e-img-237,S7f3083ea306e,embedded_image,,assets/S7f3083ea306e/embedded/img-237.png,PDF 内嵌位图（矢量线条/组合图形不在此列，须看整页图）
S7f3083ea306e-img-238,S7f3083ea306e,embedded_image,,assets/S7f3083ea306e/embedded/img-238.png,PDF 内嵌位图（矢量线条/组合图形不在此列，须看整页图）
S7f3083ea306e-img-239,S7f3083ea306e,embedded_image,,assets/S7f3083ea306e/embedded/img-239.png,PDF 内嵌位图（矢量线条/组合图形不在此列，须看整页图）
S7f3083ea306e-img-240,S7f3083ea306e,embedded_image,,assets/S7f3083ea306e/embedded/img-240.png,PDF 内嵌位图（矢量线条/组合图形不在此列，须看整页图）
S7f3083ea306e-img-241,S7f3083ea306e,embedded_image,,assets/S7f3083ea306e/embedded/img-241.png,PDF 内嵌位图（矢量线条/组合图形不在此列，须看整页图）
S7f3083ea306e-img-242,S7f3083ea306e,embedded_image,,assets/S7f3083ea306e/embedded/img-242.png,PDF 内嵌位图（矢量线条/组合图形不在此列，须看整页图）
S7f3083ea306e-img-243,S7f3083ea306e,embedded_image,,assets/S7f3083ea306e/embedded/img-243.png,PDF 内嵌位图（矢量线条/组合图形不在此列，须看整页图）
S7f3083ea306e-img-244,S7f3083ea306e,embedded_image,,assets/S7f3083ea306e/embedded/img-244.png,PDF 内嵌位图（矢量线条/组合图形不在此列，须看整页图）
S7f3083ea306e-img-245,S7f3083ea306e,embedded_image,,assets/S7f3083ea306e/embedded/img-245.png,PDF 内嵌位图（矢量线条/组合图形不在此列，须看整页图）
S7f3083ea306e-img-246,S7f3083ea306e,embedded_image,,assets/S7f3083ea306e/embedded/img-246.png,PDF 内嵌位图（矢量线条/组合图形不在此列，须看整页图）
S7f3083ea306e-img-247,S7f3083ea306e,embedded_image,,assets/S7f3083ea306e/embedded/img-247.png,PDF 内嵌位图（矢量线条/组合图形不在此列，须看整页图）
S7f3083ea306e-img-248,S7f3083ea306e,embedded_image,,assets/S7f3083ea306e/embedded/img-248.png,PDF 内嵌位图（矢量线条/组合图形不在此列，须看整页图）
S7f3083ea306e-img-249,S7f3083ea306e,embedded_image,,assets/S7f3083ea306e/embedded/img-249.png,PDF 内嵌位图（矢量线条/组合图形不在此列，须看整页图）
S7f3083ea306e-img-250,S7f3083ea306e,embedded_image,,assets/S7f3083ea306e/embedded/img-250.png,PDF 内嵌位图（矢量线条/组合图形不在此列，须看整页图）
S7f3083ea306e-img-251,S7f3083ea306e,embedded_image,,assets/S7f3083ea306e/embedded/img-251.png,PDF 内嵌位图（矢量线条/组合图形不在此列，须看整页图）
S7f3083ea306e-img-252,S7f3083ea306e,embedded_image,,assets/S7f3083ea306e/embedded/img-252.png,PDF 内嵌位图（矢量线条/组合图形不在此列，须看整页图）
S7f3083ea306e-img-253,S7f3083ea306e,embedded_image,,assets/S7f3083ea306e/embedded/img-253.png,PDF 内嵌位图（矢量线条/组合图形不在此列，须看整页图）
S7f3083ea306e-img-254,S7f3083ea306e,embedded_image,,assets/S7f3083ea306e/embedded/img-254.png,PDF 内嵌位图（矢量线条/组合图形不在此列，须看整页图）
S7f3083ea306e-img-255,S7f3083ea306e,embedded_image,,assets/S7f3083ea306e/embedded/img-255.png,PDF 内嵌位图（矢量线条/组合图形不在此列，须看整页图）
S7f3083ea306e-img-256,S7f3083ea306e,embedded_image,,assets/S7f3083ea306e/embedded/img-256.png,PDF 内嵌位图（矢量线条/组合图形不在此列，须看整页图）
S7f3083ea306e-img-257,S7f3083ea306e,embedded_image,,assets/S7f3083ea306e/embedded/img-257.png,PDF 内嵌位图（矢量线条/组合图形不在此列，须看整页图）
S7f3083ea306e-img-258,S7f3083ea306e,embedded_image,,assets/S7f3083ea306e/embedded/img-258.png,PDF 内嵌位图（矢量线条/组合图形不在此列，须看整页图）
S7f3083ea306e-img-259,S7f3083ea306e,embedded_image,,assets/S7f3083ea306e/embedded/img-259.png,PDF 内嵌位图（矢量线条/组合图形不在此列，须看整页图）
S7f3083ea306e-img-260,S7f3083ea306e,embedded_image,,assets/S7f3083ea306e/embedded/img-260.png,PDF 内嵌位图（矢量线条/组合图形不在此列，须看整页图）
S7f3083ea306e-img-261,S7f3083ea306e,embedded_image,,assets/S7f3083ea306e/embedded/img-261.png,PDF 内嵌位图（矢量线条/组合图形不在此列，须看整页图）
S7f3083ea306e-img-262,S7f3083ea306e,embedded_image,,assets/S7f3083ea306e/embedded/img-262.png,PDF 内嵌位图（矢量线条/组合图形不在此列，须看整页图）
S7f3083ea306e-img-263,S7f3083ea306e,embedded_image,,assets/S7f3083ea306e/embedded/img-263.png,PDF 内嵌位图（矢量线条/组合图形不在此列，须看整页图）
S7f3083ea306e-img-264,S7f3083ea306e,embedded_image,,assets/S7f3083ea306e/embedded/img-264.png,PDF 内嵌位图（矢量线条/组合图形不在此列，须看整页图）
S7f3083ea306e-img-265,S7f3083ea306e,embedded_image,,assets/S7f3083ea306e/embedded/img-265.png,PDF 内嵌位图（矢量线条/组合图形不在此列，须看整页图）
S7f3083ea306e-img-266,S7f3083ea306e,embedded_image,,assets/S7f3083ea306e/embedded/img-266.png,PDF 内嵌位图（矢量线条/组合图形不在此列，须看整页图）
S7f3083ea306e-img-267,S7f3083ea306e,embedded_image,,assets/S7f3083ea306e/embedded/img-267.png,PDF 内嵌位图（矢量线条/组合图形不在此列，须看整页图）
S7f3083ea306e-img-268,S7f3083ea306e,embedded_image,,assets/S7f3083ea306e/embedded/img-268.png,PDF 内嵌位图（矢量线条/组合图形不在此列，须看整页图）
S7f3083ea306e-img-269,S7f3083ea306e,embedded_image,,assets/S7f3083ea306e/embedded/img-269.png,PDF 内嵌位图（矢量线条/组合图形不在此列，须看整页图）
S7f3083ea306e-img-270,S7f3083ea306e,embedded_image,,assets/S7f3083ea306e/embedded/img-270.png,PDF 内嵌位图（矢量线条/组合图形不在此列，须看整页图）
S7f3083ea306e-img-271,S7f3083ea306e,embedded_image,,assets/S7f3083ea306e/embedded/img-271.png,PDF 内嵌位图（矢量线条/组合图形不在此列，须看整页图）
S7f3083ea306e-img-272,S7f3083ea306e,embedded_image,,assets/S7f3083ea306e/embedded/img-272.png,PDF 内嵌位图（矢量线条/组合图形不在此列，须看整页图）
S7f3083ea306e-img-273,S7f3083ea306e,embedded_image,,assets/S7f3083ea306e/embedded/img-273.png,PDF 内嵌位图（矢量线条/组合图形不在此列，须看整页图）
S7f3083ea306e-img-274,S7f3083ea306e,embedded_image,,assets/S7f3083ea306e/embedded/img-274.png,PDF 内嵌位图（矢量线条/组合图形不在此列，须看整页图）
S7f3083ea306e-img-275,S7f3083ea306e,embedded_image,,assets/S7f3083ea306e/embedded/img-275.png,PDF 内嵌位图（矢量线条/组合图形不在此列，须看整页图）
S7f3083ea306e-img-276,S7f3083ea306e,embedded_image,,assets/S7f3083ea306e/embedded/img-276.png,PDF 内嵌位图（矢量线条/组合图形不在此列，须看整页图）
S7f3083ea306e-img-277,S7f3083ea306e,embedded_image,,assets/S7f3083ea306e/embedded/img-277.png,PDF 内嵌位图（矢量线条/组合图形不在此列，须看整页图）
S7f3083ea306e-img-278,S7f3083ea306e,embedded_image,,assets/S7f3083ea306e/embedded/img-278.png,PDF 内嵌位图（矢量线条/组合图形不在此列，须看整页图）
S7f3083ea306e-img-279,S7f3083ea306e,embedded_image,,assets/S7f3083ea306e/embedded/img-279.png,PDF 内嵌位图（矢量线条/组合图形不在此列，须看整页图）
S7f3083ea306e-img-280,S7f3083ea306e,embedded_image,,assets/S7f3083ea306e/embedded/img-280.png,PDF 内嵌位图（矢量线条/组合图形不在此列，须看整页图）
S7f3083ea306e-img-281,S7f3083ea306e,embedded_image,,assets/S7f3083ea306e/embedded/img-281.png,PDF 内嵌位图（矢量线条/组合图形不在此列，须看整页图）
S7f3083ea306e-img-282,S7f3083ea306e,embedded_image,,assets/S7f3083ea306e/embedded/img-282.png,PDF 内嵌位图（矢量线条/组合图形不在此列，须看整页图）
S7f3083ea306e-img-283,S7f3083ea306e,embedded_image,,assets/S7f3083ea306e/embedded/img-283.png,PDF 内嵌位图（矢量线条/组合图形不在此列，须看整页图）
S7f3083ea306e-img-284,S7f3083ea306e,embedded_image,,assets/S7f3083ea306e/embedded/img-284.png,PDF 内嵌位图（矢量线条/组合图形不在此列，须看整页图）
S7f3083ea306e-img-285,S7f3083ea306e,embedded_image,,assets/S7f3083ea306e/embedded/img-285.png,PDF 内嵌位图（矢量线条/组合图形不在此列，须看整页图）
S7f3083ea306e-img-286,S7f3083ea306e,embedded_image,,assets/S7f3083ea306e/embedded/img-286.png,PDF 内嵌位图（矢量线条/组合图形不在此列，须看整页图）
S7f3083ea306e-img-287,S7f3083ea306e,embedded_image,,assets/S7f3083ea306e/embedded/img-287.png,PDF 内嵌位图（矢量线条/组合图形不在此列，须看整页图）
S7f3083ea306e-img-288,S7f3083ea306e,embedded_image,,assets/S7f3083ea306e/embedded/img-288.png,PDF 内嵌位图（矢量线条/组合图形不在此列，须看整页图）
S7f3083ea306e-img-289,S7f3083ea306e,embedded_image,,assets/S7f3083ea306e/embedded/img-289.png,PDF 内嵌位图（矢量线条/组合图形不在此列，须看整页图）
S7f3083ea306e-img-290,S7f3083ea306e,embedded_image,,assets/S7f3083ea306e/embedded/img-290.png,PDF 内嵌位图（矢量线条/组合图形不在此列，须看整页图）
S7f3083ea306e-img-291,S7f3083ea306e,embedded_image,,assets/S7f3083ea306e/embedded/img-291.png,PDF 内嵌位图（矢量线条/组合图形不在此列，须看整页图）
S7f3083ea306e-img-292,S7f3083ea306e,embedded_image,,assets/S7f3083ea306e/embedded/img-292.png,PDF 内嵌位图（矢量线条/组合图形不在此列，须看整页图）
S7f3083ea306e-img-293,S7f3083ea306e,embedded_image,,assets/S7f3083ea306e/embedded/img-293.png,PDF 内嵌位图（矢量线条/组合图形不在此列，须看整页图）
S7f3083ea306e-img-294,S7f3083ea306e,embedded_image,,assets/S7f3083ea306e/embedded/img-294.png,PDF 内嵌位图（矢量线条/组合图形不在此列，须看整页图）
S7f3083ea306e-img-295,S7f3083ea306e,embedded_image,,assets/S7f3083ea306e/embedded/img-295.png,PDF 内嵌位图（矢量线条/组合图形不在此列，须看整页图）
S7f3083ea306e-img-296,S7f3083ea306e,embedded_image,,assets/S7f3083ea306e/embedded/img-296.png,PDF 内嵌位图（矢量线条/组合图形不在此列，须看整页图）
S7f3083ea306e-img-297,S7f3083ea306e,embedded_image,,assets/S7f3083ea306e/embedded/img-297.png,PDF 内嵌位图（矢量线条/组合图形不在此列，须看整页图）
S7f3083ea306e-img-298,S7f3083ea306e,embedded_image,,assets/S7f3083ea306e/embedded/img-298.png,PDF 内嵌位图（矢量线条/组合图形不在此列，须看整页图）
S7f3083ea306e-img-299,S7f3083ea306e,embedded_image,,assets/S7f3083ea306e/embedded/img-299.png,PDF 内嵌位图（矢量线条/组合图形不在此列，须看整页图）
S7f3083ea306e-img-300,S7f3083ea306e,embedded_image,,assets/S7f3083ea306e/embedded/img-300.png,PDF 内嵌位图（矢量线条/组合图形不在此列，须看整页图）
S7f3083ea306e-img-301,S7f3083ea306e,embedded_image,,assets/S7f3083ea306e/embedded/img-301.png,PDF 内嵌位图（矢量线条/组合图形不在此列，须看整页图）
S7f3083ea306e-img-302,S7f3083ea306e,embedded_image,,assets/S7f3083ea306e/embedded/img-302.png,PDF 内嵌位图（矢量线条/组合图形不在此列，须看整页图）
S7f3083ea306e-img-303,S7f3083ea306e,embedded_image,,assets/S7f3083ea306e/embedded/img-303.png,PDF 内嵌位图（矢量线条/组合图形不在此列，须看整页图）
S7f3083ea306e-img-304,S7f3083ea306e,embedded_image,,assets/S7f3083ea306e/embedded/img-304.png,PDF 内嵌位图（矢量线条/组合图形不在此列，须看整页图）
S7f3083ea306e-img-305,S7f3083ea306e,embedded_image,,assets/S7f3083ea306e/embedded/img-305.png,PDF 内嵌位图（矢量线条/组合图形不在此列，须看整页图）
S7f3083ea306e-img-306,S7f3083ea306e,embedded_image,,assets/S7f3083ea306e/embedded/img-306.png,PDF 内嵌位图（矢量线条/组合图形不在此列，须看整页图）
S7f3083ea306e-img-307,S7f3083ea306e,embedded_image,,assets/S7f3083ea306e/embedded/img-307.png,PDF 内嵌位图（矢量线条/组合图形不在此列，须看整页图）
S7f3083ea306e-img-308,S7f3083ea306e,embedded_image,,assets/S7f3083ea306e/embedded/img-308.png,PDF 内嵌位图（矢量线条/组合图形不在此列，须看整页图）
S7f3083ea306e-img-309,S7f3083ea306e,embedded_image,,assets/S7f3083ea306e/embedded/img-309.png,PDF 内嵌位图（矢量线条/组合图形不在此列，须看整页图）
S7f3083ea306e-img-310,S7f3083ea306e,embedded_image,,assets/S7f3083ea306e/embedded/img-310.png,PDF 内嵌位图（矢量线条/组合图形不在此列，须看整页图）
S7f3083ea306e-img-311,S7f3083ea306e,embedded_image,,assets/S7f3083ea306e/embedded/img-311.png,PDF 内嵌位图（矢量线条/组合图形不在此列，须看整页图）
S7f3083ea306e-img-312,S7f3083ea306e,embedded_image,,assets/S7f3083ea306e/embedded/img-312.png,PDF 内嵌位图（矢量线条/组合图形不在此列，须看整页图）
S7f3083ea306e-img-313,S7f3083ea306e,embedded_image,,assets/S7f3083ea306e/embedded/img-313.png,PDF 内嵌位图（矢量线条/组合图形不在此列，须看整页图）
S7f3083ea306e-img-314,S7f3083ea306e,embedded_image,,assets/S7f3083ea306e/embedded/img-314.png,PDF 内嵌位图（矢量线条/组合图形不在此列，须看整页图）
S7f3083ea306e-img-315,S7f3083ea306e,embedded_image,,assets/S7f3083ea306e/embedded/img-315.png,PDF 内嵌位图（矢量线条/组合图形不在此列，须看整页图）
S7f3083ea306e-img-316,S7f3083ea306e,embedded_image,,assets/S7f3083ea306e/embedded/img-316.png,PDF 内嵌位图（矢量线条/组合图形不在此列，须看整页图）
S7f3083ea306e-img-317,S7f3083ea306e,embedded_image,,assets/S7f3083ea306e/embedded/img-317.png,PDF 内嵌位图（矢量线条/组合图形不在此列，须看整页图）
S7f3083ea306e-img-318,S7f3083ea306e,embedded_image,,assets/S7f3083ea306e/embedded/img-318.png,PDF 内嵌位图（矢量线条/组合图形不在此列，须看整页图）
S7f3083ea306e-img-319,S7f3083ea306e,embedded_image,,assets/S7f3083ea306e/embedded/img-319.png,PDF 内嵌位图（矢量线条/组合图形不在此列，须看整页图）
S7f3083ea306e-img-320,S7f3083ea306e,embedded_image,,assets/S7f3083ea306e/embedded/img-320.png,PDF 内嵌位图（矢量线条/组合图形不在此列，须看整页图）
S7f3083ea306e-img-321,S7f3083ea306e,embedded_image,,assets/S7f3083ea306e/embedded/img-321.png,PDF 内嵌位图（矢量线条/组合图形不在此列，须看整页图）
S7f3083ea306e-img-322,S7f3083ea306e,embedded_image,,assets/S7f3083ea306e/embedded/img-322.png,PDF 内嵌位图（矢量线条/组合图形不在此列，须看整页图）
S7f3083ea306e-img-323,S7f3083ea306e,embedded_image,,assets/S7f3083ea306e/embedded/img-323.png,PDF 内嵌位图（矢量线条/组合图形不在此列，须看整页图）
S7f3083ea306e-img-324,S7f3083ea306e,embedded_image,,assets/S7f3083ea306e/embedded/img-324.png,PDF 内嵌位图（矢量线条/组合图形不在此列，须看整页图）
S7f3083ea306e-img-325,S7f3083ea306e,embedded_image,,assets/S7f3083ea306e/embedded/img-325.png,PDF 内嵌位图（矢量线条/组合图形不在此列，须看整页图）
S7f3083ea306e-img-326,S7f3083ea306e,embedded_image,,assets/S7f3083ea306e/embedded/img-326.png,PDF 内嵌位图（矢量线条/组合图形不在此列，须看整页图）
S7f3083ea306e-img-327,S7f3083ea306e,embedded_image,,assets/S7f3083ea306e/embedded/img-327.png,PDF 内嵌位图（矢量线条/组合图形不在此列，须看整页图）
S7f3083ea306e-img-328,S7f3083ea306e,embedded_image,,assets/S7f3083ea306e/embedded/img-328.png,PDF 内嵌位图（矢量线条/组合图形不在此列，须看整页图）
S7f3083ea306e-img-329,S7f3083ea306e,embedded_image,,assets/S7f3083ea306e/embedded/img-329.png,PDF 内嵌位图（矢量线条/组合图形不在此列，须看整页图）
S7f3083ea306e-img-330,S7f3083ea306e,embedded_image,,assets/S7f3083ea306e/embedded/img-330.png,PDF 内嵌位图（矢量线条/组合图形不在此列，须看整页图）
S7f3083ea306e-img-331,S7f3083ea306e,embedded_image,,assets/S7f3083ea306e/embedded/img-331.png,PDF 内嵌位图（矢量线条/组合图形不在此列，须看整页图）
S7f3083ea306e-img-332,S7f3083ea306e,embedded_image,,assets/S7f3083ea306e/embedded/img-332.png,PDF 内嵌位图（矢量线条/组合图形不在此列，须看整页图）
S7f3083ea306e-img-333,S7f3083ea306e,embedded_image,,assets/S7f3083ea306e/embedded/img-333.png,PDF 内嵌位图（矢量线条/组合图形不在此列，须看整页图）
S7f3083ea306e-img-334,S7f3083ea306e,embedded_image,,assets/S7f3083ea306e/embedded/img-334.png,PDF 内嵌位图（矢量线条/组合图形不在此列，须看整页图）
S7f3083ea306e-img-335,S7f3083ea306e,embedded_image,,assets/S7f3083ea306e/embedded/img-335.png,PDF 内嵌位图（矢量线条/组合图形不在此列，须看整页图）
S7f3083ea306e-img-336,S7f3083ea306e,embedded_image,,assets/S7f3083ea306e/embedded/img-336.png,PDF 内嵌位图（矢量线条/组合图形不在此列，须看整页图）
S7f3083ea306e-img-337,S7f3083ea306e,embedded_image,,assets/S7f3083ea306e/embedded/img-337.png,PDF 内嵌位图（矢量线条/组合图形不在此列，须看整页图）
S7f3083ea306e-img-338,S7f3083ea306e,embedded_image,,assets/S7f3083ea306e/embedded/img-338.png,PDF 内嵌位图（矢量线条/组合图形不在此列，须看整页图）
S7f3083ea306e-img-339,S7f3083ea306e,embedded_image,,assets/S7f3083ea306e/embedded/img-339.png,PDF 内嵌位图（矢量线条/组合图形不在此列，须看整页图）
S7f3083ea306e-img-340,S7f3083ea306e,embedded_image,,assets/S7f3083ea306e/embedded/img-340.png,PDF 内嵌位图（矢量线条/组合图形不在此列，须看整页图）
S7f3083ea306e-img-341,S7f3083ea306e,embedded_image,,assets/S7f3083ea306e/embedded/img-341.png,PDF 内嵌位图（矢量线条/组合图形不在此列，须看整页图）
S7f3083ea306e-img-342,S7f3083ea306e,embedded_image,,assets/S7f3083ea306e/embedded/img-342.png,PDF 内嵌位图（矢量线条/组合图形不在此列，须看整页图）
S7f3083ea306e-img-343,S7f3083ea306e,embedded_image,,assets/S7f3083ea306e/embedded/img-343.png,PDF 内嵌位图（矢量线条/组合图形不在此列，须看整页图）
S7f3083ea306e-img-344,S7f3083ea306e,embedded_image,,assets/S7f3083ea306e/embedded/img-344.png,PDF 内嵌位图（矢量线条/组合图形不在此列，须看整页图）
S7f3083ea306e-img-345,S7f3083ea306e,embedded_image,,assets/S7f3083ea306e/embedded/img-345.png,PDF 内嵌位图（矢量线条/组合图形不在此列，须看整页图）
S7f3083ea306e-img-346,S7f3083ea306e,embedded_image,,assets/S7f3083ea306e/embedded/img-346.png,PDF 内嵌位图（矢量线条/组合图形不在此列，须看整页图）
S7f3083ea306e-img-347,S7f3083ea306e,embedded_image,,assets/S7f3083ea306e/embedded/img-347.png,PDF 内嵌位图（矢量线条/组合图形不在此列，须看整页图）
S7f3083ea306e-img-348,S7f3083ea306e,embedded_image,,assets/S7f3083ea306e/embedded/img-348.png,PDF 内嵌位图（矢量线条/组合图形不在此列，须看整页图）
S7f3083ea306e-img-349,S7f3083ea306e,embedded_image,,assets/S7f3083ea306e/embedded/img-349.png,PDF 内嵌位图（矢量线条/组合图形不在此列，须看整页图）
S7f3083ea306e-img-350,S7f3083ea306e,embedded_image,,assets/S7f3083ea306e/embedded/img-350.png,PDF 内嵌位图（矢量线条/组合图形不在此列，须看整页图）
S7f3083ea306e-img-351,S7f3083ea306e,embedded_image,,assets/S7f3083ea306e/embedded/img-351.png,PDF 内嵌位图（矢量线条/组合图形不在此列，须看整页图）
S7f3083ea306e-img-352,S7f3083ea306e,embedded_image,,assets/S7f3083ea306e/embedded/img-352.png,PDF 内嵌位图（矢量线条/组合图形不在此列，须看整页图）
S7f3083ea306e-img-353,S7f3083ea306e,embedded_image,,assets/S7f3083ea306e/embedded/img-353.png,PDF 内嵌位图（矢量线条/组合图形不在此列，须看整页图）
S7f3083ea306e-img-354,S7f3083ea306e,embedded_image,,assets/S7f3083ea306e/embedded/img-354.png,PDF 内嵌位图（矢量线条/组合图形不在此列，须看整页图）
S7f3083ea306e-img-355,S7f3083ea306e,embedded_image,,assets/S7f3083ea306e/embedded/img-355.png,PDF 内嵌位图（矢量线条/组合图形不在此列，须看整页图）
S7f3083ea306e-img-356,S7f3083ea306e,embedded_image,,assets/S7f3083ea306e/embedded/img-356.png,PDF 内嵌位图（矢量线条/组合图形不在此列，须看整页图）
S7f3083ea306e-img-357,S7f3083ea306e,embedded_image,,assets/S7f3083ea306e/embedded/img-357.png,PDF 内嵌位图（矢量线条/组合图形不在此列，须看整页图）
S7f3083ea306e-img-358,S7f3083ea306e,embedded_image,,assets/S7f3083ea306e/embedded/img-358.png,PDF 内嵌位图（矢量线条/组合图形不在此列，须看整页图）
S7f3083ea306e-img-359,S7f3083ea306e,embedded_image,,assets/S7f3083ea306e/embedded/img-359.png,PDF 内嵌位图（矢量线条/组合图形不在此列，须看整页图）
S7f3083ea306e-img-360,S7f3083ea306e,embedded_image,,assets/S7f3083ea306e/embedded/img-360.png,PDF 内嵌位图（矢量线条/组合图形不在此列，须看整页图）
S7f3083ea306e-img-361,S7f3083ea306e,embedded_image,,assets/S7f3083ea306e/embedded/img-361.png,PDF 内嵌位图（矢量线条/组合图形不在此列，须看整页图）
S7f3083ea306e-img-362,S7f3083ea306e,embedded_image,,assets/S7f3083ea306e/embedded/img-362.png,PDF 内嵌位图（矢量线条/组合图形不在此列，须看整页图）
S7f3083ea306e-img-363,S7f3083ea306e,embedded_image,,assets/S7f3083ea306e/embedded/img-363.png,PDF 内嵌位图（矢量线条/组合图形不在此列，须看整页图）
S7f3083ea306e-img-364,S7f3083ea306e,embedded_image,,assets/S7f3083ea306e/embedded/img-364.png,PDF 内嵌位图（矢量线条/组合图形不在此列，须看整页图）
S7f3083ea306e-img-365,S7f3083ea306e,embedded_image,,assets/S7f3083ea306e/embedded/img-365.png,PDF 内嵌位图（矢量线条/组合图形不在此列，须看整页图）
S7f3083ea306e-img-366,S7f3083ea306e,embedded_image,,assets/S7f3083ea306e/embedded/img-366.png,PDF 内嵌位图（矢量线条/组合图形不在此列，须看整页图）
S7f3083ea306e-img-367,S7f3083ea306e,embedded_image,,assets/S7f3083ea306e/embedded/img-367.png,PDF 内嵌位图（矢量线条/组合图形不在此列，须看整页图）
S7f3083ea306e-img-368,S7f3083ea306e,embedded_image,,assets/S7f3083ea306e/embedded/img-368.png,PDF 内嵌位图（矢量线条/组合图形不在此列，须看整页图）
S7f3083ea306e-img-369,S7f3083ea306e,embedded_image,,assets/S7f3083ea306e/embedded/img-369.png,PDF 内嵌位图（矢量线条/组合图形不在此列，须看整页图）
S7f3083ea306e-img-370,S7f3083ea306e,embedded_image,,assets/S7f3083ea306e/embedded/img-370.png,PDF 内嵌位图（矢量线条/组合图形不在此列，须看整页图）
S7f3083ea306e-img-371,S7f3083ea306e,embedded_image,,assets/S7f3083ea306e/embedded/img-371.png,PDF 内嵌位图（矢量线条/组合图形不在此列，须看整页图）
S7f3083ea306e-img-372,S7f3083ea306e,embedded_image,,assets/S7f3083ea306e/embedded/img-372.png,PDF 内嵌位图（矢量线条/组合图形不在此列，须看整页图）
S7f3083ea306e-img-373,S7f3083ea306e,embedded_image,,assets/S7f3083ea306e/embedded/img-373.png,PDF 内嵌位图（矢量线条/组合图形不在此列，须看整页图）
S7f3083ea306e-img-374,S7f3083ea306e,embedded_image,,assets/S7f3083ea306e/embedded/img-374.png,PDF 内嵌位图（矢量线条/组合图形不在此列，须看整页图）
S7f3083ea306e-img-375,S7f3083ea306e,embedded_image,,assets/S7f3083ea306e/embedded/img-375.png,PDF 内嵌位图（矢量线条/组合图形不在此列，须看整页图）
S7f3083ea306e-img-376,S7f3083ea306e,embedded_image,,assets/S7f3083ea306e/embedded/img-376.png,PDF 内嵌位图（矢量线条/组合图形不在此列，须看整页图）
S7f3083ea306e-img-377,S7f3083ea306e,embedded_image,,assets/S7f3083ea306e/embedded/img-377.png,PDF 内嵌位图（矢量线条/组合图形不在此列，须看整页图）
S7f3083ea306e-img-378,S7f3083ea306e,embedded_image,,assets/S7f3083ea306e/embedded/img-378.png,PDF 内嵌位图（矢量线条/组合图形不在此列，须看整页图）
S7f3083ea306e-img-379,S7f3083ea306e,embedded_image,,assets/S7f3083ea306e/embedded/img-379.png,PDF 内嵌位图（矢量线条/组合图形不在此列，须看整页图）
S7f3083ea306e-img-380,S7f3083ea306e,embedded_image,,assets/S7f3083ea306e/embedded/img-380.png,PDF 内嵌位图（矢量线条/组合图形不在此列，须看整页图）
S7f3083ea306e-img-381,S7f3083ea306e,embedded_image,,assets/S7f3083ea306e/embedded/img-381.png,PDF 内嵌位图（矢量线条/组合图形不在此列，须看整页图）
S7f3083ea306e-img-382,S7f3083ea306e,embedded_image,,assets/S7f3083ea306e/embedded/img-382.png,PDF 内嵌位图（矢量线条/组合图形不在此列，须看整页图）
S7f3083ea306e-img-383,S7f3083ea306e,embedded_image,,assets/S7f3083ea306e/embedded/img-383.png,PDF 内嵌位图（矢量线条/组合图形不在此列，须看整页图）
S7f3083ea306e-img-384,S7f3083ea306e,embedded_image,,assets/S7f3083ea306e/embedded/img-384.png,PDF 内嵌位图（矢量线条/组合图形不在此列，须看整页图）
S7f3083ea306e-img-385,S7f3083ea306e,embedded_image,,assets/S7f3083ea306e/embedded/img-385.png,PDF 内嵌位图（矢量线条/组合图形不在此列，须看整页图）
S7f3083ea306e-img-386,S7f3083ea306e,embedded_image,,assets/S7f3083ea306e/embedded/img-386.png,PDF 内嵌位图（矢量线条/组合图形不在此列，须看整页图）
S7f3083ea306e-img-387,S7f3083ea306e,embedded_image,,assets/S7f3083ea306e/embedded/img-387.png,PDF 内嵌位图（矢量线条/组合图形不在此列，须看整页图）
S7f3083ea306e-img-388,S7f3083ea306e,embedded_image,,assets/S7f3083ea306e/embedded/img-388.png,PDF 内嵌位图（矢量线条/组合图形不在此列，须看整页图）
S7f3083ea306e-img-389,S7f3083ea306e,embedded_image,,assets/S7f3083ea306e/embedded/img-389.png,PDF 内嵌位图（矢量线条/组合图形不在此列，须看整页图）
S7f3083ea306e-img-390,S7f3083ea306e,embedded_image,,assets/S7f3083ea306e/embedded/img-390.png,PDF 内嵌位图（矢量线条/组合图形不在此列，须看整页图）
S7f3083ea306e-img-391,S7f3083ea306e,embedded_image,,assets/S7f3083ea306e/embedded/img-391.png,PDF 内嵌位图（矢量线条/组合图形不在此列，须看整页图）
S7f3083ea306e-img-392,S7f3083ea306e,embedded_image,,assets/S7f3083ea306e/embedded/img-392.png,PDF 内嵌位图（矢量线条/组合图形不在此列，须看整页图）
S7f3083ea306e-img-393,S7f3083ea306e,embedded_image,,assets/S7f3083ea306e/embedded/img-393.png,PDF 内嵌位图（矢量线条/组合图形不在此列，须看整页图）
S7f3083ea306e-img-394,S7f3083ea306e,embedded_image,,assets/S7f3083ea306e/embedded/img-394.png,PDF 内嵌位图（矢量线条/组合图形不在此列，须看整页图）
S7f3083ea306e-img-395,S7f3083ea306e,embedded_image,,assets/S7f3083ea306e/embedded/img-395.png,PDF 内嵌位图（矢量线条/组合图形不在此列，须看整页图）
S7f3083ea306e-img-396,S7f3083ea306e,embedded_image,,assets/S7f3083ea306e/embedded/img-396.png,PDF 内嵌位图（矢量线条/组合图形不在此列，须看整页图）
S7f3083ea306e-img-397,S7f3083ea306e,embedded_image,,assets/S7f3083ea306e/embedded/img-397.png,PDF 内嵌位图（矢量线条/组合图形不在此列，须看整页图）
S7f3083ea306e-img-398,S7f3083ea306e,embedded_image,,assets/S7f3083ea306e/embedded/img-398.png,PDF 内嵌位图（矢量线条/组合图形不在此列，须看整页图）
S7f3083ea306e-img-399,S7f3083ea306e,embedded_image,,assets/S7f3083ea306e/embedded/img-399.png,PDF 内嵌位图（矢量线条/组合图形不在此列，须看整页图）
S7f3083ea306e-img-400,S7f3083ea306e,embedded_image,,assets/S7f3083ea306e/embedded/img-400.png,PDF 内嵌位图（矢量线条/组合图形不在此列，须看整页图）
S7f3083ea306e-img-401,S7f3083ea306e,embedded_image,,assets/S7f3083ea306e/embedded/img-401.png,PDF 内嵌位图（矢量线条/组合图形不在此列，须看整页图）
S7f3083ea306e-img-402,S7f3083ea306e,embedded_image,,assets/S7f3083ea306e/embedded/img-402.png,PDF 内嵌位图（矢量线条/组合图形不在此列，须看整页图）
S7f3083ea306e-img-403,S7f3083ea306e,embedded_image,,assets/S7f3083ea306e/embedded/img-403.png,PDF 内嵌位图（矢量线条/组合图形不在此列，须看整页图）
S7f3083ea306e-img-404,S7f3083ea306e,embedded_image,,assets/S7f3083ea306e/embedded/img-404.png,PDF 内嵌位图（矢量线条/组合图形不在此列，须看整页图）
S7f3083ea306e-img-405,S7f3083ea306e,embedded_image,,assets/S7f3083ea306e/embedded/img-405.png,PDF 内嵌位图（矢量线条/组合图形不在此列，须看整页图）
S7f3083ea306e-img-406,S7f3083ea306e,embedded_image,,assets/S7f3083ea306e/embedded/img-406.png,PDF 内嵌位图（矢量线条/组合图形不在此列，须看整页图）
S7f3083ea306e-img-407,S7f3083ea306e,embedded_image,,assets/S7f3083ea306e/embedded/img-407.png,PDF 内嵌位图（矢量线条/组合图形不在此列，须看整页图）
S7f3083ea306e-img-408,S7f3083ea306e,embedded_image,,assets/S7f3083ea306e/embedded/img-408.png,PDF 内嵌位图（矢量线条/组合图形不在此列，须看整页图）
S7f3083ea306e-img-409,S7f3083ea306e,embedded_image,,assets/S7f3083ea306e/embedded/img-409.png,PDF 内嵌位图（矢量线条/组合图形不在此列，须看整页图）
S7f3083ea306e-img-410,S7f3083ea306e,embedded_image,,assets/S7f3083ea306e/embedded/img-410.png,PDF 内嵌位图（矢量线条/组合图形不在此列，须看整页图）
S7f3083ea306e-img-411,S7f3083ea306e,embedded_image,,assets/S7f3083ea306e/embedded/img-411.png,PDF 内嵌位图（矢量线条/组合图形不在此列，须看整页图）
S7f3083ea306e-img-412,S7f3083ea306e,embedded_image,,assets/S7f3083ea306e/embedded/img-412.png,PDF 内嵌位图（矢量线条/组合图形不在此列，须看整页图）
S7f3083ea306e-img-413,S7f3083ea306e,embedded_image,,assets/S7f3083ea306e/embedded/img-413.png,PDF 内嵌位图（矢量线条/组合图形不在此列，须看整页图）
S7f3083ea306e-img-414,S7f3083ea306e,embedded_image,,assets/S7f3083ea306e/embedded/img-414.png,PDF 内嵌位图（矢量线条/组合图形不在此列，须看整页图）
S7f3083ea306e-img-415,S7f3083ea306e,embedded_image,,assets/S7f3083ea306e/embedded/img-415.png,PDF 内嵌位图（矢量线条/组合图形不在此列，须看整页图）
S7f3083ea306e-img-416,S7f3083ea306e,embedded_image,,assets/S7f3083ea306e/embedded/img-416.png,PDF 内嵌位图（矢量线条/组合图形不在此列，须看整页图）
S7f3083ea306e-img-417,S7f3083ea306e,embedded_image,,assets/S7f3083ea306e/embedded/img-417.png,PDF 内嵌位图（矢量线条/组合图形不在此列，须看整页图）
S7f3083ea306e-img-418,S7f3083ea306e,embedded_image,,assets/S7f3083ea306e/embedded/img-418.png,PDF 内嵌位图（矢量线条/组合图形不在此列，须看整页图）
S7f3083ea306e-img-419,S7f3083ea306e,embedded_image,,assets/S7f3083ea306e/embedded/img-419.png,PDF 内嵌位图（矢量线条/组合图形不在此列，须看整页图）
S7f3083ea306e-img-420,S7f3083ea306e,embedded_image,,assets/S7f3083ea306e/embedded/img-420.png,PDF 内嵌位图（矢量线条/组合图形不在此列，须看整页图）
S7f3083ea306e-img-421,S7f3083ea306e,embedded_image,,assets/S7f3083ea306e/embedded/img-421.png,PDF 内嵌位图（矢量线条/组合图形不在此列，须看整页图）
S7f3083ea306e-img-422,S7f3083ea306e,embedded_image,,assets/S7f3083ea306e/embedded/img-422.png,PDF 内嵌位图（矢量线条/组合图形不在此列，须看整页图）
S7f3083ea306e-img-423,S7f3083ea306e,embedded_image,,assets/S7f3083ea306e/embedded/img-423.png,PDF 内嵌位图（矢量线条/组合图形不在此列，须看整页图）
S7f3083ea306e-img-424,S7f3083ea306e,embedded_image,,assets/S7f3083ea306e/embedded/img-424.png,PDF 内嵌位图（矢量线条/组合图形不在此列，须看整页图）
S7f3083ea306e-img-425,S7f3083ea306e,embedded_image,,assets/S7f3083ea306e/embedded/img-425.png,PDF 内嵌位图（矢量线条/组合图形不在此列，须看整页图）
S7f3083ea306e-img-426,S7f3083ea306e,embedded_image,,assets/S7f3083ea306e/embedded/img-426.png,PDF 内嵌位图（矢量线条/组合图形不在此列，须看整页图）
S7f3083ea306e-img-427,S7f3083ea306e,embedded_image,,assets/S7f3083ea306e/embedded/img-427.png,PDF 内嵌位图（矢量线条/组合图形不在此列，须看整页图）
S7f3083ea306e-img-428,S7f3083ea306e,embedded_image,,assets/S7f3083ea306e/embedded/img-428.png,PDF 内嵌位图（矢量线条/组合图形不在此列，须看整页图）
S7f3083ea306e-img-429,S7f3083ea306e,embedded_image,,assets/S7f3083ea306e/embedded/img-429.png,PDF 内嵌位图（矢量线条/组合图形不在此列，须看整页图）
S7f3083ea306e-img-430,S7f3083ea306e,embedded_image,,assets/S7f3083ea306e/embedded/img-430.png,PDF 内嵌位图（矢量线条/组合图形不在此列，须看整页图）
S7f3083ea306e-img-431,S7f3083ea306e,embedded_image,,assets/S7f3083ea306e/embedded/img-431.png,PDF 内嵌位图（矢量线条/组合图形不在此列，须看整页图）
S7f3083ea306e-img-432,S7f3083ea306e,embedded_image,,assets/S7f3083ea306e/embedded/img-432.png,PDF 内嵌位图（矢量线条/组合图形不在此列，须看整页图）
S7f3083ea306e-img-433,S7f3083ea306e,embedded_image,,assets/S7f3083ea306e/embedded/img-433.png,PDF 内嵌位图（矢量线条/组合图形不在此列，须看整页图）
S7f3083ea306e-img-434,S7f3083ea306e,embedded_image,,assets/S7f3083ea306e/embedded/img-434.png,PDF 内嵌位图（矢量线条/组合图形不在此列，须看整页图）
S7f3083ea306e-img-435,S7f3083ea306e,embedded_image,,assets/S7f3083ea306e/embedded/img-435.png,PDF 内嵌位图（矢量线条/组合图形不在此列，须看整页图）
S7f3083ea306e-img-436,S7f3083ea306e,embedded_image,,assets/S7f3083ea306e/embedded/img-436.png,PDF 内嵌位图（矢量线条/组合图形不在此列，须看整页图）
S7f3083ea306e-img-437,S7f3083ea306e,embedded_image,,assets/S7f3083ea306e/embedded/img-437.png,PDF 内嵌位图（矢量线条/组合图形不在此列，须看整页图）
S7f3083ea306e-img-438,S7f3083ea306e,embedded_image,,assets/S7f3083ea306e/embedded/img-438.png,PDF 内嵌位图（矢量线条/组合图形不在此列，须看整页图）
S7f3083ea306e-img-439,S7f3083ea306e,embedded_image,,assets/S7f3083ea306e/embedded/img-439.png,PDF 内嵌位图（矢量线条/组合图形不在此列，须看整页图）
S7f3083ea306e-img-440,S7f3083ea306e,embedded_image,,assets/S7f3083ea306e/embedded/img-440.png,PDF 内嵌位图（矢量线条/组合图形不在此列，须看整页图）
S7f3083ea306e-img-441,S7f3083ea306e,embedded_image,,assets/S7f3083ea306e/embedded/img-441.png,PDF 内嵌位图（矢量线条/组合图形不在此列，须看整页图）
S7f3083ea306e-img-442,S7f3083ea306e,embedded_image,,assets/S7f3083ea306e/embedded/img-442.png,PDF 内嵌位图（矢量线条/组合图形不在此列，须看整页图）
S7f3083ea306e-img-443,S7f3083ea306e,embedded_image,,assets/S7f3083ea306e/embedded/img-443.png,PDF 内嵌位图（矢量线条/组合图形不在此列，须看整页图）
S7f3083ea306e-img-444,S7f3083ea306e,embedded_image,,assets/S7f3083ea306e/embedded/img-444.png,PDF 内嵌位图（矢量线条/组合图形不在此列，须看整页图）
S7f3083ea306e-img-445,S7f3083ea306e,embedded_image,,assets/S7f3083ea306e/embedded/img-445.png,PDF 内嵌位图（矢量线条/组合图形不在此列，须看整页图）
S7f3083ea306e-img-446,S7f3083ea306e,embedded_image,,assets/S7f3083ea306e/embedded/img-446.png,PDF 内嵌位图（矢量线条/组合图形不在此列，须看整页图）
S7f3083ea306e-img-447,S7f3083ea306e,embedded_image,,assets/S7f3083ea306e/embedded/img-447.png,PDF 内嵌位图（矢量线条/组合图形不在此列，须看整页图）
S7f3083ea306e-img-448,S7f3083ea306e,embedded_image,,assets/S7f3083ea306e/embedded/img-448.png,PDF 内嵌位图（矢量线条/组合图形不在此列，须看整页图）
S7f3083ea306e-img-449,S7f3083ea306e,embedded_image,,assets/S7f3083ea306e/embedded/img-449.png,PDF 内嵌位图（矢量线条/组合图形不在此列，须看整页图）
S7f3083ea306e-img-450,S7f3083ea306e,embedded_image,,assets/S7f3083ea306e/embedded/img-450.png,PDF 内嵌位图（矢量线条/组合图形不在此列，须看整页图）
S7f3083ea306e-img-451,S7f3083ea306e,embedded_image,,assets/S7f3083ea306e/embedded/img-451.png,PDF 内嵌位图（矢量线条/组合图形不在此列，须看整页图）
S7f3083ea306e-img-452,S7f3083ea306e,embedded_image,,assets/S7f3083ea306e/embedded/img-452.png,PDF 内嵌位图（矢量线条/组合图形不在此列，须看整页图）
S7f3083ea306e-img-453,S7f3083ea306e,embedded_image,,assets/S7f3083ea306e/embedded/img-453.png,PDF 内嵌位图（矢量线条/组合图形不在此列，须看整页图）
S7f3083ea306e-img-454,S7f3083ea306e,embedded_image,,assets/S7f3083ea306e/embedded/img-454.png,PDF 内嵌位图（矢量线条/组合图形不在此列，须看整页图）
S7f3083ea306e-img-455,S7f3083ea306e,embedded_image,,assets/S7f3083ea306e/embedded/img-455.png,PDF 内嵌位图（矢量线条/组合图形不在此列，须看整页图）
S7f3083ea306e-img-456,S7f3083ea306e,embedded_image,,assets/S7f3083ea306e/embedded/img-456.png,PDF 内嵌位图（矢量线条/组合图形不在此列，须看整页图）
S7f3083ea306e-img-457,S7f3083ea306e,embedded_image,,assets/S7f3083ea306e/embedded/img-457.png,PDF 内嵌位图（矢量线条/组合图形不在此列，须看整页图）
S7f3083ea306e-img-458,S7f3083ea306e,embedded_image,,assets/S7f3083ea306e/embedded/img-458.png,PDF 内嵌位图（矢量线条/组合图形不在此列，须看整页图）
S7f3083ea306e-img-459,S7f3083ea306e,embedded_image,,assets/S7f3083ea306e/embedded/img-459.png,PDF 内嵌位图（矢量线条/组合图形不在此列，须看整页图）
S7f3083ea306e-img-460,S7f3083ea306e,embedded_image,,assets/S7f3083ea306e/embedded/img-460.png,PDF 内嵌位图（矢量线条/组合图形不在此列，须看整页图）
S7f3083ea306e-img-461,S7f3083ea306e,embedded_image,,assets/S7f3083ea306e/embedded/img-461.png,PDF 内嵌位图（矢量线条/组合图形不在此列，须看整页图）
S7f3083ea306e-img-462,S7f3083ea306e,embedded_image,,assets/S7f3083ea306e/embedded/img-462.png,PDF 内嵌位图（矢量线条/组合图形不在此列，须看整页图）
S7f3083ea306e-img-463,S7f3083ea306e,embedded_image,,assets/S7f3083ea306e/embedded/img-463.png,PDF 内嵌位图（矢量线条/组合图形不在此列，须看整页图）
S7f3083ea306e-img-464,S7f3083ea306e,embedded_image,,assets/S7f3083ea306e/embedded/img-464.png,PDF 内嵌位图（矢量线条/组合图形不在此列，须看整页图）
S7f3083ea306e-img-465,S7f3083ea306e,embedded_image,,assets/S7f3083ea306e/embedded/img-465.png,PDF 内嵌位图（矢量线条/组合图形不在此列，须看整页图）
S7f3083ea306e-img-466,S7f3083ea306e,embedded_image,,assets/S7f3083ea306e/embedded/img-466.png,PDF 内嵌位图（矢量线条/组合图形不在此列，须看整页图）
S7f3083ea306e-img-467,S7f3083ea306e,embedded_image,,assets/S7f3083ea306e/embedded/img-467.png,PDF 内嵌位图（矢量线条/组合图形不在此列，须看整页图）
S7f3083ea306e-img-468,S7f3083ea306e,embedded_image,,assets/S7f3083ea306e/embedded/img-468.png,PDF 内嵌位图（矢量线条/组合图形不在此列，须看整页图）
S7f3083ea306e-img-469,S7f3083ea306e,embedded_image,,assets/S7f3083ea306e/embedded/img-469.png,PDF 内嵌位图（矢量线条/组合图形不在此列，须看整页图）
S7f3083ea306e-img-470,S7f3083ea306e,embedded_image,,assets/S7f3083ea306e/embedded/img-470.png,PDF 内嵌位图（矢量线条/组合图形不在此列，须看整页图）
S7f3083ea306e-img-471,S7f3083ea306e,embedded_image,,assets/S7f3083ea306e/embedded/img-471.png,PDF 内嵌位图（矢量线条/组合图形不在此列，须看整页图）
S7f3083ea306e-img-472,S7f3083ea306e,embedded_image,,assets/S7f3083ea306e/embedded/img-472.png,PDF 内嵌位图（矢量线条/组合图形不在此列，须看整页图）
S7f3083ea306e-img-473,S7f3083ea306e,embedded_image,,assets/S7f3083ea306e/embedded/img-473.png,PDF 内嵌位图（矢量线条/组合图形不在此列，须看整页图）
S7f3083ea306e-img-474,S7f3083ea306e,embedded_image,,assets/S7f3083ea306e/embedded/img-474.png,PDF 内嵌位图（矢量线条/组合图形不在此列，须看整页图）
S7f3083ea306e-img-475,S7f3083ea306e,embedded_image,,assets/S7f3083ea306e/embedded/img-475.png,PDF 内嵌位图（矢量线条/组合图形不在此列，须看整页图）
S7f3083ea306e-img-476,S7f3083ea306e,embedded_image,,assets/S7f3083ea306e/embedded/img-476.png,PDF 内嵌位图（矢量线条/组合图形不在此列，须看整页图）
S7f3083ea306e-img-477,S7f3083ea306e,embedded_image,,assets/S7f3083ea306e/embedded/img-477.png,PDF 内嵌位图（矢量线条/组合图形不在此列，须看整页图）
S22c2a9a9dc00-p001,S22c2a9a9dc00,page_render,1,assets/S22c2a9a9dc00/pages/p001.png,含图表/扫描内容的整页图，供显式打开核验
S22c2a9a9dc00-p002,S22c2a9a9dc00,page_render,2,assets/S22c2a9a9dc00/pages/p002.png,含图表/扫描内容的整页图，供显式打开核验
S22c2a9a9dc00-p003,S22c2a9a9dc00,page_render,3,assets/S22c2a9a9dc00/pages/p003.png,含图表/扫描内容的整页图，供显式打开核验
S22c2a9a9dc00-p004,S22c2a9a9dc00,page_render,4,assets/S22c2a9a9dc00/pages/p004.png,含图表/扫描内容的整页图，供显式打开核验
S22c2a9a9dc00-p005,S22c2a9a9dc00,page_render,5,assets/S22c2a9a9dc00/pages/p005.png,含图表/扫描内容的整页图，供显式打开核验
S22c2a9a9dc00-p006,S22c2a9a9dc00,page_render,6,assets/S22c2a9a9dc00/pages/p006.png,含图表/扫描内容的整页图，供显式打开核验
S22c2a9a9dc00-p007,S22c2a9a9dc00,page_render,7,assets/S22c2a9a9dc00/pages/p007.png,含图表/扫描内容的整页图，供显式打开核验
S22c2a9a9dc00-p008,S22c2a9a9dc00,page_render,8,assets/S22c2a9a9dc00/pages/p008.png,含图表/扫描内容的整页图，供显式打开核验
S22c2a9a9dc00-p009,S22c2a9a9dc00,page_render,9,assets/S22c2a9a9dc00/pages/p009.png,含图表/扫描内容的整页图，供显式打开核验
S22c2a9a9dc00-p010,S22c2a9a9dc00,page_render,10,assets/S22c2a9a9dc00/pages/p010.png,含图表/扫描内容的整页图，供显式打开核验
S22c2a9a9dc00-img-000,S22c2a9a9dc00,embedded_image,,assets/S22c2a9a9dc00/embedded/img-000.png,PDF 内嵌位图（矢量线条/组合图形不在此列，须看整页图）
S22c2a9a9dc00-img-001,S22c2a9a9dc00,embedded_image,,assets/S22c2a9a9dc00/embedded/img-001.png,PDF 内嵌位图（矢量线条/组合图形不在此列，须看整页图）
S22c2a9a9dc00-img-002,S22c2a9a9dc00,embedded_image,,assets/S22c2a9a9dc00/embedded/img-002.png,PDF 内嵌位图（矢量线条/组合图形不在此列，须看整页图）
S22c2a9a9dc00-img-003,S22c2a9a9dc00,embedded_image,,assets/S22c2a9a9dc00/embedded/img-003.png,PDF 内嵌位图（矢量线条/组合图形不在此列，须看整页图）
S22c2a9a9dc00-img-004,S22c2a9a9dc00,embedded_image,,assets/S22c2a9a9dc00/embedded/img-004.png,PDF 内嵌位图（矢量线条/组合图形不在此列，须看整页图）
S22c2a9a9dc00-img-005,S22c2a9a9dc00,embedded_image,,assets/S22c2a9a9dc00/embedded/img-005.png,PDF 内嵌位图（矢量线条/组合图形不在此列，须看整页图）
S22c2a9a9dc00-img-006,S22c2a9a9dc00,embedded_image,,assets/S22c2a9a9dc00/embedded/img-006.png,PDF 内嵌位图（矢量线条/组合图形不在此列，须看整页图）
S22c2a9a9dc00-img-007,S22c2a9a9dc00,embedded_image,,assets/S22c2a9a9dc00/embedded/img-007.png,PDF 内嵌位图（矢量线条/组合图形不在此列，须看整页图）
Sd28336f73700-p001,Sd28336f73700,page_render,1,assets/Sd28336f73700/pages/p001.png,含图表/扫描内容的整页图，供显式打开核验
Sd28336f73700-p002,Sd28336f73700,page_render,2,assets/Sd28336f73700/pages/p002.png,含图表/扫描内容的整页图，供显式打开核验
Sd28336f73700-p003,Sd28336f73700,page_render,3,assets/Sd28336f73700/pages/p003.png,含图表/扫描内容的整页图，供显式打开核验
Sd28336f73700-p004,Sd28336f73700,page_render,4,assets/Sd28336f73700/pages/p004.png,含图表/扫描内容的整页图，供显式打开核验
Sd28336f73700-img-000,Sd28336f73700,embedded_image,,assets/Sd28336f73700/embedded/img-000.png,PDF 内嵌位图（矢量线条/组合图形不在此列，须看整页图）
Sd28336f73700-img-001,Sd28336f73700,embedded_image,,assets/Sd28336f73700/embedded/img-001.png,PDF 内嵌位图（矢量线条/组合图形不在此列，须看整页图）
Sd28336f73700-img-002,Sd28336f73700,embedded_image,,assets/Sd28336f73700/embedded/img-002.png,PDF 内嵌位图（矢量线条/组合图形不在此列，须看整页图）
Sd28336f73700-img-003,Sd28336f73700,embedded_image,,assets/Sd28336f73700/embedded/img-003.png,PDF 内嵌位图（矢量线条/组合图形不在此列，须看整页图）
Sd28336f73700-img-004,Sd28336f73700,embedded_image,,assets/Sd28336f73700/embedded/img-004.png,PDF 内嵌位图（矢量线条/组合图形不在此列，须看整页图）
Sd28336f73700-img-005,Sd28336f73700,embedded_image,,assets/Sd28336f73700/embedded/img-005.png,PDF 内嵌位图（矢量线条/组合图形不在此列，须看整页图）
Sd28336f73700-img-006,Sd28336f73700,embedded_image,,assets/Sd28336f73700/embedded/img-006.png,PDF 内嵌位图（矢量线条/组合图形不在此列，须看整页图）
Sd28336f73700-img-007,Sd28336f73700,embedded_image,,assets/Sd28336f73700/embedded/img-007.png,PDF 内嵌位图（矢量线条/组合图形不在此列，须看整页图）
Sd28336f73700-img-008,Sd28336f73700,embedded_image,,assets/Sd28336f73700/embedded/img-008.png,PDF 内嵌位图（矢量线条/组合图形不在此列，须看整页图）
Sd28336f73700-img-009,Sd28336f73700,embedded_image,,assets/Sd28336f73700/embedded/img-009.png,PDF 内嵌位图（矢量线条/组合图形不在此列，须看整页图）
Sd28336f73700-img-010,Sd28336f73700,embedded_image,,assets/Sd28336f73700/embedded/img-010.png,PDF 内嵌位图（矢量线条/组合图形不在此列，须看整页图）
Sd28336f73700-img-011,Sd28336f73700,embedded_image,,assets/Sd28336f73700/embedded/img-011.png,PDF 内嵌位图（矢量线条/组合图形不在此列，须看整页图）
Sd28336f73700-img-012,Sd28336f73700,embedded_image,,assets/Sd28336f73700/embedded/img-012.png,PDF 内嵌位图（矢量线条/组合图形不在此列，须看整页图）
Sd28336f73700-img-013,Sd28336f73700,embedded_image,,assets/Sd28336f73700/embedded/img-013.png,PDF 内嵌位图（矢量线条/组合图形不在此列，须看整页图）
Sd28336f73700-img-014,Sd28336f73700,embedded_image,,assets/Sd28336f73700/embedded/img-014.png,PDF 内嵌位图（矢量线条/组合图形不在此列，须看整页图）
Sd28336f73700-img-015,Sd28336f73700,embedded_image,,assets/Sd28336f73700/embedded/img-015.png,PDF 内嵌位图（矢量线条/组合图形不在此列，须看整页图）
Sd28336f73700-img-016,Sd28336f73700,embedded_image,,assets/Sd28336f73700/embedded/img-016.png,PDF 内嵌位图（矢量线条/组合图形不在此列，须看整页图）
Sd28336f73700-img-017,Sd28336f73700,embedded_image,,assets/Sd28336f73700/embedded/img-017.png,PDF 内嵌位图（矢量线条/组合图形不在此列，须看整页图）
Sd28336f73700-img-018,Sd28336f73700,embedded_image,,assets/Sd28336f73700/embedded/img-018.png,PDF 内嵌位图（矢量线条/组合图形不在此列，须看整页图）
Sd28336f73700-img-019,Sd28336f73700,embedded_image,,assets/Sd28336f73700/embedded/img-019.png,PDF 内嵌位图（矢量线条/组合图形不在此列，须看整页图）
Sd28336f73700-img-020,Sd28336f73700,embedded_image,,assets/Sd28336f73700/embedded/img-020.png,PDF 内嵌位图（矢量线条/组合图形不在此列，须看整页图）
Sd28336f73700-img-021,Sd28336f73700,embedded_image,,assets/Sd28336f73700/embedded/img-021.png,PDF 内嵌位图（矢量线条/组合图形不在此列，须看整页图）
Sd28336f73700-img-022,Sd28336f73700,embedded_image,,assets/Sd28336f73700/embedded/img-022.png,PDF 内嵌位图（矢量线条/组合图形不在此列，须看整页图）
Sd28336f73700-img-023,Sd28336f73700,embedded_image,,assets/Sd28336f73700/embedded/img-023.png,PDF 内嵌位图（矢量线条/组合图形不在此列，须看整页图）
Sd28336f73700-img-024,Sd28336f73700,embedded_image,,assets/Sd28336f73700/embedded/img-024.png,PDF 内嵌位图（矢量线条/组合图形不在此列，须看整页图）
Sd28336f73700-img-025,Sd28336f73700,embedded_image,,assets/Sd28336f73700/embedded/img-025.png,PDF 内嵌位图（矢量线条/组合图形不在此列，须看整页图）
Sd28336f73700-img-026,Sd28336f73700,embedded_image,,assets/Sd28336f73700/embedded/img-026.png,PDF 内嵌位图（矢量线条/组合图形不在此列，须看整页图）
Sd28336f73700-img-027,Sd28336f73700,embedded_image,,assets/Sd28336f73700/embedded/img-027.png,PDF 内嵌位图（矢量线条/组合图形不在此列，须看整页图）
Sd28336f73700-img-028,Sd28336f73700,embedded_image,,assets/Sd28336f73700/embedded/img-028.png,PDF 内嵌位图（矢量线条/组合图形不在此列，须看整页图）
Sd28336f73700-img-029,Sd28336f73700,embedded_image,,assets/Sd28336f73700/embedded/img-029.png,PDF 内嵌位图（矢量线条/组合图形不在此列，须看整页图）
Sd28336f73700-img-030,Sd28336f73700,embedded_image,,assets/Sd28336f73700/embedded/img-030.png,PDF 内嵌位图（矢量线条/组合图形不在此列，须看整页图）
Sd28336f73700-img-031,Sd28336f73700,embedded_image,,assets/Sd28336f73700/embedded/img-031.png,PDF 内嵌位图（矢量线条/组合图形不在此列，须看整页图）
Sd28336f73700-img-032,Sd28336f73700,embedded_image,,assets/Sd28336f73700/embedded/img-032.png,PDF 内嵌位图（矢量线条/组合图形不在此列，须看整页图）
Sd28336f73700-img-033,Sd28336f73700,embedded_image,,assets/Sd28336f73700/embedded/img-033.png,PDF 内嵌位图（矢量线条/组合图形不在此列，须看整页图）
Sd28336f73700-img-034,Sd28336f73700,embedded_image,,assets/Sd28336f73700/embedded/img-034.png,PDF 内嵌位图（矢量线条/组合图形不在此列，须看整页图）
Sd28336f73700-img-035,Sd28336f73700,embedded_image,,assets/Sd28336f73700/embedded/img-035.png,PDF 内嵌位图（矢量线条/组合图形不在此列，须看整页图）
Sd09df25048f5-p001,Sd09df25048f5,page_render,1,assets/Sd09df25048f5/pages/p001.png,含图表/扫描内容的整页图，供显式打开核验
Sd09df25048f5-p003,Sd09df25048f5,page_render,3,assets/Sd09df25048f5/pages/p003.png,含图表/扫描内容的整页图，供显式打开核验
Sd09df25048f5-p004,Sd09df25048f5,page_render,4,assets/Sd09df25048f5/pages/p004.png,含图表/扫描内容的整页图，供显式打开核验
Sd09df25048f5-p005,Sd09df25048f5,page_render,5,assets/Sd09df25048f5/pages/p005.png,含图表/扫描内容的整页图，供显式打开核验
Sd09df25048f5-p006,Sd09df25048f5,page_render,6,assets/Sd09df25048f5/pages/p006.png,含图表/扫描内容的整页图，供显式打开核验
Sd09df25048f5-p007,Sd09df25048f5,page_render,7,assets/Sd09df25048f5/pages/p007.png,含图表/扫描内容的整页图，供显式打开核验
Sd09df25048f5-img-000,Sd09df25048f5,embedded_image,,assets/Sd09df25048f5/embedded/img-000.png,PDF 内嵌位图（矢量线条/组合图形不在此列，须看整页图）
Sd09df25048f5-img-001,Sd09df25048f5,embedded_image,,assets/Sd09df25048f5/embedded/img-001.png,PDF 内嵌位图（矢量线条/组合图形不在此列，须看整页图）
Sd09df25048f5-img-002,Sd09df25048f5,embedded_image,,assets/Sd09df25048f5/embedded/img-002.png,PDF 内嵌位图（矢量线条/组合图形不在此列，须看整页图）
Sd09df25048f5-img-003,Sd09df25048f5,embedded_image,,assets/Sd09df25048f5/embedded/img-003.png,PDF 内嵌位图（矢量线条/组合图形不在此列，须看整页图）
Sd09df25048f5-img-004,Sd09df25048f5,embedded_image,,assets/Sd09df25048f5/embedded/img-004.png,PDF 内嵌位图（矢量线条/组合图形不在此列，须看整页图）
Sd09df25048f5-img-005,Sd09df25048f5,embedded_image,,assets/Sd09df25048f5/embedded/img-005.png,PDF 内嵌位图（矢量线条/组合图形不在此列，须看整页图）
Sd09df25048f5-img-006,Sd09df25048f5,embedded_image,,assets/Sd09df25048f5/embedded/img-006.png,PDF 内嵌位图（矢量线条/组合图形不在此列，须看整页图）
Sd09df25048f5-img-007,Sd09df25048f5,embedded_image,,assets/Sd09df25048f5/embedded/img-007.png,PDF 内嵌位图（矢量线条/组合图形不在此列，须看整页图）
Sd09df25048f5-img-008,Sd09df25048f5,embedded_image,,assets/Sd09df25048f5/embedded/img-008.png,PDF 内嵌位图（矢量线条/组合图形不在此列，须看整页图）
Sd09df25048f5-img-009,Sd09df25048f5,embedded_image,,assets/Sd09df25048f5/embedded/img-009.png,PDF 内嵌位图（矢量线条/组合图形不在此列，须看整页图）
Sbfb92664a987-p002,Sbfb92664a987,page_render,2,assets/Sbfb92664a987/pages/p002.png,含图表/扫描内容的整页图，供显式打开核验
Sbfb92664a987-p003,Sbfb92664a987,page_render,3,assets/Sbfb92664a987/pages/p003.png,含图表/扫描内容的整页图，供显式打开核验
Sbfb92664a987-p004,Sbfb92664a987,page_render,4,assets/Sbfb92664a987/pages/p004.png,含图表/扫描内容的整页图，供显式打开核验
Sbfb92664a987-p005,Sbfb92664a987,page_render,5,assets/Sbfb92664a987/pages/p005.png,含图表/扫描内容的整页图，供显式打开核验
Sbfb92664a987-p006,Sbfb92664a987,page_render,6,assets/Sbfb92664a987/pages/p006.png,含图表/扫描内容的整页图，供显式打开核验
Sbfb92664a987-p007,Sbfb92664a987,page_render,7,assets/Sbfb92664a987/pages/p007.png,含图表/扫描内容的整页图，供显式打开核验
Sbfb92664a987-p008,Sbfb92664a987,page_render,8,assets/Sbfb92664a987/pages/p008.png,含图表/扫描内容的整页图，供显式打开核验
Sbfb92664a987-p009,Sbfb92664a987,page_render,9,assets/Sbfb92664a987/pages/p009.png,含图表/扫描内容的整页图，供显式打开核验
Sbfb92664a987-p010,Sbfb92664a987,page_render,10,assets/Sbfb92664a987/pages/p010.png,含图表/扫描内容的整页图，供显式打开核验
Sbfb92664a987-p011,Sbfb92664a987,page_render,11,assets/Sbfb92664a987/pages/p011.png,含图表/扫描内容的整页图，供显式打开核验
Sbfb92664a987-p012,Sbfb92664a987,page_render,12,assets/Sbfb92664a987/pages/p012.png,含图表/扫描内容的整页图，供显式打开核验
Sbfb92664a987-img-000,Sbfb92664a987,embedded_image,,assets/Sbfb92664a987/embedded/img-000.png,PDF 内嵌位图（矢量线条/组合图形不在此列，须看整页图）
Sbfb92664a987-img-001,Sbfb92664a987,embedded_image,,assets/Sbfb92664a987/embedded/img-001.png,PDF 内嵌位图（矢量线条/组合图形不在此列，须看整页图）
Sbfb92664a987-img-002,Sbfb92664a987,embedded_image,,assets/Sbfb92664a987/embedded/img-002.png,PDF 内嵌位图（矢量线条/组合图形不在此列，须看整页图）
Sbfb92664a987-img-003,Sbfb92664a987,embedded_image,,assets/Sbfb92664a987/embedded/img-003.png,PDF 内嵌位图（矢量线条/组合图形不在此列，须看整页图）
Sbfb92664a987-img-004,Sbfb92664a987,embedded_image,,assets/Sbfb92664a987/embedded/img-004.png,PDF 内嵌位图（矢量线条/组合图形不在此列，须看整页图）
Sbfb92664a987-img-005,Sbfb92664a987,embedded_image,,assets/Sbfb92664a987/embedded/img-005.png,PDF 内嵌位图（矢量线条/组合图形不在此列，须看整页图）
Sbfb92664a987-img-006,Sbfb92664a987,embedded_image,,assets/Sbfb92664a987/embedded/img-006.png,PDF 内嵌位图（矢量线条/组合图形不在此列，须看整页图）
Sbfb92664a987-img-007,Sbfb92664a987,embedded_image,,assets/Sbfb92664a987/embedded/img-007.png,PDF 内嵌位图（矢量线条/组合图形不在此列，须看整页图）
Sbfb92664a987-img-008,Sbfb92664a987,embedded_image,,assets/Sbfb92664a987/embedded/img-008.png,PDF 内嵌位图（矢量线条/组合图形不在此列，须看整页图）
Sbfb92664a987-img-009,Sbfb92664a987,embedded_image,,assets/Sbfb92664a987/embedded/img-009.png,PDF 内嵌位图（矢量线条/组合图形不在此列，须看整页图）
Sbfb92664a987-img-010,Sbfb92664a987,embedded_image,,assets/Sbfb92664a987/embedded/img-010.png,PDF 内嵌位图（矢量线条/组合图形不在此列，须看整页图）
Sbfb92664a987-img-011,Sbfb92664a987,embedded_image,,assets/Sbfb92664a987/embedded/img-011.png,PDF 内嵌位图（矢量线条/组合图形不在此列，须看整页图）
S515af99fb5a8-p001,S515af99fb5a8,page_render,1,assets/S515af99fb5a8/pages/p001.png,含图表/扫描内容的整页图，供显式打开核验
S515af99fb5a8-p002,S515af99fb5a8,page_render,2,assets/S515af99fb5a8/pages/p002.png,含图表/扫描内容的整页图，供显式打开核验
S515af99fb5a8-p003,S515af99fb5a8,page_render,3,assets/S515af99fb5a8/pages/p003.png,含图表/扫描内容的整页图，供显式打开核验
S515af99fb5a8-p004,S515af99fb5a8,page_render,4,assets/S515af99fb5a8/pages/p004.png,含图表/扫描内容的整页图，供显式打开核验
S515af99fb5a8-p005,S515af99fb5a8,page_render,5,assets/S515af99fb5a8/pages/p005.png,含图表/扫描内容的整页图，供显式打开核验
S515af99fb5a8-p006,S515af99fb5a8,page_render,6,assets/S515af99fb5a8/pages/p006.png,含图表/扫描内容的整页图，供显式打开核验
S515af99fb5a8-p007,S515af99fb5a8,page_render,7,assets/S515af99fb5a8/pages/p007.png,含图表/扫描内容的整页图，供显式打开核验
S515af99fb5a8-img-000,S515af99fb5a8,embedded_image,,assets/S515af99fb5a8/embedded/img-000.png,PDF 内嵌位图（矢量线条/组合图形不在此列，须看整页图）
S515af99fb5a8-img-001,S515af99fb5a8,embedded_image,,assets/S515af99fb5a8/embedded/img-001.png,PDF 内嵌位图（矢量线条/组合图形不在此列，须看整页图）
S515af99fb5a8-img-002,S515af99fb5a8,embedded_image,,assets/S515af99fb5a8/embedded/img-002.png,PDF 内嵌位图（矢量线条/组合图形不在此列，须看整页图）
S515af99fb5a8-img-003,S515af99fb5a8,embedded_image,,assets/S515af99fb5a8/embedded/img-003.png,PDF 内嵌位图（矢量线条/组合图形不在此列，须看整页图）
S515af99fb5a8-img-004,S515af99fb5a8,embedded_image,,assets/S515af99fb5a8/embedded/img-004.png,PDF 内嵌位图（矢量线条/组合图形不在此列，须看整页图）
S515af99fb5a8-img-005,S515af99fb5a8,embedded_image,,assets/S515af99fb5a8/embedded/img-005.png,PDF 内嵌位图（矢量线条/组合图形不在此列，须看整页图）
S515af99fb5a8-img-006,S515af99fb5a8,embedded_image,,assets/S515af99fb5a8/embedded/img-006.png,PDF 内嵌位图（矢量线条/组合图形不在此列，须看整页图）
S515af99fb5a8-img-007,S515af99fb5a8,embedded_image,,assets/S515af99fb5a8/embedded/img-007.png,PDF 内嵌位图（矢量线条/组合图形不在此列，须看整页图）
S515af99fb5a8-img-008,S515af99fb5a8,embedded_image,,assets/S515af99fb5a8/embedded/img-008.png,PDF 内嵌位图（矢量线条/组合图形不在此列，须看整页图）
S515af99fb5a8-img-009,S515af99fb5a8,embedded_image,,assets/S515af99fb5a8/embedded/img-009.png,PDF 内嵌位图（矢量线条/组合图形不在此列，须看整页图）
S515af99fb5a8-img-010,S515af99fb5a8,embedded_image,,assets/S515af99fb5a8/embedded/img-010.png,PDF 内嵌位图（矢量线条/组合图形不在此列，须看整页图）
S515af99fb5a8-img-011,S515af99fb5a8,embedded_image,,assets/S515af99fb5a8/embedded/img-011.png,PDF 内嵌位图（矢量线条/组合图形不在此列，须看整页图）
S515af99fb5a8-img-012,S515af99fb5a8,embedded_image,,assets/S515af99fb5a8/embedded/img-012.png,PDF 内嵌位图（矢量线条/组合图形不在此列，须看整页图）
S515af99fb5a8-img-013,S515af99fb5a8,embedded_image,,assets/S515af99fb5a8/embedded/img-013.png,PDF 内嵌位图（矢量线条/组合图形不在此列，须看整页图）
S515af99fb5a8-img-014,S515af99fb5a8,embedded_image,,assets/S515af99fb5a8/embedded/img-014.png,PDF 内嵌位图（矢量线条/组合图形不在此列，须看整页图）
S515af99fb5a8-img-015,S515af99fb5a8,embedded_image,,assets/S515af99fb5a8/embedded/img-015.png,PDF 内嵌位图（矢量线条/组合图形不在此列，须看整页图）
S515af99fb5a8-img-016,S515af99fb5a8,embedded_image,,assets/S515af99fb5a8/embedded/img-016.png,PDF 内嵌位图（矢量线条/组合图形不在此列，须看整页图）
S515af99fb5a8-img-017,S515af99fb5a8,embedded_image,,assets/S515af99fb5a8/embedded/img-017.png,PDF 内嵌位图（矢量线条/组合图形不在此列，须看整页图）
S515af99fb5a8-img-018,S515af99fb5a8,embedded_image,,assets/S515af99fb5a8/embedded/img-018.png,PDF 内嵌位图（矢量线条/组合图形不在此列，须看整页图）
S515af99fb5a8-img-019,S515af99fb5a8,embedded_image,,assets/S515af99fb5a8/embedded/img-019.png,PDF 内嵌位图（矢量线条/组合图形不在此列，须看整页图）
S515af99fb5a8-img-020,S515af99fb5a8,embedded_image,,assets/S515af99fb5a8/embedded/img-020.png,PDF 内嵌位图（矢量线条/组合图形不在此列，须看整页图）
S515af99fb5a8-img-021,S515af99fb5a8,embedded_image,,assets/S515af99fb5a8/embedded/img-021.png,PDF 内嵌位图（矢量线条/组合图形不在此列，须看整页图）
S515af99fb5a8-img-022,S515af99fb5a8,embedded_image,,assets/S515af99fb5a8/embedded/img-022.png,PDF 内嵌位图（矢量线条/组合图形不在此列，须看整页图）
S515af99fb5a8-img-023,S515af99fb5a8,embedded_image,,assets/S515af99fb5a8/embedded/img-023.png,PDF 内嵌位图（矢量线条/组合图形不在此列，须看整页图）
S515af99fb5a8-img-024,S515af99fb5a8,embedded_image,,assets/S515af99fb5a8/embedded/img-024.png,PDF 内嵌位图（矢量线条/组合图形不在此列，须看整页图）
S515af99fb5a8-img-025,S515af99fb5a8,embedded_image,,assets/S515af99fb5a8/embedded/img-025.png,PDF 内嵌位图（矢量线条/组合图形不在此列，须看整页图）
S515af99fb5a8-img-026,S515af99fb5a8,embedded_image,,assets/S515af99fb5a8/embedded/img-026.png,PDF 内嵌位图（矢量线条/组合图形不在此列，须看整页图）
S515af99fb5a8-img-027,S515af99fb5a8,embedded_image,,assets/S515af99fb5a8/embedded/img-027.png,PDF 内嵌位图（矢量线条/组合图形不在此列，须看整页图）
S515af99fb5a8-img-028,S515af99fb5a8,embedded_image,,assets/S515af99fb5a8/embedded/img-028.png,PDF 内嵌位图（矢量线条/组合图形不在此列，须看整页图）
S515af99fb5a8-img-029,S515af99fb5a8,embedded_image,,assets/S515af99fb5a8/embedded/img-029.png,PDF 内嵌位图（矢量线条/组合图形不在此列，须看整页图）
S515af99fb5a8-img-030,S515af99fb5a8,embedded_image,,assets/S515af99fb5a8/embedded/img-030.png,PDF 内嵌位图（矢量线条/组合图形不在此列，须看整页图）
S515af99fb5a8-img-031,S515af99fb5a8,embedded_image,,assets/S515af99fb5a8/embedded/img-031.png,PDF 内嵌位图（矢量线条/组合图形不在此列，须看整页图）
S515af99fb5a8-img-032,S515af99fb5a8,embedded_image,,assets/S515af99fb5a8/embedded/img-032.png,PDF 内嵌位图（矢量线条/组合图形不在此列，须看整页图）
S515af99fb5a8-img-033,S515af99fb5a8,embedded_image,,assets/S515af99fb5a8/embedded/img-033.png,PDF 内嵌位图（矢量线条/组合图形不在此列，须看整页图）
S515af99fb5a8-img-034,S515af99fb5a8,embedded_image,,assets/S515af99fb5a8/embedded/img-034.png,PDF 内嵌位图（矢量线条/组合图形不在此列，须看整页图）
S515af99fb5a8-img-035,S515af99fb5a8,embedded_image,,assets/S515af99fb5a8/embedded/img-035.png,PDF 内嵌位图（矢量线条/组合图形不在此列，须看整页图）
S515af99fb5a8-img-036,S515af99fb5a8,embedded_image,,assets/S515af99fb5a8/embedded/img-036.png,PDF 内嵌位图（矢量线条/组合图形不在此列，须看整页图）
S515af99fb5a8-img-037,S515af99fb5a8,embedded_image,,assets/S515af99fb5a8/embedded/img-037.png,PDF 内嵌位图（矢量线条/组合图形不在此列，须看整页图）
S515af99fb5a8-img-038,S515af99fb5a8,embedded_image,,assets/S515af99fb5a8/embedded/img-038.png,PDF 内嵌位图（矢量线条/组合图形不在此列，须看整页图）
S515af99fb5a8-img-039,S515af99fb5a8,embedded_image,,assets/S515af99fb5a8/embedded/img-039.png,PDF 内嵌位图（矢量线条/组合图形不在此列，须看整页图）
S515af99fb5a8-img-040,S515af99fb5a8,embedded_image,,assets/S515af99fb5a8/embedded/img-040.png,PDF 内嵌位图（矢量线条/组合图形不在此列，须看整页图）
S515af99fb5a8-img-041,S515af99fb5a8,embedded_image,,assets/S515af99fb5a8/embedded/img-041.png,PDF 内嵌位图（矢量线条/组合图形不在此列，须看整页图）
S515af99fb5a8-img-042,S515af99fb5a8,embedded_image,,assets/S515af99fb5a8/embedded/img-042.png,PDF 内嵌位图（矢量线条/组合图形不在此列，须看整页图）
S515af99fb5a8-img-043,S515af99fb5a8,embedded_image,,assets/S515af99fb5a8/embedded/img-043.png,PDF 内嵌位图（矢量线条/组合图形不在此列，须看整页图）
S515af99fb5a8-img-044,S515af99fb5a8,embedded_image,,assets/S515af99fb5a8/embedded/img-044.png,PDF 内嵌位图（矢量线条/组合图形不在此列，须看整页图）
S515af99fb5a8-img-045,S515af99fb5a8,embedded_image,,assets/S515af99fb5a8/embedded/img-045.png,PDF 内嵌位图（矢量线条/组合图形不在此列，须看整页图）
S515af99fb5a8-img-046,S515af99fb5a8,embedded_image,,assets/S515af99fb5a8/embedded/img-046.png,PDF 内嵌位图（矢量线条/组合图形不在此列，须看整页图）
S515af99fb5a8-img-047,S515af99fb5a8,embedded_image,,assets/S515af99fb5a8/embedded/img-047.png,PDF 内嵌位图（矢量线条/组合图形不在此列，须看整页图）
S515af99fb5a8-img-048,S515af99fb5a8,embedded_image,,assets/S515af99fb5a8/embedded/img-048.png,PDF 内嵌位图（矢量线条/组合图形不在此列，须看整页图）
S515af99fb5a8-img-049,S515af99fb5a8,embedded_image,,assets/S515af99fb5a8/embedded/img-049.png,PDF 内嵌位图（矢量线条/组合图形不在此列，须看整页图）
S515af99fb5a8-img-050,S515af99fb5a8,embedded_image,,assets/S515af99fb5a8/embedded/img-050.png,PDF 内嵌位图（矢量线条/组合图形不在此列，须看整页图）
S515af99fb5a8-img-051,S515af99fb5a8,embedded_image,,assets/S515af99fb5a8/embedded/img-051.png,PDF 内嵌位图（矢量线条/组合图形不在此列，须看整页图）
S515af99fb5a8-img-052,S515af99fb5a8,embedded_image,,assets/S515af99fb5a8/embedded/img-052.png,PDF 内嵌位图（矢量线条/组合图形不在此列，须看整页图）
S515af99fb5a8-img-053,S515af99fb5a8,embedded_image,,assets/S515af99fb5a8/embedded/img-053.png,PDF 内嵌位图（矢量线条/组合图形不在此列，须看整页图）
S515af99fb5a8-img-054,S515af99fb5a8,embedded_image,,assets/S515af99fb5a8/embedded/img-054.png,PDF 内嵌位图（矢量线条/组合图形不在此列，须看整页图）
S515af99fb5a8-img-055,S515af99fb5a8,embedded_image,,assets/S515af99fb5a8/embedded/img-055.png,PDF 内嵌位图（矢量线条/组合图形不在此列，须看整页图）
S515af99fb5a8-img-056,S515af99fb5a8,embedded_image,,assets/S515af99fb5a8/embedded/img-056.png,PDF 内嵌位图（矢量线条/组合图形不在此列，须看整页图）
S515af99fb5a8-img-057,S515af99fb5a8,embedded_image,,assets/S515af99fb5a8/embedded/img-057.png,PDF 内嵌位图（矢量线条/组合图形不在此列，须看整页图）
S515af99fb5a8-img-058,S515af99fb5a8,embedded_image,,assets/S515af99fb5a8/embedded/img-058.png,PDF 内嵌位图（矢量线条/组合图形不在此列，须看整页图）
S515af99fb5a8-img-059,S515af99fb5a8,embedded_image,,assets/S515af99fb5a8/embedded/img-059.png,PDF 内嵌位图（矢量线条/组合图形不在此列，须看整页图）
S515af99fb5a8-img-060,S515af99fb5a8,embedded_image,,assets/S515af99fb5a8/embedded/img-060.png,PDF 内嵌位图（矢量线条/组合图形不在此列，须看整页图）
S515af99fb5a8-img-061,S515af99fb5a8,embedded_image,,assets/S515af99fb5a8/embedded/img-061.png,PDF 内嵌位图（矢量线条/组合图形不在此列，须看整页图）
S515af99fb5a8-img-062,S515af99fb5a8,embedded_image,,assets/S515af99fb5a8/embedded/img-062.png,PDF 内嵌位图（矢量线条/组合图形不在此列，须看整页图）
S515af99fb5a8-img-063,S515af99fb5a8,embedded_image,,assets/S515af99fb5a8/embedded/img-063.png,PDF 内嵌位图（矢量线条/组合图形不在此列，须看整页图）
S515af99fb5a8-img-064,S515af99fb5a8,embedded_image,,assets/S515af99fb5a8/embedded/img-064.png,PDF 内嵌位图（矢量线条/组合图形不在此列，须看整页图）
S515af99fb5a8-img-065,S515af99fb5a8,embedded_image,,assets/S515af99fb5a8/embedded/img-065.png,PDF 内嵌位图（矢量线条/组合图形不在此列，须看整页图）
S515af99fb5a8-img-066,S515af99fb5a8,embedded_image,,assets/S515af99fb5a8/embedded/img-066.png,PDF 内嵌位图（矢量线条/组合图形不在此列，须看整页图）
S515af99fb5a8-img-067,S515af99fb5a8,embedded_image,,assets/S515af99fb5a8/embedded/img-067.png,PDF 内嵌位图（矢量线条/组合图形不在此列，须看整页图）
S515af99fb5a8-img-068,S515af99fb5a8,embedded_image,,assets/S515af99fb5a8/embedded/img-068.png,PDF 内嵌位图（矢量线条/组合图形不在此列，须看整页图）
Sb2dd3b8daa4d-p001,Sb2dd3b8daa4d,page_render,1,assets/Sb2dd3b8daa4d/pages/p001.png,含图表/扫描内容的整页图，供显式打开核验
Sb2dd3b8daa4d-p002,Sb2dd3b8daa4d,page_render,2,assets/Sb2dd3b8daa4d/pages/p002.png,含图表/扫描内容的整页图，供显式打开核验
Sb2dd3b8daa4d-p003,Sb2dd3b8daa4d,page_render,3,assets/Sb2dd3b8daa4d/pages/p003.png,含图表/扫描内容的整页图，供显式打开核验
Sb2dd3b8daa4d-p004,Sb2dd3b8daa4d,page_render,4,assets/Sb2dd3b8daa4d/pages/p004.png,含图表/扫描内容的整页图，供显式打开核验
Sb2dd3b8daa4d-p005,Sb2dd3b8daa4d,page_render,5,assets/Sb2dd3b8daa4d/pages/p005.png,含图表/扫描内容的整页图，供显式打开核验
Sb2dd3b8daa4d-p006,Sb2dd3b8daa4d,page_render,6,assets/Sb2dd3b8daa4d/pages/p006.png,含图表/扫描内容的整页图，供显式打开核验
Sb2dd3b8daa4d-p007,Sb2dd3b8daa4d,page_render,7,assets/Sb2dd3b8daa4d/pages/p007.png,含图表/扫描内容的整页图，供显式打开核验
Sb2dd3b8daa4d-p008,Sb2dd3b8daa4d,page_render,8,assets/Sb2dd3b8daa4d/pages/p008.png,含图表/扫描内容的整页图，供显式打开核验
Sb2dd3b8daa4d-p009,Sb2dd3b8daa4d,page_render,9,assets/Sb2dd3b8daa4d/pages/p009.png,含图表/扫描内容的整页图，供显式打开核验
Sb2dd3b8daa4d-p010,Sb2dd3b8daa4d,page_render,10,assets/Sb2dd3b8daa4d/pages/p010.png,含图表/扫描内容的整页图，供显式打开核验
Sb2dd3b8daa4d-p011,Sb2dd3b8daa4d,page_render,11,assets/Sb2dd3b8daa4d/pages/p011.png,含图表/扫描内容的整页图，供显式打开核验
Sb2dd3b8daa4d-p014,Sb2dd3b8daa4d,page_render,14,assets/Sb2dd3b8daa4d/pages/p014.png,含图表/扫描内容的整页图，供显式打开核验
Sb2dd3b8daa4d-p015,Sb2dd3b8daa4d,page_render,15,assets/Sb2dd3b8daa4d/pages/p015.png,含图表/扫描内容的整页图，供显式打开核验
Sb2dd3b8daa4d-p016,Sb2dd3b8daa4d,page_render,16,assets/Sb2dd3b8daa4d/pages/p016.png,含图表/扫描内容的整页图，供显式打开核验
Sb2dd3b8daa4d-p017,Sb2dd3b8daa4d,page_render,17,assets/Sb2dd3b8daa4d/pages/p017.png,含图表/扫描内容的整页图，供显式打开核验
Sb2dd3b8daa4d-p018,Sb2dd3b8daa4d,page_render,18,assets/Sb2dd3b8daa4d/pages/p018.png,含图表/扫描内容的整页图，供显式打开核验
Sb2dd3b8daa4d-p021,Sb2dd3b8daa4d,page_render,21,assets/Sb2dd3b8daa4d/pages/p021.png,含图表/扫描内容的整页图，供显式打开核验
Sb2dd3b8daa4d-p022,Sb2dd3b8daa4d,page_render,22,assets/Sb2dd3b8daa4d/pages/p022.png,含图表/扫描内容的整页图，供显式打开核验
Sb2dd3b8daa4d-img-000,Sb2dd3b8daa4d,embedded_image,,assets/Sb2dd3b8daa4d/embedded/img-000.png,PDF 内嵌位图（矢量线条/组合图形不在此列，须看整页图）
Sb2dd3b8daa4d-img-001,Sb2dd3b8daa4d,embedded_image,,assets/Sb2dd3b8daa4d/embedded/img-001.png,PDF 内嵌位图（矢量线条/组合图形不在此列，须看整页图）
Sb2dd3b8daa4d-img-002,Sb2dd3b8daa4d,embedded_image,,assets/Sb2dd3b8daa4d/embedded/img-002.png,PDF 内嵌位图（矢量线条/组合图形不在此列，须看整页图）
Sb2dd3b8daa4d-img-003,Sb2dd3b8daa4d,embedded_image,,assets/Sb2dd3b8daa4d/embedded/img-003.png,PDF 内嵌位图（矢量线条/组合图形不在此列，须看整页图）
Sb2dd3b8daa4d-img-004,Sb2dd3b8daa4d,embedded_image,,assets/Sb2dd3b8daa4d/embedded/img-004.png,PDF 内嵌位图（矢量线条/组合图形不在此列，须看整页图）
Sb2dd3b8daa4d-img-005,Sb2dd3b8daa4d,embedded_image,,assets/Sb2dd3b8daa4d/embedded/img-005.png,PDF 内嵌位图（矢量线条/组合图形不在此列，须看整页图）
Sb2dd3b8daa4d-img-006,Sb2dd3b8daa4d,embedded_image,,assets/Sb2dd3b8daa4d/embedded/img-006.png,PDF 内嵌位图（矢量线条/组合图形不在此列，须看整页图）
Sb2dd3b8daa4d-img-007,Sb2dd3b8daa4d,embedded_image,,assets/Sb2dd3b8daa4d/embedded/img-007.png,PDF 内嵌位图（矢量线条/组合图形不在此列，须看整页图）
Sb2dd3b8daa4d-img-008,Sb2dd3b8daa4d,embedded_image,,assets/Sb2dd3b8daa4d/embedded/img-008.png,PDF 内嵌位图（矢量线条/组合图形不在此列，须看整页图）
Sb2dd3b8daa4d-img-009,Sb2dd3b8daa4d,embedded_image,,assets/Sb2dd3b8daa4d/embedded/img-009.png,PDF 内嵌位图（矢量线条/组合图形不在此列，须看整页图）
Sb2dd3b8daa4d-img-010,Sb2dd3b8daa4d,embedded_image,,assets/Sb2dd3b8daa4d/embedded/img-010.png,PDF 内嵌位图（矢量线条/组合图形不在此列，须看整页图）
Sb2dd3b8daa4d-img-011,Sb2dd3b8daa4d,embedded_image,,assets/Sb2dd3b8daa4d/embedded/img-011.png,PDF 内嵌位图（矢量线条/组合图形不在此列，须看整页图）
Sb2dd3b8daa4d-img-012,Sb2dd3b8daa4d,embedded_image,,assets/Sb2dd3b8daa4d/embedded/img-012.png,PDF 内嵌位图（矢量线条/组合图形不在此列，须看整页图）
Sb2dd3b8daa4d-img-013,Sb2dd3b8daa4d,embedded_image,,assets/Sb2dd3b8daa4d/embedded/img-013.png,PDF 内嵌位图（矢量线条/组合图形不在此列，须看整页图）
S07b058a51918-p001,S07b058a51918,page_render,1,assets/S07b058a51918/pages/p001.png,含图表/扫描内容的整页图，供显式打开核验
S07b058a51918-p002,S07b058a51918,page_render,2,assets/S07b058a51918/pages/p002.png,含图表/扫描内容的整页图，供显式打开核验
S07b058a51918-p003,S07b058a51918,page_render,3,assets/S07b058a51918/pages/p003.png,含图表/扫描内容的整页图，供显式打开核验
S07b058a51918-p004,S07b058a51918,page_render,4,assets/S07b058a51918/pages/p004.png,含图表/扫描内容的整页图，供显式打开核验
S07b058a51918-p005,S07b058a51918,page_render,5,assets/S07b058a51918/pages/p005.png,含图表/扫描内容的整页图，供显式打开核验
S07b058a51918-p006,S07b058a51918,page_render,6,assets/S07b058a51918/pages/p006.png,含图表/扫描内容的整页图，供显式打开核验
S07b058a51918-p007,S07b058a51918,page_render,7,assets/S07b058a51918/pages/p007.png,含图表/扫描内容的整页图，供显式打开核验
S07b058a51918-img-000,S07b058a51918,embedded_image,,assets/S07b058a51918/embedded/img-000.png,PDF 内嵌位图（矢量线条/组合图形不在此列，须看整页图）
S07b058a51918-img-001,S07b058a51918,embedded_image,,assets/S07b058a51918/embedded/img-001.png,PDF 内嵌位图（矢量线条/组合图形不在此列，须看整页图）
S07b058a51918-img-002,S07b058a51918,embedded_image,,assets/S07b058a51918/embedded/img-002.png,PDF 内嵌位图（矢量线条/组合图形不在此列，须看整页图）
S07b058a51918-img-003,S07b058a51918,embedded_image,,assets/S07b058a51918/embedded/img-003.png,PDF 内嵌位图（矢量线条/组合图形不在此列，须看整页图）
S07b058a51918-img-004,S07b058a51918,embedded_image,,assets/S07b058a51918/embedded/img-004.png,PDF 内嵌位图（矢量线条/组合图形不在此列，须看整页图）
S07b058a51918-img-005,S07b058a51918,embedded_image,,assets/S07b058a51918/embedded/img-005.png,PDF 内嵌位图（矢量线条/组合图形不在此列，须看整页图）
S07b058a51918-img-006,S07b058a51918,embedded_image,,assets/S07b058a51918/embedded/img-006.png,PDF 内嵌位图（矢量线条/组合图形不在此列，须看整页图）
S07b058a51918-img-007,S07b058a51918,embedded_image,,assets/S07b058a51918/embedded/img-007.png,PDF 内嵌位图（矢量线条/组合图形不在此列，须看整页图）
S07b058a51918-img-008,S07b058a51918,embedded_image,,assets/S07b058a51918/embedded/img-008.png,PDF 内嵌位图（矢量线条/组合图形不在此列，须看整页图）
S07b058a51918-img-009,S07b058a51918,embedded_image,,assets/S07b058a51918/embedded/img-009.png,PDF 内嵌位图（矢量线条/组合图形不在此列，须看整页图）
S07b058a51918-img-010,S07b058a51918,embedded_image,,assets/S07b058a51918/embedded/img-010.png,PDF 内嵌位图（矢量线条/组合图形不在此列，须看整页图）
S07b058a51918-img-011,S07b058a51918,embedded_image,,assets/S07b058a51918/embedded/img-011.png,PDF 内嵌位图（矢量线条/组合图形不在此列，须看整页图）
S07b058a51918-img-012,S07b058a51918,embedded_image,,assets/S07b058a51918/embedded/img-012.png,PDF 内嵌位图（矢量线条/组合图形不在此列，须看整页图）
S07b058a51918-img-013,S07b058a51918,embedded_image,,assets/S07b058a51918/embedded/img-013.png,PDF 内嵌位图（矢量线条/组合图形不在此列，须看整页图）
S07b058a51918-img-014,S07b058a51918,embedded_image,,assets/S07b058a51918/embedded/img-014.png,PDF 内嵌位图（矢量线条/组合图形不在此列，须看整页图）
S07b058a51918-img-015,S07b058a51918,embedded_image,,assets/S07b058a51918/embedded/img-015.png,PDF 内嵌位图（矢量线条/组合图形不在此列，须看整页图）
S07b058a51918-img-016,S07b058a51918,embedded_image,,assets/S07b058a51918/embedded/img-016.png,PDF 内嵌位图（矢量线条/组合图形不在此列，须看整页图）
S07b058a51918-img-017,S07b058a51918,embedded_image,,assets/S07b058a51918/embedded/img-017.png,PDF 内嵌位图（矢量线条/组合图形不在此列，须看整页图）
S07b058a51918-img-018,S07b058a51918,embedded_image,,assets/S07b058a51918/embedded/img-018.png,PDF 内嵌位图（矢量线条/组合图形不在此列，须看整页图）
S07b058a51918-img-019,S07b058a51918,embedded_image,,assets/S07b058a51918/embedded/img-019.png,PDF 内嵌位图（矢量线条/组合图形不在此列，须看整页图）
S07b058a51918-img-020,S07b058a51918,embedded_image,,assets/S07b058a51918/embedded/img-020.png,PDF 内嵌位图（矢量线条/组合图形不在此列，须看整页图）
S07b058a51918-img-021,S07b058a51918,embedded_image,,assets/S07b058a51918/embedded/img-021.png,PDF 内嵌位图（矢量线条/组合图形不在此列，须看整页图）
S07b058a51918-img-022,S07b058a51918,embedded_image,,assets/S07b058a51918/embedded/img-022.png,PDF 内嵌位图（矢量线条/组合图形不在此列，须看整页图）
S07b058a51918-img-023,S07b058a51918,embedded_image,,assets/S07b058a51918/embedded/img-023.png,PDF 内嵌位图（矢量线条/组合图形不在此列，须看整页图）
S07b058a51918-img-024,S07b058a51918,embedded_image,,assets/S07b058a51918/embedded/img-024.png,PDF 内嵌位图（矢量线条/组合图形不在此列，须看整页图）
S07b058a51918-img-025,S07b058a51918,embedded_image,,assets/S07b058a51918/embedded/img-025.png,PDF 内嵌位图（矢量线条/组合图形不在此列，须看整页图）
S07b058a51918-img-026,S07b058a51918,embedded_image,,assets/S07b058a51918/embedded/img-026.png,PDF 内嵌位图（矢量线条/组合图形不在此列，须看整页图）
S07b058a51918-img-027,S07b058a51918,embedded_image,,assets/S07b058a51918/embedded/img-027.png,PDF 内嵌位图（矢量线条/组合图形不在此列，须看整页图）
S07b058a51918-img-028,S07b058a51918,embedded_image,,assets/S07b058a51918/embedded/img-028.png,PDF 内嵌位图（矢量线条/组合图形不在此列，须看整页图）
S07b058a51918-img-029,S07b058a51918,embedded_image,,assets/S07b058a51918/embedded/img-029.png,PDF 内嵌位图（矢量线条/组合图形不在此列，须看整页图）
S07b058a51918-img-030,S07b058a51918,embedded_image,,assets/S07b058a51918/embedded/img-030.png,PDF 内嵌位图（矢量线条/组合图形不在此列，须看整页图）
S07b058a51918-img-031,S07b058a51918,embedded_image,,assets/S07b058a51918/embedded/img-031.png,PDF 内嵌位图（矢量线条/组合图形不在此列，须看整页图）
S07b058a51918-img-032,S07b058a51918,embedded_image,,assets/S07b058a51918/embedded/img-032.png,PDF 内嵌位图（矢量线条/组合图形不在此列，须看整页图）
S07b058a51918-img-033,S07b058a51918,embedded_image,,assets/S07b058a51918/embedded/img-033.png,PDF 内嵌位图（矢量线条/组合图形不在此列，须看整页图）
S07b058a51918-img-034,S07b058a51918,embedded_image,,assets/S07b058a51918/embedded/img-034.png,PDF 内嵌位图（矢量线条/组合图形不在此列，须看整页图）
S07b058a51918-img-035,S07b058a51918,embedded_image,,assets/S07b058a51918/embedded/img-035.png,PDF 内嵌位图（矢量线条/组合图形不在此列，须看整页图）
S07b058a51918-img-036,S07b058a51918,embedded_image,,assets/S07b058a51918/embedded/img-036.png,PDF 内嵌位图（矢量线条/组合图形不在此列，须看整页图）
S07b058a51918-img-037,S07b058a51918,embedded_image,,assets/S07b058a51918/embedded/img-037.png,PDF 内嵌位图（矢量线条/组合图形不在此列，须看整页图）
S07b058a51918-img-038,S07b058a51918,embedded_image,,assets/S07b058a51918/embedded/img-038.png,PDF 内嵌位图（矢量线条/组合图形不在此列，须看整页图）
S07b058a51918-img-039,S07b058a51918,embedded_image,,assets/S07b058a51918/embedded/img-039.png,PDF 内嵌位图（矢量线条/组合图形不在此列，须看整页图）
S07b058a51918-img-040,S07b058a51918,embedded_image,,assets/S07b058a51918/embedded/img-040.png,PDF 内嵌位图（矢量线条/组合图形不在此列，须看整页图）
S07b058a51918-img-041,S07b058a51918,embedded_image,,assets/S07b058a51918/embedded/img-041.png,PDF 内嵌位图（矢量线条/组合图形不在此列，须看整页图）
S07b058a51918-img-042,S07b058a51918,embedded_image,,assets/S07b058a51918/embedded/img-042.png,PDF 内嵌位图（矢量线条/组合图形不在此列，须看整页图）
S07b058a51918-img-043,S07b058a51918,embedded_image,,assets/S07b058a51918/embedded/img-043.png,PDF 内嵌位图（矢量线条/组合图形不在此列，须看整页图）
S07b058a51918-img-044,S07b058a51918,embedded_image,,assets/S07b058a51918/embedded/img-044.png,PDF 内嵌位图（矢量线条/组合图形不在此列，须看整页图）
S07b058a51918-img-045,S07b058a51918,embedded_image,,assets/S07b058a51918/embedded/img-045.png,PDF 内嵌位图（矢量线条/组合图形不在此列，须看整页图）
S07b058a51918-img-046,S07b058a51918,embedded_image,,assets/S07b058a51918/embedded/img-046.png,PDF 内嵌位图（矢量线条/组合图形不在此列，须看整页图）
S07b058a51918-img-047,S07b058a51918,embedded_image,,assets/S07b058a51918/embedded/img-047.png,PDF 内嵌位图（矢量线条/组合图形不在此列，须看整页图）
S07b058a51918-img-048,S07b058a51918,embedded_image,,assets/S07b058a51918/embedded/img-048.png,PDF 内嵌位图（矢量线条/组合图形不在此列，须看整页图）
S07b058a51918-img-049,S07b058a51918,embedded_image,,assets/S07b058a51918/embedded/img-049.png,PDF 内嵌位图（矢量线条/组合图形不在此列，须看整页图）
S07b058a51918-img-050,S07b058a51918,embedded_image,,assets/S07b058a51918/embedded/img-050.png,PDF 内嵌位图（矢量线条/组合图形不在此列，须看整页图）
S07b058a51918-img-051,S07b058a51918,embedded_image,,assets/S07b058a51918/embedded/img-051.png,PDF 内嵌位图（矢量线条/组合图形不在此列，须看整页图）
S07b058a51918-img-052,S07b058a51918,embedded_image,,assets/S07b058a51918/embedded/img-052.png,PDF 内嵌位图（矢量线条/组合图形不在此列，须看整页图）
S07b058a51918-img-053,S07b058a51918,embedded_image,,assets/S07b058a51918/embedded/img-053.png,PDF 内嵌位图（矢量线条/组合图形不在此列，须看整页图）
S07b058a51918-img-054,S07b058a51918,embedded_image,,assets/S07b058a51918/embedded/img-054.png,PDF 内嵌位图（矢量线条/组合图形不在此列，须看整页图）
S07b058a51918-img-055,S07b058a51918,embedded_image,,assets/S07b058a51918/embedded/img-055.png,PDF 内嵌位图（矢量线条/组合图形不在此列，须看整页图）
S07b058a51918-img-056,S07b058a51918,embedded_image,,assets/S07b058a51918/embedded/img-056.png,PDF 内嵌位图（矢量线条/组合图形不在此列，须看整页图）
S07b058a51918-img-057,S07b058a51918,embedded_image,,assets/S07b058a51918/embedded/img-057.png,PDF 内嵌位图（矢量线条/组合图形不在此列，须看整页图）
S07b058a51918-img-058,S07b058a51918,embedded_image,,assets/S07b058a51918/embedded/img-058.png,PDF 内嵌位图（矢量线条/组合图形不在此列，须看整页图）
S07b058a51918-img-059,S07b058a51918,embedded_image,,assets/S07b058a51918/embedded/img-059.png,PDF 内嵌位图（矢量线条/组合图形不在此列，须看整页图）
S07b058a51918-img-060,S07b058a51918,embedded_image,,assets/S07b058a51918/embedded/img-060.png,PDF 内嵌位图（矢量线条/组合图形不在此列，须看整页图）
S07b058a51918-img-061,S07b058a51918,embedded_image,,assets/S07b058a51918/embedded/img-061.png,PDF 内嵌位图（矢量线条/组合图形不在此列，须看整页图）
S07b058a51918-img-062,S07b058a51918,embedded_image,,assets/S07b058a51918/embedded/img-062.png,PDF 内嵌位图（矢量线条/组合图形不在此列，须看整页图）
S07b058a51918-img-063,S07b058a51918,embedded_image,,assets/S07b058a51918/embedded/img-063.png,PDF 内嵌位图（矢量线条/组合图形不在此列，须看整页图）
S07b058a51918-img-064,S07b058a51918,embedded_image,,assets/S07b058a51918/embedded/img-064.png,PDF 内嵌位图（矢量线条/组合图形不在此列，须看整页图）
Sa304fc30e2f4-p001,Sa304fc30e2f4,page_render,1,assets/Sa304fc30e2f4/pages/p001.png,含图表/扫描内容的整页图，供显式打开核验
Sa304fc30e2f4-p002,Sa304fc30e2f4,page_render,2,assets/Sa304fc30e2f4/pages/p002.png,含图表/扫描内容的整页图，供显式打开核验
Sa304fc30e2f4-img-000,Sa304fc30e2f4,embedded_image,,assets/Sa304fc30e2f4/embedded/img-000.png,PDF 内嵌位图（矢量线条/组合图形不在此列，须看整页图）
Sa304fc30e2f4-img-001,Sa304fc30e2f4,embedded_image,,assets/Sa304fc30e2f4/embedded/img-001.png,PDF 内嵌位图（矢量线条/组合图形不在此列，须看整页图）
Sa304fc30e2f4-img-002,Sa304fc30e2f4,embedded_image,,assets/Sa304fc30e2f4/embedded/img-002.png,PDF 内嵌位图（矢量线条/组合图形不在此列，须看整页图）
Sa304fc30e2f4-img-003,Sa304fc30e2f4,embedded_image,,assets/Sa304fc30e2f4/embedded/img-003.png,PDF 内嵌位图（矢量线条/组合图形不在此列，须看整页图）
Sa304fc30e2f4-img-004,Sa304fc30e2f4,embedded_image,,assets/Sa304fc30e2f4/embedded/img-004.png,PDF 内嵌位图（矢量线条/组合图形不在此列，须看整页图）
Sa304fc30e2f4-img-005,Sa304fc30e2f4,embedded_image,,assets/Sa304fc30e2f4/embedded/img-005.png,PDF 内嵌位图（矢量线条/组合图形不在此列，须看整页图）
Sa304fc30e2f4-img-006,Sa304fc30e2f4,embedded_image,,assets/Sa304fc30e2f4/embedded/img-006.png,PDF 内嵌位图（矢量线条/组合图形不在此列，须看整页图）
Sa304fc30e2f4-img-007,Sa304fc30e2f4,embedded_image,,assets/Sa304fc30e2f4/embedded/img-007.png,PDF 内嵌位图（矢量线条/组合图形不在此列，须看整页图）
Sa304fc30e2f4-img-008,Sa304fc30e2f4,embedded_image,,assets/Sa304fc30e2f4/embedded/img-008.png,PDF 内嵌位图（矢量线条/组合图形不在此列，须看整页图）
Sa304fc30e2f4-img-009,Sa304fc30e2f4,embedded_image,,assets/Sa304fc30e2f4/embedded/img-009.png,PDF 内嵌位图（矢量线条/组合图形不在此列，须看整页图）
Sa304fc30e2f4-img-010,Sa304fc30e2f4,embedded_image,,assets/Sa304fc30e2f4/embedded/img-010.png,PDF 内嵌位图（矢量线条/组合图形不在此列，须看整页图）
Sa304fc30e2f4-img-011,Sa304fc30e2f4,embedded_image,,assets/Sa304fc30e2f4/embedded/img-011.png,PDF 内嵌位图（矢量线条/组合图形不在此列，须看整页图）
Sa304fc30e2f4-img-012,Sa304fc30e2f4,embedded_image,,assets/Sa304fc30e2f4/embedded/img-012.png,PDF 内嵌位图（矢量线条/组合图形不在此列，须看整页图）
Sa304fc30e2f4-img-013,Sa304fc30e2f4,embedded_image,,assets/Sa304fc30e2f4/embedded/img-013.png,PDF 内嵌位图（矢量线条/组合图形不在此列，须看整页图）
Sa304fc30e2f4-img-014,Sa304fc30e2f4,embedded_image,,assets/Sa304fc30e2f4/embedded/img-014.png,PDF 内嵌位图（矢量线条/组合图形不在此列，须看整页图）
Sa304fc30e2f4-img-015,Sa304fc30e2f4,embedded_image,,assets/Sa304fc30e2f4/embedded/img-015.png,PDF 内嵌位图（矢量线条/组合图形不在此列，须看整页图）
Sa304fc30e2f4-img-016,Sa304fc30e2f4,embedded_image,,assets/Sa304fc30e2f4/embedded/img-016.png,PDF 内嵌位图（矢量线条/组合图形不在此列，须看整页图）
Sa304fc30e2f4-img-017,Sa304fc30e2f4,embedded_image,,assets/Sa304fc30e2f4/embedded/img-017.png,PDF 内嵌位图（矢量线条/组合图形不在此列，须看整页图）
Sef033508bb10-p001,Sef033508bb10,page_render,1,assets/Sef033508bb10/pages/p001.png,含图表/扫描内容的整页图，供显式打开核验
Sef033508bb10-img-000,Sef033508bb10,embedded_image,,assets/Sef033508bb10/embedded/img-000.png,PDF 内嵌位图（矢量线条/组合图形不在此列，须看整页图）
Sef033508bb10-img-001,Sef033508bb10,embedded_image,,assets/Sef033508bb10/embedded/img-001.png,PDF 内嵌位图（矢量线条/组合图形不在此列，须看整页图）
Sef033508bb10-img-002,Sef033508bb10,embedded_image,,assets/Sef033508bb10/embedded/img-002.png,PDF 内嵌位图（矢量线条/组合图形不在此列，须看整页图）
Sef033508bb10-img-003,Sef033508bb10,embedded_image,,assets/Sef033508bb10/embedded/img-003.png,PDF 内嵌位图（矢量线条/组合图形不在此列，须看整页图）
Sef033508bb10-img-004,Sef033508bb10,embedded_image,,assets/Sef033508bb10/embedded/img-004.png,PDF 内嵌位图（矢量线条/组合图形不在此列，须看整页图）
Sef033508bb10-img-005,Sef033508bb10,embedded_image,,assets/Sef033508bb10/embedded/img-005.png,PDF 内嵌位图（矢量线条/组合图形不在此列，须看整页图）
Sef033508bb10-img-006,Sef033508bb10,embedded_image,,assets/Sef033508bb10/embedded/img-006.png,PDF 内嵌位图（矢量线条/组合图形不在此列，须看整页图）
Sef033508bb10-img-007,Sef033508bb10,embedded_image,,assets/Sef033508bb10/embedded/img-007.png,PDF 内嵌位图（矢量线条/组合图形不在此列，须看整页图）
Sef033508bb10-img-008,Sef033508bb10,embedded_image,,assets/Sef033508bb10/embedded/img-008.png,PDF 内嵌位图（矢量线条/组合图形不在此列，须看整页图）
S55e70d4fcebb-p001,S55e70d4fcebb,page_render,1,assets/S55e70d4fcebb/pages/p001.png,含图表/扫描内容的整页图，供显式打开核验
S55e70d4fcebb-img-000,S55e70d4fcebb,embedded_image,,assets/S55e70d4fcebb/embedded/img-000.png,PDF 内嵌位图（矢量线条/组合图形不在此列，须看整页图）
S55e70d4fcebb-img-001,S55e70d4fcebb,embedded_image,,assets/S55e70d4fcebb/embedded/img-001.png,PDF 内嵌位图（矢量线条/组合图形不在此列，须看整页图）
S55e70d4fcebb-img-002,S55e70d4fcebb,embedded_image,,assets/S55e70d4fcebb/embedded/img-002.png,PDF 内嵌位图（矢量线条/组合图形不在此列，须看整页图）
S55e70d4fcebb-img-003,S55e70d4fcebb,embedded_image,,assets/S55e70d4fcebb/embedded/img-003.png,PDF 内嵌位图（矢量线条/组合图形不在此列，须看整页图）
S55e70d4fcebb-img-004,S55e70d4fcebb,embedded_image,,assets/S55e70d4fcebb/embedded/img-004.png,PDF 内嵌位图（矢量线条/组合图形不在此列，须看整页图）
S55e70d4fcebb-img-005,S55e70d4fcebb,embedded_image,,assets/S55e70d4fcebb/embedded/img-005.png,PDF 内嵌位图（矢量线条/组合图形不在此列，须看整页图）
S55e70d4fcebb-img-006,S55e70d4fcebb,embedded_image,,assets/S55e70d4fcebb/embedded/img-006.png,PDF 内嵌位图（矢量线条/组合图形不在此列，须看整页图）
S55e70d4fcebb-img-007,S55e70d4fcebb,embedded_image,,assets/S55e70d4fcebb/embedded/img-007.png,PDF 内嵌位图（矢量线条/组合图形不在此列，须看整页图）
S55e70d4fcebb-img-008,S55e70d4fcebb,embedded_image,,assets/S55e70d4fcebb/embedded/img-008.png,PDF 内嵌位图（矢量线条/组合图形不在此列，须看整页图）
S1317ff2d3699-p001,S1317ff2d3699,page_render,1,assets/S1317ff2d3699/pages/p001.png,含图表/扫描内容的整页图，供显式打开核验
S1317ff2d3699-img-000,S1317ff2d3699,embedded_image,,assets/S1317ff2d3699/embedded/img-000.png,PDF 内嵌位图（矢量线条/组合图形不在此列，须看整页图）
S1317ff2d3699-img-001,S1317ff2d3699,embedded_image,,assets/S1317ff2d3699/embedded/img-001.png,PDF 内嵌位图（矢量线条/组合图形不在此列，须看整页图）
S1317ff2d3699-img-002,S1317ff2d3699,embedded_image,,assets/S1317ff2d3699/embedded/img-002.png,PDF 内嵌位图（矢量线条/组合图形不在此列，须看整页图）
S1317ff2d3699-img-003,S1317ff2d3699,embedded_image,,assets/S1317ff2d3699/embedded/img-003.png,PDF 内嵌位图（矢量线条/组合图形不在此列，须看整页图）
S1317ff2d3699-img-004,S1317ff2d3699,embedded_image,,assets/S1317ff2d3699/embedded/img-004.png,PDF 内嵌位图（矢量线条/组合图形不在此列，须看整页图）
S1317ff2d3699-img-005,S1317ff2d3699,embedded_image,,assets/S1317ff2d3699/embedded/img-005.png,PDF 内嵌位图（矢量线条/组合图形不在此列，须看整页图）
S1317ff2d3699-img-006,S1317ff2d3699,embedded_image,,assets/S1317ff2d3699/embedded/img-006.png,PDF 内嵌位图（矢量线条/组合图形不在此列，须看整页图）
S1317ff2d3699-img-007,S1317ff2d3699,embedded_image,,assets/S1317ff2d3699/embedded/img-007.png,PDF 内嵌位图（矢量线条/组合图形不在此列，须看整页图）
S1317ff2d3699-img-008,S1317ff2d3699,embedded_image,,assets/S1317ff2d3699/embedded/img-008.png,PDF 内嵌位图（矢量线条/组合图形不在此列，须看整页图）
S32dd066eb95c-p001,S32dd066eb95c,page_render,1,assets/S32dd066eb95c/pages/p001.png,含图表/扫描内容的整页图，供显式打开核验
S32dd066eb95c-img-000,S32dd066eb95c,embedded_image,,assets/S32dd066eb95c/embedded/img-000.png,PDF 内嵌位图（矢量线条/组合图形不在此列，须看整页图）
S32dd066eb95c-img-001,S32dd066eb95c,embedded_image,,assets/S32dd066eb95c/embedded/img-001.png,PDF 内嵌位图（矢量线条/组合图形不在此列，须看整页图）
S32dd066eb95c-img-002,S32dd066eb95c,embedded_image,,assets/S32dd066eb95c/embedded/img-002.png,PDF 内嵌位图（矢量线条/组合图形不在此列，须看整页图）
S32dd066eb95c-img-003,S32dd066eb95c,embedded_image,,assets/S32dd066eb95c/embedded/img-003.png,PDF 内嵌位图（矢量线条/组合图形不在此列，须看整页图）
S32dd066eb95c-img-004,S32dd066eb95c,embedded_image,,assets/S32dd066eb95c/embedded/img-004.png,PDF 内嵌位图（矢量线条/组合图形不在此列，须看整页图）
S32dd066eb95c-img-005,S32dd066eb95c,embedded_image,,assets/S32dd066eb95c/embedded/img-005.png,PDF 内嵌位图（矢量线条/组合图形不在此列，须看整页图）
S32dd066eb95c-img-006,S32dd066eb95c,embedded_image,,assets/S32dd066eb95c/embedded/img-006.png,PDF 内嵌位图（矢量线条/组合图形不在此列，须看整页图）
S32dd066eb95c-img-007,S32dd066eb95c,embedded_image,,assets/S32dd066eb95c/embedded/img-007.png,PDF 内嵌位图（矢量线条/组合图形不在此列，须看整页图）
S32dd066eb95c-img-008,S32dd066eb95c,embedded_image,,assets/S32dd066eb95c/embedded/img-008.png,PDF 内嵌位图（矢量线条/组合图形不在此列，须看整页图）
S2c3853fde0c2-p001,S2c3853fde0c2,page_render,1,assets/S2c3853fde0c2/pages/p001.png,含图表/扫描内容的整页图，供显式打开核验
S2c3853fde0c2-img-000,S2c3853fde0c2,embedded_image,,assets/S2c3853fde0c2/embedded/img-000.png,PDF 内嵌位图（矢量线条/组合图形不在此列，须看整页图）
S2c3853fde0c2-img-001,S2c3853fde0c2,embedded_image,,assets/S2c3853fde0c2/embedded/img-001.png,PDF 内嵌位图（矢量线条/组合图形不在此列，须看整页图）
S2c3853fde0c2-img-002,S2c3853fde0c2,embedded_image,,assets/S2c3853fde0c2/embedded/img-002.png,PDF 内嵌位图（矢量线条/组合图形不在此列，须看整页图）
S2c3853fde0c2-img-003,S2c3853fde0c2,embedded_image,,assets/S2c3853fde0c2/embedded/img-003.png,PDF 内嵌位图（矢量线条/组合图形不在此列，须看整页图）
S2c3853fde0c2-img-004,S2c3853fde0c2,embedded_image,,assets/S2c3853fde0c2/embedded/img-004.png,PDF 内嵌位图（矢量线条/组合图形不在此列，须看整页图）
S2c3853fde0c2-img-005,S2c3853fde0c2,embedded_image,,assets/S2c3853fde0c2/embedded/img-005.png,PDF 内嵌位图（矢量线条/组合图形不在此列，须看整页图）
S2c3853fde0c2-img-006,S2c3853fde0c2,embedded_image,,assets/S2c3853fde0c2/embedded/img-006.png,PDF 内嵌位图（矢量线条/组合图形不在此列，须看整页图）
S2c3853fde0c2-img-007,S2c3853fde0c2,embedded_image,,assets/S2c3853fde0c2/embedded/img-007.png,PDF 内嵌位图（矢量线条/组合图形不在此列，须看整页图）
S2c3853fde0c2-img-008,S2c3853fde0c2,embedded_image,,assets/S2c3853fde0c2/embedded/img-008.png,PDF 内嵌位图（矢量线条/组合图形不在此列，须看整页图）
S9bcca4f19c81-p001,S9bcca4f19c81,page_render,1,assets/S9bcca4f19c81/pages/p001.png,含图表/扫描内容的整页图，供显式打开核验
S9bcca4f19c81-p002,S9bcca4f19c81,page_render,2,assets/S9bcca4f19c81/pages/p002.png,含图表/扫描内容的整页图，供显式打开核验
S9bcca4f19c81-img-000,S9bcca4f19c81,embedded_image,,assets/S9bcca4f19c81/embedded/img-000.png,PDF 内嵌位图（矢量线条/组合图形不在此列，须看整页图）
S9bcca4f19c81-img-001,S9bcca4f19c81,embedded_image,,assets/S9bcca4f19c81/embedded/img-001.png,PDF 内嵌位图（矢量线条/组合图形不在此列，须看整页图）
S9bcca4f19c81-img-002,S9bcca4f19c81,embedded_image,,assets/S9bcca4f19c81/embedded/img-002.png,PDF 内嵌位图（矢量线条/组合图形不在此列，须看整页图）
S9bcca4f19c81-img-003,S9bcca4f19c81,embedded_image,,assets/S9bcca4f19c81/embedded/img-003.png,PDF 内嵌位图（矢量线条/组合图形不在此列，须看整页图）
S9bcca4f19c81-img-004,S9bcca4f19c81,embedded_image,,assets/S9bcca4f19c81/embedded/img-004.png,PDF 内嵌位图（矢量线条/组合图形不在此列，须看整页图）
S9bcca4f19c81-img-005,S9bcca4f19c81,embedded_image,,assets/S9bcca4f19c81/embedded/img-005.png,PDF 内嵌位图（矢量线条/组合图形不在此列，须看整页图）
S9bcca4f19c81-img-006,S9bcca4f19c81,embedded_image,,assets/S9bcca4f19c81/embedded/img-006.png,PDF 内嵌位图（矢量线条/组合图形不在此列，须看整页图）
S9bcca4f19c81-img-007,S9bcca4f19c81,embedded_image,,assets/S9bcca4f19c81/embedded/img-007.png,PDF 内嵌位图（矢量线条/组合图形不在此列，须看整页图）
S9bcca4f19c81-img-008,S9bcca4f19c81,embedded_image,,assets/S9bcca4f19c81/embedded/img-008.png,PDF 内嵌位图（矢量线条/组合图形不在此列，须看整页图）
S9bcca4f19c81-img-009,S9bcca4f19c81,embedded_image,,assets/S9bcca4f19c81/embedded/img-009.png,PDF 内嵌位图（矢量线条/组合图形不在此列，须看整页图）
S9bcca4f19c81-img-010,S9bcca4f19c81,embedded_image,,assets/S9bcca4f19c81/embedded/img-010.png,PDF 内嵌位图（矢量线条/组合图形不在此列，须看整页图）
S9bcca4f19c81-img-011,S9bcca4f19c81,embedded_image,,assets/S9bcca4f19c81/embedded/img-011.png,PDF 内嵌位图（矢量线条/组合图形不在此列，须看整页图）
S9bcca4f19c81-img-012,S9bcca4f19c81,embedded_image,,assets/S9bcca4f19c81/embedded/img-012.png,PDF 内嵌位图（矢量线条/组合图形不在此列，须看整页图）
S9bcca4f19c81-img-013,S9bcca4f19c81,embedded_image,,assets/S9bcca4f19c81/embedded/img-013.png,PDF 内嵌位图（矢量线条/组合图形不在此列，须看整页图）
S9bcca4f19c81-img-014,S9bcca4f19c81,embedded_image,,assets/S9bcca4f19c81/embedded/img-014.png,PDF 内嵌位图（矢量线条/组合图形不在此列，须看整页图）
S9bcca4f19c81-img-015,S9bcca4f19c81,embedded_image,,assets/S9bcca4f19c81/embedded/img-015.png,PDF 内嵌位图（矢量线条/组合图形不在此列，须看整页图）
S9bcca4f19c81-img-016,S9bcca4f19c81,embedded_image,,assets/S9bcca4f19c81/embedded/img-016.png,PDF 内嵌位图（矢量线条/组合图形不在此列，须看整页图）
S9bcca4f19c81-img-017,S9bcca4f19c81,embedded_image,,assets/S9bcca4f19c81/embedded/img-017.png,PDF 内嵌位图（矢量线条/组合图形不在此列，须看整页图）
Sbf0725189cee-p001,Sbf0725189cee,page_render,1,assets/Sbf0725189cee/pages/p001.png,含图表/扫描内容的整页图，供显式打开核验
Sbf0725189cee-p002,Sbf0725189cee,page_render,2,assets/Sbf0725189cee/pages/p002.png,含图表/扫描内容的整页图，供显式打开核验
Sbf0725189cee-p003,Sbf0725189cee,page_render,3,assets/Sbf0725189cee/pages/p003.png,含图表/扫描内容的整页图，供显式打开核验
Sbf0725189cee-p004,Sbf0725189cee,page_render,4,assets/Sbf0725189cee/pages/p004.png,含图表/扫描内容的整页图，供显式打开核验
Sbf0725189cee-p005,Sbf0725189cee,page_render,5,assets/Sbf0725189cee/pages/p005.png,含图表/扫描内容的整页图，供显式打开核验
Sbf0725189cee-p006,Sbf0725189cee,page_render,6,assets/Sbf0725189cee/pages/p006.png,含图表/扫描内容的整页图，供显式打开核验
Sbf0725189cee-p007,Sbf0725189cee,page_render,7,assets/Sbf0725189cee/pages/p007.png,含图表/扫描内容的整页图，供显式打开核验
Sbf0725189cee-p008,Sbf0725189cee,page_render,8,assets/Sbf0725189cee/pages/p008.png,含图表/扫描内容的整页图，供显式打开核验
Sbf0725189cee-p009,Sbf0725189cee,page_render,9,assets/Sbf0725189cee/pages/p009.png,含图表/扫描内容的整页图，供显式打开核验
Sbf0725189cee-img-000,Sbf0725189cee,embedded_image,,assets/Sbf0725189cee/embedded/img-000.png,PDF 内嵌位图（矢量线条/组合图形不在此列，须看整页图）
Sbf0725189cee-img-001,Sbf0725189cee,embedded_image,,assets/Sbf0725189cee/embedded/img-001.png,PDF 内嵌位图（矢量线条/组合图形不在此列，须看整页图）
Sbf0725189cee-img-002,Sbf0725189cee,embedded_image,,assets/Sbf0725189cee/embedded/img-002.png,PDF 内嵌位图（矢量线条/组合图形不在此列，须看整页图）
Sbf0725189cee-img-003,Sbf0725189cee,embedded_image,,assets/Sbf0725189cee/embedded/img-003.png,PDF 内嵌位图（矢量线条/组合图形不在此列，须看整页图）
Sbf0725189cee-img-004,Sbf0725189cee,embedded_image,,assets/Sbf0725189cee/embedded/img-004.png,PDF 内嵌位图（矢量线条/组合图形不在此列，须看整页图）
Sbf0725189cee-img-005,Sbf0725189cee,embedded_image,,assets/Sbf0725189cee/embedded/img-005.png,PDF 内嵌位图（矢量线条/组合图形不在此列，须看整页图）
Sbf0725189cee-img-006,Sbf0725189cee,embedded_image,,assets/Sbf0725189cee/embedded/img-006.png,PDF 内嵌位图（矢量线条/组合图形不在此列，须看整页图）
Sbf0725189cee-img-007,Sbf0725189cee,embedded_image,,assets/Sbf0725189cee/embedded/img-007.png,PDF 内嵌位图（矢量线条/组合图形不在此列，须看整页图）
Sbf0725189cee-img-008,Sbf0725189cee,embedded_image,,assets/Sbf0725189cee/embedded/img-008.png,PDF 内嵌位图（矢量线条/组合图形不在此列，须看整页图）
Sbf0725189cee-img-009,Sbf0725189cee,embedded_image,,assets/Sbf0725189cee/embedded/img-009.png,PDF 内嵌位图（矢量线条/组合图形不在此列，须看整页图）
Sbf0725189cee-img-010,Sbf0725189cee,embedded_image,,assets/Sbf0725189cee/embedded/img-010.png,PDF 内嵌位图（矢量线条/组合图形不在此列，须看整页图）
Sbf0725189cee-img-011,Sbf0725189cee,embedded_image,,assets/Sbf0725189cee/embedded/img-011.png,PDF 内嵌位图（矢量线条/组合图形不在此列，须看整页图）
Sbf0725189cee-img-012,Sbf0725189cee,embedded_image,,assets/Sbf0725189cee/embedded/img-012.png,PDF 内嵌位图（矢量线条/组合图形不在此列，须看整页图）
Sbf0725189cee-img-013,Sbf0725189cee,embedded_image,,assets/Sbf0725189cee/embedded/img-013.png,PDF 内嵌位图（矢量线条/组合图形不在此列，须看整页图）
Sbf0725189cee-img-014,Sbf0725189cee,embedded_image,,assets/Sbf0725189cee/embedded/img-014.png,PDF 内嵌位图（矢量线条/组合图形不在此列，须看整页图）
Sbf0725189cee-img-015,Sbf0725189cee,embedded_image,,assets/Sbf0725189cee/embedded/img-015.png,PDF 内嵌位图（矢量线条/组合图形不在此列，须看整页图）
Sbf0725189cee-img-016,Sbf0725189cee,embedded_image,,assets/Sbf0725189cee/embedded/img-016.png,PDF 内嵌位图（矢量线条/组合图形不在此列，须看整页图）
Sbf0725189cee-img-017,Sbf0725189cee,embedded_image,,assets/Sbf0725189cee/embedded/img-017.png,PDF 内嵌位图（矢量线条/组合图形不在此列，须看整页图）
S957fa8d76c21-p001,S957fa8d76c21,page_render,1,assets/S957fa8d76c21/pages/p001.png,含图表/扫描内容的整页图，供显式打开核验
S957fa8d76c21-p002,S957fa8d76c21,page_render,2,assets/S957fa8d76c21/pages/p002.png,含图表/扫描内容的整页图，供显式打开核验
S957fa8d76c21-p003,S957fa8d76c21,page_render,3,assets/S957fa8d76c21/pages/p003.png,含图表/扫描内容的整页图，供显式打开核验
S957fa8d76c21-p004,S957fa8d76c21,page_render,4,assets/S957fa8d76c21/pages/p004.png,含图表/扫描内容的整页图，供显式打开核验
S957fa8d76c21-p005,S957fa8d76c21,page_render,5,assets/S957fa8d76c21/pages/p005.png,含图表/扫描内容的整页图，供显式打开核验
S957fa8d76c21-img-000,S957fa8d76c21,embedded_image,,assets/S957fa8d76c21/embedded/img-000.png,PDF 内嵌位图（矢量线条/组合图形不在此列，须看整页图）
S957fa8d76c21-img-001,S957fa8d76c21,embedded_image,,assets/S957fa8d76c21/embedded/img-001.png,PDF 内嵌位图（矢量线条/组合图形不在此列，须看整页图）
S957fa8d76c21-img-002,S957fa8d76c21,embedded_image,,assets/S957fa8d76c21/embedded/img-002.png,PDF 内嵌位图（矢量线条/组合图形不在此列，须看整页图）
S957fa8d76c21-img-003,S957fa8d76c21,embedded_image,,assets/S957fa8d76c21/embedded/img-003.png,PDF 内嵌位图（矢量线条/组合图形不在此列，须看整页图）
S957fa8d76c21-img-004,S957fa8d76c21,embedded_image,,assets/S957fa8d76c21/embedded/img-004.png,PDF 内嵌位图（矢量线条/组合图形不在此列，须看整页图）
S957fa8d76c21-img-005,S957fa8d76c21,embedded_image,,assets/S957fa8d76c21/embedded/img-005.png,PDF 内嵌位图（矢量线条/组合图形不在此列，须看整页图）
S957fa8d76c21-img-006,S957fa8d76c21,embedded_image,,assets/S957fa8d76c21/embedded/img-006.png,PDF 内嵌位图（矢量线条/组合图形不在此列，须看整页图）
S957fa8d76c21-img-007,S957fa8d76c21,embedded_image,,assets/S957fa8d76c21/embedded/img-007.png,PDF 内嵌位图（矢量线条/组合图形不在此列，须看整页图）
S957fa8d76c21-img-008,S957fa8d76c21,embedded_image,,assets/S957fa8d76c21/embedded/img-008.png,PDF 内嵌位图（矢量线条/组合图形不在此列，须看整页图）
S957fa8d76c21-img-009,S957fa8d76c21,embedded_image,,assets/S957fa8d76c21/embedded/img-009.png,PDF 内嵌位图（矢量线条/组合图形不在此列，须看整页图）
S957fa8d76c21-img-010,S957fa8d76c21,embedded_image,,assets/S957fa8d76c21/embedded/img-010.png,PDF 内嵌位图（矢量线条/组合图形不在此列，须看整页图）
S957fa8d76c21-img-011,S957fa8d76c21,embedded_image,,assets/S957fa8d76c21/embedded/img-011.png,PDF 内嵌位图（矢量线条/组合图形不在此列，须看整页图）
S957fa8d76c21-img-012,S957fa8d76c21,embedded_image,,assets/S957fa8d76c21/embedded/img-012.png,PDF 内嵌位图（矢量线条/组合图形不在此列，须看整页图）
S957fa8d76c21-img-013,S957fa8d76c21,embedded_image,,assets/S957fa8d76c21/embedded/img-013.png,PDF 内嵌位图（矢量线条/组合图形不在此列，须看整页图）
S957fa8d76c21-img-014,S957fa8d76c21,embedded_image,,assets/S957fa8d76c21/embedded/img-014.png,PDF 内嵌位图（矢量线条/组合图形不在此列，须看整页图）
S957fa8d76c21-img-015,S957fa8d76c21,embedded_image,,assets/S957fa8d76c21/embedded/img-015.png,PDF 内嵌位图（矢量线条/组合图形不在此列，须看整页图）
S957fa8d76c21-img-016,S957fa8d76c21,embedded_image,,assets/S957fa8d76c21/embedded/img-016.png,PDF 内嵌位图（矢量线条/组合图形不在此列，须看整页图）
S957fa8d76c21-img-017,S957fa8d76c21,embedded_image,,assets/S957fa8d76c21/embedded/img-017.png,PDF 内嵌位图（矢量线条/组合图形不在此列，须看整页图）
S957fa8d76c21-img-018,S957fa8d76c21,embedded_image,,assets/S957fa8d76c21/embedded/img-018.png,PDF 内嵌位图（矢量线条/组合图形不在此列，须看整页图）
S957fa8d76c21-img-019,S957fa8d76c21,embedded_image,,assets/S957fa8d76c21/embedded/img-019.png,PDF 内嵌位图（矢量线条/组合图形不在此列，须看整页图）
S957fa8d76c21-img-020,S957fa8d76c21,embedded_image,,assets/S957fa8d76c21/embedded/img-020.png,PDF 内嵌位图（矢量线条/组合图形不在此列，须看整页图）
S957fa8d76c21-img-021,S957fa8d76c21,embedded_image,,assets/S957fa8d76c21/embedded/img-021.png,PDF 内嵌位图（矢量线条/组合图形不在此列，须看整页图）
S957fa8d76c21-img-022,S957fa8d76c21,embedded_image,,assets/S957fa8d76c21/embedded/img-022.png,PDF 内嵌位图（矢量线条/组合图形不在此列，须看整页图）
S957fa8d76c21-img-023,S957fa8d76c21,embedded_image,,assets/S957fa8d76c21/embedded/img-023.png,PDF 内嵌位图（矢量线条/组合图形不在此列，须看整页图）
S957fa8d76c21-img-024,S957fa8d76c21,embedded_image,,assets/S957fa8d76c21/embedded/img-024.png,PDF 内嵌位图（矢量线条/组合图形不在此列，须看整页图）
S957fa8d76c21-img-025,S957fa8d76c21,embedded_image,,assets/S957fa8d76c21/embedded/img-025.png,PDF 内嵌位图（矢量线条/组合图形不在此列，须看整页图）
S957fa8d76c21-img-026,S957fa8d76c21,embedded_image,,assets/S957fa8d76c21/embedded/img-026.png,PDF 内嵌位图（矢量线条/组合图形不在此列，须看整页图）
S957fa8d76c21-img-027,S957fa8d76c21,embedded_image,,assets/S957fa8d76c21/embedded/img-027.png,PDF 内嵌位图（矢量线条/组合图形不在此列，须看整页图）
S957fa8d76c21-img-028,S957fa8d76c21,embedded_image,,assets/S957fa8d76c21/embedded/img-028.png,PDF 内嵌位图（矢量线条/组合图形不在此列，须看整页图）
S957fa8d76c21-img-029,S957fa8d76c21,embedded_image,,assets/S957fa8d76c21/embedded/img-029.png,PDF 内嵌位图（矢量线条/组合图形不在此列，须看整页图）
S957fa8d76c21-img-030,S957fa8d76c21,embedded_image,,assets/S957fa8d76c21/embedded/img-030.png,PDF 内嵌位图（矢量线条/组合图形不在此列，须看整页图）
S957fa8d76c21-img-031,S957fa8d76c21,embedded_image,,assets/S957fa8d76c21/embedded/img-031.png,PDF 内嵌位图（矢量线条/组合图形不在此列，须看整页图）
S957fa8d76c21-img-032,S957fa8d76c21,embedded_image,,assets/S957fa8d76c21/embedded/img-032.png,PDF 内嵌位图（矢量线条/组合图形不在此列，须看整页图）
S957fa8d76c21-img-033,S957fa8d76c21,embedded_image,,assets/S957fa8d76c21/embedded/img-033.png,PDF 内嵌位图（矢量线条/组合图形不在此列，须看整页图）
S957fa8d76c21-img-034,S957fa8d76c21,embedded_image,,assets/S957fa8d76c21/embedded/img-034.png,PDF 内嵌位图（矢量线条/组合图形不在此列，须看整页图）
S957fa8d76c21-img-035,S957fa8d76c21,embedded_image,,assets/S957fa8d76c21/embedded/img-035.png,PDF 内嵌位图（矢量线条/组合图形不在此列，须看整页图）
S957fa8d76c21-img-036,S957fa8d76c21,embedded_image,,assets/S957fa8d76c21/embedded/img-036.png,PDF 内嵌位图（矢量线条/组合图形不在此列，须看整页图）
S957fa8d76c21-img-037,S957fa8d76c21,embedded_image,,assets/S957fa8d76c21/embedded/img-037.png,PDF 内嵌位图（矢量线条/组合图形不在此列，须看整页图）
S957fa8d76c21-img-038,S957fa8d76c21,embedded_image,,assets/S957fa8d76c21/embedded/img-038.png,PDF 内嵌位图（矢量线条/组合图形不在此列，须看整页图）
S957fa8d76c21-img-039,S957fa8d76c21,embedded_image,,assets/S957fa8d76c21/embedded/img-039.png,PDF 内嵌位图（矢量线条/组合图形不在此列，须看整页图）
S957fa8d76c21-img-040,S957fa8d76c21,embedded_image,,assets/S957fa8d76c21/embedded/img-040.png,PDF 内嵌位图（矢量线条/组合图形不在此列，须看整页图）
S957fa8d76c21-img-041,S957fa8d76c21,embedded_image,,assets/S957fa8d76c21/embedded/img-041.png,PDF 内嵌位图（矢量线条/组合图形不在此列，须看整页图）
S957fa8d76c21-img-042,S957fa8d76c21,embedded_image,,assets/S957fa8d76c21/embedded/img-042.png,PDF 内嵌位图（矢量线条/组合图形不在此列，须看整页图）
S957fa8d76c21-img-043,S957fa8d76c21,embedded_image,,assets/S957fa8d76c21/embedded/img-043.png,PDF 内嵌位图（矢量线条/组合图形不在此列，须看整页图）
S957fa8d76c21-img-044,S957fa8d76c21,embedded_image,,assets/S957fa8d76c21/embedded/img-044.png,PDF 内嵌位图（矢量线条/组合图形不在此列，须看整页图）
S957fa8d76c21-img-045,S957fa8d76c21,embedded_image,,assets/S957fa8d76c21/embedded/img-045.png,PDF 内嵌位图（矢量线条/组合图形不在此列，须看整页图）
S957fa8d76c21-img-046,S957fa8d76c21,embedded_image,,assets/S957fa8d76c21/embedded/img-046.png,PDF 内嵌位图（矢量线条/组合图形不在此列，须看整页图）
Sbe05e583ba6a-p001,Sbe05e583ba6a,page_render,1,assets/Sbe05e583ba6a/pages/p001.png,含图表/扫描内容的整页图，供显式打开核验
Sbe05e583ba6a-p002,Sbe05e583ba6a,page_render,2,assets/Sbe05e583ba6a/pages/p002.png,含图表/扫描内容的整页图，供显式打开核验
Sbe05e583ba6a-p003,Sbe05e583ba6a,page_render,3,assets/Sbe05e583ba6a/pages/p003.png,含图表/扫描内容的整页图，供显式打开核验
Sbe05e583ba6a-p004,Sbe05e583ba6a,page_render,4,assets/Sbe05e583ba6a/pages/p004.png,含图表/扫描内容的整页图，供显式打开核验
Sbe05e583ba6a-p005,Sbe05e583ba6a,page_render,5,assets/Sbe05e583ba6a/pages/p005.png,含图表/扫描内容的整页图，供显式打开核验
Sbe05e583ba6a-p007,Sbe05e583ba6a,page_render,7,assets/Sbe05e583ba6a/pages/p007.png,含图表/扫描内容的整页图，供显式打开核验
Sbe05e583ba6a-p009,Sbe05e583ba6a,page_render,9,assets/Sbe05e583ba6a/pages/p009.png,含图表/扫描内容的整页图，供显式打开核验
Sbe05e583ba6a-img-000,Sbe05e583ba6a,embedded_image,,assets/Sbe05e583ba6a/embedded/img-000.png,PDF 内嵌位图（矢量线条/组合图形不在此列，须看整页图）
Sbe05e583ba6a-img-001,Sbe05e583ba6a,embedded_image,,assets/Sbe05e583ba6a/embedded/img-001.png,PDF 内嵌位图（矢量线条/组合图形不在此列，须看整页图）
Se0d7d1a5fd45-p001,Se0d7d1a5fd45,page_render,1,assets/Se0d7d1a5fd45/pages/p001.png,含图表/扫描内容的整页图，供显式打开核验
Se0d7d1a5fd45-p002,Se0d7d1a5fd45,page_render,2,assets/Se0d7d1a5fd45/pages/p002.png,含图表/扫描内容的整页图，供显式打开核验
Se0d7d1a5fd45-p003,Se0d7d1a5fd45,page_render,3,assets/Se0d7d1a5fd45/pages/p003.png,含图表/扫描内容的整页图，供显式打开核验
Se0d7d1a5fd45-p004,Se0d7d1a5fd45,page_render,4,assets/Se0d7d1a5fd45/pages/p004.png,含图表/扫描内容的整页图，供显式打开核验
Se0d7d1a5fd45-p005,Se0d7d1a5fd45,page_render,5,assets/Se0d7d1a5fd45/pages/p005.png,含图表/扫描内容的整页图，供显式打开核验
Se0d7d1a5fd45-p006,Se0d7d1a5fd45,page_render,6,assets/Se0d7d1a5fd45/pages/p006.png,含图表/扫描内容的整页图，供显式打开核验
Se0d7d1a5fd45-p007,Se0d7d1a5fd45,page_render,7,assets/Se0d7d1a5fd45/pages/p007.png,含图表/扫描内容的整页图，供显式打开核验
Se0d7d1a5fd45-p008,Se0d7d1a5fd45,page_render,8,assets/Se0d7d1a5fd45/pages/p008.png,含图表/扫描内容的整页图，供显式打开核验
Se0d7d1a5fd45-p009,Se0d7d1a5fd45,page_render,9,assets/Se0d7d1a5fd45/pages/p009.png,含图表/扫描内容的整页图，供显式打开核验
Se0d7d1a5fd45-p010,Se0d7d1a5fd45,page_render,10,assets/Se0d7d1a5fd45/pages/p010.png,含图表/扫描内容的整页图，供显式打开核验
Se0d7d1a5fd45-p011,Se0d7d1a5fd45,page_render,11,assets/Se0d7d1a5fd45/pages/p011.png,含图表/扫描内容的整页图，供显式打开核验
Se0d7d1a5fd45-p012,Se0d7d1a5fd45,page_render,12,assets/Se0d7d1a5fd45/pages/p012.png,含图表/扫描内容的整页图，供显式打开核验
Se0d7d1a5fd45-p013,Se0d7d1a5fd45,page_render,13,assets/Se0d7d1a5fd45/pages/p013.png,含图表/扫描内容的整页图，供显式打开核验
Se0d7d1a5fd45-p014,Se0d7d1a5fd45,page_render,14,assets/Se0d7d1a5fd45/pages/p014.png,含图表/扫描内容的整页图，供显式打开核验
Se0d7d1a5fd45-p015,Se0d7d1a5fd45,page_render,15,assets/Se0d7d1a5fd45/pages/p015.png,含图表/扫描内容的整页图，供显式打开核验
Se0d7d1a5fd45-p016,Se0d7d1a5fd45,page_render,16,assets/Se0d7d1a5fd45/pages/p016.png,含图表/扫描内容的整页图，供显式打开核验
Se0d7d1a5fd45-p017,Se0d7d1a5fd45,page_render,17,assets/Se0d7d1a5fd45/pages/p017.png,含图表/扫描内容的整页图，供显式打开核验
Se0d7d1a5fd45-p018,Se0d7d1a5fd45,page_render,18,assets/Se0d7d1a5fd45/pages/p018.png,含图表/扫描内容的整页图，供显式打开核验
Se0d7d1a5fd45-p019,Se0d7d1a5fd45,page_render,19,assets/Se0d7d1a5fd45/pages/p019.png,含图表/扫描内容的整页图，供显式打开核验
Se0d7d1a5fd45-p020,Se0d7d1a5fd45,page_render,20,assets/Se0d7d1a5fd45/pages/p020.png,含图表/扫描内容的整页图，供显式打开核验
Se0d7d1a5fd45-p021,Se0d7d1a5fd45,page_render,21,assets/Se0d7d1a5fd45/pages/p021.png,含图表/扫描内容的整页图，供显式打开核验
Se0d7d1a5fd45-p022,Se0d7d1a5fd45,page_render,22,assets/Se0d7d1a5fd45/pages/p022.png,含图表/扫描内容的整页图，供显式打开核验
Se0d7d1a5fd45-p023,Se0d7d1a5fd45,page_render,23,assets/Se0d7d1a5fd45/pages/p023.png,含图表/扫描内容的整页图，供显式打开核验
Se0d7d1a5fd45-p024,Se0d7d1a5fd45,page_render,24,assets/Se0d7d1a5fd45/pages/p024.png,含图表/扫描内容的整页图，供显式打开核验
Se0d7d1a5fd45-p025,Se0d7d1a5fd45,page_render,25,assets/Se0d7d1a5fd45/pages/p025.png,含图表/扫描内容的整页图，供显式打开核验
Se0d7d1a5fd45-p026,Se0d7d1a5fd45,page_render,26,assets/Se0d7d1a5fd45/pages/p026.png,含图表/扫描内容的整页图，供显式打开核验
Se0d7d1a5fd45-p027,Se0d7d1a5fd45,page_render,27,assets/Se0d7d1a5fd45/pages/p027.png,含图表/扫描内容的整页图，供显式打开核验
Se0d7d1a5fd45-p028,Se0d7d1a5fd45,page_render,28,assets/Se0d7d1a5fd45/pages/p028.png,含图表/扫描内容的整页图，供显式打开核验
Se0d7d1a5fd45-p029,Se0d7d1a5fd45,page_render,29,assets/Se0d7d1a5fd45/pages/p029.png,含图表/扫描内容的整页图，供显式打开核验
Se0d7d1a5fd45-p030,Se0d7d1a5fd45,page_render,30,assets/Se0d7d1a5fd45/pages/p030.png,含图表/扫描内容的整页图，供显式打开核验
Se0d7d1a5fd45-p031,Se0d7d1a5fd45,page_render,31,assets/Se0d7d1a5fd45/pages/p031.png,含图表/扫描内容的整页图，供显式打开核验
Se0d7d1a5fd45-p032,Se0d7d1a5fd45,page_render,32,assets/Se0d7d1a5fd45/pages/p032.png,含图表/扫描内容的整页图，供显式打开核验
Se0d7d1a5fd45-p033,Se0d7d1a5fd45,page_render,33,assets/Se0d7d1a5fd45/pages/p033.png,含图表/扫描内容的整页图，供显式打开核验
Se0d7d1a5fd45-p034,Se0d7d1a5fd45,page_render,34,assets/Se0d7d1a5fd45/pages/p034.png,含图表/扫描内容的整页图，供显式打开核验
Se0d7d1a5fd45-p035,Se0d7d1a5fd45,page_render,35,assets/Se0d7d1a5fd45/pages/p035.png,含图表/扫描内容的整页图，供显式打开核验
Se0d7d1a5fd45-p036,Se0d7d1a5fd45,page_render,36,assets/Se0d7d1a5fd45/pages/p036.png,含图表/扫描内容的整页图，供显式打开核验
Se0d7d1a5fd45-p037,Se0d7d1a5fd45,page_render,37,assets/Se0d7d1a5fd45/pages/p037.png,含图表/扫描内容的整页图，供显式打开核验
Se0d7d1a5fd45-p038,Se0d7d1a5fd45,page_render,38,assets/Se0d7d1a5fd45/pages/p038.png,含图表/扫描内容的整页图，供显式打开核验
Se0d7d1a5fd45-p039,Se0d7d1a5fd45,page_render,39,assets/Se0d7d1a5fd45/pages/p039.png,含图表/扫描内容的整页图，供显式打开核验
Se0d7d1a5fd45-p040,Se0d7d1a5fd45,page_render,40,assets/Se0d7d1a5fd45/pages/p040.png,含图表/扫描内容的整页图，供显式打开核验
Se0d7d1a5fd45-p041,Se0d7d1a5fd45,page_render,41,assets/Se0d7d1a5fd45/pages/p041.png,含图表/扫描内容的整页图，供显式打开核验
Se0d7d1a5fd45-p042,Se0d7d1a5fd45,page_render,42,assets/Se0d7d1a5fd45/pages/p042.png,含图表/扫描内容的整页图，供显式打开核验
Se0d7d1a5fd45-p043,Se0d7d1a5fd45,page_render,43,assets/Se0d7d1a5fd45/pages/p043.png,含图表/扫描内容的整页图，供显式打开核验
Se0d7d1a5fd45-p044,Se0d7d1a5fd45,page_render,44,assets/Se0d7d1a5fd45/pages/p044.png,含图表/扫描内容的整页图，供显式打开核验
Se0d7d1a5fd45-p045,Se0d7d1a5fd45,page_render,45,assets/Se0d7d1a5fd45/pages/p045.png,含图表/扫描内容的整页图，供显式打开核验
Se0d7d1a5fd45-p046,Se0d7d1a5fd45,page_render,46,assets/Se0d7d1a5fd45/pages/p046.png,含图表/扫描内容的整页图，供显式打开核验
Se0d7d1a5fd45-p047,Se0d7d1a5fd45,page_render,47,assets/Se0d7d1a5fd45/pages/p047.png,含图表/扫描内容的整页图，供显式打开核验
Se0d7d1a5fd45-p048,Se0d7d1a5fd45,page_render,48,assets/Se0d7d1a5fd45/pages/p048.png,含图表/扫描内容的整页图，供显式打开核验
Se0d7d1a5fd45-p049,Se0d7d1a5fd45,page_render,49,assets/Se0d7d1a5fd45/pages/p049.png,含图表/扫描内容的整页图，供显式打开核验
Se0d7d1a5fd45-p050,Se0d7d1a5fd45,page_render,50,assets/Se0d7d1a5fd45/pages/p050.png,含图表/扫描内容的整页图，供显式打开核验
Se0d7d1a5fd45-p051,Se0d7d1a5fd45,page_render,51,assets/Se0d7d1a5fd45/pages/p051.png,含图表/扫描内容的整页图，供显式打开核验
Se0d7d1a5fd45-p052,Se0d7d1a5fd45,page_render,52,assets/Se0d7d1a5fd45/pages/p052.png,含图表/扫描内容的整页图，供显式打开核验
Se0d7d1a5fd45-p053,Se0d7d1a5fd45,page_render,53,assets/Se0d7d1a5fd45/pages/p053.png,含图表/扫描内容的整页图，供显式打开核验
Se0d7d1a5fd45-img-000,Se0d7d1a5fd45,embedded_image,,assets/Se0d7d1a5fd45/embedded/img-000.png,PDF 内嵌位图（矢量线条/组合图形不在此列，须看整页图）
Se0d7d1a5fd45-img-001,Se0d7d1a5fd45,embedded_image,,assets/Se0d7d1a5fd45/embedded/img-001.png,PDF 内嵌位图（矢量线条/组合图形不在此列，须看整页图）
Se0d7d1a5fd45-img-002,Se0d7d1a5fd45,embedded_image,,assets/Se0d7d1a5fd45/embedded/img-002.png,PDF 内嵌位图（矢量线条/组合图形不在此列，须看整页图）
Se0d7d1a5fd45-img-003,Se0d7d1a5fd45,embedded_image,,assets/Se0d7d1a5fd45/embedded/img-003.png,PDF 内嵌位图（矢量线条/组合图形不在此列，须看整页图）
Se0d7d1a5fd45-img-004,Se0d7d1a5fd45,embedded_image,,assets/Se0d7d1a5fd45/embedded/img-004.png,PDF 内嵌位图（矢量线条/组合图形不在此列，须看整页图）
Se0d7d1a5fd45-img-005,Se0d7d1a5fd45,embedded_image,,assets/Se0d7d1a5fd45/embedded/img-005.png,PDF 内嵌位图（矢量线条/组合图形不在此列，须看整页图）
Se0d7d1a5fd45-img-006,Se0d7d1a5fd45,embedded_image,,assets/Se0d7d1a5fd45/embedded/img-006.png,PDF 内嵌位图（矢量线条/组合图形不在此列，须看整页图）
Se0d7d1a5fd45-img-007,Se0d7d1a5fd45,embedded_image,,assets/Se0d7d1a5fd45/embedded/img-007.png,PDF 内嵌位图（矢量线条/组合图形不在此列，须看整页图）
Se0d7d1a5fd45-img-008,Se0d7d1a5fd45,embedded_image,,assets/Se0d7d1a5fd45/embedded/img-008.png,PDF 内嵌位图（矢量线条/组合图形不在此列，须看整页图）
Se0d7d1a5fd45-img-009,Se0d7d1a5fd45,embedded_image,,assets/Se0d7d1a5fd45/embedded/img-009.png,PDF 内嵌位图（矢量线条/组合图形不在此列，须看整页图）
Se0d7d1a5fd45-img-010,Se0d7d1a5fd45,embedded_image,,assets/Se0d7d1a5fd45/embedded/img-010.png,PDF 内嵌位图（矢量线条/组合图形不在此列，须看整页图）
Se0d7d1a5fd45-img-011,Se0d7d1a5fd45,embedded_image,,assets/Se0d7d1a5fd45/embedded/img-011.png,PDF 内嵌位图（矢量线条/组合图形不在此列，须看整页图）
Se0d7d1a5fd45-img-012,Se0d7d1a5fd45,embedded_image,,assets/Se0d7d1a5fd45/embedded/img-012.png,PDF 内嵌位图（矢量线条/组合图形不在此列，须看整页图）
Se0d7d1a5fd45-img-013,Se0d7d1a5fd45,embedded_image,,assets/Se0d7d1a5fd45/embedded/img-013.png,PDF 内嵌位图（矢量线条/组合图形不在此列，须看整页图）
Se0d7d1a5fd45-img-014,Se0d7d1a5fd45,embedded_image,,assets/Se0d7d1a5fd45/embedded/img-014.png,PDF 内嵌位图（矢量线条/组合图形不在此列，须看整页图）
Se0d7d1a5fd45-img-015,Se0d7d1a5fd45,embedded_image,,assets/Se0d7d1a5fd45/embedded/img-015.png,PDF 内嵌位图（矢量线条/组合图形不在此列，须看整页图）
Se0d7d1a5fd45-img-016,Se0d7d1a5fd45,embedded_image,,assets/Se0d7d1a5fd45/embedded/img-016.png,PDF 内嵌位图（矢量线条/组合图形不在此列，须看整页图）
Se0d7d1a5fd45-img-017,Se0d7d1a5fd45,embedded_image,,assets/Se0d7d1a5fd45/embedded/img-017.png,PDF 内嵌位图（矢量线条/组合图形不在此列，须看整页图）
Se0d7d1a5fd45-img-018,Se0d7d1a5fd45,embedded_image,,assets/Se0d7d1a5fd45/embedded/img-018.png,PDF 内嵌位图（矢量线条/组合图形不在此列，须看整页图）
Se0d7d1a5fd45-img-019,Se0d7d1a5fd45,embedded_image,,assets/Se0d7d1a5fd45/embedded/img-019.png,PDF 内嵌位图（矢量线条/组合图形不在此列，须看整页图）
Se0d7d1a5fd45-img-020,Se0d7d1a5fd45,embedded_image,,assets/Se0d7d1a5fd45/embedded/img-020.png,PDF 内嵌位图（矢量线条/组合图形不在此列，须看整页图）
Se0d7d1a5fd45-img-021,Se0d7d1a5fd45,embedded_image,,assets/Se0d7d1a5fd45/embedded/img-021.png,PDF 内嵌位图（矢量线条/组合图形不在此列，须看整页图）
Se0d7d1a5fd45-img-022,Se0d7d1a5fd45,embedded_image,,assets/Se0d7d1a5fd45/embedded/img-022.png,PDF 内嵌位图（矢量线条/组合图形不在此列，须看整页图）
Se0d7d1a5fd45-img-023,Se0d7d1a5fd45,embedded_image,,assets/Se0d7d1a5fd45/embedded/img-023.png,PDF 内嵌位图（矢量线条/组合图形不在此列，须看整页图）
Se0d7d1a5fd45-img-024,Se0d7d1a5fd45,embedded_image,,assets/Se0d7d1a5fd45/embedded/img-024.png,PDF 内嵌位图（矢量线条/组合图形不在此列，须看整页图）
Se0d7d1a5fd45-img-025,Se0d7d1a5fd45,embedded_image,,assets/Se0d7d1a5fd45/embedded/img-025.png,PDF 内嵌位图（矢量线条/组合图形不在此列，须看整页图）
Se0d7d1a5fd45-img-026,Se0d7d1a5fd45,embedded_image,,assets/Se0d7d1a5fd45/embedded/img-026.png,PDF 内嵌位图（矢量线条/组合图形不在此列，须看整页图）
Se0d7d1a5fd45-img-027,Se0d7d1a5fd45,embedded_image,,assets/Se0d7d1a5fd45/embedded/img-027.png,PDF 内嵌位图（矢量线条/组合图形不在此列，须看整页图）
Se0d7d1a5fd45-img-028,Se0d7d1a5fd45,embedded_image,,assets/Se0d7d1a5fd45/embedded/img-028.png,PDF 内嵌位图（矢量线条/组合图形不在此列，须看整页图）
Se0d7d1a5fd45-img-029,Se0d7d1a5fd45,embedded_image,,assets/Se0d7d1a5fd45/embedded/img-029.png,PDF 内嵌位图（矢量线条/组合图形不在此列，须看整页图）
Se0d7d1a5fd45-img-030,Se0d7d1a5fd45,embedded_image,,assets/Se0d7d1a5fd45/embedded/img-030.png,PDF 内嵌位图（矢量线条/组合图形不在此列，须看整页图）
Se0d7d1a5fd45-img-031,Se0d7d1a5fd45,embedded_image,,assets/Se0d7d1a5fd45/embedded/img-031.png,PDF 内嵌位图（矢量线条/组合图形不在此列，须看整页图）
Se0d7d1a5fd45-img-032,Se0d7d1a5fd45,embedded_image,,assets/Se0d7d1a5fd45/embedded/img-032.png,PDF 内嵌位图（矢量线条/组合图形不在此列，须看整页图）
Se0d7d1a5fd45-img-033,Se0d7d1a5fd45,embedded_image,,assets/Se0d7d1a5fd45/embedded/img-033.png,PDF 内嵌位图（矢量线条/组合图形不在此列，须看整页图）
Se0d7d1a5fd45-img-034,Se0d7d1a5fd45,embedded_image,,assets/Se0d7d1a5fd45/embedded/img-034.png,PDF 内嵌位图（矢量线条/组合图形不在此列，须看整页图）
Se0d7d1a5fd45-img-035,Se0d7d1a5fd45,embedded_image,,assets/Se0d7d1a5fd45/embedded/img-035.png,PDF 内嵌位图（矢量线条/组合图形不在此列，须看整页图）
Se0d7d1a5fd45-img-036,Se0d7d1a5fd45,embedded_image,,assets/Se0d7d1a5fd45/embedded/img-036.png,PDF 内嵌位图（矢量线条/组合图形不在此列，须看整页图）
Se0d7d1a5fd45-img-037,Se0d7d1a5fd45,embedded_image,,assets/Se0d7d1a5fd45/embedded/img-037.png,PDF 内嵌位图（矢量线条/组合图形不在此列，须看整页图）
Se0d7d1a5fd45-img-038,Se0d7d1a5fd45,embedded_image,,assets/Se0d7d1a5fd45/embedded/img-038.png,PDF 内嵌位图（矢量线条/组合图形不在此列，须看整页图）
Se0d7d1a5fd45-img-039,Se0d7d1a5fd45,embedded_image,,assets/Se0d7d1a5fd45/embedded/img-039.png,PDF 内嵌位图（矢量线条/组合图形不在此列，须看整页图）
Se0d7d1a5fd45-img-040,Se0d7d1a5fd45,embedded_image,,assets/Se0d7d1a5fd45/embedded/img-040.png,PDF 内嵌位图（矢量线条/组合图形不在此列，须看整页图）
Se0d7d1a5fd45-img-041,Se0d7d1a5fd45,embedded_image,,assets/Se0d7d1a5fd45/embedded/img-041.png,PDF 内嵌位图（矢量线条/组合图形不在此列，须看整页图）
Se0d7d1a5fd45-img-042,Se0d7d1a5fd45,embedded_image,,assets/Se0d7d1a5fd45/embedded/img-042.png,PDF 内嵌位图（矢量线条/组合图形不在此列，须看整页图）
Se0d7d1a5fd45-img-043,Se0d7d1a5fd45,embedded_image,,assets/Se0d7d1a5fd45/embedded/img-043.png,PDF 内嵌位图（矢量线条/组合图形不在此列，须看整页图）
Se0d7d1a5fd45-img-044,Se0d7d1a5fd45,embedded_image,,assets/Se0d7d1a5fd45/embedded/img-044.png,PDF 内嵌位图（矢量线条/组合图形不在此列，须看整页图）
Se0d7d1a5fd45-img-045,Se0d7d1a5fd45,embedded_image,,assets/Se0d7d1a5fd45/embedded/img-045.png,PDF 内嵌位图（矢量线条/组合图形不在此列，须看整页图）
Se0d7d1a5fd45-img-046,Se0d7d1a5fd45,embedded_image,,assets/Se0d7d1a5fd45/embedded/img-046.png,PDF 内嵌位图（矢量线条/组合图形不在此列，须看整页图）
Se0d7d1a5fd45-img-047,Se0d7d1a5fd45,embedded_image,,assets/Se0d7d1a5fd45/embedded/img-047.png,PDF 内嵌位图（矢量线条/组合图形不在此列，须看整页图）
Se0d7d1a5fd45-img-048,Se0d7d1a5fd45,embedded_image,,assets/Se0d7d1a5fd45/embedded/img-048.png,PDF 内嵌位图（矢量线条/组合图形不在此列，须看整页图）
Se0d7d1a5fd45-img-049,Se0d7d1a5fd45,embedded_image,,assets/Se0d7d1a5fd45/embedded/img-049.png,PDF 内嵌位图（矢量线条/组合图形不在此列，须看整页图）
Se0d7d1a5fd45-img-050,Se0d7d1a5fd45,embedded_image,,assets/Se0d7d1a5fd45/embedded/img-050.png,PDF 内嵌位图（矢量线条/组合图形不在此列，须看整页图）
Se0d7d1a5fd45-img-051,Se0d7d1a5fd45,embedded_image,,assets/Se0d7d1a5fd45/embedded/img-051.png,PDF 内嵌位图（矢量线条/组合图形不在此列，须看整页图）
Se0d7d1a5fd45-img-052,Se0d7d1a5fd45,embedded_image,,assets/Se0d7d1a5fd45/embedded/img-052.png,PDF 内嵌位图（矢量线条/组合图形不在此列，须看整页图）
Se0d7d1a5fd45-img-053,Se0d7d1a5fd45,embedded_image,,assets/Se0d7d1a5fd45/embedded/img-053.png,PDF 内嵌位图（矢量线条/组合图形不在此列，须看整页图）
Se0d7d1a5fd45-img-054,Se0d7d1a5fd45,embedded_image,,assets/Se0d7d1a5fd45/embedded/img-054.png,PDF 内嵌位图（矢量线条/组合图形不在此列，须看整页图）
Se0d7d1a5fd45-img-055,Se0d7d1a5fd45,embedded_image,,assets/Se0d7d1a5fd45/embedded/img-055.png,PDF 内嵌位图（矢量线条/组合图形不在此列，须看整页图）
Se0d7d1a5fd45-img-056,Se0d7d1a5fd45,embedded_image,,assets/Se0d7d1a5fd45/embedded/img-056.png,PDF 内嵌位图（矢量线条/组合图形不在此列，须看整页图）
Se0d7d1a5fd45-img-057,Se0d7d1a5fd45,embedded_image,,assets/Se0d7d1a5fd45/embedded/img-057.png,PDF 内嵌位图（矢量线条/组合图形不在此列，须看整页图）
Se0d7d1a5fd45-img-058,Se0d7d1a5fd45,embedded_image,,assets/Se0d7d1a5fd45/embedded/img-058.png,PDF 内嵌位图（矢量线条/组合图形不在此列，须看整页图）
Se0d7d1a5fd45-img-059,Se0d7d1a5fd45,embedded_image,,assets/Se0d7d1a5fd45/embedded/img-059.png,PDF 内嵌位图（矢量线条/组合图形不在此列，须看整页图）
Se0d7d1a5fd45-img-060,Se0d7d1a5fd45,embedded_image,,assets/Se0d7d1a5fd45/embedded/img-060.png,PDF 内嵌位图（矢量线条/组合图形不在此列，须看整页图）
Se0d7d1a5fd45-img-061,Se0d7d1a5fd45,embedded_image,,assets/Se0d7d1a5fd45/embedded/img-061.png,PDF 内嵌位图（矢量线条/组合图形不在此列，须看整页图）
Se0d7d1a5fd45-img-062,Se0d7d1a5fd45,embedded_image,,assets/Se0d7d1a5fd45/embedded/img-062.png,PDF 内嵌位图（矢量线条/组合图形不在此列，须看整页图）
Se0d7d1a5fd45-img-063,Se0d7d1a5fd45,embedded_image,,assets/Se0d7d1a5fd45/embedded/img-063.png,PDF 内嵌位图（矢量线条/组合图形不在此列，须看整页图）
Se0d7d1a5fd45-img-064,Se0d7d1a5fd45,embedded_image,,assets/Se0d7d1a5fd45/embedded/img-064.png,PDF 内嵌位图（矢量线条/组合图形不在此列，须看整页图）
Se0d7d1a5fd45-img-065,Se0d7d1a5fd45,embedded_image,,assets/Se0d7d1a5fd45/embedded/img-065.png,PDF 内嵌位图（矢量线条/组合图形不在此列，须看整页图）
Se0d7d1a5fd45-img-066,Se0d7d1a5fd45,embedded_image,,assets/Se0d7d1a5fd45/embedded/img-066.png,PDF 内嵌位图（矢量线条/组合图形不在此列，须看整页图）
Se0d7d1a5fd45-img-067,Se0d7d1a5fd45,embedded_image,,assets/Se0d7d1a5fd45/embedded/img-067.png,PDF 内嵌位图（矢量线条/组合图形不在此列，须看整页图）
Se0d7d1a5fd45-img-068,Se0d7d1a5fd45,embedded_image,,assets/Se0d7d1a5fd45/embedded/img-068.png,PDF 内嵌位图（矢量线条/组合图形不在此列，须看整页图）
Se0d7d1a5fd45-img-069,Se0d7d1a5fd45,embedded_image,,assets/Se0d7d1a5fd45/embedded/img-069.png,PDF 内嵌位图（矢量线条/组合图形不在此列，须看整页图）
Se0d7d1a5fd45-img-070,Se0d7d1a5fd45,embedded_image,,assets/Se0d7d1a5fd45/embedded/img-070.png,PDF 内嵌位图（矢量线条/组合图形不在此列，须看整页图）
Se0d7d1a5fd45-img-071,Se0d7d1a5fd45,embedded_image,,assets/Se0d7d1a5fd45/embedded/img-071.png,PDF 内嵌位图（矢量线条/组合图形不在此列，须看整页图）
Se0d7d1a5fd45-img-072,Se0d7d1a5fd45,embedded_image,,assets/Se0d7d1a5fd45/embedded/img-072.png,PDF 内嵌位图（矢量线条/组合图形不在此列，须看整页图）
Se0d7d1a5fd45-img-073,Se0d7d1a5fd45,embedded_image,,assets/Se0d7d1a5fd45/embedded/img-073.png,PDF 内嵌位图（矢量线条/组合图形不在此列，须看整页图）
Se0d7d1a5fd45-img-074,Se0d7d1a5fd45,embedded_image,,assets/Se0d7d1a5fd45/embedded/img-074.png,PDF 内嵌位图（矢量线条/组合图形不在此列，须看整页图）
Se0d7d1a5fd45-img-075,Se0d7d1a5fd45,embedded_image,,assets/Se0d7d1a5fd45/embedded/img-075.png,PDF 内嵌位图（矢量线条/组合图形不在此列，须看整页图）
Se0d7d1a5fd45-img-076,Se0d7d1a5fd45,embedded_image,,assets/Se0d7d1a5fd45/embedded/img-076.png,PDF 内嵌位图（矢量线条/组合图形不在此列，须看整页图）
Se0d7d1a5fd45-img-077,Se0d7d1a5fd45,embedded_image,,assets/Se0d7d1a5fd45/embedded/img-077.png,PDF 内嵌位图（矢量线条/组合图形不在此列，须看整页图）
Se0d7d1a5fd45-img-078,Se0d7d1a5fd45,embedded_image,,assets/Se0d7d1a5fd45/embedded/img-078.png,PDF 内嵌位图（矢量线条/组合图形不在此列，须看整页图）
Se0d7d1a5fd45-img-079,Se0d7d1a5fd45,embedded_image,,assets/Se0d7d1a5fd45/embedded/img-079.png,PDF 内嵌位图（矢量线条/组合图形不在此列，须看整页图）
Se0d7d1a5fd45-img-080,Se0d7d1a5fd45,embedded_image,,assets/Se0d7d1a5fd45/embedded/img-080.png,PDF 内嵌位图（矢量线条/组合图形不在此列，须看整页图）
Se0d7d1a5fd45-img-081,Se0d7d1a5fd45,embedded_image,,assets/Se0d7d1a5fd45/embedded/img-081.png,PDF 内嵌位图（矢量线条/组合图形不在此列，须看整页图）
Se0d7d1a5fd45-img-082,Se0d7d1a5fd45,embedded_image,,assets/Se0d7d1a5fd45/embedded/img-082.png,PDF 内嵌位图（矢量线条/组合图形不在此列，须看整页图）
Se0d7d1a5fd45-img-083,Se0d7d1a5fd45,embedded_image,,assets/Se0d7d1a5fd45/embedded/img-083.png,PDF 内嵌位图（矢量线条/组合图形不在此列，须看整页图）
Se0d7d1a5fd45-img-084,Se0d7d1a5fd45,embedded_image,,assets/Se0d7d1a5fd45/embedded/img-084.png,PDF 内嵌位图（矢量线条/组合图形不在此列，须看整页图）
Se0d7d1a5fd45-img-085,Se0d7d1a5fd45,embedded_image,,assets/Se0d7d1a5fd45/embedded/img-085.png,PDF 内嵌位图（矢量线条/组合图形不在此列，须看整页图）
Se0d7d1a5fd45-img-086,Se0d7d1a5fd45,embedded_image,,assets/Se0d7d1a5fd45/embedded/img-086.png,PDF 内嵌位图（矢量线条/组合图形不在此列，须看整页图）
Se0d7d1a5fd45-img-087,Se0d7d1a5fd45,embedded_image,,assets/Se0d7d1a5fd45/embedded/img-087.png,PDF 内嵌位图（矢量线条/组合图形不在此列，须看整页图）
Se0d7d1a5fd45-img-088,Se0d7d1a5fd45,embedded_image,,assets/Se0d7d1a5fd45/embedded/img-088.png,PDF 内嵌位图（矢量线条/组合图形不在此列，须看整页图）
Se0d7d1a5fd45-img-089,Se0d7d1a5fd45,embedded_image,,assets/Se0d7d1a5fd45/embedded/img-089.png,PDF 内嵌位图（矢量线条/组合图形不在此列，须看整页图）
Se0d7d1a5fd45-img-090,Se0d7d1a5fd45,embedded_image,,assets/Se0d7d1a5fd45/embedded/img-090.png,PDF 内嵌位图（矢量线条/组合图形不在此列，须看整页图）
Se0d7d1a5fd45-img-091,Se0d7d1a5fd45,embedded_image,,assets/Se0d7d1a5fd45/embedded/img-091.png,PDF 内嵌位图（矢量线条/组合图形不在此列，须看整页图）
Se0d7d1a5fd45-img-092,Se0d7d1a5fd45,embedded_image,,assets/Se0d7d1a5fd45/embedded/img-092.png,PDF 内嵌位图（矢量线条/组合图形不在此列，须看整页图）
Se0d7d1a5fd45-img-093,Se0d7d1a5fd45,embedded_image,,assets/Se0d7d1a5fd45/embedded/img-093.png,PDF 内嵌位图（矢量线条/组合图形不在此列，须看整页图）
Se0d7d1a5fd45-img-094,Se0d7d1a5fd45,embedded_image,,assets/Se0d7d1a5fd45/embedded/img-094.png,PDF 内嵌位图（矢量线条/组合图形不在此列，须看整页图）
Se0d7d1a5fd45-img-095,Se0d7d1a5fd45,embedded_image,,assets/Se0d7d1a5fd45/embedded/img-095.png,PDF 内嵌位图（矢量线条/组合图形不在此列，须看整页图）
Se0d7d1a5fd45-img-096,Se0d7d1a5fd45,embedded_image,,assets/Se0d7d1a5fd45/embedded/img-096.png,PDF 内嵌位图（矢量线条/组合图形不在此列，须看整页图）
Se0d7d1a5fd45-img-097,Se0d7d1a5fd45,embedded_image,,assets/Se0d7d1a5fd45/embedded/img-097.png,PDF 内嵌位图（矢量线条/组合图形不在此列，须看整页图）
Se0d7d1a5fd45-img-098,Se0d7d1a5fd45,embedded_image,,assets/Se0d7d1a5fd45/embedded/img-098.png,PDF 内嵌位图（矢量线条/组合图形不在此列，须看整页图）
Se0d7d1a5fd45-img-099,Se0d7d1a5fd45,embedded_image,,assets/Se0d7d1a5fd45/embedded/img-099.png,PDF 内嵌位图（矢量线条/组合图形不在此列，须看整页图）
Se0d7d1a5fd45-img-100,Se0d7d1a5fd45,embedded_image,,assets/Se0d7d1a5fd45/embedded/img-100.png,PDF 内嵌位图（矢量线条/组合图形不在此列，须看整页图）
Se0d7d1a5fd45-img-101,Se0d7d1a5fd45,embedded_image,,assets/Se0d7d1a5fd45/embedded/img-101.png,PDF 内嵌位图（矢量线条/组合图形不在此列，须看整页图）
Se0d7d1a5fd45-img-102,Se0d7d1a5fd45,embedded_image,,assets/Se0d7d1a5fd45/embedded/img-102.png,PDF 内嵌位图（矢量线条/组合图形不在此列，须看整页图）
Se0d7d1a5fd45-img-103,Se0d7d1a5fd45,embedded_image,,assets/Se0d7d1a5fd45/embedded/img-103.png,PDF 内嵌位图（矢量线条/组合图形不在此列，须看整页图）
Se0d7d1a5fd45-img-104,Se0d7d1a5fd45,embedded_image,,assets/Se0d7d1a5fd45/embedded/img-104.png,PDF 内嵌位图（矢量线条/组合图形不在此列，须看整页图）
Se0d7d1a5fd45-img-105,Se0d7d1a5fd45,embedded_image,,assets/Se0d7d1a5fd45/embedded/img-105.png,PDF 内嵌位图（矢量线条/组合图形不在此列，须看整页图）
Se0d7d1a5fd45-img-106,Se0d7d1a5fd45,embedded_image,,assets/Se0d7d1a5fd45/embedded/img-106.png,PDF 内嵌位图（矢量线条/组合图形不在此列，须看整页图）
Se0d7d1a5fd45-img-107,Se0d7d1a5fd45,embedded_image,,assets/Se0d7d1a5fd45/embedded/img-107.png,PDF 内嵌位图（矢量线条/组合图形不在此列，须看整页图）
Se0d7d1a5fd45-img-108,Se0d7d1a5fd45,embedded_image,,assets/Se0d7d1a5fd45/embedded/img-108.png,PDF 内嵌位图（矢量线条/组合图形不在此列，须看整页图）
Se0d7d1a5fd45-img-109,Se0d7d1a5fd45,embedded_image,,assets/Se0d7d1a5fd45/embedded/img-109.png,PDF 内嵌位图（矢量线条/组合图形不在此列，须看整页图）
Se0d7d1a5fd45-img-110,Se0d7d1a5fd45,embedded_image,,assets/Se0d7d1a5fd45/embedded/img-110.png,PDF 内嵌位图（矢量线条/组合图形不在此列，须看整页图）
Se0d7d1a5fd45-img-111,Se0d7d1a5fd45,embedded_image,,assets/Se0d7d1a5fd45/embedded/img-111.png,PDF 内嵌位图（矢量线条/组合图形不在此列，须看整页图）
Se0d7d1a5fd45-img-112,Se0d7d1a5fd45,embedded_image,,assets/Se0d7d1a5fd45/embedded/img-112.png,PDF 内嵌位图（矢量线条/组合图形不在此列，须看整页图）
Se0d7d1a5fd45-img-113,Se0d7d1a5fd45,embedded_image,,assets/Se0d7d1a5fd45/embedded/img-113.png,PDF 内嵌位图（矢量线条/组合图形不在此列，须看整页图）
Se0d7d1a5fd45-img-114,Se0d7d1a5fd45,embedded_image,,assets/Se0d7d1a5fd45/embedded/img-114.png,PDF 内嵌位图（矢量线条/组合图形不在此列，须看整页图）
Se0d7d1a5fd45-img-115,Se0d7d1a5fd45,embedded_image,,assets/Se0d7d1a5fd45/embedded/img-115.png,PDF 内嵌位图（矢量线条/组合图形不在此列，须看整页图）
Se0d7d1a5fd45-img-116,Se0d7d1a5fd45,embedded_image,,assets/Se0d7d1a5fd45/embedded/img-116.png,PDF 内嵌位图（矢量线条/组合图形不在此列，须看整页图）
Se0d7d1a5fd45-img-117,Se0d7d1a5fd45,embedded_image,,assets/Se0d7d1a5fd45/embedded/img-117.png,PDF 内嵌位图（矢量线条/组合图形不在此列，须看整页图）
Se0d7d1a5fd45-img-118,Se0d7d1a5fd45,embedded_image,,assets/Se0d7d1a5fd45/embedded/img-118.png,PDF 内嵌位图（矢量线条/组合图形不在此列，须看整页图）
Se0d7d1a5fd45-img-119,Se0d7d1a5fd45,embedded_image,,assets/Se0d7d1a5fd45/embedded/img-119.png,PDF 内嵌位图（矢量线条/组合图形不在此列，须看整页图）
Se0d7d1a5fd45-img-120,Se0d7d1a5fd45,embedded_image,,assets/Se0d7d1a5fd45/embedded/img-120.png,PDF 内嵌位图（矢量线条/组合图形不在此列，须看整页图）
Se0d7d1a5fd45-img-121,Se0d7d1a5fd45,embedded_image,,assets/Se0d7d1a5fd45/embedded/img-121.png,PDF 内嵌位图（矢量线条/组合图形不在此列，须看整页图）
Se0d7d1a5fd45-img-122,Se0d7d1a5fd45,embedded_image,,assets/Se0d7d1a5fd45/embedded/img-122.png,PDF 内嵌位图（矢量线条/组合图形不在此列，须看整页图）
Se0d7d1a5fd45-img-123,Se0d7d1a5fd45,embedded_image,,assets/Se0d7d1a5fd45/embedded/img-123.png,PDF 内嵌位图（矢量线条/组合图形不在此列，须看整页图）
Se0d7d1a5fd45-img-124,Se0d7d1a5fd45,embedded_image,,assets/Se0d7d1a5fd45/embedded/img-124.png,PDF 内嵌位图（矢量线条/组合图形不在此列，须看整页图）
Se0d7d1a5fd45-img-125,Se0d7d1a5fd45,embedded_image,,assets/Se0d7d1a5fd45/embedded/img-125.png,PDF 内嵌位图（矢量线条/组合图形不在此列，须看整页图）
Se0d7d1a5fd45-img-126,Se0d7d1a5fd45,embedded_image,,assets/Se0d7d1a5fd45/embedded/img-126.png,PDF 内嵌位图（矢量线条/组合图形不在此列，须看整页图）
Se0d7d1a5fd45-img-127,Se0d7d1a5fd45,embedded_image,,assets/Se0d7d1a5fd45/embedded/img-127.png,PDF 内嵌位图（矢量线条/组合图形不在此列，须看整页图）
Se0d7d1a5fd45-img-128,Se0d7d1a5fd45,embedded_image,,assets/Se0d7d1a5fd45/embedded/img-128.png,PDF 内嵌位图（矢量线条/组合图形不在此列，须看整页图）
Se0d7d1a5fd45-img-129,Se0d7d1a5fd45,embedded_image,,assets/Se0d7d1a5fd45/embedded/img-129.png,PDF 内嵌位图（矢量线条/组合图形不在此列，须看整页图）
Se0d7d1a5fd45-img-130,Se0d7d1a5fd45,embedded_image,,assets/Se0d7d1a5fd45/embedded/img-130.png,PDF 内嵌位图（矢量线条/组合图形不在此列，须看整页图）
Se0d7d1a5fd45-img-131,Se0d7d1a5fd45,embedded_image,,assets/Se0d7d1a5fd45/embedded/img-131.png,PDF 内嵌位图（矢量线条/组合图形不在此列，须看整页图）
Se0d7d1a5fd45-img-132,Se0d7d1a5fd45,embedded_image,,assets/Se0d7d1a5fd45/embedded/img-132.png,PDF 内嵌位图（矢量线条/组合图形不在此列，须看整页图）
Se0d7d1a5fd45-img-133,Se0d7d1a5fd45,embedded_image,,assets/Se0d7d1a5fd45/embedded/img-133.png,PDF 内嵌位图（矢量线条/组合图形不在此列，须看整页图）
Se0d7d1a5fd45-img-134,Se0d7d1a5fd45,embedded_image,,assets/Se0d7d1a5fd45/embedded/img-134.png,PDF 内嵌位图（矢量线条/组合图形不在此列，须看整页图）
Se0d7d1a5fd45-img-135,Se0d7d1a5fd45,embedded_image,,assets/Se0d7d1a5fd45/embedded/img-135.png,PDF 内嵌位图（矢量线条/组合图形不在此列，须看整页图）
Se0d7d1a5fd45-img-136,Se0d7d1a5fd45,embedded_image,,assets/Se0d7d1a5fd45/embedded/img-136.png,PDF 内嵌位图（矢量线条/组合图形不在此列，须看整页图）
Se0d7d1a5fd45-img-137,Se0d7d1a5fd45,embedded_image,,assets/Se0d7d1a5fd45/embedded/img-137.png,PDF 内嵌位图（矢量线条/组合图形不在此列，须看整页图）
Se0d7d1a5fd45-img-138,Se0d7d1a5fd45,embedded_image,,assets/Se0d7d1a5fd45/embedded/img-138.png,PDF 内嵌位图（矢量线条/组合图形不在此列，须看整页图）
Se0d7d1a5fd45-img-139,Se0d7d1a5fd45,embedded_image,,assets/Se0d7d1a5fd45/embedded/img-139.png,PDF 内嵌位图（矢量线条/组合图形不在此列，须看整页图）
Se0d7d1a5fd45-img-140,Se0d7d1a5fd45,embedded_image,,assets/Se0d7d1a5fd45/embedded/img-140.png,PDF 内嵌位图（矢量线条/组合图形不在此列，须看整页图）
Se0d7d1a5fd45-img-141,Se0d7d1a5fd45,embedded_image,,assets/Se0d7d1a5fd45/embedded/img-141.png,PDF 内嵌位图（矢量线条/组合图形不在此列，须看整页图）
Se0d7d1a5fd45-img-142,Se0d7d1a5fd45,embedded_image,,assets/Se0d7d1a5fd45/embedded/img-142.png,PDF 内嵌位图（矢量线条/组合图形不在此列，须看整页图）
Se0d7d1a5fd45-img-143,Se0d7d1a5fd45,embedded_image,,assets/Se0d7d1a5fd45/embedded/img-143.png,PDF 内嵌位图（矢量线条/组合图形不在此列，须看整页图）
Se0d7d1a5fd45-img-144,Se0d7d1a5fd45,embedded_image,,assets/Se0d7d1a5fd45/embedded/img-144.png,PDF 内嵌位图（矢量线条/组合图形不在此列，须看整页图）
Se0d7d1a5fd45-img-145,Se0d7d1a5fd45,embedded_image,,assets/Se0d7d1a5fd45/embedded/img-145.png,PDF 内嵌位图（矢量线条/组合图形不在此列，须看整页图）
Se0d7d1a5fd45-img-146,Se0d7d1a5fd45,embedded_image,,assets/Se0d7d1a5fd45/embedded/img-146.png,PDF 内嵌位图（矢量线条/组合图形不在此列，须看整页图）
Se0d7d1a5fd45-img-147,Se0d7d1a5fd45,embedded_image,,assets/Se0d7d1a5fd45/embedded/img-147.png,PDF 内嵌位图（矢量线条/组合图形不在此列，须看整页图）
Se0d7d1a5fd45-img-148,Se0d7d1a5fd45,embedded_image,,assets/Se0d7d1a5fd45/embedded/img-148.png,PDF 内嵌位图（矢量线条/组合图形不在此列，须看整页图）
Se0d7d1a5fd45-img-149,Se0d7d1a5fd45,embedded_image,,assets/Se0d7d1a5fd45/embedded/img-149.png,PDF 内嵌位图（矢量线条/组合图形不在此列，须看整页图）
Se0d7d1a5fd45-img-150,Se0d7d1a5fd45,embedded_image,,assets/Se0d7d1a5fd45/embedded/img-150.png,PDF 内嵌位图（矢量线条/组合图形不在此列，须看整页图）
Se0d7d1a5fd45-img-151,Se0d7d1a5fd45,embedded_image,,assets/Se0d7d1a5fd45/embedded/img-151.png,PDF 内嵌位图（矢量线条/组合图形不在此列，须看整页图）
Se0d7d1a5fd45-img-152,Se0d7d1a5fd45,embedded_image,,assets/Se0d7d1a5fd45/embedded/img-152.png,PDF 内嵌位图（矢量线条/组合图形不在此列，须看整页图）
Se0d7d1a5fd45-img-153,Se0d7d1a5fd45,embedded_image,,assets/Se0d7d1a5fd45/embedded/img-153.png,PDF 内嵌位图（矢量线条/组合图形不在此列，须看整页图）
Se0d7d1a5fd45-img-154,Se0d7d1a5fd45,embedded_image,,assets/Se0d7d1a5fd45/embedded/img-154.png,PDF 内嵌位图（矢量线条/组合图形不在此列，须看整页图）
Se0d7d1a5fd45-img-155,Se0d7d1a5fd45,embedded_image,,assets/Se0d7d1a5fd45/embedded/img-155.png,PDF 内嵌位图（矢量线条/组合图形不在此列，须看整页图）
Se0d7d1a5fd45-img-156,Se0d7d1a5fd45,embedded_image,,assets/Se0d7d1a5fd45/embedded/img-156.png,PDF 内嵌位图（矢量线条/组合图形不在此列，须看整页图）
Se0d7d1a5fd45-img-157,Se0d7d1a5fd45,embedded_image,,assets/Se0d7d1a5fd45/embedded/img-157.png,PDF 内嵌位图（矢量线条/组合图形不在此列，须看整页图）
Se0d7d1a5fd45-img-158,Se0d7d1a5fd45,embedded_image,,assets/Se0d7d1a5fd45/embedded/img-158.png,PDF 内嵌位图（矢量线条/组合图形不在此列，须看整页图）
Se0d7d1a5fd45-img-159,Se0d7d1a5fd45,embedded_image,,assets/Se0d7d1a5fd45/embedded/img-159.png,PDF 内嵌位图（矢量线条/组合图形不在此列，须看整页图）
Se0d7d1a5fd45-img-160,Se0d7d1a5fd45,embedded_image,,assets/Se0d7d1a5fd45/embedded/img-160.png,PDF 内嵌位图（矢量线条/组合图形不在此列，须看整页图）
Se0d7d1a5fd45-img-161,Se0d7d1a5fd45,embedded_image,,assets/Se0d7d1a5fd45/embedded/img-161.png,PDF 内嵌位图（矢量线条/组合图形不在此列，须看整页图）
Se0d7d1a5fd45-img-162,Se0d7d1a5fd45,embedded_image,,assets/Se0d7d1a5fd45/embedded/img-162.png,PDF 内嵌位图（矢量线条/组合图形不在此列，须看整页图）
Se0d7d1a5fd45-img-163,Se0d7d1a5fd45,embedded_image,,assets/Se0d7d1a5fd45/embedded/img-163.png,PDF 内嵌位图（矢量线条/组合图形不在此列，须看整页图）
Se0d7d1a5fd45-img-164,Se0d7d1a5fd45,embedded_image,,assets/Se0d7d1a5fd45/embedded/img-164.png,PDF 内嵌位图（矢量线条/组合图形不在此列，须看整页图）
Se0d7d1a5fd45-img-165,Se0d7d1a5fd45,embedded_image,,assets/Se0d7d1a5fd45/embedded/img-165.png,PDF 内嵌位图（矢量线条/组合图形不在此列，须看整页图）
Se0d7d1a5fd45-img-166,Se0d7d1a5fd45,embedded_image,,assets/Se0d7d1a5fd45/embedded/img-166.png,PDF 内嵌位图（矢量线条/组合图形不在此列，须看整页图）
Se0d7d1a5fd45-img-167,Se0d7d1a5fd45,embedded_image,,assets/Se0d7d1a5fd45/embedded/img-167.png,PDF 内嵌位图（矢量线条/组合图形不在此列，须看整页图）
Se0d7d1a5fd45-img-168,Se0d7d1a5fd45,embedded_image,,assets/Se0d7d1a5fd45/embedded/img-168.png,PDF 内嵌位图（矢量线条/组合图形不在此列，须看整页图）
Se0d7d1a5fd45-img-169,Se0d7d1a5fd45,embedded_image,,assets/Se0d7d1a5fd45/embedded/img-169.png,PDF 内嵌位图（矢量线条/组合图形不在此列，须看整页图）
Se0d7d1a5fd45-img-170,Se0d7d1a5fd45,embedded_image,,assets/Se0d7d1a5fd45/embedded/img-170.png,PDF 内嵌位图（矢量线条/组合图形不在此列，须看整页图）
Se0d7d1a5fd45-img-171,Se0d7d1a5fd45,embedded_image,,assets/Se0d7d1a5fd45/embedded/img-171.png,PDF 内嵌位图（矢量线条/组合图形不在此列，须看整页图）
Se0d7d1a5fd45-img-172,Se0d7d1a5fd45,embedded_image,,assets/Se0d7d1a5fd45/embedded/img-172.png,PDF 内嵌位图（矢量线条/组合图形不在此列，须看整页图）
Se0d7d1a5fd45-img-173,Se0d7d1a5fd45,embedded_image,,assets/Se0d7d1a5fd45/embedded/img-173.png,PDF 内嵌位图（矢量线条/组合图形不在此列，须看整页图）
Se0d7d1a5fd45-img-174,Se0d7d1a5fd45,embedded_image,,assets/Se0d7d1a5fd45/embedded/img-174.png,PDF 内嵌位图（矢量线条/组合图形不在此列，须看整页图）
Se0d7d1a5fd45-img-175,Se0d7d1a5fd45,embedded_image,,assets/Se0d7d1a5fd45/embedded/img-175.png,PDF 内嵌位图（矢量线条/组合图形不在此列，须看整页图）
Se0d7d1a5fd45-img-176,Se0d7d1a5fd45,embedded_image,,assets/Se0d7d1a5fd45/embedded/img-176.png,PDF 内嵌位图（矢量线条/组合图形不在此列，须看整页图）
Se0d7d1a5fd45-img-177,Se0d7d1a5fd45,embedded_image,,assets/Se0d7d1a5fd45/embedded/img-177.png,PDF 内嵌位图（矢量线条/组合图形不在此列，须看整页图）
Se0d7d1a5fd45-img-178,Se0d7d1a5fd45,embedded_image,,assets/Se0d7d1a5fd45/embedded/img-178.png,PDF 内嵌位图（矢量线条/组合图形不在此列，须看整页图）
Se0d7d1a5fd45-img-179,Se0d7d1a5fd45,embedded_image,,assets/Se0d7d1a5fd45/embedded/img-179.png,PDF 内嵌位图（矢量线条/组合图形不在此列，须看整页图）
Se0d7d1a5fd45-img-180,Se0d7d1a5fd45,embedded_image,,assets/Se0d7d1a5fd45/embedded/img-180.png,PDF 内嵌位图（矢量线条/组合图形不在此列，须看整页图）
Se0d7d1a5fd45-img-181,Se0d7d1a5fd45,embedded_image,,assets/Se0d7d1a5fd45/embedded/img-181.png,PDF 内嵌位图（矢量线条/组合图形不在此列，须看整页图）
Se0d7d1a5fd45-img-182,Se0d7d1a5fd45,embedded_image,,assets/Se0d7d1a5fd45/embedded/img-182.png,PDF 内嵌位图（矢量线条/组合图形不在此列，须看整页图）
Se0d7d1a5fd45-img-183,Se0d7d1a5fd45,embedded_image,,assets/Se0d7d1a5fd45/embedded/img-183.png,PDF 内嵌位图（矢量线条/组合图形不在此列，须看整页图）
Se0d7d1a5fd45-img-184,Se0d7d1a5fd45,embedded_image,,assets/Se0d7d1a5fd45/embedded/img-184.png,PDF 内嵌位图（矢量线条/组合图形不在此列，须看整页图）
Se0d7d1a5fd45-img-185,Se0d7d1a5fd45,embedded_image,,assets/Se0d7d1a5fd45/embedded/img-185.png,PDF 内嵌位图（矢量线条/组合图形不在此列，须看整页图）
Se0d7d1a5fd45-img-186,Se0d7d1a5fd45,embedded_image,,assets/Se0d7d1a5fd45/embedded/img-186.png,PDF 内嵌位图（矢量线条/组合图形不在此列，须看整页图）
Se0d7d1a5fd45-img-187,Se0d7d1a5fd45,embedded_image,,assets/Se0d7d1a5fd45/embedded/img-187.png,PDF 内嵌位图（矢量线条/组合图形不在此列，须看整页图）
Se0d7d1a5fd45-img-188,Se0d7d1a5fd45,embedded_image,,assets/Se0d7d1a5fd45/embedded/img-188.png,PDF 内嵌位图（矢量线条/组合图形不在此列，须看整页图）
Se0d7d1a5fd45-img-189,Se0d7d1a5fd45,embedded_image,,assets/Se0d7d1a5fd45/embedded/img-189.png,PDF 内嵌位图（矢量线条/组合图形不在此列，须看整页图）
Se0d7d1a5fd45-img-190,Se0d7d1a5fd45,embedded_image,,assets/Se0d7d1a5fd45/embedded/img-190.png,PDF 内嵌位图（矢量线条/组合图形不在此列，须看整页图）
Se0d7d1a5fd45-img-191,Se0d7d1a5fd45,embedded_image,,assets/Se0d7d1a5fd45/embedded/img-191.png,PDF 内嵌位图（矢量线条/组合图形不在此列，须看整页图）
Se0d7d1a5fd45-img-192,Se0d7d1a5fd45,embedded_image,,assets/Se0d7d1a5fd45/embedded/img-192.png,PDF 内嵌位图（矢量线条/组合图形不在此列，须看整页图）
Se0d7d1a5fd45-img-193,Se0d7d1a5fd45,embedded_image,,assets/Se0d7d1a5fd45/embedded/img-193.png,PDF 内嵌位图（矢量线条/组合图形不在此列，须看整页图）
Se0d7d1a5fd45-img-194,Se0d7d1a5fd45,embedded_image,,assets/Se0d7d1a5fd45/embedded/img-194.png,PDF 内嵌位图（矢量线条/组合图形不在此列，须看整页图）
Se0d7d1a5fd45-img-195,Se0d7d1a5fd45,embedded_image,,assets/Se0d7d1a5fd45/embedded/img-195.png,PDF 内嵌位图（矢量线条/组合图形不在此列，须看整页图）
Se0d7d1a5fd45-img-196,Se0d7d1a5fd45,embedded_image,,assets/Se0d7d1a5fd45/embedded/img-196.png,PDF 内嵌位图（矢量线条/组合图形不在此列，须看整页图）
Se0d7d1a5fd45-img-197,Se0d7d1a5fd45,embedded_image,,assets/Se0d7d1a5fd45/embedded/img-197.png,PDF 内嵌位图（矢量线条/组合图形不在此列，须看整页图）
Se0d7d1a5fd45-img-198,Se0d7d1a5fd45,embedded_image,,assets/Se0d7d1a5fd45/embedded/img-198.png,PDF 内嵌位图（矢量线条/组合图形不在此列，须看整页图）
Se0d7d1a5fd45-img-199,Se0d7d1a5fd45,embedded_image,,assets/Se0d7d1a5fd45/embedded/img-199.png,PDF 内嵌位图（矢量线条/组合图形不在此列，须看整页图）
Se0d7d1a5fd45-img-200,Se0d7d1a5fd45,embedded_image,,assets/Se0d7d1a5fd45/embedded/img-200.png,PDF 内嵌位图（矢量线条/组合图形不在此列，须看整页图）
Se0d7d1a5fd45-img-201,Se0d7d1a5fd45,embedded_image,,assets/Se0d7d1a5fd45/embedded/img-201.png,PDF 内嵌位图（矢量线条/组合图形不在此列，须看整页图）
Se0d7d1a5fd45-img-202,Se0d7d1a5fd45,embedded_image,,assets/Se0d7d1a5fd45/embedded/img-202.png,PDF 内嵌位图（矢量线条/组合图形不在此列，须看整页图）
Se0d7d1a5fd45-img-203,Se0d7d1a5fd45,embedded_image,,assets/Se0d7d1a5fd45/embedded/img-203.png,PDF 内嵌位图（矢量线条/组合图形不在此列，须看整页图）
Se0d7d1a5fd45-img-204,Se0d7d1a5fd45,embedded_image,,assets/Se0d7d1a5fd45/embedded/img-204.png,PDF 内嵌位图（矢量线条/组合图形不在此列，须看整页图）
Se0d7d1a5fd45-img-205,Se0d7d1a5fd45,embedded_image,,assets/Se0d7d1a5fd45/embedded/img-205.png,PDF 内嵌位图（矢量线条/组合图形不在此列，须看整页图）
Se0d7d1a5fd45-img-206,Se0d7d1a5fd45,embedded_image,,assets/Se0d7d1a5fd45/embedded/img-206.png,PDF 内嵌位图（矢量线条/组合图形不在此列，须看整页图）
Se0d7d1a5fd45-img-207,Se0d7d1a5fd45,embedded_image,,assets/Se0d7d1a5fd45/embedded/img-207.png,PDF 内嵌位图（矢量线条/组合图形不在此列，须看整页图）
Se0d7d1a5fd45-img-208,Se0d7d1a5fd45,embedded_image,,assets/Se0d7d1a5fd45/embedded/img-208.png,PDF 内嵌位图（矢量线条/组合图形不在此列，须看整页图）
Se0d7d1a5fd45-img-209,Se0d7d1a5fd45,embedded_image,,assets/Se0d7d1a5fd45/embedded/img-209.png,PDF 内嵌位图（矢量线条/组合图形不在此列，须看整页图）
Se0d7d1a5fd45-img-210,Se0d7d1a5fd45,embedded_image,,assets/Se0d7d1a5fd45/embedded/img-210.png,PDF 内嵌位图（矢量线条/组合图形不在此列，须看整页图）
Se0d7d1a5fd45-img-211,Se0d7d1a5fd45,embedded_image,,assets/Se0d7d1a5fd45/embedded/img-211.png,PDF 内嵌位图（矢量线条/组合图形不在此列，须看整页图）
Se0d7d1a5fd45-img-212,Se0d7d1a5fd45,embedded_image,,assets/Se0d7d1a5fd45/embedded/img-212.png,PDF 内嵌位图（矢量线条/组合图形不在此列，须看整页图）
Se0d7d1a5fd45-img-213,Se0d7d1a5fd45,embedded_image,,assets/Se0d7d1a5fd45/embedded/img-213.png,PDF 内嵌位图（矢量线条/组合图形不在此列，须看整页图）
Se0d7d1a5fd45-img-214,Se0d7d1a5fd45,embedded_image,,assets/Se0d7d1a5fd45/embedded/img-214.png,PDF 内嵌位图（矢量线条/组合图形不在此列，须看整页图）
Se0d7d1a5fd45-img-215,Se0d7d1a5fd45,embedded_image,,assets/Se0d7d1a5fd45/embedded/img-215.png,PDF 内嵌位图（矢量线条/组合图形不在此列，须看整页图）
Se0d7d1a5fd45-img-216,Se0d7d1a5fd45,embedded_image,,assets/Se0d7d1a5fd45/embedded/img-216.png,PDF 内嵌位图（矢量线条/组合图形不在此列，须看整页图）
Se0d7d1a5fd45-img-217,Se0d7d1a5fd45,embedded_image,,assets/Se0d7d1a5fd45/embedded/img-217.png,PDF 内嵌位图（矢量线条/组合图形不在此列，须看整页图）
Se0d7d1a5fd45-img-218,Se0d7d1a5fd45,embedded_image,,assets/Se0d7d1a5fd45/embedded/img-218.png,PDF 内嵌位图（矢量线条/组合图形不在此列，须看整页图）
Se0d7d1a5fd45-img-219,Se0d7d1a5fd45,embedded_image,,assets/Se0d7d1a5fd45/embedded/img-219.png,PDF 内嵌位图（矢量线条/组合图形不在此列，须看整页图）
Se0d7d1a5fd45-img-220,Se0d7d1a5fd45,embedded_image,,assets/Se0d7d1a5fd45/embedded/img-220.png,PDF 内嵌位图（矢量线条/组合图形不在此列，须看整页图）
Se0d7d1a5fd45-img-221,Se0d7d1a5fd45,embedded_image,,assets/Se0d7d1a5fd45/embedded/img-221.png,PDF 内嵌位图（矢量线条/组合图形不在此列，须看整页图）
Se0d7d1a5fd45-img-222,Se0d7d1a5fd45,embedded_image,,assets/Se0d7d1a5fd45/embedded/img-222.png,PDF 内嵌位图（矢量线条/组合图形不在此列，须看整页图）
Se0d7d1a5fd45-img-223,Se0d7d1a5fd45,embedded_image,,assets/Se0d7d1a5fd45/embedded/img-223.png,PDF 内嵌位图（矢量线条/组合图形不在此列，须看整页图）
Se0d7d1a5fd45-img-224,Se0d7d1a5fd45,embedded_image,,assets/Se0d7d1a5fd45/embedded/img-224.png,PDF 内嵌位图（矢量线条/组合图形不在此列，须看整页图）
Se0d7d1a5fd45-img-225,Se0d7d1a5fd45,embedded_image,,assets/Se0d7d1a5fd45/embedded/img-225.png,PDF 内嵌位图（矢量线条/组合图形不在此列，须看整页图）
Se0d7d1a5fd45-img-226,Se0d7d1a5fd45,embedded_image,,assets/Se0d7d1a5fd45/embedded/img-226.png,PDF 内嵌位图（矢量线条/组合图形不在此列，须看整页图）
Se0d7d1a5fd45-img-227,Se0d7d1a5fd45,embedded_image,,assets/Se0d7d1a5fd45/embedded/img-227.png,PDF 内嵌位图（矢量线条/组合图形不在此列，须看整页图）
Se0d7d1a5fd45-img-228,Se0d7d1a5fd45,embedded_image,,assets/Se0d7d1a5fd45/embedded/img-228.png,PDF 内嵌位图（矢量线条/组合图形不在此列，须看整页图）
Se0d7d1a5fd45-img-229,Se0d7d1a5fd45,embedded_image,,assets/Se0d7d1a5fd45/embedded/img-229.png,PDF 内嵌位图（矢量线条/组合图形不在此列，须看整页图）
Se0d7d1a5fd45-img-230,Se0d7d1a5fd45,embedded_image,,assets/Se0d7d1a5fd45/embedded/img-230.png,PDF 内嵌位图（矢量线条/组合图形不在此列，须看整页图）
Se0d7d1a5fd45-img-231,Se0d7d1a5fd45,embedded_image,,assets/Se0d7d1a5fd45/embedded/img-231.png,PDF 内嵌位图（矢量线条/组合图形不在此列，须看整页图）
Se0d7d1a5fd45-img-232,Se0d7d1a5fd45,embedded_image,,assets/Se0d7d1a5fd45/embedded/img-232.png,PDF 内嵌位图（矢量线条/组合图形不在此列，须看整页图）
Se0d7d1a5fd45-img-233,Se0d7d1a5fd45,embedded_image,,assets/Se0d7d1a5fd45/embedded/img-233.png,PDF 内嵌位图（矢量线条/组合图形不在此列，须看整页图）
Se0d7d1a5fd45-img-234,Se0d7d1a5fd45,embedded_image,,assets/Se0d7d1a5fd45/embedded/img-234.png,PDF 内嵌位图（矢量线条/组合图形不在此列，须看整页图）
Se0d7d1a5fd45-img-235,Se0d7d1a5fd45,embedded_image,,assets/Se0d7d1a5fd45/embedded/img-235.png,PDF 内嵌位图（矢量线条/组合图形不在此列，须看整页图）
Se0d7d1a5fd45-img-236,Se0d7d1a5fd45,embedded_image,,assets/Se0d7d1a5fd45/embedded/img-236.png,PDF 内嵌位图（矢量线条/组合图形不在此列，须看整页图）
Se0d7d1a5fd45-img-237,Se0d7d1a5fd45,embedded_image,,assets/Se0d7d1a5fd45/embedded/img-237.png,PDF 内嵌位图（矢量线条/组合图形不在此列，须看整页图）
Se0d7d1a5fd45-img-238,Se0d7d1a5fd45,embedded_image,,assets/Se0d7d1a5fd45/embedded/img-238.png,PDF 内嵌位图（矢量线条/组合图形不在此列，须看整页图）
Se0d7d1a5fd45-img-239,Se0d7d1a5fd45,embedded_image,,assets/Se0d7d1a5fd45/embedded/img-239.png,PDF 内嵌位图（矢量线条/组合图形不在此列，须看整页图）
Se0d7d1a5fd45-img-240,Se0d7d1a5fd45,embedded_image,,assets/Se0d7d1a5fd45/embedded/img-240.png,PDF 内嵌位图（矢量线条/组合图形不在此列，须看整页图）
Se0d7d1a5fd45-img-241,Se0d7d1a5fd45,embedded_image,,assets/Se0d7d1a5fd45/embedded/img-241.png,PDF 内嵌位图（矢量线条/组合图形不在此列，须看整页图）
Se0d7d1a5fd45-img-242,Se0d7d1a5fd45,embedded_image,,assets/Se0d7d1a5fd45/embedded/img-242.png,PDF 内嵌位图（矢量线条/组合图形不在此列，须看整页图）
Se0d7d1a5fd45-img-243,Se0d7d1a5fd45,embedded_image,,assets/Se0d7d1a5fd45/embedded/img-243.png,PDF 内嵌位图（矢量线条/组合图形不在此列，须看整页图）
Se0d7d1a5fd45-img-244,Se0d7d1a5fd45,embedded_image,,assets/Se0d7d1a5fd45/embedded/img-244.png,PDF 内嵌位图（矢量线条/组合图形不在此列，须看整页图）
Se0d7d1a5fd45-img-245,Se0d7d1a5fd45,embedded_image,,assets/Se0d7d1a5fd45/embedded/img-245.png,PDF 内嵌位图（矢量线条/组合图形不在此列，须看整页图）
Se0d7d1a5fd45-img-246,Se0d7d1a5fd45,embedded_image,,assets/Se0d7d1a5fd45/embedded/img-246.png,PDF 内嵌位图（矢量线条/组合图形不在此列，须看整页图）
Se0d7d1a5fd45-img-247,Se0d7d1a5fd45,embedded_image,,assets/Se0d7d1a5fd45/embedded/img-247.png,PDF 内嵌位图（矢量线条/组合图形不在此列，须看整页图）
Se0d7d1a5fd45-img-248,Se0d7d1a5fd45,embedded_image,,assets/Se0d7d1a5fd45/embedded/img-248.png,PDF 内嵌位图（矢量线条/组合图形不在此列，须看整页图）
Se0d7d1a5fd45-img-249,Se0d7d1a5fd45,embedded_image,,assets/Se0d7d1a5fd45/embedded/img-249.png,PDF 内嵌位图（矢量线条/组合图形不在此列，须看整页图）
Se0d7d1a5fd45-img-250,Se0d7d1a5fd45,embedded_image,,assets/Se0d7d1a5fd45/embedded/img-250.png,PDF 内嵌位图（矢量线条/组合图形不在此列，须看整页图）
Se0d7d1a5fd45-img-251,Se0d7d1a5fd45,embedded_image,,assets/Se0d7d1a5fd45/embedded/img-251.png,PDF 内嵌位图（矢量线条/组合图形不在此列，须看整页图）
Se0d7d1a5fd45-img-252,Se0d7d1a5fd45,embedded_image,,assets/Se0d7d1a5fd45/embedded/img-252.png,PDF 内嵌位图（矢量线条/组合图形不在此列，须看整页图）
Se0d7d1a5fd45-img-253,Se0d7d1a5fd45,embedded_image,,assets/Se0d7d1a5fd45/embedded/img-253.png,PDF 内嵌位图（矢量线条/组合图形不在此列，须看整页图）
Se0d7d1a5fd45-img-254,Se0d7d1a5fd45,embedded_image,,assets/Se0d7d1a5fd45/embedded/img-254.png,PDF 内嵌位图（矢量线条/组合图形不在此列，须看整页图）
Se0d7d1a5fd45-img-255,Se0d7d1a5fd45,embedded_image,,assets/Se0d7d1a5fd45/embedded/img-255.png,PDF 内嵌位图（矢量线条/组合图形不在此列，须看整页图）
Se0d7d1a5fd45-img-256,Se0d7d1a5fd45,embedded_image,,assets/Se0d7d1a5fd45/embedded/img-256.png,PDF 内嵌位图（矢量线条/组合图形不在此列，须看整页图）
Se0d7d1a5fd45-img-257,Se0d7d1a5fd45,embedded_image,,assets/Se0d7d1a5fd45/embedded/img-257.png,PDF 内嵌位图（矢量线条/组合图形不在此列，须看整页图）
Se0d7d1a5fd45-img-258,Se0d7d1a5fd45,embedded_image,,assets/Se0d7d1a5fd45/embedded/img-258.png,PDF 内嵌位图（矢量线条/组合图形不在此列，须看整页图）
Se0d7d1a5fd45-img-259,Se0d7d1a5fd45,embedded_image,,assets/Se0d7d1a5fd45/embedded/img-259.png,PDF 内嵌位图（矢量线条/组合图形不在此列，须看整页图）
Se0d7d1a5fd45-img-260,Se0d7d1a5fd45,embedded_image,,assets/Se0d7d1a5fd45/embedded/img-260.png,PDF 内嵌位图（矢量线条/组合图形不在此列，须看整页图）
Se0d7d1a5fd45-img-261,Se0d7d1a5fd45,embedded_image,,assets/Se0d7d1a5fd45/embedded/img-261.png,PDF 内嵌位图（矢量线条/组合图形不在此列，须看整页图）
Se0d7d1a5fd45-img-262,Se0d7d1a5fd45,embedded_image,,assets/Se0d7d1a5fd45/embedded/img-262.png,PDF 内嵌位图（矢量线条/组合图形不在此列，须看整页图）
Se0d7d1a5fd45-img-263,Se0d7d1a5fd45,embedded_image,,assets/Se0d7d1a5fd45/embedded/img-263.png,PDF 内嵌位图（矢量线条/组合图形不在此列，须看整页图）
Se0d7d1a5fd45-img-264,Se0d7d1a5fd45,embedded_image,,assets/Se0d7d1a5fd45/embedded/img-264.png,PDF 内嵌位图（矢量线条/组合图形不在此列，须看整页图）
Se0d7d1a5fd45-img-265,Se0d7d1a5fd45,embedded_image,,assets/Se0d7d1a5fd45/embedded/img-265.png,PDF 内嵌位图（矢量线条/组合图形不在此列，须看整页图）
Se0d7d1a5fd45-img-266,Se0d7d1a5fd45,embedded_image,,assets/Se0d7d1a5fd45/embedded/img-266.png,PDF 内嵌位图（矢量线条/组合图形不在此列，须看整页图）
Se0d7d1a5fd45-img-267,Se0d7d1a5fd45,embedded_image,,assets/Se0d7d1a5fd45/embedded/img-267.png,PDF 内嵌位图（矢量线条/组合图形不在此列，须看整页图）
Se0d7d1a5fd45-img-268,Se0d7d1a5fd45,embedded_image,,assets/Se0d7d1a5fd45/embedded/img-268.png,PDF 内嵌位图（矢量线条/组合图形不在此列，须看整页图）
Se0d7d1a5fd45-img-269,Se0d7d1a5fd45,embedded_image,,assets/Se0d7d1a5fd45/embedded/img-269.png,PDF 内嵌位图（矢量线条/组合图形不在此列，须看整页图）
Se0d7d1a5fd45-img-270,Se0d7d1a5fd45,embedded_image,,assets/Se0d7d1a5fd45/embedded/img-270.png,PDF 内嵌位图（矢量线条/组合图形不在此列，须看整页图）
Se0d7d1a5fd45-img-271,Se0d7d1a5fd45,embedded_image,,assets/Se0d7d1a5fd45/embedded/img-271.png,PDF 内嵌位图（矢量线条/组合图形不在此列，须看整页图）
Se0d7d1a5fd45-img-272,Se0d7d1a5fd45,embedded_image,,assets/Se0d7d1a5fd45/embedded/img-272.png,PDF 内嵌位图（矢量线条/组合图形不在此列，须看整页图）
Se0d7d1a5fd45-img-273,Se0d7d1a5fd45,embedded_image,,assets/Se0d7d1a5fd45/embedded/img-273.png,PDF 内嵌位图（矢量线条/组合图形不在此列，须看整页图）
Se0d7d1a5fd45-img-274,Se0d7d1a5fd45,embedded_image,,assets/Se0d7d1a5fd45/embedded/img-274.png,PDF 内嵌位图（矢量线条/组合图形不在此列，须看整页图）
Se0d7d1a5fd45-img-275,Se0d7d1a5fd45,embedded_image,,assets/Se0d7d1a5fd45/embedded/img-275.png,PDF 内嵌位图（矢量线条/组合图形不在此列，须看整页图）
Se0d7d1a5fd45-img-276,Se0d7d1a5fd45,embedded_image,,assets/Se0d7d1a5fd45/embedded/img-276.png,PDF 内嵌位图（矢量线条/组合图形不在此列，须看整页图）
Se0d7d1a5fd45-img-277,Se0d7d1a5fd45,embedded_image,,assets/Se0d7d1a5fd45/embedded/img-277.png,PDF 内嵌位图（矢量线条/组合图形不在此列，须看整页图）
Se0d7d1a5fd45-img-278,Se0d7d1a5fd45,embedded_image,,assets/Se0d7d1a5fd45/embedded/img-278.png,PDF 内嵌位图（矢量线条/组合图形不在此列，须看整页图）
Se0d7d1a5fd45-img-279,Se0d7d1a5fd45,embedded_image,,assets/Se0d7d1a5fd45/embedded/img-279.png,PDF 内嵌位图（矢量线条/组合图形不在此列，须看整页图）
Se0d7d1a5fd45-img-280,Se0d7d1a5fd45,embedded_image,,assets/Se0d7d1a5fd45/embedded/img-280.png,PDF 内嵌位图（矢量线条/组合图形不在此列，须看整页图）
Se0d7d1a5fd45-img-281,Se0d7d1a5fd45,embedded_image,,assets/Se0d7d1a5fd45/embedded/img-281.png,PDF 内嵌位图（矢量线条/组合图形不在此列，须看整页图）
Se0d7d1a5fd45-img-282,Se0d7d1a5fd45,embedded_image,,assets/Se0d7d1a5fd45/embedded/img-282.png,PDF 内嵌位图（矢量线条/组合图形不在此列，须看整页图）
Se0d7d1a5fd45-img-283,Se0d7d1a5fd45,embedded_image,,assets/Se0d7d1a5fd45/embedded/img-283.png,PDF 内嵌位图（矢量线条/组合图形不在此列，须看整页图）
Se0d7d1a5fd45-img-284,Se0d7d1a5fd45,embedded_image,,assets/Se0d7d1a5fd45/embedded/img-284.png,PDF 内嵌位图（矢量线条/组合图形不在此列，须看整页图）
Se0d7d1a5fd45-img-285,Se0d7d1a5fd45,embedded_image,,assets/Se0d7d1a5fd45/embedded/img-285.png,PDF 内嵌位图（矢量线条/组合图形不在此列，须看整页图）
Se0d7d1a5fd45-img-286,Se0d7d1a5fd45,embedded_image,,assets/Se0d7d1a5fd45/embedded/img-286.png,PDF 内嵌位图（矢量线条/组合图形不在此列，须看整页图）
Se0d7d1a5fd45-img-287,Se0d7d1a5fd45,embedded_image,,assets/Se0d7d1a5fd45/embedded/img-287.png,PDF 内嵌位图（矢量线条/组合图形不在此列，须看整页图）
Se0d7d1a5fd45-img-288,Se0d7d1a5fd45,embedded_image,,assets/Se0d7d1a5fd45/embedded/img-288.png,PDF 内嵌位图（矢量线条/组合图形不在此列，须看整页图）
Se0d7d1a5fd45-img-289,Se0d7d1a5fd45,embedded_image,,assets/Se0d7d1a5fd45/embedded/img-289.png,PDF 内嵌位图（矢量线条/组合图形不在此列，须看整页图）
Se0d7d1a5fd45-img-290,Se0d7d1a5fd45,embedded_image,,assets/Se0d7d1a5fd45/embedded/img-290.png,PDF 内嵌位图（矢量线条/组合图形不在此列，须看整页图）
Se0d7d1a5fd45-img-291,Se0d7d1a5fd45,embedded_image,,assets/Se0d7d1a5fd45/embedded/img-291.png,PDF 内嵌位图（矢量线条/组合图形不在此列，须看整页图）
Se0d7d1a5fd45-img-292,Se0d7d1a5fd45,embedded_image,,assets/Se0d7d1a5fd45/embedded/img-292.png,PDF 内嵌位图（矢量线条/组合图形不在此列，须看整页图）
Se0d7d1a5fd45-img-293,Se0d7d1a5fd45,embedded_image,,assets/Se0d7d1a5fd45/embedded/img-293.png,PDF 内嵌位图（矢量线条/组合图形不在此列，须看整页图）
Se0d7d1a5fd45-img-294,Se0d7d1a5fd45,embedded_image,,assets/Se0d7d1a5fd45/embedded/img-294.png,PDF 内嵌位图（矢量线条/组合图形不在此列，须看整页图）
Se0d7d1a5fd45-img-295,Se0d7d1a5fd45,embedded_image,,assets/Se0d7d1a5fd45/embedded/img-295.png,PDF 内嵌位图（矢量线条/组合图形不在此列，须看整页图）
Se0d7d1a5fd45-img-296,Se0d7d1a5fd45,embedded_image,,assets/Se0d7d1a5fd45/embedded/img-296.png,PDF 内嵌位图（矢量线条/组合图形不在此列，须看整页图）
Se0d7d1a5fd45-img-297,Se0d7d1a5fd45,embedded_image,,assets/Se0d7d1a5fd45/embedded/img-297.png,PDF 内嵌位图（矢量线条/组合图形不在此列，须看整页图）
Se0d7d1a5fd45-img-298,Se0d7d1a5fd45,embedded_image,,assets/Se0d7d1a5fd45/embedded/img-298.png,PDF 内嵌位图（矢量线条/组合图形不在此列，须看整页图）
Se0d7d1a5fd45-img-299,Se0d7d1a5fd45,embedded_image,,assets/Se0d7d1a5fd45/embedded/img-299.png,PDF 内嵌位图（矢量线条/组合图形不在此列，须看整页图）
Se0d7d1a5fd45-img-300,Se0d7d1a5fd45,embedded_image,,assets/Se0d7d1a5fd45/embedded/img-300.png,PDF 内嵌位图（矢量线条/组合图形不在此列，须看整页图）
Se0d7d1a5fd45-img-301,Se0d7d1a5fd45,embedded_image,,assets/Se0d7d1a5fd45/embedded/img-301.png,PDF 内嵌位图（矢量线条/组合图形不在此列，须看整页图）
Se0d7d1a5fd45-img-302,Se0d7d1a5fd45,embedded_image,,assets/Se0d7d1a5fd45/embedded/img-302.png,PDF 内嵌位图（矢量线条/组合图形不在此列，须看整页图）
Se0d7d1a5fd45-img-303,Se0d7d1a5fd45,embedded_image,,assets/Se0d7d1a5fd45/embedded/img-303.png,PDF 内嵌位图（矢量线条/组合图形不在此列，须看整页图）
Se0d7d1a5fd45-img-304,Se0d7d1a5fd45,embedded_image,,assets/Se0d7d1a5fd45/embedded/img-304.png,PDF 内嵌位图（矢量线条/组合图形不在此列，须看整页图）
Se0d7d1a5fd45-img-305,Se0d7d1a5fd45,embedded_image,,assets/Se0d7d1a5fd45/embedded/img-305.png,PDF 内嵌位图（矢量线条/组合图形不在此列，须看整页图）
Se0d7d1a5fd45-img-306,Se0d7d1a5fd45,embedded_image,,assets/Se0d7d1a5fd45/embedded/img-306.png,PDF 内嵌位图（矢量线条/组合图形不在此列，须看整页图）
Se0d7d1a5fd45-img-307,Se0d7d1a5fd45,embedded_image,,assets/Se0d7d1a5fd45/embedded/img-307.png,PDF 内嵌位图（矢量线条/组合图形不在此列，须看整页图）
Se0d7d1a5fd45-img-308,Se0d7d1a5fd45,embedded_image,,assets/Se0d7d1a5fd45/embedded/img-308.png,PDF 内嵌位图（矢量线条/组合图形不在此列，须看整页图）
Se0d7d1a5fd45-img-309,Se0d7d1a5fd45,embedded_image,,assets/Se0d7d1a5fd45/embedded/img-309.png,PDF 内嵌位图（矢量线条/组合图形不在此列，须看整页图）
Se0d7d1a5fd45-img-310,Se0d7d1a5fd45,embedded_image,,assets/Se0d7d1a5fd45/embedded/img-310.png,PDF 内嵌位图（矢量线条/组合图形不在此列，须看整页图）
Se0d7d1a5fd45-img-311,Se0d7d1a5fd45,embedded_image,,assets/Se0d7d1a5fd45/embedded/img-311.png,PDF 内嵌位图（矢量线条/组合图形不在此列，须看整页图）
Se0d7d1a5fd45-img-312,Se0d7d1a5fd45,embedded_image,,assets/Se0d7d1a5fd45/embedded/img-312.png,PDF 内嵌位图（矢量线条/组合图形不在此列，须看整页图）
Se0d7d1a5fd45-img-313,Se0d7d1a5fd45,embedded_image,,assets/Se0d7d1a5fd45/embedded/img-313.png,PDF 内嵌位图（矢量线条/组合图形不在此列，须看整页图）
Se0d7d1a5fd45-img-314,Se0d7d1a5fd45,embedded_image,,assets/Se0d7d1a5fd45/embedded/img-314.png,PDF 内嵌位图（矢量线条/组合图形不在此列，须看整页图）
Se0d7d1a5fd45-img-315,Se0d7d1a5fd45,embedded_image,,assets/Se0d7d1a5fd45/embedded/img-315.png,PDF 内嵌位图（矢量线条/组合图形不在此列，须看整页图）
Se0d7d1a5fd45-img-316,Se0d7d1a5fd45,embedded_image,,assets/Se0d7d1a5fd45/embedded/img-316.png,PDF 内嵌位图（矢量线条/组合图形不在此列，须看整页图）
Se0d7d1a5fd45-img-317,Se0d7d1a5fd45,embedded_image,,assets/Se0d7d1a5fd45/embedded/img-317.png,PDF 内嵌位图（矢量线条/组合图形不在此列，须看整页图）
Se0d7d1a5fd45-img-318,Se0d7d1a5fd45,embedded_image,,assets/Se0d7d1a5fd45/embedded/img-318.png,PDF 内嵌位图（矢量线条/组合图形不在此列，须看整页图）
Se0d7d1a5fd45-img-319,Se0d7d1a5fd45,embedded_image,,assets/Se0d7d1a5fd45/embedded/img-319.png,PDF 内嵌位图（矢量线条/组合图形不在此列，须看整页图）
Se0d7d1a5fd45-img-320,Se0d7d1a5fd45,embedded_image,,assets/Se0d7d1a5fd45/embedded/img-320.png,PDF 内嵌位图（矢量线条/组合图形不在此列，须看整页图）
Se0d7d1a5fd45-img-321,Se0d7d1a5fd45,embedded_image,,assets/Se0d7d1a5fd45/embedded/img-321.png,PDF 内嵌位图（矢量线条/组合图形不在此列，须看整页图）
Se0d7d1a5fd45-img-322,Se0d7d1a5fd45,embedded_image,,assets/Se0d7d1a5fd45/embedded/img-322.png,PDF 内嵌位图（矢量线条/组合图形不在此列，须看整页图）
Se0d7d1a5fd45-img-323,Se0d7d1a5fd45,embedded_image,,assets/Se0d7d1a5fd45/embedded/img-323.png,PDF 内嵌位图（矢量线条/组合图形不在此列，须看整页图）
Se0d7d1a5fd45-img-324,Se0d7d1a5fd45,embedded_image,,assets/Se0d7d1a5fd45/embedded/img-324.png,PDF 内嵌位图（矢量线条/组合图形不在此列，须看整页图）
Se0d7d1a5fd45-img-325,Se0d7d1a5fd45,embedded_image,,assets/Se0d7d1a5fd45/embedded/img-325.png,PDF 内嵌位图（矢量线条/组合图形不在此列，须看整页图）
Se0d7d1a5fd45-img-326,Se0d7d1a5fd45,embedded_image,,assets/Se0d7d1a5fd45/embedded/img-326.png,PDF 内嵌位图（矢量线条/组合图形不在此列，须看整页图）
Se0d7d1a5fd45-img-327,Se0d7d1a5fd45,embedded_image,,assets/Se0d7d1a5fd45/embedded/img-327.png,PDF 内嵌位图（矢量线条/组合图形不在此列，须看整页图）
Se0d7d1a5fd45-img-328,Se0d7d1a5fd45,embedded_image,,assets/Se0d7d1a5fd45/embedded/img-328.png,PDF 内嵌位图（矢量线条/组合图形不在此列，须看整页图）
Se0d7d1a5fd45-img-329,Se0d7d1a5fd45,embedded_image,,assets/Se0d7d1a5fd45/embedded/img-329.png,PDF 内嵌位图（矢量线条/组合图形不在此列，须看整页图）
Se0d7d1a5fd45-img-330,Se0d7d1a5fd45,embedded_image,,assets/Se0d7d1a5fd45/embedded/img-330.png,PDF 内嵌位图（矢量线条/组合图形不在此列，须看整页图）
Se0d7d1a5fd45-img-331,Se0d7d1a5fd45,embedded_image,,assets/Se0d7d1a5fd45/embedded/img-331.png,PDF 内嵌位图（矢量线条/组合图形不在此列，须看整页图）
Se0d7d1a5fd45-img-332,Se0d7d1a5fd45,embedded_image,,assets/Se0d7d1a5fd45/embedded/img-332.png,PDF 内嵌位图（矢量线条/组合图形不在此列，须看整页图）
Se0d7d1a5fd45-img-333,Se0d7d1a5fd45,embedded_image,,assets/Se0d7d1a5fd45/embedded/img-333.png,PDF 内嵌位图（矢量线条/组合图形不在此列，须看整页图）
Se0d7d1a5fd45-img-334,Se0d7d1a5fd45,embedded_image,,assets/Se0d7d1a5fd45/embedded/img-334.png,PDF 内嵌位图（矢量线条/组合图形不在此列，须看整页图）
Se0d7d1a5fd45-img-335,Se0d7d1a5fd45,embedded_image,,assets/Se0d7d1a5fd45/embedded/img-335.png,PDF 内嵌位图（矢量线条/组合图形不在此列，须看整页图）
Se0d7d1a5fd45-img-336,Se0d7d1a5fd45,embedded_image,,assets/Se0d7d1a5fd45/embedded/img-336.png,PDF 内嵌位图（矢量线条/组合图形不在此列，须看整页图）
Se0d7d1a5fd45-img-337,Se0d7d1a5fd45,embedded_image,,assets/Se0d7d1a5fd45/embedded/img-337.png,PDF 内嵌位图（矢量线条/组合图形不在此列，须看整页图）
Se0d7d1a5fd45-img-338,Se0d7d1a5fd45,embedded_image,,assets/Se0d7d1a5fd45/embedded/img-338.png,PDF 内嵌位图（矢量线条/组合图形不在此列，须看整页图）
Se0d7d1a5fd45-img-339,Se0d7d1a5fd45,embedded_image,,assets/Se0d7d1a5fd45/embedded/img-339.png,PDF 内嵌位图（矢量线条/组合图形不在此列，须看整页图）
Se0d7d1a5fd45-img-340,Se0d7d1a5fd45,embedded_image,,assets/Se0d7d1a5fd45/embedded/img-340.png,PDF 内嵌位图（矢量线条/组合图形不在此列，须看整页图）
Se0d7d1a5fd45-img-341,Se0d7d1a5fd45,embedded_image,,assets/Se0d7d1a5fd45/embedded/img-341.png,PDF 内嵌位图（矢量线条/组合图形不在此列，须看整页图）
Se0d7d1a5fd45-img-342,Se0d7d1a5fd45,embedded_image,,assets/Se0d7d1a5fd45/embedded/img-342.png,PDF 内嵌位图（矢量线条/组合图形不在此列，须看整页图）
Se0d7d1a5fd45-img-343,Se0d7d1a5fd45,embedded_image,,assets/Se0d7d1a5fd45/embedded/img-343.png,PDF 内嵌位图（矢量线条/组合图形不在此列，须看整页图）
Se0d7d1a5fd45-img-344,Se0d7d1a5fd45,embedded_image,,assets/Se0d7d1a5fd45/embedded/img-344.png,PDF 内嵌位图（矢量线条/组合图形不在此列，须看整页图）
Se0d7d1a5fd45-img-345,Se0d7d1a5fd45,embedded_image,,assets/Se0d7d1a5fd45/embedded/img-345.png,PDF 内嵌位图（矢量线条/组合图形不在此列，须看整页图）
Se0d7d1a5fd45-img-346,Se0d7d1a5fd45,embedded_image,,assets/Se0d7d1a5fd45/embedded/img-346.png,PDF 内嵌位图（矢量线条/组合图形不在此列，须看整页图）
Se0d7d1a5fd45-img-347,Se0d7d1a5fd45,embedded_image,,assets/Se0d7d1a5fd45/embedded/img-347.png,PDF 内嵌位图（矢量线条/组合图形不在此列，须看整页图）
Se0d7d1a5fd45-img-348,Se0d7d1a5fd45,embedded_image,,assets/Se0d7d1a5fd45/embedded/img-348.png,PDF 内嵌位图（矢量线条/组合图形不在此列，须看整页图）
Se0d7d1a5fd45-img-349,Se0d7d1a5fd45,embedded_image,,assets/Se0d7d1a5fd45/embedded/img-349.png,PDF 内嵌位图（矢量线条/组合图形不在此列，须看整页图）
Se0d7d1a5fd45-img-350,Se0d7d1a5fd45,embedded_image,,assets/Se0d7d1a5fd45/embedded/img-350.png,PDF 内嵌位图（矢量线条/组合图形不在此列，须看整页图）
Se0d7d1a5fd45-img-351,Se0d7d1a5fd45,embedded_image,,assets/Se0d7d1a5fd45/embedded/img-351.png,PDF 内嵌位图（矢量线条/组合图形不在此列，须看整页图）
Se0d7d1a5fd45-img-352,Se0d7d1a5fd45,embedded_image,,assets/Se0d7d1a5fd45/embedded/img-352.png,PDF 内嵌位图（矢量线条/组合图形不在此列，须看整页图）
Se0d7d1a5fd45-img-353,Se0d7d1a5fd45,embedded_image,,assets/Se0d7d1a5fd45/embedded/img-353.png,PDF 内嵌位图（矢量线条/组合图形不在此列，须看整页图）
Se0d7d1a5fd45-img-354,Se0d7d1a5fd45,embedded_image,,assets/Se0d7d1a5fd45/embedded/img-354.png,PDF 内嵌位图（矢量线条/组合图形不在此列，须看整页图）
Se0d7d1a5fd45-img-355,Se0d7d1a5fd45,embedded_image,,assets/Se0d7d1a5fd45/embedded/img-355.png,PDF 内嵌位图（矢量线条/组合图形不在此列，须看整页图）
Se0d7d1a5fd45-img-356,Se0d7d1a5fd45,embedded_image,,assets/Se0d7d1a5fd45/embedded/img-356.png,PDF 内嵌位图（矢量线条/组合图形不在此列，须看整页图）
Se0d7d1a5fd45-img-357,Se0d7d1a5fd45,embedded_image,,assets/Se0d7d1a5fd45/embedded/img-357.png,PDF 内嵌位图（矢量线条/组合图形不在此列，须看整页图）
Se0d7d1a5fd45-img-358,Se0d7d1a5fd45,embedded_image,,assets/Se0d7d1a5fd45/embedded/img-358.png,PDF 内嵌位图（矢量线条/组合图形不在此列，须看整页图）
Se0d7d1a5fd45-img-359,Se0d7d1a5fd45,embedded_image,,assets/Se0d7d1a5fd45/embedded/img-359.png,PDF 内嵌位图（矢量线条/组合图形不在此列，须看整页图）
Se0d7d1a5fd45-img-360,Se0d7d1a5fd45,embedded_image,,assets/Se0d7d1a5fd45/embedded/img-360.png,PDF 内嵌位图（矢量线条/组合图形不在此列，须看整页图）
Se0d7d1a5fd45-img-361,Se0d7d1a5fd45,embedded_image,,assets/Se0d7d1a5fd45/embedded/img-361.png,PDF 内嵌位图（矢量线条/组合图形不在此列，须看整页图）
Se0d7d1a5fd45-img-362,Se0d7d1a5fd45,embedded_image,,assets/Se0d7d1a5fd45/embedded/img-362.png,PDF 内嵌位图（矢量线条/组合图形不在此列，须看整页图）
Se0d7d1a5fd45-img-363,Se0d7d1a5fd45,embedded_image,,assets/Se0d7d1a5fd45/embedded/img-363.png,PDF 内嵌位图（矢量线条/组合图形不在此列，须看整页图）
Se0d7d1a5fd45-img-364,Se0d7d1a5fd45,embedded_image,,assets/Se0d7d1a5fd45/embedded/img-364.png,PDF 内嵌位图（矢量线条/组合图形不在此列，须看整页图）
Se0d7d1a5fd45-img-365,Se0d7d1a5fd45,embedded_image,,assets/Se0d7d1a5fd45/embedded/img-365.png,PDF 内嵌位图（矢量线条/组合图形不在此列，须看整页图）
Se0d7d1a5fd45-img-366,Se0d7d1a5fd45,embedded_image,,assets/Se0d7d1a5fd45/embedded/img-366.png,PDF 内嵌位图（矢量线条/组合图形不在此列，须看整页图）
Se0d7d1a5fd45-img-367,Se0d7d1a5fd45,embedded_image,,assets/Se0d7d1a5fd45/embedded/img-367.png,PDF 内嵌位图（矢量线条/组合图形不在此列，须看整页图）
Se0d7d1a5fd45-img-368,Se0d7d1a5fd45,embedded_image,,assets/Se0d7d1a5fd45/embedded/img-368.png,PDF 内嵌位图（矢量线条/组合图形不在此列，须看整页图）
Se0d7d1a5fd45-img-369,Se0d7d1a5fd45,embedded_image,,assets/Se0d7d1a5fd45/embedded/img-369.png,PDF 内嵌位图（矢量线条/组合图形不在此列，须看整页图）
Se0d7d1a5fd45-img-370,Se0d7d1a5fd45,embedded_image,,assets/Se0d7d1a5fd45/embedded/img-370.png,PDF 内嵌位图（矢量线条/组合图形不在此列，须看整页图）
Se0d7d1a5fd45-img-371,Se0d7d1a5fd45,embedded_image,,assets/Se0d7d1a5fd45/embedded/img-371.png,PDF 内嵌位图（矢量线条/组合图形不在此列，须看整页图）
Se0d7d1a5fd45-img-372,Se0d7d1a5fd45,embedded_image,,assets/Se0d7d1a5fd45/embedded/img-372.png,PDF 内嵌位图（矢量线条/组合图形不在此列，须看整页图）
Se0d7d1a5fd45-img-373,Se0d7d1a5fd45,embedded_image,,assets/Se0d7d1a5fd45/embedded/img-373.png,PDF 内嵌位图（矢量线条/组合图形不在此列，须看整页图）
Se0d7d1a5fd45-img-374,Se0d7d1a5fd45,embedded_image,,assets/Se0d7d1a5fd45/embedded/img-374.png,PDF 内嵌位图（矢量线条/组合图形不在此列，须看整页图）
Se0d7d1a5fd45-img-375,Se0d7d1a5fd45,embedded_image,,assets/Se0d7d1a5fd45/embedded/img-375.png,PDF 内嵌位图（矢量线条/组合图形不在此列，须看整页图）
Se0d7d1a5fd45-img-376,Se0d7d1a5fd45,embedded_image,,assets/Se0d7d1a5fd45/embedded/img-376.png,PDF 内嵌位图（矢量线条/组合图形不在此列，须看整页图）
Se0d7d1a5fd45-img-377,Se0d7d1a5fd45,embedded_image,,assets/Se0d7d1a5fd45/embedded/img-377.png,PDF 内嵌位图（矢量线条/组合图形不在此列，须看整页图）
Se0d7d1a5fd45-img-378,Se0d7d1a5fd45,embedded_image,,assets/Se0d7d1a5fd45/embedded/img-378.png,PDF 内嵌位图（矢量线条/组合图形不在此列，须看整页图）
Se0d7d1a5fd45-img-379,Se0d7d1a5fd45,embedded_image,,assets/Se0d7d1a5fd45/embedded/img-379.png,PDF 内嵌位图（矢量线条/组合图形不在此列，须看整页图）
Se0d7d1a5fd45-img-380,Se0d7d1a5fd45,embedded_image,,assets/Se0d7d1a5fd45/embedded/img-380.png,PDF 内嵌位图（矢量线条/组合图形不在此列，须看整页图）
S132a504a16fe-p001,S132a504a16fe,page_render,1,assets/S132a504a16fe/pages/p001.png,含图表/扫描内容的整页图，供显式打开核验
S132a504a16fe-p002,S132a504a16fe,page_render,2,assets/S132a504a16fe/pages/p002.png,含图表/扫描内容的整页图，供显式打开核验
S132a504a16fe-p003,S132a504a16fe,page_render,3,assets/S132a504a16fe/pages/p003.png,含图表/扫描内容的整页图，供显式打开核验
S132a504a16fe-p004,S132a504a16fe,page_render,4,assets/S132a504a16fe/pages/p004.png,含图表/扫描内容的整页图，供显式打开核验
S132a504a16fe-p005,S132a504a16fe,page_render,5,assets/S132a504a16fe/pages/p005.png,含图表/扫描内容的整页图，供显式打开核验
S132a504a16fe-p006,S132a504a16fe,page_render,6,assets/S132a504a16fe/pages/p006.png,含图表/扫描内容的整页图，供显式打开核验
S132a504a16fe-img-000,S132a504a16fe,embedded_image,,assets/S132a504a16fe/embedded/img-000.png,PDF 内嵌位图（矢量线条/组合图形不在此列，须看整页图）
S132a504a16fe-img-001,S132a504a16fe,embedded_image,,assets/S132a504a16fe/embedded/img-001.png,PDF 内嵌位图（矢量线条/组合图形不在此列，须看整页图）
S132a504a16fe-img-002,S132a504a16fe,embedded_image,,assets/S132a504a16fe/embedded/img-002.png,PDF 内嵌位图（矢量线条/组合图形不在此列，须看整页图）
S132a504a16fe-img-003,S132a504a16fe,embedded_image,,assets/S132a504a16fe/embedded/img-003.png,PDF 内嵌位图（矢量线条/组合图形不在此列，须看整页图）
S132a504a16fe-img-004,S132a504a16fe,embedded_image,,assets/S132a504a16fe/embedded/img-004.png,PDF 内嵌位图（矢量线条/组合图形不在此列，须看整页图）
S132a504a16fe-img-005,S132a504a16fe,embedded_image,,assets/S132a504a16fe/embedded/img-005.png,PDF 内嵌位图（矢量线条/组合图形不在此列，须看整页图）
S132a504a16fe-img-006,S132a504a16fe,embedded_image,,assets/S132a504a16fe/embedded/img-006.png,PDF 内嵌位图（矢量线条/组合图形不在此列，须看整页图）
S132a504a16fe-img-007,S132a504a16fe,embedded_image,,assets/S132a504a16fe/embedded/img-007.png,PDF 内嵌位图（矢量线条/组合图形不在此列，须看整页图）
S132a504a16fe-img-008,S132a504a16fe,embedded_image,,assets/S132a504a16fe/embedded/img-008.png,PDF 内嵌位图（矢量线条/组合图形不在此列，须看整页图）
S132a504a16fe-img-009,S132a504a16fe,embedded_image,,assets/S132a504a16fe/embedded/img-009.png,PDF 内嵌位图（矢量线条/组合图形不在此列，须看整页图）
S132a504a16fe-img-010,S132a504a16fe,embedded_image,,assets/S132a504a16fe/embedded/img-010.png,PDF 内嵌位图（矢量线条/组合图形不在此列，须看整页图）
S132a504a16fe-img-011,S132a504a16fe,embedded_image,,assets/S132a504a16fe/embedded/img-011.png,PDF 内嵌位图（矢量线条/组合图形不在此列，须看整页图）
S132a504a16fe-img-012,S132a504a16fe,embedded_image,,assets/S132a504a16fe/embedded/img-012.png,PDF 内嵌位图（矢量线条/组合图形不在此列，须看整页图）
S132a504a16fe-img-013,S132a504a16fe,embedded_image,,assets/S132a504a16fe/embedded/img-013.png,PDF 内嵌位图（矢量线条/组合图形不在此列，须看整页图）
S132a504a16fe-img-014,S132a504a16fe,embedded_image,,assets/S132a504a16fe/embedded/img-014.png,PDF 内嵌位图（矢量线条/组合图形不在此列，须看整页图）
S132a504a16fe-img-015,S132a504a16fe,embedded_image,,assets/S132a504a16fe/embedded/img-015.png,PDF 内嵌位图（矢量线条/组合图形不在此列，须看整页图）
S132a504a16fe-img-016,S132a504a16fe,embedded_image,,assets/S132a504a16fe/embedded/img-016.png,PDF 内嵌位图（矢量线条/组合图形不在此列，须看整页图）
S132a504a16fe-img-017,S132a504a16fe,embedded_image,,assets/S132a504a16fe/embedded/img-017.png,PDF 内嵌位图（矢量线条/组合图形不在此列，须看整页图）
S132a504a16fe-img-018,S132a504a16fe,embedded_image,,assets/S132a504a16fe/embedded/img-018.png,PDF 内嵌位图（矢量线条/组合图形不在此列，须看整页图）
S132a504a16fe-img-019,S132a504a16fe,embedded_image,,assets/S132a504a16fe/embedded/img-019.png,PDF 内嵌位图（矢量线条/组合图形不在此列，须看整页图）
S132a504a16fe-img-020,S132a504a16fe,embedded_image,,assets/S132a504a16fe/embedded/img-020.png,PDF 内嵌位图（矢量线条/组合图形不在此列，须看整页图）
S132a504a16fe-img-021,S132a504a16fe,embedded_image,,assets/S132a504a16fe/embedded/img-021.png,PDF 内嵌位图（矢量线条/组合图形不在此列，须看整页图）
S132a504a16fe-img-022,S132a504a16fe,embedded_image,,assets/S132a504a16fe/embedded/img-022.png,PDF 内嵌位图（矢量线条/组合图形不在此列，须看整页图）
S132a504a16fe-img-023,S132a504a16fe,embedded_image,,assets/S132a504a16fe/embedded/img-023.png,PDF 内嵌位图（矢量线条/组合图形不在此列，须看整页图）
S132a504a16fe-img-024,S132a504a16fe,embedded_image,,assets/S132a504a16fe/embedded/img-024.png,PDF 内嵌位图（矢量线条/组合图形不在此列，须看整页图）
S132a504a16fe-img-025,S132a504a16fe,embedded_image,,assets/S132a504a16fe/embedded/img-025.png,PDF 内嵌位图（矢量线条/组合图形不在此列，须看整页图）
S132a504a16fe-img-026,S132a504a16fe,embedded_image,,assets/S132a504a16fe/embedded/img-026.png,PDF 内嵌位图（矢量线条/组合图形不在此列，须看整页图）
S132a504a16fe-img-027,S132a504a16fe,embedded_image,,assets/S132a504a16fe/embedded/img-027.png,PDF 内嵌位图（矢量线条/组合图形不在此列，须看整页图）
S132a504a16fe-img-028,S132a504a16fe,embedded_image,,assets/S132a504a16fe/embedded/img-028.png,PDF 内嵌位图（矢量线条/组合图形不在此列，须看整页图）
S132a504a16fe-img-029,S132a504a16fe,embedded_image,,assets/S132a504a16fe/embedded/img-029.png,PDF 内嵌位图（矢量线条/组合图形不在此列，须看整页图）
S132a504a16fe-img-030,S132a504a16fe,embedded_image,,assets/S132a504a16fe/embedded/img-030.png,PDF 内嵌位图（矢量线条/组合图形不在此列，须看整页图）
S132a504a16fe-img-031,S132a504a16fe,embedded_image,,assets/S132a504a16fe/embedded/img-031.png,PDF 内嵌位图（矢量线条/组合图形不在此列，须看整页图）
S132a504a16fe-img-032,S132a504a16fe,embedded_image,,assets/S132a504a16fe/embedded/img-032.png,PDF 内嵌位图（矢量线条/组合图形不在此列，须看整页图）
S132a504a16fe-img-033,S132a504a16fe,embedded_image,,assets/S132a504a16fe/embedded/img-033.png,PDF 内嵌位图（矢量线条/组合图形不在此列，须看整页图）
S132a504a16fe-img-034,S132a504a16fe,embedded_image,,assets/S132a504a16fe/embedded/img-034.png,PDF 内嵌位图（矢量线条/组合图形不在此列，须看整页图）
S132a504a16fe-img-035,S132a504a16fe,embedded_image,,assets/S132a504a16fe/embedded/img-035.png,PDF 内嵌位图（矢量线条/组合图形不在此列，须看整页图）
S132a504a16fe-img-036,S132a504a16fe,embedded_image,,assets/S132a504a16fe/embedded/img-036.png,PDF 内嵌位图（矢量线条/组合图形不在此列，须看整页图）
S132a504a16fe-img-037,S132a504a16fe,embedded_image,,assets/S132a504a16fe/embedded/img-037.png,PDF 内嵌位图（矢量线条/组合图形不在此列，须看整页图）
S132a504a16fe-img-038,S132a504a16fe,embedded_image,,assets/S132a504a16fe/embedded/img-038.png,PDF 内嵌位图（矢量线条/组合图形不在此列，须看整页图）
S132a504a16fe-img-039,S132a504a16fe,embedded_image,,assets/S132a504a16fe/embedded/img-039.png,PDF 内嵌位图（矢量线条/组合图形不在此列，须看整页图）
S132a504a16fe-img-040,S132a504a16fe,embedded_image,,assets/S132a504a16fe/embedded/img-040.png,PDF 内嵌位图（矢量线条/组合图形不在此列，须看整页图）
S132a504a16fe-img-041,S132a504a16fe,embedded_image,,assets/S132a504a16fe/embedded/img-041.png,PDF 内嵌位图（矢量线条/组合图形不在此列，须看整页图）
S132a504a16fe-img-042,S132a504a16fe,embedded_image,,assets/S132a504a16fe/embedded/img-042.png,PDF 内嵌位图（矢量线条/组合图形不在此列，须看整页图）
S132a504a16fe-img-043,S132a504a16fe,embedded_image,,assets/S132a504a16fe/embedded/img-043.png,PDF 内嵌位图（矢量线条/组合图形不在此列，须看整页图）
S132a504a16fe-img-044,S132a504a16fe,embedded_image,,assets/S132a504a16fe/embedded/img-044.png,PDF 内嵌位图（矢量线条/组合图形不在此列，须看整页图）
S132a504a16fe-img-045,S132a504a16fe,embedded_image,,assets/S132a504a16fe/embedded/img-045.png,PDF 内嵌位图（矢量线条/组合图形不在此列，须看整页图）
S132a504a16fe-img-046,S132a504a16fe,embedded_image,,assets/S132a504a16fe/embedded/img-046.png,PDF 内嵌位图（矢量线条/组合图形不在此列，须看整页图）
S132a504a16fe-img-047,S132a504a16fe,embedded_image,,assets/S132a504a16fe/embedded/img-047.png,PDF 内嵌位图（矢量线条/组合图形不在此列，须看整页图）
S132a504a16fe-img-048,S132a504a16fe,embedded_image,,assets/S132a504a16fe/embedded/img-048.png,PDF 内嵌位图（矢量线条/组合图形不在此列，须看整页图）
S132a504a16fe-img-049,S132a504a16fe,embedded_image,,assets/S132a504a16fe/embedded/img-049.png,PDF 内嵌位图（矢量线条/组合图形不在此列，须看整页图）
S132a504a16fe-img-050,S132a504a16fe,embedded_image,,assets/S132a504a16fe/embedded/img-050.png,PDF 内嵌位图（矢量线条/组合图形不在此列，须看整页图）
S132a504a16fe-img-051,S132a504a16fe,embedded_image,,assets/S132a504a16fe/embedded/img-051.png,PDF 内嵌位图（矢量线条/组合图形不在此列，须看整页图）
S132a504a16fe-img-052,S132a504a16fe,embedded_image,,assets/S132a504a16fe/embedded/img-052.png,PDF 内嵌位图（矢量线条/组合图形不在此列，须看整页图）
S132a504a16fe-img-053,S132a504a16fe,embedded_image,,assets/S132a504a16fe/embedded/img-053.png,PDF 内嵌位图（矢量线条/组合图形不在此列，须看整页图）
S132a504a16fe-img-054,S132a504a16fe,embedded_image,,assets/S132a504a16fe/embedded/img-054.png,PDF 内嵌位图（矢量线条/组合图形不在此列，须看整页图）
S132a504a16fe-img-055,S132a504a16fe,embedded_image,,assets/S132a504a16fe/embedded/img-055.png,PDF 内嵌位图（矢量线条/组合图形不在此列，须看整页图）
S132a504a16fe-img-056,S132a504a16fe,embedded_image,,assets/S132a504a16fe/embedded/img-056.png,PDF 内嵌位图（矢量线条/组合图形不在此列，须看整页图）
S132a504a16fe-img-057,S132a504a16fe,embedded_image,,assets/S132a504a16fe/embedded/img-057.png,PDF 内嵌位图（矢量线条/组合图形不在此列，须看整页图）
S132a504a16fe-img-058,S132a504a16fe,embedded_image,,assets/S132a504a16fe/embedded/img-058.png,PDF 内嵌位图（矢量线条/组合图形不在此列，须看整页图）
S132a504a16fe-img-059,S132a504a16fe,embedded_image,,assets/S132a504a16fe/embedded/img-059.png,PDF 内嵌位图（矢量线条/组合图形不在此列，须看整页图）
S44eade2b04f8-p001,S44eade2b04f8,page_render,1,assets/S44eade2b04f8/pages/p001.png,含图表/扫描内容的整页图，供显式打开核验
S44eade2b04f8-p002,S44eade2b04f8,page_render,2,assets/S44eade2b04f8/pages/p002.png,含图表/扫描内容的整页图，供显式打开核验
S44eade2b04f8-p003,S44eade2b04f8,page_render,3,assets/S44eade2b04f8/pages/p003.png,含图表/扫描内容的整页图，供显式打开核验
S44eade2b04f8-p004,S44eade2b04f8,page_render,4,assets/S44eade2b04f8/pages/p004.png,含图表/扫描内容的整页图，供显式打开核验
S44eade2b04f8-p005,S44eade2b04f8,page_render,5,assets/S44eade2b04f8/pages/p005.png,含图表/扫描内容的整页图，供显式打开核验
S44eade2b04f8-p006,S44eade2b04f8,page_render,6,assets/S44eade2b04f8/pages/p006.png,含图表/扫描内容的整页图，供显式打开核验
S44eade2b04f8-p007,S44eade2b04f8,page_render,7,assets/S44eade2b04f8/pages/p007.png,含图表/扫描内容的整页图，供显式打开核验
S44eade2b04f8-p008,S44eade2b04f8,page_render,8,assets/S44eade2b04f8/pages/p008.png,含图表/扫描内容的整页图，供显式打开核验
S44eade2b04f8-img-000,S44eade2b04f8,embedded_image,,assets/S44eade2b04f8/embedded/img-000.png,PDF 内嵌位图（矢量线条/组合图形不在此列，须看整页图）
S44eade2b04f8-img-001,S44eade2b04f8,embedded_image,,assets/S44eade2b04f8/embedded/img-001.png,PDF 内嵌位图（矢量线条/组合图形不在此列，须看整页图）
S44eade2b04f8-img-002,S44eade2b04f8,embedded_image,,assets/S44eade2b04f8/embedded/img-002.png,PDF 内嵌位图（矢量线条/组合图形不在此列，须看整页图）
S44eade2b04f8-img-003,S44eade2b04f8,embedded_image,,assets/S44eade2b04f8/embedded/img-003.png,PDF 内嵌位图（矢量线条/组合图形不在此列，须看整页图）
S44eade2b04f8-img-004,S44eade2b04f8,embedded_image,,assets/S44eade2b04f8/embedded/img-004.png,PDF 内嵌位图（矢量线条/组合图形不在此列，须看整页图）
S44eade2b04f8-img-005,S44eade2b04f8,embedded_image,,assets/S44eade2b04f8/embedded/img-005.png,PDF 内嵌位图（矢量线条/组合图形不在此列，须看整页图）
S44eade2b04f8-img-006,S44eade2b04f8,embedded_image,,assets/S44eade2b04f8/embedded/img-006.png,PDF 内嵌位图（矢量线条/组合图形不在此列，须看整页图）
S44eade2b04f8-img-007,S44eade2b04f8,embedded_image,,assets/S44eade2b04f8/embedded/img-007.png,PDF 内嵌位图（矢量线条/组合图形不在此列，须看整页图）
S44eade2b04f8-img-008,S44eade2b04f8,embedded_image,,assets/S44eade2b04f8/embedded/img-008.png,PDF 内嵌位图（矢量线条/组合图形不在此列，须看整页图）
S44eade2b04f8-img-009,S44eade2b04f8,embedded_image,,assets/S44eade2b04f8/embedded/img-009.png,PDF 内嵌位图（矢量线条/组合图形不在此列，须看整页图）
S44eade2b04f8-img-010,S44eade2b04f8,embedded_image,,assets/S44eade2b04f8/embedded/img-010.png,PDF 内嵌位图（矢量线条/组合图形不在此列，须看整页图）
S44eade2b04f8-img-011,S44eade2b04f8,embedded_image,,assets/S44eade2b04f8/embedded/img-011.png,PDF 内嵌位图（矢量线条/组合图形不在此列，须看整页图）
S44eade2b04f8-img-012,S44eade2b04f8,embedded_image,,assets/S44eade2b04f8/embedded/img-012.png,PDF 内嵌位图（矢量线条/组合图形不在此列，须看整页图）
S44eade2b04f8-img-013,S44eade2b04f8,embedded_image,,assets/S44eade2b04f8/embedded/img-013.png,PDF 内嵌位图（矢量线条/组合图形不在此列，须看整页图）
S44eade2b04f8-img-014,S44eade2b04f8,embedded_image,,assets/S44eade2b04f8/embedded/img-014.png,PDF 内嵌位图（矢量线条/组合图形不在此列，须看整页图）
S44eade2b04f8-img-015,S44eade2b04f8,embedded_image,,assets/S44eade2b04f8/embedded/img-015.png,PDF 内嵌位图（矢量线条/组合图形不在此列，须看整页图）
Sc125322a6844-p002,Sc125322a6844,page_render,2,assets/Sc125322a6844/pages/p002.png,含图表/扫描内容的整页图，供显式打开核验
S150b8360ec5c-p001,S150b8360ec5c,page_render,1,assets/S150b8360ec5c/pages/p001.png,含图表/扫描内容的整页图，供显式打开核验
S150b8360ec5c-p002,S150b8360ec5c,page_render,2,assets/S150b8360ec5c/pages/p002.png,含图表/扫描内容的整页图，供显式打开核验
S150b8360ec5c-p003,S150b8360ec5c,page_render,3,assets/S150b8360ec5c/pages/p003.png,含图表/扫描内容的整页图，供显式打开核验
S150b8360ec5c-p004,S150b8360ec5c,page_render,4,assets/S150b8360ec5c/pages/p004.png,含图表/扫描内容的整页图，供显式打开核验
S150b8360ec5c-p005,S150b8360ec5c,page_render,5,assets/S150b8360ec5c/pages/p005.png,含图表/扫描内容的整页图，供显式打开核验
S150b8360ec5c-p006,S150b8360ec5c,page_render,6,assets/S150b8360ec5c/pages/p006.png,含图表/扫描内容的整页图，供显式打开核验
S150b8360ec5c-p007,S150b8360ec5c,page_render,7,assets/S150b8360ec5c/pages/p007.png,含图表/扫描内容的整页图，供显式打开核验
S150b8360ec5c-p008,S150b8360ec5c,page_render,8,assets/S150b8360ec5c/pages/p008.png,含图表/扫描内容的整页图，供显式打开核验
S150b8360ec5c-p009,S150b8360ec5c,page_render,9,assets/S150b8360ec5c/pages/p009.png,含图表/扫描内容的整页图，供显式打开核验
S150b8360ec5c-img-000,S150b8360ec5c,embedded_image,,assets/S150b8360ec5c/embedded/img-000.png,PDF 内嵌位图（矢量线条/组合图形不在此列，须看整页图）
S150b8360ec5c-img-001,S150b8360ec5c,embedded_image,,assets/S150b8360ec5c/embedded/img-001.png,PDF 内嵌位图（矢量线条/组合图形不在此列，须看整页图）
S150b8360ec5c-img-002,S150b8360ec5c,embedded_image,,assets/S150b8360ec5c/embedded/img-002.png,PDF 内嵌位图（矢量线条/组合图形不在此列，须看整页图）
S150b8360ec5c-img-003,S150b8360ec5c,embedded_image,,assets/S150b8360ec5c/embedded/img-003.png,PDF 内嵌位图（矢量线条/组合图形不在此列，须看整页图）
S150b8360ec5c-img-004,S150b8360ec5c,embedded_image,,assets/S150b8360ec5c/embedded/img-004.png,PDF 内嵌位图（矢量线条/组合图形不在此列，须看整页图）
S150b8360ec5c-img-005,S150b8360ec5c,embedded_image,,assets/S150b8360ec5c/embedded/img-005.png,PDF 内嵌位图（矢量线条/组合图形不在此列，须看整页图）
S150b8360ec5c-img-006,S150b8360ec5c,embedded_image,,assets/S150b8360ec5c/embedded/img-006.png,PDF 内嵌位图（矢量线条/组合图形不在此列，须看整页图）
S150b8360ec5c-img-007,S150b8360ec5c,embedded_image,,assets/S150b8360ec5c/embedded/img-007.png,PDF 内嵌位图（矢量线条/组合图形不在此列，须看整页图）
S150b8360ec5c-img-008,S150b8360ec5c,embedded_image,,assets/S150b8360ec5c/embedded/img-008.png,PDF 内嵌位图（矢量线条/组合图形不在此列，须看整页图）
S150b8360ec5c-img-009,S150b8360ec5c,embedded_image,,assets/S150b8360ec5c/embedded/img-009.png,PDF 内嵌位图（矢量线条/组合图形不在此列，须看整页图）
S150b8360ec5c-img-010,S150b8360ec5c,embedded_image,,assets/S150b8360ec5c/embedded/img-010.png,PDF 内嵌位图（矢量线条/组合图形不在此列，须看整页图）
S150b8360ec5c-img-011,S150b8360ec5c,embedded_image,,assets/S150b8360ec5c/embedded/img-011.png,PDF 内嵌位图（矢量线条/组合图形不在此列，须看整页图）
S150b8360ec5c-img-012,S150b8360ec5c,embedded_image,,assets/S150b8360ec5c/embedded/img-012.png,PDF 内嵌位图（矢量线条/组合图形不在此列，须看整页图）
S150b8360ec5c-img-013,S150b8360ec5c,embedded_image,,assets/S150b8360ec5c/embedded/img-013.png,PDF 内嵌位图（矢量线条/组合图形不在此列，须看整页图）
S150b8360ec5c-img-014,S150b8360ec5c,embedded_image,,assets/S150b8360ec5c/embedded/img-014.png,PDF 内嵌位图（矢量线条/组合图形不在此列，须看整页图）
S150b8360ec5c-img-015,S150b8360ec5c,embedded_image,,assets/S150b8360ec5c/embedded/img-015.png,PDF 内嵌位图（矢量线条/组合图形不在此列，须看整页图）
S150b8360ec5c-img-016,S150b8360ec5c,embedded_image,,assets/S150b8360ec5c/embedded/img-016.png,PDF 内嵌位图（矢量线条/组合图形不在此列，须看整页图）
S150b8360ec5c-img-017,S150b8360ec5c,embedded_image,,assets/S150b8360ec5c/embedded/img-017.png,PDF 内嵌位图（矢量线条/组合图形不在此列，须看整页图）
S150b8360ec5c-img-018,S150b8360ec5c,embedded_image,,assets/S150b8360ec5c/embedded/img-018.png,PDF 内嵌位图（矢量线条/组合图形不在此列，须看整页图）
S150b8360ec5c-img-019,S150b8360ec5c,embedded_image,,assets/S150b8360ec5c/embedded/img-019.png,PDF 内嵌位图（矢量线条/组合图形不在此列，须看整页图）
S150b8360ec5c-img-020,S150b8360ec5c,embedded_image,,assets/S150b8360ec5c/embedded/img-020.png,PDF 内嵌位图（矢量线条/组合图形不在此列，须看整页图）
S150b8360ec5c-img-021,S150b8360ec5c,embedded_image,,assets/S150b8360ec5c/embedded/img-021.png,PDF 内嵌位图（矢量线条/组合图形不在此列，须看整页图）
S150b8360ec5c-img-022,S150b8360ec5c,embedded_image,,assets/S150b8360ec5c/embedded/img-022.png,PDF 内嵌位图（矢量线条/组合图形不在此列，须看整页图）
S150b8360ec5c-img-023,S150b8360ec5c,embedded_image,,assets/S150b8360ec5c/embedded/img-023.png,PDF 内嵌位图（矢量线条/组合图形不在此列，须看整页图）
S150b8360ec5c-img-024,S150b8360ec5c,embedded_image,,assets/S150b8360ec5c/embedded/img-024.png,PDF 内嵌位图（矢量线条/组合图形不在此列，须看整页图）
S150b8360ec5c-img-025,S150b8360ec5c,embedded_image,,assets/S150b8360ec5c/embedded/img-025.png,PDF 内嵌位图（矢量线条/组合图形不在此列，须看整页图）
S150b8360ec5c-img-026,S150b8360ec5c,embedded_image,,assets/S150b8360ec5c/embedded/img-026.png,PDF 内嵌位图（矢量线条/组合图形不在此列，须看整页图）
S150b8360ec5c-img-027,S150b8360ec5c,embedded_image,,assets/S150b8360ec5c/embedded/img-027.png,PDF 内嵌位图（矢量线条/组合图形不在此列，须看整页图）
S150b8360ec5c-img-028,S150b8360ec5c,embedded_image,,assets/S150b8360ec5c/embedded/img-028.png,PDF 内嵌位图（矢量线条/组合图形不在此列，须看整页图）
S150b8360ec5c-img-029,S150b8360ec5c,embedded_image,,assets/S150b8360ec5c/embedded/img-029.png,PDF 内嵌位图（矢量线条/组合图形不在此列，须看整页图）
S150b8360ec5c-img-030,S150b8360ec5c,embedded_image,,assets/S150b8360ec5c/embedded/img-030.png,PDF 内嵌位图（矢量线条/组合图形不在此列，须看整页图）
S150b8360ec5c-img-031,S150b8360ec5c,embedded_image,,assets/S150b8360ec5c/embedded/img-031.png,PDF 内嵌位图（矢量线条/组合图形不在此列，须看整页图）
S150b8360ec5c-img-032,S150b8360ec5c,embedded_image,,assets/S150b8360ec5c/embedded/img-032.png,PDF 内嵌位图（矢量线条/组合图形不在此列，须看整页图）
S150b8360ec5c-img-033,S150b8360ec5c,embedded_image,,assets/S150b8360ec5c/embedded/img-033.png,PDF 内嵌位图（矢量线条/组合图形不在此列，须看整页图）
S150b8360ec5c-img-034,S150b8360ec5c,embedded_image,,assets/S150b8360ec5c/embedded/img-034.png,PDF 内嵌位图（矢量线条/组合图形不在此列，须看整页图）
S150b8360ec5c-img-035,S150b8360ec5c,embedded_image,,assets/S150b8360ec5c/embedded/img-035.png,PDF 内嵌位图（矢量线条/组合图形不在此列，须看整页图）
S150b8360ec5c-img-036,S150b8360ec5c,embedded_image,,assets/S150b8360ec5c/embedded/img-036.png,PDF 内嵌位图（矢量线条/组合图形不在此列，须看整页图）
S150b8360ec5c-img-037,S150b8360ec5c,embedded_image,,assets/S150b8360ec5c/embedded/img-037.png,PDF 内嵌位图（矢量线条/组合图形不在此列，须看整页图）
S150b8360ec5c-img-038,S150b8360ec5c,embedded_image,,assets/S150b8360ec5c/embedded/img-038.png,PDF 内嵌位图（矢量线条/组合图形不在此列，须看整页图）
S150b8360ec5c-img-039,S150b8360ec5c,embedded_image,,assets/S150b8360ec5c/embedded/img-039.png,PDF 内嵌位图（矢量线条/组合图形不在此列，须看整页图）
S150b8360ec5c-img-040,S150b8360ec5c,embedded_image,,assets/S150b8360ec5c/embedded/img-040.png,PDF 内嵌位图（矢量线条/组合图形不在此列，须看整页图）
S150b8360ec5c-img-041,S150b8360ec5c,embedded_image,,assets/S150b8360ec5c/embedded/img-041.png,PDF 内嵌位图（矢量线条/组合图形不在此列，须看整页图）
S150b8360ec5c-img-042,S150b8360ec5c,embedded_image,,assets/S150b8360ec5c/embedded/img-042.png,PDF 内嵌位图（矢量线条/组合图形不在此列，须看整页图）
S150b8360ec5c-img-043,S150b8360ec5c,embedded_image,,assets/S150b8360ec5c/embedded/img-043.png,PDF 内嵌位图（矢量线条/组合图形不在此列，须看整页图）
S150b8360ec5c-img-044,S150b8360ec5c,embedded_image,,assets/S150b8360ec5c/embedded/img-044.png,PDF 内嵌位图（矢量线条/组合图形不在此列，须看整页图）
S150b8360ec5c-img-045,S150b8360ec5c,embedded_image,,assets/S150b8360ec5c/embedded/img-045.png,PDF 内嵌位图（矢量线条/组合图形不在此列，须看整页图）
S150b8360ec5c-img-046,S150b8360ec5c,embedded_image,,assets/S150b8360ec5c/embedded/img-046.png,PDF 内嵌位图（矢量线条/组合图形不在此列，须看整页图）
S150b8360ec5c-img-047,S150b8360ec5c,embedded_image,,assets/S150b8360ec5c/embedded/img-047.png,PDF 内嵌位图（矢量线条/组合图形不在此列，须看整页图）
S150b8360ec5c-img-048,S150b8360ec5c,embedded_image,,assets/S150b8360ec5c/embedded/img-048.png,PDF 内嵌位图（矢量线条/组合图形不在此列，须看整页图）
S150b8360ec5c-img-049,S150b8360ec5c,embedded_image,,assets/S150b8360ec5c/embedded/img-049.png,PDF 内嵌位图（矢量线条/组合图形不在此列，须看整页图）
S150b8360ec5c-img-050,S150b8360ec5c,embedded_image,,assets/S150b8360ec5c/embedded/img-050.png,PDF 内嵌位图（矢量线条/组合图形不在此列，须看整页图）
S150b8360ec5c-img-051,S150b8360ec5c,embedded_image,,assets/S150b8360ec5c/embedded/img-051.png,PDF 内嵌位图（矢量线条/组合图形不在此列，须看整页图）
S150b8360ec5c-img-052,S150b8360ec5c,embedded_image,,assets/S150b8360ec5c/embedded/img-052.png,PDF 内嵌位图（矢量线条/组合图形不在此列，须看整页图）
S150b8360ec5c-img-053,S150b8360ec5c,embedded_image,,assets/S150b8360ec5c/embedded/img-053.png,PDF 内嵌位图（矢量线条/组合图形不在此列，须看整页图）
S150b8360ec5c-img-054,S150b8360ec5c,embedded_image,,assets/S150b8360ec5c/embedded/img-054.png,PDF 内嵌位图（矢量线条/组合图形不在此列，须看整页图）
S150b8360ec5c-img-055,S150b8360ec5c,embedded_image,,assets/S150b8360ec5c/embedded/img-055.png,PDF 内嵌位图（矢量线条/组合图形不在此列，须看整页图）
S150b8360ec5c-img-056,S150b8360ec5c,embedded_image,,assets/S150b8360ec5c/embedded/img-056.png,PDF 内嵌位图（矢量线条/组合图形不在此列，须看整页图）
S150b8360ec5c-img-057,S150b8360ec5c,embedded_image,,assets/S150b8360ec5c/embedded/img-057.png,PDF 内嵌位图（矢量线条/组合图形不在此列，须看整页图）
S150b8360ec5c-img-058,S150b8360ec5c,embedded_image,,assets/S150b8360ec5c/embedded/img-058.png,PDF 内嵌位图（矢量线条/组合图形不在此列，须看整页图）
S150b8360ec5c-img-059,S150b8360ec5c,embedded_image,,assets/S150b8360ec5c/embedded/img-059.png,PDF 内嵌位图（矢量线条/组合图形不在此列，须看整页图）
S150b8360ec5c-img-060,S150b8360ec5c,embedded_image,,assets/S150b8360ec5c/embedded/img-060.png,PDF 内嵌位图（矢量线条/组合图形不在此列，须看整页图）
S150b8360ec5c-img-061,S150b8360ec5c,embedded_image,,assets/S150b8360ec5c/embedded/img-061.png,PDF 内嵌位图（矢量线条/组合图形不在此列，须看整页图）
S150b8360ec5c-img-062,S150b8360ec5c,embedded_image,,assets/S150b8360ec5c/embedded/img-062.png,PDF 内嵌位图（矢量线条/组合图形不在此列，须看整页图）
S150b8360ec5c-img-063,S150b8360ec5c,embedded_image,,assets/S150b8360ec5c/embedded/img-063.png,PDF 内嵌位图（矢量线条/组合图形不在此列，须看整页图）
S150b8360ec5c-img-064,S150b8360ec5c,embedded_image,,assets/S150b8360ec5c/embedded/img-064.png,PDF 内嵌位图（矢量线条/组合图形不在此列，须看整页图）
S150b8360ec5c-img-065,S150b8360ec5c,embedded_image,,assets/S150b8360ec5c/embedded/img-065.png,PDF 内嵌位图（矢量线条/组合图形不在此列，须看整页图）
S150b8360ec5c-img-066,S150b8360ec5c,embedded_image,,assets/S150b8360ec5c/embedded/img-066.png,PDF 内嵌位图（矢量线条/组合图形不在此列，须看整页图）
S150b8360ec5c-img-067,S150b8360ec5c,embedded_image,,assets/S150b8360ec5c/embedded/img-067.png,PDF 内嵌位图（矢量线条/组合图形不在此列，须看整页图）
S150b8360ec5c-img-068,S150b8360ec5c,embedded_image,,assets/S150b8360ec5c/embedded/img-068.png,PDF 内嵌位图（矢量线条/组合图形不在此列，须看整页图）
S150b8360ec5c-img-069,S150b8360ec5c,embedded_image,,assets/S150b8360ec5c/embedded/img-069.png,PDF 内嵌位图（矢量线条/组合图形不在此列，须看整页图）
S150b8360ec5c-img-070,S150b8360ec5c,embedded_image,,assets/S150b8360ec5c/embedded/img-070.png,PDF 内嵌位图（矢量线条/组合图形不在此列，须看整页图）
S150b8360ec5c-img-071,S150b8360ec5c,embedded_image,,assets/S150b8360ec5c/embedded/img-071.png,PDF 内嵌位图（矢量线条/组合图形不在此列，须看整页图）
S150b8360ec5c-img-072,S150b8360ec5c,embedded_image,,assets/S150b8360ec5c/embedded/img-072.png,PDF 内嵌位图（矢量线条/组合图形不在此列，须看整页图）
S150b8360ec5c-img-073,S150b8360ec5c,embedded_image,,assets/S150b8360ec5c/embedded/img-073.png,PDF 内嵌位图（矢量线条/组合图形不在此列，须看整页图）
S150b8360ec5c-img-074,S150b8360ec5c,embedded_image,,assets/S150b8360ec5c/embedded/img-074.png,PDF 内嵌位图（矢量线条/组合图形不在此列，须看整页图）
S150b8360ec5c-img-075,S150b8360ec5c,embedded_image,,assets/S150b8360ec5c/embedded/img-075.png,PDF 内嵌位图（矢量线条/组合图形不在此列，须看整页图）
S150b8360ec5c-img-076,S150b8360ec5c,embedded_image,,assets/S150b8360ec5c/embedded/img-076.png,PDF 内嵌位图（矢量线条/组合图形不在此列，须看整页图）
S150b8360ec5c-img-077,S150b8360ec5c,embedded_image,,assets/S150b8360ec5c/embedded/img-077.png,PDF 内嵌位图（矢量线条/组合图形不在此列，须看整页图）
S150b8360ec5c-img-078,S150b8360ec5c,embedded_image,,assets/S150b8360ec5c/embedded/img-078.png,PDF 内嵌位图（矢量线条/组合图形不在此列，须看整页图）
S150b8360ec5c-img-079,S150b8360ec5c,embedded_image,,assets/S150b8360ec5c/embedded/img-079.png,PDF 内嵌位图（矢量线条/组合图形不在此列，须看整页图）
S150b8360ec5c-img-080,S150b8360ec5c,embedded_image,,assets/S150b8360ec5c/embedded/img-080.png,PDF 内嵌位图（矢量线条/组合图形不在此列，须看整页图）
S150b8360ec5c-img-081,S150b8360ec5c,embedded_image,,assets/S150b8360ec5c/embedded/img-081.png,PDF 内嵌位图（矢量线条/组合图形不在此列，须看整页图）
S150b8360ec5c-img-082,S150b8360ec5c,embedded_image,,assets/S150b8360ec5c/embedded/img-082.png,PDF 内嵌位图（矢量线条/组合图形不在此列，须看整页图）
S150b8360ec5c-img-083,S150b8360ec5c,embedded_image,,assets/S150b8360ec5c/embedded/img-083.png,PDF 内嵌位图（矢量线条/组合图形不在此列，须看整页图）
S150b8360ec5c-img-084,S150b8360ec5c,embedded_image,,assets/S150b8360ec5c/embedded/img-084.png,PDF 内嵌位图（矢量线条/组合图形不在此列，须看整页图）
S150b8360ec5c-img-085,S150b8360ec5c,embedded_image,,assets/S150b8360ec5c/embedded/img-085.png,PDF 内嵌位图（矢量线条/组合图形不在此列，须看整页图）
S150b8360ec5c-img-086,S150b8360ec5c,embedded_image,,assets/S150b8360ec5c/embedded/img-086.png,PDF 内嵌位图（矢量线条/组合图形不在此列，须看整页图）
S150b8360ec5c-img-087,S150b8360ec5c,embedded_image,,assets/S150b8360ec5c/embedded/img-087.png,PDF 内嵌位图（矢量线条/组合图形不在此列，须看整页图）
S150b8360ec5c-img-088,S150b8360ec5c,embedded_image,,assets/S150b8360ec5c/embedded/img-088.png,PDF 内嵌位图（矢量线条/组合图形不在此列，须看整页图）
S150b8360ec5c-img-089,S150b8360ec5c,embedded_image,,assets/S150b8360ec5c/embedded/img-089.png,PDF 内嵌位图（矢量线条/组合图形不在此列，须看整页图）
S150b8360ec5c-img-090,S150b8360ec5c,embedded_image,,assets/S150b8360ec5c/embedded/img-090.png,PDF 内嵌位图（矢量线条/组合图形不在此列，须看整页图）
S150b8360ec5c-img-091,S150b8360ec5c,embedded_image,,assets/S150b8360ec5c/embedded/img-091.png,PDF 内嵌位图（矢量线条/组合图形不在此列，须看整页图）
S150b8360ec5c-img-092,S150b8360ec5c,embedded_image,,assets/S150b8360ec5c/embedded/img-092.png,PDF 内嵌位图（矢量线条/组合图形不在此列，须看整页图）
S150b8360ec5c-img-093,S150b8360ec5c,embedded_image,,assets/S150b8360ec5c/embedded/img-093.png,PDF 内嵌位图（矢量线条/组合图形不在此列，须看整页图）
S150b8360ec5c-img-094,S150b8360ec5c,embedded_image,,assets/S150b8360ec5c/embedded/img-094.png,PDF 内嵌位图（矢量线条/组合图形不在此列，须看整页图）
S150b8360ec5c-img-095,S150b8360ec5c,embedded_image,,assets/S150b8360ec5c/embedded/img-095.png,PDF 内嵌位图（矢量线条/组合图形不在此列，须看整页图）
S150b8360ec5c-img-096,S150b8360ec5c,embedded_image,,assets/S150b8360ec5c/embedded/img-096.png,PDF 内嵌位图（矢量线条/组合图形不在此列，须看整页图）
S150b8360ec5c-img-097,S150b8360ec5c,embedded_image,,assets/S150b8360ec5c/embedded/img-097.png,PDF 内嵌位图（矢量线条/组合图形不在此列，须看整页图）
S150b8360ec5c-img-098,S150b8360ec5c,embedded_image,,assets/S150b8360ec5c/embedded/img-098.png,PDF 内嵌位图（矢量线条/组合图形不在此列，须看整页图）
S150b8360ec5c-img-099,S150b8360ec5c,embedded_image,,assets/S150b8360ec5c/embedded/img-099.png,PDF 内嵌位图（矢量线条/组合图形不在此列，须看整页图）
S150b8360ec5c-img-100,S150b8360ec5c,embedded_image,,assets/S150b8360ec5c/embedded/img-100.png,PDF 内嵌位图（矢量线条/组合图形不在此列，须看整页图）
S150b8360ec5c-img-101,S150b8360ec5c,embedded_image,,assets/S150b8360ec5c/embedded/img-101.png,PDF 内嵌位图（矢量线条/组合图形不在此列，须看整页图）
S150b8360ec5c-img-102,S150b8360ec5c,embedded_image,,assets/S150b8360ec5c/embedded/img-102.png,PDF 内嵌位图（矢量线条/组合图形不在此列，须看整页图）
S150b8360ec5c-img-103,S150b8360ec5c,embedded_image,,assets/S150b8360ec5c/embedded/img-103.png,PDF 内嵌位图（矢量线条/组合图形不在此列，须看整页图）
S150b8360ec5c-img-104,S150b8360ec5c,embedded_image,,assets/S150b8360ec5c/embedded/img-104.png,PDF 内嵌位图（矢量线条/组合图形不在此列，须看整页图）
S150b8360ec5c-img-105,S150b8360ec5c,embedded_image,,assets/S150b8360ec5c/embedded/img-105.png,PDF 内嵌位图（矢量线条/组合图形不在此列，须看整页图）
S150b8360ec5c-img-106,S150b8360ec5c,embedded_image,,assets/S150b8360ec5c/embedded/img-106.png,PDF 内嵌位图（矢量线条/组合图形不在此列，须看整页图）
S150b8360ec5c-img-107,S150b8360ec5c,embedded_image,,assets/S150b8360ec5c/embedded/img-107.png,PDF 内嵌位图（矢量线条/组合图形不在此列，须看整页图）
S150b8360ec5c-img-108,S150b8360ec5c,embedded_image,,assets/S150b8360ec5c/embedded/img-108.png,PDF 内嵌位图（矢量线条/组合图形不在此列，须看整页图）
S150b8360ec5c-img-109,S150b8360ec5c,embedded_image,,assets/S150b8360ec5c/embedded/img-109.png,PDF 内嵌位图（矢量线条/组合图形不在此列，须看整页图）
S150b8360ec5c-img-110,S150b8360ec5c,embedded_image,,assets/S150b8360ec5c/embedded/img-110.png,PDF 内嵌位图（矢量线条/组合图形不在此列，须看整页图）
S150b8360ec5c-img-111,S150b8360ec5c,embedded_image,,assets/S150b8360ec5c/embedded/img-111.png,PDF 内嵌位图（矢量线条/组合图形不在此列，须看整页图）
S150b8360ec5c-img-112,S150b8360ec5c,embedded_image,,assets/S150b8360ec5c/embedded/img-112.png,PDF 内嵌位图（矢量线条/组合图形不在此列，须看整页图）
S150b8360ec5c-img-113,S150b8360ec5c,embedded_image,,assets/S150b8360ec5c/embedded/img-113.png,PDF 内嵌位图（矢量线条/组合图形不在此列，须看整页图）
S150b8360ec5c-img-114,S150b8360ec5c,embedded_image,,assets/S150b8360ec5c/embedded/img-114.png,PDF 内嵌位图（矢量线条/组合图形不在此列，须看整页图）
S150b8360ec5c-img-115,S150b8360ec5c,embedded_image,,assets/S150b8360ec5c/embedded/img-115.png,PDF 内嵌位图（矢量线条/组合图形不在此列，须看整页图）
S150b8360ec5c-img-116,S150b8360ec5c,embedded_image,,assets/S150b8360ec5c/embedded/img-116.png,PDF 内嵌位图（矢量线条/组合图形不在此列，须看整页图）
S150b8360ec5c-img-117,S150b8360ec5c,embedded_image,,assets/S150b8360ec5c/embedded/img-117.png,PDF 内嵌位图（矢量线条/组合图形不在此列，须看整页图）
S150b8360ec5c-img-118,S150b8360ec5c,embedded_image,,assets/S150b8360ec5c/embedded/img-118.png,PDF 内嵌位图（矢量线条/组合图形不在此列，须看整页图）
S150b8360ec5c-img-119,S150b8360ec5c,embedded_image,,assets/S150b8360ec5c/embedded/img-119.png,PDF 内嵌位图（矢量线条/组合图形不在此列，须看整页图）
S150b8360ec5c-img-120,S150b8360ec5c,embedded_image,,assets/S150b8360ec5c/embedded/img-120.png,PDF 内嵌位图（矢量线条/组合图形不在此列，须看整页图）
S150b8360ec5c-img-121,S150b8360ec5c,embedded_image,,assets/S150b8360ec5c/embedded/img-121.png,PDF 内嵌位图（矢量线条/组合图形不在此列，须看整页图）
S150b8360ec5c-img-122,S150b8360ec5c,embedded_image,,assets/S150b8360ec5c/embedded/img-122.png,PDF 内嵌位图（矢量线条/组合图形不在此列，须看整页图）
S150b8360ec5c-img-123,S150b8360ec5c,embedded_image,,assets/S150b8360ec5c/embedded/img-123.png,PDF 内嵌位图（矢量线条/组合图形不在此列，须看整页图）
S150b8360ec5c-img-124,S150b8360ec5c,embedded_image,,assets/S150b8360ec5c/embedded/img-124.png,PDF 内嵌位图（矢量线条/组合图形不在此列，须看整页图）
S150b8360ec5c-img-125,S150b8360ec5c,embedded_image,,assets/S150b8360ec5c/embedded/img-125.png,PDF 内嵌位图（矢量线条/组合图形不在此列，须看整页图）
S150b8360ec5c-img-126,S150b8360ec5c,embedded_image,,assets/S150b8360ec5c/embedded/img-126.png,PDF 内嵌位图（矢量线条/组合图形不在此列，须看整页图）
S150b8360ec5c-img-127,S150b8360ec5c,embedded_image,,assets/S150b8360ec5c/embedded/img-127.png,PDF 内嵌位图（矢量线条/组合图形不在此列，须看整页图）
S150b8360ec5c-img-128,S150b8360ec5c,embedded_image,,assets/S150b8360ec5c/embedded/img-128.png,PDF 内嵌位图（矢量线条/组合图形不在此列，须看整页图）
S150b8360ec5c-img-129,S150b8360ec5c,embedded_image,,assets/S150b8360ec5c/embedded/img-129.png,PDF 内嵌位图（矢量线条/组合图形不在此列，须看整页图）
S150b8360ec5c-img-130,S150b8360ec5c,embedded_image,,assets/S150b8360ec5c/embedded/img-130.png,PDF 内嵌位图（矢量线条/组合图形不在此列，须看整页图）
S150b8360ec5c-img-131,S150b8360ec5c,embedded_image,,assets/S150b8360ec5c/embedded/img-131.png,PDF 内嵌位图（矢量线条/组合图形不在此列，须看整页图）
S150b8360ec5c-img-132,S150b8360ec5c,embedded_image,,assets/S150b8360ec5c/embedded/img-132.png,PDF 内嵌位图（矢量线条/组合图形不在此列，须看整页图）
S150b8360ec5c-img-133,S150b8360ec5c,embedded_image,,assets/S150b8360ec5c/embedded/img-133.png,PDF 内嵌位图（矢量线条/组合图形不在此列，须看整页图）
S150b8360ec5c-img-134,S150b8360ec5c,embedded_image,,assets/S150b8360ec5c/embedded/img-134.png,PDF 内嵌位图（矢量线条/组合图形不在此列，须看整页图）
S150b8360ec5c-img-135,S150b8360ec5c,embedded_image,,assets/S150b8360ec5c/embedded/img-135.png,PDF 内嵌位图（矢量线条/组合图形不在此列，须看整页图）
S150b8360ec5c-img-136,S150b8360ec5c,embedded_image,,assets/S150b8360ec5c/embedded/img-136.png,PDF 内嵌位图（矢量线条/组合图形不在此列，须看整页图）
S150b8360ec5c-img-137,S150b8360ec5c,embedded_image,,assets/S150b8360ec5c/embedded/img-137.png,PDF 内嵌位图（矢量线条/组合图形不在此列，须看整页图）
S150b8360ec5c-img-138,S150b8360ec5c,embedded_image,,assets/S150b8360ec5c/embedded/img-138.png,PDF 内嵌位图（矢量线条/组合图形不在此列，须看整页图）
S150b8360ec5c-img-139,S150b8360ec5c,embedded_image,,assets/S150b8360ec5c/embedded/img-139.png,PDF 内嵌位图（矢量线条/组合图形不在此列，须看整页图）
S150b8360ec5c-img-140,S150b8360ec5c,embedded_image,,assets/S150b8360ec5c/embedded/img-140.png,PDF 内嵌位图（矢量线条/组合图形不在此列，须看整页图）
S150b8360ec5c-img-141,S150b8360ec5c,embedded_image,,assets/S150b8360ec5c/embedded/img-141.png,PDF 内嵌位图（矢量线条/组合图形不在此列，须看整页图）
S150b8360ec5c-img-142,S150b8360ec5c,embedded_image,,assets/S150b8360ec5c/embedded/img-142.png,PDF 内嵌位图（矢量线条/组合图形不在此列，须看整页图）
S150b8360ec5c-img-143,S150b8360ec5c,embedded_image,,assets/S150b8360ec5c/embedded/img-143.png,PDF 内嵌位图（矢量线条/组合图形不在此列，须看整页图）
S150b8360ec5c-img-144,S150b8360ec5c,embedded_image,,assets/S150b8360ec5c/embedded/img-144.png,PDF 内嵌位图（矢量线条/组合图形不在此列，须看整页图）
S150b8360ec5c-img-145,S150b8360ec5c,embedded_image,,assets/S150b8360ec5c/embedded/img-145.png,PDF 内嵌位图（矢量线条/组合图形不在此列，须看整页图）
S150b8360ec5c-img-146,S150b8360ec5c,embedded_image,,assets/S150b8360ec5c/embedded/img-146.png,PDF 内嵌位图（矢量线条/组合图形不在此列，须看整页图）
S150b8360ec5c-img-147,S150b8360ec5c,embedded_image,,assets/S150b8360ec5c/embedded/img-147.png,PDF 内嵌位图（矢量线条/组合图形不在此列，须看整页图）
S150b8360ec5c-img-148,S150b8360ec5c,embedded_image,,assets/S150b8360ec5c/embedded/img-148.png,PDF 内嵌位图（矢量线条/组合图形不在此列，须看整页图）
S150b8360ec5c-img-149,S150b8360ec5c,embedded_image,,assets/S150b8360ec5c/embedded/img-149.png,PDF 内嵌位图（矢量线条/组合图形不在此列，须看整页图）
S150b8360ec5c-img-150,S150b8360ec5c,embedded_image,,assets/S150b8360ec5c/embedded/img-150.png,PDF 内嵌位图（矢量线条/组合图形不在此列，须看整页图）
S150b8360ec5c-img-151,S150b8360ec5c,embedded_image,,assets/S150b8360ec5c/embedded/img-151.png,PDF 内嵌位图（矢量线条/组合图形不在此列，须看整页图）
S150b8360ec5c-img-152,S150b8360ec5c,embedded_image,,assets/S150b8360ec5c/embedded/img-152.png,PDF 内嵌位图（矢量线条/组合图形不在此列，须看整页图）
S150b8360ec5c-img-153,S150b8360ec5c,embedded_image,,assets/S150b8360ec5c/embedded/img-153.png,PDF 内嵌位图（矢量线条/组合图形不在此列，须看整页图）
S150b8360ec5c-img-154,S150b8360ec5c,embedded_image,,assets/S150b8360ec5c/embedded/img-154.png,PDF 内嵌位图（矢量线条/组合图形不在此列，须看整页图）
S150b8360ec5c-img-155,S150b8360ec5c,embedded_image,,assets/S150b8360ec5c/embedded/img-155.png,PDF 内嵌位图（矢量线条/组合图形不在此列，须看整页图）
S150b8360ec5c-img-156,S150b8360ec5c,embedded_image,,assets/S150b8360ec5c/embedded/img-156.png,PDF 内嵌位图（矢量线条/组合图形不在此列，须看整页图）
S150b8360ec5c-img-157,S150b8360ec5c,embedded_image,,assets/S150b8360ec5c/embedded/img-157.png,PDF 内嵌位图（矢量线条/组合图形不在此列，须看整页图）
S150b8360ec5c-img-158,S150b8360ec5c,embedded_image,,assets/S150b8360ec5c/embedded/img-158.png,PDF 内嵌位图（矢量线条/组合图形不在此列，须看整页图）
S150b8360ec5c-img-159,S150b8360ec5c,embedded_image,,assets/S150b8360ec5c/embedded/img-159.png,PDF 内嵌位图（矢量线条/组合图形不在此列，须看整页图）
S150b8360ec5c-img-160,S150b8360ec5c,embedded_image,,assets/S150b8360ec5c/embedded/img-160.png,PDF 内嵌位图（矢量线条/组合图形不在此列，须看整页图）
S150b8360ec5c-img-161,S150b8360ec5c,embedded_image,,assets/S150b8360ec5c/embedded/img-161.png,PDF 内嵌位图（矢量线条/组合图形不在此列，须看整页图）
S150b8360ec5c-img-162,S150b8360ec5c,embedded_image,,assets/S150b8360ec5c/embedded/img-162.png,PDF 内嵌位图（矢量线条/组合图形不在此列，须看整页图）
S150b8360ec5c-img-163,S150b8360ec5c,embedded_image,,assets/S150b8360ec5c/embedded/img-163.png,PDF 内嵌位图（矢量线条/组合图形不在此列，须看整页图）
S150b8360ec5c-img-164,S150b8360ec5c,embedded_image,,assets/S150b8360ec5c/embedded/img-164.png,PDF 内嵌位图（矢量线条/组合图形不在此列，须看整页图）
S150b8360ec5c-img-165,S150b8360ec5c,embedded_image,,assets/S150b8360ec5c/embedded/img-165.png,PDF 内嵌位图（矢量线条/组合图形不在此列，须看整页图）
S150b8360ec5c-img-166,S150b8360ec5c,embedded_image,,assets/S150b8360ec5c/embedded/img-166.png,PDF 内嵌位图（矢量线条/组合图形不在此列，须看整页图）
S150b8360ec5c-img-167,S150b8360ec5c,embedded_image,,assets/S150b8360ec5c/embedded/img-167.png,PDF 内嵌位图（矢量线条/组合图形不在此列，须看整页图）
S150b8360ec5c-img-168,S150b8360ec5c,embedded_image,,assets/S150b8360ec5c/embedded/img-168.png,PDF 内嵌位图（矢量线条/组合图形不在此列，须看整页图）
S150b8360ec5c-img-169,S150b8360ec5c,embedded_image,,assets/S150b8360ec5c/embedded/img-169.png,PDF 内嵌位图（矢量线条/组合图形不在此列，须看整页图）
S150b8360ec5c-img-170,S150b8360ec5c,embedded_image,,assets/S150b8360ec5c/embedded/img-170.png,PDF 内嵌位图（矢量线条/组合图形不在此列，须看整页图）
S150b8360ec5c-img-171,S150b8360ec5c,embedded_image,,assets/S150b8360ec5c/embedded/img-171.png,PDF 内嵌位图（矢量线条/组合图形不在此列，须看整页图）
S150b8360ec5c-img-172,S150b8360ec5c,embedded_image,,assets/S150b8360ec5c/embedded/img-172.png,PDF 内嵌位图（矢量线条/组合图形不在此列，须看整页图）
S150b8360ec5c-img-173,S150b8360ec5c,embedded_image,,assets/S150b8360ec5c/embedded/img-173.png,PDF 内嵌位图（矢量线条/组合图形不在此列，须看整页图）
S150b8360ec5c-img-174,S150b8360ec5c,embedded_image,,assets/S150b8360ec5c/embedded/img-174.png,PDF 内嵌位图（矢量线条/组合图形不在此列，须看整页图）
S150b8360ec5c-img-175,S150b8360ec5c,embedded_image,,assets/S150b8360ec5c/embedded/img-175.png,PDF 内嵌位图（矢量线条/组合图形不在此列，须看整页图）
S150b8360ec5c-img-176,S150b8360ec5c,embedded_image,,assets/S150b8360ec5c/embedded/img-176.png,PDF 内嵌位图（矢量线条/组合图形不在此列，须看整页图）
S150b8360ec5c-img-177,S150b8360ec5c,embedded_image,,assets/S150b8360ec5c/embedded/img-177.png,PDF 内嵌位图（矢量线条/组合图形不在此列，须看整页图）
S150b8360ec5c-img-178,S150b8360ec5c,embedded_image,,assets/S150b8360ec5c/embedded/img-178.png,PDF 内嵌位图（矢量线条/组合图形不在此列，须看整页图）
S150b8360ec5c-img-179,S150b8360ec5c,embedded_image,,assets/S150b8360ec5c/embedded/img-179.png,PDF 内嵌位图（矢量线条/组合图形不在此列，须看整页图）
S150b8360ec5c-img-180,S150b8360ec5c,embedded_image,,assets/S150b8360ec5c/embedded/img-180.png,PDF 内嵌位图（矢量线条/组合图形不在此列，须看整页图）
S150b8360ec5c-img-181,S150b8360ec5c,embedded_image,,assets/S150b8360ec5c/embedded/img-181.png,PDF 内嵌位图（矢量线条/组合图形不在此列，须看整页图）
S150b8360ec5c-img-182,S150b8360ec5c,embedded_image,,assets/S150b8360ec5c/embedded/img-182.png,PDF 内嵌位图（矢量线条/组合图形不在此列，须看整页图）
S150b8360ec5c-img-183,S150b8360ec5c,embedded_image,,assets/S150b8360ec5c/embedded/img-183.png,PDF 内嵌位图（矢量线条/组合图形不在此列，须看整页图）
S150b8360ec5c-img-184,S150b8360ec5c,embedded_image,,assets/S150b8360ec5c/embedded/img-184.png,PDF 内嵌位图（矢量线条/组合图形不在此列，须看整页图）
S150b8360ec5c-img-185,S150b8360ec5c,embedded_image,,assets/S150b8360ec5c/embedded/img-185.png,PDF 内嵌位图（矢量线条/组合图形不在此列，须看整页图）
S150b8360ec5c-img-186,S150b8360ec5c,embedded_image,,assets/S150b8360ec5c/embedded/img-186.png,PDF 内嵌位图（矢量线条/组合图形不在此列，须看整页图）
S150b8360ec5c-img-187,S150b8360ec5c,embedded_image,,assets/S150b8360ec5c/embedded/img-187.png,PDF 内嵌位图（矢量线条/组合图形不在此列，须看整页图）
S150b8360ec5c-img-188,S150b8360ec5c,embedded_image,,assets/S150b8360ec5c/embedded/img-188.png,PDF 内嵌位图（矢量线条/组合图形不在此列，须看整页图）
S150b8360ec5c-img-189,S150b8360ec5c,embedded_image,,assets/S150b8360ec5c/embedded/img-189.png,PDF 内嵌位图（矢量线条/组合图形不在此列，须看整页图）
S150b8360ec5c-img-190,S150b8360ec5c,embedded_image,,assets/S150b8360ec5c/embedded/img-190.png,PDF 内嵌位图（矢量线条/组合图形不在此列，须看整页图）
S150b8360ec5c-img-191,S150b8360ec5c,embedded_image,,assets/S150b8360ec5c/embedded/img-191.png,PDF 内嵌位图（矢量线条/组合图形不在此列，须看整页图）
S150b8360ec5c-img-192,S150b8360ec5c,embedded_image,,assets/S150b8360ec5c/embedded/img-192.png,PDF 内嵌位图（矢量线条/组合图形不在此列，须看整页图）
S150b8360ec5c-img-193,S150b8360ec5c,embedded_image,,assets/S150b8360ec5c/embedded/img-193.png,PDF 内嵌位图（矢量线条/组合图形不在此列，须看整页图）
S150b8360ec5c-img-194,S150b8360ec5c,embedded_image,,assets/S150b8360ec5c/embedded/img-194.png,PDF 内嵌位图（矢量线条/组合图形不在此列，须看整页图）
S150b8360ec5c-img-195,S150b8360ec5c,embedded_image,,assets/S150b8360ec5c/embedded/img-195.png,PDF 内嵌位图（矢量线条/组合图形不在此列，须看整页图）
S150b8360ec5c-img-196,S150b8360ec5c,embedded_image,,assets/S150b8360ec5c/embedded/img-196.png,PDF 内嵌位图（矢量线条/组合图形不在此列，须看整页图）
S150b8360ec5c-img-197,S150b8360ec5c,embedded_image,,assets/S150b8360ec5c/embedded/img-197.png,PDF 内嵌位图（矢量线条/组合图形不在此列，须看整页图）
S150b8360ec5c-img-198,S150b8360ec5c,embedded_image,,assets/S150b8360ec5c/embedded/img-198.png,PDF 内嵌位图（矢量线条/组合图形不在此列，须看整页图）
S150b8360ec5c-img-199,S150b8360ec5c,embedded_image,,assets/S150b8360ec5c/embedded/img-199.png,PDF 内嵌位图（矢量线条/组合图形不在此列，须看整页图）
S150b8360ec5c-img-200,S150b8360ec5c,embedded_image,,assets/S150b8360ec5c/embedded/img-200.png,PDF 内嵌位图（矢量线条/组合图形不在此列，须看整页图）
S150b8360ec5c-img-201,S150b8360ec5c,embedded_image,,assets/S150b8360ec5c/embedded/img-201.png,PDF 内嵌位图（矢量线条/组合图形不在此列，须看整页图）
S150b8360ec5c-img-202,S150b8360ec5c,embedded_image,,assets/S150b8360ec5c/embedded/img-202.png,PDF 内嵌位图（矢量线条/组合图形不在此列，须看整页图）
S150b8360ec5c-img-203,S150b8360ec5c,embedded_image,,assets/S150b8360ec5c/embedded/img-203.png,PDF 内嵌位图（矢量线条/组合图形不在此列，须看整页图）
S150b8360ec5c-img-204,S150b8360ec5c,embedded_image,,assets/S150b8360ec5c/embedded/img-204.png,PDF 内嵌位图（矢量线条/组合图形不在此列，须看整页图）
S150b8360ec5c-img-205,S150b8360ec5c,embedded_image,,assets/S150b8360ec5c/embedded/img-205.png,PDF 内嵌位图（矢量线条/组合图形不在此列，须看整页图）
S150b8360ec5c-img-206,S150b8360ec5c,embedded_image,,assets/S150b8360ec5c/embedded/img-206.png,PDF 内嵌位图（矢量线条/组合图形不在此列，须看整页图）
S150b8360ec5c-img-207,S150b8360ec5c,embedded_image,,assets/S150b8360ec5c/embedded/img-207.png,PDF 内嵌位图（矢量线条/组合图形不在此列，须看整页图）
S150b8360ec5c-img-208,S150b8360ec5c,embedded_image,,assets/S150b8360ec5c/embedded/img-208.png,PDF 内嵌位图（矢量线条/组合图形不在此列，须看整页图）
S150b8360ec5c-img-209,S150b8360ec5c,embedded_image,,assets/S150b8360ec5c/embedded/img-209.png,PDF 内嵌位图（矢量线条/组合图形不在此列，须看整页图）
S150b8360ec5c-img-210,S150b8360ec5c,embedded_image,,assets/S150b8360ec5c/embedded/img-210.png,PDF 内嵌位图（矢量线条/组合图形不在此列，须看整页图）
S150b8360ec5c-img-211,S150b8360ec5c,embedded_image,,assets/S150b8360ec5c/embedded/img-211.png,PDF 内嵌位图（矢量线条/组合图形不在此列，须看整页图）
S150b8360ec5c-img-212,S150b8360ec5c,embedded_image,,assets/S150b8360ec5c/embedded/img-212.png,PDF 内嵌位图（矢量线条/组合图形不在此列，须看整页图）
S150b8360ec5c-img-213,S150b8360ec5c,embedded_image,,assets/S150b8360ec5c/embedded/img-213.png,PDF 内嵌位图（矢量线条/组合图形不在此列，须看整页图）
S150b8360ec5c-img-214,S150b8360ec5c,embedded_image,,assets/S150b8360ec5c/embedded/img-214.png,PDF 内嵌位图（矢量线条/组合图形不在此列，须看整页图）
S150b8360ec5c-img-215,S150b8360ec5c,embedded_image,,assets/S150b8360ec5c/embedded/img-215.png,PDF 内嵌位图（矢量线条/组合图形不在此列，须看整页图）
S150b8360ec5c-img-216,S150b8360ec5c,embedded_image,,assets/S150b8360ec5c/embedded/img-216.png,PDF 内嵌位图（矢量线条/组合图形不在此列，须看整页图）
S150b8360ec5c-img-217,S150b8360ec5c,embedded_image,,assets/S150b8360ec5c/embedded/img-217.png,PDF 内嵌位图（矢量线条/组合图形不在此列，须看整页图）
S150b8360ec5c-img-218,S150b8360ec5c,embedded_image,,assets/S150b8360ec5c/embedded/img-218.png,PDF 内嵌位图（矢量线条/组合图形不在此列，须看整页图）
S150b8360ec5c-img-219,S150b8360ec5c,embedded_image,,assets/S150b8360ec5c/embedded/img-219.png,PDF 内嵌位图（矢量线条/组合图形不在此列，须看整页图）
S150b8360ec5c-img-220,S150b8360ec5c,embedded_image,,assets/S150b8360ec5c/embedded/img-220.png,PDF 内嵌位图（矢量线条/组合图形不在此列，须看整页图）
S150b8360ec5c-img-221,S150b8360ec5c,embedded_image,,assets/S150b8360ec5c/embedded/img-221.png,PDF 内嵌位图（矢量线条/组合图形不在此列，须看整页图）
S150b8360ec5c-img-222,S150b8360ec5c,embedded_image,,assets/S150b8360ec5c/embedded/img-222.png,PDF 内嵌位图（矢量线条/组合图形不在此列，须看整页图）
S150b8360ec5c-img-223,S150b8360ec5c,embedded_image,,assets/S150b8360ec5c/embedded/img-223.png,PDF 内嵌位图（矢量线条/组合图形不在此列，须看整页图）
S150b8360ec5c-img-224,S150b8360ec5c,embedded_image,,assets/S150b8360ec5c/embedded/img-224.png,PDF 内嵌位图（矢量线条/组合图形不在此列，须看整页图）
S150b8360ec5c-img-225,S150b8360ec5c,embedded_image,,assets/S150b8360ec5c/embedded/img-225.png,PDF 内嵌位图（矢量线条/组合图形不在此列，须看整页图）
S150b8360ec5c-img-226,S150b8360ec5c,embedded_image,,assets/S150b8360ec5c/embedded/img-226.png,PDF 内嵌位图（矢量线条/组合图形不在此列，须看整页图）
S150b8360ec5c-img-227,S150b8360ec5c,embedded_image,,assets/S150b8360ec5c/embedded/img-227.png,PDF 内嵌位图（矢量线条/组合图形不在此列，须看整页图）
S150b8360ec5c-img-228,S150b8360ec5c,embedded_image,,assets/S150b8360ec5c/embedded/img-228.png,PDF 内嵌位图（矢量线条/组合图形不在此列，须看整页图）
S150b8360ec5c-img-229,S150b8360ec5c,embedded_image,,assets/S150b8360ec5c/embedded/img-229.png,PDF 内嵌位图（矢量线条/组合图形不在此列，须看整页图）
S150b8360ec5c-img-230,S150b8360ec5c,embedded_image,,assets/S150b8360ec5c/embedded/img-230.png,PDF 内嵌位图（矢量线条/组合图形不在此列，须看整页图）
S150b8360ec5c-img-231,S150b8360ec5c,embedded_image,,assets/S150b8360ec5c/embedded/img-231.png,PDF 内嵌位图（矢量线条/组合图形不在此列，须看整页图）
S150b8360ec5c-img-232,S150b8360ec5c,embedded_image,,assets/S150b8360ec5c/embedded/img-232.png,PDF 内嵌位图（矢量线条/组合图形不在此列，须看整页图）
S150b8360ec5c-img-233,S150b8360ec5c,embedded_image,,assets/S150b8360ec5c/embedded/img-233.png,PDF 内嵌位图（矢量线条/组合图形不在此列，须看整页图）
S150b8360ec5c-img-234,S150b8360ec5c,embedded_image,,assets/S150b8360ec5c/embedded/img-234.png,PDF 内嵌位图（矢量线条/组合图形不在此列，须看整页图）
S150b8360ec5c-img-235,S150b8360ec5c,embedded_image,,assets/S150b8360ec5c/embedded/img-235.png,PDF 内嵌位图（矢量线条/组合图形不在此列，须看整页图）
S150b8360ec5c-img-236,S150b8360ec5c,embedded_image,,assets/S150b8360ec5c/embedded/img-236.png,PDF 内嵌位图（矢量线条/组合图形不在此列，须看整页图）
S150b8360ec5c-img-237,S150b8360ec5c,embedded_image,,assets/S150b8360ec5c/embedded/img-237.png,PDF 内嵌位图（矢量线条/组合图形不在此列，须看整页图）
S150b8360ec5c-img-238,S150b8360ec5c,embedded_image,,assets/S150b8360ec5c/embedded/img-238.png,PDF 内嵌位图（矢量线条/组合图形不在此列，须看整页图）
S150b8360ec5c-img-239,S150b8360ec5c,embedded_image,,assets/S150b8360ec5c/embedded/img-239.png,PDF 内嵌位图（矢量线条/组合图形不在此列，须看整页图）
Seed66a4c3a30-p001,Seed66a4c3a30,page_render,1,assets/Seed66a4c3a30/pages/p001.png,含图表/扫描内容的整页图，供显式打开核验
Seed66a4c3a30-p002,Seed66a4c3a30,page_render,2,assets/Seed66a4c3a30/pages/p002.png,含图表/扫描内容的整页图，供显式打开核验
Seed66a4c3a30-p003,Seed66a4c3a30,page_render,3,assets/Seed66a4c3a30/pages/p003.png,含图表/扫描内容的整页图，供显式打开核验
Seed66a4c3a30-p004,Seed66a4c3a30,page_render,4,assets/Seed66a4c3a30/pages/p004.png,含图表/扫描内容的整页图，供显式打开核验
Seed66a4c3a30-p005,Seed66a4c3a30,page_render,5,assets/Seed66a4c3a30/pages/p005.png,含图表/扫描内容的整页图，供显式打开核验
Seed66a4c3a30-p006,Seed66a4c3a30,page_render,6,assets/Seed66a4c3a30/pages/p006.png,含图表/扫描内容的整页图，供显式打开核验
Seed66a4c3a30-p007,Seed66a4c3a30,page_render,7,assets/Seed66a4c3a30/pages/p007.png,含图表/扫描内容的整页图，供显式打开核验
Seed66a4c3a30-p008,Seed66a4c3a30,page_render,8,assets/Seed66a4c3a30/pages/p008.png,含图表/扫描内容的整页图，供显式打开核验
Seed66a4c3a30-p009,Seed66a4c3a30,page_render,9,assets/Seed66a4c3a30/pages/p009.png,含图表/扫描内容的整页图，供显式打开核验
Seed66a4c3a30-p010,Seed66a4c3a30,page_render,10,assets/Seed66a4c3a30/pages/p010.png,含图表/扫描内容的整页图，供显式打开核验
Seed66a4c3a30-p011,Seed66a4c3a30,page_render,11,assets/Seed66a4c3a30/pages/p011.png,含图表/扫描内容的整页图，供显式打开核验
Seed66a4c3a30-p012,Seed66a4c3a30,page_render,12,assets/Seed66a4c3a30/pages/p012.png,含图表/扫描内容的整页图，供显式打开核验
Seed66a4c3a30-p013,Seed66a4c3a30,page_render,13,assets/Seed66a4c3a30/pages/p013.png,含图表/扫描内容的整页图，供显式打开核验
Seed66a4c3a30-p014,Seed66a4c3a30,page_render,14,assets/Seed66a4c3a30/pages/p014.png,含图表/扫描内容的整页图，供显式打开核验
Seed66a4c3a30-p015,Seed66a4c3a30,page_render,15,assets/Seed66a4c3a30/pages/p015.png,含图表/扫描内容的整页图，供显式打开核验
Seed66a4c3a30-p016,Seed66a4c3a30,page_render,16,assets/Seed66a4c3a30/pages/p016.png,含图表/扫描内容的整页图，供显式打开核验
Seed66a4c3a30-p017,Seed66a4c3a30,page_render,17,assets/Seed66a4c3a30/pages/p017.png,含图表/扫描内容的整页图，供显式打开核验
Seed66a4c3a30-p018,Seed66a4c3a30,page_render,18,assets/Seed66a4c3a30/pages/p018.png,含图表/扫描内容的整页图，供显式打开核验
Seed66a4c3a30-p019,Seed66a4c3a30,page_render,19,assets/Seed66a4c3a30/pages/p019.png,含图表/扫描内容的整页图，供显式打开核验
Seed66a4c3a30-p020,Seed66a4c3a30,page_render,20,assets/Seed66a4c3a30/pages/p020.png,含图表/扫描内容的整页图，供显式打开核验
Seed66a4c3a30-img-000,Seed66a4c3a30,embedded_image,,assets/Seed66a4c3a30/embedded/img-000.png,PDF 内嵌位图（矢量线条/组合图形不在此列，须看整页图）
Seed66a4c3a30-img-001,Seed66a4c3a30,embedded_image,,assets/Seed66a4c3a30/embedded/img-001.png,PDF 内嵌位图（矢量线条/组合图形不在此列，须看整页图）
Seed66a4c3a30-img-002,Seed66a4c3a30,embedded_image,,assets/Seed66a4c3a30/embedded/img-002.png,PDF 内嵌位图（矢量线条/组合图形不在此列，须看整页图）
Seed66a4c3a30-img-003,Seed66a4c3a30,embedded_image,,assets/Seed66a4c3a30/embedded/img-003.png,PDF 内嵌位图（矢量线条/组合图形不在此列，须看整页图）
Seed66a4c3a30-img-004,Seed66a4c3a30,embedded_image,,assets/Seed66a4c3a30/embedded/img-004.png,PDF 内嵌位图（矢量线条/组合图形不在此列，须看整页图）
Seed66a4c3a30-img-005,Seed66a4c3a30,embedded_image,,assets/Seed66a4c3a30/embedded/img-005.png,PDF 内嵌位图（矢量线条/组合图形不在此列，须看整页图）
Seed66a4c3a30-img-006,Seed66a4c3a30,embedded_image,,assets/Seed66a4c3a30/embedded/img-006.png,PDF 内嵌位图（矢量线条/组合图形不在此列，须看整页图）
Seed66a4c3a30-img-007,Seed66a4c3a30,embedded_image,,assets/Seed66a4c3a30/embedded/img-007.png,PDF 内嵌位图（矢量线条/组合图形不在此列，须看整页图）
Seed66a4c3a30-img-008,Seed66a4c3a30,embedded_image,,assets/Seed66a4c3a30/embedded/img-008.png,PDF 内嵌位图（矢量线条/组合图形不在此列，须看整页图）
Seed66a4c3a30-img-009,Seed66a4c3a30,embedded_image,,assets/Seed66a4c3a30/embedded/img-009.png,PDF 内嵌位图（矢量线条/组合图形不在此列，须看整页图）
Seed66a4c3a30-img-010,Seed66a4c3a30,embedded_image,,assets/Seed66a4c3a30/embedded/img-010.png,PDF 内嵌位图（矢量线条/组合图形不在此列，须看整页图）
Seed66a4c3a30-img-011,Seed66a4c3a30,embedded_image,,assets/Seed66a4c3a30/embedded/img-011.png,PDF 内嵌位图（矢量线条/组合图形不在此列，须看整页图）
Seed66a4c3a30-img-012,Seed66a4c3a30,embedded_image,,assets/Seed66a4c3a30/embedded/img-012.png,PDF 内嵌位图（矢量线条/组合图形不在此列，须看整页图）
Seed66a4c3a30-img-013,Seed66a4c3a30,embedded_image,,assets/Seed66a4c3a30/embedded/img-013.png,PDF 内嵌位图（矢量线条/组合图形不在此列，须看整页图）
Seed66a4c3a30-img-014,Seed66a4c3a30,embedded_image,,assets/Seed66a4c3a30/embedded/img-014.png,PDF 内嵌位图（矢量线条/组合图形不在此列，须看整页图）
Seed66a4c3a30-img-015,Seed66a4c3a30,embedded_image,,assets/Seed66a4c3a30/embedded/img-015.png,PDF 内嵌位图（矢量线条/组合图形不在此列，须看整页图）
Seed66a4c3a30-img-016,Seed66a4c3a30,embedded_image,,assets/Seed66a4c3a30/embedded/img-016.png,PDF 内嵌位图（矢量线条/组合图形不在此列，须看整页图）
Seed66a4c3a30-img-017,Seed66a4c3a30,embedded_image,,assets/Seed66a4c3a30/embedded/img-017.png,PDF 内嵌位图（矢量线条/组合图形不在此列，须看整页图）
Seed66a4c3a30-img-018,Seed66a4c3a30,embedded_image,,assets/Seed66a4c3a30/embedded/img-018.png,PDF 内嵌位图（矢量线条/组合图形不在此列，须看整页图）
Seed66a4c3a30-img-019,Seed66a4c3a30,embedded_image,,assets/Seed66a4c3a30/embedded/img-019.png,PDF 内嵌位图（矢量线条/组合图形不在此列，须看整页图）
Seed66a4c3a30-img-020,Seed66a4c3a30,embedded_image,,assets/Seed66a4c3a30/embedded/img-020.png,PDF 内嵌位图（矢量线条/组合图形不在此列，须看整页图）
Seed66a4c3a30-img-021,Seed66a4c3a30,embedded_image,,assets/Seed66a4c3a30/embedded/img-021.png,PDF 内嵌位图（矢量线条/组合图形不在此列，须看整页图）
Seed66a4c3a30-img-022,Seed66a4c3a30,embedded_image,,assets/Seed66a4c3a30/embedded/img-022.png,PDF 内嵌位图（矢量线条/组合图形不在此列，须看整页图）
Seed66a4c3a30-img-023,Seed66a4c3a30,embedded_image,,assets/Seed66a4c3a30/embedded/img-023.png,PDF 内嵌位图（矢量线条/组合图形不在此列，须看整页图）
Seed66a4c3a30-img-024,Seed66a4c3a30,embedded_image,,assets/Seed66a4c3a30/embedded/img-024.png,PDF 内嵌位图（矢量线条/组合图形不在此列，须看整页图）
Seed66a4c3a30-img-025,Seed66a4c3a30,embedded_image,,assets/Seed66a4c3a30/embedded/img-025.png,PDF 内嵌位图（矢量线条/组合图形不在此列，须看整页图）
Seed66a4c3a30-img-026,Seed66a4c3a30,embedded_image,,assets/Seed66a4c3a30/embedded/img-026.png,PDF 内嵌位图（矢量线条/组合图形不在此列，须看整页图）
Seed66a4c3a30-img-027,Seed66a4c3a30,embedded_image,,assets/Seed66a4c3a30/embedded/img-027.png,PDF 内嵌位图（矢量线条/组合图形不在此列，须看整页图）
Seed66a4c3a30-img-028,Seed66a4c3a30,embedded_image,,assets/Seed66a4c3a30/embedded/img-028.png,PDF 内嵌位图（矢量线条/组合图形不在此列，须看整页图）
Seed66a4c3a30-img-029,Seed66a4c3a30,embedded_image,,assets/Seed66a4c3a30/embedded/img-029.png,PDF 内嵌位图（矢量线条/组合图形不在此列，须看整页图）
Seed66a4c3a30-img-030,Seed66a4c3a30,embedded_image,,assets/Seed66a4c3a30/embedded/img-030.png,PDF 内嵌位图（矢量线条/组合图形不在此列，须看整页图）
Seed66a4c3a30-img-031,Seed66a4c3a30,embedded_image,,assets/Seed66a4c3a30/embedded/img-031.png,PDF 内嵌位图（矢量线条/组合图形不在此列，须看整页图）
Seed66a4c3a30-img-032,Seed66a4c3a30,embedded_image,,assets/Seed66a4c3a30/embedded/img-032.png,PDF 内嵌位图（矢量线条/组合图形不在此列，须看整页图）
Seed66a4c3a30-img-033,Seed66a4c3a30,embedded_image,,assets/Seed66a4c3a30/embedded/img-033.png,PDF 内嵌位图（矢量线条/组合图形不在此列，须看整页图）
Seed66a4c3a30-img-034,Seed66a4c3a30,embedded_image,,assets/Seed66a4c3a30/embedded/img-034.png,PDF 内嵌位图（矢量线条/组合图形不在此列，须看整页图）
Seed66a4c3a30-img-035,Seed66a4c3a30,embedded_image,,assets/Seed66a4c3a30/embedded/img-035.png,PDF 内嵌位图（矢量线条/组合图形不在此列，须看整页图）
Seed66a4c3a30-img-036,Seed66a4c3a30,embedded_image,,assets/Seed66a4c3a30/embedded/img-036.png,PDF 内嵌位图（矢量线条/组合图形不在此列，须看整页图）
Seed66a4c3a30-img-037,Seed66a4c3a30,embedded_image,,assets/Seed66a4c3a30/embedded/img-037.png,PDF 内嵌位图（矢量线条/组合图形不在此列，须看整页图）
Seed66a4c3a30-img-038,Seed66a4c3a30,embedded_image,,assets/Seed66a4c3a30/embedded/img-038.png,PDF 内嵌位图（矢量线条/组合图形不在此列，须看整页图）
Seed66a4c3a30-img-039,Seed66a4c3a30,embedded_image,,assets/Seed66a4c3a30/embedded/img-039.png,PDF 内嵌位图（矢量线条/组合图形不在此列，须看整页图）
Seed66a4c3a30-img-040,Seed66a4c3a30,embedded_image,,assets/Seed66a4c3a30/embedded/img-040.png,PDF 内嵌位图（矢量线条/组合图形不在此列，须看整页图）
Seed66a4c3a30-img-041,Seed66a4c3a30,embedded_image,,assets/Seed66a4c3a30/embedded/img-041.png,PDF 内嵌位图（矢量线条/组合图形不在此列，须看整页图）
Seed66a4c3a30-img-042,Seed66a4c3a30,embedded_image,,assets/Seed66a4c3a30/embedded/img-042.png,PDF 内嵌位图（矢量线条/组合图形不在此列，须看整页图）
Seed66a4c3a30-img-043,Seed66a4c3a30,embedded_image,,assets/Seed66a4c3a30/embedded/img-043.png,PDF 内嵌位图（矢量线条/组合图形不在此列，须看整页图）
Seed66a4c3a30-img-044,Seed66a4c3a30,embedded_image,,assets/Seed66a4c3a30/embedded/img-044.png,PDF 内嵌位图（矢量线条/组合图形不在此列，须看整页图）
Seed66a4c3a30-img-045,Seed66a4c3a30,embedded_image,,assets/Seed66a4c3a30/embedded/img-045.png,PDF 内嵌位图（矢量线条/组合图形不在此列，须看整页图）
Seed66a4c3a30-img-046,Seed66a4c3a30,embedded_image,,assets/Seed66a4c3a30/embedded/img-046.png,PDF 内嵌位图（矢量线条/组合图形不在此列，须看整页图）
Seed66a4c3a30-img-047,Seed66a4c3a30,embedded_image,,assets/Seed66a4c3a30/embedded/img-047.png,PDF 内嵌位图（矢量线条/组合图形不在此列，须看整页图）
Seed66a4c3a30-img-048,Seed66a4c3a30,embedded_image,,assets/Seed66a4c3a30/embedded/img-048.png,PDF 内嵌位图（矢量线条/组合图形不在此列，须看整页图）
Seed66a4c3a30-img-049,Seed66a4c3a30,embedded_image,,assets/Seed66a4c3a30/embedded/img-049.png,PDF 内嵌位图（矢量线条/组合图形不在此列，须看整页图）
Seed66a4c3a30-img-050,Seed66a4c3a30,embedded_image,,assets/Seed66a4c3a30/embedded/img-050.png,PDF 内嵌位图（矢量线条/组合图形不在此列，须看整页图）
Seed66a4c3a30-img-051,Seed66a4c3a30,embedded_image,,assets/Seed66a4c3a30/embedded/img-051.png,PDF 内嵌位图（矢量线条/组合图形不在此列，须看整页图）
Seed66a4c3a30-img-052,Seed66a4c3a30,embedded_image,,assets/Seed66a4c3a30/embedded/img-052.png,PDF 内嵌位图（矢量线条/组合图形不在此列，须看整页图）
Seed66a4c3a30-img-053,Seed66a4c3a30,embedded_image,,assets/Seed66a4c3a30/embedded/img-053.png,PDF 内嵌位图（矢量线条/组合图形不在此列，须看整页图）
Seed66a4c3a30-img-054,Seed66a4c3a30,embedded_image,,assets/Seed66a4c3a30/embedded/img-054.png,PDF 内嵌位图（矢量线条/组合图形不在此列，须看整页图）
Seed66a4c3a30-img-055,Seed66a4c3a30,embedded_image,,assets/Seed66a4c3a30/embedded/img-055.png,PDF 内嵌位图（矢量线条/组合图形不在此列，须看整页图）
Seed66a4c3a30-img-056,Seed66a4c3a30,embedded_image,,assets/Seed66a4c3a30/embedded/img-056.png,PDF 内嵌位图（矢量线条/组合图形不在此列，须看整页图）
Seed66a4c3a30-img-057,Seed66a4c3a30,embedded_image,,assets/Seed66a4c3a30/embedded/img-057.png,PDF 内嵌位图（矢量线条/组合图形不在此列，须看整页图）
Seed66a4c3a30-img-058,Seed66a4c3a30,embedded_image,,assets/Seed66a4c3a30/embedded/img-058.png,PDF 内嵌位图（矢量线条/组合图形不在此列，须看整页图）
Seed66a4c3a30-img-059,Seed66a4c3a30,embedded_image,,assets/Seed66a4c3a30/embedded/img-059.png,PDF 内嵌位图（矢量线条/组合图形不在此列，须看整页图）
Seed66a4c3a30-img-060,Seed66a4c3a30,embedded_image,,assets/Seed66a4c3a30/embedded/img-060.png,PDF 内嵌位图（矢量线条/组合图形不在此列，须看整页图）
Seed66a4c3a30-img-061,Seed66a4c3a30,embedded_image,,assets/Seed66a4c3a30/embedded/img-061.png,PDF 内嵌位图（矢量线条/组合图形不在此列，须看整页图）
Seed66a4c3a30-img-062,Seed66a4c3a30,embedded_image,,assets/Seed66a4c3a30/embedded/img-062.png,PDF 内嵌位图（矢量线条/组合图形不在此列，须看整页图）
Seed66a4c3a30-img-063,Seed66a4c3a30,embedded_image,,assets/Seed66a4c3a30/embedded/img-063.png,PDF 内嵌位图（矢量线条/组合图形不在此列，须看整页图）
Seed66a4c3a30-img-064,Seed66a4c3a30,embedded_image,,assets/Seed66a4c3a30/embedded/img-064.png,PDF 内嵌位图（矢量线条/组合图形不在此列，须看整页图）
Seed66a4c3a30-img-065,Seed66a4c3a30,embedded_image,,assets/Seed66a4c3a30/embedded/img-065.png,PDF 内嵌位图（矢量线条/组合图形不在此列，须看整页图）
Seed66a4c3a30-img-066,Seed66a4c3a30,embedded_image,,assets/Seed66a4c3a30/embedded/img-066.png,PDF 内嵌位图（矢量线条/组合图形不在此列，须看整页图）
Seed66a4c3a30-img-067,Seed66a4c3a30,embedded_image,,assets/Seed66a4c3a30/embedded/img-067.png,PDF 内嵌位图（矢量线条/组合图形不在此列，须看整页图）
Seed66a4c3a30-img-068,Seed66a4c3a30,embedded_image,,assets/Seed66a4c3a30/embedded/img-068.png,PDF 内嵌位图（矢量线条/组合图形不在此列，须看整页图）
Seed66a4c3a30-img-069,Seed66a4c3a30,embedded_image,,assets/Seed66a4c3a30/embedded/img-069.png,PDF 内嵌位图（矢量线条/组合图形不在此列，须看整页图）
Seed66a4c3a30-img-070,Seed66a4c3a30,embedded_image,,assets/Seed66a4c3a30/embedded/img-070.png,PDF 内嵌位图（矢量线条/组合图形不在此列，须看整页图）
Seed66a4c3a30-img-071,Seed66a4c3a30,embedded_image,,assets/Seed66a4c3a30/embedded/img-071.png,PDF 内嵌位图（矢量线条/组合图形不在此列，须看整页图）
Seed66a4c3a30-img-072,Seed66a4c3a30,embedded_image,,assets/Seed66a4c3a30/embedded/img-072.png,PDF 内嵌位图（矢量线条/组合图形不在此列，须看整页图）
Seed66a4c3a30-img-073,Seed66a4c3a30,embedded_image,,assets/Seed66a4c3a30/embedded/img-073.png,PDF 内嵌位图（矢量线条/组合图形不在此列，须看整页图）
Seed66a4c3a30-img-074,Seed66a4c3a30,embedded_image,,assets/Seed66a4c3a30/embedded/img-074.png,PDF 内嵌位图（矢量线条/组合图形不在此列，须看整页图）
Seed66a4c3a30-img-075,Seed66a4c3a30,embedded_image,,assets/Seed66a4c3a30/embedded/img-075.png,PDF 内嵌位图（矢量线条/组合图形不在此列，须看整页图）
Seed66a4c3a30-img-076,Seed66a4c3a30,embedded_image,,assets/Seed66a4c3a30/embedded/img-076.png,PDF 内嵌位图（矢量线条/组合图形不在此列，须看整页图）
Seed66a4c3a30-img-077,Seed66a4c3a30,embedded_image,,assets/Seed66a4c3a30/embedded/img-077.png,PDF 内嵌位图（矢量线条/组合图形不在此列，须看整页图）
Seed66a4c3a30-img-078,Seed66a4c3a30,embedded_image,,assets/Seed66a4c3a30/embedded/img-078.png,PDF 内嵌位图（矢量线条/组合图形不在此列，须看整页图）
Seed66a4c3a30-img-079,Seed66a4c3a30,embedded_image,,assets/Seed66a4c3a30/embedded/img-079.png,PDF 内嵌位图（矢量线条/组合图形不在此列，须看整页图）
Seed66a4c3a30-img-080,Seed66a4c3a30,embedded_image,,assets/Seed66a4c3a30/embedded/img-080.png,PDF 内嵌位图（矢量线条/组合图形不在此列，须看整页图）
Seed66a4c3a30-img-081,Seed66a4c3a30,embedded_image,,assets/Seed66a4c3a30/embedded/img-081.png,PDF 内嵌位图（矢量线条/组合图形不在此列，须看整页图）
Seed66a4c3a30-img-082,Seed66a4c3a30,embedded_image,,assets/Seed66a4c3a30/embedded/img-082.png,PDF 内嵌位图（矢量线条/组合图形不在此列，须看整页图）
Seed66a4c3a30-img-083,Seed66a4c3a30,embedded_image,,assets/Seed66a4c3a30/embedded/img-083.png,PDF 内嵌位图（矢量线条/组合图形不在此列，须看整页图）
Seed66a4c3a30-img-084,Seed66a4c3a30,embedded_image,,assets/Seed66a4c3a30/embedded/img-084.png,PDF 内嵌位图（矢量线条/组合图形不在此列，须看整页图）
Seed66a4c3a30-img-085,Seed66a4c3a30,embedded_image,,assets/Seed66a4c3a30/embedded/img-085.png,PDF 内嵌位图（矢量线条/组合图形不在此列，须看整页图）
Seed66a4c3a30-img-086,Seed66a4c3a30,embedded_image,,assets/Seed66a4c3a30/embedded/img-086.png,PDF 内嵌位图（矢量线条/组合图形不在此列，须看整页图）
Seed66a4c3a30-img-087,Seed66a4c3a30,embedded_image,,assets/Seed66a4c3a30/embedded/img-087.png,PDF 内嵌位图（矢量线条/组合图形不在此列，须看整页图）
Seed66a4c3a30-img-088,Seed66a4c3a30,embedded_image,,assets/Seed66a4c3a30/embedded/img-088.png,PDF 内嵌位图（矢量线条/组合图形不在此列，须看整页图）
Seed66a4c3a30-img-089,Seed66a4c3a30,embedded_image,,assets/Seed66a4c3a30/embedded/img-089.png,PDF 内嵌位图（矢量线条/组合图形不在此列，须看整页图）
Seed66a4c3a30-img-090,Seed66a4c3a30,embedded_image,,assets/Seed66a4c3a30/embedded/img-090.png,PDF 内嵌位图（矢量线条/组合图形不在此列，须看整页图）
Seed66a4c3a30-img-091,Seed66a4c3a30,embedded_image,,assets/Seed66a4c3a30/embedded/img-091.png,PDF 内嵌位图（矢量线条/组合图形不在此列，须看整页图）
Seed66a4c3a30-img-092,Seed66a4c3a30,embedded_image,,assets/Seed66a4c3a30/embedded/img-092.png,PDF 内嵌位图（矢量线条/组合图形不在此列，须看整页图）
Seed66a4c3a30-img-093,Seed66a4c3a30,embedded_image,,assets/Seed66a4c3a30/embedded/img-093.png,PDF 内嵌位图（矢量线条/组合图形不在此列，须看整页图）
Seed66a4c3a30-img-094,Seed66a4c3a30,embedded_image,,assets/Seed66a4c3a30/embedded/img-094.png,PDF 内嵌位图（矢量线条/组合图形不在此列，须看整页图）
Seed66a4c3a30-img-095,Seed66a4c3a30,embedded_image,,assets/Seed66a4c3a30/embedded/img-095.png,PDF 内嵌位图（矢量线条/组合图形不在此列，须看整页图）
Seed66a4c3a30-img-096,Seed66a4c3a30,embedded_image,,assets/Seed66a4c3a30/embedded/img-096.png,PDF 内嵌位图（矢量线条/组合图形不在此列，须看整页图）
Seed66a4c3a30-img-097,Seed66a4c3a30,embedded_image,,assets/Seed66a4c3a30/embedded/img-097.png,PDF 内嵌位图（矢量线条/组合图形不在此列，须看整页图）
Seed66a4c3a30-img-098,Seed66a4c3a30,embedded_image,,assets/Seed66a4c3a30/embedded/img-098.png,PDF 内嵌位图（矢量线条/组合图形不在此列，须看整页图）
Seed66a4c3a30-img-099,Seed66a4c3a30,embedded_image,,assets/Seed66a4c3a30/embedded/img-099.png,PDF 内嵌位图（矢量线条/组合图形不在此列，须看整页图）
Seed66a4c3a30-img-100,Seed66a4c3a30,embedded_image,,assets/Seed66a4c3a30/embedded/img-100.png,PDF 内嵌位图（矢量线条/组合图形不在此列，须看整页图）
Seed66a4c3a30-img-101,Seed66a4c3a30,embedded_image,,assets/Seed66a4c3a30/embedded/img-101.png,PDF 内嵌位图（矢量线条/组合图形不在此列，须看整页图）
Seed66a4c3a30-img-102,Seed66a4c3a30,embedded_image,,assets/Seed66a4c3a30/embedded/img-102.png,PDF 内嵌位图（矢量线条/组合图形不在此列，须看整页图）
Seed66a4c3a30-img-103,Seed66a4c3a30,embedded_image,,assets/Seed66a4c3a30/embedded/img-103.png,PDF 内嵌位图（矢量线条/组合图形不在此列，须看整页图）
Seed66a4c3a30-img-104,Seed66a4c3a30,embedded_image,,assets/Seed66a4c3a30/embedded/img-104.png,PDF 内嵌位图（矢量线条/组合图形不在此列，须看整页图）
Seed66a4c3a30-img-105,Seed66a4c3a30,embedded_image,,assets/Seed66a4c3a30/embedded/img-105.png,PDF 内嵌位图（矢量线条/组合图形不在此列，须看整页图）
Seed66a4c3a30-img-106,Seed66a4c3a30,embedded_image,,assets/Seed66a4c3a30/embedded/img-106.png,PDF 内嵌位图（矢量线条/组合图形不在此列，须看整页图）
Seed66a4c3a30-img-107,Seed66a4c3a30,embedded_image,,assets/Seed66a4c3a30/embedded/img-107.png,PDF 内嵌位图（矢量线条/组合图形不在此列，须看整页图）
Seed66a4c3a30-img-108,Seed66a4c3a30,embedded_image,,assets/Seed66a4c3a30/embedded/img-108.png,PDF 内嵌位图（矢量线条/组合图形不在此列，须看整页图）
Seed66a4c3a30-img-109,Seed66a4c3a30,embedded_image,,assets/Seed66a4c3a30/embedded/img-109.png,PDF 内嵌位图（矢量线条/组合图形不在此列，须看整页图）
Seed66a4c3a30-img-110,Seed66a4c3a30,embedded_image,,assets/Seed66a4c3a30/embedded/img-110.png,PDF 内嵌位图（矢量线条/组合图形不在此列，须看整页图）
Seed66a4c3a30-img-111,Seed66a4c3a30,embedded_image,,assets/Seed66a4c3a30/embedded/img-111.png,PDF 内嵌位图（矢量线条/组合图形不在此列，须看整页图）
Seed66a4c3a30-img-112,Seed66a4c3a30,embedded_image,,assets/Seed66a4c3a30/embedded/img-112.png,PDF 内嵌位图（矢量线条/组合图形不在此列，须看整页图）
Seed66a4c3a30-img-113,Seed66a4c3a30,embedded_image,,assets/Seed66a4c3a30/embedded/img-113.png,PDF 内嵌位图（矢量线条/组合图形不在此列，须看整页图）
Seed66a4c3a30-img-114,Seed66a4c3a30,embedded_image,,assets/Seed66a4c3a30/embedded/img-114.png,PDF 内嵌位图（矢量线条/组合图形不在此列，须看整页图）
Seed66a4c3a30-img-115,Seed66a4c3a30,embedded_image,,assets/Seed66a4c3a30/embedded/img-115.png,PDF 内嵌位图（矢量线条/组合图形不在此列，须看整页图）
Seed66a4c3a30-img-116,Seed66a4c3a30,embedded_image,,assets/Seed66a4c3a30/embedded/img-116.png,PDF 内嵌位图（矢量线条/组合图形不在此列，须看整页图）
Seed66a4c3a30-img-117,Seed66a4c3a30,embedded_image,,assets/Seed66a4c3a30/embedded/img-117.png,PDF 内嵌位图（矢量线条/组合图形不在此列，须看整页图）
Seed66a4c3a30-img-118,Seed66a4c3a30,embedded_image,,assets/Seed66a4c3a30/embedded/img-118.png,PDF 内嵌位图（矢量线条/组合图形不在此列，须看整页图）
Seed66a4c3a30-img-119,Seed66a4c3a30,embedded_image,,assets/Seed66a4c3a30/embedded/img-119.png,PDF 内嵌位图（矢量线条/组合图形不在此列，须看整页图）
Seed66a4c3a30-img-120,Seed66a4c3a30,embedded_image,,assets/Seed66a4c3a30/embedded/img-120.png,PDF 内嵌位图（矢量线条/组合图形不在此列，须看整页图）
Seed66a4c3a30-img-121,Seed66a4c3a30,embedded_image,,assets/Seed66a4c3a30/embedded/img-121.png,PDF 内嵌位图（矢量线条/组合图形不在此列，须看整页图）
Seed66a4c3a30-img-122,Seed66a4c3a30,embedded_image,,assets/Seed66a4c3a30/embedded/img-122.png,PDF 内嵌位图（矢量线条/组合图形不在此列，须看整页图）
Seed66a4c3a30-img-123,Seed66a4c3a30,embedded_image,,assets/Seed66a4c3a30/embedded/img-123.png,PDF 内嵌位图（矢量线条/组合图形不在此列，须看整页图）
Seed66a4c3a30-img-124,Seed66a4c3a30,embedded_image,,assets/Seed66a4c3a30/embedded/img-124.png,PDF 内嵌位图（矢量线条/组合图形不在此列，须看整页图）
Seed66a4c3a30-img-125,Seed66a4c3a30,embedded_image,,assets/Seed66a4c3a30/embedded/img-125.png,PDF 内嵌位图（矢量线条/组合图形不在此列，须看整页图）
Seed66a4c3a30-img-126,Seed66a4c3a30,embedded_image,,assets/Seed66a4c3a30/embedded/img-126.png,PDF 内嵌位图（矢量线条/组合图形不在此列，须看整页图）
Seed66a4c3a30-img-127,Seed66a4c3a30,embedded_image,,assets/Seed66a4c3a30/embedded/img-127.png,PDF 内嵌位图（矢量线条/组合图形不在此列，须看整页图）
Seed66a4c3a30-img-128,Seed66a4c3a30,embedded_image,,assets/Seed66a4c3a30/embedded/img-128.png,PDF 内嵌位图（矢量线条/组合图形不在此列，须看整页图）
Seed66a4c3a30-img-129,Seed66a4c3a30,embedded_image,,assets/Seed66a4c3a30/embedded/img-129.png,PDF 内嵌位图（矢量线条/组合图形不在此列，须看整页图）
Seed66a4c3a30-img-130,Seed66a4c3a30,embedded_image,,assets/Seed66a4c3a30/embedded/img-130.png,PDF 内嵌位图（矢量线条/组合图形不在此列，须看整页图）
Seed66a4c3a30-img-131,Seed66a4c3a30,embedded_image,,assets/Seed66a4c3a30/embedded/img-131.png,PDF 内嵌位图（矢量线条/组合图形不在此列，须看整页图）
Seed66a4c3a30-img-132,Seed66a4c3a30,embedded_image,,assets/Seed66a4c3a30/embedded/img-132.png,PDF 内嵌位图（矢量线条/组合图形不在此列，须看整页图）
Seed66a4c3a30-img-133,Seed66a4c3a30,embedded_image,,assets/Seed66a4c3a30/embedded/img-133.png,PDF 内嵌位图（矢量线条/组合图形不在此列，须看整页图）
Seed66a4c3a30-img-134,Seed66a4c3a30,embedded_image,,assets/Seed66a4c3a30/embedded/img-134.png,PDF 内嵌位图（矢量线条/组合图形不在此列，须看整页图）
Seed66a4c3a30-img-135,Seed66a4c3a30,embedded_image,,assets/Seed66a4c3a30/embedded/img-135.png,PDF 内嵌位图（矢量线条/组合图形不在此列，须看整页图）
Seed66a4c3a30-img-136,Seed66a4c3a30,embedded_image,,assets/Seed66a4c3a30/embedded/img-136.png,PDF 内嵌位图（矢量线条/组合图形不在此列，须看整页图）
Seed66a4c3a30-img-137,Seed66a4c3a30,embedded_image,,assets/Seed66a4c3a30/embedded/img-137.png,PDF 内嵌位图（矢量线条/组合图形不在此列，须看整页图）
Seed66a4c3a30-img-138,Seed66a4c3a30,embedded_image,,assets/Seed66a4c3a30/embedded/img-138.png,PDF 内嵌位图（矢量线条/组合图形不在此列，须看整页图）
Seed66a4c3a30-img-139,Seed66a4c3a30,embedded_image,,assets/Seed66a4c3a30/embedded/img-139.png,PDF 内嵌位图（矢量线条/组合图形不在此列，须看整页图）
Sd68e0801a751-img-002,Sd68e0801a751,embedded_image,,questions/BJ-2023-FT-YIMO/assets/BJ-2023-FT-YIMO-Q09-image2.png,teacher-version staging Q9; source_media=word/media/image2.png; sha256=83493b08a2dcb512c243c6725c654c7ba0a7738112efd89771aa6c7b14dc9d17; not original-paper evidence
Sed25ab572782-embedded-Q1-image1-image2,Sed25ab572782,embedded_image,1,questions/BJ-2023-XC-ERMO/assets/Q1_image.png,Q1 图文框底图/框线/中央箭头；原卷 image1.png 与 image2.png 字节相同，候选隔离包去重为一份；两侧文字已在 Q1 Markdown 中逐行转写。 source_media=word/media/image1.png; word/media/image2.png; question_mapping=BJ-2023-XC-ERMO-Q1; sha256=4e573f251b4d97c4cf4c2792043839ca5028f84c137d05542ee5e41f65c241e6; staging-only path relative to this receipt
Sed25ab572782-embedded-Q6-image3,Sed25ab572782,embedded_image,2,questions/BJ-2023-XC-ERMO/assets/Q6_chart.wmf,Q6 原卷双轴快递业务量/平均单价图表原始 WMF；candidate asset 与原卷媒体字节一致。 source_media=word/media/image3.wmf; question_mapping=BJ-2023-XC-ERMO-Q6; sha256=d98258430754d107fba70e441aa977b95c7db68e6e65f852afa3b5c65ae09edd; staging-only path relative to this receipt
Sed25ab572782-embedded-Q9-image4,Sed25ab572782,embedded_image,3,questions/BJ-2023-XC-ERMO/assets/Q9_screenshot.png,Q9 原卷“领导留言板”截图；candidate asset 与原卷媒体字节一致，Markdown 同时保留图中文字核对。 source_media=word/media/image4.png; question_mapping=BJ-2023-XC-ERMO-Q9; sha256=f9c11a02eeb3a04f41558d096fb5ba578ae115695b0852cf76081c651e408e17; staging-only path relative to this receipt
Sed25ab572782-embedded-Q15-image5,Sed25ab572782,embedded_image,5,questions/BJ-2023-XC-ERMO/assets/Q15_chart.wmf,Q15 原卷服务贸易三系列折线图原始 WMF；candidate asset 与原卷媒体字节一致。 source_media=word/media/image5.wmf; question_mapping=BJ-2023-XC-ERMO-Q15; sha256=ad9ed33960c89ba9f0703dde5581fc6c7c8b8e4bdbe193c41a9020da285f3a36; staging-only path relative to this receipt
Sed25ab572782-embedded-Q16-image6,Sed25ab572782,embedded_image,5,questions/BJ-2023-XC-ERMO/assets/Q16_photo.png,Q16 原卷公交便民驿栈照片；candidate asset 与原卷媒体字节一致。 source_media=word/media/image6.png; question_mapping=BJ-2023-XC-ERMO-Q16; sha256=5d6b37d809609ebde596ff7601b9dd6c3c1975b0b59d1675b07330a8101153d5; staging-only path relative to this receipt
S85ebe0578ce8-answer-candidate-rendered-pdf,S85ebe0578ce8,rendered_pdf,,questions/BJ-2024-XC-ERMO/assets/answer_candidate.rendered.pdf,source_id=S85ebe0578ce8; source_rel=answer_candidate.rendered.pdf; question_mapping=考试级来源资产; sha256=360cd624ab1eef44dc7638def058de45d9cb7e987abb19fbef768ce0e81f7253; staging-only path relative to this receipt
Sf2e1772f20ed-formal-rubric-rendered-pdf,Sf2e1772f20ed,rendered_pdf,,questions/BJ-2024-XC-ERMO/assets/formal_rubric.rendered.pdf,source_id=Sf2e1772f20ed; source_rel=formal_rubric.rendered.pdf; question_mapping=考试级来源资产; sha256=b46ab45e57bd93e730dd2af488e53e0c3b79d9103024fbe094add0a3fdd3546e; staging-only path relative to this receipt
S0dbd7271f7bf-media-image1-png,S0dbd7271f7bf,embedded_image,,questions/BJ-2024-XC-ERMO/assets/media/image1.png,source_id=S0dbd7271f7bf; source_rel=media/image1.png; question_mapping=BJ-2024-XC-ERMO-Q2; sha256=80335c680779eb0d033db338e6cdfe1c8596a4949e5ead98e631e08244848e43; staging-only path relative to this receipt
S0dbd7271f7bf-media-image2-png,S0dbd7271f7bf,embedded_image,,questions/BJ-2024-XC-ERMO/assets/media/image2.png,source_id=S0dbd7271f7bf; source_rel=media/image2.png; question_mapping=BJ-2024-XC-ERMO-Q7; sha256=0540c29b186e61beae5e659f2ecbcd775688ea72255894ca64d4ef83a5d3aa15; staging-only path relative to this receipt
S0dbd7271f7bf-media-image3-png,S0dbd7271f7bf,embedded_image,,questions/BJ-2024-XC-ERMO/assets/media/image3.png,source_id=S0dbd7271f7bf; source_rel=media/image3.png; question_mapping=BJ-2024-XC-ERMO-Q9; sha256=c89d00482c47dcea164059fba332616e50ae52f901815135e8f8509b352c290e; staging-only path relative to this receipt
S0dbd7271f7bf-media-image4-png,S0dbd7271f7bf,embedded_image,,questions/BJ-2024-XC-ERMO/assets/media/image4.png,source_id=S0dbd7271f7bf; source_rel=media/image4.png; question_mapping=BJ-2024-XC-ERMO-Q9; sha256=f1c000a5e2198f05b9a5a331e7b803ff7a937e0ba69097dacd633a14a72ed04c; staging-only path relative to this receipt
S0dbd7271f7bf-media-image5-png,S0dbd7271f7bf,embedded_image,,questions/BJ-2024-XC-ERMO/assets/media/image5.png,source_id=S0dbd7271f7bf; source_rel=media/image5.png; question_mapping=BJ-2024-XC-ERMO-Q15; sha256=6b2109ea4e67d5a778859bc76359ef2ce722880e0584cc0f7fa87868168deac3; staging-only path relative to this receipt
S0dbd7271f7bf-media-image6-png,S0dbd7271f7bf,embedded_image,,questions/BJ-2024-XC-ERMO/assets/media/image6.png,source_id=S0dbd7271f7bf; source_rel=media/image6.png; question_mapping=BJ-2024-XC-ERMO-Q15; sha256=6b2109ea4e67d5a778859bc76359ef2ce722880e0584cc0f7fa87868168deac3; staging-only path relative to this receipt
S0dbd7271f7bf-original-rendered-pdf,S0dbd7271f7bf,rendered_pdf,,questions/BJ-2024-XC-ERMO/assets/original.rendered.pdf,source_id=S0dbd7271f7bf; source_rel=original.rendered.pdf; question_mapping=考试级来源资产; sha256=7b329c109052d2c00d35226d1f76dc95ca042f5bac0db81010f5497750b753e3; staging-only path relative to this receipt
S0dbd7271f7bf-raw-media-original-word-media-hdphoto1-wdp,S0dbd7271f7bf,raw_embedded_media,,questions/BJ-2024-XC-ERMO/assets/raw_media/original_word_media_hdphoto1.wdp,source_id=S0dbd7271f7bf; source_rel=raw_media/original_word_media_hdphoto1.wdp; question_mapping=原卷来源媒体；题内图像映射由原卷 OOXML 关系保留; sha256=20e48cb924cc92d940bc80d01910e8a10d7521543f5f1a385cb9028b654918a2; staging-only path relative to this receipt
S0dbd7271f7bf-raw-media-original-word-media-hdphoto2-wdp,S0dbd7271f7bf,raw_embedded_media,,questions/BJ-2024-XC-ERMO/assets/raw_media/original_word_media_hdphoto2.wdp,source_id=S0dbd7271f7bf; source_rel=raw_media/original_word_media_hdphoto2.wdp; question_mapping=原卷来源媒体；题内图像映射由原卷 OOXML 关系保留; sha256=8366880233991e6ca8124d368e2a60879955491e9b78fa14f74f435cd6e6a3e9; staging-only path relative to this receipt
S0dbd7271f7bf-raw-media-original-word-media-hdphoto3-wdp,S0dbd7271f7bf,raw_embedded_media,,questions/BJ-2024-XC-ERMO/assets/raw_media/original_word_media_hdphoto3.wdp,source_id=S0dbd7271f7bf; source_rel=raw_media/original_word_media_hdphoto3.wdp; question_mapping=原卷来源媒体；题内图像映射由原卷 OOXML 关系保留; sha256=20538da14e6928a145bac727f41b040a172230d415366103c77937fbbb12f9e3; staging-only path relative to this receipt
S0dbd7271f7bf-raw-media-original-word-media-hdphoto4-wdp,S0dbd7271f7bf,raw_embedded_media,,questions/BJ-2024-XC-ERMO/assets/raw_media/original_word_media_hdphoto4.wdp,source_id=S0dbd7271f7bf; source_rel=raw_media/original_word_media_hdphoto4.wdp; question_mapping=原卷来源媒体；题内图像映射由原卷 OOXML 关系保留; sha256=2fa554e32b8c0dedc452efee77f83ebf26614553c0f3ccf03ca71ff1fa8907e0; staging-only path relative to this receipt
S0dbd7271f7bf-raw-media-original-word-media-image1-png,S0dbd7271f7bf,raw_embedded_media,,questions/BJ-2024-XC-ERMO/assets/raw_media/original_word_media_image1.png,source_id=S0dbd7271f7bf; source_rel=raw_media/original_word_media_image1.png; question_mapping=BJ-2024-XC-ERMO-Q2; sha256=80335c680779eb0d033db338e6cdfe1c8596a4949e5ead98e631e08244848e43; staging-only path relative to this receipt
S0dbd7271f7bf-raw-media-original-word-media-image2-png,S0dbd7271f7bf,raw_embedded_media,,questions/BJ-2024-XC-ERMO/assets/raw_media/original_word_media_image2.png,source_id=S0dbd7271f7bf; source_rel=raw_media/original_word_media_image2.png; question_mapping=BJ-2024-XC-ERMO-Q7; sha256=0540c29b186e61beae5e659f2ecbcd775688ea72255894ca64d4ef83a5d3aa15; staging-only path relative to this receipt
S0dbd7271f7bf-raw-media-original-word-media-image3-png,S0dbd7271f7bf,raw_embedded_media,,questions/BJ-2024-XC-ERMO/assets/raw_media/original_word_media_image3.png,source_id=S0dbd7271f7bf; source_rel=raw_media/original_word_media_image3.png; question_mapping=BJ-2024-XC-ERMO-Q9; sha256=c89d00482c47dcea164059fba332616e50ae52f901815135e8f8509b352c290e; staging-only path relative to this receipt
S0dbd7271f7bf-raw-media-original-word-media-image4-png,S0dbd7271f7bf,raw_embedded_media,,questions/BJ-2024-XC-ERMO/assets/raw_media/original_word_media_image4.png,source_id=S0dbd7271f7bf; source_rel=raw_media/original_word_media_image4.png; question_mapping=BJ-2024-XC-ERMO-Q9; sha256=f1c000a5e2198f05b9a5a331e7b803ff7a937e0ba69097dacd633a14a72ed04c; staging-only path relative to this receipt
S0dbd7271f7bf-raw-media-original-word-media-image5-png,S0dbd7271f7bf,raw_embedded_media,,questions/BJ-2024-XC-ERMO/assets/raw_media/original_word_media_image5.png,source_id=S0dbd7271f7bf; source_rel=raw_media/original_word_media_image5.png; question_mapping=BJ-2024-XC-ERMO-Q15; sha256=6b2109ea4e67d5a778859bc76359ef2ce722880e0584cc0f7fa87868168deac3; staging-only path relative to this receipt
S0dbd7271f7bf-raw-media-original-word-media-image6-png,S0dbd7271f7bf,raw_embedded_media,,questions/BJ-2024-XC-ERMO/assets/raw_media/original_word_media_image6.png,source_id=S0dbd7271f7bf; source_rel=raw_media/original_word_media_image6.png; question_mapping=BJ-2024-XC-ERMO-Q15; sha256=6b2109ea4e67d5a778859bc76359ef2ce722880e0584cc0f7fa87868168deac3; staging-only path relative to this receipt
S85ebe0578ce8-rendered-answer-candidate-page-1-png,S85ebe0578ce8,page_render,1,questions/BJ-2024-XC-ERMO/assets/rendered_answer_candidate/page-1.png,source_id=S85ebe0578ce8; source_rel=rendered_answer_candidate/page-1.png; question_mapping=Q1-Q19（参考答案来源层）; sha256=95bdf7bfb9420a7695db0bd8a6274117eec88313495ab4a763cd28edbf3abad6; staging-only path relative to this receipt
S85ebe0578ce8-rendered-answer-candidate-page-2-png,S85ebe0578ce8,page_render,2,questions/BJ-2024-XC-ERMO/assets/rendered_answer_candidate/page-2.png,source_id=S85ebe0578ce8; source_rel=rendered_answer_candidate/page-2.png; question_mapping=Q1-Q19（参考答案来源层）; sha256=2e1d36a0f320644ceb63abd41603fd77b1f08b18e984630f75acdb0f57556614; staging-only path relative to this receipt
Sf2e1772f20ed-rendered-formal-rubric-page-1-png,Sf2e1772f20ed,page_render,1,questions/BJ-2024-XC-ERMO/assets/rendered_formal_rubric/page-1.png,source_id=Sf2e1772f20ed; source_rel=rendered_formal_rubric/page-1.png; question_mapping=Q16-Q19（正式评分来源层）; sha256=8a7d0e877bf285d0f64061c36ed0fe4b94d02bec903c8af66565f976d537abc4; staging-only path relative to this receipt
Sf2e1772f20ed-rendered-formal-rubric-page-2-png,Sf2e1772f20ed,page_render,2,questions/BJ-2024-XC-ERMO/assets/rendered_formal_rubric/page-2.png,source_id=Sf2e1772f20ed; source_rel=rendered_formal_rubric/page-2.png; question_mapping=Q16-Q19（正式评分来源层）; sha256=1c49c8f745ea9cbbf98782f7d53f9dd5339143699aeae3fc3352cf7206fd0655; staging-only path relative to this receipt
Sf2e1772f20ed-rendered-formal-rubric-page-3-png,Sf2e1772f20ed,page_render,3,questions/BJ-2024-XC-ERMO/assets/rendered_formal_rubric/page-3.png,source_id=Sf2e1772f20ed; source_rel=rendered_formal_rubric/page-3.png; question_mapping=Q16-Q19（正式评分来源层）; sha256=43345349f71f41ec7a9531198dde8301fdf8d8d53ad8672f545476fecbd06e00; staging-only path relative to this receipt
Sf2e1772f20ed-rendered-formal-rubric-page-4-png,Sf2e1772f20ed,page_render,4,questions/BJ-2024-XC-ERMO/assets/rendered_formal_rubric/page-4.png,source_id=Sf2e1772f20ed; source_rel=rendered_formal_rubric/page-4.png; question_mapping=Q16-Q19（正式评分来源层）; sha256=c207af85cf4c3380806e0208b09c133256fdabbe6377afa66619199187575d09; staging-only path relative to this receipt
S0dbd7271f7bf-rendered-original-page-1-png,S0dbd7271f7bf,page_render,1,questions/BJ-2024-XC-ERMO/assets/rendered_original/page-1.png,source_id=S0dbd7271f7bf; source_rel=rendered_original/page-1.png; question_mapping=BJ-2024-XC-ERMO-Q1;BJ-2024-XC-ERMO-Q2;BJ-2024-XC-ERMO-Q3; sha256=578bb7766a72d708fe22acd83d8b31a9c8262410d8584894c91b82f5ae8fb04a; staging-only path relative to this receipt
S0dbd7271f7bf-rendered-original-page-2-png,S0dbd7271f7bf,page_render,2,questions/BJ-2024-XC-ERMO/assets/rendered_original/page-2.png,source_id=S0dbd7271f7bf; source_rel=rendered_original/page-2.png; question_mapping=BJ-2024-XC-ERMO-Q4;BJ-2024-XC-ERMO-Q5;BJ-2024-XC-ERMO-Q6; sha256=0ea72093b10ebbd7872c1efc2bbfe241835539e99a4627cd7f0e7781ae558587; staging-only path relative to this receipt
S0dbd7271f7bf-rendered-original-page-3-png,S0dbd7271f7bf,page_render,3,questions/BJ-2024-XC-ERMO/assets/rendered_original/page-3.png,source_id=S0dbd7271f7bf; source_rel=rendered_original/page-3.png; question_mapping=BJ-2024-XC-ERMO-Q7;BJ-2024-XC-ERMO-Q8; sha256=b648f4032fba5730802fc16bc9734d06813b2094a321438c557e364fdacc2614; staging-only path relative to this receipt
S0dbd7271f7bf-rendered-original-page-4-png,S0dbd7271f7bf,page_render,4,questions/BJ-2024-XC-ERMO/assets/rendered_original/page-4.png,source_id=S0dbd7271f7bf; source_rel=rendered_original/page-4.png; question_mapping=BJ-2024-XC-ERMO-Q9;BJ-2024-XC-ERMO-Q10;BJ-2024-XC-ERMO-Q11;BJ-2024-XC-ERMO-Q12; sha256=22951b57a849629fd3e99980bef326aa7862dcf139b4d41d424cf190e6d9d4ed; staging-only path relative to this receipt
S0dbd7271f7bf-rendered-original-page-5-png,S0dbd7271f7bf,page_render,5,questions/BJ-2024-XC-ERMO/assets/rendered_original/page-5.png,source_id=S0dbd7271f7bf; source_rel=rendered_original/page-5.png; question_mapping=BJ-2024-XC-ERMO-Q13;BJ-2024-XC-ERMO-Q14;BJ-2024-XC-ERMO-Q15; sha256=2112bc17e630a5f804920c02ac1888f7a5b974adcd2fc59d6be7ac7bb8cf6ecf; staging-only path relative to this receipt
S0dbd7271f7bf-rendered-original-page-6-png,S0dbd7271f7bf,page_render,6,questions/BJ-2024-XC-ERMO/assets/rendered_original/page-6.png,source_id=S0dbd7271f7bf; source_rel=rendered_original/page-6.png; question_mapping=BJ-2024-XC-ERMO-Q16;BJ-2024-XC-ERMO-Q17;BJ-2024-XC-ERMO-Q18; sha256=d295697c89de7a2171ba2cef1b20b10a2870a3e0515f00a653535a8d4a89a29d; staging-only path relative to this receipt
S0dbd7271f7bf-rendered-original-page-7-png,S0dbd7271f7bf,page_render,7,questions/BJ-2024-XC-ERMO/assets/rendered_original/page-7.png,source_id=S0dbd7271f7bf; source_rel=rendered_original/page-7.png; question_mapping=BJ-2024-XC-ERMO-Q18;BJ-2024-XC-ERMO-Q19; sha256=02b11dbb4108ab061d3a6a2dec5cae7eea46a892ee7a94bf764d28aeb00c3b88; staging-only path relative to this receipt
S0dbd7271f7bf-rendered-original-page-8-png,S0dbd7271f7bf,page_render,8,questions/BJ-2024-XC-ERMO/assets/rendered_original/page-8.png,source_id=S0dbd7271f7bf; source_rel=rendered_original/page-8.png; question_mapping=BJ-2024-XC-ERMO-Q19; sha256=d3dd04b1de3a20f8cb87e011dbc43105d58522ad47ed77270ec802580fa986a8; staging-only path relative to this receipt
MATERIALIZATION-asset_inventory_json,MATERIALIZATION,audit_asset_inventory,,questions/BJ-2024-XC-YIMO/assets/asset_inventory.json,localized from 后勤管理/MD全库流水线_20260921/receipts/fix_2024_xc_yimo_final/assets/asset_inventory.json; sha256=3ef2cc260ce69556a3bf5d193d8e5296436fe21a7fdd6d145a8b960f2d25203e; bytes=7226; question_mapping=unmapped_or_shared
S2aa2ee045f75-source_media-hdphoto1_wdp,S2aa2ee045f75,embedded_vector,,questions/BJ-2024-XC-YIMO/assets/source_media/hdphoto1.wdp,localized from 后勤管理/MD全库流水线_20260921/receipts/fix_2024_xc_yimo_final/assets/source_media/hdphoto1.wdp; sha256=d47aeaba7471f42ae1491963a7167a1760d1a1e65affdba550450348e4efb19f; bytes=64695; question_mapping=unmapped_or_shared
S2aa2ee045f75-source_media-hdphoto2_wdp,S2aa2ee045f75,embedded_vector,,questions/BJ-2024-XC-YIMO/assets/source_media/hdphoto2.wdp,localized from 后勤管理/MD全库流水线_20260921/receipts/fix_2024_xc_yimo_final/assets/source_media/hdphoto2.wdp; sha256=8312370beec2046ea6213876f10f77f1c8b34490a6ef5d467cbcc2519fa71d1e; bytes=29332; question_mapping=unmapped_or_shared
S2aa2ee045f75-source_media-hdphoto3_wdp,S2aa2ee045f75,embedded_vector,,questions/BJ-2024-XC-YIMO/assets/source_media/hdphoto3.wdp,localized from 后勤管理/MD全库流水线_20260921/receipts/fix_2024_xc_yimo_final/assets/source_media/hdphoto3.wdp; sha256=010784e5f5b713fa5df18079fdee7b4de088f83f22795467e46608aebf6383b6; bytes=75901; question_mapping=unmapped_or_shared
S2aa2ee045f75-source_media-image1_png,S2aa2ee045f75,embedded_image,,questions/BJ-2024-XC-YIMO/assets/source_media/image1.png,localized from 后勤管理/MD全库流水线_20260921/receipts/fix_2024_xc_yimo_final/assets/source_media/image1.png; sha256=0cbfb27eb7abde3d3f16159b91b6bc36c4e3962150b00f9fa9e72b9f0158d934; bytes=37760; question_mapping=BJ-2024-XC-YIMO-Q1
S2aa2ee045f75-source_media-image10_png,S2aa2ee045f75,embedded_image,,questions/BJ-2024-XC-YIMO/assets/source_media/image10.png,localized from 后勤管理/MD全库流水线_20260921/receipts/fix_2024_xc_yimo_final/assets/source_media/image10.png; sha256=8b2761f2b35def89b8e5e9b9e1c8b6689e234dea628ed14492bdd51ce9bc65e4; bytes=24249; question_mapping=BJ-2024-XC-YIMO-Q14
S2aa2ee045f75-source_media-image11_png,S2aa2ee045f75,embedded_image,,questions/BJ-2024-XC-YIMO/assets/source_media/image11.png,localized from 后勤管理/MD全库流水线_20260921/receipts/fix_2024_xc_yimo_final/assets/source_media/image11.png; sha256=678dc7edf14c6e47d91b44d6fddf5830fb6bcab63f0176b8d69c59386cfa5573; bytes=43824; question_mapping=BJ-2024-XC-YIMO-Q15
S2aa2ee045f75-source_media-image12_wmf,S2aa2ee045f75,embedded_vector,,questions/BJ-2024-XC-YIMO/assets/source_media/image12.wmf,localized from 后勤管理/MD全库流水线_20260921/receipts/fix_2024_xc_yimo_final/assets/source_media/image12.wmf; sha256=8b8c99ab8fb202b453526505079d577d45ce337eafb83813055f449637bf345d; bytes=1756728; question_mapping=BJ-2024-XC-YIMO-Q19
S2aa2ee045f75-source_media-image2_png,S2aa2ee045f75,embedded_image,,questions/BJ-2024-XC-YIMO/assets/source_media/image2.png,localized from 后勤管理/MD全库流水线_20260921/receipts/fix_2024_xc_yimo_final/assets/source_media/image2.png; sha256=662c974b061f2a0021848de83837858981e3ce4ea8e1d1c6dc9a5310c7f8a7e2; bytes=43762; question_mapping=BJ-2024-XC-YIMO-Q1
S2aa2ee045f75-source_media-image3_png,S2aa2ee045f75,embedded_image,,questions/BJ-2024-XC-YIMO/assets/source_media/image3.png,localized from 后勤管理/MD全库流水线_20260921/receipts/fix_2024_xc_yimo_final/assets/source_media/image3.png; sha256=d10c54ad9e7da64bb95cc39b36f28708080f034e562cf6f091668200224e873c; bytes=41284; question_mapping=BJ-2024-XC-YIMO-Q1
S2aa2ee045f75-source_media-image4_png,S2aa2ee045f75,embedded_image,,questions/BJ-2024-XC-YIMO/assets/source_media/image4.png,localized from 后勤管理/MD全库流水线_20260921/receipts/fix_2024_xc_yimo_final/assets/source_media/image4.png; sha256=7fcf56afc69ecfaa35ff529b36bfc925b30cd4460d051e48c410057c205c8935; bytes=41480; question_mapping=BJ-2024-XC-YIMO-Q1
S2aa2ee045f75-source_media-image5_png,S2aa2ee045f75,embedded_image,,questions/BJ-2024-XC-YIMO/assets/source_media/image5.png,localized from 后勤管理/MD全库流水线_20260921/receipts/fix_2024_xc_yimo_final/assets/source_media/image5.png; sha256=0cbfb27eb7abde3d3f16159b91b6bc36c4e3962150b00f9fa9e72b9f0158d934; bytes=37760; question_mapping=BJ-2024-XC-YIMO-Q1
S2aa2ee045f75-source_media-image6_png,S2aa2ee045f75,embedded_image,,questions/BJ-2024-XC-YIMO/assets/source_media/image6.png,localized from 后勤管理/MD全库流水线_20260921/receipts/fix_2024_xc_yimo_final/assets/source_media/image6.png; sha256=662c974b061f2a0021848de83837858981e3ce4ea8e1d1c6dc9a5310c7f8a7e2; bytes=43762; question_mapping=BJ-2024-XC-YIMO-Q1
S2aa2ee045f75-source_media-image7_png,S2aa2ee045f75,embedded_image,,questions/BJ-2024-XC-YIMO/assets/source_media/image7.png,localized from 后勤管理/MD全库流水线_20260921/receipts/fix_2024_xc_yimo_final/assets/source_media/image7.png; sha256=d10c54ad9e7da64bb95cc39b36f28708080f034e562cf6f091668200224e873c; bytes=41284; question_mapping=BJ-2024-XC-YIMO-Q1
S2aa2ee045f75-source_media-image8_png,S2aa2ee045f75,embedded_image,,questions/BJ-2024-XC-YIMO/assets/source_media/image8.png,localized from 后勤管理/MD全库流水线_20260921/receipts/fix_2024_xc_yimo_final/assets/source_media/image8.png; sha256=7fcf56afc69ecfaa35ff529b36bfc925b30cd4460d051e48c410057c205c8935; bytes=41480; question_mapping=BJ-2024-XC-YIMO-Q1
S2aa2ee045f75-source_media-image9_png,S2aa2ee045f75,embedded_image,,questions/BJ-2024-XC-YIMO/assets/source_media/image9.png,localized from 后勤管理/MD全库流水线_20260921/receipts/fix_2024_xc_yimo_final/assets/source_media/image9.png; sha256=d55a0ba307c234814f4601b506abd2017709c2c56aefb2e1dee0b1fb125ae1df; bytes=95318; question_mapping=BJ-2024-XC-YIMO-Q7
S91e28443e7a1-visual_pages-answer-2024_4高三统一测试思想政治答案_pdf,S91e28443e7a1,source_render_pdf,,questions/BJ-2024-XC-YIMO/assets/visual_pages/answer/2024.4高三统一测试思想政治答案.pdf,localized from 后勤管理/MD全库流水线_20260921/receipts/fix_2024_xc_yimo_final/assets/visual_pages/answer/2024.4高三统一测试思想政治答案.pdf; sha256=4436eddce99f1d73dd9e71871d550b2d5c58dd21de3bea730e318a0a5b171015; bytes=73720; question_mapping=BJ-2024-XC-YIMO-Q1|BJ-2024-XC-YIMO-Q2|BJ-2024-XC-YIMO-Q3|BJ-2024-XC-YIMO-Q4|BJ-2024-XC-YIMO-Q5|BJ-2024-XC-YIMO-Q6|BJ-2024-XC-YIMO-Q7|BJ-2024-XC-YIMO-Q8|BJ-2024-XC-YIMO-Q9|BJ-2024-XC-YIMO-Q10|BJ-2024-XC-YIMO-Q11|BJ-2024-XC-YIMO-Q12|BJ-2024-XC-YIMO-Q13|BJ-2024-XC-YIMO-Q14|BJ-2024-XC-YIMO-Q15|BJ-2024-XC-YIMO-Q16|BJ-2024-XC-YIMO-Q17|BJ-2024-XC-YIMO-Q18|BJ-2024-XC-YIMO-Q19
S91e28443e7a1-visual_pages-answer-page-001_png,S91e28443e7a1,page_render,1,questions/BJ-2024-XC-YIMO/assets/visual_pages/answer/page-001.png,localized from 后勤管理/MD全库流水线_20260921/receipts/fix_2024_xc_yimo_final/assets/visual_pages/answer/page-001.png; sha256=e1f2e585c09e067adf8661c6fc460ad78b1bc48a799cbcbb0b91ffbaaf66c48f; bytes=36985; question_mapping=BJ-2024-XC-YIMO-Q1|BJ-2024-XC-YIMO-Q2|BJ-2024-XC-YIMO-Q3|BJ-2024-XC-YIMO-Q4|BJ-2024-XC-YIMO-Q5|BJ-2024-XC-YIMO-Q6|BJ-2024-XC-YIMO-Q7|BJ-2024-XC-YIMO-Q8|BJ-2024-XC-YIMO-Q9|BJ-2024-XC-YIMO-Q10|BJ-2024-XC-YIMO-Q11|BJ-2024-XC-YIMO-Q12|BJ-2024-XC-YIMO-Q13|BJ-2024-XC-YIMO-Q14|BJ-2024-XC-YIMO-Q15|BJ-2024-XC-YIMO-Q16|BJ-2024-XC-YIMO-Q17|BJ-2024-XC-YIMO-Q18|BJ-2024-XC-YIMO-Q19
S91e28443e7a1-visual_pages-answer-page-002_png,S91e28443e7a1,page_render,2,questions/BJ-2024-XC-YIMO/assets/visual_pages/answer/page-002.png,localized from 后勤管理/MD全库流水线_20260921/receipts/fix_2024_xc_yimo_final/assets/visual_pages/answer/page-002.png; sha256=d7f142bd48cac27f275f30a52fb402acc40f7ea301067348178c9da8f167acee; bytes=28959; question_mapping=BJ-2024-XC-YIMO-Q1|BJ-2024-XC-YIMO-Q2|BJ-2024-XC-YIMO-Q3|BJ-2024-XC-YIMO-Q4|BJ-2024-XC-YIMO-Q5|BJ-2024-XC-YIMO-Q6|BJ-2024-XC-YIMO-Q7|BJ-2024-XC-YIMO-Q8|BJ-2024-XC-YIMO-Q9|BJ-2024-XC-YIMO-Q10|BJ-2024-XC-YIMO-Q11|BJ-2024-XC-YIMO-Q12|BJ-2024-XC-YIMO-Q13|BJ-2024-XC-YIMO-Q14|BJ-2024-XC-YIMO-Q15|BJ-2024-XC-YIMO-Q16|BJ-2024-XC-YIMO-Q17|BJ-2024-XC-YIMO-Q18|BJ-2024-XC-YIMO-Q19
S91e28443e7a1-visual_pages-answer-page-1_png,S91e28443e7a1,page_render,1,questions/BJ-2024-XC-YIMO/assets/visual_pages/answer/page-1.png,localized from 后勤管理/MD全库流水线_20260921/receipts/fix_2024_xc_yimo_final/assets/visual_pages/answer/page-1.png; sha256=e1f2e585c09e067adf8661c6fc460ad78b1bc48a799cbcbb0b91ffbaaf66c48f; bytes=36985; question_mapping=BJ-2024-XC-YIMO-Q1|BJ-2024-XC-YIMO-Q2|BJ-2024-XC-YIMO-Q3|BJ-2024-XC-YIMO-Q4|BJ-2024-XC-YIMO-Q5|BJ-2024-XC-YIMO-Q6|BJ-2024-XC-YIMO-Q7|BJ-2024-XC-YIMO-Q8|BJ-2024-XC-YIMO-Q9|BJ-2024-XC-YIMO-Q10|BJ-2024-XC-YIMO-Q11|BJ-2024-XC-YIMO-Q12|BJ-2024-XC-YIMO-Q13|BJ-2024-XC-YIMO-Q14|BJ-2024-XC-YIMO-Q15|BJ-2024-XC-YIMO-Q16|BJ-2024-XC-YIMO-Q17|BJ-2024-XC-YIMO-Q18|BJ-2024-XC-YIMO-Q19
S91e28443e7a1-visual_pages-answer-page-2_png,S91e28443e7a1,page_render,2,questions/BJ-2024-XC-YIMO/assets/visual_pages/answer/page-2.png,localized from 后勤管理/MD全库流水线_20260921/receipts/fix_2024_xc_yimo_final/assets/visual_pages/answer/page-2.png; sha256=d7f142bd48cac27f275f30a52fb402acc40f7ea301067348178c9da8f167acee; bytes=28959; question_mapping=BJ-2024-XC-YIMO-Q1|BJ-2024-XC-YIMO-Q2|BJ-2024-XC-YIMO-Q3|BJ-2024-XC-YIMO-Q4|BJ-2024-XC-YIMO-Q5|BJ-2024-XC-YIMO-Q6|BJ-2024-XC-YIMO-Q7|BJ-2024-XC-YIMO-Q8|BJ-2024-XC-YIMO-Q9|BJ-2024-XC-YIMO-Q10|BJ-2024-XC-YIMO-Q11|BJ-2024-XC-YIMO-Q12|BJ-2024-XC-YIMO-Q13|BJ-2024-XC-YIMO-Q14|BJ-2024-XC-YIMO-Q15|BJ-2024-XC-YIMO-Q16|BJ-2024-XC-YIMO-Q17|BJ-2024-XC-YIMO-Q18|BJ-2024-XC-YIMO-Q19
S2aa2ee045f75-visual_pages-exam-page-001_png,S2aa2ee045f75,page_render,1,questions/BJ-2024-XC-YIMO/assets/visual_pages/exam/page-001.png,localized from 后勤管理/MD全库流水线_20260921/receipts/fix_2024_xc_yimo_final/assets/visual_pages/exam/page-001.png; sha256=34522a4aafd18b3bbac8fe1ec48f053f360ff5abf56b3e94507d8a77120164ec; bytes=448788; question_mapping=BJ-2024-XC-YIMO-Q1
S2aa2ee045f75-visual_pages-exam-page-002_png,S2aa2ee045f75,page_render,2,questions/BJ-2024-XC-YIMO/assets/visual_pages/exam/page-002.png,localized from 后勤管理/MD全库流水线_20260921/receipts/fix_2024_xc_yimo_final/assets/visual_pages/exam/page-002.png; sha256=fe1f841e0fe2698ba80b88babc3e14f374426df018be0719684b9f44e1bf2138; bytes=43541; question_mapping=BJ-2024-XC-YIMO-Q2|BJ-2024-XC-YIMO-Q3|BJ-2024-XC-YIMO-Q4|BJ-2024-XC-YIMO-Q5|BJ-2024-XC-YIMO-Q6
S2aa2ee045f75-visual_pages-exam-page-003_png,S2aa2ee045f75,page_render,3,questions/BJ-2024-XC-YIMO/assets/visual_pages/exam/page-003.png,localized from 后勤管理/MD全库流水线_20260921/receipts/fix_2024_xc_yimo_final/assets/visual_pages/exam/page-003.png; sha256=40440437b15e07f159d3091fa34f244249ed67c80bd5019b882f554973dc148b; bytes=167463; question_mapping=BJ-2024-XC-YIMO-Q7|BJ-2024-XC-YIMO-Q8|BJ-2024-XC-YIMO-Q9|BJ-2024-XC-YIMO-Q10|BJ-2024-XC-YIMO-Q11
S2aa2ee045f75-visual_pages-exam-page-004_png,S2aa2ee045f75,page_render,4,questions/BJ-2024-XC-YIMO/assets/visual_pages/exam/page-004.png,localized from 后勤管理/MD全库流水线_20260921/receipts/fix_2024_xc_yimo_final/assets/visual_pages/exam/page-004.png; sha256=fad35a40c3f5c4471a136c6e62a469e3d1b48125667fc130cc686ecc5067ed80; bytes=92754; question_mapping=BJ-2024-XC-YIMO-Q11|BJ-2024-XC-YIMO-Q12|BJ-2024-XC-YIMO-Q13|BJ-2024-XC-YIMO-Q14|BJ-2024-XC-YIMO-Q15
S2aa2ee045f75-visual_pages-exam-page-005_png,S2aa2ee045f75,page_render,5,questions/BJ-2024-XC-YIMO/assets/visual_pages/exam/page-005.png,localized from 后勤管理/MD全库流水线_20260921/receipts/fix_2024_xc_yimo_final/assets/visual_pages/exam/page-005.png; sha256=a4c8825bb8413bc5d718c83e253af86059dce2a0dceaa6340a586076578ae411; bytes=205660; question_mapping=BJ-2024-XC-YIMO-Q16|BJ-2024-XC-YIMO-Q17
S2aa2ee045f75-visual_pages-exam-page-006_png,S2aa2ee045f75,page_render,6,questions/BJ-2024-XC-YIMO/assets/visual_pages/exam/page-006.png,localized from 后勤管理/MD全库流水线_20260921/receipts/fix_2024_xc_yimo_final/assets/visual_pages/exam/page-006.png; sha256=3d90fee8743a1629c51701439b428a3da7c01720ad1c17e83be751c5bdfb36bd; bytes=100990; question_mapping=BJ-2024-XC-YIMO-Q18|BJ-2024-XC-YIMO-Q19
S2aa2ee045f75-visual_pages-exam-page-007_png,S2aa2ee045f75,page_render,7,questions/BJ-2024-XC-YIMO/assets/visual_pages/exam/page-007.png,localized from 后勤管理/MD全库流水线_20260921/receipts/fix_2024_xc_yimo_final/assets/visual_pages/exam/page-007.png; sha256=279ca37e69d306cb5d4dee97948f13d5277ebc5151bd27c18d233d6d69203f6c; bytes=26968; question_mapping=BJ-2024-XC-YIMO-Q19
S2aa2ee045f75-visual_pages-exam-page-008_png,S2aa2ee045f75,page_render,8,questions/BJ-2024-XC-YIMO/assets/visual_pages/exam/page-008.png,localized from 后勤管理/MD全库流水线_20260921/receipts/fix_2024_xc_yimo_final/assets/visual_pages/exam/page-008.png; sha256=c3e566ee00b05218fab29ce25cb1866e9abafbc572244d80c23efb98ed59b71b; bytes=15179; question_mapping=unmapped_or_shared
S2aa2ee045f75-visual_pages-exam-page-1_png,S2aa2ee045f75,page_render,1,questions/BJ-2024-XC-YIMO/assets/visual_pages/exam/page-1.png,localized from 后勤管理/MD全库流水线_20260921/receipts/fix_2024_xc_yimo_final/assets/visual_pages/exam/page-1.png; sha256=34522a4aafd18b3bbac8fe1ec48f053f360ff5abf56b3e94507d8a77120164ec; bytes=448788; question_mapping=BJ-2024-XC-YIMO-Q1
S2aa2ee045f75-visual_pages-exam-page-2_png,S2aa2ee045f75,page_render,2,questions/BJ-2024-XC-YIMO/assets/visual_pages/exam/page-2.png,localized from 后勤管理/MD全库流水线_20260921/receipts/fix_2024_xc_yimo_final/assets/visual_pages/exam/page-2.png; sha256=fe1f841e0fe2698ba80b88babc3e14f374426df018be0719684b9f44e1bf2138; bytes=43541; question_mapping=BJ-2024-XC-YIMO-Q2|BJ-2024-XC-YIMO-Q3|BJ-2024-XC-YIMO-Q4|BJ-2024-XC-YIMO-Q5|BJ-2024-XC-YIMO-Q6
S2aa2ee045f75-visual_pages-exam-page-3_png,S2aa2ee045f75,page_render,3,questions/BJ-2024-XC-YIMO/assets/visual_pages/exam/page-3.png,localized from 后勤管理/MD全库流水线_20260921/receipts/fix_2024_xc_yimo_final/assets/visual_pages/exam/page-3.png; sha256=40440437b15e07f159d3091fa34f244249ed67c80bd5019b882f554973dc148b; bytes=167463; question_mapping=BJ-2024-XC-YIMO-Q7|BJ-2024-XC-YIMO-Q8|BJ-2024-XC-YIMO-Q9|BJ-2024-XC-YIMO-Q10|BJ-2024-XC-YIMO-Q11
S2aa2ee045f75-visual_pages-exam-page-4_png,S2aa2ee045f75,page_render,4,questions/BJ-2024-XC-YIMO/assets/visual_pages/exam/page-4.png,localized from 后勤管理/MD全库流水线_20260921/receipts/fix_2024_xc_yimo_final/assets/visual_pages/exam/page-4.png; sha256=fad35a40c3f5c4471a136c6e62a469e3d1b48125667fc130cc686ecc5067ed80; bytes=92754; question_mapping=BJ-2024-XC-YIMO-Q11|BJ-2024-XC-YIMO-Q12|BJ-2024-XC-YIMO-Q13|BJ-2024-XC-YIMO-Q14|BJ-2024-XC-YIMO-Q15
S2aa2ee045f75-visual_pages-exam-page-5_png,S2aa2ee045f75,page_render,5,questions/BJ-2024-XC-YIMO/assets/visual_pages/exam/page-5.png,localized from 后勤管理/MD全库流水线_20260921/receipts/fix_2024_xc_yimo_final/assets/visual_pages/exam/page-5.png; sha256=a4c8825bb8413bc5d718c83e253af86059dce2a0dceaa6340a586076578ae411; bytes=205660; question_mapping=BJ-2024-XC-YIMO-Q16|BJ-2024-XC-YIMO-Q17
S2aa2ee045f75-visual_pages-exam-page-6_png,S2aa2ee045f75,page_render,6,questions/BJ-2024-XC-YIMO/assets/visual_pages/exam/page-6.png,localized from 后勤管理/MD全库流水线_20260921/receipts/fix_2024_xc_yimo_final/assets/visual_pages/exam/page-6.png; sha256=3d90fee8743a1629c51701439b428a3da7c01720ad1c17e83be751c5bdfb36bd; bytes=100990; question_mapping=BJ-2024-XC-YIMO-Q18|BJ-2024-XC-YIMO-Q19
S2aa2ee045f75-visual_pages-exam-page-7_png,S2aa2ee045f75,page_render,7,questions/BJ-2024-XC-YIMO/assets/visual_pages/exam/page-7.png,localized from 后勤管理/MD全库流水线_20260921/receipts/fix_2024_xc_yimo_final/assets/visual_pages/exam/page-7.png; sha256=279ca37e69d306cb5d4dee97948f13d5277ebc5151bd27c18d233d6d69203f6c; bytes=26968; question_mapping=BJ-2024-XC-YIMO-Q19
S2aa2ee045f75-visual_pages-exam-page-8_png,S2aa2ee045f75,page_render,8,questions/BJ-2024-XC-YIMO/assets/visual_pages/exam/page-8.png,localized from 后勤管理/MD全库流水线_20260921/receipts/fix_2024_xc_yimo_final/assets/visual_pages/exam/page-8.png; sha256=c3e566ee00b05218fab29ce25cb1866e9abafbc572244d80c23efb98ed59b71b; bytes=15179; question_mapping=unmapped_or_shared
S2aa2ee045f75-visual_pages-exam-试卷_pdf,S2aa2ee045f75,source_render_pdf,,questions/BJ-2024-XC-YIMO/assets/visual_pages/exam/试卷.pdf,localized from 后勤管理/MD全库流水线_20260921/receipts/fix_2024_xc_yimo_final/assets/visual_pages/exam/试卷.pdf; sha256=92cca03136ebab6b004c3146f36ab32426df90b5965d24de059b34f1f3d34d88; bytes=608365; question_mapping=unmapped_or_shared
Sf7bcf000f212-visual_pages-rubric-page-001_png,Sf7bcf000f212,page_render,1,questions/BJ-2024-XC-YIMO/assets/visual_pages/rubric/page-001.png,localized from 后勤管理/MD全库流水线_20260921/receipts/fix_2024_xc_yimo_final/assets/visual_pages/rubric/page-001.png; sha256=ddf2fa728dc10968601deaf803bf259d02c8fd5b8b37b95301704e2eeacc13ce; bytes=47073; question_mapping=BJ-2024-XC-YIMO-Q1|BJ-2024-XC-YIMO-Q2|BJ-2024-XC-YIMO-Q3|BJ-2024-XC-YIMO-Q4|BJ-2024-XC-YIMO-Q5|BJ-2024-XC-YIMO-Q6|BJ-2024-XC-YIMO-Q7|BJ-2024-XC-YIMO-Q8|BJ-2024-XC-YIMO-Q9|BJ-2024-XC-YIMO-Q10|BJ-2024-XC-YIMO-Q11|BJ-2024-XC-YIMO-Q12|BJ-2024-XC-YIMO-Q13|BJ-2024-XC-YIMO-Q14|BJ-2024-XC-YIMO-Q15|BJ-2024-XC-YIMO-Q16|BJ-2024-XC-YIMO-Q17|BJ-2024-XC-YIMO-Q18|BJ-2024-XC-YIMO-Q19
Sf7bcf000f212-visual_pages-rubric-page-002_png,Sf7bcf000f212,page_render,2,questions/BJ-2024-XC-YIMO/assets/visual_pages/rubric/page-002.png,localized from 后勤管理/MD全库流水线_20260921/receipts/fix_2024_xc_yimo_final/assets/visual_pages/rubric/page-002.png; sha256=90064072a8d44393d707518031978177a720b82a699fe45344a9173a5349c475; bytes=42793; question_mapping=BJ-2024-XC-YIMO-Q1|BJ-2024-XC-YIMO-Q2|BJ-2024-XC-YIMO-Q3|BJ-2024-XC-YIMO-Q4|BJ-2024-XC-YIMO-Q5|BJ-2024-XC-YIMO-Q6|BJ-2024-XC-YIMO-Q7|BJ-2024-XC-YIMO-Q8|BJ-2024-XC-YIMO-Q9|BJ-2024-XC-YIMO-Q10|BJ-2024-XC-YIMO-Q11|BJ-2024-XC-YIMO-Q12|BJ-2024-XC-YIMO-Q13|BJ-2024-XC-YIMO-Q14|BJ-2024-XC-YIMO-Q15|BJ-2024-XC-YIMO-Q16|BJ-2024-XC-YIMO-Q17|BJ-2024-XC-YIMO-Q18|BJ-2024-XC-YIMO-Q19
Sf7bcf000f212-visual_pages-rubric-page-003_png,Sf7bcf000f212,page_render,3,questions/BJ-2024-XC-YIMO/assets/visual_pages/rubric/page-003.png,localized from 后勤管理/MD全库流水线_20260921/receipts/fix_2024_xc_yimo_final/assets/visual_pages/rubric/page-003.png; sha256=aea7595b1318ef0585f08b740e7d0b6cd17d2ac0371ded01be324bce97c0474d; bytes=28395; question_mapping=BJ-2024-XC-YIMO-Q1|BJ-2024-XC-YIMO-Q2|BJ-2024-XC-YIMO-Q3|BJ-2024-XC-YIMO-Q4|BJ-2024-XC-YIMO-Q5|BJ-2024-XC-YIMO-Q6|BJ-2024-XC-YIMO-Q7|BJ-2024-XC-YIMO-Q8|BJ-2024-XC-YIMO-Q9|BJ-2024-XC-YIMO-Q10|BJ-2024-XC-YIMO-Q11|BJ-2024-XC-YIMO-Q12|BJ-2024-XC-YIMO-Q13|BJ-2024-XC-YIMO-Q14|BJ-2024-XC-YIMO-Q15|BJ-2024-XC-YIMO-Q16|BJ-2024-XC-YIMO-Q17|BJ-2024-XC-YIMO-Q18|BJ-2024-XC-YIMO-Q19
Sf7bcf000f212-visual_pages-rubric-page-1_png,Sf7bcf000f212,page_render,1,questions/BJ-2024-XC-YIMO/assets/visual_pages/rubric/page-1.png,localized from 后勤管理/MD全库流水线_20260921/receipts/fix_2024_xc_yimo_final/assets/visual_pages/rubric/page-1.png; sha256=ddf2fa728dc10968601deaf803bf259d02c8fd5b8b37b95301704e2eeacc13ce; bytes=47073; question_mapping=BJ-2024-XC-YIMO-Q1|BJ-2024-XC-YIMO-Q2|BJ-2024-XC-YIMO-Q3|BJ-2024-XC-YIMO-Q4|BJ-2024-XC-YIMO-Q5|BJ-2024-XC-YIMO-Q6|BJ-2024-XC-YIMO-Q7|BJ-2024-XC-YIMO-Q8|BJ-2024-XC-YIMO-Q9|BJ-2024-XC-YIMO-Q10|BJ-2024-XC-YIMO-Q11|BJ-2024-XC-YIMO-Q12|BJ-2024-XC-YIMO-Q13|BJ-2024-XC-YIMO-Q14|BJ-2024-XC-YIMO-Q15|BJ-2024-XC-YIMO-Q16|BJ-2024-XC-YIMO-Q17|BJ-2024-XC-YIMO-Q18|BJ-2024-XC-YIMO-Q19
Sf7bcf000f212-visual_pages-rubric-page-2_png,Sf7bcf000f212,page_render,2,questions/BJ-2024-XC-YIMO/assets/visual_pages/rubric/page-2.png,localized from 后勤管理/MD全库流水线_20260921/receipts/fix_2024_xc_yimo_final/assets/visual_pages/rubric/page-2.png; sha256=90064072a8d44393d707518031978177a720b82a699fe45344a9173a5349c475; bytes=42793; question_mapping=BJ-2024-XC-YIMO-Q1|BJ-2024-XC-YIMO-Q2|BJ-2024-XC-YIMO-Q3|BJ-2024-XC-YIMO-Q4|BJ-2024-XC-YIMO-Q5|BJ-2024-XC-YIMO-Q6|BJ-2024-XC-YIMO-Q7|BJ-2024-XC-YIMO-Q8|BJ-2024-XC-YIMO-Q9|BJ-2024-XC-YIMO-Q10|BJ-2024-XC-YIMO-Q11|BJ-2024-XC-YIMO-Q12|BJ-2024-XC-YIMO-Q13|BJ-2024-XC-YIMO-Q14|BJ-2024-XC-YIMO-Q15|BJ-2024-XC-YIMO-Q16|BJ-2024-XC-YIMO-Q17|BJ-2024-XC-YIMO-Q18|BJ-2024-XC-YIMO-Q19
Sf7bcf000f212-visual_pages-rubric-page-3_png,Sf7bcf000f212,page_render,3,questions/BJ-2024-XC-YIMO/assets/visual_pages/rubric/page-3.png,localized from 后勤管理/MD全库流水线_20260921/receipts/fix_2024_xc_yimo_final/assets/visual_pages/rubric/page-3.png; sha256=aea7595b1318ef0585f08b740e7d0b6cd17d2ac0371ded01be324bce97c0474d; bytes=28395; question_mapping=BJ-2024-XC-YIMO-Q1|BJ-2024-XC-YIMO-Q2|BJ-2024-XC-YIMO-Q3|BJ-2024-XC-YIMO-Q4|BJ-2024-XC-YIMO-Q5|BJ-2024-XC-YIMO-Q6|BJ-2024-XC-YIMO-Q7|BJ-2024-XC-YIMO-Q8|BJ-2024-XC-YIMO-Q9|BJ-2024-XC-YIMO-Q10|BJ-2024-XC-YIMO-Q11|BJ-2024-XC-YIMO-Q12|BJ-2024-XC-YIMO-Q13|BJ-2024-XC-YIMO-Q14|BJ-2024-XC-YIMO-Q15|BJ-2024-XC-YIMO-Q16|BJ-2024-XC-YIMO-Q17|BJ-2024-XC-YIMO-Q18|BJ-2024-XC-YIMO-Q19
Sf7bcf000f212-visual_pages-rubric-细则_pdf,Sf7bcf000f212,source_render_pdf,,questions/BJ-2024-XC-YIMO/assets/visual_pages/rubric/细则.pdf,localized from 后勤管理/MD全库流水线_20260921/receipts/fix_2024_xc_yimo_final/assets/visual_pages/rubric/细则.pdf; sha256=e1b989b3a90900e93fb5deac9cff3827c063f4719bc1421e65f68f9db880ec57; bytes=141417; question_mapping=BJ-2024-XC-YIMO-Q1|BJ-2024-XC-YIMO-Q2|BJ-2024-XC-YIMO-Q3|BJ-2024-XC-YIMO-Q4|BJ-2024-XC-YIMO-Q5|BJ-2024-XC-YIMO-Q6|BJ-2024-XC-YIMO-Q7|BJ-2024-XC-YIMO-Q8|BJ-2024-XC-YIMO-Q9|BJ-2024-XC-YIMO-Q10|BJ-2024-XC-YIMO-Q11|BJ-2024-XC-YIMO-Q12|BJ-2024-XC-YIMO-Q13|BJ-2024-XC-YIMO-Q14|BJ-2024-XC-YIMO-Q15|BJ-2024-XC-YIMO-Q16|BJ-2024-XC-YIMO-Q17|BJ-2024-XC-YIMO-Q18|BJ-2024-XC-YIMO-Q19
BJ-2024-DC-YIMO-69a5491727d68121,S7b4eece29632,source_visual,1,questions/BJ-2024-DC-YIMO/assets/answer/p001.png,本轮已合入可回查原图；SHA256=f3baba43cee02b038296cde40670b2bac1f361993ecd57d92d0758d2e793e536；图像存在不代表手写文字完全辨清
BJ-2024-DC-YIMO-7a03f77c0f45cbfa,S74cdfac92537,source_visual,1,questions/BJ-2024-DC-YIMO/assets/original/p001.png,本轮已合入可回查原图；SHA256=ab378c5c48004930de4b1e697812dbe728604864510167943715b407c1eb0020；图像存在不代表手写文字完全辨清
BJ-2024-DC-YIMO-404779444f410470,S74cdfac92537,source_visual,2,questions/BJ-2024-DC-YIMO/assets/original/p002.png,本轮已合入可回查原图；SHA256=4539ded57209bea26824311ef51372797b481b09bbd67cd467ccfbd2bb178aee；图像存在不代表手写文字完全辨清
BJ-2024-DC-YIMO-db84bc6ac5c8b4d9,S74cdfac92537,source_visual,3,questions/BJ-2024-DC-YIMO/assets/original/p003.png,本轮已合入可回查原图；SHA256=47eeca73577655fbe226a3bc5660bf25983771bc554de229118555af83674c8f；图像存在不代表手写文字完全辨清
BJ-2024-DC-YIMO-f194bdcec8795578,S74cdfac92537,source_visual,4,questions/BJ-2024-DC-YIMO/assets/original/p004.png,本轮已合入可回查原图；SHA256=24bd513dd43906fb8337c440ff0ceb7a0be94b28ff80bf5c16529b7c472c39f7；图像存在不代表手写文字完全辨清
BJ-2024-DC-YIMO-92e644859069b14f,S74cdfac92537,source_visual,5,questions/BJ-2024-DC-YIMO/assets/original/p005.png,本轮已合入可回查原图；SHA256=13053abd7a9a9cb4171ab24637dd1942b789a6256ac6cc4f602f0a1571e39630；图像存在不代表手写文字完全辨清
BJ-2024-DC-YIMO-3b6836017ad8c67c,S74cdfac92537,source_visual,6,questions/BJ-2024-DC-YIMO/assets/original/p006.png,本轮已合入可回查原图；SHA256=a846c50777339eaa029702b7cca92893728eb84f10c4f343e040a99cf113bfa2；图像存在不代表手写文字完全辨清
BJ-2024-DC-YIMO-00e878b58e8939d1,S74cdfac92537,source_visual,7,questions/BJ-2024-DC-YIMO/assets/original/p007.png,本轮已合入可回查原图；SHA256=fe5084379a2dc0faebbd630d2fc9553a2cde09f4b91fdb5b28bb3f30d034e021；图像存在不代表手写文字完全辨清
BJ-2024-DC-YIMO-b0b320ee39e49a27,S74cdfac92537,source_visual,8,questions/BJ-2024-DC-YIMO/assets/original/p008.png,本轮已合入可回查原图；SHA256=3fd55ae67f5e3c973dbb64cf1a59b809f8f82ec7ab238fdb9c629252038c20db；图像存在不代表手写文字完全辨清
BJ-2024-DC-YIMO-43af41637f122b70,S74cdfac92537,source_visual,9,questions/BJ-2024-DC-YIMO/assets/original/p009.png,本轮已合入可回查原图；SHA256=fd0f301ce43257d508972b0f873118e8b9f28263c019527111adaa7c26de80b8；图像存在不代表手写文字完全辨清
BJ-2024-DC-YIMO-4e54da0ae1f8ffc2,S74cdfac92537,source_visual,10,questions/BJ-2024-DC-YIMO/assets/original/p010.png,本轮已合入可回查原图；SHA256=0d25cb80e740b53920ade33e63f6518462e046160fbe4a752c370a336f0c5264；图像存在不代表手写文字完全辨清
BJ-2024-DC-YIMO-8534a5a6679f54d3,S74cdfac92537,source_visual,11,questions/BJ-2024-DC-YIMO/assets/original/p011.png,本轮已合入可回查原图；SHA256=d586f67b2c3d9869dd4d69d14abbf65f8c12e7f035383a4c02d59e66881e7600；图像存在不代表手写文字完全辨清
BJ-2024-DC-YIMO-19bd21d7581402eb,S74cdfac92537,source_visual,12,questions/BJ-2024-DC-YIMO/assets/original/p012.png,本轮已合入可回查原图；SHA256=d586f67b2c3d9869dd4d69d14abbf65f8c12e7f035383a4c02d59e66881e7600；图像存在不代表手写文字完全辨清
BJ-2024-DC-YIMO-686a1f5cdd02a33e,S4b2073bcc9e2,source_visual,2,questions/BJ-2024-DC-YIMO/assets/pptx_embedded/slide002_shape01.png,本轮已合入可回查原图；SHA256=c5ee576708e7a77b0d33e3f0d169873b95db3dd05c7d7efa2eba46f2ba7351e0；图像存在不代表手写文字完全辨清
BJ-2024-DC-YIMO-587ad2a0fece662a,S4b2073bcc9e2,source_visual,2,questions/BJ-2024-DC-YIMO/assets/pptx_embedded/slide002_shape02.png,本轮已合入可回查原图；SHA256=3c0d3cd309f0f4178f26596fc0211806a75b74f910fc635696523deb1d0209c8；图像存在不代表手写文字完全辨清
BJ-2024-DC-YIMO-37f9207ff197337f,S4b2073bcc9e2,source_visual,3,questions/BJ-2024-DC-YIMO/assets/pptx_embedded/slide003_shape01.png,本轮已合入可回查原图；SHA256=eef5031b4231835a942937aa4e7ba336f8e0ce7aa4a255290a2fb6d19ec44592；图像存在不代表手写文字完全辨清
BJ-2024-DC-YIMO-bc800a293288026a,S4b2073bcc9e2,source_visual,4,questions/BJ-2024-DC-YIMO/assets/pptx_embedded/slide004_shape01.png,本轮已合入可回查原图；SHA256=4f6166ba84b7e2631d10f5cb94c500b8de509ab628093ceb2194e87074f86fc6；图像存在不代表手写文字完全辨清
BJ-2024-DC-YIMO-7c09684bb7931528,S4b2073bcc9e2,source_visual,5,questions/BJ-2024-DC-YIMO/assets/pptx_embedded/slide005_shape01.png,本轮已合入可回查原图；SHA256=e249e286881dfe75b983c5484fdcf16bed10e6c9e6896f56994cafba09581b5e；图像存在不代表手写文字完全辨清
BJ-2024-DC-YIMO-99a882e7c673650c,S4b2073bcc9e2,source_visual,6,questions/BJ-2024-DC-YIMO/assets/pptx_embedded/slide006_shape01.png,本轮已合入可回查原图；SHA256=356314b469e605b44192b798c3cfda83d942cf1906fe99e21bb7c096fd635c5f；图像存在不代表手写文字完全辨清
BJ-2024-DC-YIMO-2a6a9dcb805c7bc4,S4b2073bcc9e2,source_visual,7,questions/BJ-2024-DC-YIMO/assets/pptx_embedded/slide007_shape02.png,本轮已合入可回查原图；SHA256=fe4472307a20ab19e2a60113805ff8b486030d5c78372b1d65a408617fba49ec；图像存在不代表手写文字完全辨清
BJ-2024-DC-YIMO-a514e189a9d1dd1e,S4b2073bcc9e2,source_visual,8,questions/BJ-2024-DC-YIMO/assets/pptx_embedded/slide008_shape01.png,本轮已合入可回查原图；SHA256=34793b215d267c473fb57cff73a41b03fae9557b26a7607b8bc7969f06f8a8bc；图像存在不代表手写文字完全辨清
BJ-2024-DC-YIMO-3d1a2c7af7234f77,S4b2073bcc9e2,source_visual,9,questions/BJ-2024-DC-YIMO/assets/pptx_embedded/slide009_shape01.png,本轮已合入可回查原图；SHA256=55df5295dd4a76effa09d4b725ecc7fe05ef5333fa7cc01f6c4553ab8193805e；图像存在不代表手写文字完全辨清
BJ-2024-DC-YIMO-6ad49ca4680db7cf,S4b2073bcc9e2,source_visual,10,questions/BJ-2024-DC-YIMO/assets/pptx_embedded/slide010_shape01.png,本轮已合入可回查原图；SHA256=55df5295dd4a76effa09d4b725ecc7fe05ef5333fa7cc01f6c4553ab8193805e；图像存在不代表手写文字完全辨清
BJ-2024-DC-YIMO-a34516007e6de029,S4b2073bcc9e2,source_visual,11,questions/BJ-2024-DC-YIMO/assets/pptx_embedded/slide011_shape01.png,本轮已合入可回查原图；SHA256=1dd3a5c812f497b949987bf7f55cd6043a0a72e7743f0a49e5dacdad7039b9ce；图像存在不代表手写文字完全辨清
BJ-2024-DC-YIMO-feb94202543fb68f,S4b2073bcc9e2,source_visual,12,questions/BJ-2024-DC-YIMO/assets/pptx_embedded/slide012_shape01.png,本轮已合入可回查原图；SHA256=aa7b578cacdb6a11d11fba0a8774ddbe8785597d294b6d5eb924e6b7fde6d72d；图像存在不代表手写文字完全辨清
BJ-2024-DC-YIMO-60380a9cb78630d6,S4b2073bcc9e2,source_visual,13,questions/BJ-2024-DC-YIMO/assets/pptx_embedded/slide013_shape01.png,本轮已合入可回查原图；SHA256=56da9453eaa57626468b2f43f7335a11b445efdab1bd5d93cab996eed336e8b8；图像存在不代表手写文字完全辨清
BJ-2024-DC-YIMO-e626448c8bac72af,S4b2073bcc9e2,source_visual,13,questions/BJ-2024-DC-YIMO/assets/pptx_embedded/slide013_shape02.png,本轮已合入可回查原图；SHA256=2a01ec298e2e9d460261ae7333f04dfa1cc1be0822f3f6838711d9d481fed815；图像存在不代表手写文字完全辨清
BJ-2024-DC-YIMO-a6e1604007fe8de3,S4b2073bcc9e2,source_visual,14,questions/BJ-2024-DC-YIMO/assets/pptx_embedded/slide014_shape01.png,本轮已合入可回查原图；SHA256=26521f8c282c717b3a077e57cde42de23621bea624de35e78fd97b4e64e7eac4；图像存在不代表手写文字完全辨清
BJ-2024-DC-YIMO-d9d6e5b1806b81af,S4b2073bcc9e2,source_visual,15,questions/BJ-2024-DC-YIMO/assets/pptx_embedded/slide015_shape01.png,本轮已合入可回查原图；SHA256=26521f8c282c717b3a077e57cde42de23621bea624de35e78fd97b4e64e7eac4；图像存在不代表手写文字完全辨清
BJ-2024-DC-YIMO-5144847d70a80bb4,S4b2073bcc9e2,source_visual,17,questions/BJ-2024-DC-YIMO/assets/pptx_embedded/slide017_shape01.png,本轮已合入可回查原图；SHA256=7bb3711f608cffa149e86d2791111dc76af505f557e1298984e62432d9515cb7；图像存在不代表手写文字完全辨清
BJ-2024-DC-YIMO-892dfb416c447fb0,S4b2073bcc9e2,source_visual,17,questions/BJ-2024-DC-YIMO/assets/pptx_embedded/slide017_shape03.png,本轮已合入可回查原图；SHA256=8699b5b9cd2a67a84f232ec396e1c757ac6970b8425fd12a436a53668112a2ef；图像存在不代表手写文字完全辨清
BJ-2024-DC-YIMO-f5a887a874bde1f8,S4b2073bcc9e2,source_visual,18,questions/BJ-2024-DC-YIMO/assets/pptx_embedded/slide018_shape01.png,本轮已合入可回查原图；SHA256=d123c2341be49fcda5b0f6bada000c57d5a90d3de868d0fe13583ca3ca409674；图像存在不代表手写文字完全辨清
BJ-2024-DC-YIMO-da947ffd1f38bee0,S4b2073bcc9e2,source_visual,19,questions/BJ-2024-DC-YIMO/assets/pptx_embedded/slide019_shape03.png,本轮已合入可回查原图；SHA256=9dabe42d4e7c89be1beb86ce457a54e2b5694dcbb3d07a327c14e7fbd3a5d2f7；图像存在不代表手写文字完全辨清
BJ-2024-DC-YIMO-23ceec4eaada1ae1,S4b2073bcc9e2,source_visual,20,questions/BJ-2024-DC-YIMO/assets/pptx_embedded/slide020_shape01.png,本轮已合入可回查原图；SHA256=3442c3ed928d2fdcf438c9c814f7ddbe4b5f56edde5ea4dae1b16daa7b0c89c2；图像存在不代表手写文字完全辨清
BJ-2024-DC-YIMO-5842d0568d1571aa,S4b2073bcc9e2,source_visual,21,questions/BJ-2024-DC-YIMO/assets/pptx_embedded/slide021_shape01.png,本轮已合入可回查原图；SHA256=3e11e70120ed16088936ad043736cdcc72253793b7a189b1afee225062d0b788；图像存在不代表手写文字完全辨清
BJ-2024-DC-YIMO-a95b7071e532322c,S4b2073bcc9e2,source_visual,21,questions/BJ-2024-DC-YIMO/assets/pptx_embedded/slide021_shape05.png,本轮已合入可回查原图；SHA256=e2028efeb2807f4bc4bc46720bfafaa75edd75dcf7507d8b49fe6b428d950b13；图像存在不代表手写文字完全辨清
BJ-2024-DC-YIMO-d997e03ad0dbea17,S4b2073bcc9e2,source_visual,22,questions/BJ-2024-DC-YIMO/assets/pptx_embedded/slide022_shape01.png,本轮已合入可回查原图；SHA256=6f83e0f8e9a0d4074e897a6708d01e2dc3fae5b6a1f9b58be71baf229c8b4ba4；图像存在不代表手写文字完全辨清
BJ-2024-DC-YIMO-da26ed7752c61256,S4b2073bcc9e2,source_visual,23,questions/BJ-2024-DC-YIMO/assets/pptx_embedded/slide023_shape01.png,本轮已合入可回查原图；SHA256=35de78b14215c15086530f494cd1cc9e60775ad571df8a4183988a4a3cccfbc7；图像存在不代表手写文字完全辨清
BJ-2024-DC-YIMO-77535a7c44f828d0,S4b2073bcc9e2,source_visual,25,questions/BJ-2024-DC-YIMO/assets/pptx_embedded/slide025_shape02.png,本轮已合入可回查原图；SHA256=6d04edf095d3be65389487a373ea1c681ace579b1ca91b395f00307a42d47fa6；图像存在不代表手写文字完全辨清
BJ-2024-DC-YIMO-c4c3a3f23a96f653,S4b2073bcc9e2,source_visual,31,questions/BJ-2024-DC-YIMO/assets/pptx_embedded/slide031_shape02.png,本轮已合入可回查原图；SHA256=4235de8b8944f0dfbd2d6773a224ffdad8b8455587cbaf6b6387e1558a79fa7b；图像存在不代表手写文字完全辨清
BJ-2024-DC-YIMO-14e546d141f70a7d,S4b2073bcc9e2,source_visual,33,questions/BJ-2024-DC-YIMO/assets/pptx_embedded/slide033_shape01.png,本轮已合入可回查原图；SHA256=76e58584e7573bb3ff0cdb9d6bdcb18d275178d2aa76aa12bd250b958e110e0f；图像存在不代表手写文字完全辨清
BJ-2024-DC-YIMO-35dd6f53a6ba31b0,S4b2073bcc9e2,source_visual,34,questions/BJ-2024-DC-YIMO/assets/pptx_embedded/slide034_shape02.png,本轮已合入可回查原图；SHA256=76e58584e7573bb3ff0cdb9d6bdcb18d275178d2aa76aa12bd250b958e110e0f；图像存在不代表手写文字完全辨清
BJ-2024-DC-YIMO-7c29b94e3660cf98,S4b2073bcc9e2,source_visual,35,questions/BJ-2024-DC-YIMO/assets/pptx_embedded/slide035_shape01.jpg,本轮已合入可回查原图；SHA256=5873354459ba943365b11710ee752c8df30fb2401105923258951a2b30b364a1；图像存在不代表手写文字完全辨清
BJ-2024-DC-YIMO-2202d063b5be904f,S4b2073bcc9e2,source_visual,36,questions/BJ-2024-DC-YIMO/assets/pptx_embedded/slide036_shape01.png,本轮已合入可回查原图；SHA256=d7cd38738bb6297bc74ded9bc1a60b6870c8fef084e30d8f93d11e03b5c566ed；图像存在不代表手写文字完全辨清
BJ-2024-DC-YIMO-aba1136b0b9640be,S4b2073bcc9e2,source_visual,38,questions/BJ-2024-DC-YIMO/assets/pptx_embedded/slide038_shape01.png,本轮已合入可回查原图；SHA256=04ba96cc2e37bdc54a3bb06128ad00945e5606474e31a720b2f3e49af8c8acaa；图像存在不代表手写文字完全辨清
BJ-2024-DC-YIMO-14026b16e287dff3,S4b2073bcc9e2,source_visual,40,questions/BJ-2024-DC-YIMO/assets/pptx_embedded/slide040_shape01.png,本轮已合入可回查原图；SHA256=5276c4cfdd0dd16af96f5eda36b5bdb19747636ab03a37824aa724032d4d5bed；图像存在不代表手写文字完全辨清
BJ-2024-DC-YIMO-bd873d460bf395e2,S4b2073bcc9e2,source_visual,41,questions/BJ-2024-DC-YIMO/assets/pptx_embedded/slide041_shape02.png,本轮已合入可回查原图；SHA256=5276c4cfdd0dd16af96f5eda36b5bdb19747636ab03a37824aa724032d4d5bed；图像存在不代表手写文字完全辨清
BJ-2024-DC-YIMO-1ed4b3a99942e006,S4b2073bcc9e2,source_visual,42,questions/BJ-2024-DC-YIMO/assets/pptx_embedded/slide042_shape01.jpg,本轮已合入可回查原图；SHA256=577fac160db86cd37e1b47a4fda4a13e04a611fda7feabed5389811276f0c819；图像存在不代表手写文字完全辨清
BJ-2024-DC-YIMO-aa06cb7bca89e301,S4b2073bcc9e2,source_visual,44,questions/BJ-2024-DC-YIMO/assets/pptx_embedded/slide044_shape01.png,本轮已合入可回查原图；SHA256=e9af7830de3fc9b87fa06fc381af13b7096adbabf286c45b1718cd6043c14b1b；图像存在不代表手写文字完全辨清
BJ-2024-DC-YIMO-732170d12450facd,S4b2073bcc9e2,source_visual,44,questions/BJ-2024-DC-YIMO/assets/pptx_embedded/slide044_shape02.png,本轮已合入可回查原图；SHA256=d7604883eb0017d66a8b50d707675ccd4d3d591b7b2ad159010ba5ebc2125651；图像存在不代表手写文字完全辨清
BJ-2024-DC-YIMO-00bbf106cfde1b57,S4b2073bcc9e2,source_visual,45,questions/BJ-2024-DC-YIMO/assets/pptx_embedded/slide045_shape02.png,本轮已合入可回查原图；SHA256=03cf7cef1ae08d63105915c0ca19acc8c86fd057b2ebc618a178823d1f13cb34；图像存在不代表手写文字完全辨清
BJ-2024-DC-YIMO-e7a78a1bae0b77b3,S4b2073bcc9e2,source_visual,46,questions/BJ-2024-DC-YIMO/assets/pptx_embedded/slide046_shape01.jpg,本轮已合入可回查原图；SHA256=013d34f61e76fd619da09ee5cb4e56880230abc34fb47efa7572fbb4c5a94d2c；图像存在不代表手写文字完全辨清
BJ-2024-DC-YIMO-423cbc9221ece724,S4b2073bcc9e2,source_visual,47,questions/BJ-2024-DC-YIMO/assets/pptx_embedded/slide047_shape01.jpg,本轮已合入可回查原图；SHA256=6defde081f32a2a16c4845e5605ff8e6a4a4eeed76fa2b4a5a0645e833089e36；图像存在不代表手写文字完全辨清
BJ-2024-DC-YIMO-d675d19a0005ea41,S4b2073bcc9e2,source_visual,48,questions/BJ-2024-DC-YIMO/assets/pptx_embedded/slide048_shape02.png,本轮已合入可回查原图；SHA256=15e2568d8ff868e5bb99e56bb6243b8cb77060e31a402fc4b96873ab5593ed17；图像存在不代表手写文字完全辨清
BJ-2024-DC-YIMO-e3b10ca6689e1056,S4b2073bcc9e2,source_visual,50,questions/BJ-2024-DC-YIMO/assets/pptx_embedded/slide050_shape02.png,本轮已合入可回查原图；SHA256=bb4d1349e9adf36c7c8e8e09d2e29cf163412818b5a969fe2c86263224867f2a；图像存在不代表手写文字完全辨清
BJ-2024-DC-YIMO-bc04c055c754cbfd,S4b2073bcc9e2,source_visual,52,questions/BJ-2024-DC-YIMO/assets/pptx_embedded/slide052_shape01.jpg,本轮已合入可回查原图；SHA256=5e6165078aa11635701799706850d87a9cfb8a9ef0a2dba5d59b6bae3c1ee5c6；图像存在不代表手写文字完全辨清
BJ-2024-DC-YIMO-32497f4e781856c2,S4b2073bcc9e2,source_visual,53,questions/BJ-2024-DC-YIMO/assets/pptx_embedded/slide053_shape01.png,本轮已合入可回查原图；SHA256=a3f1e0e400ecc1f6d5240fd7e67805562cb2755c53f531d8198a304e336898e5；图像存在不代表手写文字完全辨清
BJ-2024-DC-YIMO-31ca05370134939a,S4b2073bcc9e2,source_visual,55,questions/BJ-2024-DC-YIMO/assets/pptx_embedded/slide055_shape02.png,本轮已合入可回查原图；SHA256=dc271cc4a8f2d7df1e289e965c2b2c70f5456e542fb57dfd5f1a06a53bbf9269；图像存在不代表手写文字完全辨清
BJ-2024-DC-YIMO-f5c73407e590b4fe,S4b2073bcc9e2,source_visual,57,questions/BJ-2024-DC-YIMO/assets/pptx_embedded/slide057_shape02.png,本轮已合入可回查原图；SHA256=c4794e4cc3f459224e681a8cd72426c69553b27e8c607ae572a919b955a44310；图像存在不代表手写文字完全辨清
BJ-2024-DC-YIMO-8580b2675fae88d4,S4b2073bcc9e2,source_visual,58,questions/BJ-2024-DC-YIMO/assets/pptx_embedded/slide058_shape01.png,本轮已合入可回查原图；SHA256=0e1f2a64e43731944f7ce812148bd0ab6a64542c945219448b509b73bcf62f68；图像存在不代表手写文字完全辨清
BJ-2024-DC-YIMO-742b059752a4e80f,S4b2073bcc9e2,source_visual,59,questions/BJ-2024-DC-YIMO/assets/pptx_embedded/slide059_shape01.png,本轮已合入可回查原图；SHA256=62d57a547edbb7cc9c4b983aa56049ba036752e0d4b573ac3220b856b3f75dc3；图像存在不代表手写文字完全辨清
BJ-2024-DC-YIMO-8bb460864d899c1a,S4b2073bcc9e2,source_visual,63,questions/BJ-2024-DC-YIMO/assets/pptx_embedded/slide063_shape01.png,本轮已合入可回查原图；SHA256=017c4e078af5630244fc71f47e237bf1b8ed4ea326e79192a71bed8924aad350；图像存在不代表手写文字完全辨清
BJ-2024-DC-YIMO-f0e76cc6b5624498,S4b2073bcc9e2,source_visual,65,questions/BJ-2024-DC-YIMO/assets/pptx_embedded/slide065_shape01.png,本轮已合入可回查原图；SHA256=7b21efe345af35cc51db260d47dabf6a7e239ee056647a49d11a8810be330e48；图像存在不代表手写文字完全辨清
BJ-2024-DC-YIMO-3c61b5b2e3bffdb0,S4b2073bcc9e2,source_visual,69,questions/BJ-2024-DC-YIMO/assets/pptx_embedded/slide069_shape02.png,本轮已合入可回查原图；SHA256=cfa8076c133892bc6b26a00af134d11b5f0e4c5164f71ded66fbbd8889ec758b；图像存在不代表手写文字完全辨清
BJ-2024-DC-YIMO-ebcec447796dcfc3,S4b2073bcc9e2,source_visual,70,questions/BJ-2024-DC-YIMO/assets/pptx_embedded/slide070_shape02.png,本轮已合入可回查原图；SHA256=1a60a6f90048315431c00adf6b76596ddf73aea92f42aaebb913e1afef4b5c89；图像存在不代表手写文字完全辨清
BJ-2024-DC-YIMO-7441cd0a9fadadb4,S4b2073bcc9e2,source_visual,73,questions/BJ-2024-DC-YIMO/assets/pptx_embedded/slide073_shape01.jpg,本轮已合入可回查原图；SHA256=6121c83b5f8fe7c2c14a8802909ebb42665def13819c0952cbee70e05873a21e；图像存在不代表手写文字完全辨清
BJ-2024-DC-YIMO-9155c12b5dbe903d,S4b2073bcc9e2,source_visual,74,questions/BJ-2024-DC-YIMO/assets/pptx_embedded/slide074_shape01.jpg,本轮已合入可回查原图；SHA256=56474ae0594dab503d418870fa9833301b89430eba42f714133d8e3956c367ee；图像存在不代表手写文字完全辨清
BJ-2024-DC-YIMO-c3c9e15e4b961811,S4b2073bcc9e2,source_visual,1,questions/BJ-2024-DC-YIMO/assets/rubric/p-01.png,本轮已合入可回查原图；SHA256=d64641cf5a030bb24f0f78a4d7c591caac909d4f9238c47edd32e27ebad33cb1；图像存在不代表手写文字完全辨清
BJ-2024-DC-YIMO-38057109a52d3b99,S4b2073bcc9e2,source_visual,2,questions/BJ-2024-DC-YIMO/assets/rubric/p-02.png,本轮已合入可回查原图；SHA256=96d34456a467ffef31382f0e0ef7a6ef6ff5a2429b0462a305f32ba7c712b207；图像存在不代表手写文字完全辨清
BJ-2024-DC-YIMO-b158e1840dfb3f1f,S4b2073bcc9e2,source_visual,3,questions/BJ-2024-DC-YIMO/assets/rubric/p-03.png,本轮已合入可回查原图；SHA256=807ba55231192cc7ec21c1e16b12884eacd9bb1351916b605334ba3f29b4642a；图像存在不代表手写文字完全辨清
BJ-2024-DC-YIMO-85f897c0c16d5080,S4b2073bcc9e2,source_visual,4,questions/BJ-2024-DC-YIMO/assets/rubric/p-04.png,本轮已合入可回查原图；SHA256=b58d6a7ed211874382041b9d378ed08e542874713b84fa5d364ac122d2dcb689；图像存在不代表手写文字完全辨清
BJ-2024-DC-YIMO-76eb66c82c1f3f09,S4b2073bcc9e2,source_visual,5,questions/BJ-2024-DC-YIMO/assets/rubric/p-05.png,本轮已合入可回查原图；SHA256=72ad31a1435a295487aa843c73ec4d2958e650d227d08ea89ca087418ed22618；图像存在不代表手写文字完全辨清
BJ-2024-DC-YIMO-d4b59f86742c5397,S4b2073bcc9e2,source_visual,6,questions/BJ-2024-DC-YIMO/assets/rubric/p-06.png,本轮已合入可回查原图；SHA256=06a151c60758441a56934a6c0d0893ecfb2fc6d07110ae04f83ddc550a1d5631；图像存在不代表手写文字完全辨清
BJ-2024-DC-YIMO-02fd4f9dcc27e637,S4b2073bcc9e2,source_visual,7,questions/BJ-2024-DC-YIMO/assets/rubric/p-07.png,本轮已合入可回查原图；SHA256=617580e1e78a549598ace7846553be5ed7bac5d42a6b5e795343141d193ae5d7；图像存在不代表手写文字完全辨清
BJ-2024-DC-YIMO-18488bccdbbf3b23,S4b2073bcc9e2,source_visual,8,questions/BJ-2024-DC-YIMO/assets/rubric/p-08.png,本轮已合入可回查原图；SHA256=73cae588e4385e3e0bf53ba794488ab3c5d7e84d285562c35e3e891a6f3a9ee4；图像存在不代表手写文字完全辨清
BJ-2024-DC-YIMO-10ae6cb63f15093b,S4b2073bcc9e2,source_visual,9,questions/BJ-2024-DC-YIMO/assets/rubric/p-09.png,本轮已合入可回查原图；SHA256=a6faccc74f34703e64e03e315a6855dda9f11c7abf8faed5177be91d46a052df；图像存在不代表手写文字完全辨清
BJ-2024-DC-YIMO-e0143e78299d4049,S4b2073bcc9e2,source_visual,10,questions/BJ-2024-DC-YIMO/assets/rubric/p-10.png,本轮已合入可回查原图；SHA256=a6faccc74f34703e64e03e315a6855dda9f11c7abf8faed5177be91d46a052df；图像存在不代表手写文字完全辨清
BJ-2024-DC-YIMO-4f2ee55239a94f24,S4b2073bcc9e2,source_visual,11,questions/BJ-2024-DC-YIMO/assets/rubric/p-11.png,本轮已合入可回查原图；SHA256=d9e8755b7086008dd2198b729b932b6aabec4436c476cbec8580ecaf1cd6923f；图像存在不代表手写文字完全辨清
BJ-2024-DC-YIMO-31372aefa1e22ce7,S4b2073bcc9e2,source_visual,12,questions/BJ-2024-DC-YIMO/assets/rubric/p-12.png,本轮已合入可回查原图；SHA256=72d9d919afe35b59446f031bbcd762b665d1ab32443d2f959612cd3cf6842880；图像存在不代表手写文字完全辨清
BJ-2024-DC-YIMO-dc8e5dcd1ab563ec,S4b2073bcc9e2,source_visual,13,questions/BJ-2024-DC-YIMO/assets/rubric/p-13.png,本轮已合入可回查原图；SHA256=fbf9b55a0889a68674d7c52842993ee1ee0e9e7bb7b010081d80aa4aa1558e6e；图像存在不代表手写文字完全辨清
BJ-2024-DC-YIMO-eb1177b67e17ff2d,S4b2073bcc9e2,source_visual,14,questions/BJ-2024-DC-YIMO/assets/rubric/p-14.png,本轮已合入可回查原图；SHA256=de8dd2d92ffb00e6e3fa60a6adef1e0732e58d44efb6b5d0b2dcd46bb54ea210；图像存在不代表手写文字完全辨清
BJ-2024-DC-YIMO-88b4d0f5b445619f,S4b2073bcc9e2,source_visual,15,questions/BJ-2024-DC-YIMO/assets/rubric/p-15.png,本轮已合入可回查原图；SHA256=a5d4d9544c1f8daed5e5b5ceed25d4940c3655950cb86a0a14c7efd0d64663f6；图像存在不代表手写文字完全辨清
BJ-2024-DC-YIMO-c2aa971336e7f58b,S4b2073bcc9e2,source_visual,16,questions/BJ-2024-DC-YIMO/assets/rubric/p-16.png,本轮已合入可回查原图；SHA256=43c4f50238408826d799fa1a36daa0ff560f1151d4163e58c2063f1d363cd633；图像存在不代表手写文字完全辨清
BJ-2024-DC-YIMO-86944e4030a9accf,S4b2073bcc9e2,source_visual,17,questions/BJ-2024-DC-YIMO/assets/rubric/p-17.png,本轮已合入可回查原图；SHA256=28f424b34fc03e3e27a21d19d40085381600be7ccd396516c34337e7da571ed2；图像存在不代表手写文字完全辨清
BJ-2024-DC-YIMO-0f78394463674402,S4b2073bcc9e2,source_visual,18,questions/BJ-2024-DC-YIMO/assets/rubric/p-18.png,本轮已合入可回查原图；SHA256=0c750924d5edfe365d24e61ec889aff31b05c9468e936761609e3e96e49be041；图像存在不代表手写文字完全辨清
BJ-2024-DC-YIMO-9d5eca062de8b2b2,S4b2073bcc9e2,source_visual,19,questions/BJ-2024-DC-YIMO/assets/rubric/p-19.png,本轮已合入可回查原图；SHA256=4956b6e1e03c62a0bc27e880fc90c1c43b29a1a90090e68dfd27ce0967a497ca；图像存在不代表手写文字完全辨清
BJ-2024-DC-YIMO-f5011dae09b93cf1,S4b2073bcc9e2,source_visual,20,questions/BJ-2024-DC-YIMO/assets/rubric/p-20.png,本轮已合入可回查原图；SHA256=98328dfcc317c7a286cdb309f93963297b490186144d7405d8eb6ccc0b0163f8；图像存在不代表手写文字完全辨清
BJ-2024-DC-YIMO-c8492c10181c71cf,S4b2073bcc9e2,source_visual,21,questions/BJ-2024-DC-YIMO/assets/rubric/p-21.png,本轮已合入可回查原图；SHA256=10c56d63328b588fe1e49eeba1600726683079aa06ffbad8a7f0eaadc9a4b1f4；图像存在不代表手写文字完全辨清
BJ-2024-DC-YIMO-dcbcc009634d7aae,S4b2073bcc9e2,source_visual,22,questions/BJ-2024-DC-YIMO/assets/rubric/p-22.png,本轮已合入可回查原图；SHA256=c30d57c4dfceebeaf033db53ba0224f51a40b90da086bd116f455e997b533b85；图像存在不代表手写文字完全辨清
BJ-2024-DC-YIMO-d982ad9dfc52dc2a,S4b2073bcc9e2,source_visual,23,questions/BJ-2024-DC-YIMO/assets/rubric/p-23.png,本轮已合入可回查原图；SHA256=82212b95244408f2cc32959bf123b2f26bb32ff073ebe48eb91c0bde6bfa897b；图像存在不代表手写文字完全辨清
BJ-2024-DC-YIMO-0aef90338b57c9f6,S4b2073bcc9e2,source_visual,24,questions/BJ-2024-DC-YIMO/assets/rubric/p-24.png,本轮已合入可回查原图；SHA256=7325fd6b49ce8d753571898966b159cd5e8da13aa8359a201ea51b532c58933e；图像存在不代表手写文字完全辨清
BJ-2024-DC-YIMO-0166f06be0cd2907,S4b2073bcc9e2,source_visual,25,questions/BJ-2024-DC-YIMO/assets/rubric/p-25.png,本轮已合入可回查原图；SHA256=32cb7e01d034f5fce31531f6498a0723faf8d14d93100a8a83b75e9006dcee8a；图像存在不代表手写文字完全辨清
BJ-2024-DC-YIMO-b338e4fdb03f244f,S4b2073bcc9e2,source_visual,26,questions/BJ-2024-DC-YIMO/assets/rubric/p-26.png,本轮已合入可回查原图；SHA256=ea296e3216f106a0acf499b72e86fa2372ebc2fe8d1077c2bcb5e1f181d2ed64；图像存在不代表手写文字完全辨清
BJ-2024-DC-YIMO-1e24db922b3844be,S4b2073bcc9e2,source_visual,27,questions/BJ-2024-DC-YIMO/assets/rubric/p-27.png,本轮已合入可回查原图；SHA256=cfec71777293d21704ca58681d0856a5356303fce2cbca434d93cf686211ef9f；图像存在不代表手写文字完全辨清
BJ-2024-DC-YIMO-86f1fab315ffcc49,S4b2073bcc9e2,source_visual,28,questions/BJ-2024-DC-YIMO/assets/rubric/p-28.png,本轮已合入可回查原图；SHA256=c44f9186280b231319b91d03e8b325653d29dcc73137db9575967e30618dbb78；图像存在不代表手写文字完全辨清
BJ-2024-DC-YIMO-443abe5ae0c26561,S4b2073bcc9e2,source_visual,29,questions/BJ-2024-DC-YIMO/assets/rubric/p-29.png,本轮已合入可回查原图；SHA256=92c81ab8231044149e228819ee3492cab69d004bd9642e465bbb200edfb2bd47；图像存在不代表手写文字完全辨清
BJ-2024-DC-YIMO-bf10ba12b43e2a11,S4b2073bcc9e2,source_visual,30,questions/BJ-2024-DC-YIMO/assets/rubric/p-30.png,本轮已合入可回查原图；SHA256=24d12908c0d68f6e816d4dc634a048622a7febaee021d70f4010886b6a1fcd3e；图像存在不代表手写文字完全辨清
BJ-2024-DC-YIMO-c6f0d2f4933d04eb,S4b2073bcc9e2,source_visual,31,questions/BJ-2024-DC-YIMO/assets/rubric/p-31.png,本轮已合入可回查原图；SHA256=ef7fec230782bedceb19cedddf7f3ab7d4eb6140b85b7fe30811edcc76fb680e；图像存在不代表手写文字完全辨清
BJ-2024-DC-YIMO-4fd84c930f584221,S4b2073bcc9e2,source_visual,32,questions/BJ-2024-DC-YIMO/assets/rubric/p-32.png,本轮已合入可回查原图；SHA256=b7d33d8566e04b916bdc319671f3f56f704e1100e7b911db9da19ee1282e966a；图像存在不代表手写文字完全辨清
BJ-2024-DC-YIMO-ac0408919417a145,S4b2073bcc9e2,source_visual,33,questions/BJ-2024-DC-YIMO/assets/rubric/p-33.png,本轮已合入可回查原图；SHA256=4d2ed8dd7dbeab1c492d9291e342663d7aae7ff2754fec4aa4565e4b9988ecef；图像存在不代表手写文字完全辨清
BJ-2024-DC-YIMO-249ee522bf53e1c1,S4b2073bcc9e2,source_visual,34,questions/BJ-2024-DC-YIMO/assets/rubric/p-34.png,本轮已合入可回查原图；SHA256=8a55260ddee4a6403260402128fb49a76cc4bceb848017eeeb74643ae58af75f；图像存在不代表手写文字完全辨清
BJ-2024-DC-YIMO-51a8281e0efeb656,S4b2073bcc9e2,source_visual,35,questions/BJ-2024-DC-YIMO/assets/rubric/p-35.png,本轮已合入可回查原图；SHA256=6281683852b032b73de3fdaf36f9a3d3e427005b3aa8abf42a7b4ef0cc882b3b；图像存在不代表手写文字完全辨清
BJ-2024-DC-YIMO-23fe31231bb3f485,S4b2073bcc9e2,source_visual,36,questions/BJ-2024-DC-YIMO/assets/rubric/p-36.png,本轮已合入可回查原图；SHA256=2361e4869ea76224488d630a4250162866b01c7d2b1c3ad5bf5b3dcabef0264b；图像存在不代表手写文字完全辨清
BJ-2024-DC-YIMO-4a65eb09a76428d1,S4b2073bcc9e2,source_visual,37,questions/BJ-2024-DC-YIMO/assets/rubric/p-37.png,本轮已合入可回查原图；SHA256=c7d07dd566d4e6bc139a231edaccff4d45483d58339e6ebcdf6d556471bb7818；图像存在不代表手写文字完全辨清
BJ-2024-DC-YIMO-6ca40c2aed9bb192,S4b2073bcc9e2,source_visual,38,questions/BJ-2024-DC-YIMO/assets/rubric/p-38.png,本轮已合入可回查原图；SHA256=8806b017c9672dbce06089bb0f0c53d13117ca5a11c71ca62129af34e683017a；图像存在不代表手写文字完全辨清
BJ-2024-DC-YIMO-68dadca74065caad,S4b2073bcc9e2,source_visual,39,questions/BJ-2024-DC-YIMO/assets/rubric/p-39.png,本轮已合入可回查原图；SHA256=7325fd6b49ce8d753571898966b159cd5e8da13aa8359a201ea51b532c58933e；图像存在不代表手写文字完全辨清
BJ-2024-DC-YIMO-f59fb149f40eb76c,S4b2073bcc9e2,source_visual,40,questions/BJ-2024-DC-YIMO/assets/rubric/p-40.png,本轮已合入可回查原图；SHA256=62f8790044ddb9c8e598a50a23029280e7ce936f22fcb924c513d1aa11bb7680；图像存在不代表手写文字完全辨清
BJ-2024-DC-YIMO-d2527f1c2aa065d4,S4b2073bcc9e2,source_visual,41,questions/BJ-2024-DC-YIMO/assets/rubric/p-41.png,本轮已合入可回查原图；SHA256=a0cc3b9edb3f8eebc534e9e0ca89eb853b67acafcf467e469c216c2775e2a8ae；图像存在不代表手写文字完全辨清
BJ-2024-DC-YIMO-8437b29ea4204cd8,S4b2073bcc9e2,source_visual,42,questions/BJ-2024-DC-YIMO/assets/rubric/p-42.png,本轮已合入可回查原图；SHA256=0a462631c7d97d75097f1d4724841b56885b586ed3db2c97426aaae32ad2adcb；图像存在不代表手写文字完全辨清
BJ-2024-DC-YIMO-88a8a10a1cfd12d5,S4b2073bcc9e2,source_visual,43,questions/BJ-2024-DC-YIMO/assets/rubric/p-43.png,本轮已合入可回查原图；SHA256=519af11d2b73ea12c46de9435fa74f1c28e92109a926a12e9ead5e9a87794e6d；图像存在不代表手写文字完全辨清
BJ-2024-DC-YIMO-d2fb74ac77e33938,S4b2073bcc9e2,source_visual,44,questions/BJ-2024-DC-YIMO/assets/rubric/p-44.png,本轮已合入可回查原图；SHA256=c8c593fe396cc09fc2e5e1d5a01ef865457c81514951520f60b09050a210b878；图像存在不代表手写文字完全辨清
BJ-2024-DC-YIMO-03a0ffef7c931d23,S4b2073bcc9e2,source_visual,45,questions/BJ-2024-DC-YIMO/assets/rubric/p-45.png,本轮已合入可回查原图；SHA256=6441a5277488ee37bb9f6a75b2e161d304a063bdff897022dcdab1ef9ac4a4e8；图像存在不代表手写文字完全辨清
BJ-2024-DC-YIMO-5ce708c7ea1225e5,S4b2073bcc9e2,source_visual,46,questions/BJ-2024-DC-YIMO/assets/rubric/p-46.png,本轮已合入可回查原图；SHA256=81ae5d004ee8a6f7299fd66a25111c170664154ab986d29b7de41cbebb3bd280；图像存在不代表手写文字完全辨清
BJ-2024-DC-YIMO-727c2f16d47e4017,S4b2073bcc9e2,source_visual,47,questions/BJ-2024-DC-YIMO/assets/rubric/p-47.png,本轮已合入可回查原图；SHA256=446543a3d2af84cab6df127030867bbe1b0ab88b44e76ec0a7c910baabc01a55；图像存在不代表手写文字完全辨清
BJ-2024-DC-YIMO-11a8837c3f500edd,S4b2073bcc9e2,source_visual,48,questions/BJ-2024-DC-YIMO/assets/rubric/p-48.png,本轮已合入可回查原图；SHA256=4f092d349313e1152ed7d7e511a3d8d466fcc1a9e3fe3d5d47a3f26d3d338a9d；图像存在不代表手写文字完全辨清
BJ-2024-DC-YIMO-b110d44bee679f87,S4b2073bcc9e2,source_visual,49,questions/BJ-2024-DC-YIMO/assets/rubric/p-49.png,本轮已合入可回查原图；SHA256=5f98ad1b1bb40e9090a365d4f445d0a55078831ab61d35682b5760164448d6b3；图像存在不代表手写文字完全辨清
BJ-2024-DC-YIMO-024767b427d05c14,S4b2073bcc9e2,source_visual,50,questions/BJ-2024-DC-YIMO/assets/rubric/p-50.png,本轮已合入可回查原图；SHA256=0e9c68e571de3762927c640d8375c3c80540c3d1a6dd114667c2632c99cd2b47；图像存在不代表手写文字完全辨清
BJ-2024-DC-YIMO-685c117720b2d158,S4b2073bcc9e2,source_visual,51,questions/BJ-2024-DC-YIMO/assets/rubric/p-51.png,本轮已合入可回查原图；SHA256=6e000628b8959f0edd053d8c047bec83437358223529c7ba13ecc298f42b6cd7；图像存在不代表手写文字完全辨清
BJ-2024-DC-YIMO-99d553886200718b,S4b2073bcc9e2,source_visual,52,questions/BJ-2024-DC-YIMO/assets/rubric/p-52.png,本轮已合入可回查原图；SHA256=e624b3efc72d6279c2c93516114399f9b2f429fb46d2270e3a16f6f70be4474c；图像存在不代表手写文字完全辨清
BJ-2024-DC-YIMO-a5ecdc2bc9ed6d8b,S4b2073bcc9e2,source_visual,53,questions/BJ-2024-DC-YIMO/assets/rubric/p-53.png,本轮已合入可回查原图；SHA256=9adedc7aa77918cd86c22cc2ce3df9d4d73074e0d89c4ff66bac3efa38116935；图像存在不代表手写文字完全辨清
BJ-2024-DC-YIMO-19d4d9bb44e30076,S4b2073bcc9e2,source_visual,54,questions/BJ-2024-DC-YIMO/assets/rubric/p-54.png,本轮已合入可回查原图；SHA256=69dd4817e80b5ed99639b65c7569448561a6a218ce44b5b60146601a95f378f7；图像存在不代表手写文字完全辨清
BJ-2024-DC-YIMO-6c747570344f957a,S4b2073bcc9e2,source_visual,55,questions/BJ-2024-DC-YIMO/assets/rubric/p-55.png,本轮已合入可回查原图；SHA256=a6236a5a244cca7a1160977151f60355e11452430304185187d4ab726bc90eca；图像存在不代表手写文字完全辨清
BJ-2024-DC-YIMO-dea95808bdb81c3b,S4b2073bcc9e2,source_visual,56,questions/BJ-2024-DC-YIMO/assets/rubric/p-56.png,本轮已合入可回查原图；SHA256=1ba0694e8219d1c79c4f2ea23f034d09967fed45d091fc71058a0280e43aa001；图像存在不代表手写文字完全辨清
BJ-2024-DC-YIMO-9bbe6e3dcaeeb0cb,S4b2073bcc9e2,source_visual,57,questions/BJ-2024-DC-YIMO/assets/rubric/p-57.png,本轮已合入可回查原图；SHA256=8516d3503567f6d2c840b167d61adc529be7bf01f442ff7c21339209ef9ec198；图像存在不代表手写文字完全辨清
BJ-2024-DC-YIMO-adeaa6b782bfe2a4,S4b2073bcc9e2,source_visual,58,questions/BJ-2024-DC-YIMO/assets/rubric/p-58.png,本轮已合入可回查原图；SHA256=efbe41ce88a54436e893e51908f7d1cafdea165faa00c272b7345010c07a3995；图像存在不代表手写文字完全辨清
BJ-2024-DC-YIMO-d39e754fbf0cbfbd,S4b2073bcc9e2,source_visual,59,questions/BJ-2024-DC-YIMO/assets/rubric/p-59.png,本轮已合入可回查原图；SHA256=da90ca76ce9323cff905aa718920f7a39c58fb3e284fa1192f465780da6da8e2；图像存在不代表手写文字完全辨清
BJ-2024-DC-YIMO-843a9869abc04359,S4b2073bcc9e2,source_visual,60,questions/BJ-2024-DC-YIMO/assets/rubric/p-60.png,本轮已合入可回查原图；SHA256=7325fd6b49ce8d753571898966b159cd5e8da13aa8359a201ea51b532c58933e；图像存在不代表手写文字完全辨清
BJ-2024-DC-YIMO-a0fc736c2c53b514,S4b2073bcc9e2,source_visual,61,questions/BJ-2024-DC-YIMO/assets/rubric/p-61.png,本轮已合入可回查原图；SHA256=b950d54f9eb19ee5e5f8d281f7479fc4fe84ced89f3b201840574be332c83ca4；图像存在不代表手写文字完全辨清
BJ-2024-DC-YIMO-f931480de586b855,S4b2073bcc9e2,source_visual,62,questions/BJ-2024-DC-YIMO/assets/rubric/p-62.png,本轮已合入可回查原图；SHA256=7325fd6b49ce8d753571898966b159cd5e8da13aa8359a201ea51b532c58933e；图像存在不代表手写文字完全辨清
BJ-2024-DC-YIMO-7fba546f55bdfc6f,S4b2073bcc9e2,source_visual,63,questions/BJ-2024-DC-YIMO/assets/rubric/p-63.png,本轮已合入可回查原图；SHA256=8e618d038a6db7434608057e9dbca95d314fcf2df08b592cd96d9fc5a2d9ea6d；图像存在不代表手写文字完全辨清
BJ-2024-DC-YIMO-ee54901f5cf0d2db,S4b2073bcc9e2,source_visual,64,questions/BJ-2024-DC-YIMO/assets/rubric/p-64.png,本轮已合入可回查原图；SHA256=fa63bad3e366e3643e70966098d684af73ad03ba84348fda935ad1bc9f93c26d；图像存在不代表手写文字完全辨清
BJ-2024-DC-YIMO-8534fa7a45674ed6,S4b2073bcc9e2,source_visual,65,questions/BJ-2024-DC-YIMO/assets/rubric/p-65.png,本轮已合入可回查原图；SHA256=6253273bea865b87b9e466b358d32c0a77689ed14d2666db4f9606984fca8846；图像存在不代表手写文字完全辨清
BJ-2024-DC-YIMO-33380acffc13624b,S4b2073bcc9e2,source_visual,66,questions/BJ-2024-DC-YIMO/assets/rubric/p-66.png,本轮已合入可回查原图；SHA256=24c11d889e0682954d7b6d77b23822eab367092427f72ab08290648bbc4c17c1；图像存在不代表手写文字完全辨清
BJ-2024-DC-YIMO-6b25015e263d7bb4,S4b2073bcc9e2,source_visual,67,questions/BJ-2024-DC-YIMO/assets/rubric/p-67.png,本轮已合入可回查原图；SHA256=967c79ada35fe391e666bb8bc86999db2a871431247af44b29ace4757851627e；图像存在不代表手写文字完全辨清
BJ-2024-DC-YIMO-bf054fcd1c6bf883,S4b2073bcc9e2,source_visual,68,questions/BJ-2024-DC-YIMO/assets/rubric/p-68.png,本轮已合入可回查原图；SHA256=ab826ab2651275933d73208adbbcec5fa9cccf0436c446e98b7e3b03983ca21e；图像存在不代表手写文字完全辨清
BJ-2024-DC-YIMO-f9057b185fd3909f,S4b2073bcc9e2,source_visual,69,questions/BJ-2024-DC-YIMO/assets/rubric/p-69.png,本轮已合入可回查原图；SHA256=c31bd605156c9b905c8512f93d6df40ee2f2f6cebb2e62beed2e9b26b9938537；图像存在不代表手写文字完全辨清
BJ-2024-DC-YIMO-0dc6886754f8c7b0,S4b2073bcc9e2,source_visual,70,questions/BJ-2024-DC-YIMO/assets/rubric/p-70.png,本轮已合入可回查原图；SHA256=fe5eb1a674f43229d08a1dfe7d380ab48bb9a3de787f2b2d3fbee1f43e10f0c0；图像存在不代表手写文字完全辨清
BJ-2024-DC-YIMO-77301e9417a636ca,S4b2073bcc9e2,source_visual,71,questions/BJ-2024-DC-YIMO/assets/rubric/p-71.png,本轮已合入可回查原图；SHA256=3226092d183a498f6798a5beebe7522e5b48dfa6382af757f8799b603f98f26b；图像存在不代表手写文字完全辨清
BJ-2024-DC-YIMO-ee875bc09339e801,S4b2073bcc9e2,source_visual,72,questions/BJ-2024-DC-YIMO/assets/rubric/p-72.png,本轮已合入可回查原图；SHA256=7325fd6b49ce8d753571898966b159cd5e8da13aa8359a201ea51b532c58933e；图像存在不代表手写文字完全辨清
BJ-2024-DC-YIMO-7711439b366c049b,S4b2073bcc9e2,source_visual,73,questions/BJ-2024-DC-YIMO/assets/rubric/p-73.png,本轮已合入可回查原图；SHA256=4b344ba9b7397520cd6973837040c12b688e00db448d81ae98b41b0a66f53dc2；图像存在不代表手写文字完全辨清
BJ-2024-DC-YIMO-ba37f5bb347bcb4f,S4b2073bcc9e2,source_visual,74,questions/BJ-2024-DC-YIMO/assets/rubric/p-74.png,本轮已合入可回查原图；SHA256=02671b6e73a12803242955c8cf0370a4396afff71b959ff0f0a861b0beb1318b；图像存在不代表手写文字完全辨清
BJ-2024-DC-YIMO-786410a01683b3db,S4b2073bcc9e2,student_evidence,35,questions/BJ-2024-DC-YIMO/assets/student_samples/native_shape_refs/slide035_shape01.jpg,本轮已合入可回查原图；SHA256=5873354459ba943365b11710ee752c8df30fb2401105923258951a2b30b364a1；图像存在不代表手写文字完全辨清
BJ-2024-DC-YIMO-97ab74e015172f6d,S4b2073bcc9e2,student_evidence,42,questions/BJ-2024-DC-YIMO/assets/student_samples/native_shape_refs/slide042_shape01.jpg,本轮已合入可回查原图；SHA256=577fac160db86cd37e1b47a4fda4a13e04a611fda7feabed5389811276f0c819；图像存在不代表手写文字完全辨清
BJ-2024-DC-YIMO-e9c5728411ed5a02,S4b2073bcc9e2,student_evidence,46,questions/BJ-2024-DC-YIMO/assets/student_samples/native_shape_refs/slide046_shape01.jpg,本轮已合入可回查原图；SHA256=013d34f61e76fd619da09ee5cb4e56880230abc34fb47efa7572fbb4c5a94d2c；图像存在不代表手写文字完全辨清
BJ-2024-DC-YIMO-90e22516a055abb5,S4b2073bcc9e2,student_evidence,47,questions/BJ-2024-DC-YIMO/assets/student_samples/native_shape_refs/slide047_shape01.jpg,本轮已合入可回查原图；SHA256=6defde081f32a2a16c4845e5605ff8e6a4a4eeed76fa2b4a5a0645e833089e36；图像存在不代表手写文字完全辨清
BJ-2024-DC-YIMO-ceb20a95b552e690,S4b2073bcc9e2,student_evidence,52,questions/BJ-2024-DC-YIMO/assets/student_samples/native_shape_refs/slide052_shape01.jpg,本轮已合入可回查原图；SHA256=5e6165078aa11635701799706850d87a9cfb8a9ef0a2dba5d59b6bae3c1ee5c6；图像存在不代表手写文字完全辨清
BJ-2024-DC-YIMO-60151abc6f2b7479,S4b2073bcc9e2,student_evidence,58,questions/BJ-2024-DC-YIMO/assets/student_samples/native_shape_refs/slide058_shape01.png,本轮已合入可回查原图；SHA256=0e1f2a64e43731944f7ce812148bd0ab6a64542c945219448b509b73bcf62f68；图像存在不代表手写文字完全辨清
BJ-2024-DC-YIMO-38d6c53110a91214,S4b2073bcc9e2,student_evidence,65,questions/BJ-2024-DC-YIMO/assets/student_samples/native_shape_refs/slide065_shape01.png,本轮已合入可回查原图；SHA256=7b21efe345af35cc51db260d47dabf6a7e239ee056647a49d11a8810be330e48；图像存在不代表手写文字完全辨清
BJ-2024-DC-YIMO-63a8d2a6d33d56e2,S4b2073bcc9e2,student_evidence,73,questions/BJ-2024-DC-YIMO/assets/student_samples/native_shape_refs/slide073_shape01.jpg,本轮已合入可回查原图；SHA256=6121c83b5f8fe7c2c14a8802909ebb42665def13819c0952cbee70e05873a21e；图像存在不代表手写文字完全辨清
BJ-2024-DC-YIMO-dffbcb7d8a265a04,S4b2073bcc9e2,student_evidence,74,questions/BJ-2024-DC-YIMO/assets/student_samples/native_shape_refs/slide074_shape01.jpg,本轮已合入可回查原图；SHA256=56474ae0594dab503d418870fa9833301b89430eba42f714133d8e3956c367ee；图像存在不代表手写文字完全辨清
BJ-2024-DC-YIMO-bcfcb84058512527,S4b2073bcc9e2,student_evidence,28,questions/BJ-2024-DC-YIMO/assets/student_samples/pptx_media/slide28_image26.jpeg,本轮已合入可回查原图；SHA256=8b5fb447f10056c2f4da9e2cece5d32a38ab98e95656f2154b4c84d5662dc579；图像存在不代表手写文字完全辨清
BJ-2024-DC-YIMO-afe54c1e8f71ae68,S4b2073bcc9e2,student_evidence,29,questions/BJ-2024-DC-YIMO/assets/student_samples/pptx_media/slide29_image27.jpeg,本轮已合入可回查原图；SHA256=b7109ac83d57128bede90574ae406ddb40046d80cfc24a8dc4707cb3b3e729e7；图像存在不代表手写文字完全辨清
BJ-2024-DC-YIMO-3fc98934788edc23,S4b2073bcc9e2,student_evidence,30,questions/BJ-2024-DC-YIMO/assets/student_samples/pptx_media/slide30_image28.jpeg,本轮已合入可回查原图；SHA256=b04f40ff819610b42099a292f30c4860475c8bda6fa46167f9a036e1f0f83319；图像存在不代表手写文字完全辨清
BJ-2024-DC-YIMO-6180e3f30af9969c,S4b2073bcc9e2,student_evidence,35,questions/BJ-2024-DC-YIMO/assets/student_samples/pptx_media/slide35_image31.jpeg,本轮已合入可回查原图；SHA256=5873354459ba943365b11710ee752c8df30fb2401105923258951a2b30b364a1；图像存在不代表手写文字完全辨清
BJ-2024-DC-YIMO-04a0e69049da7fa1,S4b2073bcc9e2,student_evidence,42,questions/BJ-2024-DC-YIMO/assets/student_samples/pptx_media/slide42_image35.jpeg,本轮已合入可回查原图；SHA256=577fac160db86cd37e1b47a4fda4a13e04a611fda7feabed5389811276f0c819；图像存在不代表手写文字完全辨清
BJ-2024-DC-YIMO-2340aa09a83132a7,S4b2073bcc9e2,student_evidence,46,questions/BJ-2024-DC-YIMO/assets/student_samples/pptx_media/slide46_image39.jpeg,本轮已合入可回查原图；SHA256=013d34f61e76fd619da09ee5cb4e56880230abc34fb47efa7572fbb4c5a94d2c；图像存在不代表手写文字完全辨清
BJ-2024-DC-YIMO-749a576d660a6c9e,S4b2073bcc9e2,student_evidence,47,questions/BJ-2024-DC-YIMO/assets/student_samples/pptx_media/slide47_image40.jpeg,本轮已合入可回查原图；SHA256=6defde081f32a2a16c4845e5605ff8e6a4a4eeed76fa2b4a5a0645e833089e36；图像存在不代表手写文字完全辨清
BJ-2024-DC-YIMO-ed832eb7853fda56,S4b2073bcc9e2,student_evidence,52,questions/BJ-2024-DC-YIMO/assets/student_samples/pptx_media/slide52_image43.jpeg,本轮已合入可回查原图；SHA256=5e6165078aa11635701799706850d87a9cfb8a9ef0a2dba5d59b6bae3c1ee5c6；图像存在不代表手写文字完全辨清
BJ-2024-DC-YIMO-775e3490c35868b4,S4b2073bcc9e2,student_evidence,58,questions/BJ-2024-DC-YIMO/assets/student_samples/pptx_media/slide58_image47.png,本轮已合入可回查原图；SHA256=0e1f2a64e43731944f7ce812148bd0ab6a64542c945219448b509b73bcf62f68；图像存在不代表手写文字完全辨清
BJ-2024-DC-YIMO-eda67eb97361822b,S4b2073bcc9e2,student_evidence,65,questions/BJ-2024-DC-YIMO/assets/student_samples/pptx_media/slide65_image50.png,本轮已合入可回查原图；SHA256=7b21efe345af35cc51db260d47dabf6a7e239ee056647a49d11a8810be330e48；图像存在不代表手写文字完全辨清
BJ-2024-DC-YIMO-2134b10acf25dcef,S4b2073bcc9e2,student_evidence,73,questions/BJ-2024-DC-YIMO/assets/student_samples/pptx_media/slide73_image53.jpeg,本轮已合入可回查原图；SHA256=6121c83b5f8fe7c2c14a8802909ebb42665def13819c0952cbee70e05873a21e；图像存在不代表手写文字完全辨清
BJ-2024-DC-YIMO-3ffb6465236cb5aa,S4b2073bcc9e2,student_evidence,74,questions/BJ-2024-DC-YIMO/assets/student_samples/pptx_media/slide74_image54.jpeg,本轮已合入可回查原图；SHA256=56474ae0594dab503d418870fa9833301b89430eba42f714133d8e3956c367ee；图像存在不代表手写文字完全辨清
BJ-2024-DC-YIMO-1fead29c7c11dad0,S4b2073bcc9e2,student_evidence,28,questions/BJ-2024-DC-YIMO/assets/student_samples/rendered_slides/slide28.png,本轮已合入可回查原图；SHA256=c44f9186280b231319b91d03e8b325653d29dcc73137db9575967e30618dbb78；图像存在不代表手写文字完全辨清
BJ-2024-DC-YIMO-c98a6f4812001162,S4b2073bcc9e2,student_evidence,29,questions/BJ-2024-DC-YIMO/assets/student_samples/rendered_slides/slide29.png,本轮已合入可回查原图；SHA256=92c81ab8231044149e228819ee3492cab69d004bd9642e465bbb200edfb2bd47；图像存在不代表手写文字完全辨清
BJ-2024-DC-YIMO-e0dfb7a59e4ad8dd,S4b2073bcc9e2,student_evidence,30,questions/BJ-2024-DC-YIMO/assets/student_samples/rendered_slides/slide30.png,本轮已合入可回查原图；SHA256=24d12908c0d68f6e816d4dc634a048622a7febaee021d70f4010886b6a1fcd3e；图像存在不代表手写文字完全辨清
BJ-2024-DC-YIMO-1ab7b6f4b362bf63,S4b2073bcc9e2,student_evidence,35,questions/BJ-2024-DC-YIMO/assets/student_samples/rendered_slides/slide35.png,本轮已合入可回查原图；SHA256=6281683852b032b73de3fdaf36f9a3d3e427005b3aa8abf42a7b4ef0cc882b3b；图像存在不代表手写文字完全辨清
BJ-2024-DC-YIMO-4fbaf12bc7930476,S4b2073bcc9e2,student_evidence,42,questions/BJ-2024-DC-YIMO/assets/student_samples/rendered_slides/slide42.png,本轮已合入可回查原图；SHA256=0a462631c7d97d75097f1d4724841b56885b586ed3db2c97426aaae32ad2adcb；图像存在不代表手写文字完全辨清
BJ-2024-DC-YIMO-62256fed61bb6021,S4b2073bcc9e2,student_evidence,46,questions/BJ-2024-DC-YIMO/assets/student_samples/rendered_slides/slide46.png,本轮已合入可回查原图；SHA256=81ae5d004ee8a6f7299fd66a25111c170664154ab986d29b7de41cbebb3bd280；图像存在不代表手写文字完全辨清
BJ-2024-DC-YIMO-79d42fa2d5076196,S4b2073bcc9e2,student_evidence,47,questions/BJ-2024-DC-YIMO/assets/student_samples/rendered_slides/slide47.png,本轮已合入可回查原图；SHA256=446543a3d2af84cab6df127030867bbe1b0ab88b44e76ec0a7c910baabc01a55；图像存在不代表手写文字完全辨清
BJ-2024-DC-YIMO-3590918c018104ec,S4b2073bcc9e2,student_evidence,52,questions/BJ-2024-DC-YIMO/assets/student_samples/rendered_slides/slide52.png,本轮已合入可回查原图；SHA256=e624b3efc72d6279c2c93516114399f9b2f429fb46d2270e3a16f6f70be4474c；图像存在不代表手写文字完全辨清
BJ-2024-DC-YIMO-5b4378dfed51c054,S4b2073bcc9e2,student_evidence,58,questions/BJ-2024-DC-YIMO/assets/student_samples/rendered_slides/slide58.png,本轮已合入可回查原图；SHA256=efbe41ce88a54436e893e51908f7d1cafdea165faa00c272b7345010c07a3995；图像存在不代表手写文字完全辨清
BJ-2024-DC-YIMO-8ac93f7f241061a4,S4b2073bcc9e2,student_evidence,65,questions/BJ-2024-DC-YIMO/assets/student_samples/rendered_slides/slide65.png,本轮已合入可回查原图；SHA256=6253273bea865b87b9e466b358d32c0a77689ed14d2666db4f9606984fca8846；图像存在不代表手写文字完全辨清
BJ-2024-DC-YIMO-e191ae5555bd8f8f,S4b2073bcc9e2,student_evidence,73,questions/BJ-2024-DC-YIMO/assets/student_samples/rendered_slides/slide73.png,本轮已合入可回查原图；SHA256=4b344ba9b7397520cd6973837040c12b688e00db448d81ae98b41b0a66f53dc2；图像存在不代表手写文字完全辨清
BJ-2024-DC-YIMO-ca3511699afa5aa5,S4b2073bcc9e2,student_evidence,74,questions/BJ-2024-DC-YIMO/assets/student_samples/rendered_slides/slide74.png,本轮已合入可回查原图；SHA256=02671b6e73a12803242955c8cf0370a4396afff71b959ff0f0a861b0beb1318b；图像存在不代表手写文字完全辨清
BJ-2026-XC-QIMO-eab26e573eaf3cf4,Sefbc5507a38d,source_visual,10,questions/BJ-2026-XC-QIMO/assets/answer_pages/answer_p010.png,本卷共享包可回查原图；SHA256=eab26e573eaf3cf47c2d8720f69ff0458358fbbf0374d1550d314ad4a39f4210；图像与机器可读转写共同保存，图像存在不单独证明文字已核。
BJ-2026-XC-QIMO-89b55423fc955068,Sefbc5507a38d,source_visual,11,questions/BJ-2026-XC-QIMO/assets/answer_pages/answer_p011.png,本卷共享包可回查原图；SHA256=89b55423fc9550685b5f90080397ebfb2f1474b5d46058c99f1172c17ecdccd1；图像与机器可读转写共同保存，图像存在不单独证明文字已核。
BJ-2026-XC-QIMO-dc2aa0baf02bef21,Sefbc5507a38d,source_visual,12,questions/BJ-2026-XC-QIMO/assets/answer_pages/answer_p012.png,本卷共享包可回查原图；SHA256=dc2aa0baf02bef218b2c5f25ec87fd6465bbba1b48841f5c4881fcb56d8e3f02；图像与机器可读转写共同保存，图像存在不单独证明文字已核。
BJ-2026-XC-QIMO-b34d8bc6b9887056,Sefbc5507a38d,source_visual,1,questions/BJ-2026-XC-QIMO/assets/paper_pages/paper_p001.png,本卷共享包可回查原图；SHA256=b34d8bc6b988705698da119e34d0b5e4690a4402bd828d74822086f3317f6a79；图像与机器可读转写共同保存，图像存在不单独证明文字已核。
BJ-2026-XC-QIMO-49f9d6907ccf54a3,Sefbc5507a38d,source_visual,2,questions/BJ-2026-XC-QIMO/assets/paper_pages/paper_p002.png,本卷共享包可回查原图；SHA256=49f9d6907ccf54a3d184f2792e4c4d129449f4debad883580354fe610baab2f9；图像与机器可读转写共同保存，图像存在不单独证明文字已核。
BJ-2026-XC-QIMO-a5799f7188e32f51,Sefbc5507a38d,source_visual,3,questions/BJ-2026-XC-QIMO/assets/paper_pages/paper_p003.png,本卷共享包可回查原图；SHA256=a5799f7188e32f5154cd48b949d10ae88609e6a363023be6f040e3ba18c5cde9；图像与机器可读转写共同保存，图像存在不单独证明文字已核。
BJ-2026-XC-QIMO-f3c6b3c83242c850,Sefbc5507a38d,source_visual,4,questions/BJ-2026-XC-QIMO/assets/paper_pages/paper_p004.png,本卷共享包可回查原图；SHA256=f3c6b3c83242c850eb4ab2a7b1f0f7bf8b25fcf9bd1a8c9c9372db63dceb94ac；图像与机器可读转写共同保存，图像存在不单独证明文字已核。
BJ-2026-XC-QIMO-a171176dbf3145a0,Sefbc5507a38d,source_visual,5,questions/BJ-2026-XC-QIMO/assets/paper_pages/paper_p005.png,本卷共享包可回查原图；SHA256=a171176dbf3145a0a8d2119df2536ebd8303ff7611245f7cb79838c9dfb45bd9；图像与机器可读转写共同保存，图像存在不单独证明文字已核。
BJ-2026-XC-QIMO-81a57f553dd337af,Sefbc5507a38d,source_visual,6,questions/BJ-2026-XC-QIMO/assets/paper_pages/paper_p006.png,本卷共享包可回查原图；SHA256=81a57f553dd337aff53b12d4a38751a7b5eab5999b002dde60d9559686121dae；图像与机器可读转写共同保存，图像存在不单独证明文字已核。
BJ-2026-XC-QIMO-060c479b30c94000,Sefbc5507a38d,source_visual,7,questions/BJ-2026-XC-QIMO/assets/paper_pages/paper_p007.png,本卷共享包可回查原图；SHA256=060c479b30c9400021ee52245df8713dab1dec80769b9382554b85f4723cb527；图像与机器可读转写共同保存，图像存在不单独证明文字已核。
BJ-2026-XC-QIMO-af8f5a08bb49be2f,Sefbc5507a38d,source_visual,8,questions/BJ-2026-XC-QIMO/assets/paper_pages/paper_p008.png,本卷共享包可回查原图；SHA256=af8f5a08bb49be2f9c13775b350bb3f1d6da55ee20f7840d260109f360dc4a14；图像与机器可读转写共同保存，图像存在不单独证明文字已核。
BJ-2026-XC-QIMO-608a280985a152de,Sefbc5507a38d,source_visual,9,questions/BJ-2026-XC-QIMO/assets/paper_pages/paper_p009.png,本卷共享包可回查原图；SHA256=608a280985a152de55a3ed0c40ab7764d0733ff8b475efdae305b0ea99c9f947；图像与机器可读转写共同保存，图像存在不单独证明文字已核。
BJ-2026-XC-QIMO-24c9ccad5cc03d23,Sefbc5507a38d,source_visual,2,questions/BJ-2026-XC-QIMO/assets/question_crops/Q02_timeline.png,本卷共享包可回查原图；SHA256=24c9ccad5cc03d23b82c92475d8f4b9b0e9ff5735b7f6d10a87ba87b8ec82d00；图像与机器可读转写共同保存，图像存在不单独证明文字已核。
BJ-2026-XC-QIMO-58c7893bc4cbfbeb,Sefbc5507a38d,source_visual,6,questions/BJ-2026-XC-QIMO/assets/question_crops/Q06_identity_verification.png,本卷共享包可回查原图；SHA256=58c7893bc4cbfbeb17ed276fdc5271140826916cda88ad3d22a0dc47dd7fbd3a；图像与机器可读转写共同保存，图像存在不单独证明文字已核。
BJ-2026-XC-QIMO-b4137439b9bcbcfc,Sefbc5507a38d,source_visual,8,questions/BJ-2026-XC-QIMO/assets/question_crops/Q08_garden_city_panels.png,本卷共享包可回查原图；SHA256=b4137439b9bcbcfc7abf5ded41fea7c2140e35f800ff23a921d4528833b5ba6a；图像与机器可读转写共同保存，图像存在不单独证明文字已核。
BJ-2026-XC-QIMO-d03b74a09bc757e1,Sefbc5507a38d,source_visual,11,questions/BJ-2026-XC-QIMO/assets/question_crops/Q11_old_standard_policy.png,本卷共享包可回查原图；SHA256=d03b74a09bc757e17884baf9fb4d4b5a4530883629dc949c76d149962e22e78e；图像与机器可读转写共同保存，图像存在不单独证明文字已核。
BJ-2026-XC-QIMO-d63b04e29c086b1e,Sefbc5507a38d,source_visual,13,questions/BJ-2026-XC-QIMO/assets/question_crops/Q13_patent_industrialization_chart.png,本卷共享包可回查原图；SHA256=d63b04e29c086b1efe8466fe3ce3459b20caeb2dc939a38ee1ecf7e773d12ea7；图像与机器可读转写共同保存，图像存在不单独证明文字已核。
BJ-2026-XC-QIMO-fcbb02f5040c2d15,Sefbc5507a38d,source_visual,17,questions/BJ-2026-XC-QIMO/assets/question_crops/Q17_minor_protection_law.png,本卷共享包可回查原图；SHA256=fcbb02f5040c2d15cd281493b330af39758742277f9259825b1e9bf0e134c2f5；图像与机器可读转写共同保存，图像存在不单独证明文字已核。
BJ-2026-XC-QIMO-1eac81a0c094fc16,Sefbc5507a38d,source_visual,18,questions/BJ-2026-XC-QIMO/assets/question_crops/Q18_prosecutor_plus.png,本卷共享包可回查原图；SHA256=1eac81a0c094fc164ca41ded86b2e588b535418390675f4031c8f54f0ac336de；图像与机器可读转写共同保存，图像存在不单独证明文字已核。
BJ-2026-XC-QIMO-caad4aeda34c76c2,Sefbc5507a38d,source_visual,19,questions/BJ-2026-XC-QIMO/assets/question_crops/Q19_investment_table.png,本卷共享包可回查原图；SHA256=caad4aeda34c76c276fbc01924ce322e637d2ad2d211b7b958269caf70297e0f；图像与机器可读转写共同保存，图像存在不单独证明文字已核。
BJ-2026-XC-QIMO-de1e796b7b4f3e84,Sefbc5507a38d,source_visual,20,questions/BJ-2026-XC-QIMO/assets/question_crops/Q20_ndc_table.png,本卷共享包可回查原图；SHA256=de1e796b7b4f3e842b2f261b11edc52a0435c05662935870667f9e05e1704eb6；图像与机器可读转写共同保存，图像存在不单独证明文字已核。
BJ-2026-XC-QIMO-66b75eb94a0a8e79,Sefbc5507a38d,source_visual,21,questions/BJ-2026-XC-QIMO/assets/question_crops/Q21_five_year_plan_box.png,本卷共享包可回查原图；SHA256=66b75eb94a0a8e794479a31e48cf6e2c4a9aa4723edbe3cf6247622f64b14b39；图像与机器可读转写共同保存，图像存在不单独证明文字已核。
BJ-2026-XC-QIMO-927448a4e893c63f,Sefbc5507a38d,source_visual,,questions/BJ-2026-XC-QIMO/assets/question_crops/contact.png,本卷共享包可回查原图；SHA256=927448a4e893c63f3f877bb8c38559b1be6da4ba8f6667a1375eb3b2cef5cc7c；图像与机器可读转写共同保存，图像存在不单独证明文字已核。
BJ-2026-XC-QIMO-de1498c6ede29de3,S54715a1e650d,source_visual,1,questions/BJ-2026-XC-QIMO/assets/rubric_pages/rubric_p001.png,本卷共享包可回查原图；SHA256=de1498c6ede29de3b403cd69c9b3d2d2ef7203313d68070e96d22d238a4cf66b；图像与机器可读转写共同保存，图像存在不单独证明文字已核。
BJ-2026-XC-QIMO-d11fc387b22d49d2,S54715a1e650d,source_visual,2,questions/BJ-2026-XC-QIMO/assets/rubric_pages/rubric_p002.png,本卷共享包可回查原图；SHA256=d11fc387b22d49d2b6f538ec44b00d32f1689ae6d6f0f757eabf2f5cf080d385；图像与机器可读转写共同保存，图像存在不单独证明文字已核。
BJ-2026-XC-QIMO-1ec76edf150e44a7,S54715a1e650d,source_visual,3,questions/BJ-2026-XC-QIMO/assets/rubric_pages/rubric_p003.png,本卷共享包可回查原图；SHA256=1ec76edf150e44a78e12917ba6f4dd655b5289c867e0abcc25041579081c4973；图像与机器可读转写共同保存，图像存在不单独证明文字已核。
BJ-2026-XC-QIMO-c8b2be5728cbc63f,S54715a1e650d,source_visual,4,questions/BJ-2026-XC-QIMO/assets/rubric_pages/rubric_p004.png,本卷共享包可回查原图；SHA256=c8b2be5728cbc63f55de92c8b5bc8df57a4a23028e56c9e9d0fce6be316eeefb；图像与机器可读转写共同保存，图像存在不单独证明文字已核。
BJ-2026-XC-QIMO-1f05b5c786f81c91,S54715a1e650d,source_visual,5,questions/BJ-2026-XC-QIMO/assets/rubric_pages/rubric_p005.png,本卷共享包可回查原图；SHA256=1f05b5c786f81c9103e5fc69671c064c995aa862ed747f4551f3c1ec88fe2de2；图像与机器可读转写共同保存，图像存在不单独证明文字已核。
BJ-2026-XC-QIMO-75ccbc5329dc0623,S9aecfff2e370,source_visual,1,questions/BJ-2026-XC-QIMO/assets/slide_pages/slide_p001.png,本卷共享包可回查原图；SHA256=75ccbc5329dc0623bd91270f2356bf279bd0dd44dec4f14c5fbec451d72e065d；图像与机器可读转写共同保存，图像存在不单独证明文字已核。
BJ-2026-XC-QIMO-af83e00e2deee687,S9aecfff2e370,source_visual,2,questions/BJ-2026-XC-QIMO/assets/slide_pages/slide_p002.png,本卷共享包可回查原图；SHA256=af83e00e2deee6873e49c24d533677b73d652c02b079e3dd543f0cb43ac21e79；图像与机器可读转写共同保存，图像存在不单独证明文字已核。
BJ-2026-XC-QIMO-a55d5bf9e1688cb2,S9aecfff2e370,source_visual,3,questions/BJ-2026-XC-QIMO/assets/slide_pages/slide_p003.png,本卷共享包可回查原图；SHA256=a55d5bf9e1688cb25402abf46bf9623c98b756fc1111e5c29ba8769b7876c636；图像与机器可读转写共同保存，图像存在不单独证明文字已核。
BJ-2026-XC-QIMO-7aa7a882966887d6,S9aecfff2e370,source_visual,4,questions/BJ-2026-XC-QIMO/assets/slide_pages/slide_p004.png,本卷共享包可回查原图；SHA256=7aa7a882966887d602c1003b6df02b3135d60f8a1c3b20a18a795400d76b11eb；图像与机器可读转写共同保存，图像存在不单独证明文字已核。
BJ-2026-XC-QIMO-2dd4a49a2f91c556,S9aecfff2e370,source_visual,5,questions/BJ-2026-XC-QIMO/assets/slide_pages/slide_p005.png,本卷共享包可回查原图；SHA256=2dd4a49a2f91c5568ddd5aa704ab900b94979f33487fe6c365ef4ea87879aa3f；图像与机器可读转写共同保存，图像存在不单独证明文字已核。
BJ-2026-XC-QIMO-359bf1fcd5f49293,S9aecfff2e370,source_visual,6,questions/BJ-2026-XC-QIMO/assets/slide_pages/slide_p006.png,本卷共享包可回查原图；SHA256=359bf1fcd5f49293557f8b7fd0baa89b5089794cfe3616603a42de680a58cd21；图像与机器可读转写共同保存，图像存在不单独证明文字已核。
BJ-2026-XC-QIMO-4ae55bc2ce7a4c73,S9aecfff2e370,source_visual,7,questions/BJ-2026-XC-QIMO/assets/slide_pages/slide_p007.png,本卷共享包可回查原图；SHA256=4ae55bc2ce7a4c7350a70287bb35c3ffd049f301ae4854cc897b4c45b0ec1ede；图像与机器可读转写共同保存，图像存在不单独证明文字已核。
BJ-2026-XC-QIMO-899fcc2f6cd0827b,S9aecfff2e370,source_visual,8,questions/BJ-2026-XC-QIMO/assets/slide_pages/slide_p008.png,本卷共享包可回查原图；SHA256=899fcc2f6cd0827b8e2fb7867ef0b38af23cfd4c5df3c58070f3ee089830d576；图像与机器可读转写共同保存，图像存在不单独证明文字已核。
BJ-2026-XC-QIMO-226292e4d2c6bdf6,S9aecfff2e370,source_visual,9,questions/BJ-2026-XC-QIMO/assets/slide_pages/slide_p009.png,本卷共享包可回查原图；SHA256=226292e4d2c6bdf6f3892deaa09752402a8bb5708210ad732b796e2e699ad165；图像与机器可读转写共同保存，图像存在不单独证明文字已核。
BJ-2026-XC-QIMO-cd7e6f6f8b96490c,S9aecfff2e370,source_visual,10,questions/BJ-2026-XC-QIMO/assets/slide_pages/slide_p010.png,本卷共享包可回查原图；SHA256=cd7e6f6f8b96490cd6f8b34195b845fd02f30b2c6caa918407ce17a8a5f4f2e4；图像与机器可读转写共同保存，图像存在不单独证明文字已核。
BJ-2026-XC-QIMO-58e7fd4233bc2ede,S9aecfff2e370,source_visual,11,questions/BJ-2026-XC-QIMO/assets/slide_pages/slide_p011.png,本卷共享包可回查原图；SHA256=58e7fd4233bc2edebed7bf4d58f19b1134a9c2740759d6b6b78fe08ec33de37d；图像与机器可读转写共同保存，图像存在不单独证明文字已核。
BJ-2026-XC-QIMO-fb00b40550da6b00,S9aecfff2e370,source_visual,12,questions/BJ-2026-XC-QIMO/assets/slide_pages/slide_p012.png,本卷共享包可回查原图；SHA256=fb00b40550da6b00687c7cacebcdc9c99006adda92f67863bf3aabb25567839b；图像与机器可读转写共同保存，图像存在不单独证明文字已核。
S6e5080fb116a-shared-BJ-2025-CP-ERMO-p001,S6e5080fb116a,page_render,1,questions/BJ-2025-CP-ERMO/assets/exam_pages/p001.png,自包含共享题包页图；图片存在不等于图文转写完成。
S6e5080fb116a-shared-BJ-2025-CP-ERMO-p002,S6e5080fb116a,page_render,2,questions/BJ-2025-CP-ERMO/assets/exam_pages/p002.png,自包含共享题包页图；图片存在不等于图文转写完成。
S6e5080fb116a-shared-BJ-2025-CP-ERMO-p003,S6e5080fb116a,page_render,3,questions/BJ-2025-CP-ERMO/assets/exam_pages/p003.png,自包含共享题包页图；图片存在不等于图文转写完成。
S6e5080fb116a-shared-BJ-2025-CP-ERMO-p004,S6e5080fb116a,page_render,4,questions/BJ-2025-CP-ERMO/assets/exam_pages/p004.png,自包含共享题包页图；图片存在不等于图文转写完成。
S6e5080fb116a-shared-BJ-2025-CP-ERMO-p005,S6e5080fb116a,page_render,5,questions/BJ-2025-CP-ERMO/assets/exam_pages/p005.png,自包含共享题包页图；图片存在不等于图文转写完成。
S6e5080fb116a-shared-BJ-2025-CP-ERMO-p006,S6e5080fb116a,page_render,6,questions/BJ-2025-CP-ERMO/assets/exam_pages/p006.png,自包含共享题包页图；图片存在不等于图文转写完成。
S6e5080fb116a-shared-BJ-2025-CP-ERMO-p007,S6e5080fb116a,page_render,7,questions/BJ-2025-CP-ERMO/assets/exam_pages/p007.png,自包含共享题包页图；图片存在不等于图文转写完成。
S6e5080fb116a-shared-BJ-2025-CP-ERMO-p008,S6e5080fb116a,page_render,8,questions/BJ-2025-CP-ERMO/assets/exam_pages/p008.png,自包含共享题包页图；图片存在不等于图文转写完成。
S6e5080fb116a-shared-BJ-2025-CP-ERMO-p009,S6e5080fb116a,page_render,9,questions/BJ-2025-CP-ERMO/assets/exam_pages/p009.png,自包含共享题包页图；图片存在不等于图文转写完成。
S6e5080fb116a-shared-BJ-2025-CP-ERMO-p010,S6e5080fb116a,page_render,10,questions/BJ-2025-CP-ERMO/assets/exam_pages/p010.png,自包含共享题包页图；图片存在不等于图文转写完成。
S6e5080fb116a-shared-BJ-2025-CP-ERMO-p011,S6e5080fb116a,page_render,11,questions/BJ-2025-CP-ERMO/assets/exam_pages/p011.png,自包含共享题包页图；图片存在不等于图文转写完成。
Saf3875177855-shared-BJ-2025-CP-ERMO-p001,Saf3875177855,slide_render,1,questions/BJ-2025-CP-ERMO/assets/rubric_slides/p001.png,自包含共享题包页图；图片存在不等于图文转写完成。
Saf3875177855-shared-BJ-2025-CP-ERMO-p002,Saf3875177855,slide_render,2,questions/BJ-2025-CP-ERMO/assets/rubric_slides/p002.png,自包含共享题包页图；图片存在不等于图文转写完成。
Saf3875177855-shared-BJ-2025-CP-ERMO-p003,Saf3875177855,slide_render,3,questions/BJ-2025-CP-ERMO/assets/rubric_slides/p003.png,自包含共享题包页图；图片存在不等于图文转写完成。
Saf3875177855-shared-BJ-2025-CP-ERMO-p004,Saf3875177855,slide_render,4,questions/BJ-2025-CP-ERMO/assets/rubric_slides/p004.png,自包含共享题包页图；图片存在不等于图文转写完成。
Saf3875177855-shared-BJ-2025-CP-ERMO-p005,Saf3875177855,slide_render,5,questions/BJ-2025-CP-ERMO/assets/rubric_slides/p005.png,自包含共享题包页图；图片存在不等于图文转写完成。
Saf3875177855-shared-BJ-2025-CP-ERMO-p006,Saf3875177855,slide_render,6,questions/BJ-2025-CP-ERMO/assets/rubric_slides/p006.png,自包含共享题包页图；图片存在不等于图文转写完成。
Saf3875177855-shared-BJ-2025-CP-ERMO-p007,Saf3875177855,slide_render,7,questions/BJ-2025-CP-ERMO/assets/rubric_slides/p007.png,自包含共享题包页图；图片存在不等于图文转写完成。
Saf3875177855-shared-BJ-2025-CP-ERMO-p008,Saf3875177855,slide_render,8,questions/BJ-2025-CP-ERMO/assets/rubric_slides/p008.png,自包含共享题包页图；图片存在不等于图文转写完成。
Saf3875177855-shared-BJ-2025-CP-ERMO-p009,Saf3875177855,slide_render,9,questions/BJ-2025-CP-ERMO/assets/rubric_slides/p009.png,自包含共享题包页图；图片存在不等于图文转写完成。
Saf3875177855-shared-BJ-2025-CP-ERMO-p010,Saf3875177855,slide_render,10,questions/BJ-2025-CP-ERMO/assets/rubric_slides/p010.png,自包含共享题包页图；图片存在不等于图文转写完成。
Saf3875177855-shared-BJ-2025-CP-ERMO-p011,Saf3875177855,slide_render,11,questions/BJ-2025-CP-ERMO/assets/rubric_slides/p011.png,自包含共享题包页图；图片存在不等于图文转写完成。
Saf3875177855-shared-BJ-2025-CP-ERMO-p012,Saf3875177855,slide_render,12,questions/BJ-2025-CP-ERMO/assets/rubric_slides/p012.png,自包含共享题包页图；图片存在不等于图文转写完成。
Saf3875177855-shared-BJ-2025-CP-ERMO-p013,Saf3875177855,slide_render,13,questions/BJ-2025-CP-ERMO/assets/rubric_slides/p013.png,自包含共享题包页图；图片存在不等于图文转写完成。
Saf3875177855-shared-BJ-2025-CP-ERMO-p014,Saf3875177855,slide_render,14,questions/BJ-2025-CP-ERMO/assets/rubric_slides/p014.png,自包含共享题包页图；图片存在不等于图文转写完成。
Saf3875177855-shared-BJ-2025-CP-ERMO-p015,Saf3875177855,slide_render,15,questions/BJ-2025-CP-ERMO/assets/rubric_slides/p015.png,自包含共享题包页图；图片存在不等于图文转写完成。
Saf3875177855-shared-BJ-2025-CP-ERMO-p016,Saf3875177855,slide_render,16,questions/BJ-2025-CP-ERMO/assets/rubric_slides/p016.png,自包含共享题包页图；图片存在不等于图文转写完成。
Saf3875177855-shared-BJ-2025-CP-ERMO-p017,Saf3875177855,slide_render,17,questions/BJ-2025-CP-ERMO/assets/rubric_slides/p017.png,自包含共享题包页图；图片存在不等于图文转写完成。
Saf3875177855-shared-BJ-2025-CP-ERMO-p018,Saf3875177855,slide_render,18,questions/BJ-2025-CP-ERMO/assets/rubric_slides/p018.png,自包含共享题包页图；图片存在不等于图文转写完成。
Saf3875177855-shared-BJ-2025-CP-ERMO-p019,Saf3875177855,slide_render,19,questions/BJ-2025-CP-ERMO/assets/rubric_slides/p019.png,自包含共享题包页图；图片存在不等于图文转写完成。
Saf3875177855-shared-BJ-2025-CP-ERMO-p020,Saf3875177855,slide_render,20,questions/BJ-2025-CP-ERMO/assets/rubric_slides/p020.png,自包含共享题包页图；图片存在不等于图文转写完成。
Saf3875177855-shared-BJ-2025-CP-ERMO-p021,Saf3875177855,slide_render,21,questions/BJ-2025-CP-ERMO/assets/rubric_slides/p021.png,自包含共享题包页图；图片存在不等于图文转写完成。
S5a53b5c6863d-shared-BJ-2026-CY-QIZHONG-Q21-p6-arrows-zoom,S5a53b5c6863d,extracted_figure,6,questions/BJ-2026-CY-QIZHONG/assets/S5a53b5c6863d/Q21-p6-arrows-zoom.png,当前共享包同SHA页图/图表；派生页码和原卷页码分开；图片存在不等于全文保真完成。
S5a53b5c6863d-shared-BJ-2026-CY-QIZHONG-Q21-p6-diagram,S5a53b5c6863d,extracted_figure,6,questions/BJ-2026-CY-QIZHONG/assets/S5a53b5c6863d/Q21-p6-diagram.png,当前共享包同SHA页图/图表；派生页码和原卷页码分开；图片存在不等于全文保真完成。
S5a53b5c6863d-shared-BJ-2026-CY-QIZHONG-Q5-p2-chart,S5a53b5c6863d,extracted_figure,2,questions/BJ-2026-CY-QIZHONG/assets/S5a53b5c6863d/Q5-p2-chart.png,当前共享包同SHA页图/图表；派生页码和原卷页码分开；图片存在不等于全文保真完成。
S5a53b5c6863d-shared-BJ-2026-CY-QIZHONG-p001,S5a53b5c6863d,page_render,001,questions/BJ-2026-CY-QIZHONG/assets/S5a53b5c6863d/pages/p001.png,当前共享包同SHA页图/图表；派生页码和原卷页码分开；图片存在不等于全文保真完成。
S5a53b5c6863d-shared-BJ-2026-CY-QIZHONG-p002,S5a53b5c6863d,page_render,002,questions/BJ-2026-CY-QIZHONG/assets/S5a53b5c6863d/pages/p002.png,当前共享包同SHA页图/图表；派生页码和原卷页码分开；图片存在不等于全文保真完成。
S5a53b5c6863d-shared-BJ-2026-CY-QIZHONG-p003,S5a53b5c6863d,page_render,003,questions/BJ-2026-CY-QIZHONG/assets/S5a53b5c6863d/pages/p003.png,当前共享包同SHA页图/图表；派生页码和原卷页码分开；图片存在不等于全文保真完成。
S5a53b5c6863d-shared-BJ-2026-CY-QIZHONG-p004,S5a53b5c6863d,page_render,004,questions/BJ-2026-CY-QIZHONG/assets/S5a53b5c6863d/pages/p004.png,当前共享包同SHA页图/图表；派生页码和原卷页码分开；图片存在不等于全文保真完成。
S5a53b5c6863d-shared-BJ-2026-CY-QIZHONG-p005,S5a53b5c6863d,page_render,005,questions/BJ-2026-CY-QIZHONG/assets/S5a53b5c6863d/pages/p005.png,当前共享包同SHA页图/图表；派生页码和原卷页码分开；图片存在不等于全文保真完成。
S5a53b5c6863d-shared-BJ-2026-CY-QIZHONG-p006,S5a53b5c6863d,page_render,006,questions/BJ-2026-CY-QIZHONG/assets/S5a53b5c6863d/pages/p006.png,当前共享包同SHA页图/图表；派生页码和原卷页码分开；图片存在不等于全文保真完成。
S5a53b5c6863d-shared-BJ-2026-CY-QIZHONG-p007,S5a53b5c6863d,page_render,007,questions/BJ-2026-CY-QIZHONG/assets/S5a53b5c6863d/pages/p007.png,当前共享包同SHA页图/图表；派生页码和原卷页码分开；图片存在不等于全文保真完成。
S5a53b5c6863d-shared-BJ-2026-CY-QIZHONG-p008,S5a53b5c6863d,page_render,008,questions/BJ-2026-CY-QIZHONG/assets/S5a53b5c6863d/pages/p008.png,当前共享包同SHA页图/图表；派生页码和原卷页码分开；图片存在不等于全文保真完成。
S885e694cf464-shared-BJ-2026-CY-QIZHONG-page-1,S885e694cf464,page_render,1,questions/BJ-2026-CY-QIZHONG/assets/S885e694cf464/readable_pages/page-1.png,当前共享包同SHA页图/图表；派生页码和原卷页码分开；图片存在不等于全文保真完成。
S885e694cf464-shared-BJ-2026-CY-QIZHONG-page-2,S885e694cf464,page_render,2,questions/BJ-2026-CY-QIZHONG/assets/S885e694cf464/readable_pages/page-2.png,当前共享包同SHA页图/图表；派生页码和原卷页码分开；图片存在不等于全文保真完成。
S885e694cf464-shared-BJ-2026-CY-QIZHONG-page-3,S885e694cf464,page_render,3,questions/BJ-2026-CY-QIZHONG/assets/S885e694cf464/readable_pages/page-3.png,当前共享包同SHA页图/图表；派生页码和原卷页码分开；图片存在不等于全文保真完成。
S885e694cf464-shared-BJ-2026-CY-QIZHONG-page-4,S885e694cf464,page_render,4,questions/BJ-2026-CY-QIZHONG/assets/S885e694cf464/readable_pages/page-4.png,当前共享包同SHA页图/图表；派生页码和原卷页码分开；图片存在不等于全文保真完成。
S885e694cf464-shared-BJ-2026-CY-QIZHONG-page-5,S885e694cf464,page_render,5,questions/BJ-2026-CY-QIZHONG/assets/S885e694cf464/readable_pages/page-5.png,当前共享包同SHA页图/图表；派生页码和原卷页码分开；图片存在不等于全文保真完成。
S950d6b2d3cdd-BJ-2024-FT-YIMO-readable20260922-p1,S950d6b2d3cdd,readable_source_page,1,questions/BJ-2024-FT-YIMO/sources/readable_visual_20260922/rendered/S950d6b2d3cdd/pages/page-001.png,同源字体恢复派生页；页码按sources/readable_visual_20260922/visual_delta.json的OOXML映射，旧缺字页号不继承。
S950d6b2d3cdd-BJ-2024-FT-YIMO-readable20260922-p2,S950d6b2d3cdd,readable_source_page,2,questions/BJ-2024-FT-YIMO/sources/readable_visual_20260922/rendered/S950d6b2d3cdd/pages/page-002.png,同源字体恢复派生页；页码按sources/readable_visual_20260922/visual_delta.json的OOXML映射，旧缺字页号不继承。
S950d6b2d3cdd-BJ-2024-FT-YIMO-readable20260922-p3,S950d6b2d3cdd,readable_source_page,3,questions/BJ-2024-FT-YIMO/sources/readable_visual_20260922/rendered/S950d6b2d3cdd/pages/page-003.png,同源字体恢复派生页；页码按sources/readable_visual_20260922/visual_delta.json的OOXML映射，旧缺字页号不继承。
S950d6b2d3cdd-BJ-2024-FT-YIMO-readable20260922-p4,S950d6b2d3cdd,readable_source_page,4,questions/BJ-2024-FT-YIMO/sources/readable_visual_20260922/rendered/S950d6b2d3cdd/pages/page-004.png,同源字体恢复派生页；页码按sources/readable_visual_20260922/visual_delta.json的OOXML映射，旧缺字页号不继承。
S950d6b2d3cdd-BJ-2024-FT-YIMO-readable20260922-p5,S950d6b2d3cdd,readable_source_page,5,questions/BJ-2024-FT-YIMO/sources/readable_visual_20260922/rendered/S950d6b2d3cdd/pages/page-005.png,同源字体恢复派生页；页码按sources/readable_visual_20260922/visual_delta.json的OOXML映射，旧缺字页号不继承。
S950d6b2d3cdd-BJ-2024-FT-YIMO-readable20260922-p6,S950d6b2d3cdd,readable_source_page,6,questions/BJ-2024-FT-YIMO/sources/readable_visual_20260922/rendered/S950d6b2d3cdd/pages/page-006.png,同源字体恢复派生页；页码按sources/readable_visual_20260922/visual_delta.json的OOXML映射，旧缺字页号不继承。
S950d6b2d3cdd-BJ-2024-FT-YIMO-readable20260922-p7,S950d6b2d3cdd,readable_source_page,7,questions/BJ-2024-FT-YIMO/sources/readable_visual_20260922/rendered/S950d6b2d3cdd/pages/page-007.png,同源字体恢复派生页；页码按sources/readable_visual_20260922/visual_delta.json的OOXML映射，旧缺字页号不继承。
S950d6b2d3cdd-BJ-2024-FT-YIMO-readable20260922-p8,S950d6b2d3cdd,readable_source_page,8,questions/BJ-2024-FT-YIMO/sources/readable_visual_20260922/rendered/S950d6b2d3cdd/pages/page-008.png,同源字体恢复派生页；页码按sources/readable_visual_20260922/visual_delta.json的OOXML映射，旧缺字页号不继承。
S950d6b2d3cdd-BJ-2024-FT-YIMO-readable20260922-p9,S950d6b2d3cdd,readable_source_page,9,questions/BJ-2024-FT-YIMO/sources/readable_visual_20260922/rendered/S950d6b2d3cdd/pages/page-009.png,同源字体恢复派生页；页码按sources/readable_visual_20260922/visual_delta.json的OOXML映射，旧缺字页号不继承。
S13d454fdd813-BJ-2024-HD-ERMO-readable20260922-p1,S13d454fdd813,readable_source_page,1,questions/BJ-2024-HD-ERMO/sources/readable_visual_20260922/rendered/S13d454fdd813/pages/page-001.png,同源字体恢复派生页；页码按sources/readable_visual_20260922/visual_delta.json的OOXML映射，旧缺字页号不继承。
S13d454fdd813-BJ-2024-HD-ERMO-readable20260922-p2,S13d454fdd813,readable_source_page,2,questions/BJ-2024-HD-ERMO/sources/readable_visual_20260922/rendered/S13d454fdd813/pages/page-002.png,同源字体恢复派生页；页码按sources/readable_visual_20260922/visual_delta.json的OOXML映射，旧缺字页号不继承。
S13d454fdd813-BJ-2024-HD-ERMO-readable20260922-p3,S13d454fdd813,readable_source_page,3,questions/BJ-2024-HD-ERMO/sources/readable_visual_20260922/rendered/S13d454fdd813/pages/page-003.png,同源字体恢复派生页；页码按sources/readable_visual_20260922/visual_delta.json的OOXML映射，旧缺字页号不继承。
S13d454fdd813-BJ-2024-HD-ERMO-readable20260922-p4,S13d454fdd813,readable_source_page,4,questions/BJ-2024-HD-ERMO/sources/readable_visual_20260922/rendered/S13d454fdd813/pages/page-004.png,同源字体恢复派生页；页码按sources/readable_visual_20260922/visual_delta.json的OOXML映射，旧缺字页号不继承。
S13d454fdd813-BJ-2024-HD-ERMO-readable20260922-p5,S13d454fdd813,readable_source_page,5,questions/BJ-2024-HD-ERMO/sources/readable_visual_20260922/rendered/S13d454fdd813/pages/page-005.png,同源字体恢复派生页；页码按sources/readable_visual_20260922/visual_delta.json的OOXML映射，旧缺字页号不继承。
S13d454fdd813-BJ-2024-HD-ERMO-readable20260922-p6,S13d454fdd813,readable_source_page,6,questions/BJ-2024-HD-ERMO/sources/readable_visual_20260922/rendered/S13d454fdd813/pages/page-006.png,同源字体恢复派生页；页码按sources/readable_visual_20260922/visual_delta.json的OOXML映射，旧缺字页号不继承。
S13d454fdd813-BJ-2024-HD-ERMO-readable20260922-p7,S13d454fdd813,readable_source_page,7,questions/BJ-2024-HD-ERMO/sources/readable_visual_20260922/rendered/S13d454fdd813/pages/page-007.png,同源字体恢复派生页；页码按sources/readable_visual_20260922/visual_delta.json的OOXML映射，旧缺字页号不继承。
S13d454fdd813-BJ-2024-HD-ERMO-readable20260922-p8,S13d454fdd813,readable_source_page,8,questions/BJ-2024-HD-ERMO/sources/readable_visual_20260922/rendered/S13d454fdd813/pages/page-008.png,同源字体恢复派生页；页码按sources/readable_visual_20260922/visual_delta.json的OOXML映射，旧缺字页号不继承。
S13d454fdd813-BJ-2024-HD-ERMO-readable20260922-p9,S13d454fdd813,readable_source_page,9,questions/BJ-2024-HD-ERMO/sources/readable_visual_20260922/rendered/S13d454fdd813/pages/page-009.png,同源字体恢复派生页；页码按sources/readable_visual_20260922/visual_delta.json的OOXML映射，旧缺字页号不继承。
S227192d22e10-BJ-2024-HD-ERMO-readable20260922-p1,S227192d22e10,readable_source_page,1,questions/BJ-2024-HD-ERMO/sources/readable_visual_20260922/rendered/S227192d22e10/pages/page-001.png,同源字体恢复派生页；页码按sources/readable_visual_20260922/visual_delta.json的OOXML映射，旧缺字页号不继承。
S227192d22e10-BJ-2024-HD-ERMO-readable20260922-p2,S227192d22e10,readable_source_page,2,questions/BJ-2024-HD-ERMO/sources/readable_visual_20260922/rendered/S227192d22e10/pages/page-002.png,同源字体恢复派生页；页码按sources/readable_visual_20260922/visual_delta.json的OOXML映射，旧缺字页号不继承。
S227192d22e10-BJ-2024-HD-ERMO-readable20260922-p3,S227192d22e10,readable_source_page,3,questions/BJ-2024-HD-ERMO/sources/readable_visual_20260922/rendered/S227192d22e10/pages/page-003.png,同源字体恢复派生页；页码按sources/readable_visual_20260922/visual_delta.json的OOXML映射，旧缺字页号不继承。
S227192d22e10-BJ-2024-HD-ERMO-readable20260922-p4,S227192d22e10,readable_source_page,4,questions/BJ-2024-HD-ERMO/sources/readable_visual_20260922/rendered/S227192d22e10/pages/page-004.png,同源字体恢复派生页；页码按sources/readable_visual_20260922/visual_delta.json的OOXML映射，旧缺字页号不继承。
S227192d22e10-BJ-2024-HD-ERMO-readable20260922-p5,S227192d22e10,readable_source_page,5,questions/BJ-2024-HD-ERMO/sources/readable_visual_20260922/rendered/S227192d22e10/pages/page-005.png,同源字体恢复派生页；页码按sources/readable_visual_20260922/visual_delta.json的OOXML映射，旧缺字页号不继承。
S8f109fb09efc-BJ-2024-HD-ERMO-readable20260922-p1,S8f109fb09efc,readable_source_page,1,questions/BJ-2024-HD-ERMO/sources/readable_visual_20260922/rendered/S8f109fb09efc/pages/page-001.png,同源字体恢复派生页；页码按sources/readable_visual_20260922/visual_delta.json的OOXML映射，旧缺字页号不继承。
S8f109fb09efc-BJ-2024-HD-ERMO-readable20260922-p2,S8f109fb09efc,readable_source_page,2,questions/BJ-2024-HD-ERMO/sources/readable_visual_20260922/rendered/S8f109fb09efc/pages/page-002.png,同源字体恢复派生页；页码按sources/readable_visual_20260922/visual_delta.json的OOXML映射，旧缺字页号不继承。
Sb692254ceb1b-BJ-2024-HD-YIMO-readable20260922-p1,Sb692254ceb1b,readable_source_page,1,questions/BJ-2024-HD-YIMO/sources/readable_visual_20260922/rendered/Sb692254ceb1b/pages/page-001.png,同源字体恢复派生页；页码按sources/readable_visual_20260922/visual_delta.json的OOXML映射，旧缺字页号不继承。
Sb692254ceb1b-BJ-2024-HD-YIMO-readable20260922-p2,Sb692254ceb1b,readable_source_page,2,questions/BJ-2024-HD-YIMO/sources/readable_visual_20260922/rendered/Sb692254ceb1b/pages/page-002.png,同源字体恢复派生页；页码按sources/readable_visual_20260922/visual_delta.json的OOXML映射，旧缺字页号不继承。
Sb692254ceb1b-BJ-2024-HD-YIMO-readable20260922-p3,Sb692254ceb1b,readable_source_page,3,questions/BJ-2024-HD-YIMO/sources/readable_visual_20260922/rendered/Sb692254ceb1b/pages/page-003.png,同源字体恢复派生页；页码按sources/readable_visual_20260922/visual_delta.json的OOXML映射，旧缺字页号不继承。
Sb692254ceb1b-BJ-2024-HD-YIMO-readable20260922-p4,Sb692254ceb1b,readable_source_page,4,questions/BJ-2024-HD-YIMO/sources/readable_visual_20260922/rendered/Sb692254ceb1b/pages/page-004.png,同源字体恢复派生页；页码按sources/readable_visual_20260922/visual_delta.json的OOXML映射，旧缺字页号不继承。
Sb692254ceb1b-BJ-2024-HD-YIMO-readable20260922-p5,Sb692254ceb1b,readable_source_page,5,questions/BJ-2024-HD-YIMO/sources/readable_visual_20260922/rendered/Sb692254ceb1b/pages/page-005.png,同源字体恢复派生页；页码按sources/readable_visual_20260922/visual_delta.json的OOXML映射，旧缺字页号不继承。
S98d1d762f302-BJ-2024-HD-YIMO-readable20260922-p1,S98d1d762f302,readable_source_page,1,questions/BJ-2024-HD-YIMO/sources/readable_visual_20260922/rendered/S98d1d762f302/pages/page-001.png,同源字体恢复派生页；页码按sources/readable_visual_20260922/visual_delta.json的OOXML映射，旧缺字页号不继承。
S98d1d762f302-BJ-2024-HD-YIMO-readable20260922-p2,S98d1d762f302,readable_source_page,2,questions/BJ-2024-HD-YIMO/sources/readable_visual_20260922/rendered/S98d1d762f302/pages/page-002.png,同源字体恢复派生页；页码按sources/readable_visual_20260922/visual_delta.json的OOXML映射，旧缺字页号不继承。
S0dbd7271f7bf-BJ-2024-XC-ERMO-readable20260922-p1,S0dbd7271f7bf,readable_source_page,1,questions/BJ-2024-XC-ERMO/sources/readable_visual_20260922/pages/exam/page-001.png,同源字体恢复派生页；页码按sources/readable_visual_20260922/visual_delta.json的OOXML映射，旧缺字页号不继承。
S0dbd7271f7bf-BJ-2024-XC-ERMO-readable20260922-p2,S0dbd7271f7bf,readable_source_page,2,questions/BJ-2024-XC-ERMO/sources/readable_visual_20260922/pages/exam/page-002.png,同源字体恢复派生页；页码按sources/readable_visual_20260922/visual_delta.json的OOXML映射，旧缺字页号不继承。
S0dbd7271f7bf-BJ-2024-XC-ERMO-readable20260922-p3,S0dbd7271f7bf,readable_source_page,3,questions/BJ-2024-XC-ERMO/sources/readable_visual_20260922/pages/exam/page-003.png,同源字体恢复派生页；页码按sources/readable_visual_20260922/visual_delta.json的OOXML映射，旧缺字页号不继承。
S0dbd7271f7bf-BJ-2024-XC-ERMO-readable20260922-p4,S0dbd7271f7bf,readable_source_page,4,questions/BJ-2024-XC-ERMO/sources/readable_visual_20260922/pages/exam/page-004.png,同源字体恢复派生页；页码按sources/readable_visual_20260922/visual_delta.json的OOXML映射，旧缺字页号不继承。
S0dbd7271f7bf-BJ-2024-XC-ERMO-readable20260922-p5,S0dbd7271f7bf,readable_source_page,5,questions/BJ-2024-XC-ERMO/sources/readable_visual_20260922/pages/exam/page-005.png,同源字体恢复派生页；页码按sources/readable_visual_20260922/visual_delta.json的OOXML映射，旧缺字页号不继承。
S0dbd7271f7bf-BJ-2024-XC-ERMO-readable20260922-p6,S0dbd7271f7bf,readable_source_page,6,questions/BJ-2024-XC-ERMO/sources/readable_visual_20260922/pages/exam/page-006.png,同源字体恢复派生页；页码按sources/readable_visual_20260922/visual_delta.json的OOXML映射，旧缺字页号不继承。
S0dbd7271f7bf-BJ-2024-XC-ERMO-readable20260922-p7,S0dbd7271f7bf,readable_source_page,7,questions/BJ-2024-XC-ERMO/sources/readable_visual_20260922/pages/exam/page-007.png,同源字体恢复派生页；页码按sources/readable_visual_20260922/visual_delta.json的OOXML映射，旧缺字页号不继承。
S0dbd7271f7bf-BJ-2024-XC-ERMO-readable20260922-p8,S0dbd7271f7bf,readable_source_page,8,questions/BJ-2024-XC-ERMO/sources/readable_visual_20260922/pages/exam/page-008.png,同源字体恢复派生页；页码按sources/readable_visual_20260922/visual_delta.json的OOXML映射，旧缺字页号不继承。
S85ebe0578ce8-BJ-2024-XC-ERMO-readable20260922-p1,S85ebe0578ce8,readable_source_page,1,questions/BJ-2024-XC-ERMO/sources/readable_visual_20260922/pages/answer/page-001.png,同源字体恢复派生页；页码按sources/readable_visual_20260922/visual_delta.json的OOXML映射，旧缺字页号不继承。
S85ebe0578ce8-BJ-2024-XC-ERMO-readable20260922-p2,S85ebe0578ce8,readable_source_page,2,questions/BJ-2024-XC-ERMO/sources/readable_visual_20260922/pages/answer/page-002.png,同源字体恢复派生页；页码按sources/readable_visual_20260922/visual_delta.json的OOXML映射，旧缺字页号不继承。
S85ebe0578ce8-BJ-2024-XC-ERMO-readable20260922-p3,S85ebe0578ce8,readable_source_page,3,questions/BJ-2024-XC-ERMO/sources/readable_visual_20260922/pages/answer/page-003.png,同源字体恢复派生页；页码按sources/readable_visual_20260922/visual_delta.json的OOXML映射，旧缺字页号不继承。
Sf2e1772f20ed-BJ-2024-XC-ERMO-readable20260922-p1,Sf2e1772f20ed,readable_source_page,1,questions/BJ-2024-XC-ERMO/sources/readable_visual_20260922/pages/rubric/page-001.png,同源字体恢复派生页；页码按sources/readable_visual_20260922/visual_delta.json的OOXML映射，旧缺字页号不继承。
Sf2e1772f20ed-BJ-2024-XC-ERMO-readable20260922-p2,Sf2e1772f20ed,readable_source_page,2,questions/BJ-2024-XC-ERMO/sources/readable_visual_20260922/pages/rubric/page-002.png,同源字体恢复派生页；页码按sources/readable_visual_20260922/visual_delta.json的OOXML映射，旧缺字页号不继承。
Sf2e1772f20ed-BJ-2024-XC-ERMO-readable20260922-p3,Sf2e1772f20ed,readable_source_page,3,questions/BJ-2024-XC-ERMO/sources/readable_visual_20260922/pages/rubric/page-003.png,同源字体恢复派生页；页码按sources/readable_visual_20260922/visual_delta.json的OOXML映射，旧缺字页号不继承。
Sf2e1772f20ed-BJ-2024-XC-ERMO-readable20260922-p4,Sf2e1772f20ed,readable_source_page,4,questions/BJ-2024-XC-ERMO/sources/readable_visual_20260922/pages/rubric/page-004.png,同源字体恢复派生页；页码按sources/readable_visual_20260922/visual_delta.json的OOXML映射，旧缺字页号不继承。
Sf2e1772f20ed-BJ-2024-XC-ERMO-readable20260922-p5,Sf2e1772f20ed,readable_source_page,5,questions/BJ-2024-XC-ERMO/sources/readable_visual_20260922/pages/rubric/page-005.png,同源字体恢复派生页；页码按sources/readable_visual_20260922/visual_delta.json的OOXML映射，旧缺字页号不继承。
S2aa2ee045f75-BJ-2024-XC-YIMO-readable20260922-p1,S2aa2ee045f75,readable_source_page,1,questions/BJ-2024-XC-YIMO/sources/readable_visual_20260922/pages/exam/page-001.png,同源字体恢复派生页；页码按sources/readable_visual_20260922/visual_delta.json的OOXML映射，旧缺字页号不继承。
S2aa2ee045f75-BJ-2024-XC-YIMO-readable20260922-p2,S2aa2ee045f75,readable_source_page,2,questions/BJ-2024-XC-YIMO/sources/readable_visual_20260922/pages/exam/page-002.png,同源字体恢复派生页；页码按sources/readable_visual_20260922/visual_delta.json的OOXML映射，旧缺字页号不继承。
S2aa2ee045f75-BJ-2024-XC-YIMO-readable20260922-p3,S2aa2ee045f75,readable_source_page,3,questions/BJ-2024-XC-YIMO/sources/readable_visual_20260922/pages/exam/page-003.png,同源字体恢复派生页；页码按sources/readable_visual_20260922/visual_delta.json的OOXML映射，旧缺字页号不继承。
S2aa2ee045f75-BJ-2024-XC-YIMO-readable20260922-p4,S2aa2ee045f75,readable_source_page,4,questions/BJ-2024-XC-YIMO/sources/readable_visual_20260922/pages/exam/page-004.png,同源字体恢复派生页；页码按sources/readable_visual_20260922/visual_delta.json的OOXML映射，旧缺字页号不继承。
S2aa2ee045f75-BJ-2024-XC-YIMO-readable20260922-p5,S2aa2ee045f75,readable_source_page,5,questions/BJ-2024-XC-YIMO/sources/readable_visual_20260922/pages/exam/page-005.png,同源字体恢复派生页；页码按sources/readable_visual_20260922/visual_delta.json的OOXML映射，旧缺字页号不继承。
S2aa2ee045f75-BJ-2024-XC-YIMO-readable20260922-p6,S2aa2ee045f75,readable_source_page,6,questions/BJ-2024-XC-YIMO/sources/readable_visual_20260922/pages/exam/page-006.png,同源字体恢复派生页；页码按sources/readable_visual_20260922/visual_delta.json的OOXML映射，旧缺字页号不继承。
S2aa2ee045f75-BJ-2024-XC-YIMO-readable20260922-p7,S2aa2ee045f75,readable_source_page,7,questions/BJ-2024-XC-YIMO/sources/readable_visual_20260922/pages/exam/page-007.png,同源字体恢复派生页；页码按sources/readable_visual_20260922/visual_delta.json的OOXML映射，旧缺字页号不继承。
S2aa2ee045f75-BJ-2024-XC-YIMO-readable20260922-p8,S2aa2ee045f75,readable_source_page,8,questions/BJ-2024-XC-YIMO/sources/readable_visual_20260922/pages/exam/page-008.png,同源字体恢复派生页；页码按sources/readable_visual_20260922/visual_delta.json的OOXML映射，旧缺字页号不继承。
S2aa2ee045f75-BJ-2024-XC-YIMO-readable20260922-p9,S2aa2ee045f75,readable_source_page,9,questions/BJ-2024-XC-YIMO/sources/readable_visual_20260922/pages/exam/page-009.png,同源字体恢复派生页；页码按sources/readable_visual_20260922/visual_delta.json的OOXML映射，旧缺字页号不继承。
S91e28443e7a1-BJ-2024-XC-YIMO-readable20260922-p1,S91e28443e7a1,readable_source_page,1,questions/BJ-2024-XC-YIMO/sources/readable_visual_20260922/pages/answer/page-001.png,同源字体恢复派生页；页码按sources/readable_visual_20260922/visual_delta.json的OOXML映射，旧缺字页号不继承。
S91e28443e7a1-BJ-2024-XC-YIMO-readable20260922-p2,S91e28443e7a1,readable_source_page,2,questions/BJ-2024-XC-YIMO/sources/readable_visual_20260922/pages/answer/page-002.png,同源字体恢复派生页；页码按sources/readable_visual_20260922/visual_delta.json的OOXML映射，旧缺字页号不继承。
Sf7bcf000f212-BJ-2024-XC-YIMO-readable20260922-p1,Sf7bcf000f212,readable_source_page,1,questions/BJ-2024-XC-YIMO/sources/readable_visual_20260922/pages/rubric/page-001.png,同源字体恢复派生页；页码按sources/readable_visual_20260922/visual_delta.json的OOXML映射，旧缺字页号不继承。
Sf7bcf000f212-BJ-2024-XC-YIMO-readable20260922-p2,Sf7bcf000f212,readable_source_page,2,questions/BJ-2024-XC-YIMO/sources/readable_visual_20260922/pages/rubric/page-002.png,同源字体恢复派生页；页码按sources/readable_visual_20260922/visual_delta.json的OOXML映射，旧缺字页号不继承。
Sf7bcf000f212-BJ-2024-XC-YIMO-readable20260922-p3,Sf7bcf000f212,readable_source_page,3,questions/BJ-2024-XC-YIMO/sources/readable_visual_20260922/pages/rubric/page-003.png,同源字体恢复派生页；页码按sources/readable_visual_20260922/visual_delta.json的OOXML映射，旧缺字页号不继承。
S13d454fdd813-content-delta-6a2f75d2750f,S13d454fdd813,page_render,004,questions/BJ-2024-HD-ERMO/assets/docx_pages/page-004.png,20260922已复核来源层差分的同SHA资产；DOCX派生页与原PDF页分别定位；非整卷终验。
S13d454fdd813-content-delta-992a7c9ad493,S13d454fdd813,page_render,007,questions/BJ-2024-HD-ERMO/assets/docx_pages/page-007.png,20260922已复核来源层差分的同SHA资产；DOCX派生页与原PDF页分别定位；非整卷终验。
S13d454fdd813-content-delta-a822d147f417,S13d454fdd813,page_render,008,questions/BJ-2024-HD-ERMO/assets/docx_pages/page-008.png,20260922已复核来源层差分的同SHA资产；DOCX派生页与原PDF页分别定位；非整卷终验。
S13d454fdd813-content-delta-a7344a79d06e,S13d454fdd813,page_render,009,questions/BJ-2024-HD-ERMO/assets/docx_pages/page-009.png,20260922已复核来源层差分的同SHA资产；DOCX派生页与原PDF页分别定位；非整卷终验。
S5355283f436e-content-delta-97a992f87c2b,S5355283f436e,page_render,003,questions/BJ-2024-HD-ERMO/assets/pdf_pages/p003.png,20260922已复核来源层差分的同SHA资产；DOCX派生页与原PDF页分别定位；非整卷终验。
S5355283f436e-content-delta-3d8db77dfc95,S5355283f436e,page_render,006,questions/BJ-2024-HD-ERMO/assets/pdf_pages/p006.png,20260922已复核来源层差分的同SHA资产；DOCX派生页与原PDF页分别定位；非整卷终验。
S5355283f436e-content-delta-75bc4e869ea2,S5355283f436e,page_render,008,questions/BJ-2024-HD-ERMO/assets/pdf_pages/p008.png,20260922已复核来源层差分的同SHA资产；DOCX派生页与原PDF页分别定位；非整卷终验。
S4bc0edec2a08-content-delta-fdc4e662f50b,S4bc0edec2a08,page_render,005,questions/BJ-2024-HD-YIMO/assets/pages/p005.png,20260922已复核来源层差分的同SHA资产；DOCX派生页与原PDF页分别定位；非整卷终验。
Sb692254ceb1b-content-delta-74c4923cb8a3,Sb692254ceb1b,extracted_figure,,questions/BJ-2024-HD-YIMO/assets/rubric/q16-alternatives.png,20260922已复核来源层差分的同SHA资产；DOCX派生页与原PDF页分别定位；非整卷终验。
Sb692254ceb1b-content-delta-904b6bae50b2,Sb692254ceb1b,extracted_figure,,questions/BJ-2024-HD-YIMO/assets/rubric/q16-levels.png,20260922已复核来源层差分的同SHA资产；DOCX派生页与原PDF页分别定位；非整卷终验。
S98d1d762f302-content-delta-00ea56effcc4,S98d1d762f302,page_render,001,questions/BJ-2024-HD-YIMO/sources/pages/S98d1d762f302/page-001.png,20260922已复核来源层差分的同SHA资产；DOCX派生页与原PDF页分别定位；非整卷终验。
S98d1d762f302-content-delta-6f827277541b,S98d1d762f302,page_render,002,questions/BJ-2024-HD-YIMO/sources/pages/S98d1d762f302/page-002.png,20260922已复核来源层差分的同SHA资产；DOCX派生页与原PDF页分别定位；非整卷终验。
Sb692254ceb1b-content-delta-369c16c7df3c,Sb692254ceb1b,page_render,001,questions/BJ-2024-HD-YIMO/sources/pages/Sb692254ceb1b/page-001.png,20260922已复核来源层差分的同SHA资产；DOCX派生页与原PDF页分别定位；非整卷终验。
Sb692254ceb1b-content-delta-747f15ba06b8,Sb692254ceb1b,page_render,002,questions/BJ-2024-HD-YIMO/sources/pages/Sb692254ceb1b/page-002.png,20260922已复核来源层差分的同SHA资产；DOCX派生页与原PDF页分别定位；非整卷终验。
Sb692254ceb1b-content-delta-f3af456426e9,Sb692254ceb1b,page_render,003,questions/BJ-2024-HD-YIMO/sources/pages/Sb692254ceb1b/page-003.png,20260922已复核来源层差分的同SHA资产；DOCX派生页与原PDF页分别定位；非整卷终验。
Sb692254ceb1b-content-delta-7e0d5884dfda,Sb692254ceb1b,page_render,004,questions/BJ-2024-HD-YIMO/sources/pages/Sb692254ceb1b/page-004.png,20260922已复核来源层差分的同SHA资产；DOCX派生页与原PDF页分别定位；非整卷终验。
Sb692254ceb1b-content-delta-d11dfaac5a81,Sb692254ceb1b,page_render,005,questions/BJ-2024-HD-YIMO/sources/pages/Sb692254ceb1b/page-005.png,20260922已复核来源层差分的同SHA资产；DOCX派生页与原PDF页分别定位；非整卷终验。
Sdf79f0c4f74e-hd2023-2cb19a204e9a,Sdf79f0c4f74e,extracted_figure,,questions/BJ-2023-HD-ERMO/assets/embedded/exam_figures/海淀二模_Q5_足球预测图_原页裁图.png,同SHA共享页/图；PPTX字体恢复见证与原件并存；s38为动画单帧，不冒称完整动画。
Scd8eee06ecf3-hd2023-7c37c5507895,Scd8eee06ecf3,extracted_figure,,questions/BJ-2023-HD-ERMO/assets/embedded/rubric_media/image1.png,同SHA共享页/图；PPTX字体恢复见证与原件并存；s38为动画单帧，不冒称完整动画。
Scd8eee06ecf3-hd2023-2134d7bad8c0,Scd8eee06ecf3,extracted_figure,,questions/BJ-2023-HD-ERMO/assets/embedded/rubric_media/image10.png,同SHA共享页/图；PPTX字体恢复见证与原件并存；s38为动画单帧，不冒称完整动画。
Scd8eee06ecf3-hd2023-50b098ecb7f1,Scd8eee06ecf3,extracted_figure,,questions/BJ-2023-HD-ERMO/assets/embedded/rubric_media/image11.png,同SHA共享页/图；PPTX字体恢复见证与原件并存；s38为动画单帧，不冒称完整动画。
Scd8eee06ecf3-hd2023-b6bb187c8eee,Scd8eee06ecf3,extracted_figure,,questions/BJ-2023-HD-ERMO/assets/embedded/rubric_media/image12.png,同SHA共享页/图；PPTX字体恢复见证与原件并存；s38为动画单帧，不冒称完整动画。
Scd8eee06ecf3-hd2023-e3f33a7ead1d,Scd8eee06ecf3,extracted_figure,,questions/BJ-2023-HD-ERMO/assets/embedded/rubric_media/image13.png,同SHA共享页/图；PPTX字体恢复见证与原件并存；s38为动画单帧，不冒称完整动画。
Scd8eee06ecf3-hd2023-11a4500976e9,Scd8eee06ecf3,extracted_figure,,questions/BJ-2023-HD-ERMO/assets/embedded/rubric_media/image14.png,同SHA共享页/图；PPTX字体恢复见证与原件并存；s38为动画单帧，不冒称完整动画。
Scd8eee06ecf3-hd2023-186018e8d5ae,Scd8eee06ecf3,extracted_figure,,questions/BJ-2023-HD-ERMO/assets/embedded/rubric_media/image15.png,同SHA共享页/图；PPTX字体恢复见证与原件并存；s38为动画单帧，不冒称完整动画。
Scd8eee06ecf3-hd2023-f6aa381756fa,Scd8eee06ecf3,extracted_figure,,questions/BJ-2023-HD-ERMO/assets/embedded/rubric_media/image16.png,同SHA共享页/图；PPTX字体恢复见证与原件并存；s38为动画单帧，不冒称完整动画。
Scd8eee06ecf3-hd2023-68601f9e486f,Scd8eee06ecf3,extracted_figure,,questions/BJ-2023-HD-ERMO/assets/embedded/rubric_media/image17.png,同SHA共享页/图；PPTX字体恢复见证与原件并存；s38为动画单帧，不冒称完整动画。
Scd8eee06ecf3-hd2023-af5faa39edee,Scd8eee06ecf3,extracted_figure,,questions/BJ-2023-HD-ERMO/assets/embedded/rubric_media/image18.png,同SHA共享页/图；PPTX字体恢复见证与原件并存；s38为动画单帧，不冒称完整动画。
Scd8eee06ecf3-hd2023-c4800dde52f0,Scd8eee06ecf3,extracted_figure,,questions/BJ-2023-HD-ERMO/assets/embedded/rubric_media/image19.png,同SHA共享页/图；PPTX字体恢复见证与原件并存；s38为动画单帧，不冒称完整动画。
Scd8eee06ecf3-hd2023-7bdb9e6c78a0,Scd8eee06ecf3,extracted_figure,,questions/BJ-2023-HD-ERMO/assets/embedded/rubric_media/image2.png,同SHA共享页/图；PPTX字体恢复见证与原件并存；s38为动画单帧，不冒称完整动画。
Scd8eee06ecf3-hd2023-3ed82a540d3b,Scd8eee06ecf3,extracted_figure,,questions/BJ-2023-HD-ERMO/assets/embedded/rubric_media/image20.png,同SHA共享页/图；PPTX字体恢复见证与原件并存；s38为动画单帧，不冒称完整动画。
Scd8eee06ecf3-hd2023-8e93377f9358,Scd8eee06ecf3,extracted_figure,,questions/BJ-2023-HD-ERMO/assets/embedded/rubric_media/image3.png,同SHA共享页/图；PPTX字体恢复见证与原件并存；s38为动画单帧，不冒称完整动画。
Scd8eee06ecf3-hd2023-781edccc907a,Scd8eee06ecf3,extracted_figure,,questions/BJ-2023-HD-ERMO/assets/embedded/rubric_media/image4.png,同SHA共享页/图；PPTX字体恢复见证与原件并存；s38为动画单帧，不冒称完整动画。
Scd8eee06ecf3-hd2023-0dea848cbfbf,Scd8eee06ecf3,extracted_figure,,questions/BJ-2023-HD-ERMO/assets/embedded/rubric_media/image5.png,同SHA共享页/图；PPTX字体恢复见证与原件并存；s38为动画单帧，不冒称完整动画。
Scd8eee06ecf3-hd2023-062b554069a5,Scd8eee06ecf3,extracted_figure,,questions/BJ-2023-HD-ERMO/assets/embedded/rubric_media/image6.png,同SHA共享页/图；PPTX字体恢复见证与原件并存；s38为动画单帧，不冒称完整动画。
Scd8eee06ecf3-hd2023-3c91b27f5833,Scd8eee06ecf3,extracted_figure,,questions/BJ-2023-HD-ERMO/assets/embedded/rubric_media/image7.png,同SHA共享页/图；PPTX字体恢复见证与原件并存；s38为动画单帧，不冒称完整动画。
Scd8eee06ecf3-hd2023-7aff8fe57020,Scd8eee06ecf3,extracted_figure,,questions/BJ-2023-HD-ERMO/assets/embedded/rubric_media/image8.png,同SHA共享页/图；PPTX字体恢复见证与原件并存；s38为动画单帧，不冒称完整动画。
Scd8eee06ecf3-hd2023-45557a70d282,Scd8eee06ecf3,extracted_figure,,questions/BJ-2023-HD-ERMO/assets/embedded/rubric_media/image9.png,同SHA共享页/图；PPTX字体恢复见证与原件并存；s38为动画单帧，不冒称完整动画。
S0a294f8799f7-hd2023-1264c6c495cb,S0a294f8799f7,page_render,01,questions/BJ-2023-HD-ERMO/assets/source_pages/answer/p-01.png,同SHA共享页/图；PPTX字体恢复见证与原件并存；s38为动画单帧，不冒称完整动画。
S0a294f8799f7-hd2023-083387864ac0,S0a294f8799f7,page_render,02,questions/BJ-2023-HD-ERMO/assets/source_pages/answer/p-02.png,同SHA共享页/图；PPTX字体恢复见证与原件并存；s38为动画单帧，不冒称完整动画。
S0a294f8799f7-hd2023-df47b0663228,S0a294f8799f7,page_render,03,questions/BJ-2023-HD-ERMO/assets/source_pages/answer/p-03.png,同SHA共享页/图；PPTX字体恢复见证与原件并存；s38为动画单帧，不冒称完整动画。
Sdf79f0c4f74e-hd2023-ec7f73becead,Sdf79f0c4f74e,page_render,01,questions/BJ-2023-HD-ERMO/assets/source_pages/exam/p-01.png,同SHA共享页/图；PPTX字体恢复见证与原件并存；s38为动画单帧，不冒称完整动画。
Sdf79f0c4f74e-hd2023-daf67c3bffa0,Sdf79f0c4f74e,page_render,02,questions/BJ-2023-HD-ERMO/assets/source_pages/exam/p-02.png,同SHA共享页/图；PPTX字体恢复见证与原件并存；s38为动画单帧，不冒称完整动画。
Sdf79f0c4f74e-hd2023-1e690f8d9cc7,Sdf79f0c4f74e,page_render,03,questions/BJ-2023-HD-ERMO/assets/source_pages/exam/p-03.png,同SHA共享页/图；PPTX字体恢复见证与原件并存；s38为动画单帧，不冒称完整动画。
Sdf79f0c4f74e-hd2023-6739f856e78c,Sdf79f0c4f74e,page_render,04,questions/BJ-2023-HD-ERMO/assets/source_pages/exam/p-04.png,同SHA共享页/图；PPTX字体恢复见证与原件并存；s38为动画单帧，不冒称完整动画。
Sdf79f0c4f74e-hd2023-c96eb554d81e,Sdf79f0c4f74e,page_render,05,questions/BJ-2023-HD-ERMO/assets/source_pages/exam/p-05.png,同SHA共享页/图；PPTX字体恢复见证与原件并存；s38为动画单帧，不冒称完整动画。
Sdf79f0c4f74e-hd2023-3376782e4575,Sdf79f0c4f74e,page_render,06,questions/BJ-2023-HD-ERMO/assets/source_pages/exam/p-06.png,同SHA共享页/图；PPTX字体恢复见证与原件并存；s38为动画单帧，不冒称完整动画。
Sdf79f0c4f74e-hd2023-95ed72c207a1,Sdf79f0c4f74e,page_render,07,questions/BJ-2023-HD-ERMO/assets/source_pages/exam/p-07.png,同SHA共享页/图；PPTX字体恢复见证与原件并存；s38为动画单帧，不冒称完整动画。
Sdf79f0c4f74e-hd2023-5d0afba28ae4,Sdf79f0c4f74e,page_render,08,questions/BJ-2023-HD-ERMO/assets/source_pages/exam/p-08.png,同SHA共享页/图；PPTX字体恢复见证与原件并存；s38为动画单帧，不冒称完整动画。
Scd8eee06ecf3-hd2023-6ae99d27ac76,Scd8eee06ecf3,page_render,01,questions/BJ-2023-HD-ERMO/assets/source_pages/rubric/s-01.png,同SHA共享页/图；PPTX字体恢复见证与原件并存；s38为动画单帧，不冒称完整动画。
Scd8eee06ecf3-hd2023-241e69711142,Scd8eee06ecf3,page_render,02,questions/BJ-2023-HD-ERMO/assets/source_pages/rubric/s-02.png,同SHA共享页/图；PPTX字体恢复见证与原件并存；s38为动画单帧，不冒称完整动画。
Scd8eee06ecf3-hd2023-f59e488eb021,Scd8eee06ecf3,page_render,03,questions/BJ-2023-HD-ERMO/assets/source_pages/rubric/s-03.png,同SHA共享页/图；PPTX字体恢复见证与原件并存；s38为动画单帧，不冒称完整动画。
Scd8eee06ecf3-hd2023-107d48d6a292,Scd8eee06ecf3,page_render,04,questions/BJ-2023-HD-ERMO/assets/source_pages/rubric/s-04.png,同SHA共享页/图；PPTX字体恢复见证与原件并存；s38为动画单帧，不冒称完整动画。
Scd8eee06ecf3-hd2023-f4c7278ca2d9,Scd8eee06ecf3,page_render,05,questions/BJ-2023-HD-ERMO/assets/source_pages/rubric/s-05.png,同SHA共享页/图；PPTX字体恢复见证与原件并存；s38为动画单帧，不冒称完整动画。
Scd8eee06ecf3-hd2023-cf02603ddde7,Scd8eee06ecf3,page_render,06,questions/BJ-2023-HD-ERMO/assets/source_pages/rubric/s-06.png,同SHA共享页/图；PPTX字体恢复见证与原件并存；s38为动画单帧，不冒称完整动画。
Scd8eee06ecf3-hd2023-7cd3f17c35d7,Scd8eee06ecf3,page_render,07,questions/BJ-2023-HD-ERMO/assets/source_pages/rubric/s-07.png,同SHA共享页/图；PPTX字体恢复见证与原件并存；s38为动画单帧，不冒称完整动画。
Scd8eee06ecf3-hd2023-1c0d187cbe07,Scd8eee06ecf3,page_render,08,questions/BJ-2023-HD-ERMO/assets/source_pages/rubric/s-08.png,同SHA共享页/图；PPTX字体恢复见证与原件并存；s38为动画单帧，不冒称完整动画。
Scd8eee06ecf3-hd2023-aa02e04e4e4d,Scd8eee06ecf3,page_render,09,questions/BJ-2023-HD-ERMO/assets/source_pages/rubric/s-09.png,同SHA共享页/图；PPTX字体恢复见证与原件并存；s38为动画单帧，不冒称完整动画。
Scd8eee06ecf3-hd2023-6211dd8cf270,Scd8eee06ecf3,page_render,10,questions/BJ-2023-HD-ERMO/assets/source_pages/rubric/s-10.png,同SHA共享页/图；PPTX字体恢复见证与原件并存；s38为动画单帧，不冒称完整动画。
Scd8eee06ecf3-hd2023-1c051757b403,Scd8eee06ecf3,page_render,11,questions/BJ-2023-HD-ERMO/assets/source_pages/rubric/s-11.png,同SHA共享页/图；PPTX字体恢复见证与原件并存；s38为动画单帧，不冒称完整动画。
Scd8eee06ecf3-hd2023-0fe57a16e3da,Scd8eee06ecf3,page_render,12,questions/BJ-2023-HD-ERMO/assets/source_pages/rubric/s-12.png,同SHA共享页/图；PPTX字体恢复见证与原件并存；s38为动画单帧，不冒称完整动画。
Scd8eee06ecf3-hd2023-88d988ae5fbc,Scd8eee06ecf3,page_render,13,questions/BJ-2023-HD-ERMO/assets/source_pages/rubric/s-13.png,同SHA共享页/图；PPTX字体恢复见证与原件并存；s38为动画单帧，不冒称完整动画。
Scd8eee06ecf3-hd2023-39f6ca4d6f0b,Scd8eee06ecf3,page_render,14,questions/BJ-2023-HD-ERMO/assets/source_pages/rubric/s-14.png,同SHA共享页/图；PPTX字体恢复见证与原件并存；s38为动画单帧，不冒称完整动画。
Scd8eee06ecf3-hd2023-6edb94f0ba9a,Scd8eee06ecf3,page_render,15,questions/BJ-2023-HD-ERMO/assets/source_pages/rubric/s-15.png,同SHA共享页/图；PPTX字体恢复见证与原件并存；s38为动画单帧，不冒称完整动画。
Scd8eee06ecf3-hd2023-a2aa083da3ba,Scd8eee06ecf3,page_render,16,questions/BJ-2023-HD-ERMO/assets/source_pages/rubric/s-16.png,同SHA共享页/图；PPTX字体恢复见证与原件并存；s38为动画单帧，不冒称完整动画。
Scd8eee06ecf3-hd2023-691a1ac8a701,Scd8eee06ecf3,page_render,17,questions/BJ-2023-HD-ERMO/assets/source_pages/rubric/s-17.png,同SHA共享页/图；PPTX字体恢复见证与原件并存；s38为动画单帧，不冒称完整动画。
Scd8eee06ecf3-hd2023-6f31614f2309,Scd8eee06ecf3,page_render,18,questions/BJ-2023-HD-ERMO/assets/source_pages/rubric/s-18.png,同SHA共享页/图；PPTX字体恢复见证与原件并存；s38为动画单帧，不冒称完整动画。
Scd8eee06ecf3-hd2023-cfdcd4ecb08a,Scd8eee06ecf3,page_render,19,questions/BJ-2023-HD-ERMO/assets/source_pages/rubric/s-19.png,同SHA共享页/图；PPTX字体恢复见证与原件并存；s38为动画单帧，不冒称完整动画。
Scd8eee06ecf3-hd2023-6e9b3ba6e4e5,Scd8eee06ecf3,page_render,20,questions/BJ-2023-HD-ERMO/assets/source_pages/rubric/s-20.png,同SHA共享页/图；PPTX字体恢复见证与原件并存；s38为动画单帧，不冒称完整动画。
Scd8eee06ecf3-hd2023-f0d2b3b0be87,Scd8eee06ecf3,page_render,21,questions/BJ-2023-HD-ERMO/assets/source_pages/rubric/s-21.png,同SHA共享页/图；PPTX字体恢复见证与原件并存；s38为动画单帧，不冒称完整动画。
Scd8eee06ecf3-hd2023-c88e10644967,Scd8eee06ecf3,page_render,22,questions/BJ-2023-HD-ERMO/assets/source_pages/rubric/s-22.png,同SHA共享页/图；PPTX字体恢复见证与原件并存；s38为动画单帧，不冒称完整动画。
Scd8eee06ecf3-hd2023-a75e5fcc3d0a,Scd8eee06ecf3,page_render,23,questions/BJ-2023-HD-ERMO/assets/source_pages/rubric/s-23.png,同SHA共享页/图；PPTX字体恢复见证与原件并存；s38为动画单帧，不冒称完整动画。
Scd8eee06ecf3-hd2023-fe5b0f724b50,Scd8eee06ecf3,page_render,24,questions/BJ-2023-HD-ERMO/assets/source_pages/rubric/s-24.png,同SHA共享页/图；PPTX字体恢复见证与原件并存；s38为动画单帧，不冒称完整动画。
Scd8eee06ecf3-hd2023-a6f5e7381772,Scd8eee06ecf3,page_render,25,questions/BJ-2023-HD-ERMO/assets/source_pages/rubric/s-25.png,同SHA共享页/图；PPTX字体恢复见证与原件并存；s38为动画单帧，不冒称完整动画。
Scd8eee06ecf3-hd2023-ac911d1de63b,Scd8eee06ecf3,page_render,26,questions/BJ-2023-HD-ERMO/assets/source_pages/rubric/s-26.png,同SHA共享页/图；PPTX字体恢复见证与原件并存；s38为动画单帧，不冒称完整动画。
Scd8eee06ecf3-hd2023-2dacbcc7ce39,Scd8eee06ecf3,page_render,27,questions/BJ-2023-HD-ERMO/assets/source_pages/rubric/s-27.png,同SHA共享页/图；PPTX字体恢复见证与原件并存；s38为动画单帧，不冒称完整动画。
Scd8eee06ecf3-hd2023-00f14f9f2bcc,Scd8eee06ecf3,page_render,28,questions/BJ-2023-HD-ERMO/assets/source_pages/rubric/s-28.png,同SHA共享页/图；PPTX字体恢复见证与原件并存；s38为动画单帧，不冒称完整动画。
Scd8eee06ecf3-hd2023-a1ba2485203b,Scd8eee06ecf3,page_render,29,questions/BJ-2023-HD-ERMO/assets/source_pages/rubric/s-29.png,同SHA共享页/图；PPTX字体恢复见证与原件并存；s38为动画单帧，不冒称完整动画。
Scd8eee06ecf3-hd2023-48a8a88a73d6,Scd8eee06ecf3,page_render,30,questions/BJ-2023-HD-ERMO/assets/source_pages/rubric/s-30.png,同SHA共享页/图；PPTX字体恢复见证与原件并存；s38为动画单帧，不冒称完整动画。
Scd8eee06ecf3-hd2023-d23fc4c60b5a,Scd8eee06ecf3,page_render,31,questions/BJ-2023-HD-ERMO/assets/source_pages/rubric/s-31.png,同SHA共享页/图；PPTX字体恢复见证与原件并存；s38为动画单帧，不冒称完整动画。
Scd8eee06ecf3-hd2023-621be9bc5895,Scd8eee06ecf3,page_render,32,questions/BJ-2023-HD-ERMO/assets/source_pages/rubric/s-32.png,同SHA共享页/图；PPTX字体恢复见证与原件并存；s38为动画单帧，不冒称完整动画。
Scd8eee06ecf3-hd2023-191fbe2d0af9,Scd8eee06ecf3,page_render,33,questions/BJ-2023-HD-ERMO/assets/source_pages/rubric/s-33.png,同SHA共享页/图；PPTX字体恢复见证与原件并存；s38为动画单帧，不冒称完整动画。
Scd8eee06ecf3-hd2023-be12d1ffc229,Scd8eee06ecf3,page_render,34,questions/BJ-2023-HD-ERMO/assets/source_pages/rubric/s-34.png,同SHA共享页/图；PPTX字体恢复见证与原件并存；s38为动画单帧，不冒称完整动画。
Scd8eee06ecf3-hd2023-6dcdbe4481f0,Scd8eee06ecf3,page_render,35,questions/BJ-2023-HD-ERMO/assets/source_pages/rubric/s-35.png,同SHA共享页/图；PPTX字体恢复见证与原件并存；s38为动画单帧，不冒称完整动画。
Scd8eee06ecf3-hd2023-5df1b5ee8c0f,Scd8eee06ecf3,page_render,36,questions/BJ-2023-HD-ERMO/assets/source_pages/rubric/s-36.png,同SHA共享页/图；PPTX字体恢复见证与原件并存；s38为动画单帧，不冒称完整动画。
Scd8eee06ecf3-hd2023-d3cc2862f1ac,Scd8eee06ecf3,page_render,37,questions/BJ-2023-HD-ERMO/assets/source_pages/rubric/s-37.png,同SHA共享页/图；PPTX字体恢复见证与原件并存；s38为动画单帧，不冒称完整动画。
Scd8eee06ecf3-hd2023-5b78f6ecfbe4,Scd8eee06ecf3,page_render,38,questions/BJ-2023-HD-ERMO/assets/source_pages/rubric/s-38.png,同SHA共享页/图；PPTX字体恢复见证与原件并存；s38为动画单帧，不冒称完整动画。
Scd8eee06ecf3-hd2023-9bedfdcf26c4,Scd8eee06ecf3,page_render,39,questions/BJ-2023-HD-ERMO/assets/source_pages/rubric/s-39.png,同SHA共享页/图；PPTX字体恢复见证与原件并存；s38为动画单帧，不冒称完整动画。
Scd8eee06ecf3-hd2023-e04e2e92de16,Scd8eee06ecf3,page_render,40,questions/BJ-2023-HD-ERMO/assets/source_pages/rubric/s-40.png,同SHA共享页/图；PPTX字体恢复见证与原件并存；s38为动画单帧，不冒称完整动画。
Scd8eee06ecf3-hd2023-c6852fae163d,Scd8eee06ecf3,page_render,41,questions/BJ-2023-HD-ERMO/assets/source_pages/rubric/s-41.png,同SHA共享页/图；PPTX字体恢复见证与原件并存；s38为动画单帧，不冒称完整动画。
Scd8eee06ecf3-hd2023-f58b7af1e3bc,Scd8eee06ecf3,page_render,42,questions/BJ-2023-HD-ERMO/assets/source_pages/rubric/s-42.png,同SHA共享页/图；PPTX字体恢复见证与原件并存；s38为动画单帧，不冒称完整动画。
Scd8eee06ecf3-hd2023-5d317be86e3a,Scd8eee06ecf3,page_render,43,questions/BJ-2023-HD-ERMO/assets/source_pages/rubric/s-43.png,同SHA共享页/图；PPTX字体恢复见证与原件并存；s38为动画单帧，不冒称完整动画。
Se1a49527cb4c-cyqimo-c2f2d569a9f5,Se1a49527cb4c,extracted_figure,002,questions/BJ-2026-CY-QIMO/evidence/figures/Q04_p002_rui_gu_tu.png,20260922 R6/R7来源转换同SHA页图/图形；原卷/评分角色分离。
Se1a49527cb4c-cyqimo-d4cd1d724d22,Se1a49527cb4c,extracted_figure,002,questions/BJ-2026-CY-QIMO/evidence/figures/Q06_p002_condition_box.png,20260922 R6/R7来源转换同SHA页图/图形；原卷/评分角色分离。
Se1a49527cb4c-cyqimo-c50e4c836757,Se1a49527cb4c,extracted_figure,004,questions/BJ-2026-CY-QIMO/evidence/figures/Q16_p004_stage.png,20260922 R6/R7来源转换同SHA页图/图形；原卷/评分角色分离。
Se1a49527cb4c-cyqimo-741d5eaba48b,Se1a49527cb4c,extracted_figure,006,questions/BJ-2026-CY-QIMO/evidence/figures/Q19_p006_policy_table.png,20260922 R6/R7来源转换同SHA页图/图形；原卷/评分角色分离。
Se1a49527cb4c-cyqimo-4f77a065846e,Se1a49527cb4c,extracted_figure,008,questions/BJ-2026-CY-QIMO/evidence/figures/Q21_p008_discussion_boxes.png,20260922 R6/R7来源转换同SHA页图/图形；原卷/评分角色分离。
Se1a49527cb4c-cyqimo-cc88b88864e0,Se1a49527cb4c,page_render,001,questions/BJ-2026-CY-QIMO/evidence/paper_pages/p001.png,20260922 R6/R7来源转换同SHA页图/图形；原卷/评分角色分离。
Se1a49527cb4c-cyqimo-8ba7ac29ddcd,Se1a49527cb4c,page_render,002,questions/BJ-2026-CY-QIMO/evidence/paper_pages/p002.png,20260922 R6/R7来源转换同SHA页图/图形；原卷/评分角色分离。
Se1a49527cb4c-cyqimo-606eef1d0191,Se1a49527cb4c,page_render,003,questions/BJ-2026-CY-QIMO/evidence/paper_pages/p003.png,20260922 R6/R7来源转换同SHA页图/图形；原卷/评分角色分离。
Se1a49527cb4c-cyqimo-10aec844b228,Se1a49527cb4c,page_render,004,questions/BJ-2026-CY-QIMO/evidence/paper_pages/p004.png,20260922 R6/R7来源转换同SHA页图/图形；原卷/评分角色分离。
Se1a49527cb4c-cyqimo-b60d26c05aff,Se1a49527cb4c,page_render,005,questions/BJ-2026-CY-QIMO/evidence/paper_pages/p005.png,20260922 R6/R7来源转换同SHA页图/图形；原卷/评分角色分离。
Se1a49527cb4c-cyqimo-08fc7f5de0ac,Se1a49527cb4c,page_render,006,questions/BJ-2026-CY-QIMO/evidence/paper_pages/p006.png,20260922 R6/R7来源转换同SHA页图/图形；原卷/评分角色分离。
Se1a49527cb4c-cyqimo-15dd4668c0b3,Se1a49527cb4c,page_render,007,questions/BJ-2026-CY-QIMO/evidence/paper_pages/p007.png,20260922 R6/R7来源转换同SHA页图/图形；原卷/评分角色分离。
Se1a49527cb4c-cyqimo-410f92371692,Se1a49527cb4c,page_render,008,questions/BJ-2026-CY-QIMO/evidence/paper_pages/p008.png,20260922 R6/R7来源转换同SHA页图/图形；原卷/评分角色分离。
S487b2d15b3a3-cyqimo-e2231a45a53a,S487b2d15b3a3,page_render,001,questions/BJ-2026-CY-QIMO/evidence/rubric_pages/p001.png,20260922 R6/R7来源转换同SHA页图/图形；原卷/评分角色分离。
S487b2d15b3a3-cyqimo-68a0e908eb1c,S487b2d15b3a3,page_render,002,questions/BJ-2026-CY-QIMO/evidence/rubric_pages/p002.png,20260922 R6/R7来源转换同SHA页图/图形；原卷/评分角色分离。
S487b2d15b3a3-cyqimo-33f5fa583536,S487b2d15b3a3,page_render,003,questions/BJ-2026-CY-QIMO/evidence/rubric_pages/p003.png,20260922 R6/R7来源转换同SHA页图/图形；原卷/评分角色分离。
S487b2d15b3a3-cyqimo-e5a3f56fc855,S487b2d15b3a3,page_render,004,questions/BJ-2026-CY-QIMO/evidence/rubric_pages/p004.png,20260922 R6/R7来源转换同SHA页图/图形；原卷/评分角色分离。
S16c75dff224a-hdqiz-755fedda7d61,S16c75dff224a,page_render,007,questions/BJ-2024-HD-QIZHONG/assets/original/page007.png,原卷/正式评分同SHA页图；评分图文字、分值、无向连线与批注归属分层保存。
S16c75dff224a-hdqiz-56de4481f8b5,S16c75dff224a,page_render,006,questions/BJ-2024-HD-QIZHONG/assets/original/page006.png,原卷/正式评分同SHA页图；评分图文字、分值、无向连线与批注归属分层保存。
S16c75dff224a-hdqiz-7e63d8a0ade3,S16c75dff224a,page_render,004,questions/BJ-2024-HD-QIZHONG/assets/original/page004.png,原卷/正式评分同SHA页图；评分图文字、分值、无向连线与批注归属分层保存。
S16c75dff224a-hdqiz-a0b82d180062,S16c75dff224a,page_render,005,questions/BJ-2024-HD-QIZHONG/assets/original/page005.png,原卷/正式评分同SHA页图；评分图文字、分值、无向连线与批注归属分层保存。
S16c75dff224a-hdqiz-1e36131afa86,S16c75dff224a,page_render,001,questions/BJ-2024-HD-QIZHONG/assets/original/page001.png,原卷/正式评分同SHA页图；评分图文字、分值、无向连线与批注归属分层保存。
S16c75dff224a-hdqiz-92371ba00ac0,S16c75dff224a,page_render,002,questions/BJ-2024-HD-QIZHONG/assets/original/page002.png,原卷/正式评分同SHA页图；评分图文字、分值、无向连线与批注归属分层保存。
S16c75dff224a-hdqiz-b9a65f4f6ab0,S16c75dff224a,page_render,003,questions/BJ-2024-HD-QIZHONG/assets/original/page003.png,原卷/正式评分同SHA页图；评分图文字、分值、无向连线与批注归属分层保存。
S16c75dff224a-hdqiz-56b9ed0206d0,S16c75dff224a,page_render,008,questions/BJ-2024-HD-QIZHONG/assets/original/page008.png,原卷/正式评分同SHA页图；评分图文字、分值、无向连线与批注归属分层保存。
Sfee5258a9b73-hdqiz-972b5c635584,Sfee5258a9b73,page_render,013,questions/BJ-2024-HD-QIZHONG/assets/scoring/page013.png,原卷/正式评分同SHA页图；评分图文字、分值、无向连线与批注归属分层保存。
Sfee5258a9b73-hdqiz-51b1877ca5cb,Sfee5258a9b73,page_render,007,questions/BJ-2024-HD-QIZHONG/assets/scoring/page007.png,原卷/正式评分同SHA页图；评分图文字、分值、无向连线与批注归属分层保存。
Sfee5258a9b73-hdqiz-295c0d22fbe2,Sfee5258a9b73,page_render,006,questions/BJ-2024-HD-QIZHONG/assets/scoring/page006.png,原卷/正式评分同SHA页图；评分图文字、分值、无向连线与批注归属分层保存。
Sfee5258a9b73-hdqiz-dbf244d46a34,Sfee5258a9b73,page_render,012,questions/BJ-2024-HD-QIZHONG/assets/scoring/page012.png,原卷/正式评分同SHA页图；评分图文字、分值、无向连线与批注归属分层保存。
Sfee5258a9b73-hdqiz-85ffc0067423,Sfee5258a9b73,page_render,004,questions/BJ-2024-HD-QIZHONG/assets/scoring/page004.png,原卷/正式评分同SHA页图；评分图文字、分值、无向连线与批注归属分层保存。
Sfee5258a9b73-hdqiz-caf464792056,Sfee5258a9b73,page_render,010,questions/BJ-2024-HD-QIZHONG/assets/scoring/page010.png,原卷/正式评分同SHA页图；评分图文字、分值、无向连线与批注归属分层保存。
Sfee5258a9b73-hdqiz-936df4600785,Sfee5258a9b73,page_render,038,questions/BJ-2024-HD-QIZHONG/assets/scoring/page038.png,原卷/正式评分同SHA页图；评分图文字、分值、无向连线与批注归属分层保存。
Sfee5258a9b73-hdqiz-a79317d130c7,Sfee5258a9b73,page_render,039,questions/BJ-2024-HD-QIZHONG/assets/scoring/page039.png,原卷/正式评分同SHA页图；评分图文字、分值、无向连线与批注归属分层保存。
Sfee5258a9b73-hdqiz-a3751f9fe10e,Sfee5258a9b73,page_render,011,questions/BJ-2024-HD-QIZHONG/assets/scoring/page011.png,原卷/正式评分同SHA页图；评分图文字、分值、无向连线与批注归属分层保存。
Sfee5258a9b73-hdqiz-e66674997997,Sfee5258a9b73,page_render,005,questions/BJ-2024-HD-QIZHONG/assets/scoring/page005.png,原卷/正式评分同SHA页图；评分图文字、分值、无向连线与批注归属分层保存。
Sfee5258a9b73-hdqiz-de50e6c9de06,Sfee5258a9b73,page_render,029,questions/BJ-2024-HD-QIZHONG/assets/scoring/page029.png,原卷/正式评分同SHA页图；评分图文字、分值、无向连线与批注归属分层保存。
Sfee5258a9b73-hdqiz-7c871ab198ac,Sfee5258a9b73,page_render,001,questions/BJ-2024-HD-QIZHONG/assets/scoring/page001.png,原卷/正式评分同SHA页图；评分图文字、分值、无向连线与批注归属分层保存。
Sfee5258a9b73-hdqiz-b188b64d3d8d,Sfee5258a9b73,page_render,015,questions/BJ-2024-HD-QIZHONG/assets/scoring/page015.png,原卷/正式评分同SHA页图；评分图文字、分值、无向连线与批注归属分层保存。
Sfee5258a9b73-hdqiz-f7c69f298155,Sfee5258a9b73,page_render,014,questions/BJ-2024-HD-QIZHONG/assets/scoring/page014.png,原卷/正式评分同SHA页图；评分图文字、分值、无向连线与批注归属分层保存。
Sfee5258a9b73-hdqiz-87c589f51f7e,Sfee5258a9b73,page_render,028,questions/BJ-2024-HD-QIZHONG/assets/scoring/page028.png,原卷/正式评分同SHA页图；评分图文字、分值、无向连线与批注归属分层保存。
Sfee5258a9b73-hdqiz-9f1c4ffb4f51,Sfee5258a9b73,page_render,016,questions/BJ-2024-HD-QIZHONG/assets/scoring/page016.png,原卷/正式评分同SHA页图；评分图文字、分值、无向连线与批注归属分层保存。
Sfee5258a9b73-hdqiz-b6d5a363f951,Sfee5258a9b73,page_render,002,questions/BJ-2024-HD-QIZHONG/assets/scoring/page002.png,原卷/正式评分同SHA页图；评分图文字、分值、无向连线与批注归属分层保存。
Sfee5258a9b73-hdqiz-2e011867c834,Sfee5258a9b73,page_render,003,questions/BJ-2024-HD-QIZHONG/assets/scoring/page003.png,原卷/正式评分同SHA页图；评分图文字、分值、无向连线与批注归属分层保存。
Sfee5258a9b73-hdqiz-765c9c5e7eda,Sfee5258a9b73,page_render,017,questions/BJ-2024-HD-QIZHONG/assets/scoring/page017.png,原卷/正式评分同SHA页图；评分图文字、分值、无向连线与批注归属分层保存。
Sfee5258a9b73-hdqiz-e340b36d160f,Sfee5258a9b73,page_render,070,questions/BJ-2024-HD-QIZHONG/assets/scoring/page070.png,原卷/正式评分同SHA页图；评分图文字、分值、无向连线与批注归属分层保存。
Sfee5258a9b73-hdqiz-e5b8790e2872,Sfee5258a9b73,page_render,064,questions/BJ-2024-HD-QIZHONG/assets/scoring/page064.png,原卷/正式评分同SHA页图；评分图文字、分值、无向连线与批注归属分层保存。
Sfee5258a9b73-hdqiz-2ca7ffb81744,Sfee5258a9b73,page_render,058,questions/BJ-2024-HD-QIZHONG/assets/scoring/page058.png,原卷/正式评分同SHA页图；评分图文字、分值、无向连线与批注归属分层保存。
Sfee5258a9b73-hdqiz-e0fbdcc00fb9,Sfee5258a9b73,page_render,059,questions/BJ-2024-HD-QIZHONG/assets/scoring/page059.png,原卷/正式评分同SHA页图；评分图文字、分值、无向连线与批注归属分层保存。
Sfee5258a9b73-hdqiz-bf95744ed751,Sfee5258a9b73,page_render,065,questions/BJ-2024-HD-QIZHONG/assets/scoring/page065.png,原卷/正式评分同SHA页图；评分图文字、分值、无向连线与批注归属分层保存。
Sfee5258a9b73-hdqiz-60a2ded4804f,Sfee5258a9b73,page_render,071,questions/BJ-2024-HD-QIZHONG/assets/scoring/page071.png,原卷/正式评分同SHA页图；评分图文字、分值、无向连线与批注归属分层保存。
Sfee5258a9b73-hdqiz-bcd9a785fe04,Sfee5258a9b73,page_render,067,questions/BJ-2024-HD-QIZHONG/assets/scoring/page067.png,原卷/正式评分同SHA页图；评分图文字、分值、无向连线与批注归属分层保存。
Sfee5258a9b73-hdqiz-c0d6dd1e7a2f,Sfee5258a9b73,page_render,066,questions/BJ-2024-HD-QIZHONG/assets/scoring/page066.png,原卷/正式评分同SHA页图；评分图文字、分值、无向连线与批注归属分层保存。
Sfee5258a9b73-hdqiz-1c0a0d25224b,Sfee5258a9b73,page_render,062,questions/BJ-2024-HD-QIZHONG/assets/scoring/page062.png,原卷/正式评分同SHA页图；评分图文字、分值、无向连线与批注归属分层保存。
Sfee5258a9b73-hdqiz-214c5b2e584e,Sfee5258a9b73,page_render,063,questions/BJ-2024-HD-QIZHONG/assets/scoring/page063.png,原卷/正式评分同SHA页图；评分图文字、分值、无向连线与批注归属分层保存。
Sfee5258a9b73-hdqiz-d76c98c555d9,Sfee5258a9b73,page_render,049,questions/BJ-2024-HD-QIZHONG/assets/scoring/page049.png,原卷/正式评分同SHA页图；评分图文字、分值、无向连线与批注归属分层保存。
Sfee5258a9b73-hdqiz-4557c272206e,Sfee5258a9b73,page_render,061,questions/BJ-2024-HD-QIZHONG/assets/scoring/page061.png,原卷/正式评分同SHA页图；评分图文字、分值、无向连线与批注归属分层保存。
Sfee5258a9b73-hdqiz-1166f06305ea,Sfee5258a9b73,page_render,060,questions/BJ-2024-HD-QIZHONG/assets/scoring/page060.png,原卷/正式评分同SHA页图；评分图文字、分值、无向连线与批注归属分层保存。
Sfee5258a9b73-hdqiz-bb32cd75f7c5,Sfee5258a9b73,page_render,048,questions/BJ-2024-HD-QIZHONG/assets/scoring/page048.png,原卷/正式评分同SHA页图；评分图文字、分值、无向连线与批注归属分层保存。
Sfee5258a9b73-hdqiz-87ead5785691,Sfee5258a9b73,page_render,051,questions/BJ-2024-HD-QIZHONG/assets/scoring/page051.png,原卷/正式评分同SHA页图；评分图文字、分值、无向连线与批注归属分层保存。
Sfee5258a9b73-hdqiz-e2c775f21f74,Sfee5258a9b73,page_render,045,questions/BJ-2024-HD-QIZHONG/assets/scoring/page045.png,原卷/正式评分同SHA页图；评分图文字、分值、无向连线与批注归属分层保存。
Sfee5258a9b73-hdqiz-cb74bc765e03,Sfee5258a9b73,page_render,044,questions/BJ-2024-HD-QIZHONG/assets/scoring/page044.png,原卷/正式评分同SHA页图；评分图文字、分值、无向连线与批注归属分层保存。
Sfee5258a9b73-hdqiz-61bba1f8a402,Sfee5258a9b73,page_render,050,questions/BJ-2024-HD-QIZHONG/assets/scoring/page050.png,原卷/正式评分同SHA页图；评分图文字、分值、无向连线与批注归属分层保存。
Sfee5258a9b73-hdqiz-d2386a16c9f6,Sfee5258a9b73,page_render,046,questions/BJ-2024-HD-QIZHONG/assets/scoring/page046.png,原卷/正式评分同SHA页图；评分图文字、分值、无向连线与批注归属分层保存。
Sfee5258a9b73-hdqiz-a5d07be98e39,Sfee5258a9b73,page_render,052,questions/BJ-2024-HD-QIZHONG/assets/scoring/page052.png,原卷/正式评分同SHA页图；评分图文字、分值、无向连线与批注归属分层保存。
Sfee5258a9b73-hdqiz-4da7f538d275,Sfee5258a9b73,page_render,053,questions/BJ-2024-HD-QIZHONG/assets/scoring/page053.png,原卷/正式评分同SHA页图；评分图文字、分值、无向连线与批注归属分层保存。
Sfee5258a9b73-hdqiz-f8ac6519add8,Sfee5258a9b73,page_render,047,questions/BJ-2024-HD-QIZHONG/assets/scoring/page047.png,原卷/正式评分同SHA页图；评分图文字、分值、无向连线与批注归属分层保存。
Sfee5258a9b73-hdqiz-6c456bf2d723,Sfee5258a9b73,page_render,043,questions/BJ-2024-HD-QIZHONG/assets/scoring/page043.png,原卷/正式评分同SHA页图；评分图文字、分值、无向连线与批注归属分层保存。
Sfee5258a9b73-hdqiz-69e8dcd27afe,Sfee5258a9b73,page_render,057,questions/BJ-2024-HD-QIZHONG/assets/scoring/page057.png,原卷/正式评分同SHA页图；评分图文字、分值、无向连线与批注归属分层保存。
Sfee5258a9b73-hdqiz-b7cc503b72ed,Sfee5258a9b73,page_render,056,questions/BJ-2024-HD-QIZHONG/assets/scoring/page056.png,原卷/正式评分同SHA页图；评分图文字、分值、无向连线与批注归属分层保存。
Sfee5258a9b73-hdqiz-f492c9df2424,Sfee5258a9b73,page_render,042,questions/BJ-2024-HD-QIZHONG/assets/scoring/page042.png,原卷/正式评分同SHA页图；评分图文字、分值、无向连线与批注归属分层保存。
Sfee5258a9b73-hdqiz-de551b4f3f33,Sfee5258a9b73,page_render,068,questions/BJ-2024-HD-QIZHONG/assets/scoring/page068.png,原卷/正式评分同SHA页图；评分图文字、分值、无向连线与批注归属分层保存。
Sfee5258a9b73-hdqiz-07a05dc2fb05,Sfee5258a9b73,page_render,054,questions/BJ-2024-HD-QIZHONG/assets/scoring/page054.png,原卷/正式评分同SHA页图；评分图文字、分值、无向连线与批注归属分层保存。
Sfee5258a9b73-hdqiz-061cf07a1ec3,Sfee5258a9b73,page_render,040,questions/BJ-2024-HD-QIZHONG/assets/scoring/page040.png,原卷/正式评分同SHA页图；评分图文字、分值、无向连线与批注归属分层保存。
Sfee5258a9b73-hdqiz-ce14d3d6ff5a,Sfee5258a9b73,page_render,041,questions/BJ-2024-HD-QIZHONG/assets/scoring/page041.png,原卷/正式评分同SHA页图；评分图文字、分值、无向连线与批注归属分层保存。
Sfee5258a9b73-hdqiz-73344c264b52,Sfee5258a9b73,page_render,055,questions/BJ-2024-HD-QIZHONG/assets/scoring/page055.png,原卷/正式评分同SHA页图；评分图文字、分值、无向连线与批注归属分层保存。
Sfee5258a9b73-hdqiz-a84a9dcb2204,Sfee5258a9b73,page_render,069,questions/BJ-2024-HD-QIZHONG/assets/scoring/page069.png,原卷/正式评分同SHA页图；评分图文字、分值、无向连线与批注归属分层保存。
Sfee5258a9b73-hdqiz-61acbd3d5799,Sfee5258a9b73,page_render,032,questions/BJ-2024-HD-QIZHONG/assets/scoring/page032.png,原卷/正式评分同SHA页图；评分图文字、分值、无向连线与批注归属分层保存。
Sfee5258a9b73-hdqiz-1a0eb1c1ded2,Sfee5258a9b73,page_render,026,questions/BJ-2024-HD-QIZHONG/assets/scoring/page026.png,原卷/正式评分同SHA页图；评分图文字、分值、无向连线与批注归属分层保存。
Sfee5258a9b73-hdqiz-78defa61d5ff,Sfee5258a9b73,page_render,027,questions/BJ-2024-HD-QIZHONG/assets/scoring/page027.png,原卷/正式评分同SHA页图；评分图文字、分值、无向连线与批注归属分层保存。
Sfee5258a9b73-hdqiz-08c2af818998,Sfee5258a9b73,page_render,033,questions/BJ-2024-HD-QIZHONG/assets/scoring/page033.png,原卷/正式评分同SHA页图；评分图文字、分值、无向连线与批注归属分层保存。
Sfee5258a9b73-hdqiz-e706602ff30f,Sfee5258a9b73,page_render,025,questions/BJ-2024-HD-QIZHONG/assets/scoring/page025.png,原卷/正式评分同SHA页图；评分图文字、分值、无向连线与批注归属分层保存。
Sfee5258a9b73-hdqiz-0ef968d1c91d,Sfee5258a9b73,page_render,031,questions/BJ-2024-HD-QIZHONG/assets/scoring/page031.png,原卷/正式评分同SHA页图；评分图文字、分值、无向连线与批注归属分层保存。
Sfee5258a9b73-hdqiz-520d9729fe99,Sfee5258a9b73,page_render,019,questions/BJ-2024-HD-QIZHONG/assets/scoring/page019.png,原卷/正式评分同SHA页图；评分图文字、分值、无向连线与批注归属分层保存。
Sfee5258a9b73-hdqiz-bbf4fceb905a,Sfee5258a9b73,page_render,018,questions/BJ-2024-HD-QIZHONG/assets/scoring/page018.png,原卷/正式评分同SHA页图；评分图文字、分值、无向连线与批注归属分层保存。
Sfee5258a9b73-hdqiz-01cfdad615d3,Sfee5258a9b73,page_render,030,questions/BJ-2024-HD-QIZHONG/assets/scoring/page030.png,原卷/正式评分同SHA页图；评分图文字、分值、无向连线与批注归属分层保存。
Sfee5258a9b73-hdqiz-62624aa53ae3,Sfee5258a9b73,page_render,024,questions/BJ-2024-HD-QIZHONG/assets/scoring/page024.png,原卷/正式评分同SHA页图；评分图文字、分值、无向连线与批注归属分层保存。
Sfee5258a9b73-hdqiz-8ffbcaaf722f,Sfee5258a9b73,page_render,008,questions/BJ-2024-HD-QIZHONG/assets/scoring/page008.png,原卷/正式评分同SHA页图；评分图文字、分值、无向连线与批注归属分层保存。
Sfee5258a9b73-hdqiz-98bb47e35034,Sfee5258a9b73,page_render,020,questions/BJ-2024-HD-QIZHONG/assets/scoring/page020.png,原卷/正式评分同SHA页图；评分图文字、分值、无向连线与批注归属分层保存。
Sfee5258a9b73-hdqiz-c11ad5700d57,Sfee5258a9b73,page_render,034,questions/BJ-2024-HD-QIZHONG/assets/scoring/page034.png,原卷/正式评分同SHA页图；评分图文字、分值、无向连线与批注归属分层保存。
Sfee5258a9b73-hdqiz-3a397805f162,Sfee5258a9b73,page_render,035,questions/BJ-2024-HD-QIZHONG/assets/scoring/page035.png,原卷/正式评分同SHA页图；评分图文字、分值、无向连线与批注归属分层保存。
Sfee5258a9b73-hdqiz-f0b265843c14,Sfee5258a9b73,page_render,021,questions/BJ-2024-HD-QIZHONG/assets/scoring/page021.png,原卷/正式评分同SHA页图；评分图文字、分值、无向连线与批注归属分层保存。
Sfee5258a9b73-hdqiz-64b9345063b9,Sfee5258a9b73,page_render,009,questions/BJ-2024-HD-QIZHONG/assets/scoring/page009.png,原卷/正式评分同SHA页图；评分图文字、分值、无向连线与批注归属分层保存。
Sfee5258a9b73-hdqiz-318310656721,Sfee5258a9b73,page_render,037,questions/BJ-2024-HD-QIZHONG/assets/scoring/page037.png,原卷/正式评分同SHA页图；评分图文字、分值、无向连线与批注归属分层保存。
Sfee5258a9b73-hdqiz-e5704a0d205b,Sfee5258a9b73,page_render,023,questions/BJ-2024-HD-QIZHONG/assets/scoring/page023.png,原卷/正式评分同SHA页图；评分图文字、分值、无向连线与批注归属分层保存。
Sfee5258a9b73-hdqiz-fcb8f1e0dbc1,Sfee5258a9b73,page_render,022,questions/BJ-2024-HD-QIZHONG/assets/scoring/page022.png,原卷/正式评分同SHA页图；评分图文字、分值、无向连线与批注归属分层保存。
Sfee5258a9b73-hdqiz-4533c5a861a0,Sfee5258a9b73,page_render,036,questions/BJ-2024-HD-QIZHONG/assets/scoring/page036.png,原卷/正式评分同SHA页图；评分图文字、分值、无向连线与批注归属分层保存。
Sbfb92664a987-bj2021-1fc2afc41512,Sbfb92664a987,extracted_figure,,questions/BJ-2021-BJ-GAOKAO/assets/embedded/img-000.png,v4同SHA源页/题图；教师版题面/E3与正式细则分别定位；图表完整转写并保留原图。
Sbfb92664a987-bj2021-e88cda720768,Sbfb92664a987,extracted_figure,,questions/BJ-2021-BJ-GAOKAO/assets/embedded/img-001.png,v4同SHA源页/题图；教师版题面/E3与正式细则分别定位；图表完整转写并保留原图。
Sbfb92664a987-bj2021-8152822fbe9d,Sbfb92664a987,extracted_figure,,questions/BJ-2021-BJ-GAOKAO/assets/embedded/img-002.png,v4同SHA源页/题图；教师版题面/E3与正式细则分别定位；图表完整转写并保留原图。
Sbfb92664a987-bj2021-6fc1012f34ec,Sbfb92664a987,extracted_figure,,questions/BJ-2021-BJ-GAOKAO/assets/embedded/img-003.png,v4同SHA源页/题图；教师版题面/E3与正式细则分别定位；图表完整转写并保留原图。
Sbfb92664a987-bj2021-edfe2af9136b,Sbfb92664a987,extracted_figure,,questions/BJ-2021-BJ-GAOKAO/assets/embedded/img-004.png,v4同SHA源页/题图；教师版题面/E3与正式细则分别定位；图表完整转写并保留原图。
Sbfb92664a987-bj2021-8b71d1821242,Sbfb92664a987,extracted_figure,,questions/BJ-2021-BJ-GAOKAO/assets/embedded/img-005.png,v4同SHA源页/题图；教师版题面/E3与正式细则分别定位；图表完整转写并保留原图。
Sbfb92664a987-bj2021-a12327cb050e,Sbfb92664a987,extracted_figure,,questions/BJ-2021-BJ-GAOKAO/assets/embedded/img-006.png,v4同SHA源页/题图；教师版题面/E3与正式细则分别定位；图表完整转写并保留原图。
Sbfb92664a987-bj2021-7debb8e23be6,Sbfb92664a987,extracted_figure,,questions/BJ-2021-BJ-GAOKAO/assets/embedded/img-007.png,v4同SHA源页/题图；教师版题面/E3与正式细则分别定位；图表完整转写并保留原图。
Sbfb92664a987-bj2021-60ea3ad797ad,Sbfb92664a987,extracted_figure,,questions/BJ-2021-BJ-GAOKAO/assets/embedded/img-008.png,v4同SHA源页/题图；教师版题面/E3与正式细则分别定位；图表完整转写并保留原图。
Sbfb92664a987-bj2021-11a5dc243311,Sbfb92664a987,extracted_figure,,questions/BJ-2021-BJ-GAOKAO/assets/embedded/img-009.png,v4同SHA源页/题图；教师版题面/E3与正式细则分别定位；图表完整转写并保留原图。
Sbfb92664a987-bj2021-c32b95f4a728,Sbfb92664a987,extracted_figure,,questions/BJ-2021-BJ-GAOKAO/assets/embedded/img-010.png,v4同SHA源页/题图；教师版题面/E3与正式细则分别定位；图表完整转写并保留原图。
Sbfb92664a987-bj2021-e7a34b24f30a,Sbfb92664a987,extracted_figure,,questions/BJ-2021-BJ-GAOKAO/assets/embedded/img-011.png,v4同SHA源页/题图；教师版题面/E3与正式细则分别定位；图表完整转写并保留原图。
S515af99fb5a8-bj2021-0362aaa79ee9,S515af99fb5a8,extracted_figure,,questions/BJ-2021-BJ-GAOKAO/assets/rubric_embedded/img-000.png,v4同SHA源页/题图；教师版题面/E3与正式细则分别定位；图表完整转写并保留原图。
S515af99fb5a8-bj2021-96aec7ff3fa0,S515af99fb5a8,extracted_figure,,questions/BJ-2021-BJ-GAOKAO/assets/rubric_embedded/img-001.png,v4同SHA源页/题图；教师版题面/E3与正式细则分别定位；图表完整转写并保留原图。
S515af99fb5a8-bj2021-64deba2b7982,S515af99fb5a8,extracted_figure,,questions/BJ-2021-BJ-GAOKAO/assets/rubric_embedded/img-002.png,v4同SHA源页/题图；教师版题面/E3与正式细则分别定位；图表完整转写并保留原图。
S515af99fb5a8-bj2021-e115f29226b9,S515af99fb5a8,extracted_figure,,questions/BJ-2021-BJ-GAOKAO/assets/rubric_embedded/img-003.png,v4同SHA源页/题图；教师版题面/E3与正式细则分别定位；图表完整转写并保留原图。
S515af99fb5a8-bj2021-21ea2a03d64c,S515af99fb5a8,extracted_figure,,questions/BJ-2021-BJ-GAOKAO/assets/rubric_embedded/img-004.png,v4同SHA源页/题图；教师版题面/E3与正式细则分别定位；图表完整转写并保留原图。
S515af99fb5a8-bj2021-56f4db7b904d,S515af99fb5a8,extracted_figure,,questions/BJ-2021-BJ-GAOKAO/assets/rubric_embedded/img-005.png,v4同SHA源页/题图；教师版题面/E3与正式细则分别定位；图表完整转写并保留原图。
S515af99fb5a8-bj2021-f8b2543b5274,S515af99fb5a8,extracted_figure,,questions/BJ-2021-BJ-GAOKAO/assets/rubric_embedded/img-006.png,v4同SHA源页/题图；教师版题面/E3与正式细则分别定位；图表完整转写并保留原图。
S515af99fb5a8-bj2021-5565ecf30eaa,S515af99fb5a8,extracted_figure,,questions/BJ-2021-BJ-GAOKAO/assets/rubric_embedded/img-007.png,v4同SHA源页/题图；教师版题面/E3与正式细则分别定位；图表完整转写并保留原图。
S515af99fb5a8-bj2021-49714ebb2607,S515af99fb5a8,extracted_figure,,questions/BJ-2021-BJ-GAOKAO/assets/rubric_embedded/img-008.png,v4同SHA源页/题图；教师版题面/E3与正式细则分别定位；图表完整转写并保留原图。
S515af99fb5a8-bj2021-b195a457ffda,S515af99fb5a8,extracted_figure,,questions/BJ-2021-BJ-GAOKAO/assets/rubric_embedded/img-009.png,v4同SHA源页/题图；教师版题面/E3与正式细则分别定位；图表完整转写并保留原图。
S515af99fb5a8-bj2021-f893a2be71e9,S515af99fb5a8,extracted_figure,,questions/BJ-2021-BJ-GAOKAO/assets/rubric_embedded/img-010.png,v4同SHA源页/题图；教师版题面/E3与正式细则分别定位；图表完整转写并保留原图。
S515af99fb5a8-bj2021-efe1cff19b69,S515af99fb5a8,extracted_figure,,questions/BJ-2021-BJ-GAOKAO/assets/rubric_embedded/img-011.png,v4同SHA源页/题图；教师版题面/E3与正式细则分别定位；图表完整转写并保留原图。
S515af99fb5a8-bj2021-4c32075c1564,S515af99fb5a8,extracted_figure,,questions/BJ-2021-BJ-GAOKAO/assets/rubric_embedded/img-012.png,v4同SHA源页/题图；教师版题面/E3与正式细则分别定位；图表完整转写并保留原图。
S515af99fb5a8-bj2021-298ab4f40a69,S515af99fb5a8,extracted_figure,,questions/BJ-2021-BJ-GAOKAO/assets/rubric_embedded/img-013.png,v4同SHA源页/题图；教师版题面/E3与正式细则分别定位；图表完整转写并保留原图。
S515af99fb5a8-bj2021-5c40321247f6,S515af99fb5a8,extracted_figure,,questions/BJ-2021-BJ-GAOKAO/assets/rubric_embedded/img-014.png,v4同SHA源页/题图；教师版题面/E3与正式细则分别定位；图表完整转写并保留原图。
S515af99fb5a8-bj2021-ddd99d7148f2,S515af99fb5a8,extracted_figure,,questions/BJ-2021-BJ-GAOKAO/assets/rubric_embedded/img-015.png,v4同SHA源页/题图；教师版题面/E3与正式细则分别定位；图表完整转写并保留原图。
S515af99fb5a8-bj2021-71cefb878178,S515af99fb5a8,extracted_figure,,questions/BJ-2021-BJ-GAOKAO/assets/rubric_embedded/img-016.png,v4同SHA源页/题图；教师版题面/E3与正式细则分别定位；图表完整转写并保留原图。
S515af99fb5a8-bj2021-66547a32706e,S515af99fb5a8,extracted_figure,,questions/BJ-2021-BJ-GAOKAO/assets/rubric_embedded/img-017.png,v4同SHA源页/题图；教师版题面/E3与正式细则分别定位；图表完整转写并保留原图。
S515af99fb5a8-bj2021-059f2f885c68,S515af99fb5a8,extracted_figure,,questions/BJ-2021-BJ-GAOKAO/assets/rubric_embedded/img-018.png,v4同SHA源页/题图；教师版题面/E3与正式细则分别定位；图表完整转写并保留原图。
S515af99fb5a8-bj2021-98d712357138,S515af99fb5a8,extracted_figure,,questions/BJ-2021-BJ-GAOKAO/assets/rubric_embedded/img-019.png,v4同SHA源页/题图；教师版题面/E3与正式细则分别定位；图表完整转写并保留原图。
S515af99fb5a8-bj2021-9e18c2ba19e2,S515af99fb5a8,extracted_figure,,questions/BJ-2021-BJ-GAOKAO/assets/rubric_embedded/img-020.png,v4同SHA源页/题图；教师版题面/E3与正式细则分别定位；图表完整转写并保留原图。
S515af99fb5a8-bj2021-e8773a34430c,S515af99fb5a8,extracted_figure,,questions/BJ-2021-BJ-GAOKAO/assets/rubric_embedded/img-021.png,v4同SHA源页/题图；教师版题面/E3与正式细则分别定位；图表完整转写并保留原图。
S515af99fb5a8-bj2021-ec386a38187c,S515af99fb5a8,extracted_figure,,questions/BJ-2021-BJ-GAOKAO/assets/rubric_embedded/img-022.png,v4同SHA源页/题图；教师版题面/E3与正式细则分别定位；图表完整转写并保留原图。
S515af99fb5a8-bj2021-53b98a633934,S515af99fb5a8,extracted_figure,,questions/BJ-2021-BJ-GAOKAO/assets/rubric_embedded/img-023.png,v4同SHA源页/题图；教师版题面/E3与正式细则分别定位；图表完整转写并保留原图。
S515af99fb5a8-bj2021-90e40e1f95d2,S515af99fb5a8,extracted_figure,,questions/BJ-2021-BJ-GAOKAO/assets/rubric_embedded/img-024.png,v4同SHA源页/题图；教师版题面/E3与正式细则分别定位；图表完整转写并保留原图。
S515af99fb5a8-bj2021-829e1b11acd6,S515af99fb5a8,extracted_figure,,questions/BJ-2021-BJ-GAOKAO/assets/rubric_embedded/img-025.png,v4同SHA源页/题图；教师版题面/E3与正式细则分别定位；图表完整转写并保留原图。
S515af99fb5a8-bj2021-2d94101cc86b,S515af99fb5a8,extracted_figure,,questions/BJ-2021-BJ-GAOKAO/assets/rubric_embedded/img-026.png,v4同SHA源页/题图；教师版题面/E3与正式细则分别定位；图表完整转写并保留原图。
S515af99fb5a8-bj2021-71dc78d86ead,S515af99fb5a8,extracted_figure,,questions/BJ-2021-BJ-GAOKAO/assets/rubric_embedded/img-027.png,v4同SHA源页/题图；教师版题面/E3与正式细则分别定位；图表完整转写并保留原图。
S515af99fb5a8-bj2021-37209a74f9ad,S515af99fb5a8,extracted_figure,,questions/BJ-2021-BJ-GAOKAO/assets/rubric_embedded/img-028.png,v4同SHA源页/题图；教师版题面/E3与正式细则分别定位；图表完整转写并保留原图。
S515af99fb5a8-bj2021-da40d4261609,S515af99fb5a8,extracted_figure,,questions/BJ-2021-BJ-GAOKAO/assets/rubric_embedded/img-029.png,v4同SHA源页/题图；教师版题面/E3与正式细则分别定位；图表完整转写并保留原图。
S515af99fb5a8-bj2021-aa637fb4e656,S515af99fb5a8,extracted_figure,,questions/BJ-2021-BJ-GAOKAO/assets/rubric_embedded/img-030.png,v4同SHA源页/题图；教师版题面/E3与正式细则分别定位；图表完整转写并保留原图。
S515af99fb5a8-bj2021-a3570895a428,S515af99fb5a8,extracted_figure,,questions/BJ-2021-BJ-GAOKAO/assets/rubric_embedded/img-031.png,v4同SHA源页/题图；教师版题面/E3与正式细则分别定位；图表完整转写并保留原图。
S515af99fb5a8-bj2021-345fcf34a1e4,S515af99fb5a8,extracted_figure,,questions/BJ-2021-BJ-GAOKAO/assets/rubric_embedded/img-032.png,v4同SHA源页/题图；教师版题面/E3与正式细则分别定位；图表完整转写并保留原图。
S515af99fb5a8-bj2021-501eabb42d4f,S515af99fb5a8,extracted_figure,,questions/BJ-2021-BJ-GAOKAO/assets/rubric_embedded/img-033.png,v4同SHA源页/题图；教师版题面/E3与正式细则分别定位；图表完整转写并保留原图。
S515af99fb5a8-bj2021-2f4835ef40f8,S515af99fb5a8,extracted_figure,,questions/BJ-2021-BJ-GAOKAO/assets/rubric_embedded/img-034.png,v4同SHA源页/题图；教师版题面/E3与正式细则分别定位；图表完整转写并保留原图。
S515af99fb5a8-bj2021-6e7124276631,S515af99fb5a8,extracted_figure,,questions/BJ-2021-BJ-GAOKAO/assets/rubric_embedded/img-035.png,v4同SHA源页/题图；教师版题面/E3与正式细则分别定位；图表完整转写并保留原图。
S515af99fb5a8-bj2021-646092b58407,S515af99fb5a8,extracted_figure,,questions/BJ-2021-BJ-GAOKAO/assets/rubric_embedded/img-036.png,v4同SHA源页/题图；教师版题面/E3与正式细则分别定位；图表完整转写并保留原图。
S515af99fb5a8-bj2021-d2754ac64ab8,S515af99fb5a8,extracted_figure,,questions/BJ-2021-BJ-GAOKAO/assets/rubric_embedded/img-037.png,v4同SHA源页/题图；教师版题面/E3与正式细则分别定位；图表完整转写并保留原图。
S515af99fb5a8-bj2021-d0bfa1c3ab90,S515af99fb5a8,extracted_figure,,questions/BJ-2021-BJ-GAOKAO/assets/rubric_embedded/img-038.png,v4同SHA源页/题图；教师版题面/E3与正式细则分别定位；图表完整转写并保留原图。
S515af99fb5a8-bj2021-a266ee9d2eb4,S515af99fb5a8,extracted_figure,,questions/BJ-2021-BJ-GAOKAO/assets/rubric_embedded/img-039.png,v4同SHA源页/题图；教师版题面/E3与正式细则分别定位；图表完整转写并保留原图。
S515af99fb5a8-bj2021-64fd72f5eda9,S515af99fb5a8,extracted_figure,,questions/BJ-2021-BJ-GAOKAO/assets/rubric_embedded/img-040.png,v4同SHA源页/题图；教师版题面/E3与正式细则分别定位；图表完整转写并保留原图。
S515af99fb5a8-bj2021-ba5a0b0808c4,S515af99fb5a8,extracted_figure,,questions/BJ-2021-BJ-GAOKAO/assets/rubric_embedded/img-041.png,v4同SHA源页/题图；教师版题面/E3与正式细则分别定位；图表完整转写并保留原图。
S515af99fb5a8-bj2021-06840ffc737f,S515af99fb5a8,extracted_figure,,questions/BJ-2021-BJ-GAOKAO/assets/rubric_embedded/img-042.png,v4同SHA源页/题图；教师版题面/E3与正式细则分别定位；图表完整转写并保留原图。
S515af99fb5a8-bj2021-18d760028e38,S515af99fb5a8,extracted_figure,,questions/BJ-2021-BJ-GAOKAO/assets/rubric_embedded/img-043.png,v4同SHA源页/题图；教师版题面/E3与正式细则分别定位；图表完整转写并保留原图。
S515af99fb5a8-bj2021-5eaf2dc3dc65,S515af99fb5a8,extracted_figure,,questions/BJ-2021-BJ-GAOKAO/assets/rubric_embedded/img-044.png,v4同SHA源页/题图；教师版题面/E3与正式细则分别定位；图表完整转写并保留原图。
S515af99fb5a8-bj2021-1281d9709d9f,S515af99fb5a8,extracted_figure,,questions/BJ-2021-BJ-GAOKAO/assets/rubric_embedded/img-045.png,v4同SHA源页/题图；教师版题面/E3与正式细则分别定位；图表完整转写并保留原图。
S515af99fb5a8-bj2021-1655ca8c8b7e,S515af99fb5a8,extracted_figure,,questions/BJ-2021-BJ-GAOKAO/assets/rubric_embedded/img-046.png,v4同SHA源页/题图；教师版题面/E3与正式细则分别定位；图表完整转写并保留原图。
S515af99fb5a8-bj2021-88a071b79017,S515af99fb5a8,extracted_figure,,questions/BJ-2021-BJ-GAOKAO/assets/rubric_embedded/img-047.png,v4同SHA源页/题图；教师版题面/E3与正式细则分别定位；图表完整转写并保留原图。
S515af99fb5a8-bj2021-3c47481c5916,S515af99fb5a8,extracted_figure,,questions/BJ-2021-BJ-GAOKAO/assets/rubric_embedded/img-048.png,v4同SHA源页/题图；教师版题面/E3与正式细则分别定位；图表完整转写并保留原图。
S515af99fb5a8-bj2021-cfd9bb5c099a,S515af99fb5a8,extracted_figure,,questions/BJ-2021-BJ-GAOKAO/assets/rubric_embedded/img-049.png,v4同SHA源页/题图；教师版题面/E3与正式细则分别定位；图表完整转写并保留原图。
S515af99fb5a8-bj2021-3079e76a9050,S515af99fb5a8,extracted_figure,,questions/BJ-2021-BJ-GAOKAO/assets/rubric_embedded/img-050.png,v4同SHA源页/题图；教师版题面/E3与正式细则分别定位；图表完整转写并保留原图。
S515af99fb5a8-bj2021-8ec33b7fbf20,S515af99fb5a8,extracted_figure,,questions/BJ-2021-BJ-GAOKAO/assets/rubric_embedded/img-051.png,v4同SHA源页/题图；教师版题面/E3与正式细则分别定位；图表完整转写并保留原图。
S515af99fb5a8-bj2021-07394148f4d0,S515af99fb5a8,extracted_figure,,questions/BJ-2021-BJ-GAOKAO/assets/rubric_embedded/img-052.png,v4同SHA源页/题图；教师版题面/E3与正式细则分别定位；图表完整转写并保留原图。
S515af99fb5a8-bj2021-4580fd6e0fdb,S515af99fb5a8,extracted_figure,,questions/BJ-2021-BJ-GAOKAO/assets/rubric_embedded/img-053.png,v4同SHA源页/题图；教师版题面/E3与正式细则分别定位；图表完整转写并保留原图。
S515af99fb5a8-bj2021-b65ea2fc296b,S515af99fb5a8,extracted_figure,,questions/BJ-2021-BJ-GAOKAO/assets/rubric_embedded/img-054.png,v4同SHA源页/题图；教师版题面/E3与正式细则分别定位；图表完整转写并保留原图。
S515af99fb5a8-bj2021-7de71e7b6e62,S515af99fb5a8,extracted_figure,,questions/BJ-2021-BJ-GAOKAO/assets/rubric_embedded/img-055.png,v4同SHA源页/题图；教师版题面/E3与正式细则分别定位；图表完整转写并保留原图。
S515af99fb5a8-bj2021-a79bbd5f63b8,S515af99fb5a8,extracted_figure,,questions/BJ-2021-BJ-GAOKAO/assets/rubric_embedded/img-056.png,v4同SHA源页/题图；教师版题面/E3与正式细则分别定位；图表完整转写并保留原图。
S515af99fb5a8-bj2021-d608f3d9db88,S515af99fb5a8,extracted_figure,,questions/BJ-2021-BJ-GAOKAO/assets/rubric_embedded/img-057.png,v4同SHA源页/题图；教师版题面/E3与正式细则分别定位；图表完整转写并保留原图。
S515af99fb5a8-bj2021-5ab4d07c588b,S515af99fb5a8,extracted_figure,,questions/BJ-2021-BJ-GAOKAO/assets/rubric_embedded/img-058.png,v4同SHA源页/题图；教师版题面/E3与正式细则分别定位；图表完整转写并保留原图。
S515af99fb5a8-bj2021-935f5e0239b3,S515af99fb5a8,extracted_figure,,questions/BJ-2021-BJ-GAOKAO/assets/rubric_embedded/img-059.png,v4同SHA源页/题图；教师版题面/E3与正式细则分别定位；图表完整转写并保留原图。
S515af99fb5a8-bj2021-6dfecdf6bbef,S515af99fb5a8,extracted_figure,,questions/BJ-2021-BJ-GAOKAO/assets/rubric_embedded/img-060.png,v4同SHA源页/题图；教师版题面/E3与正式细则分别定位；图表完整转写并保留原图。
S515af99fb5a8-bj2021-a67d5fd13d79,S515af99fb5a8,extracted_figure,,questions/BJ-2021-BJ-GAOKAO/assets/rubric_embedded/img-061.png,v4同SHA源页/题图；教师版题面/E3与正式细则分别定位；图表完整转写并保留原图。
S515af99fb5a8-bj2021-ae1440236d47,S515af99fb5a8,extracted_figure,,questions/BJ-2021-BJ-GAOKAO/assets/rubric_embedded/img-062.png,v4同SHA源页/题图；教师版题面/E3与正式细则分别定位；图表完整转写并保留原图。
S515af99fb5a8-bj2021-6c81c80c3a57,S515af99fb5a8,extracted_figure,,questions/BJ-2021-BJ-GAOKAO/assets/rubric_embedded/img-063.png,v4同SHA源页/题图；教师版题面/E3与正式细则分别定位；图表完整转写并保留原图。
S515af99fb5a8-bj2021-a48832e3f63f,S515af99fb5a8,extracted_figure,,questions/BJ-2021-BJ-GAOKAO/assets/rubric_embedded/img-064.png,v4同SHA源页/题图；教师版题面/E3与正式细则分别定位；图表完整转写并保留原图。
S515af99fb5a8-bj2021-9fe942c9b261,S515af99fb5a8,extracted_figure,,questions/BJ-2021-BJ-GAOKAO/assets/rubric_embedded/img-065.png,v4同SHA源页/题图；教师版题面/E3与正式细则分别定位；图表完整转写并保留原图。
S515af99fb5a8-bj2021-9d033ef909d8,S515af99fb5a8,extracted_figure,,questions/BJ-2021-BJ-GAOKAO/assets/rubric_embedded/img-066.png,v4同SHA源页/题图；教师版题面/E3与正式细则分别定位；图表完整转写并保留原图。
S515af99fb5a8-bj2021-ddace8c511b8,S515af99fb5a8,extracted_figure,,questions/BJ-2021-BJ-GAOKAO/assets/rubric_embedded/img-067.png,v4同SHA源页/题图；教师版题面/E3与正式细则分别定位；图表完整转写并保留原图。
S515af99fb5a8-bj2021-9353f77f5445,S515af99fb5a8,extracted_figure,,questions/BJ-2021-BJ-GAOKAO/assets/rubric_embedded/img-068.png,v4同SHA源页/题图；教师版题面/E3与正式细则分别定位；图表完整转写并保留原图。
S515af99fb5a8-bj2021-fb612a7b82ce,S515af99fb5a8,page_render,001,questions/BJ-2021-BJ-GAOKAO/assets/source_pages/rubric/p001.png,v4同SHA源页/题图；教师版题面/E3与正式细则分别定位；图表完整转写并保留原图。
S515af99fb5a8-bj2021-fc22b28ce3a0,S515af99fb5a8,page_render,002,questions/BJ-2021-BJ-GAOKAO/assets/source_pages/rubric/p002.png,v4同SHA源页/题图；教师版题面/E3与正式细则分别定位；图表完整转写并保留原图。
S515af99fb5a8-bj2021-a660a3dc8832,S515af99fb5a8,page_render,003,questions/BJ-2021-BJ-GAOKAO/assets/source_pages/rubric/p003.png,v4同SHA源页/题图；教师版题面/E3与正式细则分别定位；图表完整转写并保留原图。
S515af99fb5a8-bj2021-b475f6ddf1a6,S515af99fb5a8,page_render,004,questions/BJ-2021-BJ-GAOKAO/assets/source_pages/rubric/p004.png,v4同SHA源页/题图；教师版题面/E3与正式细则分别定位；图表完整转写并保留原图。
S515af99fb5a8-bj2021-5e15a16cf539,S515af99fb5a8,page_render,005,questions/BJ-2021-BJ-GAOKAO/assets/source_pages/rubric/p005.png,v4同SHA源页/题图；教师版题面/E3与正式细则分别定位；图表完整转写并保留原图。
S515af99fb5a8-bj2021-7ba8a33a9f6b,S515af99fb5a8,page_render,006,questions/BJ-2021-BJ-GAOKAO/assets/source_pages/rubric/p006.png,v4同SHA源页/题图；教师版题面/E3与正式细则分别定位；图表完整转写并保留原图。
S515af99fb5a8-bj2021-ff7794ea4807,S515af99fb5a8,page_render,007,questions/BJ-2021-BJ-GAOKAO/assets/source_pages/rubric/p007.png,v4同SHA源页/题图；教师版题面/E3与正式细则分别定位；图表完整转写并保留原图。
Sbfb92664a987-bj2021-6d1cc0dec3eb,Sbfb92664a987,page_render,001,questions/BJ-2021-BJ-GAOKAO/assets/source_pages/teacher/p001.png,v4同SHA源页/题图；教师版题面/E3与正式细则分别定位；图表完整转写并保留原图。
Sbfb92664a987-bj2021-d83a6f2f73c4,Sbfb92664a987,page_render,002,questions/BJ-2021-BJ-GAOKAO/assets/source_pages/teacher/p002.png,v4同SHA源页/题图；教师版题面/E3与正式细则分别定位；图表完整转写并保留原图。
Sbfb92664a987-bj2021-7d199e71f930,Sbfb92664a987,page_render,003,questions/BJ-2021-BJ-GAOKAO/assets/source_pages/teacher/p003.png,v4同SHA源页/题图；教师版题面/E3与正式细则分别定位；图表完整转写并保留原图。
Sbfb92664a987-bj2021-e387d214221e,Sbfb92664a987,page_render,004,questions/BJ-2021-BJ-GAOKAO/assets/source_pages/teacher/p004.png,v4同SHA源页/题图；教师版题面/E3与正式细则分别定位；图表完整转写并保留原图。
Sbfb92664a987-bj2021-834a95c54cf9,Sbfb92664a987,page_render,005,questions/BJ-2021-BJ-GAOKAO/assets/source_pages/teacher/p005.png,v4同SHA源页/题图；教师版题面/E3与正式细则分别定位；图表完整转写并保留原图。
Sbfb92664a987-bj2021-791d622b8b04,Sbfb92664a987,page_render,006,questions/BJ-2021-BJ-GAOKAO/assets/source_pages/teacher/p006.png,v4同SHA源页/题图；教师版题面/E3与正式细则分别定位；图表完整转写并保留原图。
Sbfb92664a987-bj2021-09c37267abdf,Sbfb92664a987,page_render,007,questions/BJ-2021-BJ-GAOKAO/assets/source_pages/teacher/p007.png,v4同SHA源页/题图；教师版题面/E3与正式细则分别定位；图表完整转写并保留原图。
Sbfb92664a987-bj2021-879453574a6c,Sbfb92664a987,page_render,008,questions/BJ-2021-BJ-GAOKAO/assets/source_pages/teacher/p008.png,v4同SHA源页/题图；教师版题面/E3与正式细则分别定位；图表完整转写并保留原图。
Sbfb92664a987-bj2021-db99a39d5df9,Sbfb92664a987,page_render,009,questions/BJ-2021-BJ-GAOKAO/assets/source_pages/teacher/p009.png,v4同SHA源页/题图；教师版题面/E3与正式细则分别定位；图表完整转写并保留原图。
Sbfb92664a987-bj2021-15aa605c4f2a,Sbfb92664a987,page_render,010,questions/BJ-2021-BJ-GAOKAO/assets/source_pages/teacher/p010.png,v4同SHA源页/题图；教师版题面/E3与正式细则分别定位；图表完整转写并保留原图。
Sbfb92664a987-bj2021-1daa226b33c2,Sbfb92664a987,page_render,011,questions/BJ-2021-BJ-GAOKAO/assets/source_pages/teacher/p011.png,v4同SHA源页/题图；教师版题面/E3与正式细则分别定位；图表完整转写并保留原图。
Sbfb92664a987-bj2021-7495d851a3c3,Sbfb92664a987,page_render,012,questions/BJ-2021-BJ-GAOKAO/assets/source_pages/teacher/p012.png,v4同SHA源页/题图；教师版题面/E3与正式细则分别定位；图表完整转写并保留原图。
S96315fb88e87-cy2023-48bbd2bb2dc6,S96315fb88e87,page_render,01,questions/BJ-2023-CY-ERMO/assets/source_pages/answer/p-01.png,原卷/E3同源页图与题图；Q8/Q10/Q19结构和汇合箭头已文字化。
S96315fb88e87-cy2023-7c4b3bfd1ca5,S96315fb88e87,page_render,02,questions/BJ-2023-CY-ERMO/assets/source_pages/answer/p-02.png,原卷/E3同源页图与题图；Q8/Q10/Q19结构和汇合箭头已文字化。
S38162016129f-cy2023-fec5d26ac704,S38162016129f,page_render,01,questions/BJ-2023-CY-ERMO/assets/source_pages/exam/p-01.png,原卷/E3同源页图与题图；Q8/Q10/Q19结构和汇合箭头已文字化。
S38162016129f-cy2023-e2e94ae50678,S38162016129f,page_render,02,questions/BJ-2023-CY-ERMO/assets/source_pages/exam/p-02.png,原卷/E3同源页图与题图；Q8/Q10/Q19结构和汇合箭头已文字化。
S38162016129f-cy2023-0a96d91eab36,S38162016129f,page_render,03,questions/BJ-2023-CY-ERMO/assets/source_pages/exam/p-03.png,原卷/E3同源页图与题图；Q8/Q10/Q19结构和汇合箭头已文字化。
S38162016129f-cy2023-c3b8e661304b,S38162016129f,page_render,07,questions/BJ-2023-CY-ERMO/assets/source_pages/exam/p-07.png,原卷/E3同源页图与题图；Q8/Q10/Q19结构和汇合箭头已文字化。
S38162016129f-cy2023-77c77889211a,S38162016129f,page_render,06,questions/BJ-2023-CY-ERMO/assets/source_pages/exam/p-06.png,原卷/E3同源页图与题图；Q8/Q10/Q19结构和汇合箭头已文字化。
S38162016129f-cy2023-aa28f7fade44,S38162016129f,page_render,04,questions/BJ-2023-CY-ERMO/assets/source_pages/exam/p-04.png,原卷/E3同源页图与题图；Q8/Q10/Q19结构和汇合箭头已文字化。
S38162016129f-cy2023-ff70e04fe572,S38162016129f,page_render,05,questions/BJ-2023-CY-ERMO/assets/source_pages/exam/p-05.png,原卷/E3同源页图与题图；Q8/Q10/Q19结构和汇合箭头已文字化。
S38162016129f-cy2023-db51fb770351,S38162016129f,extracted_figure,,questions/BJ-2023-CY-ERMO/assets/embedded/img-004.png,原卷/E3同源页图与题图；Q8/Q10/Q19结构和汇合箭头已文字化。
S38162016129f-cy2023-4607b4c88fcf,S38162016129f,extracted_figure,,questions/BJ-2023-CY-ERMO/assets/embedded/img-000.png,原卷/E3同源页图与题图；Q8/Q10/Q19结构和汇合箭头已文字化。
S38162016129f-cy2023-5001d445a90f,S38162016129f,extracted_figure,,questions/BJ-2023-CY-ERMO/assets/embedded/img-001.png,原卷/E3同源页图与题图；Q8/Q10/Q19结构和汇合箭头已文字化。
S38162016129f-cy2023-d0ecfff24cd7,S38162016129f,extracted_figure,,questions/BJ-2023-CY-ERMO/assets/embedded/img-003.png,原卷/E3同源页图与题图；Q8/Q10/Q19结构和汇合箭头已文字化。
S38162016129f-cy2023-abc931880d0b,S38162016129f,extracted_figure,,questions/BJ-2023-CY-ERMO/assets/embedded/img-002.png,原卷/E3同源页图与题图；Q8/Q10/Q19结构和汇合箭头已文字化。
S9b287871f660-dc2025-825a749e1ba2,S9b287871f660,page_render,007,questions/BJ-2025-DC-ERMO/source_support/assets/main_exam_pages/p007.png,来源补充：独立核验13页及Q3图，原字节复用。
S9b287871f660-dc2025-56a6b72ea9b8,S9b287871f660,page_render,006,questions/BJ-2025-DC-ERMO/source_support/assets/main_exam_pages/p006.png,来源补充：独立核验13页及Q3图，原字节复用。
S9b287871f660-dc2025-32f67e0b6c37,S9b287871f660,page_render,004,questions/BJ-2025-DC-ERMO/source_support/assets/main_exam_pages/p004.png,来源补充：独立核验13页及Q3图，原字节复用。
S9b287871f660-dc2025-0f52add0329d,S9b287871f660,page_render,005,questions/BJ-2025-DC-ERMO/source_support/assets/main_exam_pages/p005.png,来源补充：独立核验13页及Q3图，原字节复用。
S9b287871f660-dc2025-d6ab25b86c86,S9b287871f660,page_render,001,questions/BJ-2025-DC-ERMO/source_support/assets/main_exam_pages/p001.png,来源补充：独立核验13页及Q3图，原字节复用。
S9b287871f660-dc2025-404926e80777,S9b287871f660,page_render,002,questions/BJ-2025-DC-ERMO/source_support/assets/main_exam_pages/p002.png,来源补充：独立核验13页及Q3图，原字节复用。
S9b287871f660-dc2025-7d7ad7864253,S9b287871f660,page_render,003,questions/BJ-2025-DC-ERMO/source_support/assets/main_exam_pages/p003.png,来源补充：独立核验13页及Q3图，原字节复用。
S9b287871f660-dc2025-a1cc8123ea3a,S9b287871f660,page_render,008,questions/BJ-2025-DC-ERMO/source_support/assets/main_exam_pages/p008.png,来源补充：独立核验13页及Q3图，原字节复用。
S9b287871f660-dc2025-2a44db05b747,S9b287871f660,extracted_figure,1,questions/BJ-2025-DC-ERMO/source_support/assets/figures/Q3_painting_caption.png,来源补充：独立核验13页及Q3图，原字节复用。
S606dbae1d5ce-dc2025-fb1fc05bb1e0,S606dbae1d5ce,page_render,004,questions/BJ-2025-DC-ERMO/source_support/assets/formal_scoring_pages/p004.png,来源补充：独立核验13页及Q3图，原字节复用。
S606dbae1d5ce-dc2025-bad9166c9dc9,S606dbae1d5ce,page_render,005,questions/BJ-2025-DC-ERMO/source_support/assets/formal_scoring_pages/p005.png,来源补充：独立核验13页及Q3图，原字节复用。
S606dbae1d5ce-dc2025-8b8380dbc042,S606dbae1d5ce,page_render,001,questions/BJ-2025-DC-ERMO/source_support/assets/formal_scoring_pages/p001.png,来源补充：独立核验13页及Q3图，原字节复用。
S606dbae1d5ce-dc2025-e4bba224d471,S606dbae1d5ce,page_render,002,questions/BJ-2025-DC-ERMO/source_support/assets/formal_scoring_pages/p002.png,来源补充：独立核验13页及Q3图，原字节复用。
S606dbae1d5ce-dc2025-e224e1ad80f9,S606dbae1d5ce,page_render,003,questions/BJ-2025-DC-ERMO/source_support/assets/formal_scoring_pages/p003.png,来源补充：独立核验13页及Q3图，原字节复用。
Sb2dd3b8daa4d-bj2022-e360f1aa28ab,Sb2dd3b8daa4d,page_render,013,questions/BJ-2022-BJ-GAOKAO/assets/source_pages/teacher/p013.png,教师题面/E3与正式E1分别转写；v4保留原图和源特异差异。
Sb2dd3b8daa4d-bj2022-0f2d596200f0,Sb2dd3b8daa4d,page_render,007,questions/BJ-2022-BJ-GAOKAO/assets/source_pages/teacher/p007.png,教师题面/E3与正式E1分别转写；v4保留原图和源特异差异。
Sb2dd3b8daa4d-bj2022-e4862c4a9dda,Sb2dd3b8daa4d,page_render,006,questions/BJ-2022-BJ-GAOKAO/assets/source_pages/teacher/p006.png,教师题面/E3与正式E1分别转写；v4保留原图和源特异差异。
Sb2dd3b8daa4d-bj2022-61c1029d3a23,Sb2dd3b8daa4d,page_render,012,questions/BJ-2022-BJ-GAOKAO/assets/source_pages/teacher/p012.png,教师题面/E3与正式E1分别转写；v4保留原图和源特异差异。
Sb2dd3b8daa4d-bj2022-848f68fb557b,Sb2dd3b8daa4d,page_render,004,questions/BJ-2022-BJ-GAOKAO/assets/source_pages/teacher/p004.png,教师题面/E3与正式E1分别转写；v4保留原图和源特异差异。
Sb2dd3b8daa4d-bj2022-2e9ad13a20ee,Sb2dd3b8daa4d,page_render,010,questions/BJ-2022-BJ-GAOKAO/assets/source_pages/teacher/p010.png,教师题面/E3与正式E1分别转写；v4保留原图和源特异差异。
Sb2dd3b8daa4d-bj2022-ea8bc1ce503d,Sb2dd3b8daa4d,page_render,011,questions/BJ-2022-BJ-GAOKAO/assets/source_pages/teacher/p011.png,教师题面/E3与正式E1分别转写；v4保留原图和源特异差异。
Sb2dd3b8daa4d-bj2022-5cdfda9dd9d5,Sb2dd3b8daa4d,page_render,005,questions/BJ-2022-BJ-GAOKAO/assets/source_pages/teacher/p005.png,教师题面/E3与正式E1分别转写；v4保留原图和源特异差异。
Sb2dd3b8daa4d-bj2022-335838e3e081,Sb2dd3b8daa4d,page_render,001,questions/BJ-2022-BJ-GAOKAO/assets/source_pages/teacher/p001.png,教师题面/E3与正式E1分别转写；v4保留原图和源特异差异。
Sb2dd3b8daa4d-bj2022-7fd199d21c20,Sb2dd3b8daa4d,page_render,015,questions/BJ-2022-BJ-GAOKAO/assets/source_pages/teacher/p015.png,教师题面/E3与正式E1分别转写；v4保留原图和源特异差异。
Sb2dd3b8daa4d-bj2022-14dfa7efb535,Sb2dd3b8daa4d,page_render,014,questions/BJ-2022-BJ-GAOKAO/assets/source_pages/teacher/p014.png,教师题面/E3与正式E1分别转写；v4保留原图和源特异差异。
Sb2dd3b8daa4d-bj2022-1f9adfde8103,Sb2dd3b8daa4d,page_render,016,questions/BJ-2022-BJ-GAOKAO/assets/source_pages/teacher/p016.png,教师题面/E3与正式E1分别转写；v4保留原图和源特异差异。
Sb2dd3b8daa4d-bj2022-4f796f407555,Sb2dd3b8daa4d,page_render,002,questions/BJ-2022-BJ-GAOKAO/assets/source_pages/teacher/p002.png,教师题面/E3与正式E1分别转写；v4保留原图和源特异差异。
Sb2dd3b8daa4d-bj2022-249736c1c955,Sb2dd3b8daa4d,page_render,003,questions/BJ-2022-BJ-GAOKAO/assets/source_pages/teacher/p003.png,教师题面/E3与正式E1分别转写；v4保留原图和源特异差异。
Sb2dd3b8daa4d-bj2022-d2ab77a1a6bc,Sb2dd3b8daa4d,page_render,017,questions/BJ-2022-BJ-GAOKAO/assets/source_pages/teacher/p017.png,教师题面/E3与正式E1分别转写；v4保留原图和源特异差异。
Sb2dd3b8daa4d-bj2022-c24dcb40d8f5,Sb2dd3b8daa4d,page_render,019,questions/BJ-2022-BJ-GAOKAO/assets/source_pages/teacher/p019.png,教师题面/E3与正式E1分别转写；v4保留原图和源特异差异。
Sb2dd3b8daa4d-bj2022-f6d99ffae7f7,Sb2dd3b8daa4d,page_render,018,questions/BJ-2022-BJ-GAOKAO/assets/source_pages/teacher/p018.png,教师题面/E3与正式E1分别转写；v4保留原图和源特异差异。
Sb2dd3b8daa4d-bj2022-ba892b2d0bf2,Sb2dd3b8daa4d,page_render,020,questions/BJ-2022-BJ-GAOKAO/assets/source_pages/teacher/p020.png,教师题面/E3与正式E1分别转写；v4保留原图和源特异差异。
Sb2dd3b8daa4d-bj2022-e3d95f87eabc,Sb2dd3b8daa4d,page_render,008,questions/BJ-2022-BJ-GAOKAO/assets/source_pages/teacher/p008.png,教师题面/E3与正式E1分别转写；v4保留原图和源特异差异。
Sb2dd3b8daa4d-bj2022-3b0358adb8c6,Sb2dd3b8daa4d,page_render,009,questions/BJ-2022-BJ-GAOKAO/assets/source_pages/teacher/p009.png,教师题面/E3与正式E1分别转写；v4保留原图和源特异差异。
Sb2dd3b8daa4d-bj2022-5a646cae6e77,Sb2dd3b8daa4d,page_render,021,questions/BJ-2022-BJ-GAOKAO/assets/source_pages/teacher/p021.png,教师题面/E3与正式E1分别转写；v4保留原图和源特异差异。
Sb2dd3b8daa4d-bj2022-51ed4a81df63,Sb2dd3b8daa4d,page_render,022,questions/BJ-2022-BJ-GAOKAO/assets/source_pages/teacher/p022.png,教师题面/E3与正式E1分别转写；v4保留原图和源特异差异。
S07b058a51918-bj2022-7202f1502251,S07b058a51918,page_render,007,questions/BJ-2022-BJ-GAOKAO/assets/source_pages/rubric/p007.png,教师题面/E3与正式E1分别转写；v4保留原图和源特异差异。
S07b058a51918-bj2022-b33c40aaf00a,S07b058a51918,page_render,006,questions/BJ-2022-BJ-GAOKAO/assets/source_pages/rubric/p006.png,教师题面/E3与正式E1分别转写；v4保留原图和源特异差异。
S07b058a51918-bj2022-6f65f6743700,S07b058a51918,page_render,004,questions/BJ-2022-BJ-GAOKAO/assets/source_pages/rubric/p004.png,教师题面/E3与正式E1分别转写；v4保留原图和源特异差异。
S07b058a51918-bj2022-9a8be773f0f0,S07b058a51918,page_render,005,questions/BJ-2022-BJ-GAOKAO/assets/source_pages/rubric/p005.png,教师题面/E3与正式E1分别转写；v4保留原图和源特异差异。
S07b058a51918-bj2022-ddb080f4451b,S07b058a51918,page_render,001,questions/BJ-2022-BJ-GAOKAO/assets/source_pages/rubric/p001.png,教师题面/E3与正式E1分别转写；v4保留原图和源特异差异。
S07b058a51918-bj2022-95d428781ba1,S07b058a51918,page_render,002,questions/BJ-2022-BJ-GAOKAO/assets/source_pages/rubric/p002.png,教师题面/E3与正式E1分别转写；v4保留原图和源特异差异。
S07b058a51918-bj2022-46bd25918482,S07b058a51918,page_render,003,questions/BJ-2022-BJ-GAOKAO/assets/source_pages/rubric/p003.png,教师题面/E3与正式E1分别转写；v4保留原图和源特异差异。
Sb2dd3b8daa4d-bj2022-8eac822e674c,Sb2dd3b8daa4d,extracted_figure,,questions/BJ-2022-BJ-GAOKAO/assets/embedded/img-006.png,教师题面/E3与正式E1分别转写；v4保留原图和源特异差异。
Sb2dd3b8daa4d-bj2022-1ea4a8c1e029,Sb2dd3b8daa4d,extracted_figure,,questions/BJ-2022-BJ-GAOKAO/assets/embedded/img-012.png,教师题面/E3与正式E1分别转写；v4保留原图和源特异差异。
Sb2dd3b8daa4d-bj2022-9b5b34e20d9e,Sb2dd3b8daa4d,extracted_figure,,questions/BJ-2022-BJ-GAOKAO/assets/embedded/img-013.png,教师题面/E3与正式E1分别转写；v4保留原图和源特异差异。
Sb2dd3b8daa4d-bj2022-227eb6b6c469,Sb2dd3b8daa4d,extracted_figure,,questions/BJ-2022-BJ-GAOKAO/assets/embedded/img-007.png,教师题面/E3与正式E1分别转写；v4保留原图和源特异差异。
Sb2dd3b8daa4d-bj2022-b4eb2ab41699,Sb2dd3b8daa4d,extracted_figure,,questions/BJ-2022-BJ-GAOKAO/assets/embedded/img-011.png,教师题面/E3与正式E1分别转写；v4保留原图和源特异差异。
Sb2dd3b8daa4d-bj2022-896b8f4c1f13,Sb2dd3b8daa4d,extracted_figure,,questions/BJ-2022-BJ-GAOKAO/assets/embedded/img-005.png,教师题面/E3与正式E1分别转写；v4保留原图和源特异差异。
Sb2dd3b8daa4d-bj2022-898958e383fd,Sb2dd3b8daa4d,extracted_figure,,questions/BJ-2022-BJ-GAOKAO/assets/embedded/img-004.png,教师题面/E3与正式E1分别转写；v4保留原图和源特异差异。
Sb2dd3b8daa4d-bj2022-844698df07bc,Sb2dd3b8daa4d,extracted_figure,,questions/BJ-2022-BJ-GAOKAO/assets/embedded/img-010.png,教师题面/E3与正式E1分别转写；v4保留原图和源特异差异。
Sb2dd3b8daa4d-bj2022-6c3f0622247a,Sb2dd3b8daa4d,extracted_figure,,questions/BJ-2022-BJ-GAOKAO/assets/embedded/img-000.png,教师题面/E3与正式E1分别转写；v4保留原图和源特异差异。
Sb2dd3b8daa4d-bj2022-161246130369,Sb2dd3b8daa4d,extracted_figure,,questions/BJ-2022-BJ-GAOKAO/assets/embedded/img-001.png,教师题面/E3与正式E1分别转写；v4保留原图和源特异差异。
Sb2dd3b8daa4d-bj2022-f6aadc5a5719,Sb2dd3b8daa4d,extracted_figure,,questions/BJ-2022-BJ-GAOKAO/assets/embedded/img-003.png,教师题面/E3与正式E1分别转写；v4保留原图和源特异差异。
Sb2dd3b8daa4d-bj2022-4df1440d342b,Sb2dd3b8daa4d,extracted_figure,,questions/BJ-2022-BJ-GAOKAO/assets/embedded/img-002.png,教师题面/E3与正式E1分别转写；v4保留原图和源特异差异。
Sb2dd3b8daa4d-bj2022-06d3e143908f,Sb2dd3b8daa4d,extracted_figure,,questions/BJ-2022-BJ-GAOKAO/assets/embedded/img-009.png,教师题面/E3与正式E1分别转写；v4保留原图和源特异差异。
Sb2dd3b8daa4d-bj2022-14cae6f4e5d3,Sb2dd3b8daa4d,extracted_figure,,questions/BJ-2022-BJ-GAOKAO/assets/embedded/img-008.png,教师题面/E3与正式E1分别转写；v4保留原图和源特异差异。
Sb2dd3b8daa4d-bj2022-29f0e420a012,Sb2dd3b8daa4d,extracted_figure,,questions/BJ-2022-BJ-GAOKAO/assets/rubric_embedded/img-006.png,教师题面/E3与正式E1分别转写；v4保留原图和源特异差异。
Sb2dd3b8daa4d-bj2022-569b8c036e2c,Sb2dd3b8daa4d,extracted_figure,,questions/BJ-2022-BJ-GAOKAO/assets/rubric_embedded/img-012.png,教师题面/E3与正式E1分别转写；v4保留原图和源特异差异。
Sb2dd3b8daa4d-bj2022-c2d9ee7bff70,Sb2dd3b8daa4d,extracted_figure,,questions/BJ-2022-BJ-GAOKAO/assets/rubric_embedded/img-013.png,教师题面/E3与正式E1分别转写；v4保留原图和源特异差异。
Sb2dd3b8daa4d-bj2022-bb6ee608253a,Sb2dd3b8daa4d,extracted_figure,,questions/BJ-2022-BJ-GAOKAO/assets/rubric_embedded/img-007.png,教师题面/E3与正式E1分别转写；v4保留原图和源特异差异。
Sb2dd3b8daa4d-bj2022-636f2cf7cc9a,Sb2dd3b8daa4d,extracted_figure,,questions/BJ-2022-BJ-GAOKAO/assets/rubric_embedded/img-039.png,教师题面/E3与正式E1分别转写；v4保留原图和源特异差异。
Sb2dd3b8daa4d-bj2022-d13de1405abb,Sb2dd3b8daa4d,extracted_figure,,questions/BJ-2022-BJ-GAOKAO/assets/rubric_embedded/img-011.png,教师题面/E3与正式E1分别转写；v4保留原图和源特异差异。
Sb2dd3b8daa4d-bj2022-bbfdeadbe833,Sb2dd3b8daa4d,extracted_figure,,questions/BJ-2022-BJ-GAOKAO/assets/rubric_embedded/img-005.png,教师题面/E3与正式E1分别转写；v4保留原图和源特异差异。
Sb2dd3b8daa4d-bj2022-6e4c76d04342,Sb2dd3b8daa4d,extracted_figure,,questions/BJ-2022-BJ-GAOKAO/assets/rubric_embedded/img-004.png,教师题面/E3与正式E1分别转写；v4保留原图和源特异差异。
Sb2dd3b8daa4d-bj2022-f5ee3c5891fe,Sb2dd3b8daa4d,extracted_figure,,questions/BJ-2022-BJ-GAOKAO/assets/rubric_embedded/img-010.png,教师题面/E3与正式E1分别转写；v4保留原图和源特异差异。
Sb2dd3b8daa4d-bj2022-0d546f6707e4,Sb2dd3b8daa4d,extracted_figure,,questions/BJ-2022-BJ-GAOKAO/assets/rubric_embedded/img-038.png,教师题面/E3与正式E1分别转写；v4保留原图和源特异差异。
Sb2dd3b8daa4d-bj2022-bb88a0a7eaa7,Sb2dd3b8daa4d,extracted_figure,,questions/BJ-2022-BJ-GAOKAO/assets/rubric_embedded/img-014.png,教师题面/E3与正式E1分别转写；v4保留原图和源特异差异。
Sb2dd3b8daa4d-bj2022-ad026b048ec4,Sb2dd3b8daa4d,extracted_figure,,questions/BJ-2022-BJ-GAOKAO/assets/rubric_embedded/img-000.png,教师题面/E3与正式E1分别转写；v4保留原图和源特异差异。
Sb2dd3b8daa4d-bj2022-f24ca7f1b0b7,Sb2dd3b8daa4d,extracted_figure,,questions/BJ-2022-BJ-GAOKAO/assets/rubric_embedded/img-028.png,教师题面/E3与正式E1分别转写；v4保留原图和源特异差异。
Sb2dd3b8daa4d-bj2022-2a51c19c00eb,Sb2dd3b8daa4d,extracted_figure,,questions/BJ-2022-BJ-GAOKAO/assets/rubric_embedded/img-029.png,教师题面/E3与正式E1分别转写；v4保留原图和源特异差异。
Sb2dd3b8daa4d-bj2022-65b03e49b300,Sb2dd3b8daa4d,extracted_figure,,questions/BJ-2022-BJ-GAOKAO/assets/rubric_embedded/img-001.png,教师题面/E3与正式E1分别转写；v4保留原图和源特异差异。
Sb2dd3b8daa4d-bj2022-e1374ccaddc5,Sb2dd3b8daa4d,extracted_figure,,questions/BJ-2022-BJ-GAOKAO/assets/rubric_embedded/img-015.png,教师题面/E3与正式E1分别转写；v4保留原图和源特异差异。
Sb2dd3b8daa4d-bj2022-639a199ff9d8,Sb2dd3b8daa4d,extracted_figure,,questions/BJ-2022-BJ-GAOKAO/assets/rubric_embedded/img-003.png,教师题面/E3与正式E1分别转写；v4保留原图和源特异差异。
Sb2dd3b8daa4d-bj2022-a2fb3c62a318,Sb2dd3b8daa4d,extracted_figure,,questions/BJ-2022-BJ-GAOKAO/assets/rubric_embedded/img-017.png,教师题面/E3与正式E1分别转写；v4保留原图和源特异差异。
Sb2dd3b8daa4d-bj2022-67622c1f86d8,Sb2dd3b8daa4d,extracted_figure,,questions/BJ-2022-BJ-GAOKAO/assets/rubric_embedded/img-016.png,教师题面/E3与正式E1分别转写；v4保留原图和源特异差异。
Sb2dd3b8daa4d-bj2022-8fd11b54d381,Sb2dd3b8daa4d,extracted_figure,,questions/BJ-2022-BJ-GAOKAO/assets/rubric_embedded/img-002.png,教师题面/E3与正式E1分别转写；v4保留原图和源特异差异。
Sb2dd3b8daa4d-bj2022-9a7426de81c5,Sb2dd3b8daa4d,extracted_figure,,questions/BJ-2022-BJ-GAOKAO/assets/rubric_embedded/img-059.png,教师题面/E3与正式E1分别转写；v4保留原图和源特异差异。
Sb2dd3b8daa4d-bj2022-82a4455d0d12,Sb2dd3b8daa4d,extracted_figure,,questions/BJ-2022-BJ-GAOKAO/assets/rubric_embedded/img-064.png,教师题面/E3与正式E1分别转写；v4保留原图和源特异差异。
Sb2dd3b8daa4d-bj2022-3742f8def5f4,Sb2dd3b8daa4d,extracted_figure,,questions/BJ-2022-BJ-GAOKAO/assets/rubric_embedded/img-058.png,教师题面/E3与正式E1分别转写；v4保留原图和源特异差异。
Sb2dd3b8daa4d-bj2022-23eca1f8e4e8,Sb2dd3b8daa4d,extracted_figure,,questions/BJ-2022-BJ-GAOKAO/assets/rubric_embedded/img-063.png,教师题面/E3与正式E1分别转写；v4保留原图和源特异差异。
Sb2dd3b8daa4d-bj2022-9f65639adcc0,Sb2dd3b8daa4d,extracted_figure,,questions/BJ-2022-BJ-GAOKAO/assets/rubric_embedded/img-062.png,教师题面/E3与正式E1分别转写；v4保留原图和源特异差异。
Sb2dd3b8daa4d-bj2022-f80f7b356626,Sb2dd3b8daa4d,extracted_figure,,questions/BJ-2022-BJ-GAOKAO/assets/rubric_embedded/img-060.png,教师题面/E3与正式E1分别转写；v4保留原图和源特异差异。
Sb2dd3b8daa4d-bj2022-d75cc8815cac,Sb2dd3b8daa4d,extracted_figure,,questions/BJ-2022-BJ-GAOKAO/assets/rubric_embedded/img-048.png,教师题面/E3与正式E1分别转写；v4保留原图和源特异差异。
Sb2dd3b8daa4d-bj2022-abd292606594,Sb2dd3b8daa4d,extracted_figure,,questions/BJ-2022-BJ-GAOKAO/assets/rubric_embedded/img-049.png,教师题面/E3与正式E1分别转写；v4保留原图和源特异差异。
Sb2dd3b8daa4d-bj2022-1df70dfa6379,Sb2dd3b8daa4d,extracted_figure,,questions/BJ-2022-BJ-GAOKAO/assets/rubric_embedded/img-061.png,教师题面/E3与正式E1分别转写；v4保留原图和源特异差异。
Sb2dd3b8daa4d-bj2022-a7cf0e928942,Sb2dd3b8daa4d,extracted_figure,,questions/BJ-2022-BJ-GAOKAO/assets/rubric_embedded/img-044.png,教师题面/E3与正式E1分别转写；v4保留原图和源特异差异。
Sb2dd3b8daa4d-bj2022-723a0c26b2f0,Sb2dd3b8daa4d,extracted_figure,,questions/BJ-2022-BJ-GAOKAO/assets/rubric_embedded/img-050.png,教师题面/E3与正式E1分别转写；v4保留原图和源特异差异。
Sb2dd3b8daa4d-bj2022-8774d4137ced,Sb2dd3b8daa4d,extracted_figure,,questions/BJ-2022-BJ-GAOKAO/assets/rubric_embedded/img-051.png,教师题面/E3与正式E1分别转写；v4保留原图和源特异差异。
Sb2dd3b8daa4d-bj2022-96f35b86553b,Sb2dd3b8daa4d,extracted_figure,,questions/BJ-2022-BJ-GAOKAO/assets/rubric_embedded/img-045.png,教师题面/E3与正式E1分别转写；v4保留原图和源特异差异。
Sb2dd3b8daa4d-bj2022-da023233ee4d,Sb2dd3b8daa4d,extracted_figure,,questions/BJ-2022-BJ-GAOKAO/assets/rubric_embedded/img-053.png,教师题面/E3与正式E1分别转写；v4保留原图和源特异差异。
Sb2dd3b8daa4d-bj2022-8fbc2061189c,Sb2dd3b8daa4d,extracted_figure,,questions/BJ-2022-BJ-GAOKAO/assets/rubric_embedded/img-047.png,教师题面/E3与正式E1分别转写；v4保留原图和源特异差异。
Sb2dd3b8daa4d-bj2022-35c158fd99b3,Sb2dd3b8daa4d,extracted_figure,,questions/BJ-2022-BJ-GAOKAO/assets/rubric_embedded/img-046.png,教师题面/E3与正式E1分别转写；v4保留原图和源特异差异。
Sb2dd3b8daa4d-bj2022-6731bbec1a27,Sb2dd3b8daa4d,extracted_figure,,questions/BJ-2022-BJ-GAOKAO/assets/rubric_embedded/img-052.png,教师题面/E3与正式E1分别转写；v4保留原图和源特异差异。
Sb2dd3b8daa4d-bj2022-8a540f1c92aa,Sb2dd3b8daa4d,extracted_figure,,questions/BJ-2022-BJ-GAOKAO/assets/rubric_embedded/img-056.png,教师题面/E3与正式E1分别转写；v4保留原图和源特异差异。
Sb2dd3b8daa4d-bj2022-25b6ad02ed43,Sb2dd3b8daa4d,extracted_figure,,questions/BJ-2022-BJ-GAOKAO/assets/rubric_embedded/img-042.png,教师题面/E3与正式E1分别转写；v4保留原图和源特异差异。
Sb2dd3b8daa4d-bj2022-7a24ae019a26,Sb2dd3b8daa4d,extracted_figure,,questions/BJ-2022-BJ-GAOKAO/assets/rubric_embedded/img-043.png,教师题面/E3与正式E1分别转写；v4保留原图和源特异差异。
Sb2dd3b8daa4d-bj2022-d2bb4186675b,Sb2dd3b8daa4d,extracted_figure,,questions/BJ-2022-BJ-GAOKAO/assets/rubric_embedded/img-057.png,教师题面/E3与正式E1分别转写；v4保留原图和源特异差异。
Sb2dd3b8daa4d-bj2022-b3d496794906,Sb2dd3b8daa4d,extracted_figure,,questions/BJ-2022-BJ-GAOKAO/assets/rubric_embedded/img-041.png,教师题面/E3与正式E1分别转写；v4保留原图和源特异差异。
Sb2dd3b8daa4d-bj2022-0370bf2ba9b0,Sb2dd3b8daa4d,extracted_figure,,questions/BJ-2022-BJ-GAOKAO/assets/rubric_embedded/img-055.png,教师题面/E3与正式E1分别转写；v4保留原图和源特异差异。
Sb2dd3b8daa4d-bj2022-dc674e353cc7,Sb2dd3b8daa4d,extracted_figure,,questions/BJ-2022-BJ-GAOKAO/assets/rubric_embedded/img-054.png,教师题面/E3与正式E1分别转写；v4保留原图和源特异差异。
Sb2dd3b8daa4d-bj2022-a9209f6ee3cb,Sb2dd3b8daa4d,extracted_figure,,questions/BJ-2022-BJ-GAOKAO/assets/rubric_embedded/img-040.png,教师题面/E3与正式E1分别转写；v4保留原图和源特异差异。
Sb2dd3b8daa4d-bj2022-6c070dde44b9,Sb2dd3b8daa4d,extracted_figure,,questions/BJ-2022-BJ-GAOKAO/assets/rubric_embedded/img-027.png,教师题面/E3与正式E1分别转写；v4保留原图和源特异差异。
Sb2dd3b8daa4d-bj2022-be312f6ea867,Sb2dd3b8daa4d,extracted_figure,,questions/BJ-2022-BJ-GAOKAO/assets/rubric_embedded/img-033.png,教师题面/E3与正式E1分别转写；v4保留原图和源特异差异。
Sb2dd3b8daa4d-bj2022-ee0c2b7b7ded,Sb2dd3b8daa4d,extracted_figure,,questions/BJ-2022-BJ-GAOKAO/assets/rubric_embedded/img-032.png,教师题面/E3与正式E1分别转写；v4保留原图和源特异差异。
Sb2dd3b8daa4d-bj2022-354c4fd10625,Sb2dd3b8daa4d,extracted_figure,,questions/BJ-2022-BJ-GAOKAO/assets/rubric_embedded/img-026.png,教师题面/E3与正式E1分别转写；v4保留原图和源特异差异。
Sb2dd3b8daa4d-bj2022-ce7b12e88a7e,Sb2dd3b8daa4d,extracted_figure,,questions/BJ-2022-BJ-GAOKAO/assets/rubric_embedded/img-018.png,教师题面/E3与正式E1分别转写；v4保留原图和源特异差异。
Sb2dd3b8daa4d-bj2022-c73035bd420d,Sb2dd3b8daa4d,extracted_figure,,questions/BJ-2022-BJ-GAOKAO/assets/rubric_embedded/img-030.png,教师题面/E3与正式E1分别转写；v4保留原图和源特异差异。
Sb2dd3b8daa4d-bj2022-bc3dbf031840,Sb2dd3b8daa4d,extracted_figure,,questions/BJ-2022-BJ-GAOKAO/assets/rubric_embedded/img-024.png,教师题面/E3与正式E1分别转写；v4保留原图和源特异差异。
Sb2dd3b8daa4d-bj2022-1d331cff5232,Sb2dd3b8daa4d,extracted_figure,,questions/BJ-2022-BJ-GAOKAO/assets/rubric_embedded/img-025.png,教师题面/E3与正式E1分别转写；v4保留原图和源特异差异。
Sb2dd3b8daa4d-bj2022-2b319ded1406,Sb2dd3b8daa4d,extracted_figure,,questions/BJ-2022-BJ-GAOKAO/assets/rubric_embedded/img-031.png,教师题面/E3与正式E1分别转写；v4保留原图和源特异差异。
Sb2dd3b8daa4d-bj2022-72ce7a0a7a34,Sb2dd3b8daa4d,extracted_figure,,questions/BJ-2022-BJ-GAOKAO/assets/rubric_embedded/img-019.png,教师题面/E3与正式E1分别转写；v4保留原图和源特异差异。
Sb2dd3b8daa4d-bj2022-6b2292fe1afc,Sb2dd3b8daa4d,extracted_figure,,questions/BJ-2022-BJ-GAOKAO/assets/rubric_embedded/img-035.png,教师题面/E3与正式E1分别转写；v4保留原图和源特异差异。
Sb2dd3b8daa4d-bj2022-e076562a3d30,Sb2dd3b8daa4d,extracted_figure,,questions/BJ-2022-BJ-GAOKAO/assets/rubric_embedded/img-021.png,教师题面/E3与正式E1分别转写；v4保留原图和源特异差异。
Sb2dd3b8daa4d-bj2022-a3f8df53ead7,Sb2dd3b8daa4d,extracted_figure,,questions/BJ-2022-BJ-GAOKAO/assets/rubric_embedded/img-009.png,教师题面/E3与正式E1分别转写；v4保留原图和源特异差异。
Sb2dd3b8daa4d-bj2022-7099403cff36,Sb2dd3b8daa4d,extracted_figure,,questions/BJ-2022-BJ-GAOKAO/assets/rubric_embedded/img-008.png,教师题面/E3与正式E1分别转写；v4保留原图和源特异差异。
Sb2dd3b8daa4d-bj2022-53e817fd89c4,Sb2dd3b8daa4d,extracted_figure,,questions/BJ-2022-BJ-GAOKAO/assets/rubric_embedded/img-020.png,教师题面/E3与正式E1分别转写；v4保留原图和源特异差异。
Sb2dd3b8daa4d-bj2022-b3a5f8e739cc,Sb2dd3b8daa4d,extracted_figure,,questions/BJ-2022-BJ-GAOKAO/assets/rubric_embedded/img-034.png,教师题面/E3与正式E1分别转写；v4保留原图和源特异差异。
Sb2dd3b8daa4d-bj2022-e71638f6893f,Sb2dd3b8daa4d,extracted_figure,,questions/BJ-2022-BJ-GAOKAO/assets/rubric_embedded/img-022.png,教师题面/E3与正式E1分别转写；v4保留原图和源特异差异。
Sb2dd3b8daa4d-bj2022-1632f43e3212,Sb2dd3b8daa4d,extracted_figure,,questions/BJ-2022-BJ-GAOKAO/assets/rubric_embedded/img-036.png,教师题面/E3与正式E1分别转写；v4保留原图和源特异差异。
Sb2dd3b8daa4d-bj2022-10c497db8086,Sb2dd3b8daa4d,extracted_figure,,questions/BJ-2022-BJ-GAOKAO/assets/rubric_embedded/img-037.png,教师题面/E3与正式E1分别转写；v4保留原图和源特异差异。
Sb2dd3b8daa4d-bj2022-6b18511e43ae,Sb2dd3b8daa4d,extracted_figure,,questions/BJ-2022-BJ-GAOKAO/assets/rubric_embedded/img-023.png,教师题面/E3与正式E1分别转写；v4保留原图和源特异差异。
S9223488a4b5e-cy2024-v38-1f41006f7750,S9223488a4b5e,extracted_figure,,questions/BJ-2024-CY-ERMO/assets/figures/Q04_exhibit_page2.png,v38 source/asset tree; independently reviewed package bytes.
S9223488a4b5e-cy2024-v38-afb94e886f87,S9223488a4b5e,extracted_figure,,questions/BJ-2024-CY-ERMO/assets/figures/Q16_calculation_figure_page5.png,v38 source/asset tree; independently reviewed package bytes.
S9223488a4b5e-cy2024-v38-4a1aaecfadb2,S9223488a4b5e,extracted_figure,,questions/BJ-2024-CY-ERMO/assets/figures/Q18_report_table_page7.png,v38 source/asset tree; independently reviewed package bytes.
S9223488a4b5e-cy2024-v38-6af6faf299e1,S9223488a4b5e,extracted_figure,,questions/BJ-2024-CY-ERMO/assets/figures/Q20_answer_table_page8.png,v38 source/asset tree; independently reviewed package bytes.
S84218459671a-cy2024-v38-01b0b4dc32ab,S84218459671a,page_render,001,questions/BJ-2024-CY-ERMO/assets/rubric_pages/p001.png,v38 source/asset tree; independently reviewed package bytes.
S84218459671a-cy2024-v38-32d273e507e0,S84218459671a,page_render,002,questions/BJ-2024-CY-ERMO/assets/rubric_pages/p002.png,v38 source/asset tree; independently reviewed package bytes.
S84218459671a-cy2024-v38-d4a32d157439,S84218459671a,page_render,003,questions/BJ-2024-CY-ERMO/assets/rubric_pages/p003.png,v38 source/asset tree; independently reviewed package bytes.
S84218459671a-cy2024-v38-74c1dc93d72e,S84218459671a,page_render,004,questions/BJ-2024-CY-ERMO/assets/rubric_pages/p004.png,v38 source/asset tree; independently reviewed package bytes.
S84218459671a-cy2024-v38-a539feeda5e8,S84218459671a,page_render,005,questions/BJ-2024-CY-ERMO/assets/rubric_pages/p005.png,v38 source/asset tree; independently reviewed package bytes.
S9223488a4b5e-cy2024-v38-341a9b25e0d4,S9223488a4b5e,page_render,001,questions/BJ-2024-CY-ERMO/assets/source_pages/p001.png,v38 source/asset tree; independently reviewed package bytes.
S9223488a4b5e-cy2024-v38-c1a8407a0440,S9223488a4b5e,page_render,002,questions/BJ-2024-CY-ERMO/assets/source_pages/p002.png,v38 source/asset tree; independently reviewed package bytes.
S9223488a4b5e-cy2024-v38-378f28300afa,S9223488a4b5e,page_render,003,questions/BJ-2024-CY-ERMO/assets/source_pages/p003.png,v38 source/asset tree; independently reviewed package bytes.
S9223488a4b5e-cy2024-v38-3c203fbebcbc,S9223488a4b5e,page_render,004,questions/BJ-2024-CY-ERMO/assets/source_pages/p004.png,v38 source/asset tree; independently reviewed package bytes.
S9223488a4b5e-cy2024-v38-1046f63fa37b,S9223488a4b5e,page_render,005,questions/BJ-2024-CY-ERMO/assets/source_pages/p005.png,v38 source/asset tree; independently reviewed package bytes.
S9223488a4b5e-cy2024-v38-36686f766d83,S9223488a4b5e,page_render,006,questions/BJ-2024-CY-ERMO/assets/source_pages/p006.png,v38 source/asset tree; independently reviewed package bytes.
S9223488a4b5e-cy2024-v38-34bd7176713b,S9223488a4b5e,page_render,007,questions/BJ-2024-CY-ERMO/assets/source_pages/p007.png,v38 source/asset tree; independently reviewed package bytes.
S9223488a4b5e-cy2024-v38-a5cea4dcb50c,S9223488a4b5e,page_render,008,questions/BJ-2024-CY-ERMO/assets/source_pages/p008.png,v38 source/asset tree; independently reviewed package bytes.
Sf7c4cc4ac52e-cy2024-v38-1118486fe355,Sf7c4cc4ac52e,document_render,,questions/BJ-2024-CY-ERMO/assets/supplement_readable.pdf,v38 source/asset tree; independently reviewed package bytes.
Sf7c4cc4ac52e-cy2024-v38-03d1a0952c87,Sf7c4cc4ac52e,page_render,001,questions/BJ-2024-CY-ERMO/assets/supplement_readable_pages/p001.png,v38 source/asset tree; independently reviewed package bytes.
Sf7c4cc4ac52e-cy2024-v38-913ad95e2f39,Sf7c4cc4ac52e,page_render,002,questions/BJ-2024-CY-ERMO/assets/supplement_readable_pages/p002.png,v38 source/asset tree; independently reviewed package bytes.
Sf7c4cc4ac52e-cy2024-v38-cc8d2af9f52e,Sf7c4cc4ac52e,page_render,003,questions/BJ-2024-CY-ERMO/assets/supplement_readable_pages/p003.png,v38 source/asset tree; independently reviewed package bytes.
Sf7c4cc4ac52e-cy2024-v38-8cff36beae86,Sf7c4cc4ac52e,page_render,001,questions/BJ-2024-CY-ERMO/assets/supplement_visual_pages/p001.png,v38 source/asset tree; old supplement_visual_pages are historical glyph witness only.
Sf7c4cc4ac52e-cy2024-v38-564ea107012c,Sf7c4cc4ac52e,page_render,002,questions/BJ-2024-CY-ERMO/assets/supplement_visual_pages/p002.png,v38 source/asset tree; old supplement_visual_pages are historical glyph witness only.
Sbf0725189cee-bj2023-e812fc6a6584,Sbf0725189cee,extracted_figure,,questions/BJ-2023-BJ-GAOKAO/assets/embedded/img-000.png,v6同SHA源页/题图；教师版题面/E3、正式E1和辅助讲评分层登记；Seed66a4c3a30仅辅助，不升原卷/E1。
Sbf0725189cee-bj2023-b194884b88fe,Sbf0725189cee,extracted_figure,,questions/BJ-2023-BJ-GAOKAO/assets/embedded/img-001.png,v6同SHA源页/题图；教师版题面/E3、正式E1和辅助讲评分层登记；Seed66a4c3a30仅辅助，不升原卷/E1。
Sbf0725189cee-bj2023-eef684d87fb6,Sbf0725189cee,extracted_figure,,questions/BJ-2023-BJ-GAOKAO/assets/embedded/img-002.png,v6同SHA源页/题图；教师版题面/E3、正式E1和辅助讲评分层登记；Seed66a4c3a30仅辅助，不升原卷/E1。
Sbf0725189cee-bj2023-34359969c43f,Sbf0725189cee,extracted_figure,,questions/BJ-2023-BJ-GAOKAO/assets/embedded/img-003.png,v6同SHA源页/题图；教师版题面/E3、正式E1和辅助讲评分层登记；Seed66a4c3a30仅辅助，不升原卷/E1。
Sbf0725189cee-bj2023-6108e313b2ab,Sbf0725189cee,extracted_figure,,questions/BJ-2023-BJ-GAOKAO/assets/embedded/img-004.png,v6同SHA源页/题图；教师版题面/E3、正式E1和辅助讲评分层登记；Seed66a4c3a30仅辅助，不升原卷/E1。
Sbf0725189cee-bj2023-6d411d4d1de6,Sbf0725189cee,extracted_figure,,questions/BJ-2023-BJ-GAOKAO/assets/embedded/img-005.png,v6同SHA源页/题图；教师版题面/E3、正式E1和辅助讲评分层登记；Seed66a4c3a30仅辅助，不升原卷/E1。
Sbf0725189cee-bj2023-d7d2e4bb912e,Sbf0725189cee,extracted_figure,,questions/BJ-2023-BJ-GAOKAO/assets/embedded/img-006.png,v6同SHA源页/题图；教师版题面/E3、正式E1和辅助讲评分层登记；Seed66a4c3a30仅辅助，不升原卷/E1。
Sbf0725189cee-bj2023-f4bd91ad647d,Sbf0725189cee,extracted_figure,,questions/BJ-2023-BJ-GAOKAO/assets/embedded/img-007.png,v6同SHA源页/题图；教师版题面/E3、正式E1和辅助讲评分层登记；Seed66a4c3a30仅辅助，不升原卷/E1。
Sbf0725189cee-bj2023-343c3f60f44b,Sbf0725189cee,extracted_figure,,questions/BJ-2023-BJ-GAOKAO/assets/embedded/img-008.png,v6同SHA源页/题图；教师版题面/E3、正式E1和辅助讲评分层登记；Seed66a4c3a30仅辅助，不升原卷/E1。
Sbf0725189cee-bj2023-ef980fbe30ea,Sbf0725189cee,extracted_figure,,questions/BJ-2023-BJ-GAOKAO/assets/embedded/img-009.png,v6同SHA源页/题图；教师版题面/E3、正式E1和辅助讲评分层登记；Seed66a4c3a30仅辅助，不升原卷/E1。
Sbf0725189cee-bj2023-e0271844d73b,Sbf0725189cee,extracted_figure,,questions/BJ-2023-BJ-GAOKAO/assets/embedded/img-010.png,v6同SHA源页/题图；教师版题面/E3、正式E1和辅助讲评分层登记；Seed66a4c3a30仅辅助，不升原卷/E1。
Sbf0725189cee-bj2023-aa47da225fb5,Sbf0725189cee,extracted_figure,,questions/BJ-2023-BJ-GAOKAO/assets/embedded/img-011.png,v6同SHA源页/题图；教师版题面/E3、正式E1和辅助讲评分层登记；Seed66a4c3a30仅辅助，不升原卷/E1。
Sbf0725189cee-bj2023-3eba7ad144c3,Sbf0725189cee,extracted_figure,,questions/BJ-2023-BJ-GAOKAO/assets/embedded/img-012.png,v6同SHA源页/题图；教师版题面/E3、正式E1和辅助讲评分层登记；Seed66a4c3a30仅辅助，不升原卷/E1。
Sbf0725189cee-bj2023-3cc51f40e59f,Sbf0725189cee,extracted_figure,,questions/BJ-2023-BJ-GAOKAO/assets/embedded/img-013.png,v6同SHA源页/题图；教师版题面/E3、正式E1和辅助讲评分层登记；Seed66a4c3a30仅辅助，不升原卷/E1。
Sbf0725189cee-bj2023-fc9b093ecb10,Sbf0725189cee,extracted_figure,,questions/BJ-2023-BJ-GAOKAO/assets/embedded/img-014.png,v6同SHA源页/题图；教师版题面/E3、正式E1和辅助讲评分层登记；Seed66a4c3a30仅辅助，不升原卷/E1。
Sbf0725189cee-bj2023-8ffbcff12373,Sbf0725189cee,extracted_figure,,questions/BJ-2023-BJ-GAOKAO/assets/embedded/img-015.png,v6同SHA源页/题图；教师版题面/E3、正式E1和辅助讲评分层登记；Seed66a4c3a30仅辅助，不升原卷/E1。
Sbf0725189cee-bj2023-c3ec645254bb,Sbf0725189cee,extracted_figure,,questions/BJ-2023-BJ-GAOKAO/assets/embedded/img-016.png,v6同SHA源页/题图；教师版题面/E3、正式E1和辅助讲评分层登记；Seed66a4c3a30仅辅助，不升原卷/E1。
Sbf0725189cee-bj2023-fda3ba1b4384,Sbf0725189cee,extracted_figure,,questions/BJ-2023-BJ-GAOKAO/assets/embedded/img-017.png,v6同SHA源页/题图；教师版题面/E3、正式E1和辅助讲评分层登记；Seed66a4c3a30仅辅助，不升原卷/E1。
Sbf0725189cee-bj2023-da64706c6d04,Sbf0725189cee,extracted_figure,,questions/BJ-2023-BJ-GAOKAO/assets/rubric_embedded/img-000.png,v6同SHA源页/题图；教师版题面/E3、正式E1和辅助讲评分层登记；Seed66a4c3a30仅辅助，不升原卷/E1。
Sbf0725189cee-bj2023-06a51b2eab4a,Sbf0725189cee,extracted_figure,,questions/BJ-2023-BJ-GAOKAO/assets/rubric_embedded/img-001.png,v6同SHA源页/题图；教师版题面/E3、正式E1和辅助讲评分层登记；Seed66a4c3a30仅辅助，不升原卷/E1。
Sbf0725189cee-bj2023-de108bf437a1,Sbf0725189cee,extracted_figure,,questions/BJ-2023-BJ-GAOKAO/assets/rubric_embedded/img-002.png,v6同SHA源页/题图；教师版题面/E3、正式E1和辅助讲评分层登记；Seed66a4c3a30仅辅助，不升原卷/E1。
Sbf0725189cee-bj2023-8c43898d581c,Sbf0725189cee,extracted_figure,,questions/BJ-2023-BJ-GAOKAO/assets/rubric_embedded/img-003.png,v6同SHA源页/题图；教师版题面/E3、正式E1和辅助讲评分层登记；Seed66a4c3a30仅辅助，不升原卷/E1。
Sbf0725189cee-bj2023-ba158c99d0ae,Sbf0725189cee,extracted_figure,,questions/BJ-2023-BJ-GAOKAO/assets/rubric_embedded/img-004.png,v6同SHA源页/题图；教师版题面/E3、正式E1和辅助讲评分层登记；Seed66a4c3a30仅辅助，不升原卷/E1。
Sbf0725189cee-bj2023-8fc7c3895052,Sbf0725189cee,extracted_figure,,questions/BJ-2023-BJ-GAOKAO/assets/rubric_embedded/img-005.png,v6同SHA源页/题图；教师版题面/E3、正式E1和辅助讲评分层登记；Seed66a4c3a30仅辅助，不升原卷/E1。
Sbf0725189cee-bj2023-58a618a6c8ca,Sbf0725189cee,extracted_figure,,questions/BJ-2023-BJ-GAOKAO/assets/rubric_embedded/img-006.png,v6同SHA源页/题图；教师版题面/E3、正式E1和辅助讲评分层登记；Seed66a4c3a30仅辅助，不升原卷/E1。
Sbf0725189cee-bj2023-4da24caf8320,Sbf0725189cee,extracted_figure,,questions/BJ-2023-BJ-GAOKAO/assets/rubric_embedded/img-007.png,v6同SHA源页/题图；教师版题面/E3、正式E1和辅助讲评分层登记；Seed66a4c3a30仅辅助，不升原卷/E1。
Sbf0725189cee-bj2023-aeaaecf64296,Sbf0725189cee,extracted_figure,,questions/BJ-2023-BJ-GAOKAO/assets/rubric_embedded/img-008.png,v6同SHA源页/题图；教师版题面/E3、正式E1和辅助讲评分层登记；Seed66a4c3a30仅辅助，不升原卷/E1。
Sbf0725189cee-bj2023-9e069e8676c8,Sbf0725189cee,extracted_figure,,questions/BJ-2023-BJ-GAOKAO/assets/rubric_embedded/img-009.png,v6同SHA源页/题图；教师版题面/E3、正式E1和辅助讲评分层登记；Seed66a4c3a30仅辅助，不升原卷/E1。
Sbf0725189cee-bj2023-0ab113a8a1a0,Sbf0725189cee,extracted_figure,,questions/BJ-2023-BJ-GAOKAO/assets/rubric_embedded/img-010.png,v6同SHA源页/题图；教师版题面/E3、正式E1和辅助讲评分层登记；Seed66a4c3a30仅辅助，不升原卷/E1。
Sbf0725189cee-bj2023-10124a786122,Sbf0725189cee,extracted_figure,,questions/BJ-2023-BJ-GAOKAO/assets/rubric_embedded/img-011.png,v6同SHA源页/题图；教师版题面/E3、正式E1和辅助讲评分层登记；Seed66a4c3a30仅辅助，不升原卷/E1。
Sbf0725189cee-bj2023-26573333802e,Sbf0725189cee,extracted_figure,,questions/BJ-2023-BJ-GAOKAO/assets/rubric_embedded/img-012.png,v6同SHA源页/题图；教师版题面/E3、正式E1和辅助讲评分层登记；Seed66a4c3a30仅辅助，不升原卷/E1。
Sbf0725189cee-bj2023-6281f29eb256,Sbf0725189cee,extracted_figure,,questions/BJ-2023-BJ-GAOKAO/assets/rubric_embedded/img-013.png,v6同SHA源页/题图；教师版题面/E3、正式E1和辅助讲评分层登记；Seed66a4c3a30仅辅助，不升原卷/E1。
Sbf0725189cee-bj2023-704dbdd6ff2a,Sbf0725189cee,extracted_figure,,questions/BJ-2023-BJ-GAOKAO/assets/rubric_embedded/img-014.png,v6同SHA源页/题图；教师版题面/E3、正式E1和辅助讲评分层登记；Seed66a4c3a30仅辅助，不升原卷/E1。
Sbf0725189cee-bj2023-30101183aba8,Sbf0725189cee,extracted_figure,,questions/BJ-2023-BJ-GAOKAO/assets/rubric_embedded/img-015.png,v6同SHA源页/题图；教师版题面/E3、正式E1和辅助讲评分层登记；Seed66a4c3a30仅辅助，不升原卷/E1。
Sbf0725189cee-bj2023-21d6fa71ec7b,Sbf0725189cee,extracted_figure,,questions/BJ-2023-BJ-GAOKAO/assets/rubric_embedded/img-016.png,v6同SHA源页/题图；教师版题面/E3、正式E1和辅助讲评分层登记；Seed66a4c3a30仅辅助，不升原卷/E1。
Sbf0725189cee-bj2023-4146b9794c1d,Sbf0725189cee,extracted_figure,,questions/BJ-2023-BJ-GAOKAO/assets/rubric_embedded/img-017.png,v6同SHA源页/题图；教师版题面/E3、正式E1和辅助讲评分层登记；Seed66a4c3a30仅辅助，不升原卷/E1。
Sbf0725189cee-bj2023-9ad4579fbf33,Sbf0725189cee,extracted_figure,,questions/BJ-2023-BJ-GAOKAO/assets/rubric_embedded/img-018.png,v6同SHA源页/题图；教师版题面/E3、正式E1和辅助讲评分层登记；Seed66a4c3a30仅辅助，不升原卷/E1。
Sbf0725189cee-bj2023-a683af6fe0b7,Sbf0725189cee,extracted_figure,,questions/BJ-2023-BJ-GAOKAO/assets/rubric_embedded/img-019.png,v6同SHA源页/题图；教师版题面/E3、正式E1和辅助讲评分层登记；Seed66a4c3a30仅辅助，不升原卷/E1。
Sbf0725189cee-bj2023-426da0e07f37,Sbf0725189cee,extracted_figure,,questions/BJ-2023-BJ-GAOKAO/assets/rubric_embedded/img-020.png,v6同SHA源页/题图；教师版题面/E3、正式E1和辅助讲评分层登记；Seed66a4c3a30仅辅助，不升原卷/E1。
Sbf0725189cee-bj2023-d7201773dc58,Sbf0725189cee,extracted_figure,,questions/BJ-2023-BJ-GAOKAO/assets/rubric_embedded/img-021.png,v6同SHA源页/题图；教师版题面/E3、正式E1和辅助讲评分层登记；Seed66a4c3a30仅辅助，不升原卷/E1。
Sbf0725189cee-bj2023-2f28976e05c2,Sbf0725189cee,extracted_figure,,questions/BJ-2023-BJ-GAOKAO/assets/rubric_embedded/img-022.png,v6同SHA源页/题图；教师版题面/E3、正式E1和辅助讲评分层登记；Seed66a4c3a30仅辅助，不升原卷/E1。
Sbf0725189cee-bj2023-169f178781ac,Sbf0725189cee,extracted_figure,,questions/BJ-2023-BJ-GAOKAO/assets/rubric_embedded/img-023.png,v6同SHA源页/题图；教师版题面/E3、正式E1和辅助讲评分层登记；Seed66a4c3a30仅辅助，不升原卷/E1。
Sbf0725189cee-bj2023-8d8a2c522563,Sbf0725189cee,extracted_figure,,questions/BJ-2023-BJ-GAOKAO/assets/rubric_embedded/img-024.png,v6同SHA源页/题图；教师版题面/E3、正式E1和辅助讲评分层登记；Seed66a4c3a30仅辅助，不升原卷/E1。
Sbf0725189cee-bj2023-4abd1ede3873,Sbf0725189cee,extracted_figure,,questions/BJ-2023-BJ-GAOKAO/assets/rubric_embedded/img-025.png,v6同SHA源页/题图；教师版题面/E3、正式E1和辅助讲评分层登记；Seed66a4c3a30仅辅助，不升原卷/E1。
Sbf0725189cee-bj2023-c46a020b7977,Sbf0725189cee,extracted_figure,,questions/BJ-2023-BJ-GAOKAO/assets/rubric_embedded/img-026.png,v6同SHA源页/题图；教师版题面/E3、正式E1和辅助讲评分层登记；Seed66a4c3a30仅辅助，不升原卷/E1。
Sbf0725189cee-bj2023-94c96dfb3642,Sbf0725189cee,extracted_figure,,questions/BJ-2023-BJ-GAOKAO/assets/rubric_embedded/img-027.png,v6同SHA源页/题图；教师版题面/E3、正式E1和辅助讲评分层登记；Seed66a4c3a30仅辅助，不升原卷/E1。
Sbf0725189cee-bj2023-42f342a73b02,Sbf0725189cee,extracted_figure,,questions/BJ-2023-BJ-GAOKAO/assets/rubric_embedded/img-028.png,v6同SHA源页/题图；教师版题面/E3、正式E1和辅助讲评分层登记；Seed66a4c3a30仅辅助，不升原卷/E1。
Sbf0725189cee-bj2023-899fa75450fb,Sbf0725189cee,extracted_figure,,questions/BJ-2023-BJ-GAOKAO/assets/rubric_embedded/img-029.png,v6同SHA源页/题图；教师版题面/E3、正式E1和辅助讲评分层登记；Seed66a4c3a30仅辅助，不升原卷/E1。
Sbf0725189cee-bj2023-b33ab6c8e3a1,Sbf0725189cee,extracted_figure,,questions/BJ-2023-BJ-GAOKAO/assets/rubric_embedded/img-030.png,v6同SHA源页/题图；教师版题面/E3、正式E1和辅助讲评分层登记；Seed66a4c3a30仅辅助，不升原卷/E1。
Sbf0725189cee-bj2023-71632456879b,Sbf0725189cee,extracted_figure,,questions/BJ-2023-BJ-GAOKAO/assets/rubric_embedded/img-031.png,v6同SHA源页/题图；教师版题面/E3、正式E1和辅助讲评分层登记；Seed66a4c3a30仅辅助，不升原卷/E1。
Sbf0725189cee-bj2023-96879de380dc,Sbf0725189cee,extracted_figure,,questions/BJ-2023-BJ-GAOKAO/assets/rubric_embedded/img-032.png,v6同SHA源页/题图；教师版题面/E3、正式E1和辅助讲评分层登记；Seed66a4c3a30仅辅助，不升原卷/E1。
Sbf0725189cee-bj2023-9513037e7063,Sbf0725189cee,extracted_figure,,questions/BJ-2023-BJ-GAOKAO/assets/rubric_embedded/img-033.png,v6同SHA源页/题图；教师版题面/E3、正式E1和辅助讲评分层登记；Seed66a4c3a30仅辅助，不升原卷/E1。
Sbf0725189cee-bj2023-d9115ec1b24f,Sbf0725189cee,extracted_figure,,questions/BJ-2023-BJ-GAOKAO/assets/rubric_embedded/img-034.png,v6同SHA源页/题图；教师版题面/E3、正式E1和辅助讲评分层登记；Seed66a4c3a30仅辅助，不升原卷/E1。
Sbf0725189cee-bj2023-f97b66d254a4,Sbf0725189cee,extracted_figure,,questions/BJ-2023-BJ-GAOKAO/assets/rubric_embedded/img-035.png,v6同SHA源页/题图；教师版题面/E3、正式E1和辅助讲评分层登记；Seed66a4c3a30仅辅助，不升原卷/E1。
Sbf0725189cee-bj2023-335b5356e9e0,Sbf0725189cee,extracted_figure,,questions/BJ-2023-BJ-GAOKAO/assets/rubric_embedded/img-036.png,v6同SHA源页/题图；教师版题面/E3、正式E1和辅助讲评分层登记；Seed66a4c3a30仅辅助，不升原卷/E1。
Sbf0725189cee-bj2023-6690896500df,Sbf0725189cee,extracted_figure,,questions/BJ-2023-BJ-GAOKAO/assets/rubric_embedded/img-037.png,v6同SHA源页/题图；教师版题面/E3、正式E1和辅助讲评分层登记；Seed66a4c3a30仅辅助，不升原卷/E1。
Sbf0725189cee-bj2023-b435012bd01b,Sbf0725189cee,extracted_figure,,questions/BJ-2023-BJ-GAOKAO/assets/rubric_embedded/img-038.png,v6同SHA源页/题图；教师版题面/E3、正式E1和辅助讲评分层登记；Seed66a4c3a30仅辅助，不升原卷/E1。
Sbf0725189cee-bj2023-e791cd161ee6,Sbf0725189cee,extracted_figure,,questions/BJ-2023-BJ-GAOKAO/assets/rubric_embedded/img-039.png,v6同SHA源页/题图；教师版题面/E3、正式E1和辅助讲评分层登记；Seed66a4c3a30仅辅助，不升原卷/E1。
Sbf0725189cee-bj2023-9e2610bb75ab,Sbf0725189cee,extracted_figure,,questions/BJ-2023-BJ-GAOKAO/assets/rubric_embedded/img-040.png,v6同SHA源页/题图；教师版题面/E3、正式E1和辅助讲评分层登记；Seed66a4c3a30仅辅助，不升原卷/E1。
Sbf0725189cee-bj2023-1ddd50053f05,Sbf0725189cee,extracted_figure,,questions/BJ-2023-BJ-GAOKAO/assets/rubric_embedded/img-041.png,v6同SHA源页/题图；教师版题面/E3、正式E1和辅助讲评分层登记；Seed66a4c3a30仅辅助，不升原卷/E1。
Sbf0725189cee-bj2023-11757c3a7962,Sbf0725189cee,extracted_figure,,questions/BJ-2023-BJ-GAOKAO/assets/rubric_embedded/img-042.png,v6同SHA源页/题图；教师版题面/E3、正式E1和辅助讲评分层登记；Seed66a4c3a30仅辅助，不升原卷/E1。
Sbf0725189cee-bj2023-277ae8ecfab5,Sbf0725189cee,extracted_figure,,questions/BJ-2023-BJ-GAOKAO/assets/rubric_embedded/img-043.png,v6同SHA源页/题图；教师版题面/E3、正式E1和辅助讲评分层登记；Seed66a4c3a30仅辅助，不升原卷/E1。
Sbf0725189cee-bj2023-2a04fde70e2c,Sbf0725189cee,extracted_figure,,questions/BJ-2023-BJ-GAOKAO/assets/rubric_embedded/img-044.png,v6同SHA源页/题图；教师版题面/E3、正式E1和辅助讲评分层登记；Seed66a4c3a30仅辅助，不升原卷/E1。
Sbf0725189cee-bj2023-b38692a0700f,Sbf0725189cee,extracted_figure,,questions/BJ-2023-BJ-GAOKAO/assets/rubric_embedded/img-045.png,v6同SHA源页/题图；教师版题面/E3、正式E1和辅助讲评分层登记；Seed66a4c3a30仅辅助，不升原卷/E1。
Sbf0725189cee-bj2023-8b0c15ebf114,Sbf0725189cee,extracted_figure,,questions/BJ-2023-BJ-GAOKAO/assets/rubric_embedded/img-046.png,v6同SHA源页/题图；教师版题面/E3、正式E1和辅助讲评分层登记；Seed66a4c3a30仅辅助，不升原卷/E1。
Seed66a4c3a30-bj2023-df04248401de,Seed66a4c3a30,page_render,001,questions/BJ-2023-BJ-GAOKAO/assets/source_pages/auxiliary_lecture/p001.png,v6同SHA源页/题图；教师版题面/E3、正式E1和辅助讲评分层登记；Seed66a4c3a30仅辅助，不升原卷/E1。
Seed66a4c3a30-bj2023-053059c1c406,Seed66a4c3a30,page_render,002,questions/BJ-2023-BJ-GAOKAO/assets/source_pages/auxiliary_lecture/p002.png,v6同SHA源页/题图；教师版题面/E3、正式E1和辅助讲评分层登记；Seed66a4c3a30仅辅助，不升原卷/E1。
Seed66a4c3a30-bj2023-398319276af7,Seed66a4c3a30,page_render,003,questions/BJ-2023-BJ-GAOKAO/assets/source_pages/auxiliary_lecture/p003.png,v6同SHA源页/题图；教师版题面/E3、正式E1和辅助讲评分层登记；Seed66a4c3a30仅辅助，不升原卷/E1。
Seed66a4c3a30-bj2023-093f36bbda98,Seed66a4c3a30,page_render,004,questions/BJ-2023-BJ-GAOKAO/assets/source_pages/auxiliary_lecture/p004.png,v6同SHA源页/题图；教师版题面/E3、正式E1和辅助讲评分层登记；Seed66a4c3a30仅辅助，不升原卷/E1。
Seed66a4c3a30-bj2023-188eca7b8eac,Seed66a4c3a30,page_render,005,questions/BJ-2023-BJ-GAOKAO/assets/source_pages/auxiliary_lecture/p005.png,v6同SHA源页/题图；教师版题面/E3、正式E1和辅助讲评分层登记；Seed66a4c3a30仅辅助，不升原卷/E1。
Seed66a4c3a30-bj2023-7b18591c4323,Seed66a4c3a30,page_render,006,questions/BJ-2023-BJ-GAOKAO/assets/source_pages/auxiliary_lecture/p006.png,v6同SHA源页/题图；教师版题面/E3、正式E1和辅助讲评分层登记；Seed66a4c3a30仅辅助，不升原卷/E1。
Seed66a4c3a30-bj2023-2394ff36b636,Seed66a4c3a30,page_render,007,questions/BJ-2023-BJ-GAOKAO/assets/source_pages/auxiliary_lecture/p007.png,v6同SHA源页/题图；教师版题面/E3、正式E1和辅助讲评分层登记；Seed66a4c3a30仅辅助，不升原卷/E1。
Seed66a4c3a30-bj2023-070a8ad643e9,Seed66a4c3a30,page_render,008,questions/BJ-2023-BJ-GAOKAO/assets/source_pages/auxiliary_lecture/p008.png,v6同SHA源页/题图；教师版题面/E3、正式E1和辅助讲评分层登记；Seed66a4c3a30仅辅助，不升原卷/E1。
Seed66a4c3a30-bj2023-544b480c536c,Seed66a4c3a30,page_render,009,questions/BJ-2023-BJ-GAOKAO/assets/source_pages/auxiliary_lecture/p009.png,v6同SHA源页/题图；教师版题面/E3、正式E1和辅助讲评分层登记；Seed66a4c3a30仅辅助，不升原卷/E1。
Seed66a4c3a30-bj2023-7a4e8567daae,Seed66a4c3a30,page_render,010,questions/BJ-2023-BJ-GAOKAO/assets/source_pages/auxiliary_lecture/p010.png,v6同SHA源页/题图；教师版题面/E3、正式E1和辅助讲评分层登记；Seed66a4c3a30仅辅助，不升原卷/E1。
Seed66a4c3a30-bj2023-a92ce5b08a87,Seed66a4c3a30,page_render,011,questions/BJ-2023-BJ-GAOKAO/assets/source_pages/auxiliary_lecture/p011.png,v6同SHA源页/题图；教师版题面/E3、正式E1和辅助讲评分层登记；Seed66a4c3a30仅辅助，不升原卷/E1。
Seed66a4c3a30-bj2023-02538be6eb01,Seed66a4c3a30,page_render,012,questions/BJ-2023-BJ-GAOKAO/assets/source_pages/auxiliary_lecture/p012.png,v6同SHA源页/题图；教师版题面/E3、正式E1和辅助讲评分层登记；Seed66a4c3a30仅辅助，不升原卷/E1。
Seed66a4c3a30-bj2023-6f544f485471,Seed66a4c3a30,page_render,013,questions/BJ-2023-BJ-GAOKAO/assets/source_pages/auxiliary_lecture/p013.png,v6同SHA源页/题图；教师版题面/E3、正式E1和辅助讲评分层登记；Seed66a4c3a30仅辅助，不升原卷/E1。
Seed66a4c3a30-bj2023-6a0a4ea3e149,Seed66a4c3a30,page_render,014,questions/BJ-2023-BJ-GAOKAO/assets/source_pages/auxiliary_lecture/p014.png,v6同SHA源页/题图；教师版题面/E3、正式E1和辅助讲评分层登记；Seed66a4c3a30仅辅助，不升原卷/E1。
Seed66a4c3a30-bj2023-dfcc3edcbe0e,Seed66a4c3a30,page_render,015,questions/BJ-2023-BJ-GAOKAO/assets/source_pages/auxiliary_lecture/p015.png,v6同SHA源页/题图；教师版题面/E3、正式E1和辅助讲评分层登记；Seed66a4c3a30仅辅助，不升原卷/E1。
Seed66a4c3a30-bj2023-97269fe8a69f,Seed66a4c3a30,page_render,016,questions/BJ-2023-BJ-GAOKAO/assets/source_pages/auxiliary_lecture/p016.png,v6同SHA源页/题图；教师版题面/E3、正式E1和辅助讲评分层登记；Seed66a4c3a30仅辅助，不升原卷/E1。
Seed66a4c3a30-bj2023-91108918c7d4,Seed66a4c3a30,page_render,017,questions/BJ-2023-BJ-GAOKAO/assets/source_pages/auxiliary_lecture/p017.png,v6同SHA源页/题图；教师版题面/E3、正式E1和辅助讲评分层登记；Seed66a4c3a30仅辅助，不升原卷/E1。
Seed66a4c3a30-bj2023-c0a7e9df4aac,Seed66a4c3a30,page_render,018,questions/BJ-2023-BJ-GAOKAO/assets/source_pages/auxiliary_lecture/p018.png,v6同SHA源页/题图；教师版题面/E3、正式E1和辅助讲评分层登记；Seed66a4c3a30仅辅助，不升原卷/E1。
Seed66a4c3a30-bj2023-f12dca191ab6,Seed66a4c3a30,page_render,019,questions/BJ-2023-BJ-GAOKAO/assets/source_pages/auxiliary_lecture/p019.png,v6同SHA源页/题图；教师版题面/E3、正式E1和辅助讲评分层登记；Seed66a4c3a30仅辅助，不升原卷/E1。
Seed66a4c3a30-bj2023-11d34e26029b,Seed66a4c3a30,page_render,020,questions/BJ-2023-BJ-GAOKAO/assets/source_pages/auxiliary_lecture/p020.png,v6同SHA源页/题图；教师版题面/E3、正式E1和辅助讲评分层登记；Seed66a4c3a30仅辅助，不升原卷/E1。
S957fa8d76c21-bj2023-d2e37931de2e,S957fa8d76c21,page_render,001,questions/BJ-2023-BJ-GAOKAO/assets/source_pages/rubric/p001.png,v6同SHA源页/题图；教师版题面/E3、正式E1和辅助讲评分层登记；Seed66a4c3a30仅辅助，不升原卷/E1。
S957fa8d76c21-bj2023-d69769cd2db2,S957fa8d76c21,page_render,002,questions/BJ-2023-BJ-GAOKAO/assets/source_pages/rubric/p002.png,v6同SHA源页/题图；教师版题面/E3、正式E1和辅助讲评分层登记；Seed66a4c3a30仅辅助，不升原卷/E1。
S957fa8d76c21-bj2023-f9840c965684,S957fa8d76c21,page_render,003,questions/BJ-2023-BJ-GAOKAO/assets/source_pages/rubric/p003.png,v6同SHA源页/题图；教师版题面/E3、正式E1和辅助讲评分层登记；Seed66a4c3a30仅辅助，不升原卷/E1。
S957fa8d76c21-bj2023-060c099dbc05,S957fa8d76c21,page_render,004,questions/BJ-2023-BJ-GAOKAO/assets/source_pages/rubric/p004.png,v6同SHA源页/题图；教师版题面/E3、正式E1和辅助讲评分层登记；Seed66a4c3a30仅辅助，不升原卷/E1。
S957fa8d76c21-bj2023-7394bc221935,S957fa8d76c21,page_render,005,questions/BJ-2023-BJ-GAOKAO/assets/source_pages/rubric/p005.png,v6同SHA源页/题图；教师版题面/E3、正式E1和辅助讲评分层登记；Seed66a4c3a30仅辅助，不升原卷/E1。
Sbf0725189cee-bj2023-d2dce5603f4d,Sbf0725189cee,page_render,001,questions/BJ-2023-BJ-GAOKAO/assets/source_pages/teacher/p001.png,v6同SHA源页/题图；教师版题面/E3、正式E1和辅助讲评分层登记；Seed66a4c3a30仅辅助，不升原卷/E1。
Sbf0725189cee-bj2023-83ee51dbf7cc,Sbf0725189cee,page_render,002,questions/BJ-2023-BJ-GAOKAO/assets/source_pages/teacher/p002.png,v6同SHA源页/题图；教师版题面/E3、正式E1和辅助讲评分层登记；Seed66a4c3a30仅辅助，不升原卷/E1。
Sbf0725189cee-bj2023-5c06349be1f1,Sbf0725189cee,page_render,003,questions/BJ-2023-BJ-GAOKAO/assets/source_pages/teacher/p003.png,v6同SHA源页/题图；教师版题面/E3、正式E1和辅助讲评分层登记；Seed66a4c3a30仅辅助，不升原卷/E1。
Sbf0725189cee-bj2023-ee9103fcc064,Sbf0725189cee,page_render,004,questions/BJ-2023-BJ-GAOKAO/assets/source_pages/teacher/p004.png,v6同SHA源页/题图；教师版题面/E3、正式E1和辅助讲评分层登记；Seed66a4c3a30仅辅助，不升原卷/E1。
Sbf0725189cee-bj2023-9faeca99db9d,Sbf0725189cee,page_render,005,questions/BJ-2023-BJ-GAOKAO/assets/source_pages/teacher/p005.png,v6同SHA源页/题图；教师版题面/E3、正式E1和辅助讲评分层登记；Seed66a4c3a30仅辅助，不升原卷/E1。
Sbf0725189cee-bj2023-f1c4b1e59b7f,Sbf0725189cee,page_render,006,questions/BJ-2023-BJ-GAOKAO/assets/source_pages/teacher/p006.png,v6同SHA源页/题图；教师版题面/E3、正式E1和辅助讲评分层登记；Seed66a4c3a30仅辅助，不升原卷/E1。
Sbf0725189cee-bj2023-83c105a6e5b3,Sbf0725189cee,page_render,007,questions/BJ-2023-BJ-GAOKAO/assets/source_pages/teacher/p007.png,v6同SHA源页/题图；教师版题面/E3、正式E1和辅助讲评分层登记；Seed66a4c3a30仅辅助，不升原卷/E1。
Sbf0725189cee-bj2023-4a771461c940,Sbf0725189cee,page_render,008,questions/BJ-2023-BJ-GAOKAO/assets/source_pages/teacher/p008.png,v6同SHA源页/题图；教师版题面/E3、正式E1和辅助讲评分层登记；Seed66a4c3a30仅辅助，不升原卷/E1。
Sbf0725189cee-bj2023-f4c5450f76df,Sbf0725189cee,page_render,009,questions/BJ-2023-BJ-GAOKAO/assets/source_pages/teacher/p009.png,v6同SHA源页/题图；教师版题面/E3、正式E1和辅助讲评分层登记；Seed66a4c3a30仅辅助，不升原卷/E1。
Sc8fc293be186-dc2023-v4-5680451fd04f,Sc8fc293be186,extracted_figure,,questions/BJ-2023-DC-ERMO/assets/figures/Q02_traditional_culture_cards.png,source_completion_v4 package asset; copied by canonical merge; pending post-merge checks.
Sc8fc293be186-dc2023-v4-f5b313f0c41f,Sc8fc293be186,extracted_figure,,questions/BJ-2023-DC-ERMO/assets/figures/Q03_party_diplomacy_table.png,source_completion_v4 package asset; copied by canonical merge; pending post-merge checks.
Sc8fc293be186-dc2023-v4-d79fdc2d9c2c,Sc8fc293be186,extracted_figure,,questions/BJ-2023-DC-ERMO/assets/figures/Q05_mascot.png,source_completion_v4 package asset; copied by canonical merge; pending post-merge checks.
Sc8fc293be186-dc2023-v4-9a25afb59329,Sc8fc293be186,extracted_figure,,questions/BJ-2023-DC-ERMO/assets/figures/Q07_beidou_coverage.png,source_completion_v4 package asset; copied by canonical merge; pending post-merge checks.
Sc8fc293be186-dc2023-v4-865680f8cdfe,Sc8fc293be186,extracted_figure,,questions/BJ-2023-DC-ERMO/assets/figures/Q08_community_flow.png,source_completion_v4 package asset; copied by canonical merge; pending post-merge checks.
Sc8fc293be186-dc2023-v4-fec3c9bccc73,Sc8fc293be186,extracted_figure,,questions/BJ-2023-DC-ERMO/assets/figures/Q11_smart_monitor_dialogue.png,source_completion_v4 package asset; copied by canonical merge; pending post-merge checks.
Sc8fc293be186-dc2023-v4-c9dd138ff560,Sc8fc293be186,extracted_figure,,questions/BJ-2023-DC-ERMO/assets/figures/Q13_children_rights_box.png,source_completion_v4 package asset; copied by canonical merge; pending post-merge checks.
Sc8fc293be186-dc2023-v4-8306b6e517c7,Sc8fc293be186,extracted_figure,,questions/BJ-2023-DC-ERMO/assets/figures/Q15_hydrogen_inquiry.png,source_completion_v4 package asset; copied by canonical merge; pending post-merge checks.
Sc8fc293be186-dc2023-v4-2461b06eda51,Sc8fc293be186,extracted_figure,,questions/BJ-2023-DC-ERMO/assets/figures/Q16_dongcheng_three_scrolls.png,source_completion_v4 package asset; copied by canonical merge; pending post-merge checks.
Sc8fc293be186-dc2023-v4-c46ac17e3084,Sc8fc293be186,extracted_figure,,questions/BJ-2023-DC-ERMO/assets/figures/Q18_income_service_charts.png,source_completion_v4 package asset; copied by canonical merge; pending post-merge checks.
Sc8fc293be186-dc2023-v4-7f5588ef4983,Sc8fc293be186,extracted_figure,,questions/BJ-2023-DC-ERMO/assets/figures/Q19_people_congress_boxes.png,source_completion_v4 package asset; copied by canonical merge; pending post-merge checks.
Sc8fc293be186-dc2023-v4-af73447815d6,Sc8fc293be186,extracted_figure,,questions/BJ-2023-DC-ERMO/assets/figures/Q19_reform_timeline.png,source_completion_v4 package asset; copied by canonical merge; pending post-merge checks.
Sc8fc293be186-dc2023-v4-bb497dae84c4,Sc8fc293be186,extracted_figure,,questions/BJ-2023-DC-ERMO/assets/figures/Q20_china_solution_box.png,source_completion_v4 package asset; copied by canonical merge; pending post-merge checks.
Sc8fc293be186-dc2023-v4-9931f25e4ba2,Sc8fc293be186,extracted_figure,,questions/BJ-2023-DC-ERMO/assets/figures/Q21_research_material.png,source_completion_v4 package asset; copied by canonical merge; pending post-merge checks.
S184eb642c0ab-dc2023-v4-1b63daef2d46,S184eb642c0ab,raw_ocr,1,questions/BJ-2023-DC-ERMO/assets/raw_ocr/answer/p-1.txt,source_completion_v4 package asset; copied by canonical merge; pending post-merge checks.
Sc8fc293be186-dc2023-v4-cb9eae576621,Sc8fc293be186,raw_ocr,01,questions/BJ-2023-DC-ERMO/assets/raw_ocr/paper/p-01.txt,source_completion_v4 package asset; copied by canonical merge; pending post-merge checks.
Sc8fc293be186-dc2023-v4-da412ea9e282,Sc8fc293be186,raw_ocr,02,questions/BJ-2023-DC-ERMO/assets/raw_ocr/paper/p-02.txt,source_completion_v4 package asset; copied by canonical merge; pending post-merge checks.
Sc8fc293be186-dc2023-v4-67c7ebd9cc71,Sc8fc293be186,raw_ocr,03,questions/BJ-2023-DC-ERMO/assets/raw_ocr/paper/p-03.txt,source_completion_v4 package asset; copied by canonical merge; pending post-merge checks.
Sc8fc293be186-dc2023-v4-2a187a72acef,Sc8fc293be186,raw_ocr,04,questions/BJ-2023-DC-ERMO/assets/raw_ocr/paper/p-04.txt,source_completion_v4 package asset; copied by canonical merge; pending post-merge checks.
Sc8fc293be186-dc2023-v4-31e595f55e48,Sc8fc293be186,raw_ocr,05,questions/BJ-2023-DC-ERMO/assets/raw_ocr/paper/p-05.txt,source_completion_v4 package asset; copied by canonical merge; pending post-merge checks.
Sc8fc293be186-dc2023-v4-6ff7d8e22956,Sc8fc293be186,raw_ocr,06,questions/BJ-2023-DC-ERMO/assets/raw_ocr/paper/p-06.txt,source_completion_v4 package asset; copied by canonical merge; pending post-merge checks.
Sc8fc293be186-dc2023-v4-c489386930ae,Sc8fc293be186,raw_ocr,07,questions/BJ-2023-DC-ERMO/assets/raw_ocr/paper/p-07.txt,source_completion_v4 package asset; copied by canonical merge; pending post-merge checks.
Sc8fc293be186-dc2023-v4-110ef1110a9d,Sc8fc293be186,raw_ocr,08,questions/BJ-2023-DC-ERMO/assets/raw_ocr/paper/p-08.txt,source_completion_v4 package asset; copied by canonical merge; pending post-merge checks.
Sc8fc293be186-dc2023-v4-98690cc1cdd8,Sc8fc293be186,raw_ocr,09,questions/BJ-2023-DC-ERMO/assets/raw_ocr/paper/p-09.txt,source_completion_v4 package asset; copied by canonical merge; pending post-merge checks.
Sc8fc293be186-dc2023-v4-1cc091e76dc7,Sc8fc293be186,raw_ocr,10,questions/BJ-2023-DC-ERMO/assets/raw_ocr/paper/p-10.txt,source_completion_v4 package asset; copied by canonical merge; pending post-merge checks.
Sc8fc293be186-dc2023-v4-483e9f7af7f4,Sc8fc293be186,raw_ocr,11,questions/BJ-2023-DC-ERMO/assets/raw_ocr/paper/p-11.txt,source_completion_v4 package asset; copied by canonical merge; pending post-merge checks.
Sc8fc293be186-dc2023-v4-9e072a048667,Sc8fc293be186,raw_ocr,12,questions/BJ-2023-DC-ERMO/assets/raw_ocr/paper/p-12.txt,source_completion_v4 package asset; copied by canonical merge; pending post-merge checks.
S184eb642c0ab-dc2023-v4-d1f428855dca,S184eb642c0ab,source_page,1,questions/BJ-2023-DC-ERMO/assets/source_pages/answer/p-1-left.png,source_completion_v4 package asset; copied by canonical merge; pending post-merge checks.
S184eb642c0ab-dc2023-v4-ef801d0d8c21,S184eb642c0ab,source_page,1,questions/BJ-2023-DC-ERMO/assets/source_pages/answer/p-1-right.png,source_completion_v4 package asset; copied by canonical merge; pending post-merge checks.
S184eb642c0ab-dc2023-v4-02158953deb4,S184eb642c0ab,source_page,1,questions/BJ-2023-DC-ERMO/assets/source_pages/answer/p-1.png,source_completion_v4 package asset; copied by canonical merge; pending post-merge checks.
Sc8fc293be186-dc2023-v4-7c0dd70517a5,Sc8fc293be186,source_page,01,questions/BJ-2023-DC-ERMO/assets/source_pages/paper/p-01.png,source_completion_v4 package asset; copied by canonical merge; pending post-merge checks.
Sc8fc293be186-dc2023-v4-a9ecac9f5569,Sc8fc293be186,source_page,02,questions/BJ-2023-DC-ERMO/assets/source_pages/paper/p-02.png,source_completion_v4 package asset; copied by canonical merge; pending post-merge checks.
Sc8fc293be186-dc2023-v4-cf4b92c1bc23,Sc8fc293be186,source_page,03,questions/BJ-2023-DC-ERMO/assets/source_pages/paper/p-03.png,source_completion_v4 package asset; copied by canonical merge; pending post-merge checks.
Sc8fc293be186-dc2023-v4-7a5749b17d28,Sc8fc293be186,source_page,04,questions/BJ-2023-DC-ERMO/assets/source_pages/paper/p-04.png,source_completion_v4 package asset; copied by canonical merge; pending post-merge checks.
Sc8fc293be186-dc2023-v4-7f169c8eb541,Sc8fc293be186,source_page,05,questions/BJ-2023-DC-ERMO/assets/source_pages/paper/p-05.png,source_completion_v4 package asset; copied by canonical merge; pending post-merge checks.
Sc8fc293be186-dc2023-v4-222c71ef9491,Sc8fc293be186,source_page,06,questions/BJ-2023-DC-ERMO/assets/source_pages/paper/p-06.png,source_completion_v4 package asset; copied by canonical merge; pending post-merge checks.
Sc8fc293be186-dc2023-v4-9cd759174cd5,Sc8fc293be186,source_page,07,questions/BJ-2023-DC-ERMO/assets/source_pages/paper/p-07.png,source_completion_v4 package asset; copied by canonical merge; pending post-merge checks.
Sc8fc293be186-dc2023-v4-49714c8f6eae,Sc8fc293be186,source_page,08,questions/BJ-2023-DC-ERMO/assets/source_pages/paper/p-08.png,source_completion_v4 package asset; copied by canonical merge; pending post-merge checks.
Sc8fc293be186-dc2023-v4-d2141f848a15,Sc8fc293be186,source_page,09,questions/BJ-2023-DC-ERMO/assets/source_pages/paper/p-09.png,source_completion_v4 package asset; copied by canonical merge; pending post-merge checks.
Sc8fc293be186-dc2023-v4-2c8abef070a4,Sc8fc293be186,source_page,10,questions/BJ-2023-DC-ERMO/assets/source_pages/paper/p-10.png,source_completion_v4 package asset; copied by canonical merge; pending post-merge checks.
Sc8fc293be186-dc2023-v4-6c8a3a006957,Sc8fc293be186,source_page,11,questions/BJ-2023-DC-ERMO/assets/source_pages/paper/p-11.png,source_completion_v4 package asset; copied by canonical merge; pending post-merge checks.
Sc8fc293be186-dc2023-v4-93681ec7065c,Sc8fc293be186,source_page,12,questions/BJ-2023-DC-ERMO/assets/source_pages/paper/p-12.png,source_completion_v4 package asset; copied by canonical merge; pending post-merge checks.
Sc8fc293be186-dc2023-v4-7f990a1e86a6,Sc8fc293be186,source_pdf,,questions/BJ-2023-DC-ERMO/assets/sources/2023_东城二模_原卷.pdf,source_completion_v4 package asset; copied by canonical merge; pending post-merge checks.
S184eb642c0ab-dc2023-v4-52845ba11986,S184eb642c0ab,source_pdf,,questions/BJ-2023-DC-ERMO/assets/sources/2023_东城二模_参考答案.pdf,source_completion_v4 package asset; copied by canonical merge; pending post-merge checks.
Sf6013d54b52c-cy2024-yimo-v37-2ab70b584d7b,Sf6013d54b52c,contact_sheet,,questions/BJ-2024-CY-YIMO/assets/contacts/docx_001-002.jpg,"v37 source asset; role=E3 answer DOCX; lecture/scoring same-SHA duplicates retained as assets, deduped only in source-page count."
Sd64506799887-cy2024-yimo-v37-cf8c994fd8cd,Sd64506799887,contact_sheet,,questions/BJ-2024-CY-YIMO/assets/contacts/lecture_001-010.jpg,"v37 source asset; role=E3/E2 lecture PPTX; lecture/scoring same-SHA duplicates retained as assets, deduped only in source-page count."
Sd64506799887-cy2024-yimo-v37-52e0e81b61e8,Sd64506799887,contact_sheet,,questions/BJ-2024-CY-YIMO/assets/contacts/lecture_011-020.jpg,"v37 source asset; role=E3/E2 lecture PPTX; lecture/scoring same-SHA duplicates retained as assets, deduped only in source-page count."
Sd64506799887-cy2024-yimo-v37-ebaaca0e0a30,Sd64506799887,contact_sheet,,questions/BJ-2024-CY-YIMO/assets/contacts/lecture_021-030.jpg,"v37 source asset; role=E3/E2 lecture PPTX; lecture/scoring same-SHA duplicates retained as assets, deduped only in source-page count."
Sd64506799887-cy2024-yimo-v37-bad13f9a8d2d,Sd64506799887,contact_sheet,,questions/BJ-2024-CY-YIMO/assets/contacts/lecture_031-040.jpg,"v37 source asset; role=E3/E2 lecture PPTX; lecture/scoring same-SHA duplicates retained as assets, deduped only in source-page count."
Sd64506799887-cy2024-yimo-v37-9f032b069b48,Sd64506799887,contact_sheet,,questions/BJ-2024-CY-YIMO/assets/contacts/lecture_041-050.jpg,"v37 source asset; role=E3/E2 lecture PPTX; lecture/scoring same-SHA duplicates retained as assets, deduped only in source-page count."
S25b655e73b74-cy2024-yimo-v37-92a641c8d589,S25b655e73b74,contact_sheet,,questions/BJ-2024-CY-YIMO/assets/contacts/original_001-008.jpg,"v37 source asset; role=E0 original exam; lecture/scoring same-SHA duplicates retained as assets, deduped only in source-page count."
Sd64506799887-cy2024-yimo-v37-63ddbc12024c,Sd64506799887,contact_sheet,,questions/BJ-2024-CY-YIMO/assets/contacts/scoring_001-010.jpg,"v37 source asset; role=E1/E2 scoring PPTX; lecture/scoring same-SHA duplicates retained as assets, deduped only in source-page count."
Sd64506799887-cy2024-yimo-v37-c55e814334e4,Sd64506799887,contact_sheet,,questions/BJ-2024-CY-YIMO/assets/contacts/scoring_011-020.jpg,"v37 source asset; role=E1/E2 scoring PPTX; lecture/scoring same-SHA duplicates retained as assets, deduped only in source-page count."
Sd64506799887-cy2024-yimo-v37-e0e6c33e2525,Sd64506799887,contact_sheet,,questions/BJ-2024-CY-YIMO/assets/contacts/scoring_021-030.jpg,"v37 source asset; role=E1/E2 scoring PPTX; lecture/scoring same-SHA duplicates retained as assets, deduped only in source-page count."
Sd64506799887-cy2024-yimo-v37-312cd23827b7,Sd64506799887,contact_sheet,,questions/BJ-2024-CY-YIMO/assets/contacts/scoring_031-040.jpg,"v37 source asset; role=E1/E2 scoring PPTX; lecture/scoring same-SHA duplicates retained as assets, deduped only in source-page count."
Sd64506799887-cy2024-yimo-v37-33145470f87c,Sd64506799887,contact_sheet,,questions/BJ-2024-CY-YIMO/assets/contacts/scoring_041-050.jpg,"v37 source asset; role=E1/E2 scoring PPTX; lecture/scoring same-SHA duplicates retained as assets, deduped only in source-page count."
Sd64506799887-cy2024-yimo-v37-b5f8ec0a851c,Sd64506799887,page_render,01,questions/BJ-2024-CY-YIMO/assets/lecture_pages/page-01.png,"v37 source asset; role=E3/E2 lecture PPTX; lecture/scoring same-SHA duplicates retained as assets, deduped only in source-page count."
Sd64506799887-cy2024-yimo-v37-108beb26c0c5,Sd64506799887,page_render,02,questions/BJ-2024-CY-YIMO/assets/lecture_pages/page-02.png,"v37 source asset; role=E3/E2 lecture PPTX; lecture/scoring same-SHA duplicates retained as assets, deduped only in source-page count."
Sd64506799887-cy2024-yimo-v37-dbb4acc61857,Sd64506799887,page_render,03,questions/BJ-2024-CY-YIMO/assets/lecture_pages/page-03.png,"v37 source asset; role=E3/E2 lecture PPTX; lecture/scoring same-SHA duplicates retained as assets, deduped only in source-page count."
Sd64506799887-cy2024-yimo-v37-97a28e1e117a,Sd64506799887,page_render,04,questions/BJ-2024-CY-YIMO/assets/lecture_pages/page-04.png,"v37 source asset; role=E3/E2 lecture PPTX; lecture/scoring same-SHA duplicates retained as assets, deduped only in source-page count."
Sd64506799887-cy2024-yimo-v37-878db10a47ed,Sd64506799887,page_render,05,questions/BJ-2024-CY-YIMO/assets/lecture_pages/page-05.png,"v37 source asset; role=E3/E2 lecture PPTX; lecture/scoring same-SHA duplicates retained as assets, deduped only in source-page count."
Sd64506799887-cy2024-yimo-v37-bfd42dc84cee,Sd64506799887,page_render,06,questions/BJ-2024-CY-YIMO/assets/lecture_pages/page-06.png,"v37 source asset; role=E3/E2 lecture PPTX; lecture/scoring same-SHA duplicates retained as assets, deduped only in source-page count."
Sd64506799887-cy2024-yimo-v37-3a16b57feaa9,Sd64506799887,page_render,07,questions/BJ-2024-CY-YIMO/assets/lecture_pages/page-07.png,"v37 source asset; role=E3/E2 lecture PPTX; lecture/scoring same-SHA duplicates retained as assets, deduped only in source-page count."
Sd64506799887-cy2024-yimo-v37-dd55da036d81,Sd64506799887,page_render,08,questions/BJ-2024-CY-YIMO/assets/lecture_pages/page-08.png,"v37 source asset; role=E3/E2 lecture PPTX; lecture/scoring same-SHA duplicates retained as assets, deduped only in source-page count."
Sd64506799887-cy2024-yimo-v37-e5f0a15172b0,Sd64506799887,page_render,09,questions/BJ-2024-CY-YIMO/assets/lecture_pages/page-09.png,"v37 source asset; role=E3/E2 lecture PPTX; lecture/scoring same-SHA duplicates retained as assets, deduped only in source-page count."
Sd64506799887-cy2024-yimo-v37-6226ead2d224,Sd64506799887,page_render,10,questions/BJ-2024-CY-YIMO/assets/lecture_pages/page-10.png,"v37 source asset; role=E3/E2 lecture PPTX; lecture/scoring same-SHA duplicates retained as assets, deduped only in source-page count."
Sd64506799887-cy2024-yimo-v37-98402cf6ec15,Sd64506799887,page_render,11,questions/BJ-2024-CY-YIMO/assets/lecture_pages/page-11.png,"v37 source asset; role=E3/E2 lecture PPTX; lecture/scoring same-SHA duplicates retained as assets, deduped only in source-page count."
Sd64506799887-cy2024-yimo-v37-da4b2ad67db9,Sd64506799887,page_render,12,questions/BJ-2024-CY-YIMO/assets/lecture_pages/page-12.png,"v37 source asset; role=E3/E2 lecture PPTX; lecture/scoring same-SHA duplicates retained as assets, deduped only in source-page count."
Sd64506799887-cy2024-yimo-v37-c617c23d7561,Sd64506799887,page_render,13,questions/BJ-2024-CY-YIMO/assets/lecture_pages/page-13.png,"v37 source asset; role=E3/E2 lecture PPTX; lecture/scoring same-SHA duplicates retained as assets, deduped only in source-page count."
Sd64506799887-cy2024-yimo-v37-192031e0a8d4,Sd64506799887,page_render,14,questions/BJ-2024-CY-YIMO/assets/lecture_pages/page-14.png,"v37 source asset; role=E3/E2 lecture PPTX; lecture/scoring same-SHA duplicates retained as assets, deduped only in source-page count."
Sd64506799887-cy2024-yimo-v37-eaf656810fa4,Sd64506799887,page_render,15,questions/BJ-2024-CY-YIMO/assets/lecture_pages/page-15.png,"v37 source asset; role=E3/E2 lecture PPTX; lecture/scoring same-SHA duplicates retained as assets, deduped only in source-page count."
Sd64506799887-cy2024-yimo-v37-31035183c53c,Sd64506799887,page_render,16,questions/BJ-2024-CY-YIMO/assets/lecture_pages/page-16.png,"v37 source asset; role=E3/E2 lecture PPTX; lecture/scoring same-SHA duplicates retained as assets, deduped only in source-page count."
Sd64506799887-cy2024-yimo-v37-50efcde86ed0,Sd64506799887,page_render,17,questions/BJ-2024-CY-YIMO/assets/lecture_pages/page-17.png,"v37 source asset; role=E3/E2 lecture PPTX; lecture/scoring same-SHA duplicates retained as assets, deduped only in source-page count."
Sd64506799887-cy2024-yimo-v37-99191e8f3ee1,Sd64506799887,page_render,18,questions/BJ-2024-CY-YIMO/assets/lecture_pages/page-18.png,"v37 source asset; role=E3/E2 lecture PPTX; lecture/scoring same-SHA duplicates retained as assets, deduped only in source-page count."
Sd64506799887-cy2024-yimo-v37-09fccef2e047,Sd64506799887,page_render,19,questions/BJ-2024-CY-YIMO/assets/lecture_pages/page-19.png,"v37 source asset; role=E3/E2 lecture PPTX; lecture/scoring same-SHA duplicates retained as assets, deduped only in source-page count."
Sd64506799887-cy2024-yimo-v37-4c74dbc686a7,Sd64506799887,page_render,20,questions/BJ-2024-CY-YIMO/assets/lecture_pages/page-20.png,"v37 source asset; role=E3/E2 lecture PPTX; lecture/scoring same-SHA duplicates retained as assets, deduped only in source-page count."
Sd64506799887-cy2024-yimo-v37-1806d32262c6,Sd64506799887,page_render,21,questions/BJ-2024-CY-YIMO/assets/lecture_pages/page-21.png,"v37 source asset; role=E3/E2 lecture PPTX; lecture/scoring same-SHA duplicates retained as assets, deduped only in source-page count."
Sd64506799887-cy2024-yimo-v37-5d38fda95170,Sd64506799887,page_render,22,questions/BJ-2024-CY-YIMO/assets/lecture_pages/page-22.png,"v37 source asset; role=E3/E2 lecture PPTX; lecture/scoring same-SHA duplicates retained as assets, deduped only in source-page count."
Sd64506799887-cy2024-yimo-v37-e0d6ae8120a4,Sd64506799887,page_render,23,questions/BJ-2024-CY-YIMO/assets/lecture_pages/page-23.png,"v37 source asset; role=E3/E2 lecture PPTX; lecture/scoring same-SHA duplicates retained as assets, deduped only in source-page count."
Sd64506799887-cy2024-yimo-v37-cdf2e5490f69,Sd64506799887,page_render,24,questions/BJ-2024-CY-YIMO/assets/lecture_pages/page-24.png,"v37 source asset; role=E3/E2 lecture PPTX; lecture/scoring same-SHA duplicates retained as assets, deduped only in source-page count."
Sd64506799887-cy2024-yimo-v37-a557f1ebb521,Sd64506799887,page_render,25,questions/BJ-2024-CY-YIMO/assets/lecture_pages/page-25.png,"v37 source asset; role=E3/E2 lecture PPTX; lecture/scoring same-SHA duplicates retained as assets, deduped only in source-page count."
Sd64506799887-cy2024-yimo-v37-d06c21e36e64,Sd64506799887,page_render,26,questions/BJ-2024-CY-YIMO/assets/lecture_pages/page-26.png,"v37 source asset; role=E3/E2 lecture PPTX; lecture/scoring same-SHA duplicates retained as assets, deduped only in source-page count."
Sd64506799887-cy2024-yimo-v37-3aa1d6959c8a,Sd64506799887,page_render,27,questions/BJ-2024-CY-YIMO/assets/lecture_pages/page-27.png,"v37 source asset; role=E3/E2 lecture PPTX; lecture/scoring same-SHA duplicates retained as assets, deduped only in source-page count."
Sd64506799887-cy2024-yimo-v37-6c7f3cd7e077,Sd64506799887,page_render,28,questions/BJ-2024-CY-YIMO/assets/lecture_pages/page-28.png,"v37 source asset; role=E3/E2 lecture PPTX; lecture/scoring same-SHA duplicates retained as assets, deduped only in source-page count."
Sd64506799887-cy2024-yimo-v37-e4f54c0b63a2,Sd64506799887,page_render,29,questions/BJ-2024-CY-YIMO/assets/lecture_pages/page-29.png,"v37 source asset; role=E3/E2 lecture PPTX; lecture/scoring same-SHA duplicates retained as assets, deduped only in source-page count."
Sd64506799887-cy2024-yimo-v37-a7567d1391cc,Sd64506799887,page_render,30,questions/BJ-2024-CY-YIMO/assets/lecture_pages/page-30.png,"v37 source asset; role=E3/E2 lecture PPTX; lecture/scoring same-SHA duplicates retained as assets, deduped only in source-page count."
Sd64506799887-cy2024-yimo-v37-0a2c98597446,Sd64506799887,page_render,31,questions/BJ-2024-CY-YIMO/assets/lecture_pages/page-31.png,"v37 source asset; role=E3/E2 lecture PPTX; lecture/scoring same-SHA duplicates retained as assets, deduped only in source-page count."
Sd64506799887-cy2024-yimo-v37-f8aa0e91bb18,Sd64506799887,page_render,32,questions/BJ-2024-CY-YIMO/assets/lecture_pages/page-32.png,"v37 source asset; role=E3/E2 lecture PPTX; lecture/scoring same-SHA duplicates retained as assets, deduped only in source-page count."
Sd64506799887-cy2024-yimo-v37-1c4ffbd91f88,Sd64506799887,page_render,33,questions/BJ-2024-CY-YIMO/assets/lecture_pages/page-33.png,"v37 source asset; role=E3/E2 lecture PPTX; lecture/scoring same-SHA duplicates retained as assets, deduped only in source-page count."
Sd64506799887-cy2024-yimo-v37-08b8ed4040c8,Sd64506799887,page_render,34,questions/BJ-2024-CY-YIMO/assets/lecture_pages/page-34.png,"v37 source asset; role=E3/E2 lecture PPTX; lecture/scoring same-SHA duplicates retained as assets, deduped only in source-page count."
Sd64506799887-cy2024-yimo-v37-e2b0fafc004b,Sd64506799887,page_render,35,questions/BJ-2024-CY-YIMO/assets/lecture_pages/page-35.png,"v37 source asset; role=E3/E2 lecture PPTX; lecture/scoring same-SHA duplicates retained as assets, deduped only in source-page count."
Sd64506799887-cy2024-yimo-v37-a9578244ac09,Sd64506799887,page_render,36,questions/BJ-2024-CY-YIMO/assets/lecture_pages/page-36.png,"v37 source asset; role=E3/E2 lecture PPTX; lecture/scoring same-SHA duplicates retained as assets, deduped only in source-page count."
Sd64506799887-cy2024-yimo-v37-f467992bcc77,Sd64506799887,page_render,37,questions/BJ-2024-CY-YIMO/assets/lecture_pages/page-37.png,"v37 source asset; role=E3/E2 lecture PPTX; lecture/scoring same-SHA duplicates retained as assets, deduped only in source-page count."
Sd64506799887-cy2024-yimo-v37-7bc92f1f7bc1,Sd64506799887,page_render,38,questions/BJ-2024-CY-YIMO/assets/lecture_pages/page-38.png,"v37 source asset; role=E3/E2 lecture PPTX; lecture/scoring same-SHA duplicates retained as assets, deduped only in source-page count."
Sd64506799887-cy2024-yimo-v37-5d8bf54ffa1c,Sd64506799887,page_render,39,questions/BJ-2024-CY-YIMO/assets/lecture_pages/page-39.png,"v37 source asset; role=E3/E2 lecture PPTX; lecture/scoring same-SHA duplicates retained as assets, deduped only in source-page count."
Sd64506799887-cy2024-yimo-v37-cead0727fff2,Sd64506799887,page_render,40,questions/BJ-2024-CY-YIMO/assets/lecture_pages/page-40.png,"v37 source asset; role=E3/E2 lecture PPTX; lecture/scoring same-SHA duplicates retained as assets, deduped only in source-page count."
Sd64506799887-cy2024-yimo-v37-4081724322bb,Sd64506799887,page_render,41,questions/BJ-2024-CY-YIMO/assets/lecture_pages/page-41.png,"v37 source asset; role=E3/E2 lecture PPTX; lecture/scoring same-SHA duplicates retained as assets, deduped only in source-page count."
Sd64506799887-cy2024-yimo-v37-c365696c769e,Sd64506799887,page_render,42,questions/BJ-2024-CY-YIMO/assets/lecture_pages/page-42.png,"v37 source asset; role=E3/E2 lecture PPTX; lecture/scoring same-SHA duplicates retained as assets, deduped only in source-page count."
Sd64506799887-cy2024-yimo-v37-34fb76717490,Sd64506799887,page_render,43,questions/BJ-2024-CY-YIMO/assets/lecture_pages/page-43.png,"v37 source asset; role=E3/E2 lecture PPTX; lecture/scoring same-SHA duplicates retained as assets, deduped only in source-page count."
Sd64506799887-cy2024-yimo-v37-af1562e4eb80,Sd64506799887,page_render,44,questions/BJ-2024-CY-YIMO/assets/lecture_pages/page-44.png,"v37 source asset; role=E3/E2 lecture PPTX; lecture/scoring same-SHA duplicates retained as assets, deduped only in source-page count."
Sd64506799887-cy2024-yimo-v37-8d6d9acd56d8,Sd64506799887,page_render,45,questions/BJ-2024-CY-YIMO/assets/lecture_pages/page-45.png,"v37 source asset; role=E3/E2 lecture PPTX; lecture/scoring same-SHA duplicates retained as assets, deduped only in source-page count."
Sd64506799887-cy2024-yimo-v37-16ef80965911,Sd64506799887,page_render,46,questions/BJ-2024-CY-YIMO/assets/lecture_pages/page-46.png,"v37 source asset; role=E3/E2 lecture PPTX; lecture/scoring same-SHA duplicates retained as assets, deduped only in source-page count."
Sd64506799887-cy2024-yimo-v37-6920b83d7c46,Sd64506799887,page_render,47,questions/BJ-2024-CY-YIMO/assets/lecture_pages/page-47.png,"v37 source asset; role=E3/E2 lecture PPTX; lecture/scoring same-SHA duplicates retained as assets, deduped only in source-page count."
Sd64506799887-cy2024-yimo-v37-30f4481a0eed,Sd64506799887,page_render,48,questions/BJ-2024-CY-YIMO/assets/lecture_pages/page-48.png,"v37 source asset; role=E3/E2 lecture PPTX; lecture/scoring same-SHA duplicates retained as assets, deduped only in source-page count."
Sd64506799887-cy2024-yimo-v37-72c982ed6361,Sd64506799887,page_render,49,questions/BJ-2024-CY-YIMO/assets/lecture_pages/page-49.png,"v37 source asset; role=E3/E2 lecture PPTX; lecture/scoring same-SHA duplicates retained as assets, deduped only in source-page count."
Sd64506799887-cy2024-yimo-v37-6443e247fad6,Sd64506799887,page_render,50,questions/BJ-2024-CY-YIMO/assets/lecture_pages/page-50.png,"v37 source asset; role=E3/E2 lecture PPTX; lecture/scoring same-SHA duplicates retained as assets, deduped only in source-page count."
Sd64506799887-cy2024-yimo-v37-12c13a8a6fe8,Sd64506799887,document_render,,questions/BJ-2024-CY-YIMO/assets/lecture_pages/讲评.pdf,"v37 source asset; role=E3/E2 lecture PPTX; lecture/scoring same-SHA duplicates retained as assets, deduped only in source-page count."
S25b655e73b74-cy2024-yimo-v37-5b509f5e2358,S25b655e73b74,page_render,1,questions/BJ-2024-CY-YIMO/assets/original_pages/page-1.png,"v37 source asset; role=E0 original exam; lecture/scoring same-SHA duplicates retained as assets, deduped only in source-page count."
S25b655e73b74-cy2024-yimo-v37-28b10b37aefd,S25b655e73b74,page_render,2,questions/BJ-2024-CY-YIMO/assets/original_pages/page-2.png,"v37 source asset; role=E0 original exam; lecture/scoring same-SHA duplicates retained as assets, deduped only in source-page count."
S25b655e73b74-cy2024-yimo-v37-6cdd02d3c758,S25b655e73b74,page_render,3,questions/BJ-2024-CY-YIMO/assets/original_pages/page-3.png,"v37 source asset; role=E0 original exam; lecture/scoring same-SHA duplicates retained as assets, deduped only in source-page count."
S25b655e73b74-cy2024-yimo-v37-3257cc0a87e3,S25b655e73b74,page_render,4,questions/BJ-2024-CY-YIMO/assets/original_pages/page-4.png,"v37 source asset; role=E0 original exam; lecture/scoring same-SHA duplicates retained as assets, deduped only in source-page count."
S25b655e73b74-cy2024-yimo-v37-2f2e0c2024bb,S25b655e73b74,page_render,5,questions/BJ-2024-CY-YIMO/assets/original_pages/page-5.png,"v37 source asset; role=E0 original exam; lecture/scoring same-SHA duplicates retained as assets, deduped only in source-page count."
S25b655e73b74-cy2024-yimo-v37-0398e0878e74,S25b655e73b74,page_render,6,questions/BJ-2024-CY-YIMO/assets/original_pages/page-6.png,"v37 source asset; role=E0 original exam; lecture/scoring same-SHA duplicates retained as assets, deduped only in source-page count."
S25b655e73b74-cy2024-yimo-v37-004ef0f52b22,S25b655e73b74,page_render,7,questions/BJ-2024-CY-YIMO/assets/original_pages/page-7.png,"v37 source asset; role=E0 original exam; lecture/scoring same-SHA duplicates retained as assets, deduped only in source-page count."
S25b655e73b74-cy2024-yimo-v37-cf583f7c9ef1,S25b655e73b74,page_render,8,questions/BJ-2024-CY-YIMO/assets/original_pages/page-8.png,"v37 source asset; role=E0 original exam; lecture/scoring same-SHA duplicates retained as assets, deduped only in source-page count."
Sd64506799887-cy2024-yimo-v37-d27ea7542a66,Sd64506799887,embedded_media,,questions/BJ-2024-CY-YIMO/assets/pptx_media/细则/image1.jpeg,"v37 source asset; role=E1/E2 scoring PPTX; lecture/scoring same-SHA duplicates retained as assets, deduped only in source-page count."
Sd64506799887-cy2024-yimo-v37-588a745bdc4c,Sd64506799887,embedded_media,,questions/BJ-2024-CY-YIMO/assets/pptx_media/细则/image10.png,"v37 source asset; role=E1/E2 scoring PPTX; lecture/scoring same-SHA duplicates retained as assets, deduped only in source-page count."
Sd64506799887-cy2024-yimo-v37-3dfae115357f,Sd64506799887,embedded_media,,questions/BJ-2024-CY-YIMO/assets/pptx_media/细则/image11.png,"v37 source asset; role=E1/E2 scoring PPTX; lecture/scoring same-SHA duplicates retained as assets, deduped only in source-page count."
Sd64506799887-cy2024-yimo-v37-cbcc586d2a0b,Sd64506799887,embedded_media,,questions/BJ-2024-CY-YIMO/assets/pptx_media/细则/image12.svg,"v37 source asset; role=E1/E2 scoring PPTX; lecture/scoring same-SHA duplicates retained as assets, deduped only in source-page count."
Sd64506799887-cy2024-yimo-v37-b9189c72f7ba,Sd64506799887,embedded_media,,questions/BJ-2024-CY-YIMO/assets/pptx_media/细则/image13.png,"v37 source asset; role=E1/E2 scoring PPTX; lecture/scoring same-SHA duplicates retained as assets, deduped only in source-page count."
Sd64506799887-cy2024-yimo-v37-bceff2baeddd,Sd64506799887,embedded_media,,questions/BJ-2024-CY-YIMO/assets/pptx_media/细则/image14.svg,"v37 source asset; role=E1/E2 scoring PPTX; lecture/scoring same-SHA duplicates retained as assets, deduped only in source-page count."
Sd64506799887-cy2024-yimo-v37-275ae258e13f,Sd64506799887,embedded_media,,questions/BJ-2024-CY-YIMO/assets/pptx_media/细则/image15.png,"v37 source asset; role=E1/E2 scoring PPTX; lecture/scoring same-SHA duplicates retained as assets, deduped only in source-page count."
Sd64506799887-cy2024-yimo-v37-2067aa157c2c,Sd64506799887,embedded_media,,questions/BJ-2024-CY-YIMO/assets/pptx_media/细则/image16.svg,"v37 source asset; role=E1/E2 scoring PPTX; lecture/scoring same-SHA duplicates retained as assets, deduped only in source-page count."
Sd64506799887-cy2024-yimo-v37-089f339e3c24,Sd64506799887,embedded_media,,questions/BJ-2024-CY-YIMO/assets/pptx_media/细则/image17.png,"v37 source asset; role=E1/E2 scoring PPTX; lecture/scoring same-SHA duplicates retained as assets, deduped only in source-page count."
Sd64506799887-cy2024-yimo-v37-54d516f73d88,Sd64506799887,embedded_media,,questions/BJ-2024-CY-YIMO/assets/pptx_media/细则/image18.png,"v37 source asset; role=E1/E2 scoring PPTX; lecture/scoring same-SHA duplicates retained as assets, deduped only in source-page count."
Sd64506799887-cy2024-yimo-v37-3bcf01c20765,Sd64506799887,embedded_media,,questions/BJ-2024-CY-YIMO/assets/pptx_media/细则/image19.png,"v37 source asset; role=E1/E2 scoring PPTX; lecture/scoring same-SHA duplicates retained as assets, deduped only in source-page count."
Sd64506799887-cy2024-yimo-v37-01e1b6f00197,Sd64506799887,embedded_media,,questions/BJ-2024-CY-YIMO/assets/pptx_media/细则/image2.png,"v37 source asset; role=E1/E2 scoring PPTX; lecture/scoring same-SHA duplicates retained as assets, deduped only in source-page count."
Sd64506799887-cy2024-yimo-v37-c72844589f2f,Sd64506799887,embedded_media,,questions/BJ-2024-CY-YIMO/assets/pptx_media/细则/image20.png,"v37 source asset; role=E1/E2 scoring PPTX; lecture/scoring same-SHA duplicates retained as assets, deduped only in source-page count."
Sd64506799887-cy2024-yimo-v37-081b63c87aae,Sd64506799887,embedded_media,,questions/BJ-2024-CY-YIMO/assets/pptx_media/细则/image21.png,"v37 source asset; role=E1/E2 scoring PPTX; lecture/scoring same-SHA duplicates retained as assets, deduped only in source-page count."
Sd64506799887-cy2024-yimo-v37-d237291bb3eb,Sd64506799887,embedded_media,,questions/BJ-2024-CY-YIMO/assets/pptx_media/细则/image22.png,"v37 source asset; role=E1/E2 scoring PPTX; lecture/scoring same-SHA duplicates retained as assets, deduped only in source-page count."
Sd64506799887-cy2024-yimo-v37-cfb4c3d0de7e,Sd64506799887,embedded_media,,questions/BJ-2024-CY-YIMO/assets/pptx_media/细则/image23.png,"v37 source asset; role=E1/E2 scoring PPTX; lecture/scoring same-SHA duplicates retained as assets, deduped only in source-page count."
Sd64506799887-cy2024-yimo-v37-a124da566ed9,Sd64506799887,embedded_media,,questions/BJ-2024-CY-YIMO/assets/pptx_media/细则/image24.png,"v37 source asset; role=E1/E2 scoring PPTX; lecture/scoring same-SHA duplicates retained as assets, deduped only in source-page count."
Sd64506799887-cy2024-yimo-v37-0710e0fb4fc7,Sd64506799887,embedded_media,,questions/BJ-2024-CY-YIMO/assets/pptx_media/细则/image25.png,"v37 source asset; role=E1/E2 scoring PPTX; lecture/scoring same-SHA duplicates retained as assets, deduped only in source-page count."
Sd64506799887-cy2024-yimo-v37-13bc6842b1d4,Sd64506799887,embedded_media,,questions/BJ-2024-CY-YIMO/assets/pptx_media/细则/image26.png,"v37 source asset; role=E1/E2 scoring PPTX; lecture/scoring same-SHA duplicates retained as assets, deduped only in source-page count."
Sd64506799887-cy2024-yimo-v37-840bcd84ede6,Sd64506799887,embedded_media,,questions/BJ-2024-CY-YIMO/assets/pptx_media/细则/image27.png,"v37 source asset; role=E1/E2 scoring PPTX; lecture/scoring same-SHA duplicates retained as assets, deduped only in source-page count."
Sd64506799887-cy2024-yimo-v37-6f8f2c0940f9,Sd64506799887,embedded_media,,questions/BJ-2024-CY-YIMO/assets/pptx_media/细则/image28.png,"v37 source asset; role=E1/E2 scoring PPTX; lecture/scoring same-SHA duplicates retained as assets, deduped only in source-page count."
Sd64506799887-cy2024-yimo-v37-54ba8d98928a,Sd64506799887,embedded_media,,questions/BJ-2024-CY-YIMO/assets/pptx_media/细则/image29.png,"v37 source asset; role=E1/E2 scoring PPTX; lecture/scoring same-SHA duplicates retained as assets, deduped only in source-page count."
Sd64506799887-cy2024-yimo-v37-74ed701e0e50,Sd64506799887,embedded_media,,questions/BJ-2024-CY-YIMO/assets/pptx_media/细则/image3.wdp,"v37 source asset; role=E1/E2 scoring PPTX; lecture/scoring same-SHA duplicates retained as assets, deduped only in source-page count."
Sd64506799887-cy2024-yimo-v37-159437ffc613,Sd64506799887,embedded_media,,questions/BJ-2024-CY-YIMO/assets/pptx_media/细则/image30.png,"v37 source asset; role=E1/E2 scoring PPTX; lecture/scoring same-SHA duplicates retained as assets, deduped only in source-page count."
Sd64506799887-cy2024-yimo-v37-efa030fd950c,Sd64506799887,embedded_media,,questions/BJ-2024-CY-YIMO/assets/pptx_media/细则/image31.png,"v37 source asset; role=E1/E2 scoring PPTX; lecture/scoring same-SHA duplicates retained as assets, deduped only in source-page count."
Sd64506799887-cy2024-yimo-v37-2f5511b5b431,Sd64506799887,embedded_media,,questions/BJ-2024-CY-YIMO/assets/pptx_media/细则/image32.png,"v37 source asset; role=E1/E2 scoring PPTX; lecture/scoring same-SHA duplicates retained as assets, deduped only in source-page count."
Sd64506799887-cy2024-yimo-v37-2213f8f87b5b,Sd64506799887,embedded_media,,questions/BJ-2024-CY-YIMO/assets/pptx_media/细则/image33.png,"v37 source asset; role=E1/E2 scoring PPTX; lecture/scoring same-SHA duplicates retained as assets, deduped only in source-page count."
Sd64506799887-cy2024-yimo-v37-0befa7e2a37c,Sd64506799887,embedded_media,,questions/BJ-2024-CY-YIMO/assets/pptx_media/细则/image34.png,"v37 source asset; role=E1/E2 scoring PPTX; lecture/scoring same-SHA duplicates retained as assets, deduped only in source-page count."
Sd64506799887-cy2024-yimo-v37-25f06871d86e,Sd64506799887,embedded_media,,questions/BJ-2024-CY-YIMO/assets/pptx_media/细则/image35.png,"v37 source asset; role=E1/E2 scoring PPTX; lecture/scoring same-SHA duplicates retained as assets, deduped only in source-page count."
Sd64506799887-cy2024-yimo-v37-eab1e63de150,Sd64506799887,embedded_media,,questions/BJ-2024-CY-YIMO/assets/pptx_media/细则/image36.png,"v37 source asset; role=E1/E2 scoring PPTX; lecture/scoring same-SHA duplicates retained as assets, deduped only in source-page count."
Sd64506799887-cy2024-yimo-v37-89e9384ad36a,Sd64506799887,embedded_media,,questions/BJ-2024-CY-YIMO/assets/pptx_media/细则/image37.png,"v37 source asset; role=E1/E2 scoring PPTX; lecture/scoring same-SHA duplicates retained as assets, deduped only in source-page count."
Sd64506799887-cy2024-yimo-v37-7c5c0d028c9c,Sd64506799887,embedded_media,,questions/BJ-2024-CY-YIMO/assets/pptx_media/细则/image38.png,"v37 source asset; role=E1/E2 scoring PPTX; lecture/scoring same-SHA duplicates retained as assets, deduped only in source-page count."
Sd64506799887-cy2024-yimo-v37-fa59257fcdd6,Sd64506799887,embedded_media,,questions/BJ-2024-CY-YIMO/assets/pptx_media/细则/image39.png,"v37 source asset; role=E1/E2 scoring PPTX; lecture/scoring same-SHA duplicates retained as assets, deduped only in source-page count."
Sd64506799887-cy2024-yimo-v37-383f89c4f273,Sd64506799887,embedded_media,,questions/BJ-2024-CY-YIMO/assets/pptx_media/细则/image4.png,"v37 source asset; role=E1/E2 scoring PPTX; lecture/scoring same-SHA duplicates retained as assets, deduped only in source-page count."
Sd64506799887-cy2024-yimo-v37-41ffec684efe,Sd64506799887,embedded_media,,questions/BJ-2024-CY-YIMO/assets/pptx_media/细则/image5.wdp,"v37 source asset; role=E1/E2 scoring PPTX; lecture/scoring same-SHA duplicates retained as assets, deduped only in source-page count."
Sd64506799887-cy2024-yimo-v37-cfeaead75eeb,Sd64506799887,embedded_media,,questions/BJ-2024-CY-YIMO/assets/pptx_media/细则/image6.png,"v37 source asset; role=E1/E2 scoring PPTX; lecture/scoring same-SHA duplicates retained as assets, deduped only in source-page count."
Sd64506799887-cy2024-yimo-v37-c4f99f693e45,Sd64506799887,embedded_media,,questions/BJ-2024-CY-YIMO/assets/pptx_media/细则/image7.png,"v37 source asset; role=E1/E2 scoring PPTX; lecture/scoring same-SHA duplicates retained as assets, deduped only in source-page count."
Sd64506799887-cy2024-yimo-v37-92114495664b,Sd64506799887,embedded_media,,questions/BJ-2024-CY-YIMO/assets/pptx_media/细则/image8.jpeg,"v37 source asset; role=E1/E2 scoring PPTX; lecture/scoring same-SHA duplicates retained as assets, deduped only in source-page count."
Sd64506799887-cy2024-yimo-v37-607d9971b5c4,Sd64506799887,embedded_media,,questions/BJ-2024-CY-YIMO/assets/pptx_media/细则/image9.jpeg,"v37 source asset; role=E1/E2 scoring PPTX; lecture/scoring same-SHA duplicates retained as assets, deduped only in source-page count."
Sd64506799887-cy2024-yimo-v37-6ed7559cfdaf,Sd64506799887,embedded_media,,questions/BJ-2024-CY-YIMO/assets/pptx_media/讲评/image1.jpeg,"v37 source asset; role=E3/E2 lecture PPTX; lecture/scoring same-SHA duplicates retained as assets, deduped only in source-page count."
Sd64506799887-cy2024-yimo-v37-48bc25962a72,Sd64506799887,embedded_media,,questions/BJ-2024-CY-YIMO/assets/pptx_media/讲评/image10.png,"v37 source asset; role=E3/E2 lecture PPTX; lecture/scoring same-SHA duplicates retained as assets, deduped only in source-page count."
Sd64506799887-cy2024-yimo-v37-292a48bfa196,Sd64506799887,embedded_media,,questions/BJ-2024-CY-YIMO/assets/pptx_media/讲评/image11.png,"v37 source asset; role=E3/E2 lecture PPTX; lecture/scoring same-SHA duplicates retained as assets, deduped only in source-page count."
Sd64506799887-cy2024-yimo-v37-353fd5f4b8c5,Sd64506799887,embedded_media,,questions/BJ-2024-CY-YIMO/assets/pptx_media/讲评/image12.svg,"v37 source asset; role=E3/E2 lecture PPTX; lecture/scoring same-SHA duplicates retained as assets, deduped only in source-page count."
Sd64506799887-cy2024-yimo-v37-936d11e98fbc,Sd64506799887,embedded_media,,questions/BJ-2024-CY-YIMO/assets/pptx_media/讲评/image13.png,"v37 source asset; role=E3/E2 lecture PPTX; lecture/scoring same-SHA duplicates retained as assets, deduped only in source-page count."
Sd64506799887-cy2024-yimo-v37-56f3843f03f3,Sd64506799887,embedded_media,,questions/BJ-2024-CY-YIMO/assets/pptx_media/讲评/image14.svg,"v37 source asset; role=E3/E2 lecture PPTX; lecture/scoring same-SHA duplicates retained as assets, deduped only in source-page count."
Sd64506799887-cy2024-yimo-v37-6b5f70ba4f69,Sd64506799887,embedded_media,,questions/BJ-2024-CY-YIMO/assets/pptx_media/讲评/image15.png,"v37 source asset; role=E3/E2 lecture PPTX; lecture/scoring same-SHA duplicates retained as assets, deduped only in source-page count."
Sd64506799887-cy2024-yimo-v37-3b0cc329caa1,Sd64506799887,embedded_media,,questions/BJ-2024-CY-YIMO/assets/pptx_media/讲评/image16.svg,"v37 source asset; role=E3/E2 lecture PPTX; lecture/scoring same-SHA duplicates retained as assets, deduped only in source-page count."
Sd64506799887-cy2024-yimo-v37-3fe56d59bfc8,Sd64506799887,embedded_media,,questions/BJ-2024-CY-YIMO/assets/pptx_media/讲评/image17.png,"v37 source asset; role=E3/E2 lecture PPTX; lecture/scoring same-SHA duplicates retained as assets, deduped only in source-page count."
Sd64506799887-cy2024-yimo-v37-9c869e185b8e,Sd64506799887,embedded_media,,questions/BJ-2024-CY-YIMO/assets/pptx_media/讲评/image18.png,"v37 source asset; role=E3/E2 lecture PPTX; lecture/scoring same-SHA duplicates retained as assets, deduped only in source-page count."
Sd64506799887-cy2024-yimo-v37-62fd8bd84550,Sd64506799887,embedded_media,,questions/BJ-2024-CY-YIMO/assets/pptx_media/讲评/image19.png,"v37 source asset; role=E3/E2 lecture PPTX; lecture/scoring same-SHA duplicates retained as assets, deduped only in source-page count."
Sd64506799887-cy2024-yimo-v37-e5994c351ea5,Sd64506799887,embedded_media,,questions/BJ-2024-CY-YIMO/assets/pptx_media/讲评/image2.png,"v37 source asset; role=E3/E2 lecture PPTX; lecture/scoring same-SHA duplicates retained as assets, deduped only in source-page count."
Sd64506799887-cy2024-yimo-v37-a12c6db8a8f7,Sd64506799887,embedded_media,,questions/BJ-2024-CY-YIMO/assets/pptx_media/讲评/image20.png,"v37 source asset; role=E3/E2 lecture PPTX; lecture/scoring same-SHA duplicates retained as assets, deduped only in source-page count."
Sd64506799887-cy2024-yimo-v37-2e9284ec0d93,Sd64506799887,embedded_media,,questions/BJ-2024-CY-YIMO/assets/pptx_media/讲评/image21.png,"v37 source asset; role=E3/E2 lecture PPTX; lecture/scoring same-SHA duplicates retained as assets, deduped only in source-page count."
Sd64506799887-cy2024-yimo-v37-95fc0cc4dccd,Sd64506799887,embedded_media,,questions/BJ-2024-CY-YIMO/assets/pptx_media/讲评/image22.png,"v37 source asset; role=E3/E2 lecture PPTX; lecture/scoring same-SHA duplicates retained as assets, deduped only in source-page count."
Sd64506799887-cy2024-yimo-v37-0ac1c805617a,Sd64506799887,embedded_media,,questions/BJ-2024-CY-YIMO/assets/pptx_media/讲评/image23.png,"v37 source asset; role=E3/E2 lecture PPTX; lecture/scoring same-SHA duplicates retained as assets, deduped only in source-page count."
Sd64506799887-cy2024-yimo-v37-39eff04f6a10,Sd64506799887,embedded_media,,questions/BJ-2024-CY-YIMO/assets/pptx_media/讲评/image24.png,"v37 source asset; role=E3/E2 lecture PPTX; lecture/scoring same-SHA duplicates retained as assets, deduped only in source-page count."
Sd64506799887-cy2024-yimo-v37-750e2586df10,Sd64506799887,embedded_media,,questions/BJ-2024-CY-YIMO/assets/pptx_media/讲评/image25.png,"v37 source asset; role=E3/E2 lecture PPTX; lecture/scoring same-SHA duplicates retained as assets, deduped only in source-page count."
Sd64506799887-cy2024-yimo-v37-59800c20af46,Sd64506799887,embedded_media,,questions/BJ-2024-CY-YIMO/assets/pptx_media/讲评/image26.png,"v37 source asset; role=E3/E2 lecture PPTX; lecture/scoring same-SHA duplicates retained as assets, deduped only in source-page count."
Sd64506799887-cy2024-yimo-v37-f0ab039bed04,Sd64506799887,embedded_media,,questions/BJ-2024-CY-YIMO/assets/pptx_media/讲评/image27.png,"v37 source asset; role=E3/E2 lecture PPTX; lecture/scoring same-SHA duplicates retained as assets, deduped only in source-page count."
Sd64506799887-cy2024-yimo-v37-c5621e8d90cc,Sd64506799887,embedded_media,,questions/BJ-2024-CY-YIMO/assets/pptx_media/讲评/image28.png,"v37 source asset; role=E3/E2 lecture PPTX; lecture/scoring same-SHA duplicates retained as assets, deduped only in source-page count."
Sd64506799887-cy2024-yimo-v37-5014f5fa00bc,Sd64506799887,embedded_media,,questions/BJ-2024-CY-YIMO/assets/pptx_media/讲评/image29.png,"v37 source asset; role=E3/E2 lecture PPTX; lecture/scoring same-SHA duplicates retained as assets, deduped only in source-page count."
Sd64506799887-cy2024-yimo-v37-dad6e729f984,Sd64506799887,embedded_media,,questions/BJ-2024-CY-YIMO/assets/pptx_media/讲评/image3.wdp,"v37 source asset; role=E3/E2 lecture PPTX; lecture/scoring same-SHA duplicates retained as assets, deduped only in source-page count."
Sd64506799887-cy2024-yimo-v37-7d46a7ab16cb,Sd64506799887,embedded_media,,questions/BJ-2024-CY-YIMO/assets/pptx_media/讲评/image30.png,"v37 source asset; role=E3/E2 lecture PPTX; lecture/scoring same-SHA duplicates retained as assets, deduped only in source-page count."
Sd64506799887-cy2024-yimo-v37-00780a717d2d,Sd64506799887,embedded_media,,questions/BJ-2024-CY-YIMO/assets/pptx_media/讲评/image31.png,"v37 source asset; role=E3/E2 lecture PPTX; lecture/scoring same-SHA duplicates retained as assets, deduped only in source-page count."
Sd64506799887-cy2024-yimo-v37-6a46a5db0ecb,Sd64506799887,embedded_media,,questions/BJ-2024-CY-YIMO/assets/pptx_media/讲评/image32.png,"v37 source asset; role=E3/E2 lecture PPTX; lecture/scoring same-SHA duplicates retained as assets, deduped only in source-page count."
Sd64506799887-cy2024-yimo-v37-67ee4cf0d654,Sd64506799887,embedded_media,,questions/BJ-2024-CY-YIMO/assets/pptx_media/讲评/image33.png,"v37 source asset; role=E3/E2 lecture PPTX; lecture/scoring same-SHA duplicates retained as assets, deduped only in source-page count."
Sd64506799887-cy2024-yimo-v37-ea17fa596ca2,Sd64506799887,embedded_media,,questions/BJ-2024-CY-YIMO/assets/pptx_media/讲评/image34.png,"v37 source asset; role=E3/E2 lecture PPTX; lecture/scoring same-SHA duplicates retained as assets, deduped only in source-page count."
Sd64506799887-cy2024-yimo-v37-9a7dc4c7ee23,Sd64506799887,embedded_media,,questions/BJ-2024-CY-YIMO/assets/pptx_media/讲评/image35.png,"v37 source asset; role=E3/E2 lecture PPTX; lecture/scoring same-SHA duplicates retained as assets, deduped only in source-page count."
Sd64506799887-cy2024-yimo-v37-925eed675356,Sd64506799887,embedded_media,,questions/BJ-2024-CY-YIMO/assets/pptx_media/讲评/image36.png,"v37 source asset; role=E3/E2 lecture PPTX; lecture/scoring same-SHA duplicates retained as assets, deduped only in source-page count."
Sd64506799887-cy2024-yimo-v37-13b026aca077,Sd64506799887,embedded_media,,questions/BJ-2024-CY-YIMO/assets/pptx_media/讲评/image37.png,"v37 source asset; role=E3/E2 lecture PPTX; lecture/scoring same-SHA duplicates retained as assets, deduped only in source-page count."
Sd64506799887-cy2024-yimo-v37-44d0ef8e071b,Sd64506799887,embedded_media,,questions/BJ-2024-CY-YIMO/assets/pptx_media/讲评/image38.png,"v37 source asset; role=E3/E2 lecture PPTX; lecture/scoring same-SHA duplicates retained as assets, deduped only in source-page count."
Sd64506799887-cy2024-yimo-v37-122d0effc62b,Sd64506799887,embedded_media,,questions/BJ-2024-CY-YIMO/assets/pptx_media/讲评/image39.png,"v37 source asset; role=E3/E2 lecture PPTX; lecture/scoring same-SHA duplicates retained as assets, deduped only in source-page count."
Sd64506799887-cy2024-yimo-v37-be4b736208c3,Sd64506799887,embedded_media,,questions/BJ-2024-CY-YIMO/assets/pptx_media/讲评/image4.png,"v37 source asset; role=E3/E2 lecture PPTX; lecture/scoring same-SHA duplicates retained as assets, deduped only in source-page count."
Sd64506799887-cy2024-yimo-v37-d6c87afcd34d,Sd64506799887,embedded_media,,questions/BJ-2024-CY-YIMO/assets/pptx_media/讲评/image5.wdp,"v37 source asset; role=E3/E2 lecture PPTX; lecture/scoring same-SHA duplicates retained as assets, deduped only in source-page count."
Sd64506799887-cy2024-yimo-v37-2984aa29f006,Sd64506799887,embedded_media,,questions/BJ-2024-CY-YIMO/assets/pptx_media/讲评/image6.png,"v37 source asset; role=E3/E2 lecture PPTX; lecture/scoring same-SHA duplicates retained as assets, deduped only in source-page count."
Sd64506799887-cy2024-yimo-v37-4b4eba0a52b0,Sd64506799887,embedded_media,,questions/BJ-2024-CY-YIMO/assets/pptx_media/讲评/image7.png,"v37 source asset; role=E3/E2 lecture PPTX; lecture/scoring same-SHA duplicates retained as assets, deduped only in source-page count."
Sd64506799887-cy2024-yimo-v37-e56ddd9bfc39,Sd64506799887,embedded_media,,questions/BJ-2024-CY-YIMO/assets/pptx_media/讲评/image8.jpeg,"v37 source asset; role=E3/E2 lecture PPTX; lecture/scoring same-SHA duplicates retained as assets, deduped only in source-page count."
Sd64506799887-cy2024-yimo-v37-ce9c2cf22444,Sd64506799887,embedded_media,,questions/BJ-2024-CY-YIMO/assets/pptx_media/讲评/image9.jpeg,"v37 source asset; role=E3/E2 lecture PPTX; lecture/scoring same-SHA duplicates retained as assets, deduped only in source-page count."
Sf6013d54b52c-cy2024-yimo-v37-9ad6d7cd3a9f,Sf6013d54b52c,document_render,,questions/BJ-2024-CY-YIMO/assets/renders/answer/answer.pdf,"v37 source asset; role=E3 answer DOCX; lecture/scoring same-SHA duplicates retained as assets, deduped only in source-page count."
Sf6013d54b52c-cy2024-yimo-v37-91503bbffc12,Sf6013d54b52c,page_render,1,questions/BJ-2024-CY-YIMO/assets/renders/answer/page-1.png,"v37 source asset; role=E3 answer DOCX; lecture/scoring same-SHA duplicates retained as assets, deduped only in source-page count."
Sf6013d54b52c-cy2024-yimo-v37-bbdadbd3af1b,Sf6013d54b52c,page_render,2,questions/BJ-2024-CY-YIMO/assets/renders/answer/page-2.png,"v37 source asset; role=E3 answer DOCX; lecture/scoring same-SHA duplicates retained as assets, deduped only in source-page count."
Sf6013d54b52c-cy2024-yimo-v37-02f030ed37e6,Sf6013d54b52c,page_render,3,questions/BJ-2024-CY-YIMO/assets/renders/answer/page-3.png,"v37 source asset; role=E3 answer DOCX; lecture/scoring same-SHA duplicates retained as assets, deduped only in source-page count."
Sd64506799887-cy2024-yimo-v37-4c9d841589ca,Sd64506799887,document_render,,questions/BJ-2024-CY-YIMO/assets/renders/lecture/lecture_same_sha.pdf,"v37 source asset; role=E3/E2 lecture PPTX; lecture/scoring same-SHA duplicates retained as assets, deduped only in source-page count."
Sd64506799887-cy2024-yimo-v37-2c3efb480b81,Sd64506799887,page_render,01,questions/BJ-2024-CY-YIMO/assets/renders/lecture/page-01.png,"v37 source asset; role=E3/E2 lecture PPTX; lecture/scoring same-SHA duplicates retained as assets, deduped only in source-page count."
Sd64506799887-cy2024-yimo-v37-102558e3fbb5,Sd64506799887,page_render,02,questions/BJ-2024-CY-YIMO/assets/renders/lecture/page-02.png,"v37 source asset; role=E3/E2 lecture PPTX; lecture/scoring same-SHA duplicates retained as assets, deduped only in source-page count."
Sd64506799887-cy2024-yimo-v37-43c78983980c,Sd64506799887,page_render,03,questions/BJ-2024-CY-YIMO/assets/renders/lecture/page-03.png,"v37 source asset; role=E3/E2 lecture PPTX; lecture/scoring same-SHA duplicates retained as assets, deduped only in source-page count."
Sd64506799887-cy2024-yimo-v37-fbf68f1edd4d,Sd64506799887,page_render,04,questions/BJ-2024-CY-YIMO/assets/renders/lecture/page-04.png,"v37 source asset; role=E3/E2 lecture PPTX; lecture/scoring same-SHA duplicates retained as assets, deduped only in source-page count."
Sd64506799887-cy2024-yimo-v37-933bd31f7bd8,Sd64506799887,page_render,05,questions/BJ-2024-CY-YIMO/assets/renders/lecture/page-05.png,"v37 source asset; role=E3/E2 lecture PPTX; lecture/scoring same-SHA duplicates retained as assets, deduped only in source-page count."
Sd64506799887-cy2024-yimo-v37-4f94f97aa757,Sd64506799887,page_render,06,questions/BJ-2024-CY-YIMO/assets/renders/lecture/page-06.png,"v37 source asset; role=E3/E2 lecture PPTX; lecture/scoring same-SHA duplicates retained as assets, deduped only in source-page count."
Sd64506799887-cy2024-yimo-v37-4c2f3c97a9a5,Sd64506799887,page_render,07,questions/BJ-2024-CY-YIMO/assets/renders/lecture/page-07.png,"v37 source asset; role=E3/E2 lecture PPTX; lecture/scoring same-SHA duplicates retained as assets, deduped only in source-page count."
Sd64506799887-cy2024-yimo-v37-707de0b88218,Sd64506799887,page_render,08,questions/BJ-2024-CY-YIMO/assets/renders/lecture/page-08.png,"v37 source asset; role=E3/E2 lecture PPTX; lecture/scoring same-SHA duplicates retained as assets, deduped only in source-page count."
Sd64506799887-cy2024-yimo-v37-9bbfeecc591e,Sd64506799887,page_render,09,questions/BJ-2024-CY-YIMO/assets/renders/lecture/page-09.png,"v37 source asset; role=E3/E2 lecture PPTX; lecture/scoring same-SHA duplicates retained as assets, deduped only in source-page count."
Sd64506799887-cy2024-yimo-v37-2bdec3db14e0,Sd64506799887,page_render,10,questions/BJ-2024-CY-YIMO/assets/renders/lecture/page-10.png,"v37 source asset; role=E3/E2 lecture PPTX; lecture/scoring same-SHA duplicates retained as assets, deduped only in source-page count."
Sd64506799887-cy2024-yimo-v37-657ebf7f6464,Sd64506799887,page_render,11,questions/BJ-2024-CY-YIMO/assets/renders/lecture/page-11.png,"v37 source asset; role=E3/E2 lecture PPTX; lecture/scoring same-SHA duplicates retained as assets, deduped only in source-page count."
Sd64506799887-cy2024-yimo-v37-dc458f05f177,Sd64506799887,page_render,12,questions/BJ-2024-CY-YIMO/assets/renders/lecture/page-12.png,"v37 source asset; role=E3/E2 lecture PPTX; lecture/scoring same-SHA duplicates retained as assets, deduped only in source-page count."
Sd64506799887-cy2024-yimo-v37-354b506461cd,Sd64506799887,page_render,13,questions/BJ-2024-CY-YIMO/assets/renders/lecture/page-13.png,"v37 source asset; role=E3/E2 lecture PPTX; lecture/scoring same-SHA duplicates retained as assets, deduped only in source-page count."
Sd64506799887-cy2024-yimo-v37-a6257c76592f,Sd64506799887,page_render,14,questions/BJ-2024-CY-YIMO/assets/renders/lecture/page-14.png,"v37 source asset; role=E3/E2 lecture PPTX; lecture/scoring same-SHA duplicates retained as assets, deduped only in source-page count."
Sd64506799887-cy2024-yimo-v37-02d8efdb153d,Sd64506799887,page_render,15,questions/BJ-2024-CY-YIMO/assets/renders/lecture/page-15.png,"v37 source asset; role=E3/E2 lecture PPTX; lecture/scoring same-SHA duplicates retained as assets, deduped only in source-page count."
Sd64506799887-cy2024-yimo-v37-cf610d2fe2f5,Sd64506799887,page_render,16,questions/BJ-2024-CY-YIMO/assets/renders/lecture/page-16.png,"v37 source asset; role=E3/E2 lecture PPTX; lecture/scoring same-SHA duplicates retained as assets, deduped only in source-page count."
Sd64506799887-cy2024-yimo-v37-4a94095e2783,Sd64506799887,page_render,17,questions/BJ-2024-CY-YIMO/assets/renders/lecture/page-17.png,"v37 source asset; role=E3/E2 lecture PPTX; lecture/scoring same-SHA duplicates retained as assets, deduped only in source-page count."
Sd64506799887-cy2024-yimo-v37-daceb4c1cb34,Sd64506799887,page_render,18,questions/BJ-2024-CY-YIMO/assets/renders/lecture/page-18.png,"v37 source asset; role=E3/E2 lecture PPTX; lecture/scoring same-SHA duplicates retained as assets, deduped only in source-page count."
Sd64506799887-cy2024-yimo-v37-d20e6753d087,Sd64506799887,page_render,19,questions/BJ-2024-CY-YIMO/assets/renders/lecture/page-19.png,"v37 source asset; role=E3/E2 lecture PPTX; lecture/scoring same-SHA duplicates retained as assets, deduped only in source-page count."
Sd64506799887-cy2024-yimo-v37-a524a3fe786d,Sd64506799887,page_render,20,questions/BJ-2024-CY-YIMO/assets/renders/lecture/page-20.png,"v37 source asset; role=E3/E2 lecture PPTX; lecture/scoring same-SHA duplicates retained as assets, deduped only in source-page count."
Sd64506799887-cy2024-yimo-v37-d651195d97df,Sd64506799887,page_render,21,questions/BJ-2024-CY-YIMO/assets/renders/lecture/page-21.png,"v37 source asset; role=E3/E2 lecture PPTX; lecture/scoring same-SHA duplicates retained as assets, deduped only in source-page count."
Sd64506799887-cy2024-yimo-v37-d24e487d09ee,Sd64506799887,page_render,22,questions/BJ-2024-CY-YIMO/assets/renders/lecture/page-22.png,"v37 source asset; role=E3/E2 lecture PPTX; lecture/scoring same-SHA duplicates retained as assets, deduped only in source-page count."
Sd64506799887-cy2024-yimo-v37-e21667d1c3ec,Sd64506799887,page_render,23,questions/BJ-2024-CY-YIMO/assets/renders/lecture/page-23.png,"v37 source asset; role=E3/E2 lecture PPTX; lecture/scoring same-SHA duplicates retained as assets, deduped only in source-page count."
Sd64506799887-cy2024-yimo-v37-78ae46585a1f,Sd64506799887,page_render,24,questions/BJ-2024-CY-YIMO/assets/renders/lecture/page-24.png,"v37 source asset; role=E3/E2 lecture PPTX; lecture/scoring same-SHA duplicates retained as assets, deduped only in source-page count."
Sd64506799887-cy2024-yimo-v37-8a78609b6399,Sd64506799887,page_render,25,questions/BJ-2024-CY-YIMO/assets/renders/lecture/page-25.png,"v37 source asset; role=E3/E2 lecture PPTX; lecture/scoring same-SHA duplicates retained as assets, deduped only in source-page count."
Sd64506799887-cy2024-yimo-v37-686dc5e84ac1,Sd64506799887,page_render,26,questions/BJ-2024-CY-YIMO/assets/renders/lecture/page-26.png,"v37 source asset; role=E3/E2 lecture PPTX; lecture/scoring same-SHA duplicates retained as assets, deduped only in source-page count."
Sd64506799887-cy2024-yimo-v37-63f1c8f6ceaf,Sd64506799887,page_render,27,questions/BJ-2024-CY-YIMO/assets/renders/lecture/page-27.png,"v37 source asset; role=E3/E2 lecture PPTX; lecture/scoring same-SHA duplicates retained as assets, deduped only in source-page count."
Sd64506799887-cy2024-yimo-v37-3fb8b9c14257,Sd64506799887,page_render,28,questions/BJ-2024-CY-YIMO/assets/renders/lecture/page-28.png,"v37 source asset; role=E3/E2 lecture PPTX; lecture/scoring same-SHA duplicates retained as assets, deduped only in source-page count."
Sd64506799887-cy2024-yimo-v37-20bd25cff1e6,Sd64506799887,page_render,29,questions/BJ-2024-CY-YIMO/assets/renders/lecture/page-29.png,"v37 source asset; role=E3/E2 lecture PPTX; lecture/scoring same-SHA duplicates retained as assets, deduped only in source-page count."
Sd64506799887-cy2024-yimo-v37-2c7f87ab1894,Sd64506799887,page_render,30,questions/BJ-2024-CY-YIMO/assets/renders/lecture/page-30.png,"v37 source asset; role=E3/E2 lecture PPTX; lecture/scoring same-SHA duplicates retained as assets, deduped only in source-page count."
Sd64506799887-cy2024-yimo-v37-35096b466050,Sd64506799887,page_render,31,questions/BJ-2024-CY-YIMO/assets/renders/lecture/page-31.png,"v37 source asset; role=E3/E2 lecture PPTX; lecture/scoring same-SHA duplicates retained as assets, deduped only in source-page count."
Sd64506799887-cy2024-yimo-v37-08848a99d97c,Sd64506799887,page_render,32,questions/BJ-2024-CY-YIMO/assets/renders/lecture/page-32.png,"v37 source asset; role=E3/E2 lecture PPTX; lecture/scoring same-SHA duplicates retained as assets, deduped only in source-page count."
Sd64506799887-cy2024-yimo-v37-0ac46d7c876d,Sd64506799887,page_render,33,questions/BJ-2024-CY-YIMO/assets/renders/lecture/page-33.png,"v37 source asset; role=E3/E2 lecture PPTX; lecture/scoring same-SHA duplicates retained as assets, deduped only in source-page count."
Sd64506799887-cy2024-yimo-v37-e57f710bca7e,Sd64506799887,page_render,34,questions/BJ-2024-CY-YIMO/assets/renders/lecture/page-34.png,"v37 source asset; role=E3/E2 lecture PPTX; lecture/scoring same-SHA duplicates retained as assets, deduped only in source-page count."
Sd64506799887-cy2024-yimo-v37-75047e43dfec,Sd64506799887,page_render,35,questions/BJ-2024-CY-YIMO/assets/renders/lecture/page-35.png,"v37 source asset; role=E3/E2 lecture PPTX; lecture/scoring same-SHA duplicates retained as assets, deduped only in source-page count."
Sd64506799887-cy2024-yimo-v37-88a73f022ed8,Sd64506799887,page_render,36,questions/BJ-2024-CY-YIMO/assets/renders/lecture/page-36.png,"v37 source asset; role=E3/E2 lecture PPTX; lecture/scoring same-SHA duplicates retained as assets, deduped only in source-page count."
Sd64506799887-cy2024-yimo-v37-7c1c8965d886,Sd64506799887,page_render,37,questions/BJ-2024-CY-YIMO/assets/renders/lecture/page-37.png,"v37 source asset; role=E3/E2 lecture PPTX; lecture/scoring same-SHA duplicates retained as assets, deduped only in source-page count."
Sd64506799887-cy2024-yimo-v37-a3063fa72ab9,Sd64506799887,page_render,38,questions/BJ-2024-CY-YIMO/assets/renders/lecture/page-38.png,"v37 source asset; role=E3/E2 lecture PPTX; lecture/scoring same-SHA duplicates retained as assets, deduped only in source-page count."
Sd64506799887-cy2024-yimo-v37-ca1aabf6bf99,Sd64506799887,page_render,39,questions/BJ-2024-CY-YIMO/assets/renders/lecture/page-39.png,"v37 source asset; role=E3/E2 lecture PPTX; lecture/scoring same-SHA duplicates retained as assets, deduped only in source-page count."
Sd64506799887-cy2024-yimo-v37-fc4825754b10,Sd64506799887,page_render,40,questions/BJ-2024-CY-YIMO/assets/renders/lecture/page-40.png,"v37 source asset; role=E3/E2 lecture PPTX; lecture/scoring same-SHA duplicates retained as assets, deduped only in source-page count."
Sd64506799887-cy2024-yimo-v37-962c127463aa,Sd64506799887,page_render,41,questions/BJ-2024-CY-YIMO/assets/renders/lecture/page-41.png,"v37 source asset; role=E3/E2 lecture PPTX; lecture/scoring same-SHA duplicates retained as assets, deduped only in source-page count."
Sd64506799887-cy2024-yimo-v37-19c6c17d6b7b,Sd64506799887,page_render,42,questions/BJ-2024-CY-YIMO/assets/renders/lecture/page-42.png,"v37 source asset; role=E3/E2 lecture PPTX; lecture/scoring same-SHA duplicates retained as assets, deduped only in source-page count."
Sd64506799887-cy2024-yimo-v37-ee337181fabd,Sd64506799887,page_render,43,questions/BJ-2024-CY-YIMO/assets/renders/lecture/page-43.png,"v37 source asset; role=E3/E2 lecture PPTX; lecture/scoring same-SHA duplicates retained as assets, deduped only in source-page count."
Sd64506799887-cy2024-yimo-v37-abba55008e70,Sd64506799887,page_render,44,questions/BJ-2024-CY-YIMO/assets/renders/lecture/page-44.png,"v37 source asset; role=E3/E2 lecture PPTX; lecture/scoring same-SHA duplicates retained as assets, deduped only in source-page count."
Sd64506799887-cy2024-yimo-v37-4586d7ae3a79,Sd64506799887,page_render,45,questions/BJ-2024-CY-YIMO/assets/renders/lecture/page-45.png,"v37 source asset; role=E3/E2 lecture PPTX; lecture/scoring same-SHA duplicates retained as assets, deduped only in source-page count."
Sd64506799887-cy2024-yimo-v37-5c832b8518c7,Sd64506799887,page_render,46,questions/BJ-2024-CY-YIMO/assets/renders/lecture/page-46.png,"v37 source asset; role=E3/E2 lecture PPTX; lecture/scoring same-SHA duplicates retained as assets, deduped only in source-page count."
Sd64506799887-cy2024-yimo-v37-9298b982a07b,Sd64506799887,page_render,47,questions/BJ-2024-CY-YIMO/assets/renders/lecture/page-47.png,"v37 source asset; role=E3/E2 lecture PPTX; lecture/scoring same-SHA duplicates retained as assets, deduped only in source-page count."
Sd64506799887-cy2024-yimo-v37-d4f3ad21dde5,Sd64506799887,page_render,48,questions/BJ-2024-CY-YIMO/assets/renders/lecture/page-48.png,"v37 source asset; role=E3/E2 lecture PPTX; lecture/scoring same-SHA duplicates retained as assets, deduped only in source-page count."
Sd64506799887-cy2024-yimo-v37-7af5fc629922,Sd64506799887,page_render,49,questions/BJ-2024-CY-YIMO/assets/renders/lecture/page-49.png,"v37 source asset; role=E3/E2 lecture PPTX; lecture/scoring same-SHA duplicates retained as assets, deduped only in source-page count."
Sd64506799887-cy2024-yimo-v37-c513f376a48f,Sd64506799887,page_render,50,questions/BJ-2024-CY-YIMO/assets/renders/lecture/page-50.png,"v37 source asset; role=E3/E2 lecture PPTX; lecture/scoring same-SHA duplicates retained as assets, deduped only in source-page count."
Sd64506799887-cy2024-yimo-v37-1008ed9e370d,Sd64506799887,page_render,01,questions/BJ-2024-CY-YIMO/assets/renders/scoring/page-01.png,"v37 source asset; role=E1/E2 scoring PPTX; lecture/scoring same-SHA duplicates retained as assets, deduped only in source-page count."
Sd64506799887-cy2024-yimo-v37-00205226d34c,Sd64506799887,page_render,02,questions/BJ-2024-CY-YIMO/assets/renders/scoring/page-02.png,"v37 source asset; role=E1/E2 scoring PPTX; lecture/scoring same-SHA duplicates retained as assets, deduped only in source-page count."
Sd64506799887-cy2024-yimo-v37-6b50e1352669,Sd64506799887,page_render,03,questions/BJ-2024-CY-YIMO/assets/renders/scoring/page-03.png,"v37 source asset; role=E1/E2 scoring PPTX; lecture/scoring same-SHA duplicates retained as assets, deduped only in source-page count."
Sd64506799887-cy2024-yimo-v37-7c5a18ad1353,Sd64506799887,page_render,04,questions/BJ-2024-CY-YIMO/assets/renders/scoring/page-04.png,"v37 source asset; role=E1/E2 scoring PPTX; lecture/scoring same-SHA duplicates retained as assets, deduped only in source-page count."
Sd64506799887-cy2024-yimo-v37-68f6c0ab944d,Sd64506799887,page_render,05,questions/BJ-2024-CY-YIMO/assets/renders/scoring/page-05.png,"v37 source asset; role=E1/E2 scoring PPTX; lecture/scoring same-SHA duplicates retained as assets, deduped only in source-page count."
Sd64506799887-cy2024-yimo-v37-16c6130361c1,Sd64506799887,page_render,06,questions/BJ-2024-CY-YIMO/assets/renders/scoring/page-06.png,"v37 source asset; role=E1/E2 scoring PPTX; lecture/scoring same-SHA duplicates retained as assets, deduped only in source-page count."
Sd64506799887-cy2024-yimo-v37-4f356e95fad0,Sd64506799887,page_render,07,questions/BJ-2024-CY-YIMO/assets/renders/scoring/page-07.png,"v37 source asset; role=E1/E2 scoring PPTX; lecture/scoring same-SHA duplicates retained as assets, deduped only in source-page count."
Sd64506799887-cy2024-yimo-v37-13dd564fe844,Sd64506799887,page_render,08,questions/BJ-2024-CY-YIMO/assets/renders/scoring/page-08.png,"v37 source asset; role=E1/E2 scoring PPTX; lecture/scoring same-SHA duplicates retained as assets, deduped only in source-page count."
Sd64506799887-cy2024-yimo-v37-90288199f656,Sd64506799887,page_render,09,questions/BJ-2024-CY-YIMO/assets/renders/scoring/page-09.png,"v37 source asset; role=E1/E2 scoring PPTX; lecture/scoring same-SHA duplicates retained as assets, deduped only in source-page count."
Sd64506799887-cy2024-yimo-v37-690db35962a0,Sd64506799887,page_render,10,questions/BJ-2024-CY-YIMO/assets/renders/scoring/page-10.png,"v37 source asset; role=E1/E2 scoring PPTX; lecture/scoring same-SHA duplicates retained as assets, deduped only in source-page count."
Sd64506799887-cy2024-yimo-v37-d5efc66463f1,Sd64506799887,page_render,11,questions/BJ-2024-CY-YIMO/assets/renders/scoring/page-11.png,"v37 source asset; role=E1/E2 scoring PPTX; lecture/scoring same-SHA duplicates retained as assets, deduped only in source-page count."
Sd64506799887-cy2024-yimo-v37-15fb0dcaa16f,Sd64506799887,page_render,12,questions/BJ-2024-CY-YIMO/assets/renders/scoring/page-12.png,"v37 source asset; role=E1/E2 scoring PPTX; lecture/scoring same-SHA duplicates retained as assets, deduped only in source-page count."
Sd64506799887-cy2024-yimo-v37-9d0a05ed4cf3,Sd64506799887,page_render,13,questions/BJ-2024-CY-YIMO/assets/renders/scoring/page-13.png,"v37 source asset; role=E1/E2 scoring PPTX; lecture/scoring same-SHA duplicates retained as assets, deduped only in source-page count."
Sd64506799887-cy2024-yimo-v37-d00f0a92e47a,Sd64506799887,page_render,14,questions/BJ-2024-CY-YIMO/assets/renders/scoring/page-14.png,"v37 source asset; role=E1/E2 scoring PPTX; lecture/scoring same-SHA duplicates retained as assets, deduped only in source-page count."
Sd64506799887-cy2024-yimo-v37-49376400f746,Sd64506799887,page_render,15,questions/BJ-2024-CY-YIMO/assets/renders/scoring/page-15.png,"v37 source asset; role=E1/E2 scoring PPTX; lecture/scoring same-SHA duplicates retained as assets, deduped only in source-page count."
Sd64506799887-cy2024-yimo-v37-e7533725a48e,Sd64506799887,page_render,16,questions/BJ-2024-CY-YIMO/assets/renders/scoring/page-16.png,"v37 source asset; role=E1/E2 scoring PPTX; lecture/scoring same-SHA duplicates retained as assets, deduped only in source-page count."
Sd64506799887-cy2024-yimo-v37-ad070daf5bfb,Sd64506799887,page_render,17,questions/BJ-2024-CY-YIMO/assets/renders/scoring/page-17.png,"v37 source asset; role=E1/E2 scoring PPTX; lecture/scoring same-SHA duplicates retained as assets, deduped only in source-page count."
Sd64506799887-cy2024-yimo-v37-34f3a9095ecb,Sd64506799887,page_render,18,questions/BJ-2024-CY-YIMO/assets/renders/scoring/page-18.png,"v37 source asset; role=E1/E2 scoring PPTX; lecture/scoring same-SHA duplicates retained as assets, deduped only in source-page count."
Sd64506799887-cy2024-yimo-v37-5d4e9653b16d,Sd64506799887,page_render,19,questions/BJ-2024-CY-YIMO/assets/renders/scoring/page-19.png,"v37 source asset; role=E1/E2 scoring PPTX; lecture/scoring same-SHA duplicates retained as assets, deduped only in source-page count."
Sd64506799887-cy2024-yimo-v37-075198f108d4,Sd64506799887,page_render,20,questions/BJ-2024-CY-YIMO/assets/renders/scoring/page-20.png,"v37 source asset; role=E1/E2 scoring PPTX; lecture/scoring same-SHA duplicates retained as assets, deduped only in source-page count."
Sd64506799887-cy2024-yimo-v37-be9fd023896d,Sd64506799887,page_render,21,questions/BJ-2024-CY-YIMO/assets/renders/scoring/page-21.png,"v37 source asset; role=E1/E2 scoring PPTX; lecture/scoring same-SHA duplicates retained as assets, deduped only in source-page count."
Sd64506799887-cy2024-yimo-v37-e78f4a635868,Sd64506799887,page_render,22,questions/BJ-2024-CY-YIMO/assets/renders/scoring/page-22.png,"v37 source asset; role=E1/E2 scoring PPTX; lecture/scoring same-SHA duplicates retained as assets, deduped only in source-page count."
Sd64506799887-cy2024-yimo-v37-8814ca5bc17c,Sd64506799887,page_render,23,questions/BJ-2024-CY-YIMO/assets/renders/scoring/page-23.png,"v37 source asset; role=E1/E2 scoring PPTX; lecture/scoring same-SHA duplicates retained as assets, deduped only in source-page count."
Sd64506799887-cy2024-yimo-v37-5d05dd1aa3ab,Sd64506799887,page_render,24,questions/BJ-2024-CY-YIMO/assets/renders/scoring/page-24.png,"v37 source asset; role=E1/E2 scoring PPTX; lecture/scoring same-SHA duplicates retained as assets, deduped only in source-page count."
Sd64506799887-cy2024-yimo-v37-3148470ba4c3,Sd64506799887,page_render,25,questions/BJ-2024-CY-YIMO/assets/renders/scoring/page-25.png,"v37 source asset; role=E1/E2 scoring PPTX; lecture/scoring same-SHA duplicates retained as assets, deduped only in source-page count."
Sd64506799887-cy2024-yimo-v37-d12966465ec9,Sd64506799887,page_render,26,questions/BJ-2024-CY-YIMO/assets/renders/scoring/page-26.png,"v37 source asset; role=E1/E2 scoring PPTX; lecture/scoring same-SHA duplicates retained as assets, deduped only in source-page count."
Sd64506799887-cy2024-yimo-v37-9b78c1aeddbd,Sd64506799887,page_render,27,questions/BJ-2024-CY-YIMO/assets/renders/scoring/page-27.png,"v37 source asset; role=E1/E2 scoring PPTX; lecture/scoring same-SHA duplicates retained as assets, deduped only in source-page count."
Sd64506799887-cy2024-yimo-v37-7ede878afc5f,Sd64506799887,page_render,28,questions/BJ-2024-CY-YIMO/assets/renders/scoring/page-28.png,"v37 source asset; role=E1/E2 scoring PPTX; lecture/scoring same-SHA duplicates retained as assets, deduped only in source-page count."
Sd64506799887-cy2024-yimo-v37-7e7735ec6acd,Sd64506799887,page_render,29,questions/BJ-2024-CY-YIMO/assets/renders/scoring/page-29.png,"v37 source asset; role=E1/E2 scoring PPTX; lecture/scoring same-SHA duplicates retained as assets, deduped only in source-page count."
Sd64506799887-cy2024-yimo-v37-89d0f786b299,Sd64506799887,page_render,30,questions/BJ-2024-CY-YIMO/assets/renders/scoring/page-30.png,"v37 source asset; role=E1/E2 scoring PPTX; lecture/scoring same-SHA duplicates retained as assets, deduped only in source-page count."
Sd64506799887-cy2024-yimo-v37-2f4e12ad32d4,Sd64506799887,page_render,31,questions/BJ-2024-CY-YIMO/assets/renders/scoring/page-31.png,"v37 source asset; role=E1/E2 scoring PPTX; lecture/scoring same-SHA duplicates retained as assets, deduped only in source-page count."
Sd64506799887-cy2024-yimo-v37-d64af6ffb308,Sd64506799887,page_render,32,questions/BJ-2024-CY-YIMO/assets/renders/scoring/page-32.png,"v37 source asset; role=E1/E2 scoring PPTX; lecture/scoring same-SHA duplicates retained as assets, deduped only in source-page count."
Sd64506799887-cy2024-yimo-v37-5fb74b7b6e55,Sd64506799887,page_render,33,questions/BJ-2024-CY-YIMO/assets/renders/scoring/page-33.png,"v37 source asset; role=E1/E2 scoring PPTX; lecture/scoring same-SHA duplicates retained as assets, deduped only in source-page count."
Sd64506799887-cy2024-yimo-v37-80431018545b,Sd64506799887,page_render,34,questions/BJ-2024-CY-YIMO/assets/renders/scoring/page-34.png,"v37 source asset; role=E1/E2 scoring PPTX; lecture/scoring same-SHA duplicates retained as assets, deduped only in source-page count."
Sd64506799887-cy2024-yimo-v37-7cd2f24ef7fe,Sd64506799887,page_render,35,questions/BJ-2024-CY-YIMO/assets/renders/scoring/page-35.png,"v37 source asset; role=E1/E2 scoring PPTX; lecture/scoring same-SHA duplicates retained as assets, deduped only in source-page count."
Sd64506799887-cy2024-yimo-v37-c4804a83067c,Sd64506799887,page_render,36,questions/BJ-2024-CY-YIMO/assets/renders/scoring/page-36.png,"v37 source asset; role=E1/E2 scoring PPTX; lecture/scoring same-SHA duplicates retained as assets, deduped only in source-page count."
Sd64506799887-cy2024-yimo-v37-56d0bd19eb1a,Sd64506799887,page_render,37,questions/BJ-2024-CY-YIMO/assets/renders/scoring/page-37.png,"v37 source asset; role=E1/E2 scoring PPTX; lecture/scoring same-SHA duplicates retained as assets, deduped only in source-page count."
Sd64506799887-cy2024-yimo-v37-f5deaf6c6686,Sd64506799887,page_render,38,questions/BJ-2024-CY-YIMO/assets/renders/scoring/page-38.png,"v37 source asset; role=E1/E2 scoring PPTX; lecture/scoring same-SHA duplicates retained as assets, deduped only in source-page count."
Sd64506799887-cy2024-yimo-v37-2cc0947f61fe,Sd64506799887,page_render,39,questions/BJ-2024-CY-YIMO/assets/renders/scoring/page-39.png,"v37 source asset; role=E1/E2 scoring PPTX; lecture/scoring same-SHA duplicates retained as assets, deduped only in source-page count."
Sd64506799887-cy2024-yimo-v37-ce6e092d043c,Sd64506799887,page_render,40,questions/BJ-2024-CY-YIMO/assets/renders/scoring/page-40.png,"v37 source asset; role=E1/E2 scoring PPTX; lecture/scoring same-SHA duplicates retained as assets, deduped only in source-page count."
Sd64506799887-cy2024-yimo-v37-093a3e68216f,Sd64506799887,page_render,41,questions/BJ-2024-CY-YIMO/assets/renders/scoring/page-41.png,"v37 source asset; role=E1/E2 scoring PPTX; lecture/scoring same-SHA duplicates retained as assets, deduped only in source-page count."
Sd64506799887-cy2024-yimo-v37-85d5c0acd28b,Sd64506799887,page_render,42,questions/BJ-2024-CY-YIMO/assets/renders/scoring/page-42.png,"v37 source asset; role=E1/E2 scoring PPTX; lecture/scoring same-SHA duplicates retained as assets, deduped only in source-page count."
Sd64506799887-cy2024-yimo-v37-c5548d27a5ae,Sd64506799887,page_render,43,questions/BJ-2024-CY-YIMO/assets/renders/scoring/page-43.png,"v37 source asset; role=E1/E2 scoring PPTX; lecture/scoring same-SHA duplicates retained as assets, deduped only in source-page count."
Sd64506799887-cy2024-yimo-v37-2f990d39da86,Sd64506799887,page_render,44,questions/BJ-2024-CY-YIMO/assets/renders/scoring/page-44.png,"v37 source asset; role=E1/E2 scoring PPTX; lecture/scoring same-SHA duplicates retained as assets, deduped only in source-page count."
Sd64506799887-cy2024-yimo-v37-859f4bb86ccf,Sd64506799887,page_render,45,questions/BJ-2024-CY-YIMO/assets/renders/scoring/page-45.png,"v37 source asset; role=E1/E2 scoring PPTX; lecture/scoring same-SHA duplicates retained as assets, deduped only in source-page count."
Sd64506799887-cy2024-yimo-v37-5edcd446bb0f,Sd64506799887,page_render,46,questions/BJ-2024-CY-YIMO/assets/renders/scoring/page-46.png,"v37 source asset; role=E1/E2 scoring PPTX; lecture/scoring same-SHA duplicates retained as assets, deduped only in source-page count."
Sd64506799887-cy2024-yimo-v37-7f380373b2a4,Sd64506799887,page_render,47,questions/BJ-2024-CY-YIMO/assets/renders/scoring/page-47.png,"v37 source asset; role=E1/E2 scoring PPTX; lecture/scoring same-SHA duplicates retained as assets, deduped only in source-page count."
Sd64506799887-cy2024-yimo-v37-e3acbd655724,Sd64506799887,page_render,48,questions/BJ-2024-CY-YIMO/assets/renders/scoring/page-48.png,"v37 source asset; role=E1/E2 scoring PPTX; lecture/scoring same-SHA duplicates retained as assets, deduped only in source-page count."
Sd64506799887-cy2024-yimo-v37-f44ce8e2e7c8,Sd64506799887,page_render,49,questions/BJ-2024-CY-YIMO/assets/renders/scoring/page-49.png,"v37 source asset; role=E1/E2 scoring PPTX; lecture/scoring same-SHA duplicates retained as assets, deduped only in source-page count."
Sd64506799887-cy2024-yimo-v37-91100eb788d5,Sd64506799887,page_render,50,questions/BJ-2024-CY-YIMO/assets/renders/scoring/page-50.png,"v37 source asset; role=E1/E2 scoring PPTX; lecture/scoring same-SHA duplicates retained as assets, deduped only in source-page count."
Sd64506799887-cy2024-yimo-v37-3a271f49c45a,Sd64506799887,document_render,,questions/BJ-2024-CY-YIMO/assets/renders/scoring/scoring_same_sha.pdf,"v37 source asset; role=E1/E2 scoring PPTX; lecture/scoring same-SHA duplicates retained as assets, deduped only in source-page count."
Sf6013d54b52c-cy2024-yimo-v37-51cb4a2a022a,Sf6013d54b52c,page_render,1,questions/BJ-2024-CY-YIMO/assets/scoring_pages/docx_page-1.png,"v37 source asset; role=E3 answer DOCX; lecture/scoring same-SHA duplicates retained as assets, deduped only in source-page count."
Sf6013d54b52c-cy2024-yimo-v37-4de2230f2027,Sf6013d54b52c,page_render,2,questions/BJ-2024-CY-YIMO/assets/scoring_pages/docx_page-2.png,"v37 source asset; role=E3 answer DOCX; lecture/scoring same-SHA duplicates retained as assets, deduped only in source-page count."
Sd64506799887-cy2024-yimo-v37-54b5d8cc1088,Sd64506799887,page_render,01,questions/BJ-2024-CY-YIMO/assets/scoring_pages/page-01.png,"v37 source asset; role=E1/E2 scoring PPTX; lecture/scoring same-SHA duplicates retained as assets, deduped only in source-page count."
Sd64506799887-cy2024-yimo-v37-783b95aecdef,Sd64506799887,page_render,02,questions/BJ-2024-CY-YIMO/assets/scoring_pages/page-02.png,"v37 source asset; role=E1/E2 scoring PPTX; lecture/scoring same-SHA duplicates retained as assets, deduped only in source-page count."
Sd64506799887-cy2024-yimo-v37-77ea3fefad72,Sd64506799887,page_render,03,questions/BJ-2024-CY-YIMO/assets/scoring_pages/page-03.png,"v37 source asset; role=E1/E2 scoring PPTX; lecture/scoring same-SHA duplicates retained as assets, deduped only in source-page count."
Sd64506799887-cy2024-yimo-v37-5400353621ca,Sd64506799887,page_render,04,questions/BJ-2024-CY-YIMO/assets/scoring_pages/page-04.png,"v37 source asset; role=E1/E2 scoring PPTX; lecture/scoring same-SHA duplicates retained as assets, deduped only in source-page count."
Sd64506799887-cy2024-yimo-v37-61ecb97883e5,Sd64506799887,page_render,05,questions/BJ-2024-CY-YIMO/assets/scoring_pages/page-05.png,"v37 source asset; role=E1/E2 scoring PPTX; lecture/scoring same-SHA duplicates retained as assets, deduped only in source-page count."
Sd64506799887-cy2024-yimo-v37-f74916190750,Sd64506799887,page_render,06,questions/BJ-2024-CY-YIMO/assets/scoring_pages/page-06.png,"v37 source asset; role=E1/E2 scoring PPTX; lecture/scoring same-SHA duplicates retained as assets, deduped only in source-page count."
Sd64506799887-cy2024-yimo-v37-a903feb062c5,Sd64506799887,page_render,07,questions/BJ-2024-CY-YIMO/assets/scoring_pages/page-07.png,"v37 source asset; role=E1/E2 scoring PPTX; lecture/scoring same-SHA duplicates retained as assets, deduped only in source-page count."
Sd64506799887-cy2024-yimo-v37-27f74a051986,Sd64506799887,page_render,08,questions/BJ-2024-CY-YIMO/assets/scoring_pages/page-08.png,"v37 source asset; role=E1/E2 scoring PPTX; lecture/scoring same-SHA duplicates retained as assets, deduped only in source-page count."
Sd64506799887-cy2024-yimo-v37-866b0943b239,Sd64506799887,page_render,09,questions/BJ-2024-CY-YIMO/assets/scoring_pages/page-09.png,"v37 source asset; role=E1/E2 scoring PPTX; lecture/scoring same-SHA duplicates retained as assets, deduped only in source-page count."
Sd64506799887-cy2024-yimo-v37-6dcaf2cd8bb3,Sd64506799887,page_render,10,questions/BJ-2024-CY-YIMO/assets/scoring_pages/page-10.png,"v37 source asset; role=E1/E2 scoring PPTX; lecture/scoring same-SHA duplicates retained as assets, deduped only in source-page count."
Sd64506799887-cy2024-yimo-v37-50761cd904f0,Sd64506799887,page_render,11,questions/BJ-2024-CY-YIMO/assets/scoring_pages/page-11.png,"v37 source asset; role=E1/E2 scoring PPTX; lecture/scoring same-SHA duplicates retained as assets, deduped only in source-page count."
Sd64506799887-cy2024-yimo-v37-ce0bc14feb73,Sd64506799887,page_render,12,questions/BJ-2024-CY-YIMO/assets/scoring_pages/page-12.png,"v37 source asset; role=E1/E2 scoring PPTX; lecture/scoring same-SHA duplicates retained as assets, deduped only in source-page count."
Sd64506799887-cy2024-yimo-v37-b39029c32fff,Sd64506799887,page_render,13,questions/BJ-2024-CY-YIMO/assets/scoring_pages/page-13.png,"v37 source asset; role=E1/E2 scoring PPTX; lecture/scoring same-SHA duplicates retained as assets, deduped only in source-page count."
Sd64506799887-cy2024-yimo-v37-7b93c2eec4a9,Sd64506799887,page_render,14,questions/BJ-2024-CY-YIMO/assets/scoring_pages/page-14.png,"v37 source asset; role=E1/E2 scoring PPTX; lecture/scoring same-SHA duplicates retained as assets, deduped only in source-page count."
Sd64506799887-cy2024-yimo-v37-3c6adcd9686a,Sd64506799887,page_render,15,questions/BJ-2024-CY-YIMO/assets/scoring_pages/page-15.png,"v37 source asset; role=E1/E2 scoring PPTX; lecture/scoring same-SHA duplicates retained as assets, deduped only in source-page count."
Sd64506799887-cy2024-yimo-v37-16dbcd35a798,Sd64506799887,page_render,16,questions/BJ-2024-CY-YIMO/assets/scoring_pages/page-16.png,"v37 source asset; role=E1/E2 scoring PPTX; lecture/scoring same-SHA duplicates retained as assets, deduped only in source-page count."
Sd64506799887-cy2024-yimo-v37-2e9961348bf8,Sd64506799887,page_render,17,questions/BJ-2024-CY-YIMO/assets/scoring_pages/page-17.png,"v37 source asset; role=E1/E2 scoring PPTX; lecture/scoring same-SHA duplicates retained as assets, deduped only in source-page count."
Sd64506799887-cy2024-yimo-v37-116e41d90e11,Sd64506799887,page_render,18,questions/BJ-2024-CY-YIMO/assets/scoring_pages/page-18.png,"v37 source asset; role=E1/E2 scoring PPTX; lecture/scoring same-SHA duplicates retained as assets, deduped only in source-page count."
Sd64506799887-cy2024-yimo-v37-b62840682387,Sd64506799887,page_render,19,questions/BJ-2024-CY-YIMO/assets/scoring_pages/page-19.png,"v37 source asset; role=E1/E2 scoring PPTX; lecture/scoring same-SHA duplicates retained as assets, deduped only in source-page count."
Sd64506799887-cy2024-yimo-v37-2f089acbafc3,Sd64506799887,page_render,20,questions/BJ-2024-CY-YIMO/assets/scoring_pages/page-20.png,"v37 source asset; role=E1/E2 scoring PPTX; lecture/scoring same-SHA duplicates retained as assets, deduped only in source-page count."
Sd64506799887-cy2024-yimo-v37-b3e42041e7a8,Sd64506799887,page_render,21,questions/BJ-2024-CY-YIMO/assets/scoring_pages/page-21.png,"v37 source asset; role=E1/E2 scoring PPTX; lecture/scoring same-SHA duplicates retained as assets, deduped only in source-page count."
Sd64506799887-cy2024-yimo-v37-51e188d62d76,Sd64506799887,page_render,22,questions/BJ-2024-CY-YIMO/assets/scoring_pages/page-22.png,"v37 source asset; role=E1/E2 scoring PPTX; lecture/scoring same-SHA duplicates retained as assets, deduped only in source-page count."
Sd64506799887-cy2024-yimo-v37-ceea30fdd037,Sd64506799887,page_render,23,questions/BJ-2024-CY-YIMO/assets/scoring_pages/page-23.png,"v37 source asset; role=E1/E2 scoring PPTX; lecture/scoring same-SHA duplicates retained as assets, deduped only in source-page count."
Sd64506799887-cy2024-yimo-v37-81c34493c358,Sd64506799887,page_render,24,questions/BJ-2024-CY-YIMO/assets/scoring_pages/page-24.png,"v37 source asset; role=E1/E2 scoring PPTX; lecture/scoring same-SHA duplicates retained as assets, deduped only in source-page count."
Sd64506799887-cy2024-yimo-v37-db9f52c96f99,Sd64506799887,page_render,25,questions/BJ-2024-CY-YIMO/assets/scoring_pages/page-25.png,"v37 source asset; role=E1/E2 scoring PPTX; lecture/scoring same-SHA duplicates retained as assets, deduped only in source-page count."
Sd64506799887-cy2024-yimo-v37-f098f60dd158,Sd64506799887,page_render,26,questions/BJ-2024-CY-YIMO/assets/scoring_pages/page-26.png,"v37 source asset; role=E1/E2 scoring PPTX; lecture/scoring same-SHA duplicates retained as assets, deduped only in source-page count."
Sd64506799887-cy2024-yimo-v37-789be4f3ef17,Sd64506799887,page_render,27,questions/BJ-2024-CY-YIMO/assets/scoring_pages/page-27.png,"v37 source asset; role=E1/E2 scoring PPTX; lecture/scoring same-SHA duplicates retained as assets, deduped only in source-page count."
Sd64506799887-cy2024-yimo-v37-8d8c204834af,Sd64506799887,page_render,28,questions/BJ-2024-CY-YIMO/assets/scoring_pages/page-28.png,"v37 source asset; role=E1/E2 scoring PPTX; lecture/scoring same-SHA duplicates retained as assets, deduped only in source-page count."
Sd64506799887-cy2024-yimo-v37-ebb0a4665107,Sd64506799887,page_render,29,questions/BJ-2024-CY-YIMO/assets/scoring_pages/page-29.png,"v37 source asset; role=E1/E2 scoring PPTX; lecture/scoring same-SHA duplicates retained as assets, deduped only in source-page count."
Sd64506799887-cy2024-yimo-v37-b53c1b977472,Sd64506799887,page_render,30,questions/BJ-2024-CY-YIMO/assets/scoring_pages/page-30.png,"v37 source asset; role=E1/E2 scoring PPTX; lecture/scoring same-SHA duplicates retained as assets, deduped only in source-page count."
Sd64506799887-cy2024-yimo-v37-672717584b71,Sd64506799887,page_render,31,questions/BJ-2024-CY-YIMO/assets/scoring_pages/page-31.png,"v37 source asset; role=E1/E2 scoring PPTX; lecture/scoring same-SHA duplicates retained as assets, deduped only in source-page count."
Sd64506799887-cy2024-yimo-v37-b32878b9001e,Sd64506799887,page_render,32,questions/BJ-2024-CY-YIMO/assets/scoring_pages/page-32.png,"v37 source asset; role=E1/E2 scoring PPTX; lecture/scoring same-SHA duplicates retained as assets, deduped only in source-page count."
Sd64506799887-cy2024-yimo-v37-398f9a7749a3,Sd64506799887,page_render,33,questions/BJ-2024-CY-YIMO/assets/scoring_pages/page-33.png,"v37 source asset; role=E1/E2 scoring PPTX; lecture/scoring same-SHA duplicates retained as assets, deduped only in source-page count."
Sd64506799887-cy2024-yimo-v37-a623d0e88dc3,Sd64506799887,page_render,34,questions/BJ-2024-CY-YIMO/assets/scoring_pages/page-34.png,"v37 source asset; role=E1/E2 scoring PPTX; lecture/scoring same-SHA duplicates retained as assets, deduped only in source-page count."
Sd64506799887-cy2024-yimo-v37-07a2b5030d6a,Sd64506799887,page_render,35,questions/BJ-2024-CY-YIMO/assets/scoring_pages/page-35.png,"v37 source asset; role=E1/E2 scoring PPTX; lecture/scoring same-SHA duplicates retained as assets, deduped only in source-page count."
Sd64506799887-cy2024-yimo-v37-9d8e80cb99dd,Sd64506799887,page_render,36,questions/BJ-2024-CY-YIMO/assets/scoring_pages/page-36.png,"v37 source asset; role=E1/E2 scoring PPTX; lecture/scoring same-SHA duplicates retained as assets, deduped only in source-page count."
Sd64506799887-cy2024-yimo-v37-77a4b8251082,Sd64506799887,page_render,37,questions/BJ-2024-CY-YIMO/assets/scoring_pages/page-37.png,"v37 source asset; role=E1/E2 scoring PPTX; lecture/scoring same-SHA duplicates retained as assets, deduped only in source-page count."
Sd64506799887-cy2024-yimo-v37-685b03cd286f,Sd64506799887,page_render,38,questions/BJ-2024-CY-YIMO/assets/scoring_pages/page-38.png,"v37 source asset; role=E1/E2 scoring PPTX; lecture/scoring same-SHA duplicates retained as assets, deduped only in source-page count."
Sd64506799887-cy2024-yimo-v37-49c44933eb52,Sd64506799887,page_render,39,questions/BJ-2024-CY-YIMO/assets/scoring_pages/page-39.png,"v37 source asset; role=E1/E2 scoring PPTX; lecture/scoring same-SHA duplicates retained as assets, deduped only in source-page count."
Sd64506799887-cy2024-yimo-v37-57b31f18ace7,Sd64506799887,page_render,40,questions/BJ-2024-CY-YIMO/assets/scoring_pages/page-40.png,"v37 source asset; role=E1/E2 scoring PPTX; lecture/scoring same-SHA duplicates retained as assets, deduped only in source-page count."
Sd64506799887-cy2024-yimo-v37-6abc0de2a0d6,Sd64506799887,page_render,41,questions/BJ-2024-CY-YIMO/assets/scoring_pages/page-41.png,"v37 source asset; role=E1/E2 scoring PPTX; lecture/scoring same-SHA duplicates retained as assets, deduped only in source-page count."
Sd64506799887-cy2024-yimo-v37-445113858b8b,Sd64506799887,page_render,42,questions/BJ-2024-CY-YIMO/assets/scoring_pages/page-42.png,"v37 source asset; role=E1/E2 scoring PPTX; lecture/scoring same-SHA duplicates retained as assets, deduped only in source-page count."
Sd64506799887-cy2024-yimo-v37-b9bd5b1f4326,Sd64506799887,page_render,43,questions/BJ-2024-CY-YIMO/assets/scoring_pages/page-43.png,"v37 source asset; role=E1/E2 scoring PPTX; lecture/scoring same-SHA duplicates retained as assets, deduped only in source-page count."
Sd64506799887-cy2024-yimo-v37-6ae422dd7a96,Sd64506799887,page_render,44,questions/BJ-2024-CY-YIMO/assets/scoring_pages/page-44.png,"v37 source asset; role=E1/E2 scoring PPTX; lecture/scoring same-SHA duplicates retained as assets, deduped only in source-page count."
Sd64506799887-cy2024-yimo-v37-e146ef3d7f24,Sd64506799887,page_render,45,questions/BJ-2024-CY-YIMO/assets/scoring_pages/page-45.png,"v37 source asset; role=E1/E2 scoring PPTX; lecture/scoring same-SHA duplicates retained as assets, deduped only in source-page count."
Sd64506799887-cy2024-yimo-v37-54f03b481a4b,Sd64506799887,page_render,46,questions/BJ-2024-CY-YIMO/assets/scoring_pages/page-46.png,"v37 source asset; role=E1/E2 scoring PPTX; lecture/scoring same-SHA duplicates retained as assets, deduped only in source-page count."
Sd64506799887-cy2024-yimo-v37-b9ac93ae95e2,Sd64506799887,page_render,47,questions/BJ-2024-CY-YIMO/assets/scoring_pages/page-47.png,"v37 source asset; role=E1/E2 scoring PPTX; lecture/scoring same-SHA duplicates retained as assets, deduped only in source-page count."
Sd64506799887-cy2024-yimo-v37-7bdeb76cf594,Sd64506799887,page_render,48,questions/BJ-2024-CY-YIMO/assets/scoring_pages/page-48.png,"v37 source asset; role=E1/E2 scoring PPTX; lecture/scoring same-SHA duplicates retained as assets, deduped only in source-page count."
Sd64506799887-cy2024-yimo-v37-229554e291e8,Sd64506799887,page_render,49,questions/BJ-2024-CY-YIMO/assets/scoring_pages/page-49.png,"v37 source asset; role=E1/E2 scoring PPTX; lecture/scoring same-SHA duplicates retained as assets, deduped only in source-page count."
Sd64506799887-cy2024-yimo-v37-7cface96b377,Sd64506799887,page_render,50,questions/BJ-2024-CY-YIMO/assets/scoring_pages/page-50.png,"v37 source asset; role=E1/E2 scoring PPTX; lecture/scoring same-SHA duplicates retained as assets, deduped only in source-page count."
Sd64506799887-cy2024-yimo-v37-14978abf6092,Sd64506799887,page_render,01,questions/BJ-2024-CY-YIMO/assets/scoring_pages/scoring_page-01.png,"v37 source asset; role=E1/E2 scoring PPTX; lecture/scoring same-SHA duplicates retained as assets, deduped only in source-page count."
Sd64506799887-cy2024-yimo-v37-6cbb041f5c4c,Sd64506799887,page_render,02,questions/BJ-2024-CY-YIMO/assets/scoring_pages/scoring_page-02.png,"v37 source asset; role=E1/E2 scoring PPTX; lecture/scoring same-SHA duplicates retained as assets, deduped only in source-page count."
Sd64506799887-cy2024-yimo-v37-54e268577af5,Sd64506799887,page_render,03,questions/BJ-2024-CY-YIMO/assets/scoring_pages/scoring_page-03.png,"v37 source asset; role=E1/E2 scoring PPTX; lecture/scoring same-SHA duplicates retained as assets, deduped only in source-page count."
Sd64506799887-cy2024-yimo-v37-1f33ae87c376,Sd64506799887,page_render,04,questions/BJ-2024-CY-YIMO/assets/scoring_pages/scoring_page-04.png,"v37 source asset; role=E1/E2 scoring PPTX; lecture/scoring same-SHA duplicates retained as assets, deduped only in source-page count."
Sd64506799887-cy2024-yimo-v37-ede240abac18,Sd64506799887,page_render,05,questions/BJ-2024-CY-YIMO/assets/scoring_pages/scoring_page-05.png,"v37 source asset; role=E1/E2 scoring PPTX; lecture/scoring same-SHA duplicates retained as assets, deduped only in source-page count."
Sd64506799887-cy2024-yimo-v37-5b70a1454121,Sd64506799887,page_render,06,questions/BJ-2024-CY-YIMO/assets/scoring_pages/scoring_page-06.png,"v37 source asset; role=E1/E2 scoring PPTX; lecture/scoring same-SHA duplicates retained as assets, deduped only in source-page count."
Sd64506799887-cy2024-yimo-v37-8df4a6ce0050,Sd64506799887,page_render,07,questions/BJ-2024-CY-YIMO/assets/scoring_pages/scoring_page-07.png,"v37 source asset; role=E1/E2 scoring PPTX; lecture/scoring same-SHA duplicates retained as assets, deduped only in source-page count."
Sd64506799887-cy2024-yimo-v37-eb5a27525c9b,Sd64506799887,page_render,08,questions/BJ-2024-CY-YIMO/assets/scoring_pages/scoring_page-08.png,"v37 source asset; role=E1/E2 scoring PPTX; lecture/scoring same-SHA duplicates retained as assets, deduped only in source-page count."
Sd64506799887-cy2024-yimo-v37-bb7993fde043,Sd64506799887,page_render,09,questions/BJ-2024-CY-YIMO/assets/scoring_pages/scoring_page-09.png,"v37 source asset; role=E1/E2 scoring PPTX; lecture/scoring same-SHA duplicates retained as assets, deduped only in source-page count."
Sd64506799887-cy2024-yimo-v37-635dc47bcdee,Sd64506799887,page_render,10,questions/BJ-2024-CY-YIMO/assets/scoring_pages/scoring_page-10.png,"v37 source asset; role=E1/E2 scoring PPTX; lecture/scoring same-SHA duplicates retained as assets, deduped only in source-page count."
Sd64506799887-cy2024-yimo-v37-88ef73392398,Sd64506799887,page_render,11,questions/BJ-2024-CY-YIMO/assets/scoring_pages/scoring_page-11.png,"v37 source asset; role=E1/E2 scoring PPTX; lecture/scoring same-SHA duplicates retained as assets, deduped only in source-page count."
Sd64506799887-cy2024-yimo-v37-7f6165290e62,Sd64506799887,page_render,12,questions/BJ-2024-CY-YIMO/assets/scoring_pages/scoring_page-12.png,"v37 source asset; role=E1/E2 scoring PPTX; lecture/scoring same-SHA duplicates retained as assets, deduped only in source-page count."
Sd64506799887-cy2024-yimo-v37-07a1a9794f0a,Sd64506799887,page_render,13,questions/BJ-2024-CY-YIMO/assets/scoring_pages/scoring_page-13.png,"v37 source asset; role=E1/E2 scoring PPTX; lecture/scoring same-SHA duplicates retained as assets, deduped only in source-page count."
Sd64506799887-cy2024-yimo-v37-eda434eac85d,Sd64506799887,page_render,14,questions/BJ-2024-CY-YIMO/assets/scoring_pages/scoring_page-14.png,"v37 source asset; role=E1/E2 scoring PPTX; lecture/scoring same-SHA duplicates retained as assets, deduped only in source-page count."
Sd64506799887-cy2024-yimo-v37-1c60f399596d,Sd64506799887,page_render,15,questions/BJ-2024-CY-YIMO/assets/scoring_pages/scoring_page-15.png,"v37 source asset; role=E1/E2 scoring PPTX; lecture/scoring same-SHA duplicates retained as assets, deduped only in source-page count."
Sd64506799887-cy2024-yimo-v37-c8037bd685c1,Sd64506799887,page_render,16,questions/BJ-2024-CY-YIMO/assets/scoring_pages/scoring_page-16.png,"v37 source asset; role=E1/E2 scoring PPTX; lecture/scoring same-SHA duplicates retained as assets, deduped only in source-page count."
Sd64506799887-cy2024-yimo-v37-ca44d52fa235,Sd64506799887,page_render,17,questions/BJ-2024-CY-YIMO/assets/scoring_pages/scoring_page-17.png,"v37 source asset; role=E1/E2 scoring PPTX; lecture/scoring same-SHA duplicates retained as assets, deduped only in source-page count."
Sd64506799887-cy2024-yimo-v37-654d209f2574,Sd64506799887,page_render,18,questions/BJ-2024-CY-YIMO/assets/scoring_pages/scoring_page-18.png,"v37 source asset; role=E1/E2 scoring PPTX; lecture/scoring same-SHA duplicates retained as assets, deduped only in source-page count."
Sd64506799887-cy2024-yimo-v37-17aef9058147,Sd64506799887,page_render,19,questions/BJ-2024-CY-YIMO/assets/scoring_pages/scoring_page-19.png,"v37 source asset; role=E1/E2 scoring PPTX; lecture/scoring same-SHA duplicates retained as assets, deduped only in source-page count."
Sd64506799887-cy2024-yimo-v37-9615d18e722e,Sd64506799887,page_render,20,questions/BJ-2024-CY-YIMO/assets/scoring_pages/scoring_page-20.png,"v37 source asset; role=E1/E2 scoring PPTX; lecture/scoring same-SHA duplicates retained as assets, deduped only in source-page count."
Sd64506799887-cy2024-yimo-v37-254a3f7608ff,Sd64506799887,page_render,21,questions/BJ-2024-CY-YIMO/assets/scoring_pages/scoring_page-21.png,"v37 source asset; role=E1/E2 scoring PPTX; lecture/scoring same-SHA duplicates retained as assets, deduped only in source-page count."
Sd64506799887-cy2024-yimo-v37-cfc7dcb493af,Sd64506799887,page_render,22,questions/BJ-2024-CY-YIMO/assets/scoring_pages/scoring_page-22.png,"v37 source asset; role=E1/E2 scoring PPTX; lecture/scoring same-SHA duplicates retained as assets, deduped only in source-page count."
Sd64506799887-cy2024-yimo-v37-079774c8b9c2,Sd64506799887,page_render,23,questions/BJ-2024-CY-YIMO/assets/scoring_pages/scoring_page-23.png,"v37 source asset; role=E1/E2 scoring PPTX; lecture/scoring same-SHA duplicates retained as assets, deduped only in source-page count."
Sd64506799887-cy2024-yimo-v37-e4aa6e26b424,Sd64506799887,page_render,24,questions/BJ-2024-CY-YIMO/assets/scoring_pages/scoring_page-24.png,"v37 source asset; role=E1/E2 scoring PPTX; lecture/scoring same-SHA duplicates retained as assets, deduped only in source-page count."
Sd64506799887-cy2024-yimo-v37-c4e017241a09,Sd64506799887,page_render,25,questions/BJ-2024-CY-YIMO/assets/scoring_pages/scoring_page-25.png,"v37 source asset; role=E1/E2 scoring PPTX; lecture/scoring same-SHA duplicates retained as assets, deduped only in source-page count."
Sd64506799887-cy2024-yimo-v37-88ae5ce3cc59,Sd64506799887,page_render,26,questions/BJ-2024-CY-YIMO/assets/scoring_pages/scoring_page-26.png,"v37 source asset; role=E1/E2 scoring PPTX; lecture/scoring same-SHA duplicates retained as assets, deduped only in source-page count."
Sd64506799887-cy2024-yimo-v37-6963a28a5ecb,Sd64506799887,page_render,27,questions/BJ-2024-CY-YIMO/assets/scoring_pages/scoring_page-27.png,"v37 source asset; role=E1/E2 scoring PPTX; lecture/scoring same-SHA duplicates retained as assets, deduped only in source-page count."
Sd64506799887-cy2024-yimo-v37-05d1c9cfe674,Sd64506799887,page_render,28,questions/BJ-2024-CY-YIMO/assets/scoring_pages/scoring_page-28.png,"v37 source asset; role=E1/E2 scoring PPTX; lecture/scoring same-SHA duplicates retained as assets, deduped only in source-page count."
Sd64506799887-cy2024-yimo-v37-42cf3e03630c,Sd64506799887,page_render,29,questions/BJ-2024-CY-YIMO/assets/scoring_pages/scoring_page-29.png,"v37 source asset; role=E1/E2 scoring PPTX; lecture/scoring same-SHA duplicates retained as assets, deduped only in source-page count."
Sd64506799887-cy2024-yimo-v37-233ce59df79f,Sd64506799887,page_render,30,questions/BJ-2024-CY-YIMO/assets/scoring_pages/scoring_page-30.png,"v37 source asset; role=E1/E2 scoring PPTX; lecture/scoring same-SHA duplicates retained as assets, deduped only in source-page count."
Sd64506799887-cy2024-yimo-v37-20dad90b4b4d,Sd64506799887,page_render,31,questions/BJ-2024-CY-YIMO/assets/scoring_pages/scoring_page-31.png,"v37 source asset; role=E1/E2 scoring PPTX; lecture/scoring same-SHA duplicates retained as assets, deduped only in source-page count."
Sd64506799887-cy2024-yimo-v37-9b9e9c735866,Sd64506799887,page_render,32,questions/BJ-2024-CY-YIMO/assets/scoring_pages/scoring_page-32.png,"v37 source asset; role=E1/E2 scoring PPTX; lecture/scoring same-SHA duplicates retained as assets, deduped only in source-page count."
Sd64506799887-cy2024-yimo-v37-4bca425250de,Sd64506799887,page_render,33,questions/BJ-2024-CY-YIMO/assets/scoring_pages/scoring_page-33.png,"v37 source asset; role=E1/E2 scoring PPTX; lecture/scoring same-SHA duplicates retained as assets, deduped only in source-page count."
Sd64506799887-cy2024-yimo-v37-c43209a5623a,Sd64506799887,page_render,34,questions/BJ-2024-CY-YIMO/assets/scoring_pages/scoring_page-34.png,"v37 source asset; role=E1/E2 scoring PPTX; lecture/scoring same-SHA duplicates retained as assets, deduped only in source-page count."
Sd64506799887-cy2024-yimo-v37-0d65cf6eab68,Sd64506799887,page_render,35,questions/BJ-2024-CY-YIMO/assets/scoring_pages/scoring_page-35.png,"v37 source asset; role=E1/E2 scoring PPTX; lecture/scoring same-SHA duplicates retained as assets, deduped only in source-page count."
Sd64506799887-cy2024-yimo-v37-9d33dc746a33,Sd64506799887,page_render,36,questions/BJ-2024-CY-YIMO/assets/scoring_pages/scoring_page-36.png,"v37 source asset; role=E1/E2 scoring PPTX; lecture/scoring same-SHA duplicates retained as assets, deduped only in source-page count."
Sd64506799887-cy2024-yimo-v37-5970973054e6,Sd64506799887,page_render,37,questions/BJ-2024-CY-YIMO/assets/scoring_pages/scoring_page-37.png,"v37 source asset; role=E1/E2 scoring PPTX; lecture/scoring same-SHA duplicates retained as assets, deduped only in source-page count."
Sd64506799887-cy2024-yimo-v37-26168bee1f6f,Sd64506799887,page_render,38,questions/BJ-2024-CY-YIMO/assets/scoring_pages/scoring_page-38.png,"v37 source asset; role=E1/E2 scoring PPTX; lecture/scoring same-SHA duplicates retained as assets, deduped only in source-page count."
Sd64506799887-cy2024-yimo-v37-70da7ba97bef,Sd64506799887,page_render,39,questions/BJ-2024-CY-YIMO/assets/scoring_pages/scoring_page-39.png,"v37 source asset; role=E1/E2 scoring PPTX; lecture/scoring same-SHA duplicates retained as assets, deduped only in source-page count."
Sd64506799887-cy2024-yimo-v37-ad4e419f71af,Sd64506799887,page_render,40,questions/BJ-2024-CY-YIMO/assets/scoring_pages/scoring_page-40.png,"v37 source asset; role=E1/E2 scoring PPTX; lecture/scoring same-SHA duplicates retained as assets, deduped only in source-page count."
Sd64506799887-cy2024-yimo-v37-4a294718c18a,Sd64506799887,page_render,41,questions/BJ-2024-CY-YIMO/assets/scoring_pages/scoring_page-41.png,"v37 source asset; role=E1/E2 scoring PPTX; lecture/scoring same-SHA duplicates retained as assets, deduped only in source-page count."
Sd64506799887-cy2024-yimo-v37-3659ed1994c9,Sd64506799887,page_render,42,questions/BJ-2024-CY-YIMO/assets/scoring_pages/scoring_page-42.png,"v37 source asset; role=E1/E2 scoring PPTX; lecture/scoring same-SHA duplicates retained as assets, deduped only in source-page count."
Sd64506799887-cy2024-yimo-v37-b18446c97321,Sd64506799887,page_render,43,questions/BJ-2024-CY-YIMO/assets/scoring_pages/scoring_page-43.png,"v37 source asset; role=E1/E2 scoring PPTX; lecture/scoring same-SHA duplicates retained as assets, deduped only in source-page count."
Sd64506799887-cy2024-yimo-v37-8c84385b4cdd,Sd64506799887,page_render,44,questions/BJ-2024-CY-YIMO/assets/scoring_pages/scoring_page-44.png,"v37 source asset; role=E1/E2 scoring PPTX; lecture/scoring same-SHA duplicates retained as assets, deduped only in source-page count."
Sd64506799887-cy2024-yimo-v37-0c0019045461,Sd64506799887,page_render,45,questions/BJ-2024-CY-YIMO/assets/scoring_pages/scoring_page-45.png,"v37 source asset; role=E1/E2 scoring PPTX; lecture/scoring same-SHA duplicates retained as assets, deduped only in source-page count."
Sd64506799887-cy2024-yimo-v37-0b66e240aaae,Sd64506799887,page_render,46,questions/BJ-2024-CY-YIMO/assets/scoring_pages/scoring_page-46.png,"v37 source asset; role=E1/E2 scoring PPTX; lecture/scoring same-SHA duplicates retained as assets, deduped only in source-page count."
Sd64506799887-cy2024-yimo-v37-ef50c83f7de8,Sd64506799887,page_render,47,questions/BJ-2024-CY-YIMO/assets/scoring_pages/scoring_page-47.png,"v37 source asset; role=E1/E2 scoring PPTX; lecture/scoring same-SHA duplicates retained as assets, deduped only in source-page count."
Sd64506799887-cy2024-yimo-v37-60739b96710e,Sd64506799887,page_render,48,questions/BJ-2024-CY-YIMO/assets/scoring_pages/scoring_page-48.png,"v37 source asset; role=E1/E2 scoring PPTX; lecture/scoring same-SHA duplicates retained as assets, deduped only in source-page count."
Sd64506799887-cy2024-yimo-v37-6a3cf6c0dfca,Sd64506799887,page_render,49,questions/BJ-2024-CY-YIMO/assets/scoring_pages/scoring_page-49.png,"v37 source asset; role=E1/E2 scoring PPTX; lecture/scoring same-SHA duplicates retained as assets, deduped only in source-page count."
Sd64506799887-cy2024-yimo-v37-e8704d9dd8bf,Sd64506799887,page_render,50,questions/BJ-2024-CY-YIMO/assets/scoring_pages/scoring_page-50.png,"v37 source asset; role=E1/E2 scoring PPTX; lecture/scoring same-SHA duplicates retained as assets, deduped only in source-page count."
Sd64506799887-cy2024-yimo-v37-6c9fbeda74bd,Sd64506799887,document_render,,questions/BJ-2024-CY-YIMO/assets/scoring_pages/细则.pdf,"v37 source asset; role=E1/E2 scoring PPTX; lecture/scoring same-SHA duplicates retained as assets, deduped only in source-page count."
Sf6013d54b52c-cy2024-yimo-v37-1e52ba2401d0,Sf6013d54b52c,document_render,,questions/BJ-2024-CY-YIMO/assets/scoring_pages/补充材料_细则.pdf,"v37 source asset; role=E3 answer DOCX; lecture/scoring same-SHA duplicates retained as assets, deduped only in source-page count."
S25b655e73b74-cy2024-yimo-v37-313300de11ba,S25b655e73b74,extracted_figure,,questions/BJ-2024-CY-YIMO/assets/source_crops/Q05_logos.png,"v37 source asset; role=E0 original exam; lecture/scoring same-SHA duplicates retained as assets, deduped only in source-page count."
S25b655e73b74-cy2024-yimo-v37-ac2b53cab920,S25b655e73b74,extracted_figure,,questions/BJ-2024-CY-YIMO/assets/source_crops/Q07_innovation_boxes.png,"v37 source asset; role=E0 original exam; lecture/scoring same-SHA duplicates retained as assets, deduped only in source-page count."
S25b655e73b74-cy2024-yimo-v37-8176317c434e,S25b655e73b74,extracted_figure,,questions/BJ-2024-CY-YIMO/assets/source_crops/Q10_case_box.png,"v37 source asset; role=E0 original exam; lecture/scoring same-SHA duplicates retained as assets, deduped only in source-page count."
S25b655e73b74-cy2024-yimo-v37-4d76cb63a86c,S25b655e73b74,extracted_figure,,questions/BJ-2024-CY-YIMO/assets/source_crops/Q13_bond_definition_box.png,"v37 source asset; role=E0 original exam; lecture/scoring same-SHA duplicates retained as assets, deduped only in source-page count."
S25b655e73b74-cy2024-yimo-v37-6bcf8cfc1e8c,S25b655e73b74,extracted_figure,,questions/BJ-2024-CY-YIMO/assets/source_crops/Q17_silver_economy_cartoon.png,"v37 source asset; role=E0 original exam; lecture/scoring same-SHA duplicates retained as assets, deduped only in source-page count."
S25b655e73b74-cy2024-yimo-v37-b9095da8e936,S25b655e73b74,extracted_figure,,questions/BJ-2024-CY-YIMO/assets/source_crops/Q18_two_wings_figure.png,"v37 source asset; role=E0 original exam; lecture/scoring same-SHA duplicates retained as assets, deduped only in source-page count."
S25b655e73b74-cy2024-yimo-v37-9010db5df2d3,S25b655e73b74,extracted_figure,,questions/BJ-2024-CY-YIMO/assets/source_crops/Q19_honesty_quote_box.png,"v37 source asset; role=E0 original exam; lecture/scoring same-SHA duplicates retained as assets, deduped only in source-page count."
S25b655e73b74-cy2024-yimo-v37-3be456d7d5de,S25b655e73b74,extracted_figure,,questions/BJ-2024-CY-YIMO/assets/source_crops/Q20_reasoning_box.png,"v37 source asset; role=E0 original exam; lecture/scoring same-SHA duplicates retained as assets, deduped only in source-page count."
S25b655e73b74-cy2024-yimo-v37-da0244aa9e83,S25b655e73b74,extracted_figure,,questions/BJ-2024-CY-YIMO/assets/source_crops/Q21_material_cards.png,"v37 source asset; role=E0 original exam; lecture/scoring same-SHA duplicates retained as assets, deduped only in source-page count."
S037fd592575b-cy2023-976f1504f344,S037fd592575b,page_render,001,questions/BJ-2023-CY-YIMO/assets/answer_pages/p001.png,参考答案整页图；E3-only
S037fd592575b-cy2023-923745771b1d,S037fd592575b,page_render,002,questions/BJ-2023-CY-YIMO/assets/answer_pages/p002.png,参考答案整页图；E3-only
S878f984441fc-cy2023-d7fc426db9f0,S878f984441fc,extracted_figure,3,questions/BJ-2023-CY-YIMO/assets/embedded/Q11_dependency_ratio.jpg,原卷题面嵌入图；保持图像资产与题稿引用一致
S878f984441fc-cy2023-988d66a8632c,S878f984441fc,extracted_figure,7,questions/BJ-2023-CY-YIMO/assets/embedded/Q20_shareholding_pie.png,原卷题面嵌入图；保持图像资产与题稿引用一致
S878f984441fc-cy2023-b777b37fe65a,S878f984441fc,extracted_figure,3,questions/BJ-2023-CY-YIMO/assets/embedded/Q8_perpetual_motion.jpg,原卷题面嵌入图；保持图像资产与题稿引用一致
S878f984441fc-cy2023-3b555d43a0d3,S878f984441fc,asset_manifest,,questions/BJ-2023-CY-YIMO/assets/embedded_manifest.json,嵌入图资产索引；原卷视觉支持层
S878f984441fc-cy2023-0238efddf9b6,S878f984441fc,page_render,001,questions/BJ-2023-CY-YIMO/assets/exam_pages/p001.png,原卷题面整页图；8页原卷题面
S878f984441fc-cy2023-8b25be99882c,S878f984441fc,page_render,002,questions/BJ-2023-CY-YIMO/assets/exam_pages/p002.png,原卷题面整页图；8页原卷题面
S878f984441fc-cy2023-864f735cdc36,S878f984441fc,page_render,003,questions/BJ-2023-CY-YIMO/assets/exam_pages/p003.png,原卷题面整页图；8页原卷题面
S878f984441fc-cy2023-c8446339f141,S878f984441fc,page_render,004,questions/BJ-2023-CY-YIMO/assets/exam_pages/p004.png,原卷题面整页图；8页原卷题面
S878f984441fc-cy2023-051a865760c4,S878f984441fc,page_render,005,questions/BJ-2023-CY-YIMO/assets/exam_pages/p005.png,原卷题面整页图；8页原卷题面
S878f984441fc-cy2023-7df83071cc8a,S878f984441fc,page_render,006,questions/BJ-2023-CY-YIMO/assets/exam_pages/p006.png,原卷题面整页图；8页原卷题面
S878f984441fc-cy2023-adafcc2f9b61,S878f984441fc,page_render,007,questions/BJ-2023-CY-YIMO/assets/exam_pages/p007.png,原卷题面整页图；8页原卷题面
S878f984441fc-cy2023-cf57722547f2,S878f984441fc,page_render,008,questions/BJ-2023-CY-YIMO/assets/exam_pages/p008.png,原卷题面整页图；8页原卷题面
Sd09df25048f5-bj2020-2a441473cf0f,Sd09df25048f5,extracted_figure,,questions/BJ-2020-BJ-GAOKAO/assets/embedded/img-000.png,v2同SHA源页/题图；教师版E0/E3与正式评分E1分层登记；Q10保留原图及主控定向复核边界。
Sd09df25048f5-bj2020-d0dc8e8e880c,Sd09df25048f5,extracted_figure,,questions/BJ-2020-BJ-GAOKAO/assets/embedded/img-001.png,v2同SHA源页/题图；教师版E0/E3与正式评分E1分层登记；Q10保留原图及主控定向复核边界。
Sd09df25048f5-bj2020-21e31ad5c2c5,Sd09df25048f5,extracted_figure,,questions/BJ-2020-BJ-GAOKAO/assets/embedded/img-002.png,v2同SHA源页/题图；教师版E0/E3与正式评分E1分层登记；Q10保留原图及主控定向复核边界。
Sd09df25048f5-bj2020-1d996abe2eeb,Sd09df25048f5,extracted_figure,,questions/BJ-2020-BJ-GAOKAO/assets/embedded/img-003.png,v2同SHA源页/题图；教师版E0/E3与正式评分E1分层登记；Q10保留原图及主控定向复核边界。
Sd09df25048f5-bj2020-6a982bdfd52e,Sd09df25048f5,extracted_figure,,questions/BJ-2020-BJ-GAOKAO/assets/embedded/img-004.png,v2同SHA源页/题图；教师版E0/E3与正式评分E1分层登记；Q10保留原图及主控定向复核边界。
Sd09df25048f5-bj2020-a8337e014f82,Sd09df25048f5,extracted_figure,,questions/BJ-2020-BJ-GAOKAO/assets/embedded/img-005.png,v2同SHA源页/题图；教师版E0/E3与正式评分E1分层登记；Q10保留原图及主控定向复核边界。
Sd09df25048f5-bj2020-d10d1fc831f8,Sd09df25048f5,extracted_figure,,questions/BJ-2020-BJ-GAOKAO/assets/embedded/img-006.png,v2同SHA源页/题图；教师版E0/E3与正式评分E1分层登记；Q10保留原图及主控定向复核边界。
Sd09df25048f5-bj2020-4b512d5541f9,Sd09df25048f5,extracted_figure,,questions/BJ-2020-BJ-GAOKAO/assets/embedded/img-007.png,v2同SHA源页/题图；教师版E0/E3与正式评分E1分层登记；Q10保留原图及主控定向复核边界。
Sd09df25048f5-bj2020-15de9606ec2b,Sd09df25048f5,extracted_figure,,questions/BJ-2020-BJ-GAOKAO/assets/embedded/img-008.png,v2同SHA源页/题图；教师版E0/E3与正式评分E1分层登记；Q10保留原图及主控定向复核边界。
Sd09df25048f5-bj2020-76e5a3d7be10,Sd09df25048f5,extracted_figure,,questions/BJ-2020-BJ-GAOKAO/assets/embedded/img-009.png,v2同SHA源页/题图；教师版E0/E3与正式评分E1分层登记；Q10保留原图及主控定向复核边界。
Sd28336f73700-bj2020-d4c191847b99,Sd28336f73700,page_render,1,questions/BJ-2020-BJ-GAOKAO/assets/source_pages/rubric/p001.png,v2同SHA源页/题图；教师版E0/E3与正式评分E1分层登记；Q10保留原图及主控定向复核边界。
Sd28336f73700-bj2020-2bdb7d20aed3,Sd28336f73700,page_render,2,questions/BJ-2020-BJ-GAOKAO/assets/source_pages/rubric/p002.png,v2同SHA源页/题图；教师版E0/E3与正式评分E1分层登记；Q10保留原图及主控定向复核边界。
Sd28336f73700-bj2020-940e3167634c,Sd28336f73700,page_render,3,questions/BJ-2020-BJ-GAOKAO/assets/source_pages/rubric/p003.png,v2同SHA源页/题图；教师版E0/E3与正式评分E1分层登记；Q10保留原图及主控定向复核边界。
Sd28336f73700-bj2020-1cc7fbe5e6d3,Sd28336f73700,page_render,4,questions/BJ-2020-BJ-GAOKAO/assets/source_pages/rubric/p004.png,v2同SHA源页/题图；教师版E0/E3与正式评分E1分层登记；Q10保留原图及主控定向复核边界。
Sd09df25048f5-bj2020-91ba37cab8ee,Sd09df25048f5,page_render,1,questions/BJ-2020-BJ-GAOKAO/assets/source_pages/teacher/p001.png,v2同SHA源页/题图；教师版E0/E3与正式评分E1分层登记；Q10保留原图及主控定向复核边界。
Sd09df25048f5-bj2020-9a4e3dd63211,Sd09df25048f5,page_render,2,questions/BJ-2020-BJ-GAOKAO/assets/source_pages/teacher/p002.png,v2同SHA源页/题图；教师版E0/E3与正式评分E1分层登记；Q10保留原图及主控定向复核边界。
Sd09df25048f5-bj2020-79df336c6bef,Sd09df25048f5,page_render,3,questions/BJ-2020-BJ-GAOKAO/assets/source_pages/teacher/p003.png,v2同SHA源页/题图；教师版E0/E3与正式评分E1分层登记；Q10保留原图及主控定向复核边界。
Sd09df25048f5-bj2020-1e816f145301,Sd09df25048f5,page_render,4,questions/BJ-2020-BJ-GAOKAO/assets/source_pages/teacher/p004.png,v2同SHA源页/题图；教师版E0/E3与正式评分E1分层登记；Q10保留原图及主控定向复核边界。
Sd09df25048f5-bj2020-6251cfd89596,Sd09df25048f5,page_render,5,questions/BJ-2020-BJ-GAOKAO/assets/source_pages/teacher/p005.png,v2同SHA源页/题图；教师版E0/E3与正式评分E1分层登记；Q10保留原图及主控定向复核边界。
Sd09df25048f5-bj2020-282c2720c804,Sd09df25048f5,page_render,6,questions/BJ-2020-BJ-GAOKAO/assets/source_pages/teacher/p006.png,v2同SHA源页/题图；教师版E0/E3与正式评分E1分层登记；Q10保留原图及主控定向复核边界。
Sd09df25048f5-bj2020-f6bb0b28f343,Sd09df25048f5,page_render,7,questions/BJ-2020-BJ-GAOKAO/assets/source_pages/teacher/p007.png,v2同SHA源页/题图；教师版E0/E3与正式评分E1分层登记；Q10保留原图及主控定向复核边界。
Sd09df25048f5-bj2020-77994fa0035a,Sd09df25048f5,page_render,8,questions/BJ-2020-BJ-GAOKAO/assets/source_pages/teacher/p008.png,v2同SHA源页/题图；教师版E0/E3与正式评分E1分层登记；Q10保留原图及主控定向复核边界。
Sd09df25048f5-bj2020-0965a5423f70,Sd09df25048f5,page_render,9,questions/BJ-2020-BJ-GAOKAO/assets/source_pages/teacher/p009.png,v2同SHA源页/题图；教师版E0/E3与正式评分E1分层登记；Q10保留原图及主控定向复核边界。
Sd09df25048f5-bj2020-fc922c2791aa,Sd09df25048f5,page_render,10,questions/BJ-2020-BJ-GAOKAO/assets/source_pages/teacher/p010.png,v2同SHA源页/题图；教师版E0/E3与正式评分E1分层登记；Q10保留原图及主控定向复核边界。
Sd09df25048f5-bj2020-5a1985c84911,Sd09df25048f5,page_render,11,questions/BJ-2020-BJ-GAOKAO/assets/source_pages/teacher/p011.png,v2同SHA源页/题图；教师版E0/E3与正式评分E1分层登记；Q10保留原图及主控定向复核边界。
Sd09df25048f5-bj2020-bf1e6f2cd2cd,Sd09df25048f5,page_render,12,questions/BJ-2020-BJ-GAOKAO/assets/source_pages/teacher/p012.png,v2同SHA源页/题图；教师版E0/E3与正式评分E1分层登记；Q10保留原图及主控定向复核边界。
Sd09df25048f5-bj2020-dafefe8fe204,Sd09df25048f5,page_render,13,questions/BJ-2020-BJ-GAOKAO/assets/source_pages/teacher/p013.png,v2同SHA源页/题图；教师版E0/E3与正式评分E1分层登记；Q10保留原图及主控定向复核边界。
Sd09df25048f5-bj2020-15c80cd741ee,Sd09df25048f5,page_render,14,questions/BJ-2020-BJ-GAOKAO/assets/source_pages/teacher/p014.png,v2同SHA源页/题图；教师版E0/E3与正式评分E1分层登记；Q10保留原图及主控定向复核边界。
Sd09df25048f5-bj2020-7fc80595301f,Sd09df25048f5,page_render,15,questions/BJ-2020-BJ-GAOKAO/assets/source_pages/teacher/p015.png,v2同SHA源页/题图；教师版E0/E3与正式评分E1分层登记；Q10保留原图及主控定向复核边界。
Sd09df25048f5-bj2020-ce6ab4943cc3,Sd09df25048f5,page_render,16,questions/BJ-2020-BJ-GAOKAO/assets/source_pages/teacher/p016.png,v2同SHA源页/题图；教师版E0/E3与正式评分E1分层登记；Q10保留原图及主控定向复核边界。
Sd09df25048f5-bj2020-8f5988e8f6f8,Sd09df25048f5,page_render,17,questions/BJ-2020-BJ-GAOKAO/assets/source_pages/teacher/p017.png,v2同SHA源页/题图；教师版E0/E3与正式评分E1分层登记；Q10保留原图及主控定向复核边界。
Sd09df25048f5-bj2020-49e5fb468961,Sd09df25048f5,page_render,18,questions/BJ-2020-BJ-GAOKAO/assets/source_pages/teacher/p018.png,v2同SHA源页/题图；教师版E0/E3与正式评分E1分层登记；Q10保留原图及主控定向复核边界。
Saccdd9d42a77-ft2023-61f4032785ea,Saccdd9d42a77,page_render,1,questions/BJ-2023-FT-ERMO/assets/answer_pages/page-1.png,FT2023 ERMO v2 canonical package asset; source role and SHA bound by asset_manifest.json.
Saccdd9d42a77-ft2023-a2cac15424d4,Saccdd9d42a77,page_render,2,questions/BJ-2023-FT-ERMO/assets/answer_pages/page-2.png,FT2023 ERMO v2 canonical package asset; source role and SHA bound by asset_manifest.json.
Sd92728609289-ft2023-64d25b92f8d0,Sd92728609289,extracted_figure,,questions/BJ-2023-FT-ERMO/assets/figures/BJ-2023-FT-ERMO-Q12_civil_code_card.png,FT2023 ERMO v2 canonical package asset; source role and SHA bound by asset_manifest.json.
Sd92728609289-ft2023-3c7977d97200,Sd92728609289,extracted_figure,,questions/BJ-2023-FT-ERMO/assets/figures/BJ-2023-FT-ERMO-Q13_dispute_table.png,FT2023 ERMO v2 canonical package asset; source role and SHA bound by asset_manifest.json.
Sd92728609289-ft2023-604307f9ed03,Sd92728609289,extracted_figure,,questions/BJ-2023-FT-ERMO/assets/figures/BJ-2023-FT-ERMO-Q17_water_governance_form.png,FT2023 ERMO v2 canonical package asset; source role and SHA bound by asset_manifest.json.
Sd92728609289-ft2023-b215619705e6,Sd92728609289,extracted_figure,,questions/BJ-2023-FT-ERMO/assets/figures/BJ-2023-FT-ERMO-Q18_opening_context.png,FT2023 ERMO v2 canonical package asset; source role and SHA bound by asset_manifest.json.
Sd92728609289-ft2023-d5a209d93dee,Sd92728609289,extracted_figure,,questions/BJ-2023-FT-ERMO/assets/figures/BJ-2023-FT-ERMO-Q18_reform_timeline.png,FT2023 ERMO v2 canonical package asset; source role and SHA bound by asset_manifest.json.
Sd92728609289-ft2023-d3db2bbdf97d,Sd92728609289,extracted_figure,,questions/BJ-2023-FT-ERMO/assets/figures/BJ-2023-FT-ERMO-Q19_copyright_flow_and_card.png,FT2023 ERMO v2 canonical package asset; source role and SHA bound by asset_manifest.json.
Sd92728609289-ft2023-f257f24308d7,Sd92728609289,extracted_figure,,questions/BJ-2023-FT-ERMO/assets/figures/BJ-2023-FT-ERMO-Q20_social_security_data.png,FT2023 ERMO v2 canonical package asset; source role and SHA bound by asset_manifest.json.
Sd92728609289-ft2023-a95b9480afc4,Sd92728609289,extracted_figure,,questions/BJ-2023-FT-ERMO/assets/figures/BJ-2023-FT-ERMO-Q6_carbon_incentive_flow.png,FT2023 ERMO v2 canonical package asset; source role and SHA bound by asset_manifest.json.
Sd92728609289-ft2023-bbfb4cebddf1,Sd92728609289,extracted_figure,,questions/BJ-2023-FT-ERMO/assets/figures/BJ-2023-FT-ERMO-Q9_tu-te-chan_table.png,FT2023 ERMO v2 canonical package asset; source role and SHA bound by asset_manifest.json.
Sd92728609289-ft2023-9527b0924623,Sd92728609289,source_carrier,,questions/BJ-2023-FT-ERMO/assets/source/丰台高三政治练习二试卷.pdf,FT2023 ERMO v2 canonical package asset; source role and SHA bound by asset_manifest.json.
Saccdd9d42a77-ft2023-261e860eb8d2,Saccdd9d42a77,source_carrier,,questions/BJ-2023-FT-ERMO/assets/source/丰台高三政治练习二（答案）.pdf,FT2023 ERMO v2 canonical package asset; source role and SHA bound by asset_manifest.json.
Sd92728609289-ft2023-e54b0659ffac,Sd92728609289,page_render,1,questions/BJ-2023-FT-ERMO/assets/source_pages/page-01.png,FT2023 ERMO v2 canonical package asset; source role and SHA bound by asset_manifest.json.
Sd92728609289-ft2023-3ca98d9fd58d,Sd92728609289,page_render,2,questions/BJ-2023-FT-ERMO/assets/source_pages/page-02.png,FT2023 ERMO v2 canonical package asset; source role and SHA bound by asset_manifest.json.
Sd92728609289-ft2023-afa88e3ebfa1,Sd92728609289,page_render,3,questions/BJ-2023-FT-ERMO/assets/source_pages/page-03.png,FT2023 ERMO v2 canonical package asset; source role and SHA bound by asset_manifest.json.
Sd92728609289-ft2023-ed916c797a12,Sd92728609289,page_render,4,questions/BJ-2023-FT-ERMO/assets/source_pages/page-04.png,FT2023 ERMO v2 canonical package asset; source role and SHA bound by asset_manifest.json.
Sd92728609289-ft2023-4a730e4197d8,Sd92728609289,page_render,5,questions/BJ-2023-FT-ERMO/assets/source_pages/page-05.png,FT2023 ERMO v2 canonical package asset; source role and SHA bound by asset_manifest.json.
Sd92728609289-ft2023-c252b8f88de8,Sd92728609289,page_render,6,questions/BJ-2023-FT-ERMO/assets/source_pages/page-06.png,FT2023 ERMO v2 canonical package asset; source role and SHA bound by asset_manifest.json.
Sd92728609289-ft2023-238ff47a8734,Sd92728609289,page_render,7,questions/BJ-2023-FT-ERMO/assets/source_pages/page-07.png,FT2023 ERMO v2 canonical package asset; source role and SHA bound by asset_manifest.json.
Sd92728609289-ft2023-28173fc0e8e0,Sd92728609289,page_render,8,questions/BJ-2023-FT-ERMO/assets/source_pages/page-08.png,FT2023 ERMO v2 canonical package asset; source role and SHA bound by asset_manifest.json.
Sd92728609289-ft2023-bf61256db522,Sd92728609289,page_render,9,questions/BJ-2023-FT-ERMO/assets/source_pages/page-09.png,FT2023 ERMO v2 canonical package asset; source role and SHA bound by asset_manifest.json.
Sd92728609289-ft2023-5235f64d11ba,Sd92728609289,page_render,10,questions/BJ-2023-FT-ERMO/assets/source_pages/page-10.png,FT2023 ERMO v2 canonical package asset; source role and SHA bound by asset_manifest.json.
S6009b3f19a33-cy2025-v2-13bd76912c0d,S6009b3f19a33,main_pdf_page,1,questions/BJ-2025-CY-ERMO/assets/exam_pages/p001.png,canonical v2 source asset; SHA locked in preflight
S6009b3f19a33-cy2025-v2-52cb0a0ba515,S6009b3f19a33,main_pdf_page,2,questions/BJ-2025-CY-ERMO/assets/exam_pages/p002.png,canonical v2 source asset; SHA locked in preflight
S6009b3f19a33-cy2025-v2-cc1c70a01649,S6009b3f19a33,main_pdf_page,3,questions/BJ-2025-CY-ERMO/assets/exam_pages/p003.png,canonical v2 source asset; SHA locked in preflight
S6009b3f19a33-cy2025-v2-e578e98a5faa,S6009b3f19a33,main_pdf_page,4,questions/BJ-2025-CY-ERMO/assets/exam_pages/p004.png,canonical v2 source asset; SHA locked in preflight
S6009b3f19a33-cy2025-v2-effc03272224,S6009b3f19a33,main_pdf_page,5,questions/BJ-2025-CY-ERMO/assets/exam_pages/p005.png,canonical v2 source asset; SHA locked in preflight
S6009b3f19a33-cy2025-v2-81595d7d6963,S6009b3f19a33,main_pdf_page,6,questions/BJ-2025-CY-ERMO/assets/exam_pages/p006.png,canonical v2 source asset; SHA locked in preflight
S6009b3f19a33-cy2025-v2-c1b60d6f536a,S6009b3f19a33,main_pdf_page,7,questions/BJ-2025-CY-ERMO/assets/exam_pages/p007.png,canonical v2 source asset; SHA locked in preflight
S6009b3f19a33-cy2025-v2-d1ffaf66a662,S6009b3f19a33,main_pdf_page,8,questions/BJ-2025-CY-ERMO/assets/exam_pages/p008.png,canonical v2 source asset; SHA locked in preflight
S6009b3f19a33-cy2025-v2-0a0eb59937d4,S6009b3f19a33,main_pdf_page,9,questions/BJ-2025-CY-ERMO/assets/exam_pages/p009.png,canonical v2 source asset; SHA locked in preflight
S6009b3f19a33-cy2025-v2-fe35354d9c42,S6009b3f19a33,main_pdf_page,10,questions/BJ-2025-CY-ERMO/assets/exam_pages/p010.png,canonical v2 source asset; SHA locked in preflight
S613f35ecb7c4-cy2025-v2-1e1b01deecc6,S613f35ecb7c4,supplement_scan_page,1,questions/BJ-2025-CY-ERMO/assets/supplement_pages/p001.png,canonical v2 source asset; SHA locked in preflight
S613f35ecb7c4-cy2025-v2-727817d8da65,S613f35ecb7c4,supplement_scan_page,2,questions/BJ-2025-CY-ERMO/assets/supplement_pages/p002.png,canonical v2 source asset; SHA locked in preflight
S613f35ecb7c4-cy2025-v2-fd7fecdb0fd3,S613f35ecb7c4,supplement_scan_page,3,questions/BJ-2025-CY-ERMO/assets/supplement_pages/p003.png,canonical v2 source asset; SHA locked in preflight
S613f35ecb7c4-cy2025-v2-7822756f70db,S613f35ecb7c4,supplement_scan_page,4,questions/BJ-2025-CY-ERMO/assets/supplement_pages/p004.png,canonical v2 source asset; SHA locked in preflight
S613f35ecb7c4-cy2025-v2-de8fd07d9e98,S613f35ecb7c4,supplement_scan_page,5,questions/BJ-2025-CY-ERMO/assets/supplement_pages/p005.png,canonical v2 source asset; SHA locked in preflight
S613f35ecb7c4-cy2025-v2-9ac468783776,S613f35ecb7c4,supplement_scan_page,6,questions/BJ-2025-CY-ERMO/assets/supplement_pages/p006.png,canonical v2 source asset; SHA locked in preflight
S6009b3f19a33-cy2025-v2-b7fc2ade3ef2,S6009b3f19a33,source_figure_inventory,None,questions/BJ-2025-CY-ERMO/assets/source_figure_objects_S6009b3f19a33.jsonl,canonical v2 source asset; SHA locked in preflight
S6009b3f19a33-cy2025-v2-e3233592dfc5,S6009b3f19a33,source_copy,None,questions/BJ-2025-CY-ERMO/sources/试卷.pdf,canonical v2 source asset; SHA locked in preflight
S613f35ecb7c4-cy2025-v2-2fca5c8a8d0b,S613f35ecb7c4,source_copy,None,questions/BJ-2025-CY-ERMO/sources/补充材料_参考答案细则扫描.pdf,canonical v2 source asset; SHA locked in preflight
S73c36c3077dc-cy2025-v2-e52703a90ab8,S73c36c3077dc,source_copy,None,questions/BJ-2025-CY-ERMO/sources/细则.docx,canonical v2 source asset; SHA locked in preflight
S6009b3f19a33-cy2025-v2-caf4f47041e3,S6009b3f19a33,source_derived_transcript,None,questions/BJ-2025-CY-ERMO/sources/transcripts/S6009b3f19a33.full.md,canonical v2 source asset; SHA locked in preflight
S613f35ecb7c4-cy2025-v2-69f2aca99180,S613f35ecb7c4,source_derived_transcript,None,questions/BJ-2025-CY-ERMO/sources/transcripts/S613f35ecb7c4.clean.md,canonical v2 source asset; SHA locked in preflight
S613f35ecb7c4-cy2025-v2-041d998effa7,S613f35ecb7c4,source_derived_transcript,None,questions/BJ-2025-CY-ERMO/sources/transcripts/S613f35ecb7c4.p001.ocr.txt,canonical v2 source asset; SHA locked in preflight
S613f35ecb7c4-cy2025-v2-d00cc93d2973,S613f35ecb7c4,source_derived_transcript,None,questions/BJ-2025-CY-ERMO/sources/transcripts/S613f35ecb7c4.p002.ocr.txt,canonical v2 source asset; SHA locked in preflight
S613f35ecb7c4-cy2025-v2-ec0ef2ab2a5b,S613f35ecb7c4,source_derived_transcript,None,questions/BJ-2025-CY-ERMO/sources/transcripts/S613f35ecb7c4.p003.ocr.txt,canonical v2 source asset; SHA locked in preflight
S613f35ecb7c4-cy2025-v2-17d178dbdc08,S613f35ecb7c4,source_derived_transcript,None,questions/BJ-2025-CY-ERMO/sources/transcripts/S613f35ecb7c4.p004.ocr.txt,canonical v2 source asset; SHA locked in preflight
S613f35ecb7c4-cy2025-v2-8e0b46caa034,S613f35ecb7c4,source_derived_transcript,None,questions/BJ-2025-CY-ERMO/sources/transcripts/S613f35ecb7c4.p005.ocr.txt,canonical v2 source asset; SHA locked in preflight
S613f35ecb7c4-cy2025-v2-69387e61ac27,S613f35ecb7c4,source_derived_transcript,None,questions/BJ-2025-CY-ERMO/sources/transcripts/S613f35ecb7c4.p006.ocr.txt,canonical v2 source asset; SHA locked in preflight
S73c36c3077dc-cy2025-v2-b8d97bb6793b,S73c36c3077dc,source_derived_transcript,None,questions/BJ-2025-CY-ERMO/sources/transcripts/S73c36c3077dc.clean.md,canonical v2 source asset; SHA locked in preflight
S73c36c3077dc-cy2025-v2-6416393a53c0,S73c36c3077dc,source_derived_transcript,None,questions/BJ-2025-CY-ERMO/sources/transcripts/S73c36c3077dc.parts.jsonl,canonical v2 source asset; SHA locked in preflight
S0a50f76fd1e1-cy2024-qizhong-v28-896b5f853310,S0a50f76fd1e1,page_render,003,questions/BJ-2024-CY-QIZHONG/assets/S0a50f76fd1e1/pages/p003.png,v28 canonical source asset; SHA256=896b5f853310035e2efa678798a9307b71202f8955fb7ad2f7cdf4a9b1fd1f89; Q20图表转写为读图约值，不能替代原页。
S0a50f76fd1e1-cy2024-qizhong-v28-75caaa3a779c,S0a50f76fd1e1,page_render,006,questions/BJ-2024-CY-QIZHONG/assets/S0a50f76fd1e1/pages/p006.png,v28 canonical source asset; SHA256=75caaa3a779cdaa80bcaed8742af1b5f6b088c85cc6be1ba46742ba0e064e29d; Q20图表转写为读图约值，不能替代原页。
S0a50f76fd1e1-cy2024-qizhong-v28-a13fe5c44f25,S0a50f76fd1e1,page_render,007,questions/BJ-2024-CY-QIZHONG/assets/S0a50f76fd1e1/pages/p007.png,v28 canonical source asset; SHA256=a13fe5c44f25fe01daa67767a3a65d7633c6728df029e6ab0fb3efb282372472; Q20图表转写为读图约值，不能替代原页。
S0a50f76fd1e1-cy2024-qizhong-v28-7ec3228ae489,S0a50f76fd1e1,extracted_figure,,questions/BJ-2024-CY-QIZHONG/assets/q20_chart_crop.png,v28 canonical source asset; SHA256=7ec3228ae489d86ff63e8377cbe6f53dc12fd3d06c9b4630d79d11f0b9867138; Q20图表转写为读图约值，不能替代原页。
S0a50f76fd1e1-cy2024-qizhong-v28-0abb6a484537,S0a50f76fd1e1,asset_manifest,,questions/BJ-2024-CY-QIZHONG/assets/q20_chart_transcription.json,v28 canonical source asset; SHA256=0abb6a484537e55277fb037e5755e5685330b6c820051b9421c762d28d54cd30; Q20图表转写为读图约值，不能替代原页。
S0a50f76fd1e1-cy2024-qizhong-v28-evidence-7c018790e44c,S0a50f76fd1e1,page_render,001,questions/BJ-2024-CY-QIZHONG/evidence/S0a50f76fd1e1/pages/p001.png,v28 canonical evidence page; SHA256=7c018790e44cde2593f3850126e32a82fa66c2df2f3718721a10a27bea448105; retained for Q20/page-level back-reference.
S0a50f76fd1e1-cy2024-qizhong-v28-evidence-896b5f853310,S0a50f76fd1e1,page_render,003,questions/BJ-2024-CY-QIZHONG/evidence/S0a50f76fd1e1/pages/p003.png,v28 canonical evidence page; SHA256=896b5f853310035e2efa678798a9307b71202f8955fb7ad2f7cdf4a9b1fd1f89; retained for Q20/page-level back-reference.
S0a50f76fd1e1-cy2024-qizhong-v28-evidence-75caaa3a779c,S0a50f76fd1e1,page_render,006,questions/BJ-2024-CY-QIZHONG/evidence/S0a50f76fd1e1/pages/p006.png,v28 canonical evidence page; SHA256=75caaa3a779cdaa80bcaed8742af1b5f6b088c85cc6be1ba46742ba0e064e29d; retained for Q20/page-level back-reference.
S0a50f76fd1e1-cy2024-qizhong-v28-evidence-a13fe5c44f25,S0a50f76fd1e1,page_render,007,questions/BJ-2024-CY-QIZHONG/evidence/S0a50f76fd1e1/pages/p007.png,v28 canonical evidence page; SHA256=a13fe5c44f25fe01daa67767a3a65d7633c6728df029e6ab0fb3efb282372472; retained for Q20/page-level back-reference.
S0a50f76fd1e1-cy2024-qizhong-v28-evidence-8f7c8ff21d52,S0a50f76fd1e1,page_render,008,questions/BJ-2024-CY-QIZHONG/evidence/S0a50f76fd1e1/pages/p008.png,v28 canonical evidence page; SHA256=8f7c8ff21d528091a6b18556e1a297451e57dfeb09ae66b14829bdf54e6630cb; retained for Q20/page-level back-reference.
Sd68e0801a751-ft-yimo-v2-50ffaa7f9219,Sd68e0801a751,embedded_image,21,questions/BJ-2023-FT-YIMO/assets/BJ-2023-FT-YIMO-Q17-image3.png,教师版DOCX嵌入图；E3/source material visual support，非独立原卷证据。
Sd68e0801a751-ft-yimo-v2-1d5ffd751687,Sd68e0801a751,embedded_image,29,questions/BJ-2023-FT-YIMO/assets/BJ-2023-FT-YIMO-Q20-image4.png,教师版DOCX嵌入图；E3/source material visual support，非独立原卷证据。
Sd68e0801a751-ft-yimo-v2-44133c7cade8,Sd68e0801a751,embedded_image,1,questions/BJ-2023-FT-YIMO/assets/source-image1-seq001.png,教师版DOCX嵌入图；E3/source material visual support，非独立原卷证据。
Sd68e0801a751-ft-yimo-v2-326ed8077f88,Sd68e0801a751,page_render,1,questions/BJ-2023-FT-YIMO/assets/visual_witness/35page/page-1.png,35页可读CJK派生见证；非原DOCX固定分页；14页缺字派生不在active asset rows。
Sd68e0801a751-ft-yimo-v2-85dfa8482a17,Sd68e0801a751,page_render,10,questions/BJ-2023-FT-YIMO/assets/visual_witness/35page/page-10.png,35页可读CJK派生见证；非原DOCX固定分页；14页缺字派生不在active asset rows。
Sd68e0801a751-ft-yimo-v2-63b1544655f8,Sd68e0801a751,page_render,11,questions/BJ-2023-FT-YIMO/assets/visual_witness/35page/page-11.png,35页可读CJK派生见证；非原DOCX固定分页；14页缺字派生不在active asset rows。
Sd68e0801a751-ft-yimo-v2-3a914e5d8fdf,Sd68e0801a751,page_render,12,questions/BJ-2023-FT-YIMO/assets/visual_witness/35page/page-12.png,35页可读CJK派生见证；非原DOCX固定分页；14页缺字派生不在active asset rows。
Sd68e0801a751-ft-yimo-v2-2f4451954a9e,Sd68e0801a751,page_render,13,questions/BJ-2023-FT-YIMO/assets/visual_witness/35page/page-13.png,35页可读CJK派生见证；非原DOCX固定分页；14页缺字派生不在active asset rows。
Sd68e0801a751-ft-yimo-v2-2e0d9245a8bd,Sd68e0801a751,page_render,14,questions/BJ-2023-FT-YIMO/assets/visual_witness/35page/page-14.png,35页可读CJK派生见证；非原DOCX固定分页；14页缺字派生不在active asset rows。
Sd68e0801a751-ft-yimo-v2-61c57cf8d39d,Sd68e0801a751,page_render,15,questions/BJ-2023-FT-YIMO/assets/visual_witness/35page/page-15.png,35页可读CJK派生见证；非原DOCX固定分页；14页缺字派生不在active asset rows。
Sd68e0801a751-ft-yimo-v2-55c2761ad8f2,Sd68e0801a751,page_render,16,questions/BJ-2023-FT-YIMO/assets/visual_witness/35page/page-16.png,35页可读CJK派生见证；非原DOCX固定分页；14页缺字派生不在active asset rows。
Sd68e0801a751-ft-yimo-v2-ef7985c1f317,Sd68e0801a751,page_render,17,questions/BJ-2023-FT-YIMO/assets/visual_witness/35page/page-17.png,35页可读CJK派生见证；非原DOCX固定分页；14页缺字派生不在active asset rows。
Sd68e0801a751-ft-yimo-v2-afcd8c229609,Sd68e0801a751,page_render,18,questions/BJ-2023-FT-YIMO/assets/visual_witness/35page/page-18.png,35页可读CJK派生见证；非原DOCX固定分页；14页缺字派生不在active asset rows。
Sd68e0801a751-ft-yimo-v2-a3ca7a317284,Sd68e0801a751,page_render,19,questions/BJ-2023-FT-YIMO/assets/visual_witness/35page/page-19.png,35页可读CJK派生见证；非原DOCX固定分页；14页缺字派生不在active asset rows。
Sd68e0801a751-ft-yimo-v2-13e0af1ccace,Sd68e0801a751,page_render,2,questions/BJ-2023-FT-YIMO/assets/visual_witness/35page/page-2.png,35页可读CJK派生见证；非原DOCX固定分页；14页缺字派生不在active asset rows。
Sd68e0801a751-ft-yimo-v2-46cbacf15b21,Sd68e0801a751,page_render,20,questions/BJ-2023-FT-YIMO/assets/visual_witness/35page/page-20.png,35页可读CJK派生见证；非原DOCX固定分页；14页缺字派生不在active asset rows。
Sd68e0801a751-ft-yimo-v2-e9904d201671,Sd68e0801a751,page_render,21,questions/BJ-2023-FT-YIMO/assets/visual_witness/35page/page-21.png,35页可读CJK派生见证；非原DOCX固定分页；14页缺字派生不在active asset rows。
Sd68e0801a751-ft-yimo-v2-7257008fe9d7,Sd68e0801a751,page_render,22,questions/BJ-2023-FT-YIMO/assets/visual_witness/35page/page-22.png,35页可读CJK派生见证；非原DOCX固定分页；14页缺字派生不在active asset rows。
Sd68e0801a751-ft-yimo-v2-107792df41ab,Sd68e0801a751,page_render,23,questions/BJ-2023-FT-YIMO/assets/visual_witness/35page/page-23.png,35页可读CJK派生见证；非原DOCX固定分页；14页缺字派生不在active asset rows。
Sd68e0801a751-ft-yimo-v2-fa7a25bc167a,Sd68e0801a751,page_render,24,questions/BJ-2023-FT-YIMO/assets/visual_witness/35page/page-24.png,35页可读CJK派生见证；非原DOCX固定分页；14页缺字派生不在active asset rows。
Sd68e0801a751-ft-yimo-v2-f5366a55584c,Sd68e0801a751,page_render,25,questions/BJ-2023-FT-YIMO/assets/visual_witness/35page/page-25.png,35页可读CJK派生见证；非原DOCX固定分页；14页缺字派生不在active asset rows。
Sd68e0801a751-ft-yimo-v2-f6cf43f30c84,Sd68e0801a751,page_render,26,questions/BJ-2023-FT-YIMO/assets/visual_witness/35page/page-26.png,35页可读CJK派生见证；非原DOCX固定分页；14页缺字派生不在active asset rows。
Sd68e0801a751-ft-yimo-v2-2b7151fe8804,Sd68e0801a751,page_render,27,questions/BJ-2023-FT-YIMO/assets/visual_witness/35page/page-27.png,35页可读CJK派生见证；非原DOCX固定分页；14页缺字派生不在active asset rows。
Sd68e0801a751-ft-yimo-v2-1c5618a876d9,Sd68e0801a751,page_render,28,questions/BJ-2023-FT-YIMO/assets/visual_witness/35page/page-28.png,35页可读CJK派生见证；非原DOCX固定分页；14页缺字派生不在active asset rows。
Sd68e0801a751-ft-yimo-v2-ae96f848319c,Sd68e0801a751,page_render,29,questions/BJ-2023-FT-YIMO/assets/visual_witness/35page/page-29.png,35页可读CJK派生见证；非原DOCX固定分页；14页缺字派生不在active asset rows。
Sd68e0801a751-ft-yimo-v2-915d878821aa,Sd68e0801a751,page_render,3,questions/BJ-2023-FT-YIMO/assets/visual_witness/35page/page-3.png,35页可读CJK派生见证；非原DOCX固定分页；14页缺字派生不在active asset rows。
Sd68e0801a751-ft-yimo-v2-92fca9deb075,Sd68e0801a751,page_render,30,questions/BJ-2023-FT-YIMO/assets/visual_witness/35page/page-30.png,35页可读CJK派生见证；非原DOCX固定分页；14页缺字派生不在active asset rows。
Sd68e0801a751-ft-yimo-v2-d3fb4b6a3ab3,Sd68e0801a751,page_render,31,questions/BJ-2023-FT-YIMO/assets/visual_witness/35page/page-31.png,35页可读CJK派生见证；非原DOCX固定分页；14页缺字派生不在active asset rows。
Sd68e0801a751-ft-yimo-v2-e75cf9c31ccb,Sd68e0801a751,page_render,32,questions/BJ-2023-FT-YIMO/assets/visual_witness/35page/page-32.png,35页可读CJK派生见证；非原DOCX固定分页；14页缺字派生不在active asset rows。
Sd68e0801a751-ft-yimo-v2-f475ebd55c3f,Sd68e0801a751,page_render,33,questions/BJ-2023-FT-YIMO/assets/visual_witness/35page/page-33.png,35页可读CJK派生见证；非原DOCX固定分页；14页缺字派生不在active asset rows。
Sd68e0801a751-ft-yimo-v2-5a2dcf0292dc,Sd68e0801a751,page_render,34,questions/BJ-2023-FT-YIMO/assets/visual_witness/35page/page-34.png,35页可读CJK派生见证；非原DOCX固定分页；14页缺字派生不在active asset rows。
Sd68e0801a751-ft-yimo-v2-1674f169cf03,Sd68e0801a751,page_render,35,questions/BJ-2023-FT-YIMO/assets/visual_witness/35page/page-35.png,35页可读CJK派生见证；非原DOCX固定分页；14页缺字派生不在active asset rows。
Sd68e0801a751-ft-yimo-v2-c39ac2233e1f,Sd68e0801a751,page_render,4,questions/BJ-2023-FT-YIMO/assets/visual_witness/35page/page-4.png,35页可读CJK派生见证；非原DOCX固定分页；14页缺字派生不在active asset rows。
Sd68e0801a751-ft-yimo-v2-b72061e03126,Sd68e0801a751,page_render,5,questions/BJ-2023-FT-YIMO/assets/visual_witness/35page/page-5.png,35页可读CJK派生见证；非原DOCX固定分页；14页缺字派生不在active asset rows。
Sd68e0801a751-ft-yimo-v2-41eb898a03d4,Sd68e0801a751,page_render,6,questions/BJ-2023-FT-YIMO/assets/visual_witness/35page/page-6.png,35页可读CJK派生见证；非原DOCX固定分页；14页缺字派生不在active asset rows。
Sd68e0801a751-ft-yimo-v2-6928da8e3196,Sd68e0801a751,page_render,7,questions/BJ-2023-FT-YIMO/assets/visual_witness/35page/page-7.png,35页可读CJK派生见证；非原DOCX固定分页；14页缺字派生不在active asset rows。
Sd68e0801a751-ft-yimo-v2-66a9c7695575,Sd68e0801a751,page_render,8,questions/BJ-2023-FT-YIMO/assets/visual_witness/35page/page-8.png,35页可读CJK派生见证；非原DOCX固定分页；14页缺字派生不在active asset rows。
Sd68e0801a751-ft-yimo-v2-e8a8722ffed8,Sd68e0801a751,page_render,9,questions/BJ-2023-FT-YIMO/assets/visual_witness/35page/page-9.png,35页可读CJK派生见证；非原DOCX固定分页；14页缺字派生不在active asset rows。
Sd68e0801a751-ft-yimo-v2-685fd6fe6cc9,Sd68e0801a751,derived_visual_witness,,questions/BJ-2023-FT-YIMO/assets/visual_witness/35page/丰台.pdf,35页可读CJK派生见证；非原DOCX固定分页；14页缺字派生不在active asset rows。
S33010f3bed39-sy2024-63b0bf643d65,S33010f3bed39,page_render,1,questions/BJ-2024-SY-ERMO/assets/original_pages/page-1.png,E0原卷页图；字体修复副本渲染，文字以原卷原生转写为准；唯一页资产。
S33010f3bed39-sy2024-932866359073,S33010f3bed39,page_render,2,questions/BJ-2024-SY-ERMO/assets/original_pages/page-2.png,E0原卷页图；字体修复副本渲染，文字以原卷原生转写为准；唯一页资产。
S33010f3bed39-sy2024-4a5e8ae0716d,S33010f3bed39,page_render,3,questions/BJ-2024-SY-ERMO/assets/original_pages/page-3.png,E0原卷页图；字体修复副本渲染，文字以原卷原生转写为准；唯一页资产。
S33010f3bed39-sy2024-baaccbb929dc,S33010f3bed39,page_render,4,questions/BJ-2024-SY-ERMO/assets/original_pages/page-4.png,E0原卷页图；字体修复副本渲染，文字以原卷原生转写为准；唯一页资产。
S33010f3bed39-sy2024-9b97b96b2eab,S33010f3bed39,page_render,5,questions/BJ-2024-SY-ERMO/assets/original_pages/page-5.png,E0原卷页图；字体修复副本渲染，文字以原卷原生转写为准；唯一页资产。
S33010f3bed39-sy2024-f457df06eccd,S33010f3bed39,page_render,6,questions/BJ-2024-SY-ERMO/assets/original_pages/page-6.png,E0原卷页图；字体修复副本渲染，文字以原卷原生转写为准；唯一页资产。
S33010f3bed39-sy2024-5a7f816a9d53,S33010f3bed39,page_render,7,questions/BJ-2024-SY-ERMO/assets/original_pages/page-7.png,E0原卷页图；字体修复副本渲染，文字以原卷原生转写为准；唯一页资产。
S33010f3bed39-sy2024-991849fabf1f,S33010f3bed39,page_render,8,questions/BJ-2024-SY-ERMO/assets/original_pages/page-8.png,E0原卷页图；字体修复副本渲染，文字以原卷原生转写为准；唯一页资产。
S33010f3bed39-sy2024-55b29826bc77,S33010f3bed39,page_render,9,questions/BJ-2024-SY-ERMO/assets/original_pages/page-9.png,E0原卷页图；字体修复副本渲染，文字以原卷原生转写为准；唯一页资产。
Sf986728ea555-sy2024-831d6b7b2ac1,Sf986728ea555,page_render,1,questions/BJ-2024-SY-ERMO/assets/answer_pages/page-1.png,E3参考答案页图；字体修复副本渲染，答案以E3原生转写为准；不升格E1。
Sf986728ea555-sy2024-5fd484e30712,Sf986728ea555,page_render,2,questions/BJ-2024-SY-ERMO/assets/answer_pages/page-2.png,E3参考答案页图；字体修复副本渲染，答案以E3原生转写为准；不升格E1。
S33010f3bed39-sy2024-7bdf351a3036,S33010f3bed39,embedded_source_media,,questions/BJ-2024-SY-ERMO/assets/source_media/image1.tiff,E0原卷DOCX内嵌原生栅格；无文字层，文字以原生转写为准。
S33010f3bed39-sy2024-eebbbe3e36c6,S33010f3bed39,embedded_source_media,,questions/BJ-2024-SY-ERMO/assets/source_media/image10.tiff,E0原卷DOCX内嵌原生栅格；无文字层，文字以原生转写为准。
S33010f3bed39-sy2024-51fbc936cd59,S33010f3bed39,embedded_source_media,,questions/BJ-2024-SY-ERMO/assets/source_media/image2.jpeg,E0原卷DOCX内嵌原生栅格；无文字层，文字以原生转写为准。
S33010f3bed39-sy2024-5d8eda668d2f,S33010f3bed39,embedded_source_media,,questions/BJ-2024-SY-ERMO/assets/source_media/image3.png,E0原卷DOCX内嵌原生栅格；无文字层，文字以原生转写为准。
S33010f3bed39-sy2024-ecd10ecd7883,S33010f3bed39,embedded_source_media,,questions/BJ-2024-SY-ERMO/assets/source_media/image4.tiff,E0原卷DOCX内嵌原生栅格；无文字层，文字以原生转写为准。
S33010f3bed39-sy2024-acea89bf2e77,S33010f3bed39,embedded_source_media,,questions/BJ-2024-SY-ERMO/assets/source_media/image5.tiff,E0原卷DOCX内嵌原生栅格；无文字层，文字以原生转写为准。
S33010f3bed39-sy2024-595b8fe8e786,S33010f3bed39,embedded_source_media,,questions/BJ-2024-SY-ERMO/assets/source_media/image6.tiff,E0原卷DOCX内嵌原生栅格；无文字层，文字以原生转写为准。
S33010f3bed39-sy2024-61dfd7f413dc,S33010f3bed39,embedded_source_media,,questions/BJ-2024-SY-ERMO/assets/source_media/image7.tiff,E0原卷DOCX内嵌原生栅格；无文字层，文字以原生转写为准。
S33010f3bed39-sy2024-523a1d27777a,S33010f3bed39,embedded_source_media,,questions/BJ-2024-SY-ERMO/assets/source_media/image8.tiff,E0原卷DOCX内嵌原生栅格；无文字层，文字以原生转写为准。
S33010f3bed39-sy2024-1e11c32b2b7f,S33010f3bed39,embedded_source_media,,questions/BJ-2024-SY-ERMO/assets/source_media/image9.tiff,E0原卷DOCX内嵌原生栅格；无文字层，文字以原生转写为准。
S33010f3bed39-sy2024-d61d03dd52d1,S33010f3bed39,extracted_figure,,questions/BJ-2024-SY-ERMO/assets/figures/image1.png,E0原卷内嵌栅格的派生显示图；文字以原生转写为准。
S33010f3bed39-sy2024-0a16e05db300,S33010f3bed39,extracted_figure,,questions/BJ-2024-SY-ERMO/assets/figures/image10.png,E0原卷内嵌栅格的派生显示图；文字以原生转写为准。
S33010f3bed39-sy2024-7d423ddbe313,S33010f3bed39,extracted_figure,,questions/BJ-2024-SY-ERMO/assets/figures/image2.png,E0原卷内嵌栅格的派生显示图；文字以原生转写为准。
S33010f3bed39-sy2024-4dad7387a6e2,S33010f3bed39,extracted_figure,,questions/BJ-2024-SY-ERMO/assets/figures/image3.png,Q10原图或有溯源的派生图；平台→消费者、商家→消费者、平台↔商家。诚信经营、签订合同可辨；左斜边及底边另一短语局部不可辨，保留原像素。
S33010f3bed39-sy2024-13cff2ec0186,S33010f3bed39,extracted_figure,,questions/BJ-2024-SY-ERMO/assets/figures/image3_bottom2.png,Q10原图或有溯源的派生图；平台→消费者、商家→消费者、平台↔商家。诚信经营、签订合同可辨；左斜边及底边另一短语局部不可辨，保留原像素。
S33010f3bed39-sy2024-0f920d80cd4d,S33010f3bed39,extracted_figure,,questions/BJ-2024-SY-ERMO/assets/figures/image3_bottom_zoom.png,Q10原图或有溯源的派生图；平台→消费者、商家→消费者、平台↔商家。诚信经营、签订合同可辨；左斜边及底边另一短语局部不可辨，保留原像素。
S33010f3bed39-sy2024-a2186ffab082,S33010f3bed39,extracted_figure,,questions/BJ-2024-SY-ERMO/assets/figures/image3_left2.png,Q10原图或有溯源的派生图；平台→消费者、商家→消费者、平台↔商家。诚信经营、签订合同可辨；左斜边及底边另一短语局部不可辨，保留原像素。
S33010f3bed39-sy2024-a71807a20853,S33010f3bed39,extracted_figure,,questions/BJ-2024-SY-ERMO/assets/figures/image3_left_zoom.png,Q10原图或有溯源的派生图；平台→消费者、商家→消费者、平台↔商家。诚信经营、签订合同可辨；左斜边及底边另一短语局部不可辨，保留原像素。
S33010f3bed39-sy2024-9f124cd40855,S33010f3bed39,extracted_figure,,questions/BJ-2024-SY-ERMO/assets/figures/image3_right2.png,Q10原图或有溯源的派生图；平台→消费者、商家→消费者、平台↔商家。诚信经营、签订合同可辨；左斜边及底边另一短语局部不可辨，保留原像素。
S33010f3bed39-sy2024-ae7c6fd83bff,S33010f3bed39,extracted_figure,,questions/BJ-2024-SY-ERMO/assets/figures/image3_right_zoom.png,Q10原图或有溯源的派生图；平台→消费者、商家→消费者、平台↔商家。诚信经营、签订合同可辨；左斜边及底边另一短语局部不可辨，保留原像素。
S33010f3bed39-sy2024-283930f48299,S33010f3bed39,extracted_figure,,questions/BJ-2024-SY-ERMO/assets/figures/image3_upscaled.png,Q10原图或有溯源的派生图；平台→消费者、商家→消费者、平台↔商家。诚信经营、签订合同可辨；左斜边及底边另一短语局部不可辨，保留原像素。
S33010f3bed39-sy2024-fd0af83c45a4,S33010f3bed39,extracted_figure,,questions/BJ-2024-SY-ERMO/assets/figures/image4.png,E0原卷内嵌栅格的派生显示图；文字以原生转写为准。
S33010f3bed39-sy2024-18a41d288ac9,S33010f3bed39,extracted_figure,,questions/BJ-2024-SY-ERMO/assets/figures/image5.png,E0原卷内嵌栅格的派生显示图；文字以原生转写为准。
S33010f3bed39-sy2024-4a327a60eece,S33010f3bed39,extracted_figure,,questions/BJ-2024-SY-ERMO/assets/figures/image6.png,E0原卷内嵌栅格的派生显示图；文字以原生转写为准。
S33010f3bed39-sy2024-ba5b31c888f6,S33010f3bed39,extracted_figure,,questions/BJ-2024-SY-ERMO/assets/figures/image7.png,E0原卷内嵌栅格的派生显示图；文字以原生转写为准。
S33010f3bed39-sy2024-a0f485a309df,S33010f3bed39,extracted_figure,,questions/BJ-2024-SY-ERMO/assets/figures/image8.png,E0原卷内嵌栅格的派生显示图；文字以原生转写为准。
S33010f3bed39-sy2024-426c2f60b6b7,S33010f3bed39,extracted_figure,,questions/BJ-2024-SY-ERMO/assets/figures/image9.png,E0原卷内嵌栅格的派生显示图；文字以原生转写为准。
