question_id,exam_id,qnum,material_source_id,material_rel_path,material_role,material_kind,pair_status,exam_rubric_status,overlap,num_from_name,evidence
BJ-2023-DC-YIMO-Q16,BJ-2023-DC-YIMO,16,S55473ddd97c8,2023模拟题/2023各区模拟题(1)/各区一模/东城/2023.3高三政治一模统阅-题组长（细则讨论）.pptx,评分材料,正式评分材料,已匹配正式材料,已匹配正式材料,1.0,,考试身份同(BJ-2023-DC-YIMO)；文件名未限定题号；正文定位方式=题号起首；题干块6-gram重叠1.0000(题干661字/材料段662字)；分值文本 7；同题另一来源块状态较弱(已匹配正式材料)，已按最强状态归并；同题另一来源块状态较弱(存在候选)，已按最强状态归并
BJ-2023-DC-YIMO-Q16,BJ-2023-DC-YIMO,16,Sc90c72fbae63,2023模拟题/2023各区模拟题(1)/各区一模/东城/北京市东城区2022-2023学年度第二学期高三综合练习（一）思想政治答案.pdf,参考答案,参考答案,存在候选,已匹配正式材料,0.0,,考试身份同(BJ-2023-DC-YIMO)；文件名未限定题号；未能在材料正文定位到第16题段，仅按同卷材料登记为候选；题干块6-gram重叠0.0000(题干661字/材料段0字)；分值文本 7；同题另一来源块状态较弱(存在候选)，已按最强状态归并；同题另一来源块状态较弱(存在候选)，已按最强状态归并
BJ-2023-DC-YIMO-Q17,BJ-2023-DC-YIMO,17,S55473ddd97c8,2023模拟题/2023各区模拟题(1)/各区一模/东城/2023.3高三政治一模统阅-题组长（细则讨论）.pptx,评分材料,正式评分材料,已匹配正式材料,已匹配正式材料,1.0,,考试身份同(BJ-2023-DC-YIMO)；文件名未限定题号；正文定位方式=题号起首；题干块6-gram重叠1.0000(题干427字/材料段429字)；分值文本 8；同题另一来源块状态较弱(已匹配正式材料)，已按最强状态归并；同题另一来源块状态较弱(存在候选)，已按最强状态归并
BJ-2023-DC-YIMO-Q17,BJ-2023-DC-YIMO,17,Sc90c72fbae63,2023模拟题/2023各区模拟题(1)/各区一模/东城/北京市东城区2022-2023学年度第二学期高三综合练习（一）思想政治答案.pdf,参考答案,参考答案,存在候选,已匹配正式材料,0.0,,考试身份同(BJ-2023-DC-YIMO)；文件名未限定题号；未能在材料正文定位到第17题段，仅按同卷材料登记为候选；题干块6-gram重叠0.0000(题干427字/材料段0字)；分值文本 8；同题另一来源块状态较弱(存在候选)，已按最强状态归并；同题另一来源块状态较弱(存在候选)，已按最强状态归并
BJ-2023-DC-YIMO-Q18,BJ-2023-DC-YIMO,18,S55473ddd97c8,2023模拟题/2023各区模拟题(1)/各区一模/东城/2023.3高三政治一模统阅-题组长（细则讨论）.pptx,评分材料,正式评分材料,已匹配正式材料,已匹配正式材料,1.0,,考试身份同(BJ-2023-DC-YIMO)；文件名未限定题号；正文定位方式=题号起首；题干块6-gram重叠1.0000(题干503字/材料段503字)；分值文本 5；同题另一来源块状态较弱(已匹配正式材料)，已按最强状态归并；同题另一来源块状态较弱(已匹配正式材料)，已按最强状态归并
BJ-2023-DC-YIMO-Q18,BJ-2023-DC-YIMO,18,Sc90c72fbae63,2023模拟题/2023各区模拟题(1)/各区一模/东城/北京市东城区2022-2023学年度第二学期高三综合练习（一）思想政治答案.pdf,参考答案,参考答案,存在候选,已匹配正式材料,0.0,,考试身份同(BJ-2023-DC-YIMO)；文件名未限定题号；未能在材料正文定位到第18题段，仅按同卷材料登记为候选；题干块6-gram重叠0.0000(题干503字/材料段0字)；分值文本 5；同题另一来源块状态较弱(存在候选)，已按最强状态归并；同题另一来源块状态较弱(存在候选)，已按最强状态归并
BJ-2023-DC-YIMO-Q19,BJ-2023-DC-YIMO,19,S55473ddd97c8,2023模拟题/2023各区模拟题(1)/各区一模/东城/2023.3高三政治一模统阅-题组长（细则讨论）.pptx,评分材料,正式评分材料,已匹配正式材料,已匹配正式材料,1.0,,考试身份同(BJ-2023-DC-YIMO)；文件名未限定题号；正文定位方式=题号起首；题干块6-gram重叠1.0000(题干228字/材料段229字)；分值文本 6；同题另一来源块状态较弱(已匹配正式材料)，已按最强状态归并；同题另一来源块状态较弱(存在候选)，已按最强状态归并
BJ-2023-DC-YIMO-Q19,BJ-2023-DC-YIMO,19,Sc90c72fbae63,2023模拟题/2023各区模拟题(1)/各区一模/东城/北京市东城区2022-2023学年度第二学期高三综合练习（一）思想政治答案.pdf,参考答案,参考答案,存在候选,已匹配正式材料,0.0,,考试身份同(BJ-2023-DC-YIMO)；文件名未限定题号；未能在材料正文定位到第19题段，仅按同卷材料登记为候选；题干块6-gram重叠0.0000(题干228字/材料段0字)；分值文本 6；同题另一来源块状态较弱(存在候选)，已按最强状态归并；同题另一来源块状态较弱(存在候选)，已按最强状态归并
BJ-2023-DC-YIMO-Q20,BJ-2023-DC-YIMO,20,S55473ddd97c8,2023模拟题/2023各区模拟题(1)/各区一模/东城/2023.3高三政治一模统阅-题组长（细则讨论）.pptx,评分材料,正式评分材料,已匹配正式材料,已匹配正式材料,1.0,,考试身份同(BJ-2023-DC-YIMO)；文件名未限定题号；正文定位方式=题号起首；题干块6-gram重叠1.0000(题干485字/材料段486字)；分值文本 4；同题另一来源块状态较弱(已匹配正式材料)，已按最强状态归并；同题另一来源块状态较弱(已匹配正式材料)，已按最强状态归并
BJ-2023-DC-YIMO-Q20,BJ-2023-DC-YIMO,20,Sc90c72fbae63,2023模拟题/2023各区模拟题(1)/各区一模/东城/北京市东城区2022-2023学年度第二学期高三综合练习（一）思想政治答案.pdf,参考答案,参考答案,存在候选,已匹配正式材料,0.0,,考试身份同(BJ-2023-DC-YIMO)；文件名未限定题号；未能在材料正文定位到第20题段，仅按同卷材料登记为候选；题干块6-gram重叠0.0000(题干485字/材料段0字)；分值文本 4；同题另一来源块状态较弱(存在候选)，已按最强状态归并；同题另一来源块状态较弱(存在候选)，已按最强状态归并
BJ-2023-DC-YIMO-Q21,BJ-2023-DC-YIMO,21,S55473ddd97c8,2023模拟题/2023各区模拟题(1)/各区一模/东城/2023.3高三政治一模统阅-题组长（细则讨论）.pptx,评分材料,正式评分材料,已匹配正式材料,已匹配正式材料,1.0,,考试身份同(BJ-2023-DC-YIMO)；文件名未限定题号；正文定位方式=题号起首；题干块6-gram重叠1.0000(题干719字/材料段721字)；分值文本 7；同题另一来源块状态较弱(已匹配正式材料)，已按最强状态归并；同题另一来源块状态较弱(存在候选)，已按最强状态归并
BJ-2023-DC-YIMO-Q21,BJ-2023-DC-YIMO,21,Sc90c72fbae63,2023模拟题/2023各区模拟题(1)/各区一模/东城/北京市东城区2022-2023学年度第二学期高三综合练习（一）思想政治答案.pdf,参考答案,参考答案,存在候选,已匹配正式材料,0.0,,考试身份同(BJ-2023-DC-YIMO)；文件名未限定题号；未能在材料正文定位到第21题段，仅按同卷材料登记为候选；题干块6-gram重叠0.0000(题干719字/材料段0字)；分值文本 7；同题另一来源块状态较弱(存在候选)，已按最强状态归并；同题另一来源块状态较弱(存在候选)，已按最强状态归并
BJ-2023-DC-YIMO-Q1,BJ-2023-DC-YIMO,1,S55473ddd97c8,2023模拟题/2023各区模拟题(1)/各区一模/东城/2023.3高三政治一模统阅-题组长（细则讨论）.pptx,评分材料,正式评分材料,存在候选,存在候选,0.0,,考试身份同(BJ-2023-DC-YIMO)；文件名未限定题号；未能在材料正文定位到第1题段，仅按同卷材料登记为候选；题干块6-gram重叠0.0000(题干229字/材料段0字)
BJ-2023-DC-YIMO-Q1,BJ-2023-DC-YIMO,1,Sc90c72fbae63,2023模拟题/2023各区模拟题(1)/各区一模/东城/北京市东城区2022-2023学年度第二学期高三综合练习（一）思想政治答案.pdf,参考答案,参考答案,存在候选,存在候选,0.0,,考试身份同(BJ-2023-DC-YIMO)；文件名未限定题号；未能在材料正文定位到第1题段，仅按同卷材料登记为候选；题干块6-gram重叠0.0000(题干229字/材料段0字)
BJ-2023-DC-YIMO-Q2,BJ-2023-DC-YIMO,2,S55473ddd97c8,2023模拟题/2023各区模拟题(1)/各区一模/东城/2023.3高三政治一模统阅-题组长（细则讨论）.pptx,评分材料,正式评分材料,存在候选,存在候选,0.0,,考试身份同(BJ-2023-DC-YIMO)；文件名未限定题号；未能在材料正文定位到第2题段，仅按同卷材料登记为候选；题干块6-gram重叠0.0000(题干302字/材料段0字)
BJ-2023-DC-YIMO-Q2,BJ-2023-DC-YIMO,2,Sc90c72fbae63,2023模拟题/2023各区模拟题(1)/各区一模/东城/北京市东城区2022-2023学年度第二学期高三综合练习（一）思想政治答案.pdf,参考答案,参考答案,存在候选,存在候选,0.0,,考试身份同(BJ-2023-DC-YIMO)；文件名未限定题号；未能在材料正文定位到第2题段，仅按同卷材料登记为候选；题干块6-gram重叠0.0000(题干302字/材料段0字)
BJ-2023-DC-YIMO-Q3,BJ-2023-DC-YIMO,3,S55473ddd97c8,2023模拟题/2023各区模拟题(1)/各区一模/东城/2023.3高三政治一模统阅-题组长（细则讨论）.pptx,评分材料,正式评分材料,存在候选,存在候选,0.0,,考试身份同(BJ-2023-DC-YIMO)；文件名未限定题号；未能在材料正文定位到第3题段，仅按同卷材料登记为候选；题干块6-gram重叠0.0000(题干283字/材料段0字)
BJ-2023-DC-YIMO-Q3,BJ-2023-DC-YIMO,3,Sc90c72fbae63,2023模拟题/2023各区模拟题(1)/各区一模/东城/北京市东城区2022-2023学年度第二学期高三综合练习（一）思想政治答案.pdf,参考答案,参考答案,存在候选,存在候选,0.0,,考试身份同(BJ-2023-DC-YIMO)；文件名未限定题号；未能在材料正文定位到第3题段，仅按同卷材料登记为候选；题干块6-gram重叠0.0000(题干283字/材料段0字)
BJ-2023-DC-YIMO-Q4,BJ-2023-DC-YIMO,4,S55473ddd97c8,2023模拟题/2023各区模拟题(1)/各区一模/东城/2023.3高三政治一模统阅-题组长（细则讨论）.pptx,评分材料,正式评分材料,存在候选,存在候选,0.0,,考试身份同(BJ-2023-DC-YIMO)；文件名未限定题号；未能在材料正文定位到第4题段，仅按同卷材料登记为候选；题干块6-gram重叠0.0000(题干241字/材料段0字)
BJ-2023-DC-YIMO-Q4,BJ-2023-DC-YIMO,4,Sc90c72fbae63,2023模拟题/2023各区模拟题(1)/各区一模/东城/北京市东城区2022-2023学年度第二学期高三综合练习（一）思想政治答案.pdf,参考答案,参考答案,存在候选,存在候选,0.0,,考试身份同(BJ-2023-DC-YIMO)；文件名未限定题号；未能在材料正文定位到第4题段，仅按同卷材料登记为候选；题干块6-gram重叠0.0000(题干241字/材料段0字)
BJ-2023-DC-YIMO-Q5,BJ-2023-DC-YIMO,5,S55473ddd97c8,2023模拟题/2023各区模拟题(1)/各区一模/东城/2023.3高三政治一模统阅-题组长（细则讨论）.pptx,评分材料,正式评分材料,存在候选,存在候选,0.0,,考试身份同(BJ-2023-DC-YIMO)；文件名未限定题号；未能在材料正文定位到第5题段，仅按同卷材料登记为候选；题干块6-gram重叠0.0000(题干227字/材料段0字)
BJ-2023-DC-YIMO-Q5,BJ-2023-DC-YIMO,5,Sc90c72fbae63,2023模拟题/2023各区模拟题(1)/各区一模/东城/北京市东城区2022-2023学年度第二学期高三综合练习（一）思想政治答案.pdf,参考答案,参考答案,存在候选,存在候选,0.0,,考试身份同(BJ-2023-DC-YIMO)；文件名未限定题号；未能在材料正文定位到第5题段，仅按同卷材料登记为候选；题干块6-gram重叠0.0000(题干227字/材料段0字)
BJ-2023-DC-YIMO-Q6,BJ-2023-DC-YIMO,6,S55473ddd97c8,2023模拟题/2023各区模拟题(1)/各区一模/东城/2023.3高三政治一模统阅-题组长（细则讨论）.pptx,评分材料,正式评分材料,存在候选,存在候选,0.0,,考试身份同(BJ-2023-DC-YIMO)；文件名未限定题号；未能在材料正文定位到第6题段，仅按同卷材料登记为候选；题干块6-gram重叠0.0000(题干234字/材料段0字)
BJ-2023-DC-YIMO-Q6,BJ-2023-DC-YIMO,6,Sc90c72fbae63,2023模拟题/2023各区模拟题(1)/各区一模/东城/北京市东城区2022-2023学年度第二学期高三综合练习（一）思想政治答案.pdf,参考答案,参考答案,存在候选,存在候选,0.0,,考试身份同(BJ-2023-DC-YIMO)；文件名未限定题号；未能在材料正文定位到第6题段，仅按同卷材料登记为候选；题干块6-gram重叠0.0000(题干234字/材料段0字)
BJ-2023-DC-YIMO-Q7,BJ-2023-DC-YIMO,7,S55473ddd97c8,2023模拟题/2023各区模拟题(1)/各区一模/东城/2023.3高三政治一模统阅-题组长（细则讨论）.pptx,评分材料,正式评分材料,存在候选,存在候选,0.0,,考试身份同(BJ-2023-DC-YIMO)；文件名未限定题号；未能在材料正文定位到第7题段，仅按同卷材料登记为候选；题干块6-gram重叠0.0000(题干308字/材料段0字)
BJ-2023-DC-YIMO-Q7,BJ-2023-DC-YIMO,7,Sc90c72fbae63,2023模拟题/2023各区模拟题(1)/各区一模/东城/北京市东城区2022-2023学年度第二学期高三综合练习（一）思想政治答案.pdf,参考答案,参考答案,存在候选,存在候选,0.0,,考试身份同(BJ-2023-DC-YIMO)；文件名未限定题号；未能在材料正文定位到第7题段，仅按同卷材料登记为候选；题干块6-gram重叠0.0000(题干308字/材料段0字)
BJ-2023-DC-YIMO-Q8,BJ-2023-DC-YIMO,8,S55473ddd97c8,2023模拟题/2023各区模拟题(1)/各区一模/东城/2023.3高三政治一模统阅-题组长（细则讨论）.pptx,评分材料,正式评分材料,存在候选,存在候选,0.0,,考试身份同(BJ-2023-DC-YIMO)；文件名未限定题号；未能在材料正文定位到第8题段，仅按同卷材料登记为候选；题干块6-gram重叠0.0000(题干284字/材料段0字)
BJ-2023-DC-YIMO-Q8,BJ-2023-DC-YIMO,8,Sc90c72fbae63,2023模拟题/2023各区模拟题(1)/各区一模/东城/北京市东城区2022-2023学年度第二学期高三综合练习（一）思想政治答案.pdf,参考答案,参考答案,存在候选,存在候选,0.0,,考试身份同(BJ-2023-DC-YIMO)；文件名未限定题号；未能在材料正文定位到第8题段，仅按同卷材料登记为候选；题干块6-gram重叠0.0000(题干284字/材料段0字)
BJ-2023-DC-YIMO-Q9,BJ-2023-DC-YIMO,9,S55473ddd97c8,2023模拟题/2023各区模拟题(1)/各区一模/东城/2023.3高三政治一模统阅-题组长（细则讨论）.pptx,评分材料,正式评分材料,存在候选,存在候选,0.0,,考试身份同(BJ-2023-DC-YIMO)；文件名未限定题号；未能在材料正文定位到第9题段，仅按同卷材料登记为候选；题干块6-gram重叠0.0000(题干285字/材料段0字)
BJ-2023-DC-YIMO-Q9,BJ-2023-DC-YIMO,9,Sc90c72fbae63,2023模拟题/2023各区模拟题(1)/各区一模/东城/北京市东城区2022-2023学年度第二学期高三综合练习（一）思想政治答案.pdf,参考答案,参考答案,存在候选,存在候选,0.0,,考试身份同(BJ-2023-DC-YIMO)；文件名未限定题号；未能在材料正文定位到第9题段，仅按同卷材料登记为候选；题干块6-gram重叠0.0000(题干285字/材料段0字)
BJ-2023-DC-YIMO-Q10,BJ-2023-DC-YIMO,10,S55473ddd97c8,2023模拟题/2023各区模拟题(1)/各区一模/东城/2023.3高三政治一模统阅-题组长（细则讨论）.pptx,评分材料,正式评分材料,存在候选,存在候选,0.0,,考试身份同(BJ-2023-DC-YIMO)；文件名未限定题号；未能在材料正文定位到第10题段，仅按同卷材料登记为候选；题干块6-gram重叠0.0000(题干180字/材料段0字)
BJ-2023-DC-YIMO-Q10,BJ-2023-DC-YIMO,10,Sc90c72fbae63,2023模拟题/2023各区模拟题(1)/各区一模/东城/北京市东城区2022-2023学年度第二学期高三综合练习（一）思想政治答案.pdf,参考答案,参考答案,存在候选,存在候选,0.0,,考试身份同(BJ-2023-DC-YIMO)；文件名未限定题号；未能在材料正文定位到第10题段，仅按同卷材料登记为候选；题干块6-gram重叠0.0000(题干180字/材料段0字)
BJ-2023-DC-YIMO-Q11,BJ-2023-DC-YIMO,11,S55473ddd97c8,2023模拟题/2023各区模拟题(1)/各区一模/东城/2023.3高三政治一模统阅-题组长（细则讨论）.pptx,评分材料,正式评分材料,存在候选,存在候选,0.0,,考试身份同(BJ-2023-DC-YIMO)；文件名未限定题号；未能在材料正文定位到第11题段，仅按同卷材料登记为候选；题干块6-gram重叠0.0000(题干467字/材料段0字)
BJ-2023-DC-YIMO-Q11,BJ-2023-DC-YIMO,11,Sc90c72fbae63,2023模拟题/2023各区模拟题(1)/各区一模/东城/北京市东城区2022-2023学年度第二学期高三综合练习（一）思想政治答案.pdf,参考答案,参考答案,存在候选,存在候选,0.0,,考试身份同(BJ-2023-DC-YIMO)；文件名未限定题号；未能在材料正文定位到第11题段，仅按同卷材料登记为候选；题干块6-gram重叠0.0000(题干467字/材料段0字)
BJ-2023-DC-YIMO-Q12,BJ-2023-DC-YIMO,12,S55473ddd97c8,2023模拟题/2023各区模拟题(1)/各区一模/东城/2023.3高三政治一模统阅-题组长（细则讨论）.pptx,评分材料,正式评分材料,存在候选,存在候选,0.0,,考试身份同(BJ-2023-DC-YIMO)；文件名未限定题号；未能在材料正文定位到第12题段，仅按同卷材料登记为候选；题干块6-gram重叠0.0000(题干191字/材料段0字)
BJ-2023-DC-YIMO-Q12,BJ-2023-DC-YIMO,12,Sc90c72fbae63,2023模拟题/2023各区模拟题(1)/各区一模/东城/北京市东城区2022-2023学年度第二学期高三综合练习（一）思想政治答案.pdf,参考答案,参考答案,存在候选,存在候选,0.0,,考试身份同(BJ-2023-DC-YIMO)；文件名未限定题号；未能在材料正文定位到第12题段，仅按同卷材料登记为候选；题干块6-gram重叠0.0000(题干191字/材料段0字)
BJ-2023-DC-YIMO-Q13,BJ-2023-DC-YIMO,13,S55473ddd97c8,2023模拟题/2023各区模拟题(1)/各区一模/东城/2023.3高三政治一模统阅-题组长（细则讨论）.pptx,评分材料,正式评分材料,存在候选,存在候选,0.0,,考试身份同(BJ-2023-DC-YIMO)；文件名未限定题号；未能在材料正文定位到第13题段，仅按同卷材料登记为候选；题干块6-gram重叠0.0000(题干346字/材料段0字)
BJ-2023-DC-YIMO-Q13,BJ-2023-DC-YIMO,13,Sc90c72fbae63,2023模拟题/2023各区模拟题(1)/各区一模/东城/北京市东城区2022-2023学年度第二学期高三综合练习（一）思想政治答案.pdf,参考答案,参考答案,存在候选,存在候选,0.0,,考试身份同(BJ-2023-DC-YIMO)；文件名未限定题号；未能在材料正文定位到第13题段，仅按同卷材料登记为候选；题干块6-gram重叠0.0000(题干346字/材料段0字)
BJ-2023-DC-YIMO-Q14,BJ-2023-DC-YIMO,14,S55473ddd97c8,2023模拟题/2023各区模拟题(1)/各区一模/东城/2023.3高三政治一模统阅-题组长（细则讨论）.pptx,评分材料,正式评分材料,存在候选,存在候选,0.0,,考试身份同(BJ-2023-DC-YIMO)；文件名未限定题号；未能在材料正文定位到第14题段，仅按同卷材料登记为候选；题干块6-gram重叠0.0000(题干263字/材料段0字)
BJ-2023-DC-YIMO-Q14,BJ-2023-DC-YIMO,14,Sc90c72fbae63,2023模拟题/2023各区模拟题(1)/各区一模/东城/北京市东城区2022-2023学年度第二学期高三综合练习（一）思想政治答案.pdf,参考答案,参考答案,存在候选,存在候选,0.0,,考试身份同(BJ-2023-DC-YIMO)；文件名未限定题号；未能在材料正文定位到第14题段，仅按同卷材料登记为候选；题干块6-gram重叠0.0000(题干263字/材料段0字)
BJ-2023-DC-YIMO-Q15,BJ-2023-DC-YIMO,15,S55473ddd97c8,2023模拟题/2023各区模拟题(1)/各区一模/东城/2023.3高三政治一模统阅-题组长（细则讨论）.pptx,评分材料,正式评分材料,存在候选,存在候选,0.0,,考试身份同(BJ-2023-DC-YIMO)；文件名未限定题号；未能在材料正文定位到第15题段，仅按同卷材料登记为候选；题干块6-gram重叠0.0000(题干247字/材料段0字)
BJ-2023-DC-YIMO-Q15,BJ-2023-DC-YIMO,15,Sc90c72fbae63,2023模拟题/2023各区模拟题(1)/各区一模/东城/北京市东城区2022-2023学年度第二学期高三综合练习（一）思想政治答案.pdf,参考答案,参考答案,存在候选,存在候选,0.0,,考试身份同(BJ-2023-DC-YIMO)；文件名未限定题号；未能在材料正文定位到第15题段，仅按同卷材料登记为候选；题干块6-gram重叠0.0000(题干247字/材料段0字)
BJ-2023-HD-QIZHONG-Q1,BJ-2023-HD-QIZHONG,1,S007642ce939e,2023模拟题/2023各区模拟题(1)/期末和期中/2023北京海淀高三（上）期中政治（教师版）.docx,教师版,参考答案,已匹配参考答案,仅有参考答案,1.0,,考试身份同(BJ-2023-HD-QIZHONG)；文件名未限定题号；正文定位方式=题号起首；题干块6-gram重叠1.0000(题干259字/材料段260字)；同题另一来源块状态较弱(存在候选)，已按最强状态归并
BJ-2023-HD-QIZHONG-Q1,BJ-2023-HD-QIZHONG,1,Sfe51d8a7d585,2023模拟题/2023各区模拟题(1)/期末和期中/23海淀政治期中评标(1).pdf,评分材料,正式评分材料,存在候选,仅有参考答案,0.0,,考试身份同(BJ-2023-HD-QIZHONG)；文件名未限定题号；未能在材料正文定位到第1题段，仅按同卷材料登记为候选；题干块6-gram重叠0.0000(题干306字/材料段0字)；同题另一来源块状态较弱(存在候选)，已按最强状态归并；同题另一来源块状态较弱(存在候选)，已按最强状态归并
BJ-2023-HD-QIZHONG-Q2,BJ-2023-HD-QIZHONG,2,S007642ce939e,2023模拟题/2023各区模拟题(1)/期末和期中/2023北京海淀高三（上）期中政治（教师版）.docx,教师版,参考答案,已匹配参考答案,仅有参考答案,1.0,,考试身份同(BJ-2023-HD-QIZHONG)；文件名未限定题号；正文定位方式=题号起首；题干块6-gram重叠1.0000(题干280字/材料段281字)；同题另一来源块状态较弱(存在候选)，已按最强状态归并
BJ-2023-HD-QIZHONG-Q2,BJ-2023-HD-QIZHONG,2,Sfe51d8a7d585,2023模拟题/2023各区模拟题(1)/期末和期中/23海淀政治期中评标(1).pdf,评分材料,正式评分材料,存在候选,仅有参考答案,0.0,,考试身份同(BJ-2023-HD-QIZHONG)；文件名未限定题号；未能在材料正文定位到第2题段，仅按同卷材料登记为候选；题干块6-gram重叠0.0000(题干270字/材料段0字)；同题另一来源块状态较弱(存在候选)，已按最强状态归并；同题另一来源块状态较弱(存在候选)，已按最强状态归并
BJ-2023-HD-QIZHONG-Q3,BJ-2023-HD-QIZHONG,3,S007642ce939e,2023模拟题/2023各区模拟题(1)/期末和期中/2023北京海淀高三（上）期中政治（教师版）.docx,教师版,参考答案,已匹配参考答案,仅有参考答案,1.0,,考试身份同(BJ-2023-HD-QIZHONG)；文件名未限定题号；正文定位方式=题号起首；题干块6-gram重叠1.0000(题干260字/材料段261字)；同题另一来源块状态较弱(存在候选)，已按最强状态归并；同题另一来源块状态较弱(存在候选)，已按最强状态归并
BJ-2023-HD-QIZHONG-Q3,BJ-2023-HD-QIZHONG,3,Sfe51d8a7d585,2023模拟题/2023各区模拟题(1)/期末和期中/23海淀政治期中评标(1).pdf,评分材料,正式评分材料,存在候选,仅有参考答案,0.0,,考试身份同(BJ-2023-HD-QIZHONG)；文件名未限定题号；未能在材料正文定位到第3题段，仅按同卷材料登记为候选；题干块6-gram重叠0.0000(题干303字/材料段0字)；同题另一来源块状态较弱(存在候选)，已按最强状态归并；同题另一来源块状态较弱(存在候选)，已按最强状态归并；同题另一来源块状态较弱(存在候选)，已按最强状态归并
BJ-2023-HD-QIZHONG-Q4,BJ-2023-HD-QIZHONG,4,S007642ce939e,2023模拟题/2023各区模拟题(1)/期末和期中/2023北京海淀高三（上）期中政治（教师版）.docx,教师版,参考答案,已匹配参考答案,仅有参考答案,1.0,,考试身份同(BJ-2023-HD-QIZHONG)；文件名未限定题号；正文定位方式=题号起首；题干块6-gram重叠1.0000(题干406字/材料段406字)；同题另一来源块状态较弱(存在候选)，已按最强状态归并
BJ-2023-HD-QIZHONG-Q4,BJ-2023-HD-QIZHONG,4,Sfe51d8a7d585,2023模拟题/2023各区模拟题(1)/期末和期中/23海淀政治期中评标(1).pdf,评分材料,正式评分材料,存在候选,仅有参考答案,0.0,,考试身份同(BJ-2023-HD-QIZHONG)；文件名未限定题号；未能在材料正文定位到第4题段，仅按同卷材料登记为候选；题干块6-gram重叠0.0000(题干292字/材料段0字)；同题另一来源块状态较弱(存在候选)，已按最强状态归并；同题另一来源块状态较弱(存在候选)，已按最强状态归并
BJ-2023-HD-QIZHONG-Q5,BJ-2023-HD-QIZHONG,5,S007642ce939e,2023模拟题/2023各区模拟题(1)/期末和期中/2023北京海淀高三（上）期中政治（教师版）.docx,教师版,参考答案,已匹配参考答案,仅有参考答案,1.0,,考试身份同(BJ-2023-HD-QIZHONG)；文件名未限定题号；正文定位方式=题号起首；题干块6-gram重叠1.0000(题干178字/材料段180字)；同题另一来源块状态较弱(存在候选)，已按最强状态归并
BJ-2023-HD-QIZHONG-Q5,BJ-2023-HD-QIZHONG,5,Sfe51d8a7d585,2023模拟题/2023各区模拟题(1)/期末和期中/23海淀政治期中评标(1).pdf,评分材料,正式评分材料,存在候选,仅有参考答案,0.0,,考试身份同(BJ-2023-HD-QIZHONG)；文件名未限定题号；未能在材料正文定位到第5题段，仅按同卷材料登记为候选；题干块6-gram重叠0.0000(题干416字/材料段0字)；同题另一来源块状态较弱(存在候选)，已按最强状态归并
BJ-2023-HD-QIZHONG-Q6,BJ-2023-HD-QIZHONG,6,S007642ce939e,2023模拟题/2023各区模拟题(1)/期末和期中/2023北京海淀高三（上）期中政治（教师版）.docx,教师版,参考答案,已匹配参考答案,仅有参考答案,1.0,,考试身份同(BJ-2023-HD-QIZHONG)；文件名未限定题号；正文定位方式=题号起首；题干块6-gram重叠1.0000(题干183字/材料段184字)；同题另一来源块状态较弱(存在候选)，已按最强状态归并
BJ-2023-HD-QIZHONG-Q6,BJ-2023-HD-QIZHONG,6,Sfe51d8a7d585,2023模拟题/2023各区模拟题(1)/期末和期中/23海淀政治期中评标(1).pdf,评分材料,正式评分材料,存在候选,仅有参考答案,0.0,,考试身份同(BJ-2023-HD-QIZHONG)；文件名未限定题号；未能在材料正文定位到第6题段，仅按同卷材料登记为候选；题干块6-gram重叠0.0000(题干286字/材料段0字)；同题另一来源块状态较弱(存在候选)，已按最强状态归并
BJ-2023-HD-QIZHONG-Q7,BJ-2023-HD-QIZHONG,7,S007642ce939e,2023模拟题/2023各区模拟题(1)/期末和期中/2023北京海淀高三（上）期中政治（教师版）.docx,教师版,参考答案,已匹配参考答案,仅有参考答案,1.0,,考试身份同(BJ-2023-HD-QIZHONG)；文件名未限定题号；正文定位方式=题号起首；题干块6-gram重叠1.0000(题干353字/材料段354字)；同题另一来源块状态较弱(存在候选)，已按最强状态归并
BJ-2023-HD-QIZHONG-Q7,BJ-2023-HD-QIZHONG,7,Sfe51d8a7d585,2023模拟题/2023各区模拟题(1)/期末和期中/23海淀政治期中评标(1).pdf,评分材料,正式评分材料,存在候选,仅有参考答案,0.0,,考试身份同(BJ-2023-HD-QIZHONG)；文件名未限定题号；未能在材料正文定位到第7题段，仅按同卷材料登记为候选；题干块6-gram重叠0.0000(题干312字/材料段0字)；同题另一来源块状态较弱(存在候选)，已按最强状态归并
BJ-2023-HD-QIZHONG-Q8,BJ-2023-HD-QIZHONG,8,S007642ce939e,2023模拟题/2023各区模拟题(1)/期末和期中/2023北京海淀高三（上）期中政治（教师版）.docx,教师版,参考答案,已匹配参考答案,仅有参考答案,1.0,,考试身份同(BJ-2023-HD-QIZHONG)；文件名未限定题号；正文定位方式=题号起首；题干块6-gram重叠1.0000(题干282字/材料段283字)；同题另一来源块状态较弱(存在候选)，已按最强状态归并
BJ-2023-HD-QIZHONG-Q8,BJ-2023-HD-QIZHONG,8,Sfe51d8a7d585,2023模拟题/2023各区模拟题(1)/期末和期中/23海淀政治期中评标(1).pdf,评分材料,正式评分材料,存在候选,仅有参考答案,0.0,,考试身份同(BJ-2023-HD-QIZHONG)；文件名未限定题号；未能在材料正文定位到第8题段，仅按同卷材料登记为候选；题干块6-gram重叠0.0000(题干182字/材料段0字)；同题另一来源块状态较弱(存在候选)，已按最强状态归并；同题另一来源块状态较弱(存在候选)，已按最强状态归并
BJ-2023-HD-QIZHONG-Q9,BJ-2023-HD-QIZHONG,9,S007642ce939e,2023模拟题/2023各区模拟题(1)/期末和期中/2023北京海淀高三（上）期中政治（教师版）.docx,教师版,参考答案,已匹配参考答案,仅有参考答案,1.0,,考试身份同(BJ-2023-HD-QIZHONG)；文件名未限定题号；正文定位方式=题号起首；题干块6-gram重叠1.0000(题干315字/材料段316字)；同题另一来源块状态较弱(存在候选)，已按最强状态归并
BJ-2023-HD-QIZHONG-Q9,BJ-2023-HD-QIZHONG,9,Sfe51d8a7d585,2023模拟题/2023各区模拟题(1)/期末和期中/23海淀政治期中评标(1).pdf,评分材料,正式评分材料,存在候选,仅有参考答案,0.0,,考试身份同(BJ-2023-HD-QIZHONG)；文件名未限定题号；未能在材料正文定位到第9题段，仅按同卷材料登记为候选；题干块6-gram重叠0.0000(题干230字/材料段0字)；同题另一来源块状态较弱(存在候选)，已按最强状态归并；同题另一来源块状态较弱(存在候选)，已按最强状态归并
BJ-2023-HD-QIZHONG-Q10,BJ-2023-HD-QIZHONG,10,S007642ce939e,2023模拟题/2023各区模拟题(1)/期末和期中/2023北京海淀高三（上）期中政治（教师版）.docx,教师版,参考答案,已匹配参考答案,仅有参考答案,1.0,,考试身份同(BJ-2023-HD-QIZHONG)；文件名未限定题号；正文定位方式=题号起首；题干块6-gram重叠1.0000(题干246字/材料段247字)；同题另一来源块状态较弱(存在候选)，已按最强状态归并
BJ-2023-HD-QIZHONG-Q10,BJ-2023-HD-QIZHONG,10,Sfe51d8a7d585,2023模拟题/2023各区模拟题(1)/期末和期中/23海淀政治期中评标(1).pdf,评分材料,正式评分材料,存在候选,仅有参考答案,0.0,,考试身份同(BJ-2023-HD-QIZHONG)；文件名未限定题号；未能在材料正文定位到第10题段，仅按同卷材料登记为候选；题干块6-gram重叠0.0000(题干250字/材料段0字)；同题另一来源块状态较弱(存在候选)，已按最强状态归并；同题另一来源块状态较弱(存在候选)，已按最强状态归并
BJ-2023-HD-QIZHONG-Q11,BJ-2023-HD-QIZHONG,11,S007642ce939e,2023模拟题/2023各区模拟题(1)/期末和期中/2023北京海淀高三（上）期中政治（教师版）.docx,教师版,参考答案,已匹配参考答案,仅有参考答案,1.0,,考试身份同(BJ-2023-HD-QIZHONG)；文件名未限定题号；正文定位方式=题号起首；题干块6-gram重叠1.0000(题干327字/材料段328字)；同题另一来源块状态较弱(存在候选)，已按最强状态归并
BJ-2023-HD-QIZHONG-Q11,BJ-2023-HD-QIZHONG,11,Sfe51d8a7d585,2023模拟题/2023各区模拟题(1)/期末和期中/23海淀政治期中评标(1).pdf,评分材料,正式评分材料,存在候选,仅有参考答案,0.0,,考试身份同(BJ-2023-HD-QIZHONG)；文件名未限定题号；未能在材料正文定位到第11题段，仅按同卷材料登记为候选；题干块6-gram重叠0.0000(题干606字/材料段0字)；同题另一来源块状态较弱(存在候选)，已按最强状态归并；同题另一来源块状态较弱(存在候选)，已按最强状态归并
BJ-2023-HD-QIZHONG-Q12,BJ-2023-HD-QIZHONG,12,S007642ce939e,2023模拟题/2023各区模拟题(1)/期末和期中/2023北京海淀高三（上）期中政治（教师版）.docx,教师版,参考答案,已匹配参考答案,仅有参考答案,1.0,,考试身份同(BJ-2023-HD-QIZHONG)；文件名未限定题号；正文定位方式=题号起首；题干块6-gram重叠1.0000(题干252字/材料段253字)；同题另一来源块状态较弱(存在候选)，已按最强状态归并
BJ-2023-HD-QIZHONG-Q12,BJ-2023-HD-QIZHONG,12,Sfe51d8a7d585,2023模拟题/2023各区模拟题(1)/期末和期中/23海淀政治期中评标(1).pdf,评分材料,正式评分材料,存在候选,仅有参考答案,0.0,,考试身份同(BJ-2023-HD-QIZHONG)；文件名未限定题号；未能在材料正文定位到第12题段，仅按同卷材料登记为候选；题干块6-gram重叠0.0000(题干280字/材料段0字)；同题另一来源块状态较弱(存在候选)，已按最强状态归并；同题另一来源块状态较弱(存在候选)，已按最强状态归并
BJ-2023-HD-QIZHONG-Q13,BJ-2023-HD-QIZHONG,13,S007642ce939e,2023模拟题/2023各区模拟题(1)/期末和期中/2023北京海淀高三（上）期中政治（教师版）.docx,教师版,参考答案,已匹配参考答案,仅有参考答案,1.0,,考试身份同(BJ-2023-HD-QIZHONG)；文件名未限定题号；正文定位方式=题号起首；题干块6-gram重叠1.0000(题干292字/材料段293字)；同题另一来源块状态较弱(存在候选)，已按最强状态归并
BJ-2023-HD-QIZHONG-Q13,BJ-2023-HD-QIZHONG,13,Sfe51d8a7d585,2023模拟题/2023各区模拟题(1)/期末和期中/23海淀政治期中评标(1).pdf,评分材料,正式评分材料,存在候选,仅有参考答案,0.0,,考试身份同(BJ-2023-HD-QIZHONG)；文件名未限定题号；未能在材料正文定位到第13题段，仅按同卷材料登记为候选；题干块6-gram重叠0.0000(题干256字/材料段0字)；同题另一来源块状态较弱(存在候选)，已按最强状态归并；同题另一来源块状态较弱(存在候选)，已按最强状态归并
BJ-2023-HD-QIZHONG-Q14,BJ-2023-HD-QIZHONG,14,S007642ce939e,2023模拟题/2023各区模拟题(1)/期末和期中/2023北京海淀高三（上）期中政治（教师版）.docx,教师版,参考答案,已匹配参考答案,仅有参考答案,1.0,,考试身份同(BJ-2023-HD-QIZHONG)；文件名未限定题号；正文定位方式=题号起首；题干块6-gram重叠1.0000(题干241字/材料段242字)；同题另一来源块状态较弱(存在候选)，已按最强状态归并
BJ-2023-HD-QIZHONG-Q14,BJ-2023-HD-QIZHONG,14,Sfe51d8a7d585,2023模拟题/2023各区模拟题(1)/期末和期中/23海淀政治期中评标(1).pdf,评分材料,正式评分材料,存在候选,仅有参考答案,0.0,,考试身份同(BJ-2023-HD-QIZHONG)；文件名未限定题号；未能在材料正文定位到第14题段，仅按同卷材料登记为候选；题干块6-gram重叠0.0000(题干267字/材料段0字)；同题另一来源块状态较弱(存在候选)，已按最强状态归并；同题另一来源块状态较弱(存在候选)，已按最强状态归并
BJ-2023-HD-QIZHONG-Q15,BJ-2023-HD-QIZHONG,15,S007642ce939e,2023模拟题/2023各区模拟题(1)/期末和期中/2023北京海淀高三（上）期中政治（教师版）.docx,教师版,参考答案,已匹配参考答案,仅有参考答案,1.0,,考试身份同(BJ-2023-HD-QIZHONG)；文件名未限定题号；正文定位方式=题号起首；题干块6-gram重叠1.0000(题干219字/材料段220字)；同题另一来源块状态较弱(存在候选)，已按最强状态归并
BJ-2023-HD-QIZHONG-Q15,BJ-2023-HD-QIZHONG,15,Sfe51d8a7d585,2023模拟题/2023各区模拟题(1)/期末和期中/23海淀政治期中评标(1).pdf,评分材料,正式评分材料,存在候选,仅有参考答案,0.0,,考试身份同(BJ-2023-HD-QIZHONG)；文件名未限定题号；未能在材料正文定位到第15题段，仅按同卷材料登记为候选；题干块6-gram重叠0.0000(题干438字/材料段0字)；同题另一来源块状态较弱(存在候选)，已按最强状态归并；同题另一来源块状态较弱(存在候选)，已按最强状态归并
BJ-2023-HD-QIZHONG-Q16,BJ-2023-HD-QIZHONG,16,S007642ce939e,2023模拟题/2023各区模拟题(1)/期末和期中/2023北京海淀高三（上）期中政治（教师版）.docx,教师版,参考答案,已匹配参考答案,仅有参考答案,1.0,,考试身份同(BJ-2023-HD-QIZHONG)；文件名未限定题号；正文定位方式=题号起首；题干块6-gram重叠1.0000(题干492字/材料段493字)；分值文本 7；同题另一来源块状态较弱(存在候选)，已按最强状态归并
BJ-2023-HD-QIZHONG-Q16,BJ-2023-HD-QIZHONG,16,Sfe51d8a7d585,2023模拟题/2023各区模拟题(1)/期末和期中/23海淀政治期中评标(1).pdf,评分材料,正式评分材料,存在候选,仅有参考答案,0.0,,考试身份同(BJ-2023-HD-QIZHONG)；文件名未限定题号；未能在材料正文定位到第16题段，仅按同卷材料登记为候选；题干块6-gram重叠0.0000(题干713字/材料段0字)；分值文本 8；同题另一来源块状态较弱(存在候选)，已按最强状态归并；同题另一来源块状态较弱(存在候选)，已按最强状态归并
BJ-2023-HD-QIZHONG-Q17,BJ-2023-HD-QIZHONG,17,S007642ce939e,2023模拟题/2023各区模拟题(1)/期末和期中/2023北京海淀高三（上）期中政治（教师版）.docx,教师版,参考答案,已匹配参考答案,仅有参考答案,1.0,,考试身份同(BJ-2023-HD-QIZHONG)；文件名未限定题号；正文定位方式=题号起首；题干块6-gram重叠1.0000(题干357字/材料段357字)；分值文本 6；同题另一来源块状态较弱(存在候选)，已按最强状态归并；同题另一来源块状态较弱(存在候选)，已按最强状态归并
BJ-2023-HD-QIZHONG-Q17,BJ-2023-HD-QIZHONG,17,Sfe51d8a7d585,2023模拟题/2023各区模拟题(1)/期末和期中/23海淀政治期中评标(1).pdf,评分材料,正式评分材料,存在候选,仅有参考答案,0.0,,考试身份同(BJ-2023-HD-QIZHONG)；文件名未限定题号；未能在材料正文定位到第17题段，仅按同卷材料登记为候选；题干块6-gram重叠0.0000(题干120字/材料段0字)；分值文本 7；同题另一来源块状态较弱(存在候选)，已按最强状态归并；同题另一来源块状态较弱(存在候选)，已按最强状态归并；同题另一来源块状态较弱(存在候选)，已按最强状态归并
BJ-2023-HD-QIZHONG-Q18,BJ-2023-HD-QIZHONG,18,S007642ce939e,2023模拟题/2023各区模拟题(1)/期末和期中/2023北京海淀高三（上）期中政治（教师版）.docx,教师版,参考答案,已匹配参考答案,仅有参考答案,1.0,,考试身份同(BJ-2023-HD-QIZHONG)；文件名未限定题号；正文定位方式=题号起首；题干块6-gram重叠1.0000(题干642字/材料段644字)；分值文本 9；同题另一来源块状态较弱(存在候选)，已按最强状态归并
BJ-2023-HD-QIZHONG-Q18,BJ-2023-HD-QIZHONG,18,Sfe51d8a7d585,2023模拟题/2023各区模拟题(1)/期末和期中/23海淀政治期中评标(1).pdf,评分材料,正式评分材料,存在候选,仅有参考答案,0.0,,考试身份同(BJ-2023-HD-QIZHONG)；文件名未限定题号；未能在材料正文定位到第18题段，仅按同卷材料登记为候选；题干块6-gram重叠0.0000(题干545字/材料段0字)；分值文本 8；同题另一来源块状态较弱(存在候选)，已按最强状态归并；同题另一来源块状态较弱(存在候选)，已按最强状态归并
BJ-2023-HD-QIZHONG-Q19,BJ-2023-HD-QIZHONG,19,S007642ce939e,2023模拟题/2023各区模拟题(1)/期末和期中/2023北京海淀高三（上）期中政治（教师版）.docx,教师版,参考答案,已匹配参考答案,仅有参考答案,1.0,,考试身份同(BJ-2023-HD-QIZHONG)；文件名未限定题号；正文定位方式=题号起首；题干块6-gram重叠1.0000(题干275字/材料段275字)；分值文本 6；同题另一来源块状态较弱(存在候选)，已按最强状态归并
BJ-2023-HD-QIZHONG-Q19,BJ-2023-HD-QIZHONG,19,Sfe51d8a7d585,2023模拟题/2023各区模拟题(1)/期末和期中/23海淀政治期中评标(1).pdf,评分材料,正式评分材料,存在候选,仅有参考答案,0.0,,考试身份同(BJ-2023-HD-QIZHONG)；文件名未限定题号；未能在材料正文定位到第19题段，仅按同卷材料登记为候选；题干块6-gram重叠0.0000(题干619字/材料段0字)；分值文本 6；同题另一来源块状态较弱(存在候选)，已按最强状态归并；同题另一来源块状态较弱(存在候选)，已按最强状态归并
BJ-2023-HD-QIZHONG-Q20,BJ-2023-HD-QIZHONG,20,S007642ce939e,2023模拟题/2023各区模拟题(1)/期末和期中/2023北京海淀高三（上）期中政治（教师版）.docx,教师版,参考答案,已匹配参考答案,仅有参考答案,1.0,,考试身份同(BJ-2023-HD-QIZHONG)；文件名未限定题号；正文定位方式=题号起首；题干块6-gram重叠1.0000(题干270字/材料段272字)；分值文本 7；同题另一来源块状态较弱(存在候选)，已按最强状态归并
BJ-2023-HD-QIZHONG-Q20,BJ-2023-HD-QIZHONG,20,Sfe51d8a7d585,2023模拟题/2023各区模拟题(1)/期末和期中/23海淀政治期中评标(1).pdf,评分材料,正式评分材料,存在候选,仅有参考答案,0.0,,考试身份同(BJ-2023-HD-QIZHONG)；文件名未限定题号；未能在材料正文定位到第20题段，仅按同卷材料登记为候选；题干块6-gram重叠0.0000(题干845字/材料段0字)；分值文本 12；同题另一来源块状态较弱(存在候选)，已按最强状态归并；同题另一来源块状态较弱(存在候选)，已按最强状态归并
BJ-2023-HD-QIZHONG-Q21,BJ-2023-HD-QIZHONG,21,S007642ce939e,2023模拟题/2023各区模拟题(1)/期末和期中/2023北京海淀高三（上）期中政治（教师版）.docx,教师版,参考答案,已匹配参考答案,仅有参考答案,1.0,,考试身份同(BJ-2023-HD-QIZHONG)；文件名未限定题号；正文定位方式=题号起首；题干块6-gram重叠1.0000(题干686字/材料段686字)；分值文本 7；同题另一来源块状态较弱(存在候选)，已按最强状态归并
BJ-2023-HD-QIZHONG-Q21,BJ-2023-HD-QIZHONG,21,Sfe51d8a7d585,2023模拟题/2023各区模拟题(1)/期末和期中/23海淀政治期中评标(1).pdf,评分材料,正式评分材料,存在候选,仅有参考答案,0.0,,考试身份同(BJ-2023-HD-QIZHONG)；文件名未限定题号；未能在材料正文定位到第21题段，仅按同卷材料登记为候选；题干块6-gram重叠0.0000(题干679字/材料段0字)；分值文本 14；同题另一来源块状态较弱(存在候选)，已按最强状态归并
BJ-2023-HD-YIMO-Q16,BJ-2023-HD-YIMO,16,S1e63c7437c16,2023模拟题/2023各区模拟题(1)/各区一模/海淀/海淀区2022-2023学年第二学期期练中习高三思想政治参考答案(4).pdf,参考答案,参考答案,已匹配参考答案,仅有参考答案,1.0,,考试身份同(BJ-2023-HD-YIMO)；文件名未限定题号；正文定位方式=题号起首；题干块6-gram重叠1.0000(题干225字/材料段226字)；分值文本 8；同题另一来源块状态较弱(已匹配参考答案)，已按最强状态归并；同题另一来源块状态较弱(存在候选)，已按最强状态归并
BJ-2023-HD-YIMO-Q16,BJ-2023-HD-YIMO,16,S74dee7282b3f,2023模拟题/2023各区模拟题(1)/各区一模/海淀/细则(2).pdf,评分材料,正式评分材料,存在候选,仅有参考答案,0.0,,考试身份同(BJ-2023-HD-YIMO)；文件名未限定题号；未能在材料正文定位到第16题段，仅按同卷材料登记为候选；题干块6-gram重叠0.0000(题干225字/材料段0字)；分值文本 8；同题另一来源块状态较弱(存在候选)，已按最强状态归并；同题另一来源块状态较弱(存在候选)，已按最强状态归并
BJ-2023-HD-YIMO-Q17,BJ-2023-HD-YIMO,17,S1e63c7437c16,2023模拟题/2023各区模拟题(1)/各区一模/海淀/海淀区2022-2023学年第二学期期练中习高三思想政治参考答案(4).pdf,参考答案,参考答案,已匹配参考答案,仅有参考答案,1.0,,考试身份同(BJ-2023-HD-YIMO)；文件名未限定题号；正文定位方式=题号起首；题干块6-gram重叠1.0000(题干287字/材料段288字)；分值文本 7；同题另一来源块状态较弱(已匹配参考答案)，已按最强状态归并；同题另一来源块状态较弱(存在候选)，已按最强状态归并
BJ-2023-HD-YIMO-Q17,BJ-2023-HD-YIMO,17,S74dee7282b3f,2023模拟题/2023各区模拟题(1)/各区一模/海淀/细则(2).pdf,评分材料,正式评分材料,存在候选,仅有参考答案,0.0,,考试身份同(BJ-2023-HD-YIMO)；文件名未限定题号；未能在材料正文定位到第17题段，仅按同卷材料登记为候选；题干块6-gram重叠0.0000(题干287字/材料段0字)；分值文本 7；同题另一来源块状态较弱(存在候选)，已按最强状态归并；同题另一来源块状态较弱(存在候选)，已按最强状态归并
BJ-2023-HD-YIMO-Q18,BJ-2023-HD-YIMO,18,S1e63c7437c16,2023模拟题/2023各区模拟题(1)/各区一模/海淀/海淀区2022-2023学年第二学期期练中习高三思想政治参考答案(4).pdf,参考答案,参考答案,已匹配参考答案,仅有参考答案,1.0,,考试身份同(BJ-2023-HD-YIMO)；文件名未限定题号；正文定位方式=题号起首；题干块6-gram重叠1.0000(题干289字/材料段290字)；分值文本 8；同题另一来源块状态较弱(已匹配参考答案)，已按最强状态归并；同题另一来源块状态较弱(已匹配参考答案)，已按最强状态归并
BJ-2023-HD-YIMO-Q18,BJ-2023-HD-YIMO,18,S74dee7282b3f,2023模拟题/2023各区模拟题(1)/各区一模/海淀/细则(2).pdf,评分材料,正式评分材料,存在候选,仅有参考答案,0.0,,考试身份同(BJ-2023-HD-YIMO)；文件名未限定题号；未能在材料正文定位到第18题段，仅按同卷材料登记为候选；题干块6-gram重叠0.0000(题干289字/材料段0字)；分值文本 8；同题另一来源块状态较弱(存在候选)，已按最强状态归并；同题另一来源块状态较弱(存在候选)，已按最强状态归并
BJ-2023-HD-YIMO-Q19,BJ-2023-HD-YIMO,19,S1e63c7437c16,2023模拟题/2023各区模拟题(1)/各区一模/海淀/海淀区2022-2023学年第二学期期练中习高三思想政治参考答案(4).pdf,参考答案,参考答案,已匹配参考答案,仅有参考答案,1.0,,考试身份同(BJ-2023-HD-YIMO)；文件名未限定题号；正文定位方式=题号起首；题干块6-gram重叠1.0000(题干194字/材料段195字)；分值文本 6；同题另一来源块状态较弱(已匹配参考答案)，已按最强状态归并；同题另一来源块状态较弱(存在候选)，已按最强状态归并
BJ-2023-HD-YIMO-Q19,BJ-2023-HD-YIMO,19,S74dee7282b3f,2023模拟题/2023各区模拟题(1)/各区一模/海淀/细则(2).pdf,评分材料,正式评分材料,存在候选,仅有参考答案,0.0,,考试身份同(BJ-2023-HD-YIMO)；文件名未限定题号；未能在材料正文定位到第19题段，仅按同卷材料登记为候选；题干块6-gram重叠0.0000(题干194字/材料段0字)；分值文本 6；同题另一来源块状态较弱(存在候选)，已按最强状态归并；同题另一来源块状态较弱(存在候选)，已按最强状态归并
BJ-2023-HD-YIMO-Q20,BJ-2023-HD-YIMO,20,S1e63c7437c16,2023模拟题/2023各区模拟题(1)/各区一模/海淀/海淀区2022-2023学年第二学期期练中习高三思想政治参考答案(4).pdf,参考答案,参考答案,已匹配参考答案,仅有参考答案,1.0,,考试身份同(BJ-2023-HD-YIMO)；文件名未限定题号；正文定位方式=题号起首；题干块6-gram重叠1.0000(题干523字/材料段524字)；分值文本 12；同题另一来源块状态较弱(已匹配参考答案)，已按最强状态归并；同题另一来源块状态较弱(存在候选)，已按最强状态归并
BJ-2023-HD-YIMO-Q20,BJ-2023-HD-YIMO,20,S74dee7282b3f,2023模拟题/2023各区模拟题(1)/各区一模/海淀/细则(2).pdf,评分材料,正式评分材料,存在候选,仅有参考答案,0.0,,考试身份同(BJ-2023-HD-YIMO)；文件名未限定题号；未能在材料正文定位到第20题段，仅按同卷材料登记为候选；题干块6-gram重叠0.0000(题干523字/材料段0字)；分值文本 12；同题另一来源块状态较弱(存在候选)，已按最强状态归并；同题另一来源块状态较弱(存在候选)，已按最强状态归并
BJ-2023-HD-YIMO-Q21,BJ-2023-HD-YIMO,21,S1e63c7437c16,2023模拟题/2023各区模拟题(1)/各区一模/海淀/海淀区2022-2023学年第二学期期练中习高三思想政治参考答案(4).pdf,参考答案,参考答案,已匹配参考答案,仅有参考答案,1.0,,考试身份同(BJ-2023-HD-YIMO)；文件名未限定题号；正文定位方式=题号起首；题干块6-gram重叠1.0000(题干568字/材料段571字)；分值文本 14；同题另一来源块状态较弱(已匹配参考答案)，已按最强状态归并；同题另一来源块状态较弱(已匹配参考答案)，已按最强状态归并
BJ-2023-HD-YIMO-Q21,BJ-2023-HD-YIMO,21,S74dee7282b3f,2023模拟题/2023各区模拟题(1)/各区一模/海淀/细则(2).pdf,评分材料,正式评分材料,存在候选,仅有参考答案,0.0,,考试身份同(BJ-2023-HD-YIMO)；文件名未限定题号；未能在材料正文定位到第21题段，仅按同卷材料登记为候选；题干块6-gram重叠0.0000(题干568字/材料段0字)；分值文本 14；同题另一来源块状态较弱(存在候选)，已按最强状态归并；同题另一来源块状态较弱(存在候选)，已按最强状态归并
BJ-2023-XC-YIMO-Q16,BJ-2023-XC-YIMO,16,S86c2eb361038,2023模拟题/2023各区模拟题(1)/各区一模/西城/西城-高三政治一模答案.docx,参考答案,参考答案,已匹配参考答案,已匹配正式材料,1.0,,考试身份同(BJ-2023-XC-YIMO)；文件名未限定题号；正文定位方式=题号起首；题干块6-gram重叠1.0000(题干295字/材料段295字)；分值文本 6；同题另一来源块状态较弱(存在候选)，已按最强状态归并；同题另一来源块状态较弱(存在候选)，已按最强状态归并；同题另一来源块状态较弱(存在候选)，已按最强状态归并
BJ-2023-XC-YIMO-Q16,BJ-2023-XC-YIMO,16,S9140266498fe,2023模拟题/2023各区模拟题(1)/各区一模/西城/西城细则-高三政治一模3-30(1).docx,评分材料,正式评分材料,已匹配正式材料,已匹配正式材料,1.0,,考试身份同(BJ-2023-XC-YIMO)；文件名未限定题号；正文定位方式=题号起首；题干块6-gram重叠1.0000(题干389字/材料段386字)；分值文本 6；同题另一来源块状态较弱(存在候选)，已按最强状态归并
BJ-2023-XC-YIMO-Q17,BJ-2023-XC-YIMO,17,S86c2eb361038,2023模拟题/2023各区模拟题(1)/各区一模/西城/西城-高三政治一模答案.docx,参考答案,参考答案,已匹配参考答案,已匹配正式材料,1.0,,考试身份同(BJ-2023-XC-YIMO)；文件名未限定题号；正文定位方式=题号起首；题干块6-gram重叠1.0000(题干213字/材料段215字)；分值文本 10；同题另一来源块状态较弱(存在候选)，已按最强状态归并；同题另一来源块状态较弱(存在候选)，已按最强状态归并；同题另一来源块状态较弱(已匹配参考答案)，已按最强状态归并
BJ-2023-XC-YIMO-Q17,BJ-2023-XC-YIMO,17,S9140266498fe,2023模拟题/2023各区模拟题(1)/各区一模/西城/西城细则-高三政治一模3-30(1).docx,评分材料,正式评分材料,已匹配正式材料,已匹配正式材料,0.3786,,考试身份同(BJ-2023-XC-YIMO)；文件名未限定题号；正文定位方式=题号起首；题干块6-gram重叠0.3786(题干213字/材料段2784字)；分值文本 10；同题另一来源块状态较弱(存在候选)，已按最强状态归并；同题另一来源块状态较弱(存在候选)，已按最强状态归并；同题另一来源块状态较弱(已匹配正式材料)，已按最强状态归并
BJ-2023-XC-YIMO-Q18,BJ-2023-XC-YIMO,18,S86c2eb361038,2023模拟题/2023各区模拟题(1)/各区一模/西城/西城-高三政治一模答案.docx,参考答案,参考答案,已匹配参考答案,仅有参考答案,1.0,,考试身份同(BJ-2023-XC-YIMO)；文件名未限定题号；正文定位方式=题号起首；题干块6-gram重叠1.0000(题干206字/材料段207字)；分值文本 9；同题另一来源块状态较弱(存在候选)，已按最强状态归并；同题另一来源块状态较弱(存在候选)，已按最强状态归并；同题另一来源块状态较弱(存在候选)，已按最强状态归并
BJ-2023-XC-YIMO-Q18,BJ-2023-XC-YIMO,18,S9140266498fe,2023模拟题/2023各区模拟题(1)/各区一模/西城/西城细则-高三政治一模3-30(1).docx,评分材料,正式评分材料,已匹配正式材料,已匹配正式材料,0.0,,考试身份同(BJ-2023-XC-YIMO)；文件名未限定题号；未能在材料正文定位到第18题段，仅按同卷材料登记为候选；题干块6-gram重叠0.0000(题干206字/材料段0字)；分值文本 9；同题另一来源块状态较弱(存在候选)，已按最强状态归并；同题另一来源块状态较弱(存在候选)，已按最强状态归并；同题另一来源块状态较弱(存在候选)，已按最强状态归并；经逐题原件复核与独立候选验收，确认该来源为本题正式评分材料；共享单题正式区已按同题边界合入。
BJ-2023-XC-YIMO-Q19,BJ-2023-XC-YIMO,19,S86c2eb361038,2023模拟题/2023各区模拟题(1)/各区一模/西城/西城-高三政治一模答案.docx,参考答案,参考答案,已匹配参考答案,仅有参考答案,1.0,,考试身份同(BJ-2023-XC-YIMO)；文件名未限定题号；正文定位方式=题号起首；题干块6-gram重叠1.0000(题干251字/材料段252字)；分值文本 9；同题另一来源块状态较弱(存在候选)，已按最强状态归并；同题另一来源块状态较弱(存在候选)，已按最强状态归并
BJ-2023-XC-YIMO-Q19,BJ-2023-XC-YIMO,19,S9140266498fe,2023模拟题/2023各区模拟题(1)/各区一模/西城/西城细则-高三政治一模3-30(1).docx,评分材料,正式评分材料,已匹配正式材料,已匹配正式材料,0.0,,考试身份同(BJ-2023-XC-YIMO)；文件名未限定题号；未能在材料正文定位到第19题段，仅按同卷材料登记为候选；题干块6-gram重叠0.0000(题干251字/材料段0字)；分值文本 9；同题另一来源块状态较弱(存在候选)，已按最强状态归并；同题另一来源块状态较弱(存在候选)，已按最强状态归并；2026-09-22主控改判：Q19细则段位于同一连续《高三政治一模主观题阅卷细则2023.3》DOCX的第18与第20题细则之间，版式一致，依claude_bank_20260922/BJ-2023-XC-YIMO/r1审计与r1_verify独立复核
BJ-2023-XC-YIMO-Q20,BJ-2023-XC-YIMO,20,S86c2eb361038,2023模拟题/2023各区模拟题(1)/各区一模/西城/西城-高三政治一模答案.docx,参考答案,参考答案,已匹配参考答案,仅有参考答案,1.0,,考试身份同(BJ-2023-XC-YIMO)；文件名未限定题号；正文定位方式=题号起首；题干块6-gram重叠1.0000(题干153字/材料段154字)；分值文本 8；同题另一来源块状态较弱(存在候选)，已按最强状态归并；同题另一来源块状态较弱(存在候选)，已按最强状态归并
BJ-2023-XC-YIMO-Q20,BJ-2023-XC-YIMO,20,S9140266498fe,2023模拟题/2023各区模拟题(1)/各区一模/西城/西城细则-高三政治一模3-30(1).docx,评分材料,正式评分材料,已匹配正式材料,已匹配正式材料,0.0,,考试身份同(BJ-2023-XC-YIMO)；文件名未限定题号；未能在材料正文定位到第20题段，仅按同卷材料登记为候选；题干块6-gram重叠0.0000(题干153字/材料段0字)；分值文本 8；同题另一来源块状态较弱(存在候选)，已按最强状态归并；同题另一来源块状态较弱(存在候选)，已按最强状态归并；经逐题原件复核与独立候选验收，确认该来源为本题正式评分材料；共享单题正式区已按同题边界合入。
BJ-2023-XC-YIMO-Q21,BJ-2023-XC-YIMO,21,S86c2eb361038,2023模拟题/2023各区模拟题(1)/各区一模/西城/西城-高三政治一模答案.docx,参考答案,参考答案,已匹配参考答案,已匹配正式材料,1.0,,考试身份同(BJ-2023-XC-YIMO)；文件名未限定题号；正文定位方式=题号起首；题干块6-gram重叠1.0000(题干455字/材料段458字)；分值文本 13；同题另一来源块状态较弱(存在候选)，已按最强状态归并；同题另一来源块状态较弱(存在候选)，已按最强状态归并；同题另一来源块状态较弱(存在候选)，已按最强状态归并
BJ-2023-XC-YIMO-Q21,BJ-2023-XC-YIMO,21,S9140266498fe,2023模拟题/2023各区模拟题(1)/各区一模/西城/西城细则-高三政治一模3-30(1).docx,评分材料,正式评分材料,已匹配正式材料,已匹配正式材料,1.0,,考试身份同(BJ-2023-XC-YIMO)；文件名未限定题号；正文定位方式=题号起首；题干块6-gram重叠1.0000(题干706字/材料段708字)；分值文本 13；同题另一来源块状态较弱(存在候选)，已按最强状态归并
BJ-2023-XC-YIMO-Q1,BJ-2023-XC-YIMO,1,S86c2eb361038,2023模拟题/2023各区模拟题(1)/各区一模/西城/西城-高三政治一模答案.docx,参考答案,参考答案,存在候选,存在候选,0.0,,考试身份同(BJ-2023-XC-YIMO)；文件名未限定题号；正文定位方式=题号起首；题干块6-gram重叠0.0000(题干310字/材料段1890字)；同题另一来源块状态较弱(存在候选)，已按最强状态归并
BJ-2023-XC-YIMO-Q1,BJ-2023-XC-YIMO,1,S9140266498fe,2023模拟题/2023各区模拟题(1)/各区一模/西城/西城细则-高三政治一模3-30(1).docx,评分材料,正式评分材料,存在候选,存在候选,0.0,,考试身份同(BJ-2023-XC-YIMO)；文件名未限定题号；正文定位方式=题号起首；题干块6-gram重叠0.0000(题干310字/材料段21字)；同题另一来源块状态较弱(存在候选)，已按最强状态归并
BJ-2023-XC-YIMO-Q2,BJ-2023-XC-YIMO,2,S86c2eb361038,2023模拟题/2023各区模拟题(1)/各区一模/西城/西城-高三政治一模答案.docx,参考答案,参考答案,已匹配参考答案,仅有参考答案,0.0,,考试身份同(BJ-2023-XC-YIMO)；文件名未限定题号；正文定位方式=行内答案键；题干块6-gram重叠0.0000(题干521字/材料段3字)；同题另一来源块状态较弱(已匹配参考答案)，已按最强状态归并；同题另一来源块状态较弱(已匹配参考答案)，已按最强状态归并
BJ-2023-XC-YIMO-Q2,BJ-2023-XC-YIMO,2,S9140266498fe,2023模拟题/2023各区模拟题(1)/各区一模/西城/西城细则-高三政治一模3-30(1).docx,评分材料,正式评分材料,存在候选,仅有参考答案,0.0,,考试身份同(BJ-2023-XC-YIMO)；文件名未限定题号；正文定位方式=题号起首；题干块6-gram重叠0.0000(题干521字/材料段43字)；同题另一来源块状态较弱(存在候选)，已按最强状态归并；同题另一来源块状态较弱(存在候选)，已按最强状态归并
BJ-2023-XC-YIMO-Q3,BJ-2023-XC-YIMO,3,S86c2eb361038,2023模拟题/2023各区模拟题(1)/各区一模/西城/西城-高三政治一模答案.docx,参考答案,参考答案,已匹配参考答案,已匹配正式材料,0.0,,考试身份同(BJ-2023-XC-YIMO)；文件名未限定题号；正文定位方式=行内答案键；题干块6-gram重叠0.0000(题干354字/材料段3字)；同题另一来源块状态较弱(已匹配参考答案)，已按最强状态归并；同题另一来源块状态较弱(已匹配参考答案)，已按最强状态归并
BJ-2023-XC-YIMO-Q3,BJ-2023-XC-YIMO,3,S9140266498fe,2023模拟题/2023各区模拟题(1)/各区一模/西城/西城细则-高三政治一模3-30(1).docx,评分材料,正式评分材料,已匹配正式材料,已匹配正式材料,1.0,,考试身份同(BJ-2023-XC-YIMO)；文件名未限定题号；正文定位方式=题号起首；题干块6-gram重叠1.0000(题干753字/材料段2183字)；同题另一来源块状态较弱(存在候选)，已按最强状态归并
BJ-2023-XC-YIMO-Q4,BJ-2023-XC-YIMO,4,S86c2eb361038,2023模拟题/2023各区模拟题(1)/各区一模/西城/西城-高三政治一模答案.docx,参考答案,参考答案,已匹配参考答案,仅有参考答案,0.0,,考试身份同(BJ-2023-XC-YIMO)；文件名未限定题号；正文定位方式=行内答案键；题干块6-gram重叠0.0000(题干824字/材料段3字)；同题另一来源块状态较弱(已匹配参考答案)，已按最强状态归并
BJ-2023-XC-YIMO-Q4,BJ-2023-XC-YIMO,4,S9140266498fe,2023模拟题/2023各区模拟题(1)/各区一模/西城/西城细则-高三政治一模3-30(1).docx,评分材料,正式评分材料,存在候选,仅有参考答案,0.0,,考试身份同(BJ-2023-XC-YIMO)；文件名未限定题号；未能在材料正文定位到第4题段，仅按同卷材料登记为候选；题干块6-gram重叠0.0000(题干824字/材料段0字)；同题另一来源块状态较弱(存在候选)，已按最强状态归并
BJ-2023-XC-YIMO-Q6,BJ-2023-XC-YIMO,6,S86c2eb361038,2023模拟题/2023各区模拟题(1)/各区一模/西城/西城-高三政治一模答案.docx,参考答案,参考答案,存在候选,存在候选,0.0,,考试身份同(BJ-2023-XC-YIMO)；文件名未限定题号；正文定位方式=题号起首；题干块6-gram重叠0.0000(题干210字/材料段1816字)
BJ-2023-XC-YIMO-Q6,BJ-2023-XC-YIMO,6,S9140266498fe,2023模拟题/2023各区模拟题(1)/各区一模/西城/西城细则-高三政治一模3-30(1).docx,评分材料,正式评分材料,存在候选,存在候选,0.0,,考试身份同(BJ-2023-XC-YIMO)；文件名未限定题号；未能在材料正文定位到第6题段，仅按同卷材料登记为候选；题干块6-gram重叠0.0000(题干210字/材料段0字)
BJ-2023-XC-YIMO-Q7,BJ-2023-XC-YIMO,7,S86c2eb361038,2023模拟题/2023各区模拟题(1)/各区一模/西城/西城-高三政治一模答案.docx,参考答案,参考答案,已匹配参考答案,仅有参考答案,0.0,,考试身份同(BJ-2023-XC-YIMO)；文件名未限定题号；正文定位方式=行内答案键；题干块6-gram重叠0.0000(题干395字/材料段3字)
BJ-2023-XC-YIMO-Q7,BJ-2023-XC-YIMO,7,S9140266498fe,2023模拟题/2023各区模拟题(1)/各区一模/西城/西城细则-高三政治一模3-30(1).docx,评分材料,正式评分材料,存在候选,仅有参考答案,0.0,,考试身份同(BJ-2023-XC-YIMO)；文件名未限定题号；未能在材料正文定位到第7题段，仅按同卷材料登记为候选；题干块6-gram重叠0.0000(题干395字/材料段0字)
BJ-2023-XC-YIMO-Q8,BJ-2023-XC-YIMO,8,S86c2eb361038,2023模拟题/2023各区模拟题(1)/各区一模/西城/西城-高三政治一模答案.docx,参考答案,参考答案,已匹配参考答案,仅有参考答案,0.0,,考试身份同(BJ-2023-XC-YIMO)；文件名未限定题号；正文定位方式=行内答案键；题干块6-gram重叠0.0000(题干297字/材料段3字)
BJ-2023-XC-YIMO-Q8,BJ-2023-XC-YIMO,8,S9140266498fe,2023模拟题/2023各区模拟题(1)/各区一模/西城/西城细则-高三政治一模3-30(1).docx,评分材料,正式评分材料,存在候选,仅有参考答案,0.0,,考试身份同(BJ-2023-XC-YIMO)；文件名未限定题号；未能在材料正文定位到第8题段，仅按同卷材料登记为候选；题干块6-gram重叠0.0000(题干297字/材料段0字)
BJ-2023-XC-YIMO-Q9,BJ-2023-XC-YIMO,9,S86c2eb361038,2023模拟题/2023各区模拟题(1)/各区一模/西城/西城-高三政治一模答案.docx,参考答案,参考答案,已匹配参考答案,仅有参考答案,0.0,,考试身份同(BJ-2023-XC-YIMO)；文件名未限定题号；正文定位方式=行内答案键；题干块6-gram重叠0.0000(题干309字/材料段3字)
BJ-2023-XC-YIMO-Q9,BJ-2023-XC-YIMO,9,S9140266498fe,2023模拟题/2023各区模拟题(1)/各区一模/西城/西城细则-高三政治一模3-30(1).docx,评分材料,正式评分材料,存在候选,仅有参考答案,0.0,,考试身份同(BJ-2023-XC-YIMO)；文件名未限定题号；未能在材料正文定位到第9题段，仅按同卷材料登记为候选；题干块6-gram重叠0.0000(题干309字/材料段0字)
BJ-2023-XC-YIMO-Q10,BJ-2023-XC-YIMO,10,S86c2eb361038,2023模拟题/2023各区模拟题(1)/各区一模/西城/西城-高三政治一模答案.docx,参考答案,参考答案,已匹配参考答案,仅有参考答案,0.0,,考试身份同(BJ-2023-XC-YIMO)；文件名未限定题号；正文定位方式=行内答案键；题干块6-gram重叠0.0000(题干312字/材料段4字)；同题另一来源块状态较弱(已匹配参考答案)，已按最强状态归并
BJ-2023-XC-YIMO-Q10,BJ-2023-XC-YIMO,10,S9140266498fe,2023模拟题/2023各区模拟题(1)/各区一模/西城/西城细则-高三政治一模3-30(1).docx,评分材料,正式评分材料,存在候选,仅有参考答案,0.0,,考试身份同(BJ-2023-XC-YIMO)；文件名未限定题号；未能在材料正文定位到第10题段，仅按同卷材料登记为候选；题干块6-gram重叠0.0000(题干312字/材料段0字)；同题另一来源块状态较弱(存在候选)，已按最强状态归并
BJ-2023-XC-YIMO-Q11,BJ-2023-XC-YIMO,11,S86c2eb361038,2023模拟题/2023各区模拟题(1)/各区一模/西城/西城-高三政治一模答案.docx,参考答案,参考答案,存在候选,存在候选,0.0,,考试身份同(BJ-2023-XC-YIMO)；文件名未限定题号；正文定位方式=题号起首；题干块6-gram重叠0.0000(题干240字/材料段1706字)；同题另一来源块状态较弱(存在候选)，已按最强状态归并
BJ-2023-XC-YIMO-Q11,BJ-2023-XC-YIMO,11,S9140266498fe,2023模拟题/2023各区模拟题(1)/各区一模/西城/西城细则-高三政治一模3-30(1).docx,评分材料,正式评分材料,存在候选,存在候选,0.0,,考试身份同(BJ-2023-XC-YIMO)；文件名未限定题号；未能在材料正文定位到第11题段，仅按同卷材料登记为候选；题干块6-gram重叠0.0000(题干240字/材料段0字)；同题另一来源块状态较弱(存在候选)，已按最强状态归并
BJ-2023-XC-YIMO-Q12,BJ-2023-XC-YIMO,12,S86c2eb361038,2023模拟题/2023各区模拟题(1)/各区一模/西城/西城-高三政治一模答案.docx,参考答案,参考答案,已匹配参考答案,仅有参考答案,0.0,,考试身份同(BJ-2023-XC-YIMO)；文件名未限定题号；正文定位方式=行内答案键；题干块6-gram重叠0.0000(题干122字/材料段4字)；同题另一来源块状态较弱(已匹配参考答案)，已按最强状态归并
BJ-2023-XC-YIMO-Q12,BJ-2023-XC-YIMO,12,S9140266498fe,2023模拟题/2023各区模拟题(1)/各区一模/西城/西城细则-高三政治一模3-30(1).docx,评分材料,正式评分材料,存在候选,仅有参考答案,0.0,,考试身份同(BJ-2023-XC-YIMO)；文件名未限定题号；未能在材料正文定位到第12题段，仅按同卷材料登记为候选；题干块6-gram重叠0.0000(题干122字/材料段0字)；同题另一来源块状态较弱(存在候选)，已按最强状态归并
BJ-2023-XC-YIMO-Q13,BJ-2023-XC-YIMO,13,S86c2eb361038,2023模拟题/2023各区模拟题(1)/各区一模/西城/西城-高三政治一模答案.docx,参考答案,参考答案,已匹配参考答案,仅有参考答案,0.0,,考试身份同(BJ-2023-XC-YIMO)；文件名未限定题号；正文定位方式=行内答案键；题干块6-gram重叠0.0000(题干304字/材料段4字)；同题另一来源块状态较弱(已匹配参考答案)，已按最强状态归并
BJ-2023-XC-YIMO-Q13,BJ-2023-XC-YIMO,13,S9140266498fe,2023模拟题/2023各区模拟题(1)/各区一模/西城/西城细则-高三政治一模3-30(1).docx,评分材料,正式评分材料,存在候选,仅有参考答案,0.0,,考试身份同(BJ-2023-XC-YIMO)；文件名未限定题号；未能在材料正文定位到第13题段，仅按同卷材料登记为候选；题干块6-gram重叠0.0000(题干304字/材料段0字)；同题另一来源块状态较弱(存在候选)，已按最强状态归并
BJ-2023-XC-YIMO-Q14,BJ-2023-XC-YIMO,14,S86c2eb361038,2023模拟题/2023各区模拟题(1)/各区一模/西城/西城-高三政治一模答案.docx,参考答案,参考答案,已匹配参考答案,仅有参考答案,0.0,,考试身份同(BJ-2023-XC-YIMO)；文件名未限定题号；正文定位方式=行内答案键；题干块6-gram重叠0.0000(题干293字/材料段4字)；同题另一来源块状态较弱(已匹配参考答案)，已按最强状态归并
BJ-2023-XC-YIMO-Q14,BJ-2023-XC-YIMO,14,S9140266498fe,2023模拟题/2023各区模拟题(1)/各区一模/西城/西城细则-高三政治一模3-30(1).docx,评分材料,正式评分材料,存在候选,仅有参考答案,0.0,,考试身份同(BJ-2023-XC-YIMO)；文件名未限定题号；未能在材料正文定位到第14题段，仅按同卷材料登记为候选；题干块6-gram重叠0.0000(题干293字/材料段0字)；同题另一来源块状态较弱(存在候选)，已按最强状态归并
BJ-2023-XC-YIMO-Q15,BJ-2023-XC-YIMO,15,S86c2eb361038,2023模拟题/2023各区模拟题(1)/各区一模/西城/西城-高三政治一模答案.docx,参考答案,参考答案,已匹配参考答案,仅有参考答案,0.0,,考试身份同(BJ-2023-XC-YIMO)；文件名未限定题号；正文定位方式=行内答案键；题干块6-gram重叠0.0000(题干555字/材料段4字)；同题另一来源块状态较弱(已匹配参考答案)，已按最强状态归并
BJ-2023-XC-YIMO-Q15,BJ-2023-XC-YIMO,15,S9140266498fe,2023模拟题/2023各区模拟题(1)/各区一模/西城/西城细则-高三政治一模3-30(1).docx,评分材料,正式评分材料,存在候选,仅有参考答案,0.0,,考试身份同(BJ-2023-XC-YIMO)；文件名未限定题号；未能在材料正文定位到第15题段，仅按同卷材料登记为候选；题干块6-gram重叠0.0000(题干555字/材料段0字)；同题另一来源块状态较弱(存在候选)，已按最强状态归并
BJ-2023-XC-YIMO-Q5,BJ-2023-XC-YIMO,5,S86c2eb361038,2023模拟题/2023各区模拟题(1)/各区一模/西城/西城-高三政治一模答案.docx,参考答案,参考答案,已匹配参考答案,仅有参考答案,0.0,,考试身份同(BJ-2023-XC-YIMO)；文件名未限定题号；正文定位方式=行内答案键；题干块6-gram重叠0.0000(题干496字/材料段3字)
BJ-2023-XC-YIMO-Q5,BJ-2023-XC-YIMO,5,S9140266498fe,2023模拟题/2023各区模拟题(1)/各区一模/西城/西城细则-高三政治一模3-30(1).docx,评分材料,正式评分材料,存在候选,仅有参考答案,0.0,,考试身份同(BJ-2023-XC-YIMO)；文件名未限定题号；未能在材料正文定位到第5题段，仅按同卷材料登记为候选；题干块6-gram重叠0.0000(题干496字/材料段0字)
BJ-2023-CY-ERMO-Q16,BJ-2023-CY-ERMO,16,S96315fb88e87,2023模拟题/2023各区模拟题(1)/各区二模/√朝阳/202305朝阳高三2模政治答案.pdf,参考答案,参考答案,已匹配参考答案,仅有参考答案,1.0,,同卷同题E3答案PDF p1；完整来源已核；无正式E1源，不以答案分值升为细则。
BJ-2023-CY-ERMO-Q17,BJ-2023-CY-ERMO,17,S96315fb88e87,2023模拟题/2023各区模拟题(1)/各区二模/√朝阳/202305朝阳高三2模政治答案.pdf,参考答案,参考答案,已匹配参考答案,仅有参考答案,1.0,,同卷同题E3答案PDF p1；完整来源已核；无正式E1源，不以答案分值升为细则。
BJ-2023-CY-ERMO-Q18,BJ-2023-CY-ERMO,18,S96315fb88e87,2023模拟题/2023各区模拟题(1)/各区二模/√朝阳/202305朝阳高三2模政治答案.pdf,参考答案,参考答案,已匹配参考答案,仅有参考答案,1.0,,同卷同题E3答案PDF p2；完整来源已核；无正式E1源，不以答案分值升为细则。
BJ-2023-CY-ERMO-Q19,BJ-2023-CY-ERMO,19,S96315fb88e87,2023模拟题/2023各区模拟题(1)/各区二模/√朝阳/202305朝阳高三2模政治答案.pdf,参考答案,参考答案,已匹配参考答案,仅有参考答案,1.0,,同卷同题E3答案PDF p2；完整来源已核；无正式E1源，不以答案分值升为细则。
BJ-2023-CY-ERMO-Q20,BJ-2023-CY-ERMO,20,S96315fb88e87,2023模拟题/2023各区模拟题(1)/各区二模/√朝阳/202305朝阳高三2模政治答案.pdf,参考答案,参考答案,已匹配参考答案,仅有参考答案,1.0,,同卷同题E3答案PDF p2；完整来源已核；无正式E1源，不以答案分值升为细则。
BJ-2023-CY-ERMO-Q21,BJ-2023-CY-ERMO,21,S96315fb88e87,2023模拟题/2023各区模拟题(1)/各区二模/√朝阳/202305朝阳高三2模政治答案.pdf,参考答案,参考答案,已匹配参考答案,仅有参考答案,1.0,,同卷同题E3答案PDF p2；完整来源已核；无正式E1源，不以答案分值升为细则。
BJ-2023-CY-ERMO-Q1,BJ-2023-CY-ERMO,1,S96315fb88e87,2023模拟题/2023各区模拟题(1)/各区二模/√朝阳/202305朝阳高三2模政治答案.pdf,参考答案,参考答案,已匹配参考答案,仅有参考答案,0.0,,同卷同题E3答案PDF p1；完整来源已核；无正式E1源，不以答案分值升为细则。
BJ-2023-CY-ERMO-Q2,BJ-2023-CY-ERMO,2,S96315fb88e87,2023模拟题/2023各区模拟题(1)/各区二模/√朝阳/202305朝阳高三2模政治答案.pdf,参考答案,参考答案,已匹配参考答案,仅有参考答案,0.0,,同卷同题E3答案PDF p1；完整来源已核；无正式E1源，不以答案分值升为细则。
BJ-2023-CY-ERMO-Q3,BJ-2023-CY-ERMO,3,S96315fb88e87,2023模拟题/2023各区模拟题(1)/各区二模/√朝阳/202305朝阳高三2模政治答案.pdf,参考答案,参考答案,已匹配参考答案,仅有参考答案,0.0,,同卷同题E3答案PDF p1；完整来源已核；无正式E1源，不以答案分值升为细则。
BJ-2023-CY-ERMO-Q4,BJ-2023-CY-ERMO,4,S96315fb88e87,2023模拟题/2023各区模拟题(1)/各区二模/√朝阳/202305朝阳高三2模政治答案.pdf,参考答案,参考答案,已匹配参考答案,仅有参考答案,0.0,,同卷同题E3答案PDF p1；完整来源已核；无正式E1源，不以答案分值升为细则。
BJ-2023-CY-ERMO-Q5,BJ-2023-CY-ERMO,5,S96315fb88e87,2023模拟题/2023各区模拟题(1)/各区二模/√朝阳/202305朝阳高三2模政治答案.pdf,参考答案,参考答案,已匹配参考答案,仅有参考答案,0.0,,同卷同题E3答案PDF p1；完整来源已核；无正式E1源，不以答案分值升为细则。
BJ-2023-CY-ERMO-Q6,BJ-2023-CY-ERMO,6,S96315fb88e87,2023模拟题/2023各区模拟题(1)/各区二模/√朝阳/202305朝阳高三2模政治答案.pdf,参考答案,参考答案,已匹配参考答案,仅有参考答案,0.0,,同卷同题E3答案PDF p1；完整来源已核；无正式E1源，不以答案分值升为细则。
BJ-2023-CY-ERMO-Q7,BJ-2023-CY-ERMO,7,S96315fb88e87,2023模拟题/2023各区模拟题(1)/各区二模/√朝阳/202305朝阳高三2模政治答案.pdf,参考答案,参考答案,已匹配参考答案,仅有参考答案,0.0,,同卷同题E3答案PDF p1；完整来源已核；无正式E1源，不以答案分值升为细则。
BJ-2023-CY-ERMO-Q8,BJ-2023-CY-ERMO,8,S96315fb88e87,2023模拟题/2023各区模拟题(1)/各区二模/√朝阳/202305朝阳高三2模政治答案.pdf,参考答案,参考答案,已匹配参考答案,仅有参考答案,0.0,,同卷同题E3答案PDF p1；完整来源已核；无正式E1源，不以答案分值升为细则。
BJ-2023-CY-ERMO-Q9,BJ-2023-CY-ERMO,9,S96315fb88e87,2023模拟题/2023各区模拟题(1)/各区二模/√朝阳/202305朝阳高三2模政治答案.pdf,参考答案,参考答案,已匹配参考答案,仅有参考答案,0.0,,同卷同题E3答案PDF p1；完整来源已核；无正式E1源，不以答案分值升为细则。
BJ-2023-CY-ERMO-Q10,BJ-2023-CY-ERMO,10,S96315fb88e87,2023模拟题/2023各区模拟题(1)/各区二模/√朝阳/202305朝阳高三2模政治答案.pdf,参考答案,参考答案,已匹配参考答案,仅有参考答案,0.0,,同卷同题E3答案PDF p1；完整来源已核；无正式E1源，不以答案分值升为细则。
BJ-2023-CY-ERMO-Q11,BJ-2023-CY-ERMO,11,S96315fb88e87,2023模拟题/2023各区模拟题(1)/各区二模/√朝阳/202305朝阳高三2模政治答案.pdf,参考答案,参考答案,已匹配参考答案,仅有参考答案,0.0,,同卷同题E3答案PDF p1；完整来源已核；无正式E1源，不以答案分值升为细则。
BJ-2023-CY-ERMO-Q12,BJ-2023-CY-ERMO,12,S96315fb88e87,2023模拟题/2023各区模拟题(1)/各区二模/√朝阳/202305朝阳高三2模政治答案.pdf,参考答案,参考答案,已匹配参考答案,仅有参考答案,0.0,,同卷同题E3答案PDF p1；完整来源已核；无正式E1源，不以答案分值升为细则。
BJ-2023-CY-ERMO-Q13,BJ-2023-CY-ERMO,13,S96315fb88e87,2023模拟题/2023各区模拟题(1)/各区二模/√朝阳/202305朝阳高三2模政治答案.pdf,参考答案,参考答案,已匹配参考答案,仅有参考答案,0.0,,同卷同题E3答案PDF p1；完整来源已核；无正式E1源，不以答案分值升为细则。
BJ-2023-CY-ERMO-Q14,BJ-2023-CY-ERMO,14,S96315fb88e87,2023模拟题/2023各区模拟题(1)/各区二模/√朝阳/202305朝阳高三2模政治答案.pdf,参考答案,参考答案,已匹配参考答案,仅有参考答案,0.0,,同卷同题E3答案PDF p1；完整来源已核；无正式E1源，不以答案分值升为细则。
BJ-2023-CY-ERMO-Q15,BJ-2023-CY-ERMO,15,S96315fb88e87,2023模拟题/2023各区模拟题(1)/各区二模/√朝阳/202305朝阳高三2模政治答案.pdf,参考答案,参考答案,已匹配参考答案,仅有参考答案,0.0,,同卷同题E3答案PDF p1；完整来源已核；无正式E1源，不以答案分值升为细则。
BJ-2023-HD-ERMO-Q2,BJ-2023-HD-ERMO,2,Scd8eee06ecf3,2023模拟题/2023各区模拟题(1)/各区二模/√海淀/海淀二模 细则(1).pptx,评分材料,同卷正式细则无本题内容,已排除,仅有参考答案,1.0,,评分PPTX从Q16开始；旧题号2等是幻灯片编号/条目错配，不是选择题E1。
BJ-2023-HD-ERMO-Q20,BJ-2023-HD-ERMO,20,Scd8eee06ecf3,2023模拟题/2023各区模拟题(1)/各区二模/√海淀/海淀二模 细则(1).pptx,评分材料,正式评分材料,已匹配正式材料,已匹配正式材料,,,原PPTX43张按同题同问配对；精确页位见题MD；s38静态动画边界保留
BJ-2023-HD-ERMO-Q4,BJ-2023-HD-ERMO,4,Scd8eee06ecf3,2023模拟题/2023各区模拟题(1)/各区二模/√海淀/海淀二模 细则(1).pptx,评分材料,同卷正式细则无本题内容,已排除,仅有参考答案,1.0,,评分PPTX从Q16开始；旧题号2等是幻灯片编号/条目错配，不是选择题E1。
BJ-2023-XC-ERMO-Q16,BJ-2023-XC-ERMO,16,Sb42be5c9eb5e,2023模拟题/2023各区模拟题(1)/各区二模/√西城/细则-高三政治二模5-10(2).docx,评分材料,正式评分材料,已匹配正式材料,已匹配正式材料,1.0,,考试身份同(BJ-2023-XC-ERMO)；文件名未限定题号；正文定位方式=题号起首；题干块6-gram重叠1.0000(题干141字/材料段427字)；分值文本 10；同题另一来源块状态较弱(已匹配正式材料)，已按最强状态归并；同题另一来源块状态较弱(存在候选)，已按最强状态归并
BJ-2023-XC-ERMO-Q16,BJ-2023-XC-ERMO,16,S9b1eec88807b,2023模拟题/2023各区模拟题(1)/各区二模/√西城/西城-高三政治二模答案-定(2).docx,参考答案,参考答案,已匹配参考答案,已匹配正式材料,1.0,,考试身份同(BJ-2023-XC-ERMO)；文件名未限定题号；正文定位方式=题号起首；题干块6-gram重叠1.0000(题干141字/材料段182字)；分值文本 10；同题另一来源块状态较弱(已匹配参考答案)，已按最强状态归并；同题另一来源块状态较弱(存在候选)，已按最强状态归并
BJ-2023-XC-ERMO-Q17,BJ-2023-XC-ERMO,17,Sb42be5c9eb5e,2023模拟题/2023各区模拟题(1)/各区二模/√西城/细则-高三政治二模5-10(2).docx,评分材料,正式评分材料,已匹配正式材料,已匹配正式材料,1.0,,考试身份同(BJ-2023-XC-ERMO)；文件名未限定题号；正文定位方式=题号起首；题干块6-gram重叠1.0000(题干297字/材料段298字)；分值文本 6；同题另一来源块状态较弱(已匹配正式材料)，已按最强状态归并；同题另一来源块状态较弱(存在候选)，已按最强状态归并
BJ-2023-XC-ERMO-Q17,BJ-2023-XC-ERMO,17,S9b1eec88807b,2023模拟题/2023各区模拟题(1)/各区二模/√西城/西城-高三政治二模答案-定(2).docx,参考答案,参考答案,已匹配参考答案,已匹配正式材料,0.4513,,考试身份同(BJ-2023-XC-ERMO)；文件名未限定题号；正文定位方式=题号起首；题干块6-gram重叠0.4513(题干297字/材料段132字)；分值文本 6；同题另一来源块状态较弱(已匹配参考答案)，已按最强状态归并；同题另一来源块状态较弱(存在候选)，已按最强状态归并
BJ-2023-XC-ERMO-Q18,BJ-2023-XC-ERMO,18,Sb42be5c9eb5e,2023模拟题/2023各区模拟题(1)/各区二模/√西城/细则-高三政治二模5-10(2).docx,评分材料,正式评分材料,已匹配正式材料,已匹配正式材料,1.0,,考试身份同(BJ-2023-XC-ERMO)；文件名未限定题号；正文定位方式=题号起首；题干块6-gram重叠1.0000(题干141字/材料段254字)；分值文本 6；同题另一来源块状态较弱(已匹配正式材料)，已按最强状态归并；同题另一来源块状态较弱(存在候选)，已按最强状态归并
BJ-2023-XC-ERMO-Q18,BJ-2023-XC-ERMO,18,S9b1eec88807b,2023模拟题/2023各区模拟题(1)/各区二模/√西城/西城-高三政治二模答案-定(2).docx,参考答案,参考答案,已匹配参考答案,已匹配正式材料,1.0,,考试身份同(BJ-2023-XC-ERMO)；文件名未限定题号；正文定位方式=题号起首；题干块6-gram重叠1.0000(题干141字/材料段142字)；分值文本 6；同题另一来源块状态较弱(已匹配参考答案)，已按最强状态归并；同题另一来源块状态较弱(存在候选)，已按最强状态归并
BJ-2023-XC-ERMO-Q20,BJ-2023-XC-ERMO,20,Sb42be5c9eb5e,2023模拟题/2023各区模拟题(1)/各区二模/√西城/细则-高三政治二模5-10(2).docx,评分材料,正式评分材料,已匹配正式材料,已匹配正式材料,1.0,,考试身份同(BJ-2023-XC-ERMO)；文件名未限定题号；正文定位方式=题号起首；题干块6-gram重叠1.0000(题干211字/材料段387字)；分值文本 8；同题另一来源块状态较弱(已匹配正式材料)，已按最强状态归并；同题另一来源块状态较弱(存在候选)，已按最强状态归并
BJ-2023-XC-ERMO-Q20,BJ-2023-XC-ERMO,20,S9b1eec88807b,2023模拟题/2023各区模拟题(1)/各区二模/√西城/西城-高三政治二模答案-定(2).docx,参考答案,参考答案,已匹配参考答案,已匹配正式材料,0.8911,,考试身份同(BJ-2023-XC-ERMO)；文件名未限定题号；正文定位方式=题号起首；题干块6-gram重叠0.8911(题干211字/材料段200字)；分值文本 8；同题另一来源块状态较弱(已匹配参考答案)，已按最强状态归并；同题另一来源块状态较弱(存在候选)，已按最强状态归并
BJ-2023-XC-ERMO-Q21,BJ-2023-XC-ERMO,21,Sb42be5c9eb5e,2023模拟题/2023各区模拟题(1)/各区二模/√西城/细则-高三政治二模5-10(2).docx,评分材料,正式评分材料,已匹配正式材料,已匹配正式材料,1.0,,考试身份同(BJ-2023-XC-ERMO)；文件名未限定题号；正文定位方式=题号起首；题干块6-gram重叠1.0000(题干157字/材料段923字)；分值文本 16；同题另一来源块状态较弱(已匹配正式材料)，已按最强状态归并；同题另一来源块状态较弱(存在候选)，已按最强状态归并
BJ-2023-XC-ERMO-Q21,BJ-2023-XC-ERMO,21,S9b1eec88807b,2023模拟题/2023各区模拟题(1)/各区二模/√西城/西城-高三政治二模答案-定(2).docx,参考答案,参考答案,已匹配参考答案,已匹配正式材料,1.0,,考试身份同(BJ-2023-XC-ERMO)；文件名未限定题号；正文定位方式=题号起首；题干块6-gram重叠1.0000(题干157字/材料段468字)；分值文本 16；同题另一来源块状态较弱(已匹配参考答案)，已按最强状态归并；同题另一来源块状态较弱(存在候选)，已按最强状态归并
BJ-2023-XC-ERMO-Q19,BJ-2023-XC-ERMO,19,Sb42be5c9eb5e,2023模拟题/2023各区模拟题(1)/各区二模/√西城/细则-高三政治二模5-10(2).docx,评分材料,正式评分材料,已匹配正式材料,已匹配正式材料,0.8038,,考试身份同(BJ-2023-XC-ERMO)；文件名未限定题号；正文定位方式=题号起首；题干块6-gram重叠0.8038(题干221字/材料段343字)；分值文本 9
BJ-2023-XC-ERMO-Q19,BJ-2023-XC-ERMO,19,S9b1eec88807b,2023模拟题/2023各区模拟题(1)/各区二模/√西城/西城-高三政治二模答案-定(2).docx,参考答案,参考答案,已匹配参考答案,已匹配正式材料,1.0,,考试身份同(BJ-2023-XC-ERMO)；文件名未限定题号；正文定位方式=题号起首；题干块6-gram重叠1.0000(题干221字/材料段222字)；分值文本 9
BJ-2023-XC-ERMO-Q2,BJ-2023-XC-ERMO,2,Sb42be5c9eb5e,2023模拟题/2023各区模拟题(1)/各区二模/√西城/细则-高三政治二模5-10(2).docx,评分材料,正式评分材料,存在候选,仅有参考答案,0.0,,考试身份同(BJ-2023-XC-ERMO)；文件名未限定题号；正文定位方式=题号起首；题干块6-gram重叠0.0000(题干201字/材料段156字)
BJ-2023-XC-ERMO-Q2,BJ-2023-XC-ERMO,2,S9b1eec88807b,2023模拟题/2023各区模拟题(1)/各区二模/√西城/西城-高三政治二模答案-定(2).docx,参考答案,参考答案,已匹配参考答案,仅有参考答案,0.0,,考试身份同(BJ-2023-XC-ERMO)；文件名未限定题号；正文定位方式=行内答案键；题干块6-gram重叠0.0000(题干201字/材料段3字)
BJ-2023-XC-ERMO-Q3,BJ-2023-XC-ERMO,3,Sb42be5c9eb5e,2023模拟题/2023各区模拟题(1)/各区二模/√西城/细则-高三政治二模5-10(2).docx,评分材料,正式评分材料,存在候选,仅有参考答案,0.0,,考试身份同(BJ-2023-XC-ERMO)；文件名未限定题号；正文定位方式=行内答案键；题干块6-gram重叠0.0000(题干232字/材料段3字)
BJ-2023-XC-ERMO-Q3,BJ-2023-XC-ERMO,3,S9b1eec88807b,2023模拟题/2023各区模拟题(1)/各区二模/√西城/西城-高三政治二模答案-定(2).docx,参考答案,参考答案,已匹配参考答案,仅有参考答案,0.0,,考试身份同(BJ-2023-XC-ERMO)；文件名未限定题号；正文定位方式=行内答案键；题干块6-gram重叠0.0000(题干232字/材料段3字)
BJ-2023-XC-ERMO-Q4,BJ-2023-XC-ERMO,4,Sb42be5c9eb5e,2023模拟题/2023各区模拟题(1)/各区二模/√西城/细则-高三政治二模5-10(2).docx,评分材料,正式评分材料,存在候选,仅有参考答案,0.0,,考试身份同(BJ-2023-XC-ERMO)；文件名未限定题号；正文定位方式=行内答案键；题干块6-gram重叠0.0000(题干258字/材料段3字)
BJ-2023-XC-ERMO-Q4,BJ-2023-XC-ERMO,4,S9b1eec88807b,2023模拟题/2023各区模拟题(1)/各区二模/√西城/西城-高三政治二模答案-定(2).docx,参考答案,参考答案,已匹配参考答案,仅有参考答案,0.0,,考试身份同(BJ-2023-XC-ERMO)；文件名未限定题号；正文定位方式=行内答案键；题干块6-gram重叠0.0000(题干258字/材料段3字)
BJ-2023-XC-ERMO-Q5,BJ-2023-XC-ERMO,5,Sb42be5c9eb5e,2023模拟题/2023各区模拟题(1)/各区二模/√西城/细则-高三政治二模5-10(2).docx,评分材料,正式评分材料,存在候选,仅有参考答案,0.0,,考试身份同(BJ-2023-XC-ERMO)；文件名未限定题号；正文定位方式=行内答案键；题干块6-gram重叠0.0000(题干281字/材料段3字)
BJ-2023-XC-ERMO-Q5,BJ-2023-XC-ERMO,5,S9b1eec88807b,2023模拟题/2023各区模拟题(1)/各区二模/√西城/西城-高三政治二模答案-定(2).docx,参考答案,参考答案,已匹配参考答案,仅有参考答案,0.0,,考试身份同(BJ-2023-XC-ERMO)；文件名未限定题号；正文定位方式=行内答案键；题干块6-gram重叠0.0000(题干281字/材料段3字)
BJ-2023-XC-ERMO-Q6,BJ-2023-XC-ERMO,6,Sb42be5c9eb5e,2023模拟题/2023各区模拟题(1)/各区二模/√西城/细则-高三政治二模5-10(2).docx,评分材料,正式评分材料,存在候选,存在候选,0.0,,考试身份同(BJ-2023-XC-ERMO)；文件名未限定题号；正文定位方式=题号起首；题干块6-gram重叠0.0000(题干778字/材料段2867字)
BJ-2023-XC-ERMO-Q6,BJ-2023-XC-ERMO,6,S9b1eec88807b,2023模拟题/2023各区模拟题(1)/各区二模/√西城/西城-高三政治二模答案-定(2).docx,参考答案,参考答案,存在候选,存在候选,0.0,,考试身份同(BJ-2023-XC-ERMO)；文件名未限定题号；正文定位方式=题号起首；题干块6-gram重叠0.0000(题干778字/材料段1581字)
BJ-2023-XC-ERMO-Q8,BJ-2023-XC-ERMO,8,Sb42be5c9eb5e,2023模拟题/2023各区模拟题(1)/各区二模/√西城/细则-高三政治二模5-10(2).docx,评分材料,正式评分材料,存在候选,仅有参考答案,0.0,,考试身份同(BJ-2023-XC-ERMO)；文件名未限定题号；正文定位方式=行内答案键；题干块6-gram重叠0.0000(题干201字/材料段3字)
BJ-2023-XC-ERMO-Q8,BJ-2023-XC-ERMO,8,S9b1eec88807b,2023模拟题/2023各区模拟题(1)/各区二模/√西城/西城-高三政治二模答案-定(2).docx,参考答案,参考答案,已匹配参考答案,仅有参考答案,0.0,,考试身份同(BJ-2023-XC-ERMO)；文件名未限定题号；正文定位方式=行内答案键；题干块6-gram重叠0.0000(题干201字/材料段3字)
BJ-2023-XC-ERMO-Q9,BJ-2023-XC-ERMO,9,Sb42be5c9eb5e,2023模拟题/2023各区模拟题(1)/各区二模/√西城/细则-高三政治二模5-10(2).docx,评分材料,正式评分材料,存在候选,仅有参考答案,0.0,,考试身份同(BJ-2023-XC-ERMO)；文件名未限定题号；正文定位方式=行内答案键；题干块6-gram重叠0.0000(题干163字/材料段3字)
BJ-2023-XC-ERMO-Q9,BJ-2023-XC-ERMO,9,S9b1eec88807b,2023模拟题/2023各区模拟题(1)/各区二模/√西城/西城-高三政治二模答案-定(2).docx,参考答案,参考答案,已匹配参考答案,仅有参考答案,0.0,,考试身份同(BJ-2023-XC-ERMO)；文件名未限定题号；正文定位方式=行内答案键；题干块6-gram重叠0.0000(题干163字/材料段3字)
BJ-2023-XC-ERMO-Q10,BJ-2023-XC-ERMO,10,Sb42be5c9eb5e,2023模拟题/2023各区模拟题(1)/各区二模/√西城/细则-高三政治二模5-10(2).docx,评分材料,正式评分材料,存在候选,仅有参考答案,0.0,,考试身份同(BJ-2023-XC-ERMO)；文件名未限定题号；正文定位方式=行内答案键；题干块6-gram重叠0.0000(题干317字/材料段4字)
BJ-2023-XC-ERMO-Q10,BJ-2023-XC-ERMO,10,S9b1eec88807b,2023模拟题/2023各区模拟题(1)/各区二模/√西城/西城-高三政治二模答案-定(2).docx,参考答案,参考答案,已匹配参考答案,仅有参考答案,0.0,,考试身份同(BJ-2023-XC-ERMO)；文件名未限定题号；正文定位方式=行内答案键；题干块6-gram重叠0.0000(题干317字/材料段4字)
BJ-2023-XC-ERMO-Q11,BJ-2023-XC-ERMO,11,Sb42be5c9eb5e,2023模拟题/2023各区模拟题(1)/各区二模/√西城/细则-高三政治二模5-10(2).docx,评分材料,正式评分材料,存在候选,存在候选,0.0,,考试身份同(BJ-2023-XC-ERMO)；文件名未限定题号；正文定位方式=题号起首；题干块6-gram重叠0.0000(题干303字/材料段2757字)
BJ-2023-XC-ERMO-Q11,BJ-2023-XC-ERMO,11,S9b1eec88807b,2023模拟题/2023各区模拟题(1)/各区二模/√西城/西城-高三政治二模答案-定(2).docx,参考答案,参考答案,存在候选,存在候选,0.0,,考试身份同(BJ-2023-XC-ERMO)；文件名未限定题号；正文定位方式=题号起首；题干块6-gram重叠0.0000(题干303字/材料段1471字)
BJ-2023-XC-ERMO-Q12,BJ-2023-XC-ERMO,12,Sb42be5c9eb5e,2023模拟题/2023各区模拟题(1)/各区二模/√西城/细则-高三政治二模5-10(2).docx,评分材料,正式评分材料,存在候选,仅有参考答案,0.0,,考试身份同(BJ-2023-XC-ERMO)；文件名未限定题号；正文定位方式=行内答案键；题干块6-gram重叠0.0000(题干372字/材料段4字)
BJ-2023-XC-ERMO-Q12,BJ-2023-XC-ERMO,12,S9b1eec88807b,2023模拟题/2023各区模拟题(1)/各区二模/√西城/西城-高三政治二模答案-定(2).docx,参考答案,参考答案,已匹配参考答案,仅有参考答案,0.0,,考试身份同(BJ-2023-XC-ERMO)；文件名未限定题号；正文定位方式=行内答案键；题干块6-gram重叠0.0000(题干372字/材料段4字)
BJ-2023-XC-ERMO-Q13,BJ-2023-XC-ERMO,13,Sb42be5c9eb5e,2023模拟题/2023各区模拟题(1)/各区二模/√西城/细则-高三政治二模5-10(2).docx,评分材料,正式评分材料,存在候选,仅有参考答案,0.0,,考试身份同(BJ-2023-XC-ERMO)；文件名未限定题号；正文定位方式=行内答案键；题干块6-gram重叠0.0000(题干989字/材料段4字)
BJ-2023-XC-ERMO-Q13,BJ-2023-XC-ERMO,13,S9b1eec88807b,2023模拟题/2023各区模拟题(1)/各区二模/√西城/西城-高三政治二模答案-定(2).docx,参考答案,参考答案,已匹配参考答案,仅有参考答案,0.0,,考试身份同(BJ-2023-XC-ERMO)；文件名未限定题号；正文定位方式=行内答案键；题干块6-gram重叠0.0000(题干989字/材料段4字)
BJ-2023-XC-ERMO-Q15,BJ-2023-XC-ERMO,15,Sb42be5c9eb5e,2023模拟题/2023各区模拟题(1)/各区二模/√西城/细则-高三政治二模5-10(2).docx,评分材料,正式评分材料,存在候选,仅有参考答案,0.0,,考试身份同(BJ-2023-XC-ERMO)；文件名未限定题号；正文定位方式=行内答案键；题干块6-gram重叠0.0000(题干239字/材料段4字)
BJ-2023-XC-ERMO-Q15,BJ-2023-XC-ERMO,15,S9b1eec88807b,2023模拟题/2023各区模拟题(1)/各区二模/√西城/西城-高三政治二模答案-定(2).docx,参考答案,参考答案,已匹配参考答案,仅有参考答案,0.0,,考试身份同(BJ-2023-XC-ERMO)；文件名未限定题号；正文定位方式=行内答案键；题干块6-gram重叠0.0000(题干239字/材料段4字)
BJ-2023-HD-QIZHONG-Q22,BJ-2023-HD-QIZHONG,22,S007642ce939e,2023模拟题/2023各区模拟题(1)/期末和期中/2023北京海淀高三（上）期中政治（教师版）.docx,教师版,参考答案,已匹配参考答案,仅有参考答案,1.0,,考试身份同(BJ-2023-HD-QIZHONG)；文件名未限定题号；正文定位方式=题号起首；题干块6-gram重叠1.0000(题干232字/材料段233字)；分值文本 6；同题另一来源块状态较弱(存在候选)，已按最强状态归并
BJ-2023-HD-QIZHONG-Q22,BJ-2023-HD-QIZHONG,22,Sfe51d8a7d585,2023模拟题/2023各区模拟题(1)/期末和期中/23海淀政治期中评标(1).pdf,评分材料,正式评分材料,存在候选,仅有参考答案,0.0,,考试身份同(BJ-2023-HD-QIZHONG)；文件名未限定题号；未能在材料正文定位到第22题段，仅按同卷材料登记为候选；题干块6-gram重叠0.0000(题干232字/材料段0字)；分值文本 6；同题另一来源块状态较弱(存在候选)，已按最强状态归并
BJ-2023-HD-QIZHONG-Q23,BJ-2023-HD-QIZHONG,23,S007642ce939e,2023模拟题/2023各区模拟题(1)/期末和期中/2023北京海淀高三（上）期中政治（教师版）.docx,教师版,参考答案,已匹配参考答案,仅有参考答案,1.0,,考试身份同(BJ-2023-HD-QIZHONG)；文件名未限定题号；正文定位方式=题号起首；题干块6-gram重叠1.0000(题干308字/材料段1998字)；分值文本 7
BJ-2023-HD-QIZHONG-Q23,BJ-2023-HD-QIZHONG,23,Sfe51d8a7d585,2023模拟题/2023各区模拟题(1)/期末和期中/23海淀政治期中评标(1).pdf,评分材料,正式评分材料,存在候选,仅有参考答案,0.0,,考试身份同(BJ-2023-HD-QIZHONG)；文件名未限定题号；未能在材料正文定位到第23题段，仅按同卷材料登记为候选；题干块6-gram重叠0.0000(题干308字/材料段0字)；分值文本 7
BJ-2024-DC-YIMO-Q1,BJ-2024-DC-YIMO,1,S4b2073bcc9e2,2024模拟题/2024东城一模/细则/细则.pptx,评分材料,正式评分材料,存在候选,存在候选,1.0,,考试身份同(BJ-2024-DC-YIMO)；文件名未限定题号；正文定位方式=题号起首；题干块6-gram重叠1.0000(题干46字/材料段47字)；同题另一来源块状态较弱(存在候选)，已按最强状态归并
BJ-2024-DC-YIMO-Q1,BJ-2024-DC-YIMO,1,S7b4eece29632,2024模拟题/2024东城一模/细则/补充材料/北京市东城区2023-2024学年度第二学期高三综合练习（一）思想政治答案(1).pdf,参考答案,参考答案,已匹配参考答案,存在候选,0.0,,考试身份同(BJ-2024-DC-YIMO)；文件名未限定题号；未能在材料正文定位到第1题段，仅按同卷材料登记为候选；题干块6-gram重叠0.0000(题干46字/材料段0字)；同题另一来源块状态较弱(存在候选)，已按最强状态归并；经来源实物裁定，本行只证明参考答案，不证明题级E1；同卷正式细则由独立正式评分源承载。
BJ-2024-DC-YIMO-Q3,BJ-2024-DC-YIMO,3,S4b2073bcc9e2,2024模拟题/2024东城一模/细则/细则.pptx,评分材料,正式评分材料,存在候选,存在候选,1.0,,考试身份同(BJ-2024-DC-YIMO)；文件名未限定题号；正文定位方式=题号起首；题干块6-gram重叠1.0000(题干75字/材料段76字)；同题另一来源块状态较弱(存在候选)，已按最强状态归并
BJ-2024-DC-YIMO-Q3,BJ-2024-DC-YIMO,3,S7b4eece29632,2024模拟题/2024东城一模/细则/补充材料/北京市东城区2023-2024学年度第二学期高三综合练习（一）思想政治答案(1).pdf,参考答案,参考答案,已匹配参考答案,存在候选,0.0,,考试身份同(BJ-2024-DC-YIMO)；文件名未限定题号；未能在材料正文定位到第3题段，仅按同卷材料登记为候选；题干块6-gram重叠0.0000(题干75字/材料段0字)；同题另一来源块状态较弱(存在候选)，已按最强状态归并；经来源实物裁定，本行只证明参考答案，不证明题级E1；同卷正式细则由独立正式评分源承载。
BJ-2024-DC-YIMO-Q4,BJ-2024-DC-YIMO,4,S4b2073bcc9e2,2024模拟题/2024东城一模/细则/细则.pptx,评分材料,正式评分材料,已匹配正式材料,已匹配正式材料,1.0,,考试身份同(BJ-2024-DC-YIMO)；文件名未限定题号；正文定位方式=题号起首；题干块6-gram重叠1.0000(题干3268字/材料段3502字)；分值文本 1
BJ-2024-DC-YIMO-Q4,BJ-2024-DC-YIMO,4,S7b4eece29632,2024模拟题/2024东城一模/细则/补充材料/北京市东城区2023-2024学年度第二学期高三综合练习（一）思想政治答案(1).pdf,参考答案,参考答案,已匹配参考答案,已匹配正式材料,0.0,,考试身份同(BJ-2024-DC-YIMO)；文件名未限定题号；未能在材料正文定位到第4题段，仅按同卷材料登记为候选；题干块6-gram重叠0.0000(题干3268字/材料段0字)；分值文本 1；经来源实物裁定，本行只证明参考答案，不证明题级E1；同卷正式细则由独立正式评分源承载。
BJ-2024-DC-YIMO-Q16,BJ-2024-DC-YIMO,16,S4b2073bcc9e2,2024模拟题/2024东城一模/细则/细则.pptx,评分材料,正式评分材料,存在候选,存在候选,0.0,,考试身份同(BJ-2024-DC-YIMO)；文件名未限定题号；未能在材料正文定位到第16题段，仅按同卷材料登记为候选；题干块6-gram重叠0.0000(题干230字/材料段0字)；分值文本 7；同题另一来源块状态较弱(存在候选)，已按最强状态归并
BJ-2024-DC-YIMO-Q16,BJ-2024-DC-YIMO,16,S7b4eece29632,2024模拟题/2024东城一模/细则/补充材料/北京市东城区2023-2024学年度第二学期高三综合练习（一）思想政治答案(1).pdf,评分材料,正式评分材料,存在候选,存在候选,0.0,,考试身份同(BJ-2024-DC-YIMO)；文件名未限定题号；未能在材料正文定位到第16题段，仅按同卷材料登记为候选；题干块6-gram重叠0.0000(题干230字/材料段0字)；分值文本 7；同题另一来源块状态较弱(存在候选)，已按最强状态归并
BJ-2024-DC-YIMO-Q17,BJ-2024-DC-YIMO,17,S4b2073bcc9e2,2024模拟题/2024东城一模/细则/细则.pptx,评分材料,正式评分材料,存在候选,存在候选,0.0,,考试身份同(BJ-2024-DC-YIMO)；文件名未限定题号；未能在材料正文定位到第17题段，仅按同卷材料登记为候选；题干块6-gram重叠0.0000(题干161字/材料段0字)；分值文本 7；同题另一来源块状态较弱(存在候选)，已按最强状态归并
BJ-2024-DC-YIMO-Q17,BJ-2024-DC-YIMO,17,S7b4eece29632,2024模拟题/2024东城一模/细则/补充材料/北京市东城区2023-2024学年度第二学期高三综合练习（一）思想政治答案(1).pdf,参考答案,参考答案,已匹配参考答案,存在候选,0.0,,考试身份同(BJ-2024-DC-YIMO)；文件名未限定题号；未能在材料正文定位到第17题段，仅按同卷材料登记为候选；题干块6-gram重叠0.0000(题干161字/材料段0字)；分值文本 7；同题另一来源块状态较弱(存在候选)，已按最强状态归并；经来源实物裁定，本行只证明参考答案，不证明题级E1；同卷正式细则由独立正式评分源承载。
BJ-2024-DC-YIMO-Q18,BJ-2024-DC-YIMO,18,S4b2073bcc9e2,2024模拟题/2024东城一模/细则/细则.pptx,评分材料,正式评分材料,存在候选,存在候选,0.0,,考试身份同(BJ-2024-DC-YIMO)；文件名未限定题号；未能在材料正文定位到第18题段，仅按同卷材料登记为候选；题干块6-gram重叠0.0000(题干497字/材料段0字)；分值文本 20；同题另一来源块状态较弱(存在候选)，已按最强状态归并
BJ-2024-DC-YIMO-Q18,BJ-2024-DC-YIMO,18,S7b4eece29632,2024模拟题/2024东城一模/细则/补充材料/北京市东城区2023-2024学年度第二学期高三综合练习（一）思想政治答案(1).pdf,参考答案,参考答案,已匹配参考答案,存在候选,0.0,,考试身份同(BJ-2024-DC-YIMO)；文件名未限定题号；未能在材料正文定位到第18题段，仅按同卷材料登记为候选；题干块6-gram重叠0.0000(题干497字/材料段0字)；分值文本 20；同题另一来源块状态较弱(存在候选)，已按最强状态归并；经来源实物裁定，本行只证明参考答案，不证明题级E1；同卷正式细则由独立正式评分源承载。
BJ-2024-DC-YIMO-Q19,BJ-2024-DC-YIMO,19,S4b2073bcc9e2,2024模拟题/2024东城一模/细则/细则.pptx,评分材料,正式评分材料,存在候选,存在候选,0.0,,考试身份同(BJ-2024-DC-YIMO)；文件名未限定题号；未能在材料正文定位到第19题段，仅按同卷材料登记为候选；题干块6-gram重叠0.0000(题干352字/材料段0字)；分值文本 6；同题另一来源块状态较弱(存在候选)，已按最强状态归并
BJ-2024-DC-YIMO-Q19,BJ-2024-DC-YIMO,19,S7b4eece29632,2024模拟题/2024东城一模/细则/补充材料/北京市东城区2023-2024学年度第二学期高三综合练习（一）思想政治答案(1).pdf,参考答案,参考答案,已匹配参考答案,存在候选,0.0,,考试身份同(BJ-2024-DC-YIMO)；文件名未限定题号；未能在材料正文定位到第19题段，仅按同卷材料登记为候选；题干块6-gram重叠0.0000(题干352字/材料段0字)；分值文本 6；同题另一来源块状态较弱(存在候选)，已按最强状态归并；经来源实物裁定，本行只证明参考答案，不证明题级E1；同卷正式细则由独立正式评分源承载。
BJ-2024-DC-YIMO-Q21,BJ-2024-DC-YIMO,21,S4b2073bcc9e2,2024模拟题/2024东城一模/细则/细则.pptx,评分材料,正式评分材料,存在候选,存在候选,0.0,,考试身份同(BJ-2024-DC-YIMO)；文件名未限定题号；未能在材料正文定位到第21题段，仅按同卷材料登记为候选；题干块6-gram重叠0.0000(题干267字/材料段0字)；分值文本 7；同题另一来源块状态较弱(存在候选)，已按最强状态归并
BJ-2024-DC-YIMO-Q21,BJ-2024-DC-YIMO,21,S7b4eece29632,2024模拟题/2024东城一模/细则/补充材料/北京市东城区2023-2024学年度第二学期高三综合练习（一）思想政治答案(1).pdf,评分材料,正式评分材料,存在候选,存在候选,0.0,,考试身份同(BJ-2024-DC-YIMO)；文件名未限定题号；未能在材料正文定位到第21题段，仅按同卷材料登记为候选；题干块6-gram重叠0.0000(题干267字/材料段0字)；分值文本 7；同题另一来源块状态较弱(存在候选)，已按最强状态归并
BJ-2024-DC-YIMO-Q2,BJ-2024-DC-YIMO,2,S4b2073bcc9e2,2024模拟题/2024东城一模/细则/细则.pptx,评分材料,正式评分材料,存在候选,存在候选,0.0,,考试身份同(BJ-2024-DC-YIMO)；文件名未限定题号；正文定位方式=题号起首；题干块6-gram重叠0.0000(题干318字/材料段32字)
BJ-2024-DC-YIMO-Q2,BJ-2024-DC-YIMO,2,S7b4eece29632,2024模拟题/2024东城一模/细则/补充材料/北京市东城区2023-2024学年度第二学期高三综合练习（一）思想政治答案(1).pdf,参考答案,参考答案,已匹配参考答案,存在候选,0.0,,考试身份同(BJ-2024-DC-YIMO)；文件名未限定题号；未能在材料正文定位到第2题段，仅按同卷材料登记为候选；题干块6-gram重叠0.0000(题干318字/材料段0字)；经来源实物裁定，本行只证明参考答案，不证明题级E1；同卷正式细则由独立正式评分源承载。
BJ-2024-DC-YIMO-Q5,BJ-2024-DC-YIMO,5,S4b2073bcc9e2,2024模拟题/2024东城一模/细则/细则.pptx,评分材料,正式评分材料,存在候选,存在候选,0.0,,考试身份同(BJ-2024-DC-YIMO)；文件名未限定题号；未能在材料正文定位到第5题段，仅按同卷材料登记为候选；题干块6-gram重叠0.0000(题干275字/材料段0字)
BJ-2024-DC-YIMO-Q5,BJ-2024-DC-YIMO,5,S7b4eece29632,2024模拟题/2024东城一模/细则/补充材料/北京市东城区2023-2024学年度第二学期高三综合练习（一）思想政治答案(1).pdf,参考答案,参考答案,已匹配参考答案,存在候选,0.0,,考试身份同(BJ-2024-DC-YIMO)；文件名未限定题号；未能在材料正文定位到第5题段，仅按同卷材料登记为候选；题干块6-gram重叠0.0000(题干275字/材料段0字)；经来源实物裁定，本行只证明参考答案，不证明题级E1；同卷正式细则由独立正式评分源承载。
BJ-2024-DC-YIMO-Q6,BJ-2024-DC-YIMO,6,S4b2073bcc9e2,2024模拟题/2024东城一模/细则/细则.pptx,评分材料,正式评分材料,存在候选,存在候选,0.0,,考试身份同(BJ-2024-DC-YIMO)；文件名未限定题号；未能在材料正文定位到第6题段，仅按同卷材料登记为候选；题干块6-gram重叠0.0000(题干177字/材料段0字)
BJ-2024-DC-YIMO-Q6,BJ-2024-DC-YIMO,6,S7b4eece29632,2024模拟题/2024东城一模/细则/补充材料/北京市东城区2023-2024学年度第二学期高三综合练习（一）思想政治答案(1).pdf,参考答案,参考答案,已匹配参考答案,存在候选,0.0,,考试身份同(BJ-2024-DC-YIMO)；文件名未限定题号；未能在材料正文定位到第6题段，仅按同卷材料登记为候选；题干块6-gram重叠0.0000(题干177字/材料段0字)；经来源实物裁定，本行只证明参考答案，不证明题级E1；同卷正式细则由独立正式评分源承载。
BJ-2024-DC-YIMO-Q7,BJ-2024-DC-YIMO,7,S4b2073bcc9e2,2024模拟题/2024东城一模/细则/细则.pptx,评分材料,正式评分材料,存在候选,存在候选,0.0,,考试身份同(BJ-2024-DC-YIMO)；文件名未限定题号；未能在材料正文定位到第7题段，仅按同卷材料登记为候选；题干块6-gram重叠0.0000(题干152字/材料段0字)
BJ-2024-DC-YIMO-Q7,BJ-2024-DC-YIMO,7,S7b4eece29632,2024模拟题/2024东城一模/细则/补充材料/北京市东城区2023-2024学年度第二学期高三综合练习（一）思想政治答案(1).pdf,参考答案,参考答案,已匹配参考答案,存在候选,0.0,,考试身份同(BJ-2024-DC-YIMO)；文件名未限定题号；未能在材料正文定位到第7题段，仅按同卷材料登记为候选；题干块6-gram重叠0.0000(题干152字/材料段0字)；经来源实物裁定，本行只证明参考答案，不证明题级E1；同卷正式细则由独立正式评分源承载。
BJ-2024-DC-YIMO-Q8,BJ-2024-DC-YIMO,8,S4b2073bcc9e2,2024模拟题/2024东城一模/细则/细则.pptx,评分材料,正式评分材料,存在候选,存在候选,0.0,,考试身份同(BJ-2024-DC-YIMO)；文件名未限定题号；未能在材料正文定位到第8题段，仅按同卷材料登记为候选；题干块6-gram重叠0.0000(题干169字/材料段0字)
BJ-2024-DC-YIMO-Q8,BJ-2024-DC-YIMO,8,S7b4eece29632,2024模拟题/2024东城一模/细则/补充材料/北京市东城区2023-2024学年度第二学期高三综合练习（一）思想政治答案(1).pdf,参考答案,参考答案,已匹配参考答案,存在候选,0.0,,考试身份同(BJ-2024-DC-YIMO)；文件名未限定题号；未能在材料正文定位到第8题段，仅按同卷材料登记为候选；题干块6-gram重叠0.0000(题干169字/材料段0字)；经来源实物裁定，本行只证明参考答案，不证明题级E1；同卷正式细则由独立正式评分源承载。
BJ-2024-DC-YIMO-Q9,BJ-2024-DC-YIMO,9,S4b2073bcc9e2,2024模拟题/2024东城一模/细则/细则.pptx,评分材料,正式评分材料,存在候选,存在候选,0.0,,考试身份同(BJ-2024-DC-YIMO)；文件名未限定题号；未能在材料正文定位到第9题段，仅按同卷材料登记为候选；题干块6-gram重叠0.0000(题干206字/材料段0字)
BJ-2024-DC-YIMO-Q9,BJ-2024-DC-YIMO,9,S7b4eece29632,2024模拟题/2024东城一模/细则/补充材料/北京市东城区2023-2024学年度第二学期高三综合练习（一）思想政治答案(1).pdf,参考答案,参考答案,已匹配参考答案,存在候选,0.0,,考试身份同(BJ-2024-DC-YIMO)；文件名未限定题号；未能在材料正文定位到第9题段，仅按同卷材料登记为候选；题干块6-gram重叠0.0000(题干206字/材料段0字)；经来源实物裁定，本行只证明参考答案，不证明题级E1；同卷正式细则由独立正式评分源承载。
BJ-2024-DC-YIMO-Q10,BJ-2024-DC-YIMO,10,S4b2073bcc9e2,2024模拟题/2024东城一模/细则/细则.pptx,评分材料,正式评分材料,存在候选,存在候选,0.0,,考试身份同(BJ-2024-DC-YIMO)；文件名未限定题号；未能在材料正文定位到第10题段，仅按同卷材料登记为候选；题干块6-gram重叠0.0000(题干342字/材料段0字)
BJ-2024-DC-YIMO-Q10,BJ-2024-DC-YIMO,10,S7b4eece29632,2024模拟题/2024东城一模/细则/补充材料/北京市东城区2023-2024学年度第二学期高三综合练习（一）思想政治答案(1).pdf,参考答案,参考答案,已匹配参考答案,存在候选,0.0,,考试身份同(BJ-2024-DC-YIMO)；文件名未限定题号；未能在材料正文定位到第10题段，仅按同卷材料登记为候选；题干块6-gram重叠0.0000(题干342字/材料段0字)；经来源实物裁定，本行只证明参考答案，不证明题级E1；同卷正式细则由独立正式评分源承载。
BJ-2024-DC-YIMO-Q11,BJ-2024-DC-YIMO,11,S4b2073bcc9e2,2024模拟题/2024东城一模/细则/细则.pptx,评分材料,正式评分材料,存在候选,存在候选,0.0,,考试身份同(BJ-2024-DC-YIMO)；文件名未限定题号；未能在材料正文定位到第11题段，仅按同卷材料登记为候选；题干块6-gram重叠0.0000(题干283字/材料段0字)
BJ-2024-DC-YIMO-Q11,BJ-2024-DC-YIMO,11,S7b4eece29632,2024模拟题/2024东城一模/细则/补充材料/北京市东城区2023-2024学年度第二学期高三综合练习（一）思想政治答案(1).pdf,参考答案,参考答案,已匹配参考答案,存在候选,0.0,,考试身份同(BJ-2024-DC-YIMO)；文件名未限定题号；未能在材料正文定位到第11题段，仅按同卷材料登记为候选；题干块6-gram重叠0.0000(题干283字/材料段0字)；经来源实物裁定，本行只证明参考答案，不证明题级E1；同卷正式细则由独立正式评分源承载。
BJ-2024-DC-YIMO-Q12,BJ-2024-DC-YIMO,12,S4b2073bcc9e2,2024模拟题/2024东城一模/细则/细则.pptx,评分材料,正式评分材料,存在候选,存在候选,0.0,,考试身份同(BJ-2024-DC-YIMO)；文件名未限定题号；未能在材料正文定位到第12题段，仅按同卷材料登记为候选；题干块6-gram重叠0.0000(题干360字/材料段0字)
BJ-2024-DC-YIMO-Q12,BJ-2024-DC-YIMO,12,S7b4eece29632,2024模拟题/2024东城一模/细则/补充材料/北京市东城区2023-2024学年度第二学期高三综合练习（一）思想政治答案(1).pdf,参考答案,参考答案,已匹配参考答案,存在候选,0.0,,考试身份同(BJ-2024-DC-YIMO)；文件名未限定题号；未能在材料正文定位到第12题段，仅按同卷材料登记为候选；题干块6-gram重叠0.0000(题干360字/材料段0字)；经来源实物裁定，本行只证明参考答案，不证明题级E1；同卷正式细则由独立正式评分源承载。
BJ-2024-DC-YIMO-Q13,BJ-2024-DC-YIMO,13,S4b2073bcc9e2,2024模拟题/2024东城一模/细则/细则.pptx,评分材料,正式评分材料,存在候选,存在候选,0.0,,考试身份同(BJ-2024-DC-YIMO)；文件名未限定题号；未能在材料正文定位到第13题段，仅按同卷材料登记为候选；题干块6-gram重叠0.0000(题干207字/材料段0字)
BJ-2024-DC-YIMO-Q13,BJ-2024-DC-YIMO,13,S7b4eece29632,2024模拟题/2024东城一模/细则/补充材料/北京市东城区2023-2024学年度第二学期高三综合练习（一）思想政治答案(1).pdf,参考答案,参考答案,已匹配参考答案,存在候选,0.0,,考试身份同(BJ-2024-DC-YIMO)；文件名未限定题号；未能在材料正文定位到第13题段，仅按同卷材料登记为候选；题干块6-gram重叠0.0000(题干207字/材料段0字)；经来源实物裁定，本行只证明参考答案，不证明题级E1；同卷正式细则由独立正式评分源承载。
BJ-2024-DC-YIMO-Q14,BJ-2024-DC-YIMO,14,S4b2073bcc9e2,2024模拟题/2024东城一模/细则/细则.pptx,评分材料,正式评分材料,存在候选,存在候选,0.0,,考试身份同(BJ-2024-DC-YIMO)；文件名未限定题号；未能在材料正文定位到第14题段，仅按同卷材料登记为候选；题干块6-gram重叠0.0000(题干241字/材料段0字)
BJ-2024-DC-YIMO-Q14,BJ-2024-DC-YIMO,14,S7b4eece29632,2024模拟题/2024东城一模/细则/补充材料/北京市东城区2023-2024学年度第二学期高三综合练习（一）思想政治答案(1).pdf,参考答案,参考答案,已匹配参考答案,存在候选,0.0,,考试身份同(BJ-2024-DC-YIMO)；文件名未限定题号；未能在材料正文定位到第14题段，仅按同卷材料登记为候选；题干块6-gram重叠0.0000(题干241字/材料段0字)；经来源实物裁定，本行只证明参考答案，不证明题级E1；同卷正式细则由独立正式评分源承载。
BJ-2024-DC-YIMO-Q15,BJ-2024-DC-YIMO,15,S4b2073bcc9e2,2024模拟题/2024东城一模/细则/细则.pptx,评分材料,正式评分材料,存在候选,存在候选,0.0,,考试身份同(BJ-2024-DC-YIMO)；文件名未限定题号；未能在材料正文定位到第15题段，仅按同卷材料登记为候选；题干块6-gram重叠0.0000(题干386字/材料段0字)
BJ-2024-DC-YIMO-Q15,BJ-2024-DC-YIMO,15,S7b4eece29632,2024模拟题/2024东城一模/细则/补充材料/北京市东城区2023-2024学年度第二学期高三综合练习（一）思想政治答案(1).pdf,参考答案,参考答案,已匹配参考答案,存在候选,0.0,,考试身份同(BJ-2024-DC-YIMO)；文件名未限定题号；未能在材料正文定位到第15题段，仅按同卷材料登记为候选；题干块6-gram重叠0.0000(题干386字/材料段0字)；经来源实物裁定，本行只证明参考答案，不证明题级E1；同卷正式细则由独立正式评分源承载。
BJ-2024-DC-YIMO-Q20,BJ-2024-DC-YIMO,20,S4b2073bcc9e2,2024模拟题/2024东城一模/细则/细则.pptx,评分材料,正式评分材料,存在候选,存在候选,0.0,,考试身份同(BJ-2024-DC-YIMO)；文件名未限定题号；未能在材料正文定位到第20题段，仅按同卷材料登记为候选；题干块6-gram重叠0.0000(题干306字/材料段0字)；分值文本 8
BJ-2024-DC-YIMO-Q20,BJ-2024-DC-YIMO,20,S7b4eece29632,2024模拟题/2024东城一模/细则/补充材料/北京市东城区2023-2024学年度第二学期高三综合练习（一）思想政治答案(1).pdf,参考答案,参考答案,已匹配参考答案,存在候选,0.0,,考试身份同(BJ-2024-DC-YIMO)；文件名未限定题号；未能在材料正文定位到第20题段，仅按同卷材料登记为候选；题干块6-gram重叠0.0000(题干306字/材料段0字)；分值文本 8；经来源实物裁定，本行只证明参考答案，不证明题级E1；同卷正式细则由独立正式评分源承载。
BJ-2024-HD-YIMO-Q16,BJ-2024-HD-YIMO,16,Sb692254ceb1b,2024模拟题/2024海淀一模/细则/细则.docx,评分材料,正式评分材料,已匹配正式材料,存在冲突,1.0,,考试身份同(BJ-2024-HD-YIMO)；文件名未限定题号；正文定位方式=题号起首；题干块6-gram重叠1.0000(题干45字/材料段3229字)；分值文本 8；同题另一来源块状态较弱(已匹配正式材料)，已按最强状态归并；同题另一来源块状态较弱(存在候选)，已按最强状态归并
BJ-2024-HD-YIMO-Q16,BJ-2024-HD-YIMO,16,S98d1d762f302,2024模拟题/2024海淀一模/细则/补充材料/一模政治-答案.docx,评分材料,正式评分材料,已匹配正式材料,存在冲突,1.0,,考试身份同(BJ-2024-HD-YIMO)；文件名未限定题号；正文定位方式=题号起首；题干块6-gram重叠1.0000(题干45字/材料段1463字)；分值文本 8；同题另一来源块状态较弱(已匹配正式材料)，已按最强状态归并；同题另一来源块状态较弱(存在候选)，已按最强状态归并
BJ-2024-HD-YIMO-Q18,BJ-2024-HD-YIMO,18,Sb692254ceb1b,2024模拟题/2024海淀一模/细则/细则.docx,评分材料,正式评分材料,存在候选,存在候选,0.0,,考试身份同(BJ-2024-HD-YIMO)；文件名未限定题号；未能在材料正文定位到第18题段，仅按同卷材料登记为候选；题干块6-gram重叠0.0000(题干140字/材料段0字)；分值文本 10；同题另一来源块状态较弱(存在候选)，已按最强状态归并；同题另一来源块状态较弱(存在候选)，已按最强状态归并
BJ-2024-HD-YIMO-Q18,BJ-2024-HD-YIMO,18,S98d1d762f302,2024模拟题/2024海淀一模/细则/补充材料/一模政治-答案.docx,评分材料,正式评分材料,存在候选,存在候选,0.0,,考试身份同(BJ-2024-HD-YIMO)；文件名未限定题号；未能在材料正文定位到第18题段，仅按同卷材料登记为候选；题干块6-gram重叠0.0000(题干140字/材料段0字)；分值文本 10；同题另一来源块状态较弱(存在候选)，已按最强状态归并；同题另一来源块状态较弱(存在候选)，已按最强状态归并
BJ-2024-HD-YIMO-Q20,BJ-2024-HD-YIMO,20,Sb692254ceb1b,2024模拟题/2024海淀一模/细则/细则.docx,评分材料,正式评分材料,存在候选,存在候选,0.0,,考试身份同(BJ-2024-HD-YIMO)；文件名未限定题号；未能在材料正文定位到第20题段，仅按同卷材料登记为候选；题干块6-gram重叠0.0000(题干417字/材料段0字)；分值文本 9；同题另一来源块状态较弱(存在候选)，已按最强状态归并；同题另一来源块状态较弱(存在候选)，已按最强状态归并；同题另一来源块状态较弱(存在候选)，已按最强状态归并
BJ-2024-HD-YIMO-Q20,BJ-2024-HD-YIMO,20,S98d1d762f302,2024模拟题/2024海淀一模/细则/补充材料/一模政治-答案.docx,评分材料,正式评分材料,存在候选,存在候选,0.0,,考试身份同(BJ-2024-HD-YIMO)；文件名未限定题号；未能在材料正文定位到第20题段，仅按同卷材料登记为候选；题干块6-gram重叠0.0000(题干417字/材料段0字)；分值文本 9；同题另一来源块状态较弱(存在候选)，已按最强状态归并；同题另一来源块状态较弱(存在候选)，已按最强状态归并；同题另一来源块状态较弱(存在候选)，已按最强状态归并
BJ-2024-HD-YIMO-Q17,BJ-2024-HD-YIMO,17,Sb692254ceb1b,2024模拟题/2024海淀一模/细则/细则.docx,评分材料,正式评分材料,存在候选,存在候选,0.0,,考试身份同(BJ-2024-HD-YIMO)；文件名未限定题号；未能在材料正文定位到第17题段，仅按同卷材料登记为候选；题干块6-gram重叠0.0000(题干431字/材料段0字)；分值文本 20；同题另一来源块状态较弱(存在候选)，已按最强状态归并
BJ-2024-HD-YIMO-Q17,BJ-2024-HD-YIMO,17,S98d1d762f302,2024模拟题/2024海淀一模/细则/补充材料/一模政治-答案.docx,评分材料,正式评分材料,存在候选,存在候选,0.0,,考试身份同(BJ-2024-HD-YIMO)；文件名未限定题号；未能在材料正文定位到第17题段，仅按同卷材料登记为候选；题干块6-gram重叠0.0000(题干431字/材料段0字)；分值文本 20；同题另一来源块状态较弱(存在候选)，已按最强状态归并
BJ-2024-HD-YIMO-Q19,BJ-2024-HD-YIMO,19,Sb692254ceb1b,2024模拟题/2024海淀一模/细则/细则.docx,评分材料,正式评分材料,存在候选,存在候选,0.0,,考试身份同(BJ-2024-HD-YIMO)；文件名未限定题号；未能在材料正文定位到第19题段，仅按同卷材料登记为候选；题干块6-gram重叠0.0000(题干159字/材料段0字)；分值文本 8；同题另一来源块状态较弱(存在候选)，已按最强状态归并
BJ-2024-HD-YIMO-Q19,BJ-2024-HD-YIMO,19,S98d1d762f302,2024模拟题/2024海淀一模/细则/补充材料/一模政治-答案.docx,评分材料,正式评分材料,存在候选,存在候选,0.0,,考试身份同(BJ-2024-HD-YIMO)；文件名未限定题号；未能在材料正文定位到第19题段，仅按同卷材料登记为候选；题干块6-gram重叠0.0000(题干159字/材料段0字)；分值文本 8；同题另一来源块状态较弱(存在候选)，已按最强状态归并
BJ-2024-HD-YIMO-Q1,BJ-2024-HD-YIMO,1,Sb692254ceb1b,2024模拟题/2024海淀一模/细则/细则.docx,评分材料,正式评分材料,存在候选,存在候选,0.0,,考试身份同(BJ-2024-HD-YIMO)；文件名未限定题号；正文定位方式=题号起首；题干块6-gram重叠0.0000(题干265字/材料段812字)；同题另一来源块状态较弱(存在候选)，已按最强状态归并
BJ-2024-HD-YIMO-Q1,BJ-2024-HD-YIMO,1,S98d1d762f302,2024模拟题/2024海淀一模/细则/补充材料/一模政治-答案.docx,评分材料,正式评分材料,存在候选,存在候选,0.0,,考试身份同(BJ-2024-HD-YIMO)；文件名未限定题号；正文定位方式=题号起首；题干块6-gram重叠0.0000(题干265字/材料段1659字)；同题另一来源块状态较弱(存在候选)，已按最强状态归并
BJ-2024-HD-YIMO-Q2,BJ-2024-HD-YIMO,2,Sb692254ceb1b,2024模拟题/2024海淀一模/细则/细则.docx,评分材料,正式评分材料,存在候选,存在候选,0.0,,考试身份同(BJ-2024-HD-YIMO)；文件名未限定题号；正文定位方式=题号起首；题干块6-gram重叠0.0000(题干247字/材料段146字)；同题另一来源块状态较弱(存在候选)，已按最强状态归并
BJ-2024-HD-YIMO-Q2,BJ-2024-HD-YIMO,2,S98d1d762f302,2024模拟题/2024海淀一模/细则/补充材料/一模政治-答案.docx,评分材料,正式评分材料,存在候选,存在候选,0.0,,考试身份同(BJ-2024-HD-YIMO)；文件名未限定题号；正文定位方式=行内答案键；题干块6-gram重叠0.0000(题干247字/材料段3字)；同题另一来源块状态较弱(存在候选)，已按最强状态归并
BJ-2024-HD-YIMO-Q3,BJ-2024-HD-YIMO,3,Sb692254ceb1b,2024模拟题/2024海淀一模/细则/细则.docx,评分材料,正式评分材料,存在候选,存在候选,0.0,,考试身份同(BJ-2024-HD-YIMO)；文件名未限定题号；正文定位方式=题号起首；题干块6-gram重叠0.0000(题干340字/材料段2344字)；同题另一来源块状态较弱(存在候选)，已按最强状态归并
BJ-2024-HD-YIMO-Q3,BJ-2024-HD-YIMO,3,S98d1d762f302,2024模拟题/2024海淀一模/细则/补充材料/一模政治-答案.docx,评分材料,正式评分材料,存在候选,存在候选,0.0,,考试身份同(BJ-2024-HD-YIMO)；文件名未限定题号；正文定位方式=行内答案键；题干块6-gram重叠0.0000(题干340字/材料段3字)；同题另一来源块状态较弱(存在候选)，已按最强状态归并
BJ-2024-HD-YIMO-Q4,BJ-2024-HD-YIMO,4,Sb692254ceb1b,2024模拟题/2024海淀一模/细则/细则.docx,评分材料,正式评分材料,存在候选,存在候选,0.0,,考试身份同(BJ-2024-HD-YIMO)；文件名未限定题号；正文定位方式=行内答案键；题干块6-gram重叠0.0000(题干518字/材料段3字)；同题另一来源块状态较弱(存在候选)，已按最强状态归并
BJ-2024-HD-YIMO-Q4,BJ-2024-HD-YIMO,4,S98d1d762f302,2024模拟题/2024海淀一模/细则/补充材料/一模政治-答案.docx,评分材料,正式评分材料,存在候选,存在候选,0.0,,考试身份同(BJ-2024-HD-YIMO)；文件名未限定题号；正文定位方式=行内答案键；题干块6-gram重叠0.0000(题干518字/材料段3字)；同题另一来源块状态较弱(存在候选)，已按最强状态归并
BJ-2024-HD-YIMO-Q5,BJ-2024-HD-YIMO,5,Sb692254ceb1b,2024模拟题/2024海淀一模/细则/细则.docx,评分材料,正式评分材料,存在候选,存在候选,0.0,,考试身份同(BJ-2024-HD-YIMO)；文件名未限定题号；未能在材料正文定位到第5题段，仅按同卷材料登记为候选；题干块6-gram重叠0.0000(题干233字/材料段0字)；同题另一来源块状态较弱(存在候选)，已按最强状态归并
BJ-2024-HD-YIMO-Q5,BJ-2024-HD-YIMO,5,S98d1d762f302,2024模拟题/2024海淀一模/细则/补充材料/一模政治-答案.docx,评分材料,正式评分材料,存在候选,存在候选,0.0,,考试身份同(BJ-2024-HD-YIMO)；文件名未限定题号；正文定位方式=行内答案键；题干块6-gram重叠0.0000(题干233字/材料段3字)；同题另一来源块状态较弱(存在候选)，已按最强状态归并
BJ-2024-HD-YIMO-Q6,BJ-2024-HD-YIMO,6,Sb692254ceb1b,2024模拟题/2024海淀一模/细则/细则.docx,评分材料,正式评分材料,存在候选,存在候选,0.0,,考试身份同(BJ-2024-HD-YIMO)；文件名未限定题号；未能在材料正文定位到第6题段，仅按同卷材料登记为候选；题干块6-gram重叠0.0000(题干305字/材料段0字)；同题另一来源块状态较弱(存在候选)，已按最强状态归并
BJ-2024-HD-YIMO-Q6,BJ-2024-HD-YIMO,6,S98d1d762f302,2024模拟题/2024海淀一模/细则/补充材料/一模政治-答案.docx,评分材料,正式评分材料,存在候选,存在候选,0.0039,,考试身份同(BJ-2024-HD-YIMO)；文件名未限定题号；正文定位方式=题号起首；题干块6-gram重叠0.0039(题干305字/材料段1600字)；同题另一来源块状态较弱(存在候选)，已按最强状态归并
BJ-2024-HD-YIMO-Q7,BJ-2024-HD-YIMO,7,Sb692254ceb1b,2024模拟题/2024海淀一模/细则/细则.docx,评分材料,正式评分材料,存在候选,存在候选,0.0,,考试身份同(BJ-2024-HD-YIMO)；文件名未限定题号；未能在材料正文定位到第7题段，仅按同卷材料登记为候选；题干块6-gram重叠0.0000(题干165字/材料段0字)
BJ-2024-HD-YIMO-Q7,BJ-2024-HD-YIMO,7,S98d1d762f302,2024模拟题/2024海淀一模/细则/补充材料/一模政治-答案.docx,评分材料,正式评分材料,存在候选,存在候选,0.0,,考试身份同(BJ-2024-HD-YIMO)；文件名未限定题号；正文定位方式=行内答案键；题干块6-gram重叠0.0000(题干165字/材料段3字)
BJ-2024-HD-YIMO-Q8,BJ-2024-HD-YIMO,8,Sb692254ceb1b,2024模拟题/2024海淀一模/细则/细则.docx,评分材料,正式评分材料,存在候选,存在候选,0.0,,考试身份同(BJ-2024-HD-YIMO)；文件名未限定题号；未能在材料正文定位到第8题段，仅按同卷材料登记为候选；题干块6-gram重叠0.0000(题干245字/材料段0字)
BJ-2024-HD-YIMO-Q8,BJ-2024-HD-YIMO,8,S98d1d762f302,2024模拟题/2024海淀一模/细则/补充材料/一模政治-答案.docx,评分材料,正式评分材料,存在候选,存在候选,0.0,,考试身份同(BJ-2024-HD-YIMO)；文件名未限定题号；正文定位方式=行内答案键；题干块6-gram重叠0.0000(题干245字/材料段3字)
BJ-2024-HD-YIMO-Q9,BJ-2024-HD-YIMO,9,Sb692254ceb1b,2024模拟题/2024海淀一模/细则/细则.docx,评分材料,正式评分材料,存在候选,存在候选,0.0,,考试身份同(BJ-2024-HD-YIMO)；文件名未限定题号；未能在材料正文定位到第9题段，仅按同卷材料登记为候选；题干块6-gram重叠0.0000(题干279字/材料段0字)
BJ-2024-HD-YIMO-Q9,BJ-2024-HD-YIMO,9,S98d1d762f302,2024模拟题/2024海淀一模/细则/补充材料/一模政治-答案.docx,评分材料,正式评分材料,存在候选,存在候选,0.0,,考试身份同(BJ-2024-HD-YIMO)；文件名未限定题号；正文定位方式=行内答案键；题干块6-gram重叠0.0000(题干279字/材料段3字)
BJ-2024-HD-YIMO-Q10,BJ-2024-HD-YIMO,10,Sb692254ceb1b,2024模拟题/2024海淀一模/细则/细则.docx,评分材料,正式评分材料,存在候选,存在候选,0.0,,考试身份同(BJ-2024-HD-YIMO)；文件名未限定题号；未能在材料正文定位到第10题段，仅按同卷材料登记为候选；题干块6-gram重叠0.0000(题干467字/材料段0字)
BJ-2024-HD-YIMO-Q10,BJ-2024-HD-YIMO,10,S98d1d762f302,2024模拟题/2024海淀一模/细则/补充材料/一模政治-答案.docx,评分材料,正式评分材料,存在候选,存在候选,0.0,,考试身份同(BJ-2024-HD-YIMO)；文件名未限定题号；正文定位方式=行内答案键；题干块6-gram重叠0.0000(题干467字/材料段4字)
BJ-2024-HD-YIMO-Q11,BJ-2024-HD-YIMO,11,Sb692254ceb1b,2024模拟题/2024海淀一模/细则/细则.docx,评分材料,正式评分材料,存在候选,存在候选,0.0,,考试身份同(BJ-2024-HD-YIMO)；文件名未限定题号；未能在材料正文定位到第11题段，仅按同卷材料登记为候选；题干块6-gram重叠0.0000(题干250字/材料段0字)；同题另一来源块状态较弱(存在候选)，已按最强状态归并
BJ-2024-HD-YIMO-Q11,BJ-2024-HD-YIMO,11,S98d1d762f302,2024模拟题/2024海淀一模/细则/补充材料/一模政治-答案.docx,评分材料,正式评分材料,存在候选,存在候选,0.0,,考试身份同(BJ-2024-HD-YIMO)；文件名未限定题号；正文定位方式=题号起首；题干块6-gram重叠0.0000(题干250字/材料段1541字)；同题另一来源块状态较弱(存在候选)，已按最强状态归并
BJ-2024-HD-YIMO-Q12,BJ-2024-HD-YIMO,12,Sb692254ceb1b,2024模拟题/2024海淀一模/细则/细则.docx,评分材料,正式评分材料,存在候选,存在候选,0.0,,考试身份同(BJ-2024-HD-YIMO)；文件名未限定题号；未能在材料正文定位到第12题段，仅按同卷材料登记为候选；题干块6-gram重叠0.0000(题干253字/材料段0字)；同题另一来源块状态较弱(存在候选)，已按最强状态归并
BJ-2024-HD-YIMO-Q12,BJ-2024-HD-YIMO,12,S98d1d762f302,2024模拟题/2024海淀一模/细则/补充材料/一模政治-答案.docx,评分材料,正式评分材料,存在候选,存在候选,0.0,,考试身份同(BJ-2024-HD-YIMO)；文件名未限定题号；正文定位方式=行内答案键；题干块6-gram重叠0.0000(题干253字/材料段4字)；同题另一来源块状态较弱(存在候选)，已按最强状态归并
BJ-2024-HD-YIMO-Q13,BJ-2024-HD-YIMO,13,Sb692254ceb1b,2024模拟题/2024海淀一模/细则/细则.docx,评分材料,正式评分材料,存在候选,存在候选,0.0,,考试身份同(BJ-2024-HD-YIMO)；文件名未限定题号；未能在材料正文定位到第13题段，仅按同卷材料登记为候选；题干块6-gram重叠0.0000(题干239字/材料段0字)；同题另一来源块状态较弱(存在候选)，已按最强状态归并
BJ-2024-HD-YIMO-Q13,BJ-2024-HD-YIMO,13,S98d1d762f302,2024模拟题/2024海淀一模/细则/补充材料/一模政治-答案.docx,评分材料,正式评分材料,存在候选,存在候选,0.0,,考试身份同(BJ-2024-HD-YIMO)；文件名未限定题号；正文定位方式=行内答案键；题干块6-gram重叠0.0000(题干239字/材料段4字)；同题另一来源块状态较弱(存在候选)，已按最强状态归并
BJ-2024-HD-YIMO-Q14,BJ-2024-HD-YIMO,14,Sb692254ceb1b,2024模拟题/2024海淀一模/细则/细则.docx,评分材料,正式评分材料,存在候选,存在候选,0.0,,考试身份同(BJ-2024-HD-YIMO)；文件名未限定题号；未能在材料正文定位到第14题段，仅按同卷材料登记为候选；题干块6-gram重叠0.0000(题干624字/材料段0字)；同题另一来源块状态较弱(存在候选)，已按最强状态归并
BJ-2024-HD-YIMO-Q14,BJ-2024-HD-YIMO,14,S98d1d762f302,2024模拟题/2024海淀一模/细则/补充材料/一模政治-答案.docx,评分材料,正式评分材料,存在候选,存在候选,0.0,,考试身份同(BJ-2024-HD-YIMO)；文件名未限定题号；正文定位方式=行内答案键；题干块6-gram重叠0.0000(题干624字/材料段4字)；同题另一来源块状态较弱(存在候选)，已按最强状态归并
BJ-2024-HD-YIMO-Q15,BJ-2024-HD-YIMO,15,Sb692254ceb1b,2024模拟题/2024海淀一模/细则/细则.docx,评分材料,正式评分材料,存在候选,存在候选,0.0,,考试身份同(BJ-2024-HD-YIMO)；文件名未限定题号；正文定位方式=行内答案键；题干块6-gram重叠0.0000(题干1539字/材料段4字)；分值文本 6
BJ-2024-HD-YIMO-Q15,BJ-2024-HD-YIMO,15,S98d1d762f302,2024模拟题/2024海淀一模/细则/补充材料/一模政治-答案.docx,评分材料,正式评分材料,存在候选,存在候选,0.0,,考试身份同(BJ-2024-HD-YIMO)；文件名未限定题号；正文定位方式=行内答案键；题干块6-gram重叠0.0000(题干1539字/材料段4字)；分值文本 6
BJ-2024-HD-QIZHONG-Q1,BJ-2024-HD-QIZHONG,1,Sfee5258a9b73,2024模拟题/2024海淀期中/细则/细则.pdf,评分材料,无逐题E1；选项分布不作答案键,已排除,暂未找到,1.0,,完整71页评分源未提供Q1-Q15逐题E1或完整独立答案键；内容核对答案不升为来源证据。
BJ-2024-HD-QIZHONG-Q2,BJ-2024-HD-QIZHONG,2,Sfee5258a9b73,2024模拟题/2024海淀期中/细则/细则.pdf,评分材料,无逐题E1；选项分布不作答案键,已排除,暂未找到,1.0,,完整71页评分源未提供Q1-Q15逐题E1或完整独立答案键；内容核对答案不升为来源证据。
BJ-2024-HD-QIZHONG-Q3,BJ-2024-HD-QIZHONG,3,Sfee5258a9b73,2024模拟题/2024海淀期中/细则/细则.pdf,评分材料,无逐题E1；选项分布不作答案键,已排除,暂未找到,1.0,,完整71页评分源未提供Q1-Q15逐题E1或完整独立答案键；内容核对答案不升为来源证据。
BJ-2024-HD-QIZHONG-Q5,BJ-2024-HD-QIZHONG,5,Sfee5258a9b73,2024模拟题/2024海淀期中/细则/细则.pdf,评分材料,无逐题E1；选项分布不作答案键,已排除,暂未找到,1.0,,完整71页评分源未提供Q1-Q15逐题E1或完整独立答案键；内容核对答案不升为来源证据。
BJ-2024-HD-QIZHONG-Q19,BJ-2024-HD-QIZHONG,19,Sfee5258a9b73,2024模拟题/2024海淀期中/细则/细则.pdf,评分材料,正式评分材料,已匹配正式材料,已匹配正式材料,1.0,,"同题同问评分源PDF p38,39,40,41；参考答案与评分节点分层，个人学生层缺源；Q17六个1分节点与气泡归属已复核。"
BJ-2024-HD-QIZHONG-Q12,BJ-2024-HD-QIZHONG,12,Sfee5258a9b73,2024模拟题/2024海淀期中/细则/细则.pdf,评分材料,无逐题E1；选项分布不作答案键,已排除,暂未找到,0.0,,完整71页评分源未提供Q1-Q15逐题E1或完整独立答案键；内容核对答案不升为来源证据。
BJ-2024-HD-QIZHONG-Q11,BJ-2024-HD-QIZHONG,11,Sfee5258a9b73,2024模拟题/2024海淀期中/细则/细则.pdf,评分材料,无逐题E1；选项分布不作答案键,已排除,暂未找到,0.0,,完整71页评分源未提供Q1-Q15逐题E1或完整独立答案键；内容核对答案不升为来源证据。
BJ-2024-HD-QIZHONG-Q4,BJ-2024-HD-QIZHONG,4,Sfee5258a9b73,2024模拟题/2024海淀期中/细则/细则.pdf,评分材料,无逐题E1；选项分布不作答案键,已排除,暂未找到,0.0,,完整71页评分源未提供Q1-Q15逐题E1或完整独立答案键；内容核对答案不升为来源证据。
BJ-2024-HD-QIZHONG-Q18,BJ-2024-HD-QIZHONG,18,Sfee5258a9b73,2024模拟题/2024海淀期中/细则/细则.pdf,评分材料,正式评分材料,已匹配正式材料,已匹配正式材料,0.0,,"同题同问评分源PDF p29,30,31,32；参考答案与评分节点分层，个人学生层缺源；Q17六个1分节点与气泡归属已复核。"
BJ-2024-HD-QIZHONG-Q16,BJ-2024-HD-QIZHONG,16,Sfee5258a9b73,2024模拟题/2024海淀期中/细则/细则.pdf,评分材料,正式评分材料,已匹配正式材料,已匹配正式材料,0.0,,"同题同问评分源PDF p7,8,9,10,13,14；参考答案与评分节点分层，个人学生层缺源；Q17六个1分节点与气泡归属已复核。"
BJ-2024-HD-QIZHONG-Q10,BJ-2024-HD-QIZHONG,10,Sfee5258a9b73,2024模拟题/2024海淀期中/细则/细则.pdf,评分材料,无逐题E1；选项分布不作答案键,已排除,暂未找到,0.0,,完整71页评分源未提供Q1-Q15逐题E1或完整独立答案键；内容核对答案不升为来源证据。
BJ-2024-HD-QIZHONG-Q6,BJ-2024-HD-QIZHONG,6,Sfee5258a9b73,2024模拟题/2024海淀期中/细则/细则.pdf,评分材料,无逐题E1；选项分布不作答案键,已排除,暂未找到,0.0,,完整71页评分源未提供Q1-Q15逐题E1或完整独立答案键；内容核对答案不升为来源证据。
BJ-2024-HD-QIZHONG-Q7,BJ-2024-HD-QIZHONG,7,Sfee5258a9b73,2024模拟题/2024海淀期中/细则/细则.pdf,评分材料,无逐题E1；选项分布不作答案键,已排除,暂未找到,0.0,,完整71页评分源未提供Q1-Q15逐题E1或完整独立答案键；内容核对答案不升为来源证据。
BJ-2024-HD-QIZHONG-Q8,BJ-2024-HD-QIZHONG,8,Sfee5258a9b73,2024模拟题/2024海淀期中/细则/细则.pdf,评分材料,无逐题E1；选项分布不作答案键,已排除,暂未找到,0.0,,完整71页评分源未提供Q1-Q15逐题E1或完整独立答案键；内容核对答案不升为来源证据。
BJ-2024-HD-QIZHONG-Q9,BJ-2024-HD-QIZHONG,9,Sfee5258a9b73,2024模拟题/2024海淀期中/细则/细则.pdf,评分材料,无逐题E1；选项分布不作答案键,已排除,暂未找到,0.0,,完整71页评分源未提供Q1-Q15逐题E1或完整独立答案键；内容核对答案不升为来源证据。
BJ-2024-HD-QIZHONG-Q13,BJ-2024-HD-QIZHONG,13,Sfee5258a9b73,2024模拟题/2024海淀期中/细则/细则.pdf,评分材料,无逐题E1；选项分布不作答案键,已排除,暂未找到,0.0,,完整71页评分源未提供Q1-Q15逐题E1或完整独立答案键；内容核对答案不升为来源证据。
BJ-2024-HD-QIZHONG-Q14,BJ-2024-HD-QIZHONG,14,Sfee5258a9b73,2024模拟题/2024海淀期中/细则/细则.pdf,评分材料,无逐题E1；选项分布不作答案键,已排除,暂未找到,0.0,,完整71页评分源未提供Q1-Q15逐题E1或完整独立答案键；内容核对答案不升为来源证据。
BJ-2024-HD-QIZHONG-Q15,BJ-2024-HD-QIZHONG,15,Sfee5258a9b73,2024模拟题/2024海淀期中/细则/细则.pdf,评分材料,无逐题E1；选项分布不作答案键,已排除,暂未找到,0.0,,完整71页评分源未提供Q1-Q15逐题E1或完整独立答案键；内容核对答案不升为来源证据。
BJ-2024-HD-QIZHONG-Q17,BJ-2024-HD-QIZHONG,17,Sfee5258a9b73,2024模拟题/2024海淀期中/细则/细则.pdf,评分材料,正式评分材料,已匹配正式材料,已匹配正式材料,0.0,,"同题同问评分源PDF p18,19,20,21,22；参考答案与评分节点分层，个人学生层缺源；Q17六个1分节点与气泡归属已复核。"
BJ-2024-HD-QIZHONG-Q20,BJ-2024-HD-QIZHONG,20,Sfee5258a9b73,2024模拟题/2024海淀期中/细则/细则.pdf,评分材料,正式评分材料,已匹配正式材料,已匹配正式材料,0.0,,"同题同问评分源PDF p45,46,47,48,49；参考答案与评分节点分层，个人学生层缺源；Q17六个1分节点与气泡归属已复核。"
BJ-2024-HD-QIZHONG-Q21,BJ-2024-HD-QIZHONG,21,Sfee5258a9b73,2024模拟题/2024海淀期中/细则/细则.pdf,评分材料,正式评分材料,已匹配正式材料,已匹配正式材料,0.0,,"同题同问评分源PDF p50,51,52,53,54,55,61,62,63,64,65,66；参考答案与评分节点分层，个人学生层缺源；Q17六个1分节点与气泡归属已复核。"
BJ-2024-DC-ERMO-Q2,BJ-2024-DC-ERMO,2,S3fe06deac367,2024模拟题/东城二模/细则/分题细则/阅卷总结/16题/16题二模阅卷总结.docx,评分细则_分题切片,正式评分材料,已排除（文件名指向他题）,存在候选,0.0,16,考试身份同(BJ-2024-DC-ERMO)；文件名题号{16}与本题号不一致；未能在材料正文定位到第2题段，仅按同卷材料登记为候选；题干块6-gram重叠0.0000(题干138字/材料段0字)；同题另一来源块状态较弱(已排除（文件名指向他题）)，已按最强状态归并；同题另一来源块状态较弱(已排除（文件名指向他题）)，已按最强状态归并；同题另一来源块状态较弱(已排除（文件名指向他题）)，已按最强状态归并；同题另一来源块状态较弱(已排除（文件名指向他题）)，已按最强状态归并；同题另一来源块状态较弱(已排除（文件名指向他题）)，已按最强状态归并
BJ-2024-DC-ERMO-Q2,BJ-2024-DC-ERMO,2,S896b0f378cbd,2024模拟题/东城二模/细则/分题细则/阅卷总结/16题/16题评分细则.pptx,评分细则_分题切片,正式评分材料,已排除（文件名指向他题）,存在候选,1.0,16,考试身份同(BJ-2024-DC-ERMO)；文件名题号{16}与本题号不一致；正文定位方式=题号起首；题干块6-gram重叠1.0000(题干138字/材料段139字)；同题另一来源块状态较弱(已排除（文件名指向他题）)，已按最强状态归并；同题另一来源块状态较弱(已排除（文件名指向他题）)，已按最强状态归并；同题另一来源块状态较弱(已排除（文件名指向他题）)，已按最强状态归并；同题另一来源块状态较弱(已排除（文件名指向他题）)，已按最强状态归并；同题另一来源块状态较弱(已排除（文件名指向他题）)，已按最强状态归并
BJ-2024-DC-ERMO-Q2,BJ-2024-DC-ERMO,2,S47c34e3af056,2024模拟题/东城二模/细则/分题细则/阅卷总结/17题/17(1).docx,评分细则_分题切片,正式评分材料,已排除（文件名指向他题）,存在候选,0.0,17,考试身份同(BJ-2024-DC-ERMO)；文件名题号{17}与本题号不一致；未能在材料正文定位到第2题段，仅按同卷材料登记为候选；题干块6-gram重叠0.0000(题干138字/材料段0字)；同题另一来源块状态较弱(已排除（文件名指向他题）)，已按最强状态归并；同题另一来源块状态较弱(已排除（文件名指向他题）)，已按最强状态归并；同题另一来源块状态较弱(已排除（文件名指向他题）)，已按最强状态归并；同题另一来源块状态较弱(已排除（文件名指向他题）)，已按最强状态归并；同题另一来源块状态较弱(已排除（文件名指向他题）)，已按最强状态归并
BJ-2024-DC-ERMO-Q2,BJ-2024-DC-ERMO,2,S72fd64a3dddd,2024模拟题/东城二模/细则/分题细则/阅卷总结/17题/17-2.docx,评分细则_分题切片,正式评分材料,存在候选,存在候选,0.0,,考试身份同(BJ-2024-DC-ERMO)；文件名未限定题号；未能在材料正文定位到第2题段，仅按同卷材料登记为候选；题干块6-gram重叠0.0000(题干138字/材料段0字)；同题另一来源块状态较弱(存在候选)，已按最强状态归并；同题另一来源块状态较弱(存在候选)，已按最强状态归并；同题另一来源块状态较弱(存在候选)，已按最强状态归并；同题另一来源块状态较弱(存在候选)，已按最强状态归并；同题另一来源块状态较弱(存在候选)，已按最强状态归并
BJ-2024-DC-ERMO-Q2,BJ-2024-DC-ERMO,2,S4238b9f0bc92,2024模拟题/东城二模/细则/分题细则/阅卷总结/18题/18(1).docx,评分细则_分题切片,正式评分材料,已排除（文件名指向他题）,存在候选,0.0,18,考试身份同(BJ-2024-DC-ERMO)；文件名题号{18}与本题号不一致；未能在材料正文定位到第2题段，仅按同卷材料登记为候选；题干块6-gram重叠0.0000(题干138字/材料段0字)；同题另一来源块状态较弱(已排除（文件名指向他题）)，已按最强状态归并；同题另一来源块状态较弱(已排除（文件名指向他题）)，已按最强状态归并；同题另一来源块状态较弱(已排除（文件名指向他题）)，已按最强状态归并；同题另一来源块状态较弱(已排除（文件名指向他题）)，已按最强状态归并；同题另一来源块状态较弱(已排除（文件名指向他题）)，已按最强状态归并
BJ-2024-DC-ERMO-Q2,BJ-2024-DC-ERMO,2,S6c445538df98,2024模拟题/东城二模/细则/分题细则/阅卷总结/18题/18（2）.docx,评分细则_分题切片,正式评分材料,已排除（文件名指向他题）,存在候选,0.0,18,考试身份同(BJ-2024-DC-ERMO)；文件名题号{18}与本题号不一致；未能在材料正文定位到第2题段，仅按同卷材料登记为候选；题干块6-gram重叠0.0000(题干138字/材料段0字)；同题另一来源块状态较弱(已排除（文件名指向他题）)，已按最强状态归并；同题另一来源块状态较弱(已排除（文件名指向他题）)，已按最强状态归并；同题另一来源块状态较弱(已排除（文件名指向他题）)，已按最强状态归并；同题另一来源块状态较弱(已排除（文件名指向他题）)，已按最强状态归并；同题另一来源块状态较弱(已排除（文件名指向他题）)，已按最强状态归并
BJ-2024-DC-ERMO-Q2,BJ-2024-DC-ERMO,2,Sd682ecb2695e,2024模拟题/东城二模/细则/分题细则/阅卷总结/19题/19（1）.docx,评分细则_分题切片,正式评分材料,已排除（文件名指向他题）,存在候选,0.0,19,考试身份同(BJ-2024-DC-ERMO)；文件名题号{19}与本题号不一致；未能在材料正文定位到第2题段，仅按同卷材料登记为候选；题干块6-gram重叠0.0000(题干138字/材料段0字)；同题另一来源块状态较弱(已排除（文件名指向他题）)，已按最强状态归并；同题另一来源块状态较弱(已排除（文件名指向他题）)，已按最强状态归并；同题另一来源块状态较弱(已排除（文件名指向他题）)，已按最强状态归并；同题另一来源块状态较弱(已排除（文件名指向他题）)，已按最强状态归并；同题另一来源块状态较弱(已排除（文件名指向他题）)，已按最强状态归并
BJ-2024-DC-ERMO-Q2,BJ-2024-DC-ERMO,2,S5c18cbecb82d,2024模拟题/东城二模/细则/分题细则/阅卷总结/19题/19（2）.docx,评分细则_分题切片,正式评分材料,已排除（文件名指向他题）,存在候选,0.0,19,考试身份同(BJ-2024-DC-ERMO)；文件名题号{19}与本题号不一致；未能在材料正文定位到第2题段，仅按同卷材料登记为候选；题干块6-gram重叠0.0000(题干138字/材料段0字)；同题另一来源块状态较弱(已排除（文件名指向他题）)，已按最强状态归并；同题另一来源块状态较弱(已排除（文件名指向他题）)，已按最强状态归并；同题另一来源块状态较弱(已排除（文件名指向他题）)，已按最强状态归并；同题另一来源块状态较弱(已排除（文件名指向他题）)，已按最强状态归并；同题另一来源块状态较弱(已排除（文件名指向他题）)，已按最强状态归并
BJ-2024-DC-ERMO-Q2,BJ-2024-DC-ERMO,2,S4c98484a2246,2024模拟题/东城二模/细则/分题细则/阅卷总结/21题/20小题二模阅卷总结.docx,评分细则_分题切片,正式评分材料,存在候选,存在候选,0.0,,考试身份同(BJ-2024-DC-ERMO)；文件名未限定题号；未能在材料正文定位到第2题段，仅按同卷材料登记为候选；题干块6-gram重叠0.0000(题干138字/材料段0字)；同题另一来源块状态较弱(存在候选)，已按最强状态归并；同题另一来源块状态较弱(存在候选)，已按最强状态归并；同题另一来源块状态较弱(存在候选)，已按最强状态归并；同题另一来源块状态较弱(存在候选)，已按最强状态归并；同题另一来源块状态较弱(存在候选)，已按最强状态归并
BJ-2024-DC-ERMO-Q2,BJ-2024-DC-ERMO,2,S9019906692e8,2024模拟题/东城二模/细则/分题细则/阅卷总结/21题/21.docx,评分细则_分题切片,正式评分材料,存在候选,存在候选,0.0,,考试身份同(BJ-2024-DC-ERMO)；文件名未限定题号；未能在材料正文定位到第2题段，仅按同卷材料登记为候选；题干块6-gram重叠0.0000(题干138字/材料段0字)；同题另一来源块状态较弱(存在候选)，已按最强状态归并；同题另一来源块状态较弱(存在候选)，已按最强状态归并；同题另一来源块状态较弱(存在候选)，已按最强状态归并；同题另一来源块状态较弱(存在候选)，已按最强状态归并；同题另一来源块状态较弱(存在候选)，已按最强状态归并
BJ-2024-DC-ERMO-Q2,BJ-2024-DC-ERMO,2,Sbdc183dc9541,2024模拟题/东城二模/细则/分题细则/阅卷总结/21题/21题(1).pptx,评分细则_分题切片,正式评分材料,已排除（文件名指向他题）,存在候选,0.0,21,考试身份同(BJ-2024-DC-ERMO)；文件名题号{21}与本题号不一致；正文定位方式=题号起首；题干块6-gram重叠0.0000(题干138字/材料段1483字)；同题另一来源块状态较弱(已排除（文件名指向他题）)，已按最强状态归并；同题另一来源块状态较弱(已排除（文件名指向他题）)，已按最强状态归并；同题另一来源块状态较弱(已排除（文件名指向他题）)，已按最强状态归并；同题另一来源块状态较弱(已排除（文件名指向他题）)，已按最强状态归并；同题另一来源块状态较弱(已排除（文件名指向他题）)，已按最强状态归并
BJ-2024-DC-ERMO-Q2,BJ-2024-DC-ERMO,2,S8db78abe18de,2024模拟题/东城二模/细则/补充材料/细则.pdf,评分材料,正式评分材料,存在候选,存在候选,0.0,,考试身份同(BJ-2024-DC-ERMO)；文件名未限定题号；未能在材料正文定位到第2题段，仅按同卷材料登记为候选；题干块6-gram重叠0.0000(题干138字/材料段0字)；同题另一来源块状态较弱(存在候选)，已按最强状态归并；同题另一来源块状态较弱(存在候选)，已按最强状态归并；同题另一来源块状态较弱(存在候选)，已按最强状态归并；同题另一来源块状态较弱(存在候选)，已按最强状态归并；同题另一来源块状态较弱(存在候选)，已按最强状态归并
BJ-2024-DC-ERMO-Q3,BJ-2024-DC-ERMO,3,S3fe06deac367,2024模拟题/东城二模/细则/分题细则/阅卷总结/16题/16题二模阅卷总结.docx,评分细则_分题切片,正式评分材料,已排除（文件名指向他题）,存在候选,0.0,16,考试身份同(BJ-2024-DC-ERMO)；文件名题号{16}与本题号不一致；未能在材料正文定位到第3题段，仅按同卷材料登记为候选；题干块6-gram重叠0.0000(题干439字/材料段0字)；同题另一来源块状态较弱(已排除（文件名指向他题）)，已按最强状态归并；同题另一来源块状态较弱(已排除（文件名指向他题）)，已按最强状态归并；同题另一来源块状态较弱(已排除（文件名指向他题）)，已按最强状态归并；同题另一来源块状态较弱(已排除（文件名指向他题）)，已按最强状态归并
BJ-2024-DC-ERMO-Q3,BJ-2024-DC-ERMO,3,S896b0f378cbd,2024模拟题/东城二模/细则/分题细则/阅卷总结/16题/16题评分细则.pptx,评分细则_分题切片,正式评分材料,已排除（文件名指向他题）,存在候选,1.0,16,考试身份同(BJ-2024-DC-ERMO)；文件名题号{16}与本题号不一致；正文定位方式=题号起首；题干块6-gram重叠1.0000(题干439字/材料段440字)；同题另一来源块状态较弱(已排除（文件名指向他题）)，已按最强状态归并；同题另一来源块状态较弱(已排除（文件名指向他题）)，已按最强状态归并；同题另一来源块状态较弱(已排除（文件名指向他题）)，已按最强状态归并；同题另一来源块状态较弱(已排除（文件名指向他题）)，已按最强状态归并
BJ-2024-DC-ERMO-Q3,BJ-2024-DC-ERMO,3,S47c34e3af056,2024模拟题/东城二模/细则/分题细则/阅卷总结/17题/17(1).docx,评分细则_分题切片,正式评分材料,已排除（文件名指向他题）,存在候选,0.0,17,考试身份同(BJ-2024-DC-ERMO)；文件名题号{17}与本题号不一致；未能在材料正文定位到第3题段，仅按同卷材料登记为候选；题干块6-gram重叠0.0000(题干439字/材料段0字)；同题另一来源块状态较弱(已排除（文件名指向他题）)，已按最强状态归并；同题另一来源块状态较弱(已排除（文件名指向他题）)，已按最强状态归并；同题另一来源块状态较弱(已排除（文件名指向他题）)，已按最强状态归并；同题另一来源块状态较弱(已排除（文件名指向他题）)，已按最强状态归并
BJ-2024-DC-ERMO-Q3,BJ-2024-DC-ERMO,3,S72fd64a3dddd,2024模拟题/东城二模/细则/分题细则/阅卷总结/17题/17-2.docx,评分细则_分题切片,正式评分材料,存在候选,存在候选,0.0,,考试身份同(BJ-2024-DC-ERMO)；文件名未限定题号；未能在材料正文定位到第3题段，仅按同卷材料登记为候选；题干块6-gram重叠0.0000(题干439字/材料段0字)；同题另一来源块状态较弱(存在候选)，已按最强状态归并；同题另一来源块状态较弱(存在候选)，已按最强状态归并；同题另一来源块状态较弱(存在候选)，已按最强状态归并；同题另一来源块状态较弱(存在候选)，已按最强状态归并
BJ-2024-DC-ERMO-Q3,BJ-2024-DC-ERMO,3,S4238b9f0bc92,2024模拟题/东城二模/细则/分题细则/阅卷总结/18题/18(1).docx,评分细则_分题切片,正式评分材料,已排除（文件名指向他题）,存在候选,0.0,18,考试身份同(BJ-2024-DC-ERMO)；文件名题号{18}与本题号不一致；未能在材料正文定位到第3题段，仅按同卷材料登记为候选；题干块6-gram重叠0.0000(题干439字/材料段0字)；同题另一来源块状态较弱(已排除（文件名指向他题）)，已按最强状态归并；同题另一来源块状态较弱(已排除（文件名指向他题）)，已按最强状态归并；同题另一来源块状态较弱(已排除（文件名指向他题）)，已按最强状态归并；同题另一来源块状态较弱(已排除（文件名指向他题）)，已按最强状态归并
BJ-2024-DC-ERMO-Q3,BJ-2024-DC-ERMO,3,S6c445538df98,2024模拟题/东城二模/细则/分题细则/阅卷总结/18题/18（2）.docx,评分细则_分题切片,正式评分材料,已排除（文件名指向他题）,存在候选,0.0,18,考试身份同(BJ-2024-DC-ERMO)；文件名题号{18}与本题号不一致；未能在材料正文定位到第3题段，仅按同卷材料登记为候选；题干块6-gram重叠0.0000(题干439字/材料段0字)；同题另一来源块状态较弱(已排除（文件名指向他题）)，已按最强状态归并；同题另一来源块状态较弱(已排除（文件名指向他题）)，已按最强状态归并；同题另一来源块状态较弱(已排除（文件名指向他题）)，已按最强状态归并；同题另一来源块状态较弱(已排除（文件名指向他题）)，已按最强状态归并
BJ-2024-DC-ERMO-Q3,BJ-2024-DC-ERMO,3,Sd682ecb2695e,2024模拟题/东城二模/细则/分题细则/阅卷总结/19题/19（1）.docx,评分细则_分题切片,正式评分材料,已排除（文件名指向他题）,存在候选,0.0,19,考试身份同(BJ-2024-DC-ERMO)；文件名题号{19}与本题号不一致；未能在材料正文定位到第3题段，仅按同卷材料登记为候选；题干块6-gram重叠0.0000(题干439字/材料段0字)；同题另一来源块状态较弱(已排除（文件名指向他题）)，已按最强状态归并；同题另一来源块状态较弱(已排除（文件名指向他题）)，已按最强状态归并；同题另一来源块状态较弱(已排除（文件名指向他题）)，已按最强状态归并；同题另一来源块状态较弱(已排除（文件名指向他题）)，已按最强状态归并
BJ-2024-DC-ERMO-Q3,BJ-2024-DC-ERMO,3,S5c18cbecb82d,2024模拟题/东城二模/细则/分题细则/阅卷总结/19题/19（2）.docx,评分细则_分题切片,正式评分材料,已排除（文件名指向他题）,存在候选,0.0,19,考试身份同(BJ-2024-DC-ERMO)；文件名题号{19}与本题号不一致；未能在材料正文定位到第3题段，仅按同卷材料登记为候选；题干块6-gram重叠0.0000(题干439字/材料段0字)；同题另一来源块状态较弱(已排除（文件名指向他题）)，已按最强状态归并；同题另一来源块状态较弱(已排除（文件名指向他题）)，已按最强状态归并；同题另一来源块状态较弱(已排除（文件名指向他题）)，已按最强状态归并；同题另一来源块状态较弱(已排除（文件名指向他题）)，已按最强状态归并
BJ-2024-DC-ERMO-Q3,BJ-2024-DC-ERMO,3,S4c98484a2246,2024模拟题/东城二模/细则/分题细则/阅卷总结/21题/20小题二模阅卷总结.docx,评分细则_分题切片,正式评分材料,存在候选,存在候选,0.0,,考试身份同(BJ-2024-DC-ERMO)；文件名未限定题号；未能在材料正文定位到第3题段，仅按同卷材料登记为候选；题干块6-gram重叠0.0000(题干439字/材料段0字)；同题另一来源块状态较弱(存在候选)，已按最强状态归并；同题另一来源块状态较弱(存在候选)，已按最强状态归并；同题另一来源块状态较弱(存在候选)，已按最强状态归并；同题另一来源块状态较弱(存在候选)，已按最强状态归并
BJ-2024-DC-ERMO-Q3,BJ-2024-DC-ERMO,3,S9019906692e8,2024模拟题/东城二模/细则/分题细则/阅卷总结/21题/21.docx,评分细则_分题切片,正式评分材料,存在候选,存在候选,0.0,,考试身份同(BJ-2024-DC-ERMO)；文件名未限定题号；未能在材料正文定位到第3题段，仅按同卷材料登记为候选；题干块6-gram重叠0.0000(题干439字/材料段0字)；同题另一来源块状态较弱(存在候选)，已按最强状态归并；同题另一来源块状态较弱(存在候选)，已按最强状态归并；同题另一来源块状态较弱(存在候选)，已按最强状态归并；同题另一来源块状态较弱(存在候选)，已按最强状态归并
BJ-2024-DC-ERMO-Q3,BJ-2024-DC-ERMO,3,Sbdc183dc9541,2024模拟题/东城二模/细则/分题细则/阅卷总结/21题/21题(1).pptx,评分细则_分题切片,正式评分材料,已排除（文件名指向他题）,存在候选,0.0,21,考试身份同(BJ-2024-DC-ERMO)；文件名题号{21}与本题号不一致；未能在材料正文定位到第3题段，仅按同卷材料登记为候选；题干块6-gram重叠0.0000(题干439字/材料段0字)；同题另一来源块状态较弱(已排除（文件名指向他题）)，已按最强状态归并；同题另一来源块状态较弱(已排除（文件名指向他题）)，已按最强状态归并；同题另一来源块状态较弱(已排除（文件名指向他题）)，已按最强状态归并；同题另一来源块状态较弱(已排除（文件名指向他题）)，已按最强状态归并
BJ-2024-DC-ERMO-Q3,BJ-2024-DC-ERMO,3,S8db78abe18de,2024模拟题/东城二模/细则/补充材料/细则.pdf,评分材料,正式评分材料,存在候选,存在候选,0.0,,考试身份同(BJ-2024-DC-ERMO)；文件名未限定题号；未能在材料正文定位到第3题段，仅按同卷材料登记为候选；题干块6-gram重叠0.0000(题干439字/材料段0字)；同题另一来源块状态较弱(存在候选)，已按最强状态归并；同题另一来源块状态较弱(存在候选)，已按最强状态归并；同题另一来源块状态较弱(存在候选)，已按最强状态归并；同题另一来源块状态较弱(存在候选)，已按最强状态归并
BJ-2024-DC-ERMO-Q1,BJ-2024-DC-ERMO,1,S3fe06deac367,2024模拟题/东城二模/细则/分题细则/阅卷总结/16题/16题二模阅卷总结.docx,评分细则_分题切片,正式评分材料,已排除（文件名指向他题）,存在候选,0.0,16,考试身份同(BJ-2024-DC-ERMO)；文件名题号{16}与本题号不一致；未能在材料正文定位到第1题段，仅按同卷材料登记为候选；题干块6-gram重叠0.0000(题干1364字/材料段0字)；分值文本 8；同题另一来源块状态较弱(已排除（文件名指向他题）)，已按最强状态归并；同题另一来源块状态较弱(已排除（文件名指向他题）)，已按最强状态归并；同题另一来源块状态较弱(已排除（文件名指向他题）)，已按最强状态归并；同题另一来源块状态较弱(已排除（文件名指向他题）)，已按最强状态归并
BJ-2024-DC-ERMO-Q1,BJ-2024-DC-ERMO,1,S896b0f378cbd,2024模拟题/东城二模/细则/分题细则/阅卷总结/16题/16题评分细则.pptx,评分细则_分题切片,正式评分材料,已排除（文件名指向他题）,存在候选,0.0,16,考试身份同(BJ-2024-DC-ERMO)；文件名题号{16}与本题号不一致；正文定位方式=题号起首；题干块6-gram重叠0.0000(题干1364字/材料段40字)；分值文本 8；同题另一来源块状态较弱(已排除（文件名指向他题）)，已按最强状态归并；同题另一来源块状态较弱(已排除（文件名指向他题）)，已按最强状态归并；同题另一来源块状态较弱(已排除（文件名指向他题）)，已按最强状态归并；同题另一来源块状态较弱(已排除（文件名指向他题）)，已按最强状态归并
BJ-2024-DC-ERMO-Q1,BJ-2024-DC-ERMO,1,S47c34e3af056,2024模拟题/东城二模/细则/分题细则/阅卷总结/17题/17(1).docx,评分细则_分题切片,正式评分材料,已排除（文件名指向他题）,存在候选,0.0,17,考试身份同(BJ-2024-DC-ERMO)；文件名题号{17}与本题号不一致；未能在材料正文定位到第1题段，仅按同卷材料登记为候选；题干块6-gram重叠0.0000(题干1364字/材料段0字)；分值文本 8；同题另一来源块状态较弱(已排除（文件名指向他题）)，已按最强状态归并；同题另一来源块状态较弱(已排除（文件名指向他题）)，已按最强状态归并；同题另一来源块状态较弱(已排除（文件名指向他题）)，已按最强状态归并；同题另一来源块状态较弱(已排除（文件名指向他题）)，已按最强状态归并
BJ-2024-DC-ERMO-Q1,BJ-2024-DC-ERMO,1,S72fd64a3dddd,2024模拟题/东城二模/细则/分题细则/阅卷总结/17题/17-2.docx,评分细则_分题切片,正式评分材料,存在候选,存在候选,0.0,,考试身份同(BJ-2024-DC-ERMO)；文件名未限定题号；未能在材料正文定位到第1题段，仅按同卷材料登记为候选；题干块6-gram重叠0.0000(题干1364字/材料段0字)；分值文本 8；同题另一来源块状态较弱(存在候选)，已按最强状态归并；同题另一来源块状态较弱(存在候选)，已按最强状态归并；同题另一来源块状态较弱(存在候选)，已按最强状态归并；同题另一来源块状态较弱(存在候选)，已按最强状态归并
BJ-2024-DC-ERMO-Q1,BJ-2024-DC-ERMO,1,S4238b9f0bc92,2024模拟题/东城二模/细则/分题细则/阅卷总结/18题/18(1).docx,评分细则_分题切片,正式评分材料,已排除（文件名指向他题）,存在候选,0.0,18,考试身份同(BJ-2024-DC-ERMO)；文件名题号{18}与本题号不一致；未能在材料正文定位到第1题段，仅按同卷材料登记为候选；题干块6-gram重叠0.0000(题干1364字/材料段0字)；分值文本 8；同题另一来源块状态较弱(已排除（文件名指向他题）)，已按最强状态归并；同题另一来源块状态较弱(已排除（文件名指向他题）)，已按最强状态归并；同题另一来源块状态较弱(已排除（文件名指向他题）)，已按最强状态归并；同题另一来源块状态较弱(已排除（文件名指向他题）)，已按最强状态归并
BJ-2024-DC-ERMO-Q1,BJ-2024-DC-ERMO,1,S6c445538df98,2024模拟题/东城二模/细则/分题细则/阅卷总结/18题/18（2）.docx,评分细则_分题切片,正式评分材料,已排除（文件名指向他题）,存在候选,0.0,18,考试身份同(BJ-2024-DC-ERMO)；文件名题号{18}与本题号不一致；未能在材料正文定位到第1题段，仅按同卷材料登记为候选；题干块6-gram重叠0.0000(题干1364字/材料段0字)；分值文本 8；同题另一来源块状态较弱(已排除（文件名指向他题）)，已按最强状态归并；同题另一来源块状态较弱(已排除（文件名指向他题）)，已按最强状态归并；同题另一来源块状态较弱(已排除（文件名指向他题）)，已按最强状态归并；同题另一来源块状态较弱(已排除（文件名指向他题）)，已按最强状态归并
BJ-2024-DC-ERMO-Q1,BJ-2024-DC-ERMO,1,Sd682ecb2695e,2024模拟题/东城二模/细则/分题细则/阅卷总结/19题/19（1）.docx,评分细则_分题切片,正式评分材料,已排除（文件名指向他题）,存在候选,0.0,19,考试身份同(BJ-2024-DC-ERMO)；文件名题号{19}与本题号不一致；未能在材料正文定位到第1题段，仅按同卷材料登记为候选；题干块6-gram重叠0.0000(题干1364字/材料段0字)；分值文本 8；同题另一来源块状态较弱(已排除（文件名指向他题）)，已按最强状态归并；同题另一来源块状态较弱(已排除（文件名指向他题）)，已按最强状态归并；同题另一来源块状态较弱(已排除（文件名指向他题）)，已按最强状态归并；同题另一来源块状态较弱(已排除（文件名指向他题）)，已按最强状态归并
BJ-2024-DC-ERMO-Q1,BJ-2024-DC-ERMO,1,S5c18cbecb82d,2024模拟题/东城二模/细则/分题细则/阅卷总结/19题/19（2）.docx,评分细则_分题切片,正式评分材料,已排除（文件名指向他题）,存在候选,0.0,19,考试身份同(BJ-2024-DC-ERMO)；文件名题号{19}与本题号不一致；未能在材料正文定位到第1题段，仅按同卷材料登记为候选；题干块6-gram重叠0.0000(题干1364字/材料段0字)；分值文本 8；同题另一来源块状态较弱(已排除（文件名指向他题）)，已按最强状态归并；同题另一来源块状态较弱(已排除（文件名指向他题）)，已按最强状态归并；同题另一来源块状态较弱(已排除（文件名指向他题）)，已按最强状态归并；同题另一来源块状态较弱(已排除（文件名指向他题）)，已按最强状态归并
BJ-2024-DC-ERMO-Q1,BJ-2024-DC-ERMO,1,S4c98484a2246,2024模拟题/东城二模/细则/分题细则/阅卷总结/21题/20小题二模阅卷总结.docx,评分细则_分题切片,正式评分材料,存在候选,存在候选,0.0,,考试身份同(BJ-2024-DC-ERMO)；文件名未限定题号；未能在材料正文定位到第1题段，仅按同卷材料登记为候选；题干块6-gram重叠0.0000(题干1364字/材料段0字)；分值文本 8；同题另一来源块状态较弱(存在候选)，已按最强状态归并；同题另一来源块状态较弱(存在候选)，已按最强状态归并；同题另一来源块状态较弱(存在候选)，已按最强状态归并；同题另一来源块状态较弱(存在候选)，已按最强状态归并
BJ-2024-DC-ERMO-Q1,BJ-2024-DC-ERMO,1,S9019906692e8,2024模拟题/东城二模/细则/分题细则/阅卷总结/21题/21.docx,评分细则_分题切片,正式评分材料,存在候选,存在候选,0.0,,考试身份同(BJ-2024-DC-ERMO)；文件名未限定题号；未能在材料正文定位到第1题段，仅按同卷材料登记为候选；题干块6-gram重叠0.0000(题干1364字/材料段0字)；分值文本 8；同题另一来源块状态较弱(存在候选)，已按最强状态归并；同题另一来源块状态较弱(存在候选)，已按最强状态归并；同题另一来源块状态较弱(存在候选)，已按最强状态归并；同题另一来源块状态较弱(存在候选)，已按最强状态归并
BJ-2024-DC-ERMO-Q1,BJ-2024-DC-ERMO,1,Sbdc183dc9541,2024模拟题/东城二模/细则/分题细则/阅卷总结/21题/21题(1).pptx,评分细则_分题切片,正式评分材料,已排除（文件名指向他题）,存在候选,0.7806,21,考试身份同(BJ-2024-DC-ERMO)；文件名题号{21}与本题号不一致；正文定位方式=题号起首；题干块6-gram重叠0.7806(题干1364字/材料段1079字)；分值文本 8；同题另一来源块状态较弱(已排除（文件名指向他题）)，已按最强状态归并；同题另一来源块状态较弱(已排除（文件名指向他题）)，已按最强状态归并；同题另一来源块状态较弱(已排除（文件名指向他题）)，已按最强状态归并；同题另一来源块状态较弱(已排除（文件名指向他题）)，已按最强状态归并
BJ-2024-DC-ERMO-Q1,BJ-2024-DC-ERMO,1,S8db78abe18de,2024模拟题/东城二模/细则/补充材料/细则.pdf,评分材料,正式评分材料,存在候选,存在候选,0.0,,考试身份同(BJ-2024-DC-ERMO)；文件名未限定题号；未能在材料正文定位到第1题段，仅按同卷材料登记为候选；题干块6-gram重叠0.0000(题干1364字/材料段0字)；分值文本 8；同题另一来源块状态较弱(存在候选)，已按最强状态归并；同题另一来源块状态较弱(存在候选)，已按最强状态归并；同题另一来源块状态较弱(存在候选)，已按最强状态归并；同题另一来源块状态较弱(存在候选)，已按最强状态归并
BJ-2024-DC-ERMO-Q16,BJ-2024-DC-ERMO,16,S3fe06deac367,2024模拟题/东城二模/细则/分题细则/阅卷总结/16题/16题二模阅卷总结.docx,评分细则_分题切片,正式评分材料,已匹配正式材料,已匹配正式材料,0.0785,16,考试身份同(BJ-2024-DC-ERMO)；文件名题号{16}与本题号一致；正文定位方式=文件名限定本题号；题干块6-gram重叠0.0785(题干422字/材料段2277字)；分值文本 7；同题另一来源块状态较弱(存在候选)，已按最强状态归并
BJ-2024-DC-ERMO-Q16,BJ-2024-DC-ERMO,16,S896b0f378cbd,2024模拟题/东城二模/细则/分题细则/阅卷总结/16题/16题评分细则.pptx,评分细则_分题切片,正式评分材料,存在候选,已匹配正式材料,0.0138,16,考试身份同(BJ-2024-DC-ERMO)；文件名题号{16}与本题号一致；正文定位方式=文件名限定本题号；题干块6-gram重叠0.0138(题干245字/材料段1527字)；分值文本 7；同题另一来源块状态较弱(存在候选)，已按最强状态归并
BJ-2024-DC-ERMO-Q16,BJ-2024-DC-ERMO,16,S47c34e3af056,2024模拟题/东城二模/细则/分题细则/阅卷总结/17题/17(1).docx,评分细则_分题切片,正式评分材料,已排除（文件名指向他题）,已匹配正式材料,0.0,17,考试身份同(BJ-2024-DC-ERMO)；文件名题号{17}与本题号不一致；未能在材料正文定位到第16题段，仅按同卷材料登记为候选；题干块6-gram重叠0.0000(题干245字/材料段0字)；分值文本 7；同题另一来源块状态较弱(已排除（文件名指向他题）)，已按最强状态归并
BJ-2024-DC-ERMO-Q16,BJ-2024-DC-ERMO,16,S72fd64a3dddd,2024模拟题/东城二模/细则/分题细则/阅卷总结/17题/17-2.docx,评分细则_分题切片,正式评分材料,存在候选,已匹配正式材料,0.0,,考试身份同(BJ-2024-DC-ERMO)；文件名未限定题号；未能在材料正文定位到第16题段，仅按同卷材料登记为候选；题干块6-gram重叠0.0000(题干245字/材料段0字)；分值文本 7；同题另一来源块状态较弱(存在候选)，已按最强状态归并
BJ-2024-DC-ERMO-Q16,BJ-2024-DC-ERMO,16,S4238b9f0bc92,2024模拟题/东城二模/细则/分题细则/阅卷总结/18题/18(1).docx,评分细则_分题切片,正式评分材料,已排除（文件名指向他题）,已匹配正式材料,0.0,18,考试身份同(BJ-2024-DC-ERMO)；文件名题号{18}与本题号不一致；未能在材料正文定位到第16题段，仅按同卷材料登记为候选；题干块6-gram重叠0.0000(题干245字/材料段0字)；分值文本 7；同题另一来源块状态较弱(已排除（文件名指向他题）)，已按最强状态归并
BJ-2024-DC-ERMO-Q16,BJ-2024-DC-ERMO,16,S6c445538df98,2024模拟题/东城二模/细则/分题细则/阅卷总结/18题/18（2）.docx,评分细则_分题切片,正式评分材料,已排除（文件名指向他题）,已匹配正式材料,0.0,18,考试身份同(BJ-2024-DC-ERMO)；文件名题号{18}与本题号不一致；未能在材料正文定位到第16题段，仅按同卷材料登记为候选；题干块6-gram重叠0.0000(题干245字/材料段0字)；分值文本 7；同题另一来源块状态较弱(已排除（文件名指向他题）)，已按最强状态归并
BJ-2024-DC-ERMO-Q16,BJ-2024-DC-ERMO,16,Sd682ecb2695e,2024模拟题/东城二模/细则/分题细则/阅卷总结/19题/19（1）.docx,评分细则_分题切片,正式评分材料,已排除（文件名指向他题）,已匹配正式材料,0.0,19,考试身份同(BJ-2024-DC-ERMO)；文件名题号{19}与本题号不一致；未能在材料正文定位到第16题段，仅按同卷材料登记为候选；题干块6-gram重叠0.0000(题干245字/材料段0字)；分值文本 7；同题另一来源块状态较弱(已排除（文件名指向他题）)，已按最强状态归并
BJ-2024-DC-ERMO-Q16,BJ-2024-DC-ERMO,16,S5c18cbecb82d,2024模拟题/东城二模/细则/分题细则/阅卷总结/19题/19（2）.docx,评分细则_分题切片,正式评分材料,已排除（文件名指向他题）,已匹配正式材料,0.0,19,考试身份同(BJ-2024-DC-ERMO)；文件名题号{19}与本题号不一致；未能在材料正文定位到第16题段，仅按同卷材料登记为候选；题干块6-gram重叠0.0000(题干245字/材料段0字)；分值文本 7；同题另一来源块状态较弱(已排除（文件名指向他题）)，已按最强状态归并
BJ-2024-DC-ERMO-Q16,BJ-2024-DC-ERMO,16,S4c98484a2246,2024模拟题/东城二模/细则/分题细则/阅卷总结/21题/20小题二模阅卷总结.docx,评分细则_分题切片,正式评分材料,存在候选,已匹配正式材料,0.0,,考试身份同(BJ-2024-DC-ERMO)；文件名未限定题号；未能在材料正文定位到第16题段，仅按同卷材料登记为候选；题干块6-gram重叠0.0000(题干245字/材料段0字)；分值文本 7；同题另一来源块状态较弱(存在候选)，已按最强状态归并
BJ-2024-DC-ERMO-Q16,BJ-2024-DC-ERMO,16,S9019906692e8,2024模拟题/东城二模/细则/分题细则/阅卷总结/21题/21.docx,评分细则_分题切片,正式评分材料,存在候选,已匹配正式材料,0.0,,考试身份同(BJ-2024-DC-ERMO)；文件名未限定题号；未能在材料正文定位到第16题段，仅按同卷材料登记为候选；题干块6-gram重叠0.0000(题干245字/材料段0字)；分值文本 7；同题另一来源块状态较弱(存在候选)，已按最强状态归并
BJ-2024-DC-ERMO-Q16,BJ-2024-DC-ERMO,16,Sbdc183dc9541,2024模拟题/东城二模/细则/分题细则/阅卷总结/21题/21题(1).pptx,评分细则_分题切片,正式评分材料,已排除（文件名指向他题）,已匹配正式材料,0.0,21,考试身份同(BJ-2024-DC-ERMO)；文件名题号{21}与本题号不一致；未能在材料正文定位到第16题段，仅按同卷材料登记为候选；题干块6-gram重叠0.0000(题干245字/材料段0字)；分值文本 7；同题另一来源块状态较弱(已排除（文件名指向他题）)，已按最强状态归并
BJ-2024-DC-ERMO-Q16,BJ-2024-DC-ERMO,16,S8db78abe18de,2024模拟题/东城二模/细则/补充材料/细则.pdf,评分材料,正式评分材料,存在候选,已匹配正式材料,0.0,,考试身份同(BJ-2024-DC-ERMO)；文件名未限定题号；未能在材料正文定位到第16题段，仅按同卷材料登记为候选；题干块6-gram重叠0.0000(题干245字/材料段0字)；分值文本 7；同题另一来源块状态较弱(存在候选)，已按最强状态归并
BJ-2024-DC-ERMO-Q17,BJ-2024-DC-ERMO,17,S3fe06deac367,2024模拟题/东城二模/细则/分题细则/阅卷总结/16题/16题二模阅卷总结.docx,评分细则_分题切片,正式评分材料,已排除（文件名指向他题）,已匹配正式材料,0.0,16,考试身份同(BJ-2024-DC-ERMO)；文件名题号{16}与本题号不一致；未能在材料正文定位到第17题段，仅按同卷材料登记为候选；题干块6-gram重叠0.0000(题干255字/材料段0字)；分值文本 12；同题另一来源块状态较弱(已排除（文件名指向他题）)，已按最强状态归并
BJ-2024-DC-ERMO-Q17,BJ-2024-DC-ERMO,17,S896b0f378cbd,2024模拟题/东城二模/细则/分题细则/阅卷总结/16题/16题评分细则.pptx,评分细则_分题切片,正式评分材料,已排除（文件名指向他题）,已匹配正式材料,0.0,16,考试身份同(BJ-2024-DC-ERMO)；文件名题号{16}与本题号不一致；未能在材料正文定位到第17题段，仅按同卷材料登记为候选；题干块6-gram重叠0.0000(题干255字/材料段0字)；分值文本 12；同题另一来源块状态较弱(已排除（文件名指向他题）)，已按最强状态归并
BJ-2024-DC-ERMO-Q17,BJ-2024-DC-ERMO,17,S47c34e3af056,2024模拟题/东城二模/细则/分题细则/阅卷总结/17题/17(1).docx,评分细则_分题切片,正式评分材料,已匹配正式材料,已匹配正式材料,0.6008,17,考试身份同(BJ-2024-DC-ERMO)；文件名题号{17}与本题号一致；正文定位方式=文件名限定本题号；题干块6-gram重叠0.6008(题干255字/材料段1350字)；分值文本 12；同题另一来源块状态较弱(已匹配正式材料)，已按最强状态归并
BJ-2024-DC-ERMO-Q17,BJ-2024-DC-ERMO,17,S72fd64a3dddd,2024模拟题/东城二模/细则/分题细则/阅卷总结/17题/17-2.docx,评分细则_分题切片,正式评分材料,存在候选,已匹配正式材料,0.0,,考试身份同(BJ-2024-DC-ERMO)；文件名未限定题号；未能在材料正文定位到第17题段，仅按同卷材料登记为候选；题干块6-gram重叠0.0000(题干255字/材料段0字)；分值文本 12；同题另一来源块状态较弱(存在候选)，已按最强状态归并
BJ-2024-DC-ERMO-Q17,BJ-2024-DC-ERMO,17,S4238b9f0bc92,2024模拟题/东城二模/细则/分题细则/阅卷总结/18题/18(1).docx,评分细则_分题切片,正式评分材料,已排除（文件名指向他题）,已匹配正式材料,0.0,18,考试身份同(BJ-2024-DC-ERMO)；文件名题号{18}与本题号不一致；未能在材料正文定位到第17题段，仅按同卷材料登记为候选；题干块6-gram重叠0.0000(题干255字/材料段0字)；分值文本 12；同题另一来源块状态较弱(已排除（文件名指向他题）)，已按最强状态归并
BJ-2024-DC-ERMO-Q17,BJ-2024-DC-ERMO,17,S6c445538df98,2024模拟题/东城二模/细则/分题细则/阅卷总结/18题/18（2）.docx,评分细则_分题切片,正式评分材料,已排除（文件名指向他题）,已匹配正式材料,0.0,18,考试身份同(BJ-2024-DC-ERMO)；文件名题号{18}与本题号不一致；未能在材料正文定位到第17题段，仅按同卷材料登记为候选；题干块6-gram重叠0.0000(题干255字/材料段0字)；分值文本 12；同题另一来源块状态较弱(已排除（文件名指向他题）)，已按最强状态归并
BJ-2024-DC-ERMO-Q17,BJ-2024-DC-ERMO,17,Sd682ecb2695e,2024模拟题/东城二模/细则/分题细则/阅卷总结/19题/19（1）.docx,评分细则_分题切片,正式评分材料,已排除（文件名指向他题）,已匹配正式材料,0.0,19,考试身份同(BJ-2024-DC-ERMO)；文件名题号{19}与本题号不一致；未能在材料正文定位到第17题段，仅按同卷材料登记为候选；题干块6-gram重叠0.0000(题干255字/材料段0字)；分值文本 12；同题另一来源块状态较弱(已排除（文件名指向他题）)，已按最强状态归并
BJ-2024-DC-ERMO-Q17,BJ-2024-DC-ERMO,17,S5c18cbecb82d,2024模拟题/东城二模/细则/分题细则/阅卷总结/19题/19（2）.docx,评分细则_分题切片,正式评分材料,已排除（文件名指向他题）,已匹配正式材料,0.0,19,考试身份同(BJ-2024-DC-ERMO)；文件名题号{19}与本题号不一致；未能在材料正文定位到第17题段，仅按同卷材料登记为候选；题干块6-gram重叠0.0000(题干255字/材料段0字)；分值文本 12；同题另一来源块状态较弱(已排除（文件名指向他题）)，已按最强状态归并
BJ-2024-DC-ERMO-Q17,BJ-2024-DC-ERMO,17,S4c98484a2246,2024模拟题/东城二模/细则/分题细则/阅卷总结/21题/20小题二模阅卷总结.docx,评分细则_分题切片,正式评分材料,存在候选,已匹配正式材料,0.0,,考试身份同(BJ-2024-DC-ERMO)；文件名未限定题号；未能在材料正文定位到第17题段，仅按同卷材料登记为候选；题干块6-gram重叠0.0000(题干255字/材料段0字)；分值文本 12；同题另一来源块状态较弱(存在候选)，已按最强状态归并
BJ-2024-DC-ERMO-Q17,BJ-2024-DC-ERMO,17,S9019906692e8,2024模拟题/东城二模/细则/分题细则/阅卷总结/21题/21.docx,评分细则_分题切片,正式评分材料,存在候选,已匹配正式材料,0.0,,考试身份同(BJ-2024-DC-ERMO)；文件名未限定题号；未能在材料正文定位到第17题段，仅按同卷材料登记为候选；题干块6-gram重叠0.0000(题干255字/材料段0字)；分值文本 12；同题另一来源块状态较弱(存在候选)，已按最强状态归并
BJ-2024-DC-ERMO-Q17,BJ-2024-DC-ERMO,17,Sbdc183dc9541,2024模拟题/东城二模/细则/分题细则/阅卷总结/21题/21题(1).pptx,评分细则_分题切片,正式评分材料,已排除（文件名指向他题）,已匹配正式材料,0.0,21,考试身份同(BJ-2024-DC-ERMO)；文件名题号{21}与本题号不一致；未能在材料正文定位到第17题段，仅按同卷材料登记为候选；题干块6-gram重叠0.0000(题干255字/材料段0字)；分值文本 12；同题另一来源块状态较弱(已排除（文件名指向他题）)，已按最强状态归并
BJ-2024-DC-ERMO-Q17,BJ-2024-DC-ERMO,17,S8db78abe18de,2024模拟题/东城二模/细则/补充材料/细则.pdf,评分材料,正式评分材料,存在候选,已匹配正式材料,0.0,,考试身份同(BJ-2024-DC-ERMO)；文件名未限定题号；未能在材料正文定位到第17题段，仅按同卷材料登记为候选；题干块6-gram重叠0.0000(题干255字/材料段0字)；分值文本 12；同题另一来源块状态较弱(存在候选)，已按最强状态归并
BJ-2024-DC-ERMO-Q18,BJ-2024-DC-ERMO,18,S3fe06deac367,2024模拟题/东城二模/细则/分题细则/阅卷总结/16题/16题二模阅卷总结.docx,评分细则_分题切片,正式评分材料,已排除（文件名指向他题）,存在冲突,0.0,16,考试身份同(BJ-2024-DC-ERMO)；文件名题号{16}与本题号不一致；未能在材料正文定位到第18题段，仅按同卷材料登记为候选；题干块6-gram重叠0.0000(题干427字/材料段0字)；分值文本 13；同题另一来源块状态较弱(已排除（文件名指向他题）)，已按最强状态归并
BJ-2024-DC-ERMO-Q18,BJ-2024-DC-ERMO,18,S896b0f378cbd,2024模拟题/东城二模/细则/分题细则/阅卷总结/16题/16题评分细则.pptx,评分细则_分题切片,正式评分材料,已排除（文件名指向他题）,存在冲突,0.0,16,考试身份同(BJ-2024-DC-ERMO)；文件名题号{16}与本题号不一致；未能在材料正文定位到第18题段，仅按同卷材料登记为候选；题干块6-gram重叠0.0000(题干427字/材料段0字)；分值文本 13；同题另一来源块状态较弱(已排除（文件名指向他题）)，已按最强状态归并
BJ-2024-DC-ERMO-Q18,BJ-2024-DC-ERMO,18,S47c34e3af056,2024模拟题/东城二模/细则/分题细则/阅卷总结/17题/17(1).docx,评分细则_分题切片,正式评分材料,已排除（文件名指向他题）,存在冲突,0.0,17,考试身份同(BJ-2024-DC-ERMO)；文件名题号{17}与本题号不一致；未能在材料正文定位到第18题段，仅按同卷材料登记为候选；题干块6-gram重叠0.0000(题干427字/材料段0字)；分值文本 13；同题另一来源块状态较弱(已排除（文件名指向他题）)，已按最强状态归并
BJ-2024-DC-ERMO-Q18,BJ-2024-DC-ERMO,18,S72fd64a3dddd,2024模拟题/东城二模/细则/分题细则/阅卷总结/17题/17-2.docx,评分细则_分题切片,正式评分材料,存在候选,存在冲突,0.0,,考试身份同(BJ-2024-DC-ERMO)；文件名未限定题号；未能在材料正文定位到第18题段，仅按同卷材料登记为候选；题干块6-gram重叠0.0000(题干427字/材料段0字)；分值文本 13；同题另一来源块状态较弱(存在候选)，已按最强状态归并
BJ-2024-DC-ERMO-Q18,BJ-2024-DC-ERMO,18,S4238b9f0bc92,2024模拟题/东城二模/细则/分题细则/阅卷总结/18题/18(1).docx,评分细则_分题切片,正式评分材料,已匹配正式材料,存在冲突,0.217,18,考试身份同(BJ-2024-DC-ERMO)；文件名题号{18}与本题号一致；正文定位方式=文件名限定本题号；题干块6-gram重叠0.2170(题干427字/材料段1694字)；分值文本 13；同题另一来源块状态较弱(已匹配正式材料)，已按最强状态归并
BJ-2024-DC-ERMO-Q18,BJ-2024-DC-ERMO,18,S6c445538df98,2024模拟题/东城二模/细则/分题细则/阅卷总结/18题/18（2）.docx,评分细则_分题切片,正式评分材料,已匹配正式材料,存在冲突,0.4688,18,考试身份同(BJ-2024-DC-ERMO)；文件名题号{18}与本题号一致；正文定位方式=文件名限定本题号；题干块6-gram重叠0.4688(题干427字/材料段2576字)；分值文本 13；同题另一来源块状态较弱(已匹配正式材料)，已按最强状态归并
BJ-2024-DC-ERMO-Q18,BJ-2024-DC-ERMO,18,Sd682ecb2695e,2024模拟题/东城二模/细则/分题细则/阅卷总结/19题/19（1）.docx,评分细则_分题切片,正式评分材料,已排除（文件名指向他题）,存在冲突,0.0,19,考试身份同(BJ-2024-DC-ERMO)；文件名题号{19}与本题号不一致；未能在材料正文定位到第18题段，仅按同卷材料登记为候选；题干块6-gram重叠0.0000(题干427字/材料段0字)；分值文本 13；同题另一来源块状态较弱(已排除（文件名指向他题）)，已按最强状态归并
BJ-2024-DC-ERMO-Q18,BJ-2024-DC-ERMO,18,S5c18cbecb82d,2024模拟题/东城二模/细则/分题细则/阅卷总结/19题/19（2）.docx,评分细则_分题切片,正式评分材料,已排除（文件名指向他题）,存在冲突,0.0,19,考试身份同(BJ-2024-DC-ERMO)；文件名题号{19}与本题号不一致；未能在材料正文定位到第18题段，仅按同卷材料登记为候选；题干块6-gram重叠0.0000(题干427字/材料段0字)；分值文本 13；同题另一来源块状态较弱(已排除（文件名指向他题）)，已按最强状态归并
BJ-2024-DC-ERMO-Q18,BJ-2024-DC-ERMO,18,S4c98484a2246,2024模拟题/东城二模/细则/分题细则/阅卷总结/21题/20小题二模阅卷总结.docx,评分细则_分题切片,正式评分材料,存在候选,存在冲突,0.0,,考试身份同(BJ-2024-DC-ERMO)；文件名未限定题号；未能在材料正文定位到第18题段，仅按同卷材料登记为候选；题干块6-gram重叠0.0000(题干427字/材料段0字)；分值文本 13；同题另一来源块状态较弱(存在候选)，已按最强状态归并
BJ-2024-DC-ERMO-Q18,BJ-2024-DC-ERMO,18,S9019906692e8,2024模拟题/东城二模/细则/分题细则/阅卷总结/21题/21.docx,评分细则_分题切片,正式评分材料,存在候选,存在冲突,0.0,,考试身份同(BJ-2024-DC-ERMO)；文件名未限定题号；未能在材料正文定位到第18题段，仅按同卷材料登记为候选；题干块6-gram重叠0.0000(题干427字/材料段0字)；分值文本 13；同题另一来源块状态较弱(存在候选)，已按最强状态归并
BJ-2024-DC-ERMO-Q18,BJ-2024-DC-ERMO,18,Sbdc183dc9541,2024模拟题/东城二模/细则/分题细则/阅卷总结/21题/21题(1).pptx,评分细则_分题切片,正式评分材料,已排除（文件名指向他题）,存在冲突,0.0,21,考试身份同(BJ-2024-DC-ERMO)；文件名题号{21}与本题号不一致；未能在材料正文定位到第18题段，仅按同卷材料登记为候选；题干块6-gram重叠0.0000(题干427字/材料段0字)；分值文本 13；同题另一来源块状态较弱(已排除（文件名指向他题）)，已按最强状态归并
BJ-2024-DC-ERMO-Q18,BJ-2024-DC-ERMO,18,S8db78abe18de,2024模拟题/东城二模/细则/补充材料/细则.pdf,评分材料,正式评分材料,存在候选,存在冲突,0.0,,考试身份同(BJ-2024-DC-ERMO)；文件名未限定题号；未能在材料正文定位到第18题段，仅按同卷材料登记为候选；题干块6-gram重叠0.0000(题干427字/材料段0字)；分值文本 13；同题另一来源块状态较弱(存在候选)，已按最强状态归并
BJ-2024-DC-ERMO-Q19,BJ-2024-DC-ERMO,19,S3fe06deac367,2024模拟题/东城二模/细则/分题细则/阅卷总结/16题/16题二模阅卷总结.docx,评分细则_分题切片,正式评分材料,已排除（文件名指向他题）,存在冲突,0.0,16,考试身份同(BJ-2024-DC-ERMO)；文件名题号{16}与本题号不一致；未能在材料正文定位到第19题段，仅按同卷材料登记为候选；题干块6-gram重叠0.0000(题干398字/材料段0字)；分值文本 9；同题另一来源块状态较弱(已排除（文件名指向他题）)，已按最强状态归并
BJ-2024-DC-ERMO-Q19,BJ-2024-DC-ERMO,19,S896b0f378cbd,2024模拟题/东城二模/细则/分题细则/阅卷总结/16题/16题评分细则.pptx,评分细则_分题切片,正式评分材料,已排除（文件名指向他题）,存在冲突,0.0,16,考试身份同(BJ-2024-DC-ERMO)；文件名题号{16}与本题号不一致；未能在材料正文定位到第19题段，仅按同卷材料登记为候选；题干块6-gram重叠0.0000(题干398字/材料段0字)；分值文本 9；同题另一来源块状态较弱(已排除（文件名指向他题）)，已按最强状态归并
BJ-2024-DC-ERMO-Q19,BJ-2024-DC-ERMO,19,S47c34e3af056,2024模拟题/东城二模/细则/分题细则/阅卷总结/17题/17(1).docx,评分细则_分题切片,正式评分材料,已排除（文件名指向他题）,存在冲突,0.0,17,考试身份同(BJ-2024-DC-ERMO)；文件名题号{17}与本题号不一致；未能在材料正文定位到第19题段，仅按同卷材料登记为候选；题干块6-gram重叠0.0000(题干398字/材料段0字)；分值文本 9；同题另一来源块状态较弱(已排除（文件名指向他题）)，已按最强状态归并
BJ-2024-DC-ERMO-Q19,BJ-2024-DC-ERMO,19,S72fd64a3dddd,2024模拟题/东城二模/细则/分题细则/阅卷总结/17题/17-2.docx,评分细则_分题切片,正式评分材料,存在候选,存在冲突,0.0,,考试身份同(BJ-2024-DC-ERMO)；文件名未限定题号；未能在材料正文定位到第19题段，仅按同卷材料登记为候选；题干块6-gram重叠0.0000(题干398字/材料段0字)；分值文本 9；同题另一来源块状态较弱(存在候选)，已按最强状态归并
BJ-2024-DC-ERMO-Q19,BJ-2024-DC-ERMO,19,S4238b9f0bc92,2024模拟题/东城二模/细则/分题细则/阅卷总结/18题/18(1).docx,评分细则_分题切片,正式评分材料,已排除（文件名指向他题）,存在冲突,0.0,18,考试身份同(BJ-2024-DC-ERMO)；文件名题号{18}与本题号不一致；未能在材料正文定位到第19题段，仅按同卷材料登记为候选；题干块6-gram重叠0.0000(题干398字/材料段0字)；分值文本 9；同题另一来源块状态较弱(已排除（文件名指向他题）)，已按最强状态归并
BJ-2024-DC-ERMO-Q19,BJ-2024-DC-ERMO,19,S6c445538df98,2024模拟题/东城二模/细则/分题细则/阅卷总结/18题/18（2）.docx,评分细则_分题切片,正式评分材料,已排除（文件名指向他题）,存在冲突,0.0,18,考试身份同(BJ-2024-DC-ERMO)；文件名题号{18}与本题号不一致；未能在材料正文定位到第19题段，仅按同卷材料登记为候选；题干块6-gram重叠0.0000(题干398字/材料段0字)；分值文本 9；同题另一来源块状态较弱(已排除（文件名指向他题）)，已按最强状态归并
BJ-2024-DC-ERMO-Q19,BJ-2024-DC-ERMO,19,Sd682ecb2695e,2024模拟题/东城二模/细则/分题细则/阅卷总结/19题/19（1）.docx,评分细则_分题切片,正式评分材料,已匹配正式材料,存在冲突,0.708,19,考试身份同(BJ-2024-DC-ERMO)；文件名题号{19}与本题号一致；正文定位方式=文件名限定本题号；题干块6-gram重叠0.7080(题干398字/材料段2158字)；分值文本 9；同题另一来源块状态较弱(已匹配正式材料)，已按最强状态归并
BJ-2024-DC-ERMO-Q19,BJ-2024-DC-ERMO,19,S5c18cbecb82d,2024模拟题/东城二模/细则/分题细则/阅卷总结/19题/19（2）.docx,评分细则_分题切片,正式评分材料,已匹配正式材料,存在冲突,0.1019,19,考试身份同(BJ-2024-DC-ERMO)；文件名题号{19}与本题号一致；正文定位方式=文件名限定本题号；题干块6-gram重叠0.1019(题干398字/材料段1111字)；分值文本 9；同题另一来源块状态较弱(存在候选)，已按最强状态归并
BJ-2024-DC-ERMO-Q19,BJ-2024-DC-ERMO,19,S4c98484a2246,2024模拟题/东城二模/细则/分题细则/阅卷总结/21题/20小题二模阅卷总结.docx,评分细则_分题切片,正式评分材料,存在候选,存在冲突,0.0,,考试身份同(BJ-2024-DC-ERMO)；文件名未限定题号；未能在材料正文定位到第19题段，仅按同卷材料登记为候选；题干块6-gram重叠0.0000(题干398字/材料段0字)；分值文本 9；同题另一来源块状态较弱(存在候选)，已按最强状态归并
BJ-2024-DC-ERMO-Q19,BJ-2024-DC-ERMO,19,S9019906692e8,2024模拟题/东城二模/细则/分题细则/阅卷总结/21题/21.docx,评分细则_分题切片,正式评分材料,存在候选,存在冲突,0.0,,考试身份同(BJ-2024-DC-ERMO)；文件名未限定题号；未能在材料正文定位到第19题段，仅按同卷材料登记为候选；题干块6-gram重叠0.0000(题干398字/材料段0字)；分值文本 9；同题另一来源块状态较弱(存在候选)，已按最强状态归并
BJ-2024-DC-ERMO-Q19,BJ-2024-DC-ERMO,19,Sbdc183dc9541,2024模拟题/东城二模/细则/分题细则/阅卷总结/21题/21题(1).pptx,评分细则_分题切片,正式评分材料,已排除（文件名指向他题）,存在冲突,0.0,21,考试身份同(BJ-2024-DC-ERMO)；文件名题号{21}与本题号不一致；未能在材料正文定位到第19题段，仅按同卷材料登记为候选；题干块6-gram重叠0.0000(题干398字/材料段0字)；分值文本 9；同题另一来源块状态较弱(已排除（文件名指向他题）)，已按最强状态归并
BJ-2024-DC-ERMO-Q19,BJ-2024-DC-ERMO,19,S8db78abe18de,2024模拟题/东城二模/细则/补充材料/细则.pdf,评分材料,正式评分材料,存在候选,存在冲突,0.0,,考试身份同(BJ-2024-DC-ERMO)；文件名未限定题号；未能在材料正文定位到第19题段，仅按同卷材料登记为候选；题干块6-gram重叠0.0000(题干398字/材料段0字)；分值文本 9；同题另一来源块状态较弱(存在候选)，已按最强状态归并
BJ-2024-DC-ERMO-Q20,BJ-2024-DC-ERMO,20,S3fe06deac367,2024模拟题/东城二模/细则/分题细则/阅卷总结/16题/16题二模阅卷总结.docx,评分细则_分题切片,正式评分材料,已排除（文件名指向他题）,存在候选,0.0,16,考试身份同(BJ-2024-DC-ERMO)；文件名题号{16}与本题号不一致；未能在材料正文定位到第20题段，仅按同卷材料登记为候选；题干块6-gram重叠0.0000(题干241字/材料段0字)；分值文本 7；同题另一来源块状态较弱(已排除（文件名指向他题）)，已按最强状态归并
BJ-2024-DC-ERMO-Q20,BJ-2024-DC-ERMO,20,S896b0f378cbd,2024模拟题/东城二模/细则/分题细则/阅卷总结/16题/16题评分细则.pptx,评分细则_分题切片,正式评分材料,已排除（文件名指向他题）,存在候选,0.0,16,考试身份同(BJ-2024-DC-ERMO)；文件名题号{16}与本题号不一致；未能在材料正文定位到第20题段，仅按同卷材料登记为候选；题干块6-gram重叠0.0000(题干241字/材料段0字)；分值文本 7；同题另一来源块状态较弱(已排除（文件名指向他题）)，已按最强状态归并
BJ-2024-DC-ERMO-Q20,BJ-2024-DC-ERMO,20,S47c34e3af056,2024模拟题/东城二模/细则/分题细则/阅卷总结/17题/17(1).docx,评分细则_分题切片,正式评分材料,已排除（文件名指向他题）,存在候选,0.0,17,考试身份同(BJ-2024-DC-ERMO)；文件名题号{17}与本题号不一致；未能在材料正文定位到第20题段，仅按同卷材料登记为候选；题干块6-gram重叠0.0000(题干241字/材料段0字)；分值文本 7；同题另一来源块状态较弱(已排除（文件名指向他题）)，已按最强状态归并
BJ-2024-DC-ERMO-Q20,BJ-2024-DC-ERMO,20,S72fd64a3dddd,2024模拟题/东城二模/细则/分题细则/阅卷总结/17题/17-2.docx,评分细则_分题切片,正式评分材料,存在候选,存在候选,0.0,,考试身份同(BJ-2024-DC-ERMO)；文件名未限定题号；未能在材料正文定位到第20题段，仅按同卷材料登记为候选；题干块6-gram重叠0.0000(题干241字/材料段0字)；分值文本 7；同题另一来源块状态较弱(存在候选)，已按最强状态归并
BJ-2024-DC-ERMO-Q20,BJ-2024-DC-ERMO,20,S4238b9f0bc92,2024模拟题/东城二模/细则/分题细则/阅卷总结/18题/18(1).docx,评分细则_分题切片,正式评分材料,已排除（文件名指向他题）,存在候选,0.0,18,考试身份同(BJ-2024-DC-ERMO)；文件名题号{18}与本题号不一致；未能在材料正文定位到第20题段，仅按同卷材料登记为候选；题干块6-gram重叠0.0000(题干241字/材料段0字)；分值文本 7；同题另一来源块状态较弱(已排除（文件名指向他题）)，已按最强状态归并
BJ-2024-DC-ERMO-Q20,BJ-2024-DC-ERMO,20,S6c445538df98,2024模拟题/东城二模/细则/分题细则/阅卷总结/18题/18（2）.docx,评分细则_分题切片,正式评分材料,已排除（文件名指向他题）,存在候选,0.0,18,考试身份同(BJ-2024-DC-ERMO)；文件名题号{18}与本题号不一致；未能在材料正文定位到第20题段，仅按同卷材料登记为候选；题干块6-gram重叠0.0000(题干241字/材料段0字)；分值文本 7；同题另一来源块状态较弱(已排除（文件名指向他题）)，已按最强状态归并
BJ-2024-DC-ERMO-Q20,BJ-2024-DC-ERMO,20,Sd682ecb2695e,2024模拟题/东城二模/细则/分题细则/阅卷总结/19题/19（1）.docx,评分细则_分题切片,正式评分材料,已排除（文件名指向他题）,存在候选,0.0,19,考试身份同(BJ-2024-DC-ERMO)；文件名题号{19}与本题号不一致；未能在材料正文定位到第20题段，仅按同卷材料登记为候选；题干块6-gram重叠0.0000(题干241字/材料段0字)；分值文本 7；同题另一来源块状态较弱(已排除（文件名指向他题）)，已按最强状态归并
BJ-2024-DC-ERMO-Q20,BJ-2024-DC-ERMO,20,S5c18cbecb82d,2024模拟题/东城二模/细则/分题细则/阅卷总结/19题/19（2）.docx,评分细则_分题切片,正式评分材料,已排除（文件名指向他题）,存在候选,0.0,19,考试身份同(BJ-2024-DC-ERMO)；文件名题号{19}与本题号不一致；未能在材料正文定位到第20题段，仅按同卷材料登记为候选；题干块6-gram重叠0.0000(题干241字/材料段0字)；分值文本 7；同题另一来源块状态较弱(已排除（文件名指向他题）)，已按最强状态归并
BJ-2024-DC-ERMO-Q20,BJ-2024-DC-ERMO,20,S4c98484a2246,2024模拟题/东城二模/细则/分题细则/阅卷总结/21题/20小题二模阅卷总结.docx,评分细则_分题切片,正式评分材料,存在候选,存在候选,0.0,,考试身份同(BJ-2024-DC-ERMO)；文件名未限定题号；未能在材料正文定位到第20题段，仅按同卷材料登记为候选；题干块6-gram重叠0.0000(题干241字/材料段0字)；分值文本 7；同题另一来源块状态较弱(存在候选)，已按最强状态归并
BJ-2024-DC-ERMO-Q20,BJ-2024-DC-ERMO,20,S9019906692e8,2024模拟题/东城二模/细则/分题细则/阅卷总结/21题/21.docx,评分细则_分题切片,正式评分材料,存在候选,存在候选,0.0,,考试身份同(BJ-2024-DC-ERMO)；文件名未限定题号；未能在材料正文定位到第20题段，仅按同卷材料登记为候选；题干块6-gram重叠0.0000(题干241字/材料段0字)；分值文本 7；同题另一来源块状态较弱(存在候选)，已按最强状态归并
BJ-2024-DC-ERMO-Q20,BJ-2024-DC-ERMO,20,Sbdc183dc9541,2024模拟题/东城二模/细则/分题细则/阅卷总结/21题/21题(1).pptx,评分细则_分题切片,正式评分材料,已排除（文件名指向他题）,存在候选,0.0,21,考试身份同(BJ-2024-DC-ERMO)；文件名题号{21}与本题号不一致；未能在材料正文定位到第20题段，仅按同卷材料登记为候选；题干块6-gram重叠0.0000(题干241字/材料段0字)；分值文本 7；同题另一来源块状态较弱(已排除（文件名指向他题）)，已按最强状态归并
BJ-2024-DC-ERMO-Q20,BJ-2024-DC-ERMO,20,S8db78abe18de,2024模拟题/东城二模/细则/补充材料/细则.pdf,评分材料,正式评分材料,存在候选,存在候选,0.0,,考试身份同(BJ-2024-DC-ERMO)；文件名未限定题号；未能在材料正文定位到第20题段，仅按同卷材料登记为候选；题干块6-gram重叠0.0000(题干241字/材料段0字)；分值文本 7；同题另一来源块状态较弱(存在候选)，已按最强状态归并
BJ-2024-DC-ERMO-Q21,BJ-2024-DC-ERMO,21,S3fe06deac367,2024模拟题/东城二模/细则/分题细则/阅卷总结/16题/16题二模阅卷总结.docx,评分细则_分题切片,正式评分材料,已排除（文件名指向他题）,已匹配正式材料,0.0,16,考试身份同(BJ-2024-DC-ERMO)；文件名题号{16}与本题号不一致；未能在材料正文定位到第21题段，仅按同卷材料登记为候选；题干块6-gram重叠0.0000(题干281字/材料段0字)；分值文本 7；同题另一来源块状态较弱(已排除（文件名指向他题）)，已按最强状态归并
BJ-2024-DC-ERMO-Q21,BJ-2024-DC-ERMO,21,S896b0f378cbd,2024模拟题/东城二模/细则/分题细则/阅卷总结/16题/16题评分细则.pptx,评分细则_分题切片,正式评分材料,已排除（文件名指向他题）,已匹配正式材料,0.0,16,考试身份同(BJ-2024-DC-ERMO)；文件名题号{16}与本题号不一致；未能在材料正文定位到第21题段，仅按同卷材料登记为候选；题干块6-gram重叠0.0000(题干281字/材料段0字)；分值文本 7；同题另一来源块状态较弱(已排除（文件名指向他题）)，已按最强状态归并
BJ-2024-DC-ERMO-Q21,BJ-2024-DC-ERMO,21,S47c34e3af056,2024模拟题/东城二模/细则/分题细则/阅卷总结/17题/17(1).docx,评分细则_分题切片,正式评分材料,已排除（文件名指向他题）,已匹配正式材料,0.0,17,考试身份同(BJ-2024-DC-ERMO)；文件名题号{17}与本题号不一致；未能在材料正文定位到第21题段，仅按同卷材料登记为候选；题干块6-gram重叠0.0000(题干281字/材料段0字)；分值文本 7；同题另一来源块状态较弱(已排除（文件名指向他题）)，已按最强状态归并
BJ-2024-DC-ERMO-Q21,BJ-2024-DC-ERMO,21,S72fd64a3dddd,2024模拟题/东城二模/细则/分题细则/阅卷总结/17题/17-2.docx,评分细则_分题切片,正式评分材料,存在候选,已匹配正式材料,0.0,,考试身份同(BJ-2024-DC-ERMO)；文件名未限定题号；未能在材料正文定位到第21题段，仅按同卷材料登记为候选；题干块6-gram重叠0.0000(题干281字/材料段0字)；分值文本 7；同题另一来源块状态较弱(存在候选)，已按最强状态归并
BJ-2024-DC-ERMO-Q21,BJ-2024-DC-ERMO,21,S4238b9f0bc92,2024模拟题/东城二模/细则/分题细则/阅卷总结/18题/18(1).docx,评分细则_分题切片,正式评分材料,已排除（文件名指向他题）,已匹配正式材料,0.0,18,考试身份同(BJ-2024-DC-ERMO)；文件名题号{18}与本题号不一致；未能在材料正文定位到第21题段，仅按同卷材料登记为候选；题干块6-gram重叠0.0000(题干281字/材料段0字)；分值文本 7；同题另一来源块状态较弱(已排除（文件名指向他题）)，已按最强状态归并
BJ-2024-DC-ERMO-Q21,BJ-2024-DC-ERMO,21,S6c445538df98,2024模拟题/东城二模/细则/分题细则/阅卷总结/18题/18（2）.docx,评分细则_分题切片,正式评分材料,已排除（文件名指向他题）,已匹配正式材料,0.0,18,考试身份同(BJ-2024-DC-ERMO)；文件名题号{18}与本题号不一致；未能在材料正文定位到第21题段，仅按同卷材料登记为候选；题干块6-gram重叠0.0000(题干281字/材料段0字)；分值文本 7；同题另一来源块状态较弱(已排除（文件名指向他题）)，已按最强状态归并
BJ-2024-DC-ERMO-Q21,BJ-2024-DC-ERMO,21,Sd682ecb2695e,2024模拟题/东城二模/细则/分题细则/阅卷总结/19题/19（1）.docx,评分细则_分题切片,正式评分材料,已排除（文件名指向他题）,已匹配正式材料,0.0,19,考试身份同(BJ-2024-DC-ERMO)；文件名题号{19}与本题号不一致；未能在材料正文定位到第21题段，仅按同卷材料登记为候选；题干块6-gram重叠0.0000(题干281字/材料段0字)；分值文本 7；同题另一来源块状态较弱(已排除（文件名指向他题）)，已按最强状态归并
BJ-2024-DC-ERMO-Q21,BJ-2024-DC-ERMO,21,S5c18cbecb82d,2024模拟题/东城二模/细则/分题细则/阅卷总结/19题/19（2）.docx,评分细则_分题切片,正式评分材料,已排除（文件名指向他题）,已匹配正式材料,0.0,19,考试身份同(BJ-2024-DC-ERMO)；文件名题号{19}与本题号不一致；未能在材料正文定位到第21题段，仅按同卷材料登记为候选；题干块6-gram重叠0.0000(题干281字/材料段0字)；分值文本 7；同题另一来源块状态较弱(已排除（文件名指向他题）)，已按最强状态归并
BJ-2024-DC-ERMO-Q21,BJ-2024-DC-ERMO,21,S4c98484a2246,2024模拟题/东城二模/细则/分题细则/阅卷总结/21题/20小题二模阅卷总结.docx,评分细则_分题切片,正式评分材料,存在候选,已匹配正式材料,0.0,,考试身份同(BJ-2024-DC-ERMO)；文件名未限定题号；未能在材料正文定位到第21题段，仅按同卷材料登记为候选；题干块6-gram重叠0.0000(题干281字/材料段0字)；分值文本 7；同题另一来源块状态较弱(存在候选)，已按最强状态归并
BJ-2024-DC-ERMO-Q21,BJ-2024-DC-ERMO,21,S9019906692e8,2024模拟题/东城二模/细则/分题细则/阅卷总结/21题/21.docx,评分细则_分题切片,正式评分材料,存在候选,已匹配正式材料,0.0,,考试身份同(BJ-2024-DC-ERMO)；文件名未限定题号；未能在材料正文定位到第21题段，仅按同卷材料登记为候选；题干块6-gram重叠0.0000(题干281字/材料段0字)；分值文本 7；同题另一来源块状态较弱(存在候选)，已按最强状态归并
BJ-2024-DC-ERMO-Q21,BJ-2024-DC-ERMO,21,Sbdc183dc9541,2024模拟题/东城二模/细则/分题细则/阅卷总结/21题/21题(1).pptx,评分细则_分题切片,正式评分材料,已匹配正式材料,已匹配正式材料,0.0876,21,考试身份同(BJ-2024-DC-ERMO)；文件名题号{21}与本题号一致；正文定位方式=文件名限定本题号；题干块6-gram重叠0.0876(题干281字/材料段1975字)；分值文本 7；同题另一来源块状态较弱(已匹配正式材料)，已按最强状态归并
BJ-2024-DC-ERMO-Q21,BJ-2024-DC-ERMO,21,S8db78abe18de,2024模拟题/东城二模/细则/补充材料/细则.pdf,评分材料,正式评分材料,存在候选,已匹配正式材料,0.0,,考试身份同(BJ-2024-DC-ERMO)；文件名未限定题号；未能在材料正文定位到第21题段，仅按同卷材料登记为候选；题干块6-gram重叠0.0000(题干281字/材料段0字)；分值文本 7；同题另一来源块状态较弱(存在候选)，已按最强状态归并
BJ-2024-DC-ERMO-Q4,BJ-2024-DC-ERMO,4,S3fe06deac367,2024模拟题/东城二模/细则/分题细则/阅卷总结/16题/16题二模阅卷总结.docx,评分细则_分题切片,正式评分材料,已排除（文件名指向他题）,存在候选,0.0,16,考试身份同(BJ-2024-DC-ERMO)；文件名题号{16}与本题号不一致；未能在材料正文定位到第4题段，仅按同卷材料登记为候选；题干块6-gram重叠0.0000(题干302字/材料段0字)；同题另一来源块状态较弱(已排除（文件名指向他题）)，已按最强状态归并
BJ-2024-DC-ERMO-Q4,BJ-2024-DC-ERMO,4,S896b0f378cbd,2024模拟题/东城二模/细则/分题细则/阅卷总结/16题/16题评分细则.pptx,评分细则_分题切片,正式评分材料,已排除（文件名指向他题）,存在候选,0.0,16,考试身份同(BJ-2024-DC-ERMO)；文件名题号{16}与本题号不一致；未能在材料正文定位到第4题段，仅按同卷材料登记为候选；题干块6-gram重叠0.0000(题干302字/材料段0字)；同题另一来源块状态较弱(已排除（文件名指向他题）)，已按最强状态归并
BJ-2024-DC-ERMO-Q4,BJ-2024-DC-ERMO,4,S47c34e3af056,2024模拟题/东城二模/细则/分题细则/阅卷总结/17题/17(1).docx,评分细则_分题切片,正式评分材料,已排除（文件名指向他题）,存在候选,0.0,17,考试身份同(BJ-2024-DC-ERMO)；文件名题号{17}与本题号不一致；未能在材料正文定位到第4题段，仅按同卷材料登记为候选；题干块6-gram重叠0.0000(题干302字/材料段0字)；同题另一来源块状态较弱(已排除（文件名指向他题）)，已按最强状态归并
BJ-2024-DC-ERMO-Q4,BJ-2024-DC-ERMO,4,S72fd64a3dddd,2024模拟题/东城二模/细则/分题细则/阅卷总结/17题/17-2.docx,评分细则_分题切片,正式评分材料,存在候选,存在候选,0.0,,考试身份同(BJ-2024-DC-ERMO)；文件名未限定题号；未能在材料正文定位到第4题段，仅按同卷材料登记为候选；题干块6-gram重叠0.0000(题干302字/材料段0字)；同题另一来源块状态较弱(存在候选)，已按最强状态归并
BJ-2024-DC-ERMO-Q4,BJ-2024-DC-ERMO,4,S4238b9f0bc92,2024模拟题/东城二模/细则/分题细则/阅卷总结/18题/18(1).docx,评分细则_分题切片,正式评分材料,已排除（文件名指向他题）,存在候选,0.0,18,考试身份同(BJ-2024-DC-ERMO)；文件名题号{18}与本题号不一致；未能在材料正文定位到第4题段，仅按同卷材料登记为候选；题干块6-gram重叠0.0000(题干302字/材料段0字)；同题另一来源块状态较弱(已排除（文件名指向他题）)，已按最强状态归并
BJ-2024-DC-ERMO-Q4,BJ-2024-DC-ERMO,4,S6c445538df98,2024模拟题/东城二模/细则/分题细则/阅卷总结/18题/18（2）.docx,评分细则_分题切片,正式评分材料,已排除（文件名指向他题）,存在候选,0.0,18,考试身份同(BJ-2024-DC-ERMO)；文件名题号{18}与本题号不一致；未能在材料正文定位到第4题段，仅按同卷材料登记为候选；题干块6-gram重叠0.0000(题干302字/材料段0字)；同题另一来源块状态较弱(已排除（文件名指向他题）)，已按最强状态归并
BJ-2024-DC-ERMO-Q4,BJ-2024-DC-ERMO,4,Sd682ecb2695e,2024模拟题/东城二模/细则/分题细则/阅卷总结/19题/19（1）.docx,评分细则_分题切片,正式评分材料,已排除（文件名指向他题）,存在候选,0.0,19,考试身份同(BJ-2024-DC-ERMO)；文件名题号{19}与本题号不一致；未能在材料正文定位到第4题段，仅按同卷材料登记为候选；题干块6-gram重叠0.0000(题干302字/材料段0字)；同题另一来源块状态较弱(已排除（文件名指向他题）)，已按最强状态归并
BJ-2024-DC-ERMO-Q4,BJ-2024-DC-ERMO,4,S5c18cbecb82d,2024模拟题/东城二模/细则/分题细则/阅卷总结/19题/19（2）.docx,评分细则_分题切片,正式评分材料,已排除（文件名指向他题）,存在候选,0.0,19,考试身份同(BJ-2024-DC-ERMO)；文件名题号{19}与本题号不一致；未能在材料正文定位到第4题段，仅按同卷材料登记为候选；题干块6-gram重叠0.0000(题干302字/材料段0字)；同题另一来源块状态较弱(已排除（文件名指向他题）)，已按最强状态归并
BJ-2024-DC-ERMO-Q4,BJ-2024-DC-ERMO,4,S4c98484a2246,2024模拟题/东城二模/细则/分题细则/阅卷总结/21题/20小题二模阅卷总结.docx,评分细则_分题切片,正式评分材料,存在候选,存在候选,0.0,,考试身份同(BJ-2024-DC-ERMO)；文件名未限定题号；未能在材料正文定位到第4题段，仅按同卷材料登记为候选；题干块6-gram重叠0.0000(题干302字/材料段0字)；同题另一来源块状态较弱(存在候选)，已按最强状态归并
BJ-2024-DC-ERMO-Q4,BJ-2024-DC-ERMO,4,S9019906692e8,2024模拟题/东城二模/细则/分题细则/阅卷总结/21题/21.docx,评分细则_分题切片,正式评分材料,存在候选,存在候选,0.0,,考试身份同(BJ-2024-DC-ERMO)；文件名未限定题号；未能在材料正文定位到第4题段，仅按同卷材料登记为候选；题干块6-gram重叠0.0000(题干302字/材料段0字)；同题另一来源块状态较弱(存在候选)，已按最强状态归并
BJ-2024-DC-ERMO-Q4,BJ-2024-DC-ERMO,4,Sbdc183dc9541,2024模拟题/东城二模/细则/分题细则/阅卷总结/21题/21题(1).pptx,评分细则_分题切片,正式评分材料,已排除（文件名指向他题）,存在候选,0.0,21,考试身份同(BJ-2024-DC-ERMO)；文件名题号{21}与本题号不一致；未能在材料正文定位到第4题段，仅按同卷材料登记为候选；题干块6-gram重叠0.0000(题干302字/材料段0字)；同题另一来源块状态较弱(已排除（文件名指向他题）)，已按最强状态归并
BJ-2024-DC-ERMO-Q4,BJ-2024-DC-ERMO,4,S8db78abe18de,2024模拟题/东城二模/细则/补充材料/细则.pdf,评分材料,正式评分材料,存在候选,存在候选,0.0,,考试身份同(BJ-2024-DC-ERMO)；文件名未限定题号；未能在材料正文定位到第4题段，仅按同卷材料登记为候选；题干块6-gram重叠0.0000(题干302字/材料段0字)；同题另一来源块状态较弱(存在候选)，已按最强状态归并
BJ-2024-DC-ERMO-Q5,BJ-2024-DC-ERMO,5,S3fe06deac367,2024模拟题/东城二模/细则/分题细则/阅卷总结/16题/16题二模阅卷总结.docx,评分细则_分题切片,正式评分材料,已排除（文件名指向他题）,存在候选,0.0,16,考试身份同(BJ-2024-DC-ERMO)；文件名题号{16}与本题号不一致；未能在材料正文定位到第5题段，仅按同卷材料登记为候选；题干块6-gram重叠0.0000(题干305字/材料段0字)
BJ-2024-DC-ERMO-Q5,BJ-2024-DC-ERMO,5,S896b0f378cbd,2024模拟题/东城二模/细则/分题细则/阅卷总结/16题/16题评分细则.pptx,评分细则_分题切片,正式评分材料,已排除（文件名指向他题）,存在候选,0.0,16,考试身份同(BJ-2024-DC-ERMO)；文件名题号{16}与本题号不一致；未能在材料正文定位到第5题段，仅按同卷材料登记为候选；题干块6-gram重叠0.0000(题干305字/材料段0字)
BJ-2024-DC-ERMO-Q5,BJ-2024-DC-ERMO,5,S47c34e3af056,2024模拟题/东城二模/细则/分题细则/阅卷总结/17题/17(1).docx,评分细则_分题切片,正式评分材料,已排除（文件名指向他题）,存在候选,0.0,17,考试身份同(BJ-2024-DC-ERMO)；文件名题号{17}与本题号不一致；未能在材料正文定位到第5题段，仅按同卷材料登记为候选；题干块6-gram重叠0.0000(题干305字/材料段0字)
BJ-2024-DC-ERMO-Q5,BJ-2024-DC-ERMO,5,S72fd64a3dddd,2024模拟题/东城二模/细则/分题细则/阅卷总结/17题/17-2.docx,评分细则_分题切片,正式评分材料,存在候选,存在候选,0.0,,考试身份同(BJ-2024-DC-ERMO)；文件名未限定题号；未能在材料正文定位到第5题段，仅按同卷材料登记为候选；题干块6-gram重叠0.0000(题干305字/材料段0字)
BJ-2024-DC-ERMO-Q5,BJ-2024-DC-ERMO,5,S4238b9f0bc92,2024模拟题/东城二模/细则/分题细则/阅卷总结/18题/18(1).docx,评分细则_分题切片,正式评分材料,已排除（文件名指向他题）,存在候选,0.0,18,考试身份同(BJ-2024-DC-ERMO)；文件名题号{18}与本题号不一致；未能在材料正文定位到第5题段，仅按同卷材料登记为候选；题干块6-gram重叠0.0000(题干305字/材料段0字)
BJ-2024-DC-ERMO-Q5,BJ-2024-DC-ERMO,5,S6c445538df98,2024模拟题/东城二模/细则/分题细则/阅卷总结/18题/18（2）.docx,评分细则_分题切片,正式评分材料,已排除（文件名指向他题）,存在候选,0.0,18,考试身份同(BJ-2024-DC-ERMO)；文件名题号{18}与本题号不一致；未能在材料正文定位到第5题段，仅按同卷材料登记为候选；题干块6-gram重叠0.0000(题干305字/材料段0字)
BJ-2024-DC-ERMO-Q5,BJ-2024-DC-ERMO,5,Sd682ecb2695e,2024模拟题/东城二模/细则/分题细则/阅卷总结/19题/19（1）.docx,评分细则_分题切片,正式评分材料,已排除（文件名指向他题）,存在候选,0.0,19,考试身份同(BJ-2024-DC-ERMO)；文件名题号{19}与本题号不一致；未能在材料正文定位到第5题段，仅按同卷材料登记为候选；题干块6-gram重叠0.0000(题干305字/材料段0字)
BJ-2024-DC-ERMO-Q5,BJ-2024-DC-ERMO,5,S5c18cbecb82d,2024模拟题/东城二模/细则/分题细则/阅卷总结/19题/19（2）.docx,评分细则_分题切片,正式评分材料,已排除（文件名指向他题）,存在候选,0.0,19,考试身份同(BJ-2024-DC-ERMO)；文件名题号{19}与本题号不一致；未能在材料正文定位到第5题段，仅按同卷材料登记为候选；题干块6-gram重叠0.0000(题干305字/材料段0字)
BJ-2024-DC-ERMO-Q5,BJ-2024-DC-ERMO,5,S4c98484a2246,2024模拟题/东城二模/细则/分题细则/阅卷总结/21题/20小题二模阅卷总结.docx,评分细则_分题切片,正式评分材料,存在候选,存在候选,0.0,,考试身份同(BJ-2024-DC-ERMO)；文件名未限定题号；未能在材料正文定位到第5题段，仅按同卷材料登记为候选；题干块6-gram重叠0.0000(题干305字/材料段0字)
BJ-2024-DC-ERMO-Q5,BJ-2024-DC-ERMO,5,S9019906692e8,2024模拟题/东城二模/细则/分题细则/阅卷总结/21题/21.docx,评分细则_分题切片,正式评分材料,存在候选,存在候选,0.0,,考试身份同(BJ-2024-DC-ERMO)；文件名未限定题号；未能在材料正文定位到第5题段，仅按同卷材料登记为候选；题干块6-gram重叠0.0000(题干305字/材料段0字)
BJ-2024-DC-ERMO-Q5,BJ-2024-DC-ERMO,5,Sbdc183dc9541,2024模拟题/东城二模/细则/分题细则/阅卷总结/21题/21题(1).pptx,评分细则_分题切片,正式评分材料,已排除（文件名指向他题）,存在候选,0.0,21,考试身份同(BJ-2024-DC-ERMO)；文件名题号{21}与本题号不一致；未能在材料正文定位到第5题段，仅按同卷材料登记为候选；题干块6-gram重叠0.0000(题干305字/材料段0字)
BJ-2024-DC-ERMO-Q5,BJ-2024-DC-ERMO,5,S8db78abe18de,2024模拟题/东城二模/细则/补充材料/细则.pdf,评分材料,正式评分材料,存在候选,存在候选,0.0,,考试身份同(BJ-2024-DC-ERMO)；文件名未限定题号；未能在材料正文定位到第5题段，仅按同卷材料登记为候选；题干块6-gram重叠0.0000(题干305字/材料段0字)
BJ-2024-DC-ERMO-Q6,BJ-2024-DC-ERMO,6,S3fe06deac367,2024模拟题/东城二模/细则/分题细则/阅卷总结/16题/16题二模阅卷总结.docx,评分细则_分题切片,正式评分材料,已排除（文件名指向他题）,存在候选,0.0,16,考试身份同(BJ-2024-DC-ERMO)；文件名题号{16}与本题号不一致；未能在材料正文定位到第6题段，仅按同卷材料登记为候选；题干块6-gram重叠0.0000(题干221字/材料段0字)
BJ-2024-DC-ERMO-Q6,BJ-2024-DC-ERMO,6,S896b0f378cbd,2024模拟题/东城二模/细则/分题细则/阅卷总结/16题/16题评分细则.pptx,评分细则_分题切片,正式评分材料,已排除（文件名指向他题）,存在候选,0.0,16,考试身份同(BJ-2024-DC-ERMO)；文件名题号{16}与本题号不一致；未能在材料正文定位到第6题段，仅按同卷材料登记为候选；题干块6-gram重叠0.0000(题干221字/材料段0字)
BJ-2024-DC-ERMO-Q6,BJ-2024-DC-ERMO,6,S47c34e3af056,2024模拟题/东城二模/细则/分题细则/阅卷总结/17题/17(1).docx,评分细则_分题切片,正式评分材料,已排除（文件名指向他题）,存在候选,0.0,17,考试身份同(BJ-2024-DC-ERMO)；文件名题号{17}与本题号不一致；未能在材料正文定位到第6题段，仅按同卷材料登记为候选；题干块6-gram重叠0.0000(题干221字/材料段0字)
BJ-2024-DC-ERMO-Q6,BJ-2024-DC-ERMO,6,S72fd64a3dddd,2024模拟题/东城二模/细则/分题细则/阅卷总结/17题/17-2.docx,评分细则_分题切片,正式评分材料,存在候选,存在候选,0.0,,考试身份同(BJ-2024-DC-ERMO)；文件名未限定题号；未能在材料正文定位到第6题段，仅按同卷材料登记为候选；题干块6-gram重叠0.0000(题干221字/材料段0字)
BJ-2024-DC-ERMO-Q6,BJ-2024-DC-ERMO,6,S4238b9f0bc92,2024模拟题/东城二模/细则/分题细则/阅卷总结/18题/18(1).docx,评分细则_分题切片,正式评分材料,已排除（文件名指向他题）,存在候选,0.0,18,考试身份同(BJ-2024-DC-ERMO)；文件名题号{18}与本题号不一致；未能在材料正文定位到第6题段，仅按同卷材料登记为候选；题干块6-gram重叠0.0000(题干221字/材料段0字)
BJ-2024-DC-ERMO-Q6,BJ-2024-DC-ERMO,6,S6c445538df98,2024模拟题/东城二模/细则/分题细则/阅卷总结/18题/18（2）.docx,评分细则_分题切片,正式评分材料,已排除（文件名指向他题）,存在候选,0.0,18,考试身份同(BJ-2024-DC-ERMO)；文件名题号{18}与本题号不一致；未能在材料正文定位到第6题段，仅按同卷材料登记为候选；题干块6-gram重叠0.0000(题干221字/材料段0字)
BJ-2024-DC-ERMO-Q6,BJ-2024-DC-ERMO,6,Sd682ecb2695e,2024模拟题/东城二模/细则/分题细则/阅卷总结/19题/19（1）.docx,评分细则_分题切片,正式评分材料,已排除（文件名指向他题）,存在候选,0.0,19,考试身份同(BJ-2024-DC-ERMO)；文件名题号{19}与本题号不一致；未能在材料正文定位到第6题段，仅按同卷材料登记为候选；题干块6-gram重叠0.0000(题干221字/材料段0字)
BJ-2024-DC-ERMO-Q6,BJ-2024-DC-ERMO,6,S5c18cbecb82d,2024模拟题/东城二模/细则/分题细则/阅卷总结/19题/19（2）.docx,评分细则_分题切片,正式评分材料,已排除（文件名指向他题）,存在候选,0.0,19,考试身份同(BJ-2024-DC-ERMO)；文件名题号{19}与本题号不一致；未能在材料正文定位到第6题段，仅按同卷材料登记为候选；题干块6-gram重叠0.0000(题干221字/材料段0字)
BJ-2024-DC-ERMO-Q6,BJ-2024-DC-ERMO,6,S4c98484a2246,2024模拟题/东城二模/细则/分题细则/阅卷总结/21题/20小题二模阅卷总结.docx,评分细则_分题切片,正式评分材料,存在候选,存在候选,0.0,,考试身份同(BJ-2024-DC-ERMO)；文件名未限定题号；未能在材料正文定位到第6题段，仅按同卷材料登记为候选；题干块6-gram重叠0.0000(题干221字/材料段0字)
BJ-2024-DC-ERMO-Q6,BJ-2024-DC-ERMO,6,S9019906692e8,2024模拟题/东城二模/细则/分题细则/阅卷总结/21题/21.docx,评分细则_分题切片,正式评分材料,存在候选,存在候选,0.0,,考试身份同(BJ-2024-DC-ERMO)；文件名未限定题号；未能在材料正文定位到第6题段，仅按同卷材料登记为候选；题干块6-gram重叠0.0000(题干221字/材料段0字)
BJ-2024-DC-ERMO-Q6,BJ-2024-DC-ERMO,6,Sbdc183dc9541,2024模拟题/东城二模/细则/分题细则/阅卷总结/21题/21题(1).pptx,评分细则_分题切片,正式评分材料,已排除（文件名指向他题）,存在候选,0.0,21,考试身份同(BJ-2024-DC-ERMO)；文件名题号{21}与本题号不一致；未能在材料正文定位到第6题段，仅按同卷材料登记为候选；题干块6-gram重叠0.0000(题干221字/材料段0字)
BJ-2024-DC-ERMO-Q6,BJ-2024-DC-ERMO,6,S8db78abe18de,2024模拟题/东城二模/细则/补充材料/细则.pdf,评分材料,正式评分材料,存在候选,存在候选,0.0,,考试身份同(BJ-2024-DC-ERMO)；文件名未限定题号；未能在材料正文定位到第6题段，仅按同卷材料登记为候选；题干块6-gram重叠0.0000(题干221字/材料段0字)
BJ-2024-DC-ERMO-Q7,BJ-2024-DC-ERMO,7,S3fe06deac367,2024模拟题/东城二模/细则/分题细则/阅卷总结/16题/16题二模阅卷总结.docx,评分细则_分题切片,正式评分材料,已排除（文件名指向他题）,存在候选,0.0,16,考试身份同(BJ-2024-DC-ERMO)；文件名题号{16}与本题号不一致；未能在材料正文定位到第7题段，仅按同卷材料登记为候选；题干块6-gram重叠0.0000(题干255字/材料段0字)
BJ-2024-DC-ERMO-Q7,BJ-2024-DC-ERMO,7,S896b0f378cbd,2024模拟题/东城二模/细则/分题细则/阅卷总结/16题/16题评分细则.pptx,评分细则_分题切片,正式评分材料,已排除（文件名指向他题）,存在候选,0.0,16,考试身份同(BJ-2024-DC-ERMO)；文件名题号{16}与本题号不一致；未能在材料正文定位到第7题段，仅按同卷材料登记为候选；题干块6-gram重叠0.0000(题干255字/材料段0字)
BJ-2024-DC-ERMO-Q7,BJ-2024-DC-ERMO,7,S47c34e3af056,2024模拟题/东城二模/细则/分题细则/阅卷总结/17题/17(1).docx,评分细则_分题切片,正式评分材料,已排除（文件名指向他题）,存在候选,0.0,17,考试身份同(BJ-2024-DC-ERMO)；文件名题号{17}与本题号不一致；未能在材料正文定位到第7题段，仅按同卷材料登记为候选；题干块6-gram重叠0.0000(题干255字/材料段0字)
BJ-2024-DC-ERMO-Q7,BJ-2024-DC-ERMO,7,S72fd64a3dddd,2024模拟题/东城二模/细则/分题细则/阅卷总结/17题/17-2.docx,评分细则_分题切片,正式评分材料,存在候选,存在候选,0.0,,考试身份同(BJ-2024-DC-ERMO)；文件名未限定题号；未能在材料正文定位到第7题段，仅按同卷材料登记为候选；题干块6-gram重叠0.0000(题干255字/材料段0字)
BJ-2024-DC-ERMO-Q7,BJ-2024-DC-ERMO,7,S4238b9f0bc92,2024模拟题/东城二模/细则/分题细则/阅卷总结/18题/18(1).docx,评分细则_分题切片,正式评分材料,已排除（文件名指向他题）,存在候选,0.0,18,考试身份同(BJ-2024-DC-ERMO)；文件名题号{18}与本题号不一致；未能在材料正文定位到第7题段，仅按同卷材料登记为候选；题干块6-gram重叠0.0000(题干255字/材料段0字)
BJ-2024-DC-ERMO-Q7,BJ-2024-DC-ERMO,7,S6c445538df98,2024模拟题/东城二模/细则/分题细则/阅卷总结/18题/18（2）.docx,评分细则_分题切片,正式评分材料,已排除（文件名指向他题）,存在候选,0.0,18,考试身份同(BJ-2024-DC-ERMO)；文件名题号{18}与本题号不一致；未能在材料正文定位到第7题段，仅按同卷材料登记为候选；题干块6-gram重叠0.0000(题干255字/材料段0字)
BJ-2024-DC-ERMO-Q7,BJ-2024-DC-ERMO,7,Sd682ecb2695e,2024模拟题/东城二模/细则/分题细则/阅卷总结/19题/19（1）.docx,评分细则_分题切片,正式评分材料,已排除（文件名指向他题）,存在候选,0.0,19,考试身份同(BJ-2024-DC-ERMO)；文件名题号{19}与本题号不一致；未能在材料正文定位到第7题段，仅按同卷材料登记为候选；题干块6-gram重叠0.0000(题干255字/材料段0字)
BJ-2024-DC-ERMO-Q7,BJ-2024-DC-ERMO,7,S5c18cbecb82d,2024模拟题/东城二模/细则/分题细则/阅卷总结/19题/19（2）.docx,评分细则_分题切片,正式评分材料,已排除（文件名指向他题）,存在候选,0.0,19,考试身份同(BJ-2024-DC-ERMO)；文件名题号{19}与本题号不一致；未能在材料正文定位到第7题段，仅按同卷材料登记为候选；题干块6-gram重叠0.0000(题干255字/材料段0字)
BJ-2024-DC-ERMO-Q7,BJ-2024-DC-ERMO,7,S4c98484a2246,2024模拟题/东城二模/细则/分题细则/阅卷总结/21题/20小题二模阅卷总结.docx,评分细则_分题切片,正式评分材料,存在候选,存在候选,0.0,,考试身份同(BJ-2024-DC-ERMO)；文件名未限定题号；未能在材料正文定位到第7题段，仅按同卷材料登记为候选；题干块6-gram重叠0.0000(题干255字/材料段0字)
BJ-2024-DC-ERMO-Q7,BJ-2024-DC-ERMO,7,S9019906692e8,2024模拟题/东城二模/细则/分题细则/阅卷总结/21题/21.docx,评分细则_分题切片,正式评分材料,存在候选,存在候选,0.0,,考试身份同(BJ-2024-DC-ERMO)；文件名未限定题号；未能在材料正文定位到第7题段，仅按同卷材料登记为候选；题干块6-gram重叠0.0000(题干255字/材料段0字)
BJ-2024-DC-ERMO-Q7,BJ-2024-DC-ERMO,7,Sbdc183dc9541,2024模拟题/东城二模/细则/分题细则/阅卷总结/21题/21题(1).pptx,评分细则_分题切片,正式评分材料,已排除（文件名指向他题）,存在候选,0.0,21,考试身份同(BJ-2024-DC-ERMO)；文件名题号{21}与本题号不一致；未能在材料正文定位到第7题段，仅按同卷材料登记为候选；题干块6-gram重叠0.0000(题干255字/材料段0字)
BJ-2024-DC-ERMO-Q7,BJ-2024-DC-ERMO,7,S8db78abe18de,2024模拟题/东城二模/细则/补充材料/细则.pdf,评分材料,正式评分材料,存在候选,存在候选,0.0,,考试身份同(BJ-2024-DC-ERMO)；文件名未限定题号；未能在材料正文定位到第7题段，仅按同卷材料登记为候选；题干块6-gram重叠0.0000(题干255字/材料段0字)
BJ-2024-DC-ERMO-Q8,BJ-2024-DC-ERMO,8,S3fe06deac367,2024模拟题/东城二模/细则/分题细则/阅卷总结/16题/16题二模阅卷总结.docx,评分细则_分题切片,正式评分材料,已排除（文件名指向他题）,存在候选,0.0,16,考试身份同(BJ-2024-DC-ERMO)；文件名题号{16}与本题号不一致；未能在材料正文定位到第8题段，仅按同卷材料登记为候选；题干块6-gram重叠0.0000(题干231字/材料段0字)；同题另一来源块状态较弱(已排除（文件名指向他题）)，已按最强状态归并
BJ-2024-DC-ERMO-Q8,BJ-2024-DC-ERMO,8,S896b0f378cbd,2024模拟题/东城二模/细则/分题细则/阅卷总结/16题/16题评分细则.pptx,评分细则_分题切片,正式评分材料,已排除（文件名指向他题）,存在候选,0.0,16,考试身份同(BJ-2024-DC-ERMO)；文件名题号{16}与本题号不一致；未能在材料正文定位到第8题段，仅按同卷材料登记为候选；题干块6-gram重叠0.0000(题干231字/材料段0字)；同题另一来源块状态较弱(已排除（文件名指向他题）)，已按最强状态归并
BJ-2024-DC-ERMO-Q8,BJ-2024-DC-ERMO,8,S47c34e3af056,2024模拟题/东城二模/细则/分题细则/阅卷总结/17题/17(1).docx,评分细则_分题切片,正式评分材料,已排除（文件名指向他题）,存在候选,0.0,17,考试身份同(BJ-2024-DC-ERMO)；文件名题号{17}与本题号不一致；未能在材料正文定位到第8题段，仅按同卷材料登记为候选；题干块6-gram重叠0.0000(题干231字/材料段0字)；同题另一来源块状态较弱(已排除（文件名指向他题）)，已按最强状态归并
BJ-2024-DC-ERMO-Q8,BJ-2024-DC-ERMO,8,S72fd64a3dddd,2024模拟题/东城二模/细则/分题细则/阅卷总结/17题/17-2.docx,评分细则_分题切片,正式评分材料,存在候选,存在候选,0.0,,考试身份同(BJ-2024-DC-ERMO)；文件名未限定题号；未能在材料正文定位到第8题段，仅按同卷材料登记为候选；题干块6-gram重叠0.0000(题干231字/材料段0字)；同题另一来源块状态较弱(存在候选)，已按最强状态归并
BJ-2024-DC-ERMO-Q8,BJ-2024-DC-ERMO,8,S4238b9f0bc92,2024模拟题/东城二模/细则/分题细则/阅卷总结/18题/18(1).docx,评分细则_分题切片,正式评分材料,已排除（文件名指向他题）,存在候选,0.0,18,考试身份同(BJ-2024-DC-ERMO)；文件名题号{18}与本题号不一致；未能在材料正文定位到第8题段，仅按同卷材料登记为候选；题干块6-gram重叠0.0000(题干231字/材料段0字)；同题另一来源块状态较弱(已排除（文件名指向他题）)，已按最强状态归并
BJ-2024-DC-ERMO-Q8,BJ-2024-DC-ERMO,8,S6c445538df98,2024模拟题/东城二模/细则/分题细则/阅卷总结/18题/18（2）.docx,评分细则_分题切片,正式评分材料,已排除（文件名指向他题）,存在候选,0.0,18,考试身份同(BJ-2024-DC-ERMO)；文件名题号{18}与本题号不一致；未能在材料正文定位到第8题段，仅按同卷材料登记为候选；题干块6-gram重叠0.0000(题干231字/材料段0字)；同题另一来源块状态较弱(已排除（文件名指向他题）)，已按最强状态归并
BJ-2024-DC-ERMO-Q8,BJ-2024-DC-ERMO,8,Sd682ecb2695e,2024模拟题/东城二模/细则/分题细则/阅卷总结/19题/19（1）.docx,评分细则_分题切片,正式评分材料,已排除（文件名指向他题）,存在候选,0.0,19,考试身份同(BJ-2024-DC-ERMO)；文件名题号{19}与本题号不一致；未能在材料正文定位到第8题段，仅按同卷材料登记为候选；题干块6-gram重叠0.0000(题干231字/材料段0字)；同题另一来源块状态较弱(已排除（文件名指向他题）)，已按最强状态归并
BJ-2024-DC-ERMO-Q8,BJ-2024-DC-ERMO,8,S5c18cbecb82d,2024模拟题/东城二模/细则/分题细则/阅卷总结/19题/19（2）.docx,评分细则_分题切片,正式评分材料,已排除（文件名指向他题）,存在候选,0.0,19,考试身份同(BJ-2024-DC-ERMO)；文件名题号{19}与本题号不一致；未能在材料正文定位到第8题段，仅按同卷材料登记为候选；题干块6-gram重叠0.0000(题干231字/材料段0字)；同题另一来源块状态较弱(已排除（文件名指向他题）)，已按最强状态归并
BJ-2024-DC-ERMO-Q8,BJ-2024-DC-ERMO,8,S4c98484a2246,2024模拟题/东城二模/细则/分题细则/阅卷总结/21题/20小题二模阅卷总结.docx,评分细则_分题切片,正式评分材料,存在候选,存在候选,0.0,,考试身份同(BJ-2024-DC-ERMO)；文件名未限定题号；未能在材料正文定位到第8题段，仅按同卷材料登记为候选；题干块6-gram重叠0.0000(题干231字/材料段0字)；同题另一来源块状态较弱(存在候选)，已按最强状态归并
BJ-2024-DC-ERMO-Q8,BJ-2024-DC-ERMO,8,S9019906692e8,2024模拟题/东城二模/细则/分题细则/阅卷总结/21题/21.docx,评分细则_分题切片,正式评分材料,存在候选,存在候选,0.0,,考试身份同(BJ-2024-DC-ERMO)；文件名未限定题号；未能在材料正文定位到第8题段，仅按同卷材料登记为候选；题干块6-gram重叠0.0000(题干231字/材料段0字)；同题另一来源块状态较弱(存在候选)，已按最强状态归并
BJ-2024-DC-ERMO-Q8,BJ-2024-DC-ERMO,8,Sbdc183dc9541,2024模拟题/东城二模/细则/分题细则/阅卷总结/21题/21题(1).pptx,评分细则_分题切片,正式评分材料,已排除（文件名指向他题）,存在候选,0.0,21,考试身份同(BJ-2024-DC-ERMO)；文件名题号{21}与本题号不一致；未能在材料正文定位到第8题段，仅按同卷材料登记为候选；题干块6-gram重叠0.0000(题干231字/材料段0字)；同题另一来源块状态较弱(已排除（文件名指向他题）)，已按最强状态归并
BJ-2024-DC-ERMO-Q8,BJ-2024-DC-ERMO,8,S8db78abe18de,2024模拟题/东城二模/细则/补充材料/细则.pdf,评分材料,正式评分材料,存在候选,存在候选,0.0,,考试身份同(BJ-2024-DC-ERMO)；文件名未限定题号；未能在材料正文定位到第8题段，仅按同卷材料登记为候选；题干块6-gram重叠0.0000(题干231字/材料段0字)；同题另一来源块状态较弱(存在候选)，已按最强状态归并
BJ-2024-DC-ERMO-Q9,BJ-2024-DC-ERMO,9,S3fe06deac367,2024模拟题/东城二模/细则/分题细则/阅卷总结/16题/16题二模阅卷总结.docx,评分细则_分题切片,正式评分材料,已排除（文件名指向他题）,存在候选,0.0,16,考试身份同(BJ-2024-DC-ERMO)；文件名题号{16}与本题号不一致；未能在材料正文定位到第9题段，仅按同卷材料登记为候选；题干块6-gram重叠0.0000(题干302字/材料段0字)；同题另一来源块状态较弱(已排除（文件名指向他题）)，已按最强状态归并
BJ-2024-DC-ERMO-Q9,BJ-2024-DC-ERMO,9,S896b0f378cbd,2024模拟题/东城二模/细则/分题细则/阅卷总结/16题/16题评分细则.pptx,评分细则_分题切片,正式评分材料,已排除（文件名指向他题）,存在候选,0.0,16,考试身份同(BJ-2024-DC-ERMO)；文件名题号{16}与本题号不一致；未能在材料正文定位到第9题段，仅按同卷材料登记为候选；题干块6-gram重叠0.0000(题干302字/材料段0字)；同题另一来源块状态较弱(已排除（文件名指向他题）)，已按最强状态归并
BJ-2024-DC-ERMO-Q9,BJ-2024-DC-ERMO,9,S47c34e3af056,2024模拟题/东城二模/细则/分题细则/阅卷总结/17题/17(1).docx,评分细则_分题切片,正式评分材料,已排除（文件名指向他题）,存在候选,0.0,17,考试身份同(BJ-2024-DC-ERMO)；文件名题号{17}与本题号不一致；未能在材料正文定位到第9题段，仅按同卷材料登记为候选；题干块6-gram重叠0.0000(题干302字/材料段0字)；同题另一来源块状态较弱(已排除（文件名指向他题）)，已按最强状态归并
BJ-2024-DC-ERMO-Q9,BJ-2024-DC-ERMO,9,S72fd64a3dddd,2024模拟题/东城二模/细则/分题细则/阅卷总结/17题/17-2.docx,评分细则_分题切片,正式评分材料,存在候选,存在候选,0.0,,考试身份同(BJ-2024-DC-ERMO)；文件名未限定题号；未能在材料正文定位到第9题段，仅按同卷材料登记为候选；题干块6-gram重叠0.0000(题干302字/材料段0字)；同题另一来源块状态较弱(存在候选)，已按最强状态归并
BJ-2024-DC-ERMO-Q9,BJ-2024-DC-ERMO,9,S4238b9f0bc92,2024模拟题/东城二模/细则/分题细则/阅卷总结/18题/18(1).docx,评分细则_分题切片,正式评分材料,已排除（文件名指向他题）,存在候选,0.0,18,考试身份同(BJ-2024-DC-ERMO)；文件名题号{18}与本题号不一致；未能在材料正文定位到第9题段，仅按同卷材料登记为候选；题干块6-gram重叠0.0000(题干302字/材料段0字)；同题另一来源块状态较弱(已排除（文件名指向他题）)，已按最强状态归并
BJ-2024-DC-ERMO-Q9,BJ-2024-DC-ERMO,9,S6c445538df98,2024模拟题/东城二模/细则/分题细则/阅卷总结/18题/18（2）.docx,评分细则_分题切片,正式评分材料,已排除（文件名指向他题）,存在候选,0.0,18,考试身份同(BJ-2024-DC-ERMO)；文件名题号{18}与本题号不一致；未能在材料正文定位到第9题段，仅按同卷材料登记为候选；题干块6-gram重叠0.0000(题干302字/材料段0字)；同题另一来源块状态较弱(已排除（文件名指向他题）)，已按最强状态归并
BJ-2024-DC-ERMO-Q9,BJ-2024-DC-ERMO,9,Sd682ecb2695e,2024模拟题/东城二模/细则/分题细则/阅卷总结/19题/19（1）.docx,评分细则_分题切片,正式评分材料,已排除（文件名指向他题）,存在候选,0.0,19,考试身份同(BJ-2024-DC-ERMO)；文件名题号{19}与本题号不一致；未能在材料正文定位到第9题段，仅按同卷材料登记为候选；题干块6-gram重叠0.0000(题干302字/材料段0字)；同题另一来源块状态较弱(已排除（文件名指向他题）)，已按最强状态归并
BJ-2024-DC-ERMO-Q9,BJ-2024-DC-ERMO,9,S5c18cbecb82d,2024模拟题/东城二模/细则/分题细则/阅卷总结/19题/19（2）.docx,评分细则_分题切片,正式评分材料,已排除（文件名指向他题）,存在候选,0.0,19,考试身份同(BJ-2024-DC-ERMO)；文件名题号{19}与本题号不一致；未能在材料正文定位到第9题段，仅按同卷材料登记为候选；题干块6-gram重叠0.0000(题干302字/材料段0字)；同题另一来源块状态较弱(已排除（文件名指向他题）)，已按最强状态归并
BJ-2024-DC-ERMO-Q9,BJ-2024-DC-ERMO,9,S4c98484a2246,2024模拟题/东城二模/细则/分题细则/阅卷总结/21题/20小题二模阅卷总结.docx,评分细则_分题切片,正式评分材料,存在候选,存在候选,0.0,,考试身份同(BJ-2024-DC-ERMO)；文件名未限定题号；未能在材料正文定位到第9题段，仅按同卷材料登记为候选；题干块6-gram重叠0.0000(题干302字/材料段0字)；同题另一来源块状态较弱(存在候选)，已按最强状态归并
BJ-2024-DC-ERMO-Q9,BJ-2024-DC-ERMO,9,S9019906692e8,2024模拟题/东城二模/细则/分题细则/阅卷总结/21题/21.docx,评分细则_分题切片,正式评分材料,存在候选,存在候选,0.0,,考试身份同(BJ-2024-DC-ERMO)；文件名未限定题号；未能在材料正文定位到第9题段，仅按同卷材料登记为候选；题干块6-gram重叠0.0000(题干302字/材料段0字)；同题另一来源块状态较弱(存在候选)，已按最强状态归并
BJ-2024-DC-ERMO-Q9,BJ-2024-DC-ERMO,9,Sbdc183dc9541,2024模拟题/东城二模/细则/分题细则/阅卷总结/21题/21题(1).pptx,评分细则_分题切片,正式评分材料,已排除（文件名指向他题）,存在候选,0.0,21,考试身份同(BJ-2024-DC-ERMO)；文件名题号{21}与本题号不一致；未能在材料正文定位到第9题段，仅按同卷材料登记为候选；题干块6-gram重叠0.0000(题干302字/材料段0字)；同题另一来源块状态较弱(已排除（文件名指向他题）)，已按最强状态归并
BJ-2024-DC-ERMO-Q9,BJ-2024-DC-ERMO,9,S8db78abe18de,2024模拟题/东城二模/细则/补充材料/细则.pdf,评分材料,正式评分材料,存在候选,存在候选,0.0,,考试身份同(BJ-2024-DC-ERMO)；文件名未限定题号；未能在材料正文定位到第9题段，仅按同卷材料登记为候选；题干块6-gram重叠0.0000(题干302字/材料段0字)；同题另一来源块状态较弱(存在候选)，已按最强状态归并
BJ-2024-DC-ERMO-Q10,BJ-2024-DC-ERMO,10,S3fe06deac367,2024模拟题/东城二模/细则/分题细则/阅卷总结/16题/16题二模阅卷总结.docx,评分细则_分题切片,正式评分材料,已排除（文件名指向他题）,存在候选,0.0,16,考试身份同(BJ-2024-DC-ERMO)；文件名题号{16}与本题号不一致；未能在材料正文定位到第10题段，仅按同卷材料登记为候选；题干块6-gram重叠0.0000(题干234字/材料段0字)
BJ-2024-DC-ERMO-Q10,BJ-2024-DC-ERMO,10,S896b0f378cbd,2024模拟题/东城二模/细则/分题细则/阅卷总结/16题/16题评分细则.pptx,评分细则_分题切片,正式评分材料,已排除（文件名指向他题）,存在候选,0.0,16,考试身份同(BJ-2024-DC-ERMO)；文件名题号{16}与本题号不一致；未能在材料正文定位到第10题段，仅按同卷材料登记为候选；题干块6-gram重叠0.0000(题干234字/材料段0字)
BJ-2024-DC-ERMO-Q10,BJ-2024-DC-ERMO,10,S47c34e3af056,2024模拟题/东城二模/细则/分题细则/阅卷总结/17题/17(1).docx,评分细则_分题切片,正式评分材料,已排除（文件名指向他题）,存在候选,0.0,17,考试身份同(BJ-2024-DC-ERMO)；文件名题号{17}与本题号不一致；未能在材料正文定位到第10题段，仅按同卷材料登记为候选；题干块6-gram重叠0.0000(题干234字/材料段0字)
BJ-2024-DC-ERMO-Q10,BJ-2024-DC-ERMO,10,S72fd64a3dddd,2024模拟题/东城二模/细则/分题细则/阅卷总结/17题/17-2.docx,评分细则_分题切片,正式评分材料,存在候选,存在候选,0.0,,考试身份同(BJ-2024-DC-ERMO)；文件名未限定题号；未能在材料正文定位到第10题段，仅按同卷材料登记为候选；题干块6-gram重叠0.0000(题干234字/材料段0字)
BJ-2024-DC-ERMO-Q10,BJ-2024-DC-ERMO,10,S4238b9f0bc92,2024模拟题/东城二模/细则/分题细则/阅卷总结/18题/18(1).docx,评分细则_分题切片,正式评分材料,已排除（文件名指向他题）,存在候选,0.0,18,考试身份同(BJ-2024-DC-ERMO)；文件名题号{18}与本题号不一致；未能在材料正文定位到第10题段，仅按同卷材料登记为候选；题干块6-gram重叠0.0000(题干234字/材料段0字)
BJ-2024-DC-ERMO-Q10,BJ-2024-DC-ERMO,10,S6c445538df98,2024模拟题/东城二模/细则/分题细则/阅卷总结/18题/18（2）.docx,评分细则_分题切片,正式评分材料,已排除（文件名指向他题）,存在候选,0.0,18,考试身份同(BJ-2024-DC-ERMO)；文件名题号{18}与本题号不一致；未能在材料正文定位到第10题段，仅按同卷材料登记为候选；题干块6-gram重叠0.0000(题干234字/材料段0字)
BJ-2024-DC-ERMO-Q10,BJ-2024-DC-ERMO,10,Sd682ecb2695e,2024模拟题/东城二模/细则/分题细则/阅卷总结/19题/19（1）.docx,评分细则_分题切片,正式评分材料,已排除（文件名指向他题）,存在候选,0.0,19,考试身份同(BJ-2024-DC-ERMO)；文件名题号{19}与本题号不一致；未能在材料正文定位到第10题段，仅按同卷材料登记为候选；题干块6-gram重叠0.0000(题干234字/材料段0字)
BJ-2024-DC-ERMO-Q10,BJ-2024-DC-ERMO,10,S5c18cbecb82d,2024模拟题/东城二模/细则/分题细则/阅卷总结/19题/19（2）.docx,评分细则_分题切片,正式评分材料,已排除（文件名指向他题）,存在候选,0.0,19,考试身份同(BJ-2024-DC-ERMO)；文件名题号{19}与本题号不一致；未能在材料正文定位到第10题段，仅按同卷材料登记为候选；题干块6-gram重叠0.0000(题干234字/材料段0字)
BJ-2024-DC-ERMO-Q10,BJ-2024-DC-ERMO,10,S4c98484a2246,2024模拟题/东城二模/细则/分题细则/阅卷总结/21题/20小题二模阅卷总结.docx,评分细则_分题切片,正式评分材料,存在候选,存在候选,0.0,,考试身份同(BJ-2024-DC-ERMO)；文件名未限定题号；未能在材料正文定位到第10题段，仅按同卷材料登记为候选；题干块6-gram重叠0.0000(题干234字/材料段0字)
BJ-2024-DC-ERMO-Q10,BJ-2024-DC-ERMO,10,S9019906692e8,2024模拟题/东城二模/细则/分题细则/阅卷总结/21题/21.docx,评分细则_分题切片,正式评分材料,存在候选,存在候选,0.0,,考试身份同(BJ-2024-DC-ERMO)；文件名未限定题号；未能在材料正文定位到第10题段，仅按同卷材料登记为候选；题干块6-gram重叠0.0000(题干234字/材料段0字)
BJ-2024-DC-ERMO-Q10,BJ-2024-DC-ERMO,10,Sbdc183dc9541,2024模拟题/东城二模/细则/分题细则/阅卷总结/21题/21题(1).pptx,评分细则_分题切片,正式评分材料,已排除（文件名指向他题）,存在候选,0.0,21,考试身份同(BJ-2024-DC-ERMO)；文件名题号{21}与本题号不一致；未能在材料正文定位到第10题段，仅按同卷材料登记为候选；题干块6-gram重叠0.0000(题干234字/材料段0字)
BJ-2024-DC-ERMO-Q10,BJ-2024-DC-ERMO,10,S8db78abe18de,2024模拟题/东城二模/细则/补充材料/细则.pdf,评分材料,正式评分材料,存在候选,存在候选,0.0,,考试身份同(BJ-2024-DC-ERMO)；文件名未限定题号；未能在材料正文定位到第10题段，仅按同卷材料登记为候选；题干块6-gram重叠0.0000(题干234字/材料段0字)
BJ-2024-DC-ERMO-Q11,BJ-2024-DC-ERMO,11,S3fe06deac367,2024模拟题/东城二模/细则/分题细则/阅卷总结/16题/16题二模阅卷总结.docx,评分细则_分题切片,正式评分材料,已排除（文件名指向他题）,存在候选,0.0,16,考试身份同(BJ-2024-DC-ERMO)；文件名题号{16}与本题号不一致；未能在材料正文定位到第11题段，仅按同卷材料登记为候选；题干块6-gram重叠0.0000(题干226字/材料段0字)；同题另一来源块状态较弱(已排除（文件名指向他题）)，已按最强状态归并
BJ-2024-DC-ERMO-Q11,BJ-2024-DC-ERMO,11,S896b0f378cbd,2024模拟题/东城二模/细则/分题细则/阅卷总结/16题/16题评分细则.pptx,评分细则_分题切片,正式评分材料,已排除（文件名指向他题）,存在候选,0.0,16,考试身份同(BJ-2024-DC-ERMO)；文件名题号{16}与本题号不一致；未能在材料正文定位到第11题段，仅按同卷材料登记为候选；题干块6-gram重叠0.0000(题干226字/材料段0字)；同题另一来源块状态较弱(已排除（文件名指向他题）)，已按最强状态归并
BJ-2024-DC-ERMO-Q11,BJ-2024-DC-ERMO,11,S47c34e3af056,2024模拟题/东城二模/细则/分题细则/阅卷总结/17题/17(1).docx,评分细则_分题切片,正式评分材料,已排除（文件名指向他题）,存在候选,0.0,17,考试身份同(BJ-2024-DC-ERMO)；文件名题号{17}与本题号不一致；未能在材料正文定位到第11题段，仅按同卷材料登记为候选；题干块6-gram重叠0.0000(题干226字/材料段0字)；同题另一来源块状态较弱(已排除（文件名指向他题）)，已按最强状态归并
BJ-2024-DC-ERMO-Q11,BJ-2024-DC-ERMO,11,S72fd64a3dddd,2024模拟题/东城二模/细则/分题细则/阅卷总结/17题/17-2.docx,评分细则_分题切片,正式评分材料,存在候选,存在候选,0.0,,考试身份同(BJ-2024-DC-ERMO)；文件名未限定题号；未能在材料正文定位到第11题段，仅按同卷材料登记为候选；题干块6-gram重叠0.0000(题干226字/材料段0字)；同题另一来源块状态较弱(存在候选)，已按最强状态归并
BJ-2024-DC-ERMO-Q11,BJ-2024-DC-ERMO,11,S4238b9f0bc92,2024模拟题/东城二模/细则/分题细则/阅卷总结/18题/18(1).docx,评分细则_分题切片,正式评分材料,已排除（文件名指向他题）,存在候选,0.0,18,考试身份同(BJ-2024-DC-ERMO)；文件名题号{18}与本题号不一致；未能在材料正文定位到第11题段，仅按同卷材料登记为候选；题干块6-gram重叠0.0000(题干226字/材料段0字)；同题另一来源块状态较弱(已排除（文件名指向他题）)，已按最强状态归并
BJ-2024-DC-ERMO-Q11,BJ-2024-DC-ERMO,11,S6c445538df98,2024模拟题/东城二模/细则/分题细则/阅卷总结/18题/18（2）.docx,评分细则_分题切片,正式评分材料,已排除（文件名指向他题）,存在候选,0.0,18,考试身份同(BJ-2024-DC-ERMO)；文件名题号{18}与本题号不一致；未能在材料正文定位到第11题段，仅按同卷材料登记为候选；题干块6-gram重叠0.0000(题干226字/材料段0字)；同题另一来源块状态较弱(已排除（文件名指向他题）)，已按最强状态归并
BJ-2024-DC-ERMO-Q11,BJ-2024-DC-ERMO,11,Sd682ecb2695e,2024模拟题/东城二模/细则/分题细则/阅卷总结/19题/19（1）.docx,评分细则_分题切片,正式评分材料,已排除（文件名指向他题）,存在候选,0.0,19,考试身份同(BJ-2024-DC-ERMO)；文件名题号{19}与本题号不一致；未能在材料正文定位到第11题段，仅按同卷材料登记为候选；题干块6-gram重叠0.0000(题干226字/材料段0字)；同题另一来源块状态较弱(已排除（文件名指向他题）)，已按最强状态归并
BJ-2024-DC-ERMO-Q11,BJ-2024-DC-ERMO,11,S5c18cbecb82d,2024模拟题/东城二模/细则/分题细则/阅卷总结/19题/19（2）.docx,评分细则_分题切片,正式评分材料,已排除（文件名指向他题）,存在候选,0.0,19,考试身份同(BJ-2024-DC-ERMO)；文件名题号{19}与本题号不一致；未能在材料正文定位到第11题段，仅按同卷材料登记为候选；题干块6-gram重叠0.0000(题干226字/材料段0字)；同题另一来源块状态较弱(已排除（文件名指向他题）)，已按最强状态归并
BJ-2024-DC-ERMO-Q11,BJ-2024-DC-ERMO,11,S4c98484a2246,2024模拟题/东城二模/细则/分题细则/阅卷总结/21题/20小题二模阅卷总结.docx,评分细则_分题切片,正式评分材料,存在候选,存在候选,0.0,,考试身份同(BJ-2024-DC-ERMO)；文件名未限定题号；未能在材料正文定位到第11题段，仅按同卷材料登记为候选；题干块6-gram重叠0.0000(题干226字/材料段0字)；同题另一来源块状态较弱(存在候选)，已按最强状态归并
BJ-2024-DC-ERMO-Q11,BJ-2024-DC-ERMO,11,S9019906692e8,2024模拟题/东城二模/细则/分题细则/阅卷总结/21题/21.docx,评分细则_分题切片,正式评分材料,存在候选,存在候选,0.0,,考试身份同(BJ-2024-DC-ERMO)；文件名未限定题号；未能在材料正文定位到第11题段，仅按同卷材料登记为候选；题干块6-gram重叠0.0000(题干226字/材料段0字)；同题另一来源块状态较弱(存在候选)，已按最强状态归并
BJ-2024-DC-ERMO-Q11,BJ-2024-DC-ERMO,11,Sbdc183dc9541,2024模拟题/东城二模/细则/分题细则/阅卷总结/21题/21题(1).pptx,评分细则_分题切片,正式评分材料,已排除（文件名指向他题）,存在候选,0.0,21,考试身份同(BJ-2024-DC-ERMO)；文件名题号{21}与本题号不一致；未能在材料正文定位到第11题段，仅按同卷材料登记为候选；题干块6-gram重叠0.0000(题干226字/材料段0字)；同题另一来源块状态较弱(已排除（文件名指向他题）)，已按最强状态归并
BJ-2024-DC-ERMO-Q11,BJ-2024-DC-ERMO,11,S8db78abe18de,2024模拟题/东城二模/细则/补充材料/细则.pdf,评分材料,正式评分材料,存在候选,存在候选,0.0,,考试身份同(BJ-2024-DC-ERMO)；文件名未限定题号；未能在材料正文定位到第11题段，仅按同卷材料登记为候选；题干块6-gram重叠0.0000(题干226字/材料段0字)；同题另一来源块状态较弱(存在候选)，已按最强状态归并
BJ-2024-DC-ERMO-Q12,BJ-2024-DC-ERMO,12,S3fe06deac367,2024模拟题/东城二模/细则/分题细则/阅卷总结/16题/16题二模阅卷总结.docx,评分细则_分题切片,正式评分材料,已排除（文件名指向他题）,存在候选,0.0,16,考试身份同(BJ-2024-DC-ERMO)；文件名题号{16}与本题号不一致；未能在材料正文定位到第12题段，仅按同卷材料登记为候选；题干块6-gram重叠0.0000(题干396字/材料段0字)
BJ-2024-DC-ERMO-Q12,BJ-2024-DC-ERMO,12,S896b0f378cbd,2024模拟题/东城二模/细则/分题细则/阅卷总结/16题/16题评分细则.pptx,评分细则_分题切片,正式评分材料,已排除（文件名指向他题）,存在候选,0.0,16,考试身份同(BJ-2024-DC-ERMO)；文件名题号{16}与本题号不一致；未能在材料正文定位到第12题段，仅按同卷材料登记为候选；题干块6-gram重叠0.0000(题干396字/材料段0字)
BJ-2024-DC-ERMO-Q12,BJ-2024-DC-ERMO,12,S47c34e3af056,2024模拟题/东城二模/细则/分题细则/阅卷总结/17题/17(1).docx,评分细则_分题切片,正式评分材料,已排除（文件名指向他题）,存在候选,0.0,17,考试身份同(BJ-2024-DC-ERMO)；文件名题号{17}与本题号不一致；未能在材料正文定位到第12题段，仅按同卷材料登记为候选；题干块6-gram重叠0.0000(题干396字/材料段0字)
BJ-2024-DC-ERMO-Q12,BJ-2024-DC-ERMO,12,S72fd64a3dddd,2024模拟题/东城二模/细则/分题细则/阅卷总结/17题/17-2.docx,评分细则_分题切片,正式评分材料,存在候选,存在候选,0.0,,考试身份同(BJ-2024-DC-ERMO)；文件名未限定题号；未能在材料正文定位到第12题段，仅按同卷材料登记为候选；题干块6-gram重叠0.0000(题干396字/材料段0字)
BJ-2024-DC-ERMO-Q12,BJ-2024-DC-ERMO,12,S4238b9f0bc92,2024模拟题/东城二模/细则/分题细则/阅卷总结/18题/18(1).docx,评分细则_分题切片,正式评分材料,已排除（文件名指向他题）,存在候选,0.0,18,考试身份同(BJ-2024-DC-ERMO)；文件名题号{18}与本题号不一致；未能在材料正文定位到第12题段，仅按同卷材料登记为候选；题干块6-gram重叠0.0000(题干396字/材料段0字)
BJ-2024-DC-ERMO-Q12,BJ-2024-DC-ERMO,12,S6c445538df98,2024模拟题/东城二模/细则/分题细则/阅卷总结/18题/18（2）.docx,评分细则_分题切片,正式评分材料,已排除（文件名指向他题）,存在候选,0.0,18,考试身份同(BJ-2024-DC-ERMO)；文件名题号{18}与本题号不一致；未能在材料正文定位到第12题段，仅按同卷材料登记为候选；题干块6-gram重叠0.0000(题干396字/材料段0字)
BJ-2024-DC-ERMO-Q12,BJ-2024-DC-ERMO,12,Sd682ecb2695e,2024模拟题/东城二模/细则/分题细则/阅卷总结/19题/19（1）.docx,评分细则_分题切片,正式评分材料,已排除（文件名指向他题）,存在候选,0.0,19,考试身份同(BJ-2024-DC-ERMO)；文件名题号{19}与本题号不一致；未能在材料正文定位到第12题段，仅按同卷材料登记为候选；题干块6-gram重叠0.0000(题干396字/材料段0字)
BJ-2024-DC-ERMO-Q12,BJ-2024-DC-ERMO,12,S5c18cbecb82d,2024模拟题/东城二模/细则/分题细则/阅卷总结/19题/19（2）.docx,评分细则_分题切片,正式评分材料,已排除（文件名指向他题）,存在候选,0.0,19,考试身份同(BJ-2024-DC-ERMO)；文件名题号{19}与本题号不一致；未能在材料正文定位到第12题段，仅按同卷材料登记为候选；题干块6-gram重叠0.0000(题干396字/材料段0字)
BJ-2024-DC-ERMO-Q12,BJ-2024-DC-ERMO,12,S4c98484a2246,2024模拟题/东城二模/细则/分题细则/阅卷总结/21题/20小题二模阅卷总结.docx,评分细则_分题切片,正式评分材料,存在候选,存在候选,0.0,,考试身份同(BJ-2024-DC-ERMO)；文件名未限定题号；未能在材料正文定位到第12题段，仅按同卷材料登记为候选；题干块6-gram重叠0.0000(题干396字/材料段0字)
BJ-2024-DC-ERMO-Q12,BJ-2024-DC-ERMO,12,S9019906692e8,2024模拟题/东城二模/细则/分题细则/阅卷总结/21题/21.docx,评分细则_分题切片,正式评分材料,存在候选,存在候选,0.0,,考试身份同(BJ-2024-DC-ERMO)；文件名未限定题号；未能在材料正文定位到第12题段，仅按同卷材料登记为候选；题干块6-gram重叠0.0000(题干396字/材料段0字)
BJ-2024-DC-ERMO-Q12,BJ-2024-DC-ERMO,12,Sbdc183dc9541,2024模拟题/东城二模/细则/分题细则/阅卷总结/21题/21题(1).pptx,评分细则_分题切片,正式评分材料,已排除（文件名指向他题）,存在候选,0.0,21,考试身份同(BJ-2024-DC-ERMO)；文件名题号{21}与本题号不一致；未能在材料正文定位到第12题段，仅按同卷材料登记为候选；题干块6-gram重叠0.0000(题干396字/材料段0字)
BJ-2024-DC-ERMO-Q12,BJ-2024-DC-ERMO,12,S8db78abe18de,2024模拟题/东城二模/细则/补充材料/细则.pdf,评分材料,正式评分材料,存在候选,存在候选,0.0,,考试身份同(BJ-2024-DC-ERMO)；文件名未限定题号；未能在材料正文定位到第12题段，仅按同卷材料登记为候选；题干块6-gram重叠0.0000(题干396字/材料段0字)
BJ-2024-DC-ERMO-Q13,BJ-2024-DC-ERMO,13,S3fe06deac367,2024模拟题/东城二模/细则/分题细则/阅卷总结/16题/16题二模阅卷总结.docx,评分细则_分题切片,正式评分材料,已排除（文件名指向他题）,存在候选,0.0,16,考试身份同(BJ-2024-DC-ERMO)；文件名题号{16}与本题号不一致；未能在材料正文定位到第13题段，仅按同卷材料登记为候选；题干块6-gram重叠0.0000(题干241字/材料段0字)
BJ-2024-DC-ERMO-Q13,BJ-2024-DC-ERMO,13,S896b0f378cbd,2024模拟题/东城二模/细则/分题细则/阅卷总结/16题/16题评分细则.pptx,评分细则_分题切片,正式评分材料,已排除（文件名指向他题）,存在候选,0.0,16,考试身份同(BJ-2024-DC-ERMO)；文件名题号{16}与本题号不一致；未能在材料正文定位到第13题段，仅按同卷材料登记为候选；题干块6-gram重叠0.0000(题干241字/材料段0字)
BJ-2024-DC-ERMO-Q13,BJ-2024-DC-ERMO,13,S47c34e3af056,2024模拟题/东城二模/细则/分题细则/阅卷总结/17题/17(1).docx,评分细则_分题切片,正式评分材料,已排除（文件名指向他题）,存在候选,0.0,17,考试身份同(BJ-2024-DC-ERMO)；文件名题号{17}与本题号不一致；未能在材料正文定位到第13题段，仅按同卷材料登记为候选；题干块6-gram重叠0.0000(题干241字/材料段0字)
BJ-2024-DC-ERMO-Q13,BJ-2024-DC-ERMO,13,S72fd64a3dddd,2024模拟题/东城二模/细则/分题细则/阅卷总结/17题/17-2.docx,评分细则_分题切片,正式评分材料,存在候选,存在候选,0.0,,考试身份同(BJ-2024-DC-ERMO)；文件名未限定题号；未能在材料正文定位到第13题段，仅按同卷材料登记为候选；题干块6-gram重叠0.0000(题干241字/材料段0字)
BJ-2024-DC-ERMO-Q13,BJ-2024-DC-ERMO,13,S4238b9f0bc92,2024模拟题/东城二模/细则/分题细则/阅卷总结/18题/18(1).docx,评分细则_分题切片,正式评分材料,已排除（文件名指向他题）,存在候选,0.0,18,考试身份同(BJ-2024-DC-ERMO)；文件名题号{18}与本题号不一致；未能在材料正文定位到第13题段，仅按同卷材料登记为候选；题干块6-gram重叠0.0000(题干241字/材料段0字)
BJ-2024-DC-ERMO-Q13,BJ-2024-DC-ERMO,13,S6c445538df98,2024模拟题/东城二模/细则/分题细则/阅卷总结/18题/18（2）.docx,评分细则_分题切片,正式评分材料,已排除（文件名指向他题）,存在候选,0.0,18,考试身份同(BJ-2024-DC-ERMO)；文件名题号{18}与本题号不一致；未能在材料正文定位到第13题段，仅按同卷材料登记为候选；题干块6-gram重叠0.0000(题干241字/材料段0字)
BJ-2024-DC-ERMO-Q13,BJ-2024-DC-ERMO,13,Sd682ecb2695e,2024模拟题/东城二模/细则/分题细则/阅卷总结/19题/19（1）.docx,评分细则_分题切片,正式评分材料,已排除（文件名指向他题）,存在候选,0.0,19,考试身份同(BJ-2024-DC-ERMO)；文件名题号{19}与本题号不一致；未能在材料正文定位到第13题段，仅按同卷材料登记为候选；题干块6-gram重叠0.0000(题干241字/材料段0字)
BJ-2024-DC-ERMO-Q13,BJ-2024-DC-ERMO,13,S5c18cbecb82d,2024模拟题/东城二模/细则/分题细则/阅卷总结/19题/19（2）.docx,评分细则_分题切片,正式评分材料,已排除（文件名指向他题）,存在候选,0.0,19,考试身份同(BJ-2024-DC-ERMO)；文件名题号{19}与本题号不一致；未能在材料正文定位到第13题段，仅按同卷材料登记为候选；题干块6-gram重叠0.0000(题干241字/材料段0字)
BJ-2024-DC-ERMO-Q13,BJ-2024-DC-ERMO,13,S4c98484a2246,2024模拟题/东城二模/细则/分题细则/阅卷总结/21题/20小题二模阅卷总结.docx,评分细则_分题切片,正式评分材料,存在候选,存在候选,0.0,,考试身份同(BJ-2024-DC-ERMO)；文件名未限定题号；未能在材料正文定位到第13题段，仅按同卷材料登记为候选；题干块6-gram重叠0.0000(题干241字/材料段0字)
BJ-2024-DC-ERMO-Q13,BJ-2024-DC-ERMO,13,S9019906692e8,2024模拟题/东城二模/细则/分题细则/阅卷总结/21题/21.docx,评分细则_分题切片,正式评分材料,存在候选,存在候选,0.0,,考试身份同(BJ-2024-DC-ERMO)；文件名未限定题号；未能在材料正文定位到第13题段，仅按同卷材料登记为候选；题干块6-gram重叠0.0000(题干241字/材料段0字)
BJ-2024-DC-ERMO-Q13,BJ-2024-DC-ERMO,13,Sbdc183dc9541,2024模拟题/东城二模/细则/分题细则/阅卷总结/21题/21题(1).pptx,评分细则_分题切片,正式评分材料,已排除（文件名指向他题）,存在候选,0.0,21,考试身份同(BJ-2024-DC-ERMO)；文件名题号{21}与本题号不一致；未能在材料正文定位到第13题段，仅按同卷材料登记为候选；题干块6-gram重叠0.0000(题干241字/材料段0字)
BJ-2024-DC-ERMO-Q13,BJ-2024-DC-ERMO,13,S8db78abe18de,2024模拟题/东城二模/细则/补充材料/细则.pdf,评分材料,正式评分材料,存在候选,存在候选,0.0,,考试身份同(BJ-2024-DC-ERMO)；文件名未限定题号；未能在材料正文定位到第13题段，仅按同卷材料登记为候选；题干块6-gram重叠0.0000(题干241字/材料段0字)
BJ-2024-DC-ERMO-Q14,BJ-2024-DC-ERMO,14,S3fe06deac367,2024模拟题/东城二模/细则/分题细则/阅卷总结/16题/16题二模阅卷总结.docx,评分细则_分题切片,正式评分材料,已排除（文件名指向他题）,存在候选,0.0,16,考试身份同(BJ-2024-DC-ERMO)；文件名题号{16}与本题号不一致；未能在材料正文定位到第14题段，仅按同卷材料登记为候选；题干块6-gram重叠0.0000(题干255字/材料段0字)
BJ-2024-DC-ERMO-Q14,BJ-2024-DC-ERMO,14,S896b0f378cbd,2024模拟题/东城二模/细则/分题细则/阅卷总结/16题/16题评分细则.pptx,评分细则_分题切片,正式评分材料,已排除（文件名指向他题）,存在候选,0.0,16,考试身份同(BJ-2024-DC-ERMO)；文件名题号{16}与本题号不一致；未能在材料正文定位到第14题段，仅按同卷材料登记为候选；题干块6-gram重叠0.0000(题干255字/材料段0字)
BJ-2024-DC-ERMO-Q14,BJ-2024-DC-ERMO,14,S47c34e3af056,2024模拟题/东城二模/细则/分题细则/阅卷总结/17题/17(1).docx,评分细则_分题切片,正式评分材料,已排除（文件名指向他题）,存在候选,0.0,17,考试身份同(BJ-2024-DC-ERMO)；文件名题号{17}与本题号不一致；未能在材料正文定位到第14题段，仅按同卷材料登记为候选；题干块6-gram重叠0.0000(题干255字/材料段0字)
BJ-2024-DC-ERMO-Q14,BJ-2024-DC-ERMO,14,S72fd64a3dddd,2024模拟题/东城二模/细则/分题细则/阅卷总结/17题/17-2.docx,评分细则_分题切片,正式评分材料,存在候选,存在候选,0.0,,考试身份同(BJ-2024-DC-ERMO)；文件名未限定题号；未能在材料正文定位到第14题段，仅按同卷材料登记为候选；题干块6-gram重叠0.0000(题干255字/材料段0字)
BJ-2024-DC-ERMO-Q14,BJ-2024-DC-ERMO,14,S4238b9f0bc92,2024模拟题/东城二模/细则/分题细则/阅卷总结/18题/18(1).docx,评分细则_分题切片,正式评分材料,已排除（文件名指向他题）,存在候选,0.0,18,考试身份同(BJ-2024-DC-ERMO)；文件名题号{18}与本题号不一致；未能在材料正文定位到第14题段，仅按同卷材料登记为候选；题干块6-gram重叠0.0000(题干255字/材料段0字)
BJ-2024-DC-ERMO-Q14,BJ-2024-DC-ERMO,14,S6c445538df98,2024模拟题/东城二模/细则/分题细则/阅卷总结/18题/18（2）.docx,评分细则_分题切片,正式评分材料,已排除（文件名指向他题）,存在候选,0.0,18,考试身份同(BJ-2024-DC-ERMO)；文件名题号{18}与本题号不一致；未能在材料正文定位到第14题段，仅按同卷材料登记为候选；题干块6-gram重叠0.0000(题干255字/材料段0字)
BJ-2024-DC-ERMO-Q14,BJ-2024-DC-ERMO,14,Sd682ecb2695e,2024模拟题/东城二模/细则/分题细则/阅卷总结/19题/19（1）.docx,评分细则_分题切片,正式评分材料,已排除（文件名指向他题）,存在候选,0.0,19,考试身份同(BJ-2024-DC-ERMO)；文件名题号{19}与本题号不一致；未能在材料正文定位到第14题段，仅按同卷材料登记为候选；题干块6-gram重叠0.0000(题干255字/材料段0字)
BJ-2024-DC-ERMO-Q14,BJ-2024-DC-ERMO,14,S5c18cbecb82d,2024模拟题/东城二模/细则/分题细则/阅卷总结/19题/19（2）.docx,评分细则_分题切片,正式评分材料,已排除（文件名指向他题）,存在候选,0.0,19,考试身份同(BJ-2024-DC-ERMO)；文件名题号{19}与本题号不一致；未能在材料正文定位到第14题段，仅按同卷材料登记为候选；题干块6-gram重叠0.0000(题干255字/材料段0字)
BJ-2024-DC-ERMO-Q14,BJ-2024-DC-ERMO,14,S4c98484a2246,2024模拟题/东城二模/细则/分题细则/阅卷总结/21题/20小题二模阅卷总结.docx,评分细则_分题切片,正式评分材料,存在候选,存在候选,0.0,,考试身份同(BJ-2024-DC-ERMO)；文件名未限定题号；未能在材料正文定位到第14题段，仅按同卷材料登记为候选；题干块6-gram重叠0.0000(题干255字/材料段0字)
BJ-2024-DC-ERMO-Q14,BJ-2024-DC-ERMO,14,S9019906692e8,2024模拟题/东城二模/细则/分题细则/阅卷总结/21题/21.docx,评分细则_分题切片,正式评分材料,存在候选,存在候选,0.0,,考试身份同(BJ-2024-DC-ERMO)；文件名未限定题号；未能在材料正文定位到第14题段，仅按同卷材料登记为候选；题干块6-gram重叠0.0000(题干255字/材料段0字)
BJ-2024-DC-ERMO-Q14,BJ-2024-DC-ERMO,14,Sbdc183dc9541,2024模拟题/东城二模/细则/分题细则/阅卷总结/21题/21题(1).pptx,评分细则_分题切片,正式评分材料,已排除（文件名指向他题）,存在候选,0.0,21,考试身份同(BJ-2024-DC-ERMO)；文件名题号{21}与本题号不一致；未能在材料正文定位到第14题段，仅按同卷材料登记为候选；题干块6-gram重叠0.0000(题干255字/材料段0字)
BJ-2024-DC-ERMO-Q14,BJ-2024-DC-ERMO,14,S8db78abe18de,2024模拟题/东城二模/细则/补充材料/细则.pdf,评分材料,正式评分材料,存在候选,存在候选,0.0,,考试身份同(BJ-2024-DC-ERMO)；文件名未限定题号；未能在材料正文定位到第14题段，仅按同卷材料登记为候选；题干块6-gram重叠0.0000(题干255字/材料段0字)
BJ-2024-DC-ERMO-Q15,BJ-2024-DC-ERMO,15,S3fe06deac367,2024模拟题/东城二模/细则/分题细则/阅卷总结/16题/16题二模阅卷总结.docx,评分细则_分题切片,正式评分材料,已排除（文件名指向他题）,存在候选,0.0,16,考试身份同(BJ-2024-DC-ERMO)；文件名题号{16}与本题号不一致；未能在材料正文定位到第15题段，仅按同卷材料登记为候选；题干块6-gram重叠0.0000(题干412字/材料段0字)
BJ-2024-DC-ERMO-Q15,BJ-2024-DC-ERMO,15,S896b0f378cbd,2024模拟题/东城二模/细则/分题细则/阅卷总结/16题/16题评分细则.pptx,评分细则_分题切片,正式评分材料,已排除（文件名指向他题）,存在候选,0.0,16,考试身份同(BJ-2024-DC-ERMO)；文件名题号{16}与本题号不一致；未能在材料正文定位到第15题段，仅按同卷材料登记为候选；题干块6-gram重叠0.0000(题干412字/材料段0字)
BJ-2024-DC-ERMO-Q15,BJ-2024-DC-ERMO,15,S47c34e3af056,2024模拟题/东城二模/细则/分题细则/阅卷总结/17题/17(1).docx,评分细则_分题切片,正式评分材料,已排除（文件名指向他题）,存在候选,0.0,17,考试身份同(BJ-2024-DC-ERMO)；文件名题号{17}与本题号不一致；未能在材料正文定位到第15题段，仅按同卷材料登记为候选；题干块6-gram重叠0.0000(题干412字/材料段0字)
BJ-2024-DC-ERMO-Q15,BJ-2024-DC-ERMO,15,S72fd64a3dddd,2024模拟题/东城二模/细则/分题细则/阅卷总结/17题/17-2.docx,评分细则_分题切片,正式评分材料,存在候选,存在候选,0.0,,考试身份同(BJ-2024-DC-ERMO)；文件名未限定题号；未能在材料正文定位到第15题段，仅按同卷材料登记为候选；题干块6-gram重叠0.0000(题干412字/材料段0字)
BJ-2024-DC-ERMO-Q15,BJ-2024-DC-ERMO,15,S4238b9f0bc92,2024模拟题/东城二模/细则/分题细则/阅卷总结/18题/18(1).docx,评分细则_分题切片,正式评分材料,已排除（文件名指向他题）,存在候选,0.0,18,考试身份同(BJ-2024-DC-ERMO)；文件名题号{18}与本题号不一致；未能在材料正文定位到第15题段，仅按同卷材料登记为候选；题干块6-gram重叠0.0000(题干412字/材料段0字)
BJ-2024-DC-ERMO-Q15,BJ-2024-DC-ERMO,15,S6c445538df98,2024模拟题/东城二模/细则/分题细则/阅卷总结/18题/18（2）.docx,评分细则_分题切片,正式评分材料,已排除（文件名指向他题）,存在候选,0.0,18,考试身份同(BJ-2024-DC-ERMO)；文件名题号{18}与本题号不一致；未能在材料正文定位到第15题段，仅按同卷材料登记为候选；题干块6-gram重叠0.0000(题干412字/材料段0字)
BJ-2024-DC-ERMO-Q15,BJ-2024-DC-ERMO,15,Sd682ecb2695e,2024模拟题/东城二模/细则/分题细则/阅卷总结/19题/19（1）.docx,评分细则_分题切片,正式评分材料,已排除（文件名指向他题）,存在候选,0.0,19,考试身份同(BJ-2024-DC-ERMO)；文件名题号{19}与本题号不一致；未能在材料正文定位到第15题段，仅按同卷材料登记为候选；题干块6-gram重叠0.0000(题干412字/材料段0字)
BJ-2024-DC-ERMO-Q15,BJ-2024-DC-ERMO,15,S5c18cbecb82d,2024模拟题/东城二模/细则/分题细则/阅卷总结/19题/19（2）.docx,评分细则_分题切片,正式评分材料,已排除（文件名指向他题）,存在候选,0.0,19,考试身份同(BJ-2024-DC-ERMO)；文件名题号{19}与本题号不一致；未能在材料正文定位到第15题段，仅按同卷材料登记为候选；题干块6-gram重叠0.0000(题干412字/材料段0字)
BJ-2024-DC-ERMO-Q15,BJ-2024-DC-ERMO,15,S4c98484a2246,2024模拟题/东城二模/细则/分题细则/阅卷总结/21题/20小题二模阅卷总结.docx,评分细则_分题切片,正式评分材料,存在候选,存在候选,0.0,,考试身份同(BJ-2024-DC-ERMO)；文件名未限定题号；未能在材料正文定位到第15题段，仅按同卷材料登记为候选；题干块6-gram重叠0.0000(题干412字/材料段0字)
BJ-2024-DC-ERMO-Q15,BJ-2024-DC-ERMO,15,S9019906692e8,2024模拟题/东城二模/细则/分题细则/阅卷总结/21题/21.docx,评分细则_分题切片,正式评分材料,存在候选,存在候选,0.0,,考试身份同(BJ-2024-DC-ERMO)；文件名未限定题号；未能在材料正文定位到第15题段，仅按同卷材料登记为候选；题干块6-gram重叠0.0000(题干412字/材料段0字)
BJ-2024-DC-ERMO-Q15,BJ-2024-DC-ERMO,15,Sbdc183dc9541,2024模拟题/东城二模/细则/分题细则/阅卷总结/21题/21题(1).pptx,评分细则_分题切片,正式评分材料,已排除（文件名指向他题）,存在候选,0.0,21,考试身份同(BJ-2024-DC-ERMO)；文件名题号{21}与本题号不一致；未能在材料正文定位到第15题段，仅按同卷材料登记为候选；题干块6-gram重叠0.0000(题干412字/材料段0字)
BJ-2024-DC-ERMO-Q15,BJ-2024-DC-ERMO,15,S8db78abe18de,2024模拟题/东城二模/细则/补充材料/细则.pdf,评分材料,正式评分材料,存在候选,存在候选,0.0,,考试身份同(BJ-2024-DC-ERMO)；文件名未限定题号；未能在材料正文定位到第15题段，仅按同卷材料登记为候选；题干块6-gram重叠0.0000(题干412字/材料段0字)
BJ-2024-FT-YIMO-Q16,BJ-2024-FT-YIMO,16,S950d6b2d3cdd,2024模拟题/丰台一模/细则/细则.docx,评分材料,正式评分材料,已匹配正式材料,已匹配正式材料,1.0,,考试身份同(BJ-2024-FT-YIMO)；文件名未限定题号；正文定位方式=题号起首；题干块6-gram重叠1.0000(题干50字/材料段4000字)；同题另一来源块状态较弱(存在候选)，已按最强状态归并；同题另一来源块状态较弱(存在候选)，已按最强状态归并；同题另一来源块状态较弱(存在候选)，已按最强状态归并
BJ-2024-FT-YIMO-Q16,BJ-2024-FT-YIMO,16,S5f5486bfc3ba,2024模拟题/丰台一模/试卷/补充材料/2024北京丰台高三一模政治试题及答案.pdf,参考答案,参考答案,已匹配参考答案,已匹配正式材料,0.9333,,考试身份同(BJ-2024-FT-YIMO)；文件名未限定题号；正文定位方式=题号起首；题干块6-gram重叠0.9333(题干50字/材料段429字)；同题另一来源块状态较弱(已匹配参考答案)，已按最强状态归并；同题另一来源块状态较弱(已匹配参考答案)，已按最强状态归并；同题另一来源块状态较弱(已匹配参考答案)，已按最强状态归并
BJ-2024-FT-YIMO-Q19,BJ-2024-FT-YIMO,19,S950d6b2d3cdd,2024模拟题/丰台一模/细则/细则.docx,评分材料,正式评分材料,已匹配正式材料,已匹配正式材料,1.0,,考试身份同(BJ-2024-FT-YIMO)；文件名未限定题号；正文定位方式=题号起首；题干块6-gram重叠1.0000(题干862字/材料段1688字)；分值文本 2；同题另一来源块状态较弱(存在候选)，已按最强状态归并；同题另一来源块状态较弱(存在候选)，已按最强状态归并；同题另一来源块状态较弱(存在候选)，已按最强状态归并
BJ-2024-FT-YIMO-Q19,BJ-2024-FT-YIMO,19,S5f5486bfc3ba,2024模拟题/丰台一模/试卷/补充材料/2024北京丰台高三一模政治试题及答案.pdf,参考答案,参考答案,已匹配参考答案,已匹配正式材料,1.0,,考试身份同(BJ-2024-FT-YIMO)；文件名未限定题号；正文定位方式=题号起首；题干块6-gram重叠1.0000(题干482字/材料段484字)；分值文本 8；同题另一来源块状态较弱(存在候选)，已按最强状态归并；同题另一来源块状态较弱(已匹配参考答案)，已按最强状态归并；同题另一来源块状态较弱(已匹配参考答案)，已按最强状态归并
BJ-2024-FT-YIMO-Q1,BJ-2024-FT-YIMO,1,S950d6b2d3cdd,2024模拟题/丰台一模/细则/细则.docx,评分材料,正式评分材料,存在候选,仅有参考答案,0.0,,考试身份同(BJ-2024-FT-YIMO)；文件名未限定题号；正文定位方式=题号起首；题干块6-gram重叠0.0000(题干278字/材料段1017字)；同题另一来源块状态较弱(存在候选)，已按最强状态归并；同题另一来源块状态较弱(存在候选)，已按最强状态归并；同题另一来源块状态较弱(存在候选)，已按最强状态归并
BJ-2024-FT-YIMO-Q1,BJ-2024-FT-YIMO,1,S5f5486bfc3ba,2024模拟题/丰台一模/试卷/补充材料/2024北京丰台高三一模政治试题及答案.pdf,参考答案,参考答案,已匹配参考答案,仅有参考答案,1.0,,考试身份同(BJ-2024-FT-YIMO)；文件名未限定题号；正文定位方式=题号起首；题干块6-gram重叠1.0000(题干278字/材料段279字)；同题另一来源块状态较弱(已匹配参考答案)，已按最强状态归并；同题另一来源块状态较弱(已匹配参考答案)，已按最强状态归并；同题另一来源块状态较弱(已匹配参考答案)，已按最强状态归并
BJ-2024-FT-YIMO-Q2,BJ-2024-FT-YIMO,2,S950d6b2d3cdd,2024模拟题/丰台一模/细则/细则.docx,评分材料,正式评分材料,存在候选,仅有参考答案,0.0,,考试身份同(BJ-2024-FT-YIMO)；文件名未限定题号；未能在材料正文定位到第2题段，仅按同卷材料登记为候选；题干块6-gram重叠0.0000(题干267字/材料段0字)；同题另一来源块状态较弱(存在候选)，已按最强状态归并；同题另一来源块状态较弱(存在候选)，已按最强状态归并；同题另一来源块状态较弱(存在候选)，已按最强状态归并
BJ-2024-FT-YIMO-Q2,BJ-2024-FT-YIMO,2,S5f5486bfc3ba,2024模拟题/丰台一模/试卷/补充材料/2024北京丰台高三一模政治试题及答案.pdf,参考答案,参考答案,已匹配参考答案,仅有参考答案,1.0,,考试身份同(BJ-2024-FT-YIMO)；文件名未限定题号；正文定位方式=题号起首；题干块6-gram重叠1.0000(题干267字/材料段268字)；同题另一来源块状态较弱(已匹配参考答案)，已按最强状态归并；同题另一来源块状态较弱(已匹配参考答案)，已按最强状态归并；同题另一来源块状态较弱(已匹配参考答案)，已按最强状态归并
BJ-2024-FT-YIMO-Q3,BJ-2024-FT-YIMO,3,S950d6b2d3cdd,2024模拟题/丰台一模/细则/细则.docx,评分材料,正式评分材料,存在候选,仅有参考答案,0.0,,考试身份同(BJ-2024-FT-YIMO)；文件名未限定题号；未能在材料正文定位到第3题段，仅按同卷材料登记为候选；题干块6-gram重叠0.0000(题干254字/材料段0字)；同题另一来源块状态较弱(存在候选)，已按最强状态归并；同题另一来源块状态较弱(存在候选)，已按最强状态归并；同题另一来源块状态较弱(存在候选)，已按最强状态归并
BJ-2024-FT-YIMO-Q3,BJ-2024-FT-YIMO,3,S5f5486bfc3ba,2024模拟题/丰台一模/试卷/补充材料/2024北京丰台高三一模政治试题及答案.pdf,参考答案,参考答案,已匹配参考答案,仅有参考答案,1.0,,考试身份同(BJ-2024-FT-YIMO)；文件名未限定题号；正文定位方式=题号起首；题干块6-gram重叠1.0000(题干254字/材料段255字)；同题另一来源块状态较弱(已匹配参考答案)，已按最强状态归并；同题另一来源块状态较弱(已匹配参考答案)，已按最强状态归并；同题另一来源块状态较弱(已匹配参考答案)，已按最强状态归并
BJ-2024-FT-YIMO-Q4,BJ-2024-FT-YIMO,4,S950d6b2d3cdd,2024模拟题/丰台一模/细则/细则.docx,评分材料,正式评分材料,存在候选,仅有参考答案,0.0,,考试身份同(BJ-2024-FT-YIMO)；文件名未限定题号；未能在材料正文定位到第4题段，仅按同卷材料登记为候选；题干块6-gram重叠0.0000(题干318字/材料段0字)；同题另一来源块状态较弱(存在候选)，已按最强状态归并；同题另一来源块状态较弱(存在候选)，已按最强状态归并
BJ-2024-FT-YIMO-Q4,BJ-2024-FT-YIMO,4,S5f5486bfc3ba,2024模拟题/丰台一模/试卷/补充材料/2024北京丰台高三一模政治试题及答案.pdf,参考答案,参考答案,已匹配参考答案,仅有参考答案,1.0,,考试身份同(BJ-2024-FT-YIMO)；文件名未限定题号；正文定位方式=题号起首；题干块6-gram重叠1.0000(题干318字/材料段319字)；同题另一来源块状态较弱(已匹配参考答案)，已按最强状态归并；同题另一来源块状态较弱(已匹配参考答案)，已按最强状态归并
BJ-2024-FT-YIMO-Q5,BJ-2024-FT-YIMO,5,S950d6b2d3cdd,2024模拟题/丰台一模/细则/细则.docx,评分材料,正式评分材料,存在候选,仅有参考答案,0.0,,考试身份同(BJ-2024-FT-YIMO)；文件名未限定题号；未能在材料正文定位到第5题段，仅按同卷材料登记为候选；题干块6-gram重叠0.0000(题干229字/材料段0字)；同题另一来源块状态较弱(存在候选)，已按最强状态归并；同题另一来源块状态较弱(存在候选)，已按最强状态归并
BJ-2024-FT-YIMO-Q5,BJ-2024-FT-YIMO,5,S5f5486bfc3ba,2024模拟题/丰台一模/试卷/补充材料/2024北京丰台高三一模政治试题及答案.pdf,参考答案,参考答案,已匹配参考答案,仅有参考答案,1.0,,考试身份同(BJ-2024-FT-YIMO)；文件名未限定题号；正文定位方式=题号起首；题干块6-gram重叠1.0000(题干229字/材料段230字)；同题另一来源块状态较弱(已匹配参考答案)，已按最强状态归并；同题另一来源块状态较弱(已匹配参考答案)，已按最强状态归并
BJ-2024-FT-YIMO-Q6,BJ-2024-FT-YIMO,6,S950d6b2d3cdd,2024模拟题/丰台一模/细则/细则.docx,评分材料,正式评分材料,存在候选,仅有参考答案,0.0,,考试身份同(BJ-2024-FT-YIMO)；文件名未限定题号；未能在材料正文定位到第6题段，仅按同卷材料登记为候选；题干块6-gram重叠0.0000(题干410字/材料段0字)；同题另一来源块状态较弱(存在候选)，已按最强状态归并；同题另一来源块状态较弱(存在候选)，已按最强状态归并
BJ-2024-FT-YIMO-Q6,BJ-2024-FT-YIMO,6,S5f5486bfc3ba,2024模拟题/丰台一模/试卷/补充材料/2024北京丰台高三一模政治试题及答案.pdf,参考答案,参考答案,已匹配参考答案,仅有参考答案,1.0,,考试身份同(BJ-2024-FT-YIMO)；文件名未限定题号；正文定位方式=题号起首；题干块6-gram重叠1.0000(题干410字/材料段4000字)；同题另一来源块状态较弱(已匹配参考答案)，已按最强状态归并；同题另一来源块状态较弱(已匹配参考答案)，已按最强状态归并
BJ-2024-FT-YIMO-Q8,BJ-2024-FT-YIMO,8,S950d6b2d3cdd,2024模拟题/丰台一模/细则/细则.docx,评分材料,正式评分材料,存在候选,仅有参考答案,0.0,,考试身份同(BJ-2024-FT-YIMO)；文件名未限定题号；未能在材料正文定位到第8题段，仅按同卷材料登记为候选；题干块6-gram重叠0.0000(题干332字/材料段0字)；同题另一来源块状态较弱(存在候选)，已按最强状态归并；同题另一来源块状态较弱(存在候选)，已按最强状态归并
BJ-2024-FT-YIMO-Q8,BJ-2024-FT-YIMO,8,S5f5486bfc3ba,2024模拟题/丰台一模/试卷/补充材料/2024北京丰台高三一模政治试题及答案.pdf,参考答案,参考答案,已匹配参考答案,仅有参考答案,1.0,,考试身份同(BJ-2024-FT-YIMO)；文件名未限定题号；正文定位方式=题号起首；题干块6-gram重叠1.0000(题干332字/材料段333字)；同题另一来源块状态较弱(已匹配参考答案)，已按最强状态归并；同题另一来源块状态较弱(已匹配参考答案)，已按最强状态归并
BJ-2024-FT-YIMO-Q9,BJ-2024-FT-YIMO,9,S950d6b2d3cdd,2024模拟题/丰台一模/细则/细则.docx,评分材料,正式评分材料,存在候选,存在候选,0.0,,考试身份同(BJ-2024-FT-YIMO)；文件名未限定题号；未能在材料正文定位到第9题段，仅按同卷材料登记为候选；题干块6-gram重叠0.0000(题干110字/材料段0字)；同题另一来源块状态较弱(存在候选)，已按最强状态归并；同题另一来源块状态较弱(存在候选)，已按最强状态归并
BJ-2024-FT-YIMO-Q9,BJ-2024-FT-YIMO,9,S5f5486bfc3ba,2024模拟题/丰台一模/试卷/补充材料/2024北京丰台高三一模政治试题及答案.pdf,参考答案,参考答案,存在候选,存在候选,1.0,,考试身份同(BJ-2024-FT-YIMO)；文件名未限定题号；正文定位方式=题号起首；题干块6-gram重叠1.0000(题干110字/材料段111字)；同题另一来源块状态较弱(存在候选)，已按最强状态归并；同题另一来源块状态较弱(存在候选)，已按最强状态归并
BJ-2024-FT-YIMO-Q10,BJ-2024-FT-YIMO,10,S950d6b2d3cdd,2024模拟题/丰台一模/细则/细则.docx,评分材料,正式评分材料,存在候选,仅有参考答案,0.0,,考试身份同(BJ-2024-FT-YIMO)；文件名未限定题号；未能在材料正文定位到第10题段，仅按同卷材料登记为候选；题干块6-gram重叠0.0000(题干204字/材料段0字)；同题另一来源块状态较弱(存在候选)，已按最强状态归并；同题另一来源块状态较弱(存在候选)，已按最强状态归并
BJ-2024-FT-YIMO-Q10,BJ-2024-FT-YIMO,10,S5f5486bfc3ba,2024模拟题/丰台一模/试卷/补充材料/2024北京丰台高三一模政治试题及答案.pdf,参考答案,参考答案,已匹配参考答案,仅有参考答案,1.0,,考试身份同(BJ-2024-FT-YIMO)；文件名未限定题号；正文定位方式=题号起首；题干块6-gram重叠1.0000(题干204字/材料段205字)；同题另一来源块状态较弱(已匹配参考答案)，已按最强状态归并；同题另一来源块状态较弱(已匹配参考答案)，已按最强状态归并
BJ-2024-FT-YIMO-Q11,BJ-2024-FT-YIMO,11,S950d6b2d3cdd,2024模拟题/丰台一模/细则/细则.docx,评分材料,正式评分材料,存在候选,仅有参考答案,0.0,,考试身份同(BJ-2024-FT-YIMO)；文件名未限定题号；未能在材料正文定位到第11题段，仅按同卷材料登记为候选；题干块6-gram重叠0.0000(题干319字/材料段0字)；同题另一来源块状态较弱(存在候选)，已按最强状态归并；同题另一来源块状态较弱(存在候选)，已按最强状态归并
BJ-2024-FT-YIMO-Q11,BJ-2024-FT-YIMO,11,S5f5486bfc3ba,2024模拟题/丰台一模/试卷/补充材料/2024北京丰台高三一模政治试题及答案.pdf,参考答案,参考答案,已匹配参考答案,仅有参考答案,1.0,,考试身份同(BJ-2024-FT-YIMO)；文件名未限定题号；正文定位方式=题号起首；题干块6-gram重叠1.0000(题干319字/材料段320字)；同题另一来源块状态较弱(已匹配参考答案)，已按最强状态归并；同题另一来源块状态较弱(已匹配参考答案)，已按最强状态归并
BJ-2024-FT-YIMO-Q12,BJ-2024-FT-YIMO,12,S950d6b2d3cdd,2024模拟题/丰台一模/细则/细则.docx,评分材料,正式评分材料,存在候选,仅有参考答案,0.0,,考试身份同(BJ-2024-FT-YIMO)；文件名未限定题号；未能在材料正文定位到第12题段，仅按同卷材料登记为候选；题干块6-gram重叠0.0000(题干255字/材料段0字)；同题另一来源块状态较弱(存在候选)，已按最强状态归并；同题另一来源块状态较弱(存在候选)，已按最强状态归并
BJ-2024-FT-YIMO-Q12,BJ-2024-FT-YIMO,12,S5f5486bfc3ba,2024模拟题/丰台一模/试卷/补充材料/2024北京丰台高三一模政治试题及答案.pdf,参考答案,参考答案,已匹配参考答案,仅有参考答案,1.0,,考试身份同(BJ-2024-FT-YIMO)；文件名未限定题号；正文定位方式=题号起首；题干块6-gram重叠1.0000(题干255字/材料段256字)；同题另一来源块状态较弱(已匹配参考答案)，已按最强状态归并；同题另一来源块状态较弱(已匹配参考答案)，已按最强状态归并
BJ-2024-FT-YIMO-Q13,BJ-2024-FT-YIMO,13,S950d6b2d3cdd,2024模拟题/丰台一模/细则/细则.docx,评分材料,正式评分材料,存在候选,仅有参考答案,0.0,,考试身份同(BJ-2024-FT-YIMO)；文件名未限定题号；未能在材料正文定位到第13题段，仅按同卷材料登记为候选；题干块6-gram重叠0.0000(题干346字/材料段0字)；同题另一来源块状态较弱(存在候选)，已按最强状态归并
BJ-2024-FT-YIMO-Q13,BJ-2024-FT-YIMO,13,S5f5486bfc3ba,2024模拟题/丰台一模/试卷/补充材料/2024北京丰台高三一模政治试题及答案.pdf,参考答案,参考答案,已匹配参考答案,仅有参考答案,1.0,,考试身份同(BJ-2024-FT-YIMO)；文件名未限定题号；正文定位方式=题号起首；题干块6-gram重叠1.0000(题干346字/材料段347字)；同题另一来源块状态较弱(已匹配参考答案)，已按最强状态归并
BJ-2024-FT-YIMO-Q14,BJ-2024-FT-YIMO,14,S950d6b2d3cdd,2024模拟题/丰台一模/细则/细则.docx,评分材料,正式评分材料,存在候选,仅有参考答案,0.0,,考试身份同(BJ-2024-FT-YIMO)；文件名未限定题号；未能在材料正文定位到第14题段，仅按同卷材料登记为候选；题干块6-gram重叠0.0000(题干264字/材料段0字)；同题另一来源块状态较弱(存在候选)，已按最强状态归并；同题另一来源块状态较弱(存在候选)，已按最强状态归并
BJ-2024-FT-YIMO-Q14,BJ-2024-FT-YIMO,14,S5f5486bfc3ba,2024模拟题/丰台一模/试卷/补充材料/2024北京丰台高三一模政治试题及答案.pdf,参考答案,参考答案,已匹配参考答案,仅有参考答案,1.0,,考试身份同(BJ-2024-FT-YIMO)；文件名未限定题号；正文定位方式=题号起首；题干块6-gram重叠1.0000(题干264字/材料段265字)；同题另一来源块状态较弱(已匹配参考答案)，已按最强状态归并；同题另一来源块状态较弱(已匹配参考答案)，已按最强状态归并
BJ-2024-FT-YIMO-Q15,BJ-2024-FT-YIMO,15,S950d6b2d3cdd,2024模拟题/丰台一模/细则/细则.docx,评分材料,正式评分材料,存在候选,仅有参考答案,0.0,,考试身份同(BJ-2024-FT-YIMO)；文件名未限定题号；未能在材料正文定位到第15题段，仅按同卷材料登记为候选；题干块6-gram重叠0.0000(题干291字/材料段0字)；同题另一来源块状态较弱(存在候选)，已按最强状态归并；同题另一来源块状态较弱(存在候选)，已按最强状态归并
BJ-2024-FT-YIMO-Q15,BJ-2024-FT-YIMO,15,S5f5486bfc3ba,2024模拟题/丰台一模/试卷/补充材料/2024北京丰台高三一模政治试题及答案.pdf,参考答案,参考答案,已匹配参考答案,仅有参考答案,1.0,,考试身份同(BJ-2024-FT-YIMO)；文件名未限定题号；正文定位方式=题号起首；题干块6-gram重叠1.0000(题干291字/材料段292字)；同题另一来源块状态较弱(已匹配参考答案)，已按最强状态归并；同题另一来源块状态较弱(已匹配参考答案)，已按最强状态归并
BJ-2024-FT-YIMO-Q17,BJ-2024-FT-YIMO,17,S950d6b2d3cdd,2024模拟题/丰台一模/细则/细则.docx,评分材料,正式评分材料,存在候选,仅有参考答案,0.0,,考试身份同(BJ-2024-FT-YIMO)；文件名未限定题号；未能在材料正文定位到第17题段，仅按同卷材料登记为候选；题干块6-gram重叠0.0000(题干457字/材料段0字)；分值文本 8；同题另一来源块状态较弱(存在候选)，已按最强状态归并；同题另一来源块状态较弱(存在候选)，已按最强状态归并
BJ-2024-FT-YIMO-Q17,BJ-2024-FT-YIMO,17,S5f5486bfc3ba,2024模拟题/丰台一模/试卷/补充材料/2024北京丰台高三一模政治试题及答案.pdf,参考答案,参考答案,已匹配参考答案,仅有参考答案,1.0,,考试身份同(BJ-2024-FT-YIMO)；文件名未限定题号；正文定位方式=题号起首；题干块6-gram重叠1.0000(题干457字/材料段457字)；分值文本 8；同题另一来源块状态较弱(已匹配参考答案)，已按最强状态归并；同题另一来源块状态较弱(已匹配参考答案)，已按最强状态归并
BJ-2024-FT-YIMO-Q18,BJ-2024-FT-YIMO,18,S950d6b2d3cdd,2024模拟题/丰台一模/细则/细则.docx,评分材料,正式评分材料,存在候选,仅有参考答案,0.0,,考试身份同(BJ-2024-FT-YIMO)；文件名未限定题号；未能在材料正文定位到第18题段，仅按同卷材料登记为候选；题干块6-gram重叠0.0000(题干699字/材料段0字)；分值文本 16；同题另一来源块状态较弱(存在候选)，已按最强状态归并；同题另一来源块状态较弱(存在候选)，已按最强状态归并
BJ-2024-FT-YIMO-Q18,BJ-2024-FT-YIMO,18,S5f5486bfc3ba,2024模拟题/丰台一模/试卷/补充材料/2024北京丰台高三一模政治试题及答案.pdf,参考答案,参考答案,已匹配参考答案,仅有参考答案,1.0,,考试身份同(BJ-2024-FT-YIMO)；文件名未限定题号；正文定位方式=题号起首；题干块6-gram重叠1.0000(题干699字/材料段700字)；分值文本 16；同题另一来源块状态较弱(已匹配参考答案)，已按最强状态归并；同题另一来源块状态较弱(已匹配参考答案)，已按最强状态归并
BJ-2024-FT-YIMO-Q20,BJ-2024-FT-YIMO,20,S950d6b2d3cdd,2024模拟题/丰台一模/细则/细则.docx,评分材料,正式评分材料,存在候选,仅有参考答案,0.0,,考试身份同(BJ-2024-FT-YIMO)；文件名未限定题号；未能在材料正文定位到第20题段，仅按同卷材料登记为候选；题干块6-gram重叠0.0000(题干372字/材料段0字)；分值文本 7；同题另一来源块状态较弱(存在候选)，已按最强状态归并；同题另一来源块状态较弱(存在候选)，已按最强状态归并
BJ-2024-FT-YIMO-Q20,BJ-2024-FT-YIMO,20,S5f5486bfc3ba,2024模拟题/丰台一模/试卷/补充材料/2024北京丰台高三一模政治试题及答案.pdf,参考答案,参考答案,已匹配参考答案,仅有参考答案,1.0,,考试身份同(BJ-2024-FT-YIMO)；文件名未限定题号；正文定位方式=题号起首；题干块6-gram重叠1.0000(题干372字/材料段373字)；分值文本 7；同题另一来源块状态较弱(已匹配参考答案)，已按最强状态归并；同题另一来源块状态较弱(已匹配参考答案)，已按最强状态归并
BJ-2024-FT-YIMO-Q21,BJ-2024-FT-YIMO,21,S950d6b2d3cdd,2024模拟题/丰台一模/细则/细则.docx,评分材料,正式评分材料,存在候选,仅有参考答案,0.0,,考试身份同(BJ-2024-FT-YIMO)；文件名未限定题号；未能在材料正文定位到第21题段，仅按同卷材料登记为候选；题干块6-gram重叠0.0000(题干526字/材料段0字)；分值文本 8；同题另一来源块状态较弱(存在候选)，已按最强状态归并；同题另一来源块状态较弱(存在候选)，已按最强状态归并
BJ-2024-FT-YIMO-Q21,BJ-2024-FT-YIMO,21,S5f5486bfc3ba,2024模拟题/丰台一模/试卷/补充材料/2024北京丰台高三一模政治试题及答案.pdf,参考答案,参考答案,已匹配参考答案,仅有参考答案,1.0,,考试身份同(BJ-2024-FT-YIMO)；文件名未限定题号；正文定位方式=题号起首；题干块6-gram重叠1.0000(题干526字/材料段2576字)；分值文本 8；同题另一来源块状态较弱(已匹配参考答案)，已按最强状态归并；同题另一来源块状态较弱(已匹配参考答案)，已按最强状态归并
BJ-2024-FT-YIMO-Q7,BJ-2024-FT-YIMO,7,S950d6b2d3cdd,2024模拟题/丰台一模/细则/细则.docx,评分材料,正式评分材料,存在候选,存在候选,0.0,,考试身份同(BJ-2024-FT-YIMO)；文件名未限定题号；未能在材料正文定位到第7题段，仅按同卷材料登记为候选；题干块6-gram重叠0.0000(题干160字/材料段0字)
BJ-2024-FT-YIMO-Q7,BJ-2024-FT-YIMO,7,S5f5486bfc3ba,2024模拟题/丰台一模/试卷/补充材料/2024北京丰台高三一模政治试题及答案.pdf,参考答案,参考答案,存在候选,存在候选,0.0,,考试身份同(BJ-2024-FT-YIMO)；文件名未限定题号；未能在材料正文定位到第7题段，仅按同卷材料登记为候选；题干块6-gram重叠0.0000(题干160字/材料段0字)
BJ-2024-FT-ERMO-Q17,BJ-2024-FT-ERMO,17,S71fcaa9e66af,2024模拟题/丰台二模/细则/细则.docx,评分材料,正式评分材料,已匹配正式材料,已匹配正式材料,1.0,,考试身份同(BJ-2024-FT-ERMO)；文件名未限定题号；正文定位方式=题号起首；题干块6-gram重叠1.0000(题干46字/材料段3229字)；分值文本 8；同题另一来源块状态较弱(存在候选)，已按最强状态归并
BJ-2024-FT-ERMO-Q19,BJ-2024-FT-ERMO,19,S71fcaa9e66af,2024模拟题/丰台二模/细则/细则.docx,评分材料,正式评分材料,已匹配正式材料,已匹配正式材料,1.0,,考试身份同(BJ-2024-FT-ERMO)；文件名未限定题号；正文定位方式=题号起首；题干块6-gram重叠1.0000(题干45字/材料段1265字)；分值文本 6；同题另一来源块状态较弱(存在候选)，已按最强状态归并
BJ-2024-FT-ERMO-Q1,BJ-2024-FT-ERMO,1,S71fcaa9e66af,2024模拟题/丰台二模/细则/细则.docx,评分材料,正式评分材料,存在候选,存在候选,0.0,,考试身份同(BJ-2024-FT-ERMO)；文件名未限定题号；正文定位方式=题号起首；题干块6-gram重叠0.0000(题干196字/材料段165字)
BJ-2024-FT-ERMO-Q2,BJ-2024-FT-ERMO,2,S71fcaa9e66af,2024模拟题/丰台二模/细则/细则.docx,评分材料,正式评分材料,存在候选,存在候选,0.0,,考试身份同(BJ-2024-FT-ERMO)；文件名未限定题号；正文定位方式=题号起首；题干块6-gram重叠0.0000(题干245字/材料段32字)
BJ-2024-FT-ERMO-Q3,BJ-2024-FT-ERMO,3,S71fcaa9e66af,2024模拟题/丰台二模/细则/细则.docx,评分材料,正式评分材料,存在候选,存在候选,0.0,,考试身份同(BJ-2024-FT-ERMO)；文件名未限定题号；正文定位方式=题号起首；题干块6-gram重叠0.0000(题干431字/材料段22字)
BJ-2024-FT-ERMO-Q4,BJ-2024-FT-ERMO,4,S71fcaa9e66af,2024模拟题/丰台二模/细则/细则.docx,评分材料,正式评分材料,存在候选,存在候选,0.0,,考试身份同(BJ-2024-FT-ERMO)；文件名未限定题号；正文定位方式=题号起首；题干块6-gram重叠0.0000(题干230字/材料段852字)
BJ-2024-FT-ERMO-Q5,BJ-2024-FT-ERMO,5,S71fcaa9e66af,2024模拟题/丰台二模/细则/细则.docx,评分材料,正式评分材料,存在候选,存在候选,0.0,,考试身份同(BJ-2024-FT-ERMO)；文件名未限定题号；未能在材料正文定位到第5题段，仅按同卷材料登记为候选；题干块6-gram重叠0.0000(题干360字/材料段0字)
BJ-2024-FT-ERMO-Q6,BJ-2024-FT-ERMO,6,S71fcaa9e66af,2024模拟题/丰台二模/细则/细则.docx,评分材料,正式评分材料,存在候选,存在候选,0.0,,考试身份同(BJ-2024-FT-ERMO)；文件名未限定题号；未能在材料正文定位到第6题段，仅按同卷材料登记为候选；题干块6-gram重叠0.0000(题干259字/材料段0字)
BJ-2024-FT-ERMO-Q7,BJ-2024-FT-ERMO,7,S71fcaa9e66af,2024模拟题/丰台二模/细则/细则.docx,评分材料,正式评分材料,存在候选,存在候选,0.0,,考试身份同(BJ-2024-FT-ERMO)；文件名未限定题号；未能在材料正文定位到第7题段，仅按同卷材料登记为候选；题干块6-gram重叠0.0000(题干366字/材料段0字)
BJ-2024-FT-ERMO-Q8,BJ-2024-FT-ERMO,8,S71fcaa9e66af,2024模拟题/丰台二模/细则/细则.docx,评分材料,正式评分材料,存在候选,存在候选,0.0,,考试身份同(BJ-2024-FT-ERMO)；文件名未限定题号；未能在材料正文定位到第8题段，仅按同卷材料登记为候选；题干块6-gram重叠0.0000(题干163字/材料段0字)
BJ-2024-FT-ERMO-Q9,BJ-2024-FT-ERMO,9,S71fcaa9e66af,2024模拟题/丰台二模/细则/细则.docx,评分材料,正式评分材料,存在候选,存在候选,0.0,,考试身份同(BJ-2024-FT-ERMO)；文件名未限定题号；未能在材料正文定位到第9题段，仅按同卷材料登记为候选；题干块6-gram重叠0.0000(题干147字/材料段0字)
BJ-2024-FT-ERMO-Q10,BJ-2024-FT-ERMO,10,S71fcaa9e66af,2024模拟题/丰台二模/细则/细则.docx,评分材料,正式评分材料,存在候选,存在候选,0.0,,考试身份同(BJ-2024-FT-ERMO)；文件名未限定题号；未能在材料正文定位到第10题段，仅按同卷材料登记为候选；题干块6-gram重叠0.0000(题干184字/材料段0字)
BJ-2024-FT-ERMO-Q11,BJ-2024-FT-ERMO,11,S71fcaa9e66af,2024模拟题/丰台二模/细则/细则.docx,评分材料,正式评分材料,存在候选,存在候选,0.0,,考试身份同(BJ-2024-FT-ERMO)；文件名未限定题号；未能在材料正文定位到第11题段，仅按同卷材料登记为候选；题干块6-gram重叠0.0000(题干248字/材料段0字)
BJ-2024-FT-ERMO-Q12,BJ-2024-FT-ERMO,12,S71fcaa9e66af,2024模拟题/丰台二模/细则/细则.docx,评分材料,正式评分材料,存在候选,存在候选,0.0,,考试身份同(BJ-2024-FT-ERMO)；文件名未限定题号；未能在材料正文定位到第12题段，仅按同卷材料登记为候选；题干块6-gram重叠0.0000(题干441字/材料段0字)
BJ-2024-FT-ERMO-Q13,BJ-2024-FT-ERMO,13,S71fcaa9e66af,2024模拟题/丰台二模/细则/细则.docx,评分材料,正式评分材料,存在候选,存在候选,0.0,,考试身份同(BJ-2024-FT-ERMO)；文件名未限定题号；未能在材料正文定位到第13题段，仅按同卷材料登记为候选；题干块6-gram重叠0.0000(题干253字/材料段0字)
BJ-2024-FT-ERMO-Q14,BJ-2024-FT-ERMO,14,S71fcaa9e66af,2024模拟题/丰台二模/细则/细则.docx,评分材料,正式评分材料,存在候选,存在候选,0.0,,考试身份同(BJ-2024-FT-ERMO)；文件名未限定题号；未能在材料正文定位到第14题段，仅按同卷材料登记为候选；题干块6-gram重叠0.0000(题干244字/材料段0字)
BJ-2024-FT-ERMO-Q15,BJ-2024-FT-ERMO,15,S71fcaa9e66af,2024模拟题/丰台二模/细则/细则.docx,评分材料,正式评分材料,存在候选,存在候选,0.0,,考试身份同(BJ-2024-FT-ERMO)；文件名未限定题号；未能在材料正文定位到第15题段，仅按同卷材料登记为候选；题干块6-gram重叠0.0000(题干342字/材料段0字)
BJ-2024-FT-ERMO-Q16,BJ-2024-FT-ERMO,16,S71fcaa9e66af,2024模拟题/丰台二模/细则/细则.docx,评分材料,正式评分材料,存在候选,存在候选,0.0,,考试身份同(BJ-2024-FT-ERMO)；文件名未限定题号；未能在材料正文定位到第16题段，仅按同卷材料登记为候选；题干块6-gram重叠0.0000(题干439字/材料段0字)；分值文本 7
BJ-2024-FT-ERMO-Q18,BJ-2024-FT-ERMO,18,S71fcaa9e66af,2024模拟题/丰台二模/细则/细则.docx,评分材料,正式评分材料,存在候选,存在候选,0.0,,考试身份同(BJ-2024-FT-ERMO)；文件名未限定题号；未能在材料正文定位到第18题段，仅按同卷材料登记为候选；题干块6-gram重叠0.0000(题干785字/材料段0字)；分值文本 19
BJ-2024-FT-ERMO-Q20,BJ-2024-FT-ERMO,20,S71fcaa9e66af,2024模拟题/丰台二模/细则/细则.docx,评分材料,正式评分材料,存在候选,存在候选,0.0,,考试身份同(BJ-2024-FT-ERMO)；文件名未限定题号；未能在材料正文定位到第20题段，仅按同卷材料登记为候选；题干块6-gram重叠0.0000(题干590字/材料段0字)；分值文本 8
BJ-2024-FT-ERMO-Q21,BJ-2024-FT-ERMO,21,S71fcaa9e66af,2024模拟题/丰台二模/细则/细则.docx,评分材料,正式评分材料,存在候选,存在候选,0.0,,考试身份同(BJ-2024-FT-ERMO)；文件名未限定题号；未能在材料正文定位到第21题段，仅按同卷材料登记为候选；题干块6-gram重叠0.0000(题干440字/材料段0字)；分值文本 7
BJ-2024-HD-ERMO-Q17,BJ-2024-HD-ERMO,17,S227192d22e10,2024模拟题/海淀二模/细则/细则.docx,评分材料,正式评分材料,存在候选,存在候选,0.0,,考试身份同(BJ-2024-HD-ERMO)；文件名未限定题号；未能在材料正文定位到第17题段，仅按同卷材料登记为候选；题干块6-gram重叠0.0000(题干958字/材料段0字)；分值文本 11；同题另一来源块状态较弱(存在候选)，已按最强状态归并；同题另一来源块状态较弱(存在候选)，已按最强状态归并；同题另一来源块状态较弱(存在候选)，已按最强状态归并；同题另一来源块状态较弱(存在候选)，已按最强状态归并
BJ-2024-HD-ERMO-Q17,BJ-2024-HD-ERMO,17,S8f109fb09efc,2024模拟题/海淀二模/细则/补充材料/高三二模：政治答案(2).docx,参考答案,参考答案,已匹配参考答案,存在候选,0.0,,考试身份同(BJ-2024-HD-ERMO)；文件名未限定题号；未能在材料正文定位到第17题段，仅按同卷材料登记为候选；题干块6-gram重叠0.0000(题干958字/材料段0字)；分值文本 11；同题另一来源块状态较弱(存在候选)，已按最强状态归并；同题另一来源块状态较弱(存在候选)，已按最强状态归并；同题另一来源块状态较弱(存在候选)，已按最强状态归并；同题另一来源块状态较弱(存在候选)，已按最强状态归并；原生标题为参考答案；Q1-Q15为答案键，Q16-Q21为参考作答/方向；两张通用等级表不是题级E1；同卷正式评分细则另见S227192d22e10。不得以答案文字或通用等级表拆固定评分槽。
BJ-2024-HD-ERMO-Q18,BJ-2024-HD-ERMO,18,S227192d22e10,2024模拟题/海淀二模/细则/细则.docx,评分材料,正式评分材料,存在候选,存在候选,0.0,,考试身份同(BJ-2024-HD-ERMO)；文件名未限定题号；未能在材料正文定位到第18题段，仅按同卷材料登记为候选；题干块6-gram重叠0.0000(题干660字/材料段0字)；分值文本 16；同题另一来源块状态较弱(存在候选)，已按最强状态归并；同题另一来源块状态较弱(存在候选)，已按最强状态归并；同题另一来源块状态较弱(存在候选)，已按最强状态归并；同题另一来源块状态较弱(存在候选)，已按最强状态归并
BJ-2024-HD-ERMO-Q18,BJ-2024-HD-ERMO,18,S8f109fb09efc,2024模拟题/海淀二模/细则/补充材料/高三二模：政治答案(2).docx,参考答案,参考答案,已匹配参考答案,存在候选,0.0,,考试身份同(BJ-2024-HD-ERMO)；文件名未限定题号；未能在材料正文定位到第18题段，仅按同卷材料登记为候选；题干块6-gram重叠0.0000(题干660字/材料段0字)；分值文本 16；同题另一来源块状态较弱(存在候选)，已按最强状态归并；同题另一来源块状态较弱(存在候选)，已按最强状态归并；同题另一来源块状态较弱(存在候选)，已按最强状态归并；同题另一来源块状态较弱(存在候选)，已按最强状态归并；原生标题为参考答案；Q1-Q15为答案键，Q16-Q21为参考作答/方向；两张通用等级表不是题级E1；同卷正式评分细则另见S227192d22e10。不得以答案文字或通用等级表拆固定评分槽。
BJ-2024-HD-ERMO-Q20,BJ-2024-HD-ERMO,20,S227192d22e10,2024模拟题/海淀二模/细则/细则.docx,评分材料,正式评分材料,存在候选,存在候选,0.0,,考试身份同(BJ-2024-HD-ERMO)；文件名未限定题号；未能在材料正文定位到第20题段，仅按同卷材料登记为候选；题干块6-gram重叠0.0000(题干176字/材料段0字)；分值文本 8；同题另一来源块状态较弱(存在候选)，已按最强状态归并；同题另一来源块状态较弱(存在候选)，已按最强状态归并；同题另一来源块状态较弱(存在候选)，已按最强状态归并；同题另一来源块状态较弱(存在候选)，已按最强状态归并
BJ-2024-HD-ERMO-Q20,BJ-2024-HD-ERMO,20,S8f109fb09efc,2024模拟题/海淀二模/细则/补充材料/高三二模：政治答案(2).docx,参考答案,参考答案,已匹配参考答案,存在候选,0.0,,考试身份同(BJ-2024-HD-ERMO)；文件名未限定题号；未能在材料正文定位到第20题段，仅按同卷材料登记为候选；题干块6-gram重叠0.0000(题干176字/材料段0字)；分值文本 8；同题另一来源块状态较弱(存在候选)，已按最强状态归并；同题另一来源块状态较弱(存在候选)，已按最强状态归并；同题另一来源块状态较弱(存在候选)，已按最强状态归并；同题另一来源块状态较弱(存在候选)，已按最强状态归并；原生标题为参考答案；Q1-Q15为答案键，Q16-Q21为参考作答/方向；两张通用等级表不是题级E1；同卷正式评分细则另见S227192d22e10。不得以答案文字或通用等级表拆固定评分槽。
BJ-2024-HD-ERMO-Q21,BJ-2024-HD-ERMO,21,S227192d22e10,2024模拟题/海淀二模/细则/细则.docx,评分材料,正式评分材料,存在候选,存在候选,0.0,,考试身份同(BJ-2024-HD-ERMO)；文件名未限定题号；未能在材料正文定位到第21题段，仅按同卷材料登记为候选；题干块6-gram重叠0.0000(题干307字/材料段0字)；分值文本 8；同题另一来源块状态较弱(存在候选)，已按最强状态归并；同题另一来源块状态较弱(存在候选)，已按最强状态归并；同题另一来源块状态较弱(存在候选)，已按最强状态归并
BJ-2024-HD-ERMO-Q21,BJ-2024-HD-ERMO,21,S8f109fb09efc,2024模拟题/海淀二模/细则/补充材料/高三二模：政治答案(2).docx,参考答案,参考答案,已匹配参考答案,存在候选,0.0,,考试身份同(BJ-2024-HD-ERMO)；文件名未限定题号；未能在材料正文定位到第21题段，仅按同卷材料登记为候选；题干块6-gram重叠0.0000(题干307字/材料段0字)；分值文本 8；同题另一来源块状态较弱(存在候选)，已按最强状态归并；同题另一来源块状态较弱(存在候选)，已按最强状态归并；同题另一来源块状态较弱(存在候选)，已按最强状态归并；原生标题为参考答案；Q1-Q15为答案键，Q16-Q21为参考作答/方向；两张通用等级表不是题级E1；同卷正式评分细则另见S227192d22e10。不得以答案文字或通用等级表拆固定评分槽。
BJ-2024-HD-ERMO-Q16,BJ-2024-HD-ERMO,16,S227192d22e10,2024模拟题/海淀二模/细则/细则.docx,评分材料,正式评分材料,已匹配正式材料,存在冲突,0.9658,,考试身份同(BJ-2024-HD-ERMO)；文件名未限定题号；正文定位方式=题号起首；题干块6-gram重叠0.9658(题干152字/材料段2720字)；分值文本 6；同题另一来源块状态较弱(存在候选)，已按最强状态归并；同题另一来源块状态较弱(存在候选)，已按最强状态归并；同题另一来源块状态较弱(存在候选)，已按最强状态归并
BJ-2024-HD-ERMO-Q16,BJ-2024-HD-ERMO,16,S8f109fb09efc,2024模拟题/海淀二模/细则/补充材料/高三二模：政治答案(2).docx,参考答案,参考答案,已匹配参考答案,存在冲突,1.0,,考试身份同(BJ-2024-HD-ERMO)；文件名未限定题号；正文定位方式=题号起首；题干块6-gram重叠1.0000(题干152字/材料段1536字)；分值文本 6；同题另一来源块状态较弱(存在候选)，已按最强状态归并；同题另一来源块状态较弱(存在候选)，已按最强状态归并；同题另一来源块状态较弱(存在候选)，已按最强状态归并；原生标题为参考答案；Q1-Q15为答案键，Q16-Q21为参考作答/方向；两张通用等级表不是题级E1；同卷正式评分细则另见S227192d22e10。不得以答案文字或通用等级表拆固定评分槽。
BJ-2024-HD-ERMO-Q19,BJ-2024-HD-ERMO,19,S227192d22e10,2024模拟题/海淀二模/细则/细则.docx,评分材料,正式评分材料,存在候选,存在候选,0.0,,考试身份同(BJ-2024-HD-ERMO)；文件名未限定题号；未能在材料正文定位到第19题段，仅按同卷材料登记为候选；题干块6-gram重叠0.0000(题干187字/材料段0字)；分值文本 6；同题另一来源块状态较弱(存在候选)，已按最强状态归并；同题另一来源块状态较弱(存在候选)，已按最强状态归并；同题另一来源块状态较弱(存在候选)，已按最强状态归并
BJ-2024-HD-ERMO-Q19,BJ-2024-HD-ERMO,19,S8f109fb09efc,2024模拟题/海淀二模/细则/补充材料/高三二模：政治答案(2).docx,参考答案,参考答案,已匹配参考答案,存在候选,0.0,,考试身份同(BJ-2024-HD-ERMO)；文件名未限定题号；未能在材料正文定位到第19题段，仅按同卷材料登记为候选；题干块6-gram重叠0.0000(题干187字/材料段0字)；分值文本 6；同题另一来源块状态较弱(存在候选)，已按最强状态归并；同题另一来源块状态较弱(存在候选)，已按最强状态归并；同题另一来源块状态较弱(存在候选)，已按最强状态归并；原生标题为参考答案；Q1-Q15为答案键，Q16-Q21为参考作答/方向；两张通用等级表不是题级E1；同卷正式评分细则另见S227192d22e10。不得以答案文字或通用等级表拆固定评分槽。
BJ-2024-HD-ERMO-Q1,BJ-2024-HD-ERMO,1,S227192d22e10,2024模拟题/海淀二模/细则/细则.docx,评分材料,正式评分材料,存在候选,存在候选,0.0,,考试身份同(BJ-2024-HD-ERMO)；文件名未限定题号；正文定位方式=题号起首；题干块6-gram重叠0.0000(题干200字/材料段2800字)；同题另一来源块状态较弱(存在候选)，已按最强状态归并；同题另一来源块状态较弱(存在候选)，已按最强状态归并
BJ-2024-HD-ERMO-Q1,BJ-2024-HD-ERMO,1,S8f109fb09efc,2024模拟题/海淀二模/细则/补充材料/高三二模：政治答案(2).docx,参考答案,参考答案,已匹配参考答案,存在候选,0.0,,考试身份同(BJ-2024-HD-ERMO)；文件名未限定题号；正文定位方式=题号起首；题干块6-gram重叠0.0000(题干200字/材料段1732字)；同题另一来源块状态较弱(存在候选)，已按最强状态归并；同题另一来源块状态较弱(存在候选)，已按最强状态归并；原生标题为参考答案；Q1-Q15为答案键，Q16-Q21为参考作答/方向；两张通用等级表不是题级E1；同卷正式评分细则另见S227192d22e10。不得以答案文字或通用等级表拆固定评分槽。
BJ-2024-HD-ERMO-Q2,BJ-2024-HD-ERMO,2,S227192d22e10,2024模拟题/海淀二模/细则/细则.docx,评分材料,正式评分材料,存在候选,存在候选,0.0,,考试身份同(BJ-2024-HD-ERMO)；文件名未限定题号；正文定位方式=行内答案键；题干块6-gram重叠0.0000(题干329字/材料段3字)；同题另一来源块状态较弱(存在候选)，已按最强状态归并；同题另一来源块状态较弱(存在候选)，已按最强状态归并
BJ-2024-HD-ERMO-Q2,BJ-2024-HD-ERMO,2,S8f109fb09efc,2024模拟题/海淀二模/细则/补充材料/高三二模：政治答案(2).docx,参考答案,参考答案,已匹配参考答案,存在候选,0.0,,考试身份同(BJ-2024-HD-ERMO)；文件名未限定题号；正文定位方式=行内答案键；题干块6-gram重叠0.0000(题干329字/材料段3字)；同题另一来源块状态较弱(存在候选)，已按最强状态归并；同题另一来源块状态较弱(存在候选)，已按最强状态归并；原生标题为参考答案；Q1-Q15为答案键，Q16-Q21为参考作答/方向；两张通用等级表不是题级E1；同卷正式评分细则另见S227192d22e10。不得以答案文字或通用等级表拆固定评分槽。
BJ-2024-HD-ERMO-Q3,BJ-2024-HD-ERMO,3,S227192d22e10,2024模拟题/海淀二模/细则/细则.docx,评分材料,正式评分材料,存在候选,存在候选,0.0,,考试身份同(BJ-2024-HD-ERMO)；文件名未限定题号；正文定位方式=行内答案键；题干块6-gram重叠0.0000(题干269字/材料段3字)；同题另一来源块状态较弱(存在候选)，已按最强状态归并；同题另一来源块状态较弱(存在候选)，已按最强状态归并
BJ-2024-HD-ERMO-Q3,BJ-2024-HD-ERMO,3,S8f109fb09efc,2024模拟题/海淀二模/细则/补充材料/高三二模：政治答案(2).docx,参考答案,参考答案,已匹配参考答案,存在候选,0.0,,考试身份同(BJ-2024-HD-ERMO)；文件名未限定题号；正文定位方式=行内答案键；题干块6-gram重叠0.0000(题干269字/材料段3字)；同题另一来源块状态较弱(存在候选)，已按最强状态归并；同题另一来源块状态较弱(存在候选)，已按最强状态归并；原生标题为参考答案；Q1-Q15为答案键，Q16-Q21为参考作答/方向；两张通用等级表不是题级E1；同卷正式评分细则另见S227192d22e10。不得以答案文字或通用等级表拆固定评分槽。
BJ-2024-HD-ERMO-Q4,BJ-2024-HD-ERMO,4,S227192d22e10,2024模拟题/海淀二模/细则/细则.docx,评分材料,正式评分材料,存在候选,存在候选,0.0,,考试身份同(BJ-2024-HD-ERMO)；文件名未限定题号；正文定位方式=行内答案键；题干块6-gram重叠0.0000(题干223字/材料段3字)；同题另一来源块状态较弱(存在候选)，已按最强状态归并
BJ-2024-HD-ERMO-Q4,BJ-2024-HD-ERMO,4,S8f109fb09efc,2024模拟题/海淀二模/细则/补充材料/高三二模：政治答案(2).docx,参考答案,参考答案,已匹配参考答案,存在候选,0.0,,考试身份同(BJ-2024-HD-ERMO)；文件名未限定题号；正文定位方式=行内答案键；题干块6-gram重叠0.0000(题干223字/材料段3字)；同题另一来源块状态较弱(存在候选)，已按最强状态归并；原生标题为参考答案；Q1-Q15为答案键，Q16-Q21为参考作答/方向；两张通用等级表不是题级E1；同卷正式评分细则另见S227192d22e10。不得以答案文字或通用等级表拆固定评分槽。
BJ-2024-HD-ERMO-Q5,BJ-2024-HD-ERMO,5,S227192d22e10,2024模拟题/海淀二模/细则/细则.docx,评分材料,正式评分材料,存在候选,存在候选,0.0,,考试身份同(BJ-2024-HD-ERMO)；文件名未限定题号；正文定位方式=行内答案键；题干块6-gram重叠0.0000(题干230字/材料段3字)；同题另一来源块状态较弱(存在候选)，已按最强状态归并
BJ-2024-HD-ERMO-Q5,BJ-2024-HD-ERMO,5,S8f109fb09efc,2024模拟题/海淀二模/细则/补充材料/高三二模：政治答案(2).docx,参考答案,参考答案,已匹配参考答案,存在候选,0.0,,考试身份同(BJ-2024-HD-ERMO)；文件名未限定题号；正文定位方式=行内答案键；题干块6-gram重叠0.0000(题干230字/材料段3字)；同题另一来源块状态较弱(存在候选)，已按最强状态归并；原生标题为参考答案；Q1-Q15为答案键，Q16-Q21为参考作答/方向；两张通用等级表不是题级E1；同卷正式评分细则另见S227192d22e10。不得以答案文字或通用等级表拆固定评分槽。
BJ-2024-HD-ERMO-Q6,BJ-2024-HD-ERMO,6,S227192d22e10,2024模拟题/海淀二模/细则/细则.docx,评分材料,正式评分材料,存在候选,存在候选,0.0,,考试身份同(BJ-2024-HD-ERMO)；文件名未限定题号；未能在材料正文定位到第6题段，仅按同卷材料登记为候选；题干块6-gram重叠0.0000(题干248字/材料段0字)；同题另一来源块状态较弱(存在候选)，已按最强状态归并
BJ-2024-HD-ERMO-Q6,BJ-2024-HD-ERMO,6,S8f109fb09efc,2024模拟题/海淀二模/细则/补充材料/高三二模：政治答案(2).docx,参考答案,参考答案,已匹配参考答案,存在候选,0.0,,考试身份同(BJ-2024-HD-ERMO)；文件名未限定题号；正文定位方式=题号起首；题干块6-gram重叠0.0000(题干248字/材料段1673字)；同题另一来源块状态较弱(存在候选)，已按最强状态归并；原生标题为参考答案；Q1-Q15为答案键，Q16-Q21为参考作答/方向；两张通用等级表不是题级E1；同卷正式评分细则另见S227192d22e10。不得以答案文字或通用等级表拆固定评分槽。
BJ-2024-HD-ERMO-Q7,BJ-2024-HD-ERMO,7,S227192d22e10,2024模拟题/海淀二模/细则/细则.docx,评分材料,正式评分材料,存在候选,存在候选,0.0,,考试身份同(BJ-2024-HD-ERMO)；文件名未限定题号；未能在材料正文定位到第7题段，仅按同卷材料登记为候选；题干块6-gram重叠0.0000(题干251字/材料段0字)；同题另一来源块状态较弱(存在候选)，已按最强状态归并
BJ-2024-HD-ERMO-Q7,BJ-2024-HD-ERMO,7,S8f109fb09efc,2024模拟题/海淀二模/细则/补充材料/高三二模：政治答案(2).docx,参考答案,参考答案,已匹配参考答案,存在候选,0.0,,考试身份同(BJ-2024-HD-ERMO)；文件名未限定题号；正文定位方式=行内答案键；题干块6-gram重叠0.0000(题干251字/材料段3字)；同题另一来源块状态较弱(存在候选)，已按最强状态归并；原生标题为参考答案；Q1-Q15为答案键，Q16-Q21为参考作答/方向；两张通用等级表不是题级E1；同卷正式评分细则另见S227192d22e10。不得以答案文字或通用等级表拆固定评分槽。
BJ-2024-HD-ERMO-Q8,BJ-2024-HD-ERMO,8,S227192d22e10,2024模拟题/海淀二模/细则/细则.docx,评分材料,正式评分材料,存在候选,存在候选,0.0,,考试身份同(BJ-2024-HD-ERMO)；文件名未限定题号；正文定位方式=行内答案键；题干块6-gram重叠0.0000(题干242字/材料段3字)；同题另一来源块状态较弱(存在候选)，已按最强状态归并
BJ-2024-HD-ERMO-Q8,BJ-2024-HD-ERMO,8,S8f109fb09efc,2024模拟题/海淀二模/细则/补充材料/高三二模：政治答案(2).docx,参考答案,参考答案,已匹配参考答案,存在候选,0.0,,考试身份同(BJ-2024-HD-ERMO)；文件名未限定题号；正文定位方式=行内答案键；题干块6-gram重叠0.0000(题干242字/材料段3字)；同题另一来源块状态较弱(存在候选)，已按最强状态归并；原生标题为参考答案；Q1-Q15为答案键，Q16-Q21为参考作答/方向；两张通用等级表不是题级E1；同卷正式评分细则另见S227192d22e10。不得以答案文字或通用等级表拆固定评分槽。
BJ-2024-HD-ERMO-Q9,BJ-2024-HD-ERMO,9,S227192d22e10,2024模拟题/海淀二模/细则/细则.docx,评分材料,正式评分材料,存在候选,存在候选,0.0,,考试身份同(BJ-2024-HD-ERMO)；文件名未限定题号；未能在材料正文定位到第9题段，仅按同卷材料登记为候选；题干块6-gram重叠0.0000(题干443字/材料段0字)；同题另一来源块状态较弱(存在候选)，已按最强状态归并
BJ-2024-HD-ERMO-Q9,BJ-2024-HD-ERMO,9,S8f109fb09efc,2024模拟题/海淀二模/细则/补充材料/高三二模：政治答案(2).docx,参考答案,参考答案,已匹配参考答案,存在候选,0.0,,考试身份同(BJ-2024-HD-ERMO)；文件名未限定题号；正文定位方式=行内答案键；题干块6-gram重叠0.0000(题干443字/材料段3字)；同题另一来源块状态较弱(存在候选)，已按最强状态归并；原生标题为参考答案；Q1-Q15为答案键，Q16-Q21为参考作答/方向；两张通用等级表不是题级E1；同卷正式评分细则另见S227192d22e10。不得以答案文字或通用等级表拆固定评分槽。
BJ-2024-HD-ERMO-Q10,BJ-2024-HD-ERMO,10,S227192d22e10,2024模拟题/海淀二模/细则/细则.docx,评分材料,正式评分材料,存在候选,存在候选,0.0,,考试身份同(BJ-2024-HD-ERMO)；文件名未限定题号；未能在材料正文定位到第10题段，仅按同卷材料登记为候选；题干块6-gram重叠0.0000(题干814字/材料段0字)；同题另一来源块状态较弱(存在候选)，已按最强状态归并
BJ-2024-HD-ERMO-Q10,BJ-2024-HD-ERMO,10,S8f109fb09efc,2024模拟题/海淀二模/细则/补充材料/高三二模：政治答案(2).docx,参考答案,参考答案,已匹配参考答案,存在候选,0.0,,考试身份同(BJ-2024-HD-ERMO)；文件名未限定题号；正文定位方式=行内答案键；题干块6-gram重叠0.0000(题干814字/材料段4字)；同题另一来源块状态较弱(存在候选)，已按最强状态归并；原生标题为参考答案；Q1-Q15为答案键，Q16-Q21为参考作答/方向；两张通用等级表不是题级E1；同卷正式评分细则另见S227192d22e10。不得以答案文字或通用等级表拆固定评分槽。
BJ-2024-HD-ERMO-Q12,BJ-2024-HD-ERMO,12,S227192d22e10,2024模拟题/海淀二模/细则/细则.docx,评分材料,正式评分材料,存在候选,存在候选,0.0,,考试身份同(BJ-2024-HD-ERMO)；文件名未限定题号；正文定位方式=行内答案键；题干块6-gram重叠0.0000(题干322字/材料段4字)；同题另一来源块状态较弱(存在候选)，已按最强状态归并
BJ-2024-HD-ERMO-Q12,BJ-2024-HD-ERMO,12,S8f109fb09efc,2024模拟题/海淀二模/细则/补充材料/高三二模：政治答案(2).docx,参考答案,参考答案,已匹配参考答案,存在候选,0.0,,考试身份同(BJ-2024-HD-ERMO)；文件名未限定题号；正文定位方式=行内答案键；题干块6-gram重叠0.0000(题干322字/材料段4字)；同题另一来源块状态较弱(存在候选)，已按最强状态归并；原生标题为参考答案；Q1-Q15为答案键，Q16-Q21为参考作答/方向；两张通用等级表不是题级E1；同卷正式评分细则另见S227192d22e10。不得以答案文字或通用等级表拆固定评分槽。
BJ-2024-HD-ERMO-Q13,BJ-2024-HD-ERMO,13,S227192d22e10,2024模拟题/海淀二模/细则/细则.docx,评分材料,正式评分材料,存在候选,存在候选,0.0,,考试身份同(BJ-2024-HD-ERMO)；文件名未限定题号；正文定位方式=行内答案键；题干块6-gram重叠0.0000(题干248字/材料段4字)；同题另一来源块状态较弱(存在候选)，已按最强状态归并
BJ-2024-HD-ERMO-Q13,BJ-2024-HD-ERMO,13,S8f109fb09efc,2024模拟题/海淀二模/细则/补充材料/高三二模：政治答案(2).docx,参考答案,参考答案,已匹配参考答案,存在候选,0.0,,考试身份同(BJ-2024-HD-ERMO)；文件名未限定题号；正文定位方式=行内答案键；题干块6-gram重叠0.0000(题干248字/材料段4字)；同题另一来源块状态较弱(存在候选)，已按最强状态归并；原生标题为参考答案；Q1-Q15为答案键，Q16-Q21为参考作答/方向；两张通用等级表不是题级E1；同卷正式评分细则另见S227192d22e10。不得以答案文字或通用等级表拆固定评分槽。
BJ-2024-HD-ERMO-Q14,BJ-2024-HD-ERMO,14,S227192d22e10,2024模拟题/海淀二模/细则/细则.docx,评分材料,正式评分材料,存在候选,存在候选,0.0,,考试身份同(BJ-2024-HD-ERMO)；文件名未限定题号；未能在材料正文定位到第14题段，仅按同卷材料登记为候选；题干块6-gram重叠0.0000(题干288字/材料段0字)；同题另一来源块状态较弱(存在候选)，已按最强状态归并
BJ-2024-HD-ERMO-Q14,BJ-2024-HD-ERMO,14,S8f109fb09efc,2024模拟题/海淀二模/细则/补充材料/高三二模：政治答案(2).docx,参考答案,参考答案,已匹配参考答案,存在候选,0.0,,考试身份同(BJ-2024-HD-ERMO)；文件名未限定题号；正文定位方式=行内答案键；题干块6-gram重叠0.0000(题干288字/材料段4字)；同题另一来源块状态较弱(存在候选)，已按最强状态归并；原生标题为参考答案；Q1-Q15为答案键，Q16-Q21为参考作答/方向；两张通用等级表不是题级E1；同卷正式评分细则另见S227192d22e10。不得以答案文字或通用等级表拆固定评分槽。
BJ-2024-HD-ERMO-Q15,BJ-2024-HD-ERMO,15,S227192d22e10,2024模拟题/海淀二模/细则/细则.docx,评分材料,正式评分材料,存在候选,存在候选,0.0,,考试身份同(BJ-2024-HD-ERMO)；文件名未限定题号；未能在材料正文定位到第15题段，仅按同卷材料登记为候选；题干块6-gram重叠0.0000(题干329字/材料段0字)；同题另一来源块状态较弱(存在候选)，已按最强状态归并
BJ-2024-HD-ERMO-Q15,BJ-2024-HD-ERMO,15,S8f109fb09efc,2024模拟题/海淀二模/细则/补充材料/高三二模：政治答案(2).docx,参考答案,参考答案,已匹配参考答案,存在候选,0.0,,考试身份同(BJ-2024-HD-ERMO)；文件名未限定题号；正文定位方式=行内答案键；题干块6-gram重叠0.0000(题干329字/材料段4字)；同题另一来源块状态较弱(存在候选)，已按最强状态归并；原生标题为参考答案；Q1-Q15为答案键，Q16-Q21为参考作答/方向；两张通用等级表不是题级E1；同卷正式评分细则另见S227192d22e10。不得以答案文字或通用等级表拆固定评分槽。
BJ-2024-HD-ERMO-Q11,BJ-2024-HD-ERMO,11,S227192d22e10,2024模拟题/海淀二模/细则/细则.docx,评分材料,正式评分材料,存在候选,存在候选,0.0,,考试身份同(BJ-2024-HD-ERMO)；文件名未限定题号；未能在材料正文定位到第11题段，仅按同卷材料登记为候选；题干块6-gram重叠0.0000(题干504字/材料段0字)
BJ-2024-HD-ERMO-Q11,BJ-2024-HD-ERMO,11,S8f109fb09efc,2024模拟题/海淀二模/细则/补充材料/高三二模：政治答案(2).docx,参考答案,参考答案,已匹配参考答案,存在候选,0.0,,考试身份同(BJ-2024-HD-ERMO)；文件名未限定题号；正文定位方式=题号起首；题干块6-gram重叠0.0000(题干504字/材料段1614字)；原生标题为参考答案；Q1-Q15为答案键，Q16-Q21为参考作答/方向；两张通用等级表不是题级E1；同卷正式评分细则另见S227192d22e10。不得以答案文字或通用等级表拆固定评分槽。
BJ-2024-SJS-YIMO-Q4,BJ-2024-SJS-YIMO,4,S935b8ea1e01b,2024模拟题/石景山一模/细则/细则.pptx,评分材料,正式评分材料,已匹配正式材料,已匹配正式材料,0.5643,,考试身份同(BJ-2024-SJS-YIMO)；文件名未限定题号；正文定位方式=题号起首；题干块6-gram重叠0.5643(题干10381字/材料段4000字)；分值文本 3；同题另一来源块状态较弱(存在候选)，已按最强状态归并
BJ-2024-SJS-YIMO-Q1,BJ-2024-SJS-YIMO,1,S935b8ea1e01b,2024模拟题/石景山一模/细则/细则.pptx,评分材料,正式评分材料,存在候选,存在候选,0.0,,考试身份同(BJ-2024-SJS-YIMO)；文件名未限定题号；正文定位方式=题号起首；题干块6-gram重叠0.0000(题干289字/材料段18字)
BJ-2024-SJS-YIMO-Q2,BJ-2024-SJS-YIMO,2,S935b8ea1e01b,2024模拟题/石景山一模/细则/细则.pptx,评分材料,正式评分材料,存在候选,存在候选,0.0,,考试身份同(BJ-2024-SJS-YIMO)；文件名未限定题号；正文定位方式=题号起首；题干块6-gram重叠0.0000(题干285字/材料段39字)
BJ-2024-SJS-YIMO-Q3,BJ-2024-SJS-YIMO,3,S935b8ea1e01b,2024模拟题/石景山一模/细则/细则.pptx,评分材料,正式评分材料,存在候选,存在候选,0.0,,考试身份同(BJ-2024-SJS-YIMO)；文件名未限定题号；正文定位方式=题号起首；题干块6-gram重叠0.0000(题干269字/材料段15字)
BJ-2024-SJS-YIMO-Q5,BJ-2024-SJS-YIMO,5,S935b8ea1e01b,2024模拟题/石景山一模/细则/细则.pptx,评分材料,正式评分材料,存在候选,存在候选,0.0,,考试身份同(BJ-2024-SJS-YIMO)；文件名未限定题号；未能在材料正文定位到第5题段，仅按同卷材料登记为候选；题干块6-gram重叠0.0000(题干258字/材料段0字)
BJ-2024-SJS-YIMO-Q6,BJ-2024-SJS-YIMO,6,S935b8ea1e01b,2024模拟题/石景山一模/细则/细则.pptx,评分材料,正式评分材料,存在候选,存在候选,0.0,,考试身份同(BJ-2024-SJS-YIMO)；文件名未限定题号；未能在材料正文定位到第6题段，仅按同卷材料登记为候选；题干块6-gram重叠0.0000(题干281字/材料段0字)
BJ-2024-SJS-YIMO-Q7,BJ-2024-SJS-YIMO,7,S935b8ea1e01b,2024模拟题/石景山一模/细则/细则.pptx,评分材料,正式评分材料,存在候选,存在候选,0.0,,考试身份同(BJ-2024-SJS-YIMO)；文件名未限定题号；未能在材料正文定位到第7题段，仅按同卷材料登记为候选；题干块6-gram重叠0.0000(题干279字/材料段0字)
BJ-2024-SJS-YIMO-Q8,BJ-2024-SJS-YIMO,8,S935b8ea1e01b,2024模拟题/石景山一模/细则/细则.pptx,评分材料,正式评分材料,存在候选,存在候选,0.0,,考试身份同(BJ-2024-SJS-YIMO)；文件名未限定题号；未能在材料正文定位到第8题段，仅按同卷材料登记为候选；题干块6-gram重叠0.0000(题干257字/材料段0字)
BJ-2024-SJS-YIMO-Q9,BJ-2024-SJS-YIMO,9,S935b8ea1e01b,2024模拟题/石景山一模/细则/细则.pptx,评分材料,正式评分材料,存在候选,存在候选,0.0,,考试身份同(BJ-2024-SJS-YIMO)；文件名未限定题号；未能在材料正文定位到第9题段，仅按同卷材料登记为候选；题干块6-gram重叠0.0000(题干244字/材料段0字)
BJ-2024-SJS-YIMO-Q10,BJ-2024-SJS-YIMO,10,S935b8ea1e01b,2024模拟题/石景山一模/细则/细则.pptx,评分材料,正式评分材料,存在候选,存在候选,0.0,,考试身份同(BJ-2024-SJS-YIMO)；文件名未限定题号；未能在材料正文定位到第10题段，仅按同卷材料登记为候选；题干块6-gram重叠0.0000(题干185字/材料段0字)
BJ-2024-SJS-YIMO-Q11,BJ-2024-SJS-YIMO,11,S935b8ea1e01b,2024模拟题/石景山一模/细则/细则.pptx,评分材料,正式评分材料,存在候选,存在候选,0.0,,考试身份同(BJ-2024-SJS-YIMO)；文件名未限定题号；未能在材料正文定位到第11题段，仅按同卷材料登记为候选；题干块6-gram重叠0.0000(题干349字/材料段0字)
BJ-2024-SJS-YIMO-Q12,BJ-2024-SJS-YIMO,12,S935b8ea1e01b,2024模拟题/石景山一模/细则/细则.pptx,评分材料,正式评分材料,存在候选,存在候选,0.0,,考试身份同(BJ-2024-SJS-YIMO)；文件名未限定题号；未能在材料正文定位到第12题段，仅按同卷材料登记为候选；题干块6-gram重叠0.0000(题干307字/材料段0字)
BJ-2024-SJS-YIMO-Q13,BJ-2024-SJS-YIMO,13,S935b8ea1e01b,2024模拟题/石景山一模/细则/细则.pptx,评分材料,正式评分材料,存在候选,存在候选,0.0,,考试身份同(BJ-2024-SJS-YIMO)；文件名未限定题号；未能在材料正文定位到第13题段，仅按同卷材料登记为候选；题干块6-gram重叠0.0000(题干289字/材料段0字)
BJ-2024-SJS-YIMO-Q14,BJ-2024-SJS-YIMO,14,S935b8ea1e01b,2024模拟题/石景山一模/细则/细则.pptx,评分材料,正式评分材料,存在候选,存在候选,0.0,,考试身份同(BJ-2024-SJS-YIMO)；文件名未限定题号；未能在材料正文定位到第14题段，仅按同卷材料登记为候选；题干块6-gram重叠0.0000(题干414字/材料段0字)
BJ-2024-SJS-YIMO-Q15,BJ-2024-SJS-YIMO,15,S935b8ea1e01b,2024模拟题/石景山一模/细则/细则.pptx,评分材料,正式评分材料,存在候选,存在候选,0.0,,考试身份同(BJ-2024-SJS-YIMO)；文件名未限定题号；未能在材料正文定位到第15题段，仅按同卷材料登记为候选；题干块6-gram重叠0.0000(题干467字/材料段0字)
BJ-2024-SJS-YIMO-Q16,BJ-2024-SJS-YIMO,16,S935b8ea1e01b,2024模拟题/石景山一模/细则/细则.pptx,评分材料,正式评分材料,存在候选,存在候选,0.0,,考试身份同(BJ-2024-SJS-YIMO)；文件名未限定题号；未能在材料正文定位到第16题段，仅按同卷材料登记为候选；题干块6-gram重叠0.0000(题干200字/材料段0字)；分值文本 6
BJ-2024-SJS-YIMO-Q17,BJ-2024-SJS-YIMO,17,S935b8ea1e01b,2024模拟题/石景山一模/细则/细则.pptx,评分材料,正式评分材料,存在候选,存在候选,0.0,,考试身份同(BJ-2024-SJS-YIMO)；文件名未限定题号；未能在材料正文定位到第17题段，仅按同卷材料登记为候选；题干块6-gram重叠0.0000(题干508字/材料段0字)；分值文本 8
BJ-2024-SJS-YIMO-Q18,BJ-2024-SJS-YIMO,18,S935b8ea1e01b,2024模拟题/石景山一模/细则/细则.pptx,评分材料,正式评分材料,存在候选,存在候选,0.0,,考试身份同(BJ-2024-SJS-YIMO)；文件名未限定题号；未能在材料正文定位到第18题段，仅按同卷材料登记为候选；题干块6-gram重叠0.0000(题干866字/材料段0字)；分值文本 13
BJ-2024-SJS-YIMO-Q19,BJ-2024-SJS-YIMO,19,S935b8ea1e01b,2024模拟题/石景山一模/细则/细则.pptx,评分材料,正式评分材料,存在候选,存在候选,0.0,,考试身份同(BJ-2024-SJS-YIMO)；文件名未限定题号；未能在材料正文定位到第19题段，仅按同卷材料登记为候选；题干块6-gram重叠0.0000(题干837字/材料段0字)；分值文本 20
BJ-2024-SJS-YIMO-Q20,BJ-2024-SJS-YIMO,20,S935b8ea1e01b,2024模拟题/石景山一模/细则/细则.pptx,评分材料,正式评分材料,存在候选,存在候选,0.0,,考试身份同(BJ-2024-SJS-YIMO)；文件名未限定题号；未能在材料正文定位到第20题段，仅按同卷材料登记为候选；题干块6-gram重叠0.0000(题干476字/材料段0字)；分值文本 8
BJ-2024-XC-YIMO-Q16,BJ-2024-XC-YIMO,16,Sf7bcf000f212,2024模拟题/西城一模/细则/细则.docx,评分材料,正式评分材料,已匹配正式材料,已匹配正式材料,1.0,,考试身份同(BJ-2024-XC-YIMO)；文件名未限定题号；正文定位方式=题号起首；题干块6-gram重叠1.0000(题干152字/材料段410字)；分值文本 7；同题另一来源块状态较弱(已匹配正式材料)，已按最强状态归并；同题另一来源块状态较弱(存在候选)，已按最强状态归并
BJ-2024-XC-YIMO-Q16,BJ-2024-XC-YIMO,16,S91e28443e7a1,2024模拟题/西城一模/细则/补充材料/2024.4高三统一测试思想政治答案.docx,参考答案,参考答案,已匹配参考答案,已匹配正式材料,0.5643,,考试身份同(BJ-2024-XC-YIMO)；文件名未限定题号；正文定位方式=题号起首；题干块6-gram重叠0.5643(题干152字/材料段108字)；分值文本 7；同题另一来源块状态较弱(存在候选)，已按最强状态归并；同题另一来源块状态较弱(存在候选)，已按最强状态归并；经来源实物裁定，本行只证明参考答案，不证明题级E1；同卷正式细则由独立正式评分源承载。
BJ-2024-XC-YIMO-Q17,BJ-2024-XC-YIMO,17,Sf7bcf000f212,2024模拟题/西城一模/细则/细则.docx,评分材料,正式评分材料,已匹配正式材料,存在冲突,1.0,,考试身份同(BJ-2024-XC-YIMO)；文件名未限定题号；正文定位方式=题号起首；题干块6-gram重叠1.0000(题干179字/材料段180字)；分值文本 9；同题另一来源块状态较弱(已匹配正式材料)，已按最强状态归并；同题另一来源块状态较弱(存在候选)，已按最强状态归并
BJ-2024-XC-YIMO-Q17,BJ-2024-XC-YIMO,17,S91e28443e7a1,2024模拟题/西城一模/细则/补充材料/2024.4高三统一测试思想政治答案.docx,参考答案,参考答案,已匹配参考答案,存在冲突,0.4596,,考试身份同(BJ-2024-XC-YIMO)；文件名未限定题号；正文定位方式=题号起首；题干块6-gram重叠0.4596(题干179字/材料段396字)；分值文本 9；同题另一来源块状态较弱(已匹配正式材料)，已按最强状态归并；同题另一来源块状态较弱(存在候选)，已按最强状态归并；经来源实物裁定，本行只证明参考答案，不证明题级E1；同卷正式细则由独立正式评分源承载。
BJ-2024-XC-YIMO-Q18,BJ-2024-XC-YIMO,18,Sf7bcf000f212,2024模拟题/西城一模/细则/细则.docx,评分材料,正式评分材料,已匹配正式材料,存在冲突,1.0,,考试身份同(BJ-2024-XC-YIMO)；文件名未限定题号；正文定位方式=题号起首；题干块6-gram重叠1.0000(题干487字/材料段748字)；分值文本 8；同题另一来源块状态较弱(已匹配正式材料)，已按最强状态归并；同题另一来源块状态较弱(存在候选)，已按最强状态归并
BJ-2024-XC-YIMO-Q18,BJ-2024-XC-YIMO,18,S91e28443e7a1,2024模拟题/西城一模/细则/补充材料/2024.4高三统一测试思想政治答案.docx,参考答案,参考答案,已匹配参考答案,存在冲突,0.7906,,考试身份同(BJ-2024-XC-YIMO)；文件名未限定题号；正文定位方式=题号起首；题干块6-gram重叠0.7906(题干487字/材料段455字)；分值文本 8；同题另一来源块状态较弱(已匹配正式材料)，已按最强状态归并；同题另一来源块状态较弱(存在候选)，已按最强状态归并；经来源实物裁定，本行只证明参考答案，不证明题级E1；同卷正式细则由独立正式评分源承载。
BJ-2024-XC-YIMO-Q19,BJ-2024-XC-YIMO,19,Sf7bcf000f212,2024模拟题/西城一模/细则/细则.docx,评分材料,正式评分材料,已匹配正式材料,存在冲突,1.0,,考试身份同(BJ-2024-XC-YIMO)；文件名未限定题号；正文定位方式=题号起首；题干块6-gram重叠1.0000(题干86字/材料段1543字)；分值文本 31；同题另一来源块状态较弱(已匹配正式材料)，已按最强状态归并；同题另一来源块状态较弱(存在候选)，已按最强状态归并
BJ-2024-XC-YIMO-Q19,BJ-2024-XC-YIMO,19,S91e28443e7a1,2024模拟题/西城一模/细则/补充材料/2024.4高三统一测试思想政治答案.docx,参考答案,参考答案,已匹配参考答案,存在冲突,0.9125,,考试身份同(BJ-2024-XC-YIMO)；文件名未限定题号；正文定位方式=题号起首；题干块6-gram重叠0.9125(题干86字/材料段568字)；分值文本 31；同题另一来源块状态较弱(已匹配正式材料)，已按最强状态归并；同题另一来源块状态较弱(存在候选)，已按最强状态归并；经来源实物裁定，本行只证明参考答案，不证明题级E1；同卷正式细则由独立正式评分源承载。
BJ-2024-XC-YIMO-Q1,BJ-2024-XC-YIMO,1,Sf7bcf000f212,2024模拟题/西城一模/细则/细则.docx,评分材料,正式评分材料,存在候选,存在候选,0.0,,考试身份同(BJ-2024-XC-YIMO)；文件名未限定题号；正文定位方式=题号起首；题干块6-gram重叠0.0000(题干338字/材料段3003字)
BJ-2024-XC-YIMO-Q1,BJ-2024-XC-YIMO,1,S91e28443e7a1,2024模拟题/西城一模/细则/补充材料/2024.4高三统一测试思想政治答案.docx,参考答案,参考答案,已匹配参考答案,存在候选,0.0,,考试身份同(BJ-2024-XC-YIMO)；文件名未限定题号；正文定位方式=题号起首；题干块6-gram重叠0.0000(题干338字/材料段1649字)；经来源实物裁定，本行只证明参考答案，不证明题级E1；同卷正式细则由独立正式评分源承载。
BJ-2024-XC-YIMO-Q2,BJ-2024-XC-YIMO,2,Sf7bcf000f212,2024模拟题/西城一模/细则/细则.docx,评分材料,正式评分材料,存在候选,存在候选,0.0,,考试身份同(BJ-2024-XC-YIMO)；文件名未限定题号；正文定位方式=行内答案键；题干块6-gram重叠0.0000(题干271字/材料段3字)
BJ-2024-XC-YIMO-Q2,BJ-2024-XC-YIMO,2,S91e28443e7a1,2024模拟题/西城一模/细则/补充材料/2024.4高三统一测试思想政治答案.docx,参考答案,参考答案,已匹配参考答案,存在候选,0.0,,考试身份同(BJ-2024-XC-YIMO)；文件名未限定题号；正文定位方式=行内答案键；题干块6-gram重叠0.0000(题干271字/材料段3字)；经来源实物裁定，本行只证明参考答案，不证明题级E1；同卷正式细则由独立正式评分源承载。
BJ-2024-XC-YIMO-Q3,BJ-2024-XC-YIMO,3,Sf7bcf000f212,2024模拟题/西城一模/细则/细则.docx,评分材料,正式评分材料,存在候选,存在候选,0.0,,考试身份同(BJ-2024-XC-YIMO)；文件名未限定题号；正文定位方式=行内答案键；题干块6-gram重叠0.0000(题干227字/材料段3字)
BJ-2024-XC-YIMO-Q3,BJ-2024-XC-YIMO,3,S91e28443e7a1,2024模拟题/西城一模/细则/补充材料/2024.4高三统一测试思想政治答案.docx,参考答案,参考答案,已匹配参考答案,存在候选,0.0,,考试身份同(BJ-2024-XC-YIMO)；文件名未限定题号；正文定位方式=行内答案键；题干块6-gram重叠0.0000(题干227字/材料段3字)；经来源实物裁定，本行只证明参考答案，不证明题级E1；同卷正式细则由独立正式评分源承载。
BJ-2024-XC-YIMO-Q4,BJ-2024-XC-YIMO,4,Sf7bcf000f212,2024模拟题/西城一模/细则/细则.docx,评分材料,正式评分材料,存在候选,存在候选,0.0,,考试身份同(BJ-2024-XC-YIMO)；文件名未限定题号；正文定位方式=行内答案键；题干块6-gram重叠0.0000(题干550字/材料段3字)
BJ-2024-XC-YIMO-Q4,BJ-2024-XC-YIMO,4,S91e28443e7a1,2024模拟题/西城一模/细则/补充材料/2024.4高三统一测试思想政治答案.docx,参考答案,参考答案,已匹配参考答案,存在候选,0.0,,考试身份同(BJ-2024-XC-YIMO)；文件名未限定题号；正文定位方式=行内答案键；题干块6-gram重叠0.0000(题干550字/材料段3字)；经来源实物裁定，本行只证明参考答案，不证明题级E1；同卷正式细则由独立正式评分源承载。
BJ-2024-XC-YIMO-Q6,BJ-2024-XC-YIMO,6,Sf7bcf000f212,2024模拟题/西城一模/细则/细则.docx,评分材料,正式评分材料,存在候选,存在候选,0.0,,考试身份同(BJ-2024-XC-YIMO)；文件名未限定题号；正文定位方式=题号起首；题干块6-gram重叠0.0000(题干257字/材料段2967字)
BJ-2024-XC-YIMO-Q6,BJ-2024-XC-YIMO,6,S91e28443e7a1,2024模拟题/西城一模/细则/补充材料/2024.4高三统一测试思想政治答案.docx,参考答案,参考答案,已匹配参考答案,存在候选,0.0,,考试身份同(BJ-2024-XC-YIMO)；文件名未限定题号；正文定位方式=题号起首；题干块6-gram重叠0.0000(题干257字/材料段1613字)；经来源实物裁定，本行只证明参考答案，不证明题级E1；同卷正式细则由独立正式评分源承载。
BJ-2024-XC-YIMO-Q7,BJ-2024-XC-YIMO,7,Sf7bcf000f212,2024模拟题/西城一模/细则/细则.docx,评分材料,正式评分材料,存在候选,存在候选,0.0,,考试身份同(BJ-2024-XC-YIMO)；文件名未限定题号；正文定位方式=行内答案键；题干块6-gram重叠0.0000(题干333字/材料段3字)
BJ-2024-XC-YIMO-Q7,BJ-2024-XC-YIMO,7,S91e28443e7a1,2024模拟题/西城一模/细则/补充材料/2024.4高三统一测试思想政治答案.docx,参考答案,参考答案,已匹配参考答案,存在候选,0.0,,考试身份同(BJ-2024-XC-YIMO)；文件名未限定题号；正文定位方式=行内答案键；题干块6-gram重叠0.0000(题干333字/材料段3字)；经来源实物裁定，本行只证明参考答案，不证明题级E1；同卷正式细则由独立正式评分源承载。
BJ-2024-XC-YIMO-Q8,BJ-2024-XC-YIMO,8,Sf7bcf000f212,2024模拟题/西城一模/细则/细则.docx,评分材料,正式评分材料,存在候选,存在候选,0.0,,考试身份同(BJ-2024-XC-YIMO)；文件名未限定题号；正文定位方式=行内答案键；题干块6-gram重叠0.0000(题干183字/材料段3字)
BJ-2024-XC-YIMO-Q8,BJ-2024-XC-YIMO,8,S91e28443e7a1,2024模拟题/西城一模/细则/补充材料/2024.4高三统一测试思想政治答案.docx,参考答案,参考答案,已匹配参考答案,存在候选,0.0,,考试身份同(BJ-2024-XC-YIMO)；文件名未限定题号；正文定位方式=行内答案键；题干块6-gram重叠0.0000(题干183字/材料段3字)；经来源实物裁定，本行只证明参考答案，不证明题级E1；同卷正式细则由独立正式评分源承载。
BJ-2024-XC-YIMO-Q9,BJ-2024-XC-YIMO,9,Sf7bcf000f212,2024模拟题/西城一模/细则/细则.docx,评分材料,正式评分材料,存在候选,存在候选,0.0,,考试身份同(BJ-2024-XC-YIMO)；文件名未限定题号；正文定位方式=行内答案键；题干块6-gram重叠0.0000(题干227字/材料段3字)
BJ-2024-XC-YIMO-Q9,BJ-2024-XC-YIMO,9,S91e28443e7a1,2024模拟题/西城一模/细则/补充材料/2024.4高三统一测试思想政治答案.docx,参考答案,参考答案,已匹配参考答案,存在候选,0.0,,考试身份同(BJ-2024-XC-YIMO)；文件名未限定题号；正文定位方式=行内答案键；题干块6-gram重叠0.0000(题干227字/材料段3字)；经来源实物裁定，本行只证明参考答案，不证明题级E1；同卷正式细则由独立正式评分源承载。
BJ-2024-XC-YIMO-Q10,BJ-2024-XC-YIMO,10,Sf7bcf000f212,2024模拟题/西城一模/细则/细则.docx,评分材料,正式评分材料,存在候选,存在候选,0.0,,考试身份同(BJ-2024-XC-YIMO)；文件名未限定题号；正文定位方式=行内答案键；题干块6-gram重叠0.0000(题干252字/材料段4字)
BJ-2024-XC-YIMO-Q10,BJ-2024-XC-YIMO,10,S91e28443e7a1,2024模拟题/西城一模/细则/补充材料/2024.4高三统一测试思想政治答案.docx,参考答案,参考答案,已匹配参考答案,存在候选,0.0,,考试身份同(BJ-2024-XC-YIMO)；文件名未限定题号；正文定位方式=行内答案键；题干块6-gram重叠0.0000(题干252字/材料段4字)；经来源实物裁定，本行只证明参考答案，不证明题级E1；同卷正式细则由独立正式评分源承载。
BJ-2024-XC-YIMO-Q11,BJ-2024-XC-YIMO,11,Sf7bcf000f212,2024模拟题/西城一模/细则/细则.docx,评分材料,正式评分材料,存在候选,存在候选,0.0,,考试身份同(BJ-2024-XC-YIMO)；文件名未限定题号；正文定位方式=题号起首；题干块6-gram重叠0.0000(题干750字/材料段2932字)
BJ-2024-XC-YIMO-Q11,BJ-2024-XC-YIMO,11,S91e28443e7a1,2024模拟题/西城一模/细则/补充材料/2024.4高三统一测试思想政治答案.docx,参考答案,参考答案,已匹配参考答案,存在候选,0.0,,考试身份同(BJ-2024-XC-YIMO)；文件名未限定题号；正文定位方式=题号起首；题干块6-gram重叠0.0000(题干750字/材料段1578字)；经来源实物裁定，本行只证明参考答案，不证明题级E1；同卷正式细则由独立正式评分源承载。
BJ-2024-XC-YIMO-Q12,BJ-2024-XC-YIMO,12,Sf7bcf000f212,2024模拟题/西城一模/细则/细则.docx,评分材料,正式评分材料,存在候选,存在候选,0.0,,考试身份同(BJ-2024-XC-YIMO)；文件名未限定题号；正文定位方式=行内答案键；题干块6-gram重叠0.0000(题干194字/材料段4字)
BJ-2024-XC-YIMO-Q12,BJ-2024-XC-YIMO,12,S91e28443e7a1,2024模拟题/西城一模/细则/补充材料/2024.4高三统一测试思想政治答案.docx,参考答案,参考答案,已匹配参考答案,存在候选,0.0,,考试身份同(BJ-2024-XC-YIMO)；文件名未限定题号；正文定位方式=行内答案键；题干块6-gram重叠0.0000(题干194字/材料段4字)；经来源实物裁定，本行只证明参考答案，不证明题级E1；同卷正式细则由独立正式评分源承载。
BJ-2024-XC-YIMO-Q13,BJ-2024-XC-YIMO,13,Sf7bcf000f212,2024模拟题/西城一模/细则/细则.docx,评分材料,正式评分材料,存在候选,存在候选,0.0,,考试身份同(BJ-2024-XC-YIMO)；文件名未限定题号；正文定位方式=行内答案键；题干块6-gram重叠0.0000(题干225字/材料段4字)
BJ-2024-XC-YIMO-Q13,BJ-2024-XC-YIMO,13,S91e28443e7a1,2024模拟题/西城一模/细则/补充材料/2024.4高三统一测试思想政治答案.docx,参考答案,参考答案,已匹配参考答案,存在候选,0.0,,考试身份同(BJ-2024-XC-YIMO)；文件名未限定题号；正文定位方式=行内答案键；题干块6-gram重叠0.0000(题干225字/材料段4字)；经来源实物裁定，本行只证明参考答案，不证明题级E1；同卷正式细则由独立正式评分源承载。
BJ-2024-XC-YIMO-Q14,BJ-2024-XC-YIMO,14,Sf7bcf000f212,2024模拟题/西城一模/细则/细则.docx,评分材料,正式评分材料,存在候选,存在候选,0.0,,考试身份同(BJ-2024-XC-YIMO)；文件名未限定题号；正文定位方式=行内答案键；题干块6-gram重叠0.0000(题干195字/材料段4字)
BJ-2024-XC-YIMO-Q14,BJ-2024-XC-YIMO,14,S91e28443e7a1,2024模拟题/西城一模/细则/补充材料/2024.4高三统一测试思想政治答案.docx,参考答案,参考答案,已匹配参考答案,存在候选,0.0,,考试身份同(BJ-2024-XC-YIMO)；文件名未限定题号；正文定位方式=行内答案键；题干块6-gram重叠0.0000(题干195字/材料段4字)；经来源实物裁定，本行只证明参考答案，不证明题级E1；同卷正式细则由独立正式评分源承载。
BJ-2024-XC-YIMO-Q15,BJ-2024-XC-YIMO,15,Sf7bcf000f212,2024模拟题/西城一模/细则/细则.docx,评分材料,正式评分材料,存在候选,存在候选,0.0,,考试身份同(BJ-2024-XC-YIMO)；文件名未限定题号；正文定位方式=行内答案键；题干块6-gram重叠0.0000(题干221字/材料段4字)
BJ-2024-XC-YIMO-Q15,BJ-2024-XC-YIMO,15,S91e28443e7a1,2024模拟题/西城一模/细则/补充材料/2024.4高三统一测试思想政治答案.docx,参考答案,参考答案,已匹配参考答案,存在候选,0.0,,考试身份同(BJ-2024-XC-YIMO)；文件名未限定题号；正文定位方式=行内答案键；题干块6-gram重叠0.0000(题干221字/材料段4字)；经来源实物裁定，本行只证明参考答案，不证明题级E1；同卷正式细则由独立正式评分源承载。
BJ-2024-XC-ERMO-Q16,BJ-2024-XC-ERMO,16,Sf2e1772f20ed,2024模拟题/西城二模/细则/细则.docx,评分材料,正式评分材料,已匹配正式材料,存在冲突,1.0,,考试身份同(BJ-2024-XC-ERMO)；文件名未限定题号；正文定位方式=题号起首；题干块6-gram重叠1.0000(题干303字/材料段546字)；分值文本 8；同题另一来源块状态较弱(已匹配正式材料)，已按最强状态归并；同题另一来源块状态较弱(存在候选)，已按最强状态归并
BJ-2024-XC-ERMO-Q16,BJ-2024-XC-ERMO,16,S85ebe0578ce8,2024模拟题/西城二模/细则/补充材料/高三模拟测试思想政治答案.docx,参考答案,参考答案,已匹配参考答案,存在冲突,0.8139,,考试身份同(BJ-2024-XC-ERMO)；文件名未限定题号；正文定位方式=题号起首；题干块6-gram重叠0.8139(题干303字/材料段261字)；分值文本 8；同题另一来源块状态较弱(已匹配正式材料)，已按最强状态归并；同题另一来源块状态较弱(存在候选)，已按最强状态归并；经来源实物裁定，本行只证明参考答案，不证明题级E1；同卷正式细则由独立正式评分源承载。
BJ-2024-XC-ERMO-Q17,BJ-2024-XC-ERMO,17,Sf2e1772f20ed,2024模拟题/西城二模/细则/细则.docx,评分材料,正式评分材料,已匹配正式材料,存在冲突,1.0,,考试身份同(BJ-2024-XC-ERMO)；文件名未限定题号；正文定位方式=题号起首；题干块6-gram重叠1.0000(题干493字/材料段544字)；分值文本 9；同题另一来源块状态较弱(已匹配正式材料)，已按最强状态归并；同题另一来源块状态较弱(存在候选)，已按最强状态归并
BJ-2024-XC-ERMO-Q17,BJ-2024-XC-ERMO,17,S85ebe0578ce8,2024模拟题/西城二模/细则/补充材料/高三模拟测试思想政治答案.docx,参考答案,参考答案,已匹配参考答案,存在冲突,0.8171,,考试身份同(BJ-2024-XC-ERMO)；文件名未限定题号；正文定位方式=题号起首；题干块6-gram重叠0.8171(题干493字/材料段424字)；分值文本 9；同题另一来源块状态较弱(已匹配正式材料)，已按最强状态归并；同题另一来源块状态较弱(存在候选)，已按最强状态归并；经来源实物裁定，本行只证明参考答案，不证明题级E1；同卷正式细则由独立正式评分源承载。
BJ-2024-XC-ERMO-Q18,BJ-2024-XC-ERMO,18,Sf2e1772f20ed,2024模拟题/西城二模/细则/细则.docx,评分材料,正式评分材料,已匹配正式材料,存在冲突,1.0,,考试身份同(BJ-2024-XC-ERMO)；文件名未限定题号；正文定位方式=题号起首；题干块6-gram重叠1.0000(题干442字/材料段1905字)；分值文本 33；同题另一来源块状态较弱(已匹配正式材料)，已按最强状态归并；同题另一来源块状态较弱(存在候选)，已按最强状态归并
BJ-2024-XC-ERMO-Q18,BJ-2024-XC-ERMO,18,S85ebe0578ce8,2024模拟题/西城二模/细则/补充材料/高三模拟测试思想政治答案.docx,参考答案,参考答案,已匹配参考答案,存在冲突,0.6658,,考试身份同(BJ-2024-XC-ERMO)；文件名未限定题号；正文定位方式=题号起首；题干块6-gram重叠0.6658(题干442字/材料段1026字)；分值文本 33；同题另一来源块状态较弱(已匹配正式材料)，已按最强状态归并；同题另一来源块状态较弱(存在候选)，已按最强状态归并；经来源实物裁定，本行只证明参考答案，不证明题级E1；同卷正式细则由独立正式评分源承载。
BJ-2024-XC-ERMO-Q19,BJ-2024-XC-ERMO,19,Sf2e1772f20ed,2024模拟题/西城二模/细则/细则.docx,评分材料,正式评分材料,已匹配正式材料,存在冲突,1.0,,考试身份同(BJ-2024-XC-ERMO)；文件名未限定题号；正文定位方式=题号起首；题干块6-gram重叠1.0000(题干154字/材料段524字)；分值文本 5；同题另一来源块状态较弱(已匹配正式材料)，已按最强状态归并；同题另一来源块状态较弱(存在候选)，已按最强状态归并
BJ-2024-XC-ERMO-Q19,BJ-2024-XC-ERMO,19,S85ebe0578ce8,2024模拟题/西城二模/细则/补充材料/高三模拟测试思想政治答案.docx,参考答案,参考答案,已匹配参考答案,存在冲突,0.8288,,考试身份同(BJ-2024-XC-ERMO)；文件名未限定题号；正文定位方式=题号起首；题干块6-gram重叠0.8288(题干154字/材料段137字)；分值文本 5；同题另一来源块状态较弱(已匹配正式材料)，已按最强状态归并；同题另一来源块状态较弱(存在候选)，已按最强状态归并；经来源实物裁定，本行只证明参考答案，不证明题级E1；同卷正式细则由独立正式评分源承载。
BJ-2024-XC-ERMO-Q2,BJ-2024-XC-ERMO,2,Sf2e1772f20ed,2024模拟题/西城二模/细则/细则.docx,评分材料,正式评分材料,存在候选,存在候选,0.0,,考试身份同(BJ-2024-XC-ERMO)；文件名未限定题号；正文定位方式=行内答案键；题干块6-gram重叠0.0000(题干221字/材料段3字)
BJ-2024-XC-ERMO-Q2,BJ-2024-XC-ERMO,2,S85ebe0578ce8,2024模拟题/西城二模/细则/补充材料/高三模拟测试思想政治答案.docx,参考答案,参考答案,已匹配参考答案,存在候选,0.0,,考试身份同(BJ-2024-XC-ERMO)；文件名未限定题号；正文定位方式=行内答案键；题干块6-gram重叠0.0000(题干221字/材料段3字)；经来源实物裁定，本行只证明参考答案，不证明题级E1；同卷正式细则由独立正式评分源承载。
BJ-2024-XC-ERMO-Q3,BJ-2024-XC-ERMO,3,Sf2e1772f20ed,2024模拟题/西城二模/细则/细则.docx,评分材料,正式评分材料,存在候选,存在候选,0.0,,考试身份同(BJ-2024-XC-ERMO)；文件名未限定题号；正文定位方式=行内答案键；题干块6-gram重叠0.0000(题干740字/材料段3字)
BJ-2024-XC-ERMO-Q3,BJ-2024-XC-ERMO,3,S85ebe0578ce8,2024模拟题/西城二模/细则/补充材料/高三模拟测试思想政治答案.docx,参考答案,参考答案,已匹配参考答案,存在候选,0.0,,考试身份同(BJ-2024-XC-ERMO)；文件名未限定题号；正文定位方式=行内答案键；题干块6-gram重叠0.0000(题干740字/材料段3字)；经来源实物裁定，本行只证明参考答案，不证明题级E1；同卷正式细则由独立正式评分源承载。
BJ-2024-XC-ERMO-Q5,BJ-2024-XC-ERMO,5,Sf2e1772f20ed,2024模拟题/西城二模/细则/细则.docx,评分材料,正式评分材料,存在候选,存在候选,0.0,,考试身份同(BJ-2024-XC-ERMO)；文件名未限定题号；正文定位方式=行内答案键；题干块6-gram重叠0.0000(题干338字/材料段3字)
BJ-2024-XC-ERMO-Q5,BJ-2024-XC-ERMO,5,S85ebe0578ce8,2024模拟题/西城二模/细则/补充材料/高三模拟测试思想政治答案.docx,参考答案,参考答案,已匹配参考答案,存在候选,0.0,,考试身份同(BJ-2024-XC-ERMO)；文件名未限定题号；正文定位方式=行内答案键；题干块6-gram重叠0.0000(题干338字/材料段3字)；经来源实物裁定，本行只证明参考答案，不证明题级E1；同卷正式细则由独立正式评分源承载。
BJ-2024-XC-ERMO-Q6,BJ-2024-XC-ERMO,6,Sf2e1772f20ed,2024模拟题/西城二模/细则/细则.docx,评分材料,正式评分材料,存在候选,存在候选,0.0,,考试身份同(BJ-2024-XC-ERMO)；文件名未限定题号；正文定位方式=题号起首；题干块6-gram重叠0.0000(题干176字/材料段3605字)
BJ-2024-XC-ERMO-Q6,BJ-2024-XC-ERMO,6,S85ebe0578ce8,2024模拟题/西城二模/细则/补充材料/高三模拟测试思想政治答案.docx,参考答案,参考答案,已匹配参考答案,存在候选,0.0,,考试身份同(BJ-2024-XC-ERMO)；文件名未限定题号；正文定位方式=题号起首；题干块6-gram重叠0.0000(题干176字/材料段1934字)；经来源实物裁定，本行只证明参考答案，不证明题级E1；同卷正式细则由独立正式评分源承载。
BJ-2024-XC-ERMO-Q7,BJ-2024-XC-ERMO,7,Sf2e1772f20ed,2024模拟题/西城二模/细则/细则.docx,评分材料,正式评分材料,存在候选,存在候选,0.0,,考试身份同(BJ-2024-XC-ERMO)；文件名未限定题号；正文定位方式=行内答案键；题干块6-gram重叠0.0000(题干309字/材料段3字)
BJ-2024-XC-ERMO-Q7,BJ-2024-XC-ERMO,7,S85ebe0578ce8,2024模拟题/西城二模/细则/补充材料/高三模拟测试思想政治答案.docx,参考答案,参考答案,已匹配参考答案,存在候选,0.0,,考试身份同(BJ-2024-XC-ERMO)；文件名未限定题号；正文定位方式=行内答案键；题干块6-gram重叠0.0000(题干309字/材料段3字)；经来源实物裁定，本行只证明参考答案，不证明题级E1；同卷正式细则由独立正式评分源承载。
BJ-2024-XC-ERMO-Q8,BJ-2024-XC-ERMO,8,Sf2e1772f20ed,2024模拟题/西城二模/细则/细则.docx,评分材料,正式评分材料,存在候选,存在候选,0.0,,考试身份同(BJ-2024-XC-ERMO)；文件名未限定题号；正文定位方式=行内答案键；题干块6-gram重叠0.0000(题干238字/材料段3字)
BJ-2024-XC-ERMO-Q8,BJ-2024-XC-ERMO,8,S85ebe0578ce8,2024模拟题/西城二模/细则/补充材料/高三模拟测试思想政治答案.docx,参考答案,参考答案,已匹配参考答案,存在候选,0.0,,考试身份同(BJ-2024-XC-ERMO)；文件名未限定题号；正文定位方式=行内答案键；题干块6-gram重叠0.0000(题干238字/材料段3字)；经来源实物裁定，本行只证明参考答案，不证明题级E1；同卷正式细则由独立正式评分源承载。
BJ-2024-XC-ERMO-Q9,BJ-2024-XC-ERMO,9,Sf2e1772f20ed,2024模拟题/西城二模/细则/细则.docx,评分材料,正式评分材料,存在候选,存在候选,0.0,,考试身份同(BJ-2024-XC-ERMO)；文件名未限定题号；正文定位方式=行内答案键；题干块6-gram重叠0.0000(题干259字/材料段3字)
BJ-2024-XC-ERMO-Q9,BJ-2024-XC-ERMO,9,S85ebe0578ce8,2024模拟题/西城二模/细则/补充材料/高三模拟测试思想政治答案.docx,参考答案,参考答案,已匹配参考答案,存在候选,0.0,,考试身份同(BJ-2024-XC-ERMO)；文件名未限定题号；正文定位方式=行内答案键；题干块6-gram重叠0.0000(题干259字/材料段3字)；经来源实物裁定，本行只证明参考答案，不证明题级E1；同卷正式细则由独立正式评分源承载。
BJ-2024-XC-ERMO-Q10,BJ-2024-XC-ERMO,10,Sf2e1772f20ed,2024模拟题/西城二模/细则/细则.docx,评分材料,正式评分材料,存在候选,存在候选,0.0,,考试身份同(BJ-2024-XC-ERMO)；文件名未限定题号；正文定位方式=行内答案键；题干块6-gram重叠0.0000(题干210字/材料段4字)
BJ-2024-XC-ERMO-Q10,BJ-2024-XC-ERMO,10,S85ebe0578ce8,2024模拟题/西城二模/细则/补充材料/高三模拟测试思想政治答案.docx,参考答案,参考答案,已匹配参考答案,存在候选,0.0,,考试身份同(BJ-2024-XC-ERMO)；文件名未限定题号；正文定位方式=行内答案键；题干块6-gram重叠0.0000(题干210字/材料段4字)；经来源实物裁定，本行只证明参考答案，不证明题级E1；同卷正式细则由独立正式评分源承载。
BJ-2024-XC-ERMO-Q11,BJ-2024-XC-ERMO,11,Sf2e1772f20ed,2024模拟题/西城二模/细则/细则.docx,评分材料,正式评分材料,存在候选,存在候选,0.0,,考试身份同(BJ-2024-XC-ERMO)；文件名未限定题号；正文定位方式=题号起首；题干块6-gram重叠0.0000(题干305字/材料段3570字)
BJ-2024-XC-ERMO-Q11,BJ-2024-XC-ERMO,11,S85ebe0578ce8,2024模拟题/西城二模/细则/补充材料/高三模拟测试思想政治答案.docx,参考答案,参考答案,已匹配参考答案,存在候选,0.0,,考试身份同(BJ-2024-XC-ERMO)；文件名未限定题号；正文定位方式=题号起首；题干块6-gram重叠0.0000(题干305字/材料段1899字)；经来源实物裁定，本行只证明参考答案，不证明题级E1；同卷正式细则由独立正式评分源承载。
BJ-2024-XC-ERMO-Q12,BJ-2024-XC-ERMO,12,Sf2e1772f20ed,2024模拟题/西城二模/细则/细则.docx,评分材料,正式评分材料,存在候选,存在候选,0.0,,考试身份同(BJ-2024-XC-ERMO)；文件名未限定题号；正文定位方式=行内答案键；题干块6-gram重叠0.0000(题干297字/材料段4字)
BJ-2024-XC-ERMO-Q12,BJ-2024-XC-ERMO,12,S85ebe0578ce8,2024模拟题/西城二模/细则/补充材料/高三模拟测试思想政治答案.docx,参考答案,参考答案,已匹配参考答案,存在候选,0.0,,考试身份同(BJ-2024-XC-ERMO)；文件名未限定题号；正文定位方式=行内答案键；题干块6-gram重叠0.0000(题干297字/材料段4字)；经来源实物裁定，本行只证明参考答案，不证明题级E1；同卷正式细则由独立正式评分源承载。
BJ-2024-XC-ERMO-Q13,BJ-2024-XC-ERMO,13,Sf2e1772f20ed,2024模拟题/西城二模/细则/细则.docx,评分材料,正式评分材料,存在候选,存在候选,0.0,,考试身份同(BJ-2024-XC-ERMO)；文件名未限定题号；正文定位方式=行内答案键；题干块6-gram重叠0.0000(题干195字/材料段4字)
BJ-2024-XC-ERMO-Q13,BJ-2024-XC-ERMO,13,S85ebe0578ce8,2024模拟题/西城二模/细则/补充材料/高三模拟测试思想政治答案.docx,参考答案,参考答案,已匹配参考答案,存在候选,0.0,,考试身份同(BJ-2024-XC-ERMO)；文件名未限定题号；正文定位方式=行内答案键；题干块6-gram重叠0.0000(题干195字/材料段4字)；经来源实物裁定，本行只证明参考答案，不证明题级E1；同卷正式细则由独立正式评分源承载。
BJ-2024-XC-ERMO-Q14,BJ-2024-XC-ERMO,14,Sf2e1772f20ed,2024模拟题/西城二模/细则/细则.docx,评分材料,正式评分材料,存在候选,存在候选,0.0,,考试身份同(BJ-2024-XC-ERMO)；文件名未限定题号；正文定位方式=行内答案键；题干块6-gram重叠0.0000(题干672字/材料段4字)
BJ-2024-XC-ERMO-Q14,BJ-2024-XC-ERMO,14,S85ebe0578ce8,2024模拟题/西城二模/细则/补充材料/高三模拟测试思想政治答案.docx,参考答案,参考答案,已匹配参考答案,存在候选,0.0,,考试身份同(BJ-2024-XC-ERMO)；文件名未限定题号；正文定位方式=行内答案键；题干块6-gram重叠0.0000(题干672字/材料段4字)；经来源实物裁定，本行只证明参考答案，不证明题级E1；同卷正式细则由独立正式评分源承载。
BJ-2025-DC-YIMO-Q16,BJ-2025-DC-YIMO,16,Sc254bbee61da,2025模拟题/2025各区一模/2025东城一模/细则/细则.pdf,评分材料,正式评分材料,已匹配正式材料,已匹配正式材料,1.0,,考试身份同(BJ-2025-DC-YIMO)；文件名未限定题号；正文定位方式=题号起首；题干块6-gram重叠1.0000(题干485字/材料段918字)；分值文本 8；同题另一来源块状态较弱(已匹配正式材料)，已按最强状态归并；同题另一来源块状态较弱(存在候选)，已按最强状态归并；同题另一来源块状态较弱(存在候选)，已按最强状态归并
BJ-2025-DC-YIMO-Q1,BJ-2025-DC-YIMO,1,Sc254bbee61da,2025模拟题/2025各区一模/2025东城一模/细则/细则.pdf,评分材料,正式评分材料,存在候选,存在候选,1.0,,考试身份同(BJ-2025-DC-YIMO)；文件名未限定题号；正文定位方式=题号起首；题干块6-gram重叠1.0000(题干60字/材料段61字)；同题另一来源块状态较弱(存在候选)，已按最强状态归并；同题另一来源块状态较弱(存在候选)，已按最强状态归并；同题另一来源块状态较弱(存在候选)，已按最强状态归并
BJ-2025-DC-YIMO-Q3,BJ-2025-DC-YIMO,3,Sc254bbee61da,2025模拟题/2025各区一模/2025东城一模/细则/细则.pdf,评分材料,正式评分材料,已匹配正式材料,已匹配正式材料,1.0,,考试身份同(BJ-2025-DC-YIMO)；文件名未限定题号；正文定位方式=题号起首；题干块6-gram重叠1.0000(题干232字/材料段233字)；同题另一来源块状态较弱(已匹配正式材料)，已按最强状态归并；同题另一来源块状态较弱(存在候选)，已按最强状态归并；同题另一来源块状态较弱(存在候选)，已按最强状态归并
BJ-2025-DC-YIMO-Q4,BJ-2025-DC-YIMO,4,Sc254bbee61da,2025模拟题/2025各区一模/2025东城一模/细则/细则.pdf,评分材料,正式评分材料,存在候选,存在候选,1.0,,考试身份同(BJ-2025-DC-YIMO)；文件名未限定题号；正文定位方式=题号起首；题干块6-gram重叠1.0000(题干60字/材料段61字)；同题另一来源块状态较弱(存在候选)，已按最强状态归并；同题另一来源块状态较弱(存在候选)，已按最强状态归并；同题另一来源块状态较弱(存在候选)，已按最强状态归并
BJ-2025-DC-YIMO-Q5,BJ-2025-DC-YIMO,5,Sc254bbee61da,2025模拟题/2025各区一模/2025东城一模/细则/细则.pdf,评分材料,正式评分材料,已匹配正式材料,已匹配正式材料,1.0,,考试身份同(BJ-2025-DC-YIMO)；文件名未限定题号；正文定位方式=题号起首；题干块6-gram重叠1.0000(题干59字/材料段4000字)；同题另一来源块状态较弱(已匹配正式材料)，已按最强状态归并；同题另一来源块状态较弱(存在候选)，已按最强状态归并；同题另一来源块状态较弱(存在候选)，已按最强状态归并
BJ-2025-DC-YIMO-Q17,BJ-2025-DC-YIMO,17,Sc254bbee61da,2025模拟题/2025各区一模/2025东城一模/细则/细则.pdf,评分材料,正式评分材料,已匹配正式材料,已匹配正式材料,1.0,,考试身份同(BJ-2025-DC-YIMO)；文件名未限定题号；正文定位方式=题号起首；题干块6-gram重叠1.0000(题干1913字/材料段4000字)；分值文本 9；同题另一来源块状态较弱(存在候选)，已按最强状态归并；同题另一来源块状态较弱(存在候选)，已按最强状态归并
BJ-2025-DC-YIMO-Q19,BJ-2025-DC-YIMO,19,Sc254bbee61da,2025模拟题/2025各区一模/2025东城一模/细则/细则.pdf,评分材料,正式评分材料,已匹配正式材料,已匹配正式材料,1.0,,考试身份同(BJ-2025-DC-YIMO)；文件名未限定题号；正文定位方式=题号起首；题干块6-gram重叠1.0000(题干1362字/材料段1363字)；分值文本 8；同题另一来源块状态较弱(存在候选)，已按最强状态归并；同题另一来源块状态较弱(存在候选)，已按最强状态归并
BJ-2025-DC-YIMO-Q20,BJ-2025-DC-YIMO,20,Sc254bbee61da,2025模拟题/2025各区一模/2025东城一模/细则/细则.pdf,评分材料,正式评分材料,已匹配正式材料,已匹配正式材料,1.0,,考试身份同(BJ-2025-DC-YIMO)；文件名未限定题号；正文定位方式=题号起首；题干块6-gram重叠1.0000(题干616字/材料段617字)；分值文本 8；同题另一来源块状态较弱(存在候选)，已按最强状态归并；同题另一来源块状态较弱(存在候选)，已按最强状态归并
BJ-2025-DC-YIMO-Q21,BJ-2025-DC-YIMO,21,Sc254bbee61da,2025模拟题/2025各区一模/2025东城一模/细则/细则.pdf,评分材料,正式评分材料,已匹配正式材料,已匹配正式材料,1.0,,考试身份同(BJ-2025-DC-YIMO)；文件名未限定题号；正文定位方式=题号起首；题干块6-gram重叠1.0000(题干739字/材料段743字)；分值文本 10；同题另一来源块状态较弱(已匹配正式材料)，已按最强状态归并；同题另一来源块状态较弱(存在候选)，已按最强状态归并；同题另一来源块状态较弱(存在候选)，已按最强状态归并
BJ-2025-DC-YIMO-Q2,BJ-2025-DC-YIMO,2,Sc254bbee61da,2025模拟题/2025各区一模/2025东城一模/细则/细则.pdf,评分材料,正式评分材料,存在候选,存在候选,0.0,,考试身份同(BJ-2025-DC-YIMO)；文件名未限定题号；正文定位方式=题号起首；题干块6-gram重叠0.0000(题干231字/材料段18字)；同题另一来源块状态较弱(存在候选)，已按最强状态归并
BJ-2025-DC-YIMO-Q6,BJ-2025-DC-YIMO,6,Sc254bbee61da,2025模拟题/2025各区一模/2025东城一模/细则/细则.pdf,评分材料,正式评分材料,存在候选,存在候选,0.0,,考试身份同(BJ-2025-DC-YIMO)；文件名未限定题号；未能在材料正文定位到第6题段，仅按同卷材料登记为候选；题干块6-gram重叠0.0000(题干232字/材料段0字)；同题另一来源块状态较弱(存在候选)，已按最强状态归并
BJ-2025-DC-YIMO-Q7,BJ-2025-DC-YIMO,7,Sc254bbee61da,2025模拟题/2025各区一模/2025东城一模/细则/细则.pdf,评分材料,正式评分材料,存在候选,存在候选,0.0,,考试身份同(BJ-2025-DC-YIMO)；文件名未限定题号；未能在材料正文定位到第7题段，仅按同卷材料登记为候选；题干块6-gram重叠0.0000(题干215字/材料段0字)；同题另一来源块状态较弱(存在候选)，已按最强状态归并
BJ-2025-DC-YIMO-Q8,BJ-2025-DC-YIMO,8,Sc254bbee61da,2025模拟题/2025各区一模/2025东城一模/细则/细则.pdf,评分材料,正式评分材料,存在候选,存在候选,0.0,,考试身份同(BJ-2025-DC-YIMO)；文件名未限定题号；未能在材料正文定位到第8题段，仅按同卷材料登记为候选；题干块6-gram重叠0.0000(题干204字/材料段0字)；同题另一来源块状态较弱(存在候选)，已按最强状态归并
BJ-2025-DC-YIMO-Q9,BJ-2025-DC-YIMO,9,Sc254bbee61da,2025模拟题/2025各区一模/2025东城一模/细则/细则.pdf,评分材料,正式评分材料,存在候选,存在候选,0.0,,考试身份同(BJ-2025-DC-YIMO)；文件名未限定题号；未能在材料正文定位到第9题段，仅按同卷材料登记为候选；题干块6-gram重叠0.0000(题干194字/材料段0字)；同题另一来源块状态较弱(存在候选)，已按最强状态归并
BJ-2025-DC-YIMO-Q10,BJ-2025-DC-YIMO,10,Sc254bbee61da,2025模拟题/2025各区一模/2025东城一模/细则/细则.pdf,评分材料,正式评分材料,存在候选,存在候选,0.0,,考试身份同(BJ-2025-DC-YIMO)；文件名未限定题号；未能在材料正文定位到第10题段，仅按同卷材料登记为候选；题干块6-gram重叠0.0000(题干276字/材料段0字)；同题另一来源块状态较弱(存在候选)，已按最强状态归并
BJ-2025-DC-YIMO-Q11,BJ-2025-DC-YIMO,11,Sc254bbee61da,2025模拟题/2025各区一模/2025东城一模/细则/细则.pdf,评分材料,正式评分材料,存在候选,存在候选,0.0,,考试身份同(BJ-2025-DC-YIMO)；文件名未限定题号；未能在材料正文定位到第11题段，仅按同卷材料登记为候选；题干块6-gram重叠0.0000(题干243字/材料段0字)；同题另一来源块状态较弱(存在候选)，已按最强状态归并
BJ-2025-DC-YIMO-Q12,BJ-2025-DC-YIMO,12,Sc254bbee61da,2025模拟题/2025各区一模/2025东城一模/细则/细则.pdf,评分材料,正式评分材料,存在候选,存在候选,0.0,,考试身份同(BJ-2025-DC-YIMO)；文件名未限定题号；未能在材料正文定位到第12题段，仅按同卷材料登记为候选；题干块6-gram重叠0.0000(题干174字/材料段0字)；同题另一来源块状态较弱(存在候选)，已按最强状态归并
BJ-2025-DC-YIMO-Q13,BJ-2025-DC-YIMO,13,Sc254bbee61da,2025模拟题/2025各区一模/2025东城一模/细则/细则.pdf,评分材料,正式评分材料,存在候选,存在候选,0.0,,考试身份同(BJ-2025-DC-YIMO)；文件名未限定题号；未能在材料正文定位到第13题段，仅按同卷材料登记为候选；题干块6-gram重叠0.0000(题干254字/材料段0字)；同题另一来源块状态较弱(存在候选)，已按最强状态归并
BJ-2025-DC-YIMO-Q14,BJ-2025-DC-YIMO,14,Sc254bbee61da,2025模拟题/2025各区一模/2025东城一模/细则/细则.pdf,评分材料,正式评分材料,存在候选,存在候选,0.0,,考试身份同(BJ-2025-DC-YIMO)；文件名未限定题号；未能在材料正文定位到第14题段，仅按同卷材料登记为候选；题干块6-gram重叠0.0000(题干280字/材料段0字)；同题另一来源块状态较弱(存在候选)，已按最强状态归并
BJ-2025-DC-YIMO-Q15,BJ-2025-DC-YIMO,15,Sc254bbee61da,2025模拟题/2025各区一模/2025东城一模/细则/细则.pdf,评分材料,正式评分材料,存在候选,存在候选,0.0,,考试身份同(BJ-2025-DC-YIMO)；文件名未限定题号；未能在材料正文定位到第15题段，仅按同卷材料登记为候选；题干块6-gram重叠0.0000(题干303字/材料段0字)；同题另一来源块状态较弱(存在候选)，已按最强状态归并
BJ-2025-DC-YIMO-Q18,BJ-2025-DC-YIMO,18,Sc254bbee61da,2025模拟题/2025各区一模/2025东城一模/细则/细则.pdf,评分材料,正式评分材料,存在候选,存在候选,0.0,,考试身份同(BJ-2025-DC-YIMO)；文件名未限定题号；未能在材料正文定位到第18题段，仅按同卷材料登记为候选；题干块6-gram重叠0.0000(题干342字/材料段0字)；分值文本 12；同题另一来源块状态较弱(存在候选)，已按最强状态归并
BJ-2025-FT-YIMO-Q1,BJ-2025-FT-YIMO,1,Sc143f0d3215c,2025模拟题/2025各区一模/2025丰台一模/细则/细则.docx,评分材料,正式评分材料,存在候选,存在候选,0.0,,考试身份同(BJ-2025-FT-YIMO)；文件名未限定题号；未能在材料正文定位到第1题段，仅按同卷材料登记为候选；题干块6-gram重叠0.0000(题干197字/材料段0字)；同题另一来源块状态较弱(存在候选)，已按最强状态归并
BJ-2025-FT-YIMO-Q2,BJ-2025-FT-YIMO,2,Sc143f0d3215c,2025模拟题/2025各区一模/2025丰台一模/细则/细则.docx,评分材料,正式评分材料,存在候选,存在候选,0.0,,考试身份同(BJ-2025-FT-YIMO)；文件名未限定题号；未能在材料正文定位到第2题段，仅按同卷材料登记为候选；题干块6-gram重叠0.0000(题干236字/材料段0字)；同题另一来源块状态较弱(存在候选)，已按最强状态归并
BJ-2025-FT-YIMO-Q3,BJ-2025-FT-YIMO,3,Sc143f0d3215c,2025模拟题/2025各区一模/2025丰台一模/细则/细则.docx,评分材料,正式评分材料,存在候选,存在候选,0.0,,考试身份同(BJ-2025-FT-YIMO)；文件名未限定题号；未能在材料正文定位到第3题段，仅按同卷材料登记为候选；题干块6-gram重叠0.0000(题干305字/材料段0字)；同题另一来源块状态较弱(存在候选)，已按最强状态归并
BJ-2025-FT-YIMO-Q4,BJ-2025-FT-YIMO,4,Sc143f0d3215c,2025模拟题/2025各区一模/2025丰台一模/细则/细则.docx,评分材料,正式评分材料,存在候选,存在候选,0.0,,考试身份同(BJ-2025-FT-YIMO)；文件名未限定题号；未能在材料正文定位到第4题段，仅按同卷材料登记为候选；题干块6-gram重叠0.0000(题干297字/材料段0字)；同题另一来源块状态较弱(存在候选)，已按最强状态归并
BJ-2025-FT-YIMO-Q5,BJ-2025-FT-YIMO,5,Sc143f0d3215c,2025模拟题/2025各区一模/2025丰台一模/细则/细则.docx,评分材料,正式评分材料,存在候选,存在候选,0.0,,考试身份同(BJ-2025-FT-YIMO)；文件名未限定题号；未能在材料正文定位到第5题段，仅按同卷材料登记为候选；题干块6-gram重叠0.0000(题干344字/材料段0字)；同题另一来源块状态较弱(存在候选)，已按最强状态归并
BJ-2025-FT-YIMO-Q6,BJ-2025-FT-YIMO,6,Sc143f0d3215c,2025模拟题/2025各区一模/2025丰台一模/细则/细则.docx,评分材料,正式评分材料,存在候选,存在候选,0.0,,考试身份同(BJ-2025-FT-YIMO)；文件名未限定题号；未能在材料正文定位到第6题段，仅按同卷材料登记为候选；题干块6-gram重叠0.0000(题干343字/材料段0字)；同题另一来源块状态较弱(存在候选)，已按最强状态归并
BJ-2025-FT-YIMO-Q7,BJ-2025-FT-YIMO,7,Sc143f0d3215c,2025模拟题/2025各区一模/2025丰台一模/细则/细则.docx,评分材料,正式评分材料,存在候选,存在候选,0.0,,考试身份同(BJ-2025-FT-YIMO)；文件名未限定题号；未能在材料正文定位到第7题段，仅按同卷材料登记为候选；题干块6-gram重叠0.0000(题干304字/材料段0字)；同题另一来源块状态较弱(存在候选)，已按最强状态归并
BJ-2025-FT-YIMO-Q8,BJ-2025-FT-YIMO,8,Sc143f0d3215c,2025模拟题/2025各区一模/2025丰台一模/细则/细则.docx,评分材料,正式评分材料,存在候选,存在候选,0.0,,考试身份同(BJ-2025-FT-YIMO)；文件名未限定题号；未能在材料正文定位到第8题段，仅按同卷材料登记为候选；题干块6-gram重叠0.0000(题干272字/材料段0字)；同题另一来源块状态较弱(存在候选)，已按最强状态归并
BJ-2025-FT-YIMO-Q9,BJ-2025-FT-YIMO,9,Sc143f0d3215c,2025模拟题/2025各区一模/2025丰台一模/细则/细则.docx,评分材料,正式评分材料,存在候选,存在候选,0.0,,考试身份同(BJ-2025-FT-YIMO)；文件名未限定题号；未能在材料正文定位到第9题段，仅按同卷材料登记为候选；题干块6-gram重叠0.0000(题干289字/材料段0字)；同题另一来源块状态较弱(存在候选)，已按最强状态归并
BJ-2025-FT-YIMO-Q10,BJ-2025-FT-YIMO,10,Sc143f0d3215c,2025模拟题/2025各区一模/2025丰台一模/细则/细则.docx,评分材料,正式评分材料,存在候选,存在候选,0.0,,考试身份同(BJ-2025-FT-YIMO)；文件名未限定题号；未能在材料正文定位到第10题段，仅按同卷材料登记为候选；题干块6-gram重叠0.0000(题干287字/材料段0字)；同题另一来源块状态较弱(存在候选)，已按最强状态归并
BJ-2025-FT-YIMO-Q11,BJ-2025-FT-YIMO,11,Sc143f0d3215c,2025模拟题/2025各区一模/2025丰台一模/细则/细则.docx,评分材料,正式评分材料,存在候选,存在候选,0.0,,考试身份同(BJ-2025-FT-YIMO)；文件名未限定题号；未能在材料正文定位到第11题段，仅按同卷材料登记为候选；题干块6-gram重叠0.0000(题干398字/材料段0字)；同题另一来源块状态较弱(存在候选)，已按最强状态归并
BJ-2025-FT-YIMO-Q12,BJ-2025-FT-YIMO,12,Sc143f0d3215c,2025模拟题/2025各区一模/2025丰台一模/细则/细则.docx,评分材料,正式评分材料,存在候选,存在候选,0.0,,考试身份同(BJ-2025-FT-YIMO)；文件名未限定题号；未能在材料正文定位到第12题段，仅按同卷材料登记为候选；题干块6-gram重叠0.0000(题干163字/材料段0字)；同题另一来源块状态较弱(存在候选)，已按最强状态归并
BJ-2025-FT-YIMO-Q18,BJ-2025-FT-YIMO,18,Sc143f0d3215c,2025模拟题/2025各区一模/2025丰台一模/细则/细则.docx,评分材料,正式评分材料,存在候选,存在候选,0.0,,考试身份同(BJ-2025-FT-YIMO)；文件名未限定题号；未能在材料正文定位到第18题段，仅按同卷材料登记为候选；题干块6-gram重叠0.0000(题干286字/材料段0字)；同题另一来源块状态较弱(存在候选)，已按最强状态归并
BJ-2025-FT-YIMO-Q13,BJ-2025-FT-YIMO,13,Sc143f0d3215c,2025模拟题/2025各区一模/2025丰台一模/细则/细则.docx,评分材料,正式评分材料,存在候选,存在候选,0.0,,考试身份同(BJ-2025-FT-YIMO)；文件名未限定题号；未能在材料正文定位到第13题段，仅按同卷材料登记为候选；题干块6-gram重叠0.0000(题干138字/材料段0字)；同题另一来源块状态较弱(存在候选)，已按最强状态归并
BJ-2025-FT-YIMO-Q14,BJ-2025-FT-YIMO,14,Sc143f0d3215c,2025模拟题/2025各区一模/2025丰台一模/细则/细则.docx,评分材料,正式评分材料,存在候选,存在候选,0.0,,考试身份同(BJ-2025-FT-YIMO)；文件名未限定题号；未能在材料正文定位到第14题段，仅按同卷材料登记为候选；题干块6-gram重叠0.0000(题干301字/材料段0字)；同题另一来源块状态较弱(存在候选)，已按最强状态归并
BJ-2025-FT-YIMO-Q15,BJ-2025-FT-YIMO,15,Sc143f0d3215c,2025模拟题/2025各区一模/2025丰台一模/细则/细则.docx,评分材料,正式评分材料,存在候选,存在候选,0.0,,考试身份同(BJ-2025-FT-YIMO)；文件名未限定题号；未能在材料正文定位到第15题段，仅按同卷材料登记为候选；题干块6-gram重叠0.0000(题干320字/材料段0字)；同题另一来源块状态较弱(存在候选)，已按最强状态归并
BJ-2025-FT-YIMO-Q16,BJ-2025-FT-YIMO,16,Sc143f0d3215c,2025模拟题/2025各区一模/2025丰台一模/细则/细则.docx,评分材料,正式评分材料,存在候选,存在候选,0.0,,考试身份同(BJ-2025-FT-YIMO)；文件名未限定题号；未能在材料正文定位到第16题段，仅按同卷材料登记为候选；题干块6-gram重叠0.0000(题干219字/材料段0字)；同题另一来源块状态较弱(存在候选)，已按最强状态归并
BJ-2025-FT-YIMO-Q17,BJ-2025-FT-YIMO,17,Sc143f0d3215c,2025模拟题/2025各区一模/2025丰台一模/细则/细则.docx,评分材料,正式评分材料,存在候选,存在候选,0.0,,考试身份同(BJ-2025-FT-YIMO)；文件名未限定题号；未能在材料正文定位到第17题段，仅按同卷材料登记为候选；题干块6-gram重叠0.0000(题干1310字/材料段0字)；同题另一来源块状态较弱(存在候选)，已按最强状态归并
BJ-2025-FT-YIMO-Q19,BJ-2025-FT-YIMO,19,Sc143f0d3215c,2025模拟题/2025各区一模/2025丰台一模/细则/细则.docx,评分材料,正式评分材料,存在候选,存在候选,0.0,,考试身份同(BJ-2025-FT-YIMO)；文件名未限定题号；未能在材料正文定位到第19题段，仅按同卷材料登记为候选；题干块6-gram重叠0.0000(题干332字/材料段0字)；同题另一来源块状态较弱(存在候选)，已按最强状态归并
BJ-2025-FT-YIMO-Q20,BJ-2025-FT-YIMO,20,Sc143f0d3215c,2025模拟题/2025各区一模/2025丰台一模/细则/细则.docx,评分材料,正式评分材料,存在候选,存在候选,0.0,,考试身份同(BJ-2025-FT-YIMO)；文件名未限定题号；未能在材料正文定位到第20题段，仅按同卷材料登记为候选；题干块6-gram重叠0.0000(题干472字/材料段0字)；同题另一来源块状态较弱(存在候选)，已按最强状态归并
BJ-2025-FT-YIMO-Q21,BJ-2025-FT-YIMO,21,Sc143f0d3215c,2025模拟题/2025各区一模/2025丰台一模/细则/细则.docx,评分材料,正式评分材料,存在候选,存在候选,0.0,,考试身份同(BJ-2025-FT-YIMO)；文件名未限定题号；未能在材料正文定位到第21题段，仅按同卷材料登记为候选；题干块6-gram重叠0.0000(题干366字/材料段0字)；同题另一来源块状态较弱(存在候选)，已按最强状态归并
BJ-2025-YQ-YIMO-Q16,BJ-2025-YQ-YIMO,16,Sc0a3990e9579,2025模拟题/2025各区一模/2025延庆一模/细则/细则.docx,评分材料,正式评分材料,已匹配正式材料,已匹配正式材料,1.0,,考试身份同(BJ-2025-YQ-YIMO)；文件名未限定题号；正文定位方式=题号起首；题干块6-gram重叠1.0000(题干238字/材料段238字)；分值文本 8；同题另一来源块状态较弱(存在候选)，已按最强状态归并
BJ-2025-YQ-YIMO-Q17,BJ-2025-YQ-YIMO,17,Sc0a3990e9579,2025模拟题/2025各区一模/2025延庆一模/细则/细则.docx,评分材料,正式评分材料,已匹配正式材料,已匹配正式材料,1.0,,考试身份同(BJ-2025-YQ-YIMO)；文件名未限定题号；正文定位方式=题号起首；题干块6-gram重叠1.0000(题干1313字/材料段2332字)；分值文本 8；同题另一来源块状态较弱(存在候选)，已按最强状态归并
BJ-2025-YQ-YIMO-Q20,BJ-2025-YQ-YIMO,20,Sc0a3990e9579,2025模拟题/2025各区一模/2025延庆一模/细则/细则.docx,评分材料,正式评分材料,已匹配正式材料,已匹配正式材料,1.0,,考试身份同(BJ-2025-YQ-YIMO)；文件名未限定题号；正文定位方式=题号起首；题干块6-gram重叠1.0000(题干1014字/材料段1020字)；分值文本 16；同题另一来源块状态较弱(存在候选)，已按最强状态归并
BJ-2025-YQ-YIMO-Q1,BJ-2025-YQ-YIMO,1,Sc0a3990e9579,2025模拟题/2025各区一模/2025延庆一模/细则/细则.docx,评分材料,正式评分材料,存在候选,存在候选,0.0,,考试身份同(BJ-2025-YQ-YIMO)；文件名未限定题号；未能在材料正文定位到第1题段，仅按同卷材料登记为候选；题干块6-gram重叠0.0000(题干244字/材料段0字)；同题另一来源块状态较弱(存在候选)，已按最强状态归并
BJ-2025-YQ-YIMO-Q2,BJ-2025-YQ-YIMO,2,Sc0a3990e9579,2025模拟题/2025各区一模/2025延庆一模/细则/细则.docx,评分材料,正式评分材料,存在候选,存在候选,0.0,,考试身份同(BJ-2025-YQ-YIMO)；文件名未限定题号；未能在材料正文定位到第2题段，仅按同卷材料登记为候选；题干块6-gram重叠0.0000(题干245字/材料段0字)；同题另一来源块状态较弱(存在候选)，已按最强状态归并
BJ-2025-YQ-YIMO-Q3,BJ-2025-YQ-YIMO,3,Sc0a3990e9579,2025模拟题/2025各区一模/2025延庆一模/细则/细则.docx,评分材料,正式评分材料,存在候选,存在候选,0.0,,考试身份同(BJ-2025-YQ-YIMO)；文件名未限定题号；未能在材料正文定位到第3题段，仅按同卷材料登记为候选；题干块6-gram重叠0.0000(题干233字/材料段0字)；同题另一来源块状态较弱(存在候选)，已按最强状态归并
BJ-2025-YQ-YIMO-Q4,BJ-2025-YQ-YIMO,4,Sc0a3990e9579,2025模拟题/2025各区一模/2025延庆一模/细则/细则.docx,评分材料,正式评分材料,存在候选,存在候选,0.0,,考试身份同(BJ-2025-YQ-YIMO)；文件名未限定题号；未能在材料正文定位到第4题段，仅按同卷材料登记为候选；题干块6-gram重叠0.0000(题干244字/材料段0字)；同题另一来源块状态较弱(存在候选)，已按最强状态归并
BJ-2025-YQ-YIMO-Q5,BJ-2025-YQ-YIMO,5,Sc0a3990e9579,2025模拟题/2025各区一模/2025延庆一模/细则/细则.docx,评分材料,正式评分材料,存在候选,存在候选,0.0,,考试身份同(BJ-2025-YQ-YIMO)；文件名未限定题号；未能在材料正文定位到第5题段，仅按同卷材料登记为候选；题干块6-gram重叠0.0000(题干458字/材料段0字)；同题另一来源块状态较弱(存在候选)，已按最强状态归并
BJ-2025-YQ-YIMO-Q6,BJ-2025-YQ-YIMO,6,Sc0a3990e9579,2025模拟题/2025各区一模/2025延庆一模/细则/细则.docx,评分材料,正式评分材料,存在候选,存在候选,0.0,,考试身份同(BJ-2025-YQ-YIMO)；文件名未限定题号；未能在材料正文定位到第6题段，仅按同卷材料登记为候选；题干块6-gram重叠0.0000(题干301字/材料段0字)；同题另一来源块状态较弱(存在候选)，已按最强状态归并
BJ-2025-YQ-YIMO-Q7,BJ-2025-YQ-YIMO,7,Sc0a3990e9579,2025模拟题/2025各区一模/2025延庆一模/细则/细则.docx,评分材料,正式评分材料,存在候选,存在候选,0.0,,考试身份同(BJ-2025-YQ-YIMO)；文件名未限定题号；未能在材料正文定位到第7题段，仅按同卷材料登记为候选；题干块6-gram重叠0.0000(题干294字/材料段0字)；同题另一来源块状态较弱(存在候选)，已按最强状态归并
BJ-2025-YQ-YIMO-Q8,BJ-2025-YQ-YIMO,8,Sc0a3990e9579,2025模拟题/2025各区一模/2025延庆一模/细则/细则.docx,评分材料,正式评分材料,存在候选,存在候选,0.0,,考试身份同(BJ-2025-YQ-YIMO)；文件名未限定题号；未能在材料正文定位到第8题段，仅按同卷材料登记为候选；题干块6-gram重叠0.0000(题干268字/材料段0字)；同题另一来源块状态较弱(存在候选)，已按最强状态归并
BJ-2025-YQ-YIMO-Q9,BJ-2025-YQ-YIMO,9,Sc0a3990e9579,2025模拟题/2025各区一模/2025延庆一模/细则/细则.docx,评分材料,正式评分材料,存在候选,存在候选,0.0,,考试身份同(BJ-2025-YQ-YIMO)；文件名未限定题号；未能在材料正文定位到第9题段，仅按同卷材料登记为候选；题干块6-gram重叠0.0000(题干381字/材料段0字)；同题另一来源块状态较弱(存在候选)，已按最强状态归并
BJ-2025-YQ-YIMO-Q10,BJ-2025-YQ-YIMO,10,Sc0a3990e9579,2025模拟题/2025各区一模/2025延庆一模/细则/细则.docx,评分材料,正式评分材料,存在候选,存在候选,0.0,,考试身份同(BJ-2025-YQ-YIMO)；文件名未限定题号；未能在材料正文定位到第10题段，仅按同卷材料登记为候选；题干块6-gram重叠0.0000(题干249字/材料段0字)；同题另一来源块状态较弱(存在候选)，已按最强状态归并
BJ-2025-YQ-YIMO-Q11,BJ-2025-YQ-YIMO,11,Sc0a3990e9579,2025模拟题/2025各区一模/2025延庆一模/细则/细则.docx,评分材料,正式评分材料,存在候选,存在候选,0.0,,考试身份同(BJ-2025-YQ-YIMO)；文件名未限定题号；未能在材料正文定位到第11题段，仅按同卷材料登记为候选；题干块6-gram重叠0.0000(题干222字/材料段0字)；同题另一来源块状态较弱(存在候选)，已按最强状态归并
BJ-2025-YQ-YIMO-Q12,BJ-2025-YQ-YIMO,12,Sc0a3990e9579,2025模拟题/2025各区一模/2025延庆一模/细则/细则.docx,评分材料,正式评分材料,存在候选,存在候选,0.0,,考试身份同(BJ-2025-YQ-YIMO)；文件名未限定题号；未能在材料正文定位到第12题段，仅按同卷材料登记为候选；题干块6-gram重叠0.0000(题干390字/材料段0字)；同题另一来源块状态较弱(存在候选)，已按最强状态归并
BJ-2025-YQ-YIMO-Q13,BJ-2025-YQ-YIMO,13,Sc0a3990e9579,2025模拟题/2025各区一模/2025延庆一模/细则/细则.docx,评分材料,正式评分材料,存在候选,存在候选,0.0,,考试身份同(BJ-2025-YQ-YIMO)；文件名未限定题号；未能在材料正文定位到第13题段，仅按同卷材料登记为候选；题干块6-gram重叠0.0000(题干303字/材料段0字)；同题另一来源块状态较弱(存在候选)，已按最强状态归并
BJ-2025-YQ-YIMO-Q14,BJ-2025-YQ-YIMO,14,Sc0a3990e9579,2025模拟题/2025各区一模/2025延庆一模/细则/细则.docx,评分材料,正式评分材料,存在候选,存在候选,0.0,,考试身份同(BJ-2025-YQ-YIMO)；文件名未限定题号；未能在材料正文定位到第14题段，仅按同卷材料登记为候选；题干块6-gram重叠0.0000(题干261字/材料段0字)；同题另一来源块状态较弱(存在候选)，已按最强状态归并
BJ-2025-YQ-YIMO-Q15,BJ-2025-YQ-YIMO,15,Sc0a3990e9579,2025模拟题/2025各区一模/2025延庆一模/细则/细则.docx,评分材料,正式评分材料,存在候选,存在候选,0.0,,考试身份同(BJ-2025-YQ-YIMO)；文件名未限定题号；未能在材料正文定位到第15题段，仅按同卷材料登记为候选；题干块6-gram重叠0.0000(题干434字/材料段0字)
BJ-2025-YQ-YIMO-Q18,BJ-2025-YQ-YIMO,18,Sc0a3990e9579,2025模拟题/2025各区一模/2025延庆一模/细则/细则.docx,评分材料,正式评分材料,存在候选,存在候选,0.0,,考试身份同(BJ-2025-YQ-YIMO)；文件名未限定题号；未能在材料正文定位到第18题段，仅按同卷材料登记为候选；题干块6-gram重叠0.0000(题干380字/材料段0字)；同题另一来源块状态较弱(存在候选)，已按最强状态归并
BJ-2025-YQ-YIMO-Q19,BJ-2025-YQ-YIMO,19,Sc0a3990e9579,2025模拟题/2025各区一模/2025延庆一模/细则/细则.docx,评分材料,正式评分材料,存在候选,存在候选,0.0,,考试身份同(BJ-2025-YQ-YIMO)；文件名未限定题号；未能在材料正文定位到第19题段，仅按同卷材料登记为候选；题干块6-gram重叠0.0000(题干427字/材料段0字)；同题另一来源块状态较弱(存在候选)，已按最强状态归并
BJ-2025-YQ-YIMO-Q21,BJ-2025-YQ-YIMO,21,Sc0a3990e9579,2025模拟题/2025各区一模/2025延庆一模/细则/细则.docx,评分材料,正式评分材料,存在候选,存在候选,0.0,,考试身份同(BJ-2025-YQ-YIMO)；文件名未限定题号；未能在材料正文定位到第21题段，仅按同卷材料登记为候选；题干块6-gram重叠0.0000(题干616字/材料段0字)
BJ-2025-FS-YIMO-Q16,BJ-2025-FS-YIMO,16,S17cdecfbd774,2025模拟题/2025各区一模/2025房山一模/细则/细则.pdf,评分材料,正式评分材料,已匹配正式材料,已匹配正式材料,1.0,,考试身份同(BJ-2025-FS-YIMO)；文件名未限定题号；正文定位方式=题号起首；题干块6-gram重叠1.0000(题干180字/材料段874字)；分值文本 15；同题另一来源块状态较弱(已匹配正式材料)，已按最强状态归并；同题另一来源块状态较弱(存在候选)，已按最强状态归并；同题另一来源块状态较弱(存在候选)，已按最强状态归并
BJ-2025-FS-YIMO-Q17,BJ-2025-FS-YIMO,17,S17cdecfbd774,2025模拟题/2025各区一模/2025房山一模/细则/细则.pdf,评分材料,正式评分材料,已匹配正式材料,已匹配正式材料,1.0,,考试身份同(BJ-2025-FS-YIMO)；文件名未限定题号；正文定位方式=题号起首；题干块6-gram重叠1.0000(题干147字/材料段429字)；分值文本 8；同题另一来源块状态较弱(存在候选)，已按最强状态归并
BJ-2025-FS-YIMO-Q18,BJ-2025-FS-YIMO,18,S17cdecfbd774,2025模拟题/2025各区一模/2025房山一模/细则/细则.pdf,评分材料,正式评分材料,已匹配正式材料,已匹配正式材料,1.0,,考试身份同(BJ-2025-FS-YIMO)；文件名未限定题号；正文定位方式=题号起首；题干块6-gram重叠1.0000(题干164字/材料段897字)；分值文本 15；同题另一来源块状态较弱(存在候选)，已按最强状态归并
BJ-2025-FS-YIMO-Q19,BJ-2025-FS-YIMO,19,S17cdecfbd774,2025模拟题/2025各区一模/2025房山一模/细则/细则.pdf,评分材料,正式评分材料,已匹配正式材料,已匹配正式材料,1.0,,考试身份同(BJ-2025-FS-YIMO)；文件名未限定题号；正文定位方式=题号起首；题干块6-gram重叠1.0000(题干184字/材料段630字)；分值文本 8；同题另一来源块状态较弱(已匹配正式材料)，已按最强状态归并；同题另一来源块状态较弱(存在候选)，已按最强状态归并；同题另一来源块状态较弱(存在候选)，已按最强状态归并
BJ-2025-FS-YIMO-Q20,BJ-2025-FS-YIMO,20,S17cdecfbd774,2025模拟题/2025各区一模/2025房山一模/细则/细则.pdf,评分材料,正式评分材料,已匹配正式材料,已匹配正式材料,1.0,,考试身份同(BJ-2025-FS-YIMO)；文件名未限定题号；正文定位方式=题号起首；题干块6-gram重叠1.0000(题干242字/材料段432字)；分值文本 9；同题另一来源块状态较弱(已匹配正式材料)，已按最强状态归并；同题另一来源块状态较弱(存在候选)，已按最强状态归并；同题另一来源块状态较弱(存在候选)，已按最强状态归并
BJ-2025-FS-YIMO-Q1,BJ-2025-FS-YIMO,1,S17cdecfbd774,2025模拟题/2025各区一模/2025房山一模/细则/细则.pdf,评分材料,正式评分材料,存在候选,存在候选,0.0,,考试身份同(BJ-2025-FS-YIMO)；文件名未限定题号；正文定位方式=题号起首；题干块6-gram重叠0.0000(题干249字/材料段46字)；同题另一来源块状态较弱(存在候选)，已按最强状态归并
BJ-2025-FS-YIMO-Q2,BJ-2025-FS-YIMO,2,S17cdecfbd774,2025模拟题/2025各区一模/2025房山一模/细则/细则.pdf,评分材料,正式评分材料,存在候选,存在候选,0.0,,考试身份同(BJ-2025-FS-YIMO)；文件名未限定题号；正文定位方式=题号起首；题干块6-gram重叠0.0000(题干192字/材料段73字)；同题另一来源块状态较弱(存在候选)，已按最强状态归并
BJ-2025-FS-YIMO-Q3,BJ-2025-FS-YIMO,3,S17cdecfbd774,2025模拟题/2025各区一模/2025房山一模/细则/细则.pdf,评分材料,正式评分材料,存在候选,存在候选,0.0,,考试身份同(BJ-2025-FS-YIMO)；文件名未限定题号；正文定位方式=题号起首；题干块6-gram重叠0.0000(题干217字/材料段38字)；同题另一来源块状态较弱(存在候选)，已按最强状态归并
BJ-2025-FS-YIMO-Q4,BJ-2025-FS-YIMO,4,S17cdecfbd774,2025模拟题/2025各区一模/2025房山一模/细则/细则.pdf,评分材料,正式评分材料,存在候选,存在候选,0.0127,,考试身份同(BJ-2025-FS-YIMO)；文件名未限定题号；正文定位方式=题号起首；题干块6-gram重叠0.0127(题干269字/材料段1842字)；同题另一来源块状态较弱(存在候选)，已按最强状态归并
BJ-2025-FS-YIMO-Q5,BJ-2025-FS-YIMO,5,S17cdecfbd774,2025模拟题/2025各区一模/2025房山一模/细则/细则.pdf,评分材料,正式评分材料,存在候选,存在候选,0.0,,考试身份同(BJ-2025-FS-YIMO)；文件名未限定题号；正文定位方式=题号起首；题干块6-gram重叠0.0000(题干246字/材料段15字)
BJ-2025-FS-YIMO-Q6,BJ-2025-FS-YIMO,6,S17cdecfbd774,2025模拟题/2025各区一模/2025房山一模/细则/细则.pdf,评分材料,正式评分材料,存在候选,存在候选,0.0,,考试身份同(BJ-2025-FS-YIMO)；文件名未限定题号；正文定位方式=题号起首；题干块6-gram重叠0.0000(题干307字/材料段547字)
BJ-2025-FS-YIMO-Q7,BJ-2025-FS-YIMO,7,S17cdecfbd774,2025模拟题/2025各区一模/2025房山一模/细则/细则.pdf,评分材料,正式评分材料,存在候选,存在候选,0.0,,考试身份同(BJ-2025-FS-YIMO)；文件名未限定题号；未能在材料正文定位到第7题段，仅按同卷材料登记为候选；题干块6-gram重叠0.0000(题干233字/材料段0字)
BJ-2025-FS-YIMO-Q8,BJ-2025-FS-YIMO,8,S17cdecfbd774,2025模拟题/2025各区一模/2025房山一模/细则/细则.pdf,评分材料,正式评分材料,存在候选,存在候选,0.0,,考试身份同(BJ-2025-FS-YIMO)；文件名未限定题号；未能在材料正文定位到第8题段，仅按同卷材料登记为候选；题干块6-gram重叠0.0000(题干258字/材料段0字)
BJ-2025-FS-YIMO-Q9,BJ-2025-FS-YIMO,9,S17cdecfbd774,2025模拟题/2025各区一模/2025房山一模/细则/细则.pdf,评分材料,正式评分材料,存在候选,存在候选,0.0,,考试身份同(BJ-2025-FS-YIMO)；文件名未限定题号；未能在材料正文定位到第9题段，仅按同卷材料登记为候选；题干块6-gram重叠0.0000(题干320字/材料段0字)
BJ-2025-FS-YIMO-Q10,BJ-2025-FS-YIMO,10,S17cdecfbd774,2025模拟题/2025各区一模/2025房山一模/细则/细则.pdf,评分材料,正式评分材料,存在候选,存在候选,0.0,,考试身份同(BJ-2025-FS-YIMO)；文件名未限定题号；未能在材料正文定位到第10题段，仅按同卷材料登记为候选；题干块6-gram重叠0.0000(题干263字/材料段0字)；同题另一来源块状态较弱(存在候选)，已按最强状态归并
BJ-2025-FS-YIMO-Q11,BJ-2025-FS-YIMO,11,S17cdecfbd774,2025模拟题/2025各区一模/2025房山一模/细则/细则.pdf,评分材料,正式评分材料,存在候选,存在候选,0.0,,考试身份同(BJ-2025-FS-YIMO)；文件名未限定题号；未能在材料正文定位到第11题段，仅按同卷材料登记为候选；题干块6-gram重叠0.0000(题干336字/材料段0字)；同题另一来源块状态较弱(存在候选)，已按最强状态归并
BJ-2025-FS-YIMO-Q12,BJ-2025-FS-YIMO,12,S17cdecfbd774,2025模拟题/2025各区一模/2025房山一模/细则/细则.pdf,评分材料,正式评分材料,存在候选,存在候选,0.0,,考试身份同(BJ-2025-FS-YIMO)；文件名未限定题号；未能在材料正文定位到第12题段，仅按同卷材料登记为候选；题干块6-gram重叠0.0000(题干276字/材料段0字)；同题另一来源块状态较弱(存在候选)，已按最强状态归并
BJ-2025-FS-YIMO-Q13,BJ-2025-FS-YIMO,13,S17cdecfbd774,2025模拟题/2025各区一模/2025房山一模/细则/细则.pdf,评分材料,正式评分材料,存在候选,存在候选,0.0,,考试身份同(BJ-2025-FS-YIMO)；文件名未限定题号；未能在材料正文定位到第13题段，仅按同卷材料登记为候选；题干块6-gram重叠0.0000(题干264字/材料段0字)；同题另一来源块状态较弱(存在候选)，已按最强状态归并
BJ-2025-FS-YIMO-Q14,BJ-2025-FS-YIMO,14,S17cdecfbd774,2025模拟题/2025各区一模/2025房山一模/细则/细则.pdf,评分材料,正式评分材料,存在候选,存在候选,0.0,,考试身份同(BJ-2025-FS-YIMO)；文件名未限定题号；未能在材料正文定位到第14题段，仅按同卷材料登记为候选；题干块6-gram重叠0.0000(题干243字/材料段0字)；同题另一来源块状态较弱(存在候选)，已按最强状态归并
BJ-2025-FS-YIMO-Q15,BJ-2025-FS-YIMO,15,S17cdecfbd774,2025模拟题/2025各区一模/2025房山一模/细则/细则.pdf,评分材料,正式评分材料,存在候选,存在候选,0.0,,考试身份同(BJ-2025-FS-YIMO)；文件名未限定题号；未能在材料正文定位到第15题段，仅按同卷材料登记为候选；题干块6-gram重叠0.0000(题干231字/材料段0字)；同题另一来源块状态较弱(存在候选)，已按最强状态归并
BJ-2025-CY-YIMO-Q1,BJ-2025-CY-YIMO,1,Sf5f683a90050,2025模拟题/2025各区一模/2025朝阳一模/细则/细则.pdf,评分材料,正式评分材料,存在候选,存在候选,0.0,,考试身份同(BJ-2025-CY-YIMO)；文件名未限定题号；未能在材料正文定位到第1题段，仅按同卷材料登记为候选；题干块6-gram重叠0.0000(题干305字/材料段0字)；同题另一来源块状态较弱(存在候选)，已按最强状态归并；同题另一来源块状态较弱(存在候选)，已按最强状态归并；同题另一来源块状态较弱(存在候选)，已按最强状态归并
BJ-2025-CY-YIMO-Q1,BJ-2025-CY-YIMO,1,Sf0b3ab889aa0,2025模拟题/2025各区一模/2025朝阳一模/细则/补充材料/20250329高3阅卷总结17 1题 具身智能 任会波组 阐释论证.doc,阅卷总结,正式评分材料,存在候选,存在候选,0.0,1,考试身份同(BJ-2025-CY-YIMO)；文件名题号{1}与本题号一致；正文定位方式=文件名限定本题号；题干块6-gram重叠0.0000(题干305字/材料段3106字)；同题另一来源块状态较弱(存在候选)，已按最强状态归并；同题另一来源块状态较弱(存在候选)，已按最强状态归并；同题另一来源块状态较弱(存在候选)，已按最强状态归并
BJ-2025-CY-YIMO-Q1,BJ-2025-CY-YIMO,1,Sf7bfc3e53261,2025模拟题/2025各区一模/2025朝阳一模/细则/补充材料/20250329高3阅卷总结18题 社区治理 汤桃玲组 探究建构.doc,阅卷总结,正式评分材料,已排除（文件名指向他题）,存在候选,0.0,18,考试身份同(BJ-2025-CY-YIMO)；文件名题号{18}与本题号不一致；未能在材料正文定位到第1题段，仅按同卷材料登记为候选；题干块6-gram重叠0.0000(题干305字/材料段0字)；同题另一来源块状态较弱(已排除（文件名指向他题）)，已按最强状态归并；同题另一来源块状态较弱(已排除（文件名指向他题）)，已按最强状态归并；同题另一来源块状态较弱(已排除（文件名指向他题）)，已按最强状态归并
BJ-2025-CY-YIMO-Q1,BJ-2025-CY-YIMO,1,Sb51916fe7b59,2025模拟题/2025各区一模/2025朝阳一模/细则/补充材料/20250329高3阅卷总结19题 合同欺诈  阐释论证.doc,阅卷总结,正式评分材料,已排除（文件名指向他题）,存在候选,0.0,19,考试身份同(BJ-2025-CY-YIMO)；文件名题号{19}与本题号不一致；未能在材料正文定位到第1题段，仅按同卷材料登记为候选；题干块6-gram重叠0.0000(题干305字/材料段0字)；同题另一来源块状态较弱(已排除（文件名指向他题）)，已按最强状态归并；同题另一来源块状态较弱(已排除（文件名指向他题）)，已按最强状态归并；同题另一来源块状态较弱(已排除（文件名指向他题）)，已按最强状态归并
BJ-2025-CY-YIMO-Q2,BJ-2025-CY-YIMO,2,Sf5f683a90050,2025模拟题/2025各区一模/2025朝阳一模/细则/细则.pdf,评分材料,正式评分材料,存在候选,存在候选,0.0,,考试身份同(BJ-2025-CY-YIMO)；文件名未限定题号；未能在材料正文定位到第2题段，仅按同卷材料登记为候选；题干块6-gram重叠0.0000(题干455字/材料段0字)；同题另一来源块状态较弱(存在候选)，已按最强状态归并；同题另一来源块状态较弱(存在候选)，已按最强状态归并；同题另一来源块状态较弱(存在候选)，已按最强状态归并
BJ-2025-CY-YIMO-Q2,BJ-2025-CY-YIMO,2,Sf0b3ab889aa0,2025模拟题/2025各区一模/2025朝阳一模/细则/补充材料/20250329高3阅卷总结17 1题 具身智能 任会波组 阐释论证.doc,阅卷总结,正式评分材料,已排除（文件名指向他题）,存在候选,0.0,1,考试身份同(BJ-2025-CY-YIMO)；文件名题号{1}与本题号不一致；未能在材料正文定位到第2题段，仅按同卷材料登记为候选；题干块6-gram重叠0.0000(题干455字/材料段0字)；同题另一来源块状态较弱(已排除（文件名指向他题）)，已按最强状态归并；同题另一来源块状态较弱(已排除（文件名指向他题）)，已按最强状态归并；同题另一来源块状态较弱(已排除（文件名指向他题）)，已按最强状态归并
BJ-2025-CY-YIMO-Q2,BJ-2025-CY-YIMO,2,Sf7bfc3e53261,2025模拟题/2025各区一模/2025朝阳一模/细则/补充材料/20250329高3阅卷总结18题 社区治理 汤桃玲组 探究建构.doc,阅卷总结,正式评分材料,已排除（文件名指向他题）,存在候选,0.0,18,考试身份同(BJ-2025-CY-YIMO)；文件名题号{18}与本题号不一致；未能在材料正文定位到第2题段，仅按同卷材料登记为候选；题干块6-gram重叠0.0000(题干455字/材料段0字)；同题另一来源块状态较弱(已排除（文件名指向他题）)，已按最强状态归并；同题另一来源块状态较弱(已排除（文件名指向他题）)，已按最强状态归并；同题另一来源块状态较弱(已排除（文件名指向他题）)，已按最强状态归并
BJ-2025-CY-YIMO-Q2,BJ-2025-CY-YIMO,2,Sb51916fe7b59,2025模拟题/2025各区一模/2025朝阳一模/细则/补充材料/20250329高3阅卷总结19题 合同欺诈  阐释论证.doc,阅卷总结,正式评分材料,已排除（文件名指向他题）,存在候选,0.0,19,考试身份同(BJ-2025-CY-YIMO)；文件名题号{19}与本题号不一致；未能在材料正文定位到第2题段，仅按同卷材料登记为候选；题干块6-gram重叠0.0000(题干455字/材料段0字)；同题另一来源块状态较弱(已排除（文件名指向他题）)，已按最强状态归并；同题另一来源块状态较弱(已排除（文件名指向他题）)，已按最强状态归并；同题另一来源块状态较弱(已排除（文件名指向他题）)，已按最强状态归并
BJ-2025-CY-YIMO-Q3,BJ-2025-CY-YIMO,3,Sf5f683a90050,2025模拟题/2025各区一模/2025朝阳一模/细则/细则.pdf,评分材料,正式评分材料,存在候选,存在候选,0.0,,考试身份同(BJ-2025-CY-YIMO)；文件名未限定题号；未能在材料正文定位到第3题段，仅按同卷材料登记为候选；题干块6-gram重叠0.0000(题干444字/材料段0字)；同题另一来源块状态较弱(存在候选)，已按最强状态归并；同题另一来源块状态较弱(存在候选)，已按最强状态归并；同题另一来源块状态较弱(存在候选)，已按最强状态归并
BJ-2025-CY-YIMO-Q3,BJ-2025-CY-YIMO,3,Sf0b3ab889aa0,2025模拟题/2025各区一模/2025朝阳一模/细则/补充材料/20250329高3阅卷总结17 1题 具身智能 任会波组 阐释论证.doc,阅卷总结,正式评分材料,已排除（文件名指向他题）,存在候选,0.0,1,考试身份同(BJ-2025-CY-YIMO)；文件名题号{1}与本题号不一致；未能在材料正文定位到第3题段，仅按同卷材料登记为候选；题干块6-gram重叠0.0000(题干444字/材料段0字)；同题另一来源块状态较弱(已排除（文件名指向他题）)，已按最强状态归并；同题另一来源块状态较弱(已排除（文件名指向他题）)，已按最强状态归并；同题另一来源块状态较弱(已排除（文件名指向他题）)，已按最强状态归并
BJ-2025-CY-YIMO-Q3,BJ-2025-CY-YIMO,3,Sf7bfc3e53261,2025模拟题/2025各区一模/2025朝阳一模/细则/补充材料/20250329高3阅卷总结18题 社区治理 汤桃玲组 探究建构.doc,阅卷总结,正式评分材料,已排除（文件名指向他题）,存在候选,0.0,18,考试身份同(BJ-2025-CY-YIMO)；文件名题号{18}与本题号不一致；未能在材料正文定位到第3题段，仅按同卷材料登记为候选；题干块6-gram重叠0.0000(题干444字/材料段0字)；同题另一来源块状态较弱(已排除（文件名指向他题）)，已按最强状态归并；同题另一来源块状态较弱(已排除（文件名指向他题）)，已按最强状态归并；同题另一来源块状态较弱(已排除（文件名指向他题）)，已按最强状态归并
BJ-2025-CY-YIMO-Q3,BJ-2025-CY-YIMO,3,Sb51916fe7b59,2025模拟题/2025各区一模/2025朝阳一模/细则/补充材料/20250329高3阅卷总结19题 合同欺诈  阐释论证.doc,阅卷总结,正式评分材料,已排除（文件名指向他题）,存在候选,0.0,19,考试身份同(BJ-2025-CY-YIMO)；文件名题号{19}与本题号不一致；未能在材料正文定位到第3题段，仅按同卷材料登记为候选；题干块6-gram重叠0.0000(题干444字/材料段0字)；同题另一来源块状态较弱(已排除（文件名指向他题）)，已按最强状态归并；同题另一来源块状态较弱(已排除（文件名指向他题）)，已按最强状态归并；同题另一来源块状态较弱(已排除（文件名指向他题）)，已按最强状态归并
BJ-2025-CY-YIMO-Q4,BJ-2025-CY-YIMO,4,Sf5f683a90050,2025模拟题/2025各区一模/2025朝阳一模/细则/细则.pdf,评分材料,正式评分材料,存在候选,存在候选,0.0,,考试身份同(BJ-2025-CY-YIMO)；文件名未限定题号；未能在材料正文定位到第4题段，仅按同卷材料登记为候选；题干块6-gram重叠0.0000(题干505字/材料段0字)；同题另一来源块状态较弱(存在候选)，已按最强状态归并；同题另一来源块状态较弱(存在候选)，已按最强状态归并；同题另一来源块状态较弱(存在候选)，已按最强状态归并
BJ-2025-CY-YIMO-Q4,BJ-2025-CY-YIMO,4,Sf0b3ab889aa0,2025模拟题/2025各区一模/2025朝阳一模/细则/补充材料/20250329高3阅卷总结17 1题 具身智能 任会波组 阐释论证.doc,阅卷总结,正式评分材料,已排除（文件名指向他题）,存在候选,0.0,1,考试身份同(BJ-2025-CY-YIMO)；文件名题号{1}与本题号不一致；未能在材料正文定位到第4题段，仅按同卷材料登记为候选；题干块6-gram重叠0.0000(题干505字/材料段0字)；同题另一来源块状态较弱(已排除（文件名指向他题）)，已按最强状态归并；同题另一来源块状态较弱(已排除（文件名指向他题）)，已按最强状态归并；同题另一来源块状态较弱(已排除（文件名指向他题）)，已按最强状态归并
BJ-2025-CY-YIMO-Q4,BJ-2025-CY-YIMO,4,Sf7bfc3e53261,2025模拟题/2025各区一模/2025朝阳一模/细则/补充材料/20250329高3阅卷总结18题 社区治理 汤桃玲组 探究建构.doc,阅卷总结,正式评分材料,已排除（文件名指向他题）,存在候选,0.0,18,考试身份同(BJ-2025-CY-YIMO)；文件名题号{18}与本题号不一致；未能在材料正文定位到第4题段，仅按同卷材料登记为候选；题干块6-gram重叠0.0000(题干505字/材料段0字)；同题另一来源块状态较弱(已排除（文件名指向他题）)，已按最强状态归并；同题另一来源块状态较弱(已排除（文件名指向他题）)，已按最强状态归并；同题另一来源块状态较弱(已排除（文件名指向他题）)，已按最强状态归并
BJ-2025-CY-YIMO-Q4,BJ-2025-CY-YIMO,4,Sb51916fe7b59,2025模拟题/2025各区一模/2025朝阳一模/细则/补充材料/20250329高3阅卷总结19题 合同欺诈  阐释论证.doc,阅卷总结,正式评分材料,已排除（文件名指向他题）,存在候选,0.0,19,考试身份同(BJ-2025-CY-YIMO)；文件名题号{19}与本题号不一致；未能在材料正文定位到第4题段，仅按同卷材料登记为候选；题干块6-gram重叠0.0000(题干505字/材料段0字)；同题另一来源块状态较弱(已排除（文件名指向他题）)，已按最强状态归并；同题另一来源块状态较弱(已排除（文件名指向他题）)，已按最强状态归并；同题另一来源块状态较弱(已排除（文件名指向他题）)，已按最强状态归并
BJ-2025-CY-YIMO-Q5,BJ-2025-CY-YIMO,5,Sf5f683a90050,2025模拟题/2025各区一模/2025朝阳一模/细则/细则.pdf,评分材料,正式评分材料,存在候选,存在候选,0.0,,考试身份同(BJ-2025-CY-YIMO)；文件名未限定题号；未能在材料正文定位到第5题段，仅按同卷材料登记为候选；题干块6-gram重叠0.0000(题干402字/材料段0字)；同题另一来源块状态较弱(存在候选)，已按最强状态归并；同题另一来源块状态较弱(存在候选)，已按最强状态归并
BJ-2025-CY-YIMO-Q5,BJ-2025-CY-YIMO,5,Sf0b3ab889aa0,2025模拟题/2025各区一模/2025朝阳一模/细则/补充材料/20250329高3阅卷总结17 1题 具身智能 任会波组 阐释论证.doc,阅卷总结,正式评分材料,已排除（文件名指向他题）,存在候选,0.0,1,考试身份同(BJ-2025-CY-YIMO)；文件名题号{1}与本题号不一致；未能在材料正文定位到第5题段，仅按同卷材料登记为候选；题干块6-gram重叠0.0000(题干402字/材料段0字)；同题另一来源块状态较弱(已排除（文件名指向他题）)，已按最强状态归并；同题另一来源块状态较弱(已排除（文件名指向他题）)，已按最强状态归并
BJ-2025-CY-YIMO-Q5,BJ-2025-CY-YIMO,5,Sf7bfc3e53261,2025模拟题/2025各区一模/2025朝阳一模/细则/补充材料/20250329高3阅卷总结18题 社区治理 汤桃玲组 探究建构.doc,阅卷总结,正式评分材料,已排除（文件名指向他题）,存在候选,0.0,18,考试身份同(BJ-2025-CY-YIMO)；文件名题号{18}与本题号不一致；未能在材料正文定位到第5题段，仅按同卷材料登记为候选；题干块6-gram重叠0.0000(题干402字/材料段0字)；同题另一来源块状态较弱(已排除（文件名指向他题）)，已按最强状态归并；同题另一来源块状态较弱(已排除（文件名指向他题）)，已按最强状态归并
BJ-2025-CY-YIMO-Q5,BJ-2025-CY-YIMO,5,Sb51916fe7b59,2025模拟题/2025各区一模/2025朝阳一模/细则/补充材料/20250329高3阅卷总结19题 合同欺诈  阐释论证.doc,阅卷总结,正式评分材料,已排除（文件名指向他题）,存在候选,0.0,19,考试身份同(BJ-2025-CY-YIMO)；文件名题号{19}与本题号不一致；未能在材料正文定位到第5题段，仅按同卷材料登记为候选；题干块6-gram重叠0.0000(题干402字/材料段0字)；同题另一来源块状态较弱(已排除（文件名指向他题）)，已按最强状态归并；同题另一来源块状态较弱(已排除（文件名指向他题）)，已按最强状态归并
BJ-2025-CY-YIMO-Q6,BJ-2025-CY-YIMO,6,Sf5f683a90050,2025模拟题/2025各区一模/2025朝阳一模/细则/细则.pdf,评分材料,正式评分材料,存在候选,存在候选,0.0,,考试身份同(BJ-2025-CY-YIMO)；文件名未限定题号；未能在材料正文定位到第6题段，仅按同卷材料登记为候选；题干块6-gram重叠0.0000(题干487字/材料段0字)；同题另一来源块状态较弱(存在候选)，已按最强状态归并；同题另一来源块状态较弱(存在候选)，已按最强状态归并
BJ-2025-CY-YIMO-Q6,BJ-2025-CY-YIMO,6,Sf0b3ab889aa0,2025模拟题/2025各区一模/2025朝阳一模/细则/补充材料/20250329高3阅卷总结17 1题 具身智能 任会波组 阐释论证.doc,阅卷总结,正式评分材料,已排除（文件名指向他题）,存在候选,0.0,1,考试身份同(BJ-2025-CY-YIMO)；文件名题号{1}与本题号不一致；未能在材料正文定位到第6题段，仅按同卷材料登记为候选；题干块6-gram重叠0.0000(题干487字/材料段0字)；同题另一来源块状态较弱(已排除（文件名指向他题）)，已按最强状态归并；同题另一来源块状态较弱(已排除（文件名指向他题）)，已按最强状态归并
BJ-2025-CY-YIMO-Q6,BJ-2025-CY-YIMO,6,Sf7bfc3e53261,2025模拟题/2025各区一模/2025朝阳一模/细则/补充材料/20250329高3阅卷总结18题 社区治理 汤桃玲组 探究建构.doc,阅卷总结,正式评分材料,已排除（文件名指向他题）,存在候选,0.0,18,考试身份同(BJ-2025-CY-YIMO)；文件名题号{18}与本题号不一致；未能在材料正文定位到第6题段，仅按同卷材料登记为候选；题干块6-gram重叠0.0000(题干487字/材料段0字)；同题另一来源块状态较弱(已排除（文件名指向他题）)，已按最强状态归并；同题另一来源块状态较弱(已排除（文件名指向他题）)，已按最强状态归并
BJ-2025-CY-YIMO-Q6,BJ-2025-CY-YIMO,6,Sb51916fe7b59,2025模拟题/2025各区一模/2025朝阳一模/细则/补充材料/20250329高3阅卷总结19题 合同欺诈  阐释论证.doc,阅卷总结,正式评分材料,已排除（文件名指向他题）,存在候选,0.0,19,考试身份同(BJ-2025-CY-YIMO)；文件名题号{19}与本题号不一致；未能在材料正文定位到第6题段，仅按同卷材料登记为候选；题干块6-gram重叠0.0000(题干487字/材料段0字)；同题另一来源块状态较弱(已排除（文件名指向他题）)，已按最强状态归并；同题另一来源块状态较弱(已排除（文件名指向他题）)，已按最强状态归并
BJ-2025-CY-YIMO-Q7,BJ-2025-CY-YIMO,7,Sf5f683a90050,2025模拟题/2025各区一模/2025朝阳一模/细则/细则.pdf,评分材料,正式评分材料,存在候选,存在候选,0.0,,考试身份同(BJ-2025-CY-YIMO)；文件名未限定题号；未能在材料正文定位到第7题段，仅按同卷材料登记为候选；题干块6-gram重叠0.0000(题干454字/材料段0字)；同题另一来源块状态较弱(存在候选)，已按最强状态归并；同题另一来源块状态较弱(存在候选)，已按最强状态归并
BJ-2025-CY-YIMO-Q7,BJ-2025-CY-YIMO,7,Sf0b3ab889aa0,2025模拟题/2025各区一模/2025朝阳一模/细则/补充材料/20250329高3阅卷总结17 1题 具身智能 任会波组 阐释论证.doc,阅卷总结,正式评分材料,已排除（文件名指向他题）,存在候选,0.0,1,考试身份同(BJ-2025-CY-YIMO)；文件名题号{1}与本题号不一致；未能在材料正文定位到第7题段，仅按同卷材料登记为候选；题干块6-gram重叠0.0000(题干454字/材料段0字)；同题另一来源块状态较弱(已排除（文件名指向他题）)，已按最强状态归并；同题另一来源块状态较弱(已排除（文件名指向他题）)，已按最强状态归并
BJ-2025-CY-YIMO-Q7,BJ-2025-CY-YIMO,7,Sf7bfc3e53261,2025模拟题/2025各区一模/2025朝阳一模/细则/补充材料/20250329高3阅卷总结18题 社区治理 汤桃玲组 探究建构.doc,阅卷总结,正式评分材料,已排除（文件名指向他题）,存在候选,0.0,18,考试身份同(BJ-2025-CY-YIMO)；文件名题号{18}与本题号不一致；未能在材料正文定位到第7题段，仅按同卷材料登记为候选；题干块6-gram重叠0.0000(题干454字/材料段0字)；同题另一来源块状态较弱(已排除（文件名指向他题）)，已按最强状态归并；同题另一来源块状态较弱(已排除（文件名指向他题）)，已按最强状态归并
BJ-2025-CY-YIMO-Q7,BJ-2025-CY-YIMO,7,Sb51916fe7b59,2025模拟题/2025各区一模/2025朝阳一模/细则/补充材料/20250329高3阅卷总结19题 合同欺诈  阐释论证.doc,阅卷总结,正式评分材料,已排除（文件名指向他题）,存在候选,0.0,19,考试身份同(BJ-2025-CY-YIMO)；文件名题号{19}与本题号不一致；未能在材料正文定位到第7题段，仅按同卷材料登记为候选；题干块6-gram重叠0.0000(题干454字/材料段0字)；同题另一来源块状态较弱(已排除（文件名指向他题）)，已按最强状态归并；同题另一来源块状态较弱(已排除（文件名指向他题）)，已按最强状态归并
BJ-2025-CY-YIMO-Q8,BJ-2025-CY-YIMO,8,Sf5f683a90050,2025模拟题/2025各区一模/2025朝阳一模/细则/细则.pdf,评分材料,正式评分材料,存在候选,存在候选,0.0,,考试身份同(BJ-2025-CY-YIMO)；文件名未限定题号；未能在材料正文定位到第8题段，仅按同卷材料登记为候选；题干块6-gram重叠0.0000(题干591字/材料段0字)；同题另一来源块状态较弱(存在候选)，已按最强状态归并；同题另一来源块状态较弱(存在候选)，已按最强状态归并
BJ-2025-CY-YIMO-Q8,BJ-2025-CY-YIMO,8,Sf0b3ab889aa0,2025模拟题/2025各区一模/2025朝阳一模/细则/补充材料/20250329高3阅卷总结17 1题 具身智能 任会波组 阐释论证.doc,阅卷总结,正式评分材料,已排除（文件名指向他题）,存在候选,0.0,1,考试身份同(BJ-2025-CY-YIMO)；文件名题号{1}与本题号不一致；未能在材料正文定位到第8题段，仅按同卷材料登记为候选；题干块6-gram重叠0.0000(题干591字/材料段0字)；同题另一来源块状态较弱(已排除（文件名指向他题）)，已按最强状态归并；同题另一来源块状态较弱(已排除（文件名指向他题）)，已按最强状态归并
BJ-2025-CY-YIMO-Q8,BJ-2025-CY-YIMO,8,Sf7bfc3e53261,2025模拟题/2025各区一模/2025朝阳一模/细则/补充材料/20250329高3阅卷总结18题 社区治理 汤桃玲组 探究建构.doc,阅卷总结,正式评分材料,已排除（文件名指向他题）,存在候选,0.0,18,考试身份同(BJ-2025-CY-YIMO)；文件名题号{18}与本题号不一致；未能在材料正文定位到第8题段，仅按同卷材料登记为候选；题干块6-gram重叠0.0000(题干591字/材料段0字)；同题另一来源块状态较弱(已排除（文件名指向他题）)，已按最强状态归并；同题另一来源块状态较弱(已排除（文件名指向他题）)，已按最强状态归并
BJ-2025-CY-YIMO-Q8,BJ-2025-CY-YIMO,8,Sb51916fe7b59,2025模拟题/2025各区一模/2025朝阳一模/细则/补充材料/20250329高3阅卷总结19题 合同欺诈  阐释论证.doc,阅卷总结,正式评分材料,已排除（文件名指向他题）,存在候选,0.0,19,考试身份同(BJ-2025-CY-YIMO)；文件名题号{19}与本题号不一致；未能在材料正文定位到第8题段，仅按同卷材料登记为候选；题干块6-gram重叠0.0000(题干591字/材料段0字)；同题另一来源块状态较弱(已排除（文件名指向他题）)，已按最强状态归并；同题另一来源块状态较弱(已排除（文件名指向他题）)，已按最强状态归并
BJ-2025-CY-YIMO-Q9,BJ-2025-CY-YIMO,9,Sf5f683a90050,2025模拟题/2025各区一模/2025朝阳一模/细则/细则.pdf,评分材料,正式评分材料,存在候选,存在候选,0.0,,考试身份同(BJ-2025-CY-YIMO)；文件名未限定题号；未能在材料正文定位到第9题段，仅按同卷材料登记为候选；题干块6-gram重叠0.0000(题干460字/材料段0字)；同题另一来源块状态较弱(存在候选)，已按最强状态归并
BJ-2025-CY-YIMO-Q9,BJ-2025-CY-YIMO,9,Sf0b3ab889aa0,2025模拟题/2025各区一模/2025朝阳一模/细则/补充材料/20250329高3阅卷总结17 1题 具身智能 任会波组 阐释论证.doc,阅卷总结,正式评分材料,已排除（文件名指向他题）,存在候选,0.0,1,考试身份同(BJ-2025-CY-YIMO)；文件名题号{1}与本题号不一致；未能在材料正文定位到第9题段，仅按同卷材料登记为候选；题干块6-gram重叠0.0000(题干460字/材料段0字)；同题另一来源块状态较弱(已排除（文件名指向他题）)，已按最强状态归并
BJ-2025-CY-YIMO-Q9,BJ-2025-CY-YIMO,9,Sf7bfc3e53261,2025模拟题/2025各区一模/2025朝阳一模/细则/补充材料/20250329高3阅卷总结18题 社区治理 汤桃玲组 探究建构.doc,阅卷总结,正式评分材料,已排除（文件名指向他题）,存在候选,0.0,18,考试身份同(BJ-2025-CY-YIMO)；文件名题号{18}与本题号不一致；未能在材料正文定位到第9题段，仅按同卷材料登记为候选；题干块6-gram重叠0.0000(题干460字/材料段0字)；同题另一来源块状态较弱(已排除（文件名指向他题）)，已按最强状态归并
BJ-2025-CY-YIMO-Q9,BJ-2025-CY-YIMO,9,Sb51916fe7b59,2025模拟题/2025各区一模/2025朝阳一模/细则/补充材料/20250329高3阅卷总结19题 合同欺诈  阐释论证.doc,阅卷总结,正式评分材料,已排除（文件名指向他题）,存在候选,0.0,19,考试身份同(BJ-2025-CY-YIMO)；文件名题号{19}与本题号不一致；未能在材料正文定位到第9题段，仅按同卷材料登记为候选；题干块6-gram重叠0.0000(题干460字/材料段0字)；同题另一来源块状态较弱(已排除（文件名指向他题）)，已按最强状态归并
BJ-2025-CY-YIMO-Q10,BJ-2025-CY-YIMO,10,Sf5f683a90050,2025模拟题/2025各区一模/2025朝阳一模/细则/细则.pdf,评分材料,正式评分材料,存在候选,存在候选,0.0,,考试身份同(BJ-2025-CY-YIMO)；文件名未限定题号；未能在材料正文定位到第10题段，仅按同卷材料登记为候选；题干块6-gram重叠0.0000(题干527字/材料段0字)；同题另一来源块状态较弱(存在候选)，已按最强状态归并
BJ-2025-CY-YIMO-Q10,BJ-2025-CY-YIMO,10,Sf0b3ab889aa0,2025模拟题/2025各区一模/2025朝阳一模/细则/补充材料/20250329高3阅卷总结17 1题 具身智能 任会波组 阐释论证.doc,阅卷总结,正式评分材料,已排除（文件名指向他题）,存在候选,0.0,1,考试身份同(BJ-2025-CY-YIMO)；文件名题号{1}与本题号不一致；未能在材料正文定位到第10题段，仅按同卷材料登记为候选；题干块6-gram重叠0.0000(题干527字/材料段0字)；同题另一来源块状态较弱(已排除（文件名指向他题）)，已按最强状态归并
BJ-2025-CY-YIMO-Q10,BJ-2025-CY-YIMO,10,Sf7bfc3e53261,2025模拟题/2025各区一模/2025朝阳一模/细则/补充材料/20250329高3阅卷总结18题 社区治理 汤桃玲组 探究建构.doc,阅卷总结,正式评分材料,已排除（文件名指向他题）,存在候选,0.0,18,考试身份同(BJ-2025-CY-YIMO)；文件名题号{18}与本题号不一致；未能在材料正文定位到第10题段，仅按同卷材料登记为候选；题干块6-gram重叠0.0000(题干527字/材料段0字)；同题另一来源块状态较弱(已排除（文件名指向他题）)，已按最强状态归并
BJ-2025-CY-YIMO-Q10,BJ-2025-CY-YIMO,10,Sb51916fe7b59,2025模拟题/2025各区一模/2025朝阳一模/细则/补充材料/20250329高3阅卷总结19题 合同欺诈  阐释论证.doc,阅卷总结,正式评分材料,已排除（文件名指向他题）,存在候选,0.0,19,考试身份同(BJ-2025-CY-YIMO)；文件名题号{19}与本题号不一致；未能在材料正文定位到第10题段，仅按同卷材料登记为候选；题干块6-gram重叠0.0000(题干527字/材料段0字)；同题另一来源块状态较弱(已排除（文件名指向他题）)，已按最强状态归并
BJ-2025-CY-YIMO-Q11,BJ-2025-CY-YIMO,11,Sf5f683a90050,2025模拟题/2025各区一模/2025朝阳一模/细则/细则.pdf,评分材料,正式评分材料,存在候选,存在候选,0.0,,考试身份同(BJ-2025-CY-YIMO)；文件名未限定题号；未能在材料正文定位到第11题段，仅按同卷材料登记为候选；题干块6-gram重叠0.0000(题干492字/材料段0字)；同题另一来源块状态较弱(存在候选)，已按最强状态归并
BJ-2025-CY-YIMO-Q11,BJ-2025-CY-YIMO,11,Sf0b3ab889aa0,2025模拟题/2025各区一模/2025朝阳一模/细则/补充材料/20250329高3阅卷总结17 1题 具身智能 任会波组 阐释论证.doc,阅卷总结,正式评分材料,已排除（文件名指向他题）,存在候选,0.0,1,考试身份同(BJ-2025-CY-YIMO)；文件名题号{1}与本题号不一致；未能在材料正文定位到第11题段，仅按同卷材料登记为候选；题干块6-gram重叠0.0000(题干492字/材料段0字)；同题另一来源块状态较弱(已排除（文件名指向他题）)，已按最强状态归并
BJ-2025-CY-YIMO-Q11,BJ-2025-CY-YIMO,11,Sf7bfc3e53261,2025模拟题/2025各区一模/2025朝阳一模/细则/补充材料/20250329高3阅卷总结18题 社区治理 汤桃玲组 探究建构.doc,阅卷总结,正式评分材料,已排除（文件名指向他题）,存在候选,0.0,18,考试身份同(BJ-2025-CY-YIMO)；文件名题号{18}与本题号不一致；未能在材料正文定位到第11题段，仅按同卷材料登记为候选；题干块6-gram重叠0.0000(题干492字/材料段0字)；同题另一来源块状态较弱(已排除（文件名指向他题）)，已按最强状态归并
BJ-2025-CY-YIMO-Q11,BJ-2025-CY-YIMO,11,Sb51916fe7b59,2025模拟题/2025各区一模/2025朝阳一模/细则/补充材料/20250329高3阅卷总结19题 合同欺诈  阐释论证.doc,阅卷总结,正式评分材料,已排除（文件名指向他题）,存在候选,0.0,19,考试身份同(BJ-2025-CY-YIMO)；文件名题号{19}与本题号不一致；未能在材料正文定位到第11题段，仅按同卷材料登记为候选；题干块6-gram重叠0.0000(题干492字/材料段0字)；同题另一来源块状态较弱(已排除（文件名指向他题）)，已按最强状态归并
BJ-2025-CY-YIMO-Q12,BJ-2025-CY-YIMO,12,Sf5f683a90050,2025模拟题/2025各区一模/2025朝阳一模/细则/细则.pdf,评分材料,正式评分材料,存在候选,存在候选,0.0,,考试身份同(BJ-2025-CY-YIMO)；文件名未限定题号；未能在材料正文定位到第12题段，仅按同卷材料登记为候选；题干块6-gram重叠0.0000(题干447字/材料段0字)；同题另一来源块状态较弱(存在候选)，已按最强状态归并
BJ-2025-CY-YIMO-Q12,BJ-2025-CY-YIMO,12,Sf0b3ab889aa0,2025模拟题/2025各区一模/2025朝阳一模/细则/补充材料/20250329高3阅卷总结17 1题 具身智能 任会波组 阐释论证.doc,阅卷总结,正式评分材料,已排除（文件名指向他题）,存在候选,0.0,1,考试身份同(BJ-2025-CY-YIMO)；文件名题号{1}与本题号不一致；未能在材料正文定位到第12题段，仅按同卷材料登记为候选；题干块6-gram重叠0.0000(题干447字/材料段0字)；同题另一来源块状态较弱(已排除（文件名指向他题）)，已按最强状态归并
BJ-2025-CY-YIMO-Q12,BJ-2025-CY-YIMO,12,Sf7bfc3e53261,2025模拟题/2025各区一模/2025朝阳一模/细则/补充材料/20250329高3阅卷总结18题 社区治理 汤桃玲组 探究建构.doc,阅卷总结,正式评分材料,已排除（文件名指向他题）,存在候选,0.0,18,考试身份同(BJ-2025-CY-YIMO)；文件名题号{18}与本题号不一致；未能在材料正文定位到第12题段，仅按同卷材料登记为候选；题干块6-gram重叠0.0000(题干447字/材料段0字)；同题另一来源块状态较弱(已排除（文件名指向他题）)，已按最强状态归并
BJ-2025-CY-YIMO-Q12,BJ-2025-CY-YIMO,12,Sb51916fe7b59,2025模拟题/2025各区一模/2025朝阳一模/细则/补充材料/20250329高3阅卷总结19题 合同欺诈  阐释论证.doc,阅卷总结,正式评分材料,已排除（文件名指向他题）,存在候选,0.0,19,考试身份同(BJ-2025-CY-YIMO)；文件名题号{19}与本题号不一致；未能在材料正文定位到第12题段，仅按同卷材料登记为候选；题干块6-gram重叠0.0000(题干447字/材料段0字)；同题另一来源块状态较弱(已排除（文件名指向他题）)，已按最强状态归并
BJ-2025-CY-YIMO-Q13,BJ-2025-CY-YIMO,13,Sf5f683a90050,2025模拟题/2025各区一模/2025朝阳一模/细则/细则.pdf,评分材料,正式评分材料,存在候选,存在候选,0.0,,考试身份同(BJ-2025-CY-YIMO)；文件名未限定题号；未能在材料正文定位到第13题段，仅按同卷材料登记为候选；题干块6-gram重叠0.0000(题干430字/材料段0字)；同题另一来源块状态较弱(存在候选)，已按最强状态归并；同题另一来源块状态较弱(存在候选)，已按最强状态归并
BJ-2025-CY-YIMO-Q13,BJ-2025-CY-YIMO,13,Sf0b3ab889aa0,2025模拟题/2025各区一模/2025朝阳一模/细则/补充材料/20250329高3阅卷总结17 1题 具身智能 任会波组 阐释论证.doc,阅卷总结,正式评分材料,已排除（文件名指向他题）,存在候选,0.0,1,考试身份同(BJ-2025-CY-YIMO)；文件名题号{1}与本题号不一致；未能在材料正文定位到第13题段，仅按同卷材料登记为候选；题干块6-gram重叠0.0000(题干430字/材料段0字)；同题另一来源块状态较弱(已排除（文件名指向他题）)，已按最强状态归并；同题另一来源块状态较弱(已排除（文件名指向他题）)，已按最强状态归并
BJ-2025-CY-YIMO-Q13,BJ-2025-CY-YIMO,13,Sf7bfc3e53261,2025模拟题/2025各区一模/2025朝阳一模/细则/补充材料/20250329高3阅卷总结18题 社区治理 汤桃玲组 探究建构.doc,阅卷总结,正式评分材料,已排除（文件名指向他题）,存在候选,0.0,18,考试身份同(BJ-2025-CY-YIMO)；文件名题号{18}与本题号不一致；未能在材料正文定位到第13题段，仅按同卷材料登记为候选；题干块6-gram重叠0.0000(题干430字/材料段0字)；同题另一来源块状态较弱(已排除（文件名指向他题）)，已按最强状态归并；同题另一来源块状态较弱(已排除（文件名指向他题）)，已按最强状态归并
BJ-2025-CY-YIMO-Q13,BJ-2025-CY-YIMO,13,Sb51916fe7b59,2025模拟题/2025各区一模/2025朝阳一模/细则/补充材料/20250329高3阅卷总结19题 合同欺诈  阐释论证.doc,阅卷总结,正式评分材料,已排除（文件名指向他题）,存在候选,0.0,19,考试身份同(BJ-2025-CY-YIMO)；文件名题号{19}与本题号不一致；未能在材料正文定位到第13题段，仅按同卷材料登记为候选；题干块6-gram重叠0.0000(题干430字/材料段0字)；同题另一来源块状态较弱(已排除（文件名指向他题）)，已按最强状态归并；同题另一来源块状态较弱(已排除（文件名指向他题）)，已按最强状态归并
BJ-2025-CY-YIMO-Q14,BJ-2025-CY-YIMO,14,Sf5f683a90050,2025模拟题/2025各区一模/2025朝阳一模/细则/细则.pdf,评分材料,正式评分材料,存在候选,存在候选,0.0,,考试身份同(BJ-2025-CY-YIMO)；文件名未限定题号；未能在材料正文定位到第14题段，仅按同卷材料登记为候选；题干块6-gram重叠0.0000(题干426字/材料段0字)；同题另一来源块状态较弱(存在候选)，已按最强状态归并；同题另一来源块状态较弱(存在候选)，已按最强状态归并
BJ-2025-CY-YIMO-Q14,BJ-2025-CY-YIMO,14,Sf0b3ab889aa0,2025模拟题/2025各区一模/2025朝阳一模/细则/补充材料/20250329高3阅卷总结17 1题 具身智能 任会波组 阐释论证.doc,阅卷总结,正式评分材料,已排除（文件名指向他题）,存在候选,0.0,1,考试身份同(BJ-2025-CY-YIMO)；文件名题号{1}与本题号不一致；未能在材料正文定位到第14题段，仅按同卷材料登记为候选；题干块6-gram重叠0.0000(题干426字/材料段0字)；同题另一来源块状态较弱(已排除（文件名指向他题）)，已按最强状态归并；同题另一来源块状态较弱(已排除（文件名指向他题）)，已按最强状态归并
BJ-2025-CY-YIMO-Q14,BJ-2025-CY-YIMO,14,Sf7bfc3e53261,2025模拟题/2025各区一模/2025朝阳一模/细则/补充材料/20250329高3阅卷总结18题 社区治理 汤桃玲组 探究建构.doc,阅卷总结,正式评分材料,已排除（文件名指向他题）,存在候选,0.0,18,考试身份同(BJ-2025-CY-YIMO)；文件名题号{18}与本题号不一致；未能在材料正文定位到第14题段，仅按同卷材料登记为候选；题干块6-gram重叠0.0000(题干426字/材料段0字)；同题另一来源块状态较弱(已排除（文件名指向他题）)，已按最强状态归并；同题另一来源块状态较弱(已排除（文件名指向他题）)，已按最强状态归并
BJ-2025-CY-YIMO-Q14,BJ-2025-CY-YIMO,14,Sb51916fe7b59,2025模拟题/2025各区一模/2025朝阳一模/细则/补充材料/20250329高3阅卷总结19题 合同欺诈  阐释论证.doc,阅卷总结,正式评分材料,已排除（文件名指向他题）,存在候选,0.0,19,考试身份同(BJ-2025-CY-YIMO)；文件名题号{19}与本题号不一致；未能在材料正文定位到第14题段，仅按同卷材料登记为候选；题干块6-gram重叠0.0000(题干426字/材料段0字)；同题另一来源块状态较弱(已排除（文件名指向他题）)，已按最强状态归并；同题另一来源块状态较弱(已排除（文件名指向他题）)，已按最强状态归并
BJ-2025-CY-YIMO-Q15,BJ-2025-CY-YIMO,15,Sf5f683a90050,2025模拟题/2025各区一模/2025朝阳一模/细则/细则.pdf,评分材料,正式评分材料,存在候选,存在候选,0.0,,考试身份同(BJ-2025-CY-YIMO)；文件名未限定题号；未能在材料正文定位到第15题段，仅按同卷材料登记为候选；题干块6-gram重叠0.0000(题干532字/材料段0字)；同题另一来源块状态较弱(存在候选)，已按最强状态归并；同题另一来源块状态较弱(存在候选)，已按最强状态归并
BJ-2025-CY-YIMO-Q15,BJ-2025-CY-YIMO,15,Sf0b3ab889aa0,2025模拟题/2025各区一模/2025朝阳一模/细则/补充材料/20250329高3阅卷总结17 1题 具身智能 任会波组 阐释论证.doc,阅卷总结,正式评分材料,已排除（文件名指向他题）,存在候选,0.0,1,考试身份同(BJ-2025-CY-YIMO)；文件名题号{1}与本题号不一致；未能在材料正文定位到第15题段，仅按同卷材料登记为候选；题干块6-gram重叠0.0000(题干532字/材料段0字)；同题另一来源块状态较弱(已排除（文件名指向他题）)，已按最强状态归并；同题另一来源块状态较弱(已排除（文件名指向他题）)，已按最强状态归并
BJ-2025-CY-YIMO-Q15,BJ-2025-CY-YIMO,15,Sf7bfc3e53261,2025模拟题/2025各区一模/2025朝阳一模/细则/补充材料/20250329高3阅卷总结18题 社区治理 汤桃玲组 探究建构.doc,阅卷总结,正式评分材料,已排除（文件名指向他题）,存在候选,0.0,18,考试身份同(BJ-2025-CY-YIMO)；文件名题号{18}与本题号不一致；未能在材料正文定位到第15题段，仅按同卷材料登记为候选；题干块6-gram重叠0.0000(题干532字/材料段0字)；同题另一来源块状态较弱(已排除（文件名指向他题）)，已按最强状态归并；同题另一来源块状态较弱(已排除（文件名指向他题）)，已按最强状态归并
BJ-2025-CY-YIMO-Q15,BJ-2025-CY-YIMO,15,Sb51916fe7b59,2025模拟题/2025各区一模/2025朝阳一模/细则/补充材料/20250329高3阅卷总结19题 合同欺诈  阐释论证.doc,阅卷总结,正式评分材料,已排除（文件名指向他题）,存在候选,0.0,19,考试身份同(BJ-2025-CY-YIMO)；文件名题号{19}与本题号不一致；未能在材料正文定位到第15题段，仅按同卷材料登记为候选；题干块6-gram重叠0.0000(题干532字/材料段0字)；同题另一来源块状态较弱(已排除（文件名指向他题）)，已按最强状态归并；同题另一来源块状态较弱(已排除（文件名指向他题）)，已按最强状态归并
BJ-2025-CY-YIMO-Q16,BJ-2025-CY-YIMO,16,Sf5f683a90050,2025模拟题/2025各区一模/2025朝阳一模/细则/细则.pdf,评分材料,正式评分材料,存在候选,存在候选,0.0,,考试身份同(BJ-2025-CY-YIMO)；文件名未限定题号；未能在材料正文定位到第16题段，仅按同卷材料登记为候选；题干块6-gram重叠0.0000(题干1113字/材料段0字)；分值文本 8；同题另一来源块状态较弱(存在候选)，已按最强状态归并；同题另一来源块状态较弱(存在候选)，已按最强状态归并；同题另一来源块状态较弱(存在候选)，已按最强状态归并
BJ-2025-CY-YIMO-Q16,BJ-2025-CY-YIMO,16,Sf0b3ab889aa0,2025模拟题/2025各区一模/2025朝阳一模/细则/补充材料/20250329高3阅卷总结17 1题 具身智能 任会波组 阐释论证.doc,阅卷总结,正式评分材料,已排除（文件名指向他题）,存在候选,0.0,1,考试身份同(BJ-2025-CY-YIMO)；文件名题号{1}与本题号不一致；未能在材料正文定位到第16题段，仅按同卷材料登记为候选；题干块6-gram重叠0.0000(题干1113字/材料段0字)；分值文本 8；同题另一来源块状态较弱(已排除（文件名指向他题）)，已按最强状态归并；同题另一来源块状态较弱(已排除（文件名指向他题）)，已按最强状态归并；同题另一来源块状态较弱(已排除（文件名指向他题）)，已按最强状态归并
BJ-2025-CY-YIMO-Q16,BJ-2025-CY-YIMO,16,Sf7bfc3e53261,2025模拟题/2025各区一模/2025朝阳一模/细则/补充材料/20250329高3阅卷总结18题 社区治理 汤桃玲组 探究建构.doc,阅卷总结,正式评分材料,已排除（文件名指向他题）,存在候选,0.0,18,考试身份同(BJ-2025-CY-YIMO)；文件名题号{18}与本题号不一致；未能在材料正文定位到第16题段，仅按同卷材料登记为候选；题干块6-gram重叠0.0000(题干1113字/材料段0字)；分值文本 8；同题另一来源块状态较弱(已排除（文件名指向他题）)，已按最强状态归并；同题另一来源块状态较弱(已排除（文件名指向他题）)，已按最强状态归并；同题另一来源块状态较弱(已排除（文件名指向他题）)，已按最强状态归并
BJ-2025-CY-YIMO-Q16,BJ-2025-CY-YIMO,16,Sb51916fe7b59,2025模拟题/2025各区一模/2025朝阳一模/细则/补充材料/20250329高3阅卷总结19题 合同欺诈  阐释论证.doc,阅卷总结,正式评分材料,已排除（文件名指向他题）,存在候选,0.0,19,考试身份同(BJ-2025-CY-YIMO)；文件名题号{19}与本题号不一致；未能在材料正文定位到第16题段，仅按同卷材料登记为候选；题干块6-gram重叠0.0000(题干1113字/材料段0字)；分值文本 8；同题另一来源块状态较弱(已排除（文件名指向他题）)，已按最强状态归并；同题另一来源块状态较弱(已排除（文件名指向他题）)，已按最强状态归并；同题另一来源块状态较弱(已排除（文件名指向他题）)，已按最强状态归并
BJ-2025-CY-YIMO-Q17,BJ-2025-CY-YIMO,17,Sf5f683a90050,2025模拟题/2025各区一模/2025朝阳一模/细则/细则.pdf,评分材料,正式评分材料,存在候选,存在候选,0.0,,考试身份同(BJ-2025-CY-YIMO)；文件名未限定题号；未能在材料正文定位到第17题段，仅按同卷材料登记为候选；题干块6-gram重叠0.0000(题干1691字/材料段0字)；分值文本 12；同题另一来源块状态较弱(存在候选)，已按最强状态归并；同题另一来源块状态较弱(存在候选)，已按最强状态归并
BJ-2025-CY-YIMO-Q17,BJ-2025-CY-YIMO,17,Sf0b3ab889aa0,2025模拟题/2025各区一模/2025朝阳一模/细则/补充材料/20250329高3阅卷总结17 1题 具身智能 任会波组 阐释论证.doc,阅卷总结,正式评分材料,已排除（文件名指向他题）,存在候选,0.0,1,考试身份同(BJ-2025-CY-YIMO)；文件名题号{1}与本题号不一致；未能在材料正文定位到第17题段，仅按同卷材料登记为候选；题干块6-gram重叠0.0000(题干1691字/材料段0字)；分值文本 12；同题另一来源块状态较弱(已排除（文件名指向他题）)，已按最强状态归并；同题另一来源块状态较弱(已排除（文件名指向他题）)，已按最强状态归并
BJ-2025-CY-YIMO-Q17,BJ-2025-CY-YIMO,17,Sf7bfc3e53261,2025模拟题/2025各区一模/2025朝阳一模/细则/补充材料/20250329高3阅卷总结18题 社区治理 汤桃玲组 探究建构.doc,阅卷总结,正式评分材料,已排除（文件名指向他题）,存在候选,0.0,18,考试身份同(BJ-2025-CY-YIMO)；文件名题号{18}与本题号不一致；未能在材料正文定位到第17题段，仅按同卷材料登记为候选；题干块6-gram重叠0.0000(题干1691字/材料段0字)；分值文本 12；同题另一来源块状态较弱(已排除（文件名指向他题）)，已按最强状态归并；同题另一来源块状态较弱(已排除（文件名指向他题）)，已按最强状态归并
BJ-2025-CY-YIMO-Q17,BJ-2025-CY-YIMO,17,Sb51916fe7b59,2025模拟题/2025各区一模/2025朝阳一模/细则/补充材料/20250329高3阅卷总结19题 合同欺诈  阐释论证.doc,阅卷总结,正式评分材料,已排除（文件名指向他题）,存在候选,0.0,19,考试身份同(BJ-2025-CY-YIMO)；文件名题号{19}与本题号不一致；未能在材料正文定位到第17题段，仅按同卷材料登记为候选；题干块6-gram重叠0.0000(题干1691字/材料段0字)；分值文本 12；同题另一来源块状态较弱(已排除（文件名指向他题）)，已按最强状态归并；同题另一来源块状态较弱(已排除（文件名指向他题）)，已按最强状态归并
BJ-2025-CY-YIMO-Q19,BJ-2025-CY-YIMO,19,Sf5f683a90050,2025模拟题/2025各区一模/2025朝阳一模/细则/细则.pdf,评分材料,正式评分材料,存在候选,已匹配正式材料,0.0,,考试身份同(BJ-2025-CY-YIMO)；文件名未限定题号；未能在材料正文定位到第19题段，仅按同卷材料登记为候选；题干块6-gram重叠0.0000(题干1410字/材料段0字)；分值文本 8；同题另一来源块状态较弱(存在候选)，已按最强状态归并；同题另一来源块状态较弱(存在候选)，已按最强状态归并；同题另一来源块状态较弱(存在候选)，已按最强状态归并
BJ-2025-CY-YIMO-Q19,BJ-2025-CY-YIMO,19,Sf0b3ab889aa0,2025模拟题/2025各区一模/2025朝阳一模/细则/补充材料/20250329高3阅卷总结17 1题 具身智能 任会波组 阐释论证.doc,阅卷总结,正式评分材料,已排除（文件名指向他题）,已匹配正式材料,0.0,1,考试身份同(BJ-2025-CY-YIMO)；文件名题号{1}与本题号不一致；未能在材料正文定位到第19题段，仅按同卷材料登记为候选；题干块6-gram重叠0.0000(题干1410字/材料段0字)；分值文本 8；同题另一来源块状态较弱(已排除（文件名指向他题）)，已按最强状态归并；同题另一来源块状态较弱(已排除（文件名指向他题）)，已按最强状态归并；同题另一来源块状态较弱(已排除（文件名指向他题）)，已按最强状态归并
BJ-2025-CY-YIMO-Q19,BJ-2025-CY-YIMO,19,Sf7bfc3e53261,2025模拟题/2025各区一模/2025朝阳一模/细则/补充材料/20250329高3阅卷总结18题 社区治理 汤桃玲组 探究建构.doc,阅卷总结,正式评分材料,已排除（文件名指向他题）,已匹配正式材料,0.0,18,考试身份同(BJ-2025-CY-YIMO)；文件名题号{18}与本题号不一致；未能在材料正文定位到第19题段，仅按同卷材料登记为候选；题干块6-gram重叠0.0000(题干1410字/材料段0字)；分值文本 8；同题另一来源块状态较弱(已排除（文件名指向他题）)，已按最强状态归并；同题另一来源块状态较弱(已排除（文件名指向他题）)，已按最强状态归并；同题另一来源块状态较弱(已排除（文件名指向他题）)，已按最强状态归并
BJ-2025-CY-YIMO-Q19,BJ-2025-CY-YIMO,19,Sb51916fe7b59,2025模拟题/2025各区一模/2025朝阳一模/细则/补充材料/20250329高3阅卷总结19题 合同欺诈  阐释论证.doc,阅卷总结,正式评分材料,已匹配正式材料,已匹配正式材料,0.1519,19,考试身份同(BJ-2025-CY-YIMO)；文件名题号{19}与本题号一致；正文定位方式=文件名限定本题号；题干块6-gram重叠0.1519(题干1410字/材料段3793字)；分值文本 8；同题另一来源块状态较弱(已匹配正式材料)，已按最强状态归并；同题另一来源块状态较弱(已匹配正式材料)，已按最强状态归并；同题另一来源块状态较弱(已匹配正式材料)，已按最强状态归并
BJ-2025-CY-YIMO-Q20,BJ-2025-CY-YIMO,20,Sf5f683a90050,2025模拟题/2025各区一模/2025朝阳一模/细则/细则.pdf,评分材料,正式评分材料,存在候选,存在候选,0.0,,考试身份同(BJ-2025-CY-YIMO)；文件名未限定题号；未能在材料正文定位到第20题段，仅按同卷材料登记为候选；题干块6-gram重叠0.0000(题干1368字/材料段0字)；分值文本 9；同题另一来源块状态较弱(存在候选)，已按最强状态归并；同题另一来源块状态较弱(存在候选)，已按最强状态归并
BJ-2025-CY-YIMO-Q20,BJ-2025-CY-YIMO,20,Sf0b3ab889aa0,2025模拟题/2025各区一模/2025朝阳一模/细则/补充材料/20250329高3阅卷总结17 1题 具身智能 任会波组 阐释论证.doc,阅卷总结,正式评分材料,已排除（文件名指向他题）,存在候选,0.0,1,考试身份同(BJ-2025-CY-YIMO)；文件名题号{1}与本题号不一致；未能在材料正文定位到第20题段，仅按同卷材料登记为候选；题干块6-gram重叠0.0000(题干1368字/材料段0字)；分值文本 9；同题另一来源块状态较弱(已排除（文件名指向他题）)，已按最强状态归并；同题另一来源块状态较弱(已排除（文件名指向他题）)，已按最强状态归并
BJ-2025-CY-YIMO-Q20,BJ-2025-CY-YIMO,20,Sf7bfc3e53261,2025模拟题/2025各区一模/2025朝阳一模/细则/补充材料/20250329高3阅卷总结18题 社区治理 汤桃玲组 探究建构.doc,阅卷总结,正式评分材料,已排除（文件名指向他题）,存在候选,0.0,18,考试身份同(BJ-2025-CY-YIMO)；文件名题号{18}与本题号不一致；未能在材料正文定位到第20题段，仅按同卷材料登记为候选；题干块6-gram重叠0.0000(题干1368字/材料段0字)；分值文本 9；同题另一来源块状态较弱(已排除（文件名指向他题）)，已按最强状态归并；同题另一来源块状态较弱(已排除（文件名指向他题）)，已按最强状态归并
BJ-2025-CY-YIMO-Q20,BJ-2025-CY-YIMO,20,Sb51916fe7b59,2025模拟题/2025各区一模/2025朝阳一模/细则/补充材料/20250329高3阅卷总结19题 合同欺诈  阐释论证.doc,阅卷总结,正式评分材料,已排除（文件名指向他题）,存在候选,0.0,19,考试身份同(BJ-2025-CY-YIMO)；文件名题号{19}与本题号不一致；未能在材料正文定位到第20题段，仅按同卷材料登记为候选；题干块6-gram重叠0.0000(题干1368字/材料段0字)；分值文本 9；同题另一来源块状态较弱(已排除（文件名指向他题）)，已按最强状态归并；同题另一来源块状态较弱(已排除（文件名指向他题）)，已按最强状态归并
BJ-2025-CY-YIMO-Q21,BJ-2025-CY-YIMO,21,Sf5f683a90050,2025模拟题/2025各区一模/2025朝阳一模/细则/细则.pdf,评分材料,正式评分材料,存在候选,存在候选,0.0,,考试身份同(BJ-2025-CY-YIMO)；文件名未限定题号；未能在材料正文定位到第21题段，仅按同卷材料登记为候选；题干块6-gram重叠0.0000(题干2118字/材料段0字)；分值文本 10；同题另一来源块状态较弱(存在候选)，已按最强状态归并；同题另一来源块状态较弱(存在候选)，已按最强状态归并；同题另一来源块状态较弱(存在候选)，已按最强状态归并
BJ-2025-CY-YIMO-Q21,BJ-2025-CY-YIMO,21,Sf0b3ab889aa0,2025模拟题/2025各区一模/2025朝阳一模/细则/补充材料/20250329高3阅卷总结17 1题 具身智能 任会波组 阐释论证.doc,阅卷总结,正式评分材料,已排除（文件名指向他题）,存在候选,0.0,1,考试身份同(BJ-2025-CY-YIMO)；文件名题号{1}与本题号不一致；未能在材料正文定位到第21题段，仅按同卷材料登记为候选；题干块6-gram重叠0.0000(题干2118字/材料段0字)；分值文本 10；同题另一来源块状态较弱(已排除（文件名指向他题）)，已按最强状态归并；同题另一来源块状态较弱(已排除（文件名指向他题）)，已按最强状态归并；同题另一来源块状态较弱(已排除（文件名指向他题）)，已按最强状态归并
BJ-2025-CY-YIMO-Q21,BJ-2025-CY-YIMO,21,Sf7bfc3e53261,2025模拟题/2025各区一模/2025朝阳一模/细则/补充材料/20250329高3阅卷总结18题 社区治理 汤桃玲组 探究建构.doc,阅卷总结,正式评分材料,已排除（文件名指向他题）,存在候选,0.0,18,考试身份同(BJ-2025-CY-YIMO)；文件名题号{18}与本题号不一致；未能在材料正文定位到第21题段，仅按同卷材料登记为候选；题干块6-gram重叠0.0000(题干2118字/材料段0字)；分值文本 10；同题另一来源块状态较弱(已排除（文件名指向他题）)，已按最强状态归并；同题另一来源块状态较弱(已排除（文件名指向他题）)，已按最强状态归并；同题另一来源块状态较弱(已排除（文件名指向他题）)，已按最强状态归并
BJ-2025-CY-YIMO-Q21,BJ-2025-CY-YIMO,21,Sb51916fe7b59,2025模拟题/2025各区一模/2025朝阳一模/细则/补充材料/20250329高3阅卷总结19题 合同欺诈  阐释论证.doc,阅卷总结,正式评分材料,已排除（文件名指向他题）,存在候选,0.0,19,考试身份同(BJ-2025-CY-YIMO)；文件名题号{19}与本题号不一致；未能在材料正文定位到第21题段，仅按同卷材料登记为候选；题干块6-gram重叠0.0000(题干2118字/材料段0字)；分值文本 10；同题另一来源块状态较弱(已排除（文件名指向他题）)，已按最强状态归并；同题另一来源块状态较弱(已排除（文件名指向他题）)，已按最强状态归并；同题另一来源块状态较弱(已排除（文件名指向他题）)，已按最强状态归并
BJ-2025-CY-YIMO-Q18,BJ-2025-CY-YIMO,18,Sf5f683a90050,2025模拟题/2025各区一模/2025朝阳一模/细则/细则.pdf,评分材料,正式评分材料,存在候选,已匹配正式材料,0.0,,考试身份同(BJ-2025-CY-YIMO)；文件名未限定题号；未能在材料正文定位到第18题段，仅按同卷材料登记为候选；题干块6-gram重叠0.0000(题干691字/材料段0字)；分值文本 1；同题另一来源块状态较弱(存在候选)，已按最强状态归并；同题另一来源块状态较弱(存在候选)，已按最强状态归并
BJ-2025-CY-YIMO-Q18,BJ-2025-CY-YIMO,18,Sf0b3ab889aa0,2025模拟题/2025各区一模/2025朝阳一模/细则/补充材料/20250329高3阅卷总结17 1题 具身智能 任会波组 阐释论证.doc,阅卷总结,正式评分材料,已排除（文件名指向他题）,已匹配正式材料,0.0,1,考试身份同(BJ-2025-CY-YIMO)；文件名题号{1}与本题号不一致；未能在材料正文定位到第18题段，仅按同卷材料登记为候选；题干块6-gram重叠0.0000(题干691字/材料段0字)；分值文本 1；同题另一来源块状态较弱(已排除（文件名指向他题）)，已按最强状态归并；同题另一来源块状态较弱(已排除（文件名指向他题）)，已按最强状态归并
BJ-2025-CY-YIMO-Q18,BJ-2025-CY-YIMO,18,Sf7bfc3e53261,2025模拟题/2025各区一模/2025朝阳一模/细则/补充材料/20250329高3阅卷总结18题 社区治理 汤桃玲组 探究建构.doc,阅卷总结,正式评分材料,已匹配正式材料,已匹配正式材料,0.7245,18,考试身份同(BJ-2025-CY-YIMO)；文件名题号{18}与本题号一致；正文定位方式=文件名限定本题号；题干块6-gram重叠0.7245(题干691字/材料段4514字)；分值文本 1；同题另一来源块状态较弱(已匹配正式材料)，已按最强状态归并；同题另一来源块状态较弱(存在候选)，已按最强状态归并
BJ-2025-CY-YIMO-Q18,BJ-2025-CY-YIMO,18,Sb51916fe7b59,2025模拟题/2025各区一模/2025朝阳一模/细则/补充材料/20250329高3阅卷总结19题 合同欺诈  阐释论证.doc,阅卷总结,正式评分材料,已排除（文件名指向他题）,已匹配正式材料,0.0,19,考试身份同(BJ-2025-CY-YIMO)；文件名题号{19}与本题号不一致；未能在材料正文定位到第18题段，仅按同卷材料登记为候选；题干块6-gram重叠0.0000(题干691字/材料段0字)；分值文本 1；同题另一来源块状态较弱(已排除（文件名指向他题）)，已按最强状态归并；同题另一来源块状态较弱(已排除（文件名指向他题）)，已按最强状态归并
BJ-2025-HD-YIMO-Q1,BJ-2025-HD-YIMO,1,S506347bd4a70,2025模拟题/2025各区一模/2025海淀一模/细则/细则.docx,评分材料,正式评分材料,已匹配正式材料,已匹配正式材料,1.0,,考试身份同(BJ-2025-HD-YIMO)；文件名未限定题号；正文定位方式=题号起首；题干块6-gram重叠1.0000(题干1037字/材料段1038字)；同题另一来源块状态较弱(存在候选)，已按最强状态归并；同题另一来源块状态较弱(存在候选)，已按最强状态归并；同题另一来源块状态较弱(存在候选)，已按最强状态归并；同题另一来源块状态较弱(存在候选)，已按最强状态归并
BJ-2025-HD-YIMO-Q3,BJ-2025-HD-YIMO,3,S506347bd4a70,2025模拟题/2025各区一模/2025海淀一模/细则/细则.docx,评分材料,正式评分材料,已匹配正式材料,已匹配正式材料,1.0,,考试身份同(BJ-2025-HD-YIMO)；文件名未限定题号；正文定位方式=题号起首；题干块6-gram重叠1.0000(题干479字/材料段482字)；同题另一来源块状态较弱(存在候选)，已按最强状态归并；同题另一来源块状态较弱(存在候选)，已按最强状态归并
BJ-2025-HD-YIMO-Q17,BJ-2025-HD-YIMO,17,S506347bd4a70,2025模拟题/2025各区一模/2025海淀一模/细则/细则.docx,评分材料,正式评分材料,存在候选,存在候选,0.0,,考试身份同(BJ-2025-HD-YIMO)；文件名未限定题号；未能在材料正文定位到第17题段，仅按同卷材料登记为候选；题干块6-gram重叠0.0000(题干265字/材料段0字)；分值文本 7；同题另一来源块状态较弱(存在候选)，已按最强状态归并；同题另一来源块状态较弱(存在候选)，已按最强状态归并；同题另一来源块状态较弱(存在候选)，已按最强状态归并
BJ-2025-HD-YIMO-Q18,BJ-2025-HD-YIMO,18,S506347bd4a70,2025模拟题/2025各区一模/2025海淀一模/细则/细则.docx,评分材料,正式评分材料,存在候选,存在候选,0.0,,考试身份同(BJ-2025-HD-YIMO)；文件名未限定题号；未能在材料正文定位到第18题段，仅按同卷材料登记为候选；题干块6-gram重叠0.0000(题干131字/材料段0字)；分值文本 7；同题另一来源块状态较弱(存在候选)，已按最强状态归并；同题另一来源块状态较弱(存在候选)，已按最强状态归并；同题另一来源块状态较弱(存在候选)，已按最强状态归并
BJ-2025-HD-YIMO-Q19,BJ-2025-HD-YIMO,19,S506347bd4a70,2025模拟题/2025各区一模/2025海淀一模/细则/细则.docx,评分材料,正式评分材料,存在候选,存在候选,0.0,,考试身份同(BJ-2025-HD-YIMO)；文件名未限定题号；未能在材料正文定位到第19题段，仅按同卷材料登记为候选；题干块6-gram重叠0.0000(题干158字/材料段0字)；分值文本 7；同题另一来源块状态较弱(存在候选)，已按最强状态归并；同题另一来源块状态较弱(存在候选)，已按最强状态归并；同题另一来源块状态较弱(存在候选)，已按最强状态归并
BJ-2025-HD-YIMO-Q2,BJ-2025-HD-YIMO,2,S506347bd4a70,2025模拟题/2025各区一模/2025海淀一模/细则/细则.docx,评分材料,正式评分材料,存在候选,存在候选,0.0,,考试身份同(BJ-2025-HD-YIMO)；文件名未限定题号；正文定位方式=题号起首；题干块6-gram重叠0.0000(题干55字/材料段36字)；同题另一来源块状态较弱(存在候选)，已按最强状态归并；同题另一来源块状态较弱(存在候选)，已按最强状态归并
BJ-2025-HD-YIMO-Q20,BJ-2025-HD-YIMO,20,S506347bd4a70,2025模拟题/2025各区一模/2025海淀一模/细则/细则.docx,评分材料,正式评分材料,存在候选,存在候选,0.0,,考试身份同(BJ-2025-HD-YIMO)；文件名未限定题号；未能在材料正文定位到第20题段，仅按同卷材料登记为候选；题干块6-gram重叠0.0000(题干609字/材料段0字)；分值文本 8；同题另一来源块状态较弱(存在候选)，已按最强状态归并；同题另一来源块状态较弱(存在候选)，已按最强状态归并
BJ-2025-HD-YIMO-Q21,BJ-2025-HD-YIMO,21,S506347bd4a70,2025模拟题/2025各区一模/2025海淀一模/细则/细则.docx,评分材料,正式评分材料,存在候选,存在候选,0.0,,考试身份同(BJ-2025-HD-YIMO)；文件名未限定题号；未能在材料正文定位到第21题段，仅按同卷材料登记为候选；题干块6-gram重叠0.0000(题干275字/材料段0字)；分值文本 8；同题另一来源块状态较弱(存在候选)，已按最强状态归并；同题另一来源块状态较弱(存在候选)，已按最强状态归并
BJ-2025-HD-YIMO-Q22,BJ-2025-HD-YIMO,22,S506347bd4a70,2025模拟题/2025各区一模/2025海淀一模/细则/细则.docx,评分材料,正式评分材料,存在候选,存在候选,0.0,,考试身份同(BJ-2025-HD-YIMO)；文件名未限定题号；未能在材料正文定位到第22题段，仅按同卷材料登记为候选；题干块6-gram重叠0.0000(题干1218字/材料段0字)；分值文本 10；同题另一来源块状态较弱(存在候选)，已按最强状态归并；同题另一来源块状态较弱(存在候选)，已按最强状态归并；同题另一来源块状态较弱(存在候选)，已按最强状态归并
BJ-2025-HD-YIMO-Q16,BJ-2025-HD-YIMO,16,S506347bd4a70,2025模拟题/2025各区一模/2025海淀一模/细则/细则.docx,评分材料,正式评分材料,存在候选,存在候选,0.0,,考试身份同(BJ-2025-HD-YIMO)；文件名未限定题号；未能在材料正文定位到第16题段，仅按同卷材料登记为候选；题干块6-gram重叠0.0000(题干959字/材料段0字)；分值文本 8；同题另一来源块状态较弱(存在候选)，已按最强状态归并；同题另一来源块状态较弱(存在候选)，已按最强状态归并
BJ-2025-HD-YIMO-Q4,BJ-2025-HD-YIMO,4,S506347bd4a70,2025模拟题/2025各区一模/2025海淀一模/细则/细则.docx,评分材料,正式评分材料,存在候选,存在候选,0.0,,考试身份同(BJ-2025-HD-YIMO)；文件名未限定题号；未能在材料正文定位到第4题段，仅按同卷材料登记为候选；题干块6-gram重叠0.0000(题干285字/材料段0字)；同题另一来源块状态较弱(存在候选)，已按最强状态归并
BJ-2025-HD-YIMO-Q5,BJ-2025-HD-YIMO,5,S506347bd4a70,2025模拟题/2025各区一模/2025海淀一模/细则/细则.docx,评分材料,正式评分材料,存在候选,存在候选,0.0,,考试身份同(BJ-2025-HD-YIMO)；文件名未限定题号；未能在材料正文定位到第5题段，仅按同卷材料登记为候选；题干块6-gram重叠0.0000(题干227字/材料段0字)
BJ-2025-HD-YIMO-Q6,BJ-2025-HD-YIMO,6,S506347bd4a70,2025模拟题/2025各区一模/2025海淀一模/细则/细则.docx,评分材料,正式评分材料,存在候选,存在候选,0.0,,考试身份同(BJ-2025-HD-YIMO)；文件名未限定题号；未能在材料正文定位到第6题段，仅按同卷材料登记为候选；题干块6-gram重叠0.0000(题干257字/材料段0字)
BJ-2025-HD-YIMO-Q7,BJ-2025-HD-YIMO,7,S506347bd4a70,2025模拟题/2025各区一模/2025海淀一模/细则/细则.docx,评分材料,正式评分材料,存在候选,存在候选,0.0,,考试身份同(BJ-2025-HD-YIMO)；文件名未限定题号；未能在材料正文定位到第7题段，仅按同卷材料登记为候选；题干块6-gram重叠0.0000(题干292字/材料段0字)
BJ-2025-HD-YIMO-Q8,BJ-2025-HD-YIMO,8,S506347bd4a70,2025模拟题/2025各区一模/2025海淀一模/细则/细则.docx,评分材料,正式评分材料,存在候选,存在候选,0.0,,考试身份同(BJ-2025-HD-YIMO)；文件名未限定题号；未能在材料正文定位到第8题段，仅按同卷材料登记为候选；题干块6-gram重叠0.0000(题干313字/材料段0字)
BJ-2025-HD-YIMO-Q9,BJ-2025-HD-YIMO,9,S506347bd4a70,2025模拟题/2025各区一模/2025海淀一模/细则/细则.docx,评分材料,正式评分材料,存在候选,存在候选,0.0,,考试身份同(BJ-2025-HD-YIMO)；文件名未限定题号；未能在材料正文定位到第9题段，仅按同卷材料登记为候选；题干块6-gram重叠0.0000(题干256字/材料段0字)
BJ-2025-HD-YIMO-Q10,BJ-2025-HD-YIMO,10,S506347bd4a70,2025模拟题/2025各区一模/2025海淀一模/细则/细则.docx,评分材料,正式评分材料,存在候选,存在候选,0.0,,考试身份同(BJ-2025-HD-YIMO)；文件名未限定题号；未能在材料正文定位到第10题段，仅按同卷材料登记为候选；题干块6-gram重叠0.0000(题干278字/材料段0字)
BJ-2025-HD-YIMO-Q11,BJ-2025-HD-YIMO,11,S506347bd4a70,2025模拟题/2025各区一模/2025海淀一模/细则/细则.docx,评分材料,正式评分材料,存在候选,存在候选,0.0,,考试身份同(BJ-2025-HD-YIMO)；文件名未限定题号；未能在材料正文定位到第11题段，仅按同卷材料登记为候选；题干块6-gram重叠0.0000(题干209字/材料段0字)
BJ-2025-HD-YIMO-Q12,BJ-2025-HD-YIMO,12,S506347bd4a70,2025模拟题/2025各区一模/2025海淀一模/细则/细则.docx,评分材料,正式评分材料,存在候选,存在候选,0.0,,考试身份同(BJ-2025-HD-YIMO)；文件名未限定题号；未能在材料正文定位到第12题段，仅按同卷材料登记为候选；题干块6-gram重叠0.0000(题干261字/材料段0字)
BJ-2025-HD-YIMO-Q13,BJ-2025-HD-YIMO,13,S506347bd4a70,2025模拟题/2025各区一模/2025海淀一模/细则/细则.docx,评分材料,正式评分材料,存在候选,存在候选,0.0,,考试身份同(BJ-2025-HD-YIMO)；文件名未限定题号；未能在材料正文定位到第13题段，仅按同卷材料登记为候选；题干块6-gram重叠0.0000(题干293字/材料段0字)
BJ-2025-HD-YIMO-Q14,BJ-2025-HD-YIMO,14,S506347bd4a70,2025模拟题/2025各区一模/2025海淀一模/细则/细则.docx,评分材料,正式评分材料,存在候选,存在候选,0.0,,考试身份同(BJ-2025-HD-YIMO)；文件名未限定题号；未能在材料正文定位到第14题段，仅按同卷材料登记为候选；题干块6-gram重叠0.0000(题干645字/材料段0字)；同题另一来源块状态较弱(存在候选)，已按最强状态归并
BJ-2025-HD-YIMO-Q15,BJ-2025-HD-YIMO,15,S506347bd4a70,2025模拟题/2025各区一模/2025海淀一模/细则/细则.docx,评分材料,正式评分材料,存在候选,存在候选,0.0,,考试身份同(BJ-2025-HD-YIMO)；文件名未限定题号；未能在材料正文定位到第15题段，仅按同卷材料登记为候选；题干块6-gram重叠0.0000(题干401字/材料段0字)
BJ-2025-SJS-YIMO-Q16,BJ-2025-SJS-YIMO,16,S0b97375f2f69,2025模拟题/2025各区一模/2025石景山一模/细则/细则.doc,评分材料,正式评分材料,已匹配正式材料,已匹配正式材料,1.0,,考试身份同(BJ-2025-SJS-YIMO)；文件名未限定题号；正文定位方式=题号起首；题干块6-gram重叠1.0000(题干2124字/材料段4000字)；分值文本 8；同题另一来源块状态较弱(存在候选)，已按最强状态归并；同题另一来源块状态较弱(存在候选)，已按最强状态归并
BJ-2025-SJS-YIMO-Q18,BJ-2025-SJS-YIMO,18,S0b97375f2f69,2025模拟题/2025各区一模/2025石景山一模/细则/细则.doc,评分材料,正式评分材料,已匹配正式材料,已匹配正式材料,1.0,,考试身份同(BJ-2025-SJS-YIMO)；文件名未限定题号；正文定位方式=题号起首；题干块6-gram重叠1.0000(题干1357字/材料段2760字)；分值文本 9；同题另一来源块状态较弱(存在候选)，已按最强状态归并；同题另一来源块状态较弱(存在候选)，已按最强状态归并
BJ-2025-SJS-YIMO-Q20,BJ-2025-SJS-YIMO,20,S0b97375f2f69,2025模拟题/2025各区一模/2025石景山一模/细则/细则.doc,评分材料,正式评分材料,已匹配正式材料,已匹配正式材料,1.0,,考试身份同(BJ-2025-SJS-YIMO)；文件名未限定题号；正文定位方式=题号起首；题干块6-gram重叠1.0000(题干687字/材料段688字)；分值文本 8；同题另一来源块状态较弱(存在候选)，已按最强状态归并；同题另一来源块状态较弱(存在候选)，已按最强状态归并
BJ-2025-SJS-YIMO-Q21,BJ-2025-SJS-YIMO,21,S0b97375f2f69,2025模拟题/2025各区一模/2025石景山一模/细则/细则.doc,评分材料,正式评分材料,已匹配正式材料,已匹配正式材料,1.0,,考试身份同(BJ-2025-SJS-YIMO)；文件名未限定题号；正文定位方式=题号起首；题干块6-gram重叠1.0000(题干712字/材料段716字)；分值文本 9；同题另一来源块状态较弱(存在候选)，已按最强状态归并；同题另一来源块状态较弱(存在候选)，已按最强状态归并
BJ-2025-SJS-YIMO-Q1,BJ-2025-SJS-YIMO,1,S0b97375f2f69,2025模拟题/2025各区一模/2025石景山一模/细则/细则.doc,评分材料,正式评分材料,存在候选,存在候选,0.0,,考试身份同(BJ-2025-SJS-YIMO)；文件名未限定题号；未能在材料正文定位到第1题段，仅按同卷材料登记为候选；题干块6-gram重叠0.0000(题干359字/材料段0字)；同题另一来源块状态较弱(存在候选)，已按最强状态归并
BJ-2025-SJS-YIMO-Q2,BJ-2025-SJS-YIMO,2,S0b97375f2f69,2025模拟题/2025各区一模/2025石景山一模/细则/细则.doc,评分材料,正式评分材料,存在候选,存在候选,0.0,,考试身份同(BJ-2025-SJS-YIMO)；文件名未限定题号；未能在材料正文定位到第2题段，仅按同卷材料登记为候选；题干块6-gram重叠0.0000(题干263字/材料段0字)；同题另一来源块状态较弱(存在候选)，已按最强状态归并
BJ-2025-SJS-YIMO-Q3,BJ-2025-SJS-YIMO,3,S0b97375f2f69,2025模拟题/2025各区一模/2025石景山一模/细则/细则.doc,评分材料,正式评分材料,存在候选,存在候选,0.0,,考试身份同(BJ-2025-SJS-YIMO)；文件名未限定题号；未能在材料正文定位到第3题段，仅按同卷材料登记为候选；题干块6-gram重叠0.0000(题干411字/材料段0字)；同题另一来源块状态较弱(存在候选)，已按最强状态归并
BJ-2025-SJS-YIMO-Q4,BJ-2025-SJS-YIMO,4,S0b97375f2f69,2025模拟题/2025各区一模/2025石景山一模/细则/细则.doc,评分材料,正式评分材料,存在候选,存在候选,0.0,,考试身份同(BJ-2025-SJS-YIMO)；文件名未限定题号；未能在材料正文定位到第4题段，仅按同卷材料登记为候选；题干块6-gram重叠0.0000(题干282字/材料段0字)；同题另一来源块状态较弱(存在候选)，已按最强状态归并
BJ-2025-SJS-YIMO-Q5,BJ-2025-SJS-YIMO,5,S0b97375f2f69,2025模拟题/2025各区一模/2025石景山一模/细则/细则.doc,评分材料,正式评分材料,存在候选,存在候选,0.0,,考试身份同(BJ-2025-SJS-YIMO)；文件名未限定题号；未能在材料正文定位到第5题段，仅按同卷材料登记为候选；题干块6-gram重叠0.0000(题干252字/材料段0字)；同题另一来源块状态较弱(存在候选)，已按最强状态归并
BJ-2025-SJS-YIMO-Q6,BJ-2025-SJS-YIMO,6,S0b97375f2f69,2025模拟题/2025各区一模/2025石景山一模/细则/细则.doc,评分材料,正式评分材料,存在候选,存在候选,0.0,,考试身份同(BJ-2025-SJS-YIMO)；文件名未限定题号；未能在材料正文定位到第6题段，仅按同卷材料登记为候选；题干块6-gram重叠0.0000(题干355字/材料段0字)；同题另一来源块状态较弱(存在候选)，已按最强状态归并
BJ-2025-SJS-YIMO-Q7,BJ-2025-SJS-YIMO,7,S0b97375f2f69,2025模拟题/2025各区一模/2025石景山一模/细则/细则.doc,评分材料,正式评分材料,存在候选,存在候选,0.0,,考试身份同(BJ-2025-SJS-YIMO)；文件名未限定题号；未能在材料正文定位到第7题段，仅按同卷材料登记为候选；题干块6-gram重叠0.0000(题干289字/材料段0字)；同题另一来源块状态较弱(存在候选)，已按最强状态归并
BJ-2025-SJS-YIMO-Q8,BJ-2025-SJS-YIMO,8,S0b97375f2f69,2025模拟题/2025各区一模/2025石景山一模/细则/细则.doc,评分材料,正式评分材料,存在候选,存在候选,0.0,,考试身份同(BJ-2025-SJS-YIMO)；文件名未限定题号；未能在材料正文定位到第8题段，仅按同卷材料登记为候选；题干块6-gram重叠0.0000(题干267字/材料段0字)；同题另一来源块状态较弱(存在候选)，已按最强状态归并
BJ-2025-SJS-YIMO-Q9,BJ-2025-SJS-YIMO,9,S0b97375f2f69,2025模拟题/2025各区一模/2025石景山一模/细则/细则.doc,评分材料,正式评分材料,存在候选,存在候选,0.0,,考试身份同(BJ-2025-SJS-YIMO)；文件名未限定题号；未能在材料正文定位到第9题段，仅按同卷材料登记为候选；题干块6-gram重叠0.0000(题干281字/材料段0字)；同题另一来源块状态较弱(存在候选)，已按最强状态归并
BJ-2025-SJS-YIMO-Q10,BJ-2025-SJS-YIMO,10,S0b97375f2f69,2025模拟题/2025各区一模/2025石景山一模/细则/细则.doc,评分材料,正式评分材料,存在候选,存在候选,0.0,,考试身份同(BJ-2025-SJS-YIMO)；文件名未限定题号；未能在材料正文定位到第10题段，仅按同卷材料登记为候选；题干块6-gram重叠0.0000(题干245字/材料段0字)；同题另一来源块状态较弱(存在候选)，已按最强状态归并
BJ-2025-SJS-YIMO-Q11,BJ-2025-SJS-YIMO,11,S0b97375f2f69,2025模拟题/2025各区一模/2025石景山一模/细则/细则.doc,评分材料,正式评分材料,存在候选,存在候选,0.0,,考试身份同(BJ-2025-SJS-YIMO)；文件名未限定题号；未能在材料正文定位到第11题段，仅按同卷材料登记为候选；题干块6-gram重叠0.0000(题干320字/材料段0字)；同题另一来源块状态较弱(存在候选)，已按最强状态归并
BJ-2025-SJS-YIMO-Q12,BJ-2025-SJS-YIMO,12,S0b97375f2f69,2025模拟题/2025各区一模/2025石景山一模/细则/细则.doc,评分材料,正式评分材料,存在候选,存在候选,0.0,,考试身份同(BJ-2025-SJS-YIMO)；文件名未限定题号；未能在材料正文定位到第12题段，仅按同卷材料登记为候选；题干块6-gram重叠0.0000(题干610字/材料段0字)；同题另一来源块状态较弱(存在候选)，已按最强状态归并
BJ-2025-SJS-YIMO-Q13,BJ-2025-SJS-YIMO,13,S0b97375f2f69,2025模拟题/2025各区一模/2025石景山一模/细则/细则.doc,评分材料,正式评分材料,存在候选,存在候选,0.0,,考试身份同(BJ-2025-SJS-YIMO)；文件名未限定题号；未能在材料正文定位到第13题段，仅按同卷材料登记为候选；题干块6-gram重叠0.0000(题干250字/材料段0字)；同题另一来源块状态较弱(存在候选)，已按最强状态归并
BJ-2025-SJS-YIMO-Q14,BJ-2025-SJS-YIMO,14,S0b97375f2f69,2025模拟题/2025各区一模/2025石景山一模/细则/细则.doc,评分材料,正式评分材料,存在候选,存在候选,0.0,,考试身份同(BJ-2025-SJS-YIMO)；文件名未限定题号；未能在材料正文定位到第14题段，仅按同卷材料登记为候选；题干块6-gram重叠0.0000(题干271字/材料段0字)；同题另一来源块状态较弱(存在候选)，已按最强状态归并
BJ-2025-SJS-YIMO-Q15,BJ-2025-SJS-YIMO,15,S0b97375f2f69,2025模拟题/2025各区一模/2025石景山一模/细则/细则.doc,评分材料,正式评分材料,存在候选,存在候选,0.0,,考试身份同(BJ-2025-SJS-YIMO)；文件名未限定题号；未能在材料正文定位到第15题段，仅按同卷材料登记为候选；题干块6-gram重叠0.0000(题干242字/材料段0字)；同题另一来源块状态较弱(存在候选)，已按最强状态归并
BJ-2025-SJS-YIMO-Q17,BJ-2025-SJS-YIMO,17,S0b97375f2f69,2025模拟题/2025各区一模/2025石景山一模/细则/细则.doc,评分材料,正式评分材料,存在候选,存在候选,0.0,,考试身份同(BJ-2025-SJS-YIMO)；文件名未限定题号；未能在材料正文定位到第17题段，仅按同卷材料登记为候选；题干块6-gram重叠0.0000(题干919字/材料段0字)；分值文本 16；同题另一来源块状态较弱(存在候选)，已按最强状态归并
BJ-2025-SJS-YIMO-Q19,BJ-2025-SJS-YIMO,19,S0b97375f2f69,2025模拟题/2025各区一模/2025石景山一模/细则/细则.doc,评分材料,正式评分材料,存在候选,存在候选,0.0,,考试身份同(BJ-2025-SJS-YIMO)；文件名未限定题号；未能在材料正文定位到第19题段，仅按同卷材料登记为候选；题干块6-gram重叠0.0000(题干386字/材料段0字)；分值文本 5；同题另一来源块状态较弱(存在候选)，已按最强状态归并
BJ-2025-XC-YIMO-Q16,BJ-2025-XC-YIMO,16,Saf675a5d751f,2025模拟题/2025各区一模/2025西城一模/细则/细则.docx,评分材料,正式评分材料,已匹配正式材料,已匹配正式材料,1.0,,考试身份同(BJ-2025-XC-YIMO)；文件名未限定题号；正文定位方式=题号起首；题干块6-gram重叠1.0000(题干996字/材料段996字)；分值文本 7；同题另一来源块状态较弱(存在候选)，已按最强状态归并；同题另一来源块状态较弱(存在候选)，已按最强状态归并
BJ-2025-XC-YIMO-Q17,BJ-2025-XC-YIMO,17,Saf675a5d751f,2025模拟题/2025各区一模/2025西城一模/细则/细则.docx,评分材料,正式评分材料,已匹配正式材料,已匹配正式材料,1.0,,考试身份同(BJ-2025-XC-YIMO)；文件名未限定题号；正文定位方式=题号起首；题干块6-gram重叠1.0000(题干764字/材料段766字)；分值文本 7；同题另一来源块状态较弱(存在候选)，已按最强状态归并；同题另一来源块状态较弱(存在候选)，已按最强状态归并
BJ-2025-XC-YIMO-Q18,BJ-2025-XC-YIMO,18,Saf675a5d751f,2025模拟题/2025各区一模/2025西城一模/细则/细则.docx,评分材料,正式评分材料,已匹配正式材料,已匹配正式材料,1.0,,考试身份同(BJ-2025-XC-YIMO)；文件名未限定题号；正文定位方式=题号起首；题干块6-gram重叠1.0000(题干182字/材料段553字)；分值文本 7；同题另一来源块状态较弱(存在候选)，已按最强状态归并；同题另一来源块状态较弱(存在候选)，已按最强状态归并
BJ-2025-XC-YIMO-Q19,BJ-2025-XC-YIMO,19,Saf675a5d751f,2025模拟题/2025各区一模/2025西城一模/细则/细则.docx,评分材料,正式评分材料,已匹配正式材料,已匹配正式材料,1.0,,考试身份同(BJ-2025-XC-YIMO)；文件名未限定题号；正文定位方式=题号起首；题干块6-gram重叠1.0000(题干497字/材料段498字)；分值文本 8；同题另一来源块状态较弱(存在候选)，已按最强状态归并；同题另一来源块状态较弱(存在候选)，已按最强状态归并
BJ-2025-XC-YIMO-Q20,BJ-2025-XC-YIMO,20,Saf675a5d751f,2025模拟题/2025各区一模/2025西城一模/细则/细则.docx,评分材料,正式评分材料,已匹配正式材料,已匹配正式材料,1.0,,考试身份同(BJ-2025-XC-YIMO)；文件名未限定题号；正文定位方式=题号起首；题干块6-gram重叠1.0000(题干181字/材料段430字)；分值文本 8；同题另一来源块状态较弱(存在候选)，已按最强状态归并；同题另一来源块状态较弱(存在候选)，已按最强状态归并
BJ-2025-XC-YIMO-Q21,BJ-2025-XC-YIMO,21,Saf675a5d751f,2025模拟题/2025各区一模/2025西城一模/细则/细则.docx,评分材料,正式评分材料,已匹配正式材料,已匹配正式材料,1.0,,考试身份同(BJ-2025-XC-YIMO)；文件名未限定题号；正文定位方式=题号起首；题干块6-gram重叠1.0000(题干589字/材料段590字)；分值文本 8；同题另一来源块状态较弱(存在候选)，已按最强状态归并；同题另一来源块状态较弱(存在候选)，已按最强状态归并
BJ-2025-XC-YIMO-Q22,BJ-2025-XC-YIMO,22,Saf675a5d751f,2025模拟题/2025各区一模/2025西城一模/细则/细则.docx,评分材料,正式评分材料,已匹配正式材料,已匹配正式材料,1.0,,考试身份同(BJ-2025-XC-YIMO)；文件名未限定题号；正文定位方式=题号起首；题干块6-gram重叠1.0000(题干346字/材料段349字)；分值文本 10；同题另一来源块状态较弱(存在候选)，已按最强状态归并；同题另一来源块状态较弱(存在候选)，已按最强状态归并
BJ-2025-XC-YIMO-Q1,BJ-2025-XC-YIMO,1,Saf675a5d751f,2025模拟题/2025各区一模/2025西城一模/细则/细则.docx,评分材料,正式评分材料,存在候选,存在候选,0.0,,考试身份同(BJ-2025-XC-YIMO)；文件名未限定题号；正文定位方式=题号起首；题干块6-gram重叠0.0000(题干441字/材料段4000字)；同题另一来源块状态较弱(存在候选)，已按最强状态归并
BJ-2025-XC-YIMO-Q2,BJ-2025-XC-YIMO,2,Saf675a5d751f,2025模拟题/2025各区一模/2025西城一模/细则/细则.docx,评分材料,正式评分材料,存在候选,存在候选,0.0,,考试身份同(BJ-2025-XC-YIMO)；文件名未限定题号；正文定位方式=行内答案键；题干块6-gram重叠0.0000(题干343字/材料段3字)；同题另一来源块状态较弱(存在候选)，已按最强状态归并
BJ-2025-XC-YIMO-Q3,BJ-2025-XC-YIMO,3,Saf675a5d751f,2025模拟题/2025各区一模/2025西城一模/细则/细则.docx,评分材料,正式评分材料,存在候选,存在候选,0.0,,考试身份同(BJ-2025-XC-YIMO)；文件名未限定题号；正文定位方式=行内答案键；题干块6-gram重叠0.0000(题干391字/材料段3字)；同题另一来源块状态较弱(存在候选)，已按最强状态归并
BJ-2025-XC-YIMO-Q4,BJ-2025-XC-YIMO,4,Saf675a5d751f,2025模拟题/2025各区一模/2025西城一模/细则/细则.docx,评分材料,正式评分材料,存在候选,存在候选,0.0,,考试身份同(BJ-2025-XC-YIMO)；文件名未限定题号；正文定位方式=行内答案键；题干块6-gram重叠0.0000(题干292字/材料段3字)；同题另一来源块状态较弱(存在候选)，已按最强状态归并
BJ-2025-XC-YIMO-Q5,BJ-2025-XC-YIMO,5,Saf675a5d751f,2025模拟题/2025各区一模/2025西城一模/细则/细则.docx,评分材料,正式评分材料,存在候选,存在候选,0.0,,考试身份同(BJ-2025-XC-YIMO)；文件名未限定题号；正文定位方式=行内答案键；题干块6-gram重叠0.0000(题干210字/材料段3字)；同题另一来源块状态较弱(存在候选)，已按最强状态归并
BJ-2025-XC-YIMO-Q6,BJ-2025-XC-YIMO,6,Saf675a5d751f,2025模拟题/2025各区一模/2025西城一模/细则/细则.docx,评分材料,正式评分材料,存在候选,存在候选,0.0,,考试身份同(BJ-2025-XC-YIMO)；文件名未限定题号；正文定位方式=题号起首；题干块6-gram重叠0.0000(题干345字/材料段4000字)；同题另一来源块状态较弱(存在候选)，已按最强状态归并
BJ-2025-XC-YIMO-Q7,BJ-2025-XC-YIMO,7,Saf675a5d751f,2025模拟题/2025各区一模/2025西城一模/细则/细则.docx,评分材料,正式评分材料,存在候选,存在候选,0.0,,考试身份同(BJ-2025-XC-YIMO)；文件名未限定题号；正文定位方式=行内答案键；题干块6-gram重叠0.0000(题干285字/材料段3字)；同题另一来源块状态较弱(存在候选)，已按最强状态归并
BJ-2025-XC-YIMO-Q8,BJ-2025-XC-YIMO,8,Saf675a5d751f,2025模拟题/2025各区一模/2025西城一模/细则/细则.docx,评分材料,正式评分材料,存在候选,存在候选,0.0,,考试身份同(BJ-2025-XC-YIMO)；文件名未限定题号；正文定位方式=行内答案键；题干块6-gram重叠0.0000(题干174字/材料段3字)；同题另一来源块状态较弱(存在候选)，已按最强状态归并
BJ-2025-XC-YIMO-Q9,BJ-2025-XC-YIMO,9,Saf675a5d751f,2025模拟题/2025各区一模/2025西城一模/细则/细则.docx,评分材料,正式评分材料,存在候选,存在候选,0.0,,考试身份同(BJ-2025-XC-YIMO)；文件名未限定题号；正文定位方式=行内答案键；题干块6-gram重叠0.0000(题干436字/材料段3字)；同题另一来源块状态较弱(存在候选)，已按最强状态归并
BJ-2025-XC-YIMO-Q10,BJ-2025-XC-YIMO,10,Saf675a5d751f,2025模拟题/2025各区一模/2025西城一模/细则/细则.docx,评分材料,正式评分材料,存在候选,存在候选,0.0,,考试身份同(BJ-2025-XC-YIMO)；文件名未限定题号；正文定位方式=行内答案键；题干块6-gram重叠0.0000(题干192字/材料段4字)；同题另一来源块状态较弱(存在候选)，已按最强状态归并
BJ-2025-XC-YIMO-Q11,BJ-2025-XC-YIMO,11,Saf675a5d751f,2025模拟题/2025各区一模/2025西城一模/细则/细则.docx,评分材料,正式评分材料,存在候选,存在候选,0.0,,考试身份同(BJ-2025-XC-YIMO)；文件名未限定题号；正文定位方式=题号起首；题干块6-gram重叠0.0000(题干348字/材料段4000字)；同题另一来源块状态较弱(存在候选)，已按最强状态归并
BJ-2025-XC-YIMO-Q12,BJ-2025-XC-YIMO,12,Saf675a5d751f,2025模拟题/2025各区一模/2025西城一模/细则/细则.docx,评分材料,正式评分材料,存在候选,存在候选,0.0,,考试身份同(BJ-2025-XC-YIMO)；文件名未限定题号；正文定位方式=行内答案键；题干块6-gram重叠0.0000(题干159字/材料段4字)；同题另一来源块状态较弱(存在候选)，已按最强状态归并
BJ-2025-XC-YIMO-Q13,BJ-2025-XC-YIMO,13,Saf675a5d751f,2025模拟题/2025各区一模/2025西城一模/细则/细则.docx,评分材料,正式评分材料,存在候选,存在候选,0.0,,考试身份同(BJ-2025-XC-YIMO)；文件名未限定题号；正文定位方式=行内答案键；题干块6-gram重叠0.0000(题干477字/材料段4字)；同题另一来源块状态较弱(存在候选)，已按最强状态归并
BJ-2025-XC-YIMO-Q14,BJ-2025-XC-YIMO,14,Saf675a5d751f,2025模拟题/2025各区一模/2025西城一模/细则/细则.docx,评分材料,正式评分材料,存在候选,存在候选,0.0,,考试身份同(BJ-2025-XC-YIMO)；文件名未限定题号；正文定位方式=行内答案键；题干块6-gram重叠0.0000(题干257字/材料段4字)；同题另一来源块状态较弱(存在候选)，已按最强状态归并
BJ-2025-XC-YIMO-Q15,BJ-2025-XC-YIMO,15,Saf675a5d751f,2025模拟题/2025各区一模/2025西城一模/细则/细则.docx,评分材料,正式评分材料,存在候选,存在候选,0.0,,考试身份同(BJ-2025-XC-YIMO)；文件名未限定题号；正文定位方式=行内答案键；题干块6-gram重叠0.0000(题干237字/材料段4字)；同题另一来源块状态较弱(存在候选)，已按最强状态归并
BJ-2025-MTG-YIMO-Q1,BJ-2025-MTG-YIMO,1,S26d9b2280640,2025模拟题/2025各区一模/2025门头沟一模/细则/细则.doc,评分材料,正式评分材料,存在候选,存在候选,1.0,,考试身份同(BJ-2025-MTG-YIMO)；文件名未限定题号；正文定位方式=题号起首；题干块6-gram重叠1.0000(题干103字/材料段104字)；同题另一来源块状态较弱(存在候选)，已按最强状态归并；同题另一来源块状态较弱(存在候选)，已按最强状态归并
BJ-2025-MTG-YIMO-Q2,BJ-2025-MTG-YIMO,2,S26d9b2280640,2025模拟题/2025各区一模/2025门头沟一模/细则/细则.doc,评分材料,正式评分材料,已匹配正式材料,已匹配正式材料,1.0,,考试身份同(BJ-2025-MTG-YIMO)；文件名未限定题号；正文定位方式=题号起首；题干块6-gram重叠1.0000(题干171字/材料段250字)；同题另一来源块状态较弱(存在候选)，已按最强状态归并；同题另一来源块状态较弱(存在候选)，已按最强状态归并
BJ-2025-MTG-YIMO-Q3,BJ-2025-MTG-YIMO,3,S26d9b2280640,2025模拟题/2025各区一模/2025门头沟一模/细则/细则.doc,评分材料,正式评分材料,存在候选,存在候选,1.0,,考试身份同(BJ-2025-MTG-YIMO)；文件名未限定题号；正文定位方式=题号起首；题干块6-gram重叠1.0000(题干64字/材料段65字)；同题另一来源块状态较弱(存在候选)，已按最强状态归并；同题另一来源块状态较弱(存在候选)，已按最强状态归并
BJ-2025-MTG-YIMO-Q4,BJ-2025-MTG-YIMO,4,S26d9b2280640,2025模拟题/2025各区一模/2025门头沟一模/细则/细则.doc,评分材料,正式评分材料,存在候选,存在候选,1.0,,考试身份同(BJ-2025-MTG-YIMO)；文件名未限定题号；正文定位方式=题号起首；题干块6-gram重叠1.0000(题干88字/材料段89字)；同题另一来源块状态较弱(存在候选)，已按最强状态归并；同题另一来源块状态较弱(存在候选)，已按最强状态归并
BJ-2025-MTG-YIMO-Q5,BJ-2025-MTG-YIMO,5,S26d9b2280640,2025模拟题/2025各区一模/2025门头沟一模/细则/细则.doc,评分材料,正式评分材料,已匹配正式材料,已匹配正式材料,1.0,,考试身份同(BJ-2025-MTG-YIMO)；文件名未限定题号；正文定位方式=题号起首；题干块6-gram重叠1.0000(题干1231字/材料段2964字)；分值文本 1；同题另一来源块状态较弱(存在候选)，已按最强状态归并；同题另一来源块状态较弱(存在候选)，已按最强状态归并
BJ-2025-MTG-YIMO-Q6,BJ-2025-MTG-YIMO,6,S26d9b2280640,2025模拟题/2025各区一模/2025门头沟一模/细则/细则.doc,评分材料,正式评分材料,存在候选,存在候选,0.0,,考试身份同(BJ-2025-MTG-YIMO)；文件名未限定题号；未能在材料正文定位到第6题段，仅按同卷材料登记为候选；题干块6-gram重叠0.0000(题干223字/材料段0字)
BJ-2025-MTG-YIMO-Q7,BJ-2025-MTG-YIMO,7,S26d9b2280640,2025模拟题/2025各区一模/2025门头沟一模/细则/细则.doc,评分材料,正式评分材料,存在候选,存在候选,0.0,,考试身份同(BJ-2025-MTG-YIMO)；文件名未限定题号；未能在材料正文定位到第7题段，仅按同卷材料登记为候选；题干块6-gram重叠0.0000(题干270字/材料段0字)
BJ-2025-MTG-YIMO-Q8,BJ-2025-MTG-YIMO,8,S26d9b2280640,2025模拟题/2025各区一模/2025门头沟一模/细则/细则.doc,评分材料,正式评分材料,存在候选,存在候选,0.0,,考试身份同(BJ-2025-MTG-YIMO)；文件名未限定题号；未能在材料正文定位到第8题段，仅按同卷材料登记为候选；题干块6-gram重叠0.0000(题干238字/材料段0字)
BJ-2025-MTG-YIMO-Q9,BJ-2025-MTG-YIMO,9,S26d9b2280640,2025模拟题/2025各区一模/2025门头沟一模/细则/细则.doc,评分材料,正式评分材料,存在候选,存在候选,0.0,,考试身份同(BJ-2025-MTG-YIMO)；文件名未限定题号；未能在材料正文定位到第9题段，仅按同卷材料登记为候选；题干块6-gram重叠0.0000(题干314字/材料段0字)
BJ-2025-MTG-YIMO-Q10,BJ-2025-MTG-YIMO,10,S26d9b2280640,2025模拟题/2025各区一模/2025门头沟一模/细则/细则.doc,评分材料,正式评分材料,存在候选,存在候选,0.0,,考试身份同(BJ-2025-MTG-YIMO)；文件名未限定题号；未能在材料正文定位到第10题段，仅按同卷材料登记为候选；题干块6-gram重叠0.0000(题干525字/材料段0字)；同题另一来源块状态较弱(存在候选)，已按最强状态归并
BJ-2025-MTG-YIMO-Q11,BJ-2025-MTG-YIMO,11,S26d9b2280640,2025模拟题/2025各区一模/2025门头沟一模/细则/细则.doc,评分材料,正式评分材料,存在候选,存在候选,0.0,,考试身份同(BJ-2025-MTG-YIMO)；文件名未限定题号；未能在材料正文定位到第11题段，仅按同卷材料登记为候选；题干块6-gram重叠0.0000(题干271字/材料段0字)；同题另一来源块状态较弱(存在候选)，已按最强状态归并
BJ-2025-MTG-YIMO-Q12,BJ-2025-MTG-YIMO,12,S26d9b2280640,2025模拟题/2025各区一模/2025门头沟一模/细则/细则.doc,评分材料,正式评分材料,存在候选,存在候选,0.0,,考试身份同(BJ-2025-MTG-YIMO)；文件名未限定题号；未能在材料正文定位到第12题段，仅按同卷材料登记为候选；题干块6-gram重叠0.0000(题干286字/材料段0字)；同题另一来源块状态较弱(存在候选)，已按最强状态归并
BJ-2025-MTG-YIMO-Q13,BJ-2025-MTG-YIMO,13,S26d9b2280640,2025模拟题/2025各区一模/2025门头沟一模/细则/细则.doc,评分材料,正式评分材料,存在候选,存在候选,0.0,,考试身份同(BJ-2025-MTG-YIMO)；文件名未限定题号；未能在材料正文定位到第13题段，仅按同卷材料登记为候选；题干块6-gram重叠0.0000(题干264字/材料段0字)；同题另一来源块状态较弱(存在候选)，已按最强状态归并
BJ-2025-MTG-YIMO-Q14,BJ-2025-MTG-YIMO,14,S26d9b2280640,2025模拟题/2025各区一模/2025门头沟一模/细则/细则.doc,评分材料,正式评分材料,存在候选,存在候选,0.0,,考试身份同(BJ-2025-MTG-YIMO)；文件名未限定题号；未能在材料正文定位到第14题段，仅按同卷材料登记为候选；题干块6-gram重叠0.0000(题干344字/材料段0字)；同题另一来源块状态较弱(存在候选)，已按最强状态归并
BJ-2025-MTG-YIMO-Q15,BJ-2025-MTG-YIMO,15,S26d9b2280640,2025模拟题/2025各区一模/2025门头沟一模/细则/细则.doc,评分材料,正式评分材料,存在候选,存在候选,0.0,,考试身份同(BJ-2025-MTG-YIMO)；文件名未限定题号；未能在材料正文定位到第15题段，仅按同卷材料登记为候选；题干块6-gram重叠0.0000(题干237字/材料段0字)；分值文本 55；同题另一来源块状态较弱(存在候选)，已按最强状态归并
BJ-2025-MTG-YIMO-Q16,BJ-2025-MTG-YIMO,16,S26d9b2280640,2025模拟题/2025各区一模/2025门头沟一模/细则/细则.doc,评分材料,正式评分材料,存在候选,存在候选,0.0,,考试身份同(BJ-2025-MTG-YIMO)；文件名未限定题号；未能在材料正文定位到第16题段，仅按同卷材料登记为候选；题干块6-gram重叠0.0000(题干191字/材料段0字)；同题另一来源块状态较弱(存在候选)，已按最强状态归并
BJ-2025-MTG-YIMO-Q17,BJ-2025-MTG-YIMO,17,S26d9b2280640,2025模拟题/2025各区一模/2025门头沟一模/细则/细则.doc,评分材料,正式评分材料,存在候选,存在候选,0.0,,考试身份同(BJ-2025-MTG-YIMO)；文件名未限定题号；未能在材料正文定位到第17题段，仅按同卷材料登记为候选；题干块6-gram重叠0.0000(题干584字/材料段0字)；同题另一来源块状态较弱(存在候选)，已按最强状态归并
BJ-2025-MTG-YIMO-Q18,BJ-2025-MTG-YIMO,18,S26d9b2280640,2025模拟题/2025各区一模/2025门头沟一模/细则/细则.doc,评分材料,正式评分材料,存在候选,存在候选,0.0,,考试身份同(BJ-2025-MTG-YIMO)；文件名未限定题号；未能在材料正文定位到第18题段，仅按同卷材料登记为候选；题干块6-gram重叠0.0000(题干583字/材料段0字)；同题另一来源块状态较弱(存在候选)，已按最强状态归并
BJ-2025-MTG-YIMO-Q19,BJ-2025-MTG-YIMO,19,S26d9b2280640,2025模拟题/2025各区一模/2025门头沟一模/细则/细则.doc,评分材料,正式评分材料,存在候选,存在候选,0.0,,考试身份同(BJ-2025-MTG-YIMO)；文件名未限定题号；未能在材料正文定位到第19题段，仅按同卷材料登记为候选；题干块6-gram重叠0.0000(题干566字/材料段0字)；同题另一来源块状态较弱(存在候选)，已按最强状态归并
BJ-2025-MTG-YIMO-Q20,BJ-2025-MTG-YIMO,20,S26d9b2280640,2025模拟题/2025各区一模/2025门头沟一模/细则/细则.doc,评分材料,正式评分材料,存在候选,存在候选,0.0,,考试身份同(BJ-2025-MTG-YIMO)；文件名未限定题号；未能在材料正文定位到第20题段，仅按同卷材料登记为候选；题干块6-gram重叠0.0000(题干767字/材料段0字)；同题另一来源块状态较弱(存在候选)，已按最强状态归并
BJ-2025-MTG-YIMO-Q21,BJ-2025-MTG-YIMO,21,S26d9b2280640,2025模拟题/2025各区一模/2025门头沟一模/细则/细则.doc,评分材料,正式评分材料,存在候选,存在候选,0.0,,考试身份同(BJ-2025-MTG-YIMO)；文件名未限定题号；未能在材料正文定位到第21题段，仅按同卷材料登记为候选；题干块6-gram重叠0.0000(题干868字/材料段0字)；同题另一来源块状态较弱(存在候选)，已按最强状态归并
BJ-2025-SY-YIMO-Q16,BJ-2025-SY-YIMO,16,Sbef8332e23ce,2025模拟题/2025各区一模/2025顺义一模/细则/细则.docx,评分材料,正式评分材料,已匹配正式材料,已匹配正式材料,1.0,,考试身份同(BJ-2025-SY-YIMO)；文件名未限定题号；正文定位方式=题号起首；题干块6-gram重叠1.0000(题干1474字/材料段3771字)；分值文本 8；同题另一来源块状态较弱(存在候选)，已按最强状态归并；同题另一来源块状态较弱(存在候选)，已按最强状态归并
BJ-2025-SY-YIMO-Q3,BJ-2025-SY-YIMO,3,Sbef8332e23ce,2025模拟题/2025各区一模/2025顺义一模/细则/细则.docx,评分材料,正式评分材料,存在候选,存在候选,0.0,,考试身份同(BJ-2025-SY-YIMO)；文件名未限定题号；正文定位方式=行内答案键；题干块6-gram重叠0.0000(题干45字/材料段3字)；同题另一来源块状态较弱(存在候选)，已按最强状态归并；同题另一来源块状态较弱(存在候选)，已按最强状态归并
BJ-2025-SY-YIMO-Q4,BJ-2025-SY-YIMO,4,Sbef8332e23ce,2025模拟题/2025各区一模/2025顺义一模/细则/细则.docx,评分材料,正式评分材料,存在候选,存在候选,0.0,,考试身份同(BJ-2025-SY-YIMO)；文件名未限定题号；正文定位方式=行内答案键；题干块6-gram重叠0.0000(题干201字/材料段3字)；同题另一来源块状态较弱(存在候选)，已按最强状态归并；同题另一来源块状态较弱(存在候选)，已按最强状态归并
BJ-2025-SY-YIMO-Q18,BJ-2025-SY-YIMO,18,Sbef8332e23ce,2025模拟题/2025各区一模/2025顺义一模/细则/细则.docx,评分材料,正式评分材料,已匹配正式材料,已匹配正式材料,1.0,,考试身份同(BJ-2025-SY-YIMO)；文件名未限定题号；正文定位方式=题号起首；题干块6-gram重叠1.0000(题干1327字/材料段2009字)；分值文本 1；同题另一来源块状态较弱(存在候选)，已按最强状态归并；同题另一来源块状态较弱(存在候选)，已按最强状态归并
BJ-2025-SY-YIMO-Q20,BJ-2025-SY-YIMO,20,Sbef8332e23ce,2025模拟题/2025各区一模/2025顺义一模/细则/细则.docx,评分材料,正式评分材料,存在候选,存在候选,0.0,,考试身份同(BJ-2025-SY-YIMO)；文件名未限定题号；未能在材料正文定位到第20题段，仅按同卷材料登记为候选；题干块6-gram重叠0.0000(题干678字/材料段0字)；分值文本 2；同题另一来源块状态较弱(存在候选)，已按最强状态归并；同题另一来源块状态较弱(存在候选)，已按最强状态归并
BJ-2025-SY-YIMO-Q1,BJ-2025-SY-YIMO,1,Sbef8332e23ce,2025模拟题/2025各区一模/2025顺义一模/细则/细则.docx,评分材料,正式评分材料,存在候选,存在候选,0.0,,考试身份同(BJ-2025-SY-YIMO)；文件名未限定题号；正文定位方式=题号起首；题干块6-gram重叠0.0000(题干287字/材料段3912字)；同题另一来源块状态较弱(存在候选)，已按最强状态归并
BJ-2025-SY-YIMO-Q2,BJ-2025-SY-YIMO,2,Sbef8332e23ce,2025模拟题/2025各区一模/2025顺义一模/细则/细则.docx,评分材料,正式评分材料,存在候选,存在候选,0.0,,考试身份同(BJ-2025-SY-YIMO)；文件名未限定题号；正文定位方式=行内答案键；题干块6-gram重叠0.0000(题干300字/材料段3字)；同题另一来源块状态较弱(存在候选)，已按最强状态归并
BJ-2025-SY-YIMO-Q5,BJ-2025-SY-YIMO,5,Sbef8332e23ce,2025模拟题/2025各区一模/2025顺义一模/细则/细则.docx,评分材料,正式评分材料,存在候选,存在候选,0.0,,考试身份同(BJ-2025-SY-YIMO)；文件名未限定题号；正文定位方式=行内答案键；题干块6-gram重叠0.0000(题干128字/材料段3字)；同题另一来源块状态较弱(存在候选)，已按最强状态归并
BJ-2025-SY-YIMO-Q6,BJ-2025-SY-YIMO,6,Sbef8332e23ce,2025模拟题/2025各区一模/2025顺义一模/细则/细则.docx,评分材料,正式评分材料,存在候选,存在候选,0.0,,考试身份同(BJ-2025-SY-YIMO)；文件名未限定题号；正文定位方式=题号起首；题干块6-gram重叠0.0000(题干508字/材料段3867字)；同题另一来源块状态较弱(存在候选)，已按最强状态归并
BJ-2025-SY-YIMO-Q7,BJ-2025-SY-YIMO,7,Sbef8332e23ce,2025模拟题/2025各区一模/2025顺义一模/细则/细则.docx,评分材料,正式评分材料,存在候选,存在候选,0.0,,考试身份同(BJ-2025-SY-YIMO)；文件名未限定题号；正文定位方式=行内答案键；题干块6-gram重叠0.0000(题干565字/材料段3字)；同题另一来源块状态较弱(存在候选)，已按最强状态归并
BJ-2025-SY-YIMO-Q8,BJ-2025-SY-YIMO,8,Sbef8332e23ce,2025模拟题/2025各区一模/2025顺义一模/细则/细则.docx,评分材料,正式评分材料,存在候选,存在候选,0.0,,考试身份同(BJ-2025-SY-YIMO)；文件名未限定题号；正文定位方式=行内答案键；题干块6-gram重叠0.0000(题干278字/材料段3字)；同题另一来源块状态较弱(存在候选)，已按最强状态归并
BJ-2025-SY-YIMO-Q9,BJ-2025-SY-YIMO,9,Sbef8332e23ce,2025模拟题/2025各区一模/2025顺义一模/细则/细则.docx,评分材料,正式评分材料,存在候选,存在候选,0.0,,考试身份同(BJ-2025-SY-YIMO)；文件名未限定题号；正文定位方式=行内答案键；题干块6-gram重叠0.0000(题干267字/材料段3字)；同题另一来源块状态较弱(存在候选)，已按最强状态归并
BJ-2025-SY-YIMO-Q10,BJ-2025-SY-YIMO,10,Sbef8332e23ce,2025模拟题/2025各区一模/2025顺义一模/细则/细则.docx,评分材料,正式评分材料,存在候选,存在候选,0.0,,考试身份同(BJ-2025-SY-YIMO)；文件名未限定题号；正文定位方式=行内答案键；题干块6-gram重叠0.0000(题干477字/材料段4字)；同题另一来源块状态较弱(存在候选)，已按最强状态归并
BJ-2025-SY-YIMO-Q11,BJ-2025-SY-YIMO,11,Sbef8332e23ce,2025模拟题/2025各区一模/2025顺义一模/细则/细则.docx,评分材料,正式评分材料,存在候选,存在候选,0.0,,考试身份同(BJ-2025-SY-YIMO)；文件名未限定题号；正文定位方式=题号起首；题干块6-gram重叠0.0000(题干358字/材料段3822字)；同题另一来源块状态较弱(存在候选)，已按最强状态归并
BJ-2025-SY-YIMO-Q12,BJ-2025-SY-YIMO,12,Sbef8332e23ce,2025模拟题/2025各区一模/2025顺义一模/细则/细则.docx,评分材料,正式评分材料,存在候选,存在候选,0.0,,考试身份同(BJ-2025-SY-YIMO)；文件名未限定题号；正文定位方式=行内答案键；题干块6-gram重叠0.0000(题干263字/材料段4字)；同题另一来源块状态较弱(存在候选)，已按最强状态归并
BJ-2025-SY-YIMO-Q13,BJ-2025-SY-YIMO,13,Sbef8332e23ce,2025模拟题/2025各区一模/2025顺义一模/细则/细则.docx,评分材料,正式评分材料,存在候选,存在候选,0.0,,考试身份同(BJ-2025-SY-YIMO)；文件名未限定题号；未能在材料正文定位到第13题段，仅按同卷材料登记为候选；题干块6-gram重叠0.0000(题干280字/材料段0字)；同题另一来源块状态较弱(存在候选)，已按最强状态归并
BJ-2025-SY-YIMO-Q14,BJ-2025-SY-YIMO,14,Sbef8332e23ce,2025模拟题/2025各区一模/2025顺义一模/细则/细则.docx,评分材料,正式评分材料,存在候选,存在候选,0.0,,考试身份同(BJ-2025-SY-YIMO)；文件名未限定题号；正文定位方式=行内答案键；题干块6-gram重叠0.0000(题干238字/材料段4字)；同题另一来源块状态较弱(存在候选)，已按最强状态归并
BJ-2025-SY-YIMO-Q15,BJ-2025-SY-YIMO,15,Sbef8332e23ce,2025模拟题/2025各区一模/2025顺义一模/细则/细则.docx,评分材料,正式评分材料,存在候选,存在候选,0.0,,考试身份同(BJ-2025-SY-YIMO)；文件名未限定题号；正文定位方式=行内答案键；题干块6-gram重叠0.0000(题干400字/材料段4字)；同题另一来源块状态较弱(存在候选)，已按最强状态归并
BJ-2025-SY-YIMO-Q17,BJ-2025-SY-YIMO,17,Sbef8332e23ce,2025模拟题/2025各区一模/2025顺义一模/细则/细则.docx,评分材料,正式评分材料,存在候选,存在候选,0.0,,考试身份同(BJ-2025-SY-YIMO)；文件名未限定题号；未能在材料正文定位到第17题段，仅按同卷材料登记为候选；题干块6-gram重叠0.0000(题干581字/材料段0字)；同题另一来源块状态较弱(存在候选)，已按最强状态归并
BJ-2025-SY-YIMO-Q19,BJ-2025-SY-YIMO,19,Sbef8332e23ce,2025模拟题/2025各区一模/2025顺义一模/细则/细则.docx,评分材料,正式评分材料,存在候选,存在候选,0.0,,考试身份同(BJ-2025-SY-YIMO)；文件名未限定题号；未能在材料正文定位到第19题段，仅按同卷材料登记为候选；题干块6-gram重叠0.0000(题干574字/材料段0字)；同题另一来源块状态较弱(存在候选)，已按最强状态归并
BJ-2025-SY-YIMO-Q21,BJ-2025-SY-YIMO,21,Sbef8332e23ce,2025模拟题/2025各区一模/2025顺义一模/细则/细则.docx,评分材料,正式评分材料,存在候选,存在候选,0.0,,考试身份同(BJ-2025-SY-YIMO)；文件名未限定题号；未能在材料正文定位到第21题段，仅按同卷材料登记为候选；题干块6-gram重叠0.0000(题干563字/材料段0字)；同题另一来源块状态较弱(存在候选)，已按最强状态归并
BJ-2025-FT-ERMO-Q2,BJ-2025-FT-ERMO,2,S2f596046ed6d,2025模拟题/2025各区二模/2025丰台二模/细则/分题细则/2025丰台二模评标细则/2025丰台二模评标细则/16.(1).doc,评分细则_分题切片,正式评分材料,已匹配正式材料,已匹配正式材料,1.0,,考试身份同(BJ-2025-FT-ERMO)；文件名未限定题号；正文定位方式=题号起首；题干块6-gram重叠1.0000(题干288字/材料段289字)；同题另一来源块状态较弱(存在候选)，已按最强状态归并；同题另一来源块状态较弱(存在候选)，已按最强状态归并
BJ-2025-FT-ERMO-Q2,BJ-2025-FT-ERMO,2,Se3e9942211ec,2025模拟题/2025各区二模/2025丰台二模/细则/分题细则/2025丰台二模评标细则/2025丰台二模评标细则/16.(2).docx,评分细则_分题切片,正式评分材料,存在候选,已匹配正式材料,0.0,,考试身份同(BJ-2025-FT-ERMO)；文件名未限定题号；正文定位方式=题号起首；题干块6-gram重叠0.0000(题干288字/材料段26字)；同题另一来源块状态较弱(存在候选)，已按最强状态归并；同题另一来源块状态较弱(存在候选)，已按最强状态归并
BJ-2025-FT-ERMO-Q2,BJ-2025-FT-ERMO,2,S71d970ada83c,2025模拟题/2025各区二模/2025丰台二模/细则/分题细则/2025丰台二模评标细则/2025丰台二模评标细则/17题.docx,评分细则_分题切片,正式评分材料,已排除（文件名指向他题）,已匹配正式材料,0.0,17,考试身份同(BJ-2025-FT-ERMO)；文件名题号{17}与本题号不一致；未能在材料正文定位到第2题段，仅按同卷材料登记为候选；题干块6-gram重叠0.0000(题干288字/材料段0字)；同题另一来源块状态较弱(已排除（文件名指向他题）)，已按最强状态归并；同题另一来源块状态较弱(已排除（文件名指向他题）)，已按最强状态归并
BJ-2025-FT-ERMO-Q2,BJ-2025-FT-ERMO,2,S56b5533477c2,2025模拟题/2025各区二模/2025丰台二模/细则/分题细则/2025丰台二模评标细则/2025丰台二模评标细则/18题 .docx,评分细则_分题切片,正式评分材料,已排除（文件名指向他题）,已匹配正式材料,0.0,18,考试身份同(BJ-2025-FT-ERMO)；文件名题号{18}与本题号不一致；未能在材料正文定位到第2题段，仅按同卷材料登记为候选；题干块6-gram重叠0.0000(题干288字/材料段0字)；同题另一来源块状态较弱(已排除（文件名指向他题）)，已按最强状态归并；同题另一来源块状态较弱(已排除（文件名指向他题）)，已按最强状态归并
BJ-2025-FT-ERMO-Q2,BJ-2025-FT-ERMO,2,S0e0ec077bf92,2025模拟题/2025各区二模/2025丰台二模/细则/分题细则/2025丰台二模评标细则/2025丰台二模评标细则/19.(1).docx,评分细则_分题切片,正式评分材料,存在候选,已匹配正式材料,0.0,,考试身份同(BJ-2025-FT-ERMO)；文件名未限定题号；未能在材料正文定位到第2题段，仅按同卷材料登记为候选；题干块6-gram重叠0.0000(题干288字/材料段0字)；同题另一来源块状态较弱(存在候选)，已按最强状态归并；同题另一来源块状态较弱(存在候选)，已按最强状态归并
BJ-2025-FT-ERMO-Q2,BJ-2025-FT-ERMO,2,Sa85076fc73d8,2025模拟题/2025各区二模/2025丰台二模/细则/分题细则/2025丰台二模评标细则/2025丰台二模评标细则/19.(2).docx,评分细则_分题切片,正式评分材料,存在候选,已匹配正式材料,0.0,,考试身份同(BJ-2025-FT-ERMO)；文件名未限定题号；未能在材料正文定位到第2题段，仅按同卷材料登记为候选；题干块6-gram重叠0.0000(题干288字/材料段0字)；同题另一来源块状态较弱(存在候选)，已按最强状态归并；同题另一来源块状态较弱(存在候选)，已按最强状态归并
BJ-2025-FT-ERMO-Q2,BJ-2025-FT-ERMO,2,S17616554d573,2025模拟题/2025各区二模/2025丰台二模/细则/分题细则/2025丰台二模评标细则/2025丰台二模评标细则/20题.docx,评分细则_分题切片,正式评分材料,已排除（文件名指向他题）,已匹配正式材料,0.0,20,考试身份同(BJ-2025-FT-ERMO)；文件名题号{20}与本题号不一致；未能在材料正文定位到第2题段，仅按同卷材料登记为候选；题干块6-gram重叠0.0000(题干288字/材料段0字)；同题另一来源块状态较弱(已排除（文件名指向他题）)，已按最强状态归并；同题另一来源块状态较弱(已排除（文件名指向他题）)，已按最强状态归并
BJ-2025-FT-ERMO-Q2,BJ-2025-FT-ERMO,2,S11303432404c,2025模拟题/2025各区二模/2025丰台二模/细则/分题细则/2025丰台二模评标细则/2025丰台二模评标细则/21题.docx,评分细则_分题切片,正式评分材料,已排除（文件名指向他题）,已匹配正式材料,0.0,21,考试身份同(BJ-2025-FT-ERMO)；文件名题号{21}与本题号不一致；未能在材料正文定位到第2题段，仅按同卷材料登记为候选；题干块6-gram重叠0.0000(题干288字/材料段0字)；同题另一来源块状态较弱(已排除（文件名指向他题）)，已按最强状态归并；同题另一来源块状态较弱(已排除（文件名指向他题）)，已按最强状态归并
BJ-2025-FT-ERMO-Q3,BJ-2025-FT-ERMO,3,S2f596046ed6d,2025模拟题/2025各区二模/2025丰台二模/细则/分题细则/2025丰台二模评标细则/2025丰台二模评标细则/16.(1).doc,评分细则_分题切片,正式评分材料,存在候选,存在候选,1.0,,考试身份同(BJ-2025-FT-ERMO)；文件名未限定题号；正文定位方式=题号起首；题干块6-gram重叠1.0000(题干101字/材料段102字)；同题另一来源块状态较弱(存在候选)，已按最强状态归并；同题另一来源块状态较弱(存在候选)，已按最强状态归并
BJ-2025-FT-ERMO-Q3,BJ-2025-FT-ERMO,3,Se3e9942211ec,2025模拟题/2025各区二模/2025丰台二模/细则/分题细则/2025丰台二模评标细则/2025丰台二模评标细则/16.(2).docx,评分细则_分题切片,正式评分材料,存在候选,存在候选,0.0,,考试身份同(BJ-2025-FT-ERMO)；文件名未限定题号；正文定位方式=题号起首；题干块6-gram重叠0.0000(题干101字/材料段25字)；同题另一来源块状态较弱(存在候选)，已按最强状态归并；同题另一来源块状态较弱(存在候选)，已按最强状态归并
BJ-2025-FT-ERMO-Q3,BJ-2025-FT-ERMO,3,S71d970ada83c,2025模拟题/2025各区二模/2025丰台二模/细则/分题细则/2025丰台二模评标细则/2025丰台二模评标细则/17题.docx,评分细则_分题切片,正式评分材料,已排除（文件名指向他题）,存在候选,0.0,17,考试身份同(BJ-2025-FT-ERMO)；文件名题号{17}与本题号不一致；未能在材料正文定位到第3题段，仅按同卷材料登记为候选；题干块6-gram重叠0.0000(题干101字/材料段0字)；同题另一来源块状态较弱(已排除（文件名指向他题）)，已按最强状态归并；同题另一来源块状态较弱(已排除（文件名指向他题）)，已按最强状态归并
BJ-2025-FT-ERMO-Q3,BJ-2025-FT-ERMO,3,S56b5533477c2,2025模拟题/2025各区二模/2025丰台二模/细则/分题细则/2025丰台二模评标细则/2025丰台二模评标细则/18题 .docx,评分细则_分题切片,正式评分材料,已排除（文件名指向他题）,存在候选,0.0,18,考试身份同(BJ-2025-FT-ERMO)；文件名题号{18}与本题号不一致；未能在材料正文定位到第3题段，仅按同卷材料登记为候选；题干块6-gram重叠0.0000(题干101字/材料段0字)；同题另一来源块状态较弱(已排除（文件名指向他题）)，已按最强状态归并；同题另一来源块状态较弱(已排除（文件名指向他题）)，已按最强状态归并
BJ-2025-FT-ERMO-Q3,BJ-2025-FT-ERMO,3,S0e0ec077bf92,2025模拟题/2025各区二模/2025丰台二模/细则/分题细则/2025丰台二模评标细则/2025丰台二模评标细则/19.(1).docx,评分细则_分题切片,正式评分材料,存在候选,存在候选,0.0,,考试身份同(BJ-2025-FT-ERMO)；文件名未限定题号；未能在材料正文定位到第3题段，仅按同卷材料登记为候选；题干块6-gram重叠0.0000(题干101字/材料段0字)；同题另一来源块状态较弱(存在候选)，已按最强状态归并；同题另一来源块状态较弱(存在候选)，已按最强状态归并
BJ-2025-FT-ERMO-Q3,BJ-2025-FT-ERMO,3,Sa85076fc73d8,2025模拟题/2025各区二模/2025丰台二模/细则/分题细则/2025丰台二模评标细则/2025丰台二模评标细则/19.(2).docx,评分细则_分题切片,正式评分材料,存在候选,存在候选,0.0,,考试身份同(BJ-2025-FT-ERMO)；文件名未限定题号；未能在材料正文定位到第3题段，仅按同卷材料登记为候选；题干块6-gram重叠0.0000(题干101字/材料段0字)；同题另一来源块状态较弱(存在候选)，已按最强状态归并；同题另一来源块状态较弱(存在候选)，已按最强状态归并
BJ-2025-FT-ERMO-Q3,BJ-2025-FT-ERMO,3,S17616554d573,2025模拟题/2025各区二模/2025丰台二模/细则/分题细则/2025丰台二模评标细则/2025丰台二模评标细则/20题.docx,评分细则_分题切片,正式评分材料,已排除（文件名指向他题）,存在候选,0.0,20,考试身份同(BJ-2025-FT-ERMO)；文件名题号{20}与本题号不一致；未能在材料正文定位到第3题段，仅按同卷材料登记为候选；题干块6-gram重叠0.0000(题干101字/材料段0字)；同题另一来源块状态较弱(已排除（文件名指向他题）)，已按最强状态归并；同题另一来源块状态较弱(已排除（文件名指向他题）)，已按最强状态归并
BJ-2025-FT-ERMO-Q3,BJ-2025-FT-ERMO,3,S11303432404c,2025模拟题/2025各区二模/2025丰台二模/细则/分题细则/2025丰台二模评标细则/2025丰台二模评标细则/21题.docx,评分细则_分题切片,正式评分材料,已排除（文件名指向他题）,存在候选,0.0,21,考试身份同(BJ-2025-FT-ERMO)；文件名题号{21}与本题号不一致；未能在材料正文定位到第3题段，仅按同卷材料登记为候选；题干块6-gram重叠0.0000(题干101字/材料段0字)；同题另一来源块状态较弱(已排除（文件名指向他题）)，已按最强状态归并；同题另一来源块状态较弱(已排除（文件名指向他题）)，已按最强状态归并
BJ-2025-FT-ERMO-Q4,BJ-2025-FT-ERMO,4,S2f596046ed6d,2025模拟题/2025各区二模/2025丰台二模/细则/分题细则/2025丰台二模评标细则/2025丰台二模评标细则/16.(1).doc,评分细则_分题切片,正式评分材料,已匹配正式材料,已匹配正式材料,0.9149,,考试身份同(BJ-2025-FT-ERMO)；文件名未限定题号；正文定位方式=题号起首；题干块6-gram重叠0.9149(题干4509字/材料段4000字)；分值文本 2；同题另一来源块状态较弱(存在候选)，已按最强状态归并；同题另一来源块状态较弱(存在候选)，已按最强状态归并
BJ-2025-FT-ERMO-Q4,BJ-2025-FT-ERMO,4,Se3e9942211ec,2025模拟题/2025各区二模/2025丰台二模/细则/分题细则/2025丰台二模评标细则/2025丰台二模评标细则/16.(2).docx,评分细则_分题切片,正式评分材料,存在候选,已匹配正式材料,0.0,,考试身份同(BJ-2025-FT-ERMO)；文件名未限定题号；正文定位方式=题号起首；题干块6-gram重叠0.0000(题干4509字/材料段28字)；分值文本 2；同题另一来源块状态较弱(存在候选)，已按最强状态归并；同题另一来源块状态较弱(存在候选)，已按最强状态归并
BJ-2025-FT-ERMO-Q4,BJ-2025-FT-ERMO,4,S71d970ada83c,2025模拟题/2025各区二模/2025丰台二模/细则/分题细则/2025丰台二模评标细则/2025丰台二模评标细则/17题.docx,评分细则_分题切片,正式评分材料,已排除（文件名指向他题）,已匹配正式材料,0.0,17,考试身份同(BJ-2025-FT-ERMO)；文件名题号{17}与本题号不一致；未能在材料正文定位到第4题段，仅按同卷材料登记为候选；题干块6-gram重叠0.0000(题干4509字/材料段0字)；分值文本 2；同题另一来源块状态较弱(已排除（文件名指向他题）)，已按最强状态归并；同题另一来源块状态较弱(已排除（文件名指向他题）)，已按最强状态归并
BJ-2025-FT-ERMO-Q4,BJ-2025-FT-ERMO,4,S56b5533477c2,2025模拟题/2025各区二模/2025丰台二模/细则/分题细则/2025丰台二模评标细则/2025丰台二模评标细则/18题 .docx,评分细则_分题切片,正式评分材料,已排除（文件名指向他题）,已匹配正式材料,0.0,18,考试身份同(BJ-2025-FT-ERMO)；文件名题号{18}与本题号不一致；未能在材料正文定位到第4题段，仅按同卷材料登记为候选；题干块6-gram重叠0.0000(题干4509字/材料段0字)；分值文本 2；同题另一来源块状态较弱(已排除（文件名指向他题）)，已按最强状态归并；同题另一来源块状态较弱(已排除（文件名指向他题）)，已按最强状态归并
BJ-2025-FT-ERMO-Q4,BJ-2025-FT-ERMO,4,S0e0ec077bf92,2025模拟题/2025各区二模/2025丰台二模/细则/分题细则/2025丰台二模评标细则/2025丰台二模评标细则/19.(1).docx,评分细则_分题切片,正式评分材料,存在候选,已匹配正式材料,0.0,,考试身份同(BJ-2025-FT-ERMO)；文件名未限定题号；未能在材料正文定位到第4题段，仅按同卷材料登记为候选；题干块6-gram重叠0.0000(题干4509字/材料段0字)；分值文本 2；同题另一来源块状态较弱(存在候选)，已按最强状态归并；同题另一来源块状态较弱(存在候选)，已按最强状态归并
BJ-2025-FT-ERMO-Q4,BJ-2025-FT-ERMO,4,Sa85076fc73d8,2025模拟题/2025各区二模/2025丰台二模/细则/分题细则/2025丰台二模评标细则/2025丰台二模评标细则/19.(2).docx,评分细则_分题切片,正式评分材料,存在候选,已匹配正式材料,0.0,,考试身份同(BJ-2025-FT-ERMO)；文件名未限定题号；未能在材料正文定位到第4题段，仅按同卷材料登记为候选；题干块6-gram重叠0.0000(题干4509字/材料段0字)；分值文本 2；同题另一来源块状态较弱(存在候选)，已按最强状态归并；同题另一来源块状态较弱(存在候选)，已按最强状态归并
BJ-2025-FT-ERMO-Q4,BJ-2025-FT-ERMO,4,S17616554d573,2025模拟题/2025各区二模/2025丰台二模/细则/分题细则/2025丰台二模评标细则/2025丰台二模评标细则/20题.docx,评分细则_分题切片,正式评分材料,已排除（文件名指向他题）,已匹配正式材料,0.0,20,考试身份同(BJ-2025-FT-ERMO)；文件名题号{20}与本题号不一致；未能在材料正文定位到第4题段，仅按同卷材料登记为候选；题干块6-gram重叠0.0000(题干4509字/材料段0字)；分值文本 2；同题另一来源块状态较弱(已排除（文件名指向他题）)，已按最强状态归并；同题另一来源块状态较弱(已排除（文件名指向他题）)，已按最强状态归并
BJ-2025-FT-ERMO-Q4,BJ-2025-FT-ERMO,4,S11303432404c,2025模拟题/2025各区二模/2025丰台二模/细则/分题细则/2025丰台二模评标细则/2025丰台二模评标细则/21题.docx,评分细则_分题切片,正式评分材料,已排除（文件名指向他题）,已匹配正式材料,0.0,21,考试身份同(BJ-2025-FT-ERMO)；文件名题号{21}与本题号不一致；未能在材料正文定位到第4题段，仅按同卷材料登记为候选；题干块6-gram重叠0.0000(题干4509字/材料段0字)；分值文本 2；同题另一来源块状态较弱(已排除（文件名指向他题）)，已按最强状态归并；同题另一来源块状态较弱(已排除（文件名指向他题）)，已按最强状态归并
BJ-2025-FT-ERMO-Q1,BJ-2025-FT-ERMO,1,S2f596046ed6d,2025模拟题/2025各区二模/2025丰台二模/细则/分题细则/2025丰台二模评标细则/2025丰台二模评标细则/16.(1).doc,评分细则_分题切片,正式评分材料,存在候选,存在候选,0.0,,考试身份同(BJ-2025-FT-ERMO)；文件名未限定题号；正文定位方式=题号起首；题干块6-gram重叠0.0000(题干59字/材料段31字)；同题另一来源块状态较弱(存在候选)，已按最强状态归并；同题另一来源块状态较弱(存在候选)，已按最强状态归并
BJ-2025-FT-ERMO-Q1,BJ-2025-FT-ERMO,1,Se3e9942211ec,2025模拟题/2025各区二模/2025丰台二模/细则/分题细则/2025丰台二模评标细则/2025丰台二模评标细则/16.(2).docx,评分细则_分题切片,正式评分材料,存在候选,存在候选,1.0,,考试身份同(BJ-2025-FT-ERMO)；文件名未限定题号；正文定位方式=题号起首；题干块6-gram重叠1.0000(题干59字/材料段60字)；同题另一来源块状态较弱(存在候选)，已按最强状态归并；同题另一来源块状态较弱(存在候选)，已按最强状态归并
BJ-2025-FT-ERMO-Q1,BJ-2025-FT-ERMO,1,S71d970ada83c,2025模拟题/2025各区二模/2025丰台二模/细则/分题细则/2025丰台二模评标细则/2025丰台二模评标细则/17题.docx,评分细则_分题切片,正式评分材料,已排除（文件名指向他题）,存在候选,0.0,17,考试身份同(BJ-2025-FT-ERMO)；文件名题号{17}与本题号不一致；未能在材料正文定位到第1题段，仅按同卷材料登记为候选；题干块6-gram重叠0.0000(题干59字/材料段0字)；同题另一来源块状态较弱(已排除（文件名指向他题）)，已按最强状态归并；同题另一来源块状态较弱(已排除（文件名指向他题）)，已按最强状态归并
BJ-2025-FT-ERMO-Q1,BJ-2025-FT-ERMO,1,S56b5533477c2,2025模拟题/2025各区二模/2025丰台二模/细则/分题细则/2025丰台二模评标细则/2025丰台二模评标细则/18题 .docx,评分细则_分题切片,正式评分材料,已排除（文件名指向他题）,存在候选,0.0,18,考试身份同(BJ-2025-FT-ERMO)；文件名题号{18}与本题号不一致；未能在材料正文定位到第1题段，仅按同卷材料登记为候选；题干块6-gram重叠0.0000(题干59字/材料段0字)；同题另一来源块状态较弱(已排除（文件名指向他题）)，已按最强状态归并；同题另一来源块状态较弱(已排除（文件名指向他题）)，已按最强状态归并
BJ-2025-FT-ERMO-Q1,BJ-2025-FT-ERMO,1,S0e0ec077bf92,2025模拟题/2025各区二模/2025丰台二模/细则/分题细则/2025丰台二模评标细则/2025丰台二模评标细则/19.(1).docx,评分细则_分题切片,正式评分材料,存在候选,存在候选,0.0,,考试身份同(BJ-2025-FT-ERMO)；文件名未限定题号；未能在材料正文定位到第1题段，仅按同卷材料登记为候选；题干块6-gram重叠0.0000(题干59字/材料段0字)；同题另一来源块状态较弱(存在候选)，已按最强状态归并；同题另一来源块状态较弱(存在候选)，已按最强状态归并
BJ-2025-FT-ERMO-Q1,BJ-2025-FT-ERMO,1,Sa85076fc73d8,2025模拟题/2025各区二模/2025丰台二模/细则/分题细则/2025丰台二模评标细则/2025丰台二模评标细则/19.(2).docx,评分细则_分题切片,正式评分材料,存在候选,存在候选,0.0,,考试身份同(BJ-2025-FT-ERMO)；文件名未限定题号；未能在材料正文定位到第1题段，仅按同卷材料登记为候选；题干块6-gram重叠0.0000(题干59字/材料段0字)；同题另一来源块状态较弱(存在候选)，已按最强状态归并；同题另一来源块状态较弱(存在候选)，已按最强状态归并
BJ-2025-FT-ERMO-Q1,BJ-2025-FT-ERMO,1,S17616554d573,2025模拟题/2025各区二模/2025丰台二模/细则/分题细则/2025丰台二模评标细则/2025丰台二模评标细则/20题.docx,评分细则_分题切片,正式评分材料,已排除（文件名指向他题）,存在候选,0.0,20,考试身份同(BJ-2025-FT-ERMO)；文件名题号{20}与本题号不一致；未能在材料正文定位到第1题段，仅按同卷材料登记为候选；题干块6-gram重叠0.0000(题干59字/材料段0字)；同题另一来源块状态较弱(已排除（文件名指向他题）)，已按最强状态归并；同题另一来源块状态较弱(已排除（文件名指向他题）)，已按最强状态归并
BJ-2025-FT-ERMO-Q1,BJ-2025-FT-ERMO,1,S11303432404c,2025模拟题/2025各区二模/2025丰台二模/细则/分题细则/2025丰台二模评标细则/2025丰台二模评标细则/21题.docx,评分细则_分题切片,正式评分材料,已排除（文件名指向他题）,存在候选,0.0,21,考试身份同(BJ-2025-FT-ERMO)；文件名题号{21}与本题号不一致；未能在材料正文定位到第1题段，仅按同卷材料登记为候选；题干块6-gram重叠0.0000(题干59字/材料段0字)；同题另一来源块状态较弱(已排除（文件名指向他题）)，已按最强状态归并；同题另一来源块状态较弱(已排除（文件名指向他题）)，已按最强状态归并
BJ-2025-FT-ERMO-Q5,BJ-2025-FT-ERMO,5,S2f596046ed6d,2025模拟题/2025各区二模/2025丰台二模/细则/分题细则/2025丰台二模评标细则/2025丰台二模评标细则/16.(1).doc,评分细则_分题切片,正式评分材料,存在候选,已匹配正式材料,0.0,,考试身份同(BJ-2025-FT-ERMO)；文件名未限定题号；未能在材料正文定位到第5题段，仅按同卷材料登记为候选；题干块6-gram重叠0.0000(题干700字/材料段0字)；同题另一来源块状态较弱(存在候选)，已按最强状态归并；同题另一来源块状态较弱(存在候选)，已按最强状态归并
BJ-2025-FT-ERMO-Q5,BJ-2025-FT-ERMO,5,Se3e9942211ec,2025模拟题/2025各区二模/2025丰台二模/细则/分题细则/2025丰台二模评标细则/2025丰台二模评标细则/16.(2).docx,评分细则_分题切片,正式评分材料,已匹配正式材料,已匹配正式材料,1.0,,考试身份同(BJ-2025-FT-ERMO)；文件名未限定题号；正文定位方式=题号起首；题干块6-gram重叠1.0000(题干700字/材料段721字)；同题另一来源块状态较弱(存在候选)，已按最强状态归并；同题另一来源块状态较弱(存在候选)，已按最强状态归并
BJ-2025-FT-ERMO-Q5,BJ-2025-FT-ERMO,5,S71d970ada83c,2025模拟题/2025各区二模/2025丰台二模/细则/分题细则/2025丰台二模评标细则/2025丰台二模评标细则/17题.docx,评分细则_分题切片,正式评分材料,已排除（文件名指向他题）,已匹配正式材料,0.0,17,考试身份同(BJ-2025-FT-ERMO)；文件名题号{17}与本题号不一致；未能在材料正文定位到第5题段，仅按同卷材料登记为候选；题干块6-gram重叠0.0000(题干700字/材料段0字)；同题另一来源块状态较弱(已排除（文件名指向他题）)，已按最强状态归并；同题另一来源块状态较弱(已排除（文件名指向他题）)，已按最强状态归并
BJ-2025-FT-ERMO-Q5,BJ-2025-FT-ERMO,5,S56b5533477c2,2025模拟题/2025各区二模/2025丰台二模/细则/分题细则/2025丰台二模评标细则/2025丰台二模评标细则/18题 .docx,评分细则_分题切片,正式评分材料,已排除（文件名指向他题）,已匹配正式材料,0.0,18,考试身份同(BJ-2025-FT-ERMO)；文件名题号{18}与本题号不一致；未能在材料正文定位到第5题段，仅按同卷材料登记为候选；题干块6-gram重叠0.0000(题干700字/材料段0字)；同题另一来源块状态较弱(已排除（文件名指向他题）)，已按最强状态归并；同题另一来源块状态较弱(已排除（文件名指向他题）)，已按最强状态归并
BJ-2025-FT-ERMO-Q5,BJ-2025-FT-ERMO,5,S0e0ec077bf92,2025模拟题/2025各区二模/2025丰台二模/细则/分题细则/2025丰台二模评标细则/2025丰台二模评标细则/19.(1).docx,评分细则_分题切片,正式评分材料,存在候选,已匹配正式材料,0.0,,考试身份同(BJ-2025-FT-ERMO)；文件名未限定题号；未能在材料正文定位到第5题段，仅按同卷材料登记为候选；题干块6-gram重叠0.0000(题干700字/材料段0字)；同题另一来源块状态较弱(存在候选)，已按最强状态归并；同题另一来源块状态较弱(存在候选)，已按最强状态归并
BJ-2025-FT-ERMO-Q5,BJ-2025-FT-ERMO,5,Sa85076fc73d8,2025模拟题/2025各区二模/2025丰台二模/细则/分题细则/2025丰台二模评标细则/2025丰台二模评标细则/19.(2).docx,评分细则_分题切片,正式评分材料,存在候选,已匹配正式材料,0.0,,考试身份同(BJ-2025-FT-ERMO)；文件名未限定题号；未能在材料正文定位到第5题段，仅按同卷材料登记为候选；题干块6-gram重叠0.0000(题干700字/材料段0字)；同题另一来源块状态较弱(存在候选)，已按最强状态归并；同题另一来源块状态较弱(存在候选)，已按最强状态归并
BJ-2025-FT-ERMO-Q5,BJ-2025-FT-ERMO,5,S17616554d573,2025模拟题/2025各区二模/2025丰台二模/细则/分题细则/2025丰台二模评标细则/2025丰台二模评标细则/20题.docx,评分细则_分题切片,正式评分材料,已排除（文件名指向他题）,已匹配正式材料,0.0,20,考试身份同(BJ-2025-FT-ERMO)；文件名题号{20}与本题号不一致；未能在材料正文定位到第5题段，仅按同卷材料登记为候选；题干块6-gram重叠0.0000(题干700字/材料段0字)；同题另一来源块状态较弱(已排除（文件名指向他题）)，已按最强状态归并；同题另一来源块状态较弱(已排除（文件名指向他题）)，已按最强状态归并
BJ-2025-FT-ERMO-Q5,BJ-2025-FT-ERMO,5,S11303432404c,2025模拟题/2025各区二模/2025丰台二模/细则/分题细则/2025丰台二模评标细则/2025丰台二模评标细则/21题.docx,评分细则_分题切片,正式评分材料,已排除（文件名指向他题）,已匹配正式材料,0.0,21,考试身份同(BJ-2025-FT-ERMO)；文件名题号{21}与本题号不一致；未能在材料正文定位到第5题段，仅按同卷材料登记为候选；题干块6-gram重叠0.0000(题干700字/材料段0字)；同题另一来源块状态较弱(已排除（文件名指向他题）)，已按最强状态归并；同题另一来源块状态较弱(已排除（文件名指向他题）)，已按最强状态归并
BJ-2025-FT-ERMO-Q6,BJ-2025-FT-ERMO,6,S2f596046ed6d,2025模拟题/2025各区二模/2025丰台二模/细则/分题细则/2025丰台二模评标细则/2025丰台二模评标细则/16.(1).doc,评分细则_分题切片,正式评分材料,存在候选,存在候选,0.0,,考试身份同(BJ-2025-FT-ERMO)；文件名未限定题号；未能在材料正文定位到第6题段，仅按同卷材料登记为候选；题干块6-gram重叠0.0000(题干724字/材料段0字)；同题另一来源块状态较弱(存在候选)，已按最强状态归并
BJ-2025-FT-ERMO-Q6,BJ-2025-FT-ERMO,6,Se3e9942211ec,2025模拟题/2025各区二模/2025丰台二模/细则/分题细则/2025丰台二模评标细则/2025丰台二模评标细则/16.(2).docx,评分细则_分题切片,正式评分材料,存在候选,存在候选,0.0,,考试身份同(BJ-2025-FT-ERMO)；文件名未限定题号；未能在材料正文定位到第6题段，仅按同卷材料登记为候选；题干块6-gram重叠0.0000(题干724字/材料段0字)；同题另一来源块状态较弱(存在候选)，已按最强状态归并
BJ-2025-FT-ERMO-Q6,BJ-2025-FT-ERMO,6,S71d970ada83c,2025模拟题/2025各区二模/2025丰台二模/细则/分题细则/2025丰台二模评标细则/2025丰台二模评标细则/17题.docx,评分细则_分题切片,正式评分材料,已排除（文件名指向他题）,存在候选,0.0,17,考试身份同(BJ-2025-FT-ERMO)；文件名题号{17}与本题号不一致；未能在材料正文定位到第6题段，仅按同卷材料登记为候选；题干块6-gram重叠0.0000(题干724字/材料段0字)；同题另一来源块状态较弱(已排除（文件名指向他题）)，已按最强状态归并
BJ-2025-FT-ERMO-Q6,BJ-2025-FT-ERMO,6,S56b5533477c2,2025模拟题/2025各区二模/2025丰台二模/细则/分题细则/2025丰台二模评标细则/2025丰台二模评标细则/18题 .docx,评分细则_分题切片,正式评分材料,已排除（文件名指向他题）,存在候选,0.0,18,考试身份同(BJ-2025-FT-ERMO)；文件名题号{18}与本题号不一致；未能在材料正文定位到第6题段，仅按同卷材料登记为候选；题干块6-gram重叠0.0000(题干724字/材料段0字)；同题另一来源块状态较弱(已排除（文件名指向他题）)，已按最强状态归并
BJ-2025-FT-ERMO-Q6,BJ-2025-FT-ERMO,6,S0e0ec077bf92,2025模拟题/2025各区二模/2025丰台二模/细则/分题细则/2025丰台二模评标细则/2025丰台二模评标细则/19.(1).docx,评分细则_分题切片,正式评分材料,存在候选,存在候选,0.0,,考试身份同(BJ-2025-FT-ERMO)；文件名未限定题号；未能在材料正文定位到第6题段，仅按同卷材料登记为候选；题干块6-gram重叠0.0000(题干724字/材料段0字)；同题另一来源块状态较弱(存在候选)，已按最强状态归并
BJ-2025-FT-ERMO-Q6,BJ-2025-FT-ERMO,6,Sa85076fc73d8,2025模拟题/2025各区二模/2025丰台二模/细则/分题细则/2025丰台二模评标细则/2025丰台二模评标细则/19.(2).docx,评分细则_分题切片,正式评分材料,存在候选,存在候选,0.0,,考试身份同(BJ-2025-FT-ERMO)；文件名未限定题号；未能在材料正文定位到第6题段，仅按同卷材料登记为候选；题干块6-gram重叠0.0000(题干724字/材料段0字)；同题另一来源块状态较弱(存在候选)，已按最强状态归并
BJ-2025-FT-ERMO-Q6,BJ-2025-FT-ERMO,6,S17616554d573,2025模拟题/2025各区二模/2025丰台二模/细则/分题细则/2025丰台二模评标细则/2025丰台二模评标细则/20题.docx,评分细则_分题切片,正式评分材料,已排除（文件名指向他题）,存在候选,0.0,20,考试身份同(BJ-2025-FT-ERMO)；文件名题号{20}与本题号不一致；未能在材料正文定位到第6题段，仅按同卷材料登记为候选；题干块6-gram重叠0.0000(题干724字/材料段0字)；同题另一来源块状态较弱(已排除（文件名指向他题）)，已按最强状态归并
BJ-2025-FT-ERMO-Q6,BJ-2025-FT-ERMO,6,S11303432404c,2025模拟题/2025各区二模/2025丰台二模/细则/分题细则/2025丰台二模评标细则/2025丰台二模评标细则/21题.docx,评分细则_分题切片,正式评分材料,已排除（文件名指向他题）,存在候选,0.0,21,考试身份同(BJ-2025-FT-ERMO)；文件名题号{21}与本题号不一致；未能在材料正文定位到第6题段，仅按同卷材料登记为候选；题干块6-gram重叠0.0000(题干724字/材料段0字)；同题另一来源块状态较弱(已排除（文件名指向他题）)，已按最强状态归并
BJ-2025-FT-ERMO-Q8,BJ-2025-FT-ERMO,8,S2f596046ed6d,2025模拟题/2025各区二模/2025丰台二模/细则/分题细则/2025丰台二模评标细则/2025丰台二模评标细则/16.(1).doc,评分细则_分题切片,正式评分材料,存在候选,存在候选,0.0,,考试身份同(BJ-2025-FT-ERMO)；文件名未限定题号；未能在材料正文定位到第8题段，仅按同卷材料登记为候选；题干块6-gram重叠0.0000(题干376字/材料段0字)；同题另一来源块状态较弱(存在候选)，已按最强状态归并
BJ-2025-FT-ERMO-Q8,BJ-2025-FT-ERMO,8,Se3e9942211ec,2025模拟题/2025各区二模/2025丰台二模/细则/分题细则/2025丰台二模评标细则/2025丰台二模评标细则/16.(2).docx,评分细则_分题切片,正式评分材料,存在候选,存在候选,0.0,,考试身份同(BJ-2025-FT-ERMO)；文件名未限定题号；未能在材料正文定位到第8题段，仅按同卷材料登记为候选；题干块6-gram重叠0.0000(题干376字/材料段0字)；同题另一来源块状态较弱(存在候选)，已按最强状态归并
BJ-2025-FT-ERMO-Q8,BJ-2025-FT-ERMO,8,S71d970ada83c,2025模拟题/2025各区二模/2025丰台二模/细则/分题细则/2025丰台二模评标细则/2025丰台二模评标细则/17题.docx,评分细则_分题切片,正式评分材料,已排除（文件名指向他题）,存在候选,0.0,17,考试身份同(BJ-2025-FT-ERMO)；文件名题号{17}与本题号不一致；未能在材料正文定位到第8题段，仅按同卷材料登记为候选；题干块6-gram重叠0.0000(题干376字/材料段0字)；同题另一来源块状态较弱(已排除（文件名指向他题）)，已按最强状态归并
BJ-2025-FT-ERMO-Q8,BJ-2025-FT-ERMO,8,S56b5533477c2,2025模拟题/2025各区二模/2025丰台二模/细则/分题细则/2025丰台二模评标细则/2025丰台二模评标细则/18题 .docx,评分细则_分题切片,正式评分材料,已排除（文件名指向他题）,存在候选,0.0,18,考试身份同(BJ-2025-FT-ERMO)；文件名题号{18}与本题号不一致；未能在材料正文定位到第8题段，仅按同卷材料登记为候选；题干块6-gram重叠0.0000(题干376字/材料段0字)；同题另一来源块状态较弱(已排除（文件名指向他题）)，已按最强状态归并
BJ-2025-FT-ERMO-Q8,BJ-2025-FT-ERMO,8,S0e0ec077bf92,2025模拟题/2025各区二模/2025丰台二模/细则/分题细则/2025丰台二模评标细则/2025丰台二模评标细则/19.(1).docx,评分细则_分题切片,正式评分材料,存在候选,存在候选,0.0,,考试身份同(BJ-2025-FT-ERMO)；文件名未限定题号；未能在材料正文定位到第8题段，仅按同卷材料登记为候选；题干块6-gram重叠0.0000(题干376字/材料段0字)；同题另一来源块状态较弱(存在候选)，已按最强状态归并
BJ-2025-FT-ERMO-Q8,BJ-2025-FT-ERMO,8,Sa85076fc73d8,2025模拟题/2025各区二模/2025丰台二模/细则/分题细则/2025丰台二模评标细则/2025丰台二模评标细则/19.(2).docx,评分细则_分题切片,正式评分材料,存在候选,存在候选,0.0,,考试身份同(BJ-2025-FT-ERMO)；文件名未限定题号；未能在材料正文定位到第8题段，仅按同卷材料登记为候选；题干块6-gram重叠0.0000(题干376字/材料段0字)；同题另一来源块状态较弱(存在候选)，已按最强状态归并
BJ-2025-FT-ERMO-Q8,BJ-2025-FT-ERMO,8,S17616554d573,2025模拟题/2025各区二模/2025丰台二模/细则/分题细则/2025丰台二模评标细则/2025丰台二模评标细则/20题.docx,评分细则_分题切片,正式评分材料,已排除（文件名指向他题）,存在候选,0.0,20,考试身份同(BJ-2025-FT-ERMO)；文件名题号{20}与本题号不一致；未能在材料正文定位到第8题段，仅按同卷材料登记为候选；题干块6-gram重叠0.0000(题干376字/材料段0字)；同题另一来源块状态较弱(已排除（文件名指向他题）)，已按最强状态归并
BJ-2025-FT-ERMO-Q8,BJ-2025-FT-ERMO,8,S11303432404c,2025模拟题/2025各区二模/2025丰台二模/细则/分题细则/2025丰台二模评标细则/2025丰台二模评标细则/21题.docx,评分细则_分题切片,正式评分材料,已排除（文件名指向他题）,存在候选,0.0,21,考试身份同(BJ-2025-FT-ERMO)；文件名题号{21}与本题号不一致；未能在材料正文定位到第8题段，仅按同卷材料登记为候选；题干块6-gram重叠0.0000(题干376字/材料段0字)；同题另一来源块状态较弱(已排除（文件名指向他题）)，已按最强状态归并
BJ-2025-FT-ERMO-Q9,BJ-2025-FT-ERMO,9,S2f596046ed6d,2025模拟题/2025各区二模/2025丰台二模/细则/分题细则/2025丰台二模评标细则/2025丰台二模评标细则/16.(1).doc,评分细则_分题切片,正式评分材料,存在候选,存在候选,0.0,,考试身份同(BJ-2025-FT-ERMO)；文件名未限定题号；未能在材料正文定位到第9题段，仅按同卷材料登记为候选；题干块6-gram重叠0.0000(题干299字/材料段0字)；同题另一来源块状态较弱(存在候选)，已按最强状态归并
BJ-2025-FT-ERMO-Q9,BJ-2025-FT-ERMO,9,Se3e9942211ec,2025模拟题/2025各区二模/2025丰台二模/细则/分题细则/2025丰台二模评标细则/2025丰台二模评标细则/16.(2).docx,评分细则_分题切片,正式评分材料,存在候选,存在候选,0.0,,考试身份同(BJ-2025-FT-ERMO)；文件名未限定题号；未能在材料正文定位到第9题段，仅按同卷材料登记为候选；题干块6-gram重叠0.0000(题干299字/材料段0字)；同题另一来源块状态较弱(存在候选)，已按最强状态归并
BJ-2025-FT-ERMO-Q9,BJ-2025-FT-ERMO,9,S71d970ada83c,2025模拟题/2025各区二模/2025丰台二模/细则/分题细则/2025丰台二模评标细则/2025丰台二模评标细则/17题.docx,评分细则_分题切片,正式评分材料,已排除（文件名指向他题）,存在候选,0.0,17,考试身份同(BJ-2025-FT-ERMO)；文件名题号{17}与本题号不一致；未能在材料正文定位到第9题段，仅按同卷材料登记为候选；题干块6-gram重叠0.0000(题干299字/材料段0字)；同题另一来源块状态较弱(已排除（文件名指向他题）)，已按最强状态归并
BJ-2025-FT-ERMO-Q9,BJ-2025-FT-ERMO,9,S56b5533477c2,2025模拟题/2025各区二模/2025丰台二模/细则/分题细则/2025丰台二模评标细则/2025丰台二模评标细则/18题 .docx,评分细则_分题切片,正式评分材料,已排除（文件名指向他题）,存在候选,0.0,18,考试身份同(BJ-2025-FT-ERMO)；文件名题号{18}与本题号不一致；未能在材料正文定位到第9题段，仅按同卷材料登记为候选；题干块6-gram重叠0.0000(题干299字/材料段0字)；同题另一来源块状态较弱(已排除（文件名指向他题）)，已按最强状态归并
BJ-2025-FT-ERMO-Q9,BJ-2025-FT-ERMO,9,S0e0ec077bf92,2025模拟题/2025各区二模/2025丰台二模/细则/分题细则/2025丰台二模评标细则/2025丰台二模评标细则/19.(1).docx,评分细则_分题切片,正式评分材料,存在候选,存在候选,0.0,,考试身份同(BJ-2025-FT-ERMO)；文件名未限定题号；未能在材料正文定位到第9题段，仅按同卷材料登记为候选；题干块6-gram重叠0.0000(题干299字/材料段0字)；同题另一来源块状态较弱(存在候选)，已按最强状态归并
BJ-2025-FT-ERMO-Q9,BJ-2025-FT-ERMO,9,Sa85076fc73d8,2025模拟题/2025各区二模/2025丰台二模/细则/分题细则/2025丰台二模评标细则/2025丰台二模评标细则/19.(2).docx,评分细则_分题切片,正式评分材料,存在候选,存在候选,0.0,,考试身份同(BJ-2025-FT-ERMO)；文件名未限定题号；未能在材料正文定位到第9题段，仅按同卷材料登记为候选；题干块6-gram重叠0.0000(题干299字/材料段0字)；同题另一来源块状态较弱(存在候选)，已按最强状态归并
BJ-2025-FT-ERMO-Q9,BJ-2025-FT-ERMO,9,S17616554d573,2025模拟题/2025各区二模/2025丰台二模/细则/分题细则/2025丰台二模评标细则/2025丰台二模评标细则/20题.docx,评分细则_分题切片,正式评分材料,已排除（文件名指向他题）,存在候选,0.0,20,考试身份同(BJ-2025-FT-ERMO)；文件名题号{20}与本题号不一致；未能在材料正文定位到第9题段，仅按同卷材料登记为候选；题干块6-gram重叠0.0000(题干299字/材料段0字)；同题另一来源块状态较弱(已排除（文件名指向他题）)，已按最强状态归并
BJ-2025-FT-ERMO-Q9,BJ-2025-FT-ERMO,9,S11303432404c,2025模拟题/2025各区二模/2025丰台二模/细则/分题细则/2025丰台二模评标细则/2025丰台二模评标细则/21题.docx,评分细则_分题切片,正式评分材料,已排除（文件名指向他题）,存在候选,0.0,21,考试身份同(BJ-2025-FT-ERMO)；文件名题号{21}与本题号不一致；未能在材料正文定位到第9题段，仅按同卷材料登记为候选；题干块6-gram重叠0.0000(题干299字/材料段0字)；同题另一来源块状态较弱(已排除（文件名指向他题）)，已按最强状态归并
BJ-2025-FT-ERMO-Q10,BJ-2025-FT-ERMO,10,S2f596046ed6d,2025模拟题/2025各区二模/2025丰台二模/细则/分题细则/2025丰台二模评标细则/2025丰台二模评标细则/16.(1).doc,评分细则_分题切片,正式评分材料,存在候选,存在候选,0.0,,考试身份同(BJ-2025-FT-ERMO)；文件名未限定题号；未能在材料正文定位到第10题段，仅按同卷材料登记为候选；题干块6-gram重叠0.0000(题干352字/材料段0字)；同题另一来源块状态较弱(存在候选)，已按最强状态归并
BJ-2025-FT-ERMO-Q10,BJ-2025-FT-ERMO,10,Se3e9942211ec,2025模拟题/2025各区二模/2025丰台二模/细则/分题细则/2025丰台二模评标细则/2025丰台二模评标细则/16.(2).docx,评分细则_分题切片,正式评分材料,存在候选,存在候选,0.0,,考试身份同(BJ-2025-FT-ERMO)；文件名未限定题号；未能在材料正文定位到第10题段，仅按同卷材料登记为候选；题干块6-gram重叠0.0000(题干352字/材料段0字)；同题另一来源块状态较弱(存在候选)，已按最强状态归并
BJ-2025-FT-ERMO-Q10,BJ-2025-FT-ERMO,10,S71d970ada83c,2025模拟题/2025各区二模/2025丰台二模/细则/分题细则/2025丰台二模评标细则/2025丰台二模评标细则/17题.docx,评分细则_分题切片,正式评分材料,已排除（文件名指向他题）,存在候选,0.0,17,考试身份同(BJ-2025-FT-ERMO)；文件名题号{17}与本题号不一致；未能在材料正文定位到第10题段，仅按同卷材料登记为候选；题干块6-gram重叠0.0000(题干352字/材料段0字)；同题另一来源块状态较弱(已排除（文件名指向他题）)，已按最强状态归并
BJ-2025-FT-ERMO-Q10,BJ-2025-FT-ERMO,10,S56b5533477c2,2025模拟题/2025各区二模/2025丰台二模/细则/分题细则/2025丰台二模评标细则/2025丰台二模评标细则/18题 .docx,评分细则_分题切片,正式评分材料,已排除（文件名指向他题）,存在候选,0.0,18,考试身份同(BJ-2025-FT-ERMO)；文件名题号{18}与本题号不一致；未能在材料正文定位到第10题段，仅按同卷材料登记为候选；题干块6-gram重叠0.0000(题干352字/材料段0字)；同题另一来源块状态较弱(已排除（文件名指向他题）)，已按最强状态归并
BJ-2025-FT-ERMO-Q10,BJ-2025-FT-ERMO,10,S0e0ec077bf92,2025模拟题/2025各区二模/2025丰台二模/细则/分题细则/2025丰台二模评标细则/2025丰台二模评标细则/19.(1).docx,评分细则_分题切片,正式评分材料,存在候选,存在候选,0.0,,考试身份同(BJ-2025-FT-ERMO)；文件名未限定题号；未能在材料正文定位到第10题段，仅按同卷材料登记为候选；题干块6-gram重叠0.0000(题干352字/材料段0字)；同题另一来源块状态较弱(存在候选)，已按最强状态归并
BJ-2025-FT-ERMO-Q10,BJ-2025-FT-ERMO,10,Sa85076fc73d8,2025模拟题/2025各区二模/2025丰台二模/细则/分题细则/2025丰台二模评标细则/2025丰台二模评标细则/19.(2).docx,评分细则_分题切片,正式评分材料,存在候选,存在候选,0.0,,考试身份同(BJ-2025-FT-ERMO)；文件名未限定题号；未能在材料正文定位到第10题段，仅按同卷材料登记为候选；题干块6-gram重叠0.0000(题干352字/材料段0字)；同题另一来源块状态较弱(存在候选)，已按最强状态归并
BJ-2025-FT-ERMO-Q10,BJ-2025-FT-ERMO,10,S17616554d573,2025模拟题/2025各区二模/2025丰台二模/细则/分题细则/2025丰台二模评标细则/2025丰台二模评标细则/20题.docx,评分细则_分题切片,正式评分材料,已排除（文件名指向他题）,存在候选,0.0,20,考试身份同(BJ-2025-FT-ERMO)；文件名题号{20}与本题号不一致；未能在材料正文定位到第10题段，仅按同卷材料登记为候选；题干块6-gram重叠0.0000(题干352字/材料段0字)；同题另一来源块状态较弱(已排除（文件名指向他题）)，已按最强状态归并
BJ-2025-FT-ERMO-Q10,BJ-2025-FT-ERMO,10,S11303432404c,2025模拟题/2025各区二模/2025丰台二模/细则/分题细则/2025丰台二模评标细则/2025丰台二模评标细则/21题.docx,评分细则_分题切片,正式评分材料,已排除（文件名指向他题）,存在候选,0.0,21,考试身份同(BJ-2025-FT-ERMO)；文件名题号{21}与本题号不一致；未能在材料正文定位到第10题段，仅按同卷材料登记为候选；题干块6-gram重叠0.0000(题干352字/材料段0字)；同题另一来源块状态较弱(已排除（文件名指向他题）)，已按最强状态归并
BJ-2025-FT-ERMO-Q11,BJ-2025-FT-ERMO,11,S2f596046ed6d,2025模拟题/2025各区二模/2025丰台二模/细则/分题细则/2025丰台二模评标细则/2025丰台二模评标细则/16.(1).doc,评分细则_分题切片,正式评分材料,存在候选,存在候选,0.0,,考试身份同(BJ-2025-FT-ERMO)；文件名未限定题号；未能在材料正文定位到第11题段，仅按同卷材料登记为候选；题干块6-gram重叠0.0000(题干219字/材料段0字)
BJ-2025-FT-ERMO-Q11,BJ-2025-FT-ERMO,11,Se3e9942211ec,2025模拟题/2025各区二模/2025丰台二模/细则/分题细则/2025丰台二模评标细则/2025丰台二模评标细则/16.(2).docx,评分细则_分题切片,正式评分材料,存在候选,存在候选,0.0,,考试身份同(BJ-2025-FT-ERMO)；文件名未限定题号；未能在材料正文定位到第11题段，仅按同卷材料登记为候选；题干块6-gram重叠0.0000(题干219字/材料段0字)
BJ-2025-FT-ERMO-Q11,BJ-2025-FT-ERMO,11,S71d970ada83c,2025模拟题/2025各区二模/2025丰台二模/细则/分题细则/2025丰台二模评标细则/2025丰台二模评标细则/17题.docx,评分细则_分题切片,正式评分材料,已排除（文件名指向他题）,存在候选,0.0,17,考试身份同(BJ-2025-FT-ERMO)；文件名题号{17}与本题号不一致；未能在材料正文定位到第11题段，仅按同卷材料登记为候选；题干块6-gram重叠0.0000(题干219字/材料段0字)
BJ-2025-FT-ERMO-Q11,BJ-2025-FT-ERMO,11,S56b5533477c2,2025模拟题/2025各区二模/2025丰台二模/细则/分题细则/2025丰台二模评标细则/2025丰台二模评标细则/18题 .docx,评分细则_分题切片,正式评分材料,已排除（文件名指向他题）,存在候选,0.0,18,考试身份同(BJ-2025-FT-ERMO)；文件名题号{18}与本题号不一致；未能在材料正文定位到第11题段，仅按同卷材料登记为候选；题干块6-gram重叠0.0000(题干219字/材料段0字)
BJ-2025-FT-ERMO-Q11,BJ-2025-FT-ERMO,11,S0e0ec077bf92,2025模拟题/2025各区二模/2025丰台二模/细则/分题细则/2025丰台二模评标细则/2025丰台二模评标细则/19.(1).docx,评分细则_分题切片,正式评分材料,存在候选,存在候选,0.0,,考试身份同(BJ-2025-FT-ERMO)；文件名未限定题号；未能在材料正文定位到第11题段，仅按同卷材料登记为候选；题干块6-gram重叠0.0000(题干219字/材料段0字)
BJ-2025-FT-ERMO-Q11,BJ-2025-FT-ERMO,11,Sa85076fc73d8,2025模拟题/2025各区二模/2025丰台二模/细则/分题细则/2025丰台二模评标细则/2025丰台二模评标细则/19.(2).docx,评分细则_分题切片,正式评分材料,存在候选,存在候选,0.0,,考试身份同(BJ-2025-FT-ERMO)；文件名未限定题号；未能在材料正文定位到第11题段，仅按同卷材料登记为候选；题干块6-gram重叠0.0000(题干219字/材料段0字)
BJ-2025-FT-ERMO-Q11,BJ-2025-FT-ERMO,11,S17616554d573,2025模拟题/2025各区二模/2025丰台二模/细则/分题细则/2025丰台二模评标细则/2025丰台二模评标细则/20题.docx,评分细则_分题切片,正式评分材料,已排除（文件名指向他题）,存在候选,0.0,20,考试身份同(BJ-2025-FT-ERMO)；文件名题号{20}与本题号不一致；未能在材料正文定位到第11题段，仅按同卷材料登记为候选；题干块6-gram重叠0.0000(题干219字/材料段0字)
BJ-2025-FT-ERMO-Q11,BJ-2025-FT-ERMO,11,S11303432404c,2025模拟题/2025各区二模/2025丰台二模/细则/分题细则/2025丰台二模评标细则/2025丰台二模评标细则/21题.docx,评分细则_分题切片,正式评分材料,已排除（文件名指向他题）,存在候选,0.0,21,考试身份同(BJ-2025-FT-ERMO)；文件名题号{21}与本题号不一致；未能在材料正文定位到第11题段，仅按同卷材料登记为候选；题干块6-gram重叠0.0000(题干219字/材料段0字)
BJ-2025-FT-ERMO-Q12,BJ-2025-FT-ERMO,12,S2f596046ed6d,2025模拟题/2025各区二模/2025丰台二模/细则/分题细则/2025丰台二模评标细则/2025丰台二模评标细则/16.(1).doc,评分细则_分题切片,正式评分材料,存在候选,存在候选,0.0,,考试身份同(BJ-2025-FT-ERMO)；文件名未限定题号；未能在材料正文定位到第12题段，仅按同卷材料登记为候选；题干块6-gram重叠0.0000(题干228字/材料段0字)
BJ-2025-FT-ERMO-Q12,BJ-2025-FT-ERMO,12,Se3e9942211ec,2025模拟题/2025各区二模/2025丰台二模/细则/分题细则/2025丰台二模评标细则/2025丰台二模评标细则/16.(2).docx,评分细则_分题切片,正式评分材料,存在候选,存在候选,0.0,,考试身份同(BJ-2025-FT-ERMO)；文件名未限定题号；未能在材料正文定位到第12题段，仅按同卷材料登记为候选；题干块6-gram重叠0.0000(题干228字/材料段0字)
BJ-2025-FT-ERMO-Q12,BJ-2025-FT-ERMO,12,S71d970ada83c,2025模拟题/2025各区二模/2025丰台二模/细则/分题细则/2025丰台二模评标细则/2025丰台二模评标细则/17题.docx,评分细则_分题切片,正式评分材料,已排除（文件名指向他题）,存在候选,0.0,17,考试身份同(BJ-2025-FT-ERMO)；文件名题号{17}与本题号不一致；未能在材料正文定位到第12题段，仅按同卷材料登记为候选；题干块6-gram重叠0.0000(题干228字/材料段0字)
BJ-2025-FT-ERMO-Q12,BJ-2025-FT-ERMO,12,S56b5533477c2,2025模拟题/2025各区二模/2025丰台二模/细则/分题细则/2025丰台二模评标细则/2025丰台二模评标细则/18题 .docx,评分细则_分题切片,正式评分材料,已排除（文件名指向他题）,存在候选,0.0,18,考试身份同(BJ-2025-FT-ERMO)；文件名题号{18}与本题号不一致；未能在材料正文定位到第12题段，仅按同卷材料登记为候选；题干块6-gram重叠0.0000(题干228字/材料段0字)
BJ-2025-FT-ERMO-Q12,BJ-2025-FT-ERMO,12,S0e0ec077bf92,2025模拟题/2025各区二模/2025丰台二模/细则/分题细则/2025丰台二模评标细则/2025丰台二模评标细则/19.(1).docx,评分细则_分题切片,正式评分材料,存在候选,存在候选,0.0,,考试身份同(BJ-2025-FT-ERMO)；文件名未限定题号；未能在材料正文定位到第12题段，仅按同卷材料登记为候选；题干块6-gram重叠0.0000(题干228字/材料段0字)
BJ-2025-FT-ERMO-Q12,BJ-2025-FT-ERMO,12,Sa85076fc73d8,2025模拟题/2025各区二模/2025丰台二模/细则/分题细则/2025丰台二模评标细则/2025丰台二模评标细则/19.(2).docx,评分细则_分题切片,正式评分材料,存在候选,存在候选,0.0,,考试身份同(BJ-2025-FT-ERMO)；文件名未限定题号；未能在材料正文定位到第12题段，仅按同卷材料登记为候选；题干块6-gram重叠0.0000(题干228字/材料段0字)
BJ-2025-FT-ERMO-Q12,BJ-2025-FT-ERMO,12,S17616554d573,2025模拟题/2025各区二模/2025丰台二模/细则/分题细则/2025丰台二模评标细则/2025丰台二模评标细则/20题.docx,评分细则_分题切片,正式评分材料,已排除（文件名指向他题）,存在候选,0.0,20,考试身份同(BJ-2025-FT-ERMO)；文件名题号{20}与本题号不一致；未能在材料正文定位到第12题段，仅按同卷材料登记为候选；题干块6-gram重叠0.0000(题干228字/材料段0字)
BJ-2025-FT-ERMO-Q12,BJ-2025-FT-ERMO,12,S11303432404c,2025模拟题/2025各区二模/2025丰台二模/细则/分题细则/2025丰台二模评标细则/2025丰台二模评标细则/21题.docx,评分细则_分题切片,正式评分材料,已排除（文件名指向他题）,存在候选,0.0,21,考试身份同(BJ-2025-FT-ERMO)；文件名题号{21}与本题号不一致；未能在材料正文定位到第12题段，仅按同卷材料登记为候选；题干块6-gram重叠0.0000(题干228字/材料段0字)
BJ-2025-FT-ERMO-Q13,BJ-2025-FT-ERMO,13,S2f596046ed6d,2025模拟题/2025各区二模/2025丰台二模/细则/分题细则/2025丰台二模评标细则/2025丰台二模评标细则/16.(1).doc,评分细则_分题切片,正式评分材料,存在候选,存在候选,0.0,,考试身份同(BJ-2025-FT-ERMO)；文件名未限定题号；未能在材料正文定位到第13题段，仅按同卷材料登记为候选；题干块6-gram重叠0.0000(题干212字/材料段0字)
BJ-2025-FT-ERMO-Q13,BJ-2025-FT-ERMO,13,Se3e9942211ec,2025模拟题/2025各区二模/2025丰台二模/细则/分题细则/2025丰台二模评标细则/2025丰台二模评标细则/16.(2).docx,评分细则_分题切片,正式评分材料,存在候选,存在候选,0.0,,考试身份同(BJ-2025-FT-ERMO)；文件名未限定题号；未能在材料正文定位到第13题段，仅按同卷材料登记为候选；题干块6-gram重叠0.0000(题干212字/材料段0字)
BJ-2025-FT-ERMO-Q13,BJ-2025-FT-ERMO,13,S71d970ada83c,2025模拟题/2025各区二模/2025丰台二模/细则/分题细则/2025丰台二模评标细则/2025丰台二模评标细则/17题.docx,评分细则_分题切片,正式评分材料,已排除（文件名指向他题）,存在候选,0.0,17,考试身份同(BJ-2025-FT-ERMO)；文件名题号{17}与本题号不一致；未能在材料正文定位到第13题段，仅按同卷材料登记为候选；题干块6-gram重叠0.0000(题干212字/材料段0字)
BJ-2025-FT-ERMO-Q13,BJ-2025-FT-ERMO,13,S56b5533477c2,2025模拟题/2025各区二模/2025丰台二模/细则/分题细则/2025丰台二模评标细则/2025丰台二模评标细则/18题 .docx,评分细则_分题切片,正式评分材料,已排除（文件名指向他题）,存在候选,0.0,18,考试身份同(BJ-2025-FT-ERMO)；文件名题号{18}与本题号不一致；未能在材料正文定位到第13题段，仅按同卷材料登记为候选；题干块6-gram重叠0.0000(题干212字/材料段0字)
BJ-2025-FT-ERMO-Q13,BJ-2025-FT-ERMO,13,S0e0ec077bf92,2025模拟题/2025各区二模/2025丰台二模/细则/分题细则/2025丰台二模评标细则/2025丰台二模评标细则/19.(1).docx,评分细则_分题切片,正式评分材料,存在候选,存在候选,0.0,,考试身份同(BJ-2025-FT-ERMO)；文件名未限定题号；未能在材料正文定位到第13题段，仅按同卷材料登记为候选；题干块6-gram重叠0.0000(题干212字/材料段0字)
BJ-2025-FT-ERMO-Q13,BJ-2025-FT-ERMO,13,Sa85076fc73d8,2025模拟题/2025各区二模/2025丰台二模/细则/分题细则/2025丰台二模评标细则/2025丰台二模评标细则/19.(2).docx,评分细则_分题切片,正式评分材料,存在候选,存在候选,0.0,,考试身份同(BJ-2025-FT-ERMO)；文件名未限定题号；未能在材料正文定位到第13题段，仅按同卷材料登记为候选；题干块6-gram重叠0.0000(题干212字/材料段0字)
BJ-2025-FT-ERMO-Q13,BJ-2025-FT-ERMO,13,S17616554d573,2025模拟题/2025各区二模/2025丰台二模/细则/分题细则/2025丰台二模评标细则/2025丰台二模评标细则/20题.docx,评分细则_分题切片,正式评分材料,已排除（文件名指向他题）,存在候选,0.0,20,考试身份同(BJ-2025-FT-ERMO)；文件名题号{20}与本题号不一致；未能在材料正文定位到第13题段，仅按同卷材料登记为候选；题干块6-gram重叠0.0000(题干212字/材料段0字)
BJ-2025-FT-ERMO-Q13,BJ-2025-FT-ERMO,13,S11303432404c,2025模拟题/2025各区二模/2025丰台二模/细则/分题细则/2025丰台二模评标细则/2025丰台二模评标细则/21题.docx,评分细则_分题切片,正式评分材料,已排除（文件名指向他题）,存在候选,0.0,21,考试身份同(BJ-2025-FT-ERMO)；文件名题号{21}与本题号不一致；未能在材料正文定位到第13题段，仅按同卷材料登记为候选；题干块6-gram重叠0.0000(题干212字/材料段0字)
BJ-2025-FT-ERMO-Q14,BJ-2025-FT-ERMO,14,S2f596046ed6d,2025模拟题/2025各区二模/2025丰台二模/细则/分题细则/2025丰台二模评标细则/2025丰台二模评标细则/16.(1).doc,评分细则_分题切片,正式评分材料,存在候选,存在候选,0.0,,考试身份同(BJ-2025-FT-ERMO)；文件名未限定题号；未能在材料正文定位到第14题段，仅按同卷材料登记为候选；题干块6-gram重叠0.0000(题干284字/材料段0字)
BJ-2025-FT-ERMO-Q14,BJ-2025-FT-ERMO,14,Se3e9942211ec,2025模拟题/2025各区二模/2025丰台二模/细则/分题细则/2025丰台二模评标细则/2025丰台二模评标细则/16.(2).docx,评分细则_分题切片,正式评分材料,存在候选,存在候选,0.0,,考试身份同(BJ-2025-FT-ERMO)；文件名未限定题号；未能在材料正文定位到第14题段，仅按同卷材料登记为候选；题干块6-gram重叠0.0000(题干284字/材料段0字)
BJ-2025-FT-ERMO-Q14,BJ-2025-FT-ERMO,14,S71d970ada83c,2025模拟题/2025各区二模/2025丰台二模/细则/分题细则/2025丰台二模评标细则/2025丰台二模评标细则/17题.docx,评分细则_分题切片,正式评分材料,已排除（文件名指向他题）,存在候选,0.0,17,考试身份同(BJ-2025-FT-ERMO)；文件名题号{17}与本题号不一致；未能在材料正文定位到第14题段，仅按同卷材料登记为候选；题干块6-gram重叠0.0000(题干284字/材料段0字)
BJ-2025-FT-ERMO-Q14,BJ-2025-FT-ERMO,14,S56b5533477c2,2025模拟题/2025各区二模/2025丰台二模/细则/分题细则/2025丰台二模评标细则/2025丰台二模评标细则/18题 .docx,评分细则_分题切片,正式评分材料,已排除（文件名指向他题）,存在候选,0.0,18,考试身份同(BJ-2025-FT-ERMO)；文件名题号{18}与本题号不一致；未能在材料正文定位到第14题段，仅按同卷材料登记为候选；题干块6-gram重叠0.0000(题干284字/材料段0字)
BJ-2025-FT-ERMO-Q14,BJ-2025-FT-ERMO,14,S0e0ec077bf92,2025模拟题/2025各区二模/2025丰台二模/细则/分题细则/2025丰台二模评标细则/2025丰台二模评标细则/19.(1).docx,评分细则_分题切片,正式评分材料,存在候选,存在候选,0.0,,考试身份同(BJ-2025-FT-ERMO)；文件名未限定题号；未能在材料正文定位到第14题段，仅按同卷材料登记为候选；题干块6-gram重叠0.0000(题干284字/材料段0字)
BJ-2025-FT-ERMO-Q14,BJ-2025-FT-ERMO,14,Sa85076fc73d8,2025模拟题/2025各区二模/2025丰台二模/细则/分题细则/2025丰台二模评标细则/2025丰台二模评标细则/19.(2).docx,评分细则_分题切片,正式评分材料,存在候选,存在候选,0.0,,考试身份同(BJ-2025-FT-ERMO)；文件名未限定题号；未能在材料正文定位到第14题段，仅按同卷材料登记为候选；题干块6-gram重叠0.0000(题干284字/材料段0字)
BJ-2025-FT-ERMO-Q14,BJ-2025-FT-ERMO,14,S17616554d573,2025模拟题/2025各区二模/2025丰台二模/细则/分题细则/2025丰台二模评标细则/2025丰台二模评标细则/20题.docx,评分细则_分题切片,正式评分材料,已排除（文件名指向他题）,存在候选,0.0,20,考试身份同(BJ-2025-FT-ERMO)；文件名题号{20}与本题号不一致；未能在材料正文定位到第14题段，仅按同卷材料登记为候选；题干块6-gram重叠0.0000(题干284字/材料段0字)
BJ-2025-FT-ERMO-Q14,BJ-2025-FT-ERMO,14,S11303432404c,2025模拟题/2025各区二模/2025丰台二模/细则/分题细则/2025丰台二模评标细则/2025丰台二模评标细则/21题.docx,评分细则_分题切片,正式评分材料,已排除（文件名指向他题）,存在候选,0.0,21,考试身份同(BJ-2025-FT-ERMO)；文件名题号{21}与本题号不一致；未能在材料正文定位到第14题段，仅按同卷材料登记为候选；题干块6-gram重叠0.0000(题干284字/材料段0字)
BJ-2025-FT-ERMO-Q15,BJ-2025-FT-ERMO,15,S2f596046ed6d,2025模拟题/2025各区二模/2025丰台二模/细则/分题细则/2025丰台二模评标细则/2025丰台二模评标细则/16.(1).doc,评分细则_分题切片,正式评分材料,存在候选,存在候选,0.0,,考试身份同(BJ-2025-FT-ERMO)；文件名未限定题号；未能在材料正文定位到第15题段，仅按同卷材料登记为候选；题干块6-gram重叠0.0000(题干355字/材料段0字)
BJ-2025-FT-ERMO-Q15,BJ-2025-FT-ERMO,15,Se3e9942211ec,2025模拟题/2025各区二模/2025丰台二模/细则/分题细则/2025丰台二模评标细则/2025丰台二模评标细则/16.(2).docx,评分细则_分题切片,正式评分材料,存在候选,存在候选,0.0,,考试身份同(BJ-2025-FT-ERMO)；文件名未限定题号；未能在材料正文定位到第15题段，仅按同卷材料登记为候选；题干块6-gram重叠0.0000(题干355字/材料段0字)
BJ-2025-FT-ERMO-Q15,BJ-2025-FT-ERMO,15,S71d970ada83c,2025模拟题/2025各区二模/2025丰台二模/细则/分题细则/2025丰台二模评标细则/2025丰台二模评标细则/17题.docx,评分细则_分题切片,正式评分材料,已排除（文件名指向他题）,存在候选,0.0,17,考试身份同(BJ-2025-FT-ERMO)；文件名题号{17}与本题号不一致；未能在材料正文定位到第15题段，仅按同卷材料登记为候选；题干块6-gram重叠0.0000(题干355字/材料段0字)
BJ-2025-FT-ERMO-Q15,BJ-2025-FT-ERMO,15,S56b5533477c2,2025模拟题/2025各区二模/2025丰台二模/细则/分题细则/2025丰台二模评标细则/2025丰台二模评标细则/18题 .docx,评分细则_分题切片,正式评分材料,已排除（文件名指向他题）,存在候选,0.0,18,考试身份同(BJ-2025-FT-ERMO)；文件名题号{18}与本题号不一致；未能在材料正文定位到第15题段，仅按同卷材料登记为候选；题干块6-gram重叠0.0000(题干355字/材料段0字)
BJ-2025-FT-ERMO-Q15,BJ-2025-FT-ERMO,15,S0e0ec077bf92,2025模拟题/2025各区二模/2025丰台二模/细则/分题细则/2025丰台二模评标细则/2025丰台二模评标细则/19.(1).docx,评分细则_分题切片,正式评分材料,存在候选,存在候选,0.0,,考试身份同(BJ-2025-FT-ERMO)；文件名未限定题号；未能在材料正文定位到第15题段，仅按同卷材料登记为候选；题干块6-gram重叠0.0000(题干355字/材料段0字)
BJ-2025-FT-ERMO-Q15,BJ-2025-FT-ERMO,15,Sa85076fc73d8,2025模拟题/2025各区二模/2025丰台二模/细则/分题细则/2025丰台二模评标细则/2025丰台二模评标细则/19.(2).docx,评分细则_分题切片,正式评分材料,存在候选,存在候选,0.0,,考试身份同(BJ-2025-FT-ERMO)；文件名未限定题号；未能在材料正文定位到第15题段，仅按同卷材料登记为候选；题干块6-gram重叠0.0000(题干355字/材料段0字)
BJ-2025-FT-ERMO-Q15,BJ-2025-FT-ERMO,15,S17616554d573,2025模拟题/2025各区二模/2025丰台二模/细则/分题细则/2025丰台二模评标细则/2025丰台二模评标细则/20题.docx,评分细则_分题切片,正式评分材料,已排除（文件名指向他题）,存在候选,0.0,20,考试身份同(BJ-2025-FT-ERMO)；文件名题号{20}与本题号不一致；未能在材料正文定位到第15题段，仅按同卷材料登记为候选；题干块6-gram重叠0.0000(题干355字/材料段0字)
BJ-2025-FT-ERMO-Q15,BJ-2025-FT-ERMO,15,S11303432404c,2025模拟题/2025各区二模/2025丰台二模/细则/分题细则/2025丰台二模评标细则/2025丰台二模评标细则/21题.docx,评分细则_分题切片,正式评分材料,已排除（文件名指向他题）,存在候选,0.0,21,考试身份同(BJ-2025-FT-ERMO)；文件名题号{21}与本题号不一致；未能在材料正文定位到第15题段，仅按同卷材料登记为候选；题干块6-gram重叠0.0000(题干355字/材料段0字)
BJ-2025-FT-ERMO-Q16,BJ-2025-FT-ERMO,16,S2f596046ed6d,2025模拟题/2025各区二模/2025丰台二模/细则/分题细则/2025丰台二模评标细则/2025丰台二模评标细则/16.(1).doc,评分细则_分题切片,正式评分材料,已匹配正式材料,已匹配正式材料,0.0,,考试身份同(BJ-2025-FT-ERMO)；文件名未限定题号；未能在材料正文定位到第16题段，仅按同卷材料登记为候选；题干块6-gram重叠0.0000(题干650字/材料段0字)；分值文本 10；同题另一来源块状态较弱(存在候选)，已按最强状态归并；经逐题原件复核与独立候选验收，确认该来源为本题正式评分材料；共享单题正式区已按同题边界合入。
BJ-2025-FT-ERMO-Q16,BJ-2025-FT-ERMO,16,Se3e9942211ec,2025模拟题/2025各区二模/2025丰台二模/细则/分题细则/2025丰台二模评标细则/2025丰台二模评标细则/16.(2).docx,评分细则_分题切片,正式评分材料,已匹配正式材料,已匹配正式材料,0.0,,考试身份同(BJ-2025-FT-ERMO)；文件名未限定题号；未能在材料正文定位到第16题段，仅按同卷材料登记为候选；题干块6-gram重叠0.0000(题干650字/材料段0字)；分值文本 10；同题另一来源块状态较弱(存在候选)，已按最强状态归并；经逐题原件复核与独立候选验收，确认该来源为本题正式评分材料；共享单题正式区已按同题边界合入。
BJ-2025-FT-ERMO-Q16,BJ-2025-FT-ERMO,16,S71d970ada83c,2025模拟题/2025各区二模/2025丰台二模/细则/分题细则/2025丰台二模评标细则/2025丰台二模评标细则/17题.docx,评分细则_分题切片,正式评分材料,已排除（文件名指向他题）,存在候选,0.0,17,考试身份同(BJ-2025-FT-ERMO)；文件名题号{17}与本题号不一致；未能在材料正文定位到第16题段，仅按同卷材料登记为候选；题干块6-gram重叠0.0000(题干650字/材料段0字)；分值文本 10；同题另一来源块状态较弱(已排除（文件名指向他题）)，已按最强状态归并
BJ-2025-FT-ERMO-Q16,BJ-2025-FT-ERMO,16,S56b5533477c2,2025模拟题/2025各区二模/2025丰台二模/细则/分题细则/2025丰台二模评标细则/2025丰台二模评标细则/18题 .docx,评分细则_分题切片,正式评分材料,已排除（文件名指向他题）,存在候选,0.0,18,考试身份同(BJ-2025-FT-ERMO)；文件名题号{18}与本题号不一致；未能在材料正文定位到第16题段，仅按同卷材料登记为候选；题干块6-gram重叠0.0000(题干650字/材料段0字)；分值文本 10；同题另一来源块状态较弱(已排除（文件名指向他题）)，已按最强状态归并
BJ-2025-FT-ERMO-Q16,BJ-2025-FT-ERMO,16,S0e0ec077bf92,2025模拟题/2025各区二模/2025丰台二模/细则/分题细则/2025丰台二模评标细则/2025丰台二模评标细则/19.(1).docx,评分细则_分题切片,正式评分材料,存在候选,存在候选,0.0,,考试身份同(BJ-2025-FT-ERMO)；文件名未限定题号；未能在材料正文定位到第16题段，仅按同卷材料登记为候选；题干块6-gram重叠0.0000(题干650字/材料段0字)；分值文本 10；同题另一来源块状态较弱(存在候选)，已按最强状态归并
BJ-2025-FT-ERMO-Q16,BJ-2025-FT-ERMO,16,Sa85076fc73d8,2025模拟题/2025各区二模/2025丰台二模/细则/分题细则/2025丰台二模评标细则/2025丰台二模评标细则/19.(2).docx,评分细则_分题切片,正式评分材料,存在候选,存在候选,0.0,,考试身份同(BJ-2025-FT-ERMO)；文件名未限定题号；未能在材料正文定位到第16题段，仅按同卷材料登记为候选；题干块6-gram重叠0.0000(题干650字/材料段0字)；分值文本 10；同题另一来源块状态较弱(存在候选)，已按最强状态归并
BJ-2025-FT-ERMO-Q16,BJ-2025-FT-ERMO,16,S17616554d573,2025模拟题/2025各区二模/2025丰台二模/细则/分题细则/2025丰台二模评标细则/2025丰台二模评标细则/20题.docx,评分细则_分题切片,正式评分材料,已排除（文件名指向他题）,存在候选,0.0,20,考试身份同(BJ-2025-FT-ERMO)；文件名题号{20}与本题号不一致；未能在材料正文定位到第16题段，仅按同卷材料登记为候选；题干块6-gram重叠0.0000(题干650字/材料段0字)；分值文本 10；同题另一来源块状态较弱(已排除（文件名指向他题）)，已按最强状态归并
BJ-2025-FT-ERMO-Q16,BJ-2025-FT-ERMO,16,S11303432404c,2025模拟题/2025各区二模/2025丰台二模/细则/分题细则/2025丰台二模评标细则/2025丰台二模评标细则/21题.docx,评分细则_分题切片,正式评分材料,已排除（文件名指向他题）,存在候选,0.0,21,考试身份同(BJ-2025-FT-ERMO)；文件名题号{21}与本题号不一致；未能在材料正文定位到第16题段，仅按同卷材料登记为候选；题干块6-gram重叠0.0000(题干650字/材料段0字)；分值文本 10；同题另一来源块状态较弱(已排除（文件名指向他题）)，已按最强状态归并
BJ-2025-FT-ERMO-Q17,BJ-2025-FT-ERMO,17,S2f596046ed6d,2025模拟题/2025各区二模/2025丰台二模/细则/分题细则/2025丰台二模评标细则/2025丰台二模评标细则/16.(1).doc,评分细则_分题切片,正式评分材料,存在候选,已匹配正式材料,0.0,,考试身份同(BJ-2025-FT-ERMO)；文件名未限定题号；未能在材料正文定位到第17题段，仅按同卷材料登记为候选；题干块6-gram重叠0.0000(题干678字/材料段0字)；分值文本 9；同题另一来源块状态较弱(存在候选)，已按最强状态归并
BJ-2025-FT-ERMO-Q17,BJ-2025-FT-ERMO,17,Se3e9942211ec,2025模拟题/2025各区二模/2025丰台二模/细则/分题细则/2025丰台二模评标细则/2025丰台二模评标细则/16.(2).docx,评分细则_分题切片,正式评分材料,存在候选,已匹配正式材料,0.0,,考试身份同(BJ-2025-FT-ERMO)；文件名未限定题号；未能在材料正文定位到第17题段，仅按同卷材料登记为候选；题干块6-gram重叠0.0000(题干678字/材料段0字)；分值文本 9；同题另一来源块状态较弱(存在候选)，已按最强状态归并
BJ-2025-FT-ERMO-Q17,BJ-2025-FT-ERMO,17,S71d970ada83c,2025模拟题/2025各区二模/2025丰台二模/细则/分题细则/2025丰台二模评标细则/2025丰台二模评标细则/17题.docx,评分细则_分题切片,正式评分材料,已匹配正式材料,已匹配正式材料,0.1982,17,考试身份同(BJ-2025-FT-ERMO)；文件名题号{17}与本题号一致；正文定位方式=文件名限定本题号；题干块6-gram重叠0.1982(题干678字/材料段2500字)；分值文本 9；同题另一来源块状态较弱(已匹配正式材料)，已按最强状态归并
BJ-2025-FT-ERMO-Q17,BJ-2025-FT-ERMO,17,S56b5533477c2,2025模拟题/2025各区二模/2025丰台二模/细则/分题细则/2025丰台二模评标细则/2025丰台二模评标细则/18题 .docx,评分细则_分题切片,正式评分材料,已排除（文件名指向他题）,已匹配正式材料,0.0,18,考试身份同(BJ-2025-FT-ERMO)；文件名题号{18}与本题号不一致；未能在材料正文定位到第17题段，仅按同卷材料登记为候选；题干块6-gram重叠0.0000(题干678字/材料段0字)；分值文本 9；同题另一来源块状态较弱(已排除（文件名指向他题）)，已按最强状态归并
BJ-2025-FT-ERMO-Q17,BJ-2025-FT-ERMO,17,S0e0ec077bf92,2025模拟题/2025各区二模/2025丰台二模/细则/分题细则/2025丰台二模评标细则/2025丰台二模评标细则/19.(1).docx,评分细则_分题切片,正式评分材料,存在候选,已匹配正式材料,0.0,,考试身份同(BJ-2025-FT-ERMO)；文件名未限定题号；未能在材料正文定位到第17题段，仅按同卷材料登记为候选；题干块6-gram重叠0.0000(题干678字/材料段0字)；分值文本 9；同题另一来源块状态较弱(存在候选)，已按最强状态归并
BJ-2025-FT-ERMO-Q17,BJ-2025-FT-ERMO,17,Sa85076fc73d8,2025模拟题/2025各区二模/2025丰台二模/细则/分题细则/2025丰台二模评标细则/2025丰台二模评标细则/19.(2).docx,评分细则_分题切片,正式评分材料,存在候选,已匹配正式材料,0.0,,考试身份同(BJ-2025-FT-ERMO)；文件名未限定题号；未能在材料正文定位到第17题段，仅按同卷材料登记为候选；题干块6-gram重叠0.0000(题干678字/材料段0字)；分值文本 9；同题另一来源块状态较弱(存在候选)，已按最强状态归并
BJ-2025-FT-ERMO-Q17,BJ-2025-FT-ERMO,17,S17616554d573,2025模拟题/2025各区二模/2025丰台二模/细则/分题细则/2025丰台二模评标细则/2025丰台二模评标细则/20题.docx,评分细则_分题切片,正式评分材料,已排除（文件名指向他题）,已匹配正式材料,0.0,20,考试身份同(BJ-2025-FT-ERMO)；文件名题号{20}与本题号不一致；未能在材料正文定位到第17题段，仅按同卷材料登记为候选；题干块6-gram重叠0.0000(题干678字/材料段0字)；分值文本 9；同题另一来源块状态较弱(已排除（文件名指向他题）)，已按最强状态归并
BJ-2025-FT-ERMO-Q17,BJ-2025-FT-ERMO,17,S11303432404c,2025模拟题/2025各区二模/2025丰台二模/细则/分题细则/2025丰台二模评标细则/2025丰台二模评标细则/21题.docx,评分细则_分题切片,正式评分材料,已排除（文件名指向他题）,已匹配正式材料,0.0,21,考试身份同(BJ-2025-FT-ERMO)；文件名题号{21}与本题号不一致；未能在材料正文定位到第17题段，仅按同卷材料登记为候选；题干块6-gram重叠0.0000(题干678字/材料段0字)；分值文本 9；同题另一来源块状态较弱(已排除（文件名指向他题）)，已按最强状态归并
BJ-2025-FT-ERMO-Q18,BJ-2025-FT-ERMO,18,S2f596046ed6d,2025模拟题/2025各区二模/2025丰台二模/细则/分题细则/2025丰台二模评标细则/2025丰台二模评标细则/16.(1).doc,评分细则_分题切片,正式评分材料,存在候选,已匹配正式材料,0.0,,考试身份同(BJ-2025-FT-ERMO)；文件名未限定题号；未能在材料正文定位到第18题段，仅按同卷材料登记为候选；题干块6-gram重叠0.0000(题干277字/材料段0字)；分值文本 6；同题另一来源块状态较弱(存在候选)，已按最强状态归并
BJ-2025-FT-ERMO-Q18,BJ-2025-FT-ERMO,18,Se3e9942211ec,2025模拟题/2025各区二模/2025丰台二模/细则/分题细则/2025丰台二模评标细则/2025丰台二模评标细则/16.(2).docx,评分细则_分题切片,正式评分材料,存在候选,已匹配正式材料,0.0,,考试身份同(BJ-2025-FT-ERMO)；文件名未限定题号；未能在材料正文定位到第18题段，仅按同卷材料登记为候选；题干块6-gram重叠0.0000(题干277字/材料段0字)；分值文本 6；同题另一来源块状态较弱(存在候选)，已按最强状态归并
BJ-2025-FT-ERMO-Q18,BJ-2025-FT-ERMO,18,S71d970ada83c,2025模拟题/2025各区二模/2025丰台二模/细则/分题细则/2025丰台二模评标细则/2025丰台二模评标细则/17题.docx,评分细则_分题切片,正式评分材料,已排除（文件名指向他题）,已匹配正式材料,0.0,17,考试身份同(BJ-2025-FT-ERMO)；文件名题号{17}与本题号不一致；未能在材料正文定位到第18题段，仅按同卷材料登记为候选；题干块6-gram重叠0.0000(题干277字/材料段0字)；分值文本 6；同题另一来源块状态较弱(已排除（文件名指向他题）)，已按最强状态归并
BJ-2025-FT-ERMO-Q18,BJ-2025-FT-ERMO,18,S56b5533477c2,2025模拟题/2025各区二模/2025丰台二模/细则/分题细则/2025丰台二模评标细则/2025丰台二模评标细则/18题 .docx,评分细则_分题切片,正式评分材料,已匹配正式材料,已匹配正式材料,0.3956,18,考试身份同(BJ-2025-FT-ERMO)；文件名题号{18}与本题号一致；正文定位方式=文件名限定本题号；题干块6-gram重叠0.3956(题干277字/材料段8401字)；分值文本 6；同题另一来源块状态较弱(已匹配正式材料)，已按最强状态归并
BJ-2025-FT-ERMO-Q18,BJ-2025-FT-ERMO,18,S0e0ec077bf92,2025模拟题/2025各区二模/2025丰台二模/细则/分题细则/2025丰台二模评标细则/2025丰台二模评标细则/19.(1).docx,评分细则_分题切片,正式评分材料,存在候选,已匹配正式材料,0.0,,考试身份同(BJ-2025-FT-ERMO)；文件名未限定题号；未能在材料正文定位到第18题段，仅按同卷材料登记为候选；题干块6-gram重叠0.0000(题干277字/材料段0字)；分值文本 6；同题另一来源块状态较弱(存在候选)，已按最强状态归并
BJ-2025-FT-ERMO-Q18,BJ-2025-FT-ERMO,18,Sa85076fc73d8,2025模拟题/2025各区二模/2025丰台二模/细则/分题细则/2025丰台二模评标细则/2025丰台二模评标细则/19.(2).docx,评分细则_分题切片,正式评分材料,存在候选,已匹配正式材料,0.0,,考试身份同(BJ-2025-FT-ERMO)；文件名未限定题号；未能在材料正文定位到第18题段，仅按同卷材料登记为候选；题干块6-gram重叠0.0000(题干277字/材料段0字)；分值文本 6；同题另一来源块状态较弱(存在候选)，已按最强状态归并
BJ-2025-FT-ERMO-Q18,BJ-2025-FT-ERMO,18,S17616554d573,2025模拟题/2025各区二模/2025丰台二模/细则/分题细则/2025丰台二模评标细则/2025丰台二模评标细则/20题.docx,评分细则_分题切片,正式评分材料,已排除（文件名指向他题）,已匹配正式材料,0.0,20,考试身份同(BJ-2025-FT-ERMO)；文件名题号{20}与本题号不一致；未能在材料正文定位到第18题段，仅按同卷材料登记为候选；题干块6-gram重叠0.0000(题干277字/材料段0字)；分值文本 6；同题另一来源块状态较弱(已排除（文件名指向他题）)，已按最强状态归并
BJ-2025-FT-ERMO-Q18,BJ-2025-FT-ERMO,18,S11303432404c,2025模拟题/2025各区二模/2025丰台二模/细则/分题细则/2025丰台二模评标细则/2025丰台二模评标细则/21题.docx,评分细则_分题切片,正式评分材料,已排除（文件名指向他题）,已匹配正式材料,0.0,21,考试身份同(BJ-2025-FT-ERMO)；文件名题号{21}与本题号不一致；未能在材料正文定位到第18题段，仅按同卷材料登记为候选；题干块6-gram重叠0.0000(题干277字/材料段0字)；分值文本 6；同题另一来源块状态较弱(已排除（文件名指向他题）)，已按最强状态归并
BJ-2025-FT-ERMO-Q19,BJ-2025-FT-ERMO,19,S2f596046ed6d,2025模拟题/2025各区二模/2025丰台二模/细则/分题细则/2025丰台二模评标细则/2025丰台二模评标细则/16.(1).doc,评分细则_分题切片,正式评分材料,存在候选,存在候选,0.0,,考试身份同(BJ-2025-FT-ERMO)；文件名未限定题号；未能在材料正文定位到第19题段，仅按同卷材料登记为候选；题干块6-gram重叠0.0000(题干546字/材料段0字)；分值文本 13；同题另一来源块状态较弱(存在候选)，已按最强状态归并
BJ-2025-FT-ERMO-Q19,BJ-2025-FT-ERMO,19,Se3e9942211ec,2025模拟题/2025各区二模/2025丰台二模/细则/分题细则/2025丰台二模评标细则/2025丰台二模评标细则/16.(2).docx,评分细则_分题切片,正式评分材料,存在候选,存在候选,0.0,,考试身份同(BJ-2025-FT-ERMO)；文件名未限定题号；未能在材料正文定位到第19题段，仅按同卷材料登记为候选；题干块6-gram重叠0.0000(题干546字/材料段0字)；分值文本 13；同题另一来源块状态较弱(存在候选)，已按最强状态归并
BJ-2025-FT-ERMO-Q19,BJ-2025-FT-ERMO,19,S71d970ada83c,2025模拟题/2025各区二模/2025丰台二模/细则/分题细则/2025丰台二模评标细则/2025丰台二模评标细则/17题.docx,评分细则_分题切片,正式评分材料,已排除（文件名指向他题）,存在候选,0.0,17,考试身份同(BJ-2025-FT-ERMO)；文件名题号{17}与本题号不一致；未能在材料正文定位到第19题段，仅按同卷材料登记为候选；题干块6-gram重叠0.0000(题干546字/材料段0字)；分值文本 13；同题另一来源块状态较弱(已排除（文件名指向他题）)，已按最强状态归并
BJ-2025-FT-ERMO-Q19,BJ-2025-FT-ERMO,19,S56b5533477c2,2025模拟题/2025各区二模/2025丰台二模/细则/分题细则/2025丰台二模评标细则/2025丰台二模评标细则/18题 .docx,评分细则_分题切片,正式评分材料,已排除（文件名指向他题）,存在候选,0.0,18,考试身份同(BJ-2025-FT-ERMO)；文件名题号{18}与本题号不一致；未能在材料正文定位到第19题段，仅按同卷材料登记为候选；题干块6-gram重叠0.0000(题干546字/材料段0字)；分值文本 13；同题另一来源块状态较弱(已排除（文件名指向他题）)，已按最强状态归并
BJ-2025-FT-ERMO-Q19,BJ-2025-FT-ERMO,19,S0e0ec077bf92,2025模拟题/2025各区二模/2025丰台二模/细则/分题细则/2025丰台二模评标细则/2025丰台二模评标细则/19.(1).docx,评分细则_分题切片,正式评分材料,已匹配正式材料,已匹配正式材料,0.0,,考试身份同(BJ-2025-FT-ERMO)；文件名未限定题号；未能在材料正文定位到第19题段，仅按同卷材料登记为候选；题干块6-gram重叠0.0000(题干546字/材料段0字)；分值文本 13；同题另一来源块状态较弱(存在候选)，已按最强状态归并；经逐题原件复核与独立候选验收，确认该来源为本题正式评分材料；共享单题正式区已按同题边界合入。
BJ-2025-FT-ERMO-Q19,BJ-2025-FT-ERMO,19,Sa85076fc73d8,2025模拟题/2025各区二模/2025丰台二模/细则/分题细则/2025丰台二模评标细则/2025丰台二模评标细则/19.(2).docx,评分细则_分题切片,正式评分材料,已匹配正式材料,已匹配正式材料,0.0,,考试身份同(BJ-2025-FT-ERMO)；文件名未限定题号；未能在材料正文定位到第19题段，仅按同卷材料登记为候选；题干块6-gram重叠0.0000(题干546字/材料段0字)；分值文本 13；同题另一来源块状态较弱(存在候选)，已按最强状态归并；经逐题原件复核与独立候选验收，确认该来源为本题正式评分材料；共享单题正式区已按同题边界合入。
BJ-2025-FT-ERMO-Q19,BJ-2025-FT-ERMO,19,S17616554d573,2025模拟题/2025各区二模/2025丰台二模/细则/分题细则/2025丰台二模评标细则/2025丰台二模评标细则/20题.docx,评分细则_分题切片,正式评分材料,已排除（文件名指向他题）,存在候选,0.0,20,考试身份同(BJ-2025-FT-ERMO)；文件名题号{20}与本题号不一致；未能在材料正文定位到第19题段，仅按同卷材料登记为候选；题干块6-gram重叠0.0000(题干546字/材料段0字)；分值文本 13；同题另一来源块状态较弱(已排除（文件名指向他题）)，已按最强状态归并
BJ-2025-FT-ERMO-Q19,BJ-2025-FT-ERMO,19,S11303432404c,2025模拟题/2025各区二模/2025丰台二模/细则/分题细则/2025丰台二模评标细则/2025丰台二模评标细则/21题.docx,评分细则_分题切片,正式评分材料,已排除（文件名指向他题）,存在候选,0.0,21,考试身份同(BJ-2025-FT-ERMO)；文件名题号{21}与本题号不一致；未能在材料正文定位到第19题段，仅按同卷材料登记为候选；题干块6-gram重叠0.0000(题干546字/材料段0字)；分值文本 13；同题另一来源块状态较弱(已排除（文件名指向他题）)，已按最强状态归并
BJ-2025-FT-ERMO-Q20,BJ-2025-FT-ERMO,20,S2f596046ed6d,2025模拟题/2025各区二模/2025丰台二模/细则/分题细则/2025丰台二模评标细则/2025丰台二模评标细则/16.(1).doc,评分细则_分题切片,正式评分材料,存在候选,已匹配正式材料,0.0,,考试身份同(BJ-2025-FT-ERMO)；文件名未限定题号；未能在材料正文定位到第20题段，仅按同卷材料登记为候选；题干块6-gram重叠0.0000(题干673字/材料段0字)；分值文本 8；同题另一来源块状态较弱(存在候选)，已按最强状态归并
BJ-2025-FT-ERMO-Q20,BJ-2025-FT-ERMO,20,Se3e9942211ec,2025模拟题/2025各区二模/2025丰台二模/细则/分题细则/2025丰台二模评标细则/2025丰台二模评标细则/16.(2).docx,评分细则_分题切片,正式评分材料,存在候选,已匹配正式材料,0.0,,考试身份同(BJ-2025-FT-ERMO)；文件名未限定题号；未能在材料正文定位到第20题段，仅按同卷材料登记为候选；题干块6-gram重叠0.0000(题干673字/材料段0字)；分值文本 8；同题另一来源块状态较弱(存在候选)，已按最强状态归并
BJ-2025-FT-ERMO-Q20,BJ-2025-FT-ERMO,20,S71d970ada83c,2025模拟题/2025各区二模/2025丰台二模/细则/分题细则/2025丰台二模评标细则/2025丰台二模评标细则/17题.docx,评分细则_分题切片,正式评分材料,已排除（文件名指向他题）,已匹配正式材料,0.0,17,考试身份同(BJ-2025-FT-ERMO)；文件名题号{17}与本题号不一致；未能在材料正文定位到第20题段，仅按同卷材料登记为候选；题干块6-gram重叠0.0000(题干673字/材料段0字)；分值文本 8；同题另一来源块状态较弱(已排除（文件名指向他题）)，已按最强状态归并
BJ-2025-FT-ERMO-Q20,BJ-2025-FT-ERMO,20,S56b5533477c2,2025模拟题/2025各区二模/2025丰台二模/细则/分题细则/2025丰台二模评标细则/2025丰台二模评标细则/18题 .docx,评分细则_分题切片,正式评分材料,已排除（文件名指向他题）,已匹配正式材料,0.0,18,考试身份同(BJ-2025-FT-ERMO)；文件名题号{18}与本题号不一致；未能在材料正文定位到第20题段，仅按同卷材料登记为候选；题干块6-gram重叠0.0000(题干673字/材料段0字)；分值文本 8；同题另一来源块状态较弱(已排除（文件名指向他题）)，已按最强状态归并
BJ-2025-FT-ERMO-Q20,BJ-2025-FT-ERMO,20,S0e0ec077bf92,2025模拟题/2025各区二模/2025丰台二模/细则/分题细则/2025丰台二模评标细则/2025丰台二模评标细则/19.(1).docx,评分细则_分题切片,正式评分材料,存在候选,已匹配正式材料,0.0,,考试身份同(BJ-2025-FT-ERMO)；文件名未限定题号；未能在材料正文定位到第20题段，仅按同卷材料登记为候选；题干块6-gram重叠0.0000(题干673字/材料段0字)；分值文本 8；同题另一来源块状态较弱(存在候选)，已按最强状态归并
BJ-2025-FT-ERMO-Q20,BJ-2025-FT-ERMO,20,Sa85076fc73d8,2025模拟题/2025各区二模/2025丰台二模/细则/分题细则/2025丰台二模评标细则/2025丰台二模评标细则/19.(2).docx,评分细则_分题切片,正式评分材料,存在候选,已匹配正式材料,0.0,,考试身份同(BJ-2025-FT-ERMO)；文件名未限定题号；未能在材料正文定位到第20题段，仅按同卷材料登记为候选；题干块6-gram重叠0.0000(题干673字/材料段0字)；分值文本 8；同题另一来源块状态较弱(存在候选)，已按最强状态归并
BJ-2025-FT-ERMO-Q20,BJ-2025-FT-ERMO,20,S17616554d573,2025模拟题/2025各区二模/2025丰台二模/细则/分题细则/2025丰台二模评标细则/2025丰台二模评标细则/20题.docx,评分细则_分题切片,正式评分材料,已匹配正式材料,已匹配正式材料,0.1759,20,考试身份同(BJ-2025-FT-ERMO)；文件名题号{20}与本题号一致；正文定位方式=文件名限定本题号；题干块6-gram重叠0.1759(题干673字/材料段3022字)；分值文本 8；同题另一来源块状态较弱(已匹配正式材料)，已按最强状态归并
BJ-2025-FT-ERMO-Q20,BJ-2025-FT-ERMO,20,S11303432404c,2025模拟题/2025各区二模/2025丰台二模/细则/分题细则/2025丰台二模评标细则/2025丰台二模评标细则/21题.docx,评分细则_分题切片,正式评分材料,已排除（文件名指向他题）,已匹配正式材料,0.0,21,考试身份同(BJ-2025-FT-ERMO)；文件名题号{21}与本题号不一致；未能在材料正文定位到第20题段，仅按同卷材料登记为候选；题干块6-gram重叠0.0000(题干673字/材料段0字)；分值文本 8；同题另一来源块状态较弱(已排除（文件名指向他题）)，已按最强状态归并
BJ-2025-FT-ERMO-Q21,BJ-2025-FT-ERMO,21,S2f596046ed6d,2025模拟题/2025各区二模/2025丰台二模/细则/分题细则/2025丰台二模评标细则/2025丰台二模评标细则/16.(1).doc,评分细则_分题切片,正式评分材料,存在候选,已匹配正式材料,0.0,,考试身份同(BJ-2025-FT-ERMO)；文件名未限定题号；未能在材料正文定位到第21题段，仅按同卷材料登记为候选；题干块6-gram重叠0.0000(题干347字/材料段0字)；分值文本 9；同题另一来源块状态较弱(存在候选)，已按最强状态归并
BJ-2025-FT-ERMO-Q21,BJ-2025-FT-ERMO,21,Se3e9942211ec,2025模拟题/2025各区二模/2025丰台二模/细则/分题细则/2025丰台二模评标细则/2025丰台二模评标细则/16.(2).docx,评分细则_分题切片,正式评分材料,存在候选,已匹配正式材料,0.0,,考试身份同(BJ-2025-FT-ERMO)；文件名未限定题号；未能在材料正文定位到第21题段，仅按同卷材料登记为候选；题干块6-gram重叠0.0000(题干347字/材料段0字)；分值文本 9；同题另一来源块状态较弱(存在候选)，已按最强状态归并
BJ-2025-FT-ERMO-Q21,BJ-2025-FT-ERMO,21,S71d970ada83c,2025模拟题/2025各区二模/2025丰台二模/细则/分题细则/2025丰台二模评标细则/2025丰台二模评标细则/17题.docx,评分细则_分题切片,正式评分材料,已排除（文件名指向他题）,已匹配正式材料,0.0,17,考试身份同(BJ-2025-FT-ERMO)；文件名题号{17}与本题号不一致；未能在材料正文定位到第21题段，仅按同卷材料登记为候选；题干块6-gram重叠0.0000(题干347字/材料段0字)；分值文本 9；同题另一来源块状态较弱(已排除（文件名指向他题）)，已按最强状态归并
BJ-2025-FT-ERMO-Q21,BJ-2025-FT-ERMO,21,S56b5533477c2,2025模拟题/2025各区二模/2025丰台二模/细则/分题细则/2025丰台二模评标细则/2025丰台二模评标细则/18题 .docx,评分细则_分题切片,正式评分材料,已排除（文件名指向他题）,已匹配正式材料,0.0,18,考试身份同(BJ-2025-FT-ERMO)；文件名题号{18}与本题号不一致；未能在材料正文定位到第21题段，仅按同卷材料登记为候选；题干块6-gram重叠0.0000(题干347字/材料段0字)；分值文本 9；同题另一来源块状态较弱(已排除（文件名指向他题）)，已按最强状态归并
BJ-2025-FT-ERMO-Q21,BJ-2025-FT-ERMO,21,S0e0ec077bf92,2025模拟题/2025各区二模/2025丰台二模/细则/分题细则/2025丰台二模评标细则/2025丰台二模评标细则/19.(1).docx,评分细则_分题切片,正式评分材料,存在候选,已匹配正式材料,0.0,,考试身份同(BJ-2025-FT-ERMO)；文件名未限定题号；未能在材料正文定位到第21题段，仅按同卷材料登记为候选；题干块6-gram重叠0.0000(题干347字/材料段0字)；分值文本 9；同题另一来源块状态较弱(存在候选)，已按最强状态归并
BJ-2025-FT-ERMO-Q21,BJ-2025-FT-ERMO,21,Sa85076fc73d8,2025模拟题/2025各区二模/2025丰台二模/细则/分题细则/2025丰台二模评标细则/2025丰台二模评标细则/19.(2).docx,评分细则_分题切片,正式评分材料,存在候选,已匹配正式材料,0.0,,考试身份同(BJ-2025-FT-ERMO)；文件名未限定题号；未能在材料正文定位到第21题段，仅按同卷材料登记为候选；题干块6-gram重叠0.0000(题干347字/材料段0字)；分值文本 9；同题另一来源块状态较弱(存在候选)，已按最强状态归并
BJ-2025-FT-ERMO-Q21,BJ-2025-FT-ERMO,21,S17616554d573,2025模拟题/2025各区二模/2025丰台二模/细则/分题细则/2025丰台二模评标细则/2025丰台二模评标细则/20题.docx,评分细则_分题切片,正式评分材料,已排除（文件名指向他题）,已匹配正式材料,0.0,20,考试身份同(BJ-2025-FT-ERMO)；文件名题号{20}与本题号不一致；未能在材料正文定位到第21题段，仅按同卷材料登记为候选；题干块6-gram重叠0.0000(题干347字/材料段0字)；分值文本 9；同题另一来源块状态较弱(已排除（文件名指向他题）)，已按最强状态归并
BJ-2025-FT-ERMO-Q21,BJ-2025-FT-ERMO,21,S11303432404c,2025模拟题/2025各区二模/2025丰台二模/细则/分题细则/2025丰台二模评标细则/2025丰台二模评标细则/21题.docx,评分细则_分题切片,正式评分材料,已匹配正式材料,已匹配正式材料,0.0561,21,考试身份同(BJ-2025-FT-ERMO)；文件名题号{21}与本题号一致；正文定位方式=文件名限定本题号；题干块6-gram重叠0.0561(题干347字/材料段1243字)；分值文本 9；同题另一来源块状态较弱(已匹配正式材料)，已按最强状态归并
BJ-2025-FT-ERMO-Q7,BJ-2025-FT-ERMO,7,S2f596046ed6d,2025模拟题/2025各区二模/2025丰台二模/细则/分题细则/2025丰台二模评标细则/2025丰台二模评标细则/16.(1).doc,评分细则_分题切片,正式评分材料,存在候选,存在候选,0.0,,考试身份同(BJ-2025-FT-ERMO)；文件名未限定题号；未能在材料正文定位到第7题段，仅按同卷材料登记为候选；题干块6-gram重叠0.0000(题干423字/材料段0字)
BJ-2025-FT-ERMO-Q7,BJ-2025-FT-ERMO,7,Se3e9942211ec,2025模拟题/2025各区二模/2025丰台二模/细则/分题细则/2025丰台二模评标细则/2025丰台二模评标细则/16.(2).docx,评分细则_分题切片,正式评分材料,存在候选,存在候选,0.0,,考试身份同(BJ-2025-FT-ERMO)；文件名未限定题号；正文定位方式=题号起首；题干块6-gram重叠0.0000(题干423字/材料段20字)
BJ-2025-FT-ERMO-Q7,BJ-2025-FT-ERMO,7,S71d970ada83c,2025模拟题/2025各区二模/2025丰台二模/细则/分题细则/2025丰台二模评标细则/2025丰台二模评标细则/17题.docx,评分细则_分题切片,正式评分材料,已排除（文件名指向他题）,存在候选,0.0,17,考试身份同(BJ-2025-FT-ERMO)；文件名题号{17}与本题号不一致；未能在材料正文定位到第7题段，仅按同卷材料登记为候选；题干块6-gram重叠0.0000(题干423字/材料段0字)
BJ-2025-FT-ERMO-Q7,BJ-2025-FT-ERMO,7,S56b5533477c2,2025模拟题/2025各区二模/2025丰台二模/细则/分题细则/2025丰台二模评标细则/2025丰台二模评标细则/18题 .docx,评分细则_分题切片,正式评分材料,已排除（文件名指向他题）,存在候选,0.0,18,考试身份同(BJ-2025-FT-ERMO)；文件名题号{18}与本题号不一致；未能在材料正文定位到第7题段，仅按同卷材料登记为候选；题干块6-gram重叠0.0000(题干423字/材料段0字)
BJ-2025-FT-ERMO-Q7,BJ-2025-FT-ERMO,7,S0e0ec077bf92,2025模拟题/2025各区二模/2025丰台二模/细则/分题细则/2025丰台二模评标细则/2025丰台二模评标细则/19.(1).docx,评分细则_分题切片,正式评分材料,存在候选,存在候选,0.0,,考试身份同(BJ-2025-FT-ERMO)；文件名未限定题号；未能在材料正文定位到第7题段，仅按同卷材料登记为候选；题干块6-gram重叠0.0000(题干423字/材料段0字)
BJ-2025-FT-ERMO-Q7,BJ-2025-FT-ERMO,7,Sa85076fc73d8,2025模拟题/2025各区二模/2025丰台二模/细则/分题细则/2025丰台二模评标细则/2025丰台二模评标细则/19.(2).docx,评分细则_分题切片,正式评分材料,存在候选,存在候选,0.0,,考试身份同(BJ-2025-FT-ERMO)；文件名未限定题号；未能在材料正文定位到第7题段，仅按同卷材料登记为候选；题干块6-gram重叠0.0000(题干423字/材料段0字)
BJ-2025-FT-ERMO-Q7,BJ-2025-FT-ERMO,7,S17616554d573,2025模拟题/2025各区二模/2025丰台二模/细则/分题细则/2025丰台二模评标细则/2025丰台二模评标细则/20题.docx,评分细则_分题切片,正式评分材料,已排除（文件名指向他题）,存在候选,0.0,20,考试身份同(BJ-2025-FT-ERMO)；文件名题号{20}与本题号不一致；未能在材料正文定位到第7题段，仅按同卷材料登记为候选；题干块6-gram重叠0.0000(题干423字/材料段0字)
BJ-2025-FT-ERMO-Q7,BJ-2025-FT-ERMO,7,S11303432404c,2025模拟题/2025各区二模/2025丰台二模/细则/分题细则/2025丰台二模评标细则/2025丰台二模评标细则/21题.docx,评分细则_分题切片,正式评分材料,已排除（文件名指向他题）,存在候选,0.0,21,考试身份同(BJ-2025-FT-ERMO)；文件名题号{21}与本题号不一致；未能在材料正文定位到第7题段，仅按同卷材料登记为候选；题干块6-gram重叠0.0000(题干423字/材料段0字)
BJ-2025-CP-ERMO-Q16,BJ-2025-CP-ERMO,16,Saf3875177855,2025模拟题/2025各区二模/2025昌平二模/细则/细则.pptx,评分材料,正式评分材料,已匹配正式材料,已匹配正式材料,1.0,,题级E1仅限PPT s2；教师提示s3、学生s分层保存，不整份升E1。整卷仍待保真终验。
BJ-2025-CP-ERMO-Q17,BJ-2025-CP-ERMO,17,Saf3875177855,2025模拟题/2025各区二模/2025昌平二模/细则/细则.pptx,评分材料,正式评分材料,已匹配正式材料,已匹配正式材料,1.0,,"题级E1仅限PPT s5,6；教师提示s4、学生s分层保存，不整份升E1。整卷仍待保真终验。"
BJ-2025-CP-ERMO-Q18,BJ-2025-CP-ERMO,18,Saf3875177855,2025模拟题/2025各区二模/2025昌平二模/细则/细则.pptx,评分材料,正式评分材料,已匹配正式材料,已匹配正式材料,1.0,,"题级E1仅限PPT s7,8；教师提示s、学生s9,10分层保存，不整份升E1。整卷仍待保真终验。"
BJ-2025-CP-ERMO-Q19,BJ-2025-CP-ERMO,19,Saf3875177855,2025模拟题/2025各区二模/2025昌平二模/细则/细则.pptx,评分材料,正式评分材料,已匹配正式材料,已匹配正式材料,1.0,,题级E1仅限PPT s11；教师提示s、学生s分层保存，不整份升E1。整卷仍待保真终验。
BJ-2025-CP-ERMO-Q20,BJ-2025-CP-ERMO,20,Saf3875177855,2025模拟题/2025各区二模/2025昌平二模/细则/细则.pptx,评分材料,正式评分材料,已匹配正式材料,已匹配正式材料,1.0,,"题级E1仅限PPT s13,14；教师提示s12、学生s分层保存，不整份升E1。整卷仍待保真终验。"
BJ-2025-CP-ERMO-Q21,BJ-2025-CP-ERMO,21,Saf3875177855,2025模拟题/2025各区二模/2025昌平二模/细则/细则.pptx,评分材料,正式评分材料,已匹配正式材料,已匹配正式材料,1.0,,题级E1仅限PPT s15；教师提示s、学生s分层保存，不整份升E1。整卷仍待保真终验。
BJ-2025-CP-ERMO-Q22,BJ-2025-CP-ERMO,22,Saf3875177855,2025模拟题/2025各区二模/2025昌平二模/细则/细则.pptx,评分材料,正式评分材料,已匹配正式材料,已匹配正式材料,1.0,,"题级E1仅限PPT s16,17；教师提示s18、学生s19,20分层保存，不整份升E1。整卷仍待保真终验。"
BJ-2025-CP-ERMO-Q1,BJ-2025-CP-ERMO,1,Saf3875177855,2025模拟题/2025各区二模/2025昌平二模/细则/细则.pptx,评分材料,同卷PPT无本题评分内容,已排除,仅有参考答案,0.0,,主控与独立复核逐页核查：PPT为Q16-Q22评分/讲评/学生载体，不能机械匹配到选择题。原配对记录见本批before备份。
BJ-2025-CP-ERMO-Q2,BJ-2025-CP-ERMO,2,Saf3875177855,2025模拟题/2025各区二模/2025昌平二模/细则/细则.pptx,评分材料,同卷PPT无本题评分内容,已排除,仅有参考答案,0.0,,主控与独立复核逐页核查：PPT为Q16-Q22评分/讲评/学生载体，不能机械匹配到选择题。原配对记录见本批before备份。
BJ-2025-CP-ERMO-Q3,BJ-2025-CP-ERMO,3,Saf3875177855,2025模拟题/2025各区二模/2025昌平二模/细则/细则.pptx,评分材料,同卷PPT无本题评分内容,已排除,仅有参考答案,0.0,,主控与独立复核逐页核查：PPT为Q16-Q22评分/讲评/学生载体，不能机械匹配到选择题。原配对记录见本批before备份。
BJ-2025-CP-ERMO-Q4,BJ-2025-CP-ERMO,4,Saf3875177855,2025模拟题/2025各区二模/2025昌平二模/细则/细则.pptx,评分材料,同卷PPT无本题评分内容,已排除,仅有参考答案,0.0,,主控与独立复核逐页核查：PPT为Q16-Q22评分/讲评/学生载体，不能机械匹配到选择题。原配对记录见本批before备份。
BJ-2025-CP-ERMO-Q5,BJ-2025-CP-ERMO,5,Saf3875177855,2025模拟题/2025各区二模/2025昌平二模/细则/细则.pptx,评分材料,同卷PPT无本题评分内容,已排除,仅有参考答案,0.0,,主控与独立复核逐页核查：PPT为Q16-Q22评分/讲评/学生载体，不能机械匹配到选择题。原配对记录见本批before备份。
BJ-2025-CP-ERMO-Q6,BJ-2025-CP-ERMO,6,Saf3875177855,2025模拟题/2025各区二模/2025昌平二模/细则/细则.pptx,评分材料,同卷PPT无本题评分内容,已排除,仅有参考答案,0.0,,主控与独立复核逐页核查：PPT为Q16-Q22评分/讲评/学生载体，不能机械匹配到选择题。原配对记录见本批before备份。
BJ-2025-CP-ERMO-Q7,BJ-2025-CP-ERMO,7,Saf3875177855,2025模拟题/2025各区二模/2025昌平二模/细则/细则.pptx,评分材料,同卷PPT无本题评分内容,已排除,仅有参考答案,0.0,,主控与独立复核逐页核查：PPT为Q16-Q22评分/讲评/学生载体，不能机械匹配到选择题。原配对记录见本批before备份。
BJ-2025-CP-ERMO-Q8,BJ-2025-CP-ERMO,8,Saf3875177855,2025模拟题/2025各区二模/2025昌平二模/细则/细则.pptx,评分材料,同卷PPT无本题评分内容,已排除,仅有参考答案,0.0,,主控与独立复核逐页核查：PPT为Q16-Q22评分/讲评/学生载体，不能机械匹配到选择题。原配对记录见本批before备份。
BJ-2025-CP-ERMO-Q9,BJ-2025-CP-ERMO,9,Saf3875177855,2025模拟题/2025各区二模/2025昌平二模/细则/细则.pptx,评分材料,同卷PPT无本题评分内容,已排除,仅有参考答案,0.0,,主控与独立复核逐页核查：PPT为Q16-Q22评分/讲评/学生载体，不能机械匹配到选择题。原配对记录见本批before备份。
BJ-2025-CP-ERMO-Q10,BJ-2025-CP-ERMO,10,Saf3875177855,2025模拟题/2025各区二模/2025昌平二模/细则/细则.pptx,评分材料,同卷PPT无本题评分内容,已排除,仅有参考答案,0.0,,主控与独立复核逐页核查：PPT为Q16-Q22评分/讲评/学生载体，不能机械匹配到选择题。原配对记录见本批before备份。
BJ-2025-CP-ERMO-Q11,BJ-2025-CP-ERMO,11,Saf3875177855,2025模拟题/2025各区二模/2025昌平二模/细则/细则.pptx,评分材料,同卷PPT无本题评分内容,已排除,仅有参考答案,0.0,,主控与独立复核逐页核查：PPT为Q16-Q22评分/讲评/学生载体，不能机械匹配到选择题。原配对记录见本批before备份。
BJ-2025-CP-ERMO-Q12,BJ-2025-CP-ERMO,12,Saf3875177855,2025模拟题/2025各区二模/2025昌平二模/细则/细则.pptx,评分材料,同卷PPT无本题评分内容,已排除,仅有参考答案,0.0,,主控与独立复核逐页核查：PPT为Q16-Q22评分/讲评/学生载体，不能机械匹配到选择题。原配对记录见本批before备份。
BJ-2025-CP-ERMO-Q13,BJ-2025-CP-ERMO,13,Saf3875177855,2025模拟题/2025各区二模/2025昌平二模/细则/细则.pptx,评分材料,同卷PPT无本题评分内容,已排除,仅有参考答案,0.0,,主控与独立复核逐页核查：PPT为Q16-Q22评分/讲评/学生载体，不能机械匹配到选择题。原配对记录见本批before备份。
BJ-2025-CP-ERMO-Q14,BJ-2025-CP-ERMO,14,Saf3875177855,2025模拟题/2025各区二模/2025昌平二模/细则/细则.pptx,评分材料,同卷PPT无本题评分内容,已排除,仅有参考答案,0.0,,主控与独立复核逐页核查：PPT为Q16-Q22评分/讲评/学生载体，不能机械匹配到选择题。原配对记录见本批before备份。
BJ-2025-CP-ERMO-Q15,BJ-2025-CP-ERMO,15,Saf3875177855,2025模拟题/2025各区二模/2025昌平二模/细则/细则.pptx,评分材料,同卷PPT无本题评分内容,已排除,仅有参考答案,0.0,,主控与独立复核逐页核查：PPT为Q16-Q22评分/讲评/学生载体，不能机械匹配到选择题。原配对记录见本批before备份。
BJ-2025-HD-ERMO-Q5,BJ-2025-HD-ERMO,5,Sfc56fdd304fd,2025模拟题/2025各区二模/2025海淀二模/细则/细则.docx,评分材料,正式评分材料,存在候选,存在候选,0.0,,考试身份同(BJ-2025-HD-ERMO)；文件名未限定题号；未能在材料正文定位到第5题段，仅按同卷材料登记为候选；题干块6-gram重叠0.0000(题干49字/材料段0字)；同题另一来源块状态较弱(存在候选)，已按最强状态归并；同题另一来源块状态较弱(存在候选)，已按最强状态归并；同题另一来源块状态较弱(存在候选)，已按最强状态归并
BJ-2025-HD-ERMO-Q5,BJ-2025-HD-ERMO,5,S10b5fafe8824,2025模拟题/2025各区二模/2025海淀二模/细则/补充材料/2025年海淀二模评标实录.docx,评分材料,正式评分材料,存在候选,存在候选,0.0,,考试身份同(BJ-2025-HD-ERMO)；文件名未限定题号；未能在材料正文定位到第5题段，仅按同卷材料登记为候选；题干块6-gram重叠0.0000(题干49字/材料段0字)；同题另一来源块状态较弱(存在候选)，已按最强状态归并；同题另一来源块状态较弱(存在候选)，已按最强状态归并；同题另一来源块状态较弱(存在候选)，已按最强状态归并
BJ-2025-HD-ERMO-Q7,BJ-2025-HD-ERMO,7,Sfc56fdd304fd,2025模拟题/2025各区二模/2025海淀二模/细则/细则.docx,评分材料,正式评分材料,存在候选,存在候选,0.0,,考试身份同(BJ-2025-HD-ERMO)；文件名未限定题号；未能在材料正文定位到第7题段，仅按同卷材料登记为候选；题干块6-gram重叠0.0000(题干40字/材料段0字)；同题另一来源块状态较弱(存在候选)，已按最强状态归并；同题另一来源块状态较弱(存在候选)，已按最强状态归并；同题另一来源块状态较弱(存在候选)，已按最强状态归并
BJ-2025-HD-ERMO-Q7,BJ-2025-HD-ERMO,7,S10b5fafe8824,2025模拟题/2025各区二模/2025海淀二模/细则/补充材料/2025年海淀二模评标实录.docx,评分材料,正式评分材料,存在候选,存在候选,0.0606,,考试身份同(BJ-2025-HD-ERMO)；文件名未限定题号；正文定位方式=题号起首；题干块6-gram重叠0.0606(题干40字/材料段55字)；同题另一来源块状态较弱(存在候选)，已按最强状态归并；同题另一来源块状态较弱(存在候选)，已按最强状态归并；同题另一来源块状态较弱(存在候选)，已按最强状态归并
BJ-2025-HD-ERMO-Q9,BJ-2025-HD-ERMO,9,Sfc56fdd304fd,2025模拟题/2025各区二模/2025海淀二模/细则/细则.docx,评分材料,正式评分材料,存在候选,已匹配正式材料,0.0,,考试身份同(BJ-2025-HD-ERMO)；文件名未限定题号；未能在材料正文定位到第9题段，仅按同卷材料登记为候选；题干块6-gram重叠0.0000(题干2436字/材料段0字)；分值文本 8；同题另一来源块状态较弱(存在候选)，已按最强状态归并；同题另一来源块状态较弱(存在候选)，已按最强状态归并；同题另一来源块状态较弱(存在候选)，已按最强状态归并；同题另一来源块状态较弱(存在候选)，已按最强状态归并
BJ-2025-HD-ERMO-Q9,BJ-2025-HD-ERMO,9,S10b5fafe8824,2025模拟题/2025各区二模/2025海淀二模/细则/补充材料/2025年海淀二模评标实录.docx,评分材料,正式评分材料,已匹配正式材料,已匹配正式材料,1.0,,考试身份同(BJ-2025-HD-ERMO)；文件名未限定题号；正文定位方式=题号起首；题干块6-gram重叠1.0000(题干1027字/材料段1030字)；同题另一来源块状态较弱(存在候选)，已按最强状态归并；同题另一来源块状态较弱(存在候选)，已按最强状态归并
BJ-2025-HD-ERMO-Q17,BJ-2025-HD-ERMO,17,Sfc56fdd304fd,2025模拟题/2025各区二模/2025海淀二模/细则/细则.docx,评分材料,正式评分材料,存在候选,存在候选,0.0,,考试身份同(BJ-2025-HD-ERMO)；文件名未限定题号；未能在材料正文定位到第17题段，仅按同卷材料登记为候选；题干块6-gram重叠0.0000(题干496字/材料段0字)；同题另一来源块状态较弱(存在候选)，已按最强状态归并；同题另一来源块状态较弱(存在候选)，已按最强状态归并
BJ-2025-HD-ERMO-Q17,BJ-2025-HD-ERMO,17,S10b5fafe8824,2025模拟题/2025各区二模/2025海淀二模/细则/补充材料/2025年海淀二模评标实录.docx,评分材料,正式评分材料,存在候选,存在候选,0.0,,考试身份同(BJ-2025-HD-ERMO)；文件名未限定题号；未能在材料正文定位到第17题段，仅按同卷材料登记为候选；题干块6-gram重叠0.0000(题干496字/材料段0字)；同题另一来源块状态较弱(存在候选)，已按最强状态归并；同题另一来源块状态较弱(存在候选)，已按最强状态归并
BJ-2025-HD-ERMO-Q20,BJ-2025-HD-ERMO,20,Sfc56fdd304fd,2025模拟题/2025各区二模/2025海淀二模/细则/细则.docx,评分材料,正式评分材料,存在候选,存在候选,0.0,,考试身份同(BJ-2025-HD-ERMO)；文件名未限定题号；未能在材料正文定位到第20题段，仅按同卷材料登记为候选；题干块6-gram重叠0.0000(题干437字/材料段0字)；分值文本 6；同题另一来源块状态较弱(存在候选)，已按最强状态归并；同题另一来源块状态较弱(存在候选)，已按最强状态归并
BJ-2025-HD-ERMO-Q20,BJ-2025-HD-ERMO,20,S10b5fafe8824,2025模拟题/2025各区二模/2025海淀二模/细则/补充材料/2025年海淀二模评标实录.docx,评分材料,正式评分材料,存在候选,存在候选,0.0,,考试身份同(BJ-2025-HD-ERMO)；文件名未限定题号；未能在材料正文定位到第20题段，仅按同卷材料登记为候选；题干块6-gram重叠0.0000(题干437字/材料段0字)；分值文本 6；同题另一来源块状态较弱(存在候选)，已按最强状态归并；同题另一来源块状态较弱(存在候选)，已按最强状态归并
BJ-2025-HD-ERMO-Q14,BJ-2025-HD-ERMO,14,Sfc56fdd304fd,2025模拟题/2025各区二模/2025海淀二模/细则/细则.docx,评分材料,正式评分材料,存在候选,存在候选,0.0,,考试身份同(BJ-2025-HD-ERMO)；文件名未限定题号；未能在材料正文定位到第14题段，仅按同卷材料登记为候选；题干块6-gram重叠0.0000(题干1487字/材料段0字)；同题另一来源块状态较弱(存在候选)，已按最强状态归并
BJ-2025-HD-ERMO-Q14,BJ-2025-HD-ERMO,14,S10b5fafe8824,2025模拟题/2025各区二模/2025海淀二模/细则/补充材料/2025年海淀二模评标实录.docx,评分材料,正式评分材料,存在候选,存在候选,0.0,,考试身份同(BJ-2025-HD-ERMO)；文件名未限定题号；未能在材料正文定位到第14题段，仅按同卷材料登记为候选；题干块6-gram重叠0.0000(题干1487字/材料段0字)；同题另一来源块状态较弱(存在候选)，已按最强状态归并
BJ-2025-HD-ERMO-Q16,BJ-2025-HD-ERMO,16,Sfc56fdd304fd,2025模拟题/2025各区二模/2025海淀二模/细则/细则.docx,评分材料,正式评分材料,存在候选,存在候选,0.0,,考试身份同(BJ-2025-HD-ERMO)；文件名未限定题号；未能在材料正文定位到第16题段，仅按同卷材料登记为候选；题干块6-gram重叠0.0000(题干2837字/材料段0字)；分值文本 8；同题另一来源块状态较弱(存在候选)，已按最强状态归并
BJ-2025-HD-ERMO-Q16,BJ-2025-HD-ERMO,16,S10b5fafe8824,2025模拟题/2025各区二模/2025海淀二模/细则/补充材料/2025年海淀二模评标实录.docx,评分材料,正式评分材料,存在候选,存在候选,0.0,,考试身份同(BJ-2025-HD-ERMO)；文件名未限定题号；未能在材料正文定位到第16题段，仅按同卷材料登记为候选；题干块6-gram重叠0.0000(题干2837字/材料段0字)；分值文本 8；同题另一来源块状态较弱(存在候选)，已按最强状态归并
BJ-2025-HD-ERMO-Q1,BJ-2025-HD-ERMO,1,Sfc56fdd304fd,2025模拟题/2025各区二模/2025海淀二模/细则/细则.docx,评分材料,正式评分材料,存在候选,已匹配正式材料,0.0,,考试身份同(BJ-2025-HD-ERMO)；文件名未限定题号；未能在材料正文定位到第1题段，仅按同卷材料登记为候选；题干块6-gram重叠0.0000(题干76字/材料段0字)；同题另一来源块状态较弱(存在候选)，已按最强状态归并；同题另一来源块状态较弱(存在候选)，已按最强状态归并
BJ-2025-HD-ERMO-Q1,BJ-2025-HD-ERMO,1,S10b5fafe8824,2025模拟题/2025各区二模/2025海淀二模/细则/补充材料/2025年海淀二模评标实录.docx,评分材料,正式评分材料,已匹配正式材料,已匹配正式材料,1.0,,考试身份同(BJ-2025-HD-ERMO)；文件名未限定题号；正文定位方式=题号起首；题干块6-gram重叠1.0000(题干663字/材料段664字)；同题另一来源块状态较弱(存在候选)，已按最强状态归并；同题另一来源块状态较弱(存在候选)，已按最强状态归并
BJ-2025-HD-ERMO-Q2,BJ-2025-HD-ERMO,2,Sfc56fdd304fd,2025模拟题/2025各区二模/2025海淀二模/细则/细则.docx,评分材料,正式评分材料,存在候选,存在候选,0.0,,考试身份同(BJ-2025-HD-ERMO)；文件名未限定题号；未能在材料正文定位到第2题段，仅按同卷材料登记为候选；题干块6-gram重叠0.0000(题干331字/材料段0字)；同题另一来源块状态较弱(存在候选)，已按最强状态归并
BJ-2025-HD-ERMO-Q2,BJ-2025-HD-ERMO,2,S10b5fafe8824,2025模拟题/2025各区二模/2025海淀二模/细则/补充材料/2025年海淀二模评标实录.docx,评分材料,正式评分材料,存在候选,存在候选,0.0,,考试身份同(BJ-2025-HD-ERMO)；文件名未限定题号；正文定位方式=题号起首；题干块6-gram重叠0.0000(题干331字/材料段10字)；同题另一来源块状态较弱(存在候选)，已按最强状态归并
BJ-2025-HD-ERMO-Q21,BJ-2025-HD-ERMO,21,Sfc56fdd304fd,2025模拟题/2025各区二模/2025海淀二模/细则/细则.docx,评分材料,正式评分材料,存在候选,存在候选,0.0,,考试身份同(BJ-2025-HD-ERMO)；文件名未限定题号；未能在材料正文定位到第21题段，仅按同卷材料登记为候选；题干块6-gram重叠0.0000(题干1072字/材料段0字)；分值文本 6；同题另一来源块状态较弱(存在候选)，已按最强状态归并
BJ-2025-HD-ERMO-Q21,BJ-2025-HD-ERMO,21,S10b5fafe8824,2025模拟题/2025各区二模/2025海淀二模/细则/补充材料/2025年海淀二模评标实录.docx,评分材料,正式评分材料,存在候选,存在候选,0.0,,考试身份同(BJ-2025-HD-ERMO)；文件名未限定题号；未能在材料正文定位到第21题段，仅按同卷材料登记为候选；题干块6-gram重叠0.0000(题干1072字/材料段0字)；分值文本 6；同题另一来源块状态较弱(存在候选)，已按最强状态归并
BJ-2025-HD-ERMO-Q22,BJ-2025-HD-ERMO,22,Sfc56fdd304fd,2025模拟题/2025各区二模/2025海淀二模/细则/细则.docx,评分材料,正式评分材料,存在候选,存在候选,0.0,,考试身份同(BJ-2025-HD-ERMO)；文件名未限定题号；未能在材料正文定位到第22题段，仅按同卷材料登记为候选；题干块6-gram重叠0.0000(题干3978字/材料段0字)；分值文本 1；同题另一来源块状态较弱(存在候选)，已按最强状态归并
BJ-2025-HD-ERMO-Q22,BJ-2025-HD-ERMO,22,S10b5fafe8824,2025模拟题/2025各区二模/2025海淀二模/细则/补充材料/2025年海淀二模评标实录.docx,评分材料,正式评分材料,存在候选,存在候选,0.0,,考试身份同(BJ-2025-HD-ERMO)；文件名未限定题号；未能在材料正文定位到第22题段，仅按同卷材料登记为候选；题干块6-gram重叠0.0000(题干3978字/材料段0字)；分值文本 1；同题另一来源块状态较弱(存在候选)，已按最强状态归并
BJ-2025-HD-ERMO-Q3,BJ-2025-HD-ERMO,3,Sfc56fdd304fd,2025模拟题/2025各区二模/2025海淀二模/细则/细则.docx,评分材料,正式评分材料,存在候选,已匹配正式材料,0.0,,考试身份同(BJ-2025-HD-ERMO)；文件名未限定题号；未能在材料正文定位到第3题段，仅按同卷材料登记为候选；题干块6-gram重叠0.0000(题干148字/材料段0字)；同题另一来源块状态较弱(存在候选)，已按最强状态归并
BJ-2025-HD-ERMO-Q3,BJ-2025-HD-ERMO,3,S10b5fafe8824,2025模拟题/2025各区二模/2025海淀二模/细则/补充材料/2025年海淀二模评标实录.docx,评分材料,正式评分材料,已匹配正式材料,已匹配正式材料,1.0,,考试身份同(BJ-2025-HD-ERMO)；文件名未限定题号；正文定位方式=题号起首；题干块6-gram重叠1.0000(题干148字/材料段149字)；同题另一来源块状态较弱(存在候选)，已按最强状态归并
BJ-2025-HD-ERMO-Q4,BJ-2025-HD-ERMO,4,Sfc56fdd304fd,2025模拟题/2025各区二模/2025海淀二模/细则/细则.docx,评分材料,正式评分材料,存在候选,已匹配正式材料,0.0,,考试身份同(BJ-2025-HD-ERMO)；文件名未限定题号；未能在材料正文定位到第4题段，仅按同卷材料登记为候选；题干块6-gram重叠0.0000(题干163字/材料段0字)；同题另一来源块状态较弱(存在候选)，已按最强状态归并
BJ-2025-HD-ERMO-Q4,BJ-2025-HD-ERMO,4,S10b5fafe8824,2025模拟题/2025各区二模/2025海淀二模/细则/补充材料/2025年海淀二模评标实录.docx,评分材料,正式评分材料,已匹配正式材料,已匹配正式材料,1.0,,考试身份同(BJ-2025-HD-ERMO)；文件名未限定题号；正文定位方式=题号起首；题干块6-gram重叠1.0000(题干163字/材料段1307字)；同题另一来源块状态较弱(存在候选)，已按最强状态归并
BJ-2025-HD-ERMO-Q8,BJ-2025-HD-ERMO,8,Sfc56fdd304fd,2025模拟题/2025各区二模/2025海淀二模/细则/细则.docx,评分材料,正式评分材料,存在候选,存在候选,0.0,,考试身份同(BJ-2025-HD-ERMO)；文件名未限定题号；未能在材料正文定位到第8题段，仅按同卷材料登记为候选；题干块6-gram重叠0.0000(题干57字/材料段0字)；同题另一来源块状态较弱(存在候选)，已按最强状态归并
BJ-2025-HD-ERMO-Q8,BJ-2025-HD-ERMO,8,S10b5fafe8824,2025模拟题/2025各区二模/2025海淀二模/细则/补充材料/2025年海淀二模评标实录.docx,评分材料,正式评分材料,存在候选,存在候选,1.0,,考试身份同(BJ-2025-HD-ERMO)；文件名未限定题号；正文定位方式=题号起首；题干块6-gram重叠1.0000(题干57字/材料段58字)；同题另一来源块状态较弱(存在候选)，已按最强状态归并
BJ-2025-HD-ERMO-Q6,BJ-2025-HD-ERMO,6,Sfc56fdd304fd,2025模拟题/2025各区二模/2025海淀二模/细则/细则.docx,评分材料,正式评分材料,存在候选,存在候选,0.0,,考试身份同(BJ-2025-HD-ERMO)；文件名未限定题号；未能在材料正文定位到第6题段，仅按同卷材料登记为候选；题干块6-gram重叠0.0000(题干273字/材料段0字)
BJ-2025-HD-ERMO-Q6,BJ-2025-HD-ERMO,6,S10b5fafe8824,2025模拟题/2025各区二模/2025海淀二模/细则/补充材料/2025年海淀二模评标实录.docx,评分材料,正式评分材料,存在候选,存在候选,0.0,,考试身份同(BJ-2025-HD-ERMO)；文件名未限定题号；未能在材料正文定位到第6题段，仅按同卷材料登记为候选；题干块6-gram重叠0.0000(题干273字/材料段0字)
BJ-2025-HD-ERMO-Q10,BJ-2025-HD-ERMO,10,Sfc56fdd304fd,2025模拟题/2025各区二模/2025海淀二模/细则/细则.docx,评分材料,正式评分材料,存在候选,存在候选,0.0,,考试身份同(BJ-2025-HD-ERMO)；文件名未限定题号；未能在材料正文定位到第10题段，仅按同卷材料登记为候选；题干块6-gram重叠0.0000(题干338字/材料段0字)
BJ-2025-HD-ERMO-Q10,BJ-2025-HD-ERMO,10,S10b5fafe8824,2025模拟题/2025各区二模/2025海淀二模/细则/补充材料/2025年海淀二模评标实录.docx,评分材料,正式评分材料,存在候选,存在候选,0.0,,考试身份同(BJ-2025-HD-ERMO)；文件名未限定题号；未能在材料正文定位到第10题段，仅按同卷材料登记为候选；题干块6-gram重叠0.0000(题干338字/材料段0字)
BJ-2025-HD-ERMO-Q11,BJ-2025-HD-ERMO,11,Sfc56fdd304fd,2025模拟题/2025各区二模/2025海淀二模/细则/细则.docx,评分材料,正式评分材料,存在候选,存在候选,0.0,,考试身份同(BJ-2025-HD-ERMO)；文件名未限定题号；未能在材料正文定位到第11题段，仅按同卷材料登记为候选；题干块6-gram重叠0.0000(题干313字/材料段0字)
BJ-2025-HD-ERMO-Q11,BJ-2025-HD-ERMO,11,S10b5fafe8824,2025模拟题/2025各区二模/2025海淀二模/细则/补充材料/2025年海淀二模评标实录.docx,评分材料,正式评分材料,存在候选,存在候选,0.0,,考试身份同(BJ-2025-HD-ERMO)；文件名未限定题号；未能在材料正文定位到第11题段，仅按同卷材料登记为候选；题干块6-gram重叠0.0000(题干313字/材料段0字)
BJ-2025-HD-ERMO-Q12,BJ-2025-HD-ERMO,12,Sfc56fdd304fd,2025模拟题/2025各区二模/2025海淀二模/细则/细则.docx,评分材料,正式评分材料,存在候选,存在候选,0.0,,考试身份同(BJ-2025-HD-ERMO)；文件名未限定题号；未能在材料正文定位到第12题段，仅按同卷材料登记为候选；题干块6-gram重叠0.0000(题干268字/材料段0字)
BJ-2025-HD-ERMO-Q12,BJ-2025-HD-ERMO,12,S10b5fafe8824,2025模拟题/2025各区二模/2025海淀二模/细则/补充材料/2025年海淀二模评标实录.docx,评分材料,正式评分材料,存在候选,存在候选,0.0,,考试身份同(BJ-2025-HD-ERMO)；文件名未限定题号；未能在材料正文定位到第12题段，仅按同卷材料登记为候选；题干块6-gram重叠0.0000(题干268字/材料段0字)
BJ-2025-HD-ERMO-Q13,BJ-2025-HD-ERMO,13,Sfc56fdd304fd,2025模拟题/2025各区二模/2025海淀二模/细则/细则.docx,评分材料,正式评分材料,存在候选,存在候选,0.0,,考试身份同(BJ-2025-HD-ERMO)；文件名未限定题号；未能在材料正文定位到第13题段，仅按同卷材料登记为候选；题干块6-gram重叠0.0000(题干174字/材料段0字)
BJ-2025-HD-ERMO-Q13,BJ-2025-HD-ERMO,13,S10b5fafe8824,2025模拟题/2025各区二模/2025海淀二模/细则/补充材料/2025年海淀二模评标实录.docx,评分材料,正式评分材料,存在候选,存在候选,0.0,,考试身份同(BJ-2025-HD-ERMO)；文件名未限定题号；未能在材料正文定位到第13题段，仅按同卷材料登记为候选；题干块6-gram重叠0.0000(题干174字/材料段0字)
BJ-2025-HD-ERMO-Q15,BJ-2025-HD-ERMO,15,Sfc56fdd304fd,2025模拟题/2025各区二模/2025海淀二模/细则/细则.docx,评分材料,正式评分材料,存在候选,存在候选,0.0,,考试身份同(BJ-2025-HD-ERMO)；文件名未限定题号；未能在材料正文定位到第15题段，仅按同卷材料登记为候选；题干块6-gram重叠0.0000(题干321字/材料段0字)
BJ-2025-HD-ERMO-Q15,BJ-2025-HD-ERMO,15,S10b5fafe8824,2025模拟题/2025各区二模/2025海淀二模/细则/补充材料/2025年海淀二模评标实录.docx,评分材料,正式评分材料,存在候选,存在候选,0.0,,考试身份同(BJ-2025-HD-ERMO)；文件名未限定题号；未能在材料正文定位到第15题段，仅按同卷材料登记为候选；题干块6-gram重叠0.0000(题干321字/材料段0字)
BJ-2025-HD-ERMO-Q18,BJ-2025-HD-ERMO,18,Sfc56fdd304fd,2025模拟题/2025各区二模/2025海淀二模/细则/细则.docx,评分材料,正式评分材料,存在候选,存在候选,0.0,,考试身份同(BJ-2025-HD-ERMO)；文件名未限定题号；未能在材料正文定位到第18题段，仅按同卷材料登记为候选；题干块6-gram重叠0.0000(题干974字/材料段0字)；分值文本 12
BJ-2025-HD-ERMO-Q18,BJ-2025-HD-ERMO,18,S10b5fafe8824,2025模拟题/2025各区二模/2025海淀二模/细则/补充材料/2025年海淀二模评标实录.docx,评分材料,正式评分材料,存在候选,存在候选,0.0,,考试身份同(BJ-2025-HD-ERMO)；文件名未限定题号；未能在材料正文定位到第18题段，仅按同卷材料登记为候选；题干块6-gram重叠0.0000(题干974字/材料段0字)；分值文本 12
BJ-2025-HD-ERMO-Q19,BJ-2025-HD-ERMO,19,Sfc56fdd304fd,2025模拟题/2025各区二模/2025海淀二模/细则/细则.docx,评分材料,正式评分材料,存在候选,存在候选,0.0,,考试身份同(BJ-2025-HD-ERMO)；文件名未限定题号；未能在材料正文定位到第19题段，仅按同卷材料登记为候选；题干块6-gram重叠0.0000(题干545字/材料段0字)；分值文本 8
BJ-2025-HD-ERMO-Q19,BJ-2025-HD-ERMO,19,S10b5fafe8824,2025模拟题/2025各区二模/2025海淀二模/细则/补充材料/2025年海淀二模评标实录.docx,评分材料,正式评分材料,存在候选,存在候选,0.0,,考试身份同(BJ-2025-HD-ERMO)；文件名未限定题号；未能在材料正文定位到第19题段，仅按同卷材料登记为候选；题干块6-gram重叠0.0000(题干545字/材料段0字)；分值文本 8
BJ-2025-XC-ERMO-Q16,BJ-2025-XC-ERMO,16,Scfb0f19ef38a,2025模拟题/2025各区二模/2025西城二模/细则/细则.docx,评分材料,正式评分材料,已匹配正式材料,已匹配正式材料,1.0,,考试身份同(BJ-2025-XC-ERMO)；文件名未限定题号；正文定位方式=题号起首；题干块6-gram重叠1.0000(题干1179字/材料段1179字)；分值文本 14；同题另一来源块状态较弱(存在候选)，已按最强状态归并；同题另一来源块状态较弱(存在候选)，已按最强状态归并
BJ-2025-XC-ERMO-Q17,BJ-2025-XC-ERMO,17,Scfb0f19ef38a,2025模拟题/2025各区二模/2025西城二模/细则/细则.docx,评分材料,正式评分材料,已匹配正式材料,已匹配正式材料,1.0,,考试身份同(BJ-2025-XC-ERMO)；文件名未限定题号；正文定位方式=题号起首；题干块6-gram重叠1.0000(题干1154字/材料段1155字)；分值文本 13；同题另一来源块状态较弱(存在候选)，已按最强状态归并；同题另一来源块状态较弱(存在候选)，已按最强状态归并
BJ-2025-XC-ERMO-Q18,BJ-2025-XC-ERMO,18,Scfb0f19ef38a,2025模拟题/2025各区二模/2025西城二模/细则/细则.docx,评分材料,正式评分材料,已匹配正式材料,已匹配正式材料,1.0,,考试身份同(BJ-2025-XC-ERMO)；文件名未限定题号；正文定位方式=题号起首；题干块6-gram重叠1.0000(题干588字/材料段588字)；分值文本 8；同题另一来源块状态较弱(存在候选)，已按最强状态归并；同题另一来源块状态较弱(存在候选)，已按最强状态归并
BJ-2025-XC-ERMO-Q19,BJ-2025-XC-ERMO,19,Scfb0f19ef38a,2025模拟题/2025各区二模/2025西城二模/细则/细则.docx,评分材料,正式评分材料,已匹配正式材料,已匹配正式材料,1.0,,考试身份同(BJ-2025-XC-ERMO)；文件名未限定题号；正文定位方式=题号起首；题干块6-gram重叠1.0000(题干815字/材料段817字)；分值文本 10；同题另一来源块状态较弱(存在候选)，已按最强状态归并；同题另一来源块状态较弱(存在候选)，已按最强状态归并
BJ-2025-XC-ERMO-Q20,BJ-2025-XC-ERMO,20,Scfb0f19ef38a,2025模拟题/2025各区二模/2025西城二模/细则/细则.docx,评分材料,正式评分材料,已匹配正式材料,已匹配正式材料,1.0,,考试身份同(BJ-2025-XC-ERMO)；文件名未限定题号；正文定位方式=题号起首；题干块6-gram重叠1.0000(题干734字/材料段736字)；分值文本 10；同题另一来源块状态较弱(存在候选)，已按最强状态归并；同题另一来源块状态较弱(存在候选)，已按最强状态归并
BJ-2025-XC-ERMO-Q1,BJ-2025-XC-ERMO,1,Scfb0f19ef38a,2025模拟题/2025各区二模/2025西城二模/细则/细则.docx,评分材料,正式评分材料,存在候选,存在候选,0.0,,考试身份同(BJ-2025-XC-ERMO)；文件名未限定题号；正文定位方式=题号起首；题干块6-gram重叠0.0000(题干254字/材料段4000字)；同题另一来源块状态较弱(存在候选)，已按最强状态归并
BJ-2025-XC-ERMO-Q2,BJ-2025-XC-ERMO,2,Scfb0f19ef38a,2025模拟题/2025各区二模/2025西城二模/细则/细则.docx,评分材料,正式评分材料,存在候选,存在候选,0.0,,考试身份同(BJ-2025-XC-ERMO)；文件名未限定题号；正文定位方式=行内答案键；题干块6-gram重叠0.0000(题干258字/材料段3字)；同题另一来源块状态较弱(存在候选)，已按最强状态归并
BJ-2025-XC-ERMO-Q3,BJ-2025-XC-ERMO,3,Scfb0f19ef38a,2025模拟题/2025各区二模/2025西城二模/细则/细则.docx,评分材料,正式评分材料,存在候选,存在候选,0.0,,考试身份同(BJ-2025-XC-ERMO)；文件名未限定题号；正文定位方式=行内答案键；题干块6-gram重叠0.0000(题干337字/材料段3字)；同题另一来源块状态较弱(存在候选)，已按最强状态归并
BJ-2025-XC-ERMO-Q4,BJ-2025-XC-ERMO,4,Scfb0f19ef38a,2025模拟题/2025各区二模/2025西城二模/细则/细则.docx,评分材料,正式评分材料,存在候选,存在候选,0.0,,考试身份同(BJ-2025-XC-ERMO)；文件名未限定题号；正文定位方式=行内答案键；题干块6-gram重叠0.0000(题干252字/材料段3字)；同题另一来源块状态较弱(存在候选)，已按最强状态归并
BJ-2025-XC-ERMO-Q5,BJ-2025-XC-ERMO,5,Scfb0f19ef38a,2025模拟题/2025各区二模/2025西城二模/细则/细则.docx,评分材料,正式评分材料,存在候选,存在候选,0.0,,考试身份同(BJ-2025-XC-ERMO)；文件名未限定题号；正文定位方式=行内答案键；题干块6-gram重叠0.0000(题干274字/材料段3字)；同题另一来源块状态较弱(存在候选)，已按最强状态归并
BJ-2025-XC-ERMO-Q6,BJ-2025-XC-ERMO,6,Scfb0f19ef38a,2025模拟题/2025各区二模/2025西城二模/细则/细则.docx,评分材料,正式评分材料,存在候选,存在候选,0.0,,考试身份同(BJ-2025-XC-ERMO)；文件名未限定题号；正文定位方式=题号起首；题干块6-gram重叠0.0000(题干151字/材料段4000字)；同题另一来源块状态较弱(存在候选)，已按最强状态归并
BJ-2025-XC-ERMO-Q7,BJ-2025-XC-ERMO,7,Scfb0f19ef38a,2025模拟题/2025各区二模/2025西城二模/细则/细则.docx,评分材料,正式评分材料,存在候选,存在候选,0.0,,考试身份同(BJ-2025-XC-ERMO)；文件名未限定题号；正文定位方式=行内答案键；题干块6-gram重叠0.0000(题干375字/材料段3字)；同题另一来源块状态较弱(存在候选)，已按最强状态归并
BJ-2025-XC-ERMO-Q8,BJ-2025-XC-ERMO,8,Scfb0f19ef38a,2025模拟题/2025各区二模/2025西城二模/细则/细则.docx,评分材料,正式评分材料,存在候选,存在候选,0.0,,考试身份同(BJ-2025-XC-ERMO)；文件名未限定题号；正文定位方式=行内答案键；题干块6-gram重叠0.0000(题干238字/材料段3字)；同题另一来源块状态较弱(存在候选)，已按最强状态归并
BJ-2025-XC-ERMO-Q9,BJ-2025-XC-ERMO,9,Scfb0f19ef38a,2025模拟题/2025各区二模/2025西城二模/细则/细则.docx,评分材料,正式评分材料,存在候选,存在候选,0.0,,考试身份同(BJ-2025-XC-ERMO)；文件名未限定题号；正文定位方式=行内答案键；题干块6-gram重叠0.0000(题干382字/材料段3字)；同题另一来源块状态较弱(存在候选)，已按最强状态归并
BJ-2025-XC-ERMO-Q10,BJ-2025-XC-ERMO,10,Scfb0f19ef38a,2025模拟题/2025各区二模/2025西城二模/细则/细则.docx,评分材料,正式评分材料,存在候选,存在候选,0.0,,考试身份同(BJ-2025-XC-ERMO)；文件名未限定题号；正文定位方式=行内答案键；题干块6-gram重叠0.0000(题干243字/材料段4字)；同题另一来源块状态较弱(存在候选)，已按最强状态归并
BJ-2025-XC-ERMO-Q11,BJ-2025-XC-ERMO,11,Scfb0f19ef38a,2025模拟题/2025各区二模/2025西城二模/细则/细则.docx,评分材料,正式评分材料,存在候选,存在候选,0.0,,考试身份同(BJ-2025-XC-ERMO)；文件名未限定题号；正文定位方式=题号起首；题干块6-gram重叠0.0000(题干287字/材料段4000字)；同题另一来源块状态较弱(存在候选)，已按最强状态归并
BJ-2025-XC-ERMO-Q12,BJ-2025-XC-ERMO,12,Scfb0f19ef38a,2025模拟题/2025各区二模/2025西城二模/细则/细则.docx,评分材料,正式评分材料,存在候选,存在候选,0.0,,考试身份同(BJ-2025-XC-ERMO)；文件名未限定题号；正文定位方式=行内答案键；题干块6-gram重叠0.0000(题干282字/材料段4字)；同题另一来源块状态较弱(存在候选)，已按最强状态归并
BJ-2025-XC-ERMO-Q13,BJ-2025-XC-ERMO,13,Scfb0f19ef38a,2025模拟题/2025各区二模/2025西城二模/细则/细则.docx,评分材料,正式评分材料,存在候选,存在候选,0.0,,考试身份同(BJ-2025-XC-ERMO)；文件名未限定题号；正文定位方式=行内答案键；题干块6-gram重叠0.0000(题干331字/材料段4字)；同题另一来源块状态较弱(存在候选)，已按最强状态归并
BJ-2025-XC-ERMO-Q14,BJ-2025-XC-ERMO,14,Scfb0f19ef38a,2025模拟题/2025各区二模/2025西城二模/细则/细则.docx,评分材料,正式评分材料,存在候选,存在候选,0.0,,考试身份同(BJ-2025-XC-ERMO)；文件名未限定题号；正文定位方式=行内答案键；题干块6-gram重叠0.0000(题干206字/材料段4字)；同题另一来源块状态较弱(存在候选)，已按最强状态归并
BJ-2025-XC-ERMO-Q15,BJ-2025-XC-ERMO,15,Scfb0f19ef38a,2025模拟题/2025各区二模/2025西城二模/细则/细则.docx,评分材料,正式评分材料,存在候选,存在候选,0.0,,考试身份同(BJ-2025-XC-ERMO)；文件名未限定题号；正文定位方式=行内答案键；题干块6-gram重叠0.0000(题干275字/材料段4字)；同题另一来源块状态较弱(存在候选)，已按最强状态归并
BJ-2025-DC-QIMO-Q16,BJ-2025-DC-QIMO,16,S5b78436dd863,2025模拟题/2025各区期末/2025东城期末/细则/细则.pdf,评分材料,正式评分材料,存在候选,存在候选,0.0,,考试身份同(BJ-2025-DC-QIMO)；文件名未限定题号；未能在材料正文定位到第16题段，仅按同卷材料登记为候选；题干块6-gram重叠0.0000(题干382字/材料段0字)；分值文本 8；同题另一来源块状态较弱(存在候选)，已按最强状态归并；同题另一来源块状态较弱(存在候选)，已按最强状态归并
BJ-2025-DC-QIMO-Q16,BJ-2025-DC-QIMO,16,S26b117376526,2025模拟题/2025各区期末/2025东城期末/细则/补充材料/东城期末.pptx,评分材料,正式评分材料,存在候选,存在候选,0.0,,考试身份同(BJ-2025-DC-QIMO)；文件名未限定题号；未能在材料正文定位到第16题段，仅按同卷材料登记为候选；题干块6-gram重叠0.0000(题干382字/材料段0字)；分值文本 8；同题另一来源块状态较弱(存在候选)，已按最强状态归并；同题另一来源块状态较弱(存在候选)，已按最强状态归并
BJ-2025-DC-QIMO-Q17,BJ-2025-DC-QIMO,17,S5b78436dd863,2025模拟题/2025各区期末/2025东城期末/细则/细则.pdf,评分材料,正式评分材料,存在候选,存在候选,0.0,,考试身份同(BJ-2025-DC-QIMO)；文件名未限定题号；未能在材料正文定位到第17题段，仅按同卷材料登记为候选；题干块6-gram重叠0.0000(题干793字/材料段0字)；分值文本 9；同题另一来源块状态较弱(存在候选)，已按最强状态归并
BJ-2025-DC-QIMO-Q17,BJ-2025-DC-QIMO,17,S26b117376526,2025模拟题/2025各区期末/2025东城期末/细则/补充材料/东城期末.pptx,评分材料,正式评分材料,存在候选,存在候选,0.0,,考试身份同(BJ-2025-DC-QIMO)；文件名未限定题号；未能在材料正文定位到第17题段，仅按同卷材料登记为候选；题干块6-gram重叠0.0000(题干793字/材料段0字)；分值文本 9；同题另一来源块状态较弱(存在候选)，已按最强状态归并
BJ-2025-DC-QIMO-Q18,BJ-2025-DC-QIMO,18,S5b78436dd863,2025模拟题/2025各区期末/2025东城期末/细则/细则.pdf,评分材料,正式评分材料,存在候选,存在候选,0.0,,考试身份同(BJ-2025-DC-QIMO)；文件名未限定题号；未能在材料正文定位到第18题段，仅按同卷材料登记为候选；题干块6-gram重叠0.0000(题干1098字/材料段0字)；分值文本 12；同题另一来源块状态较弱(存在候选)，已按最强状态归并
BJ-2025-DC-QIMO-Q18,BJ-2025-DC-QIMO,18,S26b117376526,2025模拟题/2025各区期末/2025东城期末/细则/补充材料/东城期末.pptx,评分材料,正式评分材料,存在候选,存在候选,0.0,,考试身份同(BJ-2025-DC-QIMO)；文件名未限定题号；未能在材料正文定位到第18题段，仅按同卷材料登记为候选；题干块6-gram重叠0.0000(题干1098字/材料段0字)；分值文本 12；同题另一来源块状态较弱(存在候选)，已按最强状态归并
BJ-2025-DC-QIMO-Q20,BJ-2025-DC-QIMO,20,S5b78436dd863,2025模拟题/2025各区期末/2025东城期末/细则/细则.pdf,评分材料,正式评分材料,存在候选,存在候选,0.0,,考试身份同(BJ-2025-DC-QIMO)；文件名未限定题号；未能在材料正文定位到第20题段，仅按同卷材料登记为候选；题干块6-gram重叠0.0000(题干867字/材料段0字)；分值文本 8；同题另一来源块状态较弱(存在候选)，已按最强状态归并；同题另一来源块状态较弱(存在候选)，已按最强状态归并
BJ-2025-DC-QIMO-Q20,BJ-2025-DC-QIMO,20,S26b117376526,2025模拟题/2025各区期末/2025东城期末/细则/补充材料/东城期末.pptx,评分材料,正式评分材料,存在候选,存在候选,0.0,,考试身份同(BJ-2025-DC-QIMO)；文件名未限定题号；未能在材料正文定位到第20题段，仅按同卷材料登记为候选；题干块6-gram重叠0.0000(题干867字/材料段0字)；分值文本 8；同题另一来源块状态较弱(存在候选)，已按最强状态归并；同题另一来源块状态较弱(存在候选)，已按最强状态归并
BJ-2025-DC-QIMO-Q21,BJ-2025-DC-QIMO,21,S5b78436dd863,2025模拟题/2025各区期末/2025东城期末/细则/细则.pdf,评分材料,正式评分材料,存在候选,存在候选,0.0,,考试身份同(BJ-2025-DC-QIMO)；文件名未限定题号；未能在材料正文定位到第21题段，仅按同卷材料登记为候选；题干块6-gram重叠0.0000(题干464字/材料段0字)；分值文本 10；同题另一来源块状态较弱(存在候选)，已按最强状态归并；同题另一来源块状态较弱(存在候选)，已按最强状态归并
BJ-2025-DC-QIMO-Q21,BJ-2025-DC-QIMO,21,S26b117376526,2025模拟题/2025各区期末/2025东城期末/细则/补充材料/东城期末.pptx,评分材料,正式评分材料,存在候选,存在候选,0.0,,考试身份同(BJ-2025-DC-QIMO)；文件名未限定题号；未能在材料正文定位到第21题段，仅按同卷材料登记为候选；题干块6-gram重叠0.0000(题干464字/材料段0字)；分值文本 10；同题另一来源块状态较弱(存在候选)，已按最强状态归并；同题另一来源块状态较弱(存在候选)，已按最强状态归并
BJ-2025-DC-QIMO-Q3,BJ-2025-DC-QIMO,3,S5b78436dd863,2025模拟题/2025各区期末/2025东城期末/细则/细则.pdf,评分材料,正式评分材料,存在候选,已匹配正式材料,0.0,,考试身份同(BJ-2025-DC-QIMO)；文件名未限定题号；未能在材料正文定位到第3题段，仅按同卷材料登记为候选；题干块6-gram重叠0.0000(题干2174字/材料段0字)；分值文本 2；同题另一来源块状态较弱(存在候选)，已按最强状态归并；同题另一来源块状态较弱(存在候选)，已按最强状态归并
BJ-2025-DC-QIMO-Q3,BJ-2025-DC-QIMO,3,S26b117376526,2025模拟题/2025各区期末/2025东城期末/细则/补充材料/东城期末.pptx,评分材料,正式评分材料,已匹配正式材料,已匹配正式材料,1.0,,考试身份同(BJ-2025-DC-QIMO)；文件名未限定题号；正文定位方式=题号起首；题干块6-gram重叠1.0000(题干2174字/材料段3373字)；分值文本 2；同题另一来源块状态较弱(存在候选)，已按最强状态归并；同题另一来源块状态较弱(存在候选)，已按最强状态归并
BJ-2025-DC-QIMO-Q1,BJ-2025-DC-QIMO,1,S5b78436dd863,2025模拟题/2025各区期末/2025东城期末/细则/细则.pdf,评分材料,正式评分材料,存在候选,存在候选,0.0,,考试身份同(BJ-2025-DC-QIMO)；文件名未限定题号；未能在材料正文定位到第1题段，仅按同卷材料登记为候选；题干块6-gram重叠0.0000(题干222字/材料段0字)；同题另一来源块状态较弱(存在候选)，已按最强状态归并
BJ-2025-DC-QIMO-Q1,BJ-2025-DC-QIMO,1,S26b117376526,2025模拟题/2025各区期末/2025东城期末/细则/补充材料/东城期末.pptx,评分材料,正式评分材料,存在候选,存在候选,0.0,,考试身份同(BJ-2025-DC-QIMO)；文件名未限定题号；正文定位方式=题号起首；题干块6-gram重叠0.0000(题干222字/材料段26字)；同题另一来源块状态较弱(存在候选)，已按最强状态归并
BJ-2025-DC-QIMO-Q2,BJ-2025-DC-QIMO,2,S5b78436dd863,2025模拟题/2025各区期末/2025东城期末/细则/细则.pdf,评分材料,正式评分材料,存在候选,存在候选,0.0,,考试身份同(BJ-2025-DC-QIMO)；文件名未限定题号；未能在材料正文定位到第2题段，仅按同卷材料登记为候选；题干块6-gram重叠0.0000(题干212字/材料段0字)；同题另一来源块状态较弱(存在候选)，已按最强状态归并
BJ-2025-DC-QIMO-Q2,BJ-2025-DC-QIMO,2,S26b117376526,2025模拟题/2025各区期末/2025东城期末/细则/补充材料/东城期末.pptx,评分材料,正式评分材料,存在候选,存在候选,0.0,,考试身份同(BJ-2025-DC-QIMO)；文件名未限定题号；正文定位方式=题号起首；题干块6-gram重叠0.0000(题干212字/材料段36字)；同题另一来源块状态较弱(存在候选)，已按最强状态归并
BJ-2025-DC-QIMO-Q4,BJ-2025-DC-QIMO,4,S5b78436dd863,2025模拟题/2025各区期末/2025东城期末/细则/细则.pdf,评分材料,正式评分材料,存在候选,存在候选,0.0,,考试身份同(BJ-2025-DC-QIMO)；文件名未限定题号；未能在材料正文定位到第4题段，仅按同卷材料登记为候选；题干块6-gram重叠0.0000(题干313字/材料段0字)；同题另一来源块状态较弱(存在候选)，已按最强状态归并
BJ-2025-DC-QIMO-Q4,BJ-2025-DC-QIMO,4,S26b117376526,2025模拟题/2025各区期末/2025东城期末/细则/补充材料/东城期末.pptx,评分材料,正式评分材料,存在候选,存在候选,0.0,,考试身份同(BJ-2025-DC-QIMO)；文件名未限定题号；未能在材料正文定位到第4题段，仅按同卷材料登记为候选；题干块6-gram重叠0.0000(题干313字/材料段0字)；同题另一来源块状态较弱(存在候选)，已按最强状态归并
BJ-2025-DC-QIMO-Q5,BJ-2025-DC-QIMO,5,S5b78436dd863,2025模拟题/2025各区期末/2025东城期末/细则/细则.pdf,评分材料,正式评分材料,存在候选,存在候选,0.0,,考试身份同(BJ-2025-DC-QIMO)；文件名未限定题号；未能在材料正文定位到第5题段，仅按同卷材料登记为候选；题干块6-gram重叠0.0000(题干244字/材料段0字)；同题另一来源块状态较弱(存在候选)，已按最强状态归并
BJ-2025-DC-QIMO-Q5,BJ-2025-DC-QIMO,5,S26b117376526,2025模拟题/2025各区期末/2025东城期末/细则/补充材料/东城期末.pptx,评分材料,正式评分材料,存在候选,存在候选,0.0,,考试身份同(BJ-2025-DC-QIMO)；文件名未限定题号；未能在材料正文定位到第5题段，仅按同卷材料登记为候选；题干块6-gram重叠0.0000(题干244字/材料段0字)；同题另一来源块状态较弱(存在候选)，已按最强状态归并
BJ-2025-DC-QIMO-Q6,BJ-2025-DC-QIMO,6,S5b78436dd863,2025模拟题/2025各区期末/2025东城期末/细则/细则.pdf,评分材料,正式评分材料,存在候选,存在候选,0.0,,考试身份同(BJ-2025-DC-QIMO)；文件名未限定题号；未能在材料正文定位到第6题段，仅按同卷材料登记为候选；题干块6-gram重叠0.0000(题干204字/材料段0字)；同题另一来源块状态较弱(存在候选)，已按最强状态归并
BJ-2025-DC-QIMO-Q6,BJ-2025-DC-QIMO,6,S26b117376526,2025模拟题/2025各区期末/2025东城期末/细则/补充材料/东城期末.pptx,评分材料,正式评分材料,存在候选,存在候选,0.0,,考试身份同(BJ-2025-DC-QIMO)；文件名未限定题号；未能在材料正文定位到第6题段，仅按同卷材料登记为候选；题干块6-gram重叠0.0000(题干204字/材料段0字)；同题另一来源块状态较弱(存在候选)，已按最强状态归并
BJ-2025-DC-QIMO-Q7,BJ-2025-DC-QIMO,7,S5b78436dd863,2025模拟题/2025各区期末/2025东城期末/细则/细则.pdf,评分材料,正式评分材料,存在候选,存在候选,0.0,,考试身份同(BJ-2025-DC-QIMO)；文件名未限定题号；未能在材料正文定位到第7题段，仅按同卷材料登记为候选；题干块6-gram重叠0.0000(题干244字/材料段0字)；同题另一来源块状态较弱(存在候选)，已按最强状态归并
BJ-2025-DC-QIMO-Q7,BJ-2025-DC-QIMO,7,S26b117376526,2025模拟题/2025各区期末/2025东城期末/细则/补充材料/东城期末.pptx,评分材料,正式评分材料,存在候选,存在候选,0.0,,考试身份同(BJ-2025-DC-QIMO)；文件名未限定题号；未能在材料正文定位到第7题段，仅按同卷材料登记为候选；题干块6-gram重叠0.0000(题干244字/材料段0字)；同题另一来源块状态较弱(存在候选)，已按最强状态归并
BJ-2025-DC-QIMO-Q8,BJ-2025-DC-QIMO,8,S5b78436dd863,2025模拟题/2025各区期末/2025东城期末/细则/细则.pdf,评分材料,正式评分材料,存在候选,存在候选,0.0,,考试身份同(BJ-2025-DC-QIMO)；文件名未限定题号；未能在材料正文定位到第8题段，仅按同卷材料登记为候选；题干块6-gram重叠0.0000(题干274字/材料段0字)；同题另一来源块状态较弱(存在候选)，已按最强状态归并
BJ-2025-DC-QIMO-Q8,BJ-2025-DC-QIMO,8,S26b117376526,2025模拟题/2025各区期末/2025东城期末/细则/补充材料/东城期末.pptx,评分材料,正式评分材料,存在候选,存在候选,0.0,,考试身份同(BJ-2025-DC-QIMO)；文件名未限定题号；未能在材料正文定位到第8题段，仅按同卷材料登记为候选；题干块6-gram重叠0.0000(题干274字/材料段0字)；同题另一来源块状态较弱(存在候选)，已按最强状态归并
BJ-2025-DC-QIMO-Q9,BJ-2025-DC-QIMO,9,S5b78436dd863,2025模拟题/2025各区期末/2025东城期末/细则/细则.pdf,评分材料,正式评分材料,存在候选,存在候选,0.0,,考试身份同(BJ-2025-DC-QIMO)；文件名未限定题号；未能在材料正文定位到第9题段，仅按同卷材料登记为候选；题干块6-gram重叠0.0000(题干249字/材料段0字)；同题另一来源块状态较弱(存在候选)，已按最强状态归并
BJ-2025-DC-QIMO-Q9,BJ-2025-DC-QIMO,9,S26b117376526,2025模拟题/2025各区期末/2025东城期末/细则/补充材料/东城期末.pptx,评分材料,正式评分材料,存在候选,存在候选,0.0,,考试身份同(BJ-2025-DC-QIMO)；文件名未限定题号；未能在材料正文定位到第9题段，仅按同卷材料登记为候选；题干块6-gram重叠0.0000(题干249字/材料段0字)；同题另一来源块状态较弱(存在候选)，已按最强状态归并
BJ-2025-DC-QIMO-Q10,BJ-2025-DC-QIMO,10,S5b78436dd863,2025模拟题/2025各区期末/2025东城期末/细则/细则.pdf,评分材料,正式评分材料,存在候选,存在候选,0.0,,考试身份同(BJ-2025-DC-QIMO)；文件名未限定题号；未能在材料正文定位到第10题段，仅按同卷材料登记为候选；题干块6-gram重叠0.0000(题干216字/材料段0字)；同题另一来源块状态较弱(存在候选)，已按最强状态归并
BJ-2025-DC-QIMO-Q10,BJ-2025-DC-QIMO,10,S26b117376526,2025模拟题/2025各区期末/2025东城期末/细则/补充材料/东城期末.pptx,评分材料,正式评分材料,存在候选,存在候选,0.0,,考试身份同(BJ-2025-DC-QIMO)；文件名未限定题号；未能在材料正文定位到第10题段，仅按同卷材料登记为候选；题干块6-gram重叠0.0000(题干216字/材料段0字)；同题另一来源块状态较弱(存在候选)，已按最强状态归并
BJ-2025-DC-QIMO-Q11,BJ-2025-DC-QIMO,11,S5b78436dd863,2025模拟题/2025各区期末/2025东城期末/细则/细则.pdf,评分材料,正式评分材料,存在候选,存在候选,0.0,,考试身份同(BJ-2025-DC-QIMO)；文件名未限定题号；未能在材料正文定位到第11题段，仅按同卷材料登记为候选；题干块6-gram重叠0.0000(题干423字/材料段0字)；同题另一来源块状态较弱(存在候选)，已按最强状态归并
BJ-2025-DC-QIMO-Q11,BJ-2025-DC-QIMO,11,S26b117376526,2025模拟题/2025各区期末/2025东城期末/细则/补充材料/东城期末.pptx,评分材料,正式评分材料,存在候选,存在候选,0.0,,考试身份同(BJ-2025-DC-QIMO)；文件名未限定题号；未能在材料正文定位到第11题段，仅按同卷材料登记为候选；题干块6-gram重叠0.0000(题干423字/材料段0字)；同题另一来源块状态较弱(存在候选)，已按最强状态归并
BJ-2025-DC-QIMO-Q12,BJ-2025-DC-QIMO,12,S5b78436dd863,2025模拟题/2025各区期末/2025东城期末/细则/细则.pdf,评分材料,正式评分材料,存在候选,存在候选,0.0,,考试身份同(BJ-2025-DC-QIMO)；文件名未限定题号；未能在材料正文定位到第12题段，仅按同卷材料登记为候选；题干块6-gram重叠0.0000(题干231字/材料段0字)；同题另一来源块状态较弱(存在候选)，已按最强状态归并
BJ-2025-DC-QIMO-Q12,BJ-2025-DC-QIMO,12,S26b117376526,2025模拟题/2025各区期末/2025东城期末/细则/补充材料/东城期末.pptx,评分材料,正式评分材料,存在候选,存在候选,0.0,,考试身份同(BJ-2025-DC-QIMO)；文件名未限定题号；未能在材料正文定位到第12题段，仅按同卷材料登记为候选；题干块6-gram重叠0.0000(题干231字/材料段0字)；同题另一来源块状态较弱(存在候选)，已按最强状态归并
BJ-2025-DC-QIMO-Q13,BJ-2025-DC-QIMO,13,S5b78436dd863,2025模拟题/2025各区期末/2025东城期末/细则/细则.pdf,评分材料,正式评分材料,存在候选,存在候选,0.0,,考试身份同(BJ-2025-DC-QIMO)；文件名未限定题号；未能在材料正文定位到第13题段，仅按同卷材料登记为候选；题干块6-gram重叠0.0000(题干323字/材料段0字)；同题另一来源块状态较弱(存在候选)，已按最强状态归并
BJ-2025-DC-QIMO-Q13,BJ-2025-DC-QIMO,13,S26b117376526,2025模拟题/2025各区期末/2025东城期末/细则/补充材料/东城期末.pptx,评分材料,正式评分材料,存在候选,存在候选,0.0,,考试身份同(BJ-2025-DC-QIMO)；文件名未限定题号；未能在材料正文定位到第13题段，仅按同卷材料登记为候选；题干块6-gram重叠0.0000(题干323字/材料段0字)；同题另一来源块状态较弱(存在候选)，已按最强状态归并
BJ-2025-DC-QIMO-Q14,BJ-2025-DC-QIMO,14,S5b78436dd863,2025模拟题/2025各区期末/2025东城期末/细则/细则.pdf,评分材料,正式评分材料,存在候选,存在候选,0.0,,考试身份同(BJ-2025-DC-QIMO)；文件名未限定题号；未能在材料正文定位到第14题段，仅按同卷材料登记为候选；题干块6-gram重叠0.0000(题干227字/材料段0字)；同题另一来源块状态较弱(存在候选)，已按最强状态归并
BJ-2025-DC-QIMO-Q14,BJ-2025-DC-QIMO,14,S26b117376526,2025模拟题/2025各区期末/2025东城期末/细则/补充材料/东城期末.pptx,评分材料,正式评分材料,存在候选,存在候选,0.0,,考试身份同(BJ-2025-DC-QIMO)；文件名未限定题号；未能在材料正文定位到第14题段，仅按同卷材料登记为候选；题干块6-gram重叠0.0000(题干227字/材料段0字)；同题另一来源块状态较弱(存在候选)，已按最强状态归并
BJ-2025-DC-QIMO-Q15,BJ-2025-DC-QIMO,15,S5b78436dd863,2025模拟题/2025各区期末/2025东城期末/细则/细则.pdf,评分材料,正式评分材料,存在候选,存在候选,0.0,,考试身份同(BJ-2025-DC-QIMO)；文件名未限定题号；未能在材料正文定位到第15题段，仅按同卷材料登记为候选；题干块6-gram重叠0.0000(题干271字/材料段0字)；同题另一来源块状态较弱(存在候选)，已按最强状态归并
BJ-2025-DC-QIMO-Q15,BJ-2025-DC-QIMO,15,S26b117376526,2025模拟题/2025各区期末/2025东城期末/细则/补充材料/东城期末.pptx,评分材料,正式评分材料,存在候选,存在候选,0.0,,考试身份同(BJ-2025-DC-QIMO)；文件名未限定题号；未能在材料正文定位到第15题段，仅按同卷材料登记为候选；题干块6-gram重叠0.0000(题干271字/材料段0字)；同题另一来源块状态较弱(存在候选)，已按最强状态归并
BJ-2025-DC-QIMO-Q19,BJ-2025-DC-QIMO,19,S5b78436dd863,2025模拟题/2025各区期末/2025东城期末/细则/细则.pdf,评分材料,正式评分材料,存在候选,存在候选,0.0,,考试身份同(BJ-2025-DC-QIMO)；文件名未限定题号；未能在材料正文定位到第19题段，仅按同卷材料登记为候选；题干块6-gram重叠0.0000(题干628字/材料段0字)；分值文本 8
BJ-2025-DC-QIMO-Q19,BJ-2025-DC-QIMO,19,S26b117376526,2025模拟题/2025各区期末/2025东城期末/细则/补充材料/东城期末.pptx,评分材料,正式评分材料,存在候选,存在候选,0.0,,考试身份同(BJ-2025-DC-QIMO)；文件名未限定题号；未能在材料正文定位到第19题段，仅按同卷材料登记为候选；题干块6-gram重叠0.0000(题干628字/材料段0字)；分值文本 8
BJ-2025-FT-QIMO-Q1,BJ-2025-FT-QIMO,1,S360d57a4b250,2025模拟题/2025各区期末/2025丰台期末/细则/细则.pptx,评分材料,正式评分材料,已匹配正式材料,已匹配正式材料,1.0,,考试身份同(BJ-2025-FT-QIMO)；文件名未限定题号；正文定位方式=题号起首；题干块6-gram重叠1.0000(题干176字/材料段178字)；同题另一来源块状态较弱(存在候选)，已按最强状态归并；同题另一来源块状态较弱(存在候选)，已按最强状态归并
BJ-2025-FT-QIMO-Q2,BJ-2025-FT-QIMO,2,S360d57a4b250,2025模拟题/2025各区期末/2025丰台期末/细则/细则.pptx,评分材料,正式评分材料,存在候选,存在候选,1.0,,考试身份同(BJ-2025-FT-QIMO)；文件名未限定题号；正文定位方式=题号起首；题干块6-gram重叠1.0000(题干60字/材料段61字)；同题另一来源块状态较弱(存在候选)，已按最强状态归并；同题另一来源块状态较弱(存在候选)，已按最强状态归并
BJ-2025-FT-QIMO-Q3,BJ-2025-FT-QIMO,3,S360d57a4b250,2025模拟题/2025各区期末/2025丰台期末/细则/细则.pptx,评分材料,正式评分材料,已匹配正式材料,已匹配正式材料,1.0,,考试身份同(BJ-2025-FT-QIMO)；文件名未限定题号；正文定位方式=题号起首；题干块6-gram重叠1.0000(题干103字/材料段2430字)；同题另一来源块状态较弱(存在候选)，已按最强状态归并；同题另一来源块状态较弱(存在候选)，已按最强状态归并
BJ-2025-FT-QIMO-Q16,BJ-2025-FT-QIMO,16,S360d57a4b250,2025模拟题/2025各区期末/2025丰台期末/细则/细则.pptx,评分材料,正式评分材料,已匹配正式材料,已匹配正式材料,1.0,,考试身份同(BJ-2025-FT-QIMO)；文件名未限定题号；正文定位方式=题号起首；题干块6-gram重叠1.0000(题干715字/材料段1445字)；分值文本 8；同题另一来源块状态较弱(存在候选)，已按最强状态归并；同题另一来源块状态较弱(存在候选)，已按最强状态归并
BJ-2025-FT-QIMO-Q17,BJ-2025-FT-QIMO,17,S360d57a4b250,2025模拟题/2025各区期末/2025丰台期末/细则/细则.pptx,评分材料,正式评分材料,已匹配正式材料,已匹配正式材料,1.0,,考试身份同(BJ-2025-FT-QIMO)；文件名未限定题号；正文定位方式=题号起首；题干块6-gram重叠1.0000(题干598字/材料段4000字)；分值文本 6；同题另一来源块状态较弱(存在候选)，已按最强状态归并；同题另一来源块状态较弱(存在候选)，已按最强状态归并
BJ-2025-FT-QIMO-Q20,BJ-2025-FT-QIMO,20,S360d57a4b250,2025模拟题/2025各区期末/2025丰台期末/细则/细则.pptx,评分材料,正式评分材料,已匹配正式材料,已匹配正式材料,1.0,,考试身份同(BJ-2025-FT-QIMO)；文件名未限定题号；正文定位方式=题号起首；题干块6-gram重叠1.0000(题干142字/材料段1316字)；分值文本 8；同题另一来源块状态较弱(存在候选)，已按最强状态归并；同题另一来源块状态较弱(存在候选)，已按最强状态归并
BJ-2025-FT-QIMO-Q4,BJ-2025-FT-QIMO,4,S360d57a4b250,2025模拟题/2025各区期末/2025丰台期末/细则/细则.pptx,评分材料,正式评分材料,存在候选,存在候选,0.0,,考试身份同(BJ-2025-FT-QIMO)；文件名未限定题号；正文定位方式=题号起首；题干块6-gram重叠0.0000(题干308字/材料段4326字)；同题另一来源块状态较弱(存在候选)，已按最强状态归并
BJ-2025-FT-QIMO-Q5,BJ-2025-FT-QIMO,5,S360d57a4b250,2025模拟题/2025各区期末/2025丰台期末/细则/细则.pptx,评分材料,正式评分材料,存在候选,存在候选,0.0,,考试身份同(BJ-2025-FT-QIMO)；文件名未限定题号；正文定位方式=题号起首；题干块6-gram重叠0.0000(题干291字/材料段3108字)；同题另一来源块状态较弱(存在候选)，已按最强状态归并
BJ-2025-FT-QIMO-Q6,BJ-2025-FT-QIMO,6,S360d57a4b250,2025模拟题/2025各区期末/2025丰台期末/细则/细则.pptx,评分材料,正式评分材料,存在候选,存在候选,0.0,,考试身份同(BJ-2025-FT-QIMO)；文件名未限定题号；未能在材料正文定位到第6题段，仅按同卷材料登记为候选；题干块6-gram重叠0.0000(题干374字/材料段0字)；同题另一来源块状态较弱(存在候选)，已按最强状态归并
BJ-2025-FT-QIMO-Q7,BJ-2025-FT-QIMO,7,S360d57a4b250,2025模拟题/2025各区期末/2025丰台期末/细则/细则.pptx,评分材料,正式评分材料,存在候选,存在候选,0.0,,考试身份同(BJ-2025-FT-QIMO)；文件名未限定题号；未能在材料正文定位到第7题段，仅按同卷材料登记为候选；题干块6-gram重叠0.0000(题干119字/材料段0字)；同题另一来源块状态较弱(存在候选)，已按最强状态归并
BJ-2025-FT-QIMO-Q8,BJ-2025-FT-QIMO,8,S360d57a4b250,2025模拟题/2025各区期末/2025丰台期末/细则/细则.pptx,评分材料,正式评分材料,存在候选,存在候选,0.0,,考试身份同(BJ-2025-FT-QIMO)；文件名未限定题号；未能在材料正文定位到第8题段，仅按同卷材料登记为候选；题干块6-gram重叠0.0000(题干231字/材料段0字)；同题另一来源块状态较弱(存在候选)，已按最强状态归并
BJ-2025-FT-QIMO-Q9,BJ-2025-FT-QIMO,9,S360d57a4b250,2025模拟题/2025各区期末/2025丰台期末/细则/细则.pptx,评分材料,正式评分材料,存在候选,存在候选,0.0,,考试身份同(BJ-2025-FT-QIMO)；文件名未限定题号；未能在材料正文定位到第9题段，仅按同卷材料登记为候选；题干块6-gram重叠0.0000(题干311字/材料段0字)；同题另一来源块状态较弱(存在候选)，已按最强状态归并
BJ-2025-FT-QIMO-Q10,BJ-2025-FT-QIMO,10,S360d57a4b250,2025模拟题/2025各区期末/2025丰台期末/细则/细则.pptx,评分材料,正式评分材料,存在候选,存在候选,0.0,,考试身份同(BJ-2025-FT-QIMO)；文件名未限定题号；未能在材料正文定位到第10题段，仅按同卷材料登记为候选；题干块6-gram重叠0.0000(题干239字/材料段0字)；同题另一来源块状态较弱(存在候选)，已按最强状态归并
BJ-2025-FT-QIMO-Q11,BJ-2025-FT-QIMO,11,S360d57a4b250,2025模拟题/2025各区期末/2025丰台期末/细则/细则.pptx,评分材料,正式评分材料,存在候选,存在候选,0.0,,考试身份同(BJ-2025-FT-QIMO)；文件名未限定题号；未能在材料正文定位到第11题段，仅按同卷材料登记为候选；题干块6-gram重叠0.0000(题干314字/材料段0字)；同题另一来源块状态较弱(存在候选)，已按最强状态归并
BJ-2025-FT-QIMO-Q12,BJ-2025-FT-QIMO,12,S360d57a4b250,2025模拟题/2025各区期末/2025丰台期末/细则/细则.pptx,评分材料,正式评分材料,存在候选,存在候选,0.0,,考试身份同(BJ-2025-FT-QIMO)；文件名未限定题号；未能在材料正文定位到第12题段，仅按同卷材料登记为候选；题干块6-gram重叠0.0000(题干267字/材料段0字)；同题另一来源块状态较弱(存在候选)，已按最强状态归并
BJ-2025-FT-QIMO-Q13,BJ-2025-FT-QIMO,13,S360d57a4b250,2025模拟题/2025各区期末/2025丰台期末/细则/细则.pptx,评分材料,正式评分材料,存在候选,存在候选,0.0,,考试身份同(BJ-2025-FT-QIMO)；文件名未限定题号；未能在材料正文定位到第13题段，仅按同卷材料登记为候选；题干块6-gram重叠0.0000(题干197字/材料段0字)
BJ-2025-FT-QIMO-Q14,BJ-2025-FT-QIMO,14,S360d57a4b250,2025模拟题/2025各区期末/2025丰台期末/细则/细则.pptx,评分材料,正式评分材料,存在候选,存在候选,0.0,,考试身份同(BJ-2025-FT-QIMO)；文件名未限定题号；未能在材料正文定位到第14题段，仅按同卷材料登记为候选；题干块6-gram重叠0.0000(题干282字/材料段0字)；同题另一来源块状态较弱(存在候选)，已按最强状态归并
BJ-2025-FT-QIMO-Q15,BJ-2025-FT-QIMO,15,S360d57a4b250,2025模拟题/2025各区期末/2025丰台期末/细则/细则.pptx,评分材料,正式评分材料,存在候选,存在候选,0.0,,考试身份同(BJ-2025-FT-QIMO)；文件名未限定题号；未能在材料正文定位到第15题段，仅按同卷材料登记为候选；题干块6-gram重叠0.0000(题干285字/材料段0字)；同题另一来源块状态较弱(存在候选)，已按最强状态归并
BJ-2025-FT-QIMO-Q18,BJ-2025-FT-QIMO,18,S360d57a4b250,2025模拟题/2025各区期末/2025丰台期末/细则/细则.pptx,评分材料,正式评分材料,存在候选,存在候选,0.0,,考试身份同(BJ-2025-FT-QIMO)；文件名未限定题号；未能在材料正文定位到第18题段，仅按同卷材料登记为候选；题干块6-gram重叠0.0000(题干665字/材料段0字)；同题另一来源块状态较弱(存在候选)，已按最强状态归并
BJ-2025-FT-QIMO-Q19,BJ-2025-FT-QIMO,19,S360d57a4b250,2025模拟题/2025各区期末/2025丰台期末/细则/细则.pptx,评分材料,正式评分材料,存在候选,存在候选,0.0,,考试身份同(BJ-2025-FT-QIMO)；文件名未限定题号；未能在材料正文定位到第19题段，仅按同卷材料登记为候选；题干块6-gram重叠0.0000(题干613字/材料段0字)
BJ-2025-FT-QIMO-Q21,BJ-2025-FT-QIMO,21,S360d57a4b250,2025模拟题/2025各区期末/2025丰台期末/细则/细则.pptx,评分材料,正式评分材料,存在候选,存在候选,0.0,,考试身份同(BJ-2025-FT-QIMO)；文件名未限定题号；未能在材料正文定位到第21题段，仅按同卷材料登记为候选；题干块6-gram重叠0.0000(题干361字/材料段0字)；同题另一来源块状态较弱(存在候选)，已按最强状态归并
BJ-2025-CY-QIMO-Q16,BJ-2025-CY-QIMO,16,S953eaee3f98d,2025模拟题/2025各区期末/2025朝阳期末/细则/细则.pdf,评分材料,正式评分材料,存在候选,存在候选,0.0,,考试身份同(BJ-2025-CY-QIMO)；文件名未限定题号；未能在材料正文定位到第16题段，仅按同卷材料登记为候选；题干块6-gram重叠0.0000(题干1288字/材料段0字)；分值文本 8；同题另一来源块状态较弱(存在候选)，已按最强状态归并；同题另一来源块状态较弱(存在候选)，已按最强状态归并
BJ-2025-CY-QIMO-Q18,BJ-2025-CY-QIMO,18,S953eaee3f98d,2025模拟题/2025各区期末/2025朝阳期末/细则/细则.pdf,评分材料,正式评分材料,存在候选,存在候选,0.0,,考试身份同(BJ-2025-CY-QIMO)；文件名未限定题号；未能在材料正文定位到第18题段，仅按同卷材料登记为候选；题干块6-gram重叠0.0000(题干739字/材料段0字)；分值文本 6；同题另一来源块状态较弱(存在候选)，已按最强状态归并；同题另一来源块状态较弱(存在候选)，已按最强状态归并
BJ-2025-CY-QIMO-Q19,BJ-2025-CY-QIMO,19,S953eaee3f98d,2025模拟题/2025各区期末/2025朝阳期末/细则/细则.pdf,评分材料,正式评分材料,存在候选,存在候选,0.0,,考试身份同(BJ-2025-CY-QIMO)；文件名未限定题号；未能在材料正文定位到第19题段，仅按同卷材料登记为候选；题干块6-gram重叠0.0000(题干489字/材料段0字)；分值文本 7；同题另一来源块状态较弱(存在候选)，已按最强状态归并；同题另一来源块状态较弱(存在候选)，已按最强状态归并
BJ-2025-CY-QIMO-Q20,BJ-2025-CY-QIMO,20,S953eaee3f98d,2025模拟题/2025各区期末/2025朝阳期末/细则/细则.pdf,评分材料,正式评分材料,存在候选,存在候选,0.0,,考试身份同(BJ-2025-CY-QIMO)；文件名未限定题号；未能在材料正文定位到第20题段，仅按同卷材料登记为候选；题干块6-gram重叠0.0000(题干370字/材料段0字)；分值文本 10；同题另一来源块状态较弱(存在候选)，已按最强状态归并；同题另一来源块状态较弱(存在候选)，已按最强状态归并
BJ-2025-CY-QIMO-Q21,BJ-2025-CY-QIMO,21,S953eaee3f98d,2025模拟题/2025各区期末/2025朝阳期末/细则/细则.pdf,评分材料,正式评分材料,存在候选,存在候选,0.0,,考试身份同(BJ-2025-CY-QIMO)；文件名未限定题号；未能在材料正文定位到第21题段，仅按同卷材料登记为候选；题干块6-gram重叠0.0000(题干424字/材料段0字)；分值文本 8；同题另一来源块状态较弱(存在候选)，已按最强状态归并；同题另一来源块状态较弱(存在候选)，已按最强状态归并
BJ-2025-CY-QIMO-Q22,BJ-2025-CY-QIMO,22,S953eaee3f98d,2025模拟题/2025各区期末/2025朝阳期末/细则/细则.pdf,评分材料,正式评分材料,存在候选,存在候选,0.0,,考试身份同(BJ-2025-CY-QIMO)；文件名未限定题号；未能在材料正文定位到第22题段，仅按同卷材料登记为候选；题干块6-gram重叠0.0000(题干371字/材料段0字)；分值文本 8；同题另一来源块状态较弱(存在候选)，已按最强状态归并；同题另一来源块状态较弱(存在候选)，已按最强状态归并
BJ-2025-CY-QIMO-Q1,BJ-2025-CY-QIMO,1,S953eaee3f98d,2025模拟题/2025各区期末/2025朝阳期末/细则/细则.pdf,评分材料,正式评分材料,存在候选,存在候选,0.0,,考试身份同(BJ-2025-CY-QIMO)；文件名未限定题号；未能在材料正文定位到第1题段，仅按同卷材料登记为候选；题干块6-gram重叠0.0000(题干292字/材料段0字)；同题另一来源块状态较弱(存在候选)，已按最强状态归并
BJ-2025-CY-QIMO-Q2,BJ-2025-CY-QIMO,2,S953eaee3f98d,2025模拟题/2025各区期末/2025朝阳期末/细则/细则.pdf,评分材料,正式评分材料,存在候选,存在候选,0.0,,考试身份同(BJ-2025-CY-QIMO)；文件名未限定题号；未能在材料正文定位到第2题段，仅按同卷材料登记为候选；题干块6-gram重叠0.0000(题干272字/材料段0字)；同题另一来源块状态较弱(存在候选)，已按最强状态归并
BJ-2025-CY-QIMO-Q3,BJ-2025-CY-QIMO,3,S953eaee3f98d,2025模拟题/2025各区期末/2025朝阳期末/细则/细则.pdf,评分材料,正式评分材料,存在候选,存在候选,0.0,,考试身份同(BJ-2025-CY-QIMO)；文件名未限定题号；未能在材料正文定位到第3题段，仅按同卷材料登记为候选；题干块6-gram重叠0.0000(题干316字/材料段0字)；同题另一来源块状态较弱(存在候选)，已按最强状态归并
BJ-2025-CY-QIMO-Q4,BJ-2025-CY-QIMO,4,S953eaee3f98d,2025模拟题/2025各区期末/2025朝阳期末/细则/细则.pdf,评分材料,正式评分材料,存在候选,存在候选,0.0,,考试身份同(BJ-2025-CY-QIMO)；文件名未限定题号；未能在材料正文定位到第4题段，仅按同卷材料登记为候选；题干块6-gram重叠0.0000(题干300字/材料段0字)；同题另一来源块状态较弱(存在候选)，已按最强状态归并
BJ-2025-CY-QIMO-Q5,BJ-2025-CY-QIMO,5,S953eaee3f98d,2025模拟题/2025各区期末/2025朝阳期末/细则/细则.pdf,评分材料,正式评分材料,存在候选,存在候选,0.0,,考试身份同(BJ-2025-CY-QIMO)；文件名未限定题号；未能在材料正文定位到第5题段，仅按同卷材料登记为候选；题干块6-gram重叠0.0000(题干254字/材料段0字)；同题另一来源块状态较弱(存在候选)，已按最强状态归并
BJ-2025-CY-QIMO-Q6,BJ-2025-CY-QIMO,6,S953eaee3f98d,2025模拟题/2025各区期末/2025朝阳期末/细则/细则.pdf,评分材料,正式评分材料,存在候选,存在候选,0.0,,考试身份同(BJ-2025-CY-QIMO)；文件名未限定题号；未能在材料正文定位到第6题段，仅按同卷材料登记为候选；题干块6-gram重叠0.0000(题干315字/材料段0字)；同题另一来源块状态较弱(存在候选)，已按最强状态归并
BJ-2025-CY-QIMO-Q7,BJ-2025-CY-QIMO,7,S953eaee3f98d,2025模拟题/2025各区期末/2025朝阳期末/细则/细则.pdf,评分材料,正式评分材料,存在候选,存在候选,0.0,,考试身份同(BJ-2025-CY-QIMO)；文件名未限定题号；未能在材料正文定位到第7题段，仅按同卷材料登记为候选；题干块6-gram重叠0.0000(题干272字/材料段0字)；同题另一来源块状态较弱(存在候选)，已按最强状态归并
BJ-2025-CY-QIMO-Q8,BJ-2025-CY-QIMO,8,S953eaee3f98d,2025模拟题/2025各区期末/2025朝阳期末/细则/细则.pdf,评分材料,正式评分材料,存在候选,存在候选,0.0,,考试身份同(BJ-2025-CY-QIMO)；文件名未限定题号；未能在材料正文定位到第8题段，仅按同卷材料登记为候选；题干块6-gram重叠0.0000(题干252字/材料段0字)；同题另一来源块状态较弱(存在候选)，已按最强状态归并
BJ-2025-CY-QIMO-Q9,BJ-2025-CY-QIMO,9,S953eaee3f98d,2025模拟题/2025各区期末/2025朝阳期末/细则/细则.pdf,评分材料,正式评分材料,存在候选,存在候选,0.0,,考试身份同(BJ-2025-CY-QIMO)；文件名未限定题号；未能在材料正文定位到第9题段，仅按同卷材料登记为候选；题干块6-gram重叠0.0000(题干491字/材料段0字)；同题另一来源块状态较弱(存在候选)，已按最强状态归并
BJ-2025-CY-QIMO-Q10,BJ-2025-CY-QIMO,10,S953eaee3f98d,2025模拟题/2025各区期末/2025朝阳期末/细则/细则.pdf,评分材料,正式评分材料,存在候选,存在候选,0.0,,考试身份同(BJ-2025-CY-QIMO)；文件名未限定题号；未能在材料正文定位到第10题段，仅按同卷材料登记为候选；题干块6-gram重叠0.0000(题干379字/材料段0字)；同题另一来源块状态较弱(存在候选)，已按最强状态归并
BJ-2025-CY-QIMO-Q11,BJ-2025-CY-QIMO,11,S953eaee3f98d,2025模拟题/2025各区期末/2025朝阳期末/细则/细则.pdf,评分材料,正式评分材料,存在候选,存在候选,0.0,,考试身份同(BJ-2025-CY-QIMO)；文件名未限定题号；未能在材料正文定位到第11题段，仅按同卷材料登记为候选；题干块6-gram重叠0.0000(题干241字/材料段0字)
BJ-2025-CY-QIMO-Q12,BJ-2025-CY-QIMO,12,S953eaee3f98d,2025模拟题/2025各区期末/2025朝阳期末/细则/细则.pdf,评分材料,正式评分材料,存在候选,存在候选,0.0,,考试身份同(BJ-2025-CY-QIMO)；文件名未限定题号；未能在材料正文定位到第12题段，仅按同卷材料登记为候选；题干块6-gram重叠0.0000(题干329字/材料段0字)
BJ-2025-CY-QIMO-Q13,BJ-2025-CY-QIMO,13,S953eaee3f98d,2025模拟题/2025各区期末/2025朝阳期末/细则/细则.pdf,评分材料,正式评分材料,存在候选,存在候选,0.0,,考试身份同(BJ-2025-CY-QIMO)；文件名未限定题号；未能在材料正文定位到第13题段，仅按同卷材料登记为候选；题干块6-gram重叠0.0000(题干338字/材料段0字)
BJ-2025-CY-QIMO-Q14,BJ-2025-CY-QIMO,14,S953eaee3f98d,2025模拟题/2025各区期末/2025朝阳期末/细则/细则.pdf,评分材料,正式评分材料,存在候选,存在候选,0.0,,考试身份同(BJ-2025-CY-QIMO)；文件名未限定题号；未能在材料正文定位到第14题段，仅按同卷材料登记为候选；题干块6-gram重叠0.0000(题干259字/材料段0字)
BJ-2025-CY-QIMO-Q15,BJ-2025-CY-QIMO,15,S953eaee3f98d,2025模拟题/2025各区期末/2025朝阳期末/细则/细则.pdf,评分材料,正式评分材料,存在候选,存在候选,0.0,,考试身份同(BJ-2025-CY-QIMO)；文件名未限定题号；未能在材料正文定位到第15题段，仅按同卷材料登记为候选；题干块6-gram重叠0.0000(题干355字/材料段0字)
BJ-2025-CY-QIMO-Q17,BJ-2025-CY-QIMO,17,S953eaee3f98d,2025模拟题/2025各区期末/2025朝阳期末/细则/细则.pdf,评分材料,正式评分材料,存在候选,存在候选,0.0,,考试身份同(BJ-2025-CY-QIMO)；文件名未限定题号；未能在材料正文定位到第17题段，仅按同卷材料登记为候选；题干块6-gram重叠0.0000(题干572字/材料段0字)；分值文本 8；同题另一来源块状态较弱(存在候选)，已按最强状态归并
BJ-2025-HD-QIZHONG-Q16,BJ-2025-HD-QIZHONG,16,S7bbd92bd3b93,2025模拟题/2025各区期末/2025海淀期中/细则/细则.docx,评分材料,正式评分材料,已匹配正式材料,已匹配正式材料,1.0,,考试身份同(BJ-2025-HD-QIZHONG)；文件名未限定题号；正文定位方式=题号起首；题干块6-gram重叠1.0000(题干261字/材料段261字)；分值文本 11；同题另一来源块状态较弱(存在候选)，已按最强状态归并；同题另一来源块状态较弱(存在候选)，已按最强状态归并
BJ-2025-HD-QIZHONG-Q17,BJ-2025-HD-QIZHONG,17,S7bbd92bd3b93,2025模拟题/2025各区期末/2025海淀期中/细则/细则.docx,评分材料,正式评分材料,已匹配正式材料,已匹配正式材料,1.0,,考试身份同(BJ-2025-HD-QIZHONG)；文件名未限定题号；正文定位方式=题号起首；题干块6-gram重叠1.0000(题干147字/材料段148字)；分值文本 6；同题另一来源块状态较弱(存在候选)，已按最强状态归并；同题另一来源块状态较弱(存在候选)，已按最强状态归并
BJ-2025-HD-QIZHONG-Q18,BJ-2025-HD-QIZHONG,18,S7bbd92bd3b93,2025模拟题/2025各区期末/2025海淀期中/细则/细则.docx,评分材料,正式评分材料,已匹配正式材料,已匹配正式材料,1.0,,考试身份同(BJ-2025-HD-QIZHONG)；文件名未限定题号；正文定位方式=题号起首；题干块6-gram重叠1.0000(题干136字/材料段137字)；分值文本 8；同题另一来源块状态较弱(存在候选)，已按最强状态归并
BJ-2025-HD-QIZHONG-Q19,BJ-2025-HD-QIZHONG,19,S7bbd92bd3b93,2025模拟题/2025各区期末/2025海淀期中/细则/细则.docx,评分材料,正式评分材料,已匹配正式材料,已匹配正式材料,1.0,,考试身份同(BJ-2025-HD-QIZHONG)；文件名未限定题号；正文定位方式=题号起首；题干块6-gram重叠1.0000(题干178字/材料段179字)；分值文本 7；同题另一来源块状态较弱(存在候选)，已按最强状态归并；同题另一来源块状态较弱(存在候选)，已按最强状态归并
BJ-2025-HD-QIZHONG-Q20,BJ-2025-HD-QIZHONG,20,S7bbd92bd3b93,2025模拟题/2025各区期末/2025海淀期中/细则/细则.docx,评分材料,正式评分材料,已匹配正式材料,已匹配正式材料,1.0,,考试身份同(BJ-2025-HD-QIZHONG)；文件名未限定题号；正文定位方式=题号起首；题干块6-gram重叠1.0000(题干153字/材料段154字)；分值文本 8；同题另一来源块状态较弱(存在候选)，已按最强状态归并；同题另一来源块状态较弱(存在候选)，已按最强状态归并
BJ-2025-HD-QIZHONG-Q21,BJ-2025-HD-QIZHONG,21,S7bbd92bd3b93,2025模拟题/2025各区期末/2025海淀期中/细则/细则.docx,评分材料,正式评分材料,已匹配正式材料,已匹配正式材料,1.0,,考试身份同(BJ-2025-HD-QIZHONG)；文件名未限定题号；正文定位方式=题号起首；题干块6-gram重叠1.0000(题干413字/材料段416字)；分值文本 15；同题另一来源块状态较弱(存在候选)，已按最强状态归并；同题另一来源块状态较弱(存在候选)，已按最强状态归并
BJ-2025-HD-QIZHONG-Q1,BJ-2025-HD-QIZHONG,1,S7bbd92bd3b93,2025模拟题/2025各区期末/2025海淀期中/细则/细则.docx,评分材料,正式评分材料,存在候选,存在候选,0.0,,考试身份同(BJ-2025-HD-QIZHONG)；文件名未限定题号；正文定位方式=行内答案键；题干块6-gram重叠0.0000(题干375字/材料段3字)；同题另一来源块状态较弱(存在候选)，已按最强状态归并
BJ-2025-HD-QIZHONG-Q2,BJ-2025-HD-QIZHONG,2,S7bbd92bd3b93,2025模拟题/2025各区期末/2025海淀期中/细则/细则.docx,评分材料,正式评分材料,存在候选,存在候选,0.0,,考试身份同(BJ-2025-HD-QIZHONG)；文件名未限定题号；正文定位方式=行内答案键；题干块6-gram重叠0.0000(题干257字/材料段3字)；同题另一来源块状态较弱(存在候选)，已按最强状态归并
BJ-2025-HD-QIZHONG-Q3,BJ-2025-HD-QIZHONG,3,S7bbd92bd3b93,2025模拟题/2025各区期末/2025海淀期中/细则/细则.docx,评分材料,正式评分材料,存在候选,存在候选,0.0,,考试身份同(BJ-2025-HD-QIZHONG)；文件名未限定题号；正文定位方式=行内答案键；题干块6-gram重叠0.0000(题干322字/材料段3字)；同题另一来源块状态较弱(存在候选)，已按最强状态归并
BJ-2025-HD-QIZHONG-Q4,BJ-2025-HD-QIZHONG,4,S7bbd92bd3b93,2025模拟题/2025各区期末/2025海淀期中/细则/细则.docx,评分材料,正式评分材料,存在候选,存在候选,0.0,,考试身份同(BJ-2025-HD-QIZHONG)；文件名未限定题号；正文定位方式=行内答案键；题干块6-gram重叠0.0000(题干268字/材料段3字)
BJ-2025-HD-QIZHONG-Q5,BJ-2025-HD-QIZHONG,5,S7bbd92bd3b93,2025模拟题/2025各区期末/2025海淀期中/细则/细则.docx,评分材料,正式评分材料,存在候选,存在候选,0.0,,考试身份同(BJ-2025-HD-QIZHONG)；文件名未限定题号；正文定位方式=行内答案键；题干块6-gram重叠0.0000(题干276字/材料段3字)
BJ-2025-HD-QIZHONG-Q6,BJ-2025-HD-QIZHONG,6,S7bbd92bd3b93,2025模拟题/2025各区期末/2025海淀期中/细则/细则.docx,评分材料,正式评分材料,存在候选,存在候选,0.0,,考试身份同(BJ-2025-HD-QIZHONG)；文件名未限定题号；正文定位方式=行内答案键；题干块6-gram重叠0.0000(题干266字/材料段3字)
BJ-2025-HD-QIZHONG-Q7,BJ-2025-HD-QIZHONG,7,S7bbd92bd3b93,2025模拟题/2025各区期末/2025海淀期中/细则/细则.docx,评分材料,正式评分材料,存在候选,存在候选,0.0,,考试身份同(BJ-2025-HD-QIZHONG)；文件名未限定题号；正文定位方式=行内答案键；题干块6-gram重叠0.0000(题干297字/材料段3字)
BJ-2025-HD-QIZHONG-Q8,BJ-2025-HD-QIZHONG,8,S7bbd92bd3b93,2025模拟题/2025各区期末/2025海淀期中/细则/细则.docx,评分材料,正式评分材料,存在候选,存在候选,0.0,,考试身份同(BJ-2025-HD-QIZHONG)；文件名未限定题号；正文定位方式=行内答案键；题干块6-gram重叠0.0000(题干303字/材料段3字)
BJ-2025-HD-QIZHONG-Q9,BJ-2025-HD-QIZHONG,9,S7bbd92bd3b93,2025模拟题/2025各区期末/2025海淀期中/细则/细则.docx,评分材料,正式评分材料,存在候选,存在候选,0.0,,考试身份同(BJ-2025-HD-QIZHONG)；文件名未限定题号；正文定位方式=行内答案键；题干块6-gram重叠0.0000(题干278字/材料段3字)；同题另一来源块状态较弱(存在候选)，已按最强状态归并
BJ-2025-HD-QIZHONG-Q10,BJ-2025-HD-QIZHONG,10,S7bbd92bd3b93,2025模拟题/2025各区期末/2025海淀期中/细则/细则.docx,评分材料,正式评分材料,存在候选,存在候选,0.0,,考试身份同(BJ-2025-HD-QIZHONG)；文件名未限定题号；正文定位方式=行内答案键；题干块6-gram重叠0.0000(题干475字/材料段4字)；同题另一来源块状态较弱(存在候选)，已按最强状态归并
BJ-2025-HD-QIZHONG-Q11,BJ-2025-HD-QIZHONG,11,S7bbd92bd3b93,2025模拟题/2025各区期末/2025海淀期中/细则/细则.docx,评分材料,正式评分材料,存在候选,存在候选,0.0,,考试身份同(BJ-2025-HD-QIZHONG)；文件名未限定题号；正文定位方式=行内答案键；题干块6-gram重叠0.0000(题干315字/材料段4字)；同题另一来源块状态较弱(存在候选)，已按最强状态归并
BJ-2025-HD-QIZHONG-Q12,BJ-2025-HD-QIZHONG,12,S7bbd92bd3b93,2025模拟题/2025各区期末/2025海淀期中/细则/细则.docx,评分材料,正式评分材料,存在候选,存在候选,0.0,,考试身份同(BJ-2025-HD-QIZHONG)；文件名未限定题号；正文定位方式=行内答案键；题干块6-gram重叠0.0000(题干261字/材料段4字)；同题另一来源块状态较弱(存在候选)，已按最强状态归并
BJ-2025-HD-QIZHONG-Q13,BJ-2025-HD-QIZHONG,13,S7bbd92bd3b93,2025模拟题/2025各区期末/2025海淀期中/细则/细则.docx,评分材料,正式评分材料,存在候选,存在候选,0.0,,考试身份同(BJ-2025-HD-QIZHONG)；文件名未限定题号；正文定位方式=行内答案键；题干块6-gram重叠0.0000(题干240字/材料段4字)；同题另一来源块状态较弱(存在候选)，已按最强状态归并
BJ-2025-HD-QIZHONG-Q14,BJ-2025-HD-QIZHONG,14,S7bbd92bd3b93,2025模拟题/2025各区期末/2025海淀期中/细则/细则.docx,评分材料,正式评分材料,存在候选,存在候选,0.0,,考试身份同(BJ-2025-HD-QIZHONG)；文件名未限定题号；正文定位方式=行内答案键；题干块6-gram重叠0.0000(题干678字/材料段4字)；同题另一来源块状态较弱(存在候选)，已按最强状态归并
BJ-2025-HD-QIZHONG-Q15,BJ-2025-HD-QIZHONG,15,S7bbd92bd3b93,2025模拟题/2025各区期末/2025海淀期中/细则/细则.docx,评分材料,正式评分材料,存在候选,存在候选,0.0,,考试身份同(BJ-2025-HD-QIZHONG)；文件名未限定题号；正文定位方式=行内答案键；题干块6-gram重叠0.0000(题干329字/材料段4字)；同题另一来源块状态较弱(存在候选)，已按最强状态归并
BJ-2025-HD-QIZHONG-Q25,BJ-2025-HD-QIZHONG,25,S7bbd92bd3b93,2025模拟题/2025各区期末/2025海淀期中/细则/细则.docx,评分材料,正式评分材料,存在候选,存在候选,0.0,,考试身份同(BJ-2025-HD-QIZHONG)；文件名未限定题号；未能在材料正文定位到第25题段，仅按同卷材料登记为候选；题干块6-gram重叠0.0000(题干703字/材料段0字)
BJ-2025-HD-QIMO-Q16,BJ-2025-HD-QIMO,16,S4b22b6c78aad,2025模拟题/2025各区期末/2025海淀期末/细则/细则.pptx,评分材料,正式评分材料,已匹配正式材料,已匹配正式材料,1.0,,考试身份同(BJ-2025-HD-QIMO)；文件名未限定题号；正文定位方式=题号起首；题干块6-gram重叠1.0000(题干1177字/材料段4000字)；分值文本 8；同题另一来源块状态较弱(已匹配正式材料)，已按最强状态归并
BJ-2025-HD-QIMO-Q2,BJ-2025-HD-QIMO,2,S4b22b6c78aad,2025模拟题/2025各区期末/2025海淀期末/细则/细则.pptx,评分材料,正式评分材料,存在候选,存在候选,1.0,,考试身份同(BJ-2025-HD-QIMO)；文件名未限定题号；正文定位方式=题号起首；题干块6-gram重叠1.0000(题干62字/材料段63字)；同题另一来源块状态较弱(存在候选)，已按最强状态归并
BJ-2025-HD-QIMO-Q5,BJ-2025-HD-QIMO,5,S4b22b6c78aad,2025模拟题/2025各区期末/2025海淀期末/细则/细则.pptx,评分材料,正式评分材料,已匹配正式材料,已匹配正式材料,1.0,,考试身份同(BJ-2025-HD-QIMO)；文件名未限定题号；正文定位方式=题号起首；题干块6-gram重叠1.0000(题干51字/材料段1666字)；同题另一来源块状态较弱(存在候选)，已按最强状态归并
BJ-2025-HD-QIMO-Q1,BJ-2025-HD-QIMO,1,S4b22b6c78aad,2025模拟题/2025各区期末/2025海淀期末/细则/细则.pptx,评分材料,正式评分材料,存在候选,存在候选,0.0357,,考试身份同(BJ-2025-HD-QIMO)；文件名未限定题号；正文定位方式=题号起首；题干块6-gram重叠0.0357(题干1613字/材料段50字)；分值文本 4；同题另一来源块状态较弱(存在候选)，已按最强状态归并
BJ-2025-HD-QIMO-Q6,BJ-2025-HD-QIMO,6,S4b22b6c78aad,2025模拟题/2025各区期末/2025海淀期末/细则/细则.pptx,评分材料,正式评分材料,已匹配正式材料,已匹配正式材料,1.0,,考试身份同(BJ-2025-HD-QIMO)；文件名未限定题号；正文定位方式=题号起首；题干块6-gram重叠1.0000(题干734字/材料段4000字)；同题另一来源块状态较弱(存在候选)，已按最强状态归并
BJ-2025-HD-QIMO-Q18,BJ-2025-HD-QIMO,18,S4b22b6c78aad,2025模拟题/2025各区期末/2025海淀期末/细则/细则.pptx,评分材料,正式评分材料,已匹配正式材料,已匹配正式材料,1.0,,考试身份同(BJ-2025-HD-QIMO)；文件名未限定题号；正文定位方式=题号起首；题干块6-gram重叠1.0000(题干1169字/材料段6624字)；分值文本 7；同题另一来源块状态较弱(已匹配正式材料)，已按最强状态归并
BJ-2025-HD-QIMO-Q19,BJ-2025-HD-QIMO,19,S4b22b6c78aad,2025模拟题/2025各区期末/2025海淀期末/细则/细则.pptx,评分材料,正式评分材料,已匹配正式材料,已匹配正式材料,1.0,,考试身份同(BJ-2025-HD-QIMO)；文件名未限定题号；正文定位方式=题号起首；题干块6-gram重叠1.0000(题干1796字/材料段2659字)；分值文本 8；同题另一来源块状态较弱(存在候选)，已按最强状态归并
BJ-2025-HD-QIMO-Q22,BJ-2025-HD-QIMO,22,S4b22b6c78aad,2025模拟题/2025各区期末/2025海淀期末/细则/细则.pptx,评分材料,正式评分材料,已匹配正式材料,已匹配正式材料,1.0,,考试身份同(BJ-2025-HD-QIMO)；文件名未限定题号；正文定位方式=题号起首；题干块6-gram重叠1.0000(题干78字/材料段862字)；分值文本 9；同题另一来源块状态较弱(存在候选)，已按最强状态归并
BJ-2025-HD-QIMO-Q3,BJ-2025-HD-QIMO,3,S4b22b6c78aad,2025模拟题/2025各区期末/2025海淀期末/细则/细则.pptx,评分材料,正式评分材料,存在候选,存在候选,0.0,,考试身份同(BJ-2025-HD-QIMO)；文件名未限定题号；正文定位方式=题号起首；题干块6-gram重叠0.0000(题干244字/材料段29字)
BJ-2025-HD-QIMO-Q4,BJ-2025-HD-QIMO,4,S4b22b6c78aad,2025模拟题/2025各区期末/2025海淀期末/细则/细则.pptx,评分材料,正式评分材料,存在候选,存在候选,0.0,,考试身份同(BJ-2025-HD-QIMO)；文件名未限定题号；正文定位方式=题号起首；题干块6-gram重叠0.0000(题干190字/材料段19字)
BJ-2025-HD-QIMO-Q7,BJ-2025-HD-QIMO,7,S4b22b6c78aad,2025模拟题/2025各区期末/2025海淀期末/细则/细则.pptx,评分材料,正式评分材料,存在候选,存在候选,0.0,,考试身份同(BJ-2025-HD-QIMO)；文件名未限定题号；未能在材料正文定位到第7题段，仅按同卷材料登记为候选；题干块6-gram重叠0.0000(题干276字/材料段0字)
BJ-2025-HD-QIMO-Q8,BJ-2025-HD-QIMO,8,S4b22b6c78aad,2025模拟题/2025各区期末/2025海淀期末/细则/细则.pptx,评分材料,正式评分材料,存在候选,存在候选,0.0,,考试身份同(BJ-2025-HD-QIMO)；文件名未限定题号；未能在材料正文定位到第8题段，仅按同卷材料登记为候选；题干块6-gram重叠0.0000(题干278字/材料段0字)
BJ-2025-HD-QIMO-Q9,BJ-2025-HD-QIMO,9,S4b22b6c78aad,2025模拟题/2025各区期末/2025海淀期末/细则/细则.pptx,评分材料,正式评分材料,存在候选,存在候选,0.0,,考试身份同(BJ-2025-HD-QIMO)；文件名未限定题号；未能在材料正文定位到第9题段，仅按同卷材料登记为候选；题干块6-gram重叠0.0000(题干330字/材料段0字)
BJ-2025-HD-QIMO-Q10,BJ-2025-HD-QIMO,10,S4b22b6c78aad,2025模拟题/2025各区期末/2025海淀期末/细则/细则.pptx,评分材料,正式评分材料,存在候选,存在候选,0.0,,考试身份同(BJ-2025-HD-QIMO)；文件名未限定题号；未能在材料正文定位到第10题段，仅按同卷材料登记为候选；题干块6-gram重叠0.0000(题干461字/材料段0字)
BJ-2025-HD-QIMO-Q11,BJ-2025-HD-QIMO,11,S4b22b6c78aad,2025模拟题/2025各区期末/2025海淀期末/细则/细则.pptx,评分材料,正式评分材料,存在候选,存在候选,0.0,,考试身份同(BJ-2025-HD-QIMO)；文件名未限定题号；未能在材料正文定位到第11题段，仅按同卷材料登记为候选；题干块6-gram重叠0.0000(题干299字/材料段0字)
BJ-2025-HD-QIMO-Q12,BJ-2025-HD-QIMO,12,S4b22b6c78aad,2025模拟题/2025各区期末/2025海淀期末/细则/细则.pptx,评分材料,正式评分材料,存在候选,存在候选,0.0,,考试身份同(BJ-2025-HD-QIMO)；文件名未限定题号；未能在材料正文定位到第12题段，仅按同卷材料登记为候选；题干块6-gram重叠0.0000(题干421字/材料段0字)
BJ-2025-HD-QIMO-Q13,BJ-2025-HD-QIMO,13,S4b22b6c78aad,2025模拟题/2025各区期末/2025海淀期末/细则/细则.pptx,评分材料,正式评分材料,存在候选,存在候选,0.0,,考试身份同(BJ-2025-HD-QIMO)；文件名未限定题号；未能在材料正文定位到第13题段，仅按同卷材料登记为候选；题干块6-gram重叠0.0000(题干324字/材料段0字)
BJ-2025-HD-QIMO-Q14,BJ-2025-HD-QIMO,14,S4b22b6c78aad,2025模拟题/2025各区期末/2025海淀期末/细则/细则.pptx,评分材料,正式评分材料,存在候选,存在候选,0.0,,考试身份同(BJ-2025-HD-QIMO)；文件名未限定题号；未能在材料正文定位到第14题段，仅按同卷材料登记为候选；题干块6-gram重叠0.0000(题干250字/材料段0字)
BJ-2025-HD-QIMO-Q15,BJ-2025-HD-QIMO,15,S4b22b6c78aad,2025模拟题/2025各区期末/2025海淀期末/细则/细则.pptx,评分材料,正式评分材料,存在候选,存在候选,0.0,,考试身份同(BJ-2025-HD-QIMO)；文件名未限定题号；未能在材料正文定位到第15题段，仅按同卷材料登记为候选；题干块6-gram重叠0.0000(题干268字/材料段0字)
BJ-2025-HD-QIMO-Q17,BJ-2025-HD-QIMO,17,S4b22b6c78aad,2025模拟题/2025各区期末/2025海淀期末/细则/细则.pptx,评分材料,正式评分材料,存在候选,存在候选,0.0,,考试身份同(BJ-2025-HD-QIMO)；文件名未限定题号；未能在材料正文定位到第17题段，仅按同卷材料登记为候选；题干块6-gram重叠0.0000(题干627字/材料段0字)
BJ-2025-HD-QIMO-Q20,BJ-2025-HD-QIMO,20,S4b22b6c78aad,2025模拟题/2025各区期末/2025海淀期末/细则/细则.pptx,评分材料,正式评分材料,存在候选,存在候选,0.0,,考试身份同(BJ-2025-HD-QIMO)；文件名未限定题号；未能在材料正文定位到第20题段，仅按同卷材料登记为候选；题干块6-gram重叠0.0000(题干506字/材料段0字)
BJ-2025-HD-QIMO-Q21,BJ-2025-HD-QIMO,21,S4b22b6c78aad,2025模拟题/2025各区期末/2025海淀期末/细则/细则.pptx,评分材料,正式评分材料,存在候选,存在候选,0.0,,考试身份同(BJ-2025-HD-QIMO)；文件名未限定题号；未能在材料正文定位到第21题段，仅按同卷材料登记为候选；题干块6-gram重叠0.0000(题干712字/材料段0字)
BJ-2025-XC-QIMO-Q16,BJ-2025-XC-QIMO,16,S89d264a31e34,2025模拟题/2025各区期末/2025西城期末/细则/细则.pdf,评分材料,正式评分材料,已匹配正式材料,已匹配正式材料,1.0,,考试身份同(BJ-2025-XC-QIMO)；文件名未限定题号；正文定位方式=题号起首；题干块6-gram重叠1.0000(题干497字/材料段498字)；分值文本 11；同题另一来源块状态较弱(已匹配正式材料)，已按最强状态归并
BJ-2025-XC-QIMO-Q17,BJ-2025-XC-QIMO,17,S89d264a31e34,2025模拟题/2025各区期末/2025西城期末/细则/细则.pdf,评分材料,正式评分材料,已匹配正式材料,已匹配正式材料,1.0,,考试身份同(BJ-2025-XC-QIMO)；文件名未限定题号；正文定位方式=题号起首；题干块6-gram重叠1.0000(题干463字/材料段464字)；分值文本 10；同题另一来源块状态较弱(已匹配正式材料)，已按最强状态归并；同题另一来源块状态较弱(存在候选)，已按最强状态归并；同题另一来源块状态较弱(存在候选)，已按最强状态归并
BJ-2025-XC-QIMO-Q18,BJ-2025-XC-QIMO,18,S89d264a31e34,2025模拟题/2025各区期末/2025西城期末/细则/细则.pdf,评分材料,正式评分材料,已匹配正式材料,已匹配正式材料,1.0,,考试身份同(BJ-2025-XC-QIMO)；文件名未限定题号；正文定位方式=题号起首；题干块6-gram重叠1.0000(题干1059字/材料段1060字)；分值文本 7；同题另一来源块状态较弱(已匹配正式材料)，已按最强状态归并；同题另一来源块状态较弱(存在候选)，已按最强状态归并；同题另一来源块状态较弱(存在候选)，已按最强状态归并
BJ-2025-XC-QIMO-Q19,BJ-2025-XC-QIMO,19,S89d264a31e34,2025模拟题/2025各区期末/2025西城期末/细则/细则.pdf,评分材料,正式评分材料,已匹配正式材料,已匹配正式材料,1.0,,考试身份同(BJ-2025-XC-QIMO)；文件名未限定题号；正文定位方式=题号起首；题干块6-gram重叠1.0000(题干363字/材料段364字)；分值文本 8；同题另一来源块状态较弱(已匹配正式材料)，已按最强状态归并；同题另一来源块状态较弱(存在候选)，已按最强状态归并；同题另一来源块状态较弱(存在候选)，已按最强状态归并
BJ-2025-XC-QIMO-Q20,BJ-2025-XC-QIMO,20,S89d264a31e34,2025模拟题/2025各区期末/2025西城期末/细则/细则.pdf,评分材料,正式评分材料,已匹配正式材料,已匹配正式材料,1.0,,考试身份同(BJ-2025-XC-QIMO)；文件名未限定题号；正文定位方式=题号起首；题干块6-gram重叠1.0000(题干602字/材料段603字)；分值文本 9；同题另一来源块状态较弱(已匹配正式材料)，已按最强状态归并；同题另一来源块状态较弱(存在候选)，已按最强状态归并；同题另一来源块状态较弱(存在候选)，已按最强状态归并
BJ-2025-XC-QIMO-Q21,BJ-2025-XC-QIMO,21,S89d264a31e34,2025模拟题/2025各区期末/2025西城期末/细则/细则.pdf,评分材料,正式评分材料,已匹配正式材料,已匹配正式材料,1.0,,考试身份同(BJ-2025-XC-QIMO)；文件名未限定题号；正文定位方式=题号起首；题干块6-gram重叠1.0000(题干817字/材料段821字)；分值文本 10；同题另一来源块状态较弱(已匹配正式材料)，已按最强状态归并；同题另一来源块状态较弱(存在候选)，已按最强状态归并；同题另一来源块状态较弱(存在候选)，已按最强状态归并
BJ-2025-XC-QIMO-Q1,BJ-2025-XC-QIMO,1,S89d264a31e34,2025模拟题/2025各区期末/2025西城期末/细则/细则.pdf,评分材料,正式评分材料,存在候选,存在候选,0.0,,考试身份同(BJ-2025-XC-QIMO)；文件名未限定题号；未能在材料正文定位到第1题段，仅按同卷材料登记为候选；题干块6-gram重叠0.0000(题干321字/材料段0字)；同题另一来源块状态较弱(存在候选)，已按最强状态归并
BJ-2025-XC-QIMO-Q2,BJ-2025-XC-QIMO,2,S89d264a31e34,2025模拟题/2025各区期末/2025西城期末/细则/细则.pdf,评分材料,正式评分材料,存在候选,存在候选,0.0,,考试身份同(BJ-2025-XC-QIMO)；文件名未限定题号；未能在材料正文定位到第2题段，仅按同卷材料登记为候选；题干块6-gram重叠0.0000(题干230字/材料段0字)；同题另一来源块状态较弱(存在候选)，已按最强状态归并
BJ-2025-XC-QIMO-Q3,BJ-2025-XC-QIMO,3,S89d264a31e34,2025模拟题/2025各区期末/2025西城期末/细则/细则.pdf,评分材料,正式评分材料,存在候选,存在候选,0.0,,考试身份同(BJ-2025-XC-QIMO)；文件名未限定题号；未能在材料正文定位到第3题段，仅按同卷材料登记为候选；题干块6-gram重叠0.0000(题干342字/材料段0字)；同题另一来源块状态较弱(存在候选)，已按最强状态归并
BJ-2025-XC-QIMO-Q4,BJ-2025-XC-QIMO,4,S89d264a31e34,2025模拟题/2025各区期末/2025西城期末/细则/细则.pdf,评分材料,正式评分材料,存在候选,存在候选,0.0,,考试身份同(BJ-2025-XC-QIMO)；文件名未限定题号；未能在材料正文定位到第4题段，仅按同卷材料登记为候选；题干块6-gram重叠0.0000(题干194字/材料段0字)；同题另一来源块状态较弱(存在候选)，已按最强状态归并
BJ-2025-XC-QIMO-Q5,BJ-2025-XC-QIMO,5,S89d264a31e34,2025模拟题/2025各区期末/2025西城期末/细则/细则.pdf,评分材料,正式评分材料,存在候选,存在候选,0.0,,考试身份同(BJ-2025-XC-QIMO)；文件名未限定题号；未能在材料正文定位到第5题段，仅按同卷材料登记为候选；题干块6-gram重叠0.0000(题干281字/材料段0字)；同题另一来源块状态较弱(存在候选)，已按最强状态归并
BJ-2025-XC-QIMO-Q6,BJ-2025-XC-QIMO,6,S89d264a31e34,2025模拟题/2025各区期末/2025西城期末/细则/细则.pdf,评分材料,正式评分材料,存在候选,存在候选,0.0,,考试身份同(BJ-2025-XC-QIMO)；文件名未限定题号；未能在材料正文定位到第6题段，仅按同卷材料登记为候选；题干块6-gram重叠0.0000(题干121字/材料段0字)；同题另一来源块状态较弱(存在候选)，已按最强状态归并
BJ-2025-XC-QIMO-Q7,BJ-2025-XC-QIMO,7,S89d264a31e34,2025模拟题/2025各区期末/2025西城期末/细则/细则.pdf,评分材料,正式评分材料,存在候选,存在候选,0.0,,考试身份同(BJ-2025-XC-QIMO)；文件名未限定题号；未能在材料正文定位到第7题段，仅按同卷材料登记为候选；题干块6-gram重叠0.0000(题干228字/材料段0字)；同题另一来源块状态较弱(存在候选)，已按最强状态归并
BJ-2025-XC-QIMO-Q8,BJ-2025-XC-QIMO,8,S89d264a31e34,2025模拟题/2025各区期末/2025西城期末/细则/细则.pdf,评分材料,正式评分材料,存在候选,存在候选,0.0,,考试身份同(BJ-2025-XC-QIMO)；文件名未限定题号；未能在材料正文定位到第8题段，仅按同卷材料登记为候选；题干块6-gram重叠0.0000(题干427字/材料段0字)；同题另一来源块状态较弱(存在候选)，已按最强状态归并
BJ-2025-XC-QIMO-Q9,BJ-2025-XC-QIMO,9,S89d264a31e34,2025模拟题/2025各区期末/2025西城期末/细则/细则.pdf,评分材料,正式评分材料,存在候选,存在候选,0.0,,考试身份同(BJ-2025-XC-QIMO)；文件名未限定题号；未能在材料正文定位到第9题段，仅按同卷材料登记为候选；题干块6-gram重叠0.0000(题干189字/材料段0字)；同题另一来源块状态较弱(存在候选)，已按最强状态归并
BJ-2025-XC-QIMO-Q10,BJ-2025-XC-QIMO,10,S89d264a31e34,2025模拟题/2025各区期末/2025西城期末/细则/细则.pdf,评分材料,正式评分材料,存在候选,存在候选,0.0,,考试身份同(BJ-2025-XC-QIMO)；文件名未限定题号；未能在材料正文定位到第10题段，仅按同卷材料登记为候选；题干块6-gram重叠0.0000(题干277字/材料段0字)；同题另一来源块状态较弱(存在候选)，已按最强状态归并
BJ-2025-XC-QIMO-Q11,BJ-2025-XC-QIMO,11,S89d264a31e34,2025模拟题/2025各区期末/2025西城期末/细则/细则.pdf,评分材料,正式评分材料,存在候选,存在候选,0.0,,考试身份同(BJ-2025-XC-QIMO)；文件名未限定题号；未能在材料正文定位到第11题段，仅按同卷材料登记为候选；题干块6-gram重叠0.0000(题干208字/材料段0字)；同题另一来源块状态较弱(存在候选)，已按最强状态归并
BJ-2025-XC-QIMO-Q12,BJ-2025-XC-QIMO,12,S89d264a31e34,2025模拟题/2025各区期末/2025西城期末/细则/细则.pdf,评分材料,正式评分材料,存在候选,存在候选,0.0,,考试身份同(BJ-2025-XC-QIMO)；文件名未限定题号；未能在材料正文定位到第12题段，仅按同卷材料登记为候选；题干块6-gram重叠0.0000(题干345字/材料段0字)；同题另一来源块状态较弱(存在候选)，已按最强状态归并
BJ-2025-XC-QIMO-Q13,BJ-2025-XC-QIMO,13,S89d264a31e34,2025模拟题/2025各区期末/2025西城期末/细则/细则.pdf,评分材料,正式评分材料,存在候选,存在候选,0.0,,考试身份同(BJ-2025-XC-QIMO)；文件名未限定题号；未能在材料正文定位到第13题段，仅按同卷材料登记为候选；题干块6-gram重叠0.0000(题干307字/材料段0字)；同题另一来源块状态较弱(存在候选)，已按最强状态归并
BJ-2025-XC-QIMO-Q14,BJ-2025-XC-QIMO,14,S89d264a31e34,2025模拟题/2025各区期末/2025西城期末/细则/细则.pdf,评分材料,正式评分材料,存在候选,存在候选,0.0,,考试身份同(BJ-2025-XC-QIMO)；文件名未限定题号；未能在材料正文定位到第14题段，仅按同卷材料登记为候选；题干块6-gram重叠0.0000(题干104字/材料段0字)；同题另一来源块状态较弱(存在候选)，已按最强状态归并
BJ-2025-XC-QIMO-Q15,BJ-2025-XC-QIMO,15,S89d264a31e34,2025模拟题/2025各区期末/2025西城期末/细则/细则.pdf,评分材料,正式评分材料,存在候选,存在候选,0.0,,考试身份同(BJ-2025-XC-QIMO)；文件名未限定题号；未能在材料正文定位到第15题段，仅按同卷材料登记为候选；题干块6-gram重叠0.0000(题干987字/材料段0字)；分值文本 5；同题另一来源块状态较弱(存在候选)，已按最强状态归并
BJ-2026-DC-YIMO-Q16,BJ-2026-DC-YIMO,16,Sbbcb45c7197f,2026模拟题/2026各区一模/2026东城一模/细则/分题细则/东城一模评标细则（勿传）/16.pptx,评分细则_分题切片,正式评分材料,已匹配正式材料,已匹配正式材料,1.0,,考试身份同(BJ-2026-DC-YIMO)；文件名未限定题号；正文定位方式=题号起首；题干块6-gram重叠1.0000(题干945字/材料段1850字)；分值文本 7；同题另一来源块状态较弱(已匹配正式材料)，已按最强状态归并；同题另一来源块状态较弱(已匹配正式材料)，已按最强状态归并；同题另一来源块状态较弱(已匹配正式材料)，已按最强状态归并
BJ-2026-DC-YIMO-Q16,BJ-2026-DC-YIMO,16,S3566266405cd,2026模拟题/2026各区一模/2026东城一模/细则/分题细则/东城一模评标细则（勿传）/17.pptx,评分细则_分题切片,正式评分材料,存在候选,已匹配正式材料,0.0,,考试身份同(BJ-2026-DC-YIMO)；文件名未限定题号；未能在材料正文定位到第16题段，仅按同卷材料登记为候选；题干块6-gram重叠0.0000(题干945字/材料段0字)；分值文本 7；同题另一来源块状态较弱(存在候选)，已按最强状态归并；同题另一来源块状态较弱(存在候选)，已按最强状态归并；同题另一来源块状态较弱(存在候选)，已按最强状态归并
BJ-2026-DC-YIMO-Q16,BJ-2026-DC-YIMO,16,S5a07157a05d1,2026模拟题/2026各区一模/2026东城一模/细则/分题细则/东城一模评标细则（勿传）/18+选择7、13.pptx,评分细则_分题切片,正式评分材料,存在候选,已匹配正式材料,0.0,,考试身份同(BJ-2026-DC-YIMO)；文件名未限定题号；未能在材料正文定位到第16题段，仅按同卷材料登记为候选；题干块6-gram重叠0.0000(题干945字/材料段0字)；分值文本 7；同题另一来源块状态较弱(存在候选)，已按最强状态归并；同题另一来源块状态较弱(存在候选)，已按最强状态归并；同题另一来源块状态较弱(存在候选)，已按最强状态归并
BJ-2026-DC-YIMO-Q16,BJ-2026-DC-YIMO,16,S88c00449e9f0,2026模拟题/2026各区一模/2026东城一模/细则/分题细则/东城一模评标细则（勿传）/19（1）.pptx,评分细则_分题切片,正式评分材料,已排除（文件名指向他题）,已匹配正式材料,0.0,19,考试身份同(BJ-2026-DC-YIMO)；文件名题号{19}与本题号不一致；未能在材料正文定位到第16题段，仅按同卷材料登记为候选；题干块6-gram重叠0.0000(题干945字/材料段0字)；分值文本 7；同题另一来源块状态较弱(已排除（文件名指向他题）)，已按最强状态归并；同题另一来源块状态较弱(已排除（文件名指向他题）)，已按最强状态归并；同题另一来源块状态较弱(已排除（文件名指向他题）)，已按最强状态归并
BJ-2026-DC-YIMO-Q16,BJ-2026-DC-YIMO,16,S4e0ae5b46ae6,2026模拟题/2026各区一模/2026东城一模/细则/分题细则/东城一模评标细则（勿传）/19（2）.pptx,评分细则_分题切片,正式评分材料,已排除（文件名指向他题）,已匹配正式材料,0.0,19,考试身份同(BJ-2026-DC-YIMO)；文件名题号{19}与本题号不一致；未能在材料正文定位到第16题段，仅按同卷材料登记为候选；题干块6-gram重叠0.0000(题干945字/材料段0字)；分值文本 7；同题另一来源块状态较弱(已排除（文件名指向他题）)，已按最强状态归并；同题另一来源块状态较弱(已排除（文件名指向他题）)，已按最强状态归并；同题另一来源块状态较弱(已排除（文件名指向他题）)，已按最强状态归并
BJ-2026-DC-YIMO-Q16,BJ-2026-DC-YIMO,16,Saa63045ae376,2026模拟题/2026各区一模/2026东城一模/细则/分题细则/东城一模评标细则（勿传）/19（3）.pptx,评分细则_分题切片,正式评分材料,已排除（文件名指向他题）,已匹配正式材料,0.0,19,考试身份同(BJ-2026-DC-YIMO)；文件名题号{19}与本题号不一致；未能在材料正文定位到第16题段，仅按同卷材料登记为候选；题干块6-gram重叠0.0000(题干945字/材料段0字)；分值文本 7；同题另一来源块状态较弱(已排除（文件名指向他题）)，已按最强状态归并；同题另一来源块状态较弱(已排除（文件名指向他题）)，已按最强状态归并；同题另一来源块状态较弱(已排除（文件名指向他题）)，已按最强状态归并
BJ-2026-DC-YIMO-Q16,BJ-2026-DC-YIMO,16,S04de6654b5f8,2026模拟题/2026各区一模/2026东城一模/细则/分题细则/东城一模评标细则（勿传）/19（4）.pptx,评分细则_分题切片,正式评分材料,已排除（文件名指向他题）,已匹配正式材料,0.0,19,考试身份同(BJ-2026-DC-YIMO)；文件名题号{19}与本题号不一致；未能在材料正文定位到第16题段，仅按同卷材料登记为候选；题干块6-gram重叠0.0000(题干945字/材料段0字)；分值文本 7；同题另一来源块状态较弱(已排除（文件名指向他题）)，已按最强状态归并；同题另一来源块状态较弱(已排除（文件名指向他题）)，已按最强状态归并；同题另一来源块状态较弱(已排除（文件名指向他题）)，已按最强状态归并
BJ-2026-DC-YIMO-Q16,BJ-2026-DC-YIMO,16,S16fa597a98fe,2026模拟题/2026各区一模/2026东城一模/细则/分题细则/东城一模评标细则（勿传）/20.pptx,评分细则_分题切片,正式评分材料,存在候选,已匹配正式材料,0.0,,考试身份同(BJ-2026-DC-YIMO)；文件名未限定题号；未能在材料正文定位到第16题段，仅按同卷材料登记为候选；题干块6-gram重叠0.0000(题干945字/材料段0字)；分值文本 7；同题另一来源块状态较弱(存在候选)，已按最强状态归并；同题另一来源块状态较弱(存在候选)，已按最强状态归并；同题另一来源块状态较弱(存在候选)，已按最强状态归并
BJ-2026-DC-YIMO-Q16,BJ-2026-DC-YIMO,16,Seaae525d6ec9,2026模拟题/2026各区一模/2026东城一模/细则/细则.pdf,评分材料,正式评分材料,存在候选,已匹配正式材料,0.0,,考试身份同(BJ-2026-DC-YIMO)；文件名未限定题号；未能在材料正文定位到第16题段，仅按同卷材料登记为候选；题干块6-gram重叠0.0000(题干945字/材料段0字)；分值文本 7；同题另一来源块状态较弱(存在候选)，已按最强状态归并；同题另一来源块状态较弱(存在候选)，已按最强状态归并；同题另一来源块状态较弱(存在候选)，已按最强状态归并
BJ-2026-DC-YIMO-Q16,BJ-2026-DC-YIMO,16,S99e851c9338f,2026模拟题/2026各区一模/2026东城一模/细则/补充材料/26东城一模细则.pdf,评分材料,正式评分材料,存在候选,已匹配正式材料,0.0,,考试身份同(BJ-2026-DC-YIMO)；文件名未限定题号；未能在材料正文定位到第16题段，仅按同卷材料登记为候选；题干块6-gram重叠0.0000(题干945字/材料段0字)；分值文本 7；同题另一来源块状态较弱(存在候选)，已按最强状态归并；同题另一来源块状态较弱(存在候选)，已按最强状态归并；同题另一来源块状态较弱(存在候选)，已按最强状态归并
BJ-2026-DC-YIMO-Q2,BJ-2026-DC-YIMO,2,Sbbcb45c7197f,2026模拟题/2026各区一模/2026东城一模/细则/分题细则/东城一模评标细则（勿传）/16.pptx,评分细则_分题切片,正式评分材料,存在候选,已匹配正式材料,1.0,,考试身份同(BJ-2026-DC-YIMO)；文件名未限定题号；正文定位方式=题号起首；题干块6-gram重叠1.0000(题干43字/材料段44字)；同题另一来源块状态较弱(存在候选)，已按最强状态归并；同题另一来源块状态较弱(存在候选)，已按最强状态归并；同题另一来源块状态较弱(存在候选)，已按最强状态归并；同题另一来源块状态较弱(存在候选)，已按最强状态归并；同题另一来源块状态较弱(存在候选)，已按最强状态归并；同题另一来源块状态较弱(存在候选)，已按最强状态归并
BJ-2026-DC-YIMO-Q2,BJ-2026-DC-YIMO,2,S3566266405cd,2026模拟题/2026各区一模/2026东城一模/细则/分题细则/东城一模评标细则（勿传）/17.pptx,评分细则_分题切片,正式评分材料,存在候选,已匹配正式材料,0.0,,考试身份同(BJ-2026-DC-YIMO)；文件名未限定题号；正文定位方式=题号起首；题干块6-gram重叠0.0000(题干43字/材料段82字)；同题另一来源块状态较弱(存在候选)，已按最强状态归并；同题另一来源块状态较弱(存在候选)，已按最强状态归并；同题另一来源块状态较弱(存在候选)，已按最强状态归并；同题另一来源块状态较弱(存在候选)，已按最强状态归并；同题另一来源块状态较弱(存在候选)，已按最强状态归并；同题另一来源块状态较弱(存在候选)，已按最强状态归并
BJ-2026-DC-YIMO-Q2,BJ-2026-DC-YIMO,2,S5a07157a05d1,2026模拟题/2026各区一模/2026东城一模/细则/分题细则/东城一模评标细则（勿传）/18+选择7、13.pptx,评分细则_分题切片,正式评分材料,存在候选,已匹配正式材料,0.0,,考试身份同(BJ-2026-DC-YIMO)；文件名未限定题号；正文定位方式=题号起首；题干块6-gram重叠0.0000(题干43字/材料段22字)；同题另一来源块状态较弱(存在候选)，已按最强状态归并；同题另一来源块状态较弱(存在候选)，已按最强状态归并；同题另一来源块状态较弱(存在候选)，已按最强状态归并；同题另一来源块状态较弱(存在候选)，已按最强状态归并；同题另一来源块状态较弱(存在候选)，已按最强状态归并；同题另一来源块状态较弱(存在候选)，已按最强状态归并
BJ-2026-DC-YIMO-Q2,BJ-2026-DC-YIMO,2,S88c00449e9f0,2026模拟题/2026各区一模/2026东城一模/细则/分题细则/东城一模评标细则（勿传）/19（1）.pptx,评分细则_分题切片,正式评分材料,已排除（文件名指向他题）,已匹配正式材料,0.0,19,考试身份同(BJ-2026-DC-YIMO)；文件名题号{19}与本题号不一致；未能在材料正文定位到第2题段，仅按同卷材料登记为候选；题干块6-gram重叠0.0000(题干43字/材料段0字)；同题另一来源块状态较弱(已排除（文件名指向他题）)，已按最强状态归并；同题另一来源块状态较弱(已排除（文件名指向他题）)，已按最强状态归并；同题另一来源块状态较弱(已排除（文件名指向他题）)，已按最强状态归并；同题另一来源块状态较弱(已排除（文件名指向他题）)，已按最强状态归并；同题另一来源块状态较弱(已排除（文件名指向他题）)，已按最强状态归并；同题另一来源块状态较弱(已排除（文件名指向他题）)，已按最强状态归并
BJ-2026-DC-YIMO-Q2,BJ-2026-DC-YIMO,2,S4e0ae5b46ae6,2026模拟题/2026各区一模/2026东城一模/细则/分题细则/东城一模评标细则（勿传）/19（2）.pptx,评分细则_分题切片,正式评分材料,已排除（文件名指向他题）,已匹配正式材料,0.0,19,考试身份同(BJ-2026-DC-YIMO)；文件名题号{19}与本题号不一致；正文定位方式=题号起首；题干块6-gram重叠0.0000(题干43字/材料段25字)；同题另一来源块状态较弱(已排除（文件名指向他题）)，已按最强状态归并；同题另一来源块状态较弱(已排除（文件名指向他题）)，已按最强状态归并；同题另一来源块状态较弱(已排除（文件名指向他题）)，已按最强状态归并；同题另一来源块状态较弱(已排除（文件名指向他题）)，已按最强状态归并；同题另一来源块状态较弱(已排除（文件名指向他题）)，已按最强状态归并；同题另一来源块状态较弱(已排除（文件名指向他题）)，已按最强状态归并
BJ-2026-DC-YIMO-Q2,BJ-2026-DC-YIMO,2,Saa63045ae376,2026模拟题/2026各区一模/2026东城一模/细则/分题细则/东城一模评标细则（勿传）/19（3）.pptx,评分细则_分题切片,正式评分材料,已排除（文件名指向他题）,已匹配正式材料,0.0,19,考试身份同(BJ-2026-DC-YIMO)；文件名题号{19}与本题号不一致；正文定位方式=题号起首；题干块6-gram重叠0.0000(题干43字/材料段23字)；同题另一来源块状态较弱(已排除（文件名指向他题）)，已按最强状态归并；同题另一来源块状态较弱(已排除（文件名指向他题）)，已按最强状态归并；同题另一来源块状态较弱(已排除（文件名指向他题）)，已按最强状态归并；同题另一来源块状态较弱(已排除（文件名指向他题）)，已按最强状态归并；同题另一来源块状态较弱(已排除（文件名指向他题）)，已按最强状态归并；同题另一来源块状态较弱(已排除（文件名指向他题）)，已按最强状态归并
BJ-2026-DC-YIMO-Q2,BJ-2026-DC-YIMO,2,S04de6654b5f8,2026模拟题/2026各区一模/2026东城一模/细则/分题细则/东城一模评标细则（勿传）/19（4）.pptx,评分细则_分题切片,正式评分材料,已排除（文件名指向他题）,已匹配正式材料,0.0,19,考试身份同(BJ-2026-DC-YIMO)；文件名题号{19}与本题号不一致；未能在材料正文定位到第2题段，仅按同卷材料登记为候选；题干块6-gram重叠0.0000(题干43字/材料段0字)；同题另一来源块状态较弱(已排除（文件名指向他题）)，已按最强状态归并；同题另一来源块状态较弱(已排除（文件名指向他题）)，已按最强状态归并；同题另一来源块状态较弱(已排除（文件名指向他题）)，已按最强状态归并；同题另一来源块状态较弱(已排除（文件名指向他题）)，已按最强状态归并；同题另一来源块状态较弱(已排除（文件名指向他题）)，已按最强状态归并；同题另一来源块状态较弱(已排除（文件名指向他题）)，已按最强状态归并
BJ-2026-DC-YIMO-Q2,BJ-2026-DC-YIMO,2,S16fa597a98fe,2026模拟题/2026各区一模/2026东城一模/细则/分题细则/东城一模评标细则（勿传）/20.pptx,评分细则_分题切片,正式评分材料,存在候选,已匹配正式材料,0.0,,考试身份同(BJ-2026-DC-YIMO)；文件名未限定题号；正文定位方式=题号起首；题干块6-gram重叠0.0000(题干43字/材料段38字)；同题另一来源块状态较弱(存在候选)，已按最强状态归并；同题另一来源块状态较弱(存在候选)，已按最强状态归并；同题另一来源块状态较弱(存在候选)，已按最强状态归并；同题另一来源块状态较弱(存在候选)，已按最强状态归并；同题另一来源块状态较弱(存在候选)，已按最强状态归并；同题另一来源块状态较弱(存在候选)，已按最强状态归并
BJ-2026-DC-YIMO-Q2,BJ-2026-DC-YIMO,2,Seaae525d6ec9,2026模拟题/2026各区一模/2026东城一模/细则/细则.pdf,评分材料,正式评分材料,存在候选,已匹配正式材料,0.0,,考试身份同(BJ-2026-DC-YIMO)；文件名未限定题号；未能在材料正文定位到第2题段，仅按同卷材料登记为候选；题干块6-gram重叠0.0000(题干43字/材料段0字)；同题另一来源块状态较弱(存在候选)，已按最强状态归并；同题另一来源块状态较弱(存在候选)，已按最强状态归并；同题另一来源块状态较弱(存在候选)，已按最强状态归并；同题另一来源块状态较弱(存在候选)，已按最强状态归并；同题另一来源块状态较弱(存在候选)，已按最强状态归并；同题另一来源块状态较弱(存在候选)，已按最强状态归并
BJ-2026-DC-YIMO-Q2,BJ-2026-DC-YIMO,2,S99e851c9338f,2026模拟题/2026各区一模/2026东城一模/细则/补充材料/26东城一模细则.pdf,评分材料,正式评分材料,已匹配正式材料,已匹配正式材料,0.3889,,考试身份同(BJ-2026-DC-YIMO)；文件名未限定题号；正文定位方式=题号起首；题干块6-gram重叠0.3889(题干678字/材料段1795字)；同题另一来源块状态较弱(存在候选)，已按最强状态归并；同题另一来源块状态较弱(已匹配正式材料)，已按最强状态归并；同题另一来源块状态较弱(已匹配正式材料)，已按最强状态归并；同题另一来源块状态较弱(存在候选)，已按最强状态归并；同题另一来源块状态较弱(存在候选)，已按最强状态归并；同题另一来源块状态较弱(存在候选)，已按最强状态归并
BJ-2026-DC-YIMO-Q4,BJ-2026-DC-YIMO,4,Sbbcb45c7197f,2026模拟题/2026各区一模/2026东城一模/细则/分题细则/东城一模评标细则（勿传）/16.pptx,评分细则_分题切片,正式评分材料,已匹配正式材料,存在冲突,1.0,,考试身份同(BJ-2026-DC-YIMO)；文件名未限定题号；正文定位方式=题号起首；题干块6-gram重叠1.0000(题干615字/材料段825字)；同题另一来源块状态较弱(存在候选)，已按最强状态归并；同题另一来源块状态较弱(存在候选)，已按最强状态归并；同题另一来源块状态较弱(存在候选)，已按最强状态归并；同题另一来源块状态较弱(存在候选)，已按最强状态归并；同题另一来源块状态较弱(存在候选)，已按最强状态归并
BJ-2026-DC-YIMO-Q4,BJ-2026-DC-YIMO,4,S3566266405cd,2026模拟题/2026各区一模/2026东城一模/细则/分题细则/东城一模评标细则（勿传）/17.pptx,评分细则_分题切片,正式评分材料,存在候选,存在冲突,0.0,,考试身份同(BJ-2026-DC-YIMO)；文件名未限定题号；未能在材料正文定位到第4题段，仅按同卷材料登记为候选；题干块6-gram重叠0.0000(题干615字/材料段0字)；同题另一来源块状态较弱(存在候选)，已按最强状态归并；同题另一来源块状态较弱(存在候选)，已按最强状态归并；同题另一来源块状态较弱(存在候选)，已按最强状态归并；同题另一来源块状态较弱(存在候选)，已按最强状态归并；同题另一来源块状态较弱(存在候选)，已按最强状态归并
BJ-2026-DC-YIMO-Q4,BJ-2026-DC-YIMO,4,S5a07157a05d1,2026模拟题/2026各区一模/2026东城一模/细则/分题细则/东城一模评标细则（勿传）/18+选择7、13.pptx,评分细则_分题切片,正式评分材料,存在候选,存在冲突,0.0,,考试身份同(BJ-2026-DC-YIMO)；文件名未限定题号；未能在材料正文定位到第4题段，仅按同卷材料登记为候选；题干块6-gram重叠0.0000(题干615字/材料段0字)；同题另一来源块状态较弱(存在候选)，已按最强状态归并；同题另一来源块状态较弱(存在候选)，已按最强状态归并；同题另一来源块状态较弱(存在候选)，已按最强状态归并；同题另一来源块状态较弱(存在候选)，已按最强状态归并；同题另一来源块状态较弱(存在候选)，已按最强状态归并
BJ-2026-DC-YIMO-Q4,BJ-2026-DC-YIMO,4,S88c00449e9f0,2026模拟题/2026各区一模/2026东城一模/细则/分题细则/东城一模评标细则（勿传）/19（1）.pptx,评分细则_分题切片,正式评分材料,已排除（文件名指向他题）,存在冲突,0.0,19,考试身份同(BJ-2026-DC-YIMO)；文件名题号{19}与本题号不一致；未能在材料正文定位到第4题段，仅按同卷材料登记为候选；题干块6-gram重叠0.0000(题干615字/材料段0字)；同题另一来源块状态较弱(已排除（文件名指向他题）)，已按最强状态归并；同题另一来源块状态较弱(已排除（文件名指向他题）)，已按最强状态归并；同题另一来源块状态较弱(已排除（文件名指向他题）)，已按最强状态归并；同题另一来源块状态较弱(已排除（文件名指向他题）)，已按最强状态归并；同题另一来源块状态较弱(已排除（文件名指向他题）)，已按最强状态归并
BJ-2026-DC-YIMO-Q4,BJ-2026-DC-YIMO,4,S4e0ae5b46ae6,2026模拟题/2026各区一模/2026东城一模/细则/分题细则/东城一模评标细则（勿传）/19（2）.pptx,评分细则_分题切片,正式评分材料,已排除（文件名指向他题）,存在冲突,0.0019,19,考试身份同(BJ-2026-DC-YIMO)；文件名题号{19}与本题号不一致；正文定位方式=题号起首；题干块6-gram重叠0.0019(题干615字/材料段1141字)；同题另一来源块状态较弱(已排除（文件名指向他题）)，已按最强状态归并；同题另一来源块状态较弱(已排除（文件名指向他题）)，已按最强状态归并；同题另一来源块状态较弱(已排除（文件名指向他题）)，已按最强状态归并；同题另一来源块状态较弱(已排除（文件名指向他题）)，已按最强状态归并；同题另一来源块状态较弱(已排除（文件名指向他题）)，已按最强状态归并
BJ-2026-DC-YIMO-Q4,BJ-2026-DC-YIMO,4,Saa63045ae376,2026模拟题/2026各区一模/2026东城一模/细则/分题细则/东城一模评标细则（勿传）/19（3）.pptx,评分细则_分题切片,正式评分材料,已排除（文件名指向他题）,存在冲突,0.0,19,考试身份同(BJ-2026-DC-YIMO)；文件名题号{19}与本题号不一致；正文定位方式=题号起首；题干块6-gram重叠0.0000(题干615字/材料段21字)；同题另一来源块状态较弱(已排除（文件名指向他题）)，已按最强状态归并；同题另一来源块状态较弱(已排除（文件名指向他题）)，已按最强状态归并；同题另一来源块状态较弱(已排除（文件名指向他题）)，已按最强状态归并；同题另一来源块状态较弱(已排除（文件名指向他题）)，已按最强状态归并；同题另一来源块状态较弱(已排除（文件名指向他题）)，已按最强状态归并
BJ-2026-DC-YIMO-Q4,BJ-2026-DC-YIMO,4,S04de6654b5f8,2026模拟题/2026各区一模/2026东城一模/细则/分题细则/东城一模评标细则（勿传）/19（4）.pptx,评分细则_分题切片,正式评分材料,已排除（文件名指向他题）,存在冲突,0.0,19,考试身份同(BJ-2026-DC-YIMO)；文件名题号{19}与本题号不一致；未能在材料正文定位到第4题段，仅按同卷材料登记为候选；题干块6-gram重叠0.0000(题干615字/材料段0字)；同题另一来源块状态较弱(已排除（文件名指向他题）)，已按最强状态归并；同题另一来源块状态较弱(已排除（文件名指向他题）)，已按最强状态归并；同题另一来源块状态较弱(已排除（文件名指向他题）)，已按最强状态归并；同题另一来源块状态较弱(已排除（文件名指向他题）)，已按最强状态归并；同题另一来源块状态较弱(已排除（文件名指向他题）)，已按最强状态归并
BJ-2026-DC-YIMO-Q4,BJ-2026-DC-YIMO,4,S16fa597a98fe,2026模拟题/2026各区一模/2026东城一模/细则/分题细则/东城一模评标细则（勿传）/20.pptx,评分细则_分题切片,正式评分材料,已匹配正式材料,存在冲突,1.0,,考试身份同(BJ-2026-DC-YIMO)；文件名未限定题号；正文定位方式=题号起首；题干块6-gram重叠1.0000(题干200字/材料段201字)；同题另一来源块状态较弱(存在候选)，已按最强状态归并；同题另一来源块状态较弱(存在候选)，已按最强状态归并；同题另一来源块状态较弱(存在候选)，已按最强状态归并；同题另一来源块状态较弱(存在候选)，已按最强状态归并；同题另一来源块状态较弱(存在候选)，已按最强状态归并
BJ-2026-DC-YIMO-Q4,BJ-2026-DC-YIMO,4,Seaae525d6ec9,2026模拟题/2026各区一模/2026东城一模/细则/细则.pdf,评分材料,正式评分材料,存在候选,存在冲突,0.0,,考试身份同(BJ-2026-DC-YIMO)；文件名未限定题号；未能在材料正文定位到第4题段，仅按同卷材料登记为候选；题干块6-gram重叠0.0000(题干615字/材料段0字)；同题另一来源块状态较弱(存在候选)，已按最强状态归并；同题另一来源块状态较弱(存在候选)，已按最强状态归并；同题另一来源块状态较弱(存在候选)，已按最强状态归并；同题另一来源块状态较弱(存在候选)，已按最强状态归并；同题另一来源块状态较弱(存在候选)，已按最强状态归并
BJ-2026-DC-YIMO-Q4,BJ-2026-DC-YIMO,4,S99e851c9338f,2026模拟题/2026各区一模/2026东城一模/细则/补充材料/26东城一模细则.pdf,评分材料,正式评分材料,存在候选,存在冲突,0.0,,考试身份同(BJ-2026-DC-YIMO)；文件名未限定题号；正文定位方式=题号起首；题干块6-gram重叠0.0000(题干615字/材料段2391字)；同题另一来源块状态较弱(存在候选)，已按最强状态归并；同题另一来源块状态较弱(存在候选)，已按最强状态归并；同题另一来源块状态较弱(存在候选)，已按最强状态归并；同题另一来源块状态较弱(存在候选)，已按最强状态归并；同题另一来源块状态较弱(存在候选)，已按最强状态归并
BJ-2026-DC-YIMO-Q1,BJ-2026-DC-YIMO,1,Sbbcb45c7197f,2026模拟题/2026各区一模/2026东城一模/细则/分题细则/东城一模评标细则（勿传）/16.pptx,评分细则_分题切片,正式评分材料,存在候选,存在冲突,0.1514,,考试身份同(BJ-2026-DC-YIMO)；文件名未限定题号；正文定位方式=题号起首；题干块6-gram重叠0.1514(题干208字/材料段36字)；同题另一来源块状态较弱(存在候选)，已按最强状态归并；同题另一来源块状态较弱(存在候选)，已按最强状态归并；同题另一来源块状态较弱(存在候选)，已按最强状态归并；同题另一来源块状态较弱(存在候选)，已按最强状态归并；同题另一来源块状态较弱(存在候选)，已按最强状态归并；同题另一来源块状态较弱(存在候选)，已按最强状态归并；同题另一来源块状态较弱(存在候选)，已按最强状态归并
BJ-2026-DC-YIMO-Q1,BJ-2026-DC-YIMO,1,S3566266405cd,2026模拟题/2026各区一模/2026东城一模/细则/分题细则/东城一模评标细则（勿传）/17.pptx,评分细则_分题切片,正式评分材料,已匹配正式材料,存在冲突,1.0,,考试身份同(BJ-2026-DC-YIMO)；文件名未限定题号；正文定位方式=题号起首；题干块6-gram重叠1.0000(题干76字/材料段674字)；同题另一来源块状态较弱(存在候选)，已按最强状态归并；同题另一来源块状态较弱(存在候选)，已按最强状态归并；同题另一来源块状态较弱(存在候选)，已按最强状态归并；同题另一来源块状态较弱(已匹配正式材料)，已按最强状态归并；同题另一来源块状态较弱(存在候选)，已按最强状态归并；同题另一来源块状态较弱(存在候选)，已按最强状态归并；同题另一来源块状态较弱(存在候选)，已按最强状态归并
BJ-2026-DC-YIMO-Q1,BJ-2026-DC-YIMO,1,S5a07157a05d1,2026模拟题/2026各区一模/2026东城一模/细则/分题细则/东城一模评标细则（勿传）/18+选择7、13.pptx,评分细则_分题切片,正式评分材料,存在候选,存在冲突,0.0,,考试身份同(BJ-2026-DC-YIMO)；文件名未限定题号；正文定位方式=题号起首；题干块6-gram重叠0.0000(题干208字/材料段18字)；同题另一来源块状态较弱(存在候选)，已按最强状态归并；同题另一来源块状态较弱(存在候选)，已按最强状态归并；同题另一来源块状态较弱(存在候选)，已按最强状态归并；同题另一来源块状态较弱(存在候选)，已按最强状态归并；同题另一来源块状态较弱(存在候选)，已按最强状态归并；同题另一来源块状态较弱(存在候选)，已按最强状态归并；同题另一来源块状态较弱(存在候选)，已按最强状态归并
BJ-2026-DC-YIMO-Q1,BJ-2026-DC-YIMO,1,S88c00449e9f0,2026模拟题/2026各区一模/2026东城一模/细则/分题细则/东城一模评标细则（勿传）/19（1）.pptx,评分细则_分题切片,正式评分材料,已排除（文件名指向他题）,存在冲突,0.0,19,考试身份同(BJ-2026-DC-YIMO)；文件名题号{19}与本题号不一致；未能在材料正文定位到第1题段，仅按同卷材料登记为候选；题干块6-gram重叠0.0000(题干208字/材料段0字)；同题另一来源块状态较弱(已排除（文件名指向他题）)，已按最强状态归并；同题另一来源块状态较弱(已排除（文件名指向他题）)，已按最强状态归并；同题另一来源块状态较弱(已排除（文件名指向他题）)，已按最强状态归并；同题另一来源块状态较弱(已排除（文件名指向他题）)，已按最强状态归并；同题另一来源块状态较弱(已排除（文件名指向他题）)，已按最强状态归并；同题另一来源块状态较弱(已排除（文件名指向他题）)，已按最强状态归并；同题另一来源块状态较弱(已排除（文件名指向他题）)，已按最强状态归并
BJ-2026-DC-YIMO-Q1,BJ-2026-DC-YIMO,1,S4e0ae5b46ae6,2026模拟题/2026各区一模/2026东城一模/细则/分题细则/东城一模评标细则（勿传）/19（2）.pptx,评分细则_分题切片,正式评分材料,已排除（文件名指向他题）,存在冲突,0.0,19,考试身份同(BJ-2026-DC-YIMO)；文件名题号{19}与本题号不一致；正文定位方式=题号起首；题干块6-gram重叠0.0000(题干208字/材料段37字)；同题另一来源块状态较弱(已排除（文件名指向他题）)，已按最强状态归并；同题另一来源块状态较弱(已排除（文件名指向他题）)，已按最强状态归并；同题另一来源块状态较弱(已排除（文件名指向他题）)，已按最强状态归并；同题另一来源块状态较弱(已排除（文件名指向他题）)，已按最强状态归并；同题另一来源块状态较弱(已排除（文件名指向他题）)，已按最强状态归并；同题另一来源块状态较弱(已排除（文件名指向他题）)，已按最强状态归并；同题另一来源块状态较弱(已排除（文件名指向他题）)，已按最强状态归并
BJ-2026-DC-YIMO-Q1,BJ-2026-DC-YIMO,1,Saa63045ae376,2026模拟题/2026各区一模/2026东城一模/细则/分题细则/东城一模评标细则（勿传）/19（3）.pptx,评分细则_分题切片,正式评分材料,已排除（文件名指向他题）,存在冲突,0.0,19,考试身份同(BJ-2026-DC-YIMO)；文件名题号{19}与本题号不一致；正文定位方式=题号起首；题干块6-gram重叠0.0000(题干208字/材料段29字)；同题另一来源块状态较弱(已排除（文件名指向他题）)，已按最强状态归并；同题另一来源块状态较弱(已排除（文件名指向他题）)，已按最强状态归并；同题另一来源块状态较弱(已排除（文件名指向他题）)，已按最强状态归并；同题另一来源块状态较弱(已排除（文件名指向他题）)，已按最强状态归并；同题另一来源块状态较弱(已排除（文件名指向他题）)，已按最强状态归并；同题另一来源块状态较弱(已排除（文件名指向他题）)，已按最强状态归并；同题另一来源块状态较弱(已排除（文件名指向他题）)，已按最强状态归并
BJ-2026-DC-YIMO-Q1,BJ-2026-DC-YIMO,1,S04de6654b5f8,2026模拟题/2026各区一模/2026东城一模/细则/分题细则/东城一模评标细则（勿传）/19（4）.pptx,评分细则_分题切片,正式评分材料,已排除（文件名指向他题）,存在冲突,0.0,19,考试身份同(BJ-2026-DC-YIMO)；文件名题号{19}与本题号不一致；未能在材料正文定位到第1题段，仅按同卷材料登记为候选；题干块6-gram重叠0.0000(题干208字/材料段0字)；同题另一来源块状态较弱(已排除（文件名指向他题）)，已按最强状态归并；同题另一来源块状态较弱(已排除（文件名指向他题）)，已按最强状态归并；同题另一来源块状态较弱(已排除（文件名指向他题）)，已按最强状态归并；同题另一来源块状态较弱(已排除（文件名指向他题）)，已按最强状态归并；同题另一来源块状态较弱(已排除（文件名指向他题）)，已按最强状态归并；同题另一来源块状态较弱(已排除（文件名指向他题）)，已按最强状态归并；同题另一来源块状态较弱(已排除（文件名指向他题）)，已按最强状态归并
BJ-2026-DC-YIMO-Q1,BJ-2026-DC-YIMO,1,S16fa597a98fe,2026模拟题/2026各区一模/2026东城一模/细则/分题细则/东城一模评标细则（勿传）/20.pptx,评分细则_分题切片,正式评分材料,存在候选,存在冲突,0.0,,考试身份同(BJ-2026-DC-YIMO)；文件名未限定题号；正文定位方式=题号起首；题干块6-gram重叠0.0000(题干208字/材料段24字)；同题另一来源块状态较弱(存在候选)，已按最强状态归并；同题另一来源块状态较弱(存在候选)，已按最强状态归并；同题另一来源块状态较弱(存在候选)，已按最强状态归并；同题另一来源块状态较弱(存在候选)，已按最强状态归并；同题另一来源块状态较弱(存在候选)，已按最强状态归并；同题另一来源块状态较弱(存在候选)，已按最强状态归并；同题另一来源块状态较弱(存在候选)，已按最强状态归并
BJ-2026-DC-YIMO-Q1,BJ-2026-DC-YIMO,1,Seaae525d6ec9,2026模拟题/2026各区一模/2026东城一模/细则/细则.pdf,评分材料,正式评分材料,存在候选,存在冲突,0.0,,考试身份同(BJ-2026-DC-YIMO)；文件名未限定题号；未能在材料正文定位到第1题段，仅按同卷材料登记为候选；题干块6-gram重叠0.0000(题干208字/材料段0字)；同题另一来源块状态较弱(存在候选)，已按最强状态归并；同题另一来源块状态较弱(存在候选)，已按最强状态归并；同题另一来源块状态较弱(存在候选)，已按最强状态归并；同题另一来源块状态较弱(存在候选)，已按最强状态归并；同题另一来源块状态较弱(存在候选)，已按最强状态归并；同题另一来源块状态较弱(存在候选)，已按最强状态归并；同题另一来源块状态较弱(存在候选)，已按最强状态归并
BJ-2026-DC-YIMO-Q1,BJ-2026-DC-YIMO,1,S99e851c9338f,2026模拟题/2026各区一模/2026东城一模/细则/补充材料/26东城一模细则.pdf,评分材料,正式评分材料,已匹配正式材料,存在冲突,0.8333,,考试身份同(BJ-2026-DC-YIMO)；文件名未限定题号；正文定位方式=题号起首；题干块6-gram重叠0.8333(题干76字/材料段731字)；同题另一来源块状态较弱(存在候选)，已按最强状态归并；同题另一来源块状态较弱(存在候选)，已按最强状态归并；同题另一来源块状态较弱(已匹配正式材料)，已按最强状态归并；同题另一来源块状态较弱(已匹配正式材料)，已按最强状态归并；同题另一来源块状态较弱(存在候选)，已按最强状态归并；同题另一来源块状态较弱(存在候选)，已按最强状态归并；同题另一来源块状态较弱(存在候选)，已按最强状态归并
BJ-2026-DC-YIMO-Q17,BJ-2026-DC-YIMO,17,Sbbcb45c7197f,2026模拟题/2026各区一模/2026东城一模/细则/分题细则/东城一模评标细则（勿传）/16.pptx,评分细则_分题切片,正式评分材料,存在候选,存在冲突,0.0,,考试身份同(BJ-2026-DC-YIMO)；文件名未限定题号；未能在材料正文定位到第17题段，仅按同卷材料登记为候选；题干块6-gram重叠0.0000(题干416字/材料段0字)；分值文本 1；同题另一来源块状态较弱(存在候选)，已按最强状态归并；同题另一来源块状态较弱(存在候选)，已按最强状态归并；同题另一来源块状态较弱(存在候选)，已按最强状态归并；同题另一来源块状态较弱(存在候选)，已按最强状态归并
BJ-2026-DC-YIMO-Q17,BJ-2026-DC-YIMO,17,S3566266405cd,2026模拟题/2026各区一模/2026东城一模/细则/分题细则/东城一模评标细则（勿传）/17.pptx,评分细则_分题切片,正式评分材料,已匹配正式材料,存在冲突,1.0,,考试身份同(BJ-2026-DC-YIMO)；文件名未限定题号；正文定位方式=题号起首；题干块6-gram重叠1.0000(题干416字/材料段1211字)；分值文本 1；同题另一来源块状态较弱(已匹配正式材料)，已按最强状态归并；同题另一来源块状态较弱(存在候选)，已按最强状态归并；同题另一来源块状态较弱(存在候选)，已按最强状态归并；同题另一来源块状态较弱(存在候选)，已按最强状态归并
BJ-2026-DC-YIMO-Q17,BJ-2026-DC-YIMO,17,S5a07157a05d1,2026模拟题/2026各区一模/2026东城一模/细则/分题细则/东城一模评标细则（勿传）/18+选择7、13.pptx,评分细则_分题切片,正式评分材料,存在候选,存在冲突,0.0,,考试身份同(BJ-2026-DC-YIMO)；文件名未限定题号；未能在材料正文定位到第17题段，仅按同卷材料登记为候选；题干块6-gram重叠0.0000(题干416字/材料段0字)；分值文本 1；同题另一来源块状态较弱(存在候选)，已按最强状态归并；同题另一来源块状态较弱(存在候选)，已按最强状态归并；同题另一来源块状态较弱(存在候选)，已按最强状态归并；同题另一来源块状态较弱(存在候选)，已按最强状态归并
BJ-2026-DC-YIMO-Q17,BJ-2026-DC-YIMO,17,S88c00449e9f0,2026模拟题/2026各区一模/2026东城一模/细则/分题细则/东城一模评标细则（勿传）/19（1）.pptx,评分细则_分题切片,正式评分材料,已排除（文件名指向他题）,存在冲突,0.0,19,考试身份同(BJ-2026-DC-YIMO)；文件名题号{19}与本题号不一致；未能在材料正文定位到第17题段，仅按同卷材料登记为候选；题干块6-gram重叠0.0000(题干416字/材料段0字)；分值文本 1；同题另一来源块状态较弱(已排除（文件名指向他题）)，已按最强状态归并；同题另一来源块状态较弱(已排除（文件名指向他题）)，已按最强状态归并；同题另一来源块状态较弱(已排除（文件名指向他题）)，已按最强状态归并；同题另一来源块状态较弱(已排除（文件名指向他题）)，已按最强状态归并
BJ-2026-DC-YIMO-Q17,BJ-2026-DC-YIMO,17,S4e0ae5b46ae6,2026模拟题/2026各区一模/2026东城一模/细则/分题细则/东城一模评标细则（勿传）/19（2）.pptx,评分细则_分题切片,正式评分材料,已排除（文件名指向他题）,存在冲突,0.0,19,考试身份同(BJ-2026-DC-YIMO)；文件名题号{19}与本题号不一致；未能在材料正文定位到第17题段，仅按同卷材料登记为候选；题干块6-gram重叠0.0000(题干416字/材料段0字)；分值文本 1；同题另一来源块状态较弱(已排除（文件名指向他题）)，已按最强状态归并；同题另一来源块状态较弱(已排除（文件名指向他题）)，已按最强状态归并；同题另一来源块状态较弱(已排除（文件名指向他题）)，已按最强状态归并；同题另一来源块状态较弱(已排除（文件名指向他题）)，已按最强状态归并
BJ-2026-DC-YIMO-Q17,BJ-2026-DC-YIMO,17,Saa63045ae376,2026模拟题/2026各区一模/2026东城一模/细则/分题细则/东城一模评标细则（勿传）/19（3）.pptx,评分细则_分题切片,正式评分材料,已排除（文件名指向他题）,存在冲突,0.0,19,考试身份同(BJ-2026-DC-YIMO)；文件名题号{19}与本题号不一致；未能在材料正文定位到第17题段，仅按同卷材料登记为候选；题干块6-gram重叠0.0000(题干416字/材料段0字)；分值文本 1；同题另一来源块状态较弱(已排除（文件名指向他题）)，已按最强状态归并；同题另一来源块状态较弱(已排除（文件名指向他题）)，已按最强状态归并；同题另一来源块状态较弱(已排除（文件名指向他题）)，已按最强状态归并；同题另一来源块状态较弱(已排除（文件名指向他题）)，已按最强状态归并
BJ-2026-DC-YIMO-Q17,BJ-2026-DC-YIMO,17,S04de6654b5f8,2026模拟题/2026各区一模/2026东城一模/细则/分题细则/东城一模评标细则（勿传）/19（4）.pptx,评分细则_分题切片,正式评分材料,已排除（文件名指向他题）,存在冲突,0.0,19,考试身份同(BJ-2026-DC-YIMO)；文件名题号{19}与本题号不一致；未能在材料正文定位到第17题段，仅按同卷材料登记为候选；题干块6-gram重叠0.0000(题干416字/材料段0字)；分值文本 1；同题另一来源块状态较弱(已排除（文件名指向他题）)，已按最强状态归并；同题另一来源块状态较弱(已排除（文件名指向他题）)，已按最强状态归并；同题另一来源块状态较弱(已排除（文件名指向他题）)，已按最强状态归并；同题另一来源块状态较弱(已排除（文件名指向他题）)，已按最强状态归并
BJ-2026-DC-YIMO-Q17,BJ-2026-DC-YIMO,17,S16fa597a98fe,2026模拟题/2026各区一模/2026东城一模/细则/分题细则/东城一模评标细则（勿传）/20.pptx,评分细则_分题切片,正式评分材料,存在候选,存在冲突,0.0,,考试身份同(BJ-2026-DC-YIMO)；文件名未限定题号；未能在材料正文定位到第17题段，仅按同卷材料登记为候选；题干块6-gram重叠0.0000(题干416字/材料段0字)；分值文本 1；同题另一来源块状态较弱(存在候选)，已按最强状态归并；同题另一来源块状态较弱(存在候选)，已按最强状态归并；同题另一来源块状态较弱(存在候选)，已按最强状态归并；同题另一来源块状态较弱(存在候选)，已按最强状态归并
BJ-2026-DC-YIMO-Q17,BJ-2026-DC-YIMO,17,Seaae525d6ec9,2026模拟题/2026各区一模/2026东城一模/细则/细则.pdf,评分材料,正式评分材料,存在候选,存在冲突,0.0,,考试身份同(BJ-2026-DC-YIMO)；文件名未限定题号；未能在材料正文定位到第17题段，仅按同卷材料登记为候选；题干块6-gram重叠0.0000(题干416字/材料段0字)；分值文本 1；同题另一来源块状态较弱(存在候选)，已按最强状态归并；同题另一来源块状态较弱(存在候选)，已按最强状态归并；同题另一来源块状态较弱(存在候选)，已按最强状态归并；同题另一来源块状态较弱(存在候选)，已按最强状态归并
BJ-2026-DC-YIMO-Q17,BJ-2026-DC-YIMO,17,S99e851c9338f,2026模拟题/2026各区一模/2026东城一模/细则/补充材料/26东城一模细则.pdf,评分材料,正式评分材料,已匹配正式材料,存在冲突,0.6263,,考试身份同(BJ-2026-DC-YIMO)；文件名未限定题号；正文定位方式=题号起首；题干块6-gram重叠0.6263(题干416字/材料段973字)；分值文本 1；同题另一来源块状态较弱(已匹配正式材料)，已按最强状态归并；同题另一来源块状态较弱(存在候选)，已按最强状态归并；同题另一来源块状态较弱(存在候选)，已按最强状态归并；同题另一来源块状态较弱(存在候选)，已按最强状态归并
BJ-2026-DC-YIMO-Q3,BJ-2026-DC-YIMO,3,Sbbcb45c7197f,2026模拟题/2026各区一模/2026东城一模/细则/分题细则/东城一模评标细则（勿传）/16.pptx,评分细则_分题切片,正式评分材料,存在候选,已匹配正式材料,0.0,,考试身份同(BJ-2026-DC-YIMO)；文件名未限定题号；正文定位方式=题号起首；题干块6-gram重叠0.0000(题干548字/材料段34字)；同题另一来源块状态较弱(存在候选)，已按最强状态归并；同题另一来源块状态较弱(存在候选)，已按最强状态归并；同题另一来源块状态较弱(存在候选)，已按最强状态归并；同题另一来源块状态较弱(存在候选)，已按最强状态归并；同题另一来源块状态较弱(存在候选)，已按最强状态归并；同题另一来源块状态较弱(存在候选)，已按最强状态归并
BJ-2026-DC-YIMO-Q3,BJ-2026-DC-YIMO,3,S3566266405cd,2026模拟题/2026各区一模/2026东城一模/细则/分题细则/东城一模评标细则（勿传）/17.pptx,评分细则_分题切片,正式评分材料,存在候选,已匹配正式材料,0.0,,考试身份同(BJ-2026-DC-YIMO)；文件名未限定题号；正文定位方式=题号起首；题干块6-gram重叠0.0000(题干548字/材料段37字)；同题另一来源块状态较弱(存在候选)，已按最强状态归并；同题另一来源块状态较弱(存在候选)，已按最强状态归并；同题另一来源块状态较弱(存在候选)，已按最强状态归并；同题另一来源块状态较弱(存在候选)，已按最强状态归并；同题另一来源块状态较弱(存在候选)，已按最强状态归并；同题另一来源块状态较弱(存在候选)，已按最强状态归并
BJ-2026-DC-YIMO-Q3,BJ-2026-DC-YIMO,3,S5a07157a05d1,2026模拟题/2026各区一模/2026东城一模/细则/分题细则/东城一模评标细则（勿传）/18+选择7、13.pptx,评分细则_分题切片,正式评分材料,已匹配正式材料,已匹配正式材料,1.0,,考试身份同(BJ-2026-DC-YIMO)；文件名未限定题号；正文定位方式=题号起首；题干块6-gram重叠1.0000(题干548字/材料段549字)；同题另一来源块状态较弱(存在候选)，已按最强状态归并；同题另一来源块状态较弱(存在候选)，已按最强状态归并；同题另一来源块状态较弱(存在候选)，已按最强状态归并；同题另一来源块状态较弱(存在候选)，已按最强状态归并；同题另一来源块状态较弱(存在候选)，已按最强状态归并；同题另一来源块状态较弱(存在候选)，已按最强状态归并
BJ-2026-DC-YIMO-Q3,BJ-2026-DC-YIMO,3,S88c00449e9f0,2026模拟题/2026各区一模/2026东城一模/细则/分题细则/东城一模评标细则（勿传）/19（1）.pptx,评分细则_分题切片,正式评分材料,已排除（文件名指向他题）,已匹配正式材料,0.0,19,考试身份同(BJ-2026-DC-YIMO)；文件名题号{19}与本题号不一致；未能在材料正文定位到第3题段，仅按同卷材料登记为候选；题干块6-gram重叠0.0000(题干548字/材料段0字)；同题另一来源块状态较弱(已排除（文件名指向他题）)，已按最强状态归并；同题另一来源块状态较弱(已排除（文件名指向他题）)，已按最强状态归并；同题另一来源块状态较弱(已排除（文件名指向他题）)，已按最强状态归并；同题另一来源块状态较弱(已排除（文件名指向他题）)，已按最强状态归并；同题另一来源块状态较弱(已排除（文件名指向他题）)，已按最强状态归并；同题另一来源块状态较弱(已排除（文件名指向他题）)，已按最强状态归并
BJ-2026-DC-YIMO-Q3,BJ-2026-DC-YIMO,3,S4e0ae5b46ae6,2026模拟题/2026各区一模/2026东城一模/细则/分题细则/东城一模评标细则（勿传）/19（2）.pptx,评分细则_分题切片,正式评分材料,已排除（文件名指向他题）,已匹配正式材料,0.0,19,考试身份同(BJ-2026-DC-YIMO)；文件名题号{19}与本题号不一致；正文定位方式=题号起首；题干块6-gram重叠0.0000(题干548字/材料段25字)；同题另一来源块状态较弱(已排除（文件名指向他题）)，已按最强状态归并；同题另一来源块状态较弱(已排除（文件名指向他题）)，已按最强状态归并；同题另一来源块状态较弱(已排除（文件名指向他题）)，已按最强状态归并；同题另一来源块状态较弱(已排除（文件名指向他题）)，已按最强状态归并；同题另一来源块状态较弱(已排除（文件名指向他题）)，已按最强状态归并；同题另一来源块状态较弱(已排除（文件名指向他题）)，已按最强状态归并
BJ-2026-DC-YIMO-Q3,BJ-2026-DC-YIMO,3,Saa63045ae376,2026模拟题/2026各区一模/2026东城一模/细则/分题细则/东城一模评标细则（勿传）/19（3）.pptx,评分细则_分题切片,正式评分材料,已排除（文件名指向他题）,已匹配正式材料,0.0,19,考试身份同(BJ-2026-DC-YIMO)；文件名题号{19}与本题号不一致；正文定位方式=题号起首；题干块6-gram重叠0.0000(题干548字/材料段94字)；同题另一来源块状态较弱(已排除（文件名指向他题）)，已按最强状态归并；同题另一来源块状态较弱(已排除（文件名指向他题）)，已按最强状态归并；同题另一来源块状态较弱(已排除（文件名指向他题）)，已按最强状态归并；同题另一来源块状态较弱(已排除（文件名指向他题）)，已按最强状态归并；同题另一来源块状态较弱(已排除（文件名指向他题）)，已按最强状态归并；同题另一来源块状态较弱(已排除（文件名指向他题）)，已按最强状态归并
BJ-2026-DC-YIMO-Q3,BJ-2026-DC-YIMO,3,S04de6654b5f8,2026模拟题/2026各区一模/2026东城一模/细则/分题细则/东城一模评标细则（勿传）/19（4）.pptx,评分细则_分题切片,正式评分材料,已排除（文件名指向他题）,已匹配正式材料,0.0,19,考试身份同(BJ-2026-DC-YIMO)；文件名题号{19}与本题号不一致；未能在材料正文定位到第3题段，仅按同卷材料登记为候选；题干块6-gram重叠0.0000(题干548字/材料段0字)；同题另一来源块状态较弱(已排除（文件名指向他题）)，已按最强状态归并；同题另一来源块状态较弱(已排除（文件名指向他题）)，已按最强状态归并；同题另一来源块状态较弱(已排除（文件名指向他题）)，已按最强状态归并；同题另一来源块状态较弱(已排除（文件名指向他题）)，已按最强状态归并；同题另一来源块状态较弱(已排除（文件名指向他题）)，已按最强状态归并；同题另一来源块状态较弱(已排除（文件名指向他题）)，已按最强状态归并
BJ-2026-DC-YIMO-Q3,BJ-2026-DC-YIMO,3,S16fa597a98fe,2026模拟题/2026各区一模/2026东城一模/细则/分题细则/东城一模评标细则（勿传）/20.pptx,评分细则_分题切片,正式评分材料,存在候选,已匹配正式材料,0.0,,考试身份同(BJ-2026-DC-YIMO)；文件名未限定题号；正文定位方式=题号起首；题干块6-gram重叠0.0000(题干548字/材料段43字)；同题另一来源块状态较弱(存在候选)，已按最强状态归并；同题另一来源块状态较弱(存在候选)，已按最强状态归并；同题另一来源块状态较弱(存在候选)，已按最强状态归并；同题另一来源块状态较弱(存在候选)，已按最强状态归并；同题另一来源块状态较弱(存在候选)，已按最强状态归并；同题另一来源块状态较弱(存在候选)，已按最强状态归并
BJ-2026-DC-YIMO-Q3,BJ-2026-DC-YIMO,3,Seaae525d6ec9,2026模拟题/2026各区一模/2026东城一模/细则/细则.pdf,评分材料,正式评分材料,存在候选,已匹配正式材料,0.0,,考试身份同(BJ-2026-DC-YIMO)；文件名未限定题号；未能在材料正文定位到第3题段，仅按同卷材料登记为候选；题干块6-gram重叠0.0000(题干548字/材料段0字)；同题另一来源块状态较弱(存在候选)，已按最强状态归并；同题另一来源块状态较弱(存在候选)，已按最强状态归并；同题另一来源块状态较弱(存在候选)，已按最强状态归并；同题另一来源块状态较弱(存在候选)，已按最强状态归并；同题另一来源块状态较弱(存在候选)，已按最强状态归并；同题另一来源块状态较弱(存在候选)，已按最强状态归并
BJ-2026-DC-YIMO-Q3,BJ-2026-DC-YIMO,3,S99e851c9338f,2026模拟题/2026各区一模/2026东城一模/细则/补充材料/26东城一模细则.pdf,评分材料,正式评分材料,存在候选,已匹配正式材料,0.0,,考试身份同(BJ-2026-DC-YIMO)；文件名未限定题号；正文定位方式=题号起首；题干块6-gram重叠0.0000(题干548字/材料段25字)；同题另一来源块状态较弱(存在候选)，已按最强状态归并；同题另一来源块状态较弱(存在候选)，已按最强状态归并；同题另一来源块状态较弱(存在候选)，已按最强状态归并；同题另一来源块状态较弱(存在候选)，已按最强状态归并；同题另一来源块状态较弱(存在候选)，已按最强状态归并；同题另一来源块状态较弱(存在候选)，已按最强状态归并
BJ-2026-DC-YIMO-Q19,BJ-2026-DC-YIMO,19,Sbbcb45c7197f,2026模拟题/2026各区一模/2026东城一模/细则/分题细则/东城一模评标细则（勿传）/16.pptx,评分细则_分题切片,正式评分材料,存在候选,存在冲突,0.0,,考试身份同(BJ-2026-DC-YIMO)；文件名未限定题号；未能在材料正文定位到第19题段，仅按同卷材料登记为候选；题干块6-gram重叠0.0000(题干49字/材料段0字)；同题另一来源块状态较弱(存在候选)，已按最强状态归并；同题另一来源块状态较弱(存在候选)，已按最强状态归并；同题另一来源块状态较弱(存在候选)，已按最强状态归并
BJ-2026-DC-YIMO-Q19,BJ-2026-DC-YIMO,19,S3566266405cd,2026模拟题/2026各区一模/2026东城一模/细则/分题细则/东城一模评标细则（勿传）/17.pptx,评分细则_分题切片,正式评分材料,存在候选,存在冲突,0.0,,考试身份同(BJ-2026-DC-YIMO)；文件名未限定题号；未能在材料正文定位到第19题段，仅按同卷材料登记为候选；题干块6-gram重叠0.0000(题干49字/材料段0字)；同题另一来源块状态较弱(存在候选)，已按最强状态归并；同题另一来源块状态较弱(存在候选)，已按最强状态归并；同题另一来源块状态较弱(存在候选)，已按最强状态归并
BJ-2026-DC-YIMO-Q19,BJ-2026-DC-YIMO,19,S5a07157a05d1,2026模拟题/2026各区一模/2026东城一模/细则/分题细则/东城一模评标细则（勿传）/18+选择7、13.pptx,评分细则_分题切片,正式评分材料,存在候选,存在冲突,0.0,,考试身份同(BJ-2026-DC-YIMO)；文件名未限定题号；未能在材料正文定位到第19题段，仅按同卷材料登记为候选；题干块6-gram重叠0.0000(题干49字/材料段0字)；同题另一来源块状态较弱(存在候选)，已按最强状态归并；同题另一来源块状态较弱(存在候选)，已按最强状态归并；同题另一来源块状态较弱(存在候选)，已按最强状态归并
BJ-2026-DC-YIMO-Q19,BJ-2026-DC-YIMO,19,S88c00449e9f0,2026模拟题/2026各区一模/2026东城一模/细则/分题细则/东城一模评标细则（勿传）/19（1）.pptx,评分细则_分题切片,正式评分材料,已匹配正式材料,存在冲突,0.0,19,考试身份同(BJ-2026-DC-YIMO)；文件名题号{19}与本题号一致；正文定位方式=文件名限定本题号；题干块6-gram重叠0.0000(题干49字/材料段166字)；同题另一来源块状态较弱(已匹配正式材料)，已按最强状态归并；同题另一来源块状态较弱(已匹配正式材料)，已按最强状态归并；同题另一来源块状态较弱(已匹配正式材料)，已按最强状态归并
BJ-2026-DC-YIMO-Q19,BJ-2026-DC-YIMO,19,S4e0ae5b46ae6,2026模拟题/2026各区一模/2026东城一模/细则/分题细则/东城一模评标细则（勿传）/19（2）.pptx,评分细则_分题切片,正式评分材料,已匹配正式材料,存在冲突,1.0,19,考试身份同(BJ-2026-DC-YIMO)；文件名题号{19}与本题号一致；正文定位方式=文件名限定本题号；题干块6-gram重叠1.0000(题干49字/材料段1350字)；同题另一来源块状态较弱(存在候选)，已按最强状态归并；同题另一来源块状态较弱(存在候选)，已按最强状态归并；同题另一来源块状态较弱(存在候选)，已按最强状态归并
BJ-2026-DC-YIMO-Q19,BJ-2026-DC-YIMO,19,Saa63045ae376,2026模拟题/2026各区一模/2026东城一模/细则/分题细则/东城一模评标细则（勿传）/19（3）.pptx,评分细则_分题切片,正式评分材料,已匹配正式材料,存在冲突,0.1624,19,考试身份同(BJ-2026-DC-YIMO)；文件名题号{19}与本题号一致；正文定位方式=文件名限定本题号；题干块6-gram重叠0.1624(题干1211字/材料段1191字)；分值文本 24；同题另一来源块状态较弱(存在候选)，已按最强状态归并；同题另一来源块状态较弱(已匹配正式材料)，已按最强状态归并；同题另一来源块状态较弱(已匹配正式材料)，已按最强状态归并
BJ-2026-DC-YIMO-Q19,BJ-2026-DC-YIMO,19,S04de6654b5f8,2026模拟题/2026各区一模/2026东城一模/细则/分题细则/东城一模评标细则（勿传）/19（4）.pptx,评分细则_分题切片,正式评分材料,已匹配正式材料,存在冲突,0.2223,19,考试身份同(BJ-2026-DC-YIMO)；文件名题号{19}与本题号一致；正文定位方式=文件名限定本题号；题干块6-gram重叠0.2223(题干1211字/材料段1136字)；分值文本 24；同题另一来源块状态较弱(存在候选)，已按最强状态归并；同题另一来源块状态较弱(已匹配正式材料)，已按最强状态归并；同题另一来源块状态较弱(已匹配正式材料)，已按最强状态归并
BJ-2026-DC-YIMO-Q19,BJ-2026-DC-YIMO,19,S16fa597a98fe,2026模拟题/2026各区一模/2026东城一模/细则/分题细则/东城一模评标细则（勿传）/20.pptx,评分细则_分题切片,正式评分材料,存在候选,存在冲突,0.0,,考试身份同(BJ-2026-DC-YIMO)；文件名未限定题号；未能在材料正文定位到第19题段，仅按同卷材料登记为候选；题干块6-gram重叠0.0000(题干49字/材料段0字)；同题另一来源块状态较弱(存在候选)，已按最强状态归并；同题另一来源块状态较弱(存在候选)，已按最强状态归并；同题另一来源块状态较弱(存在候选)，已按最强状态归并
BJ-2026-DC-YIMO-Q19,BJ-2026-DC-YIMO,19,Seaae525d6ec9,2026模拟题/2026各区一模/2026东城一模/细则/细则.pdf,评分材料,正式评分材料,存在候选,存在冲突,0.0,,考试身份同(BJ-2026-DC-YIMO)；文件名未限定题号；未能在材料正文定位到第19题段，仅按同卷材料登记为候选；题干块6-gram重叠0.0000(题干49字/材料段0字)；同题另一来源块状态较弱(存在候选)，已按最强状态归并；同题另一来源块状态较弱(存在候选)，已按最强状态归并；同题另一来源块状态较弱(存在候选)，已按最强状态归并
BJ-2026-DC-YIMO-Q19,BJ-2026-DC-YIMO,19,S99e851c9338f,2026模拟题/2026各区一模/2026东城一模/细则/补充材料/26东城一模细则.pdf,评分材料,正式评分材料,存在候选,存在冲突,0.0,,考试身份同(BJ-2026-DC-YIMO)；文件名未限定题号；未能在材料正文定位到第19题段，仅按同卷材料登记为候选；题干块6-gram重叠0.0000(题干49字/材料段0字)；同题另一来源块状态较弱(存在候选)，已按最强状态归并；同题另一来源块状态较弱(存在候选)，已按最强状态归并；同题另一来源块状态较弱(存在候选)，已按最强状态归并
BJ-2026-DC-YIMO-Q20,BJ-2026-DC-YIMO,20,Sbbcb45c7197f,2026模拟题/2026各区一模/2026东城一模/细则/分题细则/东城一模评标细则（勿传）/16.pptx,评分细则_分题切片,正式评分材料,存在候选,存在冲突,0.0,,考试身份同(BJ-2026-DC-YIMO)；文件名未限定题号；未能在材料正文定位到第20题段，仅按同卷材料登记为候选；题干块6-gram重叠0.0000(题干107字/材料段0字)；同题另一来源块状态较弱(存在候选)，已按最强状态归并；同题另一来源块状态较弱(存在候选)，已按最强状态归并；同题另一来源块状态较弱(存在候选)，已按最强状态归并；同题另一来源块状态较弱(存在候选)，已按最强状态归并；同题另一来源块状态较弱(存在候选)，已按最强状态归并；同题另一来源块状态较弱(存在候选)，已按最强状态归并
BJ-2026-DC-YIMO-Q20,BJ-2026-DC-YIMO,20,S3566266405cd,2026模拟题/2026各区一模/2026东城一模/细则/分题细则/东城一模评标细则（勿传）/17.pptx,评分细则_分题切片,正式评分材料,存在候选,存在冲突,0.0,,考试身份同(BJ-2026-DC-YIMO)；文件名未限定题号；未能在材料正文定位到第20题段，仅按同卷材料登记为候选；题干块6-gram重叠0.0000(题干107字/材料段0字)；同题另一来源块状态较弱(存在候选)，已按最强状态归并；同题另一来源块状态较弱(存在候选)，已按最强状态归并；同题另一来源块状态较弱(存在候选)，已按最强状态归并；同题另一来源块状态较弱(存在候选)，已按最强状态归并；同题另一来源块状态较弱(存在候选)，已按最强状态归并；同题另一来源块状态较弱(存在候选)，已按最强状态归并
BJ-2026-DC-YIMO-Q20,BJ-2026-DC-YIMO,20,S5a07157a05d1,2026模拟题/2026各区一模/2026东城一模/细则/分题细则/东城一模评标细则（勿传）/18+选择7、13.pptx,评分细则_分题切片,正式评分材料,存在候选,存在冲突,0.0,,考试身份同(BJ-2026-DC-YIMO)；文件名未限定题号；未能在材料正文定位到第20题段，仅按同卷材料登记为候选；题干块6-gram重叠0.0000(题干107字/材料段0字)；同题另一来源块状态较弱(存在候选)，已按最强状态归并；同题另一来源块状态较弱(存在候选)，已按最强状态归并；同题另一来源块状态较弱(存在候选)，已按最强状态归并；同题另一来源块状态较弱(存在候选)，已按最强状态归并；同题另一来源块状态较弱(存在候选)，已按最强状态归并；同题另一来源块状态较弱(存在候选)，已按最强状态归并
BJ-2026-DC-YIMO-Q20,BJ-2026-DC-YIMO,20,S88c00449e9f0,2026模拟题/2026各区一模/2026东城一模/细则/分题细则/东城一模评标细则（勿传）/19（1）.pptx,评分细则_分题切片,正式评分材料,已排除（文件名指向他题）,存在冲突,0.0,19,考试身份同(BJ-2026-DC-YIMO)；文件名题号{19}与本题号不一致；未能在材料正文定位到第20题段，仅按同卷材料登记为候选；题干块6-gram重叠0.0000(题干107字/材料段0字)；同题另一来源块状态较弱(已排除（文件名指向他题）)，已按最强状态归并；同题另一来源块状态较弱(已排除（文件名指向他题）)，已按最强状态归并；同题另一来源块状态较弱(已排除（文件名指向他题）)，已按最强状态归并；同题另一来源块状态较弱(已排除（文件名指向他题）)，已按最强状态归并；同题另一来源块状态较弱(已排除（文件名指向他题）)，已按最强状态归并；同题另一来源块状态较弱(已排除（文件名指向他题）)，已按最强状态归并
BJ-2026-DC-YIMO-Q20,BJ-2026-DC-YIMO,20,S4e0ae5b46ae6,2026模拟题/2026各区一模/2026东城一模/细则/分题细则/东城一模评标细则（勿传）/19（2）.pptx,评分细则_分题切片,正式评分材料,已排除（文件名指向他题）,存在冲突,0.0,19,考试身份同(BJ-2026-DC-YIMO)；文件名题号{19}与本题号不一致；未能在材料正文定位到第20题段，仅按同卷材料登记为候选；题干块6-gram重叠0.0000(题干107字/材料段0字)；同题另一来源块状态较弱(已排除（文件名指向他题）)，已按最强状态归并；同题另一来源块状态较弱(已排除（文件名指向他题）)，已按最强状态归并；同题另一来源块状态较弱(已排除（文件名指向他题）)，已按最强状态归并；同题另一来源块状态较弱(已排除（文件名指向他题）)，已按最强状态归并；同题另一来源块状态较弱(已排除（文件名指向他题）)，已按最强状态归并；同题另一来源块状态较弱(已排除（文件名指向他题）)，已按最强状态归并
BJ-2026-DC-YIMO-Q20,BJ-2026-DC-YIMO,20,Saa63045ae376,2026模拟题/2026各区一模/2026东城一模/细则/分题细则/东城一模评标细则（勿传）/19（3）.pptx,评分细则_分题切片,正式评分材料,已排除（文件名指向他题）,存在冲突,0.0,19,考试身份同(BJ-2026-DC-YIMO)；文件名题号{19}与本题号不一致；未能在材料正文定位到第20题段，仅按同卷材料登记为候选；题干块6-gram重叠0.0000(题干107字/材料段0字)；同题另一来源块状态较弱(已排除（文件名指向他题）)，已按最强状态归并；同题另一来源块状态较弱(已排除（文件名指向他题）)，已按最强状态归并；同题另一来源块状态较弱(已排除（文件名指向他题）)，已按最强状态归并；同题另一来源块状态较弱(已排除（文件名指向他题）)，已按最强状态归并；同题另一来源块状态较弱(已排除（文件名指向他题）)，已按最强状态归并；同题另一来源块状态较弱(已排除（文件名指向他题）)，已按最强状态归并
BJ-2026-DC-YIMO-Q20,BJ-2026-DC-YIMO,20,S04de6654b5f8,2026模拟题/2026各区一模/2026东城一模/细则/分题细则/东城一模评标细则（勿传）/19（4）.pptx,评分细则_分题切片,正式评分材料,已排除（文件名指向他题）,存在冲突,0.0,19,考试身份同(BJ-2026-DC-YIMO)；文件名题号{19}与本题号不一致；未能在材料正文定位到第20题段，仅按同卷材料登记为候选；题干块6-gram重叠0.0000(题干107字/材料段0字)；同题另一来源块状态较弱(已排除（文件名指向他题）)，已按最强状态归并；同题另一来源块状态较弱(已排除（文件名指向他题）)，已按最强状态归并；同题另一来源块状态较弱(已排除（文件名指向他题）)，已按最强状态归并；同题另一来源块状态较弱(已排除（文件名指向他题）)，已按最强状态归并；同题另一来源块状态较弱(已排除（文件名指向他题）)，已按最强状态归并；同题另一来源块状态较弱(已排除（文件名指向他题）)，已按最强状态归并
BJ-2026-DC-YIMO-Q20,BJ-2026-DC-YIMO,20,S16fa597a98fe,2026模拟题/2026各区一模/2026东城一模/细则/分题细则/东城一模评标细则（勿传）/20.pptx,评分细则_分题切片,正式评分材料,已匹配正式材料,存在冲突,1.0,,考试身份同(BJ-2026-DC-YIMO)；文件名未限定题号；正文定位方式=题号起首；题干块6-gram重叠1.0000(题干107字/材料段414字)；同题另一来源块状态较弱(存在候选)，已按最强状态归并；同题另一来源块状态较弱(存在候选)，已按最强状态归并；同题另一来源块状态较弱(存在候选)，已按最强状态归并；同题另一来源块状态较弱(存在候选)，已按最强状态归并；同题另一来源块状态较弱(存在候选)，已按最强状态归并；同题另一来源块状态较弱(存在候选)，已按最强状态归并
BJ-2026-DC-YIMO-Q20,BJ-2026-DC-YIMO,20,Seaae525d6ec9,2026模拟题/2026各区一模/2026东城一模/细则/细则.pdf,评分材料,正式评分材料,存在候选,存在冲突,0.0,,考试身份同(BJ-2026-DC-YIMO)；文件名未限定题号；未能在材料正文定位到第20题段，仅按同卷材料登记为候选；题干块6-gram重叠0.0000(题干107字/材料段0字)；同题另一来源块状态较弱(存在候选)，已按最强状态归并；同题另一来源块状态较弱(存在候选)，已按最强状态归并；同题另一来源块状态较弱(存在候选)，已按最强状态归并；同题另一来源块状态较弱(存在候选)，已按最强状态归并；同题另一来源块状态较弱(存在候选)，已按最强状态归并；同题另一来源块状态较弱(存在候选)，已按最强状态归并
BJ-2026-DC-YIMO-Q20,BJ-2026-DC-YIMO,20,S99e851c9338f,2026模拟题/2026各区一模/2026东城一模/细则/补充材料/26东城一模细则.pdf,评分材料,正式评分材料,已匹配正式材料,存在冲突,0.4118,,考试身份同(BJ-2026-DC-YIMO)；文件名未限定题号；正文定位方式=题号起首；题干块6-gram重叠0.4118(题干107字/材料段504字)；同题另一来源块状态较弱(已匹配正式材料)，已按最强状态归并；同题另一来源块状态较弱(已匹配正式材料)，已按最强状态归并；同题另一来源块状态较弱(已匹配正式材料)，已按最强状态归并；同题另一来源块状态较弱(存在候选)，已按最强状态归并；同题另一来源块状态较弱(存在候选)，已按最强状态归并；同题另一来源块状态较弱(存在候选)，已按最强状态归并
BJ-2026-DC-YIMO-Q18,BJ-2026-DC-YIMO,18,Sbbcb45c7197f,2026模拟题/2026各区一模/2026东城一模/细则/分题细则/东城一模评标细则（勿传）/16.pptx,评分细则_分题切片,正式评分材料,存在候选,已匹配正式材料,0.0,,考试身份同(BJ-2026-DC-YIMO)；文件名未限定题号；未能在材料正文定位到第18题段，仅按同卷材料登记为候选；题干块6-gram重叠0.0000(题干1387字/材料段0字)；分值文本 8；同题另一来源块状态较弱(存在候选)，已按最强状态归并；同题另一来源块状态较弱(存在候选)，已按最强状态归并；同题另一来源块状态较弱(存在候选)，已按最强状态归并；同题另一来源块状态较弱(存在候选)，已按最强状态归并；同题另一来源块状态较弱(存在候选)，已按最强状态归并
BJ-2026-DC-YIMO-Q18,BJ-2026-DC-YIMO,18,S3566266405cd,2026模拟题/2026各区一模/2026东城一模/细则/分题细则/东城一模评标细则（勿传）/17.pptx,评分细则_分题切片,正式评分材料,存在候选,已匹配正式材料,0.0,,考试身份同(BJ-2026-DC-YIMO)；文件名未限定题号；未能在材料正文定位到第18题段，仅按同卷材料登记为候选；题干块6-gram重叠0.0000(题干1387字/材料段0字)；分值文本 8；同题另一来源块状态较弱(存在候选)，已按最强状态归并；同题另一来源块状态较弱(存在候选)，已按最强状态归并；同题另一来源块状态较弱(存在候选)，已按最强状态归并；同题另一来源块状态较弱(存在候选)，已按最强状态归并；同题另一来源块状态较弱(存在候选)，已按最强状态归并
BJ-2026-DC-YIMO-Q18,BJ-2026-DC-YIMO,18,S5a07157a05d1,2026模拟题/2026各区一模/2026东城一模/细则/分题细则/东城一模评标细则（勿传）/18+选择7、13.pptx,评分细则_分题切片,正式评分材料,存在候选,已匹配正式材料,0.0,,考试身份同(BJ-2026-DC-YIMO)；文件名未限定题号；未能在材料正文定位到第18题段，仅按同卷材料登记为候选；题干块6-gram重叠0.0000(题干1387字/材料段0字)；分值文本 8；同题另一来源块状态较弱(存在候选)，已按最强状态归并；同题另一来源块状态较弱(存在候选)，已按最强状态归并；同题另一来源块状态较弱(存在候选)，已按最强状态归并；同题另一来源块状态较弱(存在候选)，已按最强状态归并；同题另一来源块状态较弱(存在候选)，已按最强状态归并
BJ-2026-DC-YIMO-Q18,BJ-2026-DC-YIMO,18,S88c00449e9f0,2026模拟题/2026各区一模/2026东城一模/细则/分题细则/东城一模评标细则（勿传）/19（1）.pptx,评分细则_分题切片,正式评分材料,已排除（文件名指向他题）,已匹配正式材料,0.0,19,考试身份同(BJ-2026-DC-YIMO)；文件名题号{19}与本题号不一致；未能在材料正文定位到第18题段，仅按同卷材料登记为候选；题干块6-gram重叠0.0000(题干1387字/材料段0字)；分值文本 8；同题另一来源块状态较弱(已排除（文件名指向他题）)，已按最强状态归并；同题另一来源块状态较弱(已排除（文件名指向他题）)，已按最强状态归并；同题另一来源块状态较弱(已排除（文件名指向他题）)，已按最强状态归并；同题另一来源块状态较弱(已排除（文件名指向他题）)，已按最强状态归并；同题另一来源块状态较弱(已排除（文件名指向他题）)，已按最强状态归并
BJ-2026-DC-YIMO-Q18,BJ-2026-DC-YIMO,18,S4e0ae5b46ae6,2026模拟题/2026各区一模/2026东城一模/细则/分题细则/东城一模评标细则（勿传）/19（2）.pptx,评分细则_分题切片,正式评分材料,已排除（文件名指向他题）,已匹配正式材料,0.0,19,考试身份同(BJ-2026-DC-YIMO)；文件名题号{19}与本题号不一致；未能在材料正文定位到第18题段，仅按同卷材料登记为候选；题干块6-gram重叠0.0000(题干1387字/材料段0字)；分值文本 8；同题另一来源块状态较弱(已排除（文件名指向他题）)，已按最强状态归并；同题另一来源块状态较弱(已排除（文件名指向他题）)，已按最强状态归并；同题另一来源块状态较弱(已排除（文件名指向他题）)，已按最强状态归并；同题另一来源块状态较弱(已排除（文件名指向他题）)，已按最强状态归并；同题另一来源块状态较弱(已排除（文件名指向他题）)，已按最强状态归并
BJ-2026-DC-YIMO-Q18,BJ-2026-DC-YIMO,18,Saa63045ae376,2026模拟题/2026各区一模/2026东城一模/细则/分题细则/东城一模评标细则（勿传）/19（3）.pptx,评分细则_分题切片,正式评分材料,已排除（文件名指向他题）,已匹配正式材料,0.0,19,考试身份同(BJ-2026-DC-YIMO)；文件名题号{19}与本题号不一致；未能在材料正文定位到第18题段，仅按同卷材料登记为候选；题干块6-gram重叠0.0000(题干1387字/材料段0字)；分值文本 8；同题另一来源块状态较弱(已排除（文件名指向他题）)，已按最强状态归并；同题另一来源块状态较弱(已排除（文件名指向他题）)，已按最强状态归并；同题另一来源块状态较弱(已排除（文件名指向他题）)，已按最强状态归并；同题另一来源块状态较弱(已排除（文件名指向他题）)，已按最强状态归并；同题另一来源块状态较弱(已排除（文件名指向他题）)，已按最强状态归并
BJ-2026-DC-YIMO-Q18,BJ-2026-DC-YIMO,18,S04de6654b5f8,2026模拟题/2026各区一模/2026东城一模/细则/分题细则/东城一模评标细则（勿传）/19（4）.pptx,评分细则_分题切片,正式评分材料,已排除（文件名指向他题）,已匹配正式材料,0.0,19,考试身份同(BJ-2026-DC-YIMO)；文件名题号{19}与本题号不一致；未能在材料正文定位到第18题段，仅按同卷材料登记为候选；题干块6-gram重叠0.0000(题干1387字/材料段0字)；分值文本 8；同题另一来源块状态较弱(已排除（文件名指向他题）)，已按最强状态归并；同题另一来源块状态较弱(已排除（文件名指向他题）)，已按最强状态归并；同题另一来源块状态较弱(已排除（文件名指向他题）)，已按最强状态归并；同题另一来源块状态较弱(已排除（文件名指向他题）)，已按最强状态归并；同题另一来源块状态较弱(已排除（文件名指向他题）)，已按最强状态归并
BJ-2026-DC-YIMO-Q18,BJ-2026-DC-YIMO,18,S16fa597a98fe,2026模拟题/2026各区一模/2026东城一模/细则/分题细则/东城一模评标细则（勿传）/20.pptx,评分细则_分题切片,正式评分材料,存在候选,已匹配正式材料,0.0,,考试身份同(BJ-2026-DC-YIMO)；文件名未限定题号；未能在材料正文定位到第18题段，仅按同卷材料登记为候选；题干块6-gram重叠0.0000(题干1387字/材料段0字)；分值文本 8；同题另一来源块状态较弱(存在候选)，已按最强状态归并；同题另一来源块状态较弱(存在候选)，已按最强状态归并；同题另一来源块状态较弱(存在候选)，已按最强状态归并；同题另一来源块状态较弱(存在候选)，已按最强状态归并；同题另一来源块状态较弱(存在候选)，已按最强状态归并
BJ-2026-DC-YIMO-Q18,BJ-2026-DC-YIMO,18,Seaae525d6ec9,2026模拟题/2026各区一模/2026东城一模/细则/细则.pdf,评分材料,正式评分材料,存在候选,已匹配正式材料,0.0,,考试身份同(BJ-2026-DC-YIMO)；文件名未限定题号；未能在材料正文定位到第18题段，仅按同卷材料登记为候选；题干块6-gram重叠0.0000(题干1387字/材料段0字)；分值文本 8；同题另一来源块状态较弱(存在候选)，已按最强状态归并；同题另一来源块状态较弱(存在候选)，已按最强状态归并；同题另一来源块状态较弱(存在候选)，已按最强状态归并；同题另一来源块状态较弱(存在候选)，已按最强状态归并；同题另一来源块状态较弱(存在候选)，已按最强状态归并
BJ-2026-DC-YIMO-Q18,BJ-2026-DC-YIMO,18,S99e851c9338f,2026模拟题/2026各区一模/2026东城一模/细则/补充材料/26东城一模细则.pdf,评分材料,正式评分材料,已匹配正式材料,已匹配正式材料,0.4178,,考试身份同(BJ-2026-DC-YIMO)；文件名未限定题号；正文定位方式=题号起首；题干块6-gram重叠0.4178(题干1387字/材料段3863字)；分值文本 8；同题另一来源块状态较弱(已匹配正式材料)，已按最强状态归并；同题另一来源块状态较弱(已匹配正式材料)，已按最强状态归并；同题另一来源块状态较弱(已匹配正式材料)，已按最强状态归并；同题另一来源块状态较弱(已匹配正式材料)，已按最强状态归并；同题另一来源块状态较弱(已匹配正式材料)，已按最强状态归并
BJ-2026-DC-YIMO-Q7,BJ-2026-DC-YIMO,7,Sbbcb45c7197f,2026模拟题/2026各区一模/2026东城一模/细则/分题细则/东城一模评标细则（勿传）/16.pptx,评分细则_分题切片,正式评分材料,存在候选,已匹配正式材料,0.0,,考试身份同(BJ-2026-DC-YIMO)；文件名未限定题号；未能在材料正文定位到第7题段，仅按同卷材料登记为候选；题干块6-gram重叠0.0000(题干352字/材料段0字)；同题另一来源块状态较弱(存在候选)，已按最强状态归并；同题另一来源块状态较弱(存在候选)，已按最强状态归并；同题另一来源块状态较弱(存在候选)，已按最强状态归并
BJ-2026-DC-YIMO-Q7,BJ-2026-DC-YIMO,7,S3566266405cd,2026模拟题/2026各区一模/2026东城一模/细则/分题细则/东城一模评标细则（勿传）/17.pptx,评分细则_分题切片,正式评分材料,存在候选,已匹配正式材料,0.0,,考试身份同(BJ-2026-DC-YIMO)；文件名未限定题号；未能在材料正文定位到第7题段，仅按同卷材料登记为候选；题干块6-gram重叠0.0000(题干352字/材料段0字)；同题另一来源块状态较弱(存在候选)，已按最强状态归并；同题另一来源块状态较弱(存在候选)，已按最强状态归并；同题另一来源块状态较弱(存在候选)，已按最强状态归并
BJ-2026-DC-YIMO-Q7,BJ-2026-DC-YIMO,7,S5a07157a05d1,2026模拟题/2026各区一模/2026东城一模/细则/分题细则/东城一模评标细则（勿传）/18+选择7、13.pptx,评分细则_分题切片,正式评分材料,存在候选,已匹配正式材料,0.0,,考试身份同(BJ-2026-DC-YIMO)；文件名未限定题号；未能在材料正文定位到第7题段，仅按同卷材料登记为候选；题干块6-gram重叠0.0000(题干352字/材料段0字)；同题另一来源块状态较弱(存在候选)，已按最强状态归并；同题另一来源块状态较弱(存在候选)，已按最强状态归并；同题另一来源块状态较弱(存在候选)，已按最强状态归并
BJ-2026-DC-YIMO-Q7,BJ-2026-DC-YIMO,7,S88c00449e9f0,2026模拟题/2026各区一模/2026东城一模/细则/分题细则/东城一模评标细则（勿传）/19（1）.pptx,评分细则_分题切片,正式评分材料,已排除（文件名指向他题）,已匹配正式材料,0.0,19,考试身份同(BJ-2026-DC-YIMO)；文件名题号{19}与本题号不一致；未能在材料正文定位到第7题段，仅按同卷材料登记为候选；题干块6-gram重叠0.0000(题干352字/材料段0字)；同题另一来源块状态较弱(已排除（文件名指向他题）)，已按最强状态归并；同题另一来源块状态较弱(已排除（文件名指向他题）)，已按最强状态归并；同题另一来源块状态较弱(已排除（文件名指向他题）)，已按最强状态归并
BJ-2026-DC-YIMO-Q7,BJ-2026-DC-YIMO,7,S4e0ae5b46ae6,2026模拟题/2026各区一模/2026东城一模/细则/分题细则/东城一模评标细则（勿传）/19（2）.pptx,评分细则_分题切片,正式评分材料,已排除（文件名指向他题）,已匹配正式材料,0.0,19,考试身份同(BJ-2026-DC-YIMO)；文件名题号{19}与本题号不一致；未能在材料正文定位到第7题段，仅按同卷材料登记为候选；题干块6-gram重叠0.0000(题干352字/材料段0字)；同题另一来源块状态较弱(已排除（文件名指向他题）)，已按最强状态归并；同题另一来源块状态较弱(已排除（文件名指向他题）)，已按最强状态归并；同题另一来源块状态较弱(已排除（文件名指向他题）)，已按最强状态归并
BJ-2026-DC-YIMO-Q7,BJ-2026-DC-YIMO,7,Saa63045ae376,2026模拟题/2026各区一模/2026东城一模/细则/分题细则/东城一模评标细则（勿传）/19（3）.pptx,评分细则_分题切片,正式评分材料,已排除（文件名指向他题）,已匹配正式材料,0.0,19,考试身份同(BJ-2026-DC-YIMO)；文件名题号{19}与本题号不一致；未能在材料正文定位到第7题段，仅按同卷材料登记为候选；题干块6-gram重叠0.0000(题干352字/材料段0字)；同题另一来源块状态较弱(已排除（文件名指向他题）)，已按最强状态归并；同题另一来源块状态较弱(已排除（文件名指向他题）)，已按最强状态归并；同题另一来源块状态较弱(已排除（文件名指向他题）)，已按最强状态归并
BJ-2026-DC-YIMO-Q7,BJ-2026-DC-YIMO,7,S04de6654b5f8,2026模拟题/2026各区一模/2026东城一模/细则/分题细则/东城一模评标细则（勿传）/19（4）.pptx,评分细则_分题切片,正式评分材料,已排除（文件名指向他题）,已匹配正式材料,0.0,19,考试身份同(BJ-2026-DC-YIMO)；文件名题号{19}与本题号不一致；未能在材料正文定位到第7题段，仅按同卷材料登记为候选；题干块6-gram重叠0.0000(题干352字/材料段0字)；同题另一来源块状态较弱(已排除（文件名指向他题）)，已按最强状态归并；同题另一来源块状态较弱(已排除（文件名指向他题）)，已按最强状态归并；同题另一来源块状态较弱(已排除（文件名指向他题）)，已按最强状态归并
BJ-2026-DC-YIMO-Q7,BJ-2026-DC-YIMO,7,S16fa597a98fe,2026模拟题/2026各区一模/2026东城一模/细则/分题细则/东城一模评标细则（勿传）/20.pptx,评分细则_分题切片,正式评分材料,存在候选,已匹配正式材料,0.0,,考试身份同(BJ-2026-DC-YIMO)；文件名未限定题号；未能在材料正文定位到第7题段，仅按同卷材料登记为候选；题干块6-gram重叠0.0000(题干352字/材料段0字)；同题另一来源块状态较弱(存在候选)，已按最强状态归并；同题另一来源块状态较弱(存在候选)，已按最强状态归并；同题另一来源块状态较弱(存在候选)，已按最强状态归并
BJ-2026-DC-YIMO-Q7,BJ-2026-DC-YIMO,7,Seaae525d6ec9,2026模拟题/2026各区一模/2026东城一模/细则/细则.pdf,评分材料,正式评分材料,存在候选,已匹配正式材料,0.0,,考试身份同(BJ-2026-DC-YIMO)；文件名未限定题号；未能在材料正文定位到第7题段，仅按同卷材料登记为候选；题干块6-gram重叠0.0000(题干352字/材料段0字)；同题另一来源块状态较弱(存在候选)，已按最强状态归并；同题另一来源块状态较弱(存在候选)，已按最强状态归并；同题另一来源块状态较弱(存在候选)，已按最强状态归并
BJ-2026-DC-YIMO-Q7,BJ-2026-DC-YIMO,7,S99e851c9338f,2026模拟题/2026各区一模/2026东城一模/细则/补充材料/26东城一模细则.pdf,评分材料,正式评分材料,已匹配正式材料,已匹配正式材料,1.0,,考试身份同(BJ-2026-DC-YIMO)；文件名未限定题号；正文定位方式=题号起首；题干块6-gram重叠1.0000(题干352字/材料段2912字)；同题另一来源块状态较弱(已匹配正式材料)，已按最强状态归并；同题另一来源块状态较弱(已匹配正式材料)，已按最强状态归并；同题另一来源块状态较弱(已匹配正式材料)，已按最强状态归并
BJ-2026-DC-YIMO-Q5,BJ-2026-DC-YIMO,5,Sbbcb45c7197f,2026模拟题/2026各区一模/2026东城一模/细则/分题细则/东城一模评标细则（勿传）/16.pptx,评分细则_分题切片,正式评分材料,存在候选,存在候选,0.0,,考试身份同(BJ-2026-DC-YIMO)；文件名未限定题号；未能在材料正文定位到第5题段，仅按同卷材料登记为候选；题干块6-gram重叠0.0000(题干50字/材料段0字)；同题另一来源块状态较弱(存在候选)，已按最强状态归并；同题另一来源块状态较弱(存在候选)，已按最强状态归并；同题另一来源块状态较弱(存在候选)，已按最强状态归并
BJ-2026-DC-YIMO-Q5,BJ-2026-DC-YIMO,5,S3566266405cd,2026模拟题/2026各区一模/2026东城一模/细则/分题细则/东城一模评标细则（勿传）/17.pptx,评分细则_分题切片,正式评分材料,存在候选,存在候选,0.0,,考试身份同(BJ-2026-DC-YIMO)；文件名未限定题号；未能在材料正文定位到第5题段，仅按同卷材料登记为候选；题干块6-gram重叠0.0000(题干50字/材料段0字)；同题另一来源块状态较弱(存在候选)，已按最强状态归并；同题另一来源块状态较弱(存在候选)，已按最强状态归并；同题另一来源块状态较弱(存在候选)，已按最强状态归并
BJ-2026-DC-YIMO-Q5,BJ-2026-DC-YIMO,5,S5a07157a05d1,2026模拟题/2026各区一模/2026东城一模/细则/分题细则/东城一模评标细则（勿传）/18+选择7、13.pptx,评分细则_分题切片,正式评分材料,存在候选,存在候选,0.0,,考试身份同(BJ-2026-DC-YIMO)；文件名未限定题号；未能在材料正文定位到第5题段，仅按同卷材料登记为候选；题干块6-gram重叠0.0000(题干50字/材料段0字)；同题另一来源块状态较弱(存在候选)，已按最强状态归并；同题另一来源块状态较弱(存在候选)，已按最强状态归并；同题另一来源块状态较弱(存在候选)，已按最强状态归并
BJ-2026-DC-YIMO-Q5,BJ-2026-DC-YIMO,5,S88c00449e9f0,2026模拟题/2026各区一模/2026东城一模/细则/分题细则/东城一模评标细则（勿传）/19（1）.pptx,评分细则_分题切片,正式评分材料,已排除（文件名指向他题）,存在候选,0.0,19,考试身份同(BJ-2026-DC-YIMO)；文件名题号{19}与本题号不一致；未能在材料正文定位到第5题段，仅按同卷材料登记为候选；题干块6-gram重叠0.0000(题干50字/材料段0字)；同题另一来源块状态较弱(已排除（文件名指向他题）)，已按最强状态归并；同题另一来源块状态较弱(已排除（文件名指向他题）)，已按最强状态归并；同题另一来源块状态较弱(已排除（文件名指向他题）)，已按最强状态归并
BJ-2026-DC-YIMO-Q5,BJ-2026-DC-YIMO,5,S4e0ae5b46ae6,2026模拟题/2026各区一模/2026东城一模/细则/分题细则/东城一模评标细则（勿传）/19（2）.pptx,评分细则_分题切片,正式评分材料,已排除（文件名指向他题）,存在候选,0.0,19,考试身份同(BJ-2026-DC-YIMO)；文件名题号{19}与本题号不一致；未能在材料正文定位到第5题段，仅按同卷材料登记为候选；题干块6-gram重叠0.0000(题干50字/材料段0字)；同题另一来源块状态较弱(已排除（文件名指向他题）)，已按最强状态归并；同题另一来源块状态较弱(已排除（文件名指向他题）)，已按最强状态归并；同题另一来源块状态较弱(已排除（文件名指向他题）)，已按最强状态归并
BJ-2026-DC-YIMO-Q5,BJ-2026-DC-YIMO,5,Saa63045ae376,2026模拟题/2026各区一模/2026东城一模/细则/分题细则/东城一模评标细则（勿传）/19（3）.pptx,评分细则_分题切片,正式评分材料,已排除（文件名指向他题）,存在候选,0.0,19,考试身份同(BJ-2026-DC-YIMO)；文件名题号{19}与本题号不一致；未能在材料正文定位到第5题段，仅按同卷材料登记为候选；题干块6-gram重叠0.0000(题干50字/材料段0字)；同题另一来源块状态较弱(已排除（文件名指向他题）)，已按最强状态归并；同题另一来源块状态较弱(已排除（文件名指向他题）)，已按最强状态归并；同题另一来源块状态较弱(已排除（文件名指向他题）)，已按最强状态归并
BJ-2026-DC-YIMO-Q5,BJ-2026-DC-YIMO,5,S04de6654b5f8,2026模拟题/2026各区一模/2026东城一模/细则/分题细则/东城一模评标细则（勿传）/19（4）.pptx,评分细则_分题切片,正式评分材料,已排除（文件名指向他题）,存在候选,0.0,19,考试身份同(BJ-2026-DC-YIMO)；文件名题号{19}与本题号不一致；未能在材料正文定位到第5题段，仅按同卷材料登记为候选；题干块6-gram重叠0.0000(题干50字/材料段0字)；同题另一来源块状态较弱(已排除（文件名指向他题）)，已按最强状态归并；同题另一来源块状态较弱(已排除（文件名指向他题）)，已按最强状态归并；同题另一来源块状态较弱(已排除（文件名指向他题）)，已按最强状态归并
BJ-2026-DC-YIMO-Q5,BJ-2026-DC-YIMO,5,S16fa597a98fe,2026模拟题/2026各区一模/2026东城一模/细则/分题细则/东城一模评标细则（勿传）/20.pptx,评分细则_分题切片,正式评分材料,存在候选,存在候选,0.8333,,考试身份同(BJ-2026-DC-YIMO)；文件名未限定题号；正文定位方式=题号起首；题干块6-gram重叠0.8333(题干50字/材料段40字)；同题另一来源块状态较弱(存在候选)，已按最强状态归并；同题另一来源块状态较弱(存在候选)，已按最强状态归并；同题另一来源块状态较弱(存在候选)，已按最强状态归并
BJ-2026-DC-YIMO-Q5,BJ-2026-DC-YIMO,5,Seaae525d6ec9,2026模拟题/2026各区一模/2026东城一模/细则/细则.pdf,评分材料,正式评分材料,存在候选,存在候选,0.0,,考试身份同(BJ-2026-DC-YIMO)；文件名未限定题号；未能在材料正文定位到第5题段，仅按同卷材料登记为候选；题干块6-gram重叠0.0000(题干50字/材料段0字)；同题另一来源块状态较弱(存在候选)，已按最强状态归并；同题另一来源块状态较弱(存在候选)，已按最强状态归并；同题另一来源块状态较弱(存在候选)，已按最强状态归并
BJ-2026-DC-YIMO-Q5,BJ-2026-DC-YIMO,5,S99e851c9338f,2026模拟题/2026各区一模/2026东城一模/细则/补充材料/26东城一模细则.pdf,评分材料,正式评分材料,存在候选,存在候选,0.8333,,考试身份同(BJ-2026-DC-YIMO)；文件名未限定题号；正文定位方式=题号起首；题干块6-gram重叠0.8333(题干50字/材料段41字)；同题另一来源块状态较弱(存在候选)，已按最强状态归并；同题另一来源块状态较弱(存在候选)，已按最强状态归并；同题另一来源块状态较弱(存在候选)，已按最强状态归并
BJ-2026-DC-YIMO-Q9,BJ-2026-DC-YIMO,9,Sbbcb45c7197f,2026模拟题/2026各区一模/2026东城一模/细则/分题细则/东城一模评标细则（勿传）/16.pptx,评分细则_分题切片,正式评分材料,存在候选,存在候选,0.0,,考试身份同(BJ-2026-DC-YIMO)；文件名未限定题号；未能在材料正文定位到第9题段，仅按同卷材料登记为候选；题干块6-gram重叠0.0000(题干261字/材料段0字)；同题另一来源块状态较弱(存在候选)，已按最强状态归并；同题另一来源块状态较弱(存在候选)，已按最强状态归并
BJ-2026-DC-YIMO-Q9,BJ-2026-DC-YIMO,9,S3566266405cd,2026模拟题/2026各区一模/2026东城一模/细则/分题细则/东城一模评标细则（勿传）/17.pptx,评分细则_分题切片,正式评分材料,存在候选,存在候选,0.0,,考试身份同(BJ-2026-DC-YIMO)；文件名未限定题号；未能在材料正文定位到第9题段，仅按同卷材料登记为候选；题干块6-gram重叠0.0000(题干261字/材料段0字)；同题另一来源块状态较弱(存在候选)，已按最强状态归并；同题另一来源块状态较弱(存在候选)，已按最强状态归并
BJ-2026-DC-YIMO-Q9,BJ-2026-DC-YIMO,9,S5a07157a05d1,2026模拟题/2026各区一模/2026东城一模/细则/分题细则/东城一模评标细则（勿传）/18+选择7、13.pptx,评分细则_分题切片,正式评分材料,存在候选,存在候选,0.0,,考试身份同(BJ-2026-DC-YIMO)；文件名未限定题号；未能在材料正文定位到第9题段，仅按同卷材料登记为候选；题干块6-gram重叠0.0000(题干261字/材料段0字)；同题另一来源块状态较弱(存在候选)，已按最强状态归并；同题另一来源块状态较弱(存在候选)，已按最强状态归并
BJ-2026-DC-YIMO-Q9,BJ-2026-DC-YIMO,9,S88c00449e9f0,2026模拟题/2026各区一模/2026东城一模/细则/分题细则/东城一模评标细则（勿传）/19（1）.pptx,评分细则_分题切片,正式评分材料,已排除（文件名指向他题）,存在候选,0.0,19,考试身份同(BJ-2026-DC-YIMO)；文件名题号{19}与本题号不一致；未能在材料正文定位到第9题段，仅按同卷材料登记为候选；题干块6-gram重叠0.0000(题干261字/材料段0字)；同题另一来源块状态较弱(已排除（文件名指向他题）)，已按最强状态归并；同题另一来源块状态较弱(已排除（文件名指向他题）)，已按最强状态归并
BJ-2026-DC-YIMO-Q9,BJ-2026-DC-YIMO,9,S4e0ae5b46ae6,2026模拟题/2026各区一模/2026东城一模/细则/分题细则/东城一模评标细则（勿传）/19（2）.pptx,评分细则_分题切片,正式评分材料,已排除（文件名指向他题）,存在候选,0.0,19,考试身份同(BJ-2026-DC-YIMO)；文件名题号{19}与本题号不一致；未能在材料正文定位到第9题段，仅按同卷材料登记为候选；题干块6-gram重叠0.0000(题干261字/材料段0字)；同题另一来源块状态较弱(已排除（文件名指向他题）)，已按最强状态归并；同题另一来源块状态较弱(已排除（文件名指向他题）)，已按最强状态归并
BJ-2026-DC-YIMO-Q9,BJ-2026-DC-YIMO,9,Saa63045ae376,2026模拟题/2026各区一模/2026东城一模/细则/分题细则/东城一模评标细则（勿传）/19（3）.pptx,评分细则_分题切片,正式评分材料,已排除（文件名指向他题）,存在候选,0.0,19,考试身份同(BJ-2026-DC-YIMO)；文件名题号{19}与本题号不一致；未能在材料正文定位到第9题段，仅按同卷材料登记为候选；题干块6-gram重叠0.0000(题干261字/材料段0字)；同题另一来源块状态较弱(已排除（文件名指向他题）)，已按最强状态归并；同题另一来源块状态较弱(已排除（文件名指向他题）)，已按最强状态归并
BJ-2026-DC-YIMO-Q9,BJ-2026-DC-YIMO,9,S04de6654b5f8,2026模拟题/2026各区一模/2026东城一模/细则/分题细则/东城一模评标细则（勿传）/19（4）.pptx,评分细则_分题切片,正式评分材料,已排除（文件名指向他题）,存在候选,0.0,19,考试身份同(BJ-2026-DC-YIMO)；文件名题号{19}与本题号不一致；未能在材料正文定位到第9题段，仅按同卷材料登记为候选；题干块6-gram重叠0.0000(题干261字/材料段0字)；同题另一来源块状态较弱(已排除（文件名指向他题）)，已按最强状态归并；同题另一来源块状态较弱(已排除（文件名指向他题）)，已按最强状态归并
BJ-2026-DC-YIMO-Q9,BJ-2026-DC-YIMO,9,S16fa597a98fe,2026模拟题/2026各区一模/2026东城一模/细则/分题细则/东城一模评标细则（勿传）/20.pptx,评分细则_分题切片,正式评分材料,存在候选,存在候选,0.0,,考试身份同(BJ-2026-DC-YIMO)；文件名未限定题号；未能在材料正文定位到第9题段，仅按同卷材料登记为候选；题干块6-gram重叠0.0000(题干261字/材料段0字)；同题另一来源块状态较弱(存在候选)，已按最强状态归并；同题另一来源块状态较弱(存在候选)，已按最强状态归并
BJ-2026-DC-YIMO-Q9,BJ-2026-DC-YIMO,9,Seaae525d6ec9,2026模拟题/2026各区一模/2026东城一模/细则/细则.pdf,评分材料,正式评分材料,存在候选,存在候选,0.0,,考试身份同(BJ-2026-DC-YIMO)；文件名未限定题号；未能在材料正文定位到第9题段，仅按同卷材料登记为候选；题干块6-gram重叠0.0000(题干261字/材料段0字)；同题另一来源块状态较弱(存在候选)，已按最强状态归并；同题另一来源块状态较弱(存在候选)，已按最强状态归并
BJ-2026-DC-YIMO-Q9,BJ-2026-DC-YIMO,9,S99e851c9338f,2026模拟题/2026各区一模/2026东城一模/细则/补充材料/26东城一模细则.pdf,评分材料,正式评分材料,存在候选,存在候选,0.0,,考试身份同(BJ-2026-DC-YIMO)；文件名未限定题号；未能在材料正文定位到第9题段，仅按同卷材料登记为候选；题干块6-gram重叠0.0000(题干261字/材料段0字)；同题另一来源块状态较弱(存在候选)，已按最强状态归并；同题另一来源块状态较弱(存在候选)，已按最强状态归并
BJ-2026-DC-YIMO-Q6,BJ-2026-DC-YIMO,6,Sbbcb45c7197f,2026模拟题/2026各区一模/2026东城一模/细则/分题细则/东城一模评标细则（勿传）/16.pptx,评分细则_分题切片,正式评分材料,存在候选,存在候选,0.0,,考试身份同(BJ-2026-DC-YIMO)；文件名未限定题号；未能在材料正文定位到第6题段，仅按同卷材料登记为候选；题干块6-gram重叠0.0000(题干298字/材料段0字)；同题另一来源块状态较弱(存在候选)，已按最强状态归并；同题另一来源块状态较弱(存在候选)，已按最强状态归并
BJ-2026-DC-YIMO-Q6,BJ-2026-DC-YIMO,6,S3566266405cd,2026模拟题/2026各区一模/2026东城一模/细则/分题细则/东城一模评标细则（勿传）/17.pptx,评分细则_分题切片,正式评分材料,存在候选,存在候选,0.0,,考试身份同(BJ-2026-DC-YIMO)；文件名未限定题号；未能在材料正文定位到第6题段，仅按同卷材料登记为候选；题干块6-gram重叠0.0000(题干298字/材料段0字)；同题另一来源块状态较弱(存在候选)，已按最强状态归并；同题另一来源块状态较弱(存在候选)，已按最强状态归并
BJ-2026-DC-YIMO-Q6,BJ-2026-DC-YIMO,6,S5a07157a05d1,2026模拟题/2026各区一模/2026东城一模/细则/分题细则/东城一模评标细则（勿传）/18+选择7、13.pptx,评分细则_分题切片,正式评分材料,存在候选,存在候选,0.0,,考试身份同(BJ-2026-DC-YIMO)；文件名未限定题号；未能在材料正文定位到第6题段，仅按同卷材料登记为候选；题干块6-gram重叠0.0000(题干298字/材料段0字)；同题另一来源块状态较弱(存在候选)，已按最强状态归并；同题另一来源块状态较弱(存在候选)，已按最强状态归并
BJ-2026-DC-YIMO-Q6,BJ-2026-DC-YIMO,6,S88c00449e9f0,2026模拟题/2026各区一模/2026东城一模/细则/分题细则/东城一模评标细则（勿传）/19（1）.pptx,评分细则_分题切片,正式评分材料,已排除（文件名指向他题）,存在候选,0.0,19,考试身份同(BJ-2026-DC-YIMO)；文件名题号{19}与本题号不一致；未能在材料正文定位到第6题段，仅按同卷材料登记为候选；题干块6-gram重叠0.0000(题干298字/材料段0字)；同题另一来源块状态较弱(已排除（文件名指向他题）)，已按最强状态归并；同题另一来源块状态较弱(已排除（文件名指向他题）)，已按最强状态归并
BJ-2026-DC-YIMO-Q6,BJ-2026-DC-YIMO,6,S4e0ae5b46ae6,2026模拟题/2026各区一模/2026东城一模/细则/分题细则/东城一模评标细则（勿传）/19（2）.pptx,评分细则_分题切片,正式评分材料,已排除（文件名指向他题）,存在候选,0.0,19,考试身份同(BJ-2026-DC-YIMO)；文件名题号{19}与本题号不一致；未能在材料正文定位到第6题段，仅按同卷材料登记为候选；题干块6-gram重叠0.0000(题干298字/材料段0字)；同题另一来源块状态较弱(已排除（文件名指向他题）)，已按最强状态归并；同题另一来源块状态较弱(已排除（文件名指向他题）)，已按最强状态归并
BJ-2026-DC-YIMO-Q6,BJ-2026-DC-YIMO,6,Saa63045ae376,2026模拟题/2026各区一模/2026东城一模/细则/分题细则/东城一模评标细则（勿传）/19（3）.pptx,评分细则_分题切片,正式评分材料,已排除（文件名指向他题）,存在候选,0.0,19,考试身份同(BJ-2026-DC-YIMO)；文件名题号{19}与本题号不一致；未能在材料正文定位到第6题段，仅按同卷材料登记为候选；题干块6-gram重叠0.0000(题干298字/材料段0字)；同题另一来源块状态较弱(已排除（文件名指向他题）)，已按最强状态归并；同题另一来源块状态较弱(已排除（文件名指向他题）)，已按最强状态归并
BJ-2026-DC-YIMO-Q6,BJ-2026-DC-YIMO,6,S04de6654b5f8,2026模拟题/2026各区一模/2026东城一模/细则/分题细则/东城一模评标细则（勿传）/19（4）.pptx,评分细则_分题切片,正式评分材料,已排除（文件名指向他题）,存在候选,0.0,19,考试身份同(BJ-2026-DC-YIMO)；文件名题号{19}与本题号不一致；未能在材料正文定位到第6题段，仅按同卷材料登记为候选；题干块6-gram重叠0.0000(题干298字/材料段0字)；同题另一来源块状态较弱(已排除（文件名指向他题）)，已按最强状态归并；同题另一来源块状态较弱(已排除（文件名指向他题）)，已按最强状态归并
BJ-2026-DC-YIMO-Q6,BJ-2026-DC-YIMO,6,S16fa597a98fe,2026模拟题/2026各区一模/2026东城一模/细则/分题细则/东城一模评标细则（勿传）/20.pptx,评分细则_分题切片,正式评分材料,存在候选,存在候选,0.0,,考试身份同(BJ-2026-DC-YIMO)；文件名未限定题号；正文定位方式=题号起首；题干块6-gram重叠0.0000(题干298字/材料段445字)；同题另一来源块状态较弱(存在候选)，已按最强状态归并；同题另一来源块状态较弱(存在候选)，已按最强状态归并
BJ-2026-DC-YIMO-Q6,BJ-2026-DC-YIMO,6,Seaae525d6ec9,2026模拟题/2026各区一模/2026东城一模/细则/细则.pdf,评分材料,正式评分材料,存在候选,存在候选,0.0,,考试身份同(BJ-2026-DC-YIMO)；文件名未限定题号；未能在材料正文定位到第6题段，仅按同卷材料登记为候选；题干块6-gram重叠0.0000(题干298字/材料段0字)；同题另一来源块状态较弱(存在候选)，已按最强状态归并；同题另一来源块状态较弱(存在候选)，已按最强状态归并
BJ-2026-DC-YIMO-Q6,BJ-2026-DC-YIMO,6,S99e851c9338f,2026模拟题/2026各区一模/2026东城一模/细则/补充材料/26东城一模细则.pdf,评分材料,正式评分材料,存在候选,存在候选,0.0,,考试身份同(BJ-2026-DC-YIMO)；文件名未限定题号；正文定位方式=题号起首；题干块6-gram重叠0.0000(题干298字/材料段20字)；同题另一来源块状态较弱(存在候选)，已按最强状态归并；同题另一来源块状态较弱(存在候选)，已按最强状态归并
BJ-2026-DC-YIMO-Q8,BJ-2026-DC-YIMO,8,Sbbcb45c7197f,2026模拟题/2026各区一模/2026东城一模/细则/分题细则/东城一模评标细则（勿传）/16.pptx,评分细则_分题切片,正式评分材料,存在候选,存在候选,0.0,,考试身份同(BJ-2026-DC-YIMO)；文件名未限定题号；未能在材料正文定位到第8题段，仅按同卷材料登记为候选；题干块6-gram重叠0.0000(题干632字/材料段0字)；同题另一来源块状态较弱(存在候选)，已按最强状态归并
BJ-2026-DC-YIMO-Q8,BJ-2026-DC-YIMO,8,S3566266405cd,2026模拟题/2026各区一模/2026东城一模/细则/分题细则/东城一模评标细则（勿传）/17.pptx,评分细则_分题切片,正式评分材料,存在候选,存在候选,0.0,,考试身份同(BJ-2026-DC-YIMO)；文件名未限定题号；未能在材料正文定位到第8题段，仅按同卷材料登记为候选；题干块6-gram重叠0.0000(题干632字/材料段0字)；同题另一来源块状态较弱(存在候选)，已按最强状态归并
BJ-2026-DC-YIMO-Q8,BJ-2026-DC-YIMO,8,S5a07157a05d1,2026模拟题/2026各区一模/2026东城一模/细则/分题细则/东城一模评标细则（勿传）/18+选择7、13.pptx,评分细则_分题切片,正式评分材料,存在候选,存在候选,0.0,,考试身份同(BJ-2026-DC-YIMO)；文件名未限定题号；未能在材料正文定位到第8题段，仅按同卷材料登记为候选；题干块6-gram重叠0.0000(题干632字/材料段0字)；同题另一来源块状态较弱(存在候选)，已按最强状态归并
BJ-2026-DC-YIMO-Q8,BJ-2026-DC-YIMO,8,S88c00449e9f0,2026模拟题/2026各区一模/2026东城一模/细则/分题细则/东城一模评标细则（勿传）/19（1）.pptx,评分细则_分题切片,正式评分材料,已排除（文件名指向他题）,存在候选,0.0,19,考试身份同(BJ-2026-DC-YIMO)；文件名题号{19}与本题号不一致；未能在材料正文定位到第8题段，仅按同卷材料登记为候选；题干块6-gram重叠0.0000(题干632字/材料段0字)；同题另一来源块状态较弱(已排除（文件名指向他题）)，已按最强状态归并
BJ-2026-DC-YIMO-Q8,BJ-2026-DC-YIMO,8,S4e0ae5b46ae6,2026模拟题/2026各区一模/2026东城一模/细则/分题细则/东城一模评标细则（勿传）/19（2）.pptx,评分细则_分题切片,正式评分材料,已排除（文件名指向他题）,存在候选,0.0,19,考试身份同(BJ-2026-DC-YIMO)；文件名题号{19}与本题号不一致；未能在材料正文定位到第8题段，仅按同卷材料登记为候选；题干块6-gram重叠0.0000(题干632字/材料段0字)；同题另一来源块状态较弱(已排除（文件名指向他题）)，已按最强状态归并
BJ-2026-DC-YIMO-Q8,BJ-2026-DC-YIMO,8,Saa63045ae376,2026模拟题/2026各区一模/2026东城一模/细则/分题细则/东城一模评标细则（勿传）/19（3）.pptx,评分细则_分题切片,正式评分材料,已排除（文件名指向他题）,存在候选,0.0,19,考试身份同(BJ-2026-DC-YIMO)；文件名题号{19}与本题号不一致；未能在材料正文定位到第8题段，仅按同卷材料登记为候选；题干块6-gram重叠0.0000(题干632字/材料段0字)；同题另一来源块状态较弱(已排除（文件名指向他题）)，已按最强状态归并
BJ-2026-DC-YIMO-Q8,BJ-2026-DC-YIMO,8,S04de6654b5f8,2026模拟题/2026各区一模/2026东城一模/细则/分题细则/东城一模评标细则（勿传）/19（4）.pptx,评分细则_分题切片,正式评分材料,已排除（文件名指向他题）,存在候选,0.0,19,考试身份同(BJ-2026-DC-YIMO)；文件名题号{19}与本题号不一致；未能在材料正文定位到第8题段，仅按同卷材料登记为候选；题干块6-gram重叠0.0000(题干632字/材料段0字)；同题另一来源块状态较弱(已排除（文件名指向他题）)，已按最强状态归并
BJ-2026-DC-YIMO-Q8,BJ-2026-DC-YIMO,8,S16fa597a98fe,2026模拟题/2026各区一模/2026东城一模/细则/分题细则/东城一模评标细则（勿传）/20.pptx,评分细则_分题切片,正式评分材料,存在候选,存在候选,0.0,,考试身份同(BJ-2026-DC-YIMO)；文件名未限定题号；未能在材料正文定位到第8题段，仅按同卷材料登记为候选；题干块6-gram重叠0.0000(题干632字/材料段0字)；同题另一来源块状态较弱(存在候选)，已按最强状态归并
BJ-2026-DC-YIMO-Q8,BJ-2026-DC-YIMO,8,Seaae525d6ec9,2026模拟题/2026各区一模/2026东城一模/细则/细则.pdf,评分材料,正式评分材料,存在候选,存在候选,0.0,,考试身份同(BJ-2026-DC-YIMO)；文件名未限定题号；未能在材料正文定位到第8题段，仅按同卷材料登记为候选；题干块6-gram重叠0.0000(题干632字/材料段0字)；同题另一来源块状态较弱(存在候选)，已按最强状态归并
BJ-2026-DC-YIMO-Q8,BJ-2026-DC-YIMO,8,S99e851c9338f,2026模拟题/2026各区一模/2026东城一模/细则/补充材料/26东城一模细则.pdf,评分材料,正式评分材料,存在候选,存在候选,0.0,,考试身份同(BJ-2026-DC-YIMO)；文件名未限定题号；未能在材料正文定位到第8题段，仅按同卷材料登记为候选；题干块6-gram重叠0.0000(题干632字/材料段0字)；同题另一来源块状态较弱(存在候选)，已按最强状态归并
BJ-2026-DC-YIMO-Q10,BJ-2026-DC-YIMO,10,Sbbcb45c7197f,2026模拟题/2026各区一模/2026东城一模/细则/分题细则/东城一模评标细则（勿传）/16.pptx,评分细则_分题切片,正式评分材料,存在候选,存在候选,0.0,,考试身份同(BJ-2026-DC-YIMO)；文件名未限定题号；未能在材料正文定位到第10题段，仅按同卷材料登记为候选；题干块6-gram重叠0.0000(题干209字/材料段0字)；同题另一来源块状态较弱(存在候选)，已按最强状态归并
BJ-2026-DC-YIMO-Q10,BJ-2026-DC-YIMO,10,S3566266405cd,2026模拟题/2026各区一模/2026东城一模/细则/分题细则/东城一模评标细则（勿传）/17.pptx,评分细则_分题切片,正式评分材料,存在候选,存在候选,0.0,,考试身份同(BJ-2026-DC-YIMO)；文件名未限定题号；未能在材料正文定位到第10题段，仅按同卷材料登记为候选；题干块6-gram重叠0.0000(题干209字/材料段0字)；同题另一来源块状态较弱(存在候选)，已按最强状态归并
BJ-2026-DC-YIMO-Q10,BJ-2026-DC-YIMO,10,S5a07157a05d1,2026模拟题/2026各区一模/2026东城一模/细则/分题细则/东城一模评标细则（勿传）/18+选择7、13.pptx,评分细则_分题切片,正式评分材料,存在候选,存在候选,0.0,,考试身份同(BJ-2026-DC-YIMO)；文件名未限定题号；未能在材料正文定位到第10题段，仅按同卷材料登记为候选；题干块6-gram重叠0.0000(题干209字/材料段0字)；同题另一来源块状态较弱(存在候选)，已按最强状态归并
BJ-2026-DC-YIMO-Q10,BJ-2026-DC-YIMO,10,S88c00449e9f0,2026模拟题/2026各区一模/2026东城一模/细则/分题细则/东城一模评标细则（勿传）/19（1）.pptx,评分细则_分题切片,正式评分材料,已排除（文件名指向他题）,存在候选,0.0,19,考试身份同(BJ-2026-DC-YIMO)；文件名题号{19}与本题号不一致；未能在材料正文定位到第10题段，仅按同卷材料登记为候选；题干块6-gram重叠0.0000(题干209字/材料段0字)；同题另一来源块状态较弱(已排除（文件名指向他题）)，已按最强状态归并
BJ-2026-DC-YIMO-Q10,BJ-2026-DC-YIMO,10,S4e0ae5b46ae6,2026模拟题/2026各区一模/2026东城一模/细则/分题细则/东城一模评标细则（勿传）/19（2）.pptx,评分细则_分题切片,正式评分材料,已排除（文件名指向他题）,存在候选,0.0,19,考试身份同(BJ-2026-DC-YIMO)；文件名题号{19}与本题号不一致；未能在材料正文定位到第10题段，仅按同卷材料登记为候选；题干块6-gram重叠0.0000(题干209字/材料段0字)；同题另一来源块状态较弱(已排除（文件名指向他题）)，已按最强状态归并
BJ-2026-DC-YIMO-Q10,BJ-2026-DC-YIMO,10,Saa63045ae376,2026模拟题/2026各区一模/2026东城一模/细则/分题细则/东城一模评标细则（勿传）/19（3）.pptx,评分细则_分题切片,正式评分材料,已排除（文件名指向他题）,存在候选,0.0,19,考试身份同(BJ-2026-DC-YIMO)；文件名题号{19}与本题号不一致；未能在材料正文定位到第10题段，仅按同卷材料登记为候选；题干块6-gram重叠0.0000(题干209字/材料段0字)；同题另一来源块状态较弱(已排除（文件名指向他题）)，已按最强状态归并
BJ-2026-DC-YIMO-Q10,BJ-2026-DC-YIMO,10,S04de6654b5f8,2026模拟题/2026各区一模/2026东城一模/细则/分题细则/东城一模评标细则（勿传）/19（4）.pptx,评分细则_分题切片,正式评分材料,已排除（文件名指向他题）,存在候选,0.0,19,考试身份同(BJ-2026-DC-YIMO)；文件名题号{19}与本题号不一致；未能在材料正文定位到第10题段，仅按同卷材料登记为候选；题干块6-gram重叠0.0000(题干209字/材料段0字)；同题另一来源块状态较弱(已排除（文件名指向他题）)，已按最强状态归并
BJ-2026-DC-YIMO-Q10,BJ-2026-DC-YIMO,10,S16fa597a98fe,2026模拟题/2026各区一模/2026东城一模/细则/分题细则/东城一模评标细则（勿传）/20.pptx,评分细则_分题切片,正式评分材料,存在候选,存在候选,0.0,,考试身份同(BJ-2026-DC-YIMO)；文件名未限定题号；未能在材料正文定位到第10题段，仅按同卷材料登记为候选；题干块6-gram重叠0.0000(题干209字/材料段0字)；同题另一来源块状态较弱(存在候选)，已按最强状态归并
BJ-2026-DC-YIMO-Q10,BJ-2026-DC-YIMO,10,Seaae525d6ec9,2026模拟题/2026各区一模/2026东城一模/细则/细则.pdf,评分材料,正式评分材料,存在候选,存在候选,0.0,,考试身份同(BJ-2026-DC-YIMO)；文件名未限定题号；未能在材料正文定位到第10题段，仅按同卷材料登记为候选；题干块6-gram重叠0.0000(题干209字/材料段0字)；同题另一来源块状态较弱(存在候选)，已按最强状态归并
BJ-2026-DC-YIMO-Q10,BJ-2026-DC-YIMO,10,S99e851c9338f,2026模拟题/2026各区一模/2026东城一模/细则/补充材料/26东城一模细则.pdf,评分材料,正式评分材料,存在候选,存在候选,0.0,,考试身份同(BJ-2026-DC-YIMO)；文件名未限定题号；未能在材料正文定位到第10题段，仅按同卷材料登记为候选；题干块6-gram重叠0.0000(题干209字/材料段0字)；同题另一来源块状态较弱(存在候选)，已按最强状态归并
BJ-2026-DC-YIMO-Q11,BJ-2026-DC-YIMO,11,Sbbcb45c7197f,2026模拟题/2026各区一模/2026东城一模/细则/分题细则/东城一模评标细则（勿传）/16.pptx,评分细则_分题切片,正式评分材料,存在候选,存在候选,0.0,,考试身份同(BJ-2026-DC-YIMO)；文件名未限定题号；未能在材料正文定位到第11题段，仅按同卷材料登记为候选；题干块6-gram重叠0.0000(题干146字/材料段0字)；同题另一来源块状态较弱(存在候选)，已按最强状态归并
BJ-2026-DC-YIMO-Q11,BJ-2026-DC-YIMO,11,S3566266405cd,2026模拟题/2026各区一模/2026东城一模/细则/分题细则/东城一模评标细则（勿传）/17.pptx,评分细则_分题切片,正式评分材料,存在候选,存在候选,0.0,,考试身份同(BJ-2026-DC-YIMO)；文件名未限定题号；未能在材料正文定位到第11题段，仅按同卷材料登记为候选；题干块6-gram重叠0.0000(题干146字/材料段0字)；同题另一来源块状态较弱(存在候选)，已按最强状态归并
BJ-2026-DC-YIMO-Q11,BJ-2026-DC-YIMO,11,S5a07157a05d1,2026模拟题/2026各区一模/2026东城一模/细则/分题细则/东城一模评标细则（勿传）/18+选择7、13.pptx,评分细则_分题切片,正式评分材料,存在候选,存在候选,0.0,,考试身份同(BJ-2026-DC-YIMO)；文件名未限定题号；未能在材料正文定位到第11题段，仅按同卷材料登记为候选；题干块6-gram重叠0.0000(题干146字/材料段0字)；同题另一来源块状态较弱(存在候选)，已按最强状态归并
BJ-2026-DC-YIMO-Q11,BJ-2026-DC-YIMO,11,S88c00449e9f0,2026模拟题/2026各区一模/2026东城一模/细则/分题细则/东城一模评标细则（勿传）/19（1）.pptx,评分细则_分题切片,正式评分材料,已排除（文件名指向他题）,存在候选,0.0,19,考试身份同(BJ-2026-DC-YIMO)；文件名题号{19}与本题号不一致；未能在材料正文定位到第11题段，仅按同卷材料登记为候选；题干块6-gram重叠0.0000(题干146字/材料段0字)；同题另一来源块状态较弱(已排除（文件名指向他题）)，已按最强状态归并
BJ-2026-DC-YIMO-Q11,BJ-2026-DC-YIMO,11,S4e0ae5b46ae6,2026模拟题/2026各区一模/2026东城一模/细则/分题细则/东城一模评标细则（勿传）/19（2）.pptx,评分细则_分题切片,正式评分材料,已排除（文件名指向他题）,存在候选,0.0,19,考试身份同(BJ-2026-DC-YIMO)；文件名题号{19}与本题号不一致；未能在材料正文定位到第11题段，仅按同卷材料登记为候选；题干块6-gram重叠0.0000(题干146字/材料段0字)；同题另一来源块状态较弱(已排除（文件名指向他题）)，已按最强状态归并
BJ-2026-DC-YIMO-Q11,BJ-2026-DC-YIMO,11,Saa63045ae376,2026模拟题/2026各区一模/2026东城一模/细则/分题细则/东城一模评标细则（勿传）/19（3）.pptx,评分细则_分题切片,正式评分材料,已排除（文件名指向他题）,存在候选,0.0,19,考试身份同(BJ-2026-DC-YIMO)；文件名题号{19}与本题号不一致；未能在材料正文定位到第11题段，仅按同卷材料登记为候选；题干块6-gram重叠0.0000(题干146字/材料段0字)；同题另一来源块状态较弱(已排除（文件名指向他题）)，已按最强状态归并
BJ-2026-DC-YIMO-Q11,BJ-2026-DC-YIMO,11,S04de6654b5f8,2026模拟题/2026各区一模/2026东城一模/细则/分题细则/东城一模评标细则（勿传）/19（4）.pptx,评分细则_分题切片,正式评分材料,已排除（文件名指向他题）,存在候选,0.0,19,考试身份同(BJ-2026-DC-YIMO)；文件名题号{19}与本题号不一致；未能在材料正文定位到第11题段，仅按同卷材料登记为候选；题干块6-gram重叠0.0000(题干146字/材料段0字)；同题另一来源块状态较弱(已排除（文件名指向他题）)，已按最强状态归并
BJ-2026-DC-YIMO-Q11,BJ-2026-DC-YIMO,11,S16fa597a98fe,2026模拟题/2026各区一模/2026东城一模/细则/分题细则/东城一模评标细则（勿传）/20.pptx,评分细则_分题切片,正式评分材料,存在候选,存在候选,0.0,,考试身份同(BJ-2026-DC-YIMO)；文件名未限定题号；未能在材料正文定位到第11题段，仅按同卷材料登记为候选；题干块6-gram重叠0.0000(题干146字/材料段0字)；同题另一来源块状态较弱(存在候选)，已按最强状态归并
BJ-2026-DC-YIMO-Q11,BJ-2026-DC-YIMO,11,Seaae525d6ec9,2026模拟题/2026各区一模/2026东城一模/细则/细则.pdf,评分材料,正式评分材料,存在候选,存在候选,0.0,,考试身份同(BJ-2026-DC-YIMO)；文件名未限定题号；未能在材料正文定位到第11题段，仅按同卷材料登记为候选；题干块6-gram重叠0.0000(题干146字/材料段0字)；同题另一来源块状态较弱(存在候选)，已按最强状态归并
BJ-2026-DC-YIMO-Q11,BJ-2026-DC-YIMO,11,S99e851c9338f,2026模拟题/2026各区一模/2026东城一模/细则/补充材料/26东城一模细则.pdf,评分材料,正式评分材料,存在候选,存在候选,0.0,,考试身份同(BJ-2026-DC-YIMO)；文件名未限定题号；未能在材料正文定位到第11题段，仅按同卷材料登记为候选；题干块6-gram重叠0.0000(题干146字/材料段0字)；同题另一来源块状态较弱(存在候选)，已按最强状态归并
BJ-2026-DC-YIMO-Q12,BJ-2026-DC-YIMO,12,Sbbcb45c7197f,2026模拟题/2026各区一模/2026东城一模/细则/分题细则/东城一模评标细则（勿传）/16.pptx,评分细则_分题切片,正式评分材料,存在候选,存在候选,0.0,,考试身份同(BJ-2026-DC-YIMO)；文件名未限定题号；未能在材料正文定位到第12题段，仅按同卷材料登记为候选；题干块6-gram重叠0.0000(题干584字/材料段0字)；同题另一来源块状态较弱(存在候选)，已按最强状态归并；同题另一来源块状态较弱(存在候选)，已按最强状态归并
BJ-2026-DC-YIMO-Q12,BJ-2026-DC-YIMO,12,S3566266405cd,2026模拟题/2026各区一模/2026东城一模/细则/分题细则/东城一模评标细则（勿传）/17.pptx,评分细则_分题切片,正式评分材料,存在候选,存在候选,0.0,,考试身份同(BJ-2026-DC-YIMO)；文件名未限定题号；未能在材料正文定位到第12题段，仅按同卷材料登记为候选；题干块6-gram重叠0.0000(题干584字/材料段0字)；同题另一来源块状态较弱(存在候选)，已按最强状态归并；同题另一来源块状态较弱(存在候选)，已按最强状态归并
BJ-2026-DC-YIMO-Q12,BJ-2026-DC-YIMO,12,S5a07157a05d1,2026模拟题/2026各区一模/2026东城一模/细则/分题细则/东城一模评标细则（勿传）/18+选择7、13.pptx,评分细则_分题切片,正式评分材料,存在候选,存在候选,0.0,,考试身份同(BJ-2026-DC-YIMO)；文件名未限定题号；未能在材料正文定位到第12题段，仅按同卷材料登记为候选；题干块6-gram重叠0.0000(题干584字/材料段0字)；同题另一来源块状态较弱(存在候选)，已按最强状态归并；同题另一来源块状态较弱(存在候选)，已按最强状态归并
BJ-2026-DC-YIMO-Q12,BJ-2026-DC-YIMO,12,S88c00449e9f0,2026模拟题/2026各区一模/2026东城一模/细则/分题细则/东城一模评标细则（勿传）/19（1）.pptx,评分细则_分题切片,正式评分材料,已排除（文件名指向他题）,存在候选,0.0,19,考试身份同(BJ-2026-DC-YIMO)；文件名题号{19}与本题号不一致；未能在材料正文定位到第12题段，仅按同卷材料登记为候选；题干块6-gram重叠0.0000(题干584字/材料段0字)；同题另一来源块状态较弱(已排除（文件名指向他题）)，已按最强状态归并；同题另一来源块状态较弱(已排除（文件名指向他题）)，已按最强状态归并
BJ-2026-DC-YIMO-Q12,BJ-2026-DC-YIMO,12,S4e0ae5b46ae6,2026模拟题/2026各区一模/2026东城一模/细则/分题细则/东城一模评标细则（勿传）/19（2）.pptx,评分细则_分题切片,正式评分材料,已排除（文件名指向他题）,存在候选,0.0,19,考试身份同(BJ-2026-DC-YIMO)；文件名题号{19}与本题号不一致；未能在材料正文定位到第12题段，仅按同卷材料登记为候选；题干块6-gram重叠0.0000(题干584字/材料段0字)；同题另一来源块状态较弱(已排除（文件名指向他题）)，已按最强状态归并；同题另一来源块状态较弱(已排除（文件名指向他题）)，已按最强状态归并
BJ-2026-DC-YIMO-Q12,BJ-2026-DC-YIMO,12,Saa63045ae376,2026模拟题/2026各区一模/2026东城一模/细则/分题细则/东城一模评标细则（勿传）/19（3）.pptx,评分细则_分题切片,正式评分材料,已排除（文件名指向他题）,存在候选,0.0,19,考试身份同(BJ-2026-DC-YIMO)；文件名题号{19}与本题号不一致；未能在材料正文定位到第12题段，仅按同卷材料登记为候选；题干块6-gram重叠0.0000(题干584字/材料段0字)；同题另一来源块状态较弱(已排除（文件名指向他题）)，已按最强状态归并；同题另一来源块状态较弱(已排除（文件名指向他题）)，已按最强状态归并
BJ-2026-DC-YIMO-Q12,BJ-2026-DC-YIMO,12,S04de6654b5f8,2026模拟题/2026各区一模/2026东城一模/细则/分题细则/东城一模评标细则（勿传）/19（4）.pptx,评分细则_分题切片,正式评分材料,已排除（文件名指向他题）,存在候选,0.0,19,考试身份同(BJ-2026-DC-YIMO)；文件名题号{19}与本题号不一致；未能在材料正文定位到第12题段，仅按同卷材料登记为候选；题干块6-gram重叠0.0000(题干584字/材料段0字)；同题另一来源块状态较弱(已排除（文件名指向他题）)，已按最强状态归并；同题另一来源块状态较弱(已排除（文件名指向他题）)，已按最强状态归并
BJ-2026-DC-YIMO-Q12,BJ-2026-DC-YIMO,12,S16fa597a98fe,2026模拟题/2026各区一模/2026东城一模/细则/分题细则/东城一模评标细则（勿传）/20.pptx,评分细则_分题切片,正式评分材料,存在候选,存在候选,0.0,,考试身份同(BJ-2026-DC-YIMO)；文件名未限定题号；未能在材料正文定位到第12题段，仅按同卷材料登记为候选；题干块6-gram重叠0.0000(题干584字/材料段0字)；同题另一来源块状态较弱(存在候选)，已按最强状态归并；同题另一来源块状态较弱(存在候选)，已按最强状态归并
BJ-2026-DC-YIMO-Q12,BJ-2026-DC-YIMO,12,Seaae525d6ec9,2026模拟题/2026各区一模/2026东城一模/细则/细则.pdf,评分材料,正式评分材料,存在候选,存在候选,0.0,,考试身份同(BJ-2026-DC-YIMO)；文件名未限定题号；未能在材料正文定位到第12题段，仅按同卷材料登记为候选；题干块6-gram重叠0.0000(题干584字/材料段0字)；同题另一来源块状态较弱(存在候选)，已按最强状态归并；同题另一来源块状态较弱(存在候选)，已按最强状态归并
BJ-2026-DC-YIMO-Q12,BJ-2026-DC-YIMO,12,S99e851c9338f,2026模拟题/2026各区一模/2026东城一模/细则/补充材料/26东城一模细则.pdf,评分材料,正式评分材料,存在候选,存在候选,0.0,,考试身份同(BJ-2026-DC-YIMO)；文件名未限定题号；未能在材料正文定位到第12题段，仅按同卷材料登记为候选；题干块6-gram重叠0.0000(题干584字/材料段0字)；同题另一来源块状态较弱(存在候选)，已按最强状态归并；同题另一来源块状态较弱(存在候选)，已按最强状态归并
BJ-2026-DC-YIMO-Q13,BJ-2026-DC-YIMO,13,Sbbcb45c7197f,2026模拟题/2026各区一模/2026东城一模/细则/分题细则/东城一模评标细则（勿传）/16.pptx,评分细则_分题切片,正式评分材料,存在候选,存在候选,0.0,,考试身份同(BJ-2026-DC-YIMO)；文件名未限定题号；未能在材料正文定位到第13题段，仅按同卷材料登记为候选；题干块6-gram重叠0.0000(题干192字/材料段0字)；同题另一来源块状态较弱(存在候选)，已按最强状态归并；同题另一来源块状态较弱(存在候选)，已按最强状态归并
BJ-2026-DC-YIMO-Q13,BJ-2026-DC-YIMO,13,S3566266405cd,2026模拟题/2026各区一模/2026东城一模/细则/分题细则/东城一模评标细则（勿传）/17.pptx,评分细则_分题切片,正式评分材料,存在候选,存在候选,0.0,,考试身份同(BJ-2026-DC-YIMO)；文件名未限定题号；未能在材料正文定位到第13题段，仅按同卷材料登记为候选；题干块6-gram重叠0.0000(题干192字/材料段0字)；同题另一来源块状态较弱(存在候选)，已按最强状态归并；同题另一来源块状态较弱(存在候选)，已按最强状态归并
BJ-2026-DC-YIMO-Q13,BJ-2026-DC-YIMO,13,S5a07157a05d1,2026模拟题/2026各区一模/2026东城一模/细则/分题细则/东城一模评标细则（勿传）/18+选择7、13.pptx,评分细则_分题切片,正式评分材料,存在候选,存在候选,0.0,,考试身份同(BJ-2026-DC-YIMO)；文件名未限定题号；未能在材料正文定位到第13题段，仅按同卷材料登记为候选；题干块6-gram重叠0.0000(题干192字/材料段0字)；同题另一来源块状态较弱(存在候选)，已按最强状态归并；同题另一来源块状态较弱(存在候选)，已按最强状态归并
BJ-2026-DC-YIMO-Q13,BJ-2026-DC-YIMO,13,S88c00449e9f0,2026模拟题/2026各区一模/2026东城一模/细则/分题细则/东城一模评标细则（勿传）/19（1）.pptx,评分细则_分题切片,正式评分材料,已排除（文件名指向他题）,存在候选,0.0,19,考试身份同(BJ-2026-DC-YIMO)；文件名题号{19}与本题号不一致；未能在材料正文定位到第13题段，仅按同卷材料登记为候选；题干块6-gram重叠0.0000(题干192字/材料段0字)；同题另一来源块状态较弱(已排除（文件名指向他题）)，已按最强状态归并；同题另一来源块状态较弱(已排除（文件名指向他题）)，已按最强状态归并
BJ-2026-DC-YIMO-Q13,BJ-2026-DC-YIMO,13,S4e0ae5b46ae6,2026模拟题/2026各区一模/2026东城一模/细则/分题细则/东城一模评标细则（勿传）/19（2）.pptx,评分细则_分题切片,正式评分材料,已排除（文件名指向他题）,存在候选,0.0,19,考试身份同(BJ-2026-DC-YIMO)；文件名题号{19}与本题号不一致；未能在材料正文定位到第13题段，仅按同卷材料登记为候选；题干块6-gram重叠0.0000(题干192字/材料段0字)；同题另一来源块状态较弱(已排除（文件名指向他题）)，已按最强状态归并；同题另一来源块状态较弱(已排除（文件名指向他题）)，已按最强状态归并
BJ-2026-DC-YIMO-Q13,BJ-2026-DC-YIMO,13,Saa63045ae376,2026模拟题/2026各区一模/2026东城一模/细则/分题细则/东城一模评标细则（勿传）/19（3）.pptx,评分细则_分题切片,正式评分材料,已排除（文件名指向他题）,存在候选,0.0,19,考试身份同(BJ-2026-DC-YIMO)；文件名题号{19}与本题号不一致；未能在材料正文定位到第13题段，仅按同卷材料登记为候选；题干块6-gram重叠0.0000(题干192字/材料段0字)；同题另一来源块状态较弱(已排除（文件名指向他题）)，已按最强状态归并；同题另一来源块状态较弱(已排除（文件名指向他题）)，已按最强状态归并
BJ-2026-DC-YIMO-Q13,BJ-2026-DC-YIMO,13,S04de6654b5f8,2026模拟题/2026各区一模/2026东城一模/细则/分题细则/东城一模评标细则（勿传）/19（4）.pptx,评分细则_分题切片,正式评分材料,已排除（文件名指向他题）,存在候选,0.0,19,考试身份同(BJ-2026-DC-YIMO)；文件名题号{19}与本题号不一致；未能在材料正文定位到第13题段，仅按同卷材料登记为候选；题干块6-gram重叠0.0000(题干192字/材料段0字)；同题另一来源块状态较弱(已排除（文件名指向他题）)，已按最强状态归并；同题另一来源块状态较弱(已排除（文件名指向他题）)，已按最强状态归并
BJ-2026-DC-YIMO-Q13,BJ-2026-DC-YIMO,13,S16fa597a98fe,2026模拟题/2026各区一模/2026东城一模/细则/分题细则/东城一模评标细则（勿传）/20.pptx,评分细则_分题切片,正式评分材料,存在候选,存在候选,0.0,,考试身份同(BJ-2026-DC-YIMO)；文件名未限定题号；未能在材料正文定位到第13题段，仅按同卷材料登记为候选；题干块6-gram重叠0.0000(题干192字/材料段0字)；同题另一来源块状态较弱(存在候选)，已按最强状态归并；同题另一来源块状态较弱(存在候选)，已按最强状态归并
BJ-2026-DC-YIMO-Q13,BJ-2026-DC-YIMO,13,Seaae525d6ec9,2026模拟题/2026各区一模/2026东城一模/细则/细则.pdf,评分材料,正式评分材料,存在候选,存在候选,0.0,,考试身份同(BJ-2026-DC-YIMO)；文件名未限定题号；未能在材料正文定位到第13题段，仅按同卷材料登记为候选；题干块6-gram重叠0.0000(题干192字/材料段0字)；同题另一来源块状态较弱(存在候选)，已按最强状态归并；同题另一来源块状态较弱(存在候选)，已按最强状态归并
BJ-2026-DC-YIMO-Q13,BJ-2026-DC-YIMO,13,S99e851c9338f,2026模拟题/2026各区一模/2026东城一模/细则/补充材料/26东城一模细则.pdf,评分材料,正式评分材料,存在候选,存在候选,0.0,,考试身份同(BJ-2026-DC-YIMO)；文件名未限定题号；未能在材料正文定位到第13题段，仅按同卷材料登记为候选；题干块6-gram重叠0.0000(题干192字/材料段0字)；同题另一来源块状态较弱(存在候选)，已按最强状态归并；同题另一来源块状态较弱(存在候选)，已按最强状态归并
BJ-2026-DC-YIMO-Q14,BJ-2026-DC-YIMO,14,Sbbcb45c7197f,2026模拟题/2026各区一模/2026东城一模/细则/分题细则/东城一模评标细则（勿传）/16.pptx,评分细则_分题切片,正式评分材料,存在候选,存在候选,0.0,,考试身份同(BJ-2026-DC-YIMO)；文件名未限定题号；未能在材料正文定位到第14题段，仅按同卷材料登记为候选；题干块6-gram重叠0.0000(题干254字/材料段0字)；同题另一来源块状态较弱(存在候选)，已按最强状态归并；同题另一来源块状态较弱(存在候选)，已按最强状态归并
BJ-2026-DC-YIMO-Q14,BJ-2026-DC-YIMO,14,S3566266405cd,2026模拟题/2026各区一模/2026东城一模/细则/分题细则/东城一模评标细则（勿传）/17.pptx,评分细则_分题切片,正式评分材料,存在候选,存在候选,0.0,,考试身份同(BJ-2026-DC-YIMO)；文件名未限定题号；未能在材料正文定位到第14题段，仅按同卷材料登记为候选；题干块6-gram重叠0.0000(题干254字/材料段0字)；同题另一来源块状态较弱(存在候选)，已按最强状态归并；同题另一来源块状态较弱(存在候选)，已按最强状态归并
BJ-2026-DC-YIMO-Q14,BJ-2026-DC-YIMO,14,S5a07157a05d1,2026模拟题/2026各区一模/2026东城一模/细则/分题细则/东城一模评标细则（勿传）/18+选择7、13.pptx,评分细则_分题切片,正式评分材料,存在候选,存在候选,0.0,,考试身份同(BJ-2026-DC-YIMO)；文件名未限定题号；未能在材料正文定位到第14题段，仅按同卷材料登记为候选；题干块6-gram重叠0.0000(题干254字/材料段0字)；同题另一来源块状态较弱(存在候选)，已按最强状态归并；同题另一来源块状态较弱(存在候选)，已按最强状态归并
BJ-2026-DC-YIMO-Q14,BJ-2026-DC-YIMO,14,S88c00449e9f0,2026模拟题/2026各区一模/2026东城一模/细则/分题细则/东城一模评标细则（勿传）/19（1）.pptx,评分细则_分题切片,正式评分材料,已排除（文件名指向他题）,存在候选,0.0,19,考试身份同(BJ-2026-DC-YIMO)；文件名题号{19}与本题号不一致；未能在材料正文定位到第14题段，仅按同卷材料登记为候选；题干块6-gram重叠0.0000(题干254字/材料段0字)；同题另一来源块状态较弱(已排除（文件名指向他题）)，已按最强状态归并；同题另一来源块状态较弱(已排除（文件名指向他题）)，已按最强状态归并
BJ-2026-DC-YIMO-Q14,BJ-2026-DC-YIMO,14,S4e0ae5b46ae6,2026模拟题/2026各区一模/2026东城一模/细则/分题细则/东城一模评标细则（勿传）/19（2）.pptx,评分细则_分题切片,正式评分材料,已排除（文件名指向他题）,存在候选,0.0,19,考试身份同(BJ-2026-DC-YIMO)；文件名题号{19}与本题号不一致；未能在材料正文定位到第14题段，仅按同卷材料登记为候选；题干块6-gram重叠0.0000(题干254字/材料段0字)；同题另一来源块状态较弱(已排除（文件名指向他题）)，已按最强状态归并；同题另一来源块状态较弱(已排除（文件名指向他题）)，已按最强状态归并
BJ-2026-DC-YIMO-Q14,BJ-2026-DC-YIMO,14,Saa63045ae376,2026模拟题/2026各区一模/2026东城一模/细则/分题细则/东城一模评标细则（勿传）/19（3）.pptx,评分细则_分题切片,正式评分材料,已排除（文件名指向他题）,存在候选,0.0,19,考试身份同(BJ-2026-DC-YIMO)；文件名题号{19}与本题号不一致；未能在材料正文定位到第14题段，仅按同卷材料登记为候选；题干块6-gram重叠0.0000(题干254字/材料段0字)；同题另一来源块状态较弱(已排除（文件名指向他题）)，已按最强状态归并；同题另一来源块状态较弱(已排除（文件名指向他题）)，已按最强状态归并
BJ-2026-DC-YIMO-Q14,BJ-2026-DC-YIMO,14,S04de6654b5f8,2026模拟题/2026各区一模/2026东城一模/细则/分题细则/东城一模评标细则（勿传）/19（4）.pptx,评分细则_分题切片,正式评分材料,已排除（文件名指向他题）,存在候选,0.0,19,考试身份同(BJ-2026-DC-YIMO)；文件名题号{19}与本题号不一致；未能在材料正文定位到第14题段，仅按同卷材料登记为候选；题干块6-gram重叠0.0000(题干254字/材料段0字)；同题另一来源块状态较弱(已排除（文件名指向他题）)，已按最强状态归并；同题另一来源块状态较弱(已排除（文件名指向他题）)，已按最强状态归并
BJ-2026-DC-YIMO-Q14,BJ-2026-DC-YIMO,14,S16fa597a98fe,2026模拟题/2026各区一模/2026东城一模/细则/分题细则/东城一模评标细则（勿传）/20.pptx,评分细则_分题切片,正式评分材料,存在候选,存在候选,0.0,,考试身份同(BJ-2026-DC-YIMO)；文件名未限定题号；未能在材料正文定位到第14题段，仅按同卷材料登记为候选；题干块6-gram重叠0.0000(题干254字/材料段0字)；同题另一来源块状态较弱(存在候选)，已按最强状态归并；同题另一来源块状态较弱(存在候选)，已按最强状态归并
BJ-2026-DC-YIMO-Q14,BJ-2026-DC-YIMO,14,Seaae525d6ec9,2026模拟题/2026各区一模/2026东城一模/细则/细则.pdf,评分材料,正式评分材料,存在候选,存在候选,0.0,,考试身份同(BJ-2026-DC-YIMO)；文件名未限定题号；未能在材料正文定位到第14题段，仅按同卷材料登记为候选；题干块6-gram重叠0.0000(题干254字/材料段0字)；同题另一来源块状态较弱(存在候选)，已按最强状态归并；同题另一来源块状态较弱(存在候选)，已按最强状态归并
BJ-2026-DC-YIMO-Q14,BJ-2026-DC-YIMO,14,S99e851c9338f,2026模拟题/2026各区一模/2026东城一模/细则/补充材料/26东城一模细则.pdf,评分材料,正式评分材料,存在候选,存在候选,0.0,,考试身份同(BJ-2026-DC-YIMO)；文件名未限定题号；未能在材料正文定位到第14题段，仅按同卷材料登记为候选；题干块6-gram重叠0.0000(题干254字/材料段0字)；同题另一来源块状态较弱(存在候选)，已按最强状态归并；同题另一来源块状态较弱(存在候选)，已按最强状态归并
BJ-2026-DC-YIMO-Q15,BJ-2026-DC-YIMO,15,Sbbcb45c7197f,2026模拟题/2026各区一模/2026东城一模/细则/分题细则/东城一模评标细则（勿传）/16.pptx,评分细则_分题切片,正式评分材料,存在候选,存在候选,0.0,,考试身份同(BJ-2026-DC-YIMO)；文件名未限定题号；未能在材料正文定位到第15题段，仅按同卷材料登记为候选；题干块6-gram重叠0.0000(题干390字/材料段0字)；同题另一来源块状态较弱(存在候选)，已按最强状态归并；同题另一来源块状态较弱(存在候选)，已按最强状态归并
BJ-2026-DC-YIMO-Q15,BJ-2026-DC-YIMO,15,S3566266405cd,2026模拟题/2026各区一模/2026东城一模/细则/分题细则/东城一模评标细则（勿传）/17.pptx,评分细则_分题切片,正式评分材料,存在候选,存在候选,0.0,,考试身份同(BJ-2026-DC-YIMO)；文件名未限定题号；未能在材料正文定位到第15题段，仅按同卷材料登记为候选；题干块6-gram重叠0.0000(题干390字/材料段0字)；同题另一来源块状态较弱(存在候选)，已按最强状态归并；同题另一来源块状态较弱(存在候选)，已按最强状态归并
BJ-2026-DC-YIMO-Q15,BJ-2026-DC-YIMO,15,S5a07157a05d1,2026模拟题/2026各区一模/2026东城一模/细则/分题细则/东城一模评标细则（勿传）/18+选择7、13.pptx,评分细则_分题切片,正式评分材料,存在候选,存在候选,0.0,,考试身份同(BJ-2026-DC-YIMO)；文件名未限定题号；未能在材料正文定位到第15题段，仅按同卷材料登记为候选；题干块6-gram重叠0.0000(题干390字/材料段0字)；同题另一来源块状态较弱(存在候选)，已按最强状态归并；同题另一来源块状态较弱(存在候选)，已按最强状态归并
BJ-2026-DC-YIMO-Q15,BJ-2026-DC-YIMO,15,S88c00449e9f0,2026模拟题/2026各区一模/2026东城一模/细则/分题细则/东城一模评标细则（勿传）/19（1）.pptx,评分细则_分题切片,正式评分材料,已排除（文件名指向他题）,存在候选,0.0,19,考试身份同(BJ-2026-DC-YIMO)；文件名题号{19}与本题号不一致；未能在材料正文定位到第15题段，仅按同卷材料登记为候选；题干块6-gram重叠0.0000(题干390字/材料段0字)；同题另一来源块状态较弱(已排除（文件名指向他题）)，已按最强状态归并；同题另一来源块状态较弱(已排除（文件名指向他题）)，已按最强状态归并
BJ-2026-DC-YIMO-Q15,BJ-2026-DC-YIMO,15,S4e0ae5b46ae6,2026模拟题/2026各区一模/2026东城一模/细则/分题细则/东城一模评标细则（勿传）/19（2）.pptx,评分细则_分题切片,正式评分材料,已排除（文件名指向他题）,存在候选,0.0,19,考试身份同(BJ-2026-DC-YIMO)；文件名题号{19}与本题号不一致；未能在材料正文定位到第15题段，仅按同卷材料登记为候选；题干块6-gram重叠0.0000(题干390字/材料段0字)；同题另一来源块状态较弱(已排除（文件名指向他题）)，已按最强状态归并；同题另一来源块状态较弱(已排除（文件名指向他题）)，已按最强状态归并
BJ-2026-DC-YIMO-Q15,BJ-2026-DC-YIMO,15,Saa63045ae376,2026模拟题/2026各区一模/2026东城一模/细则/分题细则/东城一模评标细则（勿传）/19（3）.pptx,评分细则_分题切片,正式评分材料,已排除（文件名指向他题）,存在候选,0.0,19,考试身份同(BJ-2026-DC-YIMO)；文件名题号{19}与本题号不一致；未能在材料正文定位到第15题段，仅按同卷材料登记为候选；题干块6-gram重叠0.0000(题干390字/材料段0字)；同题另一来源块状态较弱(已排除（文件名指向他题）)，已按最强状态归并；同题另一来源块状态较弱(已排除（文件名指向他题）)，已按最强状态归并
BJ-2026-DC-YIMO-Q15,BJ-2026-DC-YIMO,15,S04de6654b5f8,2026模拟题/2026各区一模/2026东城一模/细则/分题细则/东城一模评标细则（勿传）/19（4）.pptx,评分细则_分题切片,正式评分材料,已排除（文件名指向他题）,存在候选,0.0,19,考试身份同(BJ-2026-DC-YIMO)；文件名题号{19}与本题号不一致；未能在材料正文定位到第15题段，仅按同卷材料登记为候选；题干块6-gram重叠0.0000(题干390字/材料段0字)；同题另一来源块状态较弱(已排除（文件名指向他题）)，已按最强状态归并；同题另一来源块状态较弱(已排除（文件名指向他题）)，已按最强状态归并
BJ-2026-DC-YIMO-Q15,BJ-2026-DC-YIMO,15,S16fa597a98fe,2026模拟题/2026各区一模/2026东城一模/细则/分题细则/东城一模评标细则（勿传）/20.pptx,评分细则_分题切片,正式评分材料,存在候选,存在候选,0.0,,考试身份同(BJ-2026-DC-YIMO)；文件名未限定题号；未能在材料正文定位到第15题段，仅按同卷材料登记为候选；题干块6-gram重叠0.0000(题干390字/材料段0字)；同题另一来源块状态较弱(存在候选)，已按最强状态归并；同题另一来源块状态较弱(存在候选)，已按最强状态归并
BJ-2026-DC-YIMO-Q15,BJ-2026-DC-YIMO,15,Seaae525d6ec9,2026模拟题/2026各区一模/2026东城一模/细则/细则.pdf,评分材料,正式评分材料,存在候选,存在候选,0.0,,考试身份同(BJ-2026-DC-YIMO)；文件名未限定题号；未能在材料正文定位到第15题段，仅按同卷材料登记为候选；题干块6-gram重叠0.0000(题干390字/材料段0字)；同题另一来源块状态较弱(存在候选)，已按最强状态归并；同题另一来源块状态较弱(存在候选)，已按最强状态归并
BJ-2026-DC-YIMO-Q15,BJ-2026-DC-YIMO,15,S99e851c9338f,2026模拟题/2026各区一模/2026东城一模/细则/补充材料/26东城一模细则.pdf,评分材料,正式评分材料,存在候选,存在候选,0.0,,考试身份同(BJ-2026-DC-YIMO)；文件名未限定题号；未能在材料正文定位到第15题段，仅按同卷材料登记为候选；题干块6-gram重叠0.0000(题干390字/材料段0字)；同题另一来源块状态较弱(存在候选)，已按最强状态归并；同题另一来源块状态较弱(存在候选)，已按最强状态归并
BJ-2026-FT-YIMO-Q1,BJ-2026-FT-YIMO,1,S26649804f1de,2026模拟题/2026各区一模/2026丰台一模/细则/细则.pptx,评分材料,正式评分材料,存在候选,存在候选,1.0,,考试身份同(BJ-2026-FT-YIMO)；文件名未限定题号；正文定位方式=题号起首；题干块6-gram重叠1.0000(题干55字/材料段56字)；同题另一来源块状态较弱(存在候选)，已按最强状态归并
BJ-2026-FT-YIMO-Q4,BJ-2026-FT-YIMO,4,S26649804f1de,2026模拟题/2026各区一模/2026丰台一模/细则/细则.pptx,评分材料,正式评分材料,已匹配正式材料,已匹配正式材料,1.0,,考试身份同(BJ-2026-FT-YIMO)；文件名未限定题号；正文定位方式=题号起首；题干块6-gram重叠1.0000(题干479字/材料段2122字)；同题另一来源块状态较弱(存在候选)，已按最强状态归并
BJ-2026-FT-YIMO-Q17,BJ-2026-FT-YIMO,17,S26649804f1de,2026模拟题/2026各区一模/2026丰台一模/细则/细则.pptx,评分材料,正式评分材料,已匹配正式材料,已匹配正式材料,1.0,,考试身份同(BJ-2026-FT-YIMO)；文件名未限定题号；正文定位方式=题号起首；题干块6-gram重叠1.0000(题干880字/材料段4000字)；分值文本 8；同题另一来源块状态较弱(存在候选)，已按最强状态归并
BJ-2026-FT-YIMO-Q19,BJ-2026-FT-YIMO,19,S26649804f1de,2026模拟题/2026各区一模/2026丰台一模/细则/细则.pptx,评分材料,正式评分材料,已匹配正式材料,已匹配正式材料,1.0,,考试身份同(BJ-2026-FT-YIMO)；文件名未限定题号；正文定位方式=题号起首；题干块6-gram重叠1.0000(题干615字/材料段616字)；分值文本 8；同题另一来源块状态较弱(存在候选)，已按最强状态归并
BJ-2026-FT-YIMO-Q20,BJ-2026-FT-YIMO,20,S26649804f1de,2026模拟题/2026各区一模/2026丰台一模/细则/细则.pptx,评分材料,正式评分材料,已匹配正式材料,已匹配正式材料,1.0,,考试身份同(BJ-2026-FT-YIMO)；文件名未限定题号；正文定位方式=题号起首；题干块6-gram重叠1.0000(题干1033字/材料段4000字)；分值文本 8；同题另一来源块状态较弱(已匹配正式材料)，已按最强状态归并
BJ-2026-FT-YIMO-Q2,BJ-2026-FT-YIMO,2,S26649804f1de,2026模拟题/2026各区一模/2026丰台一模/细则/细则.pptx,评分材料,正式评分材料,存在候选,存在候选,0.0,,考试身份同(BJ-2026-FT-YIMO)；文件名未限定题号；正文定位方式=题号起首；题干块6-gram重叠0.0000(题干264字/材料段25字)
BJ-2026-FT-YIMO-Q3,BJ-2026-FT-YIMO,3,S26649804f1de,2026模拟题/2026各区一模/2026丰台一模/细则/细则.pptx,评分材料,正式评分材料,存在候选,存在候选,0.0,,考试身份同(BJ-2026-FT-YIMO)；文件名未限定题号；正文定位方式=题号起首；题干块6-gram重叠0.0000(题干355字/材料段32字)
BJ-2026-FT-YIMO-Q6,BJ-2026-FT-YIMO,6,S26649804f1de,2026模拟题/2026各区一模/2026丰台一模/细则/细则.pptx,评分材料,正式评分材料,存在候选,存在候选,0.0,,考试身份同(BJ-2026-FT-YIMO)；文件名未限定题号；未能在材料正文定位到第6题段，仅按同卷材料登记为候选；题干块6-gram重叠0.0000(题干532字/材料段0字)
BJ-2026-FT-YIMO-Q8,BJ-2026-FT-YIMO,8,S26649804f1de,2026模拟题/2026各区一模/2026丰台一模/细则/细则.pptx,评分材料,正式评分材料,存在候选,存在候选,0.0,,考试身份同(BJ-2026-FT-YIMO)；文件名未限定题号；未能在材料正文定位到第8题段，仅按同卷材料登记为候选；题干块6-gram重叠0.0000(题干454字/材料段0字)
BJ-2026-FT-YIMO-Q10,BJ-2026-FT-YIMO,10,S26649804f1de,2026模拟题/2026各区一模/2026丰台一模/细则/细则.pptx,评分材料,正式评分材料,存在候选,存在候选,0.0,,考试身份同(BJ-2026-FT-YIMO)；文件名未限定题号；未能在材料正文定位到第10题段，仅按同卷材料登记为候选；题干块6-gram重叠0.0000(题干301字/材料段0字)
BJ-2026-FT-YIMO-Q11,BJ-2026-FT-YIMO,11,S26649804f1de,2026模拟题/2026各区一模/2026丰台一模/细则/细则.pptx,评分材料,正式评分材料,存在候选,存在候选,0.0,,考试身份同(BJ-2026-FT-YIMO)；文件名未限定题号；未能在材料正文定位到第11题段，仅按同卷材料登记为候选；题干块6-gram重叠0.0000(题干443字/材料段0字)
BJ-2026-FT-YIMO-Q12,BJ-2026-FT-YIMO,12,S26649804f1de,2026模拟题/2026各区一模/2026丰台一模/细则/细则.pptx,评分材料,正式评分材料,存在候选,存在候选,0.0,,考试身份同(BJ-2026-FT-YIMO)；文件名未限定题号；未能在材料正文定位到第12题段，仅按同卷材料登记为候选；题干块6-gram重叠0.0000(题干303字/材料段0字)
BJ-2026-FT-YIMO-Q13,BJ-2026-FT-YIMO,13,S26649804f1de,2026模拟题/2026各区一模/2026丰台一模/细则/细则.pptx,评分材料,正式评分材料,存在候选,存在候选,0.0,,考试身份同(BJ-2026-FT-YIMO)；文件名未限定题号；未能在材料正文定位到第13题段，仅按同卷材料登记为候选；题干块6-gram重叠0.0000(题干788字/材料段0字)
BJ-2026-FT-YIMO-Q15,BJ-2026-FT-YIMO,15,S26649804f1de,2026模拟题/2026各区一模/2026丰台一模/细则/细则.pptx,评分材料,正式评分材料,存在候选,存在候选,0.0,,考试身份同(BJ-2026-FT-YIMO)；文件名未限定题号；未能在材料正文定位到第15题段，仅按同卷材料登记为候选；题干块6-gram重叠0.0000(题干584字/材料段0字)
BJ-2026-FT-YIMO-Q16,BJ-2026-FT-YIMO,16,S26649804f1de,2026模拟题/2026各区一模/2026丰台一模/细则/细则.pptx,评分材料,正式评分材料,存在候选,存在候选,0.0,,考试身份同(BJ-2026-FT-YIMO)；文件名未限定题号；未能在材料正文定位到第16题段，仅按同卷材料登记为候选；题干块6-gram重叠0.0000(题干323字/材料段0字)；分值文本 8
BJ-2026-FT-YIMO-Q18,BJ-2026-FT-YIMO,18,S26649804f1de,2026模拟题/2026各区一模/2026丰台一模/细则/细则.pptx,评分材料,正式评分材料,存在候选,存在候选,0.0,,考试身份同(BJ-2026-FT-YIMO)；文件名未限定题号；未能在材料正文定位到第18题段，仅按同卷材料登记为候选；题干块6-gram重叠0.0000(题干774字/材料段0字)；分值文本 14
BJ-2026-FT-YIMO-Q21,BJ-2026-FT-YIMO,21,S26649804f1de,2026模拟题/2026各区一模/2026丰台一模/细则/细则.pptx,评分材料,正式评分材料,存在候选,存在候选,0.0,,考试身份同(BJ-2026-FT-YIMO)；文件名未限定题号；未能在材料正文定位到第21题段，仅按同卷材料登记为候选；题干块6-gram重叠0.0000(题干519字/材料段0字)；分值文本 9
BJ-2026-YQ-YIMO-Q16,BJ-2026-YQ-YIMO,16,S2e0f67df1ab7,2026模拟题/2026各区一模/2026延庆一模/细则/细则.docx,评分材料,正式评分材料,已匹配正式材料,已匹配正式材料,1.0,,考试身份同(BJ-2026-YQ-YIMO)；文件名未限定题号；正文定位方式=题号起首；题干块6-gram重叠1.0000(题干515字/材料段515字)；分值文本 7；同题另一来源块状态较弱(存在候选)，已按最强状态归并；同题另一来源块状态较弱(存在候选)，已按最强状态归并
BJ-2026-YQ-YIMO-Q17,BJ-2026-YQ-YIMO,17,S2e0f67df1ab7,2026模拟题/2026各区一模/2026延庆一模/细则/细则.docx,评分材料,正式评分材料,已匹配正式材料,已匹配正式材料,1.0,,考试身份同(BJ-2026-YQ-YIMO)；文件名未限定题号；正文定位方式=题号起首；题干块6-gram重叠1.0000(题干218字/材料段220字)；分值文本 8；同题另一来源块状态较弱(存在候选)，已按最强状态归并；同题另一来源块状态较弱(存在候选)，已按最强状态归并
BJ-2026-YQ-YIMO-Q18,BJ-2026-YQ-YIMO,18,S2e0f67df1ab7,2026模拟题/2026各区一模/2026延庆一模/细则/细则.docx,评分材料,正式评分材料,已匹配正式材料,已匹配正式材料,1.0,,考试身份同(BJ-2026-YQ-YIMO)；文件名未限定题号；正文定位方式=题号起首；题干块6-gram重叠1.0000(题干622字/材料段622字)；分值文本 15；同题另一来源块状态较弱(存在候选)，已按最强状态归并；同题另一来源块状态较弱(存在候选)，已按最强状态归并
BJ-2026-YQ-YIMO-Q19,BJ-2026-YQ-YIMO,19,S2e0f67df1ab7,2026模拟题/2026各区一模/2026延庆一模/细则/细则.docx,评分材料,正式评分材料,已匹配正式材料,已匹配正式材料,1.0,,考试身份同(BJ-2026-YQ-YIMO)；文件名未限定题号；正文定位方式=题号起首；题干块6-gram重叠1.0000(题干907字/材料段908字)；分值文本 16；同题另一来源块状态较弱(存在候选)，已按最强状态归并；同题另一来源块状态较弱(存在候选)，已按最强状态归并
BJ-2026-YQ-YIMO-Q20,BJ-2026-YQ-YIMO,20,S2e0f67df1ab7,2026模拟题/2026各区一模/2026延庆一模/细则/细则.docx,评分材料,正式评分材料,已匹配正式材料,已匹配正式材料,1.0,,考试身份同(BJ-2026-YQ-YIMO)；文件名未限定题号；正文定位方式=题号起首；题干块6-gram重叠1.0000(题干433字/材料段437字)；分值文本 9；同题另一来源块状态较弱(存在候选)，已按最强状态归并；同题另一来源块状态较弱(存在候选)，已按最强状态归并
BJ-2026-YQ-YIMO-Q1,BJ-2026-YQ-YIMO,1,S2e0f67df1ab7,2026模拟题/2026各区一模/2026延庆一模/细则/细则.docx,评分材料,正式评分材料,存在候选,存在候选,0.0,,考试身份同(BJ-2026-YQ-YIMO)；文件名未限定题号；未能在材料正文定位到第1题段，仅按同卷材料登记为候选；题干块6-gram重叠0.0000(题干312字/材料段0字)；同题另一来源块状态较弱(存在候选)，已按最强状态归并
BJ-2026-YQ-YIMO-Q2,BJ-2026-YQ-YIMO,2,S2e0f67df1ab7,2026模拟题/2026各区一模/2026延庆一模/细则/细则.docx,评分材料,正式评分材料,存在候选,存在候选,0.0,,考试身份同(BJ-2026-YQ-YIMO)；文件名未限定题号；未能在材料正文定位到第2题段，仅按同卷材料登记为候选；题干块6-gram重叠0.0000(题干270字/材料段0字)；同题另一来源块状态较弱(存在候选)，已按最强状态归并
BJ-2026-YQ-YIMO-Q3,BJ-2026-YQ-YIMO,3,S2e0f67df1ab7,2026模拟题/2026各区一模/2026延庆一模/细则/细则.docx,评分材料,正式评分材料,存在候选,存在候选,0.0,,考试身份同(BJ-2026-YQ-YIMO)；文件名未限定题号；未能在材料正文定位到第3题段，仅按同卷材料登记为候选；题干块6-gram重叠0.0000(题干350字/材料段0字)；同题另一来源块状态较弱(存在候选)，已按最强状态归并
BJ-2026-YQ-YIMO-Q4,BJ-2026-YQ-YIMO,4,S2e0f67df1ab7,2026模拟题/2026各区一模/2026延庆一模/细则/细则.docx,评分材料,正式评分材料,存在候选,存在候选,0.0,,考试身份同(BJ-2026-YQ-YIMO)；文件名未限定题号；未能在材料正文定位到第4题段，仅按同卷材料登记为候选；题干块6-gram重叠0.0000(题干325字/材料段0字)；同题另一来源块状态较弱(存在候选)，已按最强状态归并
BJ-2026-YQ-YIMO-Q5,BJ-2026-YQ-YIMO,5,S2e0f67df1ab7,2026模拟题/2026各区一模/2026延庆一模/细则/细则.docx,评分材料,正式评分材料,存在候选,存在候选,0.0,,考试身份同(BJ-2026-YQ-YIMO)；文件名未限定题号；未能在材料正文定位到第5题段，仅按同卷材料登记为候选；题干块6-gram重叠0.0000(题干281字/材料段0字)；同题另一来源块状态较弱(存在候选)，已按最强状态归并
BJ-2026-YQ-YIMO-Q6,BJ-2026-YQ-YIMO,6,S2e0f67df1ab7,2026模拟题/2026各区一模/2026延庆一模/细则/细则.docx,评分材料,正式评分材料,存在候选,存在候选,0.0,,考试身份同(BJ-2026-YQ-YIMO)；文件名未限定题号；未能在材料正文定位到第6题段，仅按同卷材料登记为候选；题干块6-gram重叠0.0000(题干298字/材料段0字)；同题另一来源块状态较弱(存在候选)，已按最强状态归并
BJ-2026-YQ-YIMO-Q7,BJ-2026-YQ-YIMO,7,S2e0f67df1ab7,2026模拟题/2026各区一模/2026延庆一模/细则/细则.docx,评分材料,正式评分材料,存在候选,存在候选,0.0,,考试身份同(BJ-2026-YQ-YIMO)；文件名未限定题号；未能在材料正文定位到第7题段，仅按同卷材料登记为候选；题干块6-gram重叠0.0000(题干282字/材料段0字)；同题另一来源块状态较弱(存在候选)，已按最强状态归并
BJ-2026-YQ-YIMO-Q8,BJ-2026-YQ-YIMO,8,S2e0f67df1ab7,2026模拟题/2026各区一模/2026延庆一模/细则/细则.docx,评分材料,正式评分材料,存在候选,存在候选,0.0,,考试身份同(BJ-2026-YQ-YIMO)；文件名未限定题号；未能在材料正文定位到第8题段，仅按同卷材料登记为候选；题干块6-gram重叠0.0000(题干282字/材料段0字)；同题另一来源块状态较弱(存在候选)，已按最强状态归并
BJ-2026-YQ-YIMO-Q9,BJ-2026-YQ-YIMO,9,S2e0f67df1ab7,2026模拟题/2026各区一模/2026延庆一模/细则/细则.docx,评分材料,正式评分材料,存在候选,存在候选,0.0,,考试身份同(BJ-2026-YQ-YIMO)；文件名未限定题号；未能在材料正文定位到第9题段，仅按同卷材料登记为候选；题干块6-gram重叠0.0000(题干268字/材料段0字)；同题另一来源块状态较弱(存在候选)，已按最强状态归并
BJ-2026-YQ-YIMO-Q10,BJ-2026-YQ-YIMO,10,S2e0f67df1ab7,2026模拟题/2026各区一模/2026延庆一模/细则/细则.docx,评分材料,正式评分材料,存在候选,存在候选,0.0,,考试身份同(BJ-2026-YQ-YIMO)；文件名未限定题号；未能在材料正文定位到第10题段，仅按同卷材料登记为候选；题干块6-gram重叠0.0000(题干240字/材料段0字)；同题另一来源块状态较弱(存在候选)，已按最强状态归并
BJ-2026-YQ-YIMO-Q11,BJ-2026-YQ-YIMO,11,S2e0f67df1ab7,2026模拟题/2026各区一模/2026延庆一模/细则/细则.docx,评分材料,正式评分材料,存在候选,存在候选,0.0,,考试身份同(BJ-2026-YQ-YIMO)；文件名未限定题号；未能在材料正文定位到第11题段，仅按同卷材料登记为候选；题干块6-gram重叠0.0000(题干226字/材料段0字)；同题另一来源块状态较弱(存在候选)，已按最强状态归并
BJ-2026-YQ-YIMO-Q12,BJ-2026-YQ-YIMO,12,S2e0f67df1ab7,2026模拟题/2026各区一模/2026延庆一模/细则/细则.docx,评分材料,正式评分材料,存在候选,存在候选,0.0,,考试身份同(BJ-2026-YQ-YIMO)；文件名未限定题号；未能在材料正文定位到第12题段，仅按同卷材料登记为候选；题干块6-gram重叠0.0000(题干317字/材料段0字)；同题另一来源块状态较弱(存在候选)，已按最强状态归并
BJ-2026-YQ-YIMO-Q13,BJ-2026-YQ-YIMO,13,S2e0f67df1ab7,2026模拟题/2026各区一模/2026延庆一模/细则/细则.docx,评分材料,正式评分材料,存在候选,存在候选,0.0,,考试身份同(BJ-2026-YQ-YIMO)；文件名未限定题号；未能在材料正文定位到第13题段，仅按同卷材料登记为候选；题干块6-gram重叠0.0000(题干275字/材料段0字)；同题另一来源块状态较弱(存在候选)，已按最强状态归并
BJ-2026-YQ-YIMO-Q14,BJ-2026-YQ-YIMO,14,S2e0f67df1ab7,2026模拟题/2026各区一模/2026延庆一模/细则/细则.docx,评分材料,正式评分材料,存在候选,存在候选,0.0,,考试身份同(BJ-2026-YQ-YIMO)；文件名未限定题号；未能在材料正文定位到第14题段，仅按同卷材料登记为候选；题干块6-gram重叠0.0000(题干221字/材料段0字)；同题另一来源块状态较弱(存在候选)，已按最强状态归并
BJ-2026-YQ-YIMO-Q15,BJ-2026-YQ-YIMO,15,S2e0f67df1ab7,2026模拟题/2026各区一模/2026延庆一模/细则/细则.docx,评分材料,正式评分材料,存在候选,存在候选,0.0,,考试身份同(BJ-2026-YQ-YIMO)；文件名未限定题号；未能在材料正文定位到第15题段，仅按同卷材料登记为候选；题干块6-gram重叠0.0000(题干273字/材料段0字)；同题另一来源块状态较弱(存在候选)，已按最强状态归并
BJ-2026-FS-YIMO-Q17,BJ-2026-FS-YIMO,17,S0ca482adfc64,2026模拟题/2026各区一模/2026房山一模/细则/细则.docx,评分材料,正式评分材料,存在候选,存在候选,0.0,,考试身份同(BJ-2026-FS-YIMO)；文件名未限定题号；未能在材料正文定位到第17题段，仅按同卷材料登记为候选；题干块6-gram重叠0.0000(题干831字/材料段0字)；分值文本 3；同题另一来源块状态较弱(存在候选)，已按最强状态归并
BJ-2026-FS-YIMO-Q18,BJ-2026-FS-YIMO,18,S0ca482adfc64,2026模拟题/2026各区一模/2026房山一模/细则/细则.docx,评分材料,正式评分材料,存在候选,存在候选,0.0,,考试身份同(BJ-2026-FS-YIMO)；文件名未限定题号；未能在材料正文定位到第18题段，仅按同卷材料登记为候选；题干块6-gram重叠0.0000(题干739字/材料段0字)；分值文本 6；同题另一来源块状态较弱(存在候选)，已按最强状态归并
BJ-2026-FS-YIMO-Q19,BJ-2026-FS-YIMO,19,S0ca482adfc64,2026模拟题/2026各区一模/2026房山一模/细则/细则.docx,评分材料,正式评分材料,存在候选,存在候选,0.0,,考试身份同(BJ-2026-FS-YIMO)；文件名未限定题号；未能在材料正文定位到第19题段，仅按同卷材料登记为候选；题干块6-gram重叠0.0000(题干498字/材料段0字)；分值文本 8；同题另一来源块状态较弱(存在候选)，已按最强状态归并
BJ-2026-FS-YIMO-Q20,BJ-2026-FS-YIMO,20,S0ca482adfc64,2026模拟题/2026各区一模/2026房山一模/细则/细则.docx,评分材料,正式评分材料,存在候选,存在候选,0.0,,考试身份同(BJ-2026-FS-YIMO)；文件名未限定题号；未能在材料正文定位到第20题段，仅按同卷材料登记为候选；题干块6-gram重叠0.0000(题干544字/材料段0字)；同题另一来源块状态较弱(存在候选)，已按最强状态归并
BJ-2026-FS-YIMO-Q2,BJ-2026-FS-YIMO,2,S0ca482adfc64,2026模拟题/2026各区一模/2026房山一模/细则/细则.docx,评分材料,正式评分材料,存在候选,存在候选,0.0,,考试身份同(BJ-2026-FS-YIMO)；文件名未限定题号；未能在材料正文定位到第2题段，仅按同卷材料登记为候选；题干块6-gram重叠0.0000(题干728字/材料段0字)
BJ-2026-FS-YIMO-Q3,BJ-2026-FS-YIMO,3,S0ca482adfc64,2026模拟题/2026各区一模/2026房山一模/细则/细则.docx,评分材料,正式评分材料,存在候选,存在候选,0.0,,考试身份同(BJ-2026-FS-YIMO)；文件名未限定题号；未能在材料正文定位到第3题段，仅按同卷材料登记为候选；题干块6-gram重叠0.0000(题干186字/材料段0字)
BJ-2026-FS-YIMO-Q4,BJ-2026-FS-YIMO,4,S0ca482adfc64,2026模拟题/2026各区一模/2026房山一模/细则/细则.docx,评分材料,正式评分材料,存在候选,存在候选,0.0,,考试身份同(BJ-2026-FS-YIMO)；文件名未限定题号；未能在材料正文定位到第4题段，仅按同卷材料登记为候选；题干块6-gram重叠0.0000(题干344字/材料段0字)
BJ-2026-FS-YIMO-Q5,BJ-2026-FS-YIMO,5,S0ca482adfc64,2026模拟题/2026各区一模/2026房山一模/细则/细则.docx,评分材料,正式评分材料,存在候选,存在候选,0.0,,考试身份同(BJ-2026-FS-YIMO)；文件名未限定题号；未能在材料正文定位到第5题段，仅按同卷材料登记为候选；题干块6-gram重叠0.0000(题干414字/材料段0字)
BJ-2026-FS-YIMO-Q6,BJ-2026-FS-YIMO,6,S0ca482adfc64,2026模拟题/2026各区一模/2026房山一模/细则/细则.docx,评分材料,正式评分材料,存在候选,存在候选,0.0,,考试身份同(BJ-2026-FS-YIMO)；文件名未限定题号；未能在材料正文定位到第6题段，仅按同卷材料登记为候选；题干块6-gram重叠0.0000(题干240字/材料段0字)
BJ-2026-FS-YIMO-Q7,BJ-2026-FS-YIMO,7,S0ca482adfc64,2026模拟题/2026各区一模/2026房山一模/细则/细则.docx,评分材料,正式评分材料,存在候选,存在候选,0.0,,考试身份同(BJ-2026-FS-YIMO)；文件名未限定题号；未能在材料正文定位到第7题段，仅按同卷材料登记为候选；题干块6-gram重叠0.0000(题干528字/材料段0字)
BJ-2026-FS-YIMO-Q9,BJ-2026-FS-YIMO,9,S0ca482adfc64,2026模拟题/2026各区一模/2026房山一模/细则/细则.docx,评分材料,正式评分材料,存在候选,存在候选,0.0,,考试身份同(BJ-2026-FS-YIMO)；文件名未限定题号；未能在材料正文定位到第9题段，仅按同卷材料登记为候选；题干块6-gram重叠0.0000(题干236字/材料段0字)
BJ-2026-FS-YIMO-Q10,BJ-2026-FS-YIMO,10,S0ca482adfc64,2026模拟题/2026各区一模/2026房山一模/细则/细则.docx,评分材料,正式评分材料,存在候选,存在候选,0.0,,考试身份同(BJ-2026-FS-YIMO)；文件名未限定题号；未能在材料正文定位到第10题段，仅按同卷材料登记为候选；题干块6-gram重叠0.0000(题干256字/材料段0字)
BJ-2026-FS-YIMO-Q11,BJ-2026-FS-YIMO,11,S0ca482adfc64,2026模拟题/2026各区一模/2026房山一模/细则/细则.docx,评分材料,正式评分材料,存在候选,存在候选,0.0,,考试身份同(BJ-2026-FS-YIMO)；文件名未限定题号；未能在材料正文定位到第11题段，仅按同卷材料登记为候选；题干块6-gram重叠0.0000(题干246字/材料段0字)
BJ-2026-FS-YIMO-Q12,BJ-2026-FS-YIMO,12,S0ca482adfc64,2026模拟题/2026各区一模/2026房山一模/细则/细则.docx,评分材料,正式评分材料,存在候选,存在候选,0.0,,考试身份同(BJ-2026-FS-YIMO)；文件名未限定题号；未能在材料正文定位到第12题段，仅按同卷材料登记为候选；题干块6-gram重叠0.0000(题干199字/材料段0字)
BJ-2026-FS-YIMO-Q13,BJ-2026-FS-YIMO,13,S0ca482adfc64,2026模拟题/2026各区一模/2026房山一模/细则/细则.docx,评分材料,正式评分材料,存在候选,存在候选,0.0,,考试身份同(BJ-2026-FS-YIMO)；文件名未限定题号；未能在材料正文定位到第13题段，仅按同卷材料登记为候选；题干块6-gram重叠0.0000(题干248字/材料段0字)
BJ-2026-FS-YIMO-Q14,BJ-2026-FS-YIMO,14,S0ca482adfc64,2026模拟题/2026各区一模/2026房山一模/细则/细则.docx,评分材料,正式评分材料,存在候选,存在候选,0.0,,考试身份同(BJ-2026-FS-YIMO)；文件名未限定题号；未能在材料正文定位到第14题段，仅按同卷材料登记为候选；题干块6-gram重叠0.0000(题干342字/材料段0字)
BJ-2026-FS-YIMO-Q15,BJ-2026-FS-YIMO,15,S0ca482adfc64,2026模拟题/2026各区一模/2026房山一模/细则/细则.docx,评分材料,正式评分材料,存在候选,存在候选,0.0,,考试身份同(BJ-2026-FS-YIMO)；文件名未限定题号；未能在材料正文定位到第15题段，仅按同卷材料登记为候选；题干块6-gram重叠0.0000(题干338字/材料段0字)
BJ-2026-FS-YIMO-Q16,BJ-2026-FS-YIMO,16,S0ca482adfc64,2026模拟题/2026各区一模/2026房山一模/细则/细则.docx,评分材料,正式评分材料,存在候选,存在候选,0.0,,考试身份同(BJ-2026-FS-YIMO)；文件名未限定题号；未能在材料正文定位到第16题段，仅按同卷材料登记为候选；题干块6-gram重叠0.0000(题干673字/材料段0字)；分值文本 14
BJ-2026-CY-YIMO-Q1,BJ-2026-CY-YIMO,1,S3a11db4bade2,2026模拟题/2026各区一模/2026朝阳一模/细则/细则.docx,评分材料,正式评分材料,存在候选,存在候选,0.0,,考试身份同(BJ-2026-CY-YIMO)；文件名未限定题号；未能在材料正文定位到第1题段，仅按同卷材料登记为候选；题干块6-gram重叠0.0000(题干649字/材料段0字)；同题另一来源块状态较弱(存在候选)，已按最强状态归并；同题另一来源块状态较弱(存在候选)，已按最强状态归并
BJ-2026-CY-YIMO-Q17,BJ-2026-CY-YIMO,17,S3a11db4bade2,2026模拟题/2026各区一模/2026朝阳一模/细则/细则.docx,评分材料,正式评分材料,已匹配正式材料,已匹配正式材料,0.7524,,考试身份同(BJ-2026-CY-YIMO)；文件名未限定题号；正文定位方式=题号起首；题干块6-gram重叠0.7524(题干1166字/材料段852字)；分值文本 7；同题另一来源块状态较弱(存在候选)，已按最强状态归并；同题另一来源块状态较弱(存在候选)，已按最强状态归并
BJ-2026-CY-YIMO-Q18,BJ-2026-CY-YIMO,18,S3a11db4bade2,2026模拟题/2026各区一模/2026朝阳一模/细则/细则.docx,评分材料,正式评分材料,已匹配正式材料,已匹配正式材料,1.0,,考试身份同(BJ-2026-CY-YIMO)；文件名未限定题号；正文定位方式=题号起首；题干块6-gram重叠1.0000(题干171字/材料段588字)；分值文本 1；同题另一来源块状态较弱(存在候选)，已按最强状态归并；同题另一来源块状态较弱(存在候选)，已按最强状态归并
BJ-2026-CY-YIMO-Q2,BJ-2026-CY-YIMO,2,S3a11db4bade2,2026模拟题/2026各区一模/2026朝阳一模/细则/细则.docx,评分材料,正式评分材料,存在候选,存在候选,0.0,,考试身份同(BJ-2026-CY-YIMO)；文件名未限定题号；正文定位方式=题号起首；题干块6-gram重叠0.0000(题干122字/材料段74字)；分值文本 1；同题另一来源块状态较弱(存在候选)，已按最强状态归并；同题另一来源块状态较弱(存在候选)，已按最强状态归并
BJ-2026-CY-YIMO-Q3,BJ-2026-CY-YIMO,3,S3a11db4bade2,2026模拟题/2026各区一模/2026朝阳一模/细则/细则.docx,评分材料,正式评分材料,存在候选,存在候选,0.0,,考试身份同(BJ-2026-CY-YIMO)；文件名未限定题号；正文定位方式=题号起首；题干块6-gram重叠0.0000(题干126字/材料段2093字)；分值文本 1；同题另一来源块状态较弱(存在候选)，已按最强状态归并；同题另一来源块状态较弱(存在候选)，已按最强状态归并
BJ-2026-CY-YIMO-Q4,BJ-2026-CY-YIMO,4,S3a11db4bade2,2026模拟题/2026各区一模/2026朝阳一模/细则/细则.docx,评分材料,正式评分材料,存在候选,存在候选,0.0,,考试身份同(BJ-2026-CY-YIMO)；文件名未限定题号；未能在材料正文定位到第4题段，仅按同卷材料登记为候选；题干块6-gram重叠0.0000(题干166字/材料段0字)；分值文本 1；同题另一来源块状态较弱(存在候选)，已按最强状态归并
BJ-2026-CY-YIMO-Q19,BJ-2026-CY-YIMO,19,S3a11db4bade2,2026模拟题/2026各区一模/2026朝阳一模/细则/细则.docx,评分材料,正式评分材料,已匹配正式材料,已匹配正式材料,1.0,,考试身份同(BJ-2026-CY-YIMO)；文件名未限定题号；正文定位方式=题号起首；题干块6-gram重叠1.0000(题干711字/材料段713字)；分值文本 1；同题另一来源块状态较弱(存在候选)，已按最强状态归并
BJ-2026-CY-YIMO-Q20,BJ-2026-CY-YIMO,20,S3a11db4bade2,2026模拟题/2026各区一模/2026朝阳一模/细则/细则.docx,评分材料,正式评分材料,已匹配正式材料,已匹配正式材料,1.0,,考试身份同(BJ-2026-CY-YIMO)；文件名未限定题号；正文定位方式=题号起首；题干块6-gram重叠1.0000(题干1553字/材料段1555字)；分值文本 2；同题另一来源块状态较弱(存在候选)，已按最强状态归并；同题另一来源块状态较弱(存在候选)，已按最强状态归并
BJ-2026-CY-YIMO-Q5,BJ-2026-CY-YIMO,5,S3a11db4bade2,2026模拟题/2026各区一模/2026朝阳一模/细则/细则.docx,评分材料,正式评分材料,存在候选,存在候选,0.0,,考试身份同(BJ-2026-CY-YIMO)；文件名未限定题号；未能在材料正文定位到第5题段，仅按同卷材料登记为候选；题干块6-gram重叠0.0000(题干267字/材料段0字)
BJ-2026-CY-YIMO-Q6,BJ-2026-CY-YIMO,6,S3a11db4bade2,2026模拟题/2026各区一模/2026朝阳一模/细则/细则.docx,评分材料,正式评分材料,存在候选,存在候选,0.0,,考试身份同(BJ-2026-CY-YIMO)；文件名未限定题号；未能在材料正文定位到第6题段，仅按同卷材料登记为候选；题干块6-gram重叠0.0000(题干247字/材料段0字)
BJ-2026-CY-YIMO-Q7,BJ-2026-CY-YIMO,7,S3a11db4bade2,2026模拟题/2026各区一模/2026朝阳一模/细则/细则.docx,评分材料,正式评分材料,存在候选,存在候选,0.0,,考试身份同(BJ-2026-CY-YIMO)；文件名未限定题号；未能在材料正文定位到第7题段，仅按同卷材料登记为候选；题干块6-gram重叠0.0000(题干297字/材料段0字)
BJ-2026-CY-YIMO-Q8,BJ-2026-CY-YIMO,8,S3a11db4bade2,2026模拟题/2026各区一模/2026朝阳一模/细则/细则.docx,评分材料,正式评分材料,存在候选,存在候选,0.0,,考试身份同(BJ-2026-CY-YIMO)；文件名未限定题号；未能在材料正文定位到第8题段，仅按同卷材料登记为候选；题干块6-gram重叠0.0000(题干400字/材料段0字)
BJ-2026-CY-YIMO-Q9,BJ-2026-CY-YIMO,9,S3a11db4bade2,2026模拟题/2026各区一模/2026朝阳一模/细则/细则.docx,评分材料,正式评分材料,存在候选,存在候选,0.0,,考试身份同(BJ-2026-CY-YIMO)；文件名未限定题号；未能在材料正文定位到第9题段，仅按同卷材料登记为候选；题干块6-gram重叠0.0000(题干285字/材料段0字)
BJ-2026-CY-YIMO-Q10,BJ-2026-CY-YIMO,10,S3a11db4bade2,2026模拟题/2026各区一模/2026朝阳一模/细则/细则.docx,评分材料,正式评分材料,存在候选,存在候选,0.0,,考试身份同(BJ-2026-CY-YIMO)；文件名未限定题号；未能在材料正文定位到第10题段，仅按同卷材料登记为候选；题干块6-gram重叠0.0000(题干266字/材料段0字)
BJ-2026-CY-YIMO-Q11,BJ-2026-CY-YIMO,11,S3a11db4bade2,2026模拟题/2026各区一模/2026朝阳一模/细则/细则.docx,评分材料,正式评分材料,存在候选,存在候选,0.0,,考试身份同(BJ-2026-CY-YIMO)；文件名未限定题号；未能在材料正文定位到第11题段，仅按同卷材料登记为候选；题干块6-gram重叠0.0000(题干238字/材料段0字)
BJ-2026-CY-YIMO-Q12,BJ-2026-CY-YIMO,12,S3a11db4bade2,2026模拟题/2026各区一模/2026朝阳一模/细则/细则.docx,评分材料,正式评分材料,存在候选,存在候选,0.0,,考试身份同(BJ-2026-CY-YIMO)；文件名未限定题号；未能在材料正文定位到第12题段，仅按同卷材料登记为候选；题干块6-gram重叠0.0000(题干303字/材料段0字)
BJ-2026-CY-YIMO-Q13,BJ-2026-CY-YIMO,13,S3a11db4bade2,2026模拟题/2026各区一模/2026朝阳一模/细则/细则.docx,评分材料,正式评分材料,存在候选,存在候选,0.0,,考试身份同(BJ-2026-CY-YIMO)；文件名未限定题号；未能在材料正文定位到第13题段，仅按同卷材料登记为候选；题干块6-gram重叠0.0000(题干690字/材料段0字)
BJ-2026-CY-YIMO-Q14,BJ-2026-CY-YIMO,14,S3a11db4bade2,2026模拟题/2026各区一模/2026朝阳一模/细则/细则.docx,评分材料,正式评分材料,存在候选,存在候选,0.0,,考试身份同(BJ-2026-CY-YIMO)；文件名未限定题号；未能在材料正文定位到第14题段，仅按同卷材料登记为候选；题干块6-gram重叠0.0000(题干392字/材料段0字)；同题另一来源块状态较弱(存在候选)，已按最强状态归并
BJ-2026-CY-YIMO-Q15,BJ-2026-CY-YIMO,15,S3a11db4bade2,2026模拟题/2026各区一模/2026朝阳一模/细则/细则.docx,评分材料,正式评分材料,存在候选,存在候选,0.0,,考试身份同(BJ-2026-CY-YIMO)；文件名未限定题号；未能在材料正文定位到第15题段，仅按同卷材料登记为候选；题干块6-gram重叠0.0000(题干377字/材料段0字)；同题另一来源块状态较弱(存在候选)，已按最强状态归并
BJ-2026-CY-YIMO-Q16,BJ-2026-CY-YIMO,16,S3a11db4bade2,2026模拟题/2026各区一模/2026朝阳一模/细则/细则.docx,评分材料,正式评分材料,存在候选,存在候选,0.0,,考试身份同(BJ-2026-CY-YIMO)；文件名未限定题号；未能在材料正文定位到第16题段，仅按同卷材料登记为候选；题干块6-gram重叠0.0000(题干306字/材料段0字)；同题另一来源块状态较弱(存在候选)，已按最强状态归并
BJ-2026-CY-YIMO-Q21,BJ-2026-CY-YIMO,21,S3a11db4bade2,2026模拟题/2026各区一模/2026朝阳一模/细则/细则.docx,评分材料,正式评分材料,存在候选,存在候选,0.0,,考试身份同(BJ-2026-CY-YIMO)；文件名未限定题号；未能在材料正文定位到第21题段，仅按同卷材料登记为候选；题干块6-gram重叠0.0000(题干671字/材料段0字)；同题另一来源块状态较弱(存在候选)，已按最强状态归并
BJ-2026-HD-YIMO-Q16,BJ-2026-HD-YIMO,16,S9b5ac8fd0cfe,2026模拟题/2026各区一模/2026海淀一模/细则/细则.pdf,评分材料,正式评分材料,存在候选,存在候选,1.0,,考试身份同(BJ-2026-HD-YIMO)；文件名未限定题号；正文定位方式=题号起首；题干块6-gram重叠1.0000(题干87字/材料段87字)；分值文本 8；同题另一来源块状态较弱(存在候选)，已按最强状态归并；同题另一来源块状态较弱(存在候选)，已按最强状态归并
BJ-2026-HD-YIMO-Q17,BJ-2026-HD-YIMO,17,S9b5ac8fd0cfe,2026模拟题/2026各区一模/2026海淀一模/细则/细则.pdf,评分材料,正式评分材料,已匹配正式材料,已匹配正式材料,1.0,,考试身份同(BJ-2026-HD-YIMO)；文件名未限定题号；正文定位方式=题号起首；题干块6-gram重叠1.0000(题干871字/材料段873字)；分值文本 6；同题另一来源块状态较弱(已匹配正式材料)，已按最强状态归并；同题另一来源块状态较弱(存在候选)，已按最强状态归并
BJ-2026-HD-YIMO-Q18,BJ-2026-HD-YIMO,18,S9b5ac8fd0cfe,2026模拟题/2026各区一模/2026海淀一模/细则/细则.pdf,评分材料,正式评分材料,已匹配正式材料,已匹配正式材料,1.0,,考试身份同(BJ-2026-HD-YIMO)；文件名未限定题号；正文定位方式=题号起首；题干块6-gram重叠1.0000(题干633字/材料段633字)；分值文本 15；同题另一来源块状态较弱(已匹配正式材料)，已按最强状态归并；同题另一来源块状态较弱(存在候选)，已按最强状态归并
BJ-2026-HD-YIMO-Q19,BJ-2026-HD-YIMO,19,S9b5ac8fd0cfe,2026模拟题/2026各区一模/2026海淀一模/细则/细则.pdf,评分材料,正式评分材料,已匹配正式材料,已匹配正式材料,1.0,,考试身份同(BJ-2026-HD-YIMO)；文件名未限定题号；正文定位方式=题号起首；题干块6-gram重叠1.0000(题干227字/材料段278字)；分值文本 8；同题另一来源块状态较弱(已匹配正式材料)，已按最强状态归并；同题另一来源块状态较弱(存在候选)，已按最强状态归并
BJ-2026-HD-YIMO-Q20,BJ-2026-HD-YIMO,20,S9b5ac8fd0cfe,2026模拟题/2026各区一模/2026海淀一模/细则/细则.pdf,评分材料,正式评分材料,已匹配正式材料,已匹配正式材料,1.0,,考试身份同(BJ-2026-HD-YIMO)；文件名未限定题号；正文定位方式=题号起首；题干块6-gram重叠1.0000(题干226字/材料段227字)；分值文本 8；同题另一来源块状态较弱(已匹配正式材料)，已按最强状态归并；同题另一来源块状态较弱(存在候选)，已按最强状态归并
BJ-2026-HD-YIMO-Q21,BJ-2026-HD-YIMO,21,S9b5ac8fd0cfe,2026模拟题/2026各区一模/2026海淀一模/细则/细则.pdf,评分材料,正式评分材料,存在候选,存在候选,1.0,,考试身份同(BJ-2026-HD-YIMO)；文件名未限定题号；正文定位方式=题号起首；题干块6-gram重叠1.0000(题干113字/材料段117字)；分值文本 10；同题另一来源块状态较弱(存在候选)，已按最强状态归并；同题另一来源块状态较弱(存在候选)，已按最强状态归并
BJ-2026-HD-YIMO-Q1,BJ-2026-HD-YIMO,1,S9b5ac8fd0cfe,2026模拟题/2026各区一模/2026海淀一模/细则/细则.pdf,评分材料,正式评分材料,存在候选,存在候选,0.0,,考试身份同(BJ-2026-HD-YIMO)；文件名未限定题号；正文定位方式=题号起首；题干块6-gram重叠0.0000(题干238字/材料段2371字)
BJ-2026-HD-YIMO-Q2,BJ-2026-HD-YIMO,2,S9b5ac8fd0cfe,2026模拟题/2026各区一模/2026海淀一模/细则/细则.pdf,评分材料,正式评分材料,存在候选,存在候选,0.0,,考试身份同(BJ-2026-HD-YIMO)；文件名未限定题号；正文定位方式=行内答案键；题干块6-gram重叠0.0000(题干196字/材料段3字)
BJ-2026-HD-YIMO-Q3,BJ-2026-HD-YIMO,3,S9b5ac8fd0cfe,2026模拟题/2026各区一模/2026海淀一模/细则/细则.pdf,评分材料,正式评分材料,存在候选,存在候选,0.0,,考试身份同(BJ-2026-HD-YIMO)；文件名未限定题号；正文定位方式=行内答案键；题干块6-gram重叠0.0000(题干372字/材料段3字)
BJ-2026-HD-YIMO-Q4,BJ-2026-HD-YIMO,4,S9b5ac8fd0cfe,2026模拟题/2026各区一模/2026海淀一模/细则/细则.pdf,评分材料,正式评分材料,存在候选,存在候选,0.0,,考试身份同(BJ-2026-HD-YIMO)；文件名未限定题号；正文定位方式=行内答案键；题干块6-gram重叠0.0000(题干436字/材料段3字)
BJ-2026-HD-YIMO-Q5,BJ-2026-HD-YIMO,5,S9b5ac8fd0cfe,2026模拟题/2026各区一模/2026海淀一模/细则/细则.pdf,评分材料,正式评分材料,存在候选,存在候选,0.0,,考试身份同(BJ-2026-HD-YIMO)；文件名未限定题号；正文定位方式=行内答案键；题干块6-gram重叠0.0000(题干204字/材料段3字)
BJ-2026-HD-YIMO-Q6,BJ-2026-HD-YIMO,6,S9b5ac8fd0cfe,2026模拟题/2026各区一模/2026海淀一模/细则/细则.pdf,评分材料,正式评分材料,存在候选,存在候选,0.0,,考试身份同(BJ-2026-HD-YIMO)；文件名未限定题号；正文定位方式=题号起首；题干块6-gram重叠0.0000(题干394字/材料段2327字)
BJ-2026-HD-YIMO-Q7,BJ-2026-HD-YIMO,7,S9b5ac8fd0cfe,2026模拟题/2026各区一模/2026海淀一模/细则/细则.pdf,评分材料,正式评分材料,存在候选,存在候选,0.0,,考试身份同(BJ-2026-HD-YIMO)；文件名未限定题号；正文定位方式=行内答案键；题干块6-gram重叠0.0000(题干321字/材料段3字)
BJ-2026-HD-YIMO-Q8,BJ-2026-HD-YIMO,8,S9b5ac8fd0cfe,2026模拟题/2026各区一模/2026海淀一模/细则/细则.pdf,评分材料,正式评分材料,存在候选,存在候选,0.0,,考试身份同(BJ-2026-HD-YIMO)；文件名未限定题号；正文定位方式=行内答案键；题干块6-gram重叠0.0000(题干291字/材料段3字)
BJ-2026-HD-YIMO-Q9,BJ-2026-HD-YIMO,9,S9b5ac8fd0cfe,2026模拟题/2026各区一模/2026海淀一模/细则/细则.pdf,评分材料,正式评分材料,存在候选,存在候选,0.0,,考试身份同(BJ-2026-HD-YIMO)；文件名未限定题号；正文定位方式=行内答案键；题干块6-gram重叠0.0000(题干242字/材料段3字)
BJ-2026-HD-YIMO-Q10,BJ-2026-HD-YIMO,10,S9b5ac8fd0cfe,2026模拟题/2026各区一模/2026海淀一模/细则/细则.pdf,评分材料,正式评分材料,存在候选,存在候选,0.0,,考试身份同(BJ-2026-HD-YIMO)；文件名未限定题号；正文定位方式=行内答案键；题干块6-gram重叠0.0000(题干309字/材料段4字)
BJ-2026-HD-YIMO-Q11,BJ-2026-HD-YIMO,11,S9b5ac8fd0cfe,2026模拟题/2026各区一模/2026海淀一模/细则/细则.pdf,评分材料,正式评分材料,存在候选,存在候选,0.0,,考试身份同(BJ-2026-HD-YIMO)；文件名未限定题号；正文定位方式=题号起首；题干块6-gram重叠0.0000(题干206字/材料段2282字)
BJ-2026-HD-YIMO-Q12,BJ-2026-HD-YIMO,12,S9b5ac8fd0cfe,2026模拟题/2026各区一模/2026海淀一模/细则/细则.pdf,评分材料,正式评分材料,存在候选,存在候选,0.0,,考试身份同(BJ-2026-HD-YIMO)；文件名未限定题号；正文定位方式=行内答案键；题干块6-gram重叠0.0000(题干232字/材料段4字)
BJ-2026-HD-YIMO-Q13,BJ-2026-HD-YIMO,13,S9b5ac8fd0cfe,2026模拟题/2026各区一模/2026海淀一模/细则/细则.pdf,评分材料,正式评分材料,存在候选,存在候选,0.0,,考试身份同(BJ-2026-HD-YIMO)；文件名未限定题号；正文定位方式=行内答案键；题干块6-gram重叠0.0000(题干290字/材料段4字)
BJ-2026-HD-YIMO-Q14,BJ-2026-HD-YIMO,14,S9b5ac8fd0cfe,2026模拟题/2026各区一模/2026海淀一模/细则/细则.pdf,评分材料,正式评分材料,存在候选,存在候选,0.0,,考试身份同(BJ-2026-HD-YIMO)；文件名未限定题号；正文定位方式=行内答案键；题干块6-gram重叠0.0000(题干199字/材料段4字)
BJ-2026-HD-YIMO-Q15,BJ-2026-HD-YIMO,15,S9b5ac8fd0cfe,2026模拟题/2026各区一模/2026海淀一模/细则/细则.pdf,评分材料,正式评分材料,存在候选,存在候选,0.0,,考试身份同(BJ-2026-HD-YIMO)；文件名未限定题号；正文定位方式=行内答案键；题干块6-gram重叠0.0000(题干327字/材料段4字)
BJ-2026-SJS-YIMO-Q16,BJ-2026-SJS-YIMO,16,S78d97b669465,2026模拟题/2026各区一模/2026石景山一模/细则/细则.doc,评分材料,正式评分材料,已匹配正式材料,已匹配正式材料,1.0,,考试身份同(BJ-2026-SJS-YIMO)；文件名未限定题号；正文定位方式=题号起首；题干块6-gram重叠1.0000(题干268字/材料段3248字)；分值文本 8；同题另一来源块状态较弱(存在候选)，已按最强状态归并；同题另一来源块状态较弱(存在候选)，已按最强状态归并
BJ-2026-SJS-YIMO-Q17,BJ-2026-SJS-YIMO,17,S78d97b669465,2026模拟题/2026各区一模/2026石景山一模/细则/细则.doc,评分材料,正式评分材料,存在候选,存在候选,0.0,,考试身份同(BJ-2026-SJS-YIMO)；文件名未限定题号；未能在材料正文定位到第17题段，仅按同卷材料登记为候选；题干块6-gram重叠0.0000(题干1111字/材料段0字)；分值文本 14；同题另一来源块状态较弱(存在候选)，已按最强状态归并；同题另一来源块状态较弱(存在候选)，已按最强状态归并
BJ-2026-SJS-YIMO-Q18,BJ-2026-SJS-YIMO,18,S78d97b669465,2026模拟题/2026各区一模/2026石景山一模/细则/细则.doc,评分材料,正式评分材料,已匹配正式材料,已匹配正式材料,1.0,,考试身份同(BJ-2026-SJS-YIMO)；文件名未限定题号；正文定位方式=题号起首；题干块6-gram重叠1.0000(题干304字/材料段304字)；分值文本 8；同题另一来源块状态较弱(存在候选)，已按最强状态归并；同题另一来源块状态较弱(存在候选)，已按最强状态归并
BJ-2026-SJS-YIMO-Q19,BJ-2026-SJS-YIMO,19,S78d97b669465,2026模拟题/2026各区一模/2026石景山一模/细则/细则.doc,评分材料,正式评分材料,已匹配正式材料,已匹配正式材料,1.0,,考试身份同(BJ-2026-SJS-YIMO)；文件名未限定题号；正文定位方式=题号起首；题干块6-gram重叠1.0000(题干181字/材料段1564字)；分值文本 8；同题另一来源块状态较弱(存在候选)，已按最强状态归并；同题另一来源块状态较弱(存在候选)，已按最强状态归并
BJ-2026-SJS-YIMO-Q20,BJ-2026-SJS-YIMO,20,S78d97b669465,2026模拟题/2026各区一模/2026石景山一模/细则/细则.doc,评分材料,正式评分材料,存在候选,存在候选,0.0,,考试身份同(BJ-2026-SJS-YIMO)；文件名未限定题号；未能在材料正文定位到第20题段，仅按同卷材料登记为候选；题干块6-gram重叠0.0000(题干686字/材料段0字)；分值文本 8；同题另一来源块状态较弱(存在候选)，已按最强状态归并；同题另一来源块状态较弱(存在候选)，已按最强状态归并
BJ-2026-SJS-YIMO-Q21,BJ-2026-SJS-YIMO,21,S78d97b669465,2026模拟题/2026各区一模/2026石景山一模/细则/细则.doc,评分材料,正式评分材料,存在候选,存在候选,0.0,,考试身份同(BJ-2026-SJS-YIMO)；文件名未限定题号；未能在材料正文定位到第21题段，仅按同卷材料登记为候选；题干块6-gram重叠0.0000(题干692字/材料段0字)；分值文本 9；同题另一来源块状态较弱(存在候选)，已按最强状态归并；同题另一来源块状态较弱(存在候选)，已按最强状态归并
BJ-2026-SJS-YIMO-Q1,BJ-2026-SJS-YIMO,1,S78d97b669465,2026模拟题/2026各区一模/2026石景山一模/细则/细则.doc,评分材料,正式评分材料,存在候选,存在候选,0.0033,,考试身份同(BJ-2026-SJS-YIMO)；文件名未限定题号；正文定位方式=题号起首；题干块6-gram重叠0.0033(题干340字/材料段3436字)；同题另一来源块状态较弱(存在候选)，已按最强状态归并
BJ-2026-SJS-YIMO-Q2,BJ-2026-SJS-YIMO,2,S78d97b669465,2026模拟题/2026各区一模/2026石景山一模/细则/细则.doc,评分材料,正式评分材料,存在候选,存在候选,0.0,,考试身份同(BJ-2026-SJS-YIMO)；文件名未限定题号；正文定位方式=行内答案键；题干块6-gram重叠0.0000(题干312字/材料段3字)；同题另一来源块状态较弱(存在候选)，已按最强状态归并
BJ-2026-SJS-YIMO-Q3,BJ-2026-SJS-YIMO,3,S78d97b669465,2026模拟题/2026各区一模/2026石景山一模/细则/细则.doc,评分材料,正式评分材料,存在候选,存在候选,0.0,,考试身份同(BJ-2026-SJS-YIMO)；文件名未限定题号；正文定位方式=行内答案键；题干块6-gram重叠0.0000(题干318字/材料段3字)；同题另一来源块状态较弱(存在候选)，已按最强状态归并
BJ-2026-SJS-YIMO-Q4,BJ-2026-SJS-YIMO,4,S78d97b669465,2026模拟题/2026各区一模/2026石景山一模/细则/细则.doc,评分材料,正式评分材料,存在候选,存在候选,0.0,,考试身份同(BJ-2026-SJS-YIMO)；文件名未限定题号；正文定位方式=行内答案键；题干块6-gram重叠0.0000(题干242字/材料段3字)
BJ-2026-SJS-YIMO-Q5,BJ-2026-SJS-YIMO,5,S78d97b669465,2026模拟题/2026各区一模/2026石景山一模/细则/细则.doc,评分材料,正式评分材料,存在候选,存在候选,0.0,,考试身份同(BJ-2026-SJS-YIMO)；文件名未限定题号；正文定位方式=行内答案键；题干块6-gram重叠0.0000(题干384字/材料段3字)
BJ-2026-SJS-YIMO-Q6,BJ-2026-SJS-YIMO,6,S78d97b669465,2026模拟题/2026各区一模/2026石景山一模/细则/细则.doc,评分材料,正式评分材料,存在候选,存在候选,0.0,,考试身份同(BJ-2026-SJS-YIMO)；文件名未限定题号；正文定位方式=题号起首；题干块6-gram重叠0.0000(题干262字/材料段3380字)
BJ-2026-SJS-YIMO-Q7,BJ-2026-SJS-YIMO,7,S78d97b669465,2026模拟题/2026各区一模/2026石景山一模/细则/细则.doc,评分材料,正式评分材料,存在候选,存在候选,0.0,,考试身份同(BJ-2026-SJS-YIMO)；文件名未限定题号；正文定位方式=行内答案键；题干块6-gram重叠0.0000(题干289字/材料段3字)
BJ-2026-SJS-YIMO-Q8,BJ-2026-SJS-YIMO,8,S78d97b669465,2026模拟题/2026各区一模/2026石景山一模/细则/细则.doc,评分材料,正式评分材料,存在候选,存在候选,0.0,,考试身份同(BJ-2026-SJS-YIMO)；文件名未限定题号；正文定位方式=行内答案键；题干块6-gram重叠0.0000(题干262字/材料段3字)
BJ-2026-SJS-YIMO-Q9,BJ-2026-SJS-YIMO,9,S78d97b669465,2026模拟题/2026各区一模/2026石景山一模/细则/细则.doc,评分材料,正式评分材料,存在候选,存在候选,0.0,,考试身份同(BJ-2026-SJS-YIMO)；文件名未限定题号；正文定位方式=行内答案键；题干块6-gram重叠0.0000(题干280字/材料段3字)
BJ-2026-SJS-YIMO-Q10,BJ-2026-SJS-YIMO,10,S78d97b669465,2026模拟题/2026各区一模/2026石景山一模/细则/细则.doc,评分材料,正式评分材料,存在候选,存在候选,0.0,,考试身份同(BJ-2026-SJS-YIMO)；文件名未限定题号；正文定位方式=行内答案键；题干块6-gram重叠0.0000(题干295字/材料段4字)
BJ-2026-SJS-YIMO-Q11,BJ-2026-SJS-YIMO,11,S78d97b669465,2026模拟题/2026各区一模/2026石景山一模/细则/细则.doc,评分材料,正式评分材料,存在候选,存在候选,0.0037,,考试身份同(BJ-2026-SJS-YIMO)；文件名未限定题号；正文定位方式=题号起首；题干块6-gram重叠0.0037(题干308字/材料段3324字)
BJ-2026-SJS-YIMO-Q12,BJ-2026-SJS-YIMO,12,S78d97b669465,2026模拟题/2026各区一模/2026石景山一模/细则/细则.doc,评分材料,正式评分材料,存在候选,存在候选,0.0,,考试身份同(BJ-2026-SJS-YIMO)；文件名未限定题号；正文定位方式=行内答案键；题干块6-gram重叠0.0000(题干234字/材料段4字)
BJ-2026-SJS-YIMO-Q13,BJ-2026-SJS-YIMO,13,S78d97b669465,2026模拟题/2026各区一模/2026石景山一模/细则/细则.doc,评分材料,正式评分材料,存在候选,存在候选,0.0,,考试身份同(BJ-2026-SJS-YIMO)；文件名未限定题号；正文定位方式=行内答案键；题干块6-gram重叠0.0000(题干278字/材料段4字)
BJ-2026-SJS-YIMO-Q14,BJ-2026-SJS-YIMO,14,S78d97b669465,2026模拟题/2026各区一模/2026石景山一模/细则/细则.doc,评分材料,正式评分材料,存在候选,存在候选,0.0,,考试身份同(BJ-2026-SJS-YIMO)；文件名未限定题号；正文定位方式=行内答案键；题干块6-gram重叠0.0000(题干272字/材料段4字)
BJ-2026-SJS-YIMO-Q15,BJ-2026-SJS-YIMO,15,S78d97b669465,2026模拟题/2026各区一模/2026石景山一模/细则/细则.doc,评分材料,正式评分材料,存在候选,存在候选,0.0,,考试身份同(BJ-2026-SJS-YIMO)；文件名未限定题号；正文定位方式=行内答案键；题干块6-gram重叠0.0000(题干336字/材料段4字)
BJ-2026-XC-YIMO-Q16,BJ-2026-XC-YIMO,16,S22206a780a15,2026模拟题/2026各区一模/2026西城一模/细则/细则.docx,评分材料,正式评分材料,存在候选,存在候选,0.0,,考试身份同(BJ-2026-XC-YIMO)；文件名未限定题号；未能在材料正文定位到第16题段，仅按同卷材料登记为候选；题干块6-gram重叠0.0000(题干497字/材料段0字)；分值文本 7；同题另一来源块状态较弱(存在候选)，已按最强状态归并；同题另一来源块状态较弱(存在候选)，已按最强状态归并
BJ-2026-XC-YIMO-Q17,BJ-2026-XC-YIMO,17,S22206a780a15,2026模拟题/2026各区一模/2026西城一模/细则/细则.docx,评分材料,正式评分材料,存在候选,存在候选,0.0,,考试身份同(BJ-2026-XC-YIMO)；文件名未限定题号；未能在材料正文定位到第17题段，仅按同卷材料登记为候选；题干块6-gram重叠0.0000(题干314字/材料段0字)；分值文本 8；同题另一来源块状态较弱(存在候选)，已按最强状态归并；同题另一来源块状态较弱(存在候选)，已按最强状态归并
BJ-2026-XC-YIMO-Q18,BJ-2026-XC-YIMO,18,S22206a780a15,2026模拟题/2026各区一模/2026西城一模/细则/细则.docx,评分材料,正式评分材料,存在候选,存在候选,0.0,,考试身份同(BJ-2026-XC-YIMO)；文件名未限定题号；未能在材料正文定位到第18题段，仅按同卷材料登记为候选；题干块6-gram重叠0.0000(题干1462字/材料段0字)；分值文本 7；同题另一来源块状态较弱(存在候选)，已按最强状态归并；同题另一来源块状态较弱(存在候选)，已按最强状态归并
BJ-2026-XC-YIMO-Q21,BJ-2026-XC-YIMO,21,S22206a780a15,2026模拟题/2026各区一模/2026西城一模/细则/细则.docx,评分材料,正式评分材料,存在候选,存在候选,0.0,,考试身份同(BJ-2026-XC-YIMO)；文件名未限定题号；未能在材料正文定位到第21题段，仅按同卷材料登记为候选；题干块6-gram重叠0.0000(题干449字/材料段0字)；分值文本 10；同题另一来源块状态较弱(存在候选)，已按最强状态归并
BJ-2026-XC-YIMO-Q1,BJ-2026-XC-YIMO,1,S22206a780a15,2026模拟题/2026各区一模/2026西城一模/细则/细则.docx,评分材料,正式评分材料,存在候选,存在候选,0.0,,考试身份同(BJ-2026-XC-YIMO)；文件名未限定题号；未能在材料正文定位到第1题段，仅按同卷材料登记为候选；题干块6-gram重叠0.0000(题干259字/材料段0字)；同题另一来源块状态较弱(存在候选)，已按最强状态归并
BJ-2026-XC-YIMO-Q2,BJ-2026-XC-YIMO,2,S22206a780a15,2026模拟题/2026各区一模/2026西城一模/细则/细则.docx,评分材料,正式评分材料,存在候选,存在候选,0.0,,考试身份同(BJ-2026-XC-YIMO)；文件名未限定题号；未能在材料正文定位到第2题段，仅按同卷材料登记为候选；题干块6-gram重叠0.0000(题干237字/材料段0字)；同题另一来源块状态较弱(存在候选)，已按最强状态归并
BJ-2026-XC-YIMO-Q3,BJ-2026-XC-YIMO,3,S22206a780a15,2026模拟题/2026各区一模/2026西城一模/细则/细则.docx,评分材料,正式评分材料,存在候选,存在候选,0.0,,考试身份同(BJ-2026-XC-YIMO)；文件名未限定题号；未能在材料正文定位到第3题段，仅按同卷材料登记为候选；题干块6-gram重叠0.0000(题干269字/材料段0字)；同题另一来源块状态较弱(存在候选)，已按最强状态归并
BJ-2026-XC-YIMO-Q4,BJ-2026-XC-YIMO,4,S22206a780a15,2026模拟题/2026各区一模/2026西城一模/细则/细则.docx,评分材料,正式评分材料,存在候选,存在候选,0.0,,考试身份同(BJ-2026-XC-YIMO)；文件名未限定题号；未能在材料正文定位到第4题段，仅按同卷材料登记为候选；题干块6-gram重叠0.0000(题干511字/材料段0字)；同题另一来源块状态较弱(存在候选)，已按最强状态归并
BJ-2026-XC-YIMO-Q5,BJ-2026-XC-YIMO,5,S22206a780a15,2026模拟题/2026各区一模/2026西城一模/细则/细则.docx,评分材料,正式评分材料,存在候选,存在候选,0.0,,考试身份同(BJ-2026-XC-YIMO)；文件名未限定题号；未能在材料正文定位到第5题段，仅按同卷材料登记为候选；题干块6-gram重叠0.0000(题干360字/材料段0字)；同题另一来源块状态较弱(存在候选)，已按最强状态归并
BJ-2026-XC-YIMO-Q6,BJ-2026-XC-YIMO,6,S22206a780a15,2026模拟题/2026各区一模/2026西城一模/细则/细则.docx,评分材料,正式评分材料,存在候选,存在候选,0.0,,考试身份同(BJ-2026-XC-YIMO)；文件名未限定题号；未能在材料正文定位到第6题段，仅按同卷材料登记为候选；题干块6-gram重叠0.0000(题干271字/材料段0字)；同题另一来源块状态较弱(存在候选)，已按最强状态归并
BJ-2026-XC-YIMO-Q7,BJ-2026-XC-YIMO,7,S22206a780a15,2026模拟题/2026各区一模/2026西城一模/细则/细则.docx,评分材料,正式评分材料,存在候选,存在候选,0.0,,考试身份同(BJ-2026-XC-YIMO)；文件名未限定题号；未能在材料正文定位到第7题段，仅按同卷材料登记为候选；题干块6-gram重叠0.0000(题干264字/材料段0字)；同题另一来源块状态较弱(存在候选)，已按最强状态归并
BJ-2026-XC-YIMO-Q8,BJ-2026-XC-YIMO,8,S22206a780a15,2026模拟题/2026各区一模/2026西城一模/细则/细则.docx,评分材料,正式评分材料,存在候选,存在候选,0.0,,考试身份同(BJ-2026-XC-YIMO)；文件名未限定题号；未能在材料正文定位到第8题段，仅按同卷材料登记为候选；题干块6-gram重叠0.0000(题干310字/材料段0字)；同题另一来源块状态较弱(存在候选)，已按最强状态归并
BJ-2026-XC-YIMO-Q9,BJ-2026-XC-YIMO,9,S22206a780a15,2026模拟题/2026各区一模/2026西城一模/细则/细则.docx,评分材料,正式评分材料,存在候选,存在候选,0.0,,考试身份同(BJ-2026-XC-YIMO)；文件名未限定题号；未能在材料正文定位到第9题段，仅按同卷材料登记为候选；题干块6-gram重叠0.0000(题干301字/材料段0字)；同题另一来源块状态较弱(存在候选)，已按最强状态归并
BJ-2026-XC-YIMO-Q10,BJ-2026-XC-YIMO,10,S22206a780a15,2026模拟题/2026各区一模/2026西城一模/细则/细则.docx,评分材料,正式评分材料,存在候选,存在候选,0.0,,考试身份同(BJ-2026-XC-YIMO)；文件名未限定题号；未能在材料正文定位到第10题段，仅按同卷材料登记为候选；题干块6-gram重叠0.0000(题干224字/材料段0字)；同题另一来源块状态较弱(存在候选)，已按最强状态归并
BJ-2026-XC-YIMO-Q11,BJ-2026-XC-YIMO,11,S22206a780a15,2026模拟题/2026各区一模/2026西城一模/细则/细则.docx,评分材料,正式评分材料,存在候选,存在候选,0.0,,考试身份同(BJ-2026-XC-YIMO)；文件名未限定题号；未能在材料正文定位到第11题段，仅按同卷材料登记为候选；题干块6-gram重叠0.0000(题干258字/材料段0字)；同题另一来源块状态较弱(存在候选)，已按最强状态归并
BJ-2026-XC-YIMO-Q12,BJ-2026-XC-YIMO,12,S22206a780a15,2026模拟题/2026各区一模/2026西城一模/细则/细则.docx,评分材料,正式评分材料,存在候选,存在候选,0.0,,考试身份同(BJ-2026-XC-YIMO)；文件名未限定题号；未能在材料正文定位到第12题段，仅按同卷材料登记为候选；题干块6-gram重叠0.0000(题干401字/材料段0字)
BJ-2026-XC-YIMO-Q13,BJ-2026-XC-YIMO,13,S22206a780a15,2026模拟题/2026各区一模/2026西城一模/细则/细则.docx,评分材料,正式评分材料,存在候选,存在候选,0.0,,考试身份同(BJ-2026-XC-YIMO)；文件名未限定题号；未能在材料正文定位到第13题段，仅按同卷材料登记为候选；题干块6-gram重叠0.0000(题干415字/材料段0字)；同题另一来源块状态较弱(存在候选)，已按最强状态归并
BJ-2026-XC-YIMO-Q14,BJ-2026-XC-YIMO,14,S22206a780a15,2026模拟题/2026各区一模/2026西城一模/细则/细则.docx,评分材料,正式评分材料,存在候选,存在候选,0.0,,考试身份同(BJ-2026-XC-YIMO)；文件名未限定题号；未能在材料正文定位到第14题段，仅按同卷材料登记为候选；题干块6-gram重叠0.0000(题干263字/材料段0字)
BJ-2026-XC-YIMO-Q15,BJ-2026-XC-YIMO,15,S22206a780a15,2026模拟题/2026各区一模/2026西城一模/细则/细则.docx,评分材料,正式评分材料,存在候选,存在候选,0.0,,考试身份同(BJ-2026-XC-YIMO)；文件名未限定题号；未能在材料正文定位到第15题段，仅按同卷材料登记为候选；题干块6-gram重叠0.0000(题干604字/材料段0字)；分值文本 7；同题另一来源块状态较弱(存在候选)，已按最强状态归并
BJ-2026-XC-YIMO-Q19,BJ-2026-XC-YIMO,19,S22206a780a15,2026模拟题/2026各区一模/2026西城一模/细则/细则.docx,评分材料,正式评分材料,存在候选,存在候选,0.0,,考试身份同(BJ-2026-XC-YIMO)；文件名未限定题号；未能在材料正文定位到第19题段，仅按同卷材料登记为候选；题干块6-gram重叠0.0000(题干744字/材料段0字)；分值文本 12；同题另一来源块状态较弱(存在候选)，已按最强状态归并
BJ-2026-XC-YIMO-Q20,BJ-2026-XC-YIMO,20,S22206a780a15,2026模拟题/2026各区一模/2026西城一模/细则/细则.docx,评分材料,正式评分材料,存在候选,存在候选,0.0,,考试身份同(BJ-2026-XC-YIMO)；文件名未限定题号；未能在材料正文定位到第20题段，仅按同卷材料登记为候选；题干块6-gram重叠0.0000(题干51字/材料段0字)；分值文本 11；同题另一来源块状态较弱(存在候选)，已按最强状态归并
BJ-2026-TZ-YIMO-Q1,BJ-2026-TZ-YIMO,1,S7100a8d418c6,2026模拟题/2026各区一模/2026通州一模/细则/26 通州一模评标.pdf,评分材料,正式评分材料,存在候选,存在候选,1.0,,考试身份同(BJ-2026-TZ-YIMO)；文件名未限定题号；正文定位方式=题号起首；题干块6-gram重叠1.0000(题干91字/材料段92字)；分值文本 1；同题另一来源块状态较弱(存在候选)，已按最强状态归并
BJ-2026-TZ-YIMO-Q2,BJ-2026-TZ-YIMO,2,S7100a8d418c6,2026模拟题/2026各区一模/2026通州一模/细则/26 通州一模评标.pdf,评分材料,正式评分材料,存在候选,存在候选,1.0,,考试身份同(BJ-2026-TZ-YIMO)；文件名未限定题号；正文定位方式=题号起首；题干块6-gram重叠1.0000(题干96字/材料段97字)；分值文本 1；同题另一来源块状态较弱(存在候选)，已按最强状态归并
BJ-2026-TZ-YIMO-Q3,BJ-2026-TZ-YIMO,3,S7100a8d418c6,2026模拟题/2026各区一模/2026通州一模/细则/26 通州一模评标.pdf,评分材料,正式评分材料,已匹配正式材料,已匹配正式材料,1.0,,考试身份同(BJ-2026-TZ-YIMO)；文件名未限定题号；正文定位方式=题号起首；题干块6-gram重叠1.0000(题干101字/材料段4000字)；分值文本 1；同题另一来源块状态较弱(存在候选)，已按最强状态归并
BJ-2026-TZ-YIMO-Q17,BJ-2026-TZ-YIMO,17,S7100a8d418c6,2026模拟题/2026各区一模/2026通州一模/细则/26 通州一模评标.pdf,评分材料,正式评分材料,已匹配正式材料,已匹配正式材料,1.0,,考试身份同(BJ-2026-TZ-YIMO)；文件名未限定题号；正文定位方式=题号起首；题干块6-gram重叠1.0000(题干538字/材料段4000字)；分值文本 6；同题另一来源块状态较弱(已匹配正式材料)，已按最强状态归并
BJ-2026-TZ-YIMO-Q16,BJ-2026-TZ-YIMO,16,S7100a8d418c6,2026模拟题/2026各区一模/2026通州一模/细则/26 通州一模评标.pdf,评分材料,正式评分材料,存在候选,存在候选,0.0,,考试身份同(BJ-2026-TZ-YIMO)；文件名未限定题号；未能在材料正文定位到第16题段，仅按同卷材料登记为候选；题干块6-gram重叠0.0000(题干509字/材料段0字)；分值文本 8；同题另一来源块状态较弱(存在候选)，已按最强状态归并
BJ-2026-TZ-YIMO-Q20,BJ-2026-TZ-YIMO,20,S7100a8d418c6,2026模拟题/2026各区一模/2026通州一模/细则/26 通州一模评标.pdf,评分材料,正式评分材料,存在候选,存在候选,0.0,,考试身份同(BJ-2026-TZ-YIMO)；文件名未限定题号；未能在材料正文定位到第20题段，仅按同卷材料登记为候选；题干块6-gram重叠0.0000(题干1165字/材料段0字)；分值文本 8；同题另一来源块状态较弱(存在候选)，已按最强状态归并
BJ-2026-TZ-YIMO-Q4,BJ-2026-TZ-YIMO,4,S7100a8d418c6,2026模拟题/2026各区一模/2026通州一模/细则/26 通州一模评标.pdf,评分材料,正式评分材料,存在候选,存在候选,0.0,,考试身份同(BJ-2026-TZ-YIMO)；文件名未限定题号；未能在材料正文定位到第4题段，仅按同卷材料登记为候选；题干块6-gram重叠0.0000(题干218字/材料段0字)
BJ-2026-TZ-YIMO-Q5,BJ-2026-TZ-YIMO,5,S7100a8d418c6,2026模拟题/2026各区一模/2026通州一模/细则/26 通州一模评标.pdf,评分材料,正式评分材料,存在候选,存在候选,0.0,,考试身份同(BJ-2026-TZ-YIMO)；文件名未限定题号；未能在材料正文定位到第5题段，仅按同卷材料登记为候选；题干块6-gram重叠0.0000(题干242字/材料段0字)
BJ-2026-TZ-YIMO-Q6,BJ-2026-TZ-YIMO,6,S7100a8d418c6,2026模拟题/2026各区一模/2026通州一模/细则/26 通州一模评标.pdf,评分材料,正式评分材料,存在候选,存在候选,0.0,,考试身份同(BJ-2026-TZ-YIMO)；文件名未限定题号；未能在材料正文定位到第6题段，仅按同卷材料登记为候选；题干块6-gram重叠0.0000(题干233字/材料段0字)
BJ-2026-TZ-YIMO-Q7,BJ-2026-TZ-YIMO,7,S7100a8d418c6,2026模拟题/2026各区一模/2026通州一模/细则/26 通州一模评标.pdf,评分材料,正式评分材料,存在候选,存在候选,0.0,,考试身份同(BJ-2026-TZ-YIMO)；文件名未限定题号；未能在材料正文定位到第7题段，仅按同卷材料登记为候选；题干块6-gram重叠0.0000(题干222字/材料段0字)
BJ-2026-TZ-YIMO-Q8,BJ-2026-TZ-YIMO,8,S7100a8d418c6,2026模拟题/2026各区一模/2026通州一模/细则/26 通州一模评标.pdf,评分材料,正式评分材料,存在候选,存在候选,0.0,,考试身份同(BJ-2026-TZ-YIMO)；文件名未限定题号；未能在材料正文定位到第8题段，仅按同卷材料登记为候选；题干块6-gram重叠0.0000(题干307字/材料段0字)
BJ-2026-TZ-YIMO-Q9,BJ-2026-TZ-YIMO,9,S7100a8d418c6,2026模拟题/2026各区一模/2026通州一模/细则/26 通州一模评标.pdf,评分材料,正式评分材料,存在候选,存在候选,0.0,,考试身份同(BJ-2026-TZ-YIMO)；文件名未限定题号；未能在材料正文定位到第9题段，仅按同卷材料登记为候选；题干块6-gram重叠0.0000(题干282字/材料段0字)
BJ-2026-TZ-YIMO-Q10,BJ-2026-TZ-YIMO,10,S7100a8d418c6,2026模拟题/2026各区一模/2026通州一模/细则/26 通州一模评标.pdf,评分材料,正式评分材料,存在候选,存在候选,0.0,,考试身份同(BJ-2026-TZ-YIMO)；文件名未限定题号；未能在材料正文定位到第10题段，仅按同卷材料登记为候选；题干块6-gram重叠0.0000(题干219字/材料段0字)
BJ-2026-TZ-YIMO-Q11,BJ-2026-TZ-YIMO,11,S7100a8d418c6,2026模拟题/2026各区一模/2026通州一模/细则/26 通州一模评标.pdf,评分材料,正式评分材料,存在候选,存在候选,0.0,,考试身份同(BJ-2026-TZ-YIMO)；文件名未限定题号；未能在材料正文定位到第11题段，仅按同卷材料登记为候选；题干块6-gram重叠0.0000(题干270字/材料段0字)
BJ-2026-TZ-YIMO-Q12,BJ-2026-TZ-YIMO,12,S7100a8d418c6,2026模拟题/2026各区一模/2026通州一模/细则/26 通州一模评标.pdf,评分材料,正式评分材料,存在候选,存在候选,0.0,,考试身份同(BJ-2026-TZ-YIMO)；文件名未限定题号；未能在材料正文定位到第12题段，仅按同卷材料登记为候选；题干块6-gram重叠0.0000(题干302字/材料段0字)
BJ-2026-TZ-YIMO-Q13,BJ-2026-TZ-YIMO,13,S7100a8d418c6,2026模拟题/2026各区一模/2026通州一模/细则/26 通州一模评标.pdf,评分材料,正式评分材料,存在候选,存在候选,0.0,,考试身份同(BJ-2026-TZ-YIMO)；文件名未限定题号；未能在材料正文定位到第13题段，仅按同卷材料登记为候选；题干块6-gram重叠0.0000(题干419字/材料段0字)
BJ-2026-TZ-YIMO-Q14,BJ-2026-TZ-YIMO,14,S7100a8d418c6,2026模拟题/2026各区一模/2026通州一模/细则/26 通州一模评标.pdf,评分材料,正式评分材料,存在候选,存在候选,0.0,,考试身份同(BJ-2026-TZ-YIMO)；文件名未限定题号；未能在材料正文定位到第14题段，仅按同卷材料登记为候选；题干块6-gram重叠0.0000(题干268字/材料段0字)
BJ-2026-TZ-YIMO-Q15,BJ-2026-TZ-YIMO,15,S7100a8d418c6,2026模拟题/2026各区一模/2026通州一模/细则/26 通州一模评标.pdf,评分材料,正式评分材料,存在候选,存在候选,0.0,,考试身份同(BJ-2026-TZ-YIMO)；文件名未限定题号；未能在材料正文定位到第15题段，仅按同卷材料登记为候选；题干块6-gram重叠0.0000(题干373字/材料段0字)
BJ-2026-TZ-YIMO-Q18,BJ-2026-TZ-YIMO,18,S7100a8d418c6,2026模拟题/2026各区一模/2026通州一模/细则/26 通州一模评标.pdf,评分材料,正式评分材料,存在候选,存在候选,0.0,,考试身份同(BJ-2026-TZ-YIMO)；文件名未限定题号；未能在材料正文定位到第18题段，仅按同卷材料登记为候选；题干块6-gram重叠0.0000(题干513字/材料段0字)；分值文本 8
BJ-2026-TZ-YIMO-Q19,BJ-2026-TZ-YIMO,19,S7100a8d418c6,2026模拟题/2026各区一模/2026通州一模/细则/26 通州一模评标.pdf,评分材料,正式评分材料,存在候选,存在候选,0.0,,考试身份同(BJ-2026-TZ-YIMO)；文件名未限定题号；未能在材料正文定位到第19题段，仅按同卷材料登记为候选；题干块6-gram重叠0.0000(题干551字/材料段0字)；分值文本 8
BJ-2026-TZ-YIMO-Q21,BJ-2026-TZ-YIMO,21,S7100a8d418c6,2026模拟题/2026各区一模/2026通州一模/细则/26 通州一模评标.pdf,评分材料,正式评分材料,存在候选,存在候选,0.0,,考试身份同(BJ-2026-TZ-YIMO)；文件名未限定题号；未能在材料正文定位到第21题段，仅按同卷材料登记为候选；题干块6-gram重叠0.0000(题干625字/材料段0字)；分值文本 9
BJ-2026-MTG-YIMO-Q16,BJ-2026-MTG-YIMO,16,S89313bd87150,2026模拟题/2026各区一模/2026门头沟一模/细则/细则.docx,评分材料,正式评分材料,已匹配正式材料,已匹配正式材料,1.0,,考试身份同(BJ-2026-MTG-YIMO)；文件名未限定题号；正文定位方式=题号起首；题干块6-gram重叠1.0000(题干784字/材料段926字)；分值文本 8；同题另一来源块状态较弱(已匹配正式材料)，已按最强状态归并；同题另一来源块状态较弱(已匹配正式材料)，已按最强状态归并
BJ-2026-MTG-YIMO-Q17,BJ-2026-MTG-YIMO,17,S89313bd87150,2026模拟题/2026各区一模/2026门头沟一模/细则/细则.docx,评分材料,正式评分材料,已匹配正式材料,已匹配正式材料,1.0,,考试身份同(BJ-2026-MTG-YIMO)；文件名未限定题号；正文定位方式=题号起首；题干块6-gram重叠1.0000(题干337字/材料段629字)；分值文本 8；同题另一来源块状态较弱(存在候选)，已按最强状态归并；同题另一来源块状态较弱(存在候选)，已按最强状态归并
BJ-2026-MTG-YIMO-Q18,BJ-2026-MTG-YIMO,18,S89313bd87150,2026模拟题/2026各区一模/2026门头沟一模/细则/细则.docx,评分材料,正式评分材料,已匹配正式材料,已匹配正式材料,1.0,,考试身份同(BJ-2026-MTG-YIMO)；文件名未限定题号；正文定位方式=题号起首；题干块6-gram重叠1.0000(题干604字/材料段1645字)；分值文本 15；同题另一来源块状态较弱(存在候选)，已按最强状态归并；同题另一来源块状态较弱(存在候选)，已按最强状态归并
BJ-2026-MTG-YIMO-Q19,BJ-2026-MTG-YIMO,19,S89313bd87150,2026模拟题/2026各区一模/2026门头沟一模/细则/细则.docx,评分材料,正式评分材料,已匹配正式材料,已匹配正式材料,1.0,,考试身份同(BJ-2026-MTG-YIMO)；文件名未限定题号；正文定位方式=题号起首；题干块6-gram重叠1.0000(题干142字/材料段359字)；分值文本 7；同题另一来源块状态较弱(存在候选)，已按最强状态归并；同题另一来源块状态较弱(存在候选)，已按最强状态归并
BJ-2026-MTG-YIMO-Q20,BJ-2026-MTG-YIMO,20,S89313bd87150,2026模拟题/2026各区一模/2026门头沟一模/细则/细则.docx,评分材料,正式评分材料,已匹配正式材料,已匹配正式材料,1.0,,考试身份同(BJ-2026-MTG-YIMO)；文件名未限定题号；正文定位方式=题号起首；题干块6-gram重叠1.0000(题干155字/材料段721字)；分值文本 7；同题另一来源块状态较弱(存在候选)，已按最强状态归并
BJ-2026-MTG-YIMO-Q21,BJ-2026-MTG-YIMO,21,S89313bd87150,2026模拟题/2026各区一模/2026门头沟一模/细则/细则.docx,评分材料,正式评分材料,已匹配正式材料,已匹配正式材料,1.0,,考试身份同(BJ-2026-MTG-YIMO)；文件名未限定题号；正文定位方式=题号起首；题干块6-gram重叠1.0000(题干380字/材料段671字)；分值文本 10；同题另一来源块状态较弱(存在候选)，已按最强状态归并
BJ-2026-MTG-YIMO-Q1,BJ-2026-MTG-YIMO,1,S89313bd87150,2026模拟题/2026各区一模/2026门头沟一模/细则/细则.docx,评分材料,正式评分材料,存在候选,存在候选,0.0091,,考试身份同(BJ-2026-MTG-YIMO)；文件名未限定题号；正文定位方式=题号起首；题干块6-gram重叠0.0091(题干432字/材料段90字)；同题另一来源块状态较弱(存在候选)，已按最强状态归并
BJ-2026-MTG-YIMO-Q2,BJ-2026-MTG-YIMO,2,S89313bd87150,2026模拟题/2026各区一模/2026门头沟一模/细则/细则.docx,评分材料,正式评分材料,存在候选,存在候选,0.0,,考试身份同(BJ-2026-MTG-YIMO)；文件名未限定题号；正文定位方式=题号起首；题干块6-gram重叠0.0000(题干538字/材料段76字)；同题另一来源块状态较弱(存在候选)，已按最强状态归并
BJ-2026-MTG-YIMO-Q3,BJ-2026-MTG-YIMO,3,S89313bd87150,2026模拟题/2026各区一模/2026门头沟一模/细则/细则.docx,评分材料,正式评分材料,存在候选,存在候选,0.0,,考试身份同(BJ-2026-MTG-YIMO)；文件名未限定题号；正文定位方式=题号起首；题干块6-gram重叠0.0000(题干196字/材料段3517字)；同题另一来源块状态较弱(存在候选)，已按最强状态归并
BJ-2026-MTG-YIMO-Q4,BJ-2026-MTG-YIMO,4,S89313bd87150,2026模拟题/2026各区一模/2026门头沟一模/细则/细则.docx,评分材料,正式评分材料,存在候选,存在候选,0.0,,考试身份同(BJ-2026-MTG-YIMO)；文件名未限定题号；未能在材料正文定位到第4题段，仅按同卷材料登记为候选；题干块6-gram重叠0.0000(题干258字/材料段0字)；同题另一来源块状态较弱(存在候选)，已按最强状态归并
BJ-2026-MTG-YIMO-Q5,BJ-2026-MTG-YIMO,5,S89313bd87150,2026模拟题/2026各区一模/2026门头沟一模/细则/细则.docx,评分材料,正式评分材料,存在候选,存在候选,0.0,,考试身份同(BJ-2026-MTG-YIMO)；文件名未限定题号；未能在材料正文定位到第5题段，仅按同卷材料登记为候选；题干块6-gram重叠0.0000(题干249字/材料段0字)；同题另一来源块状态较弱(存在候选)，已按最强状态归并
BJ-2026-MTG-YIMO-Q6,BJ-2026-MTG-YIMO,6,S89313bd87150,2026模拟题/2026各区一模/2026门头沟一模/细则/细则.docx,评分材料,正式评分材料,存在候选,存在候选,0.0,,考试身份同(BJ-2026-MTG-YIMO)；文件名未限定题号；未能在材料正文定位到第6题段，仅按同卷材料登记为候选；题干块6-gram重叠0.0000(题干399字/材料段0字)；同题另一来源块状态较弱(存在候选)，已按最强状态归并
BJ-2026-MTG-YIMO-Q7,BJ-2026-MTG-YIMO,7,S89313bd87150,2026模拟题/2026各区一模/2026门头沟一模/细则/细则.docx,评分材料,正式评分材料,存在候选,存在候选,0.0,,考试身份同(BJ-2026-MTG-YIMO)；文件名未限定题号；未能在材料正文定位到第7题段，仅按同卷材料登记为候选；题干块6-gram重叠0.0000(题干270字/材料段0字)；同题另一来源块状态较弱(存在候选)，已按最强状态归并
BJ-2026-MTG-YIMO-Q8,BJ-2026-MTG-YIMO,8,S89313bd87150,2026模拟题/2026各区一模/2026门头沟一模/细则/细则.docx,评分材料,正式评分材料,存在候选,存在候选,0.0,,考试身份同(BJ-2026-MTG-YIMO)；文件名未限定题号；未能在材料正文定位到第8题段，仅按同卷材料登记为候选；题干块6-gram重叠0.0000(题干318字/材料段0字)；同题另一来源块状态较弱(存在候选)，已按最强状态归并
BJ-2026-MTG-YIMO-Q9,BJ-2026-MTG-YIMO,9,S89313bd87150,2026模拟题/2026各区一模/2026门头沟一模/细则/细则.docx,评分材料,正式评分材料,存在候选,存在候选,0.0,,考试身份同(BJ-2026-MTG-YIMO)；文件名未限定题号；未能在材料正文定位到第9题段，仅按同卷材料登记为候选；题干块6-gram重叠0.0000(题干399字/材料段0字)；同题另一来源块状态较弱(存在候选)，已按最强状态归并
BJ-2026-MTG-YIMO-Q10,BJ-2026-MTG-YIMO,10,S89313bd87150,2026模拟题/2026各区一模/2026门头沟一模/细则/细则.docx,评分材料,正式评分材料,存在候选,存在候选,0.0,,考试身份同(BJ-2026-MTG-YIMO)；文件名未限定题号；未能在材料正文定位到第10题段，仅按同卷材料登记为候选；题干块6-gram重叠0.0000(题干241字/材料段0字)；同题另一来源块状态较弱(存在候选)，已按最强状态归并
BJ-2026-MTG-YIMO-Q11,BJ-2026-MTG-YIMO,11,S89313bd87150,2026模拟题/2026各区一模/2026门头沟一模/细则/细则.docx,评分材料,正式评分材料,存在候选,存在候选,0.0,,考试身份同(BJ-2026-MTG-YIMO)；文件名未限定题号；未能在材料正文定位到第11题段，仅按同卷材料登记为候选；题干块6-gram重叠0.0000(题干284字/材料段0字)；同题另一来源块状态较弱(存在候选)，已按最强状态归并
BJ-2026-MTG-YIMO-Q12,BJ-2026-MTG-YIMO,12,S89313bd87150,2026模拟题/2026各区一模/2026门头沟一模/细则/细则.docx,评分材料,正式评分材料,存在候选,存在候选,0.0,,考试身份同(BJ-2026-MTG-YIMO)；文件名未限定题号；未能在材料正文定位到第12题段，仅按同卷材料登记为候选；题干块6-gram重叠0.0000(题干529字/材料段0字)；同题另一来源块状态较弱(存在候选)，已按最强状态归并
BJ-2026-MTG-YIMO-Q13,BJ-2026-MTG-YIMO,13,S89313bd87150,2026模拟题/2026各区一模/2026门头沟一模/细则/细则.docx,评分材料,正式评分材料,存在候选,存在候选,0.0,,考试身份同(BJ-2026-MTG-YIMO)；文件名未限定题号；未能在材料正文定位到第13题段，仅按同卷材料登记为候选；题干块6-gram重叠0.0000(题干396字/材料段0字)；同题另一来源块状态较弱(存在候选)，已按最强状态归并
BJ-2026-MTG-YIMO-Q14,BJ-2026-MTG-YIMO,14,S89313bd87150,2026模拟题/2026各区一模/2026门头沟一模/细则/细则.docx,评分材料,正式评分材料,存在候选,存在候选,0.0,,考试身份同(BJ-2026-MTG-YIMO)；文件名未限定题号；未能在材料正文定位到第14题段，仅按同卷材料登记为候选；题干块6-gram重叠0.0000(题干308字/材料段0字)；同题另一来源块状态较弱(存在候选)，已按最强状态归并
BJ-2026-MTG-YIMO-Q15,BJ-2026-MTG-YIMO,15,S89313bd87150,2026模拟题/2026各区一模/2026门头沟一模/细则/细则.docx,评分材料,正式评分材料,存在候选,存在候选,0.0,,考试身份同(BJ-2026-MTG-YIMO)；文件名未限定题号；未能在材料正文定位到第15题段，仅按同卷材料登记为候选；题干块6-gram重叠0.0000(题干372字/材料段0字)；分值文本 55；同题另一来源块状态较弱(存在候选)，已按最强状态归并
BJ-2026-SY-YIMO-Q17,BJ-2026-SY-YIMO,17,Sde758e5e7950,2026模拟题/2026各区一模/2026顺义一模/细则/细则.pptx,评分材料,正式评分材料,已匹配正式材料,已匹配正式材料,1.0,,考试身份同(BJ-2026-SY-YIMO)；文件名未限定题号；正文定位方式=题号起首；题干块6-gram重叠1.0000(题干1826字/材料段3814字)；分值文本 1；同题另一来源块状态较弱(存在候选)，已按最强状态归并
BJ-2026-SY-YIMO-Q20,BJ-2026-SY-YIMO,20,Sde758e5e7950,2026模拟题/2026各区一模/2026顺义一模/细则/细则.pptx,评分材料,正式评分材料,已匹配正式材料,已匹配正式材料,1.0,,考试身份同(BJ-2026-SY-YIMO)；文件名未限定题号；正文定位方式=题号起首；题干块6-gram重叠1.0000(题干769字/材料段770字)；分值文本 2；同题另一来源块状态较弱(存在候选)，已按最强状态归并
BJ-2026-SY-YIMO-Q21,BJ-2026-SY-YIMO,21,Sde758e5e7950,2026模拟题/2026各区一模/2026顺义一模/细则/细则.pptx,评分材料,正式评分材料,已匹配正式材料,已匹配正式材料,1.0,,考试身份同(BJ-2026-SY-YIMO)；文件名未限定题号；正文定位方式=题号起首；题干块6-gram重叠1.0000(题干763字/材料段764字)；同题另一来源块状态较弱(存在候选)，已按最强状态归并
BJ-2026-SY-YIMO-Q1,BJ-2026-SY-YIMO,1,Sde758e5e7950,2026模拟题/2026各区一模/2026顺义一模/细则/细则.pptx,评分材料,正式评分材料,存在候选,存在候选,0.0115,,考试身份同(BJ-2026-SY-YIMO)；文件名未限定题号；正文定位方式=题号起首；题干块6-gram重叠0.0115(题干277字/材料段163字)
BJ-2026-SY-YIMO-Q2,BJ-2026-SY-YIMO,2,Sde758e5e7950,2026模拟题/2026各区一模/2026顺义一模/细则/细则.pptx,评分材料,正式评分材料,存在候选,存在候选,0.0,,考试身份同(BJ-2026-SY-YIMO)；文件名未限定题号；正文定位方式=题号起首；题干块6-gram重叠0.0000(题干325字/材料段277字)
BJ-2026-SY-YIMO-Q3,BJ-2026-SY-YIMO,3,Sde758e5e7950,2026模拟题/2026各区一模/2026顺义一模/细则/细则.pptx,评分材料,正式评分材料,存在候选,存在候选,0.0,,考试身份同(BJ-2026-SY-YIMO)；文件名未限定题号；正文定位方式=题号起首；题干块6-gram重叠0.0000(题干289字/材料段909字)
BJ-2026-SY-YIMO-Q4,BJ-2026-SY-YIMO,4,Sde758e5e7950,2026模拟题/2026各区一模/2026顺义一模/细则/细则.pptx,评分材料,正式评分材料,存在候选,存在候选,0.0,,考试身份同(BJ-2026-SY-YIMO)；文件名未限定题号；未能在材料正文定位到第4题段，仅按同卷材料登记为候选；题干块6-gram重叠0.0000(题干276字/材料段0字)
BJ-2026-SY-YIMO-Q5,BJ-2026-SY-YIMO,5,Sde758e5e7950,2026模拟题/2026各区一模/2026顺义一模/细则/细则.pptx,评分材料,正式评分材料,存在候选,存在候选,0.0068,,考试身份同(BJ-2026-SY-YIMO)；文件名未限定题号；正文定位方式=题号起首；题干块6-gram重叠0.0068(题干560字/材料段246字)
BJ-2026-SY-YIMO-Q6,BJ-2026-SY-YIMO,6,Sde758e5e7950,2026模拟题/2026各区一模/2026顺义一模/细则/细则.pptx,评分材料,正式评分材料,存在候选,存在候选,0.0,,考试身份同(BJ-2026-SY-YIMO)；文件名未限定题号；正文定位方式=表格行(Markdown)；题干块6-gram重叠0.0000(题干137字/材料段22字)
BJ-2026-SY-YIMO-Q7,BJ-2026-SY-YIMO,7,Sde758e5e7950,2026模拟题/2026各区一模/2026顺义一模/细则/细则.pptx,评分材料,正式评分材料,存在候选,存在候选,0.0,,考试身份同(BJ-2026-SY-YIMO)；文件名未限定题号；未能在材料正文定位到第7题段，仅按同卷材料登记为候选；题干块6-gram重叠0.0000(题干235字/材料段0字)
BJ-2026-SY-YIMO-Q8,BJ-2026-SY-YIMO,8,Sde758e5e7950,2026模拟题/2026各区一模/2026顺义一模/细则/细则.pptx,评分材料,正式评分材料,存在候选,存在候选,0.0,,考试身份同(BJ-2026-SY-YIMO)；文件名未限定题号；未能在材料正文定位到第8题段，仅按同卷材料登记为候选；题干块6-gram重叠0.0000(题干407字/材料段0字)
BJ-2026-SY-YIMO-Q9,BJ-2026-SY-YIMO,9,Sde758e5e7950,2026模拟题/2026各区一模/2026顺义一模/细则/细则.pptx,评分材料,正式评分材料,存在候选,存在候选,0.0,,考试身份同(BJ-2026-SY-YIMO)；文件名未限定题号；未能在材料正文定位到第9题段，仅按同卷材料登记为候选；题干块6-gram重叠0.0000(题干291字/材料段0字)
BJ-2026-SY-YIMO-Q10,BJ-2026-SY-YIMO,10,Sde758e5e7950,2026模拟题/2026各区一模/2026顺义一模/细则/细则.pptx,评分材料,正式评分材料,存在候选,存在候选,0.0,,考试身份同(BJ-2026-SY-YIMO)；文件名未限定题号；未能在材料正文定位到第10题段，仅按同卷材料登记为候选；题干块6-gram重叠0.0000(题干431字/材料段0字)
BJ-2026-SY-YIMO-Q11,BJ-2026-SY-YIMO,11,Sde758e5e7950,2026模拟题/2026各区一模/2026顺义一模/细则/细则.pptx,评分材料,正式评分材料,存在候选,存在候选,0.0,,考试身份同(BJ-2026-SY-YIMO)；文件名未限定题号；正文定位方式=表格行(Markdown)；题干块6-gram重叠0.0000(题干317字/材料段26字)
BJ-2026-SY-YIMO-Q12,BJ-2026-SY-YIMO,12,Sde758e5e7950,2026模拟题/2026各区一模/2026顺义一模/细则/细则.pptx,评分材料,正式评分材料,存在候选,存在候选,0.0,,考试身份同(BJ-2026-SY-YIMO)；文件名未限定题号；未能在材料正文定位到第12题段，仅按同卷材料登记为候选；题干块6-gram重叠0.0000(题干316字/材料段0字)
BJ-2026-SY-YIMO-Q13,BJ-2026-SY-YIMO,13,Sde758e5e7950,2026模拟题/2026各区一模/2026顺义一模/细则/细则.pptx,评分材料,正式评分材料,存在候选,存在候选,0.0,,考试身份同(BJ-2026-SY-YIMO)；文件名未限定题号；未能在材料正文定位到第13题段，仅按同卷材料登记为候选；题干块6-gram重叠0.0000(题干111字/材料段0字)
BJ-2026-SY-YIMO-Q14,BJ-2026-SY-YIMO,14,Sde758e5e7950,2026模拟题/2026各区一模/2026顺义一模/细则/细则.pptx,评分材料,正式评分材料,存在候选,存在候选,0.0,,考试身份同(BJ-2026-SY-YIMO)；文件名未限定题号；未能在材料正文定位到第14题段，仅按同卷材料登记为候选；题干块6-gram重叠0.0000(题干345字/材料段0字)
BJ-2026-SY-YIMO-Q15,BJ-2026-SY-YIMO,15,Sde758e5e7950,2026模拟题/2026各区一模/2026顺义一模/细则/细则.pptx,评分材料,正式评分材料,存在候选,存在候选,0.0,,考试身份同(BJ-2026-SY-YIMO)；文件名未限定题号；未能在材料正文定位到第15题段，仅按同卷材料登记为候选；题干块6-gram重叠0.0000(题干425字/材料段0字)
BJ-2026-SY-YIMO-Q18,BJ-2026-SY-YIMO,18,Sde758e5e7950,2026模拟题/2026各区一模/2026顺义一模/细则/细则.pptx,评分材料,正式评分材料,存在候选,存在候选,0.0,,考试身份同(BJ-2026-SY-YIMO)；文件名未限定题号；未能在材料正文定位到第18题段，仅按同卷材料登记为候选；题干块6-gram重叠0.0000(题干624字/材料段0字)；分值文本 8
BJ-2026-SY-YIMO-Q19,BJ-2026-SY-YIMO,19,Sde758e5e7950,2026模拟题/2026各区一模/2026顺义一模/细则/细则.pptx,评分材料,正式评分材料,存在候选,存在候选,0.0,,考试身份同(BJ-2026-SY-YIMO)；文件名未限定题号；未能在材料正文定位到第19题段，仅按同卷材料登记为候选；题干块6-gram重叠0.0000(题干1204字/材料段0字)；分值文本 15
BJ-2026-DC-ERMO-Q1,BJ-2026-DC-ERMO,1,Sc4b3300418ae,2026模拟题/2026各区二模/2026东城二模/细则/16.pdf,评分材料,正式评分材料,已匹配正式材料,已匹配正式材料,1.0,,考试身份同(BJ-2026-DC-ERMO)；文件名未限定题号；正文定位方式=题号起首；题干块6-gram重叠1.0000(题干1560字/材料段1564字)；分值文本 2；同题另一来源块状态较弱(存在候选)，已按最强状态归并；同题另一来源块状态较弱(存在候选)，已按最强状态归并；同题另一来源块状态较弱(存在候选)，已按最强状态归并
BJ-2026-DC-ERMO-Q1,BJ-2026-DC-ERMO,1,Se90ac6d5f3ee,2026模拟题/2026各区二模/2026东城二模/细则/17题评标.pdf,评分材料,正式评分材料,已排除（文件名指向他题）,已匹配正式材料,0.0,17,考试身份同(BJ-2026-DC-ERMO)；文件名题号{17}与本题号不一致；未能在材料正文定位到第1题段，仅按同卷材料登记为候选；题干块6-gram重叠0.0000(题干1560字/材料段0字)；分值文本 2；同题另一来源块状态较弱(已排除（文件名指向他题）)，已按最强状态归并；同题另一来源块状态较弱(已排除（文件名指向他题）)，已按最强状态归并；同题另一来源块状态较弱(已排除（文件名指向他题）)，已按最强状态归并
BJ-2026-DC-ERMO-Q1,BJ-2026-DC-ERMO,1,Sd007267f6e1c,2026模拟题/2026各区二模/2026东城二模/细则/18题阅卷细则(5.9).pdf,评分材料,正式评分材料,已排除（文件名指向他题）,已匹配正式材料,0.0,18,考试身份同(BJ-2026-DC-ERMO)；文件名题号{18}与本题号不一致；未能在材料正文定位到第1题段，仅按同卷材料登记为候选；题干块6-gram重叠0.0000(题干1560字/材料段0字)；分值文本 2；同题另一来源块状态较弱(已排除（文件名指向他题）)，已按最强状态归并；同题另一来源块状态较弱(已排除（文件名指向他题）)，已按最强状态归并；同题另一来源块状态较弱(已排除（文件名指向他题）)，已按最强状态归并
BJ-2026-DC-ERMO-Q1,BJ-2026-DC-ERMO,1,Sdb4b22917a3f,2026模拟题/2026各区二模/2026东城二模/细则/20题（1+2）.pdf,评分材料,正式评分材料,已排除（文件名指向他题）,已匹配正式材料,0.0,20,考试身份同(BJ-2026-DC-ERMO)；文件名题号{20}与本题号不一致；未能在材料正文定位到第1题段，仅按同卷材料登记为候选；题干块6-gram重叠0.0000(题干1560字/材料段0字)；分值文本 2；同题另一来源块状态较弱(已排除（文件名指向他题）)，已按最强状态归并；同题另一来源块状态较弱(已排除（文件名指向他题）)，已按最强状态归并；同题另一来源块状态较弱(已排除（文件名指向他题）)，已按最强状态归并
BJ-2026-DC-ERMO-Q1,BJ-2026-DC-ERMO,1,S34f69bdaf40f,2026模拟题/2026各区二模/2026东城二模/细则/26年东城二模20（3）.pdf,评分材料,正式评分材料,已排除（文件名指向他题）,已匹配正式材料,0.0,20,考试身份同(BJ-2026-DC-ERMO)；文件名题号{20}与本题号不一致；未能在材料正文定位到第1题段，仅按同卷材料登记为候选；题干块6-gram重叠0.0000(题干1560字/材料段0字)；分值文本 2；同题另一来源块状态较弱(已排除（文件名指向他题）)，已按最强状态归并；同题另一来源块状态较弱(已排除（文件名指向他题）)，已按最强状态归并；同题另一来源块状态较弱(已排除（文件名指向他题）)，已按最强状态归并
BJ-2026-DC-ERMO-Q1,BJ-2026-DC-ERMO,1,Sc6d95d8dc945,2026模拟题/2026各区二模/2026东城二模/细则/东城二模 19题阅卷细则.pdf,评分材料,正式评分材料,已排除（文件名指向他题）,已匹配正式材料,0.0,19,考试身份同(BJ-2026-DC-ERMO)；文件名题号{19}与本题号不一致；正文定位方式=题号起首；题干块6-gram重叠0.0000(题干1560字/材料段132字)；分值文本 2；同题另一来源块状态较弱(已排除（文件名指向他题）)，已按最强状态归并；同题另一来源块状态较弱(已排除（文件名指向他题）)，已按最强状态归并；同题另一来源块状态较弱(已排除（文件名指向他题）)，已按最强状态归并
BJ-2026-DC-ERMO-Q1,BJ-2026-DC-ERMO,1,S05524582484d,2026模拟题/2026各区二模/2026东城二模/细则/二模21题细则模版.pdf,评分材料,正式评分材料,已排除（文件名指向他题）,已匹配正式材料,0.0,21,考试身份同(BJ-2026-DC-ERMO)；文件名题号{21}与本题号不一致；未能在材料正文定位到第1题段，仅按同卷材料登记为候选；题干块6-gram重叠0.0000(题干1560字/材料段0字)；分值文本 2；同题另一来源块状态较弱(已排除（文件名指向他题）)，已按最强状态归并；同题另一来源块状态较弱(已排除（文件名指向他题）)，已按最强状态归并；同题另一来源块状态较弱(已排除（文件名指向他题）)，已按最强状态归并
BJ-2026-DC-ERMO-Q1,BJ-2026-DC-ERMO,1,Sc751cfa77650,2026模拟题/2026各区二模/2026东城二模/试卷/2026北京东城高三二模政治（教师版）.docx,教师版,参考答案,已匹配参考答案,已匹配正式材料,1.0,,考试身份同(BJ-2026-DC-ERMO)；文件名未限定题号；正文定位方式=题号起首；题干块6-gram重叠1.0000(题干371字/材料段372字)；同题另一来源块状态较弱(存在候选)，已按最强状态归并
BJ-2026-DC-ERMO-Q16,BJ-2026-DC-ERMO,16,Sc4b3300418ae,2026模拟题/2026各区二模/2026东城二模/细则/16.pdf,评分材料,正式评分材料,存在候选,仅有参考答案,0.0,,考试身份同(BJ-2026-DC-ERMO)；文件名未限定题号；未能在材料正文定位到第16题段，仅按同卷材料登记为候选；题干块6-gram重叠0.0000(题干440字/材料段0字)；分值文本 7；同题另一来源块状态较弱(存在候选)，已按最强状态归并
BJ-2026-DC-ERMO-Q16,BJ-2026-DC-ERMO,16,Se90ac6d5f3ee,2026模拟题/2026各区二模/2026东城二模/细则/17题评标.pdf,评分材料,正式评分材料,已排除（文件名指向他题）,仅有参考答案,0.0,17,考试身份同(BJ-2026-DC-ERMO)；文件名题号{17}与本题号不一致；未能在材料正文定位到第16题段，仅按同卷材料登记为候选；题干块6-gram重叠0.0000(题干440字/材料段0字)；分值文本 7；同题另一来源块状态较弱(已排除（文件名指向他题）)，已按最强状态归并
BJ-2026-DC-ERMO-Q16,BJ-2026-DC-ERMO,16,Sd007267f6e1c,2026模拟题/2026各区二模/2026东城二模/细则/18题阅卷细则(5.9).pdf,评分材料,正式评分材料,已排除（文件名指向他题）,仅有参考答案,0.0,18,考试身份同(BJ-2026-DC-ERMO)；文件名题号{18}与本题号不一致；未能在材料正文定位到第16题段，仅按同卷材料登记为候选；题干块6-gram重叠0.0000(题干440字/材料段0字)；分值文本 7；同题另一来源块状态较弱(已排除（文件名指向他题）)，已按最强状态归并
BJ-2026-DC-ERMO-Q16,BJ-2026-DC-ERMO,16,Sdb4b22917a3f,2026模拟题/2026各区二模/2026东城二模/细则/20题（1+2）.pdf,评分材料,正式评分材料,已排除（文件名指向他题）,仅有参考答案,0.0,20,考试身份同(BJ-2026-DC-ERMO)；文件名题号{20}与本题号不一致；未能在材料正文定位到第16题段，仅按同卷材料登记为候选；题干块6-gram重叠0.0000(题干440字/材料段0字)；分值文本 7；同题另一来源块状态较弱(已排除（文件名指向他题）)，已按最强状态归并
BJ-2026-DC-ERMO-Q16,BJ-2026-DC-ERMO,16,S34f69bdaf40f,2026模拟题/2026各区二模/2026东城二模/细则/26年东城二模20（3）.pdf,评分材料,正式评分材料,已排除（文件名指向他题）,仅有参考答案,0.0,20,考试身份同(BJ-2026-DC-ERMO)；文件名题号{20}与本题号不一致；未能在材料正文定位到第16题段，仅按同卷材料登记为候选；题干块6-gram重叠0.0000(题干440字/材料段0字)；分值文本 7；同题另一来源块状态较弱(已排除（文件名指向他题）)，已按最强状态归并
BJ-2026-DC-ERMO-Q16,BJ-2026-DC-ERMO,16,Sc6d95d8dc945,2026模拟题/2026各区二模/2026东城二模/细则/东城二模 19题阅卷细则.pdf,评分材料,正式评分材料,已排除（文件名指向他题）,仅有参考答案,0.0,19,考试身份同(BJ-2026-DC-ERMO)；文件名题号{19}与本题号不一致；未能在材料正文定位到第16题段，仅按同卷材料登记为候选；题干块6-gram重叠0.0000(题干440字/材料段0字)；分值文本 7；同题另一来源块状态较弱(已排除（文件名指向他题）)，已按最强状态归并
BJ-2026-DC-ERMO-Q16,BJ-2026-DC-ERMO,16,S05524582484d,2026模拟题/2026各区二模/2026东城二模/细则/二模21题细则模版.pdf,评分材料,正式评分材料,已排除（文件名指向他题）,仅有参考答案,0.0,21,考试身份同(BJ-2026-DC-ERMO)；文件名题号{21}与本题号不一致；未能在材料正文定位到第16题段，仅按同卷材料登记为候选；题干块6-gram重叠0.0000(题干440字/材料段0字)；分值文本 7；同题另一来源块状态较弱(已排除（文件名指向他题）)，已按最强状态归并
BJ-2026-DC-ERMO-Q16,BJ-2026-DC-ERMO,16,Sc751cfa77650,2026模拟题/2026各区二模/2026东城二模/试卷/2026北京东城高三二模政治（教师版）.docx,教师版,参考答案,已匹配参考答案,仅有参考答案,0.6074,,考试身份同(BJ-2026-DC-ERMO)；文件名未限定题号；正文定位方式=题号起首；题干块6-gram重叠0.6074(题干440字/材料段287字)；分值文本 7；同题另一来源块状态较弱(已匹配参考答案)，已按最强状态归并
BJ-2026-DC-ERMO-Q17,BJ-2026-DC-ERMO,17,Sc4b3300418ae,2026模拟题/2026各区二模/2026东城二模/细则/16.pdf,评分材料,正式评分材料,存在候选,已匹配正式材料,0.0,,考试身份同(BJ-2026-DC-ERMO)；文件名未限定题号；未能在材料正文定位到第17题段，仅按同卷材料登记为候选；题干块6-gram重叠0.0000(题干1134字/材料段0字)；分值文本 9；同题另一来源块状态较弱(存在候选)，已按最强状态归并；同题另一来源块状态较弱(存在候选)，已按最强状态归并
BJ-2026-DC-ERMO-Q17,BJ-2026-DC-ERMO,17,Se90ac6d5f3ee,2026模拟题/2026各区二模/2026东城二模/细则/17题评标.pdf,评分材料,正式评分材料,已匹配正式材料,已匹配正式材料,1.0,17,考试身份同(BJ-2026-DC-ERMO)；文件名题号{17}与本题号一致；正文定位方式=文件名限定本题号；题干块6-gram重叠1.0000(题干1134字/材料段1161字)；分值文本 9；同题另一来源块状态较弱(已匹配正式材料)，已按最强状态归并；同题另一来源块状态较弱(已匹配正式材料)，已按最强状态归并
BJ-2026-DC-ERMO-Q17,BJ-2026-DC-ERMO,17,Sd007267f6e1c,2026模拟题/2026各区二模/2026东城二模/细则/18题阅卷细则(5.9).pdf,评分材料,正式评分材料,已排除（文件名指向他题）,已匹配正式材料,0.0,18,考试身份同(BJ-2026-DC-ERMO)；文件名题号{18}与本题号不一致；未能在材料正文定位到第17题段，仅按同卷材料登记为候选；题干块6-gram重叠0.0000(题干1134字/材料段0字)；分值文本 9；同题另一来源块状态较弱(已排除（文件名指向他题）)，已按最强状态归并；同题另一来源块状态较弱(已排除（文件名指向他题）)，已按最强状态归并
BJ-2026-DC-ERMO-Q17,BJ-2026-DC-ERMO,17,Sdb4b22917a3f,2026模拟题/2026各区二模/2026东城二模/细则/20题（1+2）.pdf,评分材料,正式评分材料,已排除（文件名指向他题）,已匹配正式材料,0.0,20,考试身份同(BJ-2026-DC-ERMO)；文件名题号{20}与本题号不一致；未能在材料正文定位到第17题段，仅按同卷材料登记为候选；题干块6-gram重叠0.0000(题干1134字/材料段0字)；分值文本 9；同题另一来源块状态较弱(已排除（文件名指向他题）)，已按最强状态归并；同题另一来源块状态较弱(已排除（文件名指向他题）)，已按最强状态归并
BJ-2026-DC-ERMO-Q17,BJ-2026-DC-ERMO,17,S34f69bdaf40f,2026模拟题/2026各区二模/2026东城二模/细则/26年东城二模20（3）.pdf,评分材料,正式评分材料,已排除（文件名指向他题）,已匹配正式材料,0.0,20,考试身份同(BJ-2026-DC-ERMO)；文件名题号{20}与本题号不一致；未能在材料正文定位到第17题段，仅按同卷材料登记为候选；题干块6-gram重叠0.0000(题干1134字/材料段0字)；分值文本 9；同题另一来源块状态较弱(已排除（文件名指向他题）)，已按最强状态归并；同题另一来源块状态较弱(已排除（文件名指向他题）)，已按最强状态归并
BJ-2026-DC-ERMO-Q17,BJ-2026-DC-ERMO,17,Sc6d95d8dc945,2026模拟题/2026各区二模/2026东城二模/细则/东城二模 19题阅卷细则.pdf,评分材料,正式评分材料,已排除（文件名指向他题）,已匹配正式材料,0.0,19,考试身份同(BJ-2026-DC-ERMO)；文件名题号{19}与本题号不一致；未能在材料正文定位到第17题段，仅按同卷材料登记为候选；题干块6-gram重叠0.0000(题干1134字/材料段0字)；分值文本 9；同题另一来源块状态较弱(已排除（文件名指向他题）)，已按最强状态归并；同题另一来源块状态较弱(已排除（文件名指向他题）)，已按最强状态归并
BJ-2026-DC-ERMO-Q17,BJ-2026-DC-ERMO,17,S05524582484d,2026模拟题/2026各区二模/2026东城二模/细则/二模21题细则模版.pdf,评分材料,正式评分材料,已排除（文件名指向他题）,已匹配正式材料,0.0,21,考试身份同(BJ-2026-DC-ERMO)；文件名题号{21}与本题号不一致；未能在材料正文定位到第17题段，仅按同卷材料登记为候选；题干块6-gram重叠0.0000(题干1134字/材料段0字)；分值文本 9；同题另一来源块状态较弱(已排除（文件名指向他题）)，已按最强状态归并；同题另一来源块状态较弱(已排除（文件名指向他题）)，已按最强状态归并
BJ-2026-DC-ERMO-Q17,BJ-2026-DC-ERMO,17,Sc751cfa77650,2026模拟题/2026各区二模/2026东城二模/试卷/2026北京东城高三二模政治（教师版）.docx,教师版,参考答案,已匹配参考答案,已匹配正式材料,0.2351,,考试身份同(BJ-2026-DC-ERMO)；文件名未限定题号；正文定位方式=题号起首；题干块6-gram重叠0.2351(题干1134字/材料段302字)；分值文本 9；同题另一来源块状态较弱(已匹配参考答案)，已按最强状态归并；同题另一来源块状态较弱(已匹配参考答案)，已按最强状态归并
BJ-2026-DC-ERMO-Q18,BJ-2026-DC-ERMO,18,Sc4b3300418ae,2026模拟题/2026各区二模/2026东城二模/细则/16.pdf,评分材料,正式评分材料,存在候选,已匹配正式材料,0.0,,考试身份同(BJ-2026-DC-ERMO)；文件名未限定题号；未能在材料正文定位到第18题段，仅按同卷材料登记为候选；题干块6-gram重叠0.0000(题干654字/材料段0字)；分值文本 6；同题另一来源块状态较弱(存在候选)，已按最强状态归并
BJ-2026-DC-ERMO-Q18,BJ-2026-DC-ERMO,18,Se90ac6d5f3ee,2026模拟题/2026各区二模/2026东城二模/细则/17题评标.pdf,评分材料,正式评分材料,已排除（文件名指向他题）,已匹配正式材料,0.0,17,考试身份同(BJ-2026-DC-ERMO)；文件名题号{17}与本题号不一致；未能在材料正文定位到第18题段，仅按同卷材料登记为候选；题干块6-gram重叠0.0000(题干654字/材料段0字)；分值文本 6；同题另一来源块状态较弱(已排除（文件名指向他题）)，已按最强状态归并
BJ-2026-DC-ERMO-Q18,BJ-2026-DC-ERMO,18,Sd007267f6e1c,2026模拟题/2026各区二模/2026东城二模/细则/18题阅卷细则(5.9).pdf,评分材料,正式评分材料,已匹配正式材料,已匹配正式材料,0.1467,18,考试身份同(BJ-2026-DC-ERMO)；文件名题号{18}与本题号一致；正文定位方式=文件名限定本题号；题干块6-gram重叠0.1467(题干654字/材料段1079字)；分值文本 6；同题另一来源块状态较弱(存在候选)，已按最强状态归并
BJ-2026-DC-ERMO-Q18,BJ-2026-DC-ERMO,18,Sdb4b22917a3f,2026模拟题/2026各区二模/2026东城二模/细则/20题（1+2）.pdf,评分材料,正式评分材料,已排除（文件名指向他题）,已匹配正式材料,0.0,20,考试身份同(BJ-2026-DC-ERMO)；文件名题号{20}与本题号不一致；未能在材料正文定位到第18题段，仅按同卷材料登记为候选；题干块6-gram重叠0.0000(题干654字/材料段0字)；分值文本 6；同题另一来源块状态较弱(已排除（文件名指向他题）)，已按最强状态归并
BJ-2026-DC-ERMO-Q18,BJ-2026-DC-ERMO,18,S34f69bdaf40f,2026模拟题/2026各区二模/2026东城二模/细则/26年东城二模20（3）.pdf,评分材料,正式评分材料,已排除（文件名指向他题）,已匹配正式材料,0.0,20,考试身份同(BJ-2026-DC-ERMO)；文件名题号{20}与本题号不一致；未能在材料正文定位到第18题段，仅按同卷材料登记为候选；题干块6-gram重叠0.0000(题干654字/材料段0字)；分值文本 6；同题另一来源块状态较弱(已排除（文件名指向他题）)，已按最强状态归并
BJ-2026-DC-ERMO-Q18,BJ-2026-DC-ERMO,18,Sc6d95d8dc945,2026模拟题/2026各区二模/2026东城二模/细则/东城二模 19题阅卷细则.pdf,评分材料,正式评分材料,已排除（文件名指向他题）,已匹配正式材料,0.0,19,考试身份同(BJ-2026-DC-ERMO)；文件名题号{19}与本题号不一致；未能在材料正文定位到第18题段，仅按同卷材料登记为候选；题干块6-gram重叠0.0000(题干654字/材料段0字)；分值文本 6；同题另一来源块状态较弱(已排除（文件名指向他题）)，已按最强状态归并
BJ-2026-DC-ERMO-Q18,BJ-2026-DC-ERMO,18,S05524582484d,2026模拟题/2026各区二模/2026东城二模/细则/二模21题细则模版.pdf,评分材料,正式评分材料,已排除（文件名指向他题）,已匹配正式材料,0.0,21,考试身份同(BJ-2026-DC-ERMO)；文件名题号{21}与本题号不一致；未能在材料正文定位到第18题段，仅按同卷材料登记为候选；题干块6-gram重叠0.0000(题干654字/材料段0字)；分值文本 6；同题另一来源块状态较弱(已排除（文件名指向他题）)，已按最强状态归并
BJ-2026-DC-ERMO-Q18,BJ-2026-DC-ERMO,18,Sc751cfa77650,2026模拟题/2026各区二模/2026东城二模/试卷/2026北京东城高三二模政治（教师版）.docx,教师版,参考答案,已匹配参考答案,已匹配正式材料,0.24,,考试身份同(BJ-2026-DC-ERMO)；文件名未限定题号；正文定位方式=题号起首；题干块6-gram重叠0.2400(题干654字/材料段178字)；分值文本 6；同题另一来源块状态较弱(已匹配参考答案)，已按最强状态归并
BJ-2026-DC-ERMO-Q20,BJ-2026-DC-ERMO,20,Sc4b3300418ae,2026模拟题/2026各区二模/2026东城二模/细则/16.pdf,评分材料,正式评分材料,存在候选,已匹配正式材料,0.0,,考试身份同(BJ-2026-DC-ERMO)；文件名未限定题号；未能在材料正文定位到第20题段，仅按同卷材料登记为候选；题干块6-gram重叠0.0000(题干826字/材料段0字)；分值文本 18；同题另一来源块状态较弱(存在候选)，已按最强状态归并
BJ-2026-DC-ERMO-Q20,BJ-2026-DC-ERMO,20,Se90ac6d5f3ee,2026模拟题/2026各区二模/2026东城二模/细则/17题评标.pdf,评分材料,正式评分材料,已排除（文件名指向他题）,已匹配正式材料,0.0,17,考试身份同(BJ-2026-DC-ERMO)；文件名题号{17}与本题号不一致；未能在材料正文定位到第20题段，仅按同卷材料登记为候选；题干块6-gram重叠0.0000(题干826字/材料段0字)；分值文本 18；同题另一来源块状态较弱(已排除（文件名指向他题）)，已按最强状态归并
BJ-2026-DC-ERMO-Q20,BJ-2026-DC-ERMO,20,Sd007267f6e1c,2026模拟题/2026各区二模/2026东城二模/细则/18题阅卷细则(5.9).pdf,评分材料,正式评分材料,已排除（文件名指向他题）,已匹配正式材料,0.0,18,考试身份同(BJ-2026-DC-ERMO)；文件名题号{18}与本题号不一致；未能在材料正文定位到第20题段，仅按同卷材料登记为候选；题干块6-gram重叠0.0000(题干826字/材料段0字)；分值文本 18；同题另一来源块状态较弱(已排除（文件名指向他题）)，已按最强状态归并
BJ-2026-DC-ERMO-Q20,BJ-2026-DC-ERMO,20,Sdb4b22917a3f,2026模拟题/2026各区二模/2026东城二模/细则/20题（1+2）.pdf,评分材料,正式评分材料,已匹配正式材料,已匹配正式材料,0.1598,20,考试身份同(BJ-2026-DC-ERMO)；文件名题号{20}与本题号一致；正文定位方式=文件名限定本题号；题干块6-gram重叠0.1598(题干826字/材料段813字)；分值文本 18；同题另一来源块状态较弱(已匹配正式材料)，已按最强状态归并
BJ-2026-DC-ERMO-Q20,BJ-2026-DC-ERMO,20,S34f69bdaf40f,2026模拟题/2026各区二模/2026东城二模/细则/26年东城二模20（3）.pdf,评分材料,正式评分材料,存在候选,已匹配正式材料,0.0044,20,考试身份同(BJ-2026-DC-ERMO)；文件名题号{20}与本题号一致；正文定位方式=文件名限定本题号；题干块6-gram重叠0.0044(题干826字/材料段1182字)；分值文本 18；同题另一来源块状态较弱(存在候选)，已按最强状态归并
BJ-2026-DC-ERMO-Q20,BJ-2026-DC-ERMO,20,Sc6d95d8dc945,2026模拟题/2026各区二模/2026东城二模/细则/东城二模 19题阅卷细则.pdf,评分材料,正式评分材料,已排除（文件名指向他题）,已匹配正式材料,0.0,19,考试身份同(BJ-2026-DC-ERMO)；文件名题号{19}与本题号不一致；未能在材料正文定位到第20题段，仅按同卷材料登记为候选；题干块6-gram重叠0.0000(题干826字/材料段0字)；分值文本 18；同题另一来源块状态较弱(已排除（文件名指向他题）)，已按最强状态归并
BJ-2026-DC-ERMO-Q20,BJ-2026-DC-ERMO,20,S05524582484d,2026模拟题/2026各区二模/2026东城二模/细则/二模21题细则模版.pdf,评分材料,正式评分材料,已排除（文件名指向他题）,已匹配正式材料,0.0,21,考试身份同(BJ-2026-DC-ERMO)；文件名题号{21}与本题号不一致；未能在材料正文定位到第20题段，仅按同卷材料登记为候选；题干块6-gram重叠0.0000(题干826字/材料段0字)；分值文本 18；同题另一来源块状态较弱(已排除（文件名指向他题）)，已按最强状态归并
BJ-2026-DC-ERMO-Q20,BJ-2026-DC-ERMO,20,Sc751cfa77650,2026模拟题/2026各区二模/2026东城二模/试卷/2026北京东城高三二模政治（教师版）.docx,教师版,参考答案,已匹配参考答案,已匹配正式材料,0.3728,,考试身份同(BJ-2026-DC-ERMO)；文件名未限定题号；正文定位方式=题号起首；题干块6-gram重叠0.3728(题干826字/材料段873字)；分值文本 18；同题另一来源块状态较弱(已匹配参考答案)，已按最强状态归并
BJ-2026-DC-ERMO-Q2,BJ-2026-DC-ERMO,2,Sc4b3300418ae,2026模拟题/2026各区二模/2026东城二模/细则/16.pdf,评分材料,正式评分材料,存在候选,仅有参考答案,0.0,,考试身份同(BJ-2026-DC-ERMO)；文件名未限定题号；未能在材料正文定位到第2题段，仅按同卷材料登记为候选；题干块6-gram重叠0.0000(题干253字/材料段0字)；分值文本 2；同题另一来源块状态较弱(存在候选)，已按最强状态归并；同题另一来源块状态较弱(存在候选)，已按最强状态归并；同题另一来源块状态较弱(存在候选)，已按最强状态归并；同题另一来源块状态较弱(存在候选)，已按最强状态归并
BJ-2026-DC-ERMO-Q2,BJ-2026-DC-ERMO,2,Se90ac6d5f3ee,2026模拟题/2026各区二模/2026东城二模/细则/17题评标.pdf,评分材料,正式评分材料,已排除（文件名指向他题）,仅有参考答案,0.0,17,考试身份同(BJ-2026-DC-ERMO)；文件名题号{17}与本题号不一致；未能在材料正文定位到第2题段，仅按同卷材料登记为候选；题干块6-gram重叠0.0000(题干253字/材料段0字)；分值文本 2；同题另一来源块状态较弱(已排除（文件名指向他题）)，已按最强状态归并；同题另一来源块状态较弱(已排除（文件名指向他题）)，已按最强状态归并；同题另一来源块状态较弱(已排除（文件名指向他题）)，已按最强状态归并；同题另一来源块状态较弱(已排除（文件名指向他题）)，已按最强状态归并
BJ-2026-DC-ERMO-Q2,BJ-2026-DC-ERMO,2,Sd007267f6e1c,2026模拟题/2026各区二模/2026东城二模/细则/18题阅卷细则(5.9).pdf,评分材料,正式评分材料,已排除（文件名指向他题）,仅有参考答案,0.0,18,考试身份同(BJ-2026-DC-ERMO)；文件名题号{18}与本题号不一致；未能在材料正文定位到第2题段，仅按同卷材料登记为候选；题干块6-gram重叠0.0000(题干253字/材料段0字)；分值文本 2；同题另一来源块状态较弱(已排除（文件名指向他题）)，已按最强状态归并；同题另一来源块状态较弱(已排除（文件名指向他题）)，已按最强状态归并；同题另一来源块状态较弱(已排除（文件名指向他题）)，已按最强状态归并；同题另一来源块状态较弱(已排除（文件名指向他题）)，已按最强状态归并
BJ-2026-DC-ERMO-Q2,BJ-2026-DC-ERMO,2,Sdb4b22917a3f,2026模拟题/2026各区二模/2026东城二模/细则/20题（1+2）.pdf,评分材料,正式评分材料,已排除（文件名指向他题）,仅有参考答案,0.0,20,考试身份同(BJ-2026-DC-ERMO)；文件名题号{20}与本题号不一致；未能在材料正文定位到第2题段，仅按同卷材料登记为候选；题干块6-gram重叠0.0000(题干253字/材料段0字)；分值文本 2；同题另一来源块状态较弱(已排除（文件名指向他题）)，已按最强状态归并；同题另一来源块状态较弱(已排除（文件名指向他题）)，已按最强状态归并；同题另一来源块状态较弱(已排除（文件名指向他题）)，已按最强状态归并；同题另一来源块状态较弱(已排除（文件名指向他题）)，已按最强状态归并
BJ-2026-DC-ERMO-Q2,BJ-2026-DC-ERMO,2,S34f69bdaf40f,2026模拟题/2026各区二模/2026东城二模/细则/26年东城二模20（3）.pdf,评分材料,正式评分材料,已排除（文件名指向他题）,仅有参考答案,0.0,20,考试身份同(BJ-2026-DC-ERMO)；文件名题号{20}与本题号不一致；未能在材料正文定位到第2题段，仅按同卷材料登记为候选；题干块6-gram重叠0.0000(题干253字/材料段0字)；分值文本 2；同题另一来源块状态较弱(已排除（文件名指向他题）)，已按最强状态归并；同题另一来源块状态较弱(已排除（文件名指向他题）)，已按最强状态归并；同题另一来源块状态较弱(已排除（文件名指向他题）)，已按最强状态归并；同题另一来源块状态较弱(已排除（文件名指向他题）)，已按最强状态归并
BJ-2026-DC-ERMO-Q2,BJ-2026-DC-ERMO,2,Sc6d95d8dc945,2026模拟题/2026各区二模/2026东城二模/细则/东城二模 19题阅卷细则.pdf,评分材料,正式评分材料,已排除（文件名指向他题）,仅有参考答案,1.0,19,考试身份同(BJ-2026-DC-ERMO)；文件名题号{19}与本题号不一致；正文定位方式=题号起首；题干块6-gram重叠1.0000(题干253字/材料段255字)；分值文本 2；同题另一来源块状态较弱(已排除（文件名指向他题）)，已按最强状态归并；同题另一来源块状态较弱(已排除（文件名指向他题）)，已按最强状态归并；同题另一来源块状态较弱(已排除（文件名指向他题）)，已按最强状态归并；同题另一来源块状态较弱(已排除（文件名指向他题）)，已按最强状态归并
BJ-2026-DC-ERMO-Q2,BJ-2026-DC-ERMO,2,S05524582484d,2026模拟题/2026各区二模/2026东城二模/细则/二模21题细则模版.pdf,评分材料,正式评分材料,已排除（文件名指向他题）,仅有参考答案,0.0,21,考试身份同(BJ-2026-DC-ERMO)；文件名题号{21}与本题号不一致；正文定位方式=题号起首；题干块6-gram重叠0.0000(题干253字/材料段64字)；分值文本 2；同题另一来源块状态较弱(已排除（文件名指向他题）)，已按最强状态归并；同题另一来源块状态较弱(已排除（文件名指向他题）)，已按最强状态归并；同题另一来源块状态较弱(已排除（文件名指向他题）)，已按最强状态归并；同题另一来源块状态较弱(已排除（文件名指向他题）)，已按最强状态归并
BJ-2026-DC-ERMO-Q2,BJ-2026-DC-ERMO,2,Sc751cfa77650,2026模拟题/2026各区二模/2026东城二模/试卷/2026北京东城高三二模政治（教师版）.docx,教师版,参考答案,已匹配参考答案,仅有参考答案,1.0,,考试身份同(BJ-2026-DC-ERMO)；文件名未限定题号；正文定位方式=题号起首；题干块6-gram重叠1.0000(题干256字/材料段257字)；同题另一来源块状态较弱(存在候选)，已按最强状态归并
BJ-2026-DC-ERMO-Q21,BJ-2026-DC-ERMO,21,Sc4b3300418ae,2026模拟题/2026各区二模/2026东城二模/细则/16.pdf,评分材料,正式评分材料,存在候选,已匹配正式材料,0.0,,考试身份同(BJ-2026-DC-ERMO)；文件名未限定题号；未能在材料正文定位到第21题段，仅按同卷材料登记为候选；题干块6-gram重叠0.0000(题干336字/材料段0字)；同题另一来源块状态较弱(存在候选)，已按最强状态归并；同题另一来源块状态较弱(存在候选)，已按最强状态归并
BJ-2026-DC-ERMO-Q21,BJ-2026-DC-ERMO,21,Se90ac6d5f3ee,2026模拟题/2026各区二模/2026东城二模/细则/17题评标.pdf,评分材料,正式评分材料,已排除（文件名指向他题）,已匹配正式材料,0.0,17,考试身份同(BJ-2026-DC-ERMO)；文件名题号{17}与本题号不一致；未能在材料正文定位到第21题段，仅按同卷材料登记为候选；题干块6-gram重叠0.0000(题干336字/材料段0字)；同题另一来源块状态较弱(已排除（文件名指向他题）)，已按最强状态归并；同题另一来源块状态较弱(已排除（文件名指向他题）)，已按最强状态归并
BJ-2026-DC-ERMO-Q21,BJ-2026-DC-ERMO,21,Sd007267f6e1c,2026模拟题/2026各区二模/2026东城二模/细则/18题阅卷细则(5.9).pdf,评分材料,正式评分材料,已排除（文件名指向他题）,已匹配正式材料,0.0,18,考试身份同(BJ-2026-DC-ERMO)；文件名题号{18}与本题号不一致；未能在材料正文定位到第21题段，仅按同卷材料登记为候选；题干块6-gram重叠0.0000(题干336字/材料段0字)；同题另一来源块状态较弱(已排除（文件名指向他题）)，已按最强状态归并；同题另一来源块状态较弱(已排除（文件名指向他题）)，已按最强状态归并
BJ-2026-DC-ERMO-Q21,BJ-2026-DC-ERMO,21,Sdb4b22917a3f,2026模拟题/2026各区二模/2026东城二模/细则/20题（1+2）.pdf,评分材料,正式评分材料,已排除（文件名指向他题）,已匹配正式材料,0.0,20,考试身份同(BJ-2026-DC-ERMO)；文件名题号{20}与本题号不一致；未能在材料正文定位到第21题段，仅按同卷材料登记为候选；题干块6-gram重叠0.0000(题干336字/材料段0字)；同题另一来源块状态较弱(已排除（文件名指向他题）)，已按最强状态归并；同题另一来源块状态较弱(已排除（文件名指向他题）)，已按最强状态归并
BJ-2026-DC-ERMO-Q21,BJ-2026-DC-ERMO,21,S34f69bdaf40f,2026模拟题/2026各区二模/2026东城二模/细则/26年东城二模20（3）.pdf,评分材料,正式评分材料,已排除（文件名指向他题）,已匹配正式材料,0.0,20,考试身份同(BJ-2026-DC-ERMO)；文件名题号{20}与本题号不一致；未能在材料正文定位到第21题段，仅按同卷材料登记为候选；题干块6-gram重叠0.0000(题干336字/材料段0字)；同题另一来源块状态较弱(已排除（文件名指向他题）)，已按最强状态归并；同题另一来源块状态较弱(已排除（文件名指向他题）)，已按最强状态归并
BJ-2026-DC-ERMO-Q21,BJ-2026-DC-ERMO,21,Sc6d95d8dc945,2026模拟题/2026各区二模/2026东城二模/细则/东城二模 19题阅卷细则.pdf,评分材料,正式评分材料,已排除（文件名指向他题）,已匹配正式材料,0.0,19,考试身份同(BJ-2026-DC-ERMO)；文件名题号{19}与本题号不一致；未能在材料正文定位到第21题段，仅按同卷材料登记为候选；题干块6-gram重叠0.0000(题干336字/材料段0字)；同题另一来源块状态较弱(已排除（文件名指向他题）)，已按最强状态归并；同题另一来源块状态较弱(已排除（文件名指向他题）)，已按最强状态归并
BJ-2026-DC-ERMO-Q21,BJ-2026-DC-ERMO,21,S05524582484d,2026模拟题/2026各区二模/2026东城二模/细则/二模21题细则模版.pdf,评分材料,正式评分材料,已匹配正式材料,已匹配正式材料,1.0,21,考试身份同(BJ-2026-DC-ERMO)；文件名题号{21}与本题号一致；正文定位方式=文件名限定本题号；题干块6-gram重叠1.0000(题干336字/材料段1351字)；同题另一来源块状态较弱(已匹配正式材料)，已按最强状态归并；同题另一来源块状态较弱(已匹配正式材料)，已按最强状态归并
BJ-2026-DC-ERMO-Q21,BJ-2026-DC-ERMO,21,Sc751cfa77650,2026模拟题/2026各区二模/2026东城二模/试卷/2026北京东城高三二模政治（教师版）.docx,教师版,参考答案,已匹配参考答案,已匹配正式材料,0.2181,,考试身份同(BJ-2026-DC-ERMO)；文件名未限定题号；正文定位方式=题号起首；题干块6-gram重叠0.2181(题干336字/材料段2250字)；同题另一来源块状态较弱(已匹配参考答案)，已按最强状态归并；同题另一来源块状态较弱(已匹配参考答案)，已按最强状态归并
BJ-2026-DC-ERMO-Q3,BJ-2026-DC-ERMO,3,Sc4b3300418ae,2026模拟题/2026各区二模/2026东城二模/细则/16.pdf,评分材料,正式评分材料,存在候选,仅有参考答案,0.0,,考试身份同(BJ-2026-DC-ERMO)；文件名未限定题号；未能在材料正文定位到第3题段，仅按同卷材料登记为候选；题干块6-gram重叠0.0000(题干851字/材料段0字)；同题另一来源块状态较弱(存在候选)，已按最强状态归并；同题另一来源块状态较弱(存在候选)，已按最强状态归并
BJ-2026-DC-ERMO-Q3,BJ-2026-DC-ERMO,3,Se90ac6d5f3ee,2026模拟题/2026各区二模/2026东城二模/细则/17题评标.pdf,评分材料,正式评分材料,已排除（文件名指向他题）,仅有参考答案,0.0,17,考试身份同(BJ-2026-DC-ERMO)；文件名题号{17}与本题号不一致；未能在材料正文定位到第3题段，仅按同卷材料登记为候选；题干块6-gram重叠0.0000(题干851字/材料段0字)；同题另一来源块状态较弱(已排除（文件名指向他题）)，已按最强状态归并；同题另一来源块状态较弱(已排除（文件名指向他题）)，已按最强状态归并
BJ-2026-DC-ERMO-Q3,BJ-2026-DC-ERMO,3,Sd007267f6e1c,2026模拟题/2026各区二模/2026东城二模/细则/18题阅卷细则(5.9).pdf,评分材料,正式评分材料,已排除（文件名指向他题）,仅有参考答案,0.0,18,考试身份同(BJ-2026-DC-ERMO)；文件名题号{18}与本题号不一致；未能在材料正文定位到第3题段，仅按同卷材料登记为候选；题干块6-gram重叠0.0000(题干851字/材料段0字)；同题另一来源块状态较弱(已排除（文件名指向他题）)，已按最强状态归并；同题另一来源块状态较弱(已排除（文件名指向他题）)，已按最强状态归并
BJ-2026-DC-ERMO-Q3,BJ-2026-DC-ERMO,3,Sdb4b22917a3f,2026模拟题/2026各区二模/2026东城二模/细则/20题（1+2）.pdf,评分材料,正式评分材料,已排除（文件名指向他题）,仅有参考答案,0.0,20,考试身份同(BJ-2026-DC-ERMO)；文件名题号{20}与本题号不一致；未能在材料正文定位到第3题段，仅按同卷材料登记为候选；题干块6-gram重叠0.0000(题干851字/材料段0字)；同题另一来源块状态较弱(已排除（文件名指向他题）)，已按最强状态归并；同题另一来源块状态较弱(已排除（文件名指向他题）)，已按最强状态归并
BJ-2026-DC-ERMO-Q3,BJ-2026-DC-ERMO,3,S34f69bdaf40f,2026模拟题/2026各区二模/2026东城二模/细则/26年东城二模20（3）.pdf,评分材料,正式评分材料,已排除（文件名指向他题）,仅有参考答案,0.0,20,考试身份同(BJ-2026-DC-ERMO)；文件名题号{20}与本题号不一致；未能在材料正文定位到第3题段，仅按同卷材料登记为候选；题干块6-gram重叠0.0000(题干851字/材料段0字)；同题另一来源块状态较弱(已排除（文件名指向他题）)，已按最强状态归并；同题另一来源块状态较弱(已排除（文件名指向他题）)，已按最强状态归并
BJ-2026-DC-ERMO-Q3,BJ-2026-DC-ERMO,3,Sc6d95d8dc945,2026模拟题/2026各区二模/2026东城二模/细则/东城二模 19题阅卷细则.pdf,评分材料,正式评分材料,已排除（文件名指向他题）,仅有参考答案,0.0,19,考试身份同(BJ-2026-DC-ERMO)；文件名题号{19}与本题号不一致；未能在材料正文定位到第3题段，仅按同卷材料登记为候选；题干块6-gram重叠0.0000(题干851字/材料段0字)；同题另一来源块状态较弱(已排除（文件名指向他题）)，已按最强状态归并；同题另一来源块状态较弱(已排除（文件名指向他题）)，已按最强状态归并
BJ-2026-DC-ERMO-Q3,BJ-2026-DC-ERMO,3,S05524582484d,2026模拟题/2026各区二模/2026东城二模/细则/二模21题细则模版.pdf,评分材料,正式评分材料,已排除（文件名指向他题）,仅有参考答案,1.0,21,考试身份同(BJ-2026-DC-ERMO)；文件名题号{21}与本题号不一致；正文定位方式=题号起首；题干块6-gram重叠1.0000(题干851字/材料段854字)；同题另一来源块状态较弱(已排除（文件名指向他题）)，已按最强状态归并；同题另一来源块状态较弱(已排除（文件名指向他题）)，已按最强状态归并
BJ-2026-DC-ERMO-Q3,BJ-2026-DC-ERMO,3,Sc751cfa77650,2026模拟题/2026各区二模/2026东城二模/试卷/2026北京东城高三二模政治（教师版）.docx,教师版,参考答案,已匹配参考答案,仅有参考答案,1.0,,考试身份同(BJ-2026-DC-ERMO)；文件名未限定题号；正文定位方式=题号起首；题干块6-gram重叠1.0000(题干190字/材料段191字)；同题另一来源块状态较弱(存在候选)，已按最强状态归并
BJ-2026-DC-ERMO-Q4,BJ-2026-DC-ERMO,4,Sc4b3300418ae,2026模拟题/2026各区二模/2026东城二模/细则/16.pdf,评分材料,正式评分材料,存在候选,仅有参考答案,0.0,,考试身份同(BJ-2026-DC-ERMO)；文件名未限定题号；未能在材料正文定位到第4题段，仅按同卷材料登记为候选；题干块6-gram重叠0.0000(题干54字/材料段0字)；同题另一来源块状态较弱(存在候选)，已按最强状态归并
BJ-2026-DC-ERMO-Q4,BJ-2026-DC-ERMO,4,Se90ac6d5f3ee,2026模拟题/2026各区二模/2026东城二模/细则/17题评标.pdf,评分材料,正式评分材料,已排除（文件名指向他题）,仅有参考答案,0.0,17,考试身份同(BJ-2026-DC-ERMO)；文件名题号{17}与本题号不一致；未能在材料正文定位到第4题段，仅按同卷材料登记为候选；题干块6-gram重叠0.0000(题干54字/材料段0字)；同题另一来源块状态较弱(已排除（文件名指向他题）)，已按最强状态归并
BJ-2026-DC-ERMO-Q4,BJ-2026-DC-ERMO,4,Sd007267f6e1c,2026模拟题/2026各区二模/2026东城二模/细则/18题阅卷细则(5.9).pdf,评分材料,正式评分材料,已排除（文件名指向他题）,仅有参考答案,0.0,18,考试身份同(BJ-2026-DC-ERMO)；文件名题号{18}与本题号不一致；未能在材料正文定位到第4题段，仅按同卷材料登记为候选；题干块6-gram重叠0.0000(题干54字/材料段0字)；同题另一来源块状态较弱(已排除（文件名指向他题）)，已按最强状态归并
BJ-2026-DC-ERMO-Q4,BJ-2026-DC-ERMO,4,Sdb4b22917a3f,2026模拟题/2026各区二模/2026东城二模/细则/20题（1+2）.pdf,评分材料,正式评分材料,已排除（文件名指向他题）,仅有参考答案,0.0,20,考试身份同(BJ-2026-DC-ERMO)；文件名题号{20}与本题号不一致；未能在材料正文定位到第4题段，仅按同卷材料登记为候选；题干块6-gram重叠0.0000(题干54字/材料段0字)；同题另一来源块状态较弱(已排除（文件名指向他题）)，已按最强状态归并
BJ-2026-DC-ERMO-Q4,BJ-2026-DC-ERMO,4,S34f69bdaf40f,2026模拟题/2026各区二模/2026东城二模/细则/26年东城二模20（3）.pdf,评分材料,正式评分材料,已排除（文件名指向他题）,仅有参考答案,0.0,20,考试身份同(BJ-2026-DC-ERMO)；文件名题号{20}与本题号不一致；未能在材料正文定位到第4题段，仅按同卷材料登记为候选；题干块6-gram重叠0.0000(题干54字/材料段0字)；同题另一来源块状态较弱(已排除（文件名指向他题）)，已按最强状态归并
BJ-2026-DC-ERMO-Q4,BJ-2026-DC-ERMO,4,Sc6d95d8dc945,2026模拟题/2026各区二模/2026东城二模/细则/东城二模 19题阅卷细则.pdf,评分材料,正式评分材料,已排除（文件名指向他题）,仅有参考答案,0.0,19,考试身份同(BJ-2026-DC-ERMO)；文件名题号{19}与本题号不一致；未能在材料正文定位到第4题段，仅按同卷材料登记为候选；题干块6-gram重叠0.0000(题干54字/材料段0字)；同题另一来源块状态较弱(已排除（文件名指向他题）)，已按最强状态归并
BJ-2026-DC-ERMO-Q4,BJ-2026-DC-ERMO,4,S05524582484d,2026模拟题/2026各区二模/2026东城二模/细则/二模21题细则模版.pdf,评分材料,正式评分材料,已排除（文件名指向他题）,仅有参考答案,0.0,21,考试身份同(BJ-2026-DC-ERMO)；文件名题号{21}与本题号不一致；未能在材料正文定位到第4题段，仅按同卷材料登记为候选；题干块6-gram重叠0.0000(题干54字/材料段0字)；同题另一来源块状态较弱(已排除（文件名指向他题）)，已按最强状态归并
BJ-2026-DC-ERMO-Q4,BJ-2026-DC-ERMO,4,Sc751cfa77650,2026模拟题/2026各区二模/2026东城二模/试卷/2026北京东城高三二模政治（教师版）.docx,教师版,参考答案,已匹配参考答案,仅有参考答案,1.0,,考试身份同(BJ-2026-DC-ERMO)；文件名未限定题号；正文定位方式=题号起首；题干块6-gram重叠1.0000(题干191字/材料段192字)；同题另一来源块状态较弱(存在候选)，已按最强状态归并
BJ-2026-DC-ERMO-Q5,BJ-2026-DC-ERMO,5,Sc4b3300418ae,2026模拟题/2026各区二模/2026东城二模/细则/16.pdf,评分材料,正式评分材料,存在候选,仅有参考答案,0.0,,考试身份同(BJ-2026-DC-ERMO)；文件名未限定题号；未能在材料正文定位到第5题段，仅按同卷材料登记为候选；题干块6-gram重叠0.0000(题干258字/材料段0字)
BJ-2026-DC-ERMO-Q5,BJ-2026-DC-ERMO,5,Se90ac6d5f3ee,2026模拟题/2026各区二模/2026东城二模/细则/17题评标.pdf,评分材料,正式评分材料,已排除（文件名指向他题）,仅有参考答案,0.0,17,考试身份同(BJ-2026-DC-ERMO)；文件名题号{17}与本题号不一致；未能在材料正文定位到第5题段，仅按同卷材料登记为候选；题干块6-gram重叠0.0000(题干258字/材料段0字)
BJ-2026-DC-ERMO-Q5,BJ-2026-DC-ERMO,5,Sd007267f6e1c,2026模拟题/2026各区二模/2026东城二模/细则/18题阅卷细则(5.9).pdf,评分材料,正式评分材料,已排除（文件名指向他题）,仅有参考答案,0.0,18,考试身份同(BJ-2026-DC-ERMO)；文件名题号{18}与本题号不一致；未能在材料正文定位到第5题段，仅按同卷材料登记为候选；题干块6-gram重叠0.0000(题干258字/材料段0字)
BJ-2026-DC-ERMO-Q5,BJ-2026-DC-ERMO,5,Sdb4b22917a3f,2026模拟题/2026各区二模/2026东城二模/细则/20题（1+2）.pdf,评分材料,正式评分材料,已排除（文件名指向他题）,仅有参考答案,0.0,20,考试身份同(BJ-2026-DC-ERMO)；文件名题号{20}与本题号不一致；未能在材料正文定位到第5题段，仅按同卷材料登记为候选；题干块6-gram重叠0.0000(题干258字/材料段0字)
BJ-2026-DC-ERMO-Q5,BJ-2026-DC-ERMO,5,S34f69bdaf40f,2026模拟题/2026各区二模/2026东城二模/细则/26年东城二模20（3）.pdf,评分材料,正式评分材料,已排除（文件名指向他题）,仅有参考答案,0.0,20,考试身份同(BJ-2026-DC-ERMO)；文件名题号{20}与本题号不一致；未能在材料正文定位到第5题段，仅按同卷材料登记为候选；题干块6-gram重叠0.0000(题干258字/材料段0字)
BJ-2026-DC-ERMO-Q5,BJ-2026-DC-ERMO,5,Sc6d95d8dc945,2026模拟题/2026各区二模/2026东城二模/细则/东城二模 19题阅卷细则.pdf,评分材料,正式评分材料,已排除（文件名指向他题）,仅有参考答案,0.0,19,考试身份同(BJ-2026-DC-ERMO)；文件名题号{19}与本题号不一致；未能在材料正文定位到第5题段，仅按同卷材料登记为候选；题干块6-gram重叠0.0000(题干258字/材料段0字)
BJ-2026-DC-ERMO-Q5,BJ-2026-DC-ERMO,5,S05524582484d,2026模拟题/2026各区二模/2026东城二模/细则/二模21题细则模版.pdf,评分材料,正式评分材料,已排除（文件名指向他题）,仅有参考答案,0.0,21,考试身份同(BJ-2026-DC-ERMO)；文件名题号{21}与本题号不一致；未能在材料正文定位到第5题段，仅按同卷材料登记为候选；题干块6-gram重叠0.0000(题干258字/材料段0字)
BJ-2026-DC-ERMO-Q5,BJ-2026-DC-ERMO,5,Sc751cfa77650,2026模拟题/2026各区二模/2026东城二模/试卷/2026北京东城高三二模政治（教师版）.docx,教师版,参考答案,已匹配参考答案,仅有参考答案,1.0,,考试身份同(BJ-2026-DC-ERMO)；文件名未限定题号；正文定位方式=题号起首；题干块6-gram重叠1.0000(题干258字/材料段259字)
BJ-2026-DC-ERMO-Q6,BJ-2026-DC-ERMO,6,Sc4b3300418ae,2026模拟题/2026各区二模/2026东城二模/细则/16.pdf,评分材料,正式评分材料,存在候选,仅有参考答案,0.0,,考试身份同(BJ-2026-DC-ERMO)；文件名未限定题号；未能在材料正文定位到第6题段，仅按同卷材料登记为候选；题干块6-gram重叠0.0000(题干306字/材料段0字)
BJ-2026-DC-ERMO-Q6,BJ-2026-DC-ERMO,6,Se90ac6d5f3ee,2026模拟题/2026各区二模/2026东城二模/细则/17题评标.pdf,评分材料,正式评分材料,已排除（文件名指向他题）,仅有参考答案,0.0,17,考试身份同(BJ-2026-DC-ERMO)；文件名题号{17}与本题号不一致；未能在材料正文定位到第6题段，仅按同卷材料登记为候选；题干块6-gram重叠0.0000(题干306字/材料段0字)
BJ-2026-DC-ERMO-Q6,BJ-2026-DC-ERMO,6,Sd007267f6e1c,2026模拟题/2026各区二模/2026东城二模/细则/18题阅卷细则(5.9).pdf,评分材料,正式评分材料,已排除（文件名指向他题）,仅有参考答案,0.0,18,考试身份同(BJ-2026-DC-ERMO)；文件名题号{18}与本题号不一致；未能在材料正文定位到第6题段，仅按同卷材料登记为候选；题干块6-gram重叠0.0000(题干306字/材料段0字)
BJ-2026-DC-ERMO-Q6,BJ-2026-DC-ERMO,6,Sdb4b22917a3f,2026模拟题/2026各区二模/2026东城二模/细则/20题（1+2）.pdf,评分材料,正式评分材料,已排除（文件名指向他题）,仅有参考答案,0.0,20,考试身份同(BJ-2026-DC-ERMO)；文件名题号{20}与本题号不一致；未能在材料正文定位到第6题段，仅按同卷材料登记为候选；题干块6-gram重叠0.0000(题干306字/材料段0字)
BJ-2026-DC-ERMO-Q6,BJ-2026-DC-ERMO,6,S34f69bdaf40f,2026模拟题/2026各区二模/2026东城二模/细则/26年东城二模20（3）.pdf,评分材料,正式评分材料,已排除（文件名指向他题）,仅有参考答案,0.0,20,考试身份同(BJ-2026-DC-ERMO)；文件名题号{20}与本题号不一致；未能在材料正文定位到第6题段，仅按同卷材料登记为候选；题干块6-gram重叠0.0000(题干306字/材料段0字)
BJ-2026-DC-ERMO-Q6,BJ-2026-DC-ERMO,6,Sc6d95d8dc945,2026模拟题/2026各区二模/2026东城二模/细则/东城二模 19题阅卷细则.pdf,评分材料,正式评分材料,已排除（文件名指向他题）,仅有参考答案,0.0,19,考试身份同(BJ-2026-DC-ERMO)；文件名题号{19}与本题号不一致；未能在材料正文定位到第6题段，仅按同卷材料登记为候选；题干块6-gram重叠0.0000(题干306字/材料段0字)
BJ-2026-DC-ERMO-Q6,BJ-2026-DC-ERMO,6,S05524582484d,2026模拟题/2026各区二模/2026东城二模/细则/二模21题细则模版.pdf,评分材料,正式评分材料,已排除（文件名指向他题）,仅有参考答案,0.0,21,考试身份同(BJ-2026-DC-ERMO)；文件名题号{21}与本题号不一致；未能在材料正文定位到第6题段，仅按同卷材料登记为候选；题干块6-gram重叠0.0000(题干306字/材料段0字)
BJ-2026-DC-ERMO-Q6,BJ-2026-DC-ERMO,6,Sc751cfa77650,2026模拟题/2026各区二模/2026东城二模/试卷/2026北京东城高三二模政治（教师版）.docx,教师版,参考答案,已匹配参考答案,仅有参考答案,1.0,,考试身份同(BJ-2026-DC-ERMO)；文件名未限定题号；正文定位方式=题号起首；题干块6-gram重叠1.0000(题干306字/材料段307字)
BJ-2026-DC-ERMO-Q7,BJ-2026-DC-ERMO,7,Sc4b3300418ae,2026模拟题/2026各区二模/2026东城二模/细则/16.pdf,评分材料,正式评分材料,存在候选,仅有参考答案,0.0,,考试身份同(BJ-2026-DC-ERMO)；文件名未限定题号；未能在材料正文定位到第7题段，仅按同卷材料登记为候选；题干块6-gram重叠0.0000(题干246字/材料段0字)
BJ-2026-DC-ERMO-Q7,BJ-2026-DC-ERMO,7,Se90ac6d5f3ee,2026模拟题/2026各区二模/2026东城二模/细则/17题评标.pdf,评分材料,正式评分材料,已排除（文件名指向他题）,仅有参考答案,0.0,17,考试身份同(BJ-2026-DC-ERMO)；文件名题号{17}与本题号不一致；未能在材料正文定位到第7题段，仅按同卷材料登记为候选；题干块6-gram重叠0.0000(题干246字/材料段0字)
BJ-2026-DC-ERMO-Q7,BJ-2026-DC-ERMO,7,Sd007267f6e1c,2026模拟题/2026各区二模/2026东城二模/细则/18题阅卷细则(5.9).pdf,评分材料,正式评分材料,已排除（文件名指向他题）,仅有参考答案,0.0,18,考试身份同(BJ-2026-DC-ERMO)；文件名题号{18}与本题号不一致；未能在材料正文定位到第7题段，仅按同卷材料登记为候选；题干块6-gram重叠0.0000(题干246字/材料段0字)
BJ-2026-DC-ERMO-Q7,BJ-2026-DC-ERMO,7,Sdb4b22917a3f,2026模拟题/2026各区二模/2026东城二模/细则/20题（1+2）.pdf,评分材料,正式评分材料,已排除（文件名指向他题）,仅有参考答案,0.0,20,考试身份同(BJ-2026-DC-ERMO)；文件名题号{20}与本题号不一致；未能在材料正文定位到第7题段，仅按同卷材料登记为候选；题干块6-gram重叠0.0000(题干246字/材料段0字)
BJ-2026-DC-ERMO-Q7,BJ-2026-DC-ERMO,7,S34f69bdaf40f,2026模拟题/2026各区二模/2026东城二模/细则/26年东城二模20（3）.pdf,评分材料,正式评分材料,已排除（文件名指向他题）,仅有参考答案,0.0,20,考试身份同(BJ-2026-DC-ERMO)；文件名题号{20}与本题号不一致；未能在材料正文定位到第7题段，仅按同卷材料登记为候选；题干块6-gram重叠0.0000(题干246字/材料段0字)
BJ-2026-DC-ERMO-Q7,BJ-2026-DC-ERMO,7,Sc6d95d8dc945,2026模拟题/2026各区二模/2026东城二模/细则/东城二模 19题阅卷细则.pdf,评分材料,正式评分材料,已排除（文件名指向他题）,仅有参考答案,0.0,19,考试身份同(BJ-2026-DC-ERMO)；文件名题号{19}与本题号不一致；未能在材料正文定位到第7题段，仅按同卷材料登记为候选；题干块6-gram重叠0.0000(题干246字/材料段0字)
BJ-2026-DC-ERMO-Q7,BJ-2026-DC-ERMO,7,S05524582484d,2026模拟题/2026各区二模/2026东城二模/细则/二模21题细则模版.pdf,评分材料,正式评分材料,已排除（文件名指向他题）,仅有参考答案,0.0,21,考试身份同(BJ-2026-DC-ERMO)；文件名题号{21}与本题号不一致；未能在材料正文定位到第7题段，仅按同卷材料登记为候选；题干块6-gram重叠0.0000(题干246字/材料段0字)
BJ-2026-DC-ERMO-Q7,BJ-2026-DC-ERMO,7,Sc751cfa77650,2026模拟题/2026各区二模/2026东城二模/试卷/2026北京东城高三二模政治（教师版）.docx,教师版,参考答案,已匹配参考答案,仅有参考答案,1.0,,考试身份同(BJ-2026-DC-ERMO)；文件名未限定题号；正文定位方式=题号起首；题干块6-gram重叠1.0000(题干246字/材料段247字)
BJ-2026-DC-ERMO-Q8,BJ-2026-DC-ERMO,8,Sc4b3300418ae,2026模拟题/2026各区二模/2026东城二模/细则/16.pdf,评分材料,正式评分材料,存在候选,仅有参考答案,0.0,,考试身份同(BJ-2026-DC-ERMO)；文件名未限定题号；未能在材料正文定位到第8题段，仅按同卷材料登记为候选；题干块6-gram重叠0.0000(题干248字/材料段0字)
BJ-2026-DC-ERMO-Q8,BJ-2026-DC-ERMO,8,Se90ac6d5f3ee,2026模拟题/2026各区二模/2026东城二模/细则/17题评标.pdf,评分材料,正式评分材料,已排除（文件名指向他题）,仅有参考答案,0.0,17,考试身份同(BJ-2026-DC-ERMO)；文件名题号{17}与本题号不一致；未能在材料正文定位到第8题段，仅按同卷材料登记为候选；题干块6-gram重叠0.0000(题干248字/材料段0字)
BJ-2026-DC-ERMO-Q8,BJ-2026-DC-ERMO,8,Sd007267f6e1c,2026模拟题/2026各区二模/2026东城二模/细则/18题阅卷细则(5.9).pdf,评分材料,正式评分材料,已排除（文件名指向他题）,仅有参考答案,0.0,18,考试身份同(BJ-2026-DC-ERMO)；文件名题号{18}与本题号不一致；未能在材料正文定位到第8题段，仅按同卷材料登记为候选；题干块6-gram重叠0.0000(题干248字/材料段0字)
BJ-2026-DC-ERMO-Q8,BJ-2026-DC-ERMO,8,Sdb4b22917a3f,2026模拟题/2026各区二模/2026东城二模/细则/20题（1+2）.pdf,评分材料,正式评分材料,已排除（文件名指向他题）,仅有参考答案,0.0,20,考试身份同(BJ-2026-DC-ERMO)；文件名题号{20}与本题号不一致；未能在材料正文定位到第8题段，仅按同卷材料登记为候选；题干块6-gram重叠0.0000(题干248字/材料段0字)
BJ-2026-DC-ERMO-Q8,BJ-2026-DC-ERMO,8,S34f69bdaf40f,2026模拟题/2026各区二模/2026东城二模/细则/26年东城二模20（3）.pdf,评分材料,正式评分材料,已排除（文件名指向他题）,仅有参考答案,0.0,20,考试身份同(BJ-2026-DC-ERMO)；文件名题号{20}与本题号不一致；未能在材料正文定位到第8题段，仅按同卷材料登记为候选；题干块6-gram重叠0.0000(题干248字/材料段0字)
BJ-2026-DC-ERMO-Q8,BJ-2026-DC-ERMO,8,Sc6d95d8dc945,2026模拟题/2026各区二模/2026东城二模/细则/东城二模 19题阅卷细则.pdf,评分材料,正式评分材料,已排除（文件名指向他题）,仅有参考答案,0.0,19,考试身份同(BJ-2026-DC-ERMO)；文件名题号{19}与本题号不一致；未能在材料正文定位到第8题段，仅按同卷材料登记为候选；题干块6-gram重叠0.0000(题干248字/材料段0字)
BJ-2026-DC-ERMO-Q8,BJ-2026-DC-ERMO,8,S05524582484d,2026模拟题/2026各区二模/2026东城二模/细则/二模21题细则模版.pdf,评分材料,正式评分材料,已排除（文件名指向他题）,仅有参考答案,0.0,21,考试身份同(BJ-2026-DC-ERMO)；文件名题号{21}与本题号不一致；未能在材料正文定位到第8题段，仅按同卷材料登记为候选；题干块6-gram重叠0.0000(题干248字/材料段0字)
BJ-2026-DC-ERMO-Q8,BJ-2026-DC-ERMO,8,Sc751cfa77650,2026模拟题/2026各区二模/2026东城二模/试卷/2026北京东城高三二模政治（教师版）.docx,教师版,参考答案,已匹配参考答案,仅有参考答案,1.0,,考试身份同(BJ-2026-DC-ERMO)；文件名未限定题号；正文定位方式=题号起首；题干块6-gram重叠1.0000(题干248字/材料段249字)
BJ-2026-DC-ERMO-Q9,BJ-2026-DC-ERMO,9,Sc4b3300418ae,2026模拟题/2026各区二模/2026东城二模/细则/16.pdf,评分材料,正式评分材料,存在候选,仅有参考答案,0.0,,考试身份同(BJ-2026-DC-ERMO)；文件名未限定题号；未能在材料正文定位到第9题段，仅按同卷材料登记为候选；题干块6-gram重叠0.0000(题干165字/材料段0字)
BJ-2026-DC-ERMO-Q9,BJ-2026-DC-ERMO,9,Se90ac6d5f3ee,2026模拟题/2026各区二模/2026东城二模/细则/17题评标.pdf,评分材料,正式评分材料,已排除（文件名指向他题）,仅有参考答案,0.0,17,考试身份同(BJ-2026-DC-ERMO)；文件名题号{17}与本题号不一致；未能在材料正文定位到第9题段，仅按同卷材料登记为候选；题干块6-gram重叠0.0000(题干165字/材料段0字)
BJ-2026-DC-ERMO-Q9,BJ-2026-DC-ERMO,9,Sd007267f6e1c,2026模拟题/2026各区二模/2026东城二模/细则/18题阅卷细则(5.9).pdf,评分材料,正式评分材料,已排除（文件名指向他题）,仅有参考答案,0.0,18,考试身份同(BJ-2026-DC-ERMO)；文件名题号{18}与本题号不一致；未能在材料正文定位到第9题段，仅按同卷材料登记为候选；题干块6-gram重叠0.0000(题干165字/材料段0字)
BJ-2026-DC-ERMO-Q9,BJ-2026-DC-ERMO,9,Sdb4b22917a3f,2026模拟题/2026各区二模/2026东城二模/细则/20题（1+2）.pdf,评分材料,正式评分材料,已排除（文件名指向他题）,仅有参考答案,0.0,20,考试身份同(BJ-2026-DC-ERMO)；文件名题号{20}与本题号不一致；未能在材料正文定位到第9题段，仅按同卷材料登记为候选；题干块6-gram重叠0.0000(题干165字/材料段0字)
BJ-2026-DC-ERMO-Q9,BJ-2026-DC-ERMO,9,S34f69bdaf40f,2026模拟题/2026各区二模/2026东城二模/细则/26年东城二模20（3）.pdf,评分材料,正式评分材料,已排除（文件名指向他题）,仅有参考答案,0.0,20,考试身份同(BJ-2026-DC-ERMO)；文件名题号{20}与本题号不一致；未能在材料正文定位到第9题段，仅按同卷材料登记为候选；题干块6-gram重叠0.0000(题干165字/材料段0字)
BJ-2026-DC-ERMO-Q9,BJ-2026-DC-ERMO,9,Sc6d95d8dc945,2026模拟题/2026各区二模/2026东城二模/细则/东城二模 19题阅卷细则.pdf,评分材料,正式评分材料,已排除（文件名指向他题）,仅有参考答案,0.0,19,考试身份同(BJ-2026-DC-ERMO)；文件名题号{19}与本题号不一致；未能在材料正文定位到第9题段，仅按同卷材料登记为候选；题干块6-gram重叠0.0000(题干165字/材料段0字)
BJ-2026-DC-ERMO-Q9,BJ-2026-DC-ERMO,9,S05524582484d,2026模拟题/2026各区二模/2026东城二模/细则/二模21题细则模版.pdf,评分材料,正式评分材料,已排除（文件名指向他题）,仅有参考答案,0.0,21,考试身份同(BJ-2026-DC-ERMO)；文件名题号{21}与本题号不一致；未能在材料正文定位到第9题段，仅按同卷材料登记为候选；题干块6-gram重叠0.0000(题干165字/材料段0字)
BJ-2026-DC-ERMO-Q9,BJ-2026-DC-ERMO,9,Sc751cfa77650,2026模拟题/2026各区二模/2026东城二模/试卷/2026北京东城高三二模政治（教师版）.docx,教师版,参考答案,已匹配参考答案,仅有参考答案,1.0,,考试身份同(BJ-2026-DC-ERMO)；文件名未限定题号；正文定位方式=题号起首；题干块6-gram重叠1.0000(题干165字/材料段166字)
BJ-2026-DC-ERMO-Q10,BJ-2026-DC-ERMO,10,Sc4b3300418ae,2026模拟题/2026各区二模/2026东城二模/细则/16.pdf,评分材料,正式评分材料,存在候选,仅有参考答案,0.0,,考试身份同(BJ-2026-DC-ERMO)；文件名未限定题号；未能在材料正文定位到第10题段，仅按同卷材料登记为候选；题干块6-gram重叠0.0000(题干233字/材料段0字)
BJ-2026-DC-ERMO-Q10,BJ-2026-DC-ERMO,10,Se90ac6d5f3ee,2026模拟题/2026各区二模/2026东城二模/细则/17题评标.pdf,评分材料,正式评分材料,已排除（文件名指向他题）,仅有参考答案,0.0,17,考试身份同(BJ-2026-DC-ERMO)；文件名题号{17}与本题号不一致；未能在材料正文定位到第10题段，仅按同卷材料登记为候选；题干块6-gram重叠0.0000(题干233字/材料段0字)
BJ-2026-DC-ERMO-Q10,BJ-2026-DC-ERMO,10,Sd007267f6e1c,2026模拟题/2026各区二模/2026东城二模/细则/18题阅卷细则(5.9).pdf,评分材料,正式评分材料,已排除（文件名指向他题）,仅有参考答案,0.0,18,考试身份同(BJ-2026-DC-ERMO)；文件名题号{18}与本题号不一致；未能在材料正文定位到第10题段，仅按同卷材料登记为候选；题干块6-gram重叠0.0000(题干233字/材料段0字)
BJ-2026-DC-ERMO-Q10,BJ-2026-DC-ERMO,10,Sdb4b22917a3f,2026模拟题/2026各区二模/2026东城二模/细则/20题（1+2）.pdf,评分材料,正式评分材料,已排除（文件名指向他题）,仅有参考答案,0.0,20,考试身份同(BJ-2026-DC-ERMO)；文件名题号{20}与本题号不一致；未能在材料正文定位到第10题段，仅按同卷材料登记为候选；题干块6-gram重叠0.0000(题干233字/材料段0字)
BJ-2026-DC-ERMO-Q10,BJ-2026-DC-ERMO,10,S34f69bdaf40f,2026模拟题/2026各区二模/2026东城二模/细则/26年东城二模20（3）.pdf,评分材料,正式评分材料,已排除（文件名指向他题）,仅有参考答案,0.0,20,考试身份同(BJ-2026-DC-ERMO)；文件名题号{20}与本题号不一致；未能在材料正文定位到第10题段，仅按同卷材料登记为候选；题干块6-gram重叠0.0000(题干233字/材料段0字)
BJ-2026-DC-ERMO-Q10,BJ-2026-DC-ERMO,10,Sc6d95d8dc945,2026模拟题/2026各区二模/2026东城二模/细则/东城二模 19题阅卷细则.pdf,评分材料,正式评分材料,已排除（文件名指向他题）,仅有参考答案,0.0,19,考试身份同(BJ-2026-DC-ERMO)；文件名题号{19}与本题号不一致；未能在材料正文定位到第10题段，仅按同卷材料登记为候选；题干块6-gram重叠0.0000(题干233字/材料段0字)
BJ-2026-DC-ERMO-Q10,BJ-2026-DC-ERMO,10,S05524582484d,2026模拟题/2026各区二模/2026东城二模/细则/二模21题细则模版.pdf,评分材料,正式评分材料,已排除（文件名指向他题）,仅有参考答案,0.0,21,考试身份同(BJ-2026-DC-ERMO)；文件名题号{21}与本题号不一致；未能在材料正文定位到第10题段，仅按同卷材料登记为候选；题干块6-gram重叠0.0000(题干233字/材料段0字)
BJ-2026-DC-ERMO-Q10,BJ-2026-DC-ERMO,10,Sc751cfa77650,2026模拟题/2026各区二模/2026东城二模/试卷/2026北京东城高三二模政治（教师版）.docx,教师版,参考答案,已匹配参考答案,仅有参考答案,1.0,,考试身份同(BJ-2026-DC-ERMO)；文件名未限定题号；正文定位方式=题号起首；题干块6-gram重叠1.0000(题干233字/材料段234字)
BJ-2026-DC-ERMO-Q11,BJ-2026-DC-ERMO,11,Sc4b3300418ae,2026模拟题/2026各区二模/2026东城二模/细则/16.pdf,评分材料,正式评分材料,存在候选,仅有参考答案,0.0,,考试身份同(BJ-2026-DC-ERMO)；文件名未限定题号；未能在材料正文定位到第11题段，仅按同卷材料登记为候选；题干块6-gram重叠0.0000(题干315字/材料段0字)
BJ-2026-DC-ERMO-Q11,BJ-2026-DC-ERMO,11,Se90ac6d5f3ee,2026模拟题/2026各区二模/2026东城二模/细则/17题评标.pdf,评分材料,正式评分材料,已排除（文件名指向他题）,仅有参考答案,0.0,17,考试身份同(BJ-2026-DC-ERMO)；文件名题号{17}与本题号不一致；未能在材料正文定位到第11题段，仅按同卷材料登记为候选；题干块6-gram重叠0.0000(题干315字/材料段0字)
BJ-2026-DC-ERMO-Q11,BJ-2026-DC-ERMO,11,Sd007267f6e1c,2026模拟题/2026各区二模/2026东城二模/细则/18题阅卷细则(5.9).pdf,评分材料,正式评分材料,已排除（文件名指向他题）,仅有参考答案,0.0,18,考试身份同(BJ-2026-DC-ERMO)；文件名题号{18}与本题号不一致；未能在材料正文定位到第11题段，仅按同卷材料登记为候选；题干块6-gram重叠0.0000(题干315字/材料段0字)
BJ-2026-DC-ERMO-Q11,BJ-2026-DC-ERMO,11,Sdb4b22917a3f,2026模拟题/2026各区二模/2026东城二模/细则/20题（1+2）.pdf,评分材料,正式评分材料,已排除（文件名指向他题）,仅有参考答案,0.0,20,考试身份同(BJ-2026-DC-ERMO)；文件名题号{20}与本题号不一致；未能在材料正文定位到第11题段，仅按同卷材料登记为候选；题干块6-gram重叠0.0000(题干315字/材料段0字)
BJ-2026-DC-ERMO-Q11,BJ-2026-DC-ERMO,11,S34f69bdaf40f,2026模拟题/2026各区二模/2026东城二模/细则/26年东城二模20（3）.pdf,评分材料,正式评分材料,已排除（文件名指向他题）,仅有参考答案,0.0,20,考试身份同(BJ-2026-DC-ERMO)；文件名题号{20}与本题号不一致；未能在材料正文定位到第11题段，仅按同卷材料登记为候选；题干块6-gram重叠0.0000(题干315字/材料段0字)
BJ-2026-DC-ERMO-Q11,BJ-2026-DC-ERMO,11,Sc6d95d8dc945,2026模拟题/2026各区二模/2026东城二模/细则/东城二模 19题阅卷细则.pdf,评分材料,正式评分材料,已排除（文件名指向他题）,仅有参考答案,0.0,19,考试身份同(BJ-2026-DC-ERMO)；文件名题号{19}与本题号不一致；未能在材料正文定位到第11题段，仅按同卷材料登记为候选；题干块6-gram重叠0.0000(题干315字/材料段0字)
BJ-2026-DC-ERMO-Q11,BJ-2026-DC-ERMO,11,S05524582484d,2026模拟题/2026各区二模/2026东城二模/细则/二模21题细则模版.pdf,评分材料,正式评分材料,已排除（文件名指向他题）,仅有参考答案,0.0,21,考试身份同(BJ-2026-DC-ERMO)；文件名题号{21}与本题号不一致；未能在材料正文定位到第11题段，仅按同卷材料登记为候选；题干块6-gram重叠0.0000(题干315字/材料段0字)
BJ-2026-DC-ERMO-Q11,BJ-2026-DC-ERMO,11,Sc751cfa77650,2026模拟题/2026各区二模/2026东城二模/试卷/2026北京东城高三二模政治（教师版）.docx,教师版,参考答案,已匹配参考答案,仅有参考答案,1.0,,考试身份同(BJ-2026-DC-ERMO)；文件名未限定题号；正文定位方式=题号起首；题干块6-gram重叠1.0000(题干315字/材料段316字)
BJ-2026-DC-ERMO-Q12,BJ-2026-DC-ERMO,12,Sc4b3300418ae,2026模拟题/2026各区二模/2026东城二模/细则/16.pdf,评分材料,正式评分材料,存在候选,仅有参考答案,0.0,,考试身份同(BJ-2026-DC-ERMO)；文件名未限定题号；未能在材料正文定位到第12题段，仅按同卷材料登记为候选；题干块6-gram重叠0.0000(题干251字/材料段0字)
BJ-2026-DC-ERMO-Q12,BJ-2026-DC-ERMO,12,Se90ac6d5f3ee,2026模拟题/2026各区二模/2026东城二模/细则/17题评标.pdf,评分材料,正式评分材料,已排除（文件名指向他题）,仅有参考答案,0.0,17,考试身份同(BJ-2026-DC-ERMO)；文件名题号{17}与本题号不一致；未能在材料正文定位到第12题段，仅按同卷材料登记为候选；题干块6-gram重叠0.0000(题干251字/材料段0字)
BJ-2026-DC-ERMO-Q12,BJ-2026-DC-ERMO,12,Sd007267f6e1c,2026模拟题/2026各区二模/2026东城二模/细则/18题阅卷细则(5.9).pdf,评分材料,正式评分材料,已排除（文件名指向他题）,仅有参考答案,0.0,18,考试身份同(BJ-2026-DC-ERMO)；文件名题号{18}与本题号不一致；未能在材料正文定位到第12题段，仅按同卷材料登记为候选；题干块6-gram重叠0.0000(题干251字/材料段0字)
BJ-2026-DC-ERMO-Q12,BJ-2026-DC-ERMO,12,Sdb4b22917a3f,2026模拟题/2026各区二模/2026东城二模/细则/20题（1+2）.pdf,评分材料,正式评分材料,已排除（文件名指向他题）,仅有参考答案,0.0,20,考试身份同(BJ-2026-DC-ERMO)；文件名题号{20}与本题号不一致；未能在材料正文定位到第12题段，仅按同卷材料登记为候选；题干块6-gram重叠0.0000(题干251字/材料段0字)
BJ-2026-DC-ERMO-Q12,BJ-2026-DC-ERMO,12,S34f69bdaf40f,2026模拟题/2026各区二模/2026东城二模/细则/26年东城二模20（3）.pdf,评分材料,正式评分材料,已排除（文件名指向他题）,仅有参考答案,0.0,20,考试身份同(BJ-2026-DC-ERMO)；文件名题号{20}与本题号不一致；未能在材料正文定位到第12题段，仅按同卷材料登记为候选；题干块6-gram重叠0.0000(题干251字/材料段0字)
BJ-2026-DC-ERMO-Q12,BJ-2026-DC-ERMO,12,Sc6d95d8dc945,2026模拟题/2026各区二模/2026东城二模/细则/东城二模 19题阅卷细则.pdf,评分材料,正式评分材料,已排除（文件名指向他题）,仅有参考答案,0.0,19,考试身份同(BJ-2026-DC-ERMO)；文件名题号{19}与本题号不一致；未能在材料正文定位到第12题段，仅按同卷材料登记为候选；题干块6-gram重叠0.0000(题干251字/材料段0字)
BJ-2026-DC-ERMO-Q12,BJ-2026-DC-ERMO,12,S05524582484d,2026模拟题/2026各区二模/2026东城二模/细则/二模21题细则模版.pdf,评分材料,正式评分材料,已排除（文件名指向他题）,仅有参考答案,0.0,21,考试身份同(BJ-2026-DC-ERMO)；文件名题号{21}与本题号不一致；未能在材料正文定位到第12题段，仅按同卷材料登记为候选；题干块6-gram重叠0.0000(题干251字/材料段0字)
BJ-2026-DC-ERMO-Q12,BJ-2026-DC-ERMO,12,Sc751cfa77650,2026模拟题/2026各区二模/2026东城二模/试卷/2026北京东城高三二模政治（教师版）.docx,教师版,参考答案,已匹配参考答案,仅有参考答案,1.0,,考试身份同(BJ-2026-DC-ERMO)；文件名未限定题号；正文定位方式=题号起首；题干块6-gram重叠1.0000(题干251字/材料段252字)
BJ-2026-DC-ERMO-Q13,BJ-2026-DC-ERMO,13,Sc4b3300418ae,2026模拟题/2026各区二模/2026东城二模/细则/16.pdf,评分材料,正式评分材料,存在候选,存在候选,0.0,,考试身份同(BJ-2026-DC-ERMO)；文件名未限定题号；未能在材料正文定位到第13题段，仅按同卷材料登记为候选；题干块6-gram重叠0.0000(题干102字/材料段0字)
BJ-2026-DC-ERMO-Q13,BJ-2026-DC-ERMO,13,Se90ac6d5f3ee,2026模拟题/2026各区二模/2026东城二模/细则/17题评标.pdf,评分材料,正式评分材料,已排除（文件名指向他题）,存在候选,0.0,17,考试身份同(BJ-2026-DC-ERMO)；文件名题号{17}与本题号不一致；未能在材料正文定位到第13题段，仅按同卷材料登记为候选；题干块6-gram重叠0.0000(题干102字/材料段0字)
BJ-2026-DC-ERMO-Q13,BJ-2026-DC-ERMO,13,Sd007267f6e1c,2026模拟题/2026各区二模/2026东城二模/细则/18题阅卷细则(5.9).pdf,评分材料,正式评分材料,已排除（文件名指向他题）,存在候选,0.0,18,考试身份同(BJ-2026-DC-ERMO)；文件名题号{18}与本题号不一致；未能在材料正文定位到第13题段，仅按同卷材料登记为候选；题干块6-gram重叠0.0000(题干102字/材料段0字)
BJ-2026-DC-ERMO-Q13,BJ-2026-DC-ERMO,13,Sdb4b22917a3f,2026模拟题/2026各区二模/2026东城二模/细则/20题（1+2）.pdf,评分材料,正式评分材料,已排除（文件名指向他题）,存在候选,0.0,20,考试身份同(BJ-2026-DC-ERMO)；文件名题号{20}与本题号不一致；未能在材料正文定位到第13题段，仅按同卷材料登记为候选；题干块6-gram重叠0.0000(题干102字/材料段0字)
BJ-2026-DC-ERMO-Q13,BJ-2026-DC-ERMO,13,S34f69bdaf40f,2026模拟题/2026各区二模/2026东城二模/细则/26年东城二模20（3）.pdf,评分材料,正式评分材料,已排除（文件名指向他题）,存在候选,0.0,20,考试身份同(BJ-2026-DC-ERMO)；文件名题号{20}与本题号不一致；未能在材料正文定位到第13题段，仅按同卷材料登记为候选；题干块6-gram重叠0.0000(题干102字/材料段0字)
BJ-2026-DC-ERMO-Q13,BJ-2026-DC-ERMO,13,Sc6d95d8dc945,2026模拟题/2026各区二模/2026东城二模/细则/东城二模 19题阅卷细则.pdf,评分材料,正式评分材料,已排除（文件名指向他题）,存在候选,0.0,19,考试身份同(BJ-2026-DC-ERMO)；文件名题号{19}与本题号不一致；未能在材料正文定位到第13题段，仅按同卷材料登记为候选；题干块6-gram重叠0.0000(题干102字/材料段0字)
BJ-2026-DC-ERMO-Q13,BJ-2026-DC-ERMO,13,S05524582484d,2026模拟题/2026各区二模/2026东城二模/细则/二模21题细则模版.pdf,评分材料,正式评分材料,已排除（文件名指向他题）,存在候选,0.0,21,考试身份同(BJ-2026-DC-ERMO)；文件名题号{21}与本题号不一致；未能在材料正文定位到第13题段，仅按同卷材料登记为候选；题干块6-gram重叠0.0000(题干102字/材料段0字)
BJ-2026-DC-ERMO-Q13,BJ-2026-DC-ERMO,13,Sc751cfa77650,2026模拟题/2026各区二模/2026东城二模/试卷/2026北京东城高三二模政治（教师版）.docx,教师版,参考答案,存在候选,存在候选,1.0,,考试身份同(BJ-2026-DC-ERMO)；文件名未限定题号；正文定位方式=题号起首；题干块6-gram重叠1.0000(题干102字/材料段103字)
BJ-2026-DC-ERMO-Q14,BJ-2026-DC-ERMO,14,Sc4b3300418ae,2026模拟题/2026各区二模/2026东城二模/细则/16.pdf,评分材料,正式评分材料,存在候选,仅有参考答案,0.0,,考试身份同(BJ-2026-DC-ERMO)；文件名未限定题号；未能在材料正文定位到第14题段，仅按同卷材料登记为候选；题干块6-gram重叠0.0000(题干246字/材料段0字)
BJ-2026-DC-ERMO-Q14,BJ-2026-DC-ERMO,14,Se90ac6d5f3ee,2026模拟题/2026各区二模/2026东城二模/细则/17题评标.pdf,评分材料,正式评分材料,已排除（文件名指向他题）,仅有参考答案,0.0,17,考试身份同(BJ-2026-DC-ERMO)；文件名题号{17}与本题号不一致；未能在材料正文定位到第14题段，仅按同卷材料登记为候选；题干块6-gram重叠0.0000(题干246字/材料段0字)
BJ-2026-DC-ERMO-Q14,BJ-2026-DC-ERMO,14,Sd007267f6e1c,2026模拟题/2026各区二模/2026东城二模/细则/18题阅卷细则(5.9).pdf,评分材料,正式评分材料,已排除（文件名指向他题）,仅有参考答案,0.0,18,考试身份同(BJ-2026-DC-ERMO)；文件名题号{18}与本题号不一致；未能在材料正文定位到第14题段，仅按同卷材料登记为候选；题干块6-gram重叠0.0000(题干246字/材料段0字)
BJ-2026-DC-ERMO-Q14,BJ-2026-DC-ERMO,14,Sdb4b22917a3f,2026模拟题/2026各区二模/2026东城二模/细则/20题（1+2）.pdf,评分材料,正式评分材料,已排除（文件名指向他题）,仅有参考答案,0.0,20,考试身份同(BJ-2026-DC-ERMO)；文件名题号{20}与本题号不一致；未能在材料正文定位到第14题段，仅按同卷材料登记为候选；题干块6-gram重叠0.0000(题干246字/材料段0字)
BJ-2026-DC-ERMO-Q14,BJ-2026-DC-ERMO,14,S34f69bdaf40f,2026模拟题/2026各区二模/2026东城二模/细则/26年东城二模20（3）.pdf,评分材料,正式评分材料,已排除（文件名指向他题）,仅有参考答案,0.0,20,考试身份同(BJ-2026-DC-ERMO)；文件名题号{20}与本题号不一致；未能在材料正文定位到第14题段，仅按同卷材料登记为候选；题干块6-gram重叠0.0000(题干246字/材料段0字)
BJ-2026-DC-ERMO-Q14,BJ-2026-DC-ERMO,14,Sc6d95d8dc945,2026模拟题/2026各区二模/2026东城二模/细则/东城二模 19题阅卷细则.pdf,评分材料,正式评分材料,已排除（文件名指向他题）,仅有参考答案,0.0,19,考试身份同(BJ-2026-DC-ERMO)；文件名题号{19}与本题号不一致；未能在材料正文定位到第14题段，仅按同卷材料登记为候选；题干块6-gram重叠0.0000(题干246字/材料段0字)
BJ-2026-DC-ERMO-Q14,BJ-2026-DC-ERMO,14,S05524582484d,2026模拟题/2026各区二模/2026东城二模/细则/二模21题细则模版.pdf,评分材料,正式评分材料,已排除（文件名指向他题）,仅有参考答案,0.0,21,考试身份同(BJ-2026-DC-ERMO)；文件名题号{21}与本题号不一致；未能在材料正文定位到第14题段，仅按同卷材料登记为候选；题干块6-gram重叠0.0000(题干246字/材料段0字)
BJ-2026-DC-ERMO-Q14,BJ-2026-DC-ERMO,14,Sc751cfa77650,2026模拟题/2026各区二模/2026东城二模/试卷/2026北京东城高三二模政治（教师版）.docx,教师版,参考答案,已匹配参考答案,仅有参考答案,1.0,,考试身份同(BJ-2026-DC-ERMO)；文件名未限定题号；正文定位方式=题号起首；题干块6-gram重叠1.0000(题干246字/材料段247字)
BJ-2026-DC-ERMO-Q15,BJ-2026-DC-ERMO,15,Sc4b3300418ae,2026模拟题/2026各区二模/2026东城二模/细则/16.pdf,评分材料,正式评分材料,存在候选,仅有参考答案,0.0,,考试身份同(BJ-2026-DC-ERMO)；文件名未限定题号；未能在材料正文定位到第15题段，仅按同卷材料登记为候选；题干块6-gram重叠0.0000(题干235字/材料段0字)
BJ-2026-DC-ERMO-Q15,BJ-2026-DC-ERMO,15,Se90ac6d5f3ee,2026模拟题/2026各区二模/2026东城二模/细则/17题评标.pdf,评分材料,正式评分材料,已排除（文件名指向他题）,仅有参考答案,0.0,17,考试身份同(BJ-2026-DC-ERMO)；文件名题号{17}与本题号不一致；未能在材料正文定位到第15题段，仅按同卷材料登记为候选；题干块6-gram重叠0.0000(题干235字/材料段0字)
BJ-2026-DC-ERMO-Q15,BJ-2026-DC-ERMO,15,Sd007267f6e1c,2026模拟题/2026各区二模/2026东城二模/细则/18题阅卷细则(5.9).pdf,评分材料,正式评分材料,已排除（文件名指向他题）,仅有参考答案,0.0,18,考试身份同(BJ-2026-DC-ERMO)；文件名题号{18}与本题号不一致；未能在材料正文定位到第15题段，仅按同卷材料登记为候选；题干块6-gram重叠0.0000(题干235字/材料段0字)
BJ-2026-DC-ERMO-Q15,BJ-2026-DC-ERMO,15,Sdb4b22917a3f,2026模拟题/2026各区二模/2026东城二模/细则/20题（1+2）.pdf,评分材料,正式评分材料,已排除（文件名指向他题）,仅有参考答案,0.0,20,考试身份同(BJ-2026-DC-ERMO)；文件名题号{20}与本题号不一致；未能在材料正文定位到第15题段，仅按同卷材料登记为候选；题干块6-gram重叠0.0000(题干235字/材料段0字)
BJ-2026-DC-ERMO-Q15,BJ-2026-DC-ERMO,15,S34f69bdaf40f,2026模拟题/2026各区二模/2026东城二模/细则/26年东城二模20（3）.pdf,评分材料,正式评分材料,已排除（文件名指向他题）,仅有参考答案,0.0,20,考试身份同(BJ-2026-DC-ERMO)；文件名题号{20}与本题号不一致；未能在材料正文定位到第15题段，仅按同卷材料登记为候选；题干块6-gram重叠0.0000(题干235字/材料段0字)
BJ-2026-DC-ERMO-Q15,BJ-2026-DC-ERMO,15,Sc6d95d8dc945,2026模拟题/2026各区二模/2026东城二模/细则/东城二模 19题阅卷细则.pdf,评分材料,正式评分材料,已排除（文件名指向他题）,仅有参考答案,0.0,19,考试身份同(BJ-2026-DC-ERMO)；文件名题号{19}与本题号不一致；未能在材料正文定位到第15题段，仅按同卷材料登记为候选；题干块6-gram重叠0.0000(题干235字/材料段0字)
BJ-2026-DC-ERMO-Q15,BJ-2026-DC-ERMO,15,S05524582484d,2026模拟题/2026各区二模/2026东城二模/细则/二模21题细则模版.pdf,评分材料,正式评分材料,已排除（文件名指向他题）,仅有参考答案,0.0,21,考试身份同(BJ-2026-DC-ERMO)；文件名题号{21}与本题号不一致；未能在材料正文定位到第15题段，仅按同卷材料登记为候选；题干块6-gram重叠0.0000(题干235字/材料段0字)
BJ-2026-DC-ERMO-Q15,BJ-2026-DC-ERMO,15,Sc751cfa77650,2026模拟题/2026各区二模/2026东城二模/试卷/2026北京东城高三二模政治（教师版）.docx,教师版,参考答案,已匹配参考答案,仅有参考答案,1.0,,考试身份同(BJ-2026-DC-ERMO)；文件名未限定题号；正文定位方式=题号起首；题干块6-gram重叠1.0000(题干235字/材料段236字)
BJ-2026-DC-ERMO-Q19,BJ-2026-DC-ERMO,19,Sc4b3300418ae,2026模拟题/2026各区二模/2026东城二模/细则/16.pdf,评分材料,正式评分材料,存在候选,仅有参考答案,0.0,,考试身份同(BJ-2026-DC-ERMO)；文件名未限定题号；未能在材料正文定位到第19题段，仅按同卷材料登记为候选；题干块6-gram重叠0.0000(题干251字/材料段0字)；分值文本 8
BJ-2026-DC-ERMO-Q19,BJ-2026-DC-ERMO,19,Se90ac6d5f3ee,2026模拟题/2026各区二模/2026东城二模/细则/17题评标.pdf,评分材料,正式评分材料,已排除（文件名指向他题）,仅有参考答案,0.0,17,考试身份同(BJ-2026-DC-ERMO)；文件名题号{17}与本题号不一致；未能在材料正文定位到第19题段，仅按同卷材料登记为候选；题干块6-gram重叠0.0000(题干251字/材料段0字)；分值文本 8
BJ-2026-DC-ERMO-Q19,BJ-2026-DC-ERMO,19,Sd007267f6e1c,2026模拟题/2026各区二模/2026东城二模/细则/18题阅卷细则(5.9).pdf,评分材料,正式评分材料,已排除（文件名指向他题）,仅有参考答案,0.0,18,考试身份同(BJ-2026-DC-ERMO)；文件名题号{18}与本题号不一致；未能在材料正文定位到第19题段，仅按同卷材料登记为候选；题干块6-gram重叠0.0000(题干251字/材料段0字)；分值文本 8
BJ-2026-DC-ERMO-Q19,BJ-2026-DC-ERMO,19,Sdb4b22917a3f,2026模拟题/2026各区二模/2026东城二模/细则/20题（1+2）.pdf,评分材料,正式评分材料,已排除（文件名指向他题）,仅有参考答案,0.0,20,考试身份同(BJ-2026-DC-ERMO)；文件名题号{20}与本题号不一致；未能在材料正文定位到第19题段，仅按同卷材料登记为候选；题干块6-gram重叠0.0000(题干251字/材料段0字)；分值文本 8
BJ-2026-DC-ERMO-Q19,BJ-2026-DC-ERMO,19,S34f69bdaf40f,2026模拟题/2026各区二模/2026东城二模/细则/26年东城二模20（3）.pdf,评分材料,正式评分材料,已排除（文件名指向他题）,仅有参考答案,0.0,20,考试身份同(BJ-2026-DC-ERMO)；文件名题号{20}与本题号不一致；未能在材料正文定位到第19题段，仅按同卷材料登记为候选；题干块6-gram重叠0.0000(题干251字/材料段0字)；分值文本 8
BJ-2026-DC-ERMO-Q19,BJ-2026-DC-ERMO,19,Sc6d95d8dc945,2026模拟题/2026各区二模/2026东城二模/细则/东城二模 19题阅卷细则.pdf,评分材料,正式评分材料,存在候选,仅有参考答案,0.0,19,考试身份同(BJ-2026-DC-ERMO)；文件名题号{19}与本题号一致；正文定位方式=文件名限定本题号；题干块6-gram重叠0.0000(题干251字/材料段759字)；分值文本 8
BJ-2026-DC-ERMO-Q19,BJ-2026-DC-ERMO,19,S05524582484d,2026模拟题/2026各区二模/2026东城二模/细则/二模21题细则模版.pdf,评分材料,正式评分材料,已排除（文件名指向他题）,仅有参考答案,0.0,21,考试身份同(BJ-2026-DC-ERMO)；文件名题号{21}与本题号不一致；未能在材料正文定位到第19题段，仅按同卷材料登记为候选；题干块6-gram重叠0.0000(题干251字/材料段0字)；分值文本 8
BJ-2026-DC-ERMO-Q19,BJ-2026-DC-ERMO,19,Sc751cfa77650,2026模拟题/2026各区二模/2026东城二模/试卷/2026北京东城高三二模政治（教师版）.docx,教师版,参考答案,已匹配参考答案,仅有参考答案,1.0,,考试身份同(BJ-2026-DC-ERMO)；文件名未限定题号；正文定位方式=题号起首；题干块6-gram重叠1.0000(题干251字/材料段252字)；分值文本 8
BJ-2026-FT-ERMO-Q2,BJ-2026-FT-ERMO,2,S10275a1dafa3,2026模拟题/2026各区二模/2026丰台二模/细则/2026丰台区二模主观题阅卷细则(1).pptx,评分材料,正式评分材料,已匹配正式材料,已匹配正式材料,1.0,,考试身份同(BJ-2026-FT-ERMO)；文件名未限定题号；正文定位方式=题号起首；题干块6-gram重叠1.0000(题干81字/材料段120字)；同题另一来源块状态较弱(存在候选)，已按最强状态归并
BJ-2026-FT-ERMO-Q2,BJ-2026-FT-ERMO,2,Sf7b3a73c9296,2026模拟题/2026各区二模/2026丰台二模/试卷/2026北京丰台高三二模政治（教师版）.pdf,教师版,参考答案,存在候选,已匹配正式材料,0.0,,考试身份同(BJ-2026-FT-ERMO)；文件名未限定题号；未能在材料正文定位到第2题段，仅按同卷材料登记为候选；题干块6-gram重叠0.0000(题干81字/材料段0字)；同题另一来源块状态较弱(存在候选)，已按最强状态归并
BJ-2026-FT-ERMO-Q3,BJ-2026-FT-ERMO,3,S10275a1dafa3,2026模拟题/2026各区二模/2026丰台二模/细则/2026丰台区二模主观题阅卷细则(1).pptx,评分材料,正式评分材料,已匹配正式材料,已匹配正式材料,1.0,,考试身份同(BJ-2026-FT-ERMO)；文件名未限定题号；正文定位方式=题号起首；题干块6-gram重叠1.0000(题干951字/材料段3573字)；同题另一来源块状态较弱(存在候选)，已按最强状态归并
BJ-2026-FT-ERMO-Q3,BJ-2026-FT-ERMO,3,Sf7b3a73c9296,2026模拟题/2026各区二模/2026丰台二模/试卷/2026北京丰台高三二模政治（教师版）.pdf,教师版,参考答案,存在候选,已匹配正式材料,0.0,,考试身份同(BJ-2026-FT-ERMO)；文件名未限定题号；未能在材料正文定位到第3题段，仅按同卷材料登记为候选；题干块6-gram重叠0.0000(题干951字/材料段0字)；同题另一来源块状态较弱(存在候选)，已按最强状态归并
BJ-2026-FT-ERMO-Q5,BJ-2026-FT-ERMO,5,S10275a1dafa3,2026模拟题/2026各区二模/2026丰台二模/细则/2026丰台区二模主观题阅卷细则(1).pptx,评分材料,正式评分材料,已匹配正式材料,已匹配正式材料,1.0,,考试身份同(BJ-2026-FT-ERMO)；文件名未限定题号；正文定位方式=题号起首；题干块6-gram重叠1.0000(题干458字/材料段4000字)；同题另一来源块状态较弱(存在候选)，已按最强状态归并
BJ-2026-FT-ERMO-Q5,BJ-2026-FT-ERMO,5,Sf7b3a73c9296,2026模拟题/2026各区二模/2026丰台二模/试卷/2026北京丰台高三二模政治（教师版）.pdf,教师版,参考答案,存在候选,已匹配正式材料,0.0,,考试身份同(BJ-2026-FT-ERMO)；文件名未限定题号；未能在材料正文定位到第5题段，仅按同卷材料登记为候选；题干块6-gram重叠0.0000(题干458字/材料段0字)；同题另一来源块状态较弱(存在候选)，已按最强状态归并
BJ-2026-FT-ERMO-Q16,BJ-2026-FT-ERMO,16,S10275a1dafa3,2026模拟题/2026各区二模/2026丰台二模/细则/2026丰台区二模主观题阅卷细则(1).pptx,评分材料,正式评分材料,已匹配正式材料,已匹配正式材料,1.0,,考试身份同(BJ-2026-FT-ERMO)；文件名未限定题号；正文定位方式=题号起首；题干块6-gram重叠1.0000(题干268字/材料段275字)；分值文本 6；同题另一来源块状态较弱(存在候选)，已按最强状态归并
BJ-2026-FT-ERMO-Q16,BJ-2026-FT-ERMO,16,Sf7b3a73c9296,2026模拟题/2026各区二模/2026丰台二模/试卷/2026北京丰台高三二模政治（教师版）.pdf,教师版,参考答案,存在候选,已匹配正式材料,0.0,,考试身份同(BJ-2026-FT-ERMO)；文件名未限定题号；未能在材料正文定位到第16题段，仅按同卷材料登记为候选；题干块6-gram重叠0.0000(题干268字/材料段0字)；分值文本 6；同题另一来源块状态较弱(存在候选)，已按最强状态归并
BJ-2026-FT-ERMO-Q17,BJ-2026-FT-ERMO,17,S10275a1dafa3,2026模拟题/2026各区二模/2026丰台二模/细则/2026丰台区二模主观题阅卷细则(1).pptx,评分材料,正式评分材料,已匹配正式材料,已匹配正式材料,1.0,,考试身份同(BJ-2026-FT-ERMO)；文件名未限定题号；正文定位方式=题号起首；题干块6-gram重叠1.0000(题干2090字/材料段2338字)；分值文本 8；同题另一来源块状态较弱(存在候选)，已按最强状态归并
BJ-2026-FT-ERMO-Q17,BJ-2026-FT-ERMO,17,Sf7b3a73c9296,2026模拟题/2026各区二模/2026丰台二模/试卷/2026北京丰台高三二模政治（教师版）.pdf,教师版,参考答案,存在候选,已匹配正式材料,0.0,,考试身份同(BJ-2026-FT-ERMO)；文件名未限定题号；未能在材料正文定位到第17题段，仅按同卷材料登记为候选；题干块6-gram重叠0.0000(题干2090字/材料段0字)；分值文本 8；同题另一来源块状态较弱(存在候选)，已按最强状态归并
BJ-2026-FT-ERMO-Q18,BJ-2026-FT-ERMO,18,S10275a1dafa3,2026模拟题/2026各区二模/2026丰台二模/细则/2026丰台区二模主观题阅卷细则(1).pptx,评分材料,正式评分材料,已匹配正式材料,已匹配正式材料,1.0,,考试身份同(BJ-2026-FT-ERMO)；文件名未限定题号；正文定位方式=题号起首；题干块6-gram重叠1.0000(题干1658字/材料段2032字)；分值文本 8
BJ-2026-FT-ERMO-Q18,BJ-2026-FT-ERMO,18,Sf7b3a73c9296,2026模拟题/2026各区二模/2026丰台二模/试卷/2026北京丰台高三二模政治（教师版）.pdf,教师版,参考答案,存在候选,已匹配正式材料,0.0,,考试身份同(BJ-2026-FT-ERMO)；文件名未限定题号；未能在材料正文定位到第18题段，仅按同卷材料登记为候选；题干块6-gram重叠0.0000(题干1658字/材料段0字)；分值文本 8
BJ-2026-FT-ERMO-Q19,BJ-2026-FT-ERMO,19,S10275a1dafa3,2026模拟题/2026各区二模/2026丰台二模/细则/2026丰台区二模主观题阅卷细则(1).pptx,评分材料,正式评分材料,已匹配正式材料,已匹配正式材料,1.0,,考试身份同(BJ-2026-FT-ERMO)；文件名未限定题号；正文定位方式=题号起首；题干块6-gram重叠1.0000(题干1839字/材料段3206字)；分值文本 8；同题另一来源块状态较弱(存在候选)，已按最强状态归并
BJ-2026-FT-ERMO-Q19,BJ-2026-FT-ERMO,19,Sf7b3a73c9296,2026模拟题/2026各区二模/2026丰台二模/试卷/2026北京丰台高三二模政治（教师版）.pdf,教师版,参考答案,存在候选,已匹配正式材料,0.0,,考试身份同(BJ-2026-FT-ERMO)；文件名未限定题号；未能在材料正文定位到第19题段，仅按同卷材料登记为候选；题干块6-gram重叠0.0000(题干1839字/材料段0字)；分值文本 8；同题另一来源块状态较弱(存在候选)，已按最强状态归并
BJ-2026-FT-ERMO-Q21,BJ-2026-FT-ERMO,21,S10275a1dafa3,2026模拟题/2026各区二模/2026丰台二模/细则/2026丰台区二模主观题阅卷细则(1).pptx,评分材料,正式评分材料,已匹配正式材料,已匹配正式材料,1.0,,考试身份同(BJ-2026-FT-ERMO)；文件名未限定题号；正文定位方式=题号起首；题干块6-gram重叠1.0000(题干1703字/材料段1704字)；分值文本 6
BJ-2026-FT-ERMO-Q21,BJ-2026-FT-ERMO,21,Sf7b3a73c9296,2026模拟题/2026各区二模/2026丰台二模/试卷/2026北京丰台高三二模政治（教师版）.pdf,教师版,参考答案,存在候选,已匹配正式材料,0.0,,考试身份同(BJ-2026-FT-ERMO)；文件名未限定题号；未能在材料正文定位到第21题段，仅按同卷材料登记为候选；题干块6-gram重叠0.0000(题干1703字/材料段0字)；分值文本 6
BJ-2026-FT-ERMO-Q22,BJ-2026-FT-ERMO,22,S10275a1dafa3,2026模拟题/2026各区二模/2026丰台二模/细则/2026丰台区二模主观题阅卷细则(1).pptx,评分材料,正式评分材料,已匹配正式材料,已匹配正式材料,1.0,,考试身份同(BJ-2026-FT-ERMO)；文件名未限定题号；正文定位方式=题号起首；题干块6-gram重叠1.0000(题干3035字/材料段3309字)；分值文本 9；同题另一来源块状态较弱(存在候选)，已按最强状态归并
BJ-2026-FT-ERMO-Q22,BJ-2026-FT-ERMO,22,Sf7b3a73c9296,2026模拟题/2026各区二模/2026丰台二模/试卷/2026北京丰台高三二模政治（教师版）.pdf,教师版,参考答案,存在候选,已匹配正式材料,0.0,,考试身份同(BJ-2026-FT-ERMO)；文件名未限定题号；未能在材料正文定位到第22题段，仅按同卷材料登记为候选；题干块6-gram重叠0.0000(题干3035字/材料段0字)；分值文本 9；同题另一来源块状态较弱(存在候选)，已按最强状态归并
BJ-2026-FT-ERMO-Q1,BJ-2026-FT-ERMO,1,S10275a1dafa3,2026模拟题/2026各区二模/2026丰台二模/细则/2026丰台区二模主观题阅卷细则(1).pptx,评分材料,正式评分材料,存在候选,存在候选,0.0,,考试身份同(BJ-2026-FT-ERMO)；文件名未限定题号；正文定位方式=题号起首；题干块6-gram重叠0.0000(题干246字/材料段7字)
BJ-2026-FT-ERMO-Q1,BJ-2026-FT-ERMO,1,Sf7b3a73c9296,2026模拟题/2026各区二模/2026丰台二模/试卷/2026北京丰台高三二模政治（教师版）.pdf,教师版,参考答案,存在候选,存在候选,0.0,,考试身份同(BJ-2026-FT-ERMO)；文件名未限定题号；未能在材料正文定位到第1题段，仅按同卷材料登记为候选；题干块6-gram重叠0.0000(题干246字/材料段0字)
BJ-2026-FT-ERMO-Q4,BJ-2026-FT-ERMO,4,S10275a1dafa3,2026模拟题/2026各区二模/2026丰台二模/细则/2026丰台区二模主观题阅卷细则(1).pptx,评分材料,正式评分材料,存在候选,存在候选,0.0,,考试身份同(BJ-2026-FT-ERMO)；文件名未限定题号；正文定位方式=题号起首；题干块6-gram重叠0.0000(题干304字/材料段990字)
BJ-2026-FT-ERMO-Q4,BJ-2026-FT-ERMO,4,Sf7b3a73c9296,2026模拟题/2026各区二模/2026丰台二模/试卷/2026北京丰台高三二模政治（教师版）.pdf,教师版,参考答案,存在候选,存在候选,0.0,,考试身份同(BJ-2026-FT-ERMO)；文件名未限定题号；未能在材料正文定位到第4题段，仅按同卷材料登记为候选；题干块6-gram重叠0.0000(题干304字/材料段0字)
BJ-2026-FT-ERMO-Q6,BJ-2026-FT-ERMO,6,S10275a1dafa3,2026模拟题/2026各区二模/2026丰台二模/细则/2026丰台区二模主观题阅卷细则(1).pptx,评分材料,正式评分材料,存在候选,存在候选,0.0,,考试身份同(BJ-2026-FT-ERMO)；文件名未限定题号；未能在材料正文定位到第6题段，仅按同卷材料登记为候选；题干块6-gram重叠0.0000(题干190字/材料段0字)
BJ-2026-FT-ERMO-Q6,BJ-2026-FT-ERMO,6,Sf7b3a73c9296,2026模拟题/2026各区二模/2026丰台二模/试卷/2026北京丰台高三二模政治（教师版）.pdf,教师版,参考答案,存在候选,存在候选,0.0,,考试身份同(BJ-2026-FT-ERMO)；文件名未限定题号；未能在材料正文定位到第6题段，仅按同卷材料登记为候选；题干块6-gram重叠0.0000(题干190字/材料段0字)
BJ-2026-FT-ERMO-Q7,BJ-2026-FT-ERMO,7,S10275a1dafa3,2026模拟题/2026各区二模/2026丰台二模/细则/2026丰台区二模主观题阅卷细则(1).pptx,评分材料,正式评分材料,存在候选,存在候选,0.0,,考试身份同(BJ-2026-FT-ERMO)；文件名未限定题号；未能在材料正文定位到第7题段，仅按同卷材料登记为候选；题干块6-gram重叠0.0000(题干459字/材料段0字)
BJ-2026-FT-ERMO-Q7,BJ-2026-FT-ERMO,7,Sf7b3a73c9296,2026模拟题/2026各区二模/2026丰台二模/试卷/2026北京丰台高三二模政治（教师版）.pdf,教师版,参考答案,存在候选,存在候选,0.0,,考试身份同(BJ-2026-FT-ERMO)；文件名未限定题号；未能在材料正文定位到第7题段，仅按同卷材料登记为候选；题干块6-gram重叠0.0000(题干459字/材料段0字)
BJ-2026-FT-ERMO-Q14,BJ-2026-FT-ERMO,14,S10275a1dafa3,2026模拟题/2026各区二模/2026丰台二模/细则/2026丰台区二模主观题阅卷细则(1).pptx,评分材料,正式评分材料,存在候选,存在候选,0.0,,考试身份同(BJ-2026-FT-ERMO)；文件名未限定题号；未能在材料正文定位到第14题段，仅按同卷材料登记为候选；题干块6-gram重叠0.0000(题干326字/材料段0字)
BJ-2026-FT-ERMO-Q14,BJ-2026-FT-ERMO,14,Sf7b3a73c9296,2026模拟题/2026各区二模/2026丰台二模/试卷/2026北京丰台高三二模政治（教师版）.pdf,教师版,参考答案,存在候选,存在候选,0.0,,考试身份同(BJ-2026-FT-ERMO)；文件名未限定题号；未能在材料正文定位到第14题段，仅按同卷材料登记为候选；题干块6-gram重叠0.0000(题干326字/材料段0字)
BJ-2026-FT-ERMO-Q15,BJ-2026-FT-ERMO,15,S10275a1dafa3,2026模拟题/2026各区二模/2026丰台二模/细则/2026丰台区二模主观题阅卷细则(1).pptx,评分材料,正式评分材料,存在候选,存在候选,0.0,,考试身份同(BJ-2026-FT-ERMO)；文件名未限定题号；未能在材料正文定位到第15题段，仅按同卷材料登记为候选；题干块6-gram重叠0.0000(题干530字/材料段0字)
BJ-2026-FT-ERMO-Q15,BJ-2026-FT-ERMO,15,Sf7b3a73c9296,2026模拟题/2026各区二模/2026丰台二模/试卷/2026北京丰台高三二模政治（教师版）.pdf,教师版,参考答案,存在候选,存在候选,0.0,,考试身份同(BJ-2026-FT-ERMO)；文件名未限定题号；未能在材料正文定位到第15题段，仅按同卷材料登记为候选；题干块6-gram重叠0.0000(题干530字/材料段0字)
BJ-2026-FS-ERMO-Q17,BJ-2026-FS-ERMO,17,S51621a4abaad,2026模拟题/2026各区二模/2026房山二模/细则/26房山评标(2).docx,评分材料,正式评分材料,已匹配正式材料,已匹配正式材料,1.0,,考试身份同(BJ-2026-FS-ERMO)；文件名未限定题号；正文定位方式=题号起首；题干块6-gram重叠1.0000(题干419字/材料段422字)；分值文本 8；同题另一来源块状态较弱(已匹配正式材料)，已按最强状态归并；同题另一来源块状态较弱(已匹配正式材料)，已按最强状态归并；同题另一来源块状态较弱(已匹配正式材料)，已按最强状态归并；同题另一来源块状态较弱(存在候选)，已按最强状态归并；同题另一来源块状态较弱(存在候选)，已按最强状态归并
BJ-2026-FS-ERMO-Q17,BJ-2026-FS-ERMO,17,Sffe050fd8f7e,2026模拟题/2026各区二模/2026房山二模/试卷/2026北京房山高三二模政治（教师版）.pdf,教师版,参考答案,已匹配参考答案,已匹配正式材料,0.9691,,考试身份同(BJ-2026-FS-ERMO)；文件名未限定题号；正文定位方式=题号起首；题干块6-gram重叠0.9691(题干419字/材料段422字)；分值文本 8；同题另一来源块状态较弱(已匹配参考答案)，已按最强状态归并；同题另一来源块状态较弱(存在候选)，已按最强状态归并
BJ-2026-FS-ERMO-Q18,BJ-2026-FS-ERMO,18,S51621a4abaad,2026模拟题/2026各区二模/2026房山二模/细则/26房山评标(2).docx,评分材料,正式评分材料,已匹配正式材料,已匹配正式材料,1.0,,考试身份同(BJ-2026-FS-ERMO)；文件名未限定题号；正文定位方式=题号起首；题干块6-gram重叠1.0000(题干760字/材料段762字)；分值文本 7；同题另一来源块状态较弱(已匹配正式材料)，已按最强状态归并；同题另一来源块状态较弱(已匹配正式材料)，已按最强状态归并；同题另一来源块状态较弱(已匹配正式材料)，已按最强状态归并；同题另一来源块状态较弱(存在候选)，已按最强状态归并；同题另一来源块状态较弱(存在候选)，已按最强状态归并
BJ-2026-FS-ERMO-Q18,BJ-2026-FS-ERMO,18,Sffe050fd8f7e,2026模拟题/2026各区二模/2026房山二模/试卷/2026北京房山高三二模政治（教师版）.pdf,教师版,参考答案,已匹配参考答案,已匹配正式材料,0.7822,,考试身份同(BJ-2026-FS-ERMO)；文件名未限定题号；正文定位方式=题号起首；题干块6-gram重叠0.7822(题干760字/材料段504字)；分值文本 7；同题另一来源块状态较弱(已匹配参考答案)，已按最强状态归并；同题另一来源块状态较弱(存在候选)，已按最强状态归并
BJ-2026-FS-ERMO-Q19,BJ-2026-FS-ERMO,19,S51621a4abaad,2026模拟题/2026各区二模/2026房山二模/细则/26房山评标(2).docx,评分材料,正式评分材料,已匹配正式材料,已匹配正式材料,1.0,,考试身份同(BJ-2026-FS-ERMO)；文件名未限定题号；正文定位方式=题号起首；题干块6-gram重叠1.0000(题干1386字/材料段2307字)；分值文本 6；同题另一来源块状态较弱(已匹配正式材料)，已按最强状态归并；同题另一来源块状态较弱(已匹配正式材料)，已按最强状态归并；同题另一来源块状态较弱(已匹配正式材料)，已按最强状态归并
BJ-2026-FS-ERMO-Q19,BJ-2026-FS-ERMO,19,Sffe050fd8f7e,2026模拟题/2026各区二模/2026房山二模/试卷/2026北京房山高三二模政治（教师版）.pdf,教师版,参考答案,已匹配参考答案,已匹配正式材料,0.4345,,考试身份同(BJ-2026-FS-ERMO)；文件名未限定题号；正文定位方式=题号起首；题干块6-gram重叠0.4345(题干1386字/材料段580字)；分值文本 6；同题另一来源块状态较弱(已匹配参考答案)，已按最强状态归并
BJ-2026-FS-ERMO-Q21,BJ-2026-FS-ERMO,21,S51621a4abaad,2026模拟题/2026各区二模/2026房山二模/细则/26房山评标(2).docx,评分材料,正式评分材料,已匹配正式材料,已匹配正式材料,1.0,,考试身份同(BJ-2026-FS-ERMO)；文件名未限定题号；正文定位方式=题号起首；题干块6-gram重叠1.0000(题干917字/材料段937字)；分值文本 10；同题另一来源块状态较弱(已匹配正式材料)，已按最强状态归并；同题另一来源块状态较弱(已匹配正式材料)，已按最强状态归并；同题另一来源块状态较弱(已匹配正式材料)，已按最强状态归并；同题另一来源块状态较弱(存在候选)，已按最强状态归并；同题另一来源块状态较弱(存在候选)，已按最强状态归并
BJ-2026-FS-ERMO-Q21,BJ-2026-FS-ERMO,21,Sffe050fd8f7e,2026模拟题/2026各区二模/2026房山二模/试卷/2026北京房山高三二模政治（教师版）.pdf,教师版,参考答案,已匹配参考答案,已匹配正式材料,0.8266,,考试身份同(BJ-2026-FS-ERMO)；文件名未限定题号；正文定位方式=题号起首；题干块6-gram重叠0.8266(题干917字/材料段728字)；分值文本 10；同题另一来源块状态较弱(已匹配参考答案)，已按最强状态归并；同题另一来源块状态较弱(存在候选)，已按最强状态归并
BJ-2026-FS-ERMO-Q16,BJ-2026-FS-ERMO,16,S51621a4abaad,2026模拟题/2026各区二模/2026房山二模/细则/26房山评标(2).docx,评分材料,正式评分材料,存在候选,仅有参考答案,0.0,,考试身份同(BJ-2026-FS-ERMO)；文件名未限定题号；未能在材料正文定位到第16题段，仅按同卷材料登记为候选；题干块6-gram重叠0.0000(题干707字/材料段0字)；分值文本 8；同题另一来源块状态较弱(存在候选)，已按最强状态归并；同题另一来源块状态较弱(存在候选)，已按最强状态归并；同题另一来源块状态较弱(存在候选)，已按最强状态归并
BJ-2026-FS-ERMO-Q16,BJ-2026-FS-ERMO,16,Sffe050fd8f7e,2026模拟题/2026各区二模/2026房山二模/试卷/2026北京房山高三二模政治（教师版）.pdf,教师版,参考答案,已匹配参考答案,仅有参考答案,1.0,,考试身份同(BJ-2026-FS-ERMO)；文件名未限定题号；正文定位方式=题号起首；题干块6-gram重叠1.0000(题干707字/材料段707字)；分值文本 8；同题另一来源块状态较弱(存在候选)，已按最强状态归并
BJ-2026-FS-ERMO-Q20,BJ-2026-FS-ERMO,20,S51621a4abaad,2026模拟题/2026各区二模/2026房山二模/细则/26房山评标(2).docx,评分材料,正式评分材料,存在候选,仅有参考答案,0.0,,考试身份同(BJ-2026-FS-ERMO)；文件名未限定题号；未能在材料正文定位到第20题段，仅按同卷材料登记为候选；题干块6-gram重叠0.0000(题干337字/材料段0字)；分值文本 8；同题另一来源块状态较弱(存在候选)，已按最强状态归并；同题另一来源块状态较弱(存在候选)，已按最强状态归并；同题另一来源块状态较弱(存在候选)，已按最强状态归并
BJ-2026-FS-ERMO-Q20,BJ-2026-FS-ERMO,20,Sffe050fd8f7e,2026模拟题/2026各区二模/2026房山二模/试卷/2026北京房山高三二模政治（教师版）.pdf,教师版,参考答案,已匹配参考答案,仅有参考答案,1.0,,考试身份同(BJ-2026-FS-ERMO)；文件名未限定题号；正文定位方式=题号起首；题干块6-gram重叠1.0000(题干337字/材料段338字)；分值文本 8；同题另一来源块状态较弱(存在候选)，已按最强状态归并
BJ-2026-FS-ERMO-Q2,BJ-2026-FS-ERMO,2,S51621a4abaad,2026模拟题/2026各区二模/2026房山二模/细则/26房山评标(2).docx,评分材料,正式评分材料,存在候选,存在候选,0.0,,考试身份同(BJ-2026-FS-ERMO)；文件名未限定题号；未能在材料正文定位到第2题段，仅按同卷材料登记为候选；题干块6-gram重叠0.0000(题干302字/材料段0字)；同题另一来源块状态较弱(存在候选)，已按最强状态归并
BJ-2026-FS-ERMO-Q2,BJ-2026-FS-ERMO,2,Sffe050fd8f7e,2026模拟题/2026各区二模/2026房山二模/试卷/2026北京房山高三二模政治（教师版）.pdf,教师版,参考答案,存在候选,存在候选,0.0,,考试身份同(BJ-2026-FS-ERMO)；文件名未限定题号；未能在材料正文定位到第2题段，仅按同卷材料登记为候选；题干块6-gram重叠0.0000(题干302字/材料段0字)
BJ-2026-FS-ERMO-Q3,BJ-2026-FS-ERMO,3,S51621a4abaad,2026模拟题/2026各区二模/2026房山二模/细则/26房山评标(2).docx,评分材料,正式评分材料,存在候选,存在候选,0.0,,考试身份同(BJ-2026-FS-ERMO)；文件名未限定题号；未能在材料正文定位到第3题段，仅按同卷材料登记为候选；题干块6-gram重叠0.0000(题干671字/材料段0字)；同题另一来源块状态较弱(存在候选)，已按最强状态归并
BJ-2026-FS-ERMO-Q3,BJ-2026-FS-ERMO,3,Sffe050fd8f7e,2026模拟题/2026各区二模/2026房山二模/试卷/2026北京房山高三二模政治（教师版）.pdf,教师版,参考答案,存在候选,存在候选,0.0,,考试身份同(BJ-2026-FS-ERMO)；文件名未限定题号；未能在材料正文定位到第3题段，仅按同卷材料登记为候选；题干块6-gram重叠0.0000(题干671字/材料段0字)
BJ-2026-FS-ERMO-Q5,BJ-2026-FS-ERMO,5,S51621a4abaad,2026模拟题/2026各区二模/2026房山二模/细则/26房山评标(2).docx,评分材料,正式评分材料,存在候选,存在候选,0.0,,考试身份同(BJ-2026-FS-ERMO)；文件名未限定题号；未能在材料正文定位到第5题段，仅按同卷材料登记为候选；题干块6-gram重叠0.0000(题干375字/材料段0字)；同题另一来源块状态较弱(存在候选)，已按最强状态归并
BJ-2026-FS-ERMO-Q5,BJ-2026-FS-ERMO,5,Sffe050fd8f7e,2026模拟题/2026各区二模/2026房山二模/试卷/2026北京房山高三二模政治（教师版）.pdf,教师版,参考答案,存在候选,存在候选,0.0,,考试身份同(BJ-2026-FS-ERMO)；文件名未限定题号；未能在材料正文定位到第5题段，仅按同卷材料登记为候选；题干块6-gram重叠0.0000(题干375字/材料段0字)
BJ-2026-FS-ERMO-Q6,BJ-2026-FS-ERMO,6,S51621a4abaad,2026模拟题/2026各区二模/2026房山二模/细则/26房山评标(2).docx,评分材料,正式评分材料,存在候选,存在候选,0.0,,考试身份同(BJ-2026-FS-ERMO)；文件名未限定题号；未能在材料正文定位到第6题段，仅按同卷材料登记为候选；题干块6-gram重叠0.0000(题干294字/材料段0字)；同题另一来源块状态较弱(存在候选)，已按最强状态归并
BJ-2026-FS-ERMO-Q6,BJ-2026-FS-ERMO,6,Sffe050fd8f7e,2026模拟题/2026各区二模/2026房山二模/试卷/2026北京房山高三二模政治（教师版）.pdf,教师版,参考答案,存在候选,存在候选,0.0,,考试身份同(BJ-2026-FS-ERMO)；文件名未限定题号；未能在材料正文定位到第6题段，仅按同卷材料登记为候选；题干块6-gram重叠0.0000(题干294字/材料段0字)
BJ-2026-FS-ERMO-Q7,BJ-2026-FS-ERMO,7,S51621a4abaad,2026模拟题/2026各区二模/2026房山二模/细则/26房山评标(2).docx,评分材料,正式评分材料,存在候选,存在候选,0.0,,考试身份同(BJ-2026-FS-ERMO)；文件名未限定题号；未能在材料正文定位到第7题段，仅按同卷材料登记为候选；题干块6-gram重叠0.0000(题干469字/材料段0字)；同题另一来源块状态较弱(存在候选)，已按最强状态归并
BJ-2026-FS-ERMO-Q7,BJ-2026-FS-ERMO,7,Sffe050fd8f7e,2026模拟题/2026各区二模/2026房山二模/试卷/2026北京房山高三二模政治（教师版）.pdf,教师版,参考答案,存在候选,存在候选,0.0,,考试身份同(BJ-2026-FS-ERMO)；文件名未限定题号；未能在材料正文定位到第7题段，仅按同卷材料登记为候选；题干块6-gram重叠0.0000(题干469字/材料段0字)
BJ-2026-FS-ERMO-Q8,BJ-2026-FS-ERMO,8,S51621a4abaad,2026模拟题/2026各区二模/2026房山二模/细则/26房山评标(2).docx,评分材料,正式评分材料,存在候选,存在候选,0.0,,考试身份同(BJ-2026-FS-ERMO)；文件名未限定题号；未能在材料正文定位到第8题段，仅按同卷材料登记为候选；题干块6-gram重叠0.0000(题干1045字/材料段0字)；同题另一来源块状态较弱(存在候选)，已按最强状态归并
BJ-2026-FS-ERMO-Q8,BJ-2026-FS-ERMO,8,Sffe050fd8f7e,2026模拟题/2026各区二模/2026房山二模/试卷/2026北京房山高三二模政治（教师版）.pdf,教师版,参考答案,存在候选,存在候选,0.0,,考试身份同(BJ-2026-FS-ERMO)；文件名未限定题号；未能在材料正文定位到第8题段，仅按同卷材料登记为候选；题干块6-gram重叠0.0000(题干1045字/材料段0字)
BJ-2026-FS-ERMO-Q12,BJ-2026-FS-ERMO,12,S51621a4abaad,2026模拟题/2026各区二模/2026房山二模/细则/26房山评标(2).docx,评分材料,正式评分材料,存在候选,存在候选,0.0,,考试身份同(BJ-2026-FS-ERMO)；文件名未限定题号；未能在材料正文定位到第12题段，仅按同卷材料登记为候选；题干块6-gram重叠0.0000(题干562字/材料段0字)；同题另一来源块状态较弱(存在候选)，已按最强状态归并
BJ-2026-FS-ERMO-Q12,BJ-2026-FS-ERMO,12,Sffe050fd8f7e,2026模拟题/2026各区二模/2026房山二模/试卷/2026北京房山高三二模政治（教师版）.pdf,教师版,参考答案,存在候选,存在候选,0.0,,考试身份同(BJ-2026-FS-ERMO)；文件名未限定题号；未能在材料正文定位到第12题段，仅按同卷材料登记为候选；题干块6-gram重叠0.0000(题干562字/材料段0字)
BJ-2026-FS-ERMO-Q14,BJ-2026-FS-ERMO,14,S51621a4abaad,2026模拟题/2026各区二模/2026房山二模/细则/26房山评标(2).docx,评分材料,正式评分材料,存在候选,存在候选,0.0,,考试身份同(BJ-2026-FS-ERMO)；文件名未限定题号；未能在材料正文定位到第14题段，仅按同卷材料登记为候选；题干块6-gram重叠0.0000(题干148字/材料段0字)；同题另一来源块状态较弱(存在候选)，已按最强状态归并
BJ-2026-FS-ERMO-Q14,BJ-2026-FS-ERMO,14,Sffe050fd8f7e,2026模拟题/2026各区二模/2026房山二模/试卷/2026北京房山高三二模政治（教师版）.pdf,教师版,参考答案,存在候选,存在候选,0.0,,考试身份同(BJ-2026-FS-ERMO)；文件名未限定题号；未能在材料正文定位到第14题段，仅按同卷材料登记为候选；题干块6-gram重叠0.0000(题干148字/材料段0字)
BJ-2026-FS-ERMO-Q1,BJ-2026-FS-ERMO,1,S51621a4abaad,2026模拟题/2026各区二模/2026房山二模/细则/26房山评标(2).docx,评分材料,正式评分材料,存在候选,存在候选,0.0,,考试身份同(BJ-2026-FS-ERMO)；文件名未限定题号；正文定位方式=表格行(Markdown)；题干块6-gram重叠0.0000(题干437字/材料段33字)；同题另一来源块状态较弱(存在候选)，已按最强状态归并
BJ-2026-FS-ERMO-Q1,BJ-2026-FS-ERMO,1,Sffe050fd8f7e,2026模拟题/2026各区二模/2026房山二模/试卷/2026北京房山高三二模政治（教师版）.pdf,教师版,参考答案,存在候选,存在候选,0.0,,考试身份同(BJ-2026-FS-ERMO)；文件名未限定题号；未能在材料正文定位到第1题段，仅按同卷材料登记为候选；题干块6-gram重叠0.0000(题干437字/材料段0字)
BJ-2026-CP-ERMO-Q1,BJ-2026-CP-ERMO,1,Sa2a7be6c86bb,2026模拟题/2026各区二模/2026昌平二模/2026北京昌平高三二模政治（教师版）.docx,教师版,参考答案,已匹配参考答案,仅有参考答案,1.0,,考试身份同(BJ-2026-CP-ERMO)；文件名未限定题号；正文定位方式=题号起首；题干块6-gram重叠1.0000(题干381字/材料段382字)；同题另一来源块状态较弱(存在候选)，已按最强状态归并；同题另一来源块状态较弱(存在候选)，已按最强状态归并
BJ-2026-CP-ERMO-Q1,BJ-2026-CP-ERMO,1,S0f4a908828b8,2026模拟题/2026各区二模/2026昌平二模/2026年北京市昌平区二模评分标准-学生版(1)(1).pdf,评分材料,正式评分材料,存在候选,仅有参考答案,0.0,,考试身份同(BJ-2026-CP-ERMO)；文件名未限定题号；正文定位方式=题号起首；题干块6-gram重叠0.0000(题干381字/材料段116字)；同题另一来源块状态较弱(存在候选)，已按最强状态归并；同题另一来源块状态较弱(存在候选)，已按最强状态归并
BJ-2026-CP-ERMO-Q2,BJ-2026-CP-ERMO,2,Sa2a7be6c86bb,2026模拟题/2026各区二模/2026昌平二模/2026北京昌平高三二模政治（教师版）.docx,教师版,参考答案,已匹配参考答案,已匹配正式材料,1.0,,考试身份同(BJ-2026-CP-ERMO)；文件名未限定题号；正文定位方式=题号起首；题干块6-gram重叠1.0000(题干328字/材料段329字)；同题另一来源块状态较弱(存在候选)，已按最强状态归并；同题另一来源块状态较弱(存在候选)，已按最强状态归并
BJ-2026-CP-ERMO-Q2,BJ-2026-CP-ERMO,2,S0f4a908828b8,2026模拟题/2026各区二模/2026昌平二模/2026年北京市昌平区二模评分标准-学生版(1)(1).pdf,评分材料,正式评分材料,已匹配正式材料,已匹配正式材料,1.0,,考试身份同(BJ-2026-CP-ERMO)；文件名未限定题号；正文定位方式=题号起首；题干块6-gram重叠1.0000(题干120字/材料段121字)；同题另一来源块状态较弱(存在候选)，已按最强状态归并；同题另一来源块状态较弱(已匹配正式材料)，已按最强状态归并
BJ-2026-CP-ERMO-Q3,BJ-2026-CP-ERMO,3,Sa2a7be6c86bb,2026模拟题/2026各区二模/2026昌平二模/2026北京昌平高三二模政治（教师版）.docx,教师版,参考答案,已匹配参考答案,已匹配正式材料,1.0,,考试身份同(BJ-2026-CP-ERMO)；文件名未限定题号；正文定位方式=题号起首；题干块6-gram重叠1.0000(题干315字/材料段316字)；同题另一来源块状态较弱(存在候选)，已按最强状态归并；同题另一来源块状态较弱(存在候选)，已按最强状态归并
BJ-2026-CP-ERMO-Q3,BJ-2026-CP-ERMO,3,S0f4a908828b8,2026模拟题/2026各区二模/2026昌平二模/2026年北京市昌平区二模评分标准-学生版(1)(1).pdf,评分材料,正式评分材料,已匹配正式材料,已匹配正式材料,1.0,,考试身份同(BJ-2026-CP-ERMO)；文件名未限定题号；正文定位方式=题号起首；题干块6-gram重叠1.0000(题干132字/材料段133字)；同题另一来源块状态较弱(存在候选)，已按最强状态归并；同题另一来源块状态较弱(已匹配正式材料)，已按最强状态归并
BJ-2026-CP-ERMO-Q4,BJ-2026-CP-ERMO,4,Sa2a7be6c86bb,2026模拟题/2026各区二模/2026昌平二模/2026北京昌平高三二模政治（教师版）.docx,教师版,参考答案,已匹配参考答案,仅有参考答案,1.0,,考试身份同(BJ-2026-CP-ERMO)；文件名未限定题号；正文定位方式=题号起首；题干块6-gram重叠1.0000(题干259字/材料段260字)；同题另一来源块状态较弱(存在候选)，已按最强状态归并；同题另一来源块状态较弱(存在候选)，已按最强状态归并
BJ-2026-CP-ERMO-Q4,BJ-2026-CP-ERMO,4,S0f4a908828b8,2026模拟题/2026各区二模/2026昌平二模/2026年北京市昌平区二模评分标准-学生版(1)(1).pdf,评分材料,正式评分材料,存在候选,仅有参考答案,0.0,,考试身份同(BJ-2026-CP-ERMO)；文件名未限定题号；正文定位方式=题号起首；题干块6-gram重叠0.0000(题干259字/材料段96字)；同题另一来源块状态较弱(存在候选)，已按最强状态归并；同题另一来源块状态较弱(存在候选)，已按最强状态归并
BJ-2026-CP-ERMO-Q5,BJ-2026-CP-ERMO,5,Sa2a7be6c86bb,2026模拟题/2026各区二模/2026昌平二模/2026北京昌平高三二模政治（教师版）.docx,教师版,参考答案,已匹配参考答案,已匹配正式材料,1.0,,考试身份同(BJ-2026-CP-ERMO)；文件名未限定题号；正文定位方式=题号起首；题干块6-gram重叠1.0000(题干312字/材料段313字)；同题另一来源块状态较弱(存在候选)，已按最强状态归并；同题另一来源块状态较弱(存在候选)，已按最强状态归并
BJ-2026-CP-ERMO-Q5,BJ-2026-CP-ERMO,5,S0f4a908828b8,2026模拟题/2026各区二模/2026昌平二模/2026年北京市昌平区二模评分标准-学生版(1)(1).pdf,评分材料,正式评分材料,已匹配正式材料,已匹配正式材料,1.0,,考试身份同(BJ-2026-CP-ERMO)；文件名未限定题号；正文定位方式=题号起首；题干块6-gram重叠1.0000(题干164字/材料段165字)；同题另一来源块状态较弱(存在候选)，已按最强状态归并；同题另一来源块状态较弱(已匹配正式材料)，已按最强状态归并
BJ-2026-CP-ERMO-Q6,BJ-2026-CP-ERMO,6,Sa2a7be6c86bb,2026模拟题/2026各区二模/2026昌平二模/2026北京昌平高三二模政治（教师版）.docx,教师版,参考答案,已匹配参考答案,已匹配正式材料,1.0,,考试身份同(BJ-2026-CP-ERMO)；文件名未限定题号；正文定位方式=题号起首；题干块6-gram重叠1.0000(题干365字/材料段366字)；同题另一来源块状态较弱(存在候选)，已按最强状态归并；同题另一来源块状态较弱(存在候选)，已按最强状态归并
BJ-2026-CP-ERMO-Q6,BJ-2026-CP-ERMO,6,S0f4a908828b8,2026模拟题/2026各区二模/2026昌平二模/2026年北京市昌平区二模评分标准-学生版(1)(1).pdf,评分材料,正式评分材料,已匹配正式材料,已匹配正式材料,1.0,,考试身份同(BJ-2026-CP-ERMO)；文件名未限定题号；正文定位方式=题号起首；题干块6-gram重叠1.0000(题干126字/材料段127字)；同题另一来源块状态较弱(存在候选)，已按最强状态归并；同题另一来源块状态较弱(已匹配正式材料)，已按最强状态归并
BJ-2026-CP-ERMO-Q7,BJ-2026-CP-ERMO,7,Sa2a7be6c86bb,2026模拟题/2026各区二模/2026昌平二模/2026北京昌平高三二模政治（教师版）.docx,教师版,参考答案,已匹配参考答案,已匹配正式材料,1.0,,考试身份同(BJ-2026-CP-ERMO)；文件名未限定题号；正文定位方式=题号起首；题干块6-gram重叠1.0000(题干240字/材料段241字)；同题另一来源块状态较弱(存在候选)，已按最强状态归并；同题另一来源块状态较弱(存在候选)，已按最强状态归并
BJ-2026-CP-ERMO-Q7,BJ-2026-CP-ERMO,7,S0f4a908828b8,2026模拟题/2026各区二模/2026昌平二模/2026年北京市昌平区二模评分标准-学生版(1)(1).pdf,评分材料,正式评分材料,已匹配正式材料,已匹配正式材料,1.0,,考试身份同(BJ-2026-CP-ERMO)；文件名未限定题号；正文定位方式=题号起首；题干块6-gram重叠1.0000(题干142字/材料段4000字)；同题另一来源块状态较弱(存在候选)，已按最强状态归并；同题另一来源块状态较弱(已匹配正式材料)，已按最强状态归并
BJ-2026-CP-ERMO-Q8,BJ-2026-CP-ERMO,8,Sa2a7be6c86bb,2026模拟题/2026各区二模/2026昌平二模/2026北京昌平高三二模政治（教师版）.docx,教师版,参考答案,已匹配参考答案,仅有参考答案,1.0,,考试身份同(BJ-2026-CP-ERMO)；文件名未限定题号；正文定位方式=题号起首；题干块6-gram重叠1.0000(题干235字/材料段236字)
BJ-2026-CP-ERMO-Q8,BJ-2026-CP-ERMO,8,S0f4a908828b8,2026模拟题/2026各区二模/2026昌平二模/2026年北京市昌平区二模评分标准-学生版(1)(1).pdf,评分材料,正式评分材料,存在候选,仅有参考答案,0.0,,考试身份同(BJ-2026-CP-ERMO)；文件名未限定题号；未能在材料正文定位到第8题段，仅按同卷材料登记为候选；题干块6-gram重叠0.0000(题干235字/材料段0字)
BJ-2026-CP-ERMO-Q9,BJ-2026-CP-ERMO,9,Sa2a7be6c86bb,2026模拟题/2026各区二模/2026昌平二模/2026北京昌平高三二模政治（教师版）.docx,教师版,参考答案,已匹配参考答案,仅有参考答案,1.0,,考试身份同(BJ-2026-CP-ERMO)；文件名未限定题号；正文定位方式=题号起首；题干块6-gram重叠1.0000(题干284字/材料段285字)
BJ-2026-CP-ERMO-Q9,BJ-2026-CP-ERMO,9,S0f4a908828b8,2026模拟题/2026各区二模/2026昌平二模/2026年北京市昌平区二模评分标准-学生版(1)(1).pdf,评分材料,正式评分材料,存在候选,仅有参考答案,0.0,,考试身份同(BJ-2026-CP-ERMO)；文件名未限定题号；未能在材料正文定位到第9题段，仅按同卷材料登记为候选；题干块6-gram重叠0.0000(题干284字/材料段0字)
BJ-2026-CP-ERMO-Q10,BJ-2026-CP-ERMO,10,Sa2a7be6c86bb,2026模拟题/2026各区二模/2026昌平二模/2026北京昌平高三二模政治（教师版）.docx,教师版,参考答案,已匹配参考答案,仅有参考答案,1.0,,考试身份同(BJ-2026-CP-ERMO)；文件名未限定题号；正文定位方式=题号起首；题干块6-gram重叠1.0000(题干327字/材料段328字)
BJ-2026-CP-ERMO-Q10,BJ-2026-CP-ERMO,10,S0f4a908828b8,2026模拟题/2026各区二模/2026昌平二模/2026年北京市昌平区二模评分标准-学生版(1)(1).pdf,评分材料,正式评分材料,存在候选,仅有参考答案,0.0,,考试身份同(BJ-2026-CP-ERMO)；文件名未限定题号；未能在材料正文定位到第10题段，仅按同卷材料登记为候选；题干块6-gram重叠0.0000(题干327字/材料段0字)
BJ-2026-CP-ERMO-Q11,BJ-2026-CP-ERMO,11,Sa2a7be6c86bb,2026模拟题/2026各区二模/2026昌平二模/2026北京昌平高三二模政治（教师版）.docx,教师版,参考答案,已匹配参考答案,仅有参考答案,1.0,,考试身份同(BJ-2026-CP-ERMO)；文件名未限定题号；正文定位方式=题号起首；题干块6-gram重叠1.0000(题干314字/材料段315字)
BJ-2026-CP-ERMO-Q11,BJ-2026-CP-ERMO,11,S0f4a908828b8,2026模拟题/2026各区二模/2026昌平二模/2026年北京市昌平区二模评分标准-学生版(1)(1).pdf,评分材料,正式评分材料,存在候选,仅有参考答案,0.0,,考试身份同(BJ-2026-CP-ERMO)；文件名未限定题号；未能在材料正文定位到第11题段，仅按同卷材料登记为候选；题干块6-gram重叠0.0000(题干314字/材料段0字)
BJ-2026-CP-ERMO-Q12,BJ-2026-CP-ERMO,12,Sa2a7be6c86bb,2026模拟题/2026各区二模/2026昌平二模/2026北京昌平高三二模政治（教师版）.docx,教师版,参考答案,已匹配参考答案,仅有参考答案,1.0,,考试身份同(BJ-2026-CP-ERMO)；文件名未限定题号；正文定位方式=题号起首；题干块6-gram重叠1.0000(题干216字/材料段217字)
BJ-2026-CP-ERMO-Q12,BJ-2026-CP-ERMO,12,S0f4a908828b8,2026模拟题/2026各区二模/2026昌平二模/2026年北京市昌平区二模评分标准-学生版(1)(1).pdf,评分材料,正式评分材料,存在候选,仅有参考答案,0.0,,考试身份同(BJ-2026-CP-ERMO)；文件名未限定题号；未能在材料正文定位到第12题段，仅按同卷材料登记为候选；题干块6-gram重叠0.0000(题干216字/材料段0字)
BJ-2026-CP-ERMO-Q13,BJ-2026-CP-ERMO,13,Sa2a7be6c86bb,2026模拟题/2026各区二模/2026昌平二模/2026北京昌平高三二模政治（教师版）.docx,教师版,参考答案,已匹配参考答案,仅有参考答案,1.0,,考试身份同(BJ-2026-CP-ERMO)；文件名未限定题号；正文定位方式=题号起首；题干块6-gram重叠1.0000(题干235字/材料段236字)
BJ-2026-CP-ERMO-Q13,BJ-2026-CP-ERMO,13,S0f4a908828b8,2026模拟题/2026各区二模/2026昌平二模/2026年北京市昌平区二模评分标准-学生版(1)(1).pdf,评分材料,正式评分材料,存在候选,仅有参考答案,0.0,,考试身份同(BJ-2026-CP-ERMO)；文件名未限定题号；未能在材料正文定位到第13题段，仅按同卷材料登记为候选；题干块6-gram重叠0.0000(题干235字/材料段0字)
BJ-2026-CP-ERMO-Q14,BJ-2026-CP-ERMO,14,Sa2a7be6c86bb,2026模拟题/2026各区二模/2026昌平二模/2026北京昌平高三二模政治（教师版）.docx,教师版,参考答案,已匹配参考答案,仅有参考答案,1.0,,考试身份同(BJ-2026-CP-ERMO)；文件名未限定题号；正文定位方式=题号起首；题干块6-gram重叠1.0000(题干354字/材料段355字)
BJ-2026-CP-ERMO-Q14,BJ-2026-CP-ERMO,14,S0f4a908828b8,2026模拟题/2026各区二模/2026昌平二模/2026年北京市昌平区二模评分标准-学生版(1)(1).pdf,评分材料,正式评分材料,存在候选,仅有参考答案,0.0,,考试身份同(BJ-2026-CP-ERMO)；文件名未限定题号；未能在材料正文定位到第14题段，仅按同卷材料登记为候选；题干块6-gram重叠0.0000(题干354字/材料段0字)
BJ-2026-CP-ERMO-Q15,BJ-2026-CP-ERMO,15,Sa2a7be6c86bb,2026模拟题/2026各区二模/2026昌平二模/2026北京昌平高三二模政治（教师版）.docx,教师版,参考答案,已匹配参考答案,仅有参考答案,1.0,,考试身份同(BJ-2026-CP-ERMO)；文件名未限定题号；正文定位方式=题号起首；题干块6-gram重叠1.0000(题干311字/材料段312字)
BJ-2026-CP-ERMO-Q15,BJ-2026-CP-ERMO,15,S0f4a908828b8,2026模拟题/2026各区二模/2026昌平二模/2026年北京市昌平区二模评分标准-学生版(1)(1).pdf,评分材料,正式评分材料,存在候选,仅有参考答案,0.0,,考试身份同(BJ-2026-CP-ERMO)；文件名未限定题号；未能在材料正文定位到第15题段，仅按同卷材料登记为候选；题干块6-gram重叠0.0000(题干311字/材料段0字)
BJ-2026-CP-ERMO-Q16,BJ-2026-CP-ERMO,16,Sa2a7be6c86bb,2026模拟题/2026各区二模/2026昌平二模/2026北京昌平高三二模政治（教师版）.docx,教师版,参考答案,已匹配参考答案,已匹配正式材料,1.0,,考试身份同(BJ-2026-CP-ERMO)；文件名未限定题号；正文定位方式=题号起首；题干块6-gram重叠1.0000(题干204字/材料段205字)；同题另一来源块状态较弱(已匹配参考答案)，已按最强状态归并；同题另一来源块状态较弱(已匹配参考答案)，已按最强状态归并
BJ-2026-CP-ERMO-Q16,BJ-2026-CP-ERMO,16,S0f4a908828b8,2026模拟题/2026各区二模/2026昌平二模/2026年北京市昌平区二模评分标准-学生版(1)(1).pdf,评分材料,正式评分材料,已匹配正式材料,已匹配正式材料,0.2332,,考试身份同(BJ-2026-CP-ERMO)；文件名未限定题号；正文定位方式=题号起首；题干块6-gram重叠0.2332(题干204字/材料段1108字)；同题另一来源块状态较弱(已匹配正式材料)，已按最强状态归并；同题另一来源块状态较弱(已匹配正式材料)，已按最强状态归并
BJ-2026-CP-ERMO-Q17,BJ-2026-CP-ERMO,17,Sa2a7be6c86bb,2026模拟题/2026各区二模/2026昌平二模/2026北京昌平高三二模政治（教师版）.docx,教师版,参考答案,已匹配参考答案,已匹配正式材料,1.0,,考试身份同(BJ-2026-CP-ERMO)；文件名未限定题号；正文定位方式=题号起首；题干块6-gram重叠1.0000(题干209字/材料段210字)；同题另一来源块状态较弱(已匹配参考答案)，已按最强状态归并；同题另一来源块状态较弱(已匹配参考答案)，已按最强状态归并
BJ-2026-CP-ERMO-Q17,BJ-2026-CP-ERMO,17,S0f4a908828b8,2026模拟题/2026各区二模/2026昌平二模/2026年北京市昌平区二模评分标准-学生版(1)(1).pdf,评分材料,正式评分材料,已匹配正式材料,已匹配正式材料,0.2245,,考试身份同(BJ-2026-CP-ERMO)；文件名未限定题号；正文定位方式=题号起首；题干块6-gram重叠0.2245(题干209字/材料段799字)；同题另一来源块状态较弱(已匹配正式材料)，已按最强状态归并；同题另一来源块状态较弱(已匹配正式材料)，已按最强状态归并
BJ-2026-CP-ERMO-Q18,BJ-2026-CP-ERMO,18,Sa2a7be6c86bb,2026模拟题/2026各区二模/2026昌平二模/2026北京昌平高三二模政治（教师版）.docx,教师版,参考答案,已匹配参考答案,已匹配正式材料,1.0,,考试身份同(BJ-2026-CP-ERMO)；文件名未限定题号；正文定位方式=题号起首；题干块6-gram重叠1.0000(题干452字/材料段453字)；同题另一来源块状态较弱(已匹配参考答案)，已按最强状态归并
BJ-2026-CP-ERMO-Q18,BJ-2026-CP-ERMO,18,S0f4a908828b8,2026模拟题/2026各区二模/2026昌平二模/2026年北京市昌平区二模评分标准-学生版(1)(1).pdf,评分材料,正式评分材料,已匹配正式材料,已匹配正式材料,0.1506,,考试身份同(BJ-2026-CP-ERMO)；文件名未限定题号；正文定位方式=题号起首；题干块6-gram重叠0.1506(题干452字/材料段474字)；同题另一来源块状态较弱(已匹配正式材料)，已按最强状态归并
BJ-2026-CP-ERMO-Q19,BJ-2026-CP-ERMO,19,Sa2a7be6c86bb,2026模拟题/2026各区二模/2026昌平二模/2026北京昌平高三二模政治（教师版）.docx,教师版,参考答案,已匹配参考答案,已匹配正式材料,1.0,,考试身份同(BJ-2026-CP-ERMO)；文件名未限定题号；正文定位方式=题号起首；题干块6-gram重叠1.0000(题干518字/材料段519字)；同题另一来源块状态较弱(已匹配参考答案)，已按最强状态归并
BJ-2026-CP-ERMO-Q19,BJ-2026-CP-ERMO,19,S0f4a908828b8,2026模拟题/2026各区二模/2026昌平二模/2026年北京市昌平区二模评分标准-学生版(1)(1).pdf,评分材料,正式评分材料,已匹配正式材料,已匹配正式材料,1.0,,考试身份同(BJ-2026-CP-ERMO)；文件名未限定题号；正文定位方式=题号起首；题干块6-gram重叠1.0000(题干50字/材料段829字)；同题另一来源块状态较弱(存在候选)，已按最强状态归并
BJ-2026-CP-ERMO-Q20,BJ-2026-CP-ERMO,20,Sa2a7be6c86bb,2026模拟题/2026各区二模/2026昌平二模/2026北京昌平高三二模政治（教师版）.docx,教师版,参考答案,已匹配参考答案,已匹配正式材料,1.0,,考试身份同(BJ-2026-CP-ERMO)；文件名未限定题号；正文定位方式=题号起首；题干块6-gram重叠1.0000(题干541字/材料段542字)；同题另一来源块状态较弱(存在候选)，已按最强状态归并
BJ-2026-CP-ERMO-Q20,BJ-2026-CP-ERMO,20,S0f4a908828b8,2026模拟题/2026各区二模/2026昌平二模/2026年北京市昌平区二模评分标准-学生版(1)(1).pdf,评分材料,正式评分材料,已匹配正式材料,已匹配正式材料,1.0,,考试身份同(BJ-2026-CP-ERMO)；文件名未限定题号；正文定位方式=题号起首；题干块6-gram重叠1.0000(题干484字/材料段485字)；分值文本 7；同题另一来源块状态较弱(存在候选)，已按最强状态归并
BJ-2026-CP-ERMO-Q21,BJ-2026-CP-ERMO,21,Sa2a7be6c86bb,2026模拟题/2026各区二模/2026昌平二模/2026北京昌平高三二模政治（教师版）.docx,教师版,参考答案,已匹配参考答案,已匹配正式材料,1.0,,考试身份同(BJ-2026-CP-ERMO)；文件名未限定题号；正文定位方式=题号起首；题干块6-gram重叠1.0000(题干680字/材料段681字)；同题另一来源块状态较弱(已匹配参考答案)，已按最强状态归并
BJ-2026-CP-ERMO-Q21,BJ-2026-CP-ERMO,21,S0f4a908828b8,2026模拟题/2026各区二模/2026昌平二模/2026年北京市昌平区二模评分标准-学生版(1)(1).pdf,评分材料,正式评分材料,已匹配正式材料,已匹配正式材料,1.0,,考试身份同(BJ-2026-CP-ERMO)；文件名未限定题号；正文定位方式=题号起首；题干块6-gram重叠1.0000(题干41字/材料段772字)；分值文本 8；同题另一来源块状态较弱(存在候选)，已按最强状态归并
BJ-2026-CP-ERMO-Q22,BJ-2026-CP-ERMO,22,Sa2a7be6c86bb,2026模拟题/2026各区二模/2026昌平二模/2026北京昌平高三二模政治（教师版）.docx,教师版,参考答案,已匹配参考答案,已匹配正式材料,1.0,,考试身份同(BJ-2026-CP-ERMO)；文件名未限定题号；正文定位方式=题号起首；题干块6-gram重叠1.0000(题干115字/材料段4000字)；同题另一来源块状态较弱(存在候选)，已按最强状态归并
BJ-2026-CP-ERMO-Q22,BJ-2026-CP-ERMO,22,S0f4a908828b8,2026模拟题/2026各区二模/2026昌平二模/2026年北京市昌平区二模评分标准-学生版(1)(1).pdf,评分材料,正式评分材料,已匹配正式材料,已匹配正式材料,0.3737,,考试身份同(BJ-2026-CP-ERMO)；文件名未限定题号；正文定位方式=题号起首；题干块6-gram重叠0.3737(题干115字/材料段871字)；同题另一来源块状态较弱(已匹配正式材料)，已按最强状态归并
BJ-2026-CY-ERMO-Q16,BJ-2026-CY-ERMO,16,S8cb07a7f650e,2026模拟题/2026各区二模/2026朝阳二模/细则/202605朝阳高三政治二模阅卷细则(1).docx,评分材料,正式评分材料,存在候选,仅有参考答案,0.0,,考试身份同(BJ-2026-CY-ERMO)；文件名未限定题号；未能在材料正文定位到第16题段，仅按同卷材料登记为候选；题干块6-gram重叠0.0000(题干1757字/材料段0字)；分值文本 8；同题另一来源块状态较弱(存在候选)，已按最强状态归并
BJ-2026-CY-ERMO-Q16,BJ-2026-CY-ERMO,16,Sc8856680a9a6,2026模拟题/2026各区二模/2026朝阳二模/试卷/2026北京朝阳高三二模政治（教师版）.docx,教师版,参考答案,已匹配参考答案,仅有参考答案,1.0,,考试身份同(BJ-2026-CY-ERMO)；文件名未限定题号；正文定位方式=题号起首；题干块6-gram重叠1.0000(题干406字/材料段407字)；分值文本 8；同题另一来源块状态较弱(存在候选)，已按最强状态归并
BJ-2026-CY-ERMO-Q18,BJ-2026-CY-ERMO,18,S8cb07a7f650e,2026模拟题/2026各区二模/2026朝阳二模/细则/202605朝阳高三政治二模阅卷细则(1).docx,评分材料,正式评分材料,存在候选,仅有参考答案,0.0,,考试身份同(BJ-2026-CY-ERMO)；文件名未限定题号；未能在材料正文定位到第18题段，仅按同卷材料登记为候选；题干块6-gram重叠0.0000(题干1264字/材料段0字)；分值文本 8；同题另一来源块状态较弱(存在候选)，已按最强状态归并
BJ-2026-CY-ERMO-Q18,BJ-2026-CY-ERMO,18,Sc8856680a9a6,2026模拟题/2026各区二模/2026朝阳二模/试卷/2026北京朝阳高三二模政治（教师版）.docx,教师版,参考答案,已匹配参考答案,仅有参考答案,1.0,,考试身份同(BJ-2026-CY-ERMO)；文件名未限定题号；正文定位方式=题号起首；题干块6-gram重叠1.0000(题干600字/材料段601字)；分值文本 8；同题另一来源块状态较弱(存在候选)，已按最强状态归并
BJ-2026-CY-ERMO-Q19,BJ-2026-CY-ERMO,19,S8cb07a7f650e,2026模拟题/2026各区二模/2026朝阳二模/细则/202605朝阳高三政治二模阅卷细则(1).docx,评分材料,正式评分材料,存在候选,仅有参考答案,0.0,,考试身份同(BJ-2026-CY-ERMO)；文件名未限定题号；未能在材料正文定位到第19题段，仅按同卷材料登记为候选；题干块6-gram重叠0.0000(题干2398字/材料段0字)；分值文本 6；同题另一来源块状态较弱(存在候选)，已按最强状态归并
BJ-2026-CY-ERMO-Q19,BJ-2026-CY-ERMO,19,Sc8856680a9a6,2026模拟题/2026各区二模/2026朝阳二模/试卷/2026北京朝阳高三二模政治（教师版）.docx,教师版,参考答案,已匹配参考答案,仅有参考答案,1.0,,考试身份同(BJ-2026-CY-ERMO)；文件名未限定题号；正文定位方式=题号起首；题干块6-gram重叠1.0000(题干613字/材料段614字)；分值文本 12；同题另一来源块状态较弱(存在候选)，已按最强状态归并
BJ-2026-CY-ERMO-Q1,BJ-2026-CY-ERMO,1,S8cb07a7f650e,2026模拟题/2026各区二模/2026朝阳二模/细则/202605朝阳高三政治二模阅卷细则(1).docx,评分材料,正式评分材料,存在候选,仅有参考答案,0.0048,,考试身份同(BJ-2026-CY-ERMO)；文件名未限定题号；正文定位方式=题号起首；题干块6-gram重叠0.0048(题干445字/材料段143字)
BJ-2026-CY-ERMO-Q1,BJ-2026-CY-ERMO,1,Sc8856680a9a6,2026模拟题/2026各区二模/2026朝阳二模/试卷/2026北京朝阳高三二模政治（教师版）.docx,教师版,参考答案,已匹配参考答案,仅有参考答案,1.0,,考试身份同(BJ-2026-CY-ERMO)；文件名未限定题号；正文定位方式=题号起首；题干块6-gram重叠1.0000(题干445字/材料段446字)
BJ-2026-CY-ERMO-Q2,BJ-2026-CY-ERMO,2,S8cb07a7f650e,2026模拟题/2026各区二模/2026朝阳二模/细则/202605朝阳高三政治二模阅卷细则(1).docx,评分材料,正式评分材料,存在候选,仅有参考答案,0.0,,考试身份同(BJ-2026-CY-ERMO)；文件名未限定题号；正文定位方式=题号起首；题干块6-gram重叠0.0000(题干248字/材料段245字)
BJ-2026-CY-ERMO-Q2,BJ-2026-CY-ERMO,2,Sc8856680a9a6,2026模拟题/2026各区二模/2026朝阳二模/试卷/2026北京朝阳高三二模政治（教师版）.docx,教师版,参考答案,已匹配参考答案,仅有参考答案,1.0,,考试身份同(BJ-2026-CY-ERMO)；文件名未限定题号；正文定位方式=题号起首；题干块6-gram重叠1.0000(题干248字/材料段249字)
BJ-2026-CY-ERMO-Q3,BJ-2026-CY-ERMO,3,S8cb07a7f650e,2026模拟题/2026各区二模/2026朝阳二模/细则/202605朝阳高三政治二模阅卷细则(1).docx,评分材料,正式评分材料,存在候选,仅有参考答案,0.0,,考试身份同(BJ-2026-CY-ERMO)；文件名未限定题号；正文定位方式=题号起首；题干块6-gram重叠0.0000(题干277字/材料段1393字)
BJ-2026-CY-ERMO-Q3,BJ-2026-CY-ERMO,3,Sc8856680a9a6,2026模拟题/2026各区二模/2026朝阳二模/试卷/2026北京朝阳高三二模政治（教师版）.docx,教师版,参考答案,已匹配参考答案,仅有参考答案,1.0,,考试身份同(BJ-2026-CY-ERMO)；文件名未限定题号；正文定位方式=题号起首；题干块6-gram重叠1.0000(题干277字/材料段278字)
BJ-2026-CY-ERMO-Q4,BJ-2026-CY-ERMO,4,S8cb07a7f650e,2026模拟题/2026各区二模/2026朝阳二模/细则/202605朝阳高三政治二模阅卷细则(1).docx,评分材料,正式评分材料,存在候选,仅有参考答案,0.0,,考试身份同(BJ-2026-CY-ERMO)；文件名未限定题号；正文定位方式=表格行(Markdown)；题干块6-gram重叠0.0000(题干242字/材料段124字)
BJ-2026-CY-ERMO-Q4,BJ-2026-CY-ERMO,4,Sc8856680a9a6,2026模拟题/2026各区二模/2026朝阳二模/试卷/2026北京朝阳高三二模政治（教师版）.docx,教师版,参考答案,已匹配参考答案,仅有参考答案,1.0,,考试身份同(BJ-2026-CY-ERMO)；文件名未限定题号；正文定位方式=题号起首；题干块6-gram重叠1.0000(题干242字/材料段243字)
BJ-2026-CY-ERMO-Q5,BJ-2026-CY-ERMO,5,S8cb07a7f650e,2026模拟题/2026各区二模/2026朝阳二模/细则/202605朝阳高三政治二模阅卷细则(1).docx,评分材料,正式评分材料,存在候选,仅有参考答案,0.0,,考试身份同(BJ-2026-CY-ERMO)；文件名未限定题号；未能在材料正文定位到第5题段，仅按同卷材料登记为候选；题干块6-gram重叠0.0000(题干204字/材料段0字)
BJ-2026-CY-ERMO-Q5,BJ-2026-CY-ERMO,5,Sc8856680a9a6,2026模拟题/2026各区二模/2026朝阳二模/试卷/2026北京朝阳高三二模政治（教师版）.docx,教师版,参考答案,已匹配参考答案,仅有参考答案,1.0,,考试身份同(BJ-2026-CY-ERMO)；文件名未限定题号；正文定位方式=题号起首；题干块6-gram重叠1.0000(题干204字/材料段205字)
BJ-2026-CY-ERMO-Q6,BJ-2026-CY-ERMO,6,S8cb07a7f650e,2026模拟题/2026各区二模/2026朝阳二模/细则/202605朝阳高三政治二模阅卷细则(1).docx,评分材料,正式评分材料,存在候选,仅有参考答案,0.0,,考试身份同(BJ-2026-CY-ERMO)；文件名未限定题号；未能在材料正文定位到第6题段，仅按同卷材料登记为候选；题干块6-gram重叠0.0000(题干272字/材料段0字)
BJ-2026-CY-ERMO-Q6,BJ-2026-CY-ERMO,6,Sc8856680a9a6,2026模拟题/2026各区二模/2026朝阳二模/试卷/2026北京朝阳高三二模政治（教师版）.docx,教师版,参考答案,已匹配参考答案,仅有参考答案,1.0,,考试身份同(BJ-2026-CY-ERMO)；文件名未限定题号；正文定位方式=题号起首；题干块6-gram重叠1.0000(题干272字/材料段273字)
BJ-2026-CY-ERMO-Q7,BJ-2026-CY-ERMO,7,S8cb07a7f650e,2026模拟题/2026各区二模/2026朝阳二模/细则/202605朝阳高三政治二模阅卷细则(1).docx,评分材料,正式评分材料,存在候选,仅有参考答案,0.0,,考试身份同(BJ-2026-CY-ERMO)；文件名未限定题号；未能在材料正文定位到第7题段，仅按同卷材料登记为候选；题干块6-gram重叠0.0000(题干260字/材料段0字)
BJ-2026-CY-ERMO-Q7,BJ-2026-CY-ERMO,7,Sc8856680a9a6,2026模拟题/2026各区二模/2026朝阳二模/试卷/2026北京朝阳高三二模政治（教师版）.docx,教师版,参考答案,已匹配参考答案,仅有参考答案,1.0,,考试身份同(BJ-2026-CY-ERMO)；文件名未限定题号；正文定位方式=题号起首；题干块6-gram重叠1.0000(题干260字/材料段261字)
BJ-2026-CY-ERMO-Q8,BJ-2026-CY-ERMO,8,S8cb07a7f650e,2026模拟题/2026各区二模/2026朝阳二模/细则/202605朝阳高三政治二模阅卷细则(1).docx,评分材料,正式评分材料,存在候选,仅有参考答案,0.0,,考试身份同(BJ-2026-CY-ERMO)；文件名未限定题号；未能在材料正文定位到第8题段，仅按同卷材料登记为候选；题干块6-gram重叠0.0000(题干291字/材料段0字)
BJ-2026-CY-ERMO-Q8,BJ-2026-CY-ERMO,8,Sc8856680a9a6,2026模拟题/2026各区二模/2026朝阳二模/试卷/2026北京朝阳高三二模政治（教师版）.docx,教师版,参考答案,已匹配参考答案,仅有参考答案,1.0,,考试身份同(BJ-2026-CY-ERMO)；文件名未限定题号；正文定位方式=题号起首；题干块6-gram重叠1.0000(题干291字/材料段292字)
BJ-2026-CY-ERMO-Q9,BJ-2026-CY-ERMO,9,S8cb07a7f650e,2026模拟题/2026各区二模/2026朝阳二模/细则/202605朝阳高三政治二模阅卷细则(1).docx,评分材料,正式评分材料,存在候选,仅有参考答案,0.0,,考试身份同(BJ-2026-CY-ERMO)；文件名未限定题号；未能在材料正文定位到第9题段，仅按同卷材料登记为候选；题干块6-gram重叠0.0000(题干278字/材料段0字)
BJ-2026-CY-ERMO-Q9,BJ-2026-CY-ERMO,9,Sc8856680a9a6,2026模拟题/2026各区二模/2026朝阳二模/试卷/2026北京朝阳高三二模政治（教师版）.docx,教师版,参考答案,已匹配参考答案,仅有参考答案,1.0,,考试身份同(BJ-2026-CY-ERMO)；文件名未限定题号；正文定位方式=题号起首；题干块6-gram重叠1.0000(题干278字/材料段279字)
BJ-2026-CY-ERMO-Q10,BJ-2026-CY-ERMO,10,S8cb07a7f650e,2026模拟题/2026各区二模/2026朝阳二模/细则/202605朝阳高三政治二模阅卷细则(1).docx,评分材料,正式评分材料,存在候选,仅有参考答案,0.0,,考试身份同(BJ-2026-CY-ERMO)；文件名未限定题号；未能在材料正文定位到第10题段，仅按同卷材料登记为候选；题干块6-gram重叠0.0000(题干300字/材料段0字)
BJ-2026-CY-ERMO-Q10,BJ-2026-CY-ERMO,10,Sc8856680a9a6,2026模拟题/2026各区二模/2026朝阳二模/试卷/2026北京朝阳高三二模政治（教师版）.docx,教师版,参考答案,已匹配参考答案,仅有参考答案,1.0,,考试身份同(BJ-2026-CY-ERMO)；文件名未限定题号；正文定位方式=题号起首；题干块6-gram重叠1.0000(题干300字/材料段300字)
BJ-2026-CY-ERMO-Q11,BJ-2026-CY-ERMO,11,S8cb07a7f650e,2026模拟题/2026各区二模/2026朝阳二模/细则/202605朝阳高三政治二模阅卷细则(1).docx,评分材料,正式评分材料,存在候选,仅有参考答案,0.0,,考试身份同(BJ-2026-CY-ERMO)；文件名未限定题号；未能在材料正文定位到第11题段，仅按同卷材料登记为候选；题干块6-gram重叠0.0000(题干254字/材料段0字)
BJ-2026-CY-ERMO-Q11,BJ-2026-CY-ERMO,11,Sc8856680a9a6,2026模拟题/2026各区二模/2026朝阳二模/试卷/2026北京朝阳高三二模政治（教师版）.docx,教师版,参考答案,已匹配参考答案,仅有参考答案,1.0,,考试身份同(BJ-2026-CY-ERMO)；文件名未限定题号；正文定位方式=题号起首；题干块6-gram重叠1.0000(题干254字/材料段256字)
BJ-2026-CY-ERMO-Q12,BJ-2026-CY-ERMO,12,S8cb07a7f650e,2026模拟题/2026各区二模/2026朝阳二模/细则/202605朝阳高三政治二模阅卷细则(1).docx,评分材料,正式评分材料,存在候选,仅有参考答案,0.0,,考试身份同(BJ-2026-CY-ERMO)；文件名未限定题号；未能在材料正文定位到第12题段，仅按同卷材料登记为候选；题干块6-gram重叠0.0000(题干989字/材料段0字)
BJ-2026-CY-ERMO-Q12,BJ-2026-CY-ERMO,12,Sc8856680a9a6,2026模拟题/2026各区二模/2026朝阳二模/试卷/2026北京朝阳高三二模政治（教师版）.docx,教师版,参考答案,已匹配参考答案,仅有参考答案,1.0,,考试身份同(BJ-2026-CY-ERMO)；文件名未限定题号；正文定位方式=题号起首；题干块6-gram重叠1.0000(题干989字/材料段990字)
BJ-2026-CY-ERMO-Q13,BJ-2026-CY-ERMO,13,S8cb07a7f650e,2026模拟题/2026各区二模/2026朝阳二模/细则/202605朝阳高三政治二模阅卷细则(1).docx,评分材料,正式评分材料,存在候选,仅有参考答案,0.0,,考试身份同(BJ-2026-CY-ERMO)；文件名未限定题号；未能在材料正文定位到第13题段，仅按同卷材料登记为候选；题干块6-gram重叠0.0000(题干369字/材料段0字)
BJ-2026-CY-ERMO-Q13,BJ-2026-CY-ERMO,13,Sc8856680a9a6,2026模拟题/2026各区二模/2026朝阳二模/试卷/2026北京朝阳高三二模政治（教师版）.docx,教师版,参考答案,已匹配参考答案,仅有参考答案,1.0,,考试身份同(BJ-2026-CY-ERMO)；文件名未限定题号；正文定位方式=题号起首；题干块6-gram重叠1.0000(题干369字/材料段370字)
BJ-2026-CY-ERMO-Q14,BJ-2026-CY-ERMO,14,S8cb07a7f650e,2026模拟题/2026各区二模/2026朝阳二模/细则/202605朝阳高三政治二模阅卷细则(1).docx,评分材料,正式评分材料,存在候选,仅有参考答案,0.0,,考试身份同(BJ-2026-CY-ERMO)；文件名未限定题号；未能在材料正文定位到第14题段，仅按同卷材料登记为候选；题干块6-gram重叠0.0000(题干993字/材料段0字)
BJ-2026-CY-ERMO-Q14,BJ-2026-CY-ERMO,14,Sc8856680a9a6,2026模拟题/2026各区二模/2026朝阳二模/试卷/2026北京朝阳高三二模政治（教师版）.docx,教师版,参考答案,已匹配参考答案,仅有参考答案,1.0,,考试身份同(BJ-2026-CY-ERMO)；文件名未限定题号；正文定位方式=题号起首；题干块6-gram重叠1.0000(题干993字/材料段994字)
BJ-2026-CY-ERMO-Q15,BJ-2026-CY-ERMO,15,S8cb07a7f650e,2026模拟题/2026各区二模/2026朝阳二模/细则/202605朝阳高三政治二模阅卷细则(1).docx,评分材料,正式评分材料,存在候选,仅有参考答案,0.0,,考试身份同(BJ-2026-CY-ERMO)；文件名未限定题号；未能在材料正文定位到第15题段，仅按同卷材料登记为候选；题干块6-gram重叠0.0000(题干342字/材料段0字)
BJ-2026-CY-ERMO-Q15,BJ-2026-CY-ERMO,15,Sc8856680a9a6,2026模拟题/2026各区二模/2026朝阳二模/试卷/2026北京朝阳高三二模政治（教师版）.docx,教师版,参考答案,已匹配参考答案,仅有参考答案,1.0,,考试身份同(BJ-2026-CY-ERMO)；文件名未限定题号；正文定位方式=题号起首；题干块6-gram重叠1.0000(题干342字/材料段343字)
BJ-2026-CY-ERMO-Q17,BJ-2026-CY-ERMO,17,S8cb07a7f650e,2026模拟题/2026各区二模/2026朝阳二模/细则/202605朝阳高三政治二模阅卷细则(1).docx,评分材料,正式评分材料,存在候选,仅有参考答案,0.0,,考试身份同(BJ-2026-CY-ERMO)；文件名未限定题号；未能在材料正文定位到第17题段，仅按同卷材料登记为候选；题干块6-gram重叠0.0000(题干478字/材料段0字)；分值文本 8
BJ-2026-CY-ERMO-Q17,BJ-2026-CY-ERMO,17,Sc8856680a9a6,2026模拟题/2026各区二模/2026朝阳二模/试卷/2026北京朝阳高三二模政治（教师版）.docx,教师版,参考答案,已匹配参考答案,仅有参考答案,1.0,,考试身份同(BJ-2026-CY-ERMO)；文件名未限定题号；正文定位方式=题号起首；题干块6-gram重叠1.0000(题干478字/材料段479字)；分值文本 8
BJ-2026-CY-ERMO-Q20,BJ-2026-CY-ERMO,20,S8cb07a7f650e,2026模拟题/2026各区二模/2026朝阳二模/细则/202605朝阳高三政治二模阅卷细则(1).docx,评分材料,正式评分材料,存在候选,仅有参考答案,0.0,,考试身份同(BJ-2026-CY-ERMO)；文件名未限定题号；未能在材料正文定位到第20题段，仅按同卷材料登记为候选；题干块6-gram重叠0.0000(题干477字/材料段0字)；分值文本 10
BJ-2026-CY-ERMO-Q20,BJ-2026-CY-ERMO,20,Sc8856680a9a6,2026模拟题/2026各区二模/2026朝阳二模/试卷/2026北京朝阳高三二模政治（教师版）.docx,教师版,参考答案,已匹配参考答案,仅有参考答案,1.0,,考试身份同(BJ-2026-CY-ERMO)；文件名未限定题号；正文定位方式=题号起首；题干块6-gram重叠1.0000(题干477字/材料段478字)；分值文本 10
BJ-2026-CY-ERMO-Q21,BJ-2026-CY-ERMO,21,S8cb07a7f650e,2026模拟题/2026各区二模/2026朝阳二模/细则/202605朝阳高三政治二模阅卷细则(1).docx,评分材料,正式评分材料,存在候选,仅有参考答案,0.0,,考试身份同(BJ-2026-CY-ERMO)；文件名未限定题号；未能在材料正文定位到第21题段，仅按同卷材料登记为候选；题干块6-gram重叠0.0000(题干680字/材料段0字)；分值文本 9
BJ-2026-CY-ERMO-Q21,BJ-2026-CY-ERMO,21,Sc8856680a9a6,2026模拟题/2026各区二模/2026朝阳二模/试卷/2026北京朝阳高三二模政治（教师版）.docx,教师版,参考答案,已匹配参考答案,仅有参考答案,1.0,,考试身份同(BJ-2026-CY-ERMO)；文件名未限定题号；正文定位方式=题号起首；题干块6-gram重叠1.0000(题干680字/材料段4000字)；分值文本 9
BJ-2026-HD-ERMO-Q3,BJ-2026-HD-ERMO,3,Se7b70a056458,2026模拟题/2026各区二模/2026海淀二模/试卷/2026北京海淀高三二模政治（教师版）.docx,教师版,参考答案,已匹配参考答案,仅有参考答案,0.3002,,考试身份同(BJ-2026-HD-ERMO)；文件名未限定题号；正文定位方式=题号起首；题干块6-gram重叠0.3002(题干645字/材料段208字)；同题另一来源块状态较弱(已匹配参考答案)，已按最强状态归并
BJ-2026-HD-ERMO-Q14,BJ-2026-HD-ERMO,14,Se7b70a056458,2026模拟题/2026各区二模/2026海淀二模/试卷/2026北京海淀高三二模政治（教师版）.docx,教师版,参考答案,已匹配参考答案,仅有参考答案,0.6585,,考试身份同(BJ-2026-HD-ERMO)；文件名未限定题号；正文定位方式=题号起首；题干块6-gram重叠0.6585(题干459字/材料段399字)；同题另一来源块状态较弱(已匹配参考答案)，已按最强状态归并
BJ-2026-HD-ERMO-Q13,BJ-2026-HD-ERMO,13,Se7b70a056458,2026模拟题/2026各区二模/2026海淀二模/试卷/2026北京海淀高三二模政治（教师版）.docx,教师版,参考答案,已匹配参考答案,仅有参考答案,0.4495,,考试身份同(BJ-2026-HD-ERMO)；文件名未限定题号；正文定位方式=题号起首；题干块6-gram重叠0.4495(题干648字/材料段310字)；同题另一来源块状态较弱(已匹配参考答案)，已按最强状态归并
BJ-2026-HD-ERMO-Q16,BJ-2026-HD-ERMO,16,Se7b70a056458,2026模拟题/2026各区二模/2026海淀二模/试卷/2026北京海淀高三二模政治（教师版）.docx,教师版,参考答案,已匹配参考答案,仅有参考答案,0.5702,,考试身份同(BJ-2026-HD-ERMO)；文件名未限定题号；正文定位方式=题号起首；题干块6-gram重叠0.5702(题干270字/材料段166字)；分值文本 8；同题另一来源块状态较弱(已匹配参考答案)，已按最强状态归并
BJ-2026-HD-ERMO-Q17,BJ-2026-HD-ERMO,17,Se7b70a056458,2026模拟题/2026各区二模/2026海淀二模/试卷/2026北京海淀高三二模政治（教师版）.docx,教师版,参考答案,已匹配参考答案,仅有参考答案,0.4848,,考试身份同(BJ-2026-HD-ERMO)；文件名未限定题号；正文定位方式=题号起首；题干块6-gram重叠0.4848(题干938字/材料段468字)；分值文本 8；同题另一来源块状态较弱(已匹配参考答案)，已按最强状态归并
BJ-2026-HD-ERMO-Q20,BJ-2026-HD-ERMO,20,Se7b70a056458,2026模拟题/2026各区二模/2026海淀二模/试卷/2026北京海淀高三二模政治（教师版）.docx,教师版,参考答案,已匹配参考答案,仅有参考答案,0.8458,,考试身份同(BJ-2026-HD-ERMO)；文件名未限定题号；正文定位方式=题号起首；题干块6-gram重叠0.8458(题干633字/材料段523字)；分值文本 9；同题另一来源块状态较弱(已匹配参考答案)，已按最强状态归并
BJ-2026-HD-ERMO-Q21,BJ-2026-HD-ERMO,21,Se7b70a056458,2026模拟题/2026各区二模/2026海淀二模/试卷/2026北京海淀高三二模政治（教师版）.docx,教师版,参考答案,已匹配参考答案,仅有参考答案,1.0,,考试身份同(BJ-2026-HD-ERMO)；文件名未限定题号；正文定位方式=题号起首；题干块6-gram重叠1.0000(题干291字/材料段4000字)；分值文本 9；同题另一来源块状态较弱(存在候选)，已按最强状态归并
BJ-2026-HD-ERMO-Q1,BJ-2026-HD-ERMO,1,Se7b70a056458,2026模拟题/2026各区二模/2026海淀二模/试卷/2026北京海淀高三二模政治（教师版）.docx,教师版,参考答案,已匹配参考答案,仅有参考答案,1.0,,考试身份同(BJ-2026-HD-ERMO)；文件名未限定题号；正文定位方式=题号起首；题干块6-gram重叠1.0000(题干363字/材料段364字)
BJ-2026-HD-ERMO-Q2,BJ-2026-HD-ERMO,2,Se7b70a056458,2026模拟题/2026各区二模/2026海淀二模/试卷/2026北京海淀高三二模政治（教师版）.docx,教师版,参考答案,已匹配参考答案,仅有参考答案,1.0,,考试身份同(BJ-2026-HD-ERMO)；文件名未限定题号；正文定位方式=题号起首；题干块6-gram重叠1.0000(题干186字/材料段187字)
BJ-2026-HD-ERMO-Q4,BJ-2026-HD-ERMO,4,Se7b70a056458,2026模拟题/2026各区二模/2026海淀二模/试卷/2026北京海淀高三二模政治（教师版）.docx,教师版,参考答案,已匹配参考答案,仅有参考答案,1.0,,考试身份同(BJ-2026-HD-ERMO)；文件名未限定题号；正文定位方式=题号起首；题干块6-gram重叠1.0000(题干242字/材料段243字)
BJ-2026-HD-ERMO-Q5,BJ-2026-HD-ERMO,5,Se7b70a056458,2026模拟题/2026各区二模/2026海淀二模/试卷/2026北京海淀高三二模政治（教师版）.docx,教师版,参考答案,已匹配参考答案,仅有参考答案,1.0,,考试身份同(BJ-2026-HD-ERMO)；文件名未限定题号；正文定位方式=题号起首；题干块6-gram重叠1.0000(题干240字/材料段241字)
BJ-2026-HD-ERMO-Q6,BJ-2026-HD-ERMO,6,Se7b70a056458,2026模拟题/2026各区二模/2026海淀二模/试卷/2026北京海淀高三二模政治（教师版）.docx,教师版,参考答案,已匹配参考答案,仅有参考答案,1.0,,考试身份同(BJ-2026-HD-ERMO)；文件名未限定题号；正文定位方式=题号起首；题干块6-gram重叠1.0000(题干391字/材料段392字)
BJ-2026-HD-ERMO-Q7,BJ-2026-HD-ERMO,7,Se7b70a056458,2026模拟题/2026各区二模/2026海淀二模/试卷/2026北京海淀高三二模政治（教师版）.docx,教师版,参考答案,已匹配参考答案,仅有参考答案,1.0,,考试身份同(BJ-2026-HD-ERMO)；文件名未限定题号；正文定位方式=题号起首；题干块6-gram重叠1.0000(题干240字/材料段241字)
BJ-2026-HD-ERMO-Q8,BJ-2026-HD-ERMO,8,Se7b70a056458,2026模拟题/2026各区二模/2026海淀二模/试卷/2026北京海淀高三二模政治（教师版）.docx,教师版,参考答案,已匹配参考答案,仅有参考答案,1.0,,考试身份同(BJ-2026-HD-ERMO)；文件名未限定题号；正文定位方式=题号起首；题干块6-gram重叠1.0000(题干300字/材料段301字)
BJ-2026-HD-ERMO-Q9,BJ-2026-HD-ERMO,9,Se7b70a056458,2026模拟题/2026各区二模/2026海淀二模/试卷/2026北京海淀高三二模政治（教师版）.docx,教师版,参考答案,已匹配参考答案,仅有参考答案,1.0,,考试身份同(BJ-2026-HD-ERMO)；文件名未限定题号；正文定位方式=题号起首；题干块6-gram重叠1.0000(题干386字/材料段387字)
BJ-2026-HD-ERMO-Q10,BJ-2026-HD-ERMO,10,Se7b70a056458,2026模拟题/2026各区二模/2026海淀二模/试卷/2026北京海淀高三二模政治（教师版）.docx,教师版,参考答案,已匹配参考答案,仅有参考答案,1.0,,考试身份同(BJ-2026-HD-ERMO)；文件名未限定题号；正文定位方式=题号起首；题干块6-gram重叠1.0000(题干285字/材料段286字)
BJ-2026-HD-ERMO-Q11,BJ-2026-HD-ERMO,11,Se7b70a056458,2026模拟题/2026各区二模/2026海淀二模/试卷/2026北京海淀高三二模政治（教师版）.docx,教师版,参考答案,已匹配参考答案,仅有参考答案,1.0,,考试身份同(BJ-2026-HD-ERMO)；文件名未限定题号；正文定位方式=题号起首；题干块6-gram重叠1.0000(题干304字/材料段305字)
BJ-2026-HD-ERMO-Q12,BJ-2026-HD-ERMO,12,Se7b70a056458,2026模拟题/2026各区二模/2026海淀二模/试卷/2026北京海淀高三二模政治（教师版）.docx,教师版,参考答案,已匹配参考答案,仅有参考答案,1.0,,考试身份同(BJ-2026-HD-ERMO)；文件名未限定题号；正文定位方式=题号起首；题干块6-gram重叠1.0000(题干290字/材料段291字)
BJ-2026-HD-ERMO-Q15,BJ-2026-HD-ERMO,15,Se7b70a056458,2026模拟题/2026各区二模/2026海淀二模/试卷/2026北京海淀高三二模政治（教师版）.docx,教师版,参考答案,已匹配参考答案,仅有参考答案,1.0,,考试身份同(BJ-2026-HD-ERMO)；文件名未限定题号；正文定位方式=题号起首；题干块6-gram重叠1.0000(题干417字/材料段418字)
BJ-2026-HD-ERMO-Q18,BJ-2026-HD-ERMO,18,Se7b70a056458,2026模拟题/2026各区二模/2026海淀二模/试卷/2026北京海淀高三二模政治（教师版）.docx,教师版,参考答案,已匹配参考答案,仅有参考答案,1.0,,考试身份同(BJ-2026-HD-ERMO)；文件名未限定题号；正文定位方式=题号起首；题干块6-gram重叠1.0000(题干750字/材料段751字)；分值文本 14
BJ-2026-HD-ERMO-Q19,BJ-2026-HD-ERMO,19,Se7b70a056458,2026模拟题/2026各区二模/2026海淀二模/试卷/2026北京海淀高三二模政治（教师版）.docx,教师版,参考答案,已匹配参考答案,仅有参考答案,1.0,,考试身份同(BJ-2026-HD-ERMO)；文件名未限定题号；正文定位方式=题号起首；题干块6-gram重叠1.0000(题干617字/材料段618字)；分值文本 7
BJ-2026-SJS-ERMO-Q16,BJ-2026-SJS-ERMO,16,S404f493eede9,2026模拟题/2026各区二模/2026石景山二模/细则/石景山区高三政治第二次模拟考试答案评分细则(1).doc,评分材料,正式评分材料,已匹配正式材料,已匹配正式材料,1.0,,考试身份同(BJ-2026-SJS-ERMO)；文件名未限定题号；正文定位方式=题号起首；题干块6-gram重叠1.0000(题干211字/材料段212字)；分值文本 8；同题另一来源块状态较弱(存在候选)，已按最强状态归并
BJ-2026-SJS-ERMO-Q16,BJ-2026-SJS-ERMO,16,S00b61bbb2c75,2026模拟题/2026各区二模/2026石景山二模/试卷/2026北京石景山高三二模政治（教师版）.docx,教师版,参考答案,已匹配参考答案,已匹配正式材料,1.0,,考试身份同(BJ-2026-SJS-ERMO)；文件名未限定题号；正文定位方式=题号起首；题干块6-gram重叠1.0000(题干774字/材料段775字)；分值文本 8；同题另一来源块状态较弱(存在候选)，已按最强状态归并
BJ-2026-SJS-ERMO-Q17,BJ-2026-SJS-ERMO,17,S404f493eede9,2026模拟题/2026各区二模/2026石景山二模/细则/石景山区高三政治第二次模拟考试答案评分细则(1).doc,评分材料,正式评分材料,已匹配正式材料,已匹配正式材料,1.0,,考试身份同(BJ-2026-SJS-ERMO)；文件名未限定题号；正文定位方式=题号起首；题干块6-gram重叠1.0000(题干1500字/材料段1501字)；分值文本 21；同题另一来源块状态较弱(存在候选)，已按最强状态归并
BJ-2026-SJS-ERMO-Q17,BJ-2026-SJS-ERMO,17,S00b61bbb2c75,2026模拟题/2026各区二模/2026石景山二模/试卷/2026北京石景山高三二模政治（教师版）.docx,教师版,参考答案,已匹配参考答案,已匹配正式材料,1.0,,考试身份同(BJ-2026-SJS-ERMO)；文件名未限定题号；正文定位方式=题号起首；题干块6-gram重叠1.0000(题干839字/材料段840字)；分值文本 21；同题另一来源块状态较弱(存在候选)，已按最强状态归并
BJ-2026-SJS-ERMO-Q18,BJ-2026-SJS-ERMO,18,S404f493eede9,2026模拟题/2026各区二模/2026石景山二模/细则/石景山区高三政治第二次模拟考试答案评分细则(1).doc,评分材料,正式评分材料,已匹配正式材料,已匹配正式材料,1.0,,考试身份同(BJ-2026-SJS-ERMO)；文件名未限定题号；正文定位方式=题号起首；题干块6-gram重叠1.0000(题干245字/材料段1354字)；分值文本 8；同题另一来源块状态较弱(存在候选)，已按最强状态归并
BJ-2026-SJS-ERMO-Q18,BJ-2026-SJS-ERMO,18,S00b61bbb2c75,2026模拟题/2026各区二模/2026石景山二模/试卷/2026北京石景山高三二模政治（教师版）.docx,教师版,参考答案,已匹配参考答案,已匹配正式材料,1.0,,考试身份同(BJ-2026-SJS-ERMO)；文件名未限定题号；正文定位方式=题号起首；题干块6-gram重叠1.0000(题干431字/材料段432字)；分值文本 8；同题另一来源块状态较弱(存在候选)，已按最强状态归并
BJ-2026-SJS-ERMO-Q19,BJ-2026-SJS-ERMO,19,S404f493eede9,2026模拟题/2026各区二模/2026石景山二模/细则/石景山区高三政治第二次模拟考试答案评分细则(1).doc,评分材料,正式评分材料,存在候选,仅有参考答案,0.0,,考试身份同(BJ-2026-SJS-ERMO)；文件名未限定题号；未能在材料正文定位到第19题段，仅按同卷材料登记为候选；题干块6-gram重叠0.0000(题干314字/材料段0字)；分值文本 8；同题另一来源块状态较弱(存在候选)，已按最强状态归并
BJ-2026-SJS-ERMO-Q19,BJ-2026-SJS-ERMO,19,S00b61bbb2c75,2026模拟题/2026各区二模/2026石景山二模/试卷/2026北京石景山高三二模政治（教师版）.docx,教师版,参考答案,已匹配参考答案,仅有参考答案,1.0,,考试身份同(BJ-2026-SJS-ERMO)；文件名未限定题号；正文定位方式=题号起首；题干块6-gram重叠1.0000(题干419字/材料段420字)；分值文本 8；同题另一来源块状态较弱(存在候选)，已按最强状态归并
BJ-2026-SJS-ERMO-Q20,BJ-2026-SJS-ERMO,20,S404f493eede9,2026模拟题/2026各区二模/2026石景山二模/细则/石景山区高三政治第二次模拟考试答案评分细则(1).doc,评分材料,正式评分材料,存在候选,仅有参考答案,0.0,,考试身份同(BJ-2026-SJS-ERMO)；文件名未限定题号；未能在材料正文定位到第20题段，仅按同卷材料登记为候选；题干块6-gram重叠0.0000(题干792字/材料段0字)；分值文本 10；同题另一来源块状态较弱(存在候选)，已按最强状态归并
BJ-2026-SJS-ERMO-Q20,BJ-2026-SJS-ERMO,20,S00b61bbb2c75,2026模拟题/2026各区二模/2026石景山二模/试卷/2026北京石景山高三二模政治（教师版）.docx,教师版,参考答案,已匹配参考答案,仅有参考答案,0.4494,,考试身份同(BJ-2026-SJS-ERMO)；文件名未限定题号；正文定位方式=题号起首；题干块6-gram重叠0.4494(题干792字/材料段2867字)；分值文本 10；同题另一来源块状态较弱(已匹配参考答案)，已按最强状态归并
BJ-2026-SJS-ERMO-Q1,BJ-2026-SJS-ERMO,1,S404f493eede9,2026模拟题/2026各区二模/2026石景山二模/细则/石景山区高三政治第二次模拟考试答案评分细则(1).doc,评分材料,正式评分材料,存在候选,仅有参考答案,0.0169,,考试身份同(BJ-2026-SJS-ERMO)；文件名未限定题号；正文定位方式=题号起首；题干块6-gram重叠0.0169(题干348字/材料段3254字)
BJ-2026-SJS-ERMO-Q1,BJ-2026-SJS-ERMO,1,S00b61bbb2c75,2026模拟题/2026各区二模/2026石景山二模/试卷/2026北京石景山高三二模政治（教师版）.docx,教师版,参考答案,已匹配参考答案,仅有参考答案,1.0,,考试身份同(BJ-2026-SJS-ERMO)；文件名未限定题号；正文定位方式=题号起首；题干块6-gram重叠1.0000(题干348字/材料段349字)
BJ-2026-SJS-ERMO-Q2,BJ-2026-SJS-ERMO,2,S404f493eede9,2026模拟题/2026各区二模/2026石景山二模/细则/石景山区高三政治第二次模拟考试答案评分细则(1).doc,评分材料,正式评分材料,存在候选,仅有参考答案,0.0,,考试身份同(BJ-2026-SJS-ERMO)；文件名未限定题号；正文定位方式=行内答案键；题干块6-gram重叠0.0000(题干296字/材料段3字)
BJ-2026-SJS-ERMO-Q2,BJ-2026-SJS-ERMO,2,S00b61bbb2c75,2026模拟题/2026各区二模/2026石景山二模/试卷/2026北京石景山高三二模政治（教师版）.docx,教师版,参考答案,已匹配参考答案,仅有参考答案,1.0,,考试身份同(BJ-2026-SJS-ERMO)；文件名未限定题号；正文定位方式=题号起首；题干块6-gram重叠1.0000(题干296字/材料段297字)
BJ-2026-SJS-ERMO-Q3,BJ-2026-SJS-ERMO,3,S404f493eede9,2026模拟题/2026各区二模/2026石景山二模/细则/石景山区高三政治第二次模拟考试答案评分细则(1).doc,评分材料,正式评分材料,存在候选,仅有参考答案,0.0,,考试身份同(BJ-2026-SJS-ERMO)；文件名未限定题号；正文定位方式=行内答案键；题干块6-gram重叠0.0000(题干270字/材料段3字)
BJ-2026-SJS-ERMO-Q3,BJ-2026-SJS-ERMO,3,S00b61bbb2c75,2026模拟题/2026各区二模/2026石景山二模/试卷/2026北京石景山高三二模政治（教师版）.docx,教师版,参考答案,已匹配参考答案,仅有参考答案,1.0,,考试身份同(BJ-2026-SJS-ERMO)；文件名未限定题号；正文定位方式=题号起首；题干块6-gram重叠1.0000(题干270字/材料段271字)
BJ-2026-SJS-ERMO-Q4,BJ-2026-SJS-ERMO,4,S404f493eede9,2026模拟题/2026各区二模/2026石景山二模/细则/石景山区高三政治第二次模拟考试答案评分细则(1).doc,评分材料,正式评分材料,存在候选,仅有参考答案,0.0,,考试身份同(BJ-2026-SJS-ERMO)；文件名未限定题号；正文定位方式=行内答案键；题干块6-gram重叠0.0000(题干529字/材料段3字)
BJ-2026-SJS-ERMO-Q4,BJ-2026-SJS-ERMO,4,S00b61bbb2c75,2026模拟题/2026各区二模/2026石景山二模/试卷/2026北京石景山高三二模政治（教师版）.docx,教师版,参考答案,已匹配参考答案,仅有参考答案,1.0,,考试身份同(BJ-2026-SJS-ERMO)；文件名未限定题号；正文定位方式=题号起首；题干块6-gram重叠1.0000(题干529字/材料段530字)
BJ-2026-SJS-ERMO-Q5,BJ-2026-SJS-ERMO,5,S404f493eede9,2026模拟题/2026各区二模/2026石景山二模/细则/石景山区高三政治第二次模拟考试答案评分细则(1).doc,评分材料,正式评分材料,存在候选,仅有参考答案,0.0,,考试身份同(BJ-2026-SJS-ERMO)；文件名未限定题号；正文定位方式=行内答案键；题干块6-gram重叠0.0000(题干310字/材料段3字)
BJ-2026-SJS-ERMO-Q5,BJ-2026-SJS-ERMO,5,S00b61bbb2c75,2026模拟题/2026各区二模/2026石景山二模/试卷/2026北京石景山高三二模政治（教师版）.docx,教师版,参考答案,已匹配参考答案,仅有参考答案,1.0,,考试身份同(BJ-2026-SJS-ERMO)；文件名未限定题号；正文定位方式=题号起首；题干块6-gram重叠1.0000(题干310字/材料段311字)
BJ-2026-SJS-ERMO-Q6,BJ-2026-SJS-ERMO,6,S404f493eede9,2026模拟题/2026各区二模/2026石景山二模/细则/石景山区高三政治第二次模拟考试答案评分细则(1).doc,评分材料,正式评分材料,存在候选,仅有参考答案,0.0,,考试身份同(BJ-2026-SJS-ERMO)；文件名未限定题号；正文定位方式=题号起首；题干块6-gram重叠0.0000(题干213字/材料段3198字)
BJ-2026-SJS-ERMO-Q6,BJ-2026-SJS-ERMO,6,S00b61bbb2c75,2026模拟题/2026各区二模/2026石景山二模/试卷/2026北京石景山高三二模政治（教师版）.docx,教师版,参考答案,已匹配参考答案,仅有参考答案,1.0,,考试身份同(BJ-2026-SJS-ERMO)；文件名未限定题号；正文定位方式=题号起首；题干块6-gram重叠1.0000(题干213字/材料段214字)
BJ-2026-SJS-ERMO-Q7,BJ-2026-SJS-ERMO,7,S404f493eede9,2026模拟题/2026各区二模/2026石景山二模/细则/石景山区高三政治第二次模拟考试答案评分细则(1).doc,评分材料,正式评分材料,存在候选,仅有参考答案,0.0,,考试身份同(BJ-2026-SJS-ERMO)；文件名未限定题号；正文定位方式=行内答案键；题干块6-gram重叠0.0000(题干229字/材料段3字)
BJ-2026-SJS-ERMO-Q7,BJ-2026-SJS-ERMO,7,S00b61bbb2c75,2026模拟题/2026各区二模/2026石景山二模/试卷/2026北京石景山高三二模政治（教师版）.docx,教师版,参考答案,已匹配参考答案,仅有参考答案,1.0,,考试身份同(BJ-2026-SJS-ERMO)；文件名未限定题号；正文定位方式=题号起首；题干块6-gram重叠1.0000(题干229字/材料段230字)
BJ-2026-SJS-ERMO-Q8,BJ-2026-SJS-ERMO,8,S404f493eede9,2026模拟题/2026各区二模/2026石景山二模/细则/石景山区高三政治第二次模拟考试答案评分细则(1).doc,评分材料,正式评分材料,存在候选,仅有参考答案,0.0,,考试身份同(BJ-2026-SJS-ERMO)；文件名未限定题号；正文定位方式=行内答案键；题干块6-gram重叠0.0000(题干283字/材料段3字)
BJ-2026-SJS-ERMO-Q8,BJ-2026-SJS-ERMO,8,S00b61bbb2c75,2026模拟题/2026各区二模/2026石景山二模/试卷/2026北京石景山高三二模政治（教师版）.docx,教师版,参考答案,已匹配参考答案,仅有参考答案,1.0,,考试身份同(BJ-2026-SJS-ERMO)；文件名未限定题号；正文定位方式=题号起首；题干块6-gram重叠1.0000(题干283字/材料段284字)
BJ-2026-SJS-ERMO-Q9,BJ-2026-SJS-ERMO,9,S404f493eede9,2026模拟题/2026各区二模/2026石景山二模/细则/石景山区高三政治第二次模拟考试答案评分细则(1).doc,评分材料,正式评分材料,存在候选,仅有参考答案,0.0,,考试身份同(BJ-2026-SJS-ERMO)；文件名未限定题号；正文定位方式=行内答案键；题干块6-gram重叠0.0000(题干296字/材料段3字)
BJ-2026-SJS-ERMO-Q9,BJ-2026-SJS-ERMO,9,S00b61bbb2c75,2026模拟题/2026各区二模/2026石景山二模/试卷/2026北京石景山高三二模政治（教师版）.docx,教师版,参考答案,已匹配参考答案,仅有参考答案,1.0,,考试身份同(BJ-2026-SJS-ERMO)；文件名未限定题号；正文定位方式=题号起首；题干块6-gram重叠1.0000(题干296字/材料段297字)
BJ-2026-SJS-ERMO-Q10,BJ-2026-SJS-ERMO,10,S404f493eede9,2026模拟题/2026各区二模/2026石景山二模/细则/石景山区高三政治第二次模拟考试答案评分细则(1).doc,评分材料,正式评分材料,存在候选,仅有参考答案,0.0,,考试身份同(BJ-2026-SJS-ERMO)；文件名未限定题号；正文定位方式=行内答案键；题干块6-gram重叠0.0000(题干268字/材料段4字)
BJ-2026-SJS-ERMO-Q10,BJ-2026-SJS-ERMO,10,S00b61bbb2c75,2026模拟题/2026各区二模/2026石景山二模/试卷/2026北京石景山高三二模政治（教师版）.docx,教师版,参考答案,已匹配参考答案,仅有参考答案,1.0,,考试身份同(BJ-2026-SJS-ERMO)；文件名未限定题号；正文定位方式=题号起首；题干块6-gram重叠1.0000(题干268字/材料段269字)
BJ-2026-SJS-ERMO-Q11,BJ-2026-SJS-ERMO,11,S404f493eede9,2026模拟题/2026各区二模/2026石景山二模/细则/石景山区高三政治第二次模拟考试答案评分细则(1).doc,评分材料,正式评分材料,存在候选,仅有参考答案,0.0,,考试身份同(BJ-2026-SJS-ERMO)；文件名未限定题号；正文定位方式=题号起首；题干块6-gram重叠0.0000(题干366字/材料段3142字)
BJ-2026-SJS-ERMO-Q11,BJ-2026-SJS-ERMO,11,S00b61bbb2c75,2026模拟题/2026各区二模/2026石景山二模/试卷/2026北京石景山高三二模政治（教师版）.docx,教师版,参考答案,已匹配参考答案,仅有参考答案,1.0,,考试身份同(BJ-2026-SJS-ERMO)；文件名未限定题号；正文定位方式=题号起首；题干块6-gram重叠1.0000(题干366字/材料段367字)
BJ-2026-SJS-ERMO-Q12,BJ-2026-SJS-ERMO,12,S404f493eede9,2026模拟题/2026各区二模/2026石景山二模/细则/石景山区高三政治第二次模拟考试答案评分细则(1).doc,评分材料,正式评分材料,存在候选,仅有参考答案,0.0,,考试身份同(BJ-2026-SJS-ERMO)；文件名未限定题号；正文定位方式=行内答案键；题干块6-gram重叠0.0000(题干321字/材料段4字)
BJ-2026-SJS-ERMO-Q12,BJ-2026-SJS-ERMO,12,S00b61bbb2c75,2026模拟题/2026各区二模/2026石景山二模/试卷/2026北京石景山高三二模政治（教师版）.docx,教师版,参考答案,已匹配参考答案,仅有参考答案,1.0,,考试身份同(BJ-2026-SJS-ERMO)；文件名未限定题号；正文定位方式=题号起首；题干块6-gram重叠1.0000(题干321字/材料段322字)
BJ-2026-SJS-ERMO-Q13,BJ-2026-SJS-ERMO,13,S404f493eede9,2026模拟题/2026各区二模/2026石景山二模/细则/石景山区高三政治第二次模拟考试答案评分细则(1).doc,评分材料,正式评分材料,存在候选,仅有参考答案,0.0,,考试身份同(BJ-2026-SJS-ERMO)；文件名未限定题号；正文定位方式=行内答案键；题干块6-gram重叠0.0000(题干293字/材料段4字)
BJ-2026-SJS-ERMO-Q13,BJ-2026-SJS-ERMO,13,S00b61bbb2c75,2026模拟题/2026各区二模/2026石景山二模/试卷/2026北京石景山高三二模政治（教师版）.docx,教师版,参考答案,已匹配参考答案,仅有参考答案,1.0,,考试身份同(BJ-2026-SJS-ERMO)；文件名未限定题号；正文定位方式=题号起首；题干块6-gram重叠1.0000(题干293字/材料段294字)
BJ-2026-SJS-ERMO-Q14,BJ-2026-SJS-ERMO,14,S404f493eede9,2026模拟题/2026各区二模/2026石景山二模/细则/石景山区高三政治第二次模拟考试答案评分细则(1).doc,评分材料,正式评分材料,存在候选,仅有参考答案,0.0,,考试身份同(BJ-2026-SJS-ERMO)；文件名未限定题号；正文定位方式=行内答案键；题干块6-gram重叠0.0000(题干339字/材料段4字)
BJ-2026-SJS-ERMO-Q14,BJ-2026-SJS-ERMO,14,S00b61bbb2c75,2026模拟题/2026各区二模/2026石景山二模/试卷/2026北京石景山高三二模政治（教师版）.docx,教师版,参考答案,已匹配参考答案,仅有参考答案,1.0,,考试身份同(BJ-2026-SJS-ERMO)；文件名未限定题号；正文定位方式=题号起首；题干块6-gram重叠1.0000(题干339字/材料段340字)
BJ-2026-SJS-ERMO-Q15,BJ-2026-SJS-ERMO,15,S404f493eede9,2026模拟题/2026各区二模/2026石景山二模/细则/石景山区高三政治第二次模拟考试答案评分细则(1).doc,评分材料,正式评分材料,存在候选,仅有参考答案,0.0,,考试身份同(BJ-2026-SJS-ERMO)；文件名未限定题号；正文定位方式=行内答案键；题干块6-gram重叠0.0000(题干343字/材料段4字)
BJ-2026-SJS-ERMO-Q15,BJ-2026-SJS-ERMO,15,S00b61bbb2c75,2026模拟题/2026各区二模/2026石景山二模/试卷/2026北京石景山高三二模政治（教师版）.docx,教师版,参考答案,已匹配参考答案,仅有参考答案,1.0,,考试身份同(BJ-2026-SJS-ERMO)；文件名未限定题号；正文定位方式=题号起首；题干块6-gram重叠1.0000(题干343字/材料段344字)
BJ-2026-XC-ERMO-Q16,BJ-2026-XC-ERMO,16,Sf414cf7940ad,2026模拟题/2026各区二模/2026西城二模/细则/西城二模评标.pdf,评分材料,正式评分材料,存在候选,仅有参考答案,0.0,,考试身份同(BJ-2026-XC-ERMO)；文件名未限定题号；未能在材料正文定位到第16题段，仅按同卷材料登记为候选；题干块6-gram重叠0.0000(题干1259字/材料段0字)；同题另一来源块状态较弱(存在候选)，已按最强状态归并
BJ-2026-XC-ERMO-Q16,BJ-2026-XC-ERMO,16,S21ae4c2f7aee,2026模拟题/2026各区二模/2026西城二模/试卷/2026北京西城高三二模政治（教师版）.docx,教师版,参考答案,已匹配参考答案,仅有参考答案,0.2671,,考试身份同(BJ-2026-XC-ERMO)；文件名未限定题号；正文定位方式=题号起首；题干块6-gram重叠0.2671(题干1259字/材料段292字)；同题另一来源块状态较弱(已匹配参考答案)，已按最强状态归并
BJ-2026-XC-ERMO-Q17,BJ-2026-XC-ERMO,17,Sf414cf7940ad,2026模拟题/2026各区二模/2026西城二模/细则/西城二模评标.pdf,评分材料,正式评分材料,存在候选,仅有参考答案,0.0,,考试身份同(BJ-2026-XC-ERMO)；文件名未限定题号；未能在材料正文定位到第17题段，仅按同卷材料登记为候选；题干块6-gram重叠0.0000(题干1163字/材料段0字)；分值文本 6；同题另一来源块状态较弱(存在候选)，已按最强状态归并
BJ-2026-XC-ERMO-Q17,BJ-2026-XC-ERMO,17,S21ae4c2f7aee,2026模拟题/2026各区二模/2026西城二模/试卷/2026北京西城高三二模政治（教师版）.docx,教师版,参考答案,已匹配参考答案,仅有参考答案,0.3645,,考试身份同(BJ-2026-XC-ERMO)；文件名未限定题号；正文定位方式=题号起首；题干块6-gram重叠0.3645(题干1163字/材料段445字)；分值文本 6；同题另一来源块状态较弱(已匹配参考答案)，已按最强状态归并
BJ-2026-XC-ERMO-Q19,BJ-2026-XC-ERMO,19,Sf414cf7940ad,2026模拟题/2026各区二模/2026西城二模/细则/西城二模评标.pdf,评分材料,正式评分材料,存在候选,仅有参考答案,0.0,,考试身份同(BJ-2026-XC-ERMO)；文件名未限定题号；未能在材料正文定位到第19题段，仅按同卷材料登记为候选；题干块6-gram重叠0.0000(题干217字/材料段0字)；同题另一来源块状态较弱(存在候选)，已按最强状态归并
BJ-2026-XC-ERMO-Q19,BJ-2026-XC-ERMO,19,S21ae4c2f7aee,2026模拟题/2026各区二模/2026西城二模/试卷/2026北京西城高三二模政治（教师版）.docx,教师版,参考答案,已匹配参考答案,仅有参考答案,0.1594,,考试身份同(BJ-2026-XC-ERMO)；文件名未限定题号；正文定位方式=题号起首；题干块6-gram重叠0.1594(题干217字/材料段597字)；同题另一来源块状态较弱(已匹配参考答案)，已按最强状态归并
BJ-2026-XC-ERMO-Q20,BJ-2026-XC-ERMO,20,Sf414cf7940ad,2026模拟题/2026各区二模/2026西城二模/细则/西城二模评标.pdf,评分材料,正式评分材料,存在候选,仅有参考答案,0.0,,考试身份同(BJ-2026-XC-ERMO)；文件名未限定题号；未能在材料正文定位到第20题段，仅按同卷材料登记为候选；题干块6-gram重叠0.0000(题干41字/材料段0字)；分值文本 10；同题另一来源块状态较弱(存在候选)，已按最强状态归并
BJ-2026-XC-ERMO-Q20,BJ-2026-XC-ERMO,20,S21ae4c2f7aee,2026模拟题/2026各区二模/2026西城二模/试卷/2026北京西城高三二模政治（教师版）.docx,教师版,参考答案,已匹配参考答案,仅有参考答案,0.4857,,考试身份同(BJ-2026-XC-ERMO)；文件名未限定题号；正文定位方式=题号起首；题干块6-gram重叠0.4857(题干41字/材料段2446字)；分值文本 10；同题另一来源块状态较弱(已匹配参考答案)，已按最强状态归并
BJ-2026-XC-ERMO-Q1,BJ-2026-XC-ERMO,1,Sf414cf7940ad,2026模拟题/2026各区二模/2026西城二模/细则/西城二模评标.pdf,评分材料,正式评分材料,存在候选,仅有参考答案,0.0,,考试身份同(BJ-2026-XC-ERMO)；文件名未限定题号；未能在材料正文定位到第1题段，仅按同卷材料登记为候选；题干块6-gram重叠0.0000(题干356字/材料段0字)
BJ-2026-XC-ERMO-Q1,BJ-2026-XC-ERMO,1,S21ae4c2f7aee,2026模拟题/2026各区二模/2026西城二模/试卷/2026北京西城高三二模政治（教师版）.docx,教师版,参考答案,已匹配参考答案,仅有参考答案,1.0,,考试身份同(BJ-2026-XC-ERMO)；文件名未限定题号；正文定位方式=题号起首；题干块6-gram重叠1.0000(题干356字/材料段357字)
BJ-2026-XC-ERMO-Q2,BJ-2026-XC-ERMO,2,Sf414cf7940ad,2026模拟题/2026各区二模/2026西城二模/细则/西城二模评标.pdf,评分材料,正式评分材料,存在候选,仅有参考答案,0.0,,考试身份同(BJ-2026-XC-ERMO)；文件名未限定题号；未能在材料正文定位到第2题段，仅按同卷材料登记为候选；题干块6-gram重叠0.0000(题干289字/材料段0字)
BJ-2026-XC-ERMO-Q2,BJ-2026-XC-ERMO,2,S21ae4c2f7aee,2026模拟题/2026各区二模/2026西城二模/试卷/2026北京西城高三二模政治（教师版）.docx,教师版,参考答案,已匹配参考答案,仅有参考答案,1.0,,考试身份同(BJ-2026-XC-ERMO)；文件名未限定题号；正文定位方式=题号起首；题干块6-gram重叠1.0000(题干289字/材料段290字)
BJ-2026-XC-ERMO-Q3,BJ-2026-XC-ERMO,3,Sf414cf7940ad,2026模拟题/2026各区二模/2026西城二模/细则/西城二模评标.pdf,评分材料,正式评分材料,存在候选,仅有参考答案,0.0,,考试身份同(BJ-2026-XC-ERMO)；文件名未限定题号；未能在材料正文定位到第3题段，仅按同卷材料登记为候选；题干块6-gram重叠0.0000(题干219字/材料段0字)
BJ-2026-XC-ERMO-Q3,BJ-2026-XC-ERMO,3,S21ae4c2f7aee,2026模拟题/2026各区二模/2026西城二模/试卷/2026北京西城高三二模政治（教师版）.docx,教师版,参考答案,已匹配参考答案,仅有参考答案,1.0,,考试身份同(BJ-2026-XC-ERMO)；文件名未限定题号；正文定位方式=题号起首；题干块6-gram重叠1.0000(题干219字/材料段220字)
BJ-2026-XC-ERMO-Q4,BJ-2026-XC-ERMO,4,Sf414cf7940ad,2026模拟题/2026各区二模/2026西城二模/细则/西城二模评标.pdf,评分材料,正式评分材料,存在候选,仅有参考答案,0.0,,考试身份同(BJ-2026-XC-ERMO)；文件名未限定题号；未能在材料正文定位到第4题段，仅按同卷材料登记为候选；题干块6-gram重叠0.0000(题干229字/材料段0字)
BJ-2026-XC-ERMO-Q4,BJ-2026-XC-ERMO,4,S21ae4c2f7aee,2026模拟题/2026各区二模/2026西城二模/试卷/2026北京西城高三二模政治（教师版）.docx,教师版,参考答案,已匹配参考答案,仅有参考答案,1.0,,考试身份同(BJ-2026-XC-ERMO)；文件名未限定题号；正文定位方式=题号起首；题干块6-gram重叠1.0000(题干229字/材料段230字)
BJ-2026-XC-ERMO-Q5,BJ-2026-XC-ERMO,5,Sf414cf7940ad,2026模拟题/2026各区二模/2026西城二模/细则/西城二模评标.pdf,评分材料,正式评分材料,存在候选,仅有参考答案,0.0,,考试身份同(BJ-2026-XC-ERMO)；文件名未限定题号；未能在材料正文定位到第5题段，仅按同卷材料登记为候选；题干块6-gram重叠0.0000(题干261字/材料段0字)
BJ-2026-XC-ERMO-Q5,BJ-2026-XC-ERMO,5,S21ae4c2f7aee,2026模拟题/2026各区二模/2026西城二模/试卷/2026北京西城高三二模政治（教师版）.docx,教师版,参考答案,已匹配参考答案,仅有参考答案,1.0,,考试身份同(BJ-2026-XC-ERMO)；文件名未限定题号；正文定位方式=题号起首；题干块6-gram重叠1.0000(题干261字/材料段262字)
BJ-2026-XC-ERMO-Q6,BJ-2026-XC-ERMO,6,Sf414cf7940ad,2026模拟题/2026各区二模/2026西城二模/细则/西城二模评标.pdf,评分材料,正式评分材料,存在候选,仅有参考答案,0.0,,考试身份同(BJ-2026-XC-ERMO)；文件名未限定题号；未能在材料正文定位到第6题段，仅按同卷材料登记为候选；题干块6-gram重叠0.0000(题干244字/材料段0字)
BJ-2026-XC-ERMO-Q6,BJ-2026-XC-ERMO,6,S21ae4c2f7aee,2026模拟题/2026各区二模/2026西城二模/试卷/2026北京西城高三二模政治（教师版）.docx,教师版,参考答案,已匹配参考答案,仅有参考答案,1.0,,考试身份同(BJ-2026-XC-ERMO)；文件名未限定题号；正文定位方式=题号起首；题干块6-gram重叠1.0000(题干244字/材料段245字)
BJ-2026-XC-ERMO-Q7,BJ-2026-XC-ERMO,7,Sf414cf7940ad,2026模拟题/2026各区二模/2026西城二模/细则/西城二模评标.pdf,评分材料,正式评分材料,存在候选,仅有参考答案,0.0,,考试身份同(BJ-2026-XC-ERMO)；文件名未限定题号；未能在材料正文定位到第7题段，仅按同卷材料登记为候选；题干块6-gram重叠0.0000(题干231字/材料段0字)
BJ-2026-XC-ERMO-Q7,BJ-2026-XC-ERMO,7,S21ae4c2f7aee,2026模拟题/2026各区二模/2026西城二模/试卷/2026北京西城高三二模政治（教师版）.docx,教师版,参考答案,已匹配参考答案,仅有参考答案,1.0,,考试身份同(BJ-2026-XC-ERMO)；文件名未限定题号；正文定位方式=题号起首；题干块6-gram重叠1.0000(题干231字/材料段232字)
BJ-2026-XC-ERMO-Q8,BJ-2026-XC-ERMO,8,Sf414cf7940ad,2026模拟题/2026各区二模/2026西城二模/细则/西城二模评标.pdf,评分材料,正式评分材料,存在候选,仅有参考答案,0.0,,考试身份同(BJ-2026-XC-ERMO)；文件名未限定题号；未能在材料正文定位到第8题段，仅按同卷材料登记为候选；题干块6-gram重叠0.0000(题干289字/材料段0字)
BJ-2026-XC-ERMO-Q8,BJ-2026-XC-ERMO,8,S21ae4c2f7aee,2026模拟题/2026各区二模/2026西城二模/试卷/2026北京西城高三二模政治（教师版）.docx,教师版,参考答案,已匹配参考答案,仅有参考答案,1.0,,考试身份同(BJ-2026-XC-ERMO)；文件名未限定题号；正文定位方式=题号起首；题干块6-gram重叠1.0000(题干289字/材料段290字)
BJ-2026-XC-ERMO-Q9,BJ-2026-XC-ERMO,9,Sf414cf7940ad,2026模拟题/2026各区二模/2026西城二模/细则/西城二模评标.pdf,评分材料,正式评分材料,存在候选,仅有参考答案,0.0,,考试身份同(BJ-2026-XC-ERMO)；文件名未限定题号；未能在材料正文定位到第9题段，仅按同卷材料登记为候选；题干块6-gram重叠0.0000(题干317字/材料段0字)
BJ-2026-XC-ERMO-Q9,BJ-2026-XC-ERMO,9,S21ae4c2f7aee,2026模拟题/2026各区二模/2026西城二模/试卷/2026北京西城高三二模政治（教师版）.docx,教师版,参考答案,已匹配参考答案,仅有参考答案,1.0,,考试身份同(BJ-2026-XC-ERMO)；文件名未限定题号；正文定位方式=题号起首；题干块6-gram重叠1.0000(题干317字/材料段318字)
BJ-2026-XC-ERMO-Q10,BJ-2026-XC-ERMO,10,Sf414cf7940ad,2026模拟题/2026各区二模/2026西城二模/细则/西城二模评标.pdf,评分材料,正式评分材料,存在候选,仅有参考答案,0.0,,考试身份同(BJ-2026-XC-ERMO)；文件名未限定题号；未能在材料正文定位到第10题段，仅按同卷材料登记为候选；题干块6-gram重叠0.0000(题干252字/材料段0字)
BJ-2026-XC-ERMO-Q10,BJ-2026-XC-ERMO,10,S21ae4c2f7aee,2026模拟题/2026各区二模/2026西城二模/试卷/2026北京西城高三二模政治（教师版）.docx,教师版,参考答案,已匹配参考答案,仅有参考答案,1.0,,考试身份同(BJ-2026-XC-ERMO)；文件名未限定题号；正文定位方式=题号起首；题干块6-gram重叠1.0000(题干252字/材料段253字)
BJ-2026-XC-ERMO-Q11,BJ-2026-XC-ERMO,11,Sf414cf7940ad,2026模拟题/2026各区二模/2026西城二模/细则/西城二模评标.pdf,评分材料,正式评分材料,存在候选,仅有参考答案,0.0,,考试身份同(BJ-2026-XC-ERMO)；文件名未限定题号；未能在材料正文定位到第11题段，仅按同卷材料登记为候选；题干块6-gram重叠0.0000(题干209字/材料段0字)
BJ-2026-XC-ERMO-Q11,BJ-2026-XC-ERMO,11,S21ae4c2f7aee,2026模拟题/2026各区二模/2026西城二模/试卷/2026北京西城高三二模政治（教师版）.docx,教师版,参考答案,已匹配参考答案,仅有参考答案,1.0,,考试身份同(BJ-2026-XC-ERMO)；文件名未限定题号；正文定位方式=题号起首；题干块6-gram重叠1.0000(题干209字/材料段210字)
BJ-2026-XC-ERMO-Q12,BJ-2026-XC-ERMO,12,Sf414cf7940ad,2026模拟题/2026各区二模/2026西城二模/细则/西城二模评标.pdf,评分材料,正式评分材料,存在候选,仅有参考答案,0.0,,考试身份同(BJ-2026-XC-ERMO)；文件名未限定题号；未能在材料正文定位到第12题段，仅按同卷材料登记为候选；题干块6-gram重叠0.0000(题干252字/材料段0字)
BJ-2026-XC-ERMO-Q12,BJ-2026-XC-ERMO,12,S21ae4c2f7aee,2026模拟题/2026各区二模/2026西城二模/试卷/2026北京西城高三二模政治（教师版）.docx,教师版,参考答案,已匹配参考答案,仅有参考答案,1.0,,考试身份同(BJ-2026-XC-ERMO)；文件名未限定题号；正文定位方式=题号起首；题干块6-gram重叠1.0000(题干252字/材料段253字)
BJ-2026-XC-ERMO-Q13,BJ-2026-XC-ERMO,13,Sf414cf7940ad,2026模拟题/2026各区二模/2026西城二模/细则/西城二模评标.pdf,评分材料,正式评分材料,存在候选,仅有参考答案,0.0,,考试身份同(BJ-2026-XC-ERMO)；文件名未限定题号；未能在材料正文定位到第13题段，仅按同卷材料登记为候选；题干块6-gram重叠0.0000(题干294字/材料段0字)
BJ-2026-XC-ERMO-Q13,BJ-2026-XC-ERMO,13,S21ae4c2f7aee,2026模拟题/2026各区二模/2026西城二模/试卷/2026北京西城高三二模政治（教师版）.docx,教师版,参考答案,已匹配参考答案,仅有参考答案,1.0,,考试身份同(BJ-2026-XC-ERMO)；文件名未限定题号；正文定位方式=题号起首；题干块6-gram重叠1.0000(题干294字/材料段295字)
BJ-2026-XC-ERMO-Q14,BJ-2026-XC-ERMO,14,Sf414cf7940ad,2026模拟题/2026各区二模/2026西城二模/细则/西城二模评标.pdf,评分材料,正式评分材料,存在候选,仅有参考答案,0.0,,考试身份同(BJ-2026-XC-ERMO)；文件名未限定题号；未能在材料正文定位到第14题段，仅按同卷材料登记为候选；题干块6-gram重叠0.0000(题干164字/材料段0字)
BJ-2026-XC-ERMO-Q14,BJ-2026-XC-ERMO,14,S21ae4c2f7aee,2026模拟题/2026各区二模/2026西城二模/试卷/2026北京西城高三二模政治（教师版）.docx,教师版,参考答案,已匹配参考答案,仅有参考答案,1.0,,考试身份同(BJ-2026-XC-ERMO)；文件名未限定题号；正文定位方式=题号起首；题干块6-gram重叠1.0000(题干164字/材料段165字)
BJ-2026-XC-ERMO-Q15,BJ-2026-XC-ERMO,15,Sf414cf7940ad,2026模拟题/2026各区二模/2026西城二模/细则/西城二模评标.pdf,评分材料,正式评分材料,存在候选,仅有参考答案,0.0,,考试身份同(BJ-2026-XC-ERMO)；文件名未限定题号；未能在材料正文定位到第15题段，仅按同卷材料登记为候选；题干块6-gram重叠0.0000(题干217字/材料段0字)
BJ-2026-XC-ERMO-Q15,BJ-2026-XC-ERMO,15,S21ae4c2f7aee,2026模拟题/2026各区二模/2026西城二模/试卷/2026北京西城高三二模政治（教师版）.docx,教师版,参考答案,已匹配参考答案,仅有参考答案,1.0,,考试身份同(BJ-2026-XC-ERMO)；文件名未限定题号；正文定位方式=题号起首；题干块6-gram重叠1.0000(题干217字/材料段218字)
BJ-2026-XC-ERMO-Q18,BJ-2026-XC-ERMO,18,Sf414cf7940ad,2026模拟题/2026各区二模/2026西城二模/细则/西城二模评标.pdf,评分材料,正式评分材料,存在候选,仅有参考答案,0.0,,考试身份同(BJ-2026-XC-ERMO)；文件名未限定题号；未能在材料正文定位到第18题段，仅按同卷材料登记为候选；题干块6-gram重叠0.0000(题干822字/材料段0字)；分值文本 23
BJ-2026-XC-ERMO-Q18,BJ-2026-XC-ERMO,18,S21ae4c2f7aee,2026模拟题/2026各区二模/2026西城二模/试卷/2026北京西城高三二模政治（教师版）.docx,教师版,参考答案,已匹配参考答案,仅有参考答案,1.0,,考试身份同(BJ-2026-XC-ERMO)；文件名未限定题号；正文定位方式=题号起首；题干块6-gram重叠1.0000(题干822字/材料段823字)；分值文本 23
BJ-2026-SY-ERMO-Q17,BJ-2026-SY-ERMO,17,S643322688930,2026模拟题/2026各区二模/2026顺义二模/细则/26顺义二模评标.doc,评分材料,正式评分材料,存在候选,存在候选,0.0,,考试身份同(BJ-2026-SY-ERMO)；文件名未限定题号；未能在材料正文定位到第17题段，仅按同卷材料登记为候选；题干块6-gram重叠0.0000(题干595字/材料段0字)；分值文本 8；同题另一来源块状态较弱(存在候选)，已按最强状态归并
BJ-2026-SY-ERMO-Q18,BJ-2026-SY-ERMO,18,S643322688930,2026模拟题/2026各区二模/2026顺义二模/细则/26顺义二模评标.doc,评分材料,正式评分材料,已匹配正式材料,已匹配正式材料,1.0,,考试身份同(BJ-2026-SY-ERMO)；文件名未限定题号；正文定位方式=题号起首；题干块6-gram重叠1.0000(题干616字/材料段3664字)；分值文本 14；同题另一来源块状态较弱(存在候选)，已按最强状态归并
BJ-2026-SY-ERMO-Q20,BJ-2026-SY-ERMO,20,S643322688930,2026模拟题/2026各区二模/2026顺义二模/细则/26顺义二模评标.doc,评分材料,正式评分材料,已匹配正式材料,已匹配正式材料,1.0,,考试身份同(BJ-2026-SY-ERMO)；文件名未限定题号；正文定位方式=题号起首；题干块6-gram重叠1.0000(题干845字/材料段2411字)；分值文本 8；同题另一来源块状态较弱(存在候选)，已按最强状态归并
BJ-2026-SY-ERMO-Q21,BJ-2026-SY-ERMO,21,S643322688930,2026模拟题/2026各区二模/2026顺义二模/细则/26顺义二模评标.doc,评分材料,正式评分材料,存在候选,存在候选,0.0,,考试身份同(BJ-2026-SY-ERMO)；文件名未限定题号；未能在材料正文定位到第21题段，仅按同卷材料登记为候选；题干块6-gram重叠0.0000(题干1561字/材料段0字)；分值文本 10；同题另一来源块状态较弱(存在候选)，已按最强状态归并
BJ-2026-SY-ERMO-Q1,BJ-2026-SY-ERMO,1,S643322688930,2026模拟题/2026各区二模/2026顺义二模/细则/26顺义二模评标.doc,评分材料,正式评分材料,存在候选,存在候选,0.0,,考试身份同(BJ-2026-SY-ERMO)；文件名未限定题号；正文定位方式=题号起首；题干块6-gram重叠0.0000(题干504字/材料段4000字)
BJ-2026-SY-ERMO-Q2,BJ-2026-SY-ERMO,2,S643322688930,2026模拟题/2026各区二模/2026顺义二模/细则/26顺义二模评标.doc,评分材料,正式评分材料,存在候选,存在候选,0.0,,考试身份同(BJ-2026-SY-ERMO)；文件名未限定题号；正文定位方式=行内答案键；题干块6-gram重叠0.0000(题干232字/材料段3字)
BJ-2026-SY-ERMO-Q3,BJ-2026-SY-ERMO,3,S643322688930,2026模拟题/2026各区二模/2026顺义二模/细则/26顺义二模评标.doc,评分材料,正式评分材料,存在候选,存在候选,0.0,,考试身份同(BJ-2026-SY-ERMO)；文件名未限定题号；正文定位方式=行内答案键；题干块6-gram重叠0.0000(题干244字/材料段3字)
BJ-2026-SY-ERMO-Q4,BJ-2026-SY-ERMO,4,S643322688930,2026模拟题/2026各区二模/2026顺义二模/细则/26顺义二模评标.doc,评分材料,正式评分材料,存在候选,存在候选,0.0,,考试身份同(BJ-2026-SY-ERMO)；文件名未限定题号；正文定位方式=行内答案键；题干块6-gram重叠0.0000(题干339字/材料段3字)
BJ-2026-SY-ERMO-Q5,BJ-2026-SY-ERMO,5,S643322688930,2026模拟题/2026各区二模/2026顺义二模/细则/26顺义二模评标.doc,评分材料,正式评分材料,存在候选,存在候选,0.0,,考试身份同(BJ-2026-SY-ERMO)；文件名未限定题号；正文定位方式=行内答案键；题干块6-gram重叠0.0000(题干389字/材料段3字)
BJ-2026-SY-ERMO-Q6,BJ-2026-SY-ERMO,6,S643322688930,2026模拟题/2026各区二模/2026顺义二模/细则/26顺义二模评标.doc,评分材料,正式评分材料,存在候选,存在候选,0.0,,考试身份同(BJ-2026-SY-ERMO)；文件名未限定题号；正文定位方式=题号起首；题干块6-gram重叠0.0000(题干299字/材料段4000字)
BJ-2026-SY-ERMO-Q7,BJ-2026-SY-ERMO,7,S643322688930,2026模拟题/2026各区二模/2026顺义二模/细则/26顺义二模评标.doc,评分材料,正式评分材料,存在候选,存在候选,0.0,,考试身份同(BJ-2026-SY-ERMO)；文件名未限定题号；正文定位方式=行内答案键；题干块6-gram重叠0.0000(题干283字/材料段3字)
BJ-2026-SY-ERMO-Q8,BJ-2026-SY-ERMO,8,S643322688930,2026模拟题/2026各区二模/2026顺义二模/细则/26顺义二模评标.doc,评分材料,正式评分材料,存在候选,存在候选,0.0,,考试身份同(BJ-2026-SY-ERMO)；文件名未限定题号；正文定位方式=行内答案键；题干块6-gram重叠0.0000(题干354字/材料段3字)
BJ-2026-SY-ERMO-Q9,BJ-2026-SY-ERMO,9,S643322688930,2026模拟题/2026各区二模/2026顺义二模/细则/26顺义二模评标.doc,评分材料,正式评分材料,存在候选,存在候选,0.0,,考试身份同(BJ-2026-SY-ERMO)；文件名未限定题号；正文定位方式=行内答案键；题干块6-gram重叠0.0000(题干373字/材料段3字)
BJ-2026-SY-ERMO-Q10,BJ-2026-SY-ERMO,10,S643322688930,2026模拟题/2026各区二模/2026顺义二模/细则/26顺义二模评标.doc,评分材料,正式评分材料,存在候选,存在候选,0.0,,考试身份同(BJ-2026-SY-ERMO)；文件名未限定题号；正文定位方式=行内答案键；题干块6-gram重叠0.0000(题干273字/材料段4字)
BJ-2026-SY-ERMO-Q11,BJ-2026-SY-ERMO,11,S643322688930,2026模拟题/2026各区二模/2026顺义二模/细则/26顺义二模评标.doc,评分材料,正式评分材料,存在候选,存在候选,0.0,,考试身份同(BJ-2026-SY-ERMO)；文件名未限定题号；正文定位方式=题号起首；题干块6-gram重叠0.0000(题干298字/材料段4000字)
BJ-2026-SY-ERMO-Q12,BJ-2026-SY-ERMO,12,S643322688930,2026模拟题/2026各区二模/2026顺义二模/细则/26顺义二模评标.doc,评分材料,正式评分材料,存在候选,存在候选,0.0,,考试身份同(BJ-2026-SY-ERMO)；文件名未限定题号；正文定位方式=行内答案键；题干块6-gram重叠0.0000(题干382字/材料段4字)
BJ-2026-SY-ERMO-Q13,BJ-2026-SY-ERMO,13,S643322688930,2026模拟题/2026各区二模/2026顺义二模/细则/26顺义二模评标.doc,评分材料,正式评分材料,存在候选,存在候选,0.0,,考试身份同(BJ-2026-SY-ERMO)；文件名未限定题号；正文定位方式=行内答案键；题干块6-gram重叠0.0000(题干224字/材料段5字)
BJ-2026-SY-ERMO-Q14,BJ-2026-SY-ERMO,14,S643322688930,2026模拟题/2026各区二模/2026顺义二模/细则/26顺义二模评标.doc,评分材料,正式评分材料,存在候选,存在候选,0.0,,考试身份同(BJ-2026-SY-ERMO)；文件名未限定题号；正文定位方式=行内答案键；题干块6-gram重叠0.0000(题干274字/材料段4字)
BJ-2026-SY-ERMO-Q15,BJ-2026-SY-ERMO,15,S643322688930,2026模拟题/2026各区二模/2026顺义二模/细则/26顺义二模评标.doc,评分材料,正式评分材料,存在候选,存在候选,0.0,,考试身份同(BJ-2026-SY-ERMO)；文件名未限定题号；正文定位方式=行内答案键；题干块6-gram重叠0.0000(题干391字/材料段4字)
BJ-2026-SY-ERMO-Q16,BJ-2026-SY-ERMO,16,S643322688930,2026模拟题/2026各区二模/2026顺义二模/细则/26顺义二模评标.doc,评分材料,正式评分材料,存在候选,存在候选,0.0,,考试身份同(BJ-2026-SY-ERMO)；文件名未限定题号；未能在材料正文定位到第16题段，仅按同卷材料登记为候选；题干块6-gram重叠0.0000(题干585字/材料段0字)；分值文本 8
BJ-2026-SY-ERMO-Q19,BJ-2026-SY-ERMO,19,S643322688930,2026模拟题/2026各区二模/2026顺义二模/细则/26顺义二模评标.doc,评分材料,正式评分材料,存在候选,存在候选,0.0,,考试身份同(BJ-2026-SY-ERMO)；文件名未限定题号；未能在材料正文定位到第19题段，仅按同卷材料登记为候选；题干块6-gram重叠0.0000(题干547字/材料段0字)；分值文本 7
BJ-2026-DC-QIMO-Q2,BJ-2026-DC-QIMO,2,Se4d67789c91d,2026模拟题/2026各区期末和期中/2026东城期末/细则/细则.pptx,评分材料,正式评分材料,已匹配正式材料,已匹配正式材料,1.0,,考试身份同(BJ-2026-DC-QIMO)；文件名未限定题号；正文定位方式=题号起首；题干块6-gram重叠1.0000(题干679字/材料段680字)；同题另一来源块状态较弱(存在候选)，已按最强状态归并；同题另一来源块状态较弱(存在候选)，已按最强状态归并
BJ-2026-DC-QIMO-Q3,BJ-2026-DC-QIMO,3,Se4d67789c91d,2026模拟题/2026各区期末和期中/2026东城期末/细则/细则.pptx,评分材料,正式评分材料,已匹配正式材料,已匹配正式材料,1.0,,考试身份同(BJ-2026-DC-QIMO)；文件名未限定题号；正文定位方式=题号起首；题干块6-gram重叠1.0000(题干7000字/材料段7839字)；同题另一来源块状态较弱(存在候选)，已按最强状态归并；同题另一来源块状态较弱(存在候选)，已按最强状态归并
BJ-2026-DC-QIMO-Q16,BJ-2026-DC-QIMO,16,Se4d67789c91d,2026模拟题/2026各区期末和期中/2026东城期末/细则/细则.pptx,评分材料,正式评分材料,已匹配正式材料,已匹配正式材料,1.0,,考试身份同(BJ-2026-DC-QIMO)；文件名未限定题号；正文定位方式=题号起首；题干块6-gram重叠1.0000(题干837字/材料段1023字)；同题另一来源块状态较弱(存在候选)，已按最强状态归并；同题另一来源块状态较弱(存在候选)，已按最强状态归并
BJ-2026-DC-QIMO-Q4,BJ-2026-DC-QIMO,4,Se4d67789c91d,2026模拟题/2026各区期末和期中/2026东城期末/细则/细则.pptx,评分材料,正式评分材料,已匹配正式材料,已匹配正式材料,1.0,,考试身份同(BJ-2026-DC-QIMO)；文件名未限定题号；正文定位方式=题号起首；题干块6-gram重叠1.0000(题干184字/材料段6610字)；同题另一来源块状态较弱(存在候选)，已按最强状态归并；同题另一来源块状态较弱(存在候选)，已按最强状态归并
BJ-2026-DC-QIMO-Q17,BJ-2026-DC-QIMO,17,Se4d67789c91d,2026模拟题/2026各区期末和期中/2026东城期末/细则/细则.pptx,评分材料,正式评分材料,已匹配正式材料,已匹配正式材料,1.0,,考试身份同(BJ-2026-DC-QIMO)；文件名未限定题号；正文定位方式=题号起首；题干块6-gram重叠1.0000(题干3038字/材料段3039字)；分值文本 8；同题另一来源块状态较弱(已匹配正式材料)，已按最强状态归并；同题另一来源块状态较弱(已匹配正式材料)，已按最强状态归并
BJ-2026-DC-QIMO-Q18,BJ-2026-DC-QIMO,18,Se4d67789c91d,2026模拟题/2026各区期末和期中/2026东城期末/细则/细则.pptx,评分材料,正式评分材料,已匹配正式材料,已匹配正式材料,1.0,,考试身份同(BJ-2026-DC-QIMO)；文件名未限定题号；正文定位方式=题号起首；题干块6-gram重叠1.0000(题干2851字/材料段2852字)；分值文本 11；同题另一来源块状态较弱(已匹配正式材料)，已按最强状态归并；同题另一来源块状态较弱(已匹配正式材料)，已按最强状态归并
BJ-2026-DC-QIMO-Q19,BJ-2026-DC-QIMO,19,Se4d67789c91d,2026模拟题/2026各区期末和期中/2026东城期末/细则/细则.pptx,评分材料,正式评分材料,已匹配正式材料,已匹配正式材料,1.0,,考试身份同(BJ-2026-DC-QIMO)；文件名未限定题号；正文定位方式=题号起首；题干块6-gram重叠1.0000(题干533字/材料段3827字)；分值文本 8；同题另一来源块状态较弱(存在候选)，已按最强状态归并；同题另一来源块状态较弱(存在候选)，已按最强状态归并
BJ-2026-DC-QIMO-Q5,BJ-2026-DC-QIMO,5,Se4d67789c91d,2026模拟题/2026各区期末和期中/2026东城期末/细则/细则.pptx,评分材料,正式评分材料,已匹配正式材料,已匹配正式材料,1.0,,考试身份同(BJ-2026-DC-QIMO)；文件名未限定题号；正文定位方式=题号起首；题干块6-gram重叠1.0000(题干1292字/材料段1292字)；分值文本 6；同题另一来源块状态较弱(存在候选)，已按最强状态归并；同题另一来源块状态较弱(存在候选)，已按最强状态归并
BJ-2026-DC-QIMO-Q6,BJ-2026-DC-QIMO,6,Se4d67789c91d,2026模拟题/2026各区期末和期中/2026东城期末/细则/细则.pptx,评分材料,正式评分材料,已匹配正式材料,已匹配正式材料,1.0,,考试身份同(BJ-2026-DC-QIMO)；文件名未限定题号；正文定位方式=题号起首；题干块6-gram重叠1.0000(题干322字/材料段2000字)；同题另一来源块状态较弱(存在候选)，已按最强状态归并；同题另一来源块状态较弱(存在候选)，已按最强状态归并
BJ-2026-DC-QIMO-Q21,BJ-2026-DC-QIMO,21,Se4d67789c91d,2026模拟题/2026各区期末和期中/2026东城期末/细则/细则.pptx,评分材料,正式评分材料,已匹配正式材料,已匹配正式材料,1.0,,考试身份同(BJ-2026-DC-QIMO)；文件名未限定题号；正文定位方式=题号起首；题干块6-gram重叠1.0000(题干1675字/材料段1677字)；分值文本 8；同题另一来源块状态较弱(已匹配正式材料)，已按最强状态归并；同题另一来源块状态较弱(已匹配正式材料)，已按最强状态归并
BJ-2026-DC-QIMO-Q1,BJ-2026-DC-QIMO,1,Se4d67789c91d,2026模拟题/2026各区期末和期中/2026东城期末/细则/细则.pptx,评分材料,正式评分材料,存在候选,存在候选,0.0,,考试身份同(BJ-2026-DC-QIMO)；文件名未限定题号；正文定位方式=题号起首；题干块6-gram重叠0.0000(题干182字/材料段20字)；同题另一来源块状态较弱(存在候选)，已按最强状态归并
BJ-2026-DC-QIMO-Q7,BJ-2026-DC-QIMO,7,Se4d67789c91d,2026模拟题/2026各区期末和期中/2026东城期末/细则/细则.pptx,评分材料,正式评分材料,存在候选,存在候选,0.0,,考试身份同(BJ-2026-DC-QIMO)；文件名未限定题号；未能在材料正文定位到第7题段，仅按同卷材料登记为候选；题干块6-gram重叠0.0000(题干332字/材料段0字)；同题另一来源块状态较弱(存在候选)，已按最强状态归并
BJ-2026-DC-QIMO-Q8,BJ-2026-DC-QIMO,8,Se4d67789c91d,2026模拟题/2026各区期末和期中/2026东城期末/细则/细则.pptx,评分材料,正式评分材料,存在候选,存在候选,0.0,,考试身份同(BJ-2026-DC-QIMO)；文件名未限定题号；未能在材料正文定位到第8题段，仅按同卷材料登记为候选；题干块6-gram重叠0.0000(题干225字/材料段0字)；同题另一来源块状态较弱(存在候选)，已按最强状态归并
BJ-2026-DC-QIMO-Q9,BJ-2026-DC-QIMO,9,Se4d67789c91d,2026模拟题/2026各区期末和期中/2026东城期末/细则/细则.pptx,评分材料,正式评分材料,存在候选,存在候选,0.0,,考试身份同(BJ-2026-DC-QIMO)；文件名未限定题号；未能在材料正文定位到第9题段，仅按同卷材料登记为候选；题干块6-gram重叠0.0000(题干272字/材料段0字)；同题另一来源块状态较弱(存在候选)，已按最强状态归并
BJ-2026-DC-QIMO-Q10,BJ-2026-DC-QIMO,10,Se4d67789c91d,2026模拟题/2026各区期末和期中/2026东城期末/细则/细则.pptx,评分材料,正式评分材料,存在候选,存在候选,0.0,,考试身份同(BJ-2026-DC-QIMO)；文件名未限定题号；未能在材料正文定位到第10题段，仅按同卷材料登记为候选；题干块6-gram重叠0.0000(题干555字/材料段0字)；同题另一来源块状态较弱(存在候选)，已按最强状态归并
BJ-2026-DC-QIMO-Q11,BJ-2026-DC-QIMO,11,Se4d67789c91d,2026模拟题/2026各区期末和期中/2026东城期末/细则/细则.pptx,评分材料,正式评分材料,存在候选,存在候选,0.0,,考试身份同(BJ-2026-DC-QIMO)；文件名未限定题号；未能在材料正文定位到第11题段，仅按同卷材料登记为候选；题干块6-gram重叠0.0000(题干228字/材料段0字)；同题另一来源块状态较弱(存在候选)，已按最强状态归并
BJ-2026-DC-QIMO-Q12,BJ-2026-DC-QIMO,12,Se4d67789c91d,2026模拟题/2026各区期末和期中/2026东城期末/细则/细则.pptx,评分材料,正式评分材料,存在候选,存在候选,0.0,,考试身份同(BJ-2026-DC-QIMO)；文件名未限定题号；未能在材料正文定位到第12题段，仅按同卷材料登记为候选；题干块6-gram重叠0.0000(题干359字/材料段0字)；同题另一来源块状态较弱(存在候选)，已按最强状态归并
BJ-2026-DC-QIMO-Q13,BJ-2026-DC-QIMO,13,Se4d67789c91d,2026模拟题/2026各区期末和期中/2026东城期末/细则/细则.pptx,评分材料,正式评分材料,存在候选,存在候选,0.0,,考试身份同(BJ-2026-DC-QIMO)；文件名未限定题号；未能在材料正文定位到第13题段，仅按同卷材料登记为候选；题干块6-gram重叠0.0000(题干427字/材料段0字)；同题另一来源块状态较弱(存在候选)，已按最强状态归并
BJ-2026-DC-QIMO-Q14,BJ-2026-DC-QIMO,14,Se4d67789c91d,2026模拟题/2026各区期末和期中/2026东城期末/细则/细则.pptx,评分材料,正式评分材料,存在候选,存在候选,0.0,,考试身份同(BJ-2026-DC-QIMO)；文件名未限定题号；未能在材料正文定位到第14题段，仅按同卷材料登记为候选；题干块6-gram重叠0.0000(题干267字/材料段0字)；同题另一来源块状态较弱(存在候选)，已按最强状态归并
BJ-2026-DC-QIMO-Q15,BJ-2026-DC-QIMO,15,Se4d67789c91d,2026模拟题/2026各区期末和期中/2026东城期末/细则/细则.pptx,评分材料,正式评分材料,存在候选,存在候选,0.0,,考试身份同(BJ-2026-DC-QIMO)；文件名未限定题号；未能在材料正文定位到第15题段，仅按同卷材料登记为候选；题干块6-gram重叠0.0000(题干302字/材料段0字)；同题另一来源块状态较弱(存在候选)，已按最强状态归并
BJ-2026-DC-QIMO-Q20,BJ-2026-DC-QIMO,20,Se4d67789c91d,2026模拟题/2026各区期末和期中/2026东城期末/细则/细则.pptx,评分材料,正式评分材料,存在候选,存在候选,0.0,,考试身份同(BJ-2026-DC-QIMO)；文件名未限定题号；未能在材料正文定位到第20题段，仅按同卷材料登记为候选；题干块6-gram重叠0.0000(题干190字/材料段0字)；同题另一来源块状态较弱(存在候选)，已按最强状态归并
BJ-2026-FT-QIMO-Q1,BJ-2026-FT-QIMO,1,Sdbc93cbfd3a9,2026模拟题/2026各区期末和期中/2026丰台期末/细则/细则.pdf,评分材料,正式评分材料,存在候选,存在候选,1.0,,考试身份同(BJ-2026-FT-QIMO)；文件名未限定题号；正文定位方式=题号起首；题干块6-gram重叠1.0000(题干69字/材料段70字)；同题另一来源块状态较弱(存在候选)，已按最强状态归并；同题另一来源块状态较弱(存在候选)，已按最强状态归并
BJ-2026-FT-QIMO-Q2,BJ-2026-FT-QIMO,2,Sdbc93cbfd3a9,2026模拟题/2026各区期末和期中/2026丰台期末/细则/细则.pdf,评分材料,正式评分材料,存在候选,存在候选,1.0,,考试身份同(BJ-2026-FT-QIMO)；文件名未限定题号；正文定位方式=题号起首；题干块6-gram重叠1.0000(题干91字/材料段92字)
BJ-2026-FT-QIMO-Q3,BJ-2026-FT-QIMO,3,Sdbc93cbfd3a9,2026模拟题/2026各区期末和期中/2026丰台期末/细则/细则.pdf,评分材料,正式评分材料,已匹配正式材料,已匹配正式材料,1.0,,考试身份同(BJ-2026-FT-QIMO)；文件名未限定题号；正文定位方式=题号起首；题干块6-gram重叠1.0000(题干130字/材料段131字)；同题另一来源块状态较弱(存在候选)，已按最强状态归并
BJ-2026-FT-QIMO-Q4,BJ-2026-FT-QIMO,4,Sdbc93cbfd3a9,2026模拟题/2026各区期末和期中/2026丰台期末/细则/细则.pdf,评分材料,正式评分材料,已匹配正式材料,已匹配正式材料,1.0,,考试身份同(BJ-2026-FT-QIMO)；文件名未限定题号；正文定位方式=题号起首；题干块6-gram重叠1.0000(题干2783字/材料段2785字)；分值文本 8；同题另一来源块状态较弱(存在候选)，已按最强状态归并
BJ-2026-FT-QIMO-Q5,BJ-2026-FT-QIMO,5,Sdbc93cbfd3a9,2026模拟题/2026各区期末和期中/2026丰台期末/细则/细则.pdf,评分材料,正式评分材料,存在候选,存在候选,1.0,,考试身份同(BJ-2026-FT-QIMO)；文件名未限定题号；正文定位方式=题号起首；题干块6-gram重叠1.0000(题干61字/材料段62字)；同题另一来源块状态较弱(存在候选)，已按最强状态归并
BJ-2026-FT-QIMO-Q6,BJ-2026-FT-QIMO,6,Sdbc93cbfd3a9,2026模拟题/2026各区期末和期中/2026丰台期末/细则/细则.pdf,评分材料,正式评分材料,已匹配正式材料,已匹配正式材料,1.0,,考试身份同(BJ-2026-FT-QIMO)；文件名未限定题号；正文定位方式=题号起首；题干块6-gram重叠1.0000(题干128字/材料段4649字)
BJ-2026-FT-QIMO-Q9,BJ-2026-FT-QIMO,9,Sdbc93cbfd3a9,2026模拟题/2026各区期末和期中/2026丰台期末/细则/细则.pdf,评分材料,正式评分材料,存在候选,存在候选,1.0,,考试身份同(BJ-2026-FT-QIMO)；文件名未限定题号；正文定位方式=题号起首；题干块6-gram重叠1.0000(题干75字/材料段76字)
BJ-2026-FT-QIMO-Q10,BJ-2026-FT-QIMO,10,Sdbc93cbfd3a9,2026模拟题/2026各区期末和期中/2026丰台期末/细则/细则.pdf,评分材料,正式评分材料,已匹配正式材料,已匹配正式材料,1.0,,考试身份同(BJ-2026-FT-QIMO)；文件名未限定题号；正文定位方式=题号起首；题干块6-gram重叠1.0000(题干150字/材料段4000字)
BJ-2026-FT-QIMO-Q19,BJ-2026-FT-QIMO,19,Sdbc93cbfd3a9,2026模拟题/2026各区期末和期中/2026丰台期末/细则/细则.pdf,评分材料,正式评分材料,已匹配正式材料,已匹配正式材料,1.0,,考试身份同(BJ-2026-FT-QIMO)；文件名未限定题号；正文定位方式=题号起首；题干块6-gram重叠1.0000(题干4263字/材料段4449字)；分值文本 6；同题另一来源块状态较弱(存在候选)，已按最强状态归并；同题另一来源块状态较弱(存在候选)，已按最强状态归并
BJ-2026-FT-QIMO-Q7,BJ-2026-FT-QIMO,7,Sdbc93cbfd3a9,2026模拟题/2026各区期末和期中/2026丰台期末/细则/细则.pdf,评分材料,正式评分材料,已匹配正式材料,已匹配正式材料,1.0,,考试身份同(BJ-2026-FT-QIMO)；文件名未限定题号；正文定位方式=题号起首；题干块6-gram重叠1.0000(题干185字/材料段2261字)
BJ-2026-FT-QIMO-Q20,BJ-2026-FT-QIMO,20,Sdbc93cbfd3a9,2026模拟题/2026各区期末和期中/2026丰台期末/细则/细则.pdf,评分材料,正式评分材料,已匹配正式材料,已匹配正式材料,1.0,,考试身份同(BJ-2026-FT-QIMO)；文件名未限定题号；正文定位方式=题号起首；题干块6-gram重叠1.0000(题干2073字/材料段2076字)；分值文本 8；同题另一来源块状态较弱(存在候选)，已按最强状态归并；同题另一来源块状态较弱(存在候选)，已按最强状态归并
BJ-2026-FT-QIMO-Q16,BJ-2026-FT-QIMO,16,Sdbc93cbfd3a9,2026模拟题/2026各区期末和期中/2026丰台期末/细则/细则.pdf,评分材料,正式评分材料,存在候选,存在候选,0.0,,考试身份同(BJ-2026-FT-QIMO)；文件名未限定题号；未能在材料正文定位到第16题段，仅按同卷材料登记为候选；题干块6-gram重叠0.0000(题干2613字/材料段0字)；分值文本 7；同题另一来源块状态较弱(存在候选)，已按最强状态归并
BJ-2026-FT-QIMO-Q17,BJ-2026-FT-QIMO,17,Sdbc93cbfd3a9,2026模拟题/2026各区期末和期中/2026丰台期末/细则/细则.pdf,评分材料,正式评分材料,存在候选,存在候选,0.0,,考试身份同(BJ-2026-FT-QIMO)；文件名未限定题号；未能在材料正文定位到第17题段，仅按同卷材料登记为候选；题干块6-gram重叠0.0000(题干2604字/材料段0字)；分值文本 7；同题另一来源块状态较弱(存在候选)，已按最强状态归并
BJ-2026-FT-QIMO-Q18,BJ-2026-FT-QIMO,18,Sdbc93cbfd3a9,2026模拟题/2026各区期末和期中/2026丰台期末/细则/细则.pdf,评分材料,正式评分材料,存在候选,存在候选,0.0,,考试身份同(BJ-2026-FT-QIMO)；文件名未限定题号；未能在材料正文定位到第18题段，仅按同卷材料登记为候选；题干块6-gram重叠0.0000(题干1812字/材料段0字)；分值文本 8；同题另一来源块状态较弱(存在候选)，已按最强状态归并
BJ-2026-FT-QIMO-Q21,BJ-2026-FT-QIMO,21,Sdbc93cbfd3a9,2026模拟题/2026各区期末和期中/2026丰台期末/细则/细则.pdf,评分材料,正式评分材料,存在候选,存在候选,0.0,,考试身份同(BJ-2026-FT-QIMO)；文件名未限定题号；未能在材料正文定位到第21题段，仅按同卷材料登记为候选；题干块6-gram重叠0.0000(题干490字/材料段0字)；分值文本 8；同题另一来源块状态较弱(存在候选)，已按最强状态归并
BJ-2026-FT-QIMO-Q22,BJ-2026-FT-QIMO,22,Sdbc93cbfd3a9,2026模拟题/2026各区期末和期中/2026丰台期末/细则/细则.pdf,评分材料,正式评分材料,存在候选,存在候选,0.0,,考试身份同(BJ-2026-FT-QIMO)；文件名未限定题号；未能在材料正文定位到第22题段，仅按同卷材料登记为候选；题干块6-gram重叠0.0000(题干726字/材料段0字)；分值文本 9；同题另一来源块状态较弱(存在候选)，已按最强状态归并
BJ-2026-FT-QIMO-Q8,BJ-2026-FT-QIMO,8,Sdbc93cbfd3a9,2026模拟题/2026各区期末和期中/2026丰台期末/细则/细则.pdf,评分材料,正式评分材料,存在候选,存在候选,0.0,,考试身份同(BJ-2026-FT-QIMO)；文件名未限定题号；正文定位方式=题号起首；题干块6-gram重叠0.0000(题干739字/材料段29字)
BJ-2026-FT-QIMO-Q11,BJ-2026-FT-QIMO,11,Sdbc93cbfd3a9,2026模拟题/2026各区期末和期中/2026丰台期末/细则/细则.pdf,评分材料,正式评分材料,存在候选,存在候选,0.0,,考试身份同(BJ-2026-FT-QIMO)；文件名未限定题号；未能在材料正文定位到第11题段，仅按同卷材料登记为候选；题干块6-gram重叠0.0000(题干715字/材料段0字)
BJ-2026-FT-QIMO-Q13,BJ-2026-FT-QIMO,13,Sdbc93cbfd3a9,2026模拟题/2026各区期末和期中/2026丰台期末/细则/细则.pdf,评分材料,正式评分材料,存在候选,存在候选,0.0,,考试身份同(BJ-2026-FT-QIMO)；文件名未限定题号；未能在材料正文定位到第13题段，仅按同卷材料登记为候选；题干块6-gram重叠0.0000(题干375字/材料段0字)
BJ-2026-FT-QIMO-Q14,BJ-2026-FT-QIMO,14,Sdbc93cbfd3a9,2026模拟题/2026各区期末和期中/2026丰台期末/细则/细则.pdf,评分材料,正式评分材料,存在候选,存在候选,0.0,,考试身份同(BJ-2026-FT-QIMO)；文件名未限定题号；未能在材料正文定位到第14题段，仅按同卷材料登记为候选；题干块6-gram重叠0.0000(题干456字/材料段0字)
BJ-2026-FT-QIMO-Q15,BJ-2026-FT-QIMO,15,Sdbc93cbfd3a9,2026模拟题/2026各区期末和期中/2026丰台期末/细则/细则.pdf,评分材料,正式评分材料,存在候选,存在候选,0.0,,考试身份同(BJ-2026-FT-QIMO)；文件名未限定题号；未能在材料正文定位到第15题段，仅按同卷材料登记为候选；题干块6-gram重叠0.0000(题干309字/材料段0字)
BJ-2026-CP-QIMO-Q1,BJ-2026-CP-QIMO,1,Se748323b3f41,2026模拟题/2026各区期末和期中/2026昌平期末/2026北京昌平高三（上）期末政治（教师版）.docx,教师版,参考答案,已匹配参考答案,仅有参考答案,1.0,,考试身份同(BJ-2026-CP-QIMO)；文件名未限定题号；正文定位方式=题号起首；题干块6-gram重叠1.0000(题干204字/材料段205字)
BJ-2026-CP-QIMO-Q1,BJ-2026-CP-QIMO,1,Sff41058b55ac,2026模拟题/2026各区期末和期中/2026昌平期末/2026昌平政治期末细则(1).pdf,评分材料,正式评分材料,存在候选,仅有参考答案,0.0,,考试身份同(BJ-2026-CP-QIMO)；文件名未限定题号；正文定位方式=题号起首；题干块6-gram重叠0.0000(题干204字/材料段40字)
BJ-2026-CP-QIMO-Q2,BJ-2026-CP-QIMO,2,Se748323b3f41,2026模拟题/2026各区期末和期中/2026昌平期末/2026北京昌平高三（上）期末政治（教师版）.docx,教师版,参考答案,已匹配参考答案,仅有参考答案,1.0,,考试身份同(BJ-2026-CP-QIMO)；文件名未限定题号；正文定位方式=题号起首；题干块6-gram重叠1.0000(题干276字/材料段277字)
BJ-2026-CP-QIMO-Q2,BJ-2026-CP-QIMO,2,Sff41058b55ac,2026模拟题/2026各区期末和期中/2026昌平期末/2026昌平政治期末细则(1).pdf,评分材料,正式评分材料,存在候选,仅有参考答案,0.0,,考试身份同(BJ-2026-CP-QIMO)；文件名未限定题号；正文定位方式=题号起首；题干块6-gram重叠0.0000(题干276字/材料段32字)
BJ-2026-CP-QIMO-Q3,BJ-2026-CP-QIMO,3,Se748323b3f41,2026模拟题/2026各区期末和期中/2026昌平期末/2026北京昌平高三（上）期末政治（教师版）.docx,教师版,参考答案,已匹配参考答案,仅有参考答案,1.0,,考试身份同(BJ-2026-CP-QIMO)；文件名未限定题号；正文定位方式=题号起首；题干块6-gram重叠1.0000(题干209字/材料段210字)
BJ-2026-CP-QIMO-Q3,BJ-2026-CP-QIMO,3,Sff41058b55ac,2026模拟题/2026各区期末和期中/2026昌平期末/2026昌平政治期末细则(1).pdf,评分材料,正式评分材料,存在候选,仅有参考答案,0.0,,考试身份同(BJ-2026-CP-QIMO)；文件名未限定题号；正文定位方式=题号起首；题干块6-gram重叠0.0000(题干209字/材料段17字)
BJ-2026-CP-QIMO-Q4,BJ-2026-CP-QIMO,4,Se748323b3f41,2026模拟题/2026各区期末和期中/2026昌平期末/2026北京昌平高三（上）期末政治（教师版）.docx,教师版,参考答案,已匹配参考答案,仅有参考答案,1.0,,考试身份同(BJ-2026-CP-QIMO)；文件名未限定题号；正文定位方式=题号起首；题干块6-gram重叠1.0000(题干310字/材料段311字)；同题另一来源块状态较弱(存在候选)，已按最强状态归并；同题另一来源块状态较弱(存在候选)，已按最强状态归并
BJ-2026-CP-QIMO-Q4,BJ-2026-CP-QIMO,4,Sff41058b55ac,2026模拟题/2026各区期末和期中/2026昌平期末/2026昌平政治期末细则(1).pdf,评分材料,正式评分材料,存在候选,仅有参考答案,0.0,,考试身份同(BJ-2026-CP-QIMO)；文件名未限定题号；正文定位方式=题号起首；题干块6-gram重叠0.0000(题干310字/材料段85字)；同题另一来源块状态较弱(存在候选)，已按最强状态归并；同题另一来源块状态较弱(存在候选)，已按最强状态归并
BJ-2026-CP-QIMO-Q5,BJ-2026-CP-QIMO,5,Se748323b3f41,2026模拟题/2026各区期末和期中/2026昌平期末/2026北京昌平高三（上）期末政治（教师版）.docx,教师版,参考答案,已匹配参考答案,仅有参考答案,1.0,,考试身份同(BJ-2026-CP-QIMO)；文件名未限定题号；正文定位方式=题号起首；题干块6-gram重叠1.0000(题干310字/材料段311字)
BJ-2026-CP-QIMO-Q5,BJ-2026-CP-QIMO,5,Sff41058b55ac,2026模拟题/2026各区期末和期中/2026昌平期末/2026昌平政治期末细则(1).pdf,评分材料,正式评分材料,存在候选,仅有参考答案,0.0,,考试身份同(BJ-2026-CP-QIMO)；文件名未限定题号；正文定位方式=题号起首；题干块6-gram重叠0.0000(题干310字/材料段5字)
BJ-2026-CP-QIMO-Q6,BJ-2026-CP-QIMO,6,Se748323b3f41,2026模拟题/2026各区期末和期中/2026昌平期末/2026北京昌平高三（上）期末政治（教师版）.docx,教师版,参考答案,已匹配参考答案,仅有参考答案,1.0,,考试身份同(BJ-2026-CP-QIMO)；文件名未限定题号；正文定位方式=题号起首；题干块6-gram重叠1.0000(题干340字/材料段341字)
BJ-2026-CP-QIMO-Q6,BJ-2026-CP-QIMO,6,Sff41058b55ac,2026模拟题/2026各区期末和期中/2026昌平期末/2026昌平政治期末细则(1).pdf,评分材料,正式评分材料,存在候选,仅有参考答案,0.0,,考试身份同(BJ-2026-CP-QIMO)；文件名未限定题号；正文定位方式=题号起首；题干块6-gram重叠0.0000(题干340字/材料段2136字)
BJ-2026-CP-QIMO-Q7,BJ-2026-CP-QIMO,7,Se748323b3f41,2026模拟题/2026各区期末和期中/2026昌平期末/2026北京昌平高三（上）期末政治（教师版）.docx,教师版,参考答案,已匹配参考答案,仅有参考答案,1.0,,考试身份同(BJ-2026-CP-QIMO)；文件名未限定题号；正文定位方式=题号起首；题干块6-gram重叠1.0000(题干454字/材料段455字)
BJ-2026-CP-QIMO-Q7,BJ-2026-CP-QIMO,7,Sff41058b55ac,2026模拟题/2026各区期末和期中/2026昌平期末/2026昌平政治期末细则(1).pdf,评分材料,正式评分材料,存在候选,仅有参考答案,0.0,,考试身份同(BJ-2026-CP-QIMO)；文件名未限定题号；未能在材料正文定位到第7题段，仅按同卷材料登记为候选；题干块6-gram重叠0.0000(题干454字/材料段0字)
BJ-2026-CP-QIMO-Q8,BJ-2026-CP-QIMO,8,Se748323b3f41,2026模拟题/2026各区期末和期中/2026昌平期末/2026北京昌平高三（上）期末政治（教师版）.docx,教师版,参考答案,已匹配参考答案,仅有参考答案,1.0,,考试身份同(BJ-2026-CP-QIMO)；文件名未限定题号；正文定位方式=题号起首；题干块6-gram重叠1.0000(题干362字/材料段363字)
BJ-2026-CP-QIMO-Q8,BJ-2026-CP-QIMO,8,Sff41058b55ac,2026模拟题/2026各区期末和期中/2026昌平期末/2026昌平政治期末细则(1).pdf,评分材料,正式评分材料,存在候选,仅有参考答案,0.0,,考试身份同(BJ-2026-CP-QIMO)；文件名未限定题号；未能在材料正文定位到第8题段，仅按同卷材料登记为候选；题干块6-gram重叠0.0000(题干362字/材料段0字)
BJ-2026-CP-QIMO-Q9,BJ-2026-CP-QIMO,9,Se748323b3f41,2026模拟题/2026各区期末和期中/2026昌平期末/2026北京昌平高三（上）期末政治（教师版）.docx,教师版,参考答案,已匹配参考答案,仅有参考答案,1.0,,考试身份同(BJ-2026-CP-QIMO)；文件名未限定题号；正文定位方式=题号起首；题干块6-gram重叠1.0000(题干241字/材料段242字)
BJ-2026-CP-QIMO-Q9,BJ-2026-CP-QIMO,9,Sff41058b55ac,2026模拟题/2026各区期末和期中/2026昌平期末/2026昌平政治期末细则(1).pdf,评分材料,正式评分材料,存在候选,仅有参考答案,0.0,,考试身份同(BJ-2026-CP-QIMO)；文件名未限定题号；未能在材料正文定位到第9题段，仅按同卷材料登记为候选；题干块6-gram重叠0.0000(题干241字/材料段0字)
BJ-2026-CP-QIMO-Q10,BJ-2026-CP-QIMO,10,Se748323b3f41,2026模拟题/2026各区期末和期中/2026昌平期末/2026北京昌平高三（上）期末政治（教师版）.docx,教师版,参考答案,已匹配参考答案,仅有参考答案,1.0,,考试身份同(BJ-2026-CP-QIMO)；文件名未限定题号；正文定位方式=题号起首；题干块6-gram重叠1.0000(题干235字/材料段236字)
BJ-2026-CP-QIMO-Q10,BJ-2026-CP-QIMO,10,Sff41058b55ac,2026模拟题/2026各区期末和期中/2026昌平期末/2026昌平政治期末细则(1).pdf,评分材料,正式评分材料,存在候选,仅有参考答案,0.0,,考试身份同(BJ-2026-CP-QIMO)；文件名未限定题号；未能在材料正文定位到第10题段，仅按同卷材料登记为候选；题干块6-gram重叠0.0000(题干235字/材料段0字)
BJ-2026-CP-QIMO-Q11,BJ-2026-CP-QIMO,11,Se748323b3f41,2026模拟题/2026各区期末和期中/2026昌平期末/2026北京昌平高三（上）期末政治（教师版）.docx,教师版,参考答案,已匹配参考答案,仅有参考答案,1.0,,考试身份同(BJ-2026-CP-QIMO)；文件名未限定题号；正文定位方式=题号起首；题干块6-gram重叠1.0000(题干353字/材料段354字)
BJ-2026-CP-QIMO-Q11,BJ-2026-CP-QIMO,11,Sff41058b55ac,2026模拟题/2026各区期末和期中/2026昌平期末/2026昌平政治期末细则(1).pdf,评分材料,正式评分材料,存在候选,仅有参考答案,0.0,,考试身份同(BJ-2026-CP-QIMO)；文件名未限定题号；未能在材料正文定位到第11题段，仅按同卷材料登记为候选；题干块6-gram重叠0.0000(题干353字/材料段0字)
BJ-2026-CP-QIMO-Q12,BJ-2026-CP-QIMO,12,Se748323b3f41,2026模拟题/2026各区期末和期中/2026昌平期末/2026北京昌平高三（上）期末政治（教师版）.docx,教师版,参考答案,已匹配参考答案,仅有参考答案,1.0,,考试身份同(BJ-2026-CP-QIMO)；文件名未限定题号；正文定位方式=题号起首；题干块6-gram重叠1.0000(题干398字/材料段399字)
BJ-2026-CP-QIMO-Q12,BJ-2026-CP-QIMO,12,Sff41058b55ac,2026模拟题/2026各区期末和期中/2026昌平期末/2026昌平政治期末细则(1).pdf,评分材料,正式评分材料,存在候选,仅有参考答案,0.0,,考试身份同(BJ-2026-CP-QIMO)；文件名未限定题号；未能在材料正文定位到第12题段，仅按同卷材料登记为候选；题干块6-gram重叠0.0000(题干398字/材料段0字)
BJ-2026-CP-QIMO-Q13,BJ-2026-CP-QIMO,13,Se748323b3f41,2026模拟题/2026各区期末和期中/2026昌平期末/2026北京昌平高三（上）期末政治（教师版）.docx,教师版,参考答案,已匹配参考答案,仅有参考答案,1.0,,考试身份同(BJ-2026-CP-QIMO)；文件名未限定题号；正文定位方式=题号起首；题干块6-gram重叠1.0000(题干454字/材料段455字)
BJ-2026-CP-QIMO-Q13,BJ-2026-CP-QIMO,13,Sff41058b55ac,2026模拟题/2026各区期末和期中/2026昌平期末/2026昌平政治期末细则(1).pdf,评分材料,正式评分材料,存在候选,仅有参考答案,0.0,,考试身份同(BJ-2026-CP-QIMO)；文件名未限定题号；未能在材料正文定位到第13题段，仅按同卷材料登记为候选；题干块6-gram重叠0.0000(题干454字/材料段0字)
BJ-2026-CP-QIMO-Q14,BJ-2026-CP-QIMO,14,Se748323b3f41,2026模拟题/2026各区期末和期中/2026昌平期末/2026北京昌平高三（上）期末政治（教师版）.docx,教师版,参考答案,已匹配参考答案,仅有参考答案,1.0,,考试身份同(BJ-2026-CP-QIMO)；文件名未限定题号；正文定位方式=题号起首；题干块6-gram重叠1.0000(题干397字/材料段398字)
BJ-2026-CP-QIMO-Q14,BJ-2026-CP-QIMO,14,Sff41058b55ac,2026模拟题/2026各区期末和期中/2026昌平期末/2026昌平政治期末细则(1).pdf,评分材料,正式评分材料,存在候选,仅有参考答案,0.0,,考试身份同(BJ-2026-CP-QIMO)；文件名未限定题号；未能在材料正文定位到第14题段，仅按同卷材料登记为候选；题干块6-gram重叠0.0000(题干397字/材料段0字)
BJ-2026-CP-QIMO-Q15,BJ-2026-CP-QIMO,15,Se748323b3f41,2026模拟题/2026各区期末和期中/2026昌平期末/2026北京昌平高三（上）期末政治（教师版）.docx,教师版,参考答案,已匹配参考答案,仅有参考答案,1.0,,考试身份同(BJ-2026-CP-QIMO)；文件名未限定题号；正文定位方式=题号起首；题干块6-gram重叠1.0000(题干406字/材料段407字)
BJ-2026-CP-QIMO-Q15,BJ-2026-CP-QIMO,15,Sff41058b55ac,2026模拟题/2026各区期末和期中/2026昌平期末/2026昌平政治期末细则(1).pdf,评分材料,正式评分材料,存在候选,仅有参考答案,0.0,,考试身份同(BJ-2026-CP-QIMO)；文件名未限定题号；未能在材料正文定位到第15题段，仅按同卷材料登记为候选；题干块6-gram重叠0.0000(题干406字/材料段0字)
BJ-2026-CP-QIMO-Q16,BJ-2026-CP-QIMO,16,Se748323b3f41,2026模拟题/2026各区期末和期中/2026昌平期末/2026北京昌平高三（上）期末政治（教师版）.docx,教师版,参考答案,已匹配参考答案,已匹配正式材料,1.0,,考试身份同(BJ-2026-CP-QIMO)；文件名未限定题号；正文定位方式=题号起首；题干块6-gram重叠1.0000(题干697字/材料段698字)；同题另一来源块状态较弱(存在候选)，已按最强状态归并
BJ-2026-CP-QIMO-Q16,BJ-2026-CP-QIMO,16,Sff41058b55ac,2026模拟题/2026各区期末和期中/2026昌平期末/2026昌平政治期末细则(1).pdf,评分材料,正式评分材料,已匹配正式材料,已匹配正式材料,1.0,,考试身份同(BJ-2026-CP-QIMO)；文件名未限定题号；正文定位方式=题号起首；题干块6-gram重叠1.0000(题干41字/材料段256字)；同题另一来源块状态较弱(存在候选)，已按最强状态归并
BJ-2026-CP-QIMO-Q17,BJ-2026-CP-QIMO,17,Se748323b3f41,2026模拟题/2026各区期末和期中/2026昌平期末/2026北京昌平高三（上）期末政治（教师版）.docx,教师版,参考答案,已匹配参考答案,已匹配正式材料,1.0,,考试身份同(BJ-2026-CP-QIMO)；文件名未限定题号；正文定位方式=题号起首；题干块6-gram重叠1.0000(题干427字/材料段428字)；同题另一来源块状态较弱(存在候选)，已按最强状态归并；同题另一来源块状态较弱(存在候选)，已按最强状态归并
BJ-2026-CP-QIMO-Q17,BJ-2026-CP-QIMO,17,Sff41058b55ac,2026模拟题/2026各区期末和期中/2026昌平期末/2026昌平政治期末细则(1).pdf,评分材料,正式评分材料,已匹配正式材料,已匹配正式材料,1.0,,考试身份同(BJ-2026-CP-QIMO)；文件名未限定题号；正文定位方式=题号起首；题干块6-gram重叠1.0000(题干320字/材料段321字)；分值文本 8；同题另一来源块状态较弱(存在候选)，已按最强状态归并；同题另一来源块状态较弱(已匹配正式材料)，已按最强状态归并
BJ-2026-CP-QIMO-Q18,BJ-2026-CP-QIMO,18,Se748323b3f41,2026模拟题/2026各区期末和期中/2026昌平期末/2026北京昌平高三（上）期末政治（教师版）.docx,教师版,参考答案,已匹配参考答案,已匹配正式材料,1.0,,考试身份同(BJ-2026-CP-QIMO)；文件名未限定题号；正文定位方式=题号起首；题干块6-gram重叠1.0000(题干519字/材料段520字)；同题另一来源块状态较弱(存在候选)，已按最强状态归并；同题另一来源块状态较弱(存在候选)，已按最强状态归并
BJ-2026-CP-QIMO-Q18,BJ-2026-CP-QIMO,18,Sff41058b55ac,2026模拟题/2026各区期末和期中/2026昌平期末/2026昌平政治期末细则(1).pdf,评分材料,正式评分材料,已匹配正式材料,已匹配正式材料,1.0,,考试身份同(BJ-2026-CP-QIMO)；文件名未限定题号；正文定位方式=题号起首；题干块6-gram重叠1.0000(题干999字/材料段1781字)；分值文本 1；同题另一来源块状态较弱(存在候选)，已按最强状态归并；同题另一来源块状态较弱(已匹配正式材料)，已按最强状态归并
BJ-2026-CP-QIMO-Q19,BJ-2026-CP-QIMO,19,Se748323b3f41,2026模拟题/2026各区期末和期中/2026昌平期末/2026北京昌平高三（上）期末政治（教师版）.docx,教师版,参考答案,已匹配参考答案,仅有参考答案,1.0,,考试身份同(BJ-2026-CP-QIMO)；文件名未限定题号；正文定位方式=题号起首；题干块6-gram重叠1.0000(题干845字/材料段846字)
BJ-2026-CP-QIMO-Q19,BJ-2026-CP-QIMO,19,Sff41058b55ac,2026模拟题/2026各区期末和期中/2026昌平期末/2026昌平政治期末细则(1).pdf,评分材料,正式评分材料,存在候选,仅有参考答案,0.0,,考试身份同(BJ-2026-CP-QIMO)；文件名未限定题号；未能在材料正文定位到第19题段，仅按同卷材料登记为候选；题干块6-gram重叠0.0000(题干845字/材料段0字)
BJ-2026-CP-QIMO-Q20,BJ-2026-CP-QIMO,20,Se748323b3f41,2026模拟题/2026各区期末和期中/2026昌平期末/2026北京昌平高三（上）期末政治（教师版）.docx,教师版,参考答案,已匹配参考答案,已匹配正式材料,1.0,,考试身份同(BJ-2026-CP-QIMO)；文件名未限定题号；正文定位方式=题号起首；题干块6-gram重叠1.0000(题干378字/材料段379字)；同题另一来源块状态较弱(存在候选)，已按最强状态归并
BJ-2026-CP-QIMO-Q20,BJ-2026-CP-QIMO,20,Sff41058b55ac,2026模拟题/2026各区期末和期中/2026昌平期末/2026昌平政治期末细则(1).pdf,评分材料,正式评分材料,已匹配正式材料,已匹配正式材料,1.0,,考试身份同(BJ-2026-CP-QIMO)；文件名未限定题号；正文定位方式=题号起首；题干块6-gram重叠1.0000(题干588字/材料段589字)；分值文本 2；同题另一来源块状态较弱(存在候选)，已按最强状态归并
BJ-2026-CP-QIMO-Q21,BJ-2026-CP-QIMO,21,Se748323b3f41,2026模拟题/2026各区期末和期中/2026昌平期末/2026北京昌平高三（上）期末政治（教师版）.docx,教师版,参考答案,已匹配参考答案,已匹配正式材料,1.0,,考试身份同(BJ-2026-CP-QIMO)；文件名未限定题号；正文定位方式=题号起首；题干块6-gram重叠1.0000(题干799字/材料段4000字)；同题另一来源块状态较弱(存在候选)，已按最强状态归并
BJ-2026-CP-QIMO-Q21,BJ-2026-CP-QIMO,21,Sff41058b55ac,2026模拟题/2026各区期末和期中/2026昌平期末/2026昌平政治期末细则(1).pdf,评分材料,正式评分材料,已匹配正式材料,已匹配正式材料,1.0,,考试身份同(BJ-2026-CP-QIMO)；文件名未限定题号；正文定位方式=题号起首；题干块6-gram重叠1.0000(题干188字/材料段192字)；同题另一来源块状态较弱(存在候选)，已按最强状态归并
BJ-2026-CY-QIZHONG-Q16,BJ-2026-CY-QIZHONG,16,S885e694cf464,2026模拟题/2026各区期末和期中/2026朝阳期中/细则/细则.docx,评分材料,正式评分材料,已匹配正式材料,已匹配正式材料,0.0,,已按同题同小问核对原DOCX；P002–P011；可读派生5页与原件SHA绑定；全卷因Q21图方向仍待保真终验。
BJ-2026-CY-QIZHONG-Q17,BJ-2026-CY-QIZHONG,17,S885e694cf464,2026模拟题/2026各区期末和期中/2026朝阳期中/细则/细则.docx,评分材料,正式评分材料,已匹配正式材料,已匹配正式材料,0.0,,已按同题同小问核对原DOCX；见题级MD原DOCX段落定位；可读派生5页与原件SHA绑定；全卷因Q21图方向仍待保真终验。
BJ-2026-CY-QIZHONG-Q18,BJ-2026-CY-QIZHONG,18,S885e694cf464,2026模拟题/2026各区期末和期中/2026朝阳期中/细则/细则.docx,评分材料,正式评分材料,已匹配正式材料,已匹配正式材料,0.0,,已按同题同小问核对原DOCX；见题级MD原DOCX段落定位；可读派生5页与原件SHA绑定；全卷因Q21图方向仍待保真终验。
BJ-2026-CY-QIZHONG-Q19,BJ-2026-CY-QIZHONG,19,S885e694cf464,2026模拟题/2026各区期末和期中/2026朝阳期中/细则/细则.docx,评分材料,正式评分材料,已匹配正式材料,已匹配正式材料,0.0,,已按同题同小问核对原DOCX；见题级MD原DOCX段落定位；可读派生5页与原件SHA绑定；全卷因Q21图方向仍待保真终验。
BJ-2026-CY-QIZHONG-Q20,BJ-2026-CY-QIZHONG,20,S885e694cf464,2026模拟题/2026各区期末和期中/2026朝阳期中/细则/细则.docx,评分材料,正式评分材料,已匹配正式材料,已匹配正式材料,0.0,,已按同题同小问核对原DOCX；见题级MD原DOCX段落定位；可读派生5页与原件SHA绑定；全卷因Q21图方向仍待保真终验。
BJ-2026-CY-QIZHONG-Q21,BJ-2026-CY-QIZHONG,21,S885e694cf464,2026模拟题/2026各区期末和期中/2026朝阳期中/细则/细则.docx,评分材料,正式评分材料,已匹配正式材料,已匹配正式材料,0.0,,已按同题同小问核对原DOCX；P101–P115；P117–P135；可读派生5页与原件SHA绑定；全卷因Q21图方向仍待保真终验。
BJ-2026-CY-QIZHONG-Q4,BJ-2026-CY-QIZHONG,4,S885e694cf464,2026模拟题/2026各区期末和期中/2026朝阳期中/细则/细则.docx,评分材料,同卷正式细则无本题内容,已排除,仅有参考答案,1.0,,原DOCX138正文段落仅Q16–Q21；Q1–Q15只有PDF p8答案E3，旧机械匹配已撤。
BJ-2026-CY-QIZHONG-Q1,BJ-2026-CY-QIZHONG,1,S885e694cf464,2026模拟题/2026各区期末和期中/2026朝阳期中/细则/细则.docx,评分材料,同卷正式细则无本题内容,已排除,仅有参考答案,0.0,,原DOCX138正文段落仅Q16–Q21；Q1–Q15只有PDF p8答案E3，旧机械匹配已撤。
BJ-2026-CY-QIZHONG-Q2,BJ-2026-CY-QIZHONG,2,S885e694cf464,2026模拟题/2026各区期末和期中/2026朝阳期中/细则/细则.docx,评分材料,同卷正式细则无本题内容,已排除,仅有参考答案,0.0,,原DOCX138正文段落仅Q16–Q21；Q1–Q15只有PDF p8答案E3，旧机械匹配已撤。
BJ-2026-CY-QIZHONG-Q3,BJ-2026-CY-QIZHONG,3,S885e694cf464,2026模拟题/2026各区期末和期中/2026朝阳期中/细则/细则.docx,评分材料,同卷正式细则无本题内容,已排除,仅有参考答案,0.0,,原DOCX138正文段落仅Q16–Q21；Q1–Q15只有PDF p8答案E3，旧机械匹配已撤。
BJ-2026-CY-QIZHONG-Q5,BJ-2026-CY-QIZHONG,5,S885e694cf464,2026模拟题/2026各区期末和期中/2026朝阳期中/细则/细则.docx,评分材料,同卷正式细则无本题内容,已排除,仅有参考答案,0.0,,原DOCX138正文段落仅Q16–Q21；Q1–Q15只有PDF p8答案E3，旧机械匹配已撤。
BJ-2026-CY-QIZHONG-Q6,BJ-2026-CY-QIZHONG,6,S885e694cf464,2026模拟题/2026各区期末和期中/2026朝阳期中/细则/细则.docx,评分材料,同卷正式细则无本题内容,已排除,仅有参考答案,0.0,,原DOCX138正文段落仅Q16–Q21；Q1–Q15只有PDF p8答案E3，旧机械匹配已撤。
BJ-2026-CY-QIZHONG-Q7,BJ-2026-CY-QIZHONG,7,S885e694cf464,2026模拟题/2026各区期末和期中/2026朝阳期中/细则/细则.docx,评分材料,同卷正式细则无本题内容,已排除,仅有参考答案,0.0,,原DOCX138正文段落仅Q16–Q21；Q1–Q15只有PDF p8答案E3，旧机械匹配已撤。
BJ-2026-CY-QIZHONG-Q8,BJ-2026-CY-QIZHONG,8,S885e694cf464,2026模拟题/2026各区期末和期中/2026朝阳期中/细则/细则.docx,评分材料,同卷正式细则无本题内容,已排除,仅有参考答案,0.0,,原DOCX138正文段落仅Q16–Q21；Q1–Q15只有PDF p8答案E3，旧机械匹配已撤。
BJ-2026-CY-QIZHONG-Q9,BJ-2026-CY-QIZHONG,9,S885e694cf464,2026模拟题/2026各区期末和期中/2026朝阳期中/细则/细则.docx,评分材料,同卷正式细则无本题内容,已排除,仅有参考答案,0.0,,原DOCX138正文段落仅Q16–Q21；Q1–Q15只有PDF p8答案E3，旧机械匹配已撤。
BJ-2026-CY-QIZHONG-Q10,BJ-2026-CY-QIZHONG,10,S885e694cf464,2026模拟题/2026各区期末和期中/2026朝阳期中/细则/细则.docx,评分材料,同卷正式细则无本题内容,已排除,仅有参考答案,0.0,,原DOCX138正文段落仅Q16–Q21；Q1–Q15只有PDF p8答案E3，旧机械匹配已撤。
BJ-2026-CY-QIZHONG-Q11,BJ-2026-CY-QIZHONG,11,S885e694cf464,2026模拟题/2026各区期末和期中/2026朝阳期中/细则/细则.docx,评分材料,同卷正式细则无本题内容,已排除,仅有参考答案,0.0,,原DOCX138正文段落仅Q16–Q21；Q1–Q15只有PDF p8答案E3，旧机械匹配已撤。
BJ-2026-CY-QIZHONG-Q12,BJ-2026-CY-QIZHONG,12,S885e694cf464,2026模拟题/2026各区期末和期中/2026朝阳期中/细则/细则.docx,评分材料,同卷正式细则无本题内容,已排除,仅有参考答案,0.0,,原DOCX138正文段落仅Q16–Q21；Q1–Q15只有PDF p8答案E3，旧机械匹配已撤。
BJ-2026-CY-QIZHONG-Q13,BJ-2026-CY-QIZHONG,13,S885e694cf464,2026模拟题/2026各区期末和期中/2026朝阳期中/细则/细则.docx,评分材料,同卷正式细则无本题内容,已排除,仅有参考答案,0.0,,原DOCX138正文段落仅Q16–Q21；Q1–Q15只有PDF p8答案E3，旧机械匹配已撤。
BJ-2026-CY-QIZHONG-Q14,BJ-2026-CY-QIZHONG,14,S885e694cf464,2026模拟题/2026各区期末和期中/2026朝阳期中/细则/细则.docx,评分材料,同卷正式细则无本题内容,已排除,仅有参考答案,0.0,,原DOCX138正文段落仅Q16–Q21；Q1–Q15只有PDF p8答案E3，旧机械匹配已撤。
BJ-2026-CY-QIZHONG-Q15,BJ-2026-CY-QIZHONG,15,S885e694cf464,2026模拟题/2026各区期末和期中/2026朝阳期中/细则/细则.docx,评分材料,同卷正式细则无本题内容,已排除,仅有参考答案,0.0,,原DOCX138正文段落仅Q16–Q21；Q1–Q15只有PDF p8答案E3，旧机械匹配已撤。
BJ-2026-CY-QIMO-Q16,BJ-2026-CY-QIMO,16,S487b2d15b3a3,2026模拟题/2026各区期末和期中/2026朝阳期末/细则/细则.pdf,评分材料,正式评分材料,已匹配正式材料,已匹配正式材料,0.0,,原PDF同题同问核定；p1；原始分值、替代条件与合并角度保留。
BJ-2026-CY-QIMO-Q17,BJ-2026-CY-QIMO,17,S487b2d15b3a3,2026模拟题/2026各区期末和期中/2026朝阳期末/细则/细则.pdf,评分材料,正式评分材料,已匹配正式材料,已匹配正式材料,0.0,,原PDF同题同问核定；p1；原始分值、替代条件与合并角度保留。
BJ-2026-CY-QIMO-Q1,BJ-2026-CY-QIMO,1,S487b2d15b3a3,2026模拟题/2026各区期末和期中/2026朝阳期末/细则/细则.pdf,评分材料,主观题细则不覆盖本选择题,已排除,暂未找到,0.0,,原件正式细则仅Q16-Q21；原卷无答案、无独立答案文件。E1/E3均不推造。
BJ-2026-CY-QIMO-Q2,BJ-2026-CY-QIMO,2,S487b2d15b3a3,2026模拟题/2026各区期末和期中/2026朝阳期末/细则/细则.pdf,评分材料,主观题细则不覆盖本选择题,已排除,暂未找到,0.0,,原件正式细则仅Q16-Q21；原卷无答案、无独立答案文件。E1/E3均不推造。
BJ-2026-CY-QIMO-Q3,BJ-2026-CY-QIMO,3,S487b2d15b3a3,2026模拟题/2026各区期末和期中/2026朝阳期末/细则/细则.pdf,评分材料,主观题细则不覆盖本选择题,已排除,暂未找到,0.0,,原件正式细则仅Q16-Q21；原卷无答案、无独立答案文件。E1/E3均不推造。
BJ-2026-CY-QIMO-Q4,BJ-2026-CY-QIMO,4,S487b2d15b3a3,2026模拟题/2026各区期末和期中/2026朝阳期末/细则/细则.pdf,评分材料,主观题细则不覆盖本选择题,已排除,暂未找到,0.0,,原件正式细则仅Q16-Q21；原卷无答案、无独立答案文件。E1/E3均不推造。
BJ-2026-CY-QIMO-Q5,BJ-2026-CY-QIMO,5,S487b2d15b3a3,2026模拟题/2026各区期末和期中/2026朝阳期末/细则/细则.pdf,评分材料,主观题细则不覆盖本选择题,已排除,暂未找到,0.0,,原件正式细则仅Q16-Q21；原卷无答案、无独立答案文件。E1/E3均不推造。
BJ-2026-CY-QIMO-Q6,BJ-2026-CY-QIMO,6,S487b2d15b3a3,2026模拟题/2026各区期末和期中/2026朝阳期末/细则/细则.pdf,评分材料,主观题细则不覆盖本选择题,已排除,暂未找到,0.0,,原件正式细则仅Q16-Q21；原卷无答案、无独立答案文件。E1/E3均不推造。
BJ-2026-CY-QIMO-Q19,BJ-2026-CY-QIMO,19,S487b2d15b3a3,2026模拟题/2026各区期末和期中/2026朝阳期末/细则/细则.pdf,评分材料,正式评分材料,已匹配正式材料,已匹配正式材料,0.0,,原PDF同题同问核定；p3；原始分值、替代条件与合并角度保留。
BJ-2026-CY-QIMO-Q20,BJ-2026-CY-QIMO,20,S487b2d15b3a3,2026模拟题/2026各区期末和期中/2026朝阳期末/细则/细则.pdf,评分材料,正式评分材料,已匹配正式材料,已匹配正式材料,0.0,,原PDF同题同问核定；p3；原始分值、替代条件与合并角度保留。
BJ-2026-CY-QIMO-Q21,BJ-2026-CY-QIMO,21,S487b2d15b3a3,2026模拟题/2026各区期末和期中/2026朝阳期末/细则/细则.pdf,评分材料,正式评分材料,已匹配正式材料,已匹配正式材料,0.0,,原PDF同题同问核定；p4；原始分值、替代条件与合并角度保留。
BJ-2026-CY-QIMO-Q7,BJ-2026-CY-QIMO,7,S487b2d15b3a3,2026模拟题/2026各区期末和期中/2026朝阳期末/细则/细则.pdf,评分材料,主观题细则不覆盖本选择题,已排除,暂未找到,0.0,,原件正式细则仅Q16-Q21；原卷无答案、无独立答案文件。E1/E3均不推造。
BJ-2026-CY-QIMO-Q8,BJ-2026-CY-QIMO,8,S487b2d15b3a3,2026模拟题/2026各区期末和期中/2026朝阳期末/细则/细则.pdf,评分材料,主观题细则不覆盖本选择题,已排除,暂未找到,0.0,,原件正式细则仅Q16-Q21；原卷无答案、无独立答案文件。E1/E3均不推造。
BJ-2026-CY-QIMO-Q9,BJ-2026-CY-QIMO,9,S487b2d15b3a3,2026模拟题/2026各区期末和期中/2026朝阳期末/细则/细则.pdf,评分材料,主观题细则不覆盖本选择题,已排除,暂未找到,0.0,,原件正式细则仅Q16-Q21；原卷无答案、无独立答案文件。E1/E3均不推造。
BJ-2026-CY-QIMO-Q10,BJ-2026-CY-QIMO,10,S487b2d15b3a3,2026模拟题/2026各区期末和期中/2026朝阳期末/细则/细则.pdf,评分材料,主观题细则不覆盖本选择题,已排除,暂未找到,0.0,,原件正式细则仅Q16-Q21；原卷无答案、无独立答案文件。E1/E3均不推造。
BJ-2026-CY-QIMO-Q11,BJ-2026-CY-QIMO,11,S487b2d15b3a3,2026模拟题/2026各区期末和期中/2026朝阳期末/细则/细则.pdf,评分材料,主观题细则不覆盖本选择题,已排除,暂未找到,0.0,,原件正式细则仅Q16-Q21；原卷无答案、无独立答案文件。E1/E3均不推造。
BJ-2026-CY-QIMO-Q12,BJ-2026-CY-QIMO,12,S487b2d15b3a3,2026模拟题/2026各区期末和期中/2026朝阳期末/细则/细则.pdf,评分材料,主观题细则不覆盖本选择题,已排除,暂未找到,0.0,,原件正式细则仅Q16-Q21；原卷无答案、无独立答案文件。E1/E3均不推造。
BJ-2026-CY-QIMO-Q13,BJ-2026-CY-QIMO,13,S487b2d15b3a3,2026模拟题/2026各区期末和期中/2026朝阳期末/细则/细则.pdf,评分材料,主观题细则不覆盖本选择题,已排除,暂未找到,0.0,,原件正式细则仅Q16-Q21；原卷无答案、无独立答案文件。E1/E3均不推造。
BJ-2026-CY-QIMO-Q14,BJ-2026-CY-QIMO,14,S487b2d15b3a3,2026模拟题/2026各区期末和期中/2026朝阳期末/细则/细则.pdf,评分材料,主观题细则不覆盖本选择题,已排除,暂未找到,0.0,,原件正式细则仅Q16-Q21；原卷无答案、无独立答案文件。E1/E3均不推造。
BJ-2026-CY-QIMO-Q15,BJ-2026-CY-QIMO,15,S487b2d15b3a3,2026模拟题/2026各区期末和期中/2026朝阳期末/细则/细则.pdf,评分材料,主观题细则不覆盖本选择题,已排除,暂未找到,0.0,,原件正式细则仅Q16-Q21；原卷无答案、无独立答案文件。E1/E3均不推造。
BJ-2026-CY-QIMO-Q18,BJ-2026-CY-QIMO,18,S487b2d15b3a3,2026模拟题/2026各区期末和期中/2026朝阳期末/细则/细则.pdf,评分材料,正式评分材料,已匹配正式材料,已匹配正式材料,0.0,,原PDF同题同问核定；p2；原始分值、替代条件与合并角度保留。
BJ-2026-HD-QIMO-Q16,BJ-2026-HD-QIMO,16,S7832041a93d3,2026模拟题/2026各区期末和期中/2026海淀期末/细则/细则.pdf,评分材料,正式评分材料,已匹配正式材料,已匹配正式材料,1.0,,考试身份同(BJ-2026-HD-QIMO)；文件名未限定题号；正文定位方式=题号起首；题干块6-gram重叠1.0000(题干439字/材料段439字)；分值文本 8；同题另一来源块状态较弱(已匹配正式材料)，已按最强状态归并；同题另一来源块状态较弱(存在候选)，已按最强状态归并；同题另一来源块状态较弱(存在候选)，已按最强状态归并
BJ-2026-HD-QIMO-Q17,BJ-2026-HD-QIMO,17,S7832041a93d3,2026模拟题/2026各区期末和期中/2026海淀期末/细则/细则.pdf,评分材料,正式评分材料,存在候选,存在候选,1.0,,考试身份同(BJ-2026-HD-QIMO)；文件名未限定题号；正文定位方式=题号起首；题干块6-gram重叠1.0000(题干71字/材料段72字)；同题另一来源块状态较弱(存在候选)，已按最强状态归并；同题另一来源块状态较弱(存在候选)，已按最强状态归并；同题另一来源块状态较弱(存在候选)，已按最强状态归并
BJ-2026-HD-QIMO-Q18,BJ-2026-HD-QIMO,18,S7832041a93d3,2026模拟题/2026各区期末和期中/2026海淀期末/细则/细则.pdf,评分材料,正式评分材料,已匹配正式材料,已匹配正式材料,1.0,,考试身份同(BJ-2026-HD-QIMO)；文件名未限定题号；正文定位方式=题号起首；题干块6-gram重叠1.0000(题干364字/材料段365字)；分值文本 6；同题另一来源块状态较弱(已匹配正式材料)，已按最强状态归并；同题另一来源块状态较弱(已匹配正式材料)，已按最强状态归并；同题另一来源块状态较弱(存在候选)，已按最强状态归并
BJ-2026-HD-QIMO-Q19,BJ-2026-HD-QIMO,19,S7832041a93d3,2026模拟题/2026各区期末和期中/2026海淀期末/细则/细则.pdf,评分材料,正式评分材料,已匹配正式材料,已匹配正式材料,1.0,,考试身份同(BJ-2026-HD-QIMO)；文件名未限定题号；正文定位方式=题号起首；题干块6-gram重叠1.0000(题干269字/材料段277字)；同题另一来源块状态较弱(已匹配正式材料)，已按最强状态归并；同题另一来源块状态较弱(已匹配正式材料)，已按最强状态归并；同题另一来源块状态较弱(存在候选)，已按最强状态归并
BJ-2026-HD-QIMO-Q20,BJ-2026-HD-QIMO,20,S7832041a93d3,2026模拟题/2026各区期末和期中/2026海淀期末/细则/细则.pdf,评分材料,正式评分材料,已匹配正式材料,已匹配正式材料,1.0,,考试身份同(BJ-2026-HD-QIMO)；文件名未限定题号；正文定位方式=题号起首；题干块6-gram重叠1.0000(题干623字/材料段624字)；分值文本 4；同题另一来源块状态较弱(已匹配正式材料)，已按最强状态归并；同题另一来源块状态较弱(已匹配正式材料)，已按最强状态归并；同题另一来源块状态较弱(存在候选)，已按最强状态归并
BJ-2026-HD-QIMO-Q21,BJ-2026-HD-QIMO,21,S7832041a93d3,2026模拟题/2026各区期末和期中/2026海淀期末/细则/细则.pdf,评分材料,正式评分材料,存在候选,存在候选,0.0256,,考试身份同(BJ-2026-HD-QIMO)；文件名未限定题号；正文定位方式=题号起首；题干块6-gram重叠0.0256(题干496字/材料段40字)；分值文本 1；同题另一来源块状态较弱(存在候选)，已按最强状态归并；同题另一来源块状态较弱(存在候选)，已按最强状态归并
BJ-2026-HD-QIMO-Q1,BJ-2026-HD-QIMO,1,S7832041a93d3,2026模拟题/2026各区期末和期中/2026海淀期末/细则/细则.pdf,评分材料,正式评分材料,存在候选,存在候选,0.0,,考试身份同(BJ-2026-HD-QIMO)；文件名未限定题号；未能在材料正文定位到第1题段，仅按同卷材料登记为候选；题干块6-gram重叠0.0000(题干340字/材料段0字)
BJ-2026-HD-QIMO-Q2,BJ-2026-HD-QIMO,2,S7832041a93d3,2026模拟题/2026各区期末和期中/2026海淀期末/细则/细则.pdf,评分材料,正式评分材料,存在候选,存在候选,0.0,,考试身份同(BJ-2026-HD-QIMO)；文件名未限定题号；未能在材料正文定位到第2题段，仅按同卷材料登记为候选；题干块6-gram重叠0.0000(题干206字/材料段0字)
BJ-2026-HD-QIMO-Q3,BJ-2026-HD-QIMO,3,S7832041a93d3,2026模拟题/2026各区期末和期中/2026海淀期末/细则/细则.pdf,评分材料,正式评分材料,存在候选,存在候选,0.0,,考试身份同(BJ-2026-HD-QIMO)；文件名未限定题号；未能在材料正文定位到第3题段，仅按同卷材料登记为候选；题干块6-gram重叠0.0000(题干257字/材料段0字)
BJ-2026-HD-QIMO-Q4,BJ-2026-HD-QIMO,4,S7832041a93d3,2026模拟题/2026各区期末和期中/2026海淀期末/细则/细则.pdf,评分材料,正式评分材料,存在候选,存在候选,0.0,,考试身份同(BJ-2026-HD-QIMO)；文件名未限定题号；未能在材料正文定位到第4题段，仅按同卷材料登记为候选；题干块6-gram重叠0.0000(题干274字/材料段0字)
BJ-2026-HD-QIMO-Q5,BJ-2026-HD-QIMO,5,S7832041a93d3,2026模拟题/2026各区期末和期中/2026海淀期末/细则/细则.pdf,评分材料,正式评分材料,存在候选,存在候选,0.0,,考试身份同(BJ-2026-HD-QIMO)；文件名未限定题号；未能在材料正文定位到第5题段，仅按同卷材料登记为候选；题干块6-gram重叠0.0000(题干385字/材料段0字)
BJ-2026-HD-QIMO-Q6,BJ-2026-HD-QIMO,6,S7832041a93d3,2026模拟题/2026各区期末和期中/2026海淀期末/细则/细则.pdf,评分材料,正式评分材料,存在候选,存在候选,0.0,,考试身份同(BJ-2026-HD-QIMO)；文件名未限定题号；未能在材料正文定位到第6题段，仅按同卷材料登记为候选；题干块6-gram重叠0.0000(题干205字/材料段0字)
BJ-2026-HD-QIMO-Q7,BJ-2026-HD-QIMO,7,S7832041a93d3,2026模拟题/2026各区期末和期中/2026海淀期末/细则/细则.pdf,评分材料,正式评分材料,存在候选,存在候选,0.0,,考试身份同(BJ-2026-HD-QIMO)；文件名未限定题号；未能在材料正文定位到第7题段，仅按同卷材料登记为候选；题干块6-gram重叠0.0000(题干319字/材料段0字)
BJ-2026-HD-QIMO-Q8,BJ-2026-HD-QIMO,8,S7832041a93d3,2026模拟题/2026各区期末和期中/2026海淀期末/细则/细则.pdf,评分材料,正式评分材料,存在候选,存在候选,0.0,,考试身份同(BJ-2026-HD-QIMO)；文件名未限定题号；未能在材料正文定位到第8题段，仅按同卷材料登记为候选；题干块6-gram重叠0.0000(题干368字/材料段0字)
BJ-2026-HD-QIMO-Q9,BJ-2026-HD-QIMO,9,S7832041a93d3,2026模拟题/2026各区期末和期中/2026海淀期末/细则/细则.pdf,评分材料,正式评分材料,存在候选,存在候选,0.0,,考试身份同(BJ-2026-HD-QIMO)；文件名未限定题号；未能在材料正文定位到第9题段，仅按同卷材料登记为候选；题干块6-gram重叠0.0000(题干185字/材料段0字)
BJ-2026-HD-QIMO-Q10,BJ-2026-HD-QIMO,10,S7832041a93d3,2026模拟题/2026各区期末和期中/2026海淀期末/细则/细则.pdf,评分材料,正式评分材料,存在候选,存在候选,0.0,,考试身份同(BJ-2026-HD-QIMO)；文件名未限定题号；未能在材料正文定位到第10题段，仅按同卷材料登记为候选；题干块6-gram重叠0.0000(题干231字/材料段0字)
BJ-2026-HD-QIMO-Q11,BJ-2026-HD-QIMO,11,S7832041a93d3,2026模拟题/2026各区期末和期中/2026海淀期末/细则/细则.pdf,评分材料,正式评分材料,存在候选,存在候选,0.0,,考试身份同(BJ-2026-HD-QIMO)；文件名未限定题号；未能在材料正文定位到第11题段，仅按同卷材料登记为候选；题干块6-gram重叠0.0000(题干335字/材料段0字)
BJ-2026-HD-QIMO-Q12,BJ-2026-HD-QIMO,12,S7832041a93d3,2026模拟题/2026各区期末和期中/2026海淀期末/细则/细则.pdf,评分材料,正式评分材料,存在候选,存在候选,0.0,,考试身份同(BJ-2026-HD-QIMO)；文件名未限定题号；未能在材料正文定位到第12题段，仅按同卷材料登记为候选；题干块6-gram重叠0.0000(题干268字/材料段0字)
BJ-2026-HD-QIMO-Q13,BJ-2026-HD-QIMO,13,S7832041a93d3,2026模拟题/2026各区期末和期中/2026海淀期末/细则/细则.pdf,评分材料,正式评分材料,存在候选,存在候选,0.0,,考试身份同(BJ-2026-HD-QIMO)；文件名未限定题号；未能在材料正文定位到第13题段，仅按同卷材料登记为候选；题干块6-gram重叠0.0000(题干227字/材料段0字)
BJ-2026-HD-QIMO-Q14,BJ-2026-HD-QIMO,14,S7832041a93d3,2026模拟题/2026各区期末和期中/2026海淀期末/细则/细则.pdf,评分材料,正式评分材料,存在候选,存在候选,0.0,,考试身份同(BJ-2026-HD-QIMO)；文件名未限定题号；未能在材料正文定位到第14题段，仅按同卷材料登记为候选；题干块6-gram重叠0.0000(题干218字/材料段0字)
BJ-2026-HD-QIMO-Q15,BJ-2026-HD-QIMO,15,S7832041a93d3,2026模拟题/2026各区期末和期中/2026海淀期末/细则/细则.pdf,评分材料,正式评分材料,存在候选,存在候选,0.0,,考试身份同(BJ-2026-HD-QIMO)；文件名未限定题号；未能在材料正文定位到第15题段，仅按同卷材料登记为候选；题干块6-gram重叠0.0000(题干376字/材料段0字)
BJ-2026-XC-QIMO-Q16,BJ-2026-XC-QIMO,16,S54715a1e650d,2026模拟题/2026各区期末和期中/2026西城期末/细则/细则.pdf,评分材料,正式评分材料,已匹配正式材料,已匹配正式材料,0.0,,考试身份同(BJ-2026-XC-QIMO)；文件名未限定题号；未能在材料正文定位到第16题段，仅按同卷材料登记为候选；题干块6-gram重叠0.0000(题干155字/材料段0字)；分值文本 11；同题另一来源块状态较弱(存在候选)，已按最强状态归并；同题另一来源块状态较弱(存在候选)，已按最强状态归并；同题另一来源块状态较弱(存在候选)，已按最强状态归并；主线程逐页/逐张视觉核对并建立完整来源转写；具名评标PPT按内容单元分层，仅其明确评分规则单元作E1，示例/方向提示保持E3，Q19 slides6-9图文为E2候选。
BJ-2026-XC-QIMO-Q16,BJ-2026-XC-QIMO,16,S9aecfff2e370,2026模拟题/2026各区期末和期中/2026西城期末/细则/补充材料/西城高三期末评标.pptx,评分材料,正式评分材料,已匹配正式材料,已匹配正式材料,1.0,,考试身份同(BJ-2026-XC-QIMO)；文件名未限定题号；正文定位方式=题号起首；题干块6-gram重叠1.0000(题干730字/材料段774字)；分值文本 6；同题另一来源块状态较弱(存在候选)，已按最强状态归并；同题另一来源块状态较弱(存在候选)，已按最强状态归并；同题另一来源块状态较弱(存在候选)，已按最强状态归并；主线程逐页/逐张视觉核对并建立完整来源转写；具名评标PPT按内容单元分层，仅其明确评分规则单元作E1，示例/方向提示保持E3，Q19 slides6-9图文为E2候选。
BJ-2026-XC-QIMO-Q16,BJ-2026-XC-QIMO,16,Sefbc5507a38d,2026模拟题/2026各区期末和期中/2026西城期末/细则/补充材料/高三思想政治参考答案.pdf,参考答案,参考答案,已匹配参考答案,已匹配正式材料,1.0,,考试身份同(BJ-2026-XC-QIMO)；文件名未限定题号；正文定位方式=题号起首；题干块6-gram重叠1.0000(题干738字/材料段738字)；同题另一来源块状态较弱(存在候选)，已按最强状态归并；同题另一来源块状态较弱(存在候选)，已按最强状态归并；来源实物裁定为混合载体内的E3参考答案组件；不得登记为正式评分材料。
BJ-2026-XC-QIMO-Q16,BJ-2026-XC-QIMO,16,Sefbc5507a38d,2026模拟题/2026各区期末和期中/2026西城期末/试卷/2026北京西城高三上期末政治教师版.pdf,参考答案,参考答案,已匹配参考答案,已匹配正式材料,1.0,,考试身份同(BJ-2026-XC-QIMO)；文件名未限定题号；正文定位方式=题号起首；题干块6-gram重叠1.0000(题干738字/材料段738字)；同题另一来源块状态较弱(存在候选)，已按最强状态归并；同题另一来源块状态较弱(存在候选)，已按最强状态归并；来源实物裁定为混合载体内的E3参考答案组件；不得登记为正式评分材料。
BJ-2026-XC-QIMO-Q17,BJ-2026-XC-QIMO,17,S54715a1e650d,2026模拟题/2026各区期末和期中/2026西城期末/细则/细则.pdf,评分材料,正式评分材料,已匹配正式材料,已匹配正式材料,0.0,,考试身份同(BJ-2026-XC-QIMO)；文件名未限定题号；未能在材料正文定位到第17题段，仅按同卷材料登记为候选；题干块6-gram重叠0.0000(题干331字/材料段0字)；分值文本 8；同题另一来源块状态较弱(存在候选)，已按最强状态归并；同题另一来源块状态较弱(存在候选)，已按最强状态归并；主线程逐页/逐张视觉核对并建立完整来源转写；具名评标PPT按内容单元分层，仅其明确评分规则单元作E1，示例/方向提示保持E3，Q19 slides6-9图文为E2候选。
BJ-2026-XC-QIMO-Q17,BJ-2026-XC-QIMO,17,S9aecfff2e370,2026模拟题/2026各区期末和期中/2026西城期末/细则/补充材料/西城高三期末评标.pptx,评分材料,正式评分材料,已匹配正式材料,已匹配正式材料,0.0,,考试身份同(BJ-2026-XC-QIMO)；文件名未限定题号；未能在材料正文定位到第17题段，仅按同卷材料登记为候选；题干块6-gram重叠0.0000(题干331字/材料段0字)；分值文本 8；同题另一来源块状态较弱(存在候选)，已按最强状态归并；同题另一来源块状态较弱(存在候选)，已按最强状态归并；主线程逐页/逐张视觉核对并建立完整来源转写；具名评标PPT按内容单元分层，仅其明确评分规则单元作E1，示例/方向提示保持E3，Q19 slides6-9图文为E2候选。
BJ-2026-XC-QIMO-Q17,BJ-2026-XC-QIMO,17,Sefbc5507a38d,2026模拟题/2026各区期末和期中/2026西城期末/细则/补充材料/高三思想政治参考答案.pdf,参考答案,参考答案,已匹配参考答案,已匹配正式材料,1.0,,考试身份同(BJ-2026-XC-QIMO)；文件名未限定题号；正文定位方式=题号起首；题干块6-gram重叠1.0000(题干172字/材料段173字)；同题另一来源块状态较弱(存在候选)，已按最强状态归并；同题另一来源块状态较弱(存在候选)，已按最强状态归并；来源实物裁定为混合载体内的E3参考答案组件；不得登记为正式评分材料。
BJ-2026-XC-QIMO-Q17,BJ-2026-XC-QIMO,17,Sefbc5507a38d,2026模拟题/2026各区期末和期中/2026西城期末/试卷/2026北京西城高三上期末政治教师版.pdf,参考答案,参考答案,已匹配参考答案,已匹配正式材料,1.0,,考试身份同(BJ-2026-XC-QIMO)；文件名未限定题号；正文定位方式=题号起首；题干块6-gram重叠1.0000(题干172字/材料段173字)；同题另一来源块状态较弱(存在候选)，已按最强状态归并；同题另一来源块状态较弱(存在候选)，已按最强状态归并；来源实物裁定为混合载体内的E3参考答案组件；不得登记为正式评分材料。
BJ-2026-XC-QIMO-Q18,BJ-2026-XC-QIMO,18,S54715a1e650d,2026模拟题/2026各区期末和期中/2026西城期末/细则/细则.pdf,评分材料,正式评分材料,已匹配正式材料,已匹配正式材料,0.0,,考试身份同(BJ-2026-XC-QIMO)；文件名未限定题号；未能在材料正文定位到第18题段，仅按同卷材料登记为候选；题干块6-gram重叠0.0000(题干197字/材料段0字)；分值文本 7；同题另一来源块状态较弱(存在候选)，已按最强状态归并；同题另一来源块状态较弱(存在候选)，已按最强状态归并；主线程逐页/逐张视觉核对并建立完整来源转写；具名评标PPT按内容单元分层，仅其明确评分规则单元作E1，示例/方向提示保持E3，Q19 slides6-9图文为E2候选。
BJ-2026-XC-QIMO-Q18,BJ-2026-XC-QIMO,18,S9aecfff2e370,2026模拟题/2026各区期末和期中/2026西城期末/细则/补充材料/西城高三期末评标.pptx,评分材料,正式评分材料,已匹配正式材料,已匹配正式材料,0.0,,考试身份同(BJ-2026-XC-QIMO)；文件名未限定题号；未能在材料正文定位到第18题段，仅按同卷材料登记为候选；题干块6-gram重叠0.0000(题干197字/材料段0字)；分值文本 7；同题另一来源块状态较弱(存在候选)，已按最强状态归并；同题另一来源块状态较弱(存在候选)，已按最强状态归并；主线程逐页/逐张视觉核对并建立完整来源转写；具名评标PPT按内容单元分层，仅其明确评分规则单元作E1，示例/方向提示保持E3，Q19 slides6-9图文为E2候选。
BJ-2026-XC-QIMO-Q18,BJ-2026-XC-QIMO,18,Sefbc5507a38d,2026模拟题/2026各区期末和期中/2026西城期末/细则/补充材料/高三思想政治参考答案.pdf,参考答案,参考答案,已匹配参考答案,已匹配正式材料,1.0,,考试身份同(BJ-2026-XC-QIMO)；文件名未限定题号；正文定位方式=题号起首；题干块6-gram重叠1.0000(题干345字/材料段346字)；同题另一来源块状态较弱(存在候选)，已按最强状态归并；同题另一来源块状态较弱(存在候选)，已按最强状态归并；来源实物裁定为混合载体内的E3参考答案组件；不得登记为正式评分材料。
BJ-2026-XC-QIMO-Q18,BJ-2026-XC-QIMO,18,Sefbc5507a38d,2026模拟题/2026各区期末和期中/2026西城期末/试卷/2026北京西城高三上期末政治教师版.pdf,参考答案,参考答案,已匹配参考答案,已匹配正式材料,1.0,,考试身份同(BJ-2026-XC-QIMO)；文件名未限定题号；正文定位方式=题号起首；题干块6-gram重叠1.0000(题干345字/材料段346字)；同题另一来源块状态较弱(存在候选)，已按最强状态归并；同题另一来源块状态较弱(存在候选)，已按最强状态归并；来源实物裁定为混合载体内的E3参考答案组件；不得登记为正式评分材料。
BJ-2026-XC-QIMO-Q19,BJ-2026-XC-QIMO,19,S54715a1e650d,2026模拟题/2026各区期末和期中/2026西城期末/细则/细则.pdf,评分材料,正式评分材料,已匹配正式材料,已匹配正式材料,0.0,,考试身份同(BJ-2026-XC-QIMO)；文件名未限定题号；未能在材料正文定位到第19题段，仅按同卷材料登记为候选；题干块6-gram重叠0.0000(题干323字/材料段0字)；分值文本 11；同题另一来源块状态较弱(存在候选)，已按最强状态归并；同题另一来源块状态较弱(存在候选)，已按最强状态归并；主线程逐页/逐张视觉核对并建立完整来源转写；具名评标PPT按内容单元分层，仅其明确评分规则单元作E1，示例/方向提示保持E3，Q19 slides6-9图文为E2候选。
BJ-2026-XC-QIMO-Q19,BJ-2026-XC-QIMO,19,S9aecfff2e370,2026模拟题/2026各区期末和期中/2026西城期末/细则/补充材料/西城高三期末评标.pptx,评分材料,正式评分材料,已匹配正式材料,已匹配正式材料,0.0,,考试身份同(BJ-2026-XC-QIMO)；文件名未限定题号；未能在材料正文定位到第19题段，仅按同卷材料登记为候选；题干块6-gram重叠0.0000(题干323字/材料段0字)；分值文本 11；同题另一来源块状态较弱(存在候选)，已按最强状态归并；同题另一来源块状态较弱(存在候选)，已按最强状态归并；主线程逐页/逐张视觉核对并建立完整来源转写；具名评标PPT按内容单元分层，仅其明确评分规则单元作E1，示例/方向提示保持E3，Q19 slides6-9图文为E2候选。
BJ-2026-XC-QIMO-Q19,BJ-2026-XC-QIMO,19,Sefbc5507a38d,2026模拟题/2026各区期末和期中/2026西城期末/细则/补充材料/高三思想政治参考答案.pdf,参考答案,参考答案,已匹配参考答案,已匹配正式材料,1.0,,考试身份同(BJ-2026-XC-QIMO)；文件名未限定题号；正文定位方式=题号起首；题干块6-gram重叠1.0000(题干452字/材料段453字)；同题另一来源块状态较弱(存在候选)，已按最强状态归并；同题另一来源块状态较弱(存在候选)，已按最强状态归并；来源实物裁定为混合载体内的E3参考答案组件；不得登记为正式评分材料。
BJ-2026-XC-QIMO-Q19,BJ-2026-XC-QIMO,19,Sefbc5507a38d,2026模拟题/2026各区期末和期中/2026西城期末/试卷/2026北京西城高三上期末政治教师版.pdf,参考答案,参考答案,已匹配参考答案,已匹配正式材料,1.0,,考试身份同(BJ-2026-XC-QIMO)；文件名未限定题号；正文定位方式=题号起首；题干块6-gram重叠1.0000(题干452字/材料段453字)；同题另一来源块状态较弱(存在候选)，已按最强状态归并；同题另一来源块状态较弱(存在候选)，已按最强状态归并；来源实物裁定为混合载体内的E3参考答案组件；不得登记为正式评分材料。
BJ-2026-XC-QIMO-Q20,BJ-2026-XC-QIMO,20,S54715a1e650d,2026模拟题/2026各区期末和期中/2026西城期末/细则/细则.pdf,评分材料,正式评分材料,已匹配正式材料,已匹配正式材料,0.0,,考试身份同(BJ-2026-XC-QIMO)；文件名未限定题号；未能在材料正文定位到第20题段，仅按同卷材料登记为候选；题干块6-gram重叠0.0000(题干200字/材料段0字)；分值文本 8；同题另一来源块状态较弱(存在候选)，已按最强状态归并；同题另一来源块状态较弱(存在候选)，已按最强状态归并；主线程逐页/逐张视觉核对并建立完整来源转写；具名评标PPT按内容单元分层，仅其明确评分规则单元作E1，示例/方向提示保持E3，Q19 slides6-9图文为E2候选。
BJ-2026-XC-QIMO-Q20,BJ-2026-XC-QIMO,20,S9aecfff2e370,2026模拟题/2026各区期末和期中/2026西城期末/细则/补充材料/西城高三期末评标.pptx,评分材料,正式评分材料,已匹配正式材料,已匹配正式材料,0.0,,考试身份同(BJ-2026-XC-QIMO)；文件名未限定题号；未能在材料正文定位到第20题段，仅按同卷材料登记为候选；题干块6-gram重叠0.0000(题干200字/材料段0字)；分值文本 8；同题另一来源块状态较弱(存在候选)，已按最强状态归并；同题另一来源块状态较弱(存在候选)，已按最强状态归并；主线程逐页/逐张视觉核对并建立完整来源转写；具名评标PPT按内容单元分层，仅其明确评分规则单元作E1，示例/方向提示保持E3，Q19 slides6-9图文为E2候选。
BJ-2026-XC-QIMO-Q20,BJ-2026-XC-QIMO,20,Sefbc5507a38d,2026模拟题/2026各区期末和期中/2026西城期末/细则/补充材料/高三思想政治参考答案.pdf,参考答案,参考答案,已匹配参考答案,已匹配正式材料,1.0,,考试身份同(BJ-2026-XC-QIMO)；文件名未限定题号；正文定位方式=题号起首；题干块6-gram重叠1.0000(题干651字/材料段652字)；同题另一来源块状态较弱(存在候选)，已按最强状态归并；同题另一来源块状态较弱(存在候选)，已按最强状态归并；来源实物裁定为混合载体内的E3参考答案组件；不得登记为正式评分材料。
BJ-2026-XC-QIMO-Q20,BJ-2026-XC-QIMO,20,Sefbc5507a38d,2026模拟题/2026各区期末和期中/2026西城期末/试卷/2026北京西城高三上期末政治教师版.pdf,参考答案,参考答案,已匹配参考答案,已匹配正式材料,1.0,,考试身份同(BJ-2026-XC-QIMO)；文件名未限定题号；正文定位方式=题号起首；题干块6-gram重叠1.0000(题干651字/材料段652字)；同题另一来源块状态较弱(存在候选)，已按最强状态归并；同题另一来源块状态较弱(存在候选)，已按最强状态归并；来源实物裁定为混合载体内的E3参考答案组件；不得登记为正式评分材料。
BJ-2026-XC-QIMO-Q21,BJ-2026-XC-QIMO,21,S54715a1e650d,2026模拟题/2026各区期末和期中/2026西城期末/细则/细则.pdf,评分材料,正式评分材料,已匹配正式材料,已匹配正式材料,0.0,,考试身份同(BJ-2026-XC-QIMO)；文件名未限定题号；未能在材料正文定位到第21题段，仅按同卷材料登记为候选；题干块6-gram重叠0.0000(题干225字/材料段0字)；分值文本 10；同题另一来源块状态较弱(存在候选)，已按最强状态归并；同题另一来源块状态较弱(存在候选)，已按最强状态归并；主线程逐页/逐张视觉核对并建立完整来源转写；具名评标PPT按内容单元分层，仅其明确评分规则单元作E1，示例/方向提示保持E3，Q19 slides6-9图文为E2候选。
BJ-2026-XC-QIMO-Q21,BJ-2026-XC-QIMO,21,S9aecfff2e370,2026模拟题/2026各区期末和期中/2026西城期末/细则/补充材料/西城高三期末评标.pptx,评分材料,正式评分材料,已匹配正式材料,已匹配正式材料,0.1535,,考试身份同(BJ-2026-XC-QIMO)；文件名未限定题号；正文定位方式=题号起首；题干块6-gram重叠0.1535(题干225字/材料段44字)；分值文本 10；同题另一来源块状态较弱(存在候选)，已按最强状态归并；同题另一来源块状态较弱(存在候选)，已按最强状态归并；主线程逐页/逐张视觉核对并建立完整来源转写；具名评标PPT按内容单元分层，仅其明确评分规则单元作E1，示例/方向提示保持E3，Q19 slides6-9图文为E2候选。
BJ-2026-XC-QIMO-Q21,BJ-2026-XC-QIMO,21,Sefbc5507a38d,2026模拟题/2026各区期末和期中/2026西城期末/细则/补充材料/高三思想政治参考答案.pdf,参考答案,参考答案,已匹配参考答案,已匹配正式材料,1.0,,考试身份同(BJ-2026-XC-QIMO)；文件名未限定题号；正文定位方式=题号起首；题干块6-gram重叠1.0000(题干366字/材料段370字)；同题另一来源块状态较弱(存在候选)，已按最强状态归并；来源实物裁定为混合载体内的E3参考答案组件；不得登记为正式评分材料。
BJ-2026-XC-QIMO-Q21,BJ-2026-XC-QIMO,21,Sefbc5507a38d,2026模拟题/2026各区期末和期中/2026西城期末/试卷/2026北京西城高三上期末政治教师版.pdf,参考答案,参考答案,已匹配参考答案,已匹配正式材料,1.0,,考试身份同(BJ-2026-XC-QIMO)；文件名未限定题号；正文定位方式=题号起首；题干块6-gram重叠1.0000(题干366字/材料段370字)；同题另一来源块状态较弱(存在候选)，已按最强状态归并；来源实物裁定为混合载体内的E3参考答案组件；不得登记为正式评分材料。
BJ-2026-XC-QIMO-Q1,BJ-2026-XC-QIMO,1,S54715a1e650d,2026模拟题/2026各区期末和期中/2026西城期末/细则/细则.pdf,评分材料,正式评分材料,存在候选,存在候选,0.0,,考试身份同(BJ-2026-XC-QIMO)；文件名未限定题号；未能在材料正文定位到第1题段，仅按同卷材料登记为候选；题干块6-gram重叠0.0000(题干254字/材料段0字)
BJ-2026-XC-QIMO-Q1,BJ-2026-XC-QIMO,1,S9aecfff2e370,2026模拟题/2026各区期末和期中/2026西城期末/细则/补充材料/西城高三期末评标.pptx,评分材料,正式评分材料,存在候选,存在候选,0.0,,考试身份同(BJ-2026-XC-QIMO)；文件名未限定题号；未能在材料正文定位到第1题段，仅按同卷材料登记为候选；题干块6-gram重叠0.0000(题干254字/材料段0字)
BJ-2026-XC-QIMO-Q1,BJ-2026-XC-QIMO,1,Sefbc5507a38d,2026模拟题/2026各区期末和期中/2026西城期末/细则/补充材料/高三思想政治参考答案.pdf,参考答案,参考答案,已匹配参考答案,存在候选,0.0087,,考试身份同(BJ-2026-XC-QIMO)；文件名未限定题号；正文定位方式=题号起首；题干块6-gram重叠0.0087(题干254字/材料段2817字)；来源实物裁定为混合载体内的E3参考答案组件；不得登记为正式评分材料。
BJ-2026-XC-QIMO-Q1,BJ-2026-XC-QIMO,1,Sefbc5507a38d,2026模拟题/2026各区期末和期中/2026西城期末/试卷/2026北京西城高三上期末政治教师版.pdf,参考答案,参考答案,已匹配参考答案,存在候选,0.0087,,考试身份同(BJ-2026-XC-QIMO)；文件名未限定题号；正文定位方式=题号起首；题干块6-gram重叠0.0087(题干254字/材料段2817字)；来源实物裁定为混合载体内的E3参考答案组件；不得登记为正式评分材料。
BJ-2026-XC-QIMO-Q2,BJ-2026-XC-QIMO,2,S54715a1e650d,2026模拟题/2026各区期末和期中/2026西城期末/细则/细则.pdf,评分材料,正式评分材料,存在候选,仅有参考答案,0.0,,考试身份同(BJ-2026-XC-QIMO)；文件名未限定题号；未能在材料正文定位到第2题段，仅按同卷材料登记为候选；题干块6-gram重叠0.0000(题干445字/材料段0字)
BJ-2026-XC-QIMO-Q2,BJ-2026-XC-QIMO,2,S9aecfff2e370,2026模拟题/2026各区期末和期中/2026西城期末/细则/补充材料/西城高三期末评标.pptx,评分材料,正式评分材料,存在候选,仅有参考答案,0.0,,考试身份同(BJ-2026-XC-QIMO)；文件名未限定题号；未能在材料正文定位到第2题段，仅按同卷材料登记为候选；题干块6-gram重叠0.0000(题干445字/材料段0字)
BJ-2026-XC-QIMO-Q2,BJ-2026-XC-QIMO,2,Sefbc5507a38d,2026模拟题/2026各区期末和期中/2026西城期末/细则/补充材料/高三思想政治参考答案.pdf,参考答案,参考答案,已匹配参考答案,仅有参考答案,0.0,,考试身份同(BJ-2026-XC-QIMO)；文件名未限定题号；正文定位方式=行内答案键；题干块6-gram重叠0.0000(题干445字/材料段3字)；来源实物裁定为混合载体内的E3参考答案组件；不得登记为正式评分材料。
BJ-2026-XC-QIMO-Q2,BJ-2026-XC-QIMO,2,Sefbc5507a38d,2026模拟题/2026各区期末和期中/2026西城期末/试卷/2026北京西城高三上期末政治教师版.pdf,参考答案,参考答案,已匹配参考答案,仅有参考答案,0.0,,考试身份同(BJ-2026-XC-QIMO)；文件名未限定题号；正文定位方式=行内答案键；题干块6-gram重叠0.0000(题干445字/材料段3字)；来源实物裁定为混合载体内的E3参考答案组件；不得登记为正式评分材料。
BJ-2026-XC-QIMO-Q3,BJ-2026-XC-QIMO,3,S54715a1e650d,2026模拟题/2026各区期末和期中/2026西城期末/细则/细则.pdf,评分材料,正式评分材料,存在候选,仅有参考答案,0.0,,考试身份同(BJ-2026-XC-QIMO)；文件名未限定题号；未能在材料正文定位到第3题段，仅按同卷材料登记为候选；题干块6-gram重叠0.0000(题干194字/材料段0字)
BJ-2026-XC-QIMO-Q3,BJ-2026-XC-QIMO,3,S9aecfff2e370,2026模拟题/2026各区期末和期中/2026西城期末/细则/补充材料/西城高三期末评标.pptx,评分材料,正式评分材料,存在候选,仅有参考答案,0.0,,考试身份同(BJ-2026-XC-QIMO)；文件名未限定题号；未能在材料正文定位到第3题段，仅按同卷材料登记为候选；题干块6-gram重叠0.0000(题干194字/材料段0字)
BJ-2026-XC-QIMO-Q3,BJ-2026-XC-QIMO,3,Sefbc5507a38d,2026模拟题/2026各区期末和期中/2026西城期末/细则/补充材料/高三思想政治参考答案.pdf,参考答案,参考答案,已匹配参考答案,仅有参考答案,0.0,,考试身份同(BJ-2026-XC-QIMO)；文件名未限定题号；正文定位方式=行内答案键；题干块6-gram重叠0.0000(题干194字/材料段3字)；来源实物裁定为混合载体内的E3参考答案组件；不得登记为正式评分材料。
BJ-2026-XC-QIMO-Q3,BJ-2026-XC-QIMO,3,Sefbc5507a38d,2026模拟题/2026各区期末和期中/2026西城期末/试卷/2026北京西城高三上期末政治教师版.pdf,参考答案,参考答案,已匹配参考答案,仅有参考答案,0.0,,考试身份同(BJ-2026-XC-QIMO)；文件名未限定题号；正文定位方式=行内答案键；题干块6-gram重叠0.0000(题干194字/材料段3字)；来源实物裁定为混合载体内的E3参考答案组件；不得登记为正式评分材料。
BJ-2026-XC-QIMO-Q4,BJ-2026-XC-QIMO,4,S54715a1e650d,2026模拟题/2026各区期末和期中/2026西城期末/细则/细则.pdf,评分材料,正式评分材料,存在候选,仅有参考答案,0.0,,考试身份同(BJ-2026-XC-QIMO)；文件名未限定题号；未能在材料正文定位到第4题段，仅按同卷材料登记为候选；题干块6-gram重叠0.0000(题干222字/材料段0字)
BJ-2026-XC-QIMO-Q4,BJ-2026-XC-QIMO,4,S9aecfff2e370,2026模拟题/2026各区期末和期中/2026西城期末/细则/补充材料/西城高三期末评标.pptx,评分材料,正式评分材料,存在候选,仅有参考答案,0.0,,考试身份同(BJ-2026-XC-QIMO)；文件名未限定题号；未能在材料正文定位到第4题段，仅按同卷材料登记为候选；题干块6-gram重叠0.0000(题干222字/材料段0字)
BJ-2026-XC-QIMO-Q4,BJ-2026-XC-QIMO,4,Sefbc5507a38d,2026模拟题/2026各区期末和期中/2026西城期末/细则/补充材料/高三思想政治参考答案.pdf,参考答案,参考答案,已匹配参考答案,仅有参考答案,0.0,,考试身份同(BJ-2026-XC-QIMO)；文件名未限定题号；正文定位方式=行内答案键；题干块6-gram重叠0.0000(题干222字/材料段3字)；来源实物裁定为混合载体内的E3参考答案组件；不得登记为正式评分材料。
BJ-2026-XC-QIMO-Q4,BJ-2026-XC-QIMO,4,Sefbc5507a38d,2026模拟题/2026各区期末和期中/2026西城期末/试卷/2026北京西城高三上期末政治教师版.pdf,参考答案,参考答案,已匹配参考答案,仅有参考答案,0.0,,考试身份同(BJ-2026-XC-QIMO)；文件名未限定题号；正文定位方式=行内答案键；题干块6-gram重叠0.0000(题干222字/材料段3字)；来源实物裁定为混合载体内的E3参考答案组件；不得登记为正式评分材料。
BJ-2026-XC-QIMO-Q5,BJ-2026-XC-QIMO,5,S54715a1e650d,2026模拟题/2026各区期末和期中/2026西城期末/细则/细则.pdf,评分材料,正式评分材料,存在候选,仅有参考答案,0.0,,考试身份同(BJ-2026-XC-QIMO)；文件名未限定题号；未能在材料正文定位到第5题段，仅按同卷材料登记为候选；题干块6-gram重叠0.0000(题干196字/材料段0字)
BJ-2026-XC-QIMO-Q5,BJ-2026-XC-QIMO,5,S9aecfff2e370,2026模拟题/2026各区期末和期中/2026西城期末/细则/补充材料/西城高三期末评标.pptx,评分材料,正式评分材料,存在候选,仅有参考答案,0.0,,考试身份同(BJ-2026-XC-QIMO)；文件名未限定题号；未能在材料正文定位到第5题段，仅按同卷材料登记为候选；题干块6-gram重叠0.0000(题干196字/材料段0字)
BJ-2026-XC-QIMO-Q5,BJ-2026-XC-QIMO,5,Sefbc5507a38d,2026模拟题/2026各区期末和期中/2026西城期末/细则/补充材料/高三思想政治参考答案.pdf,参考答案,参考答案,已匹配参考答案,仅有参考答案,0.0,,考试身份同(BJ-2026-XC-QIMO)；文件名未限定题号；正文定位方式=行内答案键；题干块6-gram重叠0.0000(题干196字/材料段3字)；来源实物裁定为混合载体内的E3参考答案组件；不得登记为正式评分材料。
BJ-2026-XC-QIMO-Q5,BJ-2026-XC-QIMO,5,Sefbc5507a38d,2026模拟题/2026各区期末和期中/2026西城期末/试卷/2026北京西城高三上期末政治教师版.pdf,参考答案,参考答案,已匹配参考答案,仅有参考答案,0.0,,考试身份同(BJ-2026-XC-QIMO)；文件名未限定题号；正文定位方式=行内答案键；题干块6-gram重叠0.0000(题干196字/材料段3字)；来源实物裁定为混合载体内的E3参考答案组件；不得登记为正式评分材料。
BJ-2026-XC-QIMO-Q6,BJ-2026-XC-QIMO,6,S54715a1e650d,2026模拟题/2026各区期末和期中/2026西城期末/细则/细则.pdf,评分材料,正式评分材料,存在候选,仅有参考答案,0.0,,考试身份同(BJ-2026-XC-QIMO)；文件名未限定题号；未能在材料正文定位到第6题段，仅按同卷材料登记为候选；题干块6-gram重叠0.0000(题干450字/材料段0字)
BJ-2026-XC-QIMO-Q6,BJ-2026-XC-QIMO,6,S9aecfff2e370,2026模拟题/2026各区期末和期中/2026西城期末/细则/补充材料/西城高三期末评标.pptx,评分材料,正式评分材料,存在候选,仅有参考答案,0.0,,考试身份同(BJ-2026-XC-QIMO)；文件名未限定题号；未能在材料正文定位到第6题段，仅按同卷材料登记为候选；题干块6-gram重叠0.0000(题干450字/材料段0字)
BJ-2026-XC-QIMO-Q6,BJ-2026-XC-QIMO,6,Sefbc5507a38d,2026模拟题/2026各区期末和期中/2026西城期末/细则/补充材料/高三思想政治参考答案.pdf,参考答案,参考答案,已匹配参考答案,仅有参考答案,0.0,,考试身份同(BJ-2026-XC-QIMO)；文件名未限定题号；正文定位方式=行内答案键；题干块6-gram重叠0.0000(题干450字/材料段3字)；来源实物裁定为混合载体内的E3参考答案组件；不得登记为正式评分材料。
BJ-2026-XC-QIMO-Q6,BJ-2026-XC-QIMO,6,Sefbc5507a38d,2026模拟题/2026各区期末和期中/2026西城期末/试卷/2026北京西城高三上期末政治教师版.pdf,参考答案,参考答案,已匹配参考答案,仅有参考答案,0.0,,考试身份同(BJ-2026-XC-QIMO)；文件名未限定题号；正文定位方式=行内答案键；题干块6-gram重叠0.0000(题干450字/材料段3字)；来源实物裁定为混合载体内的E3参考答案组件；不得登记为正式评分材料。
BJ-2026-XC-QIMO-Q7,BJ-2026-XC-QIMO,7,S54715a1e650d,2026模拟题/2026各区期末和期中/2026西城期末/细则/细则.pdf,评分材料,正式评分材料,存在候选,仅有参考答案,0.0,,考试身份同(BJ-2026-XC-QIMO)；文件名未限定题号；未能在材料正文定位到第7题段，仅按同卷材料登记为候选；题干块6-gram重叠0.0000(题干123字/材料段0字)
BJ-2026-XC-QIMO-Q7,BJ-2026-XC-QIMO,7,S9aecfff2e370,2026模拟题/2026各区期末和期中/2026西城期末/细则/补充材料/西城高三期末评标.pptx,评分材料,正式评分材料,存在候选,仅有参考答案,0.0,,考试身份同(BJ-2026-XC-QIMO)；文件名未限定题号；未能在材料正文定位到第7题段，仅按同卷材料登记为候选；题干块6-gram重叠0.0000(题干123字/材料段0字)
BJ-2026-XC-QIMO-Q7,BJ-2026-XC-QIMO,7,Sefbc5507a38d,2026模拟题/2026各区期末和期中/2026西城期末/细则/补充材料/高三思想政治参考答案.pdf,参考答案,参考答案,已匹配参考答案,仅有参考答案,0.0,,考试身份同(BJ-2026-XC-QIMO)；文件名未限定题号；正文定位方式=行内答案键；题干块6-gram重叠0.0000(题干123字/材料段3字)；来源实物裁定为混合载体内的E3参考答案组件；不得登记为正式评分材料。
BJ-2026-XC-QIMO-Q7,BJ-2026-XC-QIMO,7,Sefbc5507a38d,2026模拟题/2026各区期末和期中/2026西城期末/试卷/2026北京西城高三上期末政治教师版.pdf,参考答案,参考答案,已匹配参考答案,仅有参考答案,0.0,,考试身份同(BJ-2026-XC-QIMO)；文件名未限定题号；正文定位方式=行内答案键；题干块6-gram重叠0.0000(题干123字/材料段3字)；来源实物裁定为混合载体内的E3参考答案组件；不得登记为正式评分材料。
BJ-2026-XC-QIMO-Q8,BJ-2026-XC-QIMO,8,S54715a1e650d,2026模拟题/2026各区期末和期中/2026西城期末/细则/细则.pdf,评分材料,正式评分材料,存在候选,仅有参考答案,0.0,,考试身份同(BJ-2026-XC-QIMO)；文件名未限定题号；未能在材料正文定位到第8题段，仅按同卷材料登记为候选；题干块6-gram重叠0.0000(题干782字/材料段0字)
BJ-2026-XC-QIMO-Q8,BJ-2026-XC-QIMO,8,S9aecfff2e370,2026模拟题/2026各区期末和期中/2026西城期末/细则/补充材料/西城高三期末评标.pptx,评分材料,正式评分材料,存在候选,仅有参考答案,0.0,,考试身份同(BJ-2026-XC-QIMO)；文件名未限定题号；未能在材料正文定位到第8题段，仅按同卷材料登记为候选；题干块6-gram重叠0.0000(题干782字/材料段0字)
BJ-2026-XC-QIMO-Q8,BJ-2026-XC-QIMO,8,Sefbc5507a38d,2026模拟题/2026各区期末和期中/2026西城期末/细则/补充材料/高三思想政治参考答案.pdf,参考答案,参考答案,已匹配参考答案,仅有参考答案,0.0,,考试身份同(BJ-2026-XC-QIMO)；文件名未限定题号；正文定位方式=行内答案键；题干块6-gram重叠0.0000(题干782字/材料段3字)；来源实物裁定为混合载体内的E3参考答案组件；不得登记为正式评分材料。
BJ-2026-XC-QIMO-Q8,BJ-2026-XC-QIMO,8,Sefbc5507a38d,2026模拟题/2026各区期末和期中/2026西城期末/试卷/2026北京西城高三上期末政治教师版.pdf,参考答案,参考答案,已匹配参考答案,仅有参考答案,0.0,,考试身份同(BJ-2026-XC-QIMO)；文件名未限定题号；正文定位方式=行内答案键；题干块6-gram重叠0.0000(题干782字/材料段3字)；来源实物裁定为混合载体内的E3参考答案组件；不得登记为正式评分材料。
BJ-2026-XC-QIMO-Q10,BJ-2026-XC-QIMO,10,S54715a1e650d,2026模拟题/2026各区期末和期中/2026西城期末/细则/细则.pdf,评分材料,正式评分材料,存在候选,仅有参考答案,0.0,,考试身份同(BJ-2026-XC-QIMO)；文件名未限定题号；未能在材料正文定位到第10题段，仅按同卷材料登记为候选；题干块6-gram重叠0.0000(题干173字/材料段0字)
BJ-2026-XC-QIMO-Q10,BJ-2026-XC-QIMO,10,S9aecfff2e370,2026模拟题/2026各区期末和期中/2026西城期末/细则/补充材料/西城高三期末评标.pptx,评分材料,正式评分材料,存在候选,仅有参考答案,0.0,,考试身份同(BJ-2026-XC-QIMO)；文件名未限定题号；未能在材料正文定位到第10题段，仅按同卷材料登记为候选；题干块6-gram重叠0.0000(题干173字/材料段0字)
BJ-2026-XC-QIMO-Q10,BJ-2026-XC-QIMO,10,Sefbc5507a38d,2026模拟题/2026各区期末和期中/2026西城期末/细则/补充材料/高三思想政治参考答案.pdf,参考答案,参考答案,已匹配参考答案,仅有参考答案,0.0,,考试身份同(BJ-2026-XC-QIMO)；文件名未限定题号；正文定位方式=行内答案键；题干块6-gram重叠0.0000(题干173字/材料段4字)；来源实物裁定为混合载体内的E3参考答案组件；不得登记为正式评分材料。
BJ-2026-XC-QIMO-Q10,BJ-2026-XC-QIMO,10,Sefbc5507a38d,2026模拟题/2026各区期末和期中/2026西城期末/试卷/2026北京西城高三上期末政治教师版.pdf,参考答案,参考答案,已匹配参考答案,仅有参考答案,0.0,,考试身份同(BJ-2026-XC-QIMO)；文件名未限定题号；正文定位方式=行内答案键；题干块6-gram重叠0.0000(题干173字/材料段4字)；来源实物裁定为混合载体内的E3参考答案组件；不得登记为正式评分材料。
BJ-2026-XC-QIMO-Q11,BJ-2026-XC-QIMO,11,S54715a1e650d,2026模拟题/2026各区期末和期中/2026西城期末/细则/细则.pdf,评分材料,正式评分材料,存在候选,存在候选,0.0,,考试身份同(BJ-2026-XC-QIMO)；文件名未限定题号；未能在材料正文定位到第11题段，仅按同卷材料登记为候选；题干块6-gram重叠0.0000(题干400字/材料段0字)
BJ-2026-XC-QIMO-Q11,BJ-2026-XC-QIMO,11,S9aecfff2e370,2026模拟题/2026各区期末和期中/2026西城期末/细则/补充材料/西城高三期末评标.pptx,评分材料,正式评分材料,存在候选,存在候选,0.0,,考试身份同(BJ-2026-XC-QIMO)；文件名未限定题号；未能在材料正文定位到第11题段，仅按同卷材料登记为候选；题干块6-gram重叠0.0000(题干400字/材料段0字)
BJ-2026-XC-QIMO-Q11,BJ-2026-XC-QIMO,11,Sefbc5507a38d,2026模拟题/2026各区期末和期中/2026西城期末/细则/补充材料/高三思想政治参考答案.pdf,参考答案,参考答案,已匹配参考答案,存在候选,0.0,,考试身份同(BJ-2026-XC-QIMO)；文件名未限定题号；正文定位方式=题号起首；题干块6-gram重叠0.0000(题干400字/材料段2757字)；来源实物裁定为混合载体内的E3参考答案组件；不得登记为正式评分材料。
BJ-2026-XC-QIMO-Q11,BJ-2026-XC-QIMO,11,Sefbc5507a38d,2026模拟题/2026各区期末和期中/2026西城期末/试卷/2026北京西城高三上期末政治教师版.pdf,参考答案,参考答案,已匹配参考答案,存在候选,0.0,,考试身份同(BJ-2026-XC-QIMO)；文件名未限定题号；正文定位方式=题号起首；题干块6-gram重叠0.0000(题干400字/材料段2757字)；来源实物裁定为混合载体内的E3参考答案组件；不得登记为正式评分材料。
BJ-2026-XC-QIMO-Q12,BJ-2026-XC-QIMO,12,S54715a1e650d,2026模拟题/2026各区期末和期中/2026西城期末/细则/细则.pdf,评分材料,正式评分材料,存在候选,仅有参考答案,0.0,,考试身份同(BJ-2026-XC-QIMO)；文件名未限定题号；未能在材料正文定位到第12题段，仅按同卷材料登记为候选；题干块6-gram重叠0.0000(题干366字/材料段0字)
BJ-2026-XC-QIMO-Q12,BJ-2026-XC-QIMO,12,S9aecfff2e370,2026模拟题/2026各区期末和期中/2026西城期末/细则/补充材料/西城高三期末评标.pptx,评分材料,正式评分材料,存在候选,仅有参考答案,0.0,,考试身份同(BJ-2026-XC-QIMO)；文件名未限定题号；未能在材料正文定位到第12题段，仅按同卷材料登记为候选；题干块6-gram重叠0.0000(题干366字/材料段0字)
BJ-2026-XC-QIMO-Q12,BJ-2026-XC-QIMO,12,Sefbc5507a38d,2026模拟题/2026各区期末和期中/2026西城期末/细则/补充材料/高三思想政治参考答案.pdf,参考答案,参考答案,已匹配参考答案,仅有参考答案,0.0,,考试身份同(BJ-2026-XC-QIMO)；文件名未限定题号；正文定位方式=行内答案键；题干块6-gram重叠0.0000(题干366字/材料段4字)；来源实物裁定为混合载体内的E3参考答案组件；不得登记为正式评分材料。
BJ-2026-XC-QIMO-Q12,BJ-2026-XC-QIMO,12,Sefbc5507a38d,2026模拟题/2026各区期末和期中/2026西城期末/试卷/2026北京西城高三上期末政治教师版.pdf,参考答案,参考答案,已匹配参考答案,仅有参考答案,0.0,,考试身份同(BJ-2026-XC-QIMO)；文件名未限定题号；正文定位方式=行内答案键；题干块6-gram重叠0.0000(题干366字/材料段4字)；来源实物裁定为混合载体内的E3参考答案组件；不得登记为正式评分材料。
BJ-2026-XC-QIMO-Q13,BJ-2026-XC-QIMO,13,S54715a1e650d,2026模拟题/2026各区期末和期中/2026西城期末/细则/细则.pdf,评分材料,正式评分材料,存在候选,仅有参考答案,0.0,,考试身份同(BJ-2026-XC-QIMO)；文件名未限定题号；未能在材料正文定位到第13题段，仅按同卷材料登记为候选；题干块6-gram重叠0.0000(题干397字/材料段0字)
BJ-2026-XC-QIMO-Q13,BJ-2026-XC-QIMO,13,S9aecfff2e370,2026模拟题/2026各区期末和期中/2026西城期末/细则/补充材料/西城高三期末评标.pptx,评分材料,正式评分材料,存在候选,仅有参考答案,0.0,,考试身份同(BJ-2026-XC-QIMO)；文件名未限定题号；未能在材料正文定位到第13题段，仅按同卷材料登记为候选；题干块6-gram重叠0.0000(题干397字/材料段0字)
BJ-2026-XC-QIMO-Q13,BJ-2026-XC-QIMO,13,Sefbc5507a38d,2026模拟题/2026各区期末和期中/2026西城期末/细则/补充材料/高三思想政治参考答案.pdf,参考答案,参考答案,已匹配参考答案,仅有参考答案,0.0,,考试身份同(BJ-2026-XC-QIMO)；文件名未限定题号；正文定位方式=行内答案键；题干块6-gram重叠0.0000(题干397字/材料段4字)；来源实物裁定为混合载体内的E3参考答案组件；不得登记为正式评分材料。
BJ-2026-XC-QIMO-Q13,BJ-2026-XC-QIMO,13,Sefbc5507a38d,2026模拟题/2026各区期末和期中/2026西城期末/试卷/2026北京西城高三上期末政治教师版.pdf,参考答案,参考答案,已匹配参考答案,仅有参考答案,0.0,,考试身份同(BJ-2026-XC-QIMO)；文件名未限定题号；正文定位方式=行内答案键；题干块6-gram重叠0.0000(题干397字/材料段4字)；来源实物裁定为混合载体内的E3参考答案组件；不得登记为正式评分材料。
BJ-2026-XC-QIMO-Q14,BJ-2026-XC-QIMO,14,S54715a1e650d,2026模拟题/2026各区期末和期中/2026西城期末/细则/细则.pdf,评分材料,正式评分材料,存在候选,仅有参考答案,0.0,,考试身份同(BJ-2026-XC-QIMO)；文件名未限定题号；未能在材料正文定位到第14题段，仅按同卷材料登记为候选；题干块6-gram重叠0.0000(题干582字/材料段0字)
BJ-2026-XC-QIMO-Q14,BJ-2026-XC-QIMO,14,S9aecfff2e370,2026模拟题/2026各区期末和期中/2026西城期末/细则/补充材料/西城高三期末评标.pptx,评分材料,正式评分材料,存在候选,仅有参考答案,0.0,,考试身份同(BJ-2026-XC-QIMO)；文件名未限定题号；未能在材料正文定位到第14题段，仅按同卷材料登记为候选；题干块6-gram重叠0.0000(题干582字/材料段0字)
BJ-2026-XC-QIMO-Q14,BJ-2026-XC-QIMO,14,Sefbc5507a38d,2026模拟题/2026各区期末和期中/2026西城期末/细则/补充材料/高三思想政治参考答案.pdf,参考答案,参考答案,已匹配参考答案,仅有参考答案,0.0,,考试身份同(BJ-2026-XC-QIMO)；文件名未限定题号；正文定位方式=行内答案键；题干块6-gram重叠0.0000(题干582字/材料段4字)；来源实物裁定为混合载体内的E3参考答案组件；不得登记为正式评分材料。
BJ-2026-XC-QIMO-Q14,BJ-2026-XC-QIMO,14,Sefbc5507a38d,2026模拟题/2026各区期末和期中/2026西城期末/试卷/2026北京西城高三上期末政治教师版.pdf,参考答案,参考答案,已匹配参考答案,仅有参考答案,0.0,,考试身份同(BJ-2026-XC-QIMO)；文件名未限定题号；正文定位方式=行内答案键；题干块6-gram重叠0.0000(题干582字/材料段4字)；来源实物裁定为混合载体内的E3参考答案组件；不得登记为正式评分材料。
BJ-2026-TZ-QIMO-Q16,BJ-2026-TZ-QIMO,16,S44537714bd68,2026模拟题/2026各区期末和期中/2026通州期末/细则/细则.pptx,评分材料,正式评分材料,已匹配正式材料,已匹配正式材料,1.0,,考试身份同(BJ-2026-TZ-QIMO)；文件名未限定题号；正文定位方式=题号起首；题干块6-gram重叠1.0000(题干1299字/材料段1708字)；分值文本 8；同题另一来源块状态较弱(已匹配正式材料)，已按最强状态归并；同题另一来源块状态较弱(已匹配正式材料)，已按最强状态归并
BJ-2026-TZ-QIMO-Q1,BJ-2026-TZ-QIMO,1,S44537714bd68,2026模拟题/2026各区期末和期中/2026通州期末/细则/细则.pptx,评分材料,正式评分材料,已匹配正式材料,已匹配正式材料,1.0,,考试身份同(BJ-2026-TZ-QIMO)；文件名未限定题号；正文定位方式=题号起首；题干块6-gram重叠1.0000(题干143字/材料段143字)；同题另一来源块状态较弱(存在候选)，已按最强状态归并；同题另一来源块状态较弱(存在候选)，已按最强状态归并
BJ-2026-TZ-QIMO-Q2,BJ-2026-TZ-QIMO,2,S44537714bd68,2026模拟题/2026各区期末和期中/2026通州期末/细则/细则.pptx,评分材料,正式评分材料,已匹配正式材料,已匹配正式材料,1.0,,考试身份同(BJ-2026-TZ-QIMO)；文件名未限定题号；正文定位方式=题号起首；题干块6-gram重叠1.0000(题干148字/材料段149字)；同题另一来源块状态较弱(存在候选)，已按最强状态归并；同题另一来源块状态较弱(存在候选)，已按最强状态归并
BJ-2026-TZ-QIMO-Q3,BJ-2026-TZ-QIMO,3,S44537714bd68,2026模拟题/2026各区期末和期中/2026通州期末/细则/细则.pptx,评分材料,正式评分材料,已匹配正式材料,已匹配正式材料,1.0,,考试身份同(BJ-2026-TZ-QIMO)；文件名未限定题号；正文定位方式=题号起首；题干块6-gram重叠1.0000(题干114字/材料段3945字)；同题另一来源块状态较弱(存在候选)，已按最强状态归并；同题另一来源块状态较弱(存在候选)，已按最强状态归并
BJ-2026-TZ-QIMO-Q17,BJ-2026-TZ-QIMO,17,S44537714bd68,2026模拟题/2026各区期末和期中/2026通州期末/细则/细则.pptx,评分材料,正式评分材料,已匹配正式材料,已匹配正式材料,1.0,,考试身份同(BJ-2026-TZ-QIMO)；文件名未限定题号；正文定位方式=题号起首；题干块6-gram重叠1.0000(题干269字/材料段270字)；分值文本 8；同题另一来源块状态较弱(存在候选)，已按最强状态归并；同题另一来源块状态较弱(存在候选)，已按最强状态归并
BJ-2026-TZ-QIMO-Q18,BJ-2026-TZ-QIMO,18,S44537714bd68,2026模拟题/2026各区期末和期中/2026通州期末/细则/细则.pptx,评分材料,正式评分材料,已匹配正式材料,已匹配正式材料,1.0,,考试身份同(BJ-2026-TZ-QIMO)；文件名未限定题号；正文定位方式=题号起首；题干块6-gram重叠1.0000(题干637字/材料段638字)；分值文本 8；同题另一来源块状态较弱(已匹配正式材料)，已按最强状态归并；同题另一来源块状态较弱(已匹配正式材料)，已按最强状态归并
BJ-2026-TZ-QIMO-Q19,BJ-2026-TZ-QIMO,19,S44537714bd68,2026模拟题/2026各区期末和期中/2026通州期末/细则/细则.pptx,评分材料,正式评分材料,已匹配正式材料,已匹配正式材料,1.0,,考试身份同(BJ-2026-TZ-QIMO)；文件名未限定题号；正文定位方式=题号起首；题干块6-gram重叠1.0000(题干2066字/材料段2067字)；分值文本 14；同题另一来源块状态较弱(已匹配正式材料)，已按最强状态归并；同题另一来源块状态较弱(已匹配正式材料)，已按最强状态归并
BJ-2026-TZ-QIMO-Q20,BJ-2026-TZ-QIMO,20,S44537714bd68,2026模拟题/2026各区期末和期中/2026通州期末/细则/细则.pptx,评分材料,正式评分材料,已匹配正式材料,已匹配正式材料,1.0,,考试身份同(BJ-2026-TZ-QIMO)；文件名未限定题号；正文定位方式=题号起首；题干块6-gram重叠1.0000(题干779字/材料段961字)；分值文本 8；同题另一来源块状态较弱(已匹配正式材料)，已按最强状态归并；同题另一来源块状态较弱(已匹配正式材料)，已按最强状态归并
BJ-2026-TZ-QIMO-Q21,BJ-2026-TZ-QIMO,21,S44537714bd68,2026模拟题/2026各区期末和期中/2026通州期末/细则/细则.pptx,评分材料,正式评分材料,已匹配正式材料,已匹配正式材料,1.0,,考试身份同(BJ-2026-TZ-QIMO)；文件名未限定题号；正文定位方式=题号起首；题干块6-gram重叠1.0000(题干1273字/材料段1275字)；分值文本 9；同题另一来源块状态较弱(已匹配正式材料)，已按最强状态归并；同题另一来源块状态较弱(已匹配正式材料)，已按最强状态归并
BJ-2026-TZ-QIMO-Q4,BJ-2026-TZ-QIMO,4,S44537714bd68,2026模拟题/2026各区期末和期中/2026通州期末/细则/细则.pptx,评分材料,正式评分材料,存在候选,存在候选,0.0,,考试身份同(BJ-2026-TZ-QIMO)；文件名未限定题号；正文定位方式=题号起首；题干块6-gram重叠0.0000(题干170字/材料段56字)
BJ-2026-TZ-QIMO-Q5,BJ-2026-TZ-QIMO,5,S44537714bd68,2026模拟题/2026各区期末和期中/2026通州期末/细则/细则.pptx,评分材料,正式评分材料,存在候选,存在候选,0.0,,考试身份同(BJ-2026-TZ-QIMO)；文件名未限定题号；正文定位方式=题号起首；题干块6-gram重叠0.0000(题干305字/材料段14字)；同题另一来源块状态较弱(存在候选)，已按最强状态归并
BJ-2026-TZ-QIMO-Q6,BJ-2026-TZ-QIMO,6,S44537714bd68,2026模拟题/2026各区期末和期中/2026通州期末/细则/细则.pptx,评分材料,正式评分材料,存在候选,存在候选,0.0,,考试身份同(BJ-2026-TZ-QIMO)；文件名未限定题号；正文定位方式=题号起首；题干块6-gram重叠0.0000(题干267字/材料段1311字)；同题另一来源块状态较弱(存在候选)，已按最强状态归并
BJ-2026-TZ-QIMO-Q7,BJ-2026-TZ-QIMO,7,S44537714bd68,2026模拟题/2026各区期末和期中/2026通州期末/细则/细则.pptx,评分材料,正式评分材料,存在候选,存在候选,0.0,,考试身份同(BJ-2026-TZ-QIMO)；文件名未限定题号；未能在材料正文定位到第7题段，仅按同卷材料登记为候选；题干块6-gram重叠0.0000(题干308字/材料段0字)；同题另一来源块状态较弱(存在候选)，已按最强状态归并
BJ-2026-TZ-QIMO-Q8,BJ-2026-TZ-QIMO,8,S44537714bd68,2026模拟题/2026各区期末和期中/2026通州期末/细则/细则.pptx,评分材料,正式评分材料,存在候选,存在候选,0.0,,考试身份同(BJ-2026-TZ-QIMO)；文件名未限定题号；未能在材料正文定位到第8题段，仅按同卷材料登记为候选；题干块6-gram重叠0.0000(题干294字/材料段0字)；同题另一来源块状态较弱(存在候选)，已按最强状态归并
BJ-2026-TZ-QIMO-Q9,BJ-2026-TZ-QIMO,9,S44537714bd68,2026模拟题/2026各区期末和期中/2026通州期末/细则/细则.pptx,评分材料,正式评分材料,存在候选,存在候选,0.0,,考试身份同(BJ-2026-TZ-QIMO)；文件名未限定题号；未能在材料正文定位到第9题段，仅按同卷材料登记为候选；题干块6-gram重叠0.0000(题干302字/材料段0字)；同题另一来源块状态较弱(存在候选)，已按最强状态归并
BJ-2026-TZ-QIMO-Q10,BJ-2026-TZ-QIMO,10,S44537714bd68,2026模拟题/2026各区期末和期中/2026通州期末/细则/细则.pptx,评分材料,正式评分材料,存在候选,存在候选,0.0,,考试身份同(BJ-2026-TZ-QIMO)；文件名未限定题号；未能在材料正文定位到第10题段，仅按同卷材料登记为候选；题干块6-gram重叠0.0000(题干96字/材料段0字)；同题另一来源块状态较弱(存在候选)，已按最强状态归并
BJ-2026-TZ-QIMO-Q11,BJ-2026-TZ-QIMO,11,S44537714bd68,2026模拟题/2026各区期末和期中/2026通州期末/细则/细则.pptx,评分材料,正式评分材料,存在候选,存在候选,0.0,,考试身份同(BJ-2026-TZ-QIMO)；文件名未限定题号；未能在材料正文定位到第11题段，仅按同卷材料登记为候选；题干块6-gram重叠0.0000(题干266字/材料段0字)；同题另一来源块状态较弱(存在候选)，已按最强状态归并
BJ-2026-TZ-QIMO-Q12,BJ-2026-TZ-QIMO,12,S44537714bd68,2026模拟题/2026各区期末和期中/2026通州期末/细则/细则.pptx,评分材料,正式评分材料,存在候选,存在候选,0.0,,考试身份同(BJ-2026-TZ-QIMO)；文件名未限定题号；未能在材料正文定位到第12题段，仅按同卷材料登记为候选；题干块6-gram重叠0.0000(题干266字/材料段0字)；同题另一来源块状态较弱(存在候选)，已按最强状态归并
BJ-2026-TZ-QIMO-Q13,BJ-2026-TZ-QIMO,13,S44537714bd68,2026模拟题/2026各区期末和期中/2026通州期末/细则/细则.pptx,评分材料,正式评分材料,存在候选,存在候选,0.0,,考试身份同(BJ-2026-TZ-QIMO)；文件名未限定题号；未能在材料正文定位到第13题段，仅按同卷材料登记为候选；题干块6-gram重叠0.0000(题干304字/材料段0字)；同题另一来源块状态较弱(存在候选)，已按最强状态归并
BJ-2026-TZ-QIMO-Q14,BJ-2026-TZ-QIMO,14,S44537714bd68,2026模拟题/2026各区期末和期中/2026通州期末/细则/细则.pptx,评分材料,正式评分材料,存在候选,存在候选,0.0,,考试身份同(BJ-2026-TZ-QIMO)；文件名未限定题号；未能在材料正文定位到第14题段，仅按同卷材料登记为候选；题干块6-gram重叠0.0000(题干268字/材料段0字)；同题另一来源块状态较弱(存在候选)，已按最强状态归并
BJ-2026-TZ-QIMO-Q15,BJ-2026-TZ-QIMO,15,S44537714bd68,2026模拟题/2026各区期末和期中/2026通州期末/细则/细则.pptx,评分材料,正式评分材料,存在候选,存在候选,0.0,,考试身份同(BJ-2026-TZ-QIMO)；文件名未限定题号；未能在材料正文定位到第15题段，仅按同卷材料登记为候选；题干块6-gram重叠0.0000(题干314字/材料段0字)；同题另一来源块状态较弱(存在候选)，已按最强状态归并
BJ-2026-SJS-QIMO-Q16,BJ-2026-SJS-QIMO,16,S22c2a9a9dc00,2026模拟题/只有答案没有细则的/2026石景山期末/其他材料/答案及评分参考.pdf,参考答案,参考答案,已匹配参考答案,仅有参考答案,1.0,,考试身份同(BJ-2026-SJS-QIMO)；文件名未限定题号；正文定位方式=题号起首；题干块6-gram重叠1.0000(题干186字/材料段187字)；分值文本 8；同题另一来源块状态较弱(存在候选)，已按最强状态归并；来源实物裁定为混合载体内的E3参考答案组件；不得登记为正式评分材料。
BJ-2026-SJS-QIMO-Q17,BJ-2026-SJS-QIMO,17,S22c2a9a9dc00,2026模拟题/只有答案没有细则的/2026石景山期末/其他材料/答案及评分参考.pdf,参考答案,参考答案,已匹配参考答案,仅有参考答案,1.0,,考试身份同(BJ-2026-SJS-QIMO)；文件名未限定题号；正文定位方式=题号起首；题干块6-gram重叠1.0000(题干157字/材料段158字)；分值文本 9；同题另一来源块状态较弱(存在候选)，已按最强状态归并；来源实物裁定为混合载体内的E3参考答案组件；不得登记为正式评分材料。
BJ-2026-SJS-QIMO-Q18,BJ-2026-SJS-QIMO,18,S22c2a9a9dc00,2026模拟题/只有答案没有细则的/2026石景山期末/其他材料/答案及评分参考.pdf,参考答案,参考答案,已匹配参考答案,仅有参考答案,1.0,,考试身份同(BJ-2026-SJS-QIMO)；文件名未限定题号；正文定位方式=题号起首；题干块6-gram重叠1.0000(题干629字/材料段630字)；分值文本 14；同题另一来源块状态较弱(存在候选)，已按最强状态归并；来源实物裁定为混合载体内的E3参考答案组件；不得登记为正式评分材料。
BJ-2026-SJS-QIMO-Q19,BJ-2026-SJS-QIMO,19,S22c2a9a9dc00,2026模拟题/只有答案没有细则的/2026石景山期末/其他材料/答案及评分参考.pdf,参考答案,参考答案,已匹配参考答案,仅有参考答案,1.0,,考试身份同(BJ-2026-SJS-QIMO)；文件名未限定题号；正文定位方式=题号起首；题干块6-gram重叠1.0000(题干300字/材料段301字)；分值文本 14；同题另一来源块状态较弱(存在候选)，已按最强状态归并；来源实物裁定为混合载体内的E3参考答案组件；不得登记为正式评分材料。
BJ-2026-SJS-QIMO-Q20,BJ-2026-SJS-QIMO,20,S22c2a9a9dc00,2026模拟题/只有答案没有细则的/2026石景山期末/其他材料/答案及评分参考.pdf,参考答案,参考答案,已匹配参考答案,仅有参考答案,1.0,,考试身份同(BJ-2026-SJS-QIMO)；文件名未限定题号；正文定位方式=题号起首；题干块6-gram重叠1.0000(题干415字/材料段418字)；分值文本 10；同题另一来源块状态较弱(存在候选)，已按最强状态归并；来源实物裁定为混合载体内的E3参考答案组件；不得登记为正式评分材料。
BJ-2026-SJS-QIMO-Q1,BJ-2026-SJS-QIMO,1,S22c2a9a9dc00,2026模拟题/只有答案没有细则的/2026石景山期末/其他材料/答案及评分参考.pdf,参考答案,参考答案,已匹配参考答案,仅有参考答案,0.0,,考试身份同(BJ-2026-SJS-QIMO)；文件名未限定题号；正文定位方式=题号起首；题干块6-gram重叠0.0000(题干261字/材料段1876字)；来源实物裁定为混合载体内的E3参考答案组件；不得登记为正式评分材料。
BJ-2026-SJS-QIMO-Q2,BJ-2026-SJS-QIMO,2,S22c2a9a9dc00,2026模拟题/只有答案没有细则的/2026石景山期末/其他材料/答案及评分参考.pdf,参考答案,参考答案,已匹配参考答案,仅有参考答案,0.0,,考试身份同(BJ-2026-SJS-QIMO)；文件名未限定题号；正文定位方式=行内答案键；题干块6-gram重叠0.0000(题干500字/材料段3字)；来源实物裁定为混合载体内的E3参考答案组件；不得登记为正式评分材料。
BJ-2026-SJS-QIMO-Q3,BJ-2026-SJS-QIMO,3,S22c2a9a9dc00,2026模拟题/只有答案没有细则的/2026石景山期末/其他材料/答案及评分参考.pdf,参考答案,参考答案,已匹配参考答案,仅有参考答案,0.0,,考试身份同(BJ-2026-SJS-QIMO)；文件名未限定题号；正文定位方式=行内答案键；题干块6-gram重叠0.0000(题干232字/材料段3字)；来源实物裁定为混合载体内的E3参考答案组件；不得登记为正式评分材料。
BJ-2026-SJS-QIMO-Q4,BJ-2026-SJS-QIMO,4,S22c2a9a9dc00,2026模拟题/只有答案没有细则的/2026石景山期末/其他材料/答案及评分参考.pdf,参考答案,参考答案,已匹配参考答案,仅有参考答案,0.0,,考试身份同(BJ-2026-SJS-QIMO)；文件名未限定题号；正文定位方式=行内答案键；题干块6-gram重叠0.0000(题干360字/材料段3字)；来源实物裁定为混合载体内的E3参考答案组件；不得登记为正式评分材料。
BJ-2026-SJS-QIMO-Q5,BJ-2026-SJS-QIMO,5,S22c2a9a9dc00,2026模拟题/只有答案没有细则的/2026石景山期末/其他材料/答案及评分参考.pdf,参考答案,参考答案,已匹配参考答案,仅有参考答案,0.0,,考试身份同(BJ-2026-SJS-QIMO)；文件名未限定题号；正文定位方式=行内答案键；题干块6-gram重叠0.0000(题干259字/材料段3字)；来源实物裁定为混合载体内的E3参考答案组件；不得登记为正式评分材料。
BJ-2026-SJS-QIMO-Q6,BJ-2026-SJS-QIMO,6,S22c2a9a9dc00,2026模拟题/只有答案没有细则的/2026石景山期末/其他材料/答案及评分参考.pdf,参考答案,参考答案,已匹配参考答案,仅有参考答案,0.0,,考试身份同(BJ-2026-SJS-QIMO)；文件名未限定题号；正文定位方式=题号起首；题干块6-gram重叠0.0000(题干256字/材料段1822字)；来源实物裁定为混合载体内的E3参考答案组件；不得登记为正式评分材料。
BJ-2026-SJS-QIMO-Q7,BJ-2026-SJS-QIMO,7,S22c2a9a9dc00,2026模拟题/只有答案没有细则的/2026石景山期末/其他材料/答案及评分参考.pdf,参考答案,参考答案,已匹配参考答案,仅有参考答案,0.0,,考试身份同(BJ-2026-SJS-QIMO)；文件名未限定题号；正文定位方式=行内答案键；题干块6-gram重叠0.0000(题干172字/材料段3字)；来源实物裁定为混合载体内的E3参考答案组件；不得登记为正式评分材料。
BJ-2026-SJS-QIMO-Q8,BJ-2026-SJS-QIMO,8,S22c2a9a9dc00,2026模拟题/只有答案没有细则的/2026石景山期末/其他材料/答案及评分参考.pdf,参考答案,参考答案,已匹配参考答案,仅有参考答案,0.0,,考试身份同(BJ-2026-SJS-QIMO)；文件名未限定题号；正文定位方式=行内答案键；题干块6-gram重叠0.0000(题干330字/材料段3字)；来源实物裁定为混合载体内的E3参考答案组件；不得登记为正式评分材料。
BJ-2026-SJS-QIMO-Q9,BJ-2026-SJS-QIMO,9,S22c2a9a9dc00,2026模拟题/只有答案没有细则的/2026石景山期末/其他材料/答案及评分参考.pdf,参考答案,参考答案,已匹配参考答案,仅有参考答案,0.0,,考试身份同(BJ-2026-SJS-QIMO)；文件名未限定题号；正文定位方式=行内答案键；题干块6-gram重叠0.0000(题干323字/材料段3字)；来源实物裁定为混合载体内的E3参考答案组件；不得登记为正式评分材料。
BJ-2026-SJS-QIMO-Q10,BJ-2026-SJS-QIMO,10,S22c2a9a9dc00,2026模拟题/只有答案没有细则的/2026石景山期末/其他材料/答案及评分参考.pdf,参考答案,参考答案,已匹配参考答案,仅有参考答案,0.0,,考试身份同(BJ-2026-SJS-QIMO)；文件名未限定题号；正文定位方式=行内答案键；题干块6-gram重叠0.0000(题干280字/材料段4字)；来源实物裁定为混合载体内的E3参考答案组件；不得登记为正式评分材料。
BJ-2026-SJS-QIMO-Q11,BJ-2026-SJS-QIMO,11,S22c2a9a9dc00,2026模拟题/只有答案没有细则的/2026石景山期末/其他材料/答案及评分参考.pdf,参考答案,参考答案,已匹配参考答案,仅有参考答案,0.0036,,考试身份同(BJ-2026-SJS-QIMO)；文件名未限定题号；正文定位方式=题号起首；题干块6-gram重叠0.0036(题干307字/材料段1767字)；来源实物裁定为混合载体内的E3参考答案组件；不得登记为正式评分材料。
BJ-2026-SJS-QIMO-Q12,BJ-2026-SJS-QIMO,12,S22c2a9a9dc00,2026模拟题/只有答案没有细则的/2026石景山期末/其他材料/答案及评分参考.pdf,参考答案,参考答案,已匹配参考答案,仅有参考答案,0.0,,考试身份同(BJ-2026-SJS-QIMO)；文件名未限定题号；正文定位方式=行内答案键；题干块6-gram重叠0.0000(题干307字/材料段4字)；来源实物裁定为混合载体内的E3参考答案组件；不得登记为正式评分材料。
BJ-2026-SJS-QIMO-Q13,BJ-2026-SJS-QIMO,13,S22c2a9a9dc00,2026模拟题/只有答案没有细则的/2026石景山期末/其他材料/答案及评分参考.pdf,参考答案,参考答案,已匹配参考答案,仅有参考答案,0.0,,考试身份同(BJ-2026-SJS-QIMO)；文件名未限定题号；正文定位方式=行内答案键；题干块6-gram重叠0.0000(题干328字/材料段4字)；来源实物裁定为混合载体内的E3参考答案组件；不得登记为正式评分材料。
BJ-2026-SJS-QIMO-Q14,BJ-2026-SJS-QIMO,14,S22c2a9a9dc00,2026模拟题/只有答案没有细则的/2026石景山期末/其他材料/答案及评分参考.pdf,参考答案,参考答案,已匹配参考答案,仅有参考答案,0.0,,考试身份同(BJ-2026-SJS-QIMO)；文件名未限定题号；正文定位方式=行内答案键；题干块6-gram重叠0.0000(题干473字/材料段4字)；来源实物裁定为混合载体内的E3参考答案组件；不得登记为正式评分材料。
BJ-2021-BJ-GAOKAO-Q1,BJ-2021-BJ-GAOKAO,1,Sbfb92664a987,历年高考题及细则/2021北京高考真题政治（教师版）.pdf,参考答案,参考答案,已匹配参考答案,仅有参考答案,,,教师版PDF独立答案区p11；保持E3，不作为正式细则
BJ-2021-BJ-GAOKAO-Q1,BJ-2021-BJ-GAOKAO,1,S515af99fb5a8,历年高考题及细则/2021高考政治主观试题细则汇总（内部资料请勿外传）.pdf,评分材料,正式细则不覆盖选择题,已排除,仅有参考答案,0.0,,本7页正式细则仅Q16-Q21；Q1-Q15只使用教师版E3答案键。
BJ-2021-BJ-GAOKAO-Q2,BJ-2021-BJ-GAOKAO,2,Sbfb92664a987,历年高考题及细则/2021北京高考真题政治（教师版）.pdf,参考答案,参考答案,已匹配参考答案,仅有参考答案,,,教师版PDF独立答案区p11；保持E3，不作为正式细则
BJ-2021-BJ-GAOKAO-Q2,BJ-2021-BJ-GAOKAO,2,S515af99fb5a8,历年高考题及细则/2021高考政治主观试题细则汇总（内部资料请勿外传）.pdf,评分材料,正式细则不覆盖选择题,已排除,仅有参考答案,0.0,,本7页正式细则仅Q16-Q21；Q1-Q15只使用教师版E3答案键。
BJ-2021-BJ-GAOKAO-Q3,BJ-2021-BJ-GAOKAO,3,Sbfb92664a987,历年高考题及细则/2021北京高考真题政治（教师版）.pdf,参考答案,参考答案,已匹配参考答案,仅有参考答案,,,教师版PDF独立答案区p11；保持E3，不作为正式细则
BJ-2021-BJ-GAOKAO-Q3,BJ-2021-BJ-GAOKAO,3,S515af99fb5a8,历年高考题及细则/2021高考政治主观试题细则汇总（内部资料请勿外传）.pdf,评分材料,正式细则不覆盖选择题,已排除,仅有参考答案,0.0,,本7页正式细则仅Q16-Q21；Q1-Q15只使用教师版E3答案键。
BJ-2021-BJ-GAOKAO-Q4,BJ-2021-BJ-GAOKAO,4,Sbfb92664a987,历年高考题及细则/2021北京高考真题政治（教师版）.pdf,参考答案,参考答案,已匹配参考答案,仅有参考答案,,,教师版PDF独立答案区p11；保持E3，不作为正式细则
BJ-2021-BJ-GAOKAO-Q4,BJ-2021-BJ-GAOKAO,4,S515af99fb5a8,历年高考题及细则/2021高考政治主观试题细则汇总（内部资料请勿外传）.pdf,评分材料,正式细则不覆盖选择题,已排除,仅有参考答案,0.0,,本7页正式细则仅Q16-Q21；Q1-Q15只使用教师版E3答案键。
BJ-2021-BJ-GAOKAO-Q5,BJ-2021-BJ-GAOKAO,5,Sbfb92664a987,历年高考题及细则/2021北京高考真题政治（教师版）.pdf,参考答案,参考答案,已匹配参考答案,仅有参考答案,,,教师版PDF独立答案区p11；保持E3，不作为正式细则
BJ-2021-BJ-GAOKAO-Q5,BJ-2021-BJ-GAOKAO,5,S515af99fb5a8,历年高考题及细则/2021高考政治主观试题细则汇总（内部资料请勿外传）.pdf,评分材料,正式细则不覆盖选择题,已排除,仅有参考答案,0.0,,本7页正式细则仅Q16-Q21；Q1-Q15只使用教师版E3答案键。
BJ-2021-BJ-GAOKAO-Q6,BJ-2021-BJ-GAOKAO,6,Sbfb92664a987,历年高考题及细则/2021北京高考真题政治（教师版）.pdf,参考答案,参考答案,已匹配参考答案,仅有参考答案,,,教师版PDF独立答案区p11；保持E3，不作为正式细则
BJ-2021-BJ-GAOKAO-Q6,BJ-2021-BJ-GAOKAO,6,S515af99fb5a8,历年高考题及细则/2021高考政治主观试题细则汇总（内部资料请勿外传）.pdf,评分材料,正式细则不覆盖选择题,已排除,仅有参考答案,0.0,,本7页正式细则仅Q16-Q21；Q1-Q15只使用教师版E3答案键。
BJ-2021-BJ-GAOKAO-Q7,BJ-2021-BJ-GAOKAO,7,Sbfb92664a987,历年高考题及细则/2021北京高考真题政治（教师版）.pdf,参考答案,参考答案,已匹配参考答案,仅有参考答案,,,教师版PDF独立答案区p11；保持E3，不作为正式细则
BJ-2021-BJ-GAOKAO-Q7,BJ-2021-BJ-GAOKAO,7,S515af99fb5a8,历年高考题及细则/2021高考政治主观试题细则汇总（内部资料请勿外传）.pdf,评分材料,正式细则不覆盖选择题,已排除,仅有参考答案,0.0,,本7页正式细则仅Q16-Q21；Q1-Q15只使用教师版E3答案键。
BJ-2021-BJ-GAOKAO-Q8,BJ-2021-BJ-GAOKAO,8,Sbfb92664a987,历年高考题及细则/2021北京高考真题政治（教师版）.pdf,参考答案,参考答案,已匹配参考答案,仅有参考答案,,,教师版PDF独立答案区p11；保持E3，不作为正式细则
BJ-2021-BJ-GAOKAO-Q8,BJ-2021-BJ-GAOKAO,8,S515af99fb5a8,历年高考题及细则/2021高考政治主观试题细则汇总（内部资料请勿外传）.pdf,评分材料,正式细则不覆盖选择题,已排除,仅有参考答案,0.0,,本7页正式细则仅Q16-Q21；Q1-Q15只使用教师版E3答案键。
BJ-2021-BJ-GAOKAO-Q9,BJ-2021-BJ-GAOKAO,9,Sbfb92664a987,历年高考题及细则/2021北京高考真题政治（教师版）.pdf,参考答案,参考答案,已匹配参考答案,仅有参考答案,,,教师版PDF独立答案区p11；保持E3，不作为正式细则
BJ-2021-BJ-GAOKAO-Q9,BJ-2021-BJ-GAOKAO,9,S515af99fb5a8,历年高考题及细则/2021高考政治主观试题细则汇总（内部资料请勿外传）.pdf,评分材料,正式细则不覆盖选择题,已排除,仅有参考答案,0.0,,本7页正式细则仅Q16-Q21；Q1-Q15只使用教师版E3答案键。
BJ-2021-BJ-GAOKAO-Q10,BJ-2021-BJ-GAOKAO,10,Sbfb92664a987,历年高考题及细则/2021北京高考真题政治（教师版）.pdf,参考答案,参考答案,已匹配参考答案,仅有参考答案,,,教师版PDF独立答案区p11；保持E3，不作为正式细则
BJ-2021-BJ-GAOKAO-Q10,BJ-2021-BJ-GAOKAO,10,S515af99fb5a8,历年高考题及细则/2021高考政治主观试题细则汇总（内部资料请勿外传）.pdf,评分材料,正式细则不覆盖选择题,已排除,仅有参考答案,0.0,,本7页正式细则仅Q16-Q21；Q1-Q15只使用教师版E3答案键。
BJ-2021-BJ-GAOKAO-Q11,BJ-2021-BJ-GAOKAO,11,Sbfb92664a987,历年高考题及细则/2021北京高考真题政治（教师版）.pdf,参考答案,参考答案,已匹配参考答案,仅有参考答案,,,教师版PDF独立答案区p11；保持E3，不作为正式细则
BJ-2021-BJ-GAOKAO-Q11,BJ-2021-BJ-GAOKAO,11,S515af99fb5a8,历年高考题及细则/2021高考政治主观试题细则汇总（内部资料请勿外传）.pdf,评分材料,正式细则不覆盖选择题,已排除,仅有参考答案,0.0,,本7页正式细则仅Q16-Q21；Q1-Q15只使用教师版E3答案键。
BJ-2021-BJ-GAOKAO-Q12,BJ-2021-BJ-GAOKAO,12,Sbfb92664a987,历年高考题及细则/2021北京高考真题政治（教师版）.pdf,参考答案,参考答案,已匹配参考答案,仅有参考答案,,,教师版PDF独立答案区p11；保持E3，不作为正式细则
BJ-2021-BJ-GAOKAO-Q12,BJ-2021-BJ-GAOKAO,12,S515af99fb5a8,历年高考题及细则/2021高考政治主观试题细则汇总（内部资料请勿外传）.pdf,评分材料,正式细则不覆盖选择题,已排除,仅有参考答案,0.0,,本7页正式细则仅Q16-Q21；Q1-Q15只使用教师版E3答案键。
BJ-2021-BJ-GAOKAO-Q13,BJ-2021-BJ-GAOKAO,13,Sbfb92664a987,历年高考题及细则/2021北京高考真题政治（教师版）.pdf,参考答案,参考答案,已匹配参考答案,仅有参考答案,,,教师版PDF独立答案区p11；保持E3，不作为正式细则
BJ-2021-BJ-GAOKAO-Q13,BJ-2021-BJ-GAOKAO,13,S515af99fb5a8,历年高考题及细则/2021高考政治主观试题细则汇总（内部资料请勿外传）.pdf,评分材料,正式细则不覆盖选择题,已排除,仅有参考答案,0.0,,本7页正式细则仅Q16-Q21；Q1-Q15只使用教师版E3答案键。
BJ-2021-BJ-GAOKAO-Q14,BJ-2021-BJ-GAOKAO,14,Sbfb92664a987,历年高考题及细则/2021北京高考真题政治（教师版）.pdf,参考答案,参考答案,已匹配参考答案,仅有参考答案,,,教师版PDF独立答案区p11；保持E3，不作为正式细则
BJ-2021-BJ-GAOKAO-Q14,BJ-2021-BJ-GAOKAO,14,S515af99fb5a8,历年高考题及细则/2021高考政治主观试题细则汇总（内部资料请勿外传）.pdf,评分材料,正式细则不覆盖选择题,已排除,仅有参考答案,0.0,,本7页正式细则仅Q16-Q21；Q1-Q15只使用教师版E3答案键。
BJ-2021-BJ-GAOKAO-Q15,BJ-2021-BJ-GAOKAO,15,Sbfb92664a987,历年高考题及细则/2021北京高考真题政治（教师版）.pdf,参考答案,参考答案,已匹配参考答案,仅有参考答案,,,教师版PDF独立答案区p11；保持E3，不作为正式细则
BJ-2021-BJ-GAOKAO-Q15,BJ-2021-BJ-GAOKAO,15,S515af99fb5a8,历年高考题及细则/2021高考政治主观试题细则汇总（内部资料请勿外传）.pdf,评分材料,正式细则不覆盖选择题,已排除,仅有参考答案,0.0,,本7页正式细则仅Q16-Q21；Q1-Q15只使用教师版E3答案键。
BJ-2021-BJ-GAOKAO-Q16,BJ-2021-BJ-GAOKAO,16,Sbfb92664a987,历年高考题及细则/2021北京高考真题政治（教师版）.pdf,参考答案,参考答案,已匹配参考答案,已匹配正式材料,,,教师版PDF独立答案区p11；保持E3，不作为正式细则
BJ-2021-BJ-GAOKAO-Q16,BJ-2021-BJ-GAOKAO,16,S515af99fb5a8,历年高考题及细则/2021高考政治主观试题细则汇总（内部资料请勿外传）.pdf,评分材料,正式评分材料,已匹配正式材料,已匹配正式材料,,,正式细则同题同问p1；原题镜像/反馈与逐点评分保留
BJ-2021-BJ-GAOKAO-Q17,BJ-2021-BJ-GAOKAO,17,Sbfb92664a987,历年高考题及细则/2021北京高考真题政治（教师版）.pdf,参考答案,参考答案,已匹配参考答案,已匹配正式材料,,,教师版PDF独立答案区p11；保持E3，不作为正式细则
BJ-2021-BJ-GAOKAO-Q17,BJ-2021-BJ-GAOKAO,17,S515af99fb5a8,历年高考题及细则/2021高考政治主观试题细则汇总（内部资料请勿外传）.pdf,评分材料,正式评分材料,已匹配正式材料,已匹配正式材料,,,"正式细则同题同问p1,2；原题镜像/反馈与逐点评分保留"
BJ-2021-BJ-GAOKAO-Q18,BJ-2021-BJ-GAOKAO,18,Sbfb92664a987,历年高考题及细则/2021北京高考真题政治（教师版）.pdf,参考答案,参考答案,已匹配参考答案,已匹配正式材料,,,教师版PDF独立答案区p11；保持E3，不作为正式细则
BJ-2021-BJ-GAOKAO-Q18,BJ-2021-BJ-GAOKAO,18,S515af99fb5a8,历年高考题及细则/2021高考政治主观试题细则汇总（内部资料请勿外传）.pdf,评分材料,正式评分材料,已匹配正式材料,已匹配正式材料,,,"正式细则同题同问p2,3；原题镜像/反馈与逐点评分保留"
BJ-2021-BJ-GAOKAO-Q19,BJ-2021-BJ-GAOKAO,19,Sbfb92664a987,历年高考题及细则/2021北京高考真题政治（教师版）.pdf,参考答案,参考答案,已匹配参考答案,已匹配正式材料,,,"教师版PDF独立答案区p11,12；保持E3，不作为正式细则"
BJ-2021-BJ-GAOKAO-Q19,BJ-2021-BJ-GAOKAO,19,S515af99fb5a8,历年高考题及细则/2021高考政治主观试题细则汇总（内部资料请勿外传）.pdf,评分材料,正式评分材料,已匹配正式材料,已匹配正式材料,,,"正式细则同题同问p3,4；原题镜像/反馈与逐点评分保留"
BJ-2021-BJ-GAOKAO-Q20,BJ-2021-BJ-GAOKAO,20,Sbfb92664a987,历年高考题及细则/2021北京高考真题政治（教师版）.pdf,参考答案,参考答案,已匹配参考答案,已匹配正式材料,,,教师版PDF独立答案区p12；保持E3，不作为正式细则
BJ-2021-BJ-GAOKAO-Q20,BJ-2021-BJ-GAOKAO,20,S515af99fb5a8,历年高考题及细则/2021高考政治主观试题细则汇总（内部资料请勿外传）.pdf,评分材料,正式评分材料,已匹配正式材料,已匹配正式材料,,,"正式细则同题同问p4,5；原题镜像/反馈与逐点评分保留"
BJ-2021-BJ-GAOKAO-Q21,BJ-2021-BJ-GAOKAO,21,Sbfb92664a987,历年高考题及细则/2021北京高考真题政治（教师版）.pdf,参考答案,参考答案,已匹配参考答案,已匹配正式材料,,,教师版PDF独立答案区p12；保持E3，不作为正式细则
BJ-2021-BJ-GAOKAO-Q21,BJ-2021-BJ-GAOKAO,21,S515af99fb5a8,历年高考题及细则/2021高考政治主观试题细则汇总（内部资料请勿外传）.pdf,评分材料,正式评分材料,已匹配正式材料,已匹配正式材料,,,"正式细则同题同问p5,6,7；原题镜像/反馈与逐点评分保留"
BJ-2024-BJ-GAOKAO-Q1,BJ-2024-BJ-GAOKAO,1,Sbe05e583ba6a,历年高考题及细则/2024北京高考真题政治（教师版）.pdf,教师版,参考答案,已匹配参考答案,仅有参考答案,1.0,,考试身份同(BJ-2024-BJ-GAOKAO)；文件名未限定题号；正文定位方式=题号起首；题干块6-gram重叠1.0000(题干274字/材料段275字)；同题另一来源块状态较弱(已匹配参考答案)，已按最强状态归并；同题另一来源块状态较弱(已匹配参考答案)，已按最强状态归并
BJ-2024-BJ-GAOKAO-Q2,BJ-2024-BJ-GAOKAO,2,Sbe05e583ba6a,历年高考题及细则/2024北京高考真题政治（教师版）.pdf,教师版,参考答案,已匹配参考答案,仅有参考答案,1.0,,考试身份同(BJ-2024-BJ-GAOKAO)；文件名未限定题号；正文定位方式=题号起首；题干块6-gram重叠1.0000(题干249字/材料段250字)；同题另一来源块状态较弱(已匹配参考答案)，已按最强状态归并
BJ-2024-BJ-GAOKAO-Q3,BJ-2024-BJ-GAOKAO,3,Sbe05e583ba6a,历年高考题及细则/2024北京高考真题政治（教师版）.pdf,教师版,参考答案,已匹配参考答案,仅有参考答案,1.0,,考试身份同(BJ-2024-BJ-GAOKAO)；文件名未限定题号；正文定位方式=题号起首；题干块6-gram重叠1.0000(题干243字/材料段244字)；同题另一来源块状态较弱(已匹配参考答案)，已按最强状态归并；同题另一来源块状态较弱(已匹配参考答案)，已按最强状态归并
BJ-2024-BJ-GAOKAO-Q4,BJ-2024-BJ-GAOKAO,4,Sbe05e583ba6a,历年高考题及细则/2024北京高考真题政治（教师版）.pdf,教师版,参考答案,已匹配参考答案,仅有参考答案,1.0,,考试身份同(BJ-2024-BJ-GAOKAO)；文件名未限定题号；正文定位方式=题号起首；题干块6-gram重叠1.0000(题干254字/材料段255字)；同题另一来源块状态较弱(已匹配参考答案)，已按最强状态归并；同题另一来源块状态较弱(已匹配参考答案)，已按最强状态归并
BJ-2024-BJ-GAOKAO-Q5,BJ-2024-BJ-GAOKAO,5,Sbe05e583ba6a,历年高考题及细则/2024北京高考真题政治（教师版）.pdf,教师版,参考答案,已匹配参考答案,仅有参考答案,1.0,,考试身份同(BJ-2024-BJ-GAOKAO)；文件名未限定题号；正文定位方式=题号起首；题干块6-gram重叠1.0000(题干216字/材料段217字)；同题另一来源块状态较弱(已匹配参考答案)，已按最强状态归并；同题另一来源块状态较弱(存在候选)，已按最强状态归并
BJ-2024-BJ-GAOKAO-Q6,BJ-2024-BJ-GAOKAO,6,Sbe05e583ba6a,历年高考题及细则/2024北京高考真题政治（教师版）.pdf,教师版,参考答案,已匹配参考答案,仅有参考答案,1.0,,考试身份同(BJ-2024-BJ-GAOKAO)；文件名未限定题号；正文定位方式=题号起首；题干块6-gram重叠1.0000(题干297字/材料段298字)；同题另一来源块状态较弱(已匹配参考答案)，已按最强状态归并
BJ-2024-BJ-GAOKAO-Q7,BJ-2024-BJ-GAOKAO,7,Sbe05e583ba6a,历年高考题及细则/2024北京高考真题政治（教师版）.pdf,教师版,参考答案,已匹配参考答案,仅有参考答案,1.0,,考试身份同(BJ-2024-BJ-GAOKAO)；文件名未限定题号；正文定位方式=题号起首；题干块6-gram重叠1.0000(题干457字/材料段458字)；同题另一来源块状态较弱(已匹配参考答案)，已按最强状态归并
BJ-2024-BJ-GAOKAO-Q8,BJ-2024-BJ-GAOKAO,8,Sbe05e583ba6a,历年高考题及细则/2024北京高考真题政治（教师版）.pdf,教师版,参考答案,已匹配参考答案,仅有参考答案,1.0,,考试身份同(BJ-2024-BJ-GAOKAO)；文件名未限定题号；正文定位方式=题号起首；题干块6-gram重叠1.0000(题干305字/材料段306字)；同题另一来源块状态较弱(已匹配参考答案)，已按最强状态归并；同题另一来源块状态较弱(存在候选)，已按最强状态归并
BJ-2024-BJ-GAOKAO-Q9,BJ-2024-BJ-GAOKAO,9,Sbe05e583ba6a,历年高考题及细则/2024北京高考真题政治（教师版）.pdf,教师版,参考答案,已匹配参考答案,仅有参考答案,1.0,,考试身份同(BJ-2024-BJ-GAOKAO)；文件名未限定题号；正文定位方式=题号起首；题干块6-gram重叠1.0000(题干226字/材料段227字)；同题另一来源块状态较弱(已匹配参考答案)，已按最强状态归并；同题另一来源块状态较弱(存在候选)，已按最强状态归并
BJ-2024-BJ-GAOKAO-Q10,BJ-2024-BJ-GAOKAO,10,Sbe05e583ba6a,历年高考题及细则/2024北京高考真题政治（教师版）.pdf,教师版,参考答案,已匹配参考答案,仅有参考答案,1.0,,考试身份同(BJ-2024-BJ-GAOKAO)；文件名未限定题号；正文定位方式=题号起首；题干块6-gram重叠1.0000(题干259字/材料段260字)；同题另一来源块状态较弱(已匹配参考答案)，已按最强状态归并；同题另一来源块状态较弱(已匹配参考答案)，已按最强状态归并
BJ-2024-BJ-GAOKAO-Q11,BJ-2024-BJ-GAOKAO,11,Sbe05e583ba6a,历年高考题及细则/2024北京高考真题政治（教师版）.pdf,教师版,参考答案,已匹配参考答案,仅有参考答案,1.0,,考试身份同(BJ-2024-BJ-GAOKAO)；文件名未限定题号；正文定位方式=题号起首；题干块6-gram重叠1.0000(题干227字/材料段228字)；同题另一来源块状态较弱(已匹配参考答案)，已按最强状态归并；同题另一来源块状态较弱(已匹配参考答案)，已按最强状态归并
BJ-2024-BJ-GAOKAO-Q12,BJ-2024-BJ-GAOKAO,12,Sbe05e583ba6a,历年高考题及细则/2024北京高考真题政治（教师版）.pdf,教师版,参考答案,已匹配参考答案,仅有参考答案,1.0,,考试身份同(BJ-2024-BJ-GAOKAO)；文件名未限定题号；正文定位方式=题号起首；题干块6-gram重叠1.0000(题干346字/材料段347字)；同题另一来源块状态较弱(已匹配参考答案)，已按最强状态归并；同题另一来源块状态较弱(已匹配参考答案)，已按最强状态归并
BJ-2024-BJ-GAOKAO-Q13,BJ-2024-BJ-GAOKAO,13,Sbe05e583ba6a,历年高考题及细则/2024北京高考真题政治（教师版）.pdf,教师版,参考答案,已匹配参考答案,仅有参考答案,1.0,,考试身份同(BJ-2024-BJ-GAOKAO)；文件名未限定题号；正文定位方式=题号起首；题干块6-gram重叠1.0000(题干211字/材料段212字)；同题另一来源块状态较弱(已匹配参考答案)，已按最强状态归并；同题另一来源块状态较弱(存在候选)，已按最强状态归并
BJ-2024-BJ-GAOKAO-Q14,BJ-2024-BJ-GAOKAO,14,Sbe05e583ba6a,历年高考题及细则/2024北京高考真题政治（教师版）.pdf,教师版,参考答案,已匹配参考答案,仅有参考答案,1.0,,考试身份同(BJ-2024-BJ-GAOKAO)；文件名未限定题号；正文定位方式=题号起首；题干块6-gram重叠1.0000(题干262字/材料段263字)；同题另一来源块状态较弱(已匹配参考答案)，已按最强状态归并；同题另一来源块状态较弱(存在候选)，已按最强状态归并
BJ-2024-BJ-GAOKAO-Q15,BJ-2024-BJ-GAOKAO,15,Sbe05e583ba6a,历年高考题及细则/2024北京高考真题政治（教师版）.pdf,教师版,参考答案,已匹配参考答案,仅有参考答案,1.0,,考试身份同(BJ-2024-BJ-GAOKAO)；文件名未限定题号；正文定位方式=题号起首；题干块6-gram重叠1.0000(题干246字/材料段247字)；同题另一来源块状态较弱(已匹配参考答案)，已按最强状态归并；同题另一来源块状态较弱(已匹配参考答案)，已按最强状态归并
BJ-2024-BJ-GAOKAO-Q16,BJ-2024-BJ-GAOKAO,16,Sbe05e583ba6a,历年高考题及细则/2024北京高考真题政治（教师版）.pdf,教师版,参考答案,已匹配参考答案,仅有参考答案,1.0,,考试身份同(BJ-2024-BJ-GAOKAO)；文件名未限定题号；正文定位方式=题号起首；题干块6-gram重叠1.0000(题干202字/材料段203字)；分值文本 8；同题另一来源块状态较弱(已匹配参考答案)，已按最强状态归并；同题另一来源块状态较弱(已匹配参考答案)，已按最强状态归并
BJ-2024-BJ-GAOKAO-Q17,BJ-2024-BJ-GAOKAO,17,Sbe05e583ba6a,历年高考题及细则/2024北京高考真题政治（教师版）.pdf,教师版,参考答案,已匹配参考答案,仅有参考答案,1.0,,考试身份同(BJ-2024-BJ-GAOKAO)；文件名未限定题号；正文定位方式=题号起首；题干块6-gram重叠1.0000(题干522字/材料段523字)；分值文本 8；同题另一来源块状态较弱(已匹配参考答案)，已按最强状态归并；同题另一来源块状态较弱(已匹配参考答案)，已按最强状态归并
BJ-2024-BJ-GAOKAO-Q18,BJ-2024-BJ-GAOKAO,18,Sbe05e583ba6a,历年高考题及细则/2024北京高考真题政治（教师版）.pdf,教师版,参考答案,已匹配参考答案,仅有参考答案,1.0,,考试身份同(BJ-2024-BJ-GAOKAO)；文件名未限定题号；正文定位方式=题号起首；题干块6-gram重叠1.0000(题干891字/材料段892字)；分值文本 10；同题另一来源块状态较弱(已匹配参考答案)，已按最强状态归并
BJ-2024-BJ-GAOKAO-Q19,BJ-2024-BJ-GAOKAO,19,Sbe05e583ba6a,历年高考题及细则/2024北京高考真题政治（教师版）.pdf,教师版,参考答案,已匹配参考答案,仅有参考答案,1.0,,考试身份同(BJ-2024-BJ-GAOKAO)；文件名未限定题号；正文定位方式=题号起首；题干块6-gram重叠1.0000(题干689字/材料段690字)；分值文本 11；同题另一来源块状态较弱(已匹配参考答案)，已按最强状态归并
BJ-2024-BJ-GAOKAO-Q20,BJ-2024-BJ-GAOKAO,20,Sbe05e583ba6a,历年高考题及细则/2024北京高考真题政治（教师版）.pdf,教师版,参考答案,已匹配参考答案,仅有参考答案,1.0,,考试身份同(BJ-2024-BJ-GAOKAO)；文件名未限定题号；正文定位方式=题号起首；题干块6-gram重叠1.0000(题干427字/材料段428字)；分值文本 8；同题另一来源块状态较弱(已匹配参考答案)，已按最强状态归并
BJ-2024-BJ-GAOKAO-Q21,BJ-2024-BJ-GAOKAO,21,Sbe05e583ba6a,历年高考题及细则/2024北京高考真题政治（教师版）.pdf,教师版,参考答案,已匹配参考答案,仅有参考答案,1.0,,考试身份同(BJ-2024-BJ-GAOKAO)；文件名未限定题号；正文定位方式=题号起首；题干块6-gram重叠1.0000(题干578字/材料段4000字)；分值文本 10；同题另一来源块状态较弱(已匹配参考答案)，已按最强状态归并；同题另一来源块状态较弱(存在候选)，已按最强状态归并
BJ-2025-BJ-GAOKAO-Q16,BJ-2025-BJ-GAOKAO,16,S132a504a16fe,历年高考题及细则/2025北京细则.pdf,评分材料,正式评分材料,存在候选,仅有参考答案,0.0,,考试身份同(BJ-2025-BJ-GAOKAO)；文件名未限定题号；未能在材料正文定位到第16题段，仅按同卷材料登记为候选；题干块6-gram重叠0.0000(题干443字/材料段0字)；同题另一来源块状态较弱(存在候选)，已按最强状态归并；同题另一来源块状态较弱(存在候选)，已按最强状态归并
BJ-2025-BJ-GAOKAO-Q16,BJ-2025-BJ-GAOKAO,16,S44eade2b04f8,历年高考题及细则/2025北京高考真题政治（教师版）.pdf,教师版,参考答案,已匹配参考答案,仅有参考答案,0.9133,,考试身份同(BJ-2025-BJ-GAOKAO)；文件名未限定题号；正文定位方式=题号起首；题干块6-gram重叠0.9133(题干443字/材料段471字)；同题另一来源块状态较弱(已匹配参考答案)，已按最强状态归并；同题另一来源块状态较弱(已匹配参考答案)，已按最强状态归并
BJ-2025-BJ-GAOKAO-Q17,BJ-2025-BJ-GAOKAO,17,S132a504a16fe,历年高考题及细则/2025北京细则.pdf,评分材料,正式评分材料,存在候选,仅有参考答案,0.0,,考试身份同(BJ-2025-BJ-GAOKAO)；文件名未限定题号；未能在材料正文定位到第17题段，仅按同卷材料登记为候选；题干块6-gram重叠0.0000(题干516字/材料段0字)；同题另一来源块状态较弱(存在候选)，已按最强状态归并；同题另一来源块状态较弱(存在候选)，已按最强状态归并
BJ-2025-BJ-GAOKAO-Q17,BJ-2025-BJ-GAOKAO,17,S44eade2b04f8,历年高考题及细则/2025北京高考真题政治（教师版）.pdf,教师版,参考答案,已匹配参考答案,仅有参考答案,0.2912,,考试身份同(BJ-2025-BJ-GAOKAO)；文件名未限定题号；正文定位方式=题号起首；题干块6-gram重叠0.2912(题干516字/材料段165字)；同题另一来源块状态较弱(已匹配参考答案)，已按最强状态归并；同题另一来源块状态较弱(已匹配参考答案)，已按最强状态归并
BJ-2025-BJ-GAOKAO-Q18,BJ-2025-BJ-GAOKAO,18,S132a504a16fe,历年高考题及细则/2025北京细则.pdf,评分材料,正式评分材料,存在候选,仅有参考答案,0.0,,考试身份同(BJ-2025-BJ-GAOKAO)；文件名未限定题号；未能在材料正文定位到第18题段，仅按同卷材料登记为候选；题干块6-gram重叠0.0000(题干448字/材料段0字)；同题另一来源块状态较弱(存在候选)，已按最强状态归并；同题另一来源块状态较弱(存在候选)，已按最强状态归并
BJ-2025-BJ-GAOKAO-Q18,BJ-2025-BJ-GAOKAO,18,S44eade2b04f8,历年高考题及细则/2025北京高考真题政治（教师版）.pdf,教师版,参考答案,已匹配参考答案,仅有参考答案,0.9953,,考试身份同(BJ-2025-BJ-GAOKAO)；文件名未限定题号；正文定位方式=题号起首；题干块6-gram重叠0.9953(题干448字/材料段760字)；同题另一来源块状态较弱(已匹配参考答案)，已按最强状态归并；同题另一来源块状态较弱(已匹配参考答案)，已按最强状态归并
BJ-2025-BJ-GAOKAO-Q19,BJ-2025-BJ-GAOKAO,19,S132a504a16fe,历年高考题及细则/2025北京细则.pdf,评分材料,正式评分材料,存在候选,仅有参考答案,0.0,,考试身份同(BJ-2025-BJ-GAOKAO)；文件名未限定题号；未能在材料正文定位到第19题段，仅按同卷材料登记为候选；题干块6-gram重叠0.0000(题干566字/材料段0字)；分值文本 1；同题另一来源块状态较弱(存在候选)，已按最强状态归并；同题另一来源块状态较弱(存在候选)，已按最强状态归并
BJ-2025-BJ-GAOKAO-Q19,BJ-2025-BJ-GAOKAO,19,S44eade2b04f8,历年高考题及细则/2025北京高考真题政治（教师版）.pdf,教师版,参考答案,已匹配参考答案,仅有参考答案,0.4393,,考试身份同(BJ-2025-BJ-GAOKAO)；文件名未限定题号；正文定位方式=题号起首；题干块6-gram重叠0.4393(题干566字/材料段250字)；分值文本 1；同题另一来源块状态较弱(已匹配参考答案)，已按最强状态归并；同题另一来源块状态较弱(已匹配参考答案)，已按最强状态归并
BJ-2025-BJ-GAOKAO-Q20,BJ-2025-BJ-GAOKAO,20,S132a504a16fe,历年高考题及细则/2025北京细则.pdf,评分材料,正式评分材料,存在候选,仅有参考答案,0.0,,考试身份同(BJ-2025-BJ-GAOKAO)；文件名未限定题号；未能在材料正文定位到第20题段，仅按同卷材料登记为候选；题干块6-gram重叠0.0000(题干550字/材料段0字)；同题另一来源块状态较弱(存在候选)，已按最强状态归并；同题另一来源块状态较弱(存在候选)，已按最强状态归并
BJ-2025-BJ-GAOKAO-Q20,BJ-2025-BJ-GAOKAO,20,S44eade2b04f8,历年高考题及细则/2025北京高考真题政治（教师版）.pdf,教师版,参考答案,已匹配参考答案,仅有参考答案,0.7578,,考试身份同(BJ-2025-BJ-GAOKAO)；文件名未限定题号；正文定位方式=题号起首；题干块6-gram重叠0.7578(题干550字/材料段543字)；同题另一来源块状态较弱(已匹配参考答案)，已按最强状态归并；同题另一来源块状态较弱(已匹配参考答案)，已按最强状态归并
BJ-2025-BJ-GAOKAO-Q21,BJ-2025-BJ-GAOKAO,21,S132a504a16fe,历年高考题及细则/2025北京细则.pdf,评分材料,正式评分材料,存在候选,仅有参考答案,0.0,,考试身份同(BJ-2025-BJ-GAOKAO)；文件名未限定题号；未能在材料正文定位到第21题段，仅按同卷材料登记为候选；题干块6-gram重叠0.0000(题干1015字/材料段0字)；同题另一来源块状态较弱(存在候选)，已按最强状态归并；同题另一来源块状态较弱(存在候选)，已按最强状态归并
BJ-2025-BJ-GAOKAO-Q21,BJ-2025-BJ-GAOKAO,21,S44eade2b04f8,历年高考题及细则/2025北京高考真题政治（教师版）.pdf,教师版,参考答案,已匹配参考答案,仅有参考答案,0.6554,,考试身份同(BJ-2025-BJ-GAOKAO)；文件名未限定题号；正文定位方式=题号起首；题干块6-gram重叠0.6554(题干1015字/材料段4000字)；同题另一来源块状态较弱(已匹配参考答案)，已按最强状态归并；同题另一来源块状态较弱(已匹配参考答案)，已按最强状态归并
BJ-2025-BJ-GAOKAO-Q1,BJ-2025-BJ-GAOKAO,1,S132a504a16fe,历年高考题及细则/2025北京细则.pdf,评分材料,正式评分材料,存在候选,仅有参考答案,0.0,,考试身份同(BJ-2025-BJ-GAOKAO)；文件名未限定题号；未能在材料正文定位到第1题段，仅按同卷材料登记为候选；题干块6-gram重叠0.0000(题干418字/材料段0字)；同题另一来源块状态较弱(存在候选)，已按最强状态归并
BJ-2025-BJ-GAOKAO-Q1,BJ-2025-BJ-GAOKAO,1,S44eade2b04f8,历年高考题及细则/2025北京高考真题政治（教师版）.pdf,教师版,参考答案,已匹配参考答案,仅有参考答案,1.0,,考试身份同(BJ-2025-BJ-GAOKAO)；文件名未限定题号；正文定位方式=题号起首；题干块6-gram重叠1.0000(题干418字/材料段419字)；同题另一来源块状态较弱(已匹配参考答案)，已按最强状态归并
BJ-2025-BJ-GAOKAO-Q2,BJ-2025-BJ-GAOKAO,2,S132a504a16fe,历年高考题及细则/2025北京细则.pdf,评分材料,正式评分材料,存在候选,仅有参考答案,0.0,,考试身份同(BJ-2025-BJ-GAOKAO)；文件名未限定题号；未能在材料正文定位到第2题段，仅按同卷材料登记为候选；题干块6-gram重叠0.0000(题干255字/材料段0字)；同题另一来源块状态较弱(存在候选)，已按最强状态归并
BJ-2025-BJ-GAOKAO-Q2,BJ-2025-BJ-GAOKAO,2,S44eade2b04f8,历年高考题及细则/2025北京高考真题政治（教师版）.pdf,教师版,参考答案,已匹配参考答案,仅有参考答案,1.0,,考试身份同(BJ-2025-BJ-GAOKAO)；文件名未限定题号；正文定位方式=题号起首；题干块6-gram重叠1.0000(题干255字/材料段256字)；同题另一来源块状态较弱(已匹配参考答案)，已按最强状态归并
BJ-2025-BJ-GAOKAO-Q3,BJ-2025-BJ-GAOKAO,3,S132a504a16fe,历年高考题及细则/2025北京细则.pdf,评分材料,正式评分材料,存在候选,仅有参考答案,0.0,,考试身份同(BJ-2025-BJ-GAOKAO)；文件名未限定题号；未能在材料正文定位到第3题段，仅按同卷材料登记为候选；题干块6-gram重叠0.0000(题干259字/材料段0字)；同题另一来源块状态较弱(存在候选)，已按最强状态归并
BJ-2025-BJ-GAOKAO-Q3,BJ-2025-BJ-GAOKAO,3,S44eade2b04f8,历年高考题及细则/2025北京高考真题政治（教师版）.pdf,教师版,参考答案,已匹配参考答案,仅有参考答案,1.0,,考试身份同(BJ-2025-BJ-GAOKAO)；文件名未限定题号；正文定位方式=题号起首；题干块6-gram重叠1.0000(题干259字/材料段260字)；同题另一来源块状态较弱(已匹配参考答案)，已按最强状态归并
BJ-2025-BJ-GAOKAO-Q4,BJ-2025-BJ-GAOKAO,4,S132a504a16fe,历年高考题及细则/2025北京细则.pdf,评分材料,正式评分材料,存在候选,仅有参考答案,0.0,,考试身份同(BJ-2025-BJ-GAOKAO)；文件名未限定题号；未能在材料正文定位到第4题段，仅按同卷材料登记为候选；题干块6-gram重叠0.0000(题干205字/材料段0字)；同题另一来源块状态较弱(存在候选)，已按最强状态归并
BJ-2025-BJ-GAOKAO-Q4,BJ-2025-BJ-GAOKAO,4,S44eade2b04f8,历年高考题及细则/2025北京高考真题政治（教师版）.pdf,教师版,参考答案,已匹配参考答案,仅有参考答案,1.0,,考试身份同(BJ-2025-BJ-GAOKAO)；文件名未限定题号；正文定位方式=题号起首；题干块6-gram重叠1.0000(题干205字/材料段206字)；同题另一来源块状态较弱(已匹配参考答案)，已按最强状态归并
BJ-2025-BJ-GAOKAO-Q5,BJ-2025-BJ-GAOKAO,5,S132a504a16fe,历年高考题及细则/2025北京细则.pdf,评分材料,正式评分材料,存在候选,仅有参考答案,0.0,,考试身份同(BJ-2025-BJ-GAOKAO)；文件名未限定题号；未能在材料正文定位到第5题段，仅按同卷材料登记为候选；题干块6-gram重叠0.0000(题干220字/材料段0字)；同题另一来源块状态较弱(存在候选)，已按最强状态归并
BJ-2025-BJ-GAOKAO-Q5,BJ-2025-BJ-GAOKAO,5,S44eade2b04f8,历年高考题及细则/2025北京高考真题政治（教师版）.pdf,教师版,参考答案,已匹配参考答案,仅有参考答案,1.0,,考试身份同(BJ-2025-BJ-GAOKAO)；文件名未限定题号；正文定位方式=题号起首；题干块6-gram重叠1.0000(题干220字/材料段221字)；同题另一来源块状态较弱(已匹配参考答案)，已按最强状态归并
BJ-2025-BJ-GAOKAO-Q6,BJ-2025-BJ-GAOKAO,6,S132a504a16fe,历年高考题及细则/2025北京细则.pdf,评分材料,正式评分材料,存在候选,仅有参考答案,0.0,,考试身份同(BJ-2025-BJ-GAOKAO)；文件名未限定题号；未能在材料正文定位到第6题段，仅按同卷材料登记为候选；题干块6-gram重叠0.0000(题干200字/材料段0字)；同题另一来源块状态较弱(存在候选)，已按最强状态归并
BJ-2025-BJ-GAOKAO-Q6,BJ-2025-BJ-GAOKAO,6,S44eade2b04f8,历年高考题及细则/2025北京高考真题政治（教师版）.pdf,教师版,参考答案,已匹配参考答案,仅有参考答案,1.0,,考试身份同(BJ-2025-BJ-GAOKAO)；文件名未限定题号；正文定位方式=题号起首；题干块6-gram重叠1.0000(题干200字/材料段201字)；同题另一来源块状态较弱(已匹配参考答案)，已按最强状态归并
BJ-2025-BJ-GAOKAO-Q7,BJ-2025-BJ-GAOKAO,7,S132a504a16fe,历年高考题及细则/2025北京细则.pdf,评分材料,正式评分材料,存在候选,仅有参考答案,0.0,,考试身份同(BJ-2025-BJ-GAOKAO)；文件名未限定题号；未能在材料正文定位到第7题段，仅按同卷材料登记为候选；题干块6-gram重叠0.0000(题干300字/材料段0字)；同题另一来源块状态较弱(存在候选)，已按最强状态归并
BJ-2025-BJ-GAOKAO-Q7,BJ-2025-BJ-GAOKAO,7,S44eade2b04f8,历年高考题及细则/2025北京高考真题政治（教师版）.pdf,教师版,参考答案,已匹配参考答案,仅有参考答案,1.0,,考试身份同(BJ-2025-BJ-GAOKAO)；文件名未限定题号；正文定位方式=题号起首；题干块6-gram重叠1.0000(题干300字/材料段301字)；同题另一来源块状态较弱(已匹配参考答案)，已按最强状态归并
BJ-2025-BJ-GAOKAO-Q8,BJ-2025-BJ-GAOKAO,8,S132a504a16fe,历年高考题及细则/2025北京细则.pdf,评分材料,正式评分材料,存在候选,仅有参考答案,0.0,,考试身份同(BJ-2025-BJ-GAOKAO)；文件名未限定题号；未能在材料正文定位到第8题段，仅按同卷材料登记为候选；题干块6-gram重叠0.0000(题干332字/材料段0字)；同题另一来源块状态较弱(存在候选)，已按最强状态归并
BJ-2025-BJ-GAOKAO-Q8,BJ-2025-BJ-GAOKAO,8,S44eade2b04f8,历年高考题及细则/2025北京高考真题政治（教师版）.pdf,教师版,参考答案,已匹配参考答案,仅有参考答案,1.0,,考试身份同(BJ-2025-BJ-GAOKAO)；文件名未限定题号；正文定位方式=题号起首；题干块6-gram重叠1.0000(题干332字/材料段333字)；同题另一来源块状态较弱(已匹配参考答案)，已按最强状态归并
BJ-2025-BJ-GAOKAO-Q9,BJ-2025-BJ-GAOKAO,9,S132a504a16fe,历年高考题及细则/2025北京细则.pdf,评分材料,正式评分材料,存在候选,仅有参考答案,0.0,,考试身份同(BJ-2025-BJ-GAOKAO)；文件名未限定题号；未能在材料正文定位到第9题段，仅按同卷材料登记为候选；题干块6-gram重叠0.0000(题干215字/材料段0字)；同题另一来源块状态较弱(存在候选)，已按最强状态归并
BJ-2025-BJ-GAOKAO-Q9,BJ-2025-BJ-GAOKAO,9,S44eade2b04f8,历年高考题及细则/2025北京高考真题政治（教师版）.pdf,教师版,参考答案,已匹配参考答案,仅有参考答案,1.0,,考试身份同(BJ-2025-BJ-GAOKAO)；文件名未限定题号；正文定位方式=题号起首；题干块6-gram重叠1.0000(题干215字/材料段216字)；同题另一来源块状态较弱(已匹配参考答案)，已按最强状态归并
BJ-2025-BJ-GAOKAO-Q10,BJ-2025-BJ-GAOKAO,10,S132a504a16fe,历年高考题及细则/2025北京细则.pdf,评分材料,正式评分材料,存在候选,仅有参考答案,0.0,,考试身份同(BJ-2025-BJ-GAOKAO)；文件名未限定题号；未能在材料正文定位到第10题段，仅按同卷材料登记为候选；题干块6-gram重叠0.0000(题干318字/材料段0字)；同题另一来源块状态较弱(存在候选)，已按最强状态归并
BJ-2025-BJ-GAOKAO-Q10,BJ-2025-BJ-GAOKAO,10,S44eade2b04f8,历年高考题及细则/2025北京高考真题政治（教师版）.pdf,教师版,参考答案,已匹配参考答案,仅有参考答案,1.0,,考试身份同(BJ-2025-BJ-GAOKAO)；文件名未限定题号；正文定位方式=题号起首；题干块6-gram重叠1.0000(题干318字/材料段319字)；同题另一来源块状态较弱(已匹配参考答案)，已按最强状态归并
BJ-2025-BJ-GAOKAO-Q11,BJ-2025-BJ-GAOKAO,11,S132a504a16fe,历年高考题及细则/2025北京细则.pdf,评分材料,正式评分材料,存在候选,仅有参考答案,0.0,,考试身份同(BJ-2025-BJ-GAOKAO)；文件名未限定题号；未能在材料正文定位到第11题段，仅按同卷材料登记为候选；题干块6-gram重叠0.0000(题干218字/材料段0字)；同题另一来源块状态较弱(存在候选)，已按最强状态归并
BJ-2025-BJ-GAOKAO-Q11,BJ-2025-BJ-GAOKAO,11,S44eade2b04f8,历年高考题及细则/2025北京高考真题政治（教师版）.pdf,教师版,参考答案,已匹配参考答案,仅有参考答案,1.0,,考试身份同(BJ-2025-BJ-GAOKAO)；文件名未限定题号；正文定位方式=题号起首；题干块6-gram重叠1.0000(题干218字/材料段219字)；同题另一来源块状态较弱(已匹配参考答案)，已按最强状态归并
BJ-2025-BJ-GAOKAO-Q12,BJ-2025-BJ-GAOKAO,12,S132a504a16fe,历年高考题及细则/2025北京细则.pdf,评分材料,正式评分材料,存在候选,仅有参考答案,0.0,,考试身份同(BJ-2025-BJ-GAOKAO)；文件名未限定题号；未能在材料正文定位到第12题段，仅按同卷材料登记为候选；题干块6-gram重叠0.0000(题干220字/材料段0字)；同题另一来源块状态较弱(存在候选)，已按最强状态归并
BJ-2025-BJ-GAOKAO-Q12,BJ-2025-BJ-GAOKAO,12,S44eade2b04f8,历年高考题及细则/2025北京高考真题政治（教师版）.pdf,教师版,参考答案,已匹配参考答案,仅有参考答案,1.0,,考试身份同(BJ-2025-BJ-GAOKAO)；文件名未限定题号；正文定位方式=题号起首；题干块6-gram重叠1.0000(题干220字/材料段221字)；同题另一来源块状态较弱(已匹配参考答案)，已按最强状态归并
BJ-2025-BJ-GAOKAO-Q13,BJ-2025-BJ-GAOKAO,13,S132a504a16fe,历年高考题及细则/2025北京细则.pdf,评分材料,正式评分材料,存在候选,仅有参考答案,0.0,,考试身份同(BJ-2025-BJ-GAOKAO)；文件名未限定题号；未能在材料正文定位到第13题段，仅按同卷材料登记为候选；题干块6-gram重叠0.0000(题干292字/材料段0字)；同题另一来源块状态较弱(存在候选)，已按最强状态归并
BJ-2025-BJ-GAOKAO-Q13,BJ-2025-BJ-GAOKAO,13,S44eade2b04f8,历年高考题及细则/2025北京高考真题政治（教师版）.pdf,教师版,参考答案,已匹配参考答案,仅有参考答案,1.0,,考试身份同(BJ-2025-BJ-GAOKAO)；文件名未限定题号；正文定位方式=题号起首；题干块6-gram重叠1.0000(题干292字/材料段293字)；同题另一来源块状态较弱(已匹配参考答案)，已按最强状态归并
BJ-2025-BJ-GAOKAO-Q14,BJ-2025-BJ-GAOKAO,14,S132a504a16fe,历年高考题及细则/2025北京细则.pdf,评分材料,正式评分材料,存在候选,仅有参考答案,0.0,,考试身份同(BJ-2025-BJ-GAOKAO)；文件名未限定题号；未能在材料正文定位到第14题段，仅按同卷材料登记为候选；题干块6-gram重叠0.0000(题干312字/材料段0字)；同题另一来源块状态较弱(存在候选)，已按最强状态归并
BJ-2025-BJ-GAOKAO-Q14,BJ-2025-BJ-GAOKAO,14,S44eade2b04f8,历年高考题及细则/2025北京高考真题政治（教师版）.pdf,教师版,参考答案,已匹配参考答案,仅有参考答案,1.0,,考试身份同(BJ-2025-BJ-GAOKAO)；文件名未限定题号；正文定位方式=题号起首；题干块6-gram重叠1.0000(题干312字/材料段313字)；同题另一来源块状态较弱(已匹配参考答案)，已按最强状态归并
BJ-2025-BJ-GAOKAO-Q15,BJ-2025-BJ-GAOKAO,15,S132a504a16fe,历年高考题及细则/2025北京细则.pdf,评分材料,正式评分材料,存在候选,仅有参考答案,0.0,,考试身份同(BJ-2025-BJ-GAOKAO)；文件名未限定题号；未能在材料正文定位到第15题段，仅按同卷材料登记为候选；题干块6-gram重叠0.0000(题干314字/材料段0字)；同题另一来源块状态较弱(存在候选)，已按最强状态归并
BJ-2025-BJ-GAOKAO-Q15,BJ-2025-BJ-GAOKAO,15,S44eade2b04f8,历年高考题及细则/2025北京高考真题政治（教师版）.pdf,教师版,参考答案,已匹配参考答案,仅有参考答案,1.0,,考试身份同(BJ-2025-BJ-GAOKAO)；文件名未限定题号；正文定位方式=题号起首；题干块6-gram重叠1.0000(题干314字/材料段315字)；同题另一来源块状态较弱(已匹配参考答案)，已按最强状态归并
BJ-2026-BJ-GAOKAO-Q1,BJ-2026-BJ-GAOKAO,1,S125fcac83354,历年高考题及细则/2026北京高考政治细则.docx,评分材料,正式评分材料,已匹配正式材料,已匹配正式材料,1.0,,考试身份同(BJ-2026-BJ-GAOKAO)；文件名未限定题号；正文定位方式=题号起首；题干块6-gram重叠1.0000(题干189字/材料段190字)；分值文本 4；同题另一来源块状态较弱(存在候选)，已按最强状态归并；同题另一来源块状态较弱(存在候选)，已按最强状态归并
BJ-2026-BJ-GAOKAO-Q1,BJ-2026-BJ-GAOKAO,1,Sc125322a6844,历年高考题及细则/2026年普通高中学业水平等级性考试（思想政治）参考答案.pdf,参考答案,参考答案,存在候选,已匹配正式材料,0.0115,,考试身份同(BJ-2026-BJ-GAOKAO)；文件名未限定题号；正文定位方式=题号起首；题干块6-gram重叠0.0115(题干189字/材料段1718字)；分值文本 4；同题另一来源块状态较弱(存在候选)，已按最强状态归并；同题另一来源块状态较弱(存在候选)，已按最强状态归并
BJ-2026-BJ-GAOKAO-Q2,BJ-2026-BJ-GAOKAO,2,S125fcac83354,历年高考题及细则/2026北京高考政治细则.docx,评分材料,正式评分材料,已匹配正式材料,已匹配正式材料,1.0,,考试身份同(BJ-2026-BJ-GAOKAO)；文件名未限定题号；正文定位方式=题号起首；题干块6-gram重叠1.0000(题干255字/材料段666字)；分值文本 4；同题另一来源块状态较弱(存在候选)，已按最强状态归并；同题另一来源块状态较弱(存在候选)，已按最强状态归并
BJ-2026-BJ-GAOKAO-Q2,BJ-2026-BJ-GAOKAO,2,Sc125322a6844,历年高考题及细则/2026年普通高中学业水平等级性考试（思想政治）参考答案.pdf,参考答案,参考答案,已匹配参考答案,已匹配正式材料,0.0,,考试身份同(BJ-2026-BJ-GAOKAO)；文件名未限定题号；正文定位方式=行内答案键；题干块6-gram重叠0.0000(题干255字/材料段3字)；分值文本 4；同题另一来源块状态较弱(已匹配参考答案)，已按最强状态归并；同题另一来源块状态较弱(已匹配参考答案)，已按最强状态归并
BJ-2026-BJ-GAOKAO-Q3,BJ-2026-BJ-GAOKAO,3,S125fcac83354,历年高考题及细则/2026北京高考政治细则.docx,评分材料,正式评分材料,存在候选,仅有参考答案,1.0,,考试身份同(BJ-2026-BJ-GAOKAO)；文件名未限定题号；正文定位方式=题号起首；题干块6-gram重叠1.0000(题干46字/材料段47字)；分值文本 2；同题另一来源块状态较弱(存在候选)，已按最强状态归并；同题另一来源块状态较弱(存在候选)，已按最强状态归并
BJ-2026-BJ-GAOKAO-Q3,BJ-2026-BJ-GAOKAO,3,Sc125322a6844,历年高考题及细则/2026年普通高中学业水平等级性考试（思想政治）参考答案.pdf,参考答案,参考答案,已匹配参考答案,仅有参考答案,0.0,,考试身份同(BJ-2026-BJ-GAOKAO)；文件名未限定题号；正文定位方式=行内答案键；题干块6-gram重叠0.0000(题干46字/材料段3字)；分值文本 2；同题另一来源块状态较弱(已匹配参考答案)，已按最强状态归并；同题另一来源块状态较弱(已匹配参考答案)，已按最强状态归并
BJ-2026-BJ-GAOKAO-Q4,BJ-2026-BJ-GAOKAO,4,S125fcac83354,历年高考题及细则/2026北京高考政治细则.docx,评分材料,正式评分材料,已匹配正式材料,已匹配正式材料,1.0,,考试身份同(BJ-2026-BJ-GAOKAO)；文件名未限定题号；正文定位方式=题号起首；题干块6-gram重叠1.0000(题干206字/材料段2145字)；分值文本 2；同题另一来源块状态较弱(存在候选)，已按最强状态归并；同题另一来源块状态较弱(存在候选)，已按最强状态归并
BJ-2026-BJ-GAOKAO-Q4,BJ-2026-BJ-GAOKAO,4,Sc125322a6844,历年高考题及细则/2026年普通高中学业水平等级性考试（思想政治）参考答案.pdf,参考答案,参考答案,已匹配参考答案,已匹配正式材料,0.0,,考试身份同(BJ-2026-BJ-GAOKAO)；文件名未限定题号；正文定位方式=行内答案键；题干块6-gram重叠0.0000(题干206字/材料段3字)；分值文本 2；同题另一来源块状态较弱(已匹配参考答案)，已按最强状态归并；同题另一来源块状态较弱(已匹配参考答案)，已按最强状态归并
BJ-2026-BJ-GAOKAO-Q7,BJ-2026-BJ-GAOKAO,7,S125fcac83354,历年高考题及细则/2026北京高考政治细则.docx,评分材料,正式评分材料,已匹配正式材料,已匹配正式材料,1.0,,考试身份同(BJ-2026-BJ-GAOKAO)；文件名未限定题号；正文定位方式=题号起首；题干块6-gram重叠1.0000(题干465字/材料段467字)；分值文本 10；同题另一来源块状态较弱(存在候选)，已按最强状态归并；同题另一来源块状态较弱(存在候选)，已按最强状态归并
BJ-2026-BJ-GAOKAO-Q7,BJ-2026-BJ-GAOKAO,7,Sc125322a6844,历年高考题及细则/2026年普通高中学业水平等级性考试（思想政治）参考答案.pdf,参考答案,参考答案,已匹配参考答案,已匹配正式材料,0.0,,考试身份同(BJ-2026-BJ-GAOKAO)；文件名未限定题号；正文定位方式=行内答案键；题干块6-gram重叠0.0000(题干465字/材料段3字)；分值文本 10；同题另一来源块状态较弱(已匹配参考答案)，已按最强状态归并；同题另一来源块状态较弱(已匹配参考答案)，已按最强状态归并
BJ-2026-BJ-GAOKAO-Q16,BJ-2026-BJ-GAOKAO,16,S125fcac83354,历年高考题及细则/2026北京高考政治细则.docx,评分材料,正式评分材料,已匹配正式材料,已匹配正式材料,0.0,,历史自动抽取记录（已由逐段原件审计替代）：考试身份同(BJ-2026-BJ-GAOKAO)；文件名未限定题号；未能在材料正文定位到第16题段，仅按同卷材料登记为候选；题干块6-gram重叠0.0000(题干123字/材料段0字)；分值文本 8；同题另一来源块状态较弱(存在候选)，已按最强状态归并；同题另一来源块状态较弱(存在候选)，已按最强状态归并；同题另一来源块状态较弱(存在候选)，已按最强状态归并；当前依据：audit_2026_bj_gaokao_full、verify_2026_bj_gaokao_audit、verify_2026_bj_gaokao_bundle_evidence_fix；已核110个DOCX段落并按Q16-Q21配对，共享题稿与BJ-2026-BJ-GAOKAO_merge_20260922.json的已合SHA一致。
BJ-2026-BJ-GAOKAO-Q16,BJ-2026-BJ-GAOKAO,16,Sc125322a6844,历年高考题及细则/2026年普通高中学业水平等级性考试（思想政治）参考答案.pdf,参考答案,参考答案,已匹配参考答案,已匹配正式材料,1.0,,考试身份同(BJ-2026-BJ-GAOKAO)；文件名未限定题号；正文定位方式=题号起首；题干块6-gram重叠1.0000(题干123字/材料段124字)；分值文本 8；同题另一来源块状态较弱(已匹配参考答案)，已按最强状态归并；同题另一来源块状态较弱(存在候选)，已按最强状态归并；同题另一来源块状态较弱(存在候选)，已按最强状态归并
BJ-2026-BJ-GAOKAO-Q17,BJ-2026-BJ-GAOKAO,17,S125fcac83354,历年高考题及细则/2026北京高考政治细则.docx,评分材料,正式评分材料,已匹配正式材料,已匹配正式材料,0.0,,历史自动抽取记录（已由逐段原件审计替代）：考试身份同(BJ-2026-BJ-GAOKAO)；文件名未限定题号；未能在材料正文定位到第17题段，仅按同卷材料登记为候选；题干块6-gram重叠0.0000(题干250字/材料段0字)；分值文本 7；同题另一来源块状态较弱(存在候选)，已按最强状态归并；同题另一来源块状态较弱(存在候选)，已按最强状态归并；同题另一来源块状态较弱(存在候选)，已按最强状态归并；当前依据：audit_2026_bj_gaokao_full、verify_2026_bj_gaokao_audit、verify_2026_bj_gaokao_bundle_evidence_fix；已核110个DOCX段落并按Q16-Q21配对，共享题稿与BJ-2026-BJ-GAOKAO_merge_20260922.json的已合SHA一致。
BJ-2026-BJ-GAOKAO-Q17,BJ-2026-BJ-GAOKAO,17,Sc125322a6844,历年高考题及细则/2026年普通高中学业水平等级性考试（思想政治）参考答案.pdf,参考答案,参考答案,已匹配参考答案,已匹配正式材料,1.0,,考试身份同(BJ-2026-BJ-GAOKAO)；文件名未限定题号；正文定位方式=题号起首；题干块6-gram重叠1.0000(题干250字/材料段251字)；分值文本 7；同题另一来源块状态较弱(已匹配参考答案)，已按最强状态归并；同题另一来源块状态较弱(存在候选)，已按最强状态归并；同题另一来源块状态较弱(存在候选)，已按最强状态归并
BJ-2026-BJ-GAOKAO-Q18,BJ-2026-BJ-GAOKAO,18,S125fcac83354,历年高考题及细则/2026北京高考政治细则.docx,评分材料,正式评分材料,已匹配正式材料,已匹配正式材料,0.0,,历史自动抽取记录（已由逐段原件审计替代）：考试身份同(BJ-2026-BJ-GAOKAO)；文件名未限定题号；未能在材料正文定位到第18题段，仅按同卷材料登记为候选；题干块6-gram重叠0.0000(题干438字/材料段0字)；分值文本 14；同题另一来源块状态较弱(存在候选)，已按最强状态归并；同题另一来源块状态较弱(存在候选)，已按最强状态归并；同题另一来源块状态较弱(存在候选)，已按最强状态归并；当前依据：audit_2026_bj_gaokao_full、verify_2026_bj_gaokao_audit、verify_2026_bj_gaokao_bundle_evidence_fix；已核110个DOCX段落并按Q16-Q21配对，共享题稿与BJ-2026-BJ-GAOKAO_merge_20260922.json的已合SHA一致。
BJ-2026-BJ-GAOKAO-Q18,BJ-2026-BJ-GAOKAO,18,Sc125322a6844,历年高考题及细则/2026年普通高中学业水平等级性考试（思想政治）参考答案.pdf,参考答案,参考答案,已匹配参考答案,已匹配正式材料,1.0,,考试身份同(BJ-2026-BJ-GAOKAO)；文件名未限定题号；正文定位方式=题号起首；题干块6-gram重叠1.0000(题干438字/材料段439字)；分值文本 14；同题另一来源块状态较弱(已匹配参考答案)，已按最强状态归并；同题另一来源块状态较弱(存在候选)，已按最强状态归并；同题另一来源块状态较弱(存在候选)，已按最强状态归并
BJ-2026-BJ-GAOKAO-Q19,BJ-2026-BJ-GAOKAO,19,S125fcac83354,历年高考题及细则/2026北京高考政治细则.docx,评分材料,正式评分材料,已匹配正式材料,已匹配正式材料,0.0,,历史自动抽取记录（已由逐段原件审计替代）：考试身份同(BJ-2026-BJ-GAOKAO)；文件名未限定题号；未能在材料正文定位到第19题段，仅按同卷材料登记为候选；题干块6-gram重叠0.0000(题干231字/材料段0字)；分值文本 8；同题另一来源块状态较弱(存在候选)，已按最强状态归并；同题另一来源块状态较弱(存在候选)，已按最强状态归并；同题另一来源块状态较弱(存在候选)，已按最强状态归并；当前依据：audit_2026_bj_gaokao_full、verify_2026_bj_gaokao_audit、verify_2026_bj_gaokao_bundle_evidence_fix；已核110个DOCX段落并按Q16-Q21配对，共享题稿与BJ-2026-BJ-GAOKAO_merge_20260922.json的已合SHA一致。
BJ-2026-BJ-GAOKAO-Q19,BJ-2026-BJ-GAOKAO,19,Sc125322a6844,历年高考题及细则/2026年普通高中学业水平等级性考试（思想政治）参考答案.pdf,参考答案,参考答案,已匹配参考答案,已匹配正式材料,1.0,,考试身份同(BJ-2026-BJ-GAOKAO)；文件名未限定题号；正文定位方式=题号起首；题干块6-gram重叠1.0000(题干231字/材料段232字)；分值文本 8；同题另一来源块状态较弱(已匹配参考答案)，已按最强状态归并；同题另一来源块状态较弱(存在候选)，已按最强状态归并；同题另一来源块状态较弱(存在候选)，已按最强状态归并
BJ-2026-BJ-GAOKAO-Q20,BJ-2026-BJ-GAOKAO,20,S125fcac83354,历年高考题及细则/2026北京高考政治细则.docx,评分材料,正式评分材料,已匹配正式材料,已匹配正式材料,0.0,,历史自动抽取记录（已由逐段原件审计替代）：考试身份同(BJ-2026-BJ-GAOKAO)；文件名未限定题号；未能在材料正文定位到第20题段，仅按同卷材料登记为候选；题干块6-gram重叠0.0000(题干232字/材料段0字)；分值文本 8；同题另一来源块状态较弱(存在候选)，已按最强状态归并；同题另一来源块状态较弱(存在候选)，已按最强状态归并；同题另一来源块状态较弱(存在候选)，已按最强状态归并；当前依据：audit_2026_bj_gaokao_full、verify_2026_bj_gaokao_audit、verify_2026_bj_gaokao_bundle_evidence_fix；已核110个DOCX段落并按Q16-Q21配对，共享题稿与BJ-2026-BJ-GAOKAO_merge_20260922.json的已合SHA一致。
BJ-2026-BJ-GAOKAO-Q20,BJ-2026-BJ-GAOKAO,20,Sc125322a6844,历年高考题及细则/2026年普通高中学业水平等级性考试（思想政治）参考答案.pdf,参考答案,参考答案,已匹配参考答案,已匹配正式材料,1.0,,考试身份同(BJ-2026-BJ-GAOKAO)；文件名未限定题号；正文定位方式=题号起首；题干块6-gram重叠1.0000(题干232字/材料段233字)；分值文本 8；同题另一来源块状态较弱(已匹配参考答案)，已按最强状态归并；同题另一来源块状态较弱(存在候选)，已按最强状态归并；同题另一来源块状态较弱(存在候选)，已按最强状态归并
BJ-2026-BJ-GAOKAO-Q21,BJ-2026-BJ-GAOKAO,21,S125fcac83354,历年高考题及细则/2026北京高考政治细则.docx,评分材料,正式评分材料,已匹配正式材料,已匹配正式材料,0.0,,历史自动抽取记录（已由逐段原件审计替代）：考试身份同(BJ-2026-BJ-GAOKAO)；文件名未限定题号；未能在材料正文定位到第21题段，仅按同卷材料登记为候选；题干块6-gram重叠0.0000(题干267字/材料段0字)；分值文本 10；同题另一来源块状态较弱(存在候选)，已按最强状态归并；同题另一来源块状态较弱(存在候选)，已按最强状态归并；同题另一来源块状态较弱(存在候选)，已按最强状态归并；当前依据：audit_2026_bj_gaokao_full、verify_2026_bj_gaokao_audit、verify_2026_bj_gaokao_bundle_evidence_fix；已核110个DOCX段落并按Q16-Q21配对，共享题稿与BJ-2026-BJ-GAOKAO_merge_20260922.json的已合SHA一致。
BJ-2026-BJ-GAOKAO-Q21,BJ-2026-BJ-GAOKAO,21,Sc125322a6844,历年高考题及细则/2026年普通高中学业水平等级性考试（思想政治）参考答案.pdf,参考答案,参考答案,已匹配参考答案,已匹配正式材料,1.0,,考试身份同(BJ-2026-BJ-GAOKAO)；文件名未限定题号；正文定位方式=题号起首；题干块6-gram重叠1.0000(题干267字/材料段271字)；分值文本 10；同题另一来源块状态较弱(已匹配参考答案)，已按最强状态归并；同题另一来源块状态较弱(存在候选)，已按最强状态归并；同题另一来源块状态较弱(存在候选)，已按最强状态归并
BJ-2026-BJ-GAOKAO-Q5,BJ-2026-BJ-GAOKAO,5,S125fcac83354,历年高考题及细则/2026北京高考政治细则.docx,评分材料,正式评分材料,存在候选,仅有参考答案,0.0,,考试身份同(BJ-2026-BJ-GAOKAO)；文件名未限定题号；正文定位方式=题号起首；题干块6-gram重叠0.0000(题干303字/材料段9字)；同题另一来源块状态较弱(存在候选)，已按最强状态归并
BJ-2026-BJ-GAOKAO-Q5,BJ-2026-BJ-GAOKAO,5,Sc125322a6844,历年高考题及细则/2026年普通高中学业水平等级性考试（思想政治）参考答案.pdf,参考答案,参考答案,已匹配参考答案,仅有参考答案,0.0,,考试身份同(BJ-2026-BJ-GAOKAO)；文件名未限定题号；正文定位方式=行内答案键；题干块6-gram重叠0.0000(题干303字/材料段3字)；同题另一来源块状态较弱(已匹配参考答案)，已按最强状态归并
BJ-2026-BJ-GAOKAO-Q6,BJ-2026-BJ-GAOKAO,6,S125fcac83354,历年高考题及细则/2026北京高考政治细则.docx,评分材料,正式评分材料,存在候选,存在候选,0.0,,考试身份同(BJ-2026-BJ-GAOKAO)；文件名未限定题号；正文定位方式=题号起首；题干块6-gram重叠0.0000(题干253字/材料段14字)；同题另一来源块状态较弱(存在候选)，已按最强状态归并
BJ-2026-BJ-GAOKAO-Q6,BJ-2026-BJ-GAOKAO,6,Sc125322a6844,历年高考题及细则/2026年普通高中学业水平等级性考试（思想政治）参考答案.pdf,参考答案,参考答案,存在候选,存在候选,0.0,,考试身份同(BJ-2026-BJ-GAOKAO)；文件名未限定题号；正文定位方式=题号起首；题干块6-gram重叠0.0000(题干253字/材料段1669字)；同题另一来源块状态较弱(存在候选)，已按最强状态归并
BJ-2026-BJ-GAOKAO-Q8,BJ-2026-BJ-GAOKAO,8,S125fcac83354,历年高考题及细则/2026北京高考政治细则.docx,评分材料,正式评分材料,存在候选,仅有参考答案,0.0,,考试身份同(BJ-2026-BJ-GAOKAO)；文件名未限定题号；未能在材料正文定位到第8题段，仅按同卷材料登记为候选；题干块6-gram重叠0.0000(题干448字/材料段0字)；同题另一来源块状态较弱(存在候选)，已按最强状态归并
BJ-2026-BJ-GAOKAO-Q8,BJ-2026-BJ-GAOKAO,8,Sc125322a6844,历年高考题及细则/2026年普通高中学业水平等级性考试（思想政治）参考答案.pdf,参考答案,参考答案,已匹配参考答案,仅有参考答案,0.0,,考试身份同(BJ-2026-BJ-GAOKAO)；文件名未限定题号；正文定位方式=行内答案键；题干块6-gram重叠0.0000(题干448字/材料段3字)；同题另一来源块状态较弱(已匹配参考答案)，已按最强状态归并
BJ-2026-BJ-GAOKAO-Q9,BJ-2026-BJ-GAOKAO,9,S125fcac83354,历年高考题及细则/2026北京高考政治细则.docx,评分材料,正式评分材料,存在候选,仅有参考答案,0.0,,考试身份同(BJ-2026-BJ-GAOKAO)；文件名未限定题号；未能在材料正文定位到第9题段，仅按同卷材料登记为候选；题干块6-gram重叠0.0000(题干242字/材料段0字)；同题另一来源块状态较弱(存在候选)，已按最强状态归并
BJ-2026-BJ-GAOKAO-Q9,BJ-2026-BJ-GAOKAO,9,Sc125322a6844,历年高考题及细则/2026年普通高中学业水平等级性考试（思想政治）参考答案.pdf,参考答案,参考答案,已匹配参考答案,仅有参考答案,0.0,,考试身份同(BJ-2026-BJ-GAOKAO)；文件名未限定题号；正文定位方式=行内答案键；题干块6-gram重叠0.0000(题干242字/材料段3字)；同题另一来源块状态较弱(已匹配参考答案)，已按最强状态归并
BJ-2026-BJ-GAOKAO-Q10,BJ-2026-BJ-GAOKAO,10,S125fcac83354,历年高考题及细则/2026北京高考政治细则.docx,评分材料,正式评分材料,存在候选,仅有参考答案,0.0,,考试身份同(BJ-2026-BJ-GAOKAO)；文件名未限定题号；未能在材料正文定位到第10题段，仅按同卷材料登记为候选；题干块6-gram重叠0.0000(题干239字/材料段0字)；同题另一来源块状态较弱(存在候选)，已按最强状态归并
BJ-2026-BJ-GAOKAO-Q10,BJ-2026-BJ-GAOKAO,10,Sc125322a6844,历年高考题及细则/2026年普通高中学业水平等级性考试（思想政治）参考答案.pdf,参考答案,参考答案,已匹配参考答案,仅有参考答案,0.0,,考试身份同(BJ-2026-BJ-GAOKAO)；文件名未限定题号；正文定位方式=行内答案键；题干块6-gram重叠0.0000(题干239字/材料段4字)；同题另一来源块状态较弱(已匹配参考答案)，已按最强状态归并
BJ-2026-BJ-GAOKAO-Q11,BJ-2026-BJ-GAOKAO,11,S125fcac83354,历年高考题及细则/2026北京高考政治细则.docx,评分材料,正式评分材料,存在候选,存在候选,0.0,,考试身份同(BJ-2026-BJ-GAOKAO)；文件名未限定题号；未能在材料正文定位到第11题段，仅按同卷材料登记为候选；题干块6-gram重叠0.0000(题干237字/材料段0字)；同题另一来源块状态较弱(存在候选)，已按最强状态归并
BJ-2026-BJ-GAOKAO-Q11,BJ-2026-BJ-GAOKAO,11,Sc125322a6844,历年高考题及细则/2026年普通高中学业水平等级性考试（思想政治）参考答案.pdf,参考答案,参考答案,存在候选,存在候选,0.0105,,考试身份同(BJ-2026-BJ-GAOKAO)；文件名未限定题号；正文定位方式=题号起首；题干块6-gram重叠0.0105(题干237字/材料段1619字)；同题另一来源块状态较弱(存在候选)，已按最强状态归并
BJ-2026-BJ-GAOKAO-Q12,BJ-2026-BJ-GAOKAO,12,S125fcac83354,历年高考题及细则/2026北京高考政治细则.docx,评分材料,正式评分材料,存在候选,仅有参考答案,0.0,,考试身份同(BJ-2026-BJ-GAOKAO)；文件名未限定题号；未能在材料正文定位到第12题段，仅按同卷材料登记为候选；题干块6-gram重叠0.0000(题干302字/材料段0字)；同题另一来源块状态较弱(存在候选)，已按最强状态归并
BJ-2026-BJ-GAOKAO-Q12,BJ-2026-BJ-GAOKAO,12,Sc125322a6844,历年高考题及细则/2026年普通高中学业水平等级性考试（思想政治）参考答案.pdf,参考答案,参考答案,已匹配参考答案,仅有参考答案,0.0,,考试身份同(BJ-2026-BJ-GAOKAO)；文件名未限定题号；正文定位方式=行内答案键；题干块6-gram重叠0.0000(题干302字/材料段4字)；同题另一来源块状态较弱(已匹配参考答案)，已按最强状态归并
BJ-2026-BJ-GAOKAO-Q13,BJ-2026-BJ-GAOKAO,13,S125fcac83354,历年高考题及细则/2026北京高考政治细则.docx,评分材料,正式评分材料,存在候选,仅有参考答案,0.0,,考试身份同(BJ-2026-BJ-GAOKAO)；文件名未限定题号；未能在材料正文定位到第13题段，仅按同卷材料登记为候选；题干块6-gram重叠0.0000(题干295字/材料段0字)；同题另一来源块状态较弱(存在候选)，已按最强状态归并
BJ-2026-BJ-GAOKAO-Q13,BJ-2026-BJ-GAOKAO,13,Sc125322a6844,历年高考题及细则/2026年普通高中学业水平等级性考试（思想政治）参考答案.pdf,参考答案,参考答案,已匹配参考答案,仅有参考答案,0.0,,考试身份同(BJ-2026-BJ-GAOKAO)；文件名未限定题号；正文定位方式=行内答案键；题干块6-gram重叠0.0000(题干295字/材料段4字)；同题另一来源块状态较弱(已匹配参考答案)，已按最强状态归并
BJ-2026-BJ-GAOKAO-Q14,BJ-2026-BJ-GAOKAO,14,S125fcac83354,历年高考题及细则/2026北京高考政治细则.docx,评分材料,正式评分材料,存在候选,仅有参考答案,0.0,,考试身份同(BJ-2026-BJ-GAOKAO)；文件名未限定题号；未能在材料正文定位到第14题段，仅按同卷材料登记为候选；题干块6-gram重叠0.0000(题干436字/材料段0字)；同题另一来源块状态较弱(存在候选)，已按最强状态归并
BJ-2026-BJ-GAOKAO-Q14,BJ-2026-BJ-GAOKAO,14,Sc125322a6844,历年高考题及细则/2026年普通高中学业水平等级性考试（思想政治）参考答案.pdf,参考答案,参考答案,已匹配参考答案,仅有参考答案,0.0,,考试身份同(BJ-2026-BJ-GAOKAO)；文件名未限定题号；正文定位方式=行内答案键；题干块6-gram重叠0.0000(题干436字/材料段4字)；同题另一来源块状态较弱(已匹配参考答案)，已按最强状态归并
BJ-2026-BJ-GAOKAO-Q15,BJ-2026-BJ-GAOKAO,15,S125fcac83354,历年高考题及细则/2026北京高考政治细则.docx,评分材料,正式评分材料,存在候选,仅有参考答案,0.0,,考试身份同(BJ-2026-BJ-GAOKAO)；文件名未限定题号；未能在材料正文定位到第15题段，仅按同卷材料登记为候选；题干块6-gram重叠0.0000(题干200字/材料段0字)；同题另一来源块状态较弱(存在候选)，已按最强状态归并
BJ-2026-BJ-GAOKAO-Q15,BJ-2026-BJ-GAOKAO,15,Sc125322a6844,历年高考题及细则/2026年普通高中学业水平等级性考试（思想政治）参考答案.pdf,参考答案,参考答案,已匹配参考答案,仅有参考答案,0.0,,考试身份同(BJ-2026-BJ-GAOKAO)；文件名未限定题号；正文定位方式=行内答案键；题干块6-gram重叠0.0000(题干200字/材料段4字)；同题另一来源块状态较弱(已匹配参考答案)，已按最强状态归并
BJ-2026-SJS-QIMO-Q15,BJ-2026-SJS-QIMO,15,S22c2a9a9dc00,2026模拟题/只有答案没有细则的/2026石景山期末/其他材料/答案及评分参考.pdf,参考答案,参考答案,已匹配参考答案,仅有参考答案,0.0,,考试身份同(BJ-2026-SJS-QIMO)；混合载体p9行内答案键明确Q15=C；本源为E3参考答案组件，非正式E1；具名无正式细则例外。
BJ-2025-CP-ERMO-Q1,BJ-2025-CP-ERMO,1,S6e5080fb116a,2025模拟题/2025各区二模/2025昌平二模/试卷/试卷.pdf,参考答案,参考答案,已匹配参考答案,仅有参考答案,,,同一PDF按页分层；本题E3位于p9，即使有等级说明仍是具名参考答案页，不升级E1。
BJ-2025-CP-ERMO-Q2,BJ-2025-CP-ERMO,2,S6e5080fb116a,2025模拟题/2025各区二模/2025昌平二模/试卷/试卷.pdf,参考答案,参考答案,已匹配参考答案,仅有参考答案,,,同一PDF按页分层；本题E3位于p9，即使有等级说明仍是具名参考答案页，不升级E1。
BJ-2025-CP-ERMO-Q3,BJ-2025-CP-ERMO,3,S6e5080fb116a,2025模拟题/2025各区二模/2025昌平二模/试卷/试卷.pdf,参考答案,参考答案,已匹配参考答案,仅有参考答案,,,同一PDF按页分层；本题E3位于p9，即使有等级说明仍是具名参考答案页，不升级E1。
BJ-2025-CP-ERMO-Q4,BJ-2025-CP-ERMO,4,S6e5080fb116a,2025模拟题/2025各区二模/2025昌平二模/试卷/试卷.pdf,参考答案,参考答案,已匹配参考答案,仅有参考答案,,,同一PDF按页分层；本题E3位于p9，即使有等级说明仍是具名参考答案页，不升级E1。
BJ-2025-CP-ERMO-Q5,BJ-2025-CP-ERMO,5,S6e5080fb116a,2025模拟题/2025各区二模/2025昌平二模/试卷/试卷.pdf,参考答案,参考答案,已匹配参考答案,仅有参考答案,,,同一PDF按页分层；本题E3位于p9，即使有等级说明仍是具名参考答案页，不升级E1。
BJ-2025-CP-ERMO-Q6,BJ-2025-CP-ERMO,6,S6e5080fb116a,2025模拟题/2025各区二模/2025昌平二模/试卷/试卷.pdf,参考答案,参考答案,已匹配参考答案,仅有参考答案,,,同一PDF按页分层；本题E3位于p9，即使有等级说明仍是具名参考答案页，不升级E1。
BJ-2025-CP-ERMO-Q7,BJ-2025-CP-ERMO,7,S6e5080fb116a,2025模拟题/2025各区二模/2025昌平二模/试卷/试卷.pdf,参考答案,参考答案,已匹配参考答案,仅有参考答案,,,同一PDF按页分层；本题E3位于p9，即使有等级说明仍是具名参考答案页，不升级E1。
BJ-2025-CP-ERMO-Q8,BJ-2025-CP-ERMO,8,S6e5080fb116a,2025模拟题/2025各区二模/2025昌平二模/试卷/试卷.pdf,参考答案,参考答案,已匹配参考答案,仅有参考答案,,,同一PDF按页分层；本题E3位于p9，即使有等级说明仍是具名参考答案页，不升级E1。
BJ-2025-CP-ERMO-Q9,BJ-2025-CP-ERMO,9,S6e5080fb116a,2025模拟题/2025各区二模/2025昌平二模/试卷/试卷.pdf,参考答案,参考答案,已匹配参考答案,仅有参考答案,,,同一PDF按页分层；本题E3位于p9，即使有等级说明仍是具名参考答案页，不升级E1。
BJ-2025-CP-ERMO-Q10,BJ-2025-CP-ERMO,10,S6e5080fb116a,2025模拟题/2025各区二模/2025昌平二模/试卷/试卷.pdf,参考答案,参考答案,已匹配参考答案,仅有参考答案,,,同一PDF按页分层；本题E3位于p9，即使有等级说明仍是具名参考答案页，不升级E1。
BJ-2025-CP-ERMO-Q11,BJ-2025-CP-ERMO,11,S6e5080fb116a,2025模拟题/2025各区二模/2025昌平二模/试卷/试卷.pdf,参考答案,参考答案,已匹配参考答案,仅有参考答案,,,同一PDF按页分层；本题E3位于p9，即使有等级说明仍是具名参考答案页，不升级E1。
BJ-2025-CP-ERMO-Q12,BJ-2025-CP-ERMO,12,S6e5080fb116a,2025模拟题/2025各区二模/2025昌平二模/试卷/试卷.pdf,参考答案,参考答案,已匹配参考答案,仅有参考答案,,,同一PDF按页分层；本题E3位于p9，即使有等级说明仍是具名参考答案页，不升级E1。
BJ-2025-CP-ERMO-Q13,BJ-2025-CP-ERMO,13,S6e5080fb116a,2025模拟题/2025各区二模/2025昌平二模/试卷/试卷.pdf,参考答案,参考答案,已匹配参考答案,仅有参考答案,,,同一PDF按页分层；本题E3位于p9，即使有等级说明仍是具名参考答案页，不升级E1。
BJ-2025-CP-ERMO-Q14,BJ-2025-CP-ERMO,14,S6e5080fb116a,2025模拟题/2025各区二模/2025昌平二模/试卷/试卷.pdf,参考答案,参考答案,已匹配参考答案,仅有参考答案,,,同一PDF按页分层；本题E3位于p9，即使有等级说明仍是具名参考答案页，不升级E1。
BJ-2025-CP-ERMO-Q15,BJ-2025-CP-ERMO,15,S6e5080fb116a,2025模拟题/2025各区二模/2025昌平二模/试卷/试卷.pdf,参考答案,参考答案,已匹配参考答案,仅有参考答案,,,同一PDF按页分层；本题E3位于p9，即使有等级说明仍是具名参考答案页，不升级E1。
BJ-2025-CP-ERMO-Q16,BJ-2025-CP-ERMO,16,S6e5080fb116a,2025模拟题/2025各区二模/2025昌平二模/试卷/试卷.pdf,参考答案,参考答案,已匹配参考答案,已匹配正式材料,,,同一PDF按页分层；本题E3位于p9，即使有等级说明仍是具名参考答案页，不升级E1。
BJ-2025-CP-ERMO-Q17,BJ-2025-CP-ERMO,17,S6e5080fb116a,2025模拟题/2025各区二模/2025昌平二模/试卷/试卷.pdf,参考答案,参考答案,已匹配参考答案,已匹配正式材料,,,同一PDF按页分层；本题E3位于p9，即使有等级说明仍是具名参考答案页，不升级E1。
BJ-2025-CP-ERMO-Q18,BJ-2025-CP-ERMO,18,S6e5080fb116a,2025模拟题/2025各区二模/2025昌平二模/试卷/试卷.pdf,参考答案,参考答案,已匹配参考答案,已匹配正式材料,,,"同一PDF按页分层；本题E3位于p9,10，即使有等级说明仍是具名参考答案页，不升级E1。"
BJ-2025-CP-ERMO-Q19,BJ-2025-CP-ERMO,19,S6e5080fb116a,2025模拟题/2025各区二模/2025昌平二模/试卷/试卷.pdf,参考答案,参考答案,已匹配参考答案,已匹配正式材料,,,同一PDF按页分层；本题E3位于p10，即使有等级说明仍是具名参考答案页，不升级E1。
BJ-2025-CP-ERMO-Q20,BJ-2025-CP-ERMO,20,S6e5080fb116a,2025模拟题/2025各区二模/2025昌平二模/试卷/试卷.pdf,参考答案,参考答案,已匹配参考答案,已匹配正式材料,,,同一PDF按页分层；本题E3位于p10，即使有等级说明仍是具名参考答案页，不升级E1。
BJ-2025-CP-ERMO-Q21,BJ-2025-CP-ERMO,21,S6e5080fb116a,2025模拟题/2025各区二模/2025昌平二模/试卷/试卷.pdf,参考答案,参考答案,已匹配参考答案,已匹配正式材料,,,同一PDF按页分层；本题E3位于p10，即使有等级说明仍是具名参考答案页，不升级E1。
BJ-2025-CP-ERMO-Q22,BJ-2025-CP-ERMO,22,S6e5080fb116a,2025模拟题/2025各区二模/2025昌平二模/试卷/试卷.pdf,参考答案,参考答案,已匹配参考答案,已匹配正式材料,,,同一PDF按页分层；本题E3位于p10，即使有等级说明仍是具名参考答案页，不升级E1。
BJ-2026-CY-QIZHONG-Q1,BJ-2026-CY-QIZHONG,1,S5a53b5c6863d,2026模拟题/2026各区期末和期中/2026朝阳期中/试卷/试卷.pdf,参考答案,参考答案,已匹配参考答案,仅有参考答案,,,具名参考答案来自原PDF p8；保持E3，不升为E1。
BJ-2026-CY-QIZHONG-Q2,BJ-2026-CY-QIZHONG,2,S5a53b5c6863d,2026模拟题/2026各区期末和期中/2026朝阳期中/试卷/试卷.pdf,参考答案,参考答案,已匹配参考答案,仅有参考答案,,,具名参考答案来自原PDF p8；保持E3，不升为E1。
BJ-2026-CY-QIZHONG-Q3,BJ-2026-CY-QIZHONG,3,S5a53b5c6863d,2026模拟题/2026各区期末和期中/2026朝阳期中/试卷/试卷.pdf,参考答案,参考答案,已匹配参考答案,仅有参考答案,,,具名参考答案来自原PDF p8；保持E3，不升为E1。
BJ-2026-CY-QIZHONG-Q4,BJ-2026-CY-QIZHONG,4,S5a53b5c6863d,2026模拟题/2026各区期末和期中/2026朝阳期中/试卷/试卷.pdf,参考答案,参考答案,已匹配参考答案,仅有参考答案,,,具名参考答案来自原PDF p8；保持E3，不升为E1。
BJ-2026-CY-QIZHONG-Q5,BJ-2026-CY-QIZHONG,5,S5a53b5c6863d,2026模拟题/2026各区期末和期中/2026朝阳期中/试卷/试卷.pdf,参考答案,参考答案,已匹配参考答案,仅有参考答案,,,具名参考答案来自原PDF p8；保持E3，不升为E1。
BJ-2026-CY-QIZHONG-Q6,BJ-2026-CY-QIZHONG,6,S5a53b5c6863d,2026模拟题/2026各区期末和期中/2026朝阳期中/试卷/试卷.pdf,参考答案,参考答案,已匹配参考答案,仅有参考答案,,,具名参考答案来自原PDF p8；保持E3，不升为E1。
BJ-2026-CY-QIZHONG-Q7,BJ-2026-CY-QIZHONG,7,S5a53b5c6863d,2026模拟题/2026各区期末和期中/2026朝阳期中/试卷/试卷.pdf,参考答案,参考答案,已匹配参考答案,仅有参考答案,,,具名参考答案来自原PDF p8；保持E3，不升为E1。
BJ-2026-CY-QIZHONG-Q8,BJ-2026-CY-QIZHONG,8,S5a53b5c6863d,2026模拟题/2026各区期末和期中/2026朝阳期中/试卷/试卷.pdf,参考答案,参考答案,已匹配参考答案,仅有参考答案,,,具名参考答案来自原PDF p8；保持E3，不升为E1。
BJ-2026-CY-QIZHONG-Q9,BJ-2026-CY-QIZHONG,9,S5a53b5c6863d,2026模拟题/2026各区期末和期中/2026朝阳期中/试卷/试卷.pdf,参考答案,参考答案,已匹配参考答案,仅有参考答案,,,具名参考答案来自原PDF p8；保持E3，不升为E1。
BJ-2026-CY-QIZHONG-Q10,BJ-2026-CY-QIZHONG,10,S5a53b5c6863d,2026模拟题/2026各区期末和期中/2026朝阳期中/试卷/试卷.pdf,参考答案,参考答案,已匹配参考答案,仅有参考答案,,,具名参考答案来自原PDF p8；保持E3，不升为E1。
BJ-2026-CY-QIZHONG-Q11,BJ-2026-CY-QIZHONG,11,S5a53b5c6863d,2026模拟题/2026各区期末和期中/2026朝阳期中/试卷/试卷.pdf,参考答案,参考答案,已匹配参考答案,仅有参考答案,,,具名参考答案来自原PDF p8；保持E3，不升为E1。
BJ-2026-CY-QIZHONG-Q12,BJ-2026-CY-QIZHONG,12,S5a53b5c6863d,2026模拟题/2026各区期末和期中/2026朝阳期中/试卷/试卷.pdf,参考答案,参考答案,已匹配参考答案,仅有参考答案,,,具名参考答案来自原PDF p8；保持E3，不升为E1。
BJ-2026-CY-QIZHONG-Q13,BJ-2026-CY-QIZHONG,13,S5a53b5c6863d,2026模拟题/2026各区期末和期中/2026朝阳期中/试卷/试卷.pdf,参考答案,参考答案,已匹配参考答案,仅有参考答案,,,具名参考答案来自原PDF p8；保持E3，不升为E1。
BJ-2026-CY-QIZHONG-Q14,BJ-2026-CY-QIZHONG,14,S5a53b5c6863d,2026模拟题/2026各区期末和期中/2026朝阳期中/试卷/试卷.pdf,参考答案,参考答案,已匹配参考答案,仅有参考答案,,,具名参考答案来自原PDF p8；保持E3，不升为E1。
BJ-2026-CY-QIZHONG-Q15,BJ-2026-CY-QIZHONG,15,S5a53b5c6863d,2026模拟题/2026各区期末和期中/2026朝阳期中/试卷/试卷.pdf,参考答案,参考答案,已匹配参考答案,仅有参考答案,,,具名参考答案来自原PDF p8；保持E3，不升为E1。
BJ-2026-CY-QIZHONG-Q16,BJ-2026-CY-QIZHONG,16,S5a53b5c6863d,2026模拟题/2026各区期末和期中/2026朝阳期中/试卷/试卷.pdf,参考答案,参考答案,已匹配参考答案,已匹配正式材料,,,具名参考答案来自原PDF p8；保持E3，不升为E1。
BJ-2026-CY-QIZHONG-Q17,BJ-2026-CY-QIZHONG,17,S5a53b5c6863d,2026模拟题/2026各区期末和期中/2026朝阳期中/试卷/试卷.pdf,参考答案,参考答案,已匹配参考答案,已匹配正式材料,,,具名参考答案来自原PDF p8；保持E3，不升为E1。
BJ-2026-CY-QIZHONG-Q18,BJ-2026-CY-QIZHONG,18,S5a53b5c6863d,2026模拟题/2026各区期末和期中/2026朝阳期中/试卷/试卷.pdf,参考答案,参考答案,已匹配参考答案,已匹配正式材料,,,具名参考答案来自原PDF p8；保持E3，不升为E1。
BJ-2026-CY-QIZHONG-Q19,BJ-2026-CY-QIZHONG,19,S5a53b5c6863d,2026模拟题/2026各区期末和期中/2026朝阳期中/试卷/试卷.pdf,参考答案,参考答案,已匹配参考答案,已匹配正式材料,,,具名参考答案来自原PDF p8；保持E3，不升为E1。
BJ-2026-CY-QIZHONG-Q20,BJ-2026-CY-QIZHONG,20,S5a53b5c6863d,2026模拟题/2026各区期末和期中/2026朝阳期中/试卷/试卷.pdf,参考答案,参考答案,已匹配参考答案,已匹配正式材料,,,具名参考答案来自原PDF p8；保持E3，不升为E1。
BJ-2026-CY-QIZHONG-Q21,BJ-2026-CY-QIZHONG,21,S5a53b5c6863d,2026模拟题/2026各区期末和期中/2026朝阳期中/试卷/试卷.pdf,参考答案,参考答案,已匹配参考答案,已匹配正式材料,,,具名参考答案来自原PDF p8；保持E3，不升为E1。
BJ-2023-HD-ERMO-Q1,BJ-2023-HD-ERMO,1,S0a294f8799f7,2023模拟题/2023各区模拟题(1)/各区二模/√海淀/海淀区2022-2023学年第二学期期末练习高三思想政治参考答案 (2)(1).doc,参考答案,参考答案,已匹配参考答案,仅有参考答案,,,答案DOC完整3派生页按题配对；仅E3，不升正式E1
BJ-2023-HD-ERMO-Q10,BJ-2023-HD-ERMO,10,S0a294f8799f7,2023模拟题/2023各区模拟题(1)/各区二模/√海淀/海淀区2022-2023学年第二学期期末练习高三思想政治参考答案 (2)(1).doc,参考答案,参考答案,已匹配参考答案,仅有参考答案,,,答案DOC完整3派生页按题配对；仅E3，不升正式E1
BJ-2023-HD-ERMO-Q11,BJ-2023-HD-ERMO,11,S0a294f8799f7,2023模拟题/2023各区模拟题(1)/各区二模/√海淀/海淀区2022-2023学年第二学期期末练习高三思想政治参考答案 (2)(1).doc,参考答案,参考答案,已匹配参考答案,仅有参考答案,,,答案DOC完整3派生页按题配对；仅E3，不升正式E1
BJ-2023-HD-ERMO-Q12,BJ-2023-HD-ERMO,12,S0a294f8799f7,2023模拟题/2023各区模拟题(1)/各区二模/√海淀/海淀区2022-2023学年第二学期期末练习高三思想政治参考答案 (2)(1).doc,参考答案,参考答案,已匹配参考答案,仅有参考答案,,,答案DOC完整3派生页按题配对；仅E3，不升正式E1
BJ-2023-HD-ERMO-Q13,BJ-2023-HD-ERMO,13,S0a294f8799f7,2023模拟题/2023各区模拟题(1)/各区二模/√海淀/海淀区2022-2023学年第二学期期末练习高三思想政治参考答案 (2)(1).doc,参考答案,参考答案,已匹配参考答案,仅有参考答案,,,答案DOC完整3派生页按题配对；仅E3，不升正式E1
BJ-2023-HD-ERMO-Q14,BJ-2023-HD-ERMO,14,S0a294f8799f7,2023模拟题/2023各区模拟题(1)/各区二模/√海淀/海淀区2022-2023学年第二学期期末练习高三思想政治参考答案 (2)(1).doc,参考答案,参考答案,已匹配参考答案,仅有参考答案,,,答案DOC完整3派生页按题配对；仅E3，不升正式E1
BJ-2023-HD-ERMO-Q15,BJ-2023-HD-ERMO,15,S0a294f8799f7,2023模拟题/2023各区模拟题(1)/各区二模/√海淀/海淀区2022-2023学年第二学期期末练习高三思想政治参考答案 (2)(1).doc,参考答案,参考答案,已匹配参考答案,仅有参考答案,,,答案DOC完整3派生页按题配对；仅E3，不升正式E1
BJ-2023-HD-ERMO-Q16,BJ-2023-HD-ERMO,16,S0a294f8799f7,2023模拟题/2023各区模拟题(1)/各区二模/√海淀/海淀区2022-2023学年第二学期期末练习高三思想政治参考答案 (2)(1).doc,参考答案,参考答案,已匹配参考答案,已匹配正式材料,,,答案DOC完整3派生页按题配对；仅E3，不升正式E1
BJ-2023-HD-ERMO-Q16,BJ-2023-HD-ERMO,16,Scd8eee06ecf3,2023模拟题/2023各区模拟题(1)/各区二模/√海淀/海淀二模 细则(1).pptx,评分材料,正式评分材料,已匹配正式材料,已匹配正式材料,,,原PPTX43张按同题同问配对；精确页位见题MD；s38静态动画边界保留
BJ-2023-HD-ERMO-Q17,BJ-2023-HD-ERMO,17,S0a294f8799f7,2023模拟题/2023各区模拟题(1)/各区二模/√海淀/海淀区2022-2023学年第二学期期末练习高三思想政治参考答案 (2)(1).doc,参考答案,参考答案,已匹配参考答案,已匹配正式材料,,,答案DOC完整3派生页按题配对；仅E3，不升正式E1
BJ-2023-HD-ERMO-Q17,BJ-2023-HD-ERMO,17,Scd8eee06ecf3,2023模拟题/2023各区模拟题(1)/各区二模/√海淀/海淀二模 细则(1).pptx,评分材料,正式评分材料,已匹配正式材料,已匹配正式材料,,,原PPTX43张按同题同问配对；精确页位见题MD；s38静态动画边界保留
BJ-2023-HD-ERMO-Q18,BJ-2023-HD-ERMO,18,S0a294f8799f7,2023模拟题/2023各区模拟题(1)/各区二模/√海淀/海淀区2022-2023学年第二学期期末练习高三思想政治参考答案 (2)(1).doc,参考答案,参考答案,已匹配参考答案,已匹配正式材料,,,答案DOC完整3派生页按题配对；仅E3，不升正式E1
BJ-2023-HD-ERMO-Q18,BJ-2023-HD-ERMO,18,Scd8eee06ecf3,2023模拟题/2023各区模拟题(1)/各区二模/√海淀/海淀二模 细则(1).pptx,评分材料,正式评分材料,已匹配正式材料,已匹配正式材料,,,原PPTX43张按同题同问配对；精确页位见题MD；s38静态动画边界保留
BJ-2023-HD-ERMO-Q19,BJ-2023-HD-ERMO,19,S0a294f8799f7,2023模拟题/2023各区模拟题(1)/各区二模/√海淀/海淀区2022-2023学年第二学期期末练习高三思想政治参考答案 (2)(1).doc,参考答案,参考答案,已匹配参考答案,已匹配正式材料,,,答案DOC完整3派生页按题配对；仅E3，不升正式E1
BJ-2023-HD-ERMO-Q19,BJ-2023-HD-ERMO,19,Scd8eee06ecf3,2023模拟题/2023各区模拟题(1)/各区二模/√海淀/海淀二模 细则(1).pptx,评分材料,正式评分材料,已匹配正式材料,已匹配正式材料,,,原PPTX43张按同题同问配对；精确页位见题MD；s38静态动画边界保留
BJ-2023-HD-ERMO-Q2,BJ-2023-HD-ERMO,2,S0a294f8799f7,2023模拟题/2023各区模拟题(1)/各区二模/√海淀/海淀区2022-2023学年第二学期期末练习高三思想政治参考答案 (2)(1).doc,参考答案,参考答案,已匹配参考答案,仅有参考答案,,,答案DOC完整3派生页按题配对；仅E3，不升正式E1
BJ-2023-HD-ERMO-Q20,BJ-2023-HD-ERMO,20,S0a294f8799f7,2023模拟题/2023各区模拟题(1)/各区二模/√海淀/海淀区2022-2023学年第二学期期末练习高三思想政治参考答案 (2)(1).doc,参考答案,参考答案,已匹配参考答案,已匹配正式材料,,,答案DOC完整3派生页按题配对；仅E3，不升正式E1
BJ-2023-HD-ERMO-Q21,BJ-2023-HD-ERMO,21,S0a294f8799f7,2023模拟题/2023各区模拟题(1)/各区二模/√海淀/海淀区2022-2023学年第二学期期末练习高三思想政治参考答案 (2)(1).doc,参考答案,参考答案,已匹配参考答案,已匹配正式材料,,,答案DOC完整3派生页按题配对；仅E3，不升正式E1
BJ-2023-HD-ERMO-Q21,BJ-2023-HD-ERMO,21,Scd8eee06ecf3,2023模拟题/2023各区模拟题(1)/各区二模/√海淀/海淀二模 细则(1).pptx,评分材料,正式评分材料,已匹配正式材料,已匹配正式材料,,,原PPTX43张按同题同问配对；精确页位见题MD；s38静态动画边界保留
BJ-2023-HD-ERMO-Q3,BJ-2023-HD-ERMO,3,S0a294f8799f7,2023模拟题/2023各区模拟题(1)/各区二模/√海淀/海淀区2022-2023学年第二学期期末练习高三思想政治参考答案 (2)(1).doc,参考答案,参考答案,已匹配参考答案,仅有参考答案,,,答案DOC完整3派生页按题配对；仅E3，不升正式E1
BJ-2023-HD-ERMO-Q4,BJ-2023-HD-ERMO,4,S0a294f8799f7,2023模拟题/2023各区模拟题(1)/各区二模/√海淀/海淀区2022-2023学年第二学期期末练习高三思想政治参考答案 (2)(1).doc,参考答案,参考答案,已匹配参考答案,仅有参考答案,,,答案DOC完整3派生页按题配对；仅E3，不升正式E1
BJ-2023-HD-ERMO-Q5,BJ-2023-HD-ERMO,5,S0a294f8799f7,2023模拟题/2023各区模拟题(1)/各区二模/√海淀/海淀区2022-2023学年第二学期期末练习高三思想政治参考答案 (2)(1).doc,参考答案,参考答案,已匹配参考答案,仅有参考答案,,,答案DOC完整3派生页按题配对；仅E3，不升正式E1
BJ-2023-HD-ERMO-Q6,BJ-2023-HD-ERMO,6,S0a294f8799f7,2023模拟题/2023各区模拟题(1)/各区二模/√海淀/海淀区2022-2023学年第二学期期末练习高三思想政治参考答案 (2)(1).doc,参考答案,参考答案,已匹配参考答案,仅有参考答案,,,答案DOC完整3派生页按题配对；仅E3，不升正式E1
BJ-2023-HD-ERMO-Q7,BJ-2023-HD-ERMO,7,S0a294f8799f7,2023模拟题/2023各区模拟题(1)/各区二模/√海淀/海淀区2022-2023学年第二学期期末练习高三思想政治参考答案 (2)(1).doc,参考答案,参考答案,已匹配参考答案,仅有参考答案,,,答案DOC完整3派生页按题配对；仅E3，不升正式E1
BJ-2023-HD-ERMO-Q8,BJ-2023-HD-ERMO,8,S0a294f8799f7,2023模拟题/2023各区模拟题(1)/各区二模/√海淀/海淀区2022-2023学年第二学期期末练习高三思想政治参考答案 (2)(1).doc,参考答案,参考答案,已匹配参考答案,仅有参考答案,,,答案DOC完整3派生页按题配对；仅E3，不升正式E1
BJ-2023-HD-ERMO-Q9,BJ-2023-HD-ERMO,9,S0a294f8799f7,2023模拟题/2023各区模拟题(1)/各区二模/√海淀/海淀区2022-2023学年第二学期期末练习高三思想政治参考答案 (2)(1).doc,参考答案,参考答案,已匹配参考答案,仅有参考答案,,,答案DOC完整3派生页按题配对；仅E3，不升正式E1
BJ-2025-DC-ERMO-Q1,BJ-2025-DC-ERMO,1,S9b287871f660,2025模拟题/2025各区二模/2025东城二模/试卷/试卷.pdf,参考答案,参考答案,已匹配参考答案,仅有参考答案,,,同源逐页视觉核验；p007；Q16–Q21才有独立E1。旧分点编号误配已归档。
BJ-2025-DC-ERMO-Q2,BJ-2025-DC-ERMO,2,S9b287871f660,2025模拟题/2025各区二模/2025东城二模/试卷/试卷.pdf,参考答案,参考答案,已匹配参考答案,仅有参考答案,,,同源逐页视觉核验；p007；Q16–Q21才有独立E1。旧分点编号误配已归档。
BJ-2025-DC-ERMO-Q3,BJ-2025-DC-ERMO,3,S9b287871f660,2025模拟题/2025各区二模/2025东城二模/试卷/试卷.pdf,参考答案,参考答案,已匹配参考答案,仅有参考答案,,,同源逐页视觉核验；p007；Q16–Q21才有独立E1。旧分点编号误配已归档。
BJ-2025-DC-ERMO-Q4,BJ-2025-DC-ERMO,4,S9b287871f660,2025模拟题/2025各区二模/2025东城二模/试卷/试卷.pdf,参考答案,参考答案,已匹配参考答案,仅有参考答案,,,同源逐页视觉核验；p007；Q16–Q21才有独立E1。旧分点编号误配已归档。
BJ-2025-DC-ERMO-Q5,BJ-2025-DC-ERMO,5,S9b287871f660,2025模拟题/2025各区二模/2025东城二模/试卷/试卷.pdf,参考答案,参考答案,已匹配参考答案,仅有参考答案,,,同源逐页视觉核验；p007；Q16–Q21才有独立E1。旧分点编号误配已归档。
BJ-2025-DC-ERMO-Q6,BJ-2025-DC-ERMO,6,S9b287871f660,2025模拟题/2025各区二模/2025东城二模/试卷/试卷.pdf,参考答案,参考答案,已匹配参考答案,仅有参考答案,,,同源逐页视觉核验；p007；Q16–Q21才有独立E1。旧分点编号误配已归档。
BJ-2025-DC-ERMO-Q7,BJ-2025-DC-ERMO,7,S9b287871f660,2025模拟题/2025各区二模/2025东城二模/试卷/试卷.pdf,参考答案,参考答案,已匹配参考答案,仅有参考答案,,,同源逐页视觉核验；p007；Q16–Q21才有独立E1。旧分点编号误配已归档。
BJ-2025-DC-ERMO-Q8,BJ-2025-DC-ERMO,8,S9b287871f660,2025模拟题/2025各区二模/2025东城二模/试卷/试卷.pdf,参考答案,参考答案,已匹配参考答案,仅有参考答案,,,同源逐页视觉核验；p007；Q16–Q21才有独立E1。旧分点编号误配已归档。
BJ-2025-DC-ERMO-Q9,BJ-2025-DC-ERMO,9,S9b287871f660,2025模拟题/2025各区二模/2025东城二模/试卷/试卷.pdf,参考答案,参考答案,已匹配参考答案,仅有参考答案,,,同源逐页视觉核验；p007；Q16–Q21才有独立E1。旧分点编号误配已归档。
BJ-2025-DC-ERMO-Q10,BJ-2025-DC-ERMO,10,S9b287871f660,2025模拟题/2025各区二模/2025东城二模/试卷/试卷.pdf,参考答案,参考答案,已匹配参考答案,仅有参考答案,,,同源逐页视觉核验；p007；Q16–Q21才有独立E1。旧分点编号误配已归档。
BJ-2025-DC-ERMO-Q11,BJ-2025-DC-ERMO,11,S9b287871f660,2025模拟题/2025各区二模/2025东城二模/试卷/试卷.pdf,参考答案,参考答案,已匹配参考答案,仅有参考答案,,,同源逐页视觉核验；p007；Q16–Q21才有独立E1。旧分点编号误配已归档。
BJ-2025-DC-ERMO-Q12,BJ-2025-DC-ERMO,12,S9b287871f660,2025模拟题/2025各区二模/2025东城二模/试卷/试卷.pdf,参考答案,参考答案,已匹配参考答案,仅有参考答案,,,同源逐页视觉核验；p007；Q16–Q21才有独立E1。旧分点编号误配已归档。
BJ-2025-DC-ERMO-Q13,BJ-2025-DC-ERMO,13,S9b287871f660,2025模拟题/2025各区二模/2025东城二模/试卷/试卷.pdf,参考答案,参考答案,已匹配参考答案,仅有参考答案,,,同源逐页视觉核验；p007；Q16–Q21才有独立E1。旧分点编号误配已归档。
BJ-2025-DC-ERMO-Q14,BJ-2025-DC-ERMO,14,S9b287871f660,2025模拟题/2025各区二模/2025东城二模/试卷/试卷.pdf,参考答案,参考答案,已匹配参考答案,仅有参考答案,,,同源逐页视觉核验；p007；Q16–Q21才有独立E1。旧分点编号误配已归档。
BJ-2025-DC-ERMO-Q15,BJ-2025-DC-ERMO,15,S9b287871f660,2025模拟题/2025各区二模/2025东城二模/试卷/试卷.pdf,参考答案,参考答案,已匹配参考答案,仅有参考答案,,,同源逐页视觉核验；p007；Q16–Q21才有独立E1。旧分点编号误配已归档。
BJ-2025-DC-ERMO-Q16,BJ-2025-DC-ERMO,16,S606dbae1d5ce,2025模拟题/2025各区二模/2025东城二模/细则/细则.pdf,评分材料,正式评分材料,已匹配正式材料,已匹配正式材料,,,"同源逐页视觉核验；p001,p002；Q16–Q21才有独立E1。旧分点编号误配已归档。"
BJ-2025-DC-ERMO-Q17,BJ-2025-DC-ERMO,17,S606dbae1d5ce,2025模拟题/2025各区二模/2025东城二模/细则/细则.pdf,评分材料,正式评分材料,已匹配正式材料,已匹配正式材料,,,同源逐页视觉核验；p002；Q16–Q21才有独立E1。旧分点编号误配已归档。
BJ-2025-DC-ERMO-Q18,BJ-2025-DC-ERMO,18,S606dbae1d5ce,2025模拟题/2025各区二模/2025东城二模/细则/细则.pdf,评分材料,正式评分材料,已匹配正式材料,已匹配正式材料,,,"同源逐页视觉核验；p002,p003；Q16–Q21才有独立E1。旧分点编号误配已归档。"
BJ-2025-DC-ERMO-Q19,BJ-2025-DC-ERMO,19,S606dbae1d5ce,2025模拟题/2025各区二模/2025东城二模/细则/细则.pdf,评分材料,正式评分材料,已匹配正式材料,已匹配正式材料,,,"同源逐页视觉核验；p003,p004；Q16–Q21才有独立E1。旧分点编号误配已归档。"
BJ-2025-DC-ERMO-Q20,BJ-2025-DC-ERMO,20,S606dbae1d5ce,2025模拟题/2025各区二模/2025东城二模/细则/细则.pdf,评分材料,正式评分材料,已匹配正式材料,已匹配正式材料,,,"同源逐页视觉核验；p004,p005；Q16–Q21才有独立E1。旧分点编号误配已归档。"
BJ-2025-DC-ERMO-Q21,BJ-2025-DC-ERMO,21,S606dbae1d5ce,2025模拟题/2025各区二模/2025东城二模/细则/细则.pdf,评分材料,正式评分材料,已匹配正式材料,已匹配正式材料,,,同源逐页视觉核验；p005；Q16–Q21才有独立E1。旧分点编号误配已归档。
BJ-2022-BJ-GAOKAO-Q1,BJ-2022-BJ-GAOKAO,1,Sb2dd3b8daa4d,历年高考题及细则/2022北京高考真题政治（教师版）.pdf,参考答案,参考答案,已匹配参考答案,仅有参考答案,,,教师版E3独立答案区，不作为正式细则p8；逐页核验，源层差异保留。
BJ-2022-BJ-GAOKAO-Q2,BJ-2022-BJ-GAOKAO,2,Sb2dd3b8daa4d,历年高考题及细则/2022北京高考真题政治（教师版）.pdf,参考答案,参考答案,已匹配参考答案,仅有参考答案,,,教师版E3独立答案区，不作为正式细则p8；逐页核验，源层差异保留。
BJ-2022-BJ-GAOKAO-Q3,BJ-2022-BJ-GAOKAO,3,Sb2dd3b8daa4d,历年高考题及细则/2022北京高考真题政治（教师版）.pdf,参考答案,参考答案,已匹配参考答案,仅有参考答案,,,"教师版E3独立答案区，不作为正式细则p8,9；逐页核验，源层差异保留。"
BJ-2022-BJ-GAOKAO-Q4,BJ-2022-BJ-GAOKAO,4,Sb2dd3b8daa4d,历年高考题及细则/2022北京高考真题政治（教师版）.pdf,参考答案,参考答案,已匹配参考答案,仅有参考答案,,,教师版E3独立答案区，不作为正式细则p9；逐页核验，源层差异保留。
BJ-2022-BJ-GAOKAO-Q5,BJ-2022-BJ-GAOKAO,5,Sb2dd3b8daa4d,历年高考题及细则/2022北京高考真题政治（教师版）.pdf,参考答案,参考答案,已匹配参考答案,仅有参考答案,,,教师版E3独立答案区，不作为正式细则p10；逐页核验，源层差异保留。
BJ-2022-BJ-GAOKAO-Q6,BJ-2022-BJ-GAOKAO,6,Sb2dd3b8daa4d,历年高考题及细则/2022北京高考真题政治（教师版）.pdf,参考答案,参考答案,已匹配参考答案,仅有参考答案,,,教师版E3独立答案区，不作为正式细则p10；逐页核验，源层差异保留。
BJ-2022-BJ-GAOKAO-Q7,BJ-2022-BJ-GAOKAO,7,Sb2dd3b8daa4d,历年高考题及细则/2022北京高考真题政治（教师版）.pdf,参考答案,参考答案,已匹配参考答案,仅有参考答案,,,教师版E3独立答案区，不作为正式细则p11；逐页核验，源层差异保留。
BJ-2022-BJ-GAOKAO-Q8,BJ-2022-BJ-GAOKAO,8,Sb2dd3b8daa4d,历年高考题及细则/2022北京高考真题政治（教师版）.pdf,参考答案,参考答案,已匹配参考答案,仅有参考答案,,,"教师版E3独立答案区，不作为正式细则p11,12；逐页核验，源层差异保留。"
BJ-2022-BJ-GAOKAO-Q9,BJ-2022-BJ-GAOKAO,9,Sb2dd3b8daa4d,历年高考题及细则/2022北京高考真题政治（教师版）.pdf,参考答案,参考答案,已匹配参考答案,仅有参考答案,,,教师版E3独立答案区，不作为正式细则p12；逐页核验，源层差异保留。
BJ-2022-BJ-GAOKAO-Q10,BJ-2022-BJ-GAOKAO,10,Sb2dd3b8daa4d,历年高考题及细则/2022北京高考真题政治（教师版）.pdf,参考答案,参考答案,已匹配参考答案,仅有参考答案,,,"教师版E3独立答案区，不作为正式细则p12,13；逐页核验，源层差异保留。"
BJ-2022-BJ-GAOKAO-Q11,BJ-2022-BJ-GAOKAO,11,Sb2dd3b8daa4d,历年高考题及细则/2022北京高考真题政治（教师版）.pdf,参考答案,参考答案,已匹配参考答案,仅有参考答案,,,"教师版E3独立答案区，不作为正式细则p12,13；逐页核验，源层差异保留。"
BJ-2022-BJ-GAOKAO-Q12,BJ-2022-BJ-GAOKAO,12,Sb2dd3b8daa4d,历年高考题及细则/2022北京高考真题政治（教师版）.pdf,参考答案,参考答案,已匹配参考答案,仅有参考答案,,,教师版E3独立答案区，不作为正式细则p13；逐页核验，源层差异保留。
BJ-2022-BJ-GAOKAO-Q13,BJ-2022-BJ-GAOKAO,13,Sb2dd3b8daa4d,历年高考题及细则/2022北京高考真题政治（教师版）.pdf,参考答案,参考答案,已匹配参考答案,仅有参考答案,,,"教师版E3独立答案区，不作为正式细则p13,14；逐页核验，源层差异保留。"
BJ-2022-BJ-GAOKAO-Q14,BJ-2022-BJ-GAOKAO,14,Sb2dd3b8daa4d,历年高考题及细则/2022北京高考真题政治（教师版）.pdf,参考答案,参考答案,已匹配参考答案,仅有参考答案,,,"教师版E3独立答案区，不作为正式细则p14,15；逐页核验，源层差异保留。"
BJ-2022-BJ-GAOKAO-Q15,BJ-2022-BJ-GAOKAO,15,Sb2dd3b8daa4d,历年高考题及细则/2022北京高考真题政治（教师版）.pdf,参考答案,参考答案,已匹配参考答案,仅有参考答案,,,教师版E3独立答案区，不作为正式细则p15；逐页核验，源层差异保留。
BJ-2022-BJ-GAOKAO-Q16,BJ-2022-BJ-GAOKAO,16,Sb2dd3b8daa4d,历年高考题及细则/2022北京高考真题政治（教师版）.pdf,参考答案,参考答案,已匹配参考答案,已匹配正式材料,,,"教师版E3独立答案区，不作为正式细则p15,16；逐页核验，源层差异保留。"
BJ-2022-BJ-GAOKAO-Q16,BJ-2022-BJ-GAOKAO,16,S07b058a51918,历年高考题及细则/2022年北京高考阅卷标准.pdf,评分材料,正式评分材料,已匹配正式材料,已匹配正式材料,,,正式评分同题同问p1；逐页核验，源层差异保留。
BJ-2022-BJ-GAOKAO-Q17,BJ-2022-BJ-GAOKAO,17,Sb2dd3b8daa4d,历年高考题及细则/2022北京高考真题政治（教师版）.pdf,参考答案,参考答案,已匹配参考答案,已匹配正式材料,,,"教师版E3独立答案区，不作为正式细则p16,17；逐页核验，源层差异保留。"
BJ-2022-BJ-GAOKAO-Q17,BJ-2022-BJ-GAOKAO,17,S07b058a51918,历年高考题及细则/2022年北京高考阅卷标准.pdf,评分材料,正式评分材料,已匹配正式材料,已匹配正式材料,,,"正式评分同题同问p2,3；逐页核验，源层差异保留。"
BJ-2022-BJ-GAOKAO-Q18,BJ-2022-BJ-GAOKAO,18,Sb2dd3b8daa4d,历年高考题及细则/2022北京高考真题政治（教师版）.pdf,参考答案,参考答案,已匹配参考答案,已匹配正式材料,,,"教师版E3独立答案区，不作为正式细则p17,18,19；逐页核验，源层差异保留。"
BJ-2022-BJ-GAOKAO-Q18,BJ-2022-BJ-GAOKAO,18,S07b058a51918,历年高考题及细则/2022年北京高考阅卷标准.pdf,评分材料,正式评分材料,已匹配正式材料,已匹配正式材料,,,"正式评分同题同问p3,4；逐页核验，源层差异保留。"
BJ-2022-BJ-GAOKAO-Q19,BJ-2022-BJ-GAOKAO,19,Sb2dd3b8daa4d,历年高考题及细则/2022北京高考真题政治（教师版）.pdf,参考答案,参考答案,已匹配参考答案,已匹配正式材料,,,"教师版E3独立答案区，不作为正式细则p19,20；逐页核验，源层差异保留。"
BJ-2022-BJ-GAOKAO-Q19,BJ-2022-BJ-GAOKAO,19,S07b058a51918,历年高考题及细则/2022年北京高考阅卷标准.pdf,评分材料,正式评分材料,已匹配正式材料,已匹配正式材料,,,"正式评分同题同问p4,5；逐页核验，源层差异保留。"
BJ-2022-BJ-GAOKAO-Q20,BJ-2022-BJ-GAOKAO,20,Sb2dd3b8daa4d,历年高考题及细则/2022北京高考真题政治（教师版）.pdf,参考答案,参考答案,已匹配参考答案,已匹配正式材料,,,"教师版E3独立答案区，不作为正式细则p20,21；逐页核验，源层差异保留。"
BJ-2022-BJ-GAOKAO-Q20,BJ-2022-BJ-GAOKAO,20,S07b058a51918,历年高考题及细则/2022年北京高考阅卷标准.pdf,评分材料,正式评分材料,已匹配正式材料,已匹配正式材料,,,正式评分同题同问p6；逐页核验，源层差异保留。
BJ-2022-BJ-GAOKAO-Q21,BJ-2022-BJ-GAOKAO,21,Sb2dd3b8daa4d,历年高考题及细则/2022北京高考真题政治（教师版）.pdf,参考答案,参考答案,已匹配参考答案,已匹配正式材料,,,"教师版E3独立答案区，不作为正式细则p21,22；逐页核验，源层差异保留。"
BJ-2022-BJ-GAOKAO-Q21,BJ-2022-BJ-GAOKAO,21,S07b058a51918,历年高考题及细则/2022年北京高考阅卷标准.pdf,评分材料,正式评分材料,已匹配正式材料,已匹配正式材料,,,正式评分同题同问p7；逐页核验，源层差异保留。
BJ-2024-CY-ERMO-Q1,BJ-2024-CY-ERMO,1,Sf7c4cc4ac52e,2024模拟题/2024朝阳二模/细则/补充材料/细则.docx,参考答案,参考答案,已匹配参考答案,仅有参考答案,,,同卷补充DOCX E3；表格-0；通用等级表保持candidate/reference，不升E1。
BJ-2024-CY-ERMO-Q2,BJ-2024-CY-ERMO,2,Sf7c4cc4ac52e,2024模拟题/2024朝阳二模/细则/补充材料/细则.docx,参考答案,参考答案,已匹配参考答案,仅有参考答案,,,同卷补充DOCX E3；表格-0；通用等级表保持candidate/reference，不升E1。
BJ-2024-CY-ERMO-Q3,BJ-2024-CY-ERMO,3,Sf7c4cc4ac52e,2024模拟题/2024朝阳二模/细则/补充材料/细则.docx,参考答案,参考答案,已匹配参考答案,仅有参考答案,,,同卷补充DOCX E3；表格-0；通用等级表保持candidate/reference，不升E1。
BJ-2024-CY-ERMO-Q4,BJ-2024-CY-ERMO,4,Sf7c4cc4ac52e,2024模拟题/2024朝阳二模/细则/补充材料/细则.docx,参考答案,参考答案,已匹配参考答案,仅有参考答案,,,同卷补充DOCX E3；表格-0；通用等级表保持candidate/reference，不升E1。
BJ-2024-CY-ERMO-Q5,BJ-2024-CY-ERMO,5,Sf7c4cc4ac52e,2024模拟题/2024朝阳二模/细则/补充材料/细则.docx,参考答案,参考答案,已匹配参考答案,仅有参考答案,,,同卷补充DOCX E3；表格-0；通用等级表保持candidate/reference，不升E1。
BJ-2024-CY-ERMO-Q6,BJ-2024-CY-ERMO,6,Sf7c4cc4ac52e,2024模拟题/2024朝阳二模/细则/补充材料/细则.docx,参考答案,参考答案,已匹配参考答案,仅有参考答案,,,同卷补充DOCX E3；表格-0；通用等级表保持candidate/reference，不升E1。
BJ-2024-CY-ERMO-Q7,BJ-2024-CY-ERMO,7,Sf7c4cc4ac52e,2024模拟题/2024朝阳二模/细则/补充材料/细则.docx,参考答案,参考答案,已匹配参考答案,仅有参考答案,,,同卷补充DOCX E3；表格-0；通用等级表保持candidate/reference，不升E1。
BJ-2024-CY-ERMO-Q8,BJ-2024-CY-ERMO,8,Sf7c4cc4ac52e,2024模拟题/2024朝阳二模/细则/补充材料/细则.docx,参考答案,参考答案,已匹配参考答案,仅有参考答案,,,同卷补充DOCX E3；表格-0；通用等级表保持candidate/reference，不升E1。
BJ-2024-CY-ERMO-Q9,BJ-2024-CY-ERMO,9,Sf7c4cc4ac52e,2024模拟题/2024朝阳二模/细则/补充材料/细则.docx,参考答案,参考答案,已匹配参考答案,仅有参考答案,,,同卷补充DOCX E3；表格-0；通用等级表保持candidate/reference，不升E1。
BJ-2024-CY-ERMO-Q10,BJ-2024-CY-ERMO,10,Sf7c4cc4ac52e,2024模拟题/2024朝阳二模/细则/补充材料/细则.docx,参考答案,参考答案,已匹配参考答案,仅有参考答案,,,同卷补充DOCX E3；表格-0；通用等级表保持candidate/reference，不升E1。
BJ-2024-CY-ERMO-Q11,BJ-2024-CY-ERMO,11,Sf7c4cc4ac52e,2024模拟题/2024朝阳二模/细则/补充材料/细则.docx,参考答案,参考答案,已匹配参考答案,仅有参考答案,,,同卷补充DOCX E3；表格-0；通用等级表保持candidate/reference，不升E1。
BJ-2024-CY-ERMO-Q12,BJ-2024-CY-ERMO,12,Sf7c4cc4ac52e,2024模拟题/2024朝阳二模/细则/补充材料/细则.docx,参考答案,参考答案,已匹配参考答案,仅有参考答案,,,同卷补充DOCX E3；表格-0；通用等级表保持candidate/reference，不升E1。
BJ-2024-CY-ERMO-Q13,BJ-2024-CY-ERMO,13,Sf7c4cc4ac52e,2024模拟题/2024朝阳二模/细则/补充材料/细则.docx,参考答案,参考答案,已匹配参考答案,仅有参考答案,,,同卷补充DOCX E3；表格-0；通用等级表保持candidate/reference，不升E1。
BJ-2024-CY-ERMO-Q14,BJ-2024-CY-ERMO,14,Sf7c4cc4ac52e,2024模拟题/2024朝阳二模/细则/补充材料/细则.docx,参考答案,参考答案,已匹配参考答案,仅有参考答案,,,同卷补充DOCX E3；表格-0；通用等级表保持candidate/reference，不升E1。
BJ-2024-CY-ERMO-Q15,BJ-2024-CY-ERMO,15,Sf7c4cc4ac52e,2024模拟题/2024朝阳二模/细则/补充材料/细则.docx,参考答案,参考答案,已匹配参考答案,仅有参考答案,,,同卷补充DOCX E3；表格-0；通用等级表保持candidate/reference，不升E1。
BJ-2024-CY-ERMO-Q16,BJ-2024-CY-ERMO,16,Sf7c4cc4ac52e,2024模拟题/2024朝阳二模/细则/补充材料/细则.docx,参考答案,参考答案,已匹配参考答案,仅有参考答案,,,同卷补充DOCX E3；p5-p12；通用等级表保持candidate/reference，不升E1。
BJ-2024-CY-ERMO-Q17,BJ-2024-CY-ERMO,17,Sf7c4cc4ac52e,2024模拟题/2024朝阳二模/细则/补充材料/细则.docx,参考答案,参考答案,已匹配参考答案,仅有参考答案,,,同卷补充DOCX E3；p13-p15；通用等级表保持candidate/reference，不升E1。
BJ-2024-CY-ERMO-Q18,BJ-2024-CY-ERMO,18,Sf7c4cc4ac52e,2024模拟题/2024朝阳二模/细则/补充材料/细则.docx,参考答案,参考答案,已匹配参考答案,仅有参考答案,,,同卷补充DOCX E3；p17-p19；通用等级表保持candidate/reference，不升E1。
BJ-2024-CY-ERMO-Q19,BJ-2024-CY-ERMO,19,Sf7c4cc4ac52e,2024模拟题/2024朝阳二模/细则/补充材料/细则.docx,参考答案,参考答案,已匹配参考答案,仅有参考答案,,,同卷补充DOCX E3；p21-p24；通用等级表保持candidate/reference，不升E1。
BJ-2024-CY-ERMO-Q20,BJ-2024-CY-ERMO,20,Sf7c4cc4ac52e,2024模拟题/2024朝阳二模/细则/补充材料/细则.docx,参考答案,参考答案,已匹配参考答案,仅有参考答案,,,同卷补充DOCX E3；p28-p30；通用等级表保持candidate/reference，不升E1。
BJ-2024-CY-ERMO-Q16,BJ-2024-CY-ERMO,16,S84218459671a,2024模拟题/2024朝阳二模/细则/细则.pdf,评分材料,正式评分材料,已匹配正式材料,已匹配正式材料,,,"同卷正式评分 PDF E1；p1,p2；Q16-Q20正式细则页。"
BJ-2024-CY-ERMO-Q17,BJ-2024-CY-ERMO,17,S84218459671a,2024模拟题/2024朝阳二模/细则/细则.pdf,评分材料,正式评分材料,已匹配正式材料,已匹配正式材料,,,"同卷正式评分 PDF E1；p2,p3；Q16-Q20正式细则页。"
BJ-2024-CY-ERMO-Q18,BJ-2024-CY-ERMO,18,S84218459671a,2024模拟题/2024朝阳二模/细则/细则.pdf,评分材料,正式评分材料,已匹配正式材料,已匹配正式材料,,,同卷正式评分 PDF E1；p3；Q16-Q20正式细则页。
BJ-2024-CY-ERMO-Q19,BJ-2024-CY-ERMO,19,S84218459671a,2024模拟题/2024朝阳二模/细则/细则.pdf,评分材料,正式评分材料,已匹配正式材料,已匹配正式材料,,,"同卷正式评分 PDF E1；p3,p4,p5；Q16-Q20正式细则页。"
BJ-2024-CY-ERMO-Q20,BJ-2024-CY-ERMO,20,S84218459671a,2024模拟题/2024朝阳二模/细则/细则.pdf,评分材料,正式评分材料,已匹配正式材料,已匹配正式材料,,,同卷正式评分 PDF E1；p5；Q16-Q20正式细则页。
BJ-2023-BJ-GAOKAO-Q1,BJ-2023-BJ-GAOKAO,1,Sbf0725189cee,历年高考题及细则/2023北京高考真题政治（教师版）.pdf,参考答案,参考答案,已匹配参考答案,仅有参考答案,,,教师版p8-p9答案/E3；Q1-Q15选择题及Q16-Q20题面答案入口；不作为正式E1。
BJ-2023-BJ-GAOKAO-Q2,BJ-2023-BJ-GAOKAO,2,Sbf0725189cee,历年高考题及细则/2023北京高考真题政治（教师版）.pdf,参考答案,参考答案,已匹配参考答案,仅有参考答案,,,教师版p8-p9答案/E3；Q1-Q15选择题及Q16-Q20题面答案入口；不作为正式E1。
BJ-2023-BJ-GAOKAO-Q3,BJ-2023-BJ-GAOKAO,3,Sbf0725189cee,历年高考题及细则/2023北京高考真题政治（教师版）.pdf,参考答案,参考答案,已匹配参考答案,仅有参考答案,,,教师版p8-p9答案/E3；Q1-Q15选择题及Q16-Q20题面答案入口；不作为正式E1。
BJ-2023-BJ-GAOKAO-Q4,BJ-2023-BJ-GAOKAO,4,Sbf0725189cee,历年高考题及细则/2023北京高考真题政治（教师版）.pdf,参考答案,参考答案,已匹配参考答案,仅有参考答案,,,教师版p8-p9答案/E3；Q1-Q15选择题及Q16-Q20题面答案入口；不作为正式E1。
BJ-2023-BJ-GAOKAO-Q5,BJ-2023-BJ-GAOKAO,5,Sbf0725189cee,历年高考题及细则/2023北京高考真题政治（教师版）.pdf,参考答案,参考答案,已匹配参考答案,仅有参考答案,,,教师版p8-p9答案/E3；Q1-Q15选择题及Q16-Q20题面答案入口；不作为正式E1。
BJ-2023-BJ-GAOKAO-Q6,BJ-2023-BJ-GAOKAO,6,Sbf0725189cee,历年高考题及细则/2023北京高考真题政治（教师版）.pdf,参考答案,参考答案,已匹配参考答案,仅有参考答案,,,教师版p8-p9答案/E3；Q1-Q15选择题及Q16-Q20题面答案入口；不作为正式E1。
BJ-2023-BJ-GAOKAO-Q7,BJ-2023-BJ-GAOKAO,7,Sbf0725189cee,历年高考题及细则/2023北京高考真题政治（教师版）.pdf,参考答案,参考答案,已匹配参考答案,仅有参考答案,,,教师版p8-p9答案/E3；Q1-Q15选择题及Q16-Q20题面答案入口；不作为正式E1。
BJ-2023-BJ-GAOKAO-Q8,BJ-2023-BJ-GAOKAO,8,Sbf0725189cee,历年高考题及细则/2023北京高考真题政治（教师版）.pdf,参考答案,参考答案,已匹配参考答案,仅有参考答案,,,教师版p8-p9答案/E3；Q1-Q15选择题及Q16-Q20题面答案入口；不作为正式E1。
BJ-2023-BJ-GAOKAO-Q9,BJ-2023-BJ-GAOKAO,9,Sbf0725189cee,历年高考题及细则/2023北京高考真题政治（教师版）.pdf,参考答案,参考答案,已匹配参考答案,仅有参考答案,,,教师版p8-p9答案/E3；Q1-Q15选择题及Q16-Q20题面答案入口；不作为正式E1。
BJ-2023-BJ-GAOKAO-Q10,BJ-2023-BJ-GAOKAO,10,Sbf0725189cee,历年高考题及细则/2023北京高考真题政治（教师版）.pdf,参考答案,参考答案,已匹配参考答案,仅有参考答案,,,教师版p8-p9答案/E3；Q1-Q15选择题及Q16-Q20题面答案入口；不作为正式E1。
BJ-2023-BJ-GAOKAO-Q11,BJ-2023-BJ-GAOKAO,11,Sbf0725189cee,历年高考题及细则/2023北京高考真题政治（教师版）.pdf,参考答案,参考答案,已匹配参考答案,仅有参考答案,,,教师版p8-p9答案/E3；Q1-Q15选择题及Q16-Q20题面答案入口；不作为正式E1。
BJ-2023-BJ-GAOKAO-Q12,BJ-2023-BJ-GAOKAO,12,Sbf0725189cee,历年高考题及细则/2023北京高考真题政治（教师版）.pdf,参考答案,参考答案,已匹配参考答案,仅有参考答案,,,教师版p8-p9答案/E3；Q1-Q15选择题及Q16-Q20题面答案入口；不作为正式E1。
BJ-2023-BJ-GAOKAO-Q13,BJ-2023-BJ-GAOKAO,13,Sbf0725189cee,历年高考题及细则/2023北京高考真题政治（教师版）.pdf,参考答案,参考答案,已匹配参考答案,仅有参考答案,,,教师版p8-p9答案/E3；Q1-Q15选择题及Q16-Q20题面答案入口；不作为正式E1。
BJ-2023-BJ-GAOKAO-Q14,BJ-2023-BJ-GAOKAO,14,Sbf0725189cee,历年高考题及细则/2023北京高考真题政治（教师版）.pdf,参考答案,参考答案,已匹配参考答案,仅有参考答案,,,教师版p8-p9答案/E3；Q1-Q15选择题及Q16-Q20题面答案入口；不作为正式E1。
BJ-2023-BJ-GAOKAO-Q15,BJ-2023-BJ-GAOKAO,15,Sbf0725189cee,历年高考题及细则/2023北京高考真题政治（教师版）.pdf,参考答案,参考答案,已匹配参考答案,仅有参考答案,,,教师版p8-p9答案/E3；Q1-Q15选择题及Q16-Q20题面答案入口；不作为正式E1。
BJ-2023-BJ-GAOKAO-Q16,BJ-2023-BJ-GAOKAO,16,Sbf0725189cee,历年高考题及细则/2023北京高考真题政治（教师版）.pdf,参考答案,参考答案,已匹配参考答案,仅有参考答案,,,教师版p8-p9答案/E3；Q1-Q15选择题及Q16-Q20题面答案入口；不作为正式E1。
BJ-2023-BJ-GAOKAO-Q16,BJ-2023-BJ-GAOKAO,16,S957fa8d76c21,历年高考题及细则/2023高考阅卷细则.pdf,评分材料,正式评分材料,已匹配正式材料,已匹配正式材料,,,正式细则5页同题同问；题级定位见MD正式细则页p1；辅助讲评不计入E1。
BJ-2023-BJ-GAOKAO-Q17,BJ-2023-BJ-GAOKAO,17,Sbf0725189cee,历年高考题及细则/2023北京高考真题政治（教师版）.pdf,参考答案,参考答案,已匹配参考答案,仅有参考答案,,,教师版p8-p9答案/E3；Q1-Q15选择题及Q16-Q20题面答案入口；不作为正式E1。
BJ-2023-BJ-GAOKAO-Q17,BJ-2023-BJ-GAOKAO,17,S957fa8d76c21,历年高考题及细则/2023高考阅卷细则.pdf,评分材料,正式评分材料,已匹配正式材料,已匹配正式材料,,,"正式细则5页同题同问；题级定位见MD正式细则页p1,2；辅助讲评不计入E1。"
BJ-2023-BJ-GAOKAO-Q18,BJ-2023-BJ-GAOKAO,18,Sbf0725189cee,历年高考题及细则/2023北京高考真题政治（教师版）.pdf,参考答案,参考答案,已匹配参考答案,仅有参考答案,,,教师版p8-p9答案/E3；Q1-Q15选择题及Q16-Q20题面答案入口；不作为正式E1。
BJ-2023-BJ-GAOKAO-Q18,BJ-2023-BJ-GAOKAO,18,S957fa8d76c21,历年高考题及细则/2023高考阅卷细则.pdf,评分材料,正式评分材料,已匹配正式材料,已匹配正式材料,,,"正式细则5页同题同问；题级定位见MD正式细则页p2,3；辅助讲评不计入E1。"
BJ-2023-BJ-GAOKAO-Q19,BJ-2023-BJ-GAOKAO,19,Sbf0725189cee,历年高考题及细则/2023北京高考真题政治（教师版）.pdf,参考答案,参考答案,已匹配参考答案,仅有参考答案,,,教师版p8-p9答案/E3；Q1-Q15选择题及Q16-Q20题面答案入口；不作为正式E1。
BJ-2023-BJ-GAOKAO-Q19,BJ-2023-BJ-GAOKAO,19,S957fa8d76c21,历年高考题及细则/2023高考阅卷细则.pdf,评分材料,正式评分材料,已匹配正式材料,已匹配正式材料,,,"正式细则5页同题同问；题级定位见MD正式细则页p3,4；辅助讲评不计入E1。"
BJ-2023-BJ-GAOKAO-Q20,BJ-2023-BJ-GAOKAO,20,Sbf0725189cee,历年高考题及细则/2023北京高考真题政治（教师版）.pdf,参考答案,参考答案,已匹配参考答案,仅有参考答案,,,教师版p8-p9答案/E3；Q1-Q15选择题及Q16-Q20题面答案入口；不作为正式E1。
BJ-2023-BJ-GAOKAO-Q20,BJ-2023-BJ-GAOKAO,20,S957fa8d76c21,历年高考题及细则/2023高考阅卷细则.pdf,评分材料,正式评分材料,已匹配正式材料,已匹配正式材料,,,"正式细则5页同题同问；题级定位见MD正式细则页p4,5；辅助讲评不计入E1。"
BJ-2023-DC-ERMO-Q1,BJ-2023-DC-ERMO,1,S184eb642c0ab,2023模拟题/2023各区模拟题(1)/各区二模/√东城/东城区2023年度三综合练习（二）思想政治答案.pdf,参考答案,参考答案,已匹配参考答案,仅有参考答案,,,source_completion_v4；E3全卷答案键/参考作答；不代表逐点E1。
BJ-2023-DC-ERMO-Q2,BJ-2023-DC-ERMO,2,S184eb642c0ab,2023模拟题/2023各区模拟题(1)/各区二模/√东城/东城区2023年度三综合练习（二）思想政治答案.pdf,参考答案,参考答案,已匹配参考答案,仅有参考答案,,,source_completion_v4；E3全卷答案键/参考作答；不代表逐点E1。
BJ-2023-DC-ERMO-Q3,BJ-2023-DC-ERMO,3,S184eb642c0ab,2023模拟题/2023各区模拟题(1)/各区二模/√东城/东城区2023年度三综合练习（二）思想政治答案.pdf,参考答案,参考答案,已匹配参考答案,仅有参考答案,,,source_completion_v4；E3全卷答案键/参考作答；不代表逐点E1。
BJ-2023-DC-ERMO-Q4,BJ-2023-DC-ERMO,4,S184eb642c0ab,2023模拟题/2023各区模拟题(1)/各区二模/√东城/东城区2023年度三综合练习（二）思想政治答案.pdf,参考答案,参考答案,已匹配参考答案,仅有参考答案,,,source_completion_v4；E3全卷答案键/参考作答；不代表逐点E1。
BJ-2023-DC-ERMO-Q5,BJ-2023-DC-ERMO,5,S184eb642c0ab,2023模拟题/2023各区模拟题(1)/各区二模/√东城/东城区2023年度三综合练习（二）思想政治答案.pdf,参考答案,参考答案,已匹配参考答案,仅有参考答案,,,source_completion_v4；E3全卷答案键/参考作答；不代表逐点E1。
BJ-2023-DC-ERMO-Q6,BJ-2023-DC-ERMO,6,S184eb642c0ab,2023模拟题/2023各区模拟题(1)/各区二模/√东城/东城区2023年度三综合练习（二）思想政治答案.pdf,参考答案,参考答案,已匹配参考答案,仅有参考答案,,,source_completion_v4；E3全卷答案键/参考作答；不代表逐点E1。
BJ-2023-DC-ERMO-Q7,BJ-2023-DC-ERMO,7,S184eb642c0ab,2023模拟题/2023各区模拟题(1)/各区二模/√东城/东城区2023年度三综合练习（二）思想政治答案.pdf,参考答案,参考答案,已匹配参考答案,仅有参考答案,,,source_completion_v4；E3全卷答案键/参考作答；不代表逐点E1。
BJ-2023-DC-ERMO-Q8,BJ-2023-DC-ERMO,8,S184eb642c0ab,2023模拟题/2023各区模拟题(1)/各区二模/√东城/东城区2023年度三综合练习（二）思想政治答案.pdf,参考答案,参考答案,已匹配参考答案,仅有参考答案,,,source_completion_v4；E3全卷答案键/参考作答；不代表逐点E1。
BJ-2023-DC-ERMO-Q9,BJ-2023-DC-ERMO,9,S184eb642c0ab,2023模拟题/2023各区模拟题(1)/各区二模/√东城/东城区2023年度三综合练习（二）思想政治答案.pdf,参考答案,参考答案,已匹配参考答案,仅有参考答案,,,source_completion_v4；E3全卷答案键/参考作答；不代表逐点E1。
BJ-2023-DC-ERMO-Q10,BJ-2023-DC-ERMO,10,S184eb642c0ab,2023模拟题/2023各区模拟题(1)/各区二模/√东城/东城区2023年度三综合练习（二）思想政治答案.pdf,参考答案,参考答案,已匹配参考答案,仅有参考答案,,,source_completion_v4；E3全卷答案键/参考作答；不代表逐点E1。
BJ-2023-DC-ERMO-Q11,BJ-2023-DC-ERMO,11,S184eb642c0ab,2023模拟题/2023各区模拟题(1)/各区二模/√东城/东城区2023年度三综合练习（二）思想政治答案.pdf,参考答案,参考答案,已匹配参考答案,仅有参考答案,,,source_completion_v4；E3全卷答案键/参考作答；不代表逐点E1。
BJ-2023-DC-ERMO-Q12,BJ-2023-DC-ERMO,12,S184eb642c0ab,2023模拟题/2023各区模拟题(1)/各区二模/√东城/东城区2023年度三综合练习（二）思想政治答案.pdf,参考答案,参考答案,已匹配参考答案,仅有参考答案,,,source_completion_v4；E3全卷答案键/参考作答；不代表逐点E1。
BJ-2023-DC-ERMO-Q13,BJ-2023-DC-ERMO,13,S184eb642c0ab,2023模拟题/2023各区模拟题(1)/各区二模/√东城/东城区2023年度三综合练习（二）思想政治答案.pdf,参考答案,参考答案,已匹配参考答案,仅有参考答案,,,source_completion_v4；E3全卷答案键/参考作答；不代表逐点E1。
BJ-2023-DC-ERMO-Q14,BJ-2023-DC-ERMO,14,S184eb642c0ab,2023模拟题/2023各区模拟题(1)/各区二模/√东城/东城区2023年度三综合练习（二）思想政治答案.pdf,参考答案,参考答案,已匹配参考答案,仅有参考答案,,,source_completion_v4；E3全卷答案键/参考作答；不代表逐点E1。
BJ-2023-DC-ERMO-Q15,BJ-2023-DC-ERMO,15,S184eb642c0ab,2023模拟题/2023各区模拟题(1)/各区二模/√东城/东城区2023年度三综合练习（二）思想政治答案.pdf,参考答案,参考答案,已匹配参考答案,仅有参考答案,,,source_completion_v4；E3全卷答案键/参考作答；不代表逐点E1。
BJ-2023-DC-ERMO-Q16,BJ-2023-DC-ERMO,16,S184eb642c0ab,2023模拟题/2023各区模拟题(1)/各区二模/√东城/东城区2023年度三综合练习（二）思想政治答案.pdf,参考答案,参考答案,已匹配参考答案,仅有参考答案,,,source_completion_v4；E3全卷答案键/参考作答；不代表逐点E1。
BJ-2023-DC-ERMO-Q17,BJ-2023-DC-ERMO,17,S184eb642c0ab,2023模拟题/2023各区模拟题(1)/各区二模/√东城/东城区2023年度三综合练习（二）思想政治答案.pdf,参考答案,参考答案,已匹配参考答案,仅有参考答案,,,source_completion_v4；E3全卷答案键/参考作答；不代表逐点E1。
BJ-2023-DC-ERMO-Q18,BJ-2023-DC-ERMO,18,S184eb642c0ab,2023模拟题/2023各区模拟题(1)/各区二模/√东城/东城区2023年度三综合练习（二）思想政治答案.pdf,参考答案,参考答案,已匹配参考答案,仅有参考答案,,,source_completion_v4；E3全卷答案键/参考作答；不代表逐点E1。
BJ-2023-DC-ERMO-Q19,BJ-2023-DC-ERMO,19,S184eb642c0ab,2023模拟题/2023各区模拟题(1)/各区二模/√东城/东城区2023年度三综合练习（二）思想政治答案.pdf,参考答案,参考答案,已匹配参考答案,仅有参考答案,,,source_completion_v4；E3全卷答案键/参考作答；不代表逐点E1。
BJ-2023-DC-ERMO-Q20,BJ-2023-DC-ERMO,20,S184eb642c0ab,2023模拟题/2023各区模拟题(1)/各区二模/√东城/东城区2023年度三综合练习（二）思想政治答案.pdf,参考答案,参考答案,已匹配参考答案,仅有参考答案,,,source_completion_v4；E3全卷答案键/参考作答；不代表逐点E1。
BJ-2023-DC-ERMO-Q21,BJ-2023-DC-ERMO,21,S184eb642c0ab,2023模拟题/2023各区模拟题(1)/各区二模/√东城/东城区2023年度三综合练习（二）思想政治答案.pdf,参考答案,参考答案,已匹配参考答案,仅有参考答案,,,source_completion_v4；E3全卷答案键/参考作答；不代表逐点E1。
BJ-2023-DC-ERMO-Q16,BJ-2023-DC-ERMO,16,S184eb642c0ab,2023模拟题/2023各区模拟题(1)/各区二模/√东城/东城区2023年度三综合练习（二）思想政治答案.pdf,评分材料,正式评分材料,已匹配正式材料,已匹配正式材料,,,source_completion_v4；同题等级信息仅Q16/Q21，不能外推其余题。
BJ-2023-DC-ERMO-Q21,BJ-2023-DC-ERMO,21,S184eb642c0ab,2023模拟题/2023各区模拟题(1)/各区二模/√东城/东城区2023年度三综合练习（二）思想政治答案.pdf,评分材料,正式评分材料,已匹配正式材料,已匹配正式材料,,,source_completion_v4；同题等级信息仅Q16/Q21，不能外推其余题。
BJ-2024-CY-YIMO-Q1,BJ-2024-CY-YIMO,1,Sf6013d54b52c,2024模拟题/2024朝阳一模/细则/补充材料/细则.docx,参考答案,参考答案,已匹配参考答案,仅有参考答案,,,讲评/答案 E3；canonical slides 6；不升格为E1。
BJ-2024-CY-YIMO-Q2,BJ-2024-CY-YIMO,2,Sf6013d54b52c,2024模拟题/2024朝阳一模/细则/补充材料/细则.docx,参考答案,参考答案,已匹配参考答案,仅有参考答案,,,讲评/答案 E3；canonical slides 9；不升格为E1。
BJ-2024-CY-YIMO-Q3,BJ-2024-CY-YIMO,3,Sf6013d54b52c,2024模拟题/2024朝阳一模/细则/补充材料/细则.docx,参考答案,参考答案,已匹配参考答案,仅有参考答案,,,讲评/答案 E3；canonical slides 10；不升格为E1。
BJ-2024-CY-YIMO-Q4,BJ-2024-CY-YIMO,4,Sf6013d54b52c,2024模拟题/2024朝阳一模/细则/补充材料/细则.docx,参考答案,参考答案,已匹配参考答案,仅有参考答案,,,讲评/答案 E3；canonical slides 12；不升格为E1。
BJ-2024-CY-YIMO-Q5,BJ-2024-CY-YIMO,5,Sf6013d54b52c,2024模拟题/2024朝阳一模/细则/补充材料/细则.docx,参考答案,参考答案,已匹配参考答案,仅有参考答案,,,讲评/答案 E3；canonical slides 13；不升格为E1。
BJ-2024-CY-YIMO-Q6,BJ-2024-CY-YIMO,6,Sf6013d54b52c,2024模拟题/2024朝阳一模/细则/补充材料/细则.docx,参考答案,参考答案,已匹配参考答案,仅有参考答案,,,讲评/答案 E3；canonical slides 14；不升格为E1。
BJ-2024-CY-YIMO-Q7,BJ-2024-CY-YIMO,7,Sf6013d54b52c,2024模拟题/2024朝阳一模/细则/补充材料/细则.docx,参考答案,参考答案,已匹配参考答案,仅有参考答案,,,讲评/答案 E3；canonical slides 15；不升格为E1。
BJ-2024-CY-YIMO-Q8,BJ-2024-CY-YIMO,8,Sf6013d54b52c,2024模拟题/2024朝阳一模/细则/补充材料/细则.docx,参考答案,参考答案,已匹配参考答案,仅有参考答案,,,讲评/答案 E3；canonical slides 16；不升格为E1。
BJ-2024-CY-YIMO-Q9,BJ-2024-CY-YIMO,9,Sf6013d54b52c,2024模拟题/2024朝阳一模/细则/补充材料/细则.docx,参考答案,参考答案,已匹配参考答案,仅有参考答案,,,讲评/答案 E3；canonical slides 17；不升格为E1。
BJ-2024-CY-YIMO-Q10,BJ-2024-CY-YIMO,10,Sf6013d54b52c,2024模拟题/2024朝阳一模/细则/补充材料/细则.docx,参考答案,参考答案,已匹配参考答案,仅有参考答案,,,讲评/答案 E3；canonical slides 18；不升格为E1。
BJ-2024-CY-YIMO-Q11,BJ-2024-CY-YIMO,11,Sf6013d54b52c,2024模拟题/2024朝阳一模/细则/补充材料/细则.docx,参考答案,参考答案,已匹配参考答案,仅有参考答案,,,"讲评/答案 E3；canonical slides 19,20,21；不升格为E1。"
BJ-2024-CY-YIMO-Q12,BJ-2024-CY-YIMO,12,Sf6013d54b52c,2024模拟题/2024朝阳一模/细则/补充材料/细则.docx,参考答案,参考答案,已匹配参考答案,仅有参考答案,,,讲评/答案 E3；canonical slides 22；不升格为E1。
BJ-2024-CY-YIMO-Q13,BJ-2024-CY-YIMO,13,Sf6013d54b52c,2024模拟题/2024朝阳一模/细则/补充材料/细则.docx,参考答案,参考答案,已匹配参考答案,仅有参考答案,,,讲评/答案 E3；canonical slides 23；不升格为E1。
BJ-2024-CY-YIMO-Q14,BJ-2024-CY-YIMO,14,Sf6013d54b52c,2024模拟题/2024朝阳一模/细则/补充材料/细则.docx,参考答案,参考答案,已匹配参考答案,仅有参考答案,,,讲评/答案 E3；canonical slides 24；不升格为E1。
BJ-2024-CY-YIMO-Q15,BJ-2024-CY-YIMO,15,Sf6013d54b52c,2024模拟题/2024朝阳一模/细则/补充材料/细则.docx,参考答案,参考答案,已匹配参考答案,仅有参考答案,,,讲评/答案 E3；canonical slides 25；不升格为E1。
BJ-2024-CY-YIMO-Q16,BJ-2024-CY-YIMO,16,Sf6013d54b52c,2024模拟题/2024朝阳一模/细则/补充材料/细则.docx,参考答案,参考答案,已匹配参考答案,仅有参考答案,,,"讲评/答案 E3；canonical slides 27,28,29,30,31；不升格为E1。"
BJ-2024-CY-YIMO-Q16,BJ-2024-CY-YIMO,16,Sd64506799887,2024模拟题/2024朝阳一模/细则/细则.pptx,评分材料,正式评分材料,已匹配正式材料,已匹配正式材料,,,评分 PPTX E1；formal slides 31；该题正式评分材料已核。
BJ-2024-CY-YIMO-Q17,BJ-2024-CY-YIMO,17,Sf6013d54b52c,2024模拟题/2024朝阳一模/细则/补充材料/细则.docx,参考答案,参考答案,已匹配参考答案,仅有参考答案,,,"讲评/答案 E3；canonical slides 32,33；不升格为E1。"
BJ-2024-CY-YIMO-Q17,BJ-2024-CY-YIMO,17,Sd64506799887,2024模拟题/2024朝阳一模/细则/细则.pptx,评分材料,正式评分材料,已匹配正式材料,已匹配正式材料,,,评分 PPTX E1；formal slides 33；该题正式评分材料已核。
BJ-2024-CY-YIMO-Q18,BJ-2024-CY-YIMO,18,Sf6013d54b52c,2024模拟题/2024朝阳一模/细则/补充材料/细则.docx,参考答案,参考答案,已匹配参考答案,仅有参考答案,,,"讲评/答案 E3；canonical slides 34,35,36,37,38；不升格为E1。"
BJ-2024-CY-YIMO-Q18,BJ-2024-CY-YIMO,18,Sd64506799887,2024模拟题/2024朝阳一模/细则/细则.pptx,评分材料,正式评分材料,已匹配正式材料,已匹配正式材料,,,评分 PPTX E1；formal slides 35；仅Q18(1)已核；Q18(2)不在当前正式评分源中。
BJ-2024-CY-YIMO-Q19,BJ-2024-CY-YIMO,19,Sf6013d54b52c,2024模拟题/2024朝阳一模/细则/补充材料/细则.docx,参考答案,参考答案,已匹配参考答案,仅有参考答案,,,"讲评/答案 E3；canonical slides 39,40,41,42,43；不升格为E1。"
BJ-2024-CY-YIMO-Q19,BJ-2024-CY-YIMO,19,Sd64506799887,2024模拟题/2024朝阳一模/细则/细则.pptx,评分材料,正式评分材料,已匹配正式材料,已匹配正式材料,,,评分 PPTX E1；formal slides 43；该题正式评分材料已核。
BJ-2024-CY-YIMO-Q20,BJ-2024-CY-YIMO,20,Sf6013d54b52c,2024模拟题/2024朝阳一模/细则/补充材料/细则.docx,参考答案,参考答案,已匹配参考答案,仅有参考答案,,,"讲评/答案 E3；canonical slides 44,45,46；不升格为E1。"
BJ-2024-CY-YIMO-Q20,BJ-2024-CY-YIMO,20,Sd64506799887,2024模拟题/2024朝阳一模/细则/细则.pptx,评分材料,正式评分材料,已匹配正式材料,已匹配正式材料,,,"评分 PPTX E1；formal slides 45,46；Q20(1)(2)已核。"
BJ-2024-CY-YIMO-Q21,BJ-2024-CY-YIMO,21,Sf6013d54b52c,2024模拟题/2024朝阳一模/细则/补充材料/细则.docx,参考答案,参考答案,已匹配参考答案,仅有参考答案,,,"讲评/答案 E3；canonical slides 47,48,49；不升格为E1。"
BJ-2024-CY-YIMO-Q21,BJ-2024-CY-YIMO,21,Sd64506799887,2024模拟题/2024朝阳一模/细则/细则.pptx,评分材料,正式评分材料,已匹配正式材料,已匹配正式材料,,,评分 PPTX E1；formal slides 49；该题正式评分材料已核。
BJ-2023-CY-YIMO-Q1,BJ-2023-CY-YIMO,1,S037fd592575b,2023模拟题/2023各区模拟题(1)/各区一模/朝阳/2023-3-朝阳一模高三政治答案.pdf,参考答案,参考答案,已匹配参考答案,仅有参考答案,,,参考答案PDF第1页，E3；正式评分细则未提供，不升格E1。
BJ-2023-CY-YIMO-Q2,BJ-2023-CY-YIMO,2,S037fd592575b,2023模拟题/2023各区模拟题(1)/各区一模/朝阳/2023-3-朝阳一模高三政治答案.pdf,参考答案,参考答案,已匹配参考答案,仅有参考答案,,,参考答案PDF第1页，E3；正式评分细则未提供，不升格E1。
BJ-2023-CY-YIMO-Q3,BJ-2023-CY-YIMO,3,S037fd592575b,2023模拟题/2023各区模拟题(1)/各区一模/朝阳/2023-3-朝阳一模高三政治答案.pdf,参考答案,参考答案,已匹配参考答案,仅有参考答案,,,参考答案PDF第1页，E3；正式评分细则未提供，不升格E1。
BJ-2023-CY-YIMO-Q4,BJ-2023-CY-YIMO,4,S037fd592575b,2023模拟题/2023各区模拟题(1)/各区一模/朝阳/2023-3-朝阳一模高三政治答案.pdf,参考答案,参考答案,已匹配参考答案,仅有参考答案,,,参考答案PDF第1页，E3；正式评分细则未提供，不升格E1。
BJ-2023-CY-YIMO-Q5,BJ-2023-CY-YIMO,5,S037fd592575b,2023模拟题/2023各区模拟题(1)/各区一模/朝阳/2023-3-朝阳一模高三政治答案.pdf,参考答案,参考答案,已匹配参考答案,仅有参考答案,,,参考答案PDF第1页，E3；正式评分细则未提供，不升格E1。
BJ-2023-CY-YIMO-Q6,BJ-2023-CY-YIMO,6,S037fd592575b,2023模拟题/2023各区模拟题(1)/各区一模/朝阳/2023-3-朝阳一模高三政治答案.pdf,参考答案,参考答案,已匹配参考答案,仅有参考答案,,,参考答案PDF第1页，E3；正式评分细则未提供，不升格E1。
BJ-2023-CY-YIMO-Q7,BJ-2023-CY-YIMO,7,S037fd592575b,2023模拟题/2023各区模拟题(1)/各区一模/朝阳/2023-3-朝阳一模高三政治答案.pdf,参考答案,参考答案,已匹配参考答案,仅有参考答案,,,参考答案PDF第1页，E3；正式评分细则未提供，不升格E1。
BJ-2023-CY-YIMO-Q8,BJ-2023-CY-YIMO,8,S037fd592575b,2023模拟题/2023各区模拟题(1)/各区一模/朝阳/2023-3-朝阳一模高三政治答案.pdf,参考答案,参考答案,已匹配参考答案,仅有参考答案,,,参考答案PDF第1页，E3；正式评分细则未提供，不升格E1。
BJ-2023-CY-YIMO-Q9,BJ-2023-CY-YIMO,9,S037fd592575b,2023模拟题/2023各区模拟题(1)/各区一模/朝阳/2023-3-朝阳一模高三政治答案.pdf,参考答案,参考答案,已匹配参考答案,仅有参考答案,,,参考答案PDF第1页，E3；正式评分细则未提供，不升格E1。
BJ-2023-CY-YIMO-Q10,BJ-2023-CY-YIMO,10,S037fd592575b,2023模拟题/2023各区模拟题(1)/各区一模/朝阳/2023-3-朝阳一模高三政治答案.pdf,参考答案,参考答案,已匹配参考答案,仅有参考答案,,,参考答案PDF第1页，E3；正式评分细则未提供，不升格E1。
BJ-2023-CY-YIMO-Q11,BJ-2023-CY-YIMO,11,S037fd592575b,2023模拟题/2023各区模拟题(1)/各区一模/朝阳/2023-3-朝阳一模高三政治答案.pdf,参考答案,参考答案,已匹配参考答案,仅有参考答案,,,参考答案PDF第1页，E3；正式评分细则未提供，不升格E1。
BJ-2023-CY-YIMO-Q12,BJ-2023-CY-YIMO,12,S037fd592575b,2023模拟题/2023各区模拟题(1)/各区一模/朝阳/2023-3-朝阳一模高三政治答案.pdf,参考答案,参考答案,已匹配参考答案,仅有参考答案,,,参考答案PDF第1页，E3；正式评分细则未提供，不升格E1。
BJ-2023-CY-YIMO-Q13,BJ-2023-CY-YIMO,13,S037fd592575b,2023模拟题/2023各区模拟题(1)/各区一模/朝阳/2023-3-朝阳一模高三政治答案.pdf,参考答案,参考答案,已匹配参考答案,仅有参考答案,,,参考答案PDF第1页，E3；正式评分细则未提供，不升格E1。
BJ-2023-CY-YIMO-Q14,BJ-2023-CY-YIMO,14,S037fd592575b,2023模拟题/2023各区模拟题(1)/各区一模/朝阳/2023-3-朝阳一模高三政治答案.pdf,参考答案,参考答案,已匹配参考答案,仅有参考答案,,,参考答案PDF第1页，E3；正式评分细则未提供，不升格E1。
BJ-2023-CY-YIMO-Q15,BJ-2023-CY-YIMO,15,S037fd592575b,2023模拟题/2023各区模拟题(1)/各区一模/朝阳/2023-3-朝阳一模高三政治答案.pdf,参考答案,参考答案,已匹配参考答案,仅有参考答案,,,参考答案PDF第1页，E3；正式评分细则未提供，不升格E1。
BJ-2023-CY-YIMO-Q16,BJ-2023-CY-YIMO,16,S037fd592575b,2023模拟题/2023各区模拟题(1)/各区一模/朝阳/2023-3-朝阳一模高三政治答案.pdf,参考答案,参考答案,已匹配参考答案,仅有参考答案,,,参考答案PDF第1页，E3；正式评分细则未提供，不升格E1。
BJ-2023-CY-YIMO-Q17,BJ-2023-CY-YIMO,17,S037fd592575b,2023模拟题/2023各区模拟题(1)/各区一模/朝阳/2023-3-朝阳一模高三政治答案.pdf,参考答案,参考答案,已匹配参考答案,仅有参考答案,,,参考答案PDF第1页，E3；正式评分细则未提供，不升格E1。
BJ-2023-CY-YIMO-Q18,BJ-2023-CY-YIMO,18,S037fd592575b,2023模拟题/2023各区模拟题(1)/各区一模/朝阳/2023-3-朝阳一模高三政治答案.pdf,参考答案,参考答案,已匹配参考答案,仅有参考答案,,,参考答案PDF第1页，E3；正式评分细则未提供，不升格E1。
BJ-2023-CY-YIMO-Q19,BJ-2023-CY-YIMO,19,S037fd592575b,2023模拟题/2023各区模拟题(1)/各区一模/朝阳/2023-3-朝阳一模高三政治答案.pdf,参考答案,参考答案,已匹配参考答案,仅有参考答案,,,参考答案PDF第2页，E3；正式评分细则未提供，不升格E1。
BJ-2023-CY-YIMO-Q20,BJ-2023-CY-YIMO,20,S037fd592575b,2023模拟题/2023各区模拟题(1)/各区一模/朝阳/2023-3-朝阳一模高三政治答案.pdf,参考答案,参考答案,已匹配参考答案,仅有参考答案,,,参考答案PDF第2页，E3；正式评分细则未提供，不升格E1。
BJ-2023-CY-YIMO-Q21,BJ-2023-CY-YIMO,21,S037fd592575b,2023模拟题/2023各区模拟题(1)/各区一模/朝阳/2023-3-朝阳一模高三政治答案.pdf,参考答案,参考答案,已匹配参考答案,仅有参考答案,,,参考答案PDF第2页，E3；正式评分细则未提供，不升格E1。
BJ-2020-BJ-GAOKAO-Q1,BJ-2020-BJ-GAOKAO,1,Sd09df25048f5,历年高考题及细则/2020北京高考真题政治（教师版）.pdf,参考答案,参考答案,已匹配参考答案,仅有参考答案,,,教师版p8-p18答案/解析区；同一混合载体的E3，仅作参考答案，不升正式评分细则；题级入口见MD p8
BJ-2020-BJ-GAOKAO-Q2,BJ-2020-BJ-GAOKAO,2,Sd09df25048f5,历年高考题及细则/2020北京高考真题政治（教师版）.pdf,参考答案,参考答案,已匹配参考答案,仅有参考答案,,,"教师版p8-p18答案/解析区；同一混合载体的E3，仅作参考答案，不升正式评分细则；题级入口见MD p8,9"
BJ-2020-BJ-GAOKAO-Q3,BJ-2020-BJ-GAOKAO,3,Sd09df25048f5,历年高考题及细则/2020北京高考真题政治（教师版）.pdf,参考答案,参考答案,已匹配参考答案,仅有参考答案,,,教师版p8-p18答案/解析区；同一混合载体的E3，仅作参考答案，不升正式评分细则；题级入口见MD p9
BJ-2020-BJ-GAOKAO-Q4,BJ-2020-BJ-GAOKAO,4,Sd09df25048f5,历年高考题及细则/2020北京高考真题政治（教师版）.pdf,参考答案,参考答案,已匹配参考答案,仅有参考答案,,,"教师版p8-p18答案/解析区；同一混合载体的E3，仅作参考答案，不升正式评分细则；题级入口见MD p9,10"
BJ-2020-BJ-GAOKAO-Q5,BJ-2020-BJ-GAOKAO,5,Sd09df25048f5,历年高考题及细则/2020北京高考真题政治（教师版）.pdf,参考答案,参考答案,已匹配参考答案,仅有参考答案,,,教师版p8-p18答案/解析区；同一混合载体的E3，仅作参考答案，不升正式评分细则；题级入口见MD p10
BJ-2020-BJ-GAOKAO-Q6,BJ-2020-BJ-GAOKAO,6,Sd09df25048f5,历年高考题及细则/2020北京高考真题政治（教师版）.pdf,参考答案,参考答案,已匹配参考答案,仅有参考答案,,,教师版p8-p18答案/解析区；同一混合载体的E3，仅作参考答案，不升正式评分细则；题级入口见MD p10
BJ-2020-BJ-GAOKAO-Q7,BJ-2020-BJ-GAOKAO,7,Sd09df25048f5,历年高考题及细则/2020北京高考真题政治（教师版）.pdf,参考答案,参考答案,已匹配参考答案,仅有参考答案,,,教师版p8-p18答案/解析区；同一混合载体的E3，仅作参考答案，不升正式评分细则；题级入口见MD p11
BJ-2020-BJ-GAOKAO-Q8,BJ-2020-BJ-GAOKAO,8,Sd09df25048f5,历年高考题及细则/2020北京高考真题政治（教师版）.pdf,参考答案,参考答案,已匹配参考答案,仅有参考答案,,,教师版p8-p18答案/解析区；同一混合载体的E3，仅作参考答案，不升正式评分细则；题级入口见MD p11
BJ-2020-BJ-GAOKAO-Q9,BJ-2020-BJ-GAOKAO,9,Sd09df25048f5,历年高考题及细则/2020北京高考真题政治（教师版）.pdf,参考答案,参考答案,已匹配参考答案,仅有参考答案,,,"教师版p8-p18答案/解析区；同一混合载体的E3，仅作参考答案，不升正式评分细则；题级入口见MD p11,12"
BJ-2020-BJ-GAOKAO-Q10,BJ-2020-BJ-GAOKAO,10,Sd09df25048f5,历年高考题及细则/2020北京高考真题政治（教师版）.pdf,参考答案,参考答案,已匹配参考答案,仅有参考答案,,,教师版p8-p18答案/解析区；同一混合载体的E3，仅作参考答案，不升正式评分细则；题级入口见MD p12
BJ-2020-BJ-GAOKAO-Q11,BJ-2020-BJ-GAOKAO,11,Sd09df25048f5,历年高考题及细则/2020北京高考真题政治（教师版）.pdf,参考答案,参考答案,已匹配参考答案,仅有参考答案,,,"教师版p8-p18答案/解析区；同一混合载体的E3，仅作参考答案，不升正式评分细则；题级入口见MD p12,13"
BJ-2020-BJ-GAOKAO-Q12,BJ-2020-BJ-GAOKAO,12,Sd09df25048f5,历年高考题及细则/2020北京高考真题政治（教师版）.pdf,参考答案,参考答案,已匹配参考答案,仅有参考答案,,,教师版p8-p18答案/解析区；同一混合载体的E3，仅作参考答案，不升正式评分细则；题级入口见MD p13
BJ-2020-BJ-GAOKAO-Q13,BJ-2020-BJ-GAOKAO,13,Sd09df25048f5,历年高考题及细则/2020北京高考真题政治（教师版）.pdf,参考答案,参考答案,已匹配参考答案,仅有参考答案,,,教师版p8-p18答案/解析区；同一混合载体的E3，仅作参考答案，不升正式评分细则；题级入口见MD p13
BJ-2020-BJ-GAOKAO-Q14,BJ-2020-BJ-GAOKAO,14,Sd09df25048f5,历年高考题及细则/2020北京高考真题政治（教师版）.pdf,参考答案,参考答案,已匹配参考答案,仅有参考答案,,,教师版p8-p18答案/解析区；同一混合载体的E3，仅作参考答案，不升正式评分细则；题级入口见MD p14
BJ-2020-BJ-GAOKAO-Q15,BJ-2020-BJ-GAOKAO,15,Sd09df25048f5,历年高考题及细则/2020北京高考真题政治（教师版）.pdf,参考答案,参考答案,已匹配参考答案,仅有参考答案,,,教师版p8-p18答案/解析区；同一混合载体的E3，仅作参考答案，不升正式评分细则；题级入口见MD p14
BJ-2020-BJ-GAOKAO-Q16,BJ-2020-BJ-GAOKAO,16,Sd09df25048f5,历年高考题及细则/2020北京高考真题政治（教师版）.pdf,参考答案,参考答案,已匹配参考答案,仅有参考答案,,,教师版p8-p18答案/解析区；同一混合载体的E3，仅作参考答案，不升正式评分细则；题级入口见MD p15
BJ-2020-BJ-GAOKAO-Q16,BJ-2020-BJ-GAOKAO,16,Sd28336f73700,历年高考题及细则/2020北京政治高考.pdf,评分材料,正式评分材料,已匹配正式材料,已匹配正式材料,,,正式评分细则/E1 p1；正式材料只覆盖Q16-Q21，学生层N/A_with_basis。
BJ-2020-BJ-GAOKAO-Q17,BJ-2020-BJ-GAOKAO,17,Sd09df25048f5,历年高考题及细则/2020北京高考真题政治（教师版）.pdf,参考答案,参考答案,已匹配参考答案,仅有参考答案,,,"教师版p8-p18答案/解析区；同一混合载体的E3，仅作参考答案，不升正式评分细则；题级入口见MD p15,16"
BJ-2020-BJ-GAOKAO-Q17,BJ-2020-BJ-GAOKAO,17,Sd28336f73700,历年高考题及细则/2020北京政治高考.pdf,评分材料,正式评分材料,已匹配正式材料,已匹配正式材料,,,"正式评分细则/E1 p1,2；正式材料只覆盖Q16-Q21，学生层N/A_with_basis。"
BJ-2020-BJ-GAOKAO-Q18,BJ-2020-BJ-GAOKAO,18,Sd09df25048f5,历年高考题及细则/2020北京高考真题政治（教师版）.pdf,参考答案,参考答案,已匹配参考答案,仅有参考答案,,,教师版p8-p18答案/解析区；同一混合载体的E3，仅作参考答案，不升正式评分细则；题级入口见MD p16
BJ-2020-BJ-GAOKAO-Q18,BJ-2020-BJ-GAOKAO,18,Sd28336f73700,历年高考题及细则/2020北京政治高考.pdf,评分材料,正式评分材料,已匹配正式材料,已匹配正式材料,,,正式评分细则/E1 p2；正式材料只覆盖Q16-Q21，学生层N/A_with_basis。
BJ-2020-BJ-GAOKAO-Q19,BJ-2020-BJ-GAOKAO,19,Sd09df25048f5,历年高考题及细则/2020北京高考真题政治（教师版）.pdf,参考答案,参考答案,已匹配参考答案,仅有参考答案,,,教师版p8-p18答案/解析区；同一混合载体的E3，仅作参考答案，不升正式评分细则；题级入口见MD p17
BJ-2020-BJ-GAOKAO-Q19,BJ-2020-BJ-GAOKAO,19,Sd28336f73700,历年高考题及细则/2020北京政治高考.pdf,评分材料,正式评分材料,已匹配正式材料,已匹配正式材料,,,"正式评分细则/E1 p2,3；正式材料只覆盖Q16-Q21，学生层N/A_with_basis。"
BJ-2020-BJ-GAOKAO-Q20,BJ-2020-BJ-GAOKAO,20,Sd09df25048f5,历年高考题及细则/2020北京高考真题政治（教师版）.pdf,参考答案,参考答案,已匹配参考答案,仅有参考答案,,,"教师版p8-p18答案/解析区；同一混合载体的E3，仅作参考答案，不升正式评分细则；题级入口见MD p17,18"
BJ-2020-BJ-GAOKAO-Q20,BJ-2020-BJ-GAOKAO,20,Sd28336f73700,历年高考题及细则/2020北京政治高考.pdf,评分材料,正式评分材料,已匹配正式材料,已匹配正式材料,,,正式评分细则/E1 p3；正式材料只覆盖Q16-Q21，学生层N/A_with_basis。
BJ-2020-BJ-GAOKAO-Q21,BJ-2020-BJ-GAOKAO,21,Sd09df25048f5,历年高考题及细则/2020北京高考真题政治（教师版）.pdf,参考答案,参考答案,已匹配参考答案,仅有参考答案,,,教师版p8-p18答案/解析区；同一混合载体的E3，仅作参考答案，不升正式评分细则；题级入口见MD p18
BJ-2020-BJ-GAOKAO-Q21,BJ-2020-BJ-GAOKAO,21,Sd28336f73700,历年高考题及细则/2020北京政治高考.pdf,评分材料,正式评分材料,已匹配正式材料,已匹配正式材料,,,"正式评分细则/E1 p3,4；正式材料只覆盖Q16-Q21，学生层N/A_with_basis。"
BJ-2023-FT-ERMO-Q1,BJ-2023-FT-ERMO,1,Saccdd9d42a77,2023模拟题/2023各区模拟题(1)/各区二模/√丰台/丰台高三政治练习二（答案）.pdf,参考答案,参考答案,已匹配参考答案,仅有参考答案,,,同卷参考答案按E3保留；正式同卷评分细则未提供，不升级为E1。
BJ-2023-FT-ERMO-Q2,BJ-2023-FT-ERMO,2,Saccdd9d42a77,2023模拟题/2023各区模拟题(1)/各区二模/√丰台/丰台高三政治练习二（答案）.pdf,参考答案,参考答案,已匹配参考答案,仅有参考答案,,,同卷参考答案按E3保留；正式同卷评分细则未提供，不升级为E1。
BJ-2023-FT-ERMO-Q3,BJ-2023-FT-ERMO,3,Saccdd9d42a77,2023模拟题/2023各区模拟题(1)/各区二模/√丰台/丰台高三政治练习二（答案）.pdf,参考答案,参考答案,已匹配参考答案,仅有参考答案,,,同卷参考答案按E3保留；正式同卷评分细则未提供，不升级为E1。
BJ-2023-FT-ERMO-Q4,BJ-2023-FT-ERMO,4,Saccdd9d42a77,2023模拟题/2023各区模拟题(1)/各区二模/√丰台/丰台高三政治练习二（答案）.pdf,参考答案,参考答案,已匹配参考答案,仅有参考答案,,,同卷参考答案按E3保留；正式同卷评分细则未提供，不升级为E1。
BJ-2023-FT-ERMO-Q5,BJ-2023-FT-ERMO,5,Saccdd9d42a77,2023模拟题/2023各区模拟题(1)/各区二模/√丰台/丰台高三政治练习二（答案）.pdf,参考答案,参考答案,已匹配参考答案,仅有参考答案,,,同卷参考答案按E3保留；正式同卷评分细则未提供，不升级为E1。
BJ-2023-FT-ERMO-Q6,BJ-2023-FT-ERMO,6,Saccdd9d42a77,2023模拟题/2023各区模拟题(1)/各区二模/√丰台/丰台高三政治练习二（答案）.pdf,参考答案,参考答案,已匹配参考答案,仅有参考答案,,,同卷参考答案按E3保留；正式同卷评分细则未提供，不升级为E1。
BJ-2023-FT-ERMO-Q7,BJ-2023-FT-ERMO,7,Saccdd9d42a77,2023模拟题/2023各区模拟题(1)/各区二模/√丰台/丰台高三政治练习二（答案）.pdf,参考答案,参考答案,已匹配参考答案,仅有参考答案,,,同卷参考答案按E3保留；正式同卷评分细则未提供，不升级为E1。
BJ-2023-FT-ERMO-Q8,BJ-2023-FT-ERMO,8,Saccdd9d42a77,2023模拟题/2023各区模拟题(1)/各区二模/√丰台/丰台高三政治练习二（答案）.pdf,参考答案,参考答案,已匹配参考答案,仅有参考答案,,,同卷参考答案按E3保留；正式同卷评分细则未提供，不升级为E1。
BJ-2023-FT-ERMO-Q9,BJ-2023-FT-ERMO,9,Saccdd9d42a77,2023模拟题/2023各区模拟题(1)/各区二模/√丰台/丰台高三政治练习二（答案）.pdf,参考答案,参考答案,已匹配参考答案,仅有参考答案,,,同卷参考答案按E3保留；正式同卷评分细则未提供，不升级为E1。
BJ-2023-FT-ERMO-Q10,BJ-2023-FT-ERMO,10,Saccdd9d42a77,2023模拟题/2023各区模拟题(1)/各区二模/√丰台/丰台高三政治练习二（答案）.pdf,参考答案,参考答案,已匹配参考答案,仅有参考答案,,,同卷参考答案按E3保留；正式同卷评分细则未提供，不升级为E1。
BJ-2023-FT-ERMO-Q11,BJ-2023-FT-ERMO,11,Saccdd9d42a77,2023模拟题/2023各区模拟题(1)/各区二模/√丰台/丰台高三政治练习二（答案）.pdf,参考答案,参考答案,已匹配参考答案,仅有参考答案,,,同卷参考答案按E3保留；正式同卷评分细则未提供，不升级为E1。
BJ-2023-FT-ERMO-Q12,BJ-2023-FT-ERMO,12,Saccdd9d42a77,2023模拟题/2023各区模拟题(1)/各区二模/√丰台/丰台高三政治练习二（答案）.pdf,参考答案,参考答案,已匹配参考答案,仅有参考答案,,,同卷参考答案按E3保留；正式同卷评分细则未提供，不升级为E1。
BJ-2023-FT-ERMO-Q13,BJ-2023-FT-ERMO,13,Saccdd9d42a77,2023模拟题/2023各区模拟题(1)/各区二模/√丰台/丰台高三政治练习二（答案）.pdf,参考答案,参考答案,已匹配参考答案,仅有参考答案,,,同卷参考答案按E3保留；正式同卷评分细则未提供，不升级为E1。
BJ-2023-FT-ERMO-Q14,BJ-2023-FT-ERMO,14,Saccdd9d42a77,2023模拟题/2023各区模拟题(1)/各区二模/√丰台/丰台高三政治练习二（答案）.pdf,参考答案,参考答案,已匹配参考答案,仅有参考答案,,,同卷参考答案按E3保留；正式同卷评分细则未提供，不升级为E1。
BJ-2023-FT-ERMO-Q15,BJ-2023-FT-ERMO,15,Saccdd9d42a77,2023模拟题/2023各区模拟题(1)/各区二模/√丰台/丰台高三政治练习二（答案）.pdf,参考答案,参考答案,已匹配参考答案,仅有参考答案,,,同卷参考答案按E3保留；正式同卷评分细则未提供，不升级为E1。
BJ-2023-FT-ERMO-Q16,BJ-2023-FT-ERMO,16,Saccdd9d42a77,2023模拟题/2023各区模拟题(1)/各区二模/√丰台/丰台高三政治练习二（答案）.pdf,参考答案,参考答案,已匹配参考答案,仅有参考答案,,,同卷参考答案按E3保留；正式同卷评分细则未提供，不升级为E1。
BJ-2023-FT-ERMO-Q17,BJ-2023-FT-ERMO,17,Saccdd9d42a77,2023模拟题/2023各区模拟题(1)/各区二模/√丰台/丰台高三政治练习二（答案）.pdf,参考答案,参考答案,已匹配参考答案,仅有参考答案,,,同卷参考答案按E3保留；正式同卷评分细则未提供，不升级为E1。
BJ-2023-FT-ERMO-Q18,BJ-2023-FT-ERMO,18,Saccdd9d42a77,2023模拟题/2023各区模拟题(1)/各区二模/√丰台/丰台高三政治练习二（答案）.pdf,参考答案,参考答案,已匹配参考答案,仅有参考答案,,,同卷参考答案按E3保留；正式同卷评分细则未提供，不升级为E1。
BJ-2023-FT-ERMO-Q19,BJ-2023-FT-ERMO,19,Saccdd9d42a77,2023模拟题/2023各区模拟题(1)/各区二模/√丰台/丰台高三政治练习二（答案）.pdf,参考答案,参考答案,已匹配参考答案,仅有参考答案,,,同卷参考答案按E3保留；正式同卷评分细则未提供，不升级为E1。
BJ-2023-FT-ERMO-Q20,BJ-2023-FT-ERMO,20,Saccdd9d42a77,2023模拟题/2023各区模拟题(1)/各区二模/√丰台/丰台高三政治练习二（答案）.pdf,参考答案,参考答案,已匹配参考答案,仅有参考答案,,,同卷参考答案按E3保留；正式同卷评分细则未提供，不升级为E1。
BJ-2023-FT-ERMO-Q21,BJ-2023-FT-ERMO,21,Saccdd9d42a77,2023模拟题/2023各区模拟题(1)/各区二模/√丰台/丰台高三政治练习二（答案）.pdf,参考答案,参考答案,已匹配参考答案,仅有参考答案,,,同卷参考答案按E3保留；正式同卷评分细则未提供，不升级为E1。
BJ-2023-FT-ERMO-Q22,BJ-2023-FT-ERMO,22,Saccdd9d42a77,2023模拟题/2023各区模拟题(1)/各区二模/√丰台/丰台高三政治练习二（答案）.pdf,参考答案,参考答案,已匹配参考答案,仅有参考答案,,,同卷参考答案按E3保留；正式同卷评分细则未提供，不升级为E1。
BJ-2025-CY-ERMO-Q1,BJ-2025-CY-ERMO,1,S6009b3f19a33,2025模拟题/2025各区二模/2025朝阳二模/试卷/试卷.pdf,参考答案,参考答案,已匹配参考答案,仅有参考答案,,,主卷 p8-p10 E3参考答案/整体等级表；整体等级表不升格为题级E1。
BJ-2025-CY-ERMO-Q2,BJ-2025-CY-ERMO,2,S6009b3f19a33,2025模拟题/2025各区二模/2025朝阳二模/试卷/试卷.pdf,参考答案,参考答案,已匹配参考答案,仅有参考答案,,,主卷 p8-p10 E3参考答案/整体等级表；整体等级表不升格为题级E1。
BJ-2025-CY-ERMO-Q3,BJ-2025-CY-ERMO,3,S6009b3f19a33,2025模拟题/2025各区二模/2025朝阳二模/试卷/试卷.pdf,参考答案,参考答案,已匹配参考答案,仅有参考答案,,,主卷 p8-p10 E3参考答案/整体等级表；整体等级表不升格为题级E1。
BJ-2025-CY-ERMO-Q4,BJ-2025-CY-ERMO,4,S6009b3f19a33,2025模拟题/2025各区二模/2025朝阳二模/试卷/试卷.pdf,参考答案,参考答案,已匹配参考答案,仅有参考答案,,,主卷 p8-p10 E3参考答案/整体等级表；整体等级表不升格为题级E1。
BJ-2025-CY-ERMO-Q5,BJ-2025-CY-ERMO,5,S6009b3f19a33,2025模拟题/2025各区二模/2025朝阳二模/试卷/试卷.pdf,参考答案,参考答案,已匹配参考答案,仅有参考答案,,,主卷 p8-p10 E3参考答案/整体等级表；整体等级表不升格为题级E1。
BJ-2025-CY-ERMO-Q6,BJ-2025-CY-ERMO,6,S6009b3f19a33,2025模拟题/2025各区二模/2025朝阳二模/试卷/试卷.pdf,参考答案,参考答案,已匹配参考答案,仅有参考答案,,,主卷 p8-p10 E3参考答案/整体等级表；整体等级表不升格为题级E1。
BJ-2025-CY-ERMO-Q7,BJ-2025-CY-ERMO,7,S6009b3f19a33,2025模拟题/2025各区二模/2025朝阳二模/试卷/试卷.pdf,参考答案,参考答案,已匹配参考答案,仅有参考答案,,,主卷 p8-p10 E3参考答案/整体等级表；整体等级表不升格为题级E1。
BJ-2025-CY-ERMO-Q8,BJ-2025-CY-ERMO,8,S6009b3f19a33,2025模拟题/2025各区二模/2025朝阳二模/试卷/试卷.pdf,参考答案,参考答案,已匹配参考答案,仅有参考答案,,,主卷 p8-p10 E3参考答案/整体等级表；整体等级表不升格为题级E1。
BJ-2025-CY-ERMO-Q9,BJ-2025-CY-ERMO,9,S6009b3f19a33,2025模拟题/2025各区二模/2025朝阳二模/试卷/试卷.pdf,参考答案,参考答案,已匹配参考答案,仅有参考答案,,,主卷 p8-p10 E3参考答案/整体等级表；整体等级表不升格为题级E1。
BJ-2025-CY-ERMO-Q10,BJ-2025-CY-ERMO,10,S6009b3f19a33,2025模拟题/2025各区二模/2025朝阳二模/试卷/试卷.pdf,参考答案,参考答案,已匹配参考答案,仅有参考答案,,,主卷 p8-p10 E3参考答案/整体等级表；整体等级表不升格为题级E1。
BJ-2025-CY-ERMO-Q11,BJ-2025-CY-ERMO,11,S6009b3f19a33,2025模拟题/2025各区二模/2025朝阳二模/试卷/试卷.pdf,参考答案,参考答案,已匹配参考答案,仅有参考答案,,,主卷 p8-p10 E3参考答案/整体等级表；整体等级表不升格为题级E1。
BJ-2025-CY-ERMO-Q12,BJ-2025-CY-ERMO,12,S6009b3f19a33,2025模拟题/2025各区二模/2025朝阳二模/试卷/试卷.pdf,参考答案,参考答案,已匹配参考答案,仅有参考答案,,,主卷 p8-p10 E3参考答案/整体等级表；整体等级表不升格为题级E1。
BJ-2025-CY-ERMO-Q13,BJ-2025-CY-ERMO,13,S6009b3f19a33,2025模拟题/2025各区二模/2025朝阳二模/试卷/试卷.pdf,参考答案,参考答案,已匹配参考答案,仅有参考答案,,,主卷 p8-p10 E3参考答案/整体等级表；整体等级表不升格为题级E1。
BJ-2025-CY-ERMO-Q14,BJ-2025-CY-ERMO,14,S6009b3f19a33,2025模拟题/2025各区二模/2025朝阳二模/试卷/试卷.pdf,参考答案,参考答案,已匹配参考答案,仅有参考答案,,,主卷 p8-p10 E3参考答案/整体等级表；整体等级表不升格为题级E1。
BJ-2025-CY-ERMO-Q15,BJ-2025-CY-ERMO,15,S6009b3f19a33,2025模拟题/2025各区二模/2025朝阳二模/试卷/试卷.pdf,参考答案,参考答案,已匹配参考答案,仅有参考答案,,,主卷 p8-p10 E3参考答案/整体等级表；整体等级表不升格为题级E1。
BJ-2025-CY-ERMO-Q16,BJ-2025-CY-ERMO,16,S6009b3f19a33,2025模拟题/2025各区二模/2025朝阳二模/试卷/试卷.pdf,参考答案,参考答案,已匹配参考答案,仅有参考答案,,,主卷 p8-p10 E3参考答案/整体等级表；整体等级表不升格为题级E1。
BJ-2025-CY-ERMO-Q17,BJ-2025-CY-ERMO,17,S6009b3f19a33,2025模拟题/2025各区二模/2025朝阳二模/试卷/试卷.pdf,参考答案,参考答案,已匹配参考答案,仅有参考答案,,,主卷 p8-p10 E3参考答案/整体等级表；整体等级表不升格为题级E1。
BJ-2025-CY-ERMO-Q18,BJ-2025-CY-ERMO,18,S6009b3f19a33,2025模拟题/2025各区二模/2025朝阳二模/试卷/试卷.pdf,参考答案,参考答案,已匹配参考答案,仅有参考答案,,,主卷 p8-p10 E3参考答案/整体等级表；整体等级表不升格为题级E1。
BJ-2025-CY-ERMO-Q19,BJ-2025-CY-ERMO,19,S6009b3f19a33,2025模拟题/2025各区二模/2025朝阳二模/试卷/试卷.pdf,参考答案,参考答案,已匹配参考答案,仅有参考答案,,,主卷 p8-p10 E3参考答案/整体等级表；整体等级表不升格为题级E1。
BJ-2025-CY-ERMO-Q20,BJ-2025-CY-ERMO,20,S6009b3f19a33,2025模拟题/2025各区二模/2025朝阳二模/试卷/试卷.pdf,参考答案,参考答案,已匹配参考答案,仅有参考答案,,,主卷 p8-p10 E3参考答案/整体等级表；整体等级表不升格为题级E1。
BJ-2025-CY-ERMO-Q21,BJ-2025-CY-ERMO,21,S6009b3f19a33,2025模拟题/2025各区二模/2025朝阳二模/试卷/试卷.pdf,参考答案,参考答案,已匹配参考答案,仅有参考答案,,,主卷 p8-p10 E3参考答案/整体等级表；整体等级表不升格为题级E1。
BJ-2025-CY-ERMO-Q22,BJ-2025-CY-ERMO,22,S6009b3f19a33,2025模拟题/2025各区二模/2025朝阳二模/试卷/试卷.pdf,参考答案,参考答案,已匹配参考答案,仅有参考答案,,,主卷 p8-p10 E3参考答案/整体等级表；整体等级表不升格为题级E1。
BJ-2025-CY-ERMO-Q16,BJ-2025-CY-ERMO,16,S73c36c3077dc,2025模拟题/2025各区二模/2025朝阳二模/细则/细则.docx,评分材料,正式评分材料,已匹配正式材料,已匹配正式材料,,,DOCX表1右栏 E1 正式评分材料；左栏为E3参考答案。补充扫描 S613f35ecb7c4 为E3/E1混合载体，仅作对应页图支持；
BJ-2025-CY-ERMO-Q17,BJ-2025-CY-ERMO,17,S73c36c3077dc,2025模拟题/2025各区二模/2025朝阳二模/细则/细则.docx,评分材料,正式评分材料,已匹配正式材料,已匹配正式材料,,,DOCX表2右栏 E1 正式评分材料；左栏为E3参考答案。补充扫描 S613f35ecb7c4 为E3/E1混合载体，仅作对应页图支持；
BJ-2025-CY-ERMO-Q18,BJ-2025-CY-ERMO,18,S73c36c3077dc,2025模拟题/2025各区二模/2025朝阳二模/细则/细则.docx,评分材料,正式评分材料,已匹配正式材料,已匹配正式材料,,,DOCX表3右栏 E1 正式评分材料；左栏为E3参考答案。补充扫描 S613f35ecb7c4 为E3/E1混合载体，仅作对应页图支持；
BJ-2025-CY-ERMO-Q19,BJ-2025-CY-ERMO,19,S73c36c3077dc,2025模拟题/2025各区二模/2025朝阳二模/细则/细则.docx,评分材料,正式评分材料,已匹配正式材料,已匹配正式材料,,,DOCX表4右栏 E1 正式评分材料；左栏为E3参考答案。补充扫描 S613f35ecb7c4 为E3/E1混合载体，仅作对应页图支持；Q19结构化9对配对 delta 已主审与独立复核通过；
BJ-2025-CY-ERMO-Q20,BJ-2025-CY-ERMO,20,S73c36c3077dc,2025模拟题/2025各区二模/2025朝阳二模/细则/细则.docx,评分材料,正式评分材料,已匹配正式材料,已匹配正式材料,,,DOCX表5右栏 E1 正式评分材料；左栏为E3参考答案。补充扫描 S613f35ecb7c4 为E3/E1混合载体，仅作对应页图支持；
BJ-2025-CY-ERMO-Q21,BJ-2025-CY-ERMO,21,S73c36c3077dc,2025模拟题/2025各区二模/2025朝阳二模/细则/细则.docx,评分材料,正式评分材料,已匹配正式材料,已匹配正式材料,,,DOCX表6右栏 E1 正式评分材料；左栏为E3参考答案。补充扫描 S613f35ecb7c4 为E3/E1混合载体，仅作对应页图支持；
BJ-2025-CY-ERMO-Q22,BJ-2025-CY-ERMO,22,S73c36c3077dc,2025模拟题/2025各区二模/2025朝阳二模/细则/细则.docx,评分材料,正式评分材料,已匹配正式材料,已匹配正式材料,,,DOCX表7右栏 E1 正式评分材料；左栏为E3参考答案。补充扫描 S613f35ecb7c4 为E3/E1混合载体，仅作对应页图支持；
BJ-2024-CY-QIZHONG-Q1,BJ-2024-CY-QIZHONG,1,S25b6e8c2207d,2024模拟题/2024朝阳期中/细则/补充材料/细则.rtf,参考答案,参考答案,已匹配参考答案,仅有参考答案,,,v28 canonical；RTF末页Q1-Q15内嵌答案表，登记为E3；不是独立答案文件，不升格E1。
BJ-2024-CY-QIZHONG-Q2,BJ-2024-CY-QIZHONG,2,S25b6e8c2207d,2024模拟题/2024朝阳期中/细则/补充材料/细则.rtf,参考答案,参考答案,已匹配参考答案,仅有参考答案,,,v28 canonical；RTF末页Q1-Q15内嵌答案表，登记为E3；不是独立答案文件，不升格E1。
BJ-2024-CY-QIZHONG-Q3,BJ-2024-CY-QIZHONG,3,S25b6e8c2207d,2024模拟题/2024朝阳期中/细则/补充材料/细则.rtf,参考答案,参考答案,已匹配参考答案,仅有参考答案,,,v28 canonical；RTF末页Q1-Q15内嵌答案表，登记为E3；不是独立答案文件，不升格E1。
BJ-2024-CY-QIZHONG-Q4,BJ-2024-CY-QIZHONG,4,S25b6e8c2207d,2024模拟题/2024朝阳期中/细则/补充材料/细则.rtf,参考答案,参考答案,已匹配参考答案,仅有参考答案,,,v28 canonical；RTF末页Q1-Q15内嵌答案表，登记为E3；不是独立答案文件，不升格E1。
BJ-2024-CY-QIZHONG-Q5,BJ-2024-CY-QIZHONG,5,S25b6e8c2207d,2024模拟题/2024朝阳期中/细则/补充材料/细则.rtf,参考答案,参考答案,已匹配参考答案,仅有参考答案,,,v28 canonical；RTF末页Q1-Q15内嵌答案表，登记为E3；不是独立答案文件，不升格E1。
BJ-2024-CY-QIZHONG-Q6,BJ-2024-CY-QIZHONG,6,S25b6e8c2207d,2024模拟题/2024朝阳期中/细则/补充材料/细则.rtf,参考答案,参考答案,已匹配参考答案,仅有参考答案,,,v28 canonical；RTF末页Q1-Q15内嵌答案表，登记为E3；不是独立答案文件，不升格E1。
BJ-2024-CY-QIZHONG-Q7,BJ-2024-CY-QIZHONG,7,S25b6e8c2207d,2024模拟题/2024朝阳期中/细则/补充材料/细则.rtf,参考答案,参考答案,已匹配参考答案,仅有参考答案,,,v28 canonical；RTF末页Q1-Q15内嵌答案表，登记为E3；不是独立答案文件，不升格E1。
BJ-2024-CY-QIZHONG-Q8,BJ-2024-CY-QIZHONG,8,S25b6e8c2207d,2024模拟题/2024朝阳期中/细则/补充材料/细则.rtf,参考答案,参考答案,已匹配参考答案,仅有参考答案,,,v28 canonical；RTF末页Q1-Q15内嵌答案表，登记为E3；不是独立答案文件，不升格E1。
BJ-2024-CY-QIZHONG-Q9,BJ-2024-CY-QIZHONG,9,S25b6e8c2207d,2024模拟题/2024朝阳期中/细则/补充材料/细则.rtf,参考答案,参考答案,已匹配参考答案,仅有参考答案,,,v28 canonical；RTF末页Q1-Q15内嵌答案表，登记为E3；不是独立答案文件，不升格E1。
BJ-2024-CY-QIZHONG-Q10,BJ-2024-CY-QIZHONG,10,S25b6e8c2207d,2024模拟题/2024朝阳期中/细则/补充材料/细则.rtf,参考答案,参考答案,已匹配参考答案,仅有参考答案,,,v28 canonical；RTF末页Q1-Q15内嵌答案表，登记为E3；不是独立答案文件，不升格E1。
BJ-2024-CY-QIZHONG-Q11,BJ-2024-CY-QIZHONG,11,S25b6e8c2207d,2024模拟题/2024朝阳期中/细则/补充材料/细则.rtf,参考答案,参考答案,已匹配参考答案,仅有参考答案,,,v28 canonical；RTF末页Q1-Q15内嵌答案表，登记为E3；不是独立答案文件，不升格E1。
BJ-2024-CY-QIZHONG-Q12,BJ-2024-CY-QIZHONG,12,S25b6e8c2207d,2024模拟题/2024朝阳期中/细则/补充材料/细则.rtf,参考答案,参考答案,已匹配参考答案,仅有参考答案,,,v28 canonical；RTF末页Q1-Q15内嵌答案表，登记为E3；不是独立答案文件，不升格E1。
BJ-2024-CY-QIZHONG-Q13,BJ-2024-CY-QIZHONG,13,S25b6e8c2207d,2024模拟题/2024朝阳期中/细则/补充材料/细则.rtf,参考答案,参考答案,已匹配参考答案,仅有参考答案,,,v28 canonical；RTF末页Q1-Q15内嵌答案表，登记为E3；不是独立答案文件，不升格E1。
BJ-2024-CY-QIZHONG-Q14,BJ-2024-CY-QIZHONG,14,S25b6e8c2207d,2024模拟题/2024朝阳期中/细则/补充材料/细则.rtf,参考答案,参考答案,已匹配参考答案,仅有参考答案,,,v28 canonical；RTF末页Q1-Q15内嵌答案表，登记为E3；不是独立答案文件，不升格E1。
BJ-2024-CY-QIZHONG-Q15,BJ-2024-CY-QIZHONG,15,S25b6e8c2207d,2024模拟题/2024朝阳期中/细则/补充材料/细则.rtf,参考答案,参考答案,已匹配参考答案,仅有参考答案,,,v28 canonical；RTF末页Q1-Q15内嵌答案表，登记为E3；不是独立答案文件，不升格E1。
BJ-2024-CY-QIZHONG-Q16,BJ-2024-CY-QIZHONG,16,S92a268ce852f,2024模拟题/2024朝阳期中/细则/补充材料/2024.11期中政治朝阳评标2.docx,阅卷总结,参考答案,存在候选,存在候选,,,v28 canonical；评标/讲评DOCX保留为E3候选载体，不能升格为正式E1或独立答案。
BJ-2024-CY-QIZHONG-Q17,BJ-2024-CY-QIZHONG,17,S92a268ce852f,2024模拟题/2024朝阳期中/细则/补充材料/2024.11期中政治朝阳评标2.docx,阅卷总结,参考答案,存在候选,存在候选,,,v28 canonical；评标/讲评DOCX保留为E3候选载体，不能升格为正式E1或独立答案。
BJ-2024-CY-QIZHONG-Q18,BJ-2024-CY-QIZHONG,18,S92a268ce852f,2024模拟题/2024朝阳期中/细则/补充材料/2024.11期中政治朝阳评标2.docx,阅卷总结,参考答案,存在候选,存在候选,,,v28 canonical；评标/讲评DOCX保留为E3候选载体，不能升格为正式E1或独立答案。
BJ-2024-CY-QIZHONG-Q19,BJ-2024-CY-QIZHONG,19,S92a268ce852f,2024模拟题/2024朝阳期中/细则/补充材料/2024.11期中政治朝阳评标2.docx,阅卷总结,参考答案,存在候选,存在候选,,,v28 canonical；评标/讲评DOCX保留为E3候选载体，不能升格为正式E1或独立答案。
BJ-2024-CY-QIZHONG-Q20,BJ-2024-CY-QIZHONG,20,S92a268ce852f,2024模拟题/2024朝阳期中/细则/补充材料/2024.11期中政治朝阳评标2.docx,阅卷总结,参考答案,存在候选,存在候选,,,v28 canonical；评标/讲评DOCX保留为E3候选载体，不能升格为正式E1或独立答案。
BJ-2024-CY-QIZHONG-Q16,BJ-2024-CY-QIZHONG,16,S0f8ea3bbe262,2024模拟题/2024朝阳期中/细则/细则.docx,评分材料,正式评分材料,已匹配正式材料,已匹配正式材料,,,v28 canonical；同题正式评分内容，full.md native lines 8-38; question MD native block 1-32；这是full.md/题稿原生定位，不声称DOCX/RTF物理页号；仅Q16-Q20进入E1。
BJ-2024-CY-QIZHONG-Q16,BJ-2024-CY-QIZHONG,16,S25b6e8c2207d,2024模拟题/2024朝阳期中/细则/补充材料/细则.rtf,评分材料,正式评分材料,已匹配正式材料,已匹配正式材料,,,v28 canonical；同题正式评分内容，full.md native lines 8-24; question MD native block 0-17；这是full.md/题稿原生定位，不声称DOCX/RTF物理页号；仅Q16-Q20进入E1。
BJ-2024-CY-QIZHONG-Q17,BJ-2024-CY-QIZHONG,17,S0f8ea3bbe262,2024模拟题/2024朝阳期中/细则/细则.docx,评分材料,正式评分材料,已匹配正式材料,已匹配正式材料,,,v28 canonical；同题正式评分内容，full.md native lines 39-68; question MD native block 32-62；这是full.md/题稿原生定位，不声称DOCX/RTF物理页号；仅Q16-Q20进入E1。
BJ-2024-CY-QIZHONG-Q17,BJ-2024-CY-QIZHONG,17,S25b6e8c2207d,2024模拟题/2024朝阳期中/细则/补充材料/细则.rtf,评分材料,正式评分材料,已匹配正式材料,已匹配正式材料,,,v28 canonical；同题正式评分内容，full.md native lines 25-49; question MD native block 17-42；这是full.md/题稿原生定位，不声称DOCX/RTF物理页号；仅Q16-Q20进入E1。
BJ-2024-CY-QIZHONG-Q18,BJ-2024-CY-QIZHONG,18,S0f8ea3bbe262,2024模拟题/2024朝阳期中/细则/细则.docx,评分材料,正式评分材料,已匹配正式材料,已匹配正式材料,,,v28 canonical；同题正式评分内容，full.md native lines 69-98; question MD native block 62-93；这是full.md/题稿原生定位，不声称DOCX/RTF物理页号；仅Q16-Q20进入E1。
BJ-2024-CY-QIZHONG-Q18,BJ-2024-CY-QIZHONG,18,S25b6e8c2207d,2024模拟题/2024朝阳期中/细则/补充材料/细则.rtf,评分材料,正式评分材料,已匹配正式材料,已匹配正式材料,,,v28 canonical；同题正式评分内容，full.md native lines 50-73; question MD native block 42-66；这是full.md/题稿原生定位，不声称DOCX/RTF物理页号；仅Q16-Q20进入E1。
BJ-2024-CY-QIZHONG-Q19,BJ-2024-CY-QIZHONG,19,S0f8ea3bbe262,2024模拟题/2024朝阳期中/细则/细则.docx,评分材料,正式评分材料,已匹配正式材料,已匹配正式材料,,,v28 canonical；同题正式评分内容，full.md native lines 99-167; question MD native block 93-150；这是full.md/题稿原生定位，不声称DOCX/RTF物理页号；仅Q16-Q20进入E1。
BJ-2024-CY-QIZHONG-Q19,BJ-2024-CY-QIZHONG,19,S25b6e8c2207d,2024模拟题/2024朝阳期中/细则/补充材料/细则.rtf,评分材料,正式评分材料,已匹配正式材料,已匹配正式材料,,,v28 canonical；同题正式评分内容，full.md native lines 74-85; question MD uses native question-number anchoring；这是full.md/题稿原生定位，不声称DOCX/RTF物理页号；仅Q16-Q20进入E1。
BJ-2024-CY-QIZHONG-Q20,BJ-2024-CY-QIZHONG,20,S0f8ea3bbe262,2024模拟题/2024朝阳期中/细则/细则.docx,评分材料,正式评分材料,已匹配正式材料,已匹配正式材料,,,v28 canonical；同题正式评分内容，full.md native lines 168-264; question MD native block 160-256；这是full.md/题稿原生定位，不声称DOCX/RTF物理页号；仅Q16-Q20进入E1。
BJ-2024-CY-QIZHONG-Q20,BJ-2024-CY-QIZHONG,20,S25b6e8c2207d,2024模拟题/2024朝阳期中/细则/补充材料/细则.rtf,评分材料,正式评分材料,已匹配正式材料,已匹配正式材料,,,v28 canonical；同题正式评分内容，full.md native lines 86-164; question MD native block 78-156；这是full.md/题稿原生定位，不声称DOCX/RTF物理页号；仅Q16-Q20进入E1。
BJ-2023-FT-YIMO-Q1,BJ-2023-FT-YIMO,1,Sd68e0801a751,2023模拟题/2023各区模拟题(1)/各区一模/丰台.docx,参考答案,参考答案,已匹配参考答案,仅有参考答案,,,教师版/转录题源内附答案与详解，E3/source material only；正式同卷评分细则未提供，不升格E1。
BJ-2023-FT-YIMO-Q2,BJ-2023-FT-YIMO,2,Sd68e0801a751,2023模拟题/2023各区模拟题(1)/各区一模/丰台.docx,参考答案,参考答案,已匹配参考答案,仅有参考答案,,,教师版/转录题源内附答案与详解，E3/source material only；正式同卷评分细则未提供，不升格E1。
BJ-2023-FT-YIMO-Q3,BJ-2023-FT-YIMO,3,Sd68e0801a751,2023模拟题/2023各区模拟题(1)/各区一模/丰台.docx,参考答案,参考答案,已匹配参考答案,仅有参考答案,,,教师版/转录题源内附答案与详解，E3/source material only；正式同卷评分细则未提供，不升格E1。
BJ-2023-FT-YIMO-Q4,BJ-2023-FT-YIMO,4,Sd68e0801a751,2023模拟题/2023各区模拟题(1)/各区一模/丰台.docx,参考答案,参考答案,已匹配参考答案,仅有参考答案,,,教师版/转录题源内附答案与详解，E3/source material only；正式同卷评分细则未提供，不升格E1。
BJ-2023-FT-YIMO-Q5,BJ-2023-FT-YIMO,5,Sd68e0801a751,2023模拟题/2023各区模拟题(1)/各区一模/丰台.docx,参考答案,参考答案,已匹配参考答案,仅有参考答案,,,教师版/转录题源内附答案与详解，E3/source material only；正式同卷评分细则未提供，不升格E1。
BJ-2023-FT-YIMO-Q6,BJ-2023-FT-YIMO,6,Sd68e0801a751,2023模拟题/2023各区模拟题(1)/各区一模/丰台.docx,参考答案,参考答案,已匹配参考答案,仅有参考答案,,,教师版/转录题源内附答案与详解，E3/source material only；正式同卷评分细则未提供，不升格E1。
BJ-2023-FT-YIMO-Q7,BJ-2023-FT-YIMO,7,Sd68e0801a751,2023模拟题/2023各区模拟题(1)/各区一模/丰台.docx,参考答案,参考答案,已匹配参考答案,仅有参考答案,,,教师版/转录题源内附答案与详解，E3/source material only；正式同卷评分细则未提供，不升格E1。
BJ-2023-FT-YIMO-Q8,BJ-2023-FT-YIMO,8,Sd68e0801a751,2023模拟题/2023各区模拟题(1)/各区一模/丰台.docx,参考答案,参考答案,已匹配参考答案,仅有参考答案,,,教师版/转录题源内附答案与详解，E3/source material only；正式同卷评分细则未提供，不升格E1。
BJ-2023-FT-YIMO-Q9,BJ-2023-FT-YIMO,9,Sd68e0801a751,2023模拟题/2023各区模拟题(1)/各区一模/丰台.docx,参考答案,参考答案,已匹配参考答案,仅有参考答案,,,教师版/转录题源内附答案与详解，E3/source material only；正式同卷评分细则未提供，不升格E1。
BJ-2023-FT-YIMO-Q10,BJ-2023-FT-YIMO,10,Sd68e0801a751,2023模拟题/2023各区模拟题(1)/各区一模/丰台.docx,参考答案,参考答案,已匹配参考答案,仅有参考答案,,,教师版/转录题源内附答案与详解，E3/source material only；正式同卷评分细则未提供，不升格E1。
BJ-2023-FT-YIMO-Q11,BJ-2023-FT-YIMO,11,Sd68e0801a751,2023模拟题/2023各区模拟题(1)/各区一模/丰台.docx,参考答案,参考答案,已匹配参考答案,仅有参考答案,,,教师版/转录题源内附答案与详解，E3/source material only；正式同卷评分细则未提供，不升格E1。
BJ-2023-FT-YIMO-Q12,BJ-2023-FT-YIMO,12,Sd68e0801a751,2023模拟题/2023各区模拟题(1)/各区一模/丰台.docx,参考答案,参考答案,已匹配参考答案,仅有参考答案,,,教师版/转录题源内附答案与详解，E3/source material only；正式同卷评分细则未提供，不升格E1。
BJ-2023-FT-YIMO-Q13,BJ-2023-FT-YIMO,13,Sd68e0801a751,2023模拟题/2023各区模拟题(1)/各区一模/丰台.docx,参考答案,参考答案,已匹配参考答案,仅有参考答案,,,教师版/转录题源内附答案与详解，E3/source material only；正式同卷评分细则未提供，不升格E1。
BJ-2023-FT-YIMO-Q14,BJ-2023-FT-YIMO,14,Sd68e0801a751,2023模拟题/2023各区模拟题(1)/各区一模/丰台.docx,参考答案,参考答案,已匹配参考答案,仅有参考答案,,,教师版/转录题源内附答案与详解，E3/source material only；正式同卷评分细则未提供，不升格E1。
BJ-2023-FT-YIMO-Q15,BJ-2023-FT-YIMO,15,Sd68e0801a751,2023模拟题/2023各区模拟题(1)/各区一模/丰台.docx,参考答案,参考答案,已匹配参考答案,仅有参考答案,,,教师版/转录题源内附答案与详解，E3/source material only；正式同卷评分细则未提供，不升格E1。
BJ-2023-FT-YIMO-Q16,BJ-2023-FT-YIMO,16,Sd68e0801a751,2023模拟题/2023各区模拟题(1)/各区一模/丰台.docx,参考答案,参考答案,已匹配参考答案,仅有参考答案,,,教师版/转录题源内附答案与详解，E3/source material only；正式同卷评分细则未提供，不升格E1。
BJ-2023-FT-YIMO-Q17,BJ-2023-FT-YIMO,17,Sd68e0801a751,2023模拟题/2023各区模拟题(1)/各区一模/丰台.docx,参考答案,参考答案,已匹配参考答案,仅有参考答案,,,教师版/转录题源内附答案与详解，E3/source material only；正式同卷评分细则未提供，不升格E1。
BJ-2023-FT-YIMO-Q18,BJ-2023-FT-YIMO,18,Sd68e0801a751,2023模拟题/2023各区模拟题(1)/各区一模/丰台.docx,参考答案,参考答案,已匹配参考答案,仅有参考答案,,,教师版/转录题源内附答案与详解，E3/source material only；正式同卷评分细则未提供，不升格E1。
BJ-2023-FT-YIMO-Q19,BJ-2023-FT-YIMO,19,Sd68e0801a751,2023模拟题/2023各区模拟题(1)/各区一模/丰台.docx,参考答案,参考答案,已匹配参考答案,仅有参考答案,,,教师版/转录题源内附答案与详解，E3/source material only；正式同卷评分细则未提供，不升格E1。
BJ-2023-FT-YIMO-Q20,BJ-2023-FT-YIMO,20,Sd68e0801a751,2023模拟题/2023各区模拟题(1)/各区一模/丰台.docx,参考答案,参考答案,已匹配参考答案,仅有参考答案,,,教师版/转录题源内附答案与详解，E3/source material only；正式同卷评分细则未提供，不升格E1。
BJ-2023-FT-YIMO-Q21,BJ-2023-FT-YIMO,21,Sd68e0801a751,2023模拟题/2023各区模拟题(1)/各区一模/丰台.docx,参考答案,参考答案,已匹配参考答案,仅有参考答案,,,教师版/转录题源内附答案与详解，E3/source material only；正式同卷评分细则未提供，不升格E1。
BJ-2023-FT-YIMO-Q22,BJ-2023-FT-YIMO,22,Sd68e0801a751,2023模拟题/2023各区模拟题(1)/各区一模/丰台.docx,参考答案,参考答案,已匹配参考答案,仅有参考答案,,,教师版/转录题源内附答案与详解，E3/source material only；正式同卷评分细则未提供，不升格E1。
BJ-2024-SY-ERMO-Q1,BJ-2024-SY-ERMO,1,Sf986728ea555,2024模拟题/顺义思政二模/细则/细则.docx,参考答案,参考答案,已匹配参考答案,仅有参考答案,,,原载体正文为全卷独立参考答案；本题答案可在完整E3转写定位；非正式E1采分细则
BJ-2024-SY-ERMO-Q2,BJ-2024-SY-ERMO,2,Sf986728ea555,2024模拟题/顺义思政二模/细则/细则.docx,参考答案,参考答案,已匹配参考答案,仅有参考答案,,,原载体正文为全卷独立参考答案；本题答案可在完整E3转写定位；非正式E1采分细则
BJ-2024-SY-ERMO-Q3,BJ-2024-SY-ERMO,3,Sf986728ea555,2024模拟题/顺义思政二模/细则/细则.docx,参考答案,参考答案,已匹配参考答案,仅有参考答案,,,原载体正文为全卷独立参考答案；本题答案可在完整E3转写定位；非正式E1采分细则
BJ-2024-SY-ERMO-Q4,BJ-2024-SY-ERMO,4,Sf986728ea555,2024模拟题/顺义思政二模/细则/细则.docx,参考答案,参考答案,已匹配参考答案,仅有参考答案,,,原载体正文为全卷独立参考答案；本题答案可在完整E3转写定位；非正式E1采分细则
BJ-2024-SY-ERMO-Q5,BJ-2024-SY-ERMO,5,Sf986728ea555,2024模拟题/顺义思政二模/细则/细则.docx,参考答案,参考答案,已匹配参考答案,仅有参考答案,,,原载体正文为全卷独立参考答案；本题答案可在完整E3转写定位；非正式E1采分细则
BJ-2024-SY-ERMO-Q6,BJ-2024-SY-ERMO,6,Sf986728ea555,2024模拟题/顺义思政二模/细则/细则.docx,参考答案,参考答案,已匹配参考答案,仅有参考答案,,,原载体正文为全卷独立参考答案；本题答案可在完整E3转写定位；非正式E1采分细则
BJ-2024-SY-ERMO-Q7,BJ-2024-SY-ERMO,7,Sf986728ea555,2024模拟题/顺义思政二模/细则/细则.docx,参考答案,参考答案,已匹配参考答案,仅有参考答案,,,原载体正文为全卷独立参考答案；本题答案可在完整E3转写定位；非正式E1采分细则
BJ-2024-SY-ERMO-Q8,BJ-2024-SY-ERMO,8,Sf986728ea555,2024模拟题/顺义思政二模/细则/细则.docx,参考答案,参考答案,已匹配参考答案,仅有参考答案,,,原载体正文为全卷独立参考答案；本题答案可在完整E3转写定位；非正式E1采分细则
BJ-2024-SY-ERMO-Q9,BJ-2024-SY-ERMO,9,Sf986728ea555,2024模拟题/顺义思政二模/细则/细则.docx,参考答案,参考答案,已匹配参考答案,仅有参考答案,,,原载体正文为全卷独立参考答案；本题答案可在完整E3转写定位；非正式E1采分细则
BJ-2024-SY-ERMO-Q10,BJ-2024-SY-ERMO,10,Sf986728ea555,2024模拟题/顺义思政二模/细则/细则.docx,参考答案,参考答案,已匹配参考答案,仅有参考答案,,,原载体正文为全卷独立参考答案；本题答案可在完整E3转写定位；非正式E1采分细则
BJ-2024-SY-ERMO-Q11,BJ-2024-SY-ERMO,11,Sf986728ea555,2024模拟题/顺义思政二模/细则/细则.docx,参考答案,参考答案,已匹配参考答案,仅有参考答案,,,原载体正文为全卷独立参考答案；本题答案可在完整E3转写定位；非正式E1采分细则
BJ-2024-SY-ERMO-Q12,BJ-2024-SY-ERMO,12,Sf986728ea555,2024模拟题/顺义思政二模/细则/细则.docx,参考答案,参考答案,已匹配参考答案,仅有参考答案,,,原载体正文为全卷独立参考答案；本题答案可在完整E3转写定位；非正式E1采分细则
BJ-2024-SY-ERMO-Q13,BJ-2024-SY-ERMO,13,Sf986728ea555,2024模拟题/顺义思政二模/细则/细则.docx,参考答案,参考答案,已匹配参考答案,仅有参考答案,,,原载体正文为全卷独立参考答案；本题答案可在完整E3转写定位；非正式E1采分细则
BJ-2024-SY-ERMO-Q14,BJ-2024-SY-ERMO,14,Sf986728ea555,2024模拟题/顺义思政二模/细则/细则.docx,参考答案,参考答案,已匹配参考答案,仅有参考答案,,,原载体正文为全卷独立参考答案；本题答案可在完整E3转写定位；非正式E1采分细则
BJ-2024-SY-ERMO-Q15,BJ-2024-SY-ERMO,15,Sf986728ea555,2024模拟题/顺义思政二模/细则/细则.docx,参考答案,参考答案,已匹配参考答案,仅有参考答案,,,原载体正文为全卷独立参考答案；本题答案可在完整E3转写定位；非正式E1采分细则
BJ-2024-SY-ERMO-Q16,BJ-2024-SY-ERMO,16,Sf986728ea555,2024模拟题/顺义思政二模/细则/细则.docx,参考答案,参考答案,已匹配参考答案,仅有参考答案,,,原载体正文为全卷独立参考答案；本题答案可在完整E3转写定位；非正式E1采分细则
BJ-2024-SY-ERMO-Q17,BJ-2024-SY-ERMO,17,Sf986728ea555,2024模拟题/顺义思政二模/细则/细则.docx,参考答案,参考答案,已匹配参考答案,仅有参考答案,,,原载体正文为全卷独立参考答案；本题答案可在完整E3转写定位；非正式E1采分细则
BJ-2024-SY-ERMO-Q18,BJ-2024-SY-ERMO,18,Sf986728ea555,2024模拟题/顺义思政二模/细则/细则.docx,参考答案,参考答案,已匹配参考答案,仅有参考答案,,,原载体正文为全卷独立参考答案；本题答案可在完整E3转写定位；非正式E1采分细则
BJ-2024-SY-ERMO-Q19,BJ-2024-SY-ERMO,19,Sf986728ea555,2024模拟题/顺义思政二模/细则/细则.docx,参考答案,参考答案,已匹配参考答案,仅有参考答案,,,原载体正文为全卷独立参考答案；本题答案可在完整E3转写定位；非正式E1采分细则
BJ-2024-SY-ERMO-Q20,BJ-2024-SY-ERMO,20,Sf986728ea555,2024模拟题/顺义思政二模/细则/细则.docx,参考答案,参考答案,已匹配参考答案,仅有参考答案,,,原载体正文为全卷独立参考答案；本题答案可在完整E3转写定位；非正式E1采分细则
