source_id,rel_path,original_path,format,size,sha256,top_dir,in_scope,exclude_reason,alias_count,alias_paths,pages,pages_source,read_status,process_status,output_path
S55473ddd97c8,2023模拟题/2023各区模拟题(1)/各区一模/东城/2023.3高三政治一模统阅-题组长（细则讨论）.pptx,/Users/wanglifei/Desktop/gpt和claude共同的小窝/00_共同资料/原材料/2023模拟题/2023各区模拟题(1)/各区一模/东城/2023.3高三政治一模统阅-题组长（细则讨论）.pptx,pptx,3594272,55473ddd97c8d739d5b5304ed95bfa140aee68802a12f724ae7fcadc8536b035,2023模拟题,Y,,1,/Users/wanglifei/Desktop/2023模拟题/2023各区模拟题(1)/各区一模/东城/2023.3高三政治一模统阅-题组长（细则讨论）.pptx,13,python-pptx len(slides),pending,pending,
Sc90c72fbae63,2023模拟题/2023各区模拟题(1)/各区一模/东城/北京市东城区2022-2023学年度第二学期高三综合练习（一）思想政治答案.pdf,/Users/wanglifei/Desktop/gpt和claude共同的小窝/00_共同资料/原材料/2023模拟题/2023各区模拟题(1)/各区一模/东城/北京市东城区2022-2023学年度第二学期高三综合练习（一）思想政治答案.pdf,pdf,3014454,c90c72fbae63c77768f01981a7f34448556c9428ddb7864eb5ef9fe3ba5d6244,2023模拟题,Y,,1,/Users/wanglifei/Desktop/2023模拟题/2023各区模拟题(1)/各区一模/东城/北京市东城区2022-2023学年度第二学期高三综合练习（一）思想政治答案.pdf,1,pdfinfo,pending,pending,
Sd71f294a3eff,2023模拟题/2023各区模拟题(1)/各区一模/东城/北京市东城区2022-2023学年度第二学期高三综合练习（一）思想政治试卷.pdf,/Users/wanglifei/Desktop/gpt和claude共同的小窝/00_共同资料/原材料/2023模拟题/2023各区模拟题(1)/各区一模/东城/北京市东城区2022-2023学年度第二学期高三综合练习（一）思想政治试卷.pdf,pdf,24287998,d71f294a3effe6e6e8f16d516cdfccdf8e932eb3e982c54fb3f2dee3f6d88a90,2023模拟题,Y,,1,/Users/wanglifei/Desktop/2023模拟题/2023各区模拟题(1)/各区一模/东城/北京市东城区2022-2023学年度第二学期高三综合练习（一）思想政治试卷.pdf,12,pdfinfo,pending,pending,
Sd68e0801a751,2023模拟题/2023各区模拟题(1)/各区一模/丰台.docx,/Users/wanglifei/Desktop/gpt和claude共同的小窝/00_共同资料/原材料/2023模拟题/2023各区模拟题(1)/各区一模/丰台.docx,docx,290159,d68e0801a751dc44f64f0caf1a74e5240de83df23521175aff46cdff1ae8e657,2023模拟题,Y,,1,/Users/wanglifei/Desktop/2023模拟题/2023各区模拟题(1)/各区一模/丰台.docx,unknown,docx 无固定页数；实测 段落302 表格6,read,partial,questions/BJ-2023-FT-YIMO (Q1-Q15 teacher-version staging)
S037fd592575b,2023模拟题/2023各区模拟题(1)/各区一模/朝阳/2023-3-朝阳一模高三政治答案.pdf,/Users/wanglifei/Desktop/gpt和claude共同的小窝/00_共同资料/原材料/2023模拟题/2023各区模拟题(1)/各区一模/朝阳/2023-3-朝阳一模高三政治答案.pdf,pdf,235809,037fd592575b6c201c614b3ff8b07b7d5fceee003d91874e2d256c6569f4520e,2023模拟题,Y,,1,/Users/wanglifei/Desktop/2023模拟题/2023各区模拟题(1)/各区一模/朝阳/2023-3-朝阳一模高三政治答案.pdf,2,pdfinfo,pending,pending,
S878f984441fc,2023模拟题/2023各区模拟题(1)/各区一模/朝阳/2023-3-朝阳一模高三政治试题.pdf,/Users/wanglifei/Desktop/gpt和claude共同的小窝/00_共同资料/原材料/2023模拟题/2023各区模拟题(1)/各区一模/朝阳/2023-3-朝阳一模高三政治试题.pdf,pdf,664888,878f984441fced9cd57f1ceea72a8d4849104f7da24d3230dc57333a22e1f67b,2023模拟题,Y,,1,/Users/wanglifei/Desktop/2023模拟题/2023各区模拟题(1)/各区一模/朝阳/2023-3-朝阳一模高三政治试题.pdf,8,pdfinfo,pending,pending,
Sb740cc856b44,2023模拟题/2023各区模拟题(1)/各区一模/海淀/2022-2023年第二学期高三政治期中试题(3).pdf,/Users/wanglifei/Desktop/gpt和claude共同的小窝/00_共同资料/原材料/2023模拟题/2023各区模拟题(1)/各区一模/海淀/2022-2023年第二学期高三政治期中试题(3).pdf,pdf,733074,b740cc856b44f3ba1ab8f837234294412b1af5f9ddf864b0bb91673127441fe5,2023模拟题,Y,,1,/Users/wanglifei/Desktop/2023模拟题/2023各区模拟题(1)/各区一模/海淀/2022-2023年第二学期高三政治期中试题(3).pdf,8,pdfinfo,pending,pending,
S1e63c7437c16,2023模拟题/2023各区模拟题(1)/各区一模/海淀/海淀区2022-2023学年第二学期期练中习高三思想政治参考答案(4).pdf,/Users/wanglifei/Desktop/gpt和claude共同的小窝/00_共同资料/原材料/2023模拟题/2023各区模拟题(1)/各区一模/海淀/海淀区2022-2023学年第二学期期练中习高三思想政治参考答案(4).pdf,pdf,230665,1e63c7437c16baad58aef1a598197372ecde6656e8add458490ddcb5db93e644,2023模拟题,Y,,1,/Users/wanglifei/Desktop/2023模拟题/2023各区模拟题(1)/各区一模/海淀/海淀区2022-2023学年第二学期期练中习高三思想政治参考答案(4).pdf,3,pdfinfo,pending,pending,
S74dee7282b3f,2023模拟题/2023各区模拟题(1)/各区一模/海淀/细则(2).pdf,/Users/wanglifei/Desktop/gpt和claude共同的小窝/00_共同资料/原材料/2023模拟题/2023各区模拟题(1)/各区一模/海淀/细则(2).pdf,pdf,11908762,74dee7282b3f832fdae51a79fc0f18dc7cd7b62678ac6648dbfb2671dddb2254,2023模拟题,Y,,1,/Users/wanglifei/Desktop/2023模拟题/2023各区模拟题(1)/各区一模/海淀/细则(2).pdf,49,pdfinfo,pending,pending,
S86c2eb361038,2023模拟题/2023各区模拟题(1)/各区一模/西城/西城-高三政治一模答案.docx,/Users/wanglifei/Desktop/gpt和claude共同的小窝/00_共同资料/原材料/2023模拟题/2023各区模拟题(1)/各区一模/西城/西城-高三政治一模答案.docx,docx,44754,86c2eb361038092a7e4e248a1c6adad080804236662f5bcbbc0a7a8ee690440a,2023模拟题,Y,,1,/Users/wanglifei/Desktop/2023模拟题/2023各区模拟题(1)/各区一模/西城/西城-高三政治一模答案.docx,unknown,docx 无固定页数；实测 段落25 表格2,pending,pending,
S848e2ed7e079,2023模拟题/2023各区模拟题(1)/各区一模/西城/西城-高三政治一模试卷.pdf,/Users/wanglifei/Desktop/gpt和claude共同的小窝/00_共同资料/原材料/2023模拟题/2023各区模拟题(1)/各区一模/西城/西城-高三政治一模试卷.pdf,pdf,1152829,848e2ed7e0796f77f2a7a0665b17adb8e993971096b537fc112736f8c748dbb1,2023模拟题,Y,,1,/Users/wanglifei/Desktop/2023模拟题/2023各区模拟题(1)/各区一模/西城/西城-高三政治一模试卷.pdf,9,pdfinfo,pending,pending,
S9140266498fe,2023模拟题/2023各区模拟题(1)/各区一模/西城/西城细则-高三政治一模3-30(1).docx,/Users/wanglifei/Desktop/gpt和claude共同的小窝/00_共同资料/原材料/2023模拟题/2023各区模拟题(1)/各区一模/西城/西城细则-高三政治一模3-30(1).docx,docx,1645698,9140266498fe2dda101113edab8bf791de20d35206abaa6b85469a55ff7aeb92,2023模拟题,Y,,1,/Users/wanglifei/Desktop/2023模拟题/2023各区模拟题(1)/各区一模/西城/西城细则-高三政治一模3-30(1).docx,unknown,docx 无固定页数；实测 段落119 表格0,pending,pending,
S184eb642c0ab,2023模拟题/2023各区模拟题(1)/各区二模/√东城/东城区2023年度三综合练习（二）思想政治答案.pdf,/Users/wanglifei/Desktop/gpt和claude共同的小窝/00_共同资料/原材料/2023模拟题/2023各区模拟题(1)/各区二模/√东城/东城区2023年度三综合练习（二）思想政治答案.pdf,pdf,2353309,184eb642c0ab57d5a8183c4f1c81a44c89e070180dea4d73efa90e1e6a6b116e,2023模拟题,Y,,1,/Users/wanglifei/Desktop/2023模拟题/2023各区模拟题(1)/各区二模/√东城/东城区2023年度三综合练习（二）思想政治答案.pdf,1,pdfinfo,pending,pending,
Sc8fc293be186,2023模拟题/2023各区模拟题(1)/各区二模/√东城/东城区2023年度高三综合练习（二）思想政治试卷.pdf,/Users/wanglifei/Desktop/gpt和claude共同的小窝/00_共同资料/原材料/2023模拟题/2023各区模拟题(1)/各区二模/√东城/东城区2023年度高三综合练习（二）思想政治试卷.pdf,pdf,20393543,c8fc293be18639423ddeb5ac4eb6131e63635c33462792915633d5ffc7abcd52,2023模拟题,Y,,1,/Users/wanglifei/Desktop/2023模拟题/2023各区模拟题(1)/各区二模/√东城/东城区2023年度高三综合练习（二）思想政治试卷.pdf,12,pdfinfo,pending,pending,
Sd92728609289,2023模拟题/2023各区模拟题(1)/各区二模/√丰台/丰台高三政治练习二试卷.pdf,/Users/wanglifei/Desktop/gpt和claude共同的小窝/00_共同资料/原材料/2023模拟题/2023各区模拟题(1)/各区二模/√丰台/丰台高三政治练习二试卷.pdf,pdf,1793973,d9272860928903ecbea4e56d5c3779e3fdfbaff8764b37f66dcf3732dc4bdf26,2023模拟题,Y,,1,/Users/wanglifei/Desktop/2023模拟题/2023各区模拟题(1)/各区二模/√丰台/丰台高三政治练习二试卷.pdf,10,pdfinfo,pending,pending,
Saccdd9d42a77,2023模拟题/2023各区模拟题(1)/各区二模/√丰台/丰台高三政治练习二（答案）.pdf,/Users/wanglifei/Desktop/gpt和claude共同的小窝/00_共同资料/原材料/2023模拟题/2023各区模拟题(1)/各区二模/√丰台/丰台高三政治练习二（答案）.pdf,pdf,183678,accdd9d42a770f7051e40186931a172089f04e8ba38198f321aeeade9fb3c032,2023模拟题,Y,,1,/Users/wanglifei/Desktop/2023模拟题/2023各区模拟题(1)/各区二模/√丰台/丰台高三政治练习二（答案）.pdf,2,pdfinfo,pending,pending,
S96315fb88e87,2023模拟题/2023各区模拟题(1)/各区二模/√朝阳/202305朝阳高三2模政治答案.pdf,/Users/wanglifei/Desktop/gpt和claude共同的小窝/00_共同资料/原材料/2023模拟题/2023各区模拟题(1)/各区二模/√朝阳/202305朝阳高三2模政治答案.pdf,pdf,212309,96315fb88e871f809076eafbc49b31e7990c9f9f3f5aaecb369b71fb103ac78a,2023模拟题,Y,,1,/Users/wanglifei/Desktop/2023模拟题/2023各区模拟题(1)/各区二模/√朝阳/202305朝阳高三2模政治答案.pdf,2,pdfinfo,pending,pending,
S38162016129f,2023模拟题/2023各区模拟题(1)/各区二模/√朝阳/202305朝阳高三2模政治试题.pdf,/Users/wanglifei/Desktop/gpt和claude共同的小窝/00_共同资料/原材料/2023模拟题/2023各区模拟题(1)/各区二模/√朝阳/202305朝阳高三2模政治试题.pdf,pdf,743076,38162016129f3b1b99cf297f7aa2f7801a5a039a273925b15770ac484c5e46b3,2023模拟题,Y,,1,/Users/wanglifei/Desktop/2023模拟题/2023各区模拟题(1)/各区二模/√朝阳/202305朝阳高三2模政治试题.pdf,7,pdfinfo,pending,pending,
Scd8eee06ecf3,2023模拟题/2023各区模拟题(1)/各区二模/√海淀/海淀二模 细则(1).pptx,/Users/wanglifei/Desktop/gpt和claude共同的小窝/00_共同资料/原材料/2023模拟题/2023各区模拟题(1)/各区二模/√海淀/海淀二模 细则(1).pptx,pptx,11575858,cd8eee06ecf32b27b7cf61b9fd6f3f4cd482d2f27747a4ed6bdf2f8dfe91dee7,2023模拟题,Y,,1,/Users/wanglifei/Desktop/2023模拟题/2023各区模拟题(1)/各区二模/√海淀/海淀二模 细则(1).pptx,43,python-pptx len(slides),pending,pending,
Sdf79f0c4f74e,2023模拟题/2023各区模拟题(1)/各区二模/√海淀/海淀区2022-2023学年第二学期期末练习高三思想政治(1).pdf,/Users/wanglifei/Desktop/gpt和claude共同的小窝/00_共同资料/原材料/2023模拟题/2023各区模拟题(1)/各区二模/√海淀/海淀区2022-2023学年第二学期期末练习高三思想政治(1).pdf,pdf,785501,df79f0c4f74e6d72154821d4af8693dfae67894f1976b121137727211ae132c3,2023模拟题,Y,,1,/Users/wanglifei/Desktop/2023模拟题/2023各区模拟题(1)/各区二模/√海淀/海淀区2022-2023学年第二学期期末练习高三思想政治(1).pdf,8,pdfinfo,pending,pending,
S0a294f8799f7,2023模拟题/2023各区模拟题(1)/各区二模/√海淀/海淀区2022-2023学年第二学期期末练习高三思想政治参考答案 (2)(1).doc,/Users/wanglifei/Desktop/gpt和claude共同的小窝/00_共同资料/原材料/2023模拟题/2023各区模拟题(1)/各区二模/√海淀/海淀区2022-2023学年第二学期期末练习高三思想政治参考答案 (2)(1).doc,doc,52224,0a294f8799f75285c76c54d15ae0a3bf4bbf21716c74f7ae2885f8a37c6384ce,2023模拟题,Y,,1,/Users/wanglifei/Desktop/2023模拟题/2023各区模拟题(1)/各区二模/√海淀/海淀区2022-2023学年第二学期期末练习高三思想政治参考答案 (2)(1).doc,unknown,.doc 旧格式未转换，页数待 soffice 转换后取得,pending,pending,
Sb42be5c9eb5e,2023模拟题/2023各区模拟题(1)/各区二模/√西城/细则-高三政治二模5-10(2).docx,/Users/wanglifei/Desktop/gpt和claude共同的小窝/00_共同资料/原材料/2023模拟题/2023各区模拟题(1)/各区二模/√西城/细则-高三政治二模5-10(2).docx,docx,50543,b42be5c9eb5ebde7da3dfd26fec44d4114b99cf380bb7b822ebb795ad1a355c2,2023模拟题,Y,,1,/Users/wanglifei/Desktop/2023模拟题/2023各区模拟题(1)/各区二模/√西城/细则-高三政治二模5-10(2).docx,unknown,docx 无固定页数；实测 段落76 表格1,pending,pending,
S9b1eec88807b,2023模拟题/2023各区模拟题(1)/各区二模/√西城/西城-高三政治二模答案-定(2).docx,/Users/wanglifei/Desktop/gpt和claude共同的小窝/00_共同资料/原材料/2023模拟题/2023各区模拟题(1)/各区二模/√西城/西城-高三政治二模答案-定(2).docx,docx,44876,9b1eec88807be1cfa9e56f1963288e0812e18bfd6546292971cdd83bf9d52035,2023模拟题,Y,,1,/Users/wanglifei/Desktop/2023模拟题/2023各区模拟题(1)/各区二模/√西城/西城-高三政治二模答案-定(2).docx,unknown,docx 无固定页数；实测 段落24 表格1,pending,pending,
Sed25ab572782,2023模拟题/2023各区模拟题(1)/各区二模/√西城/西城-高三政治二模试卷-定(2).docx,/Users/wanglifei/Desktop/gpt和claude共同的小窝/00_共同资料/原材料/2023模拟题/2023各区模拟题(1)/各区二模/√西城/西城-高三政治二模试卷-定(2).docx,docx,2921001,ed25ab5727829139938c2457dd1cc5e8491d0a85fb646d2e10000a9c6ff4c519,2023模拟题,Y,,1,/Users/wanglifei/Desktop/2023模拟题/2023各区模拟题(1)/各区二模/√西城/西城-高三政治二模试卷-定(2).docx,unknown,docx 无固定页数；实测 段落149 表格1,pending,pending,
S007642ce939e,2023模拟题/2023各区模拟题(1)/期末和期中/2023北京海淀高三（上）期中政治（教师版）.docx,/Users/wanglifei/Desktop/gpt和claude共同的小窝/00_共同资料/原材料/2023模拟题/2023各区模拟题(1)/期末和期中/2023北京海淀高三（上）期中政治（教师版）.docx,docx,911224,007642ce939e815204c9511d4bfcf909b65eb3cbb7d7a5f112fd2333509eb6e0,2023模拟题,Y,,1,/Users/wanglifei/Desktop/2023模拟题/2023各区模拟题(1)/期末和期中/2023北京海淀高三（上）期中政治（教师版）.docx,unknown,docx 无固定页数；实测 段落158 表格10,pending,pending,
Sfe51d8a7d585,2023模拟题/2023各区模拟题(1)/期末和期中/23海淀政治期中评标(1).pdf,/Users/wanglifei/Desktop/gpt和claude共同的小窝/00_共同资料/原材料/2023模拟题/2023各区模拟题(1)/期末和期中/23海淀政治期中评标(1).pdf,pdf,1387026,fe51d8a7d5854e5ef55ff82712e9b9089c0e4a83fd3e885ac97d3614e683cb04,2023模拟题,Y,,1,/Users/wanglifei/Desktop/2023模拟题/2023各区模拟题(1)/期末和期中/23海淀政治期中评标(1).pdf,4,pdfinfo,pending,pending,
S14501f7fbb96,2024模拟题/202404各区一模试题分类（按模块）/2024届各区一模试题分类汇编必修1.docx,/Users/wanglifei/Desktop/gpt和claude共同的小窝/00_共同资料/原材料/2024模拟题/202404各区一模试题分类（按模块）/2024届各区一模试题分类汇编必修1.docx,docx,568828,14501f7fbb96e038af1fe21b95440a26ed02eb944856cc9815ca1e5b867d6a90,2024模拟题,Y,,1,/Users/wanglifei/Desktop/2024模拟题/202404各区一模试题分类（按模块）/2024届各区一模试题分类汇编必修1.docx,unknown,docx 无固定页数；实测 段落75 表格6,pending,pending,
S3965bc306d35,2024模拟题/202404各区一模试题分类（按模块）/2024届各区一模试题分类汇编必修2 .docx,/Users/wanglifei/Desktop/gpt和claude共同的小窝/00_共同资料/原材料/2024模拟题/202404各区一模试题分类（按模块）/2024届各区一模试题分类汇编必修2 .docx,docx,1633889,3965bc306d35c89f6ed5fb4cecb7b71379c7f669fd63ab423ed0cfe9f9174b3b,2024模拟题,Y,,1,/Users/wanglifei/Desktop/2024模拟题/202404各区一模试题分类（按模块）/2024届各区一模试题分类汇编必修2 .docx,unknown,docx 无固定页数；实测 段落232 表格4,pending,pending,
Sb2adb9acbea5,2024模拟题/202404各区一模试题分类（按模块）/2024届各区一模试题分类汇编必修3.docx,/Users/wanglifei/Desktop/gpt和claude共同的小窝/00_共同资料/原材料/2024模拟题/202404各区一模试题分类（按模块）/2024届各区一模试题分类汇编必修3.docx,docx,366309,b2adb9acbea551522631e403a779ff7ac1afdd1e47127b987f5e13f4a6e2ae9d,2024模拟题,Y,,1,/Users/wanglifei/Desktop/2024模拟题/202404各区一模试题分类（按模块）/2024届各区一模试题分类汇编必修3.docx,unknown,docx 无固定页数；实测 段落233 表格4,pending,pending,
S3423b62eb032,2024模拟题/202404各区一模试题分类（按模块）/2024届各区一模试题分类汇编必修4.docx,/Users/wanglifei/Desktop/gpt和claude共同的小窝/00_共同资料/原材料/2024模拟题/202404各区一模试题分类（按模块）/2024届各区一模试题分类汇编必修4.docx,docx,1517404,3423b62eb032b5df1dd18b865bb05d7b34056cae623407b593e36d437bf4b510,2024模拟题,Y,,1,/Users/wanglifei/Desktop/2024模拟题/202404各区一模试题分类（按模块）/2024届各区一模试题分类汇编必修4.docx,unknown,docx 无固定页数；实测 段落209 表格8,pending,pending,
S0f4414a153ba,2024模拟题/202404各区一模试题分类（按模块）/2024届各区一模试题分类汇编选必1.docx,/Users/wanglifei/Desktop/gpt和claude共同的小窝/00_共同资料/原材料/2024模拟题/202404各区一模试题分类（按模块）/2024届各区一模试题分类汇编选必1.docx,docx,1940457,0f4414a153ba94c0b74d4eb708a13665083b340508ddbc103ff4d9f775620f1d,2024模拟题,Y,,1,/Users/wanglifei/Desktop/2024模拟题/202404各区一模试题分类（按模块）/2024届各区一模试题分类汇编选必1.docx,unknown,docx 无固定页数；实测 段落242 表格4,pending,pending,
Sc22ac0d594c5,2024模拟题/202404各区一模试题分类（按模块）/2024届各区一模试题分类汇编选必2.docx,/Users/wanglifei/Desktop/gpt和claude共同的小窝/00_共同资料/原材料/2024模拟题/202404各区一模试题分类（按模块）/2024届各区一模试题分类汇编选必2.docx,docx,779706,c22ac0d594c5a7bb0cbb23196f15e2e7fbcfdbbf89dcc221ce9cc83c235269e1,2024模拟题,Y,,1,/Users/wanglifei/Desktop/2024模拟题/202404各区一模试题分类（按模块）/2024届各区一模试题分类汇编选必2.docx,unknown,docx 无固定页数；实测 段落257 表格1,pending,pending,
S4b25cddd4dc2,2024模拟题/202404各区一模试题分类（按模块）/2024届各区一模试题分类汇编选必3.doc,/Users/wanglifei/Desktop/gpt和claude共同的小窝/00_共同资料/原材料/2024模拟题/202404各区一模试题分类（按模块）/2024届各区一模试题分类汇编选必3.doc,doc,674304,4b25cddd4dc2992de1001f813db329ed483a2c3c3c8d5197bb13f59e61b5218f,2024模拟题,Y,,1,/Users/wanglifei/Desktop/2024模拟题/202404各区一模试题分类（按模块）/2024届各区一模试题分类汇编选必3.doc,unknown,.doc 旧格式未转换，页数待 soffice 转换后取得,pending,pending,
S4b2073bcc9e2,2024模拟题/2024东城一模/细则/细则.pptx,/Users/wanglifei/Desktop/gpt和claude共同的小窝/00_共同资料/原材料/2024模拟题/2024东城一模/细则/细则.pptx,pptx,18611296,4b2073bcc9e26f626b49b66dd6e0c64ec93650292d50719806830d7aea9fa3ce,2024模拟题,Y,,1,/Users/wanglifei/Desktop/2024模拟题/2024东城一模/细则/细则.pptx,74,python-pptx len(slides),pending,pending,
S7b4eece29632,2024模拟题/2024东城一模/细则/补充材料/北京市东城区2023-2024学年度第二学期高三综合练习（一）思想政治答案(1).pdf,/Users/wanglifei/Desktop/gpt和claude共同的小窝/00_共同资料/原材料/2024模拟题/2024东城一模/细则/补充材料/北京市东城区2023-2024学年度第二学期高三综合练习（一）思想政治答案(1).pdf,pdf,2611809,7b4eece2963205d8ac02ef13063307a3dad70cf6542b6169f3ed34276f16e115,2024模拟题,Y,,1,/Users/wanglifei/Desktop/2024模拟题/2024东城一模/细则/补充材料/北京市东城区2023-2024学年度第二学期高三综合练习（一）思想政治答案(1).pdf,1,pdfinfo,pending,pending,
S74cdfac92537,2024模拟题/2024东城一模/试卷/试卷.pdf,/Users/wanglifei/Desktop/gpt和claude共同的小窝/00_共同资料/原材料/2024模拟题/2024东城一模/试卷/试卷.pdf,pdf,12078779,74cdfac9253763bf12c9443d036ebbeab12693ba7015a2f335d19ccfcab6d96b,2024模拟题,Y,,1,/Users/wanglifei/Desktop/2024模拟题/2024东城一模/试卷/试卷.pdf,12,pdfinfo,pending,pending,
Sd64506799887,2024模拟题/2024朝阳一模/其他材料/202404朝阳高三政治一模试卷讲评.pptx,/Users/wanglifei/Desktop/gpt和claude共同的小窝/00_共同资料/原材料/2024模拟题/2024朝阳一模/其他材料/202404朝阳高三政治一模试卷讲评.pptx,pptx,7699972,d64506799887753ee409ebc7e63cf977de6843f62f7ebb327b6cca74477a8272,2024模拟题,Y,,3,/Users/wanglifei/Desktop/gpt和claude共同的小窝/00_共同资料/原材料/2024模拟题/2024朝阳一模/细则/细则.pptx | /Users/wanglifei/Desktop/2024模拟题/2024朝阳一模/细则/细则.pptx | /Users/wanglifei/Desktop/2024模拟题/2024朝阳一模/其他材料/202404朝阳高三政治一模试卷讲评.pptx,50,python-pptx len(slides),pending,pending,
Sd64506799887,2024模拟题/2024朝阳一模/细则/细则.pptx,/Users/wanglifei/Desktop/gpt和claude共同的小窝/00_共同资料/原材料/2024模拟题/2024朝阳一模/细则/细则.pptx,pptx,7699972,d64506799887753ee409ebc7e63cf977de6843f62f7ebb327b6cca74477a8272,2024模拟题,Y,,3,/Users/wanglifei/Desktop/gpt和claude共同的小窝/00_共同资料/原材料/2024模拟题/2024朝阳一模/其他材料/202404朝阳高三政治一模试卷讲评.pptx | /Users/wanglifei/Desktop/2024模拟题/2024朝阳一模/细则/细则.pptx | /Users/wanglifei/Desktop/2024模拟题/2024朝阳一模/其他材料/202404朝阳高三政治一模试卷讲评.pptx,50,python-pptx len(slides),pending,pending,
Sf6013d54b52c,2024模拟题/2024朝阳一模/细则/补充材料/细则.docx,/Users/wanglifei/Desktop/gpt和claude共同的小窝/00_共同资料/原材料/2024模拟题/2024朝阳一模/细则/补充材料/细则.docx,docx,29215,f6013d54b52c02dcf40a2ff1f845c124598281324f98545a577914b901e7688c,2024模拟题,Y,,1,/Users/wanglifei/Desktop/2024模拟题/2024朝阳一模/细则/补充材料/细则.docx,unknown,docx 无固定页数；实测 段落40 表格4,pending,pending,
S25b655e73b74,2024模拟题/2024朝阳一模/试卷/试卷.pdf,/Users/wanglifei/Desktop/gpt和claude共同的小窝/00_共同资料/原材料/2024模拟题/2024朝阳一模/试卷/试卷.pdf,pdf,1324697,25b655e73b7424e7aa7bb467e71553461c8133b8e7e161e6d9de575176b949cc,2024模拟题,Y,,1,/Users/wanglifei/Desktop/2024模拟题/2024朝阳一模/试卷/试卷.pdf,8,pdfinfo,pending,pending,
S84218459671a,2024模拟题/2024朝阳二模/细则/细则.pdf,/Users/wanglifei/Desktop/gpt和claude共同的小窝/00_共同资料/原材料/2024模拟题/2024朝阳二模/细则/细则.pdf,pdf,558870,84218459671af8ac66324584cd608c778703ef44e2eda745694745b53e3de302,2024模拟题,Y,,1,/Users/wanglifei/Desktop/2024模拟题/2024朝阳二模/细则/细则.pdf,5,pdfinfo,pending,pending,
Sf7c4cc4ac52e,2024模拟题/2024朝阳二模/细则/补充材料/细则.docx,/Users/wanglifei/Desktop/gpt和claude共同的小窝/00_共同资料/原材料/2024模拟题/2024朝阳二模/细则/补充材料/细则.docx,docx,28300,f7c4cc4ac52ecefd124cb890fb4f0e117c7a9312d2f51a97d6e2d102e3ef4cf1,2024模拟题,Y,,1,/Users/wanglifei/Desktop/2024模拟题/2024朝阳二模/细则/补充材料/细则.docx,unknown,docx 无固定页数；实测 段落32 表格4,pending,pending,
S9223488a4b5e,2024模拟题/2024朝阳二模/试卷/试卷.pdf,/Users/wanglifei/Desktop/gpt和claude共同的小窝/00_共同资料/原材料/2024模拟题/2024朝阳二模/试卷/试卷.pdf,pdf,686177,9223488a4b5e6f80ad8c2b56a1eb09e4c2f5bfed13ce12ac2f0a2cccc7d46dce,2024模拟题,Y,,1,/Users/wanglifei/Desktop/2024模拟题/2024朝阳二模/试卷/试卷.pdf,8,pdfinfo,pending,pending,
S0f8ea3bbe262,2024模拟题/2024朝阳期中/细则/细则.docx,/Users/wanglifei/Desktop/gpt和claude共同的小窝/00_共同资料/原材料/2024模拟题/2024朝阳期中/细则/细则.docx,docx,29099,0f8ea3bbe2629d2f6b750e3d95a3505f2d664078ff4b03f2ca7845c70fb057d3,2024模拟题,Y,,1,/Users/wanglifei/Desktop/2024模拟题/2024朝阳期中/细则/细则.docx,unknown,docx 无固定页数；实测 段落205 表格1,pending,pending,
S92a268ce852f,2024模拟题/2024朝阳期中/细则/补充材料/2024.11期中政治朝阳评标2.docx,/Users/wanglifei/Desktop/gpt和claude共同的小窝/00_共同资料/原材料/2024模拟题/2024朝阳期中/细则/补充材料/2024.11期中政治朝阳评标2.docx,docx,121373,92a268ce852f69446644c8427066cccff0fd143bdc9ff70a4d813f1c3b82d261,2024模拟题,Y,,1,/Users/wanglifei/Desktop/2024模拟题/2024朝阳期中/细则/补充材料/2024.11期中政治朝阳评标2.docx,unknown,docx 无固定页数；实测 段落29 表格18,pending,pending,
S25b6e8c2207d,2024模拟题/2024朝阳期中/细则/补充材料/细则.rtf,/Users/wanglifei/Desktop/gpt和claude共同的小窝/00_共同资料/原材料/2024模拟题/2024朝阳期中/细则/补充材料/细则.rtf,rtf,186917,25b6e8c2207d9d9e689462af90fff5aee07606916f238c2981ab54a83291a557,2024模拟题,Y,,1,/Users/wanglifei/Desktop/2024模拟题/2024朝阳期中/细则/补充材料/细则.rtf,unknown,格式 .rtf 未实现页数探针,pending,pending,
S0a50f76fd1e1,2024模拟题/2024朝阳期中/试卷/补充材料/202411朝阳高三政治 期中1试题(1).pdf,/Users/wanglifei/Desktop/gpt和claude共同的小窝/00_共同资料/原材料/2024模拟题/2024朝阳期中/试卷/补充材料/202411朝阳高三政治 期中1试题(1).pdf,pdf,532797,0a50f76fd1e1c50fc92b340a7d9f874bab34cd33def4aae1c4bb4ad9681a405e,2024模拟题,Y,,3,/Users/wanglifei/Desktop/gpt和claude共同的小窝/00_共同资料/原材料/2024模拟题/2024朝阳期中/试卷/试卷.pdf | /Users/wanglifei/Desktop/2024模拟题/2024朝阳期中/试卷/试卷.pdf | /Users/wanglifei/Desktop/2024模拟题/2024朝阳期中/试卷/补充材料/202411朝阳高三政治 期中1试题(1).pdf,8,pdfinfo,pending,pending,
S0a50f76fd1e1,2024模拟题/2024朝阳期中/试卷/试卷.pdf,/Users/wanglifei/Desktop/gpt和claude共同的小窝/00_共同资料/原材料/2024模拟题/2024朝阳期中/试卷/试卷.pdf,pdf,532797,0a50f76fd1e1c50fc92b340a7d9f874bab34cd33def4aae1c4bb4ad9681a405e,2024模拟题,Y,,3,/Users/wanglifei/Desktop/gpt和claude共同的小窝/00_共同资料/原材料/2024模拟题/2024朝阳期中/试卷/补充材料/202411朝阳高三政治 期中1试题(1).pdf | /Users/wanglifei/Desktop/2024模拟题/2024朝阳期中/试卷/试卷.pdf | /Users/wanglifei/Desktop/2024模拟题/2024朝阳期中/试卷/补充材料/202411朝阳高三政治 期中1试题(1).pdf,8,pdfinfo,pending,pending,
Sb692254ceb1b,2024模拟题/2024海淀一模/细则/细则.docx,/Users/wanglifei/Desktop/gpt和claude共同的小窝/00_共同资料/原材料/2024模拟题/2024海淀一模/细则/细则.docx,docx,67046,b692254ceb1b81747ef1b03d5e5f42daeb261dab7b8951bcbb992980e56ad378,2024模拟题,Y,,1,/Users/wanglifei/Desktop/2024模拟题/2024海淀一模/细则/细则.docx,unknown,docx 无固定页数；实测 段落69 表格4,pending,pending,
S98d1d762f302,2024模拟题/2024海淀一模/细则/补充材料/一模政治-答案.docx,/Users/wanglifei/Desktop/gpt和claude共同的小窝/00_共同资料/原材料/2024模拟题/2024海淀一模/细则/补充材料/一模政治-答案.docx,docx,22184,98d1d762f302004f8166a9f61d972313912724efef27025c64f909cc1b585c65,2024模拟题,Y,,1,/Users/wanglifei/Desktop/2024模拟题/2024海淀一模/细则/补充材料/一模政治-答案.docx,unknown,docx 无固定页数；实测 段落26 表格2,pending,pending,
S4bc0edec2a08,2024模拟题/2024海淀一模/试卷/试卷.pdf,/Users/wanglifei/Desktop/gpt和claude共同的小窝/00_共同资料/原材料/2024模拟题/2024海淀一模/试卷/试卷.pdf,pdf,658903,4bc0edec2a08a90ef83b813fd06a431d5ee7a1fc68cf77bd65b2c98d553d2eaa,2024模拟题,Y,,1,/Users/wanglifei/Desktop/2024模拟题/2024海淀一模/试卷/试卷.pdf,8,pdfinfo,pending,pending,
Sfee5258a9b73,2024模拟题/2024海淀期中/细则/细则.pdf,/Users/wanglifei/Desktop/gpt和claude共同的小窝/00_共同资料/原材料/2024模拟题/2024海淀期中/细则/细则.pdf,pdf,5808964,fee5258a9b7359d59a4bc6ed5cd3524d055ca156768bc04de81227f6397c3cee,2024模拟题,Y,,1,/Users/wanglifei/Desktop/2024模拟题/2024海淀期中/细则/细则.pdf,71,pdfinfo,pending,pending,
S16c75dff224a,2024模拟题/2024海淀期中/试卷/试卷.pdf,/Users/wanglifei/Desktop/gpt和claude共同的小窝/00_共同资料/原材料/2024模拟题/2024海淀期中/试卷/试卷.pdf,pdf,4988708,16c75dff224a222c0e7ba19eb0e6a147560e92549376e7859b830b2f1449f512,2024模拟题,Y,,1,/Users/wanglifei/Desktop/2024模拟题/2024海淀期中/试卷/试卷.pdf,8,pdfinfo,pending,pending,
S3fe06deac367,2024模拟题/东城二模/细则/分题细则/阅卷总结/16题/16题二模阅卷总结.docx,/Users/wanglifei/Desktop/gpt和claude共同的小窝/00_共同资料/原材料/2024模拟题/东城二模/细则/分题细则/阅卷总结/16题/16题二模阅卷总结.docx,docx,1030669,3fe06deac367805d39bc33669269116e42be7e0e03a8f09f14961f5b37532691,2024模拟题,Y,,1,/Users/wanglifei/Desktop/2024模拟题/东城二模/细则/分题细则/阅卷总结/16题/16题二模阅卷总结.docx,unknown,docx 无固定页数；实测 段落2 表格1,pending,pending,
S896b0f378cbd,2024模拟题/东城二模/细则/分题细则/阅卷总结/16题/16题评分细则.pptx,/Users/wanglifei/Desktop/gpt和claude共同的小窝/00_共同资料/原材料/2024模拟题/东城二模/细则/分题细则/阅卷总结/16题/16题评分细则.pptx,pptx,42333,896b0f378cbdeb1f970df2a3b24e3cd6fdcb261cfd3ad4cd94b167d6d0a98e08,2024模拟题,Y,,1,/Users/wanglifei/Desktop/2024模拟题/东城二模/细则/分题细则/阅卷总结/16题/16题评分细则.pptx,6,python-pptx len(slides),pending,pending,
S47c34e3af056,2024模拟题/东城二模/细则/分题细则/阅卷总结/17题/17(1).docx,/Users/wanglifei/Desktop/gpt和claude共同的小窝/00_共同资料/原材料/2024模拟题/东城二模/细则/分题细则/阅卷总结/17题/17(1).docx,docx,887638,47c34e3af056b334dd996f812b5d42727be3702de4feafbae10f229544f7bd08,2024模拟题,Y,,1,/Users/wanglifei/Desktop/2024模拟题/东城二模/细则/分题细则/阅卷总结/17题/17(1).docx,unknown,docx 无固定页数；实测 段落2 表格1,pending,pending,
S72fd64a3dddd,2024模拟题/东城二模/细则/分题细则/阅卷总结/17题/17-2.docx,/Users/wanglifei/Desktop/gpt和claude共同的小窝/00_共同资料/原材料/2024模拟题/东城二模/细则/分题细则/阅卷总结/17题/17-2.docx,docx,819612,72fd64a3dddd2c89bbd06e5e6328db85aeec5424a2831210e2a8e9bc114c1530,2024模拟题,Y,,1,/Users/wanglifei/Desktop/2024模拟题/东城二模/细则/分题细则/阅卷总结/17题/17-2.docx,unknown,docx 无固定页数；实测 段落2 表格1,pending,pending,
S4238b9f0bc92,2024模拟题/东城二模/细则/分题细则/阅卷总结/18题/18(1).docx,/Users/wanglifei/Desktop/gpt和claude共同的小窝/00_共同资料/原材料/2024模拟题/东城二模/细则/分题细则/阅卷总结/18题/18(1).docx,docx,1488308,4238b9f0bc92fe5b3f58323b74891534a8d8f75090bde8bdfbe250ad6eb8b270,2024模拟题,Y,,1,/Users/wanglifei/Desktop/2024模拟题/东城二模/细则/分题细则/阅卷总结/18题/18(1).docx,unknown,docx 无固定页数；实测 段落3 表格1,pending,pending,
S6c445538df98,2024模拟题/东城二模/细则/分题细则/阅卷总结/18题/18（2）.docx,/Users/wanglifei/Desktop/gpt和claude共同的小窝/00_共同资料/原材料/2024模拟题/东城二模/细则/分题细则/阅卷总结/18题/18（2）.docx,docx,1472682,6c445538df98876c8f6403311e9861f6eb6e197842299ee1eaa4b6e128e47774,2024模拟题,Y,,1,/Users/wanglifei/Desktop/2024模拟题/东城二模/细则/分题细则/阅卷总结/18题/18（2）.docx,unknown,docx 无固定页数；实测 段落2 表格1,pending,pending,
Sd682ecb2695e,2024模拟题/东城二模/细则/分题细则/阅卷总结/19题/19（1）.docx,/Users/wanglifei/Desktop/gpt和claude共同的小窝/00_共同资料/原材料/2024模拟题/东城二模/细则/分题细则/阅卷总结/19题/19（1）.docx,docx,1545984,d682ecb2695e5e33707dce0cdd1b130fe562eee0beb49bd6a6062cb1e8565394,2024模拟题,Y,,1,/Users/wanglifei/Desktop/2024模拟题/东城二模/细则/分题细则/阅卷总结/19题/19（1）.docx,unknown,docx 无固定页数；实测 段落2 表格1,pending,pending,
S5c18cbecb82d,2024模拟题/东城二模/细则/分题细则/阅卷总结/19题/19（2）.docx,/Users/wanglifei/Desktop/gpt和claude共同的小窝/00_共同资料/原材料/2024模拟题/东城二模/细则/分题细则/阅卷总结/19题/19（2）.docx,docx,20052,5c18cbecb82d97a6baea3a713f8752aa6b823aac2abaa987d8f4667a7dd3e6c8,2024模拟题,Y,,1,/Users/wanglifei/Desktop/2024模拟题/东城二模/细则/分题细则/阅卷总结/19题/19（2）.docx,unknown,docx 无固定页数；实测 段落2 表格1,pending,pending,
S4c98484a2246,2024模拟题/东城二模/细则/分题细则/阅卷总结/21题/20小题二模阅卷总结.docx,/Users/wanglifei/Desktop/gpt和claude共同的小窝/00_共同资料/原材料/2024模拟题/东城二模/细则/分题细则/阅卷总结/21题/20小题二模阅卷总结.docx,docx,941301,4c98484a2246ecdd9e1f7c2d58679a3fe54dbb2e95ea6d588c3220e6ea00bf13,2024模拟题,Y,,1,/Users/wanglifei/Desktop/2024模拟题/东城二模/细则/分题细则/阅卷总结/21题/20小题二模阅卷总结.docx,unknown,docx 无固定页数；实测 段落2 表格1,pending,pending,
S9019906692e8,2024模拟题/东城二模/细则/分题细则/阅卷总结/21题/21.docx,/Users/wanglifei/Desktop/gpt和claude共同的小窝/00_共同资料/原材料/2024模拟题/东城二模/细则/分题细则/阅卷总结/21题/21.docx,docx,840466,9019906692e8a1e9fc0c653ac39c94544d0e02c717790f7fad5e84f79b68cd11,2024模拟题,Y,,1,/Users/wanglifei/Desktop/2024模拟题/东城二模/细则/分题细则/阅卷总结/21题/21.docx,unknown,docx 无固定页数；实测 段落2 表格1,pending,pending,
Sbdc183dc9541,2024模拟题/东城二模/细则/分题细则/阅卷总结/21题/21题(1).pptx,/Users/wanglifei/Desktop/gpt和claude共同的小窝/00_共同资料/原材料/2024模拟题/东城二模/细则/分题细则/阅卷总结/21题/21题(1).pptx,pptx,1014166,bdc183dc9541edf3ec26e517b9b69ed5e59bc4ae2bb558bf66b766e5842e835d,2024模拟题,Y,,1,/Users/wanglifei/Desktop/2024模拟题/东城二模/细则/分题细则/阅卷总结/21题/21题(1).pptx,9,python-pptx len(slides),pending,pending,
S8db78abe18de,2024模拟题/东城二模/细则/补充材料/细则.pdf,/Users/wanglifei/Desktop/gpt和claude共同的小窝/00_共同资料/原材料/2024模拟题/东城二模/细则/补充材料/细则.pdf,pdf,3561061,8db78abe18de23092b76d0e9c9e32751026a31b07b1c3fad790b52daa3dbf842,2024模拟题,Y,,1,/Users/wanglifei/Desktop/2024模拟题/东城二模/细则/补充材料/细则.pdf,1,pdfinfo,pending,pending,
Sda9fdcae666d,2024模拟题/东城二模/试卷/试卷.pdf,/Users/wanglifei/Desktop/gpt和claude共同的小窝/00_共同资料/原材料/2024模拟题/东城二模/试卷/试卷.pdf,pdf,18119420,da9fdcae666d34128190db5418c8c6730e7f002442ec3953c614cc2f568ccb0f,2024模拟题,Y,,1,/Users/wanglifei/Desktop/2024模拟题/东城二模/试卷/试卷.pdf,12,pdfinfo,pending,pending,
S950d6b2d3cdd,2024模拟题/丰台一模/细则/细则.docx,/Users/wanglifei/Desktop/gpt和claude共同的小窝/00_共同资料/原材料/2024模拟题/丰台一模/细则/细则.docx,docx,24557,950d6b2d3cdda441625d9b2a0c2329d7ae34212d804c3fe005a66b23fb369a49,2024模拟题,Y,,1,/Users/wanglifei/Desktop/2024模拟题/丰台一模/细则/细则.docx,unknown,docx 无固定页数；实测 段落133 表格1,pending,pending,
S5f5486bfc3ba,2024模拟题/丰台一模/试卷/补充材料/2024北京丰台高三一模政治试题及答案.pdf,/Users/wanglifei/Desktop/gpt和claude共同的小窝/00_共同资料/原材料/2024模拟题/丰台一模/试卷/补充材料/2024北京丰台高三一模政治试题及答案.pdf,pdf,458340,5f5486bfc3baab2bc1a8e43b06b8aac6377e1402d4402e5d0bb90ad292755521,2024模拟题,Y,,1,/Users/wanglifei/Desktop/2024模拟题/丰台一模/试卷/补充材料/2024北京丰台高三一模政治试题及答案.pdf,9,pdfinfo,pending,pending,
S4800d0b858f0,2024模拟题/丰台一模/试卷/试卷.pdf,/Users/wanglifei/Desktop/gpt和claude共同的小窝/00_共同资料/原材料/2024模拟题/丰台一模/试卷/试卷.pdf,pdf,4148690,4800d0b858f0ede60439e12a5beb3bc2fc32754fa602054f5f6fd74ce4bb6bc4,2024模拟题,Y,,1,/Users/wanglifei/Desktop/2024模拟题/丰台一模/试卷/试卷.pdf,8,pdfinfo,pending,pending,
S71fcaa9e66af,2024模拟题/丰台二模/细则/细则.docx,/Users/wanglifei/Desktop/gpt和claude共同的小窝/00_共同资料/原材料/2024模拟题/丰台二模/细则/细则.docx,docx,58578,71fcaa9e66afc5db6c6622c198276a430335b4df2029694dba5100727f1652c6,2024模拟题,Y,,1,/Users/wanglifei/Desktop/2024模拟题/丰台二模/细则/细则.docx,unknown,docx 无固定页数；实测 段落111 表格0,pending,pending,
S57ddd500c48e,2024模拟题/丰台二模/试卷/试卷.pdf,/Users/wanglifei/Desktop/gpt和claude共同的小窝/00_共同资料/原材料/2024模拟题/丰台二模/试卷/试卷.pdf,pdf,10551122,57ddd500c48eeec9f821b74e2b9676696c1b1ea8f727fb39e33e2e46626f36fc,2024模拟题,Y,,1,/Users/wanglifei/Desktop/2024模拟题/丰台二模/试卷/试卷.pdf,8,pdfinfo,pending,pending,
Sbe4202246df3,2024模拟题/北京2024各区《经济与社会》考题-wlfwlf.docx,/Users/wanglifei/Desktop/gpt和claude共同的小窝/00_共同资料/原材料/2024模拟题/北京2024各区《经济与社会》考题-wlfwlf.docx,docx,3158520,be4202246df34b0cb4949bc07dece974ad1895cf9b729c3ef5ed838c9debad26,2024模拟题,Y,,1,/Users/wanglifei/Desktop/2024模拟题/北京2024各区《经济与社会》考题-wlfwlf.docx,unknown,docx 无固定页数；实测 段落431 表格2,pending,pending,
S9a3f865ff2f0,2024模拟题/北京及2024各区《经济与社会》考题-wlf.pdf,/Users/wanglifei/Desktop/gpt和claude共同的小窝/00_共同资料/原材料/2024模拟题/北京及2024各区《经济与社会》考题-wlf.pdf,pdf,2437451,9a3f865ff2f0fabe473781a26ada28a934a996b2268a5fb30a8f44803e6926a5,2024模拟题,Y,,1,/Users/wanglifei/Desktop/2024模拟题/北京及2024各区《经济与社会》考题-wlf.pdf,19,pdfinfo,pending,pending,
S227192d22e10,2024模拟题/海淀二模/细则/细则.docx,/Users/wanglifei/Desktop/gpt和claude共同的小窝/00_共同资料/原材料/2024模拟题/海淀二模/细则/细则.docx,docx,535443,227192d22e10241b73c445e7ab168c6f7317999c99d908aa84621a38b0b544e7,2024模拟题,Y,,1,/Users/wanglifei/Desktop/2024模拟题/海淀二模/细则/细则.docx,unknown,docx 无固定页数；实测 段落64 表格2,pending,pending,
S8f109fb09efc,2024模拟题/海淀二模/细则/补充材料/高三二模：政治答案(2).docx,/Users/wanglifei/Desktop/gpt和claude共同的小窝/00_共同资料/原材料/2024模拟题/海淀二模/细则/补充材料/高三二模：政治答案(2).docx,docx,22380,8f109fb09efc0c6ae1ffbad76a5ad99bf071a766b0e8c512247d468dc37fc6b3,2024模拟题,Y,,1,/Users/wanglifei/Desktop/2024模拟题/海淀二模/细则/补充材料/高三二模：政治答案(2).docx,unknown,docx 无固定页数；实测 段落27 表格2,pending,pending,
S13d454fdd813,2024模拟题/海淀二模/试卷/补充材料/高三二模：政治试题（以PDF为准）(1).docx,/Users/wanglifei/Desktop/gpt和claude共同的小窝/00_共同资料/原材料/2024模拟题/海淀二模/试卷/补充材料/高三二模：政治试题（以PDF为准）(1).docx,docx,253229,13d454fdd813a0391d5dae21dbec99376ac2068d752173587130d5f266037572,2024模拟题,Y,,1,/Users/wanglifei/Desktop/2024模拟题/海淀二模/试卷/补充材料/高三二模：政治试题（以PDF为准）(1).docx,unknown,docx 无固定页数；实测 段落159 表格3,pending,pending,
S5355283f436e,2024模拟题/海淀二模/试卷/试卷.pdf,/Users/wanglifei/Desktop/gpt和claude共同的小窝/00_共同资料/原材料/2024模拟题/海淀二模/试卷/试卷.pdf,pdf,513944,5355283f436e322953d1c6cb1f07663915a738594d8733a379aaf1109b31385c,2024模拟题,Y,,1,/Users/wanglifei/Desktop/2024模拟题/海淀二模/试卷/试卷.pdf,8,pdfinfo,pending,pending,
S935b8ea1e01b,2024模拟题/石景山一模/细则/细则.pptx,/Users/wanglifei/Desktop/gpt和claude共同的小窝/00_共同资料/原材料/2024模拟题/石景山一模/细则/细则.pptx,pptx,10536645,935b8ea1e01b3ba5839af0dcf7680952bcfce7b3d5f389c487f2d4c2b5581e83,2024模拟题,Y,,1,/Users/wanglifei/Desktop/2024模拟题/石景山一模/细则/细则.pptx,67,python-pptx len(slides),pending,pending,
Sf581620be44a,2024模拟题/石景山一模/试卷/试卷.docx,/Users/wanglifei/Desktop/gpt和claude共同的小窝/00_共同资料/原材料/2024模拟题/石景山一模/试卷/试卷.docx,docx,353125,f581620be44a4c2cae69e737697ee15d754603627ddd385dd6be1c207c5e43f6,2024模拟题,Y,,1,/Users/wanglifei/Desktop/2024模拟题/石景山一模/试卷/试卷.docx,unknown,docx 无固定页数；实测 段落205 表格5,pending,pending,
Sf7bcf000f212,2024模拟题/西城一模/细则/细则.docx,/Users/wanglifei/Desktop/gpt和claude共同的小窝/00_共同资料/原材料/2024模拟题/西城一模/细则/细则.docx,docx,48086,f7bcf000f212cc694cabd0e1acf8ba29e5aa99810d2d5d25e839024388f97271,2024模拟题,Y,,1,/Users/wanglifei/Desktop/2024模拟题/西城一模/细则/细则.docx,unknown,docx 无固定页数；实测 段落104 表格0,pending,pending,
S91e28443e7a1,2024模拟题/西城一模/细则/补充材料/2024.4高三统一测试思想政治答案.docx,/Users/wanglifei/Desktop/gpt和claude共同的小窝/00_共同资料/原材料/2024模拟题/西城一模/细则/补充材料/2024.4高三统一测试思想政治答案.docx,docx,42156,91e28443e7a1bb0e34bca296c1123a8f31b6e7ed15bdb682f73f9dd8f5a8a0a2,2024模拟题,Y,,1,/Users/wanglifei/Desktop/2024模拟题/西城一模/细则/补充材料/2024.4高三统一测试思想政治答案.docx,unknown,docx 无固定页数；实测 段落45 表格1,pending,pending,
S2aa2ee045f75,2024模拟题/西城一模/试卷/试卷.docx,/Users/wanglifei/Desktop/gpt和claude共同的小窝/00_共同资料/原材料/2024模拟题/西城一模/试卷/试卷.docx,docx,2046293,2aa2ee045f75ecd86ef7f244b034451ef8d587c96ea3805c41189bcb09b43e74,2024模拟题,Y,,1,/Users/wanglifei/Desktop/2024模拟题/西城一模/试卷/试卷.docx,unknown,docx 无固定页数；实测 段落208 表格1,pending,pending,
S0699487fb810,2024模拟题/西城二模/其他材料/西城东城二模选择题讲评.pdf,/Users/wanglifei/Desktop/gpt和claude共同的小窝/00_共同资料/原材料/2024模拟题/西城二模/其他材料/西城东城二模选择题讲评.pdf,pdf,1174827,0699487fb81048378f398686c741991c5716a610de8c25fb0da487e45cf9856b,2024模拟题,Y,,1,/Users/wanglifei/Desktop/2024模拟题/西城二模/其他材料/西城东城二模选择题讲评.pdf,11,pdfinfo,pending,pending,
S5253381d5b61,2024模拟题/西城二模/其他材料/西城东城二模选择题讲评.pptx,/Users/wanglifei/Desktop/gpt和claude共同的小窝/00_共同资料/原材料/2024模拟题/西城二模/其他材料/西城东城二模选择题讲评.pptx,pptx,3106616,5253381d5b61a9ecb068a7d70c91a358c07a3a368ba142ffc1bc20e44be07bfd,2024模拟题,Y,,1,/Users/wanglifei/Desktop/2024模拟题/西城二模/其他材料/西城东城二模选择题讲评.pptx,17,python-pptx len(slides),pending,pending,
Sf2e1772f20ed,2024模拟题/西城二模/细则/细则.docx,/Users/wanglifei/Desktop/gpt和claude共同的小窝/00_共同资料/原材料/2024模拟题/西城二模/细则/细则.docx,docx,50023,f2e1772f20ed20857c70e184b124244b55717f04354f46c8f6d2ec91206a2f50,2024模拟题,Y,,1,/Users/wanglifei/Desktop/2024模拟题/西城二模/细则/细则.docx,unknown,docx 无固定页数；实测 段落73 表格2,pending,pending,
S85ebe0578ce8,2024模拟题/西城二模/细则/补充材料/高三模拟测试思想政治答案.docx,/Users/wanglifei/Desktop/gpt和claude共同的小窝/00_共同资料/原材料/2024模拟题/西城二模/细则/补充材料/高三模拟测试思想政治答案.docx,docx,43143,85ebe0578ce81b181f9de0a1de0850bdd12c651609b8c9f8232c9aead56d3fd8,2024模拟题,Y,,1,/Users/wanglifei/Desktop/2024模拟题/西城二模/细则/补充材料/高三模拟测试思想政治答案.docx,unknown,docx 无固定页数；实测 段落27 表格2,pending,pending,
S0dbd7271f7bf,2024模拟题/西城二模/试卷/试卷.docx,/Users/wanglifei/Desktop/gpt和claude共同的小窝/00_共同资料/原材料/2024模拟题/西城二模/试卷/试卷.docx,docx,483636,0dbd7271f7bf108d41417b2ffdd3f36dcd86ac93c99fe18a42b1bfee5565c0fc,2024模拟题,Y,,1,/Users/wanglifei/Desktop/2024模拟题/西城二模/试卷/试卷.docx,unknown,docx 无固定页数；实测 段落173 表格1,pending,pending,
Sf986728ea555,2024模拟题/顺义思政二模/细则/细则.docx,/Users/wanglifei/Desktop/gpt和claude共同的小窝/00_共同资料/原材料/2024模拟题/顺义思政二模/细则/细则.docx,docx,32521,f986728ea555a6edc1669835ceef949b8129895ba54cc64f0de67968ea29527f,2024模拟题,Y,,1,/Users/wanglifei/Desktop/2024模拟题/顺义思政二模/细则/细则.docx,unknown,docx 无固定页数；实测 段落38 表格1,pending,pending,
S33010f3bed39,2024模拟题/顺义思政二模/试卷/试卷.docx,/Users/wanglifei/Desktop/gpt和claude共同的小窝/00_共同资料/原材料/2024模拟题/顺义思政二模/试卷/试卷.docx,docx,13156426,33010f3bed39e2759cf1ca3d22d4526f77e22833c208efb1aaf3611a8dd67df7,2024模拟题,Y,,1,/Users/wanglifei/Desktop/2024模拟题/顺义思政二模/试卷/试卷.docx,unknown,docx 无固定页数；实测 段落180 表格2,pending,pending,
Sc254bbee61da,2025模拟题/2025各区一模/2025东城一模/细则/细则.pdf,/Users/wanglifei/Desktop/gpt和claude共同的小窝/00_共同资料/原材料/2025模拟题/2025各区一模/2025东城一模/细则/细则.pdf,pdf,370507,c254bbee61da4abda65388bd2bd144b0e7efc781e9890208535e7882fbf278da,2025模拟题,Y,,4,/Users/wanglifei/Desktop/2025模拟题/2025各区一模/2025东城一模/细则/细则.pdf | /Users/wanglifei/Desktop/2026模拟题/必修二_v25续作_20260908/交接给ChatPro_20260908_修订31/经济v25_修订31交接/03_原料/2025模拟题/LOCAL-067_细则.pdf | /Users/wanglifei/Desktop/2026模拟题/必修二_v25续作_20260908/协作验收/ChatPro首批10题_20260908/ChatPro候选_首批10题结果/ChatPro候选_证据原件/ChatPro候选_LOCAL-067_细则.pdf | /Users/wanglifei/Desktop/gpt和claude共同的小窝/DeepSeek_政治题库资料库_20260918/tmp/zip_extract/2025模拟题/2025µ¿íµïƒΘóÿ/2025σÉäσî║Σ╕Çµ¿í/2025Σ╕£σƒÄΣ╕Çµ¿í/τ╗åσêÖ/τ╗åσêÖ.pdf,6,pdfinfo,pending,pending,
S46c444a91d49,2025模拟题/2025各区一模/2025东城一模/试卷/试卷.pdf,/Users/wanglifei/Desktop/gpt和claude共同的小窝/00_共同资料/原材料/2025模拟题/2025各区一模/2025东城一模/试卷/试卷.pdf,pdf,810417,46c444a91d491a4fc02f2497e24eb79f6639652c8b8f962b60a562f89c25a9d0,2025模拟题,Y,,4,/Users/wanglifei/Desktop/2025模拟题/2025各区一模/2025东城一模/试卷/试卷.pdf | /Users/wanglifei/Desktop/2026模拟题/必修二_v25续作_20260908/交接给ChatPro_20260908_修订31/经济v25_修订31交接/03_原料/2025模拟题/LOCAL-068_试卷.pdf | /Users/wanglifei/Desktop/2026模拟题/必修二_v25续作_20260908/协作验收/ChatPro首批10题_20260908/ChatPro候选_首批10题结果/ChatPro候选_证据原件/ChatPro候选_LOCAL-068_试卷.pdf | /Users/wanglifei/Desktop/gpt和claude共同的小窝/DeepSeek_政治题库资料库_20260918/tmp/zip_extract/2025模拟题/2025µ¿íµïƒΘóÿ/2025σÉäσî║Σ╕Çµ¿í/2025Σ╕£σƒÄΣ╕Çµ¿í/Φ»òσì╖/Φ»òσì╖.pdf,9,pdfinfo,pending,pending,
Sc143f0d3215c,2025模拟题/2025各区一模/2025丰台一模/细则/细则.docx,/Users/wanglifei/Desktop/gpt和claude共同的小窝/00_共同资料/原材料/2025模拟题/2025各区一模/2025丰台一模/细则/细则.docx,docx,28150,c143f0d3215c3417f3d92a9257422f5507ed541c417298f7d25b9e92986b4390,2025模拟题,Y,,2,/Users/wanglifei/Desktop/2025模拟题/2025各区一模/2025丰台一模/细则/细则.docx | /Users/wanglifei/Desktop/gpt和claude共同的小窝/DeepSeek_政治题库资料库_20260918/tmp/zip_extract/2025模拟题/2025µ¿íµïƒΘóÿ/2025σÉäσî║Σ╕Çµ¿í/2025Σ╕░σÅ░Σ╕Çµ¿í/τ╗åσêÖ/τ╗åσêÖ.docx,unknown,docx 无固定页数；实测 段落1 表格4,pending,pending,
Se8823e6dc1a7,2025模拟题/2025各区一模/2025丰台一模/试卷/试卷.pdf,/Users/wanglifei/Desktop/gpt和claude共同的小窝/00_共同资料/原材料/2025模拟题/2025各区一模/2025丰台一模/试卷/试卷.pdf,pdf,820699,e8823e6dc1a71cac6fefaa93e8ec2ab6e91459e0ff590a0d5b6c253428f790be,2025模拟题,Y,,2,/Users/wanglifei/Desktop/2025模拟题/2025各区一模/2025丰台一模/试卷/试卷.pdf | /Users/wanglifei/Desktop/gpt和claude共同的小窝/DeepSeek_政治题库资料库_20260918/tmp/zip_extract/2025模拟题/2025µ¿íµïƒΘóÿ/2025σÉäσî║Σ╕Çµ¿í/2025Σ╕░σÅ░Σ╕Çµ¿í/Φ»òσì╖/Φ»òσì╖.pdf,11,pdfinfo,pending,pending,
Sc0a3990e9579,2025模拟题/2025各区一模/2025延庆一模/细则/细则.docx,/Users/wanglifei/Desktop/gpt和claude共同的小窝/00_共同资料/原材料/2025模拟题/2025各区一模/2025延庆一模/细则/细则.docx,docx,21765,c0a3990e95796ddd4cd3b26a92bc9b30a041d503605e53322d2f26528c51bb4c,2025模拟题,Y,,2,/Users/wanglifei/Desktop/2025模拟题/2025各区一模/2025延庆一模/细则/细则.docx | /Users/wanglifei/Desktop/gpt和claude共同的小窝/DeepSeek_政治题库资料库_20260918/tmp/zip_extract/2025模拟题/2025µ¿íµïƒΘóÿ/2025σÉäσî║Σ╕Çµ¿í/2025σ╗╢σ║åΣ╕Çµ¿í/τ╗åσêÖ/τ╗åσêÖ.docx,unknown,docx 无固定页数；实测 段落54 表格2,pending,pending,
S94785525e645,2025模拟题/2025各区一模/2025延庆一模/试卷/试卷.pdf,/Users/wanglifei/Desktop/gpt和claude共同的小窝/00_共同资料/原材料/2025模拟题/2025各区一模/2025延庆一模/试卷/试卷.pdf,pdf,870780,94785525e6452e6fd5e8d4ca2abd0f858cc1e7dfdf02bdd97a1a7b90bee3bdc5,2025模拟题,Y,,2,/Users/wanglifei/Desktop/2025模拟题/2025各区一模/2025延庆一模/试卷/试卷.pdf | /Users/wanglifei/Desktop/gpt和claude共同的小窝/DeepSeek_政治题库资料库_20260918/tmp/zip_extract/2025模拟题/2025µ¿íµïƒΘóÿ/2025σÉäσî║Σ╕Çµ¿í/2025σ╗╢σ║åΣ╕Çµ¿í/Φ»òσì╖/Φ»òσì╖.pdf,10,pdfinfo,pending,pending,
S17cdecfbd774,2025模拟题/2025各区一模/2025房山一模/细则/细则.pdf,/Users/wanglifei/Desktop/gpt和claude共同的小窝/00_共同资料/原材料/2025模拟题/2025各区一模/2025房山一模/细则/细则.pdf,pdf,245221,17cdecfbd774ee7902feb4494c59cdd2f944a217046b51205283bcf1c9ed0ca3,2025模拟题,Y,,2,/Users/wanglifei/Desktop/2025模拟题/2025各区一模/2025房山一模/细则/细则.pdf | /Users/wanglifei/Desktop/gpt和claude共同的小窝/DeepSeek_政治题库资料库_20260918/tmp/zip_extract/2025模拟题/2025µ¿íµïƒΘóÿ/2025σÉäσî║Σ╕Çµ¿í/2025µê┐σ▒▒Σ╕Çµ¿í/τ╗åσêÖ/τ╗åσêÖ.pdf,4,pdfinfo,pending,pending,
S3227fd51f202,2025模拟题/2025各区一模/2025房山一模/试卷/试卷.pdf,/Users/wanglifei/Desktop/gpt和claude共同的小窝/00_共同资料/原材料/2025模拟题/2025各区一模/2025房山一模/试卷/试卷.pdf,pdf,785455,3227fd51f2020c047e93984cd14d604177ce97094364e17f2dac099fabac1d69,2025模拟题,Y,,2,/Users/wanglifei/Desktop/2025模拟题/2025各区一模/2025房山一模/试卷/试卷.pdf | /Users/wanglifei/Desktop/gpt和claude共同的小窝/DeepSeek_政治题库资料库_20260918/tmp/zip_extract/2025模拟题/2025µ¿íµïƒΘóÿ/2025σÉäσî║Σ╕Çµ¿í/2025µê┐σ▒▒Σ╕Çµ¿í/Φ»òσì╖/Φ»òσì╖.pdf,16,pdfinfo,pending,pending,
Sba64c6663074,2025模拟题/2025各区一模/2025朝阳一模/其他材料/高三政治一模试卷讲评.pptx,/Users/wanglifei/Desktop/gpt和claude共同的小窝/00_共同资料/原材料/2025模拟题/2025各区一模/2025朝阳一模/其他材料/高三政治一模试卷讲评.pptx,pptx,660961,ba64c66630749a52d240668723d17f45f94c7aa3627c86bfa38e3fca843babfc,2025模拟题,Y,,4,/Users/wanglifei/Desktop/2025模拟题/2025各区一模/2025朝阳一模/其他材料/高三政治一模试卷讲评.pptx | /Users/wanglifei/Desktop/2026模拟题/必修二_v25续作_20260908/交接给ChatPro_20260908_修订31/经济v25_修订31交接/03_原料/2025模拟题/LOCAL-075_高三政治一模试卷讲评.pptx | /Users/wanglifei/Desktop/2026模拟题/必修二_v25续作_20260908/协作验收/ChatPro首批10题_20260908/ChatPro候选_首批10题结果/ChatPro候选_证据原件/ChatPro候选_LOCAL-075_高三政治一模试卷讲评.pptx | /Users/wanglifei/Desktop/gpt和claude共同的小窝/DeepSeek_政治题库资料库_20260918/tmp/zip_extract/2025模拟题/2025µ¿íµïƒΘóÿ/2025σÉäσî║Σ╕Çµ¿í/2025µ£¥Θÿ│Σ╕Çµ¿í/σà╢Σ╗ûµ¥ÉµûÖ/Θ½ÿΣ╕ëµö┐µ▓╗Σ╕Çµ¿íΦ»òσì╖Φ«▓Φ»ä.pptx,unknown,"探针异常: XMLSyntaxError('Namespace prefix w for pos on tab is not defined, line 1, column 1202')",pending,pending,
Sf5f683a90050,2025模拟题/2025各区一模/2025朝阳一模/细则/细则.pdf,/Users/wanglifei/Desktop/gpt和claude共同的小窝/00_共同资料/原材料/2025模拟题/2025各区一模/2025朝阳一模/细则/细则.pdf,pdf,731224,f5f683a900508fd228d6591418f9ef75d8a95ae09cf1b16d3b0427017234468b,2025模拟题,Y,,4,/Users/wanglifei/Desktop/2025模拟题/2025各区一模/2025朝阳一模/细则/细则.pdf | /Users/wanglifei/Desktop/2026模拟题/必修二_v25续作_20260908/交接给ChatPro_20260908_修订31/经济v25_修订31交接/03_原料/2025模拟题/LOCAL-076_细则.pdf | /Users/wanglifei/Desktop/2026模拟题/必修二_v25续作_20260908/协作验收/ChatPro首批10题_20260908/ChatPro候选_首批10题结果/ChatPro候选_证据原件/ChatPro候选_LOCAL-076_细则.pdf | /Users/wanglifei/Desktop/gpt和claude共同的小窝/DeepSeek_政治题库资料库_20260918/tmp/zip_extract/2025模拟题/2025µ¿íµïƒΘóÿ/2025σÉäσî║Σ╕Çµ¿í/2025µ£¥Θÿ│Σ╕Çµ¿í/τ╗åσêÖ/τ╗åσêÖ.pdf,3,pdfinfo,pending,pending,
Sf0b3ab889aa0,2025模拟题/2025各区一模/2025朝阳一模/细则/补充材料/20250329高3阅卷总结17 1题 具身智能 任会波组 阐释论证.doc,/Users/wanglifei/Desktop/gpt和claude共同的小窝/00_共同资料/原材料/2025模拟题/2025各区一模/2025朝阳一模/细则/补充材料/20250329高3阅卷总结17 1题 具身智能 任会波组 阐释论证.doc,doc,50176,f0b3ab889aa0b17b72b6627f65ee642a1808be1522ce2a0be585dffb67a320f6,2025模拟题,Y,,3,/Users/wanglifei/Desktop/2025模拟题/2025各区一模/2025朝阳一模/细则/补充材料/20250329高3阅卷总结17 1题 具身智能 任会波组 阐释论证.doc | /Users/wanglifei/Desktop/2026模拟题/必修二_v25续作_20260908/交接给ChatPro_20260908_修订31/经济v25_修订31交接/03_原料/2025模拟题/LOCAL-077_20250329高3阅卷总结17 1题 具身智能 任会波组 阐释论证.doc | /Users/wanglifei/Desktop/gpt和claude共同的小窝/DeepSeek_政治题库资料库_20260918/tmp/zip_extract/2025模拟题/2025µ¿íµïƒΘóÿ/2025σÉäσî║Σ╕Çµ¿í/2025µ£¥Θÿ│Σ╕Çµ¿í/τ╗åσêÖ/ΦíÑσààµ¥ÉµûÖ/20250329Θ½ÿ3Θÿàσì╖µÇ╗τ╗ô17 1Θóÿ σà╖Φ║½µÖ║Φâ╜ Σ╗╗Σ╝Üµ│óτ╗ä ΘÿÉΘçèΦ«║Φ»ü.doc,unknown,.doc 旧格式未转换，页数待 soffice 转换后取得,pending,pending,
Sf7bfc3e53261,2025模拟题/2025各区一模/2025朝阳一模/细则/补充材料/20250329高3阅卷总结18题 社区治理 汤桃玲组 探究建构.doc,/Users/wanglifei/Desktop/gpt和claude共同的小窝/00_共同资料/原材料/2025模拟题/2025各区一模/2025朝阳一模/细则/补充材料/20250329高3阅卷总结18题 社区治理 汤桃玲组 探究建构.doc,doc,66048,f7bfc3e53261b659a664e7213813d7d0e34535e0a397d6421b873a5b81c509c5,2025模拟题,Y,,3,/Users/wanglifei/Desktop/2025模拟题/2025各区一模/2025朝阳一模/细则/补充材料/20250329高3阅卷总结18题 社区治理 汤桃玲组 探究建构.doc | /Users/wanglifei/Desktop/2026模拟题/必修二_v25续作_20260908/交接给ChatPro_20260908_修订31/经济v25_修订31交接/03_原料/2025模拟题/LOCAL-078_20250329高3阅卷总结18题 社区治理 汤桃玲组 探究建构.doc | /Users/wanglifei/Desktop/gpt和claude共同的小窝/DeepSeek_政治题库资料库_20260918/tmp/zip_extract/2025模拟题/2025µ¿íµïƒΘóÿ/2025σÉäσî║Σ╕Çµ¿í/2025µ£¥Θÿ│Σ╕Çµ¿í/τ╗åσêÖ/ΦíÑσààµ¥ÉµûÖ/20250329Θ½ÿ3Θÿàσì╖µÇ╗τ╗ô18Θóÿ τñ╛σî║µ▓╗τÉå µ▒ñµíâτÄ▓τ╗ä µÄóτ⌐╢σ╗║µ₧ä.doc,unknown,.doc 旧格式未转换，页数待 soffice 转换后取得,pending,pending,
Sb51916fe7b59,2025模拟题/2025各区一模/2025朝阳一模/细则/补充材料/20250329高3阅卷总结19题 合同欺诈  阐释论证.doc,/Users/wanglifei/Desktop/gpt和claude共同的小窝/00_共同资料/原材料/2025模拟题/2025各区一模/2025朝阳一模/细则/补充材料/20250329高3阅卷总结19题 合同欺诈  阐释论证.doc,doc,52736,b51916fe7b59403aa767088ddd506ce037140c2be45dd55106efd9e8e4686ecc,2025模拟题,Y,,3,/Users/wanglifei/Desktop/2025模拟题/2025各区一模/2025朝阳一模/细则/补充材料/20250329高3阅卷总结19题 合同欺诈  阐释论证.doc | /Users/wanglifei/Desktop/2026模拟题/必修二_v25续作_20260908/交接给ChatPro_20260908_修订31/经济v25_修订31交接/03_原料/2025模拟题/LOCAL-079_20250329高3阅卷总结19题 合同欺诈  阐释论证.doc | /Users/wanglifei/Desktop/gpt和claude共同的小窝/DeepSeek_政治题库资料库_20260918/tmp/zip_extract/2025模拟题/2025µ¿íµïƒΘóÿ/2025σÉäσî║Σ╕Çµ¿í/2025µ£¥Θÿ│Σ╕Çµ¿í/τ╗åσêÖ/ΦíÑσààµ¥ÉµûÖ/20250329Θ½ÿ3Θÿàσì╖µÇ╗τ╗ô19Θóÿ σÉêσÉîµ¼║Φ»ê  ΘÿÉΘçèΦ«║Φ»ü.doc,unknown,.doc 旧格式未转换，页数待 soffice 转换后取得,pending,pending,
Se051761a7fc6,2025模拟题/2025各区一模/2025朝阳一模/试卷/试卷.pdf,/Users/wanglifei/Desktop/gpt和claude共同的小窝/00_共同资料/原材料/2025模拟题/2025各区一模/2025朝阳一模/试卷/试卷.pdf,pdf,631028,e051761a7fc68fef22be094a9ea823b1ed1e2b56fc4b9cfd6a382f7c7c00011b,2025模拟题,Y,,4,/Users/wanglifei/Desktop/2025模拟题/2025各区一模/2025朝阳一模/试卷/试卷.pdf | /Users/wanglifei/Desktop/2026模拟题/必修二_v25续作_20260908/交接给ChatPro_20260908_修订31/经济v25_修订31交接/03_原料/2025模拟题/LOCAL-080_试卷.pdf | /Users/wanglifei/Desktop/2026模拟题/必修二_v25续作_20260908/协作验收/ChatPro首批10题_20260908/ChatPro候选_首批10题结果/ChatPro候选_证据原件/ChatPro候选_LOCAL-080_试卷.pdf | /Users/wanglifei/Desktop/gpt和claude共同的小窝/DeepSeek_政治题库资料库_20260918/tmp/zip_extract/2025模拟题/2025µ¿íµïƒΘóÿ/2025σÉäσî║Σ╕Çµ¿í/2025µ£¥Θÿ│Σ╕Çµ¿í/Φ»òσì╖/Φ»òσì╖.pdf,10,pdfinfo,pending,pending,
S506347bd4a70,2025模拟题/2025各区一模/2025海淀一模/细则/细则.docx,/Users/wanglifei/Desktop/gpt和claude共同的小窝/00_共同资料/原材料/2025模拟题/2025各区一模/2025海淀一模/细则/细则.docx,docx,9649034,506347bd4a7061dd62d9c39a7d0a86036d7beb2e3bd6bdabfb69482595771036,2025模拟题,Y,,2,/Users/wanglifei/Desktop/2025模拟题/2025各区一模/2025海淀一模/细则/细则.docx | /Users/wanglifei/Desktop/gpt和claude共同的小窝/DeepSeek_政治题库资料库_20260918/tmp/zip_extract/2025模拟题/2025µ¿íµïƒΘóÿ/2025σÉäσî║Σ╕Çµ¿í/2025µ╡╖µ╖ÇΣ╕Çµ¿í/τ╗åσêÖ/τ╗åσêÖ.docx,unknown,docx 无固定页数；实测 段落80 表格0,pending,pending,
Sbe30611f2f07,2025模拟题/2025各区一模/2025海淀一模/试卷/补充材料/EDU_1500334100000021014_61af1789-0742-472d-86cd-e6cb420b0ecb.pdf,/Users/wanglifei/Desktop/gpt和claude共同的小窝/00_共同资料/原材料/2025模拟题/2025各区一模/2025海淀一模/试卷/补充材料/EDU_1500334100000021014_61af1789-0742-472d-86cd-e6cb420b0ecb.pdf,pdf,1672781,be30611f2f07a1374caa94169907a379ab23b6d6ef390647ca58b64e577b833a,2025模拟题,Y,,2,/Users/wanglifei/Desktop/2025模拟题/2025各区一模/2025海淀一模/试卷/补充材料/EDU_1500334100000021014_61af1789-0742-472d-86cd-e6cb420b0ecb.pdf | /Users/wanglifei/Desktop/gpt和claude共同的小窝/DeepSeek_政治题库资料库_20260918/tmp/zip_extract/2025模拟题/2025µ¿íµïƒΘóÿ/2025σÉäσî║Σ╕Çµ¿í/2025µ╡╖µ╖ÇΣ╕Çµ¿í/Φ»òσì╖/ΦíÑσààµ¥ÉµûÖ/EDU_1500334100000021014_61af1789-0742-472d-86cd-e6cb420b0ecb.pdf,10,pdfinfo,pending,pending,
S7ebce670784d,2025模拟题/2025各区一模/2025海淀一模/试卷/试卷.pdf,/Users/wanglifei/Desktop/gpt和claude共同的小窝/00_共同资料/原材料/2025模拟题/2025各区一模/2025海淀一模/试卷/试卷.pdf,pdf,692410,7ebce670784d805ee092db689d2bca675ca5ef4f7394a3229530a1423341fbd9,2025模拟题,Y,,2,/Users/wanglifei/Desktop/2025模拟题/2025各区一模/2025海淀一模/试卷/试卷.pdf | /Users/wanglifei/Desktop/gpt和claude共同的小窝/DeepSeek_政治题库资料库_20260918/tmp/zip_extract/2025模拟题/2025µ¿íµïƒΘóÿ/2025σÉäσî║Σ╕Çµ¿í/2025µ╡╖µ╖ÇΣ╕Çµ¿í/Φ»òσì╖/Φ»òσì╖.pdf,9,pdfinfo,pending,pending,
S0b97375f2f69,2025模拟题/2025各区一模/2025石景山一模/细则/细则.doc,/Users/wanglifei/Desktop/gpt和claude共同的小窝/00_共同资料/原材料/2025模拟题/2025各区一模/2025石景山一模/细则/细则.doc,doc,47104,0b97375f2f69e53d9d17a16ce32d06d76fc069edba4884aae8d0750ec88e1288,2025模拟题,Y,,2,/Users/wanglifei/Desktop/2025模拟题/2025各区一模/2025石景山一模/细则/细则.doc | /Users/wanglifei/Desktop/gpt和claude共同的小窝/DeepSeek_政治题库资料库_20260918/tmp/zip_extract/2025模拟题/2025µ¿íµïƒΘóÿ/2025σÉäσî║Σ╕Çµ¿í/2025τƒ│µÖ»σ▒▒Σ╕Çµ¿í/τ╗åσêÖ/τ╗åσêÖ.doc,unknown,.doc 旧格式未转换，页数待 soffice 转换后取得,pending,pending,
Sfb8717be46da,2025模拟题/2025各区一模/2025石景山一模/试卷/试卷.pdf,/Users/wanglifei/Desktop/gpt和claude共同的小窝/00_共同资料/原材料/2025模拟题/2025各区一模/2025石景山一模/试卷/试卷.pdf,pdf,761460,fb8717be46dabe77b9b92db5b9fac854bee5c11c7cac53704bcdd1abca2676f5,2025模拟题,Y,,2,/Users/wanglifei/Desktop/2025模拟题/2025各区一模/2025石景山一模/试卷/试卷.pdf | /Users/wanglifei/Desktop/gpt和claude共同的小窝/DeepSeek_政治题库资料库_20260918/tmp/zip_extract/2025模拟题/2025µ¿íµïƒΘóÿ/2025σÉäσî║Σ╕Çµ¿í/2025τƒ│µÖ»σ▒▒Σ╕Çµ¿í/Φ»òσì╖/Φ»òσì╖.pdf,11,pdfinfo,pending,pending,
Saf675a5d751f,2025模拟题/2025各区一模/2025西城一模/细则/细则.docx,/Users/wanglifei/Desktop/gpt和claude共同的小窝/00_共同资料/原材料/2025模拟题/2025各区一模/2025西城一模/细则/细则.docx,docx,29503,af675a5d751f41db34d996ea71aeb9dfcb9ac0e86ef2acf40e2f7fd03ca99939,2025模拟题,Y,,2,/Users/wanglifei/Desktop/2025模拟题/2025各区一模/2025西城一模/细则/细则.docx | /Users/wanglifei/Desktop/gpt和claude共同的小窝/DeepSeek_政治题库资料库_20260918/tmp/zip_extract/2025模拟题/2025µ¿íµïƒΘóÿ/2025σÉäσî║Σ╕Çµ¿í/2025ΦÑ┐σƒÄΣ╕Çµ¿í/τ╗åσêÖ/τ╗åσêÖ.docx,unknown,docx 无固定页数；实测 段落99 表格2,pending,pending,
S2542f29bb04e,2025模拟题/2025各区一模/2025西城一模/试卷/试卷.pdf,/Users/wanglifei/Desktop/gpt和claude共同的小窝/00_共同资料/原材料/2025模拟题/2025各区一模/2025西城一模/试卷/试卷.pdf,pdf,847160,2542f29bb04e2ae014d6d61f553b812926c2a998785ce44cb815ef347d5deca5,2025模拟题,Y,,2,/Users/wanglifei/Desktop/2025模拟题/2025各区一模/2025西城一模/试卷/试卷.pdf | /Users/wanglifei/Desktop/gpt和claude共同的小窝/DeepSeek_政治题库资料库_20260918/tmp/zip_extract/2025模拟题/2025µ¿íµïƒΘóÿ/2025σÉäσî║Σ╕Çµ¿í/2025ΦÑ┐σƒÄΣ╕Çµ¿í/Φ»òσì╖/Φ»òσì╖.pdf,10,pdfinfo,pending,pending,
S26d9b2280640,2025模拟题/2025各区一模/2025门头沟一模/细则/细则.doc,/Users/wanglifei/Desktop/gpt和claude共同的小窝/00_共同资料/原材料/2025模拟题/2025各区一模/2025门头沟一模/细则/细则.doc,doc,29742,26d9b228064053c19109fc9d3462d2e4cc561009b2d2229d4ec60055a2229973,2025模拟题,Y,,2,/Users/wanglifei/Desktop/2025模拟题/2025各区一模/2025门头沟一模/细则/细则.doc | /Users/wanglifei/Desktop/gpt和claude共同的小窝/DeepSeek_政治题库资料库_20260918/tmp/zip_extract/2025模拟题/2025µ¿íµïƒΘóÿ/2025σÉäσî║Σ╕Çµ¿í/2025Θù¿σñ┤µ▓ƒΣ╕Çµ¿í/τ╗åσêÖ/τ╗åσêÖ.doc,unknown,.doc 旧格式未转换，页数待 soffice 转换后取得,pending,pending,
S1d8a23fe11f5,2025模拟题/2025各区一模/2025门头沟一模/试卷/试卷.pdf,/Users/wanglifei/Desktop/gpt和claude共同的小窝/00_共同资料/原材料/2025模拟题/2025各区一模/2025门头沟一模/试卷/试卷.pdf,pdf,754233,1d8a23fe11f59810bcbe7bb7bfd3ecdd9ff89e3bfd5e422559ca6200e18cc009,2025模拟题,Y,,2,/Users/wanglifei/Desktop/2025模拟题/2025各区一模/2025门头沟一模/试卷/试卷.pdf | /Users/wanglifei/Desktop/gpt和claude共同的小窝/DeepSeek_政治题库资料库_20260918/tmp/zip_extract/2025模拟题/2025µ¿íµïƒΘóÿ/2025σÉäσî║Σ╕Çµ¿í/2025Θù¿σñ┤µ▓ƒΣ╕Çµ¿í/Φ»òσì╖/Φ»òσì╖.pdf,10,pdfinfo,pending,pending,
Sbef8332e23ce,2025模拟题/2025各区一模/2025顺义一模/细则/细则.docx,/Users/wanglifei/Desktop/gpt和claude共同的小窝/00_共同资料/原材料/2025模拟题/2025各区一模/2025顺义一模/细则/细则.docx,docx,2827816,bef8332e23ce30ac4e04eef21ff030c777eb4088111eb581c4b5257ae37a8fcc,2025模拟题,Y,,2,/Users/wanglifei/Desktop/2025模拟题/2025各区一模/2025顺义一模/细则/细则.docx | /Users/wanglifei/Desktop/gpt和claude共同的小窝/DeepSeek_政治题库资料库_20260918/tmp/zip_extract/2025模拟题/2025µ¿íµïƒΘóÿ/2025σÉäσî║Σ╕Çµ¿í/2025Θí║Σ╣ëΣ╕Çµ¿í/τ╗åσêÖ/τ╗åσêÖ.docx,unknown,docx 无固定页数；实测 段落86 表格0,pending,pending,
S9dd43cae443f,2025模拟题/2025各区一模/2025顺义一模/试卷/试卷.pdf,/Users/wanglifei/Desktop/gpt和claude共同的小窝/00_共同资料/原材料/2025模拟题/2025各区一模/2025顺义一模/试卷/试卷.pdf,pdf,945155,9dd43cae443f853c0799034210e45b3e1040c48facb2cdf3d42dbba195ee4b16,2025模拟题,Y,,2,/Users/wanglifei/Desktop/2025模拟题/2025各区一模/2025顺义一模/试卷/试卷.pdf | /Users/wanglifei/Desktop/gpt和claude共同的小窝/DeepSeek_政治题库资料库_20260918/tmp/zip_extract/2025模拟题/2025µ¿íµïƒΘóÿ/2025σÉäσî║Σ╕Çµ¿í/2025Θí║Σ╣ëΣ╕Çµ¿í/Φ»òσì╖/Φ»òσì╖.pdf,18,pdfinfo,pending,pending,
S606dbae1d5ce,2025模拟题/2025各区二模/2025东城二模/细则/细则.pdf,/Users/wanglifei/Desktop/gpt和claude共同的小窝/00_共同资料/原材料/2025模拟题/2025各区二模/2025东城二模/细则/细则.pdf,pdf,327662,606dbae1d5ce3e59c8daef227c8b797cfbda2b7f90b8c9e07f47654af13e1cc2,2025模拟题,Y,,4,/Users/wanglifei/Desktop/2025模拟题/2025各区二模/2025东城二模/细则/细则.pdf | /Users/wanglifei/Desktop/2026模拟题/必修二_v25续作_20260908/交接给ChatPro_20260908_修订31/经济v25_修订31交接/03_原料/2025模拟题/LOCAL-092_细则.pdf | /Users/wanglifei/Desktop/2026模拟题/必修二_v25续作_20260908/协作验收/ChatPro首批10题_20260908/ChatPro候选_首批10题结果/ChatPro候选_证据原件/ChatPro候选_LOCAL-092_细则.pdf | /Users/wanglifei/Desktop/gpt和claude共同的小窝/DeepSeek_政治题库资料库_20260918/tmp/zip_extract/2025模拟题/2025µ¿íµïƒΘóÿ/2025σÉäσî║Σ║îµ¿í/2025Σ╕£σƒÄΣ║îµ¿í/τ╗åσêÖ/τ╗åσêÖ.pdf,5,pdfinfo,pending,pending,
S9b287871f660,2025模拟题/2025各区二模/2025东城二模/试卷/试卷.pdf,/Users/wanglifei/Desktop/gpt和claude共同的小窝/00_共同资料/原材料/2025模拟题/2025各区二模/2025东城二模/试卷/试卷.pdf,pdf,575180,9b287871f660f23de9593be4c16952103c1c6873d6bd52d25ddd57ddd1a8d268,2025模拟题,Y,,4,/Users/wanglifei/Desktop/2025模拟题/2025各区二模/2025东城二模/试卷/试卷.pdf | /Users/wanglifei/Desktop/2026模拟题/必修二_v25续作_20260908/交接给ChatPro_20260908_修订31/经济v25_修订31交接/03_原料/2025模拟题/LOCAL-093_试卷.pdf | /Users/wanglifei/Desktop/2026模拟题/必修二_v25续作_20260908/协作验收/ChatPro首批10题_20260908/ChatPro候选_首批10题结果/ChatPro候选_证据原件/ChatPro候选_LOCAL-093_试卷.pdf | /Users/wanglifei/Desktop/gpt和claude共同的小窝/DeepSeek_政治题库资料库_20260918/tmp/zip_extract/2025模拟题/2025µ¿íµïƒΘóÿ/2025σÉäσî║Σ║îµ¿í/2025Σ╕£σƒÄΣ║îµ¿í/Φ»òσì╖/Φ»òσì╖.pdf,8,pdfinfo,pending,pending,
S2f596046ed6d,2025模拟题/2025各区二模/2025丰台二模/细则/分题细则/2025丰台二模评标细则/2025丰台二模评标细则/16.(1).doc,/Users/wanglifei/Desktop/gpt和claude共同的小窝/00_共同资料/原材料/2025模拟题/2025各区二模/2025丰台二模/细则/分题细则/2025丰台二模评标细则/2025丰台二模评标细则/16.(1).doc,doc,1120834,2f596046ed6d0ce5594043cdd14f103d0a758e43bd82cf79133ce456734a09b3,2025模拟题,Y,,2,/Users/wanglifei/Desktop/2025模拟题/2025各区二模/2025丰台二模/细则/分题细则/2025丰台二模评标细则/2025丰台二模评标细则/16.(1).doc | /Users/wanglifei/Desktop/gpt和claude共同的小窝/DeepSeek_政治题库资料库_20260918/tmp/zip_extract/2025模拟题/2025µ¿íµïƒΘóÿ/2025σÉäσî║Σ║îµ¿í/2025Σ╕░σÅ░Σ║îµ¿í/τ╗åσêÖ/σêåΘóÿτ╗åσêÖ/2025Σ╕░σÅ░Σ║îµ¿íΦ»äµáçτ╗åσêÖ/2025Σ╕░σÅ░Σ║îµ¿íΦ»äµáçτ╗åσêÖ/16.(1).doc,unknown,.doc 旧格式未转换，页数待 soffice 转换后取得,pending,pending,
Se3e9942211ec,2025模拟题/2025各区二模/2025丰台二模/细则/分题细则/2025丰台二模评标细则/2025丰台二模评标细则/16.(2).docx,/Users/wanglifei/Desktop/gpt和claude共同的小窝/00_共同资料/原材料/2025模拟题/2025各区二模/2025丰台二模/细则/分题细则/2025丰台二模评标细则/2025丰台二模评标细则/16.(2).docx,docx,861603,e3e9942211ec52f96c2c74e685e28ec811bfe87ccd9d97b08fde3864f6c2bf0a,2025模拟题,Y,,2,/Users/wanglifei/Desktop/2025模拟题/2025各区二模/2025丰台二模/细则/分题细则/2025丰台二模评标细则/2025丰台二模评标细则/16.(2).docx | /Users/wanglifei/Desktop/gpt和claude共同的小窝/DeepSeek_政治题库资料库_20260918/tmp/zip_extract/2025模拟题/2025µ¿íµïƒΘóÿ/2025σÉäσî║Σ║îµ¿í/2025Σ╕░σÅ░Σ║îµ¿í/τ╗åσêÖ/σêåΘóÿτ╗åσêÖ/2025Σ╕░σÅ░Σ║îµ¿íΦ»äµáçτ╗åσêÖ/2025Σ╕░σÅ░Σ║îµ¿íΦ»äµáçτ╗åσêÖ/16.(2).docx,unknown,docx 无固定页数；实测 段落70 表格0,pending,pending,
S71d970ada83c,2025模拟题/2025各区二模/2025丰台二模/细则/分题细则/2025丰台二模评标细则/2025丰台二模评标细则/17题.docx,/Users/wanglifei/Desktop/gpt和claude共同的小窝/00_共同资料/原材料/2025模拟题/2025各区二模/2025丰台二模/细则/分题细则/2025丰台二模评标细则/2025丰台二模评标细则/17题.docx,docx,1892630,71d970ada83cbd28a7efb16aa888c15ee8396de35b1e47f2bc08825b4b98aadb,2025模拟题,Y,,2,/Users/wanglifei/Desktop/2025模拟题/2025各区二模/2025丰台二模/细则/分题细则/2025丰台二模评标细则/2025丰台二模评标细则/17题.docx | /Users/wanglifei/Desktop/gpt和claude共同的小窝/DeepSeek_政治题库资料库_20260918/tmp/zip_extract/2025模拟题/2025µ¿íµïƒΘóÿ/2025σÉäσî║Σ║îµ¿í/2025Σ╕░σÅ░Σ║îµ¿í/τ╗åσêÖ/σêåΘóÿτ╗åσêÖ/2025Σ╕░σÅ░Σ║îµ¿íΦ»äµáçτ╗åσêÖ/2025Σ╕░σÅ░Σ║îµ¿íΦ»äµáçτ╗åσêÖ/17Θóÿ.docx,unknown,docx 无固定页数；实测 段落1 表格1,pending,pending,
S56b5533477c2,2025模拟题/2025各区二模/2025丰台二模/细则/分题细则/2025丰台二模评标细则/2025丰台二模评标细则/18题 .docx,/Users/wanglifei/Desktop/gpt和claude共同的小窝/00_共同资料/原材料/2025模拟题/2025各区二模/2025丰台二模/细则/分题细则/2025丰台二模评标细则/2025丰台二模评标细则/18题 .docx,docx,3477321,56b5533477c242dc3b3a476869ddb64b4d3714c82fb86f6bae6e70dbf9444d66,2025模拟题,Y,,2,/Users/wanglifei/Desktop/2025模拟题/2025各区二模/2025丰台二模/细则/分题细则/2025丰台二模评标细则/2025丰台二模评标细则/18题 .docx | /Users/wanglifei/Desktop/gpt和claude共同的小窝/DeepSeek_政治题库资料库_20260918/tmp/zip_extract/2025模拟题/2025µ¿íµïƒΘóÿ/2025σÉäσî║Σ║îµ¿í/2025Σ╕░σÅ░Σ║îµ¿í/τ╗åσêÖ/σêåΘóÿτ╗åσêÖ/2025Σ╕░σÅ░Σ║îµ¿íΦ»äµáçτ╗åσêÖ/2025Σ╕░σÅ░Σ║îµ¿íΦ»äµáçτ╗åσêÖ/18Θóÿ .docx,unknown,docx 无固定页数；实测 段落5 表格1,pending,pending,
S0e0ec077bf92,2025模拟题/2025各区二模/2025丰台二模/细则/分题细则/2025丰台二模评标细则/2025丰台二模评标细则/19.(1).docx,/Users/wanglifei/Desktop/gpt和claude共同的小窝/00_共同资料/原材料/2025模拟题/2025各区二模/2025丰台二模/细则/分题细则/2025丰台二模评标细则/2025丰台二模评标细则/19.(1).docx,docx,650202,0e0ec077bf92033604024f22d3de9236ae281cf070249362feb41ea8254e29fc,2025模拟题,Y,,2,/Users/wanglifei/Desktop/2025模拟题/2025各区二模/2025丰台二模/细则/分题细则/2025丰台二模评标细则/2025丰台二模评标细则/19.(1).docx | /Users/wanglifei/Desktop/gpt和claude共同的小窝/DeepSeek_政治题库资料库_20260918/tmp/zip_extract/2025模拟题/2025µ¿íµïƒΘóÿ/2025σÉäσî║Σ║îµ¿í/2025Σ╕░σÅ░Σ║îµ¿í/τ╗åσêÖ/σêåΘóÿτ╗åσêÖ/2025Σ╕░σÅ░Σ║îµ¿íΦ»äµáçτ╗åσêÖ/2025Σ╕░σÅ░Σ║îµ¿íΦ»äµáçτ╗åσêÖ/19.(1).docx,unknown,docx 无固定页数；实测 段落1 表格1,pending,pending,
Sa85076fc73d8,2025模拟题/2025各区二模/2025丰台二模/细则/分题细则/2025丰台二模评标细则/2025丰台二模评标细则/19.(2).docx,/Users/wanglifei/Desktop/gpt和claude共同的小窝/00_共同资料/原材料/2025模拟题/2025各区二模/2025丰台二模/细则/分题细则/2025丰台二模评标细则/2025丰台二模评标细则/19.(2).docx,docx,530536,a85076fc73d8e53eaa3013c21f6968715c0af0df7aace713e41c1b6c89b25683,2025模拟题,Y,,2,/Users/wanglifei/Desktop/2025模拟题/2025各区二模/2025丰台二模/细则/分题细则/2025丰台二模评标细则/2025丰台二模评标细则/19.(2).docx | /Users/wanglifei/Desktop/gpt和claude共同的小窝/DeepSeek_政治题库资料库_20260918/tmp/zip_extract/2025模拟题/2025µ¿íµïƒΘóÿ/2025σÉäσî║Σ║îµ¿í/2025Σ╕░σÅ░Σ║îµ¿í/τ╗åσêÖ/σêåΘóÿτ╗åσêÖ/2025Σ╕░σÅ░Σ║îµ¿íΦ»äµáçτ╗åσêÖ/2025Σ╕░σÅ░Σ║îµ¿íΦ»äµáçτ╗åσêÖ/19.(2).docx,unknown,docx 无固定页数；实测 段落1 表格1,pending,pending,
S17616554d573,2025模拟题/2025各区二模/2025丰台二模/细则/分题细则/2025丰台二模评标细则/2025丰台二模评标细则/20题.docx,/Users/wanglifei/Desktop/gpt和claude共同的小窝/00_共同资料/原材料/2025模拟题/2025各区二模/2025丰台二模/细则/分题细则/2025丰台二模评标细则/2025丰台二模评标细则/20题.docx,docx,894350,17616554d57330bb3b0b4858d658c94d4a95f840bd83916e5695d63bf82f548d,2025模拟题,Y,,2,/Users/wanglifei/Desktop/2025模拟题/2025各区二模/2025丰台二模/细则/分题细则/2025丰台二模评标细则/2025丰台二模评标细则/20题.docx | /Users/wanglifei/Desktop/gpt和claude共同的小窝/DeepSeek_政治题库资料库_20260918/tmp/zip_extract/2025模拟题/2025µ¿íµïƒΘóÿ/2025σÉäσî║Σ║îµ¿í/2025Σ╕░σÅ░Σ║îµ¿í/τ╗åσêÖ/σêåΘóÿτ╗åσêÖ/2025Σ╕░σÅ░Σ║îµ¿íΦ»äµáçτ╗åσêÖ/2025Σ╕░σÅ░Σ║îµ¿íΦ»äµáçτ╗åσêÖ/20Θóÿ.docx,unknown,docx 无固定页数；实测 段落1 表格1,pending,pending,
S11303432404c,2025模拟题/2025各区二模/2025丰台二模/细则/分题细则/2025丰台二模评标细则/2025丰台二模评标细则/21题.docx,/Users/wanglifei/Desktop/gpt和claude共同的小窝/00_共同资料/原材料/2025模拟题/2025各区二模/2025丰台二模/细则/分题细则/2025丰台二模评标细则/2025丰台二模评标细则/21题.docx,docx,5374172,11303432404cb656cc27829621d2b3531ecabcadf74eb04d9736cf5a117adb3a,2025模拟题,Y,,2,/Users/wanglifei/Desktop/2025模拟题/2025各区二模/2025丰台二模/细则/分题细则/2025丰台二模评标细则/2025丰台二模评标细则/21题.docx | /Users/wanglifei/Desktop/gpt和claude共同的小窝/DeepSeek_政治题库资料库_20260918/tmp/zip_extract/2025模拟题/2025µ¿íµïƒΘóÿ/2025σÉäσî║Σ║îµ¿í/2025Σ╕░σÅ░Σ║îµ¿í/τ╗åσêÖ/σêåΘóÿτ╗åσêÖ/2025Σ╕░σÅ░Σ║îµ¿íΦ»äµáçτ╗åσêÖ/2025Σ╕░σÅ░Σ║îµ¿íΦ»äµáçτ╗åσêÖ/21Θóÿ.docx,unknown,docx 无固定页数；实测 段落9 表格1,pending,pending,
S9f3b48608884,2025模拟题/2025各区二模/2025丰台二模/试卷/试卷.pdf,/Users/wanglifei/Desktop/gpt和claude共同的小窝/00_共同资料/原材料/2025模拟题/2025各区二模/2025丰台二模/试卷/试卷.pdf,pdf,851941,9f3b486088840b526e13f216898462df05e33de9567fe75145c7491cd5a0e11b,2025模拟题,Y,,2,/Users/wanglifei/Desktop/2025模拟题/2025各区二模/2025丰台二模/试卷/试卷.pdf | /Users/wanglifei/Desktop/gpt和claude共同的小窝/DeepSeek_政治题库资料库_20260918/tmp/zip_extract/2025模拟题/2025µ¿íµïƒΘóÿ/2025σÉäσî║Σ║îµ¿í/2025Σ╕░σÅ░Σ║îµ¿í/Φ»òσì╖/Φ»òσì╖.pdf,10,pdfinfo,pending,pending,
Saf3875177855,2025模拟题/2025各区二模/2025昌平二模/细则/细则.pptx,/Users/wanglifei/Desktop/gpt和claude共同的小窝/00_共同资料/原材料/2025模拟题/2025各区二模/2025昌平二模/细则/细则.pptx,pptx,3287406,af3875177855a6115e7e1ce0c5ff702139c737a7995b08fd56d1878f2dd208af,2025模拟题,Y,,2,/Users/wanglifei/Desktop/2025模拟题/2025各区二模/2025昌平二模/细则/细则.pptx | /Users/wanglifei/Desktop/gpt和claude共同的小窝/DeepSeek_政治题库资料库_20260918/tmp/zip_extract/2025模拟题/2025µ¿íµïƒΘóÿ/2025σÉäσî║Σ║îµ¿í/2025µÿîσ╣│Σ║îµ¿í/τ╗åσêÖ/τ╗åσêÖ.pptx,21,python-pptx len(slides),pending,pending,
S6e5080fb116a,2025模拟题/2025各区二模/2025昌平二模/试卷/试卷.pdf,/Users/wanglifei/Desktop/gpt和claude共同的小窝/00_共同资料/原材料/2025模拟题/2025各区二模/2025昌平二模/试卷/试卷.pdf,pdf,826723,6e5080fb116ab8fc4c0672da05e0a326e7f5b012c0f0a283d5f05a5155a7352d,2025模拟题,Y,,2,/Users/wanglifei/Desktop/2025模拟题/2025各区二模/2025昌平二模/试卷/试卷.pdf | /Users/wanglifei/Desktop/gpt和claude共同的小窝/DeepSeek_政治题库资料库_20260918/tmp/zip_extract/2025模拟题/2025µ¿íµïƒΘóÿ/2025σÉäσî║Σ║îµ¿í/2025µÿîσ╣│Σ║îµ¿í/Φ»òσì╖/Φ»òσì╖.pdf,11,pdfinfo,pending,pending,
S73c36c3077dc,2025模拟题/2025各区二模/2025朝阳二模/细则/细则.docx,/Users/wanglifei/Desktop/gpt和claude共同的小窝/00_共同资料/原材料/2025模拟题/2025各区二模/2025朝阳二模/细则/细则.docx,docx,29885,73c36c3077dced724eb48b81aec7492e8e5ac59a7f72d7fb729d3581ea3fb5e8,2025模拟题,Y,,4,/Users/wanglifei/Desktop/2025模拟题/2025各区二模/2025朝阳二模/细则/细则.docx | /Users/wanglifei/Desktop/2026模拟题/必修二_v25续作_20260908/交接给ChatPro_20260908_修订31/经济v25_修订31交接/03_原料/2025模拟题/LOCAL-105_细则.docx | /Users/wanglifei/Desktop/2026模拟题/必修二_v25续作_20260908/协作验收/ChatPro首批10题_20260908/ChatPro候选_首批10题结果/ChatPro候选_证据原件/ChatPro候选_LOCAL-105_细则.docx | /Users/wanglifei/Desktop/gpt和claude共同的小窝/DeepSeek_政治题库资料库_20260918/tmp/zip_extract/2025模拟题/2025µ¿íµïƒΘóÿ/2025σÉäσî║Σ║îµ¿í/2025µ£¥Θÿ│Σ║îµ¿í/τ╗åσêÖ/τ╗åσêÖ.docx,unknown,docx 无固定页数；实测 段落15 表格7,pending,pending,
S613f35ecb7c4,2025模拟题/2025各区二模/2025朝阳二模/试卷/补充材料/扫描全能王 2025-05-13 21.42.pdf,/Users/wanglifei/Desktop/gpt和claude共同的小窝/00_共同资料/原材料/2025模拟题/2025各区二模/2025朝阳二模/试卷/补充材料/扫描全能王 2025-05-13 21.42.pdf,pdf,4268564,613f35ecb7c41e670656f980cc718cc30ef26ea1733cf32e523b9cb7b59bad04,2025模拟题,Y,,4,/Users/wanglifei/Desktop/2025模拟题/2025各区二模/2025朝阳二模/试卷/补充材料/扫描全能王 2025-05-13 21.42.pdf | /Users/wanglifei/Desktop/2026模拟题/必修二_v25续作_20260908/交接给ChatPro_20260908_修订31/经济v25_修订31交接/03_原料/2025模拟题/LOCAL-106_扫描全能王 2025-05-13 21.42.pdf | /Users/wanglifei/Desktop/2026模拟题/必修二_v25续作_20260908/协作验收/ChatPro首批10题_20260908/ChatPro候选_首批10题结果/ChatPro候选_证据原件/ChatPro候选_LOCAL-106_扫描全能王 2025-05-13 21.42.pdf | /Users/wanglifei/Desktop/gpt和claude共同的小窝/DeepSeek_政治题库资料库_20260918/tmp/zip_extract/2025模拟题/2025µ¿íµïƒΘóÿ/2025σÉäσî║Σ║îµ¿í/2025µ£¥Θÿ│Σ║îµ¿í/Φ»òσì╖/ΦíÑσààµ¥ÉµûÖ/µë½µÅÅσà¿Φâ╜τÄï 2025-05-13 21.42.pdf,6,pdfinfo,pending,pending,
S6009b3f19a33,2025模拟题/2025各区二模/2025朝阳二模/试卷/试卷.pdf,/Users/wanglifei/Desktop/gpt和claude共同的小窝/00_共同资料/原材料/2025模拟题/2025各区二模/2025朝阳二模/试卷/试卷.pdf,pdf,704674,6009b3f19a33a729602d7a5bc5b6c8ca2b59ed1392c6c753df7d14695ce84d5e,2025模拟题,Y,,4,/Users/wanglifei/Desktop/2025模拟题/2025各区二模/2025朝阳二模/试卷/试卷.pdf | /Users/wanglifei/Desktop/2026模拟题/必修二_v25续作_20260908/交接给ChatPro_20260908_修订31/经济v25_修订31交接/03_原料/2025模拟题/LOCAL-107_试卷.pdf | /Users/wanglifei/Desktop/2026模拟题/必修二_v25续作_20260908/协作验收/ChatPro首批10题_20260908/ChatPro候选_首批10题结果/ChatPro候选_证据原件/ChatPro候选_LOCAL-107_试卷.pdf | /Users/wanglifei/Desktop/gpt和claude共同的小窝/DeepSeek_政治题库资料库_20260918/tmp/zip_extract/2025模拟题/2025µ¿íµïƒΘóÿ/2025σÉäσî║Σ║îµ¿í/2025µ£¥Θÿ│Σ║îµ¿í/Φ»òσì╖/Φ»òσì╖.pdf,10,pdfinfo,pending,pending,
S086cafc0d843,2025模拟题/2025各区二模/2025海淀二模/其他材料/2025届二模考试讲评0510.pdf,/Users/wanglifei/Desktop/gpt和claude共同的小窝/00_共同资料/原材料/2025模拟题/2025各区二模/2025海淀二模/其他材料/2025届二模考试讲评0510.pdf,pdf,5903279,086cafc0d843cdfd93b0cbd53734ccbf74326a488ee0fb678af270ed4961625e,2025模拟题,Y,,2,/Users/wanglifei/Desktop/2025模拟题/2025各区二模/2025海淀二模/其他材料/2025届二模考试讲评0510.pdf | /Users/wanglifei/Desktop/gpt和claude共同的小窝/DeepSeek_政治题库资料库_20260918/tmp/zip_extract/2025模拟题/2025µ¿íµïƒΘóÿ/2025σÉäσî║Σ║îµ¿í/2025µ╡╖µ╖ÇΣ║îµ¿í/σà╢Σ╗ûµ¥ÉµûÖ/2025σ▒èΣ║îµ¿íΦÇâΦ»òΦ«▓Φ»ä0510.pdf,71,pdfinfo,pending,pending,
Sfc56fdd304fd,2025模拟题/2025各区二模/2025海淀二模/细则/细则.docx,/Users/wanglifei/Desktop/gpt和claude共同的小窝/00_共同资料/原材料/2025模拟题/2025各区二模/2025海淀二模/细则/细则.docx,docx,146207,fc56fdd304fde11818aaa71317163fea8de97571d25365dc322452ca95db0b43,2025模拟题,Y,,2,/Users/wanglifei/Desktop/2025模拟题/2025各区二模/2025海淀二模/细则/细则.docx | /Users/wanglifei/Desktop/gpt和claude共同的小窝/DeepSeek_政治题库资料库_20260918/tmp/zip_extract/2025模拟题/2025µ¿íµïƒΘóÿ/2025σÉäσî║Σ║îµ¿í/2025µ╡╖µ╖ÇΣ║îµ¿í/τ╗åσêÖ/τ╗åσêÖ.docx,unknown,docx 无固定页数；实测 段落76 表格3,pending,pending,
S10b5fafe8824,2025模拟题/2025各区二模/2025海淀二模/细则/补充材料/2025年海淀二模评标实录.docx,/Users/wanglifei/Desktop/gpt和claude共同的小窝/00_共同资料/原材料/2025模拟题/2025各区二模/2025海淀二模/细则/补充材料/2025年海淀二模评标实录.docx,docx,15122,10b5fafe8824526452c8653a8ed509c30d50060286161282e41753bc05d8728d,2025模拟题,Y,,2,/Users/wanglifei/Desktop/2025模拟题/2025各区二模/2025海淀二模/细则/补充材料/2025年海淀二模评标实录.docx | /Users/wanglifei/Desktop/gpt和claude共同的小窝/DeepSeek_政治题库资料库_20260918/tmp/zip_extract/2025模拟题/2025µ¿íµïƒΘóÿ/2025σÉäσî║Σ║îµ¿í/2025µ╡╖µ╖ÇΣ║îµ¿í/τ╗åσêÖ/ΦíÑσààµ¥ÉµûÖ/2025σ╣┤µ╡╖µ╖ÇΣ║îµ¿íΦ»äµáçσ«₧σ╜ò.docx,unknown,docx 无固定页数；实测 段落60 表格0,pending,pending,
S7ff16fecb25f,2025模拟题/2025各区二模/2025海淀二模/试卷/试卷.pdf,/Users/wanglifei/Desktop/gpt和claude共同的小窝/00_共同资料/原材料/2025模拟题/2025各区二模/2025海淀二模/试卷/试卷.pdf,pdf,7863464,7ff16fecb25f793fecbf8e37570a1cf8e2b281b61696a6cc3e27a9ee6c03da1c,2025模拟题,Y,,2,/Users/wanglifei/Desktop/2025模拟题/2025各区二模/2025海淀二模/试卷/试卷.pdf | /Users/wanglifei/Desktop/gpt和claude共同的小窝/DeepSeek_政治题库资料库_20260918/tmp/zip_extract/2025模拟题/2025µ¿íµïƒΘóÿ/2025σÉäσî║Σ║îµ¿í/2025µ╡╖µ╖ÇΣ║îµ¿í/Φ»òσì╖/Φ»òσì╖.pdf,8,pdfinfo,pending,pending,
Scfb0f19ef38a,2025模拟题/2025各区二模/2025西城二模/细则/细则.docx,/Users/wanglifei/Desktop/gpt和claude共同的小窝/00_共同资料/原材料/2025模拟题/2025各区二模/2025西城二模/细则/细则.docx,docx,43967,cfb0f19ef38aafd7b6376a003734f11398ff25ed6be60e6a22ffc145d4aad78e,2025模拟题,Y,,2,/Users/wanglifei/Desktop/2025模拟题/2025各区二模/2025西城二模/细则/细则.docx | /Users/wanglifei/Desktop/gpt和claude共同的小窝/DeepSeek_政治题库资料库_20260918/tmp/zip_extract/2025模拟题/2025µ¿íµïƒΘóÿ/2025σÉäσî║Σ║îµ¿í/2025ΦÑ┐σƒÄΣ║îµ¿í/τ╗åσêÖ/τ╗åσêÖ.docx,unknown,docx 无固定页数；实测 段落91 表格3,pending,pending,
S06c08602a2f5,2025模拟题/2025各区二模/2025西城二模/试卷/试卷.pdf,/Users/wanglifei/Desktop/gpt和claude共同的小窝/00_共同资料/原材料/2025模拟题/2025各区二模/2025西城二模/试卷/试卷.pdf,pdf,971063,06c08602a2f5c20b87d80e19d16f44954ffac7f4c0442ae03fcb35d5153064f3,2025模拟题,Y,,2,/Users/wanglifei/Desktop/2025模拟题/2025各区二模/2025西城二模/试卷/试卷.pdf | /Users/wanglifei/Desktop/gpt和claude共同的小窝/DeepSeek_政治题库资料库_20260918/tmp/zip_extract/2025模拟题/2025µ¿íµïƒΘóÿ/2025σÉäσî║Σ║îµ¿í/2025ΦÑ┐σƒÄΣ║îµ¿í/Φ»òσì╖/Φ»òσì╖.pdf,10,pdfinfo,pending,pending,
S5b78436dd863,2025模拟题/2025各区期末/2025东城期末/细则/细则.pdf,/Users/wanglifei/Desktop/gpt和claude共同的小窝/00_共同资料/原材料/2025模拟题/2025各区期末/2025东城期末/细则/细则.pdf,pdf,1375593,5b78436dd863858bc3d3d587daf89ed6bcef61f9a5796608fc598bd2931b0029,2025模拟题,Y,,4,/Users/wanglifei/Desktop/2025模拟题/2025各区期末/2025东城期末/细则/细则.pdf | /Users/wanglifei/Desktop/2026模拟题/必修二_v25续作_20260908/交接给ChatPro_20260908_修订31/经济v25_修订31交接/03_原料/2025模拟题/LOCAL-114_细则.pdf | /Users/wanglifei/Desktop/2026模拟题/必修二_v25续作_20260908/协作验收/ChatPro首批10题_20260908/ChatPro候选_首批10题结果/ChatPro候选_证据原件/ChatPro候选_LOCAL-114_细则.pdf | /Users/wanglifei/Desktop/gpt和claude共同的小窝/DeepSeek_政治题库资料库_20260918/tmp/zip_extract/2025模拟题/2025µ¿íµïƒΘóÿ/2025σÉäσî║µ£ƒµ£½/2025Σ╕£σƒÄµ£ƒµ£½/τ╗åσêÖ/τ╗åσêÖ.pdf,17,pdfinfo,pending,pending,
S26b117376526,2025模拟题/2025各区期末/2025东城期末/细则/补充材料/东城期末.pptx,/Users/wanglifei/Desktop/gpt和claude共同的小窝/00_共同资料/原材料/2025模拟题/2025各区期末/2025东城期末/细则/补充材料/东城期末.pptx,pptx,8107362,26b1173765262a2f34fc48932fa71fb8f6c77085cdc57aa27a5b597eb3caa2ec,2025模拟题,Y,,4,/Users/wanglifei/Desktop/2025模拟题/2025各区期末/2025东城期末/细则/补充材料/东城期末.pptx | /Users/wanglifei/Desktop/2026模拟题/必修二_v25续作_20260908/交接给ChatPro_20260908_修订31/经济v25_修订31交接/03_原料/2025模拟题/LOCAL-115_东城期末.pptx | /Users/wanglifei/Desktop/2026模拟题/必修二_v25续作_20260908/协作验收/ChatPro首批10题_20260908/ChatPro候选_首批10题结果/ChatPro候选_证据原件/ChatPro候选_LOCAL-115_东城期末.pptx | /Users/wanglifei/Desktop/gpt和claude共同的小窝/DeepSeek_政治题库资料库_20260918/tmp/zip_extract/2025模拟题/2025µ¿íµïƒΘóÿ/2025σÉäσî║µ£ƒµ£½/2025Σ╕£σƒÄµ£ƒµ£½/τ╗åσêÖ/ΦíÑσààµ¥ÉµûÖ/Σ╕£σƒÄµ£ƒµ£½.pptx,34,python-pptx len(slides),pending,pending,
S8eda36bd87db,2025模拟题/2025各区期末/2025东城期末/试卷/试卷.pdf,/Users/wanglifei/Desktop/gpt和claude共同的小窝/00_共同资料/原材料/2025模拟题/2025各区期末/2025东城期末/试卷/试卷.pdf,pdf,704654,8eda36bd87dba1947b49352c5f2451852bf9c57a58f896f907c8adfd35c12fa9,2025模拟题,Y,,4,/Users/wanglifei/Desktop/2025模拟题/2025各区期末/2025东城期末/试卷/试卷.pdf | /Users/wanglifei/Desktop/2026模拟题/必修二_v25续作_20260908/交接给ChatPro_20260908_修订31/经济v25_修订31交接/03_原料/2025模拟题/LOCAL-116_试卷.pdf | /Users/wanglifei/Desktop/2026模拟题/必修二_v25续作_20260908/协作验收/ChatPro首批10题_20260908/ChatPro候选_首批10题结果/ChatPro候选_证据原件/ChatPro候选_LOCAL-116_试卷.pdf | /Users/wanglifei/Desktop/gpt和claude共同的小窝/DeepSeek_政治题库资料库_20260918/tmp/zip_extract/2025模拟题/2025µ¿íµïƒΘóÿ/2025σÉäσî║µ£ƒµ£½/2025Σ╕£σƒÄµ£ƒµ£½/Φ»òσì╖/Φ»òσì╖.pdf,20,pdfinfo,pending,pending,
S360d57a4b250,2025模拟题/2025各区期末/2025丰台期末/细则/细则.pptx,/Users/wanglifei/Desktop/gpt和claude共同的小窝/00_共同资料/原材料/2025模拟题/2025各区期末/2025丰台期末/细则/细则.pptx,pptx,5796219,360d57a4b250de8126e5f775fae9d9a024b4d8b284c6450e9532daf50fffb691,2025模拟题,Y,,2,/Users/wanglifei/Desktop/2025模拟题/2025各区期末/2025丰台期末/细则/细则.pptx | /Users/wanglifei/Desktop/gpt和claude共同的小窝/DeepSeek_政治题库资料库_20260918/tmp/zip_extract/2025模拟题/2025µ¿íµïƒΘóÿ/2025σÉäσî║µ£ƒµ£½/2025Σ╕░σÅ░µ£ƒµ£½/τ╗åσêÖ/τ╗åσêÖ.pptx,62,python-pptx len(slides),pending,pending,
S89765092a6f2,2025模拟题/2025各区期末/2025丰台期末/试卷/试卷.pdf,/Users/wanglifei/Desktop/gpt和claude共同的小窝/00_共同资料/原材料/2025模拟题/2025各区期末/2025丰台期末/试卷/试卷.pdf,pdf,1008849,89765092a6f26242da94c2aca30992e3b2a42cf803733f8b63641227d1780e70,2025模拟题,Y,,2,/Users/wanglifei/Desktop/2025模拟题/2025各区期末/2025丰台期末/试卷/试卷.pdf | /Users/wanglifei/Desktop/gpt和claude共同的小窝/DeepSeek_政治题库资料库_20260918/tmp/zip_extract/2025模拟题/2025µ¿íµïƒΘóÿ/2025σÉäσî║µ£ƒµ£½/2025Σ╕░σÅ░µ£ƒµ£½/Φ»òσì╖/Φ»òσì╖.pdf,18,pdfinfo,pending,pending,
S195324f05d7e,2025模拟题/2025各区期末/2025朝阳期末/其他材料/朝阳高三期末2025.pptx,/Users/wanglifei/Desktop/gpt和claude共同的小窝/00_共同资料/原材料/2025模拟题/2025各区期末/2025朝阳期末/其他材料/朝阳高三期末2025.pptx,pptx,123585,195324f05d7e2feaa6b932a640fc6fd4c28d2b5b2a7e0e07630096369af21bc6,2025模拟题,Y,,4,/Users/wanglifei/Desktop/2025模拟题/2025各区期末/2025朝阳期末/其他材料/朝阳高三期末2025.pptx | /Users/wanglifei/Desktop/2026模拟题/必修二_v25续作_20260908/交接给ChatPro_20260908_修订31/经济v25_修订31交接/03_原料/2025模拟题/LOCAL-119_朝阳高三期末2025.pptx | /Users/wanglifei/Desktop/2026模拟题/必修二_v25续作_20260908/协作验收/ChatPro首批10题_20260908/ChatPro候选_首批10题结果/ChatPro候选_证据原件/ChatPro候选_LOCAL-119_朝阳高三期末2025.pptx | /Users/wanglifei/Desktop/gpt和claude共同的小窝/DeepSeek_政治题库资料库_20260918/tmp/zip_extract/2025模拟题/2025µ¿íµïƒΘóÿ/2025σÉäσî║µ£ƒµ£½/2025µ£¥Θÿ│µ£ƒµ£½/σà╢Σ╗ûµ¥ÉµûÖ/µ£¥Θÿ│Θ½ÿΣ╕ëµ£ƒµ£½2025.pptx,36,python-pptx len(slides),pending,pending,
S953eaee3f98d,2025模拟题/2025各区期末/2025朝阳期末/细则/细则.pdf,/Users/wanglifei/Desktop/gpt和claude共同的小窝/00_共同资料/原材料/2025模拟题/2025各区期末/2025朝阳期末/细则/细则.pdf,pdf,2249777,953eaee3f98d8598c4fb28ddc0c3a2196d78fb03b0f83b5682ab995ada697ab1,2025模拟题,Y,,4,/Users/wanglifei/Desktop/2025模拟题/2025各区期末/2025朝阳期末/细则/细则.pdf | /Users/wanglifei/Desktop/2026模拟题/必修二_v25续作_20260908/交接给ChatPro_20260908_修订31/经济v25_修订31交接/03_原料/2025模拟题/LOCAL-120_细则.pdf | /Users/wanglifei/Desktop/2026模拟题/必修二_v25续作_20260908/协作验收/ChatPro首批10题_20260908/ChatPro候选_首批10题结果/ChatPro候选_证据原件/ChatPro候选_LOCAL-120_细则.pdf | /Users/wanglifei/Desktop/gpt和claude共同的小窝/DeepSeek_政治题库资料库_20260918/tmp/zip_extract/2025模拟题/2025µ¿íµïƒΘóÿ/2025σÉäσî║µ£ƒµ£½/2025µ£¥Θÿ│µ£ƒµ£½/τ╗åσêÖ/τ╗åσêÖ.pdf,6,pdfinfo,pending,pending,
Sec82917288aa,2025模拟题/2025各区期末/2025朝阳期末/试卷/试卷.pdf,/Users/wanglifei/Desktop/gpt和claude共同的小窝/00_共同资料/原材料/2025模拟题/2025各区期末/2025朝阳期末/试卷/试卷.pdf,pdf,707918,ec82917288aa877415f3102533002f8eb7e891afee82b498d3df253e01833bbe,2025模拟题,Y,,4,/Users/wanglifei/Desktop/2025模拟题/2025各区期末/2025朝阳期末/试卷/试卷.pdf | /Users/wanglifei/Desktop/2026模拟题/必修二_v25续作_20260908/交接给ChatPro_20260908_修订31/经济v25_修订31交接/03_原料/2025模拟题/LOCAL-121_试卷.pdf | /Users/wanglifei/Desktop/2026模拟题/必修二_v25续作_20260908/协作验收/ChatPro首批10题_20260908/ChatPro候选_首批10题结果/ChatPro候选_证据原件/ChatPro候选_LOCAL-121_试卷.pdf | /Users/wanglifei/Desktop/gpt和claude共同的小窝/DeepSeek_政治题库资料库_20260918/tmp/zip_extract/2025模拟题/2025µ¿íµïƒΘóÿ/2025σÉäσî║µ£ƒµ£½/2025µ£¥Θÿ│µ£ƒµ£½/Φ»òσì╖/Φ»òσì╖.pdf,9,pdfinfo,pending,pending,
S7bbd92bd3b93,2025模拟题/2025各区期末/2025海淀期中/细则/细则.docx,/Users/wanglifei/Desktop/gpt和claude共同的小窝/00_共同资料/原材料/2025模拟题/2025各区期末/2025海淀期中/细则/细则.docx,docx,1478316,7bbd92bd3b93e5312173bf19e5608398a262811d7ccd866583a72a8ff2c9f999,2025模拟题,Y,,2,/Users/wanglifei/Desktop/2025模拟题/2025各区期末/2025海淀期中/细则/细则.docx | /Users/wanglifei/Desktop/gpt和claude共同的小窝/DeepSeek_政治题库资料库_20260918/tmp/zip_extract/2025模拟题/2025µ¿íµïƒΘóÿ/2025σÉäσî║µ£ƒµ£½/2025µ╡╖µ╖Çµ£ƒΣ╕¡/τ╗åσêÖ/τ╗åσêÖ.docx,unknown,docx 无固定页数；实测 段落26 表格1,pending,pending,
Sb452d8b4e21b,2025模拟题/2025各区期末/2025海淀期中/试卷/试卷.pdf,/Users/wanglifei/Desktop/gpt和claude共同的小窝/00_共同资料/原材料/2025模拟题/2025各区期末/2025海淀期中/试卷/试卷.pdf,pdf,773864,b452d8b4e21b94beafb2a30a187501771e1c2df3f00495b7b613f90ecc409012,2025模拟题,Y,,2,/Users/wanglifei/Desktop/2025模拟题/2025各区期末/2025海淀期中/试卷/试卷.pdf | /Users/wanglifei/Desktop/gpt和claude共同的小窝/DeepSeek_政治题库资料库_20260918/tmp/zip_extract/2025模拟题/2025µ¿íµïƒΘóÿ/2025σÉäσî║µ£ƒµ£½/2025µ╡╖µ╖Çµ£ƒΣ╕¡/Φ»òσì╖/Φ»òσì╖.pdf,10,pdfinfo,pending,pending,
S4b22b6c78aad,2025模拟题/2025各区期末/2025海淀期末/细则/细则.pptx,/Users/wanglifei/Desktop/gpt和claude共同的小窝/00_共同资料/原材料/2025模拟题/2025各区期末/2025海淀期末/细则/细则.pptx,pptx,8891068,4b22b6c78aaddb3eee446f8030c05abd52c67ca1ba6172e0075474206444e532,2025模拟题,Y,,2,/Users/wanglifei/Desktop/2025模拟题/2025各区期末/2025海淀期末/细则/细则.pptx | /Users/wanglifei/Desktop/gpt和claude共同的小窝/DeepSeek_政治题库资料库_20260918/tmp/zip_extract/2025模拟题/2025µ¿íµïƒΘóÿ/2025σÉäσî║µ£ƒµ£½/2025µ╡╖µ╖Çµ£ƒµ£½/τ╗åσêÖ/τ╗åσêÖ.pptx,71,python-pptx len(slides),pending,pending,
Sb960993a71bd,2025模拟题/2025各区期末/2025海淀期末/试卷/试卷.docx,/Users/wanglifei/Desktop/gpt和claude共同的小窝/00_共同资料/原材料/2025模拟题/2025各区期末/2025海淀期末/试卷/试卷.docx,docx,667420,b960993a71bd93cae7549bc5ccb0b114fdaee6675e64a1d1934b2b9ed5a83542,2025模拟题,Y,,2,/Users/wanglifei/Desktop/2025模拟题/2025各区期末/2025海淀期末/试卷/试卷.docx | /Users/wanglifei/Desktop/gpt和claude共同的小窝/DeepSeek_政治题库资料库_20260918/tmp/zip_extract/2025模拟题/2025µ¿íµïƒΘóÿ/2025σÉäσî║µ£ƒµ£½/2025µ╡╖µ╖Çµ£ƒµ£½/Φ»òσì╖/Φ»òσì╖.docx,unknown,docx 无固定页数；实测 段落165 表格10,pending,pending,
S89d264a31e34,2025模拟题/2025各区期末/2025西城期末/细则/细则.pdf,/Users/wanglifei/Desktop/gpt和claude共同的小窝/00_共同资料/原材料/2025模拟题/2025各区期末/2025西城期末/细则/细则.pdf,pdf,503340,89d264a31e348be6b411fcef6c8c5dd3979dc666dfc1f2c95c244cebdae6d0cd,2025模拟题,Y,,2,/Users/wanglifei/Desktop/2025模拟题/2025各区期末/2025西城期末/细则/细则.pdf | /Users/wanglifei/Desktop/gpt和claude共同的小窝/DeepSeek_政治题库资料库_20260918/tmp/zip_extract/2025模拟题/2025µ¿íµïƒΘóÿ/2025σÉäσî║µ£ƒµ£½/2025ΦÑ┐σƒÄµ£ƒµ£½/τ╗åσêÖ/τ╗åσêÖ.pdf,5,pdfinfo,pending,pending,
S6662da1c2772,2025模拟题/2025各区期末/2025西城期末/试卷/试卷.pdf,/Users/wanglifei/Desktop/gpt和claude共同的小窝/00_共同资料/原材料/2025模拟题/2025各区期末/2025西城期末/试卷/试卷.pdf,pdf,998833,6662da1c2772cc380bf8a297d9a8a6e179867e78344a4263fc97eb1c3b609f9d,2025模拟题,Y,,2,/Users/wanglifei/Desktop/2025模拟题/2025各区期末/2025西城期末/试卷/试卷.pdf | /Users/wanglifei/Desktop/gpt和claude共同的小窝/DeepSeek_政治题库资料库_20260918/tmp/zip_extract/2025模拟题/2025µ¿íµïƒΘóÿ/2025σÉäσî║µ£ƒµ£½/2025ΦÑ┐σƒÄµ£ƒµ£½/Φ»òσì╖/Φ»òσì╖.pdf,10,pdfinfo,pending,pending,
Sbbcb45c7197f,2026模拟题/2026各区一模/2026东城一模/细则/分题细则/东城一模评标细则（勿传）/16.pptx,/Users/wanglifei/Desktop/gpt和claude共同的小窝/00_共同资料/原材料/2026模拟题/2026各区一模/2026东城一模/细则/分题细则/东城一模评标细则（勿传）/16.pptx,pptx,33684424,bbcb45c7197fffbb20ac6b8343a9a44ffd05f04d3b7d37965d11892a35b63ed5,2026模拟题,Y,,3,/Users/wanglifei/Desktop/2026模拟题/2026各区一模/2026东城一模/细则/分题细则/东城一模评标细则（勿传）/16.pptx | /Users/wanglifei/Desktop/gpt和claude共同的小窝/2026模拟题_学生题库_按考试类型整理_20260914/02_一模/2026东城一模/细则/分题细则/东城一模评标细则（勿传）/16.pptx | /Users/wanglifei/Desktop/gpt和claude共同的小窝/DeepSeek_政治题库资料库_20260918/tmp/zip_extract/2026模拟题_完整版/2026µ¿íµïƒΘóÿ_σ¡ªτöƒΘóÿσ║ô_µîëΦÇâΦ»òτ▒╗σ₧ïµò┤τÉå_20260914/02_Σ╕Çµ¿í/2026Σ╕£σƒÄΣ╕Çµ¿í/τ╗åσêÖ/σêåΘóÿτ╗åσêÖ/Σ╕£σƒÄΣ╕Çµ¿íΦ»äµáçτ╗åσêÖ∩╝êσï┐Σ╝á∩╝ë/16.pptx,11,python-pptx len(slides),pending,pending,
S3566266405cd,2026模拟题/2026各区一模/2026东城一模/细则/分题细则/东城一模评标细则（勿传）/17.pptx,/Users/wanglifei/Desktop/gpt和claude共同的小窝/00_共同资料/原材料/2026模拟题/2026各区一模/2026东城一模/细则/分题细则/东城一模评标细则（勿传）/17.pptx,pptx,12028511,3566266405cdbdddbf6a4aaf2d96630aaee0eb8884a608e6c49f86a15b66e08d,2026模拟题,Y,,3,/Users/wanglifei/Desktop/2026模拟题/2026各区一模/2026东城一模/细则/分题细则/东城一模评标细则（勿传）/17.pptx | /Users/wanglifei/Desktop/gpt和claude共同的小窝/2026模拟题_学生题库_按考试类型整理_20260914/02_一模/2026东城一模/细则/分题细则/东城一模评标细则（勿传）/17.pptx | /Users/wanglifei/Desktop/gpt和claude共同的小窝/DeepSeek_政治题库资料库_20260918/tmp/zip_extract/2026模拟题_完整版/2026µ¿íµïƒΘóÿ_σ¡ªτöƒΘóÿσ║ô_µîëΦÇâΦ»òτ▒╗σ₧ïµò┤τÉå_20260914/02_Σ╕Çµ¿í/2026Σ╕£σƒÄΣ╕Çµ¿í/τ╗åσêÖ/σêåΘóÿτ╗åσêÖ/Σ╕£σƒÄΣ╕Çµ¿íΦ»äµáçτ╗åσêÖ∩╝êσï┐Σ╝á∩╝ë/17.pptx,7,python-pptx len(slides),pending,pending,
S5a07157a05d1,2026模拟题/2026各区一模/2026东城一模/细则/分题细则/东城一模评标细则（勿传）/18+选择7、13.pptx,/Users/wanglifei/Desktop/gpt和claude共同的小窝/00_共同资料/原材料/2026模拟题/2026各区一模/2026东城一模/细则/分题细则/东城一模评标细则（勿传）/18+选择7、13.pptx,pptx,19133563,5a07157a05d12bcf3b87917c8c398ade6ae7c38718f386de1ec25a6a7ed62b49,2026模拟题,Y,,3,/Users/wanglifei/Desktop/2026模拟题/2026各区一模/2026东城一模/细则/分题细则/东城一模评标细则（勿传）/18+选择7、13.pptx | /Users/wanglifei/Desktop/gpt和claude共同的小窝/2026模拟题_学生题库_按考试类型整理_20260914/02_一模/2026东城一模/细则/分题细则/东城一模评标细则（勿传）/18+选择7、13.pptx | /Users/wanglifei/Desktop/gpt和claude共同的小窝/DeepSeek_政治题库资料库_20260918/tmp/zip_extract/2026模拟题_完整版/2026µ¿íµïƒΘóÿ_σ¡ªτöƒΘóÿσ║ô_µîëΦÇâΦ»òτ▒╗σ₧ïµò┤τÉå_20260914/02_Σ╕Çµ¿í/2026Σ╕£σƒÄΣ╕Çµ¿í/τ╗åσêÖ/σêåΘóÿτ╗åσêÖ/Σ╕£σƒÄΣ╕Çµ¿íΦ»äµáçτ╗åσêÖ∩╝êσï┐Σ╝á∩╝ë/18+ΘÇëµï⌐7πÇü13.pptx,16,python-pptx len(slides),pending,pending,
S88c00449e9f0,2026模拟题/2026各区一模/2026东城一模/细则/分题细则/东城一模评标细则（勿传）/19（1）.pptx,/Users/wanglifei/Desktop/gpt和claude共同的小窝/00_共同资料/原材料/2026模拟题/2026各区一模/2026东城一模/细则/分题细则/东城一模评标细则（勿传）/19（1）.pptx,pptx,17424512,88c00449e9f02504757db9cab62d5956f249e4a336475b1efaea5f7860bad042,2026模拟题,Y,,3,/Users/wanglifei/Desktop/2026模拟题/2026各区一模/2026东城一模/细则/分题细则/东城一模评标细则（勿传）/19（1）.pptx | /Users/wanglifei/Desktop/gpt和claude共同的小窝/2026模拟题_学生题库_按考试类型整理_20260914/02_一模/2026东城一模/细则/分题细则/东城一模评标细则（勿传）/19（1）.pptx | /Users/wanglifei/Desktop/gpt和claude共同的小窝/DeepSeek_政治题库资料库_20260918/tmp/zip_extract/2026模拟题_完整版/2026µ¿íµïƒΘóÿ_σ¡ªτöƒΘóÿσ║ô_µîëΦÇâΦ»òτ▒╗σ₧ïµò┤τÉå_20260914/02_Σ╕Çµ¿í/2026Σ╕£σƒÄΣ╕Çµ¿í/τ╗åσêÖ/σêåΘóÿτ╗åσêÖ/Σ╕£σƒÄΣ╕Çµ¿íΦ»äµáçτ╗åσêÖ∩╝êσï┐Σ╝á∩╝ë/19∩╝ê1∩╝ë.pptx,4,python-pptx len(slides),pending,pending,
S4e0ae5b46ae6,2026模拟题/2026各区一模/2026东城一模/细则/分题细则/东城一模评标细则（勿传）/19（2）.pptx,/Users/wanglifei/Desktop/gpt和claude共同的小窝/00_共同资料/原材料/2026模拟题/2026各区一模/2026东城一模/细则/分题细则/东城一模评标细则（勿传）/19（2）.pptx,pptx,16444486,4e0ae5b46ae638b90102f9875d5b9de13d8495695693bf8e080e4732d8ecb006,2026模拟题,Y,,3,/Users/wanglifei/Desktop/2026模拟题/2026各区一模/2026东城一模/细则/分题细则/东城一模评标细则（勿传）/19（2）.pptx | /Users/wanglifei/Desktop/gpt和claude共同的小窝/2026模拟题_学生题库_按考试类型整理_20260914/02_一模/2026东城一模/细则/分题细则/东城一模评标细则（勿传）/19（2）.pptx | /Users/wanglifei/Desktop/gpt和claude共同的小窝/DeepSeek_政治题库资料库_20260918/tmp/zip_extract/2026模拟题_完整版/2026µ¿íµïƒΘóÿ_σ¡ªτöƒΘóÿσ║ô_µîëΦÇâΦ»òτ▒╗σ₧ïµò┤τÉå_20260914/02_Σ╕Çµ¿í/2026Σ╕£σƒÄΣ╕Çµ¿í/τ╗åσêÖ/σêåΘóÿτ╗åσêÖ/Σ╕£σƒÄΣ╕Çµ¿íΦ»äµáçτ╗åσêÖ∩╝êσï┐Σ╝á∩╝ë/19∩╝ê2∩╝ë.pptx,12,python-pptx len(slides),pending,pending,
Saa63045ae376,2026模拟题/2026各区一模/2026东城一模/细则/分题细则/东城一模评标细则（勿传）/19（3）.pptx,/Users/wanglifei/Desktop/gpt和claude共同的小窝/00_共同资料/原材料/2026模拟题/2026各区一模/2026东城一模/细则/分题细则/东城一模评标细则（勿传）/19（3）.pptx,pptx,6794799,aa63045ae37602583ef2bf7afc1560f16cef636850303c9db9d8b92e35a7c4f6,2026模拟题,Y,,3,/Users/wanglifei/Desktop/2026模拟题/2026各区一模/2026东城一模/细则/分题细则/东城一模评标细则（勿传）/19（3）.pptx | /Users/wanglifei/Desktop/gpt和claude共同的小窝/2026模拟题_学生题库_按考试类型整理_20260914/02_一模/2026东城一模/细则/分题细则/东城一模评标细则（勿传）/19（3）.pptx | /Users/wanglifei/Desktop/gpt和claude共同的小窝/DeepSeek_政治题库资料库_20260918/tmp/zip_extract/2026模拟题_完整版/2026µ¿íµïƒΘóÿ_σ¡ªτöƒΘóÿσ║ô_µîëΦÇâΦ»òτ▒╗σ₧ïµò┤τÉå_20260914/02_Σ╕Çµ¿í/2026Σ╕£σƒÄΣ╕Çµ¿í/τ╗åσêÖ/σêåΘóÿτ╗åσêÖ/Σ╕£σƒÄΣ╕Çµ¿íΦ»äµáçτ╗åσêÖ∩╝êσï┐Σ╝á∩╝ë/19∩╝ê3∩╝ë.pptx,6,python-pptx len(slides),pending,pending,
S04de6654b5f8,2026模拟题/2026各区一模/2026东城一模/细则/分题细则/东城一模评标细则（勿传）/19（4）.pptx,/Users/wanglifei/Desktop/gpt和claude共同的小窝/00_共同资料/原材料/2026模拟题/2026各区一模/2026东城一模/细则/分题细则/东城一模评标细则（勿传）/19（4）.pptx,pptx,48215605,04de6654b5f867015500adb7e573ee9868caf213c7bb6180d5b4c8458271ef3f,2026模拟题,Y,,3,/Users/wanglifei/Desktop/2026模拟题/2026各区一模/2026东城一模/细则/分题细则/东城一模评标细则（勿传）/19（4）.pptx | /Users/wanglifei/Desktop/gpt和claude共同的小窝/2026模拟题_学生题库_按考试类型整理_20260914/02_一模/2026东城一模/细则/分题细则/东城一模评标细则（勿传）/19（4）.pptx | /Users/wanglifei/Desktop/gpt和claude共同的小窝/DeepSeek_政治题库资料库_20260918/tmp/zip_extract/2026模拟题_完整版/2026µ¿íµïƒΘóÿ_σ¡ªτöƒΘóÿσ║ô_µîëΦÇâΦ»òτ▒╗σ₧ïµò┤τÉå_20260914/02_Σ╕Çµ¿í/2026Σ╕£σƒÄΣ╕Çµ¿í/τ╗åσêÖ/σêåΘóÿτ╗åσêÖ/Σ╕£σƒÄΣ╕Çµ¿íΦ»äµáçτ╗åσêÖ∩╝êσï┐Σ╝á∩╝ë/19∩╝ê4∩╝ë.pptx,8,python-pptx len(slides),pending,pending,
S16fa597a98fe,2026模拟题/2026各区一模/2026东城一模/细则/分题细则/东城一模评标细则（勿传）/20.pptx,/Users/wanglifei/Desktop/gpt和claude共同的小窝/00_共同资料/原材料/2026模拟题/2026各区一模/2026东城一模/细则/分题细则/东城一模评标细则（勿传）/20.pptx,pptx,5399320,16fa597a98fe48b9ede4725233a6971ce13b172dafc4b4997201dd4d1293b299,2026模拟题,Y,,3,/Users/wanglifei/Desktop/2026模拟题/2026各区一模/2026东城一模/细则/分题细则/东城一模评标细则（勿传）/20.pptx | /Users/wanglifei/Desktop/gpt和claude共同的小窝/2026模拟题_学生题库_按考试类型整理_20260914/02_一模/2026东城一模/细则/分题细则/东城一模评标细则（勿传）/20.pptx | /Users/wanglifei/Desktop/gpt和claude共同的小窝/DeepSeek_政治题库资料库_20260918/tmp/zip_extract/2026模拟题_完整版/2026µ¿íµïƒΘóÿ_σ¡ªτöƒΘóÿσ║ô_µîëΦÇâΦ»òτ▒╗σ₧ïµò┤τÉå_20260914/02_Σ╕Çµ¿í/2026Σ╕£σƒÄΣ╕Çµ¿í/τ╗åσêÖ/σêåΘóÿτ╗åσêÖ/Σ╕£σƒÄΣ╕Çµ¿íΦ»äµáçτ╗åσêÖ∩╝êσï┐Σ╝á∩╝ë/20.pptx,7,python-pptx len(slides),pending,pending,
Seaae525d6ec9,2026模拟题/2026各区一模/2026东城一模/细则/细则.pdf,/Users/wanglifei/Desktop/gpt和claude共同的小窝/00_共同资料/原材料/2026模拟题/2026各区一模/2026东城一模/细则/细则.pdf,pdf,6179160,eaae525d6ec9cabbbfc2786669579e5cd251178accc5ed4432223c6196d28929,2026模拟题,Y,,3,/Users/wanglifei/Desktop/2026模拟题/2026各区一模/2026东城一模/细则/细则.pdf | /Users/wanglifei/Desktop/gpt和claude共同的小窝/2026模拟题_学生题库_按考试类型整理_20260914/02_一模/2026东城一模/细则/细则.pdf | /Users/wanglifei/Desktop/gpt和claude共同的小窝/DeepSeek_政治题库资料库_20260918/tmp/zip_extract/2026模拟题_完整版/2026µ¿íµïƒΘóÿ_σ¡ªτöƒΘóÿσ║ô_µîëΦÇâΦ»òτ▒╗σ₧ïµò┤τÉå_20260914/02_Σ╕Çµ¿í/2026Σ╕£σƒÄΣ╕Çµ¿í/τ╗åσêÖ/τ╗åσêÖ.pdf,16,pdfinfo,pending,pending,
S99e851c9338f,2026模拟题/2026各区一模/2026东城一模/细则/补充材料/26东城一模细则.pdf,/Users/wanglifei/Desktop/gpt和claude共同的小窝/00_共同资料/原材料/2026模拟题/2026各区一模/2026东城一模/细则/补充材料/26东城一模细则.pdf,pdf,668225,99e851c9338f0983927c8f90551e5d7f7a5b6a1806599448ab4e8fd12fe9251f,2026模拟题,Y,,3,/Users/wanglifei/Desktop/2026模拟题/2026各区一模/2026东城一模/细则/补充材料/26东城一模细则.pdf | /Users/wanglifei/Desktop/gpt和claude共同的小窝/2026模拟题_学生题库_按考试类型整理_20260914/02_一模/2026东城一模/细则/补充材料/26东城一模细则.pdf | /Users/wanglifei/Desktop/gpt和claude共同的小窝/DeepSeek_政治题库资料库_20260918/tmp/zip_extract/2026模拟题_完整版/2026µ¿íµïƒΘóÿ_σ¡ªτöƒΘóÿσ║ô_µîëΦÇâΦ»òτ▒╗σ₧ïµò┤τÉå_20260914/02_Σ╕Çµ¿í/2026Σ╕£σƒÄΣ╕Çµ¿í/τ╗åσêÖ/ΦíÑσààµ¥ÉµûÖ/26Σ╕£σƒÄΣ╕Çµ¿íτ╗åσêÖ.pdf,16,pdfinfo,pending,pending,
S34b21a3a804e,2026模拟题/2026各区一模/2026东城一模/试卷/补充材料/2026东城一模 原卷扫描版.pdf,/Users/wanglifei/Desktop/gpt和claude共同的小窝/00_共同资料/原材料/2026模拟题/2026各区一模/2026东城一模/试卷/补充材料/2026东城一模 原卷扫描版.pdf,pdf,5246761,34b21a3a804e567c86b3805158e9209c44bd9b8b4ee891f79145f19e889de472,2026模拟题,Y,,3,/Users/wanglifei/Desktop/2026模拟题/2026各区一模/2026东城一模/试卷/补充材料/2026东城一模 原卷扫描版.pdf | /Users/wanglifei/Desktop/gpt和claude共同的小窝/2026模拟题_学生题库_按考试类型整理_20260914/02_一模/2026东城一模/试卷/补充材料/2026东城一模 原卷扫描版.pdf | /Users/wanglifei/Desktop/gpt和claude共同的小窝/DeepSeek_政治题库资料库_20260918/tmp/zip_extract/2026模拟题_完整版/2026µ¿íµïƒΘóÿ_σ¡ªτöƒΘóÿσ║ô_µîëΦÇâΦ»òτ▒╗σ₧ïµò┤τÉå_20260914/02_Σ╕Çµ¿í/2026Σ╕£σƒÄΣ╕Çµ¿í/Φ»òσì╖/ΦíÑσààµ¥ÉµûÖ/2026Σ╕£σƒÄΣ╕Çµ¿í σÄƒσì╖µë½µÅÅτëê.pdf,10,pdfinfo,pending,pending,
S0dafc181e82e,2026模拟题/2026各区一模/2026东城一模/试卷/试卷.pdf,/Users/wanglifei/Desktop/gpt和claude共同的小窝/00_共同资料/原材料/2026模拟题/2026各区一模/2026东城一模/试卷/试卷.pdf,pdf,945774,0dafc181e82eb031dae6bc668d9e0f91cb614dfbc09cb48711d5c97a93b7a195,2026模拟题,Y,,3,/Users/wanglifei/Desktop/2026模拟题/2026各区一模/2026东城一模/试卷/试卷.pdf | /Users/wanglifei/Desktop/gpt和claude共同的小窝/2026模拟题_学生题库_按考试类型整理_20260914/02_一模/2026东城一模/试卷/试卷.pdf | /Users/wanglifei/Desktop/gpt和claude共同的小窝/DeepSeek_政治题库资料库_20260918/tmp/zip_extract/2026模拟题_完整版/2026µ¿íµïƒΘóÿ_σ¡ªτöƒΘóÿσ║ô_µîëΦÇâΦ»òτ▒╗σ₧ïµò┤τÉå_20260914/02_Σ╕Çµ¿í/2026Σ╕£σƒÄΣ╕Çµ¿í/Φ»òσì╖/Φ»òσì╖.pdf,10,pdfinfo,pending,pending,
S26649804f1de,2026模拟题/2026各区一模/2026丰台一模/细则/细则.pptx,/Users/wanglifei/Desktop/gpt和claude共同的小窝/00_共同资料/原材料/2026模拟题/2026各区一模/2026丰台一模/细则/细则.pptx,pptx,23449985,26649804f1de31f52829752b234da32ee8eb8e383501b558ab6c598dd3f9155d,2026模拟题,Y,,3,/Users/wanglifei/Desktop/2026模拟题/2026各区一模/2026丰台一模/细则/细则.pptx | /Users/wanglifei/Desktop/gpt和claude共同的小窝/2026模拟题_学生题库_按考试类型整理_20260914/02_一模/2026丰台一模/细则/细则.pptx | /Users/wanglifei/Desktop/gpt和claude共同的小窝/DeepSeek_政治题库资料库_20260918/tmp/zip_extract/2026模拟题_完整版/2026µ¿íµïƒΘóÿ_σ¡ªτöƒΘóÿσ║ô_µîëΦÇâΦ»òτ▒╗σ₧ïµò┤τÉå_20260914/02_Σ╕Çµ¿í/2026Σ╕░σÅ░Σ╕Çµ¿í/τ╗åσêÖ/τ╗åσêÖ.pptx,68,python-pptx len(slides),pending,pending,
S6e8f2df5ef86,2026模拟题/2026各区一模/2026丰台一模/试卷/试卷.pdf,/Users/wanglifei/Desktop/gpt和claude共同的小窝/00_共同资料/原材料/2026模拟题/2026各区一模/2026丰台一模/试卷/试卷.pdf,pdf,5971693,6e8f2df5ef86ff9e362187a1d36fce5a516ea1729d49807243da9a9b0fa73847,2026模拟题,Y,,3,/Users/wanglifei/Desktop/2026模拟题/2026各区一模/2026丰台一模/试卷/试卷.pdf | /Users/wanglifei/Desktop/gpt和claude共同的小窝/2026模拟题_学生题库_按考试类型整理_20260914/02_一模/2026丰台一模/试卷/试卷.pdf | /Users/wanglifei/Desktop/gpt和claude共同的小窝/DeepSeek_政治题库资料库_20260918/tmp/zip_extract/2026模拟题_完整版/2026µ¿íµïƒΘóÿ_σ¡ªτöƒΘóÿσ║ô_µîëΦÇâΦ»òτ▒╗σ₧ïµò┤τÉå_20260914/02_Σ╕Çµ¿í/2026Σ╕░σÅ░Σ╕Çµ¿í/Φ»òσì╖/Φ»òσì╖.pdf,10,pdfinfo,pending,pending,
S2e0f67df1ab7,2026模拟题/2026各区一模/2026延庆一模/细则/细则.docx,/Users/wanglifei/Desktop/gpt和claude共同的小窝/00_共同资料/原材料/2026模拟题/2026各区一模/2026延庆一模/细则/细则.docx,docx,24071,2e0f67df1ab78a60dccde6bec64faee10f32e14f8feed1c53959d700e5c8afcb,2026模拟题,Y,,3,/Users/wanglifei/Desktop/2026模拟题/2026各区一模/2026延庆一模/细则/细则.docx | /Users/wanglifei/Desktop/gpt和claude共同的小窝/2026模拟题_学生题库_按考试类型整理_20260914/02_一模/2026延庆一模/细则/细则.docx | /Users/wanglifei/Desktop/gpt和claude共同的小窝/DeepSeek_政治题库资料库_20260918/tmp/zip_extract/2026模拟题_完整版/2026µ¿íµïƒΘóÿ_σ¡ªτöƒΘóÿσ║ô_µîëΦÇâΦ»òτ▒╗σ₧ïµò┤τÉå_20260914/02_Σ╕Çµ¿í/2026σ╗╢σ║åΣ╕Çµ¿í/τ╗åσêÖ/τ╗åσêÖ.docx,unknown,docx 无固定页数；实测 段落61 表格3,pending,pending,
Scc9193041171,2026模拟题/2026各区一模/2026延庆一模/试卷/试卷.pdf,/Users/wanglifei/Desktop/gpt和claude共同的小窝/00_共同资料/原材料/2026模拟题/2026各区一模/2026延庆一模/试卷/试卷.pdf,pdf,694178,cc91930411716013bd6f2388cdd62ec95ccd6409a6328abd732df10553726e41,2026模拟题,Y,,3,/Users/wanglifei/Desktop/2026模拟题/2026各区一模/2026延庆一模/试卷/试卷.pdf | /Users/wanglifei/Desktop/gpt和claude共同的小窝/2026模拟题_学生题库_按考试类型整理_20260914/02_一模/2026延庆一模/试卷/试卷.pdf | /Users/wanglifei/Desktop/gpt和claude共同的小窝/DeepSeek_政治题库资料库_20260918/tmp/zip_extract/2026模拟题_完整版/2026µ¿íµïƒΘóÿ_σ¡ªτöƒΘóÿσ║ô_µîëΦÇâΦ»òτ▒╗σ₧ïµò┤τÉå_20260914/02_Σ╕Çµ¿í/2026σ╗╢σ║åΣ╕Çµ¿í/Φ»òσì╖/Φ»òσì╖.pdf,9,pdfinfo,pending,pending,
S0ca482adfc64,2026模拟题/2026各区一模/2026房山一模/细则/细则.docx,/Users/wanglifei/Desktop/gpt和claude共同的小窝/00_共同资料/原材料/2026模拟题/2026各区一模/2026房山一模/细则/细则.docx,docx,45608,0ca482adfc64b0d7023d9f1012005aa3ebd02abee75eb9451c97ad8d281c0d96,2026模拟题,Y,,3,/Users/wanglifei/Desktop/2026模拟题/2026各区一模/2026房山一模/细则/细则.docx | /Users/wanglifei/Desktop/gpt和claude共同的小窝/2026模拟题_学生题库_按考试类型整理_20260914/02_一模/2026房山一模/细则/细则.docx | /Users/wanglifei/Desktop/gpt和claude共同的小窝/DeepSeek_政治题库资料库_20260918/tmp/zip_extract/2026模拟题_完整版/2026µ¿íµïƒΘóÿ_σ¡ªτöƒΘóÿσ║ô_µîëΦÇâΦ»òτ▒╗σ₧ïµò┤τÉå_20260914/02_Σ╕Çµ¿í/2026µê┐σ▒▒Σ╕Çµ¿í/τ╗åσêÖ/τ╗åσêÖ.docx,unknown,docx 无固定页数；实测 段落84 表格0,pending,pending,
Se37482eff39f,2026模拟题/2026各区一模/2026房山一模/试卷/试卷.pdf,/Users/wanglifei/Desktop/gpt和claude共同的小窝/00_共同资料/原材料/2026模拟题/2026各区一模/2026房山一模/试卷/试卷.pdf,pdf,4378557,e37482eff39f36180903a44c78d4f80464c817cd0ceeca5c35c51f5c4a7b5bf9,2026模拟题,Y,,3,/Users/wanglifei/Desktop/2026模拟题/2026各区一模/2026房山一模/试卷/试卷.pdf | /Users/wanglifei/Desktop/gpt和claude共同的小窝/2026模拟题_学生题库_按考试类型整理_20260914/02_一模/2026房山一模/试卷/试卷.pdf | /Users/wanglifei/Desktop/gpt和claude共同的小窝/DeepSeek_政治题库资料库_20260918/tmp/zip_extract/2026模拟题_完整版/2026µ¿íµïƒΘóÿ_σ¡ªτöƒΘóÿσ║ô_µîëΦÇâΦ»òτ▒╗σ₧ïµò┤τÉå_20260914/02_Σ╕Çµ¿í/2026µê┐σ▒▒Σ╕Çµ¿í/Φ»òσì╖/Φ»òσì╖.pdf,11,pdfinfo,pending,pending,
S3a11db4bade2,2026模拟题/2026各区一模/2026朝阳一模/细则/细则.docx,/Users/wanglifei/Desktop/gpt和claude共同的小窝/00_共同资料/原材料/2026模拟题/2026各区一模/2026朝阳一模/细则/细则.docx,docx,24525,3a11db4bade216d1f174fab8e1b27f29e9b12e1a6b309296103b20e7c67c230d,2026模拟题,Y,,3,/Users/wanglifei/Desktop/2026模拟题/2026各区一模/2026朝阳一模/细则/细则.docx | /Users/wanglifei/Desktop/gpt和claude共同的小窝/2026模拟题_学生题库_按考试类型整理_20260914/02_一模/2026朝阳一模/细则/细则.docx | /Users/wanglifei/Desktop/gpt和claude共同的小窝/DeepSeek_政治题库资料库_20260918/tmp/zip_extract/2026模拟题_完整版/2026µ¿íµïƒΘóÿ_σ¡ªτöƒΘóÿσ║ô_µîëΦÇâΦ»òτ▒╗σ₧ïµò┤τÉå_20260914/02_Σ╕Çµ¿í/2026µ£¥Θÿ│Σ╕Çµ¿í/τ╗åσêÖ/τ╗åσêÖ.docx,unknown,docx 无固定页数；实测 段落128 表格0,pending,pending,
S585b15124610,2026模拟题/2026各区一模/2026朝阳一模/试卷/试卷.pdf,/Users/wanglifei/Desktop/gpt和claude共同的小窝/00_共同资料/原材料/2026模拟题/2026各区一模/2026朝阳一模/试卷/试卷.pdf,pdf,668962,585b15124610aff7afffd93a3c4753f4b89eb9cd2dc1060a17022cecb4d8a8d9,2026模拟题,Y,,3,/Users/wanglifei/Desktop/2026模拟题/2026各区一模/2026朝阳一模/试卷/试卷.pdf | /Users/wanglifei/Desktop/gpt和claude共同的小窝/2026模拟题_学生题库_按考试类型整理_20260914/02_一模/2026朝阳一模/试卷/试卷.pdf | /Users/wanglifei/Desktop/gpt和claude共同的小窝/DeepSeek_政治题库资料库_20260918/tmp/zip_extract/2026模拟题_完整版/2026µ¿íµïƒΘóÿ_σ¡ªτöƒΘóÿσ║ô_µîëΦÇâΦ»òτ▒╗σ₧ïµò┤τÉå_20260914/02_Σ╕Çµ¿í/2026µ£¥Θÿ│Σ╕Çµ¿í/Φ»òσì╖/Φ»òσì╖.pdf,13,pdfinfo,pending,pending,
S9b5ac8fd0cfe,2026模拟题/2026各区一模/2026海淀一模/细则/细则.pdf,/Users/wanglifei/Desktop/gpt和claude共同的小窝/00_共同资料/原材料/2026模拟题/2026各区一模/2026海淀一模/细则/细则.pdf,pdf,2405986,9b5ac8fd0cfe59cb5dd47ea200078c3342a8cfc212be1cbe8a8f13044a540111,2026模拟题,Y,,3,/Users/wanglifei/Desktop/2026模拟题/2026各区一模/2026海淀一模/细则/细则.pdf | /Users/wanglifei/Desktop/gpt和claude共同的小窝/2026模拟题_学生题库_按考试类型整理_20260914/02_一模/2026海淀一模/细则/细则.pdf | /Users/wanglifei/Desktop/gpt和claude共同的小窝/DeepSeek_政治题库资料库_20260918/tmp/zip_extract/2026模拟题_完整版/2026µ¿íµïƒΘóÿ_σ¡ªτöƒΘóÿσ║ô_µîëΦÇâΦ»òτ▒╗σ₧ïµò┤τÉå_20260914/02_Σ╕Çµ¿í/2026µ╡╖µ╖ÇΣ╕Çµ¿í/τ╗åσêÖ/τ╗åσêÖ.pdf,8,pdfinfo,pending,pending,
S03e0412bb805,2026模拟题/2026各区一模/2026海淀一模/试卷/试卷.pdf,/Users/wanglifei/Desktop/gpt和claude共同的小窝/00_共同资料/原材料/2026模拟题/2026各区一模/2026海淀一模/试卷/试卷.pdf,pdf,1739453,03e0412bb80579d817c36d81a80cbe3caaf6ba114b5ff7272a9ec5582696b547,2026模拟题,Y,,3,/Users/wanglifei/Desktop/2026模拟题/2026各区一模/2026海淀一模/试卷/试卷.pdf | /Users/wanglifei/Desktop/gpt和claude共同的小窝/2026模拟题_学生题库_按考试类型整理_20260914/02_一模/2026海淀一模/试卷/试卷.pdf | /Users/wanglifei/Desktop/gpt和claude共同的小窝/DeepSeek_政治题库资料库_20260918/tmp/zip_extract/2026模拟题_完整版/2026µ¿íµïƒΘóÿ_σ¡ªτöƒΘóÿσ║ô_µîëΦÇâΦ»òτ▒╗σ₧ïµò┤τÉå_20260914/02_Σ╕Çµ¿í/2026µ╡╖µ╖ÇΣ╕Çµ¿í/Φ»òσì╖/Φ»òσì╖.pdf,8,pdfinfo,pending,pending,
S78d97b669465,2026模拟题/2026各区一模/2026石景山一模/细则/细则.doc,/Users/wanglifei/Desktop/gpt和claude共同的小窝/00_共同资料/原材料/2026模拟题/2026各区一模/2026石景山一模/细则/细则.doc,doc,61440,78d97b669465d8a5bf5290a80e0c500f202c2ee8aa2e7bf6ed082a1be6a57ef3,2026模拟题,Y,,3,/Users/wanglifei/Desktop/2026模拟题/2026各区一模/2026石景山一模/细则/细则.doc | /Users/wanglifei/Desktop/gpt和claude共同的小窝/2026模拟题_学生题库_按考试类型整理_20260914/02_一模/2026石景山一模/细则/细则.doc | /Users/wanglifei/Desktop/gpt和claude共同的小窝/DeepSeek_政治题库资料库_20260918/tmp/zip_extract/2026模拟题_完整版/2026µ¿íµïƒΘóÿ_σ¡ªτöƒΘóÿσ║ô_µîëΦÇâΦ»òτ▒╗σ₧ïµò┤τÉå_20260914/02_Σ╕Çµ¿í/2026τƒ│µÖ»σ▒▒Σ╕Çµ¿í/τ╗åσêÖ/τ╗åσêÖ.doc,unknown,.doc 旧格式未转换，页数待 soffice 转换后取得,pending,pending,
S0d4a5cd29c2e,2026模拟题/2026各区一模/2026石景山一模/试卷/试卷.pdf,/Users/wanglifei/Desktop/gpt和claude共同的小窝/00_共同资料/原材料/2026模拟题/2026各区一模/2026石景山一模/试卷/试卷.pdf,pdf,701385,0d4a5cd29c2e69615b523f3c9a7d0170dcc7a1e3362e8e1e1f68ab6c2cd7a2de,2026模拟题,Y,,3,/Users/wanglifei/Desktop/2026模拟题/2026各区一模/2026石景山一模/试卷/试卷.pdf | /Users/wanglifei/Desktop/gpt和claude共同的小窝/2026模拟题_学生题库_按考试类型整理_20260914/02_一模/2026石景山一模/试卷/试卷.pdf | /Users/wanglifei/Desktop/gpt和claude共同的小窝/DeepSeek_政治题库资料库_20260918/tmp/zip_extract/2026模拟题_完整版/2026µ¿íµïƒΘóÿ_σ¡ªτöƒΘóÿσ║ô_µîëΦÇâΦ»òτ▒╗σ₧ïµò┤τÉå_20260914/02_Σ╕Çµ¿í/2026τƒ│µÖ»σ▒▒Σ╕Çµ¿í/Φ»òσì╖/Φ»òσì╖.pdf,10,pdfinfo,pending,pending,
S22206a780a15,2026模拟题/2026各区一模/2026西城一模/细则/细则.docx,/Users/wanglifei/Desktop/gpt和claude共同的小窝/00_共同资料/原材料/2026模拟题/2026各区一模/2026西城一模/细则/细则.docx,docx,21457,22206a780a1503a6d8a61a86f8f18a8c5cfac2d7cb1851a84e668d8dd356eae0,2026模拟题,Y,,3,/Users/wanglifei/Desktop/2026模拟题/2026各区一模/2026西城一模/细则/细则.docx | /Users/wanglifei/Desktop/gpt和claude共同的小窝/2026模拟题_学生题库_按考试类型整理_20260914/02_一模/2026西城一模/细则/细则.docx | /Users/wanglifei/Desktop/gpt和claude共同的小窝/DeepSeek_政治题库资料库_20260918/tmp/zip_extract/2026模拟题_完整版/2026µ¿íµïƒΘóÿ_σ¡ªτöƒΘóÿσ║ô_µîëΦÇâΦ»òτ▒╗σ₧ïµò┤τÉå_20260914/02_Σ╕Çµ¿í/2026ΦÑ┐σƒÄΣ╕Çµ¿í/τ╗åσêÖ/τ╗åσêÖ.docx,unknown,docx 无固定页数；实测 段落92 表格0,pending,pending,
S5581e0237e86,2026模拟题/2026各区一模/2026西城一模/试卷/补充材料/2026北京西城高三一模政治.pdf,/Users/wanglifei/Desktop/gpt和claude共同的小窝/00_共同资料/原材料/2026模拟题/2026各区一模/2026西城一模/试卷/补充材料/2026北京西城高三一模政治.pdf,pdf,13170039,5581e0237e861511efb8400525d43aa042ca59a4fa0878e1e249617f4397ecc2,2026模拟题,Y,,3,/Users/wanglifei/Desktop/2026模拟题/2026各区一模/2026西城一模/试卷/补充材料/2026北京西城高三一模政治.pdf | /Users/wanglifei/Desktop/gpt和claude共同的小窝/2026模拟题_学生题库_按考试类型整理_20260914/02_一模/2026西城一模/试卷/补充材料/2026北京西城高三一模政治.pdf | /Users/wanglifei/Desktop/gpt和claude共同的小窝/DeepSeek_政治题库资料库_20260918/tmp/zip_extract/2026模拟题_完整版/2026µ¿íµïƒΘóÿ_σ¡ªτöƒΘóÿσ║ô_µîëΦÇâΦ»òτ▒╗σ₧ïµò┤τÉå_20260914/02_Σ╕Çµ¿í/2026ΦÑ┐σƒÄΣ╕Çµ¿í/Φ»òσì╖/ΦíÑσààµ¥ÉµûÖ/2026σîùΣ║¼ΦÑ┐σƒÄΘ½ÿΣ╕ëΣ╕Çµ¿íµö┐µ▓╗.pdf,11,pdfinfo,pending,pending,
S795b221243cd,2026模拟题/2026各区一模/2026西城一模/试卷/试卷.docx,/Users/wanglifei/Desktop/gpt和claude共同的小窝/00_共同资料/原材料/2026模拟题/2026各区一模/2026西城一模/试卷/试卷.docx,docx,4178588,795b221243cdf7b62b7199bf41649f11c1e749c2c9199b3afbe13b6489e1dc61,2026模拟题,Y,,3,/Users/wanglifei/Desktop/2026模拟题/2026各区一模/2026西城一模/试卷/试卷.docx | /Users/wanglifei/Desktop/gpt和claude共同的小窝/2026模拟题_学生题库_按考试类型整理_20260914/02_一模/2026西城一模/试卷/试卷.docx | /Users/wanglifei/Desktop/gpt和claude共同的小窝/DeepSeek_政治题库资料库_20260918/tmp/zip_extract/2026模拟题_完整版/2026µ¿íµïƒΘóÿ_σ¡ªτöƒΘóÿσ║ô_µîëΦÇâΦ»òτ▒╗σ₧ïµò┤τÉå_20260914/02_Σ╕Çµ¿í/2026ΦÑ┐σƒÄΣ╕Çµ¿í/Φ»òσì╖/Φ»òσì╖.docx,unknown,docx 无固定页数；实测 段落173 表格1,pending,pending,
S7100a8d418c6,2026模拟题/2026各区一模/2026通州一模/细则/26 通州一模评标.pdf,/Users/wanglifei/Desktop/gpt和claude共同的小窝/00_共同资料/原材料/2026模拟题/2026各区一模/2026通州一模/细则/26 通州一模评标.pdf,pdf,1769056,7100a8d418c6747d2d80d4cc83813f8622589640882ebd92f5e09fbb29fb3e5e,2026模拟题,Y,,3,/Users/wanglifei/Desktop/2026模拟题/2026各区一模/2026通州一模/细则/26 通州一模评标.pdf | /Users/wanglifei/Desktop/gpt和claude共同的小窝/2026模拟题_学生题库_按考试类型整理_20260914/02_一模/2026通州一模/细则/26 通州一模评标.pdf | /Users/wanglifei/Desktop/gpt和claude共同的小窝/DeepSeek_政治题库资料库_20260918/tmp/zip_extract/2026模拟题_完整版/2026µ¿íµïƒΘóÿ_σ¡ªτöƒΘóÿσ║ô_µîëΦÇâΦ»òτ▒╗σ₧ïµò┤τÉå_20260914/02_Σ╕Çµ¿í/2026ΘÇÜσ╖₧Σ╕Çµ¿í/τ╗åσêÖ/26 ΘÇÜσ╖₧Σ╕Çµ¿íΦ»äµáç.pdf,16,pdfinfo,pending,pending,
Sdced3f305445,2026模拟题/2026各区一模/2026通州一模/试卷/2026北京通州高三一模政治.pdf,/Users/wanglifei/Desktop/gpt和claude共同的小窝/00_共同资料/原材料/2026模拟题/2026各区一模/2026通州一模/试卷/2026北京通州高三一模政治.pdf,pdf,8260419,dced3f3054457ebcf15b8217e10703e359761f0c131ea57678cfea5dbada1c34,2026模拟题,Y,,3,/Users/wanglifei/Desktop/2026模拟题/2026各区一模/2026通州一模/试卷/2026北京通州高三一模政治.pdf | /Users/wanglifei/Desktop/gpt和claude共同的小窝/2026模拟题_学生题库_按考试类型整理_20260914/02_一模/2026通州一模/试卷/2026北京通州高三一模政治.pdf | /Users/wanglifei/Desktop/gpt和claude共同的小窝/DeepSeek_政治题库资料库_20260918/tmp/zip_extract/2026模拟题_完整版/2026µ¿íµïƒΘóÿ_σ¡ªτöƒΘóÿσ║ô_µîëΦÇâΦ»òτ▒╗σ₧ïµò┤τÉå_20260914/02_Σ╕Çµ¿í/2026ΘÇÜσ╖₧Σ╕Çµ¿í/Φ»òσì╖/2026σîùΣ║¼ΘÇÜσ╖₧Θ½ÿΣ╕ëΣ╕Çµ¿íµö┐µ▓╗.pdf,10,pdfinfo,pending,pending,
S89313bd87150,2026模拟题/2026各区一模/2026门头沟一模/细则/细则.docx,/Users/wanglifei/Desktop/gpt和claude共同的小窝/00_共同资料/原材料/2026模拟题/2026各区一模/2026门头沟一模/细则/细则.docx,docx,23845,89313bd871502cf49c53f220152183ae2ba55a2dd906afe5e8553f1a91d1f155,2026模拟题,Y,,3,/Users/wanglifei/Desktop/2026模拟题/2026各区一模/2026门头沟一模/细则/细则.docx | /Users/wanglifei/Desktop/gpt和claude共同的小窝/2026模拟题_学生题库_按考试类型整理_20260914/02_一模/2026门头沟一模/细则/细则.docx | /Users/wanglifei/Desktop/gpt和claude共同的小窝/DeepSeek_政治题库资料库_20260918/tmp/zip_extract/2026模拟题_完整版/2026µ¿íµïƒΘóÿ_σ¡ªτöƒΘóÿσ║ô_µîëΦÇâΦ»òτ▒╗σ₧ïµò┤τÉå_20260914/02_Σ╕Çµ¿í/2026Θù¿σñ┤µ▓ƒΣ╕Çµ¿í/τ╗åσêÖ/τ╗åσêÖ.docx,unknown,docx 无固定页数；实测 段落67 表格5,pending,pending,
Se84e6bbdd898,2026模拟题/2026各区一模/2026门头沟一模/试卷/试卷.pdf,/Users/wanglifei/Desktop/gpt和claude共同的小窝/00_共同资料/原材料/2026模拟题/2026各区一模/2026门头沟一模/试卷/试卷.pdf,pdf,1288180,e84e6bbdd89889788d65b9e10336673c02fbe30f450617204af1a41d5136b711,2026模拟题,Y,,3,/Users/wanglifei/Desktop/2026模拟题/2026各区一模/2026门头沟一模/试卷/试卷.pdf | /Users/wanglifei/Desktop/gpt和claude共同的小窝/2026模拟题_学生题库_按考试类型整理_20260914/02_一模/2026门头沟一模/试卷/试卷.pdf | /Users/wanglifei/Desktop/gpt和claude共同的小窝/DeepSeek_政治题库资料库_20260918/tmp/zip_extract/2026模拟题_完整版/2026µ¿íµïƒΘóÿ_σ¡ªτöƒΘóÿσ║ô_µîëΦÇâΦ»òτ▒╗σ₧ïµò┤τÉå_20260914/02_Σ╕Çµ¿í/2026Θù¿σñ┤µ▓ƒΣ╕Çµ¿í/Φ»òσì╖/Φ»òσì╖.pdf,8,pdfinfo,pending,pending,
Sde758e5e7950,2026模拟题/2026各区一模/2026顺义一模/细则/细则.pptx,/Users/wanglifei/Desktop/gpt和claude共同的小窝/00_共同资料/原材料/2026模拟题/2026各区一模/2026顺义一模/细则/细则.pptx,pptx,119656,de758e5e79500dd06e08fd5c9bb4ddc1a7dfcd46546912d0b3a0c989fda7e724,2026模拟题,Y,,3,/Users/wanglifei/Desktop/2026模拟题/2026各区一模/2026顺义一模/细则/细则.pptx | /Users/wanglifei/Desktop/gpt和claude共同的小窝/2026模拟题_学生题库_按考试类型整理_20260914/02_一模/2026顺义一模/细则/细则.pptx | /Users/wanglifei/Desktop/gpt和claude共同的小窝/DeepSeek_政治题库资料库_20260918/tmp/zip_extract/2026模拟题_完整版/2026µ¿íµïƒΘóÿ_σ¡ªτöƒΘóÿσ║ô_µîëΦÇâΦ»òτ▒╗σ₧ïµò┤τÉå_20260914/02_Σ╕Çµ¿í/2026Θí║Σ╣ëΣ╕Çµ¿í/τ╗åσêÖ/τ╗åσêÖ.pptx,11,python-pptx len(slides),pending,pending,
S8d19592ca067,2026模拟题/2026各区一模/2026顺义一模/试卷/试卷.pdf,/Users/wanglifei/Desktop/gpt和claude共同的小窝/00_共同资料/原材料/2026模拟题/2026各区一模/2026顺义一模/试卷/试卷.pdf,pdf,2907362,8d19592ca0679f21b03f2934dabb0ae46fae9c5b58dbb8e8b79607e35bd9fa06,2026模拟题,Y,,3,/Users/wanglifei/Desktop/2026模拟题/2026各区一模/2026顺义一模/试卷/试卷.pdf | /Users/wanglifei/Desktop/gpt和claude共同的小窝/2026模拟题_学生题库_按考试类型整理_20260914/02_一模/2026顺义一模/试卷/试卷.pdf | /Users/wanglifei/Desktop/gpt和claude共同的小窝/DeepSeek_政治题库资料库_20260918/tmp/zip_extract/2026模拟题_完整版/2026µ¿íµïƒΘóÿ_σ¡ªτöƒΘóÿσ║ô_µîëΦÇâΦ»òτ▒╗σ₧ïµò┤τÉå_20260914/02_Σ╕Çµ¿í/2026Θí║Σ╣ëΣ╕Çµ¿í/Φ»òσì╖/Φ»òσì╖.pdf,12,pdfinfo,pending,pending,
Sc4b3300418ae,2026模拟题/2026各区二模/2026东城二模/细则/16.pdf,/Users/wanglifei/Desktop/gpt和claude共同的小窝/00_共同资料/原材料/2026模拟题/2026各区二模/2026东城二模/细则/16.pdf,pdf,638739,c4b3300418aef3c016660d764b9ce2daec79d5626840f534a44adb2433717738,2026模拟题,Y,,3,/Users/wanglifei/Desktop/2026模拟题/2026各区二模/2026东城二模/细则/16.pdf | /Users/wanglifei/Desktop/gpt和claude共同的小窝/2026模拟题_学生题库_按考试类型整理_20260914/03_二模/2026东城二模/细则/16.pdf | /Users/wanglifei/Desktop/gpt和claude共同的小窝/DeepSeek_政治题库资料库_20260918/tmp/zip_extract/2026模拟题_完整版/2026µ¿íµïƒΘóÿ_σ¡ªτöƒΘóÿσ║ô_µîëΦÇâΦ»òτ▒╗σ₧ïµò┤τÉå_20260914/03_Σ║îµ¿í/2026Σ╕£σƒÄΣ║îµ¿í/τ╗åσêÖ/16.pdf,5,pdfinfo,pending,pending,
Se90ac6d5f3ee,2026模拟题/2026各区二模/2026东城二模/细则/17题评标.pdf,/Users/wanglifei/Desktop/gpt和claude共同的小窝/00_共同资料/原材料/2026模拟题/2026各区二模/2026东城二模/细则/17题评标.pdf,pdf,159887,e90ac6d5f3ee246fd74870d44cfe1b2a12cb2fd261a8ab236418cf60fca30a20,2026模拟题,Y,,3,/Users/wanglifei/Desktop/2026模拟题/2026各区二模/2026东城二模/细则/17题评标.pdf | /Users/wanglifei/Desktop/gpt和claude共同的小窝/2026模拟题_学生题库_按考试类型整理_20260914/03_二模/2026东城二模/细则/17题评标.pdf | /Users/wanglifei/Desktop/gpt和claude共同的小窝/DeepSeek_政治题库资料库_20260918/tmp/zip_extract/2026模拟题_完整版/2026µ¿íµïƒΘóÿ_σ¡ªτöƒΘóÿσ║ô_µîëΦÇâΦ»òτ▒╗σ₧ïµò┤τÉå_20260914/03_Σ║îµ¿í/2026Σ╕£σƒÄΣ║îµ¿í/τ╗åσêÖ/17ΘóÿΦ»äµáç.pdf,3,pdfinfo,pending,pending,
Sd007267f6e1c,2026模拟题/2026各区二模/2026东城二模/细则/18题阅卷细则(5.9).pdf,/Users/wanglifei/Desktop/gpt和claude共同的小窝/00_共同资料/原材料/2026模拟题/2026各区二模/2026东城二模/细则/18题阅卷细则(5.9).pdf,pdf,520382,d007267f6e1c8f6225cba4547e5ccbd8108f1f15a0505dd3d8edb304aeb1ceda,2026模拟题,Y,,3,/Users/wanglifei/Desktop/2026模拟题/2026各区二模/2026东城二模/细则/18题阅卷细则(5.9).pdf | /Users/wanglifei/Desktop/gpt和claude共同的小窝/2026模拟题_学生题库_按考试类型整理_20260914/03_二模/2026东城二模/细则/18题阅卷细则(5.9).pdf | /Users/wanglifei/Desktop/gpt和claude共同的小窝/DeepSeek_政治题库资料库_20260918/tmp/zip_extract/2026模拟题_完整版/2026µ¿íµïƒΘóÿ_σ¡ªτöƒΘóÿσ║ô_µîëΦÇâΦ»òτ▒╗σ₧ïµò┤τÉå_20260914/03_Σ║îµ¿í/2026Σ╕£σƒÄΣ║îµ¿í/τ╗åσêÖ/18ΘóÿΘÿàσì╖τ╗åσêÖ(5.9).pdf,5,pdfinfo,pending,pending,
Sdb4b22917a3f,2026模拟题/2026各区二模/2026东城二模/细则/20题（1+2）.pdf,/Users/wanglifei/Desktop/gpt和claude共同的小窝/00_共同资料/原材料/2026模拟题/2026各区二模/2026东城二模/细则/20题（1+2）.pdf,pdf,191503,db4b22917a3fd5dfa271e59795a7f3ddefa7870930903cb834163a297f75980e,2026模拟题,Y,,3,/Users/wanglifei/Desktop/2026模拟题/2026各区二模/2026东城二模/细则/20题（1+2）.pdf | /Users/wanglifei/Desktop/gpt和claude共同的小窝/2026模拟题_学生题库_按考试类型整理_20260914/03_二模/2026东城二模/细则/20题（1+2）.pdf | /Users/wanglifei/Desktop/gpt和claude共同的小窝/DeepSeek_政治题库资料库_20260918/tmp/zip_extract/2026模拟题_完整版/2026µ¿íµïƒΘóÿ_σ¡ªτöƒΘóÿσ║ô_µîëΦÇâΦ»òτ▒╗σ₧ïµò┤τÉå_20260914/03_Σ║îµ¿í/2026Σ╕£σƒÄΣ║îµ¿í/τ╗åσêÖ/20Θóÿ∩╝ê1+2∩╝ë.pdf,4,pdfinfo,pending,pending,
S34f69bdaf40f,2026模拟题/2026各区二模/2026东城二模/细则/26年东城二模20（3）.pdf,/Users/wanglifei/Desktop/gpt和claude共同的小窝/00_共同资料/原材料/2026模拟题/2026各区二模/2026东城二模/细则/26年东城二模20（3）.pdf,pdf,650708,34f69bdaf40f8c5372ccd2cad7a68574f2e3395463492739cf3518a69817d87e,2026模拟题,Y,,3,/Users/wanglifei/Desktop/2026模拟题/2026各区二模/2026东城二模/细则/26年东城二模20（3）.pdf | /Users/wanglifei/Desktop/gpt和claude共同的小窝/2026模拟题_学生题库_按考试类型整理_20260914/03_二模/2026东城二模/细则/26年东城二模20（3）.pdf | /Users/wanglifei/Desktop/gpt和claude共同的小窝/DeepSeek_政治题库资料库_20260918/tmp/zip_extract/2026模拟题_完整版/2026µ¿íµïƒΘóÿ_σ¡ªτöƒΘóÿσ║ô_µîëΦÇâΦ»òτ▒╗σ₧ïµò┤τÉå_20260914/03_Σ║îµ¿í/2026Σ╕£σƒÄΣ║îµ¿í/τ╗åσêÖ/26σ╣┤Σ╕£σƒÄΣ║îµ¿í20∩╝ê3∩╝ë.pdf,4,pdfinfo,pending,pending,
Sc6d95d8dc945,2026模拟题/2026各区二模/2026东城二模/细则/东城二模 19题阅卷细则.pdf,/Users/wanglifei/Desktop/gpt和claude共同的小窝/00_共同资料/原材料/2026模拟题/2026各区二模/2026东城二模/细则/东城二模 19题阅卷细则.pdf,pdf,750700,c6d95d8dc9451bf8eeba2bf4830da0fc364de00b80a36337cc4d34e4ecdb8ed6,2026模拟题,Y,,3,/Users/wanglifei/Desktop/2026模拟题/2026各区二模/2026东城二模/细则/东城二模 19题阅卷细则.pdf | /Users/wanglifei/Desktop/gpt和claude共同的小窝/2026模拟题_学生题库_按考试类型整理_20260914/03_二模/2026东城二模/细则/东城二模 19题阅卷细则.pdf | /Users/wanglifei/Desktop/gpt和claude共同的小窝/DeepSeek_政治题库资料库_20260918/tmp/zip_extract/2026模拟题_完整版/2026µ¿íµïƒΘóÿ_σ¡ªτöƒΘóÿσ║ô_µîëΦÇâΦ»òτ▒╗σ₧ïµò┤τÉå_20260914/03_Σ║îµ¿í/2026Σ╕£σƒÄΣ║îµ¿í/τ╗åσêÖ/Σ╕£σƒÄΣ║îµ¿í 19ΘóÿΘÿàσì╖τ╗åσêÖ.pdf,4,pdfinfo,pending,pending,
S05524582484d,2026模拟题/2026各区二模/2026东城二模/细则/二模21题细则模版.pdf,/Users/wanglifei/Desktop/gpt和claude共同的小窝/00_共同资料/原材料/2026模拟题/2026各区二模/2026东城二模/细则/二模21题细则模版.pdf,pdf,359677,05524582484d814f84d34e2e0984504bcb436251968af9485901c3d7cc4870bc,2026模拟题,Y,,3,/Users/wanglifei/Desktop/2026模拟题/2026各区二模/2026东城二模/细则/二模21题细则模版.pdf | /Users/wanglifei/Desktop/gpt和claude共同的小窝/2026模拟题_学生题库_按考试类型整理_20260914/03_二模/2026东城二模/细则/二模21题细则模版.pdf | /Users/wanglifei/Desktop/gpt和claude共同的小窝/DeepSeek_政治题库资料库_20260918/tmp/zip_extract/2026模拟题_完整版/2026µ¿íµïƒΘóÿ_σ¡ªτöƒΘóÿσ║ô_µîëΦÇâΦ»òτ▒╗σ₧ïµò┤τÉå_20260914/03_Σ║îµ¿í/2026Σ╕£σƒÄΣ║îµ¿í/τ╗åσêÖ/Σ║îµ¿í21Θóÿτ╗åσêÖµ¿íτëê.pdf,4,pdfinfo,pending,pending,
Sc751cfa77650,2026模拟题/2026各区二模/2026东城二模/试卷/2026北京东城高三二模政治（教师版）.docx,/Users/wanglifei/Desktop/gpt和claude共同的小窝/00_共同资料/原材料/2026模拟题/2026各区二模/2026东城二模/试卷/2026北京东城高三二模政治（教师版）.docx,docx,1008214,c751cfa77650b9c3456aa333252513108d352756ad8426974305963145e62647,2026模拟题,Y,,3,/Users/wanglifei/Desktop/2026模拟题/2026各区二模/2026东城二模/试卷/2026北京东城高三二模政治（教师版）.docx | /Users/wanglifei/Desktop/gpt和claude共同的小窝/2026模拟题_学生题库_按考试类型整理_20260914/03_二模/2026东城二模/试卷/2026北京东城高三二模政治（教师版）.docx | /Users/wanglifei/Desktop/gpt和claude共同的小窝/DeepSeek_政治题库资料库_20260918/tmp/zip_extract/2026模拟题_完整版/2026µ¿íµïƒΘóÿ_σ¡ªτöƒΘóÿσ║ô_µîëΦÇâΦ»òτ▒╗σ₧ïµò┤τÉå_20260914/03_Σ║îµ¿í/2026Σ╕£σƒÄΣ║îµ¿í/Φ»òσì╖/2026σîùΣ║¼Σ╕£σƒÄΘ½ÿΣ╕ëΣ║îµ¿íµö┐µ▓╗∩╝êµòÖσ╕êτëê∩╝ë.docx,unknown,docx 无固定页数；实测 段落155 表格8,pending,pending,
S10275a1dafa3,2026模拟题/2026各区二模/2026丰台二模/细则/2026丰台区二模主观题阅卷细则(1).pptx,/Users/wanglifei/Desktop/gpt和claude共同的小窝/00_共同资料/原材料/2026模拟题/2026各区二模/2026丰台二模/细则/2026丰台区二模主观题阅卷细则(1).pptx,pptx,15327627,10275a1dafa3a824edbd50b523b8ef31dca9b7d6c2f34964b4740f4f45cbf044,2026模拟题,Y,,3,/Users/wanglifei/Desktop/2026模拟题/2026各区二模/2026丰台二模/细则/2026丰台区二模主观题阅卷细则(1).pptx | /Users/wanglifei/Desktop/gpt和claude共同的小窝/2026模拟题_学生题库_按考试类型整理_20260914/03_二模/2026丰台二模/细则/2026丰台区二模主观题阅卷细则(1).pptx | /Users/wanglifei/Desktop/gpt和claude共同的小窝/DeepSeek_政治题库资料库_20260918/tmp/zip_extract/2026模拟题_完整版/2026µ¿íµïƒΘóÿ_σ¡ªτöƒΘóÿσ║ô_µîëΦÇâΦ»òτ▒╗σ₧ïµò┤τÉå_20260914/03_Σ║îµ¿í/2026Σ╕░σÅ░Σ║îµ¿í/τ╗åσêÖ/2026Σ╕░σÅ░σî║Σ║îµ¿íΣ╕╗ΦºéΘóÿΘÿàσì╖τ╗åσêÖ(1).pptx,70,python-pptx len(slides),pending,pending,
Sf7b3a73c9296,2026模拟题/2026各区二模/2026丰台二模/试卷/2026北京丰台高三二模政治（教师版）.pdf,/Users/wanglifei/Desktop/gpt和claude共同的小窝/00_共同资料/原材料/2026模拟题/2026各区二模/2026丰台二模/试卷/2026北京丰台高三二模政治（教师版）.pdf,pdf,1856697,f7b3a73c9296b17889cada79c5a5256bda639d2bec8a2f0091d21a15541253b0,2026模拟题,Y,,3,/Users/wanglifei/Desktop/2026模拟题/2026各区二模/2026丰台二模/试卷/2026北京丰台高三二模政治（教师版）.pdf | /Users/wanglifei/Desktop/gpt和claude共同的小窝/2026模拟题_学生题库_按考试类型整理_20260914/03_二模/2026丰台二模/试卷/2026北京丰台高三二模政治（教师版）.pdf | /Users/wanglifei/Desktop/gpt和claude共同的小窝/DeepSeek_政治题库资料库_20260918/tmp/zip_extract/2026模拟题_完整版/2026µ¿íµïƒΘóÿ_σ¡ªτöƒΘóÿσ║ô_µîëΦÇâΦ»òτ▒╗σ₧ïµò┤τÉå_20260914/03_Σ║îµ¿í/2026Σ╕░σÅ░Σ║îµ¿í/Φ»òσì╖/2026σîùΣ║¼Σ╕░σÅ░Θ½ÿΣ╕ëΣ║îµ¿íµö┐µ▓╗∩╝êµòÖσ╕êτëê∩╝ë.pdf,13,pdfinfo,pending,pending,
S51621a4abaad,2026模拟题/2026各区二模/2026房山二模/细则/26房山评标(2).docx,/Users/wanglifei/Desktop/gpt和claude共同的小窝/00_共同资料/原材料/2026模拟题/2026各区二模/2026房山二模/细则/26房山评标(2).docx,docx,34129,51621a4abaad70789a89e04e7096655e76cd19620a4086762db4d45f5c407876,2026模拟题,Y,,7,/Users/wanglifei/Desktop/gpt和claude共同的小窝/00_共同资料/原材料/2026模拟题/2026各区二模/2026房山二模/细则/26房山评标.docx | /Users/wanglifei/Desktop/2026模拟题/2026各区二模/2026房山二模/细则/26房山评标.docx | /Users/wanglifei/Desktop/2026模拟题/2026各区二模/2026房山二模/细则/26房山评标(2).docx | /Users/wanglifei/Desktop/gpt和claude共同的小窝/2026模拟题_学生题库_按考试类型整理_20260914/03_二模/2026房山二模/细则/26房山评标.docx | /Users/wanglifei/Desktop/gpt和claude共同的小窝/2026模拟题_学生题库_按考试类型整理_20260914/03_二模/2026房山二模/细则/26房山评标(2).docx | /Users/wanglifei/Desktop/gpt和claude共同的小窝/DeepSeek_政治题库资料库_20260918/tmp/zip_extract/2026模拟题_完整版/2026µ¿íµïƒΘóÿ_σ¡ªτöƒΘóÿσ║ô_µîëΦÇâΦ»òτ▒╗σ₧ïµò┤τÉå_20260914/03_Σ║îµ¿í/2026µê┐σ▒▒Σ║îµ¿í/τ╗åσêÖ/26µê┐σ▒▒Φ»äµáç(2).docx | /Users/wanglifei/Desktop/gpt和claude共同的小窝/DeepSeek_政治题库资料库_20260918/tmp/zip_extract/2026模拟题_完整版/2026µ¿íµïƒΘóÿ_σ¡ªτöƒΘóÿσ║ô_µîëΦÇâΦ»òτ▒╗σ₧ïµò┤τÉå_20260914/03_Σ║îµ¿í/2026µê┐σ▒▒Σ║îµ¿í/τ╗åσêÖ/26µê┐σ▒▒Φ»äµáç.docx,unknown,docx 无固定页数；实测 段落153 表格3,pending,pending,
S51621a4abaad,2026模拟题/2026各区二模/2026房山二模/细则/26房山评标.docx,/Users/wanglifei/Desktop/gpt和claude共同的小窝/00_共同资料/原材料/2026模拟题/2026各区二模/2026房山二模/细则/26房山评标.docx,docx,34129,51621a4abaad70789a89e04e7096655e76cd19620a4086762db4d45f5c407876,2026模拟题,Y,,7,/Users/wanglifei/Desktop/gpt和claude共同的小窝/00_共同资料/原材料/2026模拟题/2026各区二模/2026房山二模/细则/26房山评标(2).docx | /Users/wanglifei/Desktop/2026模拟题/2026各区二模/2026房山二模/细则/26房山评标.docx | /Users/wanglifei/Desktop/2026模拟题/2026各区二模/2026房山二模/细则/26房山评标(2).docx | /Users/wanglifei/Desktop/gpt和claude共同的小窝/2026模拟题_学生题库_按考试类型整理_20260914/03_二模/2026房山二模/细则/26房山评标.docx | /Users/wanglifei/Desktop/gpt和claude共同的小窝/2026模拟题_学生题库_按考试类型整理_20260914/03_二模/2026房山二模/细则/26房山评标(2).docx | /Users/wanglifei/Desktop/gpt和claude共同的小窝/DeepSeek_政治题库资料库_20260918/tmp/zip_extract/2026模拟题_完整版/2026µ¿íµïƒΘóÿ_σ¡ªτöƒΘóÿσ║ô_µîëΦÇâΦ»òτ▒╗σ₧ïµò┤τÉå_20260914/03_Σ║îµ¿í/2026µê┐σ▒▒Σ║îµ¿í/τ╗åσêÖ/26µê┐σ▒▒Φ»äµáç(2).docx | /Users/wanglifei/Desktop/gpt和claude共同的小窝/DeepSeek_政治题库资料库_20260918/tmp/zip_extract/2026模拟题_完整版/2026µ¿íµïƒΘóÿ_σ¡ªτöƒΘóÿσ║ô_µîëΦÇâΦ»òτ▒╗σ₧ïµò┤τÉå_20260914/03_Σ║îµ¿í/2026µê┐σ▒▒Σ║îµ¿í/τ╗åσêÖ/26µê┐σ▒▒Φ»äµáç.docx,unknown,docx 无固定页数；实测 段落153 表格3,pending,pending,
Sffe050fd8f7e,2026模拟题/2026各区二模/2026房山二模/试卷/2026北京房山高三二模政治（教师版）.pdf,/Users/wanglifei/Desktop/gpt和claude共同的小窝/00_共同资料/原材料/2026模拟题/2026各区二模/2026房山二模/试卷/2026北京房山高三二模政治（教师版）.pdf,pdf,12444404,ffe050fd8f7eb7b0cd6c43cd9c1724c3defbbc45509204254aee80060b42e82b,2026模拟题,Y,,3,/Users/wanglifei/Desktop/2026模拟题/2026各区二模/2026房山二模/试卷/2026北京房山高三二模政治（教师版）.pdf | /Users/wanglifei/Desktop/gpt和claude共同的小窝/2026模拟题_学生题库_按考试类型整理_20260914/03_二模/2026房山二模/试卷/2026北京房山高三二模政治（教师版）.pdf | /Users/wanglifei/Desktop/gpt和claude共同的小窝/DeepSeek_政治题库资料库_20260918/tmp/zip_extract/2026模拟题_完整版/2026µ¿íµïƒΘóÿ_σ¡ªτöƒΘóÿσ║ô_µîëΦÇâΦ»òτ▒╗σ₧ïµò┤τÉå_20260914/03_Σ║îµ¿í/2026µê┐σ▒▒Σ║îµ¿í/Φ»òσì╖/2026σîùΣ║¼µê┐σ▒▒Θ½ÿΣ╕ëΣ║îµ¿íµö┐µ▓╗∩╝êµòÖσ╕êτëê∩╝ë.pdf,12,pdfinfo,pending,pending,
Sa2a7be6c86bb,2026模拟题/2026各区二模/2026昌平二模/2026北京昌平高三二模政治（教师版）.docx,/Users/wanglifei/Desktop/gpt和claude共同的小窝/00_共同资料/原材料/2026模拟题/2026各区二模/2026昌平二模/2026北京昌平高三二模政治（教师版）.docx,docx,5850171,a2a7be6c86bb233f10d4cef028ff2c3e8905d37aff0a30059ae99c3337cd1a0f,2026模拟题,Y,,3,/Users/wanglifei/Desktop/2026模拟题/2026各区二模/2026昌平二模/2026北京昌平高三二模政治（教师版）.docx | /Users/wanglifei/Desktop/gpt和claude共同的小窝/2026模拟题_学生题库_按考试类型整理_20260914/03_二模/2026昌平二模/试卷/2026北京昌平高三二模政治（教师版）.docx | /Users/wanglifei/Desktop/gpt和claude共同的小窝/DeepSeek_政治题库资料库_20260918/tmp/zip_extract/2026模拟题_完整版/2026µ¿íµïƒΘóÿ_σ¡ªτöƒΘóÿσ║ô_µîëΦÇâΦ»òτ▒╗σ₧ïµò┤τÉå_20260914/03_Σ║îµ¿í/2026µÿîσ╣│Σ║îµ¿í/Φ»òσì╖/2026σîùΣ║¼µÿîσ╣│Θ½ÿΣ╕ëΣ║îµ¿íµö┐µ▓╗∩╝êµòÖσ╕êτëê∩╝ë.docx,unknown,docx 无固定页数；实测 段落199 表格4,pending,pending,
S0f4a908828b8,2026模拟题/2026各区二模/2026昌平二模/2026年北京市昌平区二模评分标准-学生版(1)(1).pdf,/Users/wanglifei/Desktop/gpt和claude共同的小窝/00_共同资料/原材料/2026模拟题/2026各区二模/2026昌平二模/2026年北京市昌平区二模评分标准-学生版(1)(1).pdf,pdf,266928,0f4a908828b8f05afca9c4928a8e540af4aec5067b7e5e479385b00183376564,2026模拟题,Y,,3,/Users/wanglifei/Desktop/2026模拟题/2026各区二模/2026昌平二模/2026年北京市昌平区二模评分标准-学生版(1)(1).pdf | /Users/wanglifei/Desktop/gpt和claude共同的小窝/2026模拟题_学生题库_按考试类型整理_20260914/03_二模/2026昌平二模/细则/2026年北京市昌平区二模评分标准-学生版(1)(1).pdf | /Users/wanglifei/Desktop/gpt和claude共同的小窝/DeepSeek_政治题库资料库_20260918/tmp/zip_extract/2026模拟题_完整版/2026µ¿íµïƒΘóÿ_σ¡ªτöƒΘóÿσ║ô_µîëΦÇâΦ»òτ▒╗σ₧ïµò┤τÉå_20260914/03_Σ║îµ¿í/2026µÿîσ╣│Σ║îµ¿í/τ╗åσêÖ/2026σ╣┤σîùΣ║¼σ╕éµÿîσ╣│σî║Σ║îµ¿íΦ»äσêåµáçσçå-σ¡ªτöƒτëê(1)(1).pdf,4,pdfinfo,pending,pending,
S8cb07a7f650e,2026模拟题/2026各区二模/2026朝阳二模/细则/202605朝阳高三政治二模阅卷细则(1).docx,/Users/wanglifei/Desktop/gpt和claude共同的小窝/00_共同资料/原材料/2026模拟题/2026各区二模/2026朝阳二模/细则/202605朝阳高三政治二模阅卷细则(1).docx,docx,27992,8cb07a7f650e041c062b0f1a96ee53c20964ebc71c1a30af8697809adc4bb62c,2026模拟题,Y,,3,/Users/wanglifei/Desktop/2026模拟题/2026各区二模/2026朝阳二模/细则/202605朝阳高三政治二模阅卷细则(1).docx | /Users/wanglifei/Desktop/gpt和claude共同的小窝/2026模拟题_学生题库_按考试类型整理_20260914/03_二模/2026朝阳二模/细则/202605朝阳高三政治二模阅卷细则(1).docx | /Users/wanglifei/Desktop/gpt和claude共同的小窝/DeepSeek_政治题库资料库_20260918/tmp/zip_extract/2026模拟题_完整版/2026µ¿íµïƒΘóÿ_σ¡ªτöƒΘóÿσ║ô_µîëΦÇâΦ»òτ▒╗σ₧ïµò┤τÉå_20260914/03_Σ║îµ¿í/2026µ£¥Θÿ│Σ║îµ¿í/τ╗åσêÖ/202605µ£¥Θÿ│Θ½ÿΣ╕ëµö┐µ▓╗Σ║îµ¿íΘÿàσì╖τ╗åσêÖ(1).docx,unknown,docx 无固定页数；实测 段落154 表格2,pending,pending,
Sc8856680a9a6,2026模拟题/2026各区二模/2026朝阳二模/试卷/2026北京朝阳高三二模政治（教师版）.docx,/Users/wanglifei/Desktop/gpt和claude共同的小窝/00_共同资料/原材料/2026模拟题/2026各区二模/2026朝阳二模/试卷/2026北京朝阳高三二模政治（教师版）.docx,docx,78338,c8856680a9a67b604d7939c72dd0b3b0d749a80f7d9ee4c5d35d6cdc98b4c396,2026模拟题,Y,,3,/Users/wanglifei/Desktop/2026模拟题/2026各区二模/2026朝阳二模/试卷/2026北京朝阳高三二模政治（教师版）.docx | /Users/wanglifei/Desktop/gpt和claude共同的小窝/2026模拟题_学生题库_按考试类型整理_20260914/03_二模/2026朝阳二模/试卷/2026北京朝阳高三二模政治（教师版）.docx | /Users/wanglifei/Desktop/gpt和claude共同的小窝/DeepSeek_政治题库资料库_20260918/tmp/zip_extract/2026模拟题_完整版/2026µ¿íµïƒΘóÿ_σ¡ªτöƒΘóÿσ║ô_µîëΦÇâΦ»òτ▒╗σ₧ïµò┤τÉå_20260914/03_Σ║îµ¿í/2026µ£¥Θÿ│Σ║îµ¿í/Φ»òσì╖/2026σîùΣ║¼µ£¥Θÿ│Θ½ÿΣ╕ëΣ║îµ¿íµö┐µ▓╗∩╝êµòÖσ╕êτëê∩╝ë.docx,unknown,docx 无固定页数；实测 段落270 表格16,pending,pending,
Sc2f6013f0e13,2026模拟题/2026各区二模/2026海淀二模/细则/26海淀高三政治二模讲评.pdf,/Users/wanglifei/Desktop/gpt和claude共同的小窝/00_共同资料/原材料/2026模拟题/2026各区二模/2026海淀二模/细则/26海淀高三政治二模讲评.pdf,pdf,90283098,c2f6013f0e13fcbe848bf114d1df7e06c12b48542597cd6a357840137638daa3,2026模拟题,Y,,3,/Users/wanglifei/Desktop/2026模拟题/2026各区二模/2026海淀二模/细则/26海淀高三政治二模讲评.pdf | /Users/wanglifei/Desktop/gpt和claude共同的小窝/2026模拟题_学生题库_按考试类型整理_20260914/03_二模/2026海淀二模/细则/26海淀高三政治二模讲评.pdf | /Users/wanglifei/Desktop/gpt和claude共同的小窝/DeepSeek_政治题库资料库_20260918/tmp/zip_extract/2026模拟题_完整版/2026µ¿íµïƒΘóÿ_σ¡ªτöƒΘóÿσ║ô_µîëΦÇâΦ»òτ▒╗σ₧ïµò┤τÉå_20260914/03_Σ║îµ¿í/2026µ╡╖µ╖ÇΣ║îµ¿í/τ╗åσêÖ/26µ╡╖µ╖ÇΘ½ÿΣ╕ëµö┐µ▓╗Σ║îµ¿íΦ«▓Φ»ä.pdf,108,pdfinfo,pending,pending,
Se7b70a056458,2026模拟题/2026各区二模/2026海淀二模/试卷/2026北京海淀高三二模政治（教师版）.docx,/Users/wanglifei/Desktop/gpt和claude共同的小窝/00_共同资料/原材料/2026模拟题/2026各区二模/2026海淀二模/试卷/2026北京海淀高三二模政治（教师版）.docx,docx,1255518,e7b70a05645843b69ea049c64c2e691591a489107d1c2b67992112035ee0b862,2026模拟题,Y,,3,/Users/wanglifei/Desktop/2026模拟题/2026各区二模/2026海淀二模/试卷/2026北京海淀高三二模政治（教师版）.docx | /Users/wanglifei/Desktop/gpt和claude共同的小窝/2026模拟题_学生题库_按考试类型整理_20260914/03_二模/2026海淀二模/试卷/2026北京海淀高三二模政治（教师版）.docx | /Users/wanglifei/Desktop/gpt和claude共同的小窝/DeepSeek_政治题库资料库_20260918/tmp/zip_extract/2026模拟题_完整版/2026µ¿íµïƒΘóÿ_σ¡ªτöƒΘóÿσ║ô_µîëΦÇâΦ»òτ▒╗σ₧ïµò┤τÉå_20260914/03_Σ║îµ¿í/2026µ╡╖µ╖ÇΣ║îµ¿í/Φ»òσì╖/2026σîùΣ║¼µ╡╖µ╖ÇΘ½ÿΣ╕ëΣ║îµ¿íµö┐µ▓╗∩╝êµòÖσ╕êτëê∩╝ë.docx,unknown,docx 无固定页数；实测 段落198 表格12,pending,pending,
S404f493eede9,2026模拟题/2026各区二模/2026石景山二模/细则/石景山区高三政治第二次模拟考试答案评分细则(1).doc,/Users/wanglifei/Desktop/gpt和claude共同的小窝/00_共同资料/原材料/2026模拟题/2026各区二模/2026石景山二模/细则/石景山区高三政治第二次模拟考试答案评分细则(1).doc,doc,44032,404f493eede90c04cb04d90cdfa97d468d7df5885b1848699d3d24c53cd32173,2026模拟题,Y,,3,/Users/wanglifei/Desktop/2026模拟题/2026各区二模/2026石景山二模/细则/石景山区高三政治第二次模拟考试答案评分细则(1).doc | /Users/wanglifei/Desktop/gpt和claude共同的小窝/2026模拟题_学生题库_按考试类型整理_20260914/03_二模/2026石景山二模/细则/石景山区高三政治第二次模拟考试答案评分细则(1).doc | /Users/wanglifei/Desktop/gpt和claude共同的小窝/DeepSeek_政治题库资料库_20260918/tmp/zip_extract/2026模拟题_完整版/2026µ¿íµïƒΘóÿ_σ¡ªτöƒΘóÿσ║ô_µîëΦÇâΦ»òτ▒╗σ₧ïµò┤τÉå_20260914/03_Σ║îµ¿í/2026τƒ│µÖ»σ▒▒Σ║îµ¿í/τ╗åσêÖ/τƒ│µÖ»σ▒▒σî║Θ½ÿΣ╕ëµö┐µ▓╗τ¼¼Σ║îµ¼íµ¿íµïƒΦÇâΦ»òτ¡öµíêΦ»äσêåτ╗åσêÖ(1).doc,unknown,.doc 旧格式未转换，页数待 soffice 转换后取得,pending,pending,
S00b61bbb2c75,2026模拟题/2026各区二模/2026石景山二模/试卷/2026北京石景山高三二模政治（教师版）.docx,/Users/wanglifei/Desktop/gpt和claude共同的小窝/00_共同资料/原材料/2026模拟题/2026各区二模/2026石景山二模/试卷/2026北京石景山高三二模政治（教师版）.docx,docx,258696,00b61bbb2c75b4bed90f34f4d93bcc91168d2b05a597a20a0fc3964bacbe5c6c,2026模拟题,Y,,3,/Users/wanglifei/Desktop/2026模拟题/2026各区二模/2026石景山二模/试卷/2026北京石景山高三二模政治（教师版）.docx | /Users/wanglifei/Desktop/gpt和claude共同的小窝/2026模拟题_学生题库_按考试类型整理_20260914/03_二模/2026石景山二模/试卷/2026北京石景山高三二模政治（教师版）.docx | /Users/wanglifei/Desktop/gpt和claude共同的小窝/DeepSeek_政治题库资料库_20260918/tmp/zip_extract/2026模拟题_完整版/2026µ¿íµïƒΘóÿ_σ¡ªτöƒΘóÿσ║ô_µîëΦÇâΦ»òτ▒╗σ₧ïµò┤τÉå_20260914/03_Σ║îµ¿í/2026τƒ│µÖ»σ▒▒Σ║îµ¿í/Φ»òσì╖/2026σîùΣ║¼τƒ│µÖ»σ▒▒Θ½ÿΣ╕ëΣ║îµ¿íµö┐µ▓╗∩╝êµòÖσ╕êτëê∩╝ë.docx,unknown,docx 无固定页数；实测 段落134 表格5,pending,pending,
Sf414cf7940ad,2026模拟题/2026各区二模/2026西城二模/细则/西城二模评标.pdf,/Users/wanglifei/Desktop/gpt和claude共同的小窝/00_共同资料/原材料/2026模拟题/2026各区二模/2026西城二模/细则/西城二模评标.pdf,pdf,5841277,f414cf7940ad820265da0a6b31d1a822b0fbe5f21a89bfea71b42be598f32cdc,2026模拟题,Y,,3,/Users/wanglifei/Desktop/2026模拟题/2026各区二模/2026西城二模/细则/西城二模评标.pdf | /Users/wanglifei/Desktop/gpt和claude共同的小窝/2026模拟题_学生题库_按考试类型整理_20260914/03_二模/2026西城二模/细则/西城二模评标.pdf | /Users/wanglifei/Desktop/gpt和claude共同的小窝/DeepSeek_政治题库资料库_20260918/tmp/zip_extract/2026模拟题_完整版/2026µ¿íµïƒΘóÿ_σ¡ªτöƒΘóÿσ║ô_µîëΦÇâΦ»òτ▒╗σ₧ïµò┤τÉå_20260914/03_Σ║îµ¿í/2026ΦÑ┐σƒÄΣ║îµ¿í/τ╗åσêÖ/ΦÑ┐σƒÄΣ║îµ¿íΦ»äµáç.pdf,14,pdfinfo,pending,pending,
S21ae4c2f7aee,2026模拟题/2026各区二模/2026西城二模/试卷/2026北京西城高三二模政治（教师版）.docx,/Users/wanglifei/Desktop/gpt和claude共同的小窝/00_共同资料/原材料/2026模拟题/2026各区二模/2026西城二模/试卷/2026北京西城高三二模政治（教师版）.docx,docx,317572,21ae4c2f7aee5465aaab52ff719c252f035ce39bbf34927bcacb1d15e0e695d5,2026模拟题,Y,,3,/Users/wanglifei/Desktop/2026模拟题/2026各区二模/2026西城二模/试卷/2026北京西城高三二模政治（教师版）.docx | /Users/wanglifei/Desktop/gpt和claude共同的小窝/2026模拟题_学生题库_按考试类型整理_20260914/03_二模/2026西城二模/试卷/2026北京西城高三二模政治（教师版）.docx | /Users/wanglifei/Desktop/gpt和claude共同的小窝/DeepSeek_政治题库资料库_20260918/tmp/zip_extract/2026模拟题_完整版/2026µ¿íµïƒΘóÿ_σ¡ªτöƒΘóÿσ║ô_µîëΦÇâΦ»òτ▒╗σ₧ïµò┤τÉå_20260914/03_Σ║îµ¿í/2026ΦÑ┐σƒÄΣ║îµ¿í/Φ»òσì╖/2026σîùΣ║¼ΦÑ┐σƒÄΘ½ÿΣ╕ëΣ║îµ¿íµö┐µ▓╗∩╝êµòÖσ╕êτëê∩╝ë.docx,unknown,docx 无固定页数；实测 段落167 表格4,pending,pending,
S643322688930,2026模拟题/2026各区二模/2026顺义二模/细则/26顺义二模评标.doc,/Users/wanglifei/Desktop/gpt和claude共同的小窝/00_共同资料/原材料/2026模拟题/2026各区二模/2026顺义二模/细则/26顺义二模评标.doc,doc,60416,643322688930483cce2aebff33fca339c45d22d7a0f6b9f98970c353fe8ee961,2026模拟题,Y,,3,/Users/wanglifei/Desktop/2026模拟题/2026各区二模/2026顺义二模/细则/26顺义二模评标.doc | /Users/wanglifei/Desktop/gpt和claude共同的小窝/2026模拟题_学生题库_按考试类型整理_20260914/03_二模/2026顺义二模/细则/26顺义二模评标.doc | /Users/wanglifei/Desktop/gpt和claude共同的小窝/DeepSeek_政治题库资料库_20260918/tmp/zip_extract/2026模拟题_完整版/2026µ¿íµïƒΘóÿ_σ¡ªτöƒΘóÿσ║ô_µîëΦÇâΦ»òτ▒╗σ₧ïµò┤τÉå_20260914/03_Σ║îµ¿í/2026Θí║Σ╣ëΣ║îµ¿í/τ╗åσêÖ/26Θí║Σ╣ëΣ║îµ¿íΦ»äµáç.doc,unknown,.doc 旧格式未转换，页数待 soffice 转换后取得,pending,pending,
Sfb15943f37f6,2026模拟题/2026各区二模/2026顺义二模/试卷/26顺义二模(1).pdf,/Users/wanglifei/Desktop/gpt和claude共同的小窝/00_共同资料/原材料/2026模拟题/2026各区二模/2026顺义二模/试卷/26顺义二模(1).pdf,pdf,5780991,fb15943f37f694ac19837e8c5e75fb0272b38eae27ec5529bb037fa163c2a403,2026模拟题,Y,,3,/Users/wanglifei/Desktop/2026模拟题/2026各区二模/2026顺义二模/试卷/26顺义二模(1).pdf | /Users/wanglifei/Desktop/gpt和claude共同的小窝/2026模拟题_学生题库_按考试类型整理_20260914/03_二模/2026顺义二模/试卷/26顺义二模(1).pdf | /Users/wanglifei/Desktop/gpt和claude共同的小窝/DeepSeek_政治题库资料库_20260918/tmp/zip_extract/2026模拟题_完整版/2026µ¿íµïƒΘóÿ_σ¡ªτöƒΘóÿσ║ô_µîëΦÇâΦ»òτ▒╗σ₧ïµò┤τÉå_20260914/03_Σ║îµ¿í/2026Θí║Σ╣ëΣ║îµ¿í/Φ»òσì╖/26Θí║Σ╣ëΣ║îµ¿í(1).pdf,12,pdfinfo,pending,pending,
Se4d67789c91d,2026模拟题/2026各区期末和期中/2026东城期末/细则/细则.pptx,/Users/wanglifei/Desktop/gpt和claude共同的小窝/00_共同资料/原材料/2026模拟题/2026各区期末和期中/2026东城期末/细则/细则.pptx,pptx,312723506,e4d67789c91d1b92bfe400927f2ea389a7b4fb3a0ce70f4bc162aac6f7c9e832,2026模拟题,Y,,3,/Users/wanglifei/Desktop/2026模拟题/2026各区期末和期中/2026东城期末/细则/细则.pptx | /Users/wanglifei/Desktop/gpt和claude共同的小窝/2026模拟题_学生题库_按考试类型整理_20260914/01_期中和期末/2026东城期末/细则/细则.pptx | /Users/wanglifei/Desktop/gpt和claude共同的小窝/DeepSeek_政治题库资料库_20260918/tmp/zip_extract/2026模拟题_完整版/2026µ¿íµïƒΘóÿ_σ¡ªτöƒΘóÿσ║ô_µîëΦÇâΦ»òτ▒╗σ₧ïµò┤τÉå_20260914/01_µ£ƒΣ╕¡σÆîµ£ƒµ£½/2026Σ╕£σƒÄµ£ƒµ£½/τ╗åσêÖ/τ╗åσêÖ.pptx,82,python-pptx len(slides),pending,pending,
S15664381470d,2026模拟题/2026各区期末和期中/2026东城期末/试卷/试卷.pdf,/Users/wanglifei/Desktop/gpt和claude共同的小窝/00_共同资料/原材料/2026模拟题/2026各区期末和期中/2026东城期末/试卷/试卷.pdf,pdf,917160,15664381470d8300c72773a332ddb60167ba1ee9511ba96df0f5e3f703c1731f,2026模拟题,Y,,3,/Users/wanglifei/Desktop/2026模拟题/2026各区期末和期中/2026东城期末/试卷/试卷.pdf | /Users/wanglifei/Desktop/gpt和claude共同的小窝/2026模拟题_学生题库_按考试类型整理_20260914/01_期中和期末/2026东城期末/试卷/试卷.pdf | /Users/wanglifei/Desktop/gpt和claude共同的小窝/DeepSeek_政治题库资料库_20260918/tmp/zip_extract/2026模拟题_完整版/2026µ¿íµïƒΘóÿ_σ¡ªτöƒΘóÿσ║ô_µîëΦÇâΦ»òτ▒╗σ₧ïµò┤τÉå_20260914/01_µ£ƒΣ╕¡σÆîµ£ƒµ£½/2026Σ╕£σƒÄµ£ƒµ£½/Φ»òσì╖/Φ»òσì╖.pdf,9,pdfinfo,pending,pending,
Sdbc93cbfd3a9,2026模拟题/2026各区期末和期中/2026丰台期末/细则/细则.pdf,/Users/wanglifei/Desktop/gpt和claude共同的小窝/00_共同资料/原材料/2026模拟题/2026各区期末和期中/2026丰台期末/细则/细则.pdf,pdf,10715348,dbc93cbfd3a93eff18a74e571039c91200fc062aa0d4465449a94a8a469d09fa,2026模拟题,Y,,3,/Users/wanglifei/Desktop/2026模拟题/2026各区期末和期中/2026丰台期末/细则/细则.pdf | /Users/wanglifei/Desktop/gpt和claude共同的小窝/2026模拟题_学生题库_按考试类型整理_20260914/01_期中和期末/2026丰台期末/细则/细则.pdf | /Users/wanglifei/Desktop/gpt和claude共同的小窝/DeepSeek_政治题库资料库_20260918/tmp/zip_extract/2026模拟题_完整版/2026µ¿íµïƒΘóÿ_σ¡ªτöƒΘóÿσ║ô_µîëΦÇâΦ»òτ▒╗σ₧ïµò┤τÉå_20260914/01_µ£ƒΣ╕¡σÆîµ£ƒµ£½/2026Σ╕░σÅ░µ£ƒµ£½/τ╗åσêÖ/τ╗åσêÖ.pdf,74,pdfinfo,pending,pending,
S6553ff85e09d,2026模拟题/2026各区期末和期中/2026丰台期末/试卷/试卷.pdf,/Users/wanglifei/Desktop/gpt和claude共同的小窝/00_共同资料/原材料/2026模拟题/2026各区期末和期中/2026丰台期末/试卷/试卷.pdf,pdf,6789048,6553ff85e09d299a059ed4720fe324d83ec1da37418ea11f7d4a2d8beeec37b0,2026模拟题,Y,,3,/Users/wanglifei/Desktop/2026模拟题/2026各区期末和期中/2026丰台期末/试卷/试卷.pdf | /Users/wanglifei/Desktop/gpt和claude共同的小窝/2026模拟题_学生题库_按考试类型整理_20260914/01_期中和期末/2026丰台期末/试卷/试卷.pdf | /Users/wanglifei/Desktop/gpt和claude共同的小窝/DeepSeek_政治题库资料库_20260918/tmp/zip_extract/2026模拟题_完整版/2026µ¿íµïƒΘóÿ_σ¡ªτöƒΘóÿσ║ô_µîëΦÇâΦ»òτ▒╗σ₧ïµò┤τÉå_20260914/01_µ£ƒΣ╕¡σÆîµ£ƒµ£½/2026Σ╕░σÅ░µ£ƒµ£½/Φ»òσì╖/Φ»òσì╖.pdf,9,pdfinfo,pending,pending,
Se748323b3f41,2026模拟题/2026各区期末和期中/2026昌平期末/2026北京昌平高三（上）期末政治（教师版）.docx,/Users/wanglifei/Desktop/gpt和claude共同的小窝/00_共同资料/原材料/2026模拟题/2026各区期末和期中/2026昌平期末/2026北京昌平高三（上）期末政治（教师版）.docx,docx,1430080,e748323b3f419a877db5c83e85b15d10e5bc3d6656804485ecbec8f7c70fd29a,2026模拟题,Y,,3,/Users/wanglifei/Desktop/2026模拟题/2026各区期末和期中/2026昌平期末/2026北京昌平高三（上）期末政治（教师版）.docx | /Users/wanglifei/Desktop/gpt和claude共同的小窝/2026模拟题_学生题库_按考试类型整理_20260914/01_期中和期末/2026昌平期末/试卷/2026北京昌平高三（上）期末政治（教师版）.docx | /Users/wanglifei/Desktop/gpt和claude共同的小窝/DeepSeek_政治题库资料库_20260918/tmp/zip_extract/2026模拟题_完整版/2026µ¿íµïƒΘóÿ_σ¡ªτöƒΘóÿσ║ô_µîëΦÇâΦ»òτ▒╗σ₧ïµò┤τÉå_20260914/01_µ£ƒΣ╕¡σÆîµ£ƒµ£½/2026µÿîσ╣│µ£ƒµ£½/Φ»òσì╖/2026σîùΣ║¼µÿîσ╣│Θ½ÿΣ╕ë∩╝êΣ╕è∩╝ëµ£ƒµ£½µö┐µ▓╗∩╝êµòÖσ╕êτëê∩╝ë.docx,unknown,docx 无固定页数；实测 段落232 表格15,pending,pending,
Sff41058b55ac,2026模拟题/2026各区期末和期中/2026昌平期末/2026昌平政治期末细则(1).pdf,/Users/wanglifei/Desktop/gpt和claude共同的小窝/00_共同资料/原材料/2026模拟题/2026各区期末和期中/2026昌平期末/2026昌平政治期末细则(1).pdf,pdf,125576,ff41058b55ac2a7b2673ec2319619786bff87335a6c1d763faea128db0694191,2026模拟题,Y,,3,/Users/wanglifei/Desktop/2026模拟题/2026各区期末和期中/2026昌平期末/2026昌平政治期末细则(1).pdf | /Users/wanglifei/Desktop/gpt和claude共同的小窝/2026模拟题_学生题库_按考试类型整理_20260914/01_期中和期末/2026昌平期末/细则/2026昌平政治期末细则(1).pdf | /Users/wanglifei/Desktop/gpt和claude共同的小窝/DeepSeek_政治题库资料库_20260918/tmp/zip_extract/2026模拟题_完整版/2026µ¿íµïƒΘóÿ_σ¡ªτöƒΘóÿσ║ô_µîëΦÇâΦ»òτ▒╗σ₧ïµò┤τÉå_20260914/01_µ£ƒΣ╕¡σÆîµ£ƒµ£½/2026µÿîσ╣│µ£ƒµ£½/τ╗åσêÖ/2026µÿîσ╣│µö┐µ▓╗µ£ƒµ£½τ╗åσêÖ(1).pdf,3,pdfinfo,pending,pending,
S885e694cf464,2026模拟题/2026各区期末和期中/2026朝阳期中/细则/细则.docx,/Users/wanglifei/Desktop/gpt和claude共同的小窝/00_共同资料/原材料/2026模拟题/2026各区期末和期中/2026朝阳期中/细则/细则.docx,docx,32954,885e694cf464c22b3e899be93e422de46ccefd2efe8d66fd03fefc93d186f965,2026模拟题,Y,,7,/Users/wanglifei/Desktop/gpt和claude共同的小窝/00_共同资料/原材料/2026模拟题/2026各区期末和期中/2026朝阳期中/细则/补充材料/细则.docx | /Users/wanglifei/Desktop/2026模拟题/2026各区期末和期中/2026朝阳期中/细则/细则.docx | /Users/wanglifei/Desktop/2026模拟题/2026各区期末和期中/2026朝阳期中/细则/补充材料/细则.docx | /Users/wanglifei/Desktop/gpt和claude共同的小窝/2026模拟题_学生题库_按考试类型整理_20260914/01_期中和期末/2026朝阳期中/细则/细则.docx | /Users/wanglifei/Desktop/gpt和claude共同的小窝/2026模拟题_学生题库_按考试类型整理_20260914/01_期中和期末/2026朝阳期中/细则/补充材料/细则.docx | /Users/wanglifei/Desktop/gpt和claude共同的小窝/DeepSeek_政治题库资料库_20260918/tmp/zip_extract/2026模拟题_完整版/2026µ¿íµïƒΘóÿ_σ¡ªτöƒΘóÿσ║ô_µîëΦÇâΦ»òτ▒╗σ₧ïµò┤τÉå_20260914/01_µ£ƒΣ╕¡σÆîµ£ƒµ£½/2026µ£¥Θÿ│µ£ƒΣ╕¡/τ╗åσêÖ/τ╗åσêÖ.docx | /Users/wanglifei/Desktop/gpt和claude共同的小窝/DeepSeek_政治题库资料库_20260918/tmp/zip_extract/2026模拟题_完整版/2026µ¿íµïƒΘóÿ_σ¡ªτöƒΘóÿσ║ô_µîëΦÇâΦ»òτ▒╗σ₧ïµò┤τÉå_20260914/01_µ£ƒΣ╕¡σÆîµ£ƒµ£½/2026µ£¥Θÿ│µ£ƒΣ╕¡/τ╗åσêÖ/ΦíÑσààµ¥ÉµûÖ/τ╗åσêÖ.docx,unknown,docx 无固定页数；实测 段落138 表格0,pending,pending,
S885e694cf464,2026模拟题/2026各区期末和期中/2026朝阳期中/细则/补充材料/细则.docx,/Users/wanglifei/Desktop/gpt和claude共同的小窝/00_共同资料/原材料/2026模拟题/2026各区期末和期中/2026朝阳期中/细则/补充材料/细则.docx,docx,32954,885e694cf464c22b3e899be93e422de46ccefd2efe8d66fd03fefc93d186f965,2026模拟题,Y,,7,/Users/wanglifei/Desktop/gpt和claude共同的小窝/00_共同资料/原材料/2026模拟题/2026各区期末和期中/2026朝阳期中/细则/细则.docx | /Users/wanglifei/Desktop/2026模拟题/2026各区期末和期中/2026朝阳期中/细则/细则.docx | /Users/wanglifei/Desktop/2026模拟题/2026各区期末和期中/2026朝阳期中/细则/补充材料/细则.docx | /Users/wanglifei/Desktop/gpt和claude共同的小窝/2026模拟题_学生题库_按考试类型整理_20260914/01_期中和期末/2026朝阳期中/细则/细则.docx | /Users/wanglifei/Desktop/gpt和claude共同的小窝/2026模拟题_学生题库_按考试类型整理_20260914/01_期中和期末/2026朝阳期中/细则/补充材料/细则.docx | /Users/wanglifei/Desktop/gpt和claude共同的小窝/DeepSeek_政治题库资料库_20260918/tmp/zip_extract/2026模拟题_完整版/2026µ¿íµïƒΘóÿ_σ¡ªτöƒΘóÿσ║ô_µîëΦÇâΦ»òτ▒╗σ₧ïµò┤τÉå_20260914/01_µ£ƒΣ╕¡σÆîµ£ƒµ£½/2026µ£¥Θÿ│µ£ƒΣ╕¡/τ╗åσêÖ/τ╗åσêÖ.docx | /Users/wanglifei/Desktop/gpt和claude共同的小窝/DeepSeek_政治题库资料库_20260918/tmp/zip_extract/2026模拟题_完整版/2026µ¿íµïƒΘóÿ_σ¡ªτöƒΘóÿσ║ô_µîëΦÇâΦ»òτ▒╗σ₧ïµò┤τÉå_20260914/01_µ£ƒΣ╕¡σÆîµ£ƒµ£½/2026µ£¥Θÿ│µ£ƒΣ╕¡/τ╗åσêÖ/ΦíÑσààµ¥ÉµûÖ/τ╗åσêÖ.docx,unknown,docx 无固定页数；实测 段落138 表格0,pending,pending,
S5a53b5c6863d,2026模拟题/2026各区期末和期中/2026朝阳期中/试卷/试卷.pdf,/Users/wanglifei/Desktop/gpt和claude共同的小窝/00_共同资料/原材料/2026模拟题/2026各区期末和期中/2026朝阳期中/试卷/试卷.pdf,pdf,1051598,5a53b5c6863d7f952d732bef6b21013438957929a6748c575ed46331be9cd5a0,2026模拟题,Y,,4,/Users/wanglifei/Desktop/2026模拟题/文化_v6.9续作_20260908/核验/2026原题保真/B64补证/2025朝阳期中政治_小升初网公开附件.pdf | /Users/wanglifei/Desktop/2026模拟题/2026各区期末和期中/2026朝阳期中/试卷/试卷.pdf | /Users/wanglifei/Desktop/gpt和claude共同的小窝/2026模拟题_学生题库_按考试类型整理_20260914/01_期中和期末/2026朝阳期中/试卷/试卷.pdf | /Users/wanglifei/Desktop/gpt和claude共同的小窝/DeepSeek_政治题库资料库_20260918/tmp/zip_extract/2026模拟题_完整版/2026µ¿íµïƒΘóÿ_σ¡ªτöƒΘóÿσ║ô_µîëΦÇâΦ»òτ▒╗σ₧ïµò┤τÉå_20260914/01_µ£ƒΣ╕¡σÆîµ£ƒµ£½/2026µ£¥Θÿ│µ£ƒΣ╕¡/Φ»òσì╖/Φ»òσì╖.pdf,8,pdfinfo,pending,pending,
S487b2d15b3a3,2026模拟题/2026各区期末和期中/2026朝阳期末/细则/细则.pdf,/Users/wanglifei/Desktop/gpt和claude共同的小窝/00_共同资料/原材料/2026模拟题/2026各区期末和期中/2026朝阳期末/细则/细则.pdf,pdf,1423094,487b2d15b3a3ac2b14567989edfb4195dd3f776437ec0853a7bd39a5a700859a,2026模拟题,Y,,3,/Users/wanglifei/Desktop/2026模拟题/2026各区期末和期中/2026朝阳期末/细则/细则.pdf | /Users/wanglifei/Desktop/gpt和claude共同的小窝/2026模拟题_学生题库_按考试类型整理_20260914/01_期中和期末/2026朝阳期末/细则/细则.pdf | /Users/wanglifei/Desktop/gpt和claude共同的小窝/DeepSeek_政治题库资料库_20260918/tmp/zip_extract/2026模拟题_完整版/2026µ¿íµïƒΘóÿ_σ¡ªτöƒΘóÿσ║ô_µîëΦÇâΦ»òτ▒╗σ₧ïµò┤τÉå_20260914/01_µ£ƒΣ╕¡σÆîµ£ƒµ£½/2026µ£¥Θÿ│µ£ƒµ£½/τ╗åσêÖ/τ╗åσêÖ.pdf,4,pdfinfo,pending,pending,
Se1a49527cb4c,2026模拟题/2026各区期末和期中/2026朝阳期末/试卷/试卷.pdf,/Users/wanglifei/Desktop/gpt和claude共同的小窝/00_共同资料/原材料/2026模拟题/2026各区期末和期中/2026朝阳期末/试卷/试卷.pdf,pdf,11974231,e1a49527cb4c175f3de69c5cb429216b35938f336f1417fd9df9d955c3e98399,2026模拟题,Y,,3,/Users/wanglifei/Desktop/2026模拟题/2026各区期末和期中/2026朝阳期末/试卷/试卷.pdf | /Users/wanglifei/Desktop/gpt和claude共同的小窝/2026模拟题_学生题库_按考试类型整理_20260914/01_期中和期末/2026朝阳期末/试卷/试卷.pdf | /Users/wanglifei/Desktop/gpt和claude共同的小窝/DeepSeek_政治题库资料库_20260918/tmp/zip_extract/2026模拟题_完整版/2026µ¿íµïƒΘóÿ_σ¡ªτöƒΘóÿσ║ô_µîëΦÇâΦ»òτ▒╗σ₧ïµò┤τÉå_20260914/01_µ£ƒΣ╕¡σÆîµ£ƒµ£½/2026µ£¥Θÿ│µ£ƒµ£½/Φ»òσì╖/Φ»òσì╖.pdf,8,pdfinfo,pending,pending,
Se65381bd2291,2026模拟题/2026各区期末和期中/2026海淀期中/其他材料/期中讲评20251106.pdf,/Users/wanglifei/Desktop/gpt和claude共同的小窝/00_共同资料/原材料/2026模拟题/2026各区期末和期中/2026海淀期中/其他材料/期中讲评20251106.pdf,pdf,83737967,e65381bd22912637421c0d9922f3617428c82204555954e7b760cea9c7fe6cb9,2026模拟题,Y,,3,/Users/wanglifei/Desktop/2026模拟题/2026各区期末和期中/2026海淀期中/其他材料/期中讲评20251106.pdf | /Users/wanglifei/Desktop/gpt和claude共同的小窝/2026模拟题_学生题库_按考试类型整理_20260914/01_期中和期末/2026海淀期中/其他材料/期中讲评20251106.pdf | /Users/wanglifei/Desktop/gpt和claude共同的小窝/DeepSeek_政治题库资料库_20260918/tmp/zip_extract/2026模拟题_完整版/2026µ¿íµïƒΘóÿ_σ¡ªτöƒΘóÿσ║ô_µîëΦÇâΦ»òτ▒╗σ₧ïµò┤τÉå_20260914/01_µ£ƒΣ╕¡σÆîµ£ƒµ£½/2026µ╡╖µ╖Çµ£ƒΣ╕¡/σà╢Σ╗ûµ¥ÉµûÖ/µ£ƒΣ╕¡Φ«▓Φ»ä20251106.pdf,107,pdfinfo,pending,pending,
S11cac42f9791,2026模拟题/2026各区期末和期中/2026海淀期中/试卷/试卷.docx,/Users/wanglifei/Desktop/gpt和claude共同的小窝/00_共同资料/原材料/2026模拟题/2026各区期末和期中/2026海淀期中/试卷/试卷.docx,docx,262700,11cac42f979196cd879bb2d88efd7984e64cc0c19cdb57cbe1b0a6121ae13e3c,2026模拟题,Y,,3,/Users/wanglifei/Desktop/2026模拟题/2026各区期末和期中/2026海淀期中/试卷/试卷.docx | /Users/wanglifei/Desktop/gpt和claude共同的小窝/2026模拟题_学生题库_按考试类型整理_20260914/01_期中和期末/2026海淀期中/试卷/试卷.docx | /Users/wanglifei/Desktop/gpt和claude共同的小窝/DeepSeek_政治题库资料库_20260918/tmp/zip_extract/2026模拟题_完整版/2026µ¿íµïƒΘóÿ_σ¡ªτöƒΘóÿσ║ô_µîëΦÇâΦ»òτ▒╗σ₧ïµò┤τÉå_20260914/01_µ£ƒΣ╕¡σÆîµ£ƒµ£½/2026µ╡╖µ╖Çµ£ƒΣ╕¡/Φ»òσì╖/Φ»òσì╖.docx,unknown,docx 无固定页数；实测 段落172 表格11,pending,pending,
S7832041a93d3,2026模拟题/2026各区期末和期中/2026海淀期末/细则/细则.pdf,/Users/wanglifei/Desktop/gpt和claude共同的小窝/00_共同资料/原材料/2026模拟题/2026各区期末和期中/2026海淀期末/细则/细则.pdf,pdf,2944879,7832041a93d37e1f1c235dd25d2204090a8616c93d855e2e3a1b1f266f96d1ca,2026模拟题,Y,,3,/Users/wanglifei/Desktop/2026模拟题/2026各区期末和期中/2026海淀期末/细则/细则.pdf | /Users/wanglifei/Desktop/gpt和claude共同的小窝/2026模拟题_学生题库_按考试类型整理_20260914/01_期中和期末/2026海淀期末/细则/细则.pdf | /Users/wanglifei/Desktop/gpt和claude共同的小窝/DeepSeek_政治题库资料库_20260918/tmp/zip_extract/2026模拟题_完整版/2026µ¿íµïƒΘóÿ_σ¡ªτöƒΘóÿσ║ô_µîëΦÇâΦ»òτ▒╗σ₧ïµò┤τÉå_20260914/01_µ£ƒΣ╕¡σÆîµ£ƒµ£½/2026µ╡╖µ╖Çµ£ƒµ£½/τ╗åσêÖ/τ╗åσêÖ.pdf,6,pdfinfo,pending,pending,
Sac3124113aec,2026模拟题/2026各区期末和期中/2026海淀期末/试卷/试卷.pdf,/Users/wanglifei/Desktop/gpt和claude共同的小窝/00_共同资料/原材料/2026模拟题/2026各区期末和期中/2026海淀期末/试卷/试卷.pdf,pdf,9185851,ac3124113aec7062dd70042a1dbd88724d31175c797b380025c53b1fe1ff25e8,2026模拟题,Y,,3,/Users/wanglifei/Desktop/2026模拟题/2026各区期末和期中/2026海淀期末/试卷/试卷.pdf | /Users/wanglifei/Desktop/gpt和claude共同的小窝/2026模拟题_学生题库_按考试类型整理_20260914/01_期中和期末/2026海淀期末/试卷/试卷.pdf | /Users/wanglifei/Desktop/gpt和claude共同的小窝/DeepSeek_政治题库资料库_20260918/tmp/zip_extract/2026模拟题_完整版/2026µ¿íµïƒΘóÿ_σ¡ªτöƒΘóÿσ║ô_µîëΦÇâΦ»òτ▒╗σ₧ïµò┤τÉå_20260914/01_µ£ƒΣ╕¡σÆîµ£ƒµ£½/2026µ╡╖µ╖Çµ£ƒµ£½/Φ»òσì╖/Φ»òσì╖.pdf,10,pdfinfo,pending,pending,
S54715a1e650d,2026模拟题/2026各区期末和期中/2026西城期末/细则/细则.pdf,/Users/wanglifei/Desktop/gpt和claude共同的小窝/00_共同资料/原材料/2026模拟题/2026各区期末和期中/2026西城期末/细则/细则.pdf,pdf,2838973,54715a1e650d940e1470d8348f9c4cfaaa4a92cb983965a022b2fae5049ca1a4,2026模拟题,Y,,3,/Users/wanglifei/Desktop/2026模拟题/2026各区期末和期中/2026西城期末/细则/细则.pdf | /Users/wanglifei/Desktop/gpt和claude共同的小窝/2026模拟题_学生题库_按考试类型整理_20260914/01_期中和期末/2026西城期末/细则/细则.pdf | /Users/wanglifei/Desktop/gpt和claude共同的小窝/DeepSeek_政治题库资料库_20260918/tmp/zip_extract/2026模拟题_完整版/2026µ¿íµïƒΘóÿ_σ¡ªτöƒΘóÿσ║ô_µîëΦÇâΦ»òτ▒╗σ₧ïµò┤τÉå_20260914/01_µ£ƒΣ╕¡σÆîµ£ƒµ£½/2026ΦÑ┐σƒÄµ£ƒµ£½/τ╗åσêÖ/τ╗åσêÖ.pdf,5,pdfinfo,pending,pending,
S9aecfff2e370,2026模拟题/2026各区期末和期中/2026西城期末/细则/补充材料/西城高三期末评标.pptx,/Users/wanglifei/Desktop/gpt和claude共同的小窝/00_共同资料/原材料/2026模拟题/2026各区期末和期中/2026西城期末/细则/补充材料/西城高三期末评标.pptx,pptx,1259440,9aecfff2e370dc980e0ceb4805b28f66ebfbbeffa7ccdbd4b909dc96b01a3cbe,2026模拟题,Y,,3,/Users/wanglifei/Desktop/2026模拟题/2026各区期末和期中/2026西城期末/细则/补充材料/西城高三期末评标.pptx | /Users/wanglifei/Desktop/gpt和claude共同的小窝/2026模拟题_学生题库_按考试类型整理_20260914/01_期中和期末/2026西城期末/细则/补充材料/西城高三期末评标.pptx | /Users/wanglifei/Desktop/gpt和claude共同的小窝/DeepSeek_政治题库资料库_20260918/tmp/zip_extract/2026模拟题_完整版/2026µ¿íµïƒΘóÿ_σ¡ªτöƒΘóÿσ║ô_µîëΦÇâΦ»òτ▒╗σ₧ïµò┤τÉå_20260914/01_µ£ƒΣ╕¡σÆîµ£ƒµ£½/2026ΦÑ┐σƒÄµ£ƒµ£½/τ╗åσêÖ/ΦíÑσààµ¥ÉµûÖ/ΦÑ┐σƒÄΘ½ÿΣ╕ëµ£ƒµ£½Φ»äµáç.pptx,12,python-pptx len(slides),pending,pending,
Sefbc5507a38d,2026模拟题/2026各区期末和期中/2026西城期末/细则/补充材料/高三思想政治参考答案.pdf,/Users/wanglifei/Desktop/gpt和claude共同的小窝/00_共同资料/原材料/2026模拟题/2026各区期末和期中/2026西城期末/细则/补充材料/高三思想政治参考答案.pdf,pdf,11156816,efbc5507a38dbd4f41a57acd1dfe4877df191813555b2318d451a1b3a855f230,2026模拟题,Y,,7,/Users/wanglifei/Desktop/gpt和claude共同的小窝/00_共同资料/原材料/2026模拟题/2026各区期末和期中/2026西城期末/试卷/2026北京西城高三上期末政治教师版.pdf | /Users/wanglifei/Desktop/2026模拟题/2026各区期末和期中/2026西城期末/细则/补充材料/高三思想政治参考答案.pdf | /Users/wanglifei/Desktop/2026模拟题/2026各区期末和期中/2026西城期末/试卷/2026北京西城高三上期末政治教师版.pdf | /Users/wanglifei/Desktop/gpt和claude共同的小窝/2026模拟题_学生题库_按考试类型整理_20260914/01_期中和期末/2026西城期末/细则/补充材料/高三思想政治参考答案.pdf | /Users/wanglifei/Desktop/gpt和claude共同的小窝/2026模拟题_学生题库_按考试类型整理_20260914/01_期中和期末/2026西城期末/试卷/2026北京西城高三上期末政治教师版.pdf | /Users/wanglifei/Desktop/gpt和claude共同的小窝/DeepSeek_政治题库资料库_20260918/tmp/zip_extract/2026模拟题_完整版/2026µ¿íµïƒΘóÿ_σ¡ªτöƒΘóÿσ║ô_µîëΦÇâΦ»òτ▒╗σ₧ïµò┤τÉå_20260914/01_µ£ƒΣ╕¡σÆîµ£ƒµ£½/2026ΦÑ┐σƒÄµ£ƒµ£½/τ╗åσêÖ/ΦíÑσààµ¥ÉµûÖ/Θ½ÿΣ╕ëµÇ¥µâ│µö┐µ▓╗σÅéΦÇâτ¡öµíê.pdf | /Users/wanglifei/Desktop/gpt和claude共同的小窝/DeepSeek_政治题库资料库_20260918/tmp/zip_extract/2026模拟题_完整版/2026µ¿íµïƒΘóÿ_σ¡ªτöƒΘóÿσ║ô_µîëΦÇâΦ»òτ▒╗σ₧ïµò┤τÉå_20260914/01_µ£ƒΣ╕¡σÆîµ£ƒµ£½/2026ΦÑ┐σƒÄµ£ƒµ£½/Φ»òσì╖/2026σîùΣ║¼ΦÑ┐σƒÄΘ½ÿΣ╕ëΣ╕èµ£ƒµ£½µö┐µ▓╗µòÖσ╕êτëê.pdf,12,pdfinfo,pending,pending,
Sefbc5507a38d,2026模拟题/2026各区期末和期中/2026西城期末/试卷/2026北京西城高三上期末政治教师版.pdf,/Users/wanglifei/Desktop/gpt和claude共同的小窝/00_共同资料/原材料/2026模拟题/2026各区期末和期中/2026西城期末/试卷/2026北京西城高三上期末政治教师版.pdf,pdf,11156816,efbc5507a38dbd4f41a57acd1dfe4877df191813555b2318d451a1b3a855f230,2026模拟题,Y,,7,/Users/wanglifei/Desktop/gpt和claude共同的小窝/00_共同资料/原材料/2026模拟题/2026各区期末和期中/2026西城期末/细则/补充材料/高三思想政治参考答案.pdf | /Users/wanglifei/Desktop/2026模拟题/2026各区期末和期中/2026西城期末/细则/补充材料/高三思想政治参考答案.pdf | /Users/wanglifei/Desktop/2026模拟题/2026各区期末和期中/2026西城期末/试卷/2026北京西城高三上期末政治教师版.pdf | /Users/wanglifei/Desktop/gpt和claude共同的小窝/2026模拟题_学生题库_按考试类型整理_20260914/01_期中和期末/2026西城期末/细则/补充材料/高三思想政治参考答案.pdf | /Users/wanglifei/Desktop/gpt和claude共同的小窝/2026模拟题_学生题库_按考试类型整理_20260914/01_期中和期末/2026西城期末/试卷/2026北京西城高三上期末政治教师版.pdf | /Users/wanglifei/Desktop/gpt和claude共同的小窝/DeepSeek_政治题库资料库_20260918/tmp/zip_extract/2026模拟题_完整版/2026µ¿íµïƒΘóÿ_σ¡ªτöƒΘóÿσ║ô_µîëΦÇâΦ»òτ▒╗σ₧ïµò┤τÉå_20260914/01_µ£ƒΣ╕¡σÆîµ£ƒµ£½/2026ΦÑ┐σƒÄµ£ƒµ£½/τ╗åσêÖ/ΦíÑσààµ¥ÉµûÖ/Θ½ÿΣ╕ëµÇ¥µâ│µö┐µ▓╗σÅéΦÇâτ¡öµíê.pdf | /Users/wanglifei/Desktop/gpt和claude共同的小窝/DeepSeek_政治题库资料库_20260918/tmp/zip_extract/2026模拟题_完整版/2026µ¿íµïƒΘóÿ_σ¡ªτöƒΘóÿσ║ô_µîëΦÇâΦ»òτ▒╗σ₧ïµò┤τÉå_20260914/01_µ£ƒΣ╕¡σÆîµ£ƒµ£½/2026ΦÑ┐σƒÄµ£ƒµ£½/Φ»òσì╖/2026σîùΣ║¼ΦÑ┐σƒÄΘ½ÿΣ╕ëΣ╕èµ£ƒµ£½µö┐µ▓╗µòÖσ╕êτëê.pdf,12,pdfinfo,pending,pending,
S44537714bd68,2026模拟题/2026各区期末和期中/2026通州期末/细则/细则.pptx,/Users/wanglifei/Desktop/gpt和claude共同的小窝/00_共同资料/原材料/2026模拟题/2026各区期末和期中/2026通州期末/细则/细则.pptx,pptx,845024,44537714bd68a7c15d4311b1317c0cc0c321158c93eae8092ae7f8db161b5317,2026模拟题,Y,,3,/Users/wanglifei/Desktop/2026模拟题/2026各区期末和期中/2026通州期末/细则/细则.pptx | /Users/wanglifei/Desktop/gpt和claude共同的小窝/2026模拟题_学生题库_按考试类型整理_20260914/01_期中和期末/2026通州期末/细则/细则.pptx | /Users/wanglifei/Desktop/gpt和claude共同的小窝/DeepSeek_政治题库资料库_20260918/tmp/zip_extract/2026模拟题_完整版/2026µ¿íµïƒΘóÿ_σ¡ªτöƒΘóÿσ║ô_µîëΦÇâΦ»òτ▒╗σ₧ïµò┤τÉå_20260914/01_µ£ƒΣ╕¡σÆîµ£ƒµ£½/2026ΘÇÜσ╖₧µ£ƒµ£½/τ╗åσêÖ/τ╗åσêÖ.pptx,17,python-pptx len(slides),pending,pending,
S7f3083ea306e,2026模拟题/2026各区期末和期中/2026通州期末/试卷/试卷.pdf,/Users/wanglifei/Desktop/gpt和claude共同的小窝/00_共同资料/原材料/2026模拟题/2026各区期末和期中/2026通州期末/试卷/试卷.pdf,pdf,1136980,7f3083ea306ea1e92b3d368942a6bbd22124af6563a3bca0886f800b2b1af857,2026模拟题,Y,,3,/Users/wanglifei/Desktop/2026模拟题/2026各区期末和期中/2026通州期末/试卷/试卷.pdf | /Users/wanglifei/Desktop/gpt和claude共同的小窝/2026模拟题_学生题库_按考试类型整理_20260914/01_期中和期末/2026通州期末/试卷/试卷.pdf | /Users/wanglifei/Desktop/gpt和claude共同的小窝/DeepSeek_政治题库资料库_20260918/tmp/zip_extract/2026模拟题_完整版/2026µ¿íµïƒΘóÿ_σ¡ªτöƒΘóÿσ║ô_µîëΦÇâΦ»òτ▒╗σ₧ïµò┤τÉå_20260914/01_µ£ƒΣ╕¡σÆîµ£ƒµ£½/2026ΘÇÜσ╖₧µ£ƒµ£½/Φ»òσì╖/Φ»òσì╖.pdf,10,pdfinfo,pending,pending,
S22c2a9a9dc00,2026模拟题/只有答案没有细则的/2026石景山期末/其他材料/答案及评分参考.pdf,/Users/wanglifei/Desktop/gpt和claude共同的小窝/00_共同资料/原材料/2026模拟题/只有答案没有细则的/2026石景山期末/其他材料/答案及评分参考.pdf,pdf,6826389,22c2a9a9dc00eb284d39bc932bcdffe8565f0511c856c6deb1bdf422c77c38a8,2026模拟题,Y,,3,/Users/wanglifei/Desktop/2026模拟题/只有答案没有细则的/2026石景山期末/其他材料/答案及评分参考.pdf | /Users/wanglifei/Desktop/gpt和claude共同的小窝/2026模拟题_学生题库_按考试类型整理_20260914/01_期中和期末/2026石景山期末/细则/答案及评分参考.pdf | /Users/wanglifei/Desktop/gpt和claude共同的小窝/DeepSeek_政治题库资料库_20260918/tmp/zip_extract/2026模拟题_完整版/2026µ¿íµïƒΘóÿ_σ¡ªτöƒΘóÿσ║ô_µîëΦÇâΦ»òτ▒╗σ₧ïµò┤τÉå_20260914/01_µ£ƒΣ╕¡σÆîµ£ƒµ£½/2026τƒ│µÖ»σ▒▒µ£ƒµ£½/τ╗åσêÖ/τ¡öµíêσÅèΦ»äσêåσÅéΦÇâ.pdf,10,pdfinfo,pending,pending,
Sd28336f73700,历年高考题及细则/2020北京政治高考.pdf,/Users/wanglifei/Desktop/gpt和claude共同的小窝/00_共同资料/原材料/历年高考题及细则/2020北京政治高考.pdf,pdf,236517,d28336f737005ee888d1d4e31a79d5f11f6691afa4c4504ddb614d6129e0c42b,历年高考题及细则,Y,,2,/Users/wanglifei/Desktop/历年高考题及细则/2020北京政治高考.pdf | /Users/wanglifei/Desktop/gpt和claude共同的小窝/DeepSeek_政治题库资料库_20260918/tmp/zip_extract/历年高考题及细则/σÄåσ╣┤Θ½ÿΦÇâΘóÿσÅèτ╗åσêÖ/2020σîùΣ║¼µö┐µ▓╗Θ½ÿΦÇâ.pdf,4,pdfinfo,pending,pending,
Sd09df25048f5,历年高考题及细则/2020北京高考真题政治（教师版）.pdf,/Users/wanglifei/Desktop/gpt和claude共同的小窝/00_共同资料/原材料/历年高考题及细则/2020北京高考真题政治（教师版）.pdf,pdf,431515,d09df25048f53c5664cda0d4978d58a4c6b4e3075d8b31852f0ecdf245f80ee7,历年高考题及细则,Y,,2,/Users/wanglifei/Desktop/历年高考题及细则/2020北京高考真题政治（教师版）.pdf | /Users/wanglifei/Desktop/gpt和claude共同的小窝/DeepSeek_政治题库资料库_20260918/tmp/zip_extract/历年高考题及细则/σÄåσ╣┤Θ½ÿΦÇâΘóÿσÅèτ╗åσêÖ/2020σîùΣ║¼Θ½ÿΦÇâτ£ƒΘóÿµö┐µ▓╗∩╝êµòÖσ╕êτëê∩╝ë.pdf,18,pdfinfo,pending,pending,
Sbfb92664a987,历年高考题及细则/2021北京高考真题政治（教师版）.pdf,/Users/wanglifei/Desktop/gpt和claude共同的小窝/00_共同资料/原材料/历年高考题及细则/2021北京高考真题政治（教师版）.pdf,pdf,947452,bfb92664a98775883fbc730a3d6602971f79c097b159bc7feddb6db795030d28,历年高考题及细则,Y,,2,/Users/wanglifei/Desktop/历年高考题及细则/2021北京高考真题政治（教师版）.pdf | /Users/wanglifei/Desktop/gpt和claude共同的小窝/DeepSeek_政治题库资料库_20260918/tmp/zip_extract/历年高考题及细则/σÄåσ╣┤Θ½ÿΦÇâΘóÿσÅèτ╗åσêÖ/2021σîùΣ║¼Θ½ÿΦÇâτ£ƒΘóÿµö┐µ▓╗∩╝êµòÖσ╕êτëê∩╝ë.pdf,12,pdfinfo,pending,pending,
S515af99fb5a8,历年高考题及细则/2021高考政治主观试题细则汇总（内部资料请勿外传）.pdf,/Users/wanglifei/Desktop/gpt和claude共同的小窝/00_共同资料/原材料/历年高考题及细则/2021高考政治主观试题细则汇总（内部资料请勿外传）.pdf,pdf,641897,515af99fb5a8be4a8f3c881002472334145480bbf0d950ea9189031ad2d8643f,历年高考题及细则,Y,,2,/Users/wanglifei/Desktop/历年高考题及细则/2021高考政治主观试题细则汇总（内部资料请勿外传）.pdf | /Users/wanglifei/Desktop/gpt和claude共同的小窝/DeepSeek_政治题库资料库_20260918/tmp/zip_extract/历年高考题及细则/σÄåσ╣┤Θ½ÿΦÇâΘóÿσÅèτ╗åσêÖ/2021Θ½ÿΦÇâµö┐µ▓╗Σ╕╗ΦºéΦ»òΘóÿτ╗åσêÖµ▒çµÇ╗∩╝êσåàΘâ¿Φ╡äµûÖΦ»╖σï┐σñûΣ╝á∩╝ë.pdf,7,pdfinfo,pending,pending,
Sb2dd3b8daa4d,历年高考题及细则/2022北京高考真题政治（教师版）.pdf,/Users/wanglifei/Desktop/gpt和claude共同的小窝/00_共同资料/原材料/历年高考题及细则/2022北京高考真题政治（教师版）.pdf,pdf,608770,b2dd3b8daa4d3cb3f713ec79844bd0a2ac3eef109cdbcd63122ecde9b7d77713,历年高考题及细则,Y,,2,/Users/wanglifei/Desktop/历年高考题及细则/2022北京高考真题政治（教师版）.pdf | /Users/wanglifei/Desktop/gpt和claude共同的小窝/DeepSeek_政治题库资料库_20260918/tmp/zip_extract/历年高考题及细则/σÄåσ╣┤Θ½ÿΦÇâΘóÿσÅèτ╗åσêÖ/2022σîùΣ║¼Θ½ÿΦÇâτ£ƒΘóÿµö┐µ▓╗∩╝êµòÖσ╕êτëê∩╝ë.pdf,22,pdfinfo,pending,pending,
S07b058a51918,历年高考题及细则/2022年北京高考阅卷标准.pdf,/Users/wanglifei/Desktop/gpt和claude共同的小窝/00_共同资料/原材料/历年高考题及细则/2022年北京高考阅卷标准.pdf,pdf,338288,07b058a51918111b22755f16522d9018d8ebe0d0a43c6e702453a82bc8eaef03,历年高考题及细则,Y,,2,/Users/wanglifei/Desktop/历年高考题及细则/2022年北京高考阅卷标准.pdf | /Users/wanglifei/Desktop/gpt和claude共同的小窝/DeepSeek_政治题库资料库_20260918/tmp/zip_extract/历年高考题及细则/σÄåσ╣┤Θ½ÿΦÇâΘóÿσÅèτ╗åσêÖ/2022σ╣┤σîùΣ║¼Θ½ÿΦÇâΘÿàσì╖µáçσçå.pdf,7,pdfinfo,pending,pending,
Sa304fc30e2f4,历年高考题及细则/2023.16.pdf,/Users/wanglifei/Desktop/gpt和claude共同的小窝/00_共同资料/原材料/历年高考题及细则/2023.16.pdf,pdf,247880,a304fc30e2f427bde830ec7a807f95178f16577bc388468d212d4c91a7dd62a9,历年高考题及细则,Y,,2,/Users/wanglifei/Desktop/历年高考题及细则/2023.16.pdf | /Users/wanglifei/Desktop/gpt和claude共同的小窝/DeepSeek_政治题库资料库_20260918/tmp/zip_extract/历年高考题及细则/σÄåσ╣┤Θ½ÿΦÇâΘóÿσÅèτ╗åσêÖ/2023.16.pdf,2,pdfinfo,pending,pending,
Sef033508bb10,历年高考题及细则/2023.17.pdf,/Users/wanglifei/Desktop/gpt和claude共同的小窝/00_共同资料/原材料/历年高考题及细则/2023.17.pdf,pdf,323616,ef033508bb109f727b96f81d5c75d49374d3502f01f347d0b55a26471ab3bdd8,历年高考题及细则,Y,,2,/Users/wanglifei/Desktop/历年高考题及细则/2023.17.pdf | /Users/wanglifei/Desktop/gpt和claude共同的小窝/DeepSeek_政治题库资料库_20260918/tmp/zip_extract/历年高考题及细则/σÄåσ╣┤Θ½ÿΦÇâΘóÿσÅèτ╗åσêÖ/2023.17.pdf,1,pdfinfo,pending,pending,
S55e70d4fcebb,历年高考题及细则/2023.18(3).pdf,/Users/wanglifei/Desktop/gpt和claude共同的小窝/00_共同资料/原材料/历年高考题及细则/2023.18(3).pdf,pdf,299209,55e70d4fcebbd77b2a1ae23be22f1a89a0d8cca78236a1e525c79dd184c7fff4,历年高考题及细则,Y,,2,/Users/wanglifei/Desktop/历年高考题及细则/2023.18(3).pdf | /Users/wanglifei/Desktop/gpt和claude共同的小窝/DeepSeek_政治题库资料库_20260918/tmp/zip_extract/历年高考题及细则/σÄåσ╣┤Θ½ÿΦÇâΘóÿσÅèτ╗åσêÖ/2023.18(3).pdf,1,pdfinfo,pending,pending,
S1317ff2d3699,历年高考题及细则/2023.18（1）（2）.pdf,/Users/wanglifei/Desktop/gpt和claude共同的小窝/00_共同资料/原材料/历年高考题及细则/2023.18（1）（2）.pdf,pdf,116852,1317ff2d369981d6b8133cbba78aea48fe287f9d3e09a22577a20baaf23c55e6,历年高考题及细则,Y,,2,/Users/wanglifei/Desktop/历年高考题及细则/2023.18（1）（2）.pdf | /Users/wanglifei/Desktop/gpt和claude共同的小窝/DeepSeek_政治题库资料库_20260918/tmp/zip_extract/历年高考题及细则/σÄåσ╣┤Θ½ÿΦÇâΘóÿσÅèτ╗åσêÖ/2023.18∩╝ê1∩╝ë∩╝ê2∩╝ë.pdf,1,pdfinfo,pending,pending,
S32dd066eb95c,历年高考题及细则/2023.19(1).pdf,/Users/wanglifei/Desktop/gpt和claude共同的小窝/00_共同资料/原材料/历年高考题及细则/2023.19(1).pdf,pdf,74011,32dd066eb95cca45567cad70ed50842ec171da8535c98f299f6ec47173db70ce,历年高考题及细则,Y,,2,/Users/wanglifei/Desktop/历年高考题及细则/2023.19(1).pdf | /Users/wanglifei/Desktop/gpt和claude共同的小窝/DeepSeek_政治题库资料库_20260918/tmp/zip_extract/历年高考题及细则/σÄåσ╣┤Θ½ÿΦÇâΘóÿσÅèτ╗åσêÖ/2023.19(1).pdf,1,pdfinfo,pending,pending,
S2c3853fde0c2,历年高考题及细则/2023.19（2）.pdf,/Users/wanglifei/Desktop/gpt和claude共同的小窝/00_共同资料/原材料/历年高考题及细则/2023.19（2）.pdf,pdf,48391,2c3853fde0c28c56a55d61bf73c1babc865f0eb8798ed61fe0cd8f596757bf2b,历年高考题及细则,Y,,2,/Users/wanglifei/Desktop/历年高考题及细则/2023.19（2）.pdf | /Users/wanglifei/Desktop/gpt和claude共同的小窝/DeepSeek_政治题库资料库_20260918/tmp/zip_extract/历年高考题及细则/σÄåσ╣┤Θ½ÿΦÇâΘóÿσÅèτ╗åσêÖ/2023.19∩╝ê2∩╝ë.pdf,1,pdfinfo,pending,pending,
S9bcca4f19c81,历年高考题及细则/2023.20.pdf,/Users/wanglifei/Desktop/gpt和claude共同的小窝/00_共同资料/原材料/历年高考题及细则/2023.20.pdf,pdf,70392,9bcca4f19c8116298d208a4fdaa6fbd4e5543f6fa8f5eaf4a541acc5fb3fb607,历年高考题及细则,Y,,2,/Users/wanglifei/Desktop/历年高考题及细则/2023.20.pdf | /Users/wanglifei/Desktop/gpt和claude共同的小窝/DeepSeek_政治题库资料库_20260918/tmp/zip_extract/历年高考题及细则/σÄåσ╣┤Θ½ÿΦÇâΘóÿσÅèτ╗åσêÖ/2023.20.pdf,2,pdfinfo,pending,pending,
Sbf0725189cee,历年高考题及细则/2023北京高考真题政治（教师版）.pdf,/Users/wanglifei/Desktop/gpt和claude共同的小窝/00_共同资料/原材料/历年高考题及细则/2023北京高考真题政治（教师版）.pdf,pdf,884902,bf0725189cee4c2c70dd262d5b7cfe4c4cfebe5880da08c97ce2dfa83dc122c7,历年高考题及细则,Y,,2,/Users/wanglifei/Desktop/历年高考题及细则/2023北京高考真题政治（教师版）.pdf | /Users/wanglifei/Desktop/gpt和claude共同的小窝/DeepSeek_政治题库资料库_20260918/tmp/zip_extract/历年高考题及细则/σÄåσ╣┤Θ½ÿΦÇâΘóÿσÅèτ╗åσêÖ/2023σîùΣ║¼Θ½ÿΦÇâτ£ƒΘóÿµö┐µ▓╗∩╝êµòÖσ╕êτëê∩╝ë.pdf,9,pdfinfo,pending,pending,
S957fa8d76c21,历年高考题及细则/2023高考阅卷细则.pdf,/Users/wanglifei/Desktop/gpt和claude共同的小窝/00_共同资料/原材料/历年高考题及细则/2023高考阅卷细则.pdf,pdf,5690534,957fa8d76c21078274c45bc65f5fce74e75df884d6d794e4f426a14f8e0c10b6,历年高考题及细则,Y,,2,/Users/wanglifei/Desktop/历年高考题及细则/2023高考阅卷细则.pdf | /Users/wanglifei/Desktop/gpt和claude共同的小窝/DeepSeek_政治题库资料库_20260918/tmp/zip_extract/历年高考题及细则/σÄåσ╣┤Θ½ÿΦÇâΘóÿσÅèτ╗åσêÖ/2023Θ½ÿΦÇâΘÿàσì╖τ╗åσêÖ.pdf,5,pdfinfo,pending,pending,
Sbe05e583ba6a,历年高考题及细则/2024北京高考真题政治（教师版）.pdf,/Users/wanglifei/Desktop/gpt和claude共同的小窝/00_共同资料/原材料/历年高考题及细则/2024北京高考真题政治（教师版）.pdf,pdf,755603,be05e583ba6af8a3d552d6c493ac6a732bb72f29defe783fee694cc7b15aa15c,历年高考题及细则,Y,,2,/Users/wanglifei/Desktop/历年高考题及细则/2024北京高考真题政治（教师版）.pdf | /Users/wanglifei/Desktop/gpt和claude共同的小窝/DeepSeek_政治题库资料库_20260918/tmp/zip_extract/历年高考题及细则/σÄåσ╣┤Θ½ÿΦÇâΘóÿσÅèτ╗åσêÖ/2024σîùΣ║¼Θ½ÿΦÇâτ£ƒΘóÿµö┐µ▓╗∩╝êµòÖσ╕êτëê∩╝ë.pdf,13,pdfinfo,pending,pending,
Se0d7d1a5fd45,历年高考题及细则/2024年北京市高考政治试题分析(1).pdf,/Users/wanglifei/Desktop/gpt和claude共同的小窝/00_共同资料/原材料/历年高考题及细则/2024年北京市高考政治试题分析(1).pdf,pdf,14163109,e0d7d1a5fd4585f7519773b7118f4f161de68adfdce95be6c1587fa185b3eff1,历年高考题及细则,Y,,2,/Users/wanglifei/Desktop/历年高考题及细则/2024年北京市高考政治试题分析(1).pdf | /Users/wanglifei/Desktop/gpt和claude共同的小窝/DeepSeek_政治题库资料库_20260918/tmp/zip_extract/历年高考题及细则/σÄåσ╣┤Θ½ÿΦÇâΘóÿσÅèτ╗åσêÖ/2024σ╣┤σîùΣ║¼σ╕éΘ½ÿΦÇâµö┐µ▓╗Φ»òΘóÿσêåµ₧É(1).pdf,53,pdfinfo,pending,pending,
S132a504a16fe,历年高考题及细则/2025北京细则.pdf,/Users/wanglifei/Desktop/gpt和claude共同的小窝/00_共同资料/原材料/历年高考题及细则/2025北京细则.pdf,pdf,1828500,132a504a16fee0fa8febdbd4681c7e1c99e8d2c0260f7ac8b91cf41939e1ce7c,历年高考题及细则,Y,,2,/Users/wanglifei/Desktop/历年高考题及细则/2025北京细则.pdf | /Users/wanglifei/Desktop/gpt和claude共同的小窝/DeepSeek_政治题库资料库_20260918/tmp/zip_extract/历年高考题及细则/σÄåσ╣┤Θ½ÿΦÇâΘóÿσÅèτ╗åσêÖ/2025σîùΣ║¼τ╗åσêÖ.pdf,6,pdfinfo,pending,pending,
S44eade2b04f8,历年高考题及细则/2025北京高考真题政治（教师版）.pdf,/Users/wanglifei/Desktop/gpt和claude共同的小窝/00_共同资料/原材料/历年高考题及细则/2025北京高考真题政治（教师版）.pdf,pdf,1168275,44eade2b04f87c55a788e0865e5457d884abfda002caf78f19626939aa29579d,历年高考题及细则,Y,,2,/Users/wanglifei/Desktop/历年高考题及细则/2025北京高考真题政治（教师版）.pdf | /Users/wanglifei/Desktop/gpt和claude共同的小窝/DeepSeek_政治题库资料库_20260918/tmp/zip_extract/历年高考题及细则/σÄåσ╣┤Θ½ÿΦÇâΘóÿσÅèτ╗åσêÖ/2025σîùΣ║¼Θ½ÿΦÇâτ£ƒΘóÿµö┐µ▓╗∩╝êµòÖσ╕êτëê∩╝ë.pdf,21,pdfinfo,pending,pending,
S125fcac83354,历年高考题及细则/2026北京高考政治细则.docx,/Users/wanglifei/Desktop/gpt和claude共同的小窝/00_共同资料/原材料/历年高考题及细则/2026北京高考政治细则.docx,docx,20183,125fcac833542a478b5fc5285f26535f14d25ab842dc7b4907840832aae451c7,历年高考题及细则,Y,,2,/Users/wanglifei/Desktop/历年高考题及细则/2026北京高考政治细则.docx | /Users/wanglifei/Desktop/gpt和claude共同的小窝/DeepSeek_政治题库资料库_20260918/tmp/zip_extract/历年高考题及细则/σÄåσ╣┤Θ½ÿΦÇâΘóÿσÅèτ╗åσêÖ/2026σîùΣ║¼Θ½ÿΦÇâµö┐µ▓╗τ╗åσêÖ.docx,unknown,docx 无固定页数；实测 段落110 表格0,pending,pending,
Sc125322a6844,历年高考题及细则/2026年普通高中学业水平等级性考试（思想政治）参考答案.pdf,/Users/wanglifei/Desktop/gpt和claude共同的小窝/00_共同资料/原材料/历年高考题及细则/2026年普通高中学业水平等级性考试（思想政治）参考答案.pdf,pdf,253230,c125322a6844a6d76f5e2c48182604c47ba5d51a919a5d380a2ef51c70d93992,历年高考题及细则,Y,,2,/Users/wanglifei/Desktop/历年高考题及细则/2026年普通高中学业水平等级性考试（思想政治）参考答案.pdf | /Users/wanglifei/Desktop/gpt和claude共同的小窝/DeepSeek_政治题库资料库_20260918/tmp/zip_extract/历年高考题及细则/σÄåσ╣┤Θ½ÿΦÇâΘóÿσÅèτ╗åσêÖ/2026σ╣┤µÖ«ΘÇÜΘ½ÿΣ╕¡σ¡ªΣ╕Üµ░┤σ╣│τ¡ëτ║ºµÇºΦÇâΦ»ò∩╝êµÇ¥µâ│µö┐µ▓╗∩╝ëσÅéΦÇâτ¡öµíê.pdf,2,pdfinfo,pending,pending,
S150b8360ec5c,历年高考题及细则/2026年普通高中学业水平等级性考试（思想政治）试题.pdf,/Users/wanglifei/Desktop/gpt和claude共同的小窝/00_共同资料/原材料/历年高考题及细则/2026年普通高中学业水平等级性考试（思想政治）试题.pdf,pdf,9079798,150b8360ec5ca04c26c40258c5abf1476a26a53e78158895de6bb84e40731b38,历年高考题及细则,Y,,2,/Users/wanglifei/Desktop/历年高考题及细则/2026年普通高中学业水平等级性考试（思想政治）试题.pdf | /Users/wanglifei/Desktop/gpt和claude共同的小窝/DeepSeek_政治题库资料库_20260918/tmp/zip_extract/历年高考题及细则/σÄåσ╣┤Θ½ÿΦÇâΘóÿσÅèτ╗åσêÖ/2026σ╣┤µÖ«ΘÇÜΘ½ÿΣ╕¡σ¡ªΣ╕Üµ░┤σ╣│τ¡ëτ║ºµÇºΦÇâΦ»ò∩╝êµÇ¥µâ│µö┐µ▓╗∩╝ëΦ»òΘóÿ.pdf,9,pdfinfo,pending,pending,
Seed66a4c3a30,历年高考题及细则/23北京高考.pdf,/Users/wanglifei/Desktop/gpt和claude共同的小窝/00_共同资料/原材料/历年高考题及细则/23北京高考.pdf,pdf,1556987,eed66a4c3a303a20eb5a8874b39c9bca4593655f5b7916f2e998608c453ea03c,历年高考题及细则,Y,,2,/Users/wanglifei/Desktop/历年高考题及细则/23北京高考.pdf | /Users/wanglifei/Desktop/gpt和claude共同的小窝/DeepSeek_政治题库资料库_20260918/tmp/zip_extract/历年高考题及细则/σÄåσ╣┤Θ½ÿΦÇâΘóÿσÅèτ╗åσêÖ/23σîùΣ║¼Θ½ÿΦÇâ.pdf,20,pdfinfo,pending,pending,
Sab58e68c2d67,宝典制作原料/2025班课选必二法律第一轮 法律框架.pdf,/Users/wanglifei/Desktop/gpt和claude共同的小窝/00_共同资料/原材料/宝典制作原料/2025班课选必二法律第一轮 法律框架.pdf,pdf,25477452,ab58e68c2d670099d4ff21db42e1d70b8b0353aa3499434d7117dbd0b4e9186a,宝典制作原料,N,范围外：班课讲义，非试卷,0,,35,pdfinfo,pending,pending,
Sfdc2bef79997,宝典制作原料/2026班课必修三第一轮 政治与法治.pdf,/Users/wanglifei/Desktop/gpt和claude共同的小窝/00_共同资料/原材料/宝典制作原料/2026班课必修三第一轮 政治与法治.pdf,pdf,24827958,fdc2bef79997703d1ac7c8c890ab26bf221a9b12e364ca724c3524cf04d29423,宝典制作原料,N,范围外：班课讲义，非试卷,0,,24,pdfinfo,pending,pending,
S480c4b32f530,宝典制作原料/2026班课必修三第二轮 政治与法治习题课.pdf,/Users/wanglifei/Desktop/gpt和claude共同的小窝/00_共同资料/原材料/宝典制作原料/2026班课必修三第二轮 政治与法治习题课.pdf,pdf,57083037,480c4b32f530e36d860ee3b2cfd4562b2857faf9e70ddc49ecb29986bd90da65,宝典制作原料,N,范围外：班课讲义，非试卷,0,,46,pdfinfo,pending,pending,
Scde33d31c0f6,宝典制作原料/2026班课必修二第一轮 五四三二一 .pdf,/Users/wanglifei/Desktop/gpt和claude共同的小窝/00_共同资料/原材料/宝典制作原料/2026班课必修二第一轮 五四三二一 .pdf,pdf,30177149,cde33d31c0f62fab77d1e415fb8d1698c185c548a5d276daa49e28c616655f80,宝典制作原料,N,范围外：班课讲义，非试卷,0,,30,pdfinfo,pending,pending,
Sbe3a6a1f3af8,宝典制作原料/2026班课必修二第二轮 经济与社会习题课 .pdf,/Users/wanglifei/Desktop/gpt和claude共同的小窝/00_共同资料/原材料/宝典制作原料/2026班课必修二第二轮 经济与社会习题课 .pdf,pdf,66352785,be3a6a1f3af8fd6f64b2fbb975cb47a5679df0394cc4c2fde7a54e62fddf8090,宝典制作原料,N,范围外：班课讲义，非试卷,0,,59,pdfinfo,pending,pending,
Sbca6bdaee7cb,宝典制作原料/2026班课选必一第一轮 六要素 .pdf,/Users/wanglifei/Desktop/gpt和claude共同的小窝/00_共同资料/原材料/宝典制作原料/2026班课选必一第一轮 六要素 .pdf,pdf,16666496,bca6bdaee7cb25d163bfeab68f4934f813b97bf41b4d636b7c600a128a4232cf,宝典制作原料,N,范围外：班课讲义，非试卷,0,,18,pdfinfo,pending,pending,
S72fc1ec38398,宝典制作原料/2026班课选必三思维第一轮 思维框架.pdf,/Users/wanglifei/Desktop/gpt和claude共同的小窝/00_共同资料/原材料/宝典制作原料/2026班课选必三思维第一轮 思维框架.pdf,pdf,9913238,72fc1ec38398b265bd92a4eadeee40db9785cbe422a5a7e38d261f7c93e4ecab,宝典制作原料,N,范围外：班课讲义，非试卷,0,,15,pdfinfo,pending,pending,
Sb3cff0b2a97c,宝典制作原料/2026班课选必三推理第一轮 推理类型.pdf,/Users/wanglifei/Desktop/gpt和claude共同的小窝/00_共同资料/原材料/宝典制作原料/2026班课选必三推理第一轮 推理类型.pdf,pdf,14799008,b3cff0b2a97ce0985491b6439f3642349e7a161bcbb8c55f66d2c0ff2ed9a579,宝典制作原料,N,范围外：班课讲义，非试卷,0,,22,pdfinfo,pending,pending,
Sda3174081032,宝典制作原料/制作宝典宪法.docx,/Users/wanglifei/Desktop/gpt和claude共同的小窝/00_共同资料/原材料/宝典制作原料/制作宝典宪法.docx,docx,356010,da317408103225bbdc28b8b850678d2361c35fbe5f00fdb7da3c55093112a694,宝典制作原料,N,范围外：班课讲义，非试卷,1,/Users/wanglifei/Desktop/2026模拟题/必修二_v25续作_20260908/交接给ChatPro_20260908_修订31/经济v25_修订31交接/03_原料/宝典制作原料/LOCAL-236_制作宝典宪法.docx,unknown,docx 无固定页数；实测 段落20 表格0,pending,pending,
Sa455457d84d5,宝典制作原料/必修二 终极版秘籍.docx,/Users/wanglifei/Desktop/gpt和claude共同的小窝/00_共同资料/原材料/宝典制作原料/必修二 终极版秘籍.docx,docx,22008,a455457d84d542cb81e44b662f8f6bcc0c741dfacf4db03678c2060203979d8d,宝典制作原料,N,范围外：班课讲义，非试卷,0,,unknown,docx 无固定页数；实测 段落198 表格0,pending,pending,
S7c051f36d078,宝典制作原料/必修二经济与社会-应如何主体积累页.txt,/Users/wanglifei/Desktop/gpt和claude共同的小窝/00_共同资料/原材料/宝典制作原料/必修二经济与社会-应如何主体积累页.txt,txt,3660,7c051f36d078e9c9ebeb21c20bfa10c3d10be4a7300b5d2bba3176958e9e4af2,宝典制作原料,N,范围外：班课讲义，非试卷,0,,unknown,格式 .txt 未实现页数探针,pending,pending,
Sb01c73ea9756,宝典制作原料/选必三思维宝典初稿-飞哥正志讲堂.pdf,/Users/wanglifei/Desktop/gpt和claude共同的小窝/00_共同资料/原材料/宝典制作原料/选必三思维宝典初稿-飞哥正志讲堂.pdf,pdf,2495558,b01c73ea975647ba1aaa0dffdbc0cdcab187f2715736482985de49807ba2a06d,宝典制作原料,N,范围外：班课讲义，非试卷,0,,80,pdfinfo,pending,pending,
S58b0b05ab58b,宝典制作原料/选必二6.8急救包-飞哥正志讲堂.pdf,/Users/wanglifei/Desktop/gpt和claude共同的小窝/00_共同资料/原材料/宝典制作原料/选必二6.8急救包-飞哥正志讲堂.pdf,pdf,340788,58b0b05ab58b18d3fe08d89e2c52cd52d98d4a9ce127c0111ccaea3ea6e9b66d,宝典制作原料,N,范围外：班课讲义，非试卷,0,,11,pdfinfo,pending,pending,
