root,path,ext,size,sha256,engineering_like,macosx,has_source_role_word
D-2024,/Users/wanglifei/Desktop/2024模拟题/西城一模/其他材料/~$教学班报告--高三西城一模练习(政治)-高三年级政6.xlsx,xlsx,165,35f26846e2d0fa228a5784bfdbc799c3aafcf72e1512e40b3eb446eb0b988484,N,N,N
D-2024,/Users/wanglifei/Desktop/2024模拟题/西城一模/细则/补充材料/~$24.4西城高三统一测试思想政治答案 阅卷细则（调整）.docx,docx,162,b41de015f45c357f3739831eb774472f84e00c30c1956fa4bfcca017ab96d23f,N,N,Y
D-2024,/Users/wanglifei/Desktop/2024模拟题/西城二模/试卷/补充材料/~$模拟测试思想政治试卷.docx,docx,162,a3dcb402d5aad93d756a02f59e5f4f4c40659870009e5cc87aaec873803d4b59,N,N,Y
D-2026,/Users/wanglifei/Desktop/2026模拟题/必修二_v25续作_20260908/交接给ChatPro_20260908_修订31/01_给ChatPro的提示词.txt,txt,4663,4d88724ed191a0f9dc0ab5900cd3f5e0f21b739c45f4bd111867b39f416035cf,Y,N,N
D-2026,/Users/wanglifei/Desktop/2026模拟题/必修二_v25续作_20260908/交接给ChatPro_20260908_修订31/02_全量续作追加提示词.txt,txt,1242,587edda6c74e64c59ac0580a52f7b43244b62b2457a308734c40f71808b6e3ba,Y,N,N
D-2026,/Users/wanglifei/Desktop/2026模拟题/必修二_v25续作_20260908/交接给ChatPro_20260908_修订31/完整总包SHA256.txt,txt,107,d52dd6e00f2d5afc27d0147c3bbb482072a3d6913cfe631f1b7a9bf0593e4d43,Y,N,N
D-2026,/Users/wanglifei/Desktop/2026模拟题/必修二_v25续作_20260908/交接给ChatPro_20260908_修订31/经济v25_修订31交接/00_入口/全量追加提示词.txt,txt,1242,587edda6c74e64c59ac0580a52f7b43244b62b2457a308734c40f71808b6e3ba,Y,N,N
D-2026,/Users/wanglifei/Desktop/2026模拟题/必修二_v25续作_20260908/交接给ChatPro_20260908_修订31/经济v25_修订31交接/00_入口/首批提示词.txt,txt,4663,4d88724ed191a0f9dc0ab5900cd3f5e0f21b739c45f4bd111867b39f416035cf,Y,N,N
D-2026,/Users/wanglifei/Desktop/2026模拟题/必修二_v25续作_20260908/交接给ChatPro_20260908_修订31/经济v25_修订31交接/01_当前稿/必修二经济宝典_v25_原题与细则修订31_20260908.docx,docx,71880201,f86c73ae959f5ed5b2591ad2d6d9fa766941a3a6b8070883682fc860aa2b6b67,Y,N,Y
D-2026,/Users/wanglifei/Desktop/2026模拟题/必修二_v25续作_20260908/交接给ChatPro_20260908_修订31/经济v25_修订31交接/01_当前稿/必修二经济宝典_v25_原题与细则修订31_20260908.pdf,pdf,23499763,c8974da226ee16ce4edca3e78a8d96ca33486961c6c863d17f8467b7fe426cbd,Y,N,Y
D-2026,/Users/wanglifei/Desktop/2026模拟题/必修二_v25续作_20260908/交接给ChatPro_20260908_修订31/经济v25_修订31交接/01_当前稿/必修二经济宝典_v25_原题与细则审计表_修订31_20260908.xlsx,xlsx,1432019,4783d464d46409e83a8d47fb7fd77205bb3e3e0c78182d7a8e31fdddc73242fc,Y,N,Y
D-2026,/Users/wanglifei/Desktop/2026模拟题/必修二_v25续作_20260908/交接给ChatPro_20260908_修订31/经济v25_修订31交接/02_规则/beijing-gaokao-politics/legacy/5.6/task-continuity.before.txt,txt,19305,b37b54dfadb42050949b4822588afca27d9439bc329d8fd97b59d6d3203ea10c,Y,N,N
D-2026,/Users/wanglifei/Desktop/2026模拟题/必修二_v25续作_20260908/交接给ChatPro_20260908_修订31/经济v25_修订31交接/02_规则/beijing-gaokao-politics/migration/APPLY_IN_WORK.txt,txt,3061,935d8582a3b978d529154dba857e1b12f98c1bdd1f438e38bc9705b387d8e393,Y,N,N
D-2026,/Users/wanglifei/Desktop/2026模拟题/必修二_v25续作_20260908/交接给ChatPro_20260908_修订31/经济v25_修订31交接/02_规则/beijing-gaokao-politics/migration/PATCH_REPLAY.txt,txt,1087,ceb09fed734eb17432de4640ca481fb84f2c81bcbc965cf2f598540fe3ab3d4b,Y,N,N
D-2026,/Users/wanglifei/Desktop/2026模拟题/必修二_v25续作_20260908/交接给ChatPro_20260908_修订31/经济v25_修订31交接/05_历史定位/2024高考重点题/LOCAL-222_P38.txt,txt,180,5fbdc1a8125fb0c77fc09358bc02b5e079394515e235761328e5a5d5b42ffbc9,Y,N,N
D-2026,/Users/wanglifei/Desktop/2026模拟题/必修二_v25续作_20260908/交接给ChatPro_20260908_修订31/经济v25_修订31交接/05_历史定位/2024高考重点题/LOCAL-222_P39.txt,txt,1557,afdbebfae59990948dcaafc82e4215c35e1315baff010597c8dad5df84580f1e,Y,N,N
D-2026,/Users/wanglifei/Desktop/2026模拟题/必修二_v25续作_20260908/交接给ChatPro_20260908_修订31/经济v25_修订31交接/05_历史定位/2024高考重点题/LOCAL-222_P42.txt,txt,490,ae9a23f5d464c32ca88953ec2f5dd77fbc4446ef577d92ad80ec4542191924dc,Y,N,N
D-2026,/Users/wanglifei/Desktop/2026模拟题/必修二_v25续作_20260908/交接给ChatPro_20260908_修订31/经济v25_修订31交接/05_历史定位/2024高考重点题/LOCAL-222_P43.txt,txt,389,1ea0b47be45d71058a508abaaac4b3db1ca175dfc37c0c269fc6feffd3c26c6f,Y,N,N
D-2026,/Users/wanglifei/Desktop/2026模拟题/必修二_v25续作_20260908/交接给ChatPro_20260908_修订31/经济v25_修订31交接/05_历史定位/2024高考重点题/LOCAL-222_P47.txt,txt,642,d0a575152b34a1643443cfa114c834877f72d298972787bedd872ff14018210b,Y,N,N
D-2026,/Users/wanglifei/Desktop/2026模拟题/必修二_v25续作_20260908/交接给ChatPro_20260908_修订31/经济v25_修订31交接/05_历史定位/2024高考重点题/LOCAL-222_P52.txt,txt,822,9b9e29f1e11b3f0c27edbfe8c4d847e1021e6d5a920e3c92aa076e2701bd3b34,Y,N,N
D-2026,/Users/wanglifei/Desktop/2026模拟题/必修二_v25续作_20260908/交接给ChatPro_20260908_修订31/经济v25_修订31交接/05_历史定位/2025重点题/2025北京高考Q21_原题完整转录.txt,txt,2143,de1e03a8bcdc3631dc6f832ec390070e44d2a47f35906495185fd1eb3ae7012f,Y,N,N
D-2026,/Users/wanglifei/Desktop/2026模拟题/必修二_v25续作_20260908/交接给ChatPro_20260908_修订31/经济v25_修订31交接/05_历史定位/2025重点题/2025西城期末Q16_本地可核原题.txt,txt,1625,dfc61bcc0dd2874249ddc523e00a619dfc9d930ba712fa2fa4fdc5b33d09b94a,Y,N,N
D-2026,/Users/wanglifei/Desktop/2026模拟题/必修二_v25续作_20260908/交接给ChatPro_20260908_修订31/经济v25_修订31交接/05_历史定位/2025重点题/2026丰台二模细则PPTX_全提取含备注.txt,txt,38934,eab982d1ff845688c78c24a2a5750926d8e5889d1f22e43750c93f482170ad1f,Y,N,Y
D-2026,/Users/wanglifei/Desktop/2026模拟题/必修二_v25续作_20260908/交接给ChatPro_20260908_修订31/经济v25_修订31交接/05_历史定位/2025重点题/西城细则.txt,txt,10307,b75f0bdc5abb23c84eb3ed78c6e21f1d330e3e5361abcf336d63b2eefec647c6,Y,N,Y
D-2026,/Users/wanglifei/Desktop/2026模拟题/必修二_v25续作_20260908/交接给ChatPro_20260908_修订31/经济v25_修订31交接/05_历史定位/2025重点题/西城试卷.txt,txt,21888,dc37ba30d7568d92adcd1d94d461a50c6f6b45300a8357c8618900cbccf2d4e6,Y,N,Y
D-2026,/Users/wanglifei/Desktop/2026模拟题/必修二_v25续作_20260908/交接给ChatPro_20260908_修订31/经济v25_修订31交接/05_历史定位/2025重点题/高考细则.txt,txt,62237,c95c2590c3aab642d8eb4cdd087b3d3d1f5beab5697d56970bed470addf47dfe,Y,N,Y
D-2026,/Users/wanglifei/Desktop/2026模拟题/必修二_v25续作_20260908/交接给ChatPro_20260908_修订31/经济v25_修订31交接/05_历史定位/2025重点题/高考细则_CID解码.txt,txt,16930,35cbb3b6ce5328cac94d378dbacaf1130aa6531539ba504797577fcf234cddf8,Y,N,Y
D-2026,/Users/wanglifei/Desktop/2026模拟题/必修二_v25续作_20260908/交接给ChatPro_20260908_修订31/经济v25_修订31交接/05_历史定位/2025重点题/高考试卷.txt,txt,63974,bb33d0d67a998ce49557f81f557a609af8629cda673d09173d2afa7fb0db9b55,Y,N,Y
D-2026,/Users/wanglifei/Desktop/2026模拟题/必修二_v25续作_20260908/交接给ChatPro_20260908_修订31/经济v25_修订31交接/05_历史定位/2026重点题/2026北京东城高三二模政治（教师版）.pdf.txt,txt,21306,86938fd68b910e1711a257e022b8b2298add02d86e27b49958f6aeb9a968431c,Y,N,N
D-2026,/Users/wanglifei/Desktop/2026模拟题/必修二_v25续作_20260908/交接给ChatPro_20260908_修订31/经济v25_修订31交接/05_历史定位/2026重点题/v25_文本.txt,txt,1719629,c0f3a5a47c938f8a2cb016832303d09f1848d7131fef0df211b3b19285e8a832,Y,N,N
D-2026,/Users/wanglifei/Desktop/2026模拟题/必修二_v25续作_20260908/交接给ChatPro_20260908_修订31/经济v25_修订31交接/05_历史定位/2026重点题/东城20_1_2细则_文本.txt,txt,1708,92ac0e6a6a66d06ebd5e026ce835ac4ee3d52ff26b56b10e03b376f7b7e5075a,Y,N,Y
D-2026,/Users/wanglifei/Desktop/2026模拟题/必修二_v25续作_20260908/交接给ChatPro_20260908_修订31/经济v25_修订31交接/05_历史定位/2026重点题/东城20_3细则_文本.txt,txt,3175,1eeab388d06102da896277f75a7542ac1a96253876f594ca55e53bb403c99875,Y,N,Y
D-2026,/Users/wanglifei/Desktop/2026模拟题/必修二_v25续作_20260908/交接给ChatPro_20260908_修订31/经济v25_修订31交接/05_历史定位/2026重点题/东城教师版_文本.txt,txt,21089,ed218716ff682a0c9c3ff156202219abd955cf0f24c304549c605df1b72b81b8,Y,N,N
D-2026,/Users/wanglifei/Desktop/2026模拟题/必修二_v25续作_20260908/交接给ChatPro_20260908_修订31/经济v25_修订31交接/05_历史定位/2026重点题/房山原卷_文本.txt,txt,222,3902a3dbb3aa8cb93978f025b8243efb87276cd2b8c2ea1138457a4b46b11273,Y,N,Y
D-2026,/Users/wanglifei/Desktop/2026模拟题/必修二_v25续作_20260908/交接给ChatPro_20260908_修订31/经济v25_修订31交接/05_历史定位/2026重点题/房山细则_完整原文.txt,txt,10403,fa1fc9d3c2da51c260b5af25e9228892e57167e3b010136629d04fa1ab035053,Y,N,Y
D-2026,/Users/wanglifei/Desktop/2026模拟题/必修二_v25续作_20260908/交接给ChatPro_20260908_修订31/经济v25_修订31交接/05_历史定位/2026重点题/房山细则_文本.txt,txt,10403,fa1fc9d3c2da51c260b5af25e9228892e57167e3b010136629d04fa1ab035053,Y,N,Y
D-2026,/Users/wanglifei/Desktop/2026模拟题/必修二_v25续作_20260908/交接给ChatPro_20260908_修订31/经济v25_修订31交接/05_历史定位/2026重点题/细则.pdf.txt,txt,10352,f8d55e752e1e197ff4c9abac7a7d15f28036772c5c5260c95c55d3363e22decd,Y,N,Y
D-2026,/Users/wanglifei/Desktop/2026模拟题/必修二_v25续作_20260908/交接给ChatPro_20260908_修订31/经济v25_修订31交接/05_历史定位/修订08渲染日志.txt,txt,792,7737a08148cdfe3c20d43623d71b50c269500d01cb3fcfea703ca28e79d896a4,Y,N,N
D-2026,/Users/wanglifei/Desktop/2026模拟题/必修二_v25续作_20260908/交接给ChatPro_20260908_修订31/经济v25_修订31交接/05_历史定位/修订09渲染日志.txt,txt,792,9768994e3ba4ece28b93ea24ed6e2efa0d6429c67e5b30bd8e73675eaf755298,Y,N,N
D-2026,/Users/wanglifei/Desktop/2026模拟题/必修二_v25续作_20260908/交接给ChatPro_20260908_修订31/经济v25_修订31交接/05_历史定位/修订10渲染日志.txt,txt,792,bf8ba890f898d221c2b467e931febbb9c07ff5d650937a37d31f3082670429f1,Y,N,N
D-2026,/Users/wanglifei/Desktop/2026模拟题/必修二_v25续作_20260908/交接给ChatPro_20260908_修订31/经济v25_修订31交接/05_历史定位/修订13执行日志.txt,txt,2076,e8750fd2a4b3db5603e64418a599517dd483e1c845487aee2f54be9fc238caeb,Y,N,N
D-2026,/Users/wanglifei/Desktop/2026模拟题/必修二_v25续作_20260908/交接给ChatPro_20260908_修订31/经济v25_修订31交接/05_历史定位/修订14执行日志.txt,txt,2109,4013b1e0a1b9f5dd6875feadd678f433fc385eaeb690a66d7fcde1cd42b649b5,Y,N,N
D-2026,/Users/wanglifei/Desktop/2026模拟题/必修二_v25续作_20260908/交接给ChatPro_20260908_修订31/经济v25_修订31交接/05_历史定位/修订15执行日志.txt,txt,3237,8f37ebcd467c0fa6c1c2a87c51548067882c1510046cc21672ab27ae2e84def9,Y,N,N
D-2026,/Users/wanglifei/Desktop/2026模拟题/必修二_v25续作_20260908/交接给ChatPro_20260908_修订31/经济v25_修订31交接/05_历史定位/修订15第二批独立核验_全文缓存.txt,txt,1794239,e3ddae0b17c10c2391889427ee7bc8f499e73e3b49e9f619ec252a6e9284835e,Y,N,N
D-2026,/Users/wanglifei/Desktop/2026模拟题/必修二_v25续作_20260908/交接给ChatPro_20260908_修订31/经济v25_修订31交接/05_历史定位/修订16待改完整文字.txt,txt,44333,5b6a9918702cec60eeed1b3eba31d20f927ae1eb838b05d07d9541e5a57d8058,Y,N,N
D-2026,/Users/wanglifei/Desktop/2026模拟题/必修二_v25续作_20260908/交接给ChatPro_20260908_修订31/经济v25_修订31交接/05_历史定位/修订16运行日志.txt,txt,3238,996ede0e42cfee663a1a305981a63d9001ca63514a603782e81a16468a779f85,Y,N,N
D-2026,/Users/wanglifei/Desktop/2026模拟题/必修二_v25续作_20260908/交接给ChatPro_20260908_修订31/经济v25_修订31交接/05_历史定位/修订17运行日志.txt,txt,1395,d9400675c643d8fac6d8653c46a3f978ac2b03a9f90debae67ded803f3059d59,Y,N,N
D-2026,/Users/wanglifei/Desktop/2026模拟题/必修二_v25续作_20260908/交接给ChatPro_20260908_修订31/经济v25_修订31交接/05_历史定位/修订18待改文字.txt,txt,26038,cfe207b3686ae1e7471ecc55f3ff57557f920ed07212cefb4db20f6e88a22971,Y,N,N
D-2026,/Users/wanglifei/Desktop/2026模拟题/必修二_v25续作_20260908/交接给ChatPro_20260908_修订31/经济v25_修订31交接/05_历史定位/修订18运行日志.txt,txt,301,0c98a57443aa04ee8815ae124279e6872e2d5b514b0b8e20808bd8f918db4a29,Y,N,N
D-2026,/Users/wanglifei/Desktop/2026模拟题/必修二_v25续作_20260908/交接给ChatPro_20260908_修订31/经济v25_修订31交接/05_历史定位/修订19待改文字.txt,txt,48126,306128161b9e1e22c069628279d4b36f91f8c49fefb844f8347e8e52f4fe6e7d,Y,N,N
D-2026,/Users/wanglifei/Desktop/2026模拟题/必修二_v25续作_20260908/交接给ChatPro_20260908_修订31/经济v25_修订31交接/05_历史定位/修订19运行日志.txt,txt,302,009df64005b22e9bd6cff21f44c2fc405ee1b6f2b2079f6cc4f2e1c54e3b6e2c,Y,N,N
D-2026,/Users/wanglifei/Desktop/2026模拟题/必修二_v25续作_20260908/交接给ChatPro_20260908_修订31/经济v25_修订31交接/05_历史定位/修订22主代理读稿/01.txt,txt,29058,d2f45b1056a0c1e90ba753bb50512f401f8e43dcd068be37868ad7fd6fd9dccf,Y,N,N
D-2026,/Users/wanglifei/Desktop/2026模拟题/必修二_v25续作_20260908/交接给ChatPro_20260908_修订31/经济v25_修订31交接/05_历史定位/修订22主代理读稿/02.txt,txt,12026,fb2026aeb6b510b03985100de359b13556072720961af8f7911eff3b1717787e,Y,N,N
D-2026,/Users/wanglifei/Desktop/2026模拟题/必修二_v25续作_20260908/交接给ChatPro_20260908_修订31/经济v25_修订31交接/05_历史定位/修订22主代理读稿/03.txt,txt,18427,efd853a9b030e1d812d52a1e271f33ce08b0bd5a9d83281e293f9208b0649e1d,Y,N,N
D-2026,/Users/wanglifei/Desktop/2026模拟题/必修二_v25续作_20260908/交接给ChatPro_20260908_修订31/经济v25_修订31交接/05_历史定位/修订22主代理读稿/04.txt,txt,24865,cea0264d802ab225279ab3d85097cd0a8aad6281fd7216424e13c90c147ef63f,Y,N,N
D-2026,/Users/wanglifei/Desktop/2026模拟题/必修二_v25续作_20260908/交接给ChatPro_20260908_修订31/经济v25_修订31交接/05_历史定位/修订22主代理读稿/05.txt,txt,12069,14d1f182380e50dfd7c1bde9687fd648976ee0057738ddd34fd418cf63166286,Y,N,N
D-2026,/Users/wanglifei/Desktop/2026模拟题/必修二_v25续作_20260908/交接给ChatPro_20260908_修订31/经济v25_修订31交接/05_历史定位/修订22主代理读稿/06.txt,txt,8617,ce91e5d9f9ec54d1f220c833a45da7a7a5a9ab13f5519d1972307cf543e0e992,Y,N,N
D-2026,/Users/wanglifei/Desktop/2026模拟题/必修二_v25续作_20260908/交接给ChatPro_20260908_修订31/经济v25_修订31交接/05_历史定位/修订22主代理读稿/07.txt,txt,19862,299ed2fa9f3d3c43ee47c0a423145dd50c5379dd037a7b0b82534f123dcff681,Y,N,N
D-2026,/Users/wanglifei/Desktop/2026模拟题/必修二_v25续作_20260908/交接给ChatPro_20260908_修订31/经济v25_修订31交接/05_历史定位/修订22主代理读稿/08.txt,txt,16454,e733d651cc7f01bc9ee8d129440a3ff5d7a5abe6a236e3d0ed1c374d1cfca2c0,Y,N,N
D-2026,/Users/wanglifei/Desktop/2026模拟题/必修二_v25续作_20260908/交接给ChatPro_20260908_修订31/经济v25_修订31交接/05_历史定位/修订22主代理读稿/09.txt,txt,16674,cb3d18f9d20c0ec1f07d3bcf0c850ae9585f56250590aa22e0d9eb12f3ed382d,Y,N,N
D-2026,/Users/wanglifei/Desktop/2026模拟题/必修二_v25续作_20260908/交接给ChatPro_20260908_修订31/经济v25_修订31交接/05_历史定位/修订22主代理读稿/10.txt,txt,16691,14283a70637a3acf0a95677f2d756ac0ff404662f59360301ad4c17fe84f4625,Y,N,N
D-2026,/Users/wanglifei/Desktop/2026模拟题/必修二_v25续作_20260908/交接给ChatPro_20260908_修订31/经济v25_修订31交接/05_历史定位/历史材料补核/2024北京细则_全文.txt,txt,20221,d93947a4209face7e621515ce2c61811d21effbf9a1049f522dfdbd4b604ff56,Y,N,Y
D-2026,/Users/wanglifei/Desktop/2026模拟题/必修二_v25续作_20260908/交接给ChatPro_20260908_修订31/经济v25_修订31交接/05_历史定位/历史材料补核/2024北京试卷_全文.txt,txt,42130,77f18c1eef3c7420c72e3ecdb27f2d476bc9eb2771b3df625a252e49e95f5979,Y,N,Y
D-2026,/Users/wanglifei/Desktop/2026模拟题/必修二_v25续作_20260908/交接给ChatPro_20260908_修订31/经济v25_修订31交接/05_历史定位/历史材料补核/东城期末试卷_全文.txt,txt,21378,60956ac63d4b6ea053ddb3318226b63784087d92b792759c2dbc515e19638480,Y,N,Y
D-2026,/Users/wanglifei/Desktop/2026模拟题/必修二_v25续作_20260908/交接给ChatPro_20260908_修订31/经济v25_修订31交接/05_历史定位/历史材料补核/海淀二模讲评_全文.txt,txt,29266,2da3bc6d13db70c68e326bdc09f1226eab7f4c3d48f956aa07503bdb414c6298,Y,N,Y
D-2026,/Users/wanglifei/Desktop/2026模拟题/必修二_v25续作_20260908/交接给ChatPro_20260908_修订31/经济v25_修订31交接/05_历史定位/历史材料补核/海淀期中讲评_全文.txt,txt,2137,841638fae23403ff0f2a9ee2ff66b840134784345be8e4f504ed38c7d6a71fae,Y,N,Y
D-2026,/Users/wanglifei/Desktop/2026模拟题/必修二_v25续作_20260908/交接给ChatPro_20260908_修订31/经济v25_修订31交接/05_历史定位/审计07导出日志.txt,txt,2226,d409acba3be28047d56da5aa6c9d7d74230a7e3ab9220f98dab9b8193fc4da18,Y,N,N
D-2026,/Users/wanglifei/Desktop/2026模拟题/必修二_v25续作_20260908/交接给ChatPro_20260908_修订31/经济v25_修订31交接/05_历史定位/审计09导出日志.txt,txt,2227,b7df80b7ae1b03322c393871555c16c547c97b8b4dd214f0c902272f154380af,Y,N,N
D-2026,/Users/wanglifei/Desktop/2026模拟题/必修二_v25续作_20260908/交接给ChatPro_20260908_修订31/经济v25_修订31交接/05_历史定位/审计10导出日志.txt,txt,2227,d78d1133719d4cca0aefb5e3e9f05c51b39a32138f9012dd36dbfeab7900fe51,Y,N,N
D-2026,/Users/wanglifei/Desktop/2026模拟题/必修二_v25续作_20260908/交接给ChatPro_20260908_修订31/经济v25_修订31交接/05_历史定位/审计11导出日志.txt,txt,2227,6d233180087a1fd60ef60432dc6f85a83025066d7dd7af912830e90f34113b8b,Y,N,N
D-2026,/Users/wanglifei/Desktop/2026模拟题/必修二_v25续作_20260908/交接给ChatPro_20260908_修订31/经济v25_修订31交接/05_历史定位/审计13导出日志.txt,txt,2248,98e90f6187e9413e12f4196b2336167d03260cf0cfd507274a42054bb4df587b,Y,N,N
D-2026,/Users/wanglifei/Desktop/2026模拟题/必修二_v25续作_20260908/交接给ChatPro_20260908_修订31/经济v25_修订31交接/05_历史定位/审计14导出日志.txt,txt,2248,dc5b90e72eb1ce481c72722ddda3cb60a19182a7ca99e137389dc10bbd60a5da,Y,N,N
D-2026,/Users/wanglifei/Desktop/2026模拟题/必修二_v25续作_20260908/交接给ChatPro_20260908_修订31/经济v25_修订31交接/05_历史定位/审计15导出日志.txt,txt,2248,7da0aa0ec57bcfce064d525195fce8c63b6068703beece3af3c2128df97bb7d8,Y,N,N
D-2026,/Users/wanglifei/Desktop/2026模拟题/必修二_v25续作_20260908/交接给ChatPro_20260908_修订31/经济v25_修订31交接/05_历史定位/审计17导出日志.txt,txt,2248,5c6a5e57b6bec43998473af3bbdeba172425961aa7e379c07235a7069cbf1011,Y,N,N
D-2026,/Users/wanglifei/Desktop/2026模拟题/必修二_v25续作_20260908/交接给ChatPro_20260908_修订31/经济v25_修订31交接/05_历史定位/审计19日志.txt,txt,2248,787f49bb6a27aa5c1f2854c91b3099e2cc2e1a05784286b10f63b2e45f5964a4,Y,N,N
D-2026,/Users/wanglifei/Desktop/2026模拟题/必修二_v25续作_20260908/交接给ChatPro_20260908_修订31/经济v25_修订31交接/05_历史定位/审计导出错误.txt,txt,2694,e283fc6bf2890405b47681796815598020625a7774ab33faed71b8dfeafbfce8,Y,N,N
D-2026,/Users/wanglifei/Desktop/2026模拟题/必修二_v25续作_20260908/交接给ChatPro_20260908_修订31/经济v25_修订31交接/05_历史定位/第三批独立冻结17/PDF全文缓存.txt,txt,1821529,fc087ae6e4f120cfaf9aeaa7ff29468df7905b3fe3b6287f0006f22985c7dce1,Y,N,N
D-2026,/Users/wanglifei/Desktop/2026模拟题/必修二_v25续作_20260908/交接给ChatPro_20260908_修订31/经济v25_修订31交接/05_历史定位/第三批题01_全文对照.txt,txt,8916,09149403fcfa61c8edd2c576a9f3c55cacd28269bd5f57d67cf0b9b866f842c0,Y,N,N
D-2026,/Users/wanglifei/Desktop/2026模拟题/必修二_v25续作_20260908/交接给ChatPro_20260908_修订31/经济v25_修订31交接/05_历史定位/第三批题02_全文对照.txt,txt,28475,37e492025933788c70d7e64acaa2103996d5746b4d2de5ed73f63ca75aaa697a,Y,N,N
D-2026,/Users/wanglifei/Desktop/2026模拟题/必修二_v25续作_20260908/交接给ChatPro_20260908_修订31/经济v25_修订31交接/05_历史定位/第三批题03_全文对照.txt,txt,11242,b1e80435449e6d4def74ef37dbda3bb4390fc386f69c45386d845704b34b1c9b,Y,N,N
D-2026,/Users/wanglifei/Desktop/2026模拟题/必修二_v25续作_20260908/交接给ChatPro_20260908_修订31/经济v25_修订31交接/05_历史定位/第三批题04_全文对照.txt,txt,11464,24c249c1a2f02f8362d7a88a7c5df16edfc376d9616128e637bb0f323f02e14d,Y,N,N
D-2026,/Users/wanglifei/Desktop/2026模拟题/必修二_v25续作_20260908/交接给ChatPro_20260908_修订31/经济v25_修订31交接/05_历史定位/第三批题05_全文对照.txt,txt,18161,3041cac1973cfeb98a51881853b42c8e5bd7d5580fb1f2e7fab741af8d0aae30,Y,N,N
D-2026,/Users/wanglifei/Desktop/2026模拟题/必修二_v25续作_20260908/交接给ChatPro_20260908_修订31/经济v25_修订31交接/05_历史定位/第三批题06_全文对照.txt,txt,32899,7824d0bfca8e595a020db90b4bae556d37bd0f175df0e8706a1b6d2c391ec193,Y,N,N
D-2026,/Users/wanglifei/Desktop/2026模拟题/必修二_v25续作_20260908/交接给ChatPro_20260908_修订31/经济v25_修订31交接/05_历史定位/第三批题07_全文对照.txt,txt,23141,ba78c454fb2324969a7628a39b40a65c69a35a3c42d2600942942ad2c4bd4b61,Y,N,N
D-2026,/Users/wanglifei/Desktop/2026模拟题/必修二_v25续作_20260908/交接给ChatPro_20260908_修订31/经济v25_修订31交接/05_历史定位/第三批题08_全文对照.txt,txt,14103,5f9b5099dd09ac75fda0bfa5413c75d5e51a049b44654bbd61a54593ffba3b4f,Y,N,N
D-2026,/Users/wanglifei/Desktop/2026模拟题/必修二_v25续作_20260908/交接给ChatPro_20260908_修订31/经济v25_修订31交接/05_历史定位/第三批题09_全文对照.txt,txt,13572,5a2e1ecab8a18553344d23b740c0ffe126bbc8597ce6f4864e7128475be73369,Y,N,N
D-2026,/Users/wanglifei/Desktop/2026模拟题/必修二_v25续作_20260908/交接给ChatPro_20260908_修订31/经济v25_修订31交接/05_历史定位/第三批题10_全文对照.txt,txt,18695,0929f501adc5b0fcd24f9e6a7ced735089b791635d52a6ac962def4d7c68d6f2,Y,N,N
D-2026,/Users/wanglifei/Desktop/2026模拟题/必修二_v25续作_20260908/交接给ChatPro_20260908_修订31/经济v25_修订31交接/05_历史定位/第三批题11_全文对照.txt,txt,18857,bdafa35d65fca5a53207779a846f7cd24c63abdfcd5b464930fcd482fc76f93d,Y,N,N
D-2026,/Users/wanglifei/Desktop/2026模拟题/必修二_v25续作_20260908/交接给ChatPro_20260908_修订31/经济v25_修订31交接/05_历史定位/第二批题01_全文对照.txt,txt,29676,3b387252e7e3373a28b86d019fcc3472f6537234b3e4dbc4e992de33cdc2e475,Y,N,N
D-2026,/Users/wanglifei/Desktop/2026模拟题/必修二_v25续作_20260908/交接给ChatPro_20260908_修订31/经济v25_修订31交接/05_历史定位/第二批题02_全文对照.txt,txt,11762,061850d9323490839ccd0606fba2ae96bb1d38b1765a4676365218d8a353637b,Y,N,N
D-2026,/Users/wanglifei/Desktop/2026模拟题/必修二_v25续作_20260908/交接给ChatPro_20260908_修订31/经济v25_修订31交接/05_历史定位/第二批题03_全文对照.txt,txt,18312,4372a383f9f5d3483b50f57eaee9d06cc34a680698b52f4f111120a5d3926025,Y,N,N
D-2026,/Users/wanglifei/Desktop/2026模拟题/必修二_v25续作_20260908/交接给ChatPro_20260908_修订31/经济v25_修订31交接/05_历史定位/第二批题04_全文对照.txt,txt,24824,7e0a8b926fac1c8e52c0d752a607b70ee33ec3502e1b272a145e10abf1329d7f,Y,N,N
D-2026,/Users/wanglifei/Desktop/2026模拟题/必修二_v25续作_20260908/交接给ChatPro_20260908_修订31/经济v25_修订31交接/05_历史定位/第二批题05_全文对照.txt,txt,11684,197e958ffa2580e06bb221af38758c98882d75548e21c4c56492c7721543778b,Y,N,N
D-2026,/Users/wanglifei/Desktop/2026模拟题/必修二_v25续作_20260908/交接给ChatPro_20260908_修订31/经济v25_修订31交接/05_历史定位/第二批题06_全文对照.txt,txt,7909,e05ecc7c6a28762749b9c460a8f44904fe3154e01d79b0c8e7f807a83788ba97,Y,N,N
D-2026,/Users/wanglifei/Desktop/2026模拟题/必修二_v25续作_20260908/交接给ChatPro_20260908_修订31/经济v25_修订31交接/05_历史定位/第二批题07_全文对照.txt,txt,19724,2be7e6a1e6209c776089e39f8d141e76879716ea91a174be6d63072529c01859,Y,N,N
D-2026,/Users/wanglifei/Desktop/2026模拟题/必修二_v25续作_20260908/交接给ChatPro_20260908_修订31/经济v25_修订31交接/05_历史定位/第二批题08_全文对照.txt,txt,16175,110bd9b09f1c3460eec612ead3283aabfc216a57e3d1c44efdd0ba356fd4b054,Y,N,N
D-2026,/Users/wanglifei/Desktop/2026模拟题/必修二_v25续作_20260908/交接给ChatPro_20260908_修订31/经济v25_修订31交接/05_历史定位/第二批题09_全文对照.txt,txt,16096,35aca293579368ef07d2d4499f8c50697d88b8cb14cbc5cdc4236e43150cffcb,Y,N,N
D-2026,/Users/wanglifei/Desktop/2026模拟题/必修二_v25续作_20260908/交接给ChatPro_20260908_修订31/经济v25_修订31交接/05_历史定位/第二批题10_全文对照.txt,txt,16059,cfc8477ac1cc3cfe19c60d1a50cecb685416abda37ea3ee624d4ecd616f7092e,Y,N,N
D-2026,/Users/wanglifei/Desktop/2026模拟题/必修二_v25续作_20260908/交接给ChatPro_20260908_修订31/经济v25_修订31交接/05_历史定位/逐卷逆向核查/2025届评分配对第三批十题_修订17/教学正文去重阅读.txt,txt,52780,2f35f6cb4ad0b51c05bc89026a51ad1e4f309ed2b8a75ddb586630731c2d41a5,Y,N,N
D-2026,/Users/wanglifei/Desktop/2026模拟题/必修二_v25续作_20260908/交接给ChatPro_20260908_修订31/经济v25_修订31交接/05_历史定位/逐卷逆向核查/2025届评分配对第三批十题_修订17/比对阅读文字.txt,txt,76286,ab0e00bfaef8b8ec1ffe3ffae39995ed8f7afda307cf2e1e210aeeded25c5860,Y,N,N
D-2026,/Users/wanglifei/Desktop/2026模拟题/必修二_v25续作_20260908/交接给ChatPro_20260908_修订31/经济v25_修订31交接/05_历史定位/逐卷逆向核查/2025届评分配对第四批十题_修订19/教学正文去重阅读.txt,txt,60189,8f7bff8e216ecd935738a4116cf41b07b3006af22ead989d3e3dafd1a313b9aa,Y,N,N
D-2026,/Users/wanglifei/Desktop/2026模拟题/必修二_v25续作_20260908/交接给ChatPro_20260908_修订31/经济v25_修订31交接/05_历史定位/逐卷逆向核查/2025缓存/LOCAL-068_全文.txt,txt,20858,8274b5e18d30aa88ade8b2504c57ce31b108349af2e38bf92f21af99a18610e2,Y,N,N
D-2026,/Users/wanglifei/Desktop/2026模拟题/必修二_v25续作_20260908/交接给ChatPro_20260908_修订31/经济v25_修订31交接/05_历史定位/逐卷逆向核查/2025缓存/LOCAL-070_全文.txt,txt,23254,7006d410ad8aee1f71850fbcaebfd0a4ab9e87c5c74f92bf20931875ae7466c2,Y,N,N
D-2026,/Users/wanglifei/Desktop/2026模拟题/必修二_v25续作_20260908/交接给ChatPro_20260908_修订31/经济v25_修订31交接/05_历史定位/逐卷逆向核查/2025缓存/LOCAL-072_全文.txt,txt,26074,ad778c834170fc63be2fe75ea28a646ec9371f66a1fa7a9f6360467131bbb5fc,Y,N,N
D-2026,/Users/wanglifei/Desktop/2026模拟题/必修二_v25续作_20260908/交接给ChatPro_20260908_修订31/经济v25_修订31交接/05_历史定位/逐卷逆向核查/2025缓存/LOCAL-074_全文.txt,txt,44889,87ecebde6fc203b3501cd232246787c5392b8bc830d04f02f24313ece7aad9b7,Y,N,N
D-2026,/Users/wanglifei/Desktop/2026模拟题/必修二_v25续作_20260908/交接给ChatPro_20260908_修订31/经济v25_修订31交接/05_历史定位/逐卷逆向核查/2025缓存/LOCAL-080_全文.txt,txt,26255,85f0d1ab4e55edcb95588a69243c86cb561d798ebd00103710c7f7d2a9bba3a5,Y,N,N
D-2026,/Users/wanglifei/Desktop/2026模拟题/必修二_v25续作_20260908/交接给ChatPro_20260908_修订31/经济v25_修订31交接/05_历史定位/逐卷逆向核查/2025缓存/LOCAL-083_全文.txt,txt,25199,1461bd5ecca49de3f8031b8edc164631f2e05259c6eaf52732ef35ac0866a487,Y,N,N
D-2026,/Users/wanglifei/Desktop/2026模拟题/必修二_v25续作_20260908/交接给ChatPro_20260908_修订31/经济v25_修订31交接/05_历史定位/逐卷逆向核查/2025缓存/LOCAL-085_全文.txt,txt,26913,6602692ca8837bf5404f4a1aface9ce7dd29696ffc016f7ba7efb59fe078a3f1,Y,N,N
D-2026,/Users/wanglifei/Desktop/2026模拟题/必修二_v25续作_20260908/交接给ChatPro_20260908_修订31/经济v25_修订31交接/05_历史定位/逐卷逆向核查/2025缓存/LOCAL-087_全文.txt,txt,25591,6dc758e6522b94618b3b1d58d3fc19b66940510e6d5973196c35cc6a99e3fa4e,Y,N,N
D-2026,/Users/wanglifei/Desktop/2026模拟题/必修二_v25续作_20260908/交接给ChatPro_20260908_修订31/经济v25_修订31交接/05_历史定位/逐卷逆向核查/2025缓存/LOCAL-089_全文.txt,txt,27461,6ee39cdd80bf19ad29c0a714a253b8be243dc94e0b87370ec665bf515e5d2e96,Y,N,N
D-2026,/Users/wanglifei/Desktop/2026模拟题/必修二_v25续作_20260908/交接给ChatPro_20260908_修订31/经济v25_修订31交接/05_历史定位/逐卷逆向核查/2025缓存/LOCAL-091_全文.txt,txt,52347,ac8406b23ea332ce5b643b513d4eb987a1b1d8b9d91be8d376c14ce8eb38085e,Y,N,N
D-2026,/Users/wanglifei/Desktop/2026模拟题/必修二_v25续作_20260908/交接给ChatPro_20260908_修订31/经济v25_修订31交接/05_历史定位/逐卷逆向核查/2025缓存/LOCAL-093_全文.txt,txt,21268,32eb4217391db6d5159d2805c65e7a5e48f0f1f77f453d8eb4a4f6387c7a539c,Y,N,N
D-2026,/Users/wanglifei/Desktop/2026模拟题/必修二_v25续作_20260908/交接给ChatPro_20260908_修订31/经济v25_修订31交接/05_历史定位/逐卷逆向核查/2025缓存/LOCAL-102_全文.txt,txt,24267,24a2b9b045c2d4b5cd53a16744e756488b1417f163e8aeae875be8b0519bfaad,Y,N,N
D-2026,/Users/wanglifei/Desktop/2026模拟题/必修二_v25续作_20260908/交接给ChatPro_20260908_修订31/经济v25_修订31交接/05_历史定位/逐卷逆向核查/2025缓存/LOCAL-104_全文.txt,txt,25581,4ad867bc56b6e56864f86a8b51acdd912246b4a540f7a359b0b33ddaf9688f20,Y,N,N
D-2026,/Users/wanglifei/Desktop/2026模拟题/必修二_v25续作_20260908/交接给ChatPro_20260908_修订31/经济v25_修订31交接/05_历史定位/逐卷逆向核查/2025缓存/LOCAL-105_render/细则.pdf,pdf,468538,eb801ea98edf1746b728a7462de5b1c4ba4c0b9e58687e0045c5763488bf49b2,Y,N,Y
D-2026,/Users/wanglifei/Desktop/2026模拟题/必修二_v25续作_20260908/交接给ChatPro_20260908_修订31/经济v25_修订31交接/05_历史定位/逐卷逆向核查/2025缓存/LOCAL-107_全文.txt,txt,25493,c475dafdad4b5fcf2c5924b721a9086169767dc70682dac4302545ca4eb3bd5c,Y,N,N
D-2026,/Users/wanglifei/Desktop/2026模拟题/必修二_v25续作_20260908/交接给ChatPro_20260908_修订31/经济v25_修订31交接/05_历史定位/逐卷逆向核查/2025缓存/LOCAL-111_全文.txt,txt,166,3195b4b1837f2e270566f0df412b460715b217ea5854b792174ea8c1a4229da3,Y,N,N
D-2026,/Users/wanglifei/Desktop/2026模拟题/必修二_v25续作_20260908/交接给ChatPro_20260908_修订31/经济v25_修订31交接/05_历史定位/逐卷逆向核查/2025缓存/LOCAL-113_全文.txt,txt,24306,1fb77ca9dc792e47c9d7371ac8a1979a59523768417290cb2345f799a0b18fe0,Y,N,N
D-2026,/Users/wanglifei/Desktop/2026模拟题/必修二_v25续作_20260908/交接给ChatPro_20260908_修订31/经济v25_修订31交接/05_历史定位/逐卷逆向核查/2025缓存/LOCAL-116_全文.txt,txt,60647,52704da498d70828c481fde58afd436fd5436f05530a0d35859255c41e691d9c,Y,N,N
D-2026,/Users/wanglifei/Desktop/2026模拟题/必修二_v25续作_20260908/交接给ChatPro_20260908_修订31/经济v25_修订31交接/05_历史定位/逐卷逆向核查/2025缓存/LOCAL-118_全文.txt,txt,48976,e9689935046736db776dab0d9baf75ae26b052ae7d272d6c64f1967801eca683,Y,N,N
D-2026,/Users/wanglifei/Desktop/2026模拟题/必修二_v25续作_20260908/交接给ChatPro_20260908_修订31/经济v25_修订31交接/05_历史定位/逐卷逆向核查/2025缓存/LOCAL-121_全文.txt,txt,26040,7656d4c5518e8422fa69a8e2f1c7bb4f901a1ca35a1208bf2d27d73c7eab9b28,Y,N,N
D-2026,/Users/wanglifei/Desktop/2026模拟题/必修二_v25续作_20260908/交接给ChatPro_20260908_修订31/经济v25_修订31交接/05_历史定位/逐卷逆向核查/2025缓存/LOCAL-123_全文.txt,txt,26392,f8313c4763c2ddb73b622cd293d9af85597fed72ed5fd124765d6c7cb2bb91e3,Y,N,N
D-2026,/Users/wanglifei/Desktop/2026模拟题/必修二_v25续作_20260908/交接给ChatPro_20260908_修订31/经济v25_修订31交接/05_历史定位/逐卷逆向核查/2025缓存/LOCAL-125_全文.txt,txt,28993,a93cdf0e0df64bda64f845cbcb1f7833ecc39f044dc89b7140739a12378c4d9a,Y,N,N
D-2026,/Users/wanglifei/Desktop/2026模拟题/必修二_v25续作_20260908/交接给ChatPro_20260908_修订31/经济v25_修订31交接/05_历史定位/逐卷逆向核查/2025缓存/LOCAL-127_全文.txt,txt,21952,ca07d7cfa9a654d49700308685670336b0aa071ca66fcbea6233a00c4957ce79,Y,N,N
D-2026,/Users/wanglifei/Desktop/2026模拟题/必修二_v25续作_20260908/交接给ChatPro_20260908_修订31/经济v25_修订31交接/05_历史定位/逐卷逆向核查/2026二模补核缓存/LOCAL-180_Q16_材料恢复.txt,txt,1255,c904d12bbc628fb8569292292dd03d3ffb3773accf05ace130a326e519524a04,Y,N,N
D-2026,/Users/wanglifei/Desktop/2026模拟题/必修二_v25续作_20260908/交接给ChatPro_20260908_修订31/经济v25_修订31交接/05_历史定位/逐卷逆向核查/2026二模补核缓存/LOCAL-182_Q14_图表数据.txt,txt,441,85d37e4ffcc5413380defc380ff336ece3657d00c4271f618a5b1888257438cf,Y,N,N
D-2026,/Users/wanglifei/Desktop/2026模拟题/必修二_v25续作_20260908/交接给ChatPro_20260908_修订31/经济v25_修订31交接/05_历史定位/逐卷逆向核查/2026未匹配选择题_修订19/EXAM-2025-朝阳-期中.txt,txt,14892,da4bad6c7768fda41ddd79740df56a0259bd872941a74f3fd294dfec6b9300a9,Y,N,N
D-2026,/Users/wanglifei/Desktop/2026模拟题/必修二_v25续作_20260908/交接给ChatPro_20260908_修订31/经济v25_修订31交接/05_历史定位/逐卷逆向核查/2026未匹配选择题_修订19/EXAM-2025-海淀-期中.txt,txt,10218,a2f3320b5e8ad7c68a2ac116550d3c4d7eabae9580a82c69b01c0db6db2f16b2,Y,N,N
D-2026,/Users/wanglifei/Desktop/2026模拟题/必修二_v25续作_20260908/交接给ChatPro_20260908_修订31/经济v25_修订31交接/05_历史定位/逐卷逆向核查/2026未匹配选择题_修订19/EXAM-2026-东城-一模.txt,txt,26663,a5ec01684e5c9df370cbc716497a58c68134a47ab8a0fd62e559b221203d2419,Y,N,N
D-2026,/Users/wanglifei/Desktop/2026模拟题/必修二_v25续作_20260908/交接给ChatPro_20260908_修订31/经济v25_修订31交接/05_历史定位/逐卷逆向核查/2026未匹配选择题_修订19/EXAM-2026-东城-二模.txt,txt,2359,2ffff6a5db8d4fed6dd71d5f9ea785f5166c8f894d9f250e8dfe557ae23e98c3,Y,N,N
D-2026,/Users/wanglifei/Desktop/2026模拟题/必修二_v25续作_20260908/交接给ChatPro_20260908_修订31/经济v25_修订31交接/05_历史定位/逐卷逆向核查/2026未匹配选择题_修订19/EXAM-2026-丰台-一模.txt,txt,1133,f1971c9d11b0979098bb9cd6721605bbc28a388ca540abe184bcf347af2bcfd0,Y,N,N
D-2026,/Users/wanglifei/Desktop/2026模拟题/必修二_v25续作_20260908/交接给ChatPro_20260908_修订31/经济v25_修订31交接/05_历史定位/逐卷逆向核查/2026未匹配选择题_修订19/EXAM-2026-丰台-二模.txt,txt,3566,24302454621d6d32b41d07601988edc418191bdd1b1f58c1eb505260b94e3c9f,Y,N,N
D-2026,/Users/wanglifei/Desktop/2026模拟题/必修二_v25续作_20260908/交接给ChatPro_20260908_修订31/经济v25_修订31交接/05_历史定位/逐卷逆向核查/2026未匹配选择题_修订19/EXAM-2026-丰台-期末.txt,txt,575,92a1dcb5cf7d158da2953b055ec598a8465935d601917b7630aca1c3c2fb6ead,Y,N,N
D-2026,/Users/wanglifei/Desktop/2026模拟题/必修二_v25续作_20260908/交接给ChatPro_20260908_修订31/经济v25_修订31交接/05_历史定位/逐卷逆向核查/2026未匹配选择题_修订19/EXAM-2026-延庆-一模.txt,txt,17190,4546c53fd4cad5b9a0064168d8bc28a80bf10b7168caaede4ab7111373c4518f,Y,N,N
D-2026,/Users/wanglifei/Desktop/2026模拟题/必修二_v25续作_20260908/交接给ChatPro_20260908_修订31/经济v25_修订31交接/05_历史定位/逐卷逆向核查/2026未匹配选择题_修订19/EXAM-2026-房山-一模.txt,txt,497,6a6f15f4813aac329d37162953c6dca80339e695f8746430b01d346c3b3af981,Y,N,N
D-2026,/Users/wanglifei/Desktop/2026模拟题/必修二_v25续作_20260908/交接给ChatPro_20260908_修订31/经济v25_修订31交接/05_历史定位/逐卷逆向核查/2026未匹配选择题_修订19/EXAM-2026-房山-二模.txt,txt,4489,a94c6cfa9d8cbf49f871a93ec6be64f780de083aabe68dc15edeb4cc8ca4fa1f,Y,N,N
D-2026,/Users/wanglifei/Desktop/2026模拟题/必修二_v25续作_20260908/交接给ChatPro_20260908_修订31/经济v25_修订31交接/05_历史定位/逐卷逆向核查/2026未匹配选择题_修订19/EXAM-2026-朝阳-一模.txt,txt,11114,f9b082a386cba3b03402b06611f4269e46de027d37b599ef0f484f50dd65e949,Y,N,N
D-2026,/Users/wanglifei/Desktop/2026模拟题/必修二_v25续作_20260908/交接给ChatPro_20260908_修订31/经济v25_修订31交接/05_历史定位/逐卷逆向核查/2026未匹配选择题_修订19/EXAM-2026-朝阳-二模.txt,txt,7367,184923c96f56572e7ee14e9074ad46d780ed73f76b8404d92b21bad1f5db98e8,Y,N,N
D-2026,/Users/wanglifei/Desktop/2026模拟题/必修二_v25续作_20260908/交接给ChatPro_20260908_修订31/经济v25_修订31交接/05_历史定位/逐卷逆向核查/2026未匹配选择题_修订19/EXAM-2026-朝阳-期末.txt,txt,372,8ea62ba7ddae25ce1c6f4f7dd3aba12516f9bc6864d991006171cde20faaccd9,Y,N,N
D-2026,/Users/wanglifei/Desktop/2026模拟题/必修二_v25续作_20260908/交接给ChatPro_20260908_修订31/经济v25_修订31交接/05_历史定位/逐卷逆向核查/2026未匹配选择题_修订19/EXAM-2026-海淀-一模.txt,txt,551,f9c6f20fe66ef250ab989d163852df713878bcc8fe90cd5460df1eaf916b1318,Y,N,N
D-2026,/Users/wanglifei/Desktop/2026模拟题/必修二_v25续作_20260908/交接给ChatPro_20260908_修订31/经济v25_修订31交接/05_历史定位/逐卷逆向核查/2026未匹配选择题_修订19/EXAM-2026-海淀-二模.txt,txt,3969,2b2a26ddecc2b2259969250903dd0a176895a4bcdacff5b772cb4c108082348f,Y,N,N
D-2026,/Users/wanglifei/Desktop/2026模拟题/必修二_v25续作_20260908/交接给ChatPro_20260908_修订31/经济v25_修订31交接/05_历史定位/逐卷逆向核查/2026未匹配选择题_修订19/EXAM-2026-海淀-期末.txt,txt,731,406fbbc9ea1aeff639ab82aab53f0f8f998d975efa79eac7fad7640db50ba341,Y,N,N
D-2026,/Users/wanglifei/Desktop/2026模拟题/必修二_v25续作_20260908/交接给ChatPro_20260908_修订31/经济v25_修订31交接/05_历史定位/逐卷逆向核查/2026未匹配选择题_修订19/EXAM-2026-石景山-一模.txt,txt,6103,fa88071db3b02075f8ed47db7addba97d7312b41223c17d74858cf222837aba3,Y,N,N
D-2026,/Users/wanglifei/Desktop/2026模拟题/必修二_v25续作_20260908/交接给ChatPro_20260908_修订31/经济v25_修订31交接/05_历史定位/逐卷逆向核查/2026未匹配选择题_修订19/EXAM-2026-石景山-二模.txt,txt,3549,6407ea51d0ec947dd08bea647005d148315365e62c9b9b70e1c744e13d4c3de7,Y,N,N
D-2026,/Users/wanglifei/Desktop/2026模拟题/必修二_v25续作_20260908/交接给ChatPro_20260908_修订31/经济v25_修订31交接/05_历史定位/逐卷逆向核查/2026未匹配选择题_修订19/EXAM-2026-石景山-期末.txt,txt,782,49baa262d9cbb0cd5bb62af690597569c120ff52c475e7a328e10cd09a309ce4,Y,N,N
D-2026,/Users/wanglifei/Desktop/2026模拟题/必修二_v25续作_20260908/交接给ChatPro_20260908_修订31/经济v25_修订31交接/05_历史定位/逐卷逆向核查/2026未匹配选择题_修订19/EXAM-2026-西城-一模.txt,txt,1358,cce440ced2bfd729237628d6df78069e858b857be20d630729edd069e0a18042,Y,N,N
D-2026,/Users/wanglifei/Desktop/2026模拟题/必修二_v25续作_20260908/交接给ChatPro_20260908_修订31/经济v25_修订31交接/05_历史定位/逐卷逆向核查/2026未匹配选择题_修订19/EXAM-2026-西城-二模.txt,txt,3095,5f033a5b68fe8d733f9b159575ae0308ed78255af4fa02c484e1ede1638248e9,Y,N,N
D-2026,/Users/wanglifei/Desktop/2026模拟题/必修二_v25续作_20260908/交接给ChatPro_20260908_修订31/经济v25_修订31交接/05_历史定位/逐卷逆向核查/2026未匹配选择题_修订19/EXAM-2026-西城-期末.txt,txt,197,e6c25890925d89ee36e8878e14305a8c824f0f184d7e532ca152026d7f14a098,Y,N,N
D-2026,/Users/wanglifei/Desktop/2026模拟题/必修二_v25续作_20260908/交接给ChatPro_20260908_修订31/经济v25_修订31交接/05_历史定位/逐卷逆向核查/2026未匹配选择题_修订19/EXAM-2026-通州-一模.txt,txt,740,184fe6896bff714903696a7c30a5301dc5312a5e7ee3b42e95ac2b3438ec2440,Y,N,N
D-2026,/Users/wanglifei/Desktop/2026模拟题/必修二_v25续作_20260908/交接给ChatPro_20260908_修订31/经济v25_修订31交接/05_历史定位/逐卷逆向核查/2026未匹配选择题_修订19/EXAM-2026-通州-期末.txt,txt,12461,eb7a383a57ed41c5b023bf1213979962ee85cadaf81e1c43e6922124abc9539a,Y,N,N
D-2026,/Users/wanglifei/Desktop/2026模拟题/必修二_v25续作_20260908/交接给ChatPro_20260908_修订31/经济v25_修订31交接/05_历史定位/逐卷逆向核查/2026未匹配选择题_修订19/EXAM-2026-门头沟-一模.txt,txt,15693,8840ea7bf5bc836897badc2f67ae70c551a5cb9598cea75c5dfba4e2367b625f,Y,N,N
D-2026,/Users/wanglifei/Desktop/2026模拟题/必修二_v25续作_20260908/交接给ChatPro_20260908_修订31/经济v25_修订31交接/05_历史定位/逐卷逆向核查/2026未匹配选择题_修订19/EXAM-2026-顺义-一模.txt,txt,13108,eaed38e687bcdcdc7756108dab7523b77ac2120137760feb47e0be5239c836d3,Y,N,N
D-2026,/Users/wanglifei/Desktop/2026模拟题/必修二_v25续作_20260908/交接给ChatPro_20260908_修订31/经济v25_修订31交接/05_历史定位/逐卷逆向核查/2026未匹配选择题_修订19/EXAM-2026-顺义-二模.txt,txt,6246,2ee37959afa8b9005a502edac2d4e255692282075292b6a17c100c578ae5ddb2,Y,N,N
D-2026,/Users/wanglifei/Desktop/2026模拟题/必修二_v25续作_20260908/交接给ChatPro_20260908_修订31/经济v25_修订31交接/05_历史定位/逐卷逆向核查/2026缓存/LOCAL-129_全文.txt,txt,5094,2cb0ee9f7b289f653a4fd2e477bfa8762f6d6be938a100c54e2ac97cc39783b7,Y,N,N
D-2026,/Users/wanglifei/Desktop/2026模拟题/必修二_v25续作_20260908/交接给ChatPro_20260908_修订31/经济v25_修订31交接/05_历史定位/逐卷逆向核查/2026缓存/LOCAL-130_全文.txt,txt,3334,9d57dc1e5b17ef9598f61f319633b9da0e6b8219dd74151e64f58e3d2f143a7d,Y,N,N
D-2026,/Users/wanglifei/Desktop/2026模拟题/必修二_v25续作_20260908/交接给ChatPro_20260908_修订31/经济v25_修订31交接/05_历史定位/逐卷逆向核查/2026缓存/LOCAL-131_全文.txt,txt,3312,108197c59ea69c72544378eda2cacb1b0625b2e876d2fce9e539cc9f5d5fb0f8,Y,N,N
D-2026,/Users/wanglifei/Desktop/2026模拟题/必修二_v25续作_20260908/交接给ChatPro_20260908_修订31/经济v25_修订31交接/05_历史定位/逐卷逆向核查/2026缓存/LOCAL-132_全文.txt,txt,427,375a9923f9fc019164d104b99478720fc352c57fa5f536fa67f74101fedd9b84,Y,N,N
D-2026,/Users/wanglifei/Desktop/2026模拟题/必修二_v25续作_20260908/交接给ChatPro_20260908_修订31/经济v25_修订31交接/05_历史定位/逐卷逆向核查/2026缓存/LOCAL-133_全文.txt,txt,3766,76b581f64332bc756c260a89012691a59b12feab30d1c86fad42bc03ab35dca6,Y,N,N
D-2026,/Users/wanglifei/Desktop/2026模拟题/必修二_v25续作_20260908/交接给ChatPro_20260908_修订31/经济v25_修订31交接/05_历史定位/逐卷逆向核查/2026缓存/LOCAL-134_全文.txt,txt,3348,b1771023bddd936c164e8a27b0268ac539d41a933e3778ec765b4b8157c86721,Y,N,N
D-2026,/Users/wanglifei/Desktop/2026模拟题/必修二_v25续作_20260908/交接给ChatPro_20260908_修订31/经济v25_修订31交接/05_历史定位/逐卷逆向核查/2026缓存/LOCAL-135_全文.txt,txt,3237,4b898ad890e99dcceb41f59323895d898e5b443e3107d0f7d86e12bddd903771,Y,N,N
D-2026,/Users/wanglifei/Desktop/2026模拟题/必修二_v25续作_20260908/交接给ChatPro_20260908_修订31/经济v25_修订31交接/05_历史定位/逐卷逆向核查/2026缓存/LOCAL-136_全文.txt,txt,2520,b309ede6cf62d9a0d60497706749f7920738dce37f70f25798bbfeb9bb1ab76f,Y,N,N
D-2026,/Users/wanglifei/Desktop/2026模拟题/必修二_v25续作_20260908/交接给ChatPro_20260908_修订31/经济v25_修订31交接/05_历史定位/逐卷逆向核查/2026缓存/LOCAL-137_全文.txt,txt,341,711bd3315a8249edd9dcda9b0aeb0785b59b41f97109c71b62657d62e2e8f06c,Y,N,N
D-2026,/Users/wanglifei/Desktop/2026模拟题/必修二_v25续作_20260908/交接给ChatPro_20260908_修订31/经济v25_修订31交接/05_历史定位/逐卷逆向核查/2026缓存/LOCAL-138_全文.txt,txt,14921,860ee8808047affe488333a27f1656f70feae2db46ee45940fd25c20070d67f9,Y,N,N
D-2026,/Users/wanglifei/Desktop/2026模拟题/必修二_v25续作_20260908/交接给ChatPro_20260908_修订31/经济v25_修订31交接/05_历史定位/逐卷逆向核查/2026缓存/LOCAL-140_全文.txt,txt,22484,a255081ddcee90d4272d1c9c50654ec1df8894c6114db5081160cbfafa105475,Y,N,N
D-2026,/Users/wanglifei/Desktop/2026模拟题/必修二_v25续作_20260908/交接给ChatPro_20260908_修订31/经济v25_修订31交接/05_历史定位/逐卷逆向核查/2026缓存/LOCAL-141_全文.txt,txt,27945,54ad9d3c918ce64bc05a07a99b721ff5537e401d911f03d04155ae99d6620605,Y,N,N
D-2026,/Users/wanglifei/Desktop/2026模拟题/必修二_v25续作_20260908/交接给ChatPro_20260908_修订31/经济v25_修订31交接/05_历史定位/逐卷逆向核查/2026缓存/LOCAL-142_全文.txt,txt,209,d22448af760b547ea8b6eebccad66341b677663bf8398fb2b86ecdc81e5f8dbe,Y,N,N
D-2026,/Users/wanglifei/Desktop/2026模拟题/必修二_v25续作_20260908/交接给ChatPro_20260908_修订31/经济v25_修订31交接/05_历史定位/逐卷逆向核查/2026缓存/LOCAL-143_全文.txt,txt,7397,fc2222fedcc9781e2e90aec16fd3794dc5049fa25dda50dc22f3f47b22532a5c,Y,N,N
D-2026,/Users/wanglifei/Desktop/2026模拟题/必修二_v25续作_20260908/交接给ChatPro_20260908_修订31/经济v25_修订31交接/05_历史定位/逐卷逆向核查/2026缓存/LOCAL-143_渲染页全文.txt,txt,6771,7861a39ac41193fa7d9280f6b0d497fd5e132754fceda2fff51c7c7bc6f93947,Y,N,N
D-2026,/Users/wanglifei/Desktop/2026模拟题/必修二_v25续作_20260908/交接给ChatPro_20260908_修订31/经济v25_修订31交接/05_历史定位/逐卷逆向核查/2026缓存/LOCAL-144_全文.txt,txt,26323,323510c3c3449ccadd563d9527d0e0dd8e3f5bd8d86d51c6c02cf8e4fbfd8260,Y,N,N
D-2026,/Users/wanglifei/Desktop/2026模拟题/必修二_v25续作_20260908/交接给ChatPro_20260908_修订31/经济v25_修订31交接/05_历史定位/逐卷逆向核查/2026缓存/LOCAL-145_全文.txt,txt,11693,b22c52caba60ba597f7d68cc432b5077f8b62f0726150318caf14d641447cbf0,Y,N,N
D-2026,/Users/wanglifei/Desktop/2026模拟题/必修二_v25续作_20260908/交接给ChatPro_20260908_修订31/经济v25_修订31交接/05_历史定位/逐卷逆向核查/2026缓存/LOCAL-145_渲染页全文.txt,txt,10350,b07397e38309f8e99ab1d1925dd91236741af299fa62789349c9e8dbc760c374,Y,N,N
D-2026,/Users/wanglifei/Desktop/2026模拟题/必修二_v25续作_20260908/交接给ChatPro_20260908_修订31/经济v25_修订31交接/05_历史定位/逐卷逆向核查/2026缓存/LOCAL-146_全文.txt,txt,231,072ea71374bbb560a9a2aba4490eeb26b0cbb56934a528aaedd74983be2a6a4d,Y,N,N
D-2026,/Users/wanglifei/Desktop/2026模拟题/必修二_v25续作_20260908/交接给ChatPro_20260908_修订31/经济v25_修订31交接/05_历史定位/逐卷逆向核查/2026缓存/LOCAL-147_全文.txt,txt,15301,4735d2e8266f1f0dde0094920f21f6204189cb73996ee6a0bd58345eacb2c55e,Y,N,N
D-2026,/Users/wanglifei/Desktop/2026模拟题/必修二_v25续作_20260908/交接给ChatPro_20260908_修订31/经济v25_修订31交接/05_历史定位/逐卷逆向核查/2026缓存/LOCAL-147_渲染页全文.txt,txt,13245,3d1bf8bdffa6e7930a0401dfb70630f2c1397e16301f96539d0e3f553846998c,Y,N,N
D-2026,/Users/wanglifei/Desktop/2026模拟题/必修二_v25续作_20260908/交接给ChatPro_20260908_修订31/经济v25_修订31交接/05_历史定位/逐卷逆向核查/2026缓存/LOCAL-148_全文.txt,txt,39584,241c353733749c0b90eeaac1ad1202b1b7c32c31372106f829ef906393a68400,Y,N,N
D-2026,/Users/wanglifei/Desktop/2026模拟题/必修二_v25续作_20260908/交接给ChatPro_20260908_修订31/经济v25_修订31交接/05_历史定位/逐卷逆向核查/2026缓存/LOCAL-149_全文.txt,txt,6003,33f0d3eede5aa182f3db2fa670891983b89fe233acf245c100a5c1ecce2fd1bb,Y,N,N
D-2026,/Users/wanglifei/Desktop/2026模拟题/必修二_v25续作_20260908/交接给ChatPro_20260908_修订31/经济v25_修订31交接/05_历史定位/逐卷逆向核查/2026缓存/LOCAL-150_全文.txt,txt,166,d47f7665ee3f17089f06888ae840e47d9a7a70a22d49dd2614ab15ce96e5f92b,Y,N,N
D-2026,/Users/wanglifei/Desktop/2026模拟题/必修二_v25续作_20260908/交接给ChatPro_20260908_修订31/经济v25_修订31交接/05_历史定位/逐卷逆向核查/2026缓存/LOCAL-151_全文.txt,txt,0,e3b0c44298fc1c149afbf4c8996fb92427ae41e4649b934ca495991b7852b855,Y,N,N
D-2026,/Users/wanglifei/Desktop/2026模拟题/必修二_v25续作_20260908/交接给ChatPro_20260908_修订31/经济v25_修订31交接/05_历史定位/逐卷逆向核查/2026缓存/LOCAL-151_渲染页全文.txt,txt,9145,278e2183c68bd2e9cf776ead2d4275f2dc598833e5414b269ec59f3f0f45f727,Y,N,N
D-2026,/Users/wanglifei/Desktop/2026模拟题/必修二_v25续作_20260908/交接给ChatPro_20260908_修订31/经济v25_修订31交接/05_历史定位/逐卷逆向核查/2026缓存/LOCAL-152_全文.txt,txt,27702,e8279b43026889be1e1b03158b0f83f9b4e09ae5932efde6cc46d828acf35fde,Y,N,N
D-2026,/Users/wanglifei/Desktop/2026模拟题/必修二_v25续作_20260908/交接给ChatPro_20260908_修订31/经济v25_修订31交接/05_历史定位/逐卷逆向核查/2026缓存/LOCAL-153_全文.txt,txt,8784,31a3038adca32d4f3f1b083cb323a5d764866f2439a36f87babd5d281b1d947c,Y,N,N
D-2026,/Users/wanglifei/Desktop/2026模拟题/必修二_v25续作_20260908/交接给ChatPro_20260908_修订31/经济v25_修订31交接/05_历史定位/逐卷逆向核查/2026缓存/LOCAL-153_渲染页全文.txt,txt,7306,a19dcc530332f19fddfb0fec9a5e9e056306821ff3aeea02930edccae5855495,Y,N,N
D-2026,/Users/wanglifei/Desktop/2026模拟题/必修二_v25续作_20260908/交接给ChatPro_20260908_修订31/经济v25_修订31交接/05_历史定位/逐卷逆向核查/2026缓存/LOCAL-154_全文.txt,txt,111,6c755754d00a47aaad5e8d8b0ebedba95980c47939db3b097010ade884b256fb,Y,N,N
D-2026,/Users/wanglifei/Desktop/2026模拟题/必修二_v25续作_20260908/交接给ChatPro_20260908_修订31/经济v25_修订31交接/05_历史定位/逐卷逆向核查/2026缓存/LOCAL-155_全文.txt,txt,24901,4cc29f31129a04fe730225d7c1053b88c909196f62f9fc91f126473fe0d4de4b,Y,N,N
D-2026,/Users/wanglifei/Desktop/2026模拟题/必修二_v25续作_20260908/交接给ChatPro_20260908_修订31/经济v25_修订31交接/05_历史定位/逐卷逆向核查/2026缓存/LOCAL-155_渲染页全文.txt,txt,20789,94eff2318346418786b262ed46410ef47a3977762d282d8daaa8b65c8ed306dd,Y,N,N
D-2026,/Users/wanglifei/Desktop/2026模拟题/必修二_v25续作_20260908/交接给ChatPro_20260908_修订31/经济v25_修订31交接/05_历史定位/逐卷逆向核查/2026缓存/LOCAL-156_全文.txt,txt,13101,01b8642c8724ab2b6187814bba689c5acb38c1243bc31bef1c14c11804342b25,Y,N,N
D-2026,/Users/wanglifei/Desktop/2026模拟题/必修二_v25续作_20260908/交接给ChatPro_20260908_修订31/经济v25_修订31交接/05_历史定位/逐卷逆向核查/2026缓存/LOCAL-157_全文.txt,txt,209,6e6e78d988d2b0136403b4aa6327c5290ae65754d62424936e7e7a76575e6651,Y,N,N
D-2026,/Users/wanglifei/Desktop/2026模拟题/必修二_v25续作_20260908/交接给ChatPro_20260908_修订31/经济v25_修订31交接/05_历史定位/逐卷逆向核查/2026缓存/LOCAL-158_全文.txt,txt,14647,035fd56b2884ff339150b244837886b2338ce21ff5097f972813bbefa434432c,Y,N,N
D-2026,/Users/wanglifei/Desktop/2026模拟题/必修二_v25续作_20260908/交接给ChatPro_20260908_修订31/经济v25_修订31交接/05_历史定位/逐卷逆向核查/2026缓存/LOCAL-158_渲染页全文.txt,txt,13981,24094fee004129b8704f6baafce72c5421a1ba521f57217b31e8066572bbec11,Y,N,N
D-2026,/Users/wanglifei/Desktop/2026模拟题/必修二_v25续作_20260908/交接给ChatPro_20260908_修订31/经济v25_修订31交接/05_历史定位/逐卷逆向核查/2026缓存/LOCAL-159_全文.txt,txt,22697,cc186100078ab2bdad35baaa3bf969d4c5ce3358de786426bfd610da2fbe5d62,Y,N,N
D-2026,/Users/wanglifei/Desktop/2026模拟题/必修二_v25续作_20260908/交接给ChatPro_20260908_修订31/经济v25_修订31交接/05_历史定位/逐卷逆向核查/2026缓存/LOCAL-160_全文.txt,txt,12030,4899d354017203b5f1d2ff147e3b7a1de0b8d9b5918ce1cb06ccebd93302a772,Y,N,N
D-2026,/Users/wanglifei/Desktop/2026模拟题/必修二_v25续作_20260908/交接给ChatPro_20260908_修订31/经济v25_修订31交接/05_历史定位/逐卷逆向核查/2026缓存/LOCAL-160_渲染页全文.txt,txt,11889,808b73a8d351c8dcfb6e82b887ac6f5a82b9ade3288e04e0644852f80cd26b81,Y,N,N
D-2026,/Users/wanglifei/Desktop/2026模拟题/必修二_v25续作_20260908/交接给ChatPro_20260908_修订31/经济v25_修订31交接/05_历史定位/逐卷逆向核查/2026缓存/LOCAL-161_全文.txt,txt,26942,4eb159da1f15c365056b6b6a144935c2f0fb3d9d7e307df238cfe4ade8525c3f,Y,N,N
D-2026,/Users/wanglifei/Desktop/2026模拟题/必修二_v25续作_20260908/交接给ChatPro_20260908_修订31/经济v25_修订31交接/05_历史定位/逐卷逆向核查/2026缓存/LOCAL-162_全文.txt,txt,3959,7f02d54e2d6b0f36a22958fe6cdc13b406e64b236f53cef8bbb8d045b350d295,Y,N,N
D-2026,/Users/wanglifei/Desktop/2026模拟题/必修二_v25续作_20260908/交接给ChatPro_20260908_修订31/经济v25_修订31交接/05_历史定位/逐卷逆向核查/2026缓存/LOCAL-163_全文.txt,txt,3183,604a4dc1bd10f8cdd95e636a1d368c125b8012e6aed6075a68a6911834978af8,Y,N,N
D-2026,/Users/wanglifei/Desktop/2026模拟题/必修二_v25续作_20260908/交接给ChatPro_20260908_修订31/经济v25_修订31交接/05_历史定位/逐卷逆向核查/2026缓存/LOCAL-164_全文.txt,txt,2763,c2e92b825e721b63975c7ebf791ca670d310247a69bd7b2c62c011dddf10a7bc,Y,N,N
D-2026,/Users/wanglifei/Desktop/2026模拟题/必修二_v25续作_20260908/交接给ChatPro_20260908_修订31/经济v25_修订31交接/05_历史定位/逐卷逆向核查/2026缓存/LOCAL-165_全文.txt,txt,1710,68a89c681a6b7745194053fe35ed26761f4779f223ba27d88f5012e4e859db43,Y,N,N
D-2026,/Users/wanglifei/Desktop/2026模拟题/必修二_v25续作_20260908/交接给ChatPro_20260908_修订31/经济v25_修订31交接/05_历史定位/逐卷逆向核查/2026缓存/LOCAL-166_全文.txt,txt,3177,3d8275fb63e170ad0ca50e3df95c7ac357b154ea61dc1e198bff9940927ab750,Y,N,N
D-2026,/Users/wanglifei/Desktop/2026模拟题/必修二_v25续作_20260908/交接给ChatPro_20260908_修订31/经济v25_修订31交接/05_历史定位/逐卷逆向核查/2026缓存/LOCAL-167_全文.txt,txt,1301,82f6bb5c767657562267b7b02f63ab3eedbc0e56351adbbf2958f4e2717e074c,Y,N,N
D-2026,/Users/wanglifei/Desktop/2026模拟题/必修二_v25续作_20260908/交接给ChatPro_20260908_修订31/经济v25_修订31交接/05_历史定位/逐卷逆向核查/2026缓存/LOCAL-168_全文.txt,txt,3472,05f0695720c678fd1013e2c512b267d46f0452561ce72e94af4173bc6d51ff95,Y,N,N
D-2026,/Users/wanglifei/Desktop/2026模拟题/必修二_v25续作_20260908/交接给ChatPro_20260908_修订31/经济v25_修订31交接/05_历史定位/逐卷逆向核查/2026缓存/LOCAL-169_全文.txt,txt,23892,8ba6239484e55ebd8cbc584b426b399c0f903ec7403eb11d398f39af214153f7,Y,N,N
D-2026,/Users/wanglifei/Desktop/2026模拟题/必修二_v25续作_20260908/交接给ChatPro_20260908_修订31/经济v25_修订31交接/05_历史定位/逐卷逆向核查/2026缓存/LOCAL-169_渲染页全文.txt,txt,21304,94a6cce7ff49dddd0c178a32d1a4539b77b1c7c92fa415b914efdd2b39d20560,Y,N,N
D-2026,/Users/wanglifei/Desktop/2026模拟题/必修二_v25续作_20260908/交接给ChatPro_20260908_修订31/经济v25_修订31交接/05_历史定位/逐卷逆向核查/2026缓存/LOCAL-170_全文.txt,txt,36115,c644d178eae2836e1e2a139659b495b216a0b6f305f5591d082b31ec2c26e409,Y,N,N
D-2026,/Users/wanglifei/Desktop/2026模拟题/必修二_v25续作_20260908/交接给ChatPro_20260908_修订31/经济v25_修订31交接/05_历史定位/逐卷逆向核查/2026缓存/LOCAL-171_全文.txt,txt,29964,11367878e05bc6f61320f5f646cdec8fbe124e161523e634df2f39f5f51fdba3,Y,N,N
D-2026,/Users/wanglifei/Desktop/2026模拟题/必修二_v25续作_20260908/交接给ChatPro_20260908_修订31/经济v25_修订31交接/05_历史定位/逐卷逆向核查/2026缓存/LOCAL-172_全文.txt,txt,13331,540032f2d78c52a1dbe3d559ca8d37809f58b4e94f57f4d058b77d744545f52a,Y,N,N
D-2026,/Users/wanglifei/Desktop/2026模拟题/必修二_v25续作_20260908/交接给ChatPro_20260908_修订31/经济v25_修订31交接/05_历史定位/逐卷逆向核查/2026缓存/LOCAL-172_渲染页全文.txt,txt,11472,04ffec8163ea44c6ad245d54e2c1b1586f45614d9537d49c2e5cec176bffc6c9,Y,N,N
D-2026,/Users/wanglifei/Desktop/2026模拟题/必修二_v25续作_20260908/交接给ChatPro_20260908_修订31/经济v25_修订31交接/05_历史定位/逐卷逆向核查/2026缓存/LOCAL-173_全文.txt,txt,13331,298e89a52508ffcfd2af3de0bbec401004345f4e35b53ce70604add2a239231b,Y,N,N
D-2026,/Users/wanglifei/Desktop/2026模拟题/必修二_v25续作_20260908/交接给ChatPro_20260908_修订31/经济v25_修订31交接/05_历史定位/逐卷逆向核查/2026缓存/LOCAL-174_全文.txt,txt,9487,e0b6de607ae50d74524e01399715f82163c0f036f629c08a3206cbf9ce0e585f,Y,N,N
D-2026,/Users/wanglifei/Desktop/2026模拟题/必修二_v25续作_20260908/交接给ChatPro_20260908_修订31/经济v25_修订31交接/05_历史定位/逐卷逆向核查/2026缓存/LOCAL-175_全文.txt,txt,15970,9b9c6cb024090c22c46c489db8976889e7ef6a13fa0e2262ca7fde440f5fbad6,Y,N,N
D-2026,/Users/wanglifei/Desktop/2026模拟题/必修二_v25续作_20260908/交接给ChatPro_20260908_修订31/经济v25_修订31交接/05_历史定位/逐卷逆向核查/2026缓存/LOCAL-175_渲染页全文.txt,txt,14181,c881a436e124fab8fd07202c69d23287c0a5b602c7f09510652e1bd98f48a667,Y,N,N
D-2026,/Users/wanglifei/Desktop/2026模拟题/必修二_v25续作_20260908/交接给ChatPro_20260908_修订31/经济v25_修订31交接/05_历史定位/逐卷逆向核查/2026缓存/LOCAL-176_全文.txt,txt,46260,3c865f891c7fb044dc1d96576a1fd5519bd8a0360ab726b6997b47cdbccbfdcb,Y,N,N
D-2026,/Users/wanglifei/Desktop/2026模拟题/必修二_v25续作_20260908/交接给ChatPro_20260908_修订31/经济v25_修订31交接/05_历史定位/逐卷逆向核查/2026缓存/LOCAL-176_渲染页全文.txt,txt,41799,05b0757e459bc21aef2c58aa0fefdf369a837830addfef0d421bd99ae03ed0ce,Y,N,N
D-2026,/Users/wanglifei/Desktop/2026模拟题/必修二_v25续作_20260908/交接给ChatPro_20260908_修订31/经济v25_修订31交接/05_历史定位/逐卷逆向核查/2026缓存/LOCAL-177_全文.txt,txt,29482,517c9b57cc57afd3bf852bf13249443cac23352a5aa95a816a6106232da98cbb,Y,N,N
D-2026,/Users/wanglifei/Desktop/2026模拟题/必修二_v25续作_20260908/交接给ChatPro_20260908_修订31/经济v25_修订31交接/05_历史定位/逐卷逆向核查/2026缓存/LOCAL-178_全文.txt,txt,33005,b5affaeb8c84133b315a5ecf4256588f146f88f119f56d9a586d8235ba777bce,Y,N,N
D-2026,/Users/wanglifei/Desktop/2026模拟题/必修二_v25续作_20260908/交接给ChatPro_20260908_修订31/经济v25_修订31交接/05_历史定位/逐卷逆向核查/2026缓存/LOCAL-178_渲染页全文.txt,txt,29965,7dfce12ab424299ec536d71b7c3e41d2ec7f1c186846783c54021673297e4961,Y,N,N
D-2026,/Users/wanglifei/Desktop/2026模拟题/必修二_v25续作_20260908/交接给ChatPro_20260908_修订31/经济v25_修订31交接/05_历史定位/逐卷逆向核查/2026缓存/LOCAL-179_全文.txt,txt,0,e3b0c44298fc1c149afbf4c8996fb92427ae41e4649b934ca495991b7852b855,Y,N,N
D-2026,/Users/wanglifei/Desktop/2026模拟题/必修二_v25续作_20260908/交接给ChatPro_20260908_修订31/经济v25_修订31交接/05_历史定位/逐卷逆向核查/2026缓存/LOCAL-179_渲染页全文.txt,txt,8671,46b8030eae3db3ae461b1014d7b29c9042e9914be5ab255f6f3b09288d5e3ea3,Y,N,N
D-2026,/Users/wanglifei/Desktop/2026模拟题/必修二_v25续作_20260908/交接给ChatPro_20260908_修订31/经济v25_修订31交接/05_历史定位/逐卷逆向核查/2026缓存/LOCAL-180_全文.txt,txt,29193,de538510fdc45b02c8b4a86459ad0f940eaedcdf2fde1f49c278534080ea3850,Y,N,N
D-2026,/Users/wanglifei/Desktop/2026模拟题/必修二_v25续作_20260908/交接给ChatPro_20260908_修订31/经济v25_修订31交接/05_历史定位/逐卷逆向核查/2026缓存/LOCAL-180_渲染页全文.txt,txt,26366,f399beb8c7165708cc715e0e39edb4996aee517bb2fd70bf7b8c81c54a404b5a,Y,N,N
D-2026,/Users/wanglifei/Desktop/2026模拟题/必修二_v25续作_20260908/交接给ChatPro_20260908_修订31/经济v25_修订31交接/05_历史定位/逐卷逆向核查/2026缓存/LOCAL-181_全文.txt,txt,297,14e86514b64b6f71da877ab39a8911c916a09c008e07d27aeeff77ee729c8969,Y,N,N
D-2026,/Users/wanglifei/Desktop/2026模拟题/必修二_v25续作_20260908/交接给ChatPro_20260908_修订31/经济v25_修订31交接/05_历史定位/逐卷逆向核查/2026缓存/LOCAL-182_全文.txt,txt,26315,27052c4a7a627ed620d4b235e70a155e72d4c8cce041d2556ec9bd40d305830e,Y,N,N
D-2026,/Users/wanglifei/Desktop/2026模拟题/必修二_v25续作_20260908/交接给ChatPro_20260908_修订31/经济v25_修订31交接/05_历史定位/逐卷逆向核查/2026缓存/LOCAL-182_渲染页全文.txt,txt,23763,b33445c3d8f4a190a45f1e0c9ba8d5da7986e51a94baf3f833a42f0d25cd278b,Y,N,N
D-2026,/Users/wanglifei/Desktop/2026模拟题/必修二_v25续作_20260908/交接给ChatPro_20260908_修订31/经济v25_修订31交接/05_历史定位/逐卷逆向核查/2026缓存/LOCAL-183_全文.txt,txt,0,e3b0c44298fc1c149afbf4c8996fb92427ae41e4649b934ca495991b7852b855,Y,N,N
D-2026,/Users/wanglifei/Desktop/2026模拟题/必修二_v25续作_20260908/交接给ChatPro_20260908_修订31/经济v25_修订31交接/05_历史定位/逐卷逆向核查/2026缓存/LOCAL-183_渲染页全文.txt,txt,19329,b2f49ab76678455dbbdbf494bec04f92f999166372cc13d0877b725b4ae408b6,Y,N,N
D-2026,/Users/wanglifei/Desktop/2026模拟题/必修二_v25续作_20260908/交接给ChatPro_20260908_修订31/经济v25_修订31交接/05_历史定位/逐卷逆向核查/2026缓存/LOCAL-184_全文.txt,txt,253,bcfa52e4cd12638f72509427a5b8b7704b81ec7dd38964960876473645197bf7,Y,N,N
D-2026,/Users/wanglifei/Desktop/2026模拟题/必修二_v25续作_20260908/交接给ChatPro_20260908_修订31/经济v25_修订31交接/05_历史定位/逐卷逆向核查/2026缓存/LOCAL-186_全文.txt,txt,52498,1296c2f27ebddc51733ebb1dd253cd18a54921cdbb9e3ad16f1946302ff118fd,Y,N,N
D-2026,/Users/wanglifei/Desktop/2026模拟题/必修二_v25续作_20260908/交接给ChatPro_20260908_修订31/经济v25_修订31交接/05_历史定位/逐卷逆向核查/2026缓存/LOCAL-186_渲染页全文.txt,txt,52174,6cd7b6307ac2ddb6278a01c004ee4a14e1c0168309fd3b81ae9a37432e284d31,Y,N,N
D-2026,/Users/wanglifei/Desktop/2026模拟题/必修二_v25续作_20260908/交接给ChatPro_20260908_修订31/经济v25_修订31交接/05_历史定位/逐卷逆向核查/2026缓存/LOCAL-187_全文.txt,txt,21396,2d767d830bc9014ffee2a0d73c02fe65dc5b1d07c5ed80b60d5a703f66031c84,Y,N,N
D-2026,/Users/wanglifei/Desktop/2026模拟题/必修二_v25续作_20260908/交接给ChatPro_20260908_修订31/经济v25_修订31交接/05_历史定位/逐卷逆向核查/2026缓存/LOCAL-188_全文.txt,txt,26564,365b86d4c42f0def432ccb7975fd7e24f8edec763c834704070e87524e982a1b,Y,N,N
D-2026,/Users/wanglifei/Desktop/2026模拟题/必修二_v25续作_20260908/交接给ChatPro_20260908_修订31/经济v25_修订31交接/05_历史定位/逐卷逆向核查/2026缓存/LOCAL-189_全文.txt,txt,187,b37b2e00c676e0a5c4f076e081891dbb5bce5a3a7f09493403da69362d67e1b0,Y,N,N
D-2026,/Users/wanglifei/Desktop/2026模拟题/必修二_v25续作_20260908/交接给ChatPro_20260908_修订31/经济v25_修订31交接/05_历史定位/逐卷逆向核查/2026缓存/LOCAL-190_全文.txt,txt,16073,8a87831110ddf751b698f96941378dfb01ec0814ee95e0d64fb23e69652073ec,Y,N,N
D-2026,/Users/wanglifei/Desktop/2026模拟题/必修二_v25续作_20260908/交接给ChatPro_20260908_修订31/经济v25_修订31交接/05_历史定位/逐卷逆向核查/2026缓存/LOCAL-190_渲染页全文.txt,txt,13796,f81b309b1687f5639b54d9bba509d0f61dd470e3fa4e17664b7be4ff430ce05e,Y,N,N
D-2026,/Users/wanglifei/Desktop/2026模拟题/必修二_v25续作_20260908/交接给ChatPro_20260908_修订31/经济v25_修订31交接/05_历史定位/逐卷逆向核查/2026缓存/LOCAL-191_全文.txt,txt,16073,daf8d20739adcc973192d98b34ada0df00a0419e37393e45296e1ad93a07b2ed,Y,N,N
D-2026,/Users/wanglifei/Desktop/2026模拟题/必修二_v25续作_20260908/交接给ChatPro_20260908_修订31/经济v25_修订31交接/05_历史定位/逐卷逆向核查/2026缓存/LOCAL-192_全文.txt,txt,22416,619ca24f209757b60d4948490366b753476531c18f05c4fbe2a4e8996cbb9893,Y,N,N
D-2026,/Users/wanglifei/Desktop/2026模拟题/必修二_v25续作_20260908/交接给ChatPro_20260908_修订31/经济v25_修订31交接/05_历史定位/逐卷逆向核查/2026缓存/LOCAL-193_全文.txt,txt,82,d6569d09bf96543d9493a4027d7bca334106f74120c8c4cb5cad19233ae11397,Y,N,N
D-2026,/Users/wanglifei/Desktop/2026模拟题/必修二_v25续作_20260908/交接给ChatPro_20260908_修订31/经济v25_修订31交接/05_历史定位/逐卷逆向核查/2026缓存/LOCAL-194_全文.txt,txt,166,ce4e7e73a0d76f21a9039c70b6e8505405b7ed4ae7032e5493794ec2a86e605f,Y,N,N
D-2026,/Users/wanglifei/Desktop/2026模拟题/必修二_v25续作_20260908/交接给ChatPro_20260908_修订31/经济v25_修订31交接/05_历史定位/逐卷逆向核查/2026缓存/LOCAL-195_全文.txt,txt,2351,460aa332897418b3056e83acf6c020f71ce2008265b1bb5cf0892d7097658f52,Y,N,N
D-2026,/Users/wanglifei/Desktop/2026模拟题/必修二_v25续作_20260908/交接给ChatPro_20260908_修订31/经济v25_修订31交接/05_历史定位/逐卷逆向核查/2026缓存/LOCAL-196_全文.txt,txt,28639,474dee6910e49f41d313194cf2e8804ced9b26e3bc9b031496c9a4f8f3aadfa6,Y,N,N
D-2026,/Users/wanglifei/Desktop/2026模拟题/必修二_v25续作_20260908/交接给ChatPro_20260908_修订31/经济v25_修订31交接/05_历史定位/逐卷逆向核查/2026缓存/LOCAL-196_渲染页全文.txt,txt,25403,8feb52586f8454d6779773418a358af6befc1b36a5fed685a38406ee42c4a68f,Y,N,N
D-2026,/Users/wanglifei/Desktop/2026模拟题/必修二_v25续作_20260908/交接给ChatPro_20260908_修订31/经济v25_修订31交接/05_历史定位/逐卷逆向核查/2026缓存/LOCAL-197_全文.txt,txt,4666,9bbb111d8976b98e317c4eb0e43045ecbe6c9385f96dc0631b300d0ed1817506,Y,N,N
D-2026,/Users/wanglifei/Desktop/2026模拟题/必修二_v25续作_20260908/交接给ChatPro_20260908_修订31/经济v25_修订31交接/05_历史定位/逐卷逆向核查/2026缓存/LOCAL-198_全文.txt,txt,5019,30ec6f6127fcb1d61b099a97406ac95d78f9aee26426a92e599a601f758406b7,Y,N,N
D-2026,/Users/wanglifei/Desktop/2026模拟题/必修二_v25续作_20260908/交接给ChatPro_20260908_修订31/经济v25_修订31交接/05_历史定位/逐卷逆向核查/2026缓存/LOCAL-199_全文.txt,txt,103,0fe36fdf4dc9de2df152851b55cfed341290084b972d2addb14b8abfa7c5d383,Y,N,N
D-2026,/Users/wanglifei/Desktop/2026模拟题/必修二_v25续作_20260908/交接给ChatPro_20260908_修订31/经济v25_修订31交接/05_历史定位/逐卷逆向核查/2026缓存/LOCAL-200_全文.txt,txt,2585,cb5882921ecbfee6ae0bf19eeaf83cd35bd38c131dd44855adfa36ee6a282bec,Y,N,N
D-2026,/Users/wanglifei/Desktop/2026模拟题/必修二_v25续作_20260908/交接给ChatPro_20260908_修订31/经济v25_修订31交接/05_历史定位/逐卷逆向核查/2026缓存/LOCAL-201_全文.txt,txt,8237,9d30bbcd9efc0999f720ecddafbbde73063be4bebd4ebcac66a4d735db93562d,Y,N,N
D-2026,/Users/wanglifei/Desktop/2026模拟题/必修二_v25续作_20260908/交接给ChatPro_20260908_修订31/经济v25_修订31交接/05_历史定位/逐卷逆向核查/2026缓存/LOCAL-202_全文.txt,txt,8237,16fa420ee995247ad717d30aad33872b6f84a7ee79bfdc7421bc843e83ccc207,Y,N,N
D-2026,/Users/wanglifei/Desktop/2026模拟题/必修二_v25续作_20260908/交接给ChatPro_20260908_修订31/经济v25_修订31交接/05_历史定位/逐卷逆向核查/2026缓存/LOCAL-203_全文.txt,txt,19907,6404dd6d5d3679a3645d6cbdc1a517abda51aca2696e705368482a382772d4af,Y,N,N
D-2026,/Users/wanglifei/Desktop/2026模拟题/必修二_v25续作_20260908/交接给ChatPro_20260908_修订31/经济v25_修订31交接/05_历史定位/逐卷逆向核查/2026缓存/LOCAL-203_渲染页全文.txt,txt,20353,7eb7e707ada565e0c526a4642c5e27d25c69b9c63f0c5bf28e761e8ab20b4f3f,Y,N,N
D-2026,/Users/wanglifei/Desktop/2026模拟题/必修二_v25续作_20260908/交接给ChatPro_20260908_修订31/经济v25_修订31交接/05_历史定位/逐卷逆向核查/2026缓存/LOCAL-204_全文.txt,txt,23232,865b28ac8ee132ed7acdee70f1cbecdda3deaa80b5e1a59e47b82fc3d1834e4c,Y,N,N
D-2026,/Users/wanglifei/Desktop/2026模拟题/必修二_v25续作_20260908/交接给ChatPro_20260908_修订31/经济v25_修订31交接/05_历史定位/逐卷逆向核查/2026缓存/LOCAL-205_全文.txt,txt,4372,4d6d8d987b04e21f6e7cddc5eda904cecbf2342bcdfdf63355679f2f91927863,Y,N,N
D-2026,/Users/wanglifei/Desktop/2026模拟题/必修二_v25续作_20260908/交接给ChatPro_20260908_修订31/经济v25_修订31交接/05_历史定位/逐卷逆向核查/覆盖映射_运行摘要.txt,txt,5051,29b9dd7741760e1d21e8ba7a6ad7ea21808aca9e1ee67e8c58c146ef322bc29b,Y,N,N
D-2026,/Users/wanglifei/Desktop/2026模拟题/必修二_v25续作_20260908/交接给ChatPro_20260908_修订31/经济v25_修订31交接/05_历史定位/逐卷逆向核查/高考与2024缓存/LOCAL-009_全文.txt,txt,19,d479af6b09b379bc3f7ebe08181679fe164b65f2cbd554cbec01b36612aaf172,Y,N,N
D-2026,/Users/wanglifei/Desktop/2026模拟题/必修二_v25续作_20260908/交接给ChatPro_20260908_修订31/经济v25_修订31交接/05_历史定位/逐卷逆向核查/高考与2024缓存/LOCAL-010_全文.txt,txt,253,64a99f4ef1af6d46627c78cb86a5a3bbebd57d8e81312f56b6ebaeaa8b206898,Y,N,N
D-2026,/Users/wanglifei/Desktop/2026模拟题/必修二_v25续作_20260908/交接给ChatPro_20260908_修订31/经济v25_修订31交接/05_历史定位/逐卷逆向核查/高考与2024缓存/LOCAL-013_全文.txt,txt,5196,3ea69d65986eb733926c16e18602aaf179675f9cc51e5d6fabccb90df6f44b14,Y,N,N
D-2026,/Users/wanglifei/Desktop/2026模拟题/必修二_v25续作_20260908/交接给ChatPro_20260908_修订31/经济v25_修订31交接/05_历史定位/逐卷逆向核查/高考与2024缓存/LOCAL-014_全文.txt,txt,19111,6001f667f14741d5d208e9c22f0736781e7db1cae95802ad01b7335f4279aa4a,Y,N,N
D-2026,/Users/wanglifei/Desktop/2026模拟题/必修二_v25续作_20260908/交接给ChatPro_20260908_修订31/经济v25_修订31交接/05_历史定位/逐卷逆向核查/高考与2024缓存/LOCAL-015_全文.txt,txt,16054,40e4e2e6dc3078864d8a2c65c855b3a259287e24bb312f1e3123471e771bd16c,Y,N,N
D-2026,/Users/wanglifei/Desktop/2026模拟题/必修二_v25续作_20260908/交接给ChatPro_20260908_修订31/经济v25_修订31交接/05_历史定位/逐卷逆向核查/高考与2024缓存/LOCAL-016_全文.txt,txt,4876,ba940a5615c59de5e82e99f3f5166c39887baf178b54b6d0147980830849ee01,Y,N,N
D-2026,/Users/wanglifei/Desktop/2026模拟题/必修二_v25续作_20260908/交接给ChatPro_20260908_修订31/经济v25_修订31交接/05_历史定位/逐卷逆向核查/高考与2024缓存/LOCAL-017_全文.txt,txt,22525,e37298592c9c5502ab0691e942bdd6f01f726c1fbfc7c58cc73846cceb4498a0,Y,N,N
D-2026,/Users/wanglifei/Desktop/2026模拟题/必修二_v25续作_20260908/交接给ChatPro_20260908_修订31/经济v25_修订31交接/05_历史定位/逐卷逆向核查/高考与2024缓存/LOCAL-018_全文.txt,txt,14670,a0d945c58c332dee42214ae3f900ef2811bc30181d52d093831b85a2c6755d5a,Y,N,N
D-2026,/Users/wanglifei/Desktop/2026模拟题/必修二_v25续作_20260908/交接给ChatPro_20260908_修订31/经济v25_修订31交接/05_历史定位/逐卷逆向核查/高考与2024缓存/LOCAL-022_全文.txt,txt,20234,b247cb04865d821c1ad23e87822a77648028ce3abdb8649e3c0ce1418d3ed02a,Y,N,N
D-2026,/Users/wanglifei/Desktop/2026模拟题/必修二_v25续作_20260908/交接给ChatPro_20260908_修订31/经济v25_修订31交接/05_历史定位/逐卷逆向核查/高考与2024缓存/LOCAL-023_全文.txt,txt,8420,19ad3e56d94fb2557d56da243d8cdf73cfbf4d281d0c90a81cc6e789119a20b1,Y,N,N
D-2026,/Users/wanglifei/Desktop/2026模拟题/必修二_v25续作_20260908/交接给ChatPro_20260908_修订31/经济v25_修订31交接/05_历史定位/逐卷逆向核查/高考与2024缓存/LOCAL-025_全文.txt,txt,22996,e64903a084f6010bc112d4cc7ee531b39c9d723f0ebc405a759e21dfc62ebc49,Y,N,N
D-2026,/Users/wanglifei/Desktop/2026模拟题/必修二_v25续作_20260908/交接给ChatPro_20260908_修订31/经济v25_修订31交接/05_历史定位/逐卷逆向核查/高考与2024缓存/LOCAL-028_全文.txt,txt,4476,40a0ed2b1c5c211e141c20942ff780c06b1764b552f9372dcc9737b3d444f117,Y,N,N
D-2026,/Users/wanglifei/Desktop/2026模拟题/必修二_v25续作_20260908/交接给ChatPro_20260908_修订31/经济v25_修订31交接/05_历史定位/逐卷逆向核查/高考与2024缓存/LOCAL-030_全文.txt,txt,2322,7a2e21f9c03dd5e2ffa8dd657ba4c2750cb19f1816618e967b8606f56d474aee,Y,N,N
D-2026,/Users/wanglifei/Desktop/2026模拟题/必修二_v25续作_20260908/交接给ChatPro_20260908_修订31/经济v25_修订31交接/05_历史定位/逐卷逆向核查/高考与2024缓存/LOCAL-031_全文.txt,txt,3295,5e8d52c2e8a98f5b9689f2b7dbd340fcf9f194835364ba872c9a0172548974fb,Y,N,N
D-2026,/Users/wanglifei/Desktop/2026模拟题/必修二_v25续作_20260908/交接给ChatPro_20260908_修订31/经济v25_修订31交接/05_历史定位/逐卷逆向核查/高考与2024缓存/LOCAL-032_全文.txt,txt,3302,315b91098491ef1468a495b5cab7663e65573a92ad6be8acbd5aa3c83d50688b,Y,N,N
D-2026,/Users/wanglifei/Desktop/2026模拟题/必修二_v25续作_20260908/交接给ChatPro_20260908_修订31/经济v25_修订31交接/05_历史定位/逐卷逆向核查/高考与2024缓存/LOCAL-033_全文.txt,txt,5611,bc5e86005e628be6fe758fae1fd2e2026205a86e232dc0fb258cb6dea1a1a4ee,Y,N,N
D-2026,/Users/wanglifei/Desktop/2026模拟题/必修二_v25续作_20260908/交接给ChatPro_20260908_修订31/经济v25_修订31交接/05_历史定位/逐卷逆向核查/高考与2024缓存/LOCAL-034_全文.txt,txt,4360,9ed86bc26c47625974def02dc593f14cb4712f44de6e3d3802a59cf6659a76e4,Y,N,N
D-2026,/Users/wanglifei/Desktop/2026模拟题/必修二_v25续作_20260908/交接给ChatPro_20260908_修订31/经济v25_修订31交接/05_历史定位/逐卷逆向核查/高考与2024缓存/LOCAL-035_全文.txt,txt,1659,7f11cf73cf51b19f45e9257a76875bdd94341be3a74024a50203893994c6e33c,Y,N,N
D-2026,/Users/wanglifei/Desktop/2026模拟题/必修二_v25续作_20260908/交接给ChatPro_20260908_修订31/经济v25_修订31交接/05_历史定位/逐卷逆向核查/高考与2024缓存/LOCAL-036_全文.txt,txt,2156,e0524107021d50a3eedf7b4a8b881df78a2261c4b505f3cbe68438bae1d43648,Y,N,N
D-2026,/Users/wanglifei/Desktop/2026模拟题/必修二_v25续作_20260908/交接给ChatPro_20260908_修订31/经济v25_修订31交接/05_历史定位/逐卷逆向核查/高考与2024缓存/LOCAL-037_全文.txt,txt,3383,721e88a870f50a3acaf4a254e441f3136a774c0414cdb5e533dd1529d025d289,Y,N,N
D-2026,/Users/wanglifei/Desktop/2026模拟题/必修二_v25续作_20260908/交接给ChatPro_20260908_修订31/经济v25_修订31交接/05_历史定位/逐卷逆向核查/高考与2024缓存/LOCAL-039_全文.txt,txt,19,d479af6b09b379bc3f7ebe08181679fe164b65f2cbd554cbec01b36612aaf172,Y,N,N
D-2026,/Users/wanglifei/Desktop/2026模拟题/必修二_v25续作_20260908/交接给ChatPro_20260908_修订31/经济v25_修订31交接/05_历史定位/逐卷逆向核查/高考与2024缓存/LOCAL-040_全文.txt,txt,253,64a99f4ef1af6d46627c78cb86a5a3bbebd57d8e81312f56b6ebaeaa8b206898,Y,N,N
D-2026,/Users/wanglifei/Desktop/2026模拟题/必修二_v25续作_20260908/交接给ChatPro_20260908_修订31/经济v25_修订31交接/05_历史定位/逐卷逆向核查/高考与2024缓存/LOCAL-041_全文.txt,txt,13246,529d5453dfa8318d7fa74f3938de55c0424a4960e85e9676f743c9dd118eaec1,Y,N,N
D-2026,/Users/wanglifei/Desktop/2026模拟题/必修二_v25续作_20260908/交接给ChatPro_20260908_修订31/经济v25_修订31交接/05_历史定位/逐卷逆向核查/高考与2024缓存/LOCAL-042_全文.txt,txt,23833,a67474a844e81bad971d7b216037ac153f286795cc6b3c39f967c3eb905143d9,Y,N,N
D-2026,/Users/wanglifei/Desktop/2026模拟题/必修二_v25续作_20260908/交接给ChatPro_20260908_修订31/经济v25_修订31交接/05_历史定位/逐卷逆向核查/高考与2024缓存/LOCAL-043_全文.txt,txt,2744,9cd62e94d42f15a2adc5817514f406be6b9c63a3bbf8f77cc712a61e71d13a3d,Y,N,N
D-2026,/Users/wanglifei/Desktop/2026模拟题/必修二_v25续作_20260908/交接给ChatPro_20260908_修订31/经济v25_修订31交接/05_历史定位/逐卷逆向核查/高考与2024缓存/LOCAL-044_全文.txt,txt,10982,fb55bdd3b175b58b88a7abcc3a5fcf12ee835acaa76502eb49639b12115694d8,Y,N,N
D-2026,/Users/wanglifei/Desktop/2026模拟题/必修二_v25续作_20260908/交接给ChatPro_20260908_修订31/经济v25_修订31交接/05_历史定位/逐卷逆向核查/高考与2024缓存/LOCAL-045_全文.txt,txt,166,3195b4b1837f2e270566f0df412b460715b217ea5854b792174ea8c1a4229da3,Y,N,N
D-2026,/Users/wanglifei/Desktop/2026模拟题/必修二_v25续作_20260908/交接给ChatPro_20260908_修订31/经济v25_修订31交接/05_历史定位/逐卷逆向核查/高考与2024缓存/LOCAL-048_全文.txt,txt,7829,62f79828592540640443787ddc437dda435472b1847fe3caa8910d302696b601,Y,N,N
D-2026,/Users/wanglifei/Desktop/2026模拟题/必修二_v25续作_20260908/交接给ChatPro_20260908_修订31/经济v25_修订31交接/05_历史定位/逐卷逆向核查/高考与2024缓存/LOCAL-049_全文.txt,txt,4487,215e6f3579172971ed1eacfed7946b002ca1b10320ace7d5eebb76f79823210f,Y,N,N
D-2026,/Users/wanglifei/Desktop/2026模拟题/必修二_v25续作_20260908/交接给ChatPro_20260908_修订31/经济v25_修订31交接/05_历史定位/逐卷逆向核查/高考与2024缓存/LOCAL-051_全文.txt,txt,21344,5e9f8ad24d8e5678c3527cd60f016c8aec4bdfc60c4d9444515c5794f08ee9e2,Y,N,N
D-2026,/Users/wanglifei/Desktop/2026模拟题/必修二_v25续作_20260908/交接给ChatPro_20260908_修订31/经济v25_修订31交接/05_历史定位/逐卷逆向核查/高考与2024缓存/LOCAL-053_全文.txt,txt,24081,507ac56f7c137637324fd32f3af0e488f9ffc2fc3a3f7626e5c1dd21ad30ff67,Y,N,N
D-2026,/Users/wanglifei/Desktop/2026模拟题/必修二_v25续作_20260908/交接给ChatPro_20260908_修订31/经济v25_修订31交接/05_历史定位/逐卷逆向核查/高考与2024缓存/LOCAL-055_全文.txt,txt,9538,0d1730b7bf571268f4eec4d7baf99bd164e468db73a8968b35e2e5cb7a43eda1,Y,N,N
D-2026,/Users/wanglifei/Desktop/2026模拟题/必修二_v25续作_20260908/交接给ChatPro_20260908_修订31/经济v25_修订31交接/05_历史定位/逐卷逆向核查/高考与2024缓存/LOCAL-058_全文.txt,txt,19419,f87d689244682329bbc8e6def225414e8208f73d6155c14ccafe226f6574b75b,Y,N,N
D-2026,/Users/wanglifei/Desktop/2026模拟题/必修二_v25续作_20260908/交接给ChatPro_20260908_修订31/经济v25_修订31交接/05_历史定位/逐卷逆向核查/高考与2024缓存/LOCAL-061_全文.txt,txt,10959,985db68abc4c2b9bca01ba523a7ab58d0544f804b6bde44ed70cd0a4b3ba8a5f,Y,N,N
D-2026,/Users/wanglifei/Desktop/2026模拟题/必修二_v25续作_20260908/交接给ChatPro_20260908_修订31/经济v25_修订31交接/05_历史定位/逐卷逆向核查/高考与2024缓存/LOCAL-062_全文.txt,txt,5724,407241f20642b26906ab5c9fc0c7b5e09d426aad15d11b39219f4d5181f5eeac,Y,N,N
D-2026,/Users/wanglifei/Desktop/2026模拟题/必修二_v25续作_20260908/交接给ChatPro_20260908_修订31/经济v25_修订31交接/05_历史定位/逐卷逆向核查/高考与2024缓存/LOCAL-064_全文.txt,txt,19903,25bade06d854211ab355cc4087f0a0ae0583d540fac1f9cd6832a43ad9e3734b,Y,N,N
D-2026,/Users/wanglifei/Desktop/2026模拟题/必修二_v25续作_20260908/交接给ChatPro_20260908_修订31/经济v25_修订31交接/05_历史定位/逐卷逆向核查/高考与2024缓存/LOCAL-065_全文.txt,txt,6310,13b6add45aaba84f4a16b756320979bb68cc55ddea5507ad39b4d9a4b1c93580,Y,N,N
D-2026,/Users/wanglifei/Desktop/2026模拟题/必修二_v25续作_20260908/交接给ChatPro_20260908_修订31/经济v25_修订31交接/05_历史定位/逐卷逆向核查/高考与2024缓存/LOCAL-066_全文.txt,txt,20035,a811562297fe8101f6f02a96c7f98d3a102fe94a93fea6351e3344bc45cab9ab,Y,N,N
D-2026,/Users/wanglifei/Desktop/2026模拟题/必修二_v25续作_20260908/交接给ChatPro_20260908_修订31/经济v25_修订31交接/05_历史定位/逐卷逆向核查/高考与2024缓存/LOCAL-153_全文.txt,txt,7234,a233814a899f539220dce659e26c796adc2984ae310594dda583901234aafeeb,Y,N,N
D-2026,/Users/wanglifei/Desktop/2026模拟题/必修二_v25续作_20260908/交接给ChatPro_20260908_修订31/经济v25_修订31交接/05_历史定位/逐卷逆向核查/高考与2024缓存/LOCAL-206_全文.txt,txt,11958,e7f4657e238285015fa8ca9066abc60ae0e0c8321c0d3c757fb9c5693e5936a4,Y,N,N
D-2026,/Users/wanglifei/Desktop/2026模拟题/必修二_v25续作_20260908/交接给ChatPro_20260908_修订31/经济v25_修订31交接/05_历史定位/逐卷逆向核查/高考与2024缓存/LOCAL-207_全文.txt,txt,49171,eed5c0e0ac020f75438e891b3289d890c2df1fbc96f5d64d59a6462ede15d62d,Y,N,N
D-2026,/Users/wanglifei/Desktop/2026模拟题/必修二_v25续作_20260908/交接给ChatPro_20260908_修订31/经济v25_修订31交接/05_历史定位/逐卷逆向核查/高考与2024缓存/LOCAL-208_全文.txt,txt,22597,a28bf08ecdb243a0b76647ee7429abd6df8727a857226d6ad28374e8ed76fa94,Y,N,N
D-2026,/Users/wanglifei/Desktop/2026模拟题/必修二_v25续作_20260908/交接给ChatPro_20260908_修订31/经济v25_修订31交接/05_历史定位/逐卷逆向核查/高考与2024缓存/LOCAL-209_全文.txt,txt,26318,d46fae9188e91cff2742cc650f7ae16a038e133adb56b4901e56905bf5de40e7,Y,N,N
D-2026,/Users/wanglifei/Desktop/2026模拟题/必修二_v25续作_20260908/交接给ChatPro_20260908_修订31/经济v25_修订31交接/05_历史定位/逐卷逆向核查/高考与2024缓存/LOCAL-210_全文.txt,txt,59786,fce9843c8d660a2ae7e55554638b6f61176cfae99538651eed416721d73ad091,Y,N,N
D-2026,/Users/wanglifei/Desktop/2026模拟题/必修二_v25续作_20260908/交接给ChatPro_20260908_修订31/经济v25_修订31交接/05_历史定位/逐卷逆向核查/高考与2024缓存/LOCAL-211_全文.txt,txt,17238,d5942d98afc072e492b1e3fc15ee9222f03a9d50505ac5112c0e23a5c73bb5d1,Y,N,N
D-2026,/Users/wanglifei/Desktop/2026模拟题/必修二_v25续作_20260908/交接给ChatPro_20260908_修订31/经济v25_修订31交接/05_历史定位/逐卷逆向核查/高考与2024缓存/LOCAL-216_全文.txt,txt,2562,2eaaf7f6fa29ce377d186ed02cd10e534095fe63a0bbb315d3fb6a017983d45e,Y,N,N
D-2026,/Users/wanglifei/Desktop/2026模拟题/必修二_v25续作_20260908/交接给ChatPro_20260908_修订31/经济v25_修订31交接/05_历史定位/逐卷逆向核查/高考与2024缓存/LOCAL-217_全文.txt,txt,937,2c360486bc72442cb7881ade4591209c5b91d60cc22f97374c0024510f88ad8d,Y,N,N
D-2026,/Users/wanglifei/Desktop/2026模拟题/必修二_v25续作_20260908/交接给ChatPro_20260908_修订31/经济v25_修订31交接/05_历史定位/逐卷逆向核查/高考与2024缓存/LOCAL-218_全文.txt,txt,2463,f86dee6d1cd4bb968950e4f225fefc9386bbd4a792c6216566038191b87a2bd6,Y,N,N
D-2026,/Users/wanglifei/Desktop/2026模拟题/必修二_v25续作_20260908/交接给ChatPro_20260908_修订31/经济v25_修订31交接/05_历史定位/逐卷逆向核查/高考与2024缓存/LOCAL-219_全文.txt,txt,21612,aa22175ede0c6683a3c9f0e08abf999676a74aedc7fc73105f71104ddb99031a,Y,N,N
D-2026,/Users/wanglifei/Desktop/2026模拟题/必修二_v25续作_20260908/交接给ChatPro_20260908_修订31/经济v25_修订31交接/05_历史定位/逐卷逆向核查/高考与2024缓存/LOCAL-220_全文.txt,txt,18877,68aea34d17d432dafa2c6a0808bc66b170507f43c79f76085ff573ecda352f40,Y,N,N
D-2026,/Users/wanglifei/Desktop/2026模拟题/必修二_v25续作_20260908/交接给ChatPro_20260908_修订31/经济v25_修订31交接/05_历史定位/逐卷逆向核查/高考与2024缓存/LOCAL-221_全文.txt,txt,42193,e5249724c5151b29f43736655cf4a885227015eea9033a8841fe4319cbde60f4,Y,N,N
D-2026,/Users/wanglifei/Desktop/2026模拟题/必修二_v25续作_20260908/交接给ChatPro_20260908_修订31/经济v25_修订31交接/05_历史定位/逐卷逆向核查/高考与2024缓存/LOCAL-222_全文.txt,txt,20484,533cd036ee183824e8b589375f2d826a95c4dbf927e25632f0c02ee573aef053,Y,N,N
D-2026,/Users/wanglifei/Desktop/2026模拟题/必修二_v25续作_20260908/交接给ChatPro_20260908_修订31/经济v25_修订31交接/05_历史定位/逐卷逆向核查/高考与2024缓存/LOCAL-223_全文.txt,txt,16922,c38b3e153a0a5cf02b9dc359c96280db630afe401fa94c4a85f03d7d876687db,Y,N,N
D-2026,/Users/wanglifei/Desktop/2026模拟题/必修二_v25续作_20260908/交接给ChatPro_20260908_修订31/经济v25_修订31交接/05_历史定位/逐卷逆向核查/高考与2024缓存/LOCAL-224_全文.txt,txt,63951,8e628c0ab5e5c01794221213893e497861de6d231b9ef2ed170de32b7cc5ed70,Y,N,N
D-2026,/Users/wanglifei/Desktop/2026模拟题/必修二_v25续作_20260908/交接给ChatPro_20260908_修订31/经济v25_修订31交接/05_历史定位/逐卷逆向核查/高考与2024缓存/LOCAL-225_全文.txt,txt,4539,c6774ff2ec7977c0426c30bbd7495a030d7753f71732958fc08b47f8cddf657a,Y,N,N
D-2026,/Users/wanglifei/Desktop/2026模拟题/必修二_v25续作_20260908/交接给ChatPro_20260908_修订31/经济v25_修订31交接/05_历史定位/逐卷逆向核查/高考与2024缓存/LOCAL-226_全文.txt,txt,18774,b0d728abbcdfff7d9484033a507c9f65f31c015033d72f5f99e63bd479b5a050,Y,N,N
D-2026,/Users/wanglifei/Desktop/2026模拟题/必修二_v25续作_20260908/协作验收/ChatPro首批10题_20260908/ChatPro候选_首批10题结果/ChatPro候选_转换阅览件/ChatPro候选_LOCAL-075_高三政治一模试卷讲评.pdf,pdf,789893,e576175618bc01e09117ea8dfd460b75d06f671096178e62973da5d32028a9f7,Y,N,Y
D-2026,/Users/wanglifei/Desktop/2026模拟题/必修二_v25续作_20260908/协作验收/ChatPro首批10题_20260908/ChatPro候选_首批10题结果/ChatPro候选_转换阅览件/ChatPro候选_LOCAL-105_细则.pdf,pdf,507562,dcf57c47776ccb3f2836da862ca25529fdef8fda2c017ab8d39d5352387b8e0f,Y,N,Y
D-2026,/Users/wanglifei/Desktop/2026模拟题/必修二_v25续作_20260908/协作验收/ChatPro首批10题_20260908/ChatPro候选_首批10题结果/ChatPro候选_转换阅览件/ChatPro候选_LOCAL-115_东城期末.pdf,pdf,5203359,fc1489a942ee16d8bd75d70ff7e840731cf9f66dde5ea6cbe8a6e2bdc44c2b58,Y,N,N
D-2026,/Users/wanglifei/Desktop/2026模拟题/必修二_v25续作_20260908/协作验收/ChatPro首批10题_20260908/ChatPro候选_首批10题结果/ChatPro候选_转换阅览件/ChatPro候选_LOCAL-119_朝阳高三期末2025.pdf,pdf,705570,9c4da9d1bb19228a0eeef1272d0b6cc865ffda2271181f040b88a1c5ddfe0085,Y,N,N
D-2026,/Users/wanglifei/Desktop/2026模拟题/必修二_v25续作_20260908/协作验收/ChatPro首批10题_20260908/ChatPro候选_首批10题结果/ChatPro候选_载体文本/ChatPro候选_LOCAL-067.txt,txt,15708,8feaa3fe3af9a4fdfb3523a1798a9a0ac0f7c28b1e4dfbbe3f702ee8e4f3c833,Y,N,N
D-2026,/Users/wanglifei/Desktop/2026模拟题/必修二_v25续作_20260908/协作验收/ChatPro首批10题_20260908/ChatPro候选_首批10题结果/ChatPro候选_载体文本/ChatPro候选_LOCAL-068.txt,txt,22171,fbfbe75977e6df4f8675d56d447556b4df4394e2bf587eaf139df8744f0e6ab4,Y,N,N
D-2026,/Users/wanglifei/Desktop/2026模拟题/必修二_v25续作_20260908/协作验收/ChatPro首批10题_20260908/ChatPro候选_首批10题结果/ChatPro候选_载体文本/ChatPro候选_LOCAL-075.txt,txt,41385,d01b515bbd1797e3b45e01ed2c78dae2fd6041f34336361364b9da663fd1c62b,Y,N,N
D-2026,/Users/wanglifei/Desktop/2026模拟题/必修二_v25续作_20260908/协作验收/ChatPro首批10题_20260908/ChatPro候选_首批10题结果/ChatPro候选_载体文本/ChatPro候选_LOCAL-075_render.txt,txt,41620,764c32102be7787545889a0a40aec9274652657ae0602c48f0fd4a022eb67187,Y,N,N
D-2026,/Users/wanglifei/Desktop/2026模拟题/必修二_v25续作_20260908/协作验收/ChatPro首批10题_20260908/ChatPro候选_首批10题结果/ChatPro候选_载体文本/ChatPro候选_LOCAL-076.txt,txt,87,2c05252860b82b34020294bbc5206f6aca8a349c1ef8834250b6b5edc9829c12,Y,N,N
D-2026,/Users/wanglifei/Desktop/2026模拟题/必修二_v25续作_20260908/协作验收/ChatPro首批10题_20260908/ChatPro候选_首批10题结果/ChatPro候选_载体文本/ChatPro候选_LOCAL-080.txt,txt,28173,36ab42b23fe17b72df3efcecee5ec2867de3450314bc395c3c8aabd5d4f394ca,Y,N,N
D-2026,/Users/wanglifei/Desktop/2026模拟题/必修二_v25续作_20260908/协作验收/ChatPro首批10题_20260908/ChatPro候选_首批10题结果/ChatPro候选_载体文本/ChatPro候选_LOCAL-092.txt,txt,15111,074352e685e47691b6f743b69476c8e7a86894e8dc1a9925d7b94f0e3a747c32,Y,N,N
D-2026,/Users/wanglifei/Desktop/2026模拟题/必修二_v25续作_20260908/协作验收/ChatPro首批10题_20260908/ChatPro候选_首批10题结果/ChatPro候选_载体文本/ChatPro候选_LOCAL-093.txt,txt,22406,422b3d910bdb1a2f1cf683cab2a78bebc2f86f6c39a0b1f929b618decfb6c030,Y,N,N
D-2026,/Users/wanglifei/Desktop/2026模拟题/必修二_v25续作_20260908/协作验收/ChatPro首批10题_20260908/ChatPro候选_首批10题结果/ChatPro候选_载体文本/ChatPro候选_LOCAL-105.txt,txt,20087,28d7ccfa5572a94f42b4e18c1a0417dd9579206bc5a04e70c6c4cfd9c6b40cf8,Y,N,N
D-2026,/Users/wanglifei/Desktop/2026模拟题/必修二_v25续作_20260908/协作验收/ChatPro首批10题_20260908/ChatPro候选_首批10题结果/ChatPro候选_载体文本/ChatPro候选_LOCAL-105_render.txt,txt,27151,d9f3af339412948314826a1b58fd48e3bcdeaea0984905e95b64d5a0dd58b121,Y,N,N
D-2026,/Users/wanglifei/Desktop/2026模拟题/必修二_v25续作_20260908/协作验收/ChatPro首批10题_20260908/ChatPro候选_首批10题结果/ChatPro候选_载体文本/ChatPro候选_LOCAL-106.txt,txt,174,4c2dd700224e4c29d12dfb2fb6c1d82698f93d731507de79c0dbcdc8ec9ed102,Y,N,N
D-2026,/Users/wanglifei/Desktop/2026模拟题/必修二_v25续作_20260908/协作验收/ChatPro首批10题_20260908/ChatPro候选_首批10题结果/ChatPro候选_载体文本/ChatPro候选_LOCAL-107.txt,txt,27283,c5a74afc3aeb652187138af14476d4265afab4ef863993c2885cfeb98cfd3ca1,Y,N,N
D-2026,/Users/wanglifei/Desktop/2026模拟题/必修二_v25续作_20260908/协作验收/ChatPro首批10题_20260908/ChatPro候选_首批10题结果/ChatPro候选_载体文本/ChatPro候选_LOCAL-114.txt,txt,9876,eae989498f9100bbc636730cce853dc712b5aec3a78c1cc3a696d9792d66cf22,Y,N,N
D-2026,/Users/wanglifei/Desktop/2026模拟题/必修二_v25续作_20260908/协作验收/ChatPro首批10题_20260908/ChatPro候选_首批10题结果/ChatPro候选_载体文本/ChatPro候选_LOCAL-115.txt,txt,11432,8f241cabd4465383505423954935ff3fba1590deb4309f413570e496abe07f52,Y,N,N
D-2026,/Users/wanglifei/Desktop/2026模拟题/必修二_v25续作_20260908/协作验收/ChatPro首批10题_20260908/ChatPro候选_首批10题结果/ChatPro候选_载体文本/ChatPro候选_LOCAL-115_render.txt,txt,11189,467af42f5ed6204383b411cacd8c24d0ce143bbda0c06acdd0711d6c1f8d602f,Y,N,N
D-2026,/Users/wanglifei/Desktop/2026模拟题/必修二_v25续作_20260908/协作验收/ChatPro首批10题_20260908/ChatPro候选_首批10题结果/ChatPro候选_载体文本/ChatPro候选_LOCAL-116.txt,txt,62914,36c2edb7823868ac55f40e2bf045b98d0204af34afda404d11a07d95b334f5e9,Y,N,N
D-2026,/Users/wanglifei/Desktop/2026模拟题/必修二_v25续作_20260908/协作验收/ChatPro首批10题_20260908/ChatPro候选_首批10题结果/ChatPro候选_载体文本/ChatPro候选_LOCAL-119.txt,txt,37703,ff3ff45a9b7453247a421ceecc99d9325b2fe6c260ac1b048daa700fd10ac44d,Y,N,N
D-2026,/Users/wanglifei/Desktop/2026模拟题/必修二_v25续作_20260908/协作验收/ChatPro首批10题_20260908/ChatPro候选_首批10题结果/ChatPro候选_载体文本/ChatPro候选_LOCAL-119_render.txt,txt,37264,90b1e8da3662ab5a00f51677e3f84b7e6d8ba72476afb155434a9138129d253b,Y,N,N
D-2026,/Users/wanglifei/Desktop/2026模拟题/必修二_v25续作_20260908/协作验收/ChatPro首批10题_20260908/ChatPro候选_首批10题结果/ChatPro候选_载体文本/ChatPro候选_LOCAL-120.txt,txt,174,4c2dd700224e4c29d12dfb2fb6c1d82698f93d731507de79c0dbcdc8ec9ed102,Y,N,N
D-2026,/Users/wanglifei/Desktop/2026模拟题/必修二_v25续作_20260908/协作验收/ChatPro首批10题_20260908/ChatPro候选_首批10题结果/ChatPro候选_载体文本/ChatPro候选_LOCAL-121.txt,txt,27704,0a3bbf156f95eec380fd2655d37a5cfe149a7c43d9df37f61faaba45e13d0a12,Y,N,N
D-2026,/Users/wanglifei/Desktop/2026模拟题/必修二_v25续作_20260908/单题样稿_待用户确认/修订2渲染/必修二单题样稿_西城一模19题4问_修订2.pdf,pdf,229619,f6baf8bb8d0a6cb880f2dec3acc5851d74ec5c109ec2f61535d8db11d5c83627,Y,N,N
D-2026,/Users/wanglifei/Desktop/2026模拟题/必修二_v25续作_20260908/单题样稿_待用户确认/必修二单题样稿_西城一模19题4问.docx,docx,28145492,de6623a198be9ffbb7d1479feb28166cb16cf74b2f6500e767423d0af258cb28,Y,N,N
D-2026,/Users/wanglifei/Desktop/2026模拟题/必修二_v25续作_20260908/单题样稿_待用户确认/必修二单题样稿_西城一模19题4问_修订2.docx,docx,28145497,3db46d564df5c00e4d0f035b01ed09b8a17542592b2ea218c31f3b740701730d,Y,N,N
D-2026,/Users/wanglifei/Desktop/2026模拟题/必修二_v25续作_20260908/单题样稿_待用户确认/渲染/必修二单题样稿_西城一模19题4问.pdf,pdf,234274,08aa3fa01d16550b9f8ef7b1cae69c1db5cd6dc2ad484d13c7f18a368ab54bce,Y,N,N
D-2026,/Users/wanglifei/Desktop/2026模拟题/必修二_v25续作_20260908/工作稿/必修二经济宝典_v25_历史修改恢复稿_20260908.docx,docx,60347555,96bed9c80007c6344102f760c3ad6f2cbfe825772a1c2fff05a7245e258f85a9,Y,N,N
D-2026,/Users/wanglifei/Desktop/2026模拟题/必修二_v25续作_20260908/工作稿/必修二经济宝典_v25_原题与细则修订01_20260908.docx,docx,60437883,febaeb6a0c075b4762bc45727fcbe08cbfd075cc4f3e538a7a52f3465f5270a6,Y,N,Y
D-2026,/Users/wanglifei/Desktop/2026模拟题/必修二_v25续作_20260908/工作稿/必修二经济宝典_v25_原题与细则修订03_20260908.docx,docx,60608081,64f8747dd884a3da212148a786075663e919b8f1ac4eb700619b94a24fac477a,Y,N,Y
D-2026,/Users/wanglifei/Desktop/2026模拟题/必修二_v25续作_20260908/工作稿/必修二经济宝典_v25_原题与细则修订04_20260908.docx,docx,60689335,a7cdac52a7c01eab0e90ee0e3b85add215a4fd3105b3058e991598af308883ff,Y,N,Y
D-2026,/Users/wanglifei/Desktop/2026模拟题/必修二_v25续作_20260908/工作稿/必修二经济宝典_v25_原题与细则修订05_20260908.docx,docx,60688185,e7682f4b4b034cd3d7b400b51029d30d0231f13cd310b33d3ebb01453b26a40e,Y,N,Y
D-2026,/Users/wanglifei/Desktop/2026模拟题/必修二_v25续作_20260908/工作稿/必修二经济宝典_v25_原题与细则修订06_20260908.docx,docx,60756113,9b8b40e94eebeed2daf59946a2f212248408b99d8a22deb77e9d7175383ac88a,Y,N,Y
D-2026,/Users/wanglifei/Desktop/2026模拟题/必修二_v25续作_20260908/工作稿/必修二经济宝典_v25_原题与细则修订07_20260908.docx,docx,60756452,dbb6fb90bbc928bb58a2f609b53d72ea4f4a067acf88aadca1b1bc15ded07f91,Y,N,Y
D-2026,/Users/wanglifei/Desktop/2026模拟题/必修二_v25续作_20260908/工作稿/必修二经济宝典_v25_原题与细则修订08_20260908.docx,docx,60756602,f1e3e0b4fa87241c4a2668aef14addf1fdbda9fbf9b2d2a3e21a985ae1e91f70,Y,N,Y
D-2026,/Users/wanglifei/Desktop/2026模拟题/必修二_v25续作_20260908/工作稿/必修二经济宝典_v25_原题与细则修订09_20260908.docx,docx,60757604,f558c21aadaff673ea3b9029be1d29cd729f50456cd1e55d610295ae8e9fa8dc,Y,N,Y
D-2026,/Users/wanglifei/Desktop/2026模拟题/必修二_v25续作_20260908/工作稿/必修二经济宝典_v25_原题与细则修订10_20260908.docx,docx,60920346,21343cfdf84743983fae0348d435baf1b66e63797b55b86cecd59937eb8ff977,Y,N,Y
D-2026,/Users/wanglifei/Desktop/2026模拟题/必修二_v25续作_20260908/工作稿/必修二经济宝典_v25_原题与细则修订11_20260908.docx,docx,61334277,72c44188b0dfdbe877a01ce36aca9e2be18d24a7da9c523b59c00f12d4fa6d2e,Y,N,Y
D-2026,/Users/wanglifei/Desktop/2026模拟题/必修二_v25续作_20260908/工作稿/必修二经济宝典_v25_原题与细则修订12_20260908.docx,docx,61338954,fadda786e53088f4b503d5b2c4eaa9b1c6b06a30c4e24f67dc2c244eda07eeb8,Y,N,Y
D-2026,/Users/wanglifei/Desktop/2026模拟题/必修二_v25续作_20260908/工作稿/必修二经济宝典_v25_原题与细则修订13_20260908.docx,docx,61340418,e36c2b4a11589bb1f15bd8d35e69147cc9e1d5454852803f7ac1ec7590db1038,Y,N,Y
D-2026,/Users/wanglifei/Desktop/2026模拟题/必修二_v25续作_20260908/工作稿/必修二经济宝典_v25_原题与细则修订14_20260908.docx,docx,62647819,e9b5ddcd8054a4a000e947fae14c981590d5c91a3cf5431603e687d074f1dacb,Y,N,Y
D-2026,/Users/wanglifei/Desktop/2026模拟题/必修二_v25续作_20260908/工作稿/必修二经济宝典_v25_原题与细则修订15_20260908.docx,docx,62829582,56a36a3c44ec7e84a8906c1add8324f11050f47ac99e902cd7098dc9a448de81,Y,N,Y
D-2026,/Users/wanglifei/Desktop/2026模拟题/必修二_v25续作_20260908/工作稿/必修二经济宝典_v25_原题与细则修订16_20260908.docx,docx,64261358,38570833c7f590d1d474bc6c50e3c291a924c828201a6f163a7aee12342313d2,Y,N,Y
D-2026,/Users/wanglifei/Desktop/2026模拟题/必修二_v25续作_20260908/工作稿/必修二经济宝典_v25_原题与细则修订17_20260908.docx,docx,64265673,b984f32b97a5ec8df4fdd55fc6cb6ad04e53ddd3a9055052810b07bfa1310e7c,Y,N,Y
D-2026,/Users/wanglifei/Desktop/2026模拟题/必修二_v25续作_20260908/工作稿/必修二经济宝典_v25_原题与细则修订18_20260908.docx,docx,64258045,b8e09757a4502a6433cafd3e6fbd7db18a5c42143f8ba2053023b5d17cffa546,Y,N,Y
D-2026,/Users/wanglifei/Desktop/2026模拟题/必修二_v25续作_20260908/工作稿/必修二经济宝典_v25_原题与细则修订19_20260908.docx,docx,64422869,392777d0165ab8ed1f8f0efbaaa0a2458af2858ad793776570f4919dd051fc84,Y,N,Y
D-2026,/Users/wanglifei/Desktop/2026模拟题/必修二_v25续作_20260908/工作稿/必修二经济宝典_v25_原题与细则修订20_20260908.docx,docx,67035997,37077c9482575fb49cbc0106dc1bc343eafa87a4d081238eb0c73d3669a6c756,Y,N,Y
D-2026,/Users/wanglifei/Desktop/2026模拟题/必修二_v25续作_20260908/工作稿/必修二经济宝典_v25_原题与细则修订21_20260908.docx,docx,67034462,b756db180311abf62323a68e3b50515582899d3977ab569449a4ebee120a5496,Y,N,Y
D-2026,/Users/wanglifei/Desktop/2026模拟题/必修二_v25续作_20260908/工作稿/必修二经济宝典_v25_原题与细则修订22_20260908.docx,docx,67355222,aac09207d1f97d0d5a85c6446ad0e2df52e70515e83fa11cf3ed002e9a7155aa,Y,N,Y
D-2026,/Users/wanglifei/Desktop/2026模拟题/必修二_v25续作_20260908/工作稿/必修二经济宝典_v25_原题与细则修订23_20260908.docx,docx,67858748,d8bed0830ad448f8fc117128a29bb63142ff3de77e89002c95f94753d6966127,Y,N,Y
D-2026,/Users/wanglifei/Desktop/2026模拟题/必修二_v25续作_20260908/工作稿/必修二经济宝典_v25_原题与细则修订24_20260908.docx,docx,67862303,1adb34c48ec9258cbb9aae2ca7f85adf0e82c109801482dc2c60a1d651fbb313,Y,N,Y
D-2026,/Users/wanglifei/Desktop/2026模拟题/必修二_v25续作_20260908/工作稿/必修二经济宝典_v25_原题与细则修订25_20260908.docx,docx,69358628,6772acd2ff9781c7cdbd9cafe0a1ef2b864a30ad1de55b10e75f1ae9944ede3e,Y,N,Y
D-2026,/Users/wanglifei/Desktop/2026模拟题/必修二_v25续作_20260908/工作稿/必修二经济宝典_v25_原题与细则修订26_20260908.docx,docx,70399852,06103299f1eebe0c72f810c2a0b9ef0aa8b45c570f0ba2cf22b60ae8c22c3a18,Y,N,Y
D-2026,/Users/wanglifei/Desktop/2026模拟题/必修二_v25续作_20260908/工作稿/必修二经济宝典_v25_原题与细则修订27_20260908.docx,docx,71282063,99aaab2c28acb170eadded87c0e24a5526923eecf6b60666187eafe76f4a5f17,Y,N,Y
D-2026,/Users/wanglifei/Desktop/2026模拟题/必修二_v25续作_20260908/工作稿/必修二经济宝典_v25_原题与细则修订28_20260908.docx,docx,71881847,fccc0765defb404b34c2294f68edb85a73f11805606e8d94a81d9d78bf988e5a,Y,N,Y
D-2026,/Users/wanglifei/Desktop/2026模拟题/必修二_v25续作_20260908/工作稿/必修二经济宝典_v25_原题与细则修订29_20260908.docx,docx,71879123,ef0c0ce8a920a0ce7b91869b544c8ca35052fe7b5f78e965f14d01d052fedc45,Y,N,Y
D-2026,/Users/wanglifei/Desktop/2026模拟题/必修二_v25续作_20260908/工作稿/必修二经济宝典_v25_原题与细则修订30_20260908.docx,docx,71879132,2b777f5059248b33d82a232dadafac381f1567b73b562be06c0d3e1dff0e745c,Y,N,Y
D-2026,/Users/wanglifei/Desktop/2026模拟题/必修二_v25续作_20260908/工作稿/必修二经济宝典_v25_原题与细则修订31_20260908.docx,docx,71880201,f86c73ae959f5ed5b2591ad2d6d9fa766941a3a6b8070883682fc860aa2b6b67,Y,N,Y
D-2026,/Users/wanglifei/Desktop/2026模拟题/必修二_v25续作_20260908/工作稿/必修二经济宝典_v25_原题与细则修订32_20260908.docx,docx,71882101,58ec16804f192f889be9a6c7c2ad0fc89dc287114fca57271b2d24e9fc43f948,Y,N,Y
D-2026,/Users/wanglifei/Desktop/2026模拟题/必修二_v25续作_20260908/工作稿/必修二经济宝典_v25_原题与细则修订33_20260908.docx,docx,71871691,40f1a7427a3eb716782428363427690755a4ace596d2830409c4600e8bdccd50,Y,N,Y
D-2026,/Users/wanglifei/Desktop/2026模拟题/必修二_v25续作_20260908/工作稿/必修二经济宝典_v25_原题与细则修订34_20260908.docx,docx,71876506,9d462aa8506802a54b599e01b3907a23e77e38c9abb986e1d702a7c5b2e32efb,Y,N,Y
D-2026,/Users/wanglifei/Desktop/2026模拟题/必修二_v25续作_20260908/工作稿/必修二经济宝典_v25_原题与细则修订35_20260908.docx,docx,71854810,c6102ed7d1fd8bc23e628a0cf22c046e5b7810cdb44780aa2f80e087d270ddb7,Y,N,Y
D-2026,/Users/wanglifei/Desktop/2026模拟题/必修二_v25续作_20260908/工作稿/必修二经济宝典_v25_原题与细则修订36_20260908.docx,docx,71838144,3df5ce7235061cc7df68d05f7b0cd8a3520fe164c43f8fdef4cd07ceff8c7bca,Y,N,Y
D-2026,/Users/wanglifei/Desktop/2026模拟题/必修二_v25续作_20260908/工作稿/必修二经济宝典_v25_原题与细则修订37_20260908.docx,docx,71759468,42c68ea4b87b9a69762043badae8da24292e1a56d600370c41e3cad87ae26540,Y,N,Y
D-2026,/Users/wanglifei/Desktop/2026模拟题/必修二_v25续作_20260908/工作稿/必修二经济宝典_v25_原题与细则修订38_20260908.docx,docx,71739214,b9bd9854cc6edf63e3bceaf76c6d4d96d40669770ca0c423af32fc8064b72ffd,Y,N,Y
D-2026,/Users/wanglifei/Desktop/2026模拟题/必修二_v25续作_20260908/工作稿/必修二经济宝典_v25_原题与细则修订39_20260908.docx,docx,71710997,dcf38fbd9b96ea7641b3e3a7d7b038dc8e2d64660331d926388b13b714e713cb,Y,N,Y
D-2026,/Users/wanglifei/Desktop/2026模拟题/必修二_v25续作_20260908/工作稿/必修二经济宝典_v25_原题与细则修订40_20260908.docx,docx,71685763,85797185f939f3978552dff9bccc154ea465dcc4b70989dfe1b55f9ecfa6b140,Y,N,Y
D-2026,/Users/wanglifei/Desktop/2026模拟题/必修二_v25续作_20260908/工作稿/必修二经济宝典_v25_原题与细则修订41_20260908.docx,docx,71673052,f631a924afccba0dccd933c96206a62d2d6f6b82a9f397355d3d91b746a8413a,Y,N,Y
D-2026,/Users/wanglifei/Desktop/2026模拟题/必修二_v25续作_20260908/工作稿/必修二经济宝典_v25_原题与细则修订42_20260908.docx,docx,71652738,ac28162f76dd036fa5f32ec6c5b2f14a71704e4c2e19c178bcce129a00c4b214,Y,N,Y
D-2026,/Users/wanglifei/Desktop/2026模拟题/必修二_v25续作_20260908/工作稿/必修二经济宝典_v25_原题与细则修订43_20260908.docx,docx,72478364,e46b7a37d2b686e84966194f29a146bda56d75014550344958354113cf554cd3,Y,N,Y
D-2026,/Users/wanglifei/Desktop/2026模拟题/必修二_v25续作_20260908/工作稿/必修二经济宝典_v25_原题与细则修订44_20260908.docx,docx,72478277,bbd59c9d28e1ecbf76f7df92346a5665c925bcc50259d9b8ab5ad098e3c5001f,Y,N,Y
D-2026,/Users/wanglifei/Desktop/2026模拟题/必修二_v25续作_20260908/工作稿/必修二经济宝典_v25_原题与细则修订45_20260908.docx,docx,72478270,37ef636e3e75d620be99ac09f5b52c255045bef00dc190f7f98dd417f2c986ac,Y,N,Y
D-2026,/Users/wanglifei/Desktop/2026模拟题/必修二_v25续作_20260908/工作稿/必修二经济宝典_v25_原题与细则修订46_20260908.docx,docx,73282100,e87ab11959c0ebe840f397d5dc8e7e0f788d20e0eb0c5d4ee5bc1da5e9ca4971,Y,N,Y
D-2026,/Users/wanglifei/Desktop/2026模拟题/必修二_v25续作_20260908/工作稿/必修二经济宝典_v25_原题与细则修订47_20260908.docx,docx,73282268,d7b039aa24fd47d04c224b9885f422e4e45e353b07f4e1e9b942542b02005e7c,Y,N,Y
D-2026,/Users/wanglifei/Desktop/2026模拟题/必修二_v25续作_20260908/工作稿/必修二经济宝典_v25_原题与细则修订48_20260908.docx,docx,73282286,7131eec175ef53a02111c35cd838eb6818e1827b92c7f3b046a4995d1ac1a84a,Y,N,Y
D-2026,/Users/wanglifei/Desktop/2026模拟题/必修二_v25续作_20260908/工作稿/必修二经济宝典_v25_原题与细则修订49_20260908.docx,docx,73364785,79ae26fc49d5dced07d5125e94821c0edfd6f5aa16e16378876b83cb992a7aa6,Y,N,Y
D-2026,/Users/wanglifei/Desktop/2026模拟题/必修二_v25续作_20260908/工作稿/必修二经济宝典_v25_原题与细则修订50_20260908.docx,docx,75125516,4fa9f4ce276fe0328605c6ee1ed67bacdc5fde9ef6741c23738913a587270c05,Y,N,Y
D-2026,/Users/wanglifei/Desktop/2026模拟题/必修二_v25续作_20260908/工作稿/必修二经济宝典_v25_原题与细则修订51_20260908.docx,docx,75125703,3332128ded715ba7323133c6355895443c54305d62a7a2baf6d204c04985e39f,Y,N,Y
D-2026,/Users/wanglifei/Desktop/2026模拟题/必修二_v25续作_20260908/工作稿/必修二经济宝典_v25_原题与细则修订52_20260908.docx,docx,75509979,dc82b38df1b728af1b0e416463e21fdafc2b14fc38bf73796f8317b45aeaede3,Y,N,Y
D-2026,/Users/wanglifei/Desktop/2026模拟题/必修二_v25续作_20260908/工作稿/必修二经济宝典_v25_原题与细则修订53_20260908.docx,docx,75509293,db4b88279f1ebe5427d2db1dff22edf3051b869c9ae2d2055c94f066ca84c8c8,Y,N,Y
D-2026,/Users/wanglifei/Desktop/2026模拟题/必修二_v25续作_20260908/工作稿/必修二经济宝典_v25_原题与细则修订54_20260908.docx,docx,75509195,2dc6a27bf68cfecb6a574967b443b7f5188c356b5c63baa4a41ef789b88a11ed,Y,N,Y
D-2026,/Users/wanglifei/Desktop/2026模拟题/必修二_v25续作_20260908/工作稿/必修二经济宝典_v25_原题与细则修订55_20260908.docx,docx,75508961,24e49a5c6471d39138f4752898d062494fcf8c69cedb87fd332065ab71dc070d,Y,N,Y
D-2026,/Users/wanglifei/Desktop/2026模拟题/必修二_v25续作_20260908/工作稿/必修二经济宝典_v25_原题与细则修订56_20260908.docx,docx,75903315,5ed6d5e69dc37f326968614c0702be6e648b75329501c87268c7c9389b4f6855,Y,N,Y
D-2026,/Users/wanglifei/Desktop/2026模拟题/必修二_v25续作_20260908/工作稿/必修二经济宝典_v25_原题与细则修订57_20260908.docx,docx,76979915,dae3b5a9b15caf544d0eda17d0ca5734c5fced584feef14b47c44c9253721e16,Y,N,Y
D-2026,/Users/wanglifei/Desktop/2026模拟题/必修二_v25续作_20260908/工作稿/必修二经济宝典_v25_原题与细则修订58_20260908.docx,docx,77249458,504de830b5b18a7be0dee8c03e1c0f19eae7b925e031b3323a732605dc779f6c,Y,N,Y
D-2026,/Users/wanglifei/Desktop/2026模拟题/必修二_v25续作_20260908/工作稿/必修二经济宝典_v25_原题与细则修订59_20260908.docx,docx,77291939,270f93aa42b52f07b40c70c25581a6e6bb0c4c6628b464a3a1bac9e93902f3bd,Y,N,Y
D-2026,/Users/wanglifei/Desktop/2026模拟题/必修二_v25续作_20260908/工作稿/必修二经济宝典_v25_原题与细则修订60_20260908.docx,docx,77292036,2f93d09a7eb0371696c8f61725d85992a966cf005983c2a443eaf49d67e8863f,Y,N,Y
D-2026,/Users/wanglifei/Desktop/2026模拟题/必修二_v25续作_20260908/工作稿/必修二经济宝典_v25_原题与细则修订61_20260908.docx,docx,77291275,b817da291131c592ead6f6ca6e9c62a7e62cf286028a86aa687693cb23247fe4,Y,N,Y
D-2026,/Users/wanglifei/Desktop/2026模拟题/必修二_v25续作_20260908/工作稿/必修二经济宝典_v25_原题与细则修订62_20260908.docx,docx,77809468,e30f6f15f6e05606698470be991d304a644562af12ebe2dabf7c4c6d5abbf1aa,Y,N,Y
D-2026,/Users/wanglifei/Desktop/2026模拟题/必修二_v25续作_20260908/工作稿/必修二经济宝典_v25_原题与细则修订63_20260908.docx,docx,78101975,ff8c1440470ef588bcf569edd8bc0258ea3dba6cfc51bd37a19a46ca15789769,Y,N,Y
D-2026,/Users/wanglifei/Desktop/2026模拟题/必修二_v25续作_20260908/工作稿/必修二经济宝典_v25_原题与细则修订64_20260908.docx,docx,78133238,54f1cfb3ee246fb2cd8adc49502f0aa497ed0c6448ffa3e01b1bde3a2b1bedce,Y,N,Y
D-2026,/Users/wanglifei/Desktop/2026模拟题/必修二_v25续作_20260908/工作稿/必修二经济宝典_v25_原题与细则修订65_20260908.docx,docx,78133520,31d4c67fc8a40c1b06d7f2bf754f80dd2690b03d68dd1039eabfbcc7b4a8e821,Y,N,Y
D-2026,/Users/wanglifei/Desktop/2026模拟题/必修二_v25续作_20260908/工作稿/必修二经济宝典_v25_原题与细则修订66_20260908.docx,docx,78140296,eacca5f983a7fda867f100fe5b8dbb79115be5dc9c5d876b7fba81cb7be567de,Y,N,Y
D-2026,/Users/wanglifei/Desktop/2026模拟题/必修二_v25续作_20260908/工作稿/必修二经济宝典_v25_原题与细则审计表_修订04_20260908.xlsx,xlsx,1056957,72aecdbb629177cda7dffd5acd3aeff8f9b5b5d99932c3c73ef3b4e320a98696,Y,N,Y
D-2026,/Users/wanglifei/Desktop/2026模拟题/必修二_v25续作_20260908/工作稿/必修二经济宝典_v25_原题与细则审计表_修订05_20260908.xlsx,xlsx,1078766,ce6d350d17ba02a79459aabd3beef7a06272107e5a96f23deeb8b69818ee902e,Y,N,Y
D-2026,/Users/wanglifei/Desktop/2026模拟题/必修二_v25续作_20260908/工作稿/必修二经济宝典_v25_原题与细则审计表_修订07_20260908.xlsx,xlsx,1125348,7a8d729d9dfb53f41dd3f2f97d4e980897b5410be8445b56e217a2a419dcd9a6,Y,N,Y
D-2026,/Users/wanglifei/Desktop/2026模拟题/必修二_v25续作_20260908/工作稿/必修二经济宝典_v25_原题与细则审计表_修订09_20260908.xlsx,xlsx,1183668,9f3706ab8223083f828eaa0eab0dd92820b066105b82c400d8b4f2190b1d3d1b,Y,N,Y
D-2026,/Users/wanglifei/Desktop/2026模拟题/必修二_v25续作_20260908/工作稿/必修二经济宝典_v25_原题与细则审计表_修订10_20260908.xlsx,xlsx,1234202,33799a63dc6c36375d8d122dfc97e29cf89eeae4113ba5b1fe91766fa09aa1e7,Y,N,Y
D-2026,/Users/wanglifei/Desktop/2026模拟题/必修二_v25续作_20260908/工作稿/必修二经济宝典_v25_原题与细则审计表_修订11_20260908.xlsx,xlsx,1309126,19f9f8582535ce48e77333a30bd76d040eb0bee5b9422ca6b2dba74163655b25,Y,N,Y
D-2026,/Users/wanglifei/Desktop/2026模拟题/必修二_v25续作_20260908/工作稿/必修二经济宝典_v25_原题与细则审计表_修订13_20260908.xlsx,xlsx,1418774,6f29ac90917cf452eb6e5543b9d55c9def642de5df66bcc2e0b5b2b3dde31d31,Y,N,Y
D-2026,/Users/wanglifei/Desktop/2026模拟题/必修二_v25续作_20260908/工作稿/必修二经济宝典_v25_原题与细则审计表_修订14_20260908.xlsx,xlsx,1420339,ced5b3be928a047428a5c09170bccefd65ee23dff4677e5f53d209b89afbd6eb,Y,N,Y
D-2026,/Users/wanglifei/Desktop/2026模拟题/必修二_v25续作_20260908/工作稿/必修二经济宝典_v25_原题与细则审计表_修订15_20260908.xlsx,xlsx,1420482,2d1c43fb2651c3b2a0307e4ca6af520bad13a240b5f04cdfde6ffec792e70c29,Y,N,Y
D-2026,/Users/wanglifei/Desktop/2026模拟题/必修二_v25续作_20260908/工作稿/必修二经济宝典_v25_原题与细则审计表_修订17_20260908.xlsx,xlsx,1422463,e6197e6ef7e469838af2990e7ca5f8cf2f655e1a1763bc85ddf1e05076092b83,Y,N,Y
D-2026,/Users/wanglifei/Desktop/2026模拟题/必修二_v25续作_20260908/工作稿/必修二经济宝典_v25_原题与细则审计表_修订19_20260908.xlsx,xlsx,1424535,6dd3f607dab95a7ca7cac2e35ec54ef06f84c46be8cf9a0391a2c7bd9e0d4504,Y,N,Y
D-2026,/Users/wanglifei/Desktop/2026模拟题/必修二_v25续作_20260908/工作稿/必修二经济宝典_v25_原题与细则审计表_修订20_20260908.xlsx,xlsx,1424605,5b2a771ddcde2bfb13dacc46aeee923de434851daee4c59a0fdf42611bd873cc,Y,N,Y
D-2026,/Users/wanglifei/Desktop/2026模拟题/必修二_v25续作_20260908/工作稿/必修二经济宝典_v25_原题与细则审计表_修订21_20260908.xlsx,xlsx,1424487,bae7801cb218528a8f198506694271ba888c14f25026ccfd1cf7951f28064214,Y,N,Y
D-2026,/Users/wanglifei/Desktop/2026模拟题/必修二_v25续作_20260908/工作稿/必修二经济宝典_v25_原题与细则审计表_修订22_20260908.xlsx,xlsx,1426778,b540f9fbf1cee60ed56b6278d42994d7e7925dc0d00dd081c7ee12a044144d05,Y,N,Y
D-2026,/Users/wanglifei/Desktop/2026模拟题/必修二_v25续作_20260908/工作稿/必修二经济宝典_v25_原题与细则审计表_修订23_20260908.xlsx,xlsx,1427109,1e0fa0334973ea0b31e29f53adaf3e5d0381c670a4ebb5bb9b06b0488c215ddd,Y,N,Y
D-2026,/Users/wanglifei/Desktop/2026模拟题/必修二_v25续作_20260908/工作稿/必修二经济宝典_v25_原题与细则审计表_修订24_20260908.xlsx,xlsx,1428087,f855854c4b284116b70570a71877823a4a2ad72ba931fb7f7269f2dafe6f8c79,Y,N,Y
D-2026,/Users/wanglifei/Desktop/2026模拟题/必修二_v25续作_20260908/工作稿/必修二经济宝典_v25_原题与细则审计表_修订25_20260908.xlsx,xlsx,1427921,0fe1a86734ec8f6249bdc883701f6dc558fb7c4e227297b40dee9a69f98b82d6,Y,N,Y
D-2026,/Users/wanglifei/Desktop/2026模拟题/必修二_v25续作_20260908/工作稿/必修二经济宝典_v25_原题与细则审计表_修订26_20260908.xlsx,xlsx,1428570,5a1ca9cded22e860789e7adab1c63cc01ea6b0dc4dcf63ae65de4e670a1d2b44,Y,N,Y
D-2026,/Users/wanglifei/Desktop/2026模拟题/必修二_v25续作_20260908/工作稿/必修二经济宝典_v25_原题与细则审计表_修订27_20260908.xlsx,xlsx,1429172,ab1af5ccde7cea0a81342d6c7f3e42b45996b2825db8cd6e943d301d4c956c52,Y,N,Y
D-2026,/Users/wanglifei/Desktop/2026模拟题/必修二_v25续作_20260908/工作稿/必修二经济宝典_v25_原题与细则审计表_修订28_20260908.xlsx,xlsx,1429852,b0c4c51c3eb34807848b54cdd17a34673fcd23d31a2a644cb1a5276d80e91e26,Y,N,Y
D-2026,/Users/wanglifei/Desktop/2026模拟题/必修二_v25续作_20260908/工作稿/必修二经济宝典_v25_原题与细则审计表_修订30_20260908.xlsx,xlsx,1431971,b9a85409a8df94391336609ca1ce6db5f9b11e307c327d11488fa47c5ea64d53,Y,N,Y
D-2026,/Users/wanglifei/Desktop/2026模拟题/必修二_v25续作_20260908/工作稿/必修二经济宝典_v25_原题与细则审计表_修订31_20260908.xlsx,xlsx,1432019,4783d464d46409e83a8d47fb7fd77205bb3e3e0c78182d7a8e31fdddc73242fc,Y,N,Y
D-2026,/Users/wanglifei/Desktop/2026模拟题/必修二_v25续作_20260908/工作稿/必修二经济宝典_v25_原题与细则审计表_修订32_20260908.xlsx,xlsx,1432902,f8828ebed5e45de81167a8a4cbd5e553ee418d32edfa43d2f44ffe97172213f4,Y,N,Y
D-2026,/Users/wanglifei/Desktop/2026模拟题/必修二_v25续作_20260908/工作稿/必修二经济宝典_v25_原题与细则审计表_修订45_20260908.xlsx,xlsx,1441575,6fcfbc0bd0c3fd9096bd24d8e8c82d152ccbda30bd2d8adf52b585d79cf8c5ec,Y,N,Y
D-2026,/Users/wanglifei/Desktop/2026模拟题/必修二_v25续作_20260908/工作稿/必修二经济宝典_v25_原题与细则审计表_修订47_20260908.xlsx,xlsx,1444872,213633d500b7024542b4440ffa8864cb4e56da2817ecb31837ad269ec102a159,Y,N,Y
D-2026,/Users/wanglifei/Desktop/2026模拟题/必修二_v25续作_20260908/工作稿/必修二经济宝典_v25_原题与细则审计表_修订49_20260908.xlsx,xlsx,1447482,8a2dc2a2bf63848da42c61e724135be147af21c9be11bd2e21d5b43377ba390a,Y,N,Y
D-2026,/Users/wanglifei/Desktop/2026模拟题/必修二_v25续作_20260908/工作稿/必修二经济宝典_v25_原题与细则审计表_修订50_20260908.xlsx,xlsx,1450520,8c4824692b9c3d5d692307f415711fb6e758a68ac7e431d38aa8254c12d65819,Y,N,Y
D-2026,/Users/wanglifei/Desktop/2026模拟题/必修二_v25续作_20260908/工作稿/必修二经济宝典_v25_原题与细则审计表_修订52_20260908.xlsx,xlsx,1452303,d8de36689d37d0ecec90fbd3cab605d1cb33587238a5d3a2b978a69ddefe02b6,Y,N,Y
D-2026,/Users/wanglifei/Desktop/2026模拟题/必修二_v25续作_20260908/工作稿/必修二经济宝典_v25_原题与细则审计表_修订55_20260908.xlsx,xlsx,1458852,e26ca3cbc8064bcf68f87f5f8f317e01e2e6b178e74490a8147caa28ac72c310,Y,N,Y
D-2026,/Users/wanglifei/Desktop/2026模拟题/必修二_v25续作_20260908/工作稿/必修二经济宝典_v25_原题与细则审计表_修订58_20260908.xlsx,xlsx,1465925,be94f3bf812730a8dddd1c548d89779ee1ff83e42574e8dabb736f9208776b68,Y,N,Y
D-2026,/Users/wanglifei/Desktop/2026模拟题/必修二_v25续作_20260908/工作稿/必修二经济宝典_v25_原题与细则审计表_修订60_20260908.xlsx,xlsx,1474187,7ff8eed924a1f37f98a50a1bf9767111e6aaca023f18a7c6d4709b1559ad0554,Y,N,Y
D-2026,/Users/wanglifei/Desktop/2026模拟题/必修二_v25续作_20260908/工作稿/必修二经济宝典_v25_样式校正02_20260908.docx,docx,60587476,f9a4fa58c487f82d70b4fd213cdfa771dc34bda8bb83768271becb53c11bbe50,Y,N,N
D-2026,/Users/wanglifei/Desktop/2026模拟题/必修二_v25续作_20260908/核验/2020高考重点题/网络补核_新东方2020北京政治.pdf,pdf,1525752,5d15002c6df7e0dfa83c55fdc463392a49809da09fe918a0b3cd0e59144831ae,Y,N,N
D-2026,/Users/wanglifei/Desktop/2026模拟题/必修二_v25续作_20260908/核验/2020高考重点题/网络补核_自主选拔在线2020北京政治.pdf,pdf,1152940,3ba1c7db643f1b1eadc850029a21808ca6575e28ae0106b43f260ad20ab8e663,Y,N,N
D-2026,/Users/wanglifei/Desktop/2026模拟题/必修二_v25续作_20260908/核验/2024高考重点题/LOCAL-222_P38.txt,txt,181,61b767324c972ad05d5589bf52a9ead11c9429fd2457ad9862244f1acfb69942,Y,N,N
D-2026,/Users/wanglifei/Desktop/2026模拟题/必修二_v25续作_20260908/核验/2024高考重点题/LOCAL-222_P39.txt,txt,1570,ac10b7f7430388801c6617a0c42c6502861885b2299ee8009a6e13ff7d9a96a5,Y,N,N
D-2026,/Users/wanglifei/Desktop/2026模拟题/必修二_v25续作_20260908/核验/2024高考重点题/LOCAL-222_P42.txt,txt,496,31e2b2e764c1a9c9c274981e17e77dce6855ebc92b9873adb27b23776e3e06a7,Y,N,N
D-2026,/Users/wanglifei/Desktop/2026模拟题/必修二_v25续作_20260908/核验/2024高考重点题/LOCAL-222_P43.txt,txt,396,ad59cda79e5bc1eeb98993b0d8c9b8d0cc7c9dcf62b3f8c352b950663ba72c45,Y,N,N
D-2026,/Users/wanglifei/Desktop/2026模拟题/必修二_v25续作_20260908/核验/2024高考重点题/LOCAL-222_P47.txt,txt,650,51e21750901d85103cd62e96f21d84122ade9607cdcf4795209c7f9a6858762e,Y,N,N
D-2026,/Users/wanglifei/Desktop/2026模拟题/必修二_v25续作_20260908/核验/2024高考重点题/LOCAL-222_P52.txt,txt,833,929b702874a8110652be283bc073c82a9ad401dd509029198635a289b587760f,Y,N,N
D-2026,/Users/wanglifei/Desktop/2026模拟题/必修二_v25续作_20260908/核验/2025重点题/2025北京高考Q21_原题完整转录.txt,txt,2143,de1e03a8bcdc3631dc6f832ec390070e44d2a47f35906495185fd1eb3ae7012f,Y,N,N
D-2026,/Users/wanglifei/Desktop/2026模拟题/必修二_v25续作_20260908/核验/2025重点题/2025西城期末Q16_本地可核原题.txt,txt,1625,dfc61bcc0dd2874249ddc523e00a619dfc9d930ba712fa2fa4fdc5b33d09b94a,Y,N,N
D-2026,/Users/wanglifei/Desktop/2026模拟题/必修二_v25续作_20260908/核验/2025重点题/2026丰台二模细则PPTX_全提取含备注.txt,txt,38935,7bb1c259db267b9b11a729a890ba7f83df89d53fd5a588aa33b5f00ad40a61e9,Y,N,Y
D-2026,/Users/wanglifei/Desktop/2026模拟题/必修二_v25续作_20260908/核验/2025重点题/2026丰台区二模主观题阅卷细则(1).pdf,pdf,8870314,b4b0aa7afa7c4258f7178e713aaaa43cb392e6ffbc0b637a4cf970ce6f176ced,Y,N,Y
D-2026,/Users/wanglifei/Desktop/2026模拟题/必修二_v25续作_20260908/核验/2025重点题/西城细则.txt,txt,10307,b75f0bdc5abb23c84eb3ed78c6e21f1d330e3e5361abcf336d63b2eefec647c6,Y,N,Y
D-2026,/Users/wanglifei/Desktop/2026模拟题/必修二_v25续作_20260908/核验/2025重点题/西城试卷.txt,txt,21888,dc37ba30d7568d92adcd1d94d461a50c6f6b45300a8357c8618900cbccf2d4e6,Y,N,Y
D-2026,/Users/wanglifei/Desktop/2026模拟题/必修二_v25续作_20260908/核验/2025重点题/高考细则.txt,txt,62237,c95c2590c3aab642d8eb4cdd087b3d3d1f5beab5697d56970bed470addf47dfe,Y,N,Y
D-2026,/Users/wanglifei/Desktop/2026模拟题/必修二_v25续作_20260908/核验/2025重点题/高考细则_CID解码.txt,txt,16930,35cbb3b6ce5328cac94d378dbacaf1130aa6531539ba504797577fcf234cddf8,Y,N,Y
D-2026,/Users/wanglifei/Desktop/2026模拟题/必修二_v25续作_20260908/核验/2025重点题/高考试卷.txt,txt,63974,bb33d0d67a998ce49557f81f557a609af8629cda673d09173d2afa7fb0db9b55,Y,N,Y
D-2026,/Users/wanglifei/Desktop/2026模拟题/必修二_v25续作_20260908/核验/2026重点题/2026北京东城高三二模政治（教师版）.pdf,pdf,1237034,9f6f1657160846044e130ea728bc8daedf3fda556affc3933d85e9ee3463f405,Y,N,N
D-2026,/Users/wanglifei/Desktop/2026模拟题/必修二_v25续作_20260908/核验/2026重点题/2026北京东城高三二模政治（教师版）.pdf.txt,txt,21306,86938fd68b910e1711a257e022b8b2298add02d86e27b49958f6aeb9a968431c,Y,N,N
D-2026,/Users/wanglifei/Desktop/2026模拟题/必修二_v25续作_20260908/核验/2026重点题/v25_文本.txt,txt,1719629,c0f3a5a47c938f8a2cb016832303d09f1848d7131fef0df211b3b19285e8a832,Y,N,N
D-2026,/Users/wanglifei/Desktop/2026模拟题/必修二_v25续作_20260908/核验/2026重点题/东城20_1_2细则_文本.txt,txt,1708,92ac0e6a6a66d06ebd5e026ce835ac4ee3d52ff26b56b10e03b376f7b7e5075a,Y,N,Y
D-2026,/Users/wanglifei/Desktop/2026模拟题/必修二_v25续作_20260908/核验/2026重点题/东城20_3第2页扩展画布_核验用.pdf,pdf,653173,8f77c3cf12f1e7600d40de1c0238b469926c5d8d4ebf2bc81f75322b3e7540b6,Y,N,N
D-2026,/Users/wanglifei/Desktop/2026模拟题/必修二_v25续作_20260908/核验/2026重点题/东城20_3细则_文本.txt,txt,3175,1eeab388d06102da896277f75a7542ac1a96253876f594ca55e53bb403c99875,Y,N,Y
D-2026,/Users/wanglifei/Desktop/2026模拟题/必修二_v25续作_20260908/核验/2026重点题/东城教师版_文本.txt,txt,21089,ed218716ff682a0c9c3ff156202219abd955cf0f24c304549c605df1b72b81b8,Y,N,N
D-2026,/Users/wanglifei/Desktop/2026模拟题/必修二_v25续作_20260908/核验/2026重点题/房山原卷_文本.txt,txt,222,3902a3dbb3aa8cb93978f025b8243efb87276cd2b8c2ea1138457a4b46b11273,Y,N,Y
D-2026,/Users/wanglifei/Desktop/2026模拟题/必修二_v25续作_20260908/核验/2026重点题/房山细则_完整原文.txt,txt,10403,fa1fc9d3c2da51c260b5af25e9228892e57167e3b010136629d04fa1ab035053,Y,N,Y
D-2026,/Users/wanglifei/Desktop/2026模拟题/必修二_v25续作_20260908/核验/2026重点题/房山细则_文本.txt,txt,10403,fa1fc9d3c2da51c260b5af25e9228892e57167e3b010136629d04fa1ab035053,Y,N,Y
D-2026,/Users/wanglifei/Desktop/2026模拟题/必修二_v25续作_20260908/核验/2026重点题/细则.pdf,pdf,268415,0c6780ed2acf5bb5bd86b06447013937394b9890910f445e241bc8c60b7bc45c,Y,N,Y
D-2026,/Users/wanglifei/Desktop/2026模拟题/必修二_v25续作_20260908/核验/2026重点题/细则.pdf.txt,txt,10352,f8d55e752e1e197ff4c9abac7a7d15f28036772c5c5260c95c55d3363e22decd,Y,N,Y
D-2026,/Users/wanglifei/Desktop/2026模拟题/必修二_v25续作_20260908/核验/修订08渲染日志.txt,txt,836,3c70cdb1fb3816cdd9aeef1c267a8ca694564dd0477ab27690af28817c7bfa33,Y,N,N
D-2026,/Users/wanglifei/Desktop/2026模拟题/必修二_v25续作_20260908/核验/修订09渲染日志.txt,txt,836,d00ce2123f7d7888fbe85e0ea8d99647efe75b867b09b5d5739e5e8d82789369,Y,N,N
D-2026,/Users/wanglifei/Desktop/2026模拟题/必修二_v25续作_20260908/核验/修订10渲染日志.txt,txt,836,69f1714bb9082a88cd85f075224fd0b433f13be407e18ce6d96a39d74817f583,Y,N,N
D-2026,/Users/wanglifei/Desktop/2026模拟题/必修二_v25续作_20260908/核验/修订13执行日志.txt,txt,2076,e8750fd2a4b3db5603e64418a599517dd483e1c845487aee2f54be9fc238caeb,Y,N,N
D-2026,/Users/wanglifei/Desktop/2026模拟题/必修二_v25续作_20260908/核验/修订14执行日志.txt,txt,2109,4013b1e0a1b9f5dd6875feadd678f433fc385eaeb690a66d7fcde1cd42b649b5,Y,N,N
D-2026,/Users/wanglifei/Desktop/2026模拟题/必修二_v25续作_20260908/核验/修订15执行日志.txt,txt,3237,8f37ebcd467c0fa6c1c2a87c51548067882c1510046cc21672ab27ae2e84def9,Y,N,N
D-2026,/Users/wanglifei/Desktop/2026模拟题/必修二_v25续作_20260908/核验/修订15第二批独立核验_全文缓存.txt,txt,1794239,e3ddae0b17c10c2391889427ee7bc8f499e73e3b49e9f619ec252a6e9284835e,Y,N,N
D-2026,/Users/wanglifei/Desktop/2026模拟题/必修二_v25续作_20260908/核验/修订16待改完整文字.txt,txt,44333,5b6a9918702cec60eeed1b3eba31d20f927ae1eb838b05d07d9541e5a57d8058,Y,N,N
D-2026,/Users/wanglifei/Desktop/2026模拟题/必修二_v25续作_20260908/核验/修订16运行日志.txt,txt,3238,996ede0e42cfee663a1a305981a63d9001ca63514a603782e81a16468a779f85,Y,N,N
D-2026,/Users/wanglifei/Desktop/2026模拟题/必修二_v25续作_20260908/核验/修订17运行日志.txt,txt,1395,d9400675c643d8fac6d8653c46a3f978ac2b03a9f90debae67ded803f3059d59,Y,N,N
D-2026,/Users/wanglifei/Desktop/2026模拟题/必修二_v25续作_20260908/核验/修订18待改文字.txt,txt,26038,cfe207b3686ae1e7471ecc55f3ff57557f920ed07212cefb4db20f6e88a22971,Y,N,N
D-2026,/Users/wanglifei/Desktop/2026模拟题/必修二_v25续作_20260908/核验/修订18运行日志.txt,txt,301,0c98a57443aa04ee8815ae124279e6872e2d5b514b0b8e20808bd8f918db4a29,Y,N,N
D-2026,/Users/wanglifei/Desktop/2026模拟题/必修二_v25续作_20260908/核验/修订19待改文字.txt,txt,48126,306128161b9e1e22c069628279d4b36f91f8c49fefb844f8347e8e52f4fe6e7d,Y,N,N
D-2026,/Users/wanglifei/Desktop/2026模拟题/必修二_v25续作_20260908/核验/修订19运行日志.txt,txt,302,009df64005b22e9bd6cff21f44c2fc405ee1b6f2b2079f6cc4f2e1c54e3b6e2c,Y,N,N
D-2026,/Users/wanglifei/Desktop/2026模拟题/必修二_v25续作_20260908/核验/修订22主代理读稿/01.txt,txt,29058,d2f45b1056a0c1e90ba753bb50512f401f8e43dcd068be37868ad7fd6fd9dccf,Y,N,N
D-2026,/Users/wanglifei/Desktop/2026模拟题/必修二_v25续作_20260908/核验/修订22主代理读稿/02.txt,txt,12026,fb2026aeb6b510b03985100de359b13556072720961af8f7911eff3b1717787e,Y,N,N
D-2026,/Users/wanglifei/Desktop/2026模拟题/必修二_v25续作_20260908/核验/修订22主代理读稿/03.txt,txt,18427,efd853a9b030e1d812d52a1e271f33ce08b0bd5a9d83281e293f9208b0649e1d,Y,N,N
D-2026,/Users/wanglifei/Desktop/2026模拟题/必修二_v25续作_20260908/核验/修订22主代理读稿/04.txt,txt,24865,cea0264d802ab225279ab3d85097cd0a8aad6281fd7216424e13c90c147ef63f,Y,N,N
D-2026,/Users/wanglifei/Desktop/2026模拟题/必修二_v25续作_20260908/核验/修订22主代理读稿/05.txt,txt,12069,14d1f182380e50dfd7c1bde9687fd648976ee0057738ddd34fd418cf63166286,Y,N,N
D-2026,/Users/wanglifei/Desktop/2026模拟题/必修二_v25续作_20260908/核验/修订22主代理读稿/06.txt,txt,8617,ce91e5d9f9ec54d1f220c833a45da7a7a5a9ab13f5519d1972307cf543e0e992,Y,N,N
D-2026,/Users/wanglifei/Desktop/2026模拟题/必修二_v25续作_20260908/核验/修订22主代理读稿/07.txt,txt,19862,299ed2fa9f3d3c43ee47c0a423145dd50c5379dd037a7b0b82534f123dcff681,Y,N,N
D-2026,/Users/wanglifei/Desktop/2026模拟题/必修二_v25续作_20260908/核验/修订22主代理读稿/08.txt,txt,16454,e733d651cc7f01bc9ee8d129440a3ff5d7a5abe6a236e3d0ed1c374d1cfca2c0,Y,N,N
D-2026,/Users/wanglifei/Desktop/2026模拟题/必修二_v25续作_20260908/核验/修订22主代理读稿/09.txt,txt,16674,cb3d18f9d20c0ec1f07d3bcf0c850ae9585f56250590aa22e0d9eb12f3ed382d,Y,N,N
D-2026,/Users/wanglifei/Desktop/2026模拟题/必修二_v25续作_20260908/核验/修订22主代理读稿/10.txt,txt,16691,14283a70637a3acf0a95677f2d756ac0ff404662f59360301ad4c17fe84f4625,Y,N,N
D-2026,/Users/wanglifei/Desktop/2026模拟题/必修二_v25续作_20260908/核验/修订34局部页审/渲染/西城19题4问_原题修复检查.pdf,pdf,205174,de28da45d502f734a40cab494f8b9367ba6269f12fe5f759cadea97f2a16e817,Y,N,N
D-2026,/Users/wanglifei/Desktop/2026模拟题/必修二_v25续作_20260908/核验/修订34局部页审/西城19题4问_原题修复检查.docx,docx,28039724,ecdb60dd43bab7f351f3bf5113447ecf368f0647bb6d251795253f86c4aaabf6,Y,N,N
D-2026,/Users/wanglifei/Desktop/2026模拟题/必修二_v25续作_20260908/核验/修订47首次写入未完成.docx,docx,2432,f5a63f7f1e3bd33a853dfbf0587310be6e57852ec36eb8921cd4f8a2e4a7164f,Y,N,N
D-2026,/Users/wanglifei/Desktop/2026模拟题/必修二_v25续作_20260908/核验/修订53印前/海淀七落位与附录_仅局部排版核验.docx,docx,28008574,ceaaf8f46fd762d51c6671af74c600fe57c2e19dd5325bc781811c869afd3a71,Y,N,N
D-2026,/Users/wanglifei/Desktop/2026模拟题/必修二_v25续作_20260908/核验/修订55审计/修订55_局部行高调整前.xlsx,xlsx,1458851,e9f9cb85b53c772dd8f8643e9cc502eeb7fee64e02af5be9a35deef8f1ecef73,Y,N,N
D-2026,/Users/wanglifei/Desktop/2026模拟题/必修二_v25续作_20260908/核验/修订56印前/局部样页/海淀两题与连续链条_仅局部排版核验.pdf,pdf,948176,af6a7e3cbd28f39da6916bf7d3d79d41de9f3e4519d800c06b25822e170708a5,Y,N,N
D-2026,/Users/wanglifei/Desktop/2026模拟题/必修二_v25续作_20260908/核验/修订56印前/海淀两题与连续链条_仅局部排版核验.docx,docx,30137779,b65f8d298458e8795d7019fd11956c2eef0d47b9bb1fa877d199e3c777dcd1ac,Y,N,N
D-2026,/Users/wanglifei/Desktop/2026模拟题/必修二_v25续作_20260908/核验/修订57印前/局部样页/海淀18完整框与教学衔接_仅局部排版核验.pdf,pdf,629181,ff9a1029e42a478f0a4bf09dcef9fda88964a676b57a39fc10c4f7545a6a4a3f,Y,N,N
D-2026,/Users/wanglifei/Desktop/2026模拟题/必修二_v25续作_20260908/核验/修订57印前/海淀18完整框与教学衔接_仅局部排版核验.docx,docx,29079449,2447f3da33e95940c2ea65d45f6a33222647cd3d8baae697757c75b388fd0ce0,Y,N,N
D-2026,/Users/wanglifei/Desktop/2026模拟题/必修二_v25续作_20260908/核验/修订58印前/东城四题八落位及附录_仅局部排版核验.docx,docx,28279346,1024b2f3376b3f24f133f00e97df7bf1c482237c68ef4d7f4b366f3b1086304f,Y,N,N
D-2026,/Users/wanglifei/Desktop/2026模拟题/必修二_v25续作_20260908/核验/修订58印前/局部样页/东城四题八落位及附录_仅局部排版核验.pdf,pdf,511292,ad21eda762cfd9d26bd122ed7be65c6ecc4548a0d3a960c1ef249c74664315d5,Y,N,N
D-2026,/Users/wanglifei/Desktop/2026模拟题/必修二_v25续作_20260908/核验/修订58审计/修订58_首次行高与状态标签.xlsx,xlsx,1465853,93212d5e5072e42c6d4ac42966613abe9e3369fb070bb3e072954c3a4ea2dead,Y,N,N
D-2026,/Users/wanglifei/Desktop/2026模拟题/必修二_v25续作_20260908/核验/修订59印前/七题及关联原图教学段_仅局部排版核验.docx,docx,28338379,8037002137fd90d51528290493841c3586e9d906e4cdf2524d7831491d8556c0,Y,N,N
D-2026,/Users/wanglifei/Desktop/2026模拟题/必修二_v25续作_20260908/核验/修订59印前/局部样页/七题及关联原图教学段_仅局部排版核验.pdf,pdf,754009,d84d6e4a8e11ff9975575183bfd7b66deb112bc6903a3533d75f767193cce2dc,Y,N,N
D-2026,/Users/wanglifei/Desktop/2026模拟题/必修二_v25续作_20260908/核验/修订60印前/七附录衔接_仅局部排版核验.docx,docx,28003224,e95ced922b12e19f84041a84f4f19400aac9b195e6991a9bca04728ffc2a0f6f,Y,N,N
D-2026,/Users/wanglifei/Desktop/2026模拟题/必修二_v25续作_20260908/核验/修订60印前/局部样页/七附录衔接_仅局部排版核验.pdf,pdf,140337,bde728cb232074545f7362b970eb216451139c4f8c3c50e266d23b4f9e328f57,Y,N,N
D-2026,/Users/wanglifei/Desktop/2026模拟题/必修二_v25续作_20260908/核验/修订60审计/修订60_说明底部留白前.xlsx,xlsx,1474185,6e5f316c132d7899814c30dc882ab848618cdb9ff7eda2be0b69512d9e57354b,Y,N,N
D-2026,/Users/wanglifei/Desktop/2026模拟题/必修二_v25续作_20260908/核验/修订61印前/局部样页/西城教学及原题符号_仅局部核验.pdf,pdf,332876,5cc011db17fc7ec73d0415980a8d64f287e9ed309b7dd5d57bc08d1c29115fb7,Y,N,N
D-2026,/Users/wanglifei/Desktop/2026模拟题/必修二_v25续作_20260908/核验/修订61印前/西城教学及原题符号_仅局部核验.docx,docx,28053572,741eefa68cc9b59e922cf99cb0a84b6a29f9e68cdb3cce5618884aec6e70552a,Y,N,N
D-2026,/Users/wanglifei/Desktop/2026模拟题/必修二_v25续作_20260908/核验/修订62准备/七源原生核读/HD-answer-docx_全文.txt,txt,4659,177e092c7ddeaa310310fdb8b92a5279c3e257d322e735d8e4801cc582c3fd4c,Y,N,N
D-2026,/Users/wanglifei/Desktop/2026模拟题/必修二_v25续作_20260908/核验/修订62准备/七源原生核读/HD-original-docx_全文.txt,txt,26523,87a06b8293f9f9a7c5e99ddb6601265a5436f0b5c2c037ba59b4e379e4326a7e,Y,N,N
D-2026,/Users/wanglifei/Desktop/2026模拟题/必修二_v25续作_20260908/核验/修订62准备/七源原生核读/LOCAL-008_全文.txt,txt,26579,8f2e85a4c6f944dee232e67bf376d15d587183016a4256c240fbe64cd44af4bd,Y,N,N
D-2026,/Users/wanglifei/Desktop/2026模拟题/必修二_v25续作_20260908/核验/修订62准备/七源原生核读/LOCAL-009_全文.txt,txt,4,b1378b8200e165c2a70acb4026528c083e5a39f58bd39ab930068fdf57c711e7,Y,N,N
D-2026,/Users/wanglifei/Desktop/2026模拟题/必修二_v25续作_20260908/核验/修订62准备/七源原生核读/LOCAL-010_全文.txt,txt,62,217f2379930cf1c4677a739ab987b6016003a106e4693b8478998033e4cb8779,Y,N,N
D-2026,/Users/wanglifei/Desktop/2026模拟题/必修二_v25续作_20260908/核验/修订62准备/七源原生核读/LOCAL-048_全文.txt,txt,7785,bfc7f9679ec26000355796d07b2a5ea542c1af0ba9b7334b9e0a2a1ba23f0fca,Y,N,N
D-2026,/Users/wanglifei/Desktop/2026模拟题/必修二_v25续作_20260908/核验/修订62准备/七源原生核读/LOCAL-051_全文.txt,txt,21471,8741dc833daf9e22cd360ac0a29bc26b2342ff3c63b87e0d0e5d664fdcf7907e,Y,N,N
D-2026,/Users/wanglifei/Desktop/2026模拟题/必修二_v25续作_20260908/核验/修订62印前/局部样页/海淀东城七题全落位_仅局部核验.pdf,pdf,1035387,aa298f7aaf79e7e4124b5d106620048d4be5595d054fbb377079e964e0a2a947,Y,N,N
D-2026,/Users/wanglifei/Desktop/2026模拟题/必修二_v25续作_20260908/核验/修订62印前/海淀东城七题全落位_仅局部核验.docx,docx,28561935,0d054a6beeffe312c7e7223b502c6b3e8bac3e3cdd76f998c93f8e8a001e728c,Y,N,N
D-2026,/Users/wanglifei/Desktop/2026模拟题/必修二_v25续作_20260908/核验/修订63印前/原卷观感与间距_局部样页.docx,docx,28273765,ae9714fed6faae7e5703aed0876c632920b36685ee80003e8006f56bbf3b7d92,Y,N,Y
D-2026,/Users/wanglifei/Desktop/2026模拟题/必修二_v25续作_20260908/核验/修订63印前/局部样页/原卷观感与间距_局部样页.pdf,pdf,561942,ba4d623ad9839d85d7ade59dfc1ec23587d6fd05816fc10c2539204a353e4ae0,Y,N,Y
D-2026,/Users/wanglifei/Desktop/2026模拟题/必修二_v25续作_20260908/核验/修订64印前/原卷观感与紧凑题头_局部核验.docx,docx,76493652,45ef29f8e490c701c075546b33b1d33a384974bfc2787068d7f261abf43508e1,Y,N,Y
D-2026,/Users/wanglifei/Desktop/2026模拟题/必修二_v25续作_20260908/核验/修订64印前/局部样页/原卷观感与紧凑题头_局部核验.pdf,pdf,653512,e1b95b8d2de56e8cfbe19ebc19728622bd3ad57a47836133acaa078a5f1b4ec5,Y,N,Y
D-2026,/Users/wanglifei/Desktop/2026模拟题/必修二_v25续作_20260908/核验/修订65印前/原卷观感与紧凑题头_局部核验.docx,docx,76493690,cf0a66a56042e1905cfc55fe3412f2689e6257136e35d5bcb114b8ff1041c55a,Y,N,Y
D-2026,/Users/wanglifei/Desktop/2026模拟题/必修二_v25续作_20260908/核验/修订65印前/局部样页/原卷观感与紧凑题头_局部核验.pdf,pdf,653759,62eb612b19397047e3250896f1ab21126b8330fc144f34633030cb7eda72da81,Y,N,Y
D-2026,/Users/wanglifei/Desktop/2026模拟题/必修二_v25续作_20260908/核验/修订66印前/八卷源字体_代表题块局部核验.docx,docx,76496388,a52bcf1eac9eed4458c67e3667e7bbeebb8153f666b9a2a45c50653f0956b54e,Y,N,N
D-2026,/Users/wanglifei/Desktop/2026模拟题/必修二_v25续作_20260908/核验/候选留存/修订21_分组分页调整前_未登记.docx,docx,67034469,d554377a3ca8bb00cb5fdb29f6291e4fdedb3c8e48652d554b8ed0875084a197,Y,N,N
D-2026,/Users/wanglifei/Desktop/2026模拟题/必修二_v25续作_20260908/核验/候选留存/修订21_组标题调整前_未登记.docx,docx,67034447,be5b874f70be607c51d7860368551c7e153fa71524667c977d2591b452225c10,Y,N,N
D-2026,/Users/wanglifei/Desktop/2026模拟题/必修二_v25续作_20260908/核验/历史材料补核/2024北京细则_全文.txt,txt,20221,d93947a4209face7e621515ce2c61811d21effbf9a1049f522dfdbd4b604ff56,Y,N,Y
D-2026,/Users/wanglifei/Desktop/2026模拟题/必修二_v25续作_20260908/核验/历史材料补核/2024北京试卷_全文.txt,txt,42130,77f18c1eef3c7420c72e3ecdb27f2d476bc9eb2771b3df625a252e49e95f5979,Y,N,Y
D-2026,/Users/wanglifei/Desktop/2026模拟题/必修二_v25续作_20260908/核验/历史材料补核/东城期末细则/细则.pdf,pdf,345819,5f5fab54154f8c65b8d85f38497d7aaf13daba0371e3388f85f5c302959bbb88,Y,N,Y
D-2026,/Users/wanglifei/Desktop/2026模拟题/必修二_v25续作_20260908/核验/历史材料补核/东城期末试卷_全文.txt,txt,21378,60956ac63d4b6ea053ddb3318226b63784087d92b792759c2dbc515e19638480,Y,N,Y
D-2026,/Users/wanglifei/Desktop/2026模拟题/必修二_v25续作_20260908/核验/历史材料补核/海淀二模/2026北京海淀高三二模政治（教师版）.pdf,pdf,1662122,ef0f94383cc22ad7a8ab83fe4c01e06ccdc812b4947388436a6fc2d4e8991fea,Y,N,N
D-2026,/Users/wanglifei/Desktop/2026模拟题/必修二_v25续作_20260908/核验/历史材料补核/海淀二模讲评_全文.txt,txt,29266,2da3bc6d13db70c68e326bdc09f1226eab7f4c3d48f956aa07503bdb414c6298,Y,N,Y
D-2026,/Users/wanglifei/Desktop/2026模拟题/必修二_v25续作_20260908/核验/历史材料补核/海淀期中/试卷.pdf,pdf,641513,ea77022dba9271e111ff865727595b4dbc161be1365d21afa79b19c5cb0c10ae,Y,N,Y
D-2026,/Users/wanglifei/Desktop/2026模拟题/必修二_v25续作_20260908/核验/历史材料补核/海淀期中讲评_全文.txt,txt,2137,841638fae23403ff0f2a9ee2ff66b840134784345be8e4f504ed38c7d6a71fae,Y,N,Y
D-2026,/Users/wanglifei/Desktop/2026模拟题/必修二_v25续作_20260908/核验/审计07导出日志.txt,txt,2226,d409acba3be28047d56da5aa6c9d7d74230a7e3ab9220f98dab9b8193fc4da18,Y,N,N
D-2026,/Users/wanglifei/Desktop/2026模拟题/必修二_v25续作_20260908/核验/审计09导出日志.txt,txt,2227,b7df80b7ae1b03322c393871555c16c547c97b8b4dd214f0c902272f154380af,Y,N,N
D-2026,/Users/wanglifei/Desktop/2026模拟题/必修二_v25续作_20260908/核验/审计10导出日志.txt,txt,2227,d78d1133719d4cca0aefb5e3e9f05c51b39a32138f9012dd36dbfeab7900fe51,Y,N,N
D-2026,/Users/wanglifei/Desktop/2026模拟题/必修二_v25续作_20260908/核验/审计11导出日志.txt,txt,2227,6d233180087a1fd60ef60432dc6f85a83025066d7dd7af912830e90f34113b8b,Y,N,N
D-2026,/Users/wanglifei/Desktop/2026模拟题/必修二_v25续作_20260908/核验/审计13导出日志.txt,txt,2248,98e90f6187e9413e12f4196b2336167d03260cf0cfd507274a42054bb4df587b,Y,N,N
D-2026,/Users/wanglifei/Desktop/2026模拟题/必修二_v25续作_20260908/核验/审计14导出日志.txt,txt,2248,dc5b90e72eb1ce481c72722ddda3cb60a19182a7ca99e137389dc10bbd60a5da,Y,N,N
D-2026,/Users/wanglifei/Desktop/2026模拟题/必修二_v25续作_20260908/核验/审计15导出日志.txt,txt,2248,7da0aa0ec57bcfce064d525195fce8c63b6068703beece3af3c2128df97bb7d8,Y,N,N
D-2026,/Users/wanglifei/Desktop/2026模拟题/必修二_v25续作_20260908/核验/审计17导出日志.txt,txt,2248,5c6a5e57b6bec43998473af3bbdeba172425961aa7e379c07235a7069cbf1011,Y,N,N
D-2026,/Users/wanglifei/Desktop/2026模拟题/必修二_v25续作_20260908/核验/审计19日志.txt,txt,2248,787f49bb6a27aa5c1f2854c91b3099e2cc2e1a05784286b10f63b2e45f5964a4,Y,N,N
D-2026,/Users/wanglifei/Desktop/2026模拟题/必修二_v25续作_20260908/核验/审计导出错误.txt,txt,2694,e283fc6bf2890405b47681796815598020625a7774ab33faed71b8dfeafbfce8,Y,N,N
D-2026,/Users/wanglifei/Desktop/2026模拟题/必修二_v25续作_20260908/核验/第三批独立冻结17/PDF全文缓存.txt,txt,1821529,fc087ae6e4f120cfaf9aeaa7ff29468df7905b3fe3b6287f0006f22985c7dce1,Y,N,N
D-2026,/Users/wanglifei/Desktop/2026模拟题/必修二_v25续作_20260908/核验/第三批题01_全文对照.txt,txt,8916,09149403fcfa61c8edd2c576a9f3c55cacd28269bd5f57d67cf0b9b866f842c0,Y,N,N
D-2026,/Users/wanglifei/Desktop/2026模拟题/必修二_v25续作_20260908/核验/第三批题02_全文对照.txt,txt,28475,37e492025933788c70d7e64acaa2103996d5746b4d2de5ed73f63ca75aaa697a,Y,N,N
D-2026,/Users/wanglifei/Desktop/2026模拟题/必修二_v25续作_20260908/核验/第三批题03_全文对照.txt,txt,11242,b1e80435449e6d4def74ef37dbda3bb4390fc386f69c45386d845704b34b1c9b,Y,N,N
D-2026,/Users/wanglifei/Desktop/2026模拟题/必修二_v25续作_20260908/核验/第三批题04_全文对照.txt,txt,11464,24c249c1a2f02f8362d7a88a7c5df16edfc376d9616128e637bb0f323f02e14d,Y,N,N
D-2026,/Users/wanglifei/Desktop/2026模拟题/必修二_v25续作_20260908/核验/第三批题05_全文对照.txt,txt,18161,3041cac1973cfeb98a51881853b42c8e5bd7d5580fb1f2e7fab741af8d0aae30,Y,N,N
D-2026,/Users/wanglifei/Desktop/2026模拟题/必修二_v25续作_20260908/核验/第三批题06_全文对照.txt,txt,32899,7824d0bfca8e595a020db90b4bae556d37bd0f175df0e8706a1b6d2c391ec193,Y,N,N
D-2026,/Users/wanglifei/Desktop/2026模拟题/必修二_v25续作_20260908/核验/第三批题07_全文对照.txt,txt,23141,ba78c454fb2324969a7628a39b40a65c69a35a3c42d2600942942ad2c4bd4b61,Y,N,N
D-2026,/Users/wanglifei/Desktop/2026模拟题/必修二_v25续作_20260908/核验/第三批题08_全文对照.txt,txt,14103,5f9b5099dd09ac75fda0bfa5413c75d5e51a049b44654bbd61a54593ffba3b4f,Y,N,N
D-2026,/Users/wanglifei/Desktop/2026模拟题/必修二_v25续作_20260908/核验/第三批题09_全文对照.txt,txt,13572,5a2e1ecab8a18553344d23b740c0ffe126bbc8597ce6f4864e7128475be73369,Y,N,N
D-2026,/Users/wanglifei/Desktop/2026模拟题/必修二_v25续作_20260908/核验/第三批题10_全文对照.txt,txt,18695,0929f501adc5b0fcd24f9e6a7ced735089b791635d52a6ac962def4d7c68d6f2,Y,N,N
D-2026,/Users/wanglifei/Desktop/2026模拟题/必修二_v25续作_20260908/核验/第三批题11_全文对照.txt,txt,18857,bdafa35d65fca5a53207779a846f7cd24c63abdfcd5b464930fcd482fc76f93d,Y,N,N
D-2026,/Users/wanglifei/Desktop/2026模拟题/必修二_v25续作_20260908/核验/第二批题01_全文对照.txt,txt,29676,3b387252e7e3373a28b86d019fcc3472f6537234b3e4dbc4e992de33cdc2e475,Y,N,N
D-2026,/Users/wanglifei/Desktop/2026模拟题/必修二_v25续作_20260908/核验/第二批题02_全文对照.txt,txt,11762,061850d9323490839ccd0606fba2ae96bb1d38b1765a4676365218d8a353637b,Y,N,N
D-2026,/Users/wanglifei/Desktop/2026模拟题/必修二_v25续作_20260908/核验/第二批题03_全文对照.txt,txt,18312,4372a383f9f5d3483b50f57eaee9d06cc34a680698b52f4f111120a5d3926025,Y,N,N
D-2026,/Users/wanglifei/Desktop/2026模拟题/必修二_v25续作_20260908/核验/第二批题04_全文对照.txt,txt,24824,7e0a8b926fac1c8e52c0d752a607b70ee33ec3502e1b272a145e10abf1329d7f,Y,N,N
D-2026,/Users/wanglifei/Desktop/2026模拟题/必修二_v25续作_20260908/核验/第二批题05_全文对照.txt,txt,11684,197e958ffa2580e06bb221af38758c98882d75548e21c4c56492c7721543778b,Y,N,N
D-2026,/Users/wanglifei/Desktop/2026模拟题/必修二_v25续作_20260908/核验/第二批题06_全文对照.txt,txt,7909,e05ecc7c6a28762749b9c460a8f44904fe3154e01d79b0c8e7f807a83788ba97,Y,N,N
D-2026,/Users/wanglifei/Desktop/2026模拟题/必修二_v25续作_20260908/核验/第二批题07_全文对照.txt,txt,19724,2be7e6a1e6209c776089e39f8d141e76879716ea91a174be6d63072529c01859,Y,N,N
D-2026,/Users/wanglifei/Desktop/2026模拟题/必修二_v25续作_20260908/核验/第二批题08_全文对照.txt,txt,16175,110bd9b09f1c3460eec612ead3283aabfc216a57e3d1c44efdd0ba356fd4b054,Y,N,N
D-2026,/Users/wanglifei/Desktop/2026模拟题/必修二_v25续作_20260908/核验/第二批题09_全文对照.txt,txt,16096,35aca293579368ef07d2d4499f8c50697d88b8cb14cbc5cdc4236e43150cffcb,Y,N,N
D-2026,/Users/wanglifei/Desktop/2026模拟题/必修二_v25续作_20260908/核验/第二批题10_全文对照.txt,txt,16059,cfc8477ac1cc3cfe19c60d1a50cecb685416abda37ea3ee624d4ecd616f7092e,Y,N,N
D-2026,/Users/wanglifei/Desktop/2026模拟题/必修二_v25续作_20260908/核验/逐卷逆向核查/2025届评分配对第三批十题_修订17/LOCAL-115_render/东城期末.pdf,pdf,5231248,fd6f7fea925d8b878f8487d5a04a87146fa1e926f4c50acf5413c35eb80bdf5f,Y,N,N
D-2026,/Users/wanglifei/Desktop/2026模拟题/必修二_v25续作_20260908/核验/逐卷逆向核查/2025届评分配对第三批十题_修订17/教学正文去重阅读.txt,txt,52780,2f35f6cb4ad0b51c05bc89026a51ad1e4f309ed2b8a75ddb586630731c2d41a5,Y,N,N
D-2026,/Users/wanglifei/Desktop/2026模拟题/必修二_v25续作_20260908/核验/逐卷逆向核查/2025届评分配对第三批十题_修订17/比对阅读文字.txt,txt,76738,abae6fcec69b8ed7078663baaf93b170f3808d504df5f82333eee697547d8542,Y,N,N
D-2026,/Users/wanglifei/Desktop/2026模拟题/必修二_v25续作_20260908/核验/逐卷逆向核查/2025届评分配对第六批十题_修订22/LOCAL-075_render/高三政治一模试卷讲评.pdf,pdf,1061754,ab7b8d0bb83028a1d19dbb58e711cde4b7552b765b218df44b5379c6d6cb040c,Y,N,Y
D-2026,/Users/wanglifei/Desktop/2026模拟题/必修二_v25续作_20260908/核验/逐卷逆向核查/2025届评分配对第六批十题_修订22/LOCAL-079_render/20250329高3阅卷总结19题 合同欺诈  阐释论证.pdf,pdf,300060,f1225735d35f61f7a0e64f046849c7c37ab30e24d9284e21d8c6bdefa4ce28ea,Y,N,Y
D-2026,/Users/wanglifei/Desktop/2026模拟题/必修二_v25续作_20260908/核验/逐卷逆向核查/2025届评分配对第四批十题_修订19/教学正文去重阅读.txt,txt,60189,8f7bff8e216ecd935738a4116cf41b07b3006af22ead989d3e3dafd1a313b9aa,Y,N,N
D-2026,/Users/wanglifei/Desktop/2026模拟题/必修二_v25续作_20260908/核验/逐卷逆向核查/2025缓存/LOCAL-068_全文.txt,txt,21147,af9d874fdc7c5472d227dff11b757713bec62518365e56a97d6a327773b163d3,Y,N,N
D-2026,/Users/wanglifei/Desktop/2026模拟题/必修二_v25续作_20260908/核验/逐卷逆向核查/2025缓存/LOCAL-069_render/细则.pdf,pdf,344229,b0dcff17982dfa22d3572c3f79ddea4165f3f82c58cc99be3e20ceb53a7dec14,Y,N,Y
D-2026,/Users/wanglifei/Desktop/2026模拟题/必修二_v25续作_20260908/核验/逐卷逆向核查/2025缓存/LOCAL-070_全文.txt,txt,23535,a17461a450361651a98d2dab112d34bb8b5560b86beb1ca288d5e1c4869ba8ba,Y,N,N
D-2026,/Users/wanglifei/Desktop/2026模拟题/必修二_v25续作_20260908/核验/逐卷逆向核查/2025缓存/LOCAL-071_render/细则.pdf,pdf,260389,0d1815ea45b7539865c15ad50c42657e0ce679e69bab940dfc6780d0d4b69303,Y,N,Y
D-2026,/Users/wanglifei/Desktop/2026模拟题/必修二_v25续作_20260908/核验/逐卷逆向核查/2025缓存/LOCAL-072_全文.txt,txt,26367,f9d1af533589ae7d36779a80973f5ab2389a58624c661a129d9d83a247ede534,Y,N,N
D-2026,/Users/wanglifei/Desktop/2026模拟题/必修二_v25续作_20260908/核验/逐卷逆向核查/2025缓存/LOCAL-074_全文.txt,txt,45399,ed61e8bb9428e464cbd256a524612959e951266fd4f18c008c96dbe6c3ef1571,Y,N,N
D-2026,/Users/wanglifei/Desktop/2026模拟题/必修二_v25续作_20260908/核验/逐卷逆向核查/2025缓存/LOCAL-080_全文.txt,txt,26586,dff2cb6d1c2e340751e9d301ba10d212a2e098a0cb943d7642ea9f56ef135969,Y,N,N
D-2026,/Users/wanglifei/Desktop/2026模拟题/必修二_v25续作_20260908/核验/逐卷逆向核查/2025缓存/LOCAL-083_全文.txt,txt,25504,02943bcea28a9199914e2163b277849b89c2135dac475e5a5710f230627a46a5,Y,N,N
D-2026,/Users/wanglifei/Desktop/2026模拟题/必修二_v25续作_20260908/核验/逐卷逆向核查/2025缓存/LOCAL-084_render/细则.pdf,pdf,213425,574eb6a9e017862ad5abeab91fde14488411f9f84927e259b11d6bbc60645744,Y,N,Y
D-2026,/Users/wanglifei/Desktop/2026模拟题/必修二_v25续作_20260908/核验/逐卷逆向核查/2025缓存/LOCAL-085_全文.txt,txt,27245,d157566fe94c5d744419bb4600af05a2bc057159f17d0891f086c5a2095751cb,Y,N,N
D-2026,/Users/wanglifei/Desktop/2026模拟题/必修二_v25续作_20260908/核验/逐卷逆向核查/2025缓存/LOCAL-086_render/细则.pdf,pdf,353987,f5a1ae72fdb09be4e1e5a182e0c9812881c4ff29eaf244ef504cca0e5505db6f,Y,N,Y
D-2026,/Users/wanglifei/Desktop/2026模拟题/必修二_v25续作_20260908/核验/逐卷逆向核查/2025缓存/LOCAL-087_全文.txt,txt,25937,f7d3dd5744c152d341c646fbbc8474367852d773270870edb4bf05ed3db2ed40,Y,N,N
D-2026,/Users/wanglifei/Desktop/2026模拟题/必修二_v25续作_20260908/核验/逐卷逆向核查/2025缓存/LOCAL-088_render/细则.pdf,pdf,326163,f50e5bfc8b58d9f5e1288ceae7e15289a92fb1c15af154bfb0138da1556ed07c,Y,N,Y
D-2026,/Users/wanglifei/Desktop/2026模拟题/必修二_v25续作_20260908/核验/逐卷逆向核查/2025缓存/LOCAL-089_全文.txt,txt,27812,e5de2f46d3d372c49e912ebe1f423e6d444969a741aaebde4cdeb3259c4a544c,Y,N,N
D-2026,/Users/wanglifei/Desktop/2026模拟题/必修二_v25续作_20260908/核验/逐卷逆向核查/2025缓存/LOCAL-090_render/细则.pdf,pdf,1898831,a5fbb658dffd3cd07773e71885af88812186da96298c6f093d587984139430cd,Y,N,Y
D-2026,/Users/wanglifei/Desktop/2026模拟题/必修二_v25续作_20260908/核验/逐卷逆向核查/2025缓存/LOCAL-091_全文.txt,txt,52928,90de9ae604f91e06e5af7a6fddeed7b8114da91f66755a62a45300cba55eb159,Y,N,N
D-2026,/Users/wanglifei/Desktop/2026模拟题/必修二_v25续作_20260908/核验/逐卷逆向核查/2025缓存/LOCAL-093_全文.txt,txt,21521,51e36dcf5e2f20da4f1914bab3c4b1682a036e4ae854edf03da665e5c43e02b7,Y,N,N
D-2026,/Users/wanglifei/Desktop/2026模拟题/必修二_v25续作_20260908/核验/逐卷逆向核查/2025缓存/LOCAL-097_render/18题 .pdf,pdf,1689973,c2f7e3dd3da7cda3ddc35c34d1c612650f25e641ffc509c04646a8cc1ff71c6b,Y,N,N
D-2026,/Users/wanglifei/Desktop/2026模拟题/必修二_v25续作_20260908/核验/逐卷逆向核查/2025缓存/LOCAL-101_render/21题.pdf,pdf,1172215,22728c908d884f9bee0b0a27c22f5099d97621c86bc72af4b998b67b29569c62,Y,N,N
D-2026,/Users/wanglifei/Desktop/2026模拟题/必修二_v25续作_20260908/核验/逐卷逆向核查/2025缓存/LOCAL-102_全文.txt,txt,24623,26b79bc77fd02db1529743b2d07f42b439a4fcfa715e86942bc4a43dd426e8c8,Y,N,N
D-2026,/Users/wanglifei/Desktop/2026模拟题/必修二_v25续作_20260908/核验/逐卷逆向核查/2025缓存/LOCAL-103_render/细则.pdf,pdf,1593970,51201ad9975e45f84e1a0f72c3e8ba02e6e209b058519f1c2d6b20fb1ab06765,Y,N,Y
D-2026,/Users/wanglifei/Desktop/2026模拟题/必修二_v25续作_20260908/核验/逐卷逆向核查/2025缓存/LOCAL-104_全文.txt,txt,25922,7cd181fad98381a9b9e00c5874dd0380332b9c94adc16366ce2e69bc168647c4,Y,N,N
D-2026,/Users/wanglifei/Desktop/2026模拟题/必修二_v25续作_20260908/核验/逐卷逆向核查/2025缓存/LOCAL-105_render/细则.pdf,pdf,468538,eb801ea98edf1746b728a7462de5b1c4ba4c0b9e58687e0045c5763488bf49b2,Y,N,Y
D-2026,/Users/wanglifei/Desktop/2026模拟题/必修二_v25续作_20260908/核验/逐卷逆向核查/2025缓存/LOCAL-107_全文.txt,txt,25804,779b21e53620bfce30cd3030e76568163adccc4172e4aa421f6abc44d1376508,Y,N,N
D-2026,/Users/wanglifei/Desktop/2026模拟题/必修二_v25续作_20260908/核验/逐卷逆向核查/2025缓存/LOCAL-109_render/细则.pdf,pdf,196375,0534b86a9fe0414c1a943bfd7e409c2192eb11569d6a0be907901c5d15d47ca4,Y,N,Y
D-2026,/Users/wanglifei/Desktop/2026模拟题/必修二_v25续作_20260908/核验/逐卷逆向核查/2025缓存/LOCAL-110_render/2025年海淀二模评标实录.pdf,pdf,170887,21ff92c680755a955b9ad586d69488aa29df4453d1cb6f6125851fc73c2eee64,Y,N,Y
D-2026,/Users/wanglifei/Desktop/2026模拟题/必修二_v25续作_20260908/核验/逐卷逆向核查/2025缓存/LOCAL-111_全文.txt,txt,166,3195b4b1837f2e270566f0df412b460715b217ea5854b792174ea8c1a4229da3,Y,N,N
D-2026,/Users/wanglifei/Desktop/2026模拟题/必修二_v25续作_20260908/核验/逐卷逆向核查/2025缓存/LOCAL-112_render/细则.pdf,pdf,342305,9d5358e9307641c7f908fc7e4e1672d1d54eeb0802b22b5116fa022a9d568512,Y,N,Y
D-2026,/Users/wanglifei/Desktop/2026模拟题/必修二_v25续作_20260908/核验/逐卷逆向核查/2025缓存/LOCAL-113_全文.txt,txt,24633,b1576cb62e42005cb1b34b3cc51df2e1dec7f6680e0ce59cc0a3fed6560a99b0,Y,N,N
D-2026,/Users/wanglifei/Desktop/2026模拟题/必修二_v25续作_20260908/核验/逐卷逆向核查/2025缓存/LOCAL-116_全文.txt,txt,61293,81899cc256930d2c9449de9805612fc0c4f8da9c40feb31e399f6c37570393c0,Y,N,N
D-2026,/Users/wanglifei/Desktop/2026模拟题/必修二_v25续作_20260908/核验/逐卷逆向核查/2025缓存/LOCAL-117_render/细则.pdf,pdf,5446400,69ffc2c1c47e7bec19a5aa5c41e75e0151efe346de67afb058a00a8d1e201d0d,Y,N,Y
D-2026,/Users/wanglifei/Desktop/2026模拟题/必修二_v25续作_20260908/核验/逐卷逆向核查/2025缓存/LOCAL-118_全文.txt,txt,49558,08b5d4e2595e22a431b6501b852d128b4e5dbcc80d2eb90521370124c67e0621,Y,N,N
D-2026,/Users/wanglifei/Desktop/2026模拟题/必修二_v25续作_20260908/核验/逐卷逆向核查/2025缓存/LOCAL-119_render/朝阳高三期末2025.pdf,pdf,860964,efba686f1ec64c0473733ce146a4b551ea1fe748856300172132b8d6e672e5fd,Y,N,N
D-2026,/Users/wanglifei/Desktop/2026模拟题/必修二_v25续作_20260908/核验/逐卷逆向核查/2025缓存/LOCAL-121_全文.txt,txt,26346,5c68282e689e42a67dc4f80a28d57497483d1668ed0e42370599f96b718a1e8b,Y,N,N
D-2026,/Users/wanglifei/Desktop/2026模拟题/必修二_v25续作_20260908/核验/逐卷逆向核查/2025缓存/LOCAL-122_render/细则.pdf,pdf,1995458,ffd815e762471cbb435278b0921d9f0eb94231444120a1cfd2a0cb4a4a388bd2,Y,N,Y
D-2026,/Users/wanglifei/Desktop/2026模拟题/必修二_v25续作_20260908/核验/逐卷逆向核查/2025缓存/LOCAL-123_全文.txt,txt,26705,85670d14950b4e5031e29484db86227539ef8cec227b62190203bd436bdbdca5,Y,N,N
D-2026,/Users/wanglifei/Desktop/2026模拟题/必修二_v25续作_20260908/核验/逐卷逆向核查/2025缓存/LOCAL-124_render/细则.pdf,pdf,7889135,1c687e024d32f61a255b793cc99751dde5be93adf871058cfc7042b6c265cf62,Y,N,Y
D-2026,/Users/wanglifei/Desktop/2026模拟题/必修二_v25续作_20260908/核验/逐卷逆向核查/2025缓存/LOCAL-125_render/试卷.pdf,pdf,661461,5bda307ebf2da60cbb63dd96c0f1751433b21de64c92965620443297e4264b20,Y,N,Y
D-2026,/Users/wanglifei/Desktop/2026模拟题/必修二_v25续作_20260908/核验/逐卷逆向核查/2025缓存/LOCAL-125_全文.txt,txt,29326,fcc29b34479f7a13084a4e4bfffa99a6e4a96a1633ce387f25d48e73a2da40e7,Y,N,N
D-2026,/Users/wanglifei/Desktop/2026模拟题/必修二_v25续作_20260908/核验/逐卷逆向核查/2025缓存/LOCAL-127_全文.txt,txt,22215,b554ad65acd9d1302decbfe0c1399067499fb491b6d679764ea044f587caf133,Y,N,N
D-2026,/Users/wanglifei/Desktop/2026模拟题/必修二_v25续作_20260908/核验/逐卷逆向核查/2026二模补核缓存/LOCAL-170_render/2026丰台区二模主观题阅卷细则(1).pdf,pdf,8510875,1bfd24e7283114749af9f3c4b012335c3e43a819ad8ccf911f0a2051fa9c8bb8,Y,N,Y
D-2026,/Users/wanglifei/Desktop/2026模拟题/必修二_v25续作_20260908/核验/逐卷逆向核查/2026二模补核缓存/LOCAL-180_Q16_材料恢复.txt,txt,1255,c904d12bbc628fb8569292292dd03d3ffb3773accf05ace130a326e519524a04,Y,N,N
D-2026,/Users/wanglifei/Desktop/2026模拟题/必修二_v25续作_20260908/核验/逐卷逆向核查/2026二模补核缓存/LOCAL-182_Q14_图表数据.txt,txt,441,85d37e4ffcc5413380defc380ff336ece3657d00c4271f618a5b1888257438cf,Y,N,N
D-2026,/Users/wanglifei/Desktop/2026模拟题/必修二_v25续作_20260908/核验/逐卷逆向核查/2026整题补收_第11至20题_修订21/2026房山一模_小升初公开试卷及答案.pdf,pdf,982031,95deaa68c55f601f144c0229f3343c2f52f793427e24c7a99f47dee68171ae32,Y,N,Y
D-2026,/Users/wanglifei/Desktop/2026模拟题/必修二_v25续作_20260908/核验/逐卷逆向核查/2026未匹配选择题_修订19/EXAM-2025-朝阳-期中.txt,txt,15187,ed5218c301ad7f1b3af7740de0e86807dabac00b1c698b37d992d6678969d65f,Y,N,N
D-2026,/Users/wanglifei/Desktop/2026模拟题/必修二_v25续作_20260908/核验/逐卷逆向核查/2026未匹配选择题_修订19/EXAM-2025-海淀-期中.txt,txt,10277,9e42ffd46aa9262fa782972c6c0014fbfd922b7747513ffc6c8be5eabc903e3a,Y,N,N
D-2026,/Users/wanglifei/Desktop/2026模拟题/必修二_v25续作_20260908/核验/逐卷逆向核查/2026未匹配选择题_修订19/EXAM-2026-东城-一模.txt,txt,27253,2b1a403fd126c2e5fe04f797ac5f43766f983c420ef657aa4161d80342429900,Y,N,N
D-2026,/Users/wanglifei/Desktop/2026模拟题/必修二_v25续作_20260908/核验/逐卷逆向核查/2026未匹配选择题_修订19/EXAM-2026-东城-二模.txt,txt,2359,2ffff6a5db8d4fed6dd71d5f9ea785f5166c8f894d9f250e8dfe557ae23e98c3,Y,N,N
D-2026,/Users/wanglifei/Desktop/2026模拟题/必修二_v25续作_20260908/核验/逐卷逆向核查/2026未匹配选择题_修订19/EXAM-2026-丰台-一模.txt,txt,1546,1e071d7647f18bdd6930fd2a478dad0312c0e74189238430304aa7047f927cd2,Y,N,N
D-2026,/Users/wanglifei/Desktop/2026模拟题/必修二_v25续作_20260908/核验/逐卷逆向核查/2026未匹配选择题_修订19/EXAM-2026-丰台-二模.txt,txt,3743,fdc0cbb1e134c138188eeb5967535cee5938964c4406f0febd69218dd859d1c4,Y,N,N
D-2026,/Users/wanglifei/Desktop/2026模拟题/必修二_v25续作_20260908/核验/逐卷逆向核查/2026未匹配选择题_修订19/EXAM-2026-丰台-期末.txt,txt,752,31220ebfb9d1a196cf2b2bf3a389e9bfbb7ef2e09430e16f9b2840f2a2b43626,Y,N,N
D-2026,/Users/wanglifei/Desktop/2026模拟题/必修二_v25续作_20260908/核验/逐卷逆向核查/2026未匹配选择题_修订19/EXAM-2026-延庆-一模.txt,txt,17367,84a0767b244b3af8fc7ff023e1de9e71cf77e71fc34237781a4032ec5c924927,Y,N,N
D-2026,/Users/wanglifei/Desktop/2026模拟题/必修二_v25续作_20260908/核验/逐卷逆向核查/2026未匹配选择题_修订19/EXAM-2026-房山-一模.txt,txt,674,61f9ddaaa3fa25e97aa78ad721a4d381ca2ebc9b7bf0665b24eafc37419d7b66,Y,N,N
D-2026,/Users/wanglifei/Desktop/2026模拟题/必修二_v25续作_20260908/核验/逐卷逆向核查/2026未匹配选择题_修订19/EXAM-2026-房山-二模.txt,txt,4784,a5f6f7ff667a3c4e7b9dd873dd6628f5615fc31db164c0b07f2fe56cd45944a3,Y,N,N
D-2026,/Users/wanglifei/Desktop/2026模拟题/必修二_v25续作_20260908/核验/逐卷逆向核查/2026未匹配选择题_修订19/EXAM-2026-朝阳-一模.txt,txt,11291,af1d8104fbc35ab79989276969814042ee46e0353e60a65e648a00855fb1264b,Y,N,N
D-2026,/Users/wanglifei/Desktop/2026模拟题/必修二_v25续作_20260908/核验/逐卷逆向核查/2026未匹配选择题_修订19/EXAM-2026-朝阳-二模.txt,txt,7780,6e45f7c3320392c86e43b929f886ff28333007ea0d5ff75d1252d1e9eea14468,Y,N,N
D-2026,/Users/wanglifei/Desktop/2026模拟题/必修二_v25续作_20260908/核验/逐卷逆向核查/2026未匹配选择题_修订19/EXAM-2026-朝阳-期末.txt,txt,490,0368703c3b87c9063a223b391a61d2a38188ae8111cfed65bfe765fdebe48054,Y,N,N
D-2026,/Users/wanglifei/Desktop/2026模拟题/必修二_v25续作_20260908/核验/逐卷逆向核查/2026未匹配选择题_修订19/EXAM-2026-海淀-一模.txt,txt,728,a55416f3a9dd5d2340b09a6fab2743a16f690f4aa829706d96d53fc7786ab057,Y,N,N
D-2026,/Users/wanglifei/Desktop/2026模拟题/必修二_v25续作_20260908/核验/逐卷逆向核查/2026未匹配选择题_修订19/EXAM-2026-海淀-二模.txt,txt,4323,05cbbd9441a6ff8f4b84744c0213d03c57e8535de25bf14a153a7637381c4cfe,Y,N,N
D-2026,/Users/wanglifei/Desktop/2026模拟题/必修二_v25续作_20260908/核验/逐卷逆向核查/2026未匹配选择题_修订19/EXAM-2026-海淀-期末.txt,txt,908,56e4e0731d1144de20c09b66b089cf096c8a2244f640fb9fff932aaad9ef153b,Y,N,N
D-2026,/Users/wanglifei/Desktop/2026模拟题/必修二_v25续作_20260908/核验/逐卷逆向核查/2026未匹配选择题_修订19/EXAM-2026-石景山-一模.txt,txt,6221,45a3d95b3593d560332f857f0922d05e208295a4f4f6e9a079c01f0fbcd215f5,Y,N,N
D-2026,/Users/wanglifei/Desktop/2026模拟题/必修二_v25续作_20260908/核验/逐卷逆向核查/2026未匹配选择题_修订19/EXAM-2026-石景山-二模.txt,txt,3667,983523d7d348de4203f2fcae62b65e1de65bb554aaeb4ecf6917f566bb41881a,Y,N,N
D-2026,/Users/wanglifei/Desktop/2026模拟题/必修二_v25续作_20260908/核验/逐卷逆向核查/2026未匹配选择题_修订19/EXAM-2026-石景山-期末.txt,txt,1018,981fcbadcb9ef9828c538349ed90109da77718e5547869b8c6c183f3577dee6f,Y,N,N
D-2026,/Users/wanglifei/Desktop/2026模拟题/必修二_v25续作_20260908/核验/逐卷逆向核查/2026未匹配选择题_修订19/EXAM-2026-西城-一模.txt,txt,1771,d0d360366c5a4ee53eb02d76af8f45a09ad3f14b1d880e294caef95c6c260817,Y,N,N
D-2026,/Users/wanglifei/Desktop/2026模拟题/必修二_v25续作_20260908/核验/逐卷逆向核查/2026未匹配选择题_修订19/EXAM-2026-西城-二模.txt,txt,3213,c6865739dbb7dcdd7eb9bc6540f7f32f9cf2daa9d10e8fb832e312cabdb2e4e2,Y,N,N
D-2026,/Users/wanglifei/Desktop/2026模拟题/必修二_v25续作_20260908/核验/逐卷逆向核查/2026未匹配选择题_修订19/EXAM-2026-西城-期末.txt,txt,256,1ba5a842142ceed9f1297be81fc51192441ea983609cd77e127d03a44d43ea78,Y,N,N
D-2026,/Users/wanglifei/Desktop/2026模拟题/必修二_v25续作_20260908/核验/逐卷逆向核查/2026未匹配选择题_修订19/EXAM-2026-通州-一模.txt,txt,976,afd2ab13ab5f15db933104ca1e01fbf73ef1ff8c0511227967bbf5805a4feb67,Y,N,N
D-2026,/Users/wanglifei/Desktop/2026模拟题/必修二_v25续作_20260908/核验/逐卷逆向核查/2026未匹配选择题_修订19/EXAM-2026-通州-期末.txt,txt,12756,9a66db78a70e47520ce0c772f8f4b0f2948cbc088aeb6fc3e0a224cc8eecaf11,Y,N,N
D-2026,/Users/wanglifei/Desktop/2026模拟题/必修二_v25续作_20260908/核验/逐卷逆向核查/2026未匹配选择题_修订19/EXAM-2026-门头沟-一模.txt,txt,15988,9f9325bab6626129f203d018d4add860f6067de8bf56eb8427845df80c90fac8,Y,N,N
D-2026,/Users/wanglifei/Desktop/2026模拟题/必修二_v25续作_20260908/核验/逐卷逆向核查/2026未匹配选择题_修订19/EXAM-2026-顺义-一模.txt,txt,13403,5c791d12824283ea07f080f28a830e34b416f3c952eb32cc2e1b9f1fe77f2ade,Y,N,N
D-2026,/Users/wanglifei/Desktop/2026模拟题/必修二_v25续作_20260908/核验/逐卷逆向核查/2026未匹配选择题_修订19/EXAM-2026-顺义-二模.txt,txt,6600,07a3d224865a2128e112103e4664dbf13e20057660cabf229a36a74f032ebadb,Y,N,N
D-2026,/Users/wanglifei/Desktop/2026模拟题/必修二_v25续作_20260908/核验/逐卷逆向核查/2026缓存/LOCAL-129_全文.txt,txt,5094,2cb0ee9f7b289f653a4fd2e477bfa8762f6d6be938a100c54e2ac97cc39783b7,Y,N,N
D-2026,/Users/wanglifei/Desktop/2026模拟题/必修二_v25续作_20260908/核验/逐卷逆向核查/2026缓存/LOCAL-130_全文.txt,txt,3334,9d57dc1e5b17ef9598f61f319633b9da0e6b8219dd74151e64f58e3d2f143a7d,Y,N,N
D-2026,/Users/wanglifei/Desktop/2026模拟题/必修二_v25续作_20260908/核验/逐卷逆向核查/2026缓存/LOCAL-131_全文.txt,txt,3312,108197c59ea69c72544378eda2cacb1b0625b2e876d2fce9e539cc9f5d5fb0f8,Y,N,N
D-2026,/Users/wanglifei/Desktop/2026模拟题/必修二_v25续作_20260908/核验/逐卷逆向核查/2026缓存/LOCAL-132_全文.txt,txt,427,375a9923f9fc019164d104b99478720fc352c57fa5f536fa67f74101fedd9b84,Y,N,N
D-2026,/Users/wanglifei/Desktop/2026模拟题/必修二_v25续作_20260908/核验/逐卷逆向核查/2026缓存/LOCAL-133_全文.txt,txt,3766,76b581f64332bc756c260a89012691a59b12feab30d1c86fad42bc03ab35dca6,Y,N,N
D-2026,/Users/wanglifei/Desktop/2026模拟题/必修二_v25续作_20260908/核验/逐卷逆向核查/2026缓存/LOCAL-134_全文.txt,txt,3348,b1771023bddd936c164e8a27b0268ac539d41a933e3778ec765b4b8157c86721,Y,N,N
D-2026,/Users/wanglifei/Desktop/2026模拟题/必修二_v25续作_20260908/核验/逐卷逆向核查/2026缓存/LOCAL-135_全文.txt,txt,3237,4b898ad890e99dcceb41f59323895d898e5b443e3107d0f7d86e12bddd903771,Y,N,N
D-2026,/Users/wanglifei/Desktop/2026模拟题/必修二_v25续作_20260908/核验/逐卷逆向核查/2026缓存/LOCAL-136_全文.txt,txt,2520,b309ede6cf62d9a0d60497706749f7920738dce37f70f25798bbfeb9bb1ab76f,Y,N,N
D-2026,/Users/wanglifei/Desktop/2026模拟题/必修二_v25续作_20260908/核验/逐卷逆向核查/2026缓存/LOCAL-137_全文.txt,txt,341,711bd3315a8249edd9dcda9b0aeb0785b59b41f97109c71b62657d62e2e8f06c,Y,N,N
D-2026,/Users/wanglifei/Desktop/2026模拟题/必修二_v25续作_20260908/核验/逐卷逆向核查/2026缓存/LOCAL-138_全文.txt,txt,14921,860ee8808047affe488333a27f1656f70feae2db46ee45940fd25c20070d67f9,Y,N,N
D-2026,/Users/wanglifei/Desktop/2026模拟题/必修二_v25续作_20260908/核验/逐卷逆向核查/2026缓存/LOCAL-140_全文.txt,txt,22484,a255081ddcee90d4272d1c9c50654ec1df8894c6114db5081160cbfafa105475,Y,N,N
D-2026,/Users/wanglifei/Desktop/2026模拟题/必修二_v25续作_20260908/核验/逐卷逆向核查/2026缓存/LOCAL-141_全文.txt,txt,27945,54ad9d3c918ce64bc05a07a99b721ff5537e401d911f03d04155ae99d6620605,Y,N,N
D-2026,/Users/wanglifei/Desktop/2026模拟题/必修二_v25续作_20260908/核验/逐卷逆向核查/2026缓存/LOCAL-141_原源渲染/141_package_roundtrip.pdf,pdf,9404228,2d14dc9c3feabef0d9240881b084df791c8a505c1e313804fb06e9772a04c932,Y,N,N
D-2026,/Users/wanglifei/Desktop/2026模拟题/必修二_v25续作_20260908/核验/逐卷逆向核查/2026缓存/LOCAL-141_原源渲染/141_package_roundtrip.pptx,pptx,23019314,2abf16652e0525163a188c92f1933e1d29a46e5b94fffd31f94b0d0ad30a82af,Y,N,N
D-2026,/Users/wanglifei/Desktop/2026模拟题/必修二_v25续作_20260908/核验/逐卷逆向核查/2026缓存/LOCAL-142_全文.txt,txt,209,d22448af760b547ea8b6eebccad66341b677663bf8398fb2b86ecdc81e5f8dbe,Y,N,N
D-2026,/Users/wanglifei/Desktop/2026模拟题/必修二_v25续作_20260908/核验/逐卷逆向核查/2026缓存/LOCAL-143_全文.txt,txt,7397,fc2222fedcc9781e2e90aec16fd3794dc5049fa25dda50dc22f3f47b22532a5c,Y,N,N
D-2026,/Users/wanglifei/Desktop/2026模拟题/必修二_v25续作_20260908/核验/逐卷逆向核查/2026缓存/LOCAL-143_原源渲染/细则.pdf,pdf,263347,7b6b4370dfb978e6622f13868324c0972481c1475701d1e0536384a7c47ef7e0,Y,N,Y
D-2026,/Users/wanglifei/Desktop/2026模拟题/必修二_v25续作_20260908/核验/逐卷逆向核查/2026缓存/LOCAL-143_渲染页全文.txt,txt,6771,7861a39ac41193fa7d9280f6b0d497fd5e132754fceda2fff51c7c7bc6f93947,Y,N,N
D-2026,/Users/wanglifei/Desktop/2026模拟题/必修二_v25续作_20260908/核验/逐卷逆向核查/2026缓存/LOCAL-144_全文.txt,txt,26323,323510c3c3449ccadd563d9527d0e0dd8e3f5bd8d86d51c6c02cf8e4fbfd8260,Y,N,N
D-2026,/Users/wanglifei/Desktop/2026模拟题/必修二_v25续作_20260908/核验/逐卷逆向核查/2026缓存/LOCAL-145_全文.txt,txt,11693,b22c52caba60ba597f7d68cc432b5077f8b62f0726150318caf14d641447cbf0,Y,N,N
D-2026,/Users/wanglifei/Desktop/2026模拟题/必修二_v25续作_20260908/核验/逐卷逆向核查/2026缓存/LOCAL-145_原源渲染/细则.pdf,pdf,268415,c515a6c44f7fff6d1a0c2e2d676620d0cc3a01496da5d8b4a54c1f842c8a0055,Y,N,Y
D-2026,/Users/wanglifei/Desktop/2026模拟题/必修二_v25续作_20260908/核验/逐卷逆向核查/2026缓存/LOCAL-145_渲染页全文.txt,txt,10350,b07397e38309f8e99ab1d1925dd91236741af299fa62789349c9e8dbc760c374,Y,N,N
D-2026,/Users/wanglifei/Desktop/2026模拟题/必修二_v25续作_20260908/核验/逐卷逆向核查/2026缓存/LOCAL-146_全文.txt,txt,231,072ea71374bbb560a9a2aba4490eeb26b0cbb56934a528aaedd74983be2a6a4d,Y,N,N
D-2026,/Users/wanglifei/Desktop/2026模拟题/必修二_v25续作_20260908/核验/逐卷逆向核查/2026缓存/LOCAL-147_全文.txt,txt,15301,4735d2e8266f1f0dde0094920f21f6204189cb73996ee6a0bd58345eacb2c55e,Y,N,N
D-2026,/Users/wanglifei/Desktop/2026模拟题/必修二_v25续作_20260908/核验/逐卷逆向核查/2026缓存/LOCAL-147_原源渲染/细则.pdf,pdf,396142,601a1802002f3d75dbf4b662915fb93bdcbb66b223ba8be5f573fb5e80ed32a8,Y,N,Y
D-2026,/Users/wanglifei/Desktop/2026模拟题/必修二_v25续作_20260908/核验/逐卷逆向核查/2026缓存/LOCAL-147_渲染页全文.txt,txt,13245,3d1bf8bdffa6e7930a0401dfb70630f2c1397e16301f96539d0e3f553846998c,Y,N,N
D-2026,/Users/wanglifei/Desktop/2026模拟题/必修二_v25续作_20260908/核验/逐卷逆向核查/2026缓存/LOCAL-148_全文.txt,txt,39584,241c353733749c0b90eeaac1ad1202b1b7c32c31372106f829ef906393a68400,Y,N,N
D-2026,/Users/wanglifei/Desktop/2026模拟题/必修二_v25续作_20260908/核验/逐卷逆向核查/2026缓存/LOCAL-149_全文.txt,txt,6003,33f0d3eede5aa182f3db2fa670891983b89fe233acf245c100a5c1ecce2fd1bb,Y,N,N
D-2026,/Users/wanglifei/Desktop/2026模拟题/必修二_v25续作_20260908/核验/逐卷逆向核查/2026缓存/LOCAL-150_全文.txt,txt,166,d47f7665ee3f17089f06888ae840e47d9a7a70a22d49dd2614ab15ce96e5f92b,Y,N,N
D-2026,/Users/wanglifei/Desktop/2026模拟题/必修二_v25续作_20260908/核验/逐卷逆向核查/2026缓存/LOCAL-151_全文.txt,txt,0,e3b0c44298fc1c149afbf4c8996fb92427ae41e4649b934ca495991b7852b855,Y,N,N
D-2026,/Users/wanglifei/Desktop/2026模拟题/必修二_v25续作_20260908/核验/逐卷逆向核查/2026缓存/LOCAL-151_原源渲染/细则.pdf,pdf,343308,947593ec04a8bb51401fa0d561847db80df177039aca46623247978f8ce4d70f,Y,N,Y
D-2026,/Users/wanglifei/Desktop/2026模拟题/必修二_v25续作_20260908/核验/逐卷逆向核查/2026缓存/LOCAL-151_渲染页全文.txt,txt,9145,278e2183c68bd2e9cf776ead2d4275f2dc598833e5414b269ec59f3f0f45f727,Y,N,N
D-2026,/Users/wanglifei/Desktop/2026模拟题/必修二_v25续作_20260908/核验/逐卷逆向核查/2026缓存/LOCAL-152_全文.txt,txt,27702,e8279b43026889be1e1b03158b0f83f9b4e09ae5932efde6cc46d828acf35fde,Y,N,N
D-2026,/Users/wanglifei/Desktop/2026模拟题/必修二_v25续作_20260908/核验/逐卷逆向核查/2026缓存/LOCAL-153_全文.txt,txt,8784,31a3038adca32d4f3f1b083cb323a5d764866f2439a36f87babd5d281b1d947c,Y,N,N
D-2026,/Users/wanglifei/Desktop/2026模拟题/必修二_v25续作_20260908/核验/逐卷逆向核查/2026缓存/LOCAL-153_原源渲染/细则.pdf,pdf,296600,e416f9e739739f67c0511c371865e5e7567340274124ed0b93924fa110933a0b,Y,N,Y
D-2026,/Users/wanglifei/Desktop/2026模拟题/必修二_v25续作_20260908/核验/逐卷逆向核查/2026缓存/LOCAL-153_渲染页全文.txt,txt,7306,a19dcc530332f19fddfb0fec9a5e9e056306821ff3aeea02930edccae5855495,Y,N,N
D-2026,/Users/wanglifei/Desktop/2026模拟题/必修二_v25续作_20260908/核验/逐卷逆向核查/2026缓存/LOCAL-154_全文.txt,txt,111,6c755754d00a47aaad5e8d8b0ebedba95980c47939db3b097010ade884b256fb,Y,N,N
D-2026,/Users/wanglifei/Desktop/2026模拟题/必修二_v25续作_20260908/核验/逐卷逆向核查/2026缓存/LOCAL-155_全文.txt,txt,24901,4cc29f31129a04fe730225d7c1053b88c909196f62f9fc91f126473fe0d4de4b,Y,N,N
D-2026,/Users/wanglifei/Desktop/2026模拟题/必修二_v25续作_20260908/核验/逐卷逆向核查/2026缓存/LOCAL-155_原源渲染/试卷.pdf,pdf,735824,424c7bd4d62ab07c721d6a5e07804d746ea2c1e8989a3462dd0da2e4f32f5ebb,Y,N,Y
D-2026,/Users/wanglifei/Desktop/2026模拟题/必修二_v25续作_20260908/核验/逐卷逆向核查/2026缓存/LOCAL-155_渲染页全文.txt,txt,20789,94eff2318346418786b262ed46410ef47a3977762d282d8daaa8b65c8ed306dd,Y,N,N
D-2026,/Users/wanglifei/Desktop/2026模拟题/必修二_v25续作_20260908/核验/逐卷逆向核查/2026缓存/LOCAL-156_全文.txt,txt,13101,01b8642c8724ab2b6187814bba689c5acb38c1243bc31bef1c14c11804342b25,Y,N,N
D-2026,/Users/wanglifei/Desktop/2026模拟题/必修二_v25续作_20260908/核验/逐卷逆向核查/2026缓存/LOCAL-157_全文.txt,txt,209,6e6e78d988d2b0136403b4aa6327c5290ae65754d62424936e7e7a76575e6651,Y,N,N
D-2026,/Users/wanglifei/Desktop/2026模拟题/必修二_v25续作_20260908/核验/逐卷逆向核查/2026缓存/LOCAL-158_全文.txt,txt,14647,035fd56b2884ff339150b244837886b2338ce21ff5097f972813bbefa434432c,Y,N,N
D-2026,/Users/wanglifei/Desktop/2026模拟题/必修二_v25续作_20260908/核验/逐卷逆向核查/2026缓存/LOCAL-158_原源渲染/细则.pdf,pdf,323359,c1aa6d47f465fb9f7f99c92479a7bb1f41427a973137a1dc91a4baf97aa0cd28,Y,N,Y
D-2026,/Users/wanglifei/Desktop/2026模拟题/必修二_v25续作_20260908/核验/逐卷逆向核查/2026缓存/LOCAL-158_渲染页全文.txt,txt,13981,24094fee004129b8704f6baafce72c5421a1ba521f57217b31e8066572bbec11,Y,N,N
D-2026,/Users/wanglifei/Desktop/2026模拟题/必修二_v25续作_20260908/核验/逐卷逆向核查/2026缓存/LOCAL-159_全文.txt,txt,22697,cc186100078ab2bdad35baaa3bf969d4c5ce3358de786426bfd610da2fbe5d62,Y,N,N
D-2026,/Users/wanglifei/Desktop/2026模拟题/必修二_v25续作_20260908/核验/逐卷逆向核查/2026缓存/LOCAL-160_全文.txt,txt,12030,4899d354017203b5f1d2ff147e3b7a1de0b8d9b5918ce1cb06ccebd93302a772,Y,N,N
D-2026,/Users/wanglifei/Desktop/2026模拟题/必修二_v25续作_20260908/核验/逐卷逆向核查/2026缓存/LOCAL-160_原源渲染/细则.pdf,pdf,532043,8a87c28d3b6ea333a12977907c5f77a9a368b9864b7bf7b2b4f7bc644c287353,Y,N,Y
D-2026,/Users/wanglifei/Desktop/2026模拟题/必修二_v25续作_20260908/核验/逐卷逆向核查/2026缓存/LOCAL-160_渲染页全文.txt,txt,11889,808b73a8d351c8dcfb6e82b887ac6f5a82b9ade3288e04e0644852f80cd26b81,Y,N,N
D-2026,/Users/wanglifei/Desktop/2026模拟题/必修二_v25续作_20260908/核验/逐卷逆向核查/2026缓存/LOCAL-161_全文.txt,txt,26942,4eb159da1f15c365056b6b6a144935c2f0fb3d9d7e307df238cfe4ade8525c3f,Y,N,N
D-2026,/Users/wanglifei/Desktop/2026模拟题/必修二_v25续作_20260908/核验/逐卷逆向核查/2026缓存/LOCAL-162_全文.txt,txt,3959,7f02d54e2d6b0f36a22958fe6cdc13b406e64b236f53cef8bbb8d045b350d295,Y,N,N
D-2026,/Users/wanglifei/Desktop/2026模拟题/必修二_v25续作_20260908/核验/逐卷逆向核查/2026缓存/LOCAL-163_全文.txt,txt,3183,604a4dc1bd10f8cdd95e636a1d368c125b8012e6aed6075a68a6911834978af8,Y,N,N
D-2026,/Users/wanglifei/Desktop/2026模拟题/必修二_v25续作_20260908/核验/逐卷逆向核查/2026缓存/LOCAL-164_全文.txt,txt,2763,c2e92b825e721b63975c7ebf791ca670d310247a69bd7b2c62c011dddf10a7bc,Y,N,N
D-2026,/Users/wanglifei/Desktop/2026模拟题/必修二_v25续作_20260908/核验/逐卷逆向核查/2026缓存/LOCAL-165_全文.txt,txt,1710,68a89c681a6b7745194053fe35ed26761f4779f223ba27d88f5012e4e859db43,Y,N,N
D-2026,/Users/wanglifei/Desktop/2026模拟题/必修二_v25续作_20260908/核验/逐卷逆向核查/2026缓存/LOCAL-166_全文.txt,txt,3177,3d8275fb63e170ad0ca50e3df95c7ac357b154ea61dc1e198bff9940927ab750,Y,N,N
D-2026,/Users/wanglifei/Desktop/2026模拟题/必修二_v25续作_20260908/核验/逐卷逆向核查/2026缓存/LOCAL-167_全文.txt,txt,1301,82f6bb5c767657562267b7b02f63ab3eedbc0e56351adbbf2958f4e2717e074c,Y,N,N
D-2026,/Users/wanglifei/Desktop/2026模拟题/必修二_v25续作_20260908/核验/逐卷逆向核查/2026缓存/LOCAL-168_全文.txt,txt,3472,05f0695720c678fd1013e2c512b267d46f0452561ce72e94af4173bc6d51ff95,Y,N,N
D-2026,/Users/wanglifei/Desktop/2026模拟题/必修二_v25续作_20260908/核验/逐卷逆向核查/2026缓存/LOCAL-169_全文.txt,txt,23892,8ba6239484e55ebd8cbc584b426b399c0f903ec7403eb11d398f39af214153f7,Y,N,N
D-2026,/Users/wanglifei/Desktop/2026模拟题/必修二_v25续作_20260908/核验/逐卷逆向核查/2026缓存/LOCAL-169_原源渲染/2026北京东城高三二模政治（教师版）.pdf,pdf,1237028,e5aa1b6eaa735bb5c054b9752af1f1c63630b6d01714dada174ed142f2b7bdfa,Y,N,N
D-2026,/Users/wanglifei/Desktop/2026模拟题/必修二_v25续作_20260908/核验/逐卷逆向核查/2026缓存/LOCAL-169_渲染页全文.txt,txt,21304,94a6cce7ff49dddd0c178a32d1a4539b77b1c7c92fa415b914efdd2b39d20560,Y,N,N
D-2026,/Users/wanglifei/Desktop/2026模拟题/必修二_v25续作_20260908/核验/逐卷逆向核查/2026缓存/LOCAL-170_全文.txt,txt,36116,4e760e7083a26161359b76e68b07576c251ffd73eb6c3389ad46d4bc948059f3,Y,N,N
D-2026,/Users/wanglifei/Desktop/2026模拟题/必修二_v25续作_20260908/核验/逐卷逆向核查/2026缓存/LOCAL-171_全文.txt,txt,29964,11367878e05bc6f61320f5f646cdec8fbe124e161523e634df2f39f5f51fdba3,Y,N,N
D-2026,/Users/wanglifei/Desktop/2026模拟题/必修二_v25续作_20260908/核验/逐卷逆向核查/2026缓存/LOCAL-172_全文.txt,txt,13331,540032f2d78c52a1dbe3d559ca8d37809f58b4e94f57f4d058b77d744545f52a,Y,N,N
D-2026,/Users/wanglifei/Desktop/2026模拟题/必修二_v25续作_20260908/核验/逐卷逆向核查/2026缓存/LOCAL-172_原源渲染/26房山评标(2).pdf,pdf,347568,e595a3f6a4d508258bcd4318fa6ba0fb54546656966025ee8d4b6274d2445e1a,Y,N,Y
D-2026,/Users/wanglifei/Desktop/2026模拟题/必修二_v25续作_20260908/核验/逐卷逆向核查/2026缓存/LOCAL-172_渲染页全文.txt,txt,11472,04ffec8163ea44c6ad245d54e2c1b1586f45614d9537d49c2e5cec176bffc6c9,Y,N,N
D-2026,/Users/wanglifei/Desktop/2026模拟题/必修二_v25续作_20260908/核验/逐卷逆向核查/2026缓存/LOCAL-173_全文.txt,txt,13331,298e89a52508ffcfd2af3de0bbec401004345f4e35b53ce70604add2a239231b,Y,N,N
D-2026,/Users/wanglifei/Desktop/2026模拟题/必修二_v25续作_20260908/核验/逐卷逆向核查/2026缓存/LOCAL-174_全文.txt,txt,9487,e0b6de607ae50d74524e01399715f82163c0f036f629c08a3206cbf9ce0e585f,Y,N,N
D-2026,/Users/wanglifei/Desktop/2026模拟题/必修二_v25续作_20260908/核验/逐卷逆向核查/2026缓存/LOCAL-175_全文.txt,txt,15970,9b9c6cb024090c22c46c489db8976889e7ef6a13fa0e2262ca7fde440f5fbad6,Y,N,N
D-2026,/Users/wanglifei/Desktop/2026模拟题/必修二_v25续作_20260908/核验/逐卷逆向核查/2026缓存/LOCAL-175_原源渲染/202605朝阳高三政治二模阅卷细则(1).pdf,pdf,457054,fb44a538d44f3474c08676d0b624743939f4b2fc95e77b03fda11e94af33ed87,Y,N,Y
D-2026,/Users/wanglifei/Desktop/2026模拟题/必修二_v25续作_20260908/核验/逐卷逆向核查/2026缓存/LOCAL-175_渲染页全文.txt,txt,14181,c881a436e124fab8fd07202c69d23287c0a5b602c7f09510652e1bd98f48a667,Y,N,N
D-2026,/Users/wanglifei/Desktop/2026模拟题/必修二_v25续作_20260908/核验/逐卷逆向核查/2026缓存/LOCAL-176_全文.txt,txt,46260,3c865f891c7fb044dc1d96576a1fd5519bd8a0360ab726b6997b47cdbccbfdcb,Y,N,N
D-2026,/Users/wanglifei/Desktop/2026模拟题/必修二_v25续作_20260908/核验/逐卷逆向核查/2026缓存/LOCAL-176_原源渲染/2026北京朝阳高三二模政治（教师版）.pdf,pdf,1044970,56970548741b7da8c771b5c87bf3282093a313356e7b803c4b0ef8031f92ff4b,Y,N,N
D-2026,/Users/wanglifei/Desktop/2026模拟题/必修二_v25续作_20260908/核验/逐卷逆向核查/2026缓存/LOCAL-176_渲染页全文.txt,txt,41799,05b0757e459bc21aef2c58aa0fefdf369a837830addfef0d421bd99ae03ed0ce,Y,N,N
D-2026,/Users/wanglifei/Desktop/2026模拟题/必修二_v25续作_20260908/核验/逐卷逆向核查/2026缓存/LOCAL-177_全文.txt,txt,29482,517c9b57cc57afd3bf852bf13249443cac23352a5aa95a816a6106232da98cbb,Y,N,N
D-2026,/Users/wanglifei/Desktop/2026模拟题/必修二_v25续作_20260908/核验/逐卷逆向核查/2026缓存/LOCAL-178_全文.txt,txt,33005,b5affaeb8c84133b315a5ecf4256588f146f88f119f56d9a586d8235ba777bce,Y,N,N
D-2026,/Users/wanglifei/Desktop/2026模拟题/必修二_v25续作_20260908/核验/逐卷逆向核查/2026缓存/LOCAL-178_原源渲染/2026北京海淀高三二模政治（教师版）.pdf,pdf,1459579,28a943c1cb0f0d5aaf2b606b8ca007620810cddbd5de309346d0b63a9589c44a,Y,N,N
D-2026,/Users/wanglifei/Desktop/2026模拟题/必修二_v25续作_20260908/核验/逐卷逆向核查/2026缓存/LOCAL-178_渲染页全文.txt,txt,29965,7dfce12ab424299ec536d71b7c3e41d2ec7f1c186846783c54021673297e4961,Y,N,N
D-2026,/Users/wanglifei/Desktop/2026模拟题/必修二_v25续作_20260908/核验/逐卷逆向核查/2026缓存/LOCAL-179_全文.txt,txt,0,e3b0c44298fc1c149afbf4c8996fb92427ae41e4649b934ca495991b7852b855,Y,N,N
D-2026,/Users/wanglifei/Desktop/2026模拟题/必修二_v25续作_20260908/核验/逐卷逆向核查/2026缓存/LOCAL-179_原源渲染/石景山区高三政治第二次模拟考试答案评分细则(1).pdf,pdf,332406,acb963b87b5b812466e20b900146dd13cc341dd2a209975cadad54d0e9d171c8,Y,N,Y
D-2026,/Users/wanglifei/Desktop/2026模拟题/必修二_v25续作_20260908/核验/逐卷逆向核查/2026缓存/LOCAL-179_渲染页全文.txt,txt,8671,46b8030eae3db3ae461b1014d7b29c9042e9914be5ab255f6f3b09288d5e3ea3,Y,N,N
D-2026,/Users/wanglifei/Desktop/2026模拟题/必修二_v25续作_20260908/核验/逐卷逆向核查/2026缓存/LOCAL-180_全文.txt,txt,29193,de538510fdc45b02c8b4a86459ad0f940eaedcdf2fde1f49c278534080ea3850,Y,N,N
D-2026,/Users/wanglifei/Desktop/2026模拟题/必修二_v25续作_20260908/核验/逐卷逆向核查/2026缓存/LOCAL-180_原源渲染/2026北京石景山高三二模政治（教师版）.pdf,pdf,584205,2c2b4fb2dad687bb887aa8f87a0a4fe33414142d9e83d244022247c4c811df84,Y,N,N
D-2026,/Users/wanglifei/Desktop/2026模拟题/必修二_v25续作_20260908/核验/逐卷逆向核查/2026缓存/LOCAL-180_渲染页全文.txt,txt,26366,f399beb8c7165708cc715e0e39edb4996aee517bb2fd70bf7b8c81c54a404b5a,Y,N,N
D-2026,/Users/wanglifei/Desktop/2026模拟题/必修二_v25续作_20260908/核验/逐卷逆向核查/2026缓存/LOCAL-181_全文.txt,txt,297,14e86514b64b6f71da877ab39a8911c916a09c008e07d27aeeff77ee729c8969,Y,N,N
D-2026,/Users/wanglifei/Desktop/2026模拟题/必修二_v25续作_20260908/核验/逐卷逆向核查/2026缓存/LOCAL-182_全文.txt,txt,26315,27052c4a7a627ed620d4b235e70a155e72d4c8cce041d2556ec9bd40d305830e,Y,N,N
D-2026,/Users/wanglifei/Desktop/2026模拟题/必修二_v25续作_20260908/核验/逐卷逆向核查/2026缓存/LOCAL-182_原源渲染/2026北京西城高三二模政治（教师版）.pdf,pdf,633767,d5cf6bb76c0af9f4c08d43519110c3baae724c760c4d538c0f23efbb1d858d19,Y,N,N
D-2026,/Users/wanglifei/Desktop/2026模拟题/必修二_v25续作_20260908/核验/逐卷逆向核查/2026缓存/LOCAL-182_渲染页全文.txt,txt,23763,b33445c3d8f4a190a45f1e0c9ba8d5da7986e51a94baf3f833a42f0d25cd278b,Y,N,N
D-2026,/Users/wanglifei/Desktop/2026模拟题/必修二_v25续作_20260908/核验/逐卷逆向核查/2026缓存/LOCAL-183_全文.txt,txt,0,e3b0c44298fc1c149afbf4c8996fb92427ae41e4649b934ca495991b7852b855,Y,N,N
D-2026,/Users/wanglifei/Desktop/2026模拟题/必修二_v25续作_20260908/核验/逐卷逆向核查/2026缓存/LOCAL-183_原源渲染/26顺义二模评标.pdf,pdf,418735,cfe9e21faf305dca8c9dda6388c6a043ab7316b1a9fa55cd4268b8d4da07f377,Y,N,Y
D-2026,/Users/wanglifei/Desktop/2026模拟题/必修二_v25续作_20260908/核验/逐卷逆向核查/2026缓存/LOCAL-183_渲染页全文.txt,txt,19329,b2f49ab76678455dbbdbf494bec04f92f999166372cc13d0877b725b4ae408b6,Y,N,N
D-2026,/Users/wanglifei/Desktop/2026模拟题/必修二_v25续作_20260908/核验/逐卷逆向核查/2026缓存/LOCAL-184_全文.txt,txt,253,bcfa52e4cd12638f72509427a5b8b7704b81ec7dd38964960876473645197bf7,Y,N,N
D-2026,/Users/wanglifei/Desktop/2026模拟题/必修二_v25续作_20260908/核验/逐卷逆向核查/2026缓存/LOCAL-186_全文.txt,txt,52498,1296c2f27ebddc51733ebb1dd253cd18a54921cdbb9e3ad16f1946302ff118fd,Y,N,N
D-2026,/Users/wanglifei/Desktop/2026模拟题/必修二_v25续作_20260908/核验/逐卷逆向核查/2026缓存/LOCAL-186_原源渲染/细则.pdf,pdf,41454252,438cb715fad0a5405ec6e1d82d21f13ad8a47a7fd3e163f38a2095ff5eda820d,Y,N,Y
D-2026,/Users/wanglifei/Desktop/2026模拟题/必修二_v25续作_20260908/核验/逐卷逆向核查/2026缓存/LOCAL-186_渲染页全文.txt,txt,52174,6cd7b6307ac2ddb6278a01c004ee4a14e1c0168309fd3b81ae9a37432e284d31,Y,N,N
D-2026,/Users/wanglifei/Desktop/2026模拟题/必修二_v25续作_20260908/核验/逐卷逆向核查/2026缓存/LOCAL-187_全文.txt,txt,21396,2d767d830bc9014ffee2a0d73c02fe65dc5b1d07c5ed80b60d5a703f66031c84,Y,N,N
D-2026,/Users/wanglifei/Desktop/2026模拟题/必修二_v25续作_20260908/核验/逐卷逆向核查/2026缓存/LOCAL-188_全文.txt,txt,26564,365b86d4c42f0def432ccb7975fd7e24f8edec763c834704070e87524e982a1b,Y,N,N
D-2026,/Users/wanglifei/Desktop/2026模拟题/必修二_v25续作_20260908/核验/逐卷逆向核查/2026缓存/LOCAL-189_全文.txt,txt,187,b37b2e00c676e0a5c4f076e081891dbb5bce5a3a7f09493403da69362d67e1b0,Y,N,N
D-2026,/Users/wanglifei/Desktop/2026模拟题/必修二_v25续作_20260908/核验/逐卷逆向核查/2026缓存/LOCAL-190_全文.txt,txt,16073,8a87831110ddf751b698f96941378dfb01ec0814ee95e0d64fb23e69652073ec,Y,N,N
D-2026,/Users/wanglifei/Desktop/2026模拟题/必修二_v25续作_20260908/核验/逐卷逆向核查/2026缓存/LOCAL-190_原源渲染/细则.pdf,pdf,352629,1ca1c01cae147742ac67c0d4a4c4f9c862f341d7772916915e086cc5623e5a48,Y,N,Y
D-2026,/Users/wanglifei/Desktop/2026模拟题/必修二_v25续作_20260908/核验/逐卷逆向核查/2026缓存/LOCAL-190_渲染页全文.txt,txt,13796,f81b309b1687f5639b54d9bba509d0f61dd470e3fa4e17664b7be4ff430ce05e,Y,N,N
D-2026,/Users/wanglifei/Desktop/2026模拟题/必修二_v25续作_20260908/核验/逐卷逆向核查/2026缓存/LOCAL-191_全文.txt,txt,16073,daf8d20739adcc973192d98b34ada0df00a0419e37393e45296e1ad93a07b2ed,Y,N,N
D-2026,/Users/wanglifei/Desktop/2026模拟题/必修二_v25续作_20260908/核验/逐卷逆向核查/2026缓存/LOCAL-192_全文.txt,txt,22416,619ca24f209757b60d4948490366b753476531c18f05c4fbe2a4e8996cbb9893,Y,N,N
D-2026,/Users/wanglifei/Desktop/2026模拟题/必修二_v25续作_20260908/核验/逐卷逆向核查/2026缓存/LOCAL-193_全文.txt,txt,82,d6569d09bf96543d9493a4027d7bca334106f74120c8c4cb5cad19233ae11397,Y,N,N
D-2026,/Users/wanglifei/Desktop/2026模拟题/必修二_v25续作_20260908/核验/逐卷逆向核查/2026缓存/LOCAL-194_全文.txt,txt,166,ce4e7e73a0d76f21a9039c70b6e8505405b7ed4ae7032e5493794ec2a86e605f,Y,N,N
D-2026,/Users/wanglifei/Desktop/2026模拟题/必修二_v25续作_20260908/核验/逐卷逆向核查/2026缓存/LOCAL-195_全文.txt,txt,2351,460aa332897418b3056e83acf6c020f71ce2008265b1bb5cf0892d7097658f52,Y,N,N
D-2026,/Users/wanglifei/Desktop/2026模拟题/必修二_v25续作_20260908/核验/逐卷逆向核查/2026缓存/LOCAL-196_全文.txt,txt,28639,474dee6910e49f41d313194cf2e8804ced9b26e3bc9b031496c9a4f8f3aadfa6,Y,N,N
D-2026,/Users/wanglifei/Desktop/2026模拟题/必修二_v25续作_20260908/核验/逐卷逆向核查/2026缓存/LOCAL-196_原源渲染/试卷.pdf,pdf,658044,1c1bf7d78f2325ccdac21a9526664cdb1d1278d5d6ca84d9481ecd1c3bd11f28,Y,N,Y
D-2026,/Users/wanglifei/Desktop/2026模拟题/必修二_v25续作_20260908/核验/逐卷逆向核查/2026缓存/LOCAL-196_渲染页全文.txt,txt,25403,8feb52586f8454d6779773418a358af6befc1b36a5fed685a38406ee42c4a68f,Y,N,N
D-2026,/Users/wanglifei/Desktop/2026模拟题/必修二_v25续作_20260908/核验/逐卷逆向核查/2026缓存/LOCAL-197_全文.txt,txt,4666,9bbb111d8976b98e317c4eb0e43045ecbe6c9385f96dc0631b300d0ed1817506,Y,N,N
D-2026,/Users/wanglifei/Desktop/2026模拟题/必修二_v25续作_20260908/核验/逐卷逆向核查/2026缓存/LOCAL-198_全文.txt,txt,5019,30ec6f6127fcb1d61b099a97406ac95d78f9aee26426a92e599a601f758406b7,Y,N,N
D-2026,/Users/wanglifei/Desktop/2026模拟题/必修二_v25续作_20260908/核验/逐卷逆向核查/2026缓存/LOCAL-199_全文.txt,txt,103,0fe36fdf4dc9de2df152851b55cfed341290084b972d2addb14b8abfa7c5d383,Y,N,N
D-2026,/Users/wanglifei/Desktop/2026模拟题/必修二_v25续作_20260908/核验/逐卷逆向核查/2026缓存/LOCAL-200_全文.txt,txt,2585,cb5882921ecbfee6ae0bf19eeaf83cd35bd38c131dd44855adfa36ee6a282bec,Y,N,N
D-2026,/Users/wanglifei/Desktop/2026模拟题/必修二_v25续作_20260908/核验/逐卷逆向核查/2026缓存/LOCAL-201_全文.txt,txt,8237,9d30bbcd9efc0999f720ecddafbbde73063be4bebd4ebcac66a4d735db93562d,Y,N,N
D-2026,/Users/wanglifei/Desktop/2026模拟题/必修二_v25续作_20260908/核验/逐卷逆向核查/2026缓存/LOCAL-202_全文.txt,txt,8237,16fa420ee995247ad717d30aad33872b6f84a7ee79bfdc7421bc843e83ccc207,Y,N,N
D-2026,/Users/wanglifei/Desktop/2026模拟题/必修二_v25续作_20260908/核验/逐卷逆向核查/2026缓存/LOCAL-203_全文.txt,txt,19907,6404dd6d5d3679a3645d6cbdc1a517abda51aca2696e705368482a382772d4af,Y,N,N
D-2026,/Users/wanglifei/Desktop/2026模拟题/必修二_v25续作_20260908/核验/逐卷逆向核查/2026缓存/LOCAL-203_原源渲染/细则.pdf,pdf,1580585,6767fa16b03d63c49804254395435cbd950b1b80c4fb343b8c673cf1f2654c57,Y,N,Y
D-2026,/Users/wanglifei/Desktop/2026模拟题/必修二_v25续作_20260908/核验/逐卷逆向核查/2026缓存/LOCAL-203_渲染页全文.txt,txt,20353,7eb7e707ada565e0c526a4642c5e27d25c69b9c63f0c5bf28e761e8ab20b4f3f,Y,N,N
D-2026,/Users/wanglifei/Desktop/2026模拟题/必修二_v25续作_20260908/核验/逐卷逆向核查/2026缓存/LOCAL-204_全文.txt,txt,23232,865b28ac8ee132ed7acdee70f1cbecdda3deaa80b5e1a59e47b82fc3d1834e4c,Y,N,N
D-2026,/Users/wanglifei/Desktop/2026模拟题/必修二_v25续作_20260908/核验/逐卷逆向核查/2026缓存/LOCAL-205_全文.txt,txt,4372,4d6d8d987b04e21f6e7cddc5eda904cecbf2342bcdfdf63355679f2f91927863,Y,N,N
D-2026,/Users/wanglifei/Desktop/2026模拟题/必修二_v25续作_20260908/核验/逐卷逆向核查/覆盖映射_运行摘要.txt,txt,5051,29b9dd7741760e1d21e8ba7a6ad7ea21808aca9e1ee67e8c58c146ef322bc29b,Y,N,N
D-2026,/Users/wanglifei/Desktop/2026模拟题/必修二_v25续作_20260908/核验/逐卷逆向核查/高考与2024缓存/LOCAL-008_render/细则.pdf,pdf,11023705,c0c3644f11a9f0edeb8b678f6595d35d6dfbda6a1010c4f3a0a09f45069b60d2,Y,N,Y
D-2026,/Users/wanglifei/Desktop/2026模拟题/必修二_v25续作_20260908/核验/逐卷逆向核查/高考与2024缓存/LOCAL-009_全文.txt,txt,19,d479af6b09b379bc3f7ebe08181679fe164b65f2cbd554cbec01b36612aaf172,Y,N,N
D-2026,/Users/wanglifei/Desktop/2026模拟题/必修二_v25续作_20260908/核验/逐卷逆向核查/高考与2024缓存/LOCAL-010_全文.txt,txt,253,64a99f4ef1af6d46627c78cb86a5a3bbebd57d8e81312f56b6ebaeaa8b206898,Y,N,N
D-2026,/Users/wanglifei/Desktop/2026模拟题/必修二_v25续作_20260908/核验/逐卷逆向核查/高考与2024缓存/LOCAL-013_render/细则.pdf,pdf,200970,8ae379b866501d8dd85010af489cbfe5c3f48b8f915b296cbfbc5382e4a933e8,Y,N,Y
D-2026,/Users/wanglifei/Desktop/2026模拟题/必修二_v25续作_20260908/核验/逐卷逆向核查/高考与2024缓存/LOCAL-013_全文.txt,txt,5289,cb3ceb9d91eef98e8a0aca53a877bc868d20a4a0fe62149921931293968cf0d4,Y,N,N
D-2026,/Users/wanglifei/Desktop/2026模拟题/必修二_v25续作_20260908/核验/逐卷逆向核查/高考与2024缓存/LOCAL-014_全文.txt,txt,19350,18f82fbd955c5e0379ed87381d3823de54acc7da3b3930b687d6b78ef43f9f7b,Y,N,N
D-2026,/Users/wanglifei/Desktop/2026模拟题/必修二_v25续作_20260908/核验/逐卷逆向核查/高考与2024缓存/LOCAL-015_全文.txt,txt,16250,30ed97f9d69751b028df9d4a3bb076e2a5e44f3c3c1b61b1694032d8700f5811,Y,N,N
D-2026,/Users/wanglifei/Desktop/2026模拟题/必修二_v25续作_20260908/核验/逐卷逆向核查/高考与2024缓存/LOCAL-016_render/细则.pdf,pdf,193837,c5f944e6142c622be202d0f884ff5640bb1f9f66bc9989b6f2bd90ffe130eada,Y,N,Y
D-2026,/Users/wanglifei/Desktop/2026模拟题/必修二_v25续作_20260908/核验/逐卷逆向核查/高考与2024缓存/LOCAL-016_全文.txt,txt,4956,4a9745fcc7a1ce2c399a8f42acfa28d859631507798e2dd4714b17e11a4091cc,Y,N,N
D-2026,/Users/wanglifei/Desktop/2026模拟题/必修二_v25续作_20260908/核验/逐卷逆向核查/高考与2024缓存/LOCAL-017_全文.txt,txt,22978,f10db269341546269a603da0861fb1ba8689f90a4096fefba5fffcbad38a61ee,Y,N,N
D-2026,/Users/wanglifei/Desktop/2026模拟题/必修二_v25续作_20260908/核验/逐卷逆向核查/高考与2024缓存/LOCAL-018_render/细则.pdf,pdf,392951,995da79394e84126b258d89c4d879d59a87e102b2cb5988e952a4501147b16c9,Y,N,Y
D-2026,/Users/wanglifei/Desktop/2026模拟题/必修二_v25续作_20260908/核验/逐卷逆向核查/高考与2024缓存/LOCAL-018_全文.txt,txt,14917,77e9bb8601efce09fb53b1f8d847432a1e8d6287c3bad71457eb3d3553d779bf,Y,N,N
D-2026,/Users/wanglifei/Desktop/2026模拟题/必修二_v25续作_20260908/核验/逐卷逆向核查/高考与2024缓存/LOCAL-022_全文.txt,txt,20496,779d1337961280f0bbe2ff544f2cddb4f367dc403296a2582c1d484d702b3301,Y,N,N
D-2026,/Users/wanglifei/Desktop/2026模拟题/必修二_v25续作_20260908/核验/逐卷逆向核查/高考与2024缓存/LOCAL-023_render/细则.pdf,pdf,393570,d17f527201a3341af4488c836a5b1569101af7af10d1fa542de34e16cbc49e18,Y,N,Y
D-2026,/Users/wanglifei/Desktop/2026模拟题/必修二_v25续作_20260908/核验/逐卷逆向核查/高考与2024缓存/LOCAL-023_全文.txt,txt,8583,bfabcdb4ed6793154aaa17e5c178a52eb25a21f09fb7c080f4dbd6a2ef1aae12,Y,N,N
D-2026,/Users/wanglifei/Desktop/2026模拟题/必修二_v25续作_20260908/核验/逐卷逆向核查/高考与2024缓存/LOCAL-025_全文.txt,txt,23304,eaee0b8b09d1b2a8c3f95c8737ee10452e3a0059b801b4901fcd994a65b913fb,Y,N,N
D-2026,/Users/wanglifei/Desktop/2026模拟题/必修二_v25续作_20260908/核验/逐卷逆向核查/高考与2024缓存/LOCAL-028_render/16题二模阅卷总结.pdf,pdf,819073,cd04e71e0996f72d098e29a1c690aa94956be2430e24e35e5b5bace8763c6165,Y,N,Y
D-2026,/Users/wanglifei/Desktop/2026模拟题/必修二_v25续作_20260908/核验/逐卷逆向核查/高考与2024缓存/LOCAL-028_全文.txt,txt,4578,df27fe82d3cdc0082097c55a57610d553fb2f746147a2229cda7b31344ca0bec,Y,N,N
D-2026,/Users/wanglifei/Desktop/2026模拟题/必修二_v25续作_20260908/核验/逐卷逆向核查/高考与2024缓存/LOCAL-030_render/17(1).pdf,pdf,701090,0ad36ebca61deca6fcadaf04d02638ec8285a2f65bd77b1abd9849120edac2b6,Y,N,N
D-2026,/Users/wanglifei/Desktop/2026模拟题/必修二_v25续作_20260908/核验/逐卷逆向核查/高考与2024缓存/LOCAL-030_全文.txt,txt,2384,e5e94d37a8d82acdfaa8e72c3e0797dee225ca404364fa74319b0a9af84b9eed,Y,N,N
D-2026,/Users/wanglifei/Desktop/2026模拟题/必修二_v25续作_20260908/核验/逐卷逆向核查/高考与2024缓存/LOCAL-031_render/17-2.pdf,pdf,673752,1d26a5d5f836b92b6c88303e99ecbc46ff1872fc0fc0461d788cd3323e2b8c5e,Y,N,N
D-2026,/Users/wanglifei/Desktop/2026模拟题/必修二_v25续作_20260908/核验/逐卷逆向核查/高考与2024缓存/LOCAL-031_全文.txt,txt,3365,bb431414b954a88bef03870bc05f146bc45c2c39a7ff007f433dc4c8aa2da5db,Y,N,N
D-2026,/Users/wanglifei/Desktop/2026模拟题/必修二_v25续作_20260908/核验/逐卷逆向核查/高考与2024缓存/LOCAL-032_render/18(1).pdf,pdf,1124676,cbc396d293f4d1c77ede8d7ae71f6dabc1fabd87bc8f7d892b764146bdecb6fe,Y,N,N
D-2026,/Users/wanglifei/Desktop/2026模拟题/必修二_v25续作_20260908/核验/逐卷逆向核查/高考与2024缓存/LOCAL-032_全文.txt,txt,3373,6304eaa64090b71dd9e21017889223d1d31fbde45d8a10a81d512e18a3a2705b,Y,N,N
D-2026,/Users/wanglifei/Desktop/2026模拟题/必修二_v25续作_20260908/核验/逐卷逆向核查/高考与2024缓存/LOCAL-033_render/18（2）.pdf,pdf,1258688,7c4a16ff43824d259cf671aac997424c48224094519564e0f67432627df77e30,Y,N,N
D-2026,/Users/wanglifei/Desktop/2026模拟题/必修二_v25续作_20260908/核验/逐卷逆向核查/高考与2024缓存/LOCAL-033_全文.txt,txt,5710,62958717929eb51db88e5d7326a79800347c43caf7c4b2f205dd8067b121513a,Y,N,N
D-2026,/Users/wanglifei/Desktop/2026模拟题/必修二_v25续作_20260908/核验/逐卷逆向核查/高考与2024缓存/LOCAL-034_render/19（1）.pdf,pdf,927756,1a5a7703cccf704f5fd2a7c411daf0b1b63ff1a473ef36680dadf1542d98e711,Y,N,N
D-2026,/Users/wanglifei/Desktop/2026模拟题/必修二_v25续作_20260908/核验/逐卷逆向核查/高考与2024缓存/LOCAL-034_全文.txt,txt,4452,2cb28a3d68e194cdbd21bb9259dd7140bf5dbe2e683be868716fdb53b0e236df,Y,N,N
D-2026,/Users/wanglifei/Desktop/2026模拟题/必修二_v25续作_20260908/核验/逐卷逆向核查/高考与2024缓存/LOCAL-035_render/19（2）.pdf,pdf,89801,0a928102bc3b92b4c9494c05881cd353177f77fb0bb241a490025774ff42b7dc,Y,N,N
D-2026,/Users/wanglifei/Desktop/2026模拟题/必修二_v25续作_20260908/核验/逐卷逆向核查/高考与2024缓存/LOCAL-035_全文.txt,txt,1707,588c282cbb71c01bb218a68b7dd766fd6afa550e0ecb3a23bf4787641ffebf00,Y,N,N
D-2026,/Users/wanglifei/Desktop/2026模拟题/必修二_v25续作_20260908/核验/逐卷逆向核查/高考与2024缓存/LOCAL-036_render/20小题二模阅卷总结.pdf,pdf,752546,80f0f0561412b1078a29b3d4808eb06be2c94d09a59ffab779ecf1bd056405bc,Y,N,Y
D-2026,/Users/wanglifei/Desktop/2026模拟题/必修二_v25续作_20260908/核验/逐卷逆向核查/高考与2024缓存/LOCAL-036_全文.txt,txt,2223,79e9084253dd7a6489d2d94e91f41d21d1e8692dc1e717f2e127275abdca9c4e,Y,N,N
D-2026,/Users/wanglifei/Desktop/2026模拟题/必修二_v25续作_20260908/核验/逐卷逆向核查/高考与2024缓存/LOCAL-037_render/21.pdf,pdf,653216,93fdae3755ee009d0ceb55d80ce6676f656e5922e68150d2d4c834e74cd30467,Y,N,N
D-2026,/Users/wanglifei/Desktop/2026模拟题/必修二_v25续作_20260908/核验/逐卷逆向核查/高考与2024缓存/LOCAL-037_全文.txt,txt,3463,c5ca1d0f0da47477f8686a0db9df43275053bf57961c60af02c9e11d3f144cb9,Y,N,N
D-2026,/Users/wanglifei/Desktop/2026模拟题/必修二_v25续作_20260908/核验/逐卷逆向核查/高考与2024缓存/LOCAL-039_全文.txt,txt,19,d479af6b09b379bc3f7ebe08181679fe164b65f2cbd554cbec01b36612aaf172,Y,N,N
D-2026,/Users/wanglifei/Desktop/2026模拟题/必修二_v25续作_20260908/核验/逐卷逆向核查/高考与2024缓存/LOCAL-040_全文.txt,txt,253,64a99f4ef1af6d46627c78cb86a5a3bbebd57d8e81312f56b6ebaeaa8b206898,Y,N,N
D-2026,/Users/wanglifei/Desktop/2026模拟题/必修二_v25续作_20260908/核验/逐卷逆向核查/高考与2024缓存/LOCAL-041_render/细则.pdf,pdf,282253,3ed044cd72edb39f2bc1bae79d12da9b0eb6153978327a9b36b56b3a1983a974,Y,N,Y
D-2026,/Users/wanglifei/Desktop/2026模拟题/必修二_v25续作_20260908/核验/逐卷逆向核查/高考与2024缓存/LOCAL-041_全文.txt,txt,13419,2ba7014bce22794f6ba0e522e7dfdf1677f4d1ac6da2965e01f50ab1f4e5f255,Y,N,N
D-2026,/Users/wanglifei/Desktop/2026模拟题/必修二_v25续作_20260908/核验/逐卷逆向核查/高考与2024缓存/LOCAL-042_全文.txt,txt,24130,b74cfc64aabf2ee5d8a1b2ecf071525b989d66417be3e0a913600b4992ca0411,Y,N,N
D-2026,/Users/wanglifei/Desktop/2026模拟题/必修二_v25续作_20260908/核验/逐卷逆向核查/高考与2024缓存/LOCAL-043_全文.txt,txt,2781,57feb3694fb9789b9d1a425ae784963e818200c2cdf4b3d1709ae71bf70b75aa,Y,N,N
D-2026,/Users/wanglifei/Desktop/2026模拟题/必修二_v25续作_20260908/核验/逐卷逆向核查/高考与2024缓存/LOCAL-044_render/细则.pdf,pdf,281196,ab2a15281055d6fcbd76d73647fbf02f36e45b8ab14bab818457ab4a0d237650,Y,N,Y
D-2026,/Users/wanglifei/Desktop/2026模拟题/必修二_v25续作_20260908/核验/逐卷逆向核查/高考与2024缓存/LOCAL-044_全文.txt,txt,11125,788cf078fbaf3205616aa5fed9b2635926601ccb4e4742dff3e5b1d11cc4c081,Y,N,N
D-2026,/Users/wanglifei/Desktop/2026模拟题/必修二_v25续作_20260908/核验/逐卷逆向核查/高考与2024缓存/LOCAL-045_全文.txt,txt,166,3195b4b1837f2e270566f0df412b460715b217ea5854b792174ea8c1a4229da3,Y,N,N
D-2026,/Users/wanglifei/Desktop/2026模拟题/必修二_v25续作_20260908/核验/逐卷逆向核查/高考与2024缓存/LOCAL-048_render/细则.pdf,pdf,960330,1b888ea7cbb6dbf471a9e9867d8e850fc93365fbcddb3c863fddb560e83667ad,Y,N,Y
D-2026,/Users/wanglifei/Desktop/2026模拟题/必修二_v25续作_20260908/核验/逐卷逆向核查/高考与2024缓存/LOCAL-048_全文.txt,txt,7950,7d951c07e551e3a8906a83baaf40242ff01b3a95047676da8609cc663072e63a,Y,N,N
D-2026,/Users/wanglifei/Desktop/2026模拟题/必修二_v25续作_20260908/核验/逐卷逆向核查/高考与2024缓存/LOCAL-049_render/高三二模：政治答案(2).pdf,pdf,198497,2534e5e03f29ce8b5148b0a24d555ea8eeb17adbb26319722c96778f25683a7b,Y,N,Y
D-2026,/Users/wanglifei/Desktop/2026模拟题/必修二_v25续作_20260908/核验/逐卷逆向核查/高考与2024缓存/LOCAL-049_全文.txt,txt,4553,b785ec8122d9ac6a81c8f2ce5214edfe482d25f1433679ba73e5576cd94d9ea2,Y,N,N
D-2026,/Users/wanglifei/Desktop/2026模拟题/必修二_v25续作_20260908/核验/逐卷逆向核查/高考与2024缓存/LOCAL-051_全文.txt,txt,21598,f49f7a17a04726c0dac81a2638d97ef13c2f6a1415645c5d1382fe32d6e14f7d,Y,N,N
D-2026,/Users/wanglifei/Desktop/2026模拟题/必修二_v25续作_20260908/核验/逐卷逆向核查/高考与2024缓存/LOCAL-052_render/细则.pdf,pdf,6917949,ab3a19b4043c0f5dcb12726d8f9242ab602acec7dd1e310b1e09fb1e5ec59315,Y,N,Y
D-2026,/Users/wanglifei/Desktop/2026模拟题/必修二_v25续作_20260908/核验/逐卷逆向核查/高考与2024缓存/LOCAL-053_render/试卷.pdf,pdf,661686,29b7ab68b50281932dbfd0cb47a8683572b83eb4f0859e28e7814ed425cec226,Y,N,Y
D-2026,/Users/wanglifei/Desktop/2026模拟题/必修二_v25续作_20260908/核验/逐卷逆向核查/高考与2024缓存/LOCAL-053_全文.txt,txt,24356,fbc27979b2a23bc315536883472b37359609415d3f8b0c82ae795ca8438aabbf,Y,N,N
D-2026,/Users/wanglifei/Desktop/2026模拟题/必修二_v25续作_20260908/核验/逐卷逆向核查/高考与2024缓存/LOCAL-055_render/细则.pdf,pdf,304102,ebc86bf7dd7007aed482d401fc3dbda3d67d2d493a70049328fc815e31b76ada,Y,N,Y
D-2026,/Users/wanglifei/Desktop/2026模拟题/必修二_v25续作_20260908/核验/逐卷逆向核查/高考与2024缓存/LOCAL-055_全文.txt,txt,9663,8bd82200f9e480fe6a55c32c525835ddcaab99b13e5403338f8cc6f1316429d1,Y,N,N
D-2026,/Users/wanglifei/Desktop/2026模拟题/必修二_v25续作_20260908/核验/逐卷逆向核查/高考与2024缓存/LOCAL-058_render/试卷.pdf,pdf,934797,bc44a1e69cbd241effbfb4fc227f4fc42a80e91e67943acac0e92cbb1e1b70fa,Y,N,Y
D-2026,/Users/wanglifei/Desktop/2026模拟题/必修二_v25续作_20260908/核验/逐卷逆向核查/高考与2024缓存/LOCAL-058_全文.txt,txt,19677,46b4644f495dbe28a84f63e92483bdfc7d3dbcec41be75ef04eae5e596796630,Y,N,N
D-2026,/Users/wanglifei/Desktop/2026模拟题/必修二_v25续作_20260908/核验/逐卷逆向核查/高考与2024缓存/LOCAL-061_render/细则.pdf,pdf,332584,167d8d870068c05672a0763f71949c3f4fcb551e6d804cbbdf4c1cf7cf5b9825,Y,N,Y
D-2026,/Users/wanglifei/Desktop/2026模拟题/必修二_v25续作_20260908/核验/逐卷逆向核查/高考与2024缓存/LOCAL-061_全文.txt,txt,11114,56659a0be6dbbbe96d2c4e3cc897f3485c4d413667368f1bbeeaf17bd22ebb1a,Y,N,N
D-2026,/Users/wanglifei/Desktop/2026模拟题/必修二_v25续作_20260908/核验/逐卷逆向核查/高考与2024缓存/LOCAL-062_render/高三模拟测试思想政治答案.pdf,pdf,208749,3611c7de8a2ff8b726a31d568da45b140de5beaea9b383535c402503aaf3465c,Y,N,Y
D-2026,/Users/wanglifei/Desktop/2026模拟题/必修二_v25续作_20260908/核验/逐卷逆向核查/高考与2024缓存/LOCAL-062_全文.txt,txt,5800,9c3d73de26690a1562c17226e96e8888291c4fa22c80ae781b75d3028791ca16,Y,N,N
D-2026,/Users/wanglifei/Desktop/2026模拟题/必修二_v25续作_20260908/核验/逐卷逆向核查/高考与2024缓存/LOCAL-064_render/试卷.pdf,pdf,704366,1a1f84a38b4200a454f73d6f7607396d4cf55e348627c1970447ab6e5ab799d4,Y,N,Y
D-2026,/Users/wanglifei/Desktop/2026模拟题/必修二_v25续作_20260908/核验/逐卷逆向核查/高考与2024缓存/LOCAL-064_全文.txt,txt,20161,8fe18a6dbfcee3e08e2d05c0ea7c4f5af0a5fe3104c04d80ee7a487b7d350dbf,Y,N,N
D-2026,/Users/wanglifei/Desktop/2026模拟题/必修二_v25续作_20260908/核验/逐卷逆向核查/高考与2024缓存/LOCAL-065_render/细则.pdf,pdf,201328,38c7cad6adfb224a6a425c6b7a5123f26ff29d369920638d6f25efe8c3d03512,Y,N,Y
D-2026,/Users/wanglifei/Desktop/2026模拟题/必修二_v25续作_20260908/核验/逐卷逆向核查/高考与2024缓存/LOCAL-065_全文.txt,txt,6389,b963a8a384656c603748db6b174c6d5542693675e583278b3a434fc48bbd17ab,Y,N,N
D-2026,/Users/wanglifei/Desktop/2026模拟题/必修二_v25续作_20260908/核验/逐卷逆向核查/高考与2024缓存/LOCAL-066_render/试卷.pdf,pdf,1211560,5f663f120d66a2cb490510de307e0361bc5940c5d0945c78e858b83c35258cfa,Y,N,Y
D-2026,/Users/wanglifei/Desktop/2026模拟题/必修二_v25续作_20260908/核验/逐卷逆向核查/高考与2024缓存/LOCAL-066_全文.txt,txt,20287,eee31aca2d05ef74c598391af0033a6fadb8edc0657a86c9cf29f933d359edc3,Y,N,N
D-2026,/Users/wanglifei/Desktop/2026模拟题/必修二_v25续作_20260908/核验/逐卷逆向核查/高考与2024缓存/LOCAL-153_render/细则.pdf,pdf,296600,7b78b140a8f2903d7d173de56d3c1801b93fe8e14db785060dd3317b1b472abd,Y,N,Y
D-2026,/Users/wanglifei/Desktop/2026模拟题/必修二_v25续作_20260908/核验/逐卷逆向核查/高考与2024缓存/LOCAL-153_全文.txt,txt,7336,78ca54c34b2f0b8f3f6289f33aa9357de2e19698f55431b25b8bf9af67224872,Y,N,N
D-2026,/Users/wanglifei/Desktop/2026模拟题/必修二_v25续作_20260908/核验/逐卷逆向核查/高考与2024缓存/LOCAL-206_全文.txt,txt,12099,226727e3af154afcc112fc17d7e9af1762dad9ae778985ccce0d42671c6a0038,Y,N,N
D-2026,/Users/wanglifei/Desktop/2026模拟题/必修二_v25续作_20260908/核验/逐卷逆向核查/高考与2024缓存/LOCAL-207_全文.txt,txt,49704,d43285d94ec769d3bf2dbd18b02bb91cfcd52bc2554d79c7f4eb7587f1511bf4,Y,N,N
D-2026,/Users/wanglifei/Desktop/2026模拟题/必修二_v25续作_20260908/核验/逐卷逆向核查/高考与2024缓存/LOCAL-208_全文.txt,txt,22875,318b620597abd8e71e3eba63e569fd7219d0208cb2888b1ce785586df2708566,Y,N,N
D-2026,/Users/wanglifei/Desktop/2026模拟题/必修二_v25续作_20260908/核验/逐卷逆向核查/高考与2024缓存/LOCAL-209_全文.txt,txt,26557,aa1a1c0ea10a44c7a282ac99cd043a3660dff99b86b448817cfa6a55179bc34a,Y,N,N
D-2026,/Users/wanglifei/Desktop/2026模拟题/必修二_v25续作_20260908/核验/逐卷逆向核查/高考与2024缓存/LOCAL-210_全文.txt,txt,60488,cf2f8012a485056b27aa337e680f5c1c2a2bf3887b5c4b95f2e63c5b99bbe650,Y,N,N
D-2026,/Users/wanglifei/Desktop/2026模拟题/必修二_v25续作_20260908/核验/逐卷逆向核查/高考与2024缓存/LOCAL-211_全文.txt,txt,17460,72b20961fc76893411955a016f502b906aacb123288f7487e22ca034192d663e,Y,N,N
D-2026,/Users/wanglifei/Desktop/2026模拟题/必修二_v25续作_20260908/核验/逐卷逆向核查/高考与2024缓存/LOCAL-216_全文.txt,txt,2591,45938d5398aa354e0a37abc2029e844a19ed0934e2ff268be8f552ebb074567c,Y,N,N
D-2026,/Users/wanglifei/Desktop/2026模拟题/必修二_v25续作_20260908/核验/逐卷逆向核查/高考与2024缓存/LOCAL-217_全文.txt,txt,949,434afd19ab96e0339af8ab45e6081614ccc146bd0fb871da4ac5f752ac561429,Y,N,N
D-2026,/Users/wanglifei/Desktop/2026模拟题/必修二_v25续作_20260908/核验/逐卷逆向核查/高考与2024缓存/LOCAL-218_全文.txt,txt,2507,4dbb84622be0201b7cbd647b25e3dc93085f9998ec9164e37ff1d9472967faf9,Y,N,N
D-2026,/Users/wanglifei/Desktop/2026模拟题/必修二_v25续作_20260908/核验/逐卷逆向核查/高考与2024缓存/LOCAL-219_全文.txt,txt,21908,e15aea59379d6658af08fbd8c6ddd26913ff0d6fd3caf270362b995dbb1b15ea,Y,N,N
D-2026,/Users/wanglifei/Desktop/2026模拟题/必修二_v25续作_20260908/核验/逐卷逆向核查/高考与2024缓存/LOCAL-220_全文.txt,txt,19066,d0d0574cd236aa9809a5e6369114280464569742b1c5298b46730da02710678b,Y,N,N
D-2026,/Users/wanglifei/Desktop/2026模拟题/必修二_v25续作_20260908/核验/逐卷逆向核查/高考与2024缓存/LOCAL-221_全文.txt,txt,42193,e5249724c5151b29f43736655cf4a885227015eea9033a8841fe4319cbde60f4,Y,N,N
D-2026,/Users/wanglifei/Desktop/2026模拟题/必修二_v25续作_20260908/核验/逐卷逆向核查/高考与2024缓存/LOCAL-222_全文.txt,txt,20484,533cd036ee183824e8b589375f2d826a95c4dbf927e25632f0c02ee573aef053,Y,N,N
D-2026,/Users/wanglifei/Desktop/2026模拟题/必修二_v25续作_20260908/核验/逐卷逆向核查/高考与2024缓存/LOCAL-223_全文.txt,txt,16922,c38b3e153a0a5cf02b9dc359c96280db630afe401fa94c4a85f03d7d876687db,Y,N,N
D-2026,/Users/wanglifei/Desktop/2026模拟题/必修二_v25续作_20260908/核验/逐卷逆向核查/高考与2024缓存/LOCAL-224_全文.txt,txt,63951,8e628c0ab5e5c01794221213893e497861de6d231b9ef2ed170de32b7cc5ed70,Y,N,N
D-2026,/Users/wanglifei/Desktop/2026模拟题/必修二_v25续作_20260908/核验/逐卷逆向核查/高考与2024缓存/LOCAL-225_全文.txt,txt,4596,3455adcc5e908270acb7005bc2ff5959227e718e48c0f64aa8ac577dee017add,Y,N,N
D-2026,/Users/wanglifei/Desktop/2026模拟题/必修二_v25续作_20260908/核验/逐卷逆向核查/高考与2024缓存/LOCAL-226_全文.txt,txt,19032,2a133aa4b13724a0e0773fd04628407dc9484fbf1ce027274a99ef019907002b,Y,N,N
D-2026,/Users/wanglifei/Desktop/2026模拟题/必修二_v25续作_20260908/渲染/修订11日志.txt,txt,836,d3b82bcd4d3c42648e89e16253be804ceb22f80e77d23cf5bf9376657a3bbac0,Y,N,N
D-2026,/Users/wanglifei/Desktop/2026模拟题/必修二_v25续作_20260908/渲染/修订12日志.txt,txt,836,5d4340186db3886ac712486c85244e44f084d41037242c74167367e0aa94e114,Y,N,N
D-2026,/Users/wanglifei/Desktop/2026模拟题/必修二_v25续作_20260908/渲染/修订13日志.txt,txt,836,e0b8babf171b74b7d29731cefe35b16298edabfdbc42157e6e336aa0a74a075c,Y,N,N
D-2026,/Users/wanglifei/Desktop/2026模拟题/必修二_v25续作_20260908/渲染/修订14日志.txt,txt,836,7be460dc2bb36a32a33f77b9ad12a5e91898d5740ee6cfca2fbbb8c03717e217,Y,N,N
D-2026,/Users/wanglifei/Desktop/2026模拟题/必修二_v25续作_20260908/渲染/修订15日志.txt,txt,836,5aba70c98d22063fef62a7f36b84ecab57a282a710c2cfd0732b5e8a8525be07,Y,N,N
D-2026,/Users/wanglifei/Desktop/2026模拟题/必修二_v25续作_20260908/渲染/修订16日志.txt,txt,836,2380c1434f5f34379a623927725ea2de973427350d4771bcf95e30ceb22e631c,Y,N,N
D-2026,/Users/wanglifei/Desktop/2026模拟题/必修二_v25续作_20260908/渲染/修订17日志.txt,txt,836,8efe6fc679ea96d259a6e7c3bc08fa56ff17e1f991f4c6046be100669e57f0b6,Y,N,N
D-2026,/Users/wanglifei/Desktop/2026模拟题/必修二_v25续作_20260908/渲染/修订18日志.txt,txt,836,2e78f4773d5095d428366daffbe12740ed7bf72296b2841c40734e9210cf2790,Y,N,N
D-2026,/Users/wanglifei/Desktop/2026模拟题/必修二_v25续作_20260908/渲染/修订19日志.txt,txt,836,0e0398ea2696e6ae361b3e4d4387c7bca4e60a01d5d7122950e01a5f184e507c,Y,N,N
D-2026,/Users/wanglifei/Desktop/2026模拟题/必修二_v25续作_20260908/渲染/修订20日志.txt,txt,836,a43426d9807c5cb546ee6788ce62b4df015c3253d949c893bad83f996d3118ad,Y,N,N
D-2026,/Users/wanglifei/Desktop/2026模拟题/必修二_v25续作_20260908/渲染/修订21日志.txt,txt,836,6ef4e7675d5cd92fd2f1c9f832e2bf4f8b0fbcd7cf2ea2cfb74ef30936694278,Y,N,N
D-2026,/Users/wanglifei/Desktop/2026模拟题/必修二_v25续作_20260908/渲染/修订22日志.txt,txt,836,13ab6c1c1d30c68fba143f5f6a57db2e787ba01ced2187a74dfc7a8af18dd195,Y,N,N
D-2026,/Users/wanglifei/Desktop/2026模拟题/必修二_v25续作_20260908/渲染/修订23日志.txt,txt,836,55de4689f74998e752f95532d425464b9b7d2866b7267d4dfee6f51fa7218f03,Y,N,N
D-2026,/Users/wanglifei/Desktop/2026模拟题/必修二_v25续作_20260908/渲染/修订24日志.txt,txt,836,9699288e53c41b2b9351b159d1d76225221e63719c254b4fb6e7d2289f4210e3,Y,N,N
D-2026,/Users/wanglifei/Desktop/2026模拟题/必修二_v25续作_20260908/渲染/修订25日志.txt,txt,836,633bd1f202f8bd78e5b43b9e5d01e266b15161e5aa7df586f45983e8d7fe19ff,Y,N,N
D-2026,/Users/wanglifei/Desktop/2026模拟题/必修二_v25续作_20260908/渲染/修订26日志.txt,txt,836,55cc3ecf64530754518497607c50bdbe41662df66d70a0110d274217bb8805c8,Y,N,N
D-2026,/Users/wanglifei/Desktop/2026模拟题/必修二_v25续作_20260908/渲染/修订27日志.txt,txt,836,4f63e68c341cba1ec0a36d72daa03e32c8ca0c472e6b104def369fc330d8f59d,Y,N,N
D-2026,/Users/wanglifei/Desktop/2026模拟题/必修二_v25续作_20260908/渲染/修订28日志.txt,txt,836,ef531726b69b407aa8084c6d18c0ff174855a68a80d3b488c93ed6da7e7ff6a6,Y,N,N
D-2026,/Users/wanglifei/Desktop/2026模拟题/必修二_v25续作_20260908/渲染/修订53局部样页/海淀七落位与附录_仅局部排版核验.pdf,pdf,361509,5918843b92eddccb111d037e6f2f399c99e178a841a99b7e0a139a03d03a38a7,Y,N,N
D-2026,/Users/wanglifei/Desktop/2026模拟题/必修二_v25续作_20260908/渲染/历史恢复稿/必修二经济宝典_v25_历史修改恢复稿_20260908.pdf,pdf,21622374,be68b0d05fffca692176c3e7cd4b9420112e6b806b484c4f475f8fa199ee4030,Y,N,N
D-2026,/Users/wanglifei/Desktop/2026模拟题/必修二_v25续作_20260908/渲染/样式校正02/必修二经济宝典_v25_样式校正02_20260908.pdf,pdf,21070521,c79e82683e8f80c1a5bb0ee5c5e0306b65816daaa139a96cee8ed3682d811582,Y,N,N
D-2026,/Users/wanglifei/Desktop/2026模拟题/必修二_v25续作_20260908/渲染/重点修订01/必修二经济宝典_v25_原题与细则修订01_20260908.pdf,pdf,21591628,e337c3747c53f5beeccd5611193ef102ff0220fd206c1b26277fa9a6f70fe348,Y,N,Y
D-2026,/Users/wanglifei/Desktop/2026模拟题/必修二_v25续作_20260908/渲染/重点修订03/必修二经济宝典_v25_原题与细则修订03_20260908.pdf,pdf,21145143,ff46f4552fe1641b01a19c5a0ef293ab0482f97d06517a0bd62da6a712d04015,Y,N,Y
D-2026,/Users/wanglifei/Desktop/2026模拟题/必修二_v25续作_20260908/渲染/重点修订04/必修二经济宝典_v25_原题与细则修订04_20260908.pdf,pdf,21097653,5f8ef21ec8dfff954cabae3aeb65e0e6fe9998c3941e6b05cd103c2bf80d4400,Y,N,Y
D-2026,/Users/wanglifei/Desktop/2026模拟题/必修二_v25续作_20260908/渲染/重点修订05/必修二经济宝典_v25_原题与细则修订05_20260908.pdf,pdf,21099999,3e5e4ee240c8a7bed30d1e2ea877cb0ef8fd22031462584c6ae4f375711aca0f,Y,N,Y
D-2026,/Users/wanglifei/Desktop/2026模拟题/必修二_v25续作_20260908/渲染/重点修订06/必修二经济宝典_v25_原题与细则修订06_20260908.pdf,pdf,21092752,1c8db1966d0d38dde759c272f3ec5e94cd26d7e85b00f9babde568296591aac8,Y,N,Y
D-2026,/Users/wanglifei/Desktop/2026模拟题/必修二_v25续作_20260908/渲染/重点修订07/必修二经济宝典_v25_原题与细则修订07_20260908.pdf,pdf,21095298,ab6f0ec23421dbab34bd57cc8def691f3fe971bed2a5825cb4f32d1898b66490,Y,N,Y
D-2026,/Users/wanglifei/Desktop/2026模拟题/必修二_v25续作_20260908/渲染/重点修订08/必修二经济宝典_v25_原题与细则修订08_20260908.pdf,pdf,21095934,4d6ab50509d883090c3fb9b94e39f01a074fada1cdb4ed924078f01a65bc06ee,Y,N,Y
D-2026,/Users/wanglifei/Desktop/2026模拟题/必修二_v25续作_20260908/渲染/重点修订09/必修二经济宝典_v25_原题与细则修订09_20260908.pdf,pdf,21095269,0c0f16ea94cd39f27dbd682d7de8632d7f4d71392cd15cb11c80508f3ceda15e,Y,N,Y
D-2026,/Users/wanglifei/Desktop/2026模拟题/必修二_v25续作_20260908/渲染/重点修订10/必修二经济宝典_v25_原题与细则修订10_20260908.pdf,pdf,21240067,165428d409c37256d31b58b6f76d1cc7ea8593aa4ff9edc3dc1e38a4ddb8fe38,Y,N,Y
D-2026,/Users/wanglifei/Desktop/2026模拟题/必修二_v25续作_20260908/渲染/重点修订11/必修二经济宝典_v25_原题与细则修订11_20260908.pdf,pdf,21425939,40f806b411f7422e0eaeea1cad5ff127d34b0b7ce839251399dfef1ccc1fdc79,Y,N,Y
D-2026,/Users/wanglifei/Desktop/2026模拟题/必修二_v25续作_20260908/渲染/重点修订12/必修二经济宝典_v25_原题与细则修订12_20260908.pdf,pdf,21483044,49246cb637422f2aee8ea3572c2a5c6e8e4f0fc23d66c2c658656f2e604cd091,Y,N,Y
D-2026,/Users/wanglifei/Desktop/2026模拟题/必修二_v25续作_20260908/渲染/重点修订13/必修二经济宝典_v25_原题与细则修订13_20260908.pdf,pdf,21493244,72f4d6a6c4945c879631f62ff4fa86943baebee6818a6720377375ddfe51b4a5,Y,N,Y
D-2026,/Users/wanglifei/Desktop/2026模拟题/必修二_v25续作_20260908/渲染/重点修订14/必修二经济宝典_v25_原题与细则修订14_20260908.pdf,pdf,21856090,1e65581f344f503f3effd2369c06f2b2ed5ac2fc12d458e40ed638451536f09d,Y,N,Y
D-2026,/Users/wanglifei/Desktop/2026模拟题/必修二_v25续作_20260908/渲染/重点修订15/必修二经济宝典_v25_原题与细则修订15_20260908.pdf,pdf,21935931,97de113a0eb131743a48ef4a847aba9ecf0e0a995bd2bfffd232d111a56fd238,Y,N,Y
D-2026,/Users/wanglifei/Desktop/2026模拟题/必修二_v25续作_20260908/渲染/重点修订16/必修二经济宝典_v25_原题与细则修订16_20260908.pdf,pdf,21871934,e8fea286da65095f9916cd48465f4971bb557d400b6fd5dec7d0a35a5b8425f9,Y,N,Y
D-2026,/Users/wanglifei/Desktop/2026模拟题/必修二_v25续作_20260908/渲染/重点修订17/必修二经济宝典_v25_原题与细则修订17_20260908.pdf,pdf,21906614,1b4e8fa86863081bf0a6afd42746925a3281d347b1fbe47750ee293b08a6fbb3,Y,N,Y
D-2026,/Users/wanglifei/Desktop/2026模拟题/必修二_v25续作_20260908/渲染/重点修订18/必修二经济宝典_v25_原题与细则修订18_20260908.pdf,pdf,21911499,1ca880ec3bacc983ea8b8f9c397d3d9d486b09a2baef6db47e40bef5f3554821,Y,N,Y
D-2026,/Users/wanglifei/Desktop/2026模拟题/必修二_v25续作_20260908/渲染/重点修订19/必修二经济宝典_v25_原题与细则修订19_20260908.pdf,pdf,21808198,883b2fa7a6966f18e47b2db15a1d3e200afe00b5f71c6148a03157c40f0d223c,Y,N,Y
D-2026,/Users/wanglifei/Desktop/2026模拟题/必修二_v25续作_20260908/渲染/重点修订20/必修二经济宝典_v25_原题与细则修订20_20260908.pdf,pdf,22422983,0b55d91e874faf3894e2f5896f76b8fd7aeecd6a663bde4f420941c90c1f3c1b,Y,N,Y
D-2026,/Users/wanglifei/Desktop/2026模拟题/必修二_v25续作_20260908/渲染/重点修订21/必修二经济宝典_v25_原题与细则修订21_20260908.pdf,pdf,22409196,a1842313c06a6e21af400410b3c1b4cfa30613c5205c7f9286791a854762f407,Y,N,Y
D-2026,/Users/wanglifei/Desktop/2026模拟题/必修二_v25续作_20260908/渲染/重点修订22/必修二经济宝典_v25_原题与细则修订22_20260908.pdf,pdf,22649918,20ed539d3aed7ba79be89a60e572ed87e06e9fb7a0ecd2926d1ea57b2aa3bf7e,Y,N,Y
D-2026,/Users/wanglifei/Desktop/2026模拟题/必修二_v25续作_20260908/渲染/重点修订23/必修二经济宝典_v25_原题与细则修订23_20260908.pdf,pdf,22799055,a77a55cb4136b5639af6ca0ab11012415d7686a1fd9097978b486f17898f17df,Y,N,Y
D-2026,/Users/wanglifei/Desktop/2026模拟题/必修二_v25续作_20260908/渲染/重点修订24/必修二经济宝典_v25_原题与细则修订24_20260908.pdf,pdf,22678520,442f088709b6d372b863112e5dbb5f20fb4c436dba51b98faa8ee98ff0574fd9,Y,N,Y
D-2026,/Users/wanglifei/Desktop/2026模拟题/必修二_v25续作_20260908/渲染/重点修订25/必修二经济宝典_v25_原题与细则修订25_20260908.pdf,pdf,22861303,6b1f72e0892b5e61e4c0b2115cc568a7ca788f843f07d2e8bd6e27cac35e4265,Y,N,Y
D-2026,/Users/wanglifei/Desktop/2026模拟题/必修二_v25续作_20260908/渲染/重点修订26/必修二经济宝典_v25_原题与细则修订26_20260908.pdf,pdf,22941530,1eaa31119921bc4d429d3ed3aed8ea89852bc821578bee1f6ebe9fdd590aec0a,Y,N,Y
D-2026,/Users/wanglifei/Desktop/2026模拟题/必修二_v25续作_20260908/渲染/重点修订27/必修二经济宝典_v25_原题与细则修订27_20260908.pdf,pdf,23269785,b0e795246c98d9409a1b4d322051d9e31ff271689df6912226db4c0760aafbe7,Y,N,Y
D-2026,/Users/wanglifei/Desktop/2026模拟题/必修二_v25续作_20260908/渲染/重点修订28/必修二经济宝典_v25_原题与细则修订28_20260908.pdf,pdf,23559862,d3b6e313b4b11cca7fe468694f386f4e944570720c608f89ed14f38817da8c6a,Y,N,Y
D-2026,/Users/wanglifei/Desktop/2026模拟题/必修二_v25续作_20260908/渲染/重点修订29/必修二经济宝典_v25_原题与细则修订29_20260908.pdf,pdf,23482220,de7ef5c8465d04091b5a47687a0fce15031a5a72c9737c291264d4f67b72c0ac,Y,N,Y
D-2026,/Users/wanglifei/Desktop/2026模拟题/必修二_v25续作_20260908/渲染/重点修订30/必修二经济宝典_v25_原题与细则修订30_20260908.pdf,pdf,23482222,cb5b484b3e4c06d9e99210d96c3cf2ab26e872770cb40a4bc98a2c69cedc6c44,Y,N,Y
D-2026,/Users/wanglifei/Desktop/2026模拟题/必修二_v25续作_20260908/渲染/重点修订31/必修二经济宝典_v25_原题与细则修订31_20260908.pdf,pdf,23499763,c8974da226ee16ce4edca3e78a8d96ca33486961c6c863d17f8467b7fe426cbd,Y,N,Y
D-2026,/Users/wanglifei/Desktop/2026模拟题/必修二_v25续作_20260908/渲染/重点修订32/必修二经济宝典_v25_原题与细则修订32_20260908.pdf,pdf,23403687,4c618b2ac43ff75cde1f2128b559f9bcc1c166136446856ee38b16501bce67af,Y,N,Y
D-2026,/Users/wanglifei/Desktop/2026模拟题/必修二_v25续作_20260908/渲染/重点修订36/必修二经济宝典_v25_原题与细则修订36_20260908.pdf,pdf,23201557,948cef4da8d3475730e2df3bb1acedb4c8b1a2b9beaaa810ae6bf130c9ac88cd,Y,N,Y
D-2026,/Users/wanglifei/Desktop/2026模拟题/必修二_v25续作_20260908/渲染/重点修订42/必修二经济宝典_v25_原题与细则修订42_20260908.pdf,pdf,22383465,c4f212d056b53820e462c61dc03ea7fab8d5026f12caaaab73f7bcbf67e7d8c8,Y,N,Y
D-2026,/Users/wanglifei/Desktop/2026模拟题/必修二_v25续作_20260908/渲染/重点修订44/必修二经济宝典_v25_原题与细则修订44_20260908.pdf,pdf,23009079,bcc04a2a58c449401f37cc845685e118f673b1b4270a782144e62eea27afb10c,Y,N,Y
D-2026,/Users/wanglifei/Desktop/2026模拟题/必修二_v25续作_20260908/渲染/重点修订45/必修二经济宝典_v25_原题与细则修订45_20260908.pdf,pdf,23009096,61ac2aaa69a41b442457e70bb0e24130f3f9aa03eedbf023315d2b6fe2c0f30b,Y,N,Y
D-2026,/Users/wanglifei/Desktop/2026模拟题/必修二_v25续作_20260908/渲染/重点修订46/必修二经济宝典_v25_原题与细则修订46_20260908.pdf,pdf,23559966,1f7bfe660b13afcfe384fb8d0a401a610f88e46d7b1c6edea3fdba91279b1e0b,Y,N,Y
D-2026,/Users/wanglifei/Desktop/2026模拟题/必修二_v25续作_20260908/渲染/重点修订47/必修二经济宝典_v25_原题与细则修订47_20260908.pdf,pdf,23544283,fa699e17f292ab3e3693342392c03e67f7ddd900929b8cf2b72ab6b00d0da57e,Y,N,Y
D-2026,/Users/wanglifei/Desktop/2026模拟题/必修二_v25续作_20260908/渲染/重点修订48/必修二经济宝典_v25_原题与细则修订48_20260908.pdf,pdf,23543482,7a0734fb891a6623ededf399a27a5439da218eb547f831b662238bcf393b4dfd,Y,N,Y
D-2026,/Users/wanglifei/Desktop/2026模拟题/必修二_v25续作_20260908/渲染/重点修订49/必修二经济宝典_v25_原题与细则修订49_20260908.pdf,pdf,23738032,b1e69bf7a72ad8029eb7547e8226ab7fd472e5095dc4bcd7fda08f8019b36edf,Y,N,Y
D-2026,/Users/wanglifei/Desktop/2026模拟题/必修二_v25续作_20260908/渲染/重点修订50/必修二经济宝典_v25_原题与细则修订50_20260908.pdf,pdf,24207823,5cdb505b3b139737aba5bc77973507b00bcd0ea42fc9a18149fad1f155970f1d,Y,N,Y
D-2026,/Users/wanglifei/Desktop/2026模拟题/必修二_v25续作_20260908/渲染/重点修订51/必修二经济宝典_v25_原题与细则修订51_20260908.pdf,pdf,24207847,48854c4ef93f2176aacb50dbe294f35983940ce622b8335cf86d2705feba4ea8,Y,N,Y
D-2026,/Users/wanglifei/Desktop/2026模拟题/必修二_v25续作_20260908/渲染/重点修订52/必修二经济宝典_v25_原题与细则修订52_20260908.pdf,pdf,24534899,7f594ef420fb808da93d41060959a156644fa213ebee896eaa6922c74b00ae70,Y,N,Y
D-2026,/Users/wanglifei/Desktop/2026模拟题/必修二_v25续作_20260908/渲染/重点修订55/必修二经济宝典_v25_原题与细则修订55_20260908.pdf,pdf,24512754,a98e225393d3130e3da31ac0e5ebb3a99a77010d3f1b90af1d7c4dba03c4c11d,Y,N,Y
D-2026,/Users/wanglifei/Desktop/2026模拟题/必修二_v25续作_20260908/规则更新_样题标准_20260908/校验依赖/PyYAML-6.0.2.dist-info/top_level.txt,txt,11,ae98f42153138ac02387fd6f1b709c7fdbf98e9090c00cfa703d48554e597614,Y,N,N
D-2026,/Users/wanglifei/Desktop/2026模拟题/文化_v6.9续作_20260908/工作稿/2026北京高考政治文化宝典_v6.10_校订稿_20260908.docx,docx,34707225,91adcca5735e0971d87be6b2f6714dd3b7f7cf76e5546210c13cdc4a3a5349ae,Y,N,N
D-2026,/Users/wanglifei/Desktop/2026模拟题/文化_v6.9续作_20260908/工作稿/2026北京高考政治文化宝典_v6.11_校订稿_20260908.docx,docx,35133070,6ffcbeedac2b2b8ff2aa468f86bf6f48bce5aae7c82ec5f79c01183210fb4b8c,Y,N,N
D-2026,/Users/wanglifei/Desktop/2026模拟题/文化_v6.9续作_20260908/工作稿/2026北京高考政治文化宝典_v6.12_校订稿_20260908.docx,docx,35637705,dccf9fb4aa47e3a2a26130fc0023fa36cb7571e4a8f19eeb3861758119626f8a,Y,N,N
D-2026,/Users/wanglifei/Desktop/2026模拟题/文化_v6.9续作_20260908/工作稿/2026北京高考政治文化宝典_v6.13_校订稿_20260908.docx,docx,35639915,7c9775a53f29ccf3fd5fef1a7f772ca7aa736cd4883250c49a56e1214a1a13d6,Y,N,N
D-2026,/Users/wanglifei/Desktop/2026模拟题/文化_v6.9续作_20260908/工作稿/2026北京高考政治文化宝典_v6.14_校订稿_20260908.docx,docx,35812380,969e28d16bebf75acbf0da00e998b0776c980bff54de511c3b261b3371322b5a,Y,N,N
D-2026,/Users/wanglifei/Desktop/2026模拟题/文化_v6.9续作_20260908/工作稿/2026北京高考政治文化宝典_v6.15_校订稿_20260908.docx,docx,38294413,fd2c8047bfa2c926ba00987d4a5b26b235fa02e894c61619343ee9fcc167ee28,Y,N,N
D-2026,/Users/wanglifei/Desktop/2026模拟题/文化_v6.9续作_20260908/工作稿/2026北京高考政治文化宝典_v6.16_校订稿_20260908.docx,docx,38297193,bbf8e8335caefe559f66d2df2dff0edbb670102a17c16d27d17d47bb92e408af,Y,N,N
D-2026,/Users/wanglifei/Desktop/2026模拟题/文化_v6.9续作_20260908/工作稿/2026北京高考政治文化宝典_v6.17_校订稿_20260908.docx,docx,38300366,ab0140e1533138aa2b8fc07e6378ee0639a1b9508b18bcebb2ce544be4231f3e,Y,N,N
D-2026,/Users/wanglifei/Desktop/2026模拟题/文化_v6.9续作_20260908/工作稿/2026北京高考政治文化宝典_v6.18_校订稿_20260908.docx,docx,39015970,dae6353c6e7c1a303bbd39153f7a603a9dc9bf9623b8dbb2a29ee27909a6b271,Y,N,N
D-2026,/Users/wanglifei/Desktop/2026模拟题/文化_v6.9续作_20260908/工作稿/2026北京高考政治文化宝典_v6.19_校订稿_20260908.docx,docx,39017857,82cf63b8f445883341a7b84692f74934eff280d146203a8a4c72aed9d215e81b,Y,N,N
D-2026,/Users/wanglifei/Desktop/2026模拟题/文化_v6.9续作_20260908/工作稿/2026北京高考政治文化宝典_v6.20_校订稿_20260908.docx,docx,39020534,fa48a59753ba635695cea64d58f0f3cf9ccc5ee40e83a10fd5460c4646be7082,Y,N,N
D-2026,/Users/wanglifei/Desktop/2026模拟题/文化_v6.9续作_20260908/工作稿/2026北京高考政治文化宝典_v6.21_校订稿_20260908.docx,docx,39022765,72ab38971241e4cde3795bfb1a3ae788875d48b71947714a55636aae0b36bfb1,Y,N,N
D-2026,/Users/wanglifei/Desktop/2026模拟题/文化_v6.9续作_20260908/工作稿/2026北京高考政治文化宝典_v6.22_校订稿_20260908.docx,docx,39026327,4eaea4fcbe53644a72efa71761669dd2fa485d7e5390a4fe2e8e63fe10239d0c,Y,N,N
D-2026,/Users/wanglifei/Desktop/2026模拟题/文化_v6.9续作_20260908/工作稿/2026北京高考政治文化宝典_v6.23_校订稿_20260908.docx,docx,39027785,d364687296c5eb2a9119f6d420bf867a5dc8ad1b5dba407563929e7de3a0c94c,Y,N,N
D-2026,/Users/wanglifei/Desktop/2026模拟题/文化_v6.9续作_20260908/工作稿/2026北京高考政治文化宝典_v6.24_校订稿_20260908.docx,docx,39029644,85a39f1b9966b9294e48def59c9433f7fc4bca8396378dcea021ffed37461eae,Y,N,N
D-2026,/Users/wanglifei/Desktop/2026模拟题/文化_v6.9续作_20260908/工作稿/2026北京高考政治文化宝典_v6.25_校订稿_20260908.docx,docx,39034170,4f884e1b60e73bb6ee800c276cde23c5daba9631da9f751b7bff166077b54acc,Y,N,N
D-2026,/Users/wanglifei/Desktop/2026模拟题/文化_v6.9续作_20260908/工作稿/2026北京高考政治文化宝典_v6.26_校订稿_20260908.docx,docx,39035421,9e7329ef52d980e4eecfadd700f35fc95dd0c25057dde40d8ab533abc46d7d4c,Y,N,N
D-2026,/Users/wanglifei/Desktop/2026模拟题/文化_v6.9续作_20260908/工作稿/2026北京高考政治文化宝典_v6.27_校订稿_20260908.docx,docx,39038660,15e07dc84fe8147504b43a7d970bc3c494d66e978379f9093b2faa6aebee41c7,Y,N,N
D-2026,/Users/wanglifei/Desktop/2026模拟题/文化_v6.9续作_20260908/工作稿/2026北京高考政治文化宝典_v6.28_校订稿_20260908.docx,docx,39039621,156a75e6575d5f71c3786e5dc5d228c5d8d0618a88b0e1014b2609339d94a29b,Y,N,N
D-2026,/Users/wanglifei/Desktop/2026模拟题/文化_v6.9续作_20260908/工作稿/2026北京高考政治文化宝典_v6.29_校订稿_20260908.docx,docx,39039708,82408de8d6099a2a4fdd791e522f822b4ba1d7fe0bd63b8a76eef6ff3ea06551,Y,N,N
D-2026,/Users/wanglifei/Desktop/2026模拟题/文化_v6.9续作_20260908/工作稿/2026北京高考政治文化宝典_v6.30_校订稿_20260908.docx,docx,39149723,3655ff48b9b89451b3de05e88fb51b2c72dabd4cc3034ecb532132c97615d7bf,Y,N,N
D-2026,/Users/wanglifei/Desktop/2026模拟题/文化_v6.9续作_20260908/核验/2024在册七题评分回证/LOCAL-019_渲染/2024.11期中政治朝阳评标2.pdf,pdf,917552,4c684bff958ebd70c2cbd0d586323da904c3de5493af73bb4d9d956152e14fbb,Y,N,Y
D-2026,/Users/wanglifei/Desktop/2026模拟题/文化_v6.9续作_20260908/核验/2024在册七题评分回证/LOCAL-024_渲染/一模政治-答案.pdf,pdf,212803,c5af3d504f50135f253daf37d7becb614c92950c035eaea7cd086fa523d32b29,Y,N,Y
D-2026,/Users/wanglifei/Desktop/2026模拟题/文化_v6.9续作_20260908/核验/2024在册七题评分回证/LOCAL-029_渲染/16题评分细则.pdf,pdf,131650,402b7b96056b26f8f39f3adddd5a436dd4c5747d24b457cfe434813e38f28036,Y,N,Y
D-2026,/Users/wanglifei/Desktop/2026模拟题/文化_v6.9续作_20260908/核验/2024在册七题评分回证/LOCAL-038_渲染/21题(1).pdf,pdf,786088,106642cd3c084211be2d2b806d477e1cdfde86fd48fb370fbbe30f7f29832a82,Y,N,N
D-2026,/Users/wanglifei/Desktop/2026模拟题/文化_v6.9续作_20260908/核验/2025剩余六题评分回证/东城期末PDF_全文.txt,txt,8894,fac08d6973eba09b850298f913b842a37f3164e203a8f5f569d6b725ef820af3,Y,N,N
D-2026,/Users/wanglifei/Desktop/2026模拟题/文化_v6.9续作_20260908/核验/2025剩余六题评分回证/东城期末PPT/东城期末.pdf,pdf,5280875,f6bbfd84a0c580eddb952766a1bf407c61498b4ded8cc4c21881f52eea4feb41,Y,N,N
D-2026,/Users/wanglifei/Desktop/2026模拟题/文化_v6.9续作_20260908/核验/2025剩余六题评分回证/东城期末PPT_全文.txt,txt,10710,5425d3356dc67becbe547fec4fbbd61abc6ac67c9546e2b0bf6522a43242d144,Y,N,N
D-2026,/Users/wanglifei/Desktop/2026模拟题/文化_v6.9续作_20260908/核验/2025剩余六题评分回证/房山一模PDF_全文.txt,txt,9184,b8265da79cefa4dafb33e2801e4374948ef3cac3e895986aa679bb370feabf5a,Y,N,N
D-2026,/Users/wanglifei/Desktop/2026模拟题/文化_v6.9续作_20260908/核验/2025剩余六题评分回证/昌平二模PPT/细则.pdf,pdf,1597569,b3888f39ed4a4f34261a602863a8915aa64e805a179ac8090022961786584433,Y,N,Y
D-2026,/Users/wanglifei/Desktop/2026模拟题/文化_v6.9续作_20260908/核验/2025剩余六题评分回证/昌平二模PPT_全文.txt,txt,22696,d474fcd0c74747e05793a0a0ba6c3920894cd413b507e109e691bdce8fb4b0bd,Y,N,N
D-2026,/Users/wanglifei/Desktop/2026模拟题/文化_v6.9续作_20260908/核验/2025剩余六题评分回证/朝阳期末PDF_全文.txt,txt,70,e894fce34ca2e646cd01a8cd5e71dc66a571dbb46a8d5280b26f11ddeebb5a2f,Y,N,N
D-2026,/Users/wanglifei/Desktop/2026模拟题/文化_v6.9续作_20260908/核验/2025剩余六题评分回证/朝阳期末PPT/朝阳高三期末2025.pdf,pdf,1059926,a61d5b2bfee3dfa37153bf773f20a62b4c07951a24aa6d847198d677305d362d,Y,N,N
D-2026,/Users/wanglifei/Desktop/2026模拟题/文化_v6.9续作_20260908/核验/2025剩余六题评分回证/朝阳期末PPT_全文.txt,txt,36193,36b1db22527fd0b24bf5d8eba3cbc45dafe3736b1d07346b41876432081ad666,Y,N,N
D-2026,/Users/wanglifei/Desktop/2026模拟题/文化_v6.9续作_20260908/核验/2025剩余六题评分回证/西城一模DOCX/细则.pdf,pdf,365749,3c2240f0acaab3d22c2dd8823ba17011b1a522371127e00ddbd8a57f28b1340c,Y,N,Y
D-2026,/Users/wanglifei/Desktop/2026模拟题/文化_v6.9续作_20260908/核验/2025剩余六题评分回证/西城一模DOCX_全文.txt,txt,11141,d56cc9b5bcceec549bb767586a4c2bbe8927729378fef8c7259e5994a0f3a201,Y,N,N
D-2026,/Users/wanglifei/Desktop/2026模拟题/文化_v6.9续作_20260908/核验/2025剩余六题评分回证/西城二模DOCX/细则.pdf,pdf,356129,afb435fd5eb020b0d3c3599a3e3e05baa49b9c9417c0e4c488d6912533d84216,Y,N,Y
D-2026,/Users/wanglifei/Desktop/2026模拟题/文化_v6.9续作_20260908/核验/2025剩余六题评分回证/西城二模DOCX_全文.txt,txt,11676,85c910f68f9584652860c05df5f4b213b15e528e7d35e2cfd2abda54e1a6aa42,Y,N,N
D-2026,/Users/wanglifei/Desktop/2026模拟题/文化_v6.9续作_20260908/核验/2025原题保真/题源差集/2025主观独立任务差集.csv,csv,59305,aabcdc4fe2410870103ae4dee79e491c91a33b4b66cffc15fb2eb86387f8e86b,Y,N,N
D-2026,/Users/wanglifei/Desktop/2026模拟题/文化_v6.9续作_20260908/核验/2025原题保真/题源差集/2025文化逐题候选与排除.csv,csv,158589,42e7c595b19f734597e627881acba8b22d87f419b7fa3493ea90fea506384a18,Y,N,N
D-2026,/Users/wanglifei/Desktop/2026模拟题/文化_v6.9续作_20260908/核验/2025在册七题评分回证/LOCAL-075_字体配置派生/高三政治一模试卷讲评.pdf,pdf,1061754,84842b568ba738d850fcd901d67a5b3fe6e05747adb7dbf45d0a5570fa9cfcd0,Y,N,Y
D-2026,/Users/wanglifei/Desktop/2026模拟题/文化_v6.9续作_20260908/核验/2025在册七题评分回证/LOCAL-094_字体配置派生/16.(1).pdf,pdf,1913874,872de5a0a5996b85f93934c3246706476b249a89708bf98801dfde50ae4530a8,Y,N,N
D-2026,/Users/wanglifei/Desktop/2026模拟题/文化_v6.9续作_20260908/核验/2025在册七题评分回证/LOCAL-094_派生/16.(1).pdf,pdf,1732580,9a60990c2c44b300f9b3399448394b8ffd788e0569762d8fa0d711b3e0c42df4,Y,N,N
D-2026,/Users/wanglifei/Desktop/2026模拟题/文化_v6.9续作_20260908/核验/2025在册七题评分回证/LOCAL-129_字体配置派生/16.pdf,pdf,6005067,c20671fd66cd131ba7959091292df04be6e99fcf3189154a0b2accf9ed7c50b0,Y,N,N
D-2026,/Users/wanglifei/Desktop/2026模拟题/文化_v6.9续作_20260908/核验/2025在册七题评分回证/LOCAL-129_派生/16.pdf,pdf,5823730,efb06cda16dd6fae6fbeb5dcda274416d7192989c2ba7a590d53653889bb7711,Y,N,N
D-2026,/Users/wanglifei/Desktop/2026模拟题/文化_v6.9续作_20260908/核验/2026剩余四题评分回证/LOCAL-136_载体全文.txt,txt,2393,d95bf46e80b9be9bed02d552067fea9e382c60dd94af35ca77204789294f53f7,Y,N,N
D-2026,/Users/wanglifei/Desktop/2026模拟题/文化_v6.9续作_20260908/核验/2026剩余四题评分回证/LOCAL-137_载体全文.txt,txt,277,ac75fac1ea19d7ab3abfd60783c4f0b576235b55e37e5e708500eb03e821335d,Y,N,N
D-2026,/Users/wanglifei/Desktop/2026模拟题/文化_v6.9续作_20260908/核验/2026剩余四题评分回证/LOCAL-138_载体全文.txt,txt,14857,2ae53378c5730d8d165a44bf1eab17c37210c5f01b0198dcc0d1c5c501a3e600,Y,N,N
D-2026,/Users/wanglifei/Desktop/2026模拟题/文化_v6.9续作_20260908/核验/2026剩余四题评分回证/LOCAL-177_载体全文.txt,txt,29050,b603185fdf52d8f99776379f59b0344d2b9b8c0879fabde9ce551fe8aa5807ec,Y,N,N
D-2026,/Users/wanglifei/Desktop/2026模拟题/文化_v6.9续作_20260908/核验/2026剩余四题评分回证/LOCAL-188_载体全文.txt,txt,26268,7b2a7c33f16a5b04133bf27771d7afb8513b0753e258c888953d2e48d5608281,Y,N,N
D-2026,/Users/wanglifei/Desktop/2026模拟题/文化_v6.9续作_20260908/核验/2026剩余四题评分回证/LOCAL-193_载体全文.txt,txt,66,47eb9ac0b7dc009b574c6fc6592b1d962eb40b6315b4d674e879a0e4f1da4138,Y,N,N
D-2026,/Users/wanglifei/Desktop/2026模拟题/文化_v6.9续作_20260908/核验/2026原题保真/B64补证/B64_现有原件可见文字_缺字未补.txt,txt,2093,ed39708271d09187130b8ecf2b75afd816c4ea6ae11afb80587bc15ca1dff562,Y,N,N
D-2026,/Users/wanglifei/Desktop/2026模拟题/文化_v6.9续作_20260908/核验/2026原题保真/后十五题/B64_朝阳期中19_可核完整原题.txt,txt,1980,68e3bc6e6c6839a975ad625a635d5d43d611a53eb4c4b95494b6bd9ede135f9c,Y,N,N
D-2026,/Users/wanglifei/Desktop/2026模拟题/文化_v6.9续作_20260908/核验/B57低档口径身份与优先级补证/B57低档三载体逐字证据.txt,txt,812,fce84234d50e1a7940e1ccfbbcce5410da4ba94ef71acdbf3cb64f432a45364a,Y,N,N
D-2026,/Users/wanglifei/Desktop/2026模拟题/文化_v6.9续作_20260908/核验/B57低档口径身份与优先级补证/LOCAL-038_S9_逐字原生转录.txt,txt,1473,606b6454a1c902419bc6d91453e32c2042bfbb5dc7b08acc78b2d0df1986214c,Y,N,N
D-2026,/Users/wanglifei/Desktop/2026模拟题/文化_v6.9续作_20260908/核验/B57低档口径身份与优先级补证/LOCAL-038_仅加高画布_非原页.pdf,pdf,786299,67d64cd0f261703cd16f9f8ac0116a5ae76347112a7f0c607914d92b1d7dbda3,Y,N,N
D-2026,/Users/wanglifei/Desktop/2026模拟题/文化_v6.9续作_20260908/核验/B57低档口径身份与优先级补证/LOCAL-038_仅加高画布_非原页.pptx,pptx,986164,b8595625b47bd8761f88287096b27be9d77db2eefad069e1d0f2a75603eea254,Y,N,N
D-2026,/Users/wanglifei/Desktop/2026模拟题/文化_v6.9续作_20260908/核验/B57低档口径身份与优先级补证/LOCAL-038_加高画布渲染日志.txt,txt,637,26b318506501452988fcf74035d73f3cdabd5f799c66d07a130061c79ed14475,Y,N,N
D-2026,/Users/wanglifei/Desktop/2026模拟题/文化_v6.9续作_20260908/核验/B57低档口径身份与优先级补证/LOCAL-218_原生逐页全文.txt,txt,2450,47e58313b949c9dc19629f0fa155b7e2ffe6c63182a3dbc55ab12cc5af67aae9,Y,N,N
D-2026,/Users/wanglifei/Desktop/2026模拟题/文化_v6.9续作_20260908/核验/B57低档口径身份与优先级补证/LOCAL-219_原生逐页全文.txt,txt,21808,fa9d685b64bdf26134f4dde83f9950aacfb568fa4efd741deb273dd1b3950d0d,Y,N,N
D-2026,/Users/wanglifei/Desktop/2026模拟题/文化_v6.9续作_20260908/核验/B57低档口径身份与优先级补证/LOCAL-220_原生逐页全文.txt,txt,18956,46d16b2c26b9213bce32fa9308d14897bf93032ad814cde45e8999aff3a1f80c,Y,N,N
D-2026,/Users/wanglifei/Desktop/2026模拟题/文化_v6.9续作_20260908/核验/v6.18第九批独立反核_指定七题/B59_原卷P5_原生文字.txt,txt,2518,6f6d4de19d79b0db826019410ea1dc84530420698b0e5785d86dc41cb55f087f,Y,N,Y
D-2026,/Users/wanglifei/Desktop/2026模拟题/文化_v6.9续作_20260908/核验/v6.9_全文.txt,txt,333002,d54215d279446138ba191087e9dd85721bb63f8a8c9e4eca17d5c0b97393e6c9,Y,N,N
D-2026,/Users/wanglifei/Desktop/2026模拟题/文化_v6.9续作_20260908/核验/东城期末16/正常字体/细则.pdf,pdf,3820797,cd2236025fe6a4f7dbb1cd4e53e63a071d55c27728d6a49b864218dd1e0343bf,Y,N,Y
D-2026,/Users/wanglifei/Desktop/2026模拟题/文化_v6.9续作_20260908/核验/东城期末16/细则.pdf,pdf,3653893,88a98d0b56925536593a09ce072b5398437161d536bf59f68eba41e11fabe900,Y,N,Y
D-2026,/Users/wanglifei/Desktop/2026模拟题/文化_v6.9续作_20260908/核验/五题分档与原件恢复/2020北京高考Q16原件恢复/正式细则全文.txt,txt,11971,66377c39752bfe80bdfd9daa2a42f53b3f3d6d382ada3d3752b5637ff2f5034d,Y,N,Y
D-2026,/Users/wanglifei/Desktop/2026模拟题/文化_v6.9续作_20260908/核验/五题分档与原件恢复/2025石景山一模_细则/细则.pdf,pdf,261056,c6b2e8ec63b4f209ca78374875a1c0eace7e1cefe6130de16e85fb04bb951f09,Y,N,Y
D-2026,/Users/wanglifei/Desktop/2026模拟题/文化_v6.9续作_20260908/核验/五题分档与原件恢复/2025石景山一模_细则/逐页文本_p1.txt,txt,3548,366dda77406c19c6211babc5dc1e4f083dd0607ae9bae54ec08e0440b658f9dc,Y,N,N
D-2026,/Users/wanglifei/Desktop/2026模拟题/文化_v6.9续作_20260908/核验/五题分档与原件恢复/2025石景山一模_细则/逐页文本_p2.txt,txt,3175,01fc66ae2deb0d0f854a17a0db847234ee74e63e899491ec94f1d28f291c0573,Y,N,N
D-2026,/Users/wanglifei/Desktop/2026模拟题/文化_v6.9续作_20260908/核验/五题分档与原件恢复/2025石景山一模_细则/逐页文本_p3.txt,txt,1503,ded701075b86e0762b7f4fc5471078ea24542dd3d7fc0885dd33c5deca4a0782,Y,N,N
D-2026,/Users/wanglifei/Desktop/2026模拟题/文化_v6.9续作_20260908/核验/五题分档与原件恢复/2025西城一模_细则/细则.pdf,pdf,365749,092cbd3e314cdf1c3d66634306a331d1a8fb7fd216a2197d1e72ae632becd68a,Y,N,Y
D-2026,/Users/wanglifei/Desktop/2026模拟题/文化_v6.9续作_20260908/核验/五题分档与原件恢复/2025西城一模_细则/逐页文本_p1.txt,txt,1720,c90c2ba791eedc75f8868c5a4c92a359c099c4eb1461d908a4d2531ae67177b5,Y,N,N
D-2026,/Users/wanglifei/Desktop/2026模拟题/文化_v6.9续作_20260908/核验/五题分档与原件恢复/2025西城一模_细则/逐页文本_p2.txt,txt,2281,5d08c4d6006c3056d7145df3dbc115166ae6d521dab2fe46a0e05bc0d67c27df,Y,N,N
D-2026,/Users/wanglifei/Desktop/2026模拟题/文化_v6.9续作_20260908/核验/五题分档与原件恢复/2025西城一模_细则/逐页文本_p3.txt,txt,1770,0283ea5617d2400af3d62e7f4a1909f251676e624b061e19419602b42cb6e84c,Y,N,N
D-2026,/Users/wanglifei/Desktop/2026模拟题/文化_v6.9续作_20260908/核验/五题分档与原件恢复/2025西城一模_细则/逐页文本_p4.txt,txt,1408,ef48d537f7a4bc2842d376ec209f3edc801816f706c7cfebbce7a09c4dbcf341,Y,N,N
D-2026,/Users/wanglifei/Desktop/2026模拟题/文化_v6.9续作_20260908/核验/五题分档与原件恢复/2025西城一模_细则/逐页文本_p5.txt,txt,1578,4f0ae0d8d415134b038206f4d344abed794aa2f649fd810b0254dce38814db39,Y,N,N
D-2026,/Users/wanglifei/Desktop/2026模拟题/文化_v6.9续作_20260908/核验/五题分档与原件恢复/2025西城一模_细则/逐页文本_p6.txt,txt,1653,13fc6bc724df038594ec8c60ccb3db849e8dd78114bc7211fb80b4cfbc049a21,Y,N,N
D-2026,/Users/wanglifei/Desktop/2026模拟题/文化_v6.9续作_20260908/核验/五题分档与原件恢复/2025西城一模_细则/逐页文本_p7.txt,txt,1643,eba81a5d6ada17e6e4bbf8d94416076bbbf06382cb0f5cf63f26fc5dabe313e2,Y,N,N
D-2026,/Users/wanglifei/Desktop/2026模拟题/文化_v6.9续作_20260908/核验/五题分档与原件恢复/2025门头沟一模_细则/细则.pdf,pdf,296321,31e2f4d6210df035a8de3a381162654d74d307bb43bde4bd8a607656abf953ae,Y,N,Y
D-2026,/Users/wanglifei/Desktop/2026模拟题/文化_v6.9续作_20260908/核验/五题分档与原件恢复/2025门头沟一模_细则/逐页文本_p1.txt,txt,1753,9676d21f19e1fae32eac464e3d1b84e06937492ea2766fb01cab9dee16bb6951,Y,N,N
D-2026,/Users/wanglifei/Desktop/2026模拟题/文化_v6.9续作_20260908/核验/五题分档与原件恢复/2025门头沟一模_细则/逐页文本_p2.txt,txt,2007,9c906e9d1550f68d8d356df8009b532e01a44ce6f7be06f054aef082b27ad855,Y,N,N
D-2026,/Users/wanglifei/Desktop/2026模拟题/文化_v6.9续作_20260908/核验/五题分档与原件恢复/2025门头沟一模_细则/逐页文本_p3.txt,txt,1704,22c0288ada1c6f7224d7414064d93ffaace008c8cf068a79db1fa25526ba618d,Y,N,N
D-2026,/Users/wanglifei/Desktop/2026模拟题/文化_v6.9续作_20260908/核验/五题分档与原件恢复/2025门头沟一模_细则/逐页文本_p4.txt,txt,1374,7f1e3e860f8840045c1496d1e5f70a6cc3af84a63180269830cb6552703d7701,Y,N,N
D-2026,/Users/wanglifei/Desktop/2026模拟题/文化_v6.9续作_20260908/核验/五题分档与原件恢复/2025门头沟一模_细则/逐页文本_p5.txt,txt,1340,5f75eba68fc4b747204022c19fe881da9c562b705f1de7cbcd3b86a7c27da02a,Y,N,N
D-2026,/Users/wanglifei/Desktop/2026模拟题/文化_v6.9续作_20260908/核验/五题分档与原件恢复/2025门头沟一模_细则/逐页文本_p6.txt,txt,1742,62e99c5b4590d862056b8eab573d383ffdce38d7cefb9dc89f0f559920c36072,Y,N,N
D-2026,/Users/wanglifei/Desktop/2026模拟题/文化_v6.9续作_20260908/核验/五题分档与原件恢复/2025顺义一模_细则/细则.pdf,pdf,1926195,8a5fc109a03c831523a5ef9c18c7d2cbf8a7eb6b6ba37b7696c66e48b0578429,Y,N,Y
D-2026,/Users/wanglifei/Desktop/2026模拟题/文化_v6.9续作_20260908/核验/五题分档与原件恢复/2025顺义一模_细则/逐页文本_p1.txt,txt,1260,c6022a4cbcabe4aecffe2a277d2b746f726f88950a0bdbdd0392d284ba7f0230,Y,N,N
D-2026,/Users/wanglifei/Desktop/2026模拟题/文化_v6.9续作_20260908/核验/五题分档与原件恢复/2025顺义一模_细则/逐页文本_p10.txt,txt,268,ed4c8bdb6285185f3e4970d5a10805a6d349b5a032675f7597459d1683e97816,Y,N,N
D-2026,/Users/wanglifei/Desktop/2026模拟题/文化_v6.9续作_20260908/核验/五题分档与原件恢复/2025顺义一模_细则/逐页文本_p11.txt,txt,62,50e9dd989b56266115f7b8654715fd2e911a716eaa09a0b8b89653e8f2fe159e,Y,N,N
D-2026,/Users/wanglifei/Desktop/2026模拟题/文化_v6.9续作_20260908/核验/五题分档与原件恢复/2025顺义一模_细则/逐页文本_p2.txt,txt,1047,eda0bb1aa7d8f65f2dcab7acd5c78a0e483a7df304f958dedf59e61a6319bffe,Y,N,N
D-2026,/Users/wanglifei/Desktop/2026模拟题/文化_v6.9续作_20260908/核验/五题分档与原件恢复/2025顺义一模_细则/逐页文本_p3.txt,txt,1319,c7448c41f46fbe9d168f489c8dd9c9f5814f82ab7b620da96633637d3a73a1a2,Y,N,N
D-2026,/Users/wanglifei/Desktop/2026模拟题/文化_v6.9续作_20260908/核验/五题分档与原件恢复/2025顺义一模_细则/逐页文本_p4.txt,txt,1421,722aa2b4bc3e1a74ec50853ef2cabf0655fa0ea263fad8e1fc371efcffe3d619,Y,N,N
D-2026,/Users/wanglifei/Desktop/2026模拟题/文化_v6.9续作_20260908/核验/五题分档与原件恢复/2025顺义一模_细则/逐页文本_p5.txt,txt,1471,ef608ede07e1ad029576338355646fe6149f72b3e77fe2d2a00085d446563407,Y,N,N
D-2026,/Users/wanglifei/Desktop/2026模拟题/文化_v6.9续作_20260908/核验/五题分档与原件恢复/2025顺义一模_细则/逐页文本_p6.txt,txt,941,24041ca7c4aef22acd0c92a140ff663e50e500794a30101f08bd67ee20a0d7a2,Y,N,N
D-2026,/Users/wanglifei/Desktop/2026模拟题/文化_v6.9续作_20260908/核验/五题分档与原件恢复/2025顺义一模_细则/逐页文本_p7.txt,txt,1017,50b27f0705b3b0979e6d6d2fa97e8cfb5f74e619b44c2f68dab104d46b70103f,Y,N,N
D-2026,/Users/wanglifei/Desktop/2026模拟题/文化_v6.9续作_20260908/核验/五题分档与原件恢复/2025顺义一模_细则/逐页文本_p8.txt,txt,1717,f03f273a186d4a551c8a4ad0d8fb074e54280d94b495499a355944cd91bba8a5,Y,N,N
D-2026,/Users/wanglifei/Desktop/2026模拟题/文化_v6.9续作_20260908/核验/五题分档与原件恢复/2025顺义一模_细则/逐页文本_p9.txt,txt,561,f62e3818da87c1503858b672fc6a0f292f26ea813a7b5557772737052f985c63,Y,N,N
D-2026,/Users/wanglifei/Desktop/2026模拟题/文化_v6.9续作_20260908/核验/五题分档与原件恢复/2026东城二模_原卷/2026北京东城高三二模政治（教师版）.pdf,pdf,1411623,9d272efad1988024c4803bb1f62ef4c95978966db3b0fba8bf321fc550fa4aed,Y,N,N
D-2026,/Users/wanglifei/Desktop/2026模拟题/文化_v6.9续作_20260908/核验/五题分档与原件恢复/2026石景山一模_细则/细则.pdf,pdf,423563,995db13d9200a88c4e370ea2429a8aa80a11268131cb58e24f98e6fd62709356,Y,N,Y
D-2026,/Users/wanglifei/Desktop/2026模拟题/文化_v6.9续作_20260908/核验/五题分档与原件恢复/2026石景山一模_细则/逐页文本_p1.txt,txt,1243,d05624ae94c1dc9e4a8c5f3e055b1d496317bdb8d472815c8f0c407312db3738,Y,N,N
D-2026,/Users/wanglifei/Desktop/2026模拟题/文化_v6.9续作_20260908/核验/五题分档与原件恢复/2026石景山一模_细则/逐页文本_p2.txt,txt,1363,586f39fa5fc0307827a69332e841c6e3bb9120a9d25e9803d798d221d3abd22f,Y,N,N
D-2026,/Users/wanglifei/Desktop/2026模拟题/文化_v6.9续作_20260908/核验/五题分档与原件恢复/2026石景山一模_细则/逐页文本_p3.txt,txt,1538,3176685ae7ae4235bf4787e6811e411b36bb8a28e3d09eb4c228bb7c159ad4ee,Y,N,N
D-2026,/Users/wanglifei/Desktop/2026模拟题/文化_v6.9续作_20260908/核验/五题分档与原件恢复/2026石景山一模_细则/逐页文本_p4.txt,txt,1797,61afeee8b37feef50720041df2ebd4406660ba8afaf7a97ca77a69ad82ef4839,Y,N,N
D-2026,/Users/wanglifei/Desktop/2026模拟题/文化_v6.9续作_20260908/核验/五题分档与原件恢复/2026石景山一模_细则/逐页文本_p5.txt,txt,1354,63649226c928142a9f2d28b48ad735a3abd6e22ad99cdc2c2ef5d6daa078b97d,Y,N,N
D-2026,/Users/wanglifei/Desktop/2026模拟题/文化_v6.9续作_20260908/核验/五题分档与原件恢复/2026石景山一模_细则/逐页文本_p6.txt,txt,1259,8c22bd0f4fbf3321d64b906a50583627c2c5c174d1f7f33fe3165c37d683f267,Y,N,N
D-2026,/Users/wanglifei/Desktop/2026模拟题/文化_v6.9续作_20260908/核验/五题分档与原件恢复/2026石景山一模_细则/逐页文本_p7.txt,txt,462,f88fd540d09bbe4c3f4faed17ff0d9c18f4864d53ebc6212c1d9e952f235d171,Y,N,N
D-2026,/Users/wanglifei/Desktop/2026模拟题/文化_v6.9续作_20260908/核验/五题分档与原件恢复/2026顺义一模_细则/细则.pdf,pdf,648989,4051b0e67e367f0c56c0fd7462b5e0bb01b0f49cec866b98c972fd1b1f78dec9,Y,N,Y
D-2026,/Users/wanglifei/Desktop/2026模拟题/文化_v6.9续作_20260908/核验/五题分档与原件恢复/2026顺义一模_细则/逐页文本_p1.txt,txt,96,7964a516ba6340ad8c00ce3660c6ffd23d333334025482fca8750a50ae8149ad,Y,N,N
D-2026,/Users/wanglifei/Desktop/2026模拟题/文化_v6.9续作_20260908/核验/五题分档与原件恢复/2026顺义一模_细则/逐页文本_p10.txt,txt,1995,d239c075dd4c3cd6952da1365e8d41823da6f49706a918a1074601f2e7699f84,Y,N,N
D-2026,/Users/wanglifei/Desktop/2026模拟题/文化_v6.9续作_20260908/核验/五题分档与原件恢复/2026顺义一模_细则/逐页文本_p11.txt,txt,2229,8b7a60424ab0ac5259639c6fad3971aac5ef30bd4c926ce090779ebbf08e7fd8,Y,N,N
D-2026,/Users/wanglifei/Desktop/2026模拟题/文化_v6.9续作_20260908/核验/五题分档与原件恢复/2026顺义一模_细则/逐页文本_p2.txt,txt,672,2e5143c9cf267c2f79098e6002c5ba08cfc2d21828828c84905795082e86d8da,Y,N,N
D-2026,/Users/wanglifei/Desktop/2026模拟题/文化_v6.9续作_20260908/核验/五题分档与原件恢复/2026顺义一模_细则/逐页文本_p3.txt,txt,1276,eaa57835bb0deca9e5a4bb1f3383c425ac645eb92620bbb4cc0912785819ad08,Y,N,N
D-2026,/Users/wanglifei/Desktop/2026模拟题/文化_v6.9续作_20260908/核验/五题分档与原件恢复/2026顺义一模_细则/逐页文本_p4.txt,txt,630,e18ccaa3ca52d47d28a6769bd6c778be725a36f3022c7a5e3e3ae3715eceebcc,Y,N,N
D-2026,/Users/wanglifei/Desktop/2026模拟题/文化_v6.9续作_20260908/核验/五题分档与原件恢复/2026顺义一模_细则/逐页文本_p5.txt,txt,959,d52027c98c62229889f3c446a449f15787dcd4794f679dbd0c0859d914fd72e5,Y,N,N
D-2026,/Users/wanglifei/Desktop/2026模拟题/文化_v6.9续作_20260908/核验/五题分档与原件恢复/2026顺义一模_细则/逐页文本_p6.txt,txt,1442,09077666c141469c28a4d55c0525f2c11b2cedc3b9e2bed215418d5a8e06e097,Y,N,N
D-2026,/Users/wanglifei/Desktop/2026模拟题/文化_v6.9续作_20260908/核验/五题分档与原件恢复/2026顺义一模_细则/逐页文本_p7.txt,txt,681,285b2ae9fd86e8d99c412a192ce6f71da48ac7c60dc8b4abc104ee2d77eebd91,Y,N,N
D-2026,/Users/wanglifei/Desktop/2026模拟题/文化_v6.9续作_20260908/核验/五题分档与原件恢复/2026顺义一模_细则/逐页文本_p8.txt,txt,772,a4f0964cd94815441edfee75aeba136e8fe89a645404d2b6f77c782cbe9be635,Y,N,N
D-2026,/Users/wanglifei/Desktop/2026模拟题/文化_v6.9续作_20260908/核验/五题分档与原件恢复/2026顺义一模_细则/逐页文本_p9.txt,txt,903,160b5e9f6c5ace34932335b5e7d5cceed19a7a839e47004e39b8a96896c72f09,Y,N,N
D-2026,/Users/wanglifei/Desktop/2026模拟题/文化_v6.9续作_20260908/核验/其余八题等级恢复/2025丰台一模_细则/Q16_评分原文与边界.txt,txt,4470,b3d6afc6cfcad32fc545648a1c0ac2073bdda57b50c30e4327dc5018a25b11ce,Y,N,N
D-2026,/Users/wanglifei/Desktop/2026模拟题/文化_v6.9续作_20260908/核验/其余八题等级恢复/2025丰台一模_细则/原件全文.txt,txt,17153,6143a1727aac6953aa2b72a2d5e17c759c6a8f9edfb78c17d6332fdc9a1c915b,Y,N,N
D-2026,/Users/wanglifei/Desktop/2026模拟题/文化_v6.9续作_20260908/核验/其余八题等级恢复/2025丰台一模_细则/细则.pdf,pdf,389241,657efbd4e057a9aebecac362a3484a5e7010505365518cd0cace24ba8fb2f538,Y,N,Y
D-2026,/Users/wanglifei/Desktop/2026模拟题/文化_v6.9续作_20260908/核验/其余八题等级恢复/2025丰台一模_细则/载体转换全文.txt,txt,17751,43fec1cb31079cfe06dc4df152567d525a32b5324b12165bb2f3dd29e3f94ff1,Y,N,N
D-2026,/Users/wanglifei/Desktop/2026模拟题/文化_v6.9续作_20260908/核验/其余八题等级恢复/2025丰台一模_细则/逐页文本_p1.txt,txt,1433,e5725c8a6f89d156e2b9cceec78f824aaa6d92b4fd85db300d83e1b20ce30455,Y,N,N
D-2026,/Users/wanglifei/Desktop/2026模拟题/文化_v6.9续作_20260908/核验/其余八题等级恢复/2025丰台一模_细则/逐页文本_p10.txt,txt,1627,949f2062f522f174c463fa94011a347a2bcf622fa5e8bd55208ad662b3a0e45a,Y,N,N
D-2026,/Users/wanglifei/Desktop/2026模拟题/文化_v6.9续作_20260908/核验/其余八题等级恢复/2025丰台一模_细则/逐页文本_p11.txt,txt,699,27e2db7bf9694c85a4492a3e8b63d63b5506e6b6003b52e32573acb1dea2224e,Y,N,N
D-2026,/Users/wanglifei/Desktop/2026模拟题/文化_v6.9续作_20260908/核验/其余八题等级恢复/2025丰台一模_细则/逐页文本_p2.txt,txt,1679,8b771ae51648630713d895b1346759360aff027c765ad39a2827496c3bb50da9,Y,N,N
D-2026,/Users/wanglifei/Desktop/2026模拟题/文化_v6.9续作_20260908/核验/其余八题等级恢复/2025丰台一模_细则/逐页文本_p3.txt,txt,1751,f0d1ff842099a974b202dae9f28bf3b16f06456596e30e9c5281da312b72068f,Y,N,N
D-2026,/Users/wanglifei/Desktop/2026模拟题/文化_v6.9续作_20260908/核验/其余八题等级恢复/2025丰台一模_细则/逐页文本_p4.txt,txt,1749,49bab59c890f33a95d889ede0a3d1cd435a82f90d3d93df79f5d83b704b6f71a,Y,N,N
D-2026,/Users/wanglifei/Desktop/2026模拟题/文化_v6.9续作_20260908/核验/其余八题等级恢复/2025丰台一模_细则/逐页文本_p5.txt,txt,1810,b90e130686afd4b9fe4fa3bee99ce5bc01c6a351547d7cd2d967b87fdeafce04,Y,N,N
D-2026,/Users/wanglifei/Desktop/2026模拟题/文化_v6.9续作_20260908/核验/其余八题等级恢复/2025丰台一模_细则/逐页文本_p6.txt,txt,1455,3d439849ec891e5d27a27be9537b9ca7a74bb3195f3965d0669e03cb36790341,Y,N,N
D-2026,/Users/wanglifei/Desktop/2026模拟题/文化_v6.9续作_20260908/核验/其余八题等级恢复/2025丰台一模_细则/逐页文本_p7.txt,txt,2025,a8abafc6db00c219e58bfb997766ef41887ad4d2922ceb2f1c2af4d918911ac9,Y,N,N
D-2026,/Users/wanglifei/Desktop/2026模拟题/文化_v6.9续作_20260908/核验/其余八题等级恢复/2025丰台一模_细则/逐页文本_p8.txt,txt,1661,69036bb4c285372ce735d75dd6c3e706d99e60e12e11fbf59eb7faeddb7c5494,Y,N,N
D-2026,/Users/wanglifei/Desktop/2026模拟题/文化_v6.9续作_20260908/核验/其余八题等级恢复/2025丰台一模_细则/逐页文本_p9.txt,txt,1565,6a314f292916a1be8ee0cdb281706cba039733bcb3855acc955fe3d0093d4853,Y,N,N
D-2026,/Users/wanglifei/Desktop/2026模拟题/文化_v6.9续作_20260908/核验/其余八题等级恢复/2026丰台一模_细则/Q16_评分原文与边界.txt,txt,5883,e44f0a10cf1a42b3cae6ae99ec5a387681bf0f3fe03deb3d145b133ec2da8674,Y,N,N
D-2026,/Users/wanglifei/Desktop/2026模拟题/文化_v6.9续作_20260908/核验/其余八题等级恢复/2026丰台一模_细则/兼容副本_未改题文.pdf,pdf,9610254,9bb38984cbdad196cfb5ffeab0f300f4a150147127baa034ccb2e8cf8b652feb,Y,N,N
D-2026,/Users/wanglifei/Desktop/2026模拟题/文化_v6.9续作_20260908/核验/其余八题等级恢复/2026丰台一模_细则/兼容副本_未改题文.pptx,pptx,23019314,d938430c0394f07421f57ede18dc220e2e72877081b656d19c4c1d03e43583a2,Y,N,N
D-2026,/Users/wanglifei/Desktop/2026模拟题/文化_v6.9续作_20260908/核验/其余八题等级恢复/2026丰台一模_细则/载体原生全文.txt,txt,28023,cfa83c1a57c5a00a46735c02e3bba21640c6b111114f6d2348b6b8717f887082,Y,N,N
D-2026,/Users/wanglifei/Desktop/2026模拟题/文化_v6.9续作_20260908/核验/其余八题等级恢复/2026丰台一模_细则/载体转换全文.txt,txt,28092,ad6f288895ff7ec60668a0735565fc2af5c7261166a58e96ded8dbb85b4a9698,Y,N,N
D-2026,/Users/wanglifei/Desktop/2026模拟题/文化_v6.9续作_20260908/核验/其余八题等级恢复/2026丰台一模_细则/逐页文本_p1.txt,txt,85,29e6c422bea5dffced40090979d0160c32c7048987f198fc510e3fdb1830bc4c,Y,N,N
D-2026,/Users/wanglifei/Desktop/2026模拟题/文化_v6.9续作_20260908/核验/其余八题等级恢复/2026丰台一模_细则/逐页文本_p11.txt,txt,389,d54abbdb91630aaac4de20ac52ea0f373b17550e02037d9bfc117c9f558fa739,Y,N,N
D-2026,/Users/wanglifei/Desktop/2026模拟题/文化_v6.9续作_20260908/核验/其余八题等级恢复/2026丰台一模_细则/逐页文本_p2.txt,txt,80,b5fe183f6433c4872700cd4683aea478f091acf9a29c5872be88247d2dd2a828,Y,N,N
D-2026,/Users/wanglifei/Desktop/2026模拟题/文化_v6.9续作_20260908/核验/其余八题等级恢复/2026丰台一模_细则/逐页文本_p3.txt,txt,1273,e4c5f6ab25d8853c627f06eef16b27c93a86f8a9038631cb490395544c1fefc9,Y,N,N
D-2026,/Users/wanglifei/Desktop/2026模拟题/文化_v6.9续作_20260908/核验/其余八题等级恢复/2026丰台一模_细则/逐页文本_p4.txt,txt,792,f00d2f062a447c3f208cb7166c18b8c8fecdf5fcba561fa97d3756178bd9dd54,Y,N,N
D-2026,/Users/wanglifei/Desktop/2026模拟题/文化_v6.9续作_20260908/核验/其余八题等级恢复/2026丰台一模_细则/逐页文本_p5.txt,txt,961,f21c8adf5b0c136970d5729c3f17b8ecaf5d2d8e1767a9054a2afe28ab9bd48b,Y,N,N
D-2026,/Users/wanglifei/Desktop/2026模拟题/文化_v6.9续作_20260908/核验/其余八题等级恢复/2026丰台一模_细则/逐页文本_p8.txt,txt,377,709bebead3ac732fce76cfec9696226cf263d8e018f11bd509acae7f32fb28b4,Y,N,N
D-2026,/Users/wanglifei/Desktop/2026模拟题/文化_v6.9续作_20260908/核验/其余八题等级恢复/2026房山二模_细则/26房山评标.pdf,pdf,451632,8ebcc4e2df1a7e9c7e07a65195580e762eac2b23893dde571dfe28f18e2d0bc9,Y,N,Y
D-2026,/Users/wanglifei/Desktop/2026模拟题/文化_v6.9续作_20260908/核验/其余八题等级恢复/2026房山二模_细则/Q16_评分原文与边界.txt,txt,3422,b46bbae607eef224d32c8f45f1b5de9f64cd66c8e9846ad9f9e45558833ad0f3,Y,N,N
D-2026,/Users/wanglifei/Desktop/2026模拟题/文化_v6.9续作_20260908/核验/其余八题等级恢复/2026房山二模_细则/Q21_评分原文与边界.txt,txt,3660,a6facf62bbc2fbd79ff0068deec5854f740c6d2dcbc4a8a85cfd261895136fa5,Y,N,N
D-2026,/Users/wanglifei/Desktop/2026模拟题/文化_v6.9续作_20260908/核验/其余八题等级恢复/2026房山二模_细则/载体原生全文.txt,txt,11994,f3813f67931a6f4b49588f0b672c66af7d4e49533624946b6ff00dd0531ff9a9,Y,N,N
D-2026,/Users/wanglifei/Desktop/2026模拟题/文化_v6.9续作_20260908/核验/其余八题等级恢复/2026房山二模_细则/载体转换全文.txt,txt,11489,1939941097e00866a808795c0e7c7489402f45b38db2380c1eb5fc751caf3afd,Y,N,N
D-2026,/Users/wanglifei/Desktop/2026模拟题/文化_v6.9续作_20260908/核验/其余八题等级恢复/2026房山二模_细则/逐页文本_p1.txt,txt,2034,060d2ac879f2db884b9b1d148d0a83554e28c66b69320c35c4b65c55a677aa21,Y,N,N
D-2026,/Users/wanglifei/Desktop/2026模拟题/文化_v6.9续作_20260908/核验/其余八题等级恢复/2026房山二模_细则/逐页文本_p2.txt,txt,2829,6cdbd08af24624fbdc9c3e7d55c811705c41effc7d2f7843ab39f9278b1299cf,Y,N,N
D-2026,/Users/wanglifei/Desktop/2026模拟题/文化_v6.9续作_20260908/核验/其余八题等级恢复/2026房山二模_细则/逐页文本_p3.txt,txt,2906,56452f0dfbad14dd188fc235db107cafa980a8af4f64041df25188a4b70845e2,Y,N,N
D-2026,/Users/wanglifei/Desktop/2026模拟题/文化_v6.9续作_20260908/核验/其余八题等级恢复/2026房山二模_细则/逐页文本_p4.txt,txt,1470,8ad0f586d3ad70d80a85076acf2c9e4503b6e1c6b69e551333d755b5b5edee3e,Y,N,N
D-2026,/Users/wanglifei/Desktop/2026模拟题/文化_v6.9续作_20260908/核验/其余八题等级恢复/2026房山二模_细则/逐页文本_p5.txt,txt,1956,fe2cf673d2374c1a5ca92901b549778a055e689a7e3e6f329b3b847375c382f3,Y,N,N
D-2026,/Users/wanglifei/Desktop/2026模拟题/文化_v6.9续作_20260908/核验/其余八题等级恢复/2026房山二模_细则/逐页文本_p6.txt,txt,134,dd99c783f84996ed0dbc0c9ca44ae5ba22214ecae699e7f48c24d09b7e77b52d,Y,N,N
D-2026,/Users/wanglifei/Desktop/2026模拟题/文化_v6.9续作_20260908/核验/其余八题等级恢复/2026海淀一模_细则/Q16_评分原文与边界.txt,txt,1704,709cbbe7a9d8fe504633dbea9f5696dbb79a44a4e437a9b02f7ee8498fb6c50c,Y,N,N
D-2026,/Users/wanglifei/Desktop/2026模拟题/文化_v6.9续作_20260908/核验/其余八题等级恢复/2026海淀一模_细则/载体原生全文.txt,txt,6912,a5d9635073440c67dba6730691e1b902c948e003b315c40c211c677de1368cf9,Y,N,N
D-2026,/Users/wanglifei/Desktop/2026模拟题/文化_v6.9续作_20260908/核验/其余八题等级恢复/2026海淀一模_细则/逐页文本_p1.txt,txt,400,3ca13b0efaee5ed174e9e3a6c45c2d346543b84c52cf2546b737bc423944c20e,Y,N,N
D-2026,/Users/wanglifei/Desktop/2026模拟题/文化_v6.9续作_20260908/核验/其余八题等级恢复/2026石景山二模_原卷/2026北京石景山高三二模政治（教师版）.pdf,pdf,799706,237c5f5a211aed2d7018b4aca0e0f62eb841a1eb0861e4a90335f276eee62d9c,Y,N,N
D-2026,/Users/wanglifei/Desktop/2026模拟题/文化_v6.9续作_20260908/核验/其余八题等级恢复/2026石景山二模_原卷/逐页文本_p1.txt,txt,1316,b61db3c1d4eafaa20eae558f326e9a2b0f62c646d3fb0a00bcf786bfbf6e5520,Y,N,N
D-2026,/Users/wanglifei/Desktop/2026模拟题/文化_v6.9续作_20260908/核验/其余八题等级恢复/2026石景山二模_原卷/逐页文本_p10.txt,txt,1737,4af27d76f8eafc06255d334b6ed5055a845526a0e15ce3637401d3cc1d4973c5,Y,N,N
D-2026,/Users/wanglifei/Desktop/2026模拟题/文化_v6.9续作_20260908/核验/其余八题等级恢复/2026石景山二模_原卷/逐页文本_p11.txt,txt,1556,046b7d4e4611c4f2c24a4a2e9b1ab2bcce9014ac4558dca212d9f298facd41a5,Y,N,N
D-2026,/Users/wanglifei/Desktop/2026模拟题/文化_v6.9续作_20260908/核验/其余八题等级恢复/2026石景山二模_原卷/逐页文本_p12.txt,txt,1676,4c5bef67f53a4f16ff22077e734652f4ba8a34756c17aef51fbe8b572c8efa71,Y,N,N
D-2026,/Users/wanglifei/Desktop/2026模拟题/文化_v6.9续作_20260908/核验/其余八题等级恢复/2026石景山二模_原卷/逐页文本_p13.txt,txt,1197,f20bd56a00985cf17568b7d2f5f6ef35fd057950f080d64f337c7278b1493f25,Y,N,N
D-2026,/Users/wanglifei/Desktop/2026模拟题/文化_v6.9续作_20260908/核验/其余八题等级恢复/2026石景山二模_原卷/逐页文本_p14.txt,txt,1506,a8781d202045fcb97af0996000c1da60a114c96f7a19a26b8ccb359c33901d89,Y,N,N
D-2026,/Users/wanglifei/Desktop/2026模拟题/文化_v6.9续作_20260908/核验/其余八题等级恢复/2026石景山二模_原卷/逐页文本_p15.txt,txt,1335,84ee61799a5a144f1041298f3667afc434d83f39c8da3fa11f0beea5101fdc69,Y,N,N
D-2026,/Users/wanglifei/Desktop/2026模拟题/文化_v6.9续作_20260908/核验/其余八题等级恢复/2026石景山二模_原卷/逐页文本_p16.txt,txt,1619,2c055e36d62e52e5586926d91c9d063b45cc89dfe0a0a616ffad306fefdff1d5,Y,N,N
D-2026,/Users/wanglifei/Desktop/2026模拟题/文化_v6.9续作_20260908/核验/其余八题等级恢复/2026石景山二模_原卷/逐页文本_p17.txt,txt,453,79c2d3508fc8036b5e707f52336e5d6a632a6b2977104bb158c3f180c5e4d6f1,Y,N,N
D-2026,/Users/wanglifei/Desktop/2026模拟题/文化_v6.9续作_20260908/核验/其余八题等级恢复/2026石景山二模_原卷/逐页文本_p2.txt,txt,1686,79a15e948e755772069c4babe63fee9bc35e8eeb7bf29b33ebfd81ad3922fc04,Y,N,N
D-2026,/Users/wanglifei/Desktop/2026模拟题/文化_v6.9续作_20260908/核验/其余八题等级恢复/2026石景山二模_原卷/逐页文本_p3.txt,txt,1814,6ed00afe092d1f044714fb51360de7ed0c372abe2ac6a31d08d4cca20dd8f184,Y,N,N
D-2026,/Users/wanglifei/Desktop/2026模拟题/文化_v6.9续作_20260908/核验/其余八题等级恢复/2026石景山二模_原卷/逐页文本_p4.txt,txt,1578,446b83e3abbe43be357be89eaaf9e9756871a25d018661cee2d71076e7723300,Y,N,N
D-2026,/Users/wanglifei/Desktop/2026模拟题/文化_v6.9续作_20260908/核验/其余八题等级恢复/2026石景山二模_原卷/逐页文本_p5.txt,txt,1647,f38215b3f58b04d84fc5ddffa6e29cf5279be917f9efb7ab5cb7c10cd8ebd3b4,Y,N,N
D-2026,/Users/wanglifei/Desktop/2026模拟题/文化_v6.9续作_20260908/核验/其余八题等级恢复/2026石景山二模_原卷/逐页文本_p6.txt,txt,1788,c9fe9322a6f58fcddad03604c03dd32cc9ced21ab8c852c00ee3e5ddc05c4f87,Y,N,N
D-2026,/Users/wanglifei/Desktop/2026模拟题/文化_v6.9续作_20260908/核验/其余八题等级恢复/2026石景山二模_原卷/逐页文本_p7.txt,txt,1614,7e7703a81fe6e7194df26779dfcbdc8d2150f1bedf386db2db12428dde1d14bc,Y,N,N
D-2026,/Users/wanglifei/Desktop/2026模拟题/文化_v6.9续作_20260908/核验/其余八题等级恢复/2026石景山二模_原卷/逐页文本_p8.txt,txt,1397,61e626ef09b6436f61b9191bf33bfb64668adf2a57101802e1edb509371dfce5,Y,N,N
D-2026,/Users/wanglifei/Desktop/2026模拟题/文化_v6.9续作_20260908/核验/其余八题等级恢复/2026石景山二模_原卷/逐页文本_p9.txt,txt,2057,3dd0cd44378758ee15b6baf023f1c437eea9eb1e8aa48ef78564c5dbe1cad6ea,Y,N,N
D-2026,/Users/wanglifei/Desktop/2026模拟题/文化_v6.9续作_20260908/核验/其余八题等级恢复/2026石景山二模_细则/Q20_评分原文与边界.txt,txt,3222,d3898d4f40ea31c78566eb6a23fb10f8010c92dd514ad9e6281c5ef1311f6205,Y,N,N
D-2026,/Users/wanglifei/Desktop/2026模拟题/文化_v6.9续作_20260908/核验/其余八题等级恢复/2026石景山二模_细则/石景山区高三政治第二次模拟考试答案评分细则(1).pdf,pdf,309044,6dd538a0604a7a1c21267749936de64a3cc651d0a64032dcabbff0a56d965f99,Y,N,Y
D-2026,/Users/wanglifei/Desktop/2026模拟题/文化_v6.9续作_20260908/核验/其余八题等级恢复/2026石景山二模_细则/载体原生全文.txt,txt,7735,777e10e83e2e1ed0b3b18b6b6cbb1aee212531737dc7275ee8ac3a8e9e5da24d,Y,N,N
D-2026,/Users/wanglifei/Desktop/2026模拟题/文化_v6.9续作_20260908/核验/其余八题等级恢复/2026石景山二模_细则/载体转换全文.txt,txt,8705,471b29120b47456de7e8c7f3671abcaf68ceaadb9a4c3168710162c5fe7eda0c,Y,N,N
D-2026,/Users/wanglifei/Desktop/2026模拟题/文化_v6.9续作_20260908/核验/其余八题等级恢复/2026石景山二模_细则/逐页文本_p1.txt,txt,1367,faf8a9e318a5271df27d13732ff14817e72d1f262ef257b2abec8382ec0b0336,Y,N,N
D-2026,/Users/wanglifei/Desktop/2026模拟题/文化_v6.9续作_20260908/核验/其余八题等级恢复/2026石景山二模_细则/逐页文本_p2.txt,txt,1386,c95449937ef7f47fdc951b78841847bc397715dc8b7d4a44c043d9fb9379169e,Y,N,N
D-2026,/Users/wanglifei/Desktop/2026模拟题/文化_v6.9续作_20260908/核验/其余八题等级恢复/2026石景山二模_细则/逐页文本_p3.txt,txt,1783,aef2f0c852ea22baaa52e5d09c8257c16b2fe2967c33cf1449ff388f3b797b00,Y,N,N
D-2026,/Users/wanglifei/Desktop/2026模拟题/文化_v6.9续作_20260908/核验/其余八题等级恢复/2026石景山二模_细则/逐页文本_p4.txt,txt,1781,946a14287983adbf3be5c1a7a4462329f48e77b07c7b45e5f6b79bac1d4aae58,Y,N,N
D-2026,/Users/wanglifei/Desktop/2026模拟题/文化_v6.9续作_20260908/核验/其余八题等级恢复/2026石景山二模_细则/逐页文本_p5.txt,txt,1636,be63f4240729173193a36a01131c1202644d9d8ba3fe719d7a540ab8bb2d8aba,Y,N,N
D-2026,/Users/wanglifei/Desktop/2026模拟题/文化_v6.9续作_20260908/核验/其余八题等级恢复/2026石景山二模_细则/逐页文本_p6.txt,txt,592,34e43272c7a3d59ea29f592066a985ff01bbb02d54cdbef4246054bf42226619,Y,N,N
D-2026,/Users/wanglifei/Desktop/2026模拟题/文化_v6.9续作_20260908/核验/其余八题等级恢复/2026通州期末_细则/Q16_评分原文与边界.txt,txt,5934,00e28ad39690957bba202eee2801bfe74da874641735c635125b28488e1e1a16,Y,N,N
D-2026,/Users/wanglifei/Desktop/2026模拟题/文化_v6.9续作_20260908/核验/其余八题等级恢复/2026通州期末_细则/细则.pdf,pdf,1805334,c490da206680214c1d0cb0d0df062850cd79076ebbdf42c5fbbbdcaea5d30619,Y,N,Y
D-2026,/Users/wanglifei/Desktop/2026模拟题/文化_v6.9续作_20260908/核验/其余八题等级恢复/2026通州期末_细则/载体原生全文.txt,txt,19602,ee3ffa7c219c739cffb8729b06e3d7a60588a28567d437822b643060cef77d96,Y,N,N
D-2026,/Users/wanglifei/Desktop/2026模拟题/文化_v6.9续作_20260908/核验/其余八题等级恢复/2026通州期末_细则/载体转换全文.txt,txt,20474,5057d8d4af622439d44fd8e3afb0db0f968bf0ea26ff74f8d4d4ffc5fa2e1673,Y,N,N
D-2026,/Users/wanglifei/Desktop/2026模拟题/文化_v6.9续作_20260908/核验/其余八题等级恢复/2026通州期末_细则/逐页文本_p2.txt,txt,1309,51af87ff44cb53da7f0c7ec89486e74188d41b934e85d234ea695f792488b03c,Y,N,N
D-2026,/Users/wanglifei/Desktop/2026模拟题/文化_v6.9续作_20260908/核验/其余八题等级恢复/2026通州期末_细则/逐页文本_p3.txt,txt,725,9f7f1dcca200924160efe2d24991bcaa60b7db12cd427223e1bb35b607b8bb7a,Y,N,N
D-2026,/Users/wanglifei/Desktop/2026模拟题/文化_v6.9续作_20260908/核验/其余八题等级恢复/2026通州期末_细则/逐页文本_p4.txt,txt,1535,d86818edf0b8d25dfd745d80da1b459079f631290ee79622fdd390ecb11ca256,Y,N,N
D-2026,/Users/wanglifei/Desktop/2026模拟题/文化_v6.9续作_20260908/核验/其余八题等级恢复/2026通州期末_细则/逐页文本_p5.txt,txt,1294,3b96da7f9c4852adadb648ed16b59ee80a9ba3f7f1e69111634349af43f87768,Y,N,N
D-2026,/Users/wanglifei/Desktop/2026模拟题/文化_v6.9续作_20260908/核验/其余八题等级恢复/2026顺义二模_细则/26顺义二模评标.pdf,pdf,456830,5afe358f81a116122b096f8116a892a82f0159befa3a4c90e3e860f09036e0b3,Y,N,Y
D-2026,/Users/wanglifei/Desktop/2026模拟题/文化_v6.9续作_20260908/核验/其余八题等级恢复/2026顺义二模_细则/Q16_评分原文与边界.txt,txt,9576,e1153cd7f8958be5dd3aa76538f1f9d0a377b1d48cd14cde52f665c2c9faa622,Y,N,N
D-2026,/Users/wanglifei/Desktop/2026模拟题/文化_v6.9续作_20260908/核验/其余八题等级恢复/2026顺义二模_细则/载体原生全文.txt,txt,19461,b0ab1148a36873ae52cf64d6f4ab02a995bcbbafc3d34d73a7bf86dcf85b8e99,Y,N,N
D-2026,/Users/wanglifei/Desktop/2026模拟题/文化_v6.9续作_20260908/核验/其余八题等级恢复/2026顺义二模_细则/载体转换全文.txt,txt,19369,e159d16396d5d3cf87f163317ab293e477bd1d3f6c54b1003b797019e434e07c,Y,N,N
D-2026,/Users/wanglifei/Desktop/2026模拟题/文化_v6.9续作_20260908/核验/其余八题等级恢复/2026顺义二模_细则/逐页文本_p1.txt,txt,976,17866cb33bb513eb6831057f404f47135d914193a0fcd8a224be8be83e537b98,Y,N,N
D-2026,/Users/wanglifei/Desktop/2026模拟题/文化_v6.9续作_20260908/核验/其余八题等级恢复/2026顺义二模_细则/逐页文本_p2.txt,txt,2306,95a2407c1a718e37167cecf744d8afaa8623619095355d72731ceccac4e217f7,Y,N,N
D-2026,/Users/wanglifei/Desktop/2026模拟题/文化_v6.9续作_20260908/核验/其余八题等级恢复/2026顺义二模_细则/逐页文本_p3.txt,txt,1962,13c52d5b14d7bcc7dcf35ef6540ba271db557387eff324ef292cfbd43b8a3357,Y,N,N
D-2026,/Users/wanglifei/Desktop/2026模拟题/文化_v6.9续作_20260908/核验/其余八题等级恢复/2026顺义二模_细则/逐页文本_p4.txt,txt,2484,b97f1b78c2cf4ba2d4838aca11df88e9f9cea860d5f419566bb0a2b723805129,Y,N,N
D-2026,/Users/wanglifei/Desktop/2026模拟题/文化_v6.9续作_20260908/核验/其余八题等级恢复/2026顺义二模_细则/逐页文本_p5.txt,txt,2410,d37780ad07ac99dd6d0de9a410e237134fd05851c81de07fa5785021a28e171f,Y,N,N
D-2026,/Users/wanglifei/Desktop/2026模拟题/文化_v6.9续作_20260908/核验/其余八题等级恢复/2026顺义二模_细则/逐页文本_p6.txt,txt,2453,8b6c273d16fd6f7b889a9248f99fc95b49555d023754a2a3ed8101f05b99d5bf,Y,N,N
D-2026,/Users/wanglifei/Desktop/2026模拟题/文化_v6.9续作_20260908/核验/其余八题等级恢复/2026顺义二模_细则/逐页文本_p7.txt,txt,1859,7de5560f576c3bb110e96ed01500cdd2dae58ce0fac653df5dd2f9cbcebe26ed,Y,N,N
D-2026,/Users/wanglifei/Desktop/2026模拟题/文化_v6.9续作_20260908/核验/其余八题等级恢复/2026顺义二模_细则/逐页文本_p8.txt,txt,1348,7ed21fece51cf6d02073cd00216c6fe727b632addff80275fe0db6c8ad11a769,Y,N,N
D-2026,/Users/wanglifei/Desktop/2026模拟题/文化_v6.9续作_20260908/核验/其余八题等级恢复/2026顺义二模_细则/逐页文本_p9.txt,txt,3330,959160981820456615f9b639cf2e5f9ef807c3d997fc0b0af809cdde4d15d475,Y,N,N
D-2026,/Users/wanglifei/Desktop/2026模拟题/文化_v6.9续作_20260908/核验/剩余主观证据/朝阳PPT渲染/细则.pdf,pdf,3688237,b7b649037ef45088616dc5daf3eca6aef0d9978453b0763c05b271ec67994441,Y,N,Y
D-2026,/Users/wanglifei/Desktop/2026模拟题/文化_v6.9续作_20260908/核验/剩余主观证据/朝阳原卷_准确渲染文本.txt,txt,19558,4195d6a2e0d718a73413b6c7e864262cbfce734c9bc1653fab16b1a57367b7b8,Y,N,Y
D-2026,/Users/wanglifei/Desktop/2026模拟题/文化_v6.9续作_20260908/核验/剩余主观证据/朝阳原卷_渲染文本.txt,txt,19558,4195d6a2e0d718a73413b6c7e864262cbfce734c9bc1653fab16b1a57367b7b8,Y,N,Y
D-2026,/Users/wanglifei/Desktop/2026模拟题/文化_v6.9续作_20260908/核验/剩余主观证据/朝阳字体渲染/细则.pdf,pdf,4509673,08b467f95bdeb0b7468ff255855c960562fb4ac99158919e5c62bac97a7df7cb,Y,N,Y
D-2026,/Users/wanglifei/Desktop/2026模拟题/文化_v6.9续作_20260908/核验/剩余主观证据/朝阳渲染/细则.pdf,pdf,100640,837f82ed49f42cec1d9fb65933ea28223a237aff52c05e606c6919c4d053536b,Y,N,Y
D-2026,/Users/wanglifei/Desktop/2026模拟题/文化_v6.9续作_20260908/核验/剩余主观证据/朝阳补充字体渲染/细则.pdf,pdf,212759,6c46f0084cd7e161821e782ffa4acdf153c5c6656af3ebedea9673a75b538fae,Y,N,Y
D-2026,/Users/wanglifei/Desktop/2026模拟题/文化_v6.9续作_20260908/核验/剩余主观证据/朝阳补充细则_全文.txt,txt,5244,aefceb5170856c43486e83e33d4076290a01af352eb032d6500d9823e4fef5f9,Y,N,Y
D-2026,/Users/wanglifei/Desktop/2026模拟题/文化_v6.9续作_20260908/核验/剩余主观证据/朝阳补充细则_渲染文本.txt,txt,5195,ed3aad27b258175d83e2824809ae177c20adccd2e52527e304ea20767f9bd446,Y,N,Y
D-2026,/Users/wanglifei/Desktop/2026模拟题/文化_v6.9续作_20260908/核验/剩余主观证据/朝阳讲评_全文.txt,txt,31554,b9a831dc7030b37aed4a3fbf028405fa07f0a7cc0c7328b260ef5163ed976f14,Y,N,Y
D-2026,/Users/wanglifei/Desktop/2026模拟题/文化_v6.9续作_20260908/核验/剩余主观证据/石景山原卷_全文.txt,txt,24230,93ecaef1dcca4cbfaa228fa0e7472e1084a0d2f5d2c3bdd9519b4057eb2a5b14,Y,N,Y
D-2026,/Users/wanglifei/Desktop/2026模拟题/文化_v6.9续作_20260908/核验/剩余主观证据/石景山原卷_准确渲染文本.txt,txt,24704,50c1b9c3795378d56ff71b60a0142146b0a28ab5d55f67e8e20c4e32ccef68b7,Y,N,Y
D-2026,/Users/wanglifei/Desktop/2026模拟题/文化_v6.9续作_20260908/核验/剩余主观证据/石景山原卷_渲染文本.txt,txt,24205,aca86cdf1c4ee1ecbff2befce33adefd9e9187d772723742320a5aaed7ca2ecf,Y,N,Y
D-2026,/Users/wanglifei/Desktop/2026模拟题/文化_v6.9续作_20260908/核验/剩余主观证据/石景山原始嵌入图/slide26_image37.txt,txt,733,bed784d5b44669dec6895cc64b2e752d6813d68c837d34805350f22089b97bbe,Y,N,N
D-2026,/Users/wanglifei/Desktop/2026模拟题/文化_v6.9续作_20260908/核验/剩余主观证据/石景山原始嵌入图/slide48_image46.txt,txt,745,ca1b4e9625b416578e5ffa37834ac0c36d5043d42853e35497242ab02f582c79,Y,N,N
D-2026,/Users/wanglifei/Desktop/2026模拟题/文化_v6.9续作_20260908/核验/剩余主观证据/石景山原始嵌入图/slide50_image49.txt,txt,777,43b75d36035c2aa798892cb992dc23dddc0726e63203709495887d75810e3dc3,Y,N,N
D-2026,/Users/wanglifei/Desktop/2026模拟题/文化_v6.9续作_20260908/核验/剩余主观证据/石景山字体渲染/细则.pdf,pdf,7241942,cbafa1a1c51c01e7813ccac219530969caf69619dab6ad17c2e420561af07d88,Y,N,Y
D-2026,/Users/wanglifei/Desktop/2026模拟题/文化_v6.9续作_20260908/核验/剩余主观证据/石景山字体渲染/试卷.pdf,pdf,888149,57df99faaea13eec9c2bf83d98f01b39962b1668213693a2469ae5c4075981eb,Y,N,Y
D-2026,/Users/wanglifei/Desktop/2026模拟题/文化_v6.9续作_20260908/核验/剩余主观证据/石景山完整渲染/细则.pdf,pdf,6213463,5b7558eaad745e9146d0bec84a480797e9082b4c6dc6c01fd8a3c28d57bd8b56,Y,N,Y
D-2026,/Users/wanglifei/Desktop/2026模拟题/文化_v6.9续作_20260908/核验/剩余主观证据/石景山完整渲染/试卷.pdf,pdf,375883,f8792b0069acdcabfba021725c5d7999318887722910f37b19597506d2d4913e,Y,N,Y
D-2026,/Users/wanglifei/Desktop/2026模拟题/文化_v6.9续作_20260908/核验/剩余主观证据/石景山渲染/细则.pdf,pdf,6213463,f4cf1ec5db89e58b3a700152a72962ff720c7ed9e9252f87937f49a60dfb62bd,Y,N,Y
D-2026,/Users/wanglifei/Desktop/2026模拟题/文化_v6.9续作_20260908/核验/剩余主观证据/石景山渲染/试卷.pdf,pdf,375883,6c405868486b3569a0ec2bf4a72514403547f9cbad99aa7ce0973892b6eab0c6,Y,N,Y
D-2026,/Users/wanglifei/Desktop/2026模拟题/文化_v6.9续作_20260908/核验/剩余主观证据/石景山讲评_全文.txt,txt,34628,336fce24d4135c546afaefb78a6957b1667517c4ce3191d30b9a93835459ad1b,Y,N,Y
D-2026,/Users/wanglifei/Desktop/2026模拟题/文化_v6.9续作_20260908/核验/剩余主观证据/石景山讲评_渲染文本.txt,txt,37868,d7d689d6d8178dc5e0d9d13e78cb80c912db285d70468c6123f25e21ee7b5145,Y,N,Y
D-2026,/Users/wanglifei/Desktop/2026模拟题/文化_v6.9续作_20260908/核验/剩余客观证据/2026丰台期末_公开试卷及答案.pdf,pdf,9309346,017f91fa9aeddfe8e04863367cad02ebb9a29d851759bb28d656509e93e64af5,Y,N,Y
D-2026,/Users/wanglifei/Desktop/2026模拟题/文化_v6.9续作_20260908/核验/在册六题评分回证_B13_B15_B23_B27_B45_B47/LOCAL-067_缓存全文.txt,txt,15521,9c3d0aa6bf1859665166ff089bfdb87c240b1ff874d7e1cb17035fa83c169614,Y,N,N
D-2026,/Users/wanglifei/Desktop/2026模拟题/文化_v6.9续作_20260908/核验/在册六题评分回证_B13_B15_B23_B27_B45_B47/LOCAL-109_缓存全文.txt,txt,6748,47fbebc4ede9f37b8379dbfc087e8d7d86de40daf14c559b699bb985e1678e6d,Y,N,N
D-2026,/Users/wanglifei/Desktop/2026模拟题/文化_v6.9续作_20260908/核验/在册六题评分回证_B13_B15_B23_B27_B45_B47/LOCAL-110_缓存全文.txt,txt,5995,7c5f8071e097b77e90643a6013664ea5c61d974bfda0b7c2eb7ae92461a011f1,Y,N,N
D-2026,/Users/wanglifei/Desktop/2026模拟题/文化_v6.9续作_20260908/核验/在册六题评分回证_B13_B15_B23_B27_B45_B47/LOCAL-147_缓存全文.txt,txt,12927,af57e236eb6f7840640bfb1eec7e1342379f097f4f400a36bc16a3419a513f67,Y,N,N
D-2026,/Users/wanglifei/Desktop/2026模拟题/文化_v6.9续作_20260908/核验/在册六题评分回证_B13_B15_B23_B27_B45_B47/LOCAL-158_缓存全文.txt,txt,13559,42a6830e6b172deb4321dae0b5245ac6387aefa3257ad3565e08d2b59c9c4157,Y,N,N
D-2026,/Users/wanglifei/Desktop/2026模拟题/文化_v6.9续作_20260908/核验/在册六题评分回证_B13_B15_B23_B27_B45_B47/LOCAL-168_缓存全文.txt,txt,3393,c7722263690d2172ec9c846816526d8bfe3e461f58fff965a95c2fb261199eee,Y,N,N
D-2026,/Users/wanglifei/Desktop/2026模拟题/文化_v6.9续作_20260908/核验/最后五题评分回证_B29_B31_B36_B38_B40/B29_同题正式载体转录.txt,txt,1535,f34cff00189272a4da3dc8f85cb1d9ecd795ce22e4db3bc93239bed682212ab0,Y,N,N
D-2026,/Users/wanglifei/Desktop/2026模拟题/文化_v6.9续作_20260908/核验/最后五题评分回证_B29_B31_B36_B38_B40/B31_同题正式载体转录.txt,txt,2036,1412bddb6575b2d6a57d43950eedff1c0a05083fb8269bdc8d2357155804ae59,Y,N,N
D-2026,/Users/wanglifei/Desktop/2026模拟题/文化_v6.9续作_20260908/核验/最后五题评分回证_B29_B31_B36_B38_B40/B36_同题正式载体转录.txt,txt,2123,4c6758cd6e4dd234ce7d24f0031794460b705b0c9fa712fd8758de7008ab98c9,Y,N,N
D-2026,/Users/wanglifei/Desktop/2026模拟题/文化_v6.9续作_20260908/核验/最后五题评分回证_B29_B31_B36_B38_B40/B38_同题正式载体转录.txt,txt,918,8556add66183680fd69b29a98b12e1282cb7886f4769b9874f39877620eee09f,Y,N,N
D-2026,/Users/wanglifei/Desktop/2026模拟题/文化_v6.9续作_20260908/核验/最后五题评分回证_B29_B31_B36_B38_B40/B40_同题正式载体转录.txt,txt,2192,85cef3d9025adc89e77c8332f49937f7da32c62123d62f86bcbf9d657f127b9e,Y,N,N
D-2026,/Users/wanglifei/Desktop/2026模拟题/文化_v6.9续作_20260908/核验/最后五题评分回证_B29_B31_B36_B38_B40/LOCAL-067_缓存全文.txt,txt,15521,9c3d0aa6bf1859665166ff089bfdb87c240b1ff874d7e1cb17035fa83c169614,Y,N,N
D-2026,/Users/wanglifei/Desktop/2026模拟题/文化_v6.9续作_20260908/核验/最后五题评分回证_B29_B31_B36_B38_B40/LOCAL-071_缓存全文.txt,txt,7490,6b980aec344d5ff4b98d7f3559fc44a859aea26ea74734549de87deee2c587bf,Y,N,N
D-2026,/Users/wanglifei/Desktop/2026模拟题/文化_v6.9续作_20260908/核验/最后五题评分回证_B29_B31_B36_B38_B40/LOCAL-153_缓存全文.txt,txt,7105,d3b47042275b3ff75a6eec65abfb21ae80d139094acb39ac5377b554c8e5ce60,Y,N,N
D-2026,/Users/wanglifei/Desktop/2026模拟题/文化_v6.9续作_20260908/核验/最后五题评分回证_B29_B31_B36_B38_B40/LOCAL-181_缓存全文.txt,txt,13,94f59a48294d99f8d9b7632cd5a1742670c7735fe37ec7c555aab939b635fdde,Y,N,N
D-2026,/Users/wanglifei/Desktop/2026模拟题/文化_v6.9续作_20260908/核验/最后五题评分回证_B29_B31_B36_B38_B40/LOCAL-190_缓存全文.txt,txt,13351,22b9116f143dc58da3f8402fcb28fd84dea28b592553abf08436f62d2bbf3fc7,Y,N,N
D-2026,/Users/wanglifei/Desktop/2026模拟题/文化_v6.9续作_20260908/核验/题源覆盖/2023高考20原卷补证/2023高考20_完整题面截图逐字转录.txt,txt,1106,b4d172d457e204ca8489fe4e50fa8d811822b8379ec4db3515265d2aa3de8ce6,Y,N,N
D-2026,/Users/wanglifei/Desktop/2026模拟题/文化_v6.9续作_20260908/核验/题源覆盖/2026主观缺题逐项回证/2026-丰台-二模_22_同题评分完整条目.txt,txt,10991,c6977be6570c7a53832ff235c18d5fa9d34d1abb6aaf7de7165acbaa462693c9,Y,N,N
D-2026,/Users/wanglifei/Desktop/2026模拟题/文化_v6.9续作_20260908/核验/题源覆盖/2026主观缺题逐项回证/2026-丰台-二模_22_完整原题.txt,txt,1464,4c33b1bbef6f622db04cbbb24e497541069e06e1b0ffcd3b94cd763b0d16fb48,Y,N,N
D-2026,/Users/wanglifei/Desktop/2026模拟题/文化_v6.9续作_20260908/核验/题源覆盖/2026主观缺题逐项回证/2026-北京-高考_16_同题评分完整条目.txt,txt,870,3e9d3f4ba0caad86b653ffc810e53d033e8d4c916da85c1e3642e0bfa5e28ddf,Y,N,N
D-2026,/Users/wanglifei/Desktop/2026模拟题/文化_v6.9续作_20260908/核验/题源覆盖/2026主观缺题逐项回证/2026-北京-高考_16_完整原题.txt,txt,1195,3804cf8d3a9d43e4e6984b71848c52ef264e86284264123faf0fbdc432aa7c81,Y,N,N
D-2026,/Users/wanglifei/Desktop/2026模拟题/文化_v6.9续作_20260908/核验/题源覆盖/2026主观缺题逐项回证/2026-北京-高考_21_同题评分完整条目.txt,txt,1480,bacad8ac3f06dc560efc1dbe170d33dceaadd2e64e520c965117158e62b80a08,Y,N,N
D-2026,/Users/wanglifei/Desktop/2026模拟题/文化_v6.9续作_20260908/核验/题源覆盖/2026主观缺题逐项回证/2026-北京-高考_21_完整原题.txt,txt,1587,1e0e09cdabfc906e3f669323fd5254d67875f3a122e34797404a3267424f80c5,Y,N,N
D-2026,/Users/wanglifei/Desktop/2026模拟题/文化_v6.9续作_20260908/核验/题源覆盖/2026主观缺题逐项回证/2026-石景山-期末_18_1_同题评分完整条目.txt,txt,1885,b196eda615f62952f70cb198db2b088f4d1e5444af246f7c62b6374e67b147ab,Y,N,N
D-2026,/Users/wanglifei/Desktop/2026模拟题/文化_v6.9续作_20260908/核验/题源覆盖/2026主观缺题逐项回证/2026-石景山-期末_18_1_完整原题.txt,txt,1435,82d09b32d70104cb9a43d20485f9e1140e7420b2898c62bbffc46272a3109e82,Y,N,N
D-2026,/Users/wanglifei/Desktop/2026模拟题/文化_v6.9续作_20260908/核验/题源覆盖/2026主观缺题逐项回证/2026-通州-一模_21_同题评分完整条目.txt,txt,3207,9a413edeca4eb0f07976a87da345dcc1cfcc03184246a6ba16e02c4997e58b76,Y,N,N
D-2026,/Users/wanglifei/Desktop/2026模拟题/文化_v6.9续作_20260908/核验/题源覆盖/2026主观缺题逐项回证/2026-通州-一模_21_完整原题.txt,txt,1313,57961b4021f803b6002aa704428beaa9b7429f882a670d9ef7a167188d57463b,Y,N,N
D-2026,/Users/wanglifei/Desktop/2026模拟题/文化_v6.9续作_20260908/核验/题源覆盖/2026主观缺题逐项回证/2026-顺义-二模_21_同题评分完整条目.txt,txt,6033,6eeb0b7dd0c0c5a4e38c749ffdf024ae686f09bee87a2722034fc1801b3e8a4a,Y,N,N
D-2026,/Users/wanglifei/Desktop/2026模拟题/文化_v6.9续作_20260908/核验/题源覆盖/2026主观缺题逐项回证/2026-顺义-二模_21_完整原题.txt,txt,2034,a1a0ed58768e71a7870e0bc3b07b08e0e584d8efc0475f0b42a616d7216025fd,Y,N,N
D-2026,/Users/wanglifei/Desktop/2026模拟题/文化_v6.9续作_20260908/核验/题源覆盖/2026选择题缺题裁决/一二模及高考原页/LOCAL-155/试卷.pdf,pdf,415954,b491385c93893373e225fce8ad2ee05079776d94661cc51a836555df5a261c98,Y,N,Y
D-2026,/Users/wanglifei/Desktop/2026模拟题/文化_v6.9续作_20260908/核验/题源覆盖/2026选择题缺题裁决/一二模及高考原页/LOCAL-176/2026北京朝阳高三二模政治（教师版）.pdf,pdf,476136,4c8372da737f2721a2d2f93cb86e848f52aeb4c4c7d1e2beb93f2f24d4942d3b,Y,N,N
D-2026,/Users/wanglifei/Desktop/2026模拟题/文化_v6.9续作_20260908/核验/题源覆盖/2026选择题缺题裁决/一二模及高考原页/LOCAL-178/2026北京海淀高三二模政治（教师版）.pdf,pdf,1065914,42ad352b105f08a1dd473cab1b772d48d9dd96fe7c0cd23a5debc34c19848aab,Y,N,N
D-2026,/Users/wanglifei/Desktop/2026模拟题/文化_v6.9续作_20260908/核验/题源覆盖/2026选择题缺题裁决/公开客观答案补证/85575.pdf,pdf,1071888,7e8459799372cef82e54c974b5480b797669110619e3bcd4a59032d511a412ca,Y,N,N
D-2026,/Users/wanglifei/Desktop/2026模拟题/文化_v6.9续作_20260908/核验/题源覆盖/2026选择题缺题裁决/公开客观答案补证/85615.pdf,pdf,982031,95deaa68c55f601f144c0229f3343c2f52f793427e24c7a99f47dee68171ae32,Y,N,N
D-2026,/Users/wanglifei/Desktop/2026模拟题/文化_v6.9续作_20260908/核验/题源覆盖/2026选择题缺题裁决/公开客观答案补证/85655.pdf,pdf,11902840,fcf7d713bff88a5708eec5f78030bd1905053d26b7eeb46df48abadb112aafc8,Y,N,N
D-2026,/Users/wanglifei/Desktop/2026模拟题/文化_v6.9续作_20260908/核验/题源覆盖/2026选择题缺题裁决/公开客观答案补证/85924.pdf,pdf,8275662,0679af86e9bea499a371e01c1cfb2779f9f79021f2bad178e0ee559bf677cea2,Y,N,N
D-2026,/Users/wanglifei/Desktop/2026模拟题/文化_v6.9续作_20260908/核验/题源覆盖/2026选择题缺题裁决/海淀期中余两题/公开原卷及答案.pdf,pdf,805489,338934a0db1cc8269a6c0e485fae7dc4774e521a0f5b6eef0999b6cf7a2616da,Y,N,Y
D-2026,/Users/wanglifei/Desktop/2026模拟题/文化_v6.9续作_20260908/核验/题源覆盖/2026逐题筛查/LOCAL-140_原文.txt,txt,22384,45df6144c077f86d0b48ced25f66f3a135f4323903fd056de28bc2e36ace6915,Y,N,N
D-2026,/Users/wanglifei/Desktop/2026模拟题/文化_v6.9续作_20260908/核验/题源覆盖/2026逐题筛查/LOCAL-140_原题待读.txt,txt,18597,aacecbe0421ae5d32297e6e5accb426e48304302c5bd352ca431ca923ec832db,Y,N,N
D-2026,/Users/wanglifei/Desktop/2026模拟题/文化_v6.9续作_20260908/核验/题源覆盖/2026逐题筛查/LOCAL-142_原文.txt,txt,22902,95ff790234d029aec8fb72fa18900b283f554e8a40acc74e5c0f45589c5d207b,Y,N,N
D-2026,/Users/wanglifei/Desktop/2026模拟题/文化_v6.9续作_20260908/核验/题源覆盖/2026逐题筛查/LOCAL-142_原题待读.txt,txt,22902,95ff790234d029aec8fb72fa18900b283f554e8a40acc74e5c0f45589c5d207b,Y,N,N
D-2026,/Users/wanglifei/Desktop/2026模拟题/文化_v6.9续作_20260908/核验/题源覆盖/2026逐题筛查/LOCAL-144_原文.txt,txt,26233,7d8d2378ebee015d6f6593eec93be72bcf264071186c7d1ef08d68731a027908,Y,N,N
D-2026,/Users/wanglifei/Desktop/2026模拟题/文化_v6.9续作_20260908/核验/题源覆盖/2026逐题筛查/LOCAL-144_原题待读.txt,txt,21416,5c083ed6644f0d34acd4feb11152deb52f8ee9d7dd43e4f372b1d3ca533c3c34,Y,N,N
D-2026,/Users/wanglifei/Desktop/2026模拟题/文化_v6.9续作_20260908/核验/题源覆盖/2026逐题筛查/LOCAL-146_原文.txt,txt,20487,b59ea3e3f3879a60298d2b20514ac8c1e1584459c5d390ced8d72060822ede84,Y,N,N
D-2026,/Users/wanglifei/Desktop/2026模拟题/文化_v6.9续作_20260908/核验/题源覆盖/2026逐题筛查/LOCAL-146_原题待读.txt,txt,20487,b59ea3e3f3879a60298d2b20514ac8c1e1584459c5d390ced8d72060822ede84,Y,N,N
D-2026,/Users/wanglifei/Desktop/2026模拟题/文化_v6.9续作_20260908/核验/题源覆盖/2026逐题筛查/LOCAL-148_原文.txt,txt,39454,9558c89fb575daa3f30262ff568d6c379561fe55e0c72664c78cbba4d771f37f,Y,N,N
D-2026,/Users/wanglifei/Desktop/2026模拟题/文化_v6.9续作_20260908/核验/题源覆盖/2026逐题筛查/LOCAL-148_原题待读.txt,txt,21470,f3ff7b4b33ec3132f3f35fedc457edd561e8b6bc75c90838831619bcab321875,Y,N,N
D-2026,/Users/wanglifei/Desktop/2026模拟题/文化_v6.9续作_20260908/核验/题源覆盖/2026逐题筛查/LOCAL-150_原文.txt,txt,19595,3a622c74097a6157f72614ced5c72a6d2fe0414a2eec8d3fa1d197bc1c7bf871,Y,N,N
D-2026,/Users/wanglifei/Desktop/2026模拟题/文化_v6.9续作_20260908/核验/题源覆盖/2026逐题筛查/LOCAL-150_原题待读.txt,txt,19595,3a622c74097a6157f72614ced5c72a6d2fe0414a2eec8d3fa1d197bc1c7bf871,Y,N,N
D-2026,/Users/wanglifei/Desktop/2026模拟题/文化_v6.9续作_20260908/核验/题源覆盖/2026逐题筛查/LOCAL-152_原文.txt,txt,27602,ef0e8c5de92c63f343b91218eb53bd79acdd1f104abb43ff5dea80072c9c59e8,Y,N,N
D-2026,/Users/wanglifei/Desktop/2026模拟题/文化_v6.9续作_20260908/核验/题源覆盖/2026逐题筛查/LOCAL-152_原题待读.txt,txt,20919,e127b1e38a19d5cd9488db61f23d1499a1967020d1eb7c7e0f82608d2d43ea24,Y,N,N
D-2026,/Users/wanglifei/Desktop/2026模拟题/文化_v6.9续作_20260908/核验/题源覆盖/2026逐题筛查/LOCAL-155_原文.txt,txt,26464,55d8e832893dbfbd6dd70b8066f356f2386d8d4279af8981bfe405eb29a54933,Y,N,N
D-2026,/Users/wanglifei/Desktop/2026模拟题/文化_v6.9续作_20260908/核验/题源覆盖/2026逐题筛查/LOCAL-155_原题待读.txt,txt,20689,07604ec5dd41caf6d805cfa208151125bca3d942ccf911d01e3db3389ffdd0aa,Y,N,N
D-2026,/Users/wanglifei/Desktop/2026模拟题/文化_v6.9续作_20260908/核验/题源覆盖/2026逐题筛查/LOCAL-157_原文.txt,txt,19833,5ec892c092091af5f2a48271ec9c81cb80064905831100aa5ec6702d0c10fa66,Y,N,N
D-2026,/Users/wanglifei/Desktop/2026模拟题/文化_v6.9续作_20260908/核验/题源覆盖/2026逐题筛查/LOCAL-157_原题待读.txt,txt,19833,5ec892c092091af5f2a48271ec9c81cb80064905831100aa5ec6702d0c10fa66,Y,N,N
D-2026,/Users/wanglifei/Desktop/2026模拟题/文化_v6.9续作_20260908/核验/题源覆盖/2026逐题筛查/LOCAL-159_原文.txt,txt,22617,db11d982bfeb69b186eb3c4760e9f609e9bbcf7185a364f5fb55525f66e89717,Y,N,N
D-2026,/Users/wanglifei/Desktop/2026模拟题/文化_v6.9续作_20260908/核验/题源覆盖/2026逐题筛查/LOCAL-159_原题待读.txt,txt,22617,db11d982bfeb69b186eb3c4760e9f609e9bbcf7185a364f5fb55525f66e89717,Y,N,N
D-2026,/Users/wanglifei/Desktop/2026模拟题/文化_v6.9续作_20260908/核验/题源覆盖/2026逐题筛查/LOCAL-161_原文.txt,txt,26822,911cffe2361e745de85deb4960da8b0c02de2ba55b7a7357cca870f226df9226,Y,N,N
D-2026,/Users/wanglifei/Desktop/2026模拟题/文化_v6.9续作_20260908/核验/题源覆盖/2026逐题筛查/LOCAL-161_原题待读.txt,txt,26822,911cffe2361e745de85deb4960da8b0c02de2ba55b7a7357cca870f226df9226,Y,N,N
D-2026,/Users/wanglifei/Desktop/2026模拟题/文化_v6.9续作_20260908/核验/题源覆盖/2026逐题筛查/LOCAL-169_原文.txt,txt,20452,4b5efd156388b326ee321b9273193b7df4824de0d9a0ad088da24ec01cd5a964,Y,N,N
D-2026,/Users/wanglifei/Desktop/2026模拟题/文化_v6.9续作_20260908/核验/题源覆盖/2026逐题筛查/LOCAL-169_原题待读.txt,txt,16883,0a5a559307928be37f9b2de3ebc77890134870f31d7358baae81d2343e712bb7,Y,N,N
D-2026,/Users/wanglifei/Desktop/2026模拟题/文化_v6.9续作_20260908/核验/题源覆盖/2026逐题筛查/LOCAL-171_原文.txt,txt,24805,9319eaaf6ad324bb66e881efb19e29c7b2f99558e4d0eda63a100f60216bdd50,Y,N,N
D-2026,/Users/wanglifei/Desktop/2026模拟题/文化_v6.9续作_20260908/核验/题源覆盖/2026逐题筛查/LOCAL-171_原题待读.txt,txt,24805,9319eaaf6ad324bb66e881efb19e29c7b2f99558e4d0eda63a100f60216bdd50,Y,N,N
D-2026,/Users/wanglifei/Desktop/2026模拟题/文化_v6.9续作_20260908/核验/题源覆盖/2026逐题筛查/LOCAL-174_原文.txt,txt,20782,55110a459a582d7c12e6dfd487f4eb8cd003713d8f06d12308112f6cfe3cadde,Y,N,N
D-2026,/Users/wanglifei/Desktop/2026模拟题/文化_v6.9续作_20260908/核验/题源覆盖/2026逐题筛查/LOCAL-174_原题待读.txt,txt,20782,55110a459a582d7c12e6dfd487f4eb8cd003713d8f06d12308112f6cfe3cadde,Y,N,N
D-2026,/Users/wanglifei/Desktop/2026模拟题/文化_v6.9续作_20260908/核验/题源覆盖/2026逐题筛查/LOCAL-176_原文.txt,txt,40160,ff21bb223b94b107b67112eb81f804ea078cb52ce66c360834b02d36855a5e57,Y,N,N
D-2026,/Users/wanglifei/Desktop/2026模拟题/文化_v6.9续作_20260908/核验/题源覆盖/2026逐题筛查/LOCAL-176_原题待读.txt,txt,22047,d04880625ba260bdf39acee4661db674c8fa57f544e2c91e80f354f98cc25b6a,Y,N,N
D-2026,/Users/wanglifei/Desktop/2026模拟题/文化_v6.9续作_20260908/核验/题源覆盖/2026逐题筛查/LOCAL-178_原文.txt,txt,28623,5d0fae76fee7f9e8d3c687610babbf3dbbf309e85f9121572f173c049e416052,Y,N,N
D-2026,/Users/wanglifei/Desktop/2026模拟题/文化_v6.9续作_20260908/核验/题源覆盖/2026逐题筛查/LOCAL-178_原题待读.txt,txt,19937,acc3c2eebf0c509e96c4a14bded7779ddf58568efb50b992112883cd9a7f8570,Y,N,N
D-2026,/Users/wanglifei/Desktop/2026模拟题/文化_v6.9续作_20260908/核验/题源覆盖/2026逐题筛查/LOCAL-180_原文.txt,txt,28273,4415383e456ea9d8c86684577b57e59fd65dae74943de8733af2e0645192dc69,Y,N,N
D-2026,/Users/wanglifei/Desktop/2026模拟题/文化_v6.9续作_20260908/核验/题源覆盖/2026逐题筛查/LOCAL-180_原题待读.txt,txt,21247,ea90526718d764840094d56229aa7b90ea2e3a2fba93b0fb9db51667de831d25,Y,N,N
D-2026,/Users/wanglifei/Desktop/2026模拟题/文化_v6.9续作_20260908/核验/题源覆盖/2026逐题筛查/LOCAL-182_原文.txt,txt,22768,6345e4482b7d85378237fd525ea40e597955530c8138172ea2a5f76a96edd33a,Y,N,N
D-2026,/Users/wanglifei/Desktop/2026模拟题/文化_v6.9续作_20260908/核验/题源覆盖/2026逐题筛查/LOCAL-182_原题待读.txt,txt,19106,7b6b0e10817c3a84fb8e5922e11a7028ee6774c88747b1c86425044aae842000,Y,N,N
D-2026,/Users/wanglifei/Desktop/2026模拟题/文化_v6.9续作_20260908/核验/题源覆盖/2026逐题筛查/LOCAL-184_原文.txt,txt,23238,47b67f7dd4030e717b2db9c9e0bf86b8e0b9f128ffee954f685f8b181feaf1b1,Y,N,N
D-2026,/Users/wanglifei/Desktop/2026模拟题/文化_v6.9续作_20260908/核验/题源覆盖/2026逐题筛查/LOCAL-184_原题待读.txt,txt,23238,47b67f7dd4030e717b2db9c9e0bf86b8e0b9f128ffee954f685f8b181feaf1b1,Y,N,N
D-2026,/Users/wanglifei/Desktop/2026模拟题/文化_v6.9续作_20260908/核验/题源覆盖/2026逐题筛查/LOCAL-187_原文.txt,txt,21306,edfb384d8d7c8bc8ee80face5ad366f59c578a53d5ba7356f1337cba95946f98,Y,N,N
D-2026,/Users/wanglifei/Desktop/2026模拟题/文化_v6.9续作_20260908/核验/题源覆盖/2026逐题筛查/LOCAL-187_原题待读.txt,txt,17713,9e7ff161aa569263f3e21a165bd1b0a5a771b1f6cdbf731726a4c4aa12fd9951,Y,N,N
D-2026,/Users/wanglifei/Desktop/2026模拟题/文化_v6.9续作_20260908/核验/题源覆盖/2026逐题筛查/LOCAL-189_原文.txt,txt,21618,b4dec305f06eac0649bf60201b4b0be93c1471173cee62c3c833f3d2d92d3259,Y,N,N
D-2026,/Users/wanglifei/Desktop/2026模拟题/文化_v6.9续作_20260908/核验/题源覆盖/2026逐题筛查/LOCAL-189_原题待读.txt,txt,21618,b4dec305f06eac0649bf60201b4b0be93c1471173cee62c3c833f3d2d92d3259,Y,N,N
D-2026,/Users/wanglifei/Desktop/2026模拟题/文化_v6.9续作_20260908/核验/题源覆盖/2026逐题筛查/LOCAL-192_原文.txt,txt,22336,1bc099d13d7a2b7fbef824beb3d420d83a6e54c24c2ef8444cfd496768c3995f,Y,N,N
D-2026,/Users/wanglifei/Desktop/2026模拟题/文化_v6.9续作_20260908/核验/题源覆盖/2026逐题筛查/LOCAL-192_原题待读.txt,txt,19328,b294f4c7221151c5d0a9f6b01894d0b107af63fefcc7326d077bd0adfd33768f,Y,N,N
D-2026,/Users/wanglifei/Desktop/2026模拟题/文化_v6.9续作_20260908/核验/题源覆盖/2026逐题筛查/LOCAL-194_原文.txt,txt,22652,1acd01273f8bc953d69047b7014b876a316f1713a4bc2fef59237babdb1e3345,Y,N,N
D-2026,/Users/wanglifei/Desktop/2026模拟题/文化_v6.9续作_20260908/核验/题源覆盖/2026逐题筛查/LOCAL-194_原题待读.txt,txt,22652,1acd01273f8bc953d69047b7014b876a316f1713a4bc2fef59237babdb1e3345,Y,N,N
D-2026,/Users/wanglifei/Desktop/2026模拟题/文化_v6.9续作_20260908/核验/题源覆盖/2026逐题筛查/LOCAL-196_原文.txt,txt,26669,bd5d8fe8fd705b2bb6fdfbce001c6cc345fbadebe746e7e3be14b94e49bfc187,Y,N,N
D-2026,/Users/wanglifei/Desktop/2026模拟题/文化_v6.9续作_20260908/核验/题源覆盖/2026逐题筛查/LOCAL-196_原题待读.txt,txt,20327,168d5ae93171e8dbcd0e32032ef7920629c2e9bfec85e3ad0dfc29ba22517ad9,Y,N,N
D-2026,/Users/wanglifei/Desktop/2026模拟题/文化_v6.9续作_20260908/核验/题源覆盖/2026逐题筛查/LOCAL-198_原文.txt,txt,19784,39886c7a775a909f1cbe5030560e87d78c6a6b455f0f18c0161824f8604113fd,Y,N,N
D-2026,/Users/wanglifei/Desktop/2026模拟题/文化_v6.9续作_20260908/核验/题源覆盖/2026逐题筛查/LOCAL-198_原题待读.txt,txt,19784,39886c7a775a909f1cbe5030560e87d78c6a6b455f0f18c0161824f8604113fd,Y,N,N
D-2026,/Users/wanglifei/Desktop/2026模拟题/文化_v6.9续作_20260908/核验/题源覆盖/2026逐题筛查/LOCAL-202_原文.txt,txt,20714,e4941c9d1bdf60b597af61dda93b229ef82d80b7c1e6993c73cc3be9f3667197,Y,N,N
D-2026,/Users/wanglifei/Desktop/2026模拟题/文化_v6.9续作_20260908/核验/题源覆盖/2026逐题筛查/LOCAL-202_原题待读.txt,txt,20714,e4941c9d1bdf60b597af61dda93b229ef82d80b7c1e6993c73cc3be9f3667197,Y,N,N
D-2026,/Users/wanglifei/Desktop/2026模拟题/文化_v6.9续作_20260908/核验/题源覆盖/2026逐题筛查/LOCAL-204_原文.txt,txt,23132,c22a6b73761ca2fd688ab21b7b3ab68545f0c3de464602f201a62a03f6856862,Y,N,N
D-2026,/Users/wanglifei/Desktop/2026模拟题/文化_v6.9续作_20260908/核验/题源覆盖/2026逐题筛查/LOCAL-204_原题待读.txt,txt,18455,47bac7b27019412f30cf5371546ac1b7f20a97a52441a90fdfbf5e87b34f0923,Y,N,N
D-2026,/Users/wanglifei/Desktop/2026模拟题/文化_v6.9续作_20260908/核验/题源覆盖/2026逐题筛查/LOCAL-205_原文.txt,txt,19169,b184a78120a0a6461aaad1fb1bbb6f892a508fdaec2b742d21bd39369486c988,Y,N,N
D-2026,/Users/wanglifei/Desktop/2026模拟题/文化_v6.9续作_20260908/核验/题源覆盖/2026逐题筛查/LOCAL-205_原题待读.txt,txt,19169,b184a78120a0a6461aaad1fb1bbb6f892a508fdaec2b742d21bd39369486c988,Y,N,N
D-2026,/Users/wanglifei/Desktop/2026模拟题/文化_v6.9续作_20260908/核验/题源覆盖/2026逐题筛查/LOCAL-226_原文.txt,txt,18942,9dc9970debd1754f29af89a2568e8785d4f7f3bb7dd38125d8f37ab82ed14978,Y,N,N
D-2026,/Users/wanglifei/Desktop/2026模拟题/文化_v6.9续作_20260908/核验/题源覆盖/2026逐题筛查/LOCAL-226_原题待读.txt,txt,18942,9dc9970debd1754f29af89a2568e8785d4f7f3bb7dd38125d8f37ab82ed14978,Y,N,N
D-2026,/Users/wanglifei/Desktop/2026模拟题/文化_v6.9续作_20260908/核验/题源覆盖/70卷合并初筛_待主裁决.csv,csv,4080512,c11cde1918168d0f5a90dbf8c73b583e4979a6c9363ba80e0d9a949b7fd9c122,Y,N,N
D-2026,/Users/wanglifei/Desktop/2026模拟题/文化_v6.9续作_20260908/核验/题源覆盖/70卷合并初筛_待主裁决.卷表.csv,csv,28504,b5baeb90be7c12251b7b9ba100d385732b0ed05acafbad962af25d604f4d2e3c,Y,N,N
D-2026,/Users/wanglifei/Desktop/2026模拟题/文化_v6.9续作_20260908/核验/题源覆盖/70卷合并初筛_待主裁决.缺题候选.csv,csv,241636,eb2626f1634b137b1f87e92ae5ec27362af3721b6431414a27069e2952e901ef,Y,N,N
D-2026,/Users/wanglifei/Desktop/2026模拟题/文化_v6.9续作_20260908/核验/题源覆盖/历年选择漏项裁决/公开答案补证/2022教育在线试题答案.docx,docx,43185,0012d03677833f3b747b86ba8b67067394fd8b14d33c34898feff9c4dc474953,Y,N,Y
D-2026,/Users/wanglifei/Desktop/2026模拟题/文化_v6.9续作_20260908/核验/题源覆盖/历年选择漏项裁决/公开答案补证/2022答案渲染/2022教育在线试题答案.pdf,pdf,77039,8c8cfbae5a932483ada040076d64118d1b1d4f44ce1466d5783a523548e8e9b1,Y,N,Y
D-2026,/Users/wanglifei/Desktop/2026模拟题/文化_v6.9续作_20260908/核验/题源覆盖/历年选择漏项裁决/公开答案补证/2022答案渲染_字体修复/2022教育在线试题答案.pdf,pdf,165744,15a96b1e03946d957ab84a82d99a930ccc5ff204e66f109596a1772a06eae2b7,Y,N,Y
D-2026,/Users/wanglifei/Desktop/2026模拟题/文化_v6.9续作_20260908/核验/题源覆盖/原生文字缓存/LOCAL-001_14501f7fbb96.txt,txt,10614,d70df282f83628956bd0857a351fa6b8782f5c54c3563975073bacad3668b5f5,Y,N,N
D-2026,/Users/wanglifei/Desktop/2026模拟题/文化_v6.9续作_20260908/核验/题源覆盖/原生文字缓存/LOCAL-002_3965bc306d35.txt,txt,28817,b0049cf80b5446e4cfa41592cd94919cd2bead100dca7ae4eea8a22c36f42ecb,Y,N,N
D-2026,/Users/wanglifei/Desktop/2026模拟题/文化_v6.9续作_20260908/核验/题源覆盖/原生文字缓存/LOCAL-003_b2adb9acbea5.txt,txt,34552,3af2fadf1f411d15c3edb18e9d2d020ca0093553acee59837de1922b08df774d,Y,N,N
D-2026,/Users/wanglifei/Desktop/2026模拟题/文化_v6.9续作_20260908/核验/题源覆盖/原生文字缓存/LOCAL-004_3423b62eb032.txt,txt,32211,7a1d5fe4fcedead5b4dd683490b8703a189ff5e36d181ece68170c8ac48321c7,Y,N,N
D-2026,/Users/wanglifei/Desktop/2026模拟题/文化_v6.9续作_20260908/核验/题源覆盖/原生文字缓存/LOCAL-005_0f4414a153ba.txt,txt,35399,250ee9b2b8c1a496dd690d2f9e2b6c8637f2c79d4ec738415b78644cb8798f53,Y,N,N
D-2026,/Users/wanglifei/Desktop/2026模拟题/文化_v6.9续作_20260908/核验/题源覆盖/原生文字缓存/LOCAL-006_c22ac0d594c5.txt,txt,35980,ff4775da3ff65571a57da908eb6271c8f8eba05e09f4101afc7aa3178cfac574,Y,N,N
D-2026,/Users/wanglifei/Desktop/2026模拟题/文化_v6.9续作_20260908/核验/题源覆盖/原生文字缓存/LOCAL-007_4b25cddd4dc2.txt,txt,25736,3d5a7c93ae2933d40673bd059ce45271ebd6d1c41e2f9172e021d3611e084baf,Y,N,N
D-2026,/Users/wanglifei/Desktop/2026模拟题/文化_v6.9续作_20260908/核验/题源覆盖/原生文字缓存/LOCAL-008_4b2073bcc9e2.txt,txt,28570,af056745d36c23b50f2b912db47dc51d97be456b3fb354a4ebf4d1a77df0c6a9,Y,N,N
D-2026,/Users/wanglifei/Desktop/2026模拟题/文化_v6.9续作_20260908/核验/题源覆盖/原生文字缓存/LOCAL-009_7b4eece29632.txt,txt,22,c898755281865c70ba16dc019c1e6195234c25feb985a7d3f753713f5edabacd,Y,N,N
D-2026,/Users/wanglifei/Desktop/2026模拟题/文化_v6.9续作_20260908/核验/题源覆盖/原生文字缓存/LOCAL-011_d64506799887.txt,txt,32071,d4cedfc310839155542321d7bf635a52b0eb693f10756862ad303f810c2997b8,Y,N,N
D-2026,/Users/wanglifei/Desktop/2026模拟题/文化_v6.9续作_20260908/核验/题源覆盖/原生文字缓存/LOCAL-012_d64506799887.txt,txt,32071,d4cedfc310839155542321d7bf635a52b0eb693f10756862ad303f810c2997b8,Y,N,N
D-2026,/Users/wanglifei/Desktop/2026模拟题/文化_v6.9续作_20260908/核验/题源覆盖/原生文字缓存/LOCAL-013_f6013d54b52c.txt,txt,5270,6ec122c06243befd8994a044298b2245297c4f2fa3552631edbbc6eb007c287d,Y,N,N
D-2026,/Users/wanglifei/Desktop/2026模拟题/文化_v6.9续作_20260908/核验/题源覆盖/原生文字缓存/LOCAL-015_84218459671a.txt,txt,16320,c2b58c4e08eae0ef2448d4b63cdcc419e7b30eb5ee3abbb87f383a46a6f71736,Y,N,N
D-2026,/Users/wanglifei/Desktop/2026模拟题/文化_v6.9续作_20260908/核验/题源覆盖/原生文字缓存/LOCAL-016_f7c4cc4ac52e.txt,txt,4955,3381f4b72b822a2f54863e1896f0e28afceb117c725c9f0b429cd4673e7de7bc,Y,N,N
D-2026,/Users/wanglifei/Desktop/2026模拟题/文化_v6.9续作_20260908/核验/题源覆盖/原生文字缓存/LOCAL-018_0f8ea3bbe262.txt,txt,14043,359272a5f7514c5ab3274bc40ed00081eed6e6c4d493465fe09db2455a80295e,Y,N,N
D-2026,/Users/wanglifei/Desktop/2026模拟题/文化_v6.9续作_20260908/核验/题源覆盖/原生文字缓存/LOCAL-019_92a268ce852f.txt,txt,41056,4b5782370a204d2368d5b2c62485f501ded23749831d6ec505279dfe374d185c,Y,N,N
D-2026,/Users/wanglifei/Desktop/2026模拟题/文化_v6.9续作_20260908/核验/题源覆盖/原生文字缓存/LOCAL-020_25b6e8c2207d.txt,txt,9584,5f6daa1bd21f82cd56a7b80dba770c3725e01797dbcb82be3415c0c1755f145e,Y,N,N
D-2026,/Users/wanglifei/Desktop/2026模拟题/文化_v6.9续作_20260908/核验/题源覆盖/原生文字缓存/LOCAL-023_b692254ceb1b.txt,txt,8362,17b3f8335a767bfeee245782e530833884f414c4b019c8961f544cfc2fda18cf,Y,N,N
D-2026,/Users/wanglifei/Desktop/2026模拟题/文化_v6.9续作_20260908/核验/题源覆盖/原生文字缓存/LOCAL-024_98d1d762f302.txt,txt,4225,9a1b971c0469ea6b3408011611ba86d54bef2627c6a008745d42d333cd16d90e,Y,N,N
D-2026,/Users/wanglifei/Desktop/2026模拟题/文化_v6.9续作_20260908/核验/题源覆盖/原生文字缓存/LOCAL-026_fee5258a9b73.txt,txt,40533,cba462b61277e14371828c4589cdfe27634feaf71ab38988983bae1dea4f416d,Y,N,N
D-2026,/Users/wanglifei/Desktop/2026模拟题/文化_v6.9续作_20260908/核验/题源覆盖/原生文字缓存/LOCAL-027_16c75dff224a.txt,txt,646,ffc79341630bc74264b03fe768b29c333d3dcbc5ac4ffb4c4662058b3101ea0f,Y,N,N
D-2026,/Users/wanglifei/Desktop/2026模拟题/文化_v6.9续作_20260908/核验/题源覆盖/原生文字缓存/LOCAL-028_3fe06deac367.txt,txt,4917,88f84b1027900e4b4145db037908937fe5cfb929a0895261711e36fc93540d46,Y,N,N
D-2026,/Users/wanglifei/Desktop/2026模拟题/文化_v6.9续作_20260908/核验/题源覆盖/原生文字缓存/LOCAL-029_896b0f378cbd.txt,txt,4205,6a143935e90782e426b8e0d1540b0d03ce7cf1ff676009eaf3a4a02e29472694,Y,N,N
D-2026,/Users/wanglifei/Desktop/2026模拟题/文化_v6.9续作_20260908/核验/题源覆盖/原生文字缓存/LOCAL-030_47c34e3af056.txt,txt,2254,617cccef20b3fcf8d507274c202071cad54f05d9a8249b1c8c6466e15d3411cc,Y,N,N
D-2026,/Users/wanglifei/Desktop/2026模拟题/文化_v6.9续作_20260908/核验/题源覆盖/原生文字缓存/LOCAL-031_72fd64a3dddd.txt,txt,3204,5e89dfd7680f5a00eae9af7f3b06f868ac06f823652cbd11c234ddcdf8b7ea10,Y,N,N
D-2026,/Users/wanglifei/Desktop/2026模拟题/文化_v6.9续作_20260908/核验/题源覆盖/原生文字缓存/LOCAL-032_4238b9f0bc92.txt,txt,3181,af27fa0c3b821fd68096329a03d047ec57647240c0ad43924a656bdf19218d4a,Y,N,N
D-2026,/Users/wanglifei/Desktop/2026模拟题/文化_v6.9续作_20260908/核验/题源覆盖/原生文字缓存/LOCAL-033_6c445538df98.txt,txt,5499,82e822244673fb32aae6ea67c74814ae94f793f59b7d812a38a48b74d84f5177,Y,N,N
D-2026,/Users/wanglifei/Desktop/2026模拟题/文化_v6.9续作_20260908/核验/题源覆盖/原生文字缓存/LOCAL-034_d682ecb2695e.txt,txt,4203,f46ff8c63ec490595eb87a4c316619b34d638c5df736fc83504b23e4b4f0754c,Y,N,N
D-2026,/Users/wanglifei/Desktop/2026模拟题/文化_v6.9续作_20260908/核验/题源覆盖/原生文字缓存/LOCAL-035_5c18cbecb82d.txt,txt,1620,e5cc1d58f8e46db2e6250fb062dd20666d6f88e5666d556e1850c187d5e8af96,Y,N,N
D-2026,/Users/wanglifei/Desktop/2026模拟题/文化_v6.9续作_20260908/核验/题源覆盖/原生文字缓存/LOCAL-036_4c98484a2246.txt,txt,2061,3ddf2d360d7c62c1659ec812dd0befa26a753f929e7ace7521271f845f1276f8,Y,N,N
D-2026,/Users/wanglifei/Desktop/2026模拟题/文化_v6.9续作_20260908/核验/题源覆盖/原生文字缓存/LOCAL-037_9019906692e8.txt,txt,3280,238f8cb2c34396b0c6d257aca1b343d2c7ddfc7dca38d7965348edc88695a5d8,Y,N,N
D-2026,/Users/wanglifei/Desktop/2026模拟题/文化_v6.9续作_20260908/核验/题源覆盖/原生文字缓存/LOCAL-038_bdc183dc9541.txt,txt,5339,26ad25d92bf5619d0ca10fb92289f5b9a5350dff905c4f4aab1daee9715c7cba,Y,N,N
D-2026,/Users/wanglifei/Desktop/2026模拟题/文化_v6.9续作_20260908/核验/题源覆盖/原生文字缓存/LOCAL-039_8db78abe18de.txt,txt,22,c898755281865c70ba16dc019c1e6195234c25feb985a7d3f753713f5edabacd,Y,N,N
D-2026,/Users/wanglifei/Desktop/2026模拟题/文化_v6.9续作_20260908/核验/题源覆盖/原生文字缓存/LOCAL-041_950d6b2d3cdd.txt,txt,12970,479ecc691c3afe27d6d1f1e3aa24873c7752c46e679a877d11c91de94e356755,Y,N,N
D-2026,/Users/wanglifei/Desktop/2026模拟题/文化_v6.9续作_20260908/核验/题源覆盖/原生文字缓存/LOCAL-042_5f5486bfc3ba.txt,txt,24427,c447eb38c9c353c6f2192cf1dfb2b136b1ffaedf1f4ee2e4f261692ce0b4daa3,Y,N,N
D-2026,/Users/wanglifei/Desktop/2026模拟题/文化_v6.9续作_20260908/核验/题源覆盖/原生文字缓存/LOCAL-044_71fcaa9e66af.txt,txt,10667,af08238d477e27721129588c99b5e89bc1b50cfba476b12ed30c3d830da53701,Y,N,N
D-2026,/Users/wanglifei/Desktop/2026模拟题/文化_v6.9续作_20260908/核验/题源覆盖/原生文字缓存/LOCAL-046_be4202246df3.txt,txt,46636,55dc3cb0cc6f17fd2f078a63678afd03ecbaa909fc8eb1a95af789491f6fb471,Y,N,N
D-2026,/Users/wanglifei/Desktop/2026模拟题/文化_v6.9续作_20260908/核验/题源覆盖/原生文字缓存/LOCAL-047_9a3f865ff2f0.txt,txt,43361,73dda194b252ca21e4611c40adaf9fe0f3cee655b20b8fde1bea43a845cc2364,Y,N,N
D-2026,/Users/wanglifei/Desktop/2026模拟题/文化_v6.9续作_20260908/核验/题源覆盖/原生文字缓存/LOCAL-048_227192d22e10.txt,txt,7347,04c79718f39150fbc2fd42d839636b938e502d9a9fcf3a8586435fa21bb9db57,Y,N,N
D-2026,/Users/wanglifei/Desktop/2026模拟题/文化_v6.9续作_20260908/核验/题源覆盖/原生文字缓存/LOCAL-049_8f109fb09efc.txt,txt,4458,2d7625a9e95db509ae0dd7b7ea545cf634f25e08f71c1e8ddf3f31212a018c5f,Y,N,N
D-2026,/Users/wanglifei/Desktop/2026模拟题/文化_v6.9续作_20260908/核验/题源覆盖/原生文字缓存/LOCAL-050_13d454fdd813.txt,txt,25372,caf22c0894e7cf5d0aed3db086eedb8d169aeae362eb745976a45d6ea04c91f5,Y,N,N
D-2026,/Users/wanglifei/Desktop/2026模拟题/文化_v6.9续作_20260908/核验/题源覆盖/原生文字缓存/LOCAL-052_935b8ea1e01b.txt,txt,35236,396fc89f749774496bf1284434ff1167963fdb0714bd22fc2a1ef0341ba9e587,Y,N,N
D-2026,/Users/wanglifei/Desktop/2026模拟题/文化_v6.9续作_20260908/核验/题源覆盖/原生文字缓存/LOCAL-055_f7bcf000f212.txt,txt,8502,4a50f77a0edccc0d876cdc89a995fc11b767e50d794fb4919cd6dcba188b5a39,Y,N,N
D-2026,/Users/wanglifei/Desktop/2026模拟题/文化_v6.9续作_20260908/核验/题源覆盖/原生文字缓存/LOCAL-056_91e28443e7a1.txt,txt,4504,ab18d32b88b652ca4d624a81236f1921562d022ee167b92c307d592587ff51dd,Y,N,N
D-2026,/Users/wanglifei/Desktop/2026模拟题/文化_v6.9续作_20260908/核验/题源覆盖/原生文字缓存/LOCAL-059_0699487fb810.txt,txt,1252,23d874e0dc459fe80c4abd2837d0e6e69bbd5191c84d2f07074177f618c6e98f,Y,N,N
D-2026,/Users/wanglifei/Desktop/2026模拟题/文化_v6.9续作_20260908/核验/题源覆盖/原生文字缓存/LOCAL-060_5253381d5b61.txt,txt,1603,6666bfc70ad01a7e57786e5b7cdb3c1714cda736cf76ed005f6bc02a5bef122b,Y,N,N
D-2026,/Users/wanglifei/Desktop/2026模拟题/文化_v6.9续作_20260908/核验/题源覆盖/原生文字缓存/LOCAL-061_f2e1772f20ed.txt,txt,9839,1a20150544d3b372071dcb522219c117dafd0e218bdcfdf132b17d2aad864917,Y,N,N
D-2026,/Users/wanglifei/Desktop/2026模拟题/文化_v6.9续作_20260908/核验/题源覆盖/原生文字缓存/LOCAL-062_85ebe0578ce8.txt,txt,5240,4d7eaa05c46bddbbaf64982734579b83f6dfdfbf9e655e668ae304d1116412be,Y,N,N
D-2026,/Users/wanglifei/Desktop/2026模拟题/文化_v6.9续作_20260908/核验/题源覆盖/原生文字缓存/LOCAL-065_f986728ea555.txt,txt,5846,05717902976e1f45877fe8061874b8e17cedcb28b303a02993368bb27996f4e9,Y,N,N
D-2026,/Users/wanglifei/Desktop/2026模拟题/文化_v6.9续作_20260908/核验/题源覆盖/原生文字缓存/LOCAL-075_ba64c6663074.txt,txt,40606,1c6f2d7803140a499608d4b04768fa81006bf7a03e56ab6284bc1a2ff61d1c2e,Y,N,N
D-2026,/Users/wanglifei/Desktop/2026模拟题/文化_v6.9续作_20260908/核验/题源覆盖/原生文字缓存/LOCAL-077_f0b3ab889aa0.txt,txt,4240,e5619b7d6385ce7f2e03fdd812e2f97a8532c0b26fc3f09e4f372b40aa75aeb8,Y,N,N
D-2026,/Users/wanglifei/Desktop/2026模拟题/文化_v6.9续作_20260908/核验/题源覆盖/原生文字缓存/LOCAL-078_f7bfc3e53261.txt,txt,8818,a7cd455d923eb2c7bf5905d27f08e60b01e2f434996ab4843be0673934572572,Y,N,N
D-2026,/Users/wanglifei/Desktop/2026模拟题/文化_v6.9续作_20260908/核验/题源覆盖/原生文字缓存/LOCAL-079_b51916fe7b59.txt,txt,7616,882139366c699559759cb64a340758f9eaf2cad173c46b7da5fdb06198d071ff,Y,N,N
D-2026,/Users/wanglifei/Desktop/2026模拟题/文化_v6.9续作_20260908/核验/题源覆盖/原生文字缓存/LOCAL-081_506347bd4a70.txt,txt,6918,cd0bfe87a8a7b85637a778cb6b66bb4b8d5020fd020c6ae5e6d77fcb597674a3,Y,N,N
D-2026,/Users/wanglifei/Desktop/2026模拟题/文化_v6.9续作_20260908/核验/题源覆盖/原生文字缓存/LOCAL-084_0b97375f2f69.txt,txt,8097,36f48c108f89b0cbd5a4f9f4a315ceb33334b59c22940bf10cede8b9a25d589d,Y,N,N
D-2026,/Users/wanglifei/Desktop/2026模拟题/文化_v6.9续作_20260908/核验/题源覆盖/原生文字缓存/LOCAL-086_af675a5d751f.txt,txt,11157,6e3142e9a758c17d26abf07b7bb7c7fd5cc1809a5d1d6fa89e7273ec983da418,Y,N,N
D-2026,/Users/wanglifei/Desktop/2026模拟题/文化_v6.9续作_20260908/核验/题源覆盖/原生文字缓存/LOCAL-088_26d9b2280640.txt,txt,9747,c91cb2537d86453a6ad6feab2ffc2d6ed47be1f186a39c64fa13bb84bf0a555d,Y,N,N
D-2026,/Users/wanglifei/Desktop/2026模拟题/文化_v6.9续作_20260908/核验/题源覆盖/原生文字缓存/LOCAL-090_bef8332e23ce.txt,txt,10794,7d81d45fab1a7a404d087824a2da29b51e59206ef39efc1880571a73b6ae6842,Y,N,N
D-2026,/Users/wanglifei/Desktop/2026模拟题/文化_v6.9续作_20260908/核验/题源覆盖/原生文字缓存/LOCAL-092_606dbae1d5ce.txt,txt,15214,3356deca558c2a13d8051f068f5411ef8bae6e2c0b082c4e002bbcec76a2e2f9,Y,N,N
D-2026,/Users/wanglifei/Desktop/2026模拟题/文化_v6.9续作_20260908/核验/题源覆盖/原生文字缓存/LOCAL-094_2f596046ed6d.txt,txt,16303,092ed84785043c44fcc6aba715a1dda33eac276796c43e083f6356e8d279c1ad,Y,N,N
D-2026,/Users/wanglifei/Desktop/2026模拟题/文化_v6.9续作_20260908/核验/题源覆盖/原生文字缓存/LOCAL-095_e3e9942211ec.txt,txt,2455,f6c07ad6ea1929a722b4dc23a2cf63c171791acfc3c2675bf71a28501828e9a8,Y,N,N
D-2026,/Users/wanglifei/Desktop/2026模拟题/文化_v6.9续作_20260908/核验/题源覆盖/原生文字缓存/LOCAL-096_71d970ada83c.txt,txt,5715,2aea86cb69d6abde60e56e6c029628d2ea3c51dd0795ce0f21ba9e48130a06cc,Y,N,N
D-2026,/Users/wanglifei/Desktop/2026模拟题/文化_v6.9续作_20260908/核验/题源覆盖/原生文字缓存/LOCAL-097_56b5533477c2.txt,txt,22004,1ef5df30468006d458509d348447d7729471b72289c8ed3dabf39bb9258cc57d,Y,N,N
D-2026,/Users/wanglifei/Desktop/2026模拟题/文化_v6.9续作_20260908/核验/题源覆盖/原生文字缓存/LOCAL-098_0e0ec077bf92.txt,txt,3913,3fba5beb29134d88c7744999b0cf49bc6e19a89b9f428a1ae459eeae487c13b5,Y,N,N
D-2026,/Users/wanglifei/Desktop/2026模拟题/文化_v6.9续作_20260908/核验/题源覆盖/原生文字缓存/LOCAL-099_a85076fc73d8.txt,txt,6989,c3c66c8793033e7d7afb41077ba5c556e19407dfdfa444ce0fa049c7376022a5,Y,N,N
D-2026,/Users/wanglifei/Desktop/2026模拟题/文化_v6.9续作_20260908/核验/题源覆盖/原生文字缓存/LOCAL-100_17616554d573.txt,txt,7311,5e3d9f16488987dc54cc4c86bae4508f6d77690e62f22a40bcebff030015cce9,Y,N,N
D-2026,/Users/wanglifei/Desktop/2026模拟题/文化_v6.9续作_20260908/核验/题源覆盖/原生文字缓存/LOCAL-101_11303432404c.txt,txt,3649,39b0ce564a6d6d7c9a6cbcc9e61a0e4a221541803e41e5901738d099b63c3902,Y,N,N
D-2026,/Users/wanglifei/Desktop/2026模拟题/文化_v6.9续作_20260908/核验/题源覆盖/原生文字缓存/LOCAL-103_af3875177855.txt,txt,23116,f3b876439942e25a58aeb093c9efacf70d508f36b5c9d19f9745d44ff16ee746,Y,N,N
D-2026,/Users/wanglifei/Desktop/2026模拟题/文化_v6.9续作_20260908/核验/题源覆盖/原生文字缓存/LOCAL-105_73c36c3077dc.txt,txt,22664,4024d27060d0edaed7aa231d40cc5d5bc719b493a959bd85abfc790be6e5e01f,Y,N,N
D-2026,/Users/wanglifei/Desktop/2026模拟题/文化_v6.9续作_20260908/核验/题源覆盖/原生文字缓存/LOCAL-106_613f35ecb7c4.txt,txt,142,938937c54ebadcb460452b43dd7fd2e9b0f25e3aa3ab5b85dff80d105745ad69,Y,N,N
D-2026,/Users/wanglifei/Desktop/2026模拟题/文化_v6.9续作_20260908/核验/题源覆盖/原生文字缓存/LOCAL-108_086cafc0d843.txt,txt,33351,7d44e59ba8dfada741e3be36ae1e7e3356d375306230ed7ce1d5396afb6ab8a8,Y,N,N
D-2026,/Users/wanglifei/Desktop/2026模拟题/文化_v6.9续作_20260908/核验/题源覆盖/原生文字缓存/LOCAL-109_fc56fdd304fd.txt,txt,6774,102b5bcc81974d0edefd2e6bb9dc56a23e9fa1fe29df3db55aa6567248365ce5,Y,N,N
D-2026,/Users/wanglifei/Desktop/2026模拟题/文化_v6.9续作_20260908/核验/题源覆盖/原生文字缓存/LOCAL-110_10b5fafe8824.txt,txt,6021,206b32f34ae69b89011048094d9be153a7d5acde5228bc8c50490ff68603d40b,Y,N,N
D-2026,/Users/wanglifei/Desktop/2026模拟题/文化_v6.9续作_20260908/核验/题源覆盖/原生文字缓存/LOCAL-112_cfb0f19ef38a.txt,txt,11692,4f70d503f1406fbf268cf4044a3885a61aca8f81301f5f3c40c6553a8e61f5b7,Y,N,N
D-2026,/Users/wanglifei/Desktop/2026模拟题/文化_v6.9续作_20260908/核验/题源覆盖/原生文字缓存/LOCAL-114_5b78436dd863.txt,txt,9098,c738777126c1e45184816a7a233362392323f29f89e7ad4feaeca339620fa5c1,Y,N,N
D-2026,/Users/wanglifei/Desktop/2026模拟题/文化_v6.9续作_20260908/核验/题源覆盖/原生文字缓存/LOCAL-115_26b117376526.txt,txt,11390,0c80c7088bfcd688968eea2886887fdcf629c43a0aee2cdae8dbed2fc49694d0,Y,N,N
D-2026,/Users/wanglifei/Desktop/2026模拟题/文化_v6.9续作_20260908/核验/题源覆盖/原生文字缓存/LOCAL-117_360d57a4b250.txt,txt,29706,b6964e56e53aa69e6a24c26a4a6308924c9c8a9585e6cd52b21b561e87ea2298,Y,N,N
D-2026,/Users/wanglifei/Desktop/2026模拟题/文化_v6.9续作_20260908/核验/题源覆盖/原生文字缓存/LOCAL-119_195324f05d7e.txt,txt,36913,855717ce90236c8aedfc33b2babf5b66899248cc5c5a5af952d24183096861a4,Y,N,N
D-2026,/Users/wanglifei/Desktop/2026模拟题/文化_v6.9续作_20260908/核验/题源覆盖/原生文字缓存/LOCAL-120_953eaee3f98d.txt,txt,142,938937c54ebadcb460452b43dd7fd2e9b0f25e3aa3ab5b85dff80d105745ad69,Y,N,N
D-2026,/Users/wanglifei/Desktop/2026模拟题/文化_v6.9续作_20260908/核验/题源覆盖/原生文字缓存/LOCAL-122_7bbd92bd3b93.txt,txt,4049,807bc25bd97848a54cd30d0c42c744d062f11486b0b0712e98d03349cfa0251a,Y,N,N
D-2026,/Users/wanglifei/Desktop/2026模拟题/文化_v6.9续作_20260908/核验/题源覆盖/原生文字缓存/LOCAL-124_4b22b6c78aad.txt,txt,36542,4e700778e4daa0bdb76a55c242ee8782152be925fe15b58ca322398fa8eebc0b,Y,N,N
D-2026,/Users/wanglifei/Desktop/2026模拟题/文化_v6.9续作_20260908/核验/题源覆盖/原生文字缓存/LOCAL-126_89d264a31e34.txt,txt,10706,a1a24c4bdb8c9260068ed1b6d8d0a4ba32587d58861a86eab7df1dabb8c60c2a,Y,N,N
D-2026,/Users/wanglifei/Desktop/2026模拟题/文化_v6.9续作_20260908/核验/题源覆盖/原生文字缓存/LOCAL-129_bbcb45c7197f.txt,txt,5143,ba141a97870411e8c659cedf19be8ca775900dbb11ba0da9281c1f4444fabe4c,Y,N,N
D-2026,/Users/wanglifei/Desktop/2026模拟题/文化_v6.9续作_20260908/核验/题源覆盖/原生文字缓存/LOCAL-130_3566266405cd.txt,txt,3282,06717ddf71b98bace0ce244a95910f990b081b782d44a8ea7cfba0def296b998,Y,N,N
D-2026,/Users/wanglifei/Desktop/2026模拟题/文化_v6.9续作_20260908/核验/题源覆盖/原生文字缓存/LOCAL-131_5a07157a05d1.txt,txt,3306,5cbe68c922d7937110ec82f5c41a43f8fcdcb8d585205f7482adf4f9d854cd7b,Y,N,N
D-2026,/Users/wanglifei/Desktop/2026模拟题/文化_v6.9续作_20260908/核验/题源覆盖/原生文字缓存/LOCAL-132_88c00449e9f0.txt,txt,444,228d0bbe7cf55ce862684d7569c48c6a321a90d02f49877602d80336ae5c69e3,Y,N,N
D-2026,/Users/wanglifei/Desktop/2026模拟题/文化_v6.9续作_20260908/核验/题源覆盖/原生文字缓存/LOCAL-133_4e0ae5b46ae6.txt,txt,3775,45222edbbbb7d254c94cb30468249af3987e2bb91a3cbd612ba472d3641ce3f2,Y,N,N
D-2026,/Users/wanglifei/Desktop/2026模拟题/文化_v6.9续作_20260908/核验/题源覆盖/原生文字缓存/LOCAL-134_aa63045ae376.txt,txt,3284,d96df84395f833be76c5dceaf2a980ad1e659503025c2f097f4841f233284180,Y,N,N
D-2026,/Users/wanglifei/Desktop/2026模拟题/文化_v6.9续作_20260908/核验/题源覆盖/原生文字缓存/LOCAL-135_04de6654b5f8.txt,txt,3215,8b12cc7d9195748359b61113e6c08b62097181b406b53c9d3d7027b8e61f4768,Y,N,N
D-2026,/Users/wanglifei/Desktop/2026模拟题/文化_v6.9续作_20260908/核验/题源覆盖/原生文字缓存/LOCAL-136_16fa597a98fe.txt,txt,2498,5b36de7b2221f36e94dd55524fa8dddfca6cca8ee8934ac1d0b3fc9a57bd3f1a,Y,N,N
D-2026,/Users/wanglifei/Desktop/2026模拟题/文化_v6.9续作_20260908/核验/题源覆盖/原生文字缓存/LOCAL-137_eaae525d6ec9.txt,txt,389,50d7355a2981f7cda5d7ce5966d0e00b9cc67e3edc8bfa7be81f07282e6cad3c,Y,N,N
D-2026,/Users/wanglifei/Desktop/2026模拟题/文化_v6.9续作_20260908/核验/题源覆盖/原生文字缓存/LOCAL-138_99e851c9338f.txt,txt,14969,9d0893b79a2c309d4e5704a14e56ca9efa5b16d0eddc188d6c1634c0fed2fcdd,Y,N,N
D-2026,/Users/wanglifei/Desktop/2026模拟题/文化_v6.9续作_20260908/核验/题源覆盖/原生文字缓存/LOCAL-139_34b21a3a804e.txt,txt,239,ccfbc2406abab323e04399115d21b1b467e0d5b68639a1dc9c66cac30ca944ef,Y,N,N
D-2026,/Users/wanglifei/Desktop/2026模拟题/文化_v6.9续作_20260908/核验/题源覆盖/原生文字缓存/LOCAL-140_0dafc181e82e.txt,txt,22514,0d74daf984aab35f35df2ff3bcfe8178866546dbdcbc3fabb74e751268ee9444,Y,N,N
D-2026,/Users/wanglifei/Desktop/2026模拟题/文化_v6.9续作_20260908/核验/题源覆盖/原生文字缓存/LOCAL-141_26649804f1de.txt,txt,28023,cfa83c1a57c5a00a46735c02e3bba21640c6b111114f6d2348b6b8717f887082,Y,N,N
D-2026,/Users/wanglifei/Desktop/2026模拟题/文化_v6.9续作_20260908/核验/题源覆盖/原生文字缓存/LOCAL-142_6e8f2df5ef86.txt,txt,239,ccfbc2406abab323e04399115d21b1b467e0d5b68639a1dc9c66cac30ca944ef,Y,N,N
D-2026,/Users/wanglifei/Desktop/2026模拟题/文化_v6.9续作_20260908/核验/题源覆盖/原生文字缓存/LOCAL-143_2e0f67df1ab7.txt,txt,6243,b611ee84bdf4d0dde916aac699259621508f2230f591a74dc50933a777aa2587,Y,N,N
D-2026,/Users/wanglifei/Desktop/2026模拟题/文化_v6.9续作_20260908/核验/题源覆盖/原生文字缓存/LOCAL-144_cc9193041171.txt,txt,26350,7d92403fc72d7adb6b4a04df53057b72e9c988c2a54006afde2d04b08d755650,Y,N,N
D-2026,/Users/wanglifei/Desktop/2026模拟题/文化_v6.9续作_20260908/核验/题源覆盖/原生文字缓存/LOCAL-145_0ca482adfc64.txt,txt,10098,651480d01dcacf8de5966d39241a40ddf0c136efb78bbe82f0e4127dc995aac4,Y,N,N
D-2026,/Users/wanglifei/Desktop/2026模拟题/文化_v6.9续作_20260908/核验/题源覆盖/原生文字缓存/LOCAL-146_e37482eff39f.txt,txt,264,2c723cd6404f832feb4ff39932dc04f2d52d737b8e76612d62dd45e8115d90b7,Y,N,N
D-2026,/Users/wanglifei/Desktop/2026模拟题/文化_v6.9续作_20260908/核验/题源覆盖/原生文字缓存/LOCAL-147_3a11db4bade2.txt,txt,12953,ffafe4546d1131047e9b00b7517cf77f920663dc689d7351b9df24c6dbbd315a,Y,N,N
D-2026,/Users/wanglifei/Desktop/2026模拟题/文化_v6.9续作_20260908/核验/题源覆盖/原生文字缓存/LOCAL-148_585b15124610.txt,txt,39623,ccc06a6116f00bfc3cec9d7c49409bb5ae2ea80d62874104df14b5914a794b11,Y,N,N
D-2026,/Users/wanglifei/Desktop/2026模拟题/文化_v6.9续作_20260908/核验/题源覆盖/原生文字缓存/LOCAL-149_9b5ac8fd0cfe.txt,txt,6027,11feed7cb0c6c81c93b2905349fa47f3350e6b15a159b80b41fec5d9ad73bcf8,Y,N,N
D-2026,/Users/wanglifei/Desktop/2026模拟题/文化_v6.9续作_20260908/核验/题源覆盖/原生文字缓存/LOCAL-150_03e0412bb805.txt,txt,190,1c1debf81b54e03f8670657fff0179f0583cda6b696b404d2dd9edd22177458d,Y,N,N
D-2026,/Users/wanglifei/Desktop/2026模拟题/文化_v6.9续作_20260908/核验/题源覆盖/原生文字缓存/LOCAL-151_78d97b669465.txt,txt,8160,3fe7aeb82548d08d49dddd65223cc4f1811567c808839d03346ca2e38449f340,Y,N,N
D-2026,/Users/wanglifei/Desktop/2026模拟题/文化_v6.9续作_20260908/核验/题源覆盖/原生文字缓存/LOCAL-152_0d4a5cd29c2e.txt,txt,27732,e5b2837a5c4f5efee406fed558771fa3de352f6cf2e023c7427401b9023b44fb,Y,N,N
D-2026,/Users/wanglifei/Desktop/2026模拟题/文化_v6.9续作_20260908/核验/题源覆盖/原生文字缓存/LOCAL-153_22206a780a15.txt,txt,7131,0c532301844924b6c91c0461f811ef5a4c1c2e98fb4cdf25825596f588921767,Y,N,N
D-2026,/Users/wanglifei/Desktop/2026模拟题/文化_v6.9续作_20260908/核验/题源覆盖/原生文字缓存/LOCAL-154_5581e0237e86.txt,txt,264,2c723cd6404f832feb4ff39932dc04f2d52d737b8e76612d62dd45e8115d90b7,Y,N,N
D-2026,/Users/wanglifei/Desktop/2026模拟题/文化_v6.9续作_20260908/核验/题源覆盖/原生文字缓存/LOCAL-155_795b221243cd.txt,txt,26478,5d707c41d9956b6628661d225ef67d6c2c3b3d89beeebaa99af7007ce0364e4d,Y,N,N
D-2026,/Users/wanglifei/Desktop/2026模拟题/文化_v6.9续作_20260908/核验/题源覆盖/原生文字缓存/LOCAL-156_7100a8d418c6.txt,txt,13149,c29b6b37e7f19b37ee81b6a9b970f970d43d3c8bbbacfa659f2b1af0bffd3307,Y,N,N
D-2026,/Users/wanglifei/Desktop/2026模拟题/文化_v6.9续作_20260908/核验/题源覆盖/原生文字缓存/LOCAL-157_dced3f305445.txt,txt,239,ccfbc2406abab323e04399115d21b1b467e0d5b68639a1dc9c66cac30ca944ef,Y,N,N
D-2026,/Users/wanglifei/Desktop/2026模拟题/文化_v6.9续作_20260908/核验/题源覆盖/原生文字缓存/LOCAL-158_89313bd87150.txt,txt,13585,07c4399c0c8b1096436f11c94577ee8ab23b6d8e25149b84209f6f57ae274612,Y,N,N
D-2026,/Users/wanglifei/Desktop/2026模拟题/文化_v6.9续作_20260908/核验/题源覆盖/原生文字缓存/LOCAL-159_e84e6bbdd898.txt,txt,22721,31d52d85b743de933f773c97b99dfc974c51206b129ba8ea8606d71ee2a233ca,Y,N,N
D-2026,/Users/wanglifei/Desktop/2026模拟题/文化_v6.9续作_20260908/核验/题源覆盖/原生文字缓存/LOCAL-160_de758e5e7950.txt,txt,11741,f78ca5f9d89c9dc0f876df4776c91d8f995bfa06ee260556c254658c84175575,Y,N,N
D-2026,/Users/wanglifei/Desktop/2026模拟题/文化_v6.9续作_20260908/核验/题源覆盖/原生文字缓存/LOCAL-161_8d19592ca067.txt,txt,26978,0d74fddf72c4f9d9b36a0bf99e5c3d3440c4598d100ccc43af6c4b48d006d2c5,Y,N,N
D-2026,/Users/wanglifei/Desktop/2026模拟题/文化_v6.9续作_20260908/核验/题源覆盖/原生文字缓存/LOCAL-162_c4b3300418ae.txt,txt,3974,d41a793b9411d0eab224c073c7d8b8ec300e9ee71105c7343c76e5bd2342683b,Y,N,N
D-2026,/Users/wanglifei/Desktop/2026模拟题/文化_v6.9续作_20260908/核验/题源覆盖/原生文字缓存/LOCAL-163_e90ac6d5f3ee.txt,txt,3192,bf2294086d2efdfc680afe1c6e8bb42096dee22bfb0f2350790ef9be80dcc09e,Y,N,N
D-2026,/Users/wanglifei/Desktop/2026模拟题/文化_v6.9续作_20260908/核验/题源覆盖/原生文字缓存/LOCAL-164_d007267f6e1c.txt,txt,2778,945877989e388c707f0c459f053e09fb31dd2101eab80d07bc7fc544323c1d52,Y,N,N
D-2026,/Users/wanglifei/Desktop/2026模拟题/文化_v6.9续作_20260908/核验/题源覆盖/原生文字缓存/LOCAL-165_db4b22917a3f.txt,txt,1722,cf3dbcec5fd4f8484f43c0c11128c642a4debfcbd37232b9a2606818b00139e6,Y,N,N
D-2026,/Users/wanglifei/Desktop/2026模拟题/文化_v6.9续作_20260908/核验/题源覆盖/原生文字缓存/LOCAL-166_34f69bdaf40f.txt,txt,3189,83d0a6281e199356c56531f967932b47bb8fdb8ec955ec3d3352b823d879b7b4,Y,N,N
D-2026,/Users/wanglifei/Desktop/2026模拟题/文化_v6.9续作_20260908/核验/题源覆盖/原生文字缓存/LOCAL-167_c6d95d8dc945.txt,txt,1313,8913db00ee6784cab721362da588cdb01ed3d97e3fa767167dfb58d71686e45e,Y,N,N
D-2026,/Users/wanglifei/Desktop/2026模拟题/文化_v6.9续作_20260908/核验/题源覆盖/原生文字缓存/LOCAL-168_05524582484d.txt,txt,3484,bd728b75329b479cc3affbf4e71248e503be70311bce4bda88a09d740e2f8302,Y,N,N
D-2026,/Users/wanglifei/Desktop/2026模拟题/文化_v6.9续作_20260908/核验/题源覆盖/原生文字缓存/LOCAL-169_c751cfa77650.txt,txt,20466,ef5d2f4f492269b4ddda06eac1bf64647d604ee3e53683f0d0d1da7b5fdd8327,Y,N,N
D-2026,/Users/wanglifei/Desktop/2026模拟题/文化_v6.9续作_20260908/核验/题源覆盖/原生文字缓存/LOCAL-170_10275a1dafa3.txt,txt,36030,5f272c23ad416985df8f5d0ec60c6cf1b13ee5e902a7353e49d94f12c531acdd,Y,N,N
D-2026,/Users/wanglifei/Desktop/2026模拟题/文化_v6.9续作_20260908/核验/题源覆盖/原生文字缓存/LOCAL-171_f7b3a73c9296.txt,txt,30003,7126d8bfac42ff09952a3438fd0aec69371cc1a29a652715e2b8b012e2bb6b67,Y,N,N
D-2026,/Users/wanglifei/Desktop/2026模拟题/文化_v6.9续作_20260908/核验/题源覆盖/原生文字缓存/LOCAL-172_51621a4abaad.txt,txt,11183,9b24b0a6e1840f3701b9d308fc8c0ced69ecf26f68463d24e99d7719f91769b0,Y,N,N
D-2026,/Users/wanglifei/Desktop/2026模拟题/文化_v6.9续作_20260908/核验/题源覆盖/原生文字缓存/LOCAL-173_51621a4abaad.txt,txt,11183,9b24b0a6e1840f3701b9d308fc8c0ced69ecf26f68463d24e99d7719f91769b0,Y,N,N
D-2026,/Users/wanglifei/Desktop/2026模拟题/文化_v6.9续作_20260908/核验/题源覆盖/原生文字缓存/LOCAL-174_ffe050fd8f7e.txt,txt,9523,03f7daae844f5d21972efd07e51d6c2e962df7a1e13af3008b873fdb0fae8b0b,Y,N,N
D-2026,/Users/wanglifei/Desktop/2026模拟题/文化_v6.9续作_20260908/核验/题源覆盖/原生文字缓存/LOCAL-175_8cb07a7f650e.txt,txt,13659,be02a4c80d7ba041aca36d2dad85a911da90ec432464b06dd7651be8579d1e77,Y,N,N
D-2026,/Users/wanglifei/Desktop/2026模拟题/文化_v6.9续作_20260908/核验/题源覆盖/原生文字缓存/LOCAL-176_c8856680a9a6.txt,txt,40174,7e5bbd359edc45fcd8bf35a48cd4165fe26af20c5079f3c5bd5e230c5ae18b92,Y,N,N
D-2026,/Users/wanglifei/Desktop/2026模拟题/文化_v6.9续作_20260908/核验/题源覆盖/原生文字缓存/LOCAL-177_c2f6013f0e13.txt,txt,29806,dd3b0093912c7f6d81b6065b54282cd0e2541f23817e45761bf95b7b55569486,Y,N,N
D-2026,/Users/wanglifei/Desktop/2026模拟题/文化_v6.9续作_20260908/核验/题源覆盖/原生文字缓存/LOCAL-178_e7b70a056458.txt,txt,28637,95a1df752889ee1d02e1ecaba212ab6d75895c62be24371dcc82308094649472,Y,N,N
D-2026,/Users/wanglifei/Desktop/2026模拟题/文化_v6.9续作_20260908/核验/题源覆盖/原生文字缓存/LOCAL-179_404f493eede9.txt,txt,7735,777e10e83e2e1ed0b3b18b6b6cbb1aee212531737dc7275ee8ac3a8e9e5da24d,Y,N,N
D-2026,/Users/wanglifei/Desktop/2026模拟题/文化_v6.9续作_20260908/核验/题源覆盖/原生文字缓存/LOCAL-180_00b61bbb2c75.txt,txt,28287,0c1f7e83d5d37743af0d580e8a22d36618b7af47e0ebbce52b3b9cd29e124303,Y,N,N
D-2026,/Users/wanglifei/Desktop/2026模拟题/文化_v6.9续作_20260908/核验/题源覆盖/原生文字缓存/LOCAL-181_f414cf7940ad.txt,txt,339,d18218a7a13abcbf35caa07858a63e7edb5027fe96362fcfb3cc2910548b933d,Y,N,N
D-2026,/Users/wanglifei/Desktop/2026模拟题/文化_v6.9续作_20260908/核验/题源覆盖/原生文字缓存/LOCAL-182_21ae4c2f7aee.txt,txt,22782,a9d1078b94c8400fbb94b8704d7a2a3c79b3a7cd71185cf1313bfe7421aeaf76,Y,N,N
D-2026,/Users/wanglifei/Desktop/2026模拟题/文化_v6.9续作_20260908/核验/题源覆盖/原生文字缓存/LOCAL-183_643322688930.txt,txt,18804,dbd35250eaf9875d81b1d276406e149914200a4a70795f8337ce681ad1adbc7d,Y,N,N
D-2026,/Users/wanglifei/Desktop/2026模拟题/文化_v6.9续作_20260908/核验/题源覆盖/原生文字缓存/LOCAL-184_fb15943f37f6.txt,txt,289,3f624a187144724ac10297a264080f65c73266b72619454e8904477133bfde72,Y,N,N
D-2026,/Users/wanglifei/Desktop/2026模拟题/文化_v6.9续作_20260908/核验/题源覆盖/原生文字缓存/LOCAL-186_e4d67789c91d.txt,txt,51942,2db4f5076017156375aaa1583de5edaee23d80270b0e8fb7c3cffbb73aca833f,Y,N,N
D-2026,/Users/wanglifei/Desktop/2026模拟题/文化_v6.9续作_20260908/核验/题源覆盖/原生文字缓存/LOCAL-187_15664381470d.txt,txt,21423,82ace33529e1e38620b654cbdaf4f9d280d2bfbd0051ec26bbbf7c1af8200a4d,Y,N,N
D-2026,/Users/wanglifei/Desktop/2026模拟题/文化_v6.9续作_20260908/核验/题源覆盖/原生文字缓存/LOCAL-188_dbc93cbfd3a9.txt,txt,26786,20ee74f2afa95806b5ebcf51d3c454124c86c1a49fba41c4624f31777fe8041d,Y,N,N
D-2026,/Users/wanglifei/Desktop/2026模拟题/文化_v6.9续作_20260908/核验/题源覆盖/原生文字缓存/LOCAL-189_6553ff85e09d.txt,txt,214,caab5693ec94f7ca22e90509690d6ba971c35b20400b6ed8fda4cabe8c860b8c,Y,N,N
D-2026,/Users/wanglifei/Desktop/2026模拟题/文化_v6.9续作_20260908/核验/题源覆盖/原生文字缓存/LOCAL-190_885e694cf464.txt,txt,13377,e9f38c373147beb9c0ec3e1af885099a338d6bac1d9a375f0d9053a68e476f73,Y,N,N
D-2026,/Users/wanglifei/Desktop/2026模拟题/文化_v6.9续作_20260908/核验/题源覆盖/原生文字缓存/LOCAL-191_885e694cf464.txt,txt,13377,e9f38c373147beb9c0ec3e1af885099a338d6bac1d9a375f0d9053a68e476f73,Y,N,N
D-2026,/Users/wanglifei/Desktop/2026模拟题/文化_v6.9续作_20260908/核验/题源覆盖/原生文字缓存/LOCAL-192_5a53b5c6863d.txt,txt,22440,c1f40f92dc3f5e9b537f2bff9d23b6e4e90abca82679af4a76624eb5a04b4d84,Y,N,N
D-2026,/Users/wanglifei/Desktop/2026模拟题/文化_v6.9续作_20260908/核验/题源覆盖/原生文字缓存/LOCAL-193_487b2d15b3a3.txt,txt,94,81f502555257224aede5b07c5cc4f242ab70abfe070241f92db8d17ab83820a2,Y,N,N
D-2026,/Users/wanglifei/Desktop/2026模拟题/文化_v6.9续作_20260908/核验/题源覆盖/原生文字缓存/LOCAL-194_e1a49527cb4c.txt,txt,190,1c1debf81b54e03f8670657fff0179f0583cda6b696b404d2dd9edd22177458d,Y,N,N
D-2026,/Users/wanglifei/Desktop/2026模拟题/文化_v6.9续作_20260908/核验/题源覆盖/原生文字缓存/LOCAL-195_e65381bd2291.txt,txt,2672,6e1a44ffeed8bfd071976e6445dc2adc01f2e6a641f5f77cf9c104f669518992,Y,N,N
D-2026,/Users/wanglifei/Desktop/2026模拟题/文化_v6.9续作_20260908/核验/题源覆盖/原生文字缓存/LOCAL-196_11cac42f9791.txt,txt,26683,407de2c5f5f3763c8a12a194bd1da80801127e8252617d66becec948c96fee35,Y,N,N
D-2026,/Users/wanglifei/Desktop/2026模拟题/文化_v6.9续作_20260908/核验/题源覆盖/原生文字缓存/LOCAL-197_7832041a93d3.txt,txt,4684,6aedd3d7dc02b575e7a2070f52560aad7d897ff24ad99b9bad7141bab260ee75,Y,N,N
D-2026,/Users/wanglifei/Desktop/2026模拟题/文化_v6.9续作_20260908/核验/题源覆盖/原生文字缓存/LOCAL-198_ac3124113aec.txt,txt,5049,39cf533aa5b70c0b9bd1077e9282ae5176f8f8bbef7aadf779bde9abed596750,Y,N,N
D-2026,/Users/wanglifei/Desktop/2026模拟题/文化_v6.9续作_20260908/核验/题源覆盖/原生文字缓存/LOCAL-199_54715a1e650d.txt,txt,118,b74d1a74ad9b2a695dfdcee2ca1cd6a9047869c36892e2061b578d159d39a0d6,Y,N,N
D-2026,/Users/wanglifei/Desktop/2026模拟题/文化_v6.9续作_20260908/核验/题源覆盖/原生文字缓存/LOCAL-200_9aecfff2e370.txt,txt,2643,f90b9c16f4d727d2268c880a4062344921bdb38176bbe1e6f08aaab8e53153cc,Y,N,N
D-2026,/Users/wanglifei/Desktop/2026模拟题/文化_v6.9续作_20260908/核验/题源覆盖/原生文字缓存/LOCAL-201_efbc5507a38d.txt,txt,8273,699fa0829789bbf00b4bf7bb7cdc1f21bee3b0d44f1f2847f00d086080c5d1ab,Y,N,N
D-2026,/Users/wanglifei/Desktop/2026模拟题/文化_v6.9续作_20260908/核验/题源覆盖/原生文字缓存/LOCAL-202_efbc5507a38d.txt,txt,8273,699fa0829789bbf00b4bf7bb7cdc1f21bee3b0d44f1f2847f00d086080c5d1ab,Y,N,N
D-2026,/Users/wanglifei/Desktop/2026模拟题/文化_v6.9续作_20260908/核验/题源覆盖/原生文字缓存/LOCAL-203_44537714bd68.txt,txt,19602,ee3ffa7c219c739cffb8729b06e3d7a60588a28567d437822b643060cef77d96,Y,N,N
D-2026,/Users/wanglifei/Desktop/2026模拟题/文化_v6.9续作_20260908/核验/题源覆盖/原生文字缓存/LOCAL-204_7f3083ea306e.txt,txt,23262,e8dfde5e3942dc8c68267aca5470789f5f1cf7eb72b025563be577108eb37873,Y,N,N
D-2026,/Users/wanglifei/Desktop/2026模拟题/文化_v6.9续作_20260908/核验/题源覆盖/原生文字缓存/LOCAL-205_22c2a9a9dc00.txt,txt,4402,12d3346b2442f3625271661f72224530d08436ee37476b1ccf099aeb6eeeb0ee,Y,N,N
D-2026,/Users/wanglifei/Desktop/2026模拟题/文化_v6.9续作_20260908/核验/题源覆盖/原生文字缓存/LOCAL-212_a304fc30e2f4.txt,txt,4176,f75a55ff6914b8f1b2a80914220ba1a5dd1160f2f229d6d90315d1f2c7989334,Y,N,N
D-2026,/Users/wanglifei/Desktop/2026模拟题/文化_v6.9续作_20260908/核验/题源覆盖/原生文字缓存/LOCAL-213_ef033508bb10.txt,txt,3151,2cb6f05ded9778beed62149aa0fadf6c23faa6f12e16cee1d922026f5c5d48ca,Y,N,N
D-2026,/Users/wanglifei/Desktop/2026模拟题/文化_v6.9续作_20260908/核验/题源覆盖/原生文字缓存/LOCAL-214_55e70d4fcebb.txt,txt,3186,e5c883c13bdeedfab1300b43f9c1f8e70795a678554c836c773f3b684be8c0b8,Y,N,N
D-2026,/Users/wanglifei/Desktop/2026模拟题/文化_v6.9续作_20260908/核验/题源覆盖/原生文字缓存/LOCAL-215_1317ff2d3699.txt,txt,3332,c90966f7bc2634c9389dd47690452992e9732daef3e350dcd30d55d077892595,Y,N,N
D-2026,/Users/wanglifei/Desktop/2026模拟题/文化_v6.9续作_20260908/核验/题源覆盖/原生文字缓存/LOCAL-216_32dd066eb95c.txt,txt,2565,3646ca864584f2aac906db91b508ccc60e2e7e26a8ecea7ba3c2938a5f1bc2e4,Y,N,N
D-2026,/Users/wanglifei/Desktop/2026模拟题/文化_v6.9续作_20260908/核验/题源覆盖/原生文字缓存/LOCAL-217_2c3853fde0c2.txt,txt,940,f5630c04b6752d4a2b8416f5743612bf3261cddfe18193b608c2c6853bc5125c,Y,N,N
D-2026,/Users/wanglifei/Desktop/2026模拟题/文化_v6.9续作_20260908/核验/题源覆盖/原生文字缓存/LOCAL-218_9bcca4f19c81.txt,txt,2408,35ff0a666d46a402a9a39b1a0b6e640618ff7852d038e8e53f7db2146a121497,Y,N,N
D-2026,/Users/wanglifei/Desktop/2026模拟题/文化_v6.9续作_20260908/核验/题源覆盖/原生文字缓存/LOCAL-220_957fa8d76c21.txt,txt,18981,e31da2aca015b3cea3d3e1464323cce330257054982a66a9816a4be6019fa6ec,Y,N,N
D-2026,/Users/wanglifei/Desktop/2026模拟题/文化_v6.9续作_20260908/核验/题源覆盖/原生文字缓存/LOCAL-222_e0d7d1a5fd45.txt,txt,20486,45bdfdf46aea1239bedd10603a0fa3fda084ed76f1b9d3b337559df82e241ce8,Y,N,N
D-2026,/Users/wanglifei/Desktop/2026模拟题/文化_v6.9续作_20260908/核验/题源覆盖/原生文字缓存/LOCAL-223_132a504a16fe.txt,txt,16919,7d9ad24df957eea7b6329192802134da5197c350688168831db40d04290d6cc6,Y,N,N
D-2026,/Users/wanglifei/Desktop/2026模拟题/文化_v6.9续作_20260908/核验/题源覆盖/原生文字缓存/LOCAL-225_c125322a6844.txt,txt,4599,c08b8d7e99b2a6fd961c43b3e8db53d2e7529b2d3807b2eb8f9bfc9e2235a089,Y,N,N
D-2026,/Users/wanglifei/Desktop/2026模拟题/文化_v6.9续作_20260908/核验/题源覆盖/原生文字缓存/LOCAL-227_eed66a4c3a30.txt,txt,18315,0a5cedf0b8e6f6bcb8fdd5cff6ca91b85857d8f1146ee3cce3e7560dbd875f37,Y,N,N
D-2026,/Users/wanglifei/Desktop/2026模拟题/文化_v6.9续作_20260908/核验/题源覆盖/限定扫描原卷/LOCAL-010_原题页OCR.txt,txt,18723,bf119cfbe9a0fdd8893d1b3752e05f3d404d9b9d2fabbf387c1c5eb577a6a895,Y,N,N
D-2026,/Users/wanglifei/Desktop/2026模拟题/文化_v6.9续作_20260908/核验/题源覆盖/限定扫描原卷/LOCAL-040_原题页OCR.txt,txt,20160,51b15e8c30704981ec3da78eefeb82c477fabc1f2b5f98cf1415b9af121798bb,Y,N,N
D-2026,/Users/wanglifei/Desktop/2026模拟题/文化_v6.9续作_20260908/核验/题源覆盖/限定扫描原卷/LOCAL-045_原题页OCR.txt,txt,20204,f94357a46d367284b55acc1b7e758f499ad2b8764e8cfc78ac6bab17c8026625,Y,N,N
D-2026,/Users/wanglifei/Desktop/2026模拟题/文化_v6.9续作_20260908/核验/题源覆盖/高考2020至2025逐题筛查/LOCAL-207_全卷原生.txt,txt,49524,9e6848e486a5bb7cd11824fb343701c5b13cc392ac353d00cf78b2fc30944a12,Y,N,N
D-2026,/Users/wanglifei/Desktop/2026模拟题/文化_v6.9续作_20260908/核验/题源覆盖/高考2020至2025逐题筛查/LOCAL-208_全卷原生.txt,txt,22755,e272f83a86bf26642eec096c52fa934fb6534393eb72d4dee9e3cf83d15f765a,Y,N,N
D-2026,/Users/wanglifei/Desktop/2026模拟题/文化_v6.9续作_20260908/核验/题源覆盖/高考2020至2025逐题筛查/LOCAL-210_全卷原生.txt,txt,60268,0e37ffbce1c4bddd27e56cc22cc5bdd69a53c68e781ac3de3fb688d030fdc867,Y,N,N
D-2026,/Users/wanglifei/Desktop/2026模拟题/文化_v6.9续作_20260908/核验/题源覆盖/高考2020至2025逐题筛查/LOCAL-219_全卷原生.txt,txt,21818,f58d19ba52ddbf3297d13ee2a0c0d947acf3efdc3aaf3eec91db3d4a7d687535,Y,N,N
D-2026,/Users/wanglifei/Desktop/2026模拟题/文化_v6.9续作_20260908/核验/题源覆盖/高考2020至2025逐题筛查/LOCAL-221_全卷原生.txt,txt,42063,6704081d9274122972dbe55554430715d77459e25e4c70dca14111d5a4278bad,Y,N,N
D-2026,/Users/wanglifei/Desktop/2026模拟题/文化_v6.9续作_20260908/核验/题源覆盖/高考2020至2025逐题筛查/LOCAL-224_全卷原生.txt,txt,63741,1d79d3b4991b06aea810da4ff436d108d15e6fca20882edef8f01536f299e386,Y,N,N
D-2026,/Users/wanglifei/Desktop/2026模拟题/文化_v6.9续作_20260908/核验/高考细则/2021原卷_p6.txt,txt,1564,a2e4d73a5db6b7db8d43f656b77fc33f1f4ebedf8dcfc0488809cae50d9078a6,Y,N,Y
D-2026,/Users/wanglifei/Desktop/2026模拟题/文化_v6.9续作_20260908/核验/高考细则/2021高考政治主观试题细则汇总（内部资料请勿外传）.pdf.txt,txt,26613,0f1c518192a2a8857f08d0f39fcd713ab0ea7339366617f129cf65585dd51d89,Y,N,Y
D-2026,/Users/wanglifei/Desktop/2026模拟题/文化_v6.9续作_20260908/核验/高考细则/2022原卷_p15.txt,txt,2063,7c170ea5d995c732feae03e461eaaf979a15c4f96b6057131122aeeaee4454dc,Y,N,Y
D-2026,/Users/wanglifei/Desktop/2026模拟题/文化_v6.9续作_20260908/核验/高考细则/2022原卷_p16.txt,txt,2412,9da6fa2850de431d05b4030d0f55ab17b1bb3ffe1b6402ebab6d229a8cd44a56,Y,N,Y
D-2026,/Users/wanglifei/Desktop/2026模拟题/文化_v6.9续作_20260908/核验/高考细则/2022原卷_p5.txt,txt,1307,3e05d6e4f01ef5d5dfe4117d299090fb3f204cacc256caf3f342f01cea4d759c,Y,N,Y
D-2026,/Users/wanglifei/Desktop/2026模拟题/文化_v6.9续作_20260908/核验/高考细则/2022年北京高考阅卷标准.pdf.txt,txt,17236,a5038fcc4cb35d8d8ededd1b7f82b3539b0567fb239a1ce12ed3f87fd52f1507,Y,N,Y
D-2026,/Users/wanglifei/Desktop/2026模拟题/文化_v6.9续作_20260908/核验/高考细则/2024年北京市高考政治试题分析(1).pdf.txt,txt,20063,8d5940c45fc305091f8cfb3c30741a440c67f3e728bb5cfbed4296ee8e7ae6d9,Y,N,Y
D-2026,/Users/wanglifei/Desktop/2026模拟题/文化_v6.9续作_20260908/核验/高考细则/2025北京细则.pdf.txt,txt,16872,a74c407948cea6a71288cfaf8b49e88d0a69bbab8258eedda1e000148023e4fd,Y,N,Y
D-2026,/Users/wanglifei/Desktop/2026模拟题/文化_v6.9续作_20260908/核验/高考细则/2025原卷_p14.txt,txt,3429,f2cb002df0800d76129069ee5f318e5a155791d82ca6f32d735cc5d4fb8969e2,Y,N,Y
D-2026,/Users/wanglifei/Desktop/2026模拟题/文化_v6.9续作_20260908/核验/高考细则/2025原卷_p5.txt,txt,2399,62dbd84fe35805d0d752606ab8d20ac4ef6a9c7db1e26ac2a3117d4c7d384c45,Y,N,Y
D-2026,/Users/wanglifei/Desktop/2026模拟题/文化_v6.9续作_20260908/渲染/v6.10第一批/2026北京高考政治文化宝典_v6.10_校订稿_20260908.pdf,pdf,4224771,fb62b187a27f2ef9345012e4995ffeee032a07554cb82c200b600138c701210a,Y,N,N
D-2026,/Users/wanglifei/Desktop/2026模拟题/文化_v6.9续作_20260908/渲染/v6.11第二批/2026北京高考政治文化宝典_v6.11_校订稿_20260908.pdf,pdf,4353041,2f39424a5d90b8215a0534d663a1fd8b75d419196fd5948b511f8083dec2a4b4,Y,N,N
D-2026,/Users/wanglifei/Desktop/2026模拟题/文化_v6.9续作_20260908/渲染/v6.12第三批/2026北京高考政治文化宝典_v6.12_校订稿_20260908.pdf,pdf,4521476,a3469df554824eb0dacc588d24d2f7c8474f68e5c37d6621b4d62717ccf8f526,Y,N,N
D-2026,/Users/wanglifei/Desktop/2026模拟题/文化_v6.9续作_20260908/渲染/v6.13第四批/2026北京高考政治文化宝典_v6.13_校订稿_20260908.pdf,pdf,4539414,03c807b996eba8483f4a4d7d14a166cb7d1c9fbd40ebef7fca3649f7273c4f77,Y,N,N
D-2026,/Users/wanglifei/Desktop/2026模拟题/文化_v6.9续作_20260908/渲染/v6.14第五批/2026北京高考政治文化宝典_v6.14_校订稿_20260908.pdf,pdf,4723288,c01cdbaa48c1b135db943238b4a58a18ce3c427db3576cb8e2484e55dca9c20d,Y,N,N
D-2026,/Users/wanglifei/Desktop/2026模拟题/文化_v6.9续作_20260908/渲染/v6.15第六批/2026北京高考政治文化宝典_v6.15_校订稿_20260908.pdf,pdf,5142231,24dbd231b094a6c3910d1f02b2ca44af735228780a53ddc59d9f1fc57438f9d1,Y,N,N
D-2026,/Users/wanglifei/Desktop/2026模拟题/文化_v6.9续作_20260908/渲染/v6.16第七批/2026北京高考政治文化宝典_v6.16_校订稿_20260908.pdf,pdf,5167579,a23a1f3acbb20b02207008a66c362fa8895cfb6181385e111d2df2f700e35a40,Y,N,N
D-2026,/Users/wanglifei/Desktop/2026模拟题/文化_v6.9续作_20260908/渲染/v6.17第八批/2026北京高考政治文化宝典_v6.17_校订稿_20260908.pdf,pdf,4982484,9fca90a81daf4c82b0823430b25a9eac5bdefc09b498be8d6c8d15a396784a27,Y,N,N
D-2026,/Users/wanglifei/Desktop/2026模拟题/文化_v6.9续作_20260908/渲染/v6.18第九批/2026北京高考政治文化宝典_v6.18_校订稿_20260908.pdf,pdf,5069599,54aaa833232b720260311cbf4e65302934c928e01e7f94c12089774fb54c6600,Y,N,N
D-2026,/Users/wanglifei/Desktop/2026模拟题/文化_v6.9续作_20260908/渲染/v6.19第十批/2026北京高考政治文化宝典_v6.19_校订稿_20260908.pdf,pdf,5083425,e7ba8955b06fc8439ba53c0d452af03c7522fa26e143f29e65387863267f2af7,Y,N,N
D-2026,/Users/wanglifei/Desktop/2026模拟题/文化_v6.9续作_20260908/渲染/v6.20第十一批/2026北京高考政治文化宝典_v6.20_校订稿_20260908.pdf,pdf,5100276,4677af716c99720f5e4ce733c73c6615b08b4918a9033ff638449ab6de2b4b0b,Y,N,N
D-2026,/Users/wanglifei/Desktop/2026模拟题/文化_v6.9续作_20260908/渲染/v6.21第十二批/2026北京高考政治文化宝典_v6.21_校订稿_20260908.pdf,pdf,5116258,1af07bf0cdafd8051770a987967f255e8e5ca954956615461ae0c83e72da6005,Y,N,N
D-2026,/Users/wanglifei/Desktop/2026模拟题/文化_v6.9续作_20260908/渲染/v6.22第十三批/2026北京高考政治文化宝典_v6.22_校订稿_20260908.pdf,pdf,5146224,e69b543c9fbd7b838049e4f3e6a3f3330f148fc863c8c092638c266c7b7a5f57,Y,N,N
D-2026,/Users/wanglifei/Desktop/2026模拟题/文化_v6.9续作_20260908/渲染/v6.23第十四批/2026北京高考政治文化宝典_v6.23_校订稿_20260908.pdf,pdf,5162857,5c6a0625ef70887040f3a3fe87a4ca05521adb786d3fc040d21fdab1758b5f6c,Y,N,N
D-2026,/Users/wanglifei/Desktop/2026模拟题/文化_v6.9续作_20260908/渲染/v6.24第十五批/2026北京高考政治文化宝典_v6.24_校订稿_20260908.pdf,pdf,5202349,48a98111ef4293ec19707f7d00cd8deef6de84882731739a8e2662410a25d2a8,Y,N,N
D-2026,/Users/wanglifei/Desktop/2026模拟题/文化_v6.9续作_20260908/渲染/v6.25第十六批/2026北京高考政治文化宝典_v6.25_校订稿_20260908.pdf,pdf,5286380,179444e00b14cbdc52dadbef45c517ae5f8bb5c0eac2762e91aa5284d0826d33,Y,N,N
D-2026,/Users/wanglifei/Desktop/2026模拟题/文化_v6.9续作_20260908/渲染/v6.26第十七批/2026北京高考政治文化宝典_v6.26_校订稿_20260908.pdf,pdf,5313542,a00b8658a1f8601dd5c6669dc76bd337b36dc2d7cb63e9bf2d9b41e885bce3b4,Y,N,N
D-2026,/Users/wanglifei/Desktop/2026模拟题/文化_v6.9续作_20260908/渲染/v6.27第十八批/2026北京高考政治文化宝典_v6.27_校订稿_20260908.pdf,pdf,5376820,ceebac3a3b5304a679913497e3ad305571120e950226e41fb233629e51324bfe,Y,N,N
D-2026,/Users/wanglifei/Desktop/2026模拟题/文化_v6.9续作_20260908/渲染/v6.28第十九批/2026北京高考政治文化宝典_v6.28_校订稿_20260908.pdf,pdf,5394515,b607180c66f8eaab770ec3a085b032f3ba2ac2aefee4daae75cc92fb9ed475de,Y,N,N
D-2026,/Users/wanglifei/Desktop/2026模拟题/文化_v6.9续作_20260908/渲染/v6.29第二十批/2026北京高考政治文化宝典_v6.29_校订稿_20260908.pdf,pdf,5397209,13366305aba4cdecff832f321e5c33b61112bbedff97250db4cbfe151241ac72,Y,N,N
D-2026,/Users/wanglifei/Desktop/2026模拟题/文化_v6.9续作_20260908/渲染/v6.30第二十一批/2026北京高考政治文化宝典_v6.30_校订稿_20260908.pdf,pdf,5516081,af10338ca350b7f73ea2acb14e7b77d130bae4d27470a562893f3a0739578ccc,Y,N,N
D-2026,/Users/wanglifei/Desktop/2026模拟题/文化_v6.9续作_20260908/渲染/v6.9基线/2026北京高考政治文化宝典_v6.9_原题材料与真实细则全书终审版_20260830.pdf,pdf,4139768,03b5058862b0e9bba59055158f93e2c1e106aa033469bcdcf4106a1b22302e73,Y,N,Y
D-2026,/Users/wanglifei/Desktop/2026模拟题/选必二_v15.0续作_20260908/原件保全/北京高考政治教研_选必二法律与生活宝典_v15.0_全题可编辑实质重建终审版_20260903.docx,docx,29402748,dc646b86dd5acf5f20bf5f99e574e9bfa07397b320a7eb04cf7277428d47315a,Y,N,N
D-2026,/Users/wanglifei/Desktop/2026模拟题/选必二_v15.0续作_20260908/只读回滚母本/选必二法律与生活宝典_v14.1_全题源主观题全落位学生终审版_20260808.docx,docx,472102,986b0ff99978ebfcc425cce723b8be5550cea7bfecae4140ea4a33dbcd33a2a9,Y,N,N
D-2026,/Users/wanglifei/Desktop/2026模拟题/选必二_v15.0续作_20260908/工作稿/选必二法律与生活宝典_v15.0_出版校订稿_20260908_r01.docx,docx,29403395,ab6d40bc2455e6889869808f450cd41cd7d1a99018f9fa6c2a8fd06438d45a2c,Y,N,N
D-2026,/Users/wanglifei/Desktop/2026模拟题/选必二_v15.0续作_20260908/工作稿/选必二法律与生活宝典_v15.0_出版校订稿_20260908_r02.docx,docx,29404908,86a754615b126dbda595dd95be0a7c97668d4c0a1b0f7e12711e549282f17160,Y,N,N
D-2026,/Users/wanglifei/Desktop/2026模拟题/选必二_v15.0续作_20260908/工作稿/选必二法律与生活宝典_v15.0_出版校订稿_20260908_r03.docx,docx,29405532,afe0d3a58361798be6c0656228b499abc82fd6b9c9ba19b2dfd25c9e876358d3,Y,N,N
D-2026,/Users/wanglifei/Desktop/2026模拟题/选必二_v15.0续作_20260908/工作稿/选必二法律与生活宝典_v15.0_出版校订稿_20260908_r04.docx,docx,29406285,76594ba1cff95ad06ce70cc79397d01becb4a6c4e3b0d31819390b350e1a034c,Y,N,N
D-2026,/Users/wanglifei/Desktop/2026模拟题/选必二_v15.0续作_20260908/工作稿/选必二法律与生活宝典_v15.0_出版校订稿_20260908_r05.docx,docx,29408168,8768b64e79829c7029b0032fe46fe3f11f90fc4c5261a9104436fe2f92f5e4dc,Y,N,N
D-2026,/Users/wanglifei/Desktop/2026模拟题/选必二_v15.0续作_20260908/工作稿/选必二法律与生活宝典_v15.0_出版校订稿_20260908_r06.docx,docx,29409877,ba8bc3793a1d626534f9d4a3c2748aeb82bbba1b714889f4313bdce6db4ac39e,Y,N,N
D-2026,/Users/wanglifei/Desktop/2026模拟题/选必二_v15.0续作_20260908/工作稿/选必二法律与生活宝典_v15.0_出版校订稿_20260908_r07.docx,docx,29411747,c71e7151b113b54e5bf959c93c84b960f28f3cbba6208b30a942777dcd4f3c37,Y,N,N
D-2026,/Users/wanglifei/Desktop/2026模拟题/选必二_v15.0续作_20260908/工作稿/选必二法律与生活宝典_v15.0_出版校订稿_20260908_r08.docx,docx,29410931,3bf377581970f57bf8a435927b985156bf860ea8b883be6dda5d76875169dd2b,Y,N,N
D-2026,/Users/wanglifei/Desktop/2026模拟题/选必二_v15.0续作_20260908/工作稿/选必二法律与生活宝典_v15.0_出版校订稿_20260908_r09.docx,docx,29412749,569616a65ed06959f9c9f28a3afa5cbb262c91654743a40a4712c95bd7cd560b,Y,N,N
D-2026,/Users/wanglifei/Desktop/2026模拟题/选必二_v15.0续作_20260908/工作稿/选必二法律与生活宝典_v15.0_出版校订稿_20260908_r10.docx,docx,29414529,7aaf2a704f5c912c081e8eba56131038a972c800e074b241c29663a3e1b17166,Y,N,N
D-2026,/Users/wanglifei/Desktop/2026模拟题/选必二_v15.0续作_20260908/工作稿/选必二法律与生活宝典_v15.0_出版校订稿_20260908_r11.docx,docx,29416009,0e22320fe21a6646e89e1ee49e918a0cebe3fc74eaa8d6c0ede281e3be726641,Y,N,N
D-2026,/Users/wanglifei/Desktop/2026模拟题/选必二_v15.0续作_20260908/工作稿/选必二法律与生活宝典_v15.0_出版校订稿_20260908_r12.docx,docx,29418157,d780aa68372df4368a95d2054af3f39103016cad8318eec1d8f3347d21fe5825,Y,N,N
D-2026,/Users/wanglifei/Desktop/2026模拟题/选必二_v15.0续作_20260908/工作稿/选必二法律与生活宝典_v15.0_出版校订稿_20260908_r13.docx,docx,29420877,6d140ea0dab83aecc6c8f451cae2d51cdc07a3a69433b74c409eda4d77f0fd11,Y,N,N
D-2026,/Users/wanglifei/Desktop/2026模拟题/选必二_v15.0续作_20260908/工作稿/选必二法律与生活宝典_v15.0_出版校订稿_20260908_r14.docx,docx,29422208,6e8c948cb0bebd11648b06a17d2dbe9d03e272776348dd1293e028ca9da2d03f,Y,N,N
D-2026,/Users/wanglifei/Desktop/2026模拟题/选必二_v15.0续作_20260908/工作稿/选必二法律与生活宝典_v15.0_出版校订稿_20260908_r15.docx,docx,29423661,f6d816932fc44a35b5bd00e550316c18331118c26c4929faccab57ed0396c654,Y,N,N
D-2026,/Users/wanglifei/Desktop/2026模拟题/选必二_v15.0续作_20260908/工作稿/选必二法律与生活宝典_v15.0_出版校订稿_20260908_r16.docx,docx,29424433,92b6dbf3a4688a3f0754bc1b51d24ea3cabf7e7b59b15be35fd3bcaab6713b82,Y,N,N
D-2026,/Users/wanglifei/Desktop/2026模拟题/选必二_v15.0续作_20260908/工作稿/选必二法律与生活宝典_v15.0_出版校订稿_20260908_r17.docx,docx,29426500,074d4a6ec4140d708eb7e8e6d2019b10f24257e22786929e64be1764bbb526ab,Y,N,N
D-2026,/Users/wanglifei/Desktop/2026模拟题/选必二_v15.0续作_20260908/工作稿/选必二法律与生活宝典_v15.0_出版校订稿_20260908_r18.docx,docx,29430803,4dec924722cabb7ad78583d1e67aebab9673a53612c917af26f4df95c515f16a,Y,N,N
D-2026,/Users/wanglifei/Desktop/2026模拟题/选必二_v15.0续作_20260908/工作稿/选必二法律与生活宝典_v15.0_出版校订稿_20260908_r19.docx,docx,29431237,1c88b3d42a98c8fc4c1a2706ff63e11c14f3d643126b615d3e6bd022c30a9872,Y,N,N
D-2026,/Users/wanglifei/Desktop/2026模拟题/选必二_v15.0续作_20260908/工作稿/选必二法律与生活宝典_v15.0_出版校订稿_20260908_r20.docx,docx,29439748,1df3f8dbbf284b8b7c44db5aa01744971c5e1de5dabc99fce1040fa6bbebe077,Y,N,N
D-2026,/Users/wanglifei/Desktop/2026模拟题/选必二_v15.0续作_20260908/工作稿/选必二法律与生活宝典_v15.0_出版校订稿_20260908_r21.docx,docx,29441083,a3257b3fb4220601069c22b25868cb240a9f7a9c65a4218a607de4344ea8e7bb,Y,N,N
D-2026,/Users/wanglifei/Desktop/2026模拟题/选必二_v15.0续作_20260908/工作稿/选必二法律与生活宝典_v15.0_出版校订稿_20260908_r22.docx,docx,29442461,7579086d6b1a1d91294321022c01fe9240769e9056d5fefdcc5f81a1849a448d,Y,N,N
D-2026,/Users/wanglifei/Desktop/2026模拟题/选必二_v15.0续作_20260908/核验/主代理回源/2024东城二模19完整渲染/19（1）.pdf,pdf,931092,2630b3c94032d3f769c21e2b3da6894c5a027c299e7b4db9d16278aa224baef4,Y,N,N
D-2026,/Users/wanglifei/Desktop/2026模拟题/选必二_v15.0续作_20260908/核验/主代理回源/2024丰台一模完整渲染/细则.pdf,pdf,284954,cbf3c2c939a607843927e3869ff6c0baf1bf2cc1df25923cf4510c545c1c0d7c,Y,N,Y
D-2026,/Users/wanglifei/Desktop/2026模拟题/选必二_v15.0续作_20260908/核验/主代理回源/2025海淀期末完整渲染/细则.pdf,pdf,7889135,31bec02ce517ebc64351e9ce09a7ebcae1b72fef8b0a4650ac481cf048e6271b,Y,N,Y
D-2026,/Users/wanglifei/Desktop/2026模拟题/选必二_v15.0续作_20260908/核验/主代理回源/2025海淀期末完整渲染/试卷.pdf,pdf,664295,1d2755b538644a4640fa894f1975662fbafa408dc475f4c584074fc7941fe941,Y,N,Y
D-2026,/Users/wanglifei/Desktop/2026模拟题/选必二_v15.0续作_20260908/核验/主代理回源/丰台二模细则完整渲染/2026丰台区二模主观题阅卷细则(1).pdf,pdf,8524943,0cb80974cc24ae1ee464fab45ee3e2acc4a50dbe2678bfba412efb8793775b98,Y,N,Y
D-2026,/Users/wanglifei/Desktop/2026模拟题/选必二_v15.0续作_20260908/核验/门头沟细则_document_全文.txt,txt,14231,6a753bdd2eadbb3df93f2f6d401efd6c5f0ed1d8afa5bea1185cad5167d578ae,Y,N,Y
D-2026,/Users/wanglifei/Desktop/2026模拟题/选必二_v15.0续作_20260908/核验/门头沟细则_endnotes_全文.txt,txt,0,e3b0c44298fc1c149afbf4c8996fb92427ae41e4649b934ca495991b7852b855,Y,N,Y
D-2026,/Users/wanglifei/Desktop/2026模拟题/选必二_v15.0续作_20260908/核验/门头沟细则_footnotes_全文.txt,txt,0,e3b0c44298fc1c149afbf4c8996fb92427ae41e4649b934ca495991b7852b855,Y,N,Y
D-2026,/Users/wanglifei/Desktop/2026模拟题/选必二_v15.0续作_20260908/核验/门头沟细则中文渲染/细则.pdf,pdf,323359,de1392da56aeb98d31cb7a22d51f30e72d052bb1bc912792840ceec24184e1b0,Y,N,Y
D-2026,/Users/wanglifei/Desktop/2026模拟题/选必二_v15.0续作_20260908/核验/门头沟细则渲染/细则.pdf,pdf,161988,4d0270dbf874a99924cef9de82f03a011dc0708b14ee28bc8c5bca70581c86f4,Y,N,Y
D-2026,/Users/wanglifei/Desktop/2026模拟题/选必二_v15.0续作_20260908/核验/顺义评标_全载体复核文本.txt,txt,19227,f5b1c61b6b9dc7f7ffd9c1fd09d17dd01c05350ffbded4e361f36e5b93330f47,Y,N,Y
D-2026,/Users/wanglifei/Desktop/2026模拟题/选必二_v15.0续作_20260908/核验/顺义评标_原DOC全文.txt,txt,18779,ab1b65ab725cd6f954be427d1d2036a696d66ae0db7560969da6852cb4aa5187,Y,N,Y
D-2026,/Users/wanglifei/Desktop/2026模拟题/选必二_v15.0续作_20260908/渲染/r01/选必二法律与生活宝典_v15.0_出版校订稿_20260908_r01.pdf,pdf,9393149,454d0fd96c1cfb8933ebd6d4cc6b4c1a49177589b4939f0f852c256d6e8a08a7,Y,N,N
D-2026,/Users/wanglifei/Desktop/2026模拟题/选必二_v15.0续作_20260908/渲染/r02/选必二法律与生活宝典_v15.0_出版校订稿_20260908_r02.pdf,pdf,9388783,c7ce55117c4b37d37a11b1fd5ef2d1697937ec7e874979316000fd5375d47b82,Y,N,N
D-2026,/Users/wanglifei/Desktop/2026模拟题/选必二_v15.0续作_20260908/渲染/r03/选必二法律与生活宝典_v15.0_出版校订稿_20260908_r03.pdf,pdf,9392658,ebc6364b7bff17df374534873ba006059fde2636398c74785d4f1d1c7438f482,Y,N,N
D-2026,/Users/wanglifei/Desktop/2026模拟题/选必二_v15.0续作_20260908/渲染/r04/选必二法律与生活宝典_v15.0_出版校订稿_20260908_r04.pdf,pdf,9395255,d086247853bd1008e8715fc84f5e6322e51ff06c12751a14c07f20d98924a9aa,Y,N,N
D-2026,/Users/wanglifei/Desktop/2026模拟题/选必二_v15.0续作_20260908/渲染/r05/选必二法律与生活宝典_v15.0_出版校订稿_20260908_r05.pdf,pdf,9496213,8d91a940bdfcdefb52b08794e30bca235321e2c53986d2c651d6e9835721981a,Y,N,N
D-2026,/Users/wanglifei/Desktop/2026模拟题/选必二_v15.0续作_20260908/渲染/r06/选必二法律与生活宝典_v15.0_出版校订稿_20260908_r06.pdf,pdf,9506631,2bb274abc8477488f7125b2bdeb98d2f4fe564c46806c777705637f1187abbae,Y,N,N
D-2026,/Users/wanglifei/Desktop/2026模拟题/选必二_v15.0续作_20260908/渲染/r07/选必二法律与生活宝典_v15.0_出版校订稿_20260908_r07.pdf,pdf,9518480,77b63090998da9874ff5c1b92bb352bf97db5cef7e8dab0b8d52438d43a181d7,Y,N,N
D-2026,/Users/wanglifei/Desktop/2026模拟题/选必二_v15.0续作_20260908/渲染/r08/选必二法律与生活宝典_v15.0_出版校订稿_20260908_r08.pdf,pdf,9504578,23a5817708b68a1ee2bd9be29554e5d1e3df0cfbbba8ed007a41ebeebba4de23,Y,N,N
D-2026,/Users/wanglifei/Desktop/2026模拟题/选必二_v15.0续作_20260908/渲染/r09/选必二法律与生活宝典_v15.0_出版校订稿_20260908_r09.pdf,pdf,9539114,c89dde2c50ec45a4a857f967cf015bc19c00ddcf297c41b077351a7759a742fc,Y,N,N
D-2026,/Users/wanglifei/Desktop/2026模拟题/选必二_v15.0续作_20260908/渲染/r10/选必二法律与生活宝典_v15.0_出版校订稿_20260908_r10.pdf,pdf,9549029,0a090b9ff44e2a0986b1e309937c4233d6a239a2bd67787bd82e816bcc712073,Y,N,N
D-2026,/Users/wanglifei/Desktop/2026模拟题/选必二_v15.0续作_20260908/渲染/r11/选必二法律与生活宝典_v15.0_出版校订稿_20260908_r11.pdf,pdf,9555024,1175f1467bcf40489d17613d28ca830022479327d05a73361da3a8b31ed45e27,Y,N,N
D-2026,/Users/wanglifei/Desktop/2026模拟题/选必二_v15.0续作_20260908/渲染/r12/选必二法律与生活宝典_v15.0_出版校订稿_20260908_r12.pdf,pdf,9576052,7fa3a3186fd92d3a51368b3ce8b0a96632b031594e190c135bb0aea905910531,Y,N,N
D-2026,/Users/wanglifei/Desktop/2026模拟题/选必二_v15.0续作_20260908/渲染/r13/选必二法律与生活宝典_v15.0_出版校订稿_20260908_r13.pdf,pdf,9597091,66809daf274839f76cecfc8c496006cfe1db8a6e7645fed52f382f8afeb760bd,Y,N,N
D-2026,/Users/wanglifei/Desktop/2026模拟题/选必二_v15.0续作_20260908/渲染/r14/选必二法律与生活宝典_v15.0_出版校订稿_20260908_r14.pdf,pdf,9606339,7b883688f574c60c30da4d17990c21a855592ccfced30d44775261f741c05993,Y,N,N
D-2026,/Users/wanglifei/Desktop/2026模拟题/选必二_v15.0续作_20260908/渲染/r15/选必二法律与生活宝典_v15.0_出版校订稿_20260908_r15.pdf,pdf,9623796,aa1f4b1fbcb92618e890e2ce20853d766a8e497e55a0416194336dc76b1aea28,Y,N,N
D-2026,/Users/wanglifei/Desktop/2026模拟题/选必二_v15.0续作_20260908/渲染/r16/选必二法律与生活宝典_v15.0_出版校订稿_20260908_r16.pdf,pdf,9611630,4cd012865e1e305be0df4643e05a3dd447991ce6260ce8066623de57f1665680,Y,N,N
D-2026,/Users/wanglifei/Desktop/2026模拟题/选必二_v15.0续作_20260908/渲染/r17/选必二法律与生活宝典_v15.0_出版校订稿_20260908_r17.pdf,pdf,9628301,0a98d161df15b325df809b8e930d80aacd9587ece8b46cd43d0b2541ff4ab3f0,Y,N,N
D-2026,/Users/wanglifei/Desktop/2026模拟题/选必二_v15.0续作_20260908/渲染/r18/选必二法律与生活宝典_v15.0_出版校订稿_20260908_r18.pdf,pdf,9669414,ba5f34ad01aac430bd9814861bf5f99f1cedd2d484b56dea7f7c816d83926400,Y,N,N
D-2026,/Users/wanglifei/Desktop/2026模拟题/选必二_v15.0续作_20260908/渲染/r19/选必二法律与生活宝典_v15.0_出版校订稿_20260908_r19.pdf,pdf,9679479,19414aa86a528256d3326c369b5e5d8b7e76a26a3600d6cb8545e7f91b0aeb3c,Y,N,N
D-2026,/Users/wanglifei/Desktop/2026模拟题/选必二_v15.0续作_20260908/渲染/r20/选必二法律与生活宝典_v15.0_出版校订稿_20260908_r20.pdf,pdf,9813536,597acfdb0e97ba3d77fba63ec4a6be4ab2f0b9d3055c8350ee75c911c28ba973,Y,N,N
D-2026,/Users/wanglifei/Desktop/2026模拟题/选必二_v15.0续作_20260908/渲染/r21/选必二法律与生活宝典_v15.0_出版校订稿_20260908_r21.pdf,pdf,9825983,c3d6402ce5a164ec8f1ac67a9f46eb00cd2a0d0aa846ed2c192784c7c5109bf8,Y,N,N
D-2026,/Users/wanglifei/Desktop/2026模拟题/选必二_v15.0续作_20260908/渲染/r22/选必二法律与生活宝典_v15.0_出版校订稿_20260908_r22.pdf,pdf,9838439,d05923d6ca3bc7fab01528dd22a57a5d21be54c5f8a301b49f1690637f4ccb96,Y,N,N
D-2026,/Users/wanglifei/Desktop/2026模拟题/选必二_v15.0续作_20260908/渲染/v15.0中文基线/北京高考政治教研_选必二法律与生活宝典_v15.0_全题可编辑实质重建终审版_20260903.pdf,pdf,9385413,a54759a5ac0c083846f2cd560b618b61db5d5f8f313a9c821d22818ef964e70b,Y,N,N
D-2026,/Users/wanglifei/Desktop/2026模拟题/选必二_v15.0续作_20260908/渲染/v15.0基线/北京高考政治教研_选必二法律与生活宝典_v15.0_全题可编辑实质重建终审版_20260903.pdf,pdf,8256024,d756b0cd2b8b4644202a8c65c213ac616814b934e195019156818c62b02a4237,Y,N,N
D-2026,/Users/wanglifei/Desktop/2026模拟题/项目迁移_20260908/03_本地源文件索引.csv,csv,47570,c7729d3802b4af92f917f25c949842a12d354b71fd15b2f5da7e9d2f4c5282d8,Y,N,N
D-2026,/Users/wanglifei/Desktop/2026模拟题/项目迁移_20260908/原始交接资料/01_项目指令.txt,txt,1599,c5c31cf510c4f5c69a6326576937c7c12ec507a5e1de537083bf42181d3073ab,Y,N,N
D-2026,/Users/wanglifei/Desktop/2026模拟题/项目迁移_20260908/原始交接资料/02_首条启动消息.txt,txt,3057,1cb3015bf051fa8e8504befb4736f4c54428f95b9b7a135b99cd67898ef60acd,Y,N,N
D-2026,/Users/wanglifei/Desktop/2026模拟题/项目迁移_20260908/原始交接资料/2026北京高考政治文化宝典_v6.9_原题材料与真实细则全书终审版_20260830.docx,docx,34618697,c8ee6d77369db29f4662225bf79bda4755e8bfc0c8caacde10af740a1f8f7b87,Y,N,Y
D-2026,/Users/wanglifei/Desktop/2026模拟题/项目迁移_20260908/原始交接资料/必修二经济宝典_v25_校订稿_20260907.docx,docx,60127146,fe81163d3b976cb32289a879e7a579e059b0cfbd7dbcd81119dbfc56b19d710e,Y,N,N
D-2026,/Users/wanglifei/Desktop/2026模拟题/项目迁移_20260908/原始交接资料/必修二经济宝典_材料保真与真细则审计表_v24.1_20260831.xlsx,xlsx,807721,142a9f027ce274a8700f945daa0f80f44ca086676a97be7cc900badb19dc4236,Y,N,Y
D-2026,/Users/wanglifei/Desktop/2026模拟题/项目迁移_20260908/原始交接资料/必修二经济宝典_考法例题结构恢复终审版_v24.3_20260903(1).docx,docx,60127003,77568505a0c6b63a75e92258dc1a1c2a365a54f6e5bb03a630b1ee6213fbb31d,Y,N,N
D-2026,/Users/wanglifei/Desktop/2026模拟题/项目迁移_20260908/规则资料/beijing-gaokao-politics/legacy/5.6/task-continuity.before.txt,txt,19305,b37b54dfadb42050949b4822588afca27d9439bc329d8fd97b59d6d3203ea10c,Y,N,N
D-2026,/Users/wanglifei/Desktop/2026模拟题/项目迁移_20260908/规则资料/beijing-gaokao-politics/migration/APPLY_IN_WORK.txt,txt,2960,c542565384afc282ad7df1a1e196e257edc43863823f7fa078f37638bb9b6676,Y,N,N
D-2026,/Users/wanglifei/Desktop/2026模拟题/项目迁移_20260908/规则资料/beijing-gaokao-politics/migration/PATCH_REPLAY.txt,txt,1087,ceb09fed734eb17432de4640ca481fb84f2c81bcbc965cf2f598540fe3ab3d4b,Y,N,N
ZIP,/Users/wanglifei/Desktop/gpt和claude共同的小窝/DeepSeek_政治题库资料库_20260918/tmp/zip_extract/2025模拟题/__MACOSX/2025µ¿íµïƒΘóÿ/2025σÉäσî║µ£ƒµ£½/2025µ£¥Θÿ│µ£ƒµ£½/Φ»òσì╖/._Φ»òσì╖.pdf,pdf,163,36fdbef892d9290a69c7976cfcc9d512344967787fb5105666b2e13df70626d8,Y,Y,N
ZIP,/Users/wanglifei/Desktop/gpt和claude共同的小窝/DeepSeek_政治题库资料库_20260918/tmp/zip_extract/2025模拟题/__MACOSX/2025µ¿íµïƒΘóÿ/2025σÉäσî║µ£ƒµ£½/2025µ£¥Θÿ│µ£ƒµ£½/σà╢Σ╗ûµ¥ÉµûÖ/._µ£¥Θÿ│Θ½ÿΣ╕ëµ£ƒµ£½2025.pptx,pptx,163,36fdbef892d9290a69c7976cfcc9d512344967787fb5105666b2e13df70626d8,Y,Y,N
ZIP,/Users/wanglifei/Desktop/gpt和claude共同的小窝/DeepSeek_政治题库资料库_20260918/tmp/zip_extract/2025模拟题/__MACOSX/2025µ¿íµïƒΘóÿ/2025σÉäσî║µ£ƒµ£½/2025µ£¥Θÿ│µ£ƒµ£½/τ╗åσêÖ/._τ╗åσêÖ.pdf,pdf,163,36fdbef892d9290a69c7976cfcc9d512344967787fb5105666b2e13df70626d8,Y,Y,N
ZIP,/Users/wanglifei/Desktop/gpt和claude共同的小窝/DeepSeek_政治题库资料库_20260918/tmp/zip_extract/2025模拟题/__MACOSX/2025µ¿íµïƒΘóÿ/2025σÉäσî║µ£ƒµ£½/2025µ╡╖µ╖Çµ£ƒµ£½/Φ»òσì╖/._Φ»òσì╖.docx,docx,163,36fdbef892d9290a69c7976cfcc9d512344967787fb5105666b2e13df70626d8,Y,Y,N
ZIP,/Users/wanglifei/Desktop/gpt和claude共同的小窝/DeepSeek_政治题库资料库_20260918/tmp/zip_extract/2025模拟题/__MACOSX/2025µ¿íµïƒΘóÿ/2025σÉäσî║µ£ƒµ£½/2025µ╡╖µ╖Çµ£ƒµ£½/τ╗åσêÖ/._τ╗åσêÖ.pptx,pptx,163,36fdbef892d9290a69c7976cfcc9d512344967787fb5105666b2e13df70626d8,Y,Y,N
ZIP,/Users/wanglifei/Desktop/gpt和claude共同的小窝/DeepSeek_政治题库资料库_20260918/tmp/zip_extract/2025模拟题/__MACOSX/2025µ¿íµïƒΘóÿ/2025σÉäσî║µ£ƒµ£½/2025µ╡╖µ╖Çµ£ƒΣ╕¡/Φ»òσì╖/._Φ»òσì╖.pdf,pdf,163,36fdbef892d9290a69c7976cfcc9d512344967787fb5105666b2e13df70626d8,Y,Y,N
ZIP,/Users/wanglifei/Desktop/gpt和claude共同的小窝/DeepSeek_政治题库资料库_20260918/tmp/zip_extract/2025模拟题/__MACOSX/2025µ¿íµïƒΘóÿ/2025σÉäσî║µ£ƒµ£½/2025µ╡╖µ╖Çµ£ƒΣ╕¡/τ╗åσêÖ/._τ╗åσêÖ.docx,docx,163,36fdbef892d9290a69c7976cfcc9d512344967787fb5105666b2e13df70626d8,Y,Y,N
ZIP,/Users/wanglifei/Desktop/gpt和claude共同的小窝/DeepSeek_政治题库资料库_20260918/tmp/zip_extract/2025模拟题/__MACOSX/2025µ¿íµïƒΘóÿ/2025σÉäσî║µ£ƒµ£½/2025Σ╕£σƒÄµ£ƒµ£½/Φ»òσì╖/._Φ»òσì╖.pdf,pdf,163,36fdbef892d9290a69c7976cfcc9d512344967787fb5105666b2e13df70626d8,Y,Y,N
ZIP,/Users/wanglifei/Desktop/gpt和claude共同的小窝/DeepSeek_政治题库资料库_20260918/tmp/zip_extract/2025模拟题/__MACOSX/2025µ¿íµïƒΘóÿ/2025σÉäσî║µ£ƒµ£½/2025Σ╕£σƒÄµ£ƒµ£½/τ╗åσêÖ/._τ╗åσêÖ.pdf,pdf,163,36fdbef892d9290a69c7976cfcc9d512344967787fb5105666b2e13df70626d8,Y,Y,N
ZIP,/Users/wanglifei/Desktop/gpt和claude共同的小窝/DeepSeek_政治题库资料库_20260918/tmp/zip_extract/2025模拟题/__MACOSX/2025µ¿íµïƒΘóÿ/2025σÉäσî║µ£ƒµ£½/2025Σ╕£σƒÄµ£ƒµ£½/τ╗åσêÖ/ΦíÑσààµ¥ÉµûÖ/._Σ╕£σƒÄµ£ƒµ£½.pptx,pptx,163,36fdbef892d9290a69c7976cfcc9d512344967787fb5105666b2e13df70626d8,Y,Y,N
ZIP,/Users/wanglifei/Desktop/gpt和claude共同的小窝/DeepSeek_政治题库资料库_20260918/tmp/zip_extract/2025模拟题/__MACOSX/2025µ¿íµïƒΘóÿ/2025σÉäσî║µ£ƒµ£½/2025Σ╕░σÅ░µ£ƒµ£½/Φ»òσì╖/._Φ»òσì╖.pdf,pdf,163,36fdbef892d9290a69c7976cfcc9d512344967787fb5105666b2e13df70626d8,Y,Y,N
ZIP,/Users/wanglifei/Desktop/gpt和claude共同的小窝/DeepSeek_政治题库资料库_20260918/tmp/zip_extract/2025模拟题/__MACOSX/2025µ¿íµïƒΘóÿ/2025σÉäσî║µ£ƒµ£½/2025Σ╕░σÅ░µ£ƒµ£½/τ╗åσêÖ/._τ╗åσêÖ.pptx,pptx,163,36fdbef892d9290a69c7976cfcc9d512344967787fb5105666b2e13df70626d8,Y,Y,N
ZIP,/Users/wanglifei/Desktop/gpt和claude共同的小窝/DeepSeek_政治题库资料库_20260918/tmp/zip_extract/2025模拟题/__MACOSX/2025µ¿íµïƒΘóÿ/2025σÉäσî║µ£ƒµ£½/2025ΦÑ┐σƒÄµ£ƒµ£½/Φ»òσì╖/._Φ»òσì╖.pdf,pdf,163,36fdbef892d9290a69c7976cfcc9d512344967787fb5105666b2e13df70626d8,Y,Y,N
ZIP,/Users/wanglifei/Desktop/gpt和claude共同的小窝/DeepSeek_政治题库资料库_20260918/tmp/zip_extract/2025模拟题/__MACOSX/2025µ¿íµïƒΘóÿ/2025σÉäσî║µ£ƒµ£½/2025ΦÑ┐σƒÄµ£ƒµ£½/τ╗åσêÖ/._τ╗åσêÖ.pdf,pdf,163,36fdbef892d9290a69c7976cfcc9d512344967787fb5105666b2e13df70626d8,Y,Y,N
ZIP,/Users/wanglifei/Desktop/gpt和claude共同的小窝/DeepSeek_政治题库资料库_20260918/tmp/zip_extract/2025模拟题/__MACOSX/2025µ¿íµïƒΘóÿ/2025σÉäσî║Σ║îµ¿í/2025µ£¥Θÿ│Σ║îµ¿í/Φ»òσì╖/._Φ»òσì╖.pdf,pdf,163,36fdbef892d9290a69c7976cfcc9d512344967787fb5105666b2e13df70626d8,Y,Y,N
ZIP,/Users/wanglifei/Desktop/gpt和claude共同的小窝/DeepSeek_政治题库资料库_20260918/tmp/zip_extract/2025模拟题/__MACOSX/2025µ¿íµïƒΘóÿ/2025σÉäσî║Σ║îµ¿í/2025µ£¥Θÿ│Σ║îµ¿í/Φ»òσì╖/ΦíÑσààµ¥ÉµûÖ/._µë½µÅÅσà¿Φâ╜τÄï 2025-05-13 21.42.pdf,pdf,163,36fdbef892d9290a69c7976cfcc9d512344967787fb5105666b2e13df70626d8,Y,Y,N
ZIP,/Users/wanglifei/Desktop/gpt和claude共同的小窝/DeepSeek_政治题库资料库_20260918/tmp/zip_extract/2025模拟题/__MACOSX/2025µ¿íµïƒΘóÿ/2025σÉäσî║Σ║îµ¿í/2025µ£¥Θÿ│Σ║îµ¿í/τ╗åσêÖ/._τ╗åσêÖ.docx,docx,163,36fdbef892d9290a69c7976cfcc9d512344967787fb5105666b2e13df70626d8,Y,Y,N
ZIP,/Users/wanglifei/Desktop/gpt和claude共同的小窝/DeepSeek_政治题库资料库_20260918/tmp/zip_extract/2025模拟题/__MACOSX/2025µ¿íµïƒΘóÿ/2025σÉäσî║Σ║îµ¿í/2025µÿîσ╣│Σ║îµ¿í/Φ»òσì╖/._Φ»òσì╖.pdf,pdf,163,36fdbef892d9290a69c7976cfcc9d512344967787fb5105666b2e13df70626d8,Y,Y,N
ZIP,/Users/wanglifei/Desktop/gpt和claude共同的小窝/DeepSeek_政治题库资料库_20260918/tmp/zip_extract/2025模拟题/__MACOSX/2025µ¿íµïƒΘóÿ/2025σÉäσî║Σ║îµ¿í/2025µÿîσ╣│Σ║îµ¿í/τ╗åσêÖ/._τ╗åσêÖ.pptx,pptx,163,36fdbef892d9290a69c7976cfcc9d512344967787fb5105666b2e13df70626d8,Y,Y,N
ZIP,/Users/wanglifei/Desktop/gpt和claude共同的小窝/DeepSeek_政治题库资料库_20260918/tmp/zip_extract/2025模拟题/__MACOSX/2025µ¿íµïƒΘóÿ/2025σÉäσî║Σ║îµ¿í/2025µ╡╖µ╖ÇΣ║îµ¿í/Φ»òσì╖/._Φ»òσì╖.pdf,pdf,163,36fdbef892d9290a69c7976cfcc9d512344967787fb5105666b2e13df70626d8,Y,Y,N
ZIP,/Users/wanglifei/Desktop/gpt和claude共同的小窝/DeepSeek_政治题库资料库_20260918/tmp/zip_extract/2025模拟题/__MACOSX/2025µ¿íµïƒΘóÿ/2025σÉäσî║Σ║îµ¿í/2025µ╡╖µ╖ÇΣ║îµ¿í/σà╢Σ╗ûµ¥ÉµûÖ/._2025σ▒èΣ║îµ¿íΦÇâΦ»òΦ«▓Φ»ä0510.pdf,pdf,163,36fdbef892d9290a69c7976cfcc9d512344967787fb5105666b2e13df70626d8,Y,Y,N
ZIP,/Users/wanglifei/Desktop/gpt和claude共同的小窝/DeepSeek_政治题库资料库_20260918/tmp/zip_extract/2025模拟题/__MACOSX/2025µ¿íµïƒΘóÿ/2025σÉäσî║Σ║îµ¿í/2025µ╡╖µ╖ÇΣ║îµ¿í/τ╗åσêÖ/._τ╗åσêÖ.docx,docx,163,36fdbef892d9290a69c7976cfcc9d512344967787fb5105666b2e13df70626d8,Y,Y,N
ZIP,/Users/wanglifei/Desktop/gpt和claude共同的小窝/DeepSeek_政治题库资料库_20260918/tmp/zip_extract/2025模拟题/__MACOSX/2025µ¿íµïƒΘóÿ/2025σÉäσî║Σ║îµ¿í/2025µ╡╖µ╖ÇΣ║îµ¿í/τ╗åσêÖ/ΦíÑσààµ¥ÉµûÖ/._2025σ╣┤µ╡╖µ╖ÇΣ║îµ¿íΦ»äµáçσ«₧σ╜ò.docx,docx,163,36fdbef892d9290a69c7976cfcc9d512344967787fb5105666b2e13df70626d8,Y,Y,N
ZIP,/Users/wanglifei/Desktop/gpt和claude共同的小窝/DeepSeek_政治题库资料库_20260918/tmp/zip_extract/2025模拟题/__MACOSX/2025µ¿íµïƒΘóÿ/2025σÉäσî║Σ║îµ¿í/2025Σ╕£σƒÄΣ║îµ¿í/Φ»òσì╖/._Φ»òσì╖.pdf,pdf,163,36fdbef892d9290a69c7976cfcc9d512344967787fb5105666b2e13df70626d8,Y,Y,N
ZIP,/Users/wanglifei/Desktop/gpt和claude共同的小窝/DeepSeek_政治题库资料库_20260918/tmp/zip_extract/2025模拟题/__MACOSX/2025µ¿íµïƒΘóÿ/2025σÉäσî║Σ║îµ¿í/2025Σ╕£σƒÄΣ║îµ¿í/τ╗åσêÖ/._τ╗åσêÖ.pdf,pdf,163,36fdbef892d9290a69c7976cfcc9d512344967787fb5105666b2e13df70626d8,Y,Y,N
ZIP,/Users/wanglifei/Desktop/gpt和claude共同的小窝/DeepSeek_政治题库资料库_20260918/tmp/zip_extract/2025模拟题/__MACOSX/2025µ¿íµïƒΘóÿ/2025σÉäσî║Σ║îµ¿í/2025Σ╕░σÅ░Σ║îµ¿í/Φ»òσì╖/._Φ»òσì╖.pdf,pdf,163,36fdbef892d9290a69c7976cfcc9d512344967787fb5105666b2e13df70626d8,Y,Y,N
ZIP,/Users/wanglifei/Desktop/gpt和claude共同的小窝/DeepSeek_政治题库资料库_20260918/tmp/zip_extract/2025模拟题/__MACOSX/2025µ¿íµïƒΘóÿ/2025σÉäσî║Σ║îµ¿í/2025Σ╕░σÅ░Σ║îµ¿í/τ╗åσêÖ/σêåΘóÿτ╗åσêÖ/2025Σ╕░σÅ░Σ║îµ¿íΦ»äµáçτ╗åσêÖ/2025Σ╕░σÅ░Σ║îµ¿íΦ»äµáçτ╗åσêÖ/._16.(1).doc,doc,163,36fdbef892d9290a69c7976cfcc9d512344967787fb5105666b2e13df70626d8,Y,Y,N
ZIP,/Users/wanglifei/Desktop/gpt和claude共同的小窝/DeepSeek_政治题库资料库_20260918/tmp/zip_extract/2025模拟题/__MACOSX/2025µ¿íµïƒΘóÿ/2025σÉäσî║Σ║îµ¿í/2025Σ╕░σÅ░Σ║îµ¿í/τ╗åσêÖ/σêåΘóÿτ╗åσêÖ/2025Σ╕░σÅ░Σ║îµ¿íΦ»äµáçτ╗åσêÖ/2025Σ╕░σÅ░Σ║îµ¿íΦ»äµáçτ╗åσêÖ/._16.(2).docx,docx,163,36fdbef892d9290a69c7976cfcc9d512344967787fb5105666b2e13df70626d8,Y,Y,N
ZIP,/Users/wanglifei/Desktop/gpt和claude共同的小窝/DeepSeek_政治题库资料库_20260918/tmp/zip_extract/2025模拟题/__MACOSX/2025µ¿íµïƒΘóÿ/2025σÉäσî║Σ║îµ¿í/2025Σ╕░σÅ░Σ║îµ¿í/τ╗åσêÖ/σêåΘóÿτ╗åσêÖ/2025Σ╕░σÅ░Σ║îµ¿íΦ»äµáçτ╗åσêÖ/2025Σ╕░σÅ░Σ║îµ¿íΦ»äµáçτ╗åσêÖ/._17Θóÿ.docx,docx,163,36fdbef892d9290a69c7976cfcc9d512344967787fb5105666b2e13df70626d8,Y,Y,N
ZIP,/Users/wanglifei/Desktop/gpt和claude共同的小窝/DeepSeek_政治题库资料库_20260918/tmp/zip_extract/2025模拟题/__MACOSX/2025µ¿íµïƒΘóÿ/2025σÉäσî║Σ║îµ¿í/2025Σ╕░σÅ░Σ║îµ¿í/τ╗åσêÖ/σêåΘóÿτ╗åσêÖ/2025Σ╕░σÅ░Σ║îµ¿íΦ»äµáçτ╗åσêÖ/2025Σ╕░σÅ░Σ║îµ¿íΦ»äµáçτ╗åσêÖ/._18Θóÿ .docx,docx,163,36fdbef892d9290a69c7976cfcc9d512344967787fb5105666b2e13df70626d8,Y,Y,N
ZIP,/Users/wanglifei/Desktop/gpt和claude共同的小窝/DeepSeek_政治题库资料库_20260918/tmp/zip_extract/2025模拟题/__MACOSX/2025µ¿íµïƒΘóÿ/2025σÉäσî║Σ║îµ¿í/2025Σ╕░σÅ░Σ║îµ¿í/τ╗åσêÖ/σêåΘóÿτ╗åσêÖ/2025Σ╕░σÅ░Σ║îµ¿íΦ»äµáçτ╗åσêÖ/2025Σ╕░σÅ░Σ║îµ¿íΦ»äµáçτ╗åσêÖ/._19.(1).docx,docx,163,36fdbef892d9290a69c7976cfcc9d512344967787fb5105666b2e13df70626d8,Y,Y,N
ZIP,/Users/wanglifei/Desktop/gpt和claude共同的小窝/DeepSeek_政治题库资料库_20260918/tmp/zip_extract/2025模拟题/__MACOSX/2025µ¿íµïƒΘóÿ/2025σÉäσî║Σ║îµ¿í/2025Σ╕░σÅ░Σ║îµ¿í/τ╗åσêÖ/σêåΘóÿτ╗åσêÖ/2025Σ╕░σÅ░Σ║îµ¿íΦ»äµáçτ╗åσêÖ/2025Σ╕░σÅ░Σ║îµ¿íΦ»äµáçτ╗åσêÖ/._19.(2).docx,docx,163,36fdbef892d9290a69c7976cfcc9d512344967787fb5105666b2e13df70626d8,Y,Y,N
ZIP,/Users/wanglifei/Desktop/gpt和claude共同的小窝/DeepSeek_政治题库资料库_20260918/tmp/zip_extract/2025模拟题/__MACOSX/2025µ¿íµïƒΘóÿ/2025σÉäσî║Σ║îµ¿í/2025Σ╕░σÅ░Σ║îµ¿í/τ╗åσêÖ/σêåΘóÿτ╗åσêÖ/2025Σ╕░σÅ░Σ║îµ¿íΦ»äµáçτ╗åσêÖ/2025Σ╕░σÅ░Σ║îµ¿íΦ»äµáçτ╗åσêÖ/._20Θóÿ.docx,docx,163,36fdbef892d9290a69c7976cfcc9d512344967787fb5105666b2e13df70626d8,Y,Y,N
ZIP,/Users/wanglifei/Desktop/gpt和claude共同的小窝/DeepSeek_政治题库资料库_20260918/tmp/zip_extract/2025模拟题/__MACOSX/2025µ¿íµïƒΘóÿ/2025σÉäσî║Σ║îµ¿í/2025Σ╕░σÅ░Σ║îµ¿í/τ╗åσêÖ/σêåΘóÿτ╗åσêÖ/2025Σ╕░σÅ░Σ║îµ¿íΦ»äµáçτ╗åσêÖ/2025Σ╕░σÅ░Σ║îµ¿íΦ»äµáçτ╗åσêÖ/._21Θóÿ.docx,docx,163,36fdbef892d9290a69c7976cfcc9d512344967787fb5105666b2e13df70626d8,Y,Y,N
ZIP,/Users/wanglifei/Desktop/gpt和claude共同的小窝/DeepSeek_政治题库资料库_20260918/tmp/zip_extract/2025模拟题/__MACOSX/2025µ¿íµïƒΘóÿ/2025σÉäσî║Σ║îµ¿í/2025ΦÑ┐σƒÄΣ║îµ¿í/Φ»òσì╖/._Φ»òσì╖.pdf,pdf,163,36fdbef892d9290a69c7976cfcc9d512344967787fb5105666b2e13df70626d8,Y,Y,N
ZIP,/Users/wanglifei/Desktop/gpt和claude共同的小窝/DeepSeek_政治题库资料库_20260918/tmp/zip_extract/2025模拟题/__MACOSX/2025µ¿íµïƒΘóÿ/2025σÉäσî║Σ║îµ¿í/2025ΦÑ┐σƒÄΣ║îµ¿í/τ╗åσêÖ/._τ╗åσêÖ.docx,docx,163,36fdbef892d9290a69c7976cfcc9d512344967787fb5105666b2e13df70626d8,Y,Y,N
ZIP,/Users/wanglifei/Desktop/gpt和claude共同的小窝/DeepSeek_政治题库资料库_20260918/tmp/zip_extract/2025模拟题/__MACOSX/2025µ¿íµïƒΘóÿ/2025σÉäσî║Σ╕Çµ¿í/2025µ£¥Θÿ│Σ╕Çµ¿í/Φ»òσì╖/._Φ»òσì╖.pdf,pdf,163,36fdbef892d9290a69c7976cfcc9d512344967787fb5105666b2e13df70626d8,Y,Y,N
ZIP,/Users/wanglifei/Desktop/gpt和claude共同的小窝/DeepSeek_政治题库资料库_20260918/tmp/zip_extract/2025模拟题/__MACOSX/2025µ¿íµïƒΘóÿ/2025σÉäσî║Σ╕Çµ¿í/2025µ£¥Θÿ│Σ╕Çµ¿í/σà╢Σ╗ûµ¥ÉµûÖ/._Θ½ÿΣ╕ëµö┐µ▓╗Σ╕Çµ¿íΦ»òσì╖Φ«▓Φ»ä.pptx,pptx,163,36fdbef892d9290a69c7976cfcc9d512344967787fb5105666b2e13df70626d8,Y,Y,N
ZIP,/Users/wanglifei/Desktop/gpt和claude共同的小窝/DeepSeek_政治题库资料库_20260918/tmp/zip_extract/2025模拟题/__MACOSX/2025µ¿íµïƒΘóÿ/2025σÉäσî║Σ╕Çµ¿í/2025µ£¥Θÿ│Σ╕Çµ¿í/τ╗åσêÖ/._τ╗åσêÖ.pdf,pdf,163,36fdbef892d9290a69c7976cfcc9d512344967787fb5105666b2e13df70626d8,Y,Y,N
ZIP,/Users/wanglifei/Desktop/gpt和claude共同的小窝/DeepSeek_政治题库资料库_20260918/tmp/zip_extract/2025模拟题/__MACOSX/2025µ¿íµïƒΘóÿ/2025σÉäσî║Σ╕Çµ¿í/2025µ£¥Θÿ│Σ╕Çµ¿í/τ╗åσêÖ/ΦíÑσààµ¥ÉµûÖ/._20250329Θ½ÿ3Θÿàσì╖µÇ╗τ╗ô17 1Θóÿ σà╖Φ║½µÖ║Φâ╜ Σ╗╗Σ╝Üµ│óτ╗ä ΘÿÉΘçèΦ«║Φ»ü.doc,doc,163,36fdbef892d9290a69c7976cfcc9d512344967787fb5105666b2e13df70626d8,Y,Y,N
ZIP,/Users/wanglifei/Desktop/gpt和claude共同的小窝/DeepSeek_政治题库资料库_20260918/tmp/zip_extract/2025模拟题/__MACOSX/2025µ¿íµïƒΘóÿ/2025σÉäσî║Σ╕Çµ¿í/2025µ£¥Θÿ│Σ╕Çµ¿í/τ╗åσêÖ/ΦíÑσààµ¥ÉµûÖ/._20250329Θ½ÿ3Θÿàσì╖µÇ╗τ╗ô18Θóÿ τñ╛σî║µ▓╗τÉå µ▒ñµíâτÄ▓τ╗ä µÄóτ⌐╢σ╗║µ₧ä.doc,doc,163,36fdbef892d9290a69c7976cfcc9d512344967787fb5105666b2e13df70626d8,Y,Y,N
ZIP,/Users/wanglifei/Desktop/gpt和claude共同的小窝/DeepSeek_政治题库资料库_20260918/tmp/zip_extract/2025模拟题/__MACOSX/2025µ¿íµïƒΘóÿ/2025σÉäσî║Σ╕Çµ¿í/2025µ£¥Θÿ│Σ╕Çµ¿í/τ╗åσêÖ/ΦíÑσààµ¥ÉµûÖ/._20250329Θ½ÿ3Θÿàσì╖µÇ╗τ╗ô19Θóÿ σÉêσÉîµ¼║Φ»ê  ΘÿÉΘçèΦ«║Φ»ü.doc,doc,163,36fdbef892d9290a69c7976cfcc9d512344967787fb5105666b2e13df70626d8,Y,Y,N
ZIP,/Users/wanglifei/Desktop/gpt和claude共同的小窝/DeepSeek_政治题库资料库_20260918/tmp/zip_extract/2025模拟题/__MACOSX/2025µ¿íµïƒΘóÿ/2025σÉäσî║Σ╕Çµ¿í/2025µê┐σ▒▒Σ╕Çµ¿í/Φ»òσì╖/._Φ»òσì╖.pdf,pdf,163,36fdbef892d9290a69c7976cfcc9d512344967787fb5105666b2e13df70626d8,Y,Y,N
ZIP,/Users/wanglifei/Desktop/gpt和claude共同的小窝/DeepSeek_政治题库资料库_20260918/tmp/zip_extract/2025模拟题/__MACOSX/2025µ¿íµïƒΘóÿ/2025σÉäσî║Σ╕Çµ¿í/2025µê┐σ▒▒Σ╕Çµ¿í/τ╗åσêÖ/._τ╗åσêÖ.pdf,pdf,163,36fdbef892d9290a69c7976cfcc9d512344967787fb5105666b2e13df70626d8,Y,Y,N
ZIP,/Users/wanglifei/Desktop/gpt和claude共同的小窝/DeepSeek_政治题库资料库_20260918/tmp/zip_extract/2025模拟题/__MACOSX/2025µ¿íµïƒΘóÿ/2025σÉäσî║Σ╕Çµ¿í/2025µ╡╖µ╖ÇΣ╕Çµ¿í/Φ»òσì╖/._Φ»òσì╖.pdf,pdf,163,36fdbef892d9290a69c7976cfcc9d512344967787fb5105666b2e13df70626d8,Y,Y,N
ZIP,/Users/wanglifei/Desktop/gpt和claude共同的小窝/DeepSeek_政治题库资料库_20260918/tmp/zip_extract/2025模拟题/__MACOSX/2025µ¿íµïƒΘóÿ/2025σÉäσî║Σ╕Çµ¿í/2025µ╡╖µ╖ÇΣ╕Çµ¿í/Φ»òσì╖/ΦíÑσààµ¥ÉµûÖ/._EDU_1500334100000021014_61af1789-0742-472d-86cd-e6cb420b0ecb.pdf,pdf,163,36fdbef892d9290a69c7976cfcc9d512344967787fb5105666b2e13df70626d8,Y,Y,N
ZIP,/Users/wanglifei/Desktop/gpt和claude共同的小窝/DeepSeek_政治题库资料库_20260918/tmp/zip_extract/2025模拟题/__MACOSX/2025µ¿íµïƒΘóÿ/2025σÉäσî║Σ╕Çµ¿í/2025µ╡╖µ╖ÇΣ╕Çµ¿í/τ╗åσêÖ/._τ╗åσêÖ.docx,docx,163,36fdbef892d9290a69c7976cfcc9d512344967787fb5105666b2e13df70626d8,Y,Y,N
ZIP,/Users/wanglifei/Desktop/gpt和claude共同的小窝/DeepSeek_政治题库资料库_20260918/tmp/zip_extract/2025模拟题/__MACOSX/2025µ¿íµïƒΘóÿ/2025σÉäσî║Σ╕Çµ¿í/2025Θí║Σ╣ëΣ╕Çµ¿í/Φ»òσì╖/._Φ»òσì╖.pdf,pdf,163,36fdbef892d9290a69c7976cfcc9d512344967787fb5105666b2e13df70626d8,Y,Y,N
ZIP,/Users/wanglifei/Desktop/gpt和claude共同的小窝/DeepSeek_政治题库资料库_20260918/tmp/zip_extract/2025模拟题/__MACOSX/2025µ¿íµïƒΘóÿ/2025σÉäσî║Σ╕Çµ¿í/2025Θí║Σ╣ëΣ╕Çµ¿í/τ╗åσêÖ/._τ╗åσêÖ.docx,docx,163,36fdbef892d9290a69c7976cfcc9d512344967787fb5105666b2e13df70626d8,Y,Y,N
ZIP,/Users/wanglifei/Desktop/gpt和claude共同的小窝/DeepSeek_政治题库资料库_20260918/tmp/zip_extract/2025模拟题/__MACOSX/2025µ¿íµïƒΘóÿ/2025σÉäσî║Σ╕Çµ¿í/2025Θù¿σñ┤µ▓ƒΣ╕Çµ¿í/Φ»òσì╖/._Φ»òσì╖.pdf,pdf,163,36fdbef892d9290a69c7976cfcc9d512344967787fb5105666b2e13df70626d8,Y,Y,N
ZIP,/Users/wanglifei/Desktop/gpt和claude共同的小窝/DeepSeek_政治题库资料库_20260918/tmp/zip_extract/2025模拟题/__MACOSX/2025µ¿íµïƒΘóÿ/2025σÉäσî║Σ╕Çµ¿í/2025Θù¿σñ┤µ▓ƒΣ╕Çµ¿í/τ╗åσêÖ/._τ╗åσêÖ.doc,doc,163,36fdbef892d9290a69c7976cfcc9d512344967787fb5105666b2e13df70626d8,Y,Y,N
ZIP,/Users/wanglifei/Desktop/gpt和claude共同的小窝/DeepSeek_政治题库资料库_20260918/tmp/zip_extract/2025模拟题/__MACOSX/2025µ¿íµïƒΘóÿ/2025σÉäσî║Σ╕Çµ¿í/2025Σ╕£σƒÄΣ╕Çµ¿í/Φ»òσì╖/._Φ»òσì╖.pdf,pdf,163,36fdbef892d9290a69c7976cfcc9d512344967787fb5105666b2e13df70626d8,Y,Y,N
ZIP,/Users/wanglifei/Desktop/gpt和claude共同的小窝/DeepSeek_政治题库资料库_20260918/tmp/zip_extract/2025模拟题/__MACOSX/2025µ¿íµïƒΘóÿ/2025σÉäσî║Σ╕Çµ¿í/2025Σ╕£σƒÄΣ╕Çµ¿í/τ╗åσêÖ/._τ╗åσêÖ.pdf,pdf,163,36fdbef892d9290a69c7976cfcc9d512344967787fb5105666b2e13df70626d8,Y,Y,N
ZIP,/Users/wanglifei/Desktop/gpt和claude共同的小窝/DeepSeek_政治题库资料库_20260918/tmp/zip_extract/2025模拟题/__MACOSX/2025µ¿íµïƒΘóÿ/2025σÉäσî║Σ╕Çµ¿í/2025Σ╕░σÅ░Σ╕Çµ¿í/Φ»òσì╖/._Φ»òσì╖.pdf,pdf,163,36fdbef892d9290a69c7976cfcc9d512344967787fb5105666b2e13df70626d8,Y,Y,N
ZIP,/Users/wanglifei/Desktop/gpt和claude共同的小窝/DeepSeek_政治题库资料库_20260918/tmp/zip_extract/2025模拟题/__MACOSX/2025µ¿íµïƒΘóÿ/2025σÉäσî║Σ╕Çµ¿í/2025Σ╕░σÅ░Σ╕Çµ¿í/τ╗åσêÖ/._τ╗åσêÖ.docx,docx,163,36fdbef892d9290a69c7976cfcc9d512344967787fb5105666b2e13df70626d8,Y,Y,N
ZIP,/Users/wanglifei/Desktop/gpt和claude共同的小窝/DeepSeek_政治题库资料库_20260918/tmp/zip_extract/2025模拟题/__MACOSX/2025µ¿íµïƒΘóÿ/2025σÉäσî║Σ╕Çµ¿í/2025ΦÑ┐σƒÄΣ╕Çµ¿í/Φ»òσì╖/._Φ»òσì╖.pdf,pdf,163,36fdbef892d9290a69c7976cfcc9d512344967787fb5105666b2e13df70626d8,Y,Y,N
ZIP,/Users/wanglifei/Desktop/gpt和claude共同的小窝/DeepSeek_政治题库资料库_20260918/tmp/zip_extract/2025模拟题/__MACOSX/2025µ¿íµïƒΘóÿ/2025σÉäσî║Σ╕Çµ¿í/2025ΦÑ┐σƒÄΣ╕Çµ¿í/τ╗åσêÖ/._τ╗åσêÖ.docx,docx,163,36fdbef892d9290a69c7976cfcc9d512344967787fb5105666b2e13df70626d8,Y,Y,N
ZIP,/Users/wanglifei/Desktop/gpt和claude共同的小窝/DeepSeek_政治题库资料库_20260918/tmp/zip_extract/2025模拟题/__MACOSX/2025µ¿íµïƒΘóÿ/2025σÉäσî║Σ╕Çµ¿í/2025σ╗╢σ║åΣ╕Çµ¿í/Φ»òσì╖/._Φ»òσì╖.pdf,pdf,163,36fdbef892d9290a69c7976cfcc9d512344967787fb5105666b2e13df70626d8,Y,Y,N
ZIP,/Users/wanglifei/Desktop/gpt和claude共同的小窝/DeepSeek_政治题库资料库_20260918/tmp/zip_extract/2025模拟题/__MACOSX/2025µ¿íµïƒΘóÿ/2025σÉäσî║Σ╕Çµ¿í/2025σ╗╢σ║åΣ╕Çµ¿í/τ╗åσêÖ/._τ╗åσêÖ.docx,docx,163,36fdbef892d9290a69c7976cfcc9d512344967787fb5105666b2e13df70626d8,Y,Y,N
ZIP,/Users/wanglifei/Desktop/gpt和claude共同的小窝/DeepSeek_政治题库资料库_20260918/tmp/zip_extract/2025模拟题/__MACOSX/2025µ¿íµïƒΘóÿ/2025σÉäσî║Σ╕Çµ¿í/2025τƒ│µÖ»σ▒▒Σ╕Çµ¿í/Φ»òσì╖/._Φ»òσì╖.pdf,pdf,163,36fdbef892d9290a69c7976cfcc9d512344967787fb5105666b2e13df70626d8,Y,Y,N
ZIP,/Users/wanglifei/Desktop/gpt和claude共同的小窝/DeepSeek_政治题库资料库_20260918/tmp/zip_extract/2025模拟题/__MACOSX/2025µ¿íµïƒΘóÿ/2025σÉäσî║Σ╕Çµ¿í/2025τƒ│µÖ»σ▒▒Σ╕Çµ¿í/τ╗åσêÖ/._τ╗åσêÖ.doc,doc,163,36fdbef892d9290a69c7976cfcc9d512344967787fb5105666b2e13df70626d8,Y,Y,N
ZIP,/Users/wanglifei/Desktop/gpt和claude共同的小窝/DeepSeek_政治题库资料库_20260918/tmp/zip_extract/历年高考题及细则/__MACOSX/σÄåσ╣┤Θ½ÿΦÇâΘóÿσÅèτ╗åσêÖ/._2024σîùΣ║¼Θ½ÿΦÇâτ£ƒΘóÿµö┐µ▓╗∩╝êµòÖσ╕êτëê∩╝ë.pdf,pdf,176,17616ad7fe7e5dc3851f65d2cd92b7c7fc031accafc149aa7217b98d0fb68617,Y,Y,N
ZIP,/Users/wanglifei/Desktop/gpt和claude共同的小窝/DeepSeek_政治题库资料库_20260918/tmp/zip_extract/历年高考题及细则/__MACOSX/σÄåσ╣┤Θ½ÿΦÇâΘóÿσÅèτ╗åσêÖ/._2025σîùΣ║¼Θ½ÿΦÇâτ£ƒΘóÿµö┐µ▓╗∩╝êµòÖσ╕êτëê∩╝ë.pdf,pdf,176,639340eb053c5983f18d74c7135136617e795ccc7acf14b8c74d453c02fb122c,Y,Y,N
ZIP,/Users/wanglifei/Desktop/gpt和claude共同的小窝/DeepSeek_政治题库资料库_20260918/tmp/zip_extract/历年高考题及细则/__MACOSX/σÄåσ╣┤Θ½ÿΦÇâΘóÿσÅèτ╗åσêÖ/._2026σîùΣ║¼Θ½ÿΦÇâµö┐µ▓╗τ╗åσêÖ.docx,docx,232,1dfd91d4b5ba71e293a8066c45c939ca204bd48bb11815257f711d2f4bb78b51,Y,Y,N
ZIP,/Users/wanglifei/Desktop/gpt和claude共同的小窝/DeepSeek_政治题库资料库_20260918/tmp/zip_extract/历年高考题及细则/__MACOSX/σÄåσ╣┤Θ½ÿΦÇâΘóÿσÅèτ╗åσêÖ/._2026σ╣┤µÖ«ΘÇÜΘ½ÿΣ╕¡σ¡ªΣ╕Üµ░┤σ╣│τ¡ëτ║ºµÇºΦÇâΦ»ò∩╝êµÇ¥µâ│µö┐µ▓╗∩╝ëΦ»òΘóÿ.pdf,pdf,176,bd53c45ed99842eec0790de09bde26d33e3ebb5168919b3a797e1d29e43727f5,Y,Y,N
ZIP,/Users/wanglifei/Desktop/gpt和claude共同的小窝/DeepSeek_政治题库资料库_20260918/tmp/zip_extract/历年高考题及细则/__MACOSX/σÄåσ╣┤Θ½ÿΦÇâΘóÿσÅèτ╗åσêÖ/._2026σ╣┤µÖ«ΘÇÜΘ½ÿΣ╕¡σ¡ªΣ╕Üµ░┤σ╣│τ¡ëτ║ºµÇºΦÇâΦ»ò∩╝êµÇ¥µâ│µö┐µ▓╗∩╝ëσÅéΦÇâτ¡öµíê.pdf,pdf,176,2358acbe9aac2e90cbbd35e53a86211cc59af5dd073be4897e3345efc97207be,Y,Y,N
