qid,option_mark,dict_hit_modules,c_prior_top_module,note,rule_version
BJ-2023-FT-YIMO-Q1,①,,B3,仅词典命中弱信号(精度约0.66-0.88)，不构成准入依据；本册是否可独立判断整个题肢、官方正误需模型/人工阶段核定,2026-09-24-attribution-v2
BJ-2023-FT-YIMO-Q1,②,,B3,仅词典命中弱信号(精度约0.66-0.88)，不构成准入依据；本册是否可独立判断整个题肢、官方正误需模型/人工阶段核定,2026-09-24-attribution-v2
BJ-2023-FT-YIMO-Q1,③,,B3,仅词典命中弱信号(精度约0.66-0.88)，不构成准入依据；本册是否可独立判断整个题肢、官方正误需模型/人工阶段核定,2026-09-24-attribution-v2
BJ-2023-FT-YIMO-Q1,④,CU,B3,仅词典命中弱信号(精度约0.66-0.88)，不构成准入依据；本册是否可独立判断整个题肢、官方正误需模型/人工阶段核定,2026-09-24-attribution-v2
BJ-2023-FT-YIMO-Q2,①,RE,CU,仅词典命中弱信号(精度约0.66-0.88)，不构成准入依据；本册是否可独立判断整个题肢、官方正误需模型/人工阶段核定,2026-09-24-attribution-v2
BJ-2023-FT-YIMO-Q2,②,B3,CU,仅词典命中弱信号(精度约0.66-0.88)，不构成准入依据；本册是否可独立判断整个题肢、官方正误需模型/人工阶段核定,2026-09-24-attribution-v2
BJ-2023-FT-YIMO-Q2,③,,CU,仅词典命中弱信号(精度约0.66-0.88)，不构成准入依据；本册是否可独立判断整个题肢、官方正误需模型/人工阶段核定,2026-09-24-attribution-v2
BJ-2023-FT-YIMO-Q2,④,,CU,仅词典命中弱信号(精度约0.66-0.88)，不构成准入依据；本册是否可独立判断整个题肢、官方正误需模型/人工阶段核定,2026-09-24-attribution-v2
BJ-2023-FT-YIMO-Q3,①,B3,PH,仅词典命中弱信号(精度约0.66-0.88)，不构成准入依据；本册是否可独立判断整个题肢、官方正误需模型/人工阶段核定,2026-09-24-attribution-v2
BJ-2023-FT-YIMO-Q3,②,X1,PH,仅词典命中弱信号(精度约0.66-0.88)，不构成准入依据；本册是否可独立判断整个题肢、官方正误需模型/人工阶段核定,2026-09-24-attribution-v2
BJ-2023-FT-YIMO-Q3,③,,PH,仅词典命中弱信号(精度约0.66-0.88)，不构成准入依据；本册是否可独立判断整个题肢、官方正误需模型/人工阶段核定,2026-09-24-attribution-v2
BJ-2023-FT-YIMO-Q3,④,B3,PH,仅词典命中弱信号(精度约0.66-0.88)，不构成准入依据；本册是否可独立判断整个题肢、官方正误需模型/人工阶段核定,2026-09-24-attribution-v2
BJ-2023-FT-YIMO-Q4,①,,PH,仅词典命中弱信号(精度约0.66-0.88)，不构成准入依据；本册是否可独立判断整个题肢、官方正误需模型/人工阶段核定,2026-09-24-attribution-v2
BJ-2023-FT-YIMO-Q4,②,CU,PH,仅词典命中弱信号(精度约0.66-0.88)，不构成准入依据；本册是否可独立判断整个题肢、官方正误需模型/人工阶段核定,2026-09-24-attribution-v2
BJ-2023-FT-YIMO-Q4,③,B2,PH,仅词典命中弱信号(精度约0.66-0.88)，不构成准入依据；本册是否可独立判断整个题肢、官方正误需模型/人工阶段核定,2026-09-24-attribution-v2
BJ-2023-FT-YIMO-Q4,④,B2,PH,仅词典命中弱信号(精度约0.66-0.88)，不构成准入依据；本册是否可独立判断整个题肢、官方正误需模型/人工阶段核定,2026-09-24-attribution-v2
BJ-2023-FT-YIMO-Q5,①,CU,PH,仅词典命中弱信号(精度约0.66-0.88)，不构成准入依据；本册是否可独立判断整个题肢、官方正误需模型/人工阶段核定,2026-09-24-attribution-v2
BJ-2023-FT-YIMO-Q5,②,,PH,仅词典命中弱信号(精度约0.66-0.88)，不构成准入依据；本册是否可独立判断整个题肢、官方正误需模型/人工阶段核定,2026-09-24-attribution-v2
BJ-2023-FT-YIMO-Q5,③,CU,PH,仅词典命中弱信号(精度约0.66-0.88)，不构成准入依据；本册是否可独立判断整个题肢、官方正误需模型/人工阶段核定,2026-09-24-attribution-v2
BJ-2023-FT-YIMO-Q5,④,,PH,仅词典命中弱信号(精度约0.66-0.88)，不构成准入依据；本册是否可独立判断整个题肢、官方正误需模型/人工阶段核定,2026-09-24-attribution-v2
BJ-2023-FT-YIMO-Q6,①,,RE,仅词典命中弱信号(精度约0.66-0.88)，不构成准入依据；本册是否可独立判断整个题肢、官方正误需模型/人工阶段核定,2026-09-24-attribution-v2
BJ-2023-FT-YIMO-Q6,②,X1,RE,仅词典命中弱信号(精度约0.66-0.88)，不构成准入依据；本册是否可独立判断整个题肢、官方正误需模型/人工阶段核定,2026-09-24-attribution-v2
BJ-2023-FT-YIMO-Q6,③,,RE,仅词典命中弱信号(精度约0.66-0.88)，不构成准入依据；本册是否可独立判断整个题肢、官方正误需模型/人工阶段核定,2026-09-24-attribution-v2
BJ-2023-FT-YIMO-Q6,④,,RE,仅词典命中弱信号(精度约0.66-0.88)，不构成准入依据；本册是否可独立判断整个题肢、官方正误需模型/人工阶段核定,2026-09-24-attribution-v2
BJ-2023-FT-YIMO-Q7,①,,B3,仅词典命中弱信号(精度约0.66-0.88)，不构成准入依据；本册是否可独立判断整个题肢、官方正误需模型/人工阶段核定,2026-09-24-attribution-v2
BJ-2023-FT-YIMO-Q7,②,,B3,仅词典命中弱信号(精度约0.66-0.88)，不构成准入依据；本册是否可独立判断整个题肢、官方正误需模型/人工阶段核定,2026-09-24-attribution-v2
BJ-2023-FT-YIMO-Q7,③,,B3,仅词典命中弱信号(精度约0.66-0.88)，不构成准入依据；本册是否可独立判断整个题肢、官方正误需模型/人工阶段核定,2026-09-24-attribution-v2
BJ-2023-FT-YIMO-Q7,④,RE,B3,仅词典命中弱信号(精度约0.66-0.88)，不构成准入依据；本册是否可独立判断整个题肢、官方正误需模型/人工阶段核定,2026-09-24-attribution-v2
BJ-2023-FT-YIMO-Q8,A,,B3,仅词典命中弱信号(精度约0.66-0.88)，不构成准入依据；本册是否可独立判断整个题肢、官方正误需模型/人工阶段核定,2026-09-24-attribution-v2
BJ-2023-FT-YIMO-Q8,B,B2,B3,仅词典命中弱信号(精度约0.66-0.88)，不构成准入依据；本册是否可独立判断整个题肢、官方正误需模型/人工阶段核定,2026-09-24-attribution-v2
BJ-2023-FT-YIMO-Q8,C,,B3,仅词典命中弱信号(精度约0.66-0.88)，不构成准入依据；本册是否可独立判断整个题肢、官方正误需模型/人工阶段核定,2026-09-24-attribution-v2
BJ-2023-FT-YIMO-Q8,D,,B3,仅词典命中弱信号(精度约0.66-0.88)，不构成准入依据；本册是否可独立判断整个题肢、官方正误需模型/人工阶段核定,2026-09-24-attribution-v2
BJ-2023-FT-YIMO-Q9,①,,B3,仅词典命中弱信号(精度约0.66-0.88)，不构成准入依据；本册是否可独立判断整个题肢、官方正误需模型/人工阶段核定,2026-09-24-attribution-v2
BJ-2023-FT-YIMO-Q9,②,,B3,仅词典命中弱信号(精度约0.66-0.88)，不构成准入依据；本册是否可独立判断整个题肢、官方正误需模型/人工阶段核定,2026-09-24-attribution-v2
BJ-2023-FT-YIMO-Q9,③,,B3,仅词典命中弱信号(精度约0.66-0.88)，不构成准入依据；本册是否可独立判断整个题肢、官方正误需模型/人工阶段核定,2026-09-24-attribution-v2
BJ-2023-FT-YIMO-Q9,④,B2,B3,仅词典命中弱信号(精度约0.66-0.88)，不构成准入依据；本册是否可独立判断整个题肢、官方正误需模型/人工阶段核定,2026-09-24-attribution-v2
BJ-2023-FT-YIMO-Q10,A,B2,X2,仅词典命中弱信号(精度约0.66-0.88)，不构成准入依据；本册是否可独立判断整个题肢、官方正误需模型/人工阶段核定,2026-09-24-attribution-v2
BJ-2023-FT-YIMO-Q10,B,,X2,仅词典命中弱信号(精度约0.66-0.88)，不构成准入依据；本册是否可独立判断整个题肢、官方正误需模型/人工阶段核定,2026-09-24-attribution-v2
BJ-2023-FT-YIMO-Q10,C,,X2,仅词典命中弱信号(精度约0.66-0.88)，不构成准入依据；本册是否可独立判断整个题肢、官方正误需模型/人工阶段核定,2026-09-24-attribution-v2
BJ-2023-FT-YIMO-Q10,D,B2,X2,仅词典命中弱信号(精度约0.66-0.88)，不构成准入依据；本册是否可独立判断整个题肢、官方正误需模型/人工阶段核定,2026-09-24-attribution-v2
BJ-2023-FT-YIMO-Q11,A,,X2,仅词典命中弱信号(精度约0.66-0.88)，不构成准入依据；本册是否可独立判断整个题肢、官方正误需模型/人工阶段核定,2026-09-24-attribution-v2
BJ-2023-FT-YIMO-Q11,B,,X2,仅词典命中弱信号(精度约0.66-0.88)，不构成准入依据；本册是否可独立判断整个题肢、官方正误需模型/人工阶段核定,2026-09-24-attribution-v2
BJ-2023-FT-YIMO-Q11,C,,X2,仅词典命中弱信号(精度约0.66-0.88)，不构成准入依据；本册是否可独立判断整个题肢、官方正误需模型/人工阶段核定,2026-09-24-attribution-v2
BJ-2023-FT-YIMO-Q11,D,,X2,仅词典命中弱信号(精度约0.66-0.88)，不构成准入依据；本册是否可独立判断整个题肢、官方正误需模型/人工阶段核定,2026-09-24-attribution-v2
BJ-2023-FT-YIMO-Q12,①,,B2,仅词典命中弱信号(精度约0.66-0.88)，不构成准入依据；本册是否可独立判断整个题肢、官方正误需模型/人工阶段核定,2026-09-24-attribution-v2
BJ-2023-FT-YIMO-Q12,②,,B2,仅词典命中弱信号(精度约0.66-0.88)，不构成准入依据；本册是否可独立判断整个题肢、官方正误需模型/人工阶段核定,2026-09-24-attribution-v2
BJ-2023-FT-YIMO-Q12,③,,B2,仅词典命中弱信号(精度约0.66-0.88)，不构成准入依据；本册是否可独立判断整个题肢、官方正误需模型/人工阶段核定,2026-09-24-attribution-v2
BJ-2023-FT-YIMO-Q12,④,,B2,仅词典命中弱信号(精度约0.66-0.88)，不构成准入依据；本册是否可独立判断整个题肢、官方正误需模型/人工阶段核定,2026-09-24-attribution-v2
BJ-2023-FT-YIMO-Q13,①,,B2,仅词典命中弱信号(精度约0.66-0.88)，不构成准入依据；本册是否可独立判断整个题肢、官方正误需模型/人工阶段核定,2026-09-24-attribution-v2
BJ-2023-FT-YIMO-Q13,②,,B2,仅词典命中弱信号(精度约0.66-0.88)，不构成准入依据；本册是否可独立判断整个题肢、官方正误需模型/人工阶段核定,2026-09-24-attribution-v2
BJ-2023-FT-YIMO-Q13,③,X2,B2,仅词典命中弱信号(精度约0.66-0.88)，不构成准入依据；本册是否可独立判断整个题肢、官方正误需模型/人工阶段核定,2026-09-24-attribution-v2
BJ-2023-FT-YIMO-Q13,④,X2,B2,仅词典命中弱信号(精度约0.66-0.88)，不构成准入依据；本册是否可独立判断整个题肢、官方正误需模型/人工阶段核定,2026-09-24-attribution-v2
BJ-2023-FT-YIMO-Q14,①,,X1,仅词典命中弱信号(精度约0.66-0.88)，不构成准入依据；本册是否可独立判断整个题肢、官方正误需模型/人工阶段核定,2026-09-24-attribution-v2
BJ-2023-FT-YIMO-Q14,②,,X1,仅词典命中弱信号(精度约0.66-0.88)，不构成准入依据；本册是否可独立判断整个题肢、官方正误需模型/人工阶段核定,2026-09-24-attribution-v2
BJ-2023-FT-YIMO-Q14,③,X2,X1,仅词典命中弱信号(精度约0.66-0.88)，不构成准入依据；本册是否可独立判断整个题肢、官方正误需模型/人工阶段核定,2026-09-24-attribution-v2
BJ-2023-FT-YIMO-Q14,④,X2,X1,仅词典命中弱信号(精度约0.66-0.88)，不构成准入依据；本册是否可独立判断整个题肢、官方正误需模型/人工阶段核定,2026-09-24-attribution-v2
BJ-2023-FT-YIMO-Q15,①,,X1,仅词典命中弱信号(精度约0.66-0.88)，不构成准入依据；本册是否可独立判断整个题肢、官方正误需模型/人工阶段核定,2026-09-24-attribution-v2
BJ-2023-FT-YIMO-Q15,②,X1,X1,仅词典命中弱信号(精度约0.66-0.88)，不构成准入依据；本册是否可独立判断整个题肢、官方正误需模型/人工阶段核定,2026-09-24-attribution-v2
BJ-2023-FT-YIMO-Q15,③,X1,X1,仅词典命中弱信号(精度约0.66-0.88)，不构成准入依据；本册是否可独立判断整个题肢、官方正误需模型/人工阶段核定,2026-09-24-attribution-v2
BJ-2023-FT-YIMO-Q15,④,X1,X1,仅词典命中弱信号(精度约0.66-0.88)，不构成准入依据；本册是否可独立判断整个题肢、官方正误需模型/人工阶段核定,2026-09-24-attribution-v2
BJ-2024-CY-QIZHONG-Q1,①,,B3,仅词典命中弱信号(精度约0.66-0.88)，不构成准入依据；本册是否可独立判断整个题肢、官方正误需模型/人工阶段核定,2026-09-24-attribution-v2
BJ-2024-CY-QIZHONG-Q1,②,PH,B3,仅词典命中弱信号(精度约0.66-0.88)，不构成准入依据；本册是否可独立判断整个题肢、官方正误需模型/人工阶段核定,2026-09-24-attribution-v2
BJ-2024-CY-QIZHONG-Q1,③,,B3,仅词典命中弱信号(精度约0.66-0.88)，不构成准入依据；本册是否可独立判断整个题肢、官方正误需模型/人工阶段核定,2026-09-24-attribution-v2
BJ-2024-CY-QIZHONG-Q1,④,,B3,仅词典命中弱信号(精度约0.66-0.88)，不构成准入依据；本册是否可独立判断整个题肢、官方正误需模型/人工阶段核定,2026-09-24-attribution-v2
BJ-2024-CY-QIZHONG-Q2,A,,B3,仅词典命中弱信号(精度约0.66-0.88)，不构成准入依据；本册是否可独立判断整个题肢、官方正误需模型/人工阶段核定,2026-09-24-attribution-v2
BJ-2024-CY-QIZHONG-Q2,B,,B3,仅词典命中弱信号(精度约0.66-0.88)，不构成准入依据；本册是否可独立判断整个题肢、官方正误需模型/人工阶段核定,2026-09-24-attribution-v2
BJ-2024-CY-QIZHONG-Q2,C,,B3,仅词典命中弱信号(精度约0.66-0.88)，不构成准入依据；本册是否可独立判断整个题肢、官方正误需模型/人工阶段核定,2026-09-24-attribution-v2
BJ-2024-CY-QIZHONG-Q2,D,CU,B3,仅词典命中弱信号(精度约0.66-0.88)，不构成准入依据；本册是否可独立判断整个题肢、官方正误需模型/人工阶段核定,2026-09-24-attribution-v2
BJ-2024-CY-QIZHONG-Q3,A,,PH,仅词典命中弱信号(精度约0.66-0.88)，不构成准入依据；本册是否可独立判断整个题肢、官方正误需模型/人工阶段核定,2026-09-24-attribution-v2
BJ-2024-CY-QIZHONG-Q3,B,,PH,仅词典命中弱信号(精度约0.66-0.88)，不构成准入依据；本册是否可独立判断整个题肢、官方正误需模型/人工阶段核定,2026-09-24-attribution-v2
BJ-2024-CY-QIZHONG-Q3,C,,PH,仅词典命中弱信号(精度约0.66-0.88)，不构成准入依据；本册是否可独立判断整个题肢、官方正误需模型/人工阶段核定,2026-09-24-attribution-v2
BJ-2024-CY-QIZHONG-Q3,D,,PH,仅词典命中弱信号(精度约0.66-0.88)，不构成准入依据；本册是否可独立判断整个题肢、官方正误需模型/人工阶段核定,2026-09-24-attribution-v2
BJ-2024-CY-QIZHONG-Q4,①,MI,PH,仅词典命中弱信号(精度约0.66-0.88)，不构成准入依据；本册是否可独立判断整个题肢、官方正误需模型/人工阶段核定,2026-09-24-attribution-v2
BJ-2024-CY-QIZHONG-Q4,②,PH,PH,仅词典命中弱信号(精度约0.66-0.88)，不构成准入依据；本册是否可独立判断整个题肢、官方正误需模型/人工阶段核定,2026-09-24-attribution-v2
BJ-2024-CY-QIZHONG-Q4,③,,PH,仅词典命中弱信号(精度约0.66-0.88)，不构成准入依据；本册是否可独立判断整个题肢、官方正误需模型/人工阶段核定,2026-09-24-attribution-v2
BJ-2024-CY-QIZHONG-Q4,④,,PH,仅词典命中弱信号(精度约0.66-0.88)，不构成准入依据；本册是否可独立判断整个题肢、官方正误需模型/人工阶段核定,2026-09-24-attribution-v2
BJ-2024-CY-QIZHONG-Q5,①,,PH,仅词典命中弱信号(精度约0.66-0.88)，不构成准入依据；本册是否可独立判断整个题肢、官方正误需模型/人工阶段核定,2026-09-24-attribution-v2
BJ-2024-CY-QIZHONG-Q5,②,,PH,仅词典命中弱信号(精度约0.66-0.88)，不构成准入依据；本册是否可独立判断整个题肢、官方正误需模型/人工阶段核定,2026-09-24-attribution-v2
BJ-2024-CY-QIZHONG-Q5,③,,PH,仅词典命中弱信号(精度约0.66-0.88)，不构成准入依据；本册是否可独立判断整个题肢、官方正误需模型/人工阶段核定,2026-09-24-attribution-v2
BJ-2024-CY-QIZHONG-Q5,④,PH;RE,PH,仅词典命中弱信号(精度约0.66-0.88)，不构成准入依据；本册是否可独立判断整个题肢、官方正误需模型/人工阶段核定,2026-09-24-attribution-v2
BJ-2024-CY-QIZHONG-Q6,①,,RE,仅词典命中弱信号(精度约0.66-0.88)，不构成准入依据；本册是否可独立判断整个题肢、官方正误需模型/人工阶段核定,2026-09-24-attribution-v2
BJ-2024-CY-QIZHONG-Q6,②,,RE,仅词典命中弱信号(精度约0.66-0.88)，不构成准入依据；本册是否可独立判断整个题肢、官方正误需模型/人工阶段核定,2026-09-24-attribution-v2
BJ-2024-CY-QIZHONG-Q6,③,,RE,仅词典命中弱信号(精度约0.66-0.88)，不构成准入依据；本册是否可独立判断整个题肢、官方正误需模型/人工阶段核定,2026-09-24-attribution-v2
BJ-2024-CY-QIZHONG-Q6,④,,RE,仅词典命中弱信号(精度约0.66-0.88)，不构成准入依据；本册是否可独立判断整个题肢、官方正误需模型/人工阶段核定,2026-09-24-attribution-v2
BJ-2024-CY-QIZHONG-Q7,①,,B3,仅词典命中弱信号(精度约0.66-0.88)，不构成准入依据；本册是否可独立判断整个题肢、官方正误需模型/人工阶段核定,2026-09-24-attribution-v2
BJ-2024-CY-QIZHONG-Q7,②,CU,B3,仅词典命中弱信号(精度约0.66-0.88)，不构成准入依据；本册是否可独立判断整个题肢、官方正误需模型/人工阶段核定,2026-09-24-attribution-v2
BJ-2024-CY-QIZHONG-Q7,③,CU,B3,仅词典命中弱信号(精度约0.66-0.88)，不构成准入依据；本册是否可独立判断整个题肢、官方正误需模型/人工阶段核定,2026-09-24-attribution-v2
BJ-2024-CY-QIZHONG-Q7,④,RE,B3,仅词典命中弱信号(精度约0.66-0.88)，不构成准入依据；本册是否可独立判断整个题肢、官方正误需模型/人工阶段核定,2026-09-24-attribution-v2
BJ-2024-CY-QIZHONG-Q8,①,MI;RE,B3,仅词典命中弱信号(精度约0.66-0.88)，不构成准入依据；本册是否可独立判断整个题肢、官方正误需模型/人工阶段核定,2026-09-24-attribution-v2
BJ-2024-CY-QIZHONG-Q8,②,MI,B3,仅词典命中弱信号(精度约0.66-0.88)，不构成准入依据；本册是否可独立判断整个题肢、官方正误需模型/人工阶段核定,2026-09-24-attribution-v2
BJ-2024-CY-QIZHONG-Q8,③,MI,B3,仅词典命中弱信号(精度约0.66-0.88)，不构成准入依据；本册是否可独立判断整个题肢、官方正误需模型/人工阶段核定,2026-09-24-attribution-v2
BJ-2024-CY-QIZHONG-Q8,④,MI,B3,仅词典命中弱信号(精度约0.66-0.88)，不构成准入依据；本册是否可独立判断整个题肢、官方正误需模型/人工阶段核定,2026-09-24-attribution-v2
BJ-2024-CY-QIZHONG-Q9,A,RE,B3,仅词典命中弱信号(精度约0.66-0.88)，不构成准入依据；本册是否可独立判断整个题肢、官方正误需模型/人工阶段核定,2026-09-24-attribution-v2
BJ-2024-CY-QIZHONG-Q9,B,RE,B3,仅词典命中弱信号(精度约0.66-0.88)，不构成准入依据；本册是否可独立判断整个题肢、官方正误需模型/人工阶段核定,2026-09-24-attribution-v2
BJ-2024-CY-QIZHONG-Q9,C,RE,B3,仅词典命中弱信号(精度约0.66-0.88)，不构成准入依据；本册是否可独立判断整个题肢、官方正误需模型/人工阶段核定,2026-09-24-attribution-v2
BJ-2024-CY-QIZHONG-Q9,D,MI,B3,仅词典命中弱信号(精度约0.66-0.88)，不构成准入依据；本册是否可独立判断整个题肢、官方正误需模型/人工阶段核定,2026-09-24-attribution-v2
BJ-2024-CY-QIZHONG-Q10,A,B1;RE,X2,仅词典命中弱信号(精度约0.66-0.88)，不构成准入依据；本册是否可独立判断整个题肢、官方正误需模型/人工阶段核定,2026-09-24-attribution-v2
BJ-2024-CY-QIZHONG-Q10,B,RE,X2,仅词典命中弱信号(精度约0.66-0.88)，不构成准入依据；本册是否可独立判断整个题肢、官方正误需模型/人工阶段核定,2026-09-24-attribution-v2
BJ-2024-CY-QIZHONG-Q10,C,RE,X2,仅词典命中弱信号(精度约0.66-0.88)，不构成准入依据；本册是否可独立判断整个题肢、官方正误需模型/人工阶段核定,2026-09-24-attribution-v2
BJ-2024-CY-QIZHONG-Q10,D,PH,X2,仅词典命中弱信号(精度约0.66-0.88)，不构成准入依据；本册是否可独立判断整个题肢、官方正误需模型/人工阶段核定,2026-09-24-attribution-v2
BJ-2024-CY-QIZHONG-Q11,①,RE,B3,仅词典命中弱信号(精度约0.66-0.88)，不构成准入依据；本册是否可独立判断整个题肢、官方正误需模型/人工阶段核定,2026-09-24-attribution-v2
BJ-2024-CY-QIZHONG-Q11,②,RE,B3,仅词典命中弱信号(精度约0.66-0.88)，不构成准入依据；本册是否可独立判断整个题肢、官方正误需模型/人工阶段核定,2026-09-24-attribution-v2
BJ-2024-CY-QIZHONG-Q11,③,RE,B3,仅词典命中弱信号(精度约0.66-0.88)，不构成准入依据；本册是否可独立判断整个题肢、官方正误需模型/人工阶段核定,2026-09-24-attribution-v2
BJ-2024-CY-QIZHONG-Q11,④,RE,B3,仅词典命中弱信号(精度约0.66-0.88)，不构成准入依据；本册是否可独立判断整个题肢、官方正误需模型/人工阶段核定,2026-09-24-attribution-v2
BJ-2024-CY-QIZHONG-Q12,①,X2,B2,仅词典命中弱信号(精度约0.66-0.88)，不构成准入依据；本册是否可独立判断整个题肢、官方正误需模型/人工阶段核定,2026-09-24-attribution-v2
BJ-2024-CY-QIZHONG-Q12,②,,B2,仅词典命中弱信号(精度约0.66-0.88)，不构成准入依据；本册是否可独立判断整个题肢、官方正误需模型/人工阶段核定,2026-09-24-attribution-v2
BJ-2024-CY-QIZHONG-Q12,③,,B2,仅词典命中弱信号(精度约0.66-0.88)，不构成准入依据；本册是否可独立判断整个题肢、官方正误需模型/人工阶段核定,2026-09-24-attribution-v2
BJ-2024-CY-QIZHONG-Q12,④,B2,B2,仅词典命中弱信号(精度约0.66-0.88)，不构成准入依据；本册是否可独立判断整个题肢、官方正误需模型/人工阶段核定,2026-09-24-attribution-v2
BJ-2024-CY-QIZHONG-Q13,①,B2,B2,仅词典命中弱信号(精度约0.66-0.88)，不构成准入依据；本册是否可独立判断整个题肢、官方正误需模型/人工阶段核定,2026-09-24-attribution-v2
BJ-2024-CY-QIZHONG-Q13,②,B2,B2,仅词典命中弱信号(精度约0.66-0.88)，不构成准入依据；本册是否可独立判断整个题肢、官方正误需模型/人工阶段核定,2026-09-24-attribution-v2
BJ-2024-CY-QIZHONG-Q13,③,B2,B2,仅词典命中弱信号(精度约0.66-0.88)，不构成准入依据；本册是否可独立判断整个题肢、官方正误需模型/人工阶段核定,2026-09-24-attribution-v2
BJ-2024-CY-QIZHONG-Q13,④,B2,B2,仅词典命中弱信号(精度约0.66-0.88)，不构成准入依据；本册是否可独立判断整个题肢、官方正误需模型/人工阶段核定,2026-09-24-attribution-v2
BJ-2024-CY-QIZHONG-Q14,①,B2,B2,仅词典命中弱信号(精度约0.66-0.88)，不构成准入依据；本册是否可独立判断整个题肢、官方正误需模型/人工阶段核定,2026-09-24-attribution-v2
BJ-2024-CY-QIZHONG-Q14,②,B2,B2,仅词典命中弱信号(精度约0.66-0.88)，不构成准入依据；本册是否可独立判断整个题肢、官方正误需模型/人工阶段核定,2026-09-24-attribution-v2
BJ-2024-CY-QIZHONG-Q14,③,B2,B2,仅词典命中弱信号(精度约0.66-0.88)，不构成准入依据；本册是否可独立判断整个题肢、官方正误需模型/人工阶段核定,2026-09-24-attribution-v2
BJ-2024-CY-QIZHONG-Q14,④,,B2,仅词典命中弱信号(精度约0.66-0.88)，不构成准入依据；本册是否可独立判断整个题肢、官方正误需模型/人工阶段核定,2026-09-24-attribution-v2
BJ-2024-CY-QIZHONG-Q15,①,X1,X1,仅词典命中弱信号(精度约0.66-0.88)，不构成准入依据；本册是否可独立判断整个题肢、官方正误需模型/人工阶段核定,2026-09-24-attribution-v2
BJ-2024-CY-QIZHONG-Q15,②,,X1,仅词典命中弱信号(精度约0.66-0.88)，不构成准入依据；本册是否可独立判断整个题肢、官方正误需模型/人工阶段核定,2026-09-24-attribution-v2
BJ-2024-CY-QIZHONG-Q15,③,X1,X1,仅词典命中弱信号(精度约0.66-0.88)，不构成准入依据；本册是否可独立判断整个题肢、官方正误需模型/人工阶段核定,2026-09-24-attribution-v2
BJ-2024-CY-QIZHONG-Q15,④,X1,X1,仅词典命中弱信号(精度约0.66-0.88)，不构成准入依据；本册是否可独立判断整个题肢、官方正误需模型/人工阶段核定,2026-09-24-attribution-v2
BJ-2025-CY-ERMO-Q1,①,B3,B3,仅词典命中弱信号(精度约0.66-0.88)，不构成准入依据；本册是否可独立判断整个题肢、官方正误需模型/人工阶段核定,2026-09-24-attribution-v2
BJ-2025-CY-ERMO-Q1,②,,B3,仅词典命中弱信号(精度约0.66-0.88)，不构成准入依据；本册是否可独立判断整个题肢、官方正误需模型/人工阶段核定,2026-09-24-attribution-v2
BJ-2025-CY-ERMO-Q1,③,B2,B3,仅词典命中弱信号(精度约0.66-0.88)，不构成准入依据；本册是否可独立判断整个题肢、官方正误需模型/人工阶段核定,2026-09-24-attribution-v2
BJ-2025-CY-ERMO-Q1,④,B2;B3,B3,仅词典命中弱信号(精度约0.66-0.88)，不构成准入依据；本册是否可独立判断整个题肢、官方正误需模型/人工阶段核定,2026-09-24-attribution-v2
BJ-2025-CY-ERMO-Q2,①,,CU,仅词典命中弱信号(精度约0.66-0.88)，不构成准入依据；本册是否可独立判断整个题肢、官方正误需模型/人工阶段核定,2026-09-24-attribution-v2
BJ-2025-CY-ERMO-Q2,②,,CU,仅词典命中弱信号(精度约0.66-0.88)，不构成准入依据；本册是否可独立判断整个题肢、官方正误需模型/人工阶段核定,2026-09-24-attribution-v2
BJ-2025-CY-ERMO-Q2,③,,CU,仅词典命中弱信号(精度约0.66-0.88)，不构成准入依据；本册是否可独立判断整个题肢、官方正误需模型/人工阶段核定,2026-09-24-attribution-v2
BJ-2025-CY-ERMO-Q2,④,B2,CU,仅词典命中弱信号(精度约0.66-0.88)，不构成准入依据；本册是否可独立判断整个题肢、官方正误需模型/人工阶段核定,2026-09-24-attribution-v2
BJ-2025-CY-ERMO-Q3,①,,PH,仅词典命中弱信号(精度约0.66-0.88)，不构成准入依据；本册是否可独立判断整个题肢、官方正误需模型/人工阶段核定,2026-09-24-attribution-v2
BJ-2025-CY-ERMO-Q3,②,,PH,仅词典命中弱信号(精度约0.66-0.88)，不构成准入依据；本册是否可独立判断整个题肢、官方正误需模型/人工阶段核定,2026-09-24-attribution-v2
BJ-2025-CY-ERMO-Q3,③,PH,PH,仅词典命中弱信号(精度约0.66-0.88)，不构成准入依据；本册是否可独立判断整个题肢、官方正误需模型/人工阶段核定,2026-09-24-attribution-v2
BJ-2025-CY-ERMO-Q3,④,,PH,仅词典命中弱信号(精度约0.66-0.88)，不构成准入依据；本册是否可独立判断整个题肢、官方正误需模型/人工阶段核定,2026-09-24-attribution-v2
BJ-2025-CY-ERMO-Q4,①,,PH,仅词典命中弱信号(精度约0.66-0.88)，不构成准入依据；本册是否可独立判断整个题肢、官方正误需模型/人工阶段核定,2026-09-24-attribution-v2
BJ-2025-CY-ERMO-Q4,②,,PH,仅词典命中弱信号(精度约0.66-0.88)，不构成准入依据；本册是否可独立判断整个题肢、官方正误需模型/人工阶段核定,2026-09-24-attribution-v2
BJ-2025-CY-ERMO-Q4,③,,PH,仅词典命中弱信号(精度约0.66-0.88)，不构成准入依据；本册是否可独立判断整个题肢、官方正误需模型/人工阶段核定,2026-09-24-attribution-v2
BJ-2025-CY-ERMO-Q4,④,,PH,仅词典命中弱信号(精度约0.66-0.88)，不构成准入依据；本册是否可独立判断整个题肢、官方正误需模型/人工阶段核定,2026-09-24-attribution-v2
BJ-2025-CY-ERMO-Q5,A,RE,PH,仅词典命中弱信号(精度约0.66-0.88)，不构成准入依据；本册是否可独立判断整个题肢、官方正误需模型/人工阶段核定,2026-09-24-attribution-v2
BJ-2025-CY-ERMO-Q5,B,RE,PH,仅词典命中弱信号(精度约0.66-0.88)，不构成准入依据；本册是否可独立判断整个题肢、官方正误需模型/人工阶段核定,2026-09-24-attribution-v2
BJ-2025-CY-ERMO-Q5,C,RE,PH,仅词典命中弱信号(精度约0.66-0.88)，不构成准入依据；本册是否可独立判断整个题肢、官方正误需模型/人工阶段核定,2026-09-24-attribution-v2
BJ-2025-CY-ERMO-Q5,D,RE,PH,仅词典命中弱信号(精度约0.66-0.88)，不构成准入依据；本册是否可独立判断整个题肢、官方正误需模型/人工阶段核定,2026-09-24-attribution-v2
BJ-2025-CY-ERMO-Q6,①,,RE,仅词典命中弱信号(精度约0.66-0.88)，不构成准入依据；本册是否可独立判断整个题肢、官方正误需模型/人工阶段核定,2026-09-24-attribution-v2
BJ-2025-CY-ERMO-Q6,②,,RE,仅词典命中弱信号(精度约0.66-0.88)，不构成准入依据；本册是否可独立判断整个题肢、官方正误需模型/人工阶段核定,2026-09-24-attribution-v2
BJ-2025-CY-ERMO-Q6,③,,RE,仅词典命中弱信号(精度约0.66-0.88)，不构成准入依据；本册是否可独立判断整个题肢、官方正误需模型/人工阶段核定,2026-09-24-attribution-v2
BJ-2025-CY-ERMO-Q6,④,,RE,仅词典命中弱信号(精度约0.66-0.88)，不构成准入依据；本册是否可独立判断整个题肢、官方正误需模型/人工阶段核定,2026-09-24-attribution-v2
BJ-2025-CY-ERMO-Q7,①,RE,B3,仅词典命中弱信号(精度约0.66-0.88)，不构成准入依据；本册是否可独立判断整个题肢、官方正误需模型/人工阶段核定,2026-09-24-attribution-v2
BJ-2025-CY-ERMO-Q7,②,RE,B3,仅词典命中弱信号(精度约0.66-0.88)，不构成准入依据；本册是否可独立判断整个题肢、官方正误需模型/人工阶段核定,2026-09-24-attribution-v2
BJ-2025-CY-ERMO-Q7,③,MI,B3,仅词典命中弱信号(精度约0.66-0.88)，不构成准入依据；本册是否可独立判断整个题肢、官方正误需模型/人工阶段核定,2026-09-24-attribution-v2
BJ-2025-CY-ERMO-Q7,④,MI,B3,仅词典命中弱信号(精度约0.66-0.88)，不构成准入依据；本册是否可独立判断整个题肢、官方正误需模型/人工阶段核定,2026-09-24-attribution-v2
BJ-2025-CY-ERMO-Q8,①,B3,B3,仅词典命中弱信号(精度约0.66-0.88)，不构成准入依据；本册是否可独立判断整个题肢、官方正误需模型/人工阶段核定,2026-09-24-attribution-v2
BJ-2025-CY-ERMO-Q8,②,B3,B3,仅词典命中弱信号(精度约0.66-0.88)，不构成准入依据；本册是否可独立判断整个题肢、官方正误需模型/人工阶段核定,2026-09-24-attribution-v2
BJ-2025-CY-ERMO-Q8,③,B1,B3,仅词典命中弱信号(精度约0.66-0.88)，不构成准入依据；本册是否可独立判断整个题肢、官方正误需模型/人工阶段核定,2026-09-24-attribution-v2
BJ-2025-CY-ERMO-Q8,④,,B3,仅词典命中弱信号(精度约0.66-0.88)，不构成准入依据；本册是否可独立判断整个题肢、官方正误需模型/人工阶段核定,2026-09-24-attribution-v2
BJ-2025-CY-ERMO-Q9,①,PH,B3,仅词典命中弱信号(精度约0.66-0.88)，不构成准入依据；本册是否可独立判断整个题肢、官方正误需模型/人工阶段核定,2026-09-24-attribution-v2
BJ-2025-CY-ERMO-Q9,②,,B3,仅词典命中弱信号(精度约0.66-0.88)，不构成准入依据；本册是否可独立判断整个题肢、官方正误需模型/人工阶段核定,2026-09-24-attribution-v2
BJ-2025-CY-ERMO-Q9,③,PH,B3,仅词典命中弱信号(精度约0.66-0.88)，不构成准入依据；本册是否可独立判断整个题肢、官方正误需模型/人工阶段核定,2026-09-24-attribution-v2
BJ-2025-CY-ERMO-Q9,④,,B3,仅词典命中弱信号(精度约0.66-0.88)，不构成准入依据；本册是否可独立判断整个题肢、官方正误需模型/人工阶段核定,2026-09-24-attribution-v2
BJ-2025-CY-ERMO-Q10,①,X2,X2,仅词典命中弱信号(精度约0.66-0.88)，不构成准入依据；本册是否可独立判断整个题肢、官方正误需模型/人工阶段核定,2026-09-24-attribution-v2
BJ-2025-CY-ERMO-Q10,②,,X2,仅词典命中弱信号(精度约0.66-0.88)，不构成准入依据；本册是否可独立判断整个题肢、官方正误需模型/人工阶段核定,2026-09-24-attribution-v2
BJ-2025-CY-ERMO-Q10,③,X2,X2,仅词典命中弱信号(精度约0.66-0.88)，不构成准入依据；本册是否可独立判断整个题肢、官方正误需模型/人工阶段核定,2026-09-24-attribution-v2
BJ-2025-CY-ERMO-Q10,④,X2,X2,仅词典命中弱信号(精度约0.66-0.88)，不构成准入依据；本册是否可独立判断整个题肢、官方正误需模型/人工阶段核定,2026-09-24-attribution-v2
BJ-2025-CY-ERMO-Q11,①,X2,X2,仅词典命中弱信号(精度约0.66-0.88)，不构成准入依据；本册是否可独立判断整个题肢、官方正误需模型/人工阶段核定,2026-09-24-attribution-v2
BJ-2025-CY-ERMO-Q11,②,X2,X2,仅词典命中弱信号(精度约0.66-0.88)，不构成准入依据；本册是否可独立判断整个题肢、官方正误需模型/人工阶段核定,2026-09-24-attribution-v2
BJ-2025-CY-ERMO-Q11,③,X2,X2,仅词典命中弱信号(精度约0.66-0.88)，不构成准入依据；本册是否可独立判断整个题肢、官方正误需模型/人工阶段核定,2026-09-24-attribution-v2
BJ-2025-CY-ERMO-Q11,④,X2,X2,仅词典命中弱信号(精度约0.66-0.88)，不构成准入依据；本册是否可独立判断整个题肢、官方正误需模型/人工阶段核定,2026-09-24-attribution-v2
BJ-2025-CY-ERMO-Q12,①,,B2,仅词典命中弱信号(精度约0.66-0.88)，不构成准入依据；本册是否可独立判断整个题肢、官方正误需模型/人工阶段核定,2026-09-24-attribution-v2
BJ-2025-CY-ERMO-Q12,②,B2,B2,仅词典命中弱信号(精度约0.66-0.88)，不构成准入依据；本册是否可独立判断整个题肢、官方正误需模型/人工阶段核定,2026-09-24-attribution-v2
BJ-2025-CY-ERMO-Q12,③,,B2,仅词典命中弱信号(精度约0.66-0.88)，不构成准入依据；本册是否可独立判断整个题肢、官方正误需模型/人工阶段核定,2026-09-24-attribution-v2
BJ-2025-CY-ERMO-Q12,④,,B2,仅词典命中弱信号(精度约0.66-0.88)，不构成准入依据；本册是否可独立判断整个题肢、官方正误需模型/人工阶段核定,2026-09-24-attribution-v2
BJ-2025-CY-ERMO-Q13,A,B2,B2,仅词典命中弱信号(精度约0.66-0.88)，不构成准入依据；本册是否可独立判断整个题肢、官方正误需模型/人工阶段核定,2026-09-24-attribution-v2
BJ-2025-CY-ERMO-Q13,B,B2,B2,仅词典命中弱信号(精度约0.66-0.88)，不构成准入依据；本册是否可独立判断整个题肢、官方正误需模型/人工阶段核定,2026-09-24-attribution-v2
BJ-2025-CY-ERMO-Q13,C,,B2,仅词典命中弱信号(精度约0.66-0.88)，不构成准入依据；本册是否可独立判断整个题肢、官方正误需模型/人工阶段核定,2026-09-24-attribution-v2
BJ-2025-CY-ERMO-Q13,D,,B2,仅词典命中弱信号(精度约0.66-0.88)，不构成准入依据；本册是否可独立判断整个题肢、官方正误需模型/人工阶段核定,2026-09-24-attribution-v2
BJ-2025-CY-ERMO-Q14,A,,X1,仅词典命中弱信号(精度约0.66-0.88)，不构成准入依据；本册是否可独立判断整个题肢、官方正误需模型/人工阶段核定,2026-09-24-attribution-v2
BJ-2025-CY-ERMO-Q14,B,B2,X1,仅词典命中弱信号(精度约0.66-0.88)，不构成准入依据；本册是否可独立判断整个题肢、官方正误需模型/人工阶段核定,2026-09-24-attribution-v2
BJ-2025-CY-ERMO-Q14,C,B2,X1,仅词典命中弱信号(精度约0.66-0.88)，不构成准入依据；本册是否可独立判断整个题肢、官方正误需模型/人工阶段核定,2026-09-24-attribution-v2
BJ-2025-CY-ERMO-Q14,D,X1,X1,仅词典命中弱信号(精度约0.66-0.88)，不构成准入依据；本册是否可独立判断整个题肢、官方正误需模型/人工阶段核定,2026-09-24-attribution-v2
BJ-2025-CY-ERMO-Q15,①,,X1,仅词典命中弱信号(精度约0.66-0.88)，不构成准入依据；本册是否可独立判断整个题肢、官方正误需模型/人工阶段核定,2026-09-24-attribution-v2
BJ-2025-CY-ERMO-Q15,②,X1,X1,仅词典命中弱信号(精度约0.66-0.88)，不构成准入依据；本册是否可独立判断整个题肢、官方正误需模型/人工阶段核定,2026-09-24-attribution-v2
BJ-2025-CY-ERMO-Q15,③,,X1,仅词典命中弱信号(精度约0.66-0.88)，不构成准入依据；本册是否可独立判断整个题肢、官方正误需模型/人工阶段核定,2026-09-24-attribution-v2
BJ-2025-CY-ERMO-Q15,④,,X1,仅词典命中弱信号(精度约0.66-0.88)，不构成准入依据；本册是否可独立判断整个题肢、官方正误需模型/人工阶段核定,2026-09-24-attribution-v2
BJ-2023-FT-ERMO-Q1,①,,B3,仅词典命中弱信号(精度约0.66-0.88)，不构成准入依据；本册是否可独立判断整个题肢、官方正误需模型/人工阶段核定,2026-09-24-attribution-v2
BJ-2023-FT-ERMO-Q1,②,PH,B3,仅词典命中弱信号(精度约0.66-0.88)，不构成准入依据；本册是否可独立判断整个题肢、官方正误需模型/人工阶段核定,2026-09-24-attribution-v2
BJ-2023-FT-ERMO-Q1,③,X1,B3,仅词典命中弱信号(精度约0.66-0.88)，不构成准入依据；本册是否可独立判断整个题肢、官方正误需模型/人工阶段核定,2026-09-24-attribution-v2
BJ-2023-FT-ERMO-Q1,④,B1;X1,B3,仅词典命中弱信号(精度约0.66-0.88)，不构成准入依据；本册是否可独立判断整个题肢、官方正误需模型/人工阶段核定,2026-09-24-attribution-v2
BJ-2023-FT-ERMO-Q2,①,X1,CU,仅词典命中弱信号(精度约0.66-0.88)，不构成准入依据；本册是否可独立判断整个题肢、官方正误需模型/人工阶段核定,2026-09-24-attribution-v2
BJ-2023-FT-ERMO-Q2,②,B1,CU,仅词典命中弱信号(精度约0.66-0.88)，不构成准入依据；本册是否可独立判断整个题肢、官方正误需模型/人工阶段核定,2026-09-24-attribution-v2
BJ-2023-FT-ERMO-Q2,③,B1,CU,仅词典命中弱信号(精度约0.66-0.88)，不构成准入依据；本册是否可独立判断整个题肢、官方正误需模型/人工阶段核定,2026-09-24-attribution-v2
BJ-2023-FT-ERMO-Q2,④,B1,CU,仅词典命中弱信号(精度约0.66-0.88)，不构成准入依据；本册是否可独立判断整个题肢、官方正误需模型/人工阶段核定,2026-09-24-attribution-v2
BJ-2023-FT-ERMO-Q3,①,,PH,仅词典命中弱信号(精度约0.66-0.88)，不构成准入依据；本册是否可独立判断整个题肢、官方正误需模型/人工阶段核定,2026-09-24-attribution-v2
BJ-2023-FT-ERMO-Q3,②,CU,PH,仅词典命中弱信号(精度约0.66-0.88)，不构成准入依据；本册是否可独立判断整个题肢、官方正误需模型/人工阶段核定,2026-09-24-attribution-v2
BJ-2023-FT-ERMO-Q3,③,PH,PH,仅词典命中弱信号(精度约0.66-0.88)，不构成准入依据；本册是否可独立判断整个题肢、官方正误需模型/人工阶段核定,2026-09-24-attribution-v2
BJ-2023-FT-ERMO-Q3,④,CU,PH,仅词典命中弱信号(精度约0.66-0.88)，不构成准入依据；本册是否可独立判断整个题肢、官方正误需模型/人工阶段核定,2026-09-24-attribution-v2
BJ-2023-FT-ERMO-Q4,①,,PH,仅词典命中弱信号(精度约0.66-0.88)，不构成准入依据；本册是否可独立判断整个题肢、官方正误需模型/人工阶段核定,2026-09-24-attribution-v2
BJ-2023-FT-ERMO-Q4,②,,PH,仅词典命中弱信号(精度约0.66-0.88)，不构成准入依据；本册是否可独立判断整个题肢、官方正误需模型/人工阶段核定,2026-09-24-attribution-v2
BJ-2023-FT-ERMO-Q4,③,,PH,仅词典命中弱信号(精度约0.66-0.88)，不构成准入依据；本册是否可独立判断整个题肢、官方正误需模型/人工阶段核定,2026-09-24-attribution-v2
BJ-2023-FT-ERMO-Q4,④,,PH,仅词典命中弱信号(精度约0.66-0.88)，不构成准入依据；本册是否可独立判断整个题肢、官方正误需模型/人工阶段核定,2026-09-24-attribution-v2
BJ-2023-FT-ERMO-Q5,A,RE,PH,仅词典命中弱信号(精度约0.66-0.88)，不构成准入依据；本册是否可独立判断整个题肢、官方正误需模型/人工阶段核定,2026-09-24-attribution-v2
BJ-2023-FT-ERMO-Q5,B,,PH,仅词典命中弱信号(精度约0.66-0.88)，不构成准入依据；本册是否可独立判断整个题肢、官方正误需模型/人工阶段核定,2026-09-24-attribution-v2
BJ-2023-FT-ERMO-Q5,C,RE,PH,仅词典命中弱信号(精度约0.66-0.88)，不构成准入依据；本册是否可独立判断整个题肢、官方正误需模型/人工阶段核定,2026-09-24-attribution-v2
BJ-2023-FT-ERMO-Q5,D,MI,PH,仅词典命中弱信号(精度约0.66-0.88)，不构成准入依据；本册是否可独立判断整个题肢、官方正误需模型/人工阶段核定,2026-09-24-attribution-v2
BJ-2023-FT-ERMO-Q6,①,B2,RE,仅词典命中弱信号(精度约0.66-0.88)，不构成准入依据；本册是否可独立判断整个题肢、官方正误需模型/人工阶段核定,2026-09-24-attribution-v2
BJ-2023-FT-ERMO-Q6,②,B2;PH,RE,仅词典命中弱信号(精度约0.66-0.88)，不构成准入依据；本册是否可独立判断整个题肢、官方正误需模型/人工阶段核定,2026-09-24-attribution-v2
BJ-2023-FT-ERMO-Q6,③,,RE,仅词典命中弱信号(精度约0.66-0.88)，不构成准入依据；本册是否可独立判断整个题肢、官方正误需模型/人工阶段核定,2026-09-24-attribution-v2
BJ-2023-FT-ERMO-Q6,④,,RE,仅词典命中弱信号(精度约0.66-0.88)，不构成准入依据；本册是否可独立判断整个题肢、官方正误需模型/人工阶段核定,2026-09-24-attribution-v2
BJ-2023-FT-ERMO-Q7,①,B2,B3,仅词典命中弱信号(精度约0.66-0.88)，不构成准入依据；本册是否可独立判断整个题肢、官方正误需模型/人工阶段核定,2026-09-24-attribution-v2
BJ-2023-FT-ERMO-Q7,②,,B3,仅词典命中弱信号(精度约0.66-0.88)，不构成准入依据；本册是否可独立判断整个题肢、官方正误需模型/人工阶段核定,2026-09-24-attribution-v2
BJ-2023-FT-ERMO-Q7,③,B2,B3,仅词典命中弱信号(精度约0.66-0.88)，不构成准入依据；本册是否可独立判断整个题肢、官方正误需模型/人工阶段核定,2026-09-24-attribution-v2
BJ-2023-FT-ERMO-Q7,④,,B3,仅词典命中弱信号(精度约0.66-0.88)，不构成准入依据；本册是否可独立判断整个题肢、官方正误需模型/人工阶段核定,2026-09-24-attribution-v2
BJ-2023-FT-ERMO-Q8,A,,B3,仅词典命中弱信号(精度约0.66-0.88)，不构成准入依据；本册是否可独立判断整个题肢、官方正误需模型/人工阶段核定,2026-09-24-attribution-v2
BJ-2023-FT-ERMO-Q8,B,B2,B3,仅词典命中弱信号(精度约0.66-0.88)，不构成准入依据；本册是否可独立判断整个题肢、官方正误需模型/人工阶段核定,2026-09-24-attribution-v2
BJ-2023-FT-ERMO-Q8,C,B2,B3,仅词典命中弱信号(精度约0.66-0.88)，不构成准入依据；本册是否可独立判断整个题肢、官方正误需模型/人工阶段核定,2026-09-24-attribution-v2
BJ-2023-FT-ERMO-Q8,D,B2,B3,仅词典命中弱信号(精度约0.66-0.88)，不构成准入依据；本册是否可独立判断整个题肢、官方正误需模型/人工阶段核定,2026-09-24-attribution-v2
BJ-2023-FT-ERMO-Q9,①,B2,B3,仅词典命中弱信号(精度约0.66-0.88)，不构成准入依据；本册是否可独立判断整个题肢、官方正误需模型/人工阶段核定,2026-09-24-attribution-v2
BJ-2023-FT-ERMO-Q9,②,,B3,仅词典命中弱信号(精度约0.66-0.88)，不构成准入依据；本册是否可独立判断整个题肢、官方正误需模型/人工阶段核定,2026-09-24-attribution-v2
BJ-2023-FT-ERMO-Q9,③,X1,B3,仅词典命中弱信号(精度约0.66-0.88)，不构成准入依据；本册是否可独立判断整个题肢、官方正误需模型/人工阶段核定,2026-09-24-attribution-v2
BJ-2023-FT-ERMO-Q9,④,,B3,仅词典命中弱信号(精度约0.66-0.88)，不构成准入依据；本册是否可独立判断整个题肢、官方正误需模型/人工阶段核定,2026-09-24-attribution-v2
BJ-2023-FT-ERMO-Q10,①,,X2,仅词典命中弱信号(精度约0.66-0.88)，不构成准入依据；本册是否可独立判断整个题肢、官方正误需模型/人工阶段核定,2026-09-24-attribution-v2
BJ-2023-FT-ERMO-Q10,②,,X2,仅词典命中弱信号(精度约0.66-0.88)，不构成准入依据；本册是否可独立判断整个题肢、官方正误需模型/人工阶段核定,2026-09-24-attribution-v2
BJ-2023-FT-ERMO-Q10,③,PH,X2,仅词典命中弱信号(精度约0.66-0.88)，不构成准入依据；本册是否可独立判断整个题肢、官方正误需模型/人工阶段核定,2026-09-24-attribution-v2
BJ-2023-FT-ERMO-Q10,④,,X2,仅词典命中弱信号(精度约0.66-0.88)，不构成准入依据；本册是否可独立判断整个题肢、官方正误需模型/人工阶段核定,2026-09-24-attribution-v2
BJ-2023-FT-ERMO-Q11,A,B2;B3,X2,仅词典命中弱信号(精度约0.66-0.88)，不构成准入依据；本册是否可独立判断整个题肢、官方正误需模型/人工阶段核定,2026-09-24-attribution-v2
BJ-2023-FT-ERMO-Q11,B,B3,X2,仅词典命中弱信号(精度约0.66-0.88)，不构成准入依据；本册是否可独立判断整个题肢、官方正误需模型/人工阶段核定,2026-09-24-attribution-v2
BJ-2023-FT-ERMO-Q11,C,B2;B3;X1,X2,仅词典命中弱信号(精度约0.66-0.88)，不构成准入依据；本册是否可独立判断整个题肢、官方正误需模型/人工阶段核定,2026-09-24-attribution-v2
BJ-2023-FT-ERMO-Q11,D,B3,X2,仅词典命中弱信号(精度约0.66-0.88)，不构成准入依据；本册是否可独立判断整个题肢、官方正误需模型/人工阶段核定,2026-09-24-attribution-v2
BJ-2023-FT-ERMO-Q12,①,,B2,仅词典命中弱信号(精度约0.66-0.88)，不构成准入依据；本册是否可独立判断整个题肢、官方正误需模型/人工阶段核定,2026-09-24-attribution-v2
BJ-2023-FT-ERMO-Q12,②,X2,B2,仅词典命中弱信号(精度约0.66-0.88)，不构成准入依据；本册是否可独立判断整个题肢、官方正误需模型/人工阶段核定,2026-09-24-attribution-v2
BJ-2023-FT-ERMO-Q12,③,X2,B2,仅词典命中弱信号(精度约0.66-0.88)，不构成准入依据；本册是否可独立判断整个题肢、官方正误需模型/人工阶段核定,2026-09-24-attribution-v2
BJ-2023-FT-ERMO-Q12,④,X2,B2,仅词典命中弱信号(精度约0.66-0.88)，不构成准入依据；本册是否可独立判断整个题肢、官方正误需模型/人工阶段核定,2026-09-24-attribution-v2
BJ-2023-FT-ERMO-Q14,①,,X1,仅词典命中弱信号(精度约0.66-0.88)，不构成准入依据；本册是否可独立判断整个题肢、官方正误需模型/人工阶段核定,2026-09-24-attribution-v2
BJ-2023-FT-ERMO-Q14,②,,X1,仅词典命中弱信号(精度约0.66-0.88)，不构成准入依据；本册是否可独立判断整个题肢、官方正误需模型/人工阶段核定,2026-09-24-attribution-v2
BJ-2023-FT-ERMO-Q14,③,,X1,仅词典命中弱信号(精度约0.66-0.88)，不构成准入依据；本册是否可独立判断整个题肢、官方正误需模型/人工阶段核定,2026-09-24-attribution-v2
BJ-2023-FT-ERMO-Q14,④,B3;CU;X1,X1,仅词典命中弱信号(精度约0.66-0.88)，不构成准入依据；本册是否可独立判断整个题肢、官方正误需模型/人工阶段核定,2026-09-24-attribution-v2
BJ-2023-FT-ERMO-Q15,①,X1,X1,仅词典命中弱信号(精度约0.66-0.88)，不构成准入依据；本册是否可独立判断整个题肢、官方正误需模型/人工阶段核定,2026-09-24-attribution-v2
BJ-2023-FT-ERMO-Q15,②,,X1,仅词典命中弱信号(精度约0.66-0.88)，不构成准入依据；本册是否可独立判断整个题肢、官方正误需模型/人工阶段核定,2026-09-24-attribution-v2
BJ-2023-FT-ERMO-Q15,③,,X1,仅词典命中弱信号(精度约0.66-0.88)，不构成准入依据；本册是否可独立判断整个题肢、官方正误需模型/人工阶段核定,2026-09-24-attribution-v2
BJ-2023-FT-ERMO-Q15,④,,X1,仅词典命中弱信号(精度约0.66-0.88)，不构成准入依据；本册是否可独立判断整个题肢、官方正误需模型/人工阶段核定,2026-09-24-attribution-v2
BJ-2020-BJ-GAOKAO-Q1,①,,B3,仅词典命中弱信号(精度约0.66-0.88)，不构成准入依据；本册是否可独立判断整个题肢、官方正误需模型/人工阶段核定,2026-09-24-attribution-v2
BJ-2020-BJ-GAOKAO-Q1,②,,B3,仅词典命中弱信号(精度约0.66-0.88)，不构成准入依据；本册是否可独立判断整个题肢、官方正误需模型/人工阶段核定,2026-09-24-attribution-v2
BJ-2020-BJ-GAOKAO-Q1,③,CU,B3,仅词典命中弱信号(精度约0.66-0.88)，不构成准入依据；本册是否可独立判断整个题肢、官方正误需模型/人工阶段核定,2026-09-24-attribution-v2
BJ-2020-BJ-GAOKAO-Q1,④,,B3,仅词典命中弱信号(精度约0.66-0.88)，不构成准入依据；本册是否可独立判断整个题肢、官方正误需模型/人工阶段核定,2026-09-24-attribution-v2
BJ-2020-BJ-GAOKAO-Q2,①,,CU,仅词典命中弱信号(精度约0.66-0.88)，不构成准入依据；本册是否可独立判断整个题肢、官方正误需模型/人工阶段核定,2026-09-24-attribution-v2
BJ-2020-BJ-GAOKAO-Q2,②,,CU,仅词典命中弱信号(精度约0.66-0.88)，不构成准入依据；本册是否可独立判断整个题肢、官方正误需模型/人工阶段核定,2026-09-24-attribution-v2
BJ-2020-BJ-GAOKAO-Q2,③,CU,CU,仅词典命中弱信号(精度约0.66-0.88)，不构成准入依据；本册是否可独立判断整个题肢、官方正误需模型/人工阶段核定,2026-09-24-attribution-v2
BJ-2020-BJ-GAOKAO-Q2,④,,CU,仅词典命中弱信号(精度约0.66-0.88)，不构成准入依据；本册是否可独立判断整个题肢、官方正误需模型/人工阶段核定,2026-09-24-attribution-v2
BJ-2020-BJ-GAOKAO-Q3,①,CU,PH,仅词典命中弱信号(精度约0.66-0.88)，不构成准入依据；本册是否可独立判断整个题肢、官方正误需模型/人工阶段核定,2026-09-24-attribution-v2
BJ-2020-BJ-GAOKAO-Q3,②,,PH,仅词典命中弱信号(精度约0.66-0.88)，不构成准入依据；本册是否可独立判断整个题肢、官方正误需模型/人工阶段核定,2026-09-24-attribution-v2
BJ-2020-BJ-GAOKAO-Q3,③,,PH,仅词典命中弱信号(精度约0.66-0.88)，不构成准入依据；本册是否可独立判断整个题肢、官方正误需模型/人工阶段核定,2026-09-24-attribution-v2
BJ-2020-BJ-GAOKAO-Q3,④,,PH,仅词典命中弱信号(精度约0.66-0.88)，不构成准入依据；本册是否可独立判断整个题肢、官方正误需模型/人工阶段核定,2026-09-24-attribution-v2
BJ-2020-BJ-GAOKAO-Q4,①,,PH,仅词典命中弱信号(精度约0.66-0.88)，不构成准入依据；本册是否可独立判断整个题肢、官方正误需模型/人工阶段核定,2026-09-24-attribution-v2
BJ-2020-BJ-GAOKAO-Q4,②,,PH,仅词典命中弱信号(精度约0.66-0.88)，不构成准入依据；本册是否可独立判断整个题肢、官方正误需模型/人工阶段核定,2026-09-24-attribution-v2
BJ-2020-BJ-GAOKAO-Q4,③,B2,PH,仅词典命中弱信号(精度约0.66-0.88)，不构成准入依据；本册是否可独立判断整个题肢、官方正误需模型/人工阶段核定,2026-09-24-attribution-v2
BJ-2020-BJ-GAOKAO-Q4,④,MI,PH,仅词典命中弱信号(精度约0.66-0.88)，不构成准入依据；本册是否可独立判断整个题肢、官方正误需模型/人工阶段核定,2026-09-24-attribution-v2
BJ-2020-BJ-GAOKAO-Q5,A,,PH,仅词典命中弱信号(精度约0.66-0.88)，不构成准入依据；本册是否可独立判断整个题肢、官方正误需模型/人工阶段核定,2026-09-24-attribution-v2
BJ-2020-BJ-GAOKAO-Q5,B,,PH,仅词典命中弱信号(精度约0.66-0.88)，不构成准入依据；本册是否可独立判断整个题肢、官方正误需模型/人工阶段核定,2026-09-24-attribution-v2
BJ-2020-BJ-GAOKAO-Q5,C,,PH,仅词典命中弱信号(精度约0.66-0.88)，不构成准入依据；本册是否可独立判断整个题肢、官方正误需模型/人工阶段核定,2026-09-24-attribution-v2
BJ-2020-BJ-GAOKAO-Q5,D,,PH,仅词典命中弱信号(精度约0.66-0.88)，不构成准入依据；本册是否可独立判断整个题肢、官方正误需模型/人工阶段核定,2026-09-24-attribution-v2
BJ-2020-BJ-GAOKAO-Q6,①,,RE,仅词典命中弱信号(精度约0.66-0.88)，不构成准入依据；本册是否可独立判断整个题肢、官方正误需模型/人工阶段核定,2026-09-24-attribution-v2
BJ-2020-BJ-GAOKAO-Q6,②,,RE,仅词典命中弱信号(精度约0.66-0.88)，不构成准入依据；本册是否可独立判断整个题肢、官方正误需模型/人工阶段核定,2026-09-24-attribution-v2
BJ-2020-BJ-GAOKAO-Q6,③,B2;B3;X2,RE,仅词典命中弱信号(精度约0.66-0.88)，不构成准入依据；本册是否可独立判断整个题肢、官方正误需模型/人工阶段核定,2026-09-24-attribution-v2
BJ-2020-BJ-GAOKAO-Q6,④,,RE,仅词典命中弱信号(精度约0.66-0.88)，不构成准入依据；本册是否可独立判断整个题肢、官方正误需模型/人工阶段核定,2026-09-24-attribution-v2
BJ-2020-BJ-GAOKAO-Q7,①,,B3,仅词典命中弱信号(精度约0.66-0.88)，不构成准入依据；本册是否可独立判断整个题肢、官方正误需模型/人工阶段核定,2026-09-24-attribution-v2
BJ-2020-BJ-GAOKAO-Q7,②,,B3,仅词典命中弱信号(精度约0.66-0.88)，不构成准入依据；本册是否可独立判断整个题肢、官方正误需模型/人工阶段核定,2026-09-24-attribution-v2
BJ-2020-BJ-GAOKAO-Q7,③,X2,B3,仅词典命中弱信号(精度约0.66-0.88)，不构成准入依据；本册是否可独立判断整个题肢、官方正误需模型/人工阶段核定,2026-09-24-attribution-v2
BJ-2020-BJ-GAOKAO-Q7,④,,B3,仅词典命中弱信号(精度约0.66-0.88)，不构成准入依据；本册是否可独立判断整个题肢、官方正误需模型/人工阶段核定,2026-09-24-attribution-v2
BJ-2020-BJ-GAOKAO-Q8,A,X1,B3,仅词典命中弱信号(精度约0.66-0.88)，不构成准入依据；本册是否可独立判断整个题肢、官方正误需模型/人工阶段核定,2026-09-24-attribution-v2
BJ-2020-BJ-GAOKAO-Q8,B,B2,B3,仅词典命中弱信号(精度约0.66-0.88)，不构成准入依据；本册是否可独立判断整个题肢、官方正误需模型/人工阶段核定,2026-09-24-attribution-v2
BJ-2020-BJ-GAOKAO-Q8,C,,B3,仅词典命中弱信号(精度约0.66-0.88)，不构成准入依据；本册是否可独立判断整个题肢、官方正误需模型/人工阶段核定,2026-09-24-attribution-v2
BJ-2020-BJ-GAOKAO-Q8,D,,B3,仅词典命中弱信号(精度约0.66-0.88)，不构成准入依据；本册是否可独立判断整个题肢、官方正误需模型/人工阶段核定,2026-09-24-attribution-v2
BJ-2020-BJ-GAOKAO-Q9,①,B3,B3,仅词典命中弱信号(精度约0.66-0.88)，不构成准入依据；本册是否可独立判断整个题肢、官方正误需模型/人工阶段核定,2026-09-24-attribution-v2
BJ-2020-BJ-GAOKAO-Q9,②,,B3,仅词典命中弱信号(精度约0.66-0.88)，不构成准入依据；本册是否可独立判断整个题肢、官方正误需模型/人工阶段核定,2026-09-24-attribution-v2
BJ-2020-BJ-GAOKAO-Q9,③,B3,B3,仅词典命中弱信号(精度约0.66-0.88)，不构成准入依据；本册是否可独立判断整个题肢、官方正误需模型/人工阶段核定,2026-09-24-attribution-v2
BJ-2020-BJ-GAOKAO-Q9,④,B3,B3,仅词典命中弱信号(精度约0.66-0.88)，不构成准入依据；本册是否可独立判断整个题肢、官方正误需模型/人工阶段核定,2026-09-24-attribution-v2
BJ-2020-BJ-GAOKAO-Q10,①,B3,X2,仅词典命中弱信号(精度约0.66-0.88)，不构成准入依据；本册是否可独立判断整个题肢、官方正误需模型/人工阶段核定,2026-09-24-attribution-v2
BJ-2020-BJ-GAOKAO-Q10,②,B3,X2,仅词典命中弱信号(精度约0.66-0.88)，不构成准入依据；本册是否可独立判断整个题肢、官方正误需模型/人工阶段核定,2026-09-24-attribution-v2
BJ-2020-BJ-GAOKAO-Q10,③,B3,X2,仅词典命中弱信号(精度约0.66-0.88)，不构成准入依据；本册是否可独立判断整个题肢、官方正误需模型/人工阶段核定,2026-09-24-attribution-v2
BJ-2020-BJ-GAOKAO-Q10,④,B2;B3;X1,X2,仅词典命中弱信号(精度约0.66-0.88)，不构成准入依据；本册是否可独立判断整个题肢、官方正误需模型/人工阶段核定,2026-09-24-attribution-v2
BJ-2020-BJ-GAOKAO-Q11,A,B2,X2,仅词典命中弱信号(精度约0.66-0.88)，不构成准入依据；本册是否可独立判断整个题肢、官方正误需模型/人工阶段核定,2026-09-24-attribution-v2
BJ-2020-BJ-GAOKAO-Q11,B,B2,X2,仅词典命中弱信号(精度约0.66-0.88)，不构成准入依据；本册是否可独立判断整个题肢、官方正误需模型/人工阶段核定,2026-09-24-attribution-v2
BJ-2020-BJ-GAOKAO-Q11,C,B2,X2,仅词典命中弱信号(精度约0.66-0.88)，不构成准入依据；本册是否可独立判断整个题肢、官方正误需模型/人工阶段核定,2026-09-24-attribution-v2
BJ-2020-BJ-GAOKAO-Q11,D,,X2,仅词典命中弱信号(精度约0.66-0.88)，不构成准入依据；本册是否可独立判断整个题肢、官方正误需模型/人工阶段核定,2026-09-24-attribution-v2
BJ-2020-BJ-GAOKAO-Q12,①,,B2,仅词典命中弱信号(精度约0.66-0.88)，不构成准入依据；本册是否可独立判断整个题肢、官方正误需模型/人工阶段核定,2026-09-24-attribution-v2
BJ-2020-BJ-GAOKAO-Q12,②,,B2,仅词典命中弱信号(精度约0.66-0.88)，不构成准入依据；本册是否可独立判断整个题肢、官方正误需模型/人工阶段核定,2026-09-24-attribution-v2
BJ-2020-BJ-GAOKAO-Q12,③,,B2,仅词典命中弱信号(精度约0.66-0.88)，不构成准入依据；本册是否可独立判断整个题肢、官方正误需模型/人工阶段核定,2026-09-24-attribution-v2
BJ-2020-BJ-GAOKAO-Q12,④,,B2,仅词典命中弱信号(精度约0.66-0.88)，不构成准入依据；本册是否可独立判断整个题肢、官方正误需模型/人工阶段核定,2026-09-24-attribution-v2
BJ-2020-BJ-GAOKAO-Q13,A,B2,B2,仅词典命中弱信号(精度约0.66-0.88)，不构成准入依据；本册是否可独立判断整个题肢、官方正误需模型/人工阶段核定,2026-09-24-attribution-v2
BJ-2020-BJ-GAOKAO-Q13,B,B2,B2,仅词典命中弱信号(精度约0.66-0.88)，不构成准入依据；本册是否可独立判断整个题肢、官方正误需模型/人工阶段核定,2026-09-24-attribution-v2
BJ-2020-BJ-GAOKAO-Q13,C,B2,B2,仅词典命中弱信号(精度约0.66-0.88)，不构成准入依据；本册是否可独立判断整个题肢、官方正误需模型/人工阶段核定,2026-09-24-attribution-v2
BJ-2020-BJ-GAOKAO-Q13,D,B2,B2,仅词典命中弱信号(精度约0.66-0.88)，不构成准入依据；本册是否可独立判断整个题肢、官方正误需模型/人工阶段核定,2026-09-24-attribution-v2
BJ-2020-BJ-GAOKAO-Q14,①,,X1,仅词典命中弱信号(精度约0.66-0.88)，不构成准入依据；本册是否可独立判断整个题肢、官方正误需模型/人工阶段核定,2026-09-24-attribution-v2
BJ-2020-BJ-GAOKAO-Q14,②,,X1,仅词典命中弱信号(精度约0.66-0.88)，不构成准入依据；本册是否可独立判断整个题肢、官方正误需模型/人工阶段核定,2026-09-24-attribution-v2
BJ-2020-BJ-GAOKAO-Q14,③,,X1,仅词典命中弱信号(精度约0.66-0.88)，不构成准入依据；本册是否可独立判断整个题肢、官方正误需模型/人工阶段核定,2026-09-24-attribution-v2
BJ-2020-BJ-GAOKAO-Q14,④,,X1,仅词典命中弱信号(精度约0.66-0.88)，不构成准入依据；本册是否可独立判断整个题肢、官方正误需模型/人工阶段核定,2026-09-24-attribution-v2
BJ-2020-BJ-GAOKAO-Q15,A,,X1,仅词典命中弱信号(精度约0.66-0.88)，不构成准入依据；本册是否可独立判断整个题肢、官方正误需模型/人工阶段核定,2026-09-24-attribution-v2
BJ-2020-BJ-GAOKAO-Q15,C,,X1,仅词典命中弱信号(精度约0.66-0.88)，不构成准入依据；本册是否可独立判断整个题肢、官方正误需模型/人工阶段核定,2026-09-24-attribution-v2
BJ-2023-CY-YIMO-Q1,①,B1,B3,仅词典命中弱信号(精度约0.66-0.88)，不构成准入依据；本册是否可独立判断整个题肢、官方正误需模型/人工阶段核定,2026-09-24-attribution-v2
BJ-2023-CY-YIMO-Q1,②,,B3,仅词典命中弱信号(精度约0.66-0.88)，不构成准入依据；本册是否可独立判断整个题肢、官方正误需模型/人工阶段核定,2026-09-24-attribution-v2
BJ-2023-CY-YIMO-Q1,③,,B3,仅词典命中弱信号(精度约0.66-0.88)，不构成准入依据；本册是否可独立判断整个题肢、官方正误需模型/人工阶段核定,2026-09-24-attribution-v2
BJ-2023-CY-YIMO-Q1,④,B1,B3,仅词典命中弱信号(精度约0.66-0.88)，不构成准入依据；本册是否可独立判断整个题肢、官方正误需模型/人工阶段核定,2026-09-24-attribution-v2
BJ-2023-CY-YIMO-Q2,①,,CU,仅词典命中弱信号(精度约0.66-0.88)，不构成准入依据；本册是否可独立判断整个题肢、官方正误需模型/人工阶段核定,2026-09-24-attribution-v2
BJ-2023-CY-YIMO-Q2,②,B3,CU,仅词典命中弱信号(精度约0.66-0.88)，不构成准入依据；本册是否可独立判断整个题肢、官方正误需模型/人工阶段核定,2026-09-24-attribution-v2
BJ-2023-CY-YIMO-Q2,③,B3,CU,仅词典命中弱信号(精度约0.66-0.88)，不构成准入依据；本册是否可独立判断整个题肢、官方正误需模型/人工阶段核定,2026-09-24-attribution-v2
BJ-2023-CY-YIMO-Q2,④,,CU,仅词典命中弱信号(精度约0.66-0.88)，不构成准入依据；本册是否可独立判断整个题肢、官方正误需模型/人工阶段核定,2026-09-24-attribution-v2
BJ-2023-CY-YIMO-Q3,①,RE,PH,仅词典命中弱信号(精度约0.66-0.88)，不构成准入依据；本册是否可独立判断整个题肢、官方正误需模型/人工阶段核定,2026-09-24-attribution-v2
BJ-2023-CY-YIMO-Q3,②,CU;PH,PH,仅词典命中弱信号(精度约0.66-0.88)，不构成准入依据；本册是否可独立判断整个题肢、官方正误需模型/人工阶段核定,2026-09-24-attribution-v2
BJ-2023-CY-YIMO-Q3,③,,PH,仅词典命中弱信号(精度约0.66-0.88)，不构成准入依据；本册是否可独立判断整个题肢、官方正误需模型/人工阶段核定,2026-09-24-attribution-v2
BJ-2023-CY-YIMO-Q3,④,PH,PH,仅词典命中弱信号(精度约0.66-0.88)，不构成准入依据；本册是否可独立判断整个题肢、官方正误需模型/人工阶段核定,2026-09-24-attribution-v2
BJ-2023-CY-YIMO-Q4,①,,PH,仅词典命中弱信号(精度约0.66-0.88)，不构成准入依据；本册是否可独立判断整个题肢、官方正误需模型/人工阶段核定,2026-09-24-attribution-v2
BJ-2023-CY-YIMO-Q4,②,,PH,仅词典命中弱信号(精度约0.66-0.88)，不构成准入依据；本册是否可独立判断整个题肢、官方正误需模型/人工阶段核定,2026-09-24-attribution-v2
BJ-2023-CY-YIMO-Q4,③,,PH,仅词典命中弱信号(精度约0.66-0.88)，不构成准入依据；本册是否可独立判断整个题肢、官方正误需模型/人工阶段核定,2026-09-24-attribution-v2
BJ-2023-CY-YIMO-Q4,④,,PH,仅词典命中弱信号(精度约0.66-0.88)，不构成准入依据；本册是否可独立判断整个题肢、官方正误需模型/人工阶段核定,2026-09-24-attribution-v2
BJ-2023-CY-YIMO-Q5,①,,PH,仅词典命中弱信号(精度约0.66-0.88)，不构成准入依据；本册是否可独立判断整个题肢、官方正误需模型/人工阶段核定,2026-09-24-attribution-v2
BJ-2023-CY-YIMO-Q5,②,,PH,仅词典命中弱信号(精度约0.66-0.88)，不构成准入依据；本册是否可独立判断整个题肢、官方正误需模型/人工阶段核定,2026-09-24-attribution-v2
BJ-2023-CY-YIMO-Q5,③,,PH,仅词典命中弱信号(精度约0.66-0.88)，不构成准入依据；本册是否可独立判断整个题肢、官方正误需模型/人工阶段核定,2026-09-24-attribution-v2
BJ-2023-CY-YIMO-Q5,④,,PH,仅词典命中弱信号(精度约0.66-0.88)，不构成准入依据；本册是否可独立判断整个题肢、官方正误需模型/人工阶段核定,2026-09-24-attribution-v2
BJ-2023-CY-YIMO-Q6,①,,RE,仅词典命中弱信号(精度约0.66-0.88)，不构成准入依据；本册是否可独立判断整个题肢、官方正误需模型/人工阶段核定,2026-09-24-attribution-v2
BJ-2023-CY-YIMO-Q6,②,RE,RE,仅词典命中弱信号(精度约0.66-0.88)，不构成准入依据；本册是否可独立判断整个题肢、官方正误需模型/人工阶段核定,2026-09-24-attribution-v2
BJ-2023-CY-YIMO-Q6,③,,RE,仅词典命中弱信号(精度约0.66-0.88)，不构成准入依据；本册是否可独立判断整个题肢、官方正误需模型/人工阶段核定,2026-09-24-attribution-v2
BJ-2023-CY-YIMO-Q6,④,,RE,仅词典命中弱信号(精度约0.66-0.88)，不构成准入依据；本册是否可独立判断整个题肢、官方正误需模型/人工阶段核定,2026-09-24-attribution-v2
BJ-2023-CY-YIMO-Q7,①,,B3,仅词典命中弱信号(精度约0.66-0.88)，不构成准入依据；本册是否可独立判断整个题肢、官方正误需模型/人工阶段核定,2026-09-24-attribution-v2
BJ-2023-CY-YIMO-Q7,②,PH,B3,仅词典命中弱信号(精度约0.66-0.88)，不构成准入依据；本册是否可独立判断整个题肢、官方正误需模型/人工阶段核定,2026-09-24-attribution-v2
BJ-2023-CY-YIMO-Q7,③,B1;X1,B3,仅词典命中弱信号(精度约0.66-0.88)，不构成准入依据；本册是否可独立判断整个题肢、官方正误需模型/人工阶段核定,2026-09-24-attribution-v2
BJ-2023-CY-YIMO-Q7,④,,B3,仅词典命中弱信号(精度约0.66-0.88)，不构成准入依据；本册是否可独立判断整个题肢、官方正误需模型/人工阶段核定,2026-09-24-attribution-v2
BJ-2023-CY-YIMO-Q8,A,,B3,仅词典命中弱信号(精度约0.66-0.88)，不构成准入依据；本册是否可独立判断整个题肢、官方正误需模型/人工阶段核定,2026-09-24-attribution-v2
BJ-2023-CY-YIMO-Q8,B,,B3,仅词典命中弱信号(精度约0.66-0.88)，不构成准入依据；本册是否可独立判断整个题肢、官方正误需模型/人工阶段核定,2026-09-24-attribution-v2
BJ-2023-CY-YIMO-Q8,C,,B3,仅词典命中弱信号(精度约0.66-0.88)，不构成准入依据；本册是否可独立判断整个题肢、官方正误需模型/人工阶段核定,2026-09-24-attribution-v2
BJ-2023-CY-YIMO-Q8,D,MI,B3,仅词典命中弱信号(精度约0.66-0.88)，不构成准入依据；本册是否可独立判断整个题肢、官方正误需模型/人工阶段核定,2026-09-24-attribution-v2
BJ-2023-CY-YIMO-Q9,A,RE,B3,仅词典命中弱信号(精度约0.66-0.88)，不构成准入依据；本册是否可独立判断整个题肢、官方正误需模型/人工阶段核定,2026-09-24-attribution-v2
BJ-2023-CY-YIMO-Q9,B,RE,B3,仅词典命中弱信号(精度约0.66-0.88)，不构成准入依据；本册是否可独立判断整个题肢、官方正误需模型/人工阶段核定,2026-09-24-attribution-v2
BJ-2023-CY-YIMO-Q9,C,MI,B3,仅词典命中弱信号(精度约0.66-0.88)，不构成准入依据；本册是否可独立判断整个题肢、官方正误需模型/人工阶段核定,2026-09-24-attribution-v2
BJ-2023-CY-YIMO-Q9,D,PH,B3,仅词典命中弱信号(精度约0.66-0.88)，不构成准入依据；本册是否可独立判断整个题肢、官方正误需模型/人工阶段核定,2026-09-24-attribution-v2
BJ-2023-CY-YIMO-Q10,①,B2,X2,仅词典命中弱信号(精度约0.66-0.88)，不构成准入依据；本册是否可独立判断整个题肢、官方正误需模型/人工阶段核定,2026-09-24-attribution-v2
BJ-2023-CY-YIMO-Q10,②,B2,X2,仅词典命中弱信号(精度约0.66-0.88)，不构成准入依据；本册是否可独立判断整个题肢、官方正误需模型/人工阶段核定,2026-09-24-attribution-v2
BJ-2023-CY-YIMO-Q10,③,B2,X2,仅词典命中弱信号(精度约0.66-0.88)，不构成准入依据；本册是否可独立判断整个题肢、官方正误需模型/人工阶段核定,2026-09-24-attribution-v2
BJ-2023-CY-YIMO-Q10,④,,X2,仅词典命中弱信号(精度约0.66-0.88)，不构成准入依据；本册是否可独立判断整个题肢、官方正误需模型/人工阶段核定,2026-09-24-attribution-v2
BJ-2023-CY-YIMO-Q11,①,X2,X2,仅词典命中弱信号(精度约0.66-0.88)，不构成准入依据；本册是否可独立判断整个题肢、官方正误需模型/人工阶段核定,2026-09-24-attribution-v2
BJ-2023-CY-YIMO-Q11,②,,X2,仅词典命中弱信号(精度约0.66-0.88)，不构成准入依据；本册是否可独立判断整个题肢、官方正误需模型/人工阶段核定,2026-09-24-attribution-v2
BJ-2023-CY-YIMO-Q11,③,,X2,仅词典命中弱信号(精度约0.66-0.88)，不构成准入依据；本册是否可独立判断整个题肢、官方正误需模型/人工阶段核定,2026-09-24-attribution-v2
BJ-2023-CY-YIMO-Q11,④,,X2,仅词典命中弱信号(精度约0.66-0.88)，不构成准入依据；本册是否可独立判断整个题肢、官方正误需模型/人工阶段核定,2026-09-24-attribution-v2
BJ-2023-CY-YIMO-Q12,①,B3,B2,仅词典命中弱信号(精度约0.66-0.88)，不构成准入依据；本册是否可独立判断整个题肢、官方正误需模型/人工阶段核定,2026-09-24-attribution-v2
BJ-2023-CY-YIMO-Q12,②,,B2,仅词典命中弱信号(精度约0.66-0.88)，不构成准入依据；本册是否可独立判断整个题肢、官方正误需模型/人工阶段核定,2026-09-24-attribution-v2
BJ-2023-CY-YIMO-Q12,③,B3,B2,仅词典命中弱信号(精度约0.66-0.88)，不构成准入依据；本册是否可独立判断整个题肢、官方正误需模型/人工阶段核定,2026-09-24-attribution-v2
BJ-2023-CY-YIMO-Q12,④,,B2,仅词典命中弱信号(精度约0.66-0.88)，不构成准入依据；本册是否可独立判断整个题肢、官方正误需模型/人工阶段核定,2026-09-24-attribution-v2
BJ-2023-CY-YIMO-Q13,A,,B2,仅词典命中弱信号(精度约0.66-0.88)，不构成准入依据；本册是否可独立判断整个题肢、官方正误需模型/人工阶段核定,2026-09-24-attribution-v2
BJ-2023-CY-YIMO-Q13,B,,B2,仅词典命中弱信号(精度约0.66-0.88)，不构成准入依据；本册是否可独立判断整个题肢、官方正误需模型/人工阶段核定,2026-09-24-attribution-v2
BJ-2023-CY-YIMO-Q13,C,X2,B2,仅词典命中弱信号(精度约0.66-0.88)，不构成准入依据；本册是否可独立判断整个题肢、官方正误需模型/人工阶段核定,2026-09-24-attribution-v2
BJ-2023-CY-YIMO-Q13,D,,B2,仅词典命中弱信号(精度约0.66-0.88)，不构成准入依据；本册是否可独立判断整个题肢、官方正误需模型/人工阶段核定,2026-09-24-attribution-v2
BJ-2023-CY-YIMO-Q14,①,X2,X1,仅词典命中弱信号(精度约0.66-0.88)，不构成准入依据；本册是否可独立判断整个题肢、官方正误需模型/人工阶段核定,2026-09-24-attribution-v2
BJ-2023-CY-YIMO-Q14,②,X2,X1,仅词典命中弱信号(精度约0.66-0.88)，不构成准入依据；本册是否可独立判断整个题肢、官方正误需模型/人工阶段核定,2026-09-24-attribution-v2
BJ-2023-CY-YIMO-Q14,③,X2,X1,仅词典命中弱信号(精度约0.66-0.88)，不构成准入依据；本册是否可独立判断整个题肢、官方正误需模型/人工阶段核定,2026-09-24-attribution-v2
BJ-2023-CY-YIMO-Q14,④,X2,X1,仅词典命中弱信号(精度约0.66-0.88)，不构成准入依据；本册是否可独立判断整个题肢、官方正误需模型/人工阶段核定,2026-09-24-attribution-v2
BJ-2023-CY-YIMO-Q15,A,X1,X1,仅词典命中弱信号(精度约0.66-0.88)，不构成准入依据；本册是否可独立判断整个题肢、官方正误需模型/人工阶段核定,2026-09-24-attribution-v2
BJ-2023-CY-YIMO-Q15,B,,X1,仅词典命中弱信号(精度约0.66-0.88)，不构成准入依据；本册是否可独立判断整个题肢、官方正误需模型/人工阶段核定,2026-09-24-attribution-v2
BJ-2023-CY-YIMO-Q15,C,,X1,仅词典命中弱信号(精度约0.66-0.88)，不构成准入依据；本册是否可独立判断整个题肢、官方正误需模型/人工阶段核定,2026-09-24-attribution-v2
BJ-2023-CY-YIMO-Q15,D,X1,X1,仅词典命中弱信号(精度约0.66-0.88)，不构成准入依据；本册是否可独立判断整个题肢、官方正误需模型/人工阶段核定,2026-09-24-attribution-v2
BJ-2024-CY-YIMO-Q1,①,B1;B2,B3,仅词典命中弱信号(精度约0.66-0.88)，不构成准入依据；本册是否可独立判断整个题肢、官方正误需模型/人工阶段核定,2026-09-24-attribution-v2
BJ-2024-CY-YIMO-Q1,②,B3,B3,仅词典命中弱信号(精度约0.66-0.88)，不构成准入依据；本册是否可独立判断整个题肢、官方正误需模型/人工阶段核定,2026-09-24-attribution-v2
BJ-2024-CY-YIMO-Q1,③,,B3,仅词典命中弱信号(精度约0.66-0.88)，不构成准入依据；本册是否可独立判断整个题肢、官方正误需模型/人工阶段核定,2026-09-24-attribution-v2
BJ-2024-CY-YIMO-Q1,④,B1,B3,仅词典命中弱信号(精度约0.66-0.88)，不构成准入依据；本册是否可独立判断整个题肢、官方正误需模型/人工阶段核定,2026-09-24-attribution-v2
BJ-2024-CY-YIMO-Q2,A,,CU,仅词典命中弱信号(精度约0.66-0.88)，不构成准入依据；本册是否可独立判断整个题肢、官方正误需模型/人工阶段核定,2026-09-24-attribution-v2
BJ-2024-CY-YIMO-Q2,B,CU,CU,仅词典命中弱信号(精度约0.66-0.88)，不构成准入依据；本册是否可独立判断整个题肢、官方正误需模型/人工阶段核定,2026-09-24-attribution-v2
BJ-2024-CY-YIMO-Q2,C,B2,CU,仅词典命中弱信号(精度约0.66-0.88)，不构成准入依据；本册是否可独立判断整个题肢、官方正误需模型/人工阶段核定,2026-09-24-attribution-v2
BJ-2024-CY-YIMO-Q2,D,,CU,仅词典命中弱信号(精度约0.66-0.88)，不构成准入依据；本册是否可独立判断整个题肢、官方正误需模型/人工阶段核定,2026-09-24-attribution-v2
BJ-2024-CY-YIMO-Q3,①,PH,PH,仅词典命中弱信号(精度约0.66-0.88)，不构成准入依据；本册是否可独立判断整个题肢、官方正误需模型/人工阶段核定,2026-09-24-attribution-v2
BJ-2024-CY-YIMO-Q3,②,X1,PH,仅词典命中弱信号(精度约0.66-0.88)，不构成准入依据；本册是否可独立判断整个题肢、官方正误需模型/人工阶段核定,2026-09-24-attribution-v2
BJ-2024-CY-YIMO-Q3,③,,PH,仅词典命中弱信号(精度约0.66-0.88)，不构成准入依据；本册是否可独立判断整个题肢、官方正误需模型/人工阶段核定,2026-09-24-attribution-v2
BJ-2024-CY-YIMO-Q3,④,,PH,仅词典命中弱信号(精度约0.66-0.88)，不构成准入依据；本册是否可独立判断整个题肢、官方正误需模型/人工阶段核定,2026-09-24-attribution-v2
BJ-2024-CY-YIMO-Q4,A,,PH,仅词典命中弱信号(精度约0.66-0.88)，不构成准入依据；本册是否可独立判断整个题肢、官方正误需模型/人工阶段核定,2026-09-24-attribution-v2
BJ-2024-CY-YIMO-Q4,B,MI,PH,仅词典命中弱信号(精度约0.66-0.88)，不构成准入依据；本册是否可独立判断整个题肢、官方正误需模型/人工阶段核定,2026-09-24-attribution-v2
BJ-2024-CY-YIMO-Q4,C,PH,PH,仅词典命中弱信号(精度约0.66-0.88)，不构成准入依据；本册是否可独立判断整个题肢、官方正误需模型/人工阶段核定,2026-09-24-attribution-v2
BJ-2024-CY-YIMO-Q4,D,,PH,仅词典命中弱信号(精度约0.66-0.88)，不构成准入依据；本册是否可独立判断整个题肢、官方正误需模型/人工阶段核定,2026-09-24-attribution-v2
BJ-2024-CY-YIMO-Q5,①,,PH,仅词典命中弱信号(精度约0.66-0.88)，不构成准入依据；本册是否可独立判断整个题肢、官方正误需模型/人工阶段核定,2026-09-24-attribution-v2
BJ-2024-CY-YIMO-Q5,②,,PH,仅词典命中弱信号(精度约0.66-0.88)，不构成准入依据；本册是否可独立判断整个题肢、官方正误需模型/人工阶段核定,2026-09-24-attribution-v2
BJ-2024-CY-YIMO-Q5,③,CU,PH,仅词典命中弱信号(精度约0.66-0.88)，不构成准入依据；本册是否可独立判断整个题肢、官方正误需模型/人工阶段核定,2026-09-24-attribution-v2
BJ-2024-CY-YIMO-Q5,④,,PH,仅词典命中弱信号(精度约0.66-0.88)，不构成准入依据；本册是否可独立判断整个题肢、官方正误需模型/人工阶段核定,2026-09-24-attribution-v2
BJ-2024-CY-YIMO-Q6,A,X2,RE,仅词典命中弱信号(精度约0.66-0.88)，不构成准入依据；本册是否可独立判断整个题肢、官方正误需模型/人工阶段核定,2026-09-24-attribution-v2
BJ-2024-CY-YIMO-Q6,B,,RE,仅词典命中弱信号(精度约0.66-0.88)，不构成准入依据；本册是否可独立判断整个题肢、官方正误需模型/人工阶段核定,2026-09-24-attribution-v2
BJ-2024-CY-YIMO-Q6,C,,RE,仅词典命中弱信号(精度约0.66-0.88)，不构成准入依据；本册是否可独立判断整个题肢、官方正误需模型/人工阶段核定,2026-09-24-attribution-v2
BJ-2024-CY-YIMO-Q6,D,,RE,仅词典命中弱信号(精度约0.66-0.88)，不构成准入依据；本册是否可独立判断整个题肢、官方正误需模型/人工阶段核定,2026-09-24-attribution-v2
BJ-2024-CY-YIMO-Q7,①,MI,B3,仅词典命中弱信号(精度约0.66-0.88)，不构成准入依据；本册是否可独立判断整个题肢、官方正误需模型/人工阶段核定,2026-09-24-attribution-v2
BJ-2024-CY-YIMO-Q7,②,MI,B3,仅词典命中弱信号(精度约0.66-0.88)，不构成准入依据；本册是否可独立判断整个题肢、官方正误需模型/人工阶段核定,2026-09-24-attribution-v2
BJ-2024-CY-YIMO-Q7,③,,B3,仅词典命中弱信号(精度约0.66-0.88)，不构成准入依据；本册是否可独立判断整个题肢、官方正误需模型/人工阶段核定,2026-09-24-attribution-v2
BJ-2024-CY-YIMO-Q7,④,MI,B3,仅词典命中弱信号(精度约0.66-0.88)，不构成准入依据；本册是否可独立判断整个题肢、官方正误需模型/人工阶段核定,2026-09-24-attribution-v2
BJ-2024-CY-YIMO-Q8,①,B3,B3,仅词典命中弱信号(精度约0.66-0.88)，不构成准入依据；本册是否可独立判断整个题肢、官方正误需模型/人工阶段核定,2026-09-24-attribution-v2
BJ-2024-CY-YIMO-Q8,②,,B3,仅词典命中弱信号(精度约0.66-0.88)，不构成准入依据；本册是否可独立判断整个题肢、官方正误需模型/人工阶段核定,2026-09-24-attribution-v2
BJ-2024-CY-YIMO-Q8,③,,B3,仅词典命中弱信号(精度约0.66-0.88)，不构成准入依据；本册是否可独立判断整个题肢、官方正误需模型/人工阶段核定,2026-09-24-attribution-v2
BJ-2024-CY-YIMO-Q8,④,B3,B3,仅词典命中弱信号(精度约0.66-0.88)，不构成准入依据；本册是否可独立判断整个题肢、官方正误需模型/人工阶段核定,2026-09-24-attribution-v2
BJ-2024-CY-YIMO-Q9,①,,B3,仅词典命中弱信号(精度约0.66-0.88)，不构成准入依据；本册是否可独立判断整个题肢、官方正误需模型/人工阶段核定,2026-09-24-attribution-v2
BJ-2024-CY-YIMO-Q9,②,,B3,仅词典命中弱信号(精度约0.66-0.88)，不构成准入依据；本册是否可独立判断整个题肢、官方正误需模型/人工阶段核定,2026-09-24-attribution-v2
BJ-2024-CY-YIMO-Q9,③,MI;PH,B3,仅词典命中弱信号(精度约0.66-0.88)，不构成准入依据；本册是否可独立判断整个题肢、官方正误需模型/人工阶段核定,2026-09-24-attribution-v2
BJ-2024-CY-YIMO-Q9,④,,B3,仅词典命中弱信号(精度约0.66-0.88)，不构成准入依据；本册是否可独立判断整个题肢、官方正误需模型/人工阶段核定,2026-09-24-attribution-v2
BJ-2024-CY-YIMO-Q10,①,X2,X2,仅词典命中弱信号(精度约0.66-0.88)，不构成准入依据；本册是否可独立判断整个题肢、官方正误需模型/人工阶段核定,2026-09-24-attribution-v2
BJ-2024-CY-YIMO-Q10,②,X2,X2,仅词典命中弱信号(精度约0.66-0.88)，不构成准入依据；本册是否可独立判断整个题肢、官方正误需模型/人工阶段核定,2026-09-24-attribution-v2
BJ-2024-CY-YIMO-Q10,③,X2,X2,仅词典命中弱信号(精度约0.66-0.88)，不构成准入依据；本册是否可独立判断整个题肢、官方正误需模型/人工阶段核定,2026-09-24-attribution-v2
BJ-2024-CY-YIMO-Q10,④,X2,X2,仅词典命中弱信号(精度约0.66-0.88)，不构成准入依据；本册是否可独立判断整个题肢、官方正误需模型/人工阶段核定,2026-09-24-attribution-v2
BJ-2024-CY-YIMO-Q11,①,,X2,仅词典命中弱信号(精度约0.66-0.88)，不构成准入依据；本册是否可独立判断整个题肢、官方正误需模型/人工阶段核定,2026-09-24-attribution-v2
BJ-2024-CY-YIMO-Q11,②,,X2,仅词典命中弱信号(精度约0.66-0.88)，不构成准入依据；本册是否可独立判断整个题肢、官方正误需模型/人工阶段核定,2026-09-24-attribution-v2
BJ-2024-CY-YIMO-Q11,③,,X2,仅词典命中弱信号(精度约0.66-0.88)，不构成准入依据；本册是否可独立判断整个题肢、官方正误需模型/人工阶段核定,2026-09-24-attribution-v2
BJ-2024-CY-YIMO-Q11,④,,X2,仅词典命中弱信号(精度约0.66-0.88)，不构成准入依据；本册是否可独立判断整个题肢、官方正误需模型/人工阶段核定,2026-09-24-attribution-v2
BJ-2024-CY-YIMO-Q12,A,X2,B2,仅词典命中弱信号(精度约0.66-0.88)，不构成准入依据；本册是否可独立判断整个题肢、官方正误需模型/人工阶段核定,2026-09-24-attribution-v2
BJ-2024-CY-YIMO-Q12,B,,B2,仅词典命中弱信号(精度约0.66-0.88)，不构成准入依据；本册是否可独立判断整个题肢、官方正误需模型/人工阶段核定,2026-09-24-attribution-v2
BJ-2024-CY-YIMO-Q12,C,,B2,仅词典命中弱信号(精度约0.66-0.88)，不构成准入依据；本册是否可独立判断整个题肢、官方正误需模型/人工阶段核定,2026-09-24-attribution-v2
BJ-2024-CY-YIMO-Q12,D,X2,B2,仅词典命中弱信号(精度约0.66-0.88)，不构成准入依据；本册是否可独立判断整个题肢、官方正误需模型/人工阶段核定,2026-09-24-attribution-v2
BJ-2024-CY-YIMO-Q13,A,B2,B2,仅词典命中弱信号(精度约0.66-0.88)，不构成准入依据；本册是否可独立判断整个题肢、官方正误需模型/人工阶段核定,2026-09-24-attribution-v2
BJ-2024-CY-YIMO-Q13,B,B2,B2,仅词典命中弱信号(精度约0.66-0.88)，不构成准入依据；本册是否可独立判断整个题肢、官方正误需模型/人工阶段核定,2026-09-24-attribution-v2
BJ-2024-CY-YIMO-Q13,C,,B2,仅词典命中弱信号(精度约0.66-0.88)，不构成准入依据；本册是否可独立判断整个题肢、官方正误需模型/人工阶段核定,2026-09-24-attribution-v2
BJ-2024-CY-YIMO-Q13,D,B2,B2,仅词典命中弱信号(精度约0.66-0.88)，不构成准入依据；本册是否可独立判断整个题肢、官方正误需模型/人工阶段核定,2026-09-24-attribution-v2
BJ-2024-CY-YIMO-Q14,①,B2,X1,仅词典命中弱信号(精度约0.66-0.88)，不构成准入依据；本册是否可独立判断整个题肢、官方正误需模型/人工阶段核定,2026-09-24-attribution-v2
BJ-2024-CY-YIMO-Q14,②,,X1,仅词典命中弱信号(精度约0.66-0.88)，不构成准入依据；本册是否可独立判断整个题肢、官方正误需模型/人工阶段核定,2026-09-24-attribution-v2
BJ-2024-CY-YIMO-Q14,③,X1,X1,仅词典命中弱信号(精度约0.66-0.88)，不构成准入依据；本册是否可独立判断整个题肢、官方正误需模型/人工阶段核定,2026-09-24-attribution-v2
BJ-2024-CY-YIMO-Q14,④,,X1,仅词典命中弱信号(精度约0.66-0.88)，不构成准入依据；本册是否可独立判断整个题肢、官方正误需模型/人工阶段核定,2026-09-24-attribution-v2
BJ-2024-CY-YIMO-Q15,①,,X1,仅词典命中弱信号(精度约0.66-0.88)，不构成准入依据；本册是否可独立判断整个题肢、官方正误需模型/人工阶段核定,2026-09-24-attribution-v2
BJ-2024-CY-YIMO-Q15,②,X1,X1,仅词典命中弱信号(精度约0.66-0.88)，不构成准入依据；本册是否可独立判断整个题肢、官方正误需模型/人工阶段核定,2026-09-24-attribution-v2
BJ-2024-CY-YIMO-Q15,③,,X1,仅词典命中弱信号(精度约0.66-0.88)，不构成准入依据；本册是否可独立判断整个题肢、官方正误需模型/人工阶段核定,2026-09-24-attribution-v2
BJ-2024-CY-YIMO-Q15,④,X1,X1,仅词典命中弱信号(精度约0.66-0.88)，不构成准入依据；本册是否可独立判断整个题肢、官方正误需模型/人工阶段核定,2026-09-24-attribution-v2
BJ-2023-DC-ERMO-Q1,①,B1;B3,B3,仅词典命中弱信号(精度约0.66-0.88)，不构成准入依据；本册是否可独立判断整个题肢、官方正误需模型/人工阶段核定,2026-09-24-attribution-v2
BJ-2023-DC-ERMO-Q1,②,,B3,仅词典命中弱信号(精度约0.66-0.88)，不构成准入依据；本册是否可独立判断整个题肢、官方正误需模型/人工阶段核定,2026-09-24-attribution-v2
BJ-2023-DC-ERMO-Q1,③,,B3,仅词典命中弱信号(精度约0.66-0.88)，不构成准入依据；本册是否可独立判断整个题肢、官方正误需模型/人工阶段核定,2026-09-24-attribution-v2
BJ-2023-DC-ERMO-Q1,④,,B3,仅词典命中弱信号(精度约0.66-0.88)，不构成准入依据；本册是否可独立判断整个题肢、官方正误需模型/人工阶段核定,2026-09-24-attribution-v2
BJ-2023-DC-ERMO-Q2,①,,CU,仅词典命中弱信号(精度约0.66-0.88)，不构成准入依据；本册是否可独立判断整个题肢、官方正误需模型/人工阶段核定,2026-09-24-attribution-v2
BJ-2023-DC-ERMO-Q2,②,,CU,仅词典命中弱信号(精度约0.66-0.88)，不构成准入依据；本册是否可独立判断整个题肢、官方正误需模型/人工阶段核定,2026-09-24-attribution-v2
BJ-2023-DC-ERMO-Q2,③,,CU,仅词典命中弱信号(精度约0.66-0.88)，不构成准入依据；本册是否可独立判断整个题肢、官方正误需模型/人工阶段核定,2026-09-24-attribution-v2
BJ-2023-DC-ERMO-Q2,④,,CU,仅词典命中弱信号(精度约0.66-0.88)，不构成准入依据；本册是否可独立判断整个题肢、官方正误需模型/人工阶段核定,2026-09-24-attribution-v2
BJ-2023-DC-ERMO-Q2,⑤,,CU,仅词典命中弱信号(精度约0.66-0.88)，不构成准入依据；本册是否可独立判断整个题肢、官方正误需模型/人工阶段核定,2026-09-24-attribution-v2
BJ-2023-DC-ERMO-Q3,①,B3,PH,仅词典命中弱信号(精度约0.66-0.88)，不构成准入依据；本册是否可独立判断整个题肢、官方正误需模型/人工阶段核定,2026-09-24-attribution-v2
BJ-2023-DC-ERMO-Q3,②,,PH,仅词典命中弱信号(精度约0.66-0.88)，不构成准入依据；本册是否可独立判断整个题肢、官方正误需模型/人工阶段核定,2026-09-24-attribution-v2
BJ-2023-DC-ERMO-Q3,③,B3,PH,仅词典命中弱信号(精度约0.66-0.88)，不构成准入依据；本册是否可独立判断整个题肢、官方正误需模型/人工阶段核定,2026-09-24-attribution-v2
BJ-2023-DC-ERMO-Q3,④,X1,PH,仅词典命中弱信号(精度约0.66-0.88)，不构成准入依据；本册是否可独立判断整个题肢、官方正误需模型/人工阶段核定,2026-09-24-attribution-v2
BJ-2023-DC-ERMO-Q4,①,,PH,仅词典命中弱信号(精度约0.66-0.88)，不构成准入依据；本册是否可独立判断整个题肢、官方正误需模型/人工阶段核定,2026-09-24-attribution-v2
BJ-2023-DC-ERMO-Q4,②,,PH,仅词典命中弱信号(精度约0.66-0.88)，不构成准入依据；本册是否可独立判断整个题肢、官方正误需模型/人工阶段核定,2026-09-24-attribution-v2
BJ-2023-DC-ERMO-Q4,③,,PH,仅词典命中弱信号(精度约0.66-0.88)，不构成准入依据；本册是否可独立判断整个题肢、官方正误需模型/人工阶段核定,2026-09-24-attribution-v2
BJ-2023-DC-ERMO-Q4,④,,PH,仅词典命中弱信号(精度约0.66-0.88)，不构成准入依据；本册是否可独立判断整个题肢、官方正误需模型/人工阶段核定,2026-09-24-attribution-v2
BJ-2023-DC-ERMO-Q5,①,,PH,仅词典命中弱信号(精度约0.66-0.88)，不构成准入依据；本册是否可独立判断整个题肢、官方正误需模型/人工阶段核定,2026-09-24-attribution-v2
BJ-2023-DC-ERMO-Q5,②,,PH,仅词典命中弱信号(精度约0.66-0.88)，不构成准入依据；本册是否可独立判断整个题肢、官方正误需模型/人工阶段核定,2026-09-24-attribution-v2
BJ-2023-DC-ERMO-Q5,③,MI,PH,仅词典命中弱信号(精度约0.66-0.88)，不构成准入依据；本册是否可独立判断整个题肢、官方正误需模型/人工阶段核定,2026-09-24-attribution-v2
BJ-2023-DC-ERMO-Q5,④,,PH,仅词典命中弱信号(精度约0.66-0.88)，不构成准入依据；本册是否可独立判断整个题肢、官方正误需模型/人工阶段核定,2026-09-24-attribution-v2
BJ-2023-DC-ERMO-Q6,①,B2,RE,仅词典命中弱信号(精度约0.66-0.88)，不构成准入依据；本册是否可独立判断整个题肢、官方正误需模型/人工阶段核定,2026-09-24-attribution-v2
BJ-2023-DC-ERMO-Q6,②,B2,RE,仅词典命中弱信号(精度约0.66-0.88)，不构成准入依据；本册是否可独立判断整个题肢、官方正误需模型/人工阶段核定,2026-09-24-attribution-v2
BJ-2023-DC-ERMO-Q6,③,,RE,仅词典命中弱信号(精度约0.66-0.88)，不构成准入依据；本册是否可独立判断整个题肢、官方正误需模型/人工阶段核定,2026-09-24-attribution-v2
BJ-2023-DC-ERMO-Q6,④,B2,RE,仅词典命中弱信号(精度约0.66-0.88)，不构成准入依据；本册是否可独立判断整个题肢、官方正误需模型/人工阶段核定,2026-09-24-attribution-v2
BJ-2023-DC-ERMO-Q7,①,,B3,仅词典命中弱信号(精度约0.66-0.88)，不构成准入依据；本册是否可独立判断整个题肢、官方正误需模型/人工阶段核定,2026-09-24-attribution-v2
BJ-2023-DC-ERMO-Q7,②,B2,B3,仅词典命中弱信号(精度约0.66-0.88)，不构成准入依据；本册是否可独立判断整个题肢、官方正误需模型/人工阶段核定,2026-09-24-attribution-v2
BJ-2023-DC-ERMO-Q7,③,,B3,仅词典命中弱信号(精度约0.66-0.88)，不构成准入依据；本册是否可独立判断整个题肢、官方正误需模型/人工阶段核定,2026-09-24-attribution-v2
BJ-2023-DC-ERMO-Q7,④,,B3,仅词典命中弱信号(精度约0.66-0.88)，不构成准入依据；本册是否可独立判断整个题肢、官方正误需模型/人工阶段核定,2026-09-24-attribution-v2
BJ-2023-DC-ERMO-Q8,A,,B3,仅词典命中弱信号(精度约0.66-0.88)，不构成准入依据；本册是否可独立判断整个题肢、官方正误需模型/人工阶段核定,2026-09-24-attribution-v2
BJ-2023-DC-ERMO-Q8,B,,B3,仅词典命中弱信号(精度约0.66-0.88)，不构成准入依据；本册是否可独立判断整个题肢、官方正误需模型/人工阶段核定,2026-09-24-attribution-v2
BJ-2023-DC-ERMO-Q8,C,B3,B3,仅词典命中弱信号(精度约0.66-0.88)，不构成准入依据；本册是否可独立判断整个题肢、官方正误需模型/人工阶段核定,2026-09-24-attribution-v2
BJ-2023-DC-ERMO-Q8,D,B3,B3,仅词典命中弱信号(精度约0.66-0.88)，不构成准入依据；本册是否可独立判断整个题肢、官方正误需模型/人工阶段核定,2026-09-24-attribution-v2
BJ-2023-DC-ERMO-Q9,A,,B3,仅词典命中弱信号(精度约0.66-0.88)，不构成准入依据；本册是否可独立判断整个题肢、官方正误需模型/人工阶段核定,2026-09-24-attribution-v2
BJ-2023-DC-ERMO-Q9,B,,B3,仅词典命中弱信号(精度约0.66-0.88)，不构成准入依据；本册是否可独立判断整个题肢、官方正误需模型/人工阶段核定,2026-09-24-attribution-v2
BJ-2023-DC-ERMO-Q9,C,,B3,仅词典命中弱信号(精度约0.66-0.88)，不构成准入依据；本册是否可独立判断整个题肢、官方正误需模型/人工阶段核定,2026-09-24-attribution-v2
BJ-2023-DC-ERMO-Q9,D,,B3,仅词典命中弱信号(精度约0.66-0.88)，不构成准入依据；本册是否可独立判断整个题肢、官方正误需模型/人工阶段核定,2026-09-24-attribution-v2
BJ-2023-DC-ERMO-Q10,A,,X2,仅词典命中弱信号(精度约0.66-0.88)，不构成准入依据；本册是否可独立判断整个题肢、官方正误需模型/人工阶段核定,2026-09-24-attribution-v2
BJ-2023-DC-ERMO-Q10,B,X2,X2,仅词典命中弱信号(精度约0.66-0.88)，不构成准入依据；本册是否可独立判断整个题肢、官方正误需模型/人工阶段核定,2026-09-24-attribution-v2
BJ-2023-DC-ERMO-Q10,C,B3;X1,X2,仅词典命中弱信号(精度约0.66-0.88)，不构成准入依据；本册是否可独立判断整个题肢、官方正误需模型/人工阶段核定,2026-09-24-attribution-v2
BJ-2023-DC-ERMO-Q10,D,,X2,仅词典命中弱信号(精度约0.66-0.88)，不构成准入依据；本册是否可独立判断整个题肢、官方正误需模型/人工阶段核定,2026-09-24-attribution-v2
BJ-2023-DC-ERMO-Q11,A,,X2,仅词典命中弱信号(精度约0.66-0.88)，不构成准入依据；本册是否可独立判断整个题肢、官方正误需模型/人工阶段核定,2026-09-24-attribution-v2
BJ-2023-DC-ERMO-Q11,B,B2;X1,X2,仅词典命中弱信号(精度约0.66-0.88)，不构成准入依据；本册是否可独立判断整个题肢、官方正误需模型/人工阶段核定,2026-09-24-attribution-v2
BJ-2023-DC-ERMO-Q11,C,,X2,仅词典命中弱信号(精度约0.66-0.88)，不构成准入依据；本册是否可独立判断整个题肢、官方正误需模型/人工阶段核定,2026-09-24-attribution-v2
BJ-2023-DC-ERMO-Q11,D,X2,X2,仅词典命中弱信号(精度约0.66-0.88)，不构成准入依据；本册是否可独立判断整个题肢、官方正误需模型/人工阶段核定,2026-09-24-attribution-v2
BJ-2023-DC-ERMO-Q12,A,X2,B2,仅词典命中弱信号(精度约0.66-0.88)，不构成准入依据；本册是否可独立判断整个题肢、官方正误需模型/人工阶段核定,2026-09-24-attribution-v2
BJ-2023-DC-ERMO-Q12,B,X2,B2,仅词典命中弱信号(精度约0.66-0.88)，不构成准入依据；本册是否可独立判断整个题肢、官方正误需模型/人工阶段核定,2026-09-24-attribution-v2
BJ-2023-DC-ERMO-Q12,C,X2,B2,仅词典命中弱信号(精度约0.66-0.88)，不构成准入依据；本册是否可独立判断整个题肢、官方正误需模型/人工阶段核定,2026-09-24-attribution-v2
BJ-2023-DC-ERMO-Q12,D,X2,B2,仅词典命中弱信号(精度约0.66-0.88)，不构成准入依据；本册是否可独立判断整个题肢、官方正误需模型/人工阶段核定,2026-09-24-attribution-v2
BJ-2023-DC-ERMO-Q13,①,X1,B2,仅词典命中弱信号(精度约0.66-0.88)，不构成准入依据；本册是否可独立判断整个题肢、官方正误需模型/人工阶段核定,2026-09-24-attribution-v2
BJ-2023-DC-ERMO-Q13,②,,B2,仅词典命中弱信号(精度约0.66-0.88)，不构成准入依据；本册是否可独立判断整个题肢、官方正误需模型/人工阶段核定,2026-09-24-attribution-v2
BJ-2023-DC-ERMO-Q13,③,X2,B2,仅词典命中弱信号(精度约0.66-0.88)，不构成准入依据；本册是否可独立判断整个题肢、官方正误需模型/人工阶段核定,2026-09-24-attribution-v2
BJ-2023-DC-ERMO-Q13,④,,B2,仅词典命中弱信号(精度约0.66-0.88)，不构成准入依据；本册是否可独立判断整个题肢、官方正误需模型/人工阶段核定,2026-09-24-attribution-v2
BJ-2023-DC-ERMO-Q14,①,,X1,仅词典命中弱信号(精度约0.66-0.88)，不构成准入依据；本册是否可独立判断整个题肢、官方正误需模型/人工阶段核定,2026-09-24-attribution-v2
BJ-2023-DC-ERMO-Q14,②,PH,X1,仅词典命中弱信号(精度约0.66-0.88)，不构成准入依据；本册是否可独立判断整个题肢、官方正误需模型/人工阶段核定,2026-09-24-attribution-v2
BJ-2023-DC-ERMO-Q14,③,MI,X1,仅词典命中弱信号(精度约0.66-0.88)，不构成准入依据；本册是否可独立判断整个题肢、官方正误需模型/人工阶段核定,2026-09-24-attribution-v2
BJ-2023-DC-ERMO-Q14,④,B2;B3,X1,仅词典命中弱信号(精度约0.66-0.88)，不构成准入依据；本册是否可独立判断整个题肢、官方正误需模型/人工阶段核定,2026-09-24-attribution-v2
BJ-2023-DC-ERMO-Q15,A,,X1,仅词典命中弱信号(精度约0.66-0.88)，不构成准入依据；本册是否可独立判断整个题肢、官方正误需模型/人工阶段核定,2026-09-24-attribution-v2
BJ-2023-DC-ERMO-Q15,B,RE,X1,仅词典命中弱信号(精度约0.66-0.88)，不构成准入依据；本册是否可独立判断整个题肢、官方正误需模型/人工阶段核定,2026-09-24-attribution-v2
BJ-2023-DC-ERMO-Q15,C,MI,X1,仅词典命中弱信号(精度约0.66-0.88)，不构成准入依据；本册是否可独立判断整个题肢、官方正误需模型/人工阶段核定,2026-09-24-attribution-v2
BJ-2023-DC-ERMO-Q15,D,RE,X1,仅词典命中弱信号(精度约0.66-0.88)，不构成准入依据；本册是否可独立判断整个题肢、官方正误需模型/人工阶段核定,2026-09-24-attribution-v2
BJ-2023-BJ-GAOKAO-Q1,①,,B3,仅词典命中弱信号(精度约0.66-0.88)，不构成准入依据；本册是否可独立判断整个题肢、官方正误需模型/人工阶段核定,2026-09-24-attribution-v2
BJ-2023-BJ-GAOKAO-Q1,②,,B3,仅词典命中弱信号(精度约0.66-0.88)，不构成准入依据；本册是否可独立判断整个题肢、官方正误需模型/人工阶段核定,2026-09-24-attribution-v2
BJ-2023-BJ-GAOKAO-Q1,③,PH,B3,仅词典命中弱信号(精度约0.66-0.88)，不构成准入依据；本册是否可独立判断整个题肢、官方正误需模型/人工阶段核定,2026-09-24-attribution-v2
BJ-2023-BJ-GAOKAO-Q1,④,,B3,仅词典命中弱信号(精度约0.66-0.88)，不构成准入依据；本册是否可独立判断整个题肢、官方正误需模型/人工阶段核定,2026-09-24-attribution-v2
BJ-2023-BJ-GAOKAO-Q2,①,,CU,仅词典命中弱信号(精度约0.66-0.88)，不构成准入依据；本册是否可独立判断整个题肢、官方正误需模型/人工阶段核定,2026-09-24-attribution-v2
BJ-2023-BJ-GAOKAO-Q2,②,B2,CU,仅词典命中弱信号(精度约0.66-0.88)，不构成准入依据；本册是否可独立判断整个题肢、官方正误需模型/人工阶段核定,2026-09-24-attribution-v2
BJ-2023-BJ-GAOKAO-Q2,③,B2,CU,仅词典命中弱信号(精度约0.66-0.88)，不构成准入依据；本册是否可独立判断整个题肢、官方正误需模型/人工阶段核定,2026-09-24-attribution-v2
BJ-2023-BJ-GAOKAO-Q2,④,,CU,仅词典命中弱信号(精度约0.66-0.88)，不构成准入依据；本册是否可独立判断整个题肢、官方正误需模型/人工阶段核定,2026-09-24-attribution-v2
BJ-2023-BJ-GAOKAO-Q3,A,MI;PH,PH,仅词典命中弱信号(精度约0.66-0.88)，不构成准入依据；本册是否可独立判断整个题肢、官方正误需模型/人工阶段核定,2026-09-24-attribution-v2
BJ-2023-BJ-GAOKAO-Q3,B,PH,PH,仅词典命中弱信号(精度约0.66-0.88)，不构成准入依据；本册是否可独立判断整个题肢、官方正误需模型/人工阶段核定,2026-09-24-attribution-v2
BJ-2023-BJ-GAOKAO-Q3,C,,PH,仅词典命中弱信号(精度约0.66-0.88)，不构成准入依据；本册是否可独立判断整个题肢、官方正误需模型/人工阶段核定,2026-09-24-attribution-v2
BJ-2023-BJ-GAOKAO-Q3,D,B2,PH,仅词典命中弱信号(精度约0.66-0.88)，不构成准入依据；本册是否可独立判断整个题肢、官方正误需模型/人工阶段核定,2026-09-24-attribution-v2
BJ-2023-BJ-GAOKAO-Q4,①,,PH,仅词典命中弱信号(精度约0.66-0.88)，不构成准入依据；本册是否可独立判断整个题肢、官方正误需模型/人工阶段核定,2026-09-24-attribution-v2
BJ-2023-BJ-GAOKAO-Q4,②,CU,PH,仅词典命中弱信号(精度约0.66-0.88)，不构成准入依据；本册是否可独立判断整个题肢、官方正误需模型/人工阶段核定,2026-09-24-attribution-v2
BJ-2023-BJ-GAOKAO-Q4,③,,PH,仅词典命中弱信号(精度约0.66-0.88)，不构成准入依据；本册是否可独立判断整个题肢、官方正误需模型/人工阶段核定,2026-09-24-attribution-v2
BJ-2023-BJ-GAOKAO-Q4,④,,PH,仅词典命中弱信号(精度约0.66-0.88)，不构成准入依据；本册是否可独立判断整个题肢、官方正误需模型/人工阶段核定,2026-09-24-attribution-v2
BJ-2023-BJ-GAOKAO-Q5,A,,PH,仅词典命中弱信号(精度约0.66-0.88)，不构成准入依据；本册是否可独立判断整个题肢、官方正误需模型/人工阶段核定,2026-09-24-attribution-v2
BJ-2023-BJ-GAOKAO-Q5,B,,PH,仅词典命中弱信号(精度约0.66-0.88)，不构成准入依据；本册是否可独立判断整个题肢、官方正误需模型/人工阶段核定,2026-09-24-attribution-v2
BJ-2023-BJ-GAOKAO-Q5,C,,PH,仅词典命中弱信号(精度约0.66-0.88)，不构成准入依据；本册是否可独立判断整个题肢、官方正误需模型/人工阶段核定,2026-09-24-attribution-v2
BJ-2023-BJ-GAOKAO-Q5,D,PH,PH,仅词典命中弱信号(精度约0.66-0.88)，不构成准入依据；本册是否可独立判断整个题肢、官方正误需模型/人工阶段核定,2026-09-24-attribution-v2
BJ-2023-BJ-GAOKAO-Q6,A,MI,RE,仅词典命中弱信号(精度约0.66-0.88)，不构成准入依据；本册是否可独立判断整个题肢、官方正误需模型/人工阶段核定,2026-09-24-attribution-v2
BJ-2023-BJ-GAOKAO-Q6,B,MI,RE,仅词典命中弱信号(精度约0.66-0.88)，不构成准入依据；本册是否可独立判断整个题肢、官方正误需模型/人工阶段核定,2026-09-24-attribution-v2
BJ-2023-BJ-GAOKAO-Q6,C,MI,RE,仅词典命中弱信号(精度约0.66-0.88)，不构成准入依据；本册是否可独立判断整个题肢、官方正误需模型/人工阶段核定,2026-09-24-attribution-v2
BJ-2023-BJ-GAOKAO-Q6,D,MI,RE,仅词典命中弱信号(精度约0.66-0.88)，不构成准入依据；本册是否可独立判断整个题肢、官方正误需模型/人工阶段核定,2026-09-24-attribution-v2
BJ-2023-BJ-GAOKAO-Q8,①,B3,B3,仅词典命中弱信号(精度约0.66-0.88)，不构成准入依据；本册是否可独立判断整个题肢、官方正误需模型/人工阶段核定,2026-09-24-attribution-v2
BJ-2023-BJ-GAOKAO-Q8,②,B3,B3,仅词典命中弱信号(精度约0.66-0.88)，不构成准入依据；本册是否可独立判断整个题肢、官方正误需模型/人工阶段核定,2026-09-24-attribution-v2
BJ-2023-BJ-GAOKAO-Q8,③,B3,B3,仅词典命中弱信号(精度约0.66-0.88)，不构成准入依据；本册是否可独立判断整个题肢、官方正误需模型/人工阶段核定,2026-09-24-attribution-v2
BJ-2023-BJ-GAOKAO-Q8,④,,B3,仅词典命中弱信号(精度约0.66-0.88)，不构成准入依据；本册是否可独立判断整个题肢、官方正误需模型/人工阶段核定,2026-09-24-attribution-v2
BJ-2023-BJ-GAOKAO-Q9,①,X2,B3,仅词典命中弱信号(精度约0.66-0.88)，不构成准入依据；本册是否可独立判断整个题肢、官方正误需模型/人工阶段核定,2026-09-24-attribution-v2
BJ-2023-BJ-GAOKAO-Q9,②,,B3,仅词典命中弱信号(精度约0.66-0.88)，不构成准入依据；本册是否可独立判断整个题肢、官方正误需模型/人工阶段核定,2026-09-24-attribution-v2
BJ-2023-BJ-GAOKAO-Q9,③,,B3,仅词典命中弱信号(精度约0.66-0.88)，不构成准入依据；本册是否可独立判断整个题肢、官方正误需模型/人工阶段核定,2026-09-24-attribution-v2
BJ-2023-BJ-GAOKAO-Q9,④,B3,B3,仅词典命中弱信号(精度约0.66-0.88)，不构成准入依据；本册是否可独立判断整个题肢、官方正误需模型/人工阶段核定,2026-09-24-attribution-v2
BJ-2023-BJ-GAOKAO-Q10,A,X2,X2,仅词典命中弱信号(精度约0.66-0.88)，不构成准入依据；本册是否可独立判断整个题肢、官方正误需模型/人工阶段核定,2026-09-24-attribution-v2
BJ-2023-BJ-GAOKAO-Q10,B,X2,X2,仅词典命中弱信号(精度约0.66-0.88)，不构成准入依据；本册是否可独立判断整个题肢、官方正误需模型/人工阶段核定,2026-09-24-attribution-v2
BJ-2023-BJ-GAOKAO-Q10,C,X2,X2,仅词典命中弱信号(精度约0.66-0.88)，不构成准入依据；本册是否可独立判断整个题肢、官方正误需模型/人工阶段核定,2026-09-24-attribution-v2
BJ-2023-BJ-GAOKAO-Q10,D,X2,X2,仅词典命中弱信号(精度约0.66-0.88)，不构成准入依据；本册是否可独立判断整个题肢、官方正误需模型/人工阶段核定,2026-09-24-attribution-v2
BJ-2023-BJ-GAOKAO-Q11,A,X2,X2,仅词典命中弱信号(精度约0.66-0.88)，不构成准入依据；本册是否可独立判断整个题肢、官方正误需模型/人工阶段核定,2026-09-24-attribution-v2
BJ-2023-BJ-GAOKAO-Q11,B,X2,X2,仅词典命中弱信号(精度约0.66-0.88)，不构成准入依据；本册是否可独立判断整个题肢、官方正误需模型/人工阶段核定,2026-09-24-attribution-v2
BJ-2023-BJ-GAOKAO-Q11,C,X2,X2,仅词典命中弱信号(精度约0.66-0.88)，不构成准入依据；本册是否可独立判断整个题肢、官方正误需模型/人工阶段核定,2026-09-24-attribution-v2
BJ-2023-BJ-GAOKAO-Q11,D,X2,X2,仅词典命中弱信号(精度约0.66-0.88)，不构成准入依据；本册是否可独立判断整个题肢、官方正误需模型/人工阶段核定,2026-09-24-attribution-v2
BJ-2023-BJ-GAOKAO-Q12,A,X2,B2,仅词典命中弱信号(精度约0.66-0.88)，不构成准入依据；本册是否可独立判断整个题肢、官方正误需模型/人工阶段核定,2026-09-24-attribution-v2
BJ-2023-BJ-GAOKAO-Q12,B,,B2,仅词典命中弱信号(精度约0.66-0.88)，不构成准入依据；本册是否可独立判断整个题肢、官方正误需模型/人工阶段核定,2026-09-24-attribution-v2
BJ-2023-BJ-GAOKAO-Q12,C,B2,B2,仅词典命中弱信号(精度约0.66-0.88)，不构成准入依据；本册是否可独立判断整个题肢、官方正误需模型/人工阶段核定,2026-09-24-attribution-v2
BJ-2023-BJ-GAOKAO-Q12,D,,B2,仅词典命中弱信号(精度约0.66-0.88)，不构成准入依据；本册是否可独立判断整个题肢、官方正误需模型/人工阶段核定,2026-09-24-attribution-v2
BJ-2023-BJ-GAOKAO-Q13,①,,B2,仅词典命中弱信号(精度约0.66-0.88)，不构成准入依据；本册是否可独立判断整个题肢、官方正误需模型/人工阶段核定,2026-09-24-attribution-v2
BJ-2023-BJ-GAOKAO-Q13,②,,B2,仅词典命中弱信号(精度约0.66-0.88)，不构成准入依据；本册是否可独立判断整个题肢、官方正误需模型/人工阶段核定,2026-09-24-attribution-v2
BJ-2023-BJ-GAOKAO-Q13,③,,B2,仅词典命中弱信号(精度约0.66-0.88)，不构成准入依据；本册是否可独立判断整个题肢、官方正误需模型/人工阶段核定,2026-09-24-attribution-v2
BJ-2023-BJ-GAOKAO-Q13,④,,B2,仅词典命中弱信号(精度约0.66-0.88)，不构成准入依据；本册是否可独立判断整个题肢、官方正误需模型/人工阶段核定,2026-09-24-attribution-v2
BJ-2023-BJ-GAOKAO-Q14,①,X1,X1,仅词典命中弱信号(精度约0.66-0.88)，不构成准入依据；本册是否可独立判断整个题肢、官方正误需模型/人工阶段核定,2026-09-24-attribution-v2
BJ-2023-BJ-GAOKAO-Q14,②,X1,X1,仅词典命中弱信号(精度约0.66-0.88)，不构成准入依据；本册是否可独立判断整个题肢、官方正误需模型/人工阶段核定,2026-09-24-attribution-v2
BJ-2023-BJ-GAOKAO-Q14,③,X1,X1,仅词典命中弱信号(精度约0.66-0.88)，不构成准入依据；本册是否可独立判断整个题肢、官方正误需模型/人工阶段核定,2026-09-24-attribution-v2
BJ-2023-BJ-GAOKAO-Q14,④,X1,X1,仅词典命中弱信号(精度约0.66-0.88)，不构成准入依据；本册是否可独立判断整个题肢、官方正误需模型/人工阶段核定,2026-09-24-attribution-v2
BJ-2023-BJ-GAOKAO-Q15,①,,X1,仅词典命中弱信号(精度约0.66-0.88)，不构成准入依据；本册是否可独立判断整个题肢、官方正误需模型/人工阶段核定,2026-09-24-attribution-v2
BJ-2023-BJ-GAOKAO-Q15,②,,X1,仅词典命中弱信号(精度约0.66-0.88)，不构成准入依据；本册是否可独立判断整个题肢、官方正误需模型/人工阶段核定,2026-09-24-attribution-v2
BJ-2023-BJ-GAOKAO-Q15,③,X1,X1,仅词典命中弱信号(精度约0.66-0.88)，不构成准入依据；本册是否可独立判断整个题肢、官方正误需模型/人工阶段核定,2026-09-24-attribution-v2
BJ-2023-BJ-GAOKAO-Q15,④,X1,X1,仅词典命中弱信号(精度约0.66-0.88)，不构成准入依据；本册是否可独立判断整个题肢、官方正误需模型/人工阶段核定,2026-09-24-attribution-v2
BJ-2024-CY-ERMO-Q1,①,,B3,仅词典命中弱信号(精度约0.66-0.88)，不构成准入依据；本册是否可独立判断整个题肢、官方正误需模型/人工阶段核定,2026-09-24-attribution-v2
BJ-2024-CY-ERMO-Q1,②,PH,B3,仅词典命中弱信号(精度约0.66-0.88)，不构成准入依据；本册是否可独立判断整个题肢、官方正误需模型/人工阶段核定,2026-09-24-attribution-v2
BJ-2024-CY-ERMO-Q1,③,B1,B3,仅词典命中弱信号(精度约0.66-0.88)，不构成准入依据；本册是否可独立判断整个题肢、官方正误需模型/人工阶段核定,2026-09-24-attribution-v2
BJ-2024-CY-ERMO-Q1,④,,B3,仅词典命中弱信号(精度约0.66-0.88)，不构成准入依据；本册是否可独立判断整个题肢、官方正误需模型/人工阶段核定,2026-09-24-attribution-v2
BJ-2024-CY-ERMO-Q2,①,,CU,仅词典命中弱信号(精度约0.66-0.88)，不构成准入依据；本册是否可独立判断整个题肢、官方正误需模型/人工阶段核定,2026-09-24-attribution-v2
BJ-2024-CY-ERMO-Q2,②,B2,CU,仅词典命中弱信号(精度约0.66-0.88)，不构成准入依据；本册是否可独立判断整个题肢、官方正误需模型/人工阶段核定,2026-09-24-attribution-v2
BJ-2024-CY-ERMO-Q2,③,B2,CU,仅词典命中弱信号(精度约0.66-0.88)，不构成准入依据；本册是否可独立判断整个题肢、官方正误需模型/人工阶段核定,2026-09-24-attribution-v2
BJ-2024-CY-ERMO-Q2,④,B2,CU,仅词典命中弱信号(精度约0.66-0.88)，不构成准入依据；本册是否可独立判断整个题肢、官方正误需模型/人工阶段核定,2026-09-24-attribution-v2
BJ-2024-CY-ERMO-Q3,A,B2,PH,仅词典命中弱信号(精度约0.66-0.88)，不构成准入依据；本册是否可独立判断整个题肢、官方正误需模型/人工阶段核定,2026-09-24-attribution-v2
BJ-2024-CY-ERMO-Q3,B,,PH,仅词典命中弱信号(精度约0.66-0.88)，不构成准入依据；本册是否可独立判断整个题肢、官方正误需模型/人工阶段核定,2026-09-24-attribution-v2
BJ-2024-CY-ERMO-Q3,C,,PH,仅词典命中弱信号(精度约0.66-0.88)，不构成准入依据；本册是否可独立判断整个题肢、官方正误需模型/人工阶段核定,2026-09-24-attribution-v2
BJ-2024-CY-ERMO-Q3,D,B2,PH,仅词典命中弱信号(精度约0.66-0.88)，不构成准入依据；本册是否可独立判断整个题肢、官方正误需模型/人工阶段核定,2026-09-24-attribution-v2
BJ-2024-CY-ERMO-Q4,①,,PH,仅词典命中弱信号(精度约0.66-0.88)，不构成准入依据；本册是否可独立判断整个题肢、官方正误需模型/人工阶段核定,2026-09-24-attribution-v2
BJ-2024-CY-ERMO-Q4,②,,PH,仅词典命中弱信号(精度约0.66-0.88)，不构成准入依据；本册是否可独立判断整个题肢、官方正误需模型/人工阶段核定,2026-09-24-attribution-v2
BJ-2024-CY-ERMO-Q4,③,,PH,仅词典命中弱信号(精度约0.66-0.88)，不构成准入依据；本册是否可独立判断整个题肢、官方正误需模型/人工阶段核定,2026-09-24-attribution-v2
BJ-2024-CY-ERMO-Q4,④,,PH,仅词典命中弱信号(精度约0.66-0.88)，不构成准入依据；本册是否可独立判断整个题肢、官方正误需模型/人工阶段核定,2026-09-24-attribution-v2
BJ-2024-CY-ERMO-Q5,①,B2,PH,仅词典命中弱信号(精度约0.66-0.88)，不构成准入依据；本册是否可独立判断整个题肢、官方正误需模型/人工阶段核定,2026-09-24-attribution-v2
BJ-2024-CY-ERMO-Q5,②,B2,PH,仅词典命中弱信号(精度约0.66-0.88)，不构成准入依据；本册是否可独立判断整个题肢、官方正误需模型/人工阶段核定,2026-09-24-attribution-v2
BJ-2024-CY-ERMO-Q5,③,B2,PH,仅词典命中弱信号(精度约0.66-0.88)，不构成准入依据；本册是否可独立判断整个题肢、官方正误需模型/人工阶段核定,2026-09-24-attribution-v2
BJ-2024-CY-ERMO-Q5,④,B2,PH,仅词典命中弱信号(精度约0.66-0.88)，不构成准入依据；本册是否可独立判断整个题肢、官方正误需模型/人工阶段核定,2026-09-24-attribution-v2
BJ-2024-CY-ERMO-Q6,①,RE,RE,仅词典命中弱信号(精度约0.66-0.88)，不构成准入依据；本册是否可独立判断整个题肢、官方正误需模型/人工阶段核定,2026-09-24-attribution-v2
BJ-2024-CY-ERMO-Q6,②,,RE,仅词典命中弱信号(精度约0.66-0.88)，不构成准入依据；本册是否可独立判断整个题肢、官方正误需模型/人工阶段核定,2026-09-24-attribution-v2
BJ-2024-CY-ERMO-Q6,③,,RE,仅词典命中弱信号(精度约0.66-0.88)，不构成准入依据；本册是否可独立判断整个题肢、官方正误需模型/人工阶段核定,2026-09-24-attribution-v2
BJ-2024-CY-ERMO-Q6,④,,RE,仅词典命中弱信号(精度约0.66-0.88)，不构成准入依据；本册是否可独立判断整个题肢、官方正误需模型/人工阶段核定,2026-09-24-attribution-v2
BJ-2024-CY-ERMO-Q7,A,,B3,仅词典命中弱信号(精度约0.66-0.88)，不构成准入依据；本册是否可独立判断整个题肢、官方正误需模型/人工阶段核定,2026-09-24-attribution-v2
BJ-2024-CY-ERMO-Q7,B,RE,B3,仅词典命中弱信号(精度约0.66-0.88)，不构成准入依据；本册是否可独立判断整个题肢、官方正误需模型/人工阶段核定,2026-09-24-attribution-v2
BJ-2024-CY-ERMO-Q7,C,RE,B3,仅词典命中弱信号(精度约0.66-0.88)，不构成准入依据；本册是否可独立判断整个题肢、官方正误需模型/人工阶段核定,2026-09-24-attribution-v2
BJ-2024-CY-ERMO-Q7,D,RE,B3,仅词典命中弱信号(精度约0.66-0.88)，不构成准入依据；本册是否可独立判断整个题肢、官方正误需模型/人工阶段核定,2026-09-24-attribution-v2
BJ-2024-CY-ERMO-Q8,①,,B3,仅词典命中弱信号(精度约0.66-0.88)，不构成准入依据；本册是否可独立判断整个题肢、官方正误需模型/人工阶段核定,2026-09-24-attribution-v2
BJ-2024-CY-ERMO-Q8,②,B2,B3,仅词典命中弱信号(精度约0.66-0.88)，不构成准入依据；本册是否可独立判断整个题肢、官方正误需模型/人工阶段核定,2026-09-24-attribution-v2
BJ-2024-CY-ERMO-Q8,③,B2;B3,B3,仅词典命中弱信号(精度约0.66-0.88)，不构成准入依据；本册是否可独立判断整个题肢、官方正误需模型/人工阶段核定,2026-09-24-attribution-v2
BJ-2024-CY-ERMO-Q8,④,,B3,仅词典命中弱信号(精度约0.66-0.88)，不构成准入依据；本册是否可独立判断整个题肢、官方正误需模型/人工阶段核定,2026-09-24-attribution-v2
BJ-2024-CY-ERMO-Q9,①,B3,B3,仅词典命中弱信号(精度约0.66-0.88)，不构成准入依据；本册是否可独立判断整个题肢、官方正误需模型/人工阶段核定,2026-09-24-attribution-v2
BJ-2024-CY-ERMO-Q9,②,PH,B3,仅词典命中弱信号(精度约0.66-0.88)，不构成准入依据；本册是否可独立判断整个题肢、官方正误需模型/人工阶段核定,2026-09-24-attribution-v2
BJ-2024-CY-ERMO-Q9,③,B3,B3,仅词典命中弱信号(精度约0.66-0.88)，不构成准入依据；本册是否可独立判断整个题肢、官方正误需模型/人工阶段核定,2026-09-24-attribution-v2
BJ-2024-CY-ERMO-Q9,④,B3,B3,仅词典命中弱信号(精度约0.66-0.88)，不构成准入依据；本册是否可独立判断整个题肢、官方正误需模型/人工阶段核定,2026-09-24-attribution-v2
BJ-2024-CY-ERMO-Q10,A,,X2,仅词典命中弱信号(精度约0.66-0.88)，不构成准入依据；本册是否可独立判断整个题肢、官方正误需模型/人工阶段核定,2026-09-24-attribution-v2
BJ-2024-CY-ERMO-Q10,B,B3,X2,仅词典命中弱信号(精度约0.66-0.88)，不构成准入依据；本册是否可独立判断整个题肢、官方正误需模型/人工阶段核定,2026-09-24-attribution-v2
BJ-2024-CY-ERMO-Q10,C,,X2,仅词典命中弱信号(精度约0.66-0.88)，不构成准入依据；本册是否可独立判断整个题肢、官方正误需模型/人工阶段核定,2026-09-24-attribution-v2
BJ-2024-CY-ERMO-Q10,D,,X2,仅词典命中弱信号(精度约0.66-0.88)，不构成准入依据；本册是否可独立判断整个题肢、官方正误需模型/人工阶段核定,2026-09-24-attribution-v2
BJ-2024-CY-ERMO-Q11,①,X2,X2,仅词典命中弱信号(精度约0.66-0.88)，不构成准入依据；本册是否可独立判断整个题肢、官方正误需模型/人工阶段核定,2026-09-24-attribution-v2
BJ-2024-CY-ERMO-Q11,②,,X2,仅词典命中弱信号(精度约0.66-0.88)，不构成准入依据；本册是否可独立判断整个题肢、官方正误需模型/人工阶段核定,2026-09-24-attribution-v2
BJ-2024-CY-ERMO-Q11,③,B2;X2,X2,仅词典命中弱信号(精度约0.66-0.88)，不构成准入依据；本册是否可独立判断整个题肢、官方正误需模型/人工阶段核定,2026-09-24-attribution-v2
BJ-2024-CY-ERMO-Q11,④,X2,X2,仅词典命中弱信号(精度约0.66-0.88)，不构成准入依据；本册是否可独立判断整个题肢、官方正误需模型/人工阶段核定,2026-09-24-attribution-v2
BJ-2024-CY-ERMO-Q12,A,X2,B2,仅词典命中弱信号(精度约0.66-0.88)，不构成准入依据；本册是否可独立判断整个题肢、官方正误需模型/人工阶段核定,2026-09-24-attribution-v2
BJ-2024-CY-ERMO-Q12,B,X2,B2,仅词典命中弱信号(精度约0.66-0.88)，不构成准入依据；本册是否可独立判断整个题肢、官方正误需模型/人工阶段核定,2026-09-24-attribution-v2
BJ-2024-CY-ERMO-Q12,C,X2,B2,仅词典命中弱信号(精度约0.66-0.88)，不构成准入依据；本册是否可独立判断整个题肢、官方正误需模型/人工阶段核定,2026-09-24-attribution-v2
BJ-2024-CY-ERMO-Q12,D,,B2,仅词典命中弱信号(精度约0.66-0.88)，不构成准入依据；本册是否可独立判断整个题肢、官方正误需模型/人工阶段核定,2026-09-24-attribution-v2
BJ-2024-CY-ERMO-Q13,A,X1,B2,仅词典命中弱信号(精度约0.66-0.88)，不构成准入依据；本册是否可独立判断整个题肢、官方正误需模型/人工阶段核定,2026-09-24-attribution-v2
BJ-2024-CY-ERMO-Q13,B,B2,B2,仅词典命中弱信号(精度约0.66-0.88)，不构成准入依据；本册是否可独立判断整个题肢、官方正误需模型/人工阶段核定,2026-09-24-attribution-v2
BJ-2024-CY-ERMO-Q13,C,,B2,仅词典命中弱信号(精度约0.66-0.88)，不构成准入依据；本册是否可独立判断整个题肢、官方正误需模型/人工阶段核定,2026-09-24-attribution-v2
BJ-2024-CY-ERMO-Q13,D,,B2,仅词典命中弱信号(精度约0.66-0.88)，不构成准入依据；本册是否可独立判断整个题肢、官方正误需模型/人工阶段核定,2026-09-24-attribution-v2
BJ-2024-CY-ERMO-Q14,A,,X1,仅词典命中弱信号(精度约0.66-0.88)，不构成准入依据；本册是否可独立判断整个题肢、官方正误需模型/人工阶段核定,2026-09-24-attribution-v2
BJ-2024-CY-ERMO-Q14,B,B2,X1,仅词典命中弱信号(精度约0.66-0.88)，不构成准入依据；本册是否可独立判断整个题肢、官方正误需模型/人工阶段核定,2026-09-24-attribution-v2
BJ-2024-CY-ERMO-Q14,C,X1,X1,仅词典命中弱信号(精度约0.66-0.88)，不构成准入依据；本册是否可独立判断整个题肢、官方正误需模型/人工阶段核定,2026-09-24-attribution-v2
BJ-2024-CY-ERMO-Q14,D,X1,X1,仅词典命中弱信号(精度约0.66-0.88)，不构成准入依据；本册是否可独立判断整个题肢、官方正误需模型/人工阶段核定,2026-09-24-attribution-v2
BJ-2024-CY-ERMO-Q15,①,B2,X1,仅词典命中弱信号(精度约0.66-0.88)，不构成准入依据；本册是否可独立判断整个题肢、官方正误需模型/人工阶段核定,2026-09-24-attribution-v2
BJ-2024-CY-ERMO-Q15,②,B2,X1,仅词典命中弱信号(精度约0.66-0.88)，不构成准入依据；本册是否可独立判断整个题肢、官方正误需模型/人工阶段核定,2026-09-24-attribution-v2
BJ-2024-CY-ERMO-Q15,③,,X1,仅词典命中弱信号(精度约0.66-0.88)，不构成准入依据；本册是否可独立判断整个题肢、官方正误需模型/人工阶段核定,2026-09-24-attribution-v2
BJ-2024-CY-ERMO-Q15,④,,X1,仅词典命中弱信号(精度约0.66-0.88)，不构成准入依据；本册是否可独立判断整个题肢、官方正误需模型/人工阶段核定,2026-09-24-attribution-v2
BJ-2022-BJ-GAOKAO-Q1,①,,B3,仅词典命中弱信号(精度约0.66-0.88)，不构成准入依据；本册是否可独立判断整个题肢、官方正误需模型/人工阶段核定,2026-09-24-attribution-v2
BJ-2022-BJ-GAOKAO-Q1,②,,B3,仅词典命中弱信号(精度约0.66-0.88)，不构成准入依据；本册是否可独立判断整个题肢、官方正误需模型/人工阶段核定,2026-09-24-attribution-v2
BJ-2022-BJ-GAOKAO-Q1,③,X1,B3,仅词典命中弱信号(精度约0.66-0.88)，不构成准入依据；本册是否可独立判断整个题肢、官方正误需模型/人工阶段核定,2026-09-24-attribution-v2
BJ-2022-BJ-GAOKAO-Q1,④,,B3,仅词典命中弱信号(精度约0.66-0.88)，不构成准入依据；本册是否可独立判断整个题肢、官方正误需模型/人工阶段核定,2026-09-24-attribution-v2
BJ-2022-BJ-GAOKAO-Q2,①,,CU,仅词典命中弱信号(精度约0.66-0.88)，不构成准入依据；本册是否可独立判断整个题肢、官方正误需模型/人工阶段核定,2026-09-24-attribution-v2
BJ-2022-BJ-GAOKAO-Q2,②,,CU,仅词典命中弱信号(精度约0.66-0.88)，不构成准入依据；本册是否可独立判断整个题肢、官方正误需模型/人工阶段核定,2026-09-24-attribution-v2
BJ-2022-BJ-GAOKAO-Q2,③,,CU,仅词典命中弱信号(精度约0.66-0.88)，不构成准入依据；本册是否可独立判断整个题肢、官方正误需模型/人工阶段核定,2026-09-24-attribution-v2
BJ-2022-BJ-GAOKAO-Q2,④,B2,CU,仅词典命中弱信号(精度约0.66-0.88)，不构成准入依据；本册是否可独立判断整个题肢、官方正误需模型/人工阶段核定,2026-09-24-attribution-v2
BJ-2022-BJ-GAOKAO-Q3,①,B1,PH,仅词典命中弱信号(精度约0.66-0.88)，不构成准入依据；本册是否可独立判断整个题肢、官方正误需模型/人工阶段核定,2026-09-24-attribution-v2
BJ-2022-BJ-GAOKAO-Q3,②,,PH,仅词典命中弱信号(精度约0.66-0.88)，不构成准入依据；本册是否可独立判断整个题肢、官方正误需模型/人工阶段核定,2026-09-24-attribution-v2
BJ-2022-BJ-GAOKAO-Q3,③,B2,PH,仅词典命中弱信号(精度约0.66-0.88)，不构成准入依据；本册是否可独立判断整个题肢、官方正误需模型/人工阶段核定,2026-09-24-attribution-v2
BJ-2022-BJ-GAOKAO-Q3,④,,PH,仅词典命中弱信号(精度约0.66-0.88)，不构成准入依据；本册是否可独立判断整个题肢、官方正误需模型/人工阶段核定,2026-09-24-attribution-v2
BJ-2022-BJ-GAOKAO-Q4,A,,PH,仅词典命中弱信号(精度约0.66-0.88)，不构成准入依据；本册是否可独立判断整个题肢、官方正误需模型/人工阶段核定,2026-09-24-attribution-v2
BJ-2022-BJ-GAOKAO-Q4,B,,PH,仅词典命中弱信号(精度约0.66-0.88)，不构成准入依据；本册是否可独立判断整个题肢、官方正误需模型/人工阶段核定,2026-09-24-attribution-v2
BJ-2022-BJ-GAOKAO-Q4,C,,PH,仅词典命中弱信号(精度约0.66-0.88)，不构成准入依据；本册是否可独立判断整个题肢、官方正误需模型/人工阶段核定,2026-09-24-attribution-v2
BJ-2022-BJ-GAOKAO-Q4,D,,PH,仅词典命中弱信号(精度约0.66-0.88)，不构成准入依据；本册是否可独立判断整个题肢、官方正误需模型/人工阶段核定,2026-09-24-attribution-v2
BJ-2022-BJ-GAOKAO-Q5,①,,PH,仅词典命中弱信号(精度约0.66-0.88)，不构成准入依据；本册是否可独立判断整个题肢、官方正误需模型/人工阶段核定,2026-09-24-attribution-v2
BJ-2022-BJ-GAOKAO-Q5,②,MI,PH,仅词典命中弱信号(精度约0.66-0.88)，不构成准入依据；本册是否可独立判断整个题肢、官方正误需模型/人工阶段核定,2026-09-24-attribution-v2
BJ-2022-BJ-GAOKAO-Q5,③,,PH,仅词典命中弱信号(精度约0.66-0.88)，不构成准入依据；本册是否可独立判断整个题肢、官方正误需模型/人工阶段核定,2026-09-24-attribution-v2
BJ-2022-BJ-GAOKAO-Q5,④,,PH,仅词典命中弱信号(精度约0.66-0.88)，不构成准入依据；本册是否可独立判断整个题肢、官方正误需模型/人工阶段核定,2026-09-24-attribution-v2
BJ-2022-BJ-GAOKAO-Q6,A,PH,RE,仅词典命中弱信号(精度约0.66-0.88)，不构成准入依据；本册是否可独立判断整个题肢、官方正误需模型/人工阶段核定,2026-09-24-attribution-v2
BJ-2022-BJ-GAOKAO-Q6,B,PH,RE,仅词典命中弱信号(精度约0.66-0.88)，不构成准入依据；本册是否可独立判断整个题肢、官方正误需模型/人工阶段核定,2026-09-24-attribution-v2
BJ-2022-BJ-GAOKAO-Q6,C,B2;PH,RE,仅词典命中弱信号(精度约0.66-0.88)，不构成准入依据；本册是否可独立判断整个题肢、官方正误需模型/人工阶段核定,2026-09-24-attribution-v2
BJ-2022-BJ-GAOKAO-Q6,D,PH,RE,仅词典命中弱信号(精度约0.66-0.88)，不构成准入依据；本册是否可独立判断整个题肢、官方正误需模型/人工阶段核定,2026-09-24-attribution-v2
BJ-2022-BJ-GAOKAO-Q7,①,CU,B3,仅词典命中弱信号(精度约0.66-0.88)，不构成准入依据；本册是否可独立判断整个题肢、官方正误需模型/人工阶段核定,2026-09-24-attribution-v2
BJ-2022-BJ-GAOKAO-Q7,②,PH,B3,仅词典命中弱信号(精度约0.66-0.88)，不构成准入依据；本册是否可独立判断整个题肢、官方正误需模型/人工阶段核定,2026-09-24-attribution-v2
BJ-2022-BJ-GAOKAO-Q7,③,,B3,仅词典命中弱信号(精度约0.66-0.88)，不构成准入依据；本册是否可独立判断整个题肢、官方正误需模型/人工阶段核定,2026-09-24-attribution-v2
BJ-2022-BJ-GAOKAO-Q7,④,,B3,仅词典命中弱信号(精度约0.66-0.88)，不构成准入依据；本册是否可独立判断整个题肢、官方正误需模型/人工阶段核定,2026-09-24-attribution-v2
BJ-2022-BJ-GAOKAO-Q8,A,,B3,仅词典命中弱信号(精度约0.66-0.88)，不构成准入依据；本册是否可独立判断整个题肢、官方正误需模型/人工阶段核定,2026-09-24-attribution-v2
BJ-2022-BJ-GAOKAO-Q8,B,,B3,仅词典命中弱信号(精度约0.66-0.88)，不构成准入依据；本册是否可独立判断整个题肢、官方正误需模型/人工阶段核定,2026-09-24-attribution-v2
BJ-2022-BJ-GAOKAO-Q8,C,,B3,仅词典命中弱信号(精度约0.66-0.88)，不构成准入依据；本册是否可独立判断整个题肢、官方正误需模型/人工阶段核定,2026-09-24-attribution-v2
BJ-2022-BJ-GAOKAO-Q8,D,,B3,仅词典命中弱信号(精度约0.66-0.88)，不构成准入依据；本册是否可独立判断整个题肢、官方正误需模型/人工阶段核定,2026-09-24-attribution-v2
BJ-2022-BJ-GAOKAO-Q9,①,,B3,仅词典命中弱信号(精度约0.66-0.88)，不构成准入依据；本册是否可独立判断整个题肢、官方正误需模型/人工阶段核定,2026-09-24-attribution-v2
BJ-2022-BJ-GAOKAO-Q9,②,,B3,仅词典命中弱信号(精度约0.66-0.88)，不构成准入依据；本册是否可独立判断整个题肢、官方正误需模型/人工阶段核定,2026-09-24-attribution-v2
BJ-2022-BJ-GAOKAO-Q9,③,,B3,仅词典命中弱信号(精度约0.66-0.88)，不构成准入依据；本册是否可独立判断整个题肢、官方正误需模型/人工阶段核定,2026-09-24-attribution-v2
BJ-2022-BJ-GAOKAO-Q9,④,,B3,仅词典命中弱信号(精度约0.66-0.88)，不构成准入依据；本册是否可独立判断整个题肢、官方正误需模型/人工阶段核定,2026-09-24-attribution-v2
BJ-2022-BJ-GAOKAO-Q10,①,B2,X2,仅词典命中弱信号(精度约0.66-0.88)，不构成准入依据；本册是否可独立判断整个题肢、官方正误需模型/人工阶段核定,2026-09-24-attribution-v2
BJ-2022-BJ-GAOKAO-Q10,②,B2,X2,仅词典命中弱信号(精度约0.66-0.88)，不构成准入依据；本册是否可独立判断整个题肢、官方正误需模型/人工阶段核定,2026-09-24-attribution-v2
BJ-2022-BJ-GAOKAO-Q10,③,,X2,仅词典命中弱信号(精度约0.66-0.88)，不构成准入依据；本册是否可独立判断整个题肢、官方正误需模型/人工阶段核定,2026-09-24-attribution-v2
BJ-2022-BJ-GAOKAO-Q10,④,B2;X1,X2,仅词典命中弱信号(精度约0.66-0.88)，不构成准入依据；本册是否可独立判断整个题肢、官方正误需模型/人工阶段核定,2026-09-24-attribution-v2
BJ-2022-BJ-GAOKAO-Q11,A,B2,X2,仅词典命中弱信号(精度约0.66-0.88)，不构成准入依据；本册是否可独立判断整个题肢、官方正误需模型/人工阶段核定,2026-09-24-attribution-v2
BJ-2022-BJ-GAOKAO-Q11,B,B2,X2,仅词典命中弱信号(精度约0.66-0.88)，不构成准入依据；本册是否可独立判断整个题肢、官方正误需模型/人工阶段核定,2026-09-24-attribution-v2
BJ-2022-BJ-GAOKAO-Q11,C,,X2,仅词典命中弱信号(精度约0.66-0.88)，不构成准入依据；本册是否可独立判断整个题肢、官方正误需模型/人工阶段核定,2026-09-24-attribution-v2
BJ-2022-BJ-GAOKAO-Q11,D,,X2,仅词典命中弱信号(精度约0.66-0.88)，不构成准入依据；本册是否可独立判断整个题肢、官方正误需模型/人工阶段核定,2026-09-24-attribution-v2
BJ-2022-BJ-GAOKAO-Q12,A,X1;X2,B2,仅词典命中弱信号(精度约0.66-0.88)，不构成准入依据；本册是否可独立判断整个题肢、官方正误需模型/人工阶段核定,2026-09-24-attribution-v2
BJ-2022-BJ-GAOKAO-Q12,B,X2,B2,仅词典命中弱信号(精度约0.66-0.88)，不构成准入依据；本册是否可独立判断整个题肢、官方正误需模型/人工阶段核定,2026-09-24-attribution-v2
BJ-2022-BJ-GAOKAO-Q12,C,X2,B2,仅词典命中弱信号(精度约0.66-0.88)，不构成准入依据；本册是否可独立判断整个题肢、官方正误需模型/人工阶段核定,2026-09-24-attribution-v2
BJ-2022-BJ-GAOKAO-Q12,D,B3,B2,仅词典命中弱信号(精度约0.66-0.88)，不构成准入依据；本册是否可独立判断整个题肢、官方正误需模型/人工阶段核定,2026-09-24-attribution-v2
BJ-2022-BJ-GAOKAO-Q13,A,X2,B2,仅词典命中弱信号(精度约0.66-0.88)，不构成准入依据；本册是否可独立判断整个题肢、官方正误需模型/人工阶段核定,2026-09-24-attribution-v2
BJ-2022-BJ-GAOKAO-Q13,B,X2,B2,仅词典命中弱信号(精度约0.66-0.88)，不构成准入依据；本册是否可独立判断整个题肢、官方正误需模型/人工阶段核定,2026-09-24-attribution-v2
BJ-2022-BJ-GAOKAO-Q13,C,X2,B2,仅词典命中弱信号(精度约0.66-0.88)，不构成准入依据；本册是否可独立判断整个题肢、官方正误需模型/人工阶段核定,2026-09-24-attribution-v2
BJ-2022-BJ-GAOKAO-Q13,D,X2,B2,仅词典命中弱信号(精度约0.66-0.88)，不构成准入依据；本册是否可独立判断整个题肢、官方正误需模型/人工阶段核定,2026-09-24-attribution-v2
BJ-2022-BJ-GAOKAO-Q14,A,X2,X1,仅词典命中弱信号(精度约0.66-0.88)，不构成准入依据；本册是否可独立判断整个题肢、官方正误需模型/人工阶段核定,2026-09-24-attribution-v2
BJ-2022-BJ-GAOKAO-Q14,B,X2,X1,仅词典命中弱信号(精度约0.66-0.88)，不构成准入依据；本册是否可独立判断整个题肢、官方正误需模型/人工阶段核定,2026-09-24-attribution-v2
BJ-2022-BJ-GAOKAO-Q14,C,X2,X1,仅词典命中弱信号(精度约0.66-0.88)，不构成准入依据；本册是否可独立判断整个题肢、官方正误需模型/人工阶段核定,2026-09-24-attribution-v2
BJ-2022-BJ-GAOKAO-Q14,D,,X1,仅词典命中弱信号(精度约0.66-0.88)，不构成准入依据；本册是否可独立判断整个题肢、官方正误需模型/人工阶段核定,2026-09-24-attribution-v2
BJ-2022-BJ-GAOKAO-Q15,①,B2,X1,仅词典命中弱信号(精度约0.66-0.88)，不构成准入依据；本册是否可独立判断整个题肢、官方正误需模型/人工阶段核定,2026-09-24-attribution-v2
BJ-2022-BJ-GAOKAO-Q15,②,X1,X1,仅词典命中弱信号(精度约0.66-0.88)，不构成准入依据；本册是否可独立判断整个题肢、官方正误需模型/人工阶段核定,2026-09-24-attribution-v2
BJ-2022-BJ-GAOKAO-Q15,③,X1,X1,仅词典命中弱信号(精度约0.66-0.88)，不构成准入依据；本册是否可独立判断整个题肢、官方正误需模型/人工阶段核定,2026-09-24-attribution-v2
BJ-2022-BJ-GAOKAO-Q15,④,X1,X1,仅词典命中弱信号(精度约0.66-0.88)，不构成准入依据；本册是否可独立判断整个题肢、官方正误需模型/人工阶段核定,2026-09-24-attribution-v2
BJ-2025-DC-ERMO-Q1,A,,B3,仅词典命中弱信号(精度约0.66-0.88)，不构成准入依据；本册是否可独立判断整个题肢、官方正误需模型/人工阶段核定,2026-09-24-attribution-v2
BJ-2025-DC-ERMO-Q1,B,B1,B3,仅词典命中弱信号(精度约0.66-0.88)，不构成准入依据；本册是否可独立判断整个题肢、官方正误需模型/人工阶段核定,2026-09-24-attribution-v2
BJ-2025-DC-ERMO-Q1,C,,B3,仅词典命中弱信号(精度约0.66-0.88)，不构成准入依据；本册是否可独立判断整个题肢、官方正误需模型/人工阶段核定,2026-09-24-attribution-v2
BJ-2025-DC-ERMO-Q1,D,,B3,仅词典命中弱信号(精度约0.66-0.88)，不构成准入依据；本册是否可独立判断整个题肢、官方正误需模型/人工阶段核定,2026-09-24-attribution-v2
BJ-2025-DC-ERMO-Q2,A,PH,CU,仅词典命中弱信号(精度约0.66-0.88)，不构成准入依据；本册是否可独立判断整个题肢、官方正误需模型/人工阶段核定,2026-09-24-attribution-v2
BJ-2025-DC-ERMO-Q2,B,,CU,仅词典命中弱信号(精度约0.66-0.88)，不构成准入依据；本册是否可独立判断整个题肢、官方正误需模型/人工阶段核定,2026-09-24-attribution-v2
BJ-2025-DC-ERMO-Q2,C,,CU,仅词典命中弱信号(精度约0.66-0.88)，不构成准入依据；本册是否可独立判断整个题肢、官方正误需模型/人工阶段核定,2026-09-24-attribution-v2
BJ-2025-DC-ERMO-Q2,D,,CU,仅词典命中弱信号(精度约0.66-0.88)，不构成准入依据；本册是否可独立判断整个题肢、官方正误需模型/人工阶段核定,2026-09-24-attribution-v2
BJ-2025-DC-ERMO-Q3,①,,PH,仅词典命中弱信号(精度约0.66-0.88)，不构成准入依据；本册是否可独立判断整个题肢、官方正误需模型/人工阶段核定,2026-09-24-attribution-v2
BJ-2025-DC-ERMO-Q3,②,,PH,仅词典命中弱信号(精度约0.66-0.88)，不构成准入依据；本册是否可独立判断整个题肢、官方正误需模型/人工阶段核定,2026-09-24-attribution-v2
BJ-2025-DC-ERMO-Q3,③,,PH,仅词典命中弱信号(精度约0.66-0.88)，不构成准入依据；本册是否可独立判断整个题肢、官方正误需模型/人工阶段核定,2026-09-24-attribution-v2
BJ-2025-DC-ERMO-Q3,④,,PH,仅词典命中弱信号(精度约0.66-0.88)，不构成准入依据；本册是否可独立判断整个题肢、官方正误需模型/人工阶段核定,2026-09-24-attribution-v2
BJ-2025-DC-ERMO-Q4,①,PH,PH,仅词典命中弱信号(精度约0.66-0.88)，不构成准入依据；本册是否可独立判断整个题肢、官方正误需模型/人工阶段核定,2026-09-24-attribution-v2
BJ-2025-DC-ERMO-Q4,②,X1,PH,仅词典命中弱信号(精度约0.66-0.88)，不构成准入依据；本册是否可独立判断整个题肢、官方正误需模型/人工阶段核定,2026-09-24-attribution-v2
BJ-2025-DC-ERMO-Q4,③,PH,PH,仅词典命中弱信号(精度约0.66-0.88)，不构成准入依据；本册是否可独立判断整个题肢、官方正误需模型/人工阶段核定,2026-09-24-attribution-v2
BJ-2025-DC-ERMO-Q4,④,,PH,仅词典命中弱信号(精度约0.66-0.88)，不构成准入依据；本册是否可独立判断整个题肢、官方正误需模型/人工阶段核定,2026-09-24-attribution-v2
BJ-2025-DC-ERMO-Q5,①,,PH,仅词典命中弱信号(精度约0.66-0.88)，不构成准入依据；本册是否可独立判断整个题肢、官方正误需模型/人工阶段核定,2026-09-24-attribution-v2
BJ-2025-DC-ERMO-Q5,②,,PH,仅词典命中弱信号(精度约0.66-0.88)，不构成准入依据；本册是否可独立判断整个题肢、官方正误需模型/人工阶段核定,2026-09-24-attribution-v2
BJ-2025-DC-ERMO-Q5,③,,PH,仅词典命中弱信号(精度约0.66-0.88)，不构成准入依据；本册是否可独立判断整个题肢、官方正误需模型/人工阶段核定,2026-09-24-attribution-v2
BJ-2025-DC-ERMO-Q5,④,,PH,仅词典命中弱信号(精度约0.66-0.88)，不构成准入依据；本册是否可独立判断整个题肢、官方正误需模型/人工阶段核定,2026-09-24-attribution-v2
BJ-2025-DC-ERMO-Q6,①,B2,RE,仅词典命中弱信号(精度约0.66-0.88)，不构成准入依据；本册是否可独立判断整个题肢、官方正误需模型/人工阶段核定,2026-09-24-attribution-v2
BJ-2025-DC-ERMO-Q6,②,,RE,仅词典命中弱信号(精度约0.66-0.88)，不构成准入依据；本册是否可独立判断整个题肢、官方正误需模型/人工阶段核定,2026-09-24-attribution-v2
BJ-2025-DC-ERMO-Q6,③,,RE,仅词典命中弱信号(精度约0.66-0.88)，不构成准入依据；本册是否可独立判断整个题肢、官方正误需模型/人工阶段核定,2026-09-24-attribution-v2
BJ-2025-DC-ERMO-Q6,④,B2,RE,仅词典命中弱信号(精度约0.66-0.88)，不构成准入依据；本册是否可独立判断整个题肢、官方正误需模型/人工阶段核定,2026-09-24-attribution-v2
BJ-2025-DC-ERMO-Q7,A,B2,B3,仅词典命中弱信号(精度约0.66-0.88)，不构成准入依据；本册是否可独立判断整个题肢、官方正误需模型/人工阶段核定,2026-09-24-attribution-v2
BJ-2025-DC-ERMO-Q7,B,B2,B3,仅词典命中弱信号(精度约0.66-0.88)，不构成准入依据；本册是否可独立判断整个题肢、官方正误需模型/人工阶段核定,2026-09-24-attribution-v2
BJ-2025-DC-ERMO-Q7,C,B2,B3,仅词典命中弱信号(精度约0.66-0.88)，不构成准入依据；本册是否可独立判断整个题肢、官方正误需模型/人工阶段核定,2026-09-24-attribution-v2
BJ-2025-DC-ERMO-Q7,D,B2,B3,仅词典命中弱信号(精度约0.66-0.88)，不构成准入依据；本册是否可独立判断整个题肢、官方正误需模型/人工阶段核定,2026-09-24-attribution-v2
BJ-2025-DC-ERMO-Q8,A,,B3,仅词典命中弱信号(精度约0.66-0.88)，不构成准入依据；本册是否可独立判断整个题肢、官方正误需模型/人工阶段核定,2026-09-24-attribution-v2
BJ-2025-DC-ERMO-Q8,B,B2,B3,仅词典命中弱信号(精度约0.66-0.88)，不构成准入依据；本册是否可独立判断整个题肢、官方正误需模型/人工阶段核定,2026-09-24-attribution-v2
BJ-2025-DC-ERMO-Q8,C,B2,B3,仅词典命中弱信号(精度约0.66-0.88)，不构成准入依据；本册是否可独立判断整个题肢、官方正误需模型/人工阶段核定,2026-09-24-attribution-v2
BJ-2025-DC-ERMO-Q8,D,B2,B3,仅词典命中弱信号(精度约0.66-0.88)，不构成准入依据；本册是否可独立判断整个题肢、官方正误需模型/人工阶段核定,2026-09-24-attribution-v2
BJ-2025-DC-ERMO-Q9,①,X1,B3,仅词典命中弱信号(精度约0.66-0.88)，不构成准入依据；本册是否可独立判断整个题肢、官方正误需模型/人工阶段核定,2026-09-24-attribution-v2
BJ-2025-DC-ERMO-Q9,②,X1,B3,仅词典命中弱信号(精度约0.66-0.88)，不构成准入依据；本册是否可独立判断整个题肢、官方正误需模型/人工阶段核定,2026-09-24-attribution-v2
BJ-2025-DC-ERMO-Q9,③,X1,B3,仅词典命中弱信号(精度约0.66-0.88)，不构成准入依据；本册是否可独立判断整个题肢、官方正误需模型/人工阶段核定,2026-09-24-attribution-v2
BJ-2025-DC-ERMO-Q9,④,X1,B3,仅词典命中弱信号(精度约0.66-0.88)，不构成准入依据；本册是否可独立判断整个题肢、官方正误需模型/人工阶段核定,2026-09-24-attribution-v2
BJ-2025-DC-ERMO-Q10,A,X2,X2,仅词典命中弱信号(精度约0.66-0.88)，不构成准入依据；本册是否可独立判断整个题肢、官方正误需模型/人工阶段核定,2026-09-24-attribution-v2
BJ-2025-DC-ERMO-Q10,B,X2,X2,仅词典命中弱信号(精度约0.66-0.88)，不构成准入依据；本册是否可独立判断整个题肢、官方正误需模型/人工阶段核定,2026-09-24-attribution-v2
BJ-2025-DC-ERMO-Q10,C,,X2,仅词典命中弱信号(精度约0.66-0.88)，不构成准入依据；本册是否可独立判断整个题肢、官方正误需模型/人工阶段核定,2026-09-24-attribution-v2
BJ-2025-DC-ERMO-Q10,D,X2,X2,仅词典命中弱信号(精度约0.66-0.88)，不构成准入依据；本册是否可独立判断整个题肢、官方正误需模型/人工阶段核定,2026-09-24-attribution-v2
BJ-2025-DC-ERMO-Q11,A,,X2,仅词典命中弱信号(精度约0.66-0.88)，不构成准入依据；本册是否可独立判断整个题肢、官方正误需模型/人工阶段核定,2026-09-24-attribution-v2
BJ-2025-DC-ERMO-Q11,B,X2,X2,仅词典命中弱信号(精度约0.66-0.88)，不构成准入依据；本册是否可独立判断整个题肢、官方正误需模型/人工阶段核定,2026-09-24-attribution-v2
BJ-2025-DC-ERMO-Q11,C,X2,X2,仅词典命中弱信号(精度约0.66-0.88)，不构成准入依据；本册是否可独立判断整个题肢、官方正误需模型/人工阶段核定,2026-09-24-attribution-v2
BJ-2025-DC-ERMO-Q11,D,,X2,仅词典命中弱信号(精度约0.66-0.88)，不构成准入依据；本册是否可独立判断整个题肢、官方正误需模型/人工阶段核定,2026-09-24-attribution-v2
BJ-2025-DC-ERMO-Q12,①,X2,B2,仅词典命中弱信号(精度约0.66-0.88)，不构成准入依据；本册是否可独立判断整个题肢、官方正误需模型/人工阶段核定,2026-09-24-attribution-v2
BJ-2025-DC-ERMO-Q12,②,,B2,仅词典命中弱信号(精度约0.66-0.88)，不构成准入依据；本册是否可独立判断整个题肢、官方正误需模型/人工阶段核定,2026-09-24-attribution-v2
BJ-2025-DC-ERMO-Q12,③,,B2,仅词典命中弱信号(精度约0.66-0.88)，不构成准入依据；本册是否可独立判断整个题肢、官方正误需模型/人工阶段核定,2026-09-24-attribution-v2
BJ-2025-DC-ERMO-Q12,④,X2,B2,仅词典命中弱信号(精度约0.66-0.88)，不构成准入依据；本册是否可独立判断整个题肢、官方正误需模型/人工阶段核定,2026-09-24-attribution-v2
BJ-2025-DC-ERMO-Q13,A,MI,B2,仅词典命中弱信号(精度约0.66-0.88)，不构成准入依据；本册是否可独立判断整个题肢、官方正误需模型/人工阶段核定,2026-09-24-attribution-v2
BJ-2025-DC-ERMO-Q13,B,MI,B2,仅词典命中弱信号(精度约0.66-0.88)，不构成准入依据；本册是否可独立判断整个题肢、官方正误需模型/人工阶段核定,2026-09-24-attribution-v2
BJ-2025-DC-ERMO-Q13,C,MI,B2,仅词典命中弱信号(精度约0.66-0.88)，不构成准入依据；本册是否可独立判断整个题肢、官方正误需模型/人工阶段核定,2026-09-24-attribution-v2
BJ-2025-DC-ERMO-Q13,D,MI,B2,仅词典命中弱信号(精度约0.66-0.88)，不构成准入依据；本册是否可独立判断整个题肢、官方正误需模型/人工阶段核定,2026-09-24-attribution-v2
BJ-2025-DC-ERMO-Q14,A,,X1,仅词典命中弱信号(精度约0.66-0.88)，不构成准入依据；本册是否可独立判断整个题肢、官方正误需模型/人工阶段核定,2026-09-24-attribution-v2
BJ-2025-DC-ERMO-Q14,B,,X1,仅词典命中弱信号(精度约0.66-0.88)，不构成准入依据；本册是否可独立判断整个题肢、官方正误需模型/人工阶段核定,2026-09-24-attribution-v2
BJ-2025-DC-ERMO-Q14,C,,X1,仅词典命中弱信号(精度约0.66-0.88)，不构成准入依据；本册是否可独立判断整个题肢、官方正误需模型/人工阶段核定,2026-09-24-attribution-v2
BJ-2025-DC-ERMO-Q14,D,,X1,仅词典命中弱信号(精度约0.66-0.88)，不构成准入依据；本册是否可独立判断整个题肢、官方正误需模型/人工阶段核定,2026-09-24-attribution-v2
BJ-2025-DC-ERMO-Q15,A,,X1,仅词典命中弱信号(精度约0.66-0.88)，不构成准入依据；本册是否可独立判断整个题肢、官方正误需模型/人工阶段核定,2026-09-24-attribution-v2
BJ-2025-DC-ERMO-Q15,B,CU,X1,仅词典命中弱信号(精度约0.66-0.88)，不构成准入依据；本册是否可独立判断整个题肢、官方正误需模型/人工阶段核定,2026-09-24-attribution-v2
BJ-2025-DC-ERMO-Q15,C,,X1,仅词典命中弱信号(精度约0.66-0.88)，不构成准入依据；本册是否可独立判断整个题肢、官方正误需模型/人工阶段核定,2026-09-24-attribution-v2
BJ-2025-DC-ERMO-Q15,D,,X1,仅词典命中弱信号(精度约0.66-0.88)，不构成准入依据；本册是否可独立判断整个题肢、官方正误需模型/人工阶段核定,2026-09-24-attribution-v2
BJ-2023-CY-ERMO-Q1,①,,B3,仅词典命中弱信号(精度约0.66-0.88)，不构成准入依据；本册是否可独立判断整个题肢、官方正误需模型/人工阶段核定,2026-09-24-attribution-v2
BJ-2023-CY-ERMO-Q1,②,,B3,仅词典命中弱信号(精度约0.66-0.88)，不构成准入依据；本册是否可独立判断整个题肢、官方正误需模型/人工阶段核定,2026-09-24-attribution-v2
BJ-2023-CY-ERMO-Q1,③,,B3,仅词典命中弱信号(精度约0.66-0.88)，不构成准入依据；本册是否可独立判断整个题肢、官方正误需模型/人工阶段核定,2026-09-24-attribution-v2
BJ-2023-CY-ERMO-Q1,④,,B3,仅词典命中弱信号(精度约0.66-0.88)，不构成准入依据；本册是否可独立判断整个题肢、官方正误需模型/人工阶段核定,2026-09-24-attribution-v2
BJ-2023-CY-ERMO-Q2,①,PH,CU,仅词典命中弱信号(精度约0.66-0.88)，不构成准入依据；本册是否可独立判断整个题肢、官方正误需模型/人工阶段核定,2026-09-24-attribution-v2
BJ-2023-CY-ERMO-Q2,②,B2,CU,仅词典命中弱信号(精度约0.66-0.88)，不构成准入依据；本册是否可独立判断整个题肢、官方正误需模型/人工阶段核定,2026-09-24-attribution-v2
BJ-2023-CY-ERMO-Q2,③,,CU,仅词典命中弱信号(精度约0.66-0.88)，不构成准入依据；本册是否可独立判断整个题肢、官方正误需模型/人工阶段核定,2026-09-24-attribution-v2
BJ-2023-CY-ERMO-Q2,④,,CU,仅词典命中弱信号(精度约0.66-0.88)，不构成准入依据；本册是否可独立判断整个题肢、官方正误需模型/人工阶段核定,2026-09-24-attribution-v2
BJ-2023-CY-ERMO-Q3,①,,PH,仅词典命中弱信号(精度约0.66-0.88)，不构成准入依据；本册是否可独立判断整个题肢、官方正误需模型/人工阶段核定,2026-09-24-attribution-v2
BJ-2023-CY-ERMO-Q3,②,X2,PH,仅词典命中弱信号(精度约0.66-0.88)，不构成准入依据；本册是否可独立判断整个题肢、官方正误需模型/人工阶段核定,2026-09-24-attribution-v2
BJ-2023-CY-ERMO-Q3,③,X2,PH,仅词典命中弱信号(精度约0.66-0.88)，不构成准入依据；本册是否可独立判断整个题肢、官方正误需模型/人工阶段核定,2026-09-24-attribution-v2
BJ-2023-CY-ERMO-Q3,④,X2,PH,仅词典命中弱信号(精度约0.66-0.88)，不构成准入依据；本册是否可独立判断整个题肢、官方正误需模型/人工阶段核定,2026-09-24-attribution-v2
BJ-2023-CY-ERMO-Q4,A,,PH,仅词典命中弱信号(精度约0.66-0.88)，不构成准入依据；本册是否可独立判断整个题肢、官方正误需模型/人工阶段核定,2026-09-24-attribution-v2
BJ-2023-CY-ERMO-Q4,B,,PH,仅词典命中弱信号(精度约0.66-0.88)，不构成准入依据；本册是否可独立判断整个题肢、官方正误需模型/人工阶段核定,2026-09-24-attribution-v2
BJ-2023-CY-ERMO-Q4,C,B3,PH,仅词典命中弱信号(精度约0.66-0.88)，不构成准入依据；本册是否可独立判断整个题肢、官方正误需模型/人工阶段核定,2026-09-24-attribution-v2
BJ-2023-CY-ERMO-Q4,D,,PH,仅词典命中弱信号(精度约0.66-0.88)，不构成准入依据；本册是否可独立判断整个题肢、官方正误需模型/人工阶段核定,2026-09-24-attribution-v2
BJ-2023-CY-ERMO-Q5,①,,PH,仅词典命中弱信号(精度约0.66-0.88)，不构成准入依据；本册是否可独立判断整个题肢、官方正误需模型/人工阶段核定,2026-09-24-attribution-v2
BJ-2023-CY-ERMO-Q5,②,PH,PH,仅词典命中弱信号(精度约0.66-0.88)，不构成准入依据；本册是否可独立判断整个题肢、官方正误需模型/人工阶段核定,2026-09-24-attribution-v2
BJ-2023-CY-ERMO-Q5,③,,PH,仅词典命中弱信号(精度约0.66-0.88)，不构成准入依据；本册是否可独立判断整个题肢、官方正误需模型/人工阶段核定,2026-09-24-attribution-v2
BJ-2023-CY-ERMO-Q5,④,,PH,仅词典命中弱信号(精度约0.66-0.88)，不构成准入依据；本册是否可独立判断整个题肢、官方正误需模型/人工阶段核定,2026-09-24-attribution-v2
BJ-2023-CY-ERMO-Q6,①,,RE,仅词典命中弱信号(精度约0.66-0.88)，不构成准入依据；本册是否可独立判断整个题肢、官方正误需模型/人工阶段核定,2026-09-24-attribution-v2
BJ-2023-CY-ERMO-Q6,②,PH,RE,仅词典命中弱信号(精度约0.66-0.88)，不构成准入依据；本册是否可独立判断整个题肢、官方正误需模型/人工阶段核定,2026-09-24-attribution-v2
BJ-2023-CY-ERMO-Q6,③,,RE,仅词典命中弱信号(精度约0.66-0.88)，不构成准入依据；本册是否可独立判断整个题肢、官方正误需模型/人工阶段核定,2026-09-24-attribution-v2
BJ-2023-CY-ERMO-Q6,④,,RE,仅词典命中弱信号(精度约0.66-0.88)，不构成准入依据；本册是否可独立判断整个题肢、官方正误需模型/人工阶段核定,2026-09-24-attribution-v2
BJ-2023-CY-ERMO-Q7,①,,B3,仅词典命中弱信号(精度约0.66-0.88)，不构成准入依据；本册是否可独立判断整个题肢、官方正误需模型/人工阶段核定,2026-09-24-attribution-v2
BJ-2023-CY-ERMO-Q7,②,MI,B3,仅词典命中弱信号(精度约0.66-0.88)，不构成准入依据；本册是否可独立判断整个题肢、官方正误需模型/人工阶段核定,2026-09-24-attribution-v2
BJ-2023-CY-ERMO-Q7,③,,B3,仅词典命中弱信号(精度约0.66-0.88)，不构成准入依据；本册是否可独立判断整个题肢、官方正误需模型/人工阶段核定,2026-09-24-attribution-v2
BJ-2023-CY-ERMO-Q7,④,MI,B3,仅词典命中弱信号(精度约0.66-0.88)，不构成准入依据；本册是否可独立判断整个题肢、官方正误需模型/人工阶段核定,2026-09-24-attribution-v2
BJ-2023-CY-ERMO-Q8,①,,B3,仅词典命中弱信号(精度约0.66-0.88)，不构成准入依据；本册是否可独立判断整个题肢、官方正误需模型/人工阶段核定,2026-09-24-attribution-v2
BJ-2023-CY-ERMO-Q8,②,,B3,仅词典命中弱信号(精度约0.66-0.88)，不构成准入依据；本册是否可独立判断整个题肢、官方正误需模型/人工阶段核定,2026-09-24-attribution-v2
BJ-2023-CY-ERMO-Q8,③,B3,B3,仅词典命中弱信号(精度约0.66-0.88)，不构成准入依据；本册是否可独立判断整个题肢、官方正误需模型/人工阶段核定,2026-09-24-attribution-v2
BJ-2023-CY-ERMO-Q8,④,PH,B3,仅词典命中弱信号(精度约0.66-0.88)，不构成准入依据；本册是否可独立判断整个题肢、官方正误需模型/人工阶段核定,2026-09-24-attribution-v2
BJ-2023-CY-ERMO-Q9,①,B2,B3,仅词典命中弱信号(精度约0.66-0.88)，不构成准入依据；本册是否可独立判断整个题肢、官方正误需模型/人工阶段核定,2026-09-24-attribution-v2
BJ-2023-CY-ERMO-Q9,②,B2,B3,仅词典命中弱信号(精度约0.66-0.88)，不构成准入依据；本册是否可独立判断整个题肢、官方正误需模型/人工阶段核定,2026-09-24-attribution-v2
BJ-2023-CY-ERMO-Q9,③,B2,B3,仅词典命中弱信号(精度约0.66-0.88)，不构成准入依据；本册是否可独立判断整个题肢、官方正误需模型/人工阶段核定,2026-09-24-attribution-v2
BJ-2023-CY-ERMO-Q9,④,CU,B3,仅词典命中弱信号(精度约0.66-0.88)，不构成准入依据；本册是否可独立判断整个题肢、官方正误需模型/人工阶段核定,2026-09-24-attribution-v2
BJ-2023-CY-ERMO-Q10,①,B2,X2,仅词典命中弱信号(精度约0.66-0.88)，不构成准入依据；本册是否可独立判断整个题肢、官方正误需模型/人工阶段核定,2026-09-24-attribution-v2
BJ-2023-CY-ERMO-Q10,②,,X2,仅词典命中弱信号(精度约0.66-0.88)，不构成准入依据；本册是否可独立判断整个题肢、官方正误需模型/人工阶段核定,2026-09-24-attribution-v2
BJ-2023-CY-ERMO-Q10,③,B2,X2,仅词典命中弱信号(精度约0.66-0.88)，不构成准入依据；本册是否可独立判断整个题肢、官方正误需模型/人工阶段核定,2026-09-24-attribution-v2
BJ-2023-CY-ERMO-Q10,④,,X2,仅词典命中弱信号(精度约0.66-0.88)，不构成准入依据；本册是否可独立判断整个题肢、官方正误需模型/人工阶段核定,2026-09-24-attribution-v2
BJ-2023-CY-ERMO-Q11,①,X1,X2,仅词典命中弱信号(精度约0.66-0.88)，不构成准入依据；本册是否可独立判断整个题肢、官方正误需模型/人工阶段核定,2026-09-24-attribution-v2
BJ-2023-CY-ERMO-Q11,②,X1,X2,仅词典命中弱信号(精度约0.66-0.88)，不构成准入依据；本册是否可独立判断整个题肢、官方正误需模型/人工阶段核定,2026-09-24-attribution-v2
BJ-2023-CY-ERMO-Q11,③,,X2,仅词典命中弱信号(精度约0.66-0.88)，不构成准入依据；本册是否可独立判断整个题肢、官方正误需模型/人工阶段核定,2026-09-24-attribution-v2
BJ-2023-CY-ERMO-Q11,④,,X2,仅词典命中弱信号(精度约0.66-0.88)，不构成准入依据；本册是否可独立判断整个题肢、官方正误需模型/人工阶段核定,2026-09-24-attribution-v2
BJ-2023-CY-ERMO-Q12,①,X1,B2,仅词典命中弱信号(精度约0.66-0.88)，不构成准入依据；本册是否可独立判断整个题肢、官方正误需模型/人工阶段核定,2026-09-24-attribution-v2
BJ-2023-CY-ERMO-Q12,②,X1,B2,仅词典命中弱信号(精度约0.66-0.88)，不构成准入依据；本册是否可独立判断整个题肢、官方正误需模型/人工阶段核定,2026-09-24-attribution-v2
BJ-2023-CY-ERMO-Q12,③,X1,B2,仅词典命中弱信号(精度约0.66-0.88)，不构成准入依据；本册是否可独立判断整个题肢、官方正误需模型/人工阶段核定,2026-09-24-attribution-v2
BJ-2023-CY-ERMO-Q12,④,,B2,仅词典命中弱信号(精度约0.66-0.88)，不构成准入依据；本册是否可独立判断整个题肢、官方正误需模型/人工阶段核定,2026-09-24-attribution-v2
BJ-2023-CY-ERMO-Q13,①,X2,B2,仅词典命中弱信号(精度约0.66-0.88)，不构成准入依据；本册是否可独立判断整个题肢、官方正误需模型/人工阶段核定,2026-09-24-attribution-v2
BJ-2023-CY-ERMO-Q13,②,X2,B2,仅词典命中弱信号(精度约0.66-0.88)，不构成准入依据；本册是否可独立判断整个题肢、官方正误需模型/人工阶段核定,2026-09-24-attribution-v2
BJ-2023-CY-ERMO-Q13,③,X2,B2,仅词典命中弱信号(精度约0.66-0.88)，不构成准入依据；本册是否可独立判断整个题肢、官方正误需模型/人工阶段核定,2026-09-24-attribution-v2
BJ-2023-CY-ERMO-Q13,④,X2,B2,仅词典命中弱信号(精度约0.66-0.88)，不构成准入依据；本册是否可独立判断整个题肢、官方正误需模型/人工阶段核定,2026-09-24-attribution-v2
BJ-2023-CY-ERMO-Q14,A,X2,X1,仅词典命中弱信号(精度约0.66-0.88)，不构成准入依据；本册是否可独立判断整个题肢、官方正误需模型/人工阶段核定,2026-09-24-attribution-v2
BJ-2023-CY-ERMO-Q14,B,,X1,仅词典命中弱信号(精度约0.66-0.88)，不构成准入依据；本册是否可独立判断整个题肢、官方正误需模型/人工阶段核定,2026-09-24-attribution-v2
BJ-2023-CY-ERMO-Q14,C,,X1,仅词典命中弱信号(精度约0.66-0.88)，不构成准入依据；本册是否可独立判断整个题肢、官方正误需模型/人工阶段核定,2026-09-24-attribution-v2
BJ-2023-CY-ERMO-Q14,D,X2,X1,仅词典命中弱信号(精度约0.66-0.88)，不构成准入依据；本册是否可独立判断整个题肢、官方正误需模型/人工阶段核定,2026-09-24-attribution-v2
BJ-2023-CY-ERMO-Q15,A,X1,X1,仅词典命中弱信号(精度约0.66-0.88)，不构成准入依据；本册是否可独立判断整个题肢、官方正误需模型/人工阶段核定,2026-09-24-attribution-v2
BJ-2023-CY-ERMO-Q15,B,X1,X1,仅词典命中弱信号(精度约0.66-0.88)，不构成准入依据；本册是否可独立判断整个题肢、官方正误需模型/人工阶段核定,2026-09-24-attribution-v2
BJ-2023-CY-ERMO-Q15,C,X1,X1,仅词典命中弱信号(精度约0.66-0.88)，不构成准入依据；本册是否可独立判断整个题肢、官方正误需模型/人工阶段核定,2026-09-24-attribution-v2
BJ-2023-CY-ERMO-Q15,D,,X1,仅词典命中弱信号(精度约0.66-0.88)，不构成准入依据；本册是否可独立判断整个题肢、官方正误需模型/人工阶段核定,2026-09-24-attribution-v2
BJ-2021-BJ-GAOKAO-Q1,A,CU,B3,仅词典命中弱信号(精度约0.66-0.88)，不构成准入依据；本册是否可独立判断整个题肢、官方正误需模型/人工阶段核定,2026-09-24-attribution-v2
BJ-2021-BJ-GAOKAO-Q1,B,CU,B3,仅词典命中弱信号(精度约0.66-0.88)，不构成准入依据；本册是否可独立判断整个题肢、官方正误需模型/人工阶段核定,2026-09-24-attribution-v2
BJ-2021-BJ-GAOKAO-Q1,C,CU,B3,仅词典命中弱信号(精度约0.66-0.88)，不构成准入依据；本册是否可独立判断整个题肢、官方正误需模型/人工阶段核定,2026-09-24-attribution-v2
BJ-2021-BJ-GAOKAO-Q1,D,,B3,仅词典命中弱信号(精度约0.66-0.88)，不构成准入依据；本册是否可独立判断整个题肢、官方正误需模型/人工阶段核定,2026-09-24-attribution-v2
BJ-2021-BJ-GAOKAO-Q2,①,CU,CU,仅词典命中弱信号(精度约0.66-0.88)，不构成准入依据；本册是否可独立判断整个题肢、官方正误需模型/人工阶段核定,2026-09-24-attribution-v2
BJ-2021-BJ-GAOKAO-Q2,②,CU,CU,仅词典命中弱信号(精度约0.66-0.88)，不构成准入依据；本册是否可独立判断整个题肢、官方正误需模型/人工阶段核定,2026-09-24-attribution-v2
BJ-2021-BJ-GAOKAO-Q2,③,CU;X1,CU,仅词典命中弱信号(精度约0.66-0.88)，不构成准入依据；本册是否可独立判断整个题肢、官方正误需模型/人工阶段核定,2026-09-24-attribution-v2
BJ-2021-BJ-GAOKAO-Q2,④,,CU,仅词典命中弱信号(精度约0.66-0.88)，不构成准入依据；本册是否可独立判断整个题肢、官方正误需模型/人工阶段核定,2026-09-24-attribution-v2
BJ-2021-BJ-GAOKAO-Q3,A,,PH,仅词典命中弱信号(精度约0.66-0.88)，不构成准入依据；本册是否可独立判断整个题肢、官方正误需模型/人工阶段核定,2026-09-24-attribution-v2
BJ-2021-BJ-GAOKAO-Q3,B,,PH,仅词典命中弱信号(精度约0.66-0.88)，不构成准入依据；本册是否可独立判断整个题肢、官方正误需模型/人工阶段核定,2026-09-24-attribution-v2
BJ-2021-BJ-GAOKAO-Q3,C,,PH,仅词典命中弱信号(精度约0.66-0.88)，不构成准入依据；本册是否可独立判断整个题肢、官方正误需模型/人工阶段核定,2026-09-24-attribution-v2
BJ-2021-BJ-GAOKAO-Q3,D,CU,PH,仅词典命中弱信号(精度约0.66-0.88)，不构成准入依据；本册是否可独立判断整个题肢、官方正误需模型/人工阶段核定,2026-09-24-attribution-v2
BJ-2021-BJ-GAOKAO-Q4,A,CU,PH,仅词典命中弱信号(精度约0.66-0.88)，不构成准入依据；本册是否可独立判断整个题肢、官方正误需模型/人工阶段核定,2026-09-24-attribution-v2
BJ-2021-BJ-GAOKAO-Q4,B,,PH,仅词典命中弱信号(精度约0.66-0.88)，不构成准入依据；本册是否可独立判断整个题肢、官方正误需模型/人工阶段核定,2026-09-24-attribution-v2
BJ-2021-BJ-GAOKAO-Q4,C,,PH,仅词典命中弱信号(精度约0.66-0.88)，不构成准入依据；本册是否可独立判断整个题肢、官方正误需模型/人工阶段核定,2026-09-24-attribution-v2
BJ-2021-BJ-GAOKAO-Q4,D,,PH,仅词典命中弱信号(精度约0.66-0.88)，不构成准入依据；本册是否可独立判断整个题肢、官方正误需模型/人工阶段核定,2026-09-24-attribution-v2
BJ-2021-BJ-GAOKAO-Q5,A,PH,PH,仅词典命中弱信号(精度约0.66-0.88)，不构成准入依据；本册是否可独立判断整个题肢、官方正误需模型/人工阶段核定,2026-09-24-attribution-v2
BJ-2021-BJ-GAOKAO-Q5,B,,PH,仅词典命中弱信号(精度约0.66-0.88)，不构成准入依据；本册是否可独立判断整个题肢、官方正误需模型/人工阶段核定,2026-09-24-attribution-v2
BJ-2021-BJ-GAOKAO-Q5,C,PH,PH,仅词典命中弱信号(精度约0.66-0.88)，不构成准入依据；本册是否可独立判断整个题肢、官方正误需模型/人工阶段核定,2026-09-24-attribution-v2
BJ-2021-BJ-GAOKAO-Q5,D,,PH,仅词典命中弱信号(精度约0.66-0.88)，不构成准入依据；本册是否可独立判断整个题肢、官方正误需模型/人工阶段核定,2026-09-24-attribution-v2
BJ-2021-BJ-GAOKAO-Q6,A,,RE,仅词典命中弱信号(精度约0.66-0.88)，不构成准入依据；本册是否可独立判断整个题肢、官方正误需模型/人工阶段核定,2026-09-24-attribution-v2
BJ-2021-BJ-GAOKAO-Q6,B,,RE,仅词典命中弱信号(精度约0.66-0.88)，不构成准入依据；本册是否可独立判断整个题肢、官方正误需模型/人工阶段核定,2026-09-24-attribution-v2
BJ-2021-BJ-GAOKAO-Q6,C,PH,RE,仅词典命中弱信号(精度约0.66-0.88)，不构成准入依据；本册是否可独立判断整个题肢、官方正误需模型/人工阶段核定,2026-09-24-attribution-v2
BJ-2021-BJ-GAOKAO-Q6,D,,RE,仅词典命中弱信号(精度约0.66-0.88)，不构成准入依据；本册是否可独立判断整个题肢、官方正误需模型/人工阶段核定,2026-09-24-attribution-v2
BJ-2021-BJ-GAOKAO-Q7,①,,B3,仅词典命中弱信号(精度约0.66-0.88)，不构成准入依据；本册是否可独立判断整个题肢、官方正误需模型/人工阶段核定,2026-09-24-attribution-v2
BJ-2021-BJ-GAOKAO-Q7,②,PH,B3,仅词典命中弱信号(精度约0.66-0.88)，不构成准入依据；本册是否可独立判断整个题肢、官方正误需模型/人工阶段核定,2026-09-24-attribution-v2
BJ-2021-BJ-GAOKAO-Q7,③,,B3,仅词典命中弱信号(精度约0.66-0.88)，不构成准入依据；本册是否可独立判断整个题肢、官方正误需模型/人工阶段核定,2026-09-24-attribution-v2
BJ-2021-BJ-GAOKAO-Q7,④,,B3,仅词典命中弱信号(精度约0.66-0.88)，不构成准入依据；本册是否可独立判断整个题肢、官方正误需模型/人工阶段核定,2026-09-24-attribution-v2
BJ-2021-BJ-GAOKAO-Q8,①,B2,B3,仅词典命中弱信号(精度约0.66-0.88)，不构成准入依据；本册是否可独立判断整个题肢、官方正误需模型/人工阶段核定,2026-09-24-attribution-v2
BJ-2021-BJ-GAOKAO-Q8,②,,B3,仅词典命中弱信号(精度约0.66-0.88)，不构成准入依据；本册是否可独立判断整个题肢、官方正误需模型/人工阶段核定,2026-09-24-attribution-v2
BJ-2021-BJ-GAOKAO-Q8,③,B3,B3,仅词典命中弱信号(精度约0.66-0.88)，不构成准入依据；本册是否可独立判断整个题肢、官方正误需模型/人工阶段核定,2026-09-24-attribution-v2
BJ-2021-BJ-GAOKAO-Q8,④,,B3,仅词典命中弱信号(精度约0.66-0.88)，不构成准入依据；本册是否可独立判断整个题肢、官方正误需模型/人工阶段核定,2026-09-24-attribution-v2
BJ-2021-BJ-GAOKAO-Q9,①,RE,B3,仅词典命中弱信号(精度约0.66-0.88)，不构成准入依据；本册是否可独立判断整个题肢、官方正误需模型/人工阶段核定,2026-09-24-attribution-v2
BJ-2021-BJ-GAOKAO-Q9,②,,B3,仅词典命中弱信号(精度约0.66-0.88)，不构成准入依据；本册是否可独立判断整个题肢、官方正误需模型/人工阶段核定,2026-09-24-attribution-v2
BJ-2021-BJ-GAOKAO-Q9,③,,B3,仅词典命中弱信号(精度约0.66-0.88)，不构成准入依据；本册是否可独立判断整个题肢、官方正误需模型/人工阶段核定,2026-09-24-attribution-v2
BJ-2021-BJ-GAOKAO-Q9,④,CU,B3,仅词典命中弱信号(精度约0.66-0.88)，不构成准入依据；本册是否可独立判断整个题肢、官方正误需模型/人工阶段核定,2026-09-24-attribution-v2
BJ-2021-BJ-GAOKAO-Q10,A,X1,X2,仅词典命中弱信号(精度约0.66-0.88)，不构成准入依据；本册是否可独立判断整个题肢、官方正误需模型/人工阶段核定,2026-09-24-attribution-v2
BJ-2021-BJ-GAOKAO-Q10,B,X1,X2,仅词典命中弱信号(精度约0.66-0.88)，不构成准入依据；本册是否可独立判断整个题肢、官方正误需模型/人工阶段核定,2026-09-24-attribution-v2
BJ-2021-BJ-GAOKAO-Q10,C,B2,X2,仅词典命中弱信号(精度约0.66-0.88)，不构成准入依据；本册是否可独立判断整个题肢、官方正误需模型/人工阶段核定,2026-09-24-attribution-v2
BJ-2021-BJ-GAOKAO-Q10,D,B2;X1,X2,仅词典命中弱信号(精度约0.66-0.88)，不构成准入依据；本册是否可独立判断整个题肢、官方正误需模型/人工阶段核定,2026-09-24-attribution-v2
BJ-2021-BJ-GAOKAO-Q11,①,B2,X2,仅词典命中弱信号(精度约0.66-0.88)，不构成准入依据；本册是否可独立判断整个题肢、官方正误需模型/人工阶段核定,2026-09-24-attribution-v2
BJ-2021-BJ-GAOKAO-Q11,②,B2,X2,仅词典命中弱信号(精度约0.66-0.88)，不构成准入依据；本册是否可独立判断整个题肢、官方正误需模型/人工阶段核定,2026-09-24-attribution-v2
BJ-2021-BJ-GAOKAO-Q11,③,B2,X2,仅词典命中弱信号(精度约0.66-0.88)，不构成准入依据；本册是否可独立判断整个题肢、官方正误需模型/人工阶段核定,2026-09-24-attribution-v2
BJ-2021-BJ-GAOKAO-Q11,④,,X2,仅词典命中弱信号(精度约0.66-0.88)，不构成准入依据；本册是否可独立判断整个题肢、官方正误需模型/人工阶段核定,2026-09-24-attribution-v2
BJ-2021-BJ-GAOKAO-Q12,A,B2,B2,仅词典命中弱信号(精度约0.66-0.88)，不构成准入依据；本册是否可独立判断整个题肢、官方正误需模型/人工阶段核定,2026-09-24-attribution-v2
BJ-2021-BJ-GAOKAO-Q12,B,,B2,仅词典命中弱信号(精度约0.66-0.88)，不构成准入依据；本册是否可独立判断整个题肢、官方正误需模型/人工阶段核定,2026-09-24-attribution-v2
BJ-2021-BJ-GAOKAO-Q12,C,,B2,仅词典命中弱信号(精度约0.66-0.88)，不构成准入依据；本册是否可独立判断整个题肢、官方正误需模型/人工阶段核定,2026-09-24-attribution-v2
BJ-2021-BJ-GAOKAO-Q12,D,,B2,仅词典命中弱信号(精度约0.66-0.88)，不构成准入依据；本册是否可独立判断整个题肢、官方正误需模型/人工阶段核定,2026-09-24-attribution-v2
BJ-2021-BJ-GAOKAO-Q13,A,,B2,仅词典命中弱信号(精度约0.66-0.88)，不构成准入依据；本册是否可独立判断整个题肢、官方正误需模型/人工阶段核定,2026-09-24-attribution-v2
BJ-2021-BJ-GAOKAO-Q13,C,,B2,仅词典命中弱信号(精度约0.66-0.88)，不构成准入依据；本册是否可独立判断整个题肢、官方正误需模型/人工阶段核定,2026-09-24-attribution-v2
BJ-2021-BJ-GAOKAO-Q14,A,B2,X1,仅词典命中弱信号(精度约0.66-0.88)，不构成准入依据；本册是否可独立判断整个题肢、官方正误需模型/人工阶段核定,2026-09-24-attribution-v2
BJ-2021-BJ-GAOKAO-Q14,B,,X1,仅词典命中弱信号(精度约0.66-0.88)，不构成准入依据；本册是否可独立判断整个题肢、官方正误需模型/人工阶段核定,2026-09-24-attribution-v2
BJ-2021-BJ-GAOKAO-Q14,C,X1,X1,仅词典命中弱信号(精度约0.66-0.88)，不构成准入依据；本册是否可独立判断整个题肢、官方正误需模型/人工阶段核定,2026-09-24-attribution-v2
BJ-2021-BJ-GAOKAO-Q14,D,B2;X1,X1,仅词典命中弱信号(精度约0.66-0.88)，不构成准入依据；本册是否可独立判断整个题肢、官方正误需模型/人工阶段核定,2026-09-24-attribution-v2
BJ-2021-BJ-GAOKAO-Q15,①,,X1,仅词典命中弱信号(精度约0.66-0.88)，不构成准入依据；本册是否可独立判断整个题肢、官方正误需模型/人工阶段核定,2026-09-24-attribution-v2
BJ-2021-BJ-GAOKAO-Q15,②,,X1,仅词典命中弱信号(精度约0.66-0.88)，不构成准入依据；本册是否可独立判断整个题肢、官方正误需模型/人工阶段核定,2026-09-24-attribution-v2
BJ-2021-BJ-GAOKAO-Q15,③,,X1,仅词典命中弱信号(精度约0.66-0.88)，不构成准入依据；本册是否可独立判断整个题肢、官方正误需模型/人工阶段核定,2026-09-24-attribution-v2
BJ-2021-BJ-GAOKAO-Q15,④,,X1,仅词典命中弱信号(精度约0.66-0.88)，不构成准入依据；本册是否可独立判断整个题肢、官方正误需模型/人工阶段核定,2026-09-24-attribution-v2
BJ-2024-HD-QIZHONG-Q1,①,B2,B3,仅词典命中弱信号(精度约0.66-0.88)，不构成准入依据；本册是否可独立判断整个题肢、官方正误需模型/人工阶段核定,2026-09-24-attribution-v2
BJ-2024-HD-QIZHONG-Q1,②,B2,B3,仅词典命中弱信号(精度约0.66-0.88)，不构成准入依据；本册是否可独立判断整个题肢、官方正误需模型/人工阶段核定,2026-09-24-attribution-v2
BJ-2024-HD-QIZHONG-Q1,③,,B3,仅词典命中弱信号(精度约0.66-0.88)，不构成准入依据；本册是否可独立判断整个题肢、官方正误需模型/人工阶段核定,2026-09-24-attribution-v2
BJ-2024-HD-QIZHONG-Q1,④,B2,B3,仅词典命中弱信号(精度约0.66-0.88)，不构成准入依据；本册是否可独立判断整个题肢、官方正误需模型/人工阶段核定,2026-09-24-attribution-v2
BJ-2024-HD-QIZHONG-Q2,①,,B3,仅词典命中弱信号(精度约0.66-0.88)，不构成准入依据；本册是否可独立判断整个题肢、官方正误需模型/人工阶段核定,2026-09-24-attribution-v2
BJ-2024-HD-QIZHONG-Q2,②,,B3,仅词典命中弱信号(精度约0.66-0.88)，不构成准入依据；本册是否可独立判断整个题肢、官方正误需模型/人工阶段核定,2026-09-24-attribution-v2
BJ-2024-HD-QIZHONG-Q2,③,,B3,仅词典命中弱信号(精度约0.66-0.88)，不构成准入依据；本册是否可独立判断整个题肢、官方正误需模型/人工阶段核定,2026-09-24-attribution-v2
BJ-2024-HD-QIZHONG-Q2,④,B2,B3,仅词典命中弱信号(精度约0.66-0.88)，不构成准入依据；本册是否可独立判断整个题肢、官方正误需模型/人工阶段核定,2026-09-24-attribution-v2
BJ-2024-HD-QIZHONG-Q3,①,B2,PH,仅词典命中弱信号(精度约0.66-0.88)，不构成准入依据；本册是否可独立判断整个题肢、官方正误需模型/人工阶段核定,2026-09-24-attribution-v2
BJ-2024-HD-QIZHONG-Q3,②,,PH,仅词典命中弱信号(精度约0.66-0.88)，不构成准入依据；本册是否可独立判断整个题肢、官方正误需模型/人工阶段核定,2026-09-24-attribution-v2
BJ-2024-HD-QIZHONG-Q3,③,X2,PH,仅词典命中弱信号(精度约0.66-0.88)，不构成准入依据；本册是否可独立判断整个题肢、官方正误需模型/人工阶段核定,2026-09-24-attribution-v2
BJ-2024-HD-QIZHONG-Q3,④,,PH,仅词典命中弱信号(精度约0.66-0.88)，不构成准入依据；本册是否可独立判断整个题肢、官方正误需模型/人工阶段核定,2026-09-24-attribution-v2
BJ-2024-HD-QIZHONG-Q4,A,B2,PH,仅词典命中弱信号(精度约0.66-0.88)，不构成准入依据；本册是否可独立判断整个题肢、官方正误需模型/人工阶段核定,2026-09-24-attribution-v2
BJ-2024-HD-QIZHONG-Q4,B,B2,PH,仅词典命中弱信号(精度约0.66-0.88)，不构成准入依据；本册是否可独立判断整个题肢、官方正误需模型/人工阶段核定,2026-09-24-attribution-v2
BJ-2024-HD-QIZHONG-Q4,C,,PH,仅词典命中弱信号(精度约0.66-0.88)，不构成准入依据；本册是否可独立判断整个题肢、官方正误需模型/人工阶段核定,2026-09-24-attribution-v2
BJ-2024-HD-QIZHONG-Q4,D,B2,PH,仅词典命中弱信号(精度约0.66-0.88)，不构成准入依据；本册是否可独立判断整个题肢、官方正误需模型/人工阶段核定,2026-09-24-attribution-v2
BJ-2024-HD-QIZHONG-Q5,①,,PH,仅词典命中弱信号(精度约0.66-0.88)，不构成准入依据；本册是否可独立判断整个题肢、官方正误需模型/人工阶段核定,2026-09-24-attribution-v2
BJ-2024-HD-QIZHONG-Q5,②,,PH,仅词典命中弱信号(精度约0.66-0.88)，不构成准入依据；本册是否可独立判断整个题肢、官方正误需模型/人工阶段核定,2026-09-24-attribution-v2
BJ-2024-HD-QIZHONG-Q5,③,B2,PH,仅词典命中弱信号(精度约0.66-0.88)，不构成准入依据；本册是否可独立判断整个题肢、官方正误需模型/人工阶段核定,2026-09-24-attribution-v2
BJ-2024-HD-QIZHONG-Q5,④,,PH,仅词典命中弱信号(精度约0.66-0.88)，不构成准入依据；本册是否可独立判断整个题肢、官方正误需模型/人工阶段核定,2026-09-24-attribution-v2
BJ-2024-HD-QIZHONG-Q6,①,,CU,仅词典命中弱信号(精度约0.66-0.88)，不构成准入依据；本册是否可独立判断整个题肢、官方正误需模型/人工阶段核定,2026-09-24-attribution-v2
BJ-2024-HD-QIZHONG-Q6,②,B2,CU,仅词典命中弱信号(精度约0.66-0.88)，不构成准入依据；本册是否可独立判断整个题肢、官方正误需模型/人工阶段核定,2026-09-24-attribution-v2
BJ-2024-HD-QIZHONG-Q6,③,B2,CU,仅词典命中弱信号(精度约0.66-0.88)，不构成准入依据；本册是否可独立判断整个题肢、官方正误需模型/人工阶段核定,2026-09-24-attribution-v2
BJ-2024-HD-QIZHONG-Q6,④,,CU,仅词典命中弱信号(精度约0.66-0.88)，不构成准入依据；本册是否可独立判断整个题肢、官方正误需模型/人工阶段核定,2026-09-24-attribution-v2
BJ-2024-HD-QIZHONG-Q7,①,B3,B3,仅词典命中弱信号(精度约0.66-0.88)，不构成准入依据；本册是否可独立判断整个题肢、官方正误需模型/人工阶段核定,2026-09-24-attribution-v2
BJ-2024-HD-QIZHONG-Q7,②,B2;B3,B3,仅词典命中弱信号(精度约0.66-0.88)，不构成准入依据；本册是否可独立判断整个题肢、官方正误需模型/人工阶段核定,2026-09-24-attribution-v2
BJ-2024-HD-QIZHONG-Q7,③,B2,B3,仅词典命中弱信号(精度约0.66-0.88)，不构成准入依据；本册是否可独立判断整个题肢、官方正误需模型/人工阶段核定,2026-09-24-attribution-v2
BJ-2024-HD-QIZHONG-Q7,④,B2,B3,仅词典命中弱信号(精度约0.66-0.88)，不构成准入依据；本册是否可独立判断整个题肢、官方正误需模型/人工阶段核定,2026-09-24-attribution-v2
BJ-2024-HD-QIZHONG-Q8,①,B3,B3,仅词典命中弱信号(精度约0.66-0.88)，不构成准入依据；本册是否可独立判断整个题肢、官方正误需模型/人工阶段核定,2026-09-24-attribution-v2
BJ-2024-HD-QIZHONG-Q8,②,B3,B3,仅词典命中弱信号(精度约0.66-0.88)，不构成准入依据；本册是否可独立判断整个题肢、官方正误需模型/人工阶段核定,2026-09-24-attribution-v2
BJ-2024-HD-QIZHONG-Q8,③,,B3,仅词典命中弱信号(精度约0.66-0.88)，不构成准入依据；本册是否可独立判断整个题肢、官方正误需模型/人工阶段核定,2026-09-24-attribution-v2
BJ-2024-HD-QIZHONG-Q8,④,,B3,仅词典命中弱信号(精度约0.66-0.88)，不构成准入依据；本册是否可独立判断整个题肢、官方正误需模型/人工阶段核定,2026-09-24-attribution-v2
BJ-2024-HD-QIZHONG-Q9,①,,B3,仅词典命中弱信号(精度约0.66-0.88)，不构成准入依据；本册是否可独立判断整个题肢、官方正误需模型/人工阶段核定,2026-09-24-attribution-v2
BJ-2024-HD-QIZHONG-Q9,②,,B3,仅词典命中弱信号(精度约0.66-0.88)，不构成准入依据；本册是否可独立判断整个题肢、官方正误需模型/人工阶段核定,2026-09-24-attribution-v2
BJ-2024-HD-QIZHONG-Q9,③,,B3,仅词典命中弱信号(精度约0.66-0.88)，不构成准入依据；本册是否可独立判断整个题肢、官方正误需模型/人工阶段核定,2026-09-24-attribution-v2
BJ-2024-HD-QIZHONG-Q9,④,,B3,仅词典命中弱信号(精度约0.66-0.88)，不构成准入依据；本册是否可独立判断整个题肢、官方正误需模型/人工阶段核定,2026-09-24-attribution-v2
BJ-2024-HD-QIZHONG-Q10,①,,X2,仅词典命中弱信号(精度约0.66-0.88)，不构成准入依据；本册是否可独立判断整个题肢、官方正误需模型/人工阶段核定,2026-09-24-attribution-v2
BJ-2024-HD-QIZHONG-Q10,②,,X2,仅词典命中弱信号(精度约0.66-0.88)，不构成准入依据；本册是否可独立判断整个题肢、官方正误需模型/人工阶段核定,2026-09-24-attribution-v2
BJ-2024-HD-QIZHONG-Q10,③,X2,X2,仅词典命中弱信号(精度约0.66-0.88)，不构成准入依据；本册是否可独立判断整个题肢、官方正误需模型/人工阶段核定,2026-09-24-attribution-v2
BJ-2024-HD-QIZHONG-Q10,④,,X2,仅词典命中弱信号(精度约0.66-0.88)，不构成准入依据；本册是否可独立判断整个题肢、官方正误需模型/人工阶段核定,2026-09-24-attribution-v2
BJ-2024-HD-QIZHONG-Q11,①,,B3,仅词典命中弱信号(精度约0.66-0.88)，不构成准入依据；本册是否可独立判断整个题肢、官方正误需模型/人工阶段核定,2026-09-24-attribution-v2
BJ-2024-HD-QIZHONG-Q11,②,B3,B3,仅词典命中弱信号(精度约0.66-0.88)，不构成准入依据；本册是否可独立判断整个题肢、官方正误需模型/人工阶段核定,2026-09-24-attribution-v2
BJ-2024-HD-QIZHONG-Q11,③,B3,B3,仅词典命中弱信号(精度约0.66-0.88)，不构成准入依据；本册是否可独立判断整个题肢、官方正误需模型/人工阶段核定,2026-09-24-attribution-v2
BJ-2024-HD-QIZHONG-Q11,④,,B3,仅词典命中弱信号(精度约0.66-0.88)，不构成准入依据；本册是否可独立判断整个题肢、官方正误需模型/人工阶段核定,2026-09-24-attribution-v2
BJ-2024-HD-QIZHONG-Q12,①,X1,B2,仅词典命中弱信号(精度约0.66-0.88)，不构成准入依据；本册是否可独立判断整个题肢、官方正误需模型/人工阶段核定,2026-09-24-attribution-v2
BJ-2024-HD-QIZHONG-Q12,②,X1,B2,仅词典命中弱信号(精度约0.66-0.88)，不构成准入依据；本册是否可独立判断整个题肢、官方正误需模型/人工阶段核定,2026-09-24-attribution-v2
BJ-2024-HD-QIZHONG-Q12,③,B2;X1,B2,仅词典命中弱信号(精度约0.66-0.88)，不构成准入依据；本册是否可独立判断整个题肢、官方正误需模型/人工阶段核定,2026-09-24-attribution-v2
BJ-2024-HD-QIZHONG-Q12,④,B2,B2,仅词典命中弱信号(精度约0.66-0.88)，不构成准入依据；本册是否可独立判断整个题肢、官方正误需模型/人工阶段核定,2026-09-24-attribution-v2
BJ-2024-HD-QIZHONG-Q13,①,,B2,仅词典命中弱信号(精度约0.66-0.88)，不构成准入依据；本册是否可独立判断整个题肢、官方正误需模型/人工阶段核定,2026-09-24-attribution-v2
BJ-2024-HD-QIZHONG-Q13,②,X1,B2,仅词典命中弱信号(精度约0.66-0.88)，不构成准入依据；本册是否可独立判断整个题肢、官方正误需模型/人工阶段核定,2026-09-24-attribution-v2
BJ-2024-HD-QIZHONG-Q13,③,B2,B2,仅词典命中弱信号(精度约0.66-0.88)，不构成准入依据；本册是否可独立判断整个题肢、官方正误需模型/人工阶段核定,2026-09-24-attribution-v2
BJ-2024-HD-QIZHONG-Q13,④,X1,B2,仅词典命中弱信号(精度约0.66-0.88)，不构成准入依据；本册是否可独立判断整个题肢、官方正误需模型/人工阶段核定,2026-09-24-attribution-v2
BJ-2024-HD-QIZHONG-Q14,①,X1,B2,仅词典命中弱信号(精度约0.66-0.88)，不构成准入依据；本册是否可独立判断整个题肢、官方正误需模型/人工阶段核定,2026-09-24-attribution-v2
BJ-2024-HD-QIZHONG-Q14,②,X1,B2,仅词典命中弱信号(精度约0.66-0.88)，不构成准入依据；本册是否可独立判断整个题肢、官方正误需模型/人工阶段核定,2026-09-24-attribution-v2
BJ-2024-HD-QIZHONG-Q14,③,,B2,仅词典命中弱信号(精度约0.66-0.88)，不构成准入依据；本册是否可独立判断整个题肢、官方正误需模型/人工阶段核定,2026-09-24-attribution-v2
BJ-2024-HD-QIZHONG-Q14,④,X1,B2,仅词典命中弱信号(精度约0.66-0.88)，不构成准入依据；本册是否可独立判断整个题肢、官方正误需模型/人工阶段核定,2026-09-24-attribution-v2
BJ-2024-HD-QIZHONG-Q15,①,X1,X1,仅词典命中弱信号(精度约0.66-0.88)，不构成准入依据；本册是否可独立判断整个题肢、官方正误需模型/人工阶段核定,2026-09-24-attribution-v2
BJ-2024-HD-QIZHONG-Q15,②,,X1,仅词典命中弱信号(精度约0.66-0.88)，不构成准入依据；本册是否可独立判断整个题肢、官方正误需模型/人工阶段核定,2026-09-24-attribution-v2
BJ-2024-HD-QIZHONG-Q15,③,,X1,仅词典命中弱信号(精度约0.66-0.88)，不构成准入依据；本册是否可独立判断整个题肢、官方正误需模型/人工阶段核定,2026-09-24-attribution-v2
BJ-2024-HD-QIZHONG-Q15,④,,X1,仅词典命中弱信号(精度约0.66-0.88)，不构成准入依据；本册是否可独立判断整个题肢、官方正误需模型/人工阶段核定,2026-09-24-attribution-v2
BJ-2026-CY-QIMO-Q1,①,,B3,仅词典命中弱信号(精度约0.66-0.88)，不构成准入依据；本册是否可独立判断整个题肢、官方正误需模型/人工阶段核定,2026-09-24-attribution-v2
BJ-2026-CY-QIMO-Q1,②,X1,B3,仅词典命中弱信号(精度约0.66-0.88)，不构成准入依据；本册是否可独立判断整个题肢、官方正误需模型/人工阶段核定,2026-09-24-attribution-v2
BJ-2026-CY-QIMO-Q1,③,B1,B3,仅词典命中弱信号(精度约0.66-0.88)，不构成准入依据；本册是否可独立判断整个题肢、官方正误需模型/人工阶段核定,2026-09-24-attribution-v2
BJ-2026-CY-QIMO-Q1,④,B3,B3,仅词典命中弱信号(精度约0.66-0.88)，不构成准入依据；本册是否可独立判断整个题肢、官方正误需模型/人工阶段核定,2026-09-24-attribution-v2
BJ-2026-CY-QIMO-Q2,①,MI;PH,B3,仅词典命中弱信号(精度约0.66-0.88)，不构成准入依据；本册是否可独立判断整个题肢、官方正误需模型/人工阶段核定,2026-09-24-attribution-v2
BJ-2026-CY-QIMO-Q2,②,PH,B3,仅词典命中弱信号(精度约0.66-0.88)，不构成准入依据；本册是否可独立判断整个题肢、官方正误需模型/人工阶段核定,2026-09-24-attribution-v2
BJ-2026-CY-QIMO-Q2,③,,B3,仅词典命中弱信号(精度约0.66-0.88)，不构成准入依据；本册是否可独立判断整个题肢、官方正误需模型/人工阶段核定,2026-09-24-attribution-v2
BJ-2026-CY-QIMO-Q2,④,B2;PH,B3,仅词典命中弱信号(精度约0.66-0.88)，不构成准入依据；本册是否可独立判断整个题肢、官方正误需模型/人工阶段核定,2026-09-24-attribution-v2
BJ-2026-CY-QIMO-Q3,①,,PH,仅词典命中弱信号(精度约0.66-0.88)，不构成准入依据；本册是否可独立判断整个题肢、官方正误需模型/人工阶段核定,2026-09-24-attribution-v2
BJ-2026-CY-QIMO-Q3,②,,PH,仅词典命中弱信号(精度约0.66-0.88)，不构成准入依据；本册是否可独立判断整个题肢、官方正误需模型/人工阶段核定,2026-09-24-attribution-v2
BJ-2026-CY-QIMO-Q3,③,,PH,仅词典命中弱信号(精度约0.66-0.88)，不构成准入依据；本册是否可独立判断整个题肢、官方正误需模型/人工阶段核定,2026-09-24-attribution-v2
BJ-2026-CY-QIMO-Q3,④,,PH,仅词典命中弱信号(精度约0.66-0.88)，不构成准入依据；本册是否可独立判断整个题肢、官方正误需模型/人工阶段核定,2026-09-24-attribution-v2
BJ-2026-CY-QIMO-Q4,A,,PH,仅词典命中弱信号(精度约0.66-0.88)，不构成准入依据；本册是否可独立判断整个题肢、官方正误需模型/人工阶段核定,2026-09-24-attribution-v2
BJ-2026-CY-QIMO-Q4,B,,PH,仅词典命中弱信号(精度约0.66-0.88)，不构成准入依据；本册是否可独立判断整个题肢、官方正误需模型/人工阶段核定,2026-09-24-attribution-v2
BJ-2026-CY-QIMO-Q4,C,,PH,仅词典命中弱信号(精度约0.66-0.88)，不构成准入依据；本册是否可独立判断整个题肢、官方正误需模型/人工阶段核定,2026-09-24-attribution-v2
BJ-2026-CY-QIMO-Q4,D,,PH,仅词典命中弱信号(精度约0.66-0.88)，不构成准入依据；本册是否可独立判断整个题肢、官方正误需模型/人工阶段核定,2026-09-24-attribution-v2
BJ-2026-CY-QIMO-Q5,A,RE,PH,仅词典命中弱信号(精度约0.66-0.88)，不构成准入依据；本册是否可独立判断整个题肢、官方正误需模型/人工阶段核定,2026-09-24-attribution-v2
BJ-2026-CY-QIMO-Q5,B,,PH,仅词典命中弱信号(精度约0.66-0.88)，不构成准入依据；本册是否可独立判断整个题肢、官方正误需模型/人工阶段核定,2026-09-24-attribution-v2
BJ-2026-CY-QIMO-Q5,C,,PH,仅词典命中弱信号(精度约0.66-0.88)，不构成准入依据；本册是否可独立判断整个题肢、官方正误需模型/人工阶段核定,2026-09-24-attribution-v2
BJ-2026-CY-QIMO-Q5,D,,PH,仅词典命中弱信号(精度约0.66-0.88)，不构成准入依据；本册是否可独立判断整个题肢、官方正误需模型/人工阶段核定,2026-09-24-attribution-v2
BJ-2026-CY-QIMO-Q6,A,,CU,仅词典命中弱信号(精度约0.66-0.88)，不构成准入依据；本册是否可独立判断整个题肢、官方正误需模型/人工阶段核定,2026-09-24-attribution-v2
BJ-2026-CY-QIMO-Q6,B,,CU,仅词典命中弱信号(精度约0.66-0.88)，不构成准入依据；本册是否可独立判断整个题肢、官方正误需模型/人工阶段核定,2026-09-24-attribution-v2
BJ-2026-CY-QIMO-Q6,C,,CU,仅词典命中弱信号(精度约0.66-0.88)，不构成准入依据；本册是否可独立判断整个题肢、官方正误需模型/人工阶段核定,2026-09-24-attribution-v2
BJ-2026-CY-QIMO-Q6,D,,CU,仅词典命中弱信号(精度约0.66-0.88)，不构成准入依据；本册是否可独立判断整个题肢、官方正误需模型/人工阶段核定,2026-09-24-attribution-v2
BJ-2026-CY-QIMO-Q7,A,B3,B3,仅词典命中弱信号(精度约0.66-0.88)，不构成准入依据；本册是否可独立判断整个题肢、官方正误需模型/人工阶段核定,2026-09-24-attribution-v2
BJ-2026-CY-QIMO-Q7,B,,B3,仅词典命中弱信号(精度约0.66-0.88)，不构成准入依据；本册是否可独立判断整个题肢、官方正误需模型/人工阶段核定,2026-09-24-attribution-v2
BJ-2026-CY-QIMO-Q7,C,B3;X2,B3,仅词典命中弱信号(精度约0.66-0.88)，不构成准入依据；本册是否可独立判断整个题肢、官方正误需模型/人工阶段核定,2026-09-24-attribution-v2
BJ-2026-CY-QIMO-Q7,D,B3,B3,仅词典命中弱信号(精度约0.66-0.88)，不构成准入依据；本册是否可独立判断整个题肢、官方正误需模型/人工阶段核定,2026-09-24-attribution-v2
BJ-2026-CY-QIMO-Q8,①,B3,B3,仅词典命中弱信号(精度约0.66-0.88)，不构成准入依据；本册是否可独立判断整个题肢、官方正误需模型/人工阶段核定,2026-09-24-attribution-v2
BJ-2026-CY-QIMO-Q8,②,B3,B3,仅词典命中弱信号(精度约0.66-0.88)，不构成准入依据；本册是否可独立判断整个题肢、官方正误需模型/人工阶段核定,2026-09-24-attribution-v2
BJ-2026-CY-QIMO-Q8,③,B3,B3,仅词典命中弱信号(精度约0.66-0.88)，不构成准入依据；本册是否可独立判断整个题肢、官方正误需模型/人工阶段核定,2026-09-24-attribution-v2
BJ-2026-CY-QIMO-Q8,④,B3,B3,仅词典命中弱信号(精度约0.66-0.88)，不构成准入依据；本册是否可独立判断整个题肢、官方正误需模型/人工阶段核定,2026-09-24-attribution-v2
BJ-2026-CY-QIMO-Q9,①,B3,B3,仅词典命中弱信号(精度约0.66-0.88)，不构成准入依据；本册是否可独立判断整个题肢、官方正误需模型/人工阶段核定,2026-09-24-attribution-v2
BJ-2026-CY-QIMO-Q9,②,B3,B3,仅词典命中弱信号(精度约0.66-0.88)，不构成准入依据；本册是否可独立判断整个题肢、官方正误需模型/人工阶段核定,2026-09-24-attribution-v2
BJ-2026-CY-QIMO-Q9,③,B3,B3,仅词典命中弱信号(精度约0.66-0.88)，不构成准入依据；本册是否可独立判断整个题肢、官方正误需模型/人工阶段核定,2026-09-24-attribution-v2
BJ-2026-CY-QIMO-Q9,④,X1,B3,仅词典命中弱信号(精度约0.66-0.88)，不构成准入依据；本册是否可独立判断整个题肢、官方正误需模型/人工阶段核定,2026-09-24-attribution-v2
BJ-2026-CY-QIMO-Q10,①,X2,B3,仅词典命中弱信号(精度约0.66-0.88)，不构成准入依据；本册是否可独立判断整个题肢、官方正误需模型/人工阶段核定,2026-09-24-attribution-v2
BJ-2026-CY-QIMO-Q10,②,X2,B3,仅词典命中弱信号(精度约0.66-0.88)，不构成准入依据；本册是否可独立判断整个题肢、官方正误需模型/人工阶段核定,2026-09-24-attribution-v2
BJ-2026-CY-QIMO-Q10,③,B3;X2,B3,仅词典命中弱信号(精度约0.66-0.88)，不构成准入依据；本册是否可独立判断整个题肢、官方正误需模型/人工阶段核定,2026-09-24-attribution-v2
BJ-2026-CY-QIMO-Q10,④,,B3,仅词典命中弱信号(精度约0.66-0.88)，不构成准入依据；本册是否可独立判断整个题肢、官方正误需模型/人工阶段核定,2026-09-24-attribution-v2
BJ-2026-CY-QIMO-Q11,A,X2,B3,仅词典命中弱信号(精度约0.66-0.88)，不构成准入依据；本册是否可独立判断整个题肢、官方正误需模型/人工阶段核定,2026-09-24-attribution-v2
BJ-2026-CY-QIMO-Q11,B,,B3,仅词典命中弱信号(精度约0.66-0.88)，不构成准入依据；本册是否可独立判断整个题肢、官方正误需模型/人工阶段核定,2026-09-24-attribution-v2
BJ-2026-CY-QIMO-Q11,C,,B3,仅词典命中弱信号(精度约0.66-0.88)，不构成准入依据；本册是否可独立判断整个题肢、官方正误需模型/人工阶段核定,2026-09-24-attribution-v2
BJ-2026-CY-QIMO-Q11,D,X2,B3,仅词典命中弱信号(精度约0.66-0.88)，不构成准入依据；本册是否可独立判断整个题肢、官方正误需模型/人工阶段核定,2026-09-24-attribution-v2
BJ-2026-CY-QIMO-Q12,①,B2,B2,仅词典命中弱信号(精度约0.66-0.88)，不构成准入依据；本册是否可独立判断整个题肢、官方正误需模型/人工阶段核定,2026-09-24-attribution-v2
BJ-2026-CY-QIMO-Q12,②,,B2,仅词典命中弱信号(精度约0.66-0.88)，不构成准入依据；本册是否可独立判断整个题肢、官方正误需模型/人工阶段核定,2026-09-24-attribution-v2
BJ-2026-CY-QIMO-Q12,③,,B2,仅词典命中弱信号(精度约0.66-0.88)，不构成准入依据；本册是否可独立判断整个题肢、官方正误需模型/人工阶段核定,2026-09-24-attribution-v2
BJ-2026-CY-QIMO-Q12,④,,B2,仅词典命中弱信号(精度约0.66-0.88)，不构成准入依据；本册是否可独立判断整个题肢、官方正误需模型/人工阶段核定,2026-09-24-attribution-v2
BJ-2026-CY-QIMO-Q13,①,B2,B2,仅词典命中弱信号(精度约0.66-0.88)，不构成准入依据；本册是否可独立判断整个题肢、官方正误需模型/人工阶段核定,2026-09-24-attribution-v2
BJ-2026-CY-QIMO-Q13,②,,B2,仅词典命中弱信号(精度约0.66-0.88)，不构成准入依据；本册是否可独立判断整个题肢、官方正误需模型/人工阶段核定,2026-09-24-attribution-v2
BJ-2026-CY-QIMO-Q13,③,B2,B2,仅词典命中弱信号(精度约0.66-0.88)，不构成准入依据；本册是否可独立判断整个题肢、官方正误需模型/人工阶段核定,2026-09-24-attribution-v2
BJ-2026-CY-QIMO-Q13,④,B2,B2,仅词典命中弱信号(精度约0.66-0.88)，不构成准入依据；本册是否可独立判断整个题肢、官方正误需模型/人工阶段核定,2026-09-24-attribution-v2
BJ-2026-CY-QIMO-Q14,①,X1,B2,仅词典命中弱信号(精度约0.66-0.88)，不构成准入依据；本册是否可独立判断整个题肢、官方正误需模型/人工阶段核定,2026-09-24-attribution-v2
BJ-2026-CY-QIMO-Q14,②,X1,B2,仅词典命中弱信号(精度约0.66-0.88)，不构成准入依据；本册是否可独立判断整个题肢、官方正误需模型/人工阶段核定,2026-09-24-attribution-v2
BJ-2026-CY-QIMO-Q14,③,X1,B2,仅词典命中弱信号(精度约0.66-0.88)，不构成准入依据；本册是否可独立判断整个题肢、官方正误需模型/人工阶段核定,2026-09-24-attribution-v2
BJ-2026-CY-QIMO-Q14,④,X1,B2,仅词典命中弱信号(精度约0.66-0.88)，不构成准入依据；本册是否可独立判断整个题肢、官方正误需模型/人工阶段核定,2026-09-24-attribution-v2
BJ-2026-CY-QIMO-Q15,①,B2,X1,仅词典命中弱信号(精度约0.66-0.88)，不构成准入依据；本册是否可独立判断整个题肢、官方正误需模型/人工阶段核定,2026-09-24-attribution-v2
BJ-2026-CY-QIMO-Q15,②,X1,X1,仅词典命中弱信号(精度约0.66-0.88)，不构成准入依据；本册是否可独立判断整个题肢、官方正误需模型/人工阶段核定,2026-09-24-attribution-v2
BJ-2026-CY-QIMO-Q15,③,B2,X1,仅词典命中弱信号(精度约0.66-0.88)，不构成准入依据；本册是否可独立判断整个题肢、官方正误需模型/人工阶段核定,2026-09-24-attribution-v2
BJ-2026-CY-QIMO-Q15,④,X1,X1,仅词典命中弱信号(精度约0.66-0.88)，不构成准入依据；本册是否可独立判断整个题肢、官方正误需模型/人工阶段核定,2026-09-24-attribution-v2
BJ-2023-HD-ERMO-Q1,①,,B3,仅词典命中弱信号(精度约0.66-0.88)，不构成准入依据；本册是否可独立判断整个题肢、官方正误需模型/人工阶段核定,2026-09-24-attribution-v2
BJ-2023-HD-ERMO-Q1,②,,B3,仅词典命中弱信号(精度约0.66-0.88)，不构成准入依据；本册是否可独立判断整个题肢、官方正误需模型/人工阶段核定,2026-09-24-attribution-v2
BJ-2023-HD-ERMO-Q1,③,,B3,仅词典命中弱信号(精度约0.66-0.88)，不构成准入依据；本册是否可独立判断整个题肢、官方正误需模型/人工阶段核定,2026-09-24-attribution-v2
BJ-2023-HD-ERMO-Q1,④,,B3,仅词典命中弱信号(精度约0.66-0.88)，不构成准入依据；本册是否可独立判断整个题肢、官方正误需模型/人工阶段核定,2026-09-24-attribution-v2
BJ-2023-HD-ERMO-Q10,①,B3,X2,仅词典命中弱信号(精度约0.66-0.88)，不构成准入依据；本册是否可独立判断整个题肢、官方正误需模型/人工阶段核定,2026-09-24-attribution-v2
BJ-2023-HD-ERMO-Q10,②,B3,X2,仅词典命中弱信号(精度约0.66-0.88)，不构成准入依据；本册是否可独立判断整个题肢、官方正误需模型/人工阶段核定,2026-09-24-attribution-v2
BJ-2023-HD-ERMO-Q10,③,B3,X2,仅词典命中弱信号(精度约0.66-0.88)，不构成准入依据；本册是否可独立判断整个题肢、官方正误需模型/人工阶段核定,2026-09-24-attribution-v2
BJ-2023-HD-ERMO-Q10,④,,X2,仅词典命中弱信号(精度约0.66-0.88)，不构成准入依据；本册是否可独立判断整个题肢、官方正误需模型/人工阶段核定,2026-09-24-attribution-v2
BJ-2023-HD-ERMO-Q11,①,,X2,仅词典命中弱信号(精度约0.66-0.88)，不构成准入依据；本册是否可独立判断整个题肢、官方正误需模型/人工阶段核定,2026-09-24-attribution-v2
BJ-2023-HD-ERMO-Q11,②,PH;X1,X2,仅词典命中弱信号(精度约0.66-0.88)，不构成准入依据；本册是否可独立判断整个题肢、官方正误需模型/人工阶段核定,2026-09-24-attribution-v2
BJ-2023-HD-ERMO-Q11,③,,X2,仅词典命中弱信号(精度约0.66-0.88)，不构成准入依据；本册是否可独立判断整个题肢、官方正误需模型/人工阶段核定,2026-09-24-attribution-v2
BJ-2023-HD-ERMO-Q11,④,,X2,仅词典命中弱信号(精度约0.66-0.88)，不构成准入依据；本册是否可独立判断整个题肢、官方正误需模型/人工阶段核定,2026-09-24-attribution-v2
BJ-2023-HD-ERMO-Q13,①,X1,B2,仅词典命中弱信号(精度约0.66-0.88)，不构成准入依据；本册是否可独立判断整个题肢、官方正误需模型/人工阶段核定,2026-09-24-attribution-v2
BJ-2023-HD-ERMO-Q13,②,X1,B2,仅词典命中弱信号(精度约0.66-0.88)，不构成准入依据；本册是否可独立判断整个题肢、官方正误需模型/人工阶段核定,2026-09-24-attribution-v2
BJ-2023-HD-ERMO-Q13,③,X1,B2,仅词典命中弱信号(精度约0.66-0.88)，不构成准入依据；本册是否可独立判断整个题肢、官方正误需模型/人工阶段核定,2026-09-24-attribution-v2
BJ-2023-HD-ERMO-Q13,④,,B2,仅词典命中弱信号(精度约0.66-0.88)，不构成准入依据；本册是否可独立判断整个题肢、官方正误需模型/人工阶段核定,2026-09-24-attribution-v2
BJ-2023-HD-ERMO-Q15,①,PH,X1,仅词典命中弱信号(精度约0.66-0.88)，不构成准入依据；本册是否可独立判断整个题肢、官方正误需模型/人工阶段核定,2026-09-24-attribution-v2
BJ-2023-HD-ERMO-Q15,②,X2,X1,仅词典命中弱信号(精度约0.66-0.88)，不构成准入依据；本册是否可独立判断整个题肢、官方正误需模型/人工阶段核定,2026-09-24-attribution-v2
BJ-2023-HD-ERMO-Q15,③,B3,X1,仅词典命中弱信号(精度约0.66-0.88)，不构成准入依据；本册是否可独立判断整个题肢、官方正误需模型/人工阶段核定,2026-09-24-attribution-v2
BJ-2023-HD-ERMO-Q15,④,,X1,仅词典命中弱信号(精度约0.66-0.88)，不构成准入依据；本册是否可独立判断整个题肢、官方正误需模型/人工阶段核定,2026-09-24-attribution-v2
BJ-2023-HD-ERMO-Q4,①,MI,PH,仅词典命中弱信号(精度约0.66-0.88)，不构成准入依据；本册是否可独立判断整个题肢、官方正误需模型/人工阶段核定,2026-09-24-attribution-v2
BJ-2023-HD-ERMO-Q4,②,MI,PH,仅词典命中弱信号(精度约0.66-0.88)，不构成准入依据；本册是否可独立判断整个题肢、官方正误需模型/人工阶段核定,2026-09-24-attribution-v2
BJ-2023-HD-ERMO-Q4,③,MI,PH,仅词典命中弱信号(精度约0.66-0.88)，不构成准入依据；本册是否可独立判断整个题肢、官方正误需模型/人工阶段核定,2026-09-24-attribution-v2
BJ-2023-HD-ERMO-Q4,④,MI,PH,仅词典命中弱信号(精度约0.66-0.88)，不构成准入依据；本册是否可独立判断整个题肢、官方正误需模型/人工阶段核定,2026-09-24-attribution-v2
BJ-2023-HD-ERMO-Q5,①,RE,PH,仅词典命中弱信号(精度约0.66-0.88)，不构成准入依据；本册是否可独立判断整个题肢、官方正误需模型/人工阶段核定,2026-09-24-attribution-v2
BJ-2023-HD-ERMO-Q5,②,RE,PH,仅词典命中弱信号(精度约0.66-0.88)，不构成准入依据；本册是否可独立判断整个题肢、官方正误需模型/人工阶段核定,2026-09-24-attribution-v2
BJ-2023-HD-ERMO-Q5,③,,PH,仅词典命中弱信号(精度约0.66-0.88)，不构成准入依据；本册是否可独立判断整个题肢、官方正误需模型/人工阶段核定,2026-09-24-attribution-v2
BJ-2023-HD-ERMO-Q5,④,,PH,仅词典命中弱信号(精度约0.66-0.88)，不构成准入依据；本册是否可独立判断整个题肢、官方正误需模型/人工阶段核定,2026-09-24-attribution-v2
BJ-2023-HD-ERMO-Q6,①,B2,RE,仅词典命中弱信号(精度约0.66-0.88)，不构成准入依据；本册是否可独立判断整个题肢、官方正误需模型/人工阶段核定,2026-09-24-attribution-v2
BJ-2023-HD-ERMO-Q6,②,B2,RE,仅词典命中弱信号(精度约0.66-0.88)，不构成准入依据；本册是否可独立判断整个题肢、官方正误需模型/人工阶段核定,2026-09-24-attribution-v2
BJ-2023-HD-ERMO-Q6,③,B2,RE,仅词典命中弱信号(精度约0.66-0.88)，不构成准入依据；本册是否可独立判断整个题肢、官方正误需模型/人工阶段核定,2026-09-24-attribution-v2
BJ-2023-HD-ERMO-Q6,④,B2,RE,仅词典命中弱信号(精度约0.66-0.88)，不构成准入依据；本册是否可独立判断整个题肢、官方正误需模型/人工阶段核定,2026-09-24-attribution-v2
BJ-2023-HD-ERMO-Q7,①,,B3,仅词典命中弱信号(精度约0.66-0.88)，不构成准入依据；本册是否可独立判断整个题肢、官方正误需模型/人工阶段核定,2026-09-24-attribution-v2
BJ-2023-HD-ERMO-Q7,②,,B3,仅词典命中弱信号(精度约0.66-0.88)，不构成准入依据；本册是否可独立判断整个题肢、官方正误需模型/人工阶段核定,2026-09-24-attribution-v2
BJ-2023-HD-ERMO-Q7,③,,B3,仅词典命中弱信号(精度约0.66-0.88)，不构成准入依据；本册是否可独立判断整个题肢、官方正误需模型/人工阶段核定,2026-09-24-attribution-v2
BJ-2023-HD-ERMO-Q7,④,,B3,仅词典命中弱信号(精度约0.66-0.88)，不构成准入依据；本册是否可独立判断整个题肢、官方正误需模型/人工阶段核定,2026-09-24-attribution-v2
BJ-2023-HD-ERMO-Q9,①,,B3,仅词典命中弱信号(精度约0.66-0.88)，不构成准入依据；本册是否可独立判断整个题肢、官方正误需模型/人工阶段核定,2026-09-24-attribution-v2
BJ-2023-HD-ERMO-Q9,②,B2,B3,仅词典命中弱信号(精度约0.66-0.88)，不构成准入依据；本册是否可独立判断整个题肢、官方正误需模型/人工阶段核定,2026-09-24-attribution-v2
BJ-2023-HD-ERMO-Q9,③,B2,B3,仅词典命中弱信号(精度约0.66-0.88)，不构成准入依据；本册是否可独立判断整个题肢、官方正误需模型/人工阶段核定,2026-09-24-attribution-v2
BJ-2023-HD-ERMO-Q9,④,,B3,仅词典命中弱信号(精度约0.66-0.88)，不构成准入依据；本册是否可独立判断整个题肢、官方正误需模型/人工阶段核定,2026-09-24-attribution-v2
BJ-2023-DC-YIMO-Q1,①,B3,B3,仅词典命中弱信号(精度约0.66-0.88)，不构成准入依据；本册是否可独立判断整个题肢、官方正误需模型/人工阶段核定,2026-09-24-attribution-v2
BJ-2023-DC-YIMO-Q1,②,PH,B3,仅词典命中弱信号(精度约0.66-0.88)，不构成准入依据；本册是否可独立判断整个题肢、官方正误需模型/人工阶段核定,2026-09-24-attribution-v2
BJ-2023-DC-YIMO-Q1,③,,B3,仅词典命中弱信号(精度约0.66-0.88)，不构成准入依据；本册是否可独立判断整个题肢、官方正误需模型/人工阶段核定,2026-09-24-attribution-v2
BJ-2023-DC-YIMO-Q1,④,B1,B3,仅词典命中弱信号(精度约0.66-0.88)，不构成准入依据；本册是否可独立判断整个题肢、官方正误需模型/人工阶段核定,2026-09-24-attribution-v2
BJ-2023-DC-YIMO-Q2,①,,CU,仅词典命中弱信号(精度约0.66-0.88)，不构成准入依据；本册是否可独立判断整个题肢、官方正误需模型/人工阶段核定,2026-09-24-attribution-v2
BJ-2023-DC-YIMO-Q2,②,,CU,仅词典命中弱信号(精度约0.66-0.88)，不构成准入依据；本册是否可独立判断整个题肢、官方正误需模型/人工阶段核定,2026-09-24-attribution-v2
BJ-2023-DC-YIMO-Q2,③,MI,CU,仅词典命中弱信号(精度约0.66-0.88)，不构成准入依据；本册是否可独立判断整个题肢、官方正误需模型/人工阶段核定,2026-09-24-attribution-v2
BJ-2023-DC-YIMO-Q2,④,,CU,仅词典命中弱信号(精度约0.66-0.88)，不构成准入依据；本册是否可独立判断整个题肢、官方正误需模型/人工阶段核定,2026-09-24-attribution-v2
BJ-2023-DC-YIMO-Q3,①,B2,PH,仅词典命中弱信号(精度约0.66-0.88)，不构成准入依据；本册是否可独立判断整个题肢、官方正误需模型/人工阶段核定,2026-09-24-attribution-v2
BJ-2023-DC-YIMO-Q3,②,,PH,仅词典命中弱信号(精度约0.66-0.88)，不构成准入依据；本册是否可独立判断整个题肢、官方正误需模型/人工阶段核定,2026-09-24-attribution-v2
BJ-2023-DC-YIMO-Q3,③,,PH,仅词典命中弱信号(精度约0.66-0.88)，不构成准入依据；本册是否可独立判断整个题肢、官方正误需模型/人工阶段核定,2026-09-24-attribution-v2
BJ-2023-DC-YIMO-Q3,④,,PH,仅词典命中弱信号(精度约0.66-0.88)，不构成准入依据；本册是否可独立判断整个题肢、官方正误需模型/人工阶段核定,2026-09-24-attribution-v2
BJ-2023-DC-YIMO-Q4,①,CU,PH,仅词典命中弱信号(精度约0.66-0.88)，不构成准入依据；本册是否可独立判断整个题肢、官方正误需模型/人工阶段核定,2026-09-24-attribution-v2
BJ-2023-DC-YIMO-Q4,②,B2,PH,仅词典命中弱信号(精度约0.66-0.88)，不构成准入依据；本册是否可独立判断整个题肢、官方正误需模型/人工阶段核定,2026-09-24-attribution-v2
BJ-2023-DC-YIMO-Q4,③,,PH,仅词典命中弱信号(精度约0.66-0.88)，不构成准入依据；本册是否可独立判断整个题肢、官方正误需模型/人工阶段核定,2026-09-24-attribution-v2
BJ-2023-DC-YIMO-Q4,④,,PH,仅词典命中弱信号(精度约0.66-0.88)，不构成准入依据；本册是否可独立判断整个题肢、官方正误需模型/人工阶段核定,2026-09-24-attribution-v2
BJ-2023-DC-YIMO-Q5,①,,PH,仅词典命中弱信号(精度约0.66-0.88)，不构成准入依据；本册是否可独立判断整个题肢、官方正误需模型/人工阶段核定,2026-09-24-attribution-v2
BJ-2023-DC-YIMO-Q5,②,B3,PH,仅词典命中弱信号(精度约0.66-0.88)，不构成准入依据；本册是否可独立判断整个题肢、官方正误需模型/人工阶段核定,2026-09-24-attribution-v2
BJ-2023-DC-YIMO-Q5,③,B3,PH,仅词典命中弱信号(精度约0.66-0.88)，不构成准入依据；本册是否可独立判断整个题肢、官方正误需模型/人工阶段核定,2026-09-24-attribution-v2
BJ-2023-DC-YIMO-Q5,④,B3,PH,仅词典命中弱信号(精度约0.66-0.88)，不构成准入依据；本册是否可独立判断整个题肢、官方正误需模型/人工阶段核定,2026-09-24-attribution-v2
BJ-2023-DC-YIMO-Q6,①,B3,RE,仅词典命中弱信号(精度约0.66-0.88)，不构成准入依据；本册是否可独立判断整个题肢、官方正误需模型/人工阶段核定,2026-09-24-attribution-v2
BJ-2023-DC-YIMO-Q6,②,X1,RE,仅词典命中弱信号(精度约0.66-0.88)，不构成准入依据；本册是否可独立判断整个题肢、官方正误需模型/人工阶段核定,2026-09-24-attribution-v2
BJ-2023-DC-YIMO-Q6,③,B3,RE,仅词典命中弱信号(精度约0.66-0.88)，不构成准入依据；本册是否可独立判断整个题肢、官方正误需模型/人工阶段核定,2026-09-24-attribution-v2
BJ-2023-DC-YIMO-Q6,④,,RE,仅词典命中弱信号(精度约0.66-0.88)，不构成准入依据；本册是否可独立判断整个题肢、官方正误需模型/人工阶段核定,2026-09-24-attribution-v2
BJ-2023-DC-YIMO-Q7,①,,B3,仅词典命中弱信号(精度约0.66-0.88)，不构成准入依据；本册是否可独立判断整个题肢、官方正误需模型/人工阶段核定,2026-09-24-attribution-v2
BJ-2023-DC-YIMO-Q7,②,B2,B3,仅词典命中弱信号(精度约0.66-0.88)，不构成准入依据；本册是否可独立判断整个题肢、官方正误需模型/人工阶段核定,2026-09-24-attribution-v2
BJ-2023-DC-YIMO-Q7,③,,B3,仅词典命中弱信号(精度约0.66-0.88)，不构成准入依据；本册是否可独立判断整个题肢、官方正误需模型/人工阶段核定,2026-09-24-attribution-v2
BJ-2023-DC-YIMO-Q7,④,,B3,仅词典命中弱信号(精度约0.66-0.88)，不构成准入依据；本册是否可独立判断整个题肢、官方正误需模型/人工阶段核定,2026-09-24-attribution-v2
BJ-2023-DC-YIMO-Q8,①,,B3,仅词典命中弱信号(精度约0.66-0.88)，不构成准入依据；本册是否可独立判断整个题肢、官方正误需模型/人工阶段核定,2026-09-24-attribution-v2
BJ-2023-DC-YIMO-Q8,②,,B3,仅词典命中弱信号(精度约0.66-0.88)，不构成准入依据；本册是否可独立判断整个题肢、官方正误需模型/人工阶段核定,2026-09-24-attribution-v2
BJ-2023-DC-YIMO-Q8,③,B2,B3,仅词典命中弱信号(精度约0.66-0.88)，不构成准入依据；本册是否可独立判断整个题肢、官方正误需模型/人工阶段核定,2026-09-24-attribution-v2
BJ-2023-DC-YIMO-Q8,④,,B3,仅词典命中弱信号(精度约0.66-0.88)，不构成准入依据；本册是否可独立判断整个题肢、官方正误需模型/人工阶段核定,2026-09-24-attribution-v2
BJ-2023-DC-YIMO-Q9,A,,B3,仅词典命中弱信号(精度约0.66-0.88)，不构成准入依据；本册是否可独立判断整个题肢、官方正误需模型/人工阶段核定,2026-09-24-attribution-v2
BJ-2023-DC-YIMO-Q9,B,B2,B3,仅词典命中弱信号(精度约0.66-0.88)，不构成准入依据；本册是否可独立判断整个题肢、官方正误需模型/人工阶段核定,2026-09-24-attribution-v2
BJ-2023-DC-YIMO-Q9,C,,B3,仅词典命中弱信号(精度约0.66-0.88)，不构成准入依据；本册是否可独立判断整个题肢、官方正误需模型/人工阶段核定,2026-09-24-attribution-v2
BJ-2023-DC-YIMO-Q9,D,,B3,仅词典命中弱信号(精度约0.66-0.88)，不构成准入依据；本册是否可独立判断整个题肢、官方正误需模型/人工阶段核定,2026-09-24-attribution-v2
BJ-2023-DC-YIMO-Q10,A,X2,X2,仅词典命中弱信号(精度约0.66-0.88)，不构成准入依据；本册是否可独立判断整个题肢、官方正误需模型/人工阶段核定,2026-09-24-attribution-v2
BJ-2023-DC-YIMO-Q10,B,,X2,仅词典命中弱信号(精度约0.66-0.88)，不构成准入依据；本册是否可独立判断整个题肢、官方正误需模型/人工阶段核定,2026-09-24-attribution-v2
BJ-2023-DC-YIMO-Q10,C,,X2,仅词典命中弱信号(精度约0.66-0.88)，不构成准入依据；本册是否可独立判断整个题肢、官方正误需模型/人工阶段核定,2026-09-24-attribution-v2
BJ-2023-DC-YIMO-Q10,D,X2,X2,仅词典命中弱信号(精度约0.66-0.88)，不构成准入依据；本册是否可独立判断整个题肢、官方正误需模型/人工阶段核定,2026-09-24-attribution-v2
BJ-2023-DC-YIMO-Q11,①,X2,X2,仅词典命中弱信号(精度约0.66-0.88)，不构成准入依据；本册是否可独立判断整个题肢、官方正误需模型/人工阶段核定,2026-09-24-attribution-v2
BJ-2023-DC-YIMO-Q11,②,B3,X2,仅词典命中弱信号(精度约0.66-0.88)，不构成准入依据；本册是否可独立判断整个题肢、官方正误需模型/人工阶段核定,2026-09-24-attribution-v2
BJ-2023-DC-YIMO-Q11,③,X2,X2,仅词典命中弱信号(精度约0.66-0.88)，不构成准入依据；本册是否可独立判断整个题肢、官方正误需模型/人工阶段核定,2026-09-24-attribution-v2
BJ-2023-DC-YIMO-Q11,④,PH;X2,X2,仅词典命中弱信号(精度约0.66-0.88)，不构成准入依据；本册是否可独立判断整个题肢、官方正误需模型/人工阶段核定,2026-09-24-attribution-v2
BJ-2023-DC-YIMO-Q12,A,,B2,仅词典命中弱信号(精度约0.66-0.88)，不构成准入依据；本册是否可独立判断整个题肢、官方正误需模型/人工阶段核定,2026-09-24-attribution-v2
BJ-2023-DC-YIMO-Q12,B,X1;X2,B2,仅词典命中弱信号(精度约0.66-0.88)，不构成准入依据；本册是否可独立判断整个题肢、官方正误需模型/人工阶段核定,2026-09-24-attribution-v2
BJ-2023-DC-YIMO-Q12,C,X1,B2,仅词典命中弱信号(精度约0.66-0.88)，不构成准入依据；本册是否可独立判断整个题肢、官方正误需模型/人工阶段核定,2026-09-24-attribution-v2
BJ-2023-DC-YIMO-Q12,D,X1;X2,B2,仅词典命中弱信号(精度约0.66-0.88)，不构成准入依据；本册是否可独立判断整个题肢、官方正误需模型/人工阶段核定,2026-09-24-attribution-v2
BJ-2023-DC-YIMO-Q13,①,,B2,仅词典命中弱信号(精度约0.66-0.88)，不构成准入依据；本册是否可独立判断整个题肢、官方正误需模型/人工阶段核定,2026-09-24-attribution-v2
BJ-2023-DC-YIMO-Q13,②,,B2,仅词典命中弱信号(精度约0.66-0.88)，不构成准入依据；本册是否可独立判断整个题肢、官方正误需模型/人工阶段核定,2026-09-24-attribution-v2
BJ-2023-DC-YIMO-Q13,③,MI,B2,仅词典命中弱信号(精度约0.66-0.88)，不构成准入依据；本册是否可独立判断整个题肢、官方正误需模型/人工阶段核定,2026-09-24-attribution-v2
BJ-2023-DC-YIMO-Q13,④,X2,B2,仅词典命中弱信号(精度约0.66-0.88)，不构成准入依据；本册是否可独立判断整个题肢、官方正误需模型/人工阶段核定,2026-09-24-attribution-v2
BJ-2023-DC-YIMO-Q14,A,,X1,仅词典命中弱信号(精度约0.66-0.88)，不构成准入依据；本册是否可独立判断整个题肢、官方正误需模型/人工阶段核定,2026-09-24-attribution-v2
BJ-2023-DC-YIMO-Q14,B,RE,X1,仅词典命中弱信号(精度约0.66-0.88)，不构成准入依据；本册是否可独立判断整个题肢、官方正误需模型/人工阶段核定,2026-09-24-attribution-v2
BJ-2023-DC-YIMO-Q14,C,RE,X1,仅词典命中弱信号(精度约0.66-0.88)，不构成准入依据；本册是否可独立判断整个题肢、官方正误需模型/人工阶段核定,2026-09-24-attribution-v2
BJ-2023-DC-YIMO-Q14,D,RE,X1,仅词典命中弱信号(精度约0.66-0.88)，不构成准入依据；本册是否可独立判断整个题肢、官方正误需模型/人工阶段核定,2026-09-24-attribution-v2
BJ-2023-DC-YIMO-Q15,A,,X1,仅词典命中弱信号(精度约0.66-0.88)，不构成准入依据；本册是否可独立判断整个题肢、官方正误需模型/人工阶段核定,2026-09-24-attribution-v2
BJ-2023-DC-YIMO-Q15,B,,X1,仅词典命中弱信号(精度约0.66-0.88)，不构成准入依据；本册是否可独立判断整个题肢、官方正误需模型/人工阶段核定,2026-09-24-attribution-v2
BJ-2023-DC-YIMO-Q15,C,,X1,仅词典命中弱信号(精度约0.66-0.88)，不构成准入依据；本册是否可独立判断整个题肢、官方正误需模型/人工阶段核定,2026-09-24-attribution-v2
BJ-2023-DC-YIMO-Q15,D,,X1,仅词典命中弱信号(精度约0.66-0.88)，不构成准入依据；本册是否可独立判断整个题肢、官方正误需模型/人工阶段核定,2026-09-24-attribution-v2
BJ-2023-XC-YIMO-Q1,①,,B3,仅词典命中弱信号(精度约0.66-0.88)，不构成准入依据；本册是否可独立判断整个题肢、官方正误需模型/人工阶段核定,2026-09-24-attribution-v2
BJ-2023-XC-YIMO-Q1,②,,B3,仅词典命中弱信号(精度约0.66-0.88)，不构成准入依据；本册是否可独立判断整个题肢、官方正误需模型/人工阶段核定,2026-09-24-attribution-v2
BJ-2023-XC-YIMO-Q1,③,,B3,仅词典命中弱信号(精度约0.66-0.88)，不构成准入依据；本册是否可独立判断整个题肢、官方正误需模型/人工阶段核定,2026-09-24-attribution-v2
BJ-2023-XC-YIMO-Q1,④,B3,B3,仅词典命中弱信号(精度约0.66-0.88)，不构成准入依据；本册是否可独立判断整个题肢、官方正误需模型/人工阶段核定,2026-09-24-attribution-v2
BJ-2023-XC-YIMO-Q2,A,,CU,仅词典命中弱信号(精度约0.66-0.88)，不构成准入依据；本册是否可独立判断整个题肢、官方正误需模型/人工阶段核定,2026-09-24-attribution-v2
BJ-2023-XC-YIMO-Q2,B,,CU,仅词典命中弱信号(精度约0.66-0.88)，不构成准入依据；本册是否可独立判断整个题肢、官方正误需模型/人工阶段核定,2026-09-24-attribution-v2
BJ-2023-XC-YIMO-Q2,C,,CU,仅词典命中弱信号(精度约0.66-0.88)，不构成准入依据；本册是否可独立判断整个题肢、官方正误需模型/人工阶段核定,2026-09-24-attribution-v2
BJ-2023-XC-YIMO-Q2,D,,CU,仅词典命中弱信号(精度约0.66-0.88)，不构成准入依据；本册是否可独立判断整个题肢、官方正误需模型/人工阶段核定,2026-09-24-attribution-v2
BJ-2023-XC-YIMO-Q3,①,,PH,仅词典命中弱信号(精度约0.66-0.88)，不构成准入依据；本册是否可独立判断整个题肢、官方正误需模型/人工阶段核定,2026-09-24-attribution-v2
BJ-2023-XC-YIMO-Q3,②,,PH,仅词典命中弱信号(精度约0.66-0.88)，不构成准入依据；本册是否可独立判断整个题肢、官方正误需模型/人工阶段核定,2026-09-24-attribution-v2
BJ-2023-XC-YIMO-Q3,③,,PH,仅词典命中弱信号(精度约0.66-0.88)，不构成准入依据；本册是否可独立判断整个题肢、官方正误需模型/人工阶段核定,2026-09-24-attribution-v2
BJ-2023-XC-YIMO-Q3,④,,PH,仅词典命中弱信号(精度约0.66-0.88)，不构成准入依据；本册是否可独立判断整个题肢、官方正误需模型/人工阶段核定,2026-09-24-attribution-v2
BJ-2023-XC-YIMO-Q3,⑤,,PH,仅词典命中弱信号(精度约0.66-0.88)，不构成准入依据；本册是否可独立判断整个题肢、官方正误需模型/人工阶段核定,2026-09-24-attribution-v2
BJ-2023-XC-YIMO-Q4,①,CU,PH,仅词典命中弱信号(精度约0.66-0.88)，不构成准入依据；本册是否可独立判断整个题肢、官方正误需模型/人工阶段核定,2026-09-24-attribution-v2
BJ-2023-XC-YIMO-Q4,②,CU,PH,仅词典命中弱信号(精度约0.66-0.88)，不构成准入依据；本册是否可独立判断整个题肢、官方正误需模型/人工阶段核定,2026-09-24-attribution-v2
BJ-2023-XC-YIMO-Q4,③,CU,PH,仅词典命中弱信号(精度约0.66-0.88)，不构成准入依据；本册是否可独立判断整个题肢、官方正误需模型/人工阶段核定,2026-09-24-attribution-v2
BJ-2023-XC-YIMO-Q4,④,,PH,仅词典命中弱信号(精度约0.66-0.88)，不构成准入依据；本册是否可独立判断整个题肢、官方正误需模型/人工阶段核定,2026-09-24-attribution-v2
BJ-2023-XC-YIMO-Q6,A,B3,RE,仅词典命中弱信号(精度约0.66-0.88)，不构成准入依据；本册是否可独立判断整个题肢、官方正误需模型/人工阶段核定,2026-09-24-attribution-v2
BJ-2023-XC-YIMO-Q6,B,B3,RE,仅词典命中弱信号(精度约0.66-0.88)，不构成准入依据；本册是否可独立判断整个题肢、官方正误需模型/人工阶段核定,2026-09-24-attribution-v2
BJ-2023-XC-YIMO-Q6,C,,RE,仅词典命中弱信号(精度约0.66-0.88)，不构成准入依据；本册是否可独立判断整个题肢、官方正误需模型/人工阶段核定,2026-09-24-attribution-v2
BJ-2023-XC-YIMO-Q6,D,,RE,仅词典命中弱信号(精度约0.66-0.88)，不构成准入依据；本册是否可独立判断整个题肢、官方正误需模型/人工阶段核定,2026-09-24-attribution-v2
BJ-2023-XC-YIMO-Q7,①,,RE,仅词典命中弱信号(精度约0.66-0.88)，不构成准入依据；本册是否可独立判断整个题肢、官方正误需模型/人工阶段核定,2026-09-24-attribution-v2
BJ-2023-XC-YIMO-Q7,②,B3,RE,仅词典命中弱信号(精度约0.66-0.88)，不构成准入依据；本册是否可独立判断整个题肢、官方正误需模型/人工阶段核定,2026-09-24-attribution-v2
BJ-2023-XC-YIMO-Q7,③,,RE,仅词典命中弱信号(精度约0.66-0.88)，不构成准入依据；本册是否可独立判断整个题肢、官方正误需模型/人工阶段核定,2026-09-24-attribution-v2
BJ-2023-XC-YIMO-Q7,④,,RE,仅词典命中弱信号(精度约0.66-0.88)，不构成准入依据；本册是否可独立判断整个题肢、官方正误需模型/人工阶段核定,2026-09-24-attribution-v2
BJ-2023-XC-YIMO-Q8,①,X1,B3,仅词典命中弱信号(精度约0.66-0.88)，不构成准入依据；本册是否可独立判断整个题肢、官方正误需模型/人工阶段核定,2026-09-24-attribution-v2
BJ-2023-XC-YIMO-Q8,②,B2;X1,B3,仅词典命中弱信号(精度约0.66-0.88)，不构成准入依据；本册是否可独立判断整个题肢、官方正误需模型/人工阶段核定,2026-09-24-attribution-v2
BJ-2023-XC-YIMO-Q8,③,X1,B3,仅词典命中弱信号(精度约0.66-0.88)，不构成准入依据；本册是否可独立判断整个题肢、官方正误需模型/人工阶段核定,2026-09-24-attribution-v2
BJ-2023-XC-YIMO-Q8,④,,B3,仅词典命中弱信号(精度约0.66-0.88)，不构成准入依据；本册是否可独立判断整个题肢、官方正误需模型/人工阶段核定,2026-09-24-attribution-v2
BJ-2023-XC-YIMO-Q9,①,,B3,仅词典命中弱信号(精度约0.66-0.88)，不构成准入依据；本册是否可独立判断整个题肢、官方正误需模型/人工阶段核定,2026-09-24-attribution-v2
BJ-2023-XC-YIMO-Q9,②,B2;X1,B3,仅词典命中弱信号(精度约0.66-0.88)，不构成准入依据；本册是否可独立判断整个题肢、官方正误需模型/人工阶段核定,2026-09-24-attribution-v2
BJ-2023-XC-YIMO-Q9,③,,B3,仅词典命中弱信号(精度约0.66-0.88)，不构成准入依据；本册是否可独立判断整个题肢、官方正误需模型/人工阶段核定,2026-09-24-attribution-v2
BJ-2023-XC-YIMO-Q9,④,B2,B3,仅词典命中弱信号(精度约0.66-0.88)，不构成准入依据；本册是否可独立判断整个题肢、官方正误需模型/人工阶段核定,2026-09-24-attribution-v2
BJ-2023-XC-YIMO-Q10,①,B2,X2,仅词典命中弱信号(精度约0.66-0.88)，不构成准入依据；本册是否可独立判断整个题肢、官方正误需模型/人工阶段核定,2026-09-24-attribution-v2
BJ-2023-XC-YIMO-Q10,②,B2,X2,仅词典命中弱信号(精度约0.66-0.88)，不构成准入依据；本册是否可独立判断整个题肢、官方正误需模型/人工阶段核定,2026-09-24-attribution-v2
BJ-2023-XC-YIMO-Q10,③,B2,X2,仅词典命中弱信号(精度约0.66-0.88)，不构成准入依据；本册是否可独立判断整个题肢、官方正误需模型/人工阶段核定,2026-09-24-attribution-v2
BJ-2023-XC-YIMO-Q10,④,,X2,仅词典命中弱信号(精度约0.66-0.88)，不构成准入依据；本册是否可独立判断整个题肢、官方正误需模型/人工阶段核定,2026-09-24-attribution-v2
BJ-2023-XC-YIMO-Q11,①,,X2,仅词典命中弱信号(精度约0.66-0.88)，不构成准入依据；本册是否可独立判断整个题肢、官方正误需模型/人工阶段核定,2026-09-24-attribution-v2
BJ-2023-XC-YIMO-Q11,②,B2,X2,仅词典命中弱信号(精度约0.66-0.88)，不构成准入依据；本册是否可独立判断整个题肢、官方正误需模型/人工阶段核定,2026-09-24-attribution-v2
BJ-2023-XC-YIMO-Q11,③,B2,X2,仅词典命中弱信号(精度约0.66-0.88)，不构成准入依据；本册是否可独立判断整个题肢、官方正误需模型/人工阶段核定,2026-09-24-attribution-v2
BJ-2023-XC-YIMO-Q11,④,B2,X2,仅词典命中弱信号(精度约0.66-0.88)，不构成准入依据；本册是否可独立判断整个题肢、官方正误需模型/人工阶段核定,2026-09-24-attribution-v2
BJ-2023-XC-YIMO-Q12,①,,B2,仅词典命中弱信号(精度约0.66-0.88)，不构成准入依据；本册是否可独立判断整个题肢、官方正误需模型/人工阶段核定,2026-09-24-attribution-v2
BJ-2023-XC-YIMO-Q12,②,,B2,仅词典命中弱信号(精度约0.66-0.88)，不构成准入依据；本册是否可独立判断整个题肢、官方正误需模型/人工阶段核定,2026-09-24-attribution-v2
BJ-2023-XC-YIMO-Q12,③,,B2,仅词典命中弱信号(精度约0.66-0.88)，不构成准入依据；本册是否可独立判断整个题肢、官方正误需模型/人工阶段核定,2026-09-24-attribution-v2
BJ-2023-XC-YIMO-Q13,A,MI,B2,仅词典命中弱信号(精度约0.66-0.88)，不构成准入依据；本册是否可独立判断整个题肢、官方正误需模型/人工阶段核定,2026-09-24-attribution-v2
BJ-2023-XC-YIMO-Q13,B,,B2,仅词典命中弱信号(精度约0.66-0.88)，不构成准入依据；本册是否可独立判断整个题肢、官方正误需模型/人工阶段核定,2026-09-24-attribution-v2
BJ-2023-XC-YIMO-Q13,C,MI,B2,仅词典命中弱信号(精度约0.66-0.88)，不构成准入依据；本册是否可独立判断整个题肢、官方正误需模型/人工阶段核定,2026-09-24-attribution-v2
BJ-2023-XC-YIMO-Q13,D,MI,B2,仅词典命中弱信号(精度约0.66-0.88)，不构成准入依据；本册是否可独立判断整个题肢、官方正误需模型/人工阶段核定,2026-09-24-attribution-v2
BJ-2023-XC-YIMO-Q14,①,B3;X2,X1,仅词典命中弱信号(精度约0.66-0.88)，不构成准入依据；本册是否可独立判断整个题肢、官方正误需模型/人工阶段核定,2026-09-24-attribution-v2
BJ-2023-XC-YIMO-Q14,②,X2,X1,仅词典命中弱信号(精度约0.66-0.88)，不构成准入依据；本册是否可独立判断整个题肢、官方正误需模型/人工阶段核定,2026-09-24-attribution-v2
BJ-2023-XC-YIMO-Q14,③,X2,X1,仅词典命中弱信号(精度约0.66-0.88)，不构成准入依据；本册是否可独立判断整个题肢、官方正误需模型/人工阶段核定,2026-09-24-attribution-v2
BJ-2023-XC-YIMO-Q14,④,X2,X1,仅词典命中弱信号(精度约0.66-0.88)，不构成准入依据；本册是否可独立判断整个题肢、官方正误需模型/人工阶段核定,2026-09-24-attribution-v2
BJ-2023-XC-YIMO-Q15,A,X2,X1,仅词典命中弱信号(精度约0.66-0.88)，不构成准入依据；本册是否可独立判断整个题肢、官方正误需模型/人工阶段核定,2026-09-24-attribution-v2
BJ-2023-XC-YIMO-Q15,B,X2,X1,仅词典命中弱信号(精度约0.66-0.88)，不构成准入依据；本册是否可独立判断整个题肢、官方正误需模型/人工阶段核定,2026-09-24-attribution-v2
BJ-2023-XC-YIMO-Q15,C,X2,X1,仅词典命中弱信号(精度约0.66-0.88)，不构成准入依据；本册是否可独立判断整个题肢、官方正误需模型/人工阶段核定,2026-09-24-attribution-v2
BJ-2023-XC-YIMO-Q15,D,X2,X1,仅词典命中弱信号(精度约0.66-0.88)，不构成准入依据；本册是否可独立判断整个题肢、官方正误需模型/人工阶段核定,2026-09-24-attribution-v2
BJ-2023-XC-YIMO-Q5,①,B2,PH,仅词典命中弱信号(精度约0.66-0.88)，不构成准入依据；本册是否可独立判断整个题肢、官方正误需模型/人工阶段核定,2026-09-24-attribution-v2
BJ-2023-XC-YIMO-Q5,②,,PH,仅词典命中弱信号(精度约0.66-0.88)，不构成准入依据；本册是否可独立判断整个题肢、官方正误需模型/人工阶段核定,2026-09-24-attribution-v2
BJ-2023-XC-YIMO-Q5,③,,PH,仅词典命中弱信号(精度约0.66-0.88)，不构成准入依据；本册是否可独立判断整个题肢、官方正误需模型/人工阶段核定,2026-09-24-attribution-v2
BJ-2023-XC-YIMO-Q5,④,B3;PH,PH,仅词典命中弱信号(精度约0.66-0.88)，不构成准入依据；本册是否可独立判断整个题肢、官方正误需模型/人工阶段核定,2026-09-24-attribution-v2
BJ-2023-XC-ERMO-Q2,A,X1,CU,仅词典命中弱信号(精度约0.66-0.88)，不构成准入依据；本册是否可独立判断整个题肢、官方正误需模型/人工阶段核定,2026-09-24-attribution-v2
BJ-2023-XC-ERMO-Q2,B,B3,CU,仅词典命中弱信号(精度约0.66-0.88)，不构成准入依据；本册是否可独立判断整个题肢、官方正误需模型/人工阶段核定,2026-09-24-attribution-v2
BJ-2023-XC-ERMO-Q2,C,,CU,仅词典命中弱信号(精度约0.66-0.88)，不构成准入依据；本册是否可独立判断整个题肢、官方正误需模型/人工阶段核定,2026-09-24-attribution-v2
BJ-2023-XC-ERMO-Q2,D,,CU,仅词典命中弱信号(精度约0.66-0.88)，不构成准入依据；本册是否可独立判断整个题肢、官方正误需模型/人工阶段核定,2026-09-24-attribution-v2
BJ-2023-XC-ERMO-Q3,A,,PH,仅词典命中弱信号(精度约0.66-0.88)，不构成准入依据；本册是否可独立判断整个题肢、官方正误需模型/人工阶段核定,2026-09-24-attribution-v2
BJ-2023-XC-ERMO-Q3,B,,PH,仅词典命中弱信号(精度约0.66-0.88)，不构成准入依据；本册是否可独立判断整个题肢、官方正误需模型/人工阶段核定,2026-09-24-attribution-v2
BJ-2023-XC-ERMO-Q3,C,B2,PH,仅词典命中弱信号(精度约0.66-0.88)，不构成准入依据；本册是否可独立判断整个题肢、官方正误需模型/人工阶段核定,2026-09-24-attribution-v2
BJ-2023-XC-ERMO-Q3,D,,PH,仅词典命中弱信号(精度约0.66-0.88)，不构成准入依据；本册是否可独立判断整个题肢、官方正误需模型/人工阶段核定,2026-09-24-attribution-v2
BJ-2023-XC-ERMO-Q4,①,,PH,仅词典命中弱信号(精度约0.66-0.88)，不构成准入依据；本册是否可独立判断整个题肢、官方正误需模型/人工阶段核定,2026-09-24-attribution-v2
BJ-2023-XC-ERMO-Q4,②,PH,PH,仅词典命中弱信号(精度约0.66-0.88)，不构成准入依据；本册是否可独立判断整个题肢、官方正误需模型/人工阶段核定,2026-09-24-attribution-v2
BJ-2023-XC-ERMO-Q4,③,PH,PH,仅词典命中弱信号(精度约0.66-0.88)，不构成准入依据；本册是否可独立判断整个题肢、官方正误需模型/人工阶段核定,2026-09-24-attribution-v2
BJ-2023-XC-ERMO-Q4,④,X1,PH,仅词典命中弱信号(精度约0.66-0.88)，不构成准入依据；本册是否可独立判断整个题肢、官方正误需模型/人工阶段核定,2026-09-24-attribution-v2
BJ-2023-XC-ERMO-Q5,①,,PH,仅词典命中弱信号(精度约0.66-0.88)，不构成准入依据；本册是否可独立判断整个题肢、官方正误需模型/人工阶段核定,2026-09-24-attribution-v2
BJ-2023-XC-ERMO-Q5,②,PH,PH,仅词典命中弱信号(精度约0.66-0.88)，不构成准入依据；本册是否可独立判断整个题肢、官方正误需模型/人工阶段核定,2026-09-24-attribution-v2
BJ-2023-XC-ERMO-Q5,③,,PH,仅词典命中弱信号(精度约0.66-0.88)，不构成准入依据；本册是否可独立判断整个题肢、官方正误需模型/人工阶段核定,2026-09-24-attribution-v2
BJ-2023-XC-ERMO-Q5,④,PH,PH,仅词典命中弱信号(精度约0.66-0.88)，不构成准入依据；本册是否可独立判断整个题肢、官方正误需模型/人工阶段核定,2026-09-24-attribution-v2
BJ-2023-XC-ERMO-Q6,A,,RE,仅词典命中弱信号(精度约0.66-0.88)，不构成准入依据；本册是否可独立判断整个题肢、官方正误需模型/人工阶段核定,2026-09-24-attribution-v2
BJ-2023-XC-ERMO-Q6,B,,RE,仅词典命中弱信号(精度约0.66-0.88)，不构成准入依据；本册是否可独立判断整个题肢、官方正误需模型/人工阶段核定,2026-09-24-attribution-v2
BJ-2023-XC-ERMO-Q6,C,,RE,仅词典命中弱信号(精度约0.66-0.88)，不构成准入依据；本册是否可独立判断整个题肢、官方正误需模型/人工阶段核定,2026-09-24-attribution-v2
BJ-2023-XC-ERMO-Q6,D,,RE,仅词典命中弱信号(精度约0.66-0.88)，不构成准入依据；本册是否可独立判断整个题肢、官方正误需模型/人工阶段核定,2026-09-24-attribution-v2
BJ-2023-XC-ERMO-Q8,A,,B3,仅词典命中弱信号(精度约0.66-0.88)，不构成准入依据；本册是否可独立判断整个题肢、官方正误需模型/人工阶段核定,2026-09-24-attribution-v2
BJ-2023-XC-ERMO-Q8,B,B2,B3,仅词典命中弱信号(精度约0.66-0.88)，不构成准入依据；本册是否可独立判断整个题肢、官方正误需模型/人工阶段核定,2026-09-24-attribution-v2
BJ-2023-XC-ERMO-Q8,C,,B3,仅词典命中弱信号(精度约0.66-0.88)，不构成准入依据；本册是否可独立判断整个题肢、官方正误需模型/人工阶段核定,2026-09-24-attribution-v2
BJ-2023-XC-ERMO-Q8,D,,B3,仅词典命中弱信号(精度约0.66-0.88)，不构成准入依据；本册是否可独立判断整个题肢、官方正误需模型/人工阶段核定,2026-09-24-attribution-v2
BJ-2023-XC-ERMO-Q9,A,,B3,仅词典命中弱信号(精度约0.66-0.88)，不构成准入依据；本册是否可独立判断整个题肢、官方正误需模型/人工阶段核定,2026-09-24-attribution-v2
BJ-2023-XC-ERMO-Q9,B,B3,B3,仅词典命中弱信号(精度约0.66-0.88)，不构成准入依据；本册是否可独立判断整个题肢、官方正误需模型/人工阶段核定,2026-09-24-attribution-v2
BJ-2023-XC-ERMO-Q9,C,B2,B3,仅词典命中弱信号(精度约0.66-0.88)，不构成准入依据；本册是否可独立判断整个题肢、官方正误需模型/人工阶段核定,2026-09-24-attribution-v2
BJ-2023-XC-ERMO-Q9,D,X1,B3,仅词典命中弱信号(精度约0.66-0.88)，不构成准入依据；本册是否可独立判断整个题肢、官方正误需模型/人工阶段核定,2026-09-24-attribution-v2
BJ-2023-XC-ERMO-Q10,①,X2,X2,仅词典命中弱信号(精度约0.66-0.88)，不构成准入依据；本册是否可独立判断整个题肢、官方正误需模型/人工阶段核定,2026-09-24-attribution-v2
BJ-2023-XC-ERMO-Q10,②,X2,X2,仅词典命中弱信号(精度约0.66-0.88)，不构成准入依据；本册是否可独立判断整个题肢、官方正误需模型/人工阶段核定,2026-09-24-attribution-v2
BJ-2023-XC-ERMO-Q10,③,,X2,仅词典命中弱信号(精度约0.66-0.88)，不构成准入依据；本册是否可独立判断整个题肢、官方正误需模型/人工阶段核定,2026-09-24-attribution-v2
BJ-2023-XC-ERMO-Q10,④,,X2,仅词典命中弱信号(精度约0.66-0.88)，不构成准入依据；本册是否可独立判断整个题肢、官方正误需模型/人工阶段核定,2026-09-24-attribution-v2
BJ-2023-XC-ERMO-Q11,①,X2,X2,仅词典命中弱信号(精度约0.66-0.88)，不构成准入依据；本册是否可独立判断整个题肢、官方正误需模型/人工阶段核定,2026-09-24-attribution-v2
BJ-2023-XC-ERMO-Q11,②,X2,X2,仅词典命中弱信号(精度约0.66-0.88)，不构成准入依据；本册是否可独立判断整个题肢、官方正误需模型/人工阶段核定,2026-09-24-attribution-v2
BJ-2023-XC-ERMO-Q11,③,X2,X2,仅词典命中弱信号(精度约0.66-0.88)，不构成准入依据；本册是否可独立判断整个题肢、官方正误需模型/人工阶段核定,2026-09-24-attribution-v2
BJ-2023-XC-ERMO-Q11,④,X2,X2,仅词典命中弱信号(精度约0.66-0.88)，不构成准入依据；本册是否可独立判断整个题肢、官方正误需模型/人工阶段核定,2026-09-24-attribution-v2
BJ-2023-XC-ERMO-Q12,①,RE,B2,仅词典命中弱信号(精度约0.66-0.88)，不构成准入依据；本册是否可独立判断整个题肢、官方正误需模型/人工阶段核定,2026-09-24-attribution-v2
BJ-2023-XC-ERMO-Q12,②,RE,B2,仅词典命中弱信号(精度约0.66-0.88)，不构成准入依据；本册是否可独立判断整个题肢、官方正误需模型/人工阶段核定,2026-09-24-attribution-v2
BJ-2023-XC-ERMO-Q12,③,RE,B2,仅词典命中弱信号(精度约0.66-0.88)，不构成准入依据；本册是否可独立判断整个题肢、官方正误需模型/人工阶段核定,2026-09-24-attribution-v2
BJ-2023-XC-ERMO-Q12,④,RE,B2,仅词典命中弱信号(精度约0.66-0.88)，不构成准入依据；本册是否可独立判断整个题肢、官方正误需模型/人工阶段核定,2026-09-24-attribution-v2
BJ-2023-XC-ERMO-Q13,①,,B2,仅词典命中弱信号(精度约0.66-0.88)，不构成准入依据；本册是否可独立判断整个题肢、官方正误需模型/人工阶段核定,2026-09-24-attribution-v2
BJ-2023-XC-ERMO-Q13,②,,B2,仅词典命中弱信号(精度约0.66-0.88)，不构成准入依据；本册是否可独立判断整个题肢、官方正误需模型/人工阶段核定,2026-09-24-attribution-v2
BJ-2023-XC-ERMO-Q13,③,,B2,仅词典命中弱信号(精度约0.66-0.88)，不构成准入依据；本册是否可独立判断整个题肢、官方正误需模型/人工阶段核定,2026-09-24-attribution-v2
BJ-2023-XC-ERMO-Q13,④,,B2,仅词典命中弱信号(精度约0.66-0.88)，不构成准入依据；本册是否可独立判断整个题肢、官方正误需模型/人工阶段核定,2026-09-24-attribution-v2
BJ-2023-XC-ERMO-Q15,①,,X1,仅词典命中弱信号(精度约0.66-0.88)，不构成准入依据；本册是否可独立判断整个题肢、官方正误需模型/人工阶段核定,2026-09-24-attribution-v2
BJ-2023-XC-ERMO-Q15,②,X1,X1,仅词典命中弱信号(精度约0.66-0.88)，不构成准入依据；本册是否可独立判断整个题肢、官方正误需模型/人工阶段核定,2026-09-24-attribution-v2
BJ-2023-XC-ERMO-Q15,③,,X1,仅词典命中弱信号(精度约0.66-0.88)，不构成准入依据；本册是否可独立判断整个题肢、官方正误需模型/人工阶段核定,2026-09-24-attribution-v2
BJ-2023-XC-ERMO-Q15,④,X1,X1,仅词典命中弱信号(精度约0.66-0.88)，不构成准入依据；本册是否可独立判断整个题肢、官方正误需模型/人工阶段核定,2026-09-24-attribution-v2
BJ-2023-HD-QIZHONG-Q1,①,,B3,仅词典命中弱信号(精度约0.66-0.88)，不构成准入依据；本册是否可独立判断整个题肢、官方正误需模型/人工阶段核定,2026-09-24-attribution-v2
BJ-2023-HD-QIZHONG-Q1,②,X1,B3,仅词典命中弱信号(精度约0.66-0.88)，不构成准入依据；本册是否可独立判断整个题肢、官方正误需模型/人工阶段核定,2026-09-24-attribution-v2
BJ-2023-HD-QIZHONG-Q1,③,,B3,仅词典命中弱信号(精度约0.66-0.88)，不构成准入依据；本册是否可独立判断整个题肢、官方正误需模型/人工阶段核定,2026-09-24-attribution-v2
BJ-2023-HD-QIZHONG-Q1,④,PH,B3,仅词典命中弱信号(精度约0.66-0.88)，不构成准入依据；本册是否可独立判断整个题肢、官方正误需模型/人工阶段核定,2026-09-24-attribution-v2
BJ-2023-HD-QIZHONG-Q2,①,B1,B3,仅词典命中弱信号(精度约0.66-0.88)，不构成准入依据；本册是否可独立判断整个题肢、官方正误需模型/人工阶段核定,2026-09-24-attribution-v2
BJ-2023-HD-QIZHONG-Q2,②,B3,B3,仅词典命中弱信号(精度约0.66-0.88)，不构成准入依据；本册是否可独立判断整个题肢、官方正误需模型/人工阶段核定,2026-09-24-attribution-v2
BJ-2023-HD-QIZHONG-Q2,③,,B3,仅词典命中弱信号(精度约0.66-0.88)，不构成准入依据；本册是否可独立判断整个题肢、官方正误需模型/人工阶段核定,2026-09-24-attribution-v2
BJ-2023-HD-QIZHONG-Q2,④,B1,B3,仅词典命中弱信号(精度约0.66-0.88)，不构成准入依据；本册是否可独立判断整个题肢、官方正误需模型/人工阶段核定,2026-09-24-attribution-v2
BJ-2023-HD-QIZHONG-Q3,①,B1,PH,仅词典命中弱信号(精度约0.66-0.88)，不构成准入依据；本册是否可独立判断整个题肢、官方正误需模型/人工阶段核定,2026-09-24-attribution-v2
BJ-2023-HD-QIZHONG-Q3,②,CU,PH,仅词典命中弱信号(精度约0.66-0.88)，不构成准入依据；本册是否可独立判断整个题肢、官方正误需模型/人工阶段核定,2026-09-24-attribution-v2
BJ-2023-HD-QIZHONG-Q3,③,CU,PH,仅词典命中弱信号(精度约0.66-0.88)，不构成准入依据；本册是否可独立判断整个题肢、官方正误需模型/人工阶段核定,2026-09-24-attribution-v2
BJ-2023-HD-QIZHONG-Q3,④,,PH,仅词典命中弱信号(精度约0.66-0.88)，不构成准入依据；本册是否可独立判断整个题肢、官方正误需模型/人工阶段核定,2026-09-24-attribution-v2
BJ-2023-HD-QIZHONG-Q4,①,B2,PH,仅词典命中弱信号(精度约0.66-0.88)，不构成准入依据；本册是否可独立判断整个题肢、官方正误需模型/人工阶段核定,2026-09-24-attribution-v2
BJ-2023-HD-QIZHONG-Q4,②,,PH,仅词典命中弱信号(精度约0.66-0.88)，不构成准入依据；本册是否可独立判断整个题肢、官方正误需模型/人工阶段核定,2026-09-24-attribution-v2
BJ-2023-HD-QIZHONG-Q4,③,,PH,仅词典命中弱信号(精度约0.66-0.88)，不构成准入依据；本册是否可独立判断整个题肢、官方正误需模型/人工阶段核定,2026-09-24-attribution-v2
BJ-2023-HD-QIZHONG-Q4,④,,PH,仅词典命中弱信号(精度约0.66-0.88)，不构成准入依据；本册是否可独立判断整个题肢、官方正误需模型/人工阶段核定,2026-09-24-attribution-v2
BJ-2023-HD-QIZHONG-Q5,①,,PH,仅词典命中弱信号(精度约0.66-0.88)，不构成准入依据；本册是否可独立判断整个题肢、官方正误需模型/人工阶段核定,2026-09-24-attribution-v2
BJ-2023-HD-QIZHONG-Q5,②,,PH,仅词典命中弱信号(精度约0.66-0.88)，不构成准入依据；本册是否可独立判断整个题肢、官方正误需模型/人工阶段核定,2026-09-24-attribution-v2
BJ-2023-HD-QIZHONG-Q5,③,,PH,仅词典命中弱信号(精度约0.66-0.88)，不构成准入依据；本册是否可独立判断整个题肢、官方正误需模型/人工阶段核定,2026-09-24-attribution-v2
BJ-2023-HD-QIZHONG-Q5,④,,PH,仅词典命中弱信号(精度约0.66-0.88)，不构成准入依据；本册是否可独立判断整个题肢、官方正误需模型/人工阶段核定,2026-09-24-attribution-v2
BJ-2023-HD-QIZHONG-Q6,①,B2,CU,仅词典命中弱信号(精度约0.66-0.88)，不构成准入依据；本册是否可独立判断整个题肢、官方正误需模型/人工阶段核定,2026-09-24-attribution-v2
BJ-2023-HD-QIZHONG-Q6,②,,CU,仅词典命中弱信号(精度约0.66-0.88)，不构成准入依据；本册是否可独立判断整个题肢、官方正误需模型/人工阶段核定,2026-09-24-attribution-v2
BJ-2023-HD-QIZHONG-Q6,③,,CU,仅词典命中弱信号(精度约0.66-0.88)，不构成准入依据；本册是否可独立判断整个题肢、官方正误需模型/人工阶段核定,2026-09-24-attribution-v2
BJ-2023-HD-QIZHONG-Q6,④,,CU,仅词典命中弱信号(精度约0.66-0.88)，不构成准入依据；本册是否可独立判断整个题肢、官方正误需模型/人工阶段核定,2026-09-24-attribution-v2
BJ-2023-HD-QIZHONG-Q7,①,B3,B3,仅词典命中弱信号(精度约0.66-0.88)，不构成准入依据；本册是否可独立判断整个题肢、官方正误需模型/人工阶段核定,2026-09-24-attribution-v2
BJ-2023-HD-QIZHONG-Q7,②,B3,B3,仅词典命中弱信号(精度约0.66-0.88)，不构成准入依据；本册是否可独立判断整个题肢、官方正误需模型/人工阶段核定,2026-09-24-attribution-v2
BJ-2023-HD-QIZHONG-Q7,③,B3;X2,B3,仅词典命中弱信号(精度约0.66-0.88)，不构成准入依据；本册是否可独立判断整个题肢、官方正误需模型/人工阶段核定,2026-09-24-attribution-v2
BJ-2023-HD-QIZHONG-Q7,④,B3;PH,B3,仅词典命中弱信号(精度约0.66-0.88)，不构成准入依据；本册是否可独立判断整个题肢、官方正误需模型/人工阶段核定,2026-09-24-attribution-v2
BJ-2023-HD-QIZHONG-Q8,①,,B3,仅词典命中弱信号(精度约0.66-0.88)，不构成准入依据；本册是否可独立判断整个题肢、官方正误需模型/人工阶段核定,2026-09-24-attribution-v2
BJ-2023-HD-QIZHONG-Q8,②,B3,B3,仅词典命中弱信号(精度约0.66-0.88)，不构成准入依据；本册是否可独立判断整个题肢、官方正误需模型/人工阶段核定,2026-09-24-attribution-v2
BJ-2023-HD-QIZHONG-Q8,③,B3;X1,B3,仅词典命中弱信号(精度约0.66-0.88)，不构成准入依据；本册是否可独立判断整个题肢、官方正误需模型/人工阶段核定,2026-09-24-attribution-v2
BJ-2023-HD-QIZHONG-Q8,④,B2,B3,仅词典命中弱信号(精度约0.66-0.88)，不构成准入依据；本册是否可独立判断整个题肢、官方正误需模型/人工阶段核定,2026-09-24-attribution-v2
BJ-2023-HD-QIZHONG-Q9,①,B3,B3,仅词典命中弱信号(精度约0.66-0.88)，不构成准入依据；本册是否可独立判断整个题肢、官方正误需模型/人工阶段核定,2026-09-24-attribution-v2
BJ-2023-HD-QIZHONG-Q9,②,,B3,仅词典命中弱信号(精度约0.66-0.88)，不构成准入依据；本册是否可独立判断整个题肢、官方正误需模型/人工阶段核定,2026-09-24-attribution-v2
BJ-2023-HD-QIZHONG-Q9,③,B3,B3,仅词典命中弱信号(精度约0.66-0.88)，不构成准入依据；本册是否可独立判断整个题肢、官方正误需模型/人工阶段核定,2026-09-24-attribution-v2
BJ-2023-HD-QIZHONG-Q9,④,B3,B3,仅词典命中弱信号(精度约0.66-0.88)，不构成准入依据；本册是否可独立判断整个题肢、官方正误需模型/人工阶段核定,2026-09-24-attribution-v2
BJ-2023-HD-QIZHONG-Q10,①,,X2,仅词典命中弱信号(精度约0.66-0.88)，不构成准入依据；本册是否可独立判断整个题肢、官方正误需模型/人工阶段核定,2026-09-24-attribution-v2
BJ-2023-HD-QIZHONG-Q10,②,,X2,仅词典命中弱信号(精度约0.66-0.88)，不构成准入依据；本册是否可独立判断整个题肢、官方正误需模型/人工阶段核定,2026-09-24-attribution-v2
BJ-2023-HD-QIZHONG-Q10,③,,X2,仅词典命中弱信号(精度约0.66-0.88)，不构成准入依据；本册是否可独立判断整个题肢、官方正误需模型/人工阶段核定,2026-09-24-attribution-v2
BJ-2023-HD-QIZHONG-Q10,④,,X2,仅词典命中弱信号(精度约0.66-0.88)，不构成准入依据；本册是否可独立判断整个题肢、官方正误需模型/人工阶段核定,2026-09-24-attribution-v2
BJ-2023-HD-QIZHONG-Q11,A,,B3,仅词典命中弱信号(精度约0.66-0.88)，不构成准入依据；本册是否可独立判断整个题肢、官方正误需模型/人工阶段核定,2026-09-24-attribution-v2
BJ-2023-HD-QIZHONG-Q11,B,,B3,仅词典命中弱信号(精度约0.66-0.88)，不构成准入依据；本册是否可独立判断整个题肢、官方正误需模型/人工阶段核定,2026-09-24-attribution-v2
BJ-2023-HD-QIZHONG-Q11,C,,B3,仅词典命中弱信号(精度约0.66-0.88)，不构成准入依据；本册是否可独立判断整个题肢、官方正误需模型/人工阶段核定,2026-09-24-attribution-v2
BJ-2023-HD-QIZHONG-Q11,D,,B3,仅词典命中弱信号(精度约0.66-0.88)，不构成准入依据；本册是否可独立判断整个题肢、官方正误需模型/人工阶段核定,2026-09-24-attribution-v2
BJ-2023-HD-QIZHONG-Q12,①,X1,B2,仅词典命中弱信号(精度约0.66-0.88)，不构成准入依据；本册是否可独立判断整个题肢、官方正误需模型/人工阶段核定,2026-09-24-attribution-v2
BJ-2023-HD-QIZHONG-Q12,②,B3,B2,仅词典命中弱信号(精度约0.66-0.88)，不构成准入依据；本册是否可独立判断整个题肢、官方正误需模型/人工阶段核定,2026-09-24-attribution-v2
BJ-2023-HD-QIZHONG-Q12,③,,B2,仅词典命中弱信号(精度约0.66-0.88)，不构成准入依据；本册是否可独立判断整个题肢、官方正误需模型/人工阶段核定,2026-09-24-attribution-v2
BJ-2023-HD-QIZHONG-Q12,④,,B2,仅词典命中弱信号(精度约0.66-0.88)，不构成准入依据；本册是否可独立判断整个题肢、官方正误需模型/人工阶段核定,2026-09-24-attribution-v2
BJ-2023-HD-QIZHONG-Q13,A,X1,B2,仅词典命中弱信号(精度约0.66-0.88)，不构成准入依据；本册是否可独立判断整个题肢、官方正误需模型/人工阶段核定,2026-09-24-attribution-v2
BJ-2023-HD-QIZHONG-Q13,B,,B2,仅词典命中弱信号(精度约0.66-0.88)，不构成准入依据；本册是否可独立判断整个题肢、官方正误需模型/人工阶段核定,2026-09-24-attribution-v2
BJ-2023-HD-QIZHONG-Q13,C,,B2,仅词典命中弱信号(精度约0.66-0.88)，不构成准入依据；本册是否可独立判断整个题肢、官方正误需模型/人工阶段核定,2026-09-24-attribution-v2
BJ-2023-HD-QIZHONG-Q13,D,CU,B2,仅词典命中弱信号(精度约0.66-0.88)，不构成准入依据；本册是否可独立判断整个题肢、官方正误需模型/人工阶段核定,2026-09-24-attribution-v2
BJ-2023-HD-QIZHONG-Q14,①,,B2,仅词典命中弱信号(精度约0.66-0.88)，不构成准入依据；本册是否可独立判断整个题肢、官方正误需模型/人工阶段核定,2026-09-24-attribution-v2
BJ-2023-HD-QIZHONG-Q14,②,X1,B2,仅词典命中弱信号(精度约0.66-0.88)，不构成准入依据；本册是否可独立判断整个题肢、官方正误需模型/人工阶段核定,2026-09-24-attribution-v2
BJ-2023-HD-QIZHONG-Q14,③,B2,B2,仅词典命中弱信号(精度约0.66-0.88)，不构成准入依据；本册是否可独立判断整个题肢、官方正误需模型/人工阶段核定,2026-09-24-attribution-v2
BJ-2023-HD-QIZHONG-Q14,④,,B2,仅词典命中弱信号(精度约0.66-0.88)，不构成准入依据；本册是否可独立判断整个题肢、官方正误需模型/人工阶段核定,2026-09-24-attribution-v2
BJ-2023-HD-QIZHONG-Q15,A,X1,X1,仅词典命中弱信号(精度约0.66-0.88)，不构成准入依据；本册是否可独立判断整个题肢、官方正误需模型/人工阶段核定,2026-09-24-attribution-v2
BJ-2023-HD-QIZHONG-Q15,B,,X1,仅词典命中弱信号(精度约0.66-0.88)，不构成准入依据；本册是否可独立判断整个题肢、官方正误需模型/人工阶段核定,2026-09-24-attribution-v2
BJ-2023-HD-QIZHONG-Q15,C,,X1,仅词典命中弱信号(精度约0.66-0.88)，不构成准入依据；本册是否可独立判断整个题肢、官方正误需模型/人工阶段核定,2026-09-24-attribution-v2
BJ-2023-HD-QIZHONG-Q15,D,,X1,仅词典命中弱信号(精度约0.66-0.88)，不构成准入依据；本册是否可独立判断整个题肢、官方正误需模型/人工阶段核定,2026-09-24-attribution-v2
BJ-2024-DC-YIMO-Q1,①,,B3,仅词典命中弱信号(精度约0.66-0.88)，不构成准入依据；本册是否可独立判断整个题肢、官方正误需模型/人工阶段核定,2026-09-24-attribution-v2
BJ-2024-DC-YIMO-Q1,②,B1,B3,仅词典命中弱信号(精度约0.66-0.88)，不构成准入依据；本册是否可独立判断整个题肢、官方正误需模型/人工阶段核定,2026-09-24-attribution-v2
BJ-2024-DC-YIMO-Q1,③,,B3,仅词典命中弱信号(精度约0.66-0.88)，不构成准入依据；本册是否可独立判断整个题肢、官方正误需模型/人工阶段核定,2026-09-24-attribution-v2
BJ-2024-DC-YIMO-Q1,④,B3,B3,仅词典命中弱信号(精度约0.66-0.88)，不构成准入依据；本册是否可独立判断整个题肢、官方正误需模型/人工阶段核定,2026-09-24-attribution-v2
BJ-2024-DC-YIMO-Q3,①,,PH,仅词典命中弱信号(精度约0.66-0.88)，不构成准入依据；本册是否可独立判断整个题肢、官方正误需模型/人工阶段核定,2026-09-24-attribution-v2
BJ-2024-DC-YIMO-Q3,②,,PH,仅词典命中弱信号(精度约0.66-0.88)，不构成准入依据；本册是否可独立判断整个题肢、官方正误需模型/人工阶段核定,2026-09-24-attribution-v2
BJ-2024-DC-YIMO-Q3,③,RE,PH,仅词典命中弱信号(精度约0.66-0.88)，不构成准入依据；本册是否可独立判断整个题肢、官方正误需模型/人工阶段核定,2026-09-24-attribution-v2
BJ-2024-DC-YIMO-Q3,④,,PH,仅词典命中弱信号(精度约0.66-0.88)，不构成准入依据；本册是否可独立判断整个题肢、官方正误需模型/人工阶段核定,2026-09-24-attribution-v2
BJ-2024-DC-YIMO-Q4,①,,PH,仅词典命中弱信号(精度约0.66-0.88)，不构成准入依据；本册是否可独立判断整个题肢、官方正误需模型/人工阶段核定,2026-09-24-attribution-v2
BJ-2024-DC-YIMO-Q4,②,X1,PH,仅词典命中弱信号(精度约0.66-0.88)，不构成准入依据；本册是否可独立判断整个题肢、官方正误需模型/人工阶段核定,2026-09-24-attribution-v2
BJ-2024-DC-YIMO-Q4,③,,PH,仅词典命中弱信号(精度约0.66-0.88)，不构成准入依据；本册是否可独立判断整个题肢、官方正误需模型/人工阶段核定,2026-09-24-attribution-v2
BJ-2024-DC-YIMO-Q4,④,B3,PH,仅词典命中弱信号(精度约0.66-0.88)，不构成准入依据；本册是否可独立判断整个题肢、官方正误需模型/人工阶段核定,2026-09-24-attribution-v2
BJ-2024-DC-YIMO-Q2,①,B2,CU,仅词典命中弱信号(精度约0.66-0.88)，不构成准入依据；本册是否可独立判断整个题肢、官方正误需模型/人工阶段核定,2026-09-24-attribution-v2
BJ-2024-DC-YIMO-Q2,②,CU,CU,仅词典命中弱信号(精度约0.66-0.88)，不构成准入依据；本册是否可独立判断整个题肢、官方正误需模型/人工阶段核定,2026-09-24-attribution-v2
BJ-2024-DC-YIMO-Q2,③,,CU,仅词典命中弱信号(精度约0.66-0.88)，不构成准入依据；本册是否可独立判断整个题肢、官方正误需模型/人工阶段核定,2026-09-24-attribution-v2
BJ-2024-DC-YIMO-Q2,④,,CU,仅词典命中弱信号(精度约0.66-0.88)，不构成准入依据；本册是否可独立判断整个题肢、官方正误需模型/人工阶段核定,2026-09-24-attribution-v2
BJ-2024-DC-YIMO-Q5,①,,PH,仅词典命中弱信号(精度约0.66-0.88)，不构成准入依据；本册是否可独立判断整个题肢、官方正误需模型/人工阶段核定,2026-09-24-attribution-v2
BJ-2024-DC-YIMO-Q5,②,,PH,仅词典命中弱信号(精度约0.66-0.88)，不构成准入依据；本册是否可独立判断整个题肢、官方正误需模型/人工阶段核定,2026-09-24-attribution-v2
BJ-2024-DC-YIMO-Q5,③,,PH,仅词典命中弱信号(精度约0.66-0.88)，不构成准入依据；本册是否可独立判断整个题肢、官方正误需模型/人工阶段核定,2026-09-24-attribution-v2
BJ-2024-DC-YIMO-Q5,④,B2,PH,仅词典命中弱信号(精度约0.66-0.88)，不构成准入依据；本册是否可独立判断整个题肢、官方正误需模型/人工阶段核定,2026-09-24-attribution-v2
BJ-2024-DC-YIMO-Q7,①,RE,B3,仅词典命中弱信号(精度约0.66-0.88)，不构成准入依据；本册是否可独立判断整个题肢、官方正误需模型/人工阶段核定,2026-09-24-attribution-v2
BJ-2024-DC-YIMO-Q7,②,RE,B3,仅词典命中弱信号(精度约0.66-0.88)，不构成准入依据；本册是否可独立判断整个题肢、官方正误需模型/人工阶段核定,2026-09-24-attribution-v2
BJ-2024-DC-YIMO-Q7,③,RE,B3,仅词典命中弱信号(精度约0.66-0.88)，不构成准入依据；本册是否可独立判断整个题肢、官方正误需模型/人工阶段核定,2026-09-24-attribution-v2
BJ-2024-DC-YIMO-Q7,④,RE,B3,仅词典命中弱信号(精度约0.66-0.88)，不构成准入依据；本册是否可独立判断整个题肢、官方正误需模型/人工阶段核定,2026-09-24-attribution-v2
BJ-2024-DC-YIMO-Q8,①,,B3,仅词典命中弱信号(精度约0.66-0.88)，不构成准入依据；本册是否可独立判断整个题肢、官方正误需模型/人工阶段核定,2026-09-24-attribution-v2
BJ-2024-DC-YIMO-Q8,②,,B3,仅词典命中弱信号(精度约0.66-0.88)，不构成准入依据；本册是否可独立判断整个题肢、官方正误需模型/人工阶段核定,2026-09-24-attribution-v2
BJ-2024-DC-YIMO-Q8,③,,B3,仅词典命中弱信号(精度约0.66-0.88)，不构成准入依据；本册是否可独立判断整个题肢、官方正误需模型/人工阶段核定,2026-09-24-attribution-v2
BJ-2024-DC-YIMO-Q8,④,,B3,仅词典命中弱信号(精度约0.66-0.88)，不构成准入依据；本册是否可独立判断整个题肢、官方正误需模型/人工阶段核定,2026-09-24-attribution-v2
BJ-2024-DC-YIMO-Q9,A,X2,B3,仅词典命中弱信号(精度约0.66-0.88)，不构成准入依据；本册是否可独立判断整个题肢、官方正误需模型/人工阶段核定,2026-09-24-attribution-v2
BJ-2024-DC-YIMO-Q9,B,X2,B3,仅词典命中弱信号(精度约0.66-0.88)，不构成准入依据；本册是否可独立判断整个题肢、官方正误需模型/人工阶段核定,2026-09-24-attribution-v2
BJ-2024-DC-YIMO-Q9,C,,B3,仅词典命中弱信号(精度约0.66-0.88)，不构成准入依据；本册是否可独立判断整个题肢、官方正误需模型/人工阶段核定,2026-09-24-attribution-v2
BJ-2024-DC-YIMO-Q9,D,X2,B3,仅词典命中弱信号(精度约0.66-0.88)，不构成准入依据；本册是否可独立判断整个题肢、官方正误需模型/人工阶段核定,2026-09-24-attribution-v2
BJ-2024-DC-YIMO-Q10,A,X2,X2,仅词典命中弱信号(精度约0.66-0.88)，不构成准入依据；本册是否可独立判断整个题肢、官方正误需模型/人工阶段核定,2026-09-24-attribution-v2
BJ-2024-DC-YIMO-Q10,B,X2,X2,仅词典命中弱信号(精度约0.66-0.88)，不构成准入依据；本册是否可独立判断整个题肢、官方正误需模型/人工阶段核定,2026-09-24-attribution-v2
BJ-2024-DC-YIMO-Q10,C,X2,X2,仅词典命中弱信号(精度约0.66-0.88)，不构成准入依据；本册是否可独立判断整个题肢、官方正误需模型/人工阶段核定,2026-09-24-attribution-v2
BJ-2024-DC-YIMO-Q10,D,X2,X2,仅词典命中弱信号(精度约0.66-0.88)，不构成准入依据；本册是否可独立判断整个题肢、官方正误需模型/人工阶段核定,2026-09-24-attribution-v2
BJ-2024-DC-YIMO-Q11,①,,X2,仅词典命中弱信号(精度约0.66-0.88)，不构成准入依据；本册是否可独立判断整个题肢、官方正误需模型/人工阶段核定,2026-09-24-attribution-v2
BJ-2024-DC-YIMO-Q11,②,,X2,仅词典命中弱信号(精度约0.66-0.88)，不构成准入依据；本册是否可独立判断整个题肢、官方正误需模型/人工阶段核定,2026-09-24-attribution-v2
BJ-2024-DC-YIMO-Q11,③,B3;X2,X2,仅词典命中弱信号(精度约0.66-0.88)，不构成准入依据；本册是否可独立判断整个题肢、官方正误需模型/人工阶段核定,2026-09-24-attribution-v2
BJ-2024-DC-YIMO-Q11,④,B3,X2,仅词典命中弱信号(精度约0.66-0.88)，不构成准入依据；本册是否可独立判断整个题肢、官方正误需模型/人工阶段核定,2026-09-24-attribution-v2
BJ-2024-DC-YIMO-Q12,①,B2,B2,仅词典命中弱信号(精度约0.66-0.88)，不构成准入依据；本册是否可独立判断整个题肢、官方正误需模型/人工阶段核定,2026-09-24-attribution-v2
BJ-2024-DC-YIMO-Q12,②,B2,B2,仅词典命中弱信号(精度约0.66-0.88)，不构成准入依据；本册是否可独立判断整个题肢、官方正误需模型/人工阶段核定,2026-09-24-attribution-v2
BJ-2024-DC-YIMO-Q12,③,B2,B2,仅词典命中弱信号(精度约0.66-0.88)，不构成准入依据；本册是否可独立判断整个题肢、官方正误需模型/人工阶段核定,2026-09-24-attribution-v2
BJ-2024-DC-YIMO-Q12,④,B2,B2,仅词典命中弱信号(精度约0.66-0.88)，不构成准入依据；本册是否可独立判断整个题肢、官方正误需模型/人工阶段核定,2026-09-24-attribution-v2
BJ-2024-DC-YIMO-Q13,①,B2,B2,仅词典命中弱信号(精度约0.66-0.88)，不构成准入依据；本册是否可独立判断整个题肢、官方正误需模型/人工阶段核定,2026-09-24-attribution-v2
BJ-2024-DC-YIMO-Q13,②,B2,B2,仅词典命中弱信号(精度约0.66-0.88)，不构成准入依据；本册是否可独立判断整个题肢、官方正误需模型/人工阶段核定,2026-09-24-attribution-v2
BJ-2024-DC-YIMO-Q13,③,B2,B2,仅词典命中弱信号(精度约0.66-0.88)，不构成准入依据；本册是否可独立判断整个题肢、官方正误需模型/人工阶段核定,2026-09-24-attribution-v2
BJ-2024-DC-YIMO-Q13,④,B2,B2,仅词典命中弱信号(精度约0.66-0.88)，不构成准入依据；本册是否可独立判断整个题肢、官方正误需模型/人工阶段核定,2026-09-24-attribution-v2
BJ-2024-DC-YIMO-Q14,①,X1,X1,仅词典命中弱信号(精度约0.66-0.88)，不构成准入依据；本册是否可独立判断整个题肢、官方正误需模型/人工阶段核定,2026-09-24-attribution-v2
BJ-2024-DC-YIMO-Q14,②,,X1,仅词典命中弱信号(精度约0.66-0.88)，不构成准入依据；本册是否可独立判断整个题肢、官方正误需模型/人工阶段核定,2026-09-24-attribution-v2
BJ-2024-DC-YIMO-Q14,③,,X1,仅词典命中弱信号(精度约0.66-0.88)，不构成准入依据；本册是否可独立判断整个题肢、官方正误需模型/人工阶段核定,2026-09-24-attribution-v2
BJ-2024-DC-YIMO-Q14,④,,X1,仅词典命中弱信号(精度约0.66-0.88)，不构成准入依据；本册是否可独立判断整个题肢、官方正误需模型/人工阶段核定,2026-09-24-attribution-v2
BJ-2024-DC-YIMO-Q15,①,,X1,仅词典命中弱信号(精度约0.66-0.88)，不构成准入依据；本册是否可独立判断整个题肢、官方正误需模型/人工阶段核定,2026-09-24-attribution-v2
BJ-2024-DC-YIMO-Q15,②,,X1,仅词典命中弱信号(精度约0.66-0.88)，不构成准入依据；本册是否可独立判断整个题肢、官方正误需模型/人工阶段核定,2026-09-24-attribution-v2
BJ-2024-DC-YIMO-Q15,③,X1,X1,仅词典命中弱信号(精度约0.66-0.88)，不构成准入依据；本册是否可独立判断整个题肢、官方正误需模型/人工阶段核定,2026-09-24-attribution-v2
BJ-2024-DC-YIMO-Q15,④,,X1,仅词典命中弱信号(精度约0.66-0.88)，不构成准入依据；本册是否可独立判断整个题肢、官方正误需模型/人工阶段核定,2026-09-24-attribution-v2
BJ-2024-HD-YIMO-Q1,①,,B3,仅词典命中弱信号(精度约0.66-0.88)，不构成准入依据；本册是否可独立判断整个题肢、官方正误需模型/人工阶段核定,2026-09-24-attribution-v2
BJ-2024-HD-YIMO-Q1,②,,B3,仅词典命中弱信号(精度约0.66-0.88)，不构成准入依据；本册是否可独立判断整个题肢、官方正误需模型/人工阶段核定,2026-09-24-attribution-v2
BJ-2024-HD-YIMO-Q1,③,B1,B3,仅词典命中弱信号(精度约0.66-0.88)，不构成准入依据；本册是否可独立判断整个题肢、官方正误需模型/人工阶段核定,2026-09-24-attribution-v2
BJ-2024-HD-YIMO-Q1,④,,B3,仅词典命中弱信号(精度约0.66-0.88)，不构成准入依据；本册是否可独立判断整个题肢、官方正误需模型/人工阶段核定,2026-09-24-attribution-v2
BJ-2024-HD-YIMO-Q2,A,MI;PH,CU,仅词典命中弱信号(精度约0.66-0.88)，不构成准入依据；本册是否可独立判断整个题肢、官方正误需模型/人工阶段核定,2026-09-24-attribution-v2
BJ-2024-HD-YIMO-Q2,B,MI,CU,仅词典命中弱信号(精度约0.66-0.88)，不构成准入依据；本册是否可独立判断整个题肢、官方正误需模型/人工阶段核定,2026-09-24-attribution-v2
BJ-2024-HD-YIMO-Q2,C,,CU,仅词典命中弱信号(精度约0.66-0.88)，不构成准入依据；本册是否可独立判断整个题肢、官方正误需模型/人工阶段核定,2026-09-24-attribution-v2
BJ-2024-HD-YIMO-Q2,D,,CU,仅词典命中弱信号(精度约0.66-0.88)，不构成准入依据；本册是否可独立判断整个题肢、官方正误需模型/人工阶段核定,2026-09-24-attribution-v2
BJ-2024-HD-YIMO-Q3,①,,PH,仅词典命中弱信号(精度约0.66-0.88)，不构成准入依据；本册是否可独立判断整个题肢、官方正误需模型/人工阶段核定,2026-09-24-attribution-v2
BJ-2024-HD-YIMO-Q3,②,,PH,仅词典命中弱信号(精度约0.66-0.88)，不构成准入依据；本册是否可独立判断整个题肢、官方正误需模型/人工阶段核定,2026-09-24-attribution-v2
BJ-2024-HD-YIMO-Q3,③,MI,PH,仅词典命中弱信号(精度约0.66-0.88)，不构成准入依据；本册是否可独立判断整个题肢、官方正误需模型/人工阶段核定,2026-09-24-attribution-v2
BJ-2024-HD-YIMO-Q3,④,PH,PH,仅词典命中弱信号(精度约0.66-0.88)，不构成准入依据；本册是否可独立判断整个题肢、官方正误需模型/人工阶段核定,2026-09-24-attribution-v2
BJ-2024-HD-YIMO-Q4,①,RE,PH,仅词典命中弱信号(精度约0.66-0.88)，不构成准入依据；本册是否可独立判断整个题肢、官方正误需模型/人工阶段核定,2026-09-24-attribution-v2
BJ-2024-HD-YIMO-Q4,②,,PH,仅词典命中弱信号(精度约0.66-0.88)，不构成准入依据；本册是否可独立判断整个题肢、官方正误需模型/人工阶段核定,2026-09-24-attribution-v2
BJ-2024-HD-YIMO-Q4,③,CU,PH,仅词典命中弱信号(精度约0.66-0.88)，不构成准入依据；本册是否可独立判断整个题肢、官方正误需模型/人工阶段核定,2026-09-24-attribution-v2
BJ-2024-HD-YIMO-Q4,④,,PH,仅词典命中弱信号(精度约0.66-0.88)，不构成准入依据；本册是否可独立判断整个题肢、官方正误需模型/人工阶段核定,2026-09-24-attribution-v2
BJ-2024-HD-YIMO-Q5,①,,PH,仅词典命中弱信号(精度约0.66-0.88)，不构成准入依据；本册是否可独立判断整个题肢、官方正误需模型/人工阶段核定,2026-09-24-attribution-v2
BJ-2024-HD-YIMO-Q5,②,,PH,仅词典命中弱信号(精度约0.66-0.88)，不构成准入依据；本册是否可独立判断整个题肢、官方正误需模型/人工阶段核定,2026-09-24-attribution-v2
BJ-2024-HD-YIMO-Q5,③,,PH,仅词典命中弱信号(精度约0.66-0.88)，不构成准入依据；本册是否可独立判断整个题肢、官方正误需模型/人工阶段核定,2026-09-24-attribution-v2
BJ-2024-HD-YIMO-Q5,④,,PH,仅词典命中弱信号(精度约0.66-0.88)，不构成准入依据；本册是否可独立判断整个题肢、官方正误需模型/人工阶段核定,2026-09-24-attribution-v2
BJ-2024-HD-YIMO-Q6,①,RE,RE,仅词典命中弱信号(精度约0.66-0.88)，不构成准入依据；本册是否可独立判断整个题肢、官方正误需模型/人工阶段核定,2026-09-24-attribution-v2
BJ-2024-HD-YIMO-Q6,②,RE,RE,仅词典命中弱信号(精度约0.66-0.88)，不构成准入依据；本册是否可独立判断整个题肢、官方正误需模型/人工阶段核定,2026-09-24-attribution-v2
BJ-2024-HD-YIMO-Q6,③,RE,RE,仅词典命中弱信号(精度约0.66-0.88)，不构成准入依据；本册是否可独立判断整个题肢、官方正误需模型/人工阶段核定,2026-09-24-attribution-v2
BJ-2024-HD-YIMO-Q6,④,MI;RE,RE,仅词典命中弱信号(精度约0.66-0.88)，不构成准入依据；本册是否可独立判断整个题肢、官方正误需模型/人工阶段核定,2026-09-24-attribution-v2
BJ-2024-HD-YIMO-Q7,A,,B3,仅词典命中弱信号(精度约0.66-0.88)，不构成准入依据；本册是否可独立判断整个题肢、官方正误需模型/人工阶段核定,2026-09-24-attribution-v2
BJ-2024-HD-YIMO-Q7,B,,B3,仅词典命中弱信号(精度约0.66-0.88)，不构成准入依据；本册是否可独立判断整个题肢、官方正误需模型/人工阶段核定,2026-09-24-attribution-v2
BJ-2024-HD-YIMO-Q7,C,RE,B3,仅词典命中弱信号(精度约0.66-0.88)，不构成准入依据；本册是否可独立判断整个题肢、官方正误需模型/人工阶段核定,2026-09-24-attribution-v2
BJ-2024-HD-YIMO-Q7,D,X2,B3,仅词典命中弱信号(精度约0.66-0.88)，不构成准入依据；本册是否可独立判断整个题肢、官方正误需模型/人工阶段核定,2026-09-24-attribution-v2
BJ-2024-HD-YIMO-Q8,A,X1,B3,仅词典命中弱信号(精度约0.66-0.88)，不构成准入依据；本册是否可独立判断整个题肢、官方正误需模型/人工阶段核定,2026-09-24-attribution-v2
BJ-2024-HD-YIMO-Q8,B,B3,B3,仅词典命中弱信号(精度约0.66-0.88)，不构成准入依据；本册是否可独立判断整个题肢、官方正误需模型/人工阶段核定,2026-09-24-attribution-v2
BJ-2024-HD-YIMO-Q8,C,B3;X1,B3,仅词典命中弱信号(精度约0.66-0.88)，不构成准入依据；本册是否可独立判断整个题肢、官方正误需模型/人工阶段核定,2026-09-24-attribution-v2
BJ-2024-HD-YIMO-Q8,D,,B3,仅词典命中弱信号(精度约0.66-0.88)，不构成准入依据；本册是否可独立判断整个题肢、官方正误需模型/人工阶段核定,2026-09-24-attribution-v2
BJ-2024-HD-YIMO-Q9,①,,B3,仅词典命中弱信号(精度约0.66-0.88)，不构成准入依据；本册是否可独立判断整个题肢、官方正误需模型/人工阶段核定,2026-09-24-attribution-v2
BJ-2024-HD-YIMO-Q9,②,B3,B3,仅词典命中弱信号(精度约0.66-0.88)，不构成准入依据；本册是否可独立判断整个题肢、官方正误需模型/人工阶段核定,2026-09-24-attribution-v2
BJ-2024-HD-YIMO-Q9,③,PH,B3,仅词典命中弱信号(精度约0.66-0.88)，不构成准入依据；本册是否可独立判断整个题肢、官方正误需模型/人工阶段核定,2026-09-24-attribution-v2
BJ-2024-HD-YIMO-Q9,④,B3,B3,仅词典命中弱信号(精度约0.66-0.88)，不构成准入依据；本册是否可独立判断整个题肢、官方正误需模型/人工阶段核定,2026-09-24-attribution-v2
BJ-2024-HD-YIMO-Q10,A,X2,X2,仅词典命中弱信号(精度约0.66-0.88)，不构成准入依据；本册是否可独立判断整个题肢、官方正误需模型/人工阶段核定,2026-09-24-attribution-v2
BJ-2024-HD-YIMO-Q10,B,X2,X2,仅词典命中弱信号(精度约0.66-0.88)，不构成准入依据；本册是否可独立判断整个题肢、官方正误需模型/人工阶段核定,2026-09-24-attribution-v2
BJ-2024-HD-YIMO-Q10,C,X2,X2,仅词典命中弱信号(精度约0.66-0.88)，不构成准入依据；本册是否可独立判断整个题肢、官方正误需模型/人工阶段核定,2026-09-24-attribution-v2
BJ-2024-HD-YIMO-Q10,D,X2,X2,仅词典命中弱信号(精度约0.66-0.88)，不构成准入依据；本册是否可独立判断整个题肢、官方正误需模型/人工阶段核定,2026-09-24-attribution-v2
BJ-2024-HD-YIMO-Q11,①,X2,X2,仅词典命中弱信号(精度约0.66-0.88)，不构成准入依据；本册是否可独立判断整个题肢、官方正误需模型/人工阶段核定,2026-09-24-attribution-v2
BJ-2024-HD-YIMO-Q11,②,,X2,仅词典命中弱信号(精度约0.66-0.88)，不构成准入依据；本册是否可独立判断整个题肢、官方正误需模型/人工阶段核定,2026-09-24-attribution-v2
BJ-2024-HD-YIMO-Q11,③,X2,X2,仅词典命中弱信号(精度约0.66-0.88)，不构成准入依据；本册是否可独立判断整个题肢、官方正误需模型/人工阶段核定,2026-09-24-attribution-v2
BJ-2024-HD-YIMO-Q11,④,X2,X2,仅词典命中弱信号(精度约0.66-0.88)，不构成准入依据；本册是否可独立判断整个题肢、官方正误需模型/人工阶段核定,2026-09-24-attribution-v2
BJ-2024-HD-YIMO-Q12,①,B2,B2,仅词典命中弱信号(精度约0.66-0.88)，不构成准入依据；本册是否可独立判断整个题肢、官方正误需模型/人工阶段核定,2026-09-24-attribution-v2
BJ-2024-HD-YIMO-Q12,②,B2,B2,仅词典命中弱信号(精度约0.66-0.88)，不构成准入依据；本册是否可独立判断整个题肢、官方正误需模型/人工阶段核定,2026-09-24-attribution-v2
BJ-2024-HD-YIMO-Q12,③,,B2,仅词典命中弱信号(精度约0.66-0.88)，不构成准入依据；本册是否可独立判断整个题肢、官方正误需模型/人工阶段核定,2026-09-24-attribution-v2
BJ-2024-HD-YIMO-Q12,④,B2,B2,仅词典命中弱信号(精度约0.66-0.88)，不构成准入依据；本册是否可独立判断整个题肢、官方正误需模型/人工阶段核定,2026-09-24-attribution-v2
BJ-2024-HD-YIMO-Q13,①,,B2,仅词典命中弱信号(精度约0.66-0.88)，不构成准入依据；本册是否可独立判断整个题肢、官方正误需模型/人工阶段核定,2026-09-24-attribution-v2
BJ-2024-HD-YIMO-Q13,②,B2,B2,仅词典命中弱信号(精度约0.66-0.88)，不构成准入依据；本册是否可独立判断整个题肢、官方正误需模型/人工阶段核定,2026-09-24-attribution-v2
BJ-2024-HD-YIMO-Q13,③,,B2,仅词典命中弱信号(精度约0.66-0.88)，不构成准入依据；本册是否可独立判断整个题肢、官方正误需模型/人工阶段核定,2026-09-24-attribution-v2
BJ-2024-HD-YIMO-Q13,④,,B2,仅词典命中弱信号(精度约0.66-0.88)，不构成准入依据；本册是否可独立判断整个题肢、官方正误需模型/人工阶段核定,2026-09-24-attribution-v2
BJ-2024-HD-YIMO-Q14,①,X1,X1,仅词典命中弱信号(精度约0.66-0.88)，不构成准入依据；本册是否可独立判断整个题肢、官方正误需模型/人工阶段核定,2026-09-24-attribution-v2
BJ-2024-HD-YIMO-Q14,②,,X1,仅词典命中弱信号(精度约0.66-0.88)，不构成准入依据；本册是否可独立判断整个题肢、官方正误需模型/人工阶段核定,2026-09-24-attribution-v2
BJ-2024-HD-YIMO-Q14,③,B3,X1,仅词典命中弱信号(精度约0.66-0.88)，不构成准入依据；本册是否可独立判断整个题肢、官方正误需模型/人工阶段核定,2026-09-24-attribution-v2
BJ-2024-HD-YIMO-Q14,④,X1,X1,仅词典命中弱信号(精度约0.66-0.88)，不构成准入依据；本册是否可独立判断整个题肢、官方正误需模型/人工阶段核定,2026-09-24-attribution-v2
BJ-2024-HD-YIMO-Q15,A,,X1,仅词典命中弱信号(精度约0.66-0.88)，不构成准入依据；本册是否可独立判断整个题肢、官方正误需模型/人工阶段核定,2026-09-24-attribution-v2
BJ-2024-HD-YIMO-Q15,B,X1,X1,仅词典命中弱信号(精度约0.66-0.88)，不构成准入依据；本册是否可独立判断整个题肢、官方正误需模型/人工阶段核定,2026-09-24-attribution-v2
BJ-2024-HD-YIMO-Q15,C,X1,X1,仅词典命中弱信号(精度约0.66-0.88)，不构成准入依据；本册是否可独立判断整个题肢、官方正误需模型/人工阶段核定,2026-09-24-attribution-v2
BJ-2024-HD-YIMO-Q15,D,X1,X1,仅词典命中弱信号(精度约0.66-0.88)，不构成准入依据；本册是否可独立判断整个题肢、官方正误需模型/人工阶段核定,2026-09-24-attribution-v2
BJ-2024-DC-ERMO-Q2,①,,CU,仅词典命中弱信号(精度约0.66-0.88)，不构成准入依据；本册是否可独立判断整个题肢、官方正误需模型/人工阶段核定,2026-09-24-attribution-v2
BJ-2024-DC-ERMO-Q2,②,,CU,仅词典命中弱信号(精度约0.66-0.88)，不构成准入依据；本册是否可独立判断整个题肢、官方正误需模型/人工阶段核定,2026-09-24-attribution-v2
BJ-2024-DC-ERMO-Q2,③,CU,CU,仅词典命中弱信号(精度约0.66-0.88)，不构成准入依据；本册是否可独立判断整个题肢、官方正误需模型/人工阶段核定,2026-09-24-attribution-v2
BJ-2024-DC-ERMO-Q2,④,,CU,仅词典命中弱信号(精度约0.66-0.88)，不构成准入依据；本册是否可独立判断整个题肢、官方正误需模型/人工阶段核定,2026-09-24-attribution-v2
BJ-2024-DC-ERMO-Q3,①,,PH,仅词典命中弱信号(精度约0.66-0.88)，不构成准入依据；本册是否可独立判断整个题肢、官方正误需模型/人工阶段核定,2026-09-24-attribution-v2
BJ-2024-DC-ERMO-Q3,②,,PH,仅词典命中弱信号(精度约0.66-0.88)，不构成准入依据；本册是否可独立判断整个题肢、官方正误需模型/人工阶段核定,2026-09-24-attribution-v2
BJ-2024-DC-ERMO-Q3,③,,PH,仅词典命中弱信号(精度约0.66-0.88)，不构成准入依据；本册是否可独立判断整个题肢、官方正误需模型/人工阶段核定,2026-09-24-attribution-v2
BJ-2024-DC-ERMO-Q3,④,PH,PH,仅词典命中弱信号(精度约0.66-0.88)，不构成准入依据；本册是否可独立判断整个题肢、官方正误需模型/人工阶段核定,2026-09-24-attribution-v2
BJ-2024-DC-ERMO-Q1,①,RE,B3,仅词典命中弱信号(精度约0.66-0.88)，不构成准入依据；本册是否可独立判断整个题肢、官方正误需模型/人工阶段核定,2026-09-24-attribution-v2
BJ-2024-DC-ERMO-Q1,②,CU,B3,仅词典命中弱信号(精度约0.66-0.88)，不构成准入依据；本册是否可独立判断整个题肢、官方正误需模型/人工阶段核定,2026-09-24-attribution-v2
BJ-2024-DC-ERMO-Q1,③,,B3,仅词典命中弱信号(精度约0.66-0.88)，不构成准入依据；本册是否可独立判断整个题肢、官方正误需模型/人工阶段核定,2026-09-24-attribution-v2
BJ-2024-DC-ERMO-Q1,④,,B3,仅词典命中弱信号(精度约0.66-0.88)，不构成准入依据；本册是否可独立判断整个题肢、官方正误需模型/人工阶段核定,2026-09-24-attribution-v2
BJ-2024-DC-ERMO-Q4,①,,PH,仅词典命中弱信号(精度约0.66-0.88)，不构成准入依据；本册是否可独立判断整个题肢、官方正误需模型/人工阶段核定,2026-09-24-attribution-v2
BJ-2024-DC-ERMO-Q4,②,B3,PH,仅词典命中弱信号(精度约0.66-0.88)，不构成准入依据；本册是否可独立判断整个题肢、官方正误需模型/人工阶段核定,2026-09-24-attribution-v2
BJ-2024-DC-ERMO-Q4,③,B3,PH,仅词典命中弱信号(精度约0.66-0.88)，不构成准入依据；本册是否可独立判断整个题肢、官方正误需模型/人工阶段核定,2026-09-24-attribution-v2
BJ-2024-DC-ERMO-Q4,④,B3,PH,仅词典命中弱信号(精度约0.66-0.88)，不构成准入依据；本册是否可独立判断整个题肢、官方正误需模型/人工阶段核定,2026-09-24-attribution-v2
BJ-2024-DC-ERMO-Q5,①,,PH,仅词典命中弱信号(精度约0.66-0.88)，不构成准入依据；本册是否可独立判断整个题肢、官方正误需模型/人工阶段核定,2026-09-24-attribution-v2
BJ-2024-DC-ERMO-Q5,②,B3,PH,仅词典命中弱信号(精度约0.66-0.88)，不构成准入依据；本册是否可独立判断整个题肢、官方正误需模型/人工阶段核定,2026-09-24-attribution-v2
BJ-2024-DC-ERMO-Q5,③,,PH,仅词典命中弱信号(精度约0.66-0.88)，不构成准入依据；本册是否可独立判断整个题肢、官方正误需模型/人工阶段核定,2026-09-24-attribution-v2
BJ-2024-DC-ERMO-Q5,④,,PH,仅词典命中弱信号(精度约0.66-0.88)，不构成准入依据；本册是否可独立判断整个题肢、官方正误需模型/人工阶段核定,2026-09-24-attribution-v2
BJ-2024-DC-ERMO-Q7,①,X2,B3,仅词典命中弱信号(精度约0.66-0.88)，不构成准入依据；本册是否可独立判断整个题肢、官方正误需模型/人工阶段核定,2026-09-24-attribution-v2
BJ-2024-DC-ERMO-Q7,②,B3,B3,仅词典命中弱信号(精度约0.66-0.88)，不构成准入依据；本册是否可独立判断整个题肢、官方正误需模型/人工阶段核定,2026-09-24-attribution-v2
BJ-2024-DC-ERMO-Q7,③,X2,B3,仅词典命中弱信号(精度约0.66-0.88)，不构成准入依据；本册是否可独立判断整个题肢、官方正误需模型/人工阶段核定,2026-09-24-attribution-v2
BJ-2024-DC-ERMO-Q7,④,X2,B3,仅词典命中弱信号(精度约0.66-0.88)，不构成准入依据；本册是否可独立判断整个题肢、官方正误需模型/人工阶段核定,2026-09-24-attribution-v2
BJ-2024-DC-ERMO-Q12,①,B2,B2,仅词典命中弱信号(精度约0.66-0.88)，不构成准入依据；本册是否可独立判断整个题肢、官方正误需模型/人工阶段核定,2026-09-24-attribution-v2
BJ-2024-DC-ERMO-Q12,②,,B2,仅词典命中弱信号(精度约0.66-0.88)，不构成准入依据；本册是否可独立判断整个题肢、官方正误需模型/人工阶段核定,2026-09-24-attribution-v2
BJ-2024-DC-ERMO-Q12,③,,B2,仅词典命中弱信号(精度约0.66-0.88)，不构成准入依据；本册是否可独立判断整个题肢、官方正误需模型/人工阶段核定,2026-09-24-attribution-v2
BJ-2024-DC-ERMO-Q12,④,B2,B2,仅词典命中弱信号(精度约0.66-0.88)，不构成准入依据；本册是否可独立判断整个题肢、官方正误需模型/人工阶段核定,2026-09-24-attribution-v2
BJ-2024-DC-ERMO-Q13,①,B2,B2,仅词典命中弱信号(精度约0.66-0.88)，不构成准入依据；本册是否可独立判断整个题肢、官方正误需模型/人工阶段核定,2026-09-24-attribution-v2
BJ-2024-DC-ERMO-Q13,②,,B2,仅词典命中弱信号(精度约0.66-0.88)，不构成准入依据；本册是否可独立判断整个题肢、官方正误需模型/人工阶段核定,2026-09-24-attribution-v2
BJ-2024-DC-ERMO-Q13,③,,B2,仅词典命中弱信号(精度约0.66-0.88)，不构成准入依据；本册是否可独立判断整个题肢、官方正误需模型/人工阶段核定,2026-09-24-attribution-v2
BJ-2024-DC-ERMO-Q13,④,B2,B2,仅词典命中弱信号(精度约0.66-0.88)，不构成准入依据；本册是否可独立判断整个题肢、官方正误需模型/人工阶段核定,2026-09-24-attribution-v2
BJ-2024-DC-ERMO-Q14,①,,X1,仅词典命中弱信号(精度约0.66-0.88)，不构成准入依据；本册是否可独立判断整个题肢、官方正误需模型/人工阶段核定,2026-09-24-attribution-v2
BJ-2024-DC-ERMO-Q14,②,X1,X1,仅词典命中弱信号(精度约0.66-0.88)，不构成准入依据；本册是否可独立判断整个题肢、官方正误需模型/人工阶段核定,2026-09-24-attribution-v2
BJ-2024-DC-ERMO-Q14,③,B2,X1,仅词典命中弱信号(精度约0.66-0.88)，不构成准入依据；本册是否可独立判断整个题肢、官方正误需模型/人工阶段核定,2026-09-24-attribution-v2
BJ-2024-DC-ERMO-Q14,④,X1,X1,仅词典命中弱信号(精度约0.66-0.88)，不构成准入依据；本册是否可独立判断整个题肢、官方正误需模型/人工阶段核定,2026-09-24-attribution-v2
BJ-2024-DC-ERMO-Q15,①,,X1,仅词典命中弱信号(精度约0.66-0.88)，不构成准入依据；本册是否可独立判断整个题肢、官方正误需模型/人工阶段核定,2026-09-24-attribution-v2
BJ-2024-DC-ERMO-Q15,②,B2,X1,仅词典命中弱信号(精度约0.66-0.88)，不构成准入依据；本册是否可独立判断整个题肢、官方正误需模型/人工阶段核定,2026-09-24-attribution-v2
BJ-2024-DC-ERMO-Q15,③,B2,X1,仅词典命中弱信号(精度约0.66-0.88)，不构成准入依据；本册是否可独立判断整个题肢、官方正误需模型/人工阶段核定,2026-09-24-attribution-v2
BJ-2024-DC-ERMO-Q15,④,B2,X1,仅词典命中弱信号(精度约0.66-0.88)，不构成准入依据；本册是否可独立判断整个题肢、官方正误需模型/人工阶段核定,2026-09-24-attribution-v2
BJ-2024-FT-YIMO-Q1,①,,B3,仅词典命中弱信号(精度约0.66-0.88)，不构成准入依据；本册是否可独立判断整个题肢、官方正误需模型/人工阶段核定,2026-09-24-attribution-v2
BJ-2024-FT-YIMO-Q1,②,B2,B3,仅词典命中弱信号(精度约0.66-0.88)，不构成准入依据；本册是否可独立判断整个题肢、官方正误需模型/人工阶段核定,2026-09-24-attribution-v2
BJ-2024-FT-YIMO-Q1,③,,B3,仅词典命中弱信号(精度约0.66-0.88)，不构成准入依据；本册是否可独立判断整个题肢、官方正误需模型/人工阶段核定,2026-09-24-attribution-v2
BJ-2024-FT-YIMO-Q1,④,CU,B3,仅词典命中弱信号(精度约0.66-0.88)，不构成准入依据；本册是否可独立判断整个题肢、官方正误需模型/人工阶段核定,2026-09-24-attribution-v2
BJ-2024-FT-YIMO-Q2,①,,CU,仅词典命中弱信号(精度约0.66-0.88)，不构成准入依据；本册是否可独立判断整个题肢、官方正误需模型/人工阶段核定,2026-09-24-attribution-v2
BJ-2024-FT-YIMO-Q2,②,CU,CU,仅词典命中弱信号(精度约0.66-0.88)，不构成准入依据；本册是否可独立判断整个题肢、官方正误需模型/人工阶段核定,2026-09-24-attribution-v2
BJ-2024-FT-YIMO-Q2,③,,CU,仅词典命中弱信号(精度约0.66-0.88)，不构成准入依据；本册是否可独立判断整个题肢、官方正误需模型/人工阶段核定,2026-09-24-attribution-v2
BJ-2024-FT-YIMO-Q2,④,,CU,仅词典命中弱信号(精度约0.66-0.88)，不构成准入依据；本册是否可独立判断整个题肢、官方正误需模型/人工阶段核定,2026-09-24-attribution-v2
BJ-2024-FT-YIMO-Q3,①,,PH,仅词典命中弱信号(精度约0.66-0.88)，不构成准入依据；本册是否可独立判断整个题肢、官方正误需模型/人工阶段核定,2026-09-24-attribution-v2
BJ-2024-FT-YIMO-Q3,②,,PH,仅词典命中弱信号(精度约0.66-0.88)，不构成准入依据；本册是否可独立判断整个题肢、官方正误需模型/人工阶段核定,2026-09-24-attribution-v2
BJ-2024-FT-YIMO-Q3,③,,PH,仅词典命中弱信号(精度约0.66-0.88)，不构成准入依据；本册是否可独立判断整个题肢、官方正误需模型/人工阶段核定,2026-09-24-attribution-v2
BJ-2024-FT-YIMO-Q3,④,,PH,仅词典命中弱信号(精度约0.66-0.88)，不构成准入依据；本册是否可独立判断整个题肢、官方正误需模型/人工阶段核定,2026-09-24-attribution-v2
BJ-2024-FT-YIMO-Q4,①,B3,PH,仅词典命中弱信号(精度约0.66-0.88)，不构成准入依据；本册是否可独立判断整个题肢、官方正误需模型/人工阶段核定,2026-09-24-attribution-v2
BJ-2024-FT-YIMO-Q4,②,,PH,仅词典命中弱信号(精度约0.66-0.88)，不构成准入依据；本册是否可独立判断整个题肢、官方正误需模型/人工阶段核定,2026-09-24-attribution-v2
BJ-2024-FT-YIMO-Q4,③,,PH,仅词典命中弱信号(精度约0.66-0.88)，不构成准入依据；本册是否可独立判断整个题肢、官方正误需模型/人工阶段核定,2026-09-24-attribution-v2
BJ-2024-FT-YIMO-Q4,④,B3,PH,仅词典命中弱信号(精度约0.66-0.88)，不构成准入依据；本册是否可独立判断整个题肢、官方正误需模型/人工阶段核定,2026-09-24-attribution-v2
BJ-2024-FT-YIMO-Q5,A,,PH,仅词典命中弱信号(精度约0.66-0.88)，不构成准入依据；本册是否可独立判断整个题肢、官方正误需模型/人工阶段核定,2026-09-24-attribution-v2
BJ-2024-FT-YIMO-Q5,B,,PH,仅词典命中弱信号(精度约0.66-0.88)，不构成准入依据；本册是否可独立判断整个题肢、官方正误需模型/人工阶段核定,2026-09-24-attribution-v2
BJ-2024-FT-YIMO-Q5,C,X2,PH,仅词典命中弱信号(精度约0.66-0.88)，不构成准入依据；本册是否可独立判断整个题肢、官方正误需模型/人工阶段核定,2026-09-24-attribution-v2
BJ-2024-FT-YIMO-Q5,D,,PH,仅词典命中弱信号(精度约0.66-0.88)，不构成准入依据；本册是否可独立判断整个题肢、官方正误需模型/人工阶段核定,2026-09-24-attribution-v2
BJ-2024-FT-YIMO-Q6,①,,RE,仅词典命中弱信号(精度约0.66-0.88)，不构成准入依据；本册是否可独立判断整个题肢、官方正误需模型/人工阶段核定,2026-09-24-attribution-v2
BJ-2024-FT-YIMO-Q6,②,X2,RE,仅词典命中弱信号(精度约0.66-0.88)，不构成准入依据；本册是否可独立判断整个题肢、官方正误需模型/人工阶段核定,2026-09-24-attribution-v2
BJ-2024-FT-YIMO-Q6,③,X2,RE,仅词典命中弱信号(精度约0.66-0.88)，不构成准入依据；本册是否可独立判断整个题肢、官方正误需模型/人工阶段核定,2026-09-24-attribution-v2
BJ-2024-FT-YIMO-Q6,④,,RE,仅词典命中弱信号(精度约0.66-0.88)，不构成准入依据；本册是否可独立判断整个题肢、官方正误需模型/人工阶段核定,2026-09-24-attribution-v2
BJ-2024-FT-YIMO-Q8,①,,B3,仅词典命中弱信号(精度约0.66-0.88)，不构成准入依据；本册是否可独立判断整个题肢、官方正误需模型/人工阶段核定,2026-09-24-attribution-v2
BJ-2024-FT-YIMO-Q8,②,B2,B3,仅词典命中弱信号(精度约0.66-0.88)，不构成准入依据；本册是否可独立判断整个题肢、官方正误需模型/人工阶段核定,2026-09-24-attribution-v2
BJ-2024-FT-YIMO-Q8,③,,B3,仅词典命中弱信号(精度约0.66-0.88)，不构成准入依据；本册是否可独立判断整个题肢、官方正误需模型/人工阶段核定,2026-09-24-attribution-v2
BJ-2024-FT-YIMO-Q8,④,B2,B3,仅词典命中弱信号(精度约0.66-0.88)，不构成准入依据；本册是否可独立判断整个题肢、官方正误需模型/人工阶段核定,2026-09-24-attribution-v2
BJ-2024-FT-YIMO-Q9,A,PH,B3,仅词典命中弱信号(精度约0.66-0.88)，不构成准入依据；本册是否可独立判断整个题肢、官方正误需模型/人工阶段核定,2026-09-24-attribution-v2
BJ-2024-FT-YIMO-Q9,B,PH,B3,仅词典命中弱信号(精度约0.66-0.88)，不构成准入依据；本册是否可独立判断整个题肢、官方正误需模型/人工阶段核定,2026-09-24-attribution-v2
BJ-2024-FT-YIMO-Q9,C,PH,B3,仅词典命中弱信号(精度约0.66-0.88)，不构成准入依据；本册是否可独立判断整个题肢、官方正误需模型/人工阶段核定,2026-09-24-attribution-v2
BJ-2024-FT-YIMO-Q9,D,PH,B3,仅词典命中弱信号(精度约0.66-0.88)，不构成准入依据；本册是否可独立判断整个题肢、官方正误需模型/人工阶段核定,2026-09-24-attribution-v2
BJ-2024-FT-YIMO-Q10,A,MI,X2,仅词典命中弱信号(精度约0.66-0.88)，不构成准入依据；本册是否可独立判断整个题肢、官方正误需模型/人工阶段核定,2026-09-24-attribution-v2
BJ-2024-FT-YIMO-Q10,B,MI,X2,仅词典命中弱信号(精度约0.66-0.88)，不构成准入依据；本册是否可独立判断整个题肢、官方正误需模型/人工阶段核定,2026-09-24-attribution-v2
BJ-2024-FT-YIMO-Q10,C,,X2,仅词典命中弱信号(精度约0.66-0.88)，不构成准入依据；本册是否可独立判断整个题肢、官方正误需模型/人工阶段核定,2026-09-24-attribution-v2
BJ-2024-FT-YIMO-Q10,D,MI,X2,仅词典命中弱信号(精度约0.66-0.88)，不构成准入依据；本册是否可独立判断整个题肢、官方正误需模型/人工阶段核定,2026-09-24-attribution-v2
BJ-2024-FT-YIMO-Q11,A,,X2,仅词典命中弱信号(精度约0.66-0.88)，不构成准入依据；本册是否可独立判断整个题肢、官方正误需模型/人工阶段核定,2026-09-24-attribution-v2
BJ-2024-FT-YIMO-Q11,B,,X2,仅词典命中弱信号(精度约0.66-0.88)，不构成准入依据；本册是否可独立判断整个题肢、官方正误需模型/人工阶段核定,2026-09-24-attribution-v2
BJ-2024-FT-YIMO-Q11,C,RE,X2,仅词典命中弱信号(精度约0.66-0.88)，不构成准入依据；本册是否可独立判断整个题肢、官方正误需模型/人工阶段核定,2026-09-24-attribution-v2
BJ-2024-FT-YIMO-Q11,D,RE,X2,仅词典命中弱信号(精度约0.66-0.88)，不构成准入依据；本册是否可独立判断整个题肢、官方正误需模型/人工阶段核定,2026-09-24-attribution-v2
BJ-2024-FT-YIMO-Q12,①,B2,B2,仅词典命中弱信号(精度约0.66-0.88)，不构成准入依据；本册是否可独立判断整个题肢、官方正误需模型/人工阶段核定,2026-09-24-attribution-v2
BJ-2024-FT-YIMO-Q12,②,B2,B2,仅词典命中弱信号(精度约0.66-0.88)，不构成准入依据；本册是否可独立判断整个题肢、官方正误需模型/人工阶段核定,2026-09-24-attribution-v2
BJ-2024-FT-YIMO-Q12,③,B2,B2,仅词典命中弱信号(精度约0.66-0.88)，不构成准入依据；本册是否可独立判断整个题肢、官方正误需模型/人工阶段核定,2026-09-24-attribution-v2
BJ-2024-FT-YIMO-Q12,④,X2,B2,仅词典命中弱信号(精度约0.66-0.88)，不构成准入依据；本册是否可独立判断整个题肢、官方正误需模型/人工阶段核定,2026-09-24-attribution-v2
BJ-2024-FT-YIMO-Q13,①,B2,B2,仅词典命中弱信号(精度约0.66-0.88)，不构成准入依据；本册是否可独立判断整个题肢、官方正误需模型/人工阶段核定,2026-09-24-attribution-v2
BJ-2024-FT-YIMO-Q13,②,B2,B2,仅词典命中弱信号(精度约0.66-0.88)，不构成准入依据；本册是否可独立判断整个题肢、官方正误需模型/人工阶段核定,2026-09-24-attribution-v2
BJ-2024-FT-YIMO-Q13,③,B2,B2,仅词典命中弱信号(精度约0.66-0.88)，不构成准入依据；本册是否可独立判断整个题肢、官方正误需模型/人工阶段核定,2026-09-24-attribution-v2
BJ-2024-FT-YIMO-Q13,④,,B2,仅词典命中弱信号(精度约0.66-0.88)，不构成准入依据；本册是否可独立判断整个题肢、官方正误需模型/人工阶段核定,2026-09-24-attribution-v2
BJ-2024-FT-YIMO-Q14,①,,X1,仅词典命中弱信号(精度约0.66-0.88)，不构成准入依据；本册是否可独立判断整个题肢、官方正误需模型/人工阶段核定,2026-09-24-attribution-v2
BJ-2024-FT-YIMO-Q14,②,,X1,仅词典命中弱信号(精度约0.66-0.88)，不构成准入依据；本册是否可独立判断整个题肢、官方正误需模型/人工阶段核定,2026-09-24-attribution-v2
BJ-2024-FT-YIMO-Q14,③,X1,X1,仅词典命中弱信号(精度约0.66-0.88)，不构成准入依据；本册是否可独立判断整个题肢、官方正误需模型/人工阶段核定,2026-09-24-attribution-v2
BJ-2024-FT-YIMO-Q14,④,B2,X1,仅词典命中弱信号(精度约0.66-0.88)，不构成准入依据；本册是否可独立判断整个题肢、官方正误需模型/人工阶段核定,2026-09-24-attribution-v2
BJ-2024-FT-YIMO-Q15,①,X1,X1,仅词典命中弱信号(精度约0.66-0.88)，不构成准入依据；本册是否可独立判断整个题肢、官方正误需模型/人工阶段核定,2026-09-24-attribution-v2
BJ-2024-FT-YIMO-Q15,②,X1,X1,仅词典命中弱信号(精度约0.66-0.88)，不构成准入依据；本册是否可独立判断整个题肢、官方正误需模型/人工阶段核定,2026-09-24-attribution-v2
BJ-2024-FT-YIMO-Q15,③,RE,X1,仅词典命中弱信号(精度约0.66-0.88)，不构成准入依据；本册是否可独立判断整个题肢、官方正误需模型/人工阶段核定,2026-09-24-attribution-v2
BJ-2024-FT-YIMO-Q15,④,X1,X1,仅词典命中弱信号(精度约0.66-0.88)，不构成准入依据；本册是否可独立判断整个题肢、官方正误需模型/人工阶段核定,2026-09-24-attribution-v2
BJ-2024-FT-YIMO-Q7,A,RE,B3,仅词典命中弱信号(精度约0.66-0.88)，不构成准入依据；本册是否可独立判断整个题肢、官方正误需模型/人工阶段核定,2026-09-24-attribution-v2
BJ-2024-FT-YIMO-Q7,B,RE,B3,仅词典命中弱信号(精度约0.66-0.88)，不构成准入依据；本册是否可独立判断整个题肢、官方正误需模型/人工阶段核定,2026-09-24-attribution-v2
BJ-2024-FT-YIMO-Q7,C,RE,B3,仅词典命中弱信号(精度约0.66-0.88)，不构成准入依据；本册是否可独立判断整个题肢、官方正误需模型/人工阶段核定,2026-09-24-attribution-v2
BJ-2024-FT-YIMO-Q7,D,,B3,仅词典命中弱信号(精度约0.66-0.88)，不构成准入依据；本册是否可独立判断整个题肢、官方正误需模型/人工阶段核定,2026-09-24-attribution-v2
BJ-2024-FT-ERMO-Q1,①,B1,B3,仅词典命中弱信号(精度约0.66-0.88)，不构成准入依据；本册是否可独立判断整个题肢、官方正误需模型/人工阶段核定,2026-09-24-attribution-v2
BJ-2024-FT-ERMO-Q1,②,,B3,仅词典命中弱信号(精度约0.66-0.88)，不构成准入依据；本册是否可独立判断整个题肢、官方正误需模型/人工阶段核定,2026-09-24-attribution-v2
BJ-2024-FT-ERMO-Q1,③,,B3,仅词典命中弱信号(精度约0.66-0.88)，不构成准入依据；本册是否可独立判断整个题肢、官方正误需模型/人工阶段核定,2026-09-24-attribution-v2
BJ-2024-FT-ERMO-Q1,④,B3,B3,仅词典命中弱信号(精度约0.66-0.88)，不构成准入依据；本册是否可独立判断整个题肢、官方正误需模型/人工阶段核定,2026-09-24-attribution-v2
BJ-2024-FT-ERMO-Q2,①,X1,CU,仅词典命中弱信号(精度约0.66-0.88)，不构成准入依据；本册是否可独立判断整个题肢、官方正误需模型/人工阶段核定,2026-09-24-attribution-v2
BJ-2024-FT-ERMO-Q2,②,X1,CU,仅词典命中弱信号(精度约0.66-0.88)，不构成准入依据；本册是否可独立判断整个题肢、官方正误需模型/人工阶段核定,2026-09-24-attribution-v2
BJ-2024-FT-ERMO-Q2,③,X1,CU,仅词典命中弱信号(精度约0.66-0.88)，不构成准入依据；本册是否可独立判断整个题肢、官方正误需模型/人工阶段核定,2026-09-24-attribution-v2
BJ-2024-FT-ERMO-Q2,④,X1,CU,仅词典命中弱信号(精度约0.66-0.88)，不构成准入依据；本册是否可独立判断整个题肢、官方正误需模型/人工阶段核定,2026-09-24-attribution-v2
BJ-2024-FT-ERMO-Q3,①,B2,PH,仅词典命中弱信号(精度约0.66-0.88)，不构成准入依据；本册是否可独立判断整个题肢、官方正误需模型/人工阶段核定,2026-09-24-attribution-v2
BJ-2024-FT-ERMO-Q3,②,,PH,仅词典命中弱信号(精度约0.66-0.88)，不构成准入依据；本册是否可独立判断整个题肢、官方正误需模型/人工阶段核定,2026-09-24-attribution-v2
BJ-2024-FT-ERMO-Q3,③,B2,PH,仅词典命中弱信号(精度约0.66-0.88)，不构成准入依据；本册是否可独立判断整个题肢、官方正误需模型/人工阶段核定,2026-09-24-attribution-v2
BJ-2024-FT-ERMO-Q3,④,,PH,仅词典命中弱信号(精度约0.66-0.88)，不构成准入依据；本册是否可独立判断整个题肢、官方正误需模型/人工阶段核定,2026-09-24-attribution-v2
BJ-2024-FT-ERMO-Q4,①,,PH,仅词典命中弱信号(精度约0.66-0.88)，不构成准入依据；本册是否可独立判断整个题肢、官方正误需模型/人工阶段核定,2026-09-24-attribution-v2
BJ-2024-FT-ERMO-Q4,②,,PH,仅词典命中弱信号(精度约0.66-0.88)，不构成准入依据；本册是否可独立判断整个题肢、官方正误需模型/人工阶段核定,2026-09-24-attribution-v2
BJ-2024-FT-ERMO-Q4,③,B2,PH,仅词典命中弱信号(精度约0.66-0.88)，不构成准入依据；本册是否可独立判断整个题肢、官方正误需模型/人工阶段核定,2026-09-24-attribution-v2
BJ-2024-FT-ERMO-Q4,④,,PH,仅词典命中弱信号(精度约0.66-0.88)，不构成准入依据；本册是否可独立判断整个题肢、官方正误需模型/人工阶段核定,2026-09-24-attribution-v2
BJ-2024-FT-ERMO-Q5,①,X2,PH,仅词典命中弱信号(精度约0.66-0.88)，不构成准入依据；本册是否可独立判断整个题肢、官方正误需模型/人工阶段核定,2026-09-24-attribution-v2
BJ-2024-FT-ERMO-Q5,②,B3;X2,PH,仅词典命中弱信号(精度约0.66-0.88)，不构成准入依据；本册是否可独立判断整个题肢、官方正误需模型/人工阶段核定,2026-09-24-attribution-v2
BJ-2024-FT-ERMO-Q5,③,,PH,仅词典命中弱信号(精度约0.66-0.88)，不构成准入依据；本册是否可独立判断整个题肢、官方正误需模型/人工阶段核定,2026-09-24-attribution-v2
BJ-2024-FT-ERMO-Q5,④,,PH,仅词典命中弱信号(精度约0.66-0.88)，不构成准入依据；本册是否可独立判断整个题肢、官方正误需模型/人工阶段核定,2026-09-24-attribution-v2
BJ-2024-FT-ERMO-Q6,①,X2,RE,仅词典命中弱信号(精度约0.66-0.88)，不构成准入依据；本册是否可独立判断整个题肢、官方正误需模型/人工阶段核定,2026-09-24-attribution-v2
BJ-2024-FT-ERMO-Q6,②,X2,RE,仅词典命中弱信号(精度约0.66-0.88)，不构成准入依据；本册是否可独立判断整个题肢、官方正误需模型/人工阶段核定,2026-09-24-attribution-v2
BJ-2024-FT-ERMO-Q6,③,,RE,仅词典命中弱信号(精度约0.66-0.88)，不构成准入依据；本册是否可独立判断整个题肢、官方正误需模型/人工阶段核定,2026-09-24-attribution-v2
BJ-2024-FT-ERMO-Q6,④,B3,RE,仅词典命中弱信号(精度约0.66-0.88)，不构成准入依据；本册是否可独立判断整个题肢、官方正误需模型/人工阶段核定,2026-09-24-attribution-v2
BJ-2024-FT-ERMO-Q7,①,B2,B3,仅词典命中弱信号(精度约0.66-0.88)，不构成准入依据；本册是否可独立判断整个题肢、官方正误需模型/人工阶段核定,2026-09-24-attribution-v2
BJ-2024-FT-ERMO-Q7,②,,B3,仅词典命中弱信号(精度约0.66-0.88)，不构成准入依据；本册是否可独立判断整个题肢、官方正误需模型/人工阶段核定,2026-09-24-attribution-v2
BJ-2024-FT-ERMO-Q7,③,,B3,仅词典命中弱信号(精度约0.66-0.88)，不构成准入依据；本册是否可独立判断整个题肢、官方正误需模型/人工阶段核定,2026-09-24-attribution-v2
BJ-2024-FT-ERMO-Q7,④,MI,B3,仅词典命中弱信号(精度约0.66-0.88)，不构成准入依据；本册是否可独立判断整个题肢、官方正误需模型/人工阶段核定,2026-09-24-attribution-v2
BJ-2024-FT-ERMO-Q8,A,,B3,仅词典命中弱信号(精度约0.66-0.88)，不构成准入依据；本册是否可独立判断整个题肢、官方正误需模型/人工阶段核定,2026-09-24-attribution-v2
BJ-2024-FT-ERMO-Q8,B,X1,B3,仅词典命中弱信号(精度约0.66-0.88)，不构成准入依据；本册是否可独立判断整个题肢、官方正误需模型/人工阶段核定,2026-09-24-attribution-v2
BJ-2024-FT-ERMO-Q8,C,,B3,仅词典命中弱信号(精度约0.66-0.88)，不构成准入依据；本册是否可独立判断整个题肢、官方正误需模型/人工阶段核定,2026-09-24-attribution-v2
BJ-2024-FT-ERMO-Q8,D,B3,B3,仅词典命中弱信号(精度约0.66-0.88)，不构成准入依据；本册是否可独立判断整个题肢、官方正误需模型/人工阶段核定,2026-09-24-attribution-v2
BJ-2024-FT-ERMO-Q9,A,X1,B3,仅词典命中弱信号(精度约0.66-0.88)，不构成准入依据；本册是否可独立判断整个题肢、官方正误需模型/人工阶段核定,2026-09-24-attribution-v2
BJ-2024-FT-ERMO-Q9,B,X1,B3,仅词典命中弱信号(精度约0.66-0.88)，不构成准入依据；本册是否可独立判断整个题肢、官方正误需模型/人工阶段核定,2026-09-24-attribution-v2
BJ-2024-FT-ERMO-Q9,C,X1,B3,仅词典命中弱信号(精度约0.66-0.88)，不构成准入依据；本册是否可独立判断整个题肢、官方正误需模型/人工阶段核定,2026-09-24-attribution-v2
BJ-2024-FT-ERMO-Q9,D,X1,B3,仅词典命中弱信号(精度约0.66-0.88)，不构成准入依据；本册是否可独立判断整个题肢、官方正误需模型/人工阶段核定,2026-09-24-attribution-v2
BJ-2024-FT-ERMO-Q10,①,RE,X2,仅词典命中弱信号(精度约0.66-0.88)，不构成准入依据；本册是否可独立判断整个题肢、官方正误需模型/人工阶段核定,2026-09-24-attribution-v2
BJ-2024-FT-ERMO-Q10,②,RE,X2,仅词典命中弱信号(精度约0.66-0.88)，不构成准入依据；本册是否可独立判断整个题肢、官方正误需模型/人工阶段核定,2026-09-24-attribution-v2
BJ-2024-FT-ERMO-Q10,③,RE,X2,仅词典命中弱信号(精度约0.66-0.88)，不构成准入依据；本册是否可独立判断整个题肢、官方正误需模型/人工阶段核定,2026-09-24-attribution-v2
BJ-2024-FT-ERMO-Q10,④,RE,X2,仅词典命中弱信号(精度约0.66-0.88)，不构成准入依据；本册是否可独立判断整个题肢、官方正误需模型/人工阶段核定,2026-09-24-attribution-v2
BJ-2024-FT-ERMO-Q11,①,,X2,仅词典命中弱信号(精度约0.66-0.88)，不构成准入依据；本册是否可独立判断整个题肢、官方正误需模型/人工阶段核定,2026-09-24-attribution-v2
BJ-2024-FT-ERMO-Q11,②,,X2,仅词典命中弱信号(精度约0.66-0.88)，不构成准入依据；本册是否可独立判断整个题肢、官方正误需模型/人工阶段核定,2026-09-24-attribution-v2
BJ-2024-FT-ERMO-Q11,③,,X2,仅词典命中弱信号(精度约0.66-0.88)，不构成准入依据；本册是否可独立判断整个题肢、官方正误需模型/人工阶段核定,2026-09-24-attribution-v2
BJ-2024-FT-ERMO-Q11,④,,X2,仅词典命中弱信号(精度约0.66-0.88)，不构成准入依据；本册是否可独立判断整个题肢、官方正误需模型/人工阶段核定,2026-09-24-attribution-v2
BJ-2024-FT-ERMO-Q12,①,,B2,仅词典命中弱信号(精度约0.66-0.88)，不构成准入依据；本册是否可独立判断整个题肢、官方正误需模型/人工阶段核定,2026-09-24-attribution-v2
BJ-2024-FT-ERMO-Q12,②,,B2,仅词典命中弱信号(精度约0.66-0.88)，不构成准入依据；本册是否可独立判断整个题肢、官方正误需模型/人工阶段核定,2026-09-24-attribution-v2
BJ-2024-FT-ERMO-Q12,③,B2;MI;PH;RE,B2,仅词典命中弱信号(精度约0.66-0.88)，不构成准入依据；本册是否可独立判断整个题肢、官方正误需模型/人工阶段核定,2026-09-24-attribution-v2
BJ-2024-FT-ERMO-Q12,④,,B2,仅词典命中弱信号(精度约0.66-0.88)，不构成准入依据；本册是否可独立判断整个题肢、官方正误需模型/人工阶段核定,2026-09-24-attribution-v2
BJ-2024-FT-ERMO-Q13,A,MI,B2,仅词典命中弱信号(精度约0.66-0.88)，不构成准入依据；本册是否可独立判断整个题肢、官方正误需模型/人工阶段核定,2026-09-24-attribution-v2
BJ-2024-FT-ERMO-Q13,B,,B2,仅词典命中弱信号(精度约0.66-0.88)，不构成准入依据；本册是否可独立判断整个题肢、官方正误需模型/人工阶段核定,2026-09-24-attribution-v2
BJ-2024-FT-ERMO-Q13,C,MI,B2,仅词典命中弱信号(精度约0.66-0.88)，不构成准入依据；本册是否可独立判断整个题肢、官方正误需模型/人工阶段核定,2026-09-24-attribution-v2
BJ-2024-FT-ERMO-Q13,D,,B2,仅词典命中弱信号(精度约0.66-0.88)，不构成准入依据；本册是否可独立判断整个题肢、官方正误需模型/人工阶段核定,2026-09-24-attribution-v2
BJ-2024-FT-ERMO-Q14,A,,X1,仅词典命中弱信号(精度约0.66-0.88)，不构成准入依据；本册是否可独立判断整个题肢、官方正误需模型/人工阶段核定,2026-09-24-attribution-v2
BJ-2024-FT-ERMO-Q14,B,X1,X1,仅词典命中弱信号(精度约0.66-0.88)，不构成准入依据；本册是否可独立判断整个题肢、官方正误需模型/人工阶段核定,2026-09-24-attribution-v2
BJ-2024-FT-ERMO-Q14,C,B2,X1,仅词典命中弱信号(精度约0.66-0.88)，不构成准入依据；本册是否可独立判断整个题肢、官方正误需模型/人工阶段核定,2026-09-24-attribution-v2
BJ-2024-FT-ERMO-Q14,D,X1,X1,仅词典命中弱信号(精度约0.66-0.88)，不构成准入依据；本册是否可独立判断整个题肢、官方正误需模型/人工阶段核定,2026-09-24-attribution-v2
BJ-2024-FT-ERMO-Q15,①,,X1,仅词典命中弱信号(精度约0.66-0.88)，不构成准入依据；本册是否可独立判断整个题肢、官方正误需模型/人工阶段核定,2026-09-24-attribution-v2
BJ-2024-FT-ERMO-Q15,②,X1,X1,仅词典命中弱信号(精度约0.66-0.88)，不构成准入依据；本册是否可独立判断整个题肢、官方正误需模型/人工阶段核定,2026-09-24-attribution-v2
BJ-2024-FT-ERMO-Q15,③,X1,X1,仅词典命中弱信号(精度约0.66-0.88)，不构成准入依据；本册是否可独立判断整个题肢、官方正误需模型/人工阶段核定,2026-09-24-attribution-v2
BJ-2024-FT-ERMO-Q15,④,,X1,仅词典命中弱信号(精度约0.66-0.88)，不构成准入依据；本册是否可独立判断整个题肢、官方正误需模型/人工阶段核定,2026-09-24-attribution-v2
BJ-2024-HD-ERMO-Q1,A,,B3,仅词典命中弱信号(精度约0.66-0.88)，不构成准入依据；本册是否可独立判断整个题肢、官方正误需模型/人工阶段核定,2026-09-24-attribution-v2
BJ-2024-HD-ERMO-Q1,B,,B3,仅词典命中弱信号(精度约0.66-0.88)，不构成准入依据；本册是否可独立判断整个题肢、官方正误需模型/人工阶段核定,2026-09-24-attribution-v2
BJ-2024-HD-ERMO-Q1,C,,B3,仅词典命中弱信号(精度约0.66-0.88)，不构成准入依据；本册是否可独立判断整个题肢、官方正误需模型/人工阶段核定,2026-09-24-attribution-v2
BJ-2024-HD-ERMO-Q1,D,,B3,仅词典命中弱信号(精度约0.66-0.88)，不构成准入依据；本册是否可独立判断整个题肢、官方正误需模型/人工阶段核定,2026-09-24-attribution-v2
BJ-2024-HD-ERMO-Q2,①,CU,CU,仅词典命中弱信号(精度约0.66-0.88)，不构成准入依据；本册是否可独立判断整个题肢、官方正误需模型/人工阶段核定,2026-09-24-attribution-v2
BJ-2024-HD-ERMO-Q2,②,CU,CU,仅词典命中弱信号(精度约0.66-0.88)，不构成准入依据；本册是否可独立判断整个题肢、官方正误需模型/人工阶段核定,2026-09-24-attribution-v2
BJ-2024-HD-ERMO-Q2,③,CU,CU,仅词典命中弱信号(精度约0.66-0.88)，不构成准入依据；本册是否可独立判断整个题肢、官方正误需模型/人工阶段核定,2026-09-24-attribution-v2
BJ-2024-HD-ERMO-Q2,④,,CU,仅词典命中弱信号(精度约0.66-0.88)，不构成准入依据；本册是否可独立判断整个题肢、官方正误需模型/人工阶段核定,2026-09-24-attribution-v2
BJ-2024-HD-ERMO-Q3,①,PH,PH,仅词典命中弱信号(精度约0.66-0.88)，不构成准入依据；本册是否可独立判断整个题肢、官方正误需模型/人工阶段核定,2026-09-24-attribution-v2
BJ-2024-HD-ERMO-Q3,②,B2,PH,仅词典命中弱信号(精度约0.66-0.88)，不构成准入依据；本册是否可独立判断整个题肢、官方正误需模型/人工阶段核定,2026-09-24-attribution-v2
BJ-2024-HD-ERMO-Q3,③,,PH,仅词典命中弱信号(精度约0.66-0.88)，不构成准入依据；本册是否可独立判断整个题肢、官方正误需模型/人工阶段核定,2026-09-24-attribution-v2
BJ-2024-HD-ERMO-Q3,④,CU,PH,仅词典命中弱信号(精度约0.66-0.88)，不构成准入依据；本册是否可独立判断整个题肢、官方正误需模型/人工阶段核定,2026-09-24-attribution-v2
BJ-2024-HD-ERMO-Q4,A,PH,PH,仅词典命中弱信号(精度约0.66-0.88)，不构成准入依据；本册是否可独立判断整个题肢、官方正误需模型/人工阶段核定,2026-09-24-attribution-v2
BJ-2024-HD-ERMO-Q4,B,PH,PH,仅词典命中弱信号(精度约0.66-0.88)，不构成准入依据；本册是否可独立判断整个题肢、官方正误需模型/人工阶段核定,2026-09-24-attribution-v2
BJ-2024-HD-ERMO-Q4,C,PH,PH,仅词典命中弱信号(精度约0.66-0.88)，不构成准入依据；本册是否可独立判断整个题肢、官方正误需模型/人工阶段核定,2026-09-24-attribution-v2
BJ-2024-HD-ERMO-Q4,D,PH,PH,仅词典命中弱信号(精度约0.66-0.88)，不构成准入依据；本册是否可独立判断整个题肢、官方正误需模型/人工阶段核定,2026-09-24-attribution-v2
BJ-2024-HD-ERMO-Q5,A,RE,PH,仅词典命中弱信号(精度约0.66-0.88)，不构成准入依据；本册是否可独立判断整个题肢、官方正误需模型/人工阶段核定,2026-09-24-attribution-v2
BJ-2024-HD-ERMO-Q5,B,RE,PH,仅词典命中弱信号(精度约0.66-0.88)，不构成准入依据；本册是否可独立判断整个题肢、官方正误需模型/人工阶段核定,2026-09-24-attribution-v2
BJ-2024-HD-ERMO-Q5,C,RE,PH,仅词典命中弱信号(精度约0.66-0.88)，不构成准入依据；本册是否可独立判断整个题肢、官方正误需模型/人工阶段核定,2026-09-24-attribution-v2
BJ-2024-HD-ERMO-Q5,D,RE,PH,仅词典命中弱信号(精度约0.66-0.88)，不构成准入依据；本册是否可独立判断整个题肢、官方正误需模型/人工阶段核定,2026-09-24-attribution-v2
BJ-2024-HD-ERMO-Q6,A,RE,RE,仅词典命中弱信号(精度约0.66-0.88)，不构成准入依据；本册是否可独立判断整个题肢、官方正误需模型/人工阶段核定,2026-09-24-attribution-v2
BJ-2024-HD-ERMO-Q6,B,RE,RE,仅词典命中弱信号(精度约0.66-0.88)，不构成准入依据；本册是否可独立判断整个题肢、官方正误需模型/人工阶段核定,2026-09-24-attribution-v2
BJ-2024-HD-ERMO-Q6,C,,RE,仅词典命中弱信号(精度约0.66-0.88)，不构成准入依据；本册是否可独立判断整个题肢、官方正误需模型/人工阶段核定,2026-09-24-attribution-v2
BJ-2024-HD-ERMO-Q6,D,RE,RE,仅词典命中弱信号(精度约0.66-0.88)，不构成准入依据；本册是否可独立判断整个题肢、官方正误需模型/人工阶段核定,2026-09-24-attribution-v2
BJ-2024-HD-ERMO-Q7,①,B3,RE,仅词典命中弱信号(精度约0.66-0.88)，不构成准入依据；本册是否可独立判断整个题肢、官方正误需模型/人工阶段核定,2026-09-24-attribution-v2
BJ-2024-HD-ERMO-Q7,②,,RE,仅词典命中弱信号(精度约0.66-0.88)，不构成准入依据；本册是否可独立判断整个题肢、官方正误需模型/人工阶段核定,2026-09-24-attribution-v2
BJ-2024-HD-ERMO-Q7,③,,RE,仅词典命中弱信号(精度约0.66-0.88)，不构成准入依据；本册是否可独立判断整个题肢、官方正误需模型/人工阶段核定,2026-09-24-attribution-v2
BJ-2024-HD-ERMO-Q7,④,B3,RE,仅词典命中弱信号(精度约0.66-0.88)，不构成准入依据；本册是否可独立判断整个题肢、官方正误需模型/人工阶段核定,2026-09-24-attribution-v2
BJ-2024-HD-ERMO-Q8,A,,B3,仅词典命中弱信号(精度约0.66-0.88)，不构成准入依据；本册是否可独立判断整个题肢、官方正误需模型/人工阶段核定,2026-09-24-attribution-v2
BJ-2024-HD-ERMO-Q8,B,,B3,仅词典命中弱信号(精度约0.66-0.88)，不构成准入依据；本册是否可独立判断整个题肢、官方正误需模型/人工阶段核定,2026-09-24-attribution-v2
BJ-2024-HD-ERMO-Q8,C,PH,B3,仅词典命中弱信号(精度约0.66-0.88)，不构成准入依据；本册是否可独立判断整个题肢、官方正误需模型/人工阶段核定,2026-09-24-attribution-v2
BJ-2024-HD-ERMO-Q8,D,B3,B3,仅词典命中弱信号(精度约0.66-0.88)，不构成准入依据；本册是否可独立判断整个题肢、官方正误需模型/人工阶段核定,2026-09-24-attribution-v2
BJ-2024-HD-ERMO-Q9,①,,B3,仅词典命中弱信号(精度约0.66-0.88)，不构成准入依据；本册是否可独立判断整个题肢、官方正误需模型/人工阶段核定,2026-09-24-attribution-v2
BJ-2024-HD-ERMO-Q9,②,,B3,仅词典命中弱信号(精度约0.66-0.88)，不构成准入依据；本册是否可独立判断整个题肢、官方正误需模型/人工阶段核定,2026-09-24-attribution-v2
BJ-2024-HD-ERMO-Q9,③,,B3,仅词典命中弱信号(精度约0.66-0.88)，不构成准入依据；本册是否可独立判断整个题肢、官方正误需模型/人工阶段核定,2026-09-24-attribution-v2
BJ-2024-HD-ERMO-Q9,④,X2,B3,仅词典命中弱信号(精度约0.66-0.88)，不构成准入依据；本册是否可独立判断整个题肢、官方正误需模型/人工阶段核定,2026-09-24-attribution-v2
BJ-2024-HD-ERMO-Q10,①,X2,X2,仅词典命中弱信号(精度约0.66-0.88)，不构成准入依据；本册是否可独立判断整个题肢、官方正误需模型/人工阶段核定,2026-09-24-attribution-v2
BJ-2024-HD-ERMO-Q10,②,X2,X2,仅词典命中弱信号(精度约0.66-0.88)，不构成准入依据；本册是否可独立判断整个题肢、官方正误需模型/人工阶段核定,2026-09-24-attribution-v2
BJ-2024-HD-ERMO-Q10,③,X2,X2,仅词典命中弱信号(精度约0.66-0.88)，不构成准入依据；本册是否可独立判断整个题肢、官方正误需模型/人工阶段核定,2026-09-24-attribution-v2
BJ-2024-HD-ERMO-Q10,④,X2,X2,仅词典命中弱信号(精度约0.66-0.88)，不构成准入依据；本册是否可独立判断整个题肢、官方正误需模型/人工阶段核定,2026-09-24-attribution-v2
BJ-2024-HD-ERMO-Q12,①,B2;X2,B2,仅词典命中弱信号(精度约0.66-0.88)，不构成准入依据；本册是否可独立判断整个题肢、官方正误需模型/人工阶段核定,2026-09-24-attribution-v2
BJ-2024-HD-ERMO-Q12,②,B2,B2,仅词典命中弱信号(精度约0.66-0.88)，不构成准入依据；本册是否可独立判断整个题肢、官方正误需模型/人工阶段核定,2026-09-24-attribution-v2
BJ-2024-HD-ERMO-Q12,③,,B2,仅词典命中弱信号(精度约0.66-0.88)，不构成准入依据；本册是否可独立判断整个题肢、官方正误需模型/人工阶段核定,2026-09-24-attribution-v2
BJ-2024-HD-ERMO-Q12,④,,B2,仅词典命中弱信号(精度约0.66-0.88)，不构成准入依据；本册是否可独立判断整个题肢、官方正误需模型/人工阶段核定,2026-09-24-attribution-v2
BJ-2024-HD-ERMO-Q13,①,B2,B2,仅词典命中弱信号(精度约0.66-0.88)，不构成准入依据；本册是否可独立判断整个题肢、官方正误需模型/人工阶段核定,2026-09-24-attribution-v2
BJ-2024-HD-ERMO-Q13,②,,B2,仅词典命中弱信号(精度约0.66-0.88)，不构成准入依据；本册是否可独立判断整个题肢、官方正误需模型/人工阶段核定,2026-09-24-attribution-v2
BJ-2024-HD-ERMO-Q13,③,B2,B2,仅词典命中弱信号(精度约0.66-0.88)，不构成准入依据；本册是否可独立判断整个题肢、官方正误需模型/人工阶段核定,2026-09-24-attribution-v2
BJ-2024-HD-ERMO-Q13,④,B2,B2,仅词典命中弱信号(精度约0.66-0.88)，不构成准入依据；本册是否可独立判断整个题肢、官方正误需模型/人工阶段核定,2026-09-24-attribution-v2
BJ-2024-HD-ERMO-Q14,A,X1,X1,仅词典命中弱信号(精度约0.66-0.88)，不构成准入依据；本册是否可独立判断整个题肢、官方正误需模型/人工阶段核定,2026-09-24-attribution-v2
BJ-2024-HD-ERMO-Q14,B,B2,X1,仅词典命中弱信号(精度约0.66-0.88)，不构成准入依据；本册是否可独立判断整个题肢、官方正误需模型/人工阶段核定,2026-09-24-attribution-v2
BJ-2024-HD-ERMO-Q14,C,X1,X1,仅词典命中弱信号(精度约0.66-0.88)，不构成准入依据；本册是否可独立判断整个题肢、官方正误需模型/人工阶段核定,2026-09-24-attribution-v2
BJ-2024-HD-ERMO-Q14,D,X1,X1,仅词典命中弱信号(精度约0.66-0.88)，不构成准入依据；本册是否可独立判断整个题肢、官方正误需模型/人工阶段核定,2026-09-24-attribution-v2
BJ-2024-HD-ERMO-Q15,①,,X1,仅词典命中弱信号(精度约0.66-0.88)，不构成准入依据；本册是否可独立判断整个题肢、官方正误需模型/人工阶段核定,2026-09-24-attribution-v2
BJ-2024-HD-ERMO-Q15,②,X1,X1,仅词典命中弱信号(精度约0.66-0.88)，不构成准入依据；本册是否可独立判断整个题肢、官方正误需模型/人工阶段核定,2026-09-24-attribution-v2
BJ-2024-HD-ERMO-Q15,③,X1,X1,仅词典命中弱信号(精度约0.66-0.88)，不构成准入依据；本册是否可独立判断整个题肢、官方正误需模型/人工阶段核定,2026-09-24-attribution-v2
BJ-2024-HD-ERMO-Q15,④,,X1,仅词典命中弱信号(精度约0.66-0.88)，不构成准入依据；本册是否可独立判断整个题肢、官方正误需模型/人工阶段核定,2026-09-24-attribution-v2
BJ-2024-HD-ERMO-Q11,①,,X2,仅词典命中弱信号(精度约0.66-0.88)，不构成准入依据；本册是否可独立判断整个题肢、官方正误需模型/人工阶段核定,2026-09-24-attribution-v2
BJ-2024-HD-ERMO-Q11,②,,X2,仅词典命中弱信号(精度约0.66-0.88)，不构成准入依据；本册是否可独立判断整个题肢、官方正误需模型/人工阶段核定,2026-09-24-attribution-v2
BJ-2024-HD-ERMO-Q11,③,X2,X2,仅词典命中弱信号(精度约0.66-0.88)，不构成准入依据；本册是否可独立判断整个题肢、官方正误需模型/人工阶段核定,2026-09-24-attribution-v2
BJ-2024-HD-ERMO-Q11,④,,X2,仅词典命中弱信号(精度约0.66-0.88)，不构成准入依据；本册是否可独立判断整个题肢、官方正误需模型/人工阶段核定,2026-09-24-attribution-v2
BJ-2024-SJS-YIMO-Q4,①,X1,PH,仅词典命中弱信号(精度约0.66-0.88)，不构成准入依据；本册是否可独立判断整个题肢、官方正误需模型/人工阶段核定,2026-09-24-attribution-v2
BJ-2024-SJS-YIMO-Q4,②,CU,PH,仅词典命中弱信号(精度约0.66-0.88)，不构成准入依据；本册是否可独立判断整个题肢、官方正误需模型/人工阶段核定,2026-09-24-attribution-v2
BJ-2024-SJS-YIMO-Q4,③,CU,PH,仅词典命中弱信号(精度约0.66-0.88)，不构成准入依据；本册是否可独立判断整个题肢、官方正误需模型/人工阶段核定,2026-09-24-attribution-v2
BJ-2024-SJS-YIMO-Q4,④,X1,PH,仅词典命中弱信号(精度约0.66-0.88)，不构成准入依据；本册是否可独立判断整个题肢、官方正误需模型/人工阶段核定,2026-09-24-attribution-v2
BJ-2024-SJS-YIMO-Q1,①,B3,B3,仅词典命中弱信号(精度约0.66-0.88)，不构成准入依据；本册是否可独立判断整个题肢、官方正误需模型/人工阶段核定,2026-09-24-attribution-v2
BJ-2024-SJS-YIMO-Q1,②,,B3,仅词典命中弱信号(精度约0.66-0.88)，不构成准入依据；本册是否可独立判断整个题肢、官方正误需模型/人工阶段核定,2026-09-24-attribution-v2
BJ-2024-SJS-YIMO-Q1,③,X1,B3,仅词典命中弱信号(精度约0.66-0.88)，不构成准入依据；本册是否可独立判断整个题肢、官方正误需模型/人工阶段核定,2026-09-24-attribution-v2
BJ-2024-SJS-YIMO-Q1,④,,B3,仅词典命中弱信号(精度约0.66-0.88)，不构成准入依据；本册是否可独立判断整个题肢、官方正误需模型/人工阶段核定,2026-09-24-attribution-v2
BJ-2024-SJS-YIMO-Q2,①,,CU,仅词典命中弱信号(精度约0.66-0.88)，不构成准入依据；本册是否可独立判断整个题肢、官方正误需模型/人工阶段核定,2026-09-24-attribution-v2
BJ-2024-SJS-YIMO-Q2,②,PH,CU,仅词典命中弱信号(精度约0.66-0.88)，不构成准入依据；本册是否可独立判断整个题肢、官方正误需模型/人工阶段核定,2026-09-24-attribution-v2
BJ-2024-SJS-YIMO-Q2,③,B2,CU,仅词典命中弱信号(精度约0.66-0.88)，不构成准入依据；本册是否可独立判断整个题肢、官方正误需模型/人工阶段核定,2026-09-24-attribution-v2
BJ-2024-SJS-YIMO-Q2,④,,CU,仅词典命中弱信号(精度约0.66-0.88)，不构成准入依据；本册是否可独立判断整个题肢、官方正误需模型/人工阶段核定,2026-09-24-attribution-v2
BJ-2024-SJS-YIMO-Q3,①,,PH,仅词典命中弱信号(精度约0.66-0.88)，不构成准入依据；本册是否可独立判断整个题肢、官方正误需模型/人工阶段核定,2026-09-24-attribution-v2
BJ-2024-SJS-YIMO-Q3,②,PH,PH,仅词典命中弱信号(精度约0.66-0.88)，不构成准入依据；本册是否可独立判断整个题肢、官方正误需模型/人工阶段核定,2026-09-24-attribution-v2
BJ-2024-SJS-YIMO-Q3,③,,PH,仅词典命中弱信号(精度约0.66-0.88)，不构成准入依据；本册是否可独立判断整个题肢、官方正误需模型/人工阶段核定,2026-09-24-attribution-v2
BJ-2024-SJS-YIMO-Q3,④,,PH,仅词典命中弱信号(精度约0.66-0.88)，不构成准入依据；本册是否可独立判断整个题肢、官方正误需模型/人工阶段核定,2026-09-24-attribution-v2
BJ-2024-SJS-YIMO-Q5,①,,PH,仅词典命中弱信号(精度约0.66-0.88)，不构成准入依据；本册是否可独立判断整个题肢、官方正误需模型/人工阶段核定,2026-09-24-attribution-v2
BJ-2024-SJS-YIMO-Q5,②,,PH,仅词典命中弱信号(精度约0.66-0.88)，不构成准入依据；本册是否可独立判断整个题肢、官方正误需模型/人工阶段核定,2026-09-24-attribution-v2
BJ-2024-SJS-YIMO-Q5,③,PH,PH,仅词典命中弱信号(精度约0.66-0.88)，不构成准入依据；本册是否可独立判断整个题肢、官方正误需模型/人工阶段核定,2026-09-24-attribution-v2
BJ-2024-SJS-YIMO-Q5,④,,PH,仅词典命中弱信号(精度约0.66-0.88)，不构成准入依据；本册是否可独立判断整个题肢、官方正误需模型/人工阶段核定,2026-09-24-attribution-v2
BJ-2024-SJS-YIMO-Q6,①,MI,RE,仅词典命中弱信号(精度约0.66-0.88)，不构成准入依据；本册是否可独立判断整个题肢、官方正误需模型/人工阶段核定,2026-09-24-attribution-v2
BJ-2024-SJS-YIMO-Q6,②,RE,RE,仅词典命中弱信号(精度约0.66-0.88)，不构成准入依据；本册是否可独立判断整个题肢、官方正误需模型/人工阶段核定,2026-09-24-attribution-v2
BJ-2024-SJS-YIMO-Q6,③,MI,RE,仅词典命中弱信号(精度约0.66-0.88)，不构成准入依据；本册是否可独立判断整个题肢、官方正误需模型/人工阶段核定,2026-09-24-attribution-v2
BJ-2024-SJS-YIMO-Q6,④,MI,RE,仅词典命中弱信号(精度约0.66-0.88)，不构成准入依据；本册是否可独立判断整个题肢、官方正误需模型/人工阶段核定,2026-09-24-attribution-v2
BJ-2024-SJS-YIMO-Q7,①,X2,B3,仅词典命中弱信号(精度约0.66-0.88)，不构成准入依据；本册是否可独立判断整个题肢、官方正误需模型/人工阶段核定,2026-09-24-attribution-v2
BJ-2024-SJS-YIMO-Q7,②,X1,B3,仅词典命中弱信号(精度约0.66-0.88)，不构成准入依据；本册是否可独立判断整个题肢、官方正误需模型/人工阶段核定,2026-09-24-attribution-v2
BJ-2024-SJS-YIMO-Q7,③,PH,B3,仅词典命中弱信号(精度约0.66-0.88)，不构成准入依据；本册是否可独立判断整个题肢、官方正误需模型/人工阶段核定,2026-09-24-attribution-v2
BJ-2024-SJS-YIMO-Q7,④,,B3,仅词典命中弱信号(精度约0.66-0.88)，不构成准入依据；本册是否可独立判断整个题肢、官方正误需模型/人工阶段核定,2026-09-24-attribution-v2
BJ-2024-SJS-YIMO-Q8,①,,B3,仅词典命中弱信号(精度约0.66-0.88)，不构成准入依据；本册是否可独立判断整个题肢、官方正误需模型/人工阶段核定,2026-09-24-attribution-v2
BJ-2024-SJS-YIMO-Q8,②,,B3,仅词典命中弱信号(精度约0.66-0.88)，不构成准入依据；本册是否可独立判断整个题肢、官方正误需模型/人工阶段核定,2026-09-24-attribution-v2
BJ-2024-SJS-YIMO-Q8,③,B3;X1,B3,仅词典命中弱信号(精度约0.66-0.88)，不构成准入依据；本册是否可独立判断整个题肢、官方正误需模型/人工阶段核定,2026-09-24-attribution-v2
BJ-2024-SJS-YIMO-Q8,④,PH,B3,仅词典命中弱信号(精度约0.66-0.88)，不构成准入依据；本册是否可独立判断整个题肢、官方正误需模型/人工阶段核定,2026-09-24-attribution-v2
BJ-2024-SJS-YIMO-Q9,①,B3,B3,仅词典命中弱信号(精度约0.66-0.88)，不构成准入依据；本册是否可独立判断整个题肢、官方正误需模型/人工阶段核定,2026-09-24-attribution-v2
BJ-2024-SJS-YIMO-Q9,②,,B3,仅词典命中弱信号(精度约0.66-0.88)，不构成准入依据；本册是否可独立判断整个题肢、官方正误需模型/人工阶段核定,2026-09-24-attribution-v2
BJ-2024-SJS-YIMO-Q9,③,B3,B3,仅词典命中弱信号(精度约0.66-0.88)，不构成准入依据；本册是否可独立判断整个题肢、官方正误需模型/人工阶段核定,2026-09-24-attribution-v2
BJ-2024-SJS-YIMO-Q9,④,B3;X1,B3,仅词典命中弱信号(精度约0.66-0.88)，不构成准入依据；本册是否可独立判断整个题肢、官方正误需模型/人工阶段核定,2026-09-24-attribution-v2
BJ-2024-SJS-YIMO-Q10,A,X2,X2,仅词典命中弱信号(精度约0.66-0.88)，不构成准入依据；本册是否可独立判断整个题肢、官方正误需模型/人工阶段核定,2026-09-24-attribution-v2
BJ-2024-SJS-YIMO-Q10,B,,X2,仅词典命中弱信号(精度约0.66-0.88)，不构成准入依据；本册是否可独立判断整个题肢、官方正误需模型/人工阶段核定,2026-09-24-attribution-v2
BJ-2024-SJS-YIMO-Q10,C,,X2,仅词典命中弱信号(精度约0.66-0.88)，不构成准入依据；本册是否可独立判断整个题肢、官方正误需模型/人工阶段核定,2026-09-24-attribution-v2
BJ-2024-SJS-YIMO-Q10,D,X2,X2,仅词典命中弱信号(精度约0.66-0.88)，不构成准入依据；本册是否可独立判断整个题肢、官方正误需模型/人工阶段核定,2026-09-24-attribution-v2
BJ-2024-SJS-YIMO-Q11,①,B3,X2,仅词典命中弱信号(精度约0.66-0.88)，不构成准入依据；本册是否可独立判断整个题肢、官方正误需模型/人工阶段核定,2026-09-24-attribution-v2
BJ-2024-SJS-YIMO-Q11,②,X2,X2,仅词典命中弱信号(精度约0.66-0.88)，不构成准入依据；本册是否可独立判断整个题肢、官方正误需模型/人工阶段核定,2026-09-24-attribution-v2
BJ-2024-SJS-YIMO-Q11,③,X2,X2,仅词典命中弱信号(精度约0.66-0.88)，不构成准入依据；本册是否可独立判断整个题肢、官方正误需模型/人工阶段核定,2026-09-24-attribution-v2
BJ-2024-SJS-YIMO-Q11,④,X2,X2,仅词典命中弱信号(精度约0.66-0.88)，不构成准入依据；本册是否可独立判断整个题肢、官方正误需模型/人工阶段核定,2026-09-24-attribution-v2
BJ-2024-SJS-YIMO-Q12,①,B2,B2,仅词典命中弱信号(精度约0.66-0.88)，不构成准入依据；本册是否可独立判断整个题肢、官方正误需模型/人工阶段核定,2026-09-24-attribution-v2
BJ-2024-SJS-YIMO-Q12,②,,B2,仅词典命中弱信号(精度约0.66-0.88)，不构成准入依据；本册是否可独立判断整个题肢、官方正误需模型/人工阶段核定,2026-09-24-attribution-v2
BJ-2024-SJS-YIMO-Q12,③,B2,B2,仅词典命中弱信号(精度约0.66-0.88)，不构成准入依据；本册是否可独立判断整个题肢、官方正误需模型/人工阶段核定,2026-09-24-attribution-v2
BJ-2024-SJS-YIMO-Q12,④,,B2,仅词典命中弱信号(精度约0.66-0.88)，不构成准入依据；本册是否可独立判断整个题肢、官方正误需模型/人工阶段核定,2026-09-24-attribution-v2
BJ-2024-SJS-YIMO-Q13,①,B2;X1,B2,仅词典命中弱信号(精度约0.66-0.88)，不构成准入依据；本册是否可独立判断整个题肢、官方正误需模型/人工阶段核定,2026-09-24-attribution-v2
BJ-2024-SJS-YIMO-Q13,②,B2,B2,仅词典命中弱信号(精度约0.66-0.88)，不构成准入依据；本册是否可独立判断整个题肢、官方正误需模型/人工阶段核定,2026-09-24-attribution-v2
BJ-2024-SJS-YIMO-Q13,③,B2,B2,仅词典命中弱信号(精度约0.66-0.88)，不构成准入依据；本册是否可独立判断整个题肢、官方正误需模型/人工阶段核定,2026-09-24-attribution-v2
BJ-2024-SJS-YIMO-Q13,④,,B2,仅词典命中弱信号(精度约0.66-0.88)，不构成准入依据；本册是否可独立判断整个题肢、官方正误需模型/人工阶段核定,2026-09-24-attribution-v2
BJ-2024-SJS-YIMO-Q14,①,B2,X1,仅词典命中弱信号(精度约0.66-0.88)，不构成准入依据；本册是否可独立判断整个题肢、官方正误需模型/人工阶段核定,2026-09-24-attribution-v2
BJ-2024-SJS-YIMO-Q14,②,B2,X1,仅词典命中弱信号(精度约0.66-0.88)，不构成准入依据；本册是否可独立判断整个题肢、官方正误需模型/人工阶段核定,2026-09-24-attribution-v2
BJ-2024-SJS-YIMO-Q14,③,X1,X1,仅词典命中弱信号(精度约0.66-0.88)，不构成准入依据；本册是否可独立判断整个题肢、官方正误需模型/人工阶段核定,2026-09-24-attribution-v2
BJ-2024-SJS-YIMO-Q14,④,X1,X1,仅词典命中弱信号(精度约0.66-0.88)，不构成准入依据；本册是否可独立判断整个题肢、官方正误需模型/人工阶段核定,2026-09-24-attribution-v2
BJ-2024-SJS-YIMO-Q15,A,,X1,仅词典命中弱信号(精度约0.66-0.88)，不构成准入依据；本册是否可独立判断整个题肢、官方正误需模型/人工阶段核定,2026-09-24-attribution-v2
BJ-2024-SJS-YIMO-Q15,B,,X1,仅词典命中弱信号(精度约0.66-0.88)，不构成准入依据；本册是否可独立判断整个题肢、官方正误需模型/人工阶段核定,2026-09-24-attribution-v2
BJ-2024-SJS-YIMO-Q15,C,X1,X1,仅词典命中弱信号(精度约0.66-0.88)，不构成准入依据；本册是否可独立判断整个题肢、官方正误需模型/人工阶段核定,2026-09-24-attribution-v2
BJ-2024-SJS-YIMO-Q15,D,CU,X1,仅词典命中弱信号(精度约0.66-0.88)，不构成准入依据；本册是否可独立判断整个题肢、官方正误需模型/人工阶段核定,2026-09-24-attribution-v2
BJ-2024-XC-YIMO-Q1,②,,B3,仅词典命中弱信号(精度约0.66-0.88)，不构成准入依据；本册是否可独立判断整个题肢、官方正误需模型/人工阶段核定,2026-09-24-attribution-v2
BJ-2024-XC-YIMO-Q1,④,,B3,仅词典命中弱信号(精度约0.66-0.88)，不构成准入依据；本册是否可独立判断整个题肢、官方正误需模型/人工阶段核定,2026-09-24-attribution-v2
BJ-2024-XC-YIMO-Q1,③,,B3,仅词典命中弱信号(精度约0.66-0.88)，不构成准入依据；本册是否可独立判断整个题肢、官方正误需模型/人工阶段核定,2026-09-24-attribution-v2
BJ-2024-XC-YIMO-Q1,①,,B3,仅词典命中弱信号(精度约0.66-0.88)，不构成准入依据；本册是否可独立判断整个题肢、官方正误需模型/人工阶段核定,2026-09-24-attribution-v2
BJ-2024-XC-YIMO-Q2,①,B2,CU,仅词典命中弱信号(精度约0.66-0.88)，不构成准入依据；本册是否可独立判断整个题肢、官方正误需模型/人工阶段核定,2026-09-24-attribution-v2
BJ-2024-XC-YIMO-Q2,②,PH,CU,仅词典命中弱信号(精度约0.66-0.88)，不构成准入依据；本册是否可独立判断整个题肢、官方正误需模型/人工阶段核定,2026-09-24-attribution-v2
BJ-2024-XC-YIMO-Q2,③,,CU,仅词典命中弱信号(精度约0.66-0.88)，不构成准入依据；本册是否可独立判断整个题肢、官方正误需模型/人工阶段核定,2026-09-24-attribution-v2
BJ-2024-XC-YIMO-Q2,④,,CU,仅词典命中弱信号(精度约0.66-0.88)，不构成准入依据；本册是否可独立判断整个题肢、官方正误需模型/人工阶段核定,2026-09-24-attribution-v2
BJ-2024-XC-YIMO-Q3,A,,PH,仅词典命中弱信号(精度约0.66-0.88)，不构成准入依据；本册是否可独立判断整个题肢、官方正误需模型/人工阶段核定,2026-09-24-attribution-v2
BJ-2024-XC-YIMO-Q3,B,,PH,仅词典命中弱信号(精度约0.66-0.88)，不构成准入依据；本册是否可独立判断整个题肢、官方正误需模型/人工阶段核定,2026-09-24-attribution-v2
BJ-2024-XC-YIMO-Q3,C,,PH,仅词典命中弱信号(精度约0.66-0.88)，不构成准入依据；本册是否可独立判断整个题肢、官方正误需模型/人工阶段核定,2026-09-24-attribution-v2
BJ-2024-XC-YIMO-Q3,D,,PH,仅词典命中弱信号(精度约0.66-0.88)，不构成准入依据；本册是否可独立判断整个题肢、官方正误需模型/人工阶段核定,2026-09-24-attribution-v2
BJ-2024-XC-YIMO-Q4,A,,PH,仅词典命中弱信号(精度约0.66-0.88)，不构成准入依据；本册是否可独立判断整个题肢、官方正误需模型/人工阶段核定,2026-09-24-attribution-v2
BJ-2024-XC-YIMO-Q4,B,B3,PH,仅词典命中弱信号(精度约0.66-0.88)，不构成准入依据；本册是否可独立判断整个题肢、官方正误需模型/人工阶段核定,2026-09-24-attribution-v2
BJ-2024-XC-YIMO-Q4,C,,PH,仅词典命中弱信号(精度约0.66-0.88)，不构成准入依据；本册是否可独立判断整个题肢、官方正误需模型/人工阶段核定,2026-09-24-attribution-v2
BJ-2024-XC-YIMO-Q4,D,B2,PH,仅词典命中弱信号(精度约0.66-0.88)，不构成准入依据；本册是否可独立判断整个题肢、官方正误需模型/人工阶段核定,2026-09-24-attribution-v2
BJ-2024-XC-YIMO-Q6,①,X2,RE,仅词典命中弱信号(精度约0.66-0.88)，不构成准入依据；本册是否可独立判断整个题肢、官方正误需模型/人工阶段核定,2026-09-24-attribution-v2
BJ-2024-XC-YIMO-Q6,②,X2,RE,仅词典命中弱信号(精度约0.66-0.88)，不构成准入依据；本册是否可独立判断整个题肢、官方正误需模型/人工阶段核定,2026-09-24-attribution-v2
BJ-2024-XC-YIMO-Q6,③,X2,RE,仅词典命中弱信号(精度约0.66-0.88)，不构成准入依据；本册是否可独立判断整个题肢、官方正误需模型/人工阶段核定,2026-09-24-attribution-v2
BJ-2024-XC-YIMO-Q6,④,X2,RE,仅词典命中弱信号(精度约0.66-0.88)，不构成准入依据；本册是否可独立判断整个题肢、官方正误需模型/人工阶段核定,2026-09-24-attribution-v2
BJ-2024-XC-YIMO-Q7,①,X2,RE,仅词典命中弱信号(精度约0.66-0.88)，不构成准入依据；本册是否可独立判断整个题肢、官方正误需模型/人工阶段核定,2026-09-24-attribution-v2
BJ-2024-XC-YIMO-Q7,②,X2,RE,仅词典命中弱信号(精度约0.66-0.88)，不构成准入依据；本册是否可独立判断整个题肢、官方正误需模型/人工阶段核定,2026-09-24-attribution-v2
BJ-2024-XC-YIMO-Q7,③,X2,RE,仅词典命中弱信号(精度约0.66-0.88)，不构成准入依据；本册是否可独立判断整个题肢、官方正误需模型/人工阶段核定,2026-09-24-attribution-v2
BJ-2024-XC-YIMO-Q7,④,X2,RE,仅词典命中弱信号(精度约0.66-0.88)，不构成准入依据；本册是否可独立判断整个题肢、官方正误需模型/人工阶段核定,2026-09-24-attribution-v2
BJ-2024-XC-YIMO-Q8,①,,B3,仅词典命中弱信号(精度约0.66-0.88)，不构成准入依据；本册是否可独立判断整个题肢、官方正误需模型/人工阶段核定,2026-09-24-attribution-v2
BJ-2024-XC-YIMO-Q8,②,X2,B3,仅词典命中弱信号(精度约0.66-0.88)，不构成准入依据；本册是否可独立判断整个题肢、官方正误需模型/人工阶段核定,2026-09-24-attribution-v2
BJ-2024-XC-YIMO-Q8,③,X2,B3,仅词典命中弱信号(精度约0.66-0.88)，不构成准入依据；本册是否可独立判断整个题肢、官方正误需模型/人工阶段核定,2026-09-24-attribution-v2
BJ-2024-XC-YIMO-Q8,④,B3;X2,B3,仅词典命中弱信号(精度约0.66-0.88)，不构成准入依据；本册是否可独立判断整个题肢、官方正误需模型/人工阶段核定,2026-09-24-attribution-v2
BJ-2024-XC-YIMO-Q9,A,PH,B3,仅词典命中弱信号(精度约0.66-0.88)，不构成准入依据；本册是否可独立判断整个题肢、官方正误需模型/人工阶段核定,2026-09-24-attribution-v2
BJ-2024-XC-YIMO-Q9,B,MI;PH,B3,仅词典命中弱信号(精度约0.66-0.88)，不构成准入依据；本册是否可独立判断整个题肢、官方正误需模型/人工阶段核定,2026-09-24-attribution-v2
BJ-2024-XC-YIMO-Q9,C,,B3,仅词典命中弱信号(精度约0.66-0.88)，不构成准入依据；本册是否可独立判断整个题肢、官方正误需模型/人工阶段核定,2026-09-24-attribution-v2
BJ-2024-XC-YIMO-Q9,D,,B3,仅词典命中弱信号(精度约0.66-0.88)，不构成准入依据；本册是否可独立判断整个题肢、官方正误需模型/人工阶段核定,2026-09-24-attribution-v2
BJ-2024-XC-YIMO-Q10,①,,X2,仅词典命中弱信号(精度约0.66-0.88)，不构成准入依据；本册是否可独立判断整个题肢、官方正误需模型/人工阶段核定,2026-09-24-attribution-v2
BJ-2024-XC-YIMO-Q10,②,,X2,仅词典命中弱信号(精度约0.66-0.88)，不构成准入依据；本册是否可独立判断整个题肢、官方正误需模型/人工阶段核定,2026-09-24-attribution-v2
BJ-2024-XC-YIMO-Q10,③,,X2,仅词典命中弱信号(精度约0.66-0.88)，不构成准入依据；本册是否可独立判断整个题肢、官方正误需模型/人工阶段核定,2026-09-24-attribution-v2
BJ-2024-XC-YIMO-Q10,④,RE,X2,仅词典命中弱信号(精度约0.66-0.88)，不构成准入依据；本册是否可独立判断整个题肢、官方正误需模型/人工阶段核定,2026-09-24-attribution-v2
BJ-2024-XC-YIMO-Q11,①,,X2,仅词典命中弱信号(精度约0.66-0.88)，不构成准入依据；本册是否可独立判断整个题肢、官方正误需模型/人工阶段核定,2026-09-24-attribution-v2
BJ-2024-XC-YIMO-Q11,②,,X2,仅词典命中弱信号(精度约0.66-0.88)，不构成准入依据；本册是否可独立判断整个题肢、官方正误需模型/人工阶段核定,2026-09-24-attribution-v2
BJ-2024-XC-YIMO-Q11,③,,X2,仅词典命中弱信号(精度约0.66-0.88)，不构成准入依据；本册是否可独立判断整个题肢、官方正误需模型/人工阶段核定,2026-09-24-attribution-v2
BJ-2024-XC-YIMO-Q11,④,,X2,仅词典命中弱信号(精度约0.66-0.88)，不构成准入依据；本册是否可独立判断整个题肢、官方正误需模型/人工阶段核定,2026-09-24-attribution-v2
BJ-2024-XC-YIMO-Q12,A,,B2,仅词典命中弱信号(精度约0.66-0.88)，不构成准入依据；本册是否可独立判断整个题肢、官方正误需模型/人工阶段核定,2026-09-24-attribution-v2
BJ-2024-XC-YIMO-Q12,B,,B2,仅词典命中弱信号(精度约0.66-0.88)，不构成准入依据；本册是否可独立判断整个题肢、官方正误需模型/人工阶段核定,2026-09-24-attribution-v2
BJ-2024-XC-YIMO-Q12,C,,B2,仅词典命中弱信号(精度约0.66-0.88)，不构成准入依据；本册是否可独立判断整个题肢、官方正误需模型/人工阶段核定,2026-09-24-attribution-v2
BJ-2024-XC-YIMO-Q12,D,,B2,仅词典命中弱信号(精度约0.66-0.88)，不构成准入依据；本册是否可独立判断整个题肢、官方正误需模型/人工阶段核定,2026-09-24-attribution-v2
BJ-2024-XC-YIMO-Q13,A,MI,B2,仅词典命中弱信号(精度约0.66-0.88)，不构成准入依据；本册是否可独立判断整个题肢、官方正误需模型/人工阶段核定,2026-09-24-attribution-v2
BJ-2024-XC-YIMO-Q13,B,,B2,仅词典命中弱信号(精度约0.66-0.88)，不构成准入依据；本册是否可独立判断整个题肢、官方正误需模型/人工阶段核定,2026-09-24-attribution-v2
BJ-2024-XC-YIMO-Q13,C,,B2,仅词典命中弱信号(精度约0.66-0.88)，不构成准入依据；本册是否可独立判断整个题肢、官方正误需模型/人工阶段核定,2026-09-24-attribution-v2
BJ-2024-XC-YIMO-Q13,D,RE,B2,仅词典命中弱信号(精度约0.66-0.88)，不构成准入依据；本册是否可独立判断整个题肢、官方正误需模型/人工阶段核定,2026-09-24-attribution-v2
BJ-2024-XC-YIMO-Q14,①,,X1,仅词典命中弱信号(精度约0.66-0.88)，不构成准入依据；本册是否可独立判断整个题肢、官方正误需模型/人工阶段核定,2026-09-24-attribution-v2
BJ-2024-XC-YIMO-Q14,②,X1,X1,仅词典命中弱信号(精度约0.66-0.88)，不构成准入依据；本册是否可独立判断整个题肢、官方正误需模型/人工阶段核定,2026-09-24-attribution-v2
BJ-2024-XC-YIMO-Q14,③,X1,X1,仅词典命中弱信号(精度约0.66-0.88)，不构成准入依据；本册是否可独立判断整个题肢、官方正误需模型/人工阶段核定,2026-09-24-attribution-v2
BJ-2024-XC-YIMO-Q14,④,,X1,仅词典命中弱信号(精度约0.66-0.88)，不构成准入依据；本册是否可独立判断整个题肢、官方正误需模型/人工阶段核定,2026-09-24-attribution-v2
BJ-2024-XC-YIMO-Q15,①,,X1,仅词典命中弱信号(精度约0.66-0.88)，不构成准入依据；本册是否可独立判断整个题肢、官方正误需模型/人工阶段核定,2026-09-24-attribution-v2
BJ-2024-XC-YIMO-Q15,②,X1,X1,仅词典命中弱信号(精度约0.66-0.88)，不构成准入依据；本册是否可独立判断整个题肢、官方正误需模型/人工阶段核定,2026-09-24-attribution-v2
BJ-2024-XC-YIMO-Q15,③,X1,X1,仅词典命中弱信号(精度约0.66-0.88)，不构成准入依据；本册是否可独立判断整个题肢、官方正误需模型/人工阶段核定,2026-09-24-attribution-v2
BJ-2024-XC-YIMO-Q15,④,X1,X1,仅词典命中弱信号(精度约0.66-0.88)，不构成准入依据；本册是否可独立判断整个题肢、官方正误需模型/人工阶段核定,2026-09-24-attribution-v2
BJ-2024-XC-ERMO-Q2,①,B3,CU,仅词典命中弱信号(精度约0.66-0.88)，不构成准入依据；本册是否可独立判断整个题肢、官方正误需模型/人工阶段核定,2026-09-24-attribution-v2
BJ-2024-XC-ERMO-Q2,②,CU,CU,仅词典命中弱信号(精度约0.66-0.88)，不构成准入依据；本册是否可独立判断整个题肢、官方正误需模型/人工阶段核定,2026-09-24-attribution-v2
BJ-2024-XC-ERMO-Q2,③,,CU,仅词典命中弱信号(精度约0.66-0.88)，不构成准入依据；本册是否可独立判断整个题肢、官方正误需模型/人工阶段核定,2026-09-24-attribution-v2
BJ-2024-XC-ERMO-Q2,④,B1,CU,仅词典命中弱信号(精度约0.66-0.88)，不构成准入依据；本册是否可独立判断整个题肢、官方正误需模型/人工阶段核定,2026-09-24-attribution-v2
BJ-2024-XC-ERMO-Q3,A,B3,PH,仅词典命中弱信号(精度约0.66-0.88)，不构成准入依据；本册是否可独立判断整个题肢、官方正误需模型/人工阶段核定,2026-09-24-attribution-v2
BJ-2024-XC-ERMO-Q3,B,,PH,仅词典命中弱信号(精度约0.66-0.88)，不构成准入依据；本册是否可独立判断整个题肢、官方正误需模型/人工阶段核定,2026-09-24-attribution-v2
BJ-2024-XC-ERMO-Q3,C,,PH,仅词典命中弱信号(精度约0.66-0.88)，不构成准入依据；本册是否可独立判断整个题肢、官方正误需模型/人工阶段核定,2026-09-24-attribution-v2
BJ-2024-XC-ERMO-Q3,D,B3,PH,仅词典命中弱信号(精度约0.66-0.88)，不构成准入依据；本册是否可独立判断整个题肢、官方正误需模型/人工阶段核定,2026-09-24-attribution-v2
BJ-2024-XC-ERMO-Q5,①,B2,PH,仅词典命中弱信号(精度约0.66-0.88)，不构成准入依据；本册是否可独立判断整个题肢、官方正误需模型/人工阶段核定,2026-09-24-attribution-v2
BJ-2024-XC-ERMO-Q5,②,X1,PH,仅词典命中弱信号(精度约0.66-0.88)，不构成准入依据；本册是否可独立判断整个题肢、官方正误需模型/人工阶段核定,2026-09-24-attribution-v2
BJ-2024-XC-ERMO-Q5,③,,PH,仅词典命中弱信号(精度约0.66-0.88)，不构成准入依据；本册是否可独立判断整个题肢、官方正误需模型/人工阶段核定,2026-09-24-attribution-v2
BJ-2024-XC-ERMO-Q5,④,,PH,仅词典命中弱信号(精度约0.66-0.88)，不构成准入依据；本册是否可独立判断整个题肢、官方正误需模型/人工阶段核定,2026-09-24-attribution-v2
BJ-2024-XC-ERMO-Q6,①,B2,RE,仅词典命中弱信号(精度约0.66-0.88)，不构成准入依据；本册是否可独立判断整个题肢、官方正误需模型/人工阶段核定,2026-09-24-attribution-v2
BJ-2024-XC-ERMO-Q6,②,B2,RE,仅词典命中弱信号(精度约0.66-0.88)，不构成准入依据；本册是否可独立判断整个题肢、官方正误需模型/人工阶段核定,2026-09-24-attribution-v2
BJ-2024-XC-ERMO-Q6,③,,RE,仅词典命中弱信号(精度约0.66-0.88)，不构成准入依据；本册是否可独立判断整个题肢、官方正误需模型/人工阶段核定,2026-09-24-attribution-v2
BJ-2024-XC-ERMO-Q6,④,X1,RE,仅词典命中弱信号(精度约0.66-0.88)，不构成准入依据；本册是否可独立判断整个题肢、官方正误需模型/人工阶段核定,2026-09-24-attribution-v2
BJ-2024-XC-ERMO-Q7,①,PH,B3,仅词典命中弱信号(精度约0.66-0.88)，不构成准入依据；本册是否可独立判断整个题肢、官方正误需模型/人工阶段核定,2026-09-24-attribution-v2
BJ-2024-XC-ERMO-Q7,②,PH,B3,仅词典命中弱信号(精度约0.66-0.88)，不构成准入依据；本册是否可独立判断整个题肢、官方正误需模型/人工阶段核定,2026-09-24-attribution-v2
BJ-2024-XC-ERMO-Q7,③,,B3,仅词典命中弱信号(精度约0.66-0.88)，不构成准入依据；本册是否可独立判断整个题肢、官方正误需模型/人工阶段核定,2026-09-24-attribution-v2
BJ-2024-XC-ERMO-Q7,④,,B3,仅词典命中弱信号(精度约0.66-0.88)，不构成准入依据；本册是否可独立判断整个题肢、官方正误需模型/人工阶段核定,2026-09-24-attribution-v2
BJ-2024-XC-ERMO-Q8,A,,B3,仅词典命中弱信号(精度约0.66-0.88)，不构成准入依据；本册是否可独立判断整个题肢、官方正误需模型/人工阶段核定,2026-09-24-attribution-v2
BJ-2024-XC-ERMO-Q8,B,,B3,仅词典命中弱信号(精度约0.66-0.88)，不构成准入依据；本册是否可独立判断整个题肢、官方正误需模型/人工阶段核定,2026-09-24-attribution-v2
BJ-2024-XC-ERMO-Q8,C,,B3,仅词典命中弱信号(精度约0.66-0.88)，不构成准入依据；本册是否可独立判断整个题肢、官方正误需模型/人工阶段核定,2026-09-24-attribution-v2
BJ-2024-XC-ERMO-Q8,D,,B3,仅词典命中弱信号(精度约0.66-0.88)，不构成准入依据；本册是否可独立判断整个题肢、官方正误需模型/人工阶段核定,2026-09-24-attribution-v2
BJ-2024-XC-ERMO-Q9,A,,B3,仅词典命中弱信号(精度约0.66-0.88)，不构成准入依据；本册是否可独立判断整个题肢、官方正误需模型/人工阶段核定,2026-09-24-attribution-v2
BJ-2024-XC-ERMO-Q9,B,,B3,仅词典命中弱信号(精度约0.66-0.88)，不构成准入依据；本册是否可独立判断整个题肢、官方正误需模型/人工阶段核定,2026-09-24-attribution-v2
BJ-2024-XC-ERMO-Q9,C,,B3,仅词典命中弱信号(精度约0.66-0.88)，不构成准入依据；本册是否可独立判断整个题肢、官方正误需模型/人工阶段核定,2026-09-24-attribution-v2
BJ-2024-XC-ERMO-Q9,D,,B3,仅词典命中弱信号(精度约0.66-0.88)，不构成准入依据；本册是否可独立判断整个题肢、官方正误需模型/人工阶段核定,2026-09-24-attribution-v2
BJ-2024-XC-ERMO-Q10,①,,X2,仅词典命中弱信号(精度约0.66-0.88)，不构成准入依据；本册是否可独立判断整个题肢、官方正误需模型/人工阶段核定,2026-09-24-attribution-v2
BJ-2024-XC-ERMO-Q10,②,X1;X2,X2,仅词典命中弱信号(精度约0.66-0.88)，不构成准入依据；本册是否可独立判断整个题肢、官方正误需模型/人工阶段核定,2026-09-24-attribution-v2
BJ-2024-XC-ERMO-Q10,③,X2,X2,仅词典命中弱信号(精度约0.66-0.88)，不构成准入依据；本册是否可独立判断整个题肢、官方正误需模型/人工阶段核定,2026-09-24-attribution-v2
BJ-2024-XC-ERMO-Q10,④,X2,X2,仅词典命中弱信号(精度约0.66-0.88)，不构成准入依据；本册是否可独立判断整个题肢、官方正误需模型/人工阶段核定,2026-09-24-attribution-v2
BJ-2024-XC-ERMO-Q11,①,X2,X2,仅词典命中弱信号(精度约0.66-0.88)，不构成准入依据；本册是否可独立判断整个题肢、官方正误需模型/人工阶段核定,2026-09-24-attribution-v2
BJ-2024-XC-ERMO-Q11,②,X2,X2,仅词典命中弱信号(精度约0.66-0.88)，不构成准入依据；本册是否可独立判断整个题肢、官方正误需模型/人工阶段核定,2026-09-24-attribution-v2
BJ-2024-XC-ERMO-Q11,③,X2,X2,仅词典命中弱信号(精度约0.66-0.88)，不构成准入依据；本册是否可独立判断整个题肢、官方正误需模型/人工阶段核定,2026-09-24-attribution-v2
BJ-2024-XC-ERMO-Q11,④,,X2,仅词典命中弱信号(精度约0.66-0.88)，不构成准入依据；本册是否可独立判断整个题肢、官方正误需模型/人工阶段核定,2026-09-24-attribution-v2
BJ-2024-XC-ERMO-Q12,A,X2,B2,仅词典命中弱信号(精度约0.66-0.88)，不构成准入依据；本册是否可独立判断整个题肢、官方正误需模型/人工阶段核定,2026-09-24-attribution-v2
BJ-2024-XC-ERMO-Q12,B,X2,B2,仅词典命中弱信号(精度约0.66-0.88)，不构成准入依据；本册是否可独立判断整个题肢、官方正误需模型/人工阶段核定,2026-09-24-attribution-v2
BJ-2024-XC-ERMO-Q12,C,X2,B2,仅词典命中弱信号(精度约0.66-0.88)，不构成准入依据；本册是否可独立判断整个题肢、官方正误需模型/人工阶段核定,2026-09-24-attribution-v2
BJ-2024-XC-ERMO-Q12,D,B2,B2,仅词典命中弱信号(精度约0.66-0.88)，不构成准入依据；本册是否可独立判断整个题肢、官方正误需模型/人工阶段核定,2026-09-24-attribution-v2
BJ-2024-XC-ERMO-Q13,①,,B2,仅词典命中弱信号(精度约0.66-0.88)，不构成准入依据；本册是否可独立判断整个题肢、官方正误需模型/人工阶段核定,2026-09-24-attribution-v2
BJ-2024-XC-ERMO-Q13,②,,B2,仅词典命中弱信号(精度约0.66-0.88)，不构成准入依据；本册是否可独立判断整个题肢、官方正误需模型/人工阶段核定,2026-09-24-attribution-v2
BJ-2024-XC-ERMO-Q13,③,B2;PH,B2,仅词典命中弱信号(精度约0.66-0.88)，不构成准入依据；本册是否可独立判断整个题肢、官方正误需模型/人工阶段核定,2026-09-24-attribution-v2
BJ-2024-XC-ERMO-Q13,④,X2,B2,仅词典命中弱信号(精度约0.66-0.88)，不构成准入依据；本册是否可独立判断整个题肢、官方正误需模型/人工阶段核定,2026-09-24-attribution-v2
BJ-2024-XC-ERMO-Q14,①,,X1,仅词典命中弱信号(精度约0.66-0.88)，不构成准入依据；本册是否可独立判断整个题肢、官方正误需模型/人工阶段核定,2026-09-24-attribution-v2
BJ-2024-XC-ERMO-Q14,②,,X1,仅词典命中弱信号(精度约0.66-0.88)，不构成准入依据；本册是否可独立判断整个题肢、官方正误需模型/人工阶段核定,2026-09-24-attribution-v2
BJ-2024-XC-ERMO-Q14,③,,X1,仅词典命中弱信号(精度约0.66-0.88)，不构成准入依据；本册是否可独立判断整个题肢、官方正误需模型/人工阶段核定,2026-09-24-attribution-v2
BJ-2024-XC-ERMO-Q14,④,,X1,仅词典命中弱信号(精度约0.66-0.88)，不构成准入依据；本册是否可独立判断整个题肢、官方正误需模型/人工阶段核定,2026-09-24-attribution-v2
BJ-2025-DC-YIMO-Q1,①,B3,B3,仅词典命中弱信号(精度约0.66-0.88)，不构成准入依据；本册是否可独立判断整个题肢、官方正误需模型/人工阶段核定,2026-09-24-attribution-v2
BJ-2025-DC-YIMO-Q1,②,PH,B3,仅词典命中弱信号(精度约0.66-0.88)，不构成准入依据；本册是否可独立判断整个题肢、官方正误需模型/人工阶段核定,2026-09-24-attribution-v2
BJ-2025-DC-YIMO-Q1,③,B1,B3,仅词典命中弱信号(精度约0.66-0.88)，不构成准入依据；本册是否可独立判断整个题肢、官方正误需模型/人工阶段核定,2026-09-24-attribution-v2
BJ-2025-DC-YIMO-Q1,④,B1,B3,仅词典命中弱信号(精度约0.66-0.88)，不构成准入依据；本册是否可独立判断整个题肢、官方正误需模型/人工阶段核定,2026-09-24-attribution-v2
BJ-2025-DC-YIMO-Q3,A,,PH,仅词典命中弱信号(精度约0.66-0.88)，不构成准入依据；本册是否可独立判断整个题肢、官方正误需模型/人工阶段核定,2026-09-24-attribution-v2
BJ-2025-DC-YIMO-Q3,B,,PH,仅词典命中弱信号(精度约0.66-0.88)，不构成准入依据；本册是否可独立判断整个题肢、官方正误需模型/人工阶段核定,2026-09-24-attribution-v2
BJ-2025-DC-YIMO-Q3,C,X1,PH,仅词典命中弱信号(精度约0.66-0.88)，不构成准入依据；本册是否可独立判断整个题肢、官方正误需模型/人工阶段核定,2026-09-24-attribution-v2
BJ-2025-DC-YIMO-Q3,D,,PH,仅词典命中弱信号(精度约0.66-0.88)，不构成准入依据；本册是否可独立判断整个题肢、官方正误需模型/人工阶段核定,2026-09-24-attribution-v2
BJ-2025-DC-YIMO-Q4,①,,PH,仅词典命中弱信号(精度约0.66-0.88)，不构成准入依据；本册是否可独立判断整个题肢、官方正误需模型/人工阶段核定,2026-09-24-attribution-v2
BJ-2025-DC-YIMO-Q4,②,,PH,仅词典命中弱信号(精度约0.66-0.88)，不构成准入依据；本册是否可独立判断整个题肢、官方正误需模型/人工阶段核定,2026-09-24-attribution-v2
BJ-2025-DC-YIMO-Q4,③,MI,PH,仅词典命中弱信号(精度约0.66-0.88)，不构成准入依据；本册是否可独立判断整个题肢、官方正误需模型/人工阶段核定,2026-09-24-attribution-v2
BJ-2025-DC-YIMO-Q4,④,,PH,仅词典命中弱信号(精度约0.66-0.88)，不构成准入依据；本册是否可独立判断整个题肢、官方正误需模型/人工阶段核定,2026-09-24-attribution-v2
BJ-2025-DC-YIMO-Q5,A,,PH,仅词典命中弱信号(精度约0.66-0.88)，不构成准入依据；本册是否可独立判断整个题肢、官方正误需模型/人工阶段核定,2026-09-24-attribution-v2
BJ-2025-DC-YIMO-Q5,B,,PH,仅词典命中弱信号(精度约0.66-0.88)，不构成准入依据；本册是否可独立判断整个题肢、官方正误需模型/人工阶段核定,2026-09-24-attribution-v2
BJ-2025-DC-YIMO-Q5,C,,PH,仅词典命中弱信号(精度约0.66-0.88)，不构成准入依据；本册是否可独立判断整个题肢、官方正误需模型/人工阶段核定,2026-09-24-attribution-v2
BJ-2025-DC-YIMO-Q5,D,,PH,仅词典命中弱信号(精度约0.66-0.88)，不构成准入依据；本册是否可独立判断整个题肢、官方正误需模型/人工阶段核定,2026-09-24-attribution-v2
BJ-2025-DC-YIMO-Q2,①,B2,CU,仅词典命中弱信号(精度约0.66-0.88)，不构成准入依据；本册是否可独立判断整个题肢、官方正误需模型/人工阶段核定,2026-09-24-attribution-v2
BJ-2025-DC-YIMO-Q2,②,B3,CU,仅词典命中弱信号(精度约0.66-0.88)，不构成准入依据；本册是否可独立判断整个题肢、官方正误需模型/人工阶段核定,2026-09-24-attribution-v2
BJ-2025-DC-YIMO-Q2,③,,CU,仅词典命中弱信号(精度约0.66-0.88)，不构成准入依据；本册是否可独立判断整个题肢、官方正误需模型/人工阶段核定,2026-09-24-attribution-v2
BJ-2025-DC-YIMO-Q2,④,,CU,仅词典命中弱信号(精度约0.66-0.88)，不构成准入依据；本册是否可独立判断整个题肢、官方正误需模型/人工阶段核定,2026-09-24-attribution-v2
BJ-2025-DC-YIMO-Q6,A,PH,RE,仅词典命中弱信号(精度约0.66-0.88)，不构成准入依据；本册是否可独立判断整个题肢、官方正误需模型/人工阶段核定,2026-09-24-attribution-v2
BJ-2025-DC-YIMO-Q6,B,,RE,仅词典命中弱信号(精度约0.66-0.88)，不构成准入依据；本册是否可独立判断整个题肢、官方正误需模型/人工阶段核定,2026-09-24-attribution-v2
BJ-2025-DC-YIMO-Q6,C,,RE,仅词典命中弱信号(精度约0.66-0.88)，不构成准入依据；本册是否可独立判断整个题肢、官方正误需模型/人工阶段核定,2026-09-24-attribution-v2
BJ-2025-DC-YIMO-Q6,D,PH,RE,仅词典命中弱信号(精度约0.66-0.88)，不构成准入依据；本册是否可独立判断整个题肢、官方正误需模型/人工阶段核定,2026-09-24-attribution-v2
BJ-2025-DC-YIMO-Q7,①,,RE,仅词典命中弱信号(精度约0.66-0.88)，不构成准入依据；本册是否可独立判断整个题肢、官方正误需模型/人工阶段核定,2026-09-24-attribution-v2
BJ-2025-DC-YIMO-Q7,②,,RE,仅词典命中弱信号(精度约0.66-0.88)，不构成准入依据；本册是否可独立判断整个题肢、官方正误需模型/人工阶段核定,2026-09-24-attribution-v2
BJ-2025-DC-YIMO-Q7,③,B3,RE,仅词典命中弱信号(精度约0.66-0.88)，不构成准入依据；本册是否可独立判断整个题肢、官方正误需模型/人工阶段核定,2026-09-24-attribution-v2
BJ-2025-DC-YIMO-Q7,④,B2;B3;X1,RE,仅词典命中弱信号(精度约0.66-0.88)，不构成准入依据；本册是否可独立判断整个题肢、官方正误需模型/人工阶段核定,2026-09-24-attribution-v2
BJ-2025-DC-YIMO-Q8,A,,B3,仅词典命中弱信号(精度约0.66-0.88)，不构成准入依据；本册是否可独立判断整个题肢、官方正误需模型/人工阶段核定,2026-09-24-attribution-v2
BJ-2025-DC-YIMO-Q8,B,B3,B3,仅词典命中弱信号(精度约0.66-0.88)，不构成准入依据；本册是否可独立判断整个题肢、官方正误需模型/人工阶段核定,2026-09-24-attribution-v2
BJ-2025-DC-YIMO-Q8,C,,B3,仅词典命中弱信号(精度约0.66-0.88)，不构成准入依据；本册是否可独立判断整个题肢、官方正误需模型/人工阶段核定,2026-09-24-attribution-v2
BJ-2025-DC-YIMO-Q8,D,,B3,仅词典命中弱信号(精度约0.66-0.88)，不构成准入依据；本册是否可独立判断整个题肢、官方正误需模型/人工阶段核定,2026-09-24-attribution-v2
BJ-2025-DC-YIMO-Q9,A,X2,B3,仅词典命中弱信号(精度约0.66-0.88)，不构成准入依据；本册是否可独立判断整个题肢、官方正误需模型/人工阶段核定,2026-09-24-attribution-v2
BJ-2025-DC-YIMO-Q9,B,,B3,仅词典命中弱信号(精度约0.66-0.88)，不构成准入依据；本册是否可独立判断整个题肢、官方正误需模型/人工阶段核定,2026-09-24-attribution-v2
BJ-2025-DC-YIMO-Q9,C,,B3,仅词典命中弱信号(精度约0.66-0.88)，不构成准入依据；本册是否可独立判断整个题肢、官方正误需模型/人工阶段核定,2026-09-24-attribution-v2
BJ-2025-DC-YIMO-Q9,D,,B3,仅词典命中弱信号(精度约0.66-0.88)，不构成准入依据；本册是否可独立判断整个题肢、官方正误需模型/人工阶段核定,2026-09-24-attribution-v2
BJ-2025-DC-YIMO-Q10,①,,X2,仅词典命中弱信号(精度约0.66-0.88)，不构成准入依据；本册是否可独立判断整个题肢、官方正误需模型/人工阶段核定,2026-09-24-attribution-v2
BJ-2025-DC-YIMO-Q10,②,,X2,仅词典命中弱信号(精度约0.66-0.88)，不构成准入依据；本册是否可独立判断整个题肢、官方正误需模型/人工阶段核定,2026-09-24-attribution-v2
BJ-2025-DC-YIMO-Q10,③,B2,X2,仅词典命中弱信号(精度约0.66-0.88)，不构成准入依据；本册是否可独立判断整个题肢、官方正误需模型/人工阶段核定,2026-09-24-attribution-v2
BJ-2025-DC-YIMO-Q10,④,B2,X2,仅词典命中弱信号(精度约0.66-0.88)，不构成准入依据；本册是否可独立判断整个题肢、官方正误需模型/人工阶段核定,2026-09-24-attribution-v2
BJ-2025-DC-YIMO-Q11,A,,X2,仅词典命中弱信号(精度约0.66-0.88)，不构成准入依据；本册是否可独立判断整个题肢、官方正误需模型/人工阶段核定,2026-09-24-attribution-v2
BJ-2025-DC-YIMO-Q11,B,,X2,仅词典命中弱信号(精度约0.66-0.88)，不构成准入依据；本册是否可独立判断整个题肢、官方正误需模型/人工阶段核定,2026-09-24-attribution-v2
BJ-2025-DC-YIMO-Q11,C,,X2,仅词典命中弱信号(精度约0.66-0.88)，不构成准入依据；本册是否可独立判断整个题肢、官方正误需模型/人工阶段核定,2026-09-24-attribution-v2
BJ-2025-DC-YIMO-Q11,D,X2,X2,仅词典命中弱信号(精度约0.66-0.88)，不构成准入依据；本册是否可独立判断整个题肢、官方正误需模型/人工阶段核定,2026-09-24-attribution-v2
BJ-2025-DC-YIMO-Q12,A,B2,B2,仅词典命中弱信号(精度约0.66-0.88)，不构成准入依据；本册是否可独立判断整个题肢、官方正误需模型/人工阶段核定,2026-09-24-attribution-v2
BJ-2025-DC-YIMO-Q12,B,B2,B2,仅词典命中弱信号(精度约0.66-0.88)，不构成准入依据；本册是否可独立判断整个题肢、官方正误需模型/人工阶段核定,2026-09-24-attribution-v2
BJ-2025-DC-YIMO-Q12,C,B2;B3,B2,仅词典命中弱信号(精度约0.66-0.88)，不构成准入依据；本册是否可独立判断整个题肢、官方正误需模型/人工阶段核定,2026-09-24-attribution-v2
BJ-2025-DC-YIMO-Q12,D,B2,B2,仅词典命中弱信号(精度约0.66-0.88)，不构成准入依据；本册是否可独立判断整个题肢、官方正误需模型/人工阶段核定,2026-09-24-attribution-v2
BJ-2025-DC-YIMO-Q13,A,,B2,仅词典命中弱信号(精度约0.66-0.88)，不构成准入依据；本册是否可独立判断整个题肢、官方正误需模型/人工阶段核定,2026-09-24-attribution-v2
BJ-2025-DC-YIMO-Q13,B,MI,B2,仅词典命中弱信号(精度约0.66-0.88)，不构成准入依据；本册是否可独立判断整个题肢、官方正误需模型/人工阶段核定,2026-09-24-attribution-v2
BJ-2025-DC-YIMO-Q13,C,RE,B2,仅词典命中弱信号(精度约0.66-0.88)，不构成准入依据；本册是否可独立判断整个题肢、官方正误需模型/人工阶段核定,2026-09-24-attribution-v2
BJ-2025-DC-YIMO-Q13,D,RE;X2,B2,仅词典命中弱信号(精度约0.66-0.88)，不构成准入依据；本册是否可独立判断整个题肢、官方正误需模型/人工阶段核定,2026-09-24-attribution-v2
BJ-2025-DC-YIMO-Q14,①,,X1,仅词典命中弱信号(精度约0.66-0.88)，不构成准入依据；本册是否可独立判断整个题肢、官方正误需模型/人工阶段核定,2026-09-24-attribution-v2
BJ-2025-DC-YIMO-Q14,②,MI,X1,仅词典命中弱信号(精度约0.66-0.88)，不构成准入依据；本册是否可独立判断整个题肢、官方正误需模型/人工阶段核定,2026-09-24-attribution-v2
BJ-2025-DC-YIMO-Q14,③,,X1,仅词典命中弱信号(精度约0.66-0.88)，不构成准入依据；本册是否可独立判断整个题肢、官方正误需模型/人工阶段核定,2026-09-24-attribution-v2
BJ-2025-DC-YIMO-Q14,④,MI,X1,仅词典命中弱信号(精度约0.66-0.88)，不构成准入依据；本册是否可独立判断整个题肢、官方正误需模型/人工阶段核定,2026-09-24-attribution-v2
BJ-2025-DC-YIMO-Q15,A,RE,X1,仅词典命中弱信号(精度约0.66-0.88)，不构成准入依据；本册是否可独立判断整个题肢、官方正误需模型/人工阶段核定,2026-09-24-attribution-v2
BJ-2025-DC-YIMO-Q15,B,,X1,仅词典命中弱信号(精度约0.66-0.88)，不构成准入依据；本册是否可独立判断整个题肢、官方正误需模型/人工阶段核定,2026-09-24-attribution-v2
BJ-2025-DC-YIMO-Q15,C,MI,X1,仅词典命中弱信号(精度约0.66-0.88)，不构成准入依据；本册是否可独立判断整个题肢、官方正误需模型/人工阶段核定,2026-09-24-attribution-v2
BJ-2025-DC-YIMO-Q15,D,RE,X1,仅词典命中弱信号(精度约0.66-0.88)，不构成准入依据；本册是否可独立判断整个题肢、官方正误需模型/人工阶段核定,2026-09-24-attribution-v2
BJ-2025-FT-YIMO-Q1,①,X1,B3,仅词典命中弱信号(精度约0.66-0.88)，不构成准入依据；本册是否可独立判断整个题肢、官方正误需模型/人工阶段核定,2026-09-24-attribution-v2
BJ-2025-FT-YIMO-Q1,②,,B3,仅词典命中弱信号(精度约0.66-0.88)，不构成准入依据；本册是否可独立判断整个题肢、官方正误需模型/人工阶段核定,2026-09-24-attribution-v2
BJ-2025-FT-YIMO-Q1,③,CU,B3,仅词典命中弱信号(精度约0.66-0.88)，不构成准入依据；本册是否可独立判断整个题肢、官方正误需模型/人工阶段核定,2026-09-24-attribution-v2
BJ-2025-FT-YIMO-Q1,④,,B3,仅词典命中弱信号(精度约0.66-0.88)，不构成准入依据；本册是否可独立判断整个题肢、官方正误需模型/人工阶段核定,2026-09-24-attribution-v2
BJ-2025-FT-YIMO-Q2,①,,CU,仅词典命中弱信号(精度约0.66-0.88)，不构成准入依据；本册是否可独立判断整个题肢、官方正误需模型/人工阶段核定,2026-09-24-attribution-v2
BJ-2025-FT-YIMO-Q2,②,,CU,仅词典命中弱信号(精度约0.66-0.88)，不构成准入依据；本册是否可独立判断整个题肢、官方正误需模型/人工阶段核定,2026-09-24-attribution-v2
BJ-2025-FT-YIMO-Q2,③,,CU,仅词典命中弱信号(精度约0.66-0.88)，不构成准入依据；本册是否可独立判断整个题肢、官方正误需模型/人工阶段核定,2026-09-24-attribution-v2
BJ-2025-FT-YIMO-Q2,④,,CU,仅词典命中弱信号(精度约0.66-0.88)，不构成准入依据；本册是否可独立判断整个题肢、官方正误需模型/人工阶段核定,2026-09-24-attribution-v2
BJ-2025-FT-YIMO-Q3,①,CU,PH,仅词典命中弱信号(精度约0.66-0.88)，不构成准入依据；本册是否可独立判断整个题肢、官方正误需模型/人工阶段核定,2026-09-24-attribution-v2
BJ-2025-FT-YIMO-Q3,②,X1,PH,仅词典命中弱信号(精度约0.66-0.88)，不构成准入依据；本册是否可独立判断整个题肢、官方正误需模型/人工阶段核定,2026-09-24-attribution-v2
BJ-2025-FT-YIMO-Q3,③,CU,PH,仅词典命中弱信号(精度约0.66-0.88)，不构成准入依据；本册是否可独立判断整个题肢、官方正误需模型/人工阶段核定,2026-09-24-attribution-v2
BJ-2025-FT-YIMO-Q3,④,,PH,仅词典命中弱信号(精度约0.66-0.88)，不构成准入依据；本册是否可独立判断整个题肢、官方正误需模型/人工阶段核定,2026-09-24-attribution-v2
BJ-2025-FT-YIMO-Q4,①,,PH,仅词典命中弱信号(精度约0.66-0.88)，不构成准入依据；本册是否可独立判断整个题肢、官方正误需模型/人工阶段核定,2026-09-24-attribution-v2
BJ-2025-FT-YIMO-Q4,②,,PH,仅词典命中弱信号(精度约0.66-0.88)，不构成准入依据；本册是否可独立判断整个题肢、官方正误需模型/人工阶段核定,2026-09-24-attribution-v2
BJ-2025-FT-YIMO-Q4,③,,PH,仅词典命中弱信号(精度约0.66-0.88)，不构成准入依据；本册是否可独立判断整个题肢、官方正误需模型/人工阶段核定,2026-09-24-attribution-v2
BJ-2025-FT-YIMO-Q4,④,,PH,仅词典命中弱信号(精度约0.66-0.88)，不构成准入依据；本册是否可独立判断整个题肢、官方正误需模型/人工阶段核定,2026-09-24-attribution-v2
BJ-2025-FT-YIMO-Q5,①,B3,PH,仅词典命中弱信号(精度约0.66-0.88)，不构成准入依据；本册是否可独立判断整个题肢、官方正误需模型/人工阶段核定,2026-09-24-attribution-v2
BJ-2025-FT-YIMO-Q5,②,B3,PH,仅词典命中弱信号(精度约0.66-0.88)，不构成准入依据；本册是否可独立判断整个题肢、官方正误需模型/人工阶段核定,2026-09-24-attribution-v2
BJ-2025-FT-YIMO-Q5,③,,PH,仅词典命中弱信号(精度约0.66-0.88)，不构成准入依据；本册是否可独立判断整个题肢、官方正误需模型/人工阶段核定,2026-09-24-attribution-v2
BJ-2025-FT-YIMO-Q5,④,B3,PH,仅词典命中弱信号(精度约0.66-0.88)，不构成准入依据；本册是否可独立判断整个题肢、官方正误需模型/人工阶段核定,2026-09-24-attribution-v2
BJ-2025-FT-YIMO-Q7,①,,B3,仅词典命中弱信号(精度约0.66-0.88)，不构成准入依据；本册是否可独立判断整个题肢、官方正误需模型/人工阶段核定,2026-09-24-attribution-v2
BJ-2025-FT-YIMO-Q7,②,B2,B3,仅词典命中弱信号(精度约0.66-0.88)，不构成准入依据；本册是否可独立判断整个题肢、官方正误需模型/人工阶段核定,2026-09-24-attribution-v2
BJ-2025-FT-YIMO-Q7,③,B2,B3,仅词典命中弱信号(精度约0.66-0.88)，不构成准入依据；本册是否可独立判断整个题肢、官方正误需模型/人工阶段核定,2026-09-24-attribution-v2
BJ-2025-FT-YIMO-Q7,④,B2,B3,仅词典命中弱信号(精度约0.66-0.88)，不构成准入依据；本册是否可独立判断整个题肢、官方正误需模型/人工阶段核定,2026-09-24-attribution-v2
BJ-2025-FT-YIMO-Q8,①,,B3,仅词典命中弱信号(精度约0.66-0.88)，不构成准入依据；本册是否可独立判断整个题肢、官方正误需模型/人工阶段核定,2026-09-24-attribution-v2
BJ-2025-FT-YIMO-Q8,②,B2,B3,仅词典命中弱信号(精度约0.66-0.88)，不构成准入依据；本册是否可独立判断整个题肢、官方正误需模型/人工阶段核定,2026-09-24-attribution-v2
BJ-2025-FT-YIMO-Q8,③,B2,B3,仅词典命中弱信号(精度约0.66-0.88)，不构成准入依据；本册是否可独立判断整个题肢、官方正误需模型/人工阶段核定,2026-09-24-attribution-v2
BJ-2025-FT-YIMO-Q8,④,,B3,仅词典命中弱信号(精度约0.66-0.88)，不构成准入依据；本册是否可独立判断整个题肢、官方正误需模型/人工阶段核定,2026-09-24-attribution-v2
BJ-2025-FT-YIMO-Q9,①,B3,B3,仅词典命中弱信号(精度约0.66-0.88)，不构成准入依据；本册是否可独立判断整个题肢、官方正误需模型/人工阶段核定,2026-09-24-attribution-v2
BJ-2025-FT-YIMO-Q9,②,B3,B3,仅词典命中弱信号(精度约0.66-0.88)，不构成准入依据；本册是否可独立判断整个题肢、官方正误需模型/人工阶段核定,2026-09-24-attribution-v2
BJ-2025-FT-YIMO-Q9,③,X1,B3,仅词典命中弱信号(精度约0.66-0.88)，不构成准入依据；本册是否可独立判断整个题肢、官方正误需模型/人工阶段核定,2026-09-24-attribution-v2
BJ-2025-FT-YIMO-Q9,④,X1,B3,仅词典命中弱信号(精度约0.66-0.88)，不构成准入依据；本册是否可独立判断整个题肢、官方正误需模型/人工阶段核定,2026-09-24-attribution-v2
BJ-2025-FT-YIMO-Q10,A,X2,X2,仅词典命中弱信号(精度约0.66-0.88)，不构成准入依据；本册是否可独立判断整个题肢、官方正误需模型/人工阶段核定,2026-09-24-attribution-v2
BJ-2025-FT-YIMO-Q11,①,X2,X2,仅词典命中弱信号(精度约0.66-0.88)，不构成准入依据；本册是否可独立判断整个题肢、官方正误需模型/人工阶段核定,2026-09-24-attribution-v2
BJ-2025-FT-YIMO-Q11,②,X2,X2,仅词典命中弱信号(精度约0.66-0.88)，不构成准入依据；本册是否可独立判断整个题肢、官方正误需模型/人工阶段核定,2026-09-24-attribution-v2
BJ-2025-FT-YIMO-Q11,③,X2,X2,仅词典命中弱信号(精度约0.66-0.88)，不构成准入依据；本册是否可独立判断整个题肢、官方正误需模型/人工阶段核定,2026-09-24-attribution-v2
BJ-2025-FT-YIMO-Q11,④,X2,X2,仅词典命中弱信号(精度约0.66-0.88)，不构成准入依据；本册是否可独立判断整个题肢、官方正误需模型/人工阶段核定,2026-09-24-attribution-v2
BJ-2025-FT-YIMO-Q18,A,,,仅词典命中弱信号(精度约0.66-0.88)，不构成准入依据；本册是否可独立判断整个题肢、官方正误需模型/人工阶段核定,2026-09-24-attribution-v2
BJ-2025-FT-YIMO-Q18,B,,,仅词典命中弱信号(精度约0.66-0.88)，不构成准入依据；本册是否可独立判断整个题肢、官方正误需模型/人工阶段核定,2026-09-24-attribution-v2
BJ-2025-FT-YIMO-Q18,C,,,仅词典命中弱信号(精度约0.66-0.88)，不构成准入依据；本册是否可独立判断整个题肢、官方正误需模型/人工阶段核定,2026-09-24-attribution-v2
BJ-2025-FT-YIMO-Q18,D,,,仅词典命中弱信号(精度约0.66-0.88)，不构成准入依据；本册是否可独立判断整个题肢、官方正误需模型/人工阶段核定,2026-09-24-attribution-v2
BJ-2025-FT-YIMO-Q14,A,RE,X1,仅词典命中弱信号(精度约0.66-0.88)，不构成准入依据；本册是否可独立判断整个题肢、官方正误需模型/人工阶段核定,2026-09-24-attribution-v2
BJ-2025-FT-YIMO-Q14,B,RE,X1,仅词典命中弱信号(精度约0.66-0.88)，不构成准入依据；本册是否可独立判断整个题肢、官方正误需模型/人工阶段核定,2026-09-24-attribution-v2
BJ-2025-FT-YIMO-Q14,C,CU;RE,X1,仅词典命中弱信号(精度约0.66-0.88)，不构成准入依据；本册是否可独立判断整个题肢、官方正误需模型/人工阶段核定,2026-09-24-attribution-v2
BJ-2025-FT-YIMO-Q14,D,RE,X1,仅词典命中弱信号(精度约0.66-0.88)，不构成准入依据；本册是否可独立判断整个题肢、官方正误需模型/人工阶段核定,2026-09-24-attribution-v2
BJ-2025-FT-YIMO-Q15,①,X1,X1,仅词典命中弱信号(精度约0.66-0.88)，不构成准入依据；本册是否可独立判断整个题肢、官方正误需模型/人工阶段核定,2026-09-24-attribution-v2
BJ-2025-FT-YIMO-Q15,②,X1,X1,仅词典命中弱信号(精度约0.66-0.88)，不构成准入依据；本册是否可独立判断整个题肢、官方正误需模型/人工阶段核定,2026-09-24-attribution-v2
BJ-2025-FT-YIMO-Q15,③,X1,X1,仅词典命中弱信号(精度约0.66-0.88)，不构成准入依据；本册是否可独立判断整个题肢、官方正误需模型/人工阶段核定,2026-09-24-attribution-v2
BJ-2025-FT-YIMO-Q15,④,X1,X1,仅词典命中弱信号(精度约0.66-0.88)，不构成准入依据；本册是否可独立判断整个题肢、官方正误需模型/人工阶段核定,2026-09-24-attribution-v2
BJ-2025-YQ-YIMO-Q1,A,,B3,仅词典命中弱信号(精度约0.66-0.88)，不构成准入依据；本册是否可独立判断整个题肢、官方正误需模型/人工阶段核定,2026-09-24-attribution-v2
BJ-2025-YQ-YIMO-Q1,B,,B3,仅词典命中弱信号(精度约0.66-0.88)，不构成准入依据；本册是否可独立判断整个题肢、官方正误需模型/人工阶段核定,2026-09-24-attribution-v2
BJ-2025-YQ-YIMO-Q1,C,B1,B3,仅词典命中弱信号(精度约0.66-0.88)，不构成准入依据；本册是否可独立判断整个题肢、官方正误需模型/人工阶段核定,2026-09-24-attribution-v2
BJ-2025-YQ-YIMO-Q1,D,CU,B3,仅词典命中弱信号(精度约0.66-0.88)，不构成准入依据；本册是否可独立判断整个题肢、官方正误需模型/人工阶段核定,2026-09-24-attribution-v2
BJ-2025-YQ-YIMO-Q2,A,,CU,仅词典命中弱信号(精度约0.66-0.88)，不构成准入依据；本册是否可独立判断整个题肢、官方正误需模型/人工阶段核定,2026-09-24-attribution-v2
BJ-2025-YQ-YIMO-Q2,B,,CU,仅词典命中弱信号(精度约0.66-0.88)，不构成准入依据；本册是否可独立判断整个题肢、官方正误需模型/人工阶段核定,2026-09-24-attribution-v2
BJ-2025-YQ-YIMO-Q2,C,,CU,仅词典命中弱信号(精度约0.66-0.88)，不构成准入依据；本册是否可独立判断整个题肢、官方正误需模型/人工阶段核定,2026-09-24-attribution-v2
BJ-2025-YQ-YIMO-Q2,D,PH,CU,仅词典命中弱信号(精度约0.66-0.88)，不构成准入依据；本册是否可独立判断整个题肢、官方正误需模型/人工阶段核定,2026-09-24-attribution-v2
BJ-2025-YQ-YIMO-Q3,A,CU,PH,仅词典命中弱信号(精度约0.66-0.88)，不构成准入依据；本册是否可独立判断整个题肢、官方正误需模型/人工阶段核定,2026-09-24-attribution-v2
BJ-2025-YQ-YIMO-Q3,B,,PH,仅词典命中弱信号(精度约0.66-0.88)，不构成准入依据；本册是否可独立判断整个题肢、官方正误需模型/人工阶段核定,2026-09-24-attribution-v2
BJ-2025-YQ-YIMO-Q3,C,CU,PH,仅词典命中弱信号(精度约0.66-0.88)，不构成准入依据；本册是否可独立判断整个题肢、官方正误需模型/人工阶段核定,2026-09-24-attribution-v2
BJ-2025-YQ-YIMO-Q3,D,CU,PH,仅词典命中弱信号(精度约0.66-0.88)，不构成准入依据；本册是否可独立判断整个题肢、官方正误需模型/人工阶段核定,2026-09-24-attribution-v2
BJ-2025-YQ-YIMO-Q4,①,MI;PH,PH,仅词典命中弱信号(精度约0.66-0.88)，不构成准入依据；本册是否可独立判断整个题肢、官方正误需模型/人工阶段核定,2026-09-24-attribution-v2
BJ-2025-YQ-YIMO-Q4,②,B2,PH,仅词典命中弱信号(精度约0.66-0.88)，不构成准入依据；本册是否可独立判断整个题肢、官方正误需模型/人工阶段核定,2026-09-24-attribution-v2
BJ-2025-YQ-YIMO-Q4,③,,PH,仅词典命中弱信号(精度约0.66-0.88)，不构成准入依据；本册是否可独立判断整个题肢、官方正误需模型/人工阶段核定,2026-09-24-attribution-v2
BJ-2025-YQ-YIMO-Q4,④,,PH,仅词典命中弱信号(精度约0.66-0.88)，不构成准入依据；本册是否可独立判断整个题肢、官方正误需模型/人工阶段核定,2026-09-24-attribution-v2
BJ-2025-YQ-YIMO-Q5,①,RE,PH,仅词典命中弱信号(精度约0.66-0.88)，不构成准入依据；本册是否可独立判断整个题肢、官方正误需模型/人工阶段核定,2026-09-24-attribution-v2
BJ-2025-YQ-YIMO-Q5,②,RE,PH,仅词典命中弱信号(精度约0.66-0.88)，不构成准入依据；本册是否可独立判断整个题肢、官方正误需模型/人工阶段核定,2026-09-24-attribution-v2
BJ-2025-YQ-YIMO-Q5,③,RE,PH,仅词典命中弱信号(精度约0.66-0.88)，不构成准入依据；本册是否可独立判断整个题肢、官方正误需模型/人工阶段核定,2026-09-24-attribution-v2
BJ-2025-YQ-YIMO-Q5,④,RE,PH,仅词典命中弱信号(精度约0.66-0.88)，不构成准入依据；本册是否可独立判断整个题肢、官方正误需模型/人工阶段核定,2026-09-24-attribution-v2
BJ-2025-YQ-YIMO-Q6,①,RE,RE,仅词典命中弱信号(精度约0.66-0.88)，不构成准入依据；本册是否可独立判断整个题肢、官方正误需模型/人工阶段核定,2026-09-24-attribution-v2
BJ-2025-YQ-YIMO-Q6,②,,RE,仅词典命中弱信号(精度约0.66-0.88)，不构成准入依据；本册是否可独立判断整个题肢、官方正误需模型/人工阶段核定,2026-09-24-attribution-v2
BJ-2025-YQ-YIMO-Q6,③,MI,RE,仅词典命中弱信号(精度约0.66-0.88)，不构成准入依据；本册是否可独立判断整个题肢、官方正误需模型/人工阶段核定,2026-09-24-attribution-v2
BJ-2025-YQ-YIMO-Q6,④,,RE,仅词典命中弱信号(精度约0.66-0.88)，不构成准入依据；本册是否可独立判断整个题肢、官方正误需模型/人工阶段核定,2026-09-24-attribution-v2
BJ-2025-YQ-YIMO-Q7,A,RE,B3,仅词典命中弱信号(精度约0.66-0.88)，不构成准入依据；本册是否可独立判断整个题肢、官方正误需模型/人工阶段核定,2026-09-24-attribution-v2
BJ-2025-YQ-YIMO-Q7,B,,B3,仅词典命中弱信号(精度约0.66-0.88)，不构成准入依据；本册是否可独立判断整个题肢、官方正误需模型/人工阶段核定,2026-09-24-attribution-v2
BJ-2025-YQ-YIMO-Q7,C,,B3,仅词典命中弱信号(精度约0.66-0.88)，不构成准入依据；本册是否可独立判断整个题肢、官方正误需模型/人工阶段核定,2026-09-24-attribution-v2
BJ-2025-YQ-YIMO-Q7,D,,B3,仅词典命中弱信号(精度约0.66-0.88)，不构成准入依据；本册是否可独立判断整个题肢、官方正误需模型/人工阶段核定,2026-09-24-attribution-v2
BJ-2025-YQ-YIMO-Q8,①,,B3,仅词典命中弱信号(精度约0.66-0.88)，不构成准入依据；本册是否可独立判断整个题肢、官方正误需模型/人工阶段核定,2026-09-24-attribution-v2
BJ-2025-YQ-YIMO-Q8,②,,B3,仅词典命中弱信号(精度约0.66-0.88)，不构成准入依据；本册是否可独立判断整个题肢、官方正误需模型/人工阶段核定,2026-09-24-attribution-v2
BJ-2025-YQ-YIMO-Q8,③,,B3,仅词典命中弱信号(精度约0.66-0.88)，不构成准入依据；本册是否可独立判断整个题肢、官方正误需模型/人工阶段核定,2026-09-24-attribution-v2
BJ-2025-YQ-YIMO-Q8,④,B1,B3,仅词典命中弱信号(精度约0.66-0.88)，不构成准入依据；本册是否可独立判断整个题肢、官方正误需模型/人工阶段核定,2026-09-24-attribution-v2
BJ-2025-YQ-YIMO-Q9,①,B2,B3,仅词典命中弱信号(精度约0.66-0.88)，不构成准入依据；本册是否可独立判断整个题肢、官方正误需模型/人工阶段核定,2026-09-24-attribution-v2
BJ-2025-YQ-YIMO-Q9,②,B3,B3,仅词典命中弱信号(精度约0.66-0.88)，不构成准入依据；本册是否可独立判断整个题肢、官方正误需模型/人工阶段核定,2026-09-24-attribution-v2
BJ-2025-YQ-YIMO-Q9,③,,B3,仅词典命中弱信号(精度约0.66-0.88)，不构成准入依据；本册是否可独立判断整个题肢、官方正误需模型/人工阶段核定,2026-09-24-attribution-v2
BJ-2025-YQ-YIMO-Q9,④,B2,B3,仅词典命中弱信号(精度约0.66-0.88)，不构成准入依据；本册是否可独立判断整个题肢、官方正误需模型/人工阶段核定,2026-09-24-attribution-v2
BJ-2025-YQ-YIMO-Q10,A,X2,X2,仅词典命中弱信号(精度约0.66-0.88)，不构成准入依据；本册是否可独立判断整个题肢、官方正误需模型/人工阶段核定,2026-09-24-attribution-v2
BJ-2025-YQ-YIMO-Q10,B,X2,X2,仅词典命中弱信号(精度约0.66-0.88)，不构成准入依据；本册是否可独立判断整个题肢、官方正误需模型/人工阶段核定,2026-09-24-attribution-v2
BJ-2025-YQ-YIMO-Q10,C,X2,X2,仅词典命中弱信号(精度约0.66-0.88)，不构成准入依据；本册是否可独立判断整个题肢、官方正误需模型/人工阶段核定,2026-09-24-attribution-v2
BJ-2025-YQ-YIMO-Q10,D,B2,X2,仅词典命中弱信号(精度约0.66-0.88)，不构成准入依据；本册是否可独立判断整个题肢、官方正误需模型/人工阶段核定,2026-09-24-attribution-v2
BJ-2025-YQ-YIMO-Q11,A,X2,X2,仅词典命中弱信号(精度约0.66-0.88)，不构成准入依据；本册是否可独立判断整个题肢、官方正误需模型/人工阶段核定,2026-09-24-attribution-v2
BJ-2025-YQ-YIMO-Q11,B,X2,X2,仅词典命中弱信号(精度约0.66-0.88)，不构成准入依据；本册是否可独立判断整个题肢、官方正误需模型/人工阶段核定,2026-09-24-attribution-v2
BJ-2025-YQ-YIMO-Q11,C,X2,X2,仅词典命中弱信号(精度约0.66-0.88)，不构成准入依据；本册是否可独立判断整个题肢、官方正误需模型/人工阶段核定,2026-09-24-attribution-v2
BJ-2025-YQ-YIMO-Q11,D,B2;X2,X2,仅词典命中弱信号(精度约0.66-0.88)，不构成准入依据；本册是否可独立判断整个题肢、官方正误需模型/人工阶段核定,2026-09-24-attribution-v2
BJ-2025-YQ-YIMO-Q12,①,B2,B2,仅词典命中弱信号(精度约0.66-0.88)，不构成准入依据；本册是否可独立判断整个题肢、官方正误需模型/人工阶段核定,2026-09-24-attribution-v2
BJ-2025-YQ-YIMO-Q12,②,B2,B2,仅词典命中弱信号(精度约0.66-0.88)，不构成准入依据；本册是否可独立判断整个题肢、官方正误需模型/人工阶段核定,2026-09-24-attribution-v2
BJ-2025-YQ-YIMO-Q12,③,B2,B2,仅词典命中弱信号(精度约0.66-0.88)，不构成准入依据；本册是否可独立判断整个题肢、官方正误需模型/人工阶段核定,2026-09-24-attribution-v2
BJ-2025-YQ-YIMO-Q12,④,B2,B2,仅词典命中弱信号(精度约0.66-0.88)，不构成准入依据；本册是否可独立判断整个题肢、官方正误需模型/人工阶段核定,2026-09-24-attribution-v2
BJ-2025-YQ-YIMO-Q13,①,B2,B2,仅词典命中弱信号(精度约0.66-0.88)，不构成准入依据；本册是否可独立判断整个题肢、官方正误需模型/人工阶段核定,2026-09-24-attribution-v2
BJ-2025-YQ-YIMO-Q13,②,B2,B2,仅词典命中弱信号(精度约0.66-0.88)，不构成准入依据；本册是否可独立判断整个题肢、官方正误需模型/人工阶段核定,2026-09-24-attribution-v2
BJ-2025-YQ-YIMO-Q13,③,B2,B2,仅词典命中弱信号(精度约0.66-0.88)，不构成准入依据；本册是否可独立判断整个题肢、官方正误需模型/人工阶段核定,2026-09-24-attribution-v2
BJ-2025-YQ-YIMO-Q13,④,,B2,仅词典命中弱信号(精度约0.66-0.88)，不构成准入依据；本册是否可独立判断整个题肢、官方正误需模型/人工阶段核定,2026-09-24-attribution-v2
BJ-2025-YQ-YIMO-Q14,①,,X1,仅词典命中弱信号(精度约0.66-0.88)，不构成准入依据；本册是否可独立判断整个题肢、官方正误需模型/人工阶段核定,2026-09-24-attribution-v2
BJ-2025-YQ-YIMO-Q14,②,X1,X1,仅词典命中弱信号(精度约0.66-0.88)，不构成准入依据；本册是否可独立判断整个题肢、官方正误需模型/人工阶段核定,2026-09-24-attribution-v2
BJ-2025-YQ-YIMO-Q14,③,X1,X1,仅词典命中弱信号(精度约0.66-0.88)，不构成准入依据；本册是否可独立判断整个题肢、官方正误需模型/人工阶段核定,2026-09-24-attribution-v2
BJ-2025-YQ-YIMO-Q14,④,,X1,仅词典命中弱信号(精度约0.66-0.88)，不构成准入依据；本册是否可独立判断整个题肢、官方正误需模型/人工阶段核定,2026-09-24-attribution-v2
BJ-2025-YQ-YIMO-Q15,①,B2,X1,仅词典命中弱信号(精度约0.66-0.88)，不构成准入依据；本册是否可独立判断整个题肢、官方正误需模型/人工阶段核定,2026-09-24-attribution-v2
BJ-2025-YQ-YIMO-Q15,②,X1,X1,仅词典命中弱信号(精度约0.66-0.88)，不构成准入依据；本册是否可独立判断整个题肢、官方正误需模型/人工阶段核定,2026-09-24-attribution-v2
BJ-2025-YQ-YIMO-Q15,③,B2;X1,X1,仅词典命中弱信号(精度约0.66-0.88)，不构成准入依据；本册是否可独立判断整个题肢、官方正误需模型/人工阶段核定,2026-09-24-attribution-v2
BJ-2025-YQ-YIMO-Q15,④,,X1,仅词典命中弱信号(精度约0.66-0.88)，不构成准入依据；本册是否可独立判断整个题肢、官方正误需模型/人工阶段核定,2026-09-24-attribution-v2
BJ-2025-FS-YIMO-Q1,A,X1,B3,仅词典命中弱信号(精度约0.66-0.88)，不构成准入依据；本册是否可独立判断整个题肢、官方正误需模型/人工阶段核定,2026-09-24-attribution-v2
BJ-2025-FS-YIMO-Q1,B,B1;B2,B3,仅词典命中弱信号(精度约0.66-0.88)，不构成准入依据；本册是否可独立判断整个题肢、官方正误需模型/人工阶段核定,2026-09-24-attribution-v2
BJ-2025-FS-YIMO-Q1,C,,B3,仅词典命中弱信号(精度约0.66-0.88)，不构成准入依据；本册是否可独立判断整个题肢、官方正误需模型/人工阶段核定,2026-09-24-attribution-v2
BJ-2025-FS-YIMO-Q1,D,,B3,仅词典命中弱信号(精度约0.66-0.88)，不构成准入依据；本册是否可独立判断整个题肢、官方正误需模型/人工阶段核定,2026-09-24-attribution-v2
BJ-2025-FS-YIMO-Q2,A,,CU,仅词典命中弱信号(精度约0.66-0.88)，不构成准入依据；本册是否可独立判断整个题肢、官方正误需模型/人工阶段核定,2026-09-24-attribution-v2
BJ-2025-FS-YIMO-Q2,B,B3;X1,CU,仅词典命中弱信号(精度约0.66-0.88)，不构成准入依据；本册是否可独立判断整个题肢、官方正误需模型/人工阶段核定,2026-09-24-attribution-v2
BJ-2025-FS-YIMO-Q2,C,,CU,仅词典命中弱信号(精度约0.66-0.88)，不构成准入依据；本册是否可独立判断整个题肢、官方正误需模型/人工阶段核定,2026-09-24-attribution-v2
BJ-2025-FS-YIMO-Q2,D,,CU,仅词典命中弱信号(精度约0.66-0.88)，不构成准入依据；本册是否可独立判断整个题肢、官方正误需模型/人工阶段核定,2026-09-24-attribution-v2
BJ-2025-FS-YIMO-Q3,A,,PH,仅词典命中弱信号(精度约0.66-0.88)，不构成准入依据；本册是否可独立判断整个题肢、官方正误需模型/人工阶段核定,2026-09-24-attribution-v2
BJ-2025-FS-YIMO-Q3,B,,PH,仅词典命中弱信号(精度约0.66-0.88)，不构成准入依据；本册是否可独立判断整个题肢、官方正误需模型/人工阶段核定,2026-09-24-attribution-v2
BJ-2025-FS-YIMO-Q3,C,PH,PH,仅词典命中弱信号(精度约0.66-0.88)，不构成准入依据；本册是否可独立判断整个题肢、官方正误需模型/人工阶段核定,2026-09-24-attribution-v2
BJ-2025-FS-YIMO-Q3,D,,PH,仅词典命中弱信号(精度约0.66-0.88)，不构成准入依据；本册是否可独立判断整个题肢、官方正误需模型/人工阶段核定,2026-09-24-attribution-v2
BJ-2025-FS-YIMO-Q4,A,X1,PH,仅词典命中弱信号(精度约0.66-0.88)，不构成准入依据；本册是否可独立判断整个题肢、官方正误需模型/人工阶段核定,2026-09-24-attribution-v2
BJ-2025-FS-YIMO-Q4,B,,PH,仅词典命中弱信号(精度约0.66-0.88)，不构成准入依据；本册是否可独立判断整个题肢、官方正误需模型/人工阶段核定,2026-09-24-attribution-v2
BJ-2025-FS-YIMO-Q4,C,,PH,仅词典命中弱信号(精度约0.66-0.88)，不构成准入依据；本册是否可独立判断整个题肢、官方正误需模型/人工阶段核定,2026-09-24-attribution-v2
BJ-2025-FS-YIMO-Q4,D,PH,PH,仅词典命中弱信号(精度约0.66-0.88)，不构成准入依据；本册是否可独立判断整个题肢、官方正误需模型/人工阶段核定,2026-09-24-attribution-v2
BJ-2025-FS-YIMO-Q5,A,,PH,仅词典命中弱信号(精度约0.66-0.88)，不构成准入依据；本册是否可独立判断整个题肢、官方正误需模型/人工阶段核定,2026-09-24-attribution-v2
BJ-2025-FS-YIMO-Q5,B,,PH,仅词典命中弱信号(精度约0.66-0.88)，不构成准入依据；本册是否可独立判断整个题肢、官方正误需模型/人工阶段核定,2026-09-24-attribution-v2
BJ-2025-FS-YIMO-Q5,C,CU,PH,仅词典命中弱信号(精度约0.66-0.88)，不构成准入依据；本册是否可独立判断整个题肢、官方正误需模型/人工阶段核定,2026-09-24-attribution-v2
BJ-2025-FS-YIMO-Q5,D,,PH,仅词典命中弱信号(精度约0.66-0.88)，不构成准入依据；本册是否可独立判断整个题肢、官方正误需模型/人工阶段核定,2026-09-24-attribution-v2
BJ-2025-FS-YIMO-Q6,①,,RE,仅词典命中弱信号(精度约0.66-0.88)，不构成准入依据；本册是否可独立判断整个题肢、官方正误需模型/人工阶段核定,2026-09-24-attribution-v2
BJ-2025-FS-YIMO-Q6,②,,RE,仅词典命中弱信号(精度约0.66-0.88)，不构成准入依据；本册是否可独立判断整个题肢、官方正误需模型/人工阶段核定,2026-09-24-attribution-v2
BJ-2025-FS-YIMO-Q6,③,,RE,仅词典命中弱信号(精度约0.66-0.88)，不构成准入依据；本册是否可独立判断整个题肢、官方正误需模型/人工阶段核定,2026-09-24-attribution-v2
BJ-2025-FS-YIMO-Q6,④,,RE,仅词典命中弱信号(精度约0.66-0.88)，不构成准入依据；本册是否可独立判断整个题肢、官方正误需模型/人工阶段核定,2026-09-24-attribution-v2
BJ-2025-FS-YIMO-Q7,A,MI,B3,仅词典命中弱信号(精度约0.66-0.88)，不构成准入依据；本册是否可独立判断整个题肢、官方正误需模型/人工阶段核定,2026-09-24-attribution-v2
BJ-2025-FS-YIMO-Q7,B,,B3,仅词典命中弱信号(精度约0.66-0.88)，不构成准入依据；本册是否可独立判断整个题肢、官方正误需模型/人工阶段核定,2026-09-24-attribution-v2
BJ-2025-FS-YIMO-Q7,C,CU,B3,仅词典命中弱信号(精度约0.66-0.88)，不构成准入依据；本册是否可独立判断整个题肢、官方正误需模型/人工阶段核定,2026-09-24-attribution-v2
BJ-2025-FS-YIMO-Q7,D,,B3,仅词典命中弱信号(精度约0.66-0.88)，不构成准入依据；本册是否可独立判断整个题肢、官方正误需模型/人工阶段核定,2026-09-24-attribution-v2
BJ-2025-FS-YIMO-Q8,①,,B3,仅词典命中弱信号(精度约0.66-0.88)，不构成准入依据；本册是否可独立判断整个题肢、官方正误需模型/人工阶段核定,2026-09-24-attribution-v2
BJ-2025-FS-YIMO-Q8,②,,B3,仅词典命中弱信号(精度约0.66-0.88)，不构成准入依据；本册是否可独立判断整个题肢、官方正误需模型/人工阶段核定,2026-09-24-attribution-v2
BJ-2025-FS-YIMO-Q8,③,B3,B3,仅词典命中弱信号(精度约0.66-0.88)，不构成准入依据；本册是否可独立判断整个题肢、官方正误需模型/人工阶段核定,2026-09-24-attribution-v2
BJ-2025-FS-YIMO-Q8,④,,B3,仅词典命中弱信号(精度约0.66-0.88)，不构成准入依据；本册是否可独立判断整个题肢、官方正误需模型/人工阶段核定,2026-09-24-attribution-v2
BJ-2025-FS-YIMO-Q9,①,CU,B3,仅词典命中弱信号(精度约0.66-0.88)，不构成准入依据；本册是否可独立判断整个题肢、官方正误需模型/人工阶段核定,2026-09-24-attribution-v2
BJ-2025-FS-YIMO-Q9,②,B3,B3,仅词典命中弱信号(精度约0.66-0.88)，不构成准入依据；本册是否可独立判断整个题肢、官方正误需模型/人工阶段核定,2026-09-24-attribution-v2
BJ-2025-FS-YIMO-Q9,③,B3,B3,仅词典命中弱信号(精度约0.66-0.88)，不构成准入依据；本册是否可独立判断整个题肢、官方正误需模型/人工阶段核定,2026-09-24-attribution-v2
BJ-2025-FS-YIMO-Q9,④,,B3,仅词典命中弱信号(精度约0.66-0.88)，不构成准入依据；本册是否可独立判断整个题肢、官方正误需模型/人工阶段核定,2026-09-24-attribution-v2
BJ-2025-FS-YIMO-Q10,①,X2,X2,仅词典命中弱信号(精度约0.66-0.88)，不构成准入依据；本册是否可独立判断整个题肢、官方正误需模型/人工阶段核定,2026-09-24-attribution-v2
BJ-2025-FS-YIMO-Q10,②,,X2,仅词典命中弱信号(精度约0.66-0.88)，不构成准入依据；本册是否可独立判断整个题肢、官方正误需模型/人工阶段核定,2026-09-24-attribution-v2
BJ-2025-FS-YIMO-Q10,③,X2,X2,仅词典命中弱信号(精度约0.66-0.88)，不构成准入依据；本册是否可独立判断整个题肢、官方正误需模型/人工阶段核定,2026-09-24-attribution-v2
BJ-2025-FS-YIMO-Q10,④,X2,X2,仅词典命中弱信号(精度约0.66-0.88)，不构成准入依据；本册是否可独立判断整个题肢、官方正误需模型/人工阶段核定,2026-09-24-attribution-v2
BJ-2025-FS-YIMO-Q11,①,X2,X2,仅词典命中弱信号(精度约0.66-0.88)，不构成准入依据；本册是否可独立判断整个题肢、官方正误需模型/人工阶段核定,2026-09-24-attribution-v2
BJ-2025-FS-YIMO-Q11,②,X2,X2,仅词典命中弱信号(精度约0.66-0.88)，不构成准入依据；本册是否可独立判断整个题肢、官方正误需模型/人工阶段核定,2026-09-24-attribution-v2
BJ-2025-FS-YIMO-Q11,③,X2,X2,仅词典命中弱信号(精度约0.66-0.88)，不构成准入依据；本册是否可独立判断整个题肢、官方正误需模型/人工阶段核定,2026-09-24-attribution-v2
BJ-2025-FS-YIMO-Q11,④,,X2,仅词典命中弱信号(精度约0.66-0.88)，不构成准入依据；本册是否可独立判断整个题肢、官方正误需模型/人工阶段核定,2026-09-24-attribution-v2
BJ-2025-FS-YIMO-Q12,①,,B2,仅词典命中弱信号(精度约0.66-0.88)，不构成准入依据；本册是否可独立判断整个题肢、官方正误需模型/人工阶段核定,2026-09-24-attribution-v2
BJ-2025-FS-YIMO-Q12,②,B2,B2,仅词典命中弱信号(精度约0.66-0.88)，不构成准入依据；本册是否可独立判断整个题肢、官方正误需模型/人工阶段核定,2026-09-24-attribution-v2
BJ-2025-FS-YIMO-Q12,③,,B2,仅词典命中弱信号(精度约0.66-0.88)，不构成准入依据；本册是否可独立判断整个题肢、官方正误需模型/人工阶段核定,2026-09-24-attribution-v2
BJ-2025-FS-YIMO-Q12,④,B2;X2,B2,仅词典命中弱信号(精度约0.66-0.88)，不构成准入依据；本册是否可独立判断整个题肢、官方正误需模型/人工阶段核定,2026-09-24-attribution-v2
BJ-2025-FS-YIMO-Q13,①,B2,B2,仅词典命中弱信号(精度约0.66-0.88)，不构成准入依据；本册是否可独立判断整个题肢、官方正误需模型/人工阶段核定,2026-09-24-attribution-v2
BJ-2025-FS-YIMO-Q13,②,B2,B2,仅词典命中弱信号(精度约0.66-0.88)，不构成准入依据；本册是否可独立判断整个题肢、官方正误需模型/人工阶段核定,2026-09-24-attribution-v2
BJ-2025-FS-YIMO-Q13,③,,B2,仅词典命中弱信号(精度约0.66-0.88)，不构成准入依据；本册是否可独立判断整个题肢、官方正误需模型/人工阶段核定,2026-09-24-attribution-v2
BJ-2025-FS-YIMO-Q13,④,,B2,仅词典命中弱信号(精度约0.66-0.88)，不构成准入依据；本册是否可独立判断整个题肢、官方正误需模型/人工阶段核定,2026-09-24-attribution-v2
BJ-2025-FS-YIMO-Q14,A,,X1,仅词典命中弱信号(精度约0.66-0.88)，不构成准入依据；本册是否可独立判断整个题肢、官方正误需模型/人工阶段核定,2026-09-24-attribution-v2
BJ-2025-FS-YIMO-Q14,B,,X1,仅词典命中弱信号(精度约0.66-0.88)，不构成准入依据；本册是否可独立判断整个题肢、官方正误需模型/人工阶段核定,2026-09-24-attribution-v2
BJ-2025-FS-YIMO-Q14,C,B2,X1,仅词典命中弱信号(精度约0.66-0.88)，不构成准入依据；本册是否可独立判断整个题肢、官方正误需模型/人工阶段核定,2026-09-24-attribution-v2
BJ-2025-FS-YIMO-Q14,D,X1,X1,仅词典命中弱信号(精度约0.66-0.88)，不构成准入依据；本册是否可独立判断整个题肢、官方正误需模型/人工阶段核定,2026-09-24-attribution-v2
BJ-2025-FS-YIMO-Q15,①,B2,X1,仅词典命中弱信号(精度约0.66-0.88)，不构成准入依据；本册是否可独立判断整个题肢、官方正误需模型/人工阶段核定,2026-09-24-attribution-v2
BJ-2025-FS-YIMO-Q15,②,X1,X1,仅词典命中弱信号(精度约0.66-0.88)，不构成准入依据；本册是否可独立判断整个题肢、官方正误需模型/人工阶段核定,2026-09-24-attribution-v2
BJ-2025-FS-YIMO-Q15,③,,X1,仅词典命中弱信号(精度约0.66-0.88)，不构成准入依据；本册是否可独立判断整个题肢、官方正误需模型/人工阶段核定,2026-09-24-attribution-v2
BJ-2025-FS-YIMO-Q15,④,,X1,仅词典命中弱信号(精度约0.66-0.88)，不构成准入依据；本册是否可独立判断整个题肢、官方正误需模型/人工阶段核定,2026-09-24-attribution-v2
BJ-2025-CY-YIMO-Q2,①,,CU,仅词典命中弱信号(精度约0.66-0.88)，不构成准入依据；本册是否可独立判断整个题肢、官方正误需模型/人工阶段核定,2026-09-24-attribution-v2
BJ-2025-CY-YIMO-Q2,②,RE,CU,仅词典命中弱信号(精度约0.66-0.88)，不构成准入依据；本册是否可独立判断整个题肢、官方正误需模型/人工阶段核定,2026-09-24-attribution-v2
BJ-2025-CY-YIMO-Q2,③,CU;PH;X1,CU,仅词典命中弱信号(精度约0.66-0.88)，不构成准入依据；本册是否可独立判断整个题肢、官方正误需模型/人工阶段核定,2026-09-24-attribution-v2
BJ-2025-CY-YIMO-Q2,④,,CU,仅词典命中弱信号(精度约0.66-0.88)，不构成准入依据；本册是否可独立判断整个题肢、官方正误需模型/人工阶段核定,2026-09-24-attribution-v2
BJ-2025-CY-YIMO-Q3,①,PH;X2,PH,仅词典命中弱信号(精度约0.66-0.88)，不构成准入依据；本册是否可独立判断整个题肢、官方正误需模型/人工阶段核定,2026-09-24-attribution-v2
BJ-2025-CY-YIMO-Q3,②,MI;X2,PH,仅词典命中弱信号(精度约0.66-0.88)，不构成准入依据；本册是否可独立判断整个题肢、官方正误需模型/人工阶段核定,2026-09-24-attribution-v2
BJ-2025-CY-YIMO-Q3,③,,PH,仅词典命中弱信号(精度约0.66-0.88)，不构成准入依据；本册是否可独立判断整个题肢、官方正误需模型/人工阶段核定,2026-09-24-attribution-v2
BJ-2025-CY-YIMO-Q3,④,X2,PH,仅词典命中弱信号(精度约0.66-0.88)，不构成准入依据；本册是否可独立判断整个题肢、官方正误需模型/人工阶段核定,2026-09-24-attribution-v2
BJ-2025-CY-YIMO-Q4,A,,PH,仅词典命中弱信号(精度约0.66-0.88)，不构成准入依据；本册是否可独立判断整个题肢、官方正误需模型/人工阶段核定,2026-09-24-attribution-v2
BJ-2025-CY-YIMO-Q4,B,,PH,仅词典命中弱信号(精度约0.66-0.88)，不构成准入依据；本册是否可独立判断整个题肢、官方正误需模型/人工阶段核定,2026-09-24-attribution-v2
BJ-2025-CY-YIMO-Q4,C,,PH,仅词典命中弱信号(精度约0.66-0.88)，不构成准入依据；本册是否可独立判断整个题肢、官方正误需模型/人工阶段核定,2026-09-24-attribution-v2
BJ-2025-CY-YIMO-Q4,D,PH,PH,仅词典命中弱信号(精度约0.66-0.88)，不构成准入依据；本册是否可独立判断整个题肢、官方正误需模型/人工阶段核定,2026-09-24-attribution-v2
BJ-2025-CY-YIMO-Q5,①,PH,PH,仅词典命中弱信号(精度约0.66-0.88)，不构成准入依据；本册是否可独立判断整个题肢、官方正误需模型/人工阶段核定,2026-09-24-attribution-v2
BJ-2025-CY-YIMO-Q5,②,B2;X2,PH,仅词典命中弱信号(精度约0.66-0.88)，不构成准入依据；本册是否可独立判断整个题肢、官方正误需模型/人工阶段核定,2026-09-24-attribution-v2
BJ-2025-CY-YIMO-Q5,③,RE,PH,仅词典命中弱信号(精度约0.66-0.88)，不构成准入依据；本册是否可独立判断整个题肢、官方正误需模型/人工阶段核定,2026-09-24-attribution-v2
BJ-2025-CY-YIMO-Q5,④,RE,PH,仅词典命中弱信号(精度约0.66-0.88)，不构成准入依据；本册是否可独立判断整个题肢、官方正误需模型/人工阶段核定,2026-09-24-attribution-v2
BJ-2025-CY-YIMO-Q6,A,,RE,仅词典命中弱信号(精度约0.66-0.88)，不构成准入依据；本册是否可独立判断整个题肢、官方正误需模型/人工阶段核定,2026-09-24-attribution-v2
BJ-2025-CY-YIMO-Q6,B,,RE,仅词典命中弱信号(精度约0.66-0.88)，不构成准入依据；本册是否可独立判断整个题肢、官方正误需模型/人工阶段核定,2026-09-24-attribution-v2
BJ-2025-CY-YIMO-Q6,C,,RE,仅词典命中弱信号(精度约0.66-0.88)，不构成准入依据；本册是否可独立判断整个题肢、官方正误需模型/人工阶段核定,2026-09-24-attribution-v2
BJ-2025-CY-YIMO-Q6,D,,RE,仅词典命中弱信号(精度约0.66-0.88)，不构成准入依据；本册是否可独立判断整个题肢、官方正误需模型/人工阶段核定,2026-09-24-attribution-v2
BJ-2025-CY-YIMO-Q7,①,MI,B3,仅词典命中弱信号(精度约0.66-0.88)，不构成准入依据；本册是否可独立判断整个题肢、官方正误需模型/人工阶段核定,2026-09-24-attribution-v2
BJ-2025-CY-YIMO-Q7,②,MI,B3,仅词典命中弱信号(精度约0.66-0.88)，不构成准入依据；本册是否可独立判断整个题肢、官方正误需模型/人工阶段核定,2026-09-24-attribution-v2
BJ-2025-CY-YIMO-Q7,③,MI,B3,仅词典命中弱信号(精度约0.66-0.88)，不构成准入依据；本册是否可独立判断整个题肢、官方正误需模型/人工阶段核定,2026-09-24-attribution-v2
BJ-2025-CY-YIMO-Q7,④,MI,B3,仅词典命中弱信号(精度约0.66-0.88)，不构成准入依据；本册是否可独立判断整个题肢、官方正误需模型/人工阶段核定,2026-09-24-attribution-v2
BJ-2025-CY-YIMO-Q8,①,,B3,仅词典命中弱信号(精度约0.66-0.88)，不构成准入依据；本册是否可独立判断整个题肢、官方正误需模型/人工阶段核定,2026-09-24-attribution-v2
BJ-2025-CY-YIMO-Q8,②,B3,B3,仅词典命中弱信号(精度约0.66-0.88)，不构成准入依据；本册是否可独立判断整个题肢、官方正误需模型/人工阶段核定,2026-09-24-attribution-v2
BJ-2025-CY-YIMO-Q8,③,B3,B3,仅词典命中弱信号(精度约0.66-0.88)，不构成准入依据；本册是否可独立判断整个题肢、官方正误需模型/人工阶段核定,2026-09-24-attribution-v2
BJ-2025-CY-YIMO-Q8,④,X2,B3,仅词典命中弱信号(精度约0.66-0.88)，不构成准入依据；本册是否可独立判断整个题肢、官方正误需模型/人工阶段核定,2026-09-24-attribution-v2
BJ-2025-CY-YIMO-Q9,①,B2,B3,仅词典命中弱信号(精度约0.66-0.88)，不构成准入依据；本册是否可独立判断整个题肢、官方正误需模型/人工阶段核定,2026-09-24-attribution-v2
BJ-2025-CY-YIMO-Q9,②,,B3,仅词典命中弱信号(精度约0.66-0.88)，不构成准入依据；本册是否可独立判断整个题肢、官方正误需模型/人工阶段核定,2026-09-24-attribution-v2
BJ-2025-CY-YIMO-Q9,③,B2,B3,仅词典命中弱信号(精度约0.66-0.88)，不构成准入依据；本册是否可独立判断整个题肢、官方正误需模型/人工阶段核定,2026-09-24-attribution-v2
BJ-2025-CY-YIMO-Q9,④,B3,B3,仅词典命中弱信号(精度约0.66-0.88)，不构成准入依据；本册是否可独立判断整个题肢、官方正误需模型/人工阶段核定,2026-09-24-attribution-v2
BJ-2025-CY-YIMO-Q10,①,,X2,仅词典命中弱信号(精度约0.66-0.88)，不构成准入依据；本册是否可独立判断整个题肢、官方正误需模型/人工阶段核定,2026-09-24-attribution-v2
BJ-2025-CY-YIMO-Q10,②,,X2,仅词典命中弱信号(精度约0.66-0.88)，不构成准入依据；本册是否可独立判断整个题肢、官方正误需模型/人工阶段核定,2026-09-24-attribution-v2
BJ-2025-CY-YIMO-Q10,③,X2,X2,仅词典命中弱信号(精度约0.66-0.88)，不构成准入依据；本册是否可独立判断整个题肢、官方正误需模型/人工阶段核定,2026-09-24-attribution-v2
BJ-2025-CY-YIMO-Q10,④,,X2,仅词典命中弱信号(精度约0.66-0.88)，不构成准入依据；本册是否可独立判断整个题肢、官方正误需模型/人工阶段核定,2026-09-24-attribution-v2
BJ-2025-CY-YIMO-Q11,A,B3,X2,仅词典命中弱信号(精度约0.66-0.88)，不构成准入依据；本册是否可独立判断整个题肢、官方正误需模型/人工阶段核定,2026-09-24-attribution-v2
BJ-2025-CY-YIMO-Q11,B,,X2,仅词典命中弱信号(精度约0.66-0.88)，不构成准入依据；本册是否可独立判断整个题肢、官方正误需模型/人工阶段核定,2026-09-24-attribution-v2
BJ-2025-CY-YIMO-Q11,C,X2,X2,仅词典命中弱信号(精度约0.66-0.88)，不构成准入依据；本册是否可独立判断整个题肢、官方正误需模型/人工阶段核定,2026-09-24-attribution-v2
BJ-2025-CY-YIMO-Q11,D,B3,X2,仅词典命中弱信号(精度约0.66-0.88)，不构成准入依据；本册是否可独立判断整个题肢、官方正误需模型/人工阶段核定,2026-09-24-attribution-v2
BJ-2025-CY-YIMO-Q12,①,,B2,仅词典命中弱信号(精度约0.66-0.88)，不构成准入依据；本册是否可独立判断整个题肢、官方正误需模型/人工阶段核定,2026-09-24-attribution-v2
BJ-2025-CY-YIMO-Q12,②,,B2,仅词典命中弱信号(精度约0.66-0.88)，不构成准入依据；本册是否可独立判断整个题肢、官方正误需模型/人工阶段核定,2026-09-24-attribution-v2
BJ-2025-CY-YIMO-Q12,③,,B2,仅词典命中弱信号(精度约0.66-0.88)，不构成准入依据；本册是否可独立判断整个题肢、官方正误需模型/人工阶段核定,2026-09-24-attribution-v2
BJ-2025-CY-YIMO-Q12,④,,B2,仅词典命中弱信号(精度约0.66-0.88)，不构成准入依据；本册是否可独立判断整个题肢、官方正误需模型/人工阶段核定,2026-09-24-attribution-v2
BJ-2025-CY-YIMO-Q13,①,B2,B2,仅词典命中弱信号(精度约0.66-0.88)，不构成准入依据；本册是否可独立判断整个题肢、官方正误需模型/人工阶段核定,2026-09-24-attribution-v2
BJ-2025-CY-YIMO-Q13,②,B2,B2,仅词典命中弱信号(精度约0.66-0.88)，不构成准入依据；本册是否可独立判断整个题肢、官方正误需模型/人工阶段核定,2026-09-24-attribution-v2
BJ-2025-CY-YIMO-Q13,③,,B2,仅词典命中弱信号(精度约0.66-0.88)，不构成准入依据；本册是否可独立判断整个题肢、官方正误需模型/人工阶段核定,2026-09-24-attribution-v2
BJ-2025-CY-YIMO-Q13,④,,B2,仅词典命中弱信号(精度约0.66-0.88)，不构成准入依据；本册是否可独立判断整个题肢、官方正误需模型/人工阶段核定,2026-09-24-attribution-v2
BJ-2025-CY-YIMO-Q14,①,,X1,仅词典命中弱信号(精度约0.66-0.88)，不构成准入依据；本册是否可独立判断整个题肢、官方正误需模型/人工阶段核定,2026-09-24-attribution-v2
BJ-2025-CY-YIMO-Q14,②,B2,X1,仅词典命中弱信号(精度约0.66-0.88)，不构成准入依据；本册是否可独立判断整个题肢、官方正误需模型/人工阶段核定,2026-09-24-attribution-v2
BJ-2025-CY-YIMO-Q14,③,,X1,仅词典命中弱信号(精度约0.66-0.88)，不构成准入依据；本册是否可独立判断整个题肢、官方正误需模型/人工阶段核定,2026-09-24-attribution-v2
BJ-2025-CY-YIMO-Q14,④,B2,X1,仅词典命中弱信号(精度约0.66-0.88)，不构成准入依据；本册是否可独立判断整个题肢、官方正误需模型/人工阶段核定,2026-09-24-attribution-v2
BJ-2025-CY-YIMO-Q15,①,,X1,仅词典命中弱信号(精度约0.66-0.88)，不构成准入依据；本册是否可独立判断整个题肢、官方正误需模型/人工阶段核定,2026-09-24-attribution-v2
BJ-2025-CY-YIMO-Q15,②,,X1,仅词典命中弱信号(精度约0.66-0.88)，不构成准入依据；本册是否可独立判断整个题肢、官方正误需模型/人工阶段核定,2026-09-24-attribution-v2
BJ-2025-CY-YIMO-Q15,③,X1,X1,仅词典命中弱信号(精度约0.66-0.88)，不构成准入依据；本册是否可独立判断整个题肢、官方正误需模型/人工阶段核定,2026-09-24-attribution-v2
BJ-2025-CY-YIMO-Q15,④,,X1,仅词典命中弱信号(精度约0.66-0.88)，不构成准入依据；本册是否可独立判断整个题肢、官方正误需模型/人工阶段核定,2026-09-24-attribution-v2
BJ-2025-HD-YIMO-Q3,①,,PH,仅词典命中弱信号(精度约0.66-0.88)，不构成准入依据；本册是否可独立判断整个题肢、官方正误需模型/人工阶段核定,2026-09-24-attribution-v2
BJ-2025-HD-YIMO-Q3,②,,PH,仅词典命中弱信号(精度约0.66-0.88)，不构成准入依据；本册是否可独立判断整个题肢、官方正误需模型/人工阶段核定,2026-09-24-attribution-v2
BJ-2025-HD-YIMO-Q3,③,,PH,仅词典命中弱信号(精度约0.66-0.88)，不构成准入依据；本册是否可独立判断整个题肢、官方正误需模型/人工阶段核定,2026-09-24-attribution-v2
BJ-2025-HD-YIMO-Q3,④,,PH,仅词典命中弱信号(精度约0.66-0.88)，不构成准入依据；本册是否可独立判断整个题肢、官方正误需模型/人工阶段核定,2026-09-24-attribution-v2
BJ-2025-HD-YIMO-Q2,①,,CU,仅词典命中弱信号(精度约0.66-0.88)，不构成准入依据；本册是否可独立判断整个题肢、官方正误需模型/人工阶段核定,2026-09-24-attribution-v2
BJ-2025-HD-YIMO-Q2,②,MI,CU,仅词典命中弱信号(精度约0.66-0.88)，不构成准入依据；本册是否可独立判断整个题肢、官方正误需模型/人工阶段核定,2026-09-24-attribution-v2
BJ-2025-HD-YIMO-Q2,③,CU,CU,仅词典命中弱信号(精度约0.66-0.88)，不构成准入依据；本册是否可独立判断整个题肢、官方正误需模型/人工阶段核定,2026-09-24-attribution-v2
BJ-2025-HD-YIMO-Q2,④,X1,CU,仅词典命中弱信号(精度约0.66-0.88)，不构成准入依据；本册是否可独立判断整个题肢、官方正误需模型/人工阶段核定,2026-09-24-attribution-v2
BJ-2025-HD-YIMO-Q5,①,RE,PH,仅词典命中弱信号(精度约0.66-0.88)，不构成准入依据；本册是否可独立判断整个题肢、官方正误需模型/人工阶段核定,2026-09-24-attribution-v2
BJ-2025-HD-YIMO-Q5,②,,PH,仅词典命中弱信号(精度约0.66-0.88)，不构成准入依据；本册是否可独立判断整个题肢、官方正误需模型/人工阶段核定,2026-09-24-attribution-v2
BJ-2025-HD-YIMO-Q5,③,,PH,仅词典命中弱信号(精度约0.66-0.88)，不构成准入依据；本册是否可独立判断整个题肢、官方正误需模型/人工阶段核定,2026-09-24-attribution-v2
BJ-2025-HD-YIMO-Q5,④,,PH,仅词典命中弱信号(精度约0.66-0.88)，不构成准入依据；本册是否可独立判断整个题肢、官方正误需模型/人工阶段核定,2026-09-24-attribution-v2
BJ-2025-HD-YIMO-Q6,①,MI,RE,仅词典命中弱信号(精度约0.66-0.88)，不构成准入依据；本册是否可独立判断整个题肢、官方正误需模型/人工阶段核定,2026-09-24-attribution-v2
BJ-2025-HD-YIMO-Q6,②,,RE,仅词典命中弱信号(精度约0.66-0.88)，不构成准入依据；本册是否可独立判断整个题肢、官方正误需模型/人工阶段核定,2026-09-24-attribution-v2
BJ-2025-HD-YIMO-Q6,③,MI,RE,仅词典命中弱信号(精度约0.66-0.88)，不构成准入依据；本册是否可独立判断整个题肢、官方正误需模型/人工阶段核定,2026-09-24-attribution-v2
BJ-2025-HD-YIMO-Q6,④,MI,RE,仅词典命中弱信号(精度约0.66-0.88)，不构成准入依据；本册是否可独立判断整个题肢、官方正误需模型/人工阶段核定,2026-09-24-attribution-v2
BJ-2025-HD-YIMO-Q7,①,,RE,仅词典命中弱信号(精度约0.66-0.88)，不构成准入依据；本册是否可独立判断整个题肢、官方正误需模型/人工阶段核定,2026-09-24-attribution-v2
BJ-2025-HD-YIMO-Q7,②,X2,RE,仅词典命中弱信号(精度约0.66-0.88)，不构成准入依据；本册是否可独立判断整个题肢、官方正误需模型/人工阶段核定,2026-09-24-attribution-v2
BJ-2025-HD-YIMO-Q7,③,,RE,仅词典命中弱信号(精度约0.66-0.88)，不构成准入依据；本册是否可独立判断整个题肢、官方正误需模型/人工阶段核定,2026-09-24-attribution-v2
BJ-2025-HD-YIMO-Q7,④,CU,RE,仅词典命中弱信号(精度约0.66-0.88)，不构成准入依据；本册是否可独立判断整个题肢、官方正误需模型/人工阶段核定,2026-09-24-attribution-v2
BJ-2025-HD-YIMO-Q8,①,B3,B3,仅词典命中弱信号(精度约0.66-0.88)，不构成准入依据；本册是否可独立判断整个题肢、官方正误需模型/人工阶段核定,2026-09-24-attribution-v2
BJ-2025-HD-YIMO-Q8,②,B3;X2,B3,仅词典命中弱信号(精度约0.66-0.88)，不构成准入依据；本册是否可独立判断整个题肢、官方正误需模型/人工阶段核定,2026-09-24-attribution-v2
BJ-2025-HD-YIMO-Q8,③,,B3,仅词典命中弱信号(精度约0.66-0.88)，不构成准入依据；本册是否可独立判断整个题肢、官方正误需模型/人工阶段核定,2026-09-24-attribution-v2
BJ-2025-HD-YIMO-Q8,④,B3,B3,仅词典命中弱信号(精度约0.66-0.88)，不构成准入依据；本册是否可独立判断整个题肢、官方正误需模型/人工阶段核定,2026-09-24-attribution-v2
BJ-2025-HD-YIMO-Q9,A,B2,B3,仅词典命中弱信号(精度约0.66-0.88)，不构成准入依据；本册是否可独立判断整个题肢、官方正误需模型/人工阶段核定,2026-09-24-attribution-v2
BJ-2025-HD-YIMO-Q9,B,B3,B3,仅词典命中弱信号(精度约0.66-0.88)，不构成准入依据；本册是否可独立判断整个题肢、官方正误需模型/人工阶段核定,2026-09-24-attribution-v2
BJ-2025-HD-YIMO-Q9,C,B3,B3,仅词典命中弱信号(精度约0.66-0.88)，不构成准入依据；本册是否可独立判断整个题肢、官方正误需模型/人工阶段核定,2026-09-24-attribution-v2
BJ-2025-HD-YIMO-Q9,D,B3,B3,仅词典命中弱信号(精度约0.66-0.88)，不构成准入依据；本册是否可独立判断整个题肢、官方正误需模型/人工阶段核定,2026-09-24-attribution-v2
BJ-2025-HD-YIMO-Q10,①,X2,X2,仅词典命中弱信号(精度约0.66-0.88)，不构成准入依据；本册是否可独立判断整个题肢、官方正误需模型/人工阶段核定,2026-09-24-attribution-v2
BJ-2025-HD-YIMO-Q10,②,X2,X2,仅词典命中弱信号(精度约0.66-0.88)，不构成准入依据；本册是否可独立判断整个题肢、官方正误需模型/人工阶段核定,2026-09-24-attribution-v2
BJ-2025-HD-YIMO-Q10,③,X2,X2,仅词典命中弱信号(精度约0.66-0.88)，不构成准入依据；本册是否可独立判断整个题肢、官方正误需模型/人工阶段核定,2026-09-24-attribution-v2
BJ-2025-HD-YIMO-Q10,④,X2,X2,仅词典命中弱信号(精度约0.66-0.88)，不构成准入依据；本册是否可独立判断整个题肢、官方正误需模型/人工阶段核定,2026-09-24-attribution-v2
BJ-2025-HD-YIMO-Q11,①,,X2,仅词典命中弱信号(精度约0.66-0.88)，不构成准入依据；本册是否可独立判断整个题肢、官方正误需模型/人工阶段核定,2026-09-24-attribution-v2
BJ-2025-HD-YIMO-Q11,②,,X2,仅词典命中弱信号(精度约0.66-0.88)，不构成准入依据；本册是否可独立判断整个题肢、官方正误需模型/人工阶段核定,2026-09-24-attribution-v2
BJ-2025-HD-YIMO-Q11,③,X2,X2,仅词典命中弱信号(精度约0.66-0.88)，不构成准入依据；本册是否可独立判断整个题肢、官方正误需模型/人工阶段核定,2026-09-24-attribution-v2
BJ-2025-HD-YIMO-Q11,④,,X2,仅词典命中弱信号(精度约0.66-0.88)，不构成准入依据；本册是否可独立判断整个题肢、官方正误需模型/人工阶段核定,2026-09-24-attribution-v2
BJ-2025-HD-YIMO-Q12,①,B2,B2,仅词典命中弱信号(精度约0.66-0.88)，不构成准入依据；本册是否可独立判断整个题肢、官方正误需模型/人工阶段核定,2026-09-24-attribution-v2
BJ-2025-HD-YIMO-Q12,②,,B2,仅词典命中弱信号(精度约0.66-0.88)，不构成准入依据；本册是否可独立判断整个题肢、官方正误需模型/人工阶段核定,2026-09-24-attribution-v2
BJ-2025-HD-YIMO-Q12,③,,B2,仅词典命中弱信号(精度约0.66-0.88)，不构成准入依据；本册是否可独立判断整个题肢、官方正误需模型/人工阶段核定,2026-09-24-attribution-v2
BJ-2025-HD-YIMO-Q12,④,B2,B2,仅词典命中弱信号(精度约0.66-0.88)，不构成准入依据；本册是否可独立判断整个题肢、官方正误需模型/人工阶段核定,2026-09-24-attribution-v2
BJ-2025-HD-YIMO-Q13,A,,B2,仅词典命中弱信号(精度约0.66-0.88)，不构成准入依据；本册是否可独立判断整个题肢、官方正误需模型/人工阶段核定,2026-09-24-attribution-v2
BJ-2025-HD-YIMO-Q13,B,B2;X1,B2,仅词典命中弱信号(精度约0.66-0.88)，不构成准入依据；本册是否可独立判断整个题肢、官方正误需模型/人工阶段核定,2026-09-24-attribution-v2
BJ-2025-HD-YIMO-Q14,①,X1,X1,仅词典命中弱信号(精度约0.66-0.88)，不构成准入依据；本册是否可独立判断整个题肢、官方正误需模型/人工阶段核定,2026-09-24-attribution-v2
BJ-2025-HD-YIMO-Q14,②,X1,X1,仅词典命中弱信号(精度约0.66-0.88)，不构成准入依据；本册是否可独立判断整个题肢、官方正误需模型/人工阶段核定,2026-09-24-attribution-v2
BJ-2025-HD-YIMO-Q14,③,X1,X1,仅词典命中弱信号(精度约0.66-0.88)，不构成准入依据；本册是否可独立判断整个题肢、官方正误需模型/人工阶段核定,2026-09-24-attribution-v2
BJ-2025-HD-YIMO-Q14,④,,X1,仅词典命中弱信号(精度约0.66-0.88)，不构成准入依据；本册是否可独立判断整个题肢、官方正误需模型/人工阶段核定,2026-09-24-attribution-v2
BJ-2025-HD-YIMO-Q15,①,X1,X1,仅词典命中弱信号(精度约0.66-0.88)，不构成准入依据；本册是否可独立判断整个题肢、官方正误需模型/人工阶段核定,2026-09-24-attribution-v2
BJ-2025-HD-YIMO-Q15,②,X1,X1,仅词典命中弱信号(精度约0.66-0.88)，不构成准入依据；本册是否可独立判断整个题肢、官方正误需模型/人工阶段核定,2026-09-24-attribution-v2
BJ-2025-HD-YIMO-Q15,③,,X1,仅词典命中弱信号(精度约0.66-0.88)，不构成准入依据；本册是否可独立判断整个题肢、官方正误需模型/人工阶段核定,2026-09-24-attribution-v2
BJ-2025-HD-YIMO-Q15,④,X1,X1,仅词典命中弱信号(精度约0.66-0.88)，不构成准入依据；本册是否可独立判断整个题肢、官方正误需模型/人工阶段核定,2026-09-24-attribution-v2
BJ-2025-SJS-YIMO-Q1,①,,B3,仅词典命中弱信号(精度约0.66-0.88)，不构成准入依据；本册是否可独立判断整个题肢、官方正误需模型/人工阶段核定,2026-09-24-attribution-v2
BJ-2025-SJS-YIMO-Q1,②,,B3,仅词典命中弱信号(精度约0.66-0.88)，不构成准入依据；本册是否可独立判断整个题肢、官方正误需模型/人工阶段核定,2026-09-24-attribution-v2
BJ-2025-SJS-YIMO-Q1,③,X2,B3,仅词典命中弱信号(精度约0.66-0.88)，不构成准入依据；本册是否可独立判断整个题肢、官方正误需模型/人工阶段核定,2026-09-24-attribution-v2
BJ-2025-SJS-YIMO-Q1,④,,B3,仅词典命中弱信号(精度约0.66-0.88)，不构成准入依据；本册是否可独立判断整个题肢、官方正误需模型/人工阶段核定,2026-09-24-attribution-v2
BJ-2025-SJS-YIMO-Q2,①,PH,CU,仅词典命中弱信号(精度约0.66-0.88)，不构成准入依据；本册是否可独立判断整个题肢、官方正误需模型/人工阶段核定,2026-09-24-attribution-v2
BJ-2025-SJS-YIMO-Q2,②,,CU,仅词典命中弱信号(精度约0.66-0.88)，不构成准入依据；本册是否可独立判断整个题肢、官方正误需模型/人工阶段核定,2026-09-24-attribution-v2
BJ-2025-SJS-YIMO-Q2,③,,CU,仅词典命中弱信号(精度约0.66-0.88)，不构成准入依据；本册是否可独立判断整个题肢、官方正误需模型/人工阶段核定,2026-09-24-attribution-v2
BJ-2025-SJS-YIMO-Q2,④,,CU,仅词典命中弱信号(精度约0.66-0.88)，不构成准入依据；本册是否可独立判断整个题肢、官方正误需模型/人工阶段核定,2026-09-24-attribution-v2
BJ-2025-SJS-YIMO-Q4,①,,PH,仅词典命中弱信号(精度约0.66-0.88)，不构成准入依据；本册是否可独立判断整个题肢、官方正误需模型/人工阶段核定,2026-09-24-attribution-v2
BJ-2025-SJS-YIMO-Q4,②,,PH,仅词典命中弱信号(精度约0.66-0.88)，不构成准入依据；本册是否可独立判断整个题肢、官方正误需模型/人工阶段核定,2026-09-24-attribution-v2
BJ-2025-SJS-YIMO-Q4,③,PH,PH,仅词典命中弱信号(精度约0.66-0.88)，不构成准入依据；本册是否可独立判断整个题肢、官方正误需模型/人工阶段核定,2026-09-24-attribution-v2
BJ-2025-SJS-YIMO-Q4,④,MI,PH,仅词典命中弱信号(精度约0.66-0.88)，不构成准入依据；本册是否可独立判断整个题肢、官方正误需模型/人工阶段核定,2026-09-24-attribution-v2
BJ-2025-SJS-YIMO-Q5,A,,PH,仅词典命中弱信号(精度约0.66-0.88)，不构成准入依据；本册是否可独立判断整个题肢、官方正误需模型/人工阶段核定,2026-09-24-attribution-v2
BJ-2025-SJS-YIMO-Q5,B,PH,PH,仅词典命中弱信号(精度约0.66-0.88)，不构成准入依据；本册是否可独立判断整个题肢、官方正误需模型/人工阶段核定,2026-09-24-attribution-v2
BJ-2025-SJS-YIMO-Q5,C,,PH,仅词典命中弱信号(精度约0.66-0.88)，不构成准入依据；本册是否可独立判断整个题肢、官方正误需模型/人工阶段核定,2026-09-24-attribution-v2
BJ-2025-SJS-YIMO-Q5,D,,PH,仅词典命中弱信号(精度约0.66-0.88)，不构成准入依据；本册是否可独立判断整个题肢、官方正误需模型/人工阶段核定,2026-09-24-attribution-v2
BJ-2025-SJS-YIMO-Q6,①,,RE,仅词典命中弱信号(精度约0.66-0.88)，不构成准入依据；本册是否可独立判断整个题肢、官方正误需模型/人工阶段核定,2026-09-24-attribution-v2
BJ-2025-SJS-YIMO-Q6,②,,RE,仅词典命中弱信号(精度约0.66-0.88)，不构成准入依据；本册是否可独立判断整个题肢、官方正误需模型/人工阶段核定,2026-09-24-attribution-v2
BJ-2025-SJS-YIMO-Q6,③,,RE,仅词典命中弱信号(精度约0.66-0.88)，不构成准入依据；本册是否可独立判断整个题肢、官方正误需模型/人工阶段核定,2026-09-24-attribution-v2
BJ-2025-SJS-YIMO-Q6,④,RE,RE,仅词典命中弱信号(精度约0.66-0.88)，不构成准入依据；本册是否可独立判断整个题肢、官方正误需模型/人工阶段核定,2026-09-24-attribution-v2
BJ-2025-SJS-YIMO-Q8,①,B1,B3,仅词典命中弱信号(精度约0.66-0.88)，不构成准入依据；本册是否可独立判断整个题肢、官方正误需模型/人工阶段核定,2026-09-24-attribution-v2
BJ-2025-SJS-YIMO-Q8,②,,B3,仅词典命中弱信号(精度约0.66-0.88)，不构成准入依据；本册是否可独立判断整个题肢、官方正误需模型/人工阶段核定,2026-09-24-attribution-v2
BJ-2025-SJS-YIMO-Q8,③,,B3,仅词典命中弱信号(精度约0.66-0.88)，不构成准入依据；本册是否可独立判断整个题肢、官方正误需模型/人工阶段核定,2026-09-24-attribution-v2
BJ-2025-SJS-YIMO-Q8,④,B3,B3,仅词典命中弱信号(精度约0.66-0.88)，不构成准入依据；本册是否可独立判断整个题肢、官方正误需模型/人工阶段核定,2026-09-24-attribution-v2
BJ-2025-SJS-YIMO-Q9,A,B3,B3,仅词典命中弱信号(精度约0.66-0.88)，不构成准入依据；本册是否可独立判断整个题肢、官方正误需模型/人工阶段核定,2026-09-24-attribution-v2
BJ-2025-SJS-YIMO-Q9,B,,B3,仅词典命中弱信号(精度约0.66-0.88)，不构成准入依据；本册是否可独立判断整个题肢、官方正误需模型/人工阶段核定,2026-09-24-attribution-v2
BJ-2025-SJS-YIMO-Q9,C,B3,B3,仅词典命中弱信号(精度约0.66-0.88)，不构成准入依据；本册是否可独立判断整个题肢、官方正误需模型/人工阶段核定,2026-09-24-attribution-v2
BJ-2025-SJS-YIMO-Q9,D,,B3,仅词典命中弱信号(精度约0.66-0.88)，不构成准入依据；本册是否可独立判断整个题肢、官方正误需模型/人工阶段核定,2026-09-24-attribution-v2
BJ-2025-SJS-YIMO-Q10,①,PH,X2,仅词典命中弱信号(精度约0.66-0.88)，不构成准入依据；本册是否可独立判断整个题肢、官方正误需模型/人工阶段核定,2026-09-24-attribution-v2
BJ-2025-SJS-YIMO-Q10,②,B2,X2,仅词典命中弱信号(精度约0.66-0.88)，不构成准入依据；本册是否可独立判断整个题肢、官方正误需模型/人工阶段核定,2026-09-24-attribution-v2
BJ-2025-SJS-YIMO-Q10,③,B2,X2,仅词典命中弱信号(精度约0.66-0.88)，不构成准入依据；本册是否可独立判断整个题肢、官方正误需模型/人工阶段核定,2026-09-24-attribution-v2
BJ-2025-SJS-YIMO-Q10,④,B2,X2,仅词典命中弱信号(精度约0.66-0.88)，不构成准入依据；本册是否可独立判断整个题肢、官方正误需模型/人工阶段核定,2026-09-24-attribution-v2
BJ-2025-SJS-YIMO-Q11,①,X2,X2,仅词典命中弱信号(精度约0.66-0.88)，不构成准入依据；本册是否可独立判断整个题肢、官方正误需模型/人工阶段核定,2026-09-24-attribution-v2
BJ-2025-SJS-YIMO-Q11,②,X2,X2,仅词典命中弱信号(精度约0.66-0.88)，不构成准入依据；本册是否可独立判断整个题肢、官方正误需模型/人工阶段核定,2026-09-24-attribution-v2
BJ-2025-SJS-YIMO-Q11,③,X2,X2,仅词典命中弱信号(精度约0.66-0.88)，不构成准入依据；本册是否可独立判断整个题肢、官方正误需模型/人工阶段核定,2026-09-24-attribution-v2
BJ-2025-SJS-YIMO-Q11,④,X2,X2,仅词典命中弱信号(精度约0.66-0.88)，不构成准入依据；本册是否可独立判断整个题肢、官方正误需模型/人工阶段核定,2026-09-24-attribution-v2
BJ-2025-SJS-YIMO-Q12,①,,B2,仅词典命中弱信号(精度约0.66-0.88)，不构成准入依据；本册是否可独立判断整个题肢、官方正误需模型/人工阶段核定,2026-09-24-attribution-v2
BJ-2025-SJS-YIMO-Q12,②,,B2,仅词典命中弱信号(精度约0.66-0.88)，不构成准入依据；本册是否可独立判断整个题肢、官方正误需模型/人工阶段核定,2026-09-24-attribution-v2
BJ-2025-SJS-YIMO-Q12,③,,B2,仅词典命中弱信号(精度约0.66-0.88)，不构成准入依据；本册是否可独立判断整个题肢、官方正误需模型/人工阶段核定,2026-09-24-attribution-v2
BJ-2025-SJS-YIMO-Q12,④,B2,B2,仅词典命中弱信号(精度约0.66-0.88)，不构成准入依据；本册是否可独立判断整个题肢、官方正误需模型/人工阶段核定,2026-09-24-attribution-v2
BJ-2025-SJS-YIMO-Q14,①,,X1,仅词典命中弱信号(精度约0.66-0.88)，不构成准入依据；本册是否可独立判断整个题肢、官方正误需模型/人工阶段核定,2026-09-24-attribution-v2
BJ-2025-SJS-YIMO-Q14,②,X1,X1,仅词典命中弱信号(精度约0.66-0.88)，不构成准入依据；本册是否可独立判断整个题肢、官方正误需模型/人工阶段核定,2026-09-24-attribution-v2
BJ-2025-SJS-YIMO-Q14,③,B2,X1,仅词典命中弱信号(精度约0.66-0.88)，不构成准入依据；本册是否可独立判断整个题肢、官方正误需模型/人工阶段核定,2026-09-24-attribution-v2
BJ-2025-SJS-YIMO-Q14,④,B2,X1,仅词典命中弱信号(精度约0.66-0.88)，不构成准入依据；本册是否可独立判断整个题肢、官方正误需模型/人工阶段核定,2026-09-24-attribution-v2
BJ-2025-SJS-YIMO-Q15,①,X1,X1,仅词典命中弱信号(精度约0.66-0.88)，不构成准入依据；本册是否可独立判断整个题肢、官方正误需模型/人工阶段核定,2026-09-24-attribution-v2
BJ-2025-SJS-YIMO-Q15,②,,X1,仅词典命中弱信号(精度约0.66-0.88)，不构成准入依据；本册是否可独立判断整个题肢、官方正误需模型/人工阶段核定,2026-09-24-attribution-v2
BJ-2025-SJS-YIMO-Q15,③,,X1,仅词典命中弱信号(精度约0.66-0.88)，不构成准入依据；本册是否可独立判断整个题肢、官方正误需模型/人工阶段核定,2026-09-24-attribution-v2
BJ-2025-SJS-YIMO-Q15,④,CU,X1,仅词典命中弱信号(精度约0.66-0.88)，不构成准入依据；本册是否可独立判断整个题肢、官方正误需模型/人工阶段核定,2026-09-24-attribution-v2
BJ-2025-XC-YIMO-Q1,①,,B3,仅词典命中弱信号(精度约0.66-0.88)，不构成准入依据；本册是否可独立判断整个题肢、官方正误需模型/人工阶段核定,2026-09-24-attribution-v2
BJ-2025-XC-YIMO-Q1,②,,B3,仅词典命中弱信号(精度约0.66-0.88)，不构成准入依据；本册是否可独立判断整个题肢、官方正误需模型/人工阶段核定,2026-09-24-attribution-v2
BJ-2025-XC-YIMO-Q1,③,,B3,仅词典命中弱信号(精度约0.66-0.88)，不构成准入依据；本册是否可独立判断整个题肢、官方正误需模型/人工阶段核定,2026-09-24-attribution-v2
BJ-2025-XC-YIMO-Q1,④,,B3,仅词典命中弱信号(精度约0.66-0.88)，不构成准入依据；本册是否可独立判断整个题肢、官方正误需模型/人工阶段核定,2026-09-24-attribution-v2
BJ-2025-XC-YIMO-Q2,①,,CU,仅词典命中弱信号(精度约0.66-0.88)，不构成准入依据；本册是否可独立判断整个题肢、官方正误需模型/人工阶段核定,2026-09-24-attribution-v2
BJ-2025-XC-YIMO-Q2,②,,CU,仅词典命中弱信号(精度约0.66-0.88)，不构成准入依据；本册是否可独立判断整个题肢、官方正误需模型/人工阶段核定,2026-09-24-attribution-v2
BJ-2025-XC-YIMO-Q2,③,CU,CU,仅词典命中弱信号(精度约0.66-0.88)，不构成准入依据；本册是否可独立判断整个题肢、官方正误需模型/人工阶段核定,2026-09-24-attribution-v2
BJ-2025-XC-YIMO-Q2,④,,CU,仅词典命中弱信号(精度约0.66-0.88)，不构成准入依据；本册是否可独立判断整个题肢、官方正误需模型/人工阶段核定,2026-09-24-attribution-v2
BJ-2025-XC-YIMO-Q3,A,,PH,仅词典命中弱信号(精度约0.66-0.88)，不构成准入依据；本册是否可独立判断整个题肢、官方正误需模型/人工阶段核定,2026-09-24-attribution-v2
BJ-2025-XC-YIMO-Q3,B,,PH,仅词典命中弱信号(精度约0.66-0.88)，不构成准入依据；本册是否可独立判断整个题肢、官方正误需模型/人工阶段核定,2026-09-24-attribution-v2
BJ-2025-XC-YIMO-Q3,C,PH,PH,仅词典命中弱信号(精度约0.66-0.88)，不构成准入依据；本册是否可独立判断整个题肢、官方正误需模型/人工阶段核定,2026-09-24-attribution-v2
BJ-2025-XC-YIMO-Q3,D,,PH,仅词典命中弱信号(精度约0.66-0.88)，不构成准入依据；本册是否可独立判断整个题肢、官方正误需模型/人工阶段核定,2026-09-24-attribution-v2
BJ-2025-XC-YIMO-Q4,①,,PH,仅词典命中弱信号(精度约0.66-0.88)，不构成准入依据；本册是否可独立判断整个题肢、官方正误需模型/人工阶段核定,2026-09-24-attribution-v2
BJ-2025-XC-YIMO-Q4,②,PH,PH,仅词典命中弱信号(精度约0.66-0.88)，不构成准入依据；本册是否可独立判断整个题肢、官方正误需模型/人工阶段核定,2026-09-24-attribution-v2
BJ-2025-XC-YIMO-Q4,③,,PH,仅词典命中弱信号(精度约0.66-0.88)，不构成准入依据；本册是否可独立判断整个题肢、官方正误需模型/人工阶段核定,2026-09-24-attribution-v2
BJ-2025-XC-YIMO-Q4,④,B2,PH,仅词典命中弱信号(精度约0.66-0.88)，不构成准入依据；本册是否可独立判断整个题肢、官方正误需模型/人工阶段核定,2026-09-24-attribution-v2
BJ-2025-XC-YIMO-Q5,A,,PH,仅词典命中弱信号(精度约0.66-0.88)，不构成准入依据；本册是否可独立判断整个题肢、官方正误需模型/人工阶段核定,2026-09-24-attribution-v2
BJ-2025-XC-YIMO-Q5,B,,PH,仅词典命中弱信号(精度约0.66-0.88)，不构成准入依据；本册是否可独立判断整个题肢、官方正误需模型/人工阶段核定,2026-09-24-attribution-v2
BJ-2025-XC-YIMO-Q5,C,,PH,仅词典命中弱信号(精度约0.66-0.88)，不构成准入依据；本册是否可独立判断整个题肢、官方正误需模型/人工阶段核定,2026-09-24-attribution-v2
BJ-2025-XC-YIMO-Q5,D,,PH,仅词典命中弱信号(精度约0.66-0.88)，不构成准入依据；本册是否可独立判断整个题肢、官方正误需模型/人工阶段核定,2026-09-24-attribution-v2
BJ-2025-XC-YIMO-Q6,①,X1,RE,仅词典命中弱信号(精度约0.66-0.88)，不构成准入依据；本册是否可独立判断整个题肢、官方正误需模型/人工阶段核定,2026-09-24-attribution-v2
BJ-2025-XC-YIMO-Q6,②,RE,RE,仅词典命中弱信号(精度约0.66-0.88)，不构成准入依据；本册是否可独立判断整个题肢、官方正误需模型/人工阶段核定,2026-09-24-attribution-v2
BJ-2025-XC-YIMO-Q6,③,,RE,仅词典命中弱信号(精度约0.66-0.88)，不构成准入依据；本册是否可独立判断整个题肢、官方正误需模型/人工阶段核定,2026-09-24-attribution-v2
BJ-2025-XC-YIMO-Q6,④,,RE,仅词典命中弱信号(精度约0.66-0.88)，不构成准入依据；本册是否可独立判断整个题肢、官方正误需模型/人工阶段核定,2026-09-24-attribution-v2
BJ-2025-XC-YIMO-Q7,A,,B3,仅词典命中弱信号(精度约0.66-0.88)，不构成准入依据；本册是否可独立判断整个题肢、官方正误需模型/人工阶段核定,2026-09-24-attribution-v2
BJ-2025-XC-YIMO-Q7,B,MI,B3,仅词典命中弱信号(精度约0.66-0.88)，不构成准入依据；本册是否可独立判断整个题肢、官方正误需模型/人工阶段核定,2026-09-24-attribution-v2
BJ-2025-XC-YIMO-Q7,C,MI,B3,仅词典命中弱信号(精度约0.66-0.88)，不构成准入依据；本册是否可独立判断整个题肢、官方正误需模型/人工阶段核定,2026-09-24-attribution-v2
BJ-2025-XC-YIMO-Q7,D,,B3,仅词典命中弱信号(精度约0.66-0.88)，不构成准入依据；本册是否可独立判断整个题肢、官方正误需模型/人工阶段核定,2026-09-24-attribution-v2
BJ-2025-XC-YIMO-Q8,A,,B3,仅词典命中弱信号(精度约0.66-0.88)，不构成准入依据；本册是否可独立判断整个题肢、官方正误需模型/人工阶段核定,2026-09-24-attribution-v2
BJ-2025-XC-YIMO-Q8,B,,B3,仅词典命中弱信号(精度约0.66-0.88)，不构成准入依据；本册是否可独立判断整个题肢、官方正误需模型/人工阶段核定,2026-09-24-attribution-v2
BJ-2025-XC-YIMO-Q8,C,B2,B3,仅词典命中弱信号(精度约0.66-0.88)，不构成准入依据；本册是否可独立判断整个题肢、官方正误需模型/人工阶段核定,2026-09-24-attribution-v2
BJ-2025-XC-YIMO-Q8,D,,B3,仅词典命中弱信号(精度约0.66-0.88)，不构成准入依据；本册是否可独立判断整个题肢、官方正误需模型/人工阶段核定,2026-09-24-attribution-v2
BJ-2025-XC-YIMO-Q9,A,X2,B3,仅词典命中弱信号(精度约0.66-0.88)，不构成准入依据；本册是否可独立判断整个题肢、官方正误需模型/人工阶段核定,2026-09-24-attribution-v2
BJ-2025-XC-YIMO-Q9,B,,B3,仅词典命中弱信号(精度约0.66-0.88)，不构成准入依据；本册是否可独立判断整个题肢、官方正误需模型/人工阶段核定,2026-09-24-attribution-v2
BJ-2025-XC-YIMO-Q9,C,,B3,仅词典命中弱信号(精度约0.66-0.88)，不构成准入依据；本册是否可独立判断整个题肢、官方正误需模型/人工阶段核定,2026-09-24-attribution-v2
BJ-2025-XC-YIMO-Q9,D,,B3,仅词典命中弱信号(精度约0.66-0.88)，不构成准入依据；本册是否可独立判断整个题肢、官方正误需模型/人工阶段核定,2026-09-24-attribution-v2
BJ-2025-XC-YIMO-Q10,A,,X2,仅词典命中弱信号(精度约0.66-0.88)，不构成准入依据；本册是否可独立判断整个题肢、官方正误需模型/人工阶段核定,2026-09-24-attribution-v2
BJ-2025-XC-YIMO-Q10,B,,X2,仅词典命中弱信号(精度约0.66-0.88)，不构成准入依据；本册是否可独立判断整个题肢、官方正误需模型/人工阶段核定,2026-09-24-attribution-v2
BJ-2025-XC-YIMO-Q10,C,,X2,仅词典命中弱信号(精度约0.66-0.88)，不构成准入依据；本册是否可独立判断整个题肢、官方正误需模型/人工阶段核定,2026-09-24-attribution-v2
BJ-2025-XC-YIMO-Q10,D,X2,X2,仅词典命中弱信号(精度约0.66-0.88)，不构成准入依据；本册是否可独立判断整个题肢、官方正误需模型/人工阶段核定,2026-09-24-attribution-v2
BJ-2025-XC-YIMO-Q11,A,X2,X2,仅词典命中弱信号(精度约0.66-0.88)，不构成准入依据；本册是否可独立判断整个题肢、官方正误需模型/人工阶段核定,2026-09-24-attribution-v2
BJ-2025-XC-YIMO-Q11,B,X2,X2,仅词典命中弱信号(精度约0.66-0.88)，不构成准入依据；本册是否可独立判断整个题肢、官方正误需模型/人工阶段核定,2026-09-24-attribution-v2
BJ-2025-XC-YIMO-Q11,C,X2,X2,仅词典命中弱信号(精度约0.66-0.88)，不构成准入依据；本册是否可独立判断整个题肢、官方正误需模型/人工阶段核定,2026-09-24-attribution-v2
BJ-2025-XC-YIMO-Q11,D,X2,X2,仅词典命中弱信号(精度约0.66-0.88)，不构成准入依据；本册是否可独立判断整个题肢、官方正误需模型/人工阶段核定,2026-09-24-attribution-v2
BJ-2025-XC-YIMO-Q12,①,B2,B2,仅词典命中弱信号(精度约0.66-0.88)，不构成准入依据；本册是否可独立判断整个题肢、官方正误需模型/人工阶段核定,2026-09-24-attribution-v2
BJ-2025-XC-YIMO-Q12,②,B2,B2,仅词典命中弱信号(精度约0.66-0.88)，不构成准入依据；本册是否可独立判断整个题肢、官方正误需模型/人工阶段核定,2026-09-24-attribution-v2
BJ-2025-XC-YIMO-Q12,③,B2,B2,仅词典命中弱信号(精度约0.66-0.88)，不构成准入依据；本册是否可独立判断整个题肢、官方正误需模型/人工阶段核定,2026-09-24-attribution-v2
BJ-2025-XC-YIMO-Q12,④,B2,B2,仅词典命中弱信号(精度约0.66-0.88)，不构成准入依据；本册是否可独立判断整个题肢、官方正误需模型/人工阶段核定,2026-09-24-attribution-v2
BJ-2025-XC-YIMO-Q13,A,,B2,仅词典命中弱信号(精度约0.66-0.88)，不构成准入依据；本册是否可独立判断整个题肢、官方正误需模型/人工阶段核定,2026-09-24-attribution-v2
BJ-2025-XC-YIMO-Q13,B,B2,B2,仅词典命中弱信号(精度约0.66-0.88)，不构成准入依据；本册是否可独立判断整个题肢、官方正误需模型/人工阶段核定,2026-09-24-attribution-v2
BJ-2025-XC-YIMO-Q13,C,,B2,仅词典命中弱信号(精度约0.66-0.88)，不构成准入依据；本册是否可独立判断整个题肢、官方正误需模型/人工阶段核定,2026-09-24-attribution-v2
BJ-2025-XC-YIMO-Q14,①,B2,X1,仅词典命中弱信号(精度约0.66-0.88)，不构成准入依据；本册是否可独立判断整个题肢、官方正误需模型/人工阶段核定,2026-09-24-attribution-v2
BJ-2025-XC-YIMO-Q14,②,X1,X1,仅词典命中弱信号(精度约0.66-0.88)，不构成准入依据；本册是否可独立判断整个题肢、官方正误需模型/人工阶段核定,2026-09-24-attribution-v2
BJ-2025-XC-YIMO-Q14,③,B2,X1,仅词典命中弱信号(精度约0.66-0.88)，不构成准入依据；本册是否可独立判断整个题肢、官方正误需模型/人工阶段核定,2026-09-24-attribution-v2
BJ-2025-XC-YIMO-Q14,④,,X1,仅词典命中弱信号(精度约0.66-0.88)，不构成准入依据；本册是否可独立判断整个题肢、官方正误需模型/人工阶段核定,2026-09-24-attribution-v2
BJ-2025-XC-YIMO-Q15,①,X2,X1,仅词典命中弱信号(精度约0.66-0.88)，不构成准入依据；本册是否可独立判断整个题肢、官方正误需模型/人工阶段核定,2026-09-24-attribution-v2
BJ-2025-XC-YIMO-Q15,②,B2;X2,X1,仅词典命中弱信号(精度约0.66-0.88)，不构成准入依据；本册是否可独立判断整个题肢、官方正误需模型/人工阶段核定,2026-09-24-attribution-v2
BJ-2025-XC-YIMO-Q15,③,X2,X1,仅词典命中弱信号(精度约0.66-0.88)，不构成准入依据；本册是否可独立判断整个题肢、官方正误需模型/人工阶段核定,2026-09-24-attribution-v2
BJ-2025-XC-YIMO-Q15,④,X1,X1,仅词典命中弱信号(精度约0.66-0.88)，不构成准入依据；本册是否可独立判断整个题肢、官方正误需模型/人工阶段核定,2026-09-24-attribution-v2
BJ-2025-MTG-YIMO-Q1,①,,B3,仅词典命中弱信号(精度约0.66-0.88)，不构成准入依据；本册是否可独立判断整个题肢、官方正误需模型/人工阶段核定,2026-09-24-attribution-v2
BJ-2025-MTG-YIMO-Q1,②,,B3,仅词典命中弱信号(精度约0.66-0.88)，不构成准入依据；本册是否可独立判断整个题肢、官方正误需模型/人工阶段核定,2026-09-24-attribution-v2
BJ-2025-MTG-YIMO-Q1,③,B2,B3,仅词典命中弱信号(精度约0.66-0.88)，不构成准入依据；本册是否可独立判断整个题肢、官方正误需模型/人工阶段核定,2026-09-24-attribution-v2
BJ-2025-MTG-YIMO-Q1,④,B1;B2,B3,仅词典命中弱信号(精度约0.66-0.88)，不构成准入依据；本册是否可独立判断整个题肢、官方正误需模型/人工阶段核定,2026-09-24-attribution-v2
BJ-2025-MTG-YIMO-Q3,①,X2,PH,仅词典命中弱信号(精度约0.66-0.88)，不构成准入依据；本册是否可独立判断整个题肢、官方正误需模型/人工阶段核定,2026-09-24-attribution-v2
BJ-2025-MTG-YIMO-Q3,②,X2,PH,仅词典命中弱信号(精度约0.66-0.88)，不构成准入依据；本册是否可独立判断整个题肢、官方正误需模型/人工阶段核定,2026-09-24-attribution-v2
BJ-2025-MTG-YIMO-Q3,③,,PH,仅词典命中弱信号(精度约0.66-0.88)，不构成准入依据；本册是否可独立判断整个题肢、官方正误需模型/人工阶段核定,2026-09-24-attribution-v2
BJ-2025-MTG-YIMO-Q3,④,X2,PH,仅词典命中弱信号(精度约0.66-0.88)，不构成准入依据；本册是否可独立判断整个题肢、官方正误需模型/人工阶段核定,2026-09-24-attribution-v2
BJ-2025-MTG-YIMO-Q4,①,B2,PH,仅词典命中弱信号(精度约0.66-0.88)，不构成准入依据；本册是否可独立判断整个题肢、官方正误需模型/人工阶段核定,2026-09-24-attribution-v2
BJ-2025-MTG-YIMO-Q4,②,,PH,仅词典命中弱信号(精度约0.66-0.88)，不构成准入依据；本册是否可独立判断整个题肢、官方正误需模型/人工阶段核定,2026-09-24-attribution-v2
BJ-2025-MTG-YIMO-Q4,③,,PH,仅词典命中弱信号(精度约0.66-0.88)，不构成准入依据；本册是否可独立判断整个题肢、官方正误需模型/人工阶段核定,2026-09-24-attribution-v2
BJ-2025-MTG-YIMO-Q4,④,B3,PH,仅词典命中弱信号(精度约0.66-0.88)，不构成准入依据；本册是否可独立判断整个题肢、官方正误需模型/人工阶段核定,2026-09-24-attribution-v2
BJ-2025-MTG-YIMO-Q6,A,PH;X2,RE,仅词典命中弱信号(精度约0.66-0.88)，不构成准入依据；本册是否可独立判断整个题肢、官方正误需模型/人工阶段核定,2026-09-24-attribution-v2
BJ-2025-MTG-YIMO-Q6,B,PH,RE,仅词典命中弱信号(精度约0.66-0.88)，不构成准入依据；本册是否可独立判断整个题肢、官方正误需模型/人工阶段核定,2026-09-24-attribution-v2
BJ-2025-MTG-YIMO-Q6,C,X2,RE,仅词典命中弱信号(精度约0.66-0.88)，不构成准入依据；本册是否可独立判断整个题肢、官方正误需模型/人工阶段核定,2026-09-24-attribution-v2
BJ-2025-MTG-YIMO-Q6,D,X2,RE,仅词典命中弱信号(精度约0.66-0.88)，不构成准入依据；本册是否可独立判断整个题肢、官方正误需模型/人工阶段核定,2026-09-24-attribution-v2
BJ-2025-MTG-YIMO-Q7,①,,B3,仅词典命中弱信号(精度约0.66-0.88)，不构成准入依据；本册是否可独立判断整个题肢、官方正误需模型/人工阶段核定,2026-09-24-attribution-v2
BJ-2025-MTG-YIMO-Q7,②,PH,B3,仅词典命中弱信号(精度约0.66-0.88)，不构成准入依据；本册是否可独立判断整个题肢、官方正误需模型/人工阶段核定,2026-09-24-attribution-v2
BJ-2025-MTG-YIMO-Q7,③,PH,B3,仅词典命中弱信号(精度约0.66-0.88)，不构成准入依据；本册是否可独立判断整个题肢、官方正误需模型/人工阶段核定,2026-09-24-attribution-v2
BJ-2025-MTG-YIMO-Q7,④,PH,B3,仅词典命中弱信号(精度约0.66-0.88)，不构成准入依据；本册是否可独立判断整个题肢、官方正误需模型/人工阶段核定,2026-09-24-attribution-v2
BJ-2025-MTG-YIMO-Q8,A,B2,B3,仅词典命中弱信号(精度约0.66-0.88)，不构成准入依据；本册是否可独立判断整个题肢、官方正误需模型/人工阶段核定,2026-09-24-attribution-v2
BJ-2025-MTG-YIMO-Q8,B,B2,B3,仅词典命中弱信号(精度约0.66-0.88)，不构成准入依据；本册是否可独立判断整个题肢、官方正误需模型/人工阶段核定,2026-09-24-attribution-v2
BJ-2025-MTG-YIMO-Q8,C,B2,B3,仅词典命中弱信号(精度约0.66-0.88)，不构成准入依据；本册是否可独立判断整个题肢、官方正误需模型/人工阶段核定,2026-09-24-attribution-v2
BJ-2025-MTG-YIMO-Q8,D,B2,B3,仅词典命中弱信号(精度约0.66-0.88)，不构成准入依据；本册是否可独立判断整个题肢、官方正误需模型/人工阶段核定,2026-09-24-attribution-v2
BJ-2025-MTG-YIMO-Q9,①,,B3,仅词典命中弱信号(精度约0.66-0.88)，不构成准入依据；本册是否可独立判断整个题肢、官方正误需模型/人工阶段核定,2026-09-24-attribution-v2
BJ-2025-MTG-YIMO-Q9,②,,B3,仅词典命中弱信号(精度约0.66-0.88)，不构成准入依据；本册是否可独立判断整个题肢、官方正误需模型/人工阶段核定,2026-09-24-attribution-v2
BJ-2025-MTG-YIMO-Q9,③,B2,B3,仅词典命中弱信号(精度约0.66-0.88)，不构成准入依据；本册是否可独立判断整个题肢、官方正误需模型/人工阶段核定,2026-09-24-attribution-v2
BJ-2025-MTG-YIMO-Q9,④,,B3,仅词典命中弱信号(精度约0.66-0.88)，不构成准入依据；本册是否可独立判断整个题肢、官方正误需模型/人工阶段核定,2026-09-24-attribution-v2
BJ-2025-MTG-YIMO-Q10,①,X1,X2,仅词典命中弱信号(精度约0.66-0.88)，不构成准入依据；本册是否可独立判断整个题肢、官方正误需模型/人工阶段核定,2026-09-24-attribution-v2
BJ-2025-MTG-YIMO-Q10,②,X1,X2,仅词典命中弱信号(精度约0.66-0.88)，不构成准入依据；本册是否可独立判断整个题肢、官方正误需模型/人工阶段核定,2026-09-24-attribution-v2
BJ-2025-MTG-YIMO-Q10,③,X1,X2,仅词典命中弱信号(精度约0.66-0.88)，不构成准入依据；本册是否可独立判断整个题肢、官方正误需模型/人工阶段核定,2026-09-24-attribution-v2
BJ-2025-MTG-YIMO-Q10,④,X1,X2,仅词典命中弱信号(精度约0.66-0.88)，不构成准入依据；本册是否可独立判断整个题肢、官方正误需模型/人工阶段核定,2026-09-24-attribution-v2
BJ-2025-MTG-YIMO-Q11,①,X1,X2,仅词典命中弱信号(精度约0.66-0.88)，不构成准入依据；本册是否可独立判断整个题肢、官方正误需模型/人工阶段核定,2026-09-24-attribution-v2
BJ-2025-MTG-YIMO-Q11,②,B2,X2,仅词典命中弱信号(精度约0.66-0.88)，不构成准入依据；本册是否可独立判断整个题肢、官方正误需模型/人工阶段核定,2026-09-24-attribution-v2
BJ-2025-MTG-YIMO-Q11,③,B2,X2,仅词典命中弱信号(精度约0.66-0.88)，不构成准入依据；本册是否可独立判断整个题肢、官方正误需模型/人工阶段核定,2026-09-24-attribution-v2
BJ-2025-MTG-YIMO-Q11,④,,X2,仅词典命中弱信号(精度约0.66-0.88)，不构成准入依据；本册是否可独立判断整个题肢、官方正误需模型/人工阶段核定,2026-09-24-attribution-v2
BJ-2025-MTG-YIMO-Q12,①,X2,B2,仅词典命中弱信号(精度约0.66-0.88)，不构成准入依据；本册是否可独立判断整个题肢、官方正误需模型/人工阶段核定,2026-09-24-attribution-v2
BJ-2025-MTG-YIMO-Q12,②,,B2,仅词典命中弱信号(精度约0.66-0.88)，不构成准入依据；本册是否可独立判断整个题肢、官方正误需模型/人工阶段核定,2026-09-24-attribution-v2
BJ-2025-MTG-YIMO-Q12,③,X2,B2,仅词典命中弱信号(精度约0.66-0.88)，不构成准入依据；本册是否可独立判断整个题肢、官方正误需模型/人工阶段核定,2026-09-24-attribution-v2
BJ-2025-MTG-YIMO-Q12,④,X2,B2,仅词典命中弱信号(精度约0.66-0.88)，不构成准入依据；本册是否可独立判断整个题肢、官方正误需模型/人工阶段核定,2026-09-24-attribution-v2
BJ-2025-MTG-YIMO-Q13,①,X2,B2,仅词典命中弱信号(精度约0.66-0.88)，不构成准入依据；本册是否可独立判断整个题肢、官方正误需模型/人工阶段核定,2026-09-24-attribution-v2
BJ-2025-MTG-YIMO-Q13,②,X2,B2,仅词典命中弱信号(精度约0.66-0.88)，不构成准入依据；本册是否可独立判断整个题肢、官方正误需模型/人工阶段核定,2026-09-24-attribution-v2
BJ-2025-MTG-YIMO-Q13,③,X2,B2,仅词典命中弱信号(精度约0.66-0.88)，不构成准入依据；本册是否可独立判断整个题肢、官方正误需模型/人工阶段核定,2026-09-24-attribution-v2
BJ-2025-MTG-YIMO-Q13,④,X2,B2,仅词典命中弱信号(精度约0.66-0.88)，不构成准入依据；本册是否可独立判断整个题肢、官方正误需模型/人工阶段核定,2026-09-24-attribution-v2
BJ-2025-MTG-YIMO-Q14,A,,X1,仅词典命中弱信号(精度约0.66-0.88)，不构成准入依据；本册是否可独立判断整个题肢、官方正误需模型/人工阶段核定,2026-09-24-attribution-v2
BJ-2025-MTG-YIMO-Q14,B,,X1,仅词典命中弱信号(精度约0.66-0.88)，不构成准入依据；本册是否可独立判断整个题肢、官方正误需模型/人工阶段核定,2026-09-24-attribution-v2
BJ-2025-MTG-YIMO-Q14,C,,X1,仅词典命中弱信号(精度约0.66-0.88)，不构成准入依据；本册是否可独立判断整个题肢、官方正误需模型/人工阶段核定,2026-09-24-attribution-v2
BJ-2025-MTG-YIMO-Q14,D,,X1,仅词典命中弱信号(精度约0.66-0.88)，不构成准入依据；本册是否可独立判断整个题肢、官方正误需模型/人工阶段核定,2026-09-24-attribution-v2
BJ-2025-MTG-YIMO-Q15,①,MI,X1,仅词典命中弱信号(精度约0.66-0.88)，不构成准入依据；本册是否可独立判断整个题肢、官方正误需模型/人工阶段核定,2026-09-24-attribution-v2
BJ-2025-MTG-YIMO-Q15,②,MI,X1,仅词典命中弱信号(精度约0.66-0.88)，不构成准入依据；本册是否可独立判断整个题肢、官方正误需模型/人工阶段核定,2026-09-24-attribution-v2
BJ-2025-MTG-YIMO-Q15,③,PH,X1,仅词典命中弱信号(精度约0.66-0.88)，不构成准入依据；本册是否可独立判断整个题肢、官方正误需模型/人工阶段核定,2026-09-24-attribution-v2
BJ-2025-MTG-YIMO-Q15,④,MI,X1,仅词典命中弱信号(精度约0.66-0.88)，不构成准入依据；本册是否可独立判断整个题肢、官方正误需模型/人工阶段核定,2026-09-24-attribution-v2
BJ-2025-SY-YIMO-Q3,A,,PH,仅词典命中弱信号(精度约0.66-0.88)，不构成准入依据；本册是否可独立判断整个题肢、官方正误需模型/人工阶段核定,2026-09-24-attribution-v2
BJ-2025-SY-YIMO-Q3,B,,PH,仅词典命中弱信号(精度约0.66-0.88)，不构成准入依据；本册是否可独立判断整个题肢、官方正误需模型/人工阶段核定,2026-09-24-attribution-v2
BJ-2025-SY-YIMO-Q3,C,CU,PH,仅词典命中弱信号(精度约0.66-0.88)，不构成准入依据；本册是否可独立判断整个题肢、官方正误需模型/人工阶段核定,2026-09-24-attribution-v2
BJ-2025-SY-YIMO-Q3,D,CU;MI,PH,仅词典命中弱信号(精度约0.66-0.88)，不构成准入依据；本册是否可独立判断整个题肢、官方正误需模型/人工阶段核定,2026-09-24-attribution-v2
BJ-2025-SY-YIMO-Q1,①,B3,B3,仅词典命中弱信号(精度约0.66-0.88)，不构成准入依据；本册是否可独立判断整个题肢、官方正误需模型/人工阶段核定,2026-09-24-attribution-v2
BJ-2025-SY-YIMO-Q1,②,,B3,仅词典命中弱信号(精度约0.66-0.88)，不构成准入依据；本册是否可独立判断整个题肢、官方正误需模型/人工阶段核定,2026-09-24-attribution-v2
BJ-2025-SY-YIMO-Q1,③,,B3,仅词典命中弱信号(精度约0.66-0.88)，不构成准入依据；本册是否可独立判断整个题肢、官方正误需模型/人工阶段核定,2026-09-24-attribution-v2
BJ-2025-SY-YIMO-Q1,④,,B3,仅词典命中弱信号(精度约0.66-0.88)，不构成准入依据；本册是否可独立判断整个题肢、官方正误需模型/人工阶段核定,2026-09-24-attribution-v2
BJ-2025-SY-YIMO-Q2,①,,CU,仅词典命中弱信号(精度约0.66-0.88)，不构成准入依据；本册是否可独立判断整个题肢、官方正误需模型/人工阶段核定,2026-09-24-attribution-v2
BJ-2025-SY-YIMO-Q2,②,,CU,仅词典命中弱信号(精度约0.66-0.88)，不构成准入依据；本册是否可独立判断整个题肢、官方正误需模型/人工阶段核定,2026-09-24-attribution-v2
BJ-2025-SY-YIMO-Q2,③,,CU,仅词典命中弱信号(精度约0.66-0.88)，不构成准入依据；本册是否可独立判断整个题肢、官方正误需模型/人工阶段核定,2026-09-24-attribution-v2
BJ-2025-SY-YIMO-Q2,④,,CU,仅词典命中弱信号(精度约0.66-0.88)，不构成准入依据；本册是否可独立判断整个题肢、官方正误需模型/人工阶段核定,2026-09-24-attribution-v2
BJ-2025-SY-YIMO-Q5,A,,PH,仅词典命中弱信号(精度约0.66-0.88)，不构成准入依据；本册是否可独立判断整个题肢、官方正误需模型/人工阶段核定,2026-09-24-attribution-v2
BJ-2025-SY-YIMO-Q5,B,,PH,仅词典命中弱信号(精度约0.66-0.88)，不构成准入依据；本册是否可独立判断整个题肢、官方正误需模型/人工阶段核定,2026-09-24-attribution-v2
BJ-2025-SY-YIMO-Q5,C,,PH,仅词典命中弱信号(精度约0.66-0.88)，不构成准入依据；本册是否可独立判断整个题肢、官方正误需模型/人工阶段核定,2026-09-24-attribution-v2
BJ-2025-SY-YIMO-Q5,D,,PH,仅词典命中弱信号(精度约0.66-0.88)，不构成准入依据；本册是否可独立判断整个题肢、官方正误需模型/人工阶段核定,2026-09-24-attribution-v2
BJ-2025-SY-YIMO-Q6,①,,RE,仅词典命中弱信号(精度约0.66-0.88)，不构成准入依据；本册是否可独立判断整个题肢、官方正误需模型/人工阶段核定,2026-09-24-attribution-v2
BJ-2025-SY-YIMO-Q6,②,RE,RE,仅词典命中弱信号(精度约0.66-0.88)，不构成准入依据；本册是否可独立判断整个题肢、官方正误需模型/人工阶段核定,2026-09-24-attribution-v2
BJ-2025-SY-YIMO-Q6,③,B2,RE,仅词典命中弱信号(精度约0.66-0.88)，不构成准入依据；本册是否可独立判断整个题肢、官方正误需模型/人工阶段核定,2026-09-24-attribution-v2
BJ-2025-SY-YIMO-Q6,④,RE,RE,仅词典命中弱信号(精度约0.66-0.88)，不构成准入依据；本册是否可独立判断整个题肢、官方正误需模型/人工阶段核定,2026-09-24-attribution-v2
BJ-2025-SY-YIMO-Q8,①,B3,B3,仅词典命中弱信号(精度约0.66-0.88)，不构成准入依据；本册是否可独立判断整个题肢、官方正误需模型/人工阶段核定,2026-09-24-attribution-v2
BJ-2025-SY-YIMO-Q8,②,,B3,仅词典命中弱信号(精度约0.66-0.88)，不构成准入依据；本册是否可独立判断整个题肢、官方正误需模型/人工阶段核定,2026-09-24-attribution-v2
BJ-2025-SY-YIMO-Q8,③,B3,B3,仅词典命中弱信号(精度约0.66-0.88)，不构成准入依据；本册是否可独立判断整个题肢、官方正误需模型/人工阶段核定,2026-09-24-attribution-v2
BJ-2025-SY-YIMO-Q8,④,B3,B3,仅词典命中弱信号(精度约0.66-0.88)，不构成准入依据；本册是否可独立判断整个题肢、官方正误需模型/人工阶段核定,2026-09-24-attribution-v2
BJ-2025-SY-YIMO-Q9,①,,B3,仅词典命中弱信号(精度约0.66-0.88)，不构成准入依据；本册是否可独立判断整个题肢、官方正误需模型/人工阶段核定,2026-09-24-attribution-v2
BJ-2025-SY-YIMO-Q9,②,X2,B3,仅词典命中弱信号(精度约0.66-0.88)，不构成准入依据；本册是否可独立判断整个题肢、官方正误需模型/人工阶段核定,2026-09-24-attribution-v2
BJ-2025-SY-YIMO-Q9,③,B3,B3,仅词典命中弱信号(精度约0.66-0.88)，不构成准入依据；本册是否可独立判断整个题肢、官方正误需模型/人工阶段核定,2026-09-24-attribution-v2
BJ-2025-SY-YIMO-Q9,④,,B3,仅词典命中弱信号(精度约0.66-0.88)，不构成准入依据；本册是否可独立判断整个题肢、官方正误需模型/人工阶段核定,2026-09-24-attribution-v2
BJ-2025-SY-YIMO-Q11,①,X2,X2,仅词典命中弱信号(精度约0.66-0.88)，不构成准入依据；本册是否可独立判断整个题肢、官方正误需模型/人工阶段核定,2026-09-24-attribution-v2
BJ-2025-SY-YIMO-Q11,②,X2,X2,仅词典命中弱信号(精度约0.66-0.88)，不构成准入依据；本册是否可独立判断整个题肢、官方正误需模型/人工阶段核定,2026-09-24-attribution-v2
BJ-2025-SY-YIMO-Q11,③,X2,X2,仅词典命中弱信号(精度约0.66-0.88)，不构成准入依据；本册是否可独立判断整个题肢、官方正误需模型/人工阶段核定,2026-09-24-attribution-v2
BJ-2025-SY-YIMO-Q11,④,,X2,仅词典命中弱信号(精度约0.66-0.88)，不构成准入依据；本册是否可独立判断整个题肢、官方正误需模型/人工阶段核定,2026-09-24-attribution-v2
BJ-2025-SY-YIMO-Q12,①,B2,B2,仅词典命中弱信号(精度约0.66-0.88)，不构成准入依据；本册是否可独立判断整个题肢、官方正误需模型/人工阶段核定,2026-09-24-attribution-v2
BJ-2025-SY-YIMO-Q12,②,B2,B2,仅词典命中弱信号(精度约0.66-0.88)，不构成准入依据；本册是否可独立判断整个题肢、官方正误需模型/人工阶段核定,2026-09-24-attribution-v2
BJ-2025-SY-YIMO-Q12,③,B2,B2,仅词典命中弱信号(精度约0.66-0.88)，不构成准入依据；本册是否可独立判断整个题肢、官方正误需模型/人工阶段核定,2026-09-24-attribution-v2
BJ-2025-SY-YIMO-Q12,④,B2,B2,仅词典命中弱信号(精度约0.66-0.88)，不构成准入依据；本册是否可独立判断整个题肢、官方正误需模型/人工阶段核定,2026-09-24-attribution-v2
BJ-2025-SY-YIMO-Q14,①,B2,X1,仅词典命中弱信号(精度约0.66-0.88)，不构成准入依据；本册是否可独立判断整个题肢、官方正误需模型/人工阶段核定,2026-09-24-attribution-v2
BJ-2025-SY-YIMO-Q14,②,X1,X1,仅词典命中弱信号(精度约0.66-0.88)，不构成准入依据；本册是否可独立判断整个题肢、官方正误需模型/人工阶段核定,2026-09-24-attribution-v2
BJ-2025-SY-YIMO-Q14,③,,X1,仅词典命中弱信号(精度约0.66-0.88)，不构成准入依据；本册是否可独立判断整个题肢、官方正误需模型/人工阶段核定,2026-09-24-attribution-v2
BJ-2025-SY-YIMO-Q14,④,B2,X1,仅词典命中弱信号(精度约0.66-0.88)，不构成准入依据；本册是否可独立判断整个题肢、官方正误需模型/人工阶段核定,2026-09-24-attribution-v2
BJ-2025-SY-YIMO-Q15,①,X1,X1,仅词典命中弱信号(精度约0.66-0.88)，不构成准入依据；本册是否可独立判断整个题肢、官方正误需模型/人工阶段核定,2026-09-24-attribution-v2
BJ-2025-SY-YIMO-Q15,②,,X1,仅词典命中弱信号(精度约0.66-0.88)，不构成准入依据；本册是否可独立判断整个题肢、官方正误需模型/人工阶段核定,2026-09-24-attribution-v2
BJ-2025-SY-YIMO-Q15,③,X1,X1,仅词典命中弱信号(精度约0.66-0.88)，不构成准入依据；本册是否可独立判断整个题肢、官方正误需模型/人工阶段核定,2026-09-24-attribution-v2
BJ-2025-SY-YIMO-Q15,④,X1,X1,仅词典命中弱信号(精度约0.66-0.88)，不构成准入依据；本册是否可独立判断整个题肢、官方正误需模型/人工阶段核定,2026-09-24-attribution-v2
BJ-2025-FT-ERMO-Q2,①,B3;X1,CU,仅词典命中弱信号(精度约0.66-0.88)，不构成准入依据；本册是否可独立判断整个题肢、官方正误需模型/人工阶段核定,2026-09-24-attribution-v2
BJ-2025-FT-ERMO-Q2,②,B3;X2,CU,仅词典命中弱信号(精度约0.66-0.88)，不构成准入依据；本册是否可独立判断整个题肢、官方正误需模型/人工阶段核定,2026-09-24-attribution-v2
BJ-2025-FT-ERMO-Q2,③,B3,CU,仅词典命中弱信号(精度约0.66-0.88)，不构成准入依据；本册是否可独立判断整个题肢、官方正误需模型/人工阶段核定,2026-09-24-attribution-v2
BJ-2025-FT-ERMO-Q2,④,B3;X1,CU,仅词典命中弱信号(精度约0.66-0.88)，不构成准入依据；本册是否可独立判断整个题肢、官方正误需模型/人工阶段核定,2026-09-24-attribution-v2
BJ-2025-FT-ERMO-Q3,A,B2;B3,PH,仅词典命中弱信号(精度约0.66-0.88)，不构成准入依据；本册是否可独立判断整个题肢、官方正误需模型/人工阶段核定,2026-09-24-attribution-v2
BJ-2025-FT-ERMO-Q3,B,B3,PH,仅词典命中弱信号(精度约0.66-0.88)，不构成准入依据；本册是否可独立判断整个题肢、官方正误需模型/人工阶段核定,2026-09-24-attribution-v2
BJ-2025-FT-ERMO-Q3,C,B2,PH,仅词典命中弱信号(精度约0.66-0.88)，不构成准入依据；本册是否可独立判断整个题肢、官方正误需模型/人工阶段核定,2026-09-24-attribution-v2
BJ-2025-FT-ERMO-Q3,D,B3,PH,仅词典命中弱信号(精度约0.66-0.88)，不构成准入依据；本册是否可独立判断整个题肢、官方正误需模型/人工阶段核定,2026-09-24-attribution-v2
BJ-2025-FT-ERMO-Q4,①,,PH,仅词典命中弱信号(精度约0.66-0.88)，不构成准入依据；本册是否可独立判断整个题肢、官方正误需模型/人工阶段核定,2026-09-24-attribution-v2
BJ-2025-FT-ERMO-Q4,②,,PH,仅词典命中弱信号(精度约0.66-0.88)，不构成准入依据；本册是否可独立判断整个题肢、官方正误需模型/人工阶段核定,2026-09-24-attribution-v2
BJ-2025-FT-ERMO-Q4,③,PH,PH,仅词典命中弱信号(精度约0.66-0.88)，不构成准入依据；本册是否可独立判断整个题肢、官方正误需模型/人工阶段核定,2026-09-24-attribution-v2
BJ-2025-FT-ERMO-Q4,④,,PH,仅词典命中弱信号(精度约0.66-0.88)，不构成准入依据；本册是否可独立判断整个题肢、官方正误需模型/人工阶段核定,2026-09-24-attribution-v2
BJ-2025-FT-ERMO-Q1,①,B1,B3,仅词典命中弱信号(精度约0.66-0.88)，不构成准入依据；本册是否可独立判断整个题肢、官方正误需模型/人工阶段核定,2026-09-24-attribution-v2
BJ-2025-FT-ERMO-Q1,②,,B3,仅词典命中弱信号(精度约0.66-0.88)，不构成准入依据；本册是否可独立判断整个题肢、官方正误需模型/人工阶段核定,2026-09-24-attribution-v2
BJ-2025-FT-ERMO-Q1,③,B1,B3,仅词典命中弱信号(精度约0.66-0.88)，不构成准入依据；本册是否可独立判断整个题肢、官方正误需模型/人工阶段核定,2026-09-24-attribution-v2
BJ-2025-FT-ERMO-Q1,④,,B3,仅词典命中弱信号(精度约0.66-0.88)，不构成准入依据；本册是否可独立判断整个题肢、官方正误需模型/人工阶段核定,2026-09-24-attribution-v2
BJ-2025-FT-ERMO-Q5,①,PH,PH,仅词典命中弱信号(精度约0.66-0.88)，不构成准入依据；本册是否可独立判断整个题肢、官方正误需模型/人工阶段核定,2026-09-24-attribution-v2
BJ-2025-FT-ERMO-Q5,②,X1,PH,仅词典命中弱信号(精度约0.66-0.88)，不构成准入依据；本册是否可独立判断整个题肢、官方正误需模型/人工阶段核定,2026-09-24-attribution-v2
BJ-2025-FT-ERMO-Q5,③,,PH,仅词典命中弱信号(精度约0.66-0.88)，不构成准入依据；本册是否可独立判断整个题肢、官方正误需模型/人工阶段核定,2026-09-24-attribution-v2
BJ-2025-FT-ERMO-Q5,④,PH,PH,仅词典命中弱信号(精度约0.66-0.88)，不构成准入依据；本册是否可独立判断整个题肢、官方正误需模型/人工阶段核定,2026-09-24-attribution-v2
BJ-2025-FT-ERMO-Q6,①,CU,RE,仅词典命中弱信号(精度约0.66-0.88)，不构成准入依据；本册是否可独立判断整个题肢、官方正误需模型/人工阶段核定,2026-09-24-attribution-v2
BJ-2025-FT-ERMO-Q6,②,CU,RE,仅词典命中弱信号(精度约0.66-0.88)，不构成准入依据；本册是否可独立判断整个题肢、官方正误需模型/人工阶段核定,2026-09-24-attribution-v2
BJ-2025-FT-ERMO-Q6,③,,RE,仅词典命中弱信号(精度约0.66-0.88)，不构成准入依据；本册是否可独立判断整个题肢、官方正误需模型/人工阶段核定,2026-09-24-attribution-v2
BJ-2025-FT-ERMO-Q6,④,CU,RE,仅词典命中弱信号(精度约0.66-0.88)，不构成准入依据；本册是否可独立判断整个题肢、官方正误需模型/人工阶段核定,2026-09-24-attribution-v2
BJ-2025-FT-ERMO-Q8,①,B3,B3,仅词典命中弱信号(精度约0.66-0.88)，不构成准入依据；本册是否可独立判断整个题肢、官方正误需模型/人工阶段核定,2026-09-24-attribution-v2
BJ-2025-FT-ERMO-Q8,②,B2,B3,仅词典命中弱信号(精度约0.66-0.88)，不构成准入依据；本册是否可独立判断整个题肢、官方正误需模型/人工阶段核定,2026-09-24-attribution-v2
BJ-2025-FT-ERMO-Q8,③,B2,B3,仅词典命中弱信号(精度约0.66-0.88)，不构成准入依据；本册是否可独立判断整个题肢、官方正误需模型/人工阶段核定,2026-09-24-attribution-v2
BJ-2025-FT-ERMO-Q8,④,B2,B3,仅词典命中弱信号(精度约0.66-0.88)，不构成准入依据；本册是否可独立判断整个题肢、官方正误需模型/人工阶段核定,2026-09-24-attribution-v2
BJ-2025-FT-ERMO-Q9,①,X2,B3,仅词典命中弱信号(精度约0.66-0.88)，不构成准入依据；本册是否可独立判断整个题肢、官方正误需模型/人工阶段核定,2026-09-24-attribution-v2
BJ-2025-FT-ERMO-Q9,②,,B3,仅词典命中弱信号(精度约0.66-0.88)，不构成准入依据；本册是否可独立判断整个题肢、官方正误需模型/人工阶段核定,2026-09-24-attribution-v2
BJ-2025-FT-ERMO-Q9,③,,B3,仅词典命中弱信号(精度约0.66-0.88)，不构成准入依据；本册是否可独立判断整个题肢、官方正误需模型/人工阶段核定,2026-09-24-attribution-v2
BJ-2025-FT-ERMO-Q9,④,,B3,仅词典命中弱信号(精度约0.66-0.88)，不构成准入依据；本册是否可独立判断整个题肢、官方正误需模型/人工阶段核定,2026-09-24-attribution-v2
BJ-2025-FT-ERMO-Q10,①,X2,X2,仅词典命中弱信号(精度约0.66-0.88)，不构成准入依据；本册是否可独立判断整个题肢、官方正误需模型/人工阶段核定,2026-09-24-attribution-v2
BJ-2025-FT-ERMO-Q10,②,X2,X2,仅词典命中弱信号(精度约0.66-0.88)，不构成准入依据；本册是否可独立判断整个题肢、官方正误需模型/人工阶段核定,2026-09-24-attribution-v2
BJ-2025-FT-ERMO-Q10,③,B2;X2,X2,仅词典命中弱信号(精度约0.66-0.88)，不构成准入依据；本册是否可独立判断整个题肢、官方正误需模型/人工阶段核定,2026-09-24-attribution-v2
BJ-2025-FT-ERMO-Q10,④,X2,X2,仅词典命中弱信号(精度约0.66-0.88)，不构成准入依据；本册是否可独立判断整个题肢、官方正误需模型/人工阶段核定,2026-09-24-attribution-v2
BJ-2025-FT-ERMO-Q11,①,,X2,仅词典命中弱信号(精度约0.66-0.88)，不构成准入依据；本册是否可独立判断整个题肢、官方正误需模型/人工阶段核定,2026-09-24-attribution-v2
BJ-2025-FT-ERMO-Q11,②,X2,X2,仅词典命中弱信号(精度约0.66-0.88)，不构成准入依据；本册是否可独立判断整个题肢、官方正误需模型/人工阶段核定,2026-09-24-attribution-v2
BJ-2025-FT-ERMO-Q11,③,,X2,仅词典命中弱信号(精度约0.66-0.88)，不构成准入依据；本册是否可独立判断整个题肢、官方正误需模型/人工阶段核定,2026-09-24-attribution-v2
BJ-2025-FT-ERMO-Q11,④,X2,X2,仅词典命中弱信号(精度约0.66-0.88)，不构成准入依据；本册是否可独立判断整个题肢、官方正误需模型/人工阶段核定,2026-09-24-attribution-v2
BJ-2025-FT-ERMO-Q12,①,RE,B2,仅词典命中弱信号(精度约0.66-0.88)，不构成准入依据；本册是否可独立判断整个题肢、官方正误需模型/人工阶段核定,2026-09-24-attribution-v2
BJ-2025-FT-ERMO-Q12,②,MI,B2,仅词典命中弱信号(精度约0.66-0.88)，不构成准入依据；本册是否可独立判断整个题肢、官方正误需模型/人工阶段核定,2026-09-24-attribution-v2
BJ-2025-FT-ERMO-Q12,③,MI,B2,仅词典命中弱信号(精度约0.66-0.88)，不构成准入依据；本册是否可独立判断整个题肢、官方正误需模型/人工阶段核定,2026-09-24-attribution-v2
BJ-2025-FT-ERMO-Q12,④,,B2,仅词典命中弱信号(精度约0.66-0.88)，不构成准入依据；本册是否可独立判断整个题肢、官方正误需模型/人工阶段核定,2026-09-24-attribution-v2
BJ-2025-FT-ERMO-Q13,A,RE,B2,仅词典命中弱信号(精度约0.66-0.88)，不构成准入依据；本册是否可独立判断整个题肢、官方正误需模型/人工阶段核定,2026-09-24-attribution-v2
BJ-2025-FT-ERMO-Q13,B,RE,B2,仅词典命中弱信号(精度约0.66-0.88)，不构成准入依据；本册是否可独立判断整个题肢、官方正误需模型/人工阶段核定,2026-09-24-attribution-v2
BJ-2025-FT-ERMO-Q13,C,RE,B2,仅词典命中弱信号(精度约0.66-0.88)，不构成准入依据；本册是否可独立判断整个题肢、官方正误需模型/人工阶段核定,2026-09-24-attribution-v2
BJ-2025-FT-ERMO-Q13,D,RE,B2,仅词典命中弱信号(精度约0.66-0.88)，不构成准入依据；本册是否可独立判断整个题肢、官方正误需模型/人工阶段核定,2026-09-24-attribution-v2
BJ-2025-FT-ERMO-Q14,①,MI,X1,仅词典命中弱信号(精度约0.66-0.88)，不构成准入依据；本册是否可独立判断整个题肢、官方正误需模型/人工阶段核定,2026-09-24-attribution-v2
BJ-2025-FT-ERMO-Q14,②,MI,X1,仅词典命中弱信号(精度约0.66-0.88)，不构成准入依据；本册是否可独立判断整个题肢、官方正误需模型/人工阶段核定,2026-09-24-attribution-v2
BJ-2025-FT-ERMO-Q14,③,,X1,仅词典命中弱信号(精度约0.66-0.88)，不构成准入依据；本册是否可独立判断整个题肢、官方正误需模型/人工阶段核定,2026-09-24-attribution-v2
BJ-2025-FT-ERMO-Q14,④,MI,X1,仅词典命中弱信号(精度约0.66-0.88)，不构成准入依据；本册是否可独立判断整个题肢、官方正误需模型/人工阶段核定,2026-09-24-attribution-v2
BJ-2025-FT-ERMO-Q15,①,B2,X1,仅词典命中弱信号(精度约0.66-0.88)，不构成准入依据；本册是否可独立判断整个题肢、官方正误需模型/人工阶段核定,2026-09-24-attribution-v2
BJ-2025-FT-ERMO-Q15,②,X1,X1,仅词典命中弱信号(精度约0.66-0.88)，不构成准入依据；本册是否可独立判断整个题肢、官方正误需模型/人工阶段核定,2026-09-24-attribution-v2
BJ-2025-FT-ERMO-Q15,③,B2,X1,仅词典命中弱信号(精度约0.66-0.88)，不构成准入依据；本册是否可独立判断整个题肢、官方正误需模型/人工阶段核定,2026-09-24-attribution-v2
BJ-2025-FT-ERMO-Q15,④,X1,X1,仅词典命中弱信号(精度约0.66-0.88)，不构成准入依据；本册是否可独立判断整个题肢、官方正误需模型/人工阶段核定,2026-09-24-attribution-v2
BJ-2025-FT-ERMO-Q7,①,,B3,仅词典命中弱信号(精度约0.66-0.88)，不构成准入依据；本册是否可独立判断整个题肢、官方正误需模型/人工阶段核定,2026-09-24-attribution-v2
BJ-2025-FT-ERMO-Q7,②,B2,B3,仅词典命中弱信号(精度约0.66-0.88)，不构成准入依据；本册是否可独立判断整个题肢、官方正误需模型/人工阶段核定,2026-09-24-attribution-v2
BJ-2025-FT-ERMO-Q7,③,B2,B3,仅词典命中弱信号(精度约0.66-0.88)，不构成准入依据；本册是否可独立判断整个题肢、官方正误需模型/人工阶段核定,2026-09-24-attribution-v2
BJ-2025-FT-ERMO-Q7,④,,B3,仅词典命中弱信号(精度约0.66-0.88)，不构成准入依据；本册是否可独立判断整个题肢、官方正误需模型/人工阶段核定,2026-09-24-attribution-v2
BJ-2025-CP-ERMO-Q2,①,PH,CU,仅词典命中弱信号(精度约0.66-0.88)，不构成准入依据；本册是否可独立判断整个题肢、官方正误需模型/人工阶段核定,2026-09-24-attribution-v2
BJ-2025-CP-ERMO-Q2,②,,CU,仅词典命中弱信号(精度约0.66-0.88)，不构成准入依据；本册是否可独立判断整个题肢、官方正误需模型/人工阶段核定,2026-09-24-attribution-v2
BJ-2025-CP-ERMO-Q2,③,PH,CU,仅词典命中弱信号(精度约0.66-0.88)，不构成准入依据；本册是否可独立判断整个题肢、官方正误需模型/人工阶段核定,2026-09-24-attribution-v2
BJ-2025-CP-ERMO-Q2,④,,CU,仅词典命中弱信号(精度约0.66-0.88)，不构成准入依据；本册是否可独立判断整个题肢、官方正误需模型/人工阶段核定,2026-09-24-attribution-v2
BJ-2025-CP-ERMO-Q3,①,,PH,仅词典命中弱信号(精度约0.66-0.88)，不构成准入依据；本册是否可独立判断整个题肢、官方正误需模型/人工阶段核定,2026-09-24-attribution-v2
BJ-2025-CP-ERMO-Q3,②,MI,PH,仅词典命中弱信号(精度约0.66-0.88)，不构成准入依据；本册是否可独立判断整个题肢、官方正误需模型/人工阶段核定,2026-09-24-attribution-v2
BJ-2025-CP-ERMO-Q3,③,,PH,仅词典命中弱信号(精度约0.66-0.88)，不构成准入依据；本册是否可独立判断整个题肢、官方正误需模型/人工阶段核定,2026-09-24-attribution-v2
BJ-2025-CP-ERMO-Q3,④,RE,PH,仅词典命中弱信号(精度约0.66-0.88)，不构成准入依据；本册是否可独立判断整个题肢、官方正误需模型/人工阶段核定,2026-09-24-attribution-v2
BJ-2025-CP-ERMO-Q4,①,PH,PH,仅词典命中弱信号(精度约0.66-0.88)，不构成准入依据；本册是否可独立判断整个题肢、官方正误需模型/人工阶段核定,2026-09-24-attribution-v2
BJ-2025-CP-ERMO-Q4,②,,PH,仅词典命中弱信号(精度约0.66-0.88)，不构成准入依据；本册是否可独立判断整个题肢、官方正误需模型/人工阶段核定,2026-09-24-attribution-v2
BJ-2025-CP-ERMO-Q4,③,,PH,仅词典命中弱信号(精度约0.66-0.88)，不构成准入依据；本册是否可独立判断整个题肢、官方正误需模型/人工阶段核定,2026-09-24-attribution-v2
BJ-2025-CP-ERMO-Q4,④,B2,PH,仅词典命中弱信号(精度约0.66-0.88)，不构成准入依据；本册是否可独立判断整个题肢、官方正误需模型/人工阶段核定,2026-09-24-attribution-v2
BJ-2025-CP-ERMO-Q5,①,,PH,仅词典命中弱信号(精度约0.66-0.88)，不构成准入依据；本册是否可独立判断整个题肢、官方正误需模型/人工阶段核定,2026-09-24-attribution-v2
BJ-2025-CP-ERMO-Q5,②,,PH,仅词典命中弱信号(精度约0.66-0.88)，不构成准入依据；本册是否可独立判断整个题肢、官方正误需模型/人工阶段核定,2026-09-24-attribution-v2
BJ-2025-CP-ERMO-Q5,③,,PH,仅词典命中弱信号(精度约0.66-0.88)，不构成准入依据；本册是否可独立判断整个题肢、官方正误需模型/人工阶段核定,2026-09-24-attribution-v2
BJ-2025-CP-ERMO-Q5,④,CU,PH,仅词典命中弱信号(精度约0.66-0.88)，不构成准入依据；本册是否可独立判断整个题肢、官方正误需模型/人工阶段核定,2026-09-24-attribution-v2
BJ-2025-CP-ERMO-Q6,①,PH,RE,仅词典命中弱信号(精度约0.66-0.88)，不构成准入依据；本册是否可独立判断整个题肢、官方正误需模型/人工阶段核定,2026-09-24-attribution-v2
BJ-2025-CP-ERMO-Q6,②,,RE,仅词典命中弱信号(精度约0.66-0.88)，不构成准入依据；本册是否可独立判断整个题肢、官方正误需模型/人工阶段核定,2026-09-24-attribution-v2
BJ-2025-CP-ERMO-Q6,③,,RE,仅词典命中弱信号(精度约0.66-0.88)，不构成准入依据；本册是否可独立判断整个题肢、官方正误需模型/人工阶段核定,2026-09-24-attribution-v2
BJ-2025-CP-ERMO-Q6,④,,RE,仅词典命中弱信号(精度约0.66-0.88)，不构成准入依据；本册是否可独立判断整个题肢、官方正误需模型/人工阶段核定,2026-09-24-attribution-v2
BJ-2025-CP-ERMO-Q7,①,B2,RE,仅词典命中弱信号(精度约0.66-0.88)，不构成准入依据；本册是否可独立判断整个题肢、官方正误需模型/人工阶段核定,2026-09-24-attribution-v2
BJ-2025-CP-ERMO-Q7,②,,RE,仅词典命中弱信号(精度约0.66-0.88)，不构成准入依据；本册是否可独立判断整个题肢、官方正误需模型/人工阶段核定,2026-09-24-attribution-v2
BJ-2025-CP-ERMO-Q7,③,,RE,仅词典命中弱信号(精度约0.66-0.88)，不构成准入依据；本册是否可独立判断整个题肢、官方正误需模型/人工阶段核定,2026-09-24-attribution-v2
BJ-2025-CP-ERMO-Q7,④,B2,RE,仅词典命中弱信号(精度约0.66-0.88)，不构成准入依据；本册是否可独立判断整个题肢、官方正误需模型/人工阶段核定,2026-09-24-attribution-v2
BJ-2025-CP-ERMO-Q8,①,B2,B3,仅词典命中弱信号(精度约0.66-0.88)，不构成准入依据；本册是否可独立判断整个题肢、官方正误需模型/人工阶段核定,2026-09-24-attribution-v2
BJ-2025-CP-ERMO-Q8,②,,B3,仅词典命中弱信号(精度约0.66-0.88)，不构成准入依据；本册是否可独立判断整个题肢、官方正误需模型/人工阶段核定,2026-09-24-attribution-v2
BJ-2025-CP-ERMO-Q8,③,,B3,仅词典命中弱信号(精度约0.66-0.88)，不构成准入依据；本册是否可独立判断整个题肢、官方正误需模型/人工阶段核定,2026-09-24-attribution-v2
BJ-2025-CP-ERMO-Q8,④,B2,B3,仅词典命中弱信号(精度约0.66-0.88)，不构成准入依据；本册是否可独立判断整个题肢、官方正误需模型/人工阶段核定,2026-09-24-attribution-v2
BJ-2025-CP-ERMO-Q9,A,B2,B3,仅词典命中弱信号(精度约0.66-0.88)，不构成准入依据；本册是否可独立判断整个题肢、官方正误需模型/人工阶段核定,2026-09-24-attribution-v2
BJ-2025-CP-ERMO-Q9,B,B2,B3,仅词典命中弱信号(精度约0.66-0.88)，不构成准入依据；本册是否可独立判断整个题肢、官方正误需模型/人工阶段核定,2026-09-24-attribution-v2
BJ-2025-CP-ERMO-Q9,C,,B3,仅词典命中弱信号(精度约0.66-0.88)，不构成准入依据；本册是否可独立判断整个题肢、官方正误需模型/人工阶段核定,2026-09-24-attribution-v2
BJ-2025-CP-ERMO-Q9,D,B2,B3,仅词典命中弱信号(精度约0.66-0.88)，不构成准入依据；本册是否可独立判断整个题肢、官方正误需模型/人工阶段核定,2026-09-24-attribution-v2
BJ-2025-CP-ERMO-Q10,①,,X2,仅词典命中弱信号(精度约0.66-0.88)，不构成准入依据；本册是否可独立判断整个题肢、官方正误需模型/人工阶段核定,2026-09-24-attribution-v2
BJ-2025-CP-ERMO-Q10,②,B2,X2,仅词典命中弱信号(精度约0.66-0.88)，不构成准入依据；本册是否可独立判断整个题肢、官方正误需模型/人工阶段核定,2026-09-24-attribution-v2
BJ-2025-CP-ERMO-Q10,③,B2,X2,仅词典命中弱信号(精度约0.66-0.88)，不构成准入依据；本册是否可独立判断整个题肢、官方正误需模型/人工阶段核定,2026-09-24-attribution-v2
BJ-2025-CP-ERMO-Q10,④,PH,X2,仅词典命中弱信号(精度约0.66-0.88)，不构成准入依据；本册是否可独立判断整个题肢、官方正误需模型/人工阶段核定,2026-09-24-attribution-v2
BJ-2025-CP-ERMO-Q11,A,X1,X2,仅词典命中弱信号(精度约0.66-0.88)，不构成准入依据；本册是否可独立判断整个题肢、官方正误需模型/人工阶段核定,2026-09-24-attribution-v2
BJ-2025-CP-ERMO-Q11,B,X1,X2,仅词典命中弱信号(精度约0.66-0.88)，不构成准入依据；本册是否可独立判断整个题肢、官方正误需模型/人工阶段核定,2026-09-24-attribution-v2
BJ-2025-CP-ERMO-Q11,C,X1,X2,仅词典命中弱信号(精度约0.66-0.88)，不构成准入依据；本册是否可独立判断整个题肢、官方正误需模型/人工阶段核定,2026-09-24-attribution-v2
BJ-2025-CP-ERMO-Q11,D,X1,X2,仅词典命中弱信号(精度约0.66-0.88)，不构成准入依据；本册是否可独立判断整个题肢、官方正误需模型/人工阶段核定,2026-09-24-attribution-v2
BJ-2025-CP-ERMO-Q12,A,MI,B2,仅词典命中弱信号(精度约0.66-0.88)，不构成准入依据；本册是否可独立判断整个题肢、官方正误需模型/人工阶段核定,2026-09-24-attribution-v2
BJ-2025-CP-ERMO-Q12,B,MI,B2,仅词典命中弱信号(精度约0.66-0.88)，不构成准入依据；本册是否可独立判断整个题肢、官方正误需模型/人工阶段核定,2026-09-24-attribution-v2
BJ-2025-CP-ERMO-Q12,C,,B2,仅词典命中弱信号(精度约0.66-0.88)，不构成准入依据；本册是否可独立判断整个题肢、官方正误需模型/人工阶段核定,2026-09-24-attribution-v2
BJ-2025-CP-ERMO-Q12,D,MI,B2,仅词典命中弱信号(精度约0.66-0.88)，不构成准入依据；本册是否可独立判断整个题肢、官方正误需模型/人工阶段核定,2026-09-24-attribution-v2
BJ-2025-CP-ERMO-Q13,①,,B2,仅词典命中弱信号(精度约0.66-0.88)，不构成准入依据；本册是否可独立判断整个题肢、官方正误需模型/人工阶段核定,2026-09-24-attribution-v2
BJ-2025-CP-ERMO-Q13,②,B2,B2,仅词典命中弱信号(精度约0.66-0.88)，不构成准入依据；本册是否可独立判断整个题肢、官方正误需模型/人工阶段核定,2026-09-24-attribution-v2
BJ-2025-CP-ERMO-Q13,③,B2,B2,仅词典命中弱信号(精度约0.66-0.88)，不构成准入依据；本册是否可独立判断整个题肢、官方正误需模型/人工阶段核定,2026-09-24-attribution-v2
BJ-2025-CP-ERMO-Q13,④,B2,B2,仅词典命中弱信号(精度约0.66-0.88)，不构成准入依据；本册是否可独立判断整个题肢、官方正误需模型/人工阶段核定,2026-09-24-attribution-v2
BJ-2025-CP-ERMO-Q14,①,X2,X1,仅词典命中弱信号(精度约0.66-0.88)，不构成准入依据；本册是否可独立判断整个题肢、官方正误需模型/人工阶段核定,2026-09-24-attribution-v2
BJ-2025-CP-ERMO-Q14,②,X2,X1,仅词典命中弱信号(精度约0.66-0.88)，不构成准入依据；本册是否可独立判断整个题肢、官方正误需模型/人工阶段核定,2026-09-24-attribution-v2
BJ-2025-CP-ERMO-Q14,③,X2,X1,仅词典命中弱信号(精度约0.66-0.88)，不构成准入依据；本册是否可独立判断整个题肢、官方正误需模型/人工阶段核定,2026-09-24-attribution-v2
BJ-2025-CP-ERMO-Q14,④,X2,X1,仅词典命中弱信号(精度约0.66-0.88)，不构成准入依据；本册是否可独立判断整个题肢、官方正误需模型/人工阶段核定,2026-09-24-attribution-v2
BJ-2025-CP-ERMO-Q15,A,X2,X1,仅词典命中弱信号(精度约0.66-0.88)，不构成准入依据；本册是否可独立判断整个题肢、官方正误需模型/人工阶段核定,2026-09-24-attribution-v2
BJ-2025-CP-ERMO-Q15,C,X2,X1,仅词典命中弱信号(精度约0.66-0.88)，不构成准入依据；本册是否可独立判断整个题肢、官方正误需模型/人工阶段核定,2026-09-24-attribution-v2
BJ-2025-CP-ERMO-Q15,D,X2,X1,仅词典命中弱信号(精度约0.66-0.88)，不构成准入依据；本册是否可独立判断整个题肢、官方正误需模型/人工阶段核定,2026-09-24-attribution-v2
BJ-2025-HD-ERMO-Q5,A,X2,PH,仅词典命中弱信号(精度约0.66-0.88)，不构成准入依据；本册是否可独立判断整个题肢、官方正误需模型/人工阶段核定,2026-09-24-attribution-v2
BJ-2025-HD-ERMO-Q5,B,B2;X2,PH,仅词典命中弱信号(精度约0.66-0.88)，不构成准入依据；本册是否可独立判断整个题肢、官方正误需模型/人工阶段核定,2026-09-24-attribution-v2
BJ-2025-HD-ERMO-Q5,C,,PH,仅词典命中弱信号(精度约0.66-0.88)，不构成准入依据；本册是否可独立判断整个题肢、官方正误需模型/人工阶段核定,2026-09-24-attribution-v2
BJ-2025-HD-ERMO-Q5,D,X2,PH,仅词典命中弱信号(精度约0.66-0.88)，不构成准入依据；本册是否可独立判断整个题肢、官方正误需模型/人工阶段核定,2026-09-24-attribution-v2
BJ-2025-HD-ERMO-Q7,①,,B3,仅词典命中弱信号(精度约0.66-0.88)，不构成准入依据；本册是否可独立判断整个题肢、官方正误需模型/人工阶段核定,2026-09-24-attribution-v2
BJ-2025-HD-ERMO-Q7,②,,B3,仅词典命中弱信号(精度约0.66-0.88)，不构成准入依据；本册是否可独立判断整个题肢、官方正误需模型/人工阶段核定,2026-09-24-attribution-v2
BJ-2025-HD-ERMO-Q7,③,,B3,仅词典命中弱信号(精度约0.66-0.88)，不构成准入依据；本册是否可独立判断整个题肢、官方正误需模型/人工阶段核定,2026-09-24-attribution-v2
BJ-2025-HD-ERMO-Q7,④,B2,B3,仅词典命中弱信号(精度约0.66-0.88)，不构成准入依据；本册是否可独立判断整个题肢、官方正误需模型/人工阶段核定,2026-09-24-attribution-v2
BJ-2025-HD-ERMO-Q9,①,,B3,仅词典命中弱信号(精度约0.66-0.88)，不构成准入依据；本册是否可独立判断整个题肢、官方正误需模型/人工阶段核定,2026-09-24-attribution-v2
BJ-2025-HD-ERMO-Q9,②,CU,B3,仅词典命中弱信号(精度约0.66-0.88)，不构成准入依据；本册是否可独立判断整个题肢、官方正误需模型/人工阶段核定,2026-09-24-attribution-v2
BJ-2025-HD-ERMO-Q9,③,,B3,仅词典命中弱信号(精度约0.66-0.88)，不构成准入依据；本册是否可独立判断整个题肢、官方正误需模型/人工阶段核定,2026-09-24-attribution-v2
BJ-2025-HD-ERMO-Q9,④,,B3,仅词典命中弱信号(精度约0.66-0.88)，不构成准入依据；本册是否可独立判断整个题肢、官方正误需模型/人工阶段核定,2026-09-24-attribution-v2
BJ-2025-HD-ERMO-Q14,①,X1,X1,仅词典命中弱信号(精度约0.66-0.88)，不构成准入依据；本册是否可独立判断整个题肢、官方正误需模型/人工阶段核定,2026-09-24-attribution-v2
BJ-2025-HD-ERMO-Q14,②,,X1,仅词典命中弱信号(精度约0.66-0.88)，不构成准入依据；本册是否可独立判断整个题肢、官方正误需模型/人工阶段核定,2026-09-24-attribution-v2
BJ-2025-HD-ERMO-Q14,③,X2,X1,仅词典命中弱信号(精度约0.66-0.88)，不构成准入依据；本册是否可独立判断整个题肢、官方正误需模型/人工阶段核定,2026-09-24-attribution-v2
BJ-2025-HD-ERMO-Q14,④,,X1,仅词典命中弱信号(精度约0.66-0.88)，不构成准入依据；本册是否可独立判断整个题肢、官方正误需模型/人工阶段核定,2026-09-24-attribution-v2
BJ-2025-HD-ERMO-Q1,①,B2;PH,B3,仅词典命中弱信号(精度约0.66-0.88)，不构成准入依据；本册是否可独立判断整个题肢、官方正误需模型/人工阶段核定,2026-09-24-attribution-v2
BJ-2025-HD-ERMO-Q1,②,B2,B3,仅词典命中弱信号(精度约0.66-0.88)，不构成准入依据；本册是否可独立判断整个题肢、官方正误需模型/人工阶段核定,2026-09-24-attribution-v2
BJ-2025-HD-ERMO-Q1,③,B2,B3,仅词典命中弱信号(精度约0.66-0.88)，不构成准入依据；本册是否可独立判断整个题肢、官方正误需模型/人工阶段核定,2026-09-24-attribution-v2
BJ-2025-HD-ERMO-Q1,④,,B3,仅词典命中弱信号(精度约0.66-0.88)，不构成准入依据；本册是否可独立判断整个题肢、官方正误需模型/人工阶段核定,2026-09-24-attribution-v2
BJ-2025-HD-ERMO-Q2,①,,CU,仅词典命中弱信号(精度约0.66-0.88)，不构成准入依据；本册是否可独立判断整个题肢、官方正误需模型/人工阶段核定,2026-09-24-attribution-v2
BJ-2025-HD-ERMO-Q2,②,B3,CU,仅词典命中弱信号(精度约0.66-0.88)，不构成准入依据；本册是否可独立判断整个题肢、官方正误需模型/人工阶段核定,2026-09-24-attribution-v2
BJ-2025-HD-ERMO-Q2,③,,CU,仅词典命中弱信号(精度约0.66-0.88)，不构成准入依据；本册是否可独立判断整个题肢、官方正误需模型/人工阶段核定,2026-09-24-attribution-v2
BJ-2025-HD-ERMO-Q2,④,B3,CU,仅词典命中弱信号(精度约0.66-0.88)，不构成准入依据；本册是否可独立判断整个题肢、官方正误需模型/人工阶段核定,2026-09-24-attribution-v2
BJ-2025-HD-ERMO-Q3,①,B3,PH,仅词典命中弱信号(精度约0.66-0.88)，不构成准入依据；本册是否可独立判断整个题肢、官方正误需模型/人工阶段核定,2026-09-24-attribution-v2
BJ-2025-HD-ERMO-Q3,②,B3,PH,仅词典命中弱信号(精度约0.66-0.88)，不构成准入依据；本册是否可独立判断整个题肢、官方正误需模型/人工阶段核定,2026-09-24-attribution-v2
BJ-2025-HD-ERMO-Q3,③,B2,PH,仅词典命中弱信号(精度约0.66-0.88)，不构成准入依据；本册是否可独立判断整个题肢、官方正误需模型/人工阶段核定,2026-09-24-attribution-v2
BJ-2025-HD-ERMO-Q3,④,,PH,仅词典命中弱信号(精度约0.66-0.88)，不构成准入依据；本册是否可独立判断整个题肢、官方正误需模型/人工阶段核定,2026-09-24-attribution-v2
BJ-2025-HD-ERMO-Q4,①,,PH,仅词典命中弱信号(精度约0.66-0.88)，不构成准入依据；本册是否可独立判断整个题肢、官方正误需模型/人工阶段核定,2026-09-24-attribution-v2
BJ-2025-HD-ERMO-Q4,②,X1,PH,仅词典命中弱信号(精度约0.66-0.88)，不构成准入依据；本册是否可独立判断整个题肢、官方正误需模型/人工阶段核定,2026-09-24-attribution-v2
BJ-2025-HD-ERMO-Q4,③,B2,PH,仅词典命中弱信号(精度约0.66-0.88)，不构成准入依据；本册是否可独立判断整个题肢、官方正误需模型/人工阶段核定,2026-09-24-attribution-v2
BJ-2025-HD-ERMO-Q4,④,,PH,仅词典命中弱信号(精度约0.66-0.88)，不构成准入依据；本册是否可独立判断整个题肢、官方正误需模型/人工阶段核定,2026-09-24-attribution-v2
BJ-2025-HD-ERMO-Q8,①,,B3,仅词典命中弱信号(精度约0.66-0.88)，不构成准入依据；本册是否可独立判断整个题肢、官方正误需模型/人工阶段核定,2026-09-24-attribution-v2
BJ-2025-HD-ERMO-Q8,②,B2,B3,仅词典命中弱信号(精度约0.66-0.88)，不构成准入依据；本册是否可独立判断整个题肢、官方正误需模型/人工阶段核定,2026-09-24-attribution-v2
BJ-2025-HD-ERMO-Q8,③,B2,B3,仅词典命中弱信号(精度约0.66-0.88)，不构成准入依据；本册是否可独立判断整个题肢、官方正误需模型/人工阶段核定,2026-09-24-attribution-v2
BJ-2025-HD-ERMO-Q8,④,B2,B3,仅词典命中弱信号(精度约0.66-0.88)，不构成准入依据；本册是否可独立判断整个题肢、官方正误需模型/人工阶段核定,2026-09-24-attribution-v2
BJ-2025-HD-ERMO-Q6,①,,RE,仅词典命中弱信号(精度约0.66-0.88)，不构成准入依据；本册是否可独立判断整个题肢、官方正误需模型/人工阶段核定,2026-09-24-attribution-v2
BJ-2025-HD-ERMO-Q6,②,,RE,仅词典命中弱信号(精度约0.66-0.88)，不构成准入依据；本册是否可独立判断整个题肢、官方正误需模型/人工阶段核定,2026-09-24-attribution-v2
BJ-2025-HD-ERMO-Q6,③,,RE,仅词典命中弱信号(精度约0.66-0.88)，不构成准入依据；本册是否可独立判断整个题肢、官方正误需模型/人工阶段核定,2026-09-24-attribution-v2
BJ-2025-HD-ERMO-Q6,④,X2,RE,仅词典命中弱信号(精度约0.66-0.88)，不构成准入依据；本册是否可独立判断整个题肢、官方正误需模型/人工阶段核定,2026-09-24-attribution-v2
BJ-2025-HD-ERMO-Q10,①,PH,X2,仅词典命中弱信号(精度约0.66-0.88)，不构成准入依据；本册是否可独立判断整个题肢、官方正误需模型/人工阶段核定,2026-09-24-attribution-v2
BJ-2025-HD-ERMO-Q10,②,X1,X2,仅词典命中弱信号(精度约0.66-0.88)，不构成准入依据；本册是否可独立判断整个题肢、官方正误需模型/人工阶段核定,2026-09-24-attribution-v2
BJ-2025-HD-ERMO-Q10,③,,X2,仅词典命中弱信号(精度约0.66-0.88)，不构成准入依据；本册是否可独立判断整个题肢、官方正误需模型/人工阶段核定,2026-09-24-attribution-v2
BJ-2025-HD-ERMO-Q10,④,,X2,仅词典命中弱信号(精度约0.66-0.88)，不构成准入依据；本册是否可独立判断整个题肢、官方正误需模型/人工阶段核定,2026-09-24-attribution-v2
BJ-2025-HD-ERMO-Q11,①,RE,X2,仅词典命中弱信号(精度约0.66-0.88)，不构成准入依据；本册是否可独立判断整个题肢、官方正误需模型/人工阶段核定,2026-09-24-attribution-v2
BJ-2025-HD-ERMO-Q11,②,MI,X2,仅词典命中弱信号(精度约0.66-0.88)，不构成准入依据；本册是否可独立判断整个题肢、官方正误需模型/人工阶段核定,2026-09-24-attribution-v2
BJ-2025-HD-ERMO-Q11,③,,X2,仅词典命中弱信号(精度约0.66-0.88)，不构成准入依据；本册是否可独立判断整个题肢、官方正误需模型/人工阶段核定,2026-09-24-attribution-v2
BJ-2025-HD-ERMO-Q11,④,,X2,仅词典命中弱信号(精度约0.66-0.88)，不构成准入依据；本册是否可独立判断整个题肢、官方正误需模型/人工阶段核定,2026-09-24-attribution-v2
BJ-2025-HD-ERMO-Q12,①,,B2,仅词典命中弱信号(精度约0.66-0.88)，不构成准入依据；本册是否可独立判断整个题肢、官方正误需模型/人工阶段核定,2026-09-24-attribution-v2
BJ-2025-HD-ERMO-Q12,②,B2,B2,仅词典命中弱信号(精度约0.66-0.88)，不构成准入依据；本册是否可独立判断整个题肢、官方正误需模型/人工阶段核定,2026-09-24-attribution-v2
BJ-2025-HD-ERMO-Q12,③,,B2,仅词典命中弱信号(精度约0.66-0.88)，不构成准入依据；本册是否可独立判断整个题肢、官方正误需模型/人工阶段核定,2026-09-24-attribution-v2
BJ-2025-HD-ERMO-Q12,④,MI,B2,仅词典命中弱信号(精度约0.66-0.88)，不构成准入依据；本册是否可独立判断整个题肢、官方正误需模型/人工阶段核定,2026-09-24-attribution-v2
BJ-2025-HD-ERMO-Q13,A,X1,B2,仅词典命中弱信号(精度约0.66-0.88)，不构成准入依据；本册是否可独立判断整个题肢、官方正误需模型/人工阶段核定,2026-09-24-attribution-v2
BJ-2025-HD-ERMO-Q13,B,B3,B2,仅词典命中弱信号(精度约0.66-0.88)，不构成准入依据；本册是否可独立判断整个题肢、官方正误需模型/人工阶段核定,2026-09-24-attribution-v2
BJ-2025-HD-ERMO-Q13,C,X1,B2,仅词典命中弱信号(精度约0.66-0.88)，不构成准入依据；本册是否可独立判断整个题肢、官方正误需模型/人工阶段核定,2026-09-24-attribution-v2
BJ-2025-HD-ERMO-Q13,D,X1,B2,仅词典命中弱信号(精度约0.66-0.88)，不构成准入依据；本册是否可独立判断整个题肢、官方正误需模型/人工阶段核定,2026-09-24-attribution-v2
BJ-2025-HD-ERMO-Q15,①,,X1,仅词典命中弱信号(精度约0.66-0.88)，不构成准入依据；本册是否可独立判断整个题肢、官方正误需模型/人工阶段核定,2026-09-24-attribution-v2
BJ-2025-HD-ERMO-Q15,②,X1,X1,仅词典命中弱信号(精度约0.66-0.88)，不构成准入依据；本册是否可独立判断整个题肢、官方正误需模型/人工阶段核定,2026-09-24-attribution-v2
BJ-2025-HD-ERMO-Q15,③,,X1,仅词典命中弱信号(精度约0.66-0.88)，不构成准入依据；本册是否可独立判断整个题肢、官方正误需模型/人工阶段核定,2026-09-24-attribution-v2
BJ-2025-HD-ERMO-Q15,④,X1,X1,仅词典命中弱信号(精度约0.66-0.88)，不构成准入依据；本册是否可独立判断整个题肢、官方正误需模型/人工阶段核定,2026-09-24-attribution-v2
BJ-2025-XC-ERMO-Q1,①,,B3,仅词典命中弱信号(精度约0.66-0.88)，不构成准入依据；本册是否可独立判断整个题肢、官方正误需模型/人工阶段核定,2026-09-24-attribution-v2
BJ-2025-XC-ERMO-Q1,②,CU,B3,仅词典命中弱信号(精度约0.66-0.88)，不构成准入依据；本册是否可独立判断整个题肢、官方正误需模型/人工阶段核定,2026-09-24-attribution-v2
BJ-2025-XC-ERMO-Q1,③,,B3,仅词典命中弱信号(精度约0.66-0.88)，不构成准入依据；本册是否可独立判断整个题肢、官方正误需模型/人工阶段核定,2026-09-24-attribution-v2
BJ-2025-XC-ERMO-Q1,④,,B3,仅词典命中弱信号(精度约0.66-0.88)，不构成准入依据；本册是否可独立判断整个题肢、官方正误需模型/人工阶段核定,2026-09-24-attribution-v2
BJ-2025-XC-ERMO-Q2,①,MI;PH,CU,仅词典命中弱信号(精度约0.66-0.88)，不构成准入依据；本册是否可独立判断整个题肢、官方正误需模型/人工阶段核定,2026-09-24-attribution-v2
BJ-2025-XC-ERMO-Q2,②,,CU,仅词典命中弱信号(精度约0.66-0.88)，不构成准入依据；本册是否可独立判断整个题肢、官方正误需模型/人工阶段核定,2026-09-24-attribution-v2
BJ-2025-XC-ERMO-Q2,③,X1,CU,仅词典命中弱信号(精度约0.66-0.88)，不构成准入依据；本册是否可独立判断整个题肢、官方正误需模型/人工阶段核定,2026-09-24-attribution-v2
BJ-2025-XC-ERMO-Q2,④,,CU,仅词典命中弱信号(精度约0.66-0.88)，不构成准入依据；本册是否可独立判断整个题肢、官方正误需模型/人工阶段核定,2026-09-24-attribution-v2
BJ-2025-XC-ERMO-Q3,①,,PH,仅词典命中弱信号(精度约0.66-0.88)，不构成准入依据；本册是否可独立判断整个题肢、官方正误需模型/人工阶段核定,2026-09-24-attribution-v2
BJ-2025-XC-ERMO-Q3,②,B2,PH,仅词典命中弱信号(精度约0.66-0.88)，不构成准入依据；本册是否可独立判断整个题肢、官方正误需模型/人工阶段核定,2026-09-24-attribution-v2
BJ-2025-XC-ERMO-Q3,③,,PH,仅词典命中弱信号(精度约0.66-0.88)，不构成准入依据；本册是否可独立判断整个题肢、官方正误需模型/人工阶段核定,2026-09-24-attribution-v2
BJ-2025-XC-ERMO-Q3,④,,PH,仅词典命中弱信号(精度约0.66-0.88)，不构成准入依据；本册是否可独立判断整个题肢、官方正误需模型/人工阶段核定,2026-09-24-attribution-v2
BJ-2025-XC-ERMO-Q4,A,PH,PH,仅词典命中弱信号(精度约0.66-0.88)，不构成准入依据；本册是否可独立判断整个题肢、官方正误需模型/人工阶段核定,2026-09-24-attribution-v2
BJ-2025-XC-ERMO-Q4,B,,PH,仅词典命中弱信号(精度约0.66-0.88)，不构成准入依据；本册是否可独立判断整个题肢、官方正误需模型/人工阶段核定,2026-09-24-attribution-v2
BJ-2025-XC-ERMO-Q4,C,PH,PH,仅词典命中弱信号(精度约0.66-0.88)，不构成准入依据；本册是否可独立判断整个题肢、官方正误需模型/人工阶段核定,2026-09-24-attribution-v2
BJ-2025-XC-ERMO-Q4,D,PH,PH,仅词典命中弱信号(精度约0.66-0.88)，不构成准入依据；本册是否可独立判断整个题肢、官方正误需模型/人工阶段核定,2026-09-24-attribution-v2
BJ-2025-XC-ERMO-Q5,①,,PH,仅词典命中弱信号(精度约0.66-0.88)，不构成准入依据；本册是否可独立判断整个题肢、官方正误需模型/人工阶段核定,2026-09-24-attribution-v2
BJ-2025-XC-ERMO-Q5,②,,PH,仅词典命中弱信号(精度约0.66-0.88)，不构成准入依据；本册是否可独立判断整个题肢、官方正误需模型/人工阶段核定,2026-09-24-attribution-v2
BJ-2025-XC-ERMO-Q5,③,,PH,仅词典命中弱信号(精度约0.66-0.88)，不构成准入依据；本册是否可独立判断整个题肢、官方正误需模型/人工阶段核定,2026-09-24-attribution-v2
BJ-2025-XC-ERMO-Q5,④,,PH,仅词典命中弱信号(精度约0.66-0.88)，不构成准入依据；本册是否可独立判断整个题肢、官方正误需模型/人工阶段核定,2026-09-24-attribution-v2
BJ-2025-XC-ERMO-Q6,A,,RE,仅词典命中弱信号(精度约0.66-0.88)，不构成准入依据；本册是否可独立判断整个题肢、官方正误需模型/人工阶段核定,2026-09-24-attribution-v2
BJ-2025-XC-ERMO-Q6,B,,RE,仅词典命中弱信号(精度约0.66-0.88)，不构成准入依据；本册是否可独立判断整个题肢、官方正误需模型/人工阶段核定,2026-09-24-attribution-v2
BJ-2025-XC-ERMO-Q6,C,,RE,仅词典命中弱信号(精度约0.66-0.88)，不构成准入依据；本册是否可独立判断整个题肢、官方正误需模型/人工阶段核定,2026-09-24-attribution-v2
BJ-2025-XC-ERMO-Q6,D,,RE,仅词典命中弱信号(精度约0.66-0.88)，不构成准入依据；本册是否可独立判断整个题肢、官方正误需模型/人工阶段核定,2026-09-24-attribution-v2
BJ-2025-XC-ERMO-Q7,①,RE,B3,仅词典命中弱信号(精度约0.66-0.88)，不构成准入依据；本册是否可独立判断整个题肢、官方正误需模型/人工阶段核定,2026-09-24-attribution-v2
BJ-2025-XC-ERMO-Q7,②,RE,B3,仅词典命中弱信号(精度约0.66-0.88)，不构成准入依据；本册是否可独立判断整个题肢、官方正误需模型/人工阶段核定,2026-09-24-attribution-v2
BJ-2025-XC-ERMO-Q7,③,RE,B3,仅词典命中弱信号(精度约0.66-0.88)，不构成准入依据；本册是否可独立判断整个题肢、官方正误需模型/人工阶段核定,2026-09-24-attribution-v2
BJ-2025-XC-ERMO-Q7,④,,B3,仅词典命中弱信号(精度约0.66-0.88)，不构成准入依据；本册是否可独立判断整个题肢、官方正误需模型/人工阶段核定,2026-09-24-attribution-v2
BJ-2025-XC-ERMO-Q8,①,,B3,仅词典命中弱信号(精度约0.66-0.88)，不构成准入依据；本册是否可独立判断整个题肢、官方正误需模型/人工阶段核定,2026-09-24-attribution-v2
BJ-2025-XC-ERMO-Q8,②,,B3,仅词典命中弱信号(精度约0.66-0.88)，不构成准入依据；本册是否可独立判断整个题肢、官方正误需模型/人工阶段核定,2026-09-24-attribution-v2
BJ-2025-XC-ERMO-Q8,③,B3,B3,仅词典命中弱信号(精度约0.66-0.88)，不构成准入依据；本册是否可独立判断整个题肢、官方正误需模型/人工阶段核定,2026-09-24-attribution-v2
BJ-2025-XC-ERMO-Q8,④,B3,B3,仅词典命中弱信号(精度约0.66-0.88)，不构成准入依据；本册是否可独立判断整个题肢、官方正误需模型/人工阶段核定,2026-09-24-attribution-v2
BJ-2025-XC-ERMO-Q9,A,CU,B3,仅词典命中弱信号(精度约0.66-0.88)，不构成准入依据；本册是否可独立判断整个题肢、官方正误需模型/人工阶段核定,2026-09-24-attribution-v2
BJ-2025-XC-ERMO-Q9,B,,B3,仅词典命中弱信号(精度约0.66-0.88)，不构成准入依据；本册是否可独立判断整个题肢、官方正误需模型/人工阶段核定,2026-09-24-attribution-v2
BJ-2025-XC-ERMO-Q9,C,B3,B3,仅词典命中弱信号(精度约0.66-0.88)，不构成准入依据；本册是否可独立判断整个题肢、官方正误需模型/人工阶段核定,2026-09-24-attribution-v2
BJ-2025-XC-ERMO-Q9,D,,B3,仅词典命中弱信号(精度约0.66-0.88)，不构成准入依据；本册是否可独立判断整个题肢、官方正误需模型/人工阶段核定,2026-09-24-attribution-v2
BJ-2025-XC-ERMO-Q10,①,,X2,仅词典命中弱信号(精度约0.66-0.88)，不构成准入依据；本册是否可独立判断整个题肢、官方正误需模型/人工阶段核定,2026-09-24-attribution-v2
BJ-2025-XC-ERMO-Q10,②,X2,X2,仅词典命中弱信号(精度约0.66-0.88)，不构成准入依据；本册是否可独立判断整个题肢、官方正误需模型/人工阶段核定,2026-09-24-attribution-v2
BJ-2025-XC-ERMO-Q10,③,X2,X2,仅词典命中弱信号(精度约0.66-0.88)，不构成准入依据；本册是否可独立判断整个题肢、官方正误需模型/人工阶段核定,2026-09-24-attribution-v2
BJ-2025-XC-ERMO-Q10,④,X2,X2,仅词典命中弱信号(精度约0.66-0.88)，不构成准入依据；本册是否可独立判断整个题肢、官方正误需模型/人工阶段核定,2026-09-24-attribution-v2
BJ-2025-XC-ERMO-Q11,①,X2,X2,仅词典命中弱信号(精度约0.66-0.88)，不构成准入依据；本册是否可独立判断整个题肢、官方正误需模型/人工阶段核定,2026-09-24-attribution-v2
BJ-2025-XC-ERMO-Q11,②,RE;X2,X2,仅词典命中弱信号(精度约0.66-0.88)，不构成准入依据；本册是否可独立判断整个题肢、官方正误需模型/人工阶段核定,2026-09-24-attribution-v2
BJ-2025-XC-ERMO-Q11,③,X2,X2,仅词典命中弱信号(精度约0.66-0.88)，不构成准入依据；本册是否可独立判断整个题肢、官方正误需模型/人工阶段核定,2026-09-24-attribution-v2
BJ-2025-XC-ERMO-Q11,④,X2,X2,仅词典命中弱信号(精度约0.66-0.88)，不构成准入依据；本册是否可独立判断整个题肢、官方正误需模型/人工阶段核定,2026-09-24-attribution-v2
BJ-2025-XC-ERMO-Q12,①,,B2,仅词典命中弱信号(精度约0.66-0.88)，不构成准入依据；本册是否可独立判断整个题肢、官方正误需模型/人工阶段核定,2026-09-24-attribution-v2
BJ-2025-XC-ERMO-Q12,②,B2,B2,仅词典命中弱信号(精度约0.66-0.88)，不构成准入依据；本册是否可独立判断整个题肢、官方正误需模型/人工阶段核定,2026-09-24-attribution-v2
BJ-2025-XC-ERMO-Q12,③,,B2,仅词典命中弱信号(精度约0.66-0.88)，不构成准入依据；本册是否可独立判断整个题肢、官方正误需模型/人工阶段核定,2026-09-24-attribution-v2
BJ-2025-XC-ERMO-Q12,④,B2,B2,仅词典命中弱信号(精度约0.66-0.88)，不构成准入依据；本册是否可独立判断整个题肢、官方正误需模型/人工阶段核定,2026-09-24-attribution-v2
BJ-2025-XC-ERMO-Q13,①,B2,B2,仅词典命中弱信号(精度约0.66-0.88)，不构成准入依据；本册是否可独立判断整个题肢、官方正误需模型/人工阶段核定,2026-09-24-attribution-v2
BJ-2025-XC-ERMO-Q13,②,B2,B2,仅词典命中弱信号(精度约0.66-0.88)，不构成准入依据；本册是否可独立判断整个题肢、官方正误需模型/人工阶段核定,2026-09-24-attribution-v2
BJ-2025-XC-ERMO-Q13,③,,B2,仅词典命中弱信号(精度约0.66-0.88)，不构成准入依据；本册是否可独立判断整个题肢、官方正误需模型/人工阶段核定,2026-09-24-attribution-v2
BJ-2025-XC-ERMO-Q13,④,B2,B2,仅词典命中弱信号(精度约0.66-0.88)，不构成准入依据；本册是否可独立判断整个题肢、官方正误需模型/人工阶段核定,2026-09-24-attribution-v2
BJ-2025-XC-ERMO-Q14,A,,X1,仅词典命中弱信号(精度约0.66-0.88)，不构成准入依据；本册是否可独立判断整个题肢、官方正误需模型/人工阶段核定,2026-09-24-attribution-v2
BJ-2025-XC-ERMO-Q14,B,,X1,仅词典命中弱信号(精度约0.66-0.88)，不构成准入依据；本册是否可独立判断整个题肢、官方正误需模型/人工阶段核定,2026-09-24-attribution-v2
BJ-2025-XC-ERMO-Q14,C,,X1,仅词典命中弱信号(精度约0.66-0.88)，不构成准入依据；本册是否可独立判断整个题肢、官方正误需模型/人工阶段核定,2026-09-24-attribution-v2
BJ-2025-XC-ERMO-Q14,D,,X1,仅词典命中弱信号(精度约0.66-0.88)，不构成准入依据；本册是否可独立判断整个题肢、官方正误需模型/人工阶段核定,2026-09-24-attribution-v2
BJ-2025-XC-ERMO-Q15,①,X1,X1,仅词典命中弱信号(精度约0.66-0.88)，不构成准入依据；本册是否可独立判断整个题肢、官方正误需模型/人工阶段核定,2026-09-24-attribution-v2
BJ-2025-XC-ERMO-Q15,②,,X1,仅词典命中弱信号(精度约0.66-0.88)，不构成准入依据；本册是否可独立判断整个题肢、官方正误需模型/人工阶段核定,2026-09-24-attribution-v2
BJ-2025-XC-ERMO-Q15,③,X1,X1,仅词典命中弱信号(精度约0.66-0.88)，不构成准入依据；本册是否可独立判断整个题肢、官方正误需模型/人工阶段核定,2026-09-24-attribution-v2
BJ-2025-XC-ERMO-Q15,④,B2,X1,仅词典命中弱信号(精度约0.66-0.88)，不构成准入依据；本册是否可独立判断整个题肢、官方正误需模型/人工阶段核定,2026-09-24-attribution-v2
BJ-2025-DC-QIMO-Q3,A,B2;CU;RE,PH,仅词典命中弱信号(精度约0.66-0.88)，不构成准入依据；本册是否可独立判断整个题肢、官方正误需模型/人工阶段核定,2026-09-24-attribution-v2
BJ-2025-DC-QIMO-Q3,B,,PH,仅词典命中弱信号(精度约0.66-0.88)，不构成准入依据；本册是否可独立判断整个题肢、官方正误需模型/人工阶段核定,2026-09-24-attribution-v2
BJ-2025-DC-QIMO-Q3,C,,PH,仅词典命中弱信号(精度约0.66-0.88)，不构成准入依据；本册是否可独立判断整个题肢、官方正误需模型/人工阶段核定,2026-09-24-attribution-v2
BJ-2025-DC-QIMO-Q3,D,CU,PH,仅词典命中弱信号(精度约0.66-0.88)，不构成准入依据；本册是否可独立判断整个题肢、官方正误需模型/人工阶段核定,2026-09-24-attribution-v2
BJ-2025-DC-QIMO-Q1,A,,B3,仅词典命中弱信号(精度约0.66-0.88)，不构成准入依据；本册是否可独立判断整个题肢、官方正误需模型/人工阶段核定,2026-09-24-attribution-v2
BJ-2025-DC-QIMO-Q1,B,X1,B3,仅词典命中弱信号(精度约0.66-0.88)，不构成准入依据；本册是否可独立判断整个题肢、官方正误需模型/人工阶段核定,2026-09-24-attribution-v2
BJ-2025-DC-QIMO-Q1,C,PH,B3,仅词典命中弱信号(精度约0.66-0.88)，不构成准入依据；本册是否可独立判断整个题肢、官方正误需模型/人工阶段核定,2026-09-24-attribution-v2
BJ-2025-DC-QIMO-Q1,D,B1,B3,仅词典命中弱信号(精度约0.66-0.88)，不构成准入依据；本册是否可独立判断整个题肢、官方正误需模型/人工阶段核定,2026-09-24-attribution-v2
BJ-2025-DC-QIMO-Q2,①,B1,B3,仅词典命中弱信号(精度约0.66-0.88)，不构成准入依据；本册是否可独立判断整个题肢、官方正误需模型/人工阶段核定,2026-09-24-attribution-v2
BJ-2025-DC-QIMO-Q2,②,,B3,仅词典命中弱信号(精度约0.66-0.88)，不构成准入依据；本册是否可独立判断整个题肢、官方正误需模型/人工阶段核定,2026-09-24-attribution-v2
BJ-2025-DC-QIMO-Q2,③,X1,B3,仅词典命中弱信号(精度约0.66-0.88)，不构成准入依据；本册是否可独立判断整个题肢、官方正误需模型/人工阶段核定,2026-09-24-attribution-v2
BJ-2025-DC-QIMO-Q2,④,,B3,仅词典命中弱信号(精度约0.66-0.88)，不构成准入依据；本册是否可独立判断整个题肢、官方正误需模型/人工阶段核定,2026-09-24-attribution-v2
BJ-2025-DC-QIMO-Q4,①,,PH,仅词典命中弱信号(精度约0.66-0.88)，不构成准入依据；本册是否可独立判断整个题肢、官方正误需模型/人工阶段核定,2026-09-24-attribution-v2
BJ-2025-DC-QIMO-Q4,②,,PH,仅词典命中弱信号(精度约0.66-0.88)，不构成准入依据；本册是否可独立判断整个题肢、官方正误需模型/人工阶段核定,2026-09-24-attribution-v2
BJ-2025-DC-QIMO-Q4,③,,PH,仅词典命中弱信号(精度约0.66-0.88)，不构成准入依据；本册是否可独立判断整个题肢、官方正误需模型/人工阶段核定,2026-09-24-attribution-v2
BJ-2025-DC-QIMO-Q4,④,,PH,仅词典命中弱信号(精度约0.66-0.88)，不构成准入依据；本册是否可独立判断整个题肢、官方正误需模型/人工阶段核定,2026-09-24-attribution-v2
BJ-2025-DC-QIMO-Q5,①,,PH,仅词典命中弱信号(精度约0.66-0.88)，不构成准入依据；本册是否可独立判断整个题肢、官方正误需模型/人工阶段核定,2026-09-24-attribution-v2
BJ-2025-DC-QIMO-Q5,②,,PH,仅词典命中弱信号(精度约0.66-0.88)，不构成准入依据；本册是否可独立判断整个题肢、官方正误需模型/人工阶段核定,2026-09-24-attribution-v2
BJ-2025-DC-QIMO-Q5,③,,PH,仅词典命中弱信号(精度约0.66-0.88)，不构成准入依据；本册是否可独立判断整个题肢、官方正误需模型/人工阶段核定,2026-09-24-attribution-v2
BJ-2025-DC-QIMO-Q5,④,MI,PH,仅词典命中弱信号(精度约0.66-0.88)，不构成准入依据；本册是否可独立判断整个题肢、官方正误需模型/人工阶段核定,2026-09-24-attribution-v2
BJ-2025-DC-QIMO-Q6,A,,CU,仅词典命中弱信号(精度约0.66-0.88)，不构成准入依据；本册是否可独立判断整个题肢、官方正误需模型/人工阶段核定,2026-09-24-attribution-v2
BJ-2025-DC-QIMO-Q6,B,,CU,仅词典命中弱信号(精度约0.66-0.88)，不构成准入依据；本册是否可独立判断整个题肢、官方正误需模型/人工阶段核定,2026-09-24-attribution-v2
BJ-2025-DC-QIMO-Q6,C,B3,CU,仅词典命中弱信号(精度约0.66-0.88)，不构成准入依据；本册是否可独立判断整个题肢、官方正误需模型/人工阶段核定,2026-09-24-attribution-v2
BJ-2025-DC-QIMO-Q6,D,,CU,仅词典命中弱信号(精度约0.66-0.88)，不构成准入依据；本册是否可独立判断整个题肢、官方正误需模型/人工阶段核定,2026-09-24-attribution-v2
BJ-2025-DC-QIMO-Q7,①,B2,B3,仅词典命中弱信号(精度约0.66-0.88)，不构成准入依据；本册是否可独立判断整个题肢、官方正误需模型/人工阶段核定,2026-09-24-attribution-v2
BJ-2025-DC-QIMO-Q7,②,B2,B3,仅词典命中弱信号(精度约0.66-0.88)，不构成准入依据；本册是否可独立判断整个题肢、官方正误需模型/人工阶段核定,2026-09-24-attribution-v2
BJ-2025-DC-QIMO-Q7,③,B2,B3,仅词典命中弱信号(精度约0.66-0.88)，不构成准入依据；本册是否可独立判断整个题肢、官方正误需模型/人工阶段核定,2026-09-24-attribution-v2
BJ-2025-DC-QIMO-Q7,④,B2,B3,仅词典命中弱信号(精度约0.66-0.88)，不构成准入依据；本册是否可独立判断整个题肢、官方正误需模型/人工阶段核定,2026-09-24-attribution-v2
BJ-2025-DC-QIMO-Q8,A,,B3,仅词典命中弱信号(精度约0.66-0.88)，不构成准入依据；本册是否可独立判断整个题肢、官方正误需模型/人工阶段核定,2026-09-24-attribution-v2
BJ-2025-DC-QIMO-Q8,B,,B3,仅词典命中弱信号(精度约0.66-0.88)，不构成准入依据；本册是否可独立判断整个题肢、官方正误需模型/人工阶段核定,2026-09-24-attribution-v2
BJ-2025-DC-QIMO-Q8,C,,B3,仅词典命中弱信号(精度约0.66-0.88)，不构成准入依据；本册是否可独立判断整个题肢、官方正误需模型/人工阶段核定,2026-09-24-attribution-v2
BJ-2025-DC-QIMO-Q8,D,B2,B3,仅词典命中弱信号(精度约0.66-0.88)，不构成准入依据；本册是否可独立判断整个题肢、官方正误需模型/人工阶段核定,2026-09-24-attribution-v2
BJ-2025-DC-QIMO-Q9,A,X1,B3,仅词典命中弱信号(精度约0.66-0.88)，不构成准入依据；本册是否可独立判断整个题肢、官方正误需模型/人工阶段核定,2026-09-24-attribution-v2
BJ-2025-DC-QIMO-Q9,B,X1,B3,仅词典命中弱信号(精度约0.66-0.88)，不构成准入依据；本册是否可独立判断整个题肢、官方正误需模型/人工阶段核定,2026-09-24-attribution-v2
BJ-2025-DC-QIMO-Q9,C,X1,B3,仅词典命中弱信号(精度约0.66-0.88)，不构成准入依据；本册是否可独立判断整个题肢、官方正误需模型/人工阶段核定,2026-09-24-attribution-v2
BJ-2025-DC-QIMO-Q9,D,X1,B3,仅词典命中弱信号(精度约0.66-0.88)，不构成准入依据；本册是否可独立判断整个题肢、官方正误需模型/人工阶段核定,2026-09-24-attribution-v2
BJ-2025-DC-QIMO-Q10,A,X1,X2,仅词典命中弱信号(精度约0.66-0.88)，不构成准入依据；本册是否可独立判断整个题肢、官方正误需模型/人工阶段核定,2026-09-24-attribution-v2
BJ-2025-DC-QIMO-Q10,B,B2;X1,X2,仅词典命中弱信号(精度约0.66-0.88)，不构成准入依据；本册是否可独立判断整个题肢、官方正误需模型/人工阶段核定,2026-09-24-attribution-v2
BJ-2025-DC-QIMO-Q10,C,B2;X1,X2,仅词典命中弱信号(精度约0.66-0.88)，不构成准入依据；本册是否可独立判断整个题肢、官方正误需模型/人工阶段核定,2026-09-24-attribution-v2
BJ-2025-DC-QIMO-Q10,D,X1,X2,仅词典命中弱信号(精度约0.66-0.88)，不构成准入依据；本册是否可独立判断整个题肢、官方正误需模型/人工阶段核定,2026-09-24-attribution-v2
BJ-2025-DC-QIMO-Q11,①,X2,B3,仅词典命中弱信号(精度约0.66-0.88)，不构成准入依据；本册是否可独立判断整个题肢、官方正误需模型/人工阶段核定,2026-09-24-attribution-v2
BJ-2025-DC-QIMO-Q11,②,X2,B3,仅词典命中弱信号(精度约0.66-0.88)，不构成准入依据；本册是否可独立判断整个题肢、官方正误需模型/人工阶段核定,2026-09-24-attribution-v2
BJ-2025-DC-QIMO-Q11,③,X2,B3,仅词典命中弱信号(精度约0.66-0.88)，不构成准入依据；本册是否可独立判断整个题肢、官方正误需模型/人工阶段核定,2026-09-24-attribution-v2
BJ-2025-DC-QIMO-Q11,④,B3,B3,仅词典命中弱信号(精度约0.66-0.88)，不构成准入依据；本册是否可独立判断整个题肢、官方正误需模型/人工阶段核定,2026-09-24-attribution-v2
BJ-2025-DC-QIMO-Q12,A,X2,B2,仅词典命中弱信号(精度约0.66-0.88)，不构成准入依据；本册是否可独立判断整个题肢、官方正误需模型/人工阶段核定,2026-09-24-attribution-v2
BJ-2025-DC-QIMO-Q12,B,X2,B2,仅词典命中弱信号(精度约0.66-0.88)，不构成准入依据；本册是否可独立判断整个题肢、官方正误需模型/人工阶段核定,2026-09-24-attribution-v2
BJ-2025-DC-QIMO-Q12,C,,B2,仅词典命中弱信号(精度约0.66-0.88)，不构成准入依据；本册是否可独立判断整个题肢、官方正误需模型/人工阶段核定,2026-09-24-attribution-v2
BJ-2025-DC-QIMO-Q12,D,X2,B2,仅词典命中弱信号(精度约0.66-0.88)，不构成准入依据；本册是否可独立判断整个题肢、官方正误需模型/人工阶段核定,2026-09-24-attribution-v2
BJ-2025-DC-QIMO-Q13,①,,B2,仅词典命中弱信号(精度约0.66-0.88)，不构成准入依据；本册是否可独立判断整个题肢、官方正误需模型/人工阶段核定,2026-09-24-attribution-v2
BJ-2025-DC-QIMO-Q13,②,,B2,仅词典命中弱信号(精度约0.66-0.88)，不构成准入依据；本册是否可独立判断整个题肢、官方正误需模型/人工阶段核定,2026-09-24-attribution-v2
BJ-2025-DC-QIMO-Q13,③,,B2,仅词典命中弱信号(精度约0.66-0.88)，不构成准入依据；本册是否可独立判断整个题肢、官方正误需模型/人工阶段核定,2026-09-24-attribution-v2
BJ-2025-DC-QIMO-Q13,④,,B2,仅词典命中弱信号(精度约0.66-0.88)，不构成准入依据；本册是否可独立判断整个题肢、官方正误需模型/人工阶段核定,2026-09-24-attribution-v2
BJ-2025-DC-QIMO-Q14,A,RE,B2,仅词典命中弱信号(精度约0.66-0.88)，不构成准入依据；本册是否可独立判断整个题肢、官方正误需模型/人工阶段核定,2026-09-24-attribution-v2
BJ-2025-DC-QIMO-Q14,B,RE,B2,仅词典命中弱信号(精度约0.66-0.88)，不构成准入依据；本册是否可独立判断整个题肢、官方正误需模型/人工阶段核定,2026-09-24-attribution-v2
BJ-2025-DC-QIMO-Q14,C,CU,B2,仅词典命中弱信号(精度约0.66-0.88)，不构成准入依据；本册是否可独立判断整个题肢、官方正误需模型/人工阶段核定,2026-09-24-attribution-v2
BJ-2025-DC-QIMO-Q14,D,B2;RE,B2,仅词典命中弱信号(精度约0.66-0.88)，不构成准入依据；本册是否可独立判断整个题肢、官方正误需模型/人工阶段核定,2026-09-24-attribution-v2
BJ-2025-DC-QIMO-Q15,A,,X1,仅词典命中弱信号(精度约0.66-0.88)，不构成准入依据；本册是否可独立判断整个题肢、官方正误需模型/人工阶段核定,2026-09-24-attribution-v2
BJ-2025-DC-QIMO-Q15,B,,X1,仅词典命中弱信号(精度约0.66-0.88)，不构成准入依据；本册是否可独立判断整个题肢、官方正误需模型/人工阶段核定,2026-09-24-attribution-v2
BJ-2025-DC-QIMO-Q15,C,,X1,仅词典命中弱信号(精度约0.66-0.88)，不构成准入依据；本册是否可独立判断整个题肢、官方正误需模型/人工阶段核定,2026-09-24-attribution-v2
BJ-2025-DC-QIMO-Q15,D,,X1,仅词典命中弱信号(精度约0.66-0.88)，不构成准入依据；本册是否可独立判断整个题肢、官方正误需模型/人工阶段核定,2026-09-24-attribution-v2
BJ-2025-FT-QIMO-Q1,①,CU,B3,仅词典命中弱信号(精度约0.66-0.88)，不构成准入依据；本册是否可独立判断整个题肢、官方正误需模型/人工阶段核定,2026-09-24-attribution-v2
BJ-2025-FT-QIMO-Q1,②,CU,B3,仅词典命中弱信号(精度约0.66-0.88)，不构成准入依据；本册是否可独立判断整个题肢、官方正误需模型/人工阶段核定,2026-09-24-attribution-v2
BJ-2025-FT-QIMO-Q1,③,CU;PH,B3,仅词典命中弱信号(精度约0.66-0.88)，不构成准入依据；本册是否可独立判断整个题肢、官方正误需模型/人工阶段核定,2026-09-24-attribution-v2
BJ-2025-FT-QIMO-Q1,④,CU;PH,B3,仅词典命中弱信号(精度约0.66-0.88)，不构成准入依据；本册是否可独立判断整个题肢、官方正误需模型/人工阶段核定,2026-09-24-attribution-v2
BJ-2025-FT-QIMO-Q2,①,,B3,仅词典命中弱信号(精度约0.66-0.88)，不构成准入依据；本册是否可独立判断整个题肢、官方正误需模型/人工阶段核定,2026-09-24-attribution-v2
BJ-2025-FT-QIMO-Q2,②,B3;X1,B3,仅词典命中弱信号(精度约0.66-0.88)，不构成准入依据；本册是否可独立判断整个题肢、官方正误需模型/人工阶段核定,2026-09-24-attribution-v2
BJ-2025-FT-QIMO-Q2,③,,B3,仅词典命中弱信号(精度约0.66-0.88)，不构成准入依据；本册是否可独立判断整个题肢、官方正误需模型/人工阶段核定,2026-09-24-attribution-v2
BJ-2025-FT-QIMO-Q2,④,B3,B3,仅词典命中弱信号(精度约0.66-0.88)，不构成准入依据；本册是否可独立判断整个题肢、官方正误需模型/人工阶段核定,2026-09-24-attribution-v2
BJ-2025-FT-QIMO-Q3,①,,PH,仅词典命中弱信号(精度约0.66-0.88)，不构成准入依据；本册是否可独立判断整个题肢、官方正误需模型/人工阶段核定,2026-09-24-attribution-v2
BJ-2025-FT-QIMO-Q3,②,,PH,仅词典命中弱信号(精度约0.66-0.88)，不构成准入依据；本册是否可独立判断整个题肢、官方正误需模型/人工阶段核定,2026-09-24-attribution-v2
BJ-2025-FT-QIMO-Q3,③,,PH,仅词典命中弱信号(精度约0.66-0.88)，不构成准入依据；本册是否可独立判断整个题肢、官方正误需模型/人工阶段核定,2026-09-24-attribution-v2
BJ-2025-FT-QIMO-Q3,④,,PH,仅词典命中弱信号(精度约0.66-0.88)，不构成准入依据；本册是否可独立判断整个题肢、官方正误需模型/人工阶段核定,2026-09-24-attribution-v2
BJ-2025-FT-QIMO-Q4,①,,PH,仅词典命中弱信号(精度约0.66-0.88)，不构成准入依据；本册是否可独立判断整个题肢、官方正误需模型/人工阶段核定,2026-09-24-attribution-v2
BJ-2025-FT-QIMO-Q4,②,X1,PH,仅词典命中弱信号(精度约0.66-0.88)，不构成准入依据；本册是否可独立判断整个题肢、官方正误需模型/人工阶段核定,2026-09-24-attribution-v2
BJ-2025-FT-QIMO-Q4,③,,PH,仅词典命中弱信号(精度约0.66-0.88)，不构成准入依据；本册是否可独立判断整个题肢、官方正误需模型/人工阶段核定,2026-09-24-attribution-v2
BJ-2025-FT-QIMO-Q4,④,,PH,仅词典命中弱信号(精度约0.66-0.88)，不构成准入依据；本册是否可独立判断整个题肢、官方正误需模型/人工阶段核定,2026-09-24-attribution-v2
BJ-2025-FT-QIMO-Q5,①,,PH,仅词典命中弱信号(精度约0.66-0.88)，不构成准入依据；本册是否可独立判断整个题肢、官方正误需模型/人工阶段核定,2026-09-24-attribution-v2
BJ-2025-FT-QIMO-Q5,②,,PH,仅词典命中弱信号(精度约0.66-0.88)，不构成准入依据；本册是否可独立判断整个题肢、官方正误需模型/人工阶段核定,2026-09-24-attribution-v2
BJ-2025-FT-QIMO-Q5,③,,PH,仅词典命中弱信号(精度约0.66-0.88)，不构成准入依据；本册是否可独立判断整个题肢、官方正误需模型/人工阶段核定,2026-09-24-attribution-v2
BJ-2025-FT-QIMO-Q5,④,B2,PH,仅词典命中弱信号(精度约0.66-0.88)，不构成准入依据；本册是否可独立判断整个题肢、官方正误需模型/人工阶段核定,2026-09-24-attribution-v2
BJ-2025-FT-QIMO-Q6,①,CU,RE,仅词典命中弱信号(精度约0.66-0.88)，不构成准入依据；本册是否可独立判断整个题肢、官方正误需模型/人工阶段核定,2026-09-24-attribution-v2
BJ-2025-FT-QIMO-Q6,②,CU,RE,仅词典命中弱信号(精度约0.66-0.88)，不构成准入依据；本册是否可独立判断整个题肢、官方正误需模型/人工阶段核定,2026-09-24-attribution-v2
BJ-2025-FT-QIMO-Q6,③,PH,RE,仅词典命中弱信号(精度约0.66-0.88)，不构成准入依据；本册是否可独立判断整个题肢、官方正误需模型/人工阶段核定,2026-09-24-attribution-v2
BJ-2025-FT-QIMO-Q6,④,CU,RE,仅词典命中弱信号(精度约0.66-0.88)，不构成准入依据；本册是否可独立判断整个题肢、官方正误需模型/人工阶段核定,2026-09-24-attribution-v2
BJ-2025-FT-QIMO-Q7,A,,B3,仅词典命中弱信号(精度约0.66-0.88)，不构成准入依据；本册是否可独立判断整个题肢、官方正误需模型/人工阶段核定,2026-09-24-attribution-v2
BJ-2025-FT-QIMO-Q7,B,MI,B3,仅词典命中弱信号(精度约0.66-0.88)，不构成准入依据；本册是否可独立判断整个题肢、官方正误需模型/人工阶段核定,2026-09-24-attribution-v2
BJ-2025-FT-QIMO-Q7,C,,B3,仅词典命中弱信号(精度约0.66-0.88)，不构成准入依据；本册是否可独立判断整个题肢、官方正误需模型/人工阶段核定,2026-09-24-attribution-v2
BJ-2025-FT-QIMO-Q7,D,,B3,仅词典命中弱信号(精度约0.66-0.88)，不构成准入依据；本册是否可独立判断整个题肢、官方正误需模型/人工阶段核定,2026-09-24-attribution-v2
BJ-2025-FT-QIMO-Q8,①,MI,B3,仅词典命中弱信号(精度约0.66-0.88)，不构成准入依据；本册是否可独立判断整个题肢、官方正误需模型/人工阶段核定,2026-09-24-attribution-v2
BJ-2025-FT-QIMO-Q8,②,MI,B3,仅词典命中弱信号(精度约0.66-0.88)，不构成准入依据；本册是否可独立判断整个题肢、官方正误需模型/人工阶段核定,2026-09-24-attribution-v2
BJ-2025-FT-QIMO-Q8,③,MI,B3,仅词典命中弱信号(精度约0.66-0.88)，不构成准入依据；本册是否可独立判断整个题肢、官方正误需模型/人工阶段核定,2026-09-24-attribution-v2
BJ-2025-FT-QIMO-Q8,④,MI,B3,仅词典命中弱信号(精度约0.66-0.88)，不构成准入依据；本册是否可独立判断整个题肢、官方正误需模型/人工阶段核定,2026-09-24-attribution-v2
BJ-2025-FT-QIMO-Q9,A,,B3,仅词典命中弱信号(精度约0.66-0.88)，不构成准入依据；本册是否可独立判断整个题肢、官方正误需模型/人工阶段核定,2026-09-24-attribution-v2
BJ-2025-FT-QIMO-Q9,B,,B3,仅词典命中弱信号(精度约0.66-0.88)，不构成准入依据；本册是否可独立判断整个题肢、官方正误需模型/人工阶段核定,2026-09-24-attribution-v2
BJ-2025-FT-QIMO-Q9,C,,B3,仅词典命中弱信号(精度约0.66-0.88)，不构成准入依据；本册是否可独立判断整个题肢、官方正误需模型/人工阶段核定,2026-09-24-attribution-v2
BJ-2025-FT-QIMO-Q9,D,,B3,仅词典命中弱信号(精度约0.66-0.88)，不构成准入依据；本册是否可独立判断整个题肢、官方正误需模型/人工阶段核定,2026-09-24-attribution-v2
BJ-2025-FT-QIMO-Q10,①,,X2,仅词典命中弱信号(精度约0.66-0.88)，不构成准入依据；本册是否可独立判断整个题肢、官方正误需模型/人工阶段核定,2026-09-24-attribution-v2
BJ-2025-FT-QIMO-Q10,②,RE,X2,仅词典命中弱信号(精度约0.66-0.88)，不构成准入依据；本册是否可独立判断整个题肢、官方正误需模型/人工阶段核定,2026-09-24-attribution-v2
BJ-2025-FT-QIMO-Q10,③,MI,X2,仅词典命中弱信号(精度约0.66-0.88)，不构成准入依据；本册是否可独立判断整个题肢、官方正误需模型/人工阶段核定,2026-09-24-attribution-v2
BJ-2025-FT-QIMO-Q10,④,RE,X2,仅词典命中弱信号(精度约0.66-0.88)，不构成准入依据；本册是否可独立判断整个题肢、官方正误需模型/人工阶段核定,2026-09-24-attribution-v2
BJ-2025-FT-QIMO-Q11,①,X2,B3,仅词典命中弱信号(精度约0.66-0.88)，不构成准入依据；本册是否可独立判断整个题肢、官方正误需模型/人工阶段核定,2026-09-24-attribution-v2
BJ-2025-FT-QIMO-Q11,②,X2,B3,仅词典命中弱信号(精度约0.66-0.88)，不构成准入依据；本册是否可独立判断整个题肢、官方正误需模型/人工阶段核定,2026-09-24-attribution-v2
BJ-2025-FT-QIMO-Q11,③,,B3,仅词典命中弱信号(精度约0.66-0.88)，不构成准入依据；本册是否可独立判断整个题肢、官方正误需模型/人工阶段核定,2026-09-24-attribution-v2
BJ-2025-FT-QIMO-Q11,④,,B3,仅词典命中弱信号(精度约0.66-0.88)，不构成准入依据；本册是否可独立判断整个题肢、官方正误需模型/人工阶段核定,2026-09-24-attribution-v2
BJ-2025-FT-QIMO-Q12,①,X2,B2,仅词典命中弱信号(精度约0.66-0.88)，不构成准入依据；本册是否可独立判断整个题肢、官方正误需模型/人工阶段核定,2026-09-24-attribution-v2
BJ-2025-FT-QIMO-Q12,②,X2,B2,仅词典命中弱信号(精度约0.66-0.88)，不构成准入依据；本册是否可独立判断整个题肢、官方正误需模型/人工阶段核定,2026-09-24-attribution-v2
BJ-2025-FT-QIMO-Q12,③,X2,B2,仅词典命中弱信号(精度约0.66-0.88)，不构成准入依据；本册是否可独立判断整个题肢、官方正误需模型/人工阶段核定,2026-09-24-attribution-v2
BJ-2025-FT-QIMO-Q12,④,X2,B2,仅词典命中弱信号(精度约0.66-0.88)，不构成准入依据；本册是否可独立判断整个题肢、官方正误需模型/人工阶段核定,2026-09-24-attribution-v2
BJ-2025-FT-QIMO-Q13,④,,B2,仅词典命中弱信号(精度约0.66-0.88)，不构成准入依据；本册是否可独立判断整个题肢、官方正误需模型/人工阶段核定,2026-09-24-attribution-v2
BJ-2025-FT-QIMO-Q13,①,B2,B2,仅词典命中弱信号(精度约0.66-0.88)，不构成准入依据；本册是否可独立判断整个题肢、官方正误需模型/人工阶段核定,2026-09-24-attribution-v2
BJ-2025-FT-QIMO-Q13,②,B2,B2,仅词典命中弱信号(精度约0.66-0.88)，不构成准入依据；本册是否可独立判断整个题肢、官方正误需模型/人工阶段核定,2026-09-24-attribution-v2
BJ-2025-FT-QIMO-Q13,③,B2,B2,仅词典命中弱信号(精度约0.66-0.88)，不构成准入依据；本册是否可独立判断整个题肢、官方正误需模型/人工阶段核定,2026-09-24-attribution-v2
BJ-2025-FT-QIMO-Q14,①,B2,B2,仅词典命中弱信号(精度约0.66-0.88)，不构成准入依据；本册是否可独立判断整个题肢、官方正误需模型/人工阶段核定,2026-09-24-attribution-v2
BJ-2025-FT-QIMO-Q14,②,B2,B2,仅词典命中弱信号(精度约0.66-0.88)，不构成准入依据；本册是否可独立判断整个题肢、官方正误需模型/人工阶段核定,2026-09-24-attribution-v2
BJ-2025-FT-QIMO-Q14,③,,B2,仅词典命中弱信号(精度约0.66-0.88)，不构成准入依据；本册是否可独立判断整个题肢、官方正误需模型/人工阶段核定,2026-09-24-attribution-v2
BJ-2025-FT-QIMO-Q14,④,B2,B2,仅词典命中弱信号(精度约0.66-0.88)，不构成准入依据；本册是否可独立判断整个题肢、官方正误需模型/人工阶段核定,2026-09-24-attribution-v2
BJ-2025-FT-QIMO-Q15,①,,X1,仅词典命中弱信号(精度约0.66-0.88)，不构成准入依据；本册是否可独立判断整个题肢、官方正误需模型/人工阶段核定,2026-09-24-attribution-v2
BJ-2025-FT-QIMO-Q15,②,X1,X1,仅词典命中弱信号(精度约0.66-0.88)，不构成准入依据；本册是否可独立判断整个题肢、官方正误需模型/人工阶段核定,2026-09-24-attribution-v2
BJ-2025-FT-QIMO-Q15,③,B2,X1,仅词典命中弱信号(精度约0.66-0.88)，不构成准入依据；本册是否可独立判断整个题肢、官方正误需模型/人工阶段核定,2026-09-24-attribution-v2
BJ-2025-FT-QIMO-Q15,④,B2;X1,X1,仅词典命中弱信号(精度约0.66-0.88)，不构成准入依据；本册是否可独立判断整个题肢、官方正误需模型/人工阶段核定,2026-09-24-attribution-v2
BJ-2025-CY-QIMO-Q1,①,,CU,仅词典命中弱信号(精度约0.66-0.88)，不构成准入依据；本册是否可独立判断整个题肢、官方正误需模型/人工阶段核定,2026-09-24-attribution-v2
BJ-2025-CY-QIMO-Q1,②,,CU,仅词典命中弱信号(精度约0.66-0.88)，不构成准入依据；本册是否可独立判断整个题肢、官方正误需模型/人工阶段核定,2026-09-24-attribution-v2
BJ-2025-CY-QIMO-Q1,③,B1,CU,仅词典命中弱信号(精度约0.66-0.88)，不构成准入依据；本册是否可独立判断整个题肢、官方正误需模型/人工阶段核定,2026-09-24-attribution-v2
BJ-2025-CY-QIMO-Q1,④,B1,CU,仅词典命中弱信号(精度约0.66-0.88)，不构成准入依据；本册是否可独立判断整个题肢、官方正误需模型/人工阶段核定,2026-09-24-attribution-v2
BJ-2025-CY-QIMO-Q2,A,B2,B3,仅词典命中弱信号(精度约0.66-0.88)，不构成准入依据；本册是否可独立判断整个题肢、官方正误需模型/人工阶段核定,2026-09-24-attribution-v2
BJ-2025-CY-QIMO-Q2,B,,B3,仅词典命中弱信号(精度约0.66-0.88)，不构成准入依据；本册是否可独立判断整个题肢、官方正误需模型/人工阶段核定,2026-09-24-attribution-v2
BJ-2025-CY-QIMO-Q2,C,CU,B3,仅词典命中弱信号(精度约0.66-0.88)，不构成准入依据；本册是否可独立判断整个题肢、官方正误需模型/人工阶段核定,2026-09-24-attribution-v2
BJ-2025-CY-QIMO-Q2,D,,B3,仅词典命中弱信号(精度约0.66-0.88)，不构成准入依据；本册是否可独立判断整个题肢、官方正误需模型/人工阶段核定,2026-09-24-attribution-v2
BJ-2025-CY-QIMO-Q3,①,X2,PH,仅词典命中弱信号(精度约0.66-0.88)，不构成准入依据；本册是否可独立判断整个题肢、官方正误需模型/人工阶段核定,2026-09-24-attribution-v2
BJ-2025-CY-QIMO-Q3,②,,PH,仅词典命中弱信号(精度约0.66-0.88)，不构成准入依据；本册是否可独立判断整个题肢、官方正误需模型/人工阶段核定,2026-09-24-attribution-v2
BJ-2025-CY-QIMO-Q3,③,,PH,仅词典命中弱信号(精度约0.66-0.88)，不构成准入依据；本册是否可独立判断整个题肢、官方正误需模型/人工阶段核定,2026-09-24-attribution-v2
BJ-2025-CY-QIMO-Q3,④,CU;PH,PH,仅词典命中弱信号(精度约0.66-0.88)，不构成准入依据；本册是否可独立判断整个题肢、官方正误需模型/人工阶段核定,2026-09-24-attribution-v2
BJ-2025-CY-QIMO-Q4,①,CU,PH,仅词典命中弱信号(精度约0.66-0.88)，不构成准入依据；本册是否可独立判断整个题肢、官方正误需模型/人工阶段核定,2026-09-24-attribution-v2
BJ-2025-CY-QIMO-Q4,②,B2,PH,仅词典命中弱信号(精度约0.66-0.88)，不构成准入依据；本册是否可独立判断整个题肢、官方正误需模型/人工阶段核定,2026-09-24-attribution-v2
BJ-2025-CY-QIMO-Q4,③,RE,PH,仅词典命中弱信号(精度约0.66-0.88)，不构成准入依据；本册是否可独立判断整个题肢、官方正误需模型/人工阶段核定,2026-09-24-attribution-v2
BJ-2025-CY-QIMO-Q4,④,,PH,仅词典命中弱信号(精度约0.66-0.88)，不构成准入依据；本册是否可独立判断整个题肢、官方正误需模型/人工阶段核定,2026-09-24-attribution-v2
BJ-2025-CY-QIMO-Q5,①,,PH,仅词典命中弱信号(精度约0.66-0.88)，不构成准入依据；本册是否可独立判断整个题肢、官方正误需模型/人工阶段核定,2026-09-24-attribution-v2
BJ-2025-CY-QIMO-Q5,②,,PH,仅词典命中弱信号(精度约0.66-0.88)，不构成准入依据；本册是否可独立判断整个题肢、官方正误需模型/人工阶段核定,2026-09-24-attribution-v2
BJ-2025-CY-QIMO-Q5,③,,PH,仅词典命中弱信号(精度约0.66-0.88)，不构成准入依据；本册是否可独立判断整个题肢、官方正误需模型/人工阶段核定,2026-09-24-attribution-v2
BJ-2025-CY-QIMO-Q5,④,,PH,仅词典命中弱信号(精度约0.66-0.88)，不构成准入依据；本册是否可独立判断整个题肢、官方正误需模型/人工阶段核定,2026-09-24-attribution-v2
BJ-2025-CY-QIMO-Q6,①,RE,CU,仅词典命中弱信号(精度约0.66-0.88)，不构成准入依据；本册是否可独立判断整个题肢、官方正误需模型/人工阶段核定,2026-09-24-attribution-v2
BJ-2025-CY-QIMO-Q6,②,RE,CU,仅词典命中弱信号(精度约0.66-0.88)，不构成准入依据；本册是否可独立判断整个题肢、官方正误需模型/人工阶段核定,2026-09-24-attribution-v2
BJ-2025-CY-QIMO-Q6,③,RE,CU,仅词典命中弱信号(精度约0.66-0.88)，不构成准入依据；本册是否可独立判断整个题肢、官方正误需模型/人工阶段核定,2026-09-24-attribution-v2
BJ-2025-CY-QIMO-Q6,④,RE,CU,仅词典命中弱信号(精度约0.66-0.88)，不构成准入依据；本册是否可独立判断整个题肢、官方正误需模型/人工阶段核定,2026-09-24-attribution-v2
BJ-2025-CY-QIMO-Q7,①,MI,B3,仅词典命中弱信号(精度约0.66-0.88)，不构成准入依据；本册是否可独立判断整个题肢、官方正误需模型/人工阶段核定,2026-09-24-attribution-v2
BJ-2025-CY-QIMO-Q7,②,,B3,仅词典命中弱信号(精度约0.66-0.88)，不构成准入依据；本册是否可独立判断整个题肢、官方正误需模型/人工阶段核定,2026-09-24-attribution-v2
BJ-2025-CY-QIMO-Q7,③,,B3,仅词典命中弱信号(精度约0.66-0.88)，不构成准入依据；本册是否可独立判断整个题肢、官方正误需模型/人工阶段核定,2026-09-24-attribution-v2
BJ-2025-CY-QIMO-Q7,④,,B3,仅词典命中弱信号(精度约0.66-0.88)，不构成准入依据；本册是否可独立判断整个题肢、官方正误需模型/人工阶段核定,2026-09-24-attribution-v2
BJ-2025-CY-QIMO-Q8,①,,B3,仅词典命中弱信号(精度约0.66-0.88)，不构成准入依据；本册是否可独立判断整个题肢、官方正误需模型/人工阶段核定,2026-09-24-attribution-v2
BJ-2025-CY-QIMO-Q8,②,B3,B3,仅词典命中弱信号(精度约0.66-0.88)，不构成准入依据；本册是否可独立判断整个题肢、官方正误需模型/人工阶段核定,2026-09-24-attribution-v2
BJ-2025-CY-QIMO-Q8,③,B3,B3,仅词典命中弱信号(精度约0.66-0.88)，不构成准入依据；本册是否可独立判断整个题肢、官方正误需模型/人工阶段核定,2026-09-24-attribution-v2
BJ-2025-CY-QIMO-Q8,④,B3,B3,仅词典命中弱信号(精度约0.66-0.88)，不构成准入依据；本册是否可独立判断整个题肢、官方正误需模型/人工阶段核定,2026-09-24-attribution-v2
BJ-2025-CY-QIMO-Q9,①,B2;PH,B3,仅词典命中弱信号(精度约0.66-0.88)，不构成准入依据；本册是否可独立判断整个题肢、官方正误需模型/人工阶段核定,2026-09-24-attribution-v2
BJ-2025-CY-QIMO-Q9,②,,B3,仅词典命中弱信号(精度约0.66-0.88)，不构成准入依据；本册是否可独立判断整个题肢、官方正误需模型/人工阶段核定,2026-09-24-attribution-v2
BJ-2025-CY-QIMO-Q9,③,PH,B3,仅词典命中弱信号(精度约0.66-0.88)，不构成准入依据；本册是否可独立判断整个题肢、官方正误需模型/人工阶段核定,2026-09-24-attribution-v2
BJ-2025-CY-QIMO-Q9,④,B2,B3,仅词典命中弱信号(精度约0.66-0.88)，不构成准入依据；本册是否可独立判断整个题肢、官方正误需模型/人工阶段核定,2026-09-24-attribution-v2
BJ-2025-CY-QIMO-Q10,A,,B3,仅词典命中弱信号(精度约0.66-0.88)，不构成准入依据；本册是否可独立判断整个题肢、官方正误需模型/人工阶段核定,2026-09-24-attribution-v2
BJ-2025-CY-QIMO-Q10,B,X2,B3,仅词典命中弱信号(精度约0.66-0.88)，不构成准入依据；本册是否可独立判断整个题肢、官方正误需模型/人工阶段核定,2026-09-24-attribution-v2
BJ-2025-CY-QIMO-Q10,C,X2,B3,仅词典命中弱信号(精度约0.66-0.88)，不构成准入依据；本册是否可独立判断整个题肢、官方正误需模型/人工阶段核定,2026-09-24-attribution-v2
BJ-2025-CY-QIMO-Q10,D,X2,B3,仅词典命中弱信号(精度约0.66-0.88)，不构成准入依据；本册是否可独立判断整个题肢、官方正误需模型/人工阶段核定,2026-09-24-attribution-v2
BJ-2025-CY-QIMO-Q11,A,,B3,仅词典命中弱信号(精度约0.66-0.88)，不构成准入依据；本册是否可独立判断整个题肢、官方正误需模型/人工阶段核定,2026-09-24-attribution-v2
BJ-2025-CY-QIMO-Q11,B,,B3,仅词典命中弱信号(精度约0.66-0.88)，不构成准入依据；本册是否可独立判断整个题肢、官方正误需模型/人工阶段核定,2026-09-24-attribution-v2
BJ-2025-CY-QIMO-Q11,C,X2,B3,仅词典命中弱信号(精度约0.66-0.88)，不构成准入依据；本册是否可独立判断整个题肢、官方正误需模型/人工阶段核定,2026-09-24-attribution-v2
BJ-2025-CY-QIMO-Q11,D,X2,B3,仅词典命中弱信号(精度约0.66-0.88)，不构成准入依据；本册是否可独立判断整个题肢、官方正误需模型/人工阶段核定,2026-09-24-attribution-v2
BJ-2025-CY-QIMO-Q12,①,B2,B2,仅词典命中弱信号(精度约0.66-0.88)，不构成准入依据；本册是否可独立判断整个题肢、官方正误需模型/人工阶段核定,2026-09-24-attribution-v2
BJ-2025-CY-QIMO-Q12,②,B2,B2,仅词典命中弱信号(精度约0.66-0.88)，不构成准入依据；本册是否可独立判断整个题肢、官方正误需模型/人工阶段核定,2026-09-24-attribution-v2
BJ-2025-CY-QIMO-Q12,③,B2,B2,仅词典命中弱信号(精度约0.66-0.88)，不构成准入依据；本册是否可独立判断整个题肢、官方正误需模型/人工阶段核定,2026-09-24-attribution-v2
BJ-2025-CY-QIMO-Q12,④,,B2,仅词典命中弱信号(精度约0.66-0.88)，不构成准入依据；本册是否可独立判断整个题肢、官方正误需模型/人工阶段核定,2026-09-24-attribution-v2
BJ-2025-CY-QIMO-Q13,①,B2,B2,仅词典命中弱信号(精度约0.66-0.88)，不构成准入依据；本册是否可独立判断整个题肢、官方正误需模型/人工阶段核定,2026-09-24-attribution-v2
BJ-2025-CY-QIMO-Q13,②,,B2,仅词典命中弱信号(精度约0.66-0.88)，不构成准入依据；本册是否可独立判断整个题肢、官方正误需模型/人工阶段核定,2026-09-24-attribution-v2
BJ-2025-CY-QIMO-Q13,③,B2,B2,仅词典命中弱信号(精度约0.66-0.88)，不构成准入依据；本册是否可独立判断整个题肢、官方正误需模型/人工阶段核定,2026-09-24-attribution-v2
BJ-2025-CY-QIMO-Q13,④,B2,B2,仅词典命中弱信号(精度约0.66-0.88)，不构成准入依据；本册是否可独立判断整个题肢、官方正误需模型/人工阶段核定,2026-09-24-attribution-v2
BJ-2025-CY-QIMO-Q14,A,,B2,仅词典命中弱信号(精度约0.66-0.88)，不构成准入依据；本册是否可独立判断整个题肢、官方正误需模型/人工阶段核定,2026-09-24-attribution-v2
BJ-2025-CY-QIMO-Q14,B,,B2,仅词典命中弱信号(精度约0.66-0.88)，不构成准入依据；本册是否可独立判断整个题肢、官方正误需模型/人工阶段核定,2026-09-24-attribution-v2
BJ-2025-CY-QIMO-Q14,C,,B2,仅词典命中弱信号(精度约0.66-0.88)，不构成准入依据；本册是否可独立判断整个题肢、官方正误需模型/人工阶段核定,2026-09-24-attribution-v2
BJ-2025-CY-QIMO-Q14,D,,B2,仅词典命中弱信号(精度约0.66-0.88)，不构成准入依据；本册是否可独立判断整个题肢、官方正误需模型/人工阶段核定,2026-09-24-attribution-v2
BJ-2025-HD-QIZHONG-Q1,①,B2,B3,仅词典命中弱信号(精度约0.66-0.88)，不构成准入依据；本册是否可独立判断整个题肢、官方正误需模型/人工阶段核定,2026-09-24-attribution-v2
BJ-2025-HD-QIZHONG-Q1,②,B2,B3,仅词典命中弱信号(精度约0.66-0.88)，不构成准入依据；本册是否可独立判断整个题肢、官方正误需模型/人工阶段核定,2026-09-24-attribution-v2
BJ-2025-HD-QIZHONG-Q1,③,,B3,仅词典命中弱信号(精度约0.66-0.88)，不构成准入依据；本册是否可独立判断整个题肢、官方正误需模型/人工阶段核定,2026-09-24-attribution-v2
BJ-2025-HD-QIZHONG-Q1,④,B2,B3,仅词典命中弱信号(精度约0.66-0.88)，不构成准入依据；本册是否可独立判断整个题肢、官方正误需模型/人工阶段核定,2026-09-24-attribution-v2
BJ-2025-HD-QIZHONG-Q2,①,,B3,仅词典命中弱信号(精度约0.66-0.88)，不构成准入依据；本册是否可独立判断整个题肢、官方正误需模型/人工阶段核定,2026-09-24-attribution-v2
BJ-2025-HD-QIZHONG-Q2,②,,B3,仅词典命中弱信号(精度约0.66-0.88)，不构成准入依据；本册是否可独立判断整个题肢、官方正误需模型/人工阶段核定,2026-09-24-attribution-v2
BJ-2025-HD-QIZHONG-Q2,③,,B3,仅词典命中弱信号(精度约0.66-0.88)，不构成准入依据；本册是否可独立判断整个题肢、官方正误需模型/人工阶段核定,2026-09-24-attribution-v2
BJ-2025-HD-QIZHONG-Q2,④,B2,B3,仅词典命中弱信号(精度约0.66-0.88)，不构成准入依据；本册是否可独立判断整个题肢、官方正误需模型/人工阶段核定,2026-09-24-attribution-v2
BJ-2025-HD-QIZHONG-Q3,①,B2,PH,仅词典命中弱信号(精度约0.66-0.88)，不构成准入依据；本册是否可独立判断整个题肢、官方正误需模型/人工阶段核定,2026-09-24-attribution-v2
BJ-2025-HD-QIZHONG-Q3,②,,PH,仅词典命中弱信号(精度约0.66-0.88)，不构成准入依据；本册是否可独立判断整个题肢、官方正误需模型/人工阶段核定,2026-09-24-attribution-v2
BJ-2025-HD-QIZHONG-Q3,③,X2,PH,仅词典命中弱信号(精度约0.66-0.88)，不构成准入依据；本册是否可独立判断整个题肢、官方正误需模型/人工阶段核定,2026-09-24-attribution-v2
BJ-2025-HD-QIZHONG-Q4,A,B2,PH,仅词典命中弱信号(精度约0.66-0.88)，不构成准入依据；本册是否可独立判断整个题肢、官方正误需模型/人工阶段核定,2026-09-24-attribution-v2
BJ-2025-HD-QIZHONG-Q4,B,B2,PH,仅词典命中弱信号(精度约0.66-0.88)，不构成准入依据；本册是否可独立判断整个题肢、官方正误需模型/人工阶段核定,2026-09-24-attribution-v2
BJ-2025-HD-QIZHONG-Q4,C,,PH,仅词典命中弱信号(精度约0.66-0.88)，不构成准入依据；本册是否可独立判断整个题肢、官方正误需模型/人工阶段核定,2026-09-24-attribution-v2
BJ-2025-HD-QIZHONG-Q4,D,B2,PH,仅词典命中弱信号(精度约0.66-0.88)，不构成准入依据；本册是否可独立判断整个题肢、官方正误需模型/人工阶段核定,2026-09-24-attribution-v2
BJ-2025-HD-QIZHONG-Q5,①,,PH,仅词典命中弱信号(精度约0.66-0.88)，不构成准入依据；本册是否可独立判断整个题肢、官方正误需模型/人工阶段核定,2026-09-24-attribution-v2
BJ-2025-HD-QIZHONG-Q5,②,,PH,仅词典命中弱信号(精度约0.66-0.88)，不构成准入依据；本册是否可独立判断整个题肢、官方正误需模型/人工阶段核定,2026-09-24-attribution-v2
BJ-2025-HD-QIZHONG-Q5,③,B2,PH,仅词典命中弱信号(精度约0.66-0.88)，不构成准入依据；本册是否可独立判断整个题肢、官方正误需模型/人工阶段核定,2026-09-24-attribution-v2
BJ-2025-HD-QIZHONG-Q5,④,,PH,仅词典命中弱信号(精度约0.66-0.88)，不构成准入依据；本册是否可独立判断整个题肢、官方正误需模型/人工阶段核定,2026-09-24-attribution-v2
BJ-2025-HD-QIZHONG-Q6,①,,CU,仅词典命中弱信号(精度约0.66-0.88)，不构成准入依据；本册是否可独立判断整个题肢、官方正误需模型/人工阶段核定,2026-09-24-attribution-v2
BJ-2025-HD-QIZHONG-Q6,②,B2,CU,仅词典命中弱信号(精度约0.66-0.88)，不构成准入依据；本册是否可独立判断整个题肢、官方正误需模型/人工阶段核定,2026-09-24-attribution-v2
BJ-2025-HD-QIZHONG-Q6,③,B2,CU,仅词典命中弱信号(精度约0.66-0.88)，不构成准入依据；本册是否可独立判断整个题肢、官方正误需模型/人工阶段核定,2026-09-24-attribution-v2
BJ-2025-HD-QIZHONG-Q6,④,,CU,仅词典命中弱信号(精度约0.66-0.88)，不构成准入依据；本册是否可独立判断整个题肢、官方正误需模型/人工阶段核定,2026-09-24-attribution-v2
BJ-2025-HD-QIZHONG-Q7,①,B3,B3,仅词典命中弱信号(精度约0.66-0.88)，不构成准入依据；本册是否可独立判断整个题肢、官方正误需模型/人工阶段核定,2026-09-24-attribution-v2
BJ-2025-HD-QIZHONG-Q7,②,B2;B3,B3,仅词典命中弱信号(精度约0.66-0.88)，不构成准入依据；本册是否可独立判断整个题肢、官方正误需模型/人工阶段核定,2026-09-24-attribution-v2
BJ-2025-HD-QIZHONG-Q7,③,B2,B3,仅词典命中弱信号(精度约0.66-0.88)，不构成准入依据；本册是否可独立判断整个题肢、官方正误需模型/人工阶段核定,2026-09-24-attribution-v2
BJ-2025-HD-QIZHONG-Q7,④,B2,B3,仅词典命中弱信号(精度约0.66-0.88)，不构成准入依据；本册是否可独立判断整个题肢、官方正误需模型/人工阶段核定,2026-09-24-attribution-v2
BJ-2025-HD-QIZHONG-Q9,①,,B3,仅词典命中弱信号(精度约0.66-0.88)，不构成准入依据；本册是否可独立判断整个题肢、官方正误需模型/人工阶段核定,2026-09-24-attribution-v2
BJ-2025-HD-QIZHONG-Q9,②,,B3,仅词典命中弱信号(精度约0.66-0.88)，不构成准入依据；本册是否可独立判断整个题肢、官方正误需模型/人工阶段核定,2026-09-24-attribution-v2
BJ-2025-HD-QIZHONG-Q9,③,,B3,仅词典命中弱信号(精度约0.66-0.88)，不构成准入依据；本册是否可独立判断整个题肢、官方正误需模型/人工阶段核定,2026-09-24-attribution-v2
BJ-2025-HD-QIZHONG-Q9,④,,B3,仅词典命中弱信号(精度约0.66-0.88)，不构成准入依据；本册是否可独立判断整个题肢、官方正误需模型/人工阶段核定,2026-09-24-attribution-v2
BJ-2025-HD-QIZHONG-Q10,①,,X2,仅词典命中弱信号(精度约0.66-0.88)，不构成准入依据；本册是否可独立判断整个题肢、官方正误需模型/人工阶段核定,2026-09-24-attribution-v2
BJ-2025-HD-QIZHONG-Q10,②,,X2,仅词典命中弱信号(精度约0.66-0.88)，不构成准入依据；本册是否可独立判断整个题肢、官方正误需模型/人工阶段核定,2026-09-24-attribution-v2
BJ-2025-HD-QIZHONG-Q10,③,X2,X2,仅词典命中弱信号(精度约0.66-0.88)，不构成准入依据；本册是否可独立判断整个题肢、官方正误需模型/人工阶段核定,2026-09-24-attribution-v2
BJ-2025-HD-QIZHONG-Q10,④,,X2,仅词典命中弱信号(精度约0.66-0.88)，不构成准入依据；本册是否可独立判断整个题肢、官方正误需模型/人工阶段核定,2026-09-24-attribution-v2
BJ-2025-HD-QIZHONG-Q12,①,X1,B2,仅词典命中弱信号(精度约0.66-0.88)，不构成准入依据；本册是否可独立判断整个题肢、官方正误需模型/人工阶段核定,2026-09-24-attribution-v2
BJ-2025-HD-QIZHONG-Q12,②,X1,B2,仅词典命中弱信号(精度约0.66-0.88)，不构成准入依据；本册是否可独立判断整个题肢、官方正误需模型/人工阶段核定,2026-09-24-attribution-v2
BJ-2025-HD-QIZHONG-Q12,③,B2;X1,B2,仅词典命中弱信号(精度约0.66-0.88)，不构成准入依据；本册是否可独立判断整个题肢、官方正误需模型/人工阶段核定,2026-09-24-attribution-v2
BJ-2025-HD-QIZHONG-Q12,④,B2,B2,仅词典命中弱信号(精度约0.66-0.88)，不构成准入依据；本册是否可独立判断整个题肢、官方正误需模型/人工阶段核定,2026-09-24-attribution-v2
BJ-2025-HD-QIZHONG-Q13,①,,B2,仅词典命中弱信号(精度约0.66-0.88)，不构成准入依据；本册是否可独立判断整个题肢、官方正误需模型/人工阶段核定,2026-09-24-attribution-v2
BJ-2025-HD-QIZHONG-Q13,②,X1,B2,仅词典命中弱信号(精度约0.66-0.88)，不构成准入依据；本册是否可独立判断整个题肢、官方正误需模型/人工阶段核定,2026-09-24-attribution-v2
BJ-2025-HD-QIZHONG-Q13,③,B2,B2,仅词典命中弱信号(精度约0.66-0.88)，不构成准入依据；本册是否可独立判断整个题肢、官方正误需模型/人工阶段核定,2026-09-24-attribution-v2
BJ-2025-HD-QIZHONG-Q13,④,X1,B2,仅词典命中弱信号(精度约0.66-0.88)，不构成准入依据；本册是否可独立判断整个题肢、官方正误需模型/人工阶段核定,2026-09-24-attribution-v2
BJ-2025-HD-QIZHONG-Q15,①,X1,X1,仅词典命中弱信号(精度约0.66-0.88)，不构成准入依据；本册是否可独立判断整个题肢、官方正误需模型/人工阶段核定,2026-09-24-attribution-v2
BJ-2025-HD-QIZHONG-Q15,②,,X1,仅词典命中弱信号(精度约0.66-0.88)，不构成准入依据；本册是否可独立判断整个题肢、官方正误需模型/人工阶段核定,2026-09-24-attribution-v2
BJ-2025-HD-QIZHONG-Q15,③,,X1,仅词典命中弱信号(精度约0.66-0.88)，不构成准入依据；本册是否可独立判断整个题肢、官方正误需模型/人工阶段核定,2026-09-24-attribution-v2
BJ-2025-HD-QIZHONG-Q15,④,,X1,仅词典命中弱信号(精度约0.66-0.88)，不构成准入依据；本册是否可独立判断整个题肢、官方正误需模型/人工阶段核定,2026-09-24-attribution-v2
BJ-2025-HD-QIMO-Q2,①,,B3,仅词典命中弱信号(精度约0.66-0.88)，不构成准入依据；本册是否可独立判断整个题肢、官方正误需模型/人工阶段核定,2026-09-24-attribution-v2
BJ-2025-HD-QIMO-Q2,②,,B3,仅词典命中弱信号(精度约0.66-0.88)，不构成准入依据；本册是否可独立判断整个题肢、官方正误需模型/人工阶段核定,2026-09-24-attribution-v2
BJ-2025-HD-QIMO-Q2,③,MI,B3,仅词典命中弱信号(精度约0.66-0.88)，不构成准入依据；本册是否可独立判断整个题肢、官方正误需模型/人工阶段核定,2026-09-24-attribution-v2
BJ-2025-HD-QIMO-Q2,④,,B3,仅词典命中弱信号(精度约0.66-0.88)，不构成准入依据；本册是否可独立判断整个题肢、官方正误需模型/人工阶段核定,2026-09-24-attribution-v2
BJ-2025-HD-QIMO-Q3,①,,PH,仅词典命中弱信号(精度约0.66-0.88)，不构成准入依据；本册是否可独立判断整个题肢、官方正误需模型/人工阶段核定,2026-09-24-attribution-v2
BJ-2025-HD-QIMO-Q3,②,CU,PH,仅词典命中弱信号(精度约0.66-0.88)，不构成准入依据；本册是否可独立判断整个题肢、官方正误需模型/人工阶段核定,2026-09-24-attribution-v2
BJ-2025-HD-QIMO-Q3,③,,PH,仅词典命中弱信号(精度约0.66-0.88)，不构成准入依据；本册是否可独立判断整个题肢、官方正误需模型/人工阶段核定,2026-09-24-attribution-v2
BJ-2025-HD-QIMO-Q3,④,,PH,仅词典命中弱信号(精度约0.66-0.88)，不构成准入依据；本册是否可独立判断整个题肢、官方正误需模型/人工阶段核定,2026-09-24-attribution-v2
BJ-2025-HD-QIMO-Q4,A,,PH,仅词典命中弱信号(精度约0.66-0.88)，不构成准入依据；本册是否可独立判断整个题肢、官方正误需模型/人工阶段核定,2026-09-24-attribution-v2
BJ-2025-HD-QIMO-Q4,B,,PH,仅词典命中弱信号(精度约0.66-0.88)，不构成准入依据；本册是否可独立判断整个题肢、官方正误需模型/人工阶段核定,2026-09-24-attribution-v2
BJ-2025-HD-QIMO-Q4,C,MI;PH,PH,仅词典命中弱信号(精度约0.66-0.88)，不构成准入依据；本册是否可独立判断整个题肢、官方正误需模型/人工阶段核定,2026-09-24-attribution-v2
BJ-2025-HD-QIMO-Q4,D,,PH,仅词典命中弱信号(精度约0.66-0.88)，不构成准入依据；本册是否可独立判断整个题肢、官方正误需模型/人工阶段核定,2026-09-24-attribution-v2
BJ-2025-HD-QIMO-Q7,①,PH,B3,仅词典命中弱信号(精度约0.66-0.88)，不构成准入依据；本册是否可独立判断整个题肢、官方正误需模型/人工阶段核定,2026-09-24-attribution-v2
BJ-2025-HD-QIMO-Q7,②,,B3,仅词典命中弱信号(精度约0.66-0.88)，不构成准入依据；本册是否可独立判断整个题肢、官方正误需模型/人工阶段核定,2026-09-24-attribution-v2
BJ-2025-HD-QIMO-Q7,③,,B3,仅词典命中弱信号(精度约0.66-0.88)，不构成准入依据；本册是否可独立判断整个题肢、官方正误需模型/人工阶段核定,2026-09-24-attribution-v2
BJ-2025-HD-QIMO-Q7,④,,B3,仅词典命中弱信号(精度约0.66-0.88)，不构成准入依据；本册是否可独立判断整个题肢、官方正误需模型/人工阶段核定,2026-09-24-attribution-v2
BJ-2025-HD-QIMO-Q8,A,RE,B3,仅词典命中弱信号(精度约0.66-0.88)，不构成准入依据；本册是否可独立判断整个题肢、官方正误需模型/人工阶段核定,2026-09-24-attribution-v2
BJ-2025-HD-QIMO-Q8,B,RE,B3,仅词典命中弱信号(精度约0.66-0.88)，不构成准入依据；本册是否可独立判断整个题肢、官方正误需模型/人工阶段核定,2026-09-24-attribution-v2
BJ-2025-HD-QIMO-Q8,C,,B3,仅词典命中弱信号(精度约0.66-0.88)，不构成准入依据；本册是否可独立判断整个题肢、官方正误需模型/人工阶段核定,2026-09-24-attribution-v2
BJ-2025-HD-QIMO-Q8,D,RE,B3,仅词典命中弱信号(精度约0.66-0.88)，不构成准入依据；本册是否可独立判断整个题肢、官方正误需模型/人工阶段核定,2026-09-24-attribution-v2
BJ-2025-HD-QIMO-Q9,A,X2,B3,仅词典命中弱信号(精度约0.66-0.88)，不构成准入依据；本册是否可独立判断整个题肢、官方正误需模型/人工阶段核定,2026-09-24-attribution-v2
BJ-2025-HD-QIMO-Q9,B,,B3,仅词典命中弱信号(精度约0.66-0.88)，不构成准入依据；本册是否可独立判断整个题肢、官方正误需模型/人工阶段核定,2026-09-24-attribution-v2
BJ-2025-HD-QIMO-Q9,C,,B3,仅词典命中弱信号(精度约0.66-0.88)，不构成准入依据；本册是否可独立判断整个题肢、官方正误需模型/人工阶段核定,2026-09-24-attribution-v2
BJ-2025-HD-QIMO-Q9,D,B2;RE,B3,仅词典命中弱信号(精度约0.66-0.88)，不构成准入依据；本册是否可独立判断整个题肢、官方正误需模型/人工阶段核定,2026-09-24-attribution-v2
BJ-2025-HD-QIMO-Q10,A,,B3,仅词典命中弱信号(精度约0.66-0.88)，不构成准入依据；本册是否可独立判断整个题肢、官方正误需模型/人工阶段核定,2026-09-24-attribution-v2
BJ-2025-HD-QIMO-Q10,B,X2,B3,仅词典命中弱信号(精度约0.66-0.88)，不构成准入依据；本册是否可独立判断整个题肢、官方正误需模型/人工阶段核定,2026-09-24-attribution-v2
BJ-2025-HD-QIMO-Q10,C,X2,B3,仅词典命中弱信号(精度约0.66-0.88)，不构成准入依据；本册是否可独立判断整个题肢、官方正误需模型/人工阶段核定,2026-09-24-attribution-v2
BJ-2025-HD-QIMO-Q10,D,X2,B3,仅词典命中弱信号(精度约0.66-0.88)，不构成准入依据；本册是否可独立判断整个题肢、官方正误需模型/人工阶段核定,2026-09-24-attribution-v2
BJ-2025-HD-QIMO-Q11,①,X2,B3,仅词典命中弱信号(精度约0.66-0.88)，不构成准入依据；本册是否可独立判断整个题肢、官方正误需模型/人工阶段核定,2026-09-24-attribution-v2
BJ-2025-HD-QIMO-Q11,②,X2,B3,仅词典命中弱信号(精度约0.66-0.88)，不构成准入依据；本册是否可独立判断整个题肢、官方正误需模型/人工阶段核定,2026-09-24-attribution-v2
BJ-2025-HD-QIMO-Q11,③,,B3,仅词典命中弱信号(精度约0.66-0.88)，不构成准入依据；本册是否可独立判断整个题肢、官方正误需模型/人工阶段核定,2026-09-24-attribution-v2
BJ-2025-HD-QIMO-Q11,④,B2,B3,仅词典命中弱信号(精度约0.66-0.88)，不构成准入依据；本册是否可独立判断整个题肢、官方正误需模型/人工阶段核定,2026-09-24-attribution-v2
BJ-2025-HD-QIMO-Q12,A,,B2,仅词典命中弱信号(精度约0.66-0.88)，不构成准入依据；本册是否可独立判断整个题肢、官方正误需模型/人工阶段核定,2026-09-24-attribution-v2
BJ-2025-HD-QIMO-Q12,B,,B2,仅词典命中弱信号(精度约0.66-0.88)，不构成准入依据；本册是否可独立判断整个题肢、官方正误需模型/人工阶段核定,2026-09-24-attribution-v2
BJ-2025-HD-QIMO-Q12,C,,B2,仅词典命中弱信号(精度约0.66-0.88)，不构成准入依据；本册是否可独立判断整个题肢、官方正误需模型/人工阶段核定,2026-09-24-attribution-v2
BJ-2025-HD-QIMO-Q12,D,,B2,仅词典命中弱信号(精度约0.66-0.88)，不构成准入依据；本册是否可独立判断整个题肢、官方正误需模型/人工阶段核定,2026-09-24-attribution-v2
BJ-2025-HD-QIMO-Q13,①,B2,B2,仅词典命中弱信号(精度约0.66-0.88)，不构成准入依据；本册是否可独立判断整个题肢、官方正误需模型/人工阶段核定,2026-09-24-attribution-v2
BJ-2025-HD-QIMO-Q13,②,X2,B2,仅词典命中弱信号(精度约0.66-0.88)，不构成准入依据；本册是否可独立判断整个题肢、官方正误需模型/人工阶段核定,2026-09-24-attribution-v2
BJ-2025-HD-QIMO-Q13,③,B3,B2,仅词典命中弱信号(精度约0.66-0.88)，不构成准入依据；本册是否可独立判断整个题肢、官方正误需模型/人工阶段核定,2026-09-24-attribution-v2
BJ-2025-HD-QIMO-Q13,④,B3,B2,仅词典命中弱信号(精度约0.66-0.88)，不构成准入依据；本册是否可独立判断整个题肢、官方正误需模型/人工阶段核定,2026-09-24-attribution-v2
BJ-2025-HD-QIMO-Q14,①,,B2,仅词典命中弱信号(精度约0.66-0.88)，不构成准入依据；本册是否可独立判断整个题肢、官方正误需模型/人工阶段核定,2026-09-24-attribution-v2
BJ-2025-HD-QIMO-Q14,②,X2,B2,仅词典命中弱信号(精度约0.66-0.88)，不构成准入依据；本册是否可独立判断整个题肢、官方正误需模型/人工阶段核定,2026-09-24-attribution-v2
BJ-2025-HD-QIMO-Q14,③,X2,B2,仅词典命中弱信号(精度约0.66-0.88)，不构成准入依据；本册是否可独立判断整个题肢、官方正误需模型/人工阶段核定,2026-09-24-attribution-v2
BJ-2025-HD-QIMO-Q14,④,X2,B2,仅词典命中弱信号(精度约0.66-0.88)，不构成准入依据；本册是否可独立判断整个题肢、官方正误需模型/人工阶段核定,2026-09-24-attribution-v2
BJ-2025-HD-QIMO-Q15,A,,X1,仅词典命中弱信号(精度约0.66-0.88)，不构成准入依据；本册是否可独立判断整个题肢、官方正误需模型/人工阶段核定,2026-09-24-attribution-v2
BJ-2025-HD-QIMO-Q15,B,X2,X1,仅词典命中弱信号(精度约0.66-0.88)，不构成准入依据；本册是否可独立判断整个题肢、官方正误需模型/人工阶段核定,2026-09-24-attribution-v2
BJ-2025-HD-QIMO-Q15,C,X2,X1,仅词典命中弱信号(精度约0.66-0.88)，不构成准入依据；本册是否可独立判断整个题肢、官方正误需模型/人工阶段核定,2026-09-24-attribution-v2
BJ-2025-HD-QIMO-Q15,D,,X1,仅词典命中弱信号(精度约0.66-0.88)，不构成准入依据；本册是否可独立判断整个题肢、官方正误需模型/人工阶段核定,2026-09-24-attribution-v2
BJ-2025-XC-QIMO-Q1,①,PH,B3,仅词典命中弱信号(精度约0.66-0.88)，不构成准入依据；本册是否可独立判断整个题肢、官方正误需模型/人工阶段核定,2026-09-24-attribution-v2
BJ-2025-XC-QIMO-Q1,②,PH,B3,仅词典命中弱信号(精度约0.66-0.88)，不构成准入依据；本册是否可独立判断整个题肢、官方正误需模型/人工阶段核定,2026-09-24-attribution-v2
BJ-2025-XC-QIMO-Q1,③,PH,B3,仅词典命中弱信号(精度约0.66-0.88)，不构成准入依据；本册是否可独立判断整个题肢、官方正误需模型/人工阶段核定,2026-09-24-attribution-v2
BJ-2025-XC-QIMO-Q1,④,,B3,仅词典命中弱信号(精度约0.66-0.88)，不构成准入依据；本册是否可独立判断整个题肢、官方正误需模型/人工阶段核定,2026-09-24-attribution-v2
BJ-2025-XC-QIMO-Q2,①,,B3,仅词典命中弱信号(精度约0.66-0.88)，不构成准入依据；本册是否可独立判断整个题肢、官方正误需模型/人工阶段核定,2026-09-24-attribution-v2
BJ-2025-XC-QIMO-Q2,②,,B3,仅词典命中弱信号(精度约0.66-0.88)，不构成准入依据；本册是否可独立判断整个题肢、官方正误需模型/人工阶段核定,2026-09-24-attribution-v2
BJ-2025-XC-QIMO-Q2,③,B1,B3,仅词典命中弱信号(精度约0.66-0.88)，不构成准入依据；本册是否可独立判断整个题肢、官方正误需模型/人工阶段核定,2026-09-24-attribution-v2
BJ-2025-XC-QIMO-Q2,④,B1,B3,仅词典命中弱信号(精度约0.66-0.88)，不构成准入依据；本册是否可独立判断整个题肢、官方正误需模型/人工阶段核定,2026-09-24-attribution-v2
BJ-2025-XC-QIMO-Q4,①,,PH,仅词典命中弱信号(精度约0.66-0.88)，不构成准入依据；本册是否可独立判断整个题肢、官方正误需模型/人工阶段核定,2026-09-24-attribution-v2
BJ-2025-XC-QIMO-Q4,②,,PH,仅词典命中弱信号(精度约0.66-0.88)，不构成准入依据；本册是否可独立判断整个题肢、官方正误需模型/人工阶段核定,2026-09-24-attribution-v2
BJ-2025-XC-QIMO-Q4,③,,PH,仅词典命中弱信号(精度约0.66-0.88)，不构成准入依据；本册是否可独立判断整个题肢、官方正误需模型/人工阶段核定,2026-09-24-attribution-v2
BJ-2025-XC-QIMO-Q4,④,,PH,仅词典命中弱信号(精度约0.66-0.88)，不构成准入依据；本册是否可独立判断整个题肢、官方正误需模型/人工阶段核定,2026-09-24-attribution-v2
BJ-2025-XC-QIMO-Q5,A,RE,PH,仅词典命中弱信号(精度约0.66-0.88)，不构成准入依据；本册是否可独立判断整个题肢、官方正误需模型/人工阶段核定,2026-09-24-attribution-v2
BJ-2025-XC-QIMO-Q5,B,,PH,仅词典命中弱信号(精度约0.66-0.88)，不构成准入依据；本册是否可独立判断整个题肢、官方正误需模型/人工阶段核定,2026-09-24-attribution-v2
BJ-2025-XC-QIMO-Q5,C,,PH,仅词典命中弱信号(精度约0.66-0.88)，不构成准入依据；本册是否可独立判断整个题肢、官方正误需模型/人工阶段核定,2026-09-24-attribution-v2
BJ-2025-XC-QIMO-Q5,D,,PH,仅词典命中弱信号(精度约0.66-0.88)，不构成准入依据；本册是否可独立判断整个题肢、官方正误需模型/人工阶段核定,2026-09-24-attribution-v2
BJ-2025-XC-QIMO-Q6,A,,CU,仅词典命中弱信号(精度约0.66-0.88)，不构成准入依据；本册是否可独立判断整个题肢、官方正误需模型/人工阶段核定,2026-09-24-attribution-v2
BJ-2025-XC-QIMO-Q6,B,,CU,仅词典命中弱信号(精度约0.66-0.88)，不构成准入依据；本册是否可独立判断整个题肢、官方正误需模型/人工阶段核定,2026-09-24-attribution-v2
BJ-2025-XC-QIMO-Q6,C,B2,CU,仅词典命中弱信号(精度约0.66-0.88)，不构成准入依据；本册是否可独立判断整个题肢、官方正误需模型/人工阶段核定,2026-09-24-attribution-v2
BJ-2025-XC-QIMO-Q6,D,,CU,仅词典命中弱信号(精度约0.66-0.88)，不构成准入依据；本册是否可独立判断整个题肢、官方正误需模型/人工阶段核定,2026-09-24-attribution-v2
BJ-2025-XC-QIMO-Q7,①,MI,B3,仅词典命中弱信号(精度约0.66-0.88)，不构成准入依据；本册是否可独立判断整个题肢、官方正误需模型/人工阶段核定,2026-09-24-attribution-v2
BJ-2025-XC-QIMO-Q7,②,,B3,仅词典命中弱信号(精度约0.66-0.88)，不构成准入依据；本册是否可独立判断整个题肢、官方正误需模型/人工阶段核定,2026-09-24-attribution-v2
BJ-2025-XC-QIMO-Q7,③,,B3,仅词典命中弱信号(精度约0.66-0.88)，不构成准入依据；本册是否可独立判断整个题肢、官方正误需模型/人工阶段核定,2026-09-24-attribution-v2
BJ-2025-XC-QIMO-Q7,④,,B3,仅词典命中弱信号(精度约0.66-0.88)，不构成准入依据；本册是否可独立判断整个题肢、官方正误需模型/人工阶段核定,2026-09-24-attribution-v2
BJ-2025-XC-QIMO-Q9,①,,B3,仅词典命中弱信号(精度约0.66-0.88)，不构成准入依据；本册是否可独立判断整个题肢、官方正误需模型/人工阶段核定,2026-09-24-attribution-v2
BJ-2025-XC-QIMO-Q9,②,,B3,仅词典命中弱信号(精度约0.66-0.88)，不构成准入依据；本册是否可独立判断整个题肢、官方正误需模型/人工阶段核定,2026-09-24-attribution-v2
BJ-2025-XC-QIMO-Q9,③,,B3,仅词典命中弱信号(精度约0.66-0.88)，不构成准入依据；本册是否可独立判断整个题肢、官方正误需模型/人工阶段核定,2026-09-24-attribution-v2
BJ-2025-XC-QIMO-Q9,④,B2;X2,B3,仅词典命中弱信号(精度约0.66-0.88)，不构成准入依据；本册是否可独立判断整个题肢、官方正误需模型/人工阶段核定,2026-09-24-attribution-v2
BJ-2025-XC-QIMO-Q10,①,B3,X2,仅词典命中弱信号(精度约0.66-0.88)，不构成准入依据；本册是否可独立判断整个题肢、官方正误需模型/人工阶段核定,2026-09-24-attribution-v2
BJ-2025-XC-QIMO-Q10,②,B3,X2,仅词典命中弱信号(精度约0.66-0.88)，不构成准入依据；本册是否可独立判断整个题肢、官方正误需模型/人工阶段核定,2026-09-24-attribution-v2
BJ-2025-XC-QIMO-Q10,③,B3;X1,X2,仅词典命中弱信号(精度约0.66-0.88)，不构成准入依据；本册是否可独立判断整个题肢、官方正误需模型/人工阶段核定,2026-09-24-attribution-v2
BJ-2025-XC-QIMO-Q10,④,B3,X2,仅词典命中弱信号(精度约0.66-0.88)，不构成准入依据；本册是否可独立判断整个题肢、官方正误需模型/人工阶段核定,2026-09-24-attribution-v2
BJ-2025-XC-QIMO-Q11,A,,B3,仅词典命中弱信号(精度约0.66-0.88)，不构成准入依据；本册是否可独立判断整个题肢、官方正误需模型/人工阶段核定,2026-09-24-attribution-v2
BJ-2025-XC-QIMO-Q11,B,,B3,仅词典命中弱信号(精度约0.66-0.88)，不构成准入依据；本册是否可独立判断整个题肢、官方正误需模型/人工阶段核定,2026-09-24-attribution-v2
BJ-2025-XC-QIMO-Q11,C,B2,B3,仅词典命中弱信号(精度约0.66-0.88)，不构成准入依据；本册是否可独立判断整个题肢、官方正误需模型/人工阶段核定,2026-09-24-attribution-v2
BJ-2025-XC-QIMO-Q11,D,B1,B3,仅词典命中弱信号(精度约0.66-0.88)，不构成准入依据；本册是否可独立判断整个题肢、官方正误需模型/人工阶段核定,2026-09-24-attribution-v2
BJ-2025-XC-QIMO-Q12,①,X2,B2,仅词典命中弱信号(精度约0.66-0.88)，不构成准入依据；本册是否可独立判断整个题肢、官方正误需模型/人工阶段核定,2026-09-24-attribution-v2
BJ-2025-XC-QIMO-Q12,②,B3;X2,B2,仅词典命中弱信号(精度约0.66-0.88)，不构成准入依据；本册是否可独立判断整个题肢、官方正误需模型/人工阶段核定,2026-09-24-attribution-v2
BJ-2025-XC-QIMO-Q12,③,,B2,仅词典命中弱信号(精度约0.66-0.88)，不构成准入依据；本册是否可独立判断整个题肢、官方正误需模型/人工阶段核定,2026-09-24-attribution-v2
BJ-2025-XC-QIMO-Q13,A,X2,B2,仅词典命中弱信号(精度约0.66-0.88)，不构成准入依据；本册是否可独立判断整个题肢、官方正误需模型/人工阶段核定,2026-09-24-attribution-v2
BJ-2025-XC-QIMO-Q13,B,X2,B2,仅词典命中弱信号(精度约0.66-0.88)，不构成准入依据；本册是否可独立判断整个题肢、官方正误需模型/人工阶段核定,2026-09-24-attribution-v2
BJ-2025-XC-QIMO-Q13,C,X2,B2,仅词典命中弱信号(精度约0.66-0.88)，不构成准入依据；本册是否可独立判断整个题肢、官方正误需模型/人工阶段核定,2026-09-24-attribution-v2
BJ-2025-XC-QIMO-Q13,D,,B2,仅词典命中弱信号(精度约0.66-0.88)，不构成准入依据；本册是否可独立判断整个题肢、官方正误需模型/人工阶段核定,2026-09-24-attribution-v2
BJ-2025-XC-QIMO-Q14,A,,B2,仅词典命中弱信号(精度约0.66-0.88)，不构成准入依据；本册是否可独立判断整个题肢、官方正误需模型/人工阶段核定,2026-09-24-attribution-v2
BJ-2025-XC-QIMO-Q14,B,,B2,仅词典命中弱信号(精度约0.66-0.88)，不构成准入依据；本册是否可独立判断整个题肢、官方正误需模型/人工阶段核定,2026-09-24-attribution-v2
BJ-2025-XC-QIMO-Q14,C,,B2,仅词典命中弱信号(精度约0.66-0.88)，不构成准入依据；本册是否可独立判断整个题肢、官方正误需模型/人工阶段核定,2026-09-24-attribution-v2
BJ-2025-XC-QIMO-Q14,D,B2,B2,仅词典命中弱信号(精度约0.66-0.88)，不构成准入依据；本册是否可独立判断整个题肢、官方正误需模型/人工阶段核定,2026-09-24-attribution-v2
BJ-2025-XC-QIMO-Q15,①,,X1,仅词典命中弱信号(精度约0.66-0.88)，不构成准入依据；本册是否可独立判断整个题肢、官方正误需模型/人工阶段核定,2026-09-24-attribution-v2
BJ-2025-XC-QIMO-Q15,②,X1,X1,仅词典命中弱信号(精度约0.66-0.88)，不构成准入依据；本册是否可独立判断整个题肢、官方正误需模型/人工阶段核定,2026-09-24-attribution-v2
BJ-2025-XC-QIMO-Q15,③,,X1,仅词典命中弱信号(精度约0.66-0.88)，不构成准入依据；本册是否可独立判断整个题肢、官方正误需模型/人工阶段核定,2026-09-24-attribution-v2
BJ-2025-XC-QIMO-Q15,④,X1,X1,仅词典命中弱信号(精度约0.66-0.88)，不构成准入依据；本册是否可独立判断整个题肢、官方正误需模型/人工阶段核定,2026-09-24-attribution-v2
BJ-2026-DC-YIMO-Q2,①,,CU,仅词典命中弱信号(精度约0.66-0.88)，不构成准入依据；本册是否可独立判断整个题肢、官方正误需模型/人工阶段核定,2026-09-24-attribution-v2
BJ-2026-DC-YIMO-Q2,②,CU,CU,仅词典命中弱信号(精度约0.66-0.88)，不构成准入依据；本册是否可独立判断整个题肢、官方正误需模型/人工阶段核定,2026-09-24-attribution-v2
BJ-2026-DC-YIMO-Q2,③,,CU,仅词典命中弱信号(精度约0.66-0.88)，不构成准入依据；本册是否可独立判断整个题肢、官方正误需模型/人工阶段核定,2026-09-24-attribution-v2
BJ-2026-DC-YIMO-Q2,④,B2,CU,仅词典命中弱信号(精度约0.66-0.88)，不构成准入依据；本册是否可独立判断整个题肢、官方正误需模型/人工阶段核定,2026-09-24-attribution-v2
BJ-2026-DC-YIMO-Q4,A,,PH,仅词典命中弱信号(精度约0.66-0.88)，不构成准入依据；本册是否可独立判断整个题肢、官方正误需模型/人工阶段核定,2026-09-24-attribution-v2
BJ-2026-DC-YIMO-Q4,B,,PH,仅词典命中弱信号(精度约0.66-0.88)，不构成准入依据；本册是否可独立判断整个题肢、官方正误需模型/人工阶段核定,2026-09-24-attribution-v2
BJ-2026-DC-YIMO-Q4,C,,PH,仅词典命中弱信号(精度约0.66-0.88)，不构成准入依据；本册是否可独立判断整个题肢、官方正误需模型/人工阶段核定,2026-09-24-attribution-v2
BJ-2026-DC-YIMO-Q4,D,,PH,仅词典命中弱信号(精度约0.66-0.88)，不构成准入依据；本册是否可独立判断整个题肢、官方正误需模型/人工阶段核定,2026-09-24-attribution-v2
BJ-2026-DC-YIMO-Q1,①,B3,B3,仅词典命中弱信号(精度约0.66-0.88)，不构成准入依据；本册是否可独立判断整个题肢、官方正误需模型/人工阶段核定,2026-09-24-attribution-v2
BJ-2026-DC-YIMO-Q1,②,PH,B3,仅词典命中弱信号(精度约0.66-0.88)，不构成准入依据；本册是否可独立判断整个题肢、官方正误需模型/人工阶段核定,2026-09-24-attribution-v2
BJ-2026-DC-YIMO-Q1,③,PH,B3,仅词典命中弱信号(精度约0.66-0.88)，不构成准入依据；本册是否可独立判断整个题肢、官方正误需模型/人工阶段核定,2026-09-24-attribution-v2
BJ-2026-DC-YIMO-Q1,④,X1,B3,仅词典命中弱信号(精度约0.66-0.88)，不构成准入依据；本册是否可独立判断整个题肢、官方正误需模型/人工阶段核定,2026-09-24-attribution-v2
BJ-2026-DC-YIMO-Q3,①,B2,PH,仅词典命中弱信号(精度约0.66-0.88)，不构成准入依据；本册是否可独立判断整个题肢、官方正误需模型/人工阶段核定,2026-09-24-attribution-v2
BJ-2026-DC-YIMO-Q3,②,,PH,仅词典命中弱信号(精度约0.66-0.88)，不构成准入依据；本册是否可独立判断整个题肢、官方正误需模型/人工阶段核定,2026-09-24-attribution-v2
BJ-2026-DC-YIMO-Q3,③,,PH,仅词典命中弱信号(精度约0.66-0.88)，不构成准入依据；本册是否可独立判断整个题肢、官方正误需模型/人工阶段核定,2026-09-24-attribution-v2
BJ-2026-DC-YIMO-Q3,④,,PH,仅词典命中弱信号(精度约0.66-0.88)，不构成准入依据；本册是否可独立判断整个题肢、官方正误需模型/人工阶段核定,2026-09-24-attribution-v2
BJ-2026-DC-YIMO-Q7,A,,B3,仅词典命中弱信号(精度约0.66-0.88)，不构成准入依据；本册是否可独立判断整个题肢、官方正误需模型/人工阶段核定,2026-09-24-attribution-v2
BJ-2026-DC-YIMO-Q7,B,,B3,仅词典命中弱信号(精度约0.66-0.88)，不构成准入依据；本册是否可独立判断整个题肢、官方正误需模型/人工阶段核定,2026-09-24-attribution-v2
BJ-2026-DC-YIMO-Q7,C,,B3,仅词典命中弱信号(精度约0.66-0.88)，不构成准入依据；本册是否可独立判断整个题肢、官方正误需模型/人工阶段核定,2026-09-24-attribution-v2
BJ-2026-DC-YIMO-Q7,D,,B3,仅词典命中弱信号(精度约0.66-0.88)，不构成准入依据；本册是否可独立判断整个题肢、官方正误需模型/人工阶段核定,2026-09-24-attribution-v2
BJ-2026-DC-YIMO-Q5,A,,PH,仅词典命中弱信号(精度约0.66-0.88)，不构成准入依据；本册是否可独立判断整个题肢、官方正误需模型/人工阶段核定,2026-09-24-attribution-v2
BJ-2026-DC-YIMO-Q5,B,,PH,仅词典命中弱信号(精度约0.66-0.88)，不构成准入依据；本册是否可独立判断整个题肢、官方正误需模型/人工阶段核定,2026-09-24-attribution-v2
BJ-2026-DC-YIMO-Q5,C,,PH,仅词典命中弱信号(精度约0.66-0.88)，不构成准入依据；本册是否可独立判断整个题肢、官方正误需模型/人工阶段核定,2026-09-24-attribution-v2
BJ-2026-DC-YIMO-Q5,D,PH,PH,仅词典命中弱信号(精度约0.66-0.88)，不构成准入依据；本册是否可独立判断整个题肢、官方正误需模型/人工阶段核定,2026-09-24-attribution-v2
BJ-2026-DC-YIMO-Q9,①,,B3,仅词典命中弱信号(精度约0.66-0.88)，不构成准入依据；本册是否可独立判断整个题肢、官方正误需模型/人工阶段核定,2026-09-24-attribution-v2
BJ-2026-DC-YIMO-Q9,②,,B3,仅词典命中弱信号(精度约0.66-0.88)，不构成准入依据；本册是否可独立判断整个题肢、官方正误需模型/人工阶段核定,2026-09-24-attribution-v2
BJ-2026-DC-YIMO-Q9,③,X2,B3,仅词典命中弱信号(精度约0.66-0.88)，不构成准入依据；本册是否可独立判断整个题肢、官方正误需模型/人工阶段核定,2026-09-24-attribution-v2
BJ-2026-DC-YIMO-Q9,④,,B3,仅词典命中弱信号(精度约0.66-0.88)，不构成准入依据；本册是否可独立判断整个题肢、官方正误需模型/人工阶段核定,2026-09-24-attribution-v2
BJ-2026-DC-YIMO-Q6,A,PH,RE,仅词典命中弱信号(精度约0.66-0.88)，不构成准入依据；本册是否可独立判断整个题肢、官方正误需模型/人工阶段核定,2026-09-24-attribution-v2
BJ-2026-DC-YIMO-Q6,B,MI,RE,仅词典命中弱信号(精度约0.66-0.88)，不构成准入依据；本册是否可独立判断整个题肢、官方正误需模型/人工阶段核定,2026-09-24-attribution-v2
BJ-2026-DC-YIMO-Q6,C,,RE,仅词典命中弱信号(精度约0.66-0.88)，不构成准入依据；本册是否可独立判断整个题肢、官方正误需模型/人工阶段核定,2026-09-24-attribution-v2
BJ-2026-DC-YIMO-Q6,D,RE,RE,仅词典命中弱信号(精度约0.66-0.88)，不构成准入依据；本册是否可独立判断整个题肢、官方正误需模型/人工阶段核定,2026-09-24-attribution-v2
BJ-2026-DC-YIMO-Q8,①,,B3,仅词典命中弱信号(精度约0.66-0.88)，不构成准入依据；本册是否可独立判断整个题肢、官方正误需模型/人工阶段核定,2026-09-24-attribution-v2
BJ-2026-DC-YIMO-Q8,②,B3;X2,B3,仅词典命中弱信号(精度约0.66-0.88)，不构成准入依据；本册是否可独立判断整个题肢、官方正误需模型/人工阶段核定,2026-09-24-attribution-v2
BJ-2026-DC-YIMO-Q8,③,,B3,仅词典命中弱信号(精度约0.66-0.88)，不构成准入依据；本册是否可独立判断整个题肢、官方正误需模型/人工阶段核定,2026-09-24-attribution-v2
BJ-2026-DC-YIMO-Q8,④,B2,B3,仅词典命中弱信号(精度约0.66-0.88)，不构成准入依据；本册是否可独立判断整个题肢、官方正误需模型/人工阶段核定,2026-09-24-attribution-v2
BJ-2026-DC-YIMO-Q10,A,X2,X2,仅词典命中弱信号(精度约0.66-0.88)，不构成准入依据；本册是否可独立判断整个题肢、官方正误需模型/人工阶段核定,2026-09-24-attribution-v2
BJ-2026-DC-YIMO-Q10,B,X2,X2,仅词典命中弱信号(精度约0.66-0.88)，不构成准入依据；本册是否可独立判断整个题肢、官方正误需模型/人工阶段核定,2026-09-24-attribution-v2
BJ-2026-DC-YIMO-Q10,C,,X2,仅词典命中弱信号(精度约0.66-0.88)，不构成准入依据；本册是否可独立判断整个题肢、官方正误需模型/人工阶段核定,2026-09-24-attribution-v2
BJ-2026-DC-YIMO-Q10,D,B2,X2,仅词典命中弱信号(精度约0.66-0.88)，不构成准入依据；本册是否可独立判断整个题肢、官方正误需模型/人工阶段核定,2026-09-24-attribution-v2
BJ-2026-DC-YIMO-Q11,A,,X2,仅词典命中弱信号(精度约0.66-0.88)，不构成准入依据；本册是否可独立判断整个题肢、官方正误需模型/人工阶段核定,2026-09-24-attribution-v2
BJ-2026-DC-YIMO-Q11,B,X2,X2,仅词典命中弱信号(精度约0.66-0.88)，不构成准入依据；本册是否可独立判断整个题肢、官方正误需模型/人工阶段核定,2026-09-24-attribution-v2
BJ-2026-DC-YIMO-Q11,C,X2,X2,仅词典命中弱信号(精度约0.66-0.88)，不构成准入依据；本册是否可独立判断整个题肢、官方正误需模型/人工阶段核定,2026-09-24-attribution-v2
BJ-2026-DC-YIMO-Q11,D,X2,X2,仅词典命中弱信号(精度约0.66-0.88)，不构成准入依据；本册是否可独立判断整个题肢、官方正误需模型/人工阶段核定,2026-09-24-attribution-v2
BJ-2026-DC-YIMO-Q12,A,B2,B2,仅词典命中弱信号(精度约0.66-0.88)，不构成准入依据；本册是否可独立判断整个题肢、官方正误需模型/人工阶段核定,2026-09-24-attribution-v2
BJ-2026-DC-YIMO-Q12,B,,B2,仅词典命中弱信号(精度约0.66-0.88)，不构成准入依据；本册是否可独立判断整个题肢、官方正误需模型/人工阶段核定,2026-09-24-attribution-v2
BJ-2026-DC-YIMO-Q12,C,,B2,仅词典命中弱信号(精度约0.66-0.88)，不构成准入依据；本册是否可独立判断整个题肢、官方正误需模型/人工阶段核定,2026-09-24-attribution-v2
BJ-2026-DC-YIMO-Q12,D,,B2,仅词典命中弱信号(精度约0.66-0.88)，不构成准入依据；本册是否可独立判断整个题肢、官方正误需模型/人工阶段核定,2026-09-24-attribution-v2
BJ-2026-DC-YIMO-Q13,①,B2,B2,仅词典命中弱信号(精度约0.66-0.88)，不构成准入依据；本册是否可独立判断整个题肢、官方正误需模型/人工阶段核定,2026-09-24-attribution-v2
BJ-2026-DC-YIMO-Q13,②,,B2,仅词典命中弱信号(精度约0.66-0.88)，不构成准入依据；本册是否可独立判断整个题肢、官方正误需模型/人工阶段核定,2026-09-24-attribution-v2
BJ-2026-DC-YIMO-Q13,③,,B2,仅词典命中弱信号(精度约0.66-0.88)，不构成准入依据；本册是否可独立判断整个题肢、官方正误需模型/人工阶段核定,2026-09-24-attribution-v2
BJ-2026-DC-YIMO-Q13,④,,B2,仅词典命中弱信号(精度约0.66-0.88)，不构成准入依据；本册是否可独立判断整个题肢、官方正误需模型/人工阶段核定,2026-09-24-attribution-v2
BJ-2026-DC-YIMO-Q13,⑤,B2,B2,仅词典命中弱信号(精度约0.66-0.88)，不构成准入依据；本册是否可独立判断整个题肢、官方正误需模型/人工阶段核定,2026-09-24-attribution-v2
BJ-2026-DC-YIMO-Q13,⑥,,B2,仅词典命中弱信号(精度约0.66-0.88)，不构成准入依据；本册是否可独立判断整个题肢、官方正误需模型/人工阶段核定,2026-09-24-attribution-v2
BJ-2026-DC-YIMO-Q14,①,,X1,仅词典命中弱信号(精度约0.66-0.88)，不构成准入依据；本册是否可独立判断整个题肢、官方正误需模型/人工阶段核定,2026-09-24-attribution-v2
BJ-2026-DC-YIMO-Q14,②,CU,X1,仅词典命中弱信号(精度约0.66-0.88)，不构成准入依据；本册是否可独立判断整个题肢、官方正误需模型/人工阶段核定,2026-09-24-attribution-v2
BJ-2026-DC-YIMO-Q14,③,X1,X1,仅词典命中弱信号(精度约0.66-0.88)，不构成准入依据；本册是否可独立判断整个题肢、官方正误需模型/人工阶段核定,2026-09-24-attribution-v2
BJ-2026-DC-YIMO-Q14,④,,X1,仅词典命中弱信号(精度约0.66-0.88)，不构成准入依据；本册是否可独立判断整个题肢、官方正误需模型/人工阶段核定,2026-09-24-attribution-v2
BJ-2026-DC-YIMO-Q15,①,X1,X1,仅词典命中弱信号(精度约0.66-0.88)，不构成准入依据；本册是否可独立判断整个题肢、官方正误需模型/人工阶段核定,2026-09-24-attribution-v2
BJ-2026-DC-YIMO-Q15,②,X1,X1,仅词典命中弱信号(精度约0.66-0.88)，不构成准入依据；本册是否可独立判断整个题肢、官方正误需模型/人工阶段核定,2026-09-24-attribution-v2
BJ-2026-DC-YIMO-Q15,③,X1,X1,仅词典命中弱信号(精度约0.66-0.88)，不构成准入依据；本册是否可独立判断整个题肢、官方正误需模型/人工阶段核定,2026-09-24-attribution-v2
BJ-2026-DC-YIMO-Q15,④,CU,X1,仅词典命中弱信号(精度约0.66-0.88)，不构成准入依据；本册是否可独立判断整个题肢、官方正误需模型/人工阶段核定,2026-09-24-attribution-v2
BJ-2026-FT-YIMO-Q1,①,B3,B3,仅词典命中弱信号(精度约0.66-0.88)，不构成准入依据；本册是否可独立判断整个题肢、官方正误需模型/人工阶段核定,2026-09-24-attribution-v2
BJ-2026-FT-YIMO-Q1,②,,B3,仅词典命中弱信号(精度约0.66-0.88)，不构成准入依据；本册是否可独立判断整个题肢、官方正误需模型/人工阶段核定,2026-09-24-attribution-v2
BJ-2026-FT-YIMO-Q1,③,B1;B2,B3,仅词典命中弱信号(精度约0.66-0.88)，不构成准入依据；本册是否可独立判断整个题肢、官方正误需模型/人工阶段核定,2026-09-24-attribution-v2
BJ-2026-FT-YIMO-Q1,④,,B3,仅词典命中弱信号(精度约0.66-0.88)，不构成准入依据；本册是否可独立判断整个题肢、官方正误需模型/人工阶段核定,2026-09-24-attribution-v2
BJ-2026-FT-YIMO-Q4,④,,PH,仅词典命中弱信号(精度约0.66-0.88)，不构成准入依据；本册是否可独立判断整个题肢、官方正误需模型/人工阶段核定,2026-09-24-attribution-v2
BJ-2026-FT-YIMO-Q4,③,,PH,仅词典命中弱信号(精度约0.66-0.88)，不构成准入依据；本册是否可独立判断整个题肢、官方正误需模型/人工阶段核定,2026-09-24-attribution-v2
BJ-2026-FT-YIMO-Q4,①,X1,PH,仅词典命中弱信号(精度约0.66-0.88)，不构成准入依据；本册是否可独立判断整个题肢、官方正误需模型/人工阶段核定,2026-09-24-attribution-v2
BJ-2026-FT-YIMO-Q4,②,,PH,仅词典命中弱信号(精度约0.66-0.88)，不构成准入依据；本册是否可独立判断整个题肢、官方正误需模型/人工阶段核定,2026-09-24-attribution-v2
BJ-2026-FT-YIMO-Q2,④,,CU,仅词典命中弱信号(精度约0.66-0.88)，不构成准入依据；本册是否可独立判断整个题肢、官方正误需模型/人工阶段核定,2026-09-24-attribution-v2
BJ-2026-FT-YIMO-Q2,①,X1,CU,仅词典命中弱信号(精度约0.66-0.88)，不构成准入依据；本册是否可独立判断整个题肢、官方正误需模型/人工阶段核定,2026-09-24-attribution-v2
BJ-2026-FT-YIMO-Q2,②,,CU,仅词典命中弱信号(精度约0.66-0.88)，不构成准入依据；本册是否可独立判断整个题肢、官方正误需模型/人工阶段核定,2026-09-24-attribution-v2
BJ-2026-FT-YIMO-Q2,③,,CU,仅词典命中弱信号(精度约0.66-0.88)，不构成准入依据；本册是否可独立判断整个题肢、官方正误需模型/人工阶段核定,2026-09-24-attribution-v2
BJ-2026-FT-YIMO-Q3,①,B3,PH,仅词典命中弱信号(精度约0.66-0.88)，不构成准入依据；本册是否可独立判断整个题肢、官方正误需模型/人工阶段核定,2026-09-24-attribution-v2
BJ-2026-FT-YIMO-Q3,②,,PH,仅词典命中弱信号(精度约0.66-0.88)，不构成准入依据；本册是否可独立判断整个题肢、官方正误需模型/人工阶段核定,2026-09-24-attribution-v2
BJ-2026-FT-YIMO-Q3,③,B3,PH,仅词典命中弱信号(精度约0.66-0.88)，不构成准入依据；本册是否可独立判断整个题肢、官方正误需模型/人工阶段核定,2026-09-24-attribution-v2
BJ-2026-FT-YIMO-Q3,④,,PH,仅词典命中弱信号(精度约0.66-0.88)，不构成准入依据；本册是否可独立判断整个题肢、官方正误需模型/人工阶段核定,2026-09-24-attribution-v2
BJ-2026-FT-YIMO-Q6,②,,RE,仅词典命中弱信号(精度约0.66-0.88)，不构成准入依据；本册是否可独立判断整个题肢、官方正误需模型/人工阶段核定,2026-09-24-attribution-v2
BJ-2026-FT-YIMO-Q6,①,,RE,仅词典命中弱信号(精度约0.66-0.88)，不构成准入依据；本册是否可独立判断整个题肢、官方正误需模型/人工阶段核定,2026-09-24-attribution-v2
BJ-2026-FT-YIMO-Q6,④,,RE,仅词典命中弱信号(精度约0.66-0.88)，不构成准入依据；本册是否可独立判断整个题肢、官方正误需模型/人工阶段核定,2026-09-24-attribution-v2
BJ-2026-FT-YIMO-Q6,③,,RE,仅词典命中弱信号(精度约0.66-0.88)，不构成准入依据；本册是否可独立判断整个题肢、官方正误需模型/人工阶段核定,2026-09-24-attribution-v2
BJ-2026-FT-YIMO-Q8,①,,B3,仅词典命中弱信号(精度约0.66-0.88)，不构成准入依据；本册是否可独立判断整个题肢、官方正误需模型/人工阶段核定,2026-09-24-attribution-v2
BJ-2026-FT-YIMO-Q8,②,,B3,仅词典命中弱信号(精度约0.66-0.88)，不构成准入依据；本册是否可独立判断整个题肢、官方正误需模型/人工阶段核定,2026-09-24-attribution-v2
BJ-2026-FT-YIMO-Q8,③,,B3,仅词典命中弱信号(精度约0.66-0.88)，不构成准入依据；本册是否可独立判断整个题肢、官方正误需模型/人工阶段核定,2026-09-24-attribution-v2
BJ-2026-FT-YIMO-Q8,④,,B3,仅词典命中弱信号(精度约0.66-0.88)，不构成准入依据；本册是否可独立判断整个题肢、官方正误需模型/人工阶段核定,2026-09-24-attribution-v2
BJ-2026-FT-YIMO-Q10,①,X2,X2,仅词典命中弱信号(精度约0.66-0.88)，不构成准入依据；本册是否可独立判断整个题肢、官方正误需模型/人工阶段核定,2026-09-24-attribution-v2
BJ-2026-FT-YIMO-Q10,②,X2,X2,仅词典命中弱信号(精度约0.66-0.88)，不构成准入依据；本册是否可独立判断整个题肢、官方正误需模型/人工阶段核定,2026-09-24-attribution-v2
BJ-2026-FT-YIMO-Q10,③,B3;X2,X2,仅词典命中弱信号(精度约0.66-0.88)，不构成准入依据；本册是否可独立判断整个题肢、官方正误需模型/人工阶段核定,2026-09-24-attribution-v2
BJ-2026-FT-YIMO-Q10,④,X2,X2,仅词典命中弱信号(精度约0.66-0.88)，不构成准入依据；本册是否可独立判断整个题肢、官方正误需模型/人工阶段核定,2026-09-24-attribution-v2
BJ-2026-FT-YIMO-Q11,①,B2,X2,仅词典命中弱信号(精度约0.66-0.88)，不构成准入依据；本册是否可独立判断整个题肢、官方正误需模型/人工阶段核定,2026-09-24-attribution-v2
BJ-2026-FT-YIMO-Q11,②,X2,X2,仅词典命中弱信号(精度约0.66-0.88)，不构成准入依据；本册是否可独立判断整个题肢、官方正误需模型/人工阶段核定,2026-09-24-attribution-v2
BJ-2026-FT-YIMO-Q11,③,,X2,仅词典命中弱信号(精度约0.66-0.88)，不构成准入依据；本册是否可独立判断整个题肢、官方正误需模型/人工阶段核定,2026-09-24-attribution-v2
BJ-2026-FT-YIMO-Q11,④,X2,X2,仅词典命中弱信号(精度约0.66-0.88)，不构成准入依据；本册是否可独立判断整个题肢、官方正误需模型/人工阶段核定,2026-09-24-attribution-v2
BJ-2026-FT-YIMO-Q12,①,B2,B2,仅词典命中弱信号(精度约0.66-0.88)，不构成准入依据；本册是否可独立判断整个题肢、官方正误需模型/人工阶段核定,2026-09-24-attribution-v2
BJ-2026-FT-YIMO-Q12,②,B2,B2,仅词典命中弱信号(精度约0.66-0.88)，不构成准入依据；本册是否可独立判断整个题肢、官方正误需模型/人工阶段核定,2026-09-24-attribution-v2
BJ-2026-FT-YIMO-Q12,③,B2;X2,B2,仅词典命中弱信号(精度约0.66-0.88)，不构成准入依据；本册是否可独立判断整个题肢、官方正误需模型/人工阶段核定,2026-09-24-attribution-v2
BJ-2026-FT-YIMO-Q12,④,,B2,仅词典命中弱信号(精度约0.66-0.88)，不构成准入依据；本册是否可独立判断整个题肢、官方正误需模型/人工阶段核定,2026-09-24-attribution-v2
BJ-2026-FT-YIMO-Q13,①,B2,B2,仅词典命中弱信号(精度约0.66-0.88)，不构成准入依据；本册是否可独立判断整个题肢、官方正误需模型/人工阶段核定,2026-09-24-attribution-v2
BJ-2026-FT-YIMO-Q13,②,B2,B2,仅词典命中弱信号(精度约0.66-0.88)，不构成准入依据；本册是否可独立判断整个题肢、官方正误需模型/人工阶段核定,2026-09-24-attribution-v2
BJ-2026-FT-YIMO-Q13,③,,B2,仅词典命中弱信号(精度约0.66-0.88)，不构成准入依据；本册是否可独立判断整个题肢、官方正误需模型/人工阶段核定,2026-09-24-attribution-v2
BJ-2026-FT-YIMO-Q13,④,B2,B2,仅词典命中弱信号(精度约0.66-0.88)，不构成准入依据；本册是否可独立判断整个题肢、官方正误需模型/人工阶段核定,2026-09-24-attribution-v2
BJ-2026-FT-YIMO-Q15,①,,X1,仅词典命中弱信号(精度约0.66-0.88)，不构成准入依据；本册是否可独立判断整个题肢、官方正误需模型/人工阶段核定,2026-09-24-attribution-v2
BJ-2026-FT-YIMO-Q15,②,B2;X1,X1,仅词典命中弱信号(精度约0.66-0.88)，不构成准入依据；本册是否可独立判断整个题肢、官方正误需模型/人工阶段核定,2026-09-24-attribution-v2
BJ-2026-FT-YIMO-Q15,③,,X1,仅词典命中弱信号(精度约0.66-0.88)，不构成准入依据；本册是否可独立判断整个题肢、官方正误需模型/人工阶段核定,2026-09-24-attribution-v2
BJ-2026-FT-YIMO-Q15,④,,X1,仅词典命中弱信号(精度约0.66-0.88)，不构成准入依据；本册是否可独立判断整个题肢、官方正误需模型/人工阶段核定,2026-09-24-attribution-v2
BJ-2026-YQ-YIMO-Q1,①,B1,B3,仅词典命中弱信号(精度约0.66-0.88)，不构成准入依据；本册是否可独立判断整个题肢、官方正误需模型/人工阶段核定,2026-09-24-attribution-v2
BJ-2026-YQ-YIMO-Q1,②,B1,B3,仅词典命中弱信号(精度约0.66-0.88)，不构成准入依据；本册是否可独立判断整个题肢、官方正误需模型/人工阶段核定,2026-09-24-attribution-v2
BJ-2026-YQ-YIMO-Q1,③,B3,B3,仅词典命中弱信号(精度约0.66-0.88)，不构成准入依据；本册是否可独立判断整个题肢、官方正误需模型/人工阶段核定,2026-09-24-attribution-v2
BJ-2026-YQ-YIMO-Q1,④,B1,B3,仅词典命中弱信号(精度约0.66-0.88)，不构成准入依据；本册是否可独立判断整个题肢、官方正误需模型/人工阶段核定,2026-09-24-attribution-v2
BJ-2026-YQ-YIMO-Q2,①,X2,CU,仅词典命中弱信号(精度约0.66-0.88)，不构成准入依据；本册是否可独立判断整个题肢、官方正误需模型/人工阶段核定,2026-09-24-attribution-v2
BJ-2026-YQ-YIMO-Q2,②,X2,CU,仅词典命中弱信号(精度约0.66-0.88)，不构成准入依据；本册是否可独立判断整个题肢、官方正误需模型/人工阶段核定,2026-09-24-attribution-v2
BJ-2026-YQ-YIMO-Q2,③,X2,CU,仅词典命中弱信号(精度约0.66-0.88)，不构成准入依据；本册是否可独立判断整个题肢、官方正误需模型/人工阶段核定,2026-09-24-attribution-v2
BJ-2026-YQ-YIMO-Q2,④,X2,CU,仅词典命中弱信号(精度约0.66-0.88)，不构成准入依据；本册是否可独立判断整个题肢、官方正误需模型/人工阶段核定,2026-09-24-attribution-v2
BJ-2026-YQ-YIMO-Q3,①,PH,PH,仅词典命中弱信号(精度约0.66-0.88)，不构成准入依据；本册是否可独立判断整个题肢、官方正误需模型/人工阶段核定,2026-09-24-attribution-v2
BJ-2026-YQ-YIMO-Q3,②,PH,PH,仅词典命中弱信号(精度约0.66-0.88)，不构成准入依据；本册是否可独立判断整个题肢、官方正误需模型/人工阶段核定,2026-09-24-attribution-v2
BJ-2026-YQ-YIMO-Q3,③,B2;PH,PH,仅词典命中弱信号(精度约0.66-0.88)，不构成准入依据；本册是否可独立判断整个题肢、官方正误需模型/人工阶段核定,2026-09-24-attribution-v2
BJ-2026-YQ-YIMO-Q3,④,,PH,仅词典命中弱信号(精度约0.66-0.88)，不构成准入依据；本册是否可独立判断整个题肢、官方正误需模型/人工阶段核定,2026-09-24-attribution-v2
BJ-2026-YQ-YIMO-Q4,①,PH,PH,仅词典命中弱信号(精度约0.66-0.88)，不构成准入依据；本册是否可独立判断整个题肢、官方正误需模型/人工阶段核定,2026-09-24-attribution-v2
BJ-2026-YQ-YIMO-Q4,②,,PH,仅词典命中弱信号(精度约0.66-0.88)，不构成准入依据；本册是否可独立判断整个题肢、官方正误需模型/人工阶段核定,2026-09-24-attribution-v2
BJ-2026-YQ-YIMO-Q4,③,,PH,仅词典命中弱信号(精度约0.66-0.88)，不构成准入依据；本册是否可独立判断整个题肢、官方正误需模型/人工阶段核定,2026-09-24-attribution-v2
BJ-2026-YQ-YIMO-Q4,④,CU,PH,仅词典命中弱信号(精度约0.66-0.88)，不构成准入依据；本册是否可独立判断整个题肢、官方正误需模型/人工阶段核定,2026-09-24-attribution-v2
BJ-2026-YQ-YIMO-Q5,A,MI,PH,仅词典命中弱信号(精度约0.66-0.88)，不构成准入依据；本册是否可独立判断整个题肢、官方正误需模型/人工阶段核定,2026-09-24-attribution-v2
BJ-2026-YQ-YIMO-Q5,B,MI,PH,仅词典命中弱信号(精度约0.66-0.88)，不构成准入依据；本册是否可独立判断整个题肢、官方正误需模型/人工阶段核定,2026-09-24-attribution-v2
BJ-2026-YQ-YIMO-Q5,C,MI,PH,仅词典命中弱信号(精度约0.66-0.88)，不构成准入依据；本册是否可独立判断整个题肢、官方正误需模型/人工阶段核定,2026-09-24-attribution-v2
BJ-2026-YQ-YIMO-Q5,D,RE,PH,仅词典命中弱信号(精度约0.66-0.88)，不构成准入依据；本册是否可独立判断整个题肢、官方正误需模型/人工阶段核定,2026-09-24-attribution-v2
BJ-2026-YQ-YIMO-Q6,A,X1,RE,仅词典命中弱信号(精度约0.66-0.88)，不构成准入依据；本册是否可独立判断整个题肢、官方正误需模型/人工阶段核定,2026-09-24-attribution-v2
BJ-2026-YQ-YIMO-Q6,B,X1,RE,仅词典命中弱信号(精度约0.66-0.88)，不构成准入依据；本册是否可独立判断整个题肢、官方正误需模型/人工阶段核定,2026-09-24-attribution-v2
BJ-2026-YQ-YIMO-Q6,C,X1,RE,仅词典命中弱信号(精度约0.66-0.88)，不构成准入依据；本册是否可独立判断整个题肢、官方正误需模型/人工阶段核定,2026-09-24-attribution-v2
BJ-2026-YQ-YIMO-Q6,D,,RE,仅词典命中弱信号(精度约0.66-0.88)，不构成准入依据；本册是否可独立判断整个题肢、官方正误需模型/人工阶段核定,2026-09-24-attribution-v2
BJ-2026-YQ-YIMO-Q7,A,RE;X2,B3,仅词典命中弱信号(精度约0.66-0.88)，不构成准入依据；本册是否可独立判断整个题肢、官方正误需模型/人工阶段核定,2026-09-24-attribution-v2
BJ-2026-YQ-YIMO-Q7,B,,B3,仅词典命中弱信号(精度约0.66-0.88)，不构成准入依据；本册是否可独立判断整个题肢、官方正误需模型/人工阶段核定,2026-09-24-attribution-v2
BJ-2026-YQ-YIMO-Q7,C,,B3,仅词典命中弱信号(精度约0.66-0.88)，不构成准入依据；本册是否可独立判断整个题肢、官方正误需模型/人工阶段核定,2026-09-24-attribution-v2
BJ-2026-YQ-YIMO-Q7,D,,B3,仅词典命中弱信号(精度约0.66-0.88)，不构成准入依据；本册是否可独立判断整个题肢、官方正误需模型/人工阶段核定,2026-09-24-attribution-v2
BJ-2026-YQ-YIMO-Q8,A,,B3,仅词典命中弱信号(精度约0.66-0.88)，不构成准入依据；本册是否可独立判断整个题肢、官方正误需模型/人工阶段核定,2026-09-24-attribution-v2
BJ-2026-YQ-YIMO-Q8,B,X2,B3,仅词典命中弱信号(精度约0.66-0.88)，不构成准入依据；本册是否可独立判断整个题肢、官方正误需模型/人工阶段核定,2026-09-24-attribution-v2
BJ-2026-YQ-YIMO-Q8,C,,B3,仅词典命中弱信号(精度约0.66-0.88)，不构成准入依据；本册是否可独立判断整个题肢、官方正误需模型/人工阶段核定,2026-09-24-attribution-v2
BJ-2026-YQ-YIMO-Q8,D,X2,B3,仅词典命中弱信号(精度约0.66-0.88)，不构成准入依据；本册是否可独立判断整个题肢、官方正误需模型/人工阶段核定,2026-09-24-attribution-v2
BJ-2026-YQ-YIMO-Q9,A,X2,B3,仅词典命中弱信号(精度约0.66-0.88)，不构成准入依据；本册是否可独立判断整个题肢、官方正误需模型/人工阶段核定,2026-09-24-attribution-v2
BJ-2026-YQ-YIMO-Q9,B,X2,B3,仅词典命中弱信号(精度约0.66-0.88)，不构成准入依据；本册是否可独立判断整个题肢、官方正误需模型/人工阶段核定,2026-09-24-attribution-v2
BJ-2026-YQ-YIMO-Q9,C,X2,B3,仅词典命中弱信号(精度约0.66-0.88)，不构成准入依据；本册是否可独立判断整个题肢、官方正误需模型/人工阶段核定,2026-09-24-attribution-v2
BJ-2026-YQ-YIMO-Q9,D,X2,B3,仅词典命中弱信号(精度约0.66-0.88)，不构成准入依据；本册是否可独立判断整个题肢、官方正误需模型/人工阶段核定,2026-09-24-attribution-v2
BJ-2026-YQ-YIMO-Q10,①,B3,X2,仅词典命中弱信号(精度约0.66-0.88)，不构成准入依据；本册是否可独立判断整个题肢、官方正误需模型/人工阶段核定,2026-09-24-attribution-v2
BJ-2026-YQ-YIMO-Q10,②,B3,X2,仅词典命中弱信号(精度约0.66-0.88)，不构成准入依据；本册是否可独立判断整个题肢、官方正误需模型/人工阶段核定,2026-09-24-attribution-v2
BJ-2026-YQ-YIMO-Q10,③,,X2,仅词典命中弱信号(精度约0.66-0.88)，不构成准入依据；本册是否可独立判断整个题肢、官方正误需模型/人工阶段核定,2026-09-24-attribution-v2
BJ-2026-YQ-YIMO-Q10,④,,X2,仅词典命中弱信号(精度约0.66-0.88)，不构成准入依据；本册是否可独立判断整个题肢、官方正误需模型/人工阶段核定,2026-09-24-attribution-v2
BJ-2026-YQ-YIMO-Q11,①,B3;X2,X2,仅词典命中弱信号(精度约0.66-0.88)，不构成准入依据；本册是否可独立判断整个题肢、官方正误需模型/人工阶段核定,2026-09-24-attribution-v2
BJ-2026-YQ-YIMO-Q11,②,B3,X2,仅词典命中弱信号(精度约0.66-0.88)，不构成准入依据；本册是否可独立判断整个题肢、官方正误需模型/人工阶段核定,2026-09-24-attribution-v2
BJ-2026-YQ-YIMO-Q11,③,B3,X2,仅词典命中弱信号(精度约0.66-0.88)，不构成准入依据；本册是否可独立判断整个题肢、官方正误需模型/人工阶段核定,2026-09-24-attribution-v2
BJ-2026-YQ-YIMO-Q11,④,,X2,仅词典命中弱信号(精度约0.66-0.88)，不构成准入依据；本册是否可独立判断整个题肢、官方正误需模型/人工阶段核定,2026-09-24-attribution-v2
BJ-2026-YQ-YIMO-Q12,①,B2,B2,仅词典命中弱信号(精度约0.66-0.88)，不构成准入依据；本册是否可独立判断整个题肢、官方正误需模型/人工阶段核定,2026-09-24-attribution-v2
BJ-2026-YQ-YIMO-Q12,②,B2,B2,仅词典命中弱信号(精度约0.66-0.88)，不构成准入依据；本册是否可独立判断整个题肢、官方正误需模型/人工阶段核定,2026-09-24-attribution-v2
BJ-2026-YQ-YIMO-Q12,③,,B2,仅词典命中弱信号(精度约0.66-0.88)，不构成准入依据；本册是否可独立判断整个题肢、官方正误需模型/人工阶段核定,2026-09-24-attribution-v2
BJ-2026-YQ-YIMO-Q12,④,,B2,仅词典命中弱信号(精度约0.66-0.88)，不构成准入依据；本册是否可独立判断整个题肢、官方正误需模型/人工阶段核定,2026-09-24-attribution-v2
BJ-2026-YQ-YIMO-Q13,①,,B2,仅词典命中弱信号(精度约0.66-0.88)，不构成准入依据；本册是否可独立判断整个题肢、官方正误需模型/人工阶段核定,2026-09-24-attribution-v2
BJ-2026-YQ-YIMO-Q13,②,B2,B2,仅词典命中弱信号(精度约0.66-0.88)，不构成准入依据；本册是否可独立判断整个题肢、官方正误需模型/人工阶段核定,2026-09-24-attribution-v2
BJ-2026-YQ-YIMO-Q13,③,B2,B2,仅词典命中弱信号(精度约0.66-0.88)，不构成准入依据；本册是否可独立判断整个题肢、官方正误需模型/人工阶段核定,2026-09-24-attribution-v2
BJ-2026-YQ-YIMO-Q13,④,,B2,仅词典命中弱信号(精度约0.66-0.88)，不构成准入依据；本册是否可独立判断整个题肢、官方正误需模型/人工阶段核定,2026-09-24-attribution-v2
BJ-2026-YQ-YIMO-Q14,A,B2,X1,仅词典命中弱信号(精度约0.66-0.88)，不构成准入依据；本册是否可独立判断整个题肢、官方正误需模型/人工阶段核定,2026-09-24-attribution-v2
BJ-2026-YQ-YIMO-Q14,B,B2,X1,仅词典命中弱信号(精度约0.66-0.88)，不构成准入依据；本册是否可独立判断整个题肢、官方正误需模型/人工阶段核定,2026-09-24-attribution-v2
BJ-2026-YQ-YIMO-Q14,C,B2,X1,仅词典命中弱信号(精度约0.66-0.88)，不构成准入依据；本册是否可独立判断整个题肢、官方正误需模型/人工阶段核定,2026-09-24-attribution-v2
BJ-2026-YQ-YIMO-Q14,D,,X1,仅词典命中弱信号(精度约0.66-0.88)，不构成准入依据；本册是否可独立判断整个题肢、官方正误需模型/人工阶段核定,2026-09-24-attribution-v2
BJ-2026-YQ-YIMO-Q15,①,X1,X1,仅词典命中弱信号(精度约0.66-0.88)，不构成准入依据；本册是否可独立判断整个题肢、官方正误需模型/人工阶段核定,2026-09-24-attribution-v2
BJ-2026-YQ-YIMO-Q15,②,,X1,仅词典命中弱信号(精度约0.66-0.88)，不构成准入依据；本册是否可独立判断整个题肢、官方正误需模型/人工阶段核定,2026-09-24-attribution-v2
BJ-2026-YQ-YIMO-Q15,③,X1,X1,仅词典命中弱信号(精度约0.66-0.88)，不构成准入依据；本册是否可独立判断整个题肢、官方正误需模型/人工阶段核定,2026-09-24-attribution-v2
BJ-2026-YQ-YIMO-Q15,④,,X1,仅词典命中弱信号(精度约0.66-0.88)，不构成准入依据；本册是否可独立判断整个题肢、官方正误需模型/人工阶段核定,2026-09-24-attribution-v2
BJ-2026-FS-YIMO-Q2,①,,CU,仅词典命中弱信号(精度约0.66-0.88)，不构成准入依据；本册是否可独立判断整个题肢、官方正误需模型/人工阶段核定,2026-09-24-attribution-v2
BJ-2026-FS-YIMO-Q2,②,,CU,仅词典命中弱信号(精度约0.66-0.88)，不构成准入依据；本册是否可独立判断整个题肢、官方正误需模型/人工阶段核定,2026-09-24-attribution-v2
BJ-2026-FS-YIMO-Q2,③,CU,CU,仅词典命中弱信号(精度约0.66-0.88)，不构成准入依据；本册是否可独立判断整个题肢、官方正误需模型/人工阶段核定,2026-09-24-attribution-v2
BJ-2026-FS-YIMO-Q2,④,,CU,仅词典命中弱信号(精度约0.66-0.88)，不构成准入依据；本册是否可独立判断整个题肢、官方正误需模型/人工阶段核定,2026-09-24-attribution-v2
BJ-2026-FS-YIMO-Q3,①,,PH,仅词典命中弱信号(精度约0.66-0.88)，不构成准入依据；本册是否可独立判断整个题肢、官方正误需模型/人工阶段核定,2026-09-24-attribution-v2
BJ-2026-FS-YIMO-Q3,②,CU,PH,仅词典命中弱信号(精度约0.66-0.88)，不构成准入依据；本册是否可独立判断整个题肢、官方正误需模型/人工阶段核定,2026-09-24-attribution-v2
BJ-2026-FS-YIMO-Q3,③,CU,PH,仅词典命中弱信号(精度约0.66-0.88)，不构成准入依据；本册是否可独立判断整个题肢、官方正误需模型/人工阶段核定,2026-09-24-attribution-v2
BJ-2026-FS-YIMO-Q3,④,,PH,仅词典命中弱信号(精度约0.66-0.88)，不构成准入依据；本册是否可独立判断整个题肢、官方正误需模型/人工阶段核定,2026-09-24-attribution-v2
BJ-2026-FS-YIMO-Q4,①,X1,PH,仅词典命中弱信号(精度约0.66-0.88)，不构成准入依据；本册是否可独立判断整个题肢、官方正误需模型/人工阶段核定,2026-09-24-attribution-v2
BJ-2026-FS-YIMO-Q4,②,PH;X1,PH,仅词典命中弱信号(精度约0.66-0.88)，不构成准入依据；本册是否可独立判断整个题肢、官方正误需模型/人工阶段核定,2026-09-24-attribution-v2
BJ-2026-FS-YIMO-Q4,③,PH;X1,PH,仅词典命中弱信号(精度约0.66-0.88)，不构成准入依据；本册是否可独立判断整个题肢、官方正误需模型/人工阶段核定,2026-09-24-attribution-v2
BJ-2026-FS-YIMO-Q4,④,PH,PH,仅词典命中弱信号(精度约0.66-0.88)，不构成准入依据；本册是否可独立判断整个题肢、官方正误需模型/人工阶段核定,2026-09-24-attribution-v2
BJ-2026-FS-YIMO-Q5,A,B1,PH,仅词典命中弱信号(精度约0.66-0.88)，不构成准入依据；本册是否可独立判断整个题肢、官方正误需模型/人工阶段核定,2026-09-24-attribution-v2
BJ-2026-FS-YIMO-Q5,B,B2,PH,仅词典命中弱信号(精度约0.66-0.88)，不构成准入依据；本册是否可独立判断整个题肢、官方正误需模型/人工阶段核定,2026-09-24-attribution-v2
BJ-2026-FS-YIMO-Q5,C,B1,PH,仅词典命中弱信号(精度约0.66-0.88)，不构成准入依据；本册是否可独立判断整个题肢、官方正误需模型/人工阶段核定,2026-09-24-attribution-v2
BJ-2026-FS-YIMO-Q5,D,,PH,仅词典命中弱信号(精度约0.66-0.88)，不构成准入依据；本册是否可独立判断整个题肢、官方正误需模型/人工阶段核定,2026-09-24-attribution-v2
BJ-2026-FS-YIMO-Q6,A,,RE,仅词典命中弱信号(精度约0.66-0.88)，不构成准入依据；本册是否可独立判断整个题肢、官方正误需模型/人工阶段核定,2026-09-24-attribution-v2
BJ-2026-FS-YIMO-Q6,B,,RE,仅词典命中弱信号(精度约0.66-0.88)，不构成准入依据；本册是否可独立判断整个题肢、官方正误需模型/人工阶段核定,2026-09-24-attribution-v2
BJ-2026-FS-YIMO-Q6,C,RE,RE,仅词典命中弱信号(精度约0.66-0.88)，不构成准入依据；本册是否可独立判断整个题肢、官方正误需模型/人工阶段核定,2026-09-24-attribution-v2
BJ-2026-FS-YIMO-Q6,D,MI,RE,仅词典命中弱信号(精度约0.66-0.88)，不构成准入依据；本册是否可独立判断整个题肢、官方正误需模型/人工阶段核定,2026-09-24-attribution-v2
BJ-2026-FS-YIMO-Q7,①,MI,B3,仅词典命中弱信号(精度约0.66-0.88)，不构成准入依据；本册是否可独立判断整个题肢、官方正误需模型/人工阶段核定,2026-09-24-attribution-v2
BJ-2026-FS-YIMO-Q7,②,RE,B3,仅词典命中弱信号(精度约0.66-0.88)，不构成准入依据；本册是否可独立判断整个题肢、官方正误需模型/人工阶段核定,2026-09-24-attribution-v2
BJ-2026-FS-YIMO-Q7,③,,B3,仅词典命中弱信号(精度约0.66-0.88)，不构成准入依据；本册是否可独立判断整个题肢、官方正误需模型/人工阶段核定,2026-09-24-attribution-v2
BJ-2026-FS-YIMO-Q7,④,B2;RE,B3,仅词典命中弱信号(精度约0.66-0.88)，不构成准入依据；本册是否可独立判断整个题肢、官方正误需模型/人工阶段核定,2026-09-24-attribution-v2
BJ-2026-FS-YIMO-Q9,①,,B3,仅词典命中弱信号(精度约0.66-0.88)，不构成准入依据；本册是否可独立判断整个题肢、官方正误需模型/人工阶段核定,2026-09-24-attribution-v2
BJ-2026-FS-YIMO-Q9,②,B3,B3,仅词典命中弱信号(精度约0.66-0.88)，不构成准入依据；本册是否可独立判断整个题肢、官方正误需模型/人工阶段核定,2026-09-24-attribution-v2
BJ-2026-FS-YIMO-Q9,③,CU,B3,仅词典命中弱信号(精度约0.66-0.88)，不构成准入依据；本册是否可独立判断整个题肢、官方正误需模型/人工阶段核定,2026-09-24-attribution-v2
BJ-2026-FS-YIMO-Q9,④,B3,B3,仅词典命中弱信号(精度约0.66-0.88)，不构成准入依据；本册是否可独立判断整个题肢、官方正误需模型/人工阶段核定,2026-09-24-attribution-v2
BJ-2026-FS-YIMO-Q10,①,,X2,仅词典命中弱信号(精度约0.66-0.88)，不构成准入依据；本册是否可独立判断整个题肢、官方正误需模型/人工阶段核定,2026-09-24-attribution-v2
BJ-2026-FS-YIMO-Q10,②,X2,X2,仅词典命中弱信号(精度约0.66-0.88)，不构成准入依据；本册是否可独立判断整个题肢、官方正误需模型/人工阶段核定,2026-09-24-attribution-v2
BJ-2026-FS-YIMO-Q10,③,,X2,仅词典命中弱信号(精度约0.66-0.88)，不构成准入依据；本册是否可独立判断整个题肢、官方正误需模型/人工阶段核定,2026-09-24-attribution-v2
BJ-2026-FS-YIMO-Q10,④,X2,X2,仅词典命中弱信号(精度约0.66-0.88)，不构成准入依据；本册是否可独立判断整个题肢、官方正误需模型/人工阶段核定,2026-09-24-attribution-v2
BJ-2026-FS-YIMO-Q11,A,X2,X2,仅词典命中弱信号(精度约0.66-0.88)，不构成准入依据；本册是否可独立判断整个题肢、官方正误需模型/人工阶段核定,2026-09-24-attribution-v2
BJ-2026-FS-YIMO-Q11,B,X2,X2,仅词典命中弱信号(精度约0.66-0.88)，不构成准入依据；本册是否可独立判断整个题肢、官方正误需模型/人工阶段核定,2026-09-24-attribution-v2
BJ-2026-FS-YIMO-Q11,C,X2,X2,仅词典命中弱信号(精度约0.66-0.88)，不构成准入依据；本册是否可独立判断整个题肢、官方正误需模型/人工阶段核定,2026-09-24-attribution-v2
BJ-2026-FS-YIMO-Q11,D,X2,X2,仅词典命中弱信号(精度约0.66-0.88)，不构成准入依据；本册是否可独立判断整个题肢、官方正误需模型/人工阶段核定,2026-09-24-attribution-v2
BJ-2026-FS-YIMO-Q12,①,,B2,仅词典命中弱信号(精度约0.66-0.88)，不构成准入依据；本册是否可独立判断整个题肢、官方正误需模型/人工阶段核定,2026-09-24-attribution-v2
BJ-2026-FS-YIMO-Q12,②,,B2,仅词典命中弱信号(精度约0.66-0.88)，不构成准入依据；本册是否可独立判断整个题肢、官方正误需模型/人工阶段核定,2026-09-24-attribution-v2
BJ-2026-FS-YIMO-Q12,③,B2,B2,仅词典命中弱信号(精度约0.66-0.88)，不构成准入依据；本册是否可独立判断整个题肢、官方正误需模型/人工阶段核定,2026-09-24-attribution-v2
BJ-2026-FS-YIMO-Q12,④,B2,B2,仅词典命中弱信号(精度约0.66-0.88)，不构成准入依据；本册是否可独立判断整个题肢、官方正误需模型/人工阶段核定,2026-09-24-attribution-v2
BJ-2026-FS-YIMO-Q13,A,B2,B2,仅词典命中弱信号(精度约0.66-0.88)，不构成准入依据；本册是否可独立判断整个题肢、官方正误需模型/人工阶段核定,2026-09-24-attribution-v2
BJ-2026-FS-YIMO-Q13,B,B2,B2,仅词典命中弱信号(精度约0.66-0.88)，不构成准入依据；本册是否可独立判断整个题肢、官方正误需模型/人工阶段核定,2026-09-24-attribution-v2
BJ-2026-FS-YIMO-Q13,C,B3,B2,仅词典命中弱信号(精度约0.66-0.88)，不构成准入依据；本册是否可独立判断整个题肢、官方正误需模型/人工阶段核定,2026-09-24-attribution-v2
BJ-2026-FS-YIMO-Q13,D,B2,B2,仅词典命中弱信号(精度约0.66-0.88)，不构成准入依据；本册是否可独立判断整个题肢、官方正误需模型/人工阶段核定,2026-09-24-attribution-v2
BJ-2026-FS-YIMO-Q14,A,,X1,仅词典命中弱信号(精度约0.66-0.88)，不构成准入依据；本册是否可独立判断整个题肢、官方正误需模型/人工阶段核定,2026-09-24-attribution-v2
BJ-2026-FS-YIMO-Q14,B,B2,X1,仅词典命中弱信号(精度约0.66-0.88)，不构成准入依据；本册是否可独立判断整个题肢、官方正误需模型/人工阶段核定,2026-09-24-attribution-v2
BJ-2026-FS-YIMO-Q14,C,B2,X1,仅词典命中弱信号(精度约0.66-0.88)，不构成准入依据；本册是否可独立判断整个题肢、官方正误需模型/人工阶段核定,2026-09-24-attribution-v2
BJ-2026-FS-YIMO-Q14,D,X1,X1,仅词典命中弱信号(精度约0.66-0.88)，不构成准入依据；本册是否可独立判断整个题肢、官方正误需模型/人工阶段核定,2026-09-24-attribution-v2
BJ-2026-FS-YIMO-Q15,A,X1,X1,仅词典命中弱信号(精度约0.66-0.88)，不构成准入依据；本册是否可独立判断整个题肢、官方正误需模型/人工阶段核定,2026-09-24-attribution-v2
BJ-2026-FS-YIMO-Q15,B,X1,X1,仅词典命中弱信号(精度约0.66-0.88)，不构成准入依据；本册是否可独立判断整个题肢、官方正误需模型/人工阶段核定,2026-09-24-attribution-v2
BJ-2026-FS-YIMO-Q15,D,,X1,仅词典命中弱信号(精度约0.66-0.88)，不构成准入依据；本册是否可独立判断整个题肢、官方正误需模型/人工阶段核定,2026-09-24-attribution-v2
BJ-2026-CY-YIMO-Q1,①,,B3,仅词典命中弱信号(精度约0.66-0.88)，不构成准入依据；本册是否可独立判断整个题肢、官方正误需模型/人工阶段核定,2026-09-24-attribution-v2
BJ-2026-CY-YIMO-Q1,②,B2,B3,仅词典命中弱信号(精度约0.66-0.88)，不构成准入依据；本册是否可独立判断整个题肢、官方正误需模型/人工阶段核定,2026-09-24-attribution-v2
BJ-2026-CY-YIMO-Q1,③,,B3,仅词典命中弱信号(精度约0.66-0.88)，不构成准入依据；本册是否可独立判断整个题肢、官方正误需模型/人工阶段核定,2026-09-24-attribution-v2
BJ-2026-CY-YIMO-Q1,④,,B3,仅词典命中弱信号(精度约0.66-0.88)，不构成准入依据；本册是否可独立判断整个题肢、官方正误需模型/人工阶段核定,2026-09-24-attribution-v2
BJ-2026-CY-YIMO-Q2,A,PH,CU,仅词典命中弱信号(精度约0.66-0.88)，不构成准入依据；本册是否可独立判断整个题肢、官方正误需模型/人工阶段核定,2026-09-24-attribution-v2
BJ-2026-CY-YIMO-Q2,B,,CU,仅词典命中弱信号(精度约0.66-0.88)，不构成准入依据；本册是否可独立判断整个题肢、官方正误需模型/人工阶段核定,2026-09-24-attribution-v2
BJ-2026-CY-YIMO-Q2,C,,CU,仅词典命中弱信号(精度约0.66-0.88)，不构成准入依据；本册是否可独立判断整个题肢、官方正误需模型/人工阶段核定,2026-09-24-attribution-v2
BJ-2026-CY-YIMO-Q2,D,,CU,仅词典命中弱信号(精度约0.66-0.88)，不构成准入依据；本册是否可独立判断整个题肢、官方正误需模型/人工阶段核定,2026-09-24-attribution-v2
BJ-2026-CY-YIMO-Q3,①,CU,PH,仅词典命中弱信号(精度约0.66-0.88)，不构成准入依据；本册是否可独立判断整个题肢、官方正误需模型/人工阶段核定,2026-09-24-attribution-v2
BJ-2026-CY-YIMO-Q3,②,CU,PH,仅词典命中弱信号(精度约0.66-0.88)，不构成准入依据；本册是否可独立判断整个题肢、官方正误需模型/人工阶段核定,2026-09-24-attribution-v2
BJ-2026-CY-YIMO-Q3,③,PH,PH,仅词典命中弱信号(精度约0.66-0.88)，不构成准入依据；本册是否可独立判断整个题肢、官方正误需模型/人工阶段核定,2026-09-24-attribution-v2
BJ-2026-CY-YIMO-Q3,④,PH,PH,仅词典命中弱信号(精度约0.66-0.88)，不构成准入依据；本册是否可独立判断整个题肢、官方正误需模型/人工阶段核定,2026-09-24-attribution-v2
BJ-2026-CY-YIMO-Q4,①,CU,PH,仅词典命中弱信号(精度约0.66-0.88)，不构成准入依据；本册是否可独立判断整个题肢、官方正误需模型/人工阶段核定,2026-09-24-attribution-v2
BJ-2026-CY-YIMO-Q4,②,,PH,仅词典命中弱信号(精度约0.66-0.88)，不构成准入依据；本册是否可独立判断整个题肢、官方正误需模型/人工阶段核定,2026-09-24-attribution-v2
BJ-2026-CY-YIMO-Q4,③,,PH,仅词典命中弱信号(精度约0.66-0.88)，不构成准入依据；本册是否可独立判断整个题肢、官方正误需模型/人工阶段核定,2026-09-24-attribution-v2
BJ-2026-CY-YIMO-Q4,④,X1,PH,仅词典命中弱信号(精度约0.66-0.88)，不构成准入依据；本册是否可独立判断整个题肢、官方正误需模型/人工阶段核定,2026-09-24-attribution-v2
BJ-2026-CY-YIMO-Q5,A,,PH,仅词典命中弱信号(精度约0.66-0.88)，不构成准入依据；本册是否可独立判断整个题肢、官方正误需模型/人工阶段核定,2026-09-24-attribution-v2
BJ-2026-CY-YIMO-Q5,B,RE,PH,仅词典命中弱信号(精度约0.66-0.88)，不构成准入依据；本册是否可独立判断整个题肢、官方正误需模型/人工阶段核定,2026-09-24-attribution-v2
BJ-2026-CY-YIMO-Q5,C,RE,PH,仅词典命中弱信号(精度约0.66-0.88)，不构成准入依据；本册是否可独立判断整个题肢、官方正误需模型/人工阶段核定,2026-09-24-attribution-v2
BJ-2026-CY-YIMO-Q5,D,RE,PH,仅词典命中弱信号(精度约0.66-0.88)，不构成准入依据；本册是否可独立判断整个题肢、官方正误需模型/人工阶段核定,2026-09-24-attribution-v2
BJ-2026-CY-YIMO-Q6,A,,RE,仅词典命中弱信号(精度约0.66-0.88)，不构成准入依据；本册是否可独立判断整个题肢、官方正误需模型/人工阶段核定,2026-09-24-attribution-v2
BJ-2026-CY-YIMO-Q6,B,MI,RE,仅词典命中弱信号(精度约0.66-0.88)，不构成准入依据；本册是否可独立判断整个题肢、官方正误需模型/人工阶段核定,2026-09-24-attribution-v2
BJ-2026-CY-YIMO-Q6,C,,RE,仅词典命中弱信号(精度约0.66-0.88)，不构成准入依据；本册是否可独立判断整个题肢、官方正误需模型/人工阶段核定,2026-09-24-attribution-v2
BJ-2026-CY-YIMO-Q6,D,MI,RE,仅词典命中弱信号(精度约0.66-0.88)，不构成准入依据；本册是否可独立判断整个题肢、官方正误需模型/人工阶段核定,2026-09-24-attribution-v2
BJ-2026-CY-YIMO-Q7,A,RE,B3,仅词典命中弱信号(精度约0.66-0.88)，不构成准入依据；本册是否可独立判断整个题肢、官方正误需模型/人工阶段核定,2026-09-24-attribution-v2
BJ-2026-CY-YIMO-Q7,B,,B3,仅词典命中弱信号(精度约0.66-0.88)，不构成准入依据；本册是否可独立判断整个题肢、官方正误需模型/人工阶段核定,2026-09-24-attribution-v2
BJ-2026-CY-YIMO-Q7,C,,B3,仅词典命中弱信号(精度约0.66-0.88)，不构成准入依据；本册是否可独立判断整个题肢、官方正误需模型/人工阶段核定,2026-09-24-attribution-v2
BJ-2026-CY-YIMO-Q7,D,MI,B3,仅词典命中弱信号(精度约0.66-0.88)，不构成准入依据；本册是否可独立判断整个题肢、官方正误需模型/人工阶段核定,2026-09-24-attribution-v2
BJ-2026-CY-YIMO-Q8,①,B3,B3,仅词典命中弱信号(精度约0.66-0.88)，不构成准入依据；本册是否可独立判断整个题肢、官方正误需模型/人工阶段核定,2026-09-24-attribution-v2
BJ-2026-CY-YIMO-Q8,②,B3;PH;X1,B3,仅词典命中弱信号(精度约0.66-0.88)，不构成准入依据；本册是否可独立判断整个题肢、官方正误需模型/人工阶段核定,2026-09-24-attribution-v2
BJ-2026-CY-YIMO-Q8,③,B3,B3,仅词典命中弱信号(精度约0.66-0.88)，不构成准入依据；本册是否可独立判断整个题肢、官方正误需模型/人工阶段核定,2026-09-24-attribution-v2
BJ-2026-CY-YIMO-Q8,④,B3,B3,仅词典命中弱信号(精度约0.66-0.88)，不构成准入依据；本册是否可独立判断整个题肢、官方正误需模型/人工阶段核定,2026-09-24-attribution-v2
BJ-2026-CY-YIMO-Q9,①,B3,B3,仅词典命中弱信号(精度约0.66-0.88)，不构成准入依据；本册是否可独立判断整个题肢、官方正误需模型/人工阶段核定,2026-09-24-attribution-v2
BJ-2026-CY-YIMO-Q9,②,B3,B3,仅词典命中弱信号(精度约0.66-0.88)，不构成准入依据；本册是否可独立判断整个题肢、官方正误需模型/人工阶段核定,2026-09-24-attribution-v2
BJ-2026-CY-YIMO-Q9,③,B3,B3,仅词典命中弱信号(精度约0.66-0.88)，不构成准入依据；本册是否可独立判断整个题肢、官方正误需模型/人工阶段核定,2026-09-24-attribution-v2
BJ-2026-CY-YIMO-Q9,④,B3,B3,仅词典命中弱信号(精度约0.66-0.88)，不构成准入依据；本册是否可独立判断整个题肢、官方正误需模型/人工阶段核定,2026-09-24-attribution-v2
BJ-2026-CY-YIMO-Q10,①,X2,X2,仅词典命中弱信号(精度约0.66-0.88)，不构成准入依据；本册是否可独立判断整个题肢、官方正误需模型/人工阶段核定,2026-09-24-attribution-v2
BJ-2026-CY-YIMO-Q10,②,,X2,仅词典命中弱信号(精度约0.66-0.88)，不构成准入依据；本册是否可独立判断整个题肢、官方正误需模型/人工阶段核定,2026-09-24-attribution-v2
BJ-2026-CY-YIMO-Q10,③,,X2,仅词典命中弱信号(精度约0.66-0.88)，不构成准入依据；本册是否可独立判断整个题肢、官方正误需模型/人工阶段核定,2026-09-24-attribution-v2
BJ-2026-CY-YIMO-Q10,④,X2,X2,仅词典命中弱信号(精度约0.66-0.88)，不构成准入依据；本册是否可独立判断整个题肢、官方正误需模型/人工阶段核定,2026-09-24-attribution-v2
BJ-2026-CY-YIMO-Q11,A,B3;X2,X2,仅词典命中弱信号(精度约0.66-0.88)，不构成准入依据；本册是否可独立判断整个题肢、官方正误需模型/人工阶段核定,2026-09-24-attribution-v2
BJ-2026-CY-YIMO-Q11,B,,X2,仅词典命中弱信号(精度约0.66-0.88)，不构成准入依据；本册是否可独立判断整个题肢、官方正误需模型/人工阶段核定,2026-09-24-attribution-v2
BJ-2026-CY-YIMO-Q11,C,X2,X2,仅词典命中弱信号(精度约0.66-0.88)，不构成准入依据；本册是否可独立判断整个题肢、官方正误需模型/人工阶段核定,2026-09-24-attribution-v2
BJ-2026-CY-YIMO-Q11,D,B3;X2,X2,仅词典命中弱信号(精度约0.66-0.88)，不构成准入依据；本册是否可独立判断整个题肢、官方正误需模型/人工阶段核定,2026-09-24-attribution-v2
BJ-2026-CY-YIMO-Q12,①,,B2,仅词典命中弱信号(精度约0.66-0.88)，不构成准入依据；本册是否可独立判断整个题肢、官方正误需模型/人工阶段核定,2026-09-24-attribution-v2
BJ-2026-CY-YIMO-Q12,②,,B2,仅词典命中弱信号(精度约0.66-0.88)，不构成准入依据；本册是否可独立判断整个题肢、官方正误需模型/人工阶段核定,2026-09-24-attribution-v2
BJ-2026-CY-YIMO-Q12,③,,B2,仅词典命中弱信号(精度约0.66-0.88)，不构成准入依据；本册是否可独立判断整个题肢、官方正误需模型/人工阶段核定,2026-09-24-attribution-v2
BJ-2026-CY-YIMO-Q12,④,,B2,仅词典命中弱信号(精度约0.66-0.88)，不构成准入依据；本册是否可独立判断整个题肢、官方正误需模型/人工阶段核定,2026-09-24-attribution-v2
BJ-2026-CY-YIMO-Q13,①,B2,B2,仅词典命中弱信号(精度约0.66-0.88)，不构成准入依据；本册是否可独立判断整个题肢、官方正误需模型/人工阶段核定,2026-09-24-attribution-v2
BJ-2026-CY-YIMO-Q13,②,B2,B2,仅词典命中弱信号(精度约0.66-0.88)，不构成准入依据；本册是否可独立判断整个题肢、官方正误需模型/人工阶段核定,2026-09-24-attribution-v2
BJ-2026-CY-YIMO-Q13,③,B2,B2,仅词典命中弱信号(精度约0.66-0.88)，不构成准入依据；本册是否可独立判断整个题肢、官方正误需模型/人工阶段核定,2026-09-24-attribution-v2
BJ-2026-CY-YIMO-Q13,④,B2,B2,仅词典命中弱信号(精度约0.66-0.88)，不构成准入依据；本册是否可独立判断整个题肢、官方正误需模型/人工阶段核定,2026-09-24-attribution-v2
BJ-2026-CY-YIMO-Q14,①,X1,X1,仅词典命中弱信号(精度约0.66-0.88)，不构成准入依据；本册是否可独立判断整个题肢、官方正误需模型/人工阶段核定,2026-09-24-attribution-v2
BJ-2026-CY-YIMO-Q14,②,B2,X1,仅词典命中弱信号(精度约0.66-0.88)，不构成准入依据；本册是否可独立判断整个题肢、官方正误需模型/人工阶段核定,2026-09-24-attribution-v2
BJ-2026-CY-YIMO-Q14,③,B2,X1,仅词典命中弱信号(精度约0.66-0.88)，不构成准入依据；本册是否可独立判断整个题肢、官方正误需模型/人工阶段核定,2026-09-24-attribution-v2
BJ-2026-CY-YIMO-Q14,④,,X1,仅词典命中弱信号(精度约0.66-0.88)，不构成准入依据；本册是否可独立判断整个题肢、官方正误需模型/人工阶段核定,2026-09-24-attribution-v2
BJ-2026-CY-YIMO-Q15,①,X1,X1,仅词典命中弱信号(精度约0.66-0.88)，不构成准入依据；本册是否可独立判断整个题肢、官方正误需模型/人工阶段核定,2026-09-24-attribution-v2
BJ-2026-CY-YIMO-Q15,②,X1,X1,仅词典命中弱信号(精度约0.66-0.88)，不构成准入依据；本册是否可独立判断整个题肢、官方正误需模型/人工阶段核定,2026-09-24-attribution-v2
BJ-2026-CY-YIMO-Q15,③,,X1,仅词典命中弱信号(精度约0.66-0.88)，不构成准入依据；本册是否可独立判断整个题肢、官方正误需模型/人工阶段核定,2026-09-24-attribution-v2
BJ-2026-CY-YIMO-Q15,④,X1,X1,仅词典命中弱信号(精度约0.66-0.88)，不构成准入依据；本册是否可独立判断整个题肢、官方正误需模型/人工阶段核定,2026-09-24-attribution-v2
BJ-2026-HD-YIMO-Q1,①,,B3,仅词典命中弱信号(精度约0.66-0.88)，不构成准入依据；本册是否可独立判断整个题肢、官方正误需模型/人工阶段核定,2026-09-24-attribution-v2
BJ-2026-HD-YIMO-Q1,②,B3,B3,仅词典命中弱信号(精度约0.66-0.88)，不构成准入依据；本册是否可独立判断整个题肢、官方正误需模型/人工阶段核定,2026-09-24-attribution-v2
BJ-2026-HD-YIMO-Q1,③,RE,B3,仅词典命中弱信号(精度约0.66-0.88)，不构成准入依据；本册是否可独立判断整个题肢、官方正误需模型/人工阶段核定,2026-09-24-attribution-v2
BJ-2026-HD-YIMO-Q1,④,,B3,仅词典命中弱信号(精度约0.66-0.88)，不构成准入依据；本册是否可独立判断整个题肢、官方正误需模型/人工阶段核定,2026-09-24-attribution-v2
BJ-2026-HD-YIMO-Q2,①,,CU,仅词典命中弱信号(精度约0.66-0.88)，不构成准入依据；本册是否可独立判断整个题肢、官方正误需模型/人工阶段核定,2026-09-24-attribution-v2
BJ-2026-HD-YIMO-Q2,②,,CU,仅词典命中弱信号(精度约0.66-0.88)，不构成准入依据；本册是否可独立判断整个题肢、官方正误需模型/人工阶段核定,2026-09-24-attribution-v2
BJ-2026-HD-YIMO-Q2,③,,CU,仅词典命中弱信号(精度约0.66-0.88)，不构成准入依据；本册是否可独立判断整个题肢、官方正误需模型/人工阶段核定,2026-09-24-attribution-v2
BJ-2026-HD-YIMO-Q2,④,,CU,仅词典命中弱信号(精度约0.66-0.88)，不构成准入依据；本册是否可独立判断整个题肢、官方正误需模型/人工阶段核定,2026-09-24-attribution-v2
BJ-2026-HD-YIMO-Q3,④,,PH,仅词典命中弱信号(精度约0.66-0.88)，不构成准入依据；本册是否可独立判断整个题肢、官方正误需模型/人工阶段核定,2026-09-24-attribution-v2
BJ-2026-HD-YIMO-Q3,①,MI,PH,仅词典命中弱信号(精度约0.66-0.88)，不构成准入依据；本册是否可独立判断整个题肢、官方正误需模型/人工阶段核定,2026-09-24-attribution-v2
BJ-2026-HD-YIMO-Q3,②,,PH,仅词典命中弱信号(精度约0.66-0.88)，不构成准入依据；本册是否可独立判断整个题肢、官方正误需模型/人工阶段核定,2026-09-24-attribution-v2
BJ-2026-HD-YIMO-Q3,③,PH,PH,仅词典命中弱信号(精度约0.66-0.88)，不构成准入依据；本册是否可独立判断整个题肢、官方正误需模型/人工阶段核定,2026-09-24-attribution-v2
BJ-2026-HD-YIMO-Q4,①,,PH,仅词典命中弱信号(精度约0.66-0.88)，不构成准入依据；本册是否可独立判断整个题肢、官方正误需模型/人工阶段核定,2026-09-24-attribution-v2
BJ-2026-HD-YIMO-Q4,②,PH,PH,仅词典命中弱信号(精度约0.66-0.88)，不构成准入依据；本册是否可独立判断整个题肢、官方正误需模型/人工阶段核定,2026-09-24-attribution-v2
BJ-2026-HD-YIMO-Q4,③,,PH,仅词典命中弱信号(精度约0.66-0.88)，不构成准入依据；本册是否可独立判断整个题肢、官方正误需模型/人工阶段核定,2026-09-24-attribution-v2
BJ-2026-HD-YIMO-Q4,④,,PH,仅词典命中弱信号(精度约0.66-0.88)，不构成准入依据；本册是否可独立判断整个题肢、官方正误需模型/人工阶段核定,2026-09-24-attribution-v2
BJ-2026-HD-YIMO-Q5,A,PH,PH,仅词典命中弱信号(精度约0.66-0.88)，不构成准入依据；本册是否可独立判断整个题肢、官方正误需模型/人工阶段核定,2026-09-24-attribution-v2
BJ-2026-HD-YIMO-Q5,B,PH,PH,仅词典命中弱信号(精度约0.66-0.88)，不构成准入依据；本册是否可独立判断整个题肢、官方正误需模型/人工阶段核定,2026-09-24-attribution-v2
BJ-2026-HD-YIMO-Q5,C,,PH,仅词典命中弱信号(精度约0.66-0.88)，不构成准入依据；本册是否可独立判断整个题肢、官方正误需模型/人工阶段核定,2026-09-24-attribution-v2
BJ-2026-HD-YIMO-Q5,D,,PH,仅词典命中弱信号(精度约0.66-0.88)，不构成准入依据；本册是否可独立判断整个题肢、官方正误需模型/人工阶段核定,2026-09-24-attribution-v2
BJ-2026-HD-YIMO-Q6,B,,RE,仅词典命中弱信号(精度约0.66-0.88)，不构成准入依据；本册是否可独立判断整个题肢、官方正误需模型/人工阶段核定,2026-09-24-attribution-v2
BJ-2026-HD-YIMO-Q6,D,,RE,仅词典命中弱信号(精度约0.66-0.88)，不构成准入依据；本册是否可独立判断整个题肢、官方正误需模型/人工阶段核定,2026-09-24-attribution-v2
BJ-2026-HD-YIMO-Q7,①,,B3,仅词典命中弱信号(精度约0.66-0.88)，不构成准入依据；本册是否可独立判断整个题肢、官方正误需模型/人工阶段核定,2026-09-24-attribution-v2
BJ-2026-HD-YIMO-Q7,②,,B3,仅词典命中弱信号(精度约0.66-0.88)，不构成准入依据；本册是否可独立判断整个题肢、官方正误需模型/人工阶段核定,2026-09-24-attribution-v2
BJ-2026-HD-YIMO-Q7,③,,B3,仅词典命中弱信号(精度约0.66-0.88)，不构成准入依据；本册是否可独立判断整个题肢、官方正误需模型/人工阶段核定,2026-09-24-attribution-v2
BJ-2026-HD-YIMO-Q7,④,,B3,仅词典命中弱信号(精度约0.66-0.88)，不构成准入依据；本册是否可独立判断整个题肢、官方正误需模型/人工阶段核定,2026-09-24-attribution-v2
BJ-2026-HD-YIMO-Q8,①,,B3,仅词典命中弱信号(精度约0.66-0.88)，不构成准入依据；本册是否可独立判断整个题肢、官方正误需模型/人工阶段核定,2026-09-24-attribution-v2
BJ-2026-HD-YIMO-Q8,②,B3,B3,仅词典命中弱信号(精度约0.66-0.88)，不构成准入依据；本册是否可独立判断整个题肢、官方正误需模型/人工阶段核定,2026-09-24-attribution-v2
BJ-2026-HD-YIMO-Q8,③,B3;MI,B3,仅词典命中弱信号(精度约0.66-0.88)，不构成准入依据；本册是否可独立判断整个题肢、官方正误需模型/人工阶段核定,2026-09-24-attribution-v2
BJ-2026-HD-YIMO-Q8,④,B3,B3,仅词典命中弱信号(精度约0.66-0.88)，不构成准入依据；本册是否可独立判断整个题肢、官方正误需模型/人工阶段核定,2026-09-24-attribution-v2
BJ-2026-HD-YIMO-Q9,A,X2,B3,仅词典命中弱信号(精度约0.66-0.88)，不构成准入依据；本册是否可独立判断整个题肢、官方正误需模型/人工阶段核定,2026-09-24-attribution-v2
BJ-2026-HD-YIMO-Q9,B,B2;X2,B3,仅词典命中弱信号(精度约0.66-0.88)，不构成准入依据；本册是否可独立判断整个题肢、官方正误需模型/人工阶段核定,2026-09-24-attribution-v2
BJ-2026-HD-YIMO-Q9,C,,B3,仅词典命中弱信号(精度约0.66-0.88)，不构成准入依据；本册是否可独立判断整个题肢、官方正误需模型/人工阶段核定,2026-09-24-attribution-v2
BJ-2026-HD-YIMO-Q9,D,B3,B3,仅词典命中弱信号(精度约0.66-0.88)，不构成准入依据；本册是否可独立判断整个题肢、官方正误需模型/人工阶段核定,2026-09-24-attribution-v2
BJ-2026-HD-YIMO-Q11,B,X2,X2,仅词典命中弱信号(精度约0.66-0.88)，不构成准入依据；本册是否可独立判断整个题肢、官方正误需模型/人工阶段核定,2026-09-24-attribution-v2
BJ-2026-HD-YIMO-Q11,C,X2,X2,仅词典命中弱信号(精度约0.66-0.88)，不构成准入依据；本册是否可独立判断整个题肢、官方正误需模型/人工阶段核定,2026-09-24-attribution-v2
BJ-2026-HD-YIMO-Q11,D,X2,X2,仅词典命中弱信号(精度约0.66-0.88)，不构成准入依据；本册是否可独立判断整个题肢、官方正误需模型/人工阶段核定,2026-09-24-attribution-v2
BJ-2026-HD-YIMO-Q12,B,,B2,仅词典命中弱信号(精度约0.66-0.88)，不构成准入依据；本册是否可独立判断整个题肢、官方正误需模型/人工阶段核定,2026-09-24-attribution-v2
BJ-2026-HD-YIMO-Q12,C,,B2,仅词典命中弱信号(精度约0.66-0.88)，不构成准入依据；本册是否可独立判断整个题肢、官方正误需模型/人工阶段核定,2026-09-24-attribution-v2
BJ-2026-HD-YIMO-Q12,D,B2,B2,仅词典命中弱信号(精度约0.66-0.88)，不构成准入依据；本册是否可独立判断整个题肢、官方正误需模型/人工阶段核定,2026-09-24-attribution-v2
BJ-2026-HD-YIMO-Q13,①,,B2,仅词典命中弱信号(精度约0.66-0.88)，不构成准入依据；本册是否可独立判断整个题肢、官方正误需模型/人工阶段核定,2026-09-24-attribution-v2
BJ-2026-HD-YIMO-Q13,②,B2,B2,仅词典命中弱信号(精度约0.66-0.88)，不构成准入依据；本册是否可独立判断整个题肢、官方正误需模型/人工阶段核定,2026-09-24-attribution-v2
BJ-2026-HD-YIMO-Q13,③,,B2,仅词典命中弱信号(精度约0.66-0.88)，不构成准入依据；本册是否可独立判断整个题肢、官方正误需模型/人工阶段核定,2026-09-24-attribution-v2
BJ-2026-HD-YIMO-Q13,④,B2,B2,仅词典命中弱信号(精度约0.66-0.88)，不构成准入依据；本册是否可独立判断整个题肢、官方正误需模型/人工阶段核定,2026-09-24-attribution-v2
BJ-2026-HD-YIMO-Q14,①,B2,X1,仅词典命中弱信号(精度约0.66-0.88)，不构成准入依据；本册是否可独立判断整个题肢、官方正误需模型/人工阶段核定,2026-09-24-attribution-v2
BJ-2026-HD-YIMO-Q14,②,,X1,仅词典命中弱信号(精度约0.66-0.88)，不构成准入依据；本册是否可独立判断整个题肢、官方正误需模型/人工阶段核定,2026-09-24-attribution-v2
BJ-2026-HD-YIMO-Q14,③,,X1,仅词典命中弱信号(精度约0.66-0.88)，不构成准入依据；本册是否可独立判断整个题肢、官方正误需模型/人工阶段核定,2026-09-24-attribution-v2
BJ-2026-HD-YIMO-Q14,④,,X1,仅词典命中弱信号(精度约0.66-0.88)，不构成准入依据；本册是否可独立判断整个题肢、官方正误需模型/人工阶段核定,2026-09-24-attribution-v2
BJ-2026-HD-YIMO-Q15,①,X1,X1,仅词典命中弱信号(精度约0.66-0.88)，不构成准入依据；本册是否可独立判断整个题肢、官方正误需模型/人工阶段核定,2026-09-24-attribution-v2
BJ-2026-HD-YIMO-Q15,②,X1,X1,仅词典命中弱信号(精度约0.66-0.88)，不构成准入依据；本册是否可独立判断整个题肢、官方正误需模型/人工阶段核定,2026-09-24-attribution-v2
BJ-2026-HD-YIMO-Q15,③,X1,X1,仅词典命中弱信号(精度约0.66-0.88)，不构成准入依据；本册是否可独立判断整个题肢、官方正误需模型/人工阶段核定,2026-09-24-attribution-v2
BJ-2026-HD-YIMO-Q15,④,B2;B3,X1,仅词典命中弱信号(精度约0.66-0.88)，不构成准入依据；本册是否可独立判断整个题肢、官方正误需模型/人工阶段核定,2026-09-24-attribution-v2
BJ-2026-SJS-YIMO-Q1,①,B3,B3,仅词典命中弱信号(精度约0.66-0.88)，不构成准入依据；本册是否可独立判断整个题肢、官方正误需模型/人工阶段核定,2026-09-24-attribution-v2
BJ-2026-SJS-YIMO-Q1,②,X1,B3,仅词典命中弱信号(精度约0.66-0.88)，不构成准入依据；本册是否可独立判断整个题肢、官方正误需模型/人工阶段核定,2026-09-24-attribution-v2
BJ-2026-SJS-YIMO-Q1,③,B3,B3,仅词典命中弱信号(精度约0.66-0.88)，不构成准入依据；本册是否可独立判断整个题肢、官方正误需模型/人工阶段核定,2026-09-24-attribution-v2
BJ-2026-SJS-YIMO-Q1,④,,B3,仅词典命中弱信号(精度约0.66-0.88)，不构成准入依据；本册是否可独立判断整个题肢、官方正误需模型/人工阶段核定,2026-09-24-attribution-v2
BJ-2026-SJS-YIMO-Q2,①,B2;PH,CU,仅词典命中弱信号(精度约0.66-0.88)，不构成准入依据；本册是否可独立判断整个题肢、官方正误需模型/人工阶段核定,2026-09-24-attribution-v2
BJ-2026-SJS-YIMO-Q2,②,MI,CU,仅词典命中弱信号(精度约0.66-0.88)，不构成准入依据；本册是否可独立判断整个题肢、官方正误需模型/人工阶段核定,2026-09-24-attribution-v2
BJ-2026-SJS-YIMO-Q2,③,MI,CU,仅词典命中弱信号(精度约0.66-0.88)，不构成准入依据；本册是否可独立判断整个题肢、官方正误需模型/人工阶段核定,2026-09-24-attribution-v2
BJ-2026-SJS-YIMO-Q2,④,,CU,仅词典命中弱信号(精度约0.66-0.88)，不构成准入依据；本册是否可独立判断整个题肢、官方正误需模型/人工阶段核定,2026-09-24-attribution-v2
BJ-2026-SJS-YIMO-Q3,①,,PH,仅词典命中弱信号(精度约0.66-0.88)，不构成准入依据；本册是否可独立判断整个题肢、官方正误需模型/人工阶段核定,2026-09-24-attribution-v2
BJ-2026-SJS-YIMO-Q3,②,,PH,仅词典命中弱信号(精度约0.66-0.88)，不构成准入依据；本册是否可独立判断整个题肢、官方正误需模型/人工阶段核定,2026-09-24-attribution-v2
BJ-2026-SJS-YIMO-Q3,③,MI;PH,PH,仅词典命中弱信号(精度约0.66-0.88)，不构成准入依据；本册是否可独立判断整个题肢、官方正误需模型/人工阶段核定,2026-09-24-attribution-v2
BJ-2026-SJS-YIMO-Q3,④,,PH,仅词典命中弱信号(精度约0.66-0.88)，不构成准入依据；本册是否可独立判断整个题肢、官方正误需模型/人工阶段核定,2026-09-24-attribution-v2
BJ-2026-SJS-YIMO-Q4,①,,PH,仅词典命中弱信号(精度约0.66-0.88)，不构成准入依据；本册是否可独立判断整个题肢、官方正误需模型/人工阶段核定,2026-09-24-attribution-v2
BJ-2026-SJS-YIMO-Q4,②,,PH,仅词典命中弱信号(精度约0.66-0.88)，不构成准入依据；本册是否可独立判断整个题肢、官方正误需模型/人工阶段核定,2026-09-24-attribution-v2
BJ-2026-SJS-YIMO-Q4,③,,PH,仅词典命中弱信号(精度约0.66-0.88)，不构成准入依据；本册是否可独立判断整个题肢、官方正误需模型/人工阶段核定,2026-09-24-attribution-v2
BJ-2026-SJS-YIMO-Q4,④,,PH,仅词典命中弱信号(精度约0.66-0.88)，不构成准入依据；本册是否可独立判断整个题肢、官方正误需模型/人工阶段核定,2026-09-24-attribution-v2
BJ-2026-SJS-YIMO-Q5,A,RE,PH,仅词典命中弱信号(精度约0.66-0.88)，不构成准入依据；本册是否可独立判断整个题肢、官方正误需模型/人工阶段核定,2026-09-24-attribution-v2
BJ-2026-SJS-YIMO-Q5,B,CU,PH,仅词典命中弱信号(精度约0.66-0.88)，不构成准入依据；本册是否可独立判断整个题肢、官方正误需模型/人工阶段核定,2026-09-24-attribution-v2
BJ-2026-SJS-YIMO-Q5,C,CU,PH,仅词典命中弱信号(精度约0.66-0.88)，不构成准入依据；本册是否可独立判断整个题肢、官方正误需模型/人工阶段核定,2026-09-24-attribution-v2
BJ-2026-SJS-YIMO-Q5,D,CU;RE,PH,仅词典命中弱信号(精度约0.66-0.88)，不构成准入依据；本册是否可独立判断整个题肢、官方正误需模型/人工阶段核定,2026-09-24-attribution-v2
BJ-2026-SJS-YIMO-Q6,①,X2,RE,仅词典命中弱信号(精度约0.66-0.88)，不构成准入依据；本册是否可独立判断整个题肢、官方正误需模型/人工阶段核定,2026-09-24-attribution-v2
BJ-2026-SJS-YIMO-Q6,②,X2,RE,仅词典命中弱信号(精度约0.66-0.88)，不构成准入依据；本册是否可独立判断整个题肢、官方正误需模型/人工阶段核定,2026-09-24-attribution-v2
BJ-2026-SJS-YIMO-Q6,③,X2,RE,仅词典命中弱信号(精度约0.66-0.88)，不构成准入依据；本册是否可独立判断整个题肢、官方正误需模型/人工阶段核定,2026-09-24-attribution-v2
BJ-2026-SJS-YIMO-Q6,④,X2,RE,仅词典命中弱信号(精度约0.66-0.88)，不构成准入依据；本册是否可独立判断整个题肢、官方正误需模型/人工阶段核定,2026-09-24-attribution-v2
BJ-2026-SJS-YIMO-Q7,A,RE,B3,仅词典命中弱信号(精度约0.66-0.88)，不构成准入依据；本册是否可独立判断整个题肢、官方正误需模型/人工阶段核定,2026-09-24-attribution-v2
BJ-2026-SJS-YIMO-Q7,B,RE,B3,仅词典命中弱信号(精度约0.66-0.88)，不构成准入依据；本册是否可独立判断整个题肢、官方正误需模型/人工阶段核定,2026-09-24-attribution-v2
BJ-2026-SJS-YIMO-Q7,C,RE,B3,仅词典命中弱信号(精度约0.66-0.88)，不构成准入依据；本册是否可独立判断整个题肢、官方正误需模型/人工阶段核定,2026-09-24-attribution-v2
BJ-2026-SJS-YIMO-Q7,D,MI,B3,仅词典命中弱信号(精度约0.66-0.88)，不构成准入依据；本册是否可独立判断整个题肢、官方正误需模型/人工阶段核定,2026-09-24-attribution-v2
BJ-2026-SJS-YIMO-Q8,①,,B3,仅词典命中弱信号(精度约0.66-0.88)，不构成准入依据；本册是否可独立判断整个题肢、官方正误需模型/人工阶段核定,2026-09-24-attribution-v2
BJ-2026-SJS-YIMO-Q8,②,,B3,仅词典命中弱信号(精度约0.66-0.88)，不构成准入依据；本册是否可独立判断整个题肢、官方正误需模型/人工阶段核定,2026-09-24-attribution-v2
BJ-2026-SJS-YIMO-Q8,③,,B3,仅词典命中弱信号(精度约0.66-0.88)，不构成准入依据；本册是否可独立判断整个题肢、官方正误需模型/人工阶段核定,2026-09-24-attribution-v2
BJ-2026-SJS-YIMO-Q8,④,B2;X2,B3,仅词典命中弱信号(精度约0.66-0.88)，不构成准入依据；本册是否可独立判断整个题肢、官方正误需模型/人工阶段核定,2026-09-24-attribution-v2
BJ-2026-SJS-YIMO-Q9,①,,B3,仅词典命中弱信号(精度约0.66-0.88)，不构成准入依据；本册是否可独立判断整个题肢、官方正误需模型/人工阶段核定,2026-09-24-attribution-v2
BJ-2026-SJS-YIMO-Q9,②,,B3,仅词典命中弱信号(精度约0.66-0.88)，不构成准入依据；本册是否可独立判断整个题肢、官方正误需模型/人工阶段核定,2026-09-24-attribution-v2
BJ-2026-SJS-YIMO-Q9,③,B3,B3,仅词典命中弱信号(精度约0.66-0.88)，不构成准入依据；本册是否可独立判断整个题肢、官方正误需模型/人工阶段核定,2026-09-24-attribution-v2
BJ-2026-SJS-YIMO-Q9,④,B3,B3,仅词典命中弱信号(精度约0.66-0.88)，不构成准入依据；本册是否可独立判断整个题肢、官方正误需模型/人工阶段核定,2026-09-24-attribution-v2
BJ-2026-SJS-YIMO-Q10,①,B2,X2,仅词典命中弱信号(精度约0.66-0.88)，不构成准入依据；本册是否可独立判断整个题肢、官方正误需模型/人工阶段核定,2026-09-24-attribution-v2
BJ-2026-SJS-YIMO-Q10,②,B2,X2,仅词典命中弱信号(精度约0.66-0.88)，不构成准入依据；本册是否可独立判断整个题肢、官方正误需模型/人工阶段核定,2026-09-24-attribution-v2
BJ-2026-SJS-YIMO-Q10,③,B2,X2,仅词典命中弱信号(精度约0.66-0.88)，不构成准入依据；本册是否可独立判断整个题肢、官方正误需模型/人工阶段核定,2026-09-24-attribution-v2
BJ-2026-SJS-YIMO-Q10,④,B2,X2,仅词典命中弱信号(精度约0.66-0.88)，不构成准入依据；本册是否可独立判断整个题肢、官方正误需模型/人工阶段核定,2026-09-24-attribution-v2
BJ-2026-SJS-YIMO-Q11,①,,X2,仅词典命中弱信号(精度约0.66-0.88)，不构成准入依据；本册是否可独立判断整个题肢、官方正误需模型/人工阶段核定,2026-09-24-attribution-v2
BJ-2026-SJS-YIMO-Q11,②,,X2,仅词典命中弱信号(精度约0.66-0.88)，不构成准入依据；本册是否可独立判断整个题肢、官方正误需模型/人工阶段核定,2026-09-24-attribution-v2
BJ-2026-SJS-YIMO-Q11,③,,X2,仅词典命中弱信号(精度约0.66-0.88)，不构成准入依据；本册是否可独立判断整个题肢、官方正误需模型/人工阶段核定,2026-09-24-attribution-v2
BJ-2026-SJS-YIMO-Q11,④,B2,X2,仅词典命中弱信号(精度约0.66-0.88)，不构成准入依据；本册是否可独立判断整个题肢、官方正误需模型/人工阶段核定,2026-09-24-attribution-v2
BJ-2026-SJS-YIMO-Q12,A,X2,B2,仅词典命中弱信号(精度约0.66-0.88)，不构成准入依据；本册是否可独立判断整个题肢、官方正误需模型/人工阶段核定,2026-09-24-attribution-v2
BJ-2026-SJS-YIMO-Q12,B,X2,B2,仅词典命中弱信号(精度约0.66-0.88)，不构成准入依据；本册是否可独立判断整个题肢、官方正误需模型/人工阶段核定,2026-09-24-attribution-v2
BJ-2026-SJS-YIMO-Q12,C,,B2,仅词典命中弱信号(精度约0.66-0.88)，不构成准入依据；本册是否可独立判断整个题肢、官方正误需模型/人工阶段核定,2026-09-24-attribution-v2
BJ-2026-SJS-YIMO-Q12,D,X2,B2,仅词典命中弱信号(精度约0.66-0.88)，不构成准入依据；本册是否可独立判断整个题肢、官方正误需模型/人工阶段核定,2026-09-24-attribution-v2
BJ-2026-SJS-YIMO-Q13,A,X2,B2,仅词典命中弱信号(精度约0.66-0.88)，不构成准入依据；本册是否可独立判断整个题肢、官方正误需模型/人工阶段核定,2026-09-24-attribution-v2
BJ-2026-SJS-YIMO-Q13,B,X2,B2,仅词典命中弱信号(精度约0.66-0.88)，不构成准入依据；本册是否可独立判断整个题肢、官方正误需模型/人工阶段核定,2026-09-24-attribution-v2
BJ-2026-SJS-YIMO-Q13,C,X2,B2,仅词典命中弱信号(精度约0.66-0.88)，不构成准入依据；本册是否可独立判断整个题肢、官方正误需模型/人工阶段核定,2026-09-24-attribution-v2
BJ-2026-SJS-YIMO-Q13,D,X2,B2,仅词典命中弱信号(精度约0.66-0.88)，不构成准入依据；本册是否可独立判断整个题肢、官方正误需模型/人工阶段核定,2026-09-24-attribution-v2
BJ-2026-SJS-YIMO-Q14,①,X2,X1,仅词典命中弱信号(精度约0.66-0.88)，不构成准入依据；本册是否可独立判断整个题肢、官方正误需模型/人工阶段核定,2026-09-24-attribution-v2
BJ-2026-SJS-YIMO-Q14,②,X2,X1,仅词典命中弱信号(精度约0.66-0.88)，不构成准入依据；本册是否可独立判断整个题肢、官方正误需模型/人工阶段核定,2026-09-24-attribution-v2
BJ-2026-SJS-YIMO-Q14,③,X2,X1,仅词典命中弱信号(精度约0.66-0.88)，不构成准入依据；本册是否可独立判断整个题肢、官方正误需模型/人工阶段核定,2026-09-24-attribution-v2
BJ-2026-SJS-YIMO-Q14,④,X2,X1,仅词典命中弱信号(精度约0.66-0.88)，不构成准入依据；本册是否可独立判断整个题肢、官方正误需模型/人工阶段核定,2026-09-24-attribution-v2
BJ-2026-SJS-YIMO-Q15,①,X1,X1,仅词典命中弱信号(精度约0.66-0.88)，不构成准入依据；本册是否可独立判断整个题肢、官方正误需模型/人工阶段核定,2026-09-24-attribution-v2
BJ-2026-SJS-YIMO-Q15,②,X1,X1,仅词典命中弱信号(精度约0.66-0.88)，不构成准入依据；本册是否可独立判断整个题肢、官方正误需模型/人工阶段核定,2026-09-24-attribution-v2
BJ-2026-SJS-YIMO-Q15,③,B2;X1,X1,仅词典命中弱信号(精度约0.66-0.88)，不构成准入依据；本册是否可独立判断整个题肢、官方正误需模型/人工阶段核定,2026-09-24-attribution-v2
BJ-2026-SJS-YIMO-Q15,④,B2,X1,仅词典命中弱信号(精度约0.66-0.88)，不构成准入依据；本册是否可独立判断整个题肢、官方正误需模型/人工阶段核定,2026-09-24-attribution-v2
BJ-2026-XC-YIMO-Q1,①,B1;PH,B3,仅词典命中弱信号(精度约0.66-0.88)，不构成准入依据；本册是否可独立判断整个题肢、官方正误需模型/人工阶段核定,2026-09-24-attribution-v2
BJ-2026-XC-YIMO-Q1,②,,B3,仅词典命中弱信号(精度约0.66-0.88)，不构成准入依据；本册是否可独立判断整个题肢、官方正误需模型/人工阶段核定,2026-09-24-attribution-v2
BJ-2026-XC-YIMO-Q1,③,,B3,仅词典命中弱信号(精度约0.66-0.88)，不构成准入依据；本册是否可独立判断整个题肢、官方正误需模型/人工阶段核定,2026-09-24-attribution-v2
BJ-2026-XC-YIMO-Q1,④,B2,B3,仅词典命中弱信号(精度约0.66-0.88)，不构成准入依据；本册是否可独立判断整个题肢、官方正误需模型/人工阶段核定,2026-09-24-attribution-v2
BJ-2026-XC-YIMO-Q2,①,,CU,仅词典命中弱信号(精度约0.66-0.88)，不构成准入依据；本册是否可独立判断整个题肢、官方正误需模型/人工阶段核定,2026-09-24-attribution-v2
BJ-2026-XC-YIMO-Q2,②,,CU,仅词典命中弱信号(精度约0.66-0.88)，不构成准入依据；本册是否可独立判断整个题肢、官方正误需模型/人工阶段核定,2026-09-24-attribution-v2
BJ-2026-XC-YIMO-Q2,③,,CU,仅词典命中弱信号(精度约0.66-0.88)，不构成准入依据；本册是否可独立判断整个题肢、官方正误需模型/人工阶段核定,2026-09-24-attribution-v2
BJ-2026-XC-YIMO-Q2,④,,CU,仅词典命中弱信号(精度约0.66-0.88)，不构成准入依据；本册是否可独立判断整个题肢、官方正误需模型/人工阶段核定,2026-09-24-attribution-v2
BJ-2026-XC-YIMO-Q3,①,B3,PH,仅词典命中弱信号(精度约0.66-0.88)，不构成准入依据；本册是否可独立判断整个题肢、官方正误需模型/人工阶段核定,2026-09-24-attribution-v2
BJ-2026-XC-YIMO-Q3,②,,PH,仅词典命中弱信号(精度约0.66-0.88)，不构成准入依据；本册是否可独立判断整个题肢、官方正误需模型/人工阶段核定,2026-09-24-attribution-v2
BJ-2026-XC-YIMO-Q3,③,B3,PH,仅词典命中弱信号(精度约0.66-0.88)，不构成准入依据；本册是否可独立判断整个题肢、官方正误需模型/人工阶段核定,2026-09-24-attribution-v2
BJ-2026-XC-YIMO-Q3,④,B3,PH,仅词典命中弱信号(精度约0.66-0.88)，不构成准入依据；本册是否可独立判断整个题肢、官方正误需模型/人工阶段核定,2026-09-24-attribution-v2
BJ-2026-XC-YIMO-Q4,①,B3,PH,仅词典命中弱信号(精度约0.66-0.88)，不构成准入依据；本册是否可独立判断整个题肢、官方正误需模型/人工阶段核定,2026-09-24-attribution-v2
BJ-2026-XC-YIMO-Q4,②,B3,PH,仅词典命中弱信号(精度约0.66-0.88)，不构成准入依据；本册是否可独立判断整个题肢、官方正误需模型/人工阶段核定,2026-09-24-attribution-v2
BJ-2026-XC-YIMO-Q4,③,B3,PH,仅词典命中弱信号(精度约0.66-0.88)，不构成准入依据；本册是否可独立判断整个题肢、官方正误需模型/人工阶段核定,2026-09-24-attribution-v2
BJ-2026-XC-YIMO-Q4,④,B2;B3,PH,仅词典命中弱信号(精度约0.66-0.88)，不构成准入依据；本册是否可独立判断整个题肢、官方正误需模型/人工阶段核定,2026-09-24-attribution-v2
BJ-2026-XC-YIMO-Q5,①,,PH,仅词典命中弱信号(精度约0.66-0.88)，不构成准入依据；本册是否可独立判断整个题肢、官方正误需模型/人工阶段核定,2026-09-24-attribution-v2
BJ-2026-XC-YIMO-Q5,②,,PH,仅词典命中弱信号(精度约0.66-0.88)，不构成准入依据；本册是否可独立判断整个题肢、官方正误需模型/人工阶段核定,2026-09-24-attribution-v2
BJ-2026-XC-YIMO-Q5,③,,PH,仅词典命中弱信号(精度约0.66-0.88)，不构成准入依据；本册是否可独立判断整个题肢、官方正误需模型/人工阶段核定,2026-09-24-attribution-v2
BJ-2026-XC-YIMO-Q5,④,PH,PH,仅词典命中弱信号(精度约0.66-0.88)，不构成准入依据；本册是否可独立判断整个题肢、官方正误需模型/人工阶段核定,2026-09-24-attribution-v2
BJ-2026-XC-YIMO-Q6,A,,RE,仅词典命中弱信号(精度约0.66-0.88)，不构成准入依据；本册是否可独立判断整个题肢、官方正误需模型/人工阶段核定,2026-09-24-attribution-v2
BJ-2026-XC-YIMO-Q6,B,,RE,仅词典命中弱信号(精度约0.66-0.88)，不构成准入依据；本册是否可独立判断整个题肢、官方正误需模型/人工阶段核定,2026-09-24-attribution-v2
BJ-2026-XC-YIMO-Q6,C,,RE,仅词典命中弱信号(精度约0.66-0.88)，不构成准入依据；本册是否可独立判断整个题肢、官方正误需模型/人工阶段核定,2026-09-24-attribution-v2
BJ-2026-XC-YIMO-Q6,D,,RE,仅词典命中弱信号(精度约0.66-0.88)，不构成准入依据；本册是否可独立判断整个题肢、官方正误需模型/人工阶段核定,2026-09-24-attribution-v2
BJ-2026-XC-YIMO-Q7,①,,B3,仅词典命中弱信号(精度约0.66-0.88)，不构成准入依据；本册是否可独立判断整个题肢、官方正误需模型/人工阶段核定,2026-09-24-attribution-v2
BJ-2026-XC-YIMO-Q7,②,PH,B3,仅词典命中弱信号(精度约0.66-0.88)，不构成准入依据；本册是否可独立判断整个题肢、官方正误需模型/人工阶段核定,2026-09-24-attribution-v2
BJ-2026-XC-YIMO-Q7,③,B2,B3,仅词典命中弱信号(精度约0.66-0.88)，不构成准入依据；本册是否可独立判断整个题肢、官方正误需模型/人工阶段核定,2026-09-24-attribution-v2
BJ-2026-XC-YIMO-Q7,④,,B3,仅词典命中弱信号(精度约0.66-0.88)，不构成准入依据；本册是否可独立判断整个题肢、官方正误需模型/人工阶段核定,2026-09-24-attribution-v2
BJ-2026-XC-YIMO-Q8,①,,B3,仅词典命中弱信号(精度约0.66-0.88)，不构成准入依据；本册是否可独立判断整个题肢、官方正误需模型/人工阶段核定,2026-09-24-attribution-v2
BJ-2026-XC-YIMO-Q8,②,,B3,仅词典命中弱信号(精度约0.66-0.88)，不构成准入依据；本册是否可独立判断整个题肢、官方正误需模型/人工阶段核定,2026-09-24-attribution-v2
BJ-2026-XC-YIMO-Q8,③,B2,B3,仅词典命中弱信号(精度约0.66-0.88)，不构成准入依据；本册是否可独立判断整个题肢、官方正误需模型/人工阶段核定,2026-09-24-attribution-v2
BJ-2026-XC-YIMO-Q8,④,,B3,仅词典命中弱信号(精度约0.66-0.88)，不构成准入依据；本册是否可独立判断整个题肢、官方正误需模型/人工阶段核定,2026-09-24-attribution-v2
BJ-2026-XC-YIMO-Q9,A,X2,B3,仅词典命中弱信号(精度约0.66-0.88)，不构成准入依据；本册是否可独立判断整个题肢、官方正误需模型/人工阶段核定,2026-09-24-attribution-v2
BJ-2026-XC-YIMO-Q9,B,X2,B3,仅词典命中弱信号(精度约0.66-0.88)，不构成准入依据；本册是否可独立判断整个题肢、官方正误需模型/人工阶段核定,2026-09-24-attribution-v2
BJ-2026-XC-YIMO-Q9,C,B2,B3,仅词典命中弱信号(精度约0.66-0.88)，不构成准入依据；本册是否可独立判断整个题肢、官方正误需模型/人工阶段核定,2026-09-24-attribution-v2
BJ-2026-XC-YIMO-Q9,D,X2,B3,仅词典命中弱信号(精度约0.66-0.88)，不构成准入依据；本册是否可独立判断整个题肢、官方正误需模型/人工阶段核定,2026-09-24-attribution-v2
BJ-2026-XC-YIMO-Q10,①,,X2,仅词典命中弱信号(精度约0.66-0.88)，不构成准入依据；本册是否可独立判断整个题肢、官方正误需模型/人工阶段核定,2026-09-24-attribution-v2
BJ-2026-XC-YIMO-Q10,②,,X2,仅词典命中弱信号(精度约0.66-0.88)，不构成准入依据；本册是否可独立判断整个题肢、官方正误需模型/人工阶段核定,2026-09-24-attribution-v2
BJ-2026-XC-YIMO-Q10,③,,X2,仅词典命中弱信号(精度约0.66-0.88)，不构成准入依据；本册是否可独立判断整个题肢、官方正误需模型/人工阶段核定,2026-09-24-attribution-v2
BJ-2026-XC-YIMO-Q10,④,,X2,仅词典命中弱信号(精度约0.66-0.88)，不构成准入依据；本册是否可独立判断整个题肢、官方正误需模型/人工阶段核定,2026-09-24-attribution-v2
BJ-2026-XC-YIMO-Q11,①,B2,X2,仅词典命中弱信号(精度约0.66-0.88)，不构成准入依据；本册是否可独立判断整个题肢、官方正误需模型/人工阶段核定,2026-09-24-attribution-v2
BJ-2026-XC-YIMO-Q11,②,B2,X2,仅词典命中弱信号(精度约0.66-0.88)，不构成准入依据；本册是否可独立判断整个题肢、官方正误需模型/人工阶段核定,2026-09-24-attribution-v2
BJ-2026-XC-YIMO-Q11,③,,X2,仅词典命中弱信号(精度约0.66-0.88)，不构成准入依据；本册是否可独立判断整个题肢、官方正误需模型/人工阶段核定,2026-09-24-attribution-v2
BJ-2026-XC-YIMO-Q11,④,,X2,仅词典命中弱信号(精度约0.66-0.88)，不构成准入依据；本册是否可独立判断整个题肢、官方正误需模型/人工阶段核定,2026-09-24-attribution-v2
BJ-2026-XC-YIMO-Q12,①,B2,B2,仅词典命中弱信号(精度约0.66-0.88)，不构成准入依据；本册是否可独立判断整个题肢、官方正误需模型/人工阶段核定,2026-09-24-attribution-v2
BJ-2026-XC-YIMO-Q12,②,B2,B2,仅词典命中弱信号(精度约0.66-0.88)，不构成准入依据；本册是否可独立判断整个题肢、官方正误需模型/人工阶段核定,2026-09-24-attribution-v2
BJ-2026-XC-YIMO-Q12,③,,B2,仅词典命中弱信号(精度约0.66-0.88)，不构成准入依据；本册是否可独立判断整个题肢、官方正误需模型/人工阶段核定,2026-09-24-attribution-v2
BJ-2026-XC-YIMO-Q12,④,B2,B2,仅词典命中弱信号(精度约0.66-0.88)，不构成准入依据；本册是否可独立判断整个题肢、官方正误需模型/人工阶段核定,2026-09-24-attribution-v2
BJ-2026-XC-YIMO-Q13,①,RE,B2,仅词典命中弱信号(精度约0.66-0.88)，不构成准入依据；本册是否可独立判断整个题肢、官方正误需模型/人工阶段核定,2026-09-24-attribution-v2
BJ-2026-XC-YIMO-Q13,②,,B2,仅词典命中弱信号(精度约0.66-0.88)，不构成准入依据；本册是否可独立判断整个题肢、官方正误需模型/人工阶段核定,2026-09-24-attribution-v2
BJ-2026-XC-YIMO-Q13,③,RE;X2,B2,仅词典命中弱信号(精度约0.66-0.88)，不构成准入依据；本册是否可独立判断整个题肢、官方正误需模型/人工阶段核定,2026-09-24-attribution-v2
BJ-2026-XC-YIMO-Q13,④,X2,B2,仅词典命中弱信号(精度约0.66-0.88)，不构成准入依据；本册是否可独立判断整个题肢、官方正误需模型/人工阶段核定,2026-09-24-attribution-v2
BJ-2026-XC-YIMO-Q14,A,,X1,仅词典命中弱信号(精度约0.66-0.88)，不构成准入依据；本册是否可独立判断整个题肢、官方正误需模型/人工阶段核定,2026-09-24-attribution-v2
BJ-2026-XC-YIMO-Q14,B,,X1,仅词典命中弱信号(精度约0.66-0.88)，不构成准入依据；本册是否可独立判断整个题肢、官方正误需模型/人工阶段核定,2026-09-24-attribution-v2
BJ-2026-XC-YIMO-Q14,C,,X1,仅词典命中弱信号(精度约0.66-0.88)，不构成准入依据；本册是否可独立判断整个题肢、官方正误需模型/人工阶段核定,2026-09-24-attribution-v2
BJ-2026-XC-YIMO-Q14,D,,X1,仅词典命中弱信号(精度约0.66-0.88)，不构成准入依据；本册是否可独立判断整个题肢、官方正误需模型/人工阶段核定,2026-09-24-attribution-v2
BJ-2026-XC-YIMO-Q15,A,,X1,仅词典命中弱信号(精度约0.66-0.88)，不构成准入依据；本册是否可独立判断整个题肢、官方正误需模型/人工阶段核定,2026-09-24-attribution-v2
BJ-2026-XC-YIMO-Q15,B,X1,X1,仅词典命中弱信号(精度约0.66-0.88)，不构成准入依据；本册是否可独立判断整个题肢、官方正误需模型/人工阶段核定,2026-09-24-attribution-v2
BJ-2026-XC-YIMO-Q15,C,,X1,仅词典命中弱信号(精度约0.66-0.88)，不构成准入依据；本册是否可独立判断整个题肢、官方正误需模型/人工阶段核定,2026-09-24-attribution-v2
BJ-2026-XC-YIMO-Q15,D,,X1,仅词典命中弱信号(精度约0.66-0.88)，不构成准入依据；本册是否可独立判断整个题肢、官方正误需模型/人工阶段核定,2026-09-24-attribution-v2
BJ-2026-TZ-YIMO-Q1,①,PH,B3,仅词典命中弱信号(精度约0.66-0.88)，不构成准入依据；本册是否可独立判断整个题肢、官方正误需模型/人工阶段核定,2026-09-24-attribution-v2
BJ-2026-TZ-YIMO-Q1,②,,B3,仅词典命中弱信号(精度约0.66-0.88)，不构成准入依据；本册是否可独立判断整个题肢、官方正误需模型/人工阶段核定,2026-09-24-attribution-v2
BJ-2026-TZ-YIMO-Q1,③,,B3,仅词典命中弱信号(精度约0.66-0.88)，不构成准入依据；本册是否可独立判断整个题肢、官方正误需模型/人工阶段核定,2026-09-24-attribution-v2
BJ-2026-TZ-YIMO-Q1,④,,B3,仅词典命中弱信号(精度约0.66-0.88)，不构成准入依据；本册是否可独立判断整个题肢、官方正误需模型/人工阶段核定,2026-09-24-attribution-v2
BJ-2026-TZ-YIMO-Q2,①,CU,CU,仅词典命中弱信号(精度约0.66-0.88)，不构成准入依据；本册是否可独立判断整个题肢、官方正误需模型/人工阶段核定,2026-09-24-attribution-v2
BJ-2026-TZ-YIMO-Q2,②,,CU,仅词典命中弱信号(精度约0.66-0.88)，不构成准入依据；本册是否可独立判断整个题肢、官方正误需模型/人工阶段核定,2026-09-24-attribution-v2
BJ-2026-TZ-YIMO-Q2,③,CU,CU,仅词典命中弱信号(精度约0.66-0.88)，不构成准入依据；本册是否可独立判断整个题肢、官方正误需模型/人工阶段核定,2026-09-24-attribution-v2
BJ-2026-TZ-YIMO-Q2,④,,CU,仅词典命中弱信号(精度约0.66-0.88)，不构成准入依据；本册是否可独立判断整个题肢、官方正误需模型/人工阶段核定,2026-09-24-attribution-v2
BJ-2026-TZ-YIMO-Q4,A,MI,PH,仅词典命中弱信号(精度约0.66-0.88)，不构成准入依据；本册是否可独立判断整个题肢、官方正误需模型/人工阶段核定,2026-09-24-attribution-v2
BJ-2026-TZ-YIMO-Q4,B,B2,PH,仅词典命中弱信号(精度约0.66-0.88)，不构成准入依据；本册是否可独立判断整个题肢、官方正误需模型/人工阶段核定,2026-09-24-attribution-v2
BJ-2026-TZ-YIMO-Q4,C,B2,PH,仅词典命中弱信号(精度约0.66-0.88)，不构成准入依据；本册是否可独立判断整个题肢、官方正误需模型/人工阶段核定,2026-09-24-attribution-v2
BJ-2026-TZ-YIMO-Q4,D,PH,PH,仅词典命中弱信号(精度约0.66-0.88)，不构成准入依据；本册是否可独立判断整个题肢、官方正误需模型/人工阶段核定,2026-09-24-attribution-v2
BJ-2026-TZ-YIMO-Q5,A,B2,PH,仅词典命中弱信号(精度约0.66-0.88)，不构成准入依据；本册是否可独立判断整个题肢、官方正误需模型/人工阶段核定,2026-09-24-attribution-v2
BJ-2026-TZ-YIMO-Q5,B,,PH,仅词典命中弱信号(精度约0.66-0.88)，不构成准入依据；本册是否可独立判断整个题肢、官方正误需模型/人工阶段核定,2026-09-24-attribution-v2
BJ-2026-TZ-YIMO-Q5,C,B2,PH,仅词典命中弱信号(精度约0.66-0.88)，不构成准入依据；本册是否可独立判断整个题肢、官方正误需模型/人工阶段核定,2026-09-24-attribution-v2
BJ-2026-TZ-YIMO-Q5,D,B2,PH,仅词典命中弱信号(精度约0.66-0.88)，不构成准入依据；本册是否可独立判断整个题肢、官方正误需模型/人工阶段核定,2026-09-24-attribution-v2
BJ-2026-TZ-YIMO-Q6,①,B2,RE,仅词典命中弱信号(精度约0.66-0.88)，不构成准入依据；本册是否可独立判断整个题肢、官方正误需模型/人工阶段核定,2026-09-24-attribution-v2
BJ-2026-TZ-YIMO-Q6,②,B2,RE,仅词典命中弱信号(精度约0.66-0.88)，不构成准入依据；本册是否可独立判断整个题肢、官方正误需模型/人工阶段核定,2026-09-24-attribution-v2
BJ-2026-TZ-YIMO-Q6,③,,RE,仅词典命中弱信号(精度约0.66-0.88)，不构成准入依据；本册是否可独立判断整个题肢、官方正误需模型/人工阶段核定,2026-09-24-attribution-v2
BJ-2026-TZ-YIMO-Q6,④,,RE,仅词典命中弱信号(精度约0.66-0.88)，不构成准入依据；本册是否可独立判断整个题肢、官方正误需模型/人工阶段核定,2026-09-24-attribution-v2
BJ-2026-TZ-YIMO-Q7,①,B2,B3,仅词典命中弱信号(精度约0.66-0.88)，不构成准入依据；本册是否可独立判断整个题肢、官方正误需模型/人工阶段核定,2026-09-24-attribution-v2
BJ-2026-TZ-YIMO-Q7,②,,B3,仅词典命中弱信号(精度约0.66-0.88)，不构成准入依据；本册是否可独立判断整个题肢、官方正误需模型/人工阶段核定,2026-09-24-attribution-v2
BJ-2026-TZ-YIMO-Q7,③,B2,B3,仅词典命中弱信号(精度约0.66-0.88)，不构成准入依据；本册是否可独立判断整个题肢、官方正误需模型/人工阶段核定,2026-09-24-attribution-v2
BJ-2026-TZ-YIMO-Q7,④,B2,B3,仅词典命中弱信号(精度约0.66-0.88)，不构成准入依据；本册是否可独立判断整个题肢、官方正误需模型/人工阶段核定,2026-09-24-attribution-v2
BJ-2026-TZ-YIMO-Q8,①,X1,B3,仅词典命中弱信号(精度约0.66-0.88)，不构成准入依据；本册是否可独立判断整个题肢、官方正误需模型/人工阶段核定,2026-09-24-attribution-v2
BJ-2026-TZ-YIMO-Q8,②,X1,B3,仅词典命中弱信号(精度约0.66-0.88)，不构成准入依据；本册是否可独立判断整个题肢、官方正误需模型/人工阶段核定,2026-09-24-attribution-v2
BJ-2026-TZ-YIMO-Q8,③,,B3,仅词典命中弱信号(精度约0.66-0.88)，不构成准入依据；本册是否可独立判断整个题肢、官方正误需模型/人工阶段核定,2026-09-24-attribution-v2
BJ-2026-TZ-YIMO-Q8,④,X1,B3,仅词典命中弱信号(精度约0.66-0.88)，不构成准入依据；本册是否可独立判断整个题肢、官方正误需模型/人工阶段核定,2026-09-24-attribution-v2
BJ-2026-TZ-YIMO-Q9,①,CU,B3,仅词典命中弱信号(精度约0.66-0.88)，不构成准入依据；本册是否可独立判断整个题肢、官方正误需模型/人工阶段核定,2026-09-24-attribution-v2
BJ-2026-TZ-YIMO-Q9,②,CU,B3,仅词典命中弱信号(精度约0.66-0.88)，不构成准入依据；本册是否可独立判断整个题肢、官方正误需模型/人工阶段核定,2026-09-24-attribution-v2
BJ-2026-TZ-YIMO-Q9,④,CU,B3,仅词典命中弱信号(精度约0.66-0.88)，不构成准入依据；本册是否可独立判断整个题肢、官方正误需模型/人工阶段核定,2026-09-24-attribution-v2
BJ-2026-TZ-YIMO-Q9,③,,B3,仅词典命中弱信号(精度约0.66-0.88)，不构成准入依据；本册是否可独立判断整个题肢、官方正误需模型/人工阶段核定,2026-09-24-attribution-v2
BJ-2026-TZ-YIMO-Q10,A,,X2,仅词典命中弱信号(精度约0.66-0.88)，不构成准入依据；本册是否可独立判断整个题肢、官方正误需模型/人工阶段核定,2026-09-24-attribution-v2
BJ-2026-TZ-YIMO-Q10,B,X2,X2,仅词典命中弱信号(精度约0.66-0.88)，不构成准入依据；本册是否可独立判断整个题肢、官方正误需模型/人工阶段核定,2026-09-24-attribution-v2
BJ-2026-TZ-YIMO-Q10,C,X2,X2,仅词典命中弱信号(精度约0.66-0.88)，不构成准入依据；本册是否可独立判断整个题肢、官方正误需模型/人工阶段核定,2026-09-24-attribution-v2
BJ-2026-TZ-YIMO-Q11,①,B3,X2,仅词典命中弱信号(精度约0.66-0.88)，不构成准入依据；本册是否可独立判断整个题肢、官方正误需模型/人工阶段核定,2026-09-24-attribution-v2
BJ-2026-TZ-YIMO-Q11,②,X2,X2,仅词典命中弱信号(精度约0.66-0.88)，不构成准入依据；本册是否可独立判断整个题肢、官方正误需模型/人工阶段核定,2026-09-24-attribution-v2
BJ-2026-TZ-YIMO-Q11,③,,X2,仅词典命中弱信号(精度约0.66-0.88)，不构成准入依据；本册是否可独立判断整个题肢、官方正误需模型/人工阶段核定,2026-09-24-attribution-v2
BJ-2026-TZ-YIMO-Q11,④,B3,X2,仅词典命中弱信号(精度约0.66-0.88)，不构成准入依据；本册是否可独立判断整个题肢、官方正误需模型/人工阶段核定,2026-09-24-attribution-v2
BJ-2026-TZ-YIMO-Q12,①,MI,B2,仅词典命中弱信号(精度约0.66-0.88)，不构成准入依据；本册是否可独立判断整个题肢、官方正误需模型/人工阶段核定,2026-09-24-attribution-v2
BJ-2026-TZ-YIMO-Q12,②,MI,B2,仅词典命中弱信号(精度约0.66-0.88)，不构成准入依据；本册是否可独立判断整个题肢、官方正误需模型/人工阶段核定,2026-09-24-attribution-v2
BJ-2026-TZ-YIMO-Q12,③,MI,B2,仅词典命中弱信号(精度约0.66-0.88)，不构成准入依据；本册是否可独立判断整个题肢、官方正误需模型/人工阶段核定,2026-09-24-attribution-v2
BJ-2026-TZ-YIMO-Q12,④,MI,B2,仅词典命中弱信号(精度约0.66-0.88)，不构成准入依据；本册是否可独立判断整个题肢、官方正误需模型/人工阶段核定,2026-09-24-attribution-v2
BJ-2026-TZ-YIMO-Q13,①,,B2,仅词典命中弱信号(精度约0.66-0.88)，不构成准入依据；本册是否可独立判断整个题肢、官方正误需模型/人工阶段核定,2026-09-24-attribution-v2
BJ-2026-TZ-YIMO-Q13,②,,B2,仅词典命中弱信号(精度约0.66-0.88)，不构成准入依据；本册是否可独立判断整个题肢、官方正误需模型/人工阶段核定,2026-09-24-attribution-v2
BJ-2026-TZ-YIMO-Q13,③,,B2,仅词典命中弱信号(精度约0.66-0.88)，不构成准入依据；本册是否可独立判断整个题肢、官方正误需模型/人工阶段核定,2026-09-24-attribution-v2
BJ-2026-TZ-YIMO-Q13,④,,B2,仅词典命中弱信号(精度约0.66-0.88)，不构成准入依据；本册是否可独立判断整个题肢、官方正误需模型/人工阶段核定,2026-09-24-attribution-v2
BJ-2026-TZ-YIMO-Q14,①,B2,X1,仅词典命中弱信号(精度约0.66-0.88)，不构成准入依据；本册是否可独立判断整个题肢、官方正误需模型/人工阶段核定,2026-09-24-attribution-v2
BJ-2026-TZ-YIMO-Q14,②,,X1,仅词典命中弱信号(精度约0.66-0.88)，不构成准入依据；本册是否可独立判断整个题肢、官方正误需模型/人工阶段核定,2026-09-24-attribution-v2
BJ-2026-TZ-YIMO-Q14,③,B3,X1,仅词典命中弱信号(精度约0.66-0.88)，不构成准入依据；本册是否可独立判断整个题肢、官方正误需模型/人工阶段核定,2026-09-24-attribution-v2
BJ-2026-TZ-YIMO-Q14,④,,X1,仅词典命中弱信号(精度约0.66-0.88)，不构成准入依据；本册是否可独立判断整个题肢、官方正误需模型/人工阶段核定,2026-09-24-attribution-v2
BJ-2026-TZ-YIMO-Q15,①,B3,X1,仅词典命中弱信号(精度约0.66-0.88)，不构成准入依据；本册是否可独立判断整个题肢、官方正误需模型/人工阶段核定,2026-09-24-attribution-v2
BJ-2026-TZ-YIMO-Q15,②,B3;X1,X1,仅词典命中弱信号(精度约0.66-0.88)，不构成准入依据；本册是否可独立判断整个题肢、官方正误需模型/人工阶段核定,2026-09-24-attribution-v2
BJ-2026-TZ-YIMO-Q15,③,B3;X1,X1,仅词典命中弱信号(精度约0.66-0.88)，不构成准入依据；本册是否可独立判断整个题肢、官方正误需模型/人工阶段核定,2026-09-24-attribution-v2
BJ-2026-TZ-YIMO-Q15,④,B3,X1,仅词典命中弱信号(精度约0.66-0.88)，不构成准入依据；本册是否可独立判断整个题肢、官方正误需模型/人工阶段核定,2026-09-24-attribution-v2
BJ-2026-MTG-YIMO-Q1,①,B3;X1,B3,仅词典命中弱信号(精度约0.66-0.88)，不构成准入依据；本册是否可独立判断整个题肢、官方正误需模型/人工阶段核定,2026-09-24-attribution-v2
BJ-2026-MTG-YIMO-Q1,②,B1;X1,B3,仅词典命中弱信号(精度约0.66-0.88)，不构成准入依据；本册是否可独立判断整个题肢、官方正误需模型/人工阶段核定,2026-09-24-attribution-v2
BJ-2026-MTG-YIMO-Q1,③,,B3,仅词典命中弱信号(精度约0.66-0.88)，不构成准入依据；本册是否可独立判断整个题肢、官方正误需模型/人工阶段核定,2026-09-24-attribution-v2
BJ-2026-MTG-YIMO-Q1,④,,B3,仅词典命中弱信号(精度约0.66-0.88)，不构成准入依据；本册是否可独立判断整个题肢、官方正误需模型/人工阶段核定,2026-09-24-attribution-v2
BJ-2026-MTG-YIMO-Q2,①,,CU,仅词典命中弱信号(精度约0.66-0.88)，不构成准入依据；本册是否可独立判断整个题肢、官方正误需模型/人工阶段核定,2026-09-24-attribution-v2
BJ-2026-MTG-YIMO-Q2,②,,CU,仅词典命中弱信号(精度约0.66-0.88)，不构成准入依据；本册是否可独立判断整个题肢、官方正误需模型/人工阶段核定,2026-09-24-attribution-v2
BJ-2026-MTG-YIMO-Q2,③,B1,CU,仅词典命中弱信号(精度约0.66-0.88)，不构成准入依据；本册是否可独立判断整个题肢、官方正误需模型/人工阶段核定,2026-09-24-attribution-v2
BJ-2026-MTG-YIMO-Q2,④,,CU,仅词典命中弱信号(精度约0.66-0.88)，不构成准入依据；本册是否可独立判断整个题肢、官方正误需模型/人工阶段核定,2026-09-24-attribution-v2
BJ-2026-MTG-YIMO-Q3,A,B2,PH,仅词典命中弱信号(精度约0.66-0.88)，不构成准入依据；本册是否可独立判断整个题肢、官方正误需模型/人工阶段核定,2026-09-24-attribution-v2
BJ-2026-MTG-YIMO-Q3,B,,PH,仅词典命中弱信号(精度约0.66-0.88)，不构成准入依据；本册是否可独立判断整个题肢、官方正误需模型/人工阶段核定,2026-09-24-attribution-v2
BJ-2026-MTG-YIMO-Q3,C,CU,PH,仅词典命中弱信号(精度约0.66-0.88)，不构成准入依据；本册是否可独立判断整个题肢、官方正误需模型/人工阶段核定,2026-09-24-attribution-v2
BJ-2026-MTG-YIMO-Q3,D,,PH,仅词典命中弱信号(精度约0.66-0.88)，不构成准入依据；本册是否可独立判断整个题肢、官方正误需模型/人工阶段核定,2026-09-24-attribution-v2
BJ-2026-MTG-YIMO-Q4,①,,PH,仅词典命中弱信号(精度约0.66-0.88)，不构成准入依据；本册是否可独立判断整个题肢、官方正误需模型/人工阶段核定,2026-09-24-attribution-v2
BJ-2026-MTG-YIMO-Q4,②,,PH,仅词典命中弱信号(精度约0.66-0.88)，不构成准入依据；本册是否可独立判断整个题肢、官方正误需模型/人工阶段核定,2026-09-24-attribution-v2
BJ-2026-MTG-YIMO-Q4,③,PH,PH,仅词典命中弱信号(精度约0.66-0.88)，不构成准入依据；本册是否可独立判断整个题肢、官方正误需模型/人工阶段核定,2026-09-24-attribution-v2
BJ-2026-MTG-YIMO-Q4,④,X1,PH,仅词典命中弱信号(精度约0.66-0.88)，不构成准入依据；本册是否可独立判断整个题肢、官方正误需模型/人工阶段核定,2026-09-24-attribution-v2
BJ-2026-MTG-YIMO-Q5,①,,PH,仅词典命中弱信号(精度约0.66-0.88)，不构成准入依据；本册是否可独立判断整个题肢、官方正误需模型/人工阶段核定,2026-09-24-attribution-v2
BJ-2026-MTG-YIMO-Q5,②,,PH,仅词典命中弱信号(精度约0.66-0.88)，不构成准入依据；本册是否可独立判断整个题肢、官方正误需模型/人工阶段核定,2026-09-24-attribution-v2
BJ-2026-MTG-YIMO-Q5,③,,PH,仅词典命中弱信号(精度约0.66-0.88)，不构成准入依据；本册是否可独立判断整个题肢、官方正误需模型/人工阶段核定,2026-09-24-attribution-v2
BJ-2026-MTG-YIMO-Q5,④,,PH,仅词典命中弱信号(精度约0.66-0.88)，不构成准入依据；本册是否可独立判断整个题肢、官方正误需模型/人工阶段核定,2026-09-24-attribution-v2
BJ-2026-MTG-YIMO-Q6,①,RE,RE,仅词典命中弱信号(精度约0.66-0.88)，不构成准入依据；本册是否可独立判断整个题肢、官方正误需模型/人工阶段核定,2026-09-24-attribution-v2
BJ-2026-MTG-YIMO-Q6,②,RE,RE,仅词典命中弱信号(精度约0.66-0.88)，不构成准入依据；本册是否可独立判断整个题肢、官方正误需模型/人工阶段核定,2026-09-24-attribution-v2
BJ-2026-MTG-YIMO-Q6,③,,RE,仅词典命中弱信号(精度约0.66-0.88)，不构成准入依据；本册是否可独立判断整个题肢、官方正误需模型/人工阶段核定,2026-09-24-attribution-v2
BJ-2026-MTG-YIMO-Q6,④,,RE,仅词典命中弱信号(精度约0.66-0.88)，不构成准入依据；本册是否可独立判断整个题肢、官方正误需模型/人工阶段核定,2026-09-24-attribution-v2
BJ-2026-MTG-YIMO-Q7,①,,RE,仅词典命中弱信号(精度约0.66-0.88)，不构成准入依据；本册是否可独立判断整个题肢、官方正误需模型/人工阶段核定,2026-09-24-attribution-v2
BJ-2026-MTG-YIMO-Q7,②,MI,RE,仅词典命中弱信号(精度约0.66-0.88)，不构成准入依据；本册是否可独立判断整个题肢、官方正误需模型/人工阶段核定,2026-09-24-attribution-v2
BJ-2026-MTG-YIMO-Q7,③,MI,RE,仅词典命中弱信号(精度约0.66-0.88)，不构成准入依据；本册是否可独立判断整个题肢、官方正误需模型/人工阶段核定,2026-09-24-attribution-v2
BJ-2026-MTG-YIMO-Q7,④,MI,RE,仅词典命中弱信号(精度约0.66-0.88)，不构成准入依据；本册是否可独立判断整个题肢、官方正误需模型/人工阶段核定,2026-09-24-attribution-v2
BJ-2026-MTG-YIMO-Q8,A,,B3,仅词典命中弱信号(精度约0.66-0.88)，不构成准入依据；本册是否可独立判断整个题肢、官方正误需模型/人工阶段核定,2026-09-24-attribution-v2
BJ-2026-MTG-YIMO-Q8,B,,B3,仅词典命中弱信号(精度约0.66-0.88)，不构成准入依据；本册是否可独立判断整个题肢、官方正误需模型/人工阶段核定,2026-09-24-attribution-v2
BJ-2026-MTG-YIMO-Q8,C,,B3,仅词典命中弱信号(精度约0.66-0.88)，不构成准入依据；本册是否可独立判断整个题肢、官方正误需模型/人工阶段核定,2026-09-24-attribution-v2
BJ-2026-MTG-YIMO-Q8,D,,B3,仅词典命中弱信号(精度约0.66-0.88)，不构成准入依据；本册是否可独立判断整个题肢、官方正误需模型/人工阶段核定,2026-09-24-attribution-v2
BJ-2026-MTG-YIMO-Q9,①,B2,B3,仅词典命中弱信号(精度约0.66-0.88)，不构成准入依据；本册是否可独立判断整个题肢、官方正误需模型/人工阶段核定,2026-09-24-attribution-v2
BJ-2026-MTG-YIMO-Q9,②,X1,B3,仅词典命中弱信号(精度约0.66-0.88)，不构成准入依据；本册是否可独立判断整个题肢、官方正误需模型/人工阶段核定,2026-09-24-attribution-v2
BJ-2026-MTG-YIMO-Q9,③,B2,B3,仅词典命中弱信号(精度约0.66-0.88)，不构成准入依据；本册是否可独立判断整个题肢、官方正误需模型/人工阶段核定,2026-09-24-attribution-v2
BJ-2026-MTG-YIMO-Q9,④,,B3,仅词典命中弱信号(精度约0.66-0.88)，不构成准入依据；本册是否可独立判断整个题肢、官方正误需模型/人工阶段核定,2026-09-24-attribution-v2
BJ-2026-MTG-YIMO-Q10,A,B2,X2,仅词典命中弱信号(精度约0.66-0.88)，不构成准入依据；本册是否可独立判断整个题肢、官方正误需模型/人工阶段核定,2026-09-24-attribution-v2
BJ-2026-MTG-YIMO-Q10,B,B2,X2,仅词典命中弱信号(精度约0.66-0.88)，不构成准入依据；本册是否可独立判断整个题肢、官方正误需模型/人工阶段核定,2026-09-24-attribution-v2
BJ-2026-MTG-YIMO-Q10,C,,X2,仅词典命中弱信号(精度约0.66-0.88)，不构成准入依据；本册是否可独立判断整个题肢、官方正误需模型/人工阶段核定,2026-09-24-attribution-v2
BJ-2026-MTG-YIMO-Q10,D,X2,X2,仅词典命中弱信号(精度约0.66-0.88)，不构成准入依据；本册是否可独立判断整个题肢、官方正误需模型/人工阶段核定,2026-09-24-attribution-v2
BJ-2026-MTG-YIMO-Q11,①,X2,X2,仅词典命中弱信号(精度约0.66-0.88)，不构成准入依据；本册是否可独立判断整个题肢、官方正误需模型/人工阶段核定,2026-09-24-attribution-v2
BJ-2026-MTG-YIMO-Q11,②,X2,X2,仅词典命中弱信号(精度约0.66-0.88)，不构成准入依据；本册是否可独立判断整个题肢、官方正误需模型/人工阶段核定,2026-09-24-attribution-v2
BJ-2026-MTG-YIMO-Q11,③,X2,X2,仅词典命中弱信号(精度约0.66-0.88)，不构成准入依据；本册是否可独立判断整个题肢、官方正误需模型/人工阶段核定,2026-09-24-attribution-v2
BJ-2026-MTG-YIMO-Q11,④,X2,X2,仅词典命中弱信号(精度约0.66-0.88)，不构成准入依据；本册是否可独立判断整个题肢、官方正误需模型/人工阶段核定,2026-09-24-attribution-v2
BJ-2026-MTG-YIMO-Q12,①,B2,B2,仅词典命中弱信号(精度约0.66-0.88)，不构成准入依据；本册是否可独立判断整个题肢、官方正误需模型/人工阶段核定,2026-09-24-attribution-v2
BJ-2026-MTG-YIMO-Q12,②,B2,B2,仅词典命中弱信号(精度约0.66-0.88)，不构成准入依据；本册是否可独立判断整个题肢、官方正误需模型/人工阶段核定,2026-09-24-attribution-v2
BJ-2026-MTG-YIMO-Q12,③,B2,B2,仅词典命中弱信号(精度约0.66-0.88)，不构成准入依据；本册是否可独立判断整个题肢、官方正误需模型/人工阶段核定,2026-09-24-attribution-v2
BJ-2026-MTG-YIMO-Q12,④,CU,B2,仅词典命中弱信号(精度约0.66-0.88)，不构成准入依据；本册是否可独立判断整个题肢、官方正误需模型/人工阶段核定,2026-09-24-attribution-v2
BJ-2026-MTG-YIMO-Q13,①,,B2,仅词典命中弱信号(精度约0.66-0.88)，不构成准入依据；本册是否可独立判断整个题肢、官方正误需模型/人工阶段核定,2026-09-24-attribution-v2
BJ-2026-MTG-YIMO-Q13,②,,B2,仅词典命中弱信号(精度约0.66-0.88)，不构成准入依据；本册是否可独立判断整个题肢、官方正误需模型/人工阶段核定,2026-09-24-attribution-v2
BJ-2026-MTG-YIMO-Q13,③,,B2,仅词典命中弱信号(精度约0.66-0.88)，不构成准入依据；本册是否可独立判断整个题肢、官方正误需模型/人工阶段核定,2026-09-24-attribution-v2
BJ-2026-MTG-YIMO-Q13,④,,B2,仅词典命中弱信号(精度约0.66-0.88)，不构成准入依据；本册是否可独立判断整个题肢、官方正误需模型/人工阶段核定,2026-09-24-attribution-v2
BJ-2026-MTG-YIMO-Q14,①,,X1,仅词典命中弱信号(精度约0.66-0.88)，不构成准入依据；本册是否可独立判断整个题肢、官方正误需模型/人工阶段核定,2026-09-24-attribution-v2
BJ-2026-MTG-YIMO-Q14,②,X1,X1,仅词典命中弱信号(精度约0.66-0.88)，不构成准入依据；本册是否可独立判断整个题肢、官方正误需模型/人工阶段核定,2026-09-24-attribution-v2
BJ-2026-MTG-YIMO-Q14,③,X1,X1,仅词典命中弱信号(精度约0.66-0.88)，不构成准入依据；本册是否可独立判断整个题肢、官方正误需模型/人工阶段核定,2026-09-24-attribution-v2
BJ-2026-MTG-YIMO-Q14,④,X1,X1,仅词典命中弱信号(精度约0.66-0.88)，不构成准入依据；本册是否可独立判断整个题肢、官方正误需模型/人工阶段核定,2026-09-24-attribution-v2
BJ-2026-MTG-YIMO-Q15,①,,X1,仅词典命中弱信号(精度约0.66-0.88)，不构成准入依据；本册是否可独立判断整个题肢、官方正误需模型/人工阶段核定,2026-09-24-attribution-v2
BJ-2026-MTG-YIMO-Q15,②,X1,X1,仅词典命中弱信号(精度约0.66-0.88)，不构成准入依据；本册是否可独立判断整个题肢、官方正误需模型/人工阶段核定,2026-09-24-attribution-v2
BJ-2026-MTG-YIMO-Q15,③,B2,X1,仅词典命中弱信号(精度约0.66-0.88)，不构成准入依据；本册是否可独立判断整个题肢、官方正误需模型/人工阶段核定,2026-09-24-attribution-v2
BJ-2026-MTG-YIMO-Q15,④,X1,X1,仅词典命中弱信号(精度约0.66-0.88)，不构成准入依据；本册是否可独立判断整个题肢、官方正误需模型/人工阶段核定,2026-09-24-attribution-v2
BJ-2026-SY-YIMO-Q1,A,PH,B3,仅词典命中弱信号(精度约0.66-0.88)，不构成准入依据；本册是否可独立判断整个题肢、官方正误需模型/人工阶段核定,2026-09-24-attribution-v2
BJ-2026-SY-YIMO-Q1,B,B3,B3,仅词典命中弱信号(精度约0.66-0.88)，不构成准入依据；本册是否可独立判断整个题肢、官方正误需模型/人工阶段核定,2026-09-24-attribution-v2
BJ-2026-SY-YIMO-Q1,C,X1,B3,仅词典命中弱信号(精度约0.66-0.88)，不构成准入依据；本册是否可独立判断整个题肢、官方正误需模型/人工阶段核定,2026-09-24-attribution-v2
BJ-2026-SY-YIMO-Q1,D,,B3,仅词典命中弱信号(精度约0.66-0.88)，不构成准入依据；本册是否可独立判断整个题肢、官方正误需模型/人工阶段核定,2026-09-24-attribution-v2
BJ-2026-SY-YIMO-Q2,A,,CU,仅词典命中弱信号(精度约0.66-0.88)，不构成准入依据；本册是否可独立判断整个题肢、官方正误需模型/人工阶段核定,2026-09-24-attribution-v2
BJ-2026-SY-YIMO-Q2,B,,CU,仅词典命中弱信号(精度约0.66-0.88)，不构成准入依据；本册是否可独立判断整个题肢、官方正误需模型/人工阶段核定,2026-09-24-attribution-v2
BJ-2026-SY-YIMO-Q2,C,MI,CU,仅词典命中弱信号(精度约0.66-0.88)，不构成准入依据；本册是否可独立判断整个题肢、官方正误需模型/人工阶段核定,2026-09-24-attribution-v2
BJ-2026-SY-YIMO-Q2,D,RE,CU,仅词典命中弱信号(精度约0.66-0.88)，不构成准入依据；本册是否可独立判断整个题肢、官方正误需模型/人工阶段核定,2026-09-24-attribution-v2
BJ-2026-SY-YIMO-Q3,①,MI,PH,仅词典命中弱信号(精度约0.66-0.88)，不构成准入依据；本册是否可独立判断整个题肢、官方正误需模型/人工阶段核定,2026-09-24-attribution-v2
BJ-2026-SY-YIMO-Q3,②,MI,PH,仅词典命中弱信号(精度约0.66-0.88)，不构成准入依据；本册是否可独立判断整个题肢、官方正误需模型/人工阶段核定,2026-09-24-attribution-v2
BJ-2026-SY-YIMO-Q3,④,,PH,仅词典命中弱信号(精度约0.66-0.88)，不构成准入依据；本册是否可独立判断整个题肢、官方正误需模型/人工阶段核定,2026-09-24-attribution-v2
BJ-2026-SY-YIMO-Q4,A,RE,PH,仅词典命中弱信号(精度约0.66-0.88)，不构成准入依据；本册是否可独立判断整个题肢、官方正误需模型/人工阶段核定,2026-09-24-attribution-v2
BJ-2026-SY-YIMO-Q4,B,,PH,仅词典命中弱信号(精度约0.66-0.88)，不构成准入依据；本册是否可独立判断整个题肢、官方正误需模型/人工阶段核定,2026-09-24-attribution-v2
BJ-2026-SY-YIMO-Q4,C,RE,PH,仅词典命中弱信号(精度约0.66-0.88)，不构成准入依据；本册是否可独立判断整个题肢、官方正误需模型/人工阶段核定,2026-09-24-attribution-v2
BJ-2026-SY-YIMO-Q4,D,RE,PH,仅词典命中弱信号(精度约0.66-0.88)，不构成准入依据；本册是否可独立判断整个题肢、官方正误需模型/人工阶段核定,2026-09-24-attribution-v2
BJ-2026-SY-YIMO-Q5,A,,PH,仅词典命中弱信号(精度约0.66-0.88)，不构成准入依据；本册是否可独立判断整个题肢、官方正误需模型/人工阶段核定,2026-09-24-attribution-v2
BJ-2026-SY-YIMO-Q5,B,,PH,仅词典命中弱信号(精度约0.66-0.88)，不构成准入依据；本册是否可独立判断整个题肢、官方正误需模型/人工阶段核定,2026-09-24-attribution-v2
BJ-2026-SY-YIMO-Q5,C,,PH,仅词典命中弱信号(精度约0.66-0.88)，不构成准入依据；本册是否可独立判断整个题肢、官方正误需模型/人工阶段核定,2026-09-24-attribution-v2
BJ-2026-SY-YIMO-Q6,A,,RE,仅词典命中弱信号(精度约0.66-0.88)，不构成准入依据；本册是否可独立判断整个题肢、官方正误需模型/人工阶段核定,2026-09-24-attribution-v2
BJ-2026-SY-YIMO-Q6,B,,RE,仅词典命中弱信号(精度约0.66-0.88)，不构成准入依据；本册是否可独立判断整个题肢、官方正误需模型/人工阶段核定,2026-09-24-attribution-v2
BJ-2026-SY-YIMO-Q6,C,MI,RE,仅词典命中弱信号(精度约0.66-0.88)，不构成准入依据；本册是否可独立判断整个题肢、官方正误需模型/人工阶段核定,2026-09-24-attribution-v2
BJ-2026-SY-YIMO-Q6,D,,RE,仅词典命中弱信号(精度约0.66-0.88)，不构成准入依据；本册是否可独立判断整个题肢、官方正误需模型/人工阶段核定,2026-09-24-attribution-v2
BJ-2026-SY-YIMO-Q7,A,,B3,仅词典命中弱信号(精度约0.66-0.88)，不构成准入依据；本册是否可独立判断整个题肢、官方正误需模型/人工阶段核定,2026-09-24-attribution-v2
BJ-2026-SY-YIMO-Q7,B,,B3,仅词典命中弱信号(精度约0.66-0.88)，不构成准入依据；本册是否可独立判断整个题肢、官方正误需模型/人工阶段核定,2026-09-24-attribution-v2
BJ-2026-SY-YIMO-Q7,C,,B3,仅词典命中弱信号(精度约0.66-0.88)，不构成准入依据；本册是否可独立判断整个题肢、官方正误需模型/人工阶段核定,2026-09-24-attribution-v2
BJ-2026-SY-YIMO-Q7,D,,B3,仅词典命中弱信号(精度约0.66-0.88)，不构成准入依据；本册是否可独立判断整个题肢、官方正误需模型/人工阶段核定,2026-09-24-attribution-v2
BJ-2026-SY-YIMO-Q8,①,,B3,仅词典命中弱信号(精度约0.66-0.88)，不构成准入依据；本册是否可独立判断整个题肢、官方正误需模型/人工阶段核定,2026-09-24-attribution-v2
BJ-2026-SY-YIMO-Q8,②,,B3,仅词典命中弱信号(精度约0.66-0.88)，不构成准入依据；本册是否可独立判断整个题肢、官方正误需模型/人工阶段核定,2026-09-24-attribution-v2
BJ-2026-SY-YIMO-Q8,③,,B3,仅词典命中弱信号(精度约0.66-0.88)，不构成准入依据；本册是否可独立判断整个题肢、官方正误需模型/人工阶段核定,2026-09-24-attribution-v2
BJ-2026-SY-YIMO-Q8,④,B3,B3,仅词典命中弱信号(精度约0.66-0.88)，不构成准入依据；本册是否可独立判断整个题肢、官方正误需模型/人工阶段核定,2026-09-24-attribution-v2
BJ-2026-SY-YIMO-Q9,①,,B3,仅词典命中弱信号(精度约0.66-0.88)，不构成准入依据；本册是否可独立判断整个题肢、官方正误需模型/人工阶段核定,2026-09-24-attribution-v2
BJ-2026-SY-YIMO-Q9,②,,B3,仅词典命中弱信号(精度约0.66-0.88)，不构成准入依据；本册是否可独立判断整个题肢、官方正误需模型/人工阶段核定,2026-09-24-attribution-v2
BJ-2026-SY-YIMO-Q9,④,,B3,仅词典命中弱信号(精度约0.66-0.88)，不构成准入依据；本册是否可独立判断整个题肢、官方正误需模型/人工阶段核定,2026-09-24-attribution-v2
BJ-2026-SY-YIMO-Q9,③,,B3,仅词典命中弱信号(精度约0.66-0.88)，不构成准入依据；本册是否可独立判断整个题肢、官方正误需模型/人工阶段核定,2026-09-24-attribution-v2
BJ-2026-SY-YIMO-Q10,①,X2,X2,仅词典命中弱信号(精度约0.66-0.88)，不构成准入依据；本册是否可独立判断整个题肢、官方正误需模型/人工阶段核定,2026-09-24-attribution-v2
BJ-2026-SY-YIMO-Q10,②,X2,X2,仅词典命中弱信号(精度约0.66-0.88)，不构成准入依据；本册是否可独立判断整个题肢、官方正误需模型/人工阶段核定,2026-09-24-attribution-v2
BJ-2026-SY-YIMO-Q10,③,,X2,仅词典命中弱信号(精度约0.66-0.88)，不构成准入依据；本册是否可独立判断整个题肢、官方正误需模型/人工阶段核定,2026-09-24-attribution-v2
BJ-2026-SY-YIMO-Q10,④,X2,X2,仅词典命中弱信号(精度约0.66-0.88)，不构成准入依据；本册是否可独立判断整个题肢、官方正误需模型/人工阶段核定,2026-09-24-attribution-v2
BJ-2026-SY-YIMO-Q11,①,X2,X2,仅词典命中弱信号(精度约0.66-0.88)，不构成准入依据；本册是否可独立判断整个题肢、官方正误需模型/人工阶段核定,2026-09-24-attribution-v2
BJ-2026-SY-YIMO-Q11,②,X2,X2,仅词典命中弱信号(精度约0.66-0.88)，不构成准入依据；本册是否可独立判断整个题肢、官方正误需模型/人工阶段核定,2026-09-24-attribution-v2
BJ-2026-SY-YIMO-Q11,③,X2,X2,仅词典命中弱信号(精度约0.66-0.88)，不构成准入依据；本册是否可独立判断整个题肢、官方正误需模型/人工阶段核定,2026-09-24-attribution-v2
BJ-2026-SY-YIMO-Q11,④,X2,X2,仅词典命中弱信号(精度约0.66-0.88)，不构成准入依据；本册是否可独立判断整个题肢、官方正误需模型/人工阶段核定,2026-09-24-attribution-v2
BJ-2026-SY-YIMO-Q12,①,B2,B2,仅词典命中弱信号(精度约0.66-0.88)，不构成准入依据；本册是否可独立判断整个题肢、官方正误需模型/人工阶段核定,2026-09-24-attribution-v2
BJ-2026-SY-YIMO-Q12,②,,B2,仅词典命中弱信号(精度约0.66-0.88)，不构成准入依据；本册是否可独立判断整个题肢、官方正误需模型/人工阶段核定,2026-09-24-attribution-v2
BJ-2026-SY-YIMO-Q12,③,,B2,仅词典命中弱信号(精度约0.66-0.88)，不构成准入依据；本册是否可独立判断整个题肢、官方正误需模型/人工阶段核定,2026-09-24-attribution-v2
BJ-2026-SY-YIMO-Q12,④,,B2,仅词典命中弱信号(精度约0.66-0.88)，不构成准入依据；本册是否可独立判断整个题肢、官方正误需模型/人工阶段核定,2026-09-24-attribution-v2
BJ-2026-SY-YIMO-Q14,A,X1,X1,仅词典命中弱信号(精度约0.66-0.88)，不构成准入依据；本册是否可独立判断整个题肢、官方正误需模型/人工阶段核定,2026-09-24-attribution-v2
BJ-2026-SY-YIMO-Q14,B,X1,X1,仅词典命中弱信号(精度约0.66-0.88)，不构成准入依据；本册是否可独立判断整个题肢、官方正误需模型/人工阶段核定,2026-09-24-attribution-v2
BJ-2026-SY-YIMO-Q14,C,X1,X1,仅词典命中弱信号(精度约0.66-0.88)，不构成准入依据；本册是否可独立判断整个题肢、官方正误需模型/人工阶段核定,2026-09-24-attribution-v2
BJ-2026-SY-YIMO-Q14,D,B2,X1,仅词典命中弱信号(精度约0.66-0.88)，不构成准入依据；本册是否可独立判断整个题肢、官方正误需模型/人工阶段核定,2026-09-24-attribution-v2
BJ-2026-SY-YIMO-Q15,①,X1,X1,仅词典命中弱信号(精度约0.66-0.88)，不构成准入依据；本册是否可独立判断整个题肢、官方正误需模型/人工阶段核定,2026-09-24-attribution-v2
BJ-2026-SY-YIMO-Q15,②,B2,X1,仅词典命中弱信号(精度约0.66-0.88)，不构成准入依据；本册是否可独立判断整个题肢、官方正误需模型/人工阶段核定,2026-09-24-attribution-v2
BJ-2026-SY-YIMO-Q15,③,X1,X1,仅词典命中弱信号(精度约0.66-0.88)，不构成准入依据；本册是否可独立判断整个题肢、官方正误需模型/人工阶段核定,2026-09-24-attribution-v2
BJ-2026-SY-YIMO-Q15,④,X1,X1,仅词典命中弱信号(精度约0.66-0.88)，不构成准入依据；本册是否可独立判断整个题肢、官方正误需模型/人工阶段核定,2026-09-24-attribution-v2
BJ-2026-DC-ERMO-Q2,①,CU,CU,仅词典命中弱信号(精度约0.66-0.88)，不构成准入依据；本册是否可独立判断整个题肢、官方正误需模型/人工阶段核定,2026-09-24-attribution-v2
BJ-2026-DC-ERMO-Q2,②,RE,CU,仅词典命中弱信号(精度约0.66-0.88)，不构成准入依据；本册是否可独立判断整个题肢、官方正误需模型/人工阶段核定,2026-09-24-attribution-v2
BJ-2026-DC-ERMO-Q2,③,CU,CU,仅词典命中弱信号(精度约0.66-0.88)，不构成准入依据；本册是否可独立判断整个题肢、官方正误需模型/人工阶段核定,2026-09-24-attribution-v2
BJ-2026-DC-ERMO-Q2,④,,CU,仅词典命中弱信号(精度约0.66-0.88)，不构成准入依据；本册是否可独立判断整个题肢、官方正误需模型/人工阶段核定,2026-09-24-attribution-v2
BJ-2026-DC-ERMO-Q3,①,,PH,仅词典命中弱信号(精度约0.66-0.88)，不构成准入依据；本册是否可独立判断整个题肢、官方正误需模型/人工阶段核定,2026-09-24-attribution-v2
BJ-2026-DC-ERMO-Q3,②,MI,PH,仅词典命中弱信号(精度约0.66-0.88)，不构成准入依据；本册是否可独立判断整个题肢、官方正误需模型/人工阶段核定,2026-09-24-attribution-v2
BJ-2026-DC-ERMO-Q3,③,,PH,仅词典命中弱信号(精度约0.66-0.88)，不构成准入依据；本册是否可独立判断整个题肢、官方正误需模型/人工阶段核定,2026-09-24-attribution-v2
BJ-2026-DC-ERMO-Q3,④,MI,PH,仅词典命中弱信号(精度约0.66-0.88)，不构成准入依据；本册是否可独立判断整个题肢、官方正误需模型/人工阶段核定,2026-09-24-attribution-v2
BJ-2026-DC-ERMO-Q4,A,,PH,仅词典命中弱信号(精度约0.66-0.88)，不构成准入依据；本册是否可独立判断整个题肢、官方正误需模型/人工阶段核定,2026-09-24-attribution-v2
BJ-2026-DC-ERMO-Q4,B,,PH,仅词典命中弱信号(精度约0.66-0.88)，不构成准入依据；本册是否可独立判断整个题肢、官方正误需模型/人工阶段核定,2026-09-24-attribution-v2
BJ-2026-DC-ERMO-Q4,C,MI,PH,仅词典命中弱信号(精度约0.66-0.88)，不构成准入依据；本册是否可独立判断整个题肢、官方正误需模型/人工阶段核定,2026-09-24-attribution-v2
BJ-2026-DC-ERMO-Q4,D,,PH,仅词典命中弱信号(精度约0.66-0.88)，不构成准入依据；本册是否可独立判断整个题肢、官方正误需模型/人工阶段核定,2026-09-24-attribution-v2
BJ-2026-DC-ERMO-Q5,A,MI,PH,仅词典命中弱信号(精度约0.66-0.88)，不构成准入依据；本册是否可独立判断整个题肢、官方正误需模型/人工阶段核定,2026-09-24-attribution-v2
BJ-2026-DC-ERMO-Q5,B,RE,PH,仅词典命中弱信号(精度约0.66-0.88)，不构成准入依据；本册是否可独立判断整个题肢、官方正误需模型/人工阶段核定,2026-09-24-attribution-v2
BJ-2026-DC-ERMO-Q5,C,,PH,仅词典命中弱信号(精度约0.66-0.88)，不构成准入依据；本册是否可独立判断整个题肢、官方正误需模型/人工阶段核定,2026-09-24-attribution-v2
BJ-2026-DC-ERMO-Q5,D,,PH,仅词典命中弱信号(精度约0.66-0.88)，不构成准入依据；本册是否可独立判断整个题肢、官方正误需模型/人工阶段核定,2026-09-24-attribution-v2
BJ-2026-DC-ERMO-Q6,A,,RE,仅词典命中弱信号(精度约0.66-0.88)，不构成准入依据；本册是否可独立判断整个题肢、官方正误需模型/人工阶段核定,2026-09-24-attribution-v2
BJ-2026-DC-ERMO-Q6,B,B2,RE,仅词典命中弱信号(精度约0.66-0.88)，不构成准入依据；本册是否可独立判断整个题肢、官方正误需模型/人工阶段核定,2026-09-24-attribution-v2
BJ-2026-DC-ERMO-Q6,C,,RE,仅词典命中弱信号(精度约0.66-0.88)，不构成准入依据；本册是否可独立判断整个题肢、官方正误需模型/人工阶段核定,2026-09-24-attribution-v2
BJ-2026-DC-ERMO-Q6,D,,RE,仅词典命中弱信号(精度约0.66-0.88)，不构成准入依据；本册是否可独立判断整个题肢、官方正误需模型/人工阶段核定,2026-09-24-attribution-v2
BJ-2026-DC-ERMO-Q7,A,B2,B3,仅词典命中弱信号(精度约0.66-0.88)，不构成准入依据；本册是否可独立判断整个题肢、官方正误需模型/人工阶段核定,2026-09-24-attribution-v2
BJ-2026-DC-ERMO-Q7,B,B2,B3,仅词典命中弱信号(精度约0.66-0.88)，不构成准入依据；本册是否可独立判断整个题肢、官方正误需模型/人工阶段核定,2026-09-24-attribution-v2
BJ-2026-DC-ERMO-Q7,C,B2,B3,仅词典命中弱信号(精度约0.66-0.88)，不构成准入依据；本册是否可独立判断整个题肢、官方正误需模型/人工阶段核定,2026-09-24-attribution-v2
BJ-2026-DC-ERMO-Q7,D,B2,B3,仅词典命中弱信号(精度约0.66-0.88)，不构成准入依据；本册是否可独立判断整个题肢、官方正误需模型/人工阶段核定,2026-09-24-attribution-v2
BJ-2026-DC-ERMO-Q8,①,B2;B3,B3,仅词典命中弱信号(精度约0.66-0.88)，不构成准入依据；本册是否可独立判断整个题肢、官方正误需模型/人工阶段核定,2026-09-24-attribution-v2
BJ-2026-DC-ERMO-Q8,②,B3,B3,仅词典命中弱信号(精度约0.66-0.88)，不构成准入依据；本册是否可独立判断整个题肢、官方正误需模型/人工阶段核定,2026-09-24-attribution-v2
BJ-2026-DC-ERMO-Q8,③,B2,B3,仅词典命中弱信号(精度约0.66-0.88)，不构成准入依据；本册是否可独立判断整个题肢、官方正误需模型/人工阶段核定,2026-09-24-attribution-v2
BJ-2026-DC-ERMO-Q8,④,,B3,仅词典命中弱信号(精度约0.66-0.88)，不构成准入依据；本册是否可独立判断整个题肢、官方正误需模型/人工阶段核定,2026-09-24-attribution-v2
BJ-2026-DC-ERMO-Q9,A,,B3,仅词典命中弱信号(精度约0.66-0.88)，不构成准入依据；本册是否可独立判断整个题肢、官方正误需模型/人工阶段核定,2026-09-24-attribution-v2
BJ-2026-DC-ERMO-Q9,B,,B3,仅词典命中弱信号(精度约0.66-0.88)，不构成准入依据；本册是否可独立判断整个题肢、官方正误需模型/人工阶段核定,2026-09-24-attribution-v2
BJ-2026-DC-ERMO-Q9,C,,B3,仅词典命中弱信号(精度约0.66-0.88)，不构成准入依据；本册是否可独立判断整个题肢、官方正误需模型/人工阶段核定,2026-09-24-attribution-v2
BJ-2026-DC-ERMO-Q9,D,,B3,仅词典命中弱信号(精度约0.66-0.88)，不构成准入依据；本册是否可独立判断整个题肢、官方正误需模型/人工阶段核定,2026-09-24-attribution-v2
BJ-2026-DC-ERMO-Q10,A,X2,X2,仅词典命中弱信号(精度约0.66-0.88)，不构成准入依据；本册是否可独立判断整个题肢、官方正误需模型/人工阶段核定,2026-09-24-attribution-v2
BJ-2026-DC-ERMO-Q10,B,X2,X2,仅词典命中弱信号(精度约0.66-0.88)，不构成准入依据；本册是否可独立判断整个题肢、官方正误需模型/人工阶段核定,2026-09-24-attribution-v2
BJ-2026-DC-ERMO-Q10,C,X2,X2,仅词典命中弱信号(精度约0.66-0.88)，不构成准入依据；本册是否可独立判断整个题肢、官方正误需模型/人工阶段核定,2026-09-24-attribution-v2
BJ-2026-DC-ERMO-Q10,D,X2,X2,仅词典命中弱信号(精度约0.66-0.88)，不构成准入依据；本册是否可独立判断整个题肢、官方正误需模型/人工阶段核定,2026-09-24-attribution-v2
BJ-2026-DC-ERMO-Q11,①,X2,X2,仅词典命中弱信号(精度约0.66-0.88)，不构成准入依据；本册是否可独立判断整个题肢、官方正误需模型/人工阶段核定,2026-09-24-attribution-v2
BJ-2026-DC-ERMO-Q11,②,,X2,仅词典命中弱信号(精度约0.66-0.88)，不构成准入依据；本册是否可独立判断整个题肢、官方正误需模型/人工阶段核定,2026-09-24-attribution-v2
BJ-2026-DC-ERMO-Q11,③,X2,X2,仅词典命中弱信号(精度约0.66-0.88)，不构成准入依据；本册是否可独立判断整个题肢、官方正误需模型/人工阶段核定,2026-09-24-attribution-v2
BJ-2026-DC-ERMO-Q11,④,B3,X2,仅词典命中弱信号(精度约0.66-0.88)，不构成准入依据；本册是否可独立判断整个题肢、官方正误需模型/人工阶段核定,2026-09-24-attribution-v2
BJ-2026-DC-ERMO-Q12,A,RE,B2,仅词典命中弱信号(精度约0.66-0.88)，不构成准入依据；本册是否可独立判断整个题肢、官方正误需模型/人工阶段核定,2026-09-24-attribution-v2
BJ-2026-DC-ERMO-Q12,B,RE,B2,仅词典命中弱信号(精度约0.66-0.88)，不构成准入依据；本册是否可独立判断整个题肢、官方正误需模型/人工阶段核定,2026-09-24-attribution-v2
BJ-2026-DC-ERMO-Q12,C,RE,B2,仅词典命中弱信号(精度约0.66-0.88)，不构成准入依据；本册是否可独立判断整个题肢、官方正误需模型/人工阶段核定,2026-09-24-attribution-v2
BJ-2026-DC-ERMO-Q12,D,,B2,仅词典命中弱信号(精度约0.66-0.88)，不构成准入依据；本册是否可独立判断整个题肢、官方正误需模型/人工阶段核定,2026-09-24-attribution-v2
BJ-2026-DC-ERMO-Q13,A,,B2,仅词典命中弱信号(精度约0.66-0.88)，不构成准入依据；本册是否可独立判断整个题肢、官方正误需模型/人工阶段核定,2026-09-24-attribution-v2
BJ-2026-DC-ERMO-Q13,B,,B2,仅词典命中弱信号(精度约0.66-0.88)，不构成准入依据；本册是否可独立判断整个题肢、官方正误需模型/人工阶段核定,2026-09-24-attribution-v2
BJ-2026-DC-ERMO-Q13,C,,B2,仅词典命中弱信号(精度约0.66-0.88)，不构成准入依据；本册是否可独立判断整个题肢、官方正误需模型/人工阶段核定,2026-09-24-attribution-v2
BJ-2026-DC-ERMO-Q13,D,,B2,仅词典命中弱信号(精度约0.66-0.88)，不构成准入依据；本册是否可独立判断整个题肢、官方正误需模型/人工阶段核定,2026-09-24-attribution-v2
BJ-2026-DC-ERMO-Q14,A,B2,X1,仅词典命中弱信号(精度约0.66-0.88)，不构成准入依据；本册是否可独立判断整个题肢、官方正误需模型/人工阶段核定,2026-09-24-attribution-v2
BJ-2026-DC-ERMO-Q14,B,,X1,仅词典命中弱信号(精度约0.66-0.88)，不构成准入依据；本册是否可独立判断整个题肢、官方正误需模型/人工阶段核定,2026-09-24-attribution-v2
BJ-2026-DC-ERMO-Q14,C,X1,X1,仅词典命中弱信号(精度约0.66-0.88)，不构成准入依据；本册是否可独立判断整个题肢、官方正误需模型/人工阶段核定,2026-09-24-attribution-v2
BJ-2026-DC-ERMO-Q14,D,X1,X1,仅词典命中弱信号(精度约0.66-0.88)，不构成准入依据；本册是否可独立判断整个题肢、官方正误需模型/人工阶段核定,2026-09-24-attribution-v2
BJ-2026-DC-ERMO-Q15,①,X1,X1,仅词典命中弱信号(精度约0.66-0.88)，不构成准入依据；本册是否可独立判断整个题肢、官方正误需模型/人工阶段核定,2026-09-24-attribution-v2
BJ-2026-DC-ERMO-Q15,②,X1,X1,仅词典命中弱信号(精度约0.66-0.88)，不构成准入依据；本册是否可独立判断整个题肢、官方正误需模型/人工阶段核定,2026-09-24-attribution-v2
BJ-2026-DC-ERMO-Q15,③,X1,X1,仅词典命中弱信号(精度约0.66-0.88)，不构成准入依据；本册是否可独立判断整个题肢、官方正误需模型/人工阶段核定,2026-09-24-attribution-v2
BJ-2026-DC-ERMO-Q15,④,,X1,仅词典命中弱信号(精度约0.66-0.88)，不构成准入依据；本册是否可独立判断整个题肢、官方正误需模型/人工阶段核定,2026-09-24-attribution-v2
BJ-2026-FT-ERMO-Q2,①,,CU,仅词典命中弱信号(精度约0.66-0.88)，不构成准入依据；本册是否可独立判断整个题肢、官方正误需模型/人工阶段核定,2026-09-24-attribution-v2
BJ-2026-FT-ERMO-Q2,②,B3,CU,仅词典命中弱信号(精度约0.66-0.88)，不构成准入依据；本册是否可独立判断整个题肢、官方正误需模型/人工阶段核定,2026-09-24-attribution-v2
BJ-2026-FT-ERMO-Q2,③,B3,CU,仅词典命中弱信号(精度约0.66-0.88)，不构成准入依据；本册是否可独立判断整个题肢、官方正误需模型/人工阶段核定,2026-09-24-attribution-v2
BJ-2026-FT-ERMO-Q2,④,B3,CU,仅词典命中弱信号(精度约0.66-0.88)，不构成准入依据；本册是否可独立判断整个题肢、官方正误需模型/人工阶段核定,2026-09-24-attribution-v2
BJ-2026-FT-ERMO-Q3,①,,PH,仅词典命中弱信号(精度约0.66-0.88)，不构成准入依据；本册是否可独立判断整个题肢、官方正误需模型/人工阶段核定,2026-09-24-attribution-v2
BJ-2026-FT-ERMO-Q3,②,,PH,仅词典命中弱信号(精度约0.66-0.88)，不构成准入依据；本册是否可独立判断整个题肢、官方正误需模型/人工阶段核定,2026-09-24-attribution-v2
BJ-2026-FT-ERMO-Q3,③,X2,PH,仅词典命中弱信号(精度约0.66-0.88)，不构成准入依据；本册是否可独立判断整个题肢、官方正误需模型/人工阶段核定,2026-09-24-attribution-v2
BJ-2026-FT-ERMO-Q3,④,B2,PH,仅词典命中弱信号(精度约0.66-0.88)，不构成准入依据；本册是否可独立判断整个题肢、官方正误需模型/人工阶段核定,2026-09-24-attribution-v2
BJ-2026-FT-ERMO-Q5,①,,PH,仅词典命中弱信号(精度约0.66-0.88)，不构成准入依据；本册是否可独立判断整个题肢、官方正误需模型/人工阶段核定,2026-09-24-attribution-v2
BJ-2026-FT-ERMO-Q5,②,,PH,仅词典命中弱信号(精度约0.66-0.88)，不构成准入依据；本册是否可独立判断整个题肢、官方正误需模型/人工阶段核定,2026-09-24-attribution-v2
BJ-2026-FT-ERMO-Q5,③,,PH,仅词典命中弱信号(精度约0.66-0.88)，不构成准入依据；本册是否可独立判断整个题肢、官方正误需模型/人工阶段核定,2026-09-24-attribution-v2
BJ-2026-FT-ERMO-Q5,④,,PH,仅词典命中弱信号(精度约0.66-0.88)，不构成准入依据；本册是否可独立判断整个题肢、官方正误需模型/人工阶段核定,2026-09-24-attribution-v2
BJ-2026-FT-ERMO-Q1,①,B1;B3,B3,仅词典命中弱信号(精度约0.66-0.88)，不构成准入依据；本册是否可独立判断整个题肢、官方正误需模型/人工阶段核定,2026-09-24-attribution-v2
BJ-2026-FT-ERMO-Q1,②,B1;PH,B3,仅词典命中弱信号(精度约0.66-0.88)，不构成准入依据；本册是否可独立判断整个题肢、官方正误需模型/人工阶段核定,2026-09-24-attribution-v2
BJ-2026-FT-ERMO-Q1,③,,B3,仅词典命中弱信号(精度约0.66-0.88)，不构成准入依据；本册是否可独立判断整个题肢、官方正误需模型/人工阶段核定,2026-09-24-attribution-v2
BJ-2026-FT-ERMO-Q1,④,,B3,仅词典命中弱信号(精度约0.66-0.88)，不构成准入依据；本册是否可独立判断整个题肢、官方正误需模型/人工阶段核定,2026-09-24-attribution-v2
BJ-2026-FT-ERMO-Q4,①,,PH,仅词典命中弱信号(精度约0.66-0.88)，不构成准入依据；本册是否可独立判断整个题肢、官方正误需模型/人工阶段核定,2026-09-24-attribution-v2
BJ-2026-FT-ERMO-Q4,②,X1,PH,仅词典命中弱信号(精度约0.66-0.88)，不构成准入依据；本册是否可独立判断整个题肢、官方正误需模型/人工阶段核定,2026-09-24-attribution-v2
BJ-2026-FT-ERMO-Q4,③,,PH,仅词典命中弱信号(精度约0.66-0.88)，不构成准入依据；本册是否可独立判断整个题肢、官方正误需模型/人工阶段核定,2026-09-24-attribution-v2
BJ-2026-FT-ERMO-Q4,④,PH,PH,仅词典命中弱信号(精度约0.66-0.88)，不构成准入依据；本册是否可独立判断整个题肢、官方正误需模型/人工阶段核定,2026-09-24-attribution-v2
BJ-2026-FT-ERMO-Q6,A,,RE,仅词典命中弱信号(精度约0.66-0.88)，不构成准入依据；本册是否可独立判断整个题肢、官方正误需模型/人工阶段核定,2026-09-24-attribution-v2
BJ-2026-FT-ERMO-Q6,B,,RE,仅词典命中弱信号(精度约0.66-0.88)，不构成准入依据；本册是否可独立判断整个题肢、官方正误需模型/人工阶段核定,2026-09-24-attribution-v2
BJ-2026-FT-ERMO-Q6,C,,RE,仅词典命中弱信号(精度约0.66-0.88)，不构成准入依据；本册是否可独立判断整个题肢、官方正误需模型/人工阶段核定,2026-09-24-attribution-v2
BJ-2026-FT-ERMO-Q6,D,MI,RE,仅词典命中弱信号(精度约0.66-0.88)，不构成准入依据；本册是否可独立判断整个题肢、官方正误需模型/人工阶段核定,2026-09-24-attribution-v2
BJ-2026-FT-ERMO-Q7,①,B2,B3,仅词典命中弱信号(精度约0.66-0.88)，不构成准入依据；本册是否可独立判断整个题肢、官方正误需模型/人工阶段核定,2026-09-24-attribution-v2
BJ-2026-FT-ERMO-Q7,②,PH,B3,仅词典命中弱信号(精度约0.66-0.88)，不构成准入依据；本册是否可独立判断整个题肢、官方正误需模型/人工阶段核定,2026-09-24-attribution-v2
BJ-2026-FT-ERMO-Q7,③,,B3,仅词典命中弱信号(精度约0.66-0.88)，不构成准入依据；本册是否可独立判断整个题肢、官方正误需模型/人工阶段核定,2026-09-24-attribution-v2
BJ-2026-FT-ERMO-Q7,④,,B3,仅词典命中弱信号(精度约0.66-0.88)，不构成准入依据；本册是否可独立判断整个题肢、官方正误需模型/人工阶段核定,2026-09-24-attribution-v2
BJ-2026-FT-ERMO-Q14,①,B2,X1,仅词典命中弱信号(精度约0.66-0.88)，不构成准入依据；本册是否可独立判断整个题肢、官方正误需模型/人工阶段核定,2026-09-24-attribution-v2
BJ-2026-FT-ERMO-Q14,②,B2,X1,仅词典命中弱信号(精度约0.66-0.88)，不构成准入依据；本册是否可独立判断整个题肢、官方正误需模型/人工阶段核定,2026-09-24-attribution-v2
BJ-2026-FT-ERMO-Q14,③,X1,X1,仅词典命中弱信号(精度约0.66-0.88)，不构成准入依据；本册是否可独立判断整个题肢、官方正误需模型/人工阶段核定,2026-09-24-attribution-v2
BJ-2026-FT-ERMO-Q14,④,X1,X1,仅词典命中弱信号(精度约0.66-0.88)，不构成准入依据；本册是否可独立判断整个题肢、官方正误需模型/人工阶段核定,2026-09-24-attribution-v2
BJ-2026-FT-ERMO-Q15,①,,X1,仅词典命中弱信号(精度约0.66-0.88)，不构成准入依据；本册是否可独立判断整个题肢、官方正误需模型/人工阶段核定,2026-09-24-attribution-v2
BJ-2026-FT-ERMO-Q15,②,,X1,仅词典命中弱信号(精度约0.66-0.88)，不构成准入依据；本册是否可独立判断整个题肢、官方正误需模型/人工阶段核定,2026-09-24-attribution-v2
BJ-2026-FT-ERMO-Q15,③,B2,X1,仅词典命中弱信号(精度约0.66-0.88)，不构成准入依据；本册是否可独立判断整个题肢、官方正误需模型/人工阶段核定,2026-09-24-attribution-v2
BJ-2026-FT-ERMO-Q15,④,,X1,仅词典命中弱信号(精度约0.66-0.88)，不构成准入依据；本册是否可独立判断整个题肢、官方正误需模型/人工阶段核定,2026-09-24-attribution-v2
BJ-2026-CP-ERMO-Q1,①,B3,B3,仅词典命中弱信号(精度约0.66-0.88)，不构成准入依据；本册是否可独立判断整个题肢、官方正误需模型/人工阶段核定,2026-09-24-attribution-v2
BJ-2026-CP-ERMO-Q1,②,X1,B3,仅词典命中弱信号(精度约0.66-0.88)，不构成准入依据；本册是否可独立判断整个题肢、官方正误需模型/人工阶段核定,2026-09-24-attribution-v2
BJ-2026-CP-ERMO-Q1,③,CU,B3,仅词典命中弱信号(精度约0.66-0.88)，不构成准入依据；本册是否可独立判断整个题肢、官方正误需模型/人工阶段核定,2026-09-24-attribution-v2
BJ-2026-CP-ERMO-Q1,④,B1,B3,仅词典命中弱信号(精度约0.66-0.88)，不构成准入依据；本册是否可独立判断整个题肢、官方正误需模型/人工阶段核定,2026-09-24-attribution-v2
BJ-2026-CP-ERMO-Q2,①,,CU,仅词典命中弱信号(精度约0.66-0.88)，不构成准入依据；本册是否可独立判断整个题肢、官方正误需模型/人工阶段核定,2026-09-24-attribution-v2
BJ-2026-CP-ERMO-Q2,②,X2,CU,仅词典命中弱信号(精度约0.66-0.88)，不构成准入依据；本册是否可独立判断整个题肢、官方正误需模型/人工阶段核定,2026-09-24-attribution-v2
BJ-2026-CP-ERMO-Q2,③,,CU,仅词典命中弱信号(精度约0.66-0.88)，不构成准入依据；本册是否可独立判断整个题肢、官方正误需模型/人工阶段核定,2026-09-24-attribution-v2
BJ-2026-CP-ERMO-Q2,④,MI;PH,CU,仅词典命中弱信号(精度约0.66-0.88)，不构成准入依据；本册是否可独立判断整个题肢、官方正误需模型/人工阶段核定,2026-09-24-attribution-v2
BJ-2026-CP-ERMO-Q3,A,PH,PH,仅词典命中弱信号(精度约0.66-0.88)，不构成准入依据；本册是否可独立判断整个题肢、官方正误需模型/人工阶段核定,2026-09-24-attribution-v2
BJ-2026-CP-ERMO-Q3,B,PH,PH,仅词典命中弱信号(精度约0.66-0.88)，不构成准入依据；本册是否可独立判断整个题肢、官方正误需模型/人工阶段核定,2026-09-24-attribution-v2
BJ-2026-CP-ERMO-Q3,C,PH,PH,仅词典命中弱信号(精度约0.66-0.88)，不构成准入依据；本册是否可独立判断整个题肢、官方正误需模型/人工阶段核定,2026-09-24-attribution-v2
BJ-2026-CP-ERMO-Q3,D,PH,PH,仅词典命中弱信号(精度约0.66-0.88)，不构成准入依据；本册是否可独立判断整个题肢、官方正误需模型/人工阶段核定,2026-09-24-attribution-v2
BJ-2026-CP-ERMO-Q4,①,,PH,仅词典命中弱信号(精度约0.66-0.88)，不构成准入依据；本册是否可独立判断整个题肢、官方正误需模型/人工阶段核定,2026-09-24-attribution-v2
BJ-2026-CP-ERMO-Q4,②,,PH,仅词典命中弱信号(精度约0.66-0.88)，不构成准入依据；本册是否可独立判断整个题肢、官方正误需模型/人工阶段核定,2026-09-24-attribution-v2
BJ-2026-CP-ERMO-Q4,③,CU,PH,仅词典命中弱信号(精度约0.66-0.88)，不构成准入依据；本册是否可独立判断整个题肢、官方正误需模型/人工阶段核定,2026-09-24-attribution-v2
BJ-2026-CP-ERMO-Q4,④,CU,PH,仅词典命中弱信号(精度约0.66-0.88)，不构成准入依据；本册是否可独立判断整个题肢、官方正误需模型/人工阶段核定,2026-09-24-attribution-v2
BJ-2026-CP-ERMO-Q5,A,RE,PH,仅词典命中弱信号(精度约0.66-0.88)，不构成准入依据；本册是否可独立判断整个题肢、官方正误需模型/人工阶段核定,2026-09-24-attribution-v2
BJ-2026-CP-ERMO-Q5,B,RE,PH,仅词典命中弱信号(精度约0.66-0.88)，不构成准入依据；本册是否可独立判断整个题肢、官方正误需模型/人工阶段核定,2026-09-24-attribution-v2
BJ-2026-CP-ERMO-Q5,C,B3,PH,仅词典命中弱信号(精度约0.66-0.88)，不构成准入依据；本册是否可独立判断整个题肢、官方正误需模型/人工阶段核定,2026-09-24-attribution-v2
BJ-2026-CP-ERMO-Q5,D,,PH,仅词典命中弱信号(精度约0.66-0.88)，不构成准入依据；本册是否可独立判断整个题肢、官方正误需模型/人工阶段核定,2026-09-24-attribution-v2
BJ-2026-CP-ERMO-Q6,①,,RE,仅词典命中弱信号(精度约0.66-0.88)，不构成准入依据；本册是否可独立判断整个题肢、官方正误需模型/人工阶段核定,2026-09-24-attribution-v2
BJ-2026-CP-ERMO-Q6,②,,RE,仅词典命中弱信号(精度约0.66-0.88)，不构成准入依据；本册是否可独立判断整个题肢、官方正误需模型/人工阶段核定,2026-09-24-attribution-v2
BJ-2026-CP-ERMO-Q6,③,,RE,仅词典命中弱信号(精度约0.66-0.88)，不构成准入依据；本册是否可独立判断整个题肢、官方正误需模型/人工阶段核定,2026-09-24-attribution-v2
BJ-2026-CP-ERMO-Q6,④,,RE,仅词典命中弱信号(精度约0.66-0.88)，不构成准入依据；本册是否可独立判断整个题肢、官方正误需模型/人工阶段核定,2026-09-24-attribution-v2
BJ-2026-CP-ERMO-Q7,A,RE,B3,仅词典命中弱信号(精度约0.66-0.88)，不构成准入依据；本册是否可独立判断整个题肢、官方正误需模型/人工阶段核定,2026-09-24-attribution-v2
BJ-2026-CP-ERMO-Q7,B,RE,B3,仅词典命中弱信号(精度约0.66-0.88)，不构成准入依据；本册是否可独立判断整个题肢、官方正误需模型/人工阶段核定,2026-09-24-attribution-v2
BJ-2026-CP-ERMO-Q7,C,RE,B3,仅词典命中弱信号(精度约0.66-0.88)，不构成准入依据；本册是否可独立判断整个题肢、官方正误需模型/人工阶段核定,2026-09-24-attribution-v2
BJ-2026-CP-ERMO-Q7,D,,B3,仅词典命中弱信号(精度约0.66-0.88)，不构成准入依据；本册是否可独立判断整个题肢、官方正误需模型/人工阶段核定,2026-09-24-attribution-v2
BJ-2026-CP-ERMO-Q8,①,B3,B3,仅词典命中弱信号(精度约0.66-0.88)，不构成准入依据；本册是否可独立判断整个题肢、官方正误需模型/人工阶段核定,2026-09-24-attribution-v2
BJ-2026-CP-ERMO-Q8,②,B3,B3,仅词典命中弱信号(精度约0.66-0.88)，不构成准入依据；本册是否可独立判断整个题肢、官方正误需模型/人工阶段核定,2026-09-24-attribution-v2
BJ-2026-CP-ERMO-Q8,③,B3,B3,仅词典命中弱信号(精度约0.66-0.88)，不构成准入依据；本册是否可独立判断整个题肢、官方正误需模型/人工阶段核定,2026-09-24-attribution-v2
BJ-2026-CP-ERMO-Q8,④,B3,B3,仅词典命中弱信号(精度约0.66-0.88)，不构成准入依据；本册是否可独立判断整个题肢、官方正误需模型/人工阶段核定,2026-09-24-attribution-v2
BJ-2026-CP-ERMO-Q9,①,B3;X1,B3,仅词典命中弱信号(精度约0.66-0.88)，不构成准入依据；本册是否可独立判断整个题肢、官方正误需模型/人工阶段核定,2026-09-24-attribution-v2
BJ-2026-CP-ERMO-Q9,②,B3,B3,仅词典命中弱信号(精度约0.66-0.88)，不构成准入依据；本册是否可独立判断整个题肢、官方正误需模型/人工阶段核定,2026-09-24-attribution-v2
BJ-2026-CP-ERMO-Q9,③,B3;X2,B3,仅词典命中弱信号(精度约0.66-0.88)，不构成准入依据；本册是否可独立判断整个题肢、官方正误需模型/人工阶段核定,2026-09-24-attribution-v2
BJ-2026-CP-ERMO-Q9,④,PH,B3,仅词典命中弱信号(精度约0.66-0.88)，不构成准入依据；本册是否可独立判断整个题肢、官方正误需模型/人工阶段核定,2026-09-24-attribution-v2
BJ-2026-CP-ERMO-Q10,A,X2,X2,仅词典命中弱信号(精度约0.66-0.88)，不构成准入依据；本册是否可独立判断整个题肢、官方正误需模型/人工阶段核定,2026-09-24-attribution-v2
BJ-2026-CP-ERMO-Q10,B,X2,X2,仅词典命中弱信号(精度约0.66-0.88)，不构成准入依据；本册是否可独立判断整个题肢、官方正误需模型/人工阶段核定,2026-09-24-attribution-v2
BJ-2026-CP-ERMO-Q10,C,X2,X2,仅词典命中弱信号(精度约0.66-0.88)，不构成准入依据；本册是否可独立判断整个题肢、官方正误需模型/人工阶段核定,2026-09-24-attribution-v2
BJ-2026-CP-ERMO-Q10,D,X2,X2,仅词典命中弱信号(精度约0.66-0.88)，不构成准入依据；本册是否可独立判断整个题肢、官方正误需模型/人工阶段核定,2026-09-24-attribution-v2
BJ-2026-CP-ERMO-Q11,A,X2,X2,仅词典命中弱信号(精度约0.66-0.88)，不构成准入依据；本册是否可独立判断整个题肢、官方正误需模型/人工阶段核定,2026-09-24-attribution-v2
BJ-2026-CP-ERMO-Q11,B,X2,X2,仅词典命中弱信号(精度约0.66-0.88)，不构成准入依据；本册是否可独立判断整个题肢、官方正误需模型/人工阶段核定,2026-09-24-attribution-v2
BJ-2026-CP-ERMO-Q11,C,B2;X2,X2,仅词典命中弱信号(精度约0.66-0.88)，不构成准入依据；本册是否可独立判断整个题肢、官方正误需模型/人工阶段核定,2026-09-24-attribution-v2
BJ-2026-CP-ERMO-Q11,D,X2,X2,仅词典命中弱信号(精度约0.66-0.88)，不构成准入依据；本册是否可独立判断整个题肢、官方正误需模型/人工阶段核定,2026-09-24-attribution-v2
BJ-2026-CP-ERMO-Q12,①,B2,B2,仅词典命中弱信号(精度约0.66-0.88)，不构成准入依据；本册是否可独立判断整个题肢、官方正误需模型/人工阶段核定,2026-09-24-attribution-v2
BJ-2026-CP-ERMO-Q12,②,,B2,仅词典命中弱信号(精度约0.66-0.88)，不构成准入依据；本册是否可独立判断整个题肢、官方正误需模型/人工阶段核定,2026-09-24-attribution-v2
BJ-2026-CP-ERMO-Q12,③,B2,B2,仅词典命中弱信号(精度约0.66-0.88)，不构成准入依据；本册是否可独立判断整个题肢、官方正误需模型/人工阶段核定,2026-09-24-attribution-v2
BJ-2026-CP-ERMO-Q12,④,B2,B2,仅词典命中弱信号(精度约0.66-0.88)，不构成准入依据；本册是否可独立判断整个题肢、官方正误需模型/人工阶段核定,2026-09-24-attribution-v2
BJ-2026-CP-ERMO-Q13,①,B2,B2,仅词典命中弱信号(精度约0.66-0.88)，不构成准入依据；本册是否可独立判断整个题肢、官方正误需模型/人工阶段核定,2026-09-24-attribution-v2
BJ-2026-CP-ERMO-Q13,②,,B2,仅词典命中弱信号(精度约0.66-0.88)，不构成准入依据；本册是否可独立判断整个题肢、官方正误需模型/人工阶段核定,2026-09-24-attribution-v2
BJ-2026-CP-ERMO-Q13,③,,B2,仅词典命中弱信号(精度约0.66-0.88)，不构成准入依据；本册是否可独立判断整个题肢、官方正误需模型/人工阶段核定,2026-09-24-attribution-v2
BJ-2026-CP-ERMO-Q13,④,,B2,仅词典命中弱信号(精度约0.66-0.88)，不构成准入依据；本册是否可独立判断整个题肢、官方正误需模型/人工阶段核定,2026-09-24-attribution-v2
BJ-2026-CP-ERMO-Q14,①,B2,X1,仅词典命中弱信号(精度约0.66-0.88)，不构成准入依据；本册是否可独立判断整个题肢、官方正误需模型/人工阶段核定,2026-09-24-attribution-v2
BJ-2026-CP-ERMO-Q14,②,,X1,仅词典命中弱信号(精度约0.66-0.88)，不构成准入依据；本册是否可独立判断整个题肢、官方正误需模型/人工阶段核定,2026-09-24-attribution-v2
BJ-2026-CP-ERMO-Q14,③,,X1,仅词典命中弱信号(精度约0.66-0.88)，不构成准入依据；本册是否可独立判断整个题肢、官方正误需模型/人工阶段核定,2026-09-24-attribution-v2
BJ-2026-CP-ERMO-Q14,④,B2,X1,仅词典命中弱信号(精度约0.66-0.88)，不构成准入依据；本册是否可独立判断整个题肢、官方正误需模型/人工阶段核定,2026-09-24-attribution-v2
BJ-2026-CP-ERMO-Q15,①,B2,X1,仅词典命中弱信号(精度约0.66-0.88)，不构成准入依据；本册是否可独立判断整个题肢、官方正误需模型/人工阶段核定,2026-09-24-attribution-v2
BJ-2026-CP-ERMO-Q15,②,,X1,仅词典命中弱信号(精度约0.66-0.88)，不构成准入依据；本册是否可独立判断整个题肢、官方正误需模型/人工阶段核定,2026-09-24-attribution-v2
BJ-2026-CP-ERMO-Q15,③,B2;X1,X1,仅词典命中弱信号(精度约0.66-0.88)，不构成准入依据；本册是否可独立判断整个题肢、官方正误需模型/人工阶段核定,2026-09-24-attribution-v2
BJ-2026-CP-ERMO-Q15,④,B2,X1,仅词典命中弱信号(精度约0.66-0.88)，不构成准入依据；本册是否可独立判断整个题肢、官方正误需模型/人工阶段核定,2026-09-24-attribution-v2
BJ-2026-CY-ERMO-Q1,①,CU,B3,仅词典命中弱信号(精度约0.66-0.88)，不构成准入依据；本册是否可独立判断整个题肢、官方正误需模型/人工阶段核定,2026-09-24-attribution-v2
BJ-2026-CY-ERMO-Q1,②,B2,B3,仅词典命中弱信号(精度约0.66-0.88)，不构成准入依据；本册是否可独立判断整个题肢、官方正误需模型/人工阶段核定,2026-09-24-attribution-v2
BJ-2026-CY-ERMO-Q1,③,X1,B3,仅词典命中弱信号(精度约0.66-0.88)，不构成准入依据；本册是否可独立判断整个题肢、官方正误需模型/人工阶段核定,2026-09-24-attribution-v2
BJ-2026-CY-ERMO-Q1,④,B1,B3,仅词典命中弱信号(精度约0.66-0.88)，不构成准入依据；本册是否可独立判断整个题肢、官方正误需模型/人工阶段核定,2026-09-24-attribution-v2
BJ-2026-CY-ERMO-Q2,A,CU,CU,仅词典命中弱信号(精度约0.66-0.88)，不构成准入依据；本册是否可独立判断整个题肢、官方正误需模型/人工阶段核定,2026-09-24-attribution-v2
BJ-2026-CY-ERMO-Q2,B,CU,CU,仅词典命中弱信号(精度约0.66-0.88)，不构成准入依据；本册是否可独立判断整个题肢、官方正误需模型/人工阶段核定,2026-09-24-attribution-v2
BJ-2026-CY-ERMO-Q2,C,CU,CU,仅词典命中弱信号(精度约0.66-0.88)，不构成准入依据；本册是否可独立判断整个题肢、官方正误需模型/人工阶段核定,2026-09-24-attribution-v2
BJ-2026-CY-ERMO-Q2,D,CU,CU,仅词典命中弱信号(精度约0.66-0.88)，不构成准入依据；本册是否可独立判断整个题肢、官方正误需模型/人工阶段核定,2026-09-24-attribution-v2
BJ-2026-CY-ERMO-Q3,①,MI,PH,仅词典命中弱信号(精度约0.66-0.88)，不构成准入依据；本册是否可独立判断整个题肢、官方正误需模型/人工阶段核定,2026-09-24-attribution-v2
BJ-2026-CY-ERMO-Q3,②,PH,PH,仅词典命中弱信号(精度约0.66-0.88)，不构成准入依据；本册是否可独立判断整个题肢、官方正误需模型/人工阶段核定,2026-09-24-attribution-v2
BJ-2026-CY-ERMO-Q3,③,PH,PH,仅词典命中弱信号(精度约0.66-0.88)，不构成准入依据；本册是否可独立判断整个题肢、官方正误需模型/人工阶段核定,2026-09-24-attribution-v2
BJ-2026-CY-ERMO-Q3,④,PH,PH,仅词典命中弱信号(精度约0.66-0.88)，不构成准入依据；本册是否可独立判断整个题肢、官方正误需模型/人工阶段核定,2026-09-24-attribution-v2
BJ-2026-CY-ERMO-Q4,①,,PH,仅词典命中弱信号(精度约0.66-0.88)，不构成准入依据；本册是否可独立判断整个题肢、官方正误需模型/人工阶段核定,2026-09-24-attribution-v2
BJ-2026-CY-ERMO-Q4,②,,PH,仅词典命中弱信号(精度约0.66-0.88)，不构成准入依据；本册是否可独立判断整个题肢、官方正误需模型/人工阶段核定,2026-09-24-attribution-v2
BJ-2026-CY-ERMO-Q4,③,PH,PH,仅词典命中弱信号(精度约0.66-0.88)，不构成准入依据；本册是否可独立判断整个题肢、官方正误需模型/人工阶段核定,2026-09-24-attribution-v2
BJ-2026-CY-ERMO-Q4,④,B2,PH,仅词典命中弱信号(精度约0.66-0.88)，不构成准入依据；本册是否可独立判断整个题肢、官方正误需模型/人工阶段核定,2026-09-24-attribution-v2
BJ-2026-CY-ERMO-Q5,①,,PH,仅词典命中弱信号(精度约0.66-0.88)，不构成准入依据；本册是否可独立判断整个题肢、官方正误需模型/人工阶段核定,2026-09-24-attribution-v2
BJ-2026-CY-ERMO-Q5,②,,PH,仅词典命中弱信号(精度约0.66-0.88)，不构成准入依据；本册是否可独立判断整个题肢、官方正误需模型/人工阶段核定,2026-09-24-attribution-v2
BJ-2026-CY-ERMO-Q5,③,PH,PH,仅词典命中弱信号(精度约0.66-0.88)，不构成准入依据；本册是否可独立判断整个题肢、官方正误需模型/人工阶段核定,2026-09-24-attribution-v2
BJ-2026-CY-ERMO-Q5,④,MI,PH,仅词典命中弱信号(精度约0.66-0.88)，不构成准入依据；本册是否可独立判断整个题肢、官方正误需模型/人工阶段核定,2026-09-24-attribution-v2
BJ-2026-CY-ERMO-Q6,A,B2,RE,仅词典命中弱信号(精度约0.66-0.88)，不构成准入依据；本册是否可独立判断整个题肢、官方正误需模型/人工阶段核定,2026-09-24-attribution-v2
BJ-2026-CY-ERMO-Q6,B,,RE,仅词典命中弱信号(精度约0.66-0.88)，不构成准入依据；本册是否可独立判断整个题肢、官方正误需模型/人工阶段核定,2026-09-24-attribution-v2
BJ-2026-CY-ERMO-Q6,C,B2,RE,仅词典命中弱信号(精度约0.66-0.88)，不构成准入依据；本册是否可独立判断整个题肢、官方正误需模型/人工阶段核定,2026-09-24-attribution-v2
BJ-2026-CY-ERMO-Q6,D,MI,RE,仅词典命中弱信号(精度约0.66-0.88)，不构成准入依据；本册是否可独立判断整个题肢、官方正误需模型/人工阶段核定,2026-09-24-attribution-v2
BJ-2026-CY-ERMO-Q7,A,MI,RE,仅词典命中弱信号(精度约0.66-0.88)，不构成准入依据；本册是否可独立判断整个题肢、官方正误需模型/人工阶段核定,2026-09-24-attribution-v2
BJ-2026-CY-ERMO-Q7,B,MI,RE,仅词典命中弱信号(精度约0.66-0.88)，不构成准入依据；本册是否可独立判断整个题肢、官方正误需模型/人工阶段核定,2026-09-24-attribution-v2
BJ-2026-CY-ERMO-Q7,C,B2;MI,RE,仅词典命中弱信号(精度约0.66-0.88)，不构成准入依据；本册是否可独立判断整个题肢、官方正误需模型/人工阶段核定,2026-09-24-attribution-v2
BJ-2026-CY-ERMO-Q7,D,MI,RE,仅词典命中弱信号(精度约0.66-0.88)，不构成准入依据；本册是否可独立判断整个题肢、官方正误需模型/人工阶段核定,2026-09-24-attribution-v2
BJ-2026-CY-ERMO-Q8,①,B3,B3,仅词典命中弱信号(精度约0.66-0.88)，不构成准入依据；本册是否可独立判断整个题肢、官方正误需模型/人工阶段核定,2026-09-24-attribution-v2
BJ-2026-CY-ERMO-Q8,②,B3,B3,仅词典命中弱信号(精度约0.66-0.88)，不构成准入依据；本册是否可独立判断整个题肢、官方正误需模型/人工阶段核定,2026-09-24-attribution-v2
BJ-2026-CY-ERMO-Q8,③,B3,B3,仅词典命中弱信号(精度约0.66-0.88)，不构成准入依据；本册是否可独立判断整个题肢、官方正误需模型/人工阶段核定,2026-09-24-attribution-v2
BJ-2026-CY-ERMO-Q8,④,B3,B3,仅词典命中弱信号(精度约0.66-0.88)，不构成准入依据；本册是否可独立判断整个题肢、官方正误需模型/人工阶段核定,2026-09-24-attribution-v2
BJ-2026-CY-ERMO-Q9,①,CU,B3,仅词典命中弱信号(精度约0.66-0.88)，不构成准入依据；本册是否可独立判断整个题肢、官方正误需模型/人工阶段核定,2026-09-24-attribution-v2
BJ-2026-CY-ERMO-Q9,②,CU,B3,仅词典命中弱信号(精度约0.66-0.88)，不构成准入依据；本册是否可独立判断整个题肢、官方正误需模型/人工阶段核定,2026-09-24-attribution-v2
BJ-2026-CY-ERMO-Q9,③,,B3,仅词典命中弱信号(精度约0.66-0.88)，不构成准入依据；本册是否可独立判断整个题肢、官方正误需模型/人工阶段核定,2026-09-24-attribution-v2
BJ-2026-CY-ERMO-Q9,④,B3,B3,仅词典命中弱信号(精度约0.66-0.88)，不构成准入依据；本册是否可独立判断整个题肢、官方正误需模型/人工阶段核定,2026-09-24-attribution-v2
BJ-2026-CY-ERMO-Q11,A,X2,X2,仅词典命中弱信号(精度约0.66-0.88)，不构成准入依据；本册是否可独立判断整个题肢、官方正误需模型/人工阶段核定,2026-09-24-attribution-v2
BJ-2026-CY-ERMO-Q11,B,X2,X2,仅词典命中弱信号(精度约0.66-0.88)，不构成准入依据；本册是否可独立判断整个题肢、官方正误需模型/人工阶段核定,2026-09-24-attribution-v2
BJ-2026-CY-ERMO-Q11,C,X2,X2,仅词典命中弱信号(精度约0.66-0.88)，不构成准入依据；本册是否可独立判断整个题肢、官方正误需模型/人工阶段核定,2026-09-24-attribution-v2
BJ-2026-CY-ERMO-Q11,D,,X2,仅词典命中弱信号(精度约0.66-0.88)，不构成准入依据；本册是否可独立判断整个题肢、官方正误需模型/人工阶段核定,2026-09-24-attribution-v2
BJ-2026-CY-ERMO-Q12,①,,B2,仅词典命中弱信号(精度约0.66-0.88)，不构成准入依据；本册是否可独立判断整个题肢、官方正误需模型/人工阶段核定,2026-09-24-attribution-v2
BJ-2026-CY-ERMO-Q12,②,,B2,仅词典命中弱信号(精度约0.66-0.88)，不构成准入依据；本册是否可独立判断整个题肢、官方正误需模型/人工阶段核定,2026-09-24-attribution-v2
BJ-2026-CY-ERMO-Q12,③,,B2,仅词典命中弱信号(精度约0.66-0.88)，不构成准入依据；本册是否可独立判断整个题肢、官方正误需模型/人工阶段核定,2026-09-24-attribution-v2
BJ-2026-CY-ERMO-Q12,④,B2,B2,仅词典命中弱信号(精度约0.66-0.88)，不构成准入依据；本册是否可独立判断整个题肢、官方正误需模型/人工阶段核定,2026-09-24-attribution-v2
BJ-2026-CY-ERMO-Q13,①,B2,B2,仅词典命中弱信号(精度约0.66-0.88)，不构成准入依据；本册是否可独立判断整个题肢、官方正误需模型/人工阶段核定,2026-09-24-attribution-v2
BJ-2026-CY-ERMO-Q13,②,B2,B2,仅词典命中弱信号(精度约0.66-0.88)，不构成准入依据；本册是否可独立判断整个题肢、官方正误需模型/人工阶段核定,2026-09-24-attribution-v2
BJ-2026-CY-ERMO-Q13,③,,B2,仅词典命中弱信号(精度约0.66-0.88)，不构成准入依据；本册是否可独立判断整个题肢、官方正误需模型/人工阶段核定,2026-09-24-attribution-v2
BJ-2026-CY-ERMO-Q13,④,B2,B2,仅词典命中弱信号(精度约0.66-0.88)，不构成准入依据；本册是否可独立判断整个题肢、官方正误需模型/人工阶段核定,2026-09-24-attribution-v2
BJ-2026-CY-ERMO-Q14,①,,X1,仅词典命中弱信号(精度约0.66-0.88)，不构成准入依据；本册是否可独立判断整个题肢、官方正误需模型/人工阶段核定,2026-09-24-attribution-v2
BJ-2026-CY-ERMO-Q14,②,B2,X1,仅词典命中弱信号(精度约0.66-0.88)，不构成准入依据；本册是否可独立判断整个题肢、官方正误需模型/人工阶段核定,2026-09-24-attribution-v2
BJ-2026-CY-ERMO-Q14,③,,X1,仅词典命中弱信号(精度约0.66-0.88)，不构成准入依据；本册是否可独立判断整个题肢、官方正误需模型/人工阶段核定,2026-09-24-attribution-v2
BJ-2026-CY-ERMO-Q14,④,B2,X1,仅词典命中弱信号(精度约0.66-0.88)，不构成准入依据；本册是否可独立判断整个题肢、官方正误需模型/人工阶段核定,2026-09-24-attribution-v2
BJ-2026-CY-ERMO-Q15,①,,X1,仅词典命中弱信号(精度约0.66-0.88)，不构成准入依据；本册是否可独立判断整个题肢、官方正误需模型/人工阶段核定,2026-09-24-attribution-v2
BJ-2026-CY-ERMO-Q15,②,B2;X2,X1,仅词典命中弱信号(精度约0.66-0.88)，不构成准入依据；本册是否可独立判断整个题肢、官方正误需模型/人工阶段核定,2026-09-24-attribution-v2
BJ-2026-CY-ERMO-Q15,③,,X1,仅词典命中弱信号(精度约0.66-0.88)，不构成准入依据；本册是否可独立判断整个题肢、官方正误需模型/人工阶段核定,2026-09-24-attribution-v2
BJ-2026-CY-ERMO-Q15,④,B2,X1,仅词典命中弱信号(精度约0.66-0.88)，不构成准入依据；本册是否可独立判断整个题肢、官方正误需模型/人工阶段核定,2026-09-24-attribution-v2
BJ-2026-HD-ERMO-Q3,A,MI,PH,仅词典命中弱信号(精度约0.66-0.88)，不构成准入依据；本册是否可独立判断整个题肢、官方正误需模型/人工阶段核定,2026-09-24-attribution-v2
BJ-2026-HD-ERMO-Q3,B,RE,PH,仅词典命中弱信号(精度约0.66-0.88)，不构成准入依据；本册是否可独立判断整个题肢、官方正误需模型/人工阶段核定,2026-09-24-attribution-v2
BJ-2026-HD-ERMO-Q3,C,,PH,仅词典命中弱信号(精度约0.66-0.88)，不构成准入依据；本册是否可独立判断整个题肢、官方正误需模型/人工阶段核定,2026-09-24-attribution-v2
BJ-2026-HD-ERMO-Q3,D,PH,PH,仅词典命中弱信号(精度约0.66-0.88)，不构成准入依据；本册是否可独立判断整个题肢、官方正误需模型/人工阶段核定,2026-09-24-attribution-v2
BJ-2026-HD-ERMO-Q14,①,,X1,仅词典命中弱信号(精度约0.66-0.88)，不构成准入依据；本册是否可独立判断整个题肢、官方正误需模型/人工阶段核定,2026-09-24-attribution-v2
BJ-2026-HD-ERMO-Q14,②,,X1,仅词典命中弱信号(精度约0.66-0.88)，不构成准入依据；本册是否可独立判断整个题肢、官方正误需模型/人工阶段核定,2026-09-24-attribution-v2
BJ-2026-HD-ERMO-Q14,③,B2,X1,仅词典命中弱信号(精度约0.66-0.88)，不构成准入依据；本册是否可独立判断整个题肢、官方正误需模型/人工阶段核定,2026-09-24-attribution-v2
BJ-2026-HD-ERMO-Q14,④,,X1,仅词典命中弱信号(精度约0.66-0.88)，不构成准入依据；本册是否可独立判断整个题肢、官方正误需模型/人工阶段核定,2026-09-24-attribution-v2
BJ-2026-HD-ERMO-Q13,①,B2,B2,仅词典命中弱信号(精度约0.66-0.88)，不构成准入依据；本册是否可独立判断整个题肢、官方正误需模型/人工阶段核定,2026-09-24-attribution-v2
BJ-2026-HD-ERMO-Q13,②,B2,B2,仅词典命中弱信号(精度约0.66-0.88)，不构成准入依据；本册是否可独立判断整个题肢、官方正误需模型/人工阶段核定,2026-09-24-attribution-v2
BJ-2026-HD-ERMO-Q13,③,,B2,仅词典命中弱信号(精度约0.66-0.88)，不构成准入依据；本册是否可独立判断整个题肢、官方正误需模型/人工阶段核定,2026-09-24-attribution-v2
BJ-2026-HD-ERMO-Q13,④,,B2,仅词典命中弱信号(精度约0.66-0.88)，不构成准入依据；本册是否可独立判断整个题肢、官方正误需模型/人工阶段核定,2026-09-24-attribution-v2
BJ-2026-HD-ERMO-Q1,①,,B3,仅词典命中弱信号(精度约0.66-0.88)，不构成准入依据；本册是否可独立判断整个题肢、官方正误需模型/人工阶段核定,2026-09-24-attribution-v2
BJ-2026-HD-ERMO-Q1,②,PH,B3,仅词典命中弱信号(精度约0.66-0.88)，不构成准入依据；本册是否可独立判断整个题肢、官方正误需模型/人工阶段核定,2026-09-24-attribution-v2
BJ-2026-HD-ERMO-Q1,③,B1,B3,仅词典命中弱信号(精度约0.66-0.88)，不构成准入依据；本册是否可独立判断整个题肢、官方正误需模型/人工阶段核定,2026-09-24-attribution-v2
BJ-2026-HD-ERMO-Q1,④,B1,B3,仅词典命中弱信号(精度约0.66-0.88)，不构成准入依据；本册是否可独立判断整个题肢、官方正误需模型/人工阶段核定,2026-09-24-attribution-v2
BJ-2026-HD-ERMO-Q2,①,,CU,仅词典命中弱信号(精度约0.66-0.88)，不构成准入依据；本册是否可独立判断整个题肢、官方正误需模型/人工阶段核定,2026-09-24-attribution-v2
BJ-2026-HD-ERMO-Q2,②,PH,CU,仅词典命中弱信号(精度约0.66-0.88)，不构成准入依据；本册是否可独立判断整个题肢、官方正误需模型/人工阶段核定,2026-09-24-attribution-v2
BJ-2026-HD-ERMO-Q2,③,,CU,仅词典命中弱信号(精度约0.66-0.88)，不构成准入依据；本册是否可独立判断整个题肢、官方正误需模型/人工阶段核定,2026-09-24-attribution-v2
BJ-2026-HD-ERMO-Q2,④,CU,CU,仅词典命中弱信号(精度约0.66-0.88)，不构成准入依据；本册是否可独立判断整个题肢、官方正误需模型/人工阶段核定,2026-09-24-attribution-v2
BJ-2026-HD-ERMO-Q4,A,PH,PH,仅词典命中弱信号(精度约0.66-0.88)，不构成准入依据；本册是否可独立判断整个题肢、官方正误需模型/人工阶段核定,2026-09-24-attribution-v2
BJ-2026-HD-ERMO-Q4,B,PH,PH,仅词典命中弱信号(精度约0.66-0.88)，不构成准入依据；本册是否可独立判断整个题肢、官方正误需模型/人工阶段核定,2026-09-24-attribution-v2
BJ-2026-HD-ERMO-Q4,C,RE,PH,仅词典命中弱信号(精度约0.66-0.88)，不构成准入依据；本册是否可独立判断整个题肢、官方正误需模型/人工阶段核定,2026-09-24-attribution-v2
BJ-2026-HD-ERMO-Q4,D,,PH,仅词典命中弱信号(精度约0.66-0.88)，不构成准入依据；本册是否可独立判断整个题肢、官方正误需模型/人工阶段核定,2026-09-24-attribution-v2
BJ-2026-HD-ERMO-Q5,A,RE,PH,仅词典命中弱信号(精度约0.66-0.88)，不构成准入依据；本册是否可独立判断整个题肢、官方正误需模型/人工阶段核定,2026-09-24-attribution-v2
BJ-2026-HD-ERMO-Q5,B,RE,PH,仅词典命中弱信号(精度约0.66-0.88)，不构成准入依据；本册是否可独立判断整个题肢、官方正误需模型/人工阶段核定,2026-09-24-attribution-v2
BJ-2026-HD-ERMO-Q5,C,RE,PH,仅词典命中弱信号(精度约0.66-0.88)，不构成准入依据；本册是否可独立判断整个题肢、官方正误需模型/人工阶段核定,2026-09-24-attribution-v2
BJ-2026-HD-ERMO-Q5,D,X2,PH,仅词典命中弱信号(精度约0.66-0.88)，不构成准入依据；本册是否可独立判断整个题肢、官方正误需模型/人工阶段核定,2026-09-24-attribution-v2
BJ-2026-HD-ERMO-Q6,①,,RE,仅词典命中弱信号(精度约0.66-0.88)，不构成准入依据；本册是否可独立判断整个题肢、官方正误需模型/人工阶段核定,2026-09-24-attribution-v2
BJ-2026-HD-ERMO-Q6,②,X2,RE,仅词典命中弱信号(精度约0.66-0.88)，不构成准入依据；本册是否可独立判断整个题肢、官方正误需模型/人工阶段核定,2026-09-24-attribution-v2
BJ-2026-HD-ERMO-Q6,③,X2,RE,仅词典命中弱信号(精度约0.66-0.88)，不构成准入依据；本册是否可独立判断整个题肢、官方正误需模型/人工阶段核定,2026-09-24-attribution-v2
BJ-2026-HD-ERMO-Q6,④,,RE,仅词典命中弱信号(精度约0.66-0.88)，不构成准入依据；本册是否可独立判断整个题肢、官方正误需模型/人工阶段核定,2026-09-24-attribution-v2
BJ-2026-HD-ERMO-Q7,①,RE,B3,仅词典命中弱信号(精度约0.66-0.88)，不构成准入依据；本册是否可独立判断整个题肢、官方正误需模型/人工阶段核定,2026-09-24-attribution-v2
BJ-2026-HD-ERMO-Q7,②,,B3,仅词典命中弱信号(精度约0.66-0.88)，不构成准入依据；本册是否可独立判断整个题肢、官方正误需模型/人工阶段核定,2026-09-24-attribution-v2
BJ-2026-HD-ERMO-Q7,③,RE,B3,仅词典命中弱信号(精度约0.66-0.88)，不构成准入依据；本册是否可独立判断整个题肢、官方正误需模型/人工阶段核定,2026-09-24-attribution-v2
BJ-2026-HD-ERMO-Q7,④,,B3,仅词典命中弱信号(精度约0.66-0.88)，不构成准入依据；本册是否可独立判断整个题肢、官方正误需模型/人工阶段核定,2026-09-24-attribution-v2
BJ-2026-HD-ERMO-Q8,①,,B3,仅词典命中弱信号(精度约0.66-0.88)，不构成准入依据；本册是否可独立判断整个题肢、官方正误需模型/人工阶段核定,2026-09-24-attribution-v2
BJ-2026-HD-ERMO-Q8,②,B3,B3,仅词典命中弱信号(精度约0.66-0.88)，不构成准入依据；本册是否可独立判断整个题肢、官方正误需模型/人工阶段核定,2026-09-24-attribution-v2
BJ-2026-HD-ERMO-Q8,③,,B3,仅词典命中弱信号(精度约0.66-0.88)，不构成准入依据；本册是否可独立判断整个题肢、官方正误需模型/人工阶段核定,2026-09-24-attribution-v2
BJ-2026-HD-ERMO-Q8,④,,B3,仅词典命中弱信号(精度约0.66-0.88)，不构成准入依据；本册是否可独立判断整个题肢、官方正误需模型/人工阶段核定,2026-09-24-attribution-v2
BJ-2026-HD-ERMO-Q9,①,B3,B3,仅词典命中弱信号(精度约0.66-0.88)，不构成准入依据；本册是否可独立判断整个题肢、官方正误需模型/人工阶段核定,2026-09-24-attribution-v2
BJ-2026-HD-ERMO-Q9,②,B3,B3,仅词典命中弱信号(精度约0.66-0.88)，不构成准入依据；本册是否可独立判断整个题肢、官方正误需模型/人工阶段核定,2026-09-24-attribution-v2
BJ-2026-HD-ERMO-Q9,③,,B3,仅词典命中弱信号(精度约0.66-0.88)，不构成准入依据；本册是否可独立判断整个题肢、官方正误需模型/人工阶段核定,2026-09-24-attribution-v2
BJ-2026-HD-ERMO-Q9,④,,B3,仅词典命中弱信号(精度约0.66-0.88)，不构成准入依据；本册是否可独立判断整个题肢、官方正误需模型/人工阶段核定,2026-09-24-attribution-v2
BJ-2026-HD-ERMO-Q10,①,X2,X2,仅词典命中弱信号(精度约0.66-0.88)，不构成准入依据；本册是否可独立判断整个题肢、官方正误需模型/人工阶段核定,2026-09-24-attribution-v2
BJ-2026-HD-ERMO-Q10,②,B2,X2,仅词典命中弱信号(精度约0.66-0.88)，不构成准入依据；本册是否可独立判断整个题肢、官方正误需模型/人工阶段核定,2026-09-24-attribution-v2
BJ-2026-HD-ERMO-Q10,③,X2,X2,仅词典命中弱信号(精度约0.66-0.88)，不构成准入依据；本册是否可独立判断整个题肢、官方正误需模型/人工阶段核定,2026-09-24-attribution-v2
BJ-2026-HD-ERMO-Q10,④,X2,X2,仅词典命中弱信号(精度约0.66-0.88)，不构成准入依据；本册是否可独立判断整个题肢、官方正误需模型/人工阶段核定,2026-09-24-attribution-v2
BJ-2026-HD-ERMO-Q11,A,X2,X2,仅词典命中弱信号(精度约0.66-0.88)，不构成准入依据；本册是否可独立判断整个题肢、官方正误需模型/人工阶段核定,2026-09-24-attribution-v2
BJ-2026-HD-ERMO-Q11,B,X2,X2,仅词典命中弱信号(精度约0.66-0.88)，不构成准入依据；本册是否可独立判断整个题肢、官方正误需模型/人工阶段核定,2026-09-24-attribution-v2
BJ-2026-HD-ERMO-Q11,C,B3,X2,仅词典命中弱信号(精度约0.66-0.88)，不构成准入依据；本册是否可独立判断整个题肢、官方正误需模型/人工阶段核定,2026-09-24-attribution-v2
BJ-2026-HD-ERMO-Q11,D,X2,X2,仅词典命中弱信号(精度约0.66-0.88)，不构成准入依据；本册是否可独立判断整个题肢、官方正误需模型/人工阶段核定,2026-09-24-attribution-v2
BJ-2026-HD-ERMO-Q12,①,B2,B2,仅词典命中弱信号(精度约0.66-0.88)，不构成准入依据；本册是否可独立判断整个题肢、官方正误需模型/人工阶段核定,2026-09-24-attribution-v2
BJ-2026-HD-ERMO-Q12,②,B2,B2,仅词典命中弱信号(精度约0.66-0.88)，不构成准入依据；本册是否可独立判断整个题肢、官方正误需模型/人工阶段核定,2026-09-24-attribution-v2
BJ-2026-HD-ERMO-Q12,③,B2,B2,仅词典命中弱信号(精度约0.66-0.88)，不构成准入依据；本册是否可独立判断整个题肢、官方正误需模型/人工阶段核定,2026-09-24-attribution-v2
BJ-2026-HD-ERMO-Q12,④,B2,B2,仅词典命中弱信号(精度约0.66-0.88)，不构成准入依据；本册是否可独立判断整个题肢、官方正误需模型/人工阶段核定,2026-09-24-attribution-v2
BJ-2026-HD-ERMO-Q15,①,X1,X1,仅词典命中弱信号(精度约0.66-0.88)，不构成准入依据；本册是否可独立判断整个题肢、官方正误需模型/人工阶段核定,2026-09-24-attribution-v2
BJ-2026-HD-ERMO-Q15,②,,X1,仅词典命中弱信号(精度约0.66-0.88)，不构成准入依据；本册是否可独立判断整个题肢、官方正误需模型/人工阶段核定,2026-09-24-attribution-v2
BJ-2026-HD-ERMO-Q15,③,,X1,仅词典命中弱信号(精度约0.66-0.88)，不构成准入依据；本册是否可独立判断整个题肢、官方正误需模型/人工阶段核定,2026-09-24-attribution-v2
BJ-2026-HD-ERMO-Q15,④,X1,X1,仅词典命中弱信号(精度约0.66-0.88)，不构成准入依据；本册是否可独立判断整个题肢、官方正误需模型/人工阶段核定,2026-09-24-attribution-v2
BJ-2026-SJS-ERMO-Q1,①,B2,B3,仅词典命中弱信号(精度约0.66-0.88)，不构成准入依据；本册是否可独立判断整个题肢、官方正误需模型/人工阶段核定,2026-09-24-attribution-v2
BJ-2026-SJS-ERMO-Q1,②,B1,B3,仅词典命中弱信号(精度约0.66-0.88)，不构成准入依据；本册是否可独立判断整个题肢、官方正误需模型/人工阶段核定,2026-09-24-attribution-v2
BJ-2026-SJS-ERMO-Q1,③,,B3,仅词典命中弱信号(精度约0.66-0.88)，不构成准入依据；本册是否可独立判断整个题肢、官方正误需模型/人工阶段核定,2026-09-24-attribution-v2
BJ-2026-SJS-ERMO-Q1,④,B1;B2,B3,仅词典命中弱信号(精度约0.66-0.88)，不构成准入依据；本册是否可独立判断整个题肢、官方正误需模型/人工阶段核定,2026-09-24-attribution-v2
BJ-2026-SJS-ERMO-Q2,①,PH,CU,仅词典命中弱信号(精度约0.66-0.88)，不构成准入依据；本册是否可独立判断整个题肢、官方正误需模型/人工阶段核定,2026-09-24-attribution-v2
BJ-2026-SJS-ERMO-Q2,②,CU,CU,仅词典命中弱信号(精度约0.66-0.88)，不构成准入依据；本册是否可独立判断整个题肢、官方正误需模型/人工阶段核定,2026-09-24-attribution-v2
BJ-2026-SJS-ERMO-Q2,③,,CU,仅词典命中弱信号(精度约0.66-0.88)，不构成准入依据；本册是否可独立判断整个题肢、官方正误需模型/人工阶段核定,2026-09-24-attribution-v2
BJ-2026-SJS-ERMO-Q2,④,,CU,仅词典命中弱信号(精度约0.66-0.88)，不构成准入依据；本册是否可独立判断整个题肢、官方正误需模型/人工阶段核定,2026-09-24-attribution-v2
BJ-2026-SJS-ERMO-Q3,①,B1,PH,仅词典命中弱信号(精度约0.66-0.88)，不构成准入依据；本册是否可独立判断整个题肢、官方正误需模型/人工阶段核定,2026-09-24-attribution-v2
BJ-2026-SJS-ERMO-Q3,②,,PH,仅词典命中弱信号(精度约0.66-0.88)，不构成准入依据；本册是否可独立判断整个题肢、官方正误需模型/人工阶段核定,2026-09-24-attribution-v2
BJ-2026-SJS-ERMO-Q3,③,,PH,仅词典命中弱信号(精度约0.66-0.88)，不构成准入依据；本册是否可独立判断整个题肢、官方正误需模型/人工阶段核定,2026-09-24-attribution-v2
BJ-2026-SJS-ERMO-Q3,④,,PH,仅词典命中弱信号(精度约0.66-0.88)，不构成准入依据；本册是否可独立判断整个题肢、官方正误需模型/人工阶段核定,2026-09-24-attribution-v2
BJ-2026-SJS-ERMO-Q4,①,CU,PH,仅词典命中弱信号(精度约0.66-0.88)，不构成准入依据；本册是否可独立判断整个题肢、官方正误需模型/人工阶段核定,2026-09-24-attribution-v2
BJ-2026-SJS-ERMO-Q4,②,B2,PH,仅词典命中弱信号(精度约0.66-0.88)，不构成准入依据；本册是否可独立判断整个题肢、官方正误需模型/人工阶段核定,2026-09-24-attribution-v2
BJ-2026-SJS-ERMO-Q4,③,CU,PH,仅词典命中弱信号(精度约0.66-0.88)，不构成准入依据；本册是否可独立判断整个题肢、官方正误需模型/人工阶段核定,2026-09-24-attribution-v2
BJ-2026-SJS-ERMO-Q4,④,CU,PH,仅词典命中弱信号(精度约0.66-0.88)，不构成准入依据；本册是否可独立判断整个题肢、官方正误需模型/人工阶段核定,2026-09-24-attribution-v2
BJ-2026-SJS-ERMO-Q5,①,,PH,仅词典命中弱信号(精度约0.66-0.88)，不构成准入依据；本册是否可独立判断整个题肢、官方正误需模型/人工阶段核定,2026-09-24-attribution-v2
BJ-2026-SJS-ERMO-Q5,②,,PH,仅词典命中弱信号(精度约0.66-0.88)，不构成准入依据；本册是否可独立判断整个题肢、官方正误需模型/人工阶段核定,2026-09-24-attribution-v2
BJ-2026-SJS-ERMO-Q5,③,MI,PH,仅词典命中弱信号(精度约0.66-0.88)，不构成准入依据；本册是否可独立判断整个题肢、官方正误需模型/人工阶段核定,2026-09-24-attribution-v2
BJ-2026-SJS-ERMO-Q5,④,MI,PH,仅词典命中弱信号(精度约0.66-0.88)，不构成准入依据；本册是否可独立判断整个题肢、官方正误需模型/人工阶段核定,2026-09-24-attribution-v2
BJ-2026-SJS-ERMO-Q6,A,RE,RE,仅词典命中弱信号(精度约0.66-0.88)，不构成准入依据；本册是否可独立判断整个题肢、官方正误需模型/人工阶段核定,2026-09-24-attribution-v2
BJ-2026-SJS-ERMO-Q6,B,MI,RE,仅词典命中弱信号(精度约0.66-0.88)，不构成准入依据；本册是否可独立判断整个题肢、官方正误需模型/人工阶段核定,2026-09-24-attribution-v2
BJ-2026-SJS-ERMO-Q6,C,MI,RE,仅词典命中弱信号(精度约0.66-0.88)，不构成准入依据；本册是否可独立判断整个题肢、官方正误需模型/人工阶段核定,2026-09-24-attribution-v2
BJ-2026-SJS-ERMO-Q6,D,MI,RE,仅词典命中弱信号(精度约0.66-0.88)，不构成准入依据；本册是否可独立判断整个题肢、官方正误需模型/人工阶段核定,2026-09-24-attribution-v2
BJ-2026-SJS-ERMO-Q7,A,RE,B3,仅词典命中弱信号(精度约0.66-0.88)，不构成准入依据；本册是否可独立判断整个题肢、官方正误需模型/人工阶段核定,2026-09-24-attribution-v2
BJ-2026-SJS-ERMO-Q7,B,RE;X2,B3,仅词典命中弱信号(精度约0.66-0.88)，不构成准入依据；本册是否可独立判断整个题肢、官方正误需模型/人工阶段核定,2026-09-24-attribution-v2
BJ-2026-SJS-ERMO-Q7,C,MI;RE,B3,仅词典命中弱信号(精度约0.66-0.88)，不构成准入依据；本册是否可独立判断整个题肢、官方正误需模型/人工阶段核定,2026-09-24-attribution-v2
BJ-2026-SJS-ERMO-Q7,D,,B3,仅词典命中弱信号(精度约0.66-0.88)，不构成准入依据；本册是否可独立判断整个题肢、官方正误需模型/人工阶段核定,2026-09-24-attribution-v2
BJ-2026-SJS-ERMO-Q8,①,,B3,仅词典命中弱信号(精度约0.66-0.88)，不构成准入依据；本册是否可独立判断整个题肢、官方正误需模型/人工阶段核定,2026-09-24-attribution-v2
BJ-2026-SJS-ERMO-Q8,②,,B3,仅词典命中弱信号(精度约0.66-0.88)，不构成准入依据；本册是否可独立判断整个题肢、官方正误需模型/人工阶段核定,2026-09-24-attribution-v2
BJ-2026-SJS-ERMO-Q8,③,X2,B3,仅词典命中弱信号(精度约0.66-0.88)，不构成准入依据；本册是否可独立判断整个题肢、官方正误需模型/人工阶段核定,2026-09-24-attribution-v2
BJ-2026-SJS-ERMO-Q8,④,,B3,仅词典命中弱信号(精度约0.66-0.88)，不构成准入依据；本册是否可独立判断整个题肢、官方正误需模型/人工阶段核定,2026-09-24-attribution-v2
BJ-2026-SJS-ERMO-Q9,①,B1,B3,仅词典命中弱信号(精度约0.66-0.88)，不构成准入依据；本册是否可独立判断整个题肢、官方正误需模型/人工阶段核定,2026-09-24-attribution-v2
BJ-2026-SJS-ERMO-Q9,②,,B3,仅词典命中弱信号(精度约0.66-0.88)，不构成准入依据；本册是否可独立判断整个题肢、官方正误需模型/人工阶段核定,2026-09-24-attribution-v2
BJ-2026-SJS-ERMO-Q9,③,,B3,仅词典命中弱信号(精度约0.66-0.88)，不构成准入依据；本册是否可独立判断整个题肢、官方正误需模型/人工阶段核定,2026-09-24-attribution-v2
BJ-2026-SJS-ERMO-Q9,④,,B3,仅词典命中弱信号(精度约0.66-0.88)，不构成准入依据；本册是否可独立判断整个题肢、官方正误需模型/人工阶段核定,2026-09-24-attribution-v2
BJ-2026-SJS-ERMO-Q10,A,X2,X2,仅词典命中弱信号(精度约0.66-0.88)，不构成准入依据；本册是否可独立判断整个题肢、官方正误需模型/人工阶段核定,2026-09-24-attribution-v2
BJ-2026-SJS-ERMO-Q10,B,X2,X2,仅词典命中弱信号(精度约0.66-0.88)，不构成准入依据；本册是否可独立判断整个题肢、官方正误需模型/人工阶段核定,2026-09-24-attribution-v2
BJ-2026-SJS-ERMO-Q10,C,X2,X2,仅词典命中弱信号(精度约0.66-0.88)，不构成准入依据；本册是否可独立判断整个题肢、官方正误需模型/人工阶段核定,2026-09-24-attribution-v2
BJ-2026-SJS-ERMO-Q10,D,X2,X2,仅词典命中弱信号(精度约0.66-0.88)，不构成准入依据；本册是否可独立判断整个题肢、官方正误需模型/人工阶段核定,2026-09-24-attribution-v2
BJ-2026-SJS-ERMO-Q11,①,X2,X2,仅词典命中弱信号(精度约0.66-0.88)，不构成准入依据；本册是否可独立判断整个题肢、官方正误需模型/人工阶段核定,2026-09-24-attribution-v2
BJ-2026-SJS-ERMO-Q11,②,X2,X2,仅词典命中弱信号(精度约0.66-0.88)，不构成准入依据；本册是否可独立判断整个题肢、官方正误需模型/人工阶段核定,2026-09-24-attribution-v2
BJ-2026-SJS-ERMO-Q11,③,X2,X2,仅词典命中弱信号(精度约0.66-0.88)，不构成准入依据；本册是否可独立判断整个题肢、官方正误需模型/人工阶段核定,2026-09-24-attribution-v2
BJ-2026-SJS-ERMO-Q11,④,B2,X2,仅词典命中弱信号(精度约0.66-0.88)，不构成准入依据；本册是否可独立判断整个题肢、官方正误需模型/人工阶段核定,2026-09-24-attribution-v2
BJ-2026-SJS-ERMO-Q12,①,X2,B2,仅词典命中弱信号(精度约0.66-0.88)，不构成准入依据；本册是否可独立判断整个题肢、官方正误需模型/人工阶段核定,2026-09-24-attribution-v2
BJ-2026-SJS-ERMO-Q12,②,X2,B2,仅词典命中弱信号(精度约0.66-0.88)，不构成准入依据；本册是否可独立判断整个题肢、官方正误需模型/人工阶段核定,2026-09-24-attribution-v2
BJ-2026-SJS-ERMO-Q12,③,X2,B2,仅词典命中弱信号(精度约0.66-0.88)，不构成准入依据；本册是否可独立判断整个题肢、官方正误需模型/人工阶段核定,2026-09-24-attribution-v2
BJ-2026-SJS-ERMO-Q12,④,X2,B2,仅词典命中弱信号(精度约0.66-0.88)，不构成准入依据；本册是否可独立判断整个题肢、官方正误需模型/人工阶段核定,2026-09-24-attribution-v2
BJ-2026-SJS-ERMO-Q13,①,B2,B2,仅词典命中弱信号(精度约0.66-0.88)，不构成准入依据；本册是否可独立判断整个题肢、官方正误需模型/人工阶段核定,2026-09-24-attribution-v2
BJ-2026-SJS-ERMO-Q13,②,B2,B2,仅词典命中弱信号(精度约0.66-0.88)，不构成准入依据；本册是否可独立判断整个题肢、官方正误需模型/人工阶段核定,2026-09-24-attribution-v2
BJ-2026-SJS-ERMO-Q13,③,,B2,仅词典命中弱信号(精度约0.66-0.88)，不构成准入依据；本册是否可独立判断整个题肢、官方正误需模型/人工阶段核定,2026-09-24-attribution-v2
BJ-2026-SJS-ERMO-Q13,④,,B2,仅词典命中弱信号(精度约0.66-0.88)，不构成准入依据；本册是否可独立判断整个题肢、官方正误需模型/人工阶段核定,2026-09-24-attribution-v2
BJ-2026-SJS-ERMO-Q14,①,,X1,仅词典命中弱信号(精度约0.66-0.88)，不构成准入依据；本册是否可独立判断整个题肢、官方正误需模型/人工阶段核定,2026-09-24-attribution-v2
BJ-2026-SJS-ERMO-Q14,②,,X1,仅词典命中弱信号(精度约0.66-0.88)，不构成准入依据；本册是否可独立判断整个题肢、官方正误需模型/人工阶段核定,2026-09-24-attribution-v2
BJ-2026-SJS-ERMO-Q14,③,,X1,仅词典命中弱信号(精度约0.66-0.88)，不构成准入依据；本册是否可独立判断整个题肢、官方正误需模型/人工阶段核定,2026-09-24-attribution-v2
BJ-2026-SJS-ERMO-Q14,④,B2,X1,仅词典命中弱信号(精度约0.66-0.88)，不构成准入依据；本册是否可独立判断整个题肢、官方正误需模型/人工阶段核定,2026-09-24-attribution-v2
BJ-2026-SJS-ERMO-Q15,①,B2,X1,仅词典命中弱信号(精度约0.66-0.88)，不构成准入依据；本册是否可独立判断整个题肢、官方正误需模型/人工阶段核定,2026-09-24-attribution-v2
BJ-2026-SJS-ERMO-Q15,②,X1,X1,仅词典命中弱信号(精度约0.66-0.88)，不构成准入依据；本册是否可独立判断整个题肢、官方正误需模型/人工阶段核定,2026-09-24-attribution-v2
BJ-2026-SJS-ERMO-Q15,③,,X1,仅词典命中弱信号(精度约0.66-0.88)，不构成准入依据；本册是否可独立判断整个题肢、官方正误需模型/人工阶段核定,2026-09-24-attribution-v2
BJ-2026-SJS-ERMO-Q15,④,X1,X1,仅词典命中弱信号(精度约0.66-0.88)，不构成准入依据；本册是否可独立判断整个题肢、官方正误需模型/人工阶段核定,2026-09-24-attribution-v2
BJ-2026-XC-ERMO-Q1,①,,B3,仅词典命中弱信号(精度约0.66-0.88)，不构成准入依据；本册是否可独立判断整个题肢、官方正误需模型/人工阶段核定,2026-09-24-attribution-v2
BJ-2026-XC-ERMO-Q1,②,B2,B3,仅词典命中弱信号(精度约0.66-0.88)，不构成准入依据；本册是否可独立判断整个题肢、官方正误需模型/人工阶段核定,2026-09-24-attribution-v2
BJ-2026-XC-ERMO-Q1,③,B2;CU,B3,仅词典命中弱信号(精度约0.66-0.88)，不构成准入依据；本册是否可独立判断整个题肢、官方正误需模型/人工阶段核定,2026-09-24-attribution-v2
BJ-2026-XC-ERMO-Q1,④,B2,B3,仅词典命中弱信号(精度约0.66-0.88)，不构成准入依据；本册是否可独立判断整个题肢、官方正误需模型/人工阶段核定,2026-09-24-attribution-v2
BJ-2026-XC-ERMO-Q2,A,CU,CU,仅词典命中弱信号(精度约0.66-0.88)，不构成准入依据；本册是否可独立判断整个题肢、官方正误需模型/人工阶段核定,2026-09-24-attribution-v2
BJ-2026-XC-ERMO-Q2,B,CU,CU,仅词典命中弱信号(精度约0.66-0.88)，不构成准入依据；本册是否可独立判断整个题肢、官方正误需模型/人工阶段核定,2026-09-24-attribution-v2
BJ-2026-XC-ERMO-Q2,C,,CU,仅词典命中弱信号(精度约0.66-0.88)，不构成准入依据；本册是否可独立判断整个题肢、官方正误需模型/人工阶段核定,2026-09-24-attribution-v2
BJ-2026-XC-ERMO-Q2,D,PH,CU,仅词典命中弱信号(精度约0.66-0.88)，不构成准入依据；本册是否可独立判断整个题肢、官方正误需模型/人工阶段核定,2026-09-24-attribution-v2
BJ-2026-XC-ERMO-Q3,①,,PH,仅词典命中弱信号(精度约0.66-0.88)，不构成准入依据；本册是否可独立判断整个题肢、官方正误需模型/人工阶段核定,2026-09-24-attribution-v2
BJ-2026-XC-ERMO-Q3,②,,PH,仅词典命中弱信号(精度约0.66-0.88)，不构成准入依据；本册是否可独立判断整个题肢、官方正误需模型/人工阶段核定,2026-09-24-attribution-v2
BJ-2026-XC-ERMO-Q3,③,B2,PH,仅词典命中弱信号(精度约0.66-0.88)，不构成准入依据；本册是否可独立判断整个题肢、官方正误需模型/人工阶段核定,2026-09-24-attribution-v2
BJ-2026-XC-ERMO-Q3,④,PH,PH,仅词典命中弱信号(精度约0.66-0.88)，不构成准入依据；本册是否可独立判断整个题肢、官方正误需模型/人工阶段核定,2026-09-24-attribution-v2
BJ-2026-XC-ERMO-Q4,A,PH,PH,仅词典命中弱信号(精度约0.66-0.88)，不构成准入依据；本册是否可独立判断整个题肢、官方正误需模型/人工阶段核定,2026-09-24-attribution-v2
BJ-2026-XC-ERMO-Q4,B,,PH,仅词典命中弱信号(精度约0.66-0.88)，不构成准入依据；本册是否可独立判断整个题肢、官方正误需模型/人工阶段核定,2026-09-24-attribution-v2
BJ-2026-XC-ERMO-Q4,C,,PH,仅词典命中弱信号(精度约0.66-0.88)，不构成准入依据；本册是否可独立判断整个题肢、官方正误需模型/人工阶段核定,2026-09-24-attribution-v2
BJ-2026-XC-ERMO-Q4,D,PH,PH,仅词典命中弱信号(精度约0.66-0.88)，不构成准入依据；本册是否可独立判断整个题肢、官方正误需模型/人工阶段核定,2026-09-24-attribution-v2
BJ-2026-XC-ERMO-Q5,A,,PH,仅词典命中弱信号(精度约0.66-0.88)，不构成准入依据；本册是否可独立判断整个题肢、官方正误需模型/人工阶段核定,2026-09-24-attribution-v2
BJ-2026-XC-ERMO-Q5,B,,PH,仅词典命中弱信号(精度约0.66-0.88)，不构成准入依据；本册是否可独立判断整个题肢、官方正误需模型/人工阶段核定,2026-09-24-attribution-v2
BJ-2026-XC-ERMO-Q5,C,,PH,仅词典命中弱信号(精度约0.66-0.88)，不构成准入依据；本册是否可独立判断整个题肢、官方正误需模型/人工阶段核定,2026-09-24-attribution-v2
BJ-2026-XC-ERMO-Q5,D,,PH,仅词典命中弱信号(精度约0.66-0.88)，不构成准入依据；本册是否可独立判断整个题肢、官方正误需模型/人工阶段核定,2026-09-24-attribution-v2
BJ-2026-XC-ERMO-Q6,①,B2,RE,仅词典命中弱信号(精度约0.66-0.88)，不构成准入依据；本册是否可独立判断整个题肢、官方正误需模型/人工阶段核定,2026-09-24-attribution-v2
BJ-2026-XC-ERMO-Q6,②,MI,RE,仅词典命中弱信号(精度约0.66-0.88)，不构成准入依据；本册是否可独立判断整个题肢、官方正误需模型/人工阶段核定,2026-09-24-attribution-v2
BJ-2026-XC-ERMO-Q6,③,,RE,仅词典命中弱信号(精度约0.66-0.88)，不构成准入依据；本册是否可独立判断整个题肢、官方正误需模型/人工阶段核定,2026-09-24-attribution-v2
BJ-2026-XC-ERMO-Q6,④,,RE,仅词典命中弱信号(精度约0.66-0.88)，不构成准入依据；本册是否可独立判断整个题肢、官方正误需模型/人工阶段核定,2026-09-24-attribution-v2
BJ-2026-XC-ERMO-Q7,A,,RE,仅词典命中弱信号(精度约0.66-0.88)，不构成准入依据；本册是否可独立判断整个题肢、官方正误需模型/人工阶段核定,2026-09-24-attribution-v2
BJ-2026-XC-ERMO-Q7,B,B3,RE,仅词典命中弱信号(精度约0.66-0.88)，不构成准入依据；本册是否可独立判断整个题肢、官方正误需模型/人工阶段核定,2026-09-24-attribution-v2
BJ-2026-XC-ERMO-Q7,C,,RE,仅词典命中弱信号(精度约0.66-0.88)，不构成准入依据；本册是否可独立判断整个题肢、官方正误需模型/人工阶段核定,2026-09-24-attribution-v2
BJ-2026-XC-ERMO-Q7,D,,RE,仅词典命中弱信号(精度约0.66-0.88)，不构成准入依据；本册是否可独立判断整个题肢、官方正误需模型/人工阶段核定,2026-09-24-attribution-v2
BJ-2026-XC-ERMO-Q8,①,B3,B3,仅词典命中弱信号(精度约0.66-0.88)，不构成准入依据；本册是否可独立判断整个题肢、官方正误需模型/人工阶段核定,2026-09-24-attribution-v2
BJ-2026-XC-ERMO-Q8,②,B3,B3,仅词典命中弱信号(精度约0.66-0.88)，不构成准入依据；本册是否可独立判断整个题肢、官方正误需模型/人工阶段核定,2026-09-24-attribution-v2
BJ-2026-XC-ERMO-Q8,③,,B3,仅词典命中弱信号(精度约0.66-0.88)，不构成准入依据；本册是否可独立判断整个题肢、官方正误需模型/人工阶段核定,2026-09-24-attribution-v2
BJ-2026-XC-ERMO-Q8,④,B3;X2,B3,仅词典命中弱信号(精度约0.66-0.88)，不构成准入依据；本册是否可独立判断整个题肢、官方正误需模型/人工阶段核定,2026-09-24-attribution-v2
BJ-2026-XC-ERMO-Q9,①,,B3,仅词典命中弱信号(精度约0.66-0.88)，不构成准入依据；本册是否可独立判断整个题肢、官方正误需模型/人工阶段核定,2026-09-24-attribution-v2
BJ-2026-XC-ERMO-Q9,②,B2;X2,B3,仅词典命中弱信号(精度约0.66-0.88)，不构成准入依据；本册是否可独立判断整个题肢、官方正误需模型/人工阶段核定,2026-09-24-attribution-v2
BJ-2026-XC-ERMO-Q9,③,,B3,仅词典命中弱信号(精度约0.66-0.88)，不构成准入依据；本册是否可独立判断整个题肢、官方正误需模型/人工阶段核定,2026-09-24-attribution-v2
BJ-2026-XC-ERMO-Q9,④,X2,B3,仅词典命中弱信号(精度约0.66-0.88)，不构成准入依据；本册是否可独立判断整个题肢、官方正误需模型/人工阶段核定,2026-09-24-attribution-v2
BJ-2026-XC-ERMO-Q10,A,X2,X2,仅词典命中弱信号(精度约0.66-0.88)，不构成准入依据；本册是否可独立判断整个题肢、官方正误需模型/人工阶段核定,2026-09-24-attribution-v2
BJ-2026-XC-ERMO-Q10,B,X2,X2,仅词典命中弱信号(精度约0.66-0.88)，不构成准入依据；本册是否可独立判断整个题肢、官方正误需模型/人工阶段核定,2026-09-24-attribution-v2
BJ-2026-XC-ERMO-Q10,C,X2,X2,仅词典命中弱信号(精度约0.66-0.88)，不构成准入依据；本册是否可独立判断整个题肢、官方正误需模型/人工阶段核定,2026-09-24-attribution-v2
BJ-2026-XC-ERMO-Q10,D,X2,X2,仅词典命中弱信号(精度约0.66-0.88)，不构成准入依据；本册是否可独立判断整个题肢、官方正误需模型/人工阶段核定,2026-09-24-attribution-v2
BJ-2026-XC-ERMO-Q11,①,X2,X2,仅词典命中弱信号(精度约0.66-0.88)，不构成准入依据；本册是否可独立判断整个题肢、官方正误需模型/人工阶段核定,2026-09-24-attribution-v2
BJ-2026-XC-ERMO-Q11,②,X2,X2,仅词典命中弱信号(精度约0.66-0.88)，不构成准入依据；本册是否可独立判断整个题肢、官方正误需模型/人工阶段核定,2026-09-24-attribution-v2
BJ-2026-XC-ERMO-Q11,③,X2,X2,仅词典命中弱信号(精度约0.66-0.88)，不构成准入依据；本册是否可独立判断整个题肢、官方正误需模型/人工阶段核定,2026-09-24-attribution-v2
BJ-2026-XC-ERMO-Q11,④,X2,X2,仅词典命中弱信号(精度约0.66-0.88)，不构成准入依据；本册是否可独立判断整个题肢、官方正误需模型/人工阶段核定,2026-09-24-attribution-v2
BJ-2026-XC-ERMO-Q12,①,,B2,仅词典命中弱信号(精度约0.66-0.88)，不构成准入依据；本册是否可独立判断整个题肢、官方正误需模型/人工阶段核定,2026-09-24-attribution-v2
BJ-2026-XC-ERMO-Q12,②,B2,B2,仅词典命中弱信号(精度约0.66-0.88)，不构成准入依据；本册是否可独立判断整个题肢、官方正误需模型/人工阶段核定,2026-09-24-attribution-v2
BJ-2026-XC-ERMO-Q12,③,,B2,仅词典命中弱信号(精度约0.66-0.88)，不构成准入依据；本册是否可独立判断整个题肢、官方正误需模型/人工阶段核定,2026-09-24-attribution-v2
BJ-2026-XC-ERMO-Q12,④,B2,B2,仅词典命中弱信号(精度约0.66-0.88)，不构成准入依据；本册是否可独立判断整个题肢、官方正误需模型/人工阶段核定,2026-09-24-attribution-v2
BJ-2026-XC-ERMO-Q13,①,,B2,仅词典命中弱信号(精度约0.66-0.88)，不构成准入依据；本册是否可独立判断整个题肢、官方正误需模型/人工阶段核定,2026-09-24-attribution-v2
BJ-2026-XC-ERMO-Q13,②,B2,B2,仅词典命中弱信号(精度约0.66-0.88)，不构成准入依据；本册是否可独立判断整个题肢、官方正误需模型/人工阶段核定,2026-09-24-attribution-v2
BJ-2026-XC-ERMO-Q13,③,,B2,仅词典命中弱信号(精度约0.66-0.88)，不构成准入依据；本册是否可独立判断整个题肢、官方正误需模型/人工阶段核定,2026-09-24-attribution-v2
BJ-2026-XC-ERMO-Q13,④,B2,B2,仅词典命中弱信号(精度约0.66-0.88)，不构成准入依据；本册是否可独立判断整个题肢、官方正误需模型/人工阶段核定,2026-09-24-attribution-v2
BJ-2026-XC-ERMO-Q14,①,,X1,仅词典命中弱信号(精度约0.66-0.88)，不构成准入依据；本册是否可独立判断整个题肢、官方正误需模型/人工阶段核定,2026-09-24-attribution-v2
BJ-2026-XC-ERMO-Q14,②,,X1,仅词典命中弱信号(精度约0.66-0.88)，不构成准入依据；本册是否可独立判断整个题肢、官方正误需模型/人工阶段核定,2026-09-24-attribution-v2
BJ-2026-XC-ERMO-Q14,③,,X1,仅词典命中弱信号(精度约0.66-0.88)，不构成准入依据；本册是否可独立判断整个题肢、官方正误需模型/人工阶段核定,2026-09-24-attribution-v2
BJ-2026-XC-ERMO-Q14,④,B2,X1,仅词典命中弱信号(精度约0.66-0.88)，不构成准入依据；本册是否可独立判断整个题肢、官方正误需模型/人工阶段核定,2026-09-24-attribution-v2
BJ-2026-XC-ERMO-Q15,①,X1,X1,仅词典命中弱信号(精度约0.66-0.88)，不构成准入依据；本册是否可独立判断整个题肢、官方正误需模型/人工阶段核定,2026-09-24-attribution-v2
BJ-2026-XC-ERMO-Q15,②,,X1,仅词典命中弱信号(精度约0.66-0.88)，不构成准入依据；本册是否可独立判断整个题肢、官方正误需模型/人工阶段核定,2026-09-24-attribution-v2
BJ-2026-XC-ERMO-Q15,③,,X1,仅词典命中弱信号(精度约0.66-0.88)，不构成准入依据；本册是否可独立判断整个题肢、官方正误需模型/人工阶段核定,2026-09-24-attribution-v2
BJ-2026-XC-ERMO-Q15,④,,X1,仅词典命中弱信号(精度约0.66-0.88)，不构成准入依据；本册是否可独立判断整个题肢、官方正误需模型/人工阶段核定,2026-09-24-attribution-v2
BJ-2026-SY-ERMO-Q1,①,,B3,仅词典命中弱信号(精度约0.66-0.88)，不构成准入依据；本册是否可独立判断整个题肢、官方正误需模型/人工阶段核定,2026-09-24-attribution-v2
BJ-2026-SY-ERMO-Q1,②,,B3,仅词典命中弱信号(精度约0.66-0.88)，不构成准入依据；本册是否可独立判断整个题肢、官方正误需模型/人工阶段核定,2026-09-24-attribution-v2
BJ-2026-SY-ERMO-Q1,③,,B3,仅词典命中弱信号(精度约0.66-0.88)，不构成准入依据；本册是否可独立判断整个题肢、官方正误需模型/人工阶段核定,2026-09-24-attribution-v2
BJ-2026-SY-ERMO-Q1,④,B1,B3,仅词典命中弱信号(精度约0.66-0.88)，不构成准入依据；本册是否可独立判断整个题肢、官方正误需模型/人工阶段核定,2026-09-24-attribution-v2
BJ-2026-SY-ERMO-Q2,A,,CU,仅词典命中弱信号(精度约0.66-0.88)，不构成准入依据；本册是否可独立判断整个题肢、官方正误需模型/人工阶段核定,2026-09-24-attribution-v2
BJ-2026-SY-ERMO-Q2,B,CU,CU,仅词典命中弱信号(精度约0.66-0.88)，不构成准入依据；本册是否可独立判断整个题肢、官方正误需模型/人工阶段核定,2026-09-24-attribution-v2
BJ-2026-SY-ERMO-Q2,C,,CU,仅词典命中弱信号(精度约0.66-0.88)，不构成准入依据；本册是否可独立判断整个题肢、官方正误需模型/人工阶段核定,2026-09-24-attribution-v2
BJ-2026-SY-ERMO-Q2,D,CU,CU,仅词典命中弱信号(精度约0.66-0.88)，不构成准入依据；本册是否可独立判断整个题肢、官方正误需模型/人工阶段核定,2026-09-24-attribution-v2
BJ-2026-SY-ERMO-Q3,A,,PH,仅词典命中弱信号(精度约0.66-0.88)，不构成准入依据；本册是否可独立判断整个题肢、官方正误需模型/人工阶段核定,2026-09-24-attribution-v2
BJ-2026-SY-ERMO-Q3,B,,PH,仅词典命中弱信号(精度约0.66-0.88)，不构成准入依据；本册是否可独立判断整个题肢、官方正误需模型/人工阶段核定,2026-09-24-attribution-v2
BJ-2026-SY-ERMO-Q3,C,PH,PH,仅词典命中弱信号(精度约0.66-0.88)，不构成准入依据；本册是否可独立判断整个题肢、官方正误需模型/人工阶段核定,2026-09-24-attribution-v2
BJ-2026-SY-ERMO-Q3,D,MI,PH,仅词典命中弱信号(精度约0.66-0.88)，不构成准入依据；本册是否可独立判断整个题肢、官方正误需模型/人工阶段核定,2026-09-24-attribution-v2
BJ-2026-SY-ERMO-Q4,A,,PH,仅词典命中弱信号(精度约0.66-0.88)，不构成准入依据；本册是否可独立判断整个题肢、官方正误需模型/人工阶段核定,2026-09-24-attribution-v2
BJ-2026-SY-ERMO-Q4,B,RE,PH,仅词典命中弱信号(精度约0.66-0.88)，不构成准入依据；本册是否可独立判断整个题肢、官方正误需模型/人工阶段核定,2026-09-24-attribution-v2
BJ-2026-SY-ERMO-Q4,C,RE,PH,仅词典命中弱信号(精度约0.66-0.88)，不构成准入依据；本册是否可独立判断整个题肢、官方正误需模型/人工阶段核定,2026-09-24-attribution-v2
BJ-2026-SY-ERMO-Q4,D,RE,PH,仅词典命中弱信号(精度约0.66-0.88)，不构成准入依据；本册是否可独立判断整个题肢、官方正误需模型/人工阶段核定,2026-09-24-attribution-v2
BJ-2026-SY-ERMO-Q5,A,,PH,仅词典命中弱信号(精度约0.66-0.88)，不构成准入依据；本册是否可独立判断整个题肢、官方正误需模型/人工阶段核定,2026-09-24-attribution-v2
BJ-2026-SY-ERMO-Q5,B,,PH,仅词典命中弱信号(精度约0.66-0.88)，不构成准入依据；本册是否可独立判断整个题肢、官方正误需模型/人工阶段核定,2026-09-24-attribution-v2
BJ-2026-SY-ERMO-Q5,C,RE,PH,仅词典命中弱信号(精度约0.66-0.88)，不构成准入依据；本册是否可独立判断整个题肢、官方正误需模型/人工阶段核定,2026-09-24-attribution-v2
BJ-2026-SY-ERMO-Q5,D,,PH,仅词典命中弱信号(精度约0.66-0.88)，不构成准入依据；本册是否可独立判断整个题肢、官方正误需模型/人工阶段核定,2026-09-24-attribution-v2
BJ-2026-SY-ERMO-Q6,A,,RE,仅词典命中弱信号(精度约0.66-0.88)，不构成准入依据；本册是否可独立判断整个题肢、官方正误需模型/人工阶段核定,2026-09-24-attribution-v2
BJ-2026-SY-ERMO-Q6,B,B2;RE,RE,仅词典命中弱信号(精度约0.66-0.88)，不构成准入依据；本册是否可独立判断整个题肢、官方正误需模型/人工阶段核定,2026-09-24-attribution-v2
BJ-2026-SY-ERMO-Q6,C,PH,RE,仅词典命中弱信号(精度约0.66-0.88)，不构成准入依据；本册是否可独立判断整个题肢、官方正误需模型/人工阶段核定,2026-09-24-attribution-v2
BJ-2026-SY-ERMO-Q6,D,B2;PH,RE,仅词典命中弱信号(精度约0.66-0.88)，不构成准入依据；本册是否可独立判断整个题肢、官方正误需模型/人工阶段核定,2026-09-24-attribution-v2
BJ-2026-SY-ERMO-Q7,①,,RE,仅词典命中弱信号(精度约0.66-0.88)，不构成准入依据；本册是否可独立判断整个题肢、官方正误需模型/人工阶段核定,2026-09-24-attribution-v2
BJ-2026-SY-ERMO-Q7,②,,RE,仅词典命中弱信号(精度约0.66-0.88)，不构成准入依据；本册是否可独立判断整个题肢、官方正误需模型/人工阶段核定,2026-09-24-attribution-v2
BJ-2026-SY-ERMO-Q7,③,,RE,仅词典命中弱信号(精度约0.66-0.88)，不构成准入依据；本册是否可独立判断整个题肢、官方正误需模型/人工阶段核定,2026-09-24-attribution-v2
BJ-2026-SY-ERMO-Q7,④,,RE,仅词典命中弱信号(精度约0.66-0.88)，不构成准入依据；本册是否可独立判断整个题肢、官方正误需模型/人工阶段核定,2026-09-24-attribution-v2
BJ-2026-SY-ERMO-Q8,①,CU,B3,仅词典命中弱信号(精度约0.66-0.88)，不构成准入依据；本册是否可独立判断整个题肢、官方正误需模型/人工阶段核定,2026-09-24-attribution-v2
BJ-2026-SY-ERMO-Q8,②,,B3,仅词典命中弱信号(精度约0.66-0.88)，不构成准入依据；本册是否可独立判断整个题肢、官方正误需模型/人工阶段核定,2026-09-24-attribution-v2
BJ-2026-SY-ERMO-Q8,③,B3,B3,仅词典命中弱信号(精度约0.66-0.88)，不构成准入依据；本册是否可独立判断整个题肢、官方正误需模型/人工阶段核定,2026-09-24-attribution-v2
BJ-2026-SY-ERMO-Q8,④,B3,B3,仅词典命中弱信号(精度约0.66-0.88)，不构成准入依据；本册是否可独立判断整个题肢、官方正误需模型/人工阶段核定,2026-09-24-attribution-v2
BJ-2026-SY-ERMO-Q9,①,B3;PH;X1,B3,仅词典命中弱信号(精度约0.66-0.88)，不构成准入依据；本册是否可独立判断整个题肢、官方正误需模型/人工阶段核定,2026-09-24-attribution-v2
BJ-2026-SY-ERMO-Q9,②,B3;X1,B3,仅词典命中弱信号(精度约0.66-0.88)，不构成准入依据；本册是否可独立判断整个题肢、官方正误需模型/人工阶段核定,2026-09-24-attribution-v2
BJ-2026-SY-ERMO-Q9,③,,B3,仅词典命中弱信号(精度约0.66-0.88)，不构成准入依据；本册是否可独立判断整个题肢、官方正误需模型/人工阶段核定,2026-09-24-attribution-v2
BJ-2026-SY-ERMO-Q9,④,,B3,仅词典命中弱信号(精度约0.66-0.88)，不构成准入依据；本册是否可独立判断整个题肢、官方正误需模型/人工阶段核定,2026-09-24-attribution-v2
BJ-2026-SY-ERMO-Q10,①,B3,X2,仅词典命中弱信号(精度约0.66-0.88)，不构成准入依据；本册是否可独立判断整个题肢、官方正误需模型/人工阶段核定,2026-09-24-attribution-v2
BJ-2026-SY-ERMO-Q10,②,,X2,仅词典命中弱信号(精度约0.66-0.88)，不构成准入依据；本册是否可独立判断整个题肢、官方正误需模型/人工阶段核定,2026-09-24-attribution-v2
BJ-2026-SY-ERMO-Q10,③,X2,X2,仅词典命中弱信号(精度约0.66-0.88)，不构成准入依据；本册是否可独立判断整个题肢、官方正误需模型/人工阶段核定,2026-09-24-attribution-v2
BJ-2026-SY-ERMO-Q10,④,X2,X2,仅词典命中弱信号(精度约0.66-0.88)，不构成准入依据；本册是否可独立判断整个题肢、官方正误需模型/人工阶段核定,2026-09-24-attribution-v2
BJ-2026-SY-ERMO-Q11,①,X2,X2,仅词典命中弱信号(精度约0.66-0.88)，不构成准入依据；本册是否可独立判断整个题肢、官方正误需模型/人工阶段核定,2026-09-24-attribution-v2
BJ-2026-SY-ERMO-Q11,②,,X2,仅词典命中弱信号(精度约0.66-0.88)，不构成准入依据；本册是否可独立判断整个题肢、官方正误需模型/人工阶段核定,2026-09-24-attribution-v2
BJ-2026-SY-ERMO-Q11,③,X2,X2,仅词典命中弱信号(精度约0.66-0.88)，不构成准入依据；本册是否可独立判断整个题肢、官方正误需模型/人工阶段核定,2026-09-24-attribution-v2
BJ-2026-SY-ERMO-Q11,④,,X2,仅词典命中弱信号(精度约0.66-0.88)，不构成准入依据；本册是否可独立判断整个题肢、官方正误需模型/人工阶段核定,2026-09-24-attribution-v2
BJ-2026-SY-ERMO-Q12,A,B2,B2,仅词典命中弱信号(精度约0.66-0.88)，不构成准入依据；本册是否可独立判断整个题肢、官方正误需模型/人工阶段核定,2026-09-24-attribution-v2
BJ-2026-SY-ERMO-Q12,B,B2,B2,仅词典命中弱信号(精度约0.66-0.88)，不构成准入依据；本册是否可独立判断整个题肢、官方正误需模型/人工阶段核定,2026-09-24-attribution-v2
BJ-2026-SY-ERMO-Q12,C,,B2,仅词典命中弱信号(精度约0.66-0.88)，不构成准入依据；本册是否可独立判断整个题肢、官方正误需模型/人工阶段核定,2026-09-24-attribution-v2
BJ-2026-SY-ERMO-Q12,D,B2,B2,仅词典命中弱信号(精度约0.66-0.88)，不构成准入依据；本册是否可独立判断整个题肢、官方正误需模型/人工阶段核定,2026-09-24-attribution-v2
BJ-2026-SY-ERMO-Q13,①,B2,B2,仅词典命中弱信号(精度约0.66-0.88)，不构成准入依据；本册是否可独立判断整个题肢、官方正误需模型/人工阶段核定,2026-09-24-attribution-v2
BJ-2026-SY-ERMO-Q13,②,,B2,仅词典命中弱信号(精度约0.66-0.88)，不构成准入依据；本册是否可独立判断整个题肢、官方正误需模型/人工阶段核定,2026-09-24-attribution-v2
BJ-2026-SY-ERMO-Q13,③,B2,B2,仅词典命中弱信号(精度约0.66-0.88)，不构成准入依据；本册是否可独立判断整个题肢、官方正误需模型/人工阶段核定,2026-09-24-attribution-v2
BJ-2026-SY-ERMO-Q13,④,B2,B2,仅词典命中弱信号(精度约0.66-0.88)，不构成准入依据；本册是否可独立判断整个题肢、官方正误需模型/人工阶段核定,2026-09-24-attribution-v2
BJ-2026-SY-ERMO-Q14,①,,X1,仅词典命中弱信号(精度约0.66-0.88)，不构成准入依据；本册是否可独立判断整个题肢、官方正误需模型/人工阶段核定,2026-09-24-attribution-v2
BJ-2026-SY-ERMO-Q14,②,B2;X1,X1,仅词典命中弱信号(精度约0.66-0.88)，不构成准入依据；本册是否可独立判断整个题肢、官方正误需模型/人工阶段核定,2026-09-24-attribution-v2
BJ-2026-SY-ERMO-Q14,③,,X1,仅词典命中弱信号(精度约0.66-0.88)，不构成准入依据；本册是否可独立判断整个题肢、官方正误需模型/人工阶段核定,2026-09-24-attribution-v2
BJ-2026-SY-ERMO-Q14,④,X1,X1,仅词典命中弱信号(精度约0.66-0.88)，不构成准入依据；本册是否可独立判断整个题肢、官方正误需模型/人工阶段核定,2026-09-24-attribution-v2
BJ-2026-SY-ERMO-Q15,①,,X1,仅词典命中弱信号(精度约0.66-0.88)，不构成准入依据；本册是否可独立判断整个题肢、官方正误需模型/人工阶段核定,2026-09-24-attribution-v2
BJ-2026-SY-ERMO-Q15,②,X1,X1,仅词典命中弱信号(精度约0.66-0.88)，不构成准入依据；本册是否可独立判断整个题肢、官方正误需模型/人工阶段核定,2026-09-24-attribution-v2
BJ-2026-SY-ERMO-Q15,③,X1,X1,仅词典命中弱信号(精度约0.66-0.88)，不构成准入依据；本册是否可独立判断整个题肢、官方正误需模型/人工阶段核定,2026-09-24-attribution-v2
BJ-2026-SY-ERMO-Q15,④,B2,X1,仅词典命中弱信号(精度约0.66-0.88)，不构成准入依据；本册是否可独立判断整个题肢、官方正误需模型/人工阶段核定,2026-09-24-attribution-v2
BJ-2026-DC-QIMO-Q1,①,,B3,仅词典命中弱信号(精度约0.66-0.88)，不构成准入依据；本册是否可独立判断整个题肢、官方正误需模型/人工阶段核定,2026-09-24-attribution-v2
BJ-2026-DC-QIMO-Q1,②,,B3,仅词典命中弱信号(精度约0.66-0.88)，不构成准入依据；本册是否可独立判断整个题肢、官方正误需模型/人工阶段核定,2026-09-24-attribution-v2
BJ-2026-DC-QIMO-Q1,③,B2,B3,仅词典命中弱信号(精度约0.66-0.88)，不构成准入依据；本册是否可独立判断整个题肢、官方正误需模型/人工阶段核定,2026-09-24-attribution-v2
BJ-2026-DC-QIMO-Q1,④,,B3,仅词典命中弱信号(精度约0.66-0.88)，不构成准入依据；本册是否可独立判断整个题肢、官方正误需模型/人工阶段核定,2026-09-24-attribution-v2
BJ-2026-DC-QIMO-Q7,A,X1,B3,仅词典命中弱信号(精度约0.66-0.88)，不构成准入依据；本册是否可独立判断整个题肢、官方正误需模型/人工阶段核定,2026-09-24-attribution-v2
BJ-2026-DC-QIMO-Q7,B,X1,B3,仅词典命中弱信号(精度约0.66-0.88)，不构成准入依据；本册是否可独立判断整个题肢、官方正误需模型/人工阶段核定,2026-09-24-attribution-v2
BJ-2026-DC-QIMO-Q7,C,,B3,仅词典命中弱信号(精度约0.66-0.88)，不构成准入依据；本册是否可独立判断整个题肢、官方正误需模型/人工阶段核定,2026-09-24-attribution-v2
BJ-2026-DC-QIMO-Q7,D,,B3,仅词典命中弱信号(精度约0.66-0.88)，不构成准入依据；本册是否可独立判断整个题肢、官方正误需模型/人工阶段核定,2026-09-24-attribution-v2
BJ-2026-DC-QIMO-Q8,A,,B3,仅词典命中弱信号(精度约0.66-0.88)，不构成准入依据；本册是否可独立判断整个题肢、官方正误需模型/人工阶段核定,2026-09-24-attribution-v2
BJ-2026-DC-QIMO-Q8,B,B3,B3,仅词典命中弱信号(精度约0.66-0.88)，不构成准入依据；本册是否可独立判断整个题肢、官方正误需模型/人工阶段核定,2026-09-24-attribution-v2
BJ-2026-DC-QIMO-Q8,C,B3,B3,仅词典命中弱信号(精度约0.66-0.88)，不构成准入依据；本册是否可独立判断整个题肢、官方正误需模型/人工阶段核定,2026-09-24-attribution-v2
BJ-2026-DC-QIMO-Q8,D,PH,B3,仅词典命中弱信号(精度约0.66-0.88)，不构成准入依据；本册是否可独立判断整个题肢、官方正误需模型/人工阶段核定,2026-09-24-attribution-v2
BJ-2026-DC-QIMO-Q9,①,B3;X1,B3,仅词典命中弱信号(精度约0.66-0.88)，不构成准入依据；本册是否可独立判断整个题肢、官方正误需模型/人工阶段核定,2026-09-24-attribution-v2
BJ-2026-DC-QIMO-Q9,②,,B3,仅词典命中弱信号(精度约0.66-0.88)，不构成准入依据；本册是否可独立判断整个题肢、官方正误需模型/人工阶段核定,2026-09-24-attribution-v2
BJ-2026-DC-QIMO-Q9,③,B3,B3,仅词典命中弱信号(精度约0.66-0.88)，不构成准入依据；本册是否可独立判断整个题肢、官方正误需模型/人工阶段核定,2026-09-24-attribution-v2
BJ-2026-DC-QIMO-Q9,④,,B3,仅词典命中弱信号(精度约0.66-0.88)，不构成准入依据；本册是否可独立判断整个题肢、官方正误需模型/人工阶段核定,2026-09-24-attribution-v2
BJ-2026-DC-QIMO-Q11,A,X2,B3,仅词典命中弱信号(精度约0.66-0.88)，不构成准入依据；本册是否可独立判断整个题肢、官方正误需模型/人工阶段核定,2026-09-24-attribution-v2
BJ-2026-DC-QIMO-Q11,B,,B3,仅词典命中弱信号(精度约0.66-0.88)，不构成准入依据；本册是否可独立判断整个题肢、官方正误需模型/人工阶段核定,2026-09-24-attribution-v2
BJ-2026-DC-QIMO-Q11,C,X2,B3,仅词典命中弱信号(精度约0.66-0.88)，不构成准入依据；本册是否可独立判断整个题肢、官方正误需模型/人工阶段核定,2026-09-24-attribution-v2
BJ-2026-DC-QIMO-Q11,D,,B3,仅词典命中弱信号(精度约0.66-0.88)，不构成准入依据；本册是否可独立判断整个题肢、官方正误需模型/人工阶段核定,2026-09-24-attribution-v2
BJ-2026-DC-QIMO-Q12,①,B2,B2,仅词典命中弱信号(精度约0.66-0.88)，不构成准入依据；本册是否可独立判断整个题肢、官方正误需模型/人工阶段核定,2026-09-24-attribution-v2
BJ-2026-DC-QIMO-Q12,②,,B2,仅词典命中弱信号(精度约0.66-0.88)，不构成准入依据；本册是否可独立判断整个题肢、官方正误需模型/人工阶段核定,2026-09-24-attribution-v2
BJ-2026-DC-QIMO-Q12,③,B2,B2,仅词典命中弱信号(精度约0.66-0.88)，不构成准入依据；本册是否可独立判断整个题肢、官方正误需模型/人工阶段核定,2026-09-24-attribution-v2
BJ-2026-DC-QIMO-Q12,④,B2;X2,B2,仅词典命中弱信号(精度约0.66-0.88)，不构成准入依据；本册是否可独立判断整个题肢、官方正误需模型/人工阶段核定,2026-09-24-attribution-v2
BJ-2026-DC-QIMO-Q14,A,,B2,仅词典命中弱信号(精度约0.66-0.88)，不构成准入依据；本册是否可独立判断整个题肢、官方正误需模型/人工阶段核定,2026-09-24-attribution-v2
BJ-2026-DC-QIMO-Q14,B,B2,B2,仅词典命中弱信号(精度约0.66-0.88)，不构成准入依据；本册是否可独立判断整个题肢、官方正误需模型/人工阶段核定,2026-09-24-attribution-v2
BJ-2026-DC-QIMO-Q14,C,,B2,仅词典命中弱信号(精度约0.66-0.88)，不构成准入依据；本册是否可独立判断整个题肢、官方正误需模型/人工阶段核定,2026-09-24-attribution-v2
BJ-2026-DC-QIMO-Q14,D,,B2,仅词典命中弱信号(精度约0.66-0.88)，不构成准入依据；本册是否可独立判断整个题肢、官方正误需模型/人工阶段核定,2026-09-24-attribution-v2
BJ-2026-DC-QIMO-Q15,①,,X1,仅词典命中弱信号(精度约0.66-0.88)，不构成准入依据；本册是否可独立判断整个题肢、官方正误需模型/人工阶段核定,2026-09-24-attribution-v2
BJ-2026-DC-QIMO-Q15,②,B2,X1,仅词典命中弱信号(精度约0.66-0.88)，不构成准入依据；本册是否可独立判断整个题肢、官方正误需模型/人工阶段核定,2026-09-24-attribution-v2
BJ-2026-DC-QIMO-Q15,③,B2,X1,仅词典命中弱信号(精度约0.66-0.88)，不构成准入依据；本册是否可独立判断整个题肢、官方正误需模型/人工阶段核定,2026-09-24-attribution-v2
BJ-2026-DC-QIMO-Q15,④,X1,X1,仅词典命中弱信号(精度约0.66-0.88)，不构成准入依据；本册是否可独立判断整个题肢、官方正误需模型/人工阶段核定,2026-09-24-attribution-v2
BJ-2026-FT-QIMO-Q1,④,B3,B3,仅词典命中弱信号(精度约0.66-0.88)，不构成准入依据；本册是否可独立判断整个题肢、官方正误需模型/人工阶段核定,2026-09-24-attribution-v2
BJ-2026-FT-QIMO-Q1,②,X1,B3,仅词典命中弱信号(精度约0.66-0.88)，不构成准入依据；本册是否可独立判断整个题肢、官方正误需模型/人工阶段核定,2026-09-24-attribution-v2
BJ-2026-FT-QIMO-Q1,③,,B3,仅词典命中弱信号(精度约0.66-0.88)，不构成准入依据；本册是否可独立判断整个题肢、官方正误需模型/人工阶段核定,2026-09-24-attribution-v2
BJ-2026-FT-QIMO-Q3,①,RE,PH,仅词典命中弱信号(精度约0.66-0.88)，不构成准入依据；本册是否可独立判断整个题肢、官方正误需模型/人工阶段核定,2026-09-24-attribution-v2
BJ-2026-FT-QIMO-Q3,②,B2,PH,仅词典命中弱信号(精度约0.66-0.88)，不构成准入依据；本册是否可独立判断整个题肢、官方正误需模型/人工阶段核定,2026-09-24-attribution-v2
BJ-2026-FT-QIMO-Q3,④,RE,PH,仅词典命中弱信号(精度约0.66-0.88)，不构成准入依据；本册是否可独立判断整个题肢、官方正误需模型/人工阶段核定,2026-09-24-attribution-v2
BJ-2026-FT-QIMO-Q3,③,,PH,仅词典命中弱信号(精度约0.66-0.88)，不构成准入依据；本册是否可独立判断整个题肢、官方正误需模型/人工阶段核定,2026-09-24-attribution-v2
BJ-2026-FT-QIMO-Q5,①,CU,PH,仅词典命中弱信号(精度约0.66-0.88)，不构成准入依据；本册是否可独立判断整个题肢、官方正误需模型/人工阶段核定,2026-09-24-attribution-v2
BJ-2026-FT-QIMO-Q5,②,,PH,仅词典命中弱信号(精度约0.66-0.88)，不构成准入依据；本册是否可独立判断整个题肢、官方正误需模型/人工阶段核定,2026-09-24-attribution-v2
BJ-2026-FT-QIMO-Q5,③,MI,PH,仅词典命中弱信号(精度约0.66-0.88)，不构成准入依据；本册是否可独立判断整个题肢、官方正误需模型/人工阶段核定,2026-09-24-attribution-v2
BJ-2026-FT-QIMO-Q5,④,MI,PH,仅词典命中弱信号(精度约0.66-0.88)，不构成准入依据；本册是否可独立判断整个题肢、官方正误需模型/人工阶段核定,2026-09-24-attribution-v2
BJ-2026-FT-QIMO-Q8,①,B3,B3,仅词典命中弱信号(精度约0.66-0.88)，不构成准入依据；本册是否可独立判断整个题肢、官方正误需模型/人工阶段核定,2026-09-24-attribution-v2
BJ-2026-FT-QIMO-Q8,②,,B3,仅词典命中弱信号(精度约0.66-0.88)，不构成准入依据；本册是否可独立判断整个题肢、官方正误需模型/人工阶段核定,2026-09-24-attribution-v2
BJ-2026-FT-QIMO-Q8,③,,B3,仅词典命中弱信号(精度约0.66-0.88)，不构成准入依据；本册是否可独立判断整个题肢、官方正误需模型/人工阶段核定,2026-09-24-attribution-v2
BJ-2026-FT-QIMO-Q8,④,X2,B3,仅词典命中弱信号(精度约0.66-0.88)，不构成准入依据；本册是否可独立判断整个题肢、官方正误需模型/人工阶段核定,2026-09-24-attribution-v2
BJ-2026-FT-QIMO-Q11,②,,B3,仅词典命中弱信号(精度约0.66-0.88)，不构成准入依据；本册是否可独立判断整个题肢、官方正误需模型/人工阶段核定,2026-09-24-attribution-v2
BJ-2026-FT-QIMO-Q11,③,,B3,仅词典命中弱信号(精度约0.66-0.88)，不构成准入依据；本册是否可独立判断整个题肢、官方正误需模型/人工阶段核定,2026-09-24-attribution-v2
BJ-2026-FT-QIMO-Q11,④,,B3,仅词典命中弱信号(精度约0.66-0.88)，不构成准入依据；本册是否可独立判断整个题肢、官方正误需模型/人工阶段核定,2026-09-24-attribution-v2
BJ-2026-FT-QIMO-Q13,①,,B2,仅词典命中弱信号(精度约0.66-0.88)，不构成准入依据；本册是否可独立判断整个题肢、官方正误需模型/人工阶段核定,2026-09-24-attribution-v2
BJ-2026-FT-QIMO-Q13,②,,B2,仅词典命中弱信号(精度约0.66-0.88)，不构成准入依据；本册是否可独立判断整个题肢、官方正误需模型/人工阶段核定,2026-09-24-attribution-v2
BJ-2026-FT-QIMO-Q13,④,B2,B2,仅词典命中弱信号(精度约0.66-0.88)，不构成准入依据；本册是否可独立判断整个题肢、官方正误需模型/人工阶段核定,2026-09-24-attribution-v2
BJ-2026-FT-QIMO-Q13,③,,B2,仅词典命中弱信号(精度约0.66-0.88)，不构成准入依据；本册是否可独立判断整个题肢、官方正误需模型/人工阶段核定,2026-09-24-attribution-v2
BJ-2026-FT-QIMO-Q14,②,B2,B2,仅词典命中弱信号(精度约0.66-0.88)，不构成准入依据；本册是否可独立判断整个题肢、官方正误需模型/人工阶段核定,2026-09-24-attribution-v2
BJ-2026-FT-QIMO-Q14,③,B2,B2,仅词典命中弱信号(精度约0.66-0.88)，不构成准入依据；本册是否可独立判断整个题肢、官方正误需模型/人工阶段核定,2026-09-24-attribution-v2
BJ-2026-FT-QIMO-Q14,④,B2;X1,B2,仅词典命中弱信号(精度约0.66-0.88)，不构成准入依据；本册是否可独立判断整个题肢、官方正误需模型/人工阶段核定,2026-09-24-attribution-v2
BJ-2026-FT-QIMO-Q15,①,,X1,仅词典命中弱信号(精度约0.66-0.88)，不构成准入依据；本册是否可独立判断整个题肢、官方正误需模型/人工阶段核定,2026-09-24-attribution-v2
BJ-2026-FT-QIMO-Q15,②,B2,X1,仅词典命中弱信号(精度约0.66-0.88)，不构成准入依据；本册是否可独立判断整个题肢、官方正误需模型/人工阶段核定,2026-09-24-attribution-v2
BJ-2026-FT-QIMO-Q15,③,B2,X1,仅词典命中弱信号(精度约0.66-0.88)，不构成准入依据；本册是否可独立判断整个题肢、官方正误需模型/人工阶段核定,2026-09-24-attribution-v2
BJ-2026-FT-QIMO-Q15,④,,X1,仅词典命中弱信号(精度约0.66-0.88)，不构成准入依据；本册是否可独立判断整个题肢、官方正误需模型/人工阶段核定,2026-09-24-attribution-v2
BJ-2026-CP-QIMO-Q1,①,,B3,仅词典命中弱信号(精度约0.66-0.88)，不构成准入依据；本册是否可独立判断整个题肢、官方正误需模型/人工阶段核定,2026-09-24-attribution-v2
BJ-2026-CP-QIMO-Q1,②,,B3,仅词典命中弱信号(精度约0.66-0.88)，不构成准入依据；本册是否可独立判断整个题肢、官方正误需模型/人工阶段核定,2026-09-24-attribution-v2
BJ-2026-CP-QIMO-Q1,③,,B3,仅词典命中弱信号(精度约0.66-0.88)，不构成准入依据；本册是否可独立判断整个题肢、官方正误需模型/人工阶段核定,2026-09-24-attribution-v2
BJ-2026-CP-QIMO-Q1,④,CU,B3,仅词典命中弱信号(精度约0.66-0.88)，不构成准入依据；本册是否可独立判断整个题肢、官方正误需模型/人工阶段核定,2026-09-24-attribution-v2
BJ-2026-CP-QIMO-Q2,①,B2,B3,仅词典命中弱信号(精度约0.66-0.88)，不构成准入依据；本册是否可独立判断整个题肢、官方正误需模型/人工阶段核定,2026-09-24-attribution-v2
BJ-2026-CP-QIMO-Q2,②,MI,B3,仅词典命中弱信号(精度约0.66-0.88)，不构成准入依据；本册是否可独立判断整个题肢、官方正误需模型/人工阶段核定,2026-09-24-attribution-v2
BJ-2026-CP-QIMO-Q2,③,,B3,仅词典命中弱信号(精度约0.66-0.88)，不构成准入依据；本册是否可独立判断整个题肢、官方正误需模型/人工阶段核定,2026-09-24-attribution-v2
BJ-2026-CP-QIMO-Q2,④,,B3,仅词典命中弱信号(精度约0.66-0.88)，不构成准入依据；本册是否可独立判断整个题肢、官方正误需模型/人工阶段核定,2026-09-24-attribution-v2
BJ-2026-CP-QIMO-Q3,①,PH,PH,仅词典命中弱信号(精度约0.66-0.88)，不构成准入依据；本册是否可独立判断整个题肢、官方正误需模型/人工阶段核定,2026-09-24-attribution-v2
BJ-2026-CP-QIMO-Q3,②,B1;PH,PH,仅词典命中弱信号(精度约0.66-0.88)，不构成准入依据；本册是否可独立判断整个题肢、官方正误需模型/人工阶段核定,2026-09-24-attribution-v2
BJ-2026-CP-QIMO-Q3,③,PH,PH,仅词典命中弱信号(精度约0.66-0.88)，不构成准入依据；本册是否可独立判断整个题肢、官方正误需模型/人工阶段核定,2026-09-24-attribution-v2
BJ-2026-CP-QIMO-Q3,④,X1,PH,仅词典命中弱信号(精度约0.66-0.88)，不构成准入依据；本册是否可独立判断整个题肢、官方正误需模型/人工阶段核定,2026-09-24-attribution-v2
BJ-2026-CP-QIMO-Q4,①,,PH,仅词典命中弱信号(精度约0.66-0.88)，不构成准入依据；本册是否可独立判断整个题肢、官方正误需模型/人工阶段核定,2026-09-24-attribution-v2
BJ-2026-CP-QIMO-Q4,②,,PH,仅词典命中弱信号(精度约0.66-0.88)，不构成准入依据；本册是否可独立判断整个题肢、官方正误需模型/人工阶段核定,2026-09-24-attribution-v2
BJ-2026-CP-QIMO-Q4,③,CU,PH,仅词典命中弱信号(精度约0.66-0.88)，不构成准入依据；本册是否可独立判断整个题肢、官方正误需模型/人工阶段核定,2026-09-24-attribution-v2
BJ-2026-CP-QIMO-Q4,④,,PH,仅词典命中弱信号(精度约0.66-0.88)，不构成准入依据；本册是否可独立判断整个题肢、官方正误需模型/人工阶段核定,2026-09-24-attribution-v2
BJ-2026-CP-QIMO-Q5,①,,PH,仅词典命中弱信号(精度约0.66-0.88)，不构成准入依据；本册是否可独立判断整个题肢、官方正误需模型/人工阶段核定,2026-09-24-attribution-v2
BJ-2026-CP-QIMO-Q5,②,,PH,仅词典命中弱信号(精度约0.66-0.88)，不构成准入依据；本册是否可独立判断整个题肢、官方正误需模型/人工阶段核定,2026-09-24-attribution-v2
BJ-2026-CP-QIMO-Q5,③,RE,PH,仅词典命中弱信号(精度约0.66-0.88)，不构成准入依据；本册是否可独立判断整个题肢、官方正误需模型/人工阶段核定,2026-09-24-attribution-v2
BJ-2026-CP-QIMO-Q5,④,RE,PH,仅词典命中弱信号(精度约0.66-0.88)，不构成准入依据；本册是否可独立判断整个题肢、官方正误需模型/人工阶段核定,2026-09-24-attribution-v2
BJ-2026-CP-QIMO-Q6,A,,CU,仅词典命中弱信号(精度约0.66-0.88)，不构成准入依据；本册是否可独立判断整个题肢、官方正误需模型/人工阶段核定,2026-09-24-attribution-v2
BJ-2026-CP-QIMO-Q6,B,,CU,仅词典命中弱信号(精度约0.66-0.88)，不构成准入依据；本册是否可独立判断整个题肢、官方正误需模型/人工阶段核定,2026-09-24-attribution-v2
BJ-2026-CP-QIMO-Q6,C,,CU,仅词典命中弱信号(精度约0.66-0.88)，不构成准入依据；本册是否可独立判断整个题肢、官方正误需模型/人工阶段核定,2026-09-24-attribution-v2
BJ-2026-CP-QIMO-Q6,D,,CU,仅词典命中弱信号(精度约0.66-0.88)，不构成准入依据；本册是否可独立判断整个题肢、官方正误需模型/人工阶段核定,2026-09-24-attribution-v2
BJ-2026-CP-QIMO-Q7,A,B2;RE,B3,仅词典命中弱信号(精度约0.66-0.88)，不构成准入依据；本册是否可独立判断整个题肢、官方正误需模型/人工阶段核定,2026-09-24-attribution-v2
BJ-2026-CP-QIMO-Q7,B,RE,B3,仅词典命中弱信号(精度约0.66-0.88)，不构成准入依据；本册是否可独立判断整个题肢、官方正误需模型/人工阶段核定,2026-09-24-attribution-v2
BJ-2026-CP-QIMO-Q7,C,RE,B3,仅词典命中弱信号(精度约0.66-0.88)，不构成准入依据；本册是否可独立判断整个题肢、官方正误需模型/人工阶段核定,2026-09-24-attribution-v2
BJ-2026-CP-QIMO-Q7,D,MI,B3,仅词典命中弱信号(精度约0.66-0.88)，不构成准入依据；本册是否可独立判断整个题肢、官方正误需模型/人工阶段核定,2026-09-24-attribution-v2
BJ-2026-CP-QIMO-Q8,①,B3,B3,仅词典命中弱信号(精度约0.66-0.88)，不构成准入依据；本册是否可独立判断整个题肢、官方正误需模型/人工阶段核定,2026-09-24-attribution-v2
BJ-2026-CP-QIMO-Q8,②,,B3,仅词典命中弱信号(精度约0.66-0.88)，不构成准入依据；本册是否可独立判断整个题肢、官方正误需模型/人工阶段核定,2026-09-24-attribution-v2
BJ-2026-CP-QIMO-Q8,③,,B3,仅词典命中弱信号(精度约0.66-0.88)，不构成准入依据；本册是否可独立判断整个题肢、官方正误需模型/人工阶段核定,2026-09-24-attribution-v2
BJ-2026-CP-QIMO-Q8,④,,B3,仅词典命中弱信号(精度约0.66-0.88)，不构成准入依据；本册是否可独立判断整个题肢、官方正误需模型/人工阶段核定,2026-09-24-attribution-v2
BJ-2026-CP-QIMO-Q9,①,B3,B3,仅词典命中弱信号(精度约0.66-0.88)，不构成准入依据；本册是否可独立判断整个题肢、官方正误需模型/人工阶段核定,2026-09-24-attribution-v2
BJ-2026-CP-QIMO-Q9,②,B3,B3,仅词典命中弱信号(精度约0.66-0.88)，不构成准入依据；本册是否可独立判断整个题肢、官方正误需模型/人工阶段核定,2026-09-24-attribution-v2
BJ-2026-CP-QIMO-Q9,③,B3,B3,仅词典命中弱信号(精度约0.66-0.88)，不构成准入依据；本册是否可独立判断整个题肢、官方正误需模型/人工阶段核定,2026-09-24-attribution-v2
BJ-2026-CP-QIMO-Q9,④,B3,B3,仅词典命中弱信号(精度约0.66-0.88)，不构成准入依据；本册是否可独立判断整个题肢、官方正误需模型/人工阶段核定,2026-09-24-attribution-v2
BJ-2026-CP-QIMO-Q10,A,X2,X2,仅词典命中弱信号(精度约0.66-0.88)，不构成准入依据；本册是否可独立判断整个题肢、官方正误需模型/人工阶段核定,2026-09-24-attribution-v2
BJ-2026-CP-QIMO-Q10,B,X2,X2,仅词典命中弱信号(精度约0.66-0.88)，不构成准入依据；本册是否可独立判断整个题肢、官方正误需模型/人工阶段核定,2026-09-24-attribution-v2
BJ-2026-CP-QIMO-Q10,C,X2,X2,仅词典命中弱信号(精度约0.66-0.88)，不构成准入依据；本册是否可独立判断整个题肢、官方正误需模型/人工阶段核定,2026-09-24-attribution-v2
BJ-2026-CP-QIMO-Q10,D,X2,X2,仅词典命中弱信号(精度约0.66-0.88)，不构成准入依据；本册是否可独立判断整个题肢、官方正误需模型/人工阶段核定,2026-09-24-attribution-v2
BJ-2026-CP-QIMO-Q11,①,X2,B3,仅词典命中弱信号(精度约0.66-0.88)，不构成准入依据；本册是否可独立判断整个题肢、官方正误需模型/人工阶段核定,2026-09-24-attribution-v2
BJ-2026-CP-QIMO-Q11,②,X2,B3,仅词典命中弱信号(精度约0.66-0.88)，不构成准入依据；本册是否可独立判断整个题肢、官方正误需模型/人工阶段核定,2026-09-24-attribution-v2
BJ-2026-CP-QIMO-Q11,③,B3;X2,B3,仅词典命中弱信号(精度约0.66-0.88)，不构成准入依据；本册是否可独立判断整个题肢、官方正误需模型/人工阶段核定,2026-09-24-attribution-v2
BJ-2026-CP-QIMO-Q11,④,X2,B3,仅词典命中弱信号(精度约0.66-0.88)，不构成准入依据；本册是否可独立判断整个题肢、官方正误需模型/人工阶段核定,2026-09-24-attribution-v2
BJ-2026-CP-QIMO-Q12,①,B2,B2,仅词典命中弱信号(精度约0.66-0.88)，不构成准入依据；本册是否可独立判断整个题肢、官方正误需模型/人工阶段核定,2026-09-24-attribution-v2
BJ-2026-CP-QIMO-Q12,②,,B2,仅词典命中弱信号(精度约0.66-0.88)，不构成准入依据；本册是否可独立判断整个题肢、官方正误需模型/人工阶段核定,2026-09-24-attribution-v2
BJ-2026-CP-QIMO-Q12,③,,B2,仅词典命中弱信号(精度约0.66-0.88)，不构成准入依据；本册是否可独立判断整个题肢、官方正误需模型/人工阶段核定,2026-09-24-attribution-v2
BJ-2026-CP-QIMO-Q12,④,,B2,仅词典命中弱信号(精度约0.66-0.88)，不构成准入依据；本册是否可独立判断整个题肢、官方正误需模型/人工阶段核定,2026-09-24-attribution-v2
BJ-2026-CP-QIMO-Q13,①,B2,B2,仅词典命中弱信号(精度约0.66-0.88)，不构成准入依据；本册是否可独立判断整个题肢、官方正误需模型/人工阶段核定,2026-09-24-attribution-v2
BJ-2026-CP-QIMO-Q13,②,,B2,仅词典命中弱信号(精度约0.66-0.88)，不构成准入依据；本册是否可独立判断整个题肢、官方正误需模型/人工阶段核定,2026-09-24-attribution-v2
BJ-2026-CP-QIMO-Q13,③,B2,B2,仅词典命中弱信号(精度约0.66-0.88)，不构成准入依据；本册是否可独立判断整个题肢、官方正误需模型/人工阶段核定,2026-09-24-attribution-v2
BJ-2026-CP-QIMO-Q13,④,,B2,仅词典命中弱信号(精度约0.66-0.88)，不构成准入依据；本册是否可独立判断整个题肢、官方正误需模型/人工阶段核定,2026-09-24-attribution-v2
BJ-2026-CP-QIMO-Q14,①,B2,B2,仅词典命中弱信号(精度约0.66-0.88)，不构成准入依据；本册是否可独立判断整个题肢、官方正误需模型/人工阶段核定,2026-09-24-attribution-v2
BJ-2026-CP-QIMO-Q14,②,B2,B2,仅词典命中弱信号(精度约0.66-0.88)，不构成准入依据；本册是否可独立判断整个题肢、官方正误需模型/人工阶段核定,2026-09-24-attribution-v2
BJ-2026-CP-QIMO-Q14,③,B2;X1,B2,仅词典命中弱信号(精度约0.66-0.88)，不构成准入依据；本册是否可独立判断整个题肢、官方正误需模型/人工阶段核定,2026-09-24-attribution-v2
BJ-2026-CP-QIMO-Q14,④,B2;X1,B2,仅词典命中弱信号(精度约0.66-0.88)，不构成准入依据；本册是否可独立判断整个题肢、官方正误需模型/人工阶段核定,2026-09-24-attribution-v2
BJ-2026-CP-QIMO-Q15,A,X1;X2,X1,仅词典命中弱信号(精度约0.66-0.88)，不构成准入依据；本册是否可独立判断整个题肢、官方正误需模型/人工阶段核定,2026-09-24-attribution-v2
BJ-2026-CP-QIMO-Q15,B,X1,X1,仅词典命中弱信号(精度约0.66-0.88)，不构成准入依据；本册是否可独立判断整个题肢、官方正误需模型/人工阶段核定,2026-09-24-attribution-v2
BJ-2026-CP-QIMO-Q15,C,X1,X1,仅词典命中弱信号(精度约0.66-0.88)，不构成准入依据；本册是否可独立判断整个题肢、官方正误需模型/人工阶段核定,2026-09-24-attribution-v2
BJ-2026-CP-QIMO-Q15,D,X1,X1,仅词典命中弱信号(精度约0.66-0.88)，不构成准入依据；本册是否可独立判断整个题肢、官方正误需模型/人工阶段核定,2026-09-24-attribution-v2
BJ-2026-CY-QIZHONG-Q4,①,PH;X1,PH,仅词典命中弱信号(精度约0.66-0.88)，不构成准入依据；本册是否可独立判断整个题肢、官方正误需模型/人工阶段核定,2026-09-24-attribution-v2
BJ-2026-CY-QIZHONG-Q4,②,X1,PH,仅词典命中弱信号(精度约0.66-0.88)，不构成准入依据；本册是否可独立判断整个题肢、官方正误需模型/人工阶段核定,2026-09-24-attribution-v2
BJ-2026-CY-QIZHONG-Q4,③,X1,PH,仅词典命中弱信号(精度约0.66-0.88)，不构成准入依据；本册是否可独立判断整个题肢、官方正误需模型/人工阶段核定,2026-09-24-attribution-v2
BJ-2026-CY-QIZHONG-Q4,④,X1,PH,仅词典命中弱信号(精度约0.66-0.88)，不构成准入依据；本册是否可独立判断整个题肢、官方正误需模型/人工阶段核定,2026-09-24-attribution-v2
BJ-2026-CY-QIZHONG-Q1,①,,CU,仅词典命中弱信号(精度约0.66-0.88)，不构成准入依据；本册是否可独立判断整个题肢、官方正误需模型/人工阶段核定,2026-09-24-attribution-v2
BJ-2026-CY-QIZHONG-Q1,②,B2,CU,仅词典命中弱信号(精度约0.66-0.88)，不构成准入依据；本册是否可独立判断整个题肢、官方正误需模型/人工阶段核定,2026-09-24-attribution-v2
BJ-2026-CY-QIZHONG-Q1,③,B2,CU,仅词典命中弱信号(精度约0.66-0.88)，不构成准入依据；本册是否可独立判断整个题肢、官方正误需模型/人工阶段核定,2026-09-24-attribution-v2
BJ-2026-CY-QIZHONG-Q1,④,B2,CU,仅词典命中弱信号(精度约0.66-0.88)，不构成准入依据；本册是否可独立判断整个题肢、官方正误需模型/人工阶段核定,2026-09-24-attribution-v2
BJ-2026-CY-QIZHONG-Q2,①,B2,B3,仅词典命中弱信号(精度约0.66-0.88)，不构成准入依据；本册是否可独立判断整个题肢、官方正误需模型/人工阶段核定,2026-09-24-attribution-v2
BJ-2026-CY-QIZHONG-Q2,②,X1,B3,仅词典命中弱信号(精度约0.66-0.88)，不构成准入依据；本册是否可独立判断整个题肢、官方正误需模型/人工阶段核定,2026-09-24-attribution-v2
BJ-2026-CY-QIZHONG-Q2,③,B2,B3,仅词典命中弱信号(精度约0.66-0.88)，不构成准入依据；本册是否可独立判断整个题肢、官方正误需模型/人工阶段核定,2026-09-24-attribution-v2
BJ-2026-CY-QIZHONG-Q2,④,B2,B3,仅词典命中弱信号(精度约0.66-0.88)，不构成准入依据；本册是否可独立判断整个题肢、官方正误需模型/人工阶段核定,2026-09-24-attribution-v2
BJ-2026-CY-QIZHONG-Q3,①,,PH,仅词典命中弱信号(精度约0.66-0.88)，不构成准入依据；本册是否可独立判断整个题肢、官方正误需模型/人工阶段核定,2026-09-24-attribution-v2
BJ-2026-CY-QIZHONG-Q3,②,X1,PH,仅词典命中弱信号(精度约0.66-0.88)，不构成准入依据；本册是否可独立判断整个题肢、官方正误需模型/人工阶段核定,2026-09-24-attribution-v2
BJ-2026-CY-QIZHONG-Q3,③,X1,PH,仅词典命中弱信号(精度约0.66-0.88)，不构成准入依据；本册是否可独立判断整个题肢、官方正误需模型/人工阶段核定,2026-09-24-attribution-v2
BJ-2026-CY-QIZHONG-Q3,④,X1,PH,仅词典命中弱信号(精度约0.66-0.88)，不构成准入依据；本册是否可独立判断整个题肢、官方正误需模型/人工阶段核定,2026-09-24-attribution-v2
BJ-2026-CY-QIZHONG-Q5,①,,PH,仅词典命中弱信号(精度约0.66-0.88)，不构成准入依据；本册是否可独立判断整个题肢、官方正误需模型/人工阶段核定,2026-09-24-attribution-v2
BJ-2026-CY-QIZHONG-Q5,②,,PH,仅词典命中弱信号(精度约0.66-0.88)，不构成准入依据；本册是否可独立判断整个题肢、官方正误需模型/人工阶段核定,2026-09-24-attribution-v2
BJ-2026-CY-QIZHONG-Q5,③,B2,PH,仅词典命中弱信号(精度约0.66-0.88)，不构成准入依据；本册是否可独立判断整个题肢、官方正误需模型/人工阶段核定,2026-09-24-attribution-v2
BJ-2026-CY-QIZHONG-Q5,④,,PH,仅词典命中弱信号(精度约0.66-0.88)，不构成准入依据；本册是否可独立判断整个题肢、官方正误需模型/人工阶段核定,2026-09-24-attribution-v2
BJ-2026-CY-QIZHONG-Q6,①,B2,CU,仅词典命中弱信号(精度约0.66-0.88)，不构成准入依据；本册是否可独立判断整个题肢、官方正误需模型/人工阶段核定,2026-09-24-attribution-v2
BJ-2026-CY-QIZHONG-Q6,②,X1,CU,仅词典命中弱信号(精度约0.66-0.88)，不构成准入依据；本册是否可独立判断整个题肢、官方正误需模型/人工阶段核定,2026-09-24-attribution-v2
BJ-2026-CY-QIZHONG-Q6,③,,CU,仅词典命中弱信号(精度约0.66-0.88)，不构成准入依据；本册是否可独立判断整个题肢、官方正误需模型/人工阶段核定,2026-09-24-attribution-v2
BJ-2026-CY-QIZHONG-Q6,④,,CU,仅词典命中弱信号(精度约0.66-0.88)，不构成准入依据；本册是否可独立判断整个题肢、官方正误需模型/人工阶段核定,2026-09-24-attribution-v2
BJ-2026-CY-QIZHONG-Q7,①,PH,B3,仅词典命中弱信号(精度约0.66-0.88)，不构成准入依据；本册是否可独立判断整个题肢、官方正误需模型/人工阶段核定,2026-09-24-attribution-v2
BJ-2026-CY-QIZHONG-Q7,②,X1,B3,仅词典命中弱信号(精度约0.66-0.88)，不构成准入依据；本册是否可独立判断整个题肢、官方正误需模型/人工阶段核定,2026-09-24-attribution-v2
BJ-2026-CY-QIZHONG-Q7,③,B2;RE,B3,仅词典命中弱信号(精度约0.66-0.88)，不构成准入依据；本册是否可独立判断整个题肢、官方正误需模型/人工阶段核定,2026-09-24-attribution-v2
BJ-2026-CY-QIZHONG-Q7,④,CU,B3,仅词典命中弱信号(精度约0.66-0.88)，不构成准入依据；本册是否可独立判断整个题肢、官方正误需模型/人工阶段核定,2026-09-24-attribution-v2
BJ-2026-CY-QIZHONG-Q8,①,B2,B3,仅词典命中弱信号(精度约0.66-0.88)，不构成准入依据；本册是否可独立判断整个题肢、官方正误需模型/人工阶段核定,2026-09-24-attribution-v2
BJ-2026-CY-QIZHONG-Q8,②,,B3,仅词典命中弱信号(精度约0.66-0.88)，不构成准入依据；本册是否可独立判断整个题肢、官方正误需模型/人工阶段核定,2026-09-24-attribution-v2
BJ-2026-CY-QIZHONG-Q8,③,CU,B3,仅词典命中弱信号(精度约0.66-0.88)，不构成准入依据；本册是否可独立判断整个题肢、官方正误需模型/人工阶段核定,2026-09-24-attribution-v2
BJ-2026-CY-QIZHONG-Q8,④,,B3,仅词典命中弱信号(精度约0.66-0.88)，不构成准入依据；本册是否可独立判断整个题肢、官方正误需模型/人工阶段核定,2026-09-24-attribution-v2
BJ-2026-CY-QIZHONG-Q9,①,,B3,仅词典命中弱信号(精度约0.66-0.88)，不构成准入依据；本册是否可独立判断整个题肢、官方正误需模型/人工阶段核定,2026-09-24-attribution-v2
BJ-2026-CY-QIZHONG-Q9,②,,B3,仅词典命中弱信号(精度约0.66-0.88)，不构成准入依据；本册是否可独立判断整个题肢、官方正误需模型/人工阶段核定,2026-09-24-attribution-v2
BJ-2026-CY-QIZHONG-Q9,③,,B3,仅词典命中弱信号(精度约0.66-0.88)，不构成准入依据；本册是否可独立判断整个题肢、官方正误需模型/人工阶段核定,2026-09-24-attribution-v2
BJ-2026-CY-QIZHONG-Q9,④,,B3,仅词典命中弱信号(精度约0.66-0.88)，不构成准入依据；本册是否可独立判断整个题肢、官方正误需模型/人工阶段核定,2026-09-24-attribution-v2
BJ-2026-CY-QIZHONG-Q10,A,B2,X2,仅词典命中弱信号(精度约0.66-0.88)，不构成准入依据；本册是否可独立判断整个题肢、官方正误需模型/人工阶段核定,2026-09-24-attribution-v2
BJ-2026-CY-QIZHONG-Q10,B,CU,X2,仅词典命中弱信号(精度约0.66-0.88)，不构成准入依据；本册是否可独立判断整个题肢、官方正误需模型/人工阶段核定,2026-09-24-attribution-v2
BJ-2026-CY-QIZHONG-Q10,C,,X2,仅词典命中弱信号(精度约0.66-0.88)，不构成准入依据；本册是否可独立判断整个题肢、官方正误需模型/人工阶段核定,2026-09-24-attribution-v2
BJ-2026-CY-QIZHONG-Q10,D,CU,X2,仅词典命中弱信号(精度约0.66-0.88)，不构成准入依据；本册是否可独立判断整个题肢、官方正误需模型/人工阶段核定,2026-09-24-attribution-v2
BJ-2026-CY-QIZHONG-Q11,A,,B3,仅词典命中弱信号(精度约0.66-0.88)，不构成准入依据；本册是否可独立判断整个题肢、官方正误需模型/人工阶段核定,2026-09-24-attribution-v2
BJ-2026-CY-QIZHONG-Q11,B,,B3,仅词典命中弱信号(精度约0.66-0.88)，不构成准入依据；本册是否可独立判断整个题肢、官方正误需模型/人工阶段核定,2026-09-24-attribution-v2
BJ-2026-CY-QIZHONG-Q11,C,,B3,仅词典命中弱信号(精度约0.66-0.88)，不构成准入依据；本册是否可独立判断整个题肢、官方正误需模型/人工阶段核定,2026-09-24-attribution-v2
BJ-2026-CY-QIZHONG-Q11,D,,B3,仅词典命中弱信号(精度约0.66-0.88)，不构成准入依据；本册是否可独立判断整个题肢、官方正误需模型/人工阶段核定,2026-09-24-attribution-v2
BJ-2026-CY-QIZHONG-Q12,A,PH,B2,仅词典命中弱信号(精度约0.66-0.88)，不构成准入依据；本册是否可独立判断整个题肢、官方正误需模型/人工阶段核定,2026-09-24-attribution-v2
BJ-2026-CY-QIZHONG-Q12,B,,B2,仅词典命中弱信号(精度约0.66-0.88)，不构成准入依据；本册是否可独立判断整个题肢、官方正误需模型/人工阶段核定,2026-09-24-attribution-v2
BJ-2026-CY-QIZHONG-Q12,C,,B2,仅词典命中弱信号(精度约0.66-0.88)，不构成准入依据；本册是否可独立判断整个题肢、官方正误需模型/人工阶段核定,2026-09-24-attribution-v2
BJ-2026-CY-QIZHONG-Q12,D,,B2,仅词典命中弱信号(精度约0.66-0.88)，不构成准入依据；本册是否可独立判断整个题肢、官方正误需模型/人工阶段核定,2026-09-24-attribution-v2
BJ-2026-CY-QIZHONG-Q13,①,,B2,仅词典命中弱信号(精度约0.66-0.88)，不构成准入依据；本册是否可独立判断整个题肢、官方正误需模型/人工阶段核定,2026-09-24-attribution-v2
BJ-2026-CY-QIZHONG-Q13,②,RE,B2,仅词典命中弱信号(精度约0.66-0.88)，不构成准入依据；本册是否可独立判断整个题肢、官方正误需模型/人工阶段核定,2026-09-24-attribution-v2
BJ-2026-CY-QIZHONG-Q13,③,MI,B2,仅词典命中弱信号(精度约0.66-0.88)，不构成准入依据；本册是否可独立判断整个题肢、官方正误需模型/人工阶段核定,2026-09-24-attribution-v2
BJ-2026-CY-QIZHONG-Q13,④,MI,B2,仅词典命中弱信号(精度约0.66-0.88)，不构成准入依据；本册是否可独立判断整个题肢、官方正误需模型/人工阶段核定,2026-09-24-attribution-v2
BJ-2026-CY-QIZHONG-Q14,①,,B2,仅词典命中弱信号(精度约0.66-0.88)，不构成准入依据；本册是否可独立判断整个题肢、官方正误需模型/人工阶段核定,2026-09-24-attribution-v2
BJ-2026-CY-QIZHONG-Q14,②,RE,B2,仅词典命中弱信号(精度约0.66-0.88)，不构成准入依据；本册是否可独立判断整个题肢、官方正误需模型/人工阶段核定,2026-09-24-attribution-v2
BJ-2026-CY-QIZHONG-Q14,③,,B2,仅词典命中弱信号(精度约0.66-0.88)，不构成准入依据；本册是否可独立判断整个题肢、官方正误需模型/人工阶段核定,2026-09-24-attribution-v2
BJ-2026-CY-QIZHONG-Q14,④,RE,B2,仅词典命中弱信号(精度约0.66-0.88)，不构成准入依据；本册是否可独立判断整个题肢、官方正误需模型/人工阶段核定,2026-09-24-attribution-v2
BJ-2026-CY-QIZHONG-Q15,A,RE,X1,仅词典命中弱信号(精度约0.66-0.88)，不构成准入依据；本册是否可独立判断整个题肢、官方正误需模型/人工阶段核定,2026-09-24-attribution-v2
BJ-2026-CY-QIZHONG-Q15,B,RE,X1,仅词典命中弱信号(精度约0.66-0.88)，不构成准入依据；本册是否可独立判断整个题肢、官方正误需模型/人工阶段核定,2026-09-24-attribution-v2
BJ-2026-CY-QIZHONG-Q15,C,RE,X1,仅词典命中弱信号(精度约0.66-0.88)，不构成准入依据；本册是否可独立判断整个题肢、官方正误需模型/人工阶段核定,2026-09-24-attribution-v2
BJ-2026-CY-QIZHONG-Q15,D,,X1,仅词典命中弱信号(精度约0.66-0.88)，不构成准入依据；本册是否可独立判断整个题肢、官方正误需模型/人工阶段核定,2026-09-24-attribution-v2
BJ-2026-HD-QIZHONG-Q3,A,,PH,仅词典命中弱信号(精度约0.66-0.88)，不构成准入依据；本册是否可独立判断整个题肢、官方正误需模型/人工阶段核定,2026-09-24-attribution-v2
BJ-2026-HD-QIZHONG-Q3,B,,PH,仅词典命中弱信号(精度约0.66-0.88)，不构成准入依据；本册是否可独立判断整个题肢、官方正误需模型/人工阶段核定,2026-09-24-attribution-v2
BJ-2026-HD-QIZHONG-Q3,C,B2,PH,仅词典命中弱信号(精度约0.66-0.88)，不构成准入依据；本册是否可独立判断整个题肢、官方正误需模型/人工阶段核定,2026-09-24-attribution-v2
BJ-2026-HD-QIZHONG-Q3,D,,PH,仅词典命中弱信号(精度约0.66-0.88)，不构成准入依据；本册是否可独立判断整个题肢、官方正误需模型/人工阶段核定,2026-09-24-attribution-v2
BJ-2026-HD-QIZHONG-Q4,①,B2,PH,仅词典命中弱信号(精度约0.66-0.88)，不构成准入依据；本册是否可独立判断整个题肢、官方正误需模型/人工阶段核定,2026-09-24-attribution-v2
BJ-2026-HD-QIZHONG-Q4,②,B2,PH,仅词典命中弱信号(精度约0.66-0.88)，不构成准入依据；本册是否可独立判断整个题肢、官方正误需模型/人工阶段核定,2026-09-24-attribution-v2
BJ-2026-HD-QIZHONG-Q4,③,,PH,仅词典命中弱信号(精度约0.66-0.88)，不构成准入依据；本册是否可独立判断整个题肢、官方正误需模型/人工阶段核定,2026-09-24-attribution-v2
BJ-2026-HD-QIZHONG-Q4,④,B2,PH,仅词典命中弱信号(精度约0.66-0.88)，不构成准入依据；本册是否可独立判断整个题肢、官方正误需模型/人工阶段核定,2026-09-24-attribution-v2
BJ-2026-HD-QIZHONG-Q15,①,,X1,仅词典命中弱信号(精度约0.66-0.88)，不构成准入依据；本册是否可独立判断整个题肢、官方正误需模型/人工阶段核定,2026-09-24-attribution-v2
BJ-2026-HD-QIZHONG-Q15,②,,X1,仅词典命中弱信号(精度约0.66-0.88)，不构成准入依据；本册是否可独立判断整个题肢、官方正误需模型/人工阶段核定,2026-09-24-attribution-v2
BJ-2026-HD-QIZHONG-Q15,③,,X1,仅词典命中弱信号(精度约0.66-0.88)，不构成准入依据；本册是否可独立判断整个题肢、官方正误需模型/人工阶段核定,2026-09-24-attribution-v2
BJ-2026-HD-QIZHONG-Q15,④,,X1,仅词典命中弱信号(精度约0.66-0.88)，不构成准入依据；本册是否可独立判断整个题肢、官方正误需模型/人工阶段核定,2026-09-24-attribution-v2
BJ-2026-HD-QIZHONG-Q2,A,B2,B3,仅词典命中弱信号(精度约0.66-0.88)，不构成准入依据；本册是否可独立判断整个题肢、官方正误需模型/人工阶段核定,2026-09-24-attribution-v2
BJ-2026-HD-QIZHONG-Q2,B,B2,B3,仅词典命中弱信号(精度约0.66-0.88)，不构成准入依据；本册是否可独立判断整个题肢、官方正误需模型/人工阶段核定,2026-09-24-attribution-v2
BJ-2026-HD-QIZHONG-Q2,C,B2,B3,仅词典命中弱信号(精度约0.66-0.88)，不构成准入依据；本册是否可独立判断整个题肢、官方正误需模型/人工阶段核定,2026-09-24-attribution-v2
BJ-2026-HD-QIZHONG-Q2,D,B2,B3,仅词典命中弱信号(精度约0.66-0.88)，不构成准入依据；本册是否可独立判断整个题肢、官方正误需模型/人工阶段核定,2026-09-24-attribution-v2
BJ-2026-HD-QIZHONG-Q8,①,B3,B3,仅词典命中弱信号(精度约0.66-0.88)，不构成准入依据；本册是否可独立判断整个题肢、官方正误需模型/人工阶段核定,2026-09-24-attribution-v2
BJ-2026-HD-QIZHONG-Q8,②,,B3,仅词典命中弱信号(精度约0.66-0.88)，不构成准入依据；本册是否可独立判断整个题肢、官方正误需模型/人工阶段核定,2026-09-24-attribution-v2
BJ-2026-HD-QIZHONG-Q8,③,B3,B3,仅词典命中弱信号(精度约0.66-0.88)，不构成准入依据；本册是否可独立判断整个题肢、官方正误需模型/人工阶段核定,2026-09-24-attribution-v2
BJ-2026-HD-QIZHONG-Q8,④,B3,B3,仅词典命中弱信号(精度约0.66-0.88)，不构成准入依据；本册是否可独立判断整个题肢、官方正误需模型/人工阶段核定,2026-09-24-attribution-v2
BJ-2026-HD-QIZHONG-Q1,①,B1,CU,仅词典命中弱信号(精度约0.66-0.88)，不构成准入依据；本册是否可独立判断整个题肢、官方正误需模型/人工阶段核定,2026-09-24-attribution-v2
BJ-2026-HD-QIZHONG-Q1,②,,CU,仅词典命中弱信号(精度约0.66-0.88)，不构成准入依据；本册是否可独立判断整个题肢、官方正误需模型/人工阶段核定,2026-09-24-attribution-v2
BJ-2026-HD-QIZHONG-Q1,③,B1,CU,仅词典命中弱信号(精度约0.66-0.88)，不构成准入依据；本册是否可独立判断整个题肢、官方正误需模型/人工阶段核定,2026-09-24-attribution-v2
BJ-2026-HD-QIZHONG-Q1,④,,CU,仅词典命中弱信号(精度约0.66-0.88)，不构成准入依据；本册是否可独立判断整个题肢、官方正误需模型/人工阶段核定,2026-09-24-attribution-v2
BJ-2026-HD-QIZHONG-Q5,①,X2,PH,仅词典命中弱信号(精度约0.66-0.88)，不构成准入依据；本册是否可独立判断整个题肢、官方正误需模型/人工阶段核定,2026-09-24-attribution-v2
BJ-2026-HD-QIZHONG-Q5,②,,PH,仅词典命中弱信号(精度约0.66-0.88)，不构成准入依据；本册是否可独立判断整个题肢、官方正误需模型/人工阶段核定,2026-09-24-attribution-v2
BJ-2026-HD-QIZHONG-Q5,③,,PH,仅词典命中弱信号(精度约0.66-0.88)，不构成准入依据；本册是否可独立判断整个题肢、官方正误需模型/人工阶段核定,2026-09-24-attribution-v2
BJ-2026-HD-QIZHONG-Q5,④,X2,PH,仅词典命中弱信号(精度约0.66-0.88)，不构成准入依据；本册是否可独立判断整个题肢、官方正误需模型/人工阶段核定,2026-09-24-attribution-v2
BJ-2026-HD-QIZHONG-Q6,B,B2,CU,仅词典命中弱信号(精度约0.66-0.88)，不构成准入依据；本册是否可独立判断整个题肢、官方正误需模型/人工阶段核定,2026-09-24-attribution-v2
BJ-2026-HD-QIZHONG-Q6,C,B2,CU,仅词典命中弱信号(精度约0.66-0.88)，不构成准入依据；本册是否可独立判断整个题肢、官方正误需模型/人工阶段核定,2026-09-24-attribution-v2
BJ-2026-HD-QIZHONG-Q6,D,B2,CU,仅词典命中弱信号(精度约0.66-0.88)，不构成准入依据；本册是否可独立判断整个题肢、官方正误需模型/人工阶段核定,2026-09-24-attribution-v2
BJ-2026-HD-QIZHONG-Q7,①,B2,B3,仅词典命中弱信号(精度约0.66-0.88)，不构成准入依据；本册是否可独立判断整个题肢、官方正误需模型/人工阶段核定,2026-09-24-attribution-v2
BJ-2026-HD-QIZHONG-Q7,②,,B3,仅词典命中弱信号(精度约0.66-0.88)，不构成准入依据；本册是否可独立判断整个题肢、官方正误需模型/人工阶段核定,2026-09-24-attribution-v2
BJ-2026-HD-QIZHONG-Q7,③,B3,B3,仅词典命中弱信号(精度约0.66-0.88)，不构成准入依据；本册是否可独立判断整个题肢、官方正误需模型/人工阶段核定,2026-09-24-attribution-v2
BJ-2026-HD-QIZHONG-Q7,④,B3,B3,仅词典命中弱信号(精度约0.66-0.88)，不构成准入依据；本册是否可独立判断整个题肢、官方正误需模型/人工阶段核定,2026-09-24-attribution-v2
BJ-2026-HD-QIZHONG-Q9,①,PH;X1,B3,仅词典命中弱信号(精度约0.66-0.88)，不构成准入依据；本册是否可独立判断整个题肢、官方正误需模型/人工阶段核定,2026-09-24-attribution-v2
BJ-2026-HD-QIZHONG-Q9,②,B3;X1,B3,仅词典命中弱信号(精度约0.66-0.88)，不构成准入依据；本册是否可独立判断整个题肢、官方正误需模型/人工阶段核定,2026-09-24-attribution-v2
BJ-2026-HD-QIZHONG-Q9,③,X1,B3,仅词典命中弱信号(精度约0.66-0.88)，不构成准入依据；本册是否可独立判断整个题肢、官方正误需模型/人工阶段核定,2026-09-24-attribution-v2
BJ-2026-HD-QIZHONG-Q9,④,B3;X1,B3,仅词典命中弱信号(精度约0.66-0.88)，不构成准入依据；本册是否可独立判断整个题肢、官方正误需模型/人工阶段核定,2026-09-24-attribution-v2
BJ-2026-HD-QIZHONG-Q10,①,B3,X2,仅词典命中弱信号(精度约0.66-0.88)，不构成准入依据；本册是否可独立判断整个题肢、官方正误需模型/人工阶段核定,2026-09-24-attribution-v2
BJ-2026-HD-QIZHONG-Q10,②,,X2,仅词典命中弱信号(精度约0.66-0.88)，不构成准入依据；本册是否可独立判断整个题肢、官方正误需模型/人工阶段核定,2026-09-24-attribution-v2
BJ-2026-HD-QIZHONG-Q10,③,,X2,仅词典命中弱信号(精度约0.66-0.88)，不构成准入依据；本册是否可独立判断整个题肢、官方正误需模型/人工阶段核定,2026-09-24-attribution-v2
BJ-2026-HD-QIZHONG-Q10,④,B3,X2,仅词典命中弱信号(精度约0.66-0.88)，不构成准入依据；本册是否可独立判断整个题肢、官方正误需模型/人工阶段核定,2026-09-24-attribution-v2
BJ-2026-HD-QIZHONG-Q11,A,B3,B3,仅词典命中弱信号(精度约0.66-0.88)，不构成准入依据；本册是否可独立判断整个题肢、官方正误需模型/人工阶段核定,2026-09-24-attribution-v2
BJ-2026-HD-QIZHONG-Q11,B,,B3,仅词典命中弱信号(精度约0.66-0.88)，不构成准入依据；本册是否可独立判断整个题肢、官方正误需模型/人工阶段核定,2026-09-24-attribution-v2
BJ-2026-HD-QIZHONG-Q11,C,PH,B3,仅词典命中弱信号(精度约0.66-0.88)，不构成准入依据；本册是否可独立判断整个题肢、官方正误需模型/人工阶段核定,2026-09-24-attribution-v2
BJ-2026-HD-QIZHONG-Q11,D,B3,B3,仅词典命中弱信号(精度约0.66-0.88)，不构成准入依据；本册是否可独立判断整个题肢、官方正误需模型/人工阶段核定,2026-09-24-attribution-v2
BJ-2026-HD-QIZHONG-Q12,①,B2,B2,仅词典命中弱信号(精度约0.66-0.88)，不构成准入依据；本册是否可独立判断整个题肢、官方正误需模型/人工阶段核定,2026-09-24-attribution-v2
BJ-2026-HD-QIZHONG-Q12,②,,B2,仅词典命中弱信号(精度约0.66-0.88)，不构成准入依据；本册是否可独立判断整个题肢、官方正误需模型/人工阶段核定,2026-09-24-attribution-v2
BJ-2026-HD-QIZHONG-Q12,③,,B2,仅词典命中弱信号(精度约0.66-0.88)，不构成准入依据；本册是否可独立判断整个题肢、官方正误需模型/人工阶段核定,2026-09-24-attribution-v2
BJ-2026-HD-QIZHONG-Q12,④,B2,B2,仅词典命中弱信号(精度约0.66-0.88)，不构成准入依据；本册是否可独立判断整个题肢、官方正误需模型/人工阶段核定,2026-09-24-attribution-v2
BJ-2026-HD-QIZHONG-Q13,①,,B2,仅词典命中弱信号(精度约0.66-0.88)，不构成准入依据；本册是否可独立判断整个题肢、官方正误需模型/人工阶段核定,2026-09-24-attribution-v2
BJ-2026-HD-QIZHONG-Q13,②,,B2,仅词典命中弱信号(精度约0.66-0.88)，不构成准入依据；本册是否可独立判断整个题肢、官方正误需模型/人工阶段核定,2026-09-24-attribution-v2
BJ-2026-HD-QIZHONG-Q13,③,,B2,仅词典命中弱信号(精度约0.66-0.88)，不构成准入依据；本册是否可独立判断整个题肢、官方正误需模型/人工阶段核定,2026-09-24-attribution-v2
BJ-2026-HD-QIZHONG-Q13,④,X1,B2,仅词典命中弱信号(精度约0.66-0.88)，不构成准入依据；本册是否可独立判断整个题肢、官方正误需模型/人工阶段核定,2026-09-24-attribution-v2
BJ-2026-HD-QIZHONG-Q14,①,B2,B2,仅词典命中弱信号(精度约0.66-0.88)，不构成准入依据；本册是否可独立判断整个题肢、官方正误需模型/人工阶段核定,2026-09-24-attribution-v2
BJ-2026-HD-QIZHONG-Q14,②,,B2,仅词典命中弱信号(精度约0.66-0.88)，不构成准入依据；本册是否可独立判断整个题肢、官方正误需模型/人工阶段核定,2026-09-24-attribution-v2
BJ-2026-HD-QIZHONG-Q14,③,B2,B2,仅词典命中弱信号(精度约0.66-0.88)，不构成准入依据；本册是否可独立判断整个题肢、官方正误需模型/人工阶段核定,2026-09-24-attribution-v2
BJ-2026-HD-QIZHONG-Q14,④,X1,B2,仅词典命中弱信号(精度约0.66-0.88)，不构成准入依据；本册是否可独立判断整个题肢、官方正误需模型/人工阶段核定,2026-09-24-attribution-v2
BJ-2026-HD-QIMO-Q1,①,X1,B3,仅词典命中弱信号(精度约0.66-0.88)，不构成准入依据；本册是否可独立判断整个题肢、官方正误需模型/人工阶段核定,2026-09-24-attribution-v2
BJ-2026-HD-QIMO-Q1,②,B2,B3,仅词典命中弱信号(精度约0.66-0.88)，不构成准入依据；本册是否可独立判断整个题肢、官方正误需模型/人工阶段核定,2026-09-24-attribution-v2
BJ-2026-HD-QIMO-Q1,③,,B3,仅词典命中弱信号(精度约0.66-0.88)，不构成准入依据；本册是否可独立判断整个题肢、官方正误需模型/人工阶段核定,2026-09-24-attribution-v2
BJ-2026-HD-QIMO-Q1,④,,B3,仅词典命中弱信号(精度约0.66-0.88)，不构成准入依据；本册是否可独立判断整个题肢、官方正误需模型/人工阶段核定,2026-09-24-attribution-v2
BJ-2026-HD-QIMO-Q2,①,,B3,仅词典命中弱信号(精度约0.66-0.88)，不构成准入依据；本册是否可独立判断整个题肢、官方正误需模型/人工阶段核定,2026-09-24-attribution-v2
BJ-2026-HD-QIMO-Q2,②,PH,B3,仅词典命中弱信号(精度约0.66-0.88)，不构成准入依据；本册是否可独立判断整个题肢、官方正误需模型/人工阶段核定,2026-09-24-attribution-v2
BJ-2026-HD-QIMO-Q2,③,,B3,仅词典命中弱信号(精度约0.66-0.88)，不构成准入依据；本册是否可独立判断整个题肢、官方正误需模型/人工阶段核定,2026-09-24-attribution-v2
BJ-2026-HD-QIMO-Q2,④,PH,B3,仅词典命中弱信号(精度约0.66-0.88)，不构成准入依据；本册是否可独立判断整个题肢、官方正误需模型/人工阶段核定,2026-09-24-attribution-v2
BJ-2026-HD-QIMO-Q3,A,,PH,仅词典命中弱信号(精度约0.66-0.88)，不构成准入依据；本册是否可独立判断整个题肢、官方正误需模型/人工阶段核定,2026-09-24-attribution-v2
BJ-2026-HD-QIMO-Q3,B,,PH,仅词典命中弱信号(精度约0.66-0.88)，不构成准入依据；本册是否可独立判断整个题肢、官方正误需模型/人工阶段核定,2026-09-24-attribution-v2
BJ-2026-HD-QIMO-Q3,C,,PH,仅词典命中弱信号(精度约0.66-0.88)，不构成准入依据；本册是否可独立判断整个题肢、官方正误需模型/人工阶段核定,2026-09-24-attribution-v2
BJ-2026-HD-QIMO-Q3,D,B2,PH,仅词典命中弱信号(精度约0.66-0.88)，不构成准入依据；本册是否可独立判断整个题肢、官方正误需模型/人工阶段核定,2026-09-24-attribution-v2
BJ-2026-HD-QIMO-Q4,①,B2,PH,仅词典命中弱信号(精度约0.66-0.88)，不构成准入依据；本册是否可独立判断整个题肢、官方正误需模型/人工阶段核定,2026-09-24-attribution-v2
BJ-2026-HD-QIMO-Q4,②,,PH,仅词典命中弱信号(精度约0.66-0.88)，不构成准入依据；本册是否可独立判断整个题肢、官方正误需模型/人工阶段核定,2026-09-24-attribution-v2
BJ-2026-HD-QIMO-Q4,③,B1,PH,仅词典命中弱信号(精度约0.66-0.88)，不构成准入依据；本册是否可独立判断整个题肢、官方正误需模型/人工阶段核定,2026-09-24-attribution-v2
BJ-2026-HD-QIMO-Q4,④,,PH,仅词典命中弱信号(精度约0.66-0.88)，不构成准入依据；本册是否可独立判断整个题肢、官方正误需模型/人工阶段核定,2026-09-24-attribution-v2
BJ-2026-HD-QIMO-Q5,①,CU,PH,仅词典命中弱信号(精度约0.66-0.88)，不构成准入依据；本册是否可独立判断整个题肢、官方正误需模型/人工阶段核定,2026-09-24-attribution-v2
BJ-2026-HD-QIMO-Q5,②,B2,PH,仅词典命中弱信号(精度约0.66-0.88)，不构成准入依据；本册是否可独立判断整个题肢、官方正误需模型/人工阶段核定,2026-09-24-attribution-v2
BJ-2026-HD-QIMO-Q5,③,CU,PH,仅词典命中弱信号(精度约0.66-0.88)，不构成准入依据；本册是否可独立判断整个题肢、官方正误需模型/人工阶段核定,2026-09-24-attribution-v2
BJ-2026-HD-QIMO-Q5,④,CU,PH,仅词典命中弱信号(精度约0.66-0.88)，不构成准入依据；本册是否可独立判断整个题肢、官方正误需模型/人工阶段核定,2026-09-24-attribution-v2
BJ-2026-HD-QIMO-Q6,A,,CU,仅词典命中弱信号(精度约0.66-0.88)，不构成准入依据；本册是否可独立判断整个题肢、官方正误需模型/人工阶段核定,2026-09-24-attribution-v2
BJ-2026-HD-QIMO-Q6,B,X2,CU,仅词典命中弱信号(精度约0.66-0.88)，不构成准入依据；本册是否可独立判断整个题肢、官方正误需模型/人工阶段核定,2026-09-24-attribution-v2
BJ-2026-HD-QIMO-Q6,C,X2,CU,仅词典命中弱信号(精度约0.66-0.88)，不构成准入依据；本册是否可独立判断整个题肢、官方正误需模型/人工阶段核定,2026-09-24-attribution-v2
BJ-2026-HD-QIMO-Q6,D,X2,CU,仅词典命中弱信号(精度约0.66-0.88)，不构成准入依据；本册是否可独立判断整个题肢、官方正误需模型/人工阶段核定,2026-09-24-attribution-v2
BJ-2026-HD-QIMO-Q7,A,X2,B3,仅词典命中弱信号(精度约0.66-0.88)，不构成准入依据；本册是否可独立判断整个题肢、官方正误需模型/人工阶段核定,2026-09-24-attribution-v2
BJ-2026-HD-QIMO-Q7,B,X2,B3,仅词典命中弱信号(精度约0.66-0.88)，不构成准入依据；本册是否可独立判断整个题肢、官方正误需模型/人工阶段核定,2026-09-24-attribution-v2
BJ-2026-HD-QIMO-Q7,C,X2,B3,仅词典命中弱信号(精度约0.66-0.88)，不构成准入依据；本册是否可独立判断整个题肢、官方正误需模型/人工阶段核定,2026-09-24-attribution-v2
BJ-2026-HD-QIMO-Q7,D,X2,B3,仅词典命中弱信号(精度约0.66-0.88)，不构成准入依据；本册是否可独立判断整个题肢、官方正误需模型/人工阶段核定,2026-09-24-attribution-v2
BJ-2026-HD-QIMO-Q8,①,X2,B3,仅词典命中弱信号(精度约0.66-0.88)，不构成准入依据；本册是否可独立判断整个题肢、官方正误需模型/人工阶段核定,2026-09-24-attribution-v2
BJ-2026-HD-QIMO-Q8,②,X2,B3,仅词典命中弱信号(精度约0.66-0.88)，不构成准入依据；本册是否可独立判断整个题肢、官方正误需模型/人工阶段核定,2026-09-24-attribution-v2
BJ-2026-HD-QIMO-Q8,③,X2,B3,仅词典命中弱信号(精度约0.66-0.88)，不构成准入依据；本册是否可独立判断整个题肢、官方正误需模型/人工阶段核定,2026-09-24-attribution-v2
BJ-2026-HD-QIMO-Q8,④,X2,B3,仅词典命中弱信号(精度约0.66-0.88)，不构成准入依据；本册是否可独立判断整个题肢、官方正误需模型/人工阶段核定,2026-09-24-attribution-v2
BJ-2026-HD-QIMO-Q9,①,,B3,仅词典命中弱信号(精度约0.66-0.88)，不构成准入依据；本册是否可独立判断整个题肢、官方正误需模型/人工阶段核定,2026-09-24-attribution-v2
BJ-2026-HD-QIMO-Q9,②,X2,B3,仅词典命中弱信号(精度约0.66-0.88)，不构成准入依据；本册是否可独立判断整个题肢、官方正误需模型/人工阶段核定,2026-09-24-attribution-v2
BJ-2026-HD-QIMO-Q9,③,X2,B3,仅词典命中弱信号(精度约0.66-0.88)，不构成准入依据；本册是否可独立判断整个题肢、官方正误需模型/人工阶段核定,2026-09-24-attribution-v2
BJ-2026-HD-QIMO-Q9,④,X2,B3,仅词典命中弱信号(精度约0.66-0.88)，不构成准入依据；本册是否可独立判断整个题肢、官方正误需模型/人工阶段核定,2026-09-24-attribution-v2
BJ-2026-HD-QIMO-Q10,①,X2,X2,仅词典命中弱信号(精度约0.66-0.88)，不构成准入依据；本册是否可独立判断整个题肢、官方正误需模型/人工阶段核定,2026-09-24-attribution-v2
BJ-2026-HD-QIMO-Q10,②,X2,X2,仅词典命中弱信号(精度约0.66-0.88)，不构成准入依据；本册是否可独立判断整个题肢、官方正误需模型/人工阶段核定,2026-09-24-attribution-v2
BJ-2026-HD-QIMO-Q10,③,X2,X2,仅词典命中弱信号(精度约0.66-0.88)，不构成准入依据；本册是否可独立判断整个题肢、官方正误需模型/人工阶段核定,2026-09-24-attribution-v2
BJ-2026-HD-QIMO-Q10,④,,X2,仅词典命中弱信号(精度约0.66-0.88)，不构成准入依据；本册是否可独立判断整个题肢、官方正误需模型/人工阶段核定,2026-09-24-attribution-v2
BJ-2026-HD-QIMO-Q11,A,RE,B3,仅词典命中弱信号(精度约0.66-0.88)，不构成准入依据；本册是否可独立判断整个题肢、官方正误需模型/人工阶段核定,2026-09-24-attribution-v2
BJ-2026-HD-QIMO-Q11,B,RE,B3,仅词典命中弱信号(精度约0.66-0.88)，不构成准入依据；本册是否可独立判断整个题肢、官方正误需模型/人工阶段核定,2026-09-24-attribution-v2
BJ-2026-HD-QIMO-Q11,C,RE,B3,仅词典命中弱信号(精度约0.66-0.88)，不构成准入依据；本册是否可独立判断整个题肢、官方正误需模型/人工阶段核定,2026-09-24-attribution-v2
BJ-2026-HD-QIMO-Q11,D,,B3,仅词典命中弱信号(精度约0.66-0.88)，不构成准入依据；本册是否可独立判断整个题肢、官方正误需模型/人工阶段核定,2026-09-24-attribution-v2
BJ-2026-HD-QIMO-Q12,①,,B2,仅词典命中弱信号(精度约0.66-0.88)，不构成准入依据；本册是否可独立判断整个题肢、官方正误需模型/人工阶段核定,2026-09-24-attribution-v2
BJ-2026-HD-QIMO-Q12,②,,B2,仅词典命中弱信号(精度约0.66-0.88)，不构成准入依据；本册是否可独立判断整个题肢、官方正误需模型/人工阶段核定,2026-09-24-attribution-v2
BJ-2026-HD-QIMO-Q12,③,,B2,仅词典命中弱信号(精度约0.66-0.88)，不构成准入依据；本册是否可独立判断整个题肢、官方正误需模型/人工阶段核定,2026-09-24-attribution-v2
BJ-2026-HD-QIMO-Q12,④,,B2,仅词典命中弱信号(精度约0.66-0.88)，不构成准入依据；本册是否可独立判断整个题肢、官方正误需模型/人工阶段核定,2026-09-24-attribution-v2
BJ-2026-HD-QIMO-Q13,①,RE,B2,仅词典命中弱信号(精度约0.66-0.88)，不构成准入依据；本册是否可独立判断整个题肢、官方正误需模型/人工阶段核定,2026-09-24-attribution-v2
BJ-2026-HD-QIMO-Q13,②,,B2,仅词典命中弱信号(精度约0.66-0.88)，不构成准入依据；本册是否可独立判断整个题肢、官方正误需模型/人工阶段核定,2026-09-24-attribution-v2
BJ-2026-HD-QIMO-Q13,③,RE,B2,仅词典命中弱信号(精度约0.66-0.88)，不构成准入依据；本册是否可独立判断整个题肢、官方正误需模型/人工阶段核定,2026-09-24-attribution-v2
BJ-2026-HD-QIMO-Q13,④,RE,B2,仅词典命中弱信号(精度约0.66-0.88)，不构成准入依据；本册是否可独立判断整个题肢、官方正误需模型/人工阶段核定,2026-09-24-attribution-v2
BJ-2026-HD-QIMO-Q14,A,,B2,仅词典命中弱信号(精度约0.66-0.88)，不构成准入依据；本册是否可独立判断整个题肢、官方正误需模型/人工阶段核定,2026-09-24-attribution-v2
BJ-2026-HD-QIMO-Q14,B,RE,B2,仅词典命中弱信号(精度约0.66-0.88)，不构成准入依据；本册是否可独立判断整个题肢、官方正误需模型/人工阶段核定,2026-09-24-attribution-v2
BJ-2026-HD-QIMO-Q14,C,MI,B2,仅词典命中弱信号(精度约0.66-0.88)，不构成准入依据；本册是否可独立判断整个题肢、官方正误需模型/人工阶段核定,2026-09-24-attribution-v2
BJ-2026-HD-QIMO-Q14,D,MI,B2,仅词典命中弱信号(精度约0.66-0.88)，不构成准入依据；本册是否可独立判断整个题肢、官方正误需模型/人工阶段核定,2026-09-24-attribution-v2
BJ-2026-HD-QIMO-Q15,①,,X1,仅词典命中弱信号(精度约0.66-0.88)，不构成准入依据；本册是否可独立判断整个题肢、官方正误需模型/人工阶段核定,2026-09-24-attribution-v2
BJ-2026-HD-QIMO-Q15,②,,X1,仅词典命中弱信号(精度约0.66-0.88)，不构成准入依据；本册是否可独立判断整个题肢、官方正误需模型/人工阶段核定,2026-09-24-attribution-v2
BJ-2026-HD-QIMO-Q15,③,B2,X1,仅词典命中弱信号(精度约0.66-0.88)，不构成准入依据；本册是否可独立判断整个题肢、官方正误需模型/人工阶段核定,2026-09-24-attribution-v2
BJ-2026-HD-QIMO-Q15,④,MI,X1,仅词典命中弱信号(精度约0.66-0.88)，不构成准入依据；本册是否可独立判断整个题肢、官方正误需模型/人工阶段核定,2026-09-24-attribution-v2
BJ-2026-XC-QIMO-Q1,①,,B3,仅词典命中弱信号(精度约0.66-0.88)，不构成准入依据；本册是否可独立判断整个题肢、官方正误需模型/人工阶段核定,2026-09-24-attribution-v2
BJ-2026-XC-QIMO-Q1,②,,B3,仅词典命中弱信号(精度约0.66-0.88)，不构成准入依据；本册是否可独立判断整个题肢、官方正误需模型/人工阶段核定,2026-09-24-attribution-v2
BJ-2026-XC-QIMO-Q1,③,B1,B3,仅词典命中弱信号(精度约0.66-0.88)，不构成准入依据；本册是否可独立判断整个题肢、官方正误需模型/人工阶段核定,2026-09-24-attribution-v2
BJ-2026-XC-QIMO-Q1,④,,B3,仅词典命中弱信号(精度约0.66-0.88)，不构成准入依据；本册是否可独立判断整个题肢、官方正误需模型/人工阶段核定,2026-09-24-attribution-v2
BJ-2026-XC-QIMO-Q2,①,B2,B3,仅词典命中弱信号(精度约0.66-0.88)，不构成准入依据；本册是否可独立判断整个题肢、官方正误需模型/人工阶段核定,2026-09-24-attribution-v2
BJ-2026-XC-QIMO-Q2,②,,B3,仅词典命中弱信号(精度约0.66-0.88)，不构成准入依据；本册是否可独立判断整个题肢、官方正误需模型/人工阶段核定,2026-09-24-attribution-v2
BJ-2026-XC-QIMO-Q2,③,X1,B3,仅词典命中弱信号(精度约0.66-0.88)，不构成准入依据；本册是否可独立判断整个题肢、官方正误需模型/人工阶段核定,2026-09-24-attribution-v2
BJ-2026-XC-QIMO-Q2,④,,B3,仅词典命中弱信号(精度约0.66-0.88)，不构成准入依据；本册是否可独立判断整个题肢、官方正误需模型/人工阶段核定,2026-09-24-attribution-v2
BJ-2026-XC-QIMO-Q3,①,,PH,仅词典命中弱信号(精度约0.66-0.88)，不构成准入依据；本册是否可独立判断整个题肢、官方正误需模型/人工阶段核定,2026-09-24-attribution-v2
BJ-2026-XC-QIMO-Q3,②,PH,PH,仅词典命中弱信号(精度约0.66-0.88)，不构成准入依据；本册是否可独立判断整个题肢、官方正误需模型/人工阶段核定,2026-09-24-attribution-v2
BJ-2026-XC-QIMO-Q3,③,,PH,仅词典命中弱信号(精度约0.66-0.88)，不构成准入依据；本册是否可独立判断整个题肢、官方正误需模型/人工阶段核定,2026-09-24-attribution-v2
BJ-2026-XC-QIMO-Q3,④,,PH,仅词典命中弱信号(精度约0.66-0.88)，不构成准入依据；本册是否可独立判断整个题肢、官方正误需模型/人工阶段核定,2026-09-24-attribution-v2
BJ-2026-XC-QIMO-Q4,A,,PH,仅词典命中弱信号(精度约0.66-0.88)，不构成准入依据；本册是否可独立判断整个题肢、官方正误需模型/人工阶段核定,2026-09-24-attribution-v2
BJ-2026-XC-QIMO-Q4,B,PH,PH,仅词典命中弱信号(精度约0.66-0.88)，不构成准入依据；本册是否可独立判断整个题肢、官方正误需模型/人工阶段核定,2026-09-24-attribution-v2
BJ-2026-XC-QIMO-Q4,C,,PH,仅词典命中弱信号(精度约0.66-0.88)，不构成准入依据；本册是否可独立判断整个题肢、官方正误需模型/人工阶段核定,2026-09-24-attribution-v2
BJ-2026-XC-QIMO-Q4,D,,PH,仅词典命中弱信号(精度约0.66-0.88)，不构成准入依据；本册是否可独立判断整个题肢、官方正误需模型/人工阶段核定,2026-09-24-attribution-v2
BJ-2026-XC-QIMO-Q5,A,,PH,仅词典命中弱信号(精度约0.66-0.88)，不构成准入依据；本册是否可独立判断整个题肢、官方正误需模型/人工阶段核定,2026-09-24-attribution-v2
BJ-2026-XC-QIMO-Q5,B,PH,PH,仅词典命中弱信号(精度约0.66-0.88)，不构成准入依据；本册是否可独立判断整个题肢、官方正误需模型/人工阶段核定,2026-09-24-attribution-v2
BJ-2026-XC-QIMO-Q5,C,PH,PH,仅词典命中弱信号(精度约0.66-0.88)，不构成准入依据；本册是否可独立判断整个题肢、官方正误需模型/人工阶段核定,2026-09-24-attribution-v2
BJ-2026-XC-QIMO-Q5,D,,PH,仅词典命中弱信号(精度约0.66-0.88)，不构成准入依据；本册是否可独立判断整个题肢、官方正误需模型/人工阶段核定,2026-09-24-attribution-v2
BJ-2026-XC-QIMO-Q6,①,X2,CU,仅词典命中弱信号(精度约0.66-0.88)，不构成准入依据；本册是否可独立判断整个题肢、官方正误需模型/人工阶段核定,2026-09-24-attribution-v2
BJ-2026-XC-QIMO-Q6,②,X2,CU,仅词典命中弱信号(精度约0.66-0.88)，不构成准入依据；本册是否可独立判断整个题肢、官方正误需模型/人工阶段核定,2026-09-24-attribution-v2
BJ-2026-XC-QIMO-Q6,③,X2,CU,仅词典命中弱信号(精度约0.66-0.88)，不构成准入依据；本册是否可独立判断整个题肢、官方正误需模型/人工阶段核定,2026-09-24-attribution-v2
BJ-2026-XC-QIMO-Q6,④,,CU,仅词典命中弱信号(精度约0.66-0.88)，不构成准入依据；本册是否可独立判断整个题肢、官方正误需模型/人工阶段核定,2026-09-24-attribution-v2
BJ-2026-XC-QIMO-Q7,A,X2,B3,仅词典命中弱信号(精度约0.66-0.88)，不构成准入依据；本册是否可独立判断整个题肢、官方正误需模型/人工阶段核定,2026-09-24-attribution-v2
BJ-2026-XC-QIMO-Q7,B,X2,B3,仅词典命中弱信号(精度约0.66-0.88)，不构成准入依据；本册是否可独立判断整个题肢、官方正误需模型/人工阶段核定,2026-09-24-attribution-v2
BJ-2026-XC-QIMO-Q7,C,X2,B3,仅词典命中弱信号(精度约0.66-0.88)，不构成准入依据；本册是否可独立判断整个题肢、官方正误需模型/人工阶段核定,2026-09-24-attribution-v2
BJ-2026-XC-QIMO-Q7,D,X2,B3,仅词典命中弱信号(精度约0.66-0.88)，不构成准入依据；本册是否可独立判断整个题肢、官方正误需模型/人工阶段核定,2026-09-24-attribution-v2
BJ-2026-XC-QIMO-Q8,①,B2;X1,B3,仅词典命中弱信号(精度约0.66-0.88)，不构成准入依据；本册是否可独立判断整个题肢、官方正误需模型/人工阶段核定,2026-09-24-attribution-v2
BJ-2026-XC-QIMO-Q8,②,,B3,仅词典命中弱信号(精度约0.66-0.88)，不构成准入依据；本册是否可独立判断整个题肢、官方正误需模型/人工阶段核定,2026-09-24-attribution-v2
BJ-2026-XC-QIMO-Q8,③,RE,B3,仅词典命中弱信号(精度约0.66-0.88)，不构成准入依据；本册是否可独立判断整个题肢、官方正误需模型/人工阶段核定,2026-09-24-attribution-v2
BJ-2026-XC-QIMO-Q8,④,RE,B3,仅词典命中弱信号(精度约0.66-0.88)，不构成准入依据；本册是否可独立判断整个题肢、官方正误需模型/人工阶段核定,2026-09-24-attribution-v2
BJ-2026-XC-QIMO-Q10,①,B3,X2,仅词典命中弱信号(精度约0.66-0.88)，不构成准入依据；本册是否可独立判断整个题肢、官方正误需模型/人工阶段核定,2026-09-24-attribution-v2
BJ-2026-XC-QIMO-Q10,②,,X2,仅词典命中弱信号(精度约0.66-0.88)，不构成准入依据；本册是否可独立判断整个题肢、官方正误需模型/人工阶段核定,2026-09-24-attribution-v2
BJ-2026-XC-QIMO-Q10,③,,X2,仅词典命中弱信号(精度约0.66-0.88)，不构成准入依据；本册是否可独立判断整个题肢、官方正误需模型/人工阶段核定,2026-09-24-attribution-v2
BJ-2026-XC-QIMO-Q10,④,B3,X2,仅词典命中弱信号(精度约0.66-0.88)，不构成准入依据；本册是否可独立判断整个题肢、官方正误需模型/人工阶段核定,2026-09-24-attribution-v2
BJ-2026-XC-QIMO-Q11,①,B2,B3,仅词典命中弱信号(精度约0.66-0.88)，不构成准入依据；本册是否可独立判断整个题肢、官方正误需模型/人工阶段核定,2026-09-24-attribution-v2
BJ-2026-XC-QIMO-Q11,②,B3,B3,仅词典命中弱信号(精度约0.66-0.88)，不构成准入依据；本册是否可独立判断整个题肢、官方正误需模型/人工阶段核定,2026-09-24-attribution-v2
BJ-2026-XC-QIMO-Q11,③,,B3,仅词典命中弱信号(精度约0.66-0.88)，不构成准入依据；本册是否可独立判断整个题肢、官方正误需模型/人工阶段核定,2026-09-24-attribution-v2
BJ-2026-XC-QIMO-Q11,④,,B3,仅词典命中弱信号(精度约0.66-0.88)，不构成准入依据；本册是否可独立判断整个题肢、官方正误需模型/人工阶段核定,2026-09-24-attribution-v2
BJ-2026-XC-QIMO-Q12,A,,B2,仅词典命中弱信号(精度约0.66-0.88)，不构成准入依据；本册是否可独立判断整个题肢、官方正误需模型/人工阶段核定,2026-09-24-attribution-v2
BJ-2026-XC-QIMO-Q12,B,,B2,仅词典命中弱信号(精度约0.66-0.88)，不构成准入依据；本册是否可独立判断整个题肢、官方正误需模型/人工阶段核定,2026-09-24-attribution-v2
BJ-2026-XC-QIMO-Q12,C,,B2,仅词典命中弱信号(精度约0.66-0.88)，不构成准入依据；本册是否可独立判断整个题肢、官方正误需模型/人工阶段核定,2026-09-24-attribution-v2
BJ-2026-XC-QIMO-Q12,D,,B2,仅词典命中弱信号(精度约0.66-0.88)，不构成准入依据；本册是否可独立判断整个题肢、官方正误需模型/人工阶段核定,2026-09-24-attribution-v2
BJ-2026-XC-QIMO-Q13,①,X2,B2,仅词典命中弱信号(精度约0.66-0.88)，不构成准入依据；本册是否可独立判断整个题肢、官方正误需模型/人工阶段核定,2026-09-24-attribution-v2
BJ-2026-XC-QIMO-Q13,②,X2,B2,仅词典命中弱信号(精度约0.66-0.88)，不构成准入依据；本册是否可独立判断整个题肢、官方正误需模型/人工阶段核定,2026-09-24-attribution-v2
BJ-2026-XC-QIMO-Q13,③,,B2,仅词典命中弱信号(精度约0.66-0.88)，不构成准入依据；本册是否可独立判断整个题肢、官方正误需模型/人工阶段核定,2026-09-24-attribution-v2
BJ-2026-XC-QIMO-Q13,④,X2,B2,仅词典命中弱信号(精度约0.66-0.88)，不构成准入依据；本册是否可独立判断整个题肢、官方正误需模型/人工阶段核定,2026-09-24-attribution-v2
BJ-2026-XC-QIMO-Q14,①,,B2,仅词典命中弱信号(精度约0.66-0.88)，不构成准入依据；本册是否可独立判断整个题肢、官方正误需模型/人工阶段核定,2026-09-24-attribution-v2
BJ-2026-XC-QIMO-Q14,②,B2,B2,仅词典命中弱信号(精度约0.66-0.88)，不构成准入依据；本册是否可独立判断整个题肢、官方正误需模型/人工阶段核定,2026-09-24-attribution-v2
BJ-2026-XC-QIMO-Q14,③,,B2,仅词典命中弱信号(精度约0.66-0.88)，不构成准入依据；本册是否可独立判断整个题肢、官方正误需模型/人工阶段核定,2026-09-24-attribution-v2
BJ-2026-XC-QIMO-Q14,④,,B2,仅词典命中弱信号(精度约0.66-0.88)，不构成准入依据；本册是否可独立判断整个题肢、官方正误需模型/人工阶段核定,2026-09-24-attribution-v2
BJ-2026-TZ-QIMO-Q1,①,,CU,仅词典命中弱信号(精度约0.66-0.88)，不构成准入依据；本册是否可独立判断整个题肢、官方正误需模型/人工阶段核定,2026-09-24-attribution-v2
BJ-2026-TZ-QIMO-Q1,②,,CU,仅词典命中弱信号(精度约0.66-0.88)，不构成准入依据；本册是否可独立判断整个题肢、官方正误需模型/人工阶段核定,2026-09-24-attribution-v2
BJ-2026-TZ-QIMO-Q1,③,X1,CU,仅词典命中弱信号(精度约0.66-0.88)，不构成准入依据；本册是否可独立判断整个题肢、官方正误需模型/人工阶段核定,2026-09-24-attribution-v2
BJ-2026-TZ-QIMO-Q1,④,,CU,仅词典命中弱信号(精度约0.66-0.88)，不构成准入依据；本册是否可独立判断整个题肢、官方正误需模型/人工阶段核定,2026-09-24-attribution-v2
BJ-2026-TZ-QIMO-Q2,A,,B3,仅词典命中弱信号(精度约0.66-0.88)，不构成准入依据；本册是否可独立判断整个题肢、官方正误需模型/人工阶段核定,2026-09-24-attribution-v2
BJ-2026-TZ-QIMO-Q2,B,,B3,仅词典命中弱信号(精度约0.66-0.88)，不构成准入依据；本册是否可独立判断整个题肢、官方正误需模型/人工阶段核定,2026-09-24-attribution-v2
BJ-2026-TZ-QIMO-Q2,C,,B3,仅词典命中弱信号(精度约0.66-0.88)，不构成准入依据；本册是否可独立判断整个题肢、官方正误需模型/人工阶段核定,2026-09-24-attribution-v2
BJ-2026-TZ-QIMO-Q2,D,B2,B3,仅词典命中弱信号(精度约0.66-0.88)，不构成准入依据；本册是否可独立判断整个题肢、官方正误需模型/人工阶段核定,2026-09-24-attribution-v2
BJ-2026-TZ-QIMO-Q4,①,,PH,仅词典命中弱信号(精度约0.66-0.88)，不构成准入依据；本册是否可独立判断整个题肢、官方正误需模型/人工阶段核定,2026-09-24-attribution-v2
BJ-2026-TZ-QIMO-Q4,②,,PH,仅词典命中弱信号(精度约0.66-0.88)，不构成准入依据；本册是否可独立判断整个题肢、官方正误需模型/人工阶段核定,2026-09-24-attribution-v2
BJ-2026-TZ-QIMO-Q4,③,,PH,仅词典命中弱信号(精度约0.66-0.88)，不构成准入依据；本册是否可独立判断整个题肢、官方正误需模型/人工阶段核定,2026-09-24-attribution-v2
BJ-2026-TZ-QIMO-Q4,④,B2,PH,仅词典命中弱信号(精度约0.66-0.88)，不构成准入依据；本册是否可独立判断整个题肢、官方正误需模型/人工阶段核定,2026-09-24-attribution-v2
BJ-2026-TZ-QIMO-Q5,①,B3,PH,仅词典命中弱信号(精度约0.66-0.88)，不构成准入依据；本册是否可独立判断整个题肢、官方正误需模型/人工阶段核定,2026-09-24-attribution-v2
BJ-2026-TZ-QIMO-Q5,②,MI,PH,仅词典命中弱信号(精度约0.66-0.88)，不构成准入依据；本册是否可独立判断整个题肢、官方正误需模型/人工阶段核定,2026-09-24-attribution-v2
BJ-2026-TZ-QIMO-Q5,③,B3,PH,仅词典命中弱信号(精度约0.66-0.88)，不构成准入依据；本册是否可独立判断整个题肢、官方正误需模型/人工阶段核定,2026-09-24-attribution-v2
BJ-2026-TZ-QIMO-Q5,④,B3,PH,仅词典命中弱信号(精度约0.66-0.88)，不构成准入依据；本册是否可独立判断整个题肢、官方正误需模型/人工阶段核定,2026-09-24-attribution-v2
BJ-2026-TZ-QIMO-Q7,①,,B3,仅词典命中弱信号(精度约0.66-0.88)，不构成准入依据；本册是否可独立判断整个题肢、官方正误需模型/人工阶段核定,2026-09-24-attribution-v2
BJ-2026-TZ-QIMO-Q7,②,PH,B3,仅词典命中弱信号(精度约0.66-0.88)，不构成准入依据；本册是否可独立判断整个题肢、官方正误需模型/人工阶段核定,2026-09-24-attribution-v2
BJ-2026-TZ-QIMO-Q7,③,,B3,仅词典命中弱信号(精度约0.66-0.88)，不构成准入依据；本册是否可独立判断整个题肢、官方正误需模型/人工阶段核定,2026-09-24-attribution-v2
BJ-2026-TZ-QIMO-Q7,④,PH,B3,仅词典命中弱信号(精度约0.66-0.88)，不构成准入依据；本册是否可独立判断整个题肢、官方正误需模型/人工阶段核定,2026-09-24-attribution-v2
BJ-2026-TZ-QIMO-Q8,①,,B3,仅词典命中弱信号(精度约0.66-0.88)，不构成准入依据；本册是否可独立判断整个题肢、官方正误需模型/人工阶段核定,2026-09-24-attribution-v2
BJ-2026-TZ-QIMO-Q8,②,,B3,仅词典命中弱信号(精度约0.66-0.88)，不构成准入依据；本册是否可独立判断整个题肢、官方正误需模型/人工阶段核定,2026-09-24-attribution-v2
BJ-2026-TZ-QIMO-Q8,③,,B3,仅词典命中弱信号(精度约0.66-0.88)，不构成准入依据；本册是否可独立判断整个题肢、官方正误需模型/人工阶段核定,2026-09-24-attribution-v2
BJ-2026-TZ-QIMO-Q8,④,,B3,仅词典命中弱信号(精度约0.66-0.88)，不构成准入依据；本册是否可独立判断整个题肢、官方正误需模型/人工阶段核定,2026-09-24-attribution-v2
BJ-2026-TZ-QIMO-Q9,A,,B3,仅词典命中弱信号(精度约0.66-0.88)，不构成准入依据；本册是否可独立判断整个题肢、官方正误需模型/人工阶段核定,2026-09-24-attribution-v2
BJ-2026-TZ-QIMO-Q9,B,MI,B3,仅词典命中弱信号(精度约0.66-0.88)，不构成准入依据；本册是否可独立判断整个题肢、官方正误需模型/人工阶段核定,2026-09-24-attribution-v2
BJ-2026-TZ-QIMO-Q9,C,MI,B3,仅词典命中弱信号(精度约0.66-0.88)，不构成准入依据；本册是否可独立判断整个题肢、官方正误需模型/人工阶段核定,2026-09-24-attribution-v2
BJ-2026-TZ-QIMO-Q9,D,B2,B3,仅词典命中弱信号(精度约0.66-0.88)，不构成准入依据；本册是否可独立判断整个题肢、官方正误需模型/人工阶段核定,2026-09-24-attribution-v2
BJ-2026-TZ-QIMO-Q10,②,,X2,仅词典命中弱信号(精度约0.66-0.88)，不构成准入依据；本册是否可独立判断整个题肢、官方正误需模型/人工阶段核定,2026-09-24-attribution-v2
BJ-2026-TZ-QIMO-Q10,③,,X2,仅词典命中弱信号(精度约0.66-0.88)，不构成准入依据；本册是否可独立判断整个题肢、官方正误需模型/人工阶段核定,2026-09-24-attribution-v2
BJ-2026-TZ-QIMO-Q10,④,,X2,仅词典命中弱信号(精度约0.66-0.88)，不构成准入依据；本册是否可独立判断整个题肢、官方正误需模型/人工阶段核定,2026-09-24-attribution-v2
BJ-2026-TZ-QIMO-Q11,A,PH,B3,仅词典命中弱信号(精度约0.66-0.88)，不构成准入依据；本册是否可独立判断整个题肢、官方正误需模型/人工阶段核定,2026-09-24-attribution-v2
BJ-2026-TZ-QIMO-Q11,B,,B3,仅词典命中弱信号(精度约0.66-0.88)，不构成准入依据；本册是否可独立判断整个题肢、官方正误需模型/人工阶段核定,2026-09-24-attribution-v2
BJ-2026-TZ-QIMO-Q11,C,MI,B3,仅词典命中弱信号(精度约0.66-0.88)，不构成准入依据；本册是否可独立判断整个题肢、官方正误需模型/人工阶段核定,2026-09-24-attribution-v2
BJ-2026-TZ-QIMO-Q11,D,RE,B3,仅词典命中弱信号(精度约0.66-0.88)，不构成准入依据；本册是否可独立判断整个题肢、官方正误需模型/人工阶段核定,2026-09-24-attribution-v2
BJ-2026-TZ-QIMO-Q12,①,X2,B2,仅词典命中弱信号(精度约0.66-0.88)，不构成准入依据；本册是否可独立判断整个题肢、官方正误需模型/人工阶段核定,2026-09-24-attribution-v2
BJ-2026-TZ-QIMO-Q12,②,X2,B2,仅词典命中弱信号(精度约0.66-0.88)，不构成准入依据；本册是否可独立判断整个题肢、官方正误需模型/人工阶段核定,2026-09-24-attribution-v2
BJ-2026-TZ-QIMO-Q12,③,X2,B2,仅词典命中弱信号(精度约0.66-0.88)，不构成准入依据；本册是否可独立判断整个题肢、官方正误需模型/人工阶段核定,2026-09-24-attribution-v2
BJ-2026-TZ-QIMO-Q12,④,X2,B2,仅词典命中弱信号(精度约0.66-0.88)，不构成准入依据；本册是否可独立判断整个题肢、官方正误需模型/人工阶段核定,2026-09-24-attribution-v2
BJ-2026-TZ-QIMO-Q13,A,X2,B2,仅词典命中弱信号(精度约0.66-0.88)，不构成准入依据；本册是否可独立判断整个题肢、官方正误需模型/人工阶段核定,2026-09-24-attribution-v2
BJ-2026-TZ-QIMO-Q13,B,,B2,仅词典命中弱信号(精度约0.66-0.88)，不构成准入依据；本册是否可独立判断整个题肢、官方正误需模型/人工阶段核定,2026-09-24-attribution-v2
BJ-2026-TZ-QIMO-Q13,C,X2,B2,仅词典命中弱信号(精度约0.66-0.88)，不构成准入依据；本册是否可独立判断整个题肢、官方正误需模型/人工阶段核定,2026-09-24-attribution-v2
BJ-2026-TZ-QIMO-Q14,①,X1,B2,仅词典命中弱信号(精度约0.66-0.88)，不构成准入依据；本册是否可独立判断整个题肢、官方正误需模型/人工阶段核定,2026-09-24-attribution-v2
BJ-2026-TZ-QIMO-Q14,②,,B2,仅词典命中弱信号(精度约0.66-0.88)，不构成准入依据；本册是否可独立判断整个题肢、官方正误需模型/人工阶段核定,2026-09-24-attribution-v2
BJ-2026-TZ-QIMO-Q14,③,,B2,仅词典命中弱信号(精度约0.66-0.88)，不构成准入依据；本册是否可独立判断整个题肢、官方正误需模型/人工阶段核定,2026-09-24-attribution-v2
BJ-2026-TZ-QIMO-Q14,④,X1,B2,仅词典命中弱信号(精度约0.66-0.88)，不构成准入依据；本册是否可独立判断整个题肢、官方正误需模型/人工阶段核定,2026-09-24-attribution-v2
BJ-2026-TZ-QIMO-Q15,①,X1,X1,仅词典命中弱信号(精度约0.66-0.88)，不构成准入依据；本册是否可独立判断整个题肢、官方正误需模型/人工阶段核定,2026-09-24-attribution-v2
BJ-2026-TZ-QIMO-Q15,②,B2;X1,X1,仅词典命中弱信号(精度约0.66-0.88)，不构成准入依据；本册是否可独立判断整个题肢、官方正误需模型/人工阶段核定,2026-09-24-attribution-v2
BJ-2026-TZ-QIMO-Q15,③,,X1,仅词典命中弱信号(精度约0.66-0.88)，不构成准入依据；本册是否可独立判断整个题肢、官方正误需模型/人工阶段核定,2026-09-24-attribution-v2
BJ-2026-TZ-QIMO-Q15,④,,X1,仅词典命中弱信号(精度约0.66-0.88)，不构成准入依据；本册是否可独立判断整个题肢、官方正误需模型/人工阶段核定,2026-09-24-attribution-v2
BJ-2026-SJS-QIMO-Q1,①,X1,B3,仅词典命中弱信号(精度约0.66-0.88)，不构成准入依据；本册是否可独立判断整个题肢、官方正误需模型/人工阶段核定,2026-09-24-attribution-v2
BJ-2026-SJS-QIMO-Q1,②,B3,B3,仅词典命中弱信号(精度约0.66-0.88)，不构成准入依据；本册是否可独立判断整个题肢、官方正误需模型/人工阶段核定,2026-09-24-attribution-v2
BJ-2026-SJS-QIMO-Q1,③,,B3,仅词典命中弱信号(精度约0.66-0.88)，不构成准入依据；本册是否可独立判断整个题肢、官方正误需模型/人工阶段核定,2026-09-24-attribution-v2
BJ-2026-SJS-QIMO-Q1,④,B3,B3,仅词典命中弱信号(精度约0.66-0.88)，不构成准入依据；本册是否可独立判断整个题肢、官方正误需模型/人工阶段核定,2026-09-24-attribution-v2
BJ-2026-SJS-QIMO-Q2,①,CU,B3,仅词典命中弱信号(精度约0.66-0.88)，不构成准入依据；本册是否可独立判断整个题肢、官方正误需模型/人工阶段核定,2026-09-24-attribution-v2
BJ-2026-SJS-QIMO-Q2,②,,B3,仅词典命中弱信号(精度约0.66-0.88)，不构成准入依据；本册是否可独立判断整个题肢、官方正误需模型/人工阶段核定,2026-09-24-attribution-v2
BJ-2026-SJS-QIMO-Q2,③,CU,B3,仅词典命中弱信号(精度约0.66-0.88)，不构成准入依据；本册是否可独立判断整个题肢、官方正误需模型/人工阶段核定,2026-09-24-attribution-v2
BJ-2026-SJS-QIMO-Q2,④,CU,B3,仅词典命中弱信号(精度约0.66-0.88)，不构成准入依据；本册是否可独立判断整个题肢、官方正误需模型/人工阶段核定,2026-09-24-attribution-v2
BJ-2026-SJS-QIMO-Q3,①,,PH,仅词典命中弱信号(精度约0.66-0.88)，不构成准入依据；本册是否可独立判断整个题肢、官方正误需模型/人工阶段核定,2026-09-24-attribution-v2
BJ-2026-SJS-QIMO-Q3,②,,PH,仅词典命中弱信号(精度约0.66-0.88)，不构成准入依据；本册是否可独立判断整个题肢、官方正误需模型/人工阶段核定,2026-09-24-attribution-v2
BJ-2026-SJS-QIMO-Q3,③,B2,PH,仅词典命中弱信号(精度约0.66-0.88)，不构成准入依据；本册是否可独立判断整个题肢、官方正误需模型/人工阶段核定,2026-09-24-attribution-v2
BJ-2026-SJS-QIMO-Q3,④,,PH,仅词典命中弱信号(精度约0.66-0.88)，不构成准入依据；本册是否可独立判断整个题肢、官方正误需模型/人工阶段核定,2026-09-24-attribution-v2
BJ-2026-SJS-QIMO-Q4,①,B2;B3,PH,仅词典命中弱信号(精度约0.66-0.88)，不构成准入依据；本册是否可独立判断整个题肢、官方正误需模型/人工阶段核定,2026-09-24-attribution-v2
BJ-2026-SJS-QIMO-Q4,②,B2;X2,PH,仅词典命中弱信号(精度约0.66-0.88)，不构成准入依据；本册是否可独立判断整个题肢、官方正误需模型/人工阶段核定,2026-09-24-attribution-v2
BJ-2026-SJS-QIMO-Q4,③,B2,PH,仅词典命中弱信号(精度约0.66-0.88)，不构成准入依据；本册是否可独立判断整个题肢、官方正误需模型/人工阶段核定,2026-09-24-attribution-v2
BJ-2026-SJS-QIMO-Q4,④,,PH,仅词典命中弱信号(精度约0.66-0.88)，不构成准入依据；本册是否可独立判断整个题肢、官方正误需模型/人工阶段核定,2026-09-24-attribution-v2
BJ-2026-SJS-QIMO-Q5,①,B2,PH,仅词典命中弱信号(精度约0.66-0.88)，不构成准入依据；本册是否可独立判断整个题肢、官方正误需模型/人工阶段核定,2026-09-24-attribution-v2
BJ-2026-SJS-QIMO-Q5,②,B2,PH,仅词典命中弱信号(精度约0.66-0.88)，不构成准入依据；本册是否可独立判断整个题肢、官方正误需模型/人工阶段核定,2026-09-24-attribution-v2
BJ-2026-SJS-QIMO-Q5,③,X1,PH,仅词典命中弱信号(精度约0.66-0.88)，不构成准入依据；本册是否可独立判断整个题肢、官方正误需模型/人工阶段核定,2026-09-24-attribution-v2
BJ-2026-SJS-QIMO-Q5,④,X1,PH,仅词典命中弱信号(精度约0.66-0.88)，不构成准入依据；本册是否可独立判断整个题肢、官方正误需模型/人工阶段核定,2026-09-24-attribution-v2
BJ-2026-SJS-QIMO-Q6,①,B2,CU,仅词典命中弱信号(精度约0.66-0.88)，不构成准入依据；本册是否可独立判断整个题肢、官方正误需模型/人工阶段核定,2026-09-24-attribution-v2
BJ-2026-SJS-QIMO-Q6,②,B1;PH,CU,仅词典命中弱信号(精度约0.66-0.88)，不构成准入依据；本册是否可独立判断整个题肢、官方正误需模型/人工阶段核定,2026-09-24-attribution-v2
BJ-2026-SJS-QIMO-Q6,③,B2,CU,仅词典命中弱信号(精度约0.66-0.88)，不构成准入依据；本册是否可独立判断整个题肢、官方正误需模型/人工阶段核定,2026-09-24-attribution-v2
BJ-2026-SJS-QIMO-Q6,④,PH,CU,仅词典命中弱信号(精度约0.66-0.88)，不构成准入依据；本册是否可独立判断整个题肢、官方正误需模型/人工阶段核定,2026-09-24-attribution-v2
BJ-2026-SJS-QIMO-Q7,①,B3,B3,仅词典命中弱信号(精度约0.66-0.88)，不构成准入依据；本册是否可独立判断整个题肢、官方正误需模型/人工阶段核定,2026-09-24-attribution-v2
BJ-2026-SJS-QIMO-Q7,②,,B3,仅词典命中弱信号(精度约0.66-0.88)，不构成准入依据；本册是否可独立判断整个题肢、官方正误需模型/人工阶段核定,2026-09-24-attribution-v2
BJ-2026-SJS-QIMO-Q7,③,,B3,仅词典命中弱信号(精度约0.66-0.88)，不构成准入依据；本册是否可独立判断整个题肢、官方正误需模型/人工阶段核定,2026-09-24-attribution-v2
BJ-2026-SJS-QIMO-Q7,④,B3,B3,仅词典命中弱信号(精度约0.66-0.88)，不构成准入依据；本册是否可独立判断整个题肢、官方正误需模型/人工阶段核定,2026-09-24-attribution-v2
BJ-2026-SJS-QIMO-Q8,①,PH,B3,仅词典命中弱信号(精度约0.66-0.88)，不构成准入依据；本册是否可独立判断整个题肢、官方正误需模型/人工阶段核定,2026-09-24-attribution-v2
BJ-2026-SJS-QIMO-Q8,②,,B3,仅词典命中弱信号(精度约0.66-0.88)，不构成准入依据；本册是否可独立判断整个题肢、官方正误需模型/人工阶段核定,2026-09-24-attribution-v2
BJ-2026-SJS-QIMO-Q8,③,,B3,仅词典命中弱信号(精度约0.66-0.88)，不构成准入依据；本册是否可独立判断整个题肢、官方正误需模型/人工阶段核定,2026-09-24-attribution-v2
BJ-2026-SJS-QIMO-Q8,④,,B3,仅词典命中弱信号(精度约0.66-0.88)，不构成准入依据；本册是否可独立判断整个题肢、官方正误需模型/人工阶段核定,2026-09-24-attribution-v2
BJ-2026-SJS-QIMO-Q9,①,,B3,仅词典命中弱信号(精度约0.66-0.88)，不构成准入依据；本册是否可独立判断整个题肢、官方正误需模型/人工阶段核定,2026-09-24-attribution-v2
BJ-2026-SJS-QIMO-Q9,②,B2,B3,仅词典命中弱信号(精度约0.66-0.88)，不构成准入依据；本册是否可独立判断整个题肢、官方正误需模型/人工阶段核定,2026-09-24-attribution-v2
BJ-2026-SJS-QIMO-Q9,③,B2,B3,仅词典命中弱信号(精度约0.66-0.88)，不构成准入依据；本册是否可独立判断整个题肢、官方正误需模型/人工阶段核定,2026-09-24-attribution-v2
BJ-2026-SJS-QIMO-Q9,④,,B3,仅词典命中弱信号(精度约0.66-0.88)，不构成准入依据；本册是否可独立判断整个题肢、官方正误需模型/人工阶段核定,2026-09-24-attribution-v2
BJ-2026-SJS-QIMO-Q10,A,,B3,仅词典命中弱信号(精度约0.66-0.88)，不构成准入依据；本册是否可独立判断整个题肢、官方正误需模型/人工阶段核定,2026-09-24-attribution-v2
BJ-2026-SJS-QIMO-Q10,B,X2,B3,仅词典命中弱信号(精度约0.66-0.88)，不构成准入依据；本册是否可独立判断整个题肢、官方正误需模型/人工阶段核定,2026-09-24-attribution-v2
BJ-2026-SJS-QIMO-Q10,C,X2,B3,仅词典命中弱信号(精度约0.66-0.88)，不构成准入依据；本册是否可独立判断整个题肢、官方正误需模型/人工阶段核定,2026-09-24-attribution-v2
BJ-2026-SJS-QIMO-Q10,D,X2,B3,仅词典命中弱信号(精度约0.66-0.88)，不构成准入依据；本册是否可独立判断整个题肢、官方正误需模型/人工阶段核定,2026-09-24-attribution-v2
BJ-2026-SJS-QIMO-Q11,A,X2,B3,仅词典命中弱信号(精度约0.66-0.88)，不构成准入依据；本册是否可独立判断整个题肢、官方正误需模型/人工阶段核定,2026-09-24-attribution-v2
BJ-2026-SJS-QIMO-Q11,B,X2,B3,仅词典命中弱信号(精度约0.66-0.88)，不构成准入依据；本册是否可独立判断整个题肢、官方正误需模型/人工阶段核定,2026-09-24-attribution-v2
BJ-2026-SJS-QIMO-Q11,C,B2;X2,B3,仅词典命中弱信号(精度约0.66-0.88)，不构成准入依据；本册是否可独立判断整个题肢、官方正误需模型/人工阶段核定,2026-09-24-attribution-v2
BJ-2026-SJS-QIMO-Q11,D,X2,B3,仅词典命中弱信号(精度约0.66-0.88)，不构成准入依据；本册是否可独立判断整个题肢、官方正误需模型/人工阶段核定,2026-09-24-attribution-v2
BJ-2026-SJS-QIMO-Q12,A,X2,B2,仅词典命中弱信号(精度约0.66-0.88)，不构成准入依据；本册是否可独立判断整个题肢、官方正误需模型/人工阶段核定,2026-09-24-attribution-v2
BJ-2026-SJS-QIMO-Q12,B,X2,B2,仅词典命中弱信号(精度约0.66-0.88)，不构成准入依据；本册是否可独立判断整个题肢、官方正误需模型/人工阶段核定,2026-09-24-attribution-v2
BJ-2026-SJS-QIMO-Q12,C,X2,B2,仅词典命中弱信号(精度约0.66-0.88)，不构成准入依据；本册是否可独立判断整个题肢、官方正误需模型/人工阶段核定,2026-09-24-attribution-v2
BJ-2026-SJS-QIMO-Q12,D,X2,B2,仅词典命中弱信号(精度约0.66-0.88)，不构成准入依据；本册是否可独立判断整个题肢、官方正误需模型/人工阶段核定,2026-09-24-attribution-v2
BJ-2026-SJS-QIMO-Q13,①,RE,B2,仅词典命中弱信号(精度约0.66-0.88)，不构成准入依据；本册是否可独立判断整个题肢、官方正误需模型/人工阶段核定,2026-09-24-attribution-v2
BJ-2026-SJS-QIMO-Q13,②,RE,B2,仅词典命中弱信号(精度约0.66-0.88)，不构成准入依据；本册是否可独立判断整个题肢、官方正误需模型/人工阶段核定,2026-09-24-attribution-v2
BJ-2026-SJS-QIMO-Q13,③,RE,B2,仅词典命中弱信号(精度约0.66-0.88)，不构成准入依据；本册是否可独立判断整个题肢、官方正误需模型/人工阶段核定,2026-09-24-attribution-v2
BJ-2026-SJS-QIMO-Q13,④,RE,B2,仅词典命中弱信号(精度约0.66-0.88)，不构成准入依据；本册是否可独立判断整个题肢、官方正误需模型/人工阶段核定,2026-09-24-attribution-v2
BJ-2026-SJS-QIMO-Q14,①,RE,B2,仅词典命中弱信号(精度约0.66-0.88)，不构成准入依据；本册是否可独立判断整个题肢、官方正误需模型/人工阶段核定,2026-09-24-attribution-v2
BJ-2026-SJS-QIMO-Q14,②,RE,B2,仅词典命中弱信号(精度约0.66-0.88)，不构成准入依据；本册是否可独立判断整个题肢、官方正误需模型/人工阶段核定,2026-09-24-attribution-v2
BJ-2026-SJS-QIMO-Q14,③,,B2,仅词典命中弱信号(精度约0.66-0.88)，不构成准入依据；本册是否可独立判断整个题肢、官方正误需模型/人工阶段核定,2026-09-24-attribution-v2
BJ-2026-SJS-QIMO-Q14,④,,B2,仅词典命中弱信号(精度约0.66-0.88)，不构成准入依据；本册是否可独立判断整个题肢、官方正误需模型/人工阶段核定,2026-09-24-attribution-v2
BJ-2024-BJ-GAOKAO-Q1,①,B3,B3,仅词典命中弱信号(精度约0.66-0.88)，不构成准入依据；本册是否可独立判断整个题肢、官方正误需模型/人工阶段核定,2026-09-24-attribution-v2
BJ-2024-BJ-GAOKAO-Q1,②,,B3,仅词典命中弱信号(精度约0.66-0.88)，不构成准入依据；本册是否可独立判断整个题肢、官方正误需模型/人工阶段核定,2026-09-24-attribution-v2
BJ-2024-BJ-GAOKAO-Q1,③,,B3,仅词典命中弱信号(精度约0.66-0.88)，不构成准入依据；本册是否可独立判断整个题肢、官方正误需模型/人工阶段核定,2026-09-24-attribution-v2
BJ-2024-BJ-GAOKAO-Q1,④,,B3,仅词典命中弱信号(精度约0.66-0.88)，不构成准入依据；本册是否可独立判断整个题肢、官方正误需模型/人工阶段核定,2026-09-24-attribution-v2
BJ-2024-BJ-GAOKAO-Q2,①,PH,CU,仅词典命中弱信号(精度约0.66-0.88)，不构成准入依据；本册是否可独立判断整个题肢、官方正误需模型/人工阶段核定,2026-09-24-attribution-v2
BJ-2024-BJ-GAOKAO-Q2,②,B2,CU,仅词典命中弱信号(精度约0.66-0.88)，不构成准入依据；本册是否可独立判断整个题肢、官方正误需模型/人工阶段核定,2026-09-24-attribution-v2
BJ-2024-BJ-GAOKAO-Q2,③,,CU,仅词典命中弱信号(精度约0.66-0.88)，不构成准入依据；本册是否可独立判断整个题肢、官方正误需模型/人工阶段核定,2026-09-24-attribution-v2
BJ-2024-BJ-GAOKAO-Q2,④,,CU,仅词典命中弱信号(精度约0.66-0.88)，不构成准入依据；本册是否可独立判断整个题肢、官方正误需模型/人工阶段核定,2026-09-24-attribution-v2
BJ-2024-BJ-GAOKAO-Q3,A,,PH,仅词典命中弱信号(精度约0.66-0.88)，不构成准入依据；本册是否可独立判断整个题肢、官方正误需模型/人工阶段核定,2026-09-24-attribution-v2
BJ-2024-BJ-GAOKAO-Q3,B,,PH,仅词典命中弱信号(精度约0.66-0.88)，不构成准入依据；本册是否可独立判断整个题肢、官方正误需模型/人工阶段核定,2026-09-24-attribution-v2
BJ-2024-BJ-GAOKAO-Q3,C,,PH,仅词典命中弱信号(精度约0.66-0.88)，不构成准入依据；本册是否可独立判断整个题肢、官方正误需模型/人工阶段核定,2026-09-24-attribution-v2
BJ-2024-BJ-GAOKAO-Q3,D,RE,PH,仅词典命中弱信号(精度约0.66-0.88)，不构成准入依据；本册是否可独立判断整个题肢、官方正误需模型/人工阶段核定,2026-09-24-attribution-v2
BJ-2024-BJ-GAOKAO-Q4,①,PH,PH,仅词典命中弱信号(精度约0.66-0.88)，不构成准入依据；本册是否可独立判断整个题肢、官方正误需模型/人工阶段核定,2026-09-24-attribution-v2
BJ-2024-BJ-GAOKAO-Q4,②,,PH,仅词典命中弱信号(精度约0.66-0.88)，不构成准入依据；本册是否可独立判断整个题肢、官方正误需模型/人工阶段核定,2026-09-24-attribution-v2
BJ-2024-BJ-GAOKAO-Q4,③,,PH,仅词典命中弱信号(精度约0.66-0.88)，不构成准入依据；本册是否可独立判断整个题肢、官方正误需模型/人工阶段核定,2026-09-24-attribution-v2
BJ-2024-BJ-GAOKAO-Q4,④,,PH,仅词典命中弱信号(精度约0.66-0.88)，不构成准入依据；本册是否可独立判断整个题肢、官方正误需模型/人工阶段核定,2026-09-24-attribution-v2
BJ-2024-BJ-GAOKAO-Q5,A,CU;RE,PH,仅词典命中弱信号(精度约0.66-0.88)，不构成准入依据；本册是否可独立判断整个题肢、官方正误需模型/人工阶段核定,2026-09-24-attribution-v2
BJ-2024-BJ-GAOKAO-Q5,B,RE,PH,仅词典命中弱信号(精度约0.66-0.88)，不构成准入依据；本册是否可独立判断整个题肢、官方正误需模型/人工阶段核定,2026-09-24-attribution-v2
BJ-2024-BJ-GAOKAO-Q5,C,,PH,仅词典命中弱信号(精度约0.66-0.88)，不构成准入依据；本册是否可独立判断整个题肢、官方正误需模型/人工阶段核定,2026-09-24-attribution-v2
BJ-2024-BJ-GAOKAO-Q5,D,RE,PH,仅词典命中弱信号(精度约0.66-0.88)，不构成准入依据；本册是否可独立判断整个题肢、官方正误需模型/人工阶段核定,2026-09-24-attribution-v2
BJ-2024-BJ-GAOKAO-Q6,①,,RE,仅词典命中弱信号(精度约0.66-0.88)，不构成准入依据；本册是否可独立判断整个题肢、官方正误需模型/人工阶段核定,2026-09-24-attribution-v2
BJ-2024-BJ-GAOKAO-Q6,②,,RE,仅词典命中弱信号(精度约0.66-0.88)，不构成准入依据；本册是否可独立判断整个题肢、官方正误需模型/人工阶段核定,2026-09-24-attribution-v2
BJ-2024-BJ-GAOKAO-Q6,③,,RE,仅词典命中弱信号(精度约0.66-0.88)，不构成准入依据；本册是否可独立判断整个题肢、官方正误需模型/人工阶段核定,2026-09-24-attribution-v2
BJ-2024-BJ-GAOKAO-Q6,④,,RE,仅词典命中弱信号(精度约0.66-0.88)，不构成准入依据；本册是否可独立判断整个题肢、官方正误需模型/人工阶段核定,2026-09-24-attribution-v2
BJ-2024-BJ-GAOKAO-Q7,①,RE,B3,仅词典命中弱信号(精度约0.66-0.88)，不构成准入依据；本册是否可独立判断整个题肢、官方正误需模型/人工阶段核定,2026-09-24-attribution-v2
BJ-2024-BJ-GAOKAO-Q7,②,,B3,仅词典命中弱信号(精度约0.66-0.88)，不构成准入依据；本册是否可独立判断整个题肢、官方正误需模型/人工阶段核定,2026-09-24-attribution-v2
BJ-2024-BJ-GAOKAO-Q7,③,RE,B3,仅词典命中弱信号(精度约0.66-0.88)，不构成准入依据；本册是否可独立判断整个题肢、官方正误需模型/人工阶段核定,2026-09-24-attribution-v2
BJ-2024-BJ-GAOKAO-Q7,④,RE,B3,仅词典命中弱信号(精度约0.66-0.88)，不构成准入依据；本册是否可独立判断整个题肢、官方正误需模型/人工阶段核定,2026-09-24-attribution-v2
BJ-2024-BJ-GAOKAO-Q8,①,B1,B3,仅词典命中弱信号(精度约0.66-0.88)，不构成准入依据；本册是否可独立判断整个题肢、官方正误需模型/人工阶段核定,2026-09-24-attribution-v2
BJ-2024-BJ-GAOKAO-Q8,②,,B3,仅词典命中弱信号(精度约0.66-0.88)，不构成准入依据；本册是否可独立判断整个题肢、官方正误需模型/人工阶段核定,2026-09-24-attribution-v2
BJ-2024-BJ-GAOKAO-Q8,③,RE,B3,仅词典命中弱信号(精度约0.66-0.88)，不构成准入依据；本册是否可独立判断整个题肢、官方正误需模型/人工阶段核定,2026-09-24-attribution-v2
BJ-2024-BJ-GAOKAO-Q8,④,,B3,仅词典命中弱信号(精度约0.66-0.88)，不构成准入依据；本册是否可独立判断整个题肢、官方正误需模型/人工阶段核定,2026-09-24-attribution-v2
BJ-2024-BJ-GAOKAO-Q8,⑤,,B3,仅词典命中弱信号(精度约0.66-0.88)，不构成准入依据；本册是否可独立判断整个题肢、官方正误需模型/人工阶段核定,2026-09-24-attribution-v2
BJ-2024-BJ-GAOKAO-Q9,①,,B3,仅词典命中弱信号(精度约0.66-0.88)，不构成准入依据；本册是否可独立判断整个题肢、官方正误需模型/人工阶段核定,2026-09-24-attribution-v2
BJ-2024-BJ-GAOKAO-Q9,②,,B3,仅词典命中弱信号(精度约0.66-0.88)，不构成准入依据；本册是否可独立判断整个题肢、官方正误需模型/人工阶段核定,2026-09-24-attribution-v2
BJ-2024-BJ-GAOKAO-Q9,③,,B3,仅词典命中弱信号(精度约0.66-0.88)，不构成准入依据；本册是否可独立判断整个题肢、官方正误需模型/人工阶段核定,2026-09-24-attribution-v2
BJ-2024-BJ-GAOKAO-Q9,④,,B3,仅词典命中弱信号(精度约0.66-0.88)，不构成准入依据；本册是否可独立判断整个题肢、官方正误需模型/人工阶段核定,2026-09-24-attribution-v2
BJ-2024-BJ-GAOKAO-Q9,⑤,B3,B3,仅词典命中弱信号(精度约0.66-0.88)，不构成准入依据；本册是否可独立判断整个题肢、官方正误需模型/人工阶段核定,2026-09-24-attribution-v2
BJ-2024-BJ-GAOKAO-Q9,⑥,,B3,仅词典命中弱信号(精度约0.66-0.88)，不构成准入依据；本册是否可独立判断整个题肢、官方正误需模型/人工阶段核定,2026-09-24-attribution-v2
BJ-2024-BJ-GAOKAO-Q10,①,X2,X2,仅词典命中弱信号(精度约0.66-0.88)，不构成准入依据；本册是否可独立判断整个题肢、官方正误需模型/人工阶段核定,2026-09-24-attribution-v2
BJ-2024-BJ-GAOKAO-Q10,②,X2,X2,仅词典命中弱信号(精度约0.66-0.88)，不构成准入依据；本册是否可独立判断整个题肢、官方正误需模型/人工阶段核定,2026-09-24-attribution-v2
BJ-2024-BJ-GAOKAO-Q10,③,X2,X2,仅词典命中弱信号(精度约0.66-0.88)，不构成准入依据；本册是否可独立判断整个题肢、官方正误需模型/人工阶段核定,2026-09-24-attribution-v2
BJ-2024-BJ-GAOKAO-Q10,④,X2,X2,仅词典命中弱信号(精度约0.66-0.88)，不构成准入依据；本册是否可独立判断整个题肢、官方正误需模型/人工阶段核定,2026-09-24-attribution-v2
BJ-2024-BJ-GAOKAO-Q11,A,X2,X2,仅词典命中弱信号(精度约0.66-0.88)，不构成准入依据；本册是否可独立判断整个题肢、官方正误需模型/人工阶段核定,2026-09-24-attribution-v2
BJ-2024-BJ-GAOKAO-Q11,B,B3;X2,X2,仅词典命中弱信号(精度约0.66-0.88)，不构成准入依据；本册是否可独立判断整个题肢、官方正误需模型/人工阶段核定,2026-09-24-attribution-v2
BJ-2024-BJ-GAOKAO-Q11,C,X2,X2,仅词典命中弱信号(精度约0.66-0.88)，不构成准入依据；本册是否可独立判断整个题肢、官方正误需模型/人工阶段核定,2026-09-24-attribution-v2
BJ-2024-BJ-GAOKAO-Q11,D,X2,X2,仅词典命中弱信号(精度约0.66-0.88)，不构成准入依据；本册是否可独立判断整个题肢、官方正误需模型/人工阶段核定,2026-09-24-attribution-v2
BJ-2024-BJ-GAOKAO-Q12,①,B2,B2,仅词典命中弱信号(精度约0.66-0.88)，不构成准入依据；本册是否可独立判断整个题肢、官方正误需模型/人工阶段核定,2026-09-24-attribution-v2
BJ-2024-BJ-GAOKAO-Q12,②,B2,B2,仅词典命中弱信号(精度约0.66-0.88)，不构成准入依据；本册是否可独立判断整个题肢、官方正误需模型/人工阶段核定,2026-09-24-attribution-v2
BJ-2024-BJ-GAOKAO-Q12,③,,B2,仅词典命中弱信号(精度约0.66-0.88)，不构成准入依据；本册是否可独立判断整个题肢、官方正误需模型/人工阶段核定,2026-09-24-attribution-v2
BJ-2024-BJ-GAOKAO-Q12,④,,B2,仅词典命中弱信号(精度约0.66-0.88)，不构成准入依据；本册是否可独立判断整个题肢、官方正误需模型/人工阶段核定,2026-09-24-attribution-v2
BJ-2024-BJ-GAOKAO-Q13,①,B2,B2,仅词典命中弱信号(精度约0.66-0.88)，不构成准入依据；本册是否可独立判断整个题肢、官方正误需模型/人工阶段核定,2026-09-24-attribution-v2
BJ-2024-BJ-GAOKAO-Q13,②,,B2,仅词典命中弱信号(精度约0.66-0.88)，不构成准入依据；本册是否可独立判断整个题肢、官方正误需模型/人工阶段核定,2026-09-24-attribution-v2
BJ-2024-BJ-GAOKAO-Q13,③,,B2,仅词典命中弱信号(精度约0.66-0.88)，不构成准入依据；本册是否可独立判断整个题肢、官方正误需模型/人工阶段核定,2026-09-24-attribution-v2
BJ-2024-BJ-GAOKAO-Q13,④,,B2,仅词典命中弱信号(精度约0.66-0.88)，不构成准入依据；本册是否可独立判断整个题肢、官方正误需模型/人工阶段核定,2026-09-24-attribution-v2
BJ-2024-BJ-GAOKAO-Q14,①,,X1,仅词典命中弱信号(精度约0.66-0.88)，不构成准入依据；本册是否可独立判断整个题肢、官方正误需模型/人工阶段核定,2026-09-24-attribution-v2
BJ-2024-BJ-GAOKAO-Q14,②,,X1,仅词典命中弱信号(精度约0.66-0.88)，不构成准入依据；本册是否可独立判断整个题肢、官方正误需模型/人工阶段核定,2026-09-24-attribution-v2
BJ-2024-BJ-GAOKAO-Q14,③,X1,X1,仅词典命中弱信号(精度约0.66-0.88)，不构成准入依据；本册是否可独立判断整个题肢、官方正误需模型/人工阶段核定,2026-09-24-attribution-v2
BJ-2024-BJ-GAOKAO-Q14,④,X1,X1,仅词典命中弱信号(精度约0.66-0.88)，不构成准入依据；本册是否可独立判断整个题肢、官方正误需模型/人工阶段核定,2026-09-24-attribution-v2
BJ-2024-BJ-GAOKAO-Q15,①,,X1,仅词典命中弱信号(精度约0.66-0.88)，不构成准入依据；本册是否可独立判断整个题肢、官方正误需模型/人工阶段核定,2026-09-24-attribution-v2
BJ-2024-BJ-GAOKAO-Q15,②,,X1,仅词典命中弱信号(精度约0.66-0.88)，不构成准入依据；本册是否可独立判断整个题肢、官方正误需模型/人工阶段核定,2026-09-24-attribution-v2
BJ-2024-BJ-GAOKAO-Q15,③,X1,X1,仅词典命中弱信号(精度约0.66-0.88)，不构成准入依据；本册是否可独立判断整个题肢、官方正误需模型/人工阶段核定,2026-09-24-attribution-v2
BJ-2024-BJ-GAOKAO-Q15,④,CU,X1,仅词典命中弱信号(精度约0.66-0.88)，不构成准入依据；本册是否可独立判断整个题肢、官方正误需模型/人工阶段核定,2026-09-24-attribution-v2
BJ-2025-BJ-GAOKAO-Q1,①,,B3,仅词典命中弱信号(精度约0.66-0.88)，不构成准入依据；本册是否可独立判断整个题肢、官方正误需模型/人工阶段核定,2026-09-24-attribution-v2
BJ-2025-BJ-GAOKAO-Q1,②,,B3,仅词典命中弱信号(精度约0.66-0.88)，不构成准入依据；本册是否可独立判断整个题肢、官方正误需模型/人工阶段核定,2026-09-24-attribution-v2
BJ-2025-BJ-GAOKAO-Q1,③,,B3,仅词典命中弱信号(精度约0.66-0.88)，不构成准入依据；本册是否可独立判断整个题肢、官方正误需模型/人工阶段核定,2026-09-24-attribution-v2
BJ-2025-BJ-GAOKAO-Q1,④,,B3,仅词典命中弱信号(精度约0.66-0.88)，不构成准入依据；本册是否可独立判断整个题肢、官方正误需模型/人工阶段核定,2026-09-24-attribution-v2
BJ-2025-BJ-GAOKAO-Q2,①,,CU,仅词典命中弱信号(精度约0.66-0.88)，不构成准入依据；本册是否可独立判断整个题肢、官方正误需模型/人工阶段核定,2026-09-24-attribution-v2
BJ-2025-BJ-GAOKAO-Q2,②,MI,CU,仅词典命中弱信号(精度约0.66-0.88)，不构成准入依据；本册是否可独立判断整个题肢、官方正误需模型/人工阶段核定,2026-09-24-attribution-v2
BJ-2025-BJ-GAOKAO-Q2,③,,CU,仅词典命中弱信号(精度约0.66-0.88)，不构成准入依据；本册是否可独立判断整个题肢、官方正误需模型/人工阶段核定,2026-09-24-attribution-v2
BJ-2025-BJ-GAOKAO-Q2,④,,CU,仅词典命中弱信号(精度约0.66-0.88)，不构成准入依据；本册是否可独立判断整个题肢、官方正误需模型/人工阶段核定,2026-09-24-attribution-v2
BJ-2025-BJ-GAOKAO-Q3,①,RE;X2,PH,仅词典命中弱信号(精度约0.66-0.88)，不构成准入依据；本册是否可独立判断整个题肢、官方正误需模型/人工阶段核定,2026-09-24-attribution-v2
BJ-2025-BJ-GAOKAO-Q3,②,,PH,仅词典命中弱信号(精度约0.66-0.88)，不构成准入依据；本册是否可独立判断整个题肢、官方正误需模型/人工阶段核定,2026-09-24-attribution-v2
BJ-2025-BJ-GAOKAO-Q3,③,,PH,仅词典命中弱信号(精度约0.66-0.88)，不构成准入依据；本册是否可独立判断整个题肢、官方正误需模型/人工阶段核定,2026-09-24-attribution-v2
BJ-2025-BJ-GAOKAO-Q3,④,CU,PH,仅词典命中弱信号(精度约0.66-0.88)，不构成准入依据；本册是否可独立判断整个题肢、官方正误需模型/人工阶段核定,2026-09-24-attribution-v2
BJ-2025-BJ-GAOKAO-Q4,A,PH,PH,仅词典命中弱信号(精度约0.66-0.88)，不构成准入依据；本册是否可独立判断整个题肢、官方正误需模型/人工阶段核定,2026-09-24-attribution-v2
BJ-2025-BJ-GAOKAO-Q4,B,,PH,仅词典命中弱信号(精度约0.66-0.88)，不构成准入依据；本册是否可独立判断整个题肢、官方正误需模型/人工阶段核定,2026-09-24-attribution-v2
BJ-2025-BJ-GAOKAO-Q4,C,MI;PH,PH,仅词典命中弱信号(精度约0.66-0.88)，不构成准入依据；本册是否可独立判断整个题肢、官方正误需模型/人工阶段核定,2026-09-24-attribution-v2
BJ-2025-BJ-GAOKAO-Q4,D,,PH,仅词典命中弱信号(精度约0.66-0.88)，不构成准入依据；本册是否可独立判断整个题肢、官方正误需模型/人工阶段核定,2026-09-24-attribution-v2
BJ-2025-BJ-GAOKAO-Q5,A,,PH,仅词典命中弱信号(精度约0.66-0.88)，不构成准入依据；本册是否可独立判断整个题肢、官方正误需模型/人工阶段核定,2026-09-24-attribution-v2
BJ-2025-BJ-GAOKAO-Q5,B,,PH,仅词典命中弱信号(精度约0.66-0.88)，不构成准入依据；本册是否可独立判断整个题肢、官方正误需模型/人工阶段核定,2026-09-24-attribution-v2
BJ-2025-BJ-GAOKAO-Q5,C,,PH,仅词典命中弱信号(精度约0.66-0.88)，不构成准入依据；本册是否可独立判断整个题肢、官方正误需模型/人工阶段核定,2026-09-24-attribution-v2
BJ-2025-BJ-GAOKAO-Q5,D,,PH,仅词典命中弱信号(精度约0.66-0.88)，不构成准入依据；本册是否可独立判断整个题肢、官方正误需模型/人工阶段核定,2026-09-24-attribution-v2
BJ-2025-BJ-GAOKAO-Q6,A,,RE,仅词典命中弱信号(精度约0.66-0.88)，不构成准入依据；本册是否可独立判断整个题肢、官方正误需模型/人工阶段核定,2026-09-24-attribution-v2
BJ-2025-BJ-GAOKAO-Q6,B,MI,RE,仅词典命中弱信号(精度约0.66-0.88)，不构成准入依据；本册是否可独立判断整个题肢、官方正误需模型/人工阶段核定,2026-09-24-attribution-v2
BJ-2025-BJ-GAOKAO-Q6,C,RE,RE,仅词典命中弱信号(精度约0.66-0.88)，不构成准入依据；本册是否可独立判断整个题肢、官方正误需模型/人工阶段核定,2026-09-24-attribution-v2
BJ-2025-BJ-GAOKAO-Q6,D,PH,RE,仅词典命中弱信号(精度约0.66-0.88)，不构成准入依据；本册是否可独立判断整个题肢、官方正误需模型/人工阶段核定,2026-09-24-attribution-v2
BJ-2025-BJ-GAOKAO-Q7,A,RE,B3,仅词典命中弱信号(精度约0.66-0.88)，不构成准入依据；本册是否可独立判断整个题肢、官方正误需模型/人工阶段核定,2026-09-24-attribution-v2
BJ-2025-BJ-GAOKAO-Q7,B,B2,B3,仅词典命中弱信号(精度约0.66-0.88)，不构成准入依据；本册是否可独立判断整个题肢、官方正误需模型/人工阶段核定,2026-09-24-attribution-v2
BJ-2025-BJ-GAOKAO-Q7,C,MI,B3,仅词典命中弱信号(精度约0.66-0.88)，不构成准入依据；本册是否可独立判断整个题肢、官方正误需模型/人工阶段核定,2026-09-24-attribution-v2
BJ-2025-BJ-GAOKAO-Q7,D,MI,B3,仅词典命中弱信号(精度约0.66-0.88)，不构成准入依据；本册是否可独立判断整个题肢、官方正误需模型/人工阶段核定,2026-09-24-attribution-v2
BJ-2025-BJ-GAOKAO-Q8,①,,B3,仅词典命中弱信号(精度约0.66-0.88)，不构成准入依据；本册是否可独立判断整个题肢、官方正误需模型/人工阶段核定,2026-09-24-attribution-v2
BJ-2025-BJ-GAOKAO-Q8,②,B3;X1,B3,仅词典命中弱信号(精度约0.66-0.88)，不构成准入依据；本册是否可独立判断整个题肢、官方正误需模型/人工阶段核定,2026-09-24-attribution-v2
BJ-2025-BJ-GAOKAO-Q8,③,,B3,仅词典命中弱信号(精度约0.66-0.88)，不构成准入依据；本册是否可独立判断整个题肢、官方正误需模型/人工阶段核定,2026-09-24-attribution-v2
BJ-2025-BJ-GAOKAO-Q8,④,B3,B3,仅词典命中弱信号(精度约0.66-0.88)，不构成准入依据；本册是否可独立判断整个题肢、官方正误需模型/人工阶段核定,2026-09-24-attribution-v2
BJ-2025-BJ-GAOKAO-Q9,A,,B3,仅词典命中弱信号(精度约0.66-0.88)，不构成准入依据；本册是否可独立判断整个题肢、官方正误需模型/人工阶段核定,2026-09-24-attribution-v2
BJ-2025-BJ-GAOKAO-Q9,B,,B3,仅词典命中弱信号(精度约0.66-0.88)，不构成准入依据；本册是否可独立判断整个题肢、官方正误需模型/人工阶段核定,2026-09-24-attribution-v2
BJ-2025-BJ-GAOKAO-Q9,C,,B3,仅词典命中弱信号(精度约0.66-0.88)，不构成准入依据；本册是否可独立判断整个题肢、官方正误需模型/人工阶段核定,2026-09-24-attribution-v2
BJ-2025-BJ-GAOKAO-Q9,D,,B3,仅词典命中弱信号(精度约0.66-0.88)，不构成准入依据；本册是否可独立判断整个题肢、官方正误需模型/人工阶段核定,2026-09-24-attribution-v2
BJ-2025-BJ-GAOKAO-Q10,A,X2,X2,仅词典命中弱信号(精度约0.66-0.88)，不构成准入依据；本册是否可独立判断整个题肢、官方正误需模型/人工阶段核定,2026-09-24-attribution-v2
BJ-2025-BJ-GAOKAO-Q10,B,X2,X2,仅词典命中弱信号(精度约0.66-0.88)，不构成准入依据；本册是否可独立判断整个题肢、官方正误需模型/人工阶段核定,2026-09-24-attribution-v2
BJ-2025-BJ-GAOKAO-Q10,C,X2,X2,仅词典命中弱信号(精度约0.66-0.88)，不构成准入依据；本册是否可独立判断整个题肢、官方正误需模型/人工阶段核定,2026-09-24-attribution-v2
BJ-2025-BJ-GAOKAO-Q10,D,X2,X2,仅词典命中弱信号(精度约0.66-0.88)，不构成准入依据；本册是否可独立判断整个题肢、官方正误需模型/人工阶段核定,2026-09-24-attribution-v2
BJ-2025-BJ-GAOKAO-Q11,A,X2,X2,仅词典命中弱信号(精度约0.66-0.88)，不构成准入依据；本册是否可独立判断整个题肢、官方正误需模型/人工阶段核定,2026-09-24-attribution-v2
BJ-2025-BJ-GAOKAO-Q11,B,X2,X2,仅词典命中弱信号(精度约0.66-0.88)，不构成准入依据；本册是否可独立判断整个题肢、官方正误需模型/人工阶段核定,2026-09-24-attribution-v2
BJ-2025-BJ-GAOKAO-Q11,C,X2,X2,仅词典命中弱信号(精度约0.66-0.88)，不构成准入依据；本册是否可独立判断整个题肢、官方正误需模型/人工阶段核定,2026-09-24-attribution-v2
BJ-2025-BJ-GAOKAO-Q11,D,X2,X2,仅词典命中弱信号(精度约0.66-0.88)，不构成准入依据；本册是否可独立判断整个题肢、官方正误需模型/人工阶段核定,2026-09-24-attribution-v2
BJ-2025-BJ-GAOKAO-Q12,①,B2,B2,仅词典命中弱信号(精度约0.66-0.88)，不构成准入依据；本册是否可独立判断整个题肢、官方正误需模型/人工阶段核定,2026-09-24-attribution-v2
BJ-2025-BJ-GAOKAO-Q12,②,B2,B2,仅词典命中弱信号(精度约0.66-0.88)，不构成准入依据；本册是否可独立判断整个题肢、官方正误需模型/人工阶段核定,2026-09-24-attribution-v2
BJ-2025-BJ-GAOKAO-Q12,③,B2,B2,仅词典命中弱信号(精度约0.66-0.88)，不构成准入依据；本册是否可独立判断整个题肢、官方正误需模型/人工阶段核定,2026-09-24-attribution-v2
BJ-2025-BJ-GAOKAO-Q12,④,B2,B2,仅词典命中弱信号(精度约0.66-0.88)，不构成准入依据；本册是否可独立判断整个题肢、官方正误需模型/人工阶段核定,2026-09-24-attribution-v2
BJ-2025-BJ-GAOKAO-Q13,①,,B2,仅词典命中弱信号(精度约0.66-0.88)，不构成准入依据；本册是否可独立判断整个题肢、官方正误需模型/人工阶段核定,2026-09-24-attribution-v2
BJ-2025-BJ-GAOKAO-Q13,②,,B2,仅词典命中弱信号(精度约0.66-0.88)，不构成准入依据；本册是否可独立判断整个题肢、官方正误需模型/人工阶段核定,2026-09-24-attribution-v2
BJ-2025-BJ-GAOKAO-Q13,③,,B2,仅词典命中弱信号(精度约0.66-0.88)，不构成准入依据；本册是否可独立判断整个题肢、官方正误需模型/人工阶段核定,2026-09-24-attribution-v2
BJ-2025-BJ-GAOKAO-Q13,④,B2,B2,仅词典命中弱信号(精度约0.66-0.88)，不构成准入依据；本册是否可独立判断整个题肢、官方正误需模型/人工阶段核定,2026-09-24-attribution-v2
BJ-2025-BJ-GAOKAO-Q14,①,B2,X1,仅词典命中弱信号(精度约0.66-0.88)，不构成准入依据；本册是否可独立判断整个题肢、官方正误需模型/人工阶段核定,2026-09-24-attribution-v2
BJ-2025-BJ-GAOKAO-Q14,②,B2,X1,仅词典命中弱信号(精度约0.66-0.88)，不构成准入依据；本册是否可独立判断整个题肢、官方正误需模型/人工阶段核定,2026-09-24-attribution-v2
BJ-2025-BJ-GAOKAO-Q14,③,B2,X1,仅词典命中弱信号(精度约0.66-0.88)，不构成准入依据；本册是否可独立判断整个题肢、官方正误需模型/人工阶段核定,2026-09-24-attribution-v2
BJ-2025-BJ-GAOKAO-Q14,④,X1,X1,仅词典命中弱信号(精度约0.66-0.88)，不构成准入依据；本册是否可独立判断整个题肢、官方正误需模型/人工阶段核定,2026-09-24-attribution-v2
BJ-2025-BJ-GAOKAO-Q15,①,B2;X1,X1,仅词典命中弱信号(精度约0.66-0.88)，不构成准入依据；本册是否可独立判断整个题肢、官方正误需模型/人工阶段核定,2026-09-24-attribution-v2
BJ-2025-BJ-GAOKAO-Q15,②,B2,X1,仅词典命中弱信号(精度约0.66-0.88)，不构成准入依据；本册是否可独立判断整个题肢、官方正误需模型/人工阶段核定,2026-09-24-attribution-v2
BJ-2025-BJ-GAOKAO-Q15,③,X1,X1,仅词典命中弱信号(精度约0.66-0.88)，不构成准入依据；本册是否可独立判断整个题肢、官方正误需模型/人工阶段核定,2026-09-24-attribution-v2
BJ-2025-BJ-GAOKAO-Q15,④,X1,X1,仅词典命中弱信号(精度约0.66-0.88)，不构成准入依据；本册是否可独立判断整个题肢、官方正误需模型/人工阶段核定,2026-09-24-attribution-v2
BJ-2026-BJ-GAOKAO-Q1,①,,B3,仅词典命中弱信号(精度约0.66-0.88)，不构成准入依据；本册是否可独立判断整个题肢、官方正误需模型/人工阶段核定,2026-09-24-attribution-v2
BJ-2026-BJ-GAOKAO-Q1,②,,B3,仅词典命中弱信号(精度约0.66-0.88)，不构成准入依据；本册是否可独立判断整个题肢、官方正误需模型/人工阶段核定,2026-09-24-attribution-v2
BJ-2026-BJ-GAOKAO-Q1,③,B2,B3,仅词典命中弱信号(精度约0.66-0.88)，不构成准入依据；本册是否可独立判断整个题肢、官方正误需模型/人工阶段核定,2026-09-24-attribution-v2
BJ-2026-BJ-GAOKAO-Q1,④,B2,B3,仅词典命中弱信号(精度约0.66-0.88)，不构成准入依据；本册是否可独立判断整个题肢、官方正误需模型/人工阶段核定,2026-09-24-attribution-v2
BJ-2026-BJ-GAOKAO-Q2,①,,CU,仅词典命中弱信号(精度约0.66-0.88)，不构成准入依据；本册是否可独立判断整个题肢、官方正误需模型/人工阶段核定,2026-09-24-attribution-v2
BJ-2026-BJ-GAOKAO-Q2,②,X1,CU,仅词典命中弱信号(精度约0.66-0.88)，不构成准入依据；本册是否可独立判断整个题肢、官方正误需模型/人工阶段核定,2026-09-24-attribution-v2
BJ-2026-BJ-GAOKAO-Q2,③,,CU,仅词典命中弱信号(精度约0.66-0.88)，不构成准入依据；本册是否可独立判断整个题肢、官方正误需模型/人工阶段核定,2026-09-24-attribution-v2
BJ-2026-BJ-GAOKAO-Q2,④,,CU,仅词典命中弱信号(精度约0.66-0.88)，不构成准入依据；本册是否可独立判断整个题肢、官方正误需模型/人工阶段核定,2026-09-24-attribution-v2
BJ-2026-BJ-GAOKAO-Q3,①,,PH,仅词典命中弱信号(精度约0.66-0.88)，不构成准入依据；本册是否可独立判断整个题肢、官方正误需模型/人工阶段核定,2026-09-24-attribution-v2
BJ-2026-BJ-GAOKAO-Q3,②,,PH,仅词典命中弱信号(精度约0.66-0.88)，不构成准入依据；本册是否可独立判断整个题肢、官方正误需模型/人工阶段核定,2026-09-24-attribution-v2
BJ-2026-BJ-GAOKAO-Q3,③,,PH,仅词典命中弱信号(精度约0.66-0.88)，不构成准入依据；本册是否可独立判断整个题肢、官方正误需模型/人工阶段核定,2026-09-24-attribution-v2
BJ-2026-BJ-GAOKAO-Q3,④,,PH,仅词典命中弱信号(精度约0.66-0.88)，不构成准入依据；本册是否可独立判断整个题肢、官方正误需模型/人工阶段核定,2026-09-24-attribution-v2
BJ-2026-BJ-GAOKAO-Q4,①,PH,PH,仅词典命中弱信号(精度约0.66-0.88)，不构成准入依据；本册是否可独立判断整个题肢、官方正误需模型/人工阶段核定,2026-09-24-attribution-v2
BJ-2026-BJ-GAOKAO-Q4,②,,PH,仅词典命中弱信号(精度约0.66-0.88)，不构成准入依据；本册是否可独立判断整个题肢、官方正误需模型/人工阶段核定,2026-09-24-attribution-v2
BJ-2026-BJ-GAOKAO-Q4,③,,PH,仅词典命中弱信号(精度约0.66-0.88)，不构成准入依据；本册是否可独立判断整个题肢、官方正误需模型/人工阶段核定,2026-09-24-attribution-v2
BJ-2026-BJ-GAOKAO-Q4,④,,PH,仅词典命中弱信号(精度约0.66-0.88)，不构成准入依据；本册是否可独立判断整个题肢、官方正误需模型/人工阶段核定,2026-09-24-attribution-v2
BJ-2026-BJ-GAOKAO-Q7,A,RE,B3,仅词典命中弱信号(精度约0.66-0.88)，不构成准入依据；本册是否可独立判断整个题肢、官方正误需模型/人工阶段核定,2026-09-24-attribution-v2
BJ-2026-BJ-GAOKAO-Q7,B,MI,B3,仅词典命中弱信号(精度约0.66-0.88)，不构成准入依据；本册是否可独立判断整个题肢、官方正误需模型/人工阶段核定,2026-09-24-attribution-v2
BJ-2026-BJ-GAOKAO-Q7,C,RE,B3,仅词典命中弱信号(精度约0.66-0.88)，不构成准入依据；本册是否可独立判断整个题肢、官方正误需模型/人工阶段核定,2026-09-24-attribution-v2
BJ-2026-BJ-GAOKAO-Q7,D,RE,B3,仅词典命中弱信号(精度约0.66-0.88)，不构成准入依据；本册是否可独立判断整个题肢、官方正误需模型/人工阶段核定,2026-09-24-attribution-v2
BJ-2026-BJ-GAOKAO-Q5,①,PH,PH,仅词典命中弱信号(精度约0.66-0.88)，不构成准入依据；本册是否可独立判断整个题肢、官方正误需模型/人工阶段核定,2026-09-24-attribution-v2
BJ-2026-BJ-GAOKAO-Q5,②,,PH,仅词典命中弱信号(精度约0.66-0.88)，不构成准入依据；本册是否可独立判断整个题肢、官方正误需模型/人工阶段核定,2026-09-24-attribution-v2
BJ-2026-BJ-GAOKAO-Q5,③,PH,PH,仅词典命中弱信号(精度约0.66-0.88)，不构成准入依据；本册是否可独立判断整个题肢、官方正误需模型/人工阶段核定,2026-09-24-attribution-v2
BJ-2026-BJ-GAOKAO-Q5,④,,PH,仅词典命中弱信号(精度约0.66-0.88)，不构成准入依据；本册是否可独立判断整个题肢、官方正误需模型/人工阶段核定,2026-09-24-attribution-v2
BJ-2026-BJ-GAOKAO-Q6,①,,RE,仅词典命中弱信号(精度约0.66-0.88)，不构成准入依据；本册是否可独立判断整个题肢、官方正误需模型/人工阶段核定,2026-09-24-attribution-v2
BJ-2026-BJ-GAOKAO-Q6,②,,RE,仅词典命中弱信号(精度约0.66-0.88)，不构成准入依据；本册是否可独立判断整个题肢、官方正误需模型/人工阶段核定,2026-09-24-attribution-v2
BJ-2026-BJ-GAOKAO-Q6,③,,RE,仅词典命中弱信号(精度约0.66-0.88)，不构成准入依据；本册是否可独立判断整个题肢、官方正误需模型/人工阶段核定,2026-09-24-attribution-v2
BJ-2026-BJ-GAOKAO-Q8,①,,B3,仅词典命中弱信号(精度约0.66-0.88)，不构成准入依据；本册是否可独立判断整个题肢、官方正误需模型/人工阶段核定,2026-09-24-attribution-v2
BJ-2026-BJ-GAOKAO-Q8,②,,B3,仅词典命中弱信号(精度约0.66-0.88)，不构成准入依据；本册是否可独立判断整个题肢、官方正误需模型/人工阶段核定,2026-09-24-attribution-v2
BJ-2026-BJ-GAOKAO-Q8,③,,B3,仅词典命中弱信号(精度约0.66-0.88)，不构成准入依据；本册是否可独立判断整个题肢、官方正误需模型/人工阶段核定,2026-09-24-attribution-v2
BJ-2026-BJ-GAOKAO-Q9,①,X2,B3,仅词典命中弱信号(精度约0.66-0.88)，不构成准入依据；本册是否可独立判断整个题肢、官方正误需模型/人工阶段核定,2026-09-24-attribution-v2
BJ-2026-BJ-GAOKAO-Q9,②,X2,B3,仅词典命中弱信号(精度约0.66-0.88)，不构成准入依据；本册是否可独立判断整个题肢、官方正误需模型/人工阶段核定,2026-09-24-attribution-v2
BJ-2026-BJ-GAOKAO-Q9,③,B2;X2,B3,仅词典命中弱信号(精度约0.66-0.88)，不构成准入依据；本册是否可独立判断整个题肢、官方正误需模型/人工阶段核定,2026-09-24-attribution-v2
BJ-2026-BJ-GAOKAO-Q9,④,X2,B3,仅词典命中弱信号(精度约0.66-0.88)，不构成准入依据；本册是否可独立判断整个题肢、官方正误需模型/人工阶段核定,2026-09-24-attribution-v2
BJ-2026-BJ-GAOKAO-Q10,A,,X2,仅词典命中弱信号(精度约0.66-0.88)，不构成准入依据；本册是否可独立判断整个题肢、官方正误需模型/人工阶段核定,2026-09-24-attribution-v2
BJ-2026-BJ-GAOKAO-Q10,B,X2,X2,仅词典命中弱信号(精度约0.66-0.88)，不构成准入依据；本册是否可独立判断整个题肢、官方正误需模型/人工阶段核定,2026-09-24-attribution-v2
BJ-2026-BJ-GAOKAO-Q10,C,X2,X2,仅词典命中弱信号(精度约0.66-0.88)，不构成准入依据；本册是否可独立判断整个题肢、官方正误需模型/人工阶段核定,2026-09-24-attribution-v2
BJ-2026-BJ-GAOKAO-Q10,D,B2,X2,仅词典命中弱信号(精度约0.66-0.88)，不构成准入依据；本册是否可独立判断整个题肢、官方正误需模型/人工阶段核定,2026-09-24-attribution-v2
BJ-2026-BJ-GAOKAO-Q11,①,B3,X2,仅词典命中弱信号(精度约0.66-0.88)，不构成准入依据；本册是否可独立判断整个题肢、官方正误需模型/人工阶段核定,2026-09-24-attribution-v2
BJ-2026-BJ-GAOKAO-Q11,②,B3,X2,仅词典命中弱信号(精度约0.66-0.88)，不构成准入依据；本册是否可独立判断整个题肢、官方正误需模型/人工阶段核定,2026-09-24-attribution-v2
BJ-2026-BJ-GAOKAO-Q11,③,B3,X2,仅词典命中弱信号(精度约0.66-0.88)，不构成准入依据；本册是否可独立判断整个题肢、官方正误需模型/人工阶段核定,2026-09-24-attribution-v2
BJ-2026-BJ-GAOKAO-Q11,④,B3,X2,仅词典命中弱信号(精度约0.66-0.88)，不构成准入依据；本册是否可独立判断整个题肢、官方正误需模型/人工阶段核定,2026-09-24-attribution-v2
BJ-2026-BJ-GAOKAO-Q12,A,,B2,仅词典命中弱信号(精度约0.66-0.88)，不构成准入依据；本册是否可独立判断整个题肢、官方正误需模型/人工阶段核定,2026-09-24-attribution-v2
BJ-2026-BJ-GAOKAO-Q12,B,B2,B2,仅词典命中弱信号(精度约0.66-0.88)，不构成准入依据；本册是否可独立判断整个题肢、官方正误需模型/人工阶段核定,2026-09-24-attribution-v2
BJ-2026-BJ-GAOKAO-Q12,C,B3,B2,仅词典命中弱信号(精度约0.66-0.88)，不构成准入依据；本册是否可独立判断整个题肢、官方正误需模型/人工阶段核定,2026-09-24-attribution-v2
BJ-2026-BJ-GAOKAO-Q12,D,,B2,仅词典命中弱信号(精度约0.66-0.88)，不构成准入依据；本册是否可独立判断整个题肢、官方正误需模型/人工阶段核定,2026-09-24-attribution-v2
BJ-2026-BJ-GAOKAO-Q13,①,B2,B2,仅词典命中弱信号(精度约0.66-0.88)，不构成准入依据；本册是否可独立判断整个题肢、官方正误需模型/人工阶段核定,2026-09-24-attribution-v2
BJ-2026-BJ-GAOKAO-Q13,②,B2,B2,仅词典命中弱信号(精度约0.66-0.88)，不构成准入依据；本册是否可独立判断整个题肢、官方正误需模型/人工阶段核定,2026-09-24-attribution-v2
BJ-2026-BJ-GAOKAO-Q13,③,B2,B2,仅词典命中弱信号(精度约0.66-0.88)，不构成准入依据；本册是否可独立判断整个题肢、官方正误需模型/人工阶段核定,2026-09-24-attribution-v2
BJ-2026-BJ-GAOKAO-Q13,④,B2,B2,仅词典命中弱信号(精度约0.66-0.88)，不构成准入依据；本册是否可独立判断整个题肢、官方正误需模型/人工阶段核定,2026-09-24-attribution-v2
BJ-2026-BJ-GAOKAO-Q14,①,,X1,仅词典命中弱信号(精度约0.66-0.88)，不构成准入依据；本册是否可独立判断整个题肢、官方正误需模型/人工阶段核定,2026-09-24-attribution-v2
BJ-2026-BJ-GAOKAO-Q14,②,,X1,仅词典命中弱信号(精度约0.66-0.88)，不构成准入依据；本册是否可独立判断整个题肢、官方正误需模型/人工阶段核定,2026-09-24-attribution-v2
BJ-2026-BJ-GAOKAO-Q14,③,X1,X1,仅词典命中弱信号(精度约0.66-0.88)，不构成准入依据；本册是否可独立判断整个题肢、官方正误需模型/人工阶段核定,2026-09-24-attribution-v2
BJ-2026-BJ-GAOKAO-Q14,④,B2,X1,仅词典命中弱信号(精度约0.66-0.88)，不构成准入依据；本册是否可独立判断整个题肢、官方正误需模型/人工阶段核定,2026-09-24-attribution-v2
BJ-2026-BJ-GAOKAO-Q15,A,,X1,仅词典命中弱信号(精度约0.66-0.88)，不构成准入依据；本册是否可独立判断整个题肢、官方正误需模型/人工阶段核定,2026-09-24-attribution-v2
BJ-2026-BJ-GAOKAO-Q15,B,CU,X1,仅词典命中弱信号(精度约0.66-0.88)，不构成准入依据；本册是否可独立判断整个题肢、官方正误需模型/人工阶段核定,2026-09-24-attribution-v2
BJ-2026-BJ-GAOKAO-Q15,C,X1,X1,仅词典命中弱信号(精度约0.66-0.88)，不构成准入依据；本册是否可独立判断整个题肢、官方正误需模型/人工阶段核定,2026-09-24-attribution-v2
BJ-2026-BJ-GAOKAO-Q15,D,X1,X1,仅词典命中弱信号(精度约0.66-0.88)，不构成准入依据；本册是否可独立判断整个题肢、官方正误需模型/人工阶段核定,2026-09-24-attribution-v2
BJ-2026-FT-YIMO-Q5,①,,PH,仅词典命中弱信号(精度约0.66-0.88)，不构成准入依据；本册是否可独立判断整个题肢、官方正误需模型/人工阶段核定,2026-09-24-attribution-v2
BJ-2026-FT-YIMO-Q5,②,,PH,仅词典命中弱信号(精度约0.66-0.88)，不构成准入依据；本册是否可独立判断整个题肢、官方正误需模型/人工阶段核定,2026-09-24-attribution-v2
BJ-2026-FT-YIMO-Q5,③,,PH,仅词典命中弱信号(精度约0.66-0.88)，不构成准入依据；本册是否可独立判断整个题肢、官方正误需模型/人工阶段核定,2026-09-24-attribution-v2
BJ-2026-FT-YIMO-Q5,④,PH,PH,仅词典命中弱信号(精度约0.66-0.88)，不构成准入依据；本册是否可独立判断整个题肢、官方正误需模型/人工阶段核定,2026-09-24-attribution-v2
BJ-2026-FT-YIMO-Q7,③,,B3,仅词典命中弱信号(精度约0.66-0.88)，不构成准入依据；本册是否可独立判断整个题肢、官方正误需模型/人工阶段核定,2026-09-24-attribution-v2
BJ-2026-FT-YIMO-Q7,①,,B3,仅词典命中弱信号(精度约0.66-0.88)，不构成准入依据；本册是否可独立判断整个题肢、官方正误需模型/人工阶段核定,2026-09-24-attribution-v2
BJ-2026-FT-YIMO-Q7,②,RE,B3,仅词典命中弱信号(精度约0.66-0.88)，不构成准入依据；本册是否可独立判断整个题肢、官方正误需模型/人工阶段核定,2026-09-24-attribution-v2
BJ-2026-FT-YIMO-Q7,④,MI,B3,仅词典命中弱信号(精度约0.66-0.88)，不构成准入依据；本册是否可独立判断整个题肢、官方正误需模型/人工阶段核定,2026-09-24-attribution-v2
BJ-2026-FT-YIMO-Q9,A,RE,B3,仅词典命中弱信号(精度约0.66-0.88)，不构成准入依据；本册是否可独立判断整个题肢、官方正误需模型/人工阶段核定,2026-09-24-attribution-v2
BJ-2026-FT-YIMO-Q9,B,RE,B3,仅词典命中弱信号(精度约0.66-0.88)，不构成准入依据；本册是否可独立判断整个题肢、官方正误需模型/人工阶段核定,2026-09-24-attribution-v2
BJ-2026-FT-YIMO-Q9,C,RE,B3,仅词典命中弱信号(精度约0.66-0.88)，不构成准入依据；本册是否可独立判断整个题肢、官方正误需模型/人工阶段核定,2026-09-24-attribution-v2
BJ-2026-FT-YIMO-Q9,D,RE,B3,仅词典命中弱信号(精度约0.66-0.88)，不构成准入依据；本册是否可独立判断整个题肢、官方正误需模型/人工阶段核定,2026-09-24-attribution-v2
BJ-2026-FT-YIMO-Q14,①,,X1,仅词典命中弱信号(精度约0.66-0.88)，不构成准入依据；本册是否可独立判断整个题肢、官方正误需模型/人工阶段核定,2026-09-24-attribution-v2
BJ-2026-FT-YIMO-Q14,②,,X1,仅词典命中弱信号(精度约0.66-0.88)，不构成准入依据；本册是否可独立判断整个题肢、官方正误需模型/人工阶段核定,2026-09-24-attribution-v2
BJ-2026-FT-YIMO-Q14,③,B2;X1,X1,仅词典命中弱信号(精度约0.66-0.88)，不构成准入依据；本册是否可独立判断整个题肢、官方正误需模型/人工阶段核定,2026-09-24-attribution-v2
BJ-2026-FT-YIMO-Q14,④,,X1,仅词典命中弱信号(精度约0.66-0.88)，不构成准入依据；本册是否可独立判断整个题肢、官方正误需模型/人工阶段核定,2026-09-24-attribution-v2
BJ-2023-XC-ERMO-Q1,①,B2,B3,仅词典命中弱信号(精度约0.66-0.88)，不构成准入依据；本册是否可独立判断整个题肢、官方正误需模型/人工阶段核定,2026-09-24-attribution-v2
BJ-2023-XC-ERMO-Q1,②,B2,B3,仅词典命中弱信号(精度约0.66-0.88)，不构成准入依据；本册是否可独立判断整个题肢、官方正误需模型/人工阶段核定,2026-09-24-attribution-v2
BJ-2023-XC-ERMO-Q1,③,B2,B3,仅词典命中弱信号(精度约0.66-0.88)，不构成准入依据；本册是否可独立判断整个题肢、官方正误需模型/人工阶段核定,2026-09-24-attribution-v2
BJ-2023-XC-ERMO-Q1,④,MI,B3,仅词典命中弱信号(精度约0.66-0.88)，不构成准入依据；本册是否可独立判断整个题肢、官方正误需模型/人工阶段核定,2026-09-24-attribution-v2
BJ-2023-XC-ERMO-Q7,①,B3,RE,仅词典命中弱信号(精度约0.66-0.88)，不构成准入依据；本册是否可独立判断整个题肢、官方正误需模型/人工阶段核定,2026-09-24-attribution-v2
BJ-2023-XC-ERMO-Q7,②,B2,RE,仅词典命中弱信号(精度约0.66-0.88)，不构成准入依据；本册是否可独立判断整个题肢、官方正误需模型/人工阶段核定,2026-09-24-attribution-v2
BJ-2023-XC-ERMO-Q7,③,B2;B3,RE,仅词典命中弱信号(精度约0.66-0.88)，不构成准入依据；本册是否可独立判断整个题肢、官方正误需模型/人工阶段核定,2026-09-24-attribution-v2
BJ-2023-XC-ERMO-Q7,④,,RE,仅词典命中弱信号(精度约0.66-0.88)，不构成准入依据；本册是否可独立判断整个题肢、官方正误需模型/人工阶段核定,2026-09-24-attribution-v2
BJ-2023-XC-ERMO-Q14,①,,X1,仅词典命中弱信号(精度约0.66-0.88)，不构成准入依据；本册是否可独立判断整个题肢、官方正误需模型/人工阶段核定,2026-09-24-attribution-v2
BJ-2023-XC-ERMO-Q14,②,X1,X1,仅词典命中弱信号(精度约0.66-0.88)，不构成准入依据；本册是否可独立判断整个题肢、官方正误需模型/人工阶段核定,2026-09-24-attribution-v2
BJ-2023-XC-ERMO-Q14,③,,X1,仅词典命中弱信号(精度约0.66-0.88)，不构成准入依据；本册是否可独立判断整个题肢、官方正误需模型/人工阶段核定,2026-09-24-attribution-v2
BJ-2023-XC-ERMO-Q14,④,,X1,仅词典命中弱信号(精度约0.66-0.88)，不构成准入依据；本册是否可独立判断整个题肢、官方正误需模型/人工阶段核定,2026-09-24-attribution-v2
BJ-2024-XC-ERMO-Q1,①,,B3,仅词典命中弱信号(精度约0.66-0.88)，不构成准入依据；本册是否可独立判断整个题肢、官方正误需模型/人工阶段核定,2026-09-24-attribution-v2
BJ-2024-XC-ERMO-Q1,②,X1,B3,仅词典命中弱信号(精度约0.66-0.88)，不构成准入依据；本册是否可独立判断整个题肢、官方正误需模型/人工阶段核定,2026-09-24-attribution-v2
BJ-2024-XC-ERMO-Q1,③,PH,B3,仅词典命中弱信号(精度约0.66-0.88)，不构成准入依据；本册是否可独立判断整个题肢、官方正误需模型/人工阶段核定,2026-09-24-attribution-v2
BJ-2024-XC-ERMO-Q1,④,PH,B3,仅词典命中弱信号(精度约0.66-0.88)，不构成准入依据；本册是否可独立判断整个题肢、官方正误需模型/人工阶段核定,2026-09-24-attribution-v2
BJ-2024-XC-ERMO-Q4,①,B2,PH,仅词典命中弱信号(精度约0.66-0.88)，不构成准入依据；本册是否可独立判断整个题肢、官方正误需模型/人工阶段核定,2026-09-24-attribution-v2
BJ-2024-XC-ERMO-Q4,②,,PH,仅词典命中弱信号(精度约0.66-0.88)，不构成准入依据；本册是否可独立判断整个题肢、官方正误需模型/人工阶段核定,2026-09-24-attribution-v2
BJ-2024-XC-ERMO-Q4,③,B2,PH,仅词典命中弱信号(精度约0.66-0.88)，不构成准入依据；本册是否可独立判断整个题肢、官方正误需模型/人工阶段核定,2026-09-24-attribution-v2
BJ-2024-XC-ERMO-Q4,④,,PH,仅词典命中弱信号(精度约0.66-0.88)，不构成准入依据；本册是否可独立判断整个题肢、官方正误需模型/人工阶段核定,2026-09-24-attribution-v2
BJ-2024-XC-ERMO-Q15,A,,X1,仅词典命中弱信号(精度约0.66-0.88)，不构成准入依据；本册是否可独立判断整个题肢、官方正误需模型/人工阶段核定,2026-09-24-attribution-v2
BJ-2024-XC-ERMO-Q15,B,,X1,仅词典命中弱信号(精度约0.66-0.88)，不构成准入依据；本册是否可独立判断整个题肢、官方正误需模型/人工阶段核定,2026-09-24-attribution-v2
BJ-2024-XC-ERMO-Q15,C,,X1,仅词典命中弱信号(精度约0.66-0.88)，不构成准入依据；本册是否可独立判断整个题肢、官方正误需模型/人工阶段核定,2026-09-24-attribution-v2
BJ-2024-XC-ERMO-Q15,D,MI,X1,仅词典命中弱信号(精度约0.66-0.88)，不构成准入依据；本册是否可独立判断整个题肢、官方正误需模型/人工阶段核定,2026-09-24-attribution-v2
BJ-2026-SJS-QIMO-Q15,A,MI,X1,仅词典命中弱信号(精度约0.66-0.88)，不构成准入依据；本册是否可独立判断整个题肢、官方正误需模型/人工阶段核定,2026-09-24-attribution-v2
BJ-2026-SJS-QIMO-Q15,B,RE,X1,仅词典命中弱信号(精度约0.66-0.88)，不构成准入依据；本册是否可独立判断整个题肢、官方正误需模型/人工阶段核定,2026-09-24-attribution-v2
BJ-2026-SJS-QIMO-Q15,C,,X1,仅词典命中弱信号(精度约0.66-0.88)，不构成准入依据；本册是否可独立判断整个题肢、官方正误需模型/人工阶段核定,2026-09-24-attribution-v2
BJ-2026-SJS-QIMO-Q15,D,MI,X1,仅词典命中弱信号(精度约0.66-0.88)，不构成准入依据；本册是否可独立判断整个题肢、官方正误需模型/人工阶段核定,2026-09-24-attribution-v2
BJ-2024-XC-YIMO-Q5,A,X2,PH,仅词典命中弱信号(精度约0.66-0.88)，不构成准入依据；本册是否可独立判断整个题肢、官方正误需模型/人工阶段核定,2026-09-24-attribution-v2
BJ-2024-XC-YIMO-Q5,B,,PH,仅词典命中弱信号(精度约0.66-0.88)，不构成准入依据；本册是否可独立判断整个题肢、官方正误需模型/人工阶段核定,2026-09-24-attribution-v2
BJ-2024-XC-YIMO-Q5,C,,PH,仅词典命中弱信号(精度约0.66-0.88)，不构成准入依据；本册是否可独立判断整个题肢、官方正误需模型/人工阶段核定,2026-09-24-attribution-v2
BJ-2024-XC-YIMO-Q5,D,,PH,仅词典命中弱信号(精度约0.66-0.88)，不构成准入依据；本册是否可独立判断整个题肢、官方正误需模型/人工阶段核定,2026-09-24-attribution-v2
BJ-2026-XC-QIMO-Q9,①,B2,B3,仅词典命中弱信号(精度约0.66-0.88)，不构成准入依据；本册是否可独立判断整个题肢、官方正误需模型/人工阶段核定,2026-09-24-attribution-v2
BJ-2026-XC-QIMO-Q9,②,B2,B3,仅词典命中弱信号(精度约0.66-0.88)，不构成准入依据；本册是否可独立判断整个题肢、官方正误需模型/人工阶段核定,2026-09-24-attribution-v2
BJ-2026-XC-QIMO-Q9,③,,B3,仅词典命中弱信号(精度约0.66-0.88)，不构成准入依据；本册是否可独立判断整个题肢、官方正误需模型/人工阶段核定,2026-09-24-attribution-v2
BJ-2026-XC-QIMO-Q9,④,,B3,仅词典命中弱信号(精度约0.66-0.88)，不构成准入依据；本册是否可独立判断整个题肢、官方正误需模型/人工阶段核定,2026-09-24-attribution-v2
BJ-2026-XC-QIMO-Q15,①,X1,X1,仅词典命中弱信号(精度约0.66-0.88)，不构成准入依据；本册是否可独立判断整个题肢、官方正误需模型/人工阶段核定,2026-09-24-attribution-v2
BJ-2026-XC-QIMO-Q15,②,X1,X1,仅词典命中弱信号(精度约0.66-0.88)，不构成准入依据；本册是否可独立判断整个题肢、官方正误需模型/人工阶段核定,2026-09-24-attribution-v2
BJ-2026-XC-QIMO-Q15,③,X1;X2,X1,仅词典命中弱信号(精度约0.66-0.88)，不构成准入依据；本册是否可独立判断整个题肢、官方正误需模型/人工阶段核定,2026-09-24-attribution-v2
BJ-2026-XC-QIMO-Q15,④,X1,X1,仅词典命中弱信号(精度约0.66-0.88)，不构成准入依据；本册是否可独立判断整个题肢、官方正误需模型/人工阶段核定,2026-09-24-attribution-v2
BJ-2024-SY-ERMO-Q1,①,B1,B3,仅词典命中弱信号(精度约0.66-0.88)，不构成准入依据；本册是否可独立判断整个题肢、官方正误需模型/人工阶段核定,2026-09-24-attribution-v2
BJ-2024-SY-ERMO-Q1,②,B1,B3,仅词典命中弱信号(精度约0.66-0.88)，不构成准入依据；本册是否可独立判断整个题肢、官方正误需模型/人工阶段核定,2026-09-24-attribution-v2
BJ-2024-SY-ERMO-Q1,③,PH,B3,仅词典命中弱信号(精度约0.66-0.88)，不构成准入依据；本册是否可独立判断整个题肢、官方正误需模型/人工阶段核定,2026-09-24-attribution-v2
BJ-2024-SY-ERMO-Q1,④,B1;X1,B3,仅词典命中弱信号(精度约0.66-0.88)，不构成准入依据；本册是否可独立判断整个题肢、官方正误需模型/人工阶段核定,2026-09-24-attribution-v2
BJ-2024-SY-ERMO-Q2,①,MI,CU,仅词典命中弱信号(精度约0.66-0.88)，不构成准入依据；本册是否可独立判断整个题肢、官方正误需模型/人工阶段核定,2026-09-24-attribution-v2
BJ-2024-SY-ERMO-Q2,②,,CU,仅词典命中弱信号(精度约0.66-0.88)，不构成准入依据；本册是否可独立判断整个题肢、官方正误需模型/人工阶段核定,2026-09-24-attribution-v2
BJ-2024-SY-ERMO-Q2,③,,CU,仅词典命中弱信号(精度约0.66-0.88)，不构成准入依据；本册是否可独立判断整个题肢、官方正误需模型/人工阶段核定,2026-09-24-attribution-v2
BJ-2024-SY-ERMO-Q2,④,,CU,仅词典命中弱信号(精度约0.66-0.88)，不构成准入依据；本册是否可独立判断整个题肢、官方正误需模型/人工阶段核定,2026-09-24-attribution-v2
BJ-2024-SY-ERMO-Q3,①,,PH,仅词典命中弱信号(精度约0.66-0.88)，不构成准入依据；本册是否可独立判断整个题肢、官方正误需模型/人工阶段核定,2026-09-24-attribution-v2
BJ-2024-SY-ERMO-Q3,②,,PH,仅词典命中弱信号(精度约0.66-0.88)，不构成准入依据；本册是否可独立判断整个题肢、官方正误需模型/人工阶段核定,2026-09-24-attribution-v2
BJ-2024-SY-ERMO-Q3,③,MI,PH,仅词典命中弱信号(精度约0.66-0.88)，不构成准入依据；本册是否可独立判断整个题肢、官方正误需模型/人工阶段核定,2026-09-24-attribution-v2
BJ-2024-SY-ERMO-Q3,④,MI,PH,仅词典命中弱信号(精度约0.66-0.88)，不构成准入依据；本册是否可独立判断整个题肢、官方正误需模型/人工阶段核定,2026-09-24-attribution-v2
BJ-2024-SY-ERMO-Q4,①,,PH,仅词典命中弱信号(精度约0.66-0.88)，不构成准入依据；本册是否可独立判断整个题肢、官方正误需模型/人工阶段核定,2026-09-24-attribution-v2
BJ-2024-SY-ERMO-Q4,②,,PH,仅词典命中弱信号(精度约0.66-0.88)，不构成准入依据；本册是否可独立判断整个题肢、官方正误需模型/人工阶段核定,2026-09-24-attribution-v2
BJ-2024-SY-ERMO-Q4,③,,PH,仅词典命中弱信号(精度约0.66-0.88)，不构成准入依据；本册是否可独立判断整个题肢、官方正误需模型/人工阶段核定,2026-09-24-attribution-v2
BJ-2024-SY-ERMO-Q4,④,CU,PH,仅词典命中弱信号(精度约0.66-0.88)，不构成准入依据；本册是否可独立判断整个题肢、官方正误需模型/人工阶段核定,2026-09-24-attribution-v2
BJ-2024-SY-ERMO-Q5,A,,PH,仅词典命中弱信号(精度约0.66-0.88)，不构成准入依据；本册是否可独立判断整个题肢、官方正误需模型/人工阶段核定,2026-09-24-attribution-v2
BJ-2024-SY-ERMO-Q5,B,,PH,仅词典命中弱信号(精度约0.66-0.88)，不构成准入依据；本册是否可独立判断整个题肢、官方正误需模型/人工阶段核定,2026-09-24-attribution-v2
BJ-2024-SY-ERMO-Q5,C,MI,PH,仅词典命中弱信号(精度约0.66-0.88)，不构成准入依据；本册是否可独立判断整个题肢、官方正误需模型/人工阶段核定,2026-09-24-attribution-v2
BJ-2024-SY-ERMO-Q5,D,,PH,仅词典命中弱信号(精度约0.66-0.88)，不构成准入依据；本册是否可独立判断整个题肢、官方正误需模型/人工阶段核定,2026-09-24-attribution-v2
BJ-2024-SY-ERMO-Q7,A,B2;RE,B3,仅词典命中弱信号(精度约0.66-0.88)，不构成准入依据；本册是否可独立判断整个题肢、官方正误需模型/人工阶段核定,2026-09-24-attribution-v2
BJ-2024-SY-ERMO-Q7,B,RE,B3,仅词典命中弱信号(精度约0.66-0.88)，不构成准入依据；本册是否可独立判断整个题肢、官方正误需模型/人工阶段核定,2026-09-24-attribution-v2
BJ-2024-SY-ERMO-Q7,C,B2;RE,B3,仅词典命中弱信号(精度约0.66-0.88)，不构成准入依据；本册是否可独立判断整个题肢、官方正误需模型/人工阶段核定,2026-09-24-attribution-v2
BJ-2024-SY-ERMO-Q7,D,RE,B3,仅词典命中弱信号(精度约0.66-0.88)，不构成准入依据；本册是否可独立判断整个题肢、官方正误需模型/人工阶段核定,2026-09-24-attribution-v2
BJ-2024-SY-ERMO-Q8,A,,B3,仅词典命中弱信号(精度约0.66-0.88)，不构成准入依据；本册是否可独立判断整个题肢、官方正误需模型/人工阶段核定,2026-09-24-attribution-v2
BJ-2024-SY-ERMO-Q8,B,B3;X2,B3,仅词典命中弱信号(精度约0.66-0.88)，不构成准入依据；本册是否可独立判断整个题肢、官方正误需模型/人工阶段核定,2026-09-24-attribution-v2
BJ-2024-SY-ERMO-Q8,C,B3,B3,仅词典命中弱信号(精度约0.66-0.88)，不构成准入依据；本册是否可独立判断整个题肢、官方正误需模型/人工阶段核定,2026-09-24-attribution-v2
BJ-2024-SY-ERMO-Q8,D,X2,B3,仅词典命中弱信号(精度约0.66-0.88)，不构成准入依据；本册是否可独立判断整个题肢、官方正误需模型/人工阶段核定,2026-09-24-attribution-v2
BJ-2024-SY-ERMO-Q10,A,X2,X2,仅词典命中弱信号(精度约0.66-0.88)，不构成准入依据；本册是否可独立判断整个题肢、官方正误需模型/人工阶段核定,2026-09-24-attribution-v2
BJ-2024-SY-ERMO-Q10,B,X2,X2,仅词典命中弱信号(精度约0.66-0.88)，不构成准入依据；本册是否可独立判断整个题肢、官方正误需模型/人工阶段核定,2026-09-24-attribution-v2
BJ-2024-SY-ERMO-Q10,C,X2,X2,仅词典命中弱信号(精度约0.66-0.88)，不构成准入依据；本册是否可独立判断整个题肢、官方正误需模型/人工阶段核定,2026-09-24-attribution-v2
BJ-2024-SY-ERMO-Q10,D,X2,X2,仅词典命中弱信号(精度约0.66-0.88)，不构成准入依据；本册是否可独立判断整个题肢、官方正误需模型/人工阶段核定,2026-09-24-attribution-v2
BJ-2024-SY-ERMO-Q11,①,B3,X2,仅词典命中弱信号(精度约0.66-0.88)，不构成准入依据；本册是否可独立判断整个题肢、官方正误需模型/人工阶段核定,2026-09-24-attribution-v2
BJ-2024-SY-ERMO-Q11,②,,X2,仅词典命中弱信号(精度约0.66-0.88)，不构成准入依据；本册是否可独立判断整个题肢、官方正误需模型/人工阶段核定,2026-09-24-attribution-v2
BJ-2024-SY-ERMO-Q11,③,X2,X2,仅词典命中弱信号(精度约0.66-0.88)，不构成准入依据；本册是否可独立判断整个题肢、官方正误需模型/人工阶段核定,2026-09-24-attribution-v2
BJ-2024-SY-ERMO-Q11,④,X2,X2,仅词典命中弱信号(精度约0.66-0.88)，不构成准入依据；本册是否可独立判断整个题肢、官方正误需模型/人工阶段核定,2026-09-24-attribution-v2
BJ-2024-SY-ERMO-Q12,①,B2,B2,仅词典命中弱信号(精度约0.66-0.88)，不构成准入依据；本册是否可独立判断整个题肢、官方正误需模型/人工阶段核定,2026-09-24-attribution-v2
BJ-2024-SY-ERMO-Q12,②,X2,B2,仅词典命中弱信号(精度约0.66-0.88)，不构成准入依据；本册是否可独立判断整个题肢、官方正误需模型/人工阶段核定,2026-09-24-attribution-v2
BJ-2024-SY-ERMO-Q12,③,,B2,仅词典命中弱信号(精度约0.66-0.88)，不构成准入依据；本册是否可独立判断整个题肢、官方正误需模型/人工阶段核定,2026-09-24-attribution-v2
BJ-2024-SY-ERMO-Q12,④,B2,B2,仅词典命中弱信号(精度约0.66-0.88)，不构成准入依据；本册是否可独立判断整个题肢、官方正误需模型/人工阶段核定,2026-09-24-attribution-v2
BJ-2024-SY-ERMO-Q13,①,B2,B2,仅词典命中弱信号(精度约0.66-0.88)，不构成准入依据；本册是否可独立判断整个题肢、官方正误需模型/人工阶段核定,2026-09-24-attribution-v2
BJ-2024-SY-ERMO-Q13,②,B2,B2,仅词典命中弱信号(精度约0.66-0.88)，不构成准入依据；本册是否可独立判断整个题肢、官方正误需模型/人工阶段核定,2026-09-24-attribution-v2
BJ-2024-SY-ERMO-Q13,③,B2,B2,仅词典命中弱信号(精度约0.66-0.88)，不构成准入依据；本册是否可独立判断整个题肢、官方正误需模型/人工阶段核定,2026-09-24-attribution-v2
BJ-2024-SY-ERMO-Q13,④,,B2,仅词典命中弱信号(精度约0.66-0.88)，不构成准入依据；本册是否可独立判断整个题肢、官方正误需模型/人工阶段核定,2026-09-24-attribution-v2
BJ-2024-SY-ERMO-Q15,①,B3,X1,仅词典命中弱信号(精度约0.66-0.88)，不构成准入依据；本册是否可独立判断整个题肢、官方正误需模型/人工阶段核定,2026-09-24-attribution-v2
BJ-2024-SY-ERMO-Q15,②,B3,X1,仅词典命中弱信号(精度约0.66-0.88)，不构成准入依据；本册是否可独立判断整个题肢、官方正误需模型/人工阶段核定,2026-09-24-attribution-v2
BJ-2024-SY-ERMO-Q15,③,,X1,仅词典命中弱信号(精度约0.66-0.88)，不构成准入依据；本册是否可独立判断整个题肢、官方正误需模型/人工阶段核定,2026-09-24-attribution-v2
BJ-2024-SY-ERMO-Q15,④,,X1,仅词典命中弱信号(精度约0.66-0.88)，不构成准入依据；本册是否可独立判断整个题肢、官方正误需模型/人工阶段核定,2026-09-24-attribution-v2
BJ-2024-SY-ERMO-Q9,①,B3,B3,仅词典命中弱信号(精度约0.66-0.88)，不构成准入依据；本册是否可独立判断整个题肢、官方正误需模型/人工阶段核定,2026-09-24-attribution-v2
BJ-2024-SY-ERMO-Q9,②,X1,B3,仅词典命中弱信号(精度约0.66-0.88)，不构成准入依据；本册是否可独立判断整个题肢、官方正误需模型/人工阶段核定,2026-09-24-attribution-v2
BJ-2024-SY-ERMO-Q9,③,,B3,仅词典命中弱信号(精度约0.66-0.88)，不构成准入依据；本册是否可独立判断整个题肢、官方正误需模型/人工阶段核定,2026-09-24-attribution-v2
BJ-2024-SY-ERMO-Q9,④,,B3,仅词典命中弱信号(精度约0.66-0.88)，不构成准入依据；本册是否可独立判断整个题肢、官方正误需模型/人工阶段核定,2026-09-24-attribution-v2
BJ-2024-SY-ERMO-Q14,①,X1,X1,仅词典命中弱信号(精度约0.66-0.88)，不构成准入依据；本册是否可独立判断整个题肢、官方正误需模型/人工阶段核定,2026-09-24-attribution-v2
BJ-2024-SY-ERMO-Q14,②,X1,X1,仅词典命中弱信号(精度约0.66-0.88)，不构成准入依据；本册是否可独立判断整个题肢、官方正误需模型/人工阶段核定,2026-09-24-attribution-v2
BJ-2024-SY-ERMO-Q14,③,X1,X1,仅词典命中弱信号(精度约0.66-0.88)，不构成准入依据；本册是否可独立判断整个题肢、官方正误需模型/人工阶段核定,2026-09-24-attribution-v2
BJ-2024-SY-ERMO-Q14,④,X1,X1,仅词典命中弱信号(精度约0.66-0.88)，不构成准入依据；本册是否可独立判断整个题肢、官方正误需模型/人工阶段核定,2026-09-24-attribution-v2
BJ-2023-HD-YIMO-Q1,①,B3,B3,仅词典命中弱信号(精度约0.66-0.88)，不构成准入依据；本册是否可独立判断整个题肢、官方正误需模型/人工阶段核定,2026-09-24-attribution-v2
BJ-2023-HD-YIMO-Q1,②,X1,B3,仅词典命中弱信号(精度约0.66-0.88)，不构成准入依据；本册是否可独立判断整个题肢、官方正误需模型/人工阶段核定,2026-09-24-attribution-v2
BJ-2023-HD-YIMO-Q1,③,,B3,仅词典命中弱信号(精度约0.66-0.88)，不构成准入依据；本册是否可独立判断整个题肢、官方正误需模型/人工阶段核定,2026-09-24-attribution-v2
BJ-2023-HD-YIMO-Q1,④,,B3,仅词典命中弱信号(精度约0.66-0.88)，不构成准入依据；本册是否可独立判断整个题肢、官方正误需模型/人工阶段核定,2026-09-24-attribution-v2
BJ-2023-HD-YIMO-Q2,①,B1,CU,仅词典命中弱信号(精度约0.66-0.88)，不构成准入依据；本册是否可独立判断整个题肢、官方正误需模型/人工阶段核定,2026-09-24-attribution-v2
BJ-2023-HD-YIMO-Q2,②,B2,CU,仅词典命中弱信号(精度约0.66-0.88)，不构成准入依据；本册是否可独立判断整个题肢、官方正误需模型/人工阶段核定,2026-09-24-attribution-v2
BJ-2023-HD-YIMO-Q2,③,,CU,仅词典命中弱信号(精度约0.66-0.88)，不构成准入依据；本册是否可独立判断整个题肢、官方正误需模型/人工阶段核定,2026-09-24-attribution-v2
BJ-2023-HD-YIMO-Q2,④,B2,CU,仅词典命中弱信号(精度约0.66-0.88)，不构成准入依据；本册是否可独立判断整个题肢、官方正误需模型/人工阶段核定,2026-09-24-attribution-v2
BJ-2023-HD-YIMO-Q3,A,B3,PH,仅词典命中弱信号(精度约0.66-0.88)，不构成准入依据；本册是否可独立判断整个题肢、官方正误需模型/人工阶段核定,2026-09-24-attribution-v2
BJ-2023-HD-YIMO-Q3,B,,PH,仅词典命中弱信号(精度约0.66-0.88)，不构成准入依据；本册是否可独立判断整个题肢、官方正误需模型/人工阶段核定,2026-09-24-attribution-v2
BJ-2023-HD-YIMO-Q3,C,B2;X1,PH,仅词典命中弱信号(精度约0.66-0.88)，不构成准入依据；本册是否可独立判断整个题肢、官方正误需模型/人工阶段核定,2026-09-24-attribution-v2
BJ-2023-HD-YIMO-Q3,D,B3,PH,仅词典命中弱信号(精度约0.66-0.88)，不构成准入依据；本册是否可独立判断整个题肢、官方正误需模型/人工阶段核定,2026-09-24-attribution-v2
BJ-2023-HD-YIMO-Q4,①,B2,PH,仅词典命中弱信号(精度约0.66-0.88)，不构成准入依据；本册是否可独立判断整个题肢、官方正误需模型/人工阶段核定,2026-09-24-attribution-v2
BJ-2023-HD-YIMO-Q4,②,MI,PH,仅词典命中弱信号(精度约0.66-0.88)，不构成准入依据；本册是否可独立判断整个题肢、官方正误需模型/人工阶段核定,2026-09-24-attribution-v2
BJ-2023-HD-YIMO-Q4,③,B2,PH,仅词典命中弱信号(精度约0.66-0.88)，不构成准入依据；本册是否可独立判断整个题肢、官方正误需模型/人工阶段核定,2026-09-24-attribution-v2
BJ-2023-HD-YIMO-Q4,④,B2,PH,仅词典命中弱信号(精度约0.66-0.88)，不构成准入依据；本册是否可独立判断整个题肢、官方正误需模型/人工阶段核定,2026-09-24-attribution-v2
BJ-2023-HD-YIMO-Q5,A,,PH,仅词典命中弱信号(精度约0.66-0.88)，不构成准入依据；本册是否可独立判断整个题肢、官方正误需模型/人工阶段核定,2026-09-24-attribution-v2
BJ-2023-HD-YIMO-Q5,B,,PH,仅词典命中弱信号(精度约0.66-0.88)，不构成准入依据；本册是否可独立判断整个题肢、官方正误需模型/人工阶段核定,2026-09-24-attribution-v2
BJ-2023-HD-YIMO-Q5,C,,PH,仅词典命中弱信号(精度约0.66-0.88)，不构成准入依据；本册是否可独立判断整个题肢、官方正误需模型/人工阶段核定,2026-09-24-attribution-v2
BJ-2023-HD-YIMO-Q5,D,,PH,仅词典命中弱信号(精度约0.66-0.88)，不构成准入依据；本册是否可独立判断整个题肢、官方正误需模型/人工阶段核定,2026-09-24-attribution-v2
BJ-2023-HD-YIMO-Q6,①,PH,RE,仅词典命中弱信号(精度约0.66-0.88)，不构成准入依据；本册是否可独立判断整个题肢、官方正误需模型/人工阶段核定,2026-09-24-attribution-v2
BJ-2023-HD-YIMO-Q6,②,MI,RE,仅词典命中弱信号(精度约0.66-0.88)，不构成准入依据；本册是否可独立判断整个题肢、官方正误需模型/人工阶段核定,2026-09-24-attribution-v2
BJ-2023-HD-YIMO-Q6,③,,RE,仅词典命中弱信号(精度约0.66-0.88)，不构成准入依据；本册是否可独立判断整个题肢、官方正误需模型/人工阶段核定,2026-09-24-attribution-v2
BJ-2023-HD-YIMO-Q6,④,X1,RE,仅词典命中弱信号(精度约0.66-0.88)，不构成准入依据；本册是否可独立判断整个题肢、官方正误需模型/人工阶段核定,2026-09-24-attribution-v2
BJ-2023-HD-YIMO-Q7,A,,B3,仅词典命中弱信号(精度约0.66-0.88)，不构成准入依据；本册是否可独立判断整个题肢、官方正误需模型/人工阶段核定,2026-09-24-attribution-v2
BJ-2023-HD-YIMO-Q7,B,CU;RE,B3,仅词典命中弱信号(精度约0.66-0.88)，不构成准入依据；本册是否可独立判断整个题肢、官方正误需模型/人工阶段核定,2026-09-24-attribution-v2
BJ-2023-HD-YIMO-Q7,C,,B3,仅词典命中弱信号(精度约0.66-0.88)，不构成准入依据；本册是否可独立判断整个题肢、官方正误需模型/人工阶段核定,2026-09-24-attribution-v2
BJ-2023-HD-YIMO-Q7,D,,B3,仅词典命中弱信号(精度约0.66-0.88)，不构成准入依据；本册是否可独立判断整个题肢、官方正误需模型/人工阶段核定,2026-09-24-attribution-v2
BJ-2023-HD-YIMO-Q8,A,,B3,仅词典命中弱信号(精度约0.66-0.88)，不构成准入依据；本册是否可独立判断整个题肢、官方正误需模型/人工阶段核定,2026-09-24-attribution-v2
BJ-2023-HD-YIMO-Q8,B,,B3,仅词典命中弱信号(精度约0.66-0.88)，不构成准入依据；本册是否可独立判断整个题肢、官方正误需模型/人工阶段核定,2026-09-24-attribution-v2
BJ-2023-HD-YIMO-Q8,C,,B3,仅词典命中弱信号(精度约0.66-0.88)，不构成准入依据；本册是否可独立判断整个题肢、官方正误需模型/人工阶段核定,2026-09-24-attribution-v2
BJ-2023-HD-YIMO-Q8,D,,B3,仅词典命中弱信号(精度约0.66-0.88)，不构成准入依据；本册是否可独立判断整个题肢、官方正误需模型/人工阶段核定,2026-09-24-attribution-v2
BJ-2023-HD-YIMO-Q9,A,,B3,仅词典命中弱信号(精度约0.66-0.88)，不构成准入依据；本册是否可独立判断整个题肢、官方正误需模型/人工阶段核定,2026-09-24-attribution-v2
BJ-2023-HD-YIMO-Q9,B,RE,B3,仅词典命中弱信号(精度约0.66-0.88)，不构成准入依据；本册是否可独立判断整个题肢、官方正误需模型/人工阶段核定,2026-09-24-attribution-v2
BJ-2023-HD-YIMO-Q9,C,RE,B3,仅词典命中弱信号(精度约0.66-0.88)，不构成准入依据；本册是否可独立判断整个题肢、官方正误需模型/人工阶段核定,2026-09-24-attribution-v2
BJ-2023-HD-YIMO-Q9,D,B2,B3,仅词典命中弱信号(精度约0.66-0.88)，不构成准入依据；本册是否可独立判断整个题肢、官方正误需模型/人工阶段核定,2026-09-24-attribution-v2
BJ-2023-HD-YIMO-Q10,①,B2,X2,仅词典命中弱信号(精度约0.66-0.88)，不构成准入依据；本册是否可独立判断整个题肢、官方正误需模型/人工阶段核定,2026-09-24-attribution-v2
BJ-2023-HD-YIMO-Q10,②,RE,X2,仅词典命中弱信号(精度约0.66-0.88)，不构成准入依据；本册是否可独立判断整个题肢、官方正误需模型/人工阶段核定,2026-09-24-attribution-v2
BJ-2023-HD-YIMO-Q10,③,B2,X2,仅词典命中弱信号(精度约0.66-0.88)，不构成准入依据；本册是否可独立判断整个题肢、官方正误需模型/人工阶段核定,2026-09-24-attribution-v2
BJ-2023-HD-YIMO-Q10,④,B2,X2,仅词典命中弱信号(精度约0.66-0.88)，不构成准入依据；本册是否可独立判断整个题肢、官方正误需模型/人工阶段核定,2026-09-24-attribution-v2
BJ-2023-HD-YIMO-Q11,①,B2,X2,仅词典命中弱信号(精度约0.66-0.88)，不构成准入依据；本册是否可独立判断整个题肢、官方正误需模型/人工阶段核定,2026-09-24-attribution-v2
BJ-2023-HD-YIMO-Q11,②,,X2,仅词典命中弱信号(精度约0.66-0.88)，不构成准入依据；本册是否可独立判断整个题肢、官方正误需模型/人工阶段核定,2026-09-24-attribution-v2
BJ-2023-HD-YIMO-Q11,③,B2,X2,仅词典命中弱信号(精度约0.66-0.88)，不构成准入依据；本册是否可独立判断整个题肢、官方正误需模型/人工阶段核定,2026-09-24-attribution-v2
BJ-2023-HD-YIMO-Q11,④,B2,X2,仅词典命中弱信号(精度约0.66-0.88)，不构成准入依据；本册是否可独立判断整个题肢、官方正误需模型/人工阶段核定,2026-09-24-attribution-v2
BJ-2023-HD-YIMO-Q12,①,,B2,仅词典命中弱信号(精度约0.66-0.88)，不构成准入依据；本册是否可独立判断整个题肢、官方正误需模型/人工阶段核定,2026-09-24-attribution-v2
BJ-2023-HD-YIMO-Q12,②,,B2,仅词典命中弱信号(精度约0.66-0.88)，不构成准入依据；本册是否可独立判断整个题肢、官方正误需模型/人工阶段核定,2026-09-24-attribution-v2
BJ-2023-HD-YIMO-Q12,③,,B2,仅词典命中弱信号(精度约0.66-0.88)，不构成准入依据；本册是否可独立判断整个题肢、官方正误需模型/人工阶段核定,2026-09-24-attribution-v2
BJ-2023-HD-YIMO-Q12,④,,B2,仅词典命中弱信号(精度约0.66-0.88)，不构成准入依据；本册是否可独立判断整个题肢、官方正误需模型/人工阶段核定,2026-09-24-attribution-v2
BJ-2023-HD-YIMO-Q13,①,,B2,仅词典命中弱信号(精度约0.66-0.88)，不构成准入依据；本册是否可独立判断整个题肢、官方正误需模型/人工阶段核定,2026-09-24-attribution-v2
BJ-2023-HD-YIMO-Q13,②,,B2,仅词典命中弱信号(精度约0.66-0.88)，不构成准入依据；本册是否可独立判断整个题肢、官方正误需模型/人工阶段核定,2026-09-24-attribution-v2
BJ-2023-HD-YIMO-Q13,③,CU;PH,B2,仅词典命中弱信号(精度约0.66-0.88)，不构成准入依据；本册是否可独立判断整个题肢、官方正误需模型/人工阶段核定,2026-09-24-attribution-v2
BJ-2023-HD-YIMO-Q13,④,X2,B2,仅词典命中弱信号(精度约0.66-0.88)，不构成准入依据；本册是否可独立判断整个题肢、官方正误需模型/人工阶段核定,2026-09-24-attribution-v2
BJ-2023-HD-YIMO-Q14,A,X1,X1,仅词典命中弱信号(精度约0.66-0.88)，不构成准入依据；本册是否可独立判断整个题肢、官方正误需模型/人工阶段核定,2026-09-24-attribution-v2
BJ-2023-HD-YIMO-Q14,B,,X1,仅词典命中弱信号(精度约0.66-0.88)，不构成准入依据；本册是否可独立判断整个题肢、官方正误需模型/人工阶段核定,2026-09-24-attribution-v2
BJ-2023-HD-YIMO-Q14,C,,X1,仅词典命中弱信号(精度约0.66-0.88)，不构成准入依据；本册是否可独立判断整个题肢、官方正误需模型/人工阶段核定,2026-09-24-attribution-v2
BJ-2023-HD-YIMO-Q14,D,X1,X1,仅词典命中弱信号(精度约0.66-0.88)，不构成准入依据；本册是否可独立判断整个题肢、官方正误需模型/人工阶段核定,2026-09-24-attribution-v2
BJ-2023-HD-YIMO-Q15,A,B2,X1,仅词典命中弱信号(精度约0.66-0.88)，不构成准入依据；本册是否可独立判断整个题肢、官方正误需模型/人工阶段核定,2026-09-24-attribution-v2
BJ-2023-HD-YIMO-Q15,B,B2,X1,仅词典命中弱信号(精度约0.66-0.88)，不构成准入依据；本册是否可独立判断整个题肢、官方正误需模型/人工阶段核定,2026-09-24-attribution-v2
BJ-2023-HD-YIMO-Q15,C,B2,X1,仅词典命中弱信号(精度约0.66-0.88)，不构成准入依据；本册是否可独立判断整个题肢、官方正误需模型/人工阶段核定,2026-09-24-attribution-v2
BJ-2023-HD-YIMO-Q15,D,B2;X1,X1,仅词典命中弱信号(精度约0.66-0.88)，不构成准入依据；本册是否可独立判断整个题肢、官方正误需模型/人工阶段核定,2026-09-24-attribution-v2
BJ-2026-FT-ERMO-Q8,①,RE,B3,仅词典命中弱信号(精度约0.66-0.88)，不构成准入依据；本册是否可独立判断整个题肢、官方正误需模型/人工阶段核定,2026-09-24-attribution-v2
BJ-2026-FT-ERMO-Q8,②,RE,B3,仅词典命中弱信号(精度约0.66-0.88)，不构成准入依据；本册是否可独立判断整个题肢、官方正误需模型/人工阶段核定,2026-09-24-attribution-v2
BJ-2026-FT-ERMO-Q8,③,,B3,仅词典命中弱信号(精度约0.66-0.88)，不构成准入依据；本册是否可独立判断整个题肢、官方正误需模型/人工阶段核定,2026-09-24-attribution-v2
BJ-2026-FT-ERMO-Q8,④,RE,B3,仅词典命中弱信号(精度约0.66-0.88)，不构成准入依据；本册是否可独立判断整个题肢、官方正误需模型/人工阶段核定,2026-09-24-attribution-v2
BJ-2026-FT-ERMO-Q9,①,,B3,仅词典命中弱信号(精度约0.66-0.88)，不构成准入依据；本册是否可独立判断整个题肢、官方正误需模型/人工阶段核定,2026-09-24-attribution-v2
BJ-2026-FT-ERMO-Q9,②,,B3,仅词典命中弱信号(精度约0.66-0.88)，不构成准入依据；本册是否可独立判断整个题肢、官方正误需模型/人工阶段核定,2026-09-24-attribution-v2
BJ-2026-FT-ERMO-Q9,③,,B3,仅词典命中弱信号(精度约0.66-0.88)，不构成准入依据；本册是否可独立判断整个题肢、官方正误需模型/人工阶段核定,2026-09-24-attribution-v2
BJ-2026-FT-ERMO-Q9,④,,B3,仅词典命中弱信号(精度约0.66-0.88)，不构成准入依据；本册是否可独立判断整个题肢、官方正误需模型/人工阶段核定,2026-09-24-attribution-v2
BJ-2026-FT-ERMO-Q10,①,X2,X2,仅词典命中弱信号(精度约0.66-0.88)，不构成准入依据；本册是否可独立判断整个题肢、官方正误需模型/人工阶段核定,2026-09-24-attribution-v2
BJ-2026-FT-ERMO-Q10,②,,X2,仅词典命中弱信号(精度约0.66-0.88)，不构成准入依据；本册是否可独立判断整个题肢、官方正误需模型/人工阶段核定,2026-09-24-attribution-v2
BJ-2026-FT-ERMO-Q10,③,,X2,仅词典命中弱信号(精度约0.66-0.88)，不构成准入依据；本册是否可独立判断整个题肢、官方正误需模型/人工阶段核定,2026-09-24-attribution-v2
BJ-2026-FT-ERMO-Q10,④,,X2,仅词典命中弱信号(精度约0.66-0.88)，不构成准入依据；本册是否可独立判断整个题肢、官方正误需模型/人工阶段核定,2026-09-24-attribution-v2
BJ-2026-FT-ERMO-Q11,①,,X2,仅词典命中弱信号(精度约0.66-0.88)，不构成准入依据；本册是否可独立判断整个题肢、官方正误需模型/人工阶段核定,2026-09-24-attribution-v2
BJ-2026-FT-ERMO-Q11,②,X2,X2,仅词典命中弱信号(精度约0.66-0.88)，不构成准入依据；本册是否可独立判断整个题肢、官方正误需模型/人工阶段核定,2026-09-24-attribution-v2
BJ-2026-FT-ERMO-Q11,③,X2,X2,仅词典命中弱信号(精度约0.66-0.88)，不构成准入依据；本册是否可独立判断整个题肢、官方正误需模型/人工阶段核定,2026-09-24-attribution-v2
BJ-2026-FT-ERMO-Q11,④,,X2,仅词典命中弱信号(精度约0.66-0.88)，不构成准入依据；本册是否可独立判断整个题肢、官方正误需模型/人工阶段核定,2026-09-24-attribution-v2
BJ-2026-FT-ERMO-Q12,①,B2,B2,仅词典命中弱信号(精度约0.66-0.88)，不构成准入依据；本册是否可独立判断整个题肢、官方正误需模型/人工阶段核定,2026-09-24-attribution-v2
BJ-2026-FT-ERMO-Q12,②,,B2,仅词典命中弱信号(精度约0.66-0.88)，不构成准入依据；本册是否可独立判断整个题肢、官方正误需模型/人工阶段核定,2026-09-24-attribution-v2
BJ-2026-FT-ERMO-Q12,③,B2,B2,仅词典命中弱信号(精度约0.66-0.88)，不构成准入依据；本册是否可独立判断整个题肢、官方正误需模型/人工阶段核定,2026-09-24-attribution-v2
BJ-2026-FT-ERMO-Q12,④,,B2,仅词典命中弱信号(精度约0.66-0.88)，不构成准入依据；本册是否可独立判断整个题肢、官方正误需模型/人工阶段核定,2026-09-24-attribution-v2
BJ-2026-FT-ERMO-Q13,①,,B2,仅词典命中弱信号(精度约0.66-0.88)，不构成准入依据；本册是否可独立判断整个题肢、官方正误需模型/人工阶段核定,2026-09-24-attribution-v2
BJ-2026-FT-ERMO-Q13,②,B2,B2,仅词典命中弱信号(精度约0.66-0.88)，不构成准入依据；本册是否可独立判断整个题肢、官方正误需模型/人工阶段核定,2026-09-24-attribution-v2
BJ-2026-FT-ERMO-Q13,③,B2,B2,仅词典命中弱信号(精度约0.66-0.88)，不构成准入依据；本册是否可独立判断整个题肢、官方正误需模型/人工阶段核定,2026-09-24-attribution-v2
BJ-2026-FT-ERMO-Q13,④,B2,B2,仅词典命中弱信号(精度约0.66-0.88)，不构成准入依据；本册是否可独立判断整个题肢、官方正误需模型/人工阶段核定,2026-09-24-attribution-v2
