unit_id,qid,exam_id_canonical,num,type,subq,grain,归属_CU,admission,evidence,evidence_detail,downgrade_notes,script_tier,rule_version
BJ-2023-FT-YIMO-Q1,BJ-2023-FT-YIMO-Q1,BJ-2023-FT-YIMO,1,选择题,,整题,MAYBE,完整题-选择题照收,E3,逐题已匹配参考答案,,不明,2026-09-24-attribution-v2
BJ-2023-FT-YIMO-Q2,BJ-2023-FT-YIMO-Q2,BJ-2023-FT-YIMO,2,选择题,,整题,MAYBE,完整题-选择题照收,E3,逐题已匹配参考答案,,不明,2026-09-24-attribution-v2
BJ-2023-FT-YIMO-Q3,BJ-2023-FT-YIMO-Q3,BJ-2023-FT-YIMO,3,选择题,,整题,MAYBE,完整题-选择题照收,E3,逐题已匹配参考答案,,不明,2026-09-24-attribution-v2
BJ-2023-FT-YIMO-Q4,BJ-2023-FT-YIMO-Q4,BJ-2023-FT-YIMO,4,选择题,,整题,MAYBE,完整题-选择题照收,E3,逐题已匹配参考答案,,不明,2026-09-24-attribution-v2
BJ-2023-FT-YIMO-Q5,BJ-2023-FT-YIMO-Q5,BJ-2023-FT-YIMO,5,选择题,,整题,IN,完整题-选择题照收,E3,逐题已匹配参考答案,,不明,2026-09-24-attribution-v2
BJ-2023-FT-YIMO-Q6,BJ-2023-FT-YIMO-Q6,BJ-2023-FT-YIMO,6,选择题,,整题,MAYBE,完整题-选择题照收,E3,逐题已匹配参考答案,,不明,2026-09-24-attribution-v2
BJ-2023-FT-YIMO-Q7,BJ-2023-FT-YIMO-Q7,BJ-2023-FT-YIMO,7,选择题,,整题,MAYBE,完整题-选择题照收,E3,逐题已匹配参考答案,,不明,2026-09-24-attribution-v2
BJ-2023-FT-YIMO-Q9,BJ-2023-FT-YIMO-Q9,BJ-2023-FT-YIMO,9,选择题,,整题,MAYBE,完整题-选择题照收,E3,逐题已匹配参考答案,,不明,2026-09-24-attribution-v2
BJ-2023-FT-YIMO-Q15,BJ-2023-FT-YIMO-Q15,BJ-2023-FT-YIMO,15,选择题,,整题,MAYBE,完整题-选择题照收,E3,逐题已匹配参考答案,,不明,2026-09-24-attribution-v2
BJ-2023-FT-YIMO-Q16,BJ-2023-FT-YIMO-Q16,BJ-2023-FT-YIMO,16,主观题,,整题,MAYBE,不收-无E1,E3,逐题已匹配参考答案,,不明,2026-09-24-attribution-v2
BJ-2023-FT-YIMO-Q17#1,BJ-2023-FT-YIMO-Q17,BJ-2023-FT-YIMO,17,主观题,1,小问,MAYBE,不收-无E1,E3,逐题已匹配参考答案,B1:rubric_unreadable_not_OUT;X2:rubric_unreadable_not_OUT;MI:rubric_unreadable_not_OUT;RE:rubric_unreadable_not_OUT,不明,2026-09-24-attribution-v2
BJ-2023-FT-YIMO-Q17#2,BJ-2023-FT-YIMO-Q17,BJ-2023-FT-YIMO,17,主观题,2,小问,MAYBE,不收-无E1,E3,逐题已匹配参考答案,,不明,2026-09-24-attribution-v2
BJ-2023-FT-YIMO-Q18,BJ-2023-FT-YIMO-Q18,BJ-2023-FT-YIMO,18,主观题,,整题,MAYBE,不收-无E1,E3,逐题已匹配参考答案,,不明,2026-09-24-attribution-v2
BJ-2023-FT-YIMO-Q19,BJ-2023-FT-YIMO-Q19,BJ-2023-FT-YIMO,19,主观题,,整题,MAYBE,不收-无E1,E3,逐题已匹配参考答案,B1:rubric_unreadable_not_OUT;B3:rubric_unreadable_not_OUT;PH:rubric_unreadable_not_OUT;CU:rubric_unreadable_not_OUT;X1:rubric_unreadable_not_OUT;X2:rubric_unreadable_not_OUT;RE:rubric_unreadable_not_OUT,倾向,2026-09-24-attribution-v2
BJ-2023-FT-YIMO-Q20,BJ-2023-FT-YIMO-Q20,BJ-2023-FT-YIMO,20,主观题,,整题,MAYBE,不收-无E1,E3,逐题已匹配参考答案,B1:rubric_unreadable_not_OUT;PH:rubric_unreadable_not_OUT;CU:rubric_unreadable_not_OUT;X1:rubric_unreadable_not_OUT;X2:rubric_unreadable_not_OUT;MI:rubric_unreadable_not_OUT;RE:rubric_unreadable_not_OUT,倾向,2026-09-24-attribution-v2
BJ-2023-FT-YIMO-Q21,BJ-2023-FT-YIMO-Q21,BJ-2023-FT-YIMO,21,主观题,,整题,MAYBE,不收-无E1,E3,逐题已匹配参考答案,B1:rubric_unreadable_not_OUT;B3:rubric_unreadable_not_OUT;PH:rubric_unreadable_not_OUT;CU:rubric_unreadable_not_OUT;X2:rubric_unreadable_not_OUT;MI:rubric_unreadable_not_OUT;RE:rubric_unreadable_not_OUT,倾向,2026-09-24-attribution-v2
BJ-2023-FT-YIMO-Q22,BJ-2023-FT-YIMO-Q22,BJ-2023-FT-YIMO,22,主观题,,整题,MAYBE,不收-无E1,E3,逐题已匹配参考答案,identity:dup_covered_by=bixiu3;philosophy(等价类合并生效),不明,2026-09-24-attribution-v2
BJ-2024-CY-QIZHONG-Q3,BJ-2024-CY-QIZHONG-Q3,BJ-2024-CY-QIZHONG,3,选择题,,整题,MAYBE,完整题-选择题照收,E3,逐题已匹配参考答案,,不明,2026-09-24-attribution-v2
BJ-2024-CY-QIZHONG-Q4,BJ-2024-CY-QIZHONG-Q4,BJ-2024-CY-QIZHONG,4,选择题,,整题,MAYBE,完整题-选择题照收,E3,逐题已匹配参考答案,,不明,2026-09-24-attribution-v2
BJ-2024-CY-QIZHONG-Q5,BJ-2024-CY-QIZHONG-Q5,BJ-2024-CY-QIZHONG,5,选择题,,整题,MAYBE,完整题-选择题照收,E3,逐题已匹配参考答案,,不明,2026-09-24-attribution-v2
BJ-2024-CY-QIZHONG-Q7,BJ-2024-CY-QIZHONG-Q7,BJ-2024-CY-QIZHONG,7,选择题,,整题,IN,完整题-选择题照收,E3,逐题已匹配参考答案,,不明,2026-09-24-attribution-v2
BJ-2024-CY-QIZHONG-Q8,BJ-2024-CY-QIZHONG-Q8,BJ-2024-CY-QIZHONG,8,选择题,,整题,MAYBE,完整题-选择题照收,E3,逐题已匹配参考答案,,不明,2026-09-24-attribution-v2
BJ-2024-CY-QIZHONG-Q9,BJ-2024-CY-QIZHONG-Q9,BJ-2024-CY-QIZHONG,9,选择题,,整题,MAYBE,完整题-选择题照收,E3,逐题已匹配参考答案,,不明,2026-09-24-attribution-v2
BJ-2024-CY-QIZHONG-Q16,BJ-2024-CY-QIZHONG-Q16,BJ-2024-CY-QIZHONG,16,主观题,,整题,MAYBE,完整题-有E1,E1,逐题已匹配正式评分材料,,不明,2026-09-24-attribution-v2
BJ-2025-CY-ERMO-Q2,BJ-2025-CY-ERMO-Q2,BJ-2025-CY-ERMO,2,选择题,,整题,MAYBE,完整题-选择题照收,E3,逐题已匹配参考答案,,不明,2026-09-24-attribution-v2
BJ-2025-CY-ERMO-Q5,BJ-2025-CY-ERMO-Q5,BJ-2025-CY-ERMO,5,选择题,,整题,MAYBE,完整题-选择题照收,E3,逐题已匹配参考答案,,不明,2026-09-24-attribution-v2
BJ-2025-CY-ERMO-Q6,BJ-2025-CY-ERMO-Q6,BJ-2025-CY-ERMO,6,选择题,,整题,MAYBE,完整题-选择题照收,E3,逐题已匹配参考答案,,不明,2026-09-24-attribution-v2
BJ-2025-CY-ERMO-Q7,BJ-2025-CY-ERMO-Q7,BJ-2025-CY-ERMO,7,选择题,,整题,MAYBE,完整题-选择题照收,E3,逐题已匹配参考答案,,不明,2026-09-24-attribution-v2
BJ-2025-CY-ERMO-Q9,BJ-2025-CY-ERMO-Q9,BJ-2025-CY-ERMO,9,选择题,,整题,MAYBE,完整题-选择题照收,E3,逐题已匹配参考答案,,不明,2026-09-24-attribution-v2
BJ-2025-CY-ERMO-Q15,BJ-2025-CY-ERMO-Q15,BJ-2025-CY-ERMO,15,选择题,,整题,MAYBE,完整题-选择题照收,E3,逐题已匹配参考答案,,不明,2026-09-24-attribution-v2
BJ-2025-CY-ERMO-Q19,BJ-2025-CY-ERMO-Q19,BJ-2025-CY-ERMO,19,主观题,,整题,MAYBE,完整题-有E1,E1,逐题已匹配正式评分材料,,不明,2026-09-24-attribution-v2
BJ-2025-CY-ERMO-Q21,BJ-2025-CY-ERMO-Q21,BJ-2025-CY-ERMO,21,主观题,,整题,MAYBE,完整题-有E1,E1,逐题已匹配正式评分材料,,不明,2026-09-24-attribution-v2
BJ-2025-CY-ERMO-Q22,BJ-2025-CY-ERMO-Q22,BJ-2025-CY-ERMO,22,主观题,,整题,MAYBE,完整题-有E1,E1,逐题已匹配正式评分材料,,不明,2026-09-24-attribution-v2
BJ-2023-FT-ERMO-Q1,BJ-2023-FT-ERMO-Q1,BJ-2023-FT-ERMO,1,选择题,,整题,MAYBE,完整题-选择题照收,E3,逐题已匹配参考答案,,不明,2026-09-24-attribution-v2
BJ-2023-FT-ERMO-Q2,BJ-2023-FT-ERMO-Q2,BJ-2023-FT-ERMO,2,选择题,,整题,MAYBE,完整题-选择题照收,E3,逐题已匹配参考答案,,不明,2026-09-24-attribution-v2
BJ-2023-FT-ERMO-Q3,BJ-2023-FT-ERMO-Q3,BJ-2023-FT-ERMO,3,选择题,,整题,IN,完整题-选择题照收,E3,逐题已匹配参考答案,,不明,2026-09-24-attribution-v2
BJ-2023-FT-ERMO-Q4,BJ-2023-FT-ERMO-Q4,BJ-2023-FT-ERMO,4,选择题,,整题,MAYBE,完整题-选择题照收,E3,逐题已匹配参考答案,,不明,2026-09-24-attribution-v2
BJ-2023-FT-ERMO-Q5,BJ-2023-FT-ERMO-Q5,BJ-2023-FT-ERMO,5,选择题,,整题,MAYBE,完整题-选择题照收,E3,逐题已匹配参考答案,,不明,2026-09-24-attribution-v2
BJ-2023-FT-ERMO-Q6,BJ-2023-FT-ERMO-Q6,BJ-2023-FT-ERMO,6,选择题,,整题,MAYBE,完整题-选择题照收,E3,逐题已匹配参考答案,,不明,2026-09-24-attribution-v2
BJ-2023-FT-ERMO-Q7,BJ-2023-FT-ERMO-Q7,BJ-2023-FT-ERMO,7,选择题,,整题,MAYBE,完整题-选择题照收,E3,逐题已匹配参考答案,,不明,2026-09-24-attribution-v2
BJ-2023-FT-ERMO-Q9,BJ-2023-FT-ERMO-Q9,BJ-2023-FT-ERMO,9,选择题,,整题,MAYBE,完整题-选择题照收,E3,逐题已匹配参考答案,,不明,2026-09-24-attribution-v2
BJ-2023-FT-ERMO-Q10,BJ-2023-FT-ERMO-Q10,BJ-2023-FT-ERMO,10,选择题,,整题,MAYBE,完整题-选择题照收,E3,逐题已匹配参考答案,,不明,2026-09-24-attribution-v2
BJ-2023-FT-ERMO-Q14,BJ-2023-FT-ERMO-Q14,BJ-2023-FT-ERMO,14,选择题,,整题,MAYBE,完整题-选择题照收,E3,逐题已匹配参考答案,,不明,2026-09-24-attribution-v2
BJ-2023-FT-ERMO-Q15,BJ-2023-FT-ERMO-Q15,BJ-2023-FT-ERMO,15,选择题,,整题,MAYBE,完整题-选择题照收,E3,逐题已匹配参考答案,,倾向,2026-09-24-attribution-v2
BJ-2023-FT-ERMO-Q16,BJ-2023-FT-ERMO-Q16,BJ-2023-FT-ERMO,16,主观题,,整题,MAYBE,不收-无E1,E3,逐题已匹配参考答案,,不明,2026-09-24-attribution-v2
BJ-2023-FT-ERMO-Q18#1,BJ-2023-FT-ERMO-Q18,BJ-2023-FT-ERMO,18,主观题,1,小问,MAYBE,不收-无E1,E3,逐题已匹配参考答案,,不明,2026-09-24-attribution-v2
BJ-2023-FT-ERMO-Q19,BJ-2023-FT-ERMO-Q19,BJ-2023-FT-ERMO,19,主观题,,整题,MAYBE,不收-无E1,E3,逐题已匹配参考答案,,不明,2026-09-24-attribution-v2
BJ-2023-FT-ERMO-Q21,BJ-2023-FT-ERMO-Q21,BJ-2023-FT-ERMO,21,主观题,,整题,MAYBE,不收-无E1,E3,逐题已匹配参考答案,,不明,2026-09-24-attribution-v2
BJ-2020-BJ-GAOKAO-Q4,BJ-2020-BJ-GAOKAO-Q4,BJ-2020-BJ-GAOKAO,4,选择题,,整题,MAYBE,完整题-选择题照收,E3,逐题已匹配参考答案,,不明,2026-09-24-attribution-v2
BJ-2020-BJ-GAOKAO-Q5,BJ-2020-BJ-GAOKAO-Q5,BJ-2020-BJ-GAOKAO,5,选择题,,整题,MAYBE,完整题-选择题照收,E3,逐题已匹配参考答案,,不明,2026-09-24-attribution-v2
BJ-2020-BJ-GAOKAO-Q6,BJ-2020-BJ-GAOKAO-Q6,BJ-2020-BJ-GAOKAO,6,选择题,,整题,MAYBE,完整题-选择题照收,E3,逐题已匹配参考答案,,不明,2026-09-24-attribution-v2
BJ-2020-BJ-GAOKAO-Q7,BJ-2020-BJ-GAOKAO-Q7,BJ-2020-BJ-GAOKAO,7,选择题,,整题,MAYBE,完整题-选择题照收,E3,逐题已匹配参考答案,,不明,2026-09-24-attribution-v2
BJ-2020-BJ-GAOKAO-Q8,BJ-2020-BJ-GAOKAO-Q8,BJ-2020-BJ-GAOKAO,8,选择题,,整题,MAYBE,完整题-选择题照收,E3,逐题已匹配参考答案,,不明,2026-09-24-attribution-v2
BJ-2020-BJ-GAOKAO-Q9,BJ-2020-BJ-GAOKAO-Q9,BJ-2020-BJ-GAOKAO,9,选择题,,整题,MAYBE,完整题-选择题照收,E3,逐题已匹配参考答案,,不明,2026-09-24-attribution-v2
BJ-2020-BJ-GAOKAO-Q21,BJ-2020-BJ-GAOKAO-Q21,BJ-2020-BJ-GAOKAO,21,主观题,,整题,MAYBE,完整题-有E1,E1,逐题已匹配正式评分材料,,不明,2026-09-24-attribution-v2
BJ-2023-CY-YIMO-Q1,BJ-2023-CY-YIMO-Q1,BJ-2023-CY-YIMO,1,选择题,,整题,MAYBE,完整题-选择题照收,E3,逐题已匹配参考答案,,不明,2026-09-24-attribution-v2
BJ-2023-CY-YIMO-Q2,BJ-2023-CY-YIMO-Q2,BJ-2023-CY-YIMO,2,选择题,,整题,MAYBE,完整题-选择题照收,E3,逐题已匹配参考答案,,不明,2026-09-24-attribution-v2
BJ-2023-CY-YIMO-Q3,BJ-2023-CY-YIMO-Q3,BJ-2023-CY-YIMO,3,选择题,,整题,IN,完整题-选择题照收,E3,逐题已匹配参考答案,,不明,2026-09-24-attribution-v2
BJ-2023-CY-YIMO-Q4,BJ-2023-CY-YIMO-Q4,BJ-2023-CY-YIMO,4,选择题,,整题,MAYBE,完整题-选择题照收,E3,逐题已匹配参考答案,,不明,2026-09-24-attribution-v2
BJ-2023-CY-YIMO-Q5,BJ-2023-CY-YIMO-Q5,BJ-2023-CY-YIMO,5,选择题,,整题,MAYBE,完整题-选择题照收,E3,逐题已匹配参考答案,,不明,2026-09-24-attribution-v2
BJ-2023-CY-YIMO-Q6,BJ-2023-CY-YIMO-Q6,BJ-2023-CY-YIMO,6,选择题,,整题,MAYBE,完整题-选择题照收,E3,逐题已匹配参考答案,,不明,2026-09-24-attribution-v2
BJ-2023-CY-YIMO-Q7,BJ-2023-CY-YIMO-Q7,BJ-2023-CY-YIMO,7,选择题,,整题,MAYBE,完整题-选择题照收,E3,逐题已匹配参考答案,,不明,2026-09-24-attribution-v2
BJ-2023-CY-YIMO-Q9,BJ-2023-CY-YIMO-Q9,BJ-2023-CY-YIMO,9,选择题,,整题,MAYBE,完整题-选择题照收,E3,逐题已匹配参考答案,,不明,2026-09-24-attribution-v2
BJ-2023-CY-YIMO-Q15,BJ-2023-CY-YIMO-Q15,BJ-2023-CY-YIMO,15,选择题,,整题,MAYBE,完整题-选择题照收,E3,逐题已匹配参考答案,,不明,2026-09-24-attribution-v2
BJ-2023-CY-YIMO-Q16,BJ-2023-CY-YIMO-Q16,BJ-2023-CY-YIMO,16,主观题,,整题,IN,不收-无E1,E3,逐题已匹配参考答案,,不明,2026-09-24-attribution-v2
BJ-2023-CY-YIMO-Q17,BJ-2023-CY-YIMO-Q17,BJ-2023-CY-YIMO,17,主观题,,整题,MAYBE,不收-无E1,E3,逐题已匹配参考答案,,不明,2026-09-24-attribution-v2
BJ-2023-CY-YIMO-Q18,BJ-2023-CY-YIMO-Q18,BJ-2023-CY-YIMO,18,主观题,,整题,MAYBE,不收-无E1,E3,逐题已匹配参考答案,,不明,2026-09-24-attribution-v2
BJ-2023-CY-YIMO-Q19#1,BJ-2023-CY-YIMO-Q19,BJ-2023-CY-YIMO,19,主观题,1,小问,MAYBE,不收-无E1,E3,逐题已匹配参考答案,,不明,2026-09-24-attribution-v2
BJ-2023-CY-YIMO-Q21,BJ-2023-CY-YIMO-Q21,BJ-2023-CY-YIMO,21,主观题,,整题,MAYBE,不收-无E1,E3,逐题已匹配参考答案,,不明,2026-09-24-attribution-v2
BJ-2024-CY-YIMO-Q2,BJ-2024-CY-YIMO-Q2,BJ-2024-CY-YIMO,2,选择题,,整题,IN,完整题-选择题照收,E3,逐题已匹配参考答案,,不明,2026-09-24-attribution-v2
BJ-2024-CY-YIMO-Q3,BJ-2024-CY-YIMO-Q3,BJ-2024-CY-YIMO,3,选择题,,整题,MAYBE,完整题-选择题照收,E3,逐题已匹配参考答案,,不明,2026-09-24-attribution-v2
BJ-2024-CY-YIMO-Q4,BJ-2024-CY-YIMO-Q4,BJ-2024-CY-YIMO,4,选择题,,整题,MAYBE,完整题-选择题照收,E3,逐题已匹配参考答案,,不明,2026-09-24-attribution-v2
BJ-2024-CY-YIMO-Q6,BJ-2024-CY-YIMO-Q6,BJ-2024-CY-YIMO,6,选择题,,整题,MAYBE,完整题-选择题照收,E3,逐题已匹配参考答案,,不明,2026-09-24-attribution-v2
BJ-2024-CY-YIMO-Q7,BJ-2024-CY-YIMO-Q7,BJ-2024-CY-YIMO,7,选择题,,整题,MAYBE,完整题-选择题照收,E3,逐题已匹配参考答案,,不明,2026-09-24-attribution-v2
BJ-2024-CY-YIMO-Q9,BJ-2024-CY-YIMO-Q9,BJ-2024-CY-YIMO,9,选择题,,整题,MAYBE,完整题-选择题照收,E3,逐题已匹配参考答案,,不明,2026-09-24-attribution-v2
BJ-2024-CY-YIMO-Q15,BJ-2024-CY-YIMO-Q15,BJ-2024-CY-YIMO,15,选择题,,整题,MAYBE,完整题-选择题照收,E3,逐题已匹配参考答案,,不明,2026-09-24-attribution-v2
BJ-2024-CY-YIMO-Q16,BJ-2024-CY-YIMO-Q16,BJ-2024-CY-YIMO,16,主观题,,整题,MAYBE,完整题-有E1,E1,逐题已匹配正式评分材料,,不明,2026-09-24-attribution-v2
BJ-2024-CY-YIMO-Q18#1,BJ-2024-CY-YIMO-Q18,BJ-2024-CY-YIMO,18,主观题,1,小问,MAYBE,完整题-有E1,E1,逐题已匹配正式评分材料,,不明,2026-09-24-attribution-v2
BJ-2024-CY-YIMO-Q18#2,BJ-2024-CY-YIMO-Q18,BJ-2024-CY-YIMO,18,主观题,2,小问,MAYBE,完整题-有E1,E1,逐题已匹配正式评分材料,,不明,2026-09-24-attribution-v2
BJ-2024-CY-YIMO-Q19,BJ-2024-CY-YIMO-Q19,BJ-2024-CY-YIMO,19,主观题,,整题,MAYBE,完整题-有E1,E1,逐题已匹配正式评分材料,,倾向,2026-09-24-attribution-v2
BJ-2023-DC-ERMO-Q1,BJ-2023-DC-ERMO-Q1,BJ-2023-DC-ERMO,1,选择题,,整题,MAYBE,完整题-选择题照收,E3,逐题已匹配参考答案,,倾向,2026-09-24-attribution-v2
BJ-2023-DC-ERMO-Q2,BJ-2023-DC-ERMO-Q2,BJ-2023-DC-ERMO,2,选择题,,整题,MAYBE,完整题-选择题照收,E3,逐题已匹配参考答案,,不明,2026-09-24-attribution-v2
BJ-2023-DC-ERMO-Q3,BJ-2023-DC-ERMO-Q3,BJ-2023-DC-ERMO,3,选择题,,整题,MAYBE,完整题-选择题照收,E3,逐题已匹配参考答案,,不明,2026-09-24-attribution-v2
BJ-2023-DC-ERMO-Q4,BJ-2023-DC-ERMO-Q4,BJ-2023-DC-ERMO,4,选择题,,整题,MAYBE,完整题-选择题照收,E3,逐题已匹配参考答案,,不明,2026-09-24-attribution-v2
BJ-2023-DC-ERMO-Q5,BJ-2023-DC-ERMO-Q5,BJ-2023-DC-ERMO,5,选择题,,整题,MAYBE,完整题-选择题照收,E3,逐题已匹配参考答案,,不明,2026-09-24-attribution-v2
BJ-2023-DC-ERMO-Q6,BJ-2023-DC-ERMO-Q6,BJ-2023-DC-ERMO,6,选择题,,整题,MAYBE,完整题-选择题照收,E3,逐题已匹配参考答案,,不明,2026-09-24-attribution-v2
BJ-2023-DC-ERMO-Q7,BJ-2023-DC-ERMO-Q7,BJ-2023-DC-ERMO,7,选择题,,整题,MAYBE,完整题-选择题照收,E3,逐题已匹配参考答案,,不明,2026-09-24-attribution-v2
BJ-2023-DC-ERMO-Q9,BJ-2023-DC-ERMO-Q9,BJ-2023-DC-ERMO,9,选择题,,整题,MAYBE,完整题-选择题照收,E3,逐题已匹配参考答案,,不明,2026-09-24-attribution-v2
BJ-2023-DC-ERMO-Q15,BJ-2023-DC-ERMO-Q15,BJ-2023-DC-ERMO,15,选择题,,整题,MAYBE,完整题-选择题照收,E3,逐题已匹配参考答案,,不明,2026-09-24-attribution-v2
BJ-2023-DC-ERMO-Q16,BJ-2023-DC-ERMO-Q16,BJ-2023-DC-ERMO,16,主观题,,整题,IN,完整题-有E1,E1,逐题已匹配正式评分材料,,倾向,2026-09-24-attribution-v2
BJ-2023-DC-ERMO-Q18#2,BJ-2023-DC-ERMO-Q18,BJ-2023-DC-ERMO,18,主观题,2,小问,MAYBE,不收-无E1,E3,逐题已匹配参考答案,,不明,2026-09-24-attribution-v2
BJ-2023-DC-ERMO-Q21,BJ-2023-DC-ERMO-Q21,BJ-2023-DC-ERMO,21,主观题,,整题,MAYBE,完整题-有E1,E1,逐题已匹配正式评分材料,,不明,2026-09-24-attribution-v2
BJ-2023-BJ-GAOKAO-Q2,BJ-2023-BJ-GAOKAO-Q2,BJ-2023-BJ-GAOKAO,2,选择题,,整题,MAYBE,完整题-选择题照收,E3,逐题已匹配参考答案,,倾向,2026-09-24-attribution-v2
BJ-2023-BJ-GAOKAO-Q3,BJ-2023-BJ-GAOKAO-Q3,BJ-2023-BJ-GAOKAO,3,选择题,,整题,MAYBE,完整题-选择题照收,E3,逐题已匹配参考答案,,不明,2026-09-24-attribution-v2
BJ-2023-BJ-GAOKAO-Q5,BJ-2023-BJ-GAOKAO-Q5,BJ-2023-BJ-GAOKAO,5,选择题,,整题,MAYBE,完整题-选择题照收,E3,逐题已匹配参考答案,,不明,2026-09-24-attribution-v2
BJ-2023-BJ-GAOKAO-Q6,BJ-2023-BJ-GAOKAO-Q6,BJ-2023-BJ-GAOKAO,6,选择题,,整题,MAYBE,完整题-选择题照收,E3,逐题已匹配参考答案,,不明,2026-09-24-attribution-v2
BJ-2023-BJ-GAOKAO-Q7,BJ-2023-BJ-GAOKAO-Q7,BJ-2023-BJ-GAOKAO,7,选择题,,整题,MAYBE,完整题-选择题照收,E3,逐题已匹配参考答案,,不明,2026-09-24-attribution-v2
BJ-2023-BJ-GAOKAO-Q8,BJ-2023-BJ-GAOKAO-Q8,BJ-2023-BJ-GAOKAO,8,选择题,,整题,MAYBE,完整题-选择题照收,E3,逐题已匹配参考答案,,不明,2026-09-24-attribution-v2
BJ-2023-BJ-GAOKAO-Q9,BJ-2023-BJ-GAOKAO-Q9,BJ-2023-BJ-GAOKAO,9,选择题,,整题,MAYBE,完整题-选择题照收,E3,逐题已匹配参考答案,,不明,2026-09-24-attribution-v2
BJ-2023-BJ-GAOKAO-Q16,BJ-2023-BJ-GAOKAO-Q16,BJ-2023-BJ-GAOKAO,16,主观题,,整题,MAYBE,完整题-有E1,E1,逐题已匹配正式评分材料,,倾向,2026-09-24-attribution-v2
BJ-2023-BJ-GAOKAO-Q17,BJ-2023-BJ-GAOKAO-Q17,BJ-2023-BJ-GAOKAO,17,主观题,,整题,MAYBE,完整题-有E1,E1,逐题已匹配正式评分材料,,不明,2026-09-24-attribution-v2
BJ-2023-BJ-GAOKAO-Q18#1,BJ-2023-BJ-GAOKAO-Q18,BJ-2023-BJ-GAOKAO,18,主观题,1,小问,MAYBE,完整题-有E1,E1,逐题已匹配正式评分材料,,不明,2026-09-24-attribution-v2
BJ-2023-BJ-GAOKAO-Q18#2,BJ-2023-BJ-GAOKAO-Q18,BJ-2023-BJ-GAOKAO,18,主观题,2,小问,MAYBE,完整题-有E1,E1,逐题已匹配正式评分材料,,不明,2026-09-24-attribution-v2
BJ-2023-BJ-GAOKAO-Q18#3,BJ-2023-BJ-GAOKAO-Q18,BJ-2023-BJ-GAOKAO,18,主观题,3,小问,MAYBE,完整题-有E1,E1,逐题已匹配正式评分材料,,不明,2026-09-24-attribution-v2
BJ-2024-CY-ERMO-Q1,BJ-2024-CY-ERMO-Q1,BJ-2024-CY-ERMO,1,选择题,,整题,MAYBE,完整题-选择题照收,E3,逐题已匹配参考答案,,倾向,2026-09-24-attribution-v2
BJ-2024-CY-ERMO-Q2,BJ-2024-CY-ERMO-Q2,BJ-2024-CY-ERMO,2,选择题,,整题,MAYBE,完整题-选择题照收,E3,逐题已匹配参考答案,,倾向,2026-09-24-attribution-v2
BJ-2024-CY-ERMO-Q5,BJ-2024-CY-ERMO-Q5,BJ-2024-CY-ERMO,5,选择题,,整题,MAYBE,完整题-选择题照收,E3,逐题已匹配参考答案,,不明,2026-09-24-attribution-v2
BJ-2024-CY-ERMO-Q6,BJ-2024-CY-ERMO-Q6,BJ-2024-CY-ERMO,6,选择题,,整题,MAYBE,完整题-选择题照收,E3,逐题已匹配参考答案,,倾向,2026-09-24-attribution-v2
BJ-2024-CY-ERMO-Q7,BJ-2024-CY-ERMO-Q7,BJ-2024-CY-ERMO,7,选择题,,整题,MAYBE,完整题-选择题照收,E3,逐题已匹配参考答案,,不明,2026-09-24-attribution-v2
BJ-2024-CY-ERMO-Q9,BJ-2024-CY-ERMO-Q9,BJ-2024-CY-ERMO,9,选择题,,整题,MAYBE,完整题-选择题照收,E3,逐题已匹配参考答案,,不明,2026-09-24-attribution-v2
BJ-2024-CY-ERMO-Q15,BJ-2024-CY-ERMO-Q15,BJ-2024-CY-ERMO,15,选择题,,整题,MAYBE,完整题-选择题照收,E3,逐题已匹配参考答案,,倾向,2026-09-24-attribution-v2
BJ-2024-CY-ERMO-Q16#1,BJ-2024-CY-ERMO-Q16,BJ-2024-CY-ERMO,16,主观题,1,小问,MAYBE,完整题-有E1,E1,逐题已匹配正式评分材料,B1:rubric_unreadable_not_OUT;B3:rubric_unreadable_not_OUT;CU:rubric_unreadable_not_OUT;X1:rubric_unreadable_not_OUT;MI:rubric_unreadable_not_OUT;RE:rubric_unreadable_not_OUT,倾向,2026-09-24-attribution-v2
BJ-2024-CY-ERMO-Q16#2,BJ-2024-CY-ERMO-Q16,BJ-2024-CY-ERMO,16,主观题,2,小问,MAYBE,完整题-有E1,E1,逐题已匹配正式评分材料,B1:rubric_unreadable_not_OUT;B3:rubric_unreadable_not_OUT;CU:rubric_unreadable_not_OUT;X1:rubric_unreadable_not_OUT;MI:rubric_unreadable_not_OUT;RE:rubric_unreadable_not_OUT,倾向,2026-09-24-attribution-v2
BJ-2024-CY-ERMO-Q17,BJ-2024-CY-ERMO-Q17,BJ-2024-CY-ERMO,17,主观题,,整题,MAYBE,完整题-有E1,E1,逐题已匹配正式评分材料,,不明,2026-09-24-attribution-v2
BJ-2024-CY-ERMO-Q18,BJ-2024-CY-ERMO-Q18,BJ-2024-CY-ERMO,18,主观题,,整题,MAYBE,完整题-有E1,E1,逐题已匹配正式评分材料,B1:rubric_unreadable_not_OUT;B2:rubric_unreadable_not_OUT;PH:rubric_unreadable_not_OUT;CU:rubric_unreadable_not_OUT;MI:rubric_unreadable_not_OUT;RE:rubric_unreadable_not_OUT,倾向,2026-09-24-attribution-v2
BJ-2024-CY-ERMO-Q20,BJ-2024-CY-ERMO-Q20,BJ-2024-CY-ERMO,20,主观题,,整题,MAYBE,完整题-有E1,E1,逐题已匹配正式评分材料,B1:rubric_unreadable_not_OUT;B3:rubric_unreadable_not_OUT;PH:rubric_unreadable_not_OUT;CU:rubric_unreadable_not_OUT;MI:rubric_unreadable_not_OUT;RE:rubric_unreadable_not_OUT,倾向,2026-09-24-attribution-v2
BJ-2022-BJ-GAOKAO-Q1,BJ-2022-BJ-GAOKAO-Q1,BJ-2022-BJ-GAOKAO,1,选择题,,整题,MAYBE,完整题-选择题照收,E3,逐题已匹配参考答案,,不明,2026-09-24-attribution-v2
BJ-2022-BJ-GAOKAO-Q4,BJ-2022-BJ-GAOKAO-Q4,BJ-2022-BJ-GAOKAO,4,选择题,,整题,MAYBE,完整题-选择题照收,E3,逐题已匹配参考答案,,不明,2026-09-24-attribution-v2
BJ-2022-BJ-GAOKAO-Q5,BJ-2022-BJ-GAOKAO-Q5,BJ-2022-BJ-GAOKAO,5,选择题,,整题,MAYBE,完整题-选择题照收,E3,逐题已匹配参考答案,,不明,2026-09-24-attribution-v2
BJ-2022-BJ-GAOKAO-Q6,BJ-2022-BJ-GAOKAO-Q6,BJ-2022-BJ-GAOKAO,6,选择题,,整题,MAYBE,完整题-选择题照收,E3,逐题已匹配参考答案,,不明,2026-09-24-attribution-v2
BJ-2022-BJ-GAOKAO-Q9,BJ-2022-BJ-GAOKAO-Q9,BJ-2022-BJ-GAOKAO,9,选择题,,整题,MAYBE,完整题-选择题照收,E3,逐题已匹配参考答案,identity:dup_covered_by=bixiu3(等价类合并生效),不明,2026-09-24-attribution-v2
BJ-2022-BJ-GAOKAO-Q17,BJ-2022-BJ-GAOKAO-Q17,BJ-2022-BJ-GAOKAO,17,主观题,,整题,MAYBE,完整题-有E1,E1,逐题已匹配正式评分材料,,不明,2026-09-24-attribution-v2
BJ-2022-BJ-GAOKAO-Q18#2,BJ-2022-BJ-GAOKAO-Q18,BJ-2022-BJ-GAOKAO,18,主观题,2,小问,MAYBE,完整题-有E1,E1,逐题已匹配正式评分材料,,不明,2026-09-24-attribution-v2
BJ-2022-BJ-GAOKAO-Q19#1,BJ-2022-BJ-GAOKAO-Q19,BJ-2022-BJ-GAOKAO,19,主观题,1,小问,MAYBE,完整题-有E1,E1,逐题已匹配正式评分材料,,不明,2026-09-24-attribution-v2
BJ-2022-BJ-GAOKAO-Q19#2,BJ-2022-BJ-GAOKAO-Q19,BJ-2022-BJ-GAOKAO,19,主观题,2,小问,MAYBE,完整题-有E1,E1,逐题已匹配正式评分材料,,不明,2026-09-24-attribution-v2
BJ-2022-BJ-GAOKAO-Q20,BJ-2022-BJ-GAOKAO-Q20,BJ-2022-BJ-GAOKAO,20,主观题,,整题,MAYBE,完整题-有E1,E1,逐题已匹配正式评分材料,,不明,2026-09-24-attribution-v2
BJ-2022-BJ-GAOKAO-Q21,BJ-2022-BJ-GAOKAO-Q21,BJ-2022-BJ-GAOKAO,21,主观题,,整题,MAYBE,完整题-有E1,E1,逐题已匹配正式评分材料,,不明,2026-09-24-attribution-v2
BJ-2025-DC-ERMO-Q1,BJ-2025-DC-ERMO-Q1,BJ-2025-DC-ERMO,1,选择题,,整题,MAYBE,完整题-选择题照收,E3,逐题已匹配参考答案,,不明,2026-09-24-attribution-v2
BJ-2025-DC-ERMO-Q5,BJ-2025-DC-ERMO-Q5,BJ-2025-DC-ERMO,5,选择题,,整题,MAYBE,完整题-选择题照收,E3,逐题已匹配参考答案,,不明,2026-09-24-attribution-v2
BJ-2025-DC-ERMO-Q6,BJ-2025-DC-ERMO-Q6,BJ-2025-DC-ERMO,6,选择题,,整题,MAYBE,完整题-选择题照收,E3,逐题已匹配参考答案,,不明,2026-09-24-attribution-v2
BJ-2025-DC-ERMO-Q7,BJ-2025-DC-ERMO-Q7,BJ-2025-DC-ERMO,7,选择题,,整题,MAYBE,完整题-选择题照收,E3,逐题已匹配参考答案,,不明,2026-09-24-attribution-v2
BJ-2025-DC-ERMO-Q9,BJ-2025-DC-ERMO-Q9,BJ-2025-DC-ERMO,9,选择题,,整题,MAYBE,完整题-选择题照收,E3,逐题已匹配参考答案,,不明,2026-09-24-attribution-v2
BJ-2025-DC-ERMO-Q15,BJ-2025-DC-ERMO-Q15,BJ-2025-DC-ERMO,15,选择题,,整题,MAYBE,完整题-选择题照收,E3,逐题已匹配参考答案,,不明,2026-09-24-attribution-v2
BJ-2025-DC-ERMO-Q16,BJ-2025-DC-ERMO-Q16,BJ-2025-DC-ERMO,16,主观题,,整题,MAYBE,完整题-有E1,E1,逐题已匹配正式评分材料,,不明,2026-09-24-attribution-v2
BJ-2025-DC-ERMO-Q20,BJ-2025-DC-ERMO-Q20,BJ-2025-DC-ERMO,20,主观题,,整题,MAYBE,完整题-有E1,E1,逐题已匹配正式评分材料,,倾向,2026-09-24-attribution-v2
BJ-2025-DC-ERMO-Q21,BJ-2025-DC-ERMO-Q21,BJ-2025-DC-ERMO,21,主观题,,整题,MAYBE,完整题-有E1,E1,逐题已匹配正式评分材料,,不明,2026-09-24-attribution-v2
BJ-2023-CY-ERMO-Q1,BJ-2023-CY-ERMO-Q1,BJ-2023-CY-ERMO,1,选择题,,整题,MAYBE,完整题-选择题照收,E3,逐题已匹配参考答案,,不明,2026-09-24-attribution-v2
BJ-2023-CY-ERMO-Q2,BJ-2023-CY-ERMO-Q2,BJ-2023-CY-ERMO,2,选择题,,整题,MAYBE,完整题-选择题照收,E3,逐题已匹配参考答案,,不明,2026-09-24-attribution-v2
BJ-2023-CY-ERMO-Q3,BJ-2023-CY-ERMO-Q3,BJ-2023-CY-ERMO,3,选择题,,整题,MAYBE,完整题-选择题照收,E3,逐题已匹配参考答案,,不明,2026-09-24-attribution-v2
BJ-2023-CY-ERMO-Q4,BJ-2023-CY-ERMO-Q4,BJ-2023-CY-ERMO,4,选择题,,整题,MAYBE,完整题-选择题照收,E3,逐题已匹配参考答案,,不明,2026-09-24-attribution-v2
BJ-2023-CY-ERMO-Q5,BJ-2023-CY-ERMO-Q5,BJ-2023-CY-ERMO,5,选择题,,整题,MAYBE,完整题-选择题照收,E3,逐题已匹配参考答案,,不明,2026-09-24-attribution-v2
BJ-2023-CY-ERMO-Q6,BJ-2023-CY-ERMO-Q6,BJ-2023-CY-ERMO,6,选择题,,整题,MAYBE,完整题-选择题照收,E3,逐题已匹配参考答案,,不明,2026-09-24-attribution-v2
BJ-2023-CY-ERMO-Q7,BJ-2023-CY-ERMO-Q7,BJ-2023-CY-ERMO,7,选择题,,整题,MAYBE,完整题-选择题照收,E3,逐题已匹配参考答案,,不明,2026-09-24-attribution-v2
BJ-2023-CY-ERMO-Q9,BJ-2023-CY-ERMO-Q9,BJ-2023-CY-ERMO,9,选择题,,整题,MAYBE,完整题-选择题照收,E3,逐题已匹配参考答案,,不明,2026-09-24-attribution-v2
BJ-2023-CY-ERMO-Q15,BJ-2023-CY-ERMO-Q15,BJ-2023-CY-ERMO,15,选择题,,整题,MAYBE,完整题-选择题照收,E3,逐题已匹配参考答案,,不明,2026-09-24-attribution-v2
BJ-2023-CY-ERMO-Q18,BJ-2023-CY-ERMO-Q18,BJ-2023-CY-ERMO,18,主观题,,整题,MAYBE,不收-无E1,E3,逐题已匹配参考答案,,不明,2026-09-24-attribution-v2
BJ-2023-CY-ERMO-Q20#1,BJ-2023-CY-ERMO-Q20,BJ-2023-CY-ERMO,20,主观题,1,小问,MAYBE,不收-无E1,E3,逐题已匹配参考答案,,倾向,2026-09-24-attribution-v2
BJ-2023-CY-ERMO-Q20#2,BJ-2023-CY-ERMO-Q20,BJ-2023-CY-ERMO,20,主观题,2,小问,IN,不收-无E1,E3,逐题已匹配参考答案,,倾向,2026-09-24-attribution-v2
BJ-2023-CY-ERMO-Q21,BJ-2023-CY-ERMO-Q21,BJ-2023-CY-ERMO,21,主观题,,整题,MAYBE,不收-无E1,E3,逐题已匹配参考答案,B2:rubric_unreadable_not_OUT;PH:rubric_unreadable_not_OUT;RE:rubric_unreadable_not_OUT,不明,2026-09-24-attribution-v2
BJ-2021-BJ-GAOKAO-Q5,BJ-2021-BJ-GAOKAO-Q5,BJ-2021-BJ-GAOKAO,5,选择题,,整题,MAYBE,完整题-选择题照收,E3,逐题已匹配参考答案,,不明,2026-09-24-attribution-v2
BJ-2021-BJ-GAOKAO-Q6,BJ-2021-BJ-GAOKAO-Q6,BJ-2021-BJ-GAOKAO,6,选择题,,整题,MAYBE,完整题-选择题照收,E3,逐题已匹配参考答案,,不明,2026-09-24-attribution-v2
BJ-2021-BJ-GAOKAO-Q7,BJ-2021-BJ-GAOKAO-Q7,BJ-2021-BJ-GAOKAO,7,选择题,,整题,MAYBE,完整题-选择题照收,E3,逐题已匹配参考答案,,不明,2026-09-24-attribution-v2
BJ-2021-BJ-GAOKAO-Q8,BJ-2021-BJ-GAOKAO-Q8,BJ-2021-BJ-GAOKAO,8,选择题,,整题,MAYBE,完整题-选择题照收,E3,逐题已匹配参考答案,,不明,2026-09-24-attribution-v2
BJ-2021-BJ-GAOKAO-Q17,BJ-2021-BJ-GAOKAO-Q17,BJ-2021-BJ-GAOKAO,17,主观题,,整题,MAYBE,完整题-有E1,E1,逐题已匹配正式评分材料,,不明,2026-09-24-attribution-v2
BJ-2021-BJ-GAOKAO-Q21#2,BJ-2021-BJ-GAOKAO-Q21,BJ-2021-BJ-GAOKAO,21,主观题,2,小问,MAYBE,完整题-有E1,E1,逐题已匹配正式评分材料,,不明,2026-09-24-attribution-v2
BJ-2024-HD-QIZHONG-Q1,BJ-2024-HD-QIZHONG-Q1,BJ-2024-HD-QIZHONG,1,选择题,,整题,MAYBE,完整题-选择题照收,缺答案键-已核实,"题库rubric_links.csv对该题有明确负例记录(已检查,本题不适用)",,不明,2026-09-24-attribution-v2
BJ-2024-HD-QIZHONG-Q2,BJ-2024-HD-QIZHONG-Q2,BJ-2024-HD-QIZHONG,2,选择题,,整题,MAYBE,完整题-选择题照收,缺答案键-已核实,"题库rubric_links.csv对该题有明确负例记录(已检查,本题不适用)",,倾向,2026-09-24-attribution-v2
BJ-2024-HD-QIZHONG-Q3,BJ-2024-HD-QIZHONG-Q3,BJ-2024-HD-QIZHONG,3,选择题,,整题,MAYBE,完整题-选择题照收,缺答案键-已核实,"题库rubric_links.csv对该题有明确负例记录(已检查,本题不适用)",,不明,2026-09-24-attribution-v2
BJ-2024-HD-QIZHONG-Q4,BJ-2024-HD-QIZHONG-Q4,BJ-2024-HD-QIZHONG,4,选择题,,整题,MAYBE,完整题-选择题照收,缺答案键-已核实,"题库rubric_links.csv对该题有明确负例记录(已检查,本题不适用)",,不明,2026-09-24-attribution-v2
BJ-2024-HD-QIZHONG-Q5,BJ-2024-HD-QIZHONG-Q5,BJ-2024-HD-QIZHONG,5,选择题,,整题,MAYBE,完整题-选择题照收,缺答案键-已核实,"题库rubric_links.csv对该题有明确负例记录(已检查,本题不适用)",,不明,2026-09-24-attribution-v2
BJ-2024-HD-QIZHONG-Q6,BJ-2024-HD-QIZHONG-Q6,BJ-2024-HD-QIZHONG,6,选择题,,整题,MAYBE,完整题-选择题照收,缺答案键-已核实,"题库rubric_links.csv对该题有明确负例记录(已检查,本题不适用)",,不明,2026-09-24-attribution-v2
BJ-2024-HD-QIZHONG-Q7,BJ-2024-HD-QIZHONG-Q7,BJ-2024-HD-QIZHONG,7,选择题,,整题,MAYBE,完整题-选择题照收,缺答案键-已核实,"题库rubric_links.csv对该题有明确负例记录(已检查,本题不适用)",,不明,2026-09-24-attribution-v2
BJ-2024-HD-QIZHONG-Q8,BJ-2024-HD-QIZHONG-Q8,BJ-2024-HD-QIZHONG,8,选择题,,整题,MAYBE,完整题-选择题照收,缺答案键-已核实,"题库rubric_links.csv对该题有明确负例记录(已检查,本题不适用)",,不明,2026-09-24-attribution-v2
BJ-2024-HD-QIZHONG-Q10,BJ-2024-HD-QIZHONG-Q10,BJ-2024-HD-QIZHONG,10,选择题,,整题,MAYBE,完整题-选择题照收,缺答案键-已核实,"题库rubric_links.csv对该题有明确负例记录(已检查,本题不适用)",,倾向,2026-09-24-attribution-v2
BJ-2026-CY-QIMO-Q1,BJ-2026-CY-QIMO-Q1,BJ-2026-CY-QIMO,1,选择题,,整题,MAYBE,完整题-选择题照收,缺答案键-已核实,"题库rubric_links.csv对该题有明确负例记录(已检查,本题不适用)",,不明,2026-09-24-attribution-v2
BJ-2026-CY-QIMO-Q2,BJ-2026-CY-QIMO-Q2,BJ-2026-CY-QIMO,2,选择题,,整题,MAYBE,完整题-选择题照收,缺答案键-已核实,"题库rubric_links.csv对该题有明确负例记录(已检查,本题不适用)",,不明,2026-09-24-attribution-v2
BJ-2026-CY-QIMO-Q3,BJ-2026-CY-QIMO-Q3,BJ-2026-CY-QIMO,3,选择题,,整题,MAYBE,完整题-选择题照收,缺答案键-已核实,"题库rubric_links.csv对该题有明确负例记录(已检查,本题不适用)",,不明,2026-09-24-attribution-v2
BJ-2026-CY-QIMO-Q4,BJ-2026-CY-QIMO-Q4,BJ-2026-CY-QIMO,4,选择题,,整题,MAYBE,完整题-选择题照收,缺答案键-已核实,"题库rubric_links.csv对该题有明确负例记录(已检查,本题不适用)",,倾向,2026-09-24-attribution-v2
BJ-2026-CY-QIMO-Q5,BJ-2026-CY-QIMO-Q5,BJ-2026-CY-QIMO,5,选择题,,整题,MAYBE,完整题-选择题照收,缺答案键-已核实,"题库rubric_links.csv对该题有明确负例记录(已检查,本题不适用)",,不明,2026-09-24-attribution-v2
BJ-2026-CY-QIMO-Q6,BJ-2026-CY-QIMO-Q6,BJ-2026-CY-QIMO,6,选择题,,整题,MAYBE,完整题-选择题照收,缺答案键-已核实,"题库rubric_links.csv对该题有明确负例记录(已检查,本题不适用)",,不明,2026-09-24-attribution-v2
BJ-2026-CY-QIMO-Q7,BJ-2026-CY-QIMO-Q7,BJ-2026-CY-QIMO,7,选择题,,整题,MAYBE,完整题-选择题照收,缺答案键-已核实,"题库rubric_links.csv对该题有明确负例记录(已检查,本题不适用)",,不明,2026-09-24-attribution-v2
BJ-2026-CY-QIMO-Q8,BJ-2026-CY-QIMO-Q8,BJ-2026-CY-QIMO,8,选择题,,整题,MAYBE,完整题-选择题照收,缺答案键-已核实,"题库rubric_links.csv对该题有明确负例记录(已检查,本题不适用)",,不明,2026-09-24-attribution-v2
BJ-2026-CY-QIMO-Q9,BJ-2026-CY-QIMO-Q9,BJ-2026-CY-QIMO,9,选择题,,整题,MAYBE,完整题-选择题照收,缺答案键-已核实,"题库rubric_links.csv对该题有明确负例记录(已检查,本题不适用)",,不明,2026-09-24-attribution-v2
BJ-2026-CY-QIMO-Q10,BJ-2026-CY-QIMO-Q10,BJ-2026-CY-QIMO,10,选择题,,整题,MAYBE,完整题-选择题照收,缺答案键-已核实,"题库rubric_links.csv对该题有明确负例记录(已检查,本题不适用)",,倾向,2026-09-24-attribution-v2
BJ-2026-CY-QIMO-Q17,BJ-2026-CY-QIMO-Q17,BJ-2026-CY-QIMO,17,主观题,,整题,MAYBE,完整题-有E1,E1,逐题已匹配正式评分材料,,不明,2026-09-24-attribution-v2
BJ-2026-CY-QIMO-Q21,BJ-2026-CY-QIMO-Q21,BJ-2026-CY-QIMO,21,主观题,,整题,MAYBE,完整题-有E1,E1,逐题已匹配正式评分材料,,不明,2026-09-24-attribution-v2
BJ-2023-HD-ERMO-Q1,BJ-2023-HD-ERMO-Q1,BJ-2023-HD-ERMO,1,选择题,,整题,MAYBE,完整题-选择题照收,E3,逐题已匹配参考答案,,不明,2026-09-24-attribution-v2
BJ-2023-HD-ERMO-Q15,BJ-2023-HD-ERMO-Q15,BJ-2023-HD-ERMO,15,选择题,,整题,MAYBE,完整题-选择题照收,E3,逐题已匹配参考答案,,不明,2026-09-24-attribution-v2
BJ-2023-HD-ERMO-Q16,BJ-2023-HD-ERMO-Q16,BJ-2023-HD-ERMO,16,主观题,,整题,MAYBE,完整题-有E1,E1,逐题已匹配正式评分材料,,不明,2026-09-24-attribution-v2
BJ-2023-HD-ERMO-Q18,BJ-2023-HD-ERMO-Q18,BJ-2023-HD-ERMO,18,主观题,,整题,MAYBE,完整题-有E1,E1,逐题已匹配正式评分材料,,不明,2026-09-24-attribution-v2
BJ-2023-HD-ERMO-Q2,BJ-2023-HD-ERMO-Q2,BJ-2023-HD-ERMO,2,选择题,,整题,MAYBE,完整题-选择题照收,E3,逐题已匹配参考答案,,不明,2026-09-24-attribution-v2
BJ-2023-HD-ERMO-Q20#1,BJ-2023-HD-ERMO-Q20,BJ-2023-HD-ERMO,20,主观题,1,小问,MAYBE,完整题-有E1,E1,逐题已匹配正式评分材料,,不明,2026-09-24-attribution-v2
BJ-2023-HD-ERMO-Q21#1,BJ-2023-HD-ERMO-Q21,BJ-2023-HD-ERMO,21,主观题,1,小问,MAYBE,完整题-有E1,E1,逐题已匹配正式评分材料,,不明,2026-09-24-attribution-v2
BJ-2023-HD-ERMO-Q21#2,BJ-2023-HD-ERMO-Q21,BJ-2023-HD-ERMO,21,主观题,2,小问,MAYBE,完整题-有E1,E1,逐题已匹配正式评分材料,,不明,2026-09-24-attribution-v2
BJ-2023-HD-ERMO-Q3,BJ-2023-HD-ERMO-Q3,BJ-2023-HD-ERMO,3,选择题,,整题,MAYBE,完整题-选择题照收,E3,逐题已匹配参考答案,,不明,2026-09-24-attribution-v2
BJ-2023-HD-ERMO-Q4,BJ-2023-HD-ERMO-Q4,BJ-2023-HD-ERMO,4,选择题,,整题,MAYBE,完整题-选择题照收,E3,逐题已匹配参考答案,,不明,2026-09-24-attribution-v2
BJ-2023-HD-ERMO-Q5,BJ-2023-HD-ERMO-Q5,BJ-2023-HD-ERMO,5,选择题,,整题,MAYBE,完整题-选择题照收,E3,逐题已匹配参考答案,,不明,2026-09-24-attribution-v2
BJ-2023-HD-ERMO-Q6,BJ-2023-HD-ERMO-Q6,BJ-2023-HD-ERMO,6,选择题,,整题,MAYBE,完整题-选择题照收,E3,逐题已匹配参考答案,,不明,2026-09-24-attribution-v2
BJ-2023-HD-ERMO-Q7,BJ-2023-HD-ERMO-Q7,BJ-2023-HD-ERMO,7,选择题,,整题,MAYBE,完整题-选择题照收,E3,逐题已匹配参考答案,,不明,2026-09-24-attribution-v2
BJ-2023-HD-ERMO-Q9,BJ-2023-HD-ERMO-Q9,BJ-2023-HD-ERMO,9,选择题,,整题,MAYBE,完整题-选择题照收,E3,逐题已匹配参考答案,,不明,2026-09-24-attribution-v2
BJ-2023-DC-YIMO-Q16,BJ-2023-DC-YIMO-Q16,BJ-2023-DC-YIMO,16,主观题,,整题,MAYBE,完整题-有E1,E1,逐题已匹配正式评分材料,,不明,2026-09-24-attribution-v2
BJ-2023-DC-YIMO-Q18#1,BJ-2023-DC-YIMO-Q18,BJ-2023-DC-YIMO,18,主观题,1,小问,MAYBE,完整题-有E1,E1,逐题已匹配正式评分材料,,不明,2026-09-24-attribution-v2
BJ-2023-DC-YIMO-Q18#2,BJ-2023-DC-YIMO-Q18,BJ-2023-DC-YIMO,18,主观题,2,小问,MAYBE,完整题-有E1,E1,逐题已匹配正式评分材料,,不明,2026-09-24-attribution-v2
BJ-2023-DC-YIMO-Q18#3,BJ-2023-DC-YIMO-Q18,BJ-2023-DC-YIMO,18,主观题,3,小问,MAYBE,完整题-有E1,E1,逐题已匹配正式评分材料,,不明,2026-09-24-attribution-v2
BJ-2023-DC-YIMO-Q20#2,BJ-2023-DC-YIMO-Q20,BJ-2023-DC-YIMO,20,主观题,2,小问,MAYBE,完整题-有E1,E1,逐题已匹配正式评分材料,,不明,2026-09-24-attribution-v2
BJ-2023-DC-YIMO-Q21,BJ-2023-DC-YIMO-Q21,BJ-2023-DC-YIMO,21,主观题,,整题,MAYBE,完整题-有E1,E1,逐题已匹配正式评分材料,,不明,2026-09-24-attribution-v2
BJ-2023-DC-YIMO-Q1,BJ-2023-DC-YIMO-Q1,BJ-2023-DC-YIMO,1,选择题,,整题,MAYBE,完整题-选择题照收,答案键来源未核实(候选未确认),该题正式评分材料候选存在候选/存在冲突，未确认匹配，不下判,,倾向,2026-09-24-attribution-v2
BJ-2023-DC-YIMO-Q2,BJ-2023-DC-YIMO-Q2,BJ-2023-DC-YIMO,2,选择题,,整题,MAYBE,完整题-选择题照收,答案键来源未核实(候选未确认),该题正式评分材料候选存在候选/存在冲突，未确认匹配，不下判,,不明,2026-09-24-attribution-v2
BJ-2023-DC-YIMO-Q3,BJ-2023-DC-YIMO-Q3,BJ-2023-DC-YIMO,3,选择题,,整题,MAYBE,完整题-选择题照收,答案键来源未核实(候选未确认),该题正式评分材料候选存在候选/存在冲突，未确认匹配，不下判,,不明,2026-09-24-attribution-v2
BJ-2023-DC-YIMO-Q4,BJ-2023-DC-YIMO-Q4,BJ-2023-DC-YIMO,4,选择题,,整题,MAYBE,完整题-选择题照收,答案键来源未核实(候选未确认),该题正式评分材料候选存在候选/存在冲突，未确认匹配，不下判,,不明,2026-09-24-attribution-v2
BJ-2023-DC-YIMO-Q5,BJ-2023-DC-YIMO-Q5,BJ-2023-DC-YIMO,5,选择题,,整题,MAYBE,完整题-选择题照收,答案键来源未核实(候选未确认),该题正式评分材料候选存在候选/存在冲突，未确认匹配，不下判,,不明,2026-09-24-attribution-v2
BJ-2023-DC-YIMO-Q6,BJ-2023-DC-YIMO-Q6,BJ-2023-DC-YIMO,6,选择题,,整题,MAYBE,完整题-选择题照收,答案键来源未核实(候选未确认),该题正式评分材料候选存在候选/存在冲突，未确认匹配，不下判,,不明,2026-09-24-attribution-v2
BJ-2023-DC-YIMO-Q7,BJ-2023-DC-YIMO-Q7,BJ-2023-DC-YIMO,7,选择题,,整题,MAYBE,完整题-选择题照收,答案键来源未核实(候选未确认),该题正式评分材料候选存在候选/存在冲突，未确认匹配，不下判,,不明,2026-09-24-attribution-v2
BJ-2023-DC-YIMO-Q9,BJ-2023-DC-YIMO-Q9,BJ-2023-DC-YIMO,9,选择题,,整题,MAYBE,完整题-选择题照收,答案键来源未核实(候选未确认),该题正式评分材料候选存在候选/存在冲突，未确认匹配，不下判,,不明,2026-09-24-attribution-v2
BJ-2023-DC-YIMO-Q15,BJ-2023-DC-YIMO-Q15,BJ-2023-DC-YIMO,15,选择题,,整题,MAYBE,完整题-选择题照收,答案键来源未核实(候选未确认),该题正式评分材料候选存在候选/存在冲突，未确认匹配，不下判,,不明,2026-09-24-attribution-v2
BJ-2023-HD-YIMO-Q16,BJ-2023-HD-YIMO-Q16,BJ-2023-HD-YIMO,16,主观题,,整题,MAYBE,待裁决-证据未核实,待裁决-证据未核实候选,该题正式评分材料候选存在候选/存在冲突，未确认匹配，不下判,,不明,2026-09-24-attribution-v2
BJ-2023-HD-YIMO-Q17,BJ-2023-HD-YIMO-Q17,BJ-2023-HD-YIMO,17,主观题,,整题,MAYBE,待裁决-证据未核实,待裁决-证据未核实候选,该题正式评分材料候选存在候选/存在冲突，未确认匹配，不下判,,不明,2026-09-24-attribution-v2
BJ-2023-HD-YIMO-Q18#1,BJ-2023-HD-YIMO-Q18,BJ-2023-HD-YIMO,18,主观题,1,小问,MAYBE,待裁决-证据未核实,待裁决-证据未核实候选,该题正式评分材料候选存在候选/存在冲突，未确认匹配，不下判,,不明,2026-09-24-attribution-v2
BJ-2023-HD-YIMO-Q18#2,BJ-2023-HD-YIMO-Q18,BJ-2023-HD-YIMO,18,主观题,2,小问,MAYBE,待裁决-证据未核实,待裁决-证据未核实候选,该题正式评分材料候选存在候选/存在冲突，未确认匹配，不下判,,不明,2026-09-24-attribution-v2
BJ-2023-HD-YIMO-Q18#3,BJ-2023-HD-YIMO-Q18,BJ-2023-HD-YIMO,18,主观题,3,小问,MAYBE,待裁决-证据未核实,待裁决-证据未核实候选,该题正式评分材料候选存在候选/存在冲突，未确认匹配，不下判,,不明,2026-09-24-attribution-v2
BJ-2023-HD-YIMO-Q18#4,BJ-2023-HD-YIMO-Q18,BJ-2023-HD-YIMO,18,主观题,4,小问,MAYBE,待裁决-证据未核实,待裁决-证据未核实候选,该题正式评分材料候选存在候选/存在冲突，未确认匹配，不下判,,不明,2026-09-24-attribution-v2
BJ-2023-HD-YIMO-Q19,BJ-2023-HD-YIMO-Q19,BJ-2023-HD-YIMO,19,主观题,,整题,MAYBE,待裁决-证据未核实,待裁决-证据未核实候选,该题正式评分材料候选存在候选/存在冲突，未确认匹配，不下判,,不明,2026-09-24-attribution-v2
BJ-2023-HD-YIMO-Q20#1,BJ-2023-HD-YIMO-Q20,BJ-2023-HD-YIMO,20,主观题,1,小问,MAYBE,待裁决-证据未核实,待裁决-证据未核实候选,该题正式评分材料候选存在候选/存在冲突，未确认匹配，不下判,,不明,2026-09-24-attribution-v2
BJ-2023-HD-YIMO-Q20#2,BJ-2023-HD-YIMO-Q20,BJ-2023-HD-YIMO,20,主观题,2,小问,MAYBE,待裁决-证据未核实,待裁决-证据未核实候选,该题正式评分材料候选存在候选/存在冲突，未确认匹配，不下判,,不明,2026-09-24-attribution-v2
BJ-2023-HD-YIMO-Q21#1,BJ-2023-HD-YIMO-Q21,BJ-2023-HD-YIMO,21,主观题,1,小问,MAYBE,待裁决-证据未核实,待裁决-证据未核实候选,该题正式评分材料候选存在候选/存在冲突，未确认匹配，不下判,,不明,2026-09-24-attribution-v2
BJ-2023-HD-YIMO-Q21#2,BJ-2023-HD-YIMO-Q21,BJ-2023-HD-YIMO,21,主观题,2,小问,MAYBE,待裁决-证据未核实,待裁决-证据未核实候选,该题正式评分材料候选存在候选/存在冲突，未确认匹配，不下判,,不明,2026-09-24-attribution-v2
BJ-2023-XC-YIMO-Q19#1,BJ-2023-XC-YIMO-Q19,BJ-2023-XC-YIMO,19,主观题,1,小问,MAYBE,完整题-有E1,E1,逐题已匹配正式评分材料,,倾向,2026-09-24-attribution-v2
BJ-2023-XC-YIMO-Q19#2,BJ-2023-XC-YIMO-Q19,BJ-2023-XC-YIMO,19,主观题,2,小问,MAYBE,完整题-有E1,E1,逐题已匹配正式评分材料,,倾向,2026-09-24-attribution-v2
BJ-2023-XC-YIMO-Q21#1,BJ-2023-XC-YIMO-Q21,BJ-2023-XC-YIMO,21,主观题,1,小问,MAYBE,完整题-有E1,E1,逐题已匹配正式评分材料,,不明,2026-09-24-attribution-v2
BJ-2023-XC-YIMO-Q21#2,BJ-2023-XC-YIMO-Q21,BJ-2023-XC-YIMO,21,主观题,2,小问,MAYBE,完整题-有E1,E1,逐题已匹配正式评分材料,,不明,2026-09-24-attribution-v2
BJ-2023-XC-YIMO-Q21#3,BJ-2023-XC-YIMO-Q21,BJ-2023-XC-YIMO,21,主观题,3,小问,MAYBE,完整题-有E1,E1,逐题已匹配正式评分材料,,不明,2026-09-24-attribution-v2
BJ-2023-XC-YIMO-Q1,BJ-2023-XC-YIMO-Q1,BJ-2023-XC-YIMO,1,选择题,,整题,MAYBE,完整题-选择题照收,答案键来源未核实(候选未确认),该题正式评分材料候选存在候选/存在冲突，未确认匹配，不下判,,不明,2026-09-24-attribution-v2
BJ-2023-XC-YIMO-Q2,BJ-2023-XC-YIMO-Q2,BJ-2023-XC-YIMO,2,选择题,,整题,MAYBE,完整题-选择题照收,E3,该题正式评分材料候选存在候选/存在冲突，未确认匹配，不下判（同时已有匹配参考答案，选择题按E3计，正式评分材料候选仍待核实）,,不明,2026-09-24-attribution-v2
BJ-2023-XC-YIMO-Q3,BJ-2023-XC-YIMO-Q3,BJ-2023-XC-YIMO,3,选择题,,整题,MAYBE,完整题-选择题照收,E1,逐题已匹配正式评分材料,,不明,2026-09-24-attribution-v2
BJ-2023-XC-YIMO-Q4,BJ-2023-XC-YIMO-Q4,BJ-2023-XC-YIMO,4,选择题,,整题,IN,完整题-选择题照收,E3,该题正式评分材料候选存在候选/存在冲突，未确认匹配，不下判（同时已有匹配参考答案，选择题按E3计，正式评分材料候选仍待核实）,,不明,2026-09-24-attribution-v2
BJ-2023-XC-YIMO-Q6,BJ-2023-XC-YIMO-Q6,BJ-2023-XC-YIMO,6,选择题,,整题,MAYBE,完整题-选择题照收,答案键来源未核实(候选未确认),该题正式评分材料候选存在候选/存在冲突，未确认匹配，不下判,,不明,2026-09-24-attribution-v2
BJ-2023-XC-YIMO-Q7,BJ-2023-XC-YIMO-Q7,BJ-2023-XC-YIMO,7,选择题,,整题,MAYBE,完整题-选择题照收,E3,该题正式评分材料候选存在候选/存在冲突，未确认匹配，不下判（同时已有匹配参考答案，选择题按E3计，正式评分材料候选仍待核实）,,不明,2026-09-24-attribution-v2
BJ-2023-XC-YIMO-Q9,BJ-2023-XC-YIMO-Q9,BJ-2023-XC-YIMO,9,选择题,,整题,MAYBE,完整题-选择题照收,E3,该题正式评分材料候选存在候选/存在冲突，未确认匹配，不下判（同时已有匹配参考答案，选择题按E3计，正式评分材料候选仍待核实）,,不明,2026-09-24-attribution-v2
BJ-2023-XC-YIMO-Q15,BJ-2023-XC-YIMO-Q15,BJ-2023-XC-YIMO,15,选择题,,整题,MAYBE,完整题-选择题照收,E3,该题正式评分材料候选存在候选/存在冲突，未确认匹配，不下判（同时已有匹配参考答案，选择题按E3计，正式评分材料候选仍待核实）,,不明,2026-09-24-attribution-v2
BJ-2023-XC-YIMO-Q5,BJ-2023-XC-YIMO-Q5,BJ-2023-XC-YIMO,5,选择题,,整题,MAYBE,完整题-选择题照收,E3,该题正式评分材料候选存在候选/存在冲突，未确认匹配，不下判（同时已有匹配参考答案，选择题按E3计，正式评分材料候选仍待核实）,,不明,2026-09-24-attribution-v2
BJ-2023-XC-ERMO-Q16#1,BJ-2023-XC-ERMO-Q16,BJ-2023-XC-ERMO,16,主观题,1,小问,MAYBE,完整题-有E1,E1,逐题已匹配正式评分材料,,倾向,2026-09-24-attribution-v2
BJ-2023-XC-ERMO-Q16#2,BJ-2023-XC-ERMO-Q16,BJ-2023-XC-ERMO,16,主观题,2,小问,MAYBE,完整题-有E1,E1,逐题已匹配正式评分材料,,不明,2026-09-24-attribution-v2
BJ-2023-XC-ERMO-Q17,BJ-2023-XC-ERMO-Q17,BJ-2023-XC-ERMO,17,主观题,,整题,MAYBE,完整题-有E1,E1,逐题已匹配正式评分材料,,不明,2026-09-24-attribution-v2
BJ-2023-XC-ERMO-Q2,BJ-2023-XC-ERMO-Q2,BJ-2023-XC-ERMO,2,选择题,,整题,MAYBE,完整题-选择题照收,E3,该题正式评分材料候选存在候选/存在冲突，未确认匹配，不下判（同时已有匹配参考答案，选择题按E3计，正式评分材料候选仍待核实）,,不明,2026-09-24-attribution-v2
BJ-2023-XC-ERMO-Q3,BJ-2023-XC-ERMO-Q3,BJ-2023-XC-ERMO,3,选择题,,整题,MAYBE,完整题-选择题照收,E3,该题正式评分材料候选存在候选/存在冲突，未确认匹配，不下判（同时已有匹配参考答案，选择题按E3计，正式评分材料候选仍待核实）,,不明,2026-09-24-attribution-v2
BJ-2023-XC-ERMO-Q4,BJ-2023-XC-ERMO-Q4,BJ-2023-XC-ERMO,4,选择题,,整题,MAYBE,完整题-选择题照收,E3,该题正式评分材料候选存在候选/存在冲突，未确认匹配，不下判（同时已有匹配参考答案，选择题按E3计，正式评分材料候选仍待核实）,,不明,2026-09-24-attribution-v2
BJ-2023-XC-ERMO-Q5,BJ-2023-XC-ERMO-Q5,BJ-2023-XC-ERMO,5,选择题,,整题,MAYBE,完整题-选择题照收,E3,该题正式评分材料候选存在候选/存在冲突，未确认匹配，不下判（同时已有匹配参考答案，选择题按E3计，正式评分材料候选仍待核实）,,不明,2026-09-24-attribution-v2
BJ-2023-XC-ERMO-Q6,BJ-2023-XC-ERMO-Q6,BJ-2023-XC-ERMO,6,选择题,,整题,MAYBE,完整题-选择题照收,答案键来源未核实(候选未确认),该题正式评分材料候选存在候选/存在冲突，未确认匹配，不下判,,不明,2026-09-24-attribution-v2
BJ-2023-XC-ERMO-Q9,BJ-2023-XC-ERMO-Q9,BJ-2023-XC-ERMO,9,选择题,,整题,MAYBE,完整题-选择题照收,E3,该题正式评分材料候选存在候选/存在冲突，未确认匹配，不下判（同时已有匹配参考答案，选择题按E3计，正式评分材料候选仍待核实）,,不明,2026-09-24-attribution-v2
BJ-2023-XC-ERMO-Q15,BJ-2023-XC-ERMO-Q15,BJ-2023-XC-ERMO,15,选择题,,整题,MAYBE,完整题-选择题照收,E3,该题正式评分材料候选存在候选/存在冲突，未确认匹配，不下判（同时已有匹配参考答案，选择题按E3计，正式评分材料候选仍待核实）,,倾向,2026-09-24-attribution-v2
BJ-2023-HD-QIZHONG-Q1,BJ-2023-HD-QIZHONG-Q1,BJ-2023-HD-QIZHONG,1,选择题,,整题,MAYBE,完整题-选择题照收,E3,该题正式评分材料候选存在候选/存在冲突，未确认匹配，不下判（同时已有匹配参考答案，选择题按E3计，正式评分材料候选仍待核实）,,不明,2026-09-24-attribution-v2
BJ-2023-HD-QIZHONG-Q2,BJ-2023-HD-QIZHONG-Q2,BJ-2023-HD-QIZHONG,2,选择题,,整题,MAYBE,完整题-选择题照收,E3,该题正式评分材料候选存在候选/存在冲突，未确认匹配，不下判（同时已有匹配参考答案，选择题按E3计，正式评分材料候选仍待核实）,,倾向,2026-09-24-attribution-v2
BJ-2023-HD-QIZHONG-Q3,BJ-2023-HD-QIZHONG-Q3,BJ-2023-HD-QIZHONG,3,选择题,,整题,IN,完整题-选择题照收,E3,该题正式评分材料候选存在候选/存在冲突，未确认匹配，不下判（同时已有匹配参考答案，选择题按E3计，正式评分材料候选仍待核实）,,不明,2026-09-24-attribution-v2
BJ-2023-HD-QIZHONG-Q4,BJ-2023-HD-QIZHONG-Q4,BJ-2023-HD-QIZHONG,4,选择题,,整题,MAYBE,完整题-选择题照收,E3,该题正式评分材料候选存在候选/存在冲突，未确认匹配，不下判（同时已有匹配参考答案，选择题按E3计，正式评分材料候选仍待核实）,,不明,2026-09-24-attribution-v2
BJ-2023-HD-QIZHONG-Q5,BJ-2023-HD-QIZHONG-Q5,BJ-2023-HD-QIZHONG,5,选择题,,整题,MAYBE,完整题-选择题照收,E3,该题正式评分材料候选存在候选/存在冲突，未确认匹配，不下判（同时已有匹配参考答案，选择题按E3计，正式评分材料候选仍待核实）,,不明,2026-09-24-attribution-v2
BJ-2023-HD-QIZHONG-Q6,BJ-2023-HD-QIZHONG-Q6,BJ-2023-HD-QIZHONG,6,选择题,,整题,MAYBE,完整题-选择题照收,E3,该题正式评分材料候选存在候选/存在冲突，未确认匹配，不下判（同时已有匹配参考答案，选择题按E3计，正式评分材料候选仍待核实）,,不明,2026-09-24-attribution-v2
BJ-2023-HD-QIZHONG-Q7,BJ-2023-HD-QIZHONG-Q7,BJ-2023-HD-QIZHONG,7,选择题,,整题,MAYBE,完整题-选择题照收,E3,该题正式评分材料候选存在候选/存在冲突，未确认匹配，不下判（同时已有匹配参考答案，选择题按E3计，正式评分材料候选仍待核实）,,不明,2026-09-24-attribution-v2
BJ-2023-HD-QIZHONG-Q8,BJ-2023-HD-QIZHONG-Q8,BJ-2023-HD-QIZHONG,8,选择题,,整题,MAYBE,完整题-选择题照收,E3,该题正式评分材料候选存在候选/存在冲突，未确认匹配，不下判（同时已有匹配参考答案，选择题按E3计，正式评分材料候选仍待核实）,,不明,2026-09-24-attribution-v2
BJ-2023-HD-QIZHONG-Q9,BJ-2023-HD-QIZHONG-Q9,BJ-2023-HD-QIZHONG,9,选择题,,整题,MAYBE,完整题-选择题照收,E3,该题正式评分材料候选存在候选/存在冲突，未确认匹配，不下判（同时已有匹配参考答案，选择题按E3计，正式评分材料候选仍待核实）,,不明,2026-09-24-attribution-v2
BJ-2023-HD-QIZHONG-Q10,BJ-2023-HD-QIZHONG-Q10,BJ-2023-HD-QIZHONG,10,选择题,,整题,MAYBE,完整题-选择题照收,E3,该题正式评分材料候选存在候选/存在冲突，未确认匹配，不下判（同时已有匹配参考答案，选择题按E3计，正式评分材料候选仍待核实）,,不明,2026-09-24-attribution-v2
BJ-2023-HD-QIZHONG-Q13,BJ-2023-HD-QIZHONG-Q13,BJ-2023-HD-QIZHONG,13,选择题,,整题,MAYBE,完整题-选择题照收,E3,该题正式评分材料候选存在候选/存在冲突，未确认匹配，不下判（同时已有匹配参考答案，选择题按E3计，正式评分材料候选仍待核实）,,不明,2026-09-24-attribution-v2
BJ-2023-HD-QIZHONG-Q18#1,BJ-2023-HD-QIZHONG-Q18,BJ-2023-HD-QIZHONG,18,主观题,1,小问,MAYBE,待裁决-证据未核实,待裁决-证据未核实候选,该题正式评分材料候选存在候选/存在冲突，未确认匹配，不下判,,不明,2026-09-24-attribution-v2
BJ-2024-DC-YIMO-Q4,BJ-2024-DC-YIMO-Q4,BJ-2024-DC-YIMO,4,选择题,,整题,MAYBE,完整题-选择题照收,E1,逐题已匹配正式评分材料,,不明,2026-09-24-attribution-v2
BJ-2024-DC-YIMO-Q21,BJ-2024-DC-YIMO-Q21,BJ-2024-DC-YIMO,21,主观题,,整题,MAYBE,待裁决-证据未核实,待裁决-证据未核实候选,该题正式评分材料候选存在候选/存在冲突，未确认匹配，不下判,,不明,2026-09-24-attribution-v2
BJ-2024-DC-YIMO-Q5,BJ-2024-DC-YIMO-Q5,BJ-2024-DC-YIMO,5,选择题,,整题,MAYBE,完整题-选择题照收,E3,该题正式评分材料候选存在候选/存在冲突，未确认匹配，不下判（同时已有匹配参考答案，选择题按E3计，正式评分材料候选仍待核实）,,不明,2026-09-24-attribution-v2
BJ-2024-DC-YIMO-Q6,BJ-2024-DC-YIMO-Q6,BJ-2024-DC-YIMO,6,选择题,,整题,MAYBE,完整题-选择题照收,E3,该题正式评分材料候选存在候选/存在冲突，未确认匹配，不下判（同时已有匹配参考答案，选择题按E3计，正式评分材料候选仍待核实）,,不明,2026-09-24-attribution-v2
BJ-2024-DC-YIMO-Q7,BJ-2024-DC-YIMO-Q7,BJ-2024-DC-YIMO,7,选择题,,整题,MAYBE,完整题-选择题照收,E3,该题正式评分材料候选存在候选/存在冲突，未确认匹配，不下判（同时已有匹配参考答案，选择题按E3计，正式评分材料候选仍待核实）,,不明,2026-09-24-attribution-v2
BJ-2024-DC-YIMO-Q9,BJ-2024-DC-YIMO-Q9,BJ-2024-DC-YIMO,9,选择题,,整题,MAYBE,完整题-选择题照收,E3,该题正式评分材料候选存在候选/存在冲突，未确认匹配，不下判（同时已有匹配参考答案，选择题按E3计，正式评分材料候选仍待核实）,,不明,2026-09-24-attribution-v2
BJ-2024-HD-YIMO-Q2,BJ-2024-HD-YIMO-Q2,BJ-2024-HD-YIMO,2,选择题,,整题,MAYBE,完整题-选择题照收,答案键来源未核实(候选未确认),该题正式评分材料候选存在候选/存在冲突，未确认匹配，不下判,,倾向,2026-09-24-attribution-v2
BJ-2024-HD-YIMO-Q3,BJ-2024-HD-YIMO-Q3,BJ-2024-HD-YIMO,3,选择题,,整题,MAYBE,完整题-选择题照收,答案键来源未核实(候选未确认),该题正式评分材料候选存在候选/存在冲突，未确认匹配，不下判,,不明,2026-09-24-attribution-v2
BJ-2024-HD-YIMO-Q5,BJ-2024-HD-YIMO-Q5,BJ-2024-HD-YIMO,5,选择题,,整题,MAYBE,完整题-选择题照收,答案键来源未核实(候选未确认),该题正式评分材料候选存在候选/存在冲突，未确认匹配，不下判,,不明,2026-09-24-attribution-v2
BJ-2024-HD-YIMO-Q6,BJ-2024-HD-YIMO-Q6,BJ-2024-HD-YIMO,6,选择题,,整题,MAYBE,完整题-选择题照收,答案键来源未核实(候选未确认),该题正式评分材料候选存在候选/存在冲突，未确认匹配，不下判,,不明,2026-09-24-attribution-v2
BJ-2024-HD-YIMO-Q7,BJ-2024-HD-YIMO-Q7,BJ-2024-HD-YIMO,7,选择题,,整题,MAYBE,完整题-选择题照收,答案键来源未核实(候选未确认),该题正式评分材料候选存在候选/存在冲突，未确认匹配，不下判,,不明,2026-09-24-attribution-v2
BJ-2024-HD-YIMO-Q9,BJ-2024-HD-YIMO-Q9,BJ-2024-HD-YIMO,9,选择题,,整题,MAYBE,完整题-选择题照收,答案键来源未核实(候选未确认),该题正式评分材料候选存在候选/存在冲突，未确认匹配，不下判,,不明,2026-09-24-attribution-v2
BJ-2024-HD-YIMO-Q15,BJ-2024-HD-YIMO-Q15,BJ-2024-HD-YIMO,15,选择题,,整题,MAYBE,完整题-选择题照收,答案键来源未核实(候选未确认),该题正式评分材料候选存在候选/存在冲突，未确认匹配，不下判,,不明,2026-09-24-attribution-v2
BJ-2024-DC-ERMO-Q3,BJ-2024-DC-ERMO-Q3,BJ-2024-DC-ERMO,3,选择题,,整题,MAYBE,完整题-选择题照收,答案键来源未核实(候选未确认),该题正式评分材料候选存在候选/存在冲突，未确认匹配，不下判,,不明,2026-09-24-attribution-v2
BJ-2024-DC-ERMO-Q18#1,BJ-2024-DC-ERMO-Q18,BJ-2024-DC-ERMO,18,主观题,1,小问,MAYBE,完整题-有E1,E1,逐题已匹配正式评分材料,B1:rubric_unreadable_not_OUT;CU:rubric_unreadable_not_OUT;X1:rubric_unreadable_not_OUT;MI:rubric_unreadable_not_OUT;RE:rubric_unreadable_not_OUT,倾向,2026-09-24-attribution-v2
BJ-2024-DC-ERMO-Q18#2,BJ-2024-DC-ERMO-Q18,BJ-2024-DC-ERMO,18,主观题,2,小问,MAYBE,完整题-有E1,E1,逐题已匹配正式评分材料,,不明,2026-09-24-attribution-v2
BJ-2024-DC-ERMO-Q19#1,BJ-2024-DC-ERMO-Q19,BJ-2024-DC-ERMO,19,主观题,1,小问,MAYBE,完整题-有E1,E1,逐题已匹配正式评分材料,,不明,2026-09-24-attribution-v2
BJ-2024-DC-ERMO-Q19#2,BJ-2024-DC-ERMO-Q19,BJ-2024-DC-ERMO,19,主观题,2,小问,MAYBE,完整题-有E1,E1,逐题已匹配正式评分材料,,不明,2026-09-24-attribution-v2
BJ-2024-DC-ERMO-Q20,BJ-2024-DC-ERMO-Q20,BJ-2024-DC-ERMO,20,主观题,,整题,MAYBE,待裁决-证据未核实,待裁决-证据未核实候选,该题正式评分材料候选存在候选/存在冲突，未确认匹配，不下判,B1:rubric_unreadable_not_OUT;B2:rubric_unreadable_not_OUT;B3:rubric_unreadable_not_OUT;PH:rubric_unreadable_not_OUT;CU:rubric_unreadable_not_OUT;X2:rubric_unreadable_not_OUT;MI:rubric_unreadable_not_OUT;RE:rubric_unreadable_not_OUT,确定,2026-09-24-attribution-v2
BJ-2024-DC-ERMO-Q4,BJ-2024-DC-ERMO-Q4,BJ-2024-DC-ERMO,4,选择题,,整题,MAYBE,完整题-选择题照收,答案键来源未核实(候选未确认),该题正式评分材料候选存在候选/存在冲突，未确认匹配，不下判,,不明,2026-09-24-attribution-v2
BJ-2024-DC-ERMO-Q5,BJ-2024-DC-ERMO-Q5,BJ-2024-DC-ERMO,5,选择题,,整题,MAYBE,完整题-选择题照收,答案键来源未核实(候选未确认),该题正式评分材料候选存在候选/存在冲突，未确认匹配，不下判,,不明,2026-09-24-attribution-v2
BJ-2024-DC-ERMO-Q6,BJ-2024-DC-ERMO-Q6,BJ-2024-DC-ERMO,6,选择题,,整题,MAYBE,完整题-选择题照收,答案键来源未核实(候选未确认),该题正式评分材料候选存在候选/存在冲突，未确认匹配，不下判,,不明,2026-09-24-attribution-v2
BJ-2024-DC-ERMO-Q7,BJ-2024-DC-ERMO-Q7,BJ-2024-DC-ERMO,7,选择题,,整题,MAYBE,完整题-选择题照收,答案键来源未核实(候选未确认),该题正式评分材料候选存在候选/存在冲突，未确认匹配，不下判,,不明,2026-09-24-attribution-v2
BJ-2024-DC-ERMO-Q9,BJ-2024-DC-ERMO-Q9,BJ-2024-DC-ERMO,9,选择题,,整题,MAYBE,完整题-选择题照收,答案键来源未核实(候选未确认),该题正式评分材料候选存在候选/存在冲突，未确认匹配，不下判,,不明,2026-09-24-attribution-v2
BJ-2024-DC-ERMO-Q15,BJ-2024-DC-ERMO-Q15,BJ-2024-DC-ERMO,15,选择题,,整题,MAYBE,完整题-选择题照收,答案键来源未核实(候选未确认),该题正式评分材料候选存在候选/存在冲突，未确认匹配，不下判,,倾向,2026-09-24-attribution-v2
BJ-2024-FT-YIMO-Q3,BJ-2024-FT-YIMO-Q3,BJ-2024-FT-YIMO,3,选择题,,整题,MAYBE,完整题-选择题照收,E3,该题正式评分材料候选存在候选/存在冲突，未确认匹配，不下判（同时已有匹配参考答案，选择题按E3计，正式评分材料候选仍待核实）,,不明,2026-09-24-attribution-v2
BJ-2024-FT-YIMO-Q4,BJ-2024-FT-YIMO-Q4,BJ-2024-FT-YIMO,4,选择题,,整题,MAYBE,完整题-选择题照收,E3,该题正式评分材料候选存在候选/存在冲突，未确认匹配，不下判（同时已有匹配参考答案，选择题按E3计，正式评分材料候选仍待核实）,,不明,2026-09-24-attribution-v2
BJ-2024-FT-YIMO-Q5,BJ-2024-FT-YIMO-Q5,BJ-2024-FT-YIMO,5,选择题,,整题,MAYBE,完整题-选择题照收,E3,该题正式评分材料候选存在候选/存在冲突，未确认匹配，不下判（同时已有匹配参考答案，选择题按E3计，正式评分材料候选仍待核实）,,不明,2026-09-24-attribution-v2
BJ-2024-FT-YIMO-Q9,BJ-2024-FT-YIMO-Q9,BJ-2024-FT-YIMO,9,选择题,,整题,MAYBE,完整题-选择题照收,答案键来源未核实(候选未确认),该题正式评分材料候选存在候选/存在冲突，未确认匹配，不下判,,不明,2026-09-24-attribution-v2
BJ-2024-FT-YIMO-Q15,BJ-2024-FT-YIMO-Q15,BJ-2024-FT-YIMO,15,选择题,,整题,MAYBE,完整题-选择题照收,E3,该题正式评分材料候选存在候选/存在冲突，未确认匹配，不下判（同时已有匹配参考答案，选择题按E3计，正式评分材料候选仍待核实）,,不明,2026-09-24-attribution-v2
BJ-2024-FT-YIMO-Q17,BJ-2024-FT-YIMO-Q17,BJ-2024-FT-YIMO,17,主观题,,整题,MAYBE,待裁决-证据未核实,待裁决-证据未核实候选,该题正式评分材料候选存在候选/存在冲突，未确认匹配，不下判,,不明,2026-09-24-attribution-v2
BJ-2024-FT-YIMO-Q21,BJ-2024-FT-YIMO-Q21,BJ-2024-FT-YIMO,21,主观题,,整题,MAYBE,待裁决-证据未核实,待裁决-证据未核实候选,该题正式评分材料候选存在候选/存在冲突，未确认匹配，不下判,,不明,2026-09-24-attribution-v2
BJ-2024-FT-YIMO-Q7,BJ-2024-FT-YIMO-Q7,BJ-2024-FT-YIMO,7,选择题,,整题,MAYBE,完整题-选择题照收,答案键来源未核实(候选未确认),该题正式评分材料候选存在候选/存在冲突，未确认匹配，不下判,,不明,2026-09-24-attribution-v2
BJ-2024-FT-ERMO-Q3,BJ-2024-FT-ERMO-Q3,BJ-2024-FT-ERMO,3,选择题,,整题,MAYBE,完整题-选择题照收,答案键来源未核实(候选未确认),该题正式评分材料候选存在候选/存在冲突，未确认匹配，不下判,,不明,2026-09-24-attribution-v2
BJ-2024-FT-ERMO-Q4,BJ-2024-FT-ERMO-Q4,BJ-2024-FT-ERMO,4,选择题,,整题,MAYBE,完整题-选择题照收,答案键来源未核实(候选未确认),该题正式评分材料候选存在候选/存在冲突，未确认匹配，不下判,,不明,2026-09-24-attribution-v2
BJ-2024-FT-ERMO-Q5,BJ-2024-FT-ERMO-Q5,BJ-2024-FT-ERMO,5,选择题,,整题,MAYBE,完整题-选择题照收,答案键来源未核实(候选未确认),该题正式评分材料候选存在候选/存在冲突，未确认匹配，不下判,,不明,2026-09-24-attribution-v2
BJ-2024-FT-ERMO-Q6,BJ-2024-FT-ERMO-Q6,BJ-2024-FT-ERMO,6,选择题,,整题,MAYBE,完整题-选择题照收,答案键来源未核实(候选未确认),该题正式评分材料候选存在候选/存在冲突，未确认匹配，不下判,,不明,2026-09-24-attribution-v2
BJ-2024-FT-ERMO-Q7,BJ-2024-FT-ERMO-Q7,BJ-2024-FT-ERMO,7,选择题,,整题,MAYBE,完整题-选择题照收,答案键来源未核实(候选未确认),该题正式评分材料候选存在候选/存在冲突，未确认匹配，不下判,,不明,2026-09-24-attribution-v2
BJ-2024-FT-ERMO-Q9,BJ-2024-FT-ERMO-Q9,BJ-2024-FT-ERMO,9,选择题,,整题,MAYBE,完整题-选择题照收,答案键来源未核实(候选未确认),该题正式评分材料候选存在候选/存在冲突，未确认匹配，不下判,,不明,2026-09-24-attribution-v2
BJ-2024-FT-ERMO-Q15,BJ-2024-FT-ERMO-Q15,BJ-2024-FT-ERMO,15,选择题,,整题,MAYBE,完整题-选择题照收,答案键来源未核实(候选未确认),该题正式评分材料候选存在候选/存在冲突，未确认匹配，不下判,,不明,2026-09-24-attribution-v2
BJ-2024-FT-ERMO-Q16,BJ-2024-FT-ERMO-Q16,BJ-2024-FT-ERMO,16,主观题,,整题,MAYBE,待裁决-证据未核实,待裁决-证据未核实候选,该题正式评分材料候选存在候选/存在冲突，未确认匹配，不下判,,倾向,2026-09-24-attribution-v2
BJ-2024-FT-ERMO-Q21,BJ-2024-FT-ERMO-Q21,BJ-2024-FT-ERMO,21,主观题,,整题,MAYBE,待裁决-证据未核实,待裁决-证据未核实候选,该题正式评分材料候选存在候选/存在冲突，未确认匹配，不下判,,不明,2026-09-24-attribution-v2
BJ-2024-HD-ERMO-Q17#1,BJ-2024-HD-ERMO-Q17,BJ-2024-HD-ERMO,17,主观题,1,小问,MAYBE,待裁决-证据未核实,待裁决-证据未核实候选,该题正式评分材料候选存在候选/存在冲突，未确认匹配，不下判,B1:rubric_unreadable_not_OUT;B2:rubric_unreadable_not_OUT;B3:rubric_unreadable_not_OUT;CU:rubric_unreadable_not_OUT;X1:rubric_unreadable_not_OUT;X2:rubric_unreadable_not_OUT;RE:rubric_unreadable_not_OUT,确定,2026-09-24-attribution-v2
BJ-2024-HD-ERMO-Q17#2,BJ-2024-HD-ERMO-Q17,BJ-2024-HD-ERMO,17,主观题,2,小问,MAYBE,待裁决-证据未核实,待裁决-证据未核实候选,该题正式评分材料候选存在候选/存在冲突，未确认匹配，不下判,,不明,2026-09-24-attribution-v2
BJ-2024-HD-ERMO-Q18#1,BJ-2024-HD-ERMO-Q18,BJ-2024-HD-ERMO,18,主观题,1,小问,MAYBE,待裁决-证据未核实,待裁决-证据未核实候选,该题正式评分材料候选存在候选/存在冲突，未确认匹配，不下判,,不明,2026-09-24-attribution-v2
BJ-2024-HD-ERMO-Q21,BJ-2024-HD-ERMO-Q21,BJ-2024-HD-ERMO,21,主观题,,整题,MAYBE,待裁决-证据未核实,待裁决-证据未核实候选,该题正式评分材料候选存在候选/存在冲突，未确认匹配，不下判,,不明,2026-09-24-attribution-v2
BJ-2024-HD-ERMO-Q16,BJ-2024-HD-ERMO-Q16,BJ-2024-HD-ERMO,16,主观题,,整题,MAYBE,完整题-有E1,E1,逐题已匹配正式评分材料,,倾向,2026-09-24-attribution-v2
BJ-2024-HD-ERMO-Q19#1,BJ-2024-HD-ERMO-Q19,BJ-2024-HD-ERMO,19,主观题,1,小问,MAYBE,待裁决-证据未核实,待裁决-证据未核实候选,该题正式评分材料候选存在候选/存在冲突，未确认匹配，不下判,identity:dup_covered_by=bixiu2(等价类合并生效),不明,2026-09-24-attribution-v2
BJ-2024-HD-ERMO-Q19#2,BJ-2024-HD-ERMO-Q19,BJ-2024-HD-ERMO,19,主观题,2,小问,MAYBE,待裁决-证据未核实,待裁决-证据未核实候选,该题正式评分材料候选存在候选/存在冲突，未确认匹配，不下判,identity:dup_covered_by=bixiu2(等价类合并生效),倾向,2026-09-24-attribution-v2
BJ-2024-HD-ERMO-Q1,BJ-2024-HD-ERMO-Q1,BJ-2024-HD-ERMO,1,选择题,,整题,MAYBE,完整题-选择题照收,E3,该题正式评分材料候选存在候选/存在冲突，未确认匹配，不下判（同时已有匹配参考答案，选择题按E3计，正式评分材料候选仍待核实）,,倾向,2026-09-24-attribution-v2
BJ-2024-HD-ERMO-Q4,BJ-2024-HD-ERMO-Q4,BJ-2024-HD-ERMO,4,选择题,,整题,MAYBE,完整题-选择题照收,E3,该题正式评分材料候选存在候选/存在冲突，未确认匹配，不下判（同时已有匹配参考答案，选择题按E3计，正式评分材料候选仍待核实）,,不明,2026-09-24-attribution-v2
BJ-2024-HD-ERMO-Q5,BJ-2024-HD-ERMO-Q5,BJ-2024-HD-ERMO,5,选择题,,整题,MAYBE,完整题-选择题照收,E3,该题正式评分材料候选存在候选/存在冲突，未确认匹配，不下判（同时已有匹配参考答案，选择题按E3计，正式评分材料候选仍待核实）,,不明,2026-09-24-attribution-v2
BJ-2024-HD-ERMO-Q6,BJ-2024-HD-ERMO-Q6,BJ-2024-HD-ERMO,6,选择题,,整题,MAYBE,完整题-选择题照收,E3,该题正式评分材料候选存在候选/存在冲突，未确认匹配，不下判（同时已有匹配参考答案，选择题按E3计，正式评分材料候选仍待核实）,,不明,2026-09-24-attribution-v2
BJ-2024-HD-ERMO-Q7,BJ-2024-HD-ERMO-Q7,BJ-2024-HD-ERMO,7,选择题,,整题,MAYBE,完整题-选择题照收,E3,该题正式评分材料候选存在候选/存在冲突，未确认匹配，不下判（同时已有匹配参考答案，选择题按E3计，正式评分材料候选仍待核实）,,不明,2026-09-24-attribution-v2
BJ-2024-HD-ERMO-Q9,BJ-2024-HD-ERMO-Q9,BJ-2024-HD-ERMO,9,选择题,,整题,MAYBE,完整题-选择题照收,E3,该题正式评分材料候选存在候选/存在冲突，未确认匹配，不下判（同时已有匹配参考答案，选择题按E3计，正式评分材料候选仍待核实）,,不明,2026-09-24-attribution-v2
BJ-2024-SJS-YIMO-Q1,BJ-2024-SJS-YIMO-Q1,BJ-2024-SJS-YIMO,1,选择题,,整题,MAYBE,完整题-选择题照收,答案键来源未核实(候选未确认),该题正式评分材料候选存在候选/存在冲突，未确认匹配，不下判,,不明,2026-09-24-attribution-v2
BJ-2024-SJS-YIMO-Q2,BJ-2024-SJS-YIMO-Q2,BJ-2024-SJS-YIMO,2,选择题,,整题,MAYBE,完整题-选择题照收,答案键来源未核实(候选未确认),该题正式评分材料候选存在候选/存在冲突，未确认匹配，不下判,,不明,2026-09-24-attribution-v2
BJ-2024-SJS-YIMO-Q5,BJ-2024-SJS-YIMO-Q5,BJ-2024-SJS-YIMO,5,选择题,,整题,MAYBE,完整题-选择题照收,答案键来源未核实(候选未确认),该题正式评分材料候选存在候选/存在冲突，未确认匹配，不下判,,不明,2026-09-24-attribution-v2
BJ-2024-SJS-YIMO-Q6,BJ-2024-SJS-YIMO-Q6,BJ-2024-SJS-YIMO,6,选择题,,整题,MAYBE,完整题-选择题照收,答案键来源未核实(候选未确认),该题正式评分材料候选存在候选/存在冲突，未确认匹配，不下判,,不明,2026-09-24-attribution-v2
BJ-2024-SJS-YIMO-Q7,BJ-2024-SJS-YIMO-Q7,BJ-2024-SJS-YIMO,7,选择题,,整题,MAYBE,完整题-选择题照收,答案键来源未核实(候选未确认),该题正式评分材料候选存在候选/存在冲突，未确认匹配，不下判,,不明,2026-09-24-attribution-v2
BJ-2024-SJS-YIMO-Q9,BJ-2024-SJS-YIMO-Q9,BJ-2024-SJS-YIMO,9,选择题,,整题,MAYBE,完整题-选择题照收,答案键来源未核实(候选未确认),该题正式评分材料候选存在候选/存在冲突，未确认匹配，不下判,,不明,2026-09-24-attribution-v2
BJ-2024-XC-YIMO-Q18#1,BJ-2024-XC-YIMO-Q18,BJ-2024-XC-YIMO,18,主观题,1,小问,MAYBE,完整题-有E1,E1,逐题已匹配正式评分材料,,不明,2026-09-24-attribution-v2
BJ-2024-XC-YIMO-Q18#2,BJ-2024-XC-YIMO-Q18,BJ-2024-XC-YIMO,18,主观题,2,小问,MAYBE,完整题-有E1,E1,逐题已匹配正式评分材料,,不明,2026-09-24-attribution-v2
BJ-2024-XC-YIMO-Q18#3,BJ-2024-XC-YIMO-Q18,BJ-2024-XC-YIMO,18,主观题,3,小问,MAYBE,完整题-有E1,E1,逐题已匹配正式评分材料,,倾向,2026-09-24-attribution-v2
BJ-2024-XC-YIMO-Q19#3,BJ-2024-XC-YIMO-Q19,BJ-2024-XC-YIMO,19,主观题,3,小问,MAYBE,完整题-有E1,E1,逐题已匹配正式评分材料,,不明,2026-09-24-attribution-v2
BJ-2024-XC-YIMO-Q19#4,BJ-2024-XC-YIMO-Q19,BJ-2024-XC-YIMO,19,主观题,4,小问,MAYBE,完整题-有E1,E1,逐题已匹配正式评分材料,,不明,2026-09-24-attribution-v2
BJ-2024-XC-YIMO-Q1,BJ-2024-XC-YIMO-Q1,BJ-2024-XC-YIMO,1,选择题,,整题,MAYBE,完整题-选择题照收,E3,该题正式评分材料候选存在候选/存在冲突，未确认匹配，不下判（同时已有匹配参考答案，选择题按E3计，正式评分材料候选仍待核实）,,不明,2026-09-24-attribution-v2
BJ-2024-XC-YIMO-Q2,BJ-2024-XC-YIMO-Q2,BJ-2024-XC-YIMO,2,选择题,,整题,MAYBE,完整题-选择题照收,E3,该题正式评分材料候选存在候选/存在冲突，未确认匹配，不下判（同时已有匹配参考答案，选择题按E3计，正式评分材料候选仍待核实）,,倾向,2026-09-24-attribution-v2
BJ-2024-XC-YIMO-Q3,BJ-2024-XC-YIMO-Q3,BJ-2024-XC-YIMO,3,选择题,,整题,MAYBE,完整题-选择题照收,E3,该题正式评分材料候选存在候选/存在冲突，未确认匹配，不下判（同时已有匹配参考答案，选择题按E3计，正式评分材料候选仍待核实）,,不明,2026-09-24-attribution-v2
BJ-2024-XC-YIMO-Q6,BJ-2024-XC-YIMO-Q6,BJ-2024-XC-YIMO,6,选择题,,整题,MAYBE,完整题-选择题照收,E3,该题正式评分材料候选存在候选/存在冲突，未确认匹配，不下判（同时已有匹配参考答案，选择题按E3计，正式评分材料候选仍待核实）,,不明,2026-09-24-attribution-v2
BJ-2024-XC-YIMO-Q7,BJ-2024-XC-YIMO-Q7,BJ-2024-XC-YIMO,7,选择题,,整题,MAYBE,完整题-选择题照收,E3,该题正式评分材料候选存在候选/存在冲突，未确认匹配，不下判（同时已有匹配参考答案，选择题按E3计，正式评分材料候选仍待核实）,,不明,2026-09-24-attribution-v2
BJ-2024-XC-YIMO-Q9,BJ-2024-XC-YIMO-Q9,BJ-2024-XC-YIMO,9,选择题,,整题,MAYBE,完整题-选择题照收,E3,该题正式评分材料候选存在候选/存在冲突，未确认匹配，不下判（同时已有匹配参考答案，选择题按E3计，正式评分材料候选仍待核实）,,不明,2026-09-24-attribution-v2
BJ-2024-XC-ERMO-Q16,BJ-2024-XC-ERMO-Q16,BJ-2024-XC-ERMO,16,主观题,,整题,MAYBE,完整题-有E1,E1,逐题已匹配正式评分材料,,不明,2026-09-24-attribution-v2
BJ-2024-XC-ERMO-Q17,BJ-2024-XC-ERMO-Q17,BJ-2024-XC-ERMO,17,主观题,,整题,MAYBE,完整题-有E1,E1,逐题已匹配正式评分材料,,不明,2026-09-24-attribution-v2
BJ-2024-XC-ERMO-Q3,BJ-2024-XC-ERMO-Q3,BJ-2024-XC-ERMO,3,选择题,,整题,MAYBE,完整题-选择题照收,E3,该题正式评分材料候选存在候选/存在冲突，未确认匹配，不下判（同时已有匹配参考答案，选择题按E3计，正式评分材料候选仍待核实）,,不明,2026-09-24-attribution-v2
BJ-2024-XC-ERMO-Q5,BJ-2024-XC-ERMO-Q5,BJ-2024-XC-ERMO,5,选择题,,整题,MAYBE,完整题-选择题照收,E3,该题正式评分材料候选存在候选/存在冲突，未确认匹配，不下判（同时已有匹配参考答案，选择题按E3计，正式评分材料候选仍待核实）,,不明,2026-09-24-attribution-v2
BJ-2024-XC-ERMO-Q6,BJ-2024-XC-ERMO-Q6,BJ-2024-XC-ERMO,6,选择题,,整题,MAYBE,完整题-选择题照收,E3,该题正式评分材料候选存在候选/存在冲突，未确认匹配，不下判（同时已有匹配参考答案，选择题按E3计，正式评分材料候选仍待核实）,,不明,2026-09-24-attribution-v2
BJ-2024-XC-ERMO-Q7,BJ-2024-XC-ERMO-Q7,BJ-2024-XC-ERMO,7,选择题,,整题,MAYBE,完整题-选择题照收,E3,该题正式评分材料候选存在候选/存在冲突，未确认匹配，不下判（同时已有匹配参考答案，选择题按E3计，正式评分材料候选仍待核实）,,不明,2026-09-24-attribution-v2
BJ-2025-DC-YIMO-Q1,BJ-2025-DC-YIMO-Q1,BJ-2025-DC-YIMO,1,选择题,,整题,MAYBE,完整题-选择题照收,答案键来源未核实(候选未确认),该题正式评分材料候选存在候选/存在冲突，未确认匹配，不下判,,倾向,2026-09-24-attribution-v2
BJ-2025-DC-YIMO-Q3,BJ-2025-DC-YIMO-Q3,BJ-2025-DC-YIMO,3,选择题,,整题,MAYBE,完整题-选择题照收,E1,逐题已匹配正式评分材料,,不明,2026-09-24-attribution-v2
BJ-2025-DC-YIMO-Q5,BJ-2025-DC-YIMO-Q5,BJ-2025-DC-YIMO,5,选择题,,整题,MAYBE,完整题-选择题照收,E1,逐题已匹配正式评分材料,,不明,2026-09-24-attribution-v2
BJ-2025-DC-YIMO-Q19,BJ-2025-DC-YIMO-Q19,BJ-2025-DC-YIMO,19,主观题,,整题,MAYBE,完整题-有E1,E1,逐题已匹配正式评分材料,,不明,2026-09-24-attribution-v2
BJ-2025-DC-YIMO-Q20,BJ-2025-DC-YIMO-Q20,BJ-2025-DC-YIMO,20,主观题,,整题,MAYBE,完整题-有E1,E1,逐题已匹配正式评分材料,,不明,2026-09-24-attribution-v2
BJ-2025-DC-YIMO-Q6,BJ-2025-DC-YIMO-Q6,BJ-2025-DC-YIMO,6,选择题,,整题,MAYBE,完整题-选择题照收,答案键来源未核实(候选未确认),该题正式评分材料候选存在候选/存在冲突，未确认匹配，不下判,,不明,2026-09-24-attribution-v2
BJ-2025-DC-YIMO-Q7,BJ-2025-DC-YIMO-Q7,BJ-2025-DC-YIMO,7,选择题,,整题,MAYBE,完整题-选择题照收,答案键来源未核实(候选未确认),该题正式评分材料候选存在候选/存在冲突，未确认匹配，不下判,,不明,2026-09-24-attribution-v2
BJ-2025-DC-YIMO-Q9,BJ-2025-DC-YIMO-Q9,BJ-2025-DC-YIMO,9,选择题,,整题,MAYBE,完整题-选择题照收,答案键来源未核实(候选未确认),该题正式评分材料候选存在候选/存在冲突，未确认匹配，不下判,,不明,2026-09-24-attribution-v2
BJ-2025-DC-YIMO-Q15,BJ-2025-DC-YIMO-Q15,BJ-2025-DC-YIMO,15,选择题,,整题,MAYBE,完整题-选择题照收,答案键来源未核实(候选未确认),该题正式评分材料候选存在候选/存在冲突，未确认匹配，不下判,,不明,2026-09-24-attribution-v2
BJ-2025-DC-YIMO-Q18#1,BJ-2025-DC-YIMO-Q18,BJ-2025-DC-YIMO,18,主观题,1,小问,MAYBE,待裁决-证据未核实,待裁决-证据未核实候选,该题正式评分材料候选存在候选/存在冲突，未确认匹配，不下判,,不明,2026-09-24-attribution-v2
BJ-2025-DC-YIMO-Q18#2,BJ-2025-DC-YIMO-Q18,BJ-2025-DC-YIMO,18,主观题,2,小问,MAYBE,待裁决-证据未核实,待裁决-证据未核实候选,该题正式评分材料候选存在候选/存在冲突，未确认匹配，不下判,,不明,2026-09-24-attribution-v2
BJ-2025-FT-YIMO-Q4,BJ-2025-FT-YIMO-Q4,BJ-2025-FT-YIMO,4,选择题,,整题,MAYBE,完整题-选择题照收,答案键来源未核实(候选未确认),该题正式评分材料候选存在候选/存在冲突，未确认匹配，不下判,,倾向,2026-09-24-attribution-v2
BJ-2025-FT-YIMO-Q5,BJ-2025-FT-YIMO-Q5,BJ-2025-FT-YIMO,5,选择题,,整题,MAYBE,完整题-选择题照收,答案键来源未核实(候选未确认),该题正式评分材料候选存在候选/存在冲突，未确认匹配，不下判,,不明,2026-09-24-attribution-v2
BJ-2025-FT-YIMO-Q6,BJ-2025-FT-YIMO-Q6,BJ-2025-FT-YIMO,6,选择题,,整题,MAYBE,完整题-选择题照收,答案键来源未核实(候选未确认),该题正式评分材料候选存在候选/存在冲突，未确认匹配，不下判,,不明,2026-09-24-attribution-v2
BJ-2025-FT-YIMO-Q7,BJ-2025-FT-YIMO-Q7,BJ-2025-FT-YIMO,7,选择题,,整题,MAYBE,完整题-选择题照收,答案键来源未核实(候选未确认),该题正式评分材料候选存在候选/存在冲突，未确认匹配，不下判,,不明,2026-09-24-attribution-v2
BJ-2025-FT-YIMO-Q9,BJ-2025-FT-YIMO-Q9,BJ-2025-FT-YIMO,9,选择题,,整题,MAYBE,完整题-选择题照收,答案键来源未核实(候选未确认),该题正式评分材料候选存在候选/存在冲突，未确认匹配，不下判,,不明,2026-09-24-attribution-v2
BJ-2025-FT-YIMO-Q14,BJ-2025-FT-YIMO-Q14,BJ-2025-FT-YIMO,14,选择题,,整题,MAYBE,完整题-选择题照收,答案键来源未核实(候选未确认),该题正式评分材料候选存在候选/存在冲突，未确认匹配，不下判,,不明,2026-09-24-attribution-v2
BJ-2025-FT-YIMO-Q15,BJ-2025-FT-YIMO-Q15,BJ-2025-FT-YIMO,15,选择题,,整题,MAYBE,完整题-选择题照收,答案键来源未核实(候选未确认),该题正式评分材料候选存在候选/存在冲突，未确认匹配，不下判,,不明,2026-09-24-attribution-v2
BJ-2025-FT-YIMO-Q17#1,BJ-2025-FT-YIMO-Q17,BJ-2025-FT-YIMO,17,主观题,1,小问,MAYBE,待裁决-证据未核实,待裁决-证据未核实候选,该题正式评分材料候选存在候选/存在冲突，未确认匹配，不下判,B1:rubric_unreadable_not_OUT;B2:rubric_unreadable_not_OUT;PH:rubric_unreadable_not_OUT;CU:rubric_unreadable_not_OUT;X1:rubric_unreadable_not_OUT;RE:rubric_unreadable_not_OUT,倾向,2026-09-24-attribution-v2
BJ-2025-FT-YIMO-Q17#2,BJ-2025-FT-YIMO-Q17,BJ-2025-FT-YIMO,17,主观题,2,小问,MAYBE,待裁决-证据未核实,待裁决-证据未核实候选,该题正式评分材料候选存在候选/存在冲突，未确认匹配，不下判,,不明,2026-09-24-attribution-v2
BJ-2025-FT-YIMO-Q17#3,BJ-2025-FT-YIMO-Q17,BJ-2025-FT-YIMO,17,主观题,3,小问,MAYBE,待裁决-证据未核实,待裁决-证据未核实候选,该题正式评分材料候选存在候选/存在冲突，未确认匹配，不下判,,不明,2026-09-24-attribution-v2
BJ-2025-FT-YIMO-Q19,BJ-2025-FT-YIMO-Q19,BJ-2025-FT-YIMO,19,主观题,,整题,MAYBE,待裁决-证据未核实,待裁决-证据未核实候选,该题正式评分材料候选存在候选/存在冲突，未确认匹配，不下判,,不明,2026-09-24-attribution-v2
BJ-2025-FT-YIMO-Q20,BJ-2025-FT-YIMO-Q20,BJ-2025-FT-YIMO,20,主观题,,整题,MAYBE,待裁决-证据未核实,待裁决-证据未核实候选,该题正式评分材料候选存在候选/存在冲突，未确认匹配，不下判,B1:rubric_unreadable_not_OUT;B3:rubric_unreadable_not_OUT;PH:rubric_unreadable_not_OUT;CU:rubric_unreadable_not_OUT;X2:rubric_unreadable_not_OUT;MI:rubric_unreadable_not_OUT;RE:rubric_unreadable_not_OUT,确定,2026-09-24-attribution-v2
BJ-2025-FT-YIMO-Q21,BJ-2025-FT-YIMO-Q21,BJ-2025-FT-YIMO,21,主观题,,整题,MAYBE,待裁决-证据未核实,待裁决-证据未核实候选,该题正式评分材料候选存在候选/存在冲突，未确认匹配，不下判,,不明,2026-09-24-attribution-v2
BJ-2025-YQ-YIMO-Q17,BJ-2025-YQ-YIMO-Q17,BJ-2025-YQ-YIMO,17,主观题,,整题,MAYBE,完整题-有E1,E1,逐题已匹配正式评分材料,B1:rubric_unreadable_not_OUT;PH:rubric_unreadable_not_OUT;CU:rubric_unreadable_not_OUT;X2:rubric_unreadable_not_OUT;MI:rubric_unreadable_not_OUT;RE:rubric_unreadable_not_OUT,倾向,2026-09-24-attribution-v2
BJ-2025-YQ-YIMO-Q20#1,BJ-2025-YQ-YIMO-Q20,BJ-2025-YQ-YIMO,20,主观题,1,小问,MAYBE,完整题-有E1,E1,逐题已匹配正式评分材料,B1:rubric_unreadable_not_OUT;B3:rubric_unreadable_not_OUT;PH:rubric_unreadable_not_OUT;CU:rubric_unreadable_not_OUT;X2:rubric_unreadable_not_OUT;MI:rubric_unreadable_not_OUT;RE:rubric_unreadable_not_OUT,确定,2026-09-24-attribution-v2
BJ-2025-YQ-YIMO-Q20#2,BJ-2025-YQ-YIMO-Q20,BJ-2025-YQ-YIMO,20,主观题,2,小问,MAYBE,完整题-有E1,E1,逐题已匹配正式评分材料,B1:rubric_unreadable_not_OUT;B3:rubric_unreadable_not_OUT;PH:rubric_unreadable_not_OUT;CU:rubric_unreadable_not_OUT;X2:rubric_unreadable_not_OUT;MI:rubric_unreadable_not_OUT;RE:rubric_unreadable_not_OUT,确定,2026-09-24-attribution-v2
BJ-2025-YQ-YIMO-Q1,BJ-2025-YQ-YIMO-Q1,BJ-2025-YQ-YIMO,1,选择题,,整题,MAYBE,完整题-选择题照收,答案键来源未核实(候选未确认),该题正式评分材料候选存在候选/存在冲突，未确认匹配，不下判,,倾向,2026-09-24-attribution-v2
BJ-2025-YQ-YIMO-Q2,BJ-2025-YQ-YIMO-Q2,BJ-2025-YQ-YIMO,2,选择题,,整题,MAYBE,完整题-选择题照收,答案键来源未核实(候选未确认),该题正式评分材料候选存在候选/存在冲突，未确认匹配，不下判,,不明,2026-09-24-attribution-v2
BJ-2025-YQ-YIMO-Q4,BJ-2025-YQ-YIMO-Q4,BJ-2025-YQ-YIMO,4,选择题,,整题,MAYBE,完整题-选择题照收,答案键来源未核实(候选未确认),该题正式评分材料候选存在候选/存在冲突，未确认匹配，不下判,,不明,2026-09-24-attribution-v2
BJ-2025-YQ-YIMO-Q5,BJ-2025-YQ-YIMO-Q5,BJ-2025-YQ-YIMO,5,选择题,,整题,MAYBE,完整题-选择题照收,答案键来源未核实(候选未确认),该题正式评分材料候选存在候选/存在冲突，未确认匹配，不下判,,不明,2026-09-24-attribution-v2
BJ-2025-YQ-YIMO-Q7,BJ-2025-YQ-YIMO-Q7,BJ-2025-YQ-YIMO,7,选择题,,整题,MAYBE,完整题-选择题照收,答案键来源未核实(候选未确认),该题正式评分材料候选存在候选/存在冲突，未确认匹配，不下判,,不明,2026-09-24-attribution-v2
BJ-2025-YQ-YIMO-Q9,BJ-2025-YQ-YIMO-Q9,BJ-2025-YQ-YIMO,9,选择题,,整题,MAYBE,完整题-选择题照收,答案键来源未核实(候选未确认),该题正式评分材料候选存在候选/存在冲突，未确认匹配，不下判,,倾向,2026-09-24-attribution-v2
BJ-2025-YQ-YIMO-Q15,BJ-2025-YQ-YIMO-Q15,BJ-2025-YQ-YIMO,15,选择题,,整题,MAYBE,完整题-选择题照收,答案键来源未核实(候选未确认),该题正式评分材料候选存在候选/存在冲突，未确认匹配，不下判,,倾向,2026-09-24-attribution-v2
BJ-2025-YQ-YIMO-Q18,BJ-2025-YQ-YIMO-Q18,BJ-2025-YQ-YIMO,18,主观题,,整题,MAYBE,待裁决-证据未核实,待裁决-证据未核实候选,该题正式评分材料候选存在候选/存在冲突，未确认匹配，不下判,,不明,2026-09-24-attribution-v2
BJ-2025-YQ-YIMO-Q19,BJ-2025-YQ-YIMO-Q19,BJ-2025-YQ-YIMO,19,主观题,,整题,MAYBE,待裁决-证据未核实,待裁决-证据未核实候选,该题正式评分材料候选存在候选/存在冲突，未确认匹配，不下判,B1:rubric_unreadable_not_OUT;B3:rubric_unreadable_not_OUT;PH:rubric_unreadable_not_OUT;CU:rubric_unreadable_not_OUT;X1:rubric_unreadable_not_OUT;MI:rubric_unreadable_not_OUT;RE:rubric_unreadable_not_OUT,倾向,2026-09-24-attribution-v2
BJ-2025-FS-YIMO-Q17,BJ-2025-FS-YIMO-Q17,BJ-2025-FS-YIMO,17,主观题,,整题,MAYBE,完整题-有E1,E1,逐题已匹配正式评分材料,,不明,2026-09-24-attribution-v2
BJ-2025-FS-YIMO-Q19,BJ-2025-FS-YIMO-Q19,BJ-2025-FS-YIMO,19,主观题,,整题,MAYBE,完整题-有E1,E1,逐题已匹配正式评分材料,,倾向,2026-09-24-attribution-v2
BJ-2025-FS-YIMO-Q20#2,BJ-2025-FS-YIMO-Q20,BJ-2025-FS-YIMO,20,主观题,2,小问,MAYBE,完整题-有E1,E1,逐题已匹配正式评分材料,,不明,2026-09-24-attribution-v2
BJ-2025-FS-YIMO-Q20#3,BJ-2025-FS-YIMO-Q20,BJ-2025-FS-YIMO,20,主观题,3,小问,MAYBE,完整题-有E1,E1,逐题已匹配正式评分材料,,不明,2026-09-24-attribution-v2
BJ-2025-FS-YIMO-Q1,BJ-2025-FS-YIMO-Q1,BJ-2025-FS-YIMO,1,选择题,,整题,MAYBE,完整题-选择题照收,答案键来源未核实(候选未确认),该题正式评分材料候选存在候选/存在冲突，未确认匹配，不下判,,不明,2026-09-24-attribution-v2
BJ-2025-FS-YIMO-Q2,BJ-2025-FS-YIMO-Q2,BJ-2025-FS-YIMO,2,选择题,,整题,MAYBE,完整题-选择题照收,答案键来源未核实(候选未确认),该题正式评分材料候选存在候选/存在冲突，未确认匹配，不下判,,不明,2026-09-24-attribution-v2
BJ-2025-FS-YIMO-Q3,BJ-2025-FS-YIMO-Q3,BJ-2025-FS-YIMO,3,选择题,,整题,MAYBE,完整题-选择题照收,答案键来源未核实(候选未确认),该题正式评分材料候选存在候选/存在冲突，未确认匹配，不下判,,不明,2026-09-24-attribution-v2
BJ-2025-FS-YIMO-Q4,BJ-2025-FS-YIMO-Q4,BJ-2025-FS-YIMO,4,选择题,,整题,MAYBE,完整题-选择题照收,答案键来源未核实(候选未确认),该题正式评分材料候选存在候选/存在冲突，未确认匹配，不下判,,不明,2026-09-24-attribution-v2
BJ-2025-FS-YIMO-Q6,BJ-2025-FS-YIMO-Q6,BJ-2025-FS-YIMO,6,选择题,,整题,MAYBE,完整题-选择题照收,答案键来源未核实(候选未确认),该题正式评分材料候选存在候选/存在冲突，未确认匹配，不下判,,不明,2026-09-24-attribution-v2
BJ-2025-FS-YIMO-Q9,BJ-2025-FS-YIMO-Q9,BJ-2025-FS-YIMO,9,选择题,,整题,MAYBE,完整题-选择题照收,答案键来源未核实(候选未确认),该题正式评分材料候选存在候选/存在冲突，未确认匹配，不下判,,不明,2026-09-24-attribution-v2
BJ-2025-FS-YIMO-Q15,BJ-2025-FS-YIMO-Q15,BJ-2025-FS-YIMO,15,选择题,,整题,MAYBE,完整题-选择题照收,答案键来源未核实(候选未确认),该题正式评分材料候选存在候选/存在冲突，未确认匹配，不下判,,倾向,2026-09-24-attribution-v2
BJ-2025-CY-YIMO-Q1,BJ-2025-CY-YIMO-Q1,BJ-2025-CY-YIMO,1,选择题,,整题,MAYBE,完整题-选择题照收,答案键来源未核实(候选未确认),该题正式评分材料候选存在候选/存在冲突，未确认匹配，不下判,,倾向,2026-09-24-attribution-v2
BJ-2025-CY-YIMO-Q3,BJ-2025-CY-YIMO-Q3,BJ-2025-CY-YIMO,3,选择题,,整题,MAYBE,完整题-选择题照收,答案键来源未核实(候选未确认),该题正式评分材料候选存在候选/存在冲突，未确认匹配，不下判,,不明,2026-09-24-attribution-v2
BJ-2025-CY-YIMO-Q4,BJ-2025-CY-YIMO-Q4,BJ-2025-CY-YIMO,4,选择题,,整题,MAYBE,完整题-选择题照收,答案键来源未核实(候选未确认),该题正式评分材料候选存在候选/存在冲突，未确认匹配，不下判,,不明,2026-09-24-attribution-v2
BJ-2025-CY-YIMO-Q5,BJ-2025-CY-YIMO-Q5,BJ-2025-CY-YIMO,5,选择题,,整题,MAYBE,完整题-选择题照收,答案键来源未核实(候选未确认),该题正式评分材料候选存在候选/存在冲突，未确认匹配，不下判,,不明,2026-09-24-attribution-v2
BJ-2025-CY-YIMO-Q6,BJ-2025-CY-YIMO-Q6,BJ-2025-CY-YIMO,6,选择题,,整题,MAYBE,完整题-选择题照收,答案键来源未核实(候选未确认),该题正式评分材料候选存在候选/存在冲突，未确认匹配，不下判,,不明,2026-09-24-attribution-v2
BJ-2025-CY-YIMO-Q7,BJ-2025-CY-YIMO-Q7,BJ-2025-CY-YIMO,7,选择题,,整题,MAYBE,完整题-选择题照收,答案键来源未核实(候选未确认),该题正式评分材料候选存在候选/存在冲突，未确认匹配，不下判,,不明,2026-09-24-attribution-v2
BJ-2025-CY-YIMO-Q9,BJ-2025-CY-YIMO-Q9,BJ-2025-CY-YIMO,9,选择题,,整题,MAYBE,完整题-选择题照收,答案键来源未核实(候选未确认),该题正式评分材料候选存在候选/存在冲突，未确认匹配，不下判,,倾向,2026-09-24-attribution-v2
BJ-2025-CY-YIMO-Q15,BJ-2025-CY-YIMO-Q15,BJ-2025-CY-YIMO,15,选择题,,整题,MAYBE,完整题-选择题照收,答案键来源未核实(候选未确认),该题正式评分材料候选存在候选/存在冲突，未确认匹配，不下判,,不明,2026-09-24-attribution-v2
BJ-2025-CY-YIMO-Q17#1,BJ-2025-CY-YIMO-Q17,BJ-2025-CY-YIMO,17,主观题,1,小问,MAYBE,待裁决-证据未核实,待裁决-证据未核实候选,该题正式评分材料候选存在候选/存在冲突，未确认匹配，不下判,B1:rubric_unreadable_not_OUT;B3:rubric_unreadable_not_OUT;PH:rubric_unreadable_not_OUT;CU:rubric_unreadable_not_OUT;X1:rubric_unreadable_not_OUT;X2:rubric_unreadable_not_OUT,倾向,2026-09-24-attribution-v2
BJ-2025-CY-YIMO-Q17#2,BJ-2025-CY-YIMO-Q17,BJ-2025-CY-YIMO,17,主观题,2,小问,MAYBE,待裁决-证据未核实,待裁决-证据未核实候选,该题正式评分材料候选存在候选/存在冲突，未确认匹配，不下判,,不明,2026-09-24-attribution-v2
BJ-2025-CY-YIMO-Q20,BJ-2025-CY-YIMO-Q20,BJ-2025-CY-YIMO,20,主观题,,整题,MAYBE,待裁决-证据未核实,待裁决-证据未核实候选,该题正式评分材料候选存在候选/存在冲突，未确认匹配，不下判,B1:rubric_unreadable_not_OUT;B3:rubric_unreadable_not_OUT;PH:rubric_unreadable_not_OUT;CU:rubric_unreadable_not_OUT;X2:rubric_unreadable_not_OUT;MI:rubric_unreadable_not_OUT;RE:rubric_unreadable_not_OUT,倾向,2026-09-24-attribution-v2
BJ-2025-CY-YIMO-Q21,BJ-2025-CY-YIMO-Q21,BJ-2025-CY-YIMO,21,主观题,,整题,MAYBE,待裁决-证据未核实,待裁决-证据未核实候选,该题正式评分材料候选存在候选/存在冲突，未确认匹配，不下判,,不明,2026-09-24-attribution-v2
BJ-2025-HD-YIMO-Q17,BJ-2025-HD-YIMO-Q17,BJ-2025-HD-YIMO,17,主观题,,整题,MAYBE,待裁决-证据未核实,待裁决-证据未核实候选,该题正式评分材料候选存在候选/存在冲突，未确认匹配，不下判,,不明,2026-09-24-attribution-v2
BJ-2025-HD-YIMO-Q18,BJ-2025-HD-YIMO-Q18,BJ-2025-HD-YIMO,18,主观题,,整题,MAYBE,待裁决-证据未核实,待裁决-证据未核实候选,该题正式评分材料候选存在候选/存在冲突，未确认匹配，不下判,B1:rubric_unreadable_not_OUT;B2:rubric_unreadable_not_OUT;B3:rubric_unreadable_not_OUT;PH:rubric_unreadable_not_OUT;CU:rubric_unreadable_not_OUT;X1:rubric_unreadable_not_OUT;MI:rubric_unreadable_not_OUT;RE:rubric_unreadable_not_OUT,确定,2026-09-24-attribution-v2
BJ-2025-HD-YIMO-Q19,BJ-2025-HD-YIMO-Q19,BJ-2025-HD-YIMO,19,主观题,,整题,MAYBE,待裁决-证据未核实,待裁决-证据未核实候选,该题正式评分材料候选存在候选/存在冲突，未确认匹配，不下判,,不明,2026-09-24-attribution-v2
BJ-2025-HD-YIMO-Q20,BJ-2025-HD-YIMO-Q20,BJ-2025-HD-YIMO,20,主观题,,整题,MAYBE,待裁决-证据未核实,待裁决-证据未核实候选,该题正式评分材料候选存在候选/存在冲突，未确认匹配，不下判,,不明,2026-09-24-attribution-v2
BJ-2025-HD-YIMO-Q21#1,BJ-2025-HD-YIMO-Q21,BJ-2025-HD-YIMO,21,主观题,1,小问,MAYBE,待裁决-证据未核实,待裁决-证据未核实候选,该题正式评分材料候选存在候选/存在冲突，未确认匹配，不下判,,不明,2026-09-24-attribution-v2
BJ-2025-HD-YIMO-Q21#2,BJ-2025-HD-YIMO-Q21,BJ-2025-HD-YIMO,21,主观题,2,小问,MAYBE,待裁决-证据未核实,待裁决-证据未核实候选,该题正式评分材料候选存在候选/存在冲突，未确认匹配，不下判,,不明,2026-09-24-attribution-v2
BJ-2025-HD-YIMO-Q22,BJ-2025-HD-YIMO-Q22,BJ-2025-HD-YIMO,22,主观题,,整题,MAYBE,待裁决-证据未核实,待裁决-证据未核实候选,该题正式评分材料候选存在候选/存在冲突，未确认匹配，不下判,,不明,2026-09-24-attribution-v2
BJ-2025-HD-YIMO-Q16,BJ-2025-HD-YIMO-Q16,BJ-2025-HD-YIMO,16,主观题,,整题,MAYBE,待裁决-证据未核实,待裁决-证据未核实候选,该题正式评分材料候选存在候选/存在冲突，未确认匹配，不下判,B1:rubric_unreadable_not_OUT;B2:rubric_unreadable_not_OUT;B3:rubric_unreadable_not_OUT;CU:rubric_unreadable_not_OUT;X1:rubric_unreadable_not_OUT;X2:rubric_unreadable_not_OUT;MI:rubric_unreadable_not_OUT;RE:rubric_unreadable_not_OUT,确定,2026-09-24-attribution-v2
BJ-2025-HD-YIMO-Q4,BJ-2025-HD-YIMO-Q4,BJ-2025-HD-YIMO,4,选择题,,整题,MAYBE,完整题-选择题照收,答案键来源未核实(候选未确认),该题正式评分材料候选存在候选/存在冲突，未确认匹配，不下判,,不明,2026-09-24-attribution-v2
BJ-2025-HD-YIMO-Q5,BJ-2025-HD-YIMO-Q5,BJ-2025-HD-YIMO,5,选择题,,整题,MAYBE,完整题-选择题照收,答案键来源未核实(候选未确认),该题正式评分材料候选存在候选/存在冲突，未确认匹配，不下判,,不明,2026-09-24-attribution-v2
BJ-2025-HD-YIMO-Q6,BJ-2025-HD-YIMO-Q6,BJ-2025-HD-YIMO,6,选择题,,整题,MAYBE,完整题-选择题照收,答案键来源未核实(候选未确认),该题正式评分材料候选存在候选/存在冲突，未确认匹配，不下判,,不明,2026-09-24-attribution-v2
BJ-2025-HD-YIMO-Q7,BJ-2025-HD-YIMO-Q7,BJ-2025-HD-YIMO,7,选择题,,整题,MAYBE,完整题-选择题照收,答案键来源未核实(候选未确认),该题正式评分材料候选存在候选/存在冲突，未确认匹配，不下判,,不明,2026-09-24-attribution-v2
BJ-2025-HD-YIMO-Q9,BJ-2025-HD-YIMO-Q9,BJ-2025-HD-YIMO,9,选择题,,整题,MAYBE,完整题-选择题照收,答案键来源未核实(候选未确认),该题正式评分材料候选存在候选/存在冲突，未确认匹配，不下判,,不明,2026-09-24-attribution-v2
BJ-2025-HD-YIMO-Q15,BJ-2025-HD-YIMO-Q15,BJ-2025-HD-YIMO,15,选择题,,整题,MAYBE,完整题-选择题照收,答案键来源未核实(候选未确认),该题正式评分材料候选存在候选/存在冲突，未确认匹配，不下判,,不明,2026-09-24-attribution-v2
BJ-2025-SJS-YIMO-Q1,BJ-2025-SJS-YIMO-Q1,BJ-2025-SJS-YIMO,1,选择题,,整题,MAYBE,完整题-选择题照收,答案键来源未核实(候选未确认),该题正式评分材料候选存在候选/存在冲突，未确认匹配，不下判,,不明,2026-09-24-attribution-v2
BJ-2025-SJS-YIMO-Q3,BJ-2025-SJS-YIMO-Q3,BJ-2025-SJS-YIMO,3,选择题,,整题,MAYBE,完整题-选择题照收,答案键来源未核实(候选未确认),该题正式评分材料候选存在候选/存在冲突，未确认匹配，不下判,,不明,2026-09-24-attribution-v2
BJ-2025-SJS-YIMO-Q4,BJ-2025-SJS-YIMO-Q4,BJ-2025-SJS-YIMO,4,选择题,,整题,MAYBE,完整题-选择题照收,答案键来源未核实(候选未确认),该题正式评分材料候选存在候选/存在冲突，未确认匹配，不下判,,不明,2026-09-24-attribution-v2
BJ-2025-SJS-YIMO-Q5,BJ-2025-SJS-YIMO-Q5,BJ-2025-SJS-YIMO,5,选择题,,整题,MAYBE,完整题-选择题照收,答案键来源未核实(候选未确认),该题正式评分材料候选存在候选/存在冲突，未确认匹配，不下判,,不明,2026-09-24-attribution-v2
BJ-2025-SJS-YIMO-Q6,BJ-2025-SJS-YIMO-Q6,BJ-2025-SJS-YIMO,6,选择题,,整题,MAYBE,完整题-选择题照收,答案键来源未核实(候选未确认),该题正式评分材料候选存在候选/存在冲突，未确认匹配，不下判,,不明,2026-09-24-attribution-v2
BJ-2025-SJS-YIMO-Q7,BJ-2025-SJS-YIMO-Q7,BJ-2025-SJS-YIMO,7,选择题,,整题,MAYBE,完整题-选择题照收,答案键来源未核实(候选未确认),该题正式评分材料候选存在候选/存在冲突，未确认匹配，不下判,,不明,2026-09-24-attribution-v2
BJ-2025-SJS-YIMO-Q9,BJ-2025-SJS-YIMO-Q9,BJ-2025-SJS-YIMO,9,选择题,,整题,MAYBE,完整题-选择题照收,答案键来源未核实(候选未确认),该题正式评分材料候选存在候选/存在冲突，未确认匹配，不下判,,不明,2026-09-24-attribution-v2
BJ-2025-SJS-YIMO-Q15,BJ-2025-SJS-YIMO-Q15,BJ-2025-SJS-YIMO,15,选择题,,整题,MAYBE,完整题-选择题照收,答案键来源未核实(候选未确认),该题正式评分材料候选存在候选/存在冲突，未确认匹配，不下判,,不明,2026-09-24-attribution-v2
BJ-2025-SJS-YIMO-Q17,BJ-2025-SJS-YIMO-Q17,BJ-2025-SJS-YIMO,17,主观题,,整题,MAYBE,待裁决-证据未核实,待裁决-证据未核实候选,该题正式评分材料候选存在候选/存在冲突，未确认匹配，不下判,B1:rubric_unreadable_not_OUT;PH:rubric_unreadable_not_OUT;CU:rubric_unreadable_not_OUT;X2:rubric_unreadable_not_OUT;MI:rubric_unreadable_not_OUT;RE:rubric_unreadable_not_OUT,确定,2026-09-24-attribution-v2
BJ-2025-SJS-YIMO-Q19,BJ-2025-SJS-YIMO-Q19,BJ-2025-SJS-YIMO,19,主观题,,整题,MAYBE,待裁决-证据未核实,待裁决-证据未核实候选,该题正式评分材料候选存在候选/存在冲突，未确认匹配，不下判,B1:rubric_unreadable_not_OUT;B2:rubric_unreadable_not_OUT;B3:rubric_unreadable_not_OUT;PH:rubric_unreadable_not_OUT;CU:rubric_unreadable_not_OUT;X1:rubric_unreadable_not_OUT;X2:rubric_unreadable_not_OUT,确定,2026-09-24-attribution-v2
BJ-2025-XC-YIMO-Q20,BJ-2025-XC-YIMO-Q20,BJ-2025-XC-YIMO,20,主观题,,整题,MAYBE,完整题-有E1,E1,逐题已匹配正式评分材料,,不明,2026-09-24-attribution-v2
BJ-2025-XC-YIMO-Q21#1,BJ-2025-XC-YIMO-Q21,BJ-2025-XC-YIMO,21,主观题,1,小问,MAYBE,完整题-有E1,E1,逐题已匹配正式评分材料,,不明,2026-09-24-attribution-v2
BJ-2025-XC-YIMO-Q1,BJ-2025-XC-YIMO-Q1,BJ-2025-XC-YIMO,1,选择题,,整题,MAYBE,完整题-选择题照收,答案键来源未核实(候选未确认),该题正式评分材料候选存在候选/存在冲突，未确认匹配，不下判,,倾向,2026-09-24-attribution-v2
BJ-2025-XC-YIMO-Q3,BJ-2025-XC-YIMO-Q3,BJ-2025-XC-YIMO,3,选择题,,整题,MAYBE,完整题-选择题照收,答案键来源未核实(候选未确认),该题正式评分材料候选存在候选/存在冲突，未确认匹配，不下判,,不明,2026-09-24-attribution-v2
BJ-2025-XC-YIMO-Q4,BJ-2025-XC-YIMO-Q4,BJ-2025-XC-YIMO,4,选择题,,整题,MAYBE,完整题-选择题照收,答案键来源未核实(候选未确认),该题正式评分材料候选存在候选/存在冲突，未确认匹配，不下判,,不明,2026-09-24-attribution-v2
BJ-2025-XC-YIMO-Q5,BJ-2025-XC-YIMO-Q5,BJ-2025-XC-YIMO,5,选择题,,整题,MAYBE,完整题-选择题照收,答案键来源未核实(候选未确认),该题正式评分材料候选存在候选/存在冲突，未确认匹配，不下判,,不明,2026-09-24-attribution-v2
BJ-2025-XC-YIMO-Q6,BJ-2025-XC-YIMO-Q6,BJ-2025-XC-YIMO,6,选择题,,整题,MAYBE,完整题-选择题照收,答案键来源未核实(候选未确认),该题正式评分材料候选存在候选/存在冲突，未确认匹配，不下判,,不明,2026-09-24-attribution-v2
BJ-2025-XC-YIMO-Q7,BJ-2025-XC-YIMO-Q7,BJ-2025-XC-YIMO,7,选择题,,整题,MAYBE,完整题-选择题照收,答案键来源未核实(候选未确认),该题正式评分材料候选存在候选/存在冲突，未确认匹配，不下判,,不明,2026-09-24-attribution-v2
BJ-2025-XC-YIMO-Q9,BJ-2025-XC-YIMO-Q9,BJ-2025-XC-YIMO,9,选择题,,整题,MAYBE,完整题-选择题照收,答案键来源未核实(候选未确认),该题正式评分材料候选存在候选/存在冲突，未确认匹配，不下判,,不明,2026-09-24-attribution-v2
BJ-2025-XC-YIMO-Q15,BJ-2025-XC-YIMO-Q15,BJ-2025-XC-YIMO,15,选择题,,整题,MAYBE,完整题-选择题照收,答案键来源未核实(候选未确认),该题正式评分材料候选存在候选/存在冲突，未确认匹配，不下判,,不明,2026-09-24-attribution-v2
BJ-2025-MTG-YIMO-Q1,BJ-2025-MTG-YIMO-Q1,BJ-2025-MTG-YIMO,1,选择题,,整题,MAYBE,完整题-选择题照收,答案键来源未核实(候选未确认),该题正式评分材料候选存在候选/存在冲突，未确认匹配，不下判,,倾向,2026-09-24-attribution-v2
BJ-2025-MTG-YIMO-Q2,BJ-2025-MTG-YIMO-Q2,BJ-2025-MTG-YIMO,2,选择题,,整题,MAYBE,完整题-选择题照收,E1,逐题已匹配正式评分材料,,倾向,2026-09-24-attribution-v2
BJ-2025-MTG-YIMO-Q3,BJ-2025-MTG-YIMO-Q3,BJ-2025-MTG-YIMO,3,选择题,,整题,MAYBE,完整题-选择题照收,答案键来源未核实(候选未确认),该题正式评分材料候选存在候选/存在冲突，未确认匹配，不下判,,不明,2026-09-24-attribution-v2
BJ-2025-MTG-YIMO-Q4,BJ-2025-MTG-YIMO-Q4,BJ-2025-MTG-YIMO,4,选择题,,整题,MAYBE,完整题-选择题照收,答案键来源未核实(候选未确认),该题正式评分材料候选存在候选/存在冲突，未确认匹配，不下判,,不明,2026-09-24-attribution-v2
BJ-2025-MTG-YIMO-Q6,BJ-2025-MTG-YIMO-Q6,BJ-2025-MTG-YIMO,6,选择题,,整题,MAYBE,完整题-选择题照收,答案键来源未核实(候选未确认),该题正式评分材料候选存在候选/存在冲突，未确认匹配，不下判,,不明,2026-09-24-attribution-v2
BJ-2025-MTG-YIMO-Q7,BJ-2025-MTG-YIMO-Q7,BJ-2025-MTG-YIMO,7,选择题,,整题,MAYBE,完整题-选择题照收,答案键来源未核实(候选未确认),该题正式评分材料候选存在候选/存在冲突，未确认匹配，不下判,,不明,2026-09-24-attribution-v2
BJ-2025-MTG-YIMO-Q9,BJ-2025-MTG-YIMO-Q9,BJ-2025-MTG-YIMO,9,选择题,,整题,MAYBE,完整题-选择题照收,答案键来源未核实(候选未确认),该题正式评分材料候选存在候选/存在冲突，未确认匹配，不下判,,不明,2026-09-24-attribution-v2
BJ-2025-MTG-YIMO-Q15,BJ-2025-MTG-YIMO-Q15,BJ-2025-MTG-YIMO,15,选择题,,整题,MAYBE,完整题-选择题照收,答案键来源未核实(候选未确认),该题正式评分材料候选存在候选/存在冲突，未确认匹配，不下判,,不明,2026-09-24-attribution-v2
BJ-2025-MTG-YIMO-Q17,BJ-2025-MTG-YIMO-Q17,BJ-2025-MTG-YIMO,17,主观题,,整题,MAYBE,待裁决-证据未核实,待裁决-证据未核实候选,该题正式评分材料候选存在候选/存在冲突，未确认匹配，不下判,,不明,2026-09-24-attribution-v2
BJ-2025-MTG-YIMO-Q18#1,BJ-2025-MTG-YIMO-Q18,BJ-2025-MTG-YIMO,18,主观题,1,小问,MAYBE,待裁决-证据未核实,待裁决-证据未核实候选,该题正式评分材料候选存在候选/存在冲突，未确认匹配，不下判,,不明,2026-09-24-attribution-v2
BJ-2025-MTG-YIMO-Q18#2,BJ-2025-MTG-YIMO-Q18,BJ-2025-MTG-YIMO,18,主观题,2,小问,MAYBE,待裁决-证据未核实,待裁决-证据未核实候选,该题正式评分材料候选存在候选/存在冲突，未确认匹配，不下判,B1:rubric_unreadable_not_OUT;B3:rubric_unreadable_not_OUT;PH:rubric_unreadable_not_OUT;CU:rubric_unreadable_not_OUT;X1:rubric_unreadable_not_OUT;X2:rubric_unreadable_not_OUT;MI:rubric_unreadable_not_OUT;RE:rubric_unreadable_not_OUT,确定,2026-09-24-attribution-v2
BJ-2025-MTG-YIMO-Q19,BJ-2025-MTG-YIMO-Q19,BJ-2025-MTG-YIMO,19,主观题,,整题,MAYBE,待裁决-证据未核实,待裁决-证据未核实候选,该题正式评分材料候选存在候选/存在冲突，未确认匹配，不下判,,不明,2026-09-24-attribution-v2
BJ-2025-MTG-YIMO-Q20,BJ-2025-MTG-YIMO-Q20,BJ-2025-MTG-YIMO,20,主观题,,整题,MAYBE,待裁决-证据未核实,待裁决-证据未核实候选,该题正式评分材料候选存在候选/存在冲突，未确认匹配，不下判,,不明,2026-09-24-attribution-v2
BJ-2025-SY-YIMO-Q4,BJ-2025-SY-YIMO-Q4,BJ-2025-SY-YIMO,4,选择题,,整题,MAYBE,完整题-选择题照收,答案键来源未核实(候选未确认),该题正式评分材料候选存在候选/存在冲突，未确认匹配，不下判,,不明,2026-09-24-attribution-v2
BJ-2025-SY-YIMO-Q18#1,BJ-2025-SY-YIMO-Q18,BJ-2025-SY-YIMO,18,主观题,1,小问,MAYBE,完整题-有E1,E1,逐题已匹配正式评分材料,,不明,2026-09-24-attribution-v2
BJ-2025-SY-YIMO-Q18#2,BJ-2025-SY-YIMO-Q18,BJ-2025-SY-YIMO,18,主观题,2,小问,MAYBE,完整题-有E1,E1,逐题已匹配正式评分材料,,不明,2026-09-24-attribution-v2
BJ-2025-SY-YIMO-Q20,BJ-2025-SY-YIMO-Q20,BJ-2025-SY-YIMO,20,主观题,,整题,MAYBE,待裁决-证据未核实,待裁决-证据未核实候选,该题正式评分材料候选存在候选/存在冲突，未确认匹配，不下判,B1:rubric_unreadable_not_OUT;B3:rubric_unreadable_not_OUT;PH:rubric_unreadable_not_OUT;CU:rubric_unreadable_not_OUT;X2:rubric_unreadable_not_OUT;MI:rubric_unreadable_not_OUT;RE:rubric_unreadable_not_OUT,确定,2026-09-24-attribution-v2
BJ-2025-SY-YIMO-Q1,BJ-2025-SY-YIMO-Q1,BJ-2025-SY-YIMO,1,选择题,,整题,MAYBE,完整题-选择题照收,答案键来源未核实(候选未确认),该题正式评分材料候选存在候选/存在冲突，未确认匹配，不下判,,不明,2026-09-24-attribution-v2
BJ-2025-SY-YIMO-Q2,BJ-2025-SY-YIMO-Q2,BJ-2025-SY-YIMO,2,选择题,,整题,MAYBE,完整题-选择题照收,答案键来源未核实(候选未确认),该题正式评分材料候选存在候选/存在冲突，未确认匹配，不下判,,倾向,2026-09-24-attribution-v2
BJ-2025-SY-YIMO-Q5,BJ-2025-SY-YIMO-Q5,BJ-2025-SY-YIMO,5,选择题,,整题,MAYBE,完整题-选择题照收,答案键来源未核实(候选未确认),该题正式评分材料候选存在候选/存在冲突，未确认匹配，不下判,,不明,2026-09-24-attribution-v2
BJ-2025-SY-YIMO-Q6,BJ-2025-SY-YIMO-Q6,BJ-2025-SY-YIMO,6,选择题,,整题,MAYBE,完整题-选择题照收,答案键来源未核实(候选未确认),该题正式评分材料候选存在候选/存在冲突，未确认匹配，不下判,,不明,2026-09-24-attribution-v2
BJ-2025-SY-YIMO-Q7,BJ-2025-SY-YIMO-Q7,BJ-2025-SY-YIMO,7,选择题,,整题,MAYBE,完整题-选择题照收,答案键来源未核实(候选未确认),该题正式评分材料候选存在候选/存在冲突，未确认匹配，不下判,,不明,2026-09-24-attribution-v2
BJ-2025-SY-YIMO-Q9,BJ-2025-SY-YIMO-Q9,BJ-2025-SY-YIMO,9,选择题,,整题,MAYBE,完整题-选择题照收,答案键来源未核实(候选未确认),该题正式评分材料候选存在候选/存在冲突，未确认匹配，不下判,,不明,2026-09-24-attribution-v2
BJ-2025-SY-YIMO-Q15,BJ-2025-SY-YIMO-Q15,BJ-2025-SY-YIMO,15,选择题,,整题,MAYBE,完整题-选择题照收,答案键来源未核实(候选未确认),该题正式评分材料候选存在候选/存在冲突，未确认匹配，不下判,,不明,2026-09-24-attribution-v2
BJ-2025-SY-YIMO-Q17,BJ-2025-SY-YIMO-Q17,BJ-2025-SY-YIMO,17,主观题,,整题,MAYBE,待裁决-证据未核实,待裁决-证据未核实候选,该题正式评分材料候选存在候选/存在冲突，未确认匹配，不下判,,不明,2026-09-24-attribution-v2
BJ-2025-SY-YIMO-Q19,BJ-2025-SY-YIMO-Q19,BJ-2025-SY-YIMO,19,主观题,,整题,MAYBE,待裁决-证据未核实,待裁决-证据未核实候选,该题正式评分材料候选存在候选/存在冲突，未确认匹配，不下判,,不明,2026-09-24-attribution-v2
BJ-2025-FT-ERMO-Q2,BJ-2025-FT-ERMO-Q2,BJ-2025-FT-ERMO,2,选择题,,整题,MAYBE,完整题-选择题照收,E1,逐题已匹配正式评分材料,,不明,2026-09-24-attribution-v2
BJ-2025-FT-ERMO-Q3,BJ-2025-FT-ERMO-Q3,BJ-2025-FT-ERMO,3,选择题,,整题,MAYBE,完整题-选择题照收,答案键来源未核实(候选未确认),该题正式评分材料候选存在候选/存在冲突，未确认匹配，不下判,,不明,2026-09-24-attribution-v2
BJ-2025-FT-ERMO-Q4,BJ-2025-FT-ERMO-Q4,BJ-2025-FT-ERMO,4,选择题,,整题,MAYBE,完整题-选择题照收,E1,逐题已匹配正式评分材料,,倾向,2026-09-24-attribution-v2
BJ-2025-FT-ERMO-Q1,BJ-2025-FT-ERMO-Q1,BJ-2025-FT-ERMO,1,选择题,,整题,MAYBE,完整题-选择题照收,答案键来源未核实(候选未确认),该题正式评分材料候选存在候选/存在冲突，未确认匹配，不下判,,不明,2026-09-24-attribution-v2
BJ-2025-FT-ERMO-Q9,BJ-2025-FT-ERMO-Q9,BJ-2025-FT-ERMO,9,选择题,,整题,MAYBE,完整题-选择题照收,答案键来源未核实(候选未确认),该题正式评分材料候选存在候选/存在冲突，未确认匹配，不下判,,倾向,2026-09-24-attribution-v2
BJ-2025-FT-ERMO-Q15,BJ-2025-FT-ERMO-Q15,BJ-2025-FT-ERMO,15,选择题,,整题,MAYBE,完整题-选择题照收,答案键来源未核实(候选未确认),该题正式评分材料候选存在候选/存在冲突，未确认匹配，不下判,,倾向,2026-09-24-attribution-v2
BJ-2025-FT-ERMO-Q17,BJ-2025-FT-ERMO-Q17,BJ-2025-FT-ERMO,17,主观题,,整题,MAYBE,完整题-有E1,E1,逐题已匹配正式评分材料,identity:dup_covered_by=bixiu3(等价类合并生效),不明,2026-09-24-attribution-v2
BJ-2025-FT-ERMO-Q21,BJ-2025-FT-ERMO-Q21,BJ-2025-FT-ERMO,21,主观题,,整题,MAYBE,完整题-有E1,E1,逐题已匹配正式评分材料,,不明,2026-09-24-attribution-v2
BJ-2025-FT-ERMO-Q7,BJ-2025-FT-ERMO-Q7,BJ-2025-FT-ERMO,7,选择题,,整题,MAYBE,完整题-选择题照收,答案键来源未核实(候选未确认),该题正式评分材料候选存在候选/存在冲突，未确认匹配，不下判,,不明,2026-09-24-attribution-v2
BJ-2025-CP-ERMO-Q17,BJ-2025-CP-ERMO-Q17,BJ-2025-CP-ERMO,17,主观题,,整题,MAYBE,完整题-有E1,E1,逐题已匹配正式评分材料,,不明,2026-09-24-attribution-v2
BJ-2025-CP-ERMO-Q18,BJ-2025-CP-ERMO-Q18,BJ-2025-CP-ERMO,18,主观题,,整题,MAYBE,完整题-有E1,E1,逐题已匹配正式评分材料,,不明,2026-09-24-attribution-v2
BJ-2025-CP-ERMO-Q19,BJ-2025-CP-ERMO-Q19,BJ-2025-CP-ERMO,19,主观题,,整题,MAYBE,完整题-有E1,E1,逐题已匹配正式评分材料,,倾向,2026-09-24-attribution-v2
BJ-2025-CP-ERMO-Q20#1,BJ-2025-CP-ERMO-Q20,BJ-2025-CP-ERMO,20,主观题,1,小问,MAYBE,完整题-有E1,E1,逐题已匹配正式评分材料,,不明,2026-09-24-attribution-v2
BJ-2025-CP-ERMO-Q20#2,BJ-2025-CP-ERMO-Q20,BJ-2025-CP-ERMO,20,主观题,2,小问,MAYBE,完整题-有E1,E1,逐题已匹配正式评分材料,,不明,2026-09-24-attribution-v2
BJ-2025-CP-ERMO-Q1,BJ-2025-CP-ERMO-Q1,BJ-2025-CP-ERMO,1,选择题,,整题,MAYBE,完整题-选择题照收,E3,逐题已匹配参考答案,,不明,2026-09-24-attribution-v2
BJ-2025-CP-ERMO-Q4,BJ-2025-CP-ERMO-Q4,BJ-2025-CP-ERMO,4,选择题,,整题,MAYBE,完整题-选择题照收,E3,逐题已匹配参考答案,,不明,2026-09-24-attribution-v2
BJ-2025-CP-ERMO-Q6,BJ-2025-CP-ERMO-Q6,BJ-2025-CP-ERMO,6,选择题,,整题,MAYBE,完整题-选择题照收,E3,逐题已匹配参考答案,,不明,2026-09-24-attribution-v2
BJ-2025-CP-ERMO-Q7,BJ-2025-CP-ERMO-Q7,BJ-2025-CP-ERMO,7,选择题,,整题,MAYBE,完整题-选择题照收,E3,逐题已匹配参考答案,,不明,2026-09-24-attribution-v2
BJ-2025-CP-ERMO-Q9,BJ-2025-CP-ERMO-Q9,BJ-2025-CP-ERMO,9,选择题,,整题,MAYBE,完整题-选择题照收,E3,逐题已匹配参考答案,,不明,2026-09-24-attribution-v2
BJ-2025-CP-ERMO-Q15,BJ-2025-CP-ERMO-Q15,BJ-2025-CP-ERMO,15,选择题,,整题,MAYBE,完整题-选择题照收,E3,逐题已匹配参考答案,,不明,2026-09-24-attribution-v2
BJ-2025-HD-ERMO-Q5,BJ-2025-HD-ERMO-Q5,BJ-2025-HD-ERMO,5,选择题,,整题,MAYBE,完整题-选择题照收,答案键来源未核实(候选未确认),该题正式评分材料候选存在候选/存在冲突，未确认匹配，不下判,,不明,2026-09-24-attribution-v2
BJ-2025-HD-ERMO-Q7,BJ-2025-HD-ERMO-Q7,BJ-2025-HD-ERMO,7,选择题,,整题,MAYBE,完整题-选择题照收,答案键来源未核实(候选未确认),该题正式评分材料候选存在候选/存在冲突，未确认匹配，不下判,,不明,2026-09-24-attribution-v2
BJ-2025-HD-ERMO-Q20,BJ-2025-HD-ERMO-Q20,BJ-2025-HD-ERMO,20,主观题,,整题,MAYBE,待裁决-证据未核实,待裁决-证据未核实候选,该题正式评分材料候选存在候选/存在冲突，未确认匹配，不下判,,不明,2026-09-24-attribution-v2
BJ-2025-HD-ERMO-Q1,BJ-2025-HD-ERMO-Q1,BJ-2025-HD-ERMO,1,选择题,,整题,MAYBE,完整题-选择题照收,E1,逐题已匹配正式评分材料,,倾向,2026-09-24-attribution-v2
BJ-2025-HD-ERMO-Q2,BJ-2025-HD-ERMO-Q2,BJ-2025-HD-ERMO,2,选择题,,整题,MAYBE,完整题-选择题照收,答案键来源未核实(候选未确认),该题正式评分材料候选存在候选/存在冲突，未确认匹配，不下判,,不明,2026-09-24-attribution-v2
BJ-2025-HD-ERMO-Q3,BJ-2025-HD-ERMO-Q3,BJ-2025-HD-ERMO,3,选择题,,整题,MAYBE,完整题-选择题照收,E1,逐题已匹配正式评分材料,,不明,2026-09-24-attribution-v2
BJ-2025-HD-ERMO-Q4,BJ-2025-HD-ERMO-Q4,BJ-2025-HD-ERMO,4,选择题,,整题,MAYBE,完整题-选择题照收,E1,逐题已匹配正式评分材料,,不明,2026-09-24-attribution-v2
BJ-2025-HD-ERMO-Q6,BJ-2025-HD-ERMO-Q6,BJ-2025-HD-ERMO,6,选择题,,整题,MAYBE,完整题-选择题照收,答案键来源未核实(候选未确认),该题正式评分材料候选存在候选/存在冲突，未确认匹配，不下判,,不明,2026-09-24-attribution-v2
BJ-2025-HD-ERMO-Q15,BJ-2025-HD-ERMO-Q15,BJ-2025-HD-ERMO,15,选择题,,整题,MAYBE,完整题-选择题照收,答案键来源未核实(候选未确认),该题正式评分材料候选存在候选/存在冲突，未确认匹配，不下判,,不明,2026-09-24-attribution-v2
BJ-2025-HD-ERMO-Q18,BJ-2025-HD-ERMO-Q18,BJ-2025-HD-ERMO,18,主观题,,整题,MAYBE,待裁决-证据未核实,待裁决-证据未核实候选,该题正式评分材料候选存在候选/存在冲突，未确认匹配，不下判,,倾向,2026-09-24-attribution-v2
BJ-2025-XC-ERMO-Q16#3,BJ-2025-XC-ERMO-Q16,BJ-2025-XC-ERMO,16,主观题,3,小问,MAYBE,完整题-有E1,E1,逐题已匹配正式评分材料,,不明,2026-09-24-attribution-v2
BJ-2025-XC-ERMO-Q2,BJ-2025-XC-ERMO-Q2,BJ-2025-XC-ERMO,2,选择题,,整题,MAYBE,完整题-选择题照收,答案键来源未核实(候选未确认),该题正式评分材料候选存在候选/存在冲突，未确认匹配，不下判,,不明,2026-09-24-attribution-v2
BJ-2025-XC-ERMO-Q3,BJ-2025-XC-ERMO-Q3,BJ-2025-XC-ERMO,3,选择题,,整题,MAYBE,完整题-选择题照收,答案键来源未核实(候选未确认),该题正式评分材料候选存在候选/存在冲突，未确认匹配，不下判,,不明,2026-09-24-attribution-v2
BJ-2025-XC-ERMO-Q4,BJ-2025-XC-ERMO-Q4,BJ-2025-XC-ERMO,4,选择题,,整题,MAYBE,完整题-选择题照收,答案键来源未核实(候选未确认),该题正式评分材料候选存在候选/存在冲突，未确认匹配，不下判,,不明,2026-09-24-attribution-v2
BJ-2025-XC-ERMO-Q5,BJ-2025-XC-ERMO-Q5,BJ-2025-XC-ERMO,5,选择题,,整题,MAYBE,完整题-选择题照收,答案键来源未核实(候选未确认),该题正式评分材料候选存在候选/存在冲突，未确认匹配，不下判,,不明,2026-09-24-attribution-v2
BJ-2025-XC-ERMO-Q6,BJ-2025-XC-ERMO-Q6,BJ-2025-XC-ERMO,6,选择题,,整题,MAYBE,完整题-选择题照收,答案键来源未核实(候选未确认),该题正式评分材料候选存在候选/存在冲突，未确认匹配，不下判,,不明,2026-09-24-attribution-v2
BJ-2025-XC-ERMO-Q7,BJ-2025-XC-ERMO-Q7,BJ-2025-XC-ERMO,7,选择题,,整题,MAYBE,完整题-选择题照收,答案键来源未核实(候选未确认),该题正式评分材料候选存在候选/存在冲突，未确认匹配，不下判,,不明,2026-09-24-attribution-v2
BJ-2025-XC-ERMO-Q15,BJ-2025-XC-ERMO-Q15,BJ-2025-XC-ERMO,15,选择题,,整题,MAYBE,完整题-选择题照收,答案键来源未核实(候选未确认),该题正式评分材料候选存在候选/存在冲突，未确认匹配，不下判,,不明,2026-09-24-attribution-v2
BJ-2025-DC-QIMO-Q18#1,BJ-2025-DC-QIMO-Q18,BJ-2025-DC-QIMO,18,主观题,1,小问,MAYBE,待裁决-证据未核实,待裁决-证据未核实候选,该题正式评分材料候选存在候选/存在冲突，未确认匹配，不下判,,不明,2026-09-24-attribution-v2
BJ-2025-DC-QIMO-Q18#2,BJ-2025-DC-QIMO-Q18,BJ-2025-DC-QIMO,18,主观题,2,小问,MAYBE,待裁决-证据未核实,待裁决-证据未核实候选,该题正式评分材料候选存在候选/存在冲突，未确认匹配，不下判,,不明,2026-09-24-attribution-v2
BJ-2025-DC-QIMO-Q1,BJ-2025-DC-QIMO-Q1,BJ-2025-DC-QIMO,1,选择题,,整题,MAYBE,完整题-选择题照收,答案键来源未核实(候选未确认),该题正式评分材料候选存在候选/存在冲突，未确认匹配，不下判,,不明,2026-09-24-attribution-v2
BJ-2025-DC-QIMO-Q2,BJ-2025-DC-QIMO-Q2,BJ-2025-DC-QIMO,2,选择题,,整题,MAYBE,完整题-选择题照收,答案键来源未核实(候选未确认),该题正式评分材料候选存在候选/存在冲突，未确认匹配，不下判,,不明,2026-09-24-attribution-v2
BJ-2025-DC-QIMO-Q5,BJ-2025-DC-QIMO-Q5,BJ-2025-DC-QIMO,5,选择题,,整题,MAYBE,完整题-选择题照收,答案键来源未核实(候选未确认),该题正式评分材料候选存在候选/存在冲突，未确认匹配，不下判,,不明,2026-09-24-attribution-v2
BJ-2025-DC-QIMO-Q6,BJ-2025-DC-QIMO-Q6,BJ-2025-DC-QIMO,6,选择题,,整题,MAYBE,完整题-选择题照收,答案键来源未核实(候选未确认),该题正式评分材料候选存在候选/存在冲突，未确认匹配，不下判,,不明,2026-09-24-attribution-v2
BJ-2025-DC-QIMO-Q7,BJ-2025-DC-QIMO-Q7,BJ-2025-DC-QIMO,7,选择题,,整题,MAYBE,完整题-选择题照收,答案键来源未核实(候选未确认),该题正式评分材料候选存在候选/存在冲突，未确认匹配，不下判,,不明,2026-09-24-attribution-v2
BJ-2025-DC-QIMO-Q8,BJ-2025-DC-QIMO-Q8,BJ-2025-DC-QIMO,8,选择题,,整题,MAYBE,完整题-选择题照收,答案键来源未核实(候选未确认),该题正式评分材料候选存在候选/存在冲突，未确认匹配，不下判,,不明,2026-09-24-attribution-v2
BJ-2025-DC-QIMO-Q9,BJ-2025-DC-QIMO-Q9,BJ-2025-DC-QIMO,9,选择题,,整题,MAYBE,完整题-选择题照收,答案键来源未核实(候选未确认),该题正式评分材料候选存在候选/存在冲突，未确认匹配，不下判,,不明,2026-09-24-attribution-v2
BJ-2025-DC-QIMO-Q10,BJ-2025-DC-QIMO-Q10,BJ-2025-DC-QIMO,10,选择题,,整题,MAYBE,完整题-选择题照收,答案键来源未核实(候选未确认),该题正式评分材料候选存在候选/存在冲突，未确认匹配，不下判,,不明,2026-09-24-attribution-v2
BJ-2025-DC-QIMO-Q14,BJ-2025-DC-QIMO-Q14,BJ-2025-DC-QIMO,14,选择题,,整题,MAYBE,完整题-选择题照收,答案键来源未核实(候选未确认),该题正式评分材料候选存在候选/存在冲突，未确认匹配，不下判,,不明,2026-09-24-attribution-v2
BJ-2025-DC-QIMO-Q19#3,BJ-2025-DC-QIMO-Q19,BJ-2025-DC-QIMO,19,主观题,3,小问,MAYBE,待裁决-证据未核实,待裁决-证据未核实候选,该题正式评分材料候选存在候选/存在冲突，未确认匹配，不下判,,不明,2026-09-24-attribution-v2
BJ-2025-FT-QIMO-Q2,BJ-2025-FT-QIMO-Q2,BJ-2025-FT-QIMO,2,选择题,,整题,MAYBE,完整题-选择题照收,答案键来源未核实(候选未确认),该题正式评分材料候选存在候选/存在冲突，未确认匹配，不下判,,不明,2026-09-24-attribution-v2
BJ-2025-FT-QIMO-Q3,BJ-2025-FT-QIMO-Q3,BJ-2025-FT-QIMO,3,选择题,,整题,MAYBE,完整题-选择题照收,E1,逐题已匹配正式评分材料,,倾向,2026-09-24-attribution-v2
BJ-2025-FT-QIMO-Q16,BJ-2025-FT-QIMO-Q16,BJ-2025-FT-QIMO,16,主观题,,整题,MAYBE,完整题-有E1,E1,逐题已匹配正式评分材料,,不明,2026-09-24-attribution-v2
BJ-2025-FT-QIMO-Q17#1,BJ-2025-FT-QIMO-Q17,BJ-2025-FT-QIMO,17,主观题,1,小问,MAYBE,完整题-有E1,E1,逐题已匹配正式评分材料,,不明,2026-09-24-attribution-v2
BJ-2025-FT-QIMO-Q17#2,BJ-2025-FT-QIMO-Q17,BJ-2025-FT-QIMO,17,主观题,2,小问,MAYBE,完整题-有E1,E1,逐题已匹配正式评分材料,,不明,2026-09-24-attribution-v2
BJ-2025-FT-QIMO-Q17#3,BJ-2025-FT-QIMO-Q17,BJ-2025-FT-QIMO,17,主观题,3,小问,MAYBE,完整题-有E1,E1,逐题已匹配正式评分材料,,不明,2026-09-24-attribution-v2
BJ-2025-FT-QIMO-Q20,BJ-2025-FT-QIMO-Q20,BJ-2025-FT-QIMO,20,主观题,,整题,MAYBE,完整题-有E1,E1,逐题已匹配正式评分材料,,不明,2026-09-24-attribution-v2
BJ-2025-FT-QIMO-Q5,BJ-2025-FT-QIMO-Q5,BJ-2025-FT-QIMO,5,选择题,,整题,MAYBE,完整题-选择题照收,答案键来源未核实(候选未确认),该题正式评分材料候选存在候选/存在冲突，未确认匹配，不下判,,不明,2026-09-24-attribution-v2
BJ-2025-FT-QIMO-Q7,BJ-2025-FT-QIMO-Q7,BJ-2025-FT-QIMO,7,选择题,,整题,MAYBE,完整题-选择题照收,答案键来源未核实(候选未确认),该题正式评分材料候选存在候选/存在冲突，未确认匹配，不下判,,不明,2026-09-24-attribution-v2
BJ-2025-FT-QIMO-Q8,BJ-2025-FT-QIMO-Q8,BJ-2025-FT-QIMO,8,选择题,,整题,MAYBE,完整题-选择题照收,答案键来源未核实(候选未确认),该题正式评分材料候选存在候选/存在冲突，未确认匹配，不下判,,不明,2026-09-24-attribution-v2
BJ-2025-FT-QIMO-Q9,BJ-2025-FT-QIMO-Q9,BJ-2025-FT-QIMO,9,选择题,,整题,MAYBE,完整题-选择题照收,答案键来源未核实(候选未确认),该题正式评分材料候选存在候选/存在冲突，未确认匹配，不下判,,不明,2026-09-24-attribution-v2
BJ-2025-FT-QIMO-Q10,BJ-2025-FT-QIMO-Q10,BJ-2025-FT-QIMO,10,选择题,,整题,MAYBE,完整题-选择题照收,答案键来源未核实(候选未确认),该题正式评分材料候选存在候选/存在冲突，未确认匹配，不下判,,不明,2026-09-24-attribution-v2
BJ-2025-FT-QIMO-Q18#1,BJ-2025-FT-QIMO-Q18,BJ-2025-FT-QIMO,18,主观题,1,小问,MAYBE,待裁决-证据未核实,待裁决-证据未核实候选,该题正式评分材料候选存在候选/存在冲突，未确认匹配，不下判,,不明,2026-09-24-attribution-v2
BJ-2025-FT-QIMO-Q18#2,BJ-2025-FT-QIMO-Q18,BJ-2025-FT-QIMO,18,主观题,2,小问,MAYBE,待裁决-证据未核实,待裁决-证据未核实候选,该题正式评分材料候选存在候选/存在冲突，未确认匹配，不下判,,不明,2026-09-24-attribution-v2
BJ-2025-FT-QIMO-Q18#3,BJ-2025-FT-QIMO-Q18,BJ-2025-FT-QIMO,18,主观题,3,小问,MAYBE,待裁决-证据未核实,待裁决-证据未核实候选,该题正式评分材料候选存在候选/存在冲突，未确认匹配，不下判,,不明,2026-09-24-attribution-v2
BJ-2025-FT-QIMO-Q19#1,BJ-2025-FT-QIMO-Q19,BJ-2025-FT-QIMO,19,主观题,1,小问,MAYBE,待裁决-证据未核实,待裁决-证据未核实候选,该题正式评分材料候选存在候选/存在冲突，未确认匹配，不下判,,不明,2026-09-24-attribution-v2
BJ-2025-FT-QIMO-Q21,BJ-2025-FT-QIMO-Q21,BJ-2025-FT-QIMO,21,主观题,,整题,MAYBE,待裁决-证据未核实,待裁决-证据未核实候选,该题正式评分材料候选存在候选/存在冲突，未确认匹配，不下判,,不明,2026-09-24-attribution-v2
BJ-2025-CY-QIMO-Q18,BJ-2025-CY-QIMO-Q18,BJ-2025-CY-QIMO,18,主观题,,整题,MAYBE,待裁决-证据未核实,待裁决-证据未核实候选,该题正式评分材料候选存在候选/存在冲突，未确认匹配，不下判,B1:rubric_unreadable_not_OUT;B3:rubric_unreadable_not_OUT;PH:rubric_unreadable_not_OUT;CU:rubric_unreadable_not_OUT;X1:rubric_unreadable_not_OUT;X2:rubric_unreadable_not_OUT;MI:rubric_unreadable_not_OUT;RE:rubric_unreadable_not_OUT,确定,2026-09-24-attribution-v2
BJ-2025-CY-QIMO-Q19,BJ-2025-CY-QIMO-Q19,BJ-2025-CY-QIMO,19,主观题,,整题,MAYBE,待裁决-证据未核实,待裁决-证据未核实候选,该题正式评分材料候选存在候选/存在冲突，未确认匹配，不下判,B1:rubric_unreadable_not_OUT;B2:rubric_unreadable_not_OUT;B3:rubric_unreadable_not_OUT;PH:rubric_unreadable_not_OUT;CU:rubric_unreadable_not_OUT;X1:rubric_unreadable_not_OUT;X2:rubric_unreadable_not_OUT,倾向,2026-09-24-attribution-v2
BJ-2025-CY-QIMO-Q21,BJ-2025-CY-QIMO-Q21,BJ-2025-CY-QIMO,21,主观题,,整题,MAYBE,待裁决-证据未核实,待裁决-证据未核实候选,该题正式评分材料候选存在候选/存在冲突，未确认匹配，不下判,B2:rubric_unreadable_not_OUT;B3:rubric_unreadable_not_OUT;PH:rubric_unreadable_not_OUT;CU:rubric_unreadable_not_OUT;X2:rubric_unreadable_not_OUT;MI:rubric_unreadable_not_OUT;RE:rubric_unreadable_not_OUT,倾向,2026-09-24-attribution-v2
BJ-2025-CY-QIMO-Q22,BJ-2025-CY-QIMO-Q22,BJ-2025-CY-QIMO,22,主观题,,整题,MAYBE,待裁决-证据未核实,待裁决-证据未核实候选,该题正式评分材料候选存在候选/存在冲突，未确认匹配，不下判,,不明,2026-09-24-attribution-v2
BJ-2025-CY-QIMO-Q1,BJ-2025-CY-QIMO-Q1,BJ-2025-CY-QIMO,1,选择题,,整题,MAYBE,完整题-选择题照收,答案键来源未核实(候选未确认),该题正式评分材料候选存在候选/存在冲突，未确认匹配，不下判,,不明,2026-09-24-attribution-v2
BJ-2025-CY-QIMO-Q5,BJ-2025-CY-QIMO-Q5,BJ-2025-CY-QIMO,5,选择题,,整题,MAYBE,完整题-选择题照收,答案键来源未核实(候选未确认),该题正式评分材料候选存在候选/存在冲突，未确认匹配，不下判,,不明,2026-09-24-attribution-v2
BJ-2025-CY-QIMO-Q6,BJ-2025-CY-QIMO-Q6,BJ-2025-CY-QIMO,6,选择题,,整题,MAYBE,完整题-选择题照收,答案键来源未核实(候选未确认),该题正式评分材料候选存在候选/存在冲突，未确认匹配，不下判,,不明,2026-09-24-attribution-v2
BJ-2025-CY-QIMO-Q8,BJ-2025-CY-QIMO-Q8,BJ-2025-CY-QIMO,8,选择题,,整题,MAYBE,完整题-选择题照收,答案键来源未核实(候选未确认),该题正式评分材料候选存在候选/存在冲突，未确认匹配，不下判,,不明,2026-09-24-attribution-v2
BJ-2025-CY-QIMO-Q9,BJ-2025-CY-QIMO-Q9,BJ-2025-CY-QIMO,9,选择题,,整题,MAYBE,完整题-选择题照收,答案键来源未核实(候选未确认),该题正式评分材料候选存在候选/存在冲突，未确认匹配，不下判,,不明,2026-09-24-attribution-v2
BJ-2025-CY-QIMO-Q10,BJ-2025-CY-QIMO-Q10,BJ-2025-CY-QIMO,10,选择题,,整题,MAYBE,完整题-选择题照收,答案键来源未核实(候选未确认),该题正式评分材料候选存在候选/存在冲突，未确认匹配，不下判,,不明,2026-09-24-attribution-v2
BJ-2025-CY-QIMO-Q17,BJ-2025-CY-QIMO-Q17,BJ-2025-CY-QIMO,17,主观题,,整题,MAYBE,待裁决-证据未核实,待裁决-证据未核实候选,该题正式评分材料候选存在候选/存在冲突，未确认匹配，不下判,B1:rubric_unreadable_not_OUT;PH:rubric_unreadable_not_OUT;CU:rubric_unreadable_not_OUT;X2:rubric_unreadable_not_OUT;MI:rubric_unreadable_not_OUT;RE:rubric_unreadable_not_OUT,倾向,2026-09-24-attribution-v2
BJ-2025-HD-QIZHONG-Q16#1,BJ-2025-HD-QIZHONG-Q16,BJ-2024-HD-QIZHONG,16,主观题,1,小问,MAYBE,完整题-有E1,E1,逐题已匹配正式评分材料,,不明,2026-09-24-attribution-v2
BJ-2025-HD-QIZHONG-Q16#2,BJ-2025-HD-QIZHONG-Q16,BJ-2024-HD-QIZHONG,16,主观题,2,小问,MAYBE,完整题-有E1,E1,逐题已匹配正式评分材料,,不明,2026-09-24-attribution-v2
BJ-2025-HD-QIZHONG-Q17,BJ-2025-HD-QIZHONG-Q17,BJ-2024-HD-QIZHONG,17,主观题,,整题,MAYBE,完整题-有E1,E1,逐题已匹配正式评分材料,B1:rubric_unreadable_not_OUT;B3:rubric_unreadable_not_OUT;PH:rubric_unreadable_not_OUT;CU:rubric_unreadable_not_OUT;X1:rubric_unreadable_not_OUT;MI:rubric_unreadable_not_OUT;RE:rubric_unreadable_not_OUT,倾向,2026-09-24-attribution-v2
BJ-2025-HD-QIZHONG-Q18,BJ-2025-HD-QIZHONG-Q18,BJ-2024-HD-QIZHONG,18,主观题,,整题,MAYBE,完整题-有E1,E1,逐题已匹配正式评分材料,,不明,2026-09-24-attribution-v2
BJ-2025-HD-QIZHONG-Q19,BJ-2025-HD-QIZHONG-Q19,BJ-2024-HD-QIZHONG,19,主观题,,整题,MAYBE,完整题-有E1,E1,逐题已匹配正式评分材料,B1:rubric_unreadable_not_OUT;B2:rubric_unreadable_not_OUT;CU:rubric_unreadable_not_OUT;X1:rubric_unreadable_not_OUT;MI:rubric_unreadable_not_OUT;RE:rubric_unreadable_not_OUT;identity:dup_covered_by=bixiu3(等价类合并生效),倾向,2026-09-24-attribution-v2
BJ-2025-HD-QIZHONG-Q20,BJ-2025-HD-QIZHONG-Q20,BJ-2024-HD-QIZHONG,20,主观题,,整题,MAYBE,完整题-有E1,E1,逐题已匹配正式评分材料,B1:rubric_unreadable_not_OUT;B3:rubric_unreadable_not_OUT;PH:rubric_unreadable_not_OUT;CU:rubric_unreadable_not_OUT;X1:rubric_unreadable_not_OUT;MI:rubric_unreadable_not_OUT;RE:rubric_unreadable_not_OUT,倾向,2026-09-24-attribution-v2
BJ-2025-HD-QIZHONG-Q21#1,BJ-2025-HD-QIZHONG-Q21,BJ-2024-HD-QIZHONG,21,主观题,1,小问,MAYBE,完整题-有E1,E1,逐题已匹配正式评分材料,identity:dup_covered_by=bixiu3;xuanbi1;xuanbi2(等价类合并生效),不明,2026-09-24-attribution-v2
BJ-2025-HD-QIZHONG-Q21#2,BJ-2025-HD-QIZHONG-Q21,BJ-2024-HD-QIZHONG,21,主观题,2,小问,MAYBE,完整题-有E1,E1,逐题已匹配正式评分材料,identity:dup_covered_by=bixiu3;xuanbi1;xuanbi2(等价类合并生效),不明,2026-09-24-attribution-v2
BJ-2025-HD-QIZHONG-Q1,BJ-2025-HD-QIZHONG-Q1,BJ-2024-HD-QIZHONG,1,选择题,,整题,MAYBE,完整题-选择题照收,答案键来源未核实(候选未确认),该题正式评分材料候选存在候选/存在冲突，未确认匹配，不下判,,不明,2026-09-24-attribution-v2
BJ-2025-HD-QIZHONG-Q2,BJ-2025-HD-QIZHONG-Q2,BJ-2024-HD-QIZHONG,2,选择题,,整题,MAYBE,完整题-选择题照收,答案键来源未核实(候选未确认),该题正式评分材料候选存在候选/存在冲突，未确认匹配，不下判,,不明,2026-09-24-attribution-v2
BJ-2025-HD-QIZHONG-Q3,BJ-2025-HD-QIZHONG-Q3,BJ-2024-HD-QIZHONG,3,选择题,,整题,MAYBE,完整题-选择题照收,答案键来源未核实(候选未确认),该题正式评分材料候选存在候选/存在冲突，未确认匹配，不下判,,不明,2026-09-24-attribution-v2
BJ-2025-HD-QIZHONG-Q4,BJ-2025-HD-QIZHONG-Q4,BJ-2024-HD-QIZHONG,4,选择题,,整题,MAYBE,完整题-选择题照收,答案键来源未核实(候选未确认),该题正式评分材料候选存在候选/存在冲突，未确认匹配，不下判,identity:dup_covered_by=bixiu2(等价类合并生效),不明,2026-09-24-attribution-v2
BJ-2025-HD-QIZHONG-Q5,BJ-2025-HD-QIZHONG-Q5,BJ-2024-HD-QIZHONG,5,选择题,,整题,MAYBE,完整题-选择题照收,答案键来源未核实(候选未确认),该题正式评分材料候选存在候选/存在冲突，未确认匹配，不下判,identity:dup_covered_by=bixiu2(等价类合并生效),不明,2026-09-24-attribution-v2
BJ-2025-HD-QIZHONG-Q6,BJ-2025-HD-QIZHONG-Q6,BJ-2024-HD-QIZHONG,6,选择题,,整题,MAYBE,完整题-选择题照收,答案键来源未核实(候选未确认),该题正式评分材料候选存在候选/存在冲突，未确认匹配，不下判,identity:dup_covered_by=bixiu2(等价类合并生效),不明,2026-09-24-attribution-v2
BJ-2025-HD-QIZHONG-Q7,BJ-2025-HD-QIZHONG-Q7,BJ-2024-HD-QIZHONG,7,选择题,,整题,MAYBE,完整题-选择题照收,答案键来源未核实(候选未确认),该题正式评分材料候选存在候选/存在冲突，未确认匹配，不下判,identity:dup_covered_by=bixiu3(等价类合并生效),不明,2026-09-24-attribution-v2
BJ-2025-HD-QIZHONG-Q8,BJ-2025-HD-QIZHONG-Q8,BJ-2024-HD-QIZHONG,8,选择题,,整题,MAYBE,完整题-选择题照收,答案键来源未核实(候选未确认),该题正式评分材料候选存在候选/存在冲突，未确认匹配，不下判,identity:dup_covered_by=bixiu3(等价类合并生效),不明,2026-09-24-attribution-v2
BJ-2025-HD-QIZHONG-Q10,BJ-2025-HD-QIZHONG-Q10,BJ-2024-HD-QIZHONG,10,选择题,,整题,MAYBE,完整题-选择题照收,答案键来源未核实(候选未确认),该题正式评分材料候选存在候选/存在冲突，未确认匹配，不下判,identity:dup_covered_by=bixiu2;bixiu3(等价类合并生效),不明,2026-09-24-attribution-v2
BJ-2025-HD-QIZHONG-Q25#1,BJ-2025-HD-QIZHONG-Q25,BJ-2024-HD-QIZHONG,25,主观题,1,小问,MAYBE,待裁决-证据未核实,待裁决-证据未核实候选,该题正式评分材料候选存在候选/存在冲突，未确认匹配，不下判,B1:rubric_unreadable_not_OUT;B3:rubric_unreadable_not_OUT;PH:rubric_unreadable_not_OUT;CU:rubric_unreadable_not_OUT;X2:rubric_unreadable_not_OUT;MI:rubric_unreadable_not_OUT;RE:rubric_unreadable_not_OUT;identity:dup_covered_by=xuanbi1(等价类合并生效),确定,2026-09-24-attribution-v2
BJ-2025-HD-QIZHONG-Q25#2,BJ-2025-HD-QIZHONG-Q25,BJ-2024-HD-QIZHONG,25,主观题,2,小问,MAYBE,待裁决-证据未核实,待裁决-证据未核实候选,该题正式评分材料候选存在候选/存在冲突，未确认匹配，不下判,B1:rubric_unreadable_not_OUT;B3:rubric_unreadable_not_OUT;PH:rubric_unreadable_not_OUT;CU:rubric_unreadable_not_OUT;X2:rubric_unreadable_not_OUT;MI:rubric_unreadable_not_OUT;RE:rubric_unreadable_not_OUT;identity:dup_covered_by=xuanbi1(等价类合并生效),确定,2026-09-24-attribution-v2
BJ-2025-HD-QIMO-Q2,BJ-2025-HD-QIMO-Q2,BJ-2025-HD-QIMO,2,选择题,,整题,MAYBE,完整题-选择题照收,答案键来源未核实(候选未确认),该题正式评分材料候选存在候选/存在冲突，未确认匹配，不下判,,倾向,2026-09-24-attribution-v2
BJ-2025-HD-QIMO-Q5,BJ-2025-HD-QIMO-Q5,BJ-2025-HD-QIMO,5,选择题,,整题,MAYBE,完整题-选择题照收,E1,逐题已匹配正式评分材料,,不明,2026-09-24-attribution-v2
BJ-2025-HD-QIMO-Q6,BJ-2025-HD-QIMO-Q6,BJ-2025-HD-QIMO,6,选择题,,整题,MAYBE,完整题-选择题照收,E1,逐题已匹配正式评分材料,,不明,2026-09-24-attribution-v2
BJ-2025-HD-QIMO-Q18,BJ-2025-HD-QIMO-Q18,BJ-2025-HD-QIMO,18,主观题,,整题,MAYBE,完整题-有E1,E1,逐题已匹配正式评分材料,,不明,2026-09-24-attribution-v2
BJ-2025-HD-QIMO-Q7,BJ-2025-HD-QIMO-Q7,BJ-2025-HD-QIMO,7,选择题,,整题,MAYBE,完整题-选择题照收,答案键来源未核实(候选未确认),该题正式评分材料候选存在候选/存在冲突，未确认匹配，不下判,,不明,2026-09-24-attribution-v2
BJ-2025-HD-QIMO-Q8,BJ-2025-HD-QIMO-Q8,BJ-2025-HD-QIMO,8,选择题,,整题,MAYBE,完整题-选择题照收,答案键来源未核实(候选未确认),该题正式评分材料候选存在候选/存在冲突，未确认匹配，不下判,,不明,2026-09-24-attribution-v2
BJ-2025-HD-QIMO-Q9,BJ-2025-HD-QIMO-Q9,BJ-2025-HD-QIMO,9,选择题,,整题,MAYBE,完整题-选择题照收,答案键来源未核实(候选未确认),该题正式评分材料候选存在候选/存在冲突，未确认匹配，不下判,,不明,2026-09-24-attribution-v2
BJ-2025-HD-QIMO-Q10,BJ-2025-HD-QIMO-Q10,BJ-2025-HD-QIMO,10,选择题,,整题,MAYBE,完整题-选择题照收,答案键来源未核实(候选未确认),该题正式评分材料候选存在候选/存在冲突，未确认匹配，不下判,,不明,2026-09-24-attribution-v2
BJ-2025-HD-QIMO-Q17#1,BJ-2025-HD-QIMO-Q17,BJ-2025-HD-QIMO,17,主观题,1,小问,MAYBE,待裁决-证据未核实,待裁决-证据未核实候选,该题正式评分材料候选存在候选/存在冲突，未确认匹配，不下判,B1:rubric_unreadable_not_OUT;B2:rubric_unreadable_not_OUT;B3:rubric_unreadable_not_OUT;CU:rubric_unreadable_not_OUT;X1:rubric_unreadable_not_OUT;X2:rubric_unreadable_not_OUT;RE:rubric_unreadable_not_OUT,确定,2026-09-24-attribution-v2
BJ-2025-HD-QIMO-Q17#2,BJ-2025-HD-QIMO-Q17,BJ-2025-HD-QIMO,17,主观题,2,小问,MAYBE,待裁决-证据未核实,待裁决-证据未核实候选,该题正式评分材料候选存在候选/存在冲突，未确认匹配，不下判,B1:rubric_unreadable_not_OUT;B2:rubric_unreadable_not_OUT;B3:rubric_unreadable_not_OUT;CU:rubric_unreadable_not_OUT;X1:rubric_unreadable_not_OUT;X2:rubric_unreadable_not_OUT;RE:rubric_unreadable_not_OUT,确定,2026-09-24-attribution-v2
BJ-2025-HD-QIMO-Q20,BJ-2025-HD-QIMO-Q20,BJ-2025-HD-QIMO,20,主观题,,整题,MAYBE,待裁决-证据未核实,待裁决-证据未核实候选,该题正式评分材料候选存在候选/存在冲突，未确认匹配，不下判,,不明,2026-09-24-attribution-v2
BJ-2025-HD-QIMO-Q21,BJ-2025-HD-QIMO-Q21,BJ-2025-HD-QIMO,21,主观题,,整题,MAYBE,待裁决-证据未核实,待裁决-证据未核实候选,该题正式评分材料候选存在候选/存在冲突，未确认匹配，不下判,B1:rubric_unreadable_not_OUT;B3:rubric_unreadable_not_OUT;PH:rubric_unreadable_not_OUT;CU:rubric_unreadable_not_OUT;X1:rubric_unreadable_not_OUT;MI:rubric_unreadable_not_OUT;RE:rubric_unreadable_not_OUT,确定,2026-09-24-attribution-v2
BJ-2025-XC-QIMO-Q16,BJ-2025-XC-QIMO-Q16,BJ-2025-XC-QIMO,16,主观题,,整题,MAYBE,完整题-有E1,E1,逐题已匹配正式评分材料,,倾向,2026-09-24-attribution-v2
BJ-2025-XC-QIMO-Q17#2,BJ-2025-XC-QIMO-Q17,BJ-2025-XC-QIMO,17,主观题,2,小问,MAYBE,完整题-有E1,E1,逐题已匹配正式评分材料,,不明,2026-09-24-attribution-v2
BJ-2025-XC-QIMO-Q18,BJ-2025-XC-QIMO-Q18,BJ-2025-XC-QIMO,18,主观题,,整题,MAYBE,完整题-有E1,E1,逐题已匹配正式评分材料,,不明,2026-09-24-attribution-v2
BJ-2025-XC-QIMO-Q19,BJ-2025-XC-QIMO-Q19,BJ-2025-XC-QIMO,19,主观题,,整题,MAYBE,完整题-有E1,E1,逐题已匹配正式评分材料,identity:dup_covered_by=bixiu2(等价类合并生效),不明,2026-09-24-attribution-v2
BJ-2025-XC-QIMO-Q21,BJ-2025-XC-QIMO-Q21,BJ-2025-XC-QIMO,21,主观题,,整题,MAYBE,完整题-有E1,E1,逐题已匹配正式评分材料,,不明,2026-09-24-attribution-v2
BJ-2025-XC-QIMO-Q4,BJ-2025-XC-QIMO-Q4,BJ-2025-XC-QIMO,4,选择题,,整题,MAYBE,完整题-选择题照收,答案键来源未核实(候选未确认),该题正式评分材料候选存在候选/存在冲突，未确认匹配，不下判,,倾向,2026-09-24-attribution-v2
BJ-2025-XC-QIMO-Q5,BJ-2025-XC-QIMO-Q5,BJ-2025-XC-QIMO,5,选择题,,整题,MAYBE,完整题-选择题照收,答案键来源未核实(候选未确认),该题正式评分材料候选存在候选/存在冲突，未确认匹配，不下判,,不明,2026-09-24-attribution-v2
BJ-2025-XC-QIMO-Q6,BJ-2025-XC-QIMO-Q6,BJ-2025-XC-QIMO,6,选择题,,整题,MAYBE,完整题-选择题照收,答案键来源未核实(候选未确认),该题正式评分材料候选存在候选/存在冲突，未确认匹配，不下判,,不明,2026-09-24-attribution-v2
BJ-2025-XC-QIMO-Q7,BJ-2025-XC-QIMO-Q7,BJ-2025-XC-QIMO,7,选择题,,整题,MAYBE,完整题-选择题照收,答案键来源未核实(候选未确认),该题正式评分材料候选存在候选/存在冲突，未确认匹配，不下判,,不明,2026-09-24-attribution-v2
BJ-2025-XC-QIMO-Q8,BJ-2025-XC-QIMO-Q8,BJ-2025-XC-QIMO,8,选择题,,整题,MAYBE,完整题-选择题照收,答案键来源未核实(候选未确认),该题正式评分材料候选存在候选/存在冲突，未确认匹配，不下判,,不明,2026-09-24-attribution-v2
BJ-2025-XC-QIMO-Q9,BJ-2025-XC-QIMO-Q9,BJ-2025-XC-QIMO,9,选择题,,整题,MAYBE,完整题-选择题照收,答案键来源未核实(候选未确认),该题正式评分材料候选存在候选/存在冲突，未确认匹配，不下判,,不明,2026-09-24-attribution-v2
BJ-2025-XC-QIMO-Q10,BJ-2025-XC-QIMO-Q10,BJ-2025-XC-QIMO,10,选择题,,整题,MAYBE,完整题-选择题照收,答案键来源未核实(候选未确认),该题正式评分材料候选存在候选/存在冲突，未确认匹配，不下判,,不明,2026-09-24-attribution-v2
BJ-2026-DC-YIMO-Q1,BJ-2026-DC-YIMO-Q1,BJ-2026-DC-YIMO,1,选择题,,整题,MAYBE,完整题-选择题照收,E1,逐题已匹配正式评分材料,,倾向,2026-09-24-attribution-v2
BJ-2026-DC-YIMO-Q3,BJ-2026-DC-YIMO-Q3,BJ-2026-DC-YIMO,3,选择题,,整题,MAYBE,完整题-选择题照收,E1,逐题已匹配正式评分材料,,不明,2026-09-24-attribution-v2
BJ-2026-DC-YIMO-Q7,BJ-2026-DC-YIMO-Q7,BJ-2026-DC-YIMO,7,选择题,,整题,MAYBE,完整题-选择题照收,E1,逐题已匹配正式评分材料,,不明,2026-09-24-attribution-v2
BJ-2026-DC-YIMO-Q5,BJ-2026-DC-YIMO-Q5,BJ-2026-DC-YIMO,5,选择题,,整题,MAYBE,完整题-选择题照收,答案键来源未核实(候选未确认),该题正式评分材料候选存在候选/存在冲突，未确认匹配，不下判,,不明,2026-09-24-attribution-v2
BJ-2026-DC-YIMO-Q9,BJ-2026-DC-YIMO-Q9,BJ-2026-DC-YIMO,9,选择题,,整题,MAYBE,完整题-选择题照收,答案键来源未核实(候选未确认),该题正式评分材料候选存在候选/存在冲突，未确认匹配，不下判,,不明,2026-09-24-attribution-v2
BJ-2026-DC-YIMO-Q6,BJ-2026-DC-YIMO-Q6,BJ-2026-DC-YIMO,6,选择题,,整题,MAYBE,完整题-选择题照收,答案键来源未核实(候选未确认),该题正式评分材料候选存在候选/存在冲突，未确认匹配，不下判,,不明,2026-09-24-attribution-v2
BJ-2026-DC-YIMO-Q14,BJ-2026-DC-YIMO-Q14,BJ-2026-DC-YIMO,14,选择题,,整题,MAYBE,完整题-选择题照收,答案键来源未核实(候选未确认),该题正式评分材料候选存在候选/存在冲突，未确认匹配，不下判,,不明,2026-09-24-attribution-v2
BJ-2026-DC-YIMO-Q15,BJ-2026-DC-YIMO-Q15,BJ-2026-DC-YIMO,15,选择题,,整题,MAYBE,完整题-选择题照收,答案键来源未核实(候选未确认),该题正式评分材料候选存在候选/存在冲突，未确认匹配，不下判,,不明,2026-09-24-attribution-v2
BJ-2026-FT-YIMO-Q1,BJ-2026-FT-YIMO-Q1,BJ-2026-FT-YIMO,1,选择题,,整题,MAYBE,完整题-选择题照收,答案键来源未核实(候选未确认),该题正式评分材料候选存在候选/存在冲突，未确认匹配，不下判,,倾向,2026-09-24-attribution-v2
BJ-2026-FT-YIMO-Q17,BJ-2026-FT-YIMO-Q17,BJ-2026-FT-YIMO,17,主观题,,整题,MAYBE,完整题-有E1,E1,逐题已匹配正式评分材料,B1:rubric_unreadable_not_OUT;B2:rubric_unreadable_not_OUT;PH:rubric_unreadable_not_OUT;CU:rubric_unreadable_not_OUT;X2:rubric_unreadable_not_OUT;MI:rubric_unreadable_not_OUT;RE:rubric_unreadable_not_OUT;identity:dup_covered_by=bixiu3(等价类合并生效),倾向,2026-09-24-attribution-v2
BJ-2026-FT-YIMO-Q19,BJ-2026-FT-YIMO-Q19,BJ-2026-FT-YIMO,19,主观题,,整题,MAYBE,完整题-有E1,E1,逐题已匹配正式评分材料,B1:rubric_unreadable_not_OUT;B2:rubric_unreadable_not_OUT;B3:rubric_unreadable_not_OUT;PH:rubric_unreadable_not_OUT;CU:rubric_unreadable_not_OUT;X2:rubric_unreadable_not_OUT;MI:rubric_unreadable_not_OUT;RE:rubric_unreadable_not_OUT,确定,2026-09-24-attribution-v2
BJ-2026-FT-YIMO-Q20,BJ-2026-FT-YIMO-Q20,BJ-2026-FT-YIMO,20,主观题,,整题,MAYBE,完整题-有E1,E1,逐题已匹配正式评分材料,B1:rubric_unreadable_not_OUT;B2:rubric_unreadable_not_OUT;X1:rubric_unreadable_not_OUT;MI:rubric_unreadable_not_OUT;RE:rubric_unreadable_not_OUT,倾向,2026-09-24-attribution-v2
BJ-2026-FT-YIMO-Q2,BJ-2026-FT-YIMO-Q2,BJ-2026-FT-YIMO,2,选择题,,整题,MAYBE,完整题-选择题照收,答案键来源未核实(候选未确认),该题正式评分材料候选存在候选/存在冲突，未确认匹配，不下判,,不明,2026-09-24-attribution-v2
BJ-2026-FT-YIMO-Q3,BJ-2026-FT-YIMO-Q3,BJ-2026-FT-YIMO,3,选择题,,整题,MAYBE,完整题-选择题照收,答案键来源未核实(候选未确认),该题正式评分材料候选存在候选/存在冲突，未确认匹配，不下判,,不明,2026-09-24-attribution-v2
BJ-2026-FT-YIMO-Q15,BJ-2026-FT-YIMO-Q15,BJ-2026-FT-YIMO,15,选择题,,整题,MAYBE,完整题-选择题照收,答案键来源未核实(候选未确认),该题正式评分材料候选存在候选/存在冲突，未确认匹配，不下判,,不明,2026-09-24-attribution-v2
BJ-2026-FT-YIMO-Q21,BJ-2026-FT-YIMO-Q21,BJ-2026-FT-YIMO,21,主观题,,整题,MAYBE,待裁决-证据未核实,待裁决-证据未核实候选,该题正式评分材料候选存在候选/存在冲突，未确认匹配，不下判,,不明,2026-09-24-attribution-v2
BJ-2026-YQ-YIMO-Q17,BJ-2026-YQ-YIMO-Q17,BJ-2026-YQ-YIMO,17,主观题,,整题,MAYBE,完整题-有E1,E1,逐题已匹配正式评分材料,,不明,2026-09-24-attribution-v2
BJ-2026-YQ-YIMO-Q20,BJ-2026-YQ-YIMO-Q20,BJ-2026-YQ-YIMO,20,主观题,,整题,MAYBE,完整题-有E1,E1,逐题已匹配正式评分材料,,不明,2026-09-24-attribution-v2
BJ-2026-YQ-YIMO-Q1,BJ-2026-YQ-YIMO-Q1,BJ-2026-YQ-YIMO,1,选择题,,整题,MAYBE,完整题-选择题照收,答案键来源未核实(候选未确认),该题正式评分材料候选存在候选/存在冲突，未确认匹配，不下判,,倾向,2026-09-24-attribution-v2
BJ-2026-YQ-YIMO-Q2,BJ-2026-YQ-YIMO-Q2,BJ-2026-YQ-YIMO,2,选择题,,整题,MAYBE,完整题-选择题照收,答案键来源未核实(候选未确认),该题正式评分材料候选存在候选/存在冲突，未确认匹配，不下判,,倾向,2026-09-24-attribution-v2
BJ-2026-YQ-YIMO-Q3,BJ-2026-YQ-YIMO-Q3,BJ-2026-YQ-YIMO,3,选择题,,整题,MAYBE,完整题-选择题照收,答案键来源未核实(候选未确认),该题正式评分材料候选存在候选/存在冲突，未确认匹配，不下判,,不明,2026-09-24-attribution-v2
BJ-2026-YQ-YIMO-Q5,BJ-2026-YQ-YIMO-Q5,BJ-2026-YQ-YIMO,5,选择题,,整题,MAYBE,完整题-选择题照收,答案键来源未核实(候选未确认),该题正式评分材料候选存在候选/存在冲突，未确认匹配，不下判,,不明,2026-09-24-attribution-v2
BJ-2026-YQ-YIMO-Q6,BJ-2026-YQ-YIMO-Q6,BJ-2026-YQ-YIMO,6,选择题,,整题,MAYBE,完整题-选择题照收,答案键来源未核实(候选未确认),该题正式评分材料候选存在候选/存在冲突，未确认匹配，不下判,,不明,2026-09-24-attribution-v2
BJ-2026-YQ-YIMO-Q7,BJ-2026-YQ-YIMO-Q7,BJ-2026-YQ-YIMO,7,选择题,,整题,MAYBE,完整题-选择题照收,答案键来源未核实(候选未确认),该题正式评分材料候选存在候选/存在冲突，未确认匹配，不下判,,不明,2026-09-24-attribution-v2
BJ-2026-YQ-YIMO-Q9,BJ-2026-YQ-YIMO-Q9,BJ-2026-YQ-YIMO,9,选择题,,整题,MAYBE,完整题-选择题照收,答案键来源未核实(候选未确认),该题正式评分材料候选存在候选/存在冲突，未确认匹配，不下判,,不明,2026-09-24-attribution-v2
BJ-2026-YQ-YIMO-Q15,BJ-2026-YQ-YIMO-Q15,BJ-2026-YQ-YIMO,15,选择题,,整题,MAYBE,完整题-选择题照收,答案键来源未核实(候选未确认),该题正式评分材料候选存在候选/存在冲突，未确认匹配，不下判,,不明,2026-09-24-attribution-v2
BJ-2026-FS-YIMO-Q17#1,BJ-2026-FS-YIMO-Q17,BJ-2026-FS-YIMO,17,主观题,1,小问,MAYBE,待裁决-证据未核实,待裁决-证据未核实候选,该题正式评分材料候选存在候选/存在冲突，未确认匹配，不下判,,不明,2026-09-24-attribution-v2
BJ-2026-FS-YIMO-Q17#2,BJ-2026-FS-YIMO-Q17,BJ-2026-FS-YIMO,17,主观题,2,小问,MAYBE,待裁决-证据未核实,待裁决-证据未核实候选,该题正式评分材料候选存在候选/存在冲突，未确认匹配，不下判,,不明,2026-09-24-attribution-v2
BJ-2026-FS-YIMO-Q18#1,BJ-2026-FS-YIMO-Q18,BJ-2026-FS-YIMO,18,主观题,1,小问,MAYBE,待裁决-证据未核实,待裁决-证据未核实候选,该题正式评分材料候选存在候选/存在冲突，未确认匹配，不下判,B1:rubric_unreadable_not_OUT;B2:rubric_unreadable_not_OUT;PH:rubric_unreadable_not_OUT;CU:rubric_unreadable_not_OUT;X1:rubric_unreadable_not_OUT;X2:rubric_unreadable_not_OUT;RE:rubric_unreadable_not_OUT,确定,2026-09-24-attribution-v2
BJ-2026-FS-YIMO-Q18#2,BJ-2026-FS-YIMO-Q18,BJ-2026-FS-YIMO,18,主观题,2,小问,MAYBE,待裁决-证据未核实,待裁决-证据未核实候选,该题正式评分材料候选存在候选/存在冲突，未确认匹配，不下判,B1:rubric_unreadable_not_OUT;B2:rubric_unreadable_not_OUT;PH:rubric_unreadable_not_OUT;CU:rubric_unreadable_not_OUT;X1:rubric_unreadable_not_OUT;X2:rubric_unreadable_not_OUT;RE:rubric_unreadable_not_OUT,确定,2026-09-24-attribution-v2
BJ-2026-FS-YIMO-Q19,BJ-2026-FS-YIMO-Q19,BJ-2026-FS-YIMO,19,主观题,,整题,MAYBE,待裁决-证据未核实,待裁决-证据未核实候选,该题正式评分材料候选存在候选/存在冲突，未确认匹配，不下判,B1:rubric_unreadable_not_OUT;B3:rubric_unreadable_not_OUT;PH:rubric_unreadable_not_OUT;CU:rubric_unreadable_not_OUT;X2:rubric_unreadable_not_OUT;MI:rubric_unreadable_not_OUT;RE:rubric_unreadable_not_OUT,确定,2026-09-24-attribution-v2
BJ-2026-FS-YIMO-Q20,BJ-2026-FS-YIMO-Q20,BJ-2026-FS-YIMO,20,主观题,,整题,MAYBE,待裁决-证据未核实,待裁决-证据未核实候选,该题正式评分材料候选存在候选/存在冲突，未确认匹配，不下判,,不明,2026-09-24-attribution-v2
BJ-2026-FS-YIMO-Q5,BJ-2026-FS-YIMO-Q5,BJ-2026-FS-YIMO,5,选择题,,整题,MAYBE,完整题-选择题照收,答案键来源未核实(候选未确认),该题正式评分材料候选存在候选/存在冲突，未确认匹配，不下判,,不明,2026-09-24-attribution-v2
BJ-2026-FS-YIMO-Q6,BJ-2026-FS-YIMO-Q6,BJ-2026-FS-YIMO,6,选择题,,整题,MAYBE,完整题-选择题照收,答案键来源未核实(候选未确认),该题正式评分材料候选存在候选/存在冲突，未确认匹配，不下判,,不明,2026-09-24-attribution-v2
BJ-2026-FS-YIMO-Q7,BJ-2026-FS-YIMO-Q7,BJ-2026-FS-YIMO,7,选择题,,整题,MAYBE,完整题-选择题照收,答案键来源未核实(候选未确认),该题正式评分材料候选存在候选/存在冲突，未确认匹配，不下判,,不明,2026-09-24-attribution-v2
BJ-2026-FS-YIMO-Q15,BJ-2026-FS-YIMO-Q15,BJ-2026-FS-YIMO,15,选择题,,整题,MAYBE,完整题-选择题照收,答案键来源未核实(候选未确认),该题正式评分材料候选存在候选/存在冲突，未确认匹配，不下判,,不明,2026-09-24-attribution-v2
BJ-2026-FS-YIMO-Q16#1,BJ-2026-FS-YIMO-Q16,BJ-2026-FS-YIMO,16,主观题,1,小问,MAYBE,待裁决-证据未核实,待裁决-证据未核实候选,该题正式评分材料候选存在候选/存在冲突，未确认匹配，不下判,B1:rubric_unreadable_not_OUT;B3:rubric_unreadable_not_OUT;CU:rubric_unreadable_not_OUT;X1:rubric_unreadable_not_OUT;X2:rubric_unreadable_not_OUT;MI:rubric_unreadable_not_OUT;RE:rubric_unreadable_not_OUT,确定,2026-09-24-attribution-v2
BJ-2026-FS-YIMO-Q16#2,BJ-2026-FS-YIMO-Q16,BJ-2026-FS-YIMO,16,主观题,2,小问,MAYBE,待裁决-证据未核实,待裁决-证据未核实候选,该题正式评分材料候选存在候选/存在冲突，未确认匹配，不下判,,不明,2026-09-24-attribution-v2
BJ-2026-CY-YIMO-Q1,BJ-2026-CY-YIMO-Q1,BJ-2026-CY-YIMO,1,选择题,,整题,MAYBE,完整题-选择题照收,答案键来源未核实(候选未确认),该题正式评分材料候选存在候选/存在冲突，未确认匹配，不下判,,不明,2026-09-24-attribution-v2
BJ-2026-CY-YIMO-Q17#1,BJ-2026-CY-YIMO-Q17,BJ-2026-CY-YIMO,17,主观题,1,小问,MAYBE,完整题-有E1,E1,逐题已匹配正式评分材料,,不明,2026-09-24-attribution-v2
BJ-2026-CY-YIMO-Q17#2,BJ-2026-CY-YIMO-Q17,BJ-2026-CY-YIMO,17,主观题,2,小问,MAYBE,完整题-有E1,E1,逐题已匹配正式评分材料,,不明,2026-09-24-attribution-v2
BJ-2026-CY-YIMO-Q18,BJ-2026-CY-YIMO-Q18,BJ-2026-CY-YIMO,18,主观题,,整题,MAYBE,完整题-有E1,E1,逐题已匹配正式评分材料,,不明,2026-09-24-attribution-v2
BJ-2026-CY-YIMO-Q2,BJ-2026-CY-YIMO-Q2,BJ-2026-CY-YIMO,2,选择题,,整题,MAYBE,完整题-选择题照收,答案键来源未核实(候选未确认),该题正式评分材料候选存在候选/存在冲突，未确认匹配，不下判,,不明,2026-09-24-attribution-v2
BJ-2026-CY-YIMO-Q19,BJ-2026-CY-YIMO-Q19,BJ-2026-CY-YIMO,19,主观题,,整题,MAYBE,完整题-有E1,E1,逐题已匹配正式评分材料,,不明,2026-09-24-attribution-v2
BJ-2026-CY-YIMO-Q5,BJ-2026-CY-YIMO-Q5,BJ-2026-CY-YIMO,5,选择题,,整题,MAYBE,完整题-选择题照收,答案键来源未核实(候选未确认),该题正式评分材料候选存在候选/存在冲突，未确认匹配，不下判,,不明,2026-09-24-attribution-v2
BJ-2026-CY-YIMO-Q6,BJ-2026-CY-YIMO-Q6,BJ-2026-CY-YIMO,6,选择题,,整题,MAYBE,完整题-选择题照收,答案键来源未核实(候选未确认),该题正式评分材料候选存在候选/存在冲突，未确认匹配，不下判,,倾向,2026-09-24-attribution-v2
BJ-2026-CY-YIMO-Q7,BJ-2026-CY-YIMO-Q7,BJ-2026-CY-YIMO,7,选择题,,整题,MAYBE,完整题-选择题照收,答案键来源未核实(候选未确认),该题正式评分材料候选存在候选/存在冲突，未确认匹配，不下判,,不明,2026-09-24-attribution-v2
BJ-2026-CY-YIMO-Q9,BJ-2026-CY-YIMO-Q9,BJ-2026-CY-YIMO,9,选择题,,整题,MAYBE,完整题-选择题照收,答案键来源未核实(候选未确认),该题正式评分材料候选存在候选/存在冲突，未确认匹配，不下判,,不明,2026-09-24-attribution-v2
BJ-2026-CY-YIMO-Q15,BJ-2026-CY-YIMO-Q15,BJ-2026-CY-YIMO,15,选择题,,整题,MAYBE,完整题-选择题照收,答案键来源未核实(候选未确认),该题正式评分材料候选存在候选/存在冲突，未确认匹配，不下判,,不明,2026-09-24-attribution-v2
BJ-2026-CY-YIMO-Q21,BJ-2026-CY-YIMO-Q21,BJ-2026-CY-YIMO,21,主观题,,整题,MAYBE,待裁决-证据未核实,待裁决-证据未核实候选,该题正式评分材料候选存在候选/存在冲突，未确认匹配，不下判,,不明,2026-09-24-attribution-v2
BJ-2026-HD-YIMO-Q18#1,BJ-2026-HD-YIMO-Q18,BJ-2026-HD-YIMO,18,主观题,1,小问,MAYBE,完整题-有E1,E1,逐题已匹配正式评分材料,,不明,2026-09-24-attribution-v2
BJ-2026-HD-YIMO-Q18#2,BJ-2026-HD-YIMO-Q18,BJ-2026-HD-YIMO,18,主观题,2,小问,MAYBE,完整题-有E1,E1,逐题已匹配正式评分材料,,不明,2026-09-24-attribution-v2
BJ-2026-HD-YIMO-Q18#3,BJ-2026-HD-YIMO-Q18,BJ-2026-HD-YIMO,18,主观题,3,小问,MAYBE,完整题-有E1,E1,逐题已匹配正式评分材料,,不明,2026-09-24-attribution-v2
BJ-2026-HD-YIMO-Q19,BJ-2026-HD-YIMO-Q19,BJ-2026-HD-YIMO,19,主观题,,整题,MAYBE,完整题-有E1,E1,逐题已匹配正式评分材料,B1:rubric_unreadable_not_OUT;PH:rubric_unreadable_not_OUT;CU:rubric_unreadable_not_OUT;X1:rubric_unreadable_not_OUT;MI:rubric_unreadable_not_OUT;RE:rubric_unreadable_not_OUT,倾向,2026-09-24-attribution-v2
BJ-2026-HD-YIMO-Q20,BJ-2026-HD-YIMO-Q20,BJ-2026-HD-YIMO,20,主观题,,整题,MAYBE,完整题-有E1,E1,逐题已匹配正式评分材料,,不明,2026-09-24-attribution-v2
BJ-2026-HD-YIMO-Q21,BJ-2026-HD-YIMO-Q21,BJ-2026-HD-YIMO,21,主观题,,整题,MAYBE,待裁决-证据未核实,待裁决-证据未核实候选,该题正式评分材料候选存在候选/存在冲突，未确认匹配，不下判,,不明,2026-09-24-attribution-v2
BJ-2026-HD-YIMO-Q3,BJ-2026-HD-YIMO-Q3,BJ-2026-HD-YIMO,3,选择题,,整题,MAYBE,完整题-选择题照收,答案键来源未核实(候选未确认),该题正式评分材料候选存在候选/存在冲突，未确认匹配，不下判,,不明,2026-09-24-attribution-v2
BJ-2026-HD-YIMO-Q5,BJ-2026-HD-YIMO-Q5,BJ-2026-HD-YIMO,5,选择题,,整题,MAYBE,完整题-选择题照收,答案键来源未核实(候选未确认),该题正式评分材料候选存在候选/存在冲突，未确认匹配，不下判,,不明,2026-09-24-attribution-v2
BJ-2026-HD-YIMO-Q6,BJ-2026-HD-YIMO-Q6,BJ-2026-HD-YIMO,6,选择题,,整题,MAYBE,完整题-选择题照收,答案键来源未核实(候选未确认),该题正式评分材料候选存在候选/存在冲突，未确认匹配，不下判,,不明,2026-09-24-attribution-v2
BJ-2026-HD-YIMO-Q9,BJ-2026-HD-YIMO-Q9,BJ-2026-HD-YIMO,9,选择题,,整题,MAYBE,完整题-选择题照收,答案键来源未核实(候选未确认),该题正式评分材料候选存在候选/存在冲突，未确认匹配，不下判,,倾向,2026-09-24-attribution-v2
BJ-2026-HD-YIMO-Q15,BJ-2026-HD-YIMO-Q15,BJ-2026-HD-YIMO,15,选择题,,整题,MAYBE,完整题-选择题照收,答案键来源未核实(候选未确认),该题正式评分材料候选存在候选/存在冲突，未确认匹配，不下判,,不明,2026-09-24-attribution-v2
BJ-2026-SJS-YIMO-Q16,BJ-2026-SJS-YIMO-Q16,BJ-2026-SJS-YIMO,16,主观题,,整题,MAYBE,完整题-有E1,E1,逐题已匹配正式评分材料,,不明,2026-09-24-attribution-v2
BJ-2026-SJS-YIMO-Q20,BJ-2026-SJS-YIMO-Q20,BJ-2026-SJS-YIMO,20,主观题,,整题,MAYBE,待裁决-证据未核实,待裁决-证据未核实候选,该题正式评分材料候选存在候选/存在冲突，未确认匹配，不下判,,不明,2026-09-24-attribution-v2
BJ-2026-SJS-YIMO-Q21,BJ-2026-SJS-YIMO-Q21,BJ-2026-SJS-YIMO,21,主观题,,整题,MAYBE,待裁决-证据未核实,待裁决-证据未核实候选,该题正式评分材料候选存在候选/存在冲突，未确认匹配，不下判,,不明,2026-09-24-attribution-v2
BJ-2026-SJS-YIMO-Q1,BJ-2026-SJS-YIMO-Q1,BJ-2026-SJS-YIMO,1,选择题,,整题,MAYBE,完整题-选择题照收,答案键来源未核实(候选未确认),该题正式评分材料候选存在候选/存在冲突，未确认匹配，不下判,,不明,2026-09-24-attribution-v2
BJ-2026-SJS-YIMO-Q2,BJ-2026-SJS-YIMO-Q2,BJ-2026-SJS-YIMO,2,选择题,,整题,MAYBE,完整题-选择题照收,答案键来源未核实(候选未确认),该题正式评分材料候选存在候选/存在冲突，未确认匹配，不下判,,不明,2026-09-24-attribution-v2
BJ-2026-SJS-YIMO-Q3,BJ-2026-SJS-YIMO-Q3,BJ-2026-SJS-YIMO,3,选择题,,整题,MAYBE,完整题-选择题照收,答案键来源未核实(候选未确认),该题正式评分材料候选存在候选/存在冲突，未确认匹配，不下判,,不明,2026-09-24-attribution-v2
BJ-2026-SJS-YIMO-Q5,BJ-2026-SJS-YIMO-Q5,BJ-2026-SJS-YIMO,5,选择题,,整题,IN,完整题-选择题照收,答案键来源未核实(候选未确认),该题正式评分材料候选存在候选/存在冲突，未确认匹配，不下判,,不明,2026-09-24-attribution-v2
BJ-2026-SJS-YIMO-Q6,BJ-2026-SJS-YIMO-Q6,BJ-2026-SJS-YIMO,6,选择题,,整题,MAYBE,完整题-选择题照收,答案键来源未核实(候选未确认),该题正式评分材料候选存在候选/存在冲突，未确认匹配，不下判,,不明,2026-09-24-attribution-v2
BJ-2026-SJS-YIMO-Q7,BJ-2026-SJS-YIMO-Q7,BJ-2026-SJS-YIMO,7,选择题,,整题,MAYBE,完整题-选择题照收,答案键来源未核实(候选未确认),该题正式评分材料候选存在候选/存在冲突，未确认匹配，不下判,,不明,2026-09-24-attribution-v2
BJ-2026-SJS-YIMO-Q9,BJ-2026-SJS-YIMO-Q9,BJ-2026-SJS-YIMO,9,选择题,,整题,MAYBE,完整题-选择题照收,答案键来源未核实(候选未确认),该题正式评分材料候选存在候选/存在冲突，未确认匹配，不下判,,不明,2026-09-24-attribution-v2
BJ-2026-SJS-YIMO-Q15,BJ-2026-SJS-YIMO-Q15,BJ-2026-SJS-YIMO,15,选择题,,整题,MAYBE,完整题-选择题照收,答案键来源未核实(候选未确认),该题正式评分材料候选存在候选/存在冲突，未确认匹配，不下判,,倾向,2026-09-24-attribution-v2
BJ-2026-XC-YIMO-Q17,BJ-2026-XC-YIMO-Q17,BJ-2026-XC-YIMO,17,主观题,,整题,MAYBE,待裁决-证据未核实,待裁决-证据未核实候选,该题正式评分材料候选存在候选/存在冲突，未确认匹配，不下判,,不明,2026-09-24-attribution-v2
BJ-2026-XC-YIMO-Q18#1,BJ-2026-XC-YIMO-Q18,BJ-2026-XC-YIMO,18,主观题,1,小问,MAYBE,待裁决-证据未核实,待裁决-证据未核实候选,该题正式评分材料候选存在候选/存在冲突，未确认匹配，不下判,,不明,2026-09-24-attribution-v2
BJ-2026-XC-YIMO-Q18#2,BJ-2026-XC-YIMO-Q18,BJ-2026-XC-YIMO,18,主观题,2,小问,MAYBE,待裁决-证据未核实,待裁决-证据未核实候选,该题正式评分材料候选存在候选/存在冲突，未确认匹配，不下判,,不明,2026-09-24-attribution-v2
BJ-2026-XC-YIMO-Q18#3,BJ-2026-XC-YIMO-Q18,BJ-2026-XC-YIMO,18,主观题,3,小问,MAYBE,待裁决-证据未核实,待裁决-证据未核实候选,该题正式评分材料候选存在候选/存在冲突，未确认匹配，不下判,,不明,2026-09-24-attribution-v2
BJ-2026-XC-YIMO-Q21,BJ-2026-XC-YIMO-Q21,BJ-2026-XC-YIMO,21,主观题,,整题,MAYBE,待裁决-证据未核实,待裁决-证据未核实候选,该题正式评分材料候选存在候选/存在冲突，未确认匹配，不下判,,不明,2026-09-24-attribution-v2
BJ-2026-XC-YIMO-Q1,BJ-2026-XC-YIMO-Q1,BJ-2026-XC-YIMO,1,选择题,,整题,MAYBE,完整题-选择题照收,答案键来源未核实(候选未确认),该题正式评分材料候选存在候选/存在冲突，未确认匹配，不下判,,倾向,2026-09-24-attribution-v2
BJ-2026-XC-YIMO-Q3,BJ-2026-XC-YIMO-Q3,BJ-2026-XC-YIMO,3,选择题,,整题,MAYBE,完整题-选择题照收,答案键来源未核实(候选未确认),该题正式评分材料候选存在候选/存在冲突，未确认匹配，不下判,,不明,2026-09-24-attribution-v2
BJ-2026-XC-YIMO-Q4,BJ-2026-XC-YIMO-Q4,BJ-2026-XC-YIMO,4,选择题,,整题,MAYBE,完整题-选择题照收,答案键来源未核实(候选未确认),该题正式评分材料候选存在候选/存在冲突，未确认匹配，不下判,,不明,2026-09-24-attribution-v2
BJ-2026-XC-YIMO-Q6,BJ-2026-XC-YIMO-Q6,BJ-2026-XC-YIMO,6,选择题,,整题,MAYBE,完整题-选择题照收,答案键来源未核实(候选未确认),该题正式评分材料候选存在候选/存在冲突，未确认匹配，不下判,,不明,2026-09-24-attribution-v2
BJ-2026-XC-YIMO-Q7,BJ-2026-XC-YIMO-Q7,BJ-2026-XC-YIMO,7,选择题,,整题,MAYBE,完整题-选择题照收,答案键来源未核实(候选未确认),该题正式评分材料候选存在候选/存在冲突，未确认匹配，不下判,,不明,2026-09-24-attribution-v2
BJ-2026-XC-YIMO-Q9,BJ-2026-XC-YIMO-Q9,BJ-2026-XC-YIMO,9,选择题,,整题,MAYBE,完整题-选择题照收,答案键来源未核实(候选未确认),该题正式评分材料候选存在候选/存在冲突，未确认匹配，不下判,,不明,2026-09-24-attribution-v2
BJ-2026-XC-YIMO-Q14,BJ-2026-XC-YIMO-Q14,BJ-2026-XC-YIMO,14,选择题,,整题,MAYBE,完整题-选择题照收,答案键来源未核实(候选未确认),该题正式评分材料候选存在候选/存在冲突，未确认匹配，不下判,,不明,2026-09-24-attribution-v2
BJ-2026-XC-YIMO-Q15,BJ-2026-XC-YIMO-Q15,BJ-2026-XC-YIMO,15,选择题,,整题,MAYBE,完整题-选择题照收,答案键来源未核实(候选未确认),该题正式评分材料候选存在候选/存在冲突，未确认匹配，不下判,,不明,2026-09-24-attribution-v2
BJ-2026-XC-YIMO-Q19#1,BJ-2026-XC-YIMO-Q19,BJ-2026-XC-YIMO,19,主观题,1,小问,MAYBE,待裁决-证据未核实,待裁决-证据未核实候选,该题正式评分材料候选存在候选/存在冲突，未确认匹配，不下判,,不明,2026-09-24-attribution-v2
BJ-2026-XC-YIMO-Q19#2,BJ-2026-XC-YIMO-Q19,BJ-2026-XC-YIMO,19,主观题,2,小问,MAYBE,待裁决-证据未核实,待裁决-证据未核实候选,该题正式评分材料候选存在候选/存在冲突，未确认匹配，不下判,B1:rubric_unreadable_not_OUT;B2:rubric_unreadable_not_OUT;PH:rubric_unreadable_not_OUT;CU:rubric_unreadable_not_OUT;X1:rubric_unreadable_not_OUT;X2:rubric_unreadable_not_OUT;MI:rubric_unreadable_not_OUT,确定,2026-09-24-attribution-v2
BJ-2026-XC-YIMO-Q19#3,BJ-2026-XC-YIMO-Q19,BJ-2026-XC-YIMO,19,主观题,3,小问,MAYBE,待裁决-证据未核实,待裁决-证据未核实候选,该题正式评分材料候选存在候选/存在冲突，未确认匹配，不下判,,不明,2026-09-24-attribution-v2
BJ-2026-XC-YIMO-Q20#1,BJ-2026-XC-YIMO-Q20,BJ-2026-XC-YIMO,20,主观题,1,小问,MAYBE,待裁决-证据未核实,待裁决-证据未核实候选,该题正式评分材料候选存在候选/存在冲突，未确认匹配，不下判,,不明,2026-09-24-attribution-v2
BJ-2026-XC-YIMO-Q20#2,BJ-2026-XC-YIMO-Q20,BJ-2026-XC-YIMO,20,主观题,2,小问,MAYBE,待裁决-证据未核实,待裁决-证据未核实候选,该题正式评分材料候选存在候选/存在冲突，未确认匹配，不下判,B1:rubric_unreadable_not_OUT;B3:rubric_unreadable_not_OUT;PH:rubric_unreadable_not_OUT;CU:rubric_unreadable_not_OUT;X2:rubric_unreadable_not_OUT;MI:rubric_unreadable_not_OUT;RE:rubric_unreadable_not_OUT,确定,2026-09-24-attribution-v2
BJ-2026-TZ-YIMO-Q3,BJ-2026-TZ-YIMO-Q3,BJ-2026-TZ-YIMO,3,选择题,,整题,MAYBE,完整题-选择题照收,E1,逐题已匹配正式评分材料,,不明,2026-09-24-attribution-v2
BJ-2026-TZ-YIMO-Q17#1,BJ-2026-TZ-YIMO-Q17,BJ-2026-TZ-YIMO,17,主观题,1,小问,MAYBE,完整题-有E1,E1,逐题已匹配正式评分材料,,不明,2026-09-24-attribution-v2
BJ-2026-TZ-YIMO-Q17#2,BJ-2026-TZ-YIMO-Q17,BJ-2026-TZ-YIMO,17,主观题,2,小问,MAYBE,完整题-有E1,E1,逐题已匹配正式评分材料,B1:rubric_unreadable_not_OUT;B3:rubric_unreadable_not_OUT;PH:rubric_unreadable_not_OUT;CU:rubric_unreadable_not_OUT,不明,2026-09-24-attribution-v2
BJ-2026-TZ-YIMO-Q16,BJ-2026-TZ-YIMO-Q16,BJ-2026-TZ-YIMO,16,主观题,,整题,MAYBE,待裁决-证据未核实,待裁决-证据未核实候选,该题正式评分材料候选存在候选/存在冲突，未确认匹配，不下判,B1:rubric_unreadable_not_OUT;B2:rubric_unreadable_not_OUT;PH:rubric_unreadable_not_OUT;CU:rubric_unreadable_not_OUT;X1:rubric_unreadable_not_OUT;X2:rubric_unreadable_not_OUT;MI:rubric_unreadable_not_OUT;RE:rubric_unreadable_not_OUT,确定,2026-09-24-attribution-v2
BJ-2026-TZ-YIMO-Q20,BJ-2026-TZ-YIMO-Q20,BJ-2026-TZ-YIMO,20,主观题,,整题,MAYBE,待裁决-证据未核实,待裁决-证据未核实候选,该题正式评分材料候选存在候选/存在冲突，未确认匹配，不下判,,不明,2026-09-24-attribution-v2
BJ-2026-TZ-YIMO-Q4,BJ-2026-TZ-YIMO-Q4,BJ-2026-TZ-YIMO,4,选择题,,整题,MAYBE,完整题-选择题照收,答案键来源未核实(候选未确认),该题正式评分材料候选存在候选/存在冲突，未确认匹配，不下判,,不明,2026-09-24-attribution-v2
BJ-2026-TZ-YIMO-Q5,BJ-2026-TZ-YIMO-Q5,BJ-2026-TZ-YIMO,5,选择题,,整题,MAYBE,完整题-选择题照收,答案键来源未核实(候选未确认),该题正式评分材料候选存在候选/存在冲突，未确认匹配，不下判,,不明,2026-09-24-attribution-v2
BJ-2026-TZ-YIMO-Q6,BJ-2026-TZ-YIMO-Q6,BJ-2026-TZ-YIMO,6,选择题,,整题,MAYBE,完整题-选择题照收,答案键来源未核实(候选未确认),该题正式评分材料候选存在候选/存在冲突，未确认匹配，不下判,,不明,2026-09-24-attribution-v2
BJ-2026-TZ-YIMO-Q7,BJ-2026-TZ-YIMO-Q7,BJ-2026-TZ-YIMO,7,选择题,,整题,MAYBE,完整题-选择题照收,答案键来源未核实(候选未确认),该题正式评分材料候选存在候选/存在冲突，未确认匹配，不下判,,不明,2026-09-24-attribution-v2
BJ-2026-TZ-YIMO-Q12,BJ-2026-TZ-YIMO-Q12,BJ-2026-TZ-YIMO,12,选择题,,整题,MAYBE,完整题-选择题照收,答案键来源未核实(候选未确认),该题正式评分材料候选存在候选/存在冲突，未确认匹配，不下判,,不明,2026-09-24-attribution-v2
BJ-2026-TZ-YIMO-Q13,BJ-2026-TZ-YIMO-Q13,BJ-2026-TZ-YIMO,13,选择题,,整题,MAYBE,完整题-选择题照收,答案键来源未核实(候选未确认),该题正式评分材料候选存在候选/存在冲突，未确认匹配，不下判,,不明,2026-09-24-attribution-v2
BJ-2026-TZ-YIMO-Q15,BJ-2026-TZ-YIMO-Q15,BJ-2026-TZ-YIMO,15,选择题,,整题,MAYBE,完整题-选择题照收,答案键来源未核实(候选未确认),该题正式评分材料候选存在候选/存在冲突，未确认匹配，不下判,,倾向,2026-09-24-attribution-v2
BJ-2026-TZ-YIMO-Q19,BJ-2026-TZ-YIMO-Q19,BJ-2026-TZ-YIMO,19,主观题,,整题,MAYBE,待裁决-证据未核实,待裁决-证据未核实候选,该题正式评分材料候选存在候选/存在冲突，未确认匹配，不下判,B1:rubric_unreadable_not_OUT;B2:rubric_unreadable_not_OUT;B3:rubric_unreadable_not_OUT;PH:rubric_unreadable_not_OUT;CU:rubric_unreadable_not_OUT;X2:rubric_unreadable_not_OUT;MI:rubric_unreadable_not_OUT;RE:rubric_unreadable_not_OUT,确定,2026-09-24-attribution-v2
BJ-2026-TZ-YIMO-Q21,BJ-2026-TZ-YIMO-Q21,BJ-2026-TZ-YIMO,21,主观题,,整题,MAYBE,待裁决-证据未核实,待裁决-证据未核实候选,该题正式评分材料候选存在候选/存在冲突，未确认匹配，不下判,,不明,2026-09-24-attribution-v2
BJ-2026-MTG-YIMO-Q21,BJ-2026-MTG-YIMO-Q21,BJ-2026-MTG-YIMO,21,主观题,,整题,MAYBE,完整题-有E1,E1,逐题已匹配正式评分材料,,不明,2026-09-24-attribution-v2
BJ-2026-MTG-YIMO-Q2,BJ-2026-MTG-YIMO-Q2,BJ-2026-MTG-YIMO,2,选择题,,整题,MAYBE,完整题-选择题照收,答案键来源未核实(候选未确认),该题正式评分材料候选存在候选/存在冲突，未确认匹配，不下判,,不明,2026-09-24-attribution-v2
BJ-2026-MTG-YIMO-Q5,BJ-2026-MTG-YIMO-Q5,BJ-2026-MTG-YIMO,5,选择题,,整题,MAYBE,完整题-选择题照收,答案键来源未核实(候选未确认),该题正式评分材料候选存在候选/存在冲突，未确认匹配，不下判,,不明,2026-09-24-attribution-v2
BJ-2026-MTG-YIMO-Q6,BJ-2026-MTG-YIMO-Q6,BJ-2026-MTG-YIMO,6,选择题,,整题,MAYBE,完整题-选择题照收,答案键来源未核实(候选未确认),该题正式评分材料候选存在候选/存在冲突，未确认匹配，不下判,,不明,2026-09-24-attribution-v2
BJ-2026-MTG-YIMO-Q7,BJ-2026-MTG-YIMO-Q7,BJ-2026-MTG-YIMO,7,选择题,,整题,MAYBE,完整题-选择题照收,答案键来源未核实(候选未确认),该题正式评分材料候选存在候选/存在冲突，未确认匹配，不下判,,不明,2026-09-24-attribution-v2
BJ-2026-MTG-YIMO-Q9,BJ-2026-MTG-YIMO-Q9,BJ-2026-MTG-YIMO,9,选择题,,整题,MAYBE,完整题-选择题照收,答案键来源未核实(候选未确认),该题正式评分材料候选存在候选/存在冲突，未确认匹配，不下判,,不明,2026-09-24-attribution-v2
BJ-2026-MTG-YIMO-Q15,BJ-2026-MTG-YIMO-Q15,BJ-2026-MTG-YIMO,15,选择题,,整题,MAYBE,完整题-选择题照收,答案键来源未核实(候选未确认),该题正式评分材料候选存在候选/存在冲突，未确认匹配，不下判,,倾向,2026-09-24-attribution-v2
BJ-2026-SY-YIMO-Q20,BJ-2026-SY-YIMO-Q20,BJ-2026-SY-YIMO,20,主观题,,整题,MAYBE,完整题-有E1,E1,逐题已匹配正式评分材料,,不明,2026-09-24-attribution-v2
BJ-2026-SY-YIMO-Q2,BJ-2026-SY-YIMO-Q2,BJ-2026-SY-YIMO,2,选择题,,整题,MAYBE,完整题-选择题照收,答案键来源未核实(候选未确认),该题正式评分材料候选存在候选/存在冲突，未确认匹配，不下判,,不明,2026-09-24-attribution-v2
BJ-2026-SY-YIMO-Q3,BJ-2026-SY-YIMO-Q3,BJ-2026-SY-YIMO,3,选择题,,整题,MAYBE,完整题-选择题照收,答案键来源未核实(候选未确认),该题正式评分材料候选存在候选/存在冲突，未确认匹配，不下判,,不明,2026-09-24-attribution-v2
BJ-2026-SY-YIMO-Q5,BJ-2026-SY-YIMO-Q5,BJ-2026-SY-YIMO,5,选择题,,整题,MAYBE,完整题-选择题照收,答案键来源未核实(候选未确认),该题正式评分材料候选存在候选/存在冲突，未确认匹配，不下判,,倾向,2026-09-24-attribution-v2
BJ-2026-SY-YIMO-Q6,BJ-2026-SY-YIMO-Q6,BJ-2026-SY-YIMO,6,选择题,,整题,MAYBE,完整题-选择题照收,答案键来源未核实(候选未确认),该题正式评分材料候选存在候选/存在冲突，未确认匹配，不下判,,不明,2026-09-24-attribution-v2
BJ-2026-SY-YIMO-Q7,BJ-2026-SY-YIMO-Q7,BJ-2026-SY-YIMO,7,选择题,,整题,MAYBE,完整题-选择题照收,答案键来源未核实(候选未确认),该题正式评分材料候选存在候选/存在冲突，未确认匹配，不下判,,不明,2026-09-24-attribution-v2
BJ-2026-SY-YIMO-Q9,BJ-2026-SY-YIMO-Q9,BJ-2026-SY-YIMO,9,选择题,,整题,MAYBE,完整题-选择题照收,答案键来源未核实(候选未确认),该题正式评分材料候选存在候选/存在冲突，未确认匹配，不下判,,不明,2026-09-24-attribution-v2
BJ-2026-SY-YIMO-Q15,BJ-2026-SY-YIMO-Q15,BJ-2026-SY-YIMO,15,选择题,,整题,MAYBE,完整题-选择题照收,答案键来源未核实(候选未确认),该题正式评分材料候选存在候选/存在冲突，未确认匹配，不下判,,不明,2026-09-24-attribution-v2
BJ-2026-SY-YIMO-Q18,BJ-2026-SY-YIMO-Q18,BJ-2026-SY-YIMO,18,主观题,,整题,MAYBE,待裁决-证据未核实,待裁决-证据未核实候选,该题正式评分材料候选存在候选/存在冲突，未确认匹配，不下判,B1:rubric_unreadable_not_OUT;B2:rubric_unreadable_not_OUT;B3:rubric_unreadable_not_OUT;PH:rubric_unreadable_not_OUT;CU:rubric_unreadable_not_OUT;X1:rubric_unreadable_not_OUT;MI:rubric_unreadable_not_OUT;RE:rubric_unreadable_not_OUT,确定,2026-09-24-attribution-v2
BJ-2026-SY-YIMO-Q19#1,BJ-2026-SY-YIMO-Q19,BJ-2026-SY-YIMO,19,主观题,1,小问,MAYBE,待裁决-证据未核实,待裁决-证据未核实候选,该题正式评分材料候选存在候选/存在冲突，未确认匹配，不下判,B1:rubric_unreadable_not_OUT;B3:rubric_unreadable_not_OUT;PH:rubric_unreadable_not_OUT;CU:rubric_unreadable_not_OUT;X1:rubric_unreadable_not_OUT;X2:rubric_unreadable_not_OUT,确定,2026-09-24-attribution-v2
BJ-2026-SY-YIMO-Q19#2,BJ-2026-SY-YIMO-Q19,BJ-2026-SY-YIMO,19,主观题,2,小问,MAYBE,待裁决-证据未核实,待裁决-证据未核实候选,该题正式评分材料候选存在候选/存在冲突，未确认匹配，不下判,B1:rubric_unreadable_not_OUT;B3:rubric_unreadable_not_OUT;PH:rubric_unreadable_not_OUT;CU:rubric_unreadable_not_OUT;X1:rubric_unreadable_not_OUT;X2:rubric_unreadable_not_OUT,倾向,2026-09-24-attribution-v2
BJ-2026-SY-YIMO-Q19#3,BJ-2026-SY-YIMO-Q19,BJ-2026-SY-YIMO,19,主观题,3,小问,MAYBE,待裁决-证据未核实,待裁决-证据未核实候选,该题正式评分材料候选存在候选/存在冲突，未确认匹配，不下判,,不明,2026-09-24-attribution-v2
BJ-2026-DC-ERMO-Q1,BJ-2026-DC-ERMO-Q1,BJ-2026-DC-ERMO,1,选择题,,整题,MAYBE,完整题-选择题照收,E1,逐题已匹配正式评分材料,,不明,2026-09-24-attribution-v2
BJ-2026-DC-ERMO-Q17,BJ-2026-DC-ERMO-Q17,BJ-2026-DC-ERMO,17,主观题,,整题,MAYBE,完整题-有E1,E1,逐题已匹配正式评分材料,B1:rubric_unreadable_not_OUT;B2:rubric_unreadable_not_OUT;PH:rubric_unreadable_not_OUT;CU:rubric_unreadable_not_OUT;X1:rubric_unreadable_not_OUT;MI:rubric_unreadable_not_OUT;RE:rubric_unreadable_not_OUT,倾向,2026-09-24-attribution-v2
BJ-2026-DC-ERMO-Q18,BJ-2026-DC-ERMO-Q18,BJ-2026-DC-ERMO,18,主观题,,整题,MAYBE,完整题-有E1,E1,逐题已匹配正式评分材料,B1:rubric_unreadable_not_OUT;B2:rubric_unreadable_not_OUT;B3:rubric_unreadable_not_OUT;PH:rubric_unreadable_not_OUT;CU:rubric_unreadable_not_OUT,倾向,2026-09-24-attribution-v2
BJ-2026-DC-ERMO-Q3,BJ-2026-DC-ERMO-Q3,BJ-2026-DC-ERMO,3,选择题,,整题,MAYBE,完整题-选择题照收,E3,该题正式评分材料候选存在候选/存在冲突，未确认匹配，不下判（同时已有匹配参考答案，选择题按E3计，正式评分材料候选仍待核实）,,倾向,2026-09-24-attribution-v2
BJ-2026-DC-ERMO-Q4,BJ-2026-DC-ERMO-Q4,BJ-2026-DC-ERMO,4,选择题,,整题,MAYBE,完整题-选择题照收,E3,该题正式评分材料候选存在候选/存在冲突，未确认匹配，不下判（同时已有匹配参考答案，选择题按E3计，正式评分材料候选仍待核实）,,不明,2026-09-24-attribution-v2
BJ-2026-DC-ERMO-Q5,BJ-2026-DC-ERMO-Q5,BJ-2026-DC-ERMO,5,选择题,,整题,MAYBE,完整题-选择题照收,E3,该题正式评分材料候选存在候选/存在冲突，未确认匹配，不下判（同时已有匹配参考答案，选择题按E3计，正式评分材料候选仍待核实）,,倾向,2026-09-24-attribution-v2
BJ-2026-DC-ERMO-Q6,BJ-2026-DC-ERMO-Q6,BJ-2026-DC-ERMO,6,选择题,,整题,MAYBE,完整题-选择题照收,E3,该题正式评分材料候选存在候选/存在冲突，未确认匹配，不下判（同时已有匹配参考答案，选择题按E3计，正式评分材料候选仍待核实）,,不明,2026-09-24-attribution-v2
BJ-2026-DC-ERMO-Q7,BJ-2026-DC-ERMO-Q7,BJ-2026-DC-ERMO,7,选择题,,整题,MAYBE,完整题-选择题照收,E3,该题正式评分材料候选存在候选/存在冲突，未确认匹配，不下判（同时已有匹配参考答案，选择题按E3计，正式评分材料候选仍待核实）,,不明,2026-09-24-attribution-v2
BJ-2026-DC-ERMO-Q9,BJ-2026-DC-ERMO-Q9,BJ-2026-DC-ERMO,9,选择题,,整题,MAYBE,完整题-选择题照收,E3,该题正式评分材料候选存在候选/存在冲突，未确认匹配，不下判（同时已有匹配参考答案，选择题按E3计，正式评分材料候选仍待核实）,,不明,2026-09-24-attribution-v2
BJ-2026-DC-ERMO-Q15,BJ-2026-DC-ERMO-Q15,BJ-2026-DC-ERMO,15,选择题,,整题,MAYBE,完整题-选择题照收,E3,该题正式评分材料候选存在候选/存在冲突，未确认匹配，不下判（同时已有匹配参考答案，选择题按E3计，正式评分材料候选仍待核实）,,不明,2026-09-24-attribution-v2
BJ-2026-DC-ERMO-Q19,BJ-2026-DC-ERMO-Q19,BJ-2026-DC-ERMO,19,主观题,,整题,MAYBE,待裁决-证据未核实,待裁决-证据未核实候选,该题正式评分材料候选存在候选/存在冲突，未确认匹配，不下判,B1:rubric_unreadable_not_OUT;B3:rubric_unreadable_not_OUT;PH:rubric_unreadable_not_OUT;CU:rubric_unreadable_not_OUT;X1:rubric_unreadable_not_OUT;MI:rubric_unreadable_not_OUT;RE:rubric_unreadable_not_OUT,倾向,2026-09-24-attribution-v2
BJ-2026-FT-ERMO-Q2,BJ-2026-FT-ERMO-Q2,BJ-2026-FT-ERMO,2,选择题,,整题,MAYBE,完整题-选择题照收,E1,逐题已匹配正式评分材料,,不明,2026-09-24-attribution-v2
BJ-2026-FT-ERMO-Q3,BJ-2026-FT-ERMO-Q3,BJ-2026-FT-ERMO,3,选择题,,整题,MAYBE,完整题-选择题照收,E1,逐题已匹配正式评分材料,,不明,2026-09-24-attribution-v2
BJ-2026-FT-ERMO-Q17,BJ-2026-FT-ERMO-Q17,BJ-2026-FT-ERMO,17,主观题,,整题,MAYBE,完整题-有E1,E1,逐题已匹配正式评分材料,,不明,2026-09-24-attribution-v2
BJ-2026-FT-ERMO-Q18,BJ-2026-FT-ERMO-Q18,BJ-2026-FT-ERMO,18,主观题,,整题,MAYBE,完整题-有E1,E1,逐题已匹配正式评分材料,,倾向,2026-09-24-attribution-v2
BJ-2026-FT-ERMO-Q22,BJ-2026-FT-ERMO-Q22,BJ-2026-FT-ERMO,22,主观题,,整题,MAYBE,完整题-有E1,E1,逐题已匹配正式评分材料,identity:dup_covered_by=bixiu2;bixiu3(等价类合并生效),不明,2026-09-24-attribution-v2
BJ-2026-FT-ERMO-Q1,BJ-2026-FT-ERMO-Q1,BJ-2026-FT-ERMO,1,选择题,,整题,MAYBE,完整题-选择题照收,答案键来源未核实(候选未确认),该题正式评分材料候选存在候选/存在冲突，未确认匹配，不下判,,倾向,2026-09-24-attribution-v2
BJ-2026-FT-ERMO-Q4,BJ-2026-FT-ERMO-Q4,BJ-2026-FT-ERMO,4,选择题,,整题,MAYBE,完整题-选择题照收,答案键来源未核实(候选未确认),该题正式评分材料候选存在候选/存在冲突，未确认匹配，不下判,,不明,2026-09-24-attribution-v2
BJ-2026-FT-ERMO-Q6,BJ-2026-FT-ERMO-Q6,BJ-2026-FT-ERMO,6,选择题,,整题,MAYBE,完整题-选择题照收,答案键来源未核实(候选未确认),该题正式评分材料候选存在候选/存在冲突，未确认匹配，不下判,,不明,2026-09-24-attribution-v2
BJ-2026-FT-ERMO-Q7,BJ-2026-FT-ERMO-Q7,BJ-2026-FT-ERMO,7,选择题,,整题,MAYBE,完整题-选择题照收,答案键来源未核实(候选未确认),该题正式评分材料候选存在候选/存在冲突，未确认匹配，不下判,,不明,2026-09-24-attribution-v2
BJ-2026-FT-ERMO-Q15,BJ-2026-FT-ERMO-Q15,BJ-2026-FT-ERMO,15,选择题,,整题,MAYBE,完整题-选择题照收,答案键来源未核实(候选未确认),该题正式评分材料候选存在候选/存在冲突，未确认匹配，不下判,,倾向,2026-09-24-attribution-v2
BJ-2026-FS-ERMO-Q17,BJ-2026-FS-ERMO-Q17,BJ-2026-FS-ERMO,17,主观题,,整题,MAYBE,完整题-有E1,E1,逐题已匹配正式评分材料,,不明,2026-09-24-attribution-v2
BJ-2026-FS-ERMO-Q19#2,BJ-2026-FS-ERMO-Q19,BJ-2026-FS-ERMO,19,主观题,2,小问,MAYBE,完整题-有E1,E1,逐题已匹配正式评分材料,,不明,2026-09-24-attribution-v2
BJ-2026-FS-ERMO-Q20,BJ-2026-FS-ERMO-Q20,BJ-2026-FS-ERMO,20,主观题,,整题,MAYBE,待裁决-证据未核实,待裁决-证据未核实候选,该题正式评分材料候选存在候选/存在冲突，未确认匹配，不下判,B1:rubric_unreadable_not_OUT;B3:rubric_unreadable_not_OUT;PH:rubric_unreadable_not_OUT;CU:rubric_unreadable_not_OUT;MI:rubric_unreadable_not_OUT;RE:rubric_unreadable_not_OUT,倾向,2026-09-24-attribution-v2
BJ-2026-FS-ERMO-Q5,BJ-2026-FS-ERMO-Q5,BJ-2026-FS-ERMO,5,选择题,,整题,MAYBE,完整题-选择题照收,答案键来源未核实(候选未确认),该题正式评分材料候选存在候选/存在冲突，未确认匹配，不下判,,不明,2026-09-24-attribution-v2
BJ-2026-FS-ERMO-Q6,BJ-2026-FS-ERMO-Q6,BJ-2026-FS-ERMO,6,选择题,,整题,MAYBE,完整题-选择题照收,答案键来源未核实(候选未确认),该题正式评分材料候选存在候选/存在冲突，未确认匹配，不下判,,不明,2026-09-24-attribution-v2
BJ-2026-FS-ERMO-Q7,BJ-2026-FS-ERMO-Q7,BJ-2026-FS-ERMO,7,选择题,,整题,MAYBE,完整题-选择题照收,答案键来源未核实(候选未确认),该题正式评分材料候选存在候选/存在冲突，未确认匹配，不下判,,不明,2026-09-24-attribution-v2
BJ-2026-FS-ERMO-Q14,BJ-2026-FS-ERMO-Q14,BJ-2026-FS-ERMO,14,主观题,,整题,MAYBE,待裁决-证据未核实,待裁决-证据未核实候选,该题正式评分材料候选存在候选/存在冲突，未确认匹配，不下判,,不明,2026-09-24-attribution-v2
BJ-2026-FS-ERMO-Q1,BJ-2026-FS-ERMO-Q1,BJ-2026-FS-ERMO,1,选择题,,整题,MAYBE,完整题-选择题照收,答案键来源未核实(候选未确认),该题正式评分材料候选存在候选/存在冲突，未确认匹配，不下判,,不明,2026-09-24-attribution-v2
BJ-2026-CP-ERMO-Q1,BJ-2026-CP-ERMO-Q1,BJ-2026-CP-ERMO,1,选择题,,整题,MAYBE,完整题-选择题照收,E3,该题正式评分材料候选存在候选/存在冲突，未确认匹配，不下判（同时已有匹配参考答案，选择题按E3计，正式评分材料候选仍待核实）,,不明,2026-09-24-attribution-v2
BJ-2026-CP-ERMO-Q2,BJ-2026-CP-ERMO-Q2,BJ-2026-CP-ERMO,2,选择题,,整题,MAYBE,完整题-选择题照收,E1,逐题已匹配正式评分材料,,不明,2026-09-24-attribution-v2
BJ-2026-CP-ERMO-Q3,BJ-2026-CP-ERMO-Q3,BJ-2026-CP-ERMO,3,选择题,,整题,MAYBE,完整题-选择题照收,E1,逐题已匹配正式评分材料,,不明,2026-09-24-attribution-v2
BJ-2026-CP-ERMO-Q4,BJ-2026-CP-ERMO-Q4,BJ-2026-CP-ERMO,4,选择题,,整题,IN,完整题-选择题照收,E3,该题正式评分材料候选存在候选/存在冲突，未确认匹配，不下判（同时已有匹配参考答案，选择题按E3计，正式评分材料候选仍待核实）,,不明,2026-09-24-attribution-v2
BJ-2026-CP-ERMO-Q5,BJ-2026-CP-ERMO-Q5,BJ-2026-CP-ERMO,5,选择题,,整题,MAYBE,完整题-选择题照收,E1,逐题已匹配正式评分材料,,不明,2026-09-24-attribution-v2
BJ-2026-CP-ERMO-Q6,BJ-2026-CP-ERMO-Q6,BJ-2026-CP-ERMO,6,选择题,,整题,MAYBE,完整题-选择题照收,E1,逐题已匹配正式评分材料,,不明,2026-09-24-attribution-v2
BJ-2026-CP-ERMO-Q7,BJ-2026-CP-ERMO-Q7,BJ-2026-CP-ERMO,7,选择题,,整题,MAYBE,完整题-选择题照收,E1,逐题已匹配正式评分材料,,不明,2026-09-24-attribution-v2
BJ-2026-CP-ERMO-Q9,BJ-2026-CP-ERMO-Q9,BJ-2026-CP-ERMO,9,选择题,,整题,MAYBE,完整题-选择题照收,E3,该题正式评分材料候选存在候选/存在冲突，未确认匹配，不下判（同时已有匹配参考答案，选择题按E3计，正式评分材料候选仍待核实）,,不明,2026-09-24-attribution-v2
BJ-2026-CP-ERMO-Q15,BJ-2026-CP-ERMO-Q15,BJ-2026-CP-ERMO,15,选择题,,整题,MAYBE,完整题-选择题照收,E3,该题正式评分材料候选存在候选/存在冲突，未确认匹配，不下判（同时已有匹配参考答案，选择题按E3计，正式评分材料候选仍待核实）,,倾向,2026-09-24-attribution-v2
BJ-2026-CP-ERMO-Q16,BJ-2026-CP-ERMO-Q16,BJ-2026-CP-ERMO,16,主观题,,整题,MAYBE,完整题-有E1,E1,逐题已匹配正式评分材料,,不明,2026-09-24-attribution-v2
BJ-2026-CP-ERMO-Q17,BJ-2026-CP-ERMO-Q17,BJ-2026-CP-ERMO,17,主观题,,整题,MAYBE,完整题-有E1,E1,逐题已匹配正式评分材料,,不明,2026-09-24-attribution-v2
BJ-2026-CP-ERMO-Q18,BJ-2026-CP-ERMO-Q18,BJ-2026-CP-ERMO,18,主观题,,整题,MAYBE,完整题-有E1,E1,逐题已匹配正式评分材料,,倾向,2026-09-24-attribution-v2
BJ-2026-CP-ERMO-Q19,BJ-2026-CP-ERMO-Q19,BJ-2026-CP-ERMO,19,主观题,,整题,MAYBE,完整题-有E1,E1,逐题已匹配正式评分材料,,不明,2026-09-24-attribution-v2
BJ-2026-CP-ERMO-Q21,BJ-2026-CP-ERMO-Q21,BJ-2026-CP-ERMO,21,主观题,,整题,MAYBE,完整题-有E1,E1,逐题已匹配正式评分材料,,不明,2026-09-24-attribution-v2
BJ-2026-CP-ERMO-Q22,BJ-2026-CP-ERMO-Q22,BJ-2026-CP-ERMO,22,主观题,,整题,MAYBE,完整题-有E1,E1,逐题已匹配正式评分材料,,不明,2026-09-24-attribution-v2
BJ-2026-CY-ERMO-Q16,BJ-2026-CY-ERMO-Q16,BJ-2026-CY-ERMO,16,主观题,,整题,MAYBE,待裁决-证据未核实,待裁决-证据未核实候选,该题正式评分材料候选存在候选/存在冲突，未确认匹配，不下判,,不明,2026-09-24-attribution-v2
BJ-2026-CY-ERMO-Q18,BJ-2026-CY-ERMO-Q18,BJ-2026-CY-ERMO,18,主观题,,整题,MAYBE,待裁决-证据未核实,待裁决-证据未核实候选,该题正式评分材料候选存在候选/存在冲突，未确认匹配，不下判,,不明,2026-09-24-attribution-v2
BJ-2026-CY-ERMO-Q1,BJ-2026-CY-ERMO-Q1,BJ-2026-CY-ERMO,1,选择题,,整题,MAYBE,完整题-选择题照收,E3,该题正式评分材料候选存在候选/存在冲突，未确认匹配，不下判（同时已有匹配参考答案，选择题按E3计，正式评分材料候选仍待核实）,,不明,2026-09-24-attribution-v2
BJ-2026-CY-ERMO-Q3,BJ-2026-CY-ERMO-Q3,BJ-2026-CY-ERMO,3,选择题,,整题,MAYBE,完整题-选择题照收,E3,该题正式评分材料候选存在候选/存在冲突，未确认匹配，不下判（同时已有匹配参考答案，选择题按E3计，正式评分材料候选仍待核实）,,不明,2026-09-24-attribution-v2
BJ-2026-CY-ERMO-Q4,BJ-2026-CY-ERMO-Q4,BJ-2026-CY-ERMO,4,选择题,,整题,MAYBE,完整题-选择题照收,E3,该题正式评分材料候选存在候选/存在冲突，未确认匹配，不下判（同时已有匹配参考答案，选择题按E3计，正式评分材料候选仍待核实）,,不明,2026-09-24-attribution-v2
BJ-2026-CY-ERMO-Q5,BJ-2026-CY-ERMO-Q5,BJ-2026-CY-ERMO,5,选择题,,整题,MAYBE,完整题-选择题照收,E3,该题正式评分材料候选存在候选/存在冲突，未确认匹配，不下判（同时已有匹配参考答案，选择题按E3计，正式评分材料候选仍待核实）,,不明,2026-09-24-attribution-v2
BJ-2026-CY-ERMO-Q6,BJ-2026-CY-ERMO-Q6,BJ-2026-CY-ERMO,6,选择题,,整题,MAYBE,完整题-选择题照收,E3,该题正式评分材料候选存在候选/存在冲突，未确认匹配，不下判（同时已有匹配参考答案，选择题按E3计，正式评分材料候选仍待核实）,,不明,2026-09-24-attribution-v2
BJ-2026-CY-ERMO-Q7,BJ-2026-CY-ERMO-Q7,BJ-2026-CY-ERMO,7,选择题,,整题,MAYBE,完整题-选择题照收,E3,该题正式评分材料候选存在候选/存在冲突，未确认匹配，不下判（同时已有匹配参考答案，选择题按E3计，正式评分材料候选仍待核实）,,不明,2026-09-24-attribution-v2
BJ-2026-CY-ERMO-Q10,BJ-2026-CY-ERMO-Q10,BJ-2026-CY-ERMO,10,选择题,,整题,MAYBE,完整题-选择题照收,E3,该题正式评分材料候选存在候选/存在冲突，未确认匹配，不下判（同时已有匹配参考答案，选择题按E3计，正式评分材料候选仍待核实）,,不明,2026-09-24-attribution-v2
BJ-2026-CY-ERMO-Q15,BJ-2026-CY-ERMO-Q15,BJ-2026-CY-ERMO,15,选择题,,整题,MAYBE,完整题-选择题照收,E3,该题正式评分材料候选存在候选/存在冲突，未确认匹配，不下判（同时已有匹配参考答案，选择题按E3计，正式评分材料候选仍待核实）,,不明,2026-09-24-attribution-v2
BJ-2026-CY-ERMO-Q21,BJ-2026-CY-ERMO-Q21,BJ-2026-CY-ERMO,21,主观题,,整题,MAYBE,待裁决-证据未核实,待裁决-证据未核实候选,该题正式评分材料候选存在候选/存在冲突，未确认匹配，不下判,,不明,2026-09-24-attribution-v2
BJ-2026-HD-ERMO-Q3,BJ-2026-HD-ERMO-Q3,BJ-2026-HD-ERMO,3,选择题,,整题,MAYBE,完整题-选择题照收,E3,逐题已匹配参考答案,,不明,2026-09-24-attribution-v2
BJ-2026-HD-ERMO-Q17,BJ-2026-HD-ERMO-Q17,BJ-2026-HD-ERMO,17,主观题,,整题,MAYBE,不收-无E1,E3,逐题已匹配参考答案,B1:rubric_unreadable_not_OUT;B2:rubric_unreadable_not_OUT;PH:rubric_unreadable_not_OUT;MI:rubric_unreadable_not_OUT;RE:rubric_unreadable_not_OUT,倾向,2026-09-24-attribution-v2
BJ-2026-HD-ERMO-Q21,BJ-2026-HD-ERMO-Q21,BJ-2026-HD-ERMO,21,主观题,,整题,MAYBE,不收-无E1,E3,逐题已匹配参考答案,,不明,2026-09-24-attribution-v2
BJ-2026-HD-ERMO-Q1,BJ-2026-HD-ERMO-Q1,BJ-2026-HD-ERMO,1,选择题,,整题,MAYBE,完整题-选择题照收,E3,逐题已匹配参考答案,,倾向,2026-09-24-attribution-v2
BJ-2026-HD-ERMO-Q4,BJ-2026-HD-ERMO-Q4,BJ-2026-HD-ERMO,4,选择题,,整题,MAYBE,完整题-选择题照收,E3,逐题已匹配参考答案,,倾向,2026-09-24-attribution-v2
BJ-2026-HD-ERMO-Q5,BJ-2026-HD-ERMO-Q5,BJ-2026-HD-ERMO,5,选择题,,整题,MAYBE,完整题-选择题照收,E3,逐题已匹配参考答案,,不明,2026-09-24-attribution-v2
BJ-2026-HD-ERMO-Q6,BJ-2026-HD-ERMO-Q6,BJ-2026-HD-ERMO,6,选择题,,整题,MAYBE,完整题-选择题照收,E3,逐题已匹配参考答案,,不明,2026-09-24-attribution-v2
BJ-2026-HD-ERMO-Q7,BJ-2026-HD-ERMO-Q7,BJ-2026-HD-ERMO,7,选择题,,整题,MAYBE,完整题-选择题照收,E3,逐题已匹配参考答案,,不明,2026-09-24-attribution-v2
BJ-2026-HD-ERMO-Q9,BJ-2026-HD-ERMO-Q9,BJ-2026-HD-ERMO,9,选择题,,整题,MAYBE,完整题-选择题照收,E3,逐题已匹配参考答案,,不明,2026-09-24-attribution-v2
BJ-2026-HD-ERMO-Q15,BJ-2026-HD-ERMO-Q15,BJ-2026-HD-ERMO,15,选择题,,整题,MAYBE,完整题-选择题照收,E3,逐题已匹配参考答案,,不明,2026-09-24-attribution-v2
BJ-2026-SJS-ERMO-Q1,BJ-2026-SJS-ERMO-Q1,BJ-2026-SJS-ERMO,1,选择题,,整题,MAYBE,完整题-选择题照收,E3,该题正式评分材料候选存在候选/存在冲突，未确认匹配，不下判（同时已有匹配参考答案，选择题按E3计，正式评分材料候选仍待核实）,,倾向,2026-09-24-attribution-v2
BJ-2026-SJS-ERMO-Q3,BJ-2026-SJS-ERMO-Q3,BJ-2026-SJS-ERMO,3,选择题,,整题,MAYBE,完整题-选择题照收,E3,该题正式评分材料候选存在候选/存在冲突，未确认匹配，不下判（同时已有匹配参考答案，选择题按E3计，正式评分材料候选仍待核实）,,不明,2026-09-24-attribution-v2
BJ-2026-SJS-ERMO-Q6,BJ-2026-SJS-ERMO-Q6,BJ-2026-SJS-ERMO,6,选择题,,整题,MAYBE,完整题-选择题照收,E3,该题正式评分材料候选存在候选/存在冲突，未确认匹配，不下判（同时已有匹配参考答案，选择题按E3计，正式评分材料候选仍待核实）,,不明,2026-09-24-attribution-v2
BJ-2026-SJS-ERMO-Q7,BJ-2026-SJS-ERMO-Q7,BJ-2026-SJS-ERMO,7,选择题,,整题,MAYBE,完整题-选择题照收,E3,该题正式评分材料候选存在候选/存在冲突，未确认匹配，不下判（同时已有匹配参考答案，选择题按E3计，正式评分材料候选仍待核实）,,不明,2026-09-24-attribution-v2
BJ-2026-SJS-ERMO-Q12,BJ-2026-SJS-ERMO-Q12,BJ-2026-SJS-ERMO,12,选择题,,整题,MAYBE,完整题-选择题照收,E3,该题正式评分材料候选存在候选/存在冲突，未确认匹配，不下判（同时已有匹配参考答案，选择题按E3计，正式评分材料候选仍待核实）,,不明,2026-09-24-attribution-v2
BJ-2026-SJS-ERMO-Q15,BJ-2026-SJS-ERMO-Q15,BJ-2026-SJS-ERMO,15,选择题,,整题,MAYBE,完整题-选择题照收,E3,该题正式评分材料候选存在候选/存在冲突，未确认匹配，不下判（同时已有匹配参考答案，选择题按E3计，正式评分材料候选仍待核实）,,倾向,2026-09-24-attribution-v2
BJ-2026-XC-ERMO-Q17,BJ-2026-XC-ERMO-Q17,BJ-2026-XC-ERMO,17,主观题,,整题,MAYBE,待裁决-证据未核实,待裁决-证据未核实候选,该题正式评分材料候选存在候选/存在冲突，未确认匹配，不下判,B1:rubric_unreadable_not_OUT;B3:rubric_unreadable_not_OUT;PH:rubric_unreadable_not_OUT;CU:rubric_unreadable_not_OUT;X1:rubric_unreadable_not_OUT;MI:rubric_unreadable_not_OUT;RE:rubric_unreadable_not_OUT,倾向,2026-09-24-attribution-v2
BJ-2026-XC-ERMO-Q20,BJ-2026-XC-ERMO-Q20,BJ-2026-XC-ERMO,20,主观题,,整题,MAYBE,待裁决-证据未核实,待裁决-证据未核实候选,该题正式评分材料候选存在候选/存在冲突，未确认匹配，不下判,,不明,2026-09-24-attribution-v2
BJ-2026-XC-ERMO-Q1,BJ-2026-XC-ERMO-Q1,BJ-2026-XC-ERMO,1,选择题,,整题,MAYBE,完整题-选择题照收,E3,该题正式评分材料候选存在候选/存在冲突，未确认匹配，不下判（同时已有匹配参考答案，选择题按E3计，正式评分材料候选仍待核实）,,倾向,2026-09-24-attribution-v2
BJ-2026-XC-ERMO-Q3,BJ-2026-XC-ERMO-Q3,BJ-2026-XC-ERMO,3,选择题,,整题,MAYBE,完整题-选择题照收,E3,该题正式评分材料候选存在候选/存在冲突，未确认匹配，不下判（同时已有匹配参考答案，选择题按E3计，正式评分材料候选仍待核实）,,不明,2026-09-24-attribution-v2
BJ-2026-XC-ERMO-Q4,BJ-2026-XC-ERMO-Q4,BJ-2026-XC-ERMO,4,选择题,,整题,MAYBE,完整题-选择题照收,E3,该题正式评分材料候选存在候选/存在冲突，未确认匹配，不下判（同时已有匹配参考答案，选择题按E3计，正式评分材料候选仍待核实）,,不明,2026-09-24-attribution-v2
BJ-2026-XC-ERMO-Q5,BJ-2026-XC-ERMO-Q5,BJ-2026-XC-ERMO,5,选择题,,整题,MAYBE,完整题-选择题照收,E3,该题正式评分材料候选存在候选/存在冲突，未确认匹配，不下判（同时已有匹配参考答案，选择题按E3计，正式评分材料候选仍待核实）,,不明,2026-09-24-attribution-v2
BJ-2026-XC-ERMO-Q6,BJ-2026-XC-ERMO-Q6,BJ-2026-XC-ERMO,6,选择题,,整题,MAYBE,完整题-选择题照收,E3,该题正式评分材料候选存在候选/存在冲突，未确认匹配，不下判（同时已有匹配参考答案，选择题按E3计，正式评分材料候选仍待核实）,,不明,2026-09-24-attribution-v2
BJ-2026-XC-ERMO-Q7,BJ-2026-XC-ERMO-Q7,BJ-2026-XC-ERMO,7,选择题,,整题,MAYBE,完整题-选择题照收,E3,该题正式评分材料候选存在候选/存在冲突，未确认匹配，不下判（同时已有匹配参考答案，选择题按E3计，正式评分材料候选仍待核实）,,不明,2026-09-24-attribution-v2
BJ-2026-XC-ERMO-Q9,BJ-2026-XC-ERMO-Q9,BJ-2026-XC-ERMO,9,选择题,,整题,MAYBE,完整题-选择题照收,E3,该题正式评分材料候选存在候选/存在冲突，未确认匹配，不下判（同时已有匹配参考答案，选择题按E3计，正式评分材料候选仍待核实）,,倾向,2026-09-24-attribution-v2
BJ-2026-XC-ERMO-Q15,BJ-2026-XC-ERMO-Q15,BJ-2026-XC-ERMO,15,选择题,,整题,MAYBE,完整题-选择题照收,E3,该题正式评分材料候选存在候选/存在冲突，未确认匹配，不下判（同时已有匹配参考答案，选择题按E3计，正式评分材料候选仍待核实）,,倾向,2026-09-24-attribution-v2
BJ-2026-XC-ERMO-Q18#1,BJ-2026-XC-ERMO-Q18,BJ-2026-XC-ERMO,18,主观题,1,小问,MAYBE,待裁决-证据未核实,待裁决-证据未核实候选,该题正式评分材料候选存在候选/存在冲突，未确认匹配，不下判,,不明,2026-09-24-attribution-v2
BJ-2026-XC-ERMO-Q18#2,BJ-2026-XC-ERMO-Q18,BJ-2026-XC-ERMO,18,主观题,2,小问,MAYBE,待裁决-证据未核实,待裁决-证据未核实候选,该题正式评分材料候选存在候选/存在冲突，未确认匹配，不下判,,倾向,2026-09-24-attribution-v2
BJ-2026-XC-ERMO-Q18#3,BJ-2026-XC-ERMO-Q18,BJ-2026-XC-ERMO,18,主观题,3,小问,MAYBE,待裁决-证据未核实,待裁决-证据未核实候选,该题正式评分材料候选存在候选/存在冲突，未确认匹配，不下判,,不明,2026-09-24-attribution-v2
BJ-2026-XC-ERMO-Q18#4,BJ-2026-XC-ERMO-Q18,BJ-2026-XC-ERMO,18,主观题,4,小问,MAYBE,待裁决-证据未核实,待裁决-证据未核实候选,该题正式评分材料候选存在候选/存在冲突，未确认匹配，不下判,,不明,2026-09-24-attribution-v2
BJ-2026-SY-ERMO-Q17,BJ-2026-SY-ERMO-Q17,BJ-2026-SY-ERMO,17,主观题,,整题,MAYBE,待裁决-证据未核实,待裁决-证据未核实候选,该题正式评分材料候选存在候选/存在冲突，未确认匹配，不下判,B1:rubric_unreadable_not_OUT;B2:rubric_unreadable_not_OUT;PH:rubric_unreadable_not_OUT;CU:rubric_unreadable_not_OUT;X1:rubric_unreadable_not_OUT;X2:rubric_unreadable_not_OUT;MI:rubric_unreadable_not_OUT;RE:rubric_unreadable_not_OUT,确定,2026-09-24-attribution-v2
BJ-2026-SY-ERMO-Q18#1,BJ-2026-SY-ERMO-Q18,BJ-2026-SY-ERMO,18,主观题,1,小问,MAYBE,完整题-有E1,E1,逐题已匹配正式评分材料,,不明,2026-09-24-attribution-v2
BJ-2026-SY-ERMO-Q18#2,BJ-2026-SY-ERMO-Q18,BJ-2026-SY-ERMO,18,主观题,2,小问,MAYBE,完整题-有E1,E1,逐题已匹配正式评分材料,,不明,2026-09-24-attribution-v2
BJ-2026-SY-ERMO-Q20,BJ-2026-SY-ERMO-Q20,BJ-2026-SY-ERMO,20,主观题,,整题,MAYBE,完整题-有E1,E1,逐题已匹配正式评分材料,,不明,2026-09-24-attribution-v2
BJ-2026-SY-ERMO-Q21,BJ-2026-SY-ERMO-Q21,BJ-2026-SY-ERMO,21,主观题,,整题,MAYBE,待裁决-证据未核实,待裁决-证据未核实候选,该题正式评分材料候选存在候选/存在冲突，未确认匹配，不下判,,不明,2026-09-24-attribution-v2
BJ-2026-SY-ERMO-Q1,BJ-2026-SY-ERMO-Q1,BJ-2026-SY-ERMO,1,选择题,,整题,MAYBE,完整题-选择题照收,答案键来源未核实(候选未确认),该题正式评分材料候选存在候选/存在冲突，未确认匹配，不下判,,倾向,2026-09-24-attribution-v2
BJ-2026-SY-ERMO-Q3,BJ-2026-SY-ERMO-Q3,BJ-2026-SY-ERMO,3,选择题,,整题,MAYBE,完整题-选择题照收,答案键来源未核实(候选未确认),该题正式评分材料候选存在候选/存在冲突，未确认匹配，不下判,,不明,2026-09-24-attribution-v2
BJ-2026-SY-ERMO-Q4,BJ-2026-SY-ERMO-Q4,BJ-2026-SY-ERMO,4,选择题,,整题,MAYBE,完整题-选择题照收,答案键来源未核实(候选未确认),该题正式评分材料候选存在候选/存在冲突，未确认匹配，不下判,,不明,2026-09-24-attribution-v2
BJ-2026-SY-ERMO-Q5,BJ-2026-SY-ERMO-Q5,BJ-2026-SY-ERMO,5,选择题,,整题,MAYBE,完整题-选择题照收,答案键来源未核实(候选未确认),该题正式评分材料候选存在候选/存在冲突，未确认匹配，不下判,,不明,2026-09-24-attribution-v2
BJ-2026-SY-ERMO-Q6,BJ-2026-SY-ERMO-Q6,BJ-2026-SY-ERMO,6,选择题,,整题,MAYBE,完整题-选择题照收,答案键来源未核实(候选未确认),该题正式评分材料候选存在候选/存在冲突，未确认匹配，不下判,,倾向,2026-09-24-attribution-v2
BJ-2026-SY-ERMO-Q7,BJ-2026-SY-ERMO-Q7,BJ-2026-SY-ERMO,7,选择题,,整题,MAYBE,完整题-选择题照收,答案键来源未核实(候选未确认),该题正式评分材料候选存在候选/存在冲突，未确认匹配，不下判,,不明,2026-09-24-attribution-v2
BJ-2026-SY-ERMO-Q8,BJ-2026-SY-ERMO-Q8,BJ-2026-SY-ERMO,8,选择题,,整题,MAYBE,完整题-选择题照收,答案键来源未核实(候选未确认),该题正式评分材料候选存在候选/存在冲突，未确认匹配，不下判,,倾向,2026-09-24-attribution-v2
BJ-2026-SY-ERMO-Q9,BJ-2026-SY-ERMO-Q9,BJ-2026-SY-ERMO,9,选择题,,整题,MAYBE,完整题-选择题照收,答案键来源未核实(候选未确认),该题正式评分材料候选存在候选/存在冲突，未确认匹配，不下判,,不明,2026-09-24-attribution-v2
BJ-2026-SY-ERMO-Q15,BJ-2026-SY-ERMO-Q15,BJ-2026-SY-ERMO,15,选择题,,整题,MAYBE,完整题-选择题照收,答案键来源未核实(候选未确认),该题正式评分材料候选存在候选/存在冲突，未确认匹配，不下判,,倾向,2026-09-24-attribution-v2
BJ-2026-SY-ERMO-Q19,BJ-2026-SY-ERMO-Q19,BJ-2026-SY-ERMO,19,主观题,,整题,MAYBE,待裁决-证据未核实,待裁决-证据未核实候选,该题正式评分材料候选存在候选/存在冲突，未确认匹配，不下判,B1:rubric_unreadable_not_OUT;B3:rubric_unreadable_not_OUT;PH:rubric_unreadable_not_OUT;CU:rubric_unreadable_not_OUT;X1:rubric_unreadable_not_OUT;X2:rubric_unreadable_not_OUT;MI:rubric_unreadable_not_OUT;RE:rubric_unreadable_not_OUT,确定,2026-09-24-attribution-v2
BJ-2026-DC-QIMO-Q3,BJ-2026-DC-QIMO-Q3,BJ-2026-DC-QIMO,3,选择题,,整题,MAYBE,完整题-选择题照收,E1,逐题已匹配正式评分材料,,不明,2026-09-24-attribution-v2
BJ-2026-DC-QIMO-Q4,BJ-2026-DC-QIMO-Q4,BJ-2026-DC-QIMO,4,选择题,,整题,MAYBE,完整题-选择题照收,E1,逐题已匹配正式评分材料,,倾向,2026-09-24-attribution-v2
BJ-2026-DC-QIMO-Q17#1,BJ-2026-DC-QIMO-Q17,BJ-2026-DC-QIMO,17,主观题,1,小问,MAYBE,完整题-有E1,E1,逐题已匹配正式评分材料,,不明,2026-09-24-attribution-v2
BJ-2026-DC-QIMO-Q17#2,BJ-2026-DC-QIMO-Q17,BJ-2026-DC-QIMO,17,主观题,2,小问,MAYBE,完整题-有E1,E1,逐题已匹配正式评分材料,,不明,2026-09-24-attribution-v2
BJ-2026-DC-QIMO-Q5,BJ-2026-DC-QIMO-Q5,BJ-2026-DC-QIMO,5,选择题,,整题,MAYBE,完整题-选择题照收,E1,逐题已匹配正式评分材料,,不明,2026-09-24-attribution-v2
BJ-2026-DC-QIMO-Q6,BJ-2026-DC-QIMO-Q6,BJ-2026-DC-QIMO,6,选择题,,整题,MAYBE,完整题-选择题照收,E1,逐题已匹配正式评分材料,,不明,2026-09-24-attribution-v2
BJ-2026-DC-QIMO-Q21,BJ-2026-DC-QIMO-Q21,BJ-2026-DC-QIMO,21,主观题,,整题,MAYBE,完整题-有E1,E1,逐题已匹配正式评分材料,,不明,2026-09-24-attribution-v2
BJ-2026-DC-QIMO-Q7,BJ-2026-DC-QIMO-Q7,BJ-2026-DC-QIMO,7,选择题,,整题,MAYBE,完整题-选择题照收,答案键来源未核实(候选未确认),该题正式评分材料候选存在候选/存在冲突，未确认匹配，不下判,,不明,2026-09-24-attribution-v2
BJ-2026-DC-QIMO-Q8,BJ-2026-DC-QIMO-Q8,BJ-2026-DC-QIMO,8,选择题,,整题,MAYBE,完整题-选择题照收,答案键来源未核实(候选未确认),该题正式评分材料候选存在候选/存在冲突，未确认匹配，不下判,,不明,2026-09-24-attribution-v2
BJ-2026-DC-QIMO-Q9,BJ-2026-DC-QIMO-Q9,BJ-2026-DC-QIMO,9,选择题,,整题,MAYBE,完整题-选择题照收,答案键来源未核实(候选未确认),该题正式评分材料候选存在候选/存在冲突，未确认匹配，不下判,,不明,2026-09-24-attribution-v2
BJ-2026-DC-QIMO-Q10,BJ-2026-DC-QIMO-Q10,BJ-2026-DC-QIMO,10,选择题,,整题,MAYBE,完整题-选择题照收,答案键来源未核实(候选未确认),该题正式评分材料候选存在候选/存在冲突，未确认匹配，不下判,,不明,2026-09-24-attribution-v2
BJ-2026-DC-QIMO-Q20,BJ-2026-DC-QIMO-Q20,BJ-2026-DC-QIMO,20,主观题,,整题,MAYBE,待裁决-证据未核实,待裁决-证据未核实候选,该题正式评分材料候选存在候选/存在冲突，未确认匹配，不下判,B1:rubric_unreadable_not_OUT;B2:rubric_unreadable_not_OUT;B3:rubric_unreadable_not_OUT;PH:rubric_unreadable_not_OUT;CU:rubric_unreadable_not_OUT;X2:rubric_unreadable_not_OUT;MI:rubric_unreadable_not_OUT;RE:rubric_unreadable_not_OUT,确定,2026-09-24-attribution-v2
BJ-2026-FT-QIMO-Q3,BJ-2026-FT-QIMO-Q3,BJ-2026-FT-QIMO,3,选择题,,整题,MAYBE,完整题-选择题照收,E1,逐题已匹配正式评分材料,,不明,2026-09-24-attribution-v2
BJ-2026-FT-QIMO-Q4,BJ-2026-FT-QIMO-Q4,BJ-2026-FT-QIMO,4,选择题,,整题,MAYBE,完整题-选择题照收,E1,逐题已匹配正式评分材料,,倾向,2026-09-24-attribution-v2
BJ-2026-FT-QIMO-Q5,BJ-2026-FT-QIMO-Q5,BJ-2026-FT-QIMO,5,选择题,,整题,MAYBE,完整题-选择题照收,答案键来源未核实(候选未确认),该题正式评分材料候选存在候选/存在冲突，未确认匹配，不下判,,不明,2026-09-24-attribution-v2
BJ-2026-FT-QIMO-Q10,BJ-2026-FT-QIMO-Q10,BJ-2026-FT-QIMO,10,选择题,,整题,MAYBE,完整题-选择题照收,E1,逐题已匹配正式评分材料,,不明,2026-09-24-attribution-v2
BJ-2026-FT-QIMO-Q19,BJ-2026-FT-QIMO-Q19,BJ-2026-FT-QIMO,19,主观题,,整题,MAYBE,完整题-有E1,E1,逐题已匹配正式评分材料,B1:rubric_unreadable_not_OUT;PH:rubric_unreadable_not_OUT;CU:rubric_unreadable_not_OUT;X1:rubric_unreadable_not_OUT;MI:rubric_unreadable_not_OUT;RE:rubric_unreadable_not_OUT;identity:dup_covered_by=xuanbi2(等价类合并生效),倾向,2026-09-24-attribution-v2
BJ-2026-FT-QIMO-Q7,BJ-2026-FT-QIMO-Q7,BJ-2026-FT-QIMO,7,选择题,,整题,MAYBE,完整题-选择题照收,E1,逐题已匹配正式评分材料,,不明,2026-09-24-attribution-v2
BJ-2026-FT-QIMO-Q20,BJ-2026-FT-QIMO-Q20,BJ-2026-FT-QIMO,20,主观题,,整题,MAYBE,完整题-有E1,E1,逐题已匹配正式评分材料,B1:rubric_unreadable_not_OUT;B3:rubric_unreadable_not_OUT;PH:rubric_unreadable_not_OUT;CU:rubric_unreadable_not_OUT;RE:rubric_unreadable_not_OUT;identity:dup_covered_by=xuanbi1(等价类合并生效),倾向,2026-09-24-attribution-v2
BJ-2026-FT-QIMO-Q17,BJ-2026-FT-QIMO-Q17,BJ-2026-FT-QIMO,17,主观题,,整题,MAYBE,待裁决-证据未核实,待裁决-证据未核实候选,该题正式评分材料候选存在候选/存在冲突，未确认匹配，不下判,B1:rubric_unreadable_not_OUT;PH:rubric_unreadable_not_OUT;CU:rubric_unreadable_not_OUT;X1:rubric_unreadable_not_OUT;X2:rubric_unreadable_not_OUT;MI:rubric_unreadable_not_OUT;RE:rubric_unreadable_not_OUT,确定,2026-09-24-attribution-v2
BJ-2026-FT-QIMO-Q18,BJ-2026-FT-QIMO-Q18,BJ-2026-FT-QIMO,18,主观题,,整题,MAYBE,待裁决-证据未核实,待裁决-证据未核实候选,该题正式评分材料候选存在候选/存在冲突，未确认匹配，不下判,,不明,2026-09-24-attribution-v2
BJ-2026-FT-QIMO-Q21,BJ-2026-FT-QIMO-Q21,BJ-2026-FT-QIMO,21,主观题,,整题,MAYBE,待裁决-证据未核实,待裁决-证据未核实候选,该题正式评分材料候选存在候选/存在冲突，未确认匹配，不下判,,不明,2026-09-24-attribution-v2
BJ-2026-FT-QIMO-Q22,BJ-2026-FT-QIMO-Q22,BJ-2026-FT-QIMO,22,主观题,,整题,MAYBE,待裁决-证据未核实,待裁决-证据未核实候选,该题正式评分材料候选存在候选/存在冲突，未确认匹配，不下判,,不明,2026-09-24-attribution-v2
BJ-2026-CP-QIMO-Q1,BJ-2026-CP-QIMO-Q1,BJ-2026-CP-QIMO,1,选择题,,整题,IN,完整题-选择题照收,E3,该题正式评分材料候选存在候选/存在冲突，未确认匹配，不下判（同时已有匹配参考答案，选择题按E3计，正式评分材料候选仍待核实）,,不明,2026-09-24-attribution-v2
BJ-2026-CP-QIMO-Q2,BJ-2026-CP-QIMO-Q2,BJ-2026-CP-QIMO,2,选择题,,整题,MAYBE,完整题-选择题照收,E3,该题正式评分材料候选存在候选/存在冲突，未确认匹配，不下判（同时已有匹配参考答案，选择题按E3计，正式评分材料候选仍待核实）,,不明,2026-09-24-attribution-v2
BJ-2026-CP-QIMO-Q3,BJ-2026-CP-QIMO-Q3,BJ-2026-CP-QIMO,3,选择题,,整题,MAYBE,完整题-选择题照收,E3,该题正式评分材料候选存在候选/存在冲突，未确认匹配，不下判（同时已有匹配参考答案，选择题按E3计，正式评分材料候选仍待核实）,,不明,2026-09-24-attribution-v2
BJ-2026-CP-QIMO-Q4,BJ-2026-CP-QIMO-Q4,BJ-2026-CP-QIMO,4,选择题,,整题,MAYBE,完整题-选择题照收,E3,该题正式评分材料候选存在候选/存在冲突，未确认匹配，不下判（同时已有匹配参考答案，选择题按E3计，正式评分材料候选仍待核实）,,不明,2026-09-24-attribution-v2
BJ-2026-CP-QIMO-Q5,BJ-2026-CP-QIMO-Q5,BJ-2026-CP-QIMO,5,选择题,,整题,MAYBE,完整题-选择题照收,E3,该题正式评分材料候选存在候选/存在冲突，未确认匹配，不下判（同时已有匹配参考答案，选择题按E3计，正式评分材料候选仍待核实）,,不明,2026-09-24-attribution-v2
BJ-2026-CP-QIMO-Q6,BJ-2026-CP-QIMO-Q6,BJ-2026-CP-QIMO,6,选择题,,整题,MAYBE,完整题-选择题照收,E3,该题正式评分材料候选存在候选/存在冲突，未确认匹配，不下判（同时已有匹配参考答案，选择题按E3计，正式评分材料候选仍待核实）,,不明,2026-09-24-attribution-v2
BJ-2026-CP-QIMO-Q7,BJ-2026-CP-QIMO-Q7,BJ-2026-CP-QIMO,7,选择题,,整题,MAYBE,完整题-选择题照收,E3,该题正式评分材料候选存在候选/存在冲突，未确认匹配，不下判（同时已有匹配参考答案，选择题按E3计，正式评分材料候选仍待核实）,,不明,2026-09-24-attribution-v2
BJ-2026-CP-QIMO-Q8,BJ-2026-CP-QIMO-Q8,BJ-2026-CP-QIMO,8,选择题,,整题,MAYBE,完整题-选择题照收,E3,该题正式评分材料候选存在候选/存在冲突，未确认匹配，不下判（同时已有匹配参考答案，选择题按E3计，正式评分材料候选仍待核实）,,不明,2026-09-24-attribution-v2
BJ-2026-CP-QIMO-Q9,BJ-2026-CP-QIMO-Q9,BJ-2026-CP-QIMO,9,选择题,,整题,MAYBE,完整题-选择题照收,E3,该题正式评分材料候选存在候选/存在冲突，未确认匹配，不下判（同时已有匹配参考答案，选择题按E3计，正式评分材料候选仍待核实）,,不明,2026-09-24-attribution-v2
BJ-2026-CP-QIMO-Q10,BJ-2026-CP-QIMO-Q10,BJ-2026-CP-QIMO,10,选择题,,整题,MAYBE,完整题-选择题照收,E3,该题正式评分材料候选存在候选/存在冲突，未确认匹配，不下判（同时已有匹配参考答案，选择题按E3计，正式评分材料候选仍待核实）,,不明,2026-09-24-attribution-v2
BJ-2026-CP-QIMO-Q16,BJ-2026-CP-QIMO-Q16,BJ-2026-CP-QIMO,16,主观题,,整题,MAYBE,完整题-有E1,E1,逐题已匹配正式评分材料,,不明,2026-09-24-attribution-v2
BJ-2026-CP-QIMO-Q19#1,BJ-2026-CP-QIMO-Q19,BJ-2026-CP-QIMO,19,主观题,1,小问,MAYBE,待裁决-证据未核实,待裁决-证据未核实候选,该题正式评分材料候选存在候选/存在冲突，未确认匹配，不下判,,不明,2026-09-24-attribution-v2
BJ-2026-CP-QIMO-Q19#2,BJ-2026-CP-QIMO-Q19,BJ-2026-CP-QIMO,19,主观题,2,小问,MAYBE,待裁决-证据未核实,待裁决-证据未核实候选,该题正式评分材料候选存在候选/存在冲突，未确认匹配，不下判,,不明,2026-09-24-attribution-v2
BJ-2026-CP-QIMO-Q20#1,BJ-2026-CP-QIMO-Q20,BJ-2026-CP-QIMO,20,主观题,1,小问,MAYBE,完整题-有E1,E1,逐题已匹配正式评分材料,,不明,2026-09-24-attribution-v2
BJ-2026-CP-QIMO-Q20#2,BJ-2026-CP-QIMO-Q20,BJ-2026-CP-QIMO,20,主观题,2,小问,MAYBE,完整题-有E1,E1,逐题已匹配正式评分材料,,倾向,2026-09-24-attribution-v2
BJ-2026-CP-QIMO-Q21,BJ-2026-CP-QIMO-Q21,BJ-2026-CP-QIMO,21,主观题,,整题,MAYBE,完整题-有E1,E1,逐题已匹配正式评分材料,,不明,2026-09-24-attribution-v2
BJ-2026-CY-QIZHONG-Q4,BJ-2026-CY-QIZHONG-Q4,BJ-2026-CY-QIZHONG,4,选择题,,整题,MAYBE,完整题-选择题照收,E3,逐题已匹配参考答案,,倾向,2026-09-24-attribution-v2
BJ-2026-CY-QIZHONG-Q1,BJ-2026-CY-QIZHONG-Q1,BJ-2026-CY-QIZHONG,1,选择题,,整题,MAYBE,完整题-选择题照收,E3,逐题已匹配参考答案,,不明,2026-09-24-attribution-v2
BJ-2026-CY-QIZHONG-Q2,BJ-2026-CY-QIZHONG-Q2,BJ-2026-CY-QIZHONG,2,选择题,,整题,MAYBE,完整题-选择题照收,E3,逐题已匹配参考答案,,不明,2026-09-24-attribution-v2
BJ-2026-CY-QIZHONG-Q3,BJ-2026-CY-QIZHONG-Q3,BJ-2026-CY-QIZHONG,3,选择题,,整题,MAYBE,完整题-选择题照收,E3,逐题已匹配参考答案,,倾向,2026-09-24-attribution-v2
BJ-2026-CY-QIZHONG-Q5,BJ-2026-CY-QIZHONG-Q5,BJ-2026-CY-QIZHONG,5,选择题,,整题,MAYBE,完整题-选择题照收,E3,逐题已匹配参考答案,,不明,2026-09-24-attribution-v2
BJ-2026-CY-QIZHONG-Q6,BJ-2026-CY-QIZHONG-Q6,BJ-2026-CY-QIZHONG,6,选择题,,整题,MAYBE,完整题-选择题照收,E3,逐题已匹配参考答案,,不明,2026-09-24-attribution-v2
BJ-2026-HD-QIZHONG-Q21,BJ-2026-HD-QIZHONG-Q21,BJ-2026-HD-QIZHONG,21,主观题,,整题,MAYBE,不收-无E1,缺细则,"未在rubric_links.csv找到该题任何行(未核实,不是已确认无)",B1:rubric_unreadable_not_OUT;B3:rubric_unreadable_not_OUT;PH:rubric_unreadable_not_OUT;CU:rubric_unreadable_not_OUT;X1:rubric_unreadable_not_OUT;X2:rubric_unreadable_not_OUT;MI:rubric_unreadable_not_OUT;RE:rubric_unreadable_not_OUT,确定,2026-09-24-attribution-v2
BJ-2026-HD-QIZHONG-Q3,BJ-2026-HD-QIZHONG-Q3,BJ-2026-HD-QIZHONG,3,选择题,,整题,MAYBE,完整题-选择题照收,缺答案键,"未在rubric_links.csv找到该题任何行(未核实,不是已确认无)",,不明,2026-09-24-attribution-v2
BJ-2026-HD-QIZHONG-Q4,BJ-2026-HD-QIZHONG-Q4,BJ-2026-HD-QIZHONG,4,选择题,,整题,MAYBE,完整题-选择题照收,缺答案键,"未在rubric_links.csv找到该题任何行(未核实,不是已确认无)",,不明,2026-09-24-attribution-v2
BJ-2026-HD-QIZHONG-Q2,BJ-2026-HD-QIZHONG-Q2,BJ-2026-HD-QIZHONG,2,选择题,,整题,MAYBE,完整题-选择题照收,缺答案键,"未在rubric_links.csv找到该题任何行(未核实,不是已确认无)",,倾向,2026-09-24-attribution-v2
BJ-2026-HD-QIZHONG-Q8,BJ-2026-HD-QIZHONG-Q8,BJ-2026-HD-QIZHONG,8,选择题,,整题,MAYBE,完整题-选择题照收,缺答案键,"未在rubric_links.csv找到该题任何行(未核实,不是已确认无)",identity:dup_covered_by=bixiu2;reasoning(等价类合并生效),不明,2026-09-24-attribution-v2
BJ-2026-HD-QIZHONG-Q20,BJ-2026-HD-QIZHONG-Q20,BJ-2026-HD-QIZHONG,20,主观题,,整题,MAYBE,不收-无E1,缺细则,"未在rubric_links.csv找到该题任何行(未核实,不是已确认无)",B1:rubric_unreadable_not_OUT;B2:rubric_unreadable_not_OUT;PH:rubric_unreadable_not_OUT;CU:rubric_unreadable_not_OUT;X1:rubric_unreadable_not_OUT;X2:rubric_unreadable_not_OUT;MI:rubric_unreadable_not_OUT;RE:rubric_unreadable_not_OUT,确定,2026-09-24-attribution-v2
BJ-2026-HD-QIZHONG-Q22#1,BJ-2026-HD-QIZHONG-Q22,BJ-2026-HD-QIZHONG,22,主观题,1,小问,MAYBE,不收-无E1,缺细则,"未在rubric_links.csv找到该题任何行(未核实,不是已确认无)",B1:rubric_unreadable_not_OUT;B2:rubric_unreadable_not_OUT;B3:rubric_unreadable_not_OUT;CU:rubric_unreadable_not_OUT;X2:rubric_unreadable_not_OUT;MI:rubric_unreadable_not_OUT;RE:rubric_unreadable_not_OUT,确定,2026-09-24-attribution-v2
BJ-2026-HD-QIZHONG-Q22#2,BJ-2026-HD-QIZHONG-Q22,BJ-2026-HD-QIZHONG,22,主观题,2,小问,MAYBE,不收-无E1,缺细则,"未在rubric_links.csv找到该题任何行(未核实,不是已确认无)",,不明,2026-09-24-attribution-v2
BJ-2026-HD-QIZHONG-Q1,BJ-2026-HD-QIZHONG-Q1,BJ-2026-HD-QIZHONG,1,选择题,,整题,MAYBE,完整题-选择题照收,缺答案键,"未在rubric_links.csv找到该题任何行(未核实,不是已确认无)",,不明,2026-09-24-attribution-v2
BJ-2026-HD-QIZHONG-Q6,BJ-2026-HD-QIZHONG-Q6,BJ-2026-HD-QIZHONG,6,选择题,,整题,MAYBE,完整题-选择题照收,缺答案键,"未在rubric_links.csv找到该题任何行(未核实,不是已确认无)",,不明,2026-09-24-attribution-v2
BJ-2026-HD-QIZHONG-Q7,BJ-2026-HD-QIZHONG-Q7,BJ-2026-HD-QIZHONG,7,选择题,,整题,MAYBE,完整题-选择题照收,缺答案键,"未在rubric_links.csv找到该题任何行(未核实,不是已确认无)",,不明,2026-09-24-attribution-v2
BJ-2026-HD-QIZHONG-Q9,BJ-2026-HD-QIZHONG-Q9,BJ-2026-HD-QIZHONG,9,选择题,,整题,MAYBE,完整题-选择题照收,缺答案键,"未在rubric_links.csv找到该题任何行(未核实,不是已确认无)",,不明,2026-09-24-attribution-v2
BJ-2026-HD-QIZHONG-Q10,BJ-2026-HD-QIZHONG-Q10,BJ-2026-HD-QIZHONG,10,选择题,,整题,MAYBE,完整题-选择题照收,缺答案键,"未在rubric_links.csv找到该题任何行(未核实,不是已确认无)",,不明,2026-09-24-attribution-v2
BJ-2026-HD-QIZHONG-Q16,BJ-2026-HD-QIZHONG-Q16,BJ-2026-HD-QIZHONG,16,主观题,,整题,MAYBE,不收-无E1,缺细则,"未在rubric_links.csv找到该题任何行(未核实,不是已确认无)",B1:rubric_unreadable_not_OUT;B3:rubric_unreadable_not_OUT;PH:rubric_unreadable_not_OUT;CU:rubric_unreadable_not_OUT;X1:rubric_unreadable_not_OUT;X2:rubric_unreadable_not_OUT;MI:rubric_unreadable_not_OUT;RE:rubric_unreadable_not_OUT,确定,2026-09-24-attribution-v2
BJ-2026-HD-QIZHONG-Q17,BJ-2026-HD-QIZHONG-Q17,BJ-2026-HD-QIZHONG,17,主观题,,整题,MAYBE,不收-无E1,缺细则,"未在rubric_links.csv找到该题任何行(未核实,不是已确认无)",B1:rubric_unreadable_not_OUT;B3:rubric_unreadable_not_OUT;PH:rubric_unreadable_not_OUT;CU:rubric_unreadable_not_OUT;X1:rubric_unreadable_not_OUT;X2:rubric_unreadable_not_OUT;MI:rubric_unreadable_not_OUT;RE:rubric_unreadable_not_OUT,确定,2026-09-24-attribution-v2
BJ-2026-HD-QIZHONG-Q18,BJ-2026-HD-QIZHONG-Q18,BJ-2026-HD-QIZHONG,18,主观题,,整题,MAYBE,不收-无E1,缺细则,"未在rubric_links.csv找到该题任何行(未核实,不是已确认无)",B1:rubric_unreadable_not_OUT;B2:rubric_unreadable_not_OUT;PH:rubric_unreadable_not_OUT;CU:rubric_unreadable_not_OUT;X1:rubric_unreadable_not_OUT;X2:rubric_unreadable_not_OUT;MI:rubric_unreadable_not_OUT;RE:rubric_unreadable_not_OUT,确定,2026-09-24-attribution-v2
BJ-2026-HD-QIZHONG-Q19,BJ-2026-HD-QIZHONG-Q19,BJ-2026-HD-QIZHONG,19,主观题,,整题,MAYBE,不收-无E1,缺细则,"未在rubric_links.csv找到该题任何行(未核实,不是已确认无)",B1:rubric_unreadable_not_OUT;B2:rubric_unreadable_not_OUT;PH:rubric_unreadable_not_OUT;CU:rubric_unreadable_not_OUT;X1:rubric_unreadable_not_OUT;X2:rubric_unreadable_not_OUT;MI:rubric_unreadable_not_OUT;RE:rubric_unreadable_not_OUT,确定,2026-09-24-attribution-v2
BJ-2026-HD-QIMO-Q18#1,BJ-2026-HD-QIMO-Q18,BJ-2026-HD-QIMO,18,主观题,1,小问,MAYBE,完整题-有E1,E1,逐题已匹配正式评分材料,,不明,2026-09-24-attribution-v2
BJ-2026-HD-QIMO-Q18#2,BJ-2026-HD-QIMO-Q18,BJ-2026-HD-QIMO,18,主观题,2,小问,MAYBE,完整题-有E1,E1,逐题已匹配正式评分材料,,倾向,2026-09-24-attribution-v2
BJ-2026-HD-QIMO-Q19,BJ-2026-HD-QIMO-Q19,BJ-2026-HD-QIMO,19,主观题,,整题,MAYBE,完整题-有E1,E1,逐题已匹配正式评分材料,,倾向,2026-09-24-attribution-v2
BJ-2026-HD-QIMO-Q21,BJ-2026-HD-QIMO-Q21,BJ-2026-HD-QIMO,21,主观题,,整题,MAYBE,待裁决-证据未核实,待裁决-证据未核实候选,该题正式评分材料候选存在候选/存在冲突，未确认匹配，不下判,,不明,2026-09-24-attribution-v2
BJ-2026-HD-QIMO-Q1,BJ-2026-HD-QIMO-Q1,BJ-2026-HD-QIMO,1,选择题,,整题,MAYBE,完整题-选择题照收,答案键来源未核实(候选未确认),该题正式评分材料候选存在候选/存在冲突，未确认匹配，不下判,,不明,2026-09-24-attribution-v2
BJ-2026-HD-QIMO-Q2,BJ-2026-HD-QIMO-Q2,BJ-2026-HD-QIMO,2,选择题,,整题,MAYBE,完整题-选择题照收,答案键来源未核实(候选未确认),该题正式评分材料候选存在候选/存在冲突，未确认匹配，不下判,,倾向,2026-09-24-attribution-v2
BJ-2026-HD-QIMO-Q6,BJ-2026-HD-QIMO-Q6,BJ-2026-HD-QIMO,6,选择题,,整题,MAYBE,完整题-选择题照收,答案键来源未核实(候选未确认),该题正式评分材料候选存在候选/存在冲突，未确认匹配，不下判,,不明,2026-09-24-attribution-v2
BJ-2026-HD-QIMO-Q7,BJ-2026-HD-QIMO-Q7,BJ-2026-HD-QIMO,7,选择题,,整题,MAYBE,完整题-选择题照收,答案键来源未核实(候选未确认),该题正式评分材料候选存在候选/存在冲突，未确认匹配，不下判,,不明,2026-09-24-attribution-v2
BJ-2026-HD-QIMO-Q9,BJ-2026-HD-QIMO-Q9,BJ-2026-HD-QIMO,9,选择题,,整题,MAYBE,完整题-选择题照收,答案键来源未核实(候选未确认),该题正式评分材料候选存在候选/存在冲突，未确认匹配，不下判,,不明,2026-09-24-attribution-v2
BJ-2026-HD-QIMO-Q10,BJ-2026-HD-QIMO-Q10,BJ-2026-HD-QIMO,10,选择题,,整题,MAYBE,完整题-选择题照收,答案键来源未核实(候选未确认),该题正式评分材料候选存在候选/存在冲突，未确认匹配，不下判,,倾向,2026-09-24-attribution-v2
BJ-2026-XC-QIMO-Q19#1,BJ-2026-XC-QIMO-Q19,BJ-2026-XC-QIMO,19,主观题,1,小问,MAYBE,完整题-有E1,E1,逐题已匹配正式评分材料,,倾向,2026-09-24-attribution-v2
BJ-2026-XC-QIMO-Q19#2,BJ-2026-XC-QIMO-Q19,BJ-2026-XC-QIMO,19,主观题,2,小问,MAYBE,完整题-有E1,E1,逐题已匹配正式评分材料,,倾向,2026-09-24-attribution-v2
BJ-2026-XC-QIMO-Q20#1,BJ-2026-XC-QIMO-Q20,BJ-2026-XC-QIMO,20,主观题,1,小问,MAYBE,完整题-有E1,E1,逐题已匹配正式评分材料,,不明,2026-09-24-attribution-v2
BJ-2026-XC-QIMO-Q20#2,BJ-2026-XC-QIMO-Q20,BJ-2026-XC-QIMO,20,主观题,2,小问,MAYBE,完整题-有E1,E1,逐题已匹配正式评分材料,,不明,2026-09-24-attribution-v2
BJ-2026-XC-QIMO-Q21,BJ-2026-XC-QIMO-Q21,BJ-2026-XC-QIMO,21,主观题,,整题,MAYBE,完整题-有E1,E1,逐题已匹配正式评分材料,,不明,2026-09-24-attribution-v2
BJ-2026-XC-QIMO-Q2,BJ-2026-XC-QIMO-Q2,BJ-2026-XC-QIMO,2,选择题,,整题,MAYBE,完整题-选择题照收,E3,该题正式评分材料候选存在候选/存在冲突，未确认匹配，不下判（同时已有匹配参考答案，选择题按E3计，正式评分材料候选仍待核实）,,不明,2026-09-24-attribution-v2
BJ-2026-XC-QIMO-Q3,BJ-2026-XC-QIMO-Q3,BJ-2026-XC-QIMO,3,选择题,,整题,MAYBE,完整题-选择题照收,E3,该题正式评分材料候选存在候选/存在冲突，未确认匹配，不下判（同时已有匹配参考答案，选择题按E3计，正式评分材料候选仍待核实）,,不明,2026-09-24-attribution-v2
BJ-2026-XC-QIMO-Q4,BJ-2026-XC-QIMO-Q4,BJ-2026-XC-QIMO,4,选择题,,整题,MAYBE,完整题-选择题照收,E3,该题正式评分材料候选存在候选/存在冲突，未确认匹配，不下判（同时已有匹配参考答案，选择题按E3计，正式评分材料候选仍待核实）,,倾向,2026-09-24-attribution-v2
BJ-2026-XC-QIMO-Q5,BJ-2026-XC-QIMO-Q5,BJ-2026-XC-QIMO,5,选择题,,整题,MAYBE,完整题-选择题照收,E3,该题正式评分材料候选存在候选/存在冲突，未确认匹配，不下判（同时已有匹配参考答案，选择题按E3计，正式评分材料候选仍待核实）,,不明,2026-09-24-attribution-v2
BJ-2026-XC-QIMO-Q6,BJ-2026-XC-QIMO-Q6,BJ-2026-XC-QIMO,6,选择题,,整题,MAYBE,完整题-选择题照收,E3,该题正式评分材料候选存在候选/存在冲突，未确认匹配，不下判（同时已有匹配参考答案，选择题按E3计，正式评分材料候选仍待核实）,,不明,2026-09-24-attribution-v2
BJ-2026-XC-QIMO-Q7,BJ-2026-XC-QIMO-Q7,BJ-2026-XC-QIMO,7,选择题,,整题,MAYBE,完整题-选择题照收,E3,该题正式评分材料候选存在候选/存在冲突，未确认匹配，不下判（同时已有匹配参考答案，选择题按E3计，正式评分材料候选仍待核实）,,不明,2026-09-24-attribution-v2
BJ-2026-XC-QIMO-Q8,BJ-2026-XC-QIMO-Q8,BJ-2026-XC-QIMO,8,选择题,,整题,MAYBE,完整题-选择题照收,E3,该题正式评分材料候选存在候选/存在冲突，未确认匹配，不下判（同时已有匹配参考答案，选择题按E3计，正式评分材料候选仍待核实）,,不明,2026-09-24-attribution-v2
BJ-2026-XC-QIMO-Q10,BJ-2026-XC-QIMO-Q10,BJ-2026-XC-QIMO,10,选择题,,整题,MAYBE,完整题-选择题照收,E3,该题正式评分材料候选存在候选/存在冲突，未确认匹配，不下判（同时已有匹配参考答案，选择题按E3计，正式评分材料候选仍待核实）,,不明,2026-09-24-attribution-v2
BJ-2026-TZ-QIMO-Q1,BJ-2026-TZ-QIMO-Q1,BJ-2026-TZ-QIMO,1,选择题,,整题,MAYBE,完整题-选择题照收,E1,逐题已匹配正式评分材料,,不明,2026-09-24-attribution-v2
BJ-2026-TZ-QIMO-Q2,BJ-2026-TZ-QIMO-Q2,BJ-2026-TZ-QIMO,2,选择题,,整题,MAYBE,完整题-选择题照收,E1,逐题已匹配正式评分材料,,倾向,2026-09-24-attribution-v2
BJ-2026-TZ-QIMO-Q3,BJ-2026-TZ-QIMO-Q3,BJ-2026-TZ-QIMO,3,选择题,,整题,MAYBE,完整题-选择题照收,E1,逐题已匹配正式评分材料,,倾向,2026-09-24-attribution-v2
BJ-2026-TZ-QIMO-Q17,BJ-2026-TZ-QIMO-Q17,BJ-2026-TZ-QIMO,17,主观题,,整题,MAYBE,完整题-有E1,E1,逐题已匹配正式评分材料,,倾向,2026-09-24-attribution-v2
BJ-2026-TZ-QIMO-Q19#1,BJ-2026-TZ-QIMO-Q19,BJ-2026-TZ-QIMO,19,主观题,1,小问,MAYBE,完整题-有E1,E1,逐题已匹配正式评分材料,,倾向,2026-09-24-attribution-v2
BJ-2026-TZ-QIMO-Q19#2,BJ-2026-TZ-QIMO-Q19,BJ-2026-TZ-QIMO,19,主观题,2,小问,MAYBE,完整题-有E1,E1,逐题已匹配正式评分材料,,不明,2026-09-24-attribution-v2
BJ-2026-TZ-QIMO-Q20,BJ-2026-TZ-QIMO-Q20,BJ-2026-TZ-QIMO,20,主观题,,整题,MAYBE,完整题-有E1,E1,逐题已匹配正式评分材料,,不明,2026-09-24-attribution-v2
BJ-2026-TZ-QIMO-Q21,BJ-2026-TZ-QIMO-Q21,BJ-2026-TZ-QIMO,21,主观题,,整题,MAYBE,完整题-有E1,E1,逐题已匹配正式评分材料,,不明,2026-09-24-attribution-v2
BJ-2026-TZ-QIMO-Q4,BJ-2026-TZ-QIMO-Q4,BJ-2026-TZ-QIMO,4,选择题,,整题,MAYBE,完整题-选择题照收,答案键来源未核实(候选未确认),该题正式评分材料候选存在候选/存在冲突，未确认匹配，不下判,,倾向,2026-09-24-attribution-v2
BJ-2026-TZ-QIMO-Q5,BJ-2026-TZ-QIMO-Q5,BJ-2026-TZ-QIMO,5,选择题,,整题,MAYBE,完整题-选择题照收,答案键来源未核实(候选未确认),该题正式评分材料候选存在候选/存在冲突，未确认匹配，不下判,,不明,2026-09-24-attribution-v2
BJ-2026-TZ-QIMO-Q7,BJ-2026-TZ-QIMO-Q7,BJ-2026-TZ-QIMO,7,选择题,,整题,MAYBE,完整题-选择题照收,答案键来源未核实(候选未确认),该题正式评分材料候选存在候选/存在冲突，未确认匹配，不下判,,不明,2026-09-24-attribution-v2
BJ-2026-TZ-QIMO-Q9,BJ-2026-TZ-QIMO-Q9,BJ-2026-TZ-QIMO,9,选择题,,整题,MAYBE,完整题-选择题照收,答案键来源未核实(候选未确认),该题正式评分材料候选存在候选/存在冲突，未确认匹配，不下判,,不明,2026-09-24-attribution-v2
BJ-2026-TZ-QIMO-Q10,BJ-2026-TZ-QIMO-Q10,BJ-2026-TZ-QIMO,10,选择题,,整题,MAYBE,完整题-选择题照收,答案键来源未核实(候选未确认),该题正式评分材料候选存在候选/存在冲突，未确认匹配，不下判,,不明,2026-09-24-attribution-v2
BJ-2026-TZ-QIMO-Q11,BJ-2026-TZ-QIMO-Q11,BJ-2026-TZ-QIMO,11,选择题,,整题,MAYBE,完整题-选择题照收,答案键来源未核实(候选未确认),该题正式评分材料候选存在候选/存在冲突，未确认匹配，不下判,,不明,2026-09-24-attribution-v2
BJ-2026-SJS-QIMO-Q16,BJ-2026-SJS-QIMO-Q16,BJ-2026-SJS-QIMO,16,主观题,,整题,MAYBE,收-具名例外,具名例外,具名例外:whole_exam_e3only | exams.csv BJ-2026-SJS-QIMO 行 notes 原话：Q1-Q20按2026石景山期末具名无正式细则例外使用E3（题库自身登记）; project-constitution.md:50 全项目当前只有2024顺义二模、2026石景山期末和2026北京高考三份具名试卷属于整卷无正式评分细则例外; book-philosophy.md:30、book-culture.md 书末E3例外段均列2026石景山期末,B1:rubric_unreadable_not_OUT;PH:rubric_unreadable_not_OUT;CU:rubric_unreadable_not_OUT;X1:rubric_unreadable_not_OUT;MI:rubric_unreadable_not_OUT;RE:rubric_unreadable_not_OUT,倾向,2026-09-24-attribution-v2
BJ-2026-SJS-QIMO-Q17,BJ-2026-SJS-QIMO-Q17,BJ-2026-SJS-QIMO,17,主观题,,整题,MAYBE,收-具名例外,具名例外,具名例外:whole_exam_e3only | exams.csv BJ-2026-SJS-QIMO 行 notes 原话：Q1-Q20按2026石景山期末具名无正式细则例外使用E3（题库自身登记）; project-constitution.md:50 全项目当前只有2024顺义二模、2026石景山期末和2026北京高考三份具名试卷属于整卷无正式评分细则例外; book-philosophy.md:30、book-culture.md 书末E3例外段均列2026石景山期末,,不明,2026-09-24-attribution-v2
BJ-2026-SJS-QIMO-Q20#1,BJ-2026-SJS-QIMO-Q20,BJ-2026-SJS-QIMO,20,主观题,1,小问,MAYBE,收-具名例外,具名例外,具名例外:whole_exam_e3only | exams.csv BJ-2026-SJS-QIMO 行 notes 原话：Q1-Q20按2026石景山期末具名无正式细则例外使用E3（题库自身登记）; project-constitution.md:50 全项目当前只有2024顺义二模、2026石景山期末和2026北京高考三份具名试卷属于整卷无正式评分细则例外; book-philosophy.md:30、book-culture.md 书末E3例外段均列2026石景山期末,,不明,2026-09-24-attribution-v2
BJ-2026-SJS-QIMO-Q20#2,BJ-2026-SJS-QIMO-Q20,BJ-2026-SJS-QIMO,20,主观题,2,小问,MAYBE,收-具名例外,具名例外,具名例外:whole_exam_e3only | exams.csv BJ-2026-SJS-QIMO 行 notes 原话：Q1-Q20按2026石景山期末具名无正式细则例外使用E3（题库自身登记）; project-constitution.md:50 全项目当前只有2024顺义二模、2026石景山期末和2026北京高考三份具名试卷属于整卷无正式评分细则例外; book-philosophy.md:30、book-culture.md 书末E3例外段均列2026石景山期末,,不明,2026-09-24-attribution-v2
BJ-2026-SJS-QIMO-Q3,BJ-2026-SJS-QIMO-Q3,BJ-2026-SJS-QIMO,3,选择题,,整题,MAYBE,收-具名例外,具名例外,具名例外:whole_exam_e3only | exams.csv BJ-2026-SJS-QIMO 行 notes 原话：Q1-Q20按2026石景山期末具名无正式细则例外使用E3（题库自身登记）; project-constitution.md:50 全项目当前只有2024顺义二模、2026石景山期末和2026北京高考三份具名试卷属于整卷无正式评分细则例外; book-philosophy.md:30、book-culture.md 书末E3例外段均列2026石景山期末,,不明,2026-09-24-attribution-v2
BJ-2026-SJS-QIMO-Q4,BJ-2026-SJS-QIMO-Q4,BJ-2026-SJS-QIMO,4,选择题,,整题,MAYBE,收-具名例外,具名例外,具名例外:whole_exam_e3only | exams.csv BJ-2026-SJS-QIMO 行 notes 原话：Q1-Q20按2026石景山期末具名无正式细则例外使用E3（题库自身登记）; project-constitution.md:50 全项目当前只有2024顺义二模、2026石景山期末和2026北京高考三份具名试卷属于整卷无正式评分细则例外; book-philosophy.md:30、book-culture.md 书末E3例外段均列2026石景山期末,,不明,2026-09-24-attribution-v2
BJ-2026-SJS-QIMO-Q5,BJ-2026-SJS-QIMO-Q5,BJ-2026-SJS-QIMO,5,选择题,,整题,MAYBE,收-具名例外,具名例外,具名例外:whole_exam_e3only | exams.csv BJ-2026-SJS-QIMO 行 notes 原话：Q1-Q20按2026石景山期末具名无正式细则例外使用E3（题库自身登记）; project-constitution.md:50 全项目当前只有2024顺义二模、2026石景山期末和2026北京高考三份具名试卷属于整卷无正式评分细则例外; book-philosophy.md:30、book-culture.md 书末E3例外段均列2026石景山期末,,不明,2026-09-24-attribution-v2
BJ-2026-SJS-QIMO-Q6,BJ-2026-SJS-QIMO-Q6,BJ-2026-SJS-QIMO,6,选择题,,整题,MAYBE,收-具名例外,具名例外,具名例外:whole_exam_e3only | exams.csv BJ-2026-SJS-QIMO 行 notes 原话：Q1-Q20按2026石景山期末具名无正式细则例外使用E3（题库自身登记）; project-constitution.md:50 全项目当前只有2024顺义二模、2026石景山期末和2026北京高考三份具名试卷属于整卷无正式评分细则例外; book-philosophy.md:30、book-culture.md 书末E3例外段均列2026石景山期末,,不明,2026-09-24-attribution-v2
BJ-2026-SJS-QIMO-Q7,BJ-2026-SJS-QIMO-Q7,BJ-2026-SJS-QIMO,7,选择题,,整题,MAYBE,收-具名例外,具名例外,具名例外:whole_exam_e3only | exams.csv BJ-2026-SJS-QIMO 行 notes 原话：Q1-Q20按2026石景山期末具名无正式细则例外使用E3（题库自身登记）; project-constitution.md:50 全项目当前只有2024顺义二模、2026石景山期末和2026北京高考三份具名试卷属于整卷无正式评分细则例外; book-philosophy.md:30、book-culture.md 书末E3例外段均列2026石景山期末,,不明,2026-09-24-attribution-v2
BJ-2026-SJS-QIMO-Q8,BJ-2026-SJS-QIMO-Q8,BJ-2026-SJS-QIMO,8,选择题,,整题,MAYBE,收-具名例外,具名例外,具名例外:whole_exam_e3only | exams.csv BJ-2026-SJS-QIMO 行 notes 原话：Q1-Q20按2026石景山期末具名无正式细则例外使用E3（题库自身登记）; project-constitution.md:50 全项目当前只有2024顺义二模、2026石景山期末和2026北京高考三份具名试卷属于整卷无正式评分细则例外; book-philosophy.md:30、book-culture.md 书末E3例外段均列2026石景山期末,,不明,2026-09-24-attribution-v2
BJ-2026-SJS-QIMO-Q9,BJ-2026-SJS-QIMO-Q9,BJ-2026-SJS-QIMO,9,选择题,,整题,MAYBE,收-具名例外,具名例外,具名例外:whole_exam_e3only | exams.csv BJ-2026-SJS-QIMO 行 notes 原话：Q1-Q20按2026石景山期末具名无正式细则例外使用E3（题库自身登记）; project-constitution.md:50 全项目当前只有2024顺义二模、2026石景山期末和2026北京高考三份具名试卷属于整卷无正式评分细则例外; book-philosophy.md:30、book-culture.md 书末E3例外段均列2026石景山期末,,不明,2026-09-24-attribution-v2
BJ-2026-SJS-QIMO-Q10,BJ-2026-SJS-QIMO-Q10,BJ-2026-SJS-QIMO,10,选择题,,整题,MAYBE,收-具名例外,具名例外,具名例外:whole_exam_e3only | exams.csv BJ-2026-SJS-QIMO 行 notes 原话：Q1-Q20按2026石景山期末具名无正式细则例外使用E3（题库自身登记）; project-constitution.md:50 全项目当前只有2024顺义二模、2026石景山期末和2026北京高考三份具名试卷属于整卷无正式评分细则例外; book-philosophy.md:30、book-culture.md 书末E3例外段均列2026石景山期末,,不明,2026-09-24-attribution-v2
BJ-2024-BJ-GAOKAO-Q1,BJ-2024-BJ-GAOKAO-Q1,BJ-2024-BJ-GAOKAO,1,选择题,,整题,MAYBE,完整题-选择题照收,E3,逐题已匹配参考答案,,倾向,2026-09-24-attribution-v2
BJ-2024-BJ-GAOKAO-Q2,BJ-2024-BJ-GAOKAO-Q2,BJ-2024-BJ-GAOKAO,2,选择题,,整题,MAYBE,完整题-选择题照收,E3,逐题已匹配参考答案,,倾向,2026-09-24-attribution-v2
BJ-2024-BJ-GAOKAO-Q4,BJ-2024-BJ-GAOKAO-Q4,BJ-2024-BJ-GAOKAO,4,选择题,,整题,MAYBE,完整题-选择题照收,E3,逐题已匹配参考答案,,倾向,2026-09-24-attribution-v2
BJ-2024-BJ-GAOKAO-Q5,BJ-2024-BJ-GAOKAO-Q5,BJ-2024-BJ-GAOKAO,5,选择题,,整题,MAYBE,完整题-选择题照收,E3,逐题已匹配参考答案,,不明,2026-09-24-attribution-v2
BJ-2024-BJ-GAOKAO-Q6,BJ-2024-BJ-GAOKAO-Q6,BJ-2024-BJ-GAOKAO,6,选择题,,整题,MAYBE,完整题-选择题照收,E3,逐题已匹配参考答案,,不明,2026-09-24-attribution-v2
BJ-2024-BJ-GAOKAO-Q7,BJ-2024-BJ-GAOKAO-Q7,BJ-2024-BJ-GAOKAO,7,选择题,,整题,MAYBE,完整题-选择题照收,E3,逐题已匹配参考答案,,不明,2026-09-24-attribution-v2
BJ-2024-BJ-GAOKAO-Q9,BJ-2024-BJ-GAOKAO-Q9,BJ-2024-BJ-GAOKAO,9,选择题,,整题,MAYBE,完整题-选择题照收,E3,逐题已匹配参考答案,identity:dup_covered_by=reasoning(等价类合并生效),不明,2026-09-24-attribution-v2
BJ-2024-BJ-GAOKAO-Q17,BJ-2024-BJ-GAOKAO-Q17,BJ-2024-BJ-GAOKAO,17,主观题,,整题,MAYBE,完整题-有E1,E1,具名核实-题库线缺口(rubric_links未收录，用户已核实为E1) | source-inventory.md:102 用户2026-09-22确认《2024年北京市高考政治试题分析(1)》【细则】为2024高考正式细则，按E1使用，不得因标题是'试题分析'降为教研候选；题库旧索引把2024北京高考记作无细则，属题库线待修（由题库负责人处理）。,identity:dup_covered_by=bixiu3(等价类合并生效),不明,2026-09-24-attribution-v2
BJ-2024-BJ-GAOKAO-Q19,BJ-2024-BJ-GAOKAO-Q19,BJ-2024-BJ-GAOKAO,19,主观题,,整题,MAYBE,完整题-有E1,E1,具名核实-题库线缺口(rubric_links未收录，用户已核实为E1) | source-inventory.md:102 用户2026-09-22确认《2024年北京市高考政治试题分析(1)》【细则】为2024高考正式细则，按E1使用，不得因标题是'试题分析'降为教研候选；题库旧索引把2024北京高考记作无细则，属题库线待修（由题库负责人处理）。,,不明,2026-09-24-attribution-v2
BJ-2024-BJ-GAOKAO-Q21#1,BJ-2024-BJ-GAOKAO-Q21,BJ-2024-BJ-GAOKAO,21,主观题,1,小问,MAYBE,完整题-有E1,E1,具名核实-题库线缺口(rubric_links未收录，用户已核实为E1) | source-inventory.md:102 用户2026-09-22确认《2024年北京市高考政治试题分析(1)》【细则】为2024高考正式细则，按E1使用，不得因标题是'试题分析'降为教研候选；题库旧索引把2024北京高考记作无细则，属题库线待修（由题库负责人处理）。,,不明,2026-09-24-attribution-v2
BJ-2024-BJ-GAOKAO-Q21#2,BJ-2024-BJ-GAOKAO-Q21,BJ-2024-BJ-GAOKAO,21,主观题,2,小问,MAYBE,完整题-有E1,E1,具名核实-题库线缺口(rubric_links未收录，用户已核实为E1) | source-inventory.md:102 用户2026-09-22确认《2024年北京市高考政治试题分析(1)》【细则】为2024高考正式细则，按E1使用，不得因标题是'试题分析'降为教研候选；题库旧索引把2024北京高考记作无细则，属题库线待修（由题库负责人处理）。,,不明,2026-09-24-attribution-v2
BJ-2025-BJ-GAOKAO-Q17,BJ-2025-BJ-GAOKAO-Q17,BJ-2025-BJ-GAOKAO,17,主观题,,整题,MAYBE,待裁决-证据未核实,待裁决-证据未核实候选,该题正式评分材料候选存在候选/存在冲突，未确认匹配，不下判,,不明,2026-09-24-attribution-v2
BJ-2025-BJ-GAOKAO-Q18#1,BJ-2025-BJ-GAOKAO-Q18,BJ-2025-BJ-GAOKAO,18,主观题,1,小问,MAYBE,待裁决-证据未核实,待裁决-证据未核实候选,该题正式评分材料候选存在候选/存在冲突，未确认匹配，不下判,,不明,2026-09-24-attribution-v2
BJ-2025-BJ-GAOKAO-Q18#2,BJ-2025-BJ-GAOKAO-Q18,BJ-2025-BJ-GAOKAO,18,主观题,2,小问,MAYBE,待裁决-证据未核实,待裁决-证据未核实候选,该题正式评分材料候选存在候选/存在冲突，未确认匹配，不下判,,不明,2026-09-24-attribution-v2
BJ-2025-BJ-GAOKAO-Q19#1,BJ-2025-BJ-GAOKAO-Q19,BJ-2025-BJ-GAOKAO,19,主观题,1,小问,MAYBE,待裁决-证据未核实,待裁决-证据未核实候选,该题正式评分材料候选存在候选/存在冲突，未确认匹配，不下判,,倾向,2026-09-24-attribution-v2
BJ-2025-BJ-GAOKAO-Q19#2,BJ-2025-BJ-GAOKAO-Q19,BJ-2025-BJ-GAOKAO,19,主观题,2,小问,MAYBE,待裁决-证据未核实,待裁决-证据未核实候选,该题正式评分材料候选存在候选/存在冲突，未确认匹配，不下判,,倾向,2026-09-24-attribution-v2
BJ-2025-BJ-GAOKAO-Q20,BJ-2025-BJ-GAOKAO-Q20,BJ-2025-BJ-GAOKAO,20,主观题,,整题,MAYBE,待裁决-证据未核实,待裁决-证据未核实候选,该题正式评分材料候选存在候选/存在冲突，未确认匹配，不下判,identity:dup_covered_by=mind(等价类合并生效),倾向,2026-09-24-attribution-v2
BJ-2025-BJ-GAOKAO-Q21#1,BJ-2025-BJ-GAOKAO-Q21,BJ-2025-BJ-GAOKAO,21,主观题,1,小问,MAYBE,待裁决-证据未核实,待裁决-证据未核实候选,该题正式评分材料候选存在候选/存在冲突，未确认匹配，不下判,identity:dup_covered_by=bixiu2;bixiu3(等价类合并生效),不明,2026-09-24-attribution-v2
BJ-2025-BJ-GAOKAO-Q21#2,BJ-2025-BJ-GAOKAO-Q21,BJ-2025-BJ-GAOKAO,21,主观题,2,小问,MAYBE,待裁决-证据未核实,待裁决-证据未核实候选,该题正式评分材料候选存在候选/存在冲突，未确认匹配，不下判,identity:dup_covered_by=bixiu2;bixiu3(等价类合并生效),不明,2026-09-24-attribution-v2
BJ-2025-BJ-GAOKAO-Q2,BJ-2025-BJ-GAOKAO-Q2,BJ-2025-BJ-GAOKAO,2,选择题,,整题,MAYBE,完整题-选择题照收,E3,该题正式评分材料候选存在候选/存在冲突，未确认匹配，不下判（同时已有匹配参考答案，选择题按E3计，正式评分材料候选仍待核实）,,倾向,2026-09-24-attribution-v2
BJ-2025-BJ-GAOKAO-Q4,BJ-2025-BJ-GAOKAO-Q4,BJ-2025-BJ-GAOKAO,4,选择题,,整题,MAYBE,完整题-选择题照收,E3,该题正式评分材料候选存在候选/存在冲突，未确认匹配，不下判（同时已有匹配参考答案，选择题按E3计，正式评分材料候选仍待核实）,,不明,2026-09-24-attribution-v2
BJ-2025-BJ-GAOKAO-Q5,BJ-2025-BJ-GAOKAO-Q5,BJ-2025-BJ-GAOKAO,5,选择题,,整题,MAYBE,完整题-选择题照收,E3,该题正式评分材料候选存在候选/存在冲突，未确认匹配，不下判（同时已有匹配参考答案，选择题按E3计，正式评分材料候选仍待核实）,,不明,2026-09-24-attribution-v2
BJ-2025-BJ-GAOKAO-Q6,BJ-2025-BJ-GAOKAO-Q6,BJ-2025-BJ-GAOKAO,6,选择题,,整题,MAYBE,完整题-选择题照收,E3,该题正式评分材料候选存在候选/存在冲突，未确认匹配，不下判（同时已有匹配参考答案，选择题按E3计，正式评分材料候选仍待核实）,,不明,2026-09-24-attribution-v2
BJ-2025-BJ-GAOKAO-Q7,BJ-2025-BJ-GAOKAO-Q7,BJ-2025-BJ-GAOKAO,7,选择题,,整题,MAYBE,完整题-选择题照收,E3,该题正式评分材料候选存在候选/存在冲突，未确认匹配，不下判（同时已有匹配参考答案，选择题按E3计，正式评分材料候选仍待核实）,,不明,2026-09-24-attribution-v2
BJ-2025-BJ-GAOKAO-Q8,BJ-2025-BJ-GAOKAO-Q8,BJ-2025-BJ-GAOKAO,8,选择题,,整题,MAYBE,完整题-选择题照收,E3,该题正式评分材料候选存在候选/存在冲突，未确认匹配，不下判（同时已有匹配参考答案，选择题按E3计，正式评分材料候选仍待核实）,,不明,2026-09-24-attribution-v2
BJ-2025-BJ-GAOKAO-Q9,BJ-2025-BJ-GAOKAO-Q9,BJ-2025-BJ-GAOKAO,9,选择题,,整题,MAYBE,完整题-选择题照收,E3,该题正式评分材料候选存在候选/存在冲突，未确认匹配，不下判（同时已有匹配参考答案，选择题按E3计，正式评分材料候选仍待核实）,,不明,2026-09-24-attribution-v2
BJ-2026-BJ-GAOKAO-Q1,BJ-2026-BJ-GAOKAO-Q1,BJ-2026-BJ-GAOKAO,1,选择题,,整题,MAYBE,完整题-选择题照收,E1,逐题已匹配正式评分材料,,不明,2026-09-24-attribution-v2
BJ-2026-BJ-GAOKAO-Q2,BJ-2026-BJ-GAOKAO-Q2,BJ-2026-BJ-GAOKAO,2,选择题,,整题,MAYBE,完整题-选择题照收,E1,逐题已匹配正式评分材料,,不明,2026-09-24-attribution-v2
BJ-2026-BJ-GAOKAO-Q7,BJ-2026-BJ-GAOKAO-Q7,BJ-2026-BJ-GAOKAO,7,选择题,,整题,MAYBE,完整题-选择题照收,E1,逐题已匹配正式评分材料,,不明,2026-09-24-attribution-v2
BJ-2026-BJ-GAOKAO-Q16,BJ-2026-BJ-GAOKAO-Q16,BJ-2026-BJ-GAOKAO,16,主观题,,整题,MAYBE,收-具名例外,具名例外,具名例外:whole_exam_no_rubric | project-constitution.md:13 special_override：2026-08-22 用户明确宣布 2026 北京高考为第三套整卷无正式细则例外; project-constitution.md:50 全项目当前只有2024顺义二模、2026石景山期末和用户于2026-08-22明确特批的2026北京高考三份具名试卷属于整卷无正式评分细则例外,,不明,2026-09-24-attribution-v2
BJ-2026-BJ-GAOKAO-Q18#1,BJ-2026-BJ-GAOKAO-Q18,BJ-2026-BJ-GAOKAO,18,主观题,1,小问,MAYBE,收-具名例外,具名例外,具名例外:whole_exam_no_rubric | project-constitution.md:13 special_override：2026-08-22 用户明确宣布 2026 北京高考为第三套整卷无正式细则例外; project-constitution.md:50 全项目当前只有2024顺义二模、2026石景山期末和用户于2026-08-22明确特批的2026北京高考三份具名试卷属于整卷无正式评分细则例外,,不明,2026-09-24-attribution-v2
BJ-2026-BJ-GAOKAO-Q18#2,BJ-2026-BJ-GAOKAO-Q18,BJ-2026-BJ-GAOKAO,18,主观题,2,小问,MAYBE,收-具名例外,具名例外,具名例外:whole_exam_no_rubric | project-constitution.md:13 special_override：2026-08-22 用户明确宣布 2026 北京高考为第三套整卷无正式细则例外; project-constitution.md:50 全项目当前只有2024顺义二模、2026石景山期末和用户于2026-08-22明确特批的2026北京高考三份具名试卷属于整卷无正式评分细则例外,,不明,2026-09-24-attribution-v2
BJ-2026-BJ-GAOKAO-Q19,BJ-2026-BJ-GAOKAO-Q19,BJ-2026-BJ-GAOKAO,19,主观题,,整题,MAYBE,收-具名例外,具名例外,具名例外:whole_exam_no_rubric | project-constitution.md:13 special_override：2026-08-22 用户明确宣布 2026 北京高考为第三套整卷无正式细则例外; project-constitution.md:50 全项目当前只有2024顺义二模、2026石景山期末和用户于2026-08-22明确特批的2026北京高考三份具名试卷属于整卷无正式评分细则例外,,不明,2026-09-24-attribution-v2
BJ-2026-BJ-GAOKAO-Q21,BJ-2026-BJ-GAOKAO-Q21,BJ-2026-BJ-GAOKAO,21,主观题,,整题,MAYBE,收-具名例外,具名例外,具名例外:whole_exam_no_rubric | project-constitution.md:13 special_override：2026-08-22 用户明确宣布 2026 北京高考为第三套整卷无正式细则例外; project-constitution.md:50 全项目当前只有2024顺义二模、2026石景山期末和用户于2026-08-22明确特批的2026北京高考三份具名试卷属于整卷无正式评分细则例外,,不明,2026-09-24-attribution-v2
BJ-2026-BJ-GAOKAO-Q5,BJ-2026-BJ-GAOKAO-Q5,BJ-2026-BJ-GAOKAO,5,选择题,,整题,MAYBE,完整题-选择题照收,E3,该题正式评分材料候选存在候选/存在冲突，未确认匹配，不下判（同时已有匹配参考答案，选择题按E3计，正式评分材料候选仍待核实）,,不明,2026-09-24-attribution-v2
BJ-2026-BJ-GAOKAO-Q6,BJ-2026-BJ-GAOKAO-Q6,BJ-2026-BJ-GAOKAO,6,选择题,,整题,MAYBE,完整题-选择题照收,答案键来源未核实(候选未确认),该题正式评分材料候选存在候选/存在冲突，未确认匹配，不下判,,不明,2026-09-24-attribution-v2
BJ-2026-BJ-GAOKAO-Q8,BJ-2026-BJ-GAOKAO-Q8,BJ-2026-BJ-GAOKAO,8,选择题,,整题,MAYBE,完整题-选择题照收,E3,该题正式评分材料候选存在候选/存在冲突，未确认匹配，不下判（同时已有匹配参考答案，选择题按E3计，正式评分材料候选仍待核实）,,不明,2026-09-24-attribution-v2
BJ-2026-BJ-GAOKAO-Q9,BJ-2026-BJ-GAOKAO-Q9,BJ-2026-BJ-GAOKAO,9,选择题,,整题,MAYBE,完整题-选择题照收,E3,该题正式评分材料候选存在候选/存在冲突，未确认匹配，不下判（同时已有匹配参考答案，选择题按E3计，正式评分材料候选仍待核实）,,不明,2026-09-24-attribution-v2
BJ-2026-BJ-GAOKAO-Q15,BJ-2026-BJ-GAOKAO-Q15,BJ-2026-BJ-GAOKAO,15,选择题,,整题,MAYBE,完整题-选择题照收,E3,该题正式评分材料候选存在候选/存在冲突，未确认匹配，不下判（同时已有匹配参考答案，选择题按E3计，正式评分材料候选仍待核实）,,不明,2026-09-24-attribution-v2
BJ-2026-FT-YIMO-Q5,BJ-2026-FT-YIMO-Q5,BJ-2026-FT-YIMO,5,选择题,,整题,MAYBE,完整题-选择题照收,缺答案键,"未在rubric_links.csv找到该题任何行(未核实,不是已确认无)",,不明,2026-09-24-attribution-v2
BJ-2026-FT-YIMO-Q7,BJ-2026-FT-YIMO-Q7,BJ-2026-FT-YIMO,7,选择题,,整题,MAYBE,完整题-选择题照收,缺答案键,"未在rubric_links.csv找到该题任何行(未核实,不是已确认无)",,不明,2026-09-24-attribution-v2
BJ-2026-FT-YIMO-Q9,BJ-2026-FT-YIMO-Q9,BJ-2026-FT-YIMO,9,选择题,,整题,MAYBE,完整题-选择题照收,缺答案键,"未在rubric_links.csv找到该题任何行(未核实,不是已确认无)",,不明,2026-09-24-attribution-v2
BJ-2023-XC-ERMO-Q1,BJ-2023-XC-ERMO-Q1,BJ-2023-XC-ERMO,1,选择题,,整题,MAYBE,完整题-选择题照收,缺答案键,"未在rubric_links.csv找到该题任何行(未核实,不是已确认无)",,不明,2026-09-24-attribution-v2
BJ-2023-XC-ERMO-Q7,BJ-2023-XC-ERMO-Q7,BJ-2023-XC-ERMO,7,选择题,,整题,MAYBE,完整题-选择题照收,缺答案键,"未在rubric_links.csv找到该题任何行(未核实,不是已确认无)",,不明,2026-09-24-attribution-v2
BJ-2024-XC-ERMO-Q1,BJ-2024-XC-ERMO-Q1,BJ-2024-XC-ERMO,1,选择题,,整题,MAYBE,完整题-选择题照收,缺答案键,"未在rubric_links.csv找到该题任何行(未核实,不是已确认无)",,不明,2026-09-24-attribution-v2
BJ-2024-XC-ERMO-Q4,BJ-2024-XC-ERMO-Q4,BJ-2024-XC-ERMO,4,选择题,,整题,MAYBE,完整题-选择题照收,缺答案键,"未在rubric_links.csv找到该题任何行(未核实,不是已确认无)",,不明,2026-09-24-attribution-v2
BJ-2024-XC-YIMO-Q5,BJ-2024-XC-YIMO-Q5,BJ-2024-XC-YIMO,5,选择题,,整题,MAYBE,完整题-选择题照收,缺答案键,"未在rubric_links.csv找到该题任何行(未核实,不是已确认无)",,不明,2026-09-24-attribution-v2
BJ-2026-XC-QIMO-Q9,BJ-2026-XC-QIMO-Q9,BJ-2026-XC-QIMO,9,选择题,,整题,MAYBE,完整题-选择题照收,缺答案键,"未在rubric_links.csv找到该题任何行(未核实,不是已确认无)",,不明,2026-09-24-attribution-v2
BJ-2024-SY-ERMO-Q17,BJ-2024-SY-ERMO-Q17,BJ-2024-SY-ERMO,17,主观题,,整题,MAYBE,收-具名例外,具名例外,具名例外:whole_exam_e3only | project-constitution.md:50 全项目当前只有2024顺义二模、2026石景山期末和2026北京高考三份具名试卷属于整卷无正式评分细则例外; exams.csv BJ-2024-SY-ERMO 行 notes 原话：独立E3参考答案，非E1; book-philosophy.md:30 书末例外严格限于2024顺义二模两题与2026石景山期末两题（该书目前只实际使用两题，不代表证据资格只有两题——证据资格按project-constitution:50为整卷）; book-culture.md 书末E3例外段：书末E3例外仍只允许2024顺义二模和2026石景山期末（同上，书用法与证据资格是两层）,,不明,2026-09-24-attribution-v2
BJ-2024-SY-ERMO-Q19#2,BJ-2024-SY-ERMO-Q19,BJ-2024-SY-ERMO,19,主观题,2,小问,MAYBE,收-具名例外,具名例外,具名例外:whole_exam_e3only | project-constitution.md:50 全项目当前只有2024顺义二模、2026石景山期末和2026北京高考三份具名试卷属于整卷无正式评分细则例外; exams.csv BJ-2024-SY-ERMO 行 notes 原话：独立E3参考答案，非E1; book-philosophy.md:30 书末例外严格限于2024顺义二模两题与2026石景山期末两题（该书目前只实际使用两题，不代表证据资格只有两题——证据资格按project-constitution:50为整卷）; book-culture.md 书末E3例外段：书末E3例外仍只允许2024顺义二模和2026石景山期末（同上，书用法与证据资格是两层）,,不明,2026-09-24-attribution-v2
BJ-2024-SY-ERMO-Q20#1,BJ-2024-SY-ERMO-Q20,BJ-2024-SY-ERMO,20,主观题,1,小问,MAYBE,收-具名例外,具名例外,具名例外:whole_exam_e3only | project-constitution.md:50 全项目当前只有2024顺义二模、2026石景山期末和2026北京高考三份具名试卷属于整卷无正式评分细则例外; exams.csv BJ-2024-SY-ERMO 行 notes 原话：独立E3参考答案，非E1; book-philosophy.md:30 书末例外严格限于2024顺义二模两题与2026石景山期末两题（该书目前只实际使用两题，不代表证据资格只有两题——证据资格按project-constitution:50为整卷）; book-culture.md 书末E3例外段：书末E3例外仍只允许2024顺义二模和2026石景山期末（同上，书用法与证据资格是两层）,,不明,2026-09-24-attribution-v2
BJ-2024-SY-ERMO-Q20#2,BJ-2024-SY-ERMO-Q20,BJ-2024-SY-ERMO,20,主观题,2,小问,MAYBE,收-具名例外,具名例外,具名例外:whole_exam_e3only | project-constitution.md:50 全项目当前只有2024顺义二模、2026石景山期末和2026北京高考三份具名试卷属于整卷无正式评分细则例外; exams.csv BJ-2024-SY-ERMO 行 notes 原话：独立E3参考答案，非E1; book-philosophy.md:30 书末例外严格限于2024顺义二模两题与2026石景山期末两题（该书目前只实际使用两题，不代表证据资格只有两题——证据资格按project-constitution:50为整卷）; book-culture.md 书末E3例外段：书末E3例外仍只允许2024顺义二模和2026石景山期末（同上，书用法与证据资格是两层）,,不明,2026-09-24-attribution-v2
BJ-2024-SY-ERMO-Q7,BJ-2024-SY-ERMO-Q7,BJ-2024-SY-ERMO,7,选择题,,整题,MAYBE,完整题-选择题照收,E3,逐题已匹配参考答案,,不明,2026-09-24-attribution-v2
BJ-2024-SY-ERMO-Q15,BJ-2024-SY-ERMO-Q15,BJ-2024-SY-ERMO,15,选择题,,整题,MAYBE,完整题-选择题照收,E3,逐题已匹配参考答案,,倾向,2026-09-24-attribution-v2
BJ-2024-SY-ERMO-Q18,BJ-2024-SY-ERMO-Q18,BJ-2024-SY-ERMO,18,主观题,,整题,MAYBE,收-具名例外,具名例外,具名例外:whole_exam_e3only | project-constitution.md:50 全项目当前只有2024顺义二模、2026石景山期末和2026北京高考三份具名试卷属于整卷无正式评分细则例外; exams.csv BJ-2024-SY-ERMO 行 notes 原话：独立E3参考答案，非E1; book-philosophy.md:30 书末例外严格限于2024顺义二模两题与2026石景山期末两题（该书目前只实际使用两题，不代表证据资格只有两题——证据资格按project-constitution:50为整卷）; book-culture.md 书末E3例外段：书末E3例外仍只允许2024顺义二模和2026石景山期末（同上，书用法与证据资格是两层）,B1:rubric_unreadable_not_OUT;B2:rubric_unreadable_not_OUT;PH:rubric_unreadable_not_OUT;CU:rubric_unreadable_not_OUT;X2:rubric_unreadable_not_OUT;MI:rubric_unreadable_not_OUT;RE:rubric_unreadable_not_OUT,确定,2026-09-24-attribution-v2
BJ-2024-SY-ERMO-Q6,BJ-2024-SY-ERMO-Q6,BJ-2024-SY-ERMO,6,选择题,,整题,MAYBE,完整题-选择题照收,E3,逐题已匹配参考答案,,不明,2026-09-24-attribution-v2
BJ-2024-SY-ERMO-Q9,BJ-2024-SY-ERMO-Q9,BJ-2024-SY-ERMO,9,选择题,,整题,MAYBE,完整题-选择题照收,E3,逐题已匹配参考答案,,不明,2026-09-24-attribution-v2
BJ-2026-FS-ERMO-Q13,BJ-2026-FS-ERMO-Q13,BJ-2026-FS-ERMO,13,主观题,,整题,MAYBE,不收-无E1,缺细则,"未在rubric_links.csv找到该题任何行(未核实,不是已确认无)",,不明,2026-09-24-attribution-v2
BJ-2026-FS-ERMO-Q15,BJ-2026-FS-ERMO-Q15,BJ-2026-FS-ERMO,15,主观题,,整题,MAYBE,不收-无E1,缺细则,"未在rubric_links.csv找到该题任何行(未核实,不是已确认无)",,不明,2026-09-24-attribution-v2
BJ-2023-HD-YIMO-Q1,BJ-2023-HD-YIMO-Q1,BJ-2023-HD-YIMO,1,选择题,,整题,MAYBE,完整题-选择题照收,缺答案键,"未在rubric_links.csv找到该题任何行(未核实,不是已确认无)",,不明,2026-09-24-attribution-v2
BJ-2023-HD-YIMO-Q2,BJ-2023-HD-YIMO-Q2,BJ-2023-HD-YIMO,2,选择题,,整题,MAYBE,完整题-选择题照收,缺答案键,"未在rubric_links.csv找到该题任何行(未核实,不是已确认无)",,不明,2026-09-24-attribution-v2
BJ-2023-HD-YIMO-Q3,BJ-2023-HD-YIMO-Q3,BJ-2023-HD-YIMO,3,选择题,,整题,MAYBE,完整题-选择题照收,缺答案键,"未在rubric_links.csv找到该题任何行(未核实,不是已确认无)",,不明,2026-09-24-attribution-v2
BJ-2023-HD-YIMO-Q4,BJ-2023-HD-YIMO-Q4,BJ-2023-HD-YIMO,4,选择题,,整题,MAYBE,完整题-选择题照收,缺答案键,"未在rubric_links.csv找到该题任何行(未核实,不是已确认无)",,不明,2026-09-24-attribution-v2
BJ-2023-HD-YIMO-Q5,BJ-2023-HD-YIMO-Q5,BJ-2023-HD-YIMO,5,选择题,,整题,MAYBE,完整题-选择题照收,缺答案键,"未在rubric_links.csv找到该题任何行(未核实,不是已确认无)",,不明,2026-09-24-attribution-v2
BJ-2023-HD-YIMO-Q6,BJ-2023-HD-YIMO-Q6,BJ-2023-HD-YIMO,6,选择题,,整题,MAYBE,完整题-选择题照收,缺答案键,"未在rubric_links.csv找到该题任何行(未核实,不是已确认无)",,不明,2026-09-24-attribution-v2
BJ-2023-HD-YIMO-Q7,BJ-2023-HD-YIMO-Q7,BJ-2023-HD-YIMO,7,选择题,,整题,MAYBE,完整题-选择题照收,缺答案键,"未在rubric_links.csv找到该题任何行(未核实,不是已确认无)",,不明,2026-09-24-attribution-v2
BJ-2023-HD-YIMO-Q9,BJ-2023-HD-YIMO-Q9,BJ-2023-HD-YIMO,9,选择题,,整题,MAYBE,完整题-选择题照收,缺答案键,"未在rubric_links.csv找到该题任何行(未核实,不是已确认无)",,不明,2026-09-24-attribution-v2
BJ-2023-HD-YIMO-Q13,BJ-2023-HD-YIMO-Q13,BJ-2023-HD-YIMO,13,选择题,,整题,MAYBE,完整题-选择题照收,缺答案键,"未在rubric_links.csv找到该题任何行(未核实,不是已确认无)",,不明,2026-09-24-attribution-v2
BJ-2023-HD-YIMO-Q15,BJ-2023-HD-YIMO-Q15,BJ-2023-HD-YIMO,15,选择题,,整题,MAYBE,完整题-选择题照收,缺答案键,"未在rubric_links.csv找到该题任何行(未核实,不是已确认无)",,倾向,2026-09-24-attribution-v2
BJ-2026-FT-ERMO-Q9,BJ-2026-FT-ERMO-Q9,BJ-2026-FT-ERMO,9,选择题,,整题,MAYBE,完整题-选择题照收,缺答案键,"未在rubric_links.csv找到该题任何行(未核实,不是已确认无)",,不明,2026-09-24-attribution-v2
BJ-2026-FT-ERMO-Q20,BJ-2026-FT-ERMO-Q20,BJ-2026-FT-ERMO,20,主观题,,整题,MAYBE,不收-无E1,缺细则,"未在rubric_links.csv找到该题任何行(未核实,不是已确认无)",B1:rubric_unreadable_not_OUT;B3:rubric_unreadable_not_OUT;PH:rubric_unreadable_not_OUT;CU:rubric_unreadable_not_OUT;X2:rubric_unreadable_not_OUT;MI:rubric_unreadable_not_OUT;RE:rubric_unreadable_not_OUT,倾向,2026-09-24-attribution-v2
BJ-2024-MTG-YIMO-Q7,BJ-2024-MTG-YIMO-Q7,BJ-2024-MTG-YIMO,7,选择题,,整题,MAYBE,完整题-选择题照收,汇编片段(assembly_blocks.csv)，原卷/正式评分载体尚未取得,,assembly_only_unclassified：题号/题型由汇编标注文本粗略推断，未经classify.py九模块判定，全部模块列MAYBE，需人工/模型核实模块归属,汇编候选-未分类器处理,2026-09-24-attribution-v2
BJ-2024-MTG-YIMO-Q4,BJ-2024-MTG-YIMO-Q4,BJ-2024-MTG-YIMO,4,选择题,,整题,MAYBE,完整题-选择题照收,汇编片段(assembly_blocks.csv)，原卷/正式评分载体尚未取得,,assembly_only_unclassified：题号/题型由汇编标注文本粗略推断，未经classify.py九模块判定，全部模块列MAYBE，需人工/模型核实模块归属,汇编候选-未分类器处理,2026-09-24-attribution-v2
BJ-2024-MTG-YIMO-Q6,BJ-2024-MTG-YIMO-Q6,BJ-2024-MTG-YIMO,6,选择题,,整题,MAYBE,完整题-选择题照收,汇编片段(assembly_blocks.csv)，原卷/正式评分载体尚未取得,,assembly_only_unclassified：题号/题型由汇编标注文本粗略推断，未经classify.py九模块判定，全部模块列MAYBE，需人工/模型核实模块归属,汇编候选-未分类器处理,2026-09-24-attribution-v2
BJ-2024-MTG-YIMO-Q12,BJ-2024-MTG-YIMO-Q12,BJ-2024-MTG-YIMO,12,选择题,,整题,MAYBE,完整题-选择题照收,汇编片段(assembly_blocks.csv)，原卷/正式评分载体尚未取得,,assembly_only_unclassified：题号/题型由汇编标注文本粗略推断，未经classify.py九模块判定，全部模块列MAYBE，需人工/模型核实模块归属,汇编候选-未分类器处理,2026-09-24-attribution-v2
BJ-2024-FS-YIMO-Q2,BJ-2024-FS-YIMO-Q2,BJ-2024-FS-YIMO,2,选择题,,整题,MAYBE,完整题-选择题照收,汇编片段(assembly_blocks.csv)，原卷/正式评分载体尚未取得,,assembly_only_unclassified：题号/题型由汇编标注文本粗略推断，未经classify.py九模块判定，全部模块列MAYBE，需人工/模型核实模块归属,汇编候选-未分类器处理,2026-09-24-attribution-v2
BJ-2024-FS-YIMO-Q19,BJ-2024-FS-YIMO-Q19,BJ-2024-FS-YIMO,19,主观题,,整题,MAYBE,待裁决-证据未核实,汇编片段(assembly_blocks.csv)，原卷/正式评分载体尚未取得,,assembly_only_unclassified：题号/题型由汇编标注文本粗略推断，未经classify.py九模块判定，全部模块列MAYBE，需人工/模型核实模块归属,汇编候选-未分类器处理,2026-09-24-attribution-v2
BJ-2024-FS-YIMO-Q12,BJ-2024-FS-YIMO-Q12,BJ-2024-FS-YIMO,12,选择题,,整题,MAYBE,完整题-选择题照收,汇编片段(assembly_blocks.csv)，原卷/正式评分载体尚未取得,,assembly_only_unclassified：题号/题型由汇编标注文本粗略推断，未经classify.py九模块判定，全部模块列MAYBE，需人工/模型核实模块归属,汇编候选-未分类器处理,2026-09-24-attribution-v2
BJ-2024-FS-YIMO-Q13,BJ-2024-FS-YIMO-Q13,BJ-2024-FS-YIMO,13,主观题,,整题,MAYBE,待裁决-证据未核实,汇编片段(assembly_blocks.csv)，原卷/正式评分载体尚未取得,,assembly_only_unclassified：题号/题型由汇编标注文本粗略推断，未经classify.py九模块判定，全部模块列MAYBE，需人工/模型核实模块归属,汇编候选-未分类器处理,2026-09-24-attribution-v2
BJ-2024-FS-YIMO-Q17,BJ-2024-FS-YIMO-Q17,BJ-2024-FS-YIMO,17,选择题,,整题,MAYBE,完整题-选择题照收,汇编片段(assembly_blocks.csv)，原卷/正式评分载体尚未取得,,assembly_only_unclassified：题号/题型由汇编标注文本粗略推断，未经classify.py九模块判定，全部模块列MAYBE，需人工/模型核实模块归属,汇编候选-未分类器处理,2026-09-24-attribution-v2
