unit_id,qid,exam_id_canonical,num,type,subq,grain,归属_X2,admission,evidence,evidence_detail,script_tier,rule_version
BJ-2023-FT-YIMO-Q1,BJ-2023-FT-YIMO-Q1,BJ-2023-FT-YIMO,1,选择题,,整题,OUT,完整题-选择题照收,E3,逐题已匹配参考答案,不明,2026-09-24-attribution-v2
BJ-2023-FT-YIMO-Q2,BJ-2023-FT-YIMO-Q2,BJ-2023-FT-YIMO,2,选择题,,整题,OUT,完整题-选择题照收,E3,逐题已匹配参考答案,不明,2026-09-24-attribution-v2
BJ-2023-FT-YIMO-Q3,BJ-2023-FT-YIMO-Q3,BJ-2023-FT-YIMO,3,选择题,,整题,OUT,完整题-选择题照收,E3,逐题已匹配参考答案,不明,2026-09-24-attribution-v2
BJ-2023-FT-YIMO-Q4,BJ-2023-FT-YIMO-Q4,BJ-2023-FT-YIMO,4,选择题,,整题,OUT,完整题-选择题照收,E3,逐题已匹配参考答案,不明,2026-09-24-attribution-v2
BJ-2023-FT-YIMO-Q5,BJ-2023-FT-YIMO-Q5,BJ-2023-FT-YIMO,5,选择题,,整题,OUT,完整题-选择题照收,E3,逐题已匹配参考答案,不明,2026-09-24-attribution-v2
BJ-2023-FT-YIMO-Q6,BJ-2023-FT-YIMO-Q6,BJ-2023-FT-YIMO,6,选择题,,整题,OUT,完整题-选择题照收,E3,逐题已匹配参考答案,不明,2026-09-24-attribution-v2
BJ-2023-FT-YIMO-Q7,BJ-2023-FT-YIMO-Q7,BJ-2023-FT-YIMO,7,选择题,,整题,OUT,完整题-选择题照收,E3,逐题已匹配参考答案,不明,2026-09-24-attribution-v2
BJ-2023-FT-YIMO-Q8,BJ-2023-FT-YIMO-Q8,BJ-2023-FT-YIMO,8,选择题,,整题,OUT,完整题-选择题照收,E3,逐题已匹配参考答案,倾向,2026-09-24-attribution-v2
BJ-2023-FT-YIMO-Q15,BJ-2023-FT-YIMO-Q15,BJ-2023-FT-YIMO,15,选择题,,整题,OUT,完整题-选择题照收,E3,逐题已匹配参考答案,不明,2026-09-24-attribution-v2
BJ-2024-CY-QIZHONG-Q1,BJ-2024-CY-QIZHONG-Q1,BJ-2024-CY-QIZHONG,1,选择题,,整题,OUT,完整题-选择题照收,E3,逐题已匹配参考答案,倾向,2026-09-24-attribution-v2
BJ-2024-CY-QIZHONG-Q2,BJ-2024-CY-QIZHONG-Q2,BJ-2024-CY-QIZHONG,2,选择题,,整题,OUT,完整题-选择题照收,E3,逐题已匹配参考答案,倾向,2026-09-24-attribution-v2
BJ-2024-CY-QIZHONG-Q3,BJ-2024-CY-QIZHONG-Q3,BJ-2024-CY-QIZHONG,3,选择题,,整题,OUT,完整题-选择题照收,E3,逐题已匹配参考答案,不明,2026-09-24-attribution-v2
BJ-2024-CY-QIZHONG-Q4,BJ-2024-CY-QIZHONG-Q4,BJ-2024-CY-QIZHONG,4,选择题,,整题,OUT,完整题-选择题照收,E3,逐题已匹配参考答案,不明,2026-09-24-attribution-v2
BJ-2024-CY-QIZHONG-Q5,BJ-2024-CY-QIZHONG-Q5,BJ-2024-CY-QIZHONG,5,选择题,,整题,OUT,完整题-选择题照收,E3,逐题已匹配参考答案,不明,2026-09-24-attribution-v2
BJ-2024-CY-QIZHONG-Q8,BJ-2024-CY-QIZHONG-Q8,BJ-2024-CY-QIZHONG,8,选择题,,整题,OUT,完整题-选择题照收,E3,逐题已匹配参考答案,不明,2026-09-24-attribution-v2
BJ-2024-CY-QIZHONG-Q14,BJ-2024-CY-QIZHONG-Q14,BJ-2024-CY-QIZHONG,14,选择题,,整题,OUT,完整题-选择题照收,E3,逐题已匹配参考答案,不明,2026-09-24-attribution-v2
BJ-2024-CY-QIZHONG-Q15,BJ-2024-CY-QIZHONG-Q15,BJ-2024-CY-QIZHONG,15,选择题,,整题,OUT,完整题-选择题照收,E3,逐题已匹配参考答案,不明,2026-09-24-attribution-v2
BJ-2025-CY-ERMO-Q1,BJ-2025-CY-ERMO-Q1,BJ-2025-CY-ERMO,1,选择题,,整题,OUT,完整题-选择题照收,E3,逐题已匹配参考答案,倾向,2026-09-24-attribution-v2
BJ-2025-CY-ERMO-Q2,BJ-2025-CY-ERMO-Q2,BJ-2025-CY-ERMO,2,选择题,,整题,OUT,完整题-选择题照收,E3,逐题已匹配参考答案,不明,2026-09-24-attribution-v2
BJ-2025-CY-ERMO-Q3,BJ-2025-CY-ERMO-Q3,BJ-2025-CY-ERMO,3,选择题,,整题,OUT,完整题-选择题照收,E3,逐题已匹配参考答案,不明,2026-09-24-attribution-v2
BJ-2025-CY-ERMO-Q4,BJ-2025-CY-ERMO-Q4,BJ-2025-CY-ERMO,4,选择题,,整题,OUT,完整题-选择题照收,E3,逐题已匹配参考答案,不明,2026-09-24-attribution-v2
BJ-2025-CY-ERMO-Q5,BJ-2025-CY-ERMO-Q5,BJ-2025-CY-ERMO,5,选择题,,整题,OUT,完整题-选择题照收,E3,逐题已匹配参考答案,不明,2026-09-24-attribution-v2
BJ-2025-CY-ERMO-Q6,BJ-2025-CY-ERMO-Q6,BJ-2025-CY-ERMO,6,选择题,,整题,OUT,完整题-选择题照收,E3,逐题已匹配参考答案,不明,2026-09-24-attribution-v2
BJ-2025-CY-ERMO-Q7,BJ-2025-CY-ERMO-Q7,BJ-2025-CY-ERMO,7,选择题,,整题,OUT,完整题-选择题照收,E3,逐题已匹配参考答案,不明,2026-09-24-attribution-v2
BJ-2025-CY-ERMO-Q8,BJ-2025-CY-ERMO-Q8,BJ-2025-CY-ERMO,8,选择题,,整题,OUT,完整题-选择题照收,E3,逐题已匹配参考答案,倾向,2026-09-24-attribution-v2
BJ-2025-CY-ERMO-Q13,BJ-2025-CY-ERMO-Q13,BJ-2025-CY-ERMO,13,选择题,,整题,OUT,完整题-选择题照收,E3,逐题已匹配参考答案,倾向,2026-09-24-attribution-v2
BJ-2025-CY-ERMO-Q14,BJ-2025-CY-ERMO-Q14,BJ-2025-CY-ERMO,14,选择题,,整题,OUT,完整题-选择题照收,E3,逐题已匹配参考答案,不明,2026-09-24-attribution-v2
BJ-2025-CY-ERMO-Q15,BJ-2025-CY-ERMO-Q15,BJ-2025-CY-ERMO,15,选择题,,整题,OUT,完整题-选择题照收,E3,逐题已匹配参考答案,不明,2026-09-24-attribution-v2
BJ-2025-CY-ERMO-Q16,BJ-2025-CY-ERMO-Q16,BJ-2025-CY-ERMO,16,主观题,,整题,OUT,完整题-有E1,E1,逐题已匹配正式评分材料,不明,2026-09-24-attribution-v2
BJ-2025-CY-ERMO-Q17,BJ-2025-CY-ERMO-Q17,BJ-2025-CY-ERMO,17,主观题,,整题,OUT,完整题-有E1,E1,逐题已匹配正式评分材料,倾向,2026-09-24-attribution-v2
BJ-2025-CY-ERMO-Q21,BJ-2025-CY-ERMO-Q21,BJ-2025-CY-ERMO,21,主观题,,整题,OUT,完整题-有E1,E1,逐题已匹配正式评分材料,不明,2026-09-24-attribution-v2
BJ-2023-FT-ERMO-Q1,BJ-2023-FT-ERMO-Q1,BJ-2023-FT-ERMO,1,选择题,,整题,OUT,完整题-选择题照收,E3,逐题已匹配参考答案,不明,2026-09-24-attribution-v2
BJ-2023-FT-ERMO-Q2,BJ-2023-FT-ERMO-Q2,BJ-2023-FT-ERMO,2,选择题,,整题,OUT,完整题-选择题照收,E3,逐题已匹配参考答案,不明,2026-09-24-attribution-v2
BJ-2023-FT-ERMO-Q3,BJ-2023-FT-ERMO-Q3,BJ-2023-FT-ERMO,3,选择题,,整题,OUT,完整题-选择题照收,E3,逐题已匹配参考答案,不明,2026-09-24-attribution-v2
BJ-2023-FT-ERMO-Q4,BJ-2023-FT-ERMO-Q4,BJ-2023-FT-ERMO,4,选择题,,整题,OUT,完整题-选择题照收,E3,逐题已匹配参考答案,不明,2026-09-24-attribution-v2
BJ-2023-FT-ERMO-Q5,BJ-2023-FT-ERMO-Q5,BJ-2023-FT-ERMO,5,选择题,,整题,OUT,完整题-选择题照收,E3,逐题已匹配参考答案,不明,2026-09-24-attribution-v2
BJ-2023-FT-ERMO-Q6,BJ-2023-FT-ERMO-Q6,BJ-2023-FT-ERMO,6,选择题,,整题,OUT,完整题-选择题照收,E3,逐题已匹配参考答案,不明,2026-09-24-attribution-v2
BJ-2023-FT-ERMO-Q7,BJ-2023-FT-ERMO-Q7,BJ-2023-FT-ERMO,7,选择题,,整题,OUT,完整题-选择题照收,E3,逐题已匹配参考答案,不明,2026-09-24-attribution-v2
BJ-2023-FT-ERMO-Q8,BJ-2023-FT-ERMO-Q8,BJ-2023-FT-ERMO,8,选择题,,整题,OUT,完整题-选择题照收,E3,逐题已匹配参考答案,倾向,2026-09-24-attribution-v2
BJ-2023-FT-ERMO-Q14,BJ-2023-FT-ERMO-Q14,BJ-2023-FT-ERMO,14,选择题,,整题,OUT,完整题-选择题照收,E3,逐题已匹配参考答案,不明,2026-09-24-attribution-v2
BJ-2023-FT-ERMO-Q15,BJ-2023-FT-ERMO-Q15,BJ-2023-FT-ERMO,15,选择题,,整题,OUT,完整题-选择题照收,E3,逐题已匹配参考答案,倾向,2026-09-24-attribution-v2
BJ-2020-BJ-GAOKAO-Q1,BJ-2020-BJ-GAOKAO-Q1,BJ-2020-BJ-GAOKAO,1,选择题,,整题,OUT,完整题-选择题照收,E3,逐题已匹配参考答案,不明,2026-09-24-attribution-v2
BJ-2020-BJ-GAOKAO-Q2,BJ-2020-BJ-GAOKAO-Q2,BJ-2020-BJ-GAOKAO,2,选择题,,整题,OUT,完整题-选择题照收,E3,逐题已匹配参考答案,倾向,2026-09-24-attribution-v2
BJ-2020-BJ-GAOKAO-Q3,BJ-2020-BJ-GAOKAO-Q3,BJ-2020-BJ-GAOKAO,3,选择题,,整题,OUT,完整题-选择题照收,E3,逐题已匹配参考答案,不明,2026-09-24-attribution-v2
BJ-2020-BJ-GAOKAO-Q4,BJ-2020-BJ-GAOKAO-Q4,BJ-2020-BJ-GAOKAO,4,选择题,,整题,OUT,完整题-选择题照收,E3,逐题已匹配参考答案,不明,2026-09-24-attribution-v2
BJ-2020-BJ-GAOKAO-Q5,BJ-2020-BJ-GAOKAO-Q5,BJ-2020-BJ-GAOKAO,5,选择题,,整题,OUT,完整题-选择题照收,E3,逐题已匹配参考答案,不明,2026-09-24-attribution-v2
BJ-2020-BJ-GAOKAO-Q8,BJ-2020-BJ-GAOKAO-Q8,BJ-2020-BJ-GAOKAO,8,选择题,,整题,OUT,完整题-选择题照收,E3,逐题已匹配参考答案,不明,2026-09-24-attribution-v2
BJ-2020-BJ-GAOKAO-Q14,BJ-2020-BJ-GAOKAO-Q14,BJ-2020-BJ-GAOKAO,14,选择题,,整题,OUT,完整题-选择题照收,E3,逐题已匹配参考答案,不明,2026-09-24-attribution-v2
BJ-2020-BJ-GAOKAO-Q15,BJ-2020-BJ-GAOKAO-Q15,BJ-2020-BJ-GAOKAO,15,选择题,,整题,OUT,完整题-选择题照收,E3,逐题已匹配参考答案,倾向,2026-09-24-attribution-v2
BJ-2020-BJ-GAOKAO-Q16#1,BJ-2020-BJ-GAOKAO-Q16,BJ-2020-BJ-GAOKAO,16,主观题,1,小问,OUT,完整题-有E1,E1,逐题已匹配正式评分材料,不明,2026-09-24-attribution-v2
BJ-2020-BJ-GAOKAO-Q16#2,BJ-2020-BJ-GAOKAO-Q16,BJ-2020-BJ-GAOKAO,16,主观题,2,小问,OUT,完整题-有E1,E1,逐题已匹配正式评分材料,不明,2026-09-24-attribution-v2
BJ-2020-BJ-GAOKAO-Q17#1,BJ-2020-BJ-GAOKAO-Q17,BJ-2020-BJ-GAOKAO,17,主观题,1,小问,OUT,完整题-有E1,E1,逐题已匹配正式评分材料,倾向,2026-09-24-attribution-v2
BJ-2020-BJ-GAOKAO-Q20,BJ-2020-BJ-GAOKAO-Q20,BJ-2020-BJ-GAOKAO,20,主观题,,整题,OUT,完整题-有E1,E1,逐题已匹配正式评分材料,倾向,2026-09-24-attribution-v2
BJ-2020-BJ-GAOKAO-Q21,BJ-2020-BJ-GAOKAO-Q21,BJ-2020-BJ-GAOKAO,21,主观题,,整题,OUT,完整题-有E1,E1,逐题已匹配正式评分材料,不明,2026-09-24-attribution-v2
BJ-2023-CY-YIMO-Q1,BJ-2023-CY-YIMO-Q1,BJ-2023-CY-YIMO,1,选择题,,整题,OUT,完整题-选择题照收,E3,逐题已匹配参考答案,不明,2026-09-24-attribution-v2
BJ-2023-CY-YIMO-Q2,BJ-2023-CY-YIMO-Q2,BJ-2023-CY-YIMO,2,选择题,,整题,OUT,完整题-选择题照收,E3,逐题已匹配参考答案,不明,2026-09-24-attribution-v2
BJ-2023-CY-YIMO-Q3,BJ-2023-CY-YIMO-Q3,BJ-2023-CY-YIMO,3,选择题,,整题,OUT,完整题-选择题照收,E3,逐题已匹配参考答案,不明,2026-09-24-attribution-v2
BJ-2023-CY-YIMO-Q4,BJ-2023-CY-YIMO-Q4,BJ-2023-CY-YIMO,4,选择题,,整题,OUT,完整题-选择题照收,E3,逐题已匹配参考答案,不明,2026-09-24-attribution-v2
BJ-2023-CY-YIMO-Q5,BJ-2023-CY-YIMO-Q5,BJ-2023-CY-YIMO,5,选择题,,整题,OUT,完整题-选择题照收,E3,逐题已匹配参考答案,不明,2026-09-24-attribution-v2
BJ-2023-CY-YIMO-Q6,BJ-2023-CY-YIMO-Q6,BJ-2023-CY-YIMO,6,选择题,,整题,OUT,完整题-选择题照收,E3,逐题已匹配参考答案,不明,2026-09-24-attribution-v2
BJ-2023-CY-YIMO-Q7,BJ-2023-CY-YIMO-Q7,BJ-2023-CY-YIMO,7,选择题,,整题,OUT,完整题-选择题照收,E3,逐题已匹配参考答案,不明,2026-09-24-attribution-v2
BJ-2023-CY-YIMO-Q8,BJ-2023-CY-YIMO-Q8,BJ-2023-CY-YIMO,8,选择题,,整题,OUT,完整题-选择题照收,E3,逐题已匹配参考答案,不明,2026-09-24-attribution-v2
BJ-2023-CY-YIMO-Q15,BJ-2023-CY-YIMO-Q15,BJ-2023-CY-YIMO,15,选择题,,整题,OUT,完整题-选择题照收,E3,逐题已匹配参考答案,不明,2026-09-24-attribution-v2
BJ-2023-CY-YIMO-Q16,BJ-2023-CY-YIMO-Q16,BJ-2023-CY-YIMO,16,主观题,,整题,OUT,不收-无E1,E3,逐题已匹配参考答案,不明,2026-09-24-attribution-v2
BJ-2023-CY-YIMO-Q20#1,BJ-2023-CY-YIMO-Q20,BJ-2023-CY-YIMO,20,主观题,1,小问,OUT,不收-无E1,E3,逐题已匹配参考答案,倾向,2026-09-24-attribution-v2
BJ-2023-CY-YIMO-Q20#2,BJ-2023-CY-YIMO-Q20,BJ-2023-CY-YIMO,20,主观题,2,小问,OUT,不收-无E1,E3,逐题已匹配参考答案,不明,2026-09-24-attribution-v2
BJ-2024-CY-YIMO-Q1,BJ-2024-CY-YIMO-Q1,BJ-2024-CY-YIMO,1,选择题,,整题,OUT,完整题-选择题照收,E3,逐题已匹配参考答案,倾向,2026-09-24-attribution-v2
BJ-2024-CY-YIMO-Q3,BJ-2024-CY-YIMO-Q3,BJ-2024-CY-YIMO,3,选择题,,整题,OUT,完整题-选择题照收,E3,逐题已匹配参考答案,不明,2026-09-24-attribution-v2
BJ-2024-CY-YIMO-Q4,BJ-2024-CY-YIMO-Q4,BJ-2024-CY-YIMO,4,选择题,,整题,OUT,完整题-选择题照收,E3,逐题已匹配参考答案,不明,2026-09-24-attribution-v2
BJ-2024-CY-YIMO-Q5,BJ-2024-CY-YIMO-Q5,BJ-2024-CY-YIMO,5,选择题,,整题,OUT,完整题-选择题照收,E3,逐题已匹配参考答案,不明,2026-09-24-attribution-v2
BJ-2024-CY-YIMO-Q7,BJ-2024-CY-YIMO-Q7,BJ-2024-CY-YIMO,7,选择题,,整题,OUT,完整题-选择题照收,E3,逐题已匹配参考答案,不明,2026-09-24-attribution-v2
BJ-2024-CY-YIMO-Q8,BJ-2024-CY-YIMO-Q8,BJ-2024-CY-YIMO,8,选择题,,整题,OUT,完整题-选择题照收,E3,逐题已匹配参考答案,倾向,2026-09-24-attribution-v2
BJ-2024-CY-YIMO-Q13,BJ-2024-CY-YIMO-Q13,BJ-2024-CY-YIMO,13,选择题,,整题,OUT,完整题-选择题照收,E3,逐题已匹配参考答案,倾向,2026-09-24-attribution-v2
BJ-2024-CY-YIMO-Q14,BJ-2024-CY-YIMO-Q14,BJ-2024-CY-YIMO,14,选择题,,整题,OUT,完整题-选择题照收,E3,逐题已匹配参考答案,不明,2026-09-24-attribution-v2
BJ-2024-CY-YIMO-Q15,BJ-2024-CY-YIMO-Q15,BJ-2024-CY-YIMO,15,选择题,,整题,OUT,完整题-选择题照收,E3,逐题已匹配参考答案,不明,2026-09-24-attribution-v2
BJ-2024-CY-YIMO-Q17,BJ-2024-CY-YIMO-Q17,BJ-2024-CY-YIMO,17,主观题,,整题,OUT,完整题-有E1,E1,逐题已匹配正式评分材料,倾向,2026-09-24-attribution-v2
BJ-2024-CY-YIMO-Q20#1,BJ-2024-CY-YIMO-Q20,BJ-2024-CY-YIMO,20,主观题,1,小问,OUT,完整题-有E1,E1,逐题已匹配正式评分材料,确定,2026-09-24-attribution-v2
BJ-2024-CY-YIMO-Q20#2,BJ-2024-CY-YIMO-Q20,BJ-2024-CY-YIMO,20,主观题,2,小问,OUT,完整题-有E1,E1,逐题已匹配正式评分材料,确定,2026-09-24-attribution-v2
BJ-2024-CY-YIMO-Q21,BJ-2024-CY-YIMO-Q21,BJ-2024-CY-YIMO,21,主观题,,整题,OUT,完整题-有E1,E1,逐题已匹配正式评分材料,倾向,2026-09-24-attribution-v2
BJ-2023-DC-ERMO-Q1,BJ-2023-DC-ERMO-Q1,BJ-2023-DC-ERMO,1,选择题,,整题,OUT,完整题-选择题照收,E3,逐题已匹配参考答案,倾向,2026-09-24-attribution-v2
BJ-2023-DC-ERMO-Q2,BJ-2023-DC-ERMO-Q2,BJ-2023-DC-ERMO,2,选择题,,整题,OUT,完整题-选择题照收,E3,逐题已匹配参考答案,不明,2026-09-24-attribution-v2
BJ-2023-DC-ERMO-Q3,BJ-2023-DC-ERMO-Q3,BJ-2023-DC-ERMO,3,选择题,,整题,OUT,完整题-选择题照收,E3,逐题已匹配参考答案,不明,2026-09-24-attribution-v2
BJ-2023-DC-ERMO-Q4,BJ-2023-DC-ERMO-Q4,BJ-2023-DC-ERMO,4,选择题,,整题,OUT,完整题-选择题照收,E3,逐题已匹配参考答案,不明,2026-09-24-attribution-v2
BJ-2023-DC-ERMO-Q5,BJ-2023-DC-ERMO-Q5,BJ-2023-DC-ERMO,5,选择题,,整题,OUT,完整题-选择题照收,E3,逐题已匹配参考答案,不明,2026-09-24-attribution-v2
BJ-2023-DC-ERMO-Q6,BJ-2023-DC-ERMO-Q6,BJ-2023-DC-ERMO,6,选择题,,整题,OUT,完整题-选择题照收,E3,逐题已匹配参考答案,不明,2026-09-24-attribution-v2
BJ-2023-DC-ERMO-Q7,BJ-2023-DC-ERMO-Q7,BJ-2023-DC-ERMO,7,选择题,,整题,OUT,完整题-选择题照收,E3,逐题已匹配参考答案,不明,2026-09-24-attribution-v2
BJ-2023-DC-ERMO-Q8,BJ-2023-DC-ERMO-Q8,BJ-2023-DC-ERMO,8,选择题,,整题,OUT,完整题-选择题照收,E3,逐题已匹配参考答案,倾向,2026-09-24-attribution-v2
BJ-2023-DC-ERMO-Q14,BJ-2023-DC-ERMO-Q14,BJ-2023-DC-ERMO,14,选择题,,整题,OUT,完整题-选择题照收,E3,逐题已匹配参考答案,不明,2026-09-24-attribution-v2
BJ-2023-BJ-GAOKAO-Q1,BJ-2023-BJ-GAOKAO-Q1,BJ-2023-BJ-GAOKAO,1,选择题,,整题,OUT,完整题-选择题照收,E3,逐题已匹配参考答案,不明,2026-09-24-attribution-v2
BJ-2023-BJ-GAOKAO-Q2,BJ-2023-BJ-GAOKAO-Q2,BJ-2023-BJ-GAOKAO,2,选择题,,整题,OUT,完整题-选择题照收,E3,逐题已匹配参考答案,倾向,2026-09-24-attribution-v2
BJ-2023-BJ-GAOKAO-Q3,BJ-2023-BJ-GAOKAO-Q3,BJ-2023-BJ-GAOKAO,3,选择题,,整题,OUT,完整题-选择题照收,E3,逐题已匹配参考答案,不明,2026-09-24-attribution-v2
BJ-2023-BJ-GAOKAO-Q4,BJ-2023-BJ-GAOKAO-Q4,BJ-2023-BJ-GAOKAO,4,选择题,,整题,OUT,完整题-选择题照收,E3,逐题已匹配参考答案,不明,2026-09-24-attribution-v2
BJ-2023-BJ-GAOKAO-Q5,BJ-2023-BJ-GAOKAO-Q5,BJ-2023-BJ-GAOKAO,5,选择题,,整题,OUT,完整题-选择题照收,E3,逐题已匹配参考答案,不明,2026-09-24-attribution-v2
BJ-2023-BJ-GAOKAO-Q6,BJ-2023-BJ-GAOKAO-Q6,BJ-2023-BJ-GAOKAO,6,选择题,,整题,OUT,完整题-选择题照收,E3,逐题已匹配参考答案,不明,2026-09-24-attribution-v2
BJ-2023-BJ-GAOKAO-Q7,BJ-2023-BJ-GAOKAO-Q7,BJ-2023-BJ-GAOKAO,7,选择题,,整题,OUT,完整题-选择题照收,E3,逐题已匹配参考答案,不明,2026-09-24-attribution-v2
BJ-2023-BJ-GAOKAO-Q8,BJ-2023-BJ-GAOKAO-Q8,BJ-2023-BJ-GAOKAO,8,选择题,,整题,OUT,完整题-选择题照收,E3,逐题已匹配参考答案,不明,2026-09-24-attribution-v2
BJ-2023-BJ-GAOKAO-Q15,BJ-2023-BJ-GAOKAO-Q15,BJ-2023-BJ-GAOKAO,15,选择题,,整题,OUT,完整题-选择题照收,E3,逐题已匹配参考答案,倾向,2026-09-24-attribution-v2
BJ-2023-BJ-GAOKAO-Q16,BJ-2023-BJ-GAOKAO-Q16,BJ-2023-BJ-GAOKAO,16,主观题,,整题,OUT,完整题-有E1,E1,逐题已匹配正式评分材料,倾向,2026-09-24-attribution-v2
BJ-2023-BJ-GAOKAO-Q19#1,BJ-2023-BJ-GAOKAO-Q19,BJ-2023-BJ-GAOKAO,19,主观题,1,小问,OUT,完整题-有E1,E1,逐题已匹配正式评分材料,倾向,2026-09-24-attribution-v2
BJ-2023-BJ-GAOKAO-Q19#2,BJ-2023-BJ-GAOKAO-Q19,BJ-2023-BJ-GAOKAO,19,主观题,2,小问,OUT,完整题-有E1,E1,逐题已匹配正式评分材料,倾向,2026-09-24-attribution-v2
BJ-2023-BJ-GAOKAO-Q20,BJ-2023-BJ-GAOKAO-Q20,BJ-2023-BJ-GAOKAO,20,主观题,,整题,OUT,完整题-有E1,E1,逐题已匹配正式评分材料,不明,2026-09-24-attribution-v2
BJ-2024-CY-ERMO-Q1,BJ-2024-CY-ERMO-Q1,BJ-2024-CY-ERMO,1,选择题,,整题,OUT,完整题-选择题照收,E3,逐题已匹配参考答案,倾向,2026-09-24-attribution-v2
BJ-2024-CY-ERMO-Q2,BJ-2024-CY-ERMO-Q2,BJ-2024-CY-ERMO,2,选择题,,整题,OUT,完整题-选择题照收,E3,逐题已匹配参考答案,倾向,2026-09-24-attribution-v2
BJ-2024-CY-ERMO-Q3,BJ-2024-CY-ERMO-Q3,BJ-2024-CY-ERMO,3,选择题,,整题,OUT,完整题-选择题照收,E3,逐题已匹配参考答案,不明,2026-09-24-attribution-v2
BJ-2024-CY-ERMO-Q4,BJ-2024-CY-ERMO-Q4,BJ-2024-CY-ERMO,4,选择题,,整题,OUT,完整题-选择题照收,E3,逐题已匹配参考答案,不明,2026-09-24-attribution-v2
BJ-2024-CY-ERMO-Q5,BJ-2024-CY-ERMO-Q5,BJ-2024-CY-ERMO,5,选择题,,整题,OUT,完整题-选择题照收,E3,逐题已匹配参考答案,不明,2026-09-24-attribution-v2
BJ-2024-CY-ERMO-Q6,BJ-2024-CY-ERMO-Q6,BJ-2024-CY-ERMO,6,选择题,,整题,OUT,完整题-选择题照收,E3,逐题已匹配参考答案,倾向,2026-09-24-attribution-v2
BJ-2024-CY-ERMO-Q7,BJ-2024-CY-ERMO-Q7,BJ-2024-CY-ERMO,7,选择题,,整题,OUT,完整题-选择题照收,E3,逐题已匹配参考答案,不明,2026-09-24-attribution-v2
BJ-2024-CY-ERMO-Q8,BJ-2024-CY-ERMO-Q8,BJ-2024-CY-ERMO,8,选择题,,整题,OUT,完整题-选择题照收,E3,逐题已匹配参考答案,倾向,2026-09-24-attribution-v2
BJ-2024-CY-ERMO-Q13,BJ-2024-CY-ERMO-Q13,BJ-2024-CY-ERMO,13,选择题,,整题,OUT,完整题-选择题照收,E3,逐题已匹配参考答案,倾向,2026-09-24-attribution-v2
BJ-2024-CY-ERMO-Q14,BJ-2024-CY-ERMO-Q14,BJ-2024-CY-ERMO,14,选择题,,整题,OUT,完整题-选择题照收,E3,逐题已匹配参考答案,不明,2026-09-24-attribution-v2
BJ-2024-CY-ERMO-Q15,BJ-2024-CY-ERMO-Q15,BJ-2024-CY-ERMO,15,选择题,,整题,OUT,完整题-选择题照收,E3,逐题已匹配参考答案,倾向,2026-09-24-attribution-v2
BJ-2022-BJ-GAOKAO-Q1,BJ-2022-BJ-GAOKAO-Q1,BJ-2022-BJ-GAOKAO,1,选择题,,整题,OUT,完整题-选择题照收,E3,逐题已匹配参考答案,不明,2026-09-24-attribution-v2
BJ-2022-BJ-GAOKAO-Q2,BJ-2022-BJ-GAOKAO-Q2,BJ-2022-BJ-GAOKAO,2,选择题,,整题,OUT,完整题-选择题照收,E3,逐题已匹配参考答案,不明,2026-09-24-attribution-v2
BJ-2022-BJ-GAOKAO-Q3,BJ-2022-BJ-GAOKAO-Q3,BJ-2022-BJ-GAOKAO,3,选择题,,整题,OUT,完整题-选择题照收,E3,逐题已匹配参考答案,不明,2026-09-24-attribution-v2
BJ-2022-BJ-GAOKAO-Q4,BJ-2022-BJ-GAOKAO-Q4,BJ-2022-BJ-GAOKAO,4,选择题,,整题,OUT,完整题-选择题照收,E3,逐题已匹配参考答案,不明,2026-09-24-attribution-v2
BJ-2022-BJ-GAOKAO-Q5,BJ-2022-BJ-GAOKAO-Q5,BJ-2022-BJ-GAOKAO,5,选择题,,整题,OUT,完整题-选择题照收,E3,逐题已匹配参考答案,不明,2026-09-24-attribution-v2
BJ-2022-BJ-GAOKAO-Q6,BJ-2022-BJ-GAOKAO-Q6,BJ-2022-BJ-GAOKAO,6,选择题,,整题,OUT,完整题-选择题照收,E3,逐题已匹配参考答案,不明,2026-09-24-attribution-v2
BJ-2022-BJ-GAOKAO-Q7,BJ-2022-BJ-GAOKAO-Q7,BJ-2022-BJ-GAOKAO,7,选择题,,整题,OUT,完整题-选择题照收,E3,逐题已匹配参考答案,不明,2026-09-24-attribution-v2
BJ-2022-BJ-GAOKAO-Q8,BJ-2022-BJ-GAOKAO-Q8,BJ-2022-BJ-GAOKAO,8,选择题,,整题,OUT,完整题-选择题照收,E3,逐题已匹配参考答案,不明,2026-09-24-attribution-v2
BJ-2022-BJ-GAOKAO-Q15,BJ-2022-BJ-GAOKAO-Q15,BJ-2022-BJ-GAOKAO,15,选择题,,整题,OUT,完整题-选择题照收,E3,逐题已匹配参考答案,倾向,2026-09-24-attribution-v2
BJ-2022-BJ-GAOKAO-Q16,BJ-2022-BJ-GAOKAO-Q16,BJ-2022-BJ-GAOKAO,16,主观题,,整题,OUT,完整题-有E1,E1,逐题已匹配正式评分材料,倾向,2026-09-24-attribution-v2
BJ-2022-BJ-GAOKAO-Q17,BJ-2022-BJ-GAOKAO-Q17,BJ-2022-BJ-GAOKAO,17,主观题,,整题,OUT,完整题-有E1,E1,逐题已匹配正式评分材料,不明,2026-09-24-attribution-v2
BJ-2022-BJ-GAOKAO-Q19#1,BJ-2022-BJ-GAOKAO-Q19,BJ-2022-BJ-GAOKAO,19,主观题,1,小问,OUT,完整题-有E1,E1,逐题已匹配正式评分材料,不明,2026-09-24-attribution-v2
BJ-2022-BJ-GAOKAO-Q19#2,BJ-2022-BJ-GAOKAO-Q19,BJ-2022-BJ-GAOKAO,19,主观题,2,小问,OUT,完整题-有E1,E1,逐题已匹配正式评分材料,不明,2026-09-24-attribution-v2
BJ-2025-DC-ERMO-Q1,BJ-2025-DC-ERMO-Q1,BJ-2025-DC-ERMO,1,选择题,,整题,OUT,完整题-选择题照收,E3,逐题已匹配参考答案,不明,2026-09-24-attribution-v2
BJ-2025-DC-ERMO-Q2,BJ-2025-DC-ERMO-Q2,BJ-2025-DC-ERMO,2,选择题,,整题,OUT,完整题-选择题照收,E3,逐题已匹配参考答案,倾向,2026-09-24-attribution-v2
BJ-2025-DC-ERMO-Q3,BJ-2025-DC-ERMO-Q3,BJ-2025-DC-ERMO,3,选择题,,整题,OUT,完整题-选择题照收,E3,逐题已匹配参考答案,不明,2026-09-24-attribution-v2
BJ-2025-DC-ERMO-Q4,BJ-2025-DC-ERMO-Q4,BJ-2025-DC-ERMO,4,选择题,,整题,OUT,完整题-选择题照收,E3,逐题已匹配参考答案,不明,2026-09-24-attribution-v2
BJ-2025-DC-ERMO-Q5,BJ-2025-DC-ERMO-Q5,BJ-2025-DC-ERMO,5,选择题,,整题,OUT,完整题-选择题照收,E3,逐题已匹配参考答案,不明,2026-09-24-attribution-v2
BJ-2025-DC-ERMO-Q6,BJ-2025-DC-ERMO-Q6,BJ-2025-DC-ERMO,6,选择题,,整题,OUT,完整题-选择题照收,E3,逐题已匹配参考答案,不明,2026-09-24-attribution-v2
BJ-2025-DC-ERMO-Q7,BJ-2025-DC-ERMO-Q7,BJ-2025-DC-ERMO,7,选择题,,整题,OUT,完整题-选择题照收,E3,逐题已匹配参考答案,不明,2026-09-24-attribution-v2
BJ-2025-DC-ERMO-Q8,BJ-2025-DC-ERMO-Q8,BJ-2025-DC-ERMO,8,选择题,,整题,OUT,完整题-选择题照收,E3,逐题已匹配参考答案,倾向,2026-09-24-attribution-v2
BJ-2025-DC-ERMO-Q13,BJ-2025-DC-ERMO-Q13,BJ-2025-DC-ERMO,13,选择题,,整题,OUT,完整题-选择题照收,E3,逐题已匹配参考答案,倾向,2026-09-24-attribution-v2
BJ-2025-DC-ERMO-Q14,BJ-2025-DC-ERMO-Q14,BJ-2025-DC-ERMO,14,选择题,,整题,OUT,完整题-选择题照收,E3,逐题已匹配参考答案,不明,2026-09-24-attribution-v2
BJ-2025-DC-ERMO-Q15,BJ-2025-DC-ERMO-Q15,BJ-2025-DC-ERMO,15,选择题,,整题,OUT,完整题-选择题照收,E3,逐题已匹配参考答案,不明,2026-09-24-attribution-v2
BJ-2025-DC-ERMO-Q20,BJ-2025-DC-ERMO-Q20,BJ-2025-DC-ERMO,20,主观题,,整题,OUT,完整题-有E1,E1,逐题已匹配正式评分材料,倾向,2026-09-24-attribution-v2
BJ-2023-CY-ERMO-Q1,BJ-2023-CY-ERMO-Q1,BJ-2023-CY-ERMO,1,选择题,,整题,OUT,完整题-选择题照收,E3,逐题已匹配参考答案,不明,2026-09-24-attribution-v2
BJ-2023-CY-ERMO-Q2,BJ-2023-CY-ERMO-Q2,BJ-2023-CY-ERMO,2,选择题,,整题,OUT,完整题-选择题照收,E3,逐题已匹配参考答案,不明,2026-09-24-attribution-v2
BJ-2023-CY-ERMO-Q5,BJ-2023-CY-ERMO-Q5,BJ-2023-CY-ERMO,5,选择题,,整题,OUT,完整题-选择题照收,E3,逐题已匹配参考答案,不明,2026-09-24-attribution-v2
BJ-2023-CY-ERMO-Q6,BJ-2023-CY-ERMO-Q6,BJ-2023-CY-ERMO,6,选择题,,整题,OUT,完整题-选择题照收,E3,逐题已匹配参考答案,不明,2026-09-24-attribution-v2
BJ-2023-CY-ERMO-Q7,BJ-2023-CY-ERMO-Q7,BJ-2023-CY-ERMO,7,选择题,,整题,OUT,完整题-选择题照收,E3,逐题已匹配参考答案,不明,2026-09-24-attribution-v2
BJ-2023-CY-ERMO-Q8,BJ-2023-CY-ERMO-Q8,BJ-2023-CY-ERMO,8,选择题,,整题,OUT,完整题-选择题照收,E3,逐题已匹配参考答案,倾向,2026-09-24-attribution-v2
BJ-2023-CY-ERMO-Q15,BJ-2023-CY-ERMO-Q15,BJ-2023-CY-ERMO,15,选择题,,整题,OUT,完整题-选择题照收,E3,逐题已匹配参考答案,不明,2026-09-24-attribution-v2
BJ-2021-BJ-GAOKAO-Q1,BJ-2021-BJ-GAOKAO-Q1,BJ-2021-BJ-GAOKAO,1,选择题,,整题,OUT,完整题-选择题照收,E3,逐题已匹配参考答案,不明,2026-09-24-attribution-v2
BJ-2021-BJ-GAOKAO-Q2,BJ-2021-BJ-GAOKAO-Q2,BJ-2021-BJ-GAOKAO,2,选择题,,整题,OUT,完整题-选择题照收,E3,逐题已匹配参考答案,不明,2026-09-24-attribution-v2
BJ-2021-BJ-GAOKAO-Q3,BJ-2021-BJ-GAOKAO-Q3,BJ-2021-BJ-GAOKAO,3,选择题,,整题,OUT,完整题-选择题照收,E3,逐题已匹配参考答案,不明,2026-09-24-attribution-v2
BJ-2021-BJ-GAOKAO-Q4,BJ-2021-BJ-GAOKAO-Q4,BJ-2021-BJ-GAOKAO,4,选择题,,整题,OUT,完整题-选择题照收,E3,逐题已匹配参考答案,不明,2026-09-24-attribution-v2
BJ-2021-BJ-GAOKAO-Q5,BJ-2021-BJ-GAOKAO-Q5,BJ-2021-BJ-GAOKAO,5,选择题,,整题,OUT,完整题-选择题照收,E3,逐题已匹配参考答案,不明,2026-09-24-attribution-v2
BJ-2021-BJ-GAOKAO-Q6,BJ-2021-BJ-GAOKAO-Q6,BJ-2021-BJ-GAOKAO,6,选择题,,整题,OUT,完整题-选择题照收,E3,逐题已匹配参考答案,不明,2026-09-24-attribution-v2
BJ-2021-BJ-GAOKAO-Q7,BJ-2021-BJ-GAOKAO-Q7,BJ-2021-BJ-GAOKAO,7,选择题,,整题,OUT,完整题-选择题照收,E3,逐题已匹配参考答案,不明,2026-09-24-attribution-v2
BJ-2021-BJ-GAOKAO-Q8,BJ-2021-BJ-GAOKAO-Q8,BJ-2021-BJ-GAOKAO,8,选择题,,整题,OUT,完整题-选择题照收,E3,逐题已匹配参考答案,不明,2026-09-24-attribution-v2
BJ-2021-BJ-GAOKAO-Q14,BJ-2021-BJ-GAOKAO-Q14,BJ-2021-BJ-GAOKAO,14,选择题,,整题,OUT,完整题-选择题照收,E3,逐题已匹配参考答案,倾向,2026-09-24-attribution-v2
BJ-2021-BJ-GAOKAO-Q15,BJ-2021-BJ-GAOKAO-Q15,BJ-2021-BJ-GAOKAO,15,选择题,,整题,OUT,完整题-选择题照收,E3,逐题已匹配参考答案,倾向,2026-09-24-attribution-v2
BJ-2021-BJ-GAOKAO-Q16,BJ-2021-BJ-GAOKAO-Q16,BJ-2021-BJ-GAOKAO,16,主观题,,整题,OUT,完整题-有E1,E1,逐题已匹配正式评分材料,倾向,2026-09-24-attribution-v2
BJ-2021-BJ-GAOKAO-Q18,BJ-2021-BJ-GAOKAO-Q18,BJ-2021-BJ-GAOKAO,18,主观题,,整题,OUT,完整题-有E1,E1,逐题已匹配正式评分材料,不明,2026-09-24-attribution-v2
BJ-2021-BJ-GAOKAO-Q20#1,BJ-2021-BJ-GAOKAO-Q20,BJ-2021-BJ-GAOKAO,20,主观题,1,小问,OUT,完整题-有E1,E1,逐题已匹配正式评分材料,倾向,2026-09-24-attribution-v2
BJ-2021-BJ-GAOKAO-Q20#2,BJ-2021-BJ-GAOKAO-Q20,BJ-2021-BJ-GAOKAO,20,主观题,2,小问,OUT,完整题-有E1,E1,逐题已匹配正式评分材料,倾向,2026-09-24-attribution-v2
BJ-2024-HD-QIZHONG-Q2,BJ-2024-HD-QIZHONG-Q2,BJ-2024-HD-QIZHONG,2,选择题,,整题,OUT,完整题-选择题照收,缺答案键-已核实,"题库rubric_links.csv对该题有明确负例记录(已检查,本题不适用)",倾向,2026-09-24-attribution-v2
BJ-2024-HD-QIZHONG-Q4,BJ-2024-HD-QIZHONG-Q4,BJ-2024-HD-QIZHONG,4,选择题,,整题,OUT,完整题-选择题照收,缺答案键-已核实,"题库rubric_links.csv对该题有明确负例记录(已检查,本题不适用)",不明,2026-09-24-attribution-v2
BJ-2024-HD-QIZHONG-Q5,BJ-2024-HD-QIZHONG-Q5,BJ-2024-HD-QIZHONG,5,选择题,,整题,OUT,完整题-选择题照收,缺答案键-已核实,"题库rubric_links.csv对该题有明确负例记录(已检查,本题不适用)",不明,2026-09-24-attribution-v2
BJ-2024-HD-QIZHONG-Q8,BJ-2024-HD-QIZHONG-Q8,BJ-2024-HD-QIZHONG,8,选择题,,整题,OUT,完整题-选择题照收,缺答案键-已核实,"题库rubric_links.csv对该题有明确负例记录(已检查,本题不适用)",不明,2026-09-24-attribution-v2
BJ-2024-HD-QIZHONG-Q14,BJ-2024-HD-QIZHONG-Q14,BJ-2024-HD-QIZHONG,14,选择题,,整题,OUT,完整题-选择题照收,缺答案键-已核实,"题库rubric_links.csv对该题有明确负例记录(已检查,本题不适用)",倾向,2026-09-24-attribution-v2
BJ-2024-HD-QIZHONG-Q15,BJ-2024-HD-QIZHONG-Q15,BJ-2024-HD-QIZHONG,15,选择题,,整题,OUT,完整题-选择题照收,缺答案键-已核实,"题库rubric_links.csv对该题有明确负例记录(已检查,本题不适用)",倾向,2026-09-24-attribution-v2
BJ-2026-CY-QIMO-Q1,BJ-2026-CY-QIMO-Q1,BJ-2026-CY-QIMO,1,选择题,,整题,OUT,完整题-选择题照收,缺答案键-已核实,"题库rubric_links.csv对该题有明确负例记录(已检查,本题不适用)",不明,2026-09-24-attribution-v2
BJ-2026-CY-QIMO-Q2,BJ-2026-CY-QIMO-Q2,BJ-2026-CY-QIMO,2,选择题,,整题,OUT,完整题-选择题照收,缺答案键-已核实,"题库rubric_links.csv对该题有明确负例记录(已检查,本题不适用)",不明,2026-09-24-attribution-v2
BJ-2026-CY-QIMO-Q3,BJ-2026-CY-QIMO-Q3,BJ-2026-CY-QIMO,3,选择题,,整题,OUT,完整题-选择题照收,缺答案键-已核实,"题库rubric_links.csv对该题有明确负例记录(已检查,本题不适用)",不明,2026-09-24-attribution-v2
BJ-2026-CY-QIMO-Q4,BJ-2026-CY-QIMO-Q4,BJ-2026-CY-QIMO,4,选择题,,整题,OUT,完整题-选择题照收,缺答案键-已核实,"题库rubric_links.csv对该题有明确负例记录(已检查,本题不适用)",倾向,2026-09-24-attribution-v2
BJ-2026-CY-QIMO-Q5,BJ-2026-CY-QIMO-Q5,BJ-2026-CY-QIMO,5,选择题,,整题,OUT,完整题-选择题照收,缺答案键-已核实,"题库rubric_links.csv对该题有明确负例记录(已检查,本题不适用)",不明,2026-09-24-attribution-v2
BJ-2026-CY-QIMO-Q8,BJ-2026-CY-QIMO-Q8,BJ-2026-CY-QIMO,8,选择题,,整题,OUT,完整题-选择题照收,缺答案键-已核实,"题库rubric_links.csv对该题有明确负例记录(已检查,本题不适用)",不明,2026-09-24-attribution-v2
BJ-2026-CY-QIMO-Q14,BJ-2026-CY-QIMO-Q14,BJ-2026-CY-QIMO,14,选择题,,整题,OUT,完整题-选择题照收,缺答案键-已核实,"题库rubric_links.csv对该题有明确负例记录(已检查,本题不适用)",倾向,2026-09-24-attribution-v2
BJ-2026-CY-QIMO-Q15,BJ-2026-CY-QIMO-Q15,BJ-2026-CY-QIMO,15,选择题,,整题,OUT,完整题-选择题照收,缺答案键-已核实,"题库rubric_links.csv对该题有明确负例记录(已检查,本题不适用)",倾向,2026-09-24-attribution-v2
BJ-2026-CY-QIMO-Q16,BJ-2026-CY-QIMO-Q16,BJ-2026-CY-QIMO,16,主观题,,整题,OUT,完整题-有E1,E1,逐题已匹配正式评分材料,倾向,2026-09-24-attribution-v2
BJ-2026-CY-QIMO-Q20,BJ-2026-CY-QIMO-Q20,BJ-2026-CY-QIMO,20,主观题,,整题,OUT,完整题-有E1,E1,逐题已匹配正式评分材料,倾向,2026-09-24-attribution-v2
BJ-2023-HD-ERMO-Q1,BJ-2023-HD-ERMO-Q1,BJ-2023-HD-ERMO,1,选择题,,整题,OUT,完整题-选择题照收,E3,逐题已匹配参考答案,不明,2026-09-24-attribution-v2
BJ-2023-HD-ERMO-Q13,BJ-2023-HD-ERMO-Q13,BJ-2023-HD-ERMO,13,选择题,,整题,OUT,完整题-选择题照收,E3,逐题已匹配参考答案,倾向,2026-09-24-attribution-v2
BJ-2023-HD-ERMO-Q2,BJ-2023-HD-ERMO-Q2,BJ-2023-HD-ERMO,2,选择题,,整题,OUT,完整题-选择题照收,E3,逐题已匹配参考答案,不明,2026-09-24-attribution-v2
BJ-2023-HD-ERMO-Q3,BJ-2023-HD-ERMO-Q3,BJ-2023-HD-ERMO,3,选择题,,整题,OUT,完整题-选择题照收,E3,逐题已匹配参考答案,不明,2026-09-24-attribution-v2
BJ-2023-HD-ERMO-Q4,BJ-2023-HD-ERMO-Q4,BJ-2023-HD-ERMO,4,选择题,,整题,OUT,完整题-选择题照收,E3,逐题已匹配参考答案,不明,2026-09-24-attribution-v2
BJ-2023-HD-ERMO-Q5,BJ-2023-HD-ERMO-Q5,BJ-2023-HD-ERMO,5,选择题,,整题,OUT,完整题-选择题照收,E3,逐题已匹配参考答案,不明,2026-09-24-attribution-v2
BJ-2023-HD-ERMO-Q6,BJ-2023-HD-ERMO-Q6,BJ-2023-HD-ERMO,6,选择题,,整题,OUT,完整题-选择题照收,E3,逐题已匹配参考答案,不明,2026-09-24-attribution-v2
BJ-2023-HD-ERMO-Q7,BJ-2023-HD-ERMO-Q7,BJ-2023-HD-ERMO,7,选择题,,整题,OUT,完整题-选择题照收,E3,逐题已匹配参考答案,不明,2026-09-24-attribution-v2
BJ-2023-HD-ERMO-Q8,BJ-2023-HD-ERMO-Q8,BJ-2023-HD-ERMO,8,选择题,,整题,OUT,完整题-选择题照收,E3,逐题已匹配参考答案,倾向,2026-09-24-attribution-v2
BJ-2023-DC-YIMO-Q16,BJ-2023-DC-YIMO-Q16,BJ-2023-DC-YIMO,16,主观题,,整题,OUT,完整题-有E1,E1,逐题已匹配正式评分材料,不明,2026-09-24-attribution-v2
BJ-2023-DC-YIMO-Q19,BJ-2023-DC-YIMO-Q19,BJ-2023-DC-YIMO,19,主观题,,整题,OUT,完整题-有E1,E1,逐题已匹配正式评分材料,确定,2026-09-24-attribution-v2
BJ-2023-DC-YIMO-Q1,BJ-2023-DC-YIMO-Q1,BJ-2023-DC-YIMO,1,选择题,,整题,OUT,完整题-选择题照收,答案键来源未核实(候选未确认),该题正式评分材料候选存在候选/存在冲突，未确认匹配，不下判,倾向,2026-09-24-attribution-v2
BJ-2023-DC-YIMO-Q2,BJ-2023-DC-YIMO-Q2,BJ-2023-DC-YIMO,2,选择题,,整题,OUT,完整题-选择题照收,答案键来源未核实(候选未确认),该题正式评分材料候选存在候选/存在冲突，未确认匹配，不下判,不明,2026-09-24-attribution-v2
BJ-2023-DC-YIMO-Q3,BJ-2023-DC-YIMO-Q3,BJ-2023-DC-YIMO,3,选择题,,整题,OUT,完整题-选择题照收,答案键来源未核实(候选未确认),该题正式评分材料候选存在候选/存在冲突，未确认匹配，不下判,不明,2026-09-24-attribution-v2
BJ-2023-DC-YIMO-Q4,BJ-2023-DC-YIMO-Q4,BJ-2023-DC-YIMO,4,选择题,,整题,OUT,完整题-选择题照收,答案键来源未核实(候选未确认),该题正式评分材料候选存在候选/存在冲突，未确认匹配，不下判,不明,2026-09-24-attribution-v2
BJ-2023-DC-YIMO-Q5,BJ-2023-DC-YIMO-Q5,BJ-2023-DC-YIMO,5,选择题,,整题,OUT,完整题-选择题照收,答案键来源未核实(候选未确认),该题正式评分材料候选存在候选/存在冲突，未确认匹配，不下判,不明,2026-09-24-attribution-v2
BJ-2023-DC-YIMO-Q6,BJ-2023-DC-YIMO-Q6,BJ-2023-DC-YIMO,6,选择题,,整题,OUT,完整题-选择题照收,答案键来源未核实(候选未确认),该题正式评分材料候选存在候选/存在冲突，未确认匹配，不下判,不明,2026-09-24-attribution-v2
BJ-2023-DC-YIMO-Q7,BJ-2023-DC-YIMO-Q7,BJ-2023-DC-YIMO,7,选择题,,整题,OUT,完整题-选择题照收,答案键来源未核实(候选未确认),该题正式评分材料候选存在候选/存在冲突，未确认匹配，不下判,不明,2026-09-24-attribution-v2
BJ-2023-DC-YIMO-Q8,BJ-2023-DC-YIMO-Q8,BJ-2023-DC-YIMO,8,选择题,,整题,OUT,完整题-选择题照收,答案键来源未核实(候选未确认),该题正式评分材料候选存在候选/存在冲突，未确认匹配，不下判,倾向,2026-09-24-attribution-v2
BJ-2023-DC-YIMO-Q14,BJ-2023-DC-YIMO-Q14,BJ-2023-DC-YIMO,14,选择题,,整题,OUT,完整题-选择题照收,答案键来源未核实(候选未确认),该题正式评分材料候选存在候选/存在冲突，未确认匹配，不下判,不明,2026-09-24-attribution-v2
BJ-2023-DC-YIMO-Q15,BJ-2023-DC-YIMO-Q15,BJ-2023-DC-YIMO,15,选择题,,整题,OUT,完整题-选择题照收,答案键来源未核实(候选未确认),该题正式评分材料候选存在候选/存在冲突，未确认匹配，不下判,不明,2026-09-24-attribution-v2
BJ-2023-XC-YIMO-Q1,BJ-2023-XC-YIMO-Q1,BJ-2023-XC-YIMO,1,选择题,,整题,OUT,完整题-选择题照收,答案键来源未核实(候选未确认),该题正式评分材料候选存在候选/存在冲突，未确认匹配，不下判,不明,2026-09-24-attribution-v2
BJ-2023-XC-YIMO-Q2,BJ-2023-XC-YIMO-Q2,BJ-2023-XC-YIMO,2,选择题,,整题,OUT,完整题-选择题照收,E3,该题正式评分材料候选存在候选/存在冲突，未确认匹配，不下判（同时已有匹配参考答案，选择题按E3计，正式评分材料候选仍待核实）,不明,2026-09-24-attribution-v2
BJ-2023-XC-YIMO-Q3,BJ-2023-XC-YIMO-Q3,BJ-2023-XC-YIMO,3,选择题,,整题,OUT,完整题-选择题照收,E1,逐题已匹配正式评分材料,不明,2026-09-24-attribution-v2
BJ-2023-XC-YIMO-Q4,BJ-2023-XC-YIMO-Q4,BJ-2023-XC-YIMO,4,选择题,,整题,OUT,完整题-选择题照收,E3,该题正式评分材料候选存在候选/存在冲突，未确认匹配，不下判（同时已有匹配参考答案，选择题按E3计，正式评分材料候选仍待核实）,不明,2026-09-24-attribution-v2
BJ-2023-XC-YIMO-Q6,BJ-2023-XC-YIMO-Q6,BJ-2023-XC-YIMO,6,选择题,,整题,OUT,完整题-选择题照收,答案键来源未核实(候选未确认),该题正式评分材料候选存在候选/存在冲突，未确认匹配，不下判,不明,2026-09-24-attribution-v2
BJ-2023-XC-YIMO-Q7,BJ-2023-XC-YIMO-Q7,BJ-2023-XC-YIMO,7,选择题,,整题,OUT,完整题-选择题照收,E3,该题正式评分材料候选存在候选/存在冲突，未确认匹配，不下判（同时已有匹配参考答案，选择题按E3计，正式评分材料候选仍待核实）,不明,2026-09-24-attribution-v2
BJ-2023-XC-YIMO-Q8,BJ-2023-XC-YIMO-Q8,BJ-2023-XC-YIMO,8,选择题,,整题,OUT,完整题-选择题照收,E3,该题正式评分材料候选存在候选/存在冲突，未确认匹配，不下判（同时已有匹配参考答案，选择题按E3计，正式评分材料候选仍待核实）,倾向,2026-09-24-attribution-v2
BJ-2023-XC-YIMO-Q13,BJ-2023-XC-YIMO-Q13,BJ-2023-XC-YIMO,13,选择题,,整题,OUT,完整题-选择题照收,E3,该题正式评分材料候选存在候选/存在冲突，未确认匹配，不下判（同时已有匹配参考答案，选择题按E3计，正式评分材料候选仍待核实）,倾向,2026-09-24-attribution-v2
BJ-2023-XC-YIMO-Q5,BJ-2023-XC-YIMO-Q5,BJ-2023-XC-YIMO,5,选择题,,整题,OUT,完整题-选择题照收,E3,该题正式评分材料候选存在候选/存在冲突，未确认匹配，不下判（同时已有匹配参考答案，选择题按E3计，正式评分材料候选仍待核实）,不明,2026-09-24-attribution-v2
BJ-2023-XC-ERMO-Q18,BJ-2023-XC-ERMO-Q18,BJ-2023-XC-ERMO,18,主观题,,整题,OUT,完整题-有E1,E1,逐题已匹配正式评分材料,倾向,2026-09-24-attribution-v2
BJ-2023-XC-ERMO-Q2,BJ-2023-XC-ERMO-Q2,BJ-2023-XC-ERMO,2,选择题,,整题,OUT,完整题-选择题照收,E3,该题正式评分材料候选存在候选/存在冲突，未确认匹配，不下判（同时已有匹配参考答案，选择题按E3计，正式评分材料候选仍待核实）,不明,2026-09-24-attribution-v2
BJ-2023-XC-ERMO-Q3,BJ-2023-XC-ERMO-Q3,BJ-2023-XC-ERMO,3,选择题,,整题,OUT,完整题-选择题照收,E3,该题正式评分材料候选存在候选/存在冲突，未确认匹配，不下判（同时已有匹配参考答案，选择题按E3计，正式评分材料候选仍待核实）,不明,2026-09-24-attribution-v2
BJ-2023-XC-ERMO-Q4,BJ-2023-XC-ERMO-Q4,BJ-2023-XC-ERMO,4,选择题,,整题,OUT,完整题-选择题照收,E3,该题正式评分材料候选存在候选/存在冲突，未确认匹配，不下判（同时已有匹配参考答案，选择题按E3计，正式评分材料候选仍待核实）,不明,2026-09-24-attribution-v2
BJ-2023-XC-ERMO-Q5,BJ-2023-XC-ERMO-Q5,BJ-2023-XC-ERMO,5,选择题,,整题,OUT,完整题-选择题照收,E3,该题正式评分材料候选存在候选/存在冲突，未确认匹配，不下判（同时已有匹配参考答案，选择题按E3计，正式评分材料候选仍待核实）,不明,2026-09-24-attribution-v2
BJ-2023-XC-ERMO-Q6,BJ-2023-XC-ERMO-Q6,BJ-2023-XC-ERMO,6,选择题,,整题,OUT,完整题-选择题照收,答案键来源未核实(候选未确认),该题正式评分材料候选存在候选/存在冲突，未确认匹配，不下判,不明,2026-09-24-attribution-v2
BJ-2023-XC-ERMO-Q8,BJ-2023-XC-ERMO-Q8,BJ-2023-XC-ERMO,8,选择题,,整题,OUT,完整题-选择题照收,E3,该题正式评分材料候选存在候选/存在冲突，未确认匹配，不下判（同时已有匹配参考答案，选择题按E3计，正式评分材料候选仍待核实）,倾向,2026-09-24-attribution-v2
BJ-2023-XC-ERMO-Q13,BJ-2023-XC-ERMO-Q13,BJ-2023-XC-ERMO,13,选择题,,整题,OUT,完整题-选择题照收,E3,该题正式评分材料候选存在候选/存在冲突，未确认匹配，不下判（同时已有匹配参考答案，选择题按E3计，正式评分材料候选仍待核实）,不明,2026-09-24-attribution-v2
BJ-2023-XC-ERMO-Q15,BJ-2023-XC-ERMO-Q15,BJ-2023-XC-ERMO,15,选择题,,整题,OUT,完整题-选择题照收,E3,该题正式评分材料候选存在候选/存在冲突，未确认匹配，不下判（同时已有匹配参考答案，选择题按E3计，正式评分材料候选仍待核实）,倾向,2026-09-24-attribution-v2
BJ-2023-HD-QIZHONG-Q1,BJ-2023-HD-QIZHONG-Q1,BJ-2023-HD-QIZHONG,1,选择题,,整题,OUT,完整题-选择题照收,E3,该题正式评分材料候选存在候选/存在冲突，未确认匹配，不下判（同时已有匹配参考答案，选择题按E3计，正式评分材料候选仍待核实）,不明,2026-09-24-attribution-v2
BJ-2023-HD-QIZHONG-Q2,BJ-2023-HD-QIZHONG-Q2,BJ-2023-HD-QIZHONG,2,选择题,,整题,OUT,完整题-选择题照收,E3,该题正式评分材料候选存在候选/存在冲突，未确认匹配，不下判（同时已有匹配参考答案，选择题按E3计，正式评分材料候选仍待核实）,倾向,2026-09-24-attribution-v2
BJ-2023-HD-QIZHONG-Q3,BJ-2023-HD-QIZHONG-Q3,BJ-2023-HD-QIZHONG,3,选择题,,整题,OUT,完整题-选择题照收,E3,该题正式评分材料候选存在候选/存在冲突，未确认匹配，不下判（同时已有匹配参考答案，选择题按E3计，正式评分材料候选仍待核实）,不明,2026-09-24-attribution-v2
BJ-2023-HD-QIZHONG-Q4,BJ-2023-HD-QIZHONG-Q4,BJ-2023-HD-QIZHONG,4,选择题,,整题,OUT,完整题-选择题照收,E3,该题正式评分材料候选存在候选/存在冲突，未确认匹配，不下判（同时已有匹配参考答案，选择题按E3计，正式评分材料候选仍待核实）,不明,2026-09-24-attribution-v2
BJ-2023-HD-QIZHONG-Q5,BJ-2023-HD-QIZHONG-Q5,BJ-2023-HD-QIZHONG,5,选择题,,整题,OUT,完整题-选择题照收,E3,该题正式评分材料候选存在候选/存在冲突，未确认匹配，不下判（同时已有匹配参考答案，选择题按E3计，正式评分材料候选仍待核实）,不明,2026-09-24-attribution-v2
BJ-2023-HD-QIZHONG-Q8,BJ-2023-HD-QIZHONG-Q8,BJ-2023-HD-QIZHONG,8,选择题,,整题,OUT,完整题-选择题照收,E3,该题正式评分材料候选存在候选/存在冲突，未确认匹配，不下判（同时已有匹配参考答案，选择题按E3计，正式评分材料候选仍待核实）,不明,2026-09-24-attribution-v2
BJ-2023-HD-QIZHONG-Q14,BJ-2023-HD-QIZHONG-Q14,BJ-2023-HD-QIZHONG,14,选择题,,整题,OUT,完整题-选择题照收,E3,该题正式评分材料候选存在候选/存在冲突，未确认匹配，不下判（同时已有匹配参考答案，选择题按E3计，正式评分材料候选仍待核实）,倾向,2026-09-24-attribution-v2
BJ-2023-HD-QIZHONG-Q15,BJ-2023-HD-QIZHONG-Q15,BJ-2023-HD-QIZHONG,15,选择题,,整题,OUT,完整题-选择题照收,E3,该题正式评分材料候选存在候选/存在冲突，未确认匹配，不下判（同时已有匹配参考答案，选择题按E3计，正式评分材料候选仍待核实）,不明,2026-09-24-attribution-v2
BJ-2023-HD-QIZHONG-Q16,BJ-2023-HD-QIZHONG-Q16,BJ-2023-HD-QIZHONG,16,主观题,,整题,OUT,待裁决-证据未核实,待裁决-证据未核实候选,该题正式评分材料候选存在候选/存在冲突，未确认匹配，不下判,倾向,2026-09-24-attribution-v2
BJ-2023-HD-QIZHONG-Q17,BJ-2023-HD-QIZHONG-Q17,BJ-2023-HD-QIZHONG,17,主观题,,整题,OUT,待裁决-证据未核实,待裁决-证据未核实候选,该题正式评分材料候选存在候选/存在冲突，未确认匹配，不下判,倾向,2026-09-24-attribution-v2
BJ-2023-HD-QIZHONG-Q19,BJ-2023-HD-QIZHONG-Q19,BJ-2023-HD-QIZHONG,19,主观题,,整题,OUT,待裁决-证据未核实,待裁决-证据未核实候选,该题正式评分材料候选存在候选/存在冲突，未确认匹配，不下判,倾向,2026-09-24-attribution-v2
BJ-2023-HD-QIZHONG-Q20,BJ-2023-HD-QIZHONG-Q20,BJ-2023-HD-QIZHONG,20,主观题,,整题,OUT,待裁决-证据未核实,待裁决-证据未核实候选,该题正式评分材料候选存在候选/存在冲突，未确认匹配，不下判,不明,2026-09-24-attribution-v2
BJ-2023-HD-QIZHONG-Q22,BJ-2023-HD-QIZHONG-Q22,BJ-2023-HD-QIZHONG,22,主观题,,整题,OUT,待裁决-证据未核实,待裁决-证据未核实候选,该题正式评分材料候选存在候选/存在冲突，未确认匹配，不下判,倾向,2026-09-24-attribution-v2
BJ-2023-HD-QIZHONG-Q23,BJ-2023-HD-QIZHONG-Q23,BJ-2023-HD-QIZHONG,23,主观题,,整题,OUT,待裁决-证据未核实,待裁决-证据未核实候选,该题正式评分材料候选存在候选/存在冲突，未确认匹配，不下判,倾向,2026-09-24-attribution-v2
BJ-2024-DC-YIMO-Q1,BJ-2024-DC-YIMO-Q1,BJ-2024-DC-YIMO,1,选择题,,整题,OUT,完整题-选择题照收,E3,该题正式评分材料候选存在候选/存在冲突，未确认匹配，不下判（同时已有匹配参考答案，选择题按E3计，正式评分材料候选仍待核实）,倾向,2026-09-24-attribution-v2
BJ-2024-DC-YIMO-Q3,BJ-2024-DC-YIMO-Q3,BJ-2024-DC-YIMO,3,选择题,,整题,OUT,完整题-选择题照收,E3,该题正式评分材料候选存在候选/存在冲突，未确认匹配，不下判（同时已有匹配参考答案，选择题按E3计，正式评分材料候选仍待核实）,不明,2026-09-24-attribution-v2
BJ-2024-DC-YIMO-Q4,BJ-2024-DC-YIMO-Q4,BJ-2024-DC-YIMO,4,选择题,,整题,OUT,完整题-选择题照收,E1,逐题已匹配正式评分材料,不明,2026-09-24-attribution-v2
BJ-2024-DC-YIMO-Q2,BJ-2024-DC-YIMO-Q2,BJ-2024-DC-YIMO,2,选择题,,整题,OUT,完整题-选择题照收,E3,该题正式评分材料候选存在候选/存在冲突，未确认匹配，不下判（同时已有匹配参考答案，选择题按E3计，正式评分材料候选仍待核实）,不明,2026-09-24-attribution-v2
BJ-2024-DC-YIMO-Q5,BJ-2024-DC-YIMO-Q5,BJ-2024-DC-YIMO,5,选择题,,整题,OUT,完整题-选择题照收,E3,该题正式评分材料候选存在候选/存在冲突，未确认匹配，不下判（同时已有匹配参考答案，选择题按E3计，正式评分材料候选仍待核实）,不明,2026-09-24-attribution-v2
BJ-2024-DC-YIMO-Q6,BJ-2024-DC-YIMO-Q6,BJ-2024-DC-YIMO,6,选择题,,整题,OUT,完整题-选择题照收,E3,该题正式评分材料候选存在候选/存在冲突，未确认匹配，不下判（同时已有匹配参考答案，选择题按E3计，正式评分材料候选仍待核实）,不明,2026-09-24-attribution-v2
BJ-2024-DC-YIMO-Q7,BJ-2024-DC-YIMO-Q7,BJ-2024-DC-YIMO,7,选择题,,整题,OUT,完整题-选择题照收,E3,该题正式评分材料候选存在候选/存在冲突，未确认匹配，不下判（同时已有匹配参考答案，选择题按E3计，正式评分材料候选仍待核实）,不明,2026-09-24-attribution-v2
BJ-2024-DC-YIMO-Q8,BJ-2024-DC-YIMO-Q8,BJ-2024-DC-YIMO,8,选择题,,整题,OUT,完整题-选择题照收,E3,该题正式评分材料候选存在候选/存在冲突，未确认匹配，不下判（同时已有匹配参考答案，选择题按E3计，正式评分材料候选仍待核实）,倾向,2026-09-24-attribution-v2
BJ-2024-DC-YIMO-Q13,BJ-2024-DC-YIMO-Q13,BJ-2024-DC-YIMO,13,选择题,,整题,OUT,完整题-选择题照收,E3,该题正式评分材料候选存在候选/存在冲突，未确认匹配，不下判（同时已有匹配参考答案，选择题按E3计，正式评分材料候选仍待核实）,倾向,2026-09-24-attribution-v2
BJ-2024-DC-YIMO-Q14,BJ-2024-DC-YIMO-Q14,BJ-2024-DC-YIMO,14,选择题,,整题,OUT,完整题-选择题照收,E3,该题正式评分材料候选存在候选/存在冲突，未确认匹配，不下判（同时已有匹配参考答案，选择题按E3计，正式评分材料候选仍待核实）,不明,2026-09-24-attribution-v2
BJ-2024-DC-YIMO-Q15,BJ-2024-DC-YIMO-Q15,BJ-2024-DC-YIMO,15,选择题,,整题,OUT,完整题-选择题照收,E3,该题正式评分材料候选存在候选/存在冲突，未确认匹配，不下判（同时已有匹配参考答案，选择题按E3计，正式评分材料候选仍待核实）,倾向,2026-09-24-attribution-v2
BJ-2024-HD-YIMO-Q18#1,BJ-2024-HD-YIMO-Q18,BJ-2024-HD-YIMO,18,主观题,1,小问,OUT,待裁决-证据未核实,待裁决-证据未核实候选,该题正式评分材料候选存在候选/存在冲突，未确认匹配，不下判,倾向,2026-09-24-attribution-v2
BJ-2024-HD-YIMO-Q18#2,BJ-2024-HD-YIMO-Q18,BJ-2024-HD-YIMO,18,主观题,2,小问,OUT,待裁决-证据未核实,待裁决-证据未核实候选,该题正式评分材料候选存在候选/存在冲突，未确认匹配，不下判,倾向,2026-09-24-attribution-v2
BJ-2024-HD-YIMO-Q20,BJ-2024-HD-YIMO-Q20,BJ-2024-HD-YIMO,20,主观题,,整题,OUT,待裁决-证据未核实,待裁决-证据未核实候选,该题正式评分材料候选存在候选/存在冲突，未确认匹配，不下判,不明,2026-09-24-attribution-v2
BJ-2024-HD-YIMO-Q1,BJ-2024-HD-YIMO-Q1,BJ-2024-HD-YIMO,1,选择题,,整题,OUT,完整题-选择题照收,答案键来源未核实(候选未确认),该题正式评分材料候选存在候选/存在冲突，未确认匹配，不下判,倾向,2026-09-24-attribution-v2
BJ-2024-HD-YIMO-Q2,BJ-2024-HD-YIMO-Q2,BJ-2024-HD-YIMO,2,选择题,,整题,OUT,完整题-选择题照收,答案键来源未核实(候选未确认),该题正式评分材料候选存在候选/存在冲突，未确认匹配，不下判,倾向,2026-09-24-attribution-v2
BJ-2024-HD-YIMO-Q3,BJ-2024-HD-YIMO-Q3,BJ-2024-HD-YIMO,3,选择题,,整题,OUT,完整题-选择题照收,答案键来源未核实(候选未确认),该题正式评分材料候选存在候选/存在冲突，未确认匹配，不下判,不明,2026-09-24-attribution-v2
BJ-2024-HD-YIMO-Q4,BJ-2024-HD-YIMO-Q4,BJ-2024-HD-YIMO,4,选择题,,整题,OUT,完整题-选择题照收,答案键来源未核实(候选未确认),该题正式评分材料候选存在候选/存在冲突，未确认匹配，不下判,不明,2026-09-24-attribution-v2
BJ-2024-HD-YIMO-Q5,BJ-2024-HD-YIMO-Q5,BJ-2024-HD-YIMO,5,选择题,,整题,OUT,完整题-选择题照收,答案键来源未核实(候选未确认),该题正式评分材料候选存在候选/存在冲突，未确认匹配，不下判,不明,2026-09-24-attribution-v2
BJ-2024-HD-YIMO-Q6,BJ-2024-HD-YIMO-Q6,BJ-2024-HD-YIMO,6,选择题,,整题,OUT,完整题-选择题照收,答案键来源未核实(候选未确认),该题正式评分材料候选存在候选/存在冲突，未确认匹配，不下判,不明,2026-09-24-attribution-v2
BJ-2024-HD-YIMO-Q8,BJ-2024-HD-YIMO-Q8,BJ-2024-HD-YIMO,8,选择题,,整题,OUT,完整题-选择题照收,答案键来源未核实(候选未确认),该题正式评分材料候选存在候选/存在冲突，未确认匹配，不下判,倾向,2026-09-24-attribution-v2
BJ-2024-HD-YIMO-Q14,BJ-2024-HD-YIMO-Q14,BJ-2024-HD-YIMO,14,选择题,,整题,OUT,完整题-选择题照收,答案键来源未核实(候选未确认),该题正式评分材料候选存在候选/存在冲突，未确认匹配，不下判,不明,2026-09-24-attribution-v2
BJ-2024-HD-YIMO-Q15,BJ-2024-HD-YIMO-Q15,BJ-2024-HD-YIMO,15,选择题,,整题,OUT,完整题-选择题照收,答案键来源未核实(候选未确认),该题正式评分材料候选存在候选/存在冲突，未确认匹配，不下判,不明,2026-09-24-attribution-v2
BJ-2024-DC-ERMO-Q2,BJ-2024-DC-ERMO-Q2,BJ-2024-DC-ERMO,2,选择题,,整题,OUT,完整题-选择题照收,答案键来源未核实(候选未确认),该题正式评分材料候选存在候选/存在冲突，未确认匹配，不下判,不明,2026-09-24-attribution-v2
BJ-2024-DC-ERMO-Q3,BJ-2024-DC-ERMO-Q3,BJ-2024-DC-ERMO,3,选择题,,整题,OUT,完整题-选择题照收,答案键来源未核实(候选未确认),该题正式评分材料候选存在候选/存在冲突，未确认匹配，不下判,不明,2026-09-24-attribution-v2
BJ-2024-DC-ERMO-Q1,BJ-2024-DC-ERMO-Q1,BJ-2024-DC-ERMO,1,选择题,,整题,OUT,完整题-选择题照收,答案键来源未核实(候选未确认),该题正式评分材料候选存在候选/存在冲突，未确认匹配，不下判,不明,2026-09-24-attribution-v2
BJ-2024-DC-ERMO-Q16,BJ-2024-DC-ERMO-Q16,BJ-2024-DC-ERMO,16,主观题,,整题,OUT,完整题-有E1,E1,逐题已匹配正式评分材料,倾向,2026-09-24-attribution-v2
BJ-2024-DC-ERMO-Q17#1,BJ-2024-DC-ERMO-Q17,BJ-2024-DC-ERMO,17,主观题,1,小问,OUT,完整题-有E1,E1,逐题已匹配正式评分材料,倾向,2026-09-24-attribution-v2
BJ-2024-DC-ERMO-Q17#2,BJ-2024-DC-ERMO-Q17,BJ-2024-DC-ERMO,17,主观题,2,小问,OUT,完整题-有E1,E1,逐题已匹配正式评分材料,倾向,2026-09-24-attribution-v2
BJ-2024-DC-ERMO-Q4,BJ-2024-DC-ERMO-Q4,BJ-2024-DC-ERMO,4,选择题,,整题,OUT,完整题-选择题照收,答案键来源未核实(候选未确认),该题正式评分材料候选存在候选/存在冲突，未确认匹配，不下判,不明,2026-09-24-attribution-v2
BJ-2024-DC-ERMO-Q5,BJ-2024-DC-ERMO-Q5,BJ-2024-DC-ERMO,5,选择题,,整题,OUT,完整题-选择题照收,答案键来源未核实(候选未确认),该题正式评分材料候选存在候选/存在冲突，未确认匹配，不下判,不明,2026-09-24-attribution-v2
BJ-2024-DC-ERMO-Q13,BJ-2024-DC-ERMO-Q13,BJ-2024-DC-ERMO,13,选择题,,整题,OUT,完整题-选择题照收,答案键来源未核实(候选未确认),该题正式评分材料候选存在候选/存在冲突，未确认匹配，不下判,倾向,2026-09-24-attribution-v2
BJ-2024-DC-ERMO-Q14,BJ-2024-DC-ERMO-Q14,BJ-2024-DC-ERMO,14,选择题,,整题,OUT,完整题-选择题照收,答案键来源未核实(候选未确认),该题正式评分材料候选存在候选/存在冲突，未确认匹配，不下判,不明,2026-09-24-attribution-v2
BJ-2024-DC-ERMO-Q15,BJ-2024-DC-ERMO-Q15,BJ-2024-DC-ERMO,15,选择题,,整题,OUT,完整题-选择题照收,答案键来源未核实(候选未确认),该题正式评分材料候选存在候选/存在冲突，未确认匹配，不下判,倾向,2026-09-24-attribution-v2
BJ-2024-FT-YIMO-Q1,BJ-2024-FT-YIMO-Q1,BJ-2024-FT-YIMO,1,选择题,,整题,OUT,完整题-选择题照收,E3,该题正式评分材料候选存在候选/存在冲突，未确认匹配，不下判（同时已有匹配参考答案，选择题按E3计，正式评分材料候选仍待核实）,不明,2026-09-24-attribution-v2
BJ-2024-FT-YIMO-Q2,BJ-2024-FT-YIMO-Q2,BJ-2024-FT-YIMO,2,选择题,,整题,OUT,完整题-选择题照收,E3,该题正式评分材料候选存在候选/存在冲突，未确认匹配，不下判（同时已有匹配参考答案，选择题按E3计，正式评分材料候选仍待核实）,不明,2026-09-24-attribution-v2
BJ-2024-FT-YIMO-Q3,BJ-2024-FT-YIMO-Q3,BJ-2024-FT-YIMO,3,选择题,,整题,OUT,完整题-选择题照收,E3,该题正式评分材料候选存在候选/存在冲突，未确认匹配，不下判（同时已有匹配参考答案，选择题按E3计，正式评分材料候选仍待核实）,不明,2026-09-24-attribution-v2
BJ-2024-FT-YIMO-Q4,BJ-2024-FT-YIMO-Q4,BJ-2024-FT-YIMO,4,选择题,,整题,OUT,完整题-选择题照收,E3,该题正式评分材料候选存在候选/存在冲突，未确认匹配，不下判（同时已有匹配参考答案，选择题按E3计，正式评分材料候选仍待核实）,不明,2026-09-24-attribution-v2
BJ-2024-FT-YIMO-Q8,BJ-2024-FT-YIMO-Q8,BJ-2024-FT-YIMO,8,选择题,,整题,OUT,完整题-选择题照收,E3,该题正式评分材料候选存在候选/存在冲突，未确认匹配，不下判（同时已有匹配参考答案，选择题按E3计，正式评分材料候选仍待核实）,倾向,2026-09-24-attribution-v2
BJ-2024-FT-YIMO-Q13,BJ-2024-FT-YIMO-Q13,BJ-2024-FT-YIMO,13,选择题,,整题,OUT,完整题-选择题照收,E3,该题正式评分材料候选存在候选/存在冲突，未确认匹配，不下判（同时已有匹配参考答案，选择题按E3计，正式评分材料候选仍待核实）,倾向,2026-09-24-attribution-v2
BJ-2024-FT-YIMO-Q14,BJ-2024-FT-YIMO-Q14,BJ-2024-FT-YIMO,14,选择题,,整题,OUT,完整题-选择题照收,E3,该题正式评分材料候选存在候选/存在冲突，未确认匹配，不下判（同时已有匹配参考答案，选择题按E3计，正式评分材料候选仍待核实）,不明,2026-09-24-attribution-v2
BJ-2024-FT-YIMO-Q15,BJ-2024-FT-YIMO-Q15,BJ-2024-FT-YIMO,15,选择题,,整题,OUT,完整题-选择题照收,E3,该题正式评分材料候选存在候选/存在冲突，未确认匹配，不下判（同时已有匹配参考答案，选择题按E3计，正式评分材料候选仍待核实）,不明,2026-09-24-attribution-v2
BJ-2024-FT-YIMO-Q7,BJ-2024-FT-YIMO-Q7,BJ-2024-FT-YIMO,7,选择题,,整题,OUT,完整题-选择题照收,答案键来源未核实(候选未确认),该题正式评分材料候选存在候选/存在冲突，未确认匹配，不下判,不明,2026-09-24-attribution-v2
BJ-2024-FT-ERMO-Q19,BJ-2024-FT-ERMO-Q19,BJ-2024-FT-ERMO,19,主观题,,整题,OUT,完整题-有E1,E1,逐题已匹配正式评分材料,倾向,2026-09-24-attribution-v2
BJ-2024-FT-ERMO-Q1,BJ-2024-FT-ERMO-Q1,BJ-2024-FT-ERMO,1,选择题,,整题,OUT,完整题-选择题照收,答案键来源未核实(候选未确认),该题正式评分材料候选存在候选/存在冲突，未确认匹配，不下判,倾向,2026-09-24-attribution-v2
BJ-2024-FT-ERMO-Q2,BJ-2024-FT-ERMO-Q2,BJ-2024-FT-ERMO,2,选择题,,整题,OUT,完整题-选择题照收,答案键来源未核实(候选未确认),该题正式评分材料候选存在候选/存在冲突，未确认匹配，不下判,倾向,2026-09-24-attribution-v2
BJ-2024-FT-ERMO-Q3,BJ-2024-FT-ERMO-Q3,BJ-2024-FT-ERMO,3,选择题,,整题,OUT,完整题-选择题照收,答案键来源未核实(候选未确认),该题正式评分材料候选存在候选/存在冲突，未确认匹配，不下判,不明,2026-09-24-attribution-v2
BJ-2024-FT-ERMO-Q4,BJ-2024-FT-ERMO-Q4,BJ-2024-FT-ERMO,4,选择题,,整题,OUT,完整题-选择题照收,答案键来源未核实(候选未确认),该题正式评分材料候选存在候选/存在冲突，未确认匹配，不下判,不明,2026-09-24-attribution-v2
BJ-2024-FT-ERMO-Q7,BJ-2024-FT-ERMO-Q7,BJ-2024-FT-ERMO,7,选择题,,整题,OUT,完整题-选择题照收,答案键来源未核实(候选未确认),该题正式评分材料候选存在候选/存在冲突，未确认匹配，不下判,不明,2026-09-24-attribution-v2
BJ-2024-FT-ERMO-Q8,BJ-2024-FT-ERMO-Q8,BJ-2024-FT-ERMO,8,选择题,,整题,OUT,完整题-选择题照收,答案键来源未核实(候选未确认),该题正式评分材料候选存在候选/存在冲突，未确认匹配，不下判,倾向,2026-09-24-attribution-v2
BJ-2024-FT-ERMO-Q13,BJ-2024-FT-ERMO-Q13,BJ-2024-FT-ERMO,13,选择题,,整题,OUT,完整题-选择题照收,答案键来源未核实(候选未确认),该题正式评分材料候选存在候选/存在冲突，未确认匹配，不下判,倾向,2026-09-24-attribution-v2
BJ-2024-FT-ERMO-Q14,BJ-2024-FT-ERMO-Q14,BJ-2024-FT-ERMO,14,选择题,,整题,OUT,完整题-选择题照收,答案键来源未核实(候选未确认),该题正式评分材料候选存在候选/存在冲突，未确认匹配，不下判,不明,2026-09-24-attribution-v2
BJ-2024-FT-ERMO-Q15,BJ-2024-FT-ERMO-Q15,BJ-2024-FT-ERMO,15,选择题,,整题,OUT,完整题-选择题照收,答案键来源未核实(候选未确认),该题正式评分材料候选存在候选/存在冲突，未确认匹配，不下判,不明,2026-09-24-attribution-v2
BJ-2024-FT-ERMO-Q16,BJ-2024-FT-ERMO-Q16,BJ-2024-FT-ERMO,16,主观题,,整题,OUT,待裁决-证据未核实,待裁决-证据未核实候选,该题正式评分材料候选存在候选/存在冲突，未确认匹配，不下判,倾向,2026-09-24-attribution-v2
BJ-2024-FT-ERMO-Q20,BJ-2024-FT-ERMO-Q20,BJ-2024-FT-ERMO,20,主观题,,整题,OUT,待裁决-证据未核实,待裁决-证据未核实候选,该题正式评分材料候选存在候选/存在冲突，未确认匹配，不下判,确定,2026-09-24-attribution-v2
BJ-2024-HD-ERMO-Q18#2,BJ-2024-HD-ERMO-Q18,BJ-2024-HD-ERMO,18,主观题,2,小问,OUT,待裁决-证据未核实,待裁决-证据未核实候选,该题正式评分材料候选存在候选/存在冲突，未确认匹配，不下判,倾向,2026-09-24-attribution-v2
BJ-2024-HD-ERMO-Q20,BJ-2024-HD-ERMO-Q20,BJ-2024-HD-ERMO,20,主观题,,整题,OUT,待裁决-证据未核实,待裁决-证据未核实候选,该题正式评分材料候选存在候选/存在冲突，未确认匹配，不下判,确定,2026-09-24-attribution-v2
BJ-2024-HD-ERMO-Q1,BJ-2024-HD-ERMO-Q1,BJ-2024-HD-ERMO,1,选择题,,整题,OUT,完整题-选择题照收,E3,该题正式评分材料候选存在候选/存在冲突，未确认匹配，不下判（同时已有匹配参考答案，选择题按E3计，正式评分材料候选仍待核实）,倾向,2026-09-24-attribution-v2
BJ-2024-HD-ERMO-Q2,BJ-2024-HD-ERMO-Q2,BJ-2024-HD-ERMO,2,选择题,,整题,OUT,完整题-选择题照收,E3,该题正式评分材料候选存在候选/存在冲突，未确认匹配，不下判（同时已有匹配参考答案，选择题按E3计，正式评分材料候选仍待核实）,不明,2026-09-24-attribution-v2
BJ-2024-HD-ERMO-Q3,BJ-2024-HD-ERMO-Q3,BJ-2024-HD-ERMO,3,选择题,,整题,OUT,完整题-选择题照收,E3,该题正式评分材料候选存在候选/存在冲突，未确认匹配，不下判（同时已有匹配参考答案，选择题按E3计，正式评分材料候选仍待核实）,不明,2026-09-24-attribution-v2
BJ-2024-HD-ERMO-Q4,BJ-2024-HD-ERMO-Q4,BJ-2024-HD-ERMO,4,选择题,,整题,OUT,完整题-选择题照收,E3,该题正式评分材料候选存在候选/存在冲突，未确认匹配，不下判（同时已有匹配参考答案，选择题按E3计，正式评分材料候选仍待核实）,不明,2026-09-24-attribution-v2
BJ-2024-HD-ERMO-Q5,BJ-2024-HD-ERMO-Q5,BJ-2024-HD-ERMO,5,选择题,,整题,OUT,完整题-选择题照收,E3,该题正式评分材料候选存在候选/存在冲突，未确认匹配，不下判（同时已有匹配参考答案，选择题按E3计，正式评分材料候选仍待核实）,不明,2026-09-24-attribution-v2
BJ-2024-HD-ERMO-Q6,BJ-2024-HD-ERMO-Q6,BJ-2024-HD-ERMO,6,选择题,,整题,OUT,完整题-选择题照收,E3,该题正式评分材料候选存在候选/存在冲突，未确认匹配，不下判（同时已有匹配参考答案，选择题按E3计，正式评分材料候选仍待核实）,不明,2026-09-24-attribution-v2
BJ-2024-HD-ERMO-Q8,BJ-2024-HD-ERMO-Q8,BJ-2024-HD-ERMO,8,选择题,,整题,OUT,完整题-选择题照收,E3,该题正式评分材料候选存在候选/存在冲突，未确认匹配，不下判（同时已有匹配参考答案，选择题按E3计，正式评分材料候选仍待核实）,倾向,2026-09-24-attribution-v2
BJ-2024-HD-ERMO-Q13,BJ-2024-HD-ERMO-Q13,BJ-2024-HD-ERMO,13,选择题,,整题,OUT,完整题-选择题照收,E3,该题正式评分材料候选存在候选/存在冲突，未确认匹配，不下判（同时已有匹配参考答案，选择题按E3计，正式评分材料候选仍待核实）,倾向,2026-09-24-attribution-v2
BJ-2024-HD-ERMO-Q14,BJ-2024-HD-ERMO-Q14,BJ-2024-HD-ERMO,14,选择题,,整题,OUT,完整题-选择题照收,E3,该题正式评分材料候选存在候选/存在冲突，未确认匹配，不下判（同时已有匹配参考答案，选择题按E3计，正式评分材料候选仍待核实）,不明,2026-09-24-attribution-v2
BJ-2024-HD-ERMO-Q15,BJ-2024-HD-ERMO-Q15,BJ-2024-HD-ERMO,15,选择题,,整题,OUT,完整题-选择题照收,E3,该题正式评分材料候选存在候选/存在冲突，未确认匹配，不下判（同时已有匹配参考答案，选择题按E3计，正式评分材料候选仍待核实）,倾向,2026-09-24-attribution-v2
BJ-2024-SJS-YIMO-Q4,BJ-2024-SJS-YIMO-Q4,BJ-2024-SJS-YIMO,4,选择题,,整题,OUT,完整题-选择题照收,E1,逐题已匹配正式评分材料,不明,2026-09-24-attribution-v2
BJ-2024-SJS-YIMO-Q1,BJ-2024-SJS-YIMO-Q1,BJ-2024-SJS-YIMO,1,选择题,,整题,OUT,完整题-选择题照收,答案键来源未核实(候选未确认),该题正式评分材料候选存在候选/存在冲突，未确认匹配，不下判,不明,2026-09-24-attribution-v2
BJ-2024-SJS-YIMO-Q2,BJ-2024-SJS-YIMO-Q2,BJ-2024-SJS-YIMO,2,选择题,,整题,OUT,完整题-选择题照收,答案键来源未核实(候选未确认),该题正式评分材料候选存在候选/存在冲突，未确认匹配，不下判,不明,2026-09-24-attribution-v2
BJ-2024-SJS-YIMO-Q3,BJ-2024-SJS-YIMO-Q3,BJ-2024-SJS-YIMO,3,选择题,,整题,OUT,完整题-选择题照收,答案键来源未核实(候选未确认),该题正式评分材料候选存在候选/存在冲突，未确认匹配，不下判,不明,2026-09-24-attribution-v2
BJ-2024-SJS-YIMO-Q5,BJ-2024-SJS-YIMO-Q5,BJ-2024-SJS-YIMO,5,选择题,,整题,OUT,完整题-选择题照收,答案键来源未核实(候选未确认),该题正式评分材料候选存在候选/存在冲突，未确认匹配，不下判,不明,2026-09-24-attribution-v2
BJ-2024-SJS-YIMO-Q6,BJ-2024-SJS-YIMO-Q6,BJ-2024-SJS-YIMO,6,选择题,,整题,OUT,完整题-选择题照收,答案键来源未核实(候选未确认),该题正式评分材料候选存在候选/存在冲突，未确认匹配，不下判,不明,2026-09-24-attribution-v2
BJ-2024-SJS-YIMO-Q13,BJ-2024-SJS-YIMO-Q13,BJ-2024-SJS-YIMO,13,选择题,,整题,OUT,完整题-选择题照收,答案键来源未核实(候选未确认),该题正式评分材料候选存在候选/存在冲突，未确认匹配，不下判,不明,2026-09-24-attribution-v2
BJ-2024-SJS-YIMO-Q14,BJ-2024-SJS-YIMO-Q14,BJ-2024-SJS-YIMO,14,选择题,,整题,OUT,完整题-选择题照收,答案键来源未核实(候选未确认),该题正式评分材料候选存在候选/存在冲突，未确认匹配，不下判,不明,2026-09-24-attribution-v2
BJ-2024-SJS-YIMO-Q15,BJ-2024-SJS-YIMO-Q15,BJ-2024-SJS-YIMO,15,选择题,,整题,OUT,完整题-选择题照收,答案键来源未核实(候选未确认),该题正式评分材料候选存在候选/存在冲突，未确认匹配，不下判,倾向,2026-09-24-attribution-v2
BJ-2024-SJS-YIMO-Q19#1,BJ-2024-SJS-YIMO-Q19,BJ-2024-SJS-YIMO,19,主观题,1,小问,OUT,收-具名例外,具名例外,具名例外:item_level_no_rubric，只覆盖Q19(1)，不扩张到同卷其他题目 | project-constitution.md:13 special_override：2026-08-27 用户明确特批 2024 石景山一模第19题第（1）问为题级无正式细则例外; project-constitution.md:50 用户于2026-08-27又明确特批必修二2024石景山一模第19题第（1）问为题级例外；该特批只覆盖这一小问，不扩张到同卷其他题目,不明,2026-09-24-attribution-v2
BJ-2024-SJS-YIMO-Q19#2,BJ-2024-SJS-YIMO-Q19,BJ-2024-SJS-YIMO,19,主观题,2,小问,OUT,待裁决-证据未核实,待裁决-证据未核实候选,该题正式评分材料候选存在候选/存在冲突，未确认匹配，不下判,不明,2026-09-24-attribution-v2
BJ-2024-SJS-YIMO-Q19#3,BJ-2024-SJS-YIMO-Q19,BJ-2024-SJS-YIMO,19,主观题,3,小问,OUT,待裁决-证据未核实,待裁决-证据未核实候选,该题正式评分材料候选存在候选/存在冲突，未确认匹配，不下判,不明,2026-09-24-attribution-v2
BJ-2024-XC-YIMO-Q17,BJ-2024-XC-YIMO-Q17,BJ-2024-XC-YIMO,17,主观题,,整题,OUT,完整题-有E1,E1,逐题已匹配正式评分材料,倾向,2026-09-24-attribution-v2
BJ-2024-XC-YIMO-Q19#1,BJ-2024-XC-YIMO-Q19,BJ-2024-XC-YIMO,19,主观题,1,小问,OUT,完整题-有E1,E1,逐题已匹配正式评分材料,不明,2026-09-24-attribution-v2
BJ-2024-XC-YIMO-Q19#2,BJ-2024-XC-YIMO-Q19,BJ-2024-XC-YIMO,19,主观题,2,小问,OUT,完整题-有E1,E1,逐题已匹配正式评分材料,不明,2026-09-24-attribution-v2
BJ-2024-XC-YIMO-Q19#5,BJ-2024-XC-YIMO-Q19,BJ-2024-XC-YIMO,19,主观题,5,小问,OUT,完整题-有E1,E1,逐题已匹配正式评分材料,不明,2026-09-24-attribution-v2
BJ-2024-XC-YIMO-Q19#6,BJ-2024-XC-YIMO-Q19,BJ-2024-XC-YIMO,19,主观题,6,小问,OUT,完整题-有E1,E1,逐题已匹配正式评分材料,不明,2026-09-24-attribution-v2
BJ-2024-XC-YIMO-Q1,BJ-2024-XC-YIMO-Q1,BJ-2024-XC-YIMO,1,选择题,,整题,OUT,完整题-选择题照收,E3,该题正式评分材料候选存在候选/存在冲突，未确认匹配，不下判（同时已有匹配参考答案，选择题按E3计，正式评分材料候选仍待核实）,不明,2026-09-24-attribution-v2
BJ-2024-XC-YIMO-Q2,BJ-2024-XC-YIMO-Q2,BJ-2024-XC-YIMO,2,选择题,,整题,OUT,完整题-选择题照收,E3,该题正式评分材料候选存在候选/存在冲突，未确认匹配，不下判（同时已有匹配参考答案，选择题按E3计，正式评分材料候选仍待核实）,倾向,2026-09-24-attribution-v2
BJ-2024-XC-YIMO-Q3,BJ-2024-XC-YIMO-Q3,BJ-2024-XC-YIMO,3,选择题,,整题,OUT,完整题-选择题照收,E3,该题正式评分材料候选存在候选/存在冲突，未确认匹配，不下判（同时已有匹配参考答案，选择题按E3计，正式评分材料候选仍待核实）,不明,2026-09-24-attribution-v2
BJ-2024-XC-YIMO-Q4,BJ-2024-XC-YIMO-Q4,BJ-2024-XC-YIMO,4,选择题,,整题,OUT,完整题-选择题照收,E3,该题正式评分材料候选存在候选/存在冲突，未确认匹配，不下判（同时已有匹配参考答案，选择题按E3计，正式评分材料候选仍待核实）,倾向,2026-09-24-attribution-v2
BJ-2024-XC-YIMO-Q13,BJ-2024-XC-YIMO-Q13,BJ-2024-XC-YIMO,13,选择题,,整题,OUT,完整题-选择题照收,E3,该题正式评分材料候选存在候选/存在冲突，未确认匹配，不下判（同时已有匹配参考答案，选择题按E3计，正式评分材料候选仍待核实）,倾向,2026-09-24-attribution-v2
BJ-2024-XC-YIMO-Q14,BJ-2024-XC-YIMO-Q14,BJ-2024-XC-YIMO,14,选择题,,整题,OUT,完整题-选择题照收,E3,该题正式评分材料候选存在候选/存在冲突，未确认匹配，不下判（同时已有匹配参考答案，选择题按E3计，正式评分材料候选仍待核实）,不明,2026-09-24-attribution-v2
BJ-2024-XC-YIMO-Q15,BJ-2024-XC-YIMO-Q15,BJ-2024-XC-YIMO,15,选择题,,整题,OUT,完整题-选择题照收,E3,该题正式评分材料候选存在候选/存在冲突，未确认匹配，不下判（同时已有匹配参考答案，选择题按E3计，正式评分材料候选仍待核实）,倾向,2026-09-24-attribution-v2
BJ-2024-XC-ERMO-Q19,BJ-2024-XC-ERMO-Q19,BJ-2024-XC-ERMO,19,主观题,,整题,OUT,完整题-有E1,E1,逐题已匹配正式评分材料,倾向,2026-09-24-attribution-v2
BJ-2024-XC-ERMO-Q2,BJ-2024-XC-ERMO-Q2,BJ-2024-XC-ERMO,2,选择题,,整题,OUT,完整题-选择题照收,E3,该题正式评分材料候选存在候选/存在冲突，未确认匹配，不下判（同时已有匹配参考答案，选择题按E3计，正式评分材料候选仍待核实）,不明,2026-09-24-attribution-v2
BJ-2024-XC-ERMO-Q3,BJ-2024-XC-ERMO-Q3,BJ-2024-XC-ERMO,3,选择题,,整题,OUT,完整题-选择题照收,E3,该题正式评分材料候选存在候选/存在冲突，未确认匹配，不下判（同时已有匹配参考答案，选择题按E3计，正式评分材料候选仍待核实）,不明,2026-09-24-attribution-v2
BJ-2024-XC-ERMO-Q5,BJ-2024-XC-ERMO-Q5,BJ-2024-XC-ERMO,5,选择题,,整题,OUT,完整题-选择题照收,E3,该题正式评分材料候选存在候选/存在冲突，未确认匹配，不下判（同时已有匹配参考答案，选择题按E3计，正式评分材料候选仍待核实）,不明,2026-09-24-attribution-v2
BJ-2024-XC-ERMO-Q6,BJ-2024-XC-ERMO-Q6,BJ-2024-XC-ERMO,6,选择题,,整题,OUT,完整题-选择题照收,E3,该题正式评分材料候选存在候选/存在冲突，未确认匹配，不下判（同时已有匹配参考答案，选择题按E3计，正式评分材料候选仍待核实）,不明,2026-09-24-attribution-v2
BJ-2024-XC-ERMO-Q7,BJ-2024-XC-ERMO-Q7,BJ-2024-XC-ERMO,7,选择题,,整题,OUT,完整题-选择题照收,E3,该题正式评分材料候选存在候选/存在冲突，未确认匹配，不下判（同时已有匹配参考答案，选择题按E3计，正式评分材料候选仍待核实）,不明,2026-09-24-attribution-v2
BJ-2024-XC-ERMO-Q8,BJ-2024-XC-ERMO-Q8,BJ-2024-XC-ERMO,8,选择题,,整题,OUT,完整题-选择题照收,E3,该题正式评分材料候选存在候选/存在冲突，未确认匹配，不下判（同时已有匹配参考答案，选择题按E3计，正式评分材料候选仍待核实）,倾向,2026-09-24-attribution-v2
BJ-2024-XC-ERMO-Q14,BJ-2024-XC-ERMO-Q14,BJ-2024-XC-ERMO,14,选择题,,整题,OUT,完整题-选择题照收,E3,该题正式评分材料候选存在候选/存在冲突，未确认匹配，不下判（同时已有匹配参考答案，选择题按E3计，正式评分材料候选仍待核实）,不明,2026-09-24-attribution-v2
BJ-2025-DC-YIMO-Q16,BJ-2025-DC-YIMO-Q16,BJ-2025-DC-YIMO,16,主观题,,整题,OUT,完整题-有E1,E1,逐题已匹配正式评分材料,倾向,2026-09-24-attribution-v2
BJ-2025-DC-YIMO-Q1,BJ-2025-DC-YIMO-Q1,BJ-2025-DC-YIMO,1,选择题,,整题,OUT,完整题-选择题照收,答案键来源未核实(候选未确认),该题正式评分材料候选存在候选/存在冲突，未确认匹配，不下判,倾向,2026-09-24-attribution-v2
BJ-2025-DC-YIMO-Q3,BJ-2025-DC-YIMO-Q3,BJ-2025-DC-YIMO,3,选择题,,整题,OUT,完整题-选择题照收,E1,逐题已匹配正式评分材料,不明,2026-09-24-attribution-v2
BJ-2025-DC-YIMO-Q4,BJ-2025-DC-YIMO-Q4,BJ-2025-DC-YIMO,4,选择题,,整题,OUT,完整题-选择题照收,答案键来源未核实(候选未确认),该题正式评分材料候选存在候选/存在冲突，未确认匹配，不下判,倾向,2026-09-24-attribution-v2
BJ-2025-DC-YIMO-Q5,BJ-2025-DC-YIMO-Q5,BJ-2025-DC-YIMO,5,选择题,,整题,OUT,完整题-选择题照收,E1,逐题已匹配正式评分材料,不明,2026-09-24-attribution-v2
BJ-2025-DC-YIMO-Q2,BJ-2025-DC-YIMO-Q2,BJ-2025-DC-YIMO,2,选择题,,整题,OUT,完整题-选择题照收,答案键来源未核实(候选未确认),该题正式评分材料候选存在候选/存在冲突，未确认匹配，不下判,不明,2026-09-24-attribution-v2
BJ-2025-DC-YIMO-Q6,BJ-2025-DC-YIMO-Q6,BJ-2025-DC-YIMO,6,选择题,,整题,OUT,完整题-选择题照收,答案键来源未核实(候选未确认),该题正式评分材料候选存在候选/存在冲突，未确认匹配，不下判,不明,2026-09-24-attribution-v2
BJ-2025-DC-YIMO-Q7,BJ-2025-DC-YIMO-Q7,BJ-2025-DC-YIMO,7,选择题,,整题,OUT,完整题-选择题照收,答案键来源未核实(候选未确认),该题正式评分材料候选存在候选/存在冲突，未确认匹配，不下判,不明,2026-09-24-attribution-v2
BJ-2025-DC-YIMO-Q8,BJ-2025-DC-YIMO-Q8,BJ-2025-DC-YIMO,8,选择题,,整题,OUT,完整题-选择题照收,答案键来源未核实(候选未确认),该题正式评分材料候选存在候选/存在冲突，未确认匹配，不下判,倾向,2026-09-24-attribution-v2
BJ-2025-DC-YIMO-Q14,BJ-2025-DC-YIMO-Q14,BJ-2025-DC-YIMO,14,选择题,,整题,OUT,完整题-选择题照收,答案键来源未核实(候选未确认),该题正式评分材料候选存在候选/存在冲突，未确认匹配，不下判,不明,2026-09-24-attribution-v2
BJ-2025-DC-YIMO-Q15,BJ-2025-DC-YIMO-Q15,BJ-2025-DC-YIMO,15,选择题,,整题,OUT,完整题-选择题照收,答案键来源未核实(候选未确认),该题正式评分材料候选存在候选/存在冲突，未确认匹配，不下判,不明,2026-09-24-attribution-v2
BJ-2025-FT-YIMO-Q1,BJ-2025-FT-YIMO-Q1,BJ-2025-FT-YIMO,1,选择题,,整题,OUT,完整题-选择题照收,答案键来源未核实(候选未确认),该题正式评分材料候选存在候选/存在冲突，未确认匹配，不下判,不明,2026-09-24-attribution-v2
BJ-2025-FT-YIMO-Q2,BJ-2025-FT-YIMO-Q2,BJ-2025-FT-YIMO,2,选择题,,整题,OUT,完整题-选择题照收,答案键来源未核实(候选未确认),该题正式评分材料候选存在候选/存在冲突，未确认匹配，不下判,倾向,2026-09-24-attribution-v2
BJ-2025-FT-YIMO-Q3,BJ-2025-FT-YIMO-Q3,BJ-2025-FT-YIMO,3,选择题,,整题,OUT,完整题-选择题照收,答案键来源未核实(候选未确认),该题正式评分材料候选存在候选/存在冲突，未确认匹配，不下判,不明,2026-09-24-attribution-v2
BJ-2025-FT-YIMO-Q4,BJ-2025-FT-YIMO-Q4,BJ-2025-FT-YIMO,4,选择题,,整题,OUT,完整题-选择题照收,答案键来源未核实(候选未确认),该题正式评分材料候选存在候选/存在冲突，未确认匹配，不下判,倾向,2026-09-24-attribution-v2
BJ-2025-FT-YIMO-Q5,BJ-2025-FT-YIMO-Q5,BJ-2025-FT-YIMO,5,选择题,,整题,OUT,完整题-选择题照收,答案键来源未核实(候选未确认),该题正式评分材料候选存在候选/存在冲突，未确认匹配，不下判,不明,2026-09-24-attribution-v2
BJ-2025-FT-YIMO-Q6,BJ-2025-FT-YIMO-Q6,BJ-2025-FT-YIMO,6,选择题,,整题,OUT,完整题-选择题照收,答案键来源未核实(候选未确认),该题正式评分材料候选存在候选/存在冲突，未确认匹配，不下判,不明,2026-09-24-attribution-v2
BJ-2025-FT-YIMO-Q7,BJ-2025-FT-YIMO-Q7,BJ-2025-FT-YIMO,7,选择题,,整题,OUT,完整题-选择题照收,答案键来源未核实(候选未确认),该题正式评分材料候选存在候选/存在冲突，未确认匹配，不下判,不明,2026-09-24-attribution-v2
BJ-2025-FT-YIMO-Q8,BJ-2025-FT-YIMO-Q8,BJ-2025-FT-YIMO,8,选择题,,整题,OUT,完整题-选择题照收,答案键来源未核实(候选未确认),该题正式评分材料候选存在候选/存在冲突，未确认匹配，不下判,倾向,2026-09-24-attribution-v2
BJ-2025-FT-YIMO-Q18,BJ-2025-FT-YIMO-Q18,BJ-2025-FT-YIMO,18,选择题,,整题,OUT,身份错误-不计入分母,身份层标记:split_error_fake_choice_question,题库把该题登记为选择题（4个选项），但 units.jsonl 的 stem 实际是 “18.54~24 正常/24~28 超重/≥28 肥胖”——这是Q12题干里BMI分级表的尾部行随页面换行被误切成“Q18”，选项A-D的文字与Q13“下列选项中犯了与示例相同逻辑错误的是”一题的语境高度吻合，而题库里Q13的stem恰好缺选项（只到“第4页/共11页”截断）。可确认这是抽取阶段的切分错误，不是一道真实独立的第18题。该卷原卷“第二部分共6题”，但题库只登记了Q16/17/19/20/21五道主观题，真实的主观题“第18题”未被登记为任何 qid，书稿如引用“2025丰台一模Q18(1)”，指的是这道缺失的真实主观题，不是题库里的这个伪选择题。本表不猜测真实Q18内容，只标记该qid不计入选择题“照收”分母，并将“回补真实Q18、修正Q13选项归属”列入回传题库线清单，不直接改题库文件。,确定,2026-09-24-attribution-v2
BJ-2025-FT-YIMO-Q13,BJ-2025-FT-YIMO-Q13,BJ-2025-FT-YIMO,13,选择题,,整题,OUT,完整题-选择题照收,答案键来源未核实(候选未确认),该题正式评分材料候选存在候选/存在冲突，未确认匹配，不下判,倾向,2026-09-24-attribution-v2
BJ-2025-FT-YIMO-Q14,BJ-2025-FT-YIMO-Q14,BJ-2025-FT-YIMO,14,选择题,,整题,OUT,完整题-选择题照收,答案键来源未核实(候选未确认),该题正式评分材料候选存在候选/存在冲突，未确认匹配，不下判,不明,2026-09-24-attribution-v2
BJ-2025-FT-YIMO-Q15,BJ-2025-FT-YIMO-Q15,BJ-2025-FT-YIMO,15,选择题,,整题,OUT,完整题-选择题照收,答案键来源未核实(候选未确认),该题正式评分材料候选存在候选/存在冲突，未确认匹配，不下判,不明,2026-09-24-attribution-v2
BJ-2025-YQ-YIMO-Q1,BJ-2025-YQ-YIMO-Q1,BJ-2025-YQ-YIMO,1,选择题,,整题,OUT,完整题-选择题照收,答案键来源未核实(候选未确认),该题正式评分材料候选存在候选/存在冲突，未确认匹配，不下判,倾向,2026-09-24-attribution-v2
BJ-2025-YQ-YIMO-Q2,BJ-2025-YQ-YIMO-Q2,BJ-2025-YQ-YIMO,2,选择题,,整题,OUT,完整题-选择题照收,答案键来源未核实(候选未确认),该题正式评分材料候选存在候选/存在冲突，未确认匹配，不下判,不明,2026-09-24-attribution-v2
BJ-2025-YQ-YIMO-Q3,BJ-2025-YQ-YIMO-Q3,BJ-2025-YQ-YIMO,3,选择题,,整题,OUT,完整题-选择题照收,答案键来源未核实(候选未确认),该题正式评分材料候选存在候选/存在冲突，未确认匹配，不下判,不明,2026-09-24-attribution-v2
BJ-2025-YQ-YIMO-Q4,BJ-2025-YQ-YIMO-Q4,BJ-2025-YQ-YIMO,4,选择题,,整题,OUT,完整题-选择题照收,答案键来源未核实(候选未确认),该题正式评分材料候选存在候选/存在冲突，未确认匹配，不下判,不明,2026-09-24-attribution-v2
BJ-2025-YQ-YIMO-Q5,BJ-2025-YQ-YIMO-Q5,BJ-2025-YQ-YIMO,5,选择题,,整题,OUT,完整题-选择题照收,答案键来源未核实(候选未确认),该题正式评分材料候选存在候选/存在冲突，未确认匹配，不下判,不明,2026-09-24-attribution-v2
BJ-2025-YQ-YIMO-Q6,BJ-2025-YQ-YIMO-Q6,BJ-2025-YQ-YIMO,6,选择题,,整题,OUT,完整题-选择题照收,答案键来源未核实(候选未确认),该题正式评分材料候选存在候选/存在冲突，未确认匹配，不下判,不明,2026-09-24-attribution-v2
BJ-2025-YQ-YIMO-Q7,BJ-2025-YQ-YIMO-Q7,BJ-2025-YQ-YIMO,7,选择题,,整题,OUT,完整题-选择题照收,答案键来源未核实(候选未确认),该题正式评分材料候选存在候选/存在冲突，未确认匹配，不下判,不明,2026-09-24-attribution-v2
BJ-2025-YQ-YIMO-Q8,BJ-2025-YQ-YIMO-Q8,BJ-2025-YQ-YIMO,8,选择题,,整题,OUT,完整题-选择题照收,答案键来源未核实(候选未确认),该题正式评分材料候选存在候选/存在冲突，未确认匹配，不下判,不明,2026-09-24-attribution-v2
BJ-2025-YQ-YIMO-Q13,BJ-2025-YQ-YIMO-Q13,BJ-2025-YQ-YIMO,13,选择题,,整题,OUT,完整题-选择题照收,答案键来源未核实(候选未确认),该题正式评分材料候选存在候选/存在冲突，未确认匹配，不下判,倾向,2026-09-24-attribution-v2
BJ-2025-YQ-YIMO-Q14,BJ-2025-YQ-YIMO-Q14,BJ-2025-YQ-YIMO,14,选择题,,整题,OUT,完整题-选择题照收,答案键来源未核实(候选未确认),该题正式评分材料候选存在候选/存在冲突，未确认匹配，不下判,不明,2026-09-24-attribution-v2
BJ-2025-YQ-YIMO-Q15,BJ-2025-YQ-YIMO-Q15,BJ-2025-YQ-YIMO,15,选择题,,整题,OUT,完整题-选择题照收,答案键来源未核实(候选未确认),该题正式评分材料候选存在候选/存在冲突，未确认匹配，不下判,倾向,2026-09-24-attribution-v2
BJ-2025-FS-YIMO-Q1,BJ-2025-FS-YIMO-Q1,BJ-2025-FS-YIMO,1,选择题,,整题,OUT,完整题-选择题照收,答案键来源未核实(候选未确认),该题正式评分材料候选存在候选/存在冲突，未确认匹配，不下判,不明,2026-09-24-attribution-v2
BJ-2025-FS-YIMO-Q2,BJ-2025-FS-YIMO-Q2,BJ-2025-FS-YIMO,2,选择题,,整题,OUT,完整题-选择题照收,答案键来源未核实(候选未确认),该题正式评分材料候选存在候选/存在冲突，未确认匹配，不下判,不明,2026-09-24-attribution-v2
BJ-2025-FS-YIMO-Q3,BJ-2025-FS-YIMO-Q3,BJ-2025-FS-YIMO,3,选择题,,整题,OUT,完整题-选择题照收,答案键来源未核实(候选未确认),该题正式评分材料候选存在候选/存在冲突，未确认匹配，不下判,不明,2026-09-24-attribution-v2
BJ-2025-FS-YIMO-Q4,BJ-2025-FS-YIMO-Q4,BJ-2025-FS-YIMO,4,选择题,,整题,OUT,完整题-选择题照收,答案键来源未核实(候选未确认),该题正式评分材料候选存在候选/存在冲突，未确认匹配，不下判,不明,2026-09-24-attribution-v2
BJ-2025-FS-YIMO-Q5,BJ-2025-FS-YIMO-Q5,BJ-2025-FS-YIMO,5,选择题,,整题,OUT,完整题-选择题照收,答案键来源未核实(候选未确认),该题正式评分材料候选存在候选/存在冲突，未确认匹配，不下判,不明,2026-09-24-attribution-v2
BJ-2025-FS-YIMO-Q6,BJ-2025-FS-YIMO-Q6,BJ-2025-FS-YIMO,6,选择题,,整题,OUT,完整题-选择题照收,答案键来源未核实(候选未确认),该题正式评分材料候选存在候选/存在冲突，未确认匹配，不下判,不明,2026-09-24-attribution-v2
BJ-2025-FS-YIMO-Q7,BJ-2025-FS-YIMO-Q7,BJ-2025-FS-YIMO,7,选择题,,整题,OUT,完整题-选择题照收,答案键来源未核实(候选未确认),该题正式评分材料候选存在候选/存在冲突，未确认匹配，不下判,不明,2026-09-24-attribution-v2
BJ-2025-FS-YIMO-Q13,BJ-2025-FS-YIMO-Q13,BJ-2025-FS-YIMO,13,选择题,,整题,OUT,完整题-选择题照收,答案键来源未核实(候选未确认),该题正式评分材料候选存在候选/存在冲突，未确认匹配，不下判,倾向,2026-09-24-attribution-v2
BJ-2025-FS-YIMO-Q14,BJ-2025-FS-YIMO-Q14,BJ-2025-FS-YIMO,14,选择题,,整题,OUT,完整题-选择题照收,答案键来源未核实(候选未确认),该题正式评分材料候选存在候选/存在冲突，未确认匹配，不下判,不明,2026-09-24-attribution-v2
BJ-2025-FS-YIMO-Q15,BJ-2025-FS-YIMO-Q15,BJ-2025-FS-YIMO,15,选择题,,整题,OUT,完整题-选择题照收,答案键来源未核实(候选未确认),该题正式评分材料候选存在候选/存在冲突，未确认匹配，不下判,倾向,2026-09-24-attribution-v2
BJ-2025-CY-YIMO-Q1,BJ-2025-CY-YIMO-Q1,BJ-2025-CY-YIMO,1,选择题,,整题,OUT,完整题-选择题照收,答案键来源未核实(候选未确认),该题正式评分材料候选存在候选/存在冲突，未确认匹配，不下判,倾向,2026-09-24-attribution-v2
BJ-2025-CY-YIMO-Q2,BJ-2025-CY-YIMO-Q2,BJ-2025-CY-YIMO,2,选择题,,整题,OUT,完整题-选择题照收,答案键来源未核实(候选未确认),该题正式评分材料候选存在候选/存在冲突，未确认匹配，不下判,倾向,2026-09-24-attribution-v2
BJ-2025-CY-YIMO-Q4,BJ-2025-CY-YIMO-Q4,BJ-2025-CY-YIMO,4,选择题,,整题,OUT,完整题-选择题照收,答案键来源未核实(候选未确认),该题正式评分材料候选存在候选/存在冲突，未确认匹配，不下判,不明,2026-09-24-attribution-v2
BJ-2025-CY-YIMO-Q6,BJ-2025-CY-YIMO-Q6,BJ-2025-CY-YIMO,6,选择题,,整题,OUT,完整题-选择题照收,答案键来源未核实(候选未确认),该题正式评分材料候选存在候选/存在冲突，未确认匹配，不下判,不明,2026-09-24-attribution-v2
BJ-2025-CY-YIMO-Q7,BJ-2025-CY-YIMO-Q7,BJ-2025-CY-YIMO,7,选择题,,整题,OUT,完整题-选择题照收,答案键来源未核实(候选未确认),该题正式评分材料候选存在候选/存在冲突，未确认匹配，不下判,不明,2026-09-24-attribution-v2
BJ-2025-CY-YIMO-Q13,BJ-2025-CY-YIMO-Q13,BJ-2025-CY-YIMO,13,选择题,,整题,OUT,完整题-选择题照收,答案键来源未核实(候选未确认),该题正式评分材料候选存在候选/存在冲突，未确认匹配，不下判,倾向,2026-09-24-attribution-v2
BJ-2025-CY-YIMO-Q14,BJ-2025-CY-YIMO-Q14,BJ-2025-CY-YIMO,14,选择题,,整题,OUT,完整题-选择题照收,答案键来源未核实(候选未确认),该题正式评分材料候选存在候选/存在冲突，未确认匹配，不下判,不明,2026-09-24-attribution-v2
BJ-2025-CY-YIMO-Q15,BJ-2025-CY-YIMO-Q15,BJ-2025-CY-YIMO,15,选择题,,整题,OUT,完整题-选择题照收,答案键来源未核实(候选未确认),该题正式评分材料候选存在候选/存在冲突，未确认匹配，不下判,不明,2026-09-24-attribution-v2
BJ-2025-HD-YIMO-Q1,BJ-2025-HD-YIMO-Q1,BJ-2025-HD-YIMO,1,选择题,,整题,OUT,完整题-选择题照收,E1,逐题已匹配正式评分材料,倾向,2026-09-24-attribution-v2
BJ-2025-HD-YIMO-Q3,BJ-2025-HD-YIMO-Q3,BJ-2025-HD-YIMO,3,选择题,,整题,OUT,完整题-选择题照收,E1,逐题已匹配正式评分材料,不明,2026-09-24-attribution-v2
BJ-2025-HD-YIMO-Q4,BJ-2025-HD-YIMO-Q4,BJ-2025-HD-YIMO,4,选择题,,整题,OUT,完整题-选择题照收,答案键来源未核实(候选未确认),该题正式评分材料候选存在候选/存在冲突，未确认匹配，不下判,不明,2026-09-24-attribution-v2
BJ-2025-HD-YIMO-Q5,BJ-2025-HD-YIMO-Q5,BJ-2025-HD-YIMO,5,选择题,,整题,OUT,完整题-选择题照收,答案键来源未核实(候选未确认),该题正式评分材料候选存在候选/存在冲突，未确认匹配，不下判,不明,2026-09-24-attribution-v2
BJ-2025-HD-YIMO-Q6,BJ-2025-HD-YIMO-Q6,BJ-2025-HD-YIMO,6,选择题,,整题,OUT,完整题-选择题照收,答案键来源未核实(候选未确认),该题正式评分材料候选存在候选/存在冲突，未确认匹配，不下判,不明,2026-09-24-attribution-v2
BJ-2025-HD-YIMO-Q13,BJ-2025-HD-YIMO-Q13,BJ-2025-HD-YIMO,13,选择题,,整题,OUT,完整题-选择题照收,答案键来源未核实(候选未确认),该题正式评分材料候选存在候选/存在冲突，未确认匹配，不下判,倾向,2026-09-24-attribution-v2
BJ-2025-HD-YIMO-Q14,BJ-2025-HD-YIMO-Q14,BJ-2025-HD-YIMO,14,选择题,,整题,OUT,完整题-选择题照收,答案键来源未核实(候选未确认),该题正式评分材料候选存在候选/存在冲突，未确认匹配，不下判,不明,2026-09-24-attribution-v2
BJ-2025-HD-YIMO-Q15,BJ-2025-HD-YIMO-Q15,BJ-2025-HD-YIMO,15,选择题,,整题,OUT,完整题-选择题照收,答案键来源未核实(候选未确认),该题正式评分材料候选存在候选/存在冲突，未确认匹配，不下判,不明,2026-09-24-attribution-v2
BJ-2025-SJS-YIMO-Q2,BJ-2025-SJS-YIMO-Q2,BJ-2025-SJS-YIMO,2,选择题,,整题,OUT,完整题-选择题照收,答案键来源未核实(候选未确认),该题正式评分材料候选存在候选/存在冲突，未确认匹配，不下判,不明,2026-09-24-attribution-v2
BJ-2025-SJS-YIMO-Q4,BJ-2025-SJS-YIMO-Q4,BJ-2025-SJS-YIMO,4,选择题,,整题,OUT,完整题-选择题照收,答案键来源未核实(候选未确认),该题正式评分材料候选存在候选/存在冲突，未确认匹配，不下判,不明,2026-09-24-attribution-v2
BJ-2025-SJS-YIMO-Q5,BJ-2025-SJS-YIMO-Q5,BJ-2025-SJS-YIMO,5,选择题,,整题,OUT,完整题-选择题照收,答案键来源未核实(候选未确认),该题正式评分材料候选存在候选/存在冲突，未确认匹配，不下判,不明,2026-09-24-attribution-v2
BJ-2025-SJS-YIMO-Q6,BJ-2025-SJS-YIMO-Q6,BJ-2025-SJS-YIMO,6,选择题,,整题,OUT,完整题-选择题照收,答案键来源未核实(候选未确认),该题正式评分材料候选存在候选/存在冲突，未确认匹配，不下判,不明,2026-09-24-attribution-v2
BJ-2025-SJS-YIMO-Q7,BJ-2025-SJS-YIMO-Q7,BJ-2025-SJS-YIMO,7,选择题,,整题,OUT,完整题-选择题照收,答案键来源未核实(候选未确认),该题正式评分材料候选存在候选/存在冲突，未确认匹配，不下判,不明,2026-09-24-attribution-v2
BJ-2025-SJS-YIMO-Q8,BJ-2025-SJS-YIMO-Q8,BJ-2025-SJS-YIMO,8,选择题,,整题,OUT,完整题-选择题照收,答案键来源未核实(候选未确认),该题正式评分材料候选存在候选/存在冲突，未确认匹配，不下判,倾向,2026-09-24-attribution-v2
BJ-2025-SJS-YIMO-Q13,BJ-2025-SJS-YIMO-Q13,BJ-2025-SJS-YIMO,13,选择题,,整题,OUT,完整题-选择题照收,答案键来源未核实(候选未确认),该题正式评分材料候选存在候选/存在冲突，未确认匹配，不下判,倾向,2026-09-24-attribution-v2
BJ-2025-SJS-YIMO-Q14,BJ-2025-SJS-YIMO-Q14,BJ-2025-SJS-YIMO,14,选择题,,整题,OUT,完整题-选择题照收,答案键来源未核实(候选未确认),该题正式评分材料候选存在候选/存在冲突，未确认匹配，不下判,不明,2026-09-24-attribution-v2
BJ-2025-SJS-YIMO-Q15,BJ-2025-SJS-YIMO-Q15,BJ-2025-SJS-YIMO,15,选择题,,整题,OUT,完整题-选择题照收,答案键来源未核实(候选未确认),该题正式评分材料候选存在候选/存在冲突，未确认匹配，不下判,不明,2026-09-24-attribution-v2
BJ-2025-XC-YIMO-Q1,BJ-2025-XC-YIMO-Q1,BJ-2025-XC-YIMO,1,选择题,,整题,OUT,完整题-选择题照收,答案键来源未核实(候选未确认),该题正式评分材料候选存在候选/存在冲突，未确认匹配，不下判,倾向,2026-09-24-attribution-v2
BJ-2025-XC-YIMO-Q2,BJ-2025-XC-YIMO-Q2,BJ-2025-XC-YIMO,2,选择题,,整题,OUT,完整题-选择题照收,答案键来源未核实(候选未确认),该题正式评分材料候选存在候选/存在冲突，未确认匹配，不下判,不明,2026-09-24-attribution-v2
BJ-2025-XC-YIMO-Q3,BJ-2025-XC-YIMO-Q3,BJ-2025-XC-YIMO,3,选择题,,整题,OUT,完整题-选择题照收,答案键来源未核实(候选未确认),该题正式评分材料候选存在候选/存在冲突，未确认匹配，不下判,不明,2026-09-24-attribution-v2
BJ-2025-XC-YIMO-Q4,BJ-2025-XC-YIMO-Q4,BJ-2025-XC-YIMO,4,选择题,,整题,OUT,完整题-选择题照收,答案键来源未核实(候选未确认),该题正式评分材料候选存在候选/存在冲突，未确认匹配，不下判,不明,2026-09-24-attribution-v2
BJ-2025-XC-YIMO-Q5,BJ-2025-XC-YIMO-Q5,BJ-2025-XC-YIMO,5,选择题,,整题,OUT,完整题-选择题照收,答案键来源未核实(候选未确认),该题正式评分材料候选存在候选/存在冲突，未确认匹配，不下判,不明,2026-09-24-attribution-v2
BJ-2025-XC-YIMO-Q6,BJ-2025-XC-YIMO-Q6,BJ-2025-XC-YIMO,6,选择题,,整题,OUT,完整题-选择题照收,答案键来源未核实(候选未确认),该题正式评分材料候选存在候选/存在冲突，未确认匹配，不下判,不明,2026-09-24-attribution-v2
BJ-2025-XC-YIMO-Q7,BJ-2025-XC-YIMO-Q7,BJ-2025-XC-YIMO,7,选择题,,整题,OUT,完整题-选择题照收,答案键来源未核实(候选未确认),该题正式评分材料候选存在候选/存在冲突，未确认匹配，不下判,不明,2026-09-24-attribution-v2
BJ-2025-XC-YIMO-Q8,BJ-2025-XC-YIMO-Q8,BJ-2025-XC-YIMO,8,选择题,,整题,OUT,完整题-选择题照收,答案键来源未核实(候选未确认),该题正式评分材料候选存在候选/存在冲突，未确认匹配，不下判,倾向,2026-09-24-attribution-v2
BJ-2025-XC-YIMO-Q13,BJ-2025-XC-YIMO-Q13,BJ-2025-XC-YIMO,13,选择题,,整题,OUT,完整题-选择题照收,答案键来源未核实(候选未确认),该题正式评分材料候选存在候选/存在冲突，未确认匹配，不下判,倾向,2026-09-24-attribution-v2
BJ-2025-XC-YIMO-Q14,BJ-2025-XC-YIMO-Q14,BJ-2025-XC-YIMO,14,选择题,,整题,OUT,完整题-选择题照收,答案键来源未核实(候选未确认),该题正式评分材料候选存在候选/存在冲突，未确认匹配，不下判,不明,2026-09-24-attribution-v2
BJ-2025-MTG-YIMO-Q1,BJ-2025-MTG-YIMO-Q1,BJ-2025-MTG-YIMO,1,选择题,,整题,OUT,完整题-选择题照收,答案键来源未核实(候选未确认),该题正式评分材料候选存在候选/存在冲突，未确认匹配，不下判,倾向,2026-09-24-attribution-v2
BJ-2025-MTG-YIMO-Q2,BJ-2025-MTG-YIMO-Q2,BJ-2025-MTG-YIMO,2,选择题,,整题,OUT,完整题-选择题照收,E1,逐题已匹配正式评分材料,倾向,2026-09-24-attribution-v2
BJ-2025-MTG-YIMO-Q4,BJ-2025-MTG-YIMO-Q4,BJ-2025-MTG-YIMO,4,选择题,,整题,OUT,完整题-选择题照收,答案键来源未核实(候选未确认),该题正式评分材料候选存在候选/存在冲突，未确认匹配，不下判,不明,2026-09-24-attribution-v2
BJ-2025-MTG-YIMO-Q5,BJ-2025-MTG-YIMO-Q5,BJ-2025-MTG-YIMO,5,选择题,,整题,OUT,完整题-选择题照收,E1,逐题已匹配正式评分材料,不明,2026-09-24-attribution-v2
BJ-2025-MTG-YIMO-Q7,BJ-2025-MTG-YIMO-Q7,BJ-2025-MTG-YIMO,7,选择题,,整题,OUT,完整题-选择题照收,答案键来源未核实(候选未确认),该题正式评分材料候选存在候选/存在冲突，未确认匹配，不下判,不明,2026-09-24-attribution-v2
BJ-2025-MTG-YIMO-Q8,BJ-2025-MTG-YIMO-Q8,BJ-2025-MTG-YIMO,8,选择题,,整题,OUT,完整题-选择题照收,答案键来源未核实(候选未确认),该题正式评分材料候选存在候选/存在冲突，未确认匹配，不下判,倾向,2026-09-24-attribution-v2
BJ-2025-MTG-YIMO-Q14,BJ-2025-MTG-YIMO-Q14,BJ-2025-MTG-YIMO,14,选择题,,整题,OUT,完整题-选择题照收,答案键来源未核实(候选未确认),该题正式评分材料候选存在候选/存在冲突，未确认匹配，不下判,不明,2026-09-24-attribution-v2
BJ-2025-MTG-YIMO-Q15,BJ-2025-MTG-YIMO-Q15,BJ-2025-MTG-YIMO,15,选择题,,整题,OUT,完整题-选择题照收,答案键来源未核实(候选未确认),该题正式评分材料候选存在候选/存在冲突，未确认匹配，不下判,不明,2026-09-24-attribution-v2
BJ-2025-SY-YIMO-Q3,BJ-2025-SY-YIMO-Q3,BJ-2025-SY-YIMO,3,选择题,,整题,OUT,完整题-选择题照收,答案键来源未核实(候选未确认),该题正式评分材料候选存在候选/存在冲突，未确认匹配，不下判,倾向,2026-09-24-attribution-v2
BJ-2025-SY-YIMO-Q4,BJ-2025-SY-YIMO-Q4,BJ-2025-SY-YIMO,4,选择题,,整题,OUT,完整题-选择题照收,答案键来源未核实(候选未确认),该题正式评分材料候选存在候选/存在冲突，未确认匹配，不下判,不明,2026-09-24-attribution-v2
BJ-2025-SY-YIMO-Q1,BJ-2025-SY-YIMO-Q1,BJ-2025-SY-YIMO,1,选择题,,整题,OUT,完整题-选择题照收,答案键来源未核实(候选未确认),该题正式评分材料候选存在候选/存在冲突，未确认匹配，不下判,不明,2026-09-24-attribution-v2
BJ-2025-SY-YIMO-Q2,BJ-2025-SY-YIMO-Q2,BJ-2025-SY-YIMO,2,选择题,,整题,OUT,完整题-选择题照收,答案键来源未核实(候选未确认),该题正式评分材料候选存在候选/存在冲突，未确认匹配，不下判,倾向,2026-09-24-attribution-v2
BJ-2025-SY-YIMO-Q5,BJ-2025-SY-YIMO-Q5,BJ-2025-SY-YIMO,5,选择题,,整题,OUT,完整题-选择题照收,答案键来源未核实(候选未确认),该题正式评分材料候选存在候选/存在冲突，未确认匹配，不下判,不明,2026-09-24-attribution-v2
BJ-2025-SY-YIMO-Q7,BJ-2025-SY-YIMO-Q7,BJ-2025-SY-YIMO,7,选择题,,整题,OUT,完整题-选择题照收,答案键来源未核实(候选未确认),该题正式评分材料候选存在候选/存在冲突，未确认匹配，不下判,不明,2026-09-24-attribution-v2
BJ-2025-SY-YIMO-Q8,BJ-2025-SY-YIMO-Q8,BJ-2025-SY-YIMO,8,选择题,,整题,OUT,完整题-选择题照收,答案键来源未核实(候选未确认),该题正式评分材料候选存在候选/存在冲突，未确认匹配，不下判,倾向,2026-09-24-attribution-v2
BJ-2025-SY-YIMO-Q13,BJ-2025-SY-YIMO-Q13,BJ-2025-SY-YIMO,13,选择题,,整题,OUT,完整题-选择题照收,答案键来源未核实(候选未确认),该题正式评分材料候选存在候选/存在冲突，未确认匹配，不下判,倾向,2026-09-24-attribution-v2
BJ-2025-SY-YIMO-Q14,BJ-2025-SY-YIMO-Q14,BJ-2025-SY-YIMO,14,选择题,,整题,OUT,完整题-选择题照收,答案键来源未核实(候选未确认),该题正式评分材料候选存在候选/存在冲突，未确认匹配，不下判,不明,2026-09-24-attribution-v2
BJ-2025-SY-YIMO-Q15,BJ-2025-SY-YIMO-Q15,BJ-2025-SY-YIMO,15,选择题,,整题,OUT,完整题-选择题照收,答案键来源未核实(候选未确认),该题正式评分材料候选存在候选/存在冲突，未确认匹配，不下判,不明,2026-09-24-attribution-v2
BJ-2025-FT-ERMO-Q3,BJ-2025-FT-ERMO-Q3,BJ-2025-FT-ERMO,3,选择题,,整题,OUT,完整题-选择题照收,答案键来源未核实(候选未确认),该题正式评分材料候选存在候选/存在冲突，未确认匹配，不下判,不明,2026-09-24-attribution-v2
BJ-2025-FT-ERMO-Q4,BJ-2025-FT-ERMO-Q4,BJ-2025-FT-ERMO,4,选择题,,整题,OUT,完整题-选择题照收,E1,逐题已匹配正式评分材料,倾向,2026-09-24-attribution-v2
BJ-2025-FT-ERMO-Q1,BJ-2025-FT-ERMO-Q1,BJ-2025-FT-ERMO,1,选择题,,整题,OUT,完整题-选择题照收,答案键来源未核实(候选未确认),该题正式评分材料候选存在候选/存在冲突，未确认匹配，不下判,不明,2026-09-24-attribution-v2
BJ-2025-FT-ERMO-Q5,BJ-2025-FT-ERMO-Q5,BJ-2025-FT-ERMO,5,选择题,,整题,OUT,完整题-选择题照收,E1,逐题已匹配正式评分材料,不明,2026-09-24-attribution-v2
BJ-2025-FT-ERMO-Q6,BJ-2025-FT-ERMO-Q6,BJ-2025-FT-ERMO,6,选择题,,整题,OUT,完整题-选择题照收,答案键来源未核实(候选未确认),该题正式评分材料候选存在候选/存在冲突，未确认匹配，不下判,不明,2026-09-24-attribution-v2
BJ-2025-FT-ERMO-Q8,BJ-2025-FT-ERMO-Q8,BJ-2025-FT-ERMO,8,选择题,,整题,OUT,完整题-选择题照收,答案键来源未核实(候选未确认),该题正式评分材料候选存在候选/存在冲突，未确认匹配，不下判,倾向,2026-09-24-attribution-v2
BJ-2025-FT-ERMO-Q13,BJ-2025-FT-ERMO-Q13,BJ-2025-FT-ERMO,13,选择题,,整题,OUT,完整题-选择题照收,答案键来源未核实(候选未确认),该题正式评分材料候选存在候选/存在冲突，未确认匹配，不下判,倾向,2026-09-24-attribution-v2
BJ-2025-FT-ERMO-Q14,BJ-2025-FT-ERMO-Q14,BJ-2025-FT-ERMO,14,选择题,,整题,OUT,完整题-选择题照收,答案键来源未核实(候选未确认),该题正式评分材料候选存在候选/存在冲突，未确认匹配，不下判,不明,2026-09-24-attribution-v2
BJ-2025-FT-ERMO-Q15,BJ-2025-FT-ERMO-Q15,BJ-2025-FT-ERMO,15,选择题,,整题,OUT,完整题-选择题照收,答案键来源未核实(候选未确认),该题正式评分材料候选存在候选/存在冲突，未确认匹配，不下判,倾向,2026-09-24-attribution-v2
BJ-2025-FT-ERMO-Q16#1,BJ-2025-FT-ERMO-Q16,BJ-2025-FT-ERMO,16,主观题,1,小问,OUT,完整题-有E1,E1,逐题已匹配正式评分材料,不明,2026-09-24-attribution-v2
BJ-2025-FT-ERMO-Q7,BJ-2025-FT-ERMO-Q7,BJ-2025-FT-ERMO,7,选择题,,整题,OUT,完整题-选择题照收,答案键来源未核实(候选未确认),该题正式评分材料候选存在候选/存在冲突，未确认匹配，不下判,不明,2026-09-24-attribution-v2
BJ-2025-CP-ERMO-Q16,BJ-2025-CP-ERMO-Q16,BJ-2025-CP-ERMO,16,主观题,,整题,OUT,完整题-有E1,E1,逐题已匹配正式评分材料,倾向,2026-09-24-attribution-v2
BJ-2025-CP-ERMO-Q17,BJ-2025-CP-ERMO-Q17,BJ-2025-CP-ERMO,17,主观题,,整题,OUT,完整题-有E1,E1,逐题已匹配正式评分材料,不明,2026-09-24-attribution-v2
BJ-2025-CP-ERMO-Q18,BJ-2025-CP-ERMO-Q18,BJ-2025-CP-ERMO,18,主观题,,整题,OUT,完整题-有E1,E1,逐题已匹配正式评分材料,不明,2026-09-24-attribution-v2
BJ-2025-CP-ERMO-Q19,BJ-2025-CP-ERMO-Q19,BJ-2025-CP-ERMO,19,主观题,,整题,OUT,完整题-有E1,E1,逐题已匹配正式评分材料,倾向,2026-09-24-attribution-v2
BJ-2025-CP-ERMO-Q1,BJ-2025-CP-ERMO-Q1,BJ-2025-CP-ERMO,1,选择题,,整题,OUT,完整题-选择题照收,E3,逐题已匹配参考答案,不明,2026-09-24-attribution-v2
BJ-2025-CP-ERMO-Q2,BJ-2025-CP-ERMO-Q2,BJ-2025-CP-ERMO,2,选择题,,整题,OUT,完整题-选择题照收,E3,逐题已匹配参考答案,倾向,2026-09-24-attribution-v2
BJ-2025-CP-ERMO-Q3,BJ-2025-CP-ERMO-Q3,BJ-2025-CP-ERMO,3,选择题,,整题,OUT,完整题-选择题照收,E3,逐题已匹配参考答案,倾向,2026-09-24-attribution-v2
BJ-2025-CP-ERMO-Q4,BJ-2025-CP-ERMO-Q4,BJ-2025-CP-ERMO,4,选择题,,整题,OUT,完整题-选择题照收,E3,逐题已匹配参考答案,不明,2026-09-24-attribution-v2
BJ-2025-CP-ERMO-Q5,BJ-2025-CP-ERMO-Q5,BJ-2025-CP-ERMO,5,选择题,,整题,OUT,完整题-选择题照收,E3,逐题已匹配参考答案,不明,2026-09-24-attribution-v2
BJ-2025-CP-ERMO-Q6,BJ-2025-CP-ERMO-Q6,BJ-2025-CP-ERMO,6,选择题,,整题,OUT,完整题-选择题照收,E3,逐题已匹配参考答案,不明,2026-09-24-attribution-v2
BJ-2025-CP-ERMO-Q7,BJ-2025-CP-ERMO-Q7,BJ-2025-CP-ERMO,7,选择题,,整题,OUT,完整题-选择题照收,E3,逐题已匹配参考答案,不明,2026-09-24-attribution-v2
BJ-2025-CP-ERMO-Q13,BJ-2025-CP-ERMO-Q13,BJ-2025-CP-ERMO,13,选择题,,整题,OUT,完整题-选择题照收,E3,逐题已匹配参考答案,倾向,2026-09-24-attribution-v2
BJ-2025-HD-ERMO-Q7,BJ-2025-HD-ERMO-Q7,BJ-2025-HD-ERMO,7,选择题,,整题,OUT,完整题-选择题照收,答案键来源未核实(候选未确认),该题正式评分材料候选存在候选/存在冲突，未确认匹配，不下判,不明,2026-09-24-attribution-v2
BJ-2025-HD-ERMO-Q1,BJ-2025-HD-ERMO-Q1,BJ-2025-HD-ERMO,1,选择题,,整题,OUT,完整题-选择题照收,E1,逐题已匹配正式评分材料,倾向,2026-09-24-attribution-v2
BJ-2025-HD-ERMO-Q2,BJ-2025-HD-ERMO-Q2,BJ-2025-HD-ERMO,2,选择题,,整题,OUT,完整题-选择题照收,答案键来源未核实(候选未确认),该题正式评分材料候选存在候选/存在冲突，未确认匹配，不下判,不明,2026-09-24-attribution-v2
BJ-2025-HD-ERMO-Q3,BJ-2025-HD-ERMO-Q3,BJ-2025-HD-ERMO,3,选择题,,整题,OUT,完整题-选择题照收,E1,逐题已匹配正式评分材料,不明,2026-09-24-attribution-v2
BJ-2025-HD-ERMO-Q8,BJ-2025-HD-ERMO-Q8,BJ-2025-HD-ERMO,8,选择题,,整题,OUT,完整题-选择题照收,答案键来源未核实(候选未确认),该题正式评分材料候选存在候选/存在冲突，未确认匹配，不下判,倾向,2026-09-24-attribution-v2
BJ-2025-HD-ERMO-Q13,BJ-2025-HD-ERMO-Q13,BJ-2025-HD-ERMO,13,选择题,,整题,OUT,完整题-选择题照收,答案键来源未核实(候选未确认),该题正式评分材料候选存在候选/存在冲突，未确认匹配，不下判,倾向,2026-09-24-attribution-v2
BJ-2025-HD-ERMO-Q15,BJ-2025-HD-ERMO-Q15,BJ-2025-HD-ERMO,15,选择题,,整题,OUT,完整题-选择题照收,答案键来源未核实(候选未确认),该题正式评分材料候选存在候选/存在冲突，未确认匹配，不下判,不明,2026-09-24-attribution-v2
BJ-2025-XC-ERMO-Q4,BJ-2025-XC-ERMO-Q4,BJ-2025-XC-ERMO,4,选择题,,整题,OUT,完整题-选择题照收,答案键来源未核实(候选未确认),该题正式评分材料候选存在候选/存在冲突，未确认匹配，不下判,不明,2026-09-24-attribution-v2
BJ-2025-XC-ERMO-Q5,BJ-2025-XC-ERMO-Q5,BJ-2025-XC-ERMO,5,选择题,,整题,OUT,完整题-选择题照收,答案键来源未核实(候选未确认),该题正式评分材料候选存在候选/存在冲突，未确认匹配，不下判,不明,2026-09-24-attribution-v2
BJ-2025-XC-ERMO-Q7,BJ-2025-XC-ERMO-Q7,BJ-2025-XC-ERMO,7,选择题,,整题,OUT,完整题-选择题照收,答案键来源未核实(候选未确认),该题正式评分材料候选存在候选/存在冲突，未确认匹配，不下判,不明,2026-09-24-attribution-v2
BJ-2025-XC-ERMO-Q13,BJ-2025-XC-ERMO-Q13,BJ-2025-XC-ERMO,13,选择题,,整题,OUT,完整题-选择题照收,答案键来源未核实(候选未确认),该题正式评分材料候选存在候选/存在冲突，未确认匹配，不下判,倾向,2026-09-24-attribution-v2
BJ-2025-DC-QIMO-Q16,BJ-2025-DC-QIMO-Q16,BJ-2025-DC-QIMO,16,主观题,,整题,OUT,待裁决-证据未核实,待裁决-证据未核实候选,该题正式评分材料候选存在候选/存在冲突，未确认匹配，不下判,倾向,2026-09-24-attribution-v2
BJ-2025-DC-QIMO-Q20,BJ-2025-DC-QIMO-Q20,BJ-2025-DC-QIMO,20,主观题,,整题,OUT,待裁决-证据未核实,待裁决-证据未核实候选,该题正式评分材料候选存在候选/存在冲突，未确认匹配，不下判,倾向,2026-09-24-attribution-v2
BJ-2025-DC-QIMO-Q3,BJ-2025-DC-QIMO-Q3,BJ-2025-DC-QIMO,3,选择题,,整题,OUT,完整题-选择题照收,E1,逐题已匹配正式评分材料,不明,2026-09-24-attribution-v2
BJ-2025-DC-QIMO-Q1,BJ-2025-DC-QIMO-Q1,BJ-2025-DC-QIMO,1,选择题,,整题,OUT,完整题-选择题照收,答案键来源未核实(候选未确认),该题正式评分材料候选存在候选/存在冲突，未确认匹配，不下判,不明,2026-09-24-attribution-v2
BJ-2025-DC-QIMO-Q2,BJ-2025-DC-QIMO-Q2,BJ-2025-DC-QIMO,2,选择题,,整题,OUT,完整题-选择题照收,答案键来源未核实(候选未确认),该题正式评分材料候选存在候选/存在冲突，未确认匹配，不下判,不明,2026-09-24-attribution-v2
BJ-2025-DC-QIMO-Q4,BJ-2025-DC-QIMO-Q4,BJ-2025-DC-QIMO,4,选择题,,整题,OUT,完整题-选择题照收,答案键来源未核实(候选未确认),该题正式评分材料候选存在候选/存在冲突，未确认匹配，不下判,倾向,2026-09-24-attribution-v2
BJ-2025-DC-QIMO-Q5,BJ-2025-DC-QIMO-Q5,BJ-2025-DC-QIMO,5,选择题,,整题,OUT,完整题-选择题照收,答案键来源未核实(候选未确认),该题正式评分材料候选存在候选/存在冲突，未确认匹配，不下判,不明,2026-09-24-attribution-v2
BJ-2025-DC-QIMO-Q8,BJ-2025-DC-QIMO-Q8,BJ-2025-DC-QIMO,8,选择题,,整题,OUT,完整题-选择题照收,答案键来源未核实(候选未确认),该题正式评分材料候选存在候选/存在冲突，未确认匹配，不下判,不明,2026-09-24-attribution-v2
BJ-2025-DC-QIMO-Q14,BJ-2025-DC-QIMO-Q14,BJ-2025-DC-QIMO,14,选择题,,整题,OUT,完整题-选择题照收,答案键来源未核实(候选未确认),该题正式评分材料候选存在候选/存在冲突，未确认匹配，不下判,不明,2026-09-24-attribution-v2
BJ-2025-DC-QIMO-Q15,BJ-2025-DC-QIMO-Q15,BJ-2025-DC-QIMO,15,选择题,,整题,OUT,完整题-选择题照收,答案键来源未核实(候选未确认),该题正式评分材料候选存在候选/存在冲突，未确认匹配，不下判,不明,2026-09-24-attribution-v2
BJ-2025-FT-QIMO-Q1,BJ-2025-FT-QIMO-Q1,BJ-2025-FT-QIMO,1,选择题,,整题,OUT,完整题-选择题照收,E1,逐题已匹配正式评分材料,倾向,2026-09-24-attribution-v2
BJ-2025-FT-QIMO-Q2,BJ-2025-FT-QIMO-Q2,BJ-2025-FT-QIMO,2,选择题,,整题,OUT,完整题-选择题照收,答案键来源未核实(候选未确认),该题正式评分材料候选存在候选/存在冲突，未确认匹配，不下判,不明,2026-09-24-attribution-v2
BJ-2025-FT-QIMO-Q3,BJ-2025-FT-QIMO-Q3,BJ-2025-FT-QIMO,3,选择题,,整题,OUT,完整题-选择题照收,E1,逐题已匹配正式评分材料,倾向,2026-09-24-attribution-v2
BJ-2025-FT-QIMO-Q4,BJ-2025-FT-QIMO-Q4,BJ-2025-FT-QIMO,4,选择题,,整题,OUT,完整题-选择题照收,答案键来源未核实(候选未确认),该题正式评分材料候选存在候选/存在冲突，未确认匹配，不下判,倾向,2026-09-24-attribution-v2
BJ-2025-FT-QIMO-Q5,BJ-2025-FT-QIMO-Q5,BJ-2025-FT-QIMO,5,选择题,,整题,OUT,完整题-选择题照收,答案键来源未核实(候选未确认),该题正式评分材料候选存在候选/存在冲突，未确认匹配，不下判,不明,2026-09-24-attribution-v2
BJ-2025-FT-QIMO-Q8,BJ-2025-FT-QIMO-Q8,BJ-2025-FT-QIMO,8,选择题,,整题,OUT,完整题-选择题照收,答案键来源未核实(候选未确认),该题正式评分材料候选存在候选/存在冲突，未确认匹配，不下判,不明,2026-09-24-attribution-v2
BJ-2025-FT-QIMO-Q14,BJ-2025-FT-QIMO-Q14,BJ-2025-FT-QIMO,14,选择题,,整题,OUT,完整题-选择题照收,答案键来源未核实(候选未确认),该题正式评分材料候选存在候选/存在冲突，未确认匹配，不下判,不明,2026-09-24-attribution-v2
BJ-2025-FT-QIMO-Q15,BJ-2025-FT-QIMO-Q15,BJ-2025-FT-QIMO,15,选择题,,整题,OUT,完整题-选择题照收,答案键来源未核实(候选未确认),该题正式评分材料候选存在候选/存在冲突，未确认匹配，不下判,倾向,2026-09-24-attribution-v2
BJ-2025-CY-QIMO-Q1,BJ-2025-CY-QIMO-Q1,BJ-2025-CY-QIMO,1,选择题,,整题,OUT,完整题-选择题照收,答案键来源未核实(候选未确认),该题正式评分材料候选存在候选/存在冲突，未确认匹配，不下判,不明,2026-09-24-attribution-v2
BJ-2025-CY-QIMO-Q2,BJ-2025-CY-QIMO-Q2,BJ-2025-CY-QIMO,2,选择题,,整题,OUT,完整题-选择题照收,答案键来源未核实(候选未确认),该题正式评分材料候选存在候选/存在冲突，未确认匹配，不下判,倾向,2026-09-24-attribution-v2
BJ-2025-CY-QIMO-Q4,BJ-2025-CY-QIMO-Q4,BJ-2025-CY-QIMO,4,选择题,,整题,OUT,完整题-选择题照收,答案键来源未核实(候选未确认),该题正式评分材料候选存在候选/存在冲突，未确认匹配，不下判,倾向,2026-09-24-attribution-v2
BJ-2025-CY-QIMO-Q5,BJ-2025-CY-QIMO-Q5,BJ-2025-CY-QIMO,5,选择题,,整题,OUT,完整题-选择题照收,答案键来源未核实(候选未确认),该题正式评分材料候选存在候选/存在冲突，未确认匹配，不下判,不明,2026-09-24-attribution-v2
BJ-2025-CY-QIMO-Q8,BJ-2025-CY-QIMO-Q8,BJ-2025-CY-QIMO,8,选择题,,整题,OUT,完整题-选择题照收,答案键来源未核实(候选未确认),该题正式评分材料候选存在候选/存在冲突，未确认匹配，不下判,不明,2026-09-24-attribution-v2
BJ-2025-CY-QIMO-Q14,BJ-2025-CY-QIMO-Q14,BJ-2025-CY-QIMO,14,选择题,,整题,OUT,完整题-选择题照收,答案键来源未核实(候选未确认),该题正式评分材料候选存在候选/存在冲突，未确认匹配，不下判,不明,2026-09-24-attribution-v2
BJ-2025-CY-QIMO-Q15,BJ-2025-CY-QIMO-Q15,BJ-2025-CY-QIMO,15,选择题,,整题,OUT,完整题-选择题照收,答案键来源未核实(候选未确认),该题正式评分材料候选存在候选/存在冲突，未确认匹配，不下判,倾向,2026-09-24-attribution-v2
BJ-2025-HD-QIZHONG-Q2,BJ-2025-HD-QIZHONG-Q2,BJ-2024-HD-QIZHONG,2,选择题,,整题,OUT,完整题-选择题照收,答案键来源未核实(候选未确认),该题正式评分材料候选存在候选/存在冲突，未确认匹配，不下判,不明,2026-09-24-attribution-v2
BJ-2025-HD-QIZHONG-Q4,BJ-2025-HD-QIZHONG-Q4,BJ-2024-HD-QIZHONG,4,选择题,,整题,OUT,完整题-选择题照收,答案键来源未核实(候选未确认),该题正式评分材料候选存在候选/存在冲突，未确认匹配，不下判,不明,2026-09-24-attribution-v2
BJ-2025-HD-QIZHONG-Q5,BJ-2025-HD-QIZHONG-Q5,BJ-2024-HD-QIZHONG,5,选择题,,整题,OUT,完整题-选择题照收,答案键来源未核实(候选未确认),该题正式评分材料候选存在候选/存在冲突，未确认匹配，不下判,不明,2026-09-24-attribution-v2
BJ-2025-HD-QIZHONG-Q8,BJ-2025-HD-QIZHONG-Q8,BJ-2024-HD-QIZHONG,8,选择题,,整题,OUT,完整题-选择题照收,答案键来源未核实(候选未确认),该题正式评分材料候选存在候选/存在冲突，未确认匹配，不下判,不明,2026-09-24-attribution-v2
BJ-2025-HD-QIZHONG-Q14,BJ-2025-HD-QIZHONG-Q14,BJ-2024-HD-QIZHONG,14,选择题,,整题,OUT,完整题-选择题照收,答案键来源未核实(候选未确认),该题正式评分材料候选存在候选/存在冲突，未确认匹配，不下判,不明,2026-09-24-attribution-v2
BJ-2025-HD-QIZHONG-Q15,BJ-2025-HD-QIZHONG-Q15,BJ-2024-HD-QIZHONG,15,选择题,,整题,OUT,完整题-选择题照收,答案键来源未核实(候选未确认),该题正式评分材料候选存在候选/存在冲突，未确认匹配，不下判,不明,2026-09-24-attribution-v2
BJ-2025-HD-QIMO-Q2,BJ-2025-HD-QIMO-Q2,BJ-2025-HD-QIMO,2,选择题,,整题,OUT,完整题-选择题照收,答案键来源未核实(候选未确认),该题正式评分材料候选存在候选/存在冲突，未确认匹配，不下判,倾向,2026-09-24-attribution-v2
BJ-2025-HD-QIMO-Q5,BJ-2025-HD-QIMO-Q5,BJ-2025-HD-QIMO,5,选择题,,整题,OUT,完整题-选择题照收,E1,逐题已匹配正式评分材料,不明,2026-09-24-attribution-v2
BJ-2025-HD-QIMO-Q1,BJ-2025-HD-QIMO-Q1,BJ-2025-HD-QIMO,1,选择题,,整题,OUT,完整题-选择题照收,答案键来源未核实(候选未确认),该题正式评分材料候选存在候选/存在冲突，未确认匹配，不下判,不明,2026-09-24-attribution-v2
BJ-2025-HD-QIMO-Q3,BJ-2025-HD-QIMO-Q3,BJ-2025-HD-QIMO,3,选择题,,整题,OUT,完整题-选择题照收,答案键来源未核实(候选未确认),该题正式评分材料候选存在候选/存在冲突，未确认匹配，不下判,不明,2026-09-24-attribution-v2
BJ-2025-HD-QIMO-Q4,BJ-2025-HD-QIMO-Q4,BJ-2025-HD-QIMO,4,选择题,,整题,OUT,完整题-选择题照收,答案键来源未核实(候选未确认),该题正式评分材料候选存在候选/存在冲突，未确认匹配，不下判,倾向,2026-09-24-attribution-v2
BJ-2025-HD-QIMO-Q8,BJ-2025-HD-QIMO-Q8,BJ-2025-HD-QIMO,8,选择题,,整题,OUT,完整题-选择题照收,答案键来源未核实(候选未确认),该题正式评分材料候选存在候选/存在冲突，未确认匹配，不下判,不明,2026-09-24-attribution-v2
BJ-2025-XC-QIMO-Q1,BJ-2025-XC-QIMO-Q1,BJ-2025-XC-QIMO,1,选择题,,整题,OUT,完整题-选择题照收,答案键来源未核实(候选未确认),该题正式评分材料候选存在候选/存在冲突，未确认匹配，不下判,不明,2026-09-24-attribution-v2
BJ-2025-XC-QIMO-Q2,BJ-2025-XC-QIMO-Q2,BJ-2025-XC-QIMO,2,选择题,,整题,OUT,完整题-选择题照收,答案键来源未核实(候选未确认),该题正式评分材料候选存在候选/存在冲突，未确认匹配，不下判,倾向,2026-09-24-attribution-v2
BJ-2025-XC-QIMO-Q3,BJ-2025-XC-QIMO-Q3,BJ-2025-XC-QIMO,3,选择题,,整题,OUT,完整题-选择题照收,答案键来源未核实(候选未确认),该题正式评分材料候选存在候选/存在冲突，未确认匹配，不下判,倾向,2026-09-24-attribution-v2
BJ-2025-XC-QIMO-Q4,BJ-2025-XC-QIMO-Q4,BJ-2025-XC-QIMO,4,选择题,,整题,OUT,完整题-选择题照收,答案键来源未核实(候选未确认),该题正式评分材料候选存在候选/存在冲突，未确认匹配，不下判,倾向,2026-09-24-attribution-v2
BJ-2025-XC-QIMO-Q5,BJ-2025-XC-QIMO-Q5,BJ-2025-XC-QIMO,5,选择题,,整题,OUT,完整题-选择题照收,答案键来源未核实(候选未确认),该题正式评分材料候选存在候选/存在冲突，未确认匹配，不下判,不明,2026-09-24-attribution-v2
BJ-2025-XC-QIMO-Q8,BJ-2025-XC-QIMO-Q8,BJ-2025-XC-QIMO,8,选择题,,整题,OUT,完整题-选择题照收,答案键来源未核实(候选未确认),该题正式评分材料候选存在候选/存在冲突，未确认匹配，不下判,不明,2026-09-24-attribution-v2
BJ-2025-XC-QIMO-Q14,BJ-2025-XC-QIMO-Q14,BJ-2025-XC-QIMO,14,选择题,,整题,OUT,完整题-选择题照收,答案键来源未核实(候选未确认),该题正式评分材料候选存在候选/存在冲突，未确认匹配，不下判,倾向,2026-09-24-attribution-v2
BJ-2025-XC-QIMO-Q15,BJ-2025-XC-QIMO-Q15,BJ-2025-XC-QIMO,15,选择题,,整题,OUT,完整题-选择题照收,答案键来源未核实(候选未确认),该题正式评分材料候选存在候选/存在冲突，未确认匹配，不下判,不明,2026-09-24-attribution-v2
BJ-2026-DC-YIMO-Q2,BJ-2026-DC-YIMO-Q2,BJ-2026-DC-YIMO,2,选择题,,整题,OUT,完整题-选择题照收,E1,逐题已匹配正式评分材料,倾向,2026-09-24-attribution-v2
BJ-2026-DC-YIMO-Q4,BJ-2026-DC-YIMO-Q4,BJ-2026-DC-YIMO,4,选择题,,整题,OUT,完整题-选择题照收,E1,逐题已匹配正式评分材料,不明,2026-09-24-attribution-v2
BJ-2026-DC-YIMO-Q1,BJ-2026-DC-YIMO-Q1,BJ-2026-DC-YIMO,1,选择题,,整题,OUT,完整题-选择题照收,E1,逐题已匹配正式评分材料,倾向,2026-09-24-attribution-v2
BJ-2026-DC-YIMO-Q3,BJ-2026-DC-YIMO-Q3,BJ-2026-DC-YIMO,3,选择题,,整题,OUT,完整题-选择题照收,E1,逐题已匹配正式评分材料,不明,2026-09-24-attribution-v2
BJ-2026-DC-YIMO-Q19#1,BJ-2026-DC-YIMO-Q19,BJ-2026-DC-YIMO,19,主观题,1,小问,OUT,完整题-有E1,E1,逐题已匹配正式评分材料,不明,2026-09-24-attribution-v2
BJ-2026-DC-YIMO-Q19#2,BJ-2026-DC-YIMO-Q19,BJ-2026-DC-YIMO,19,主观题,2,小问,OUT,完整题-有E1,E1,逐题已匹配正式评分材料,不明,2026-09-24-attribution-v2
BJ-2026-DC-YIMO-Q19#3,BJ-2026-DC-YIMO-Q19,BJ-2026-DC-YIMO,19,主观题,3,小问,OUT,完整题-有E1,E1,逐题已匹配正式评分材料,不明,2026-09-24-attribution-v2
BJ-2026-DC-YIMO-Q19#4,BJ-2026-DC-YIMO-Q19,BJ-2026-DC-YIMO,19,主观题,4,小问,OUT,完整题-有E1,E1,逐题已匹配正式评分材料,不明,2026-09-24-attribution-v2
BJ-2026-DC-YIMO-Q7,BJ-2026-DC-YIMO-Q7,BJ-2026-DC-YIMO,7,选择题,,整题,OUT,完整题-选择题照收,E1,逐题已匹配正式评分材料,不明,2026-09-24-attribution-v2
BJ-2026-DC-YIMO-Q5,BJ-2026-DC-YIMO-Q5,BJ-2026-DC-YIMO,5,选择题,,整题,OUT,完整题-选择题照收,答案键来源未核实(候选未确认),该题正式评分材料候选存在候选/存在冲突，未确认匹配，不下判,不明,2026-09-24-attribution-v2
BJ-2026-DC-YIMO-Q6,BJ-2026-DC-YIMO-Q6,BJ-2026-DC-YIMO,6,选择题,,整题,OUT,完整题-选择题照收,答案键来源未核实(候选未确认),该题正式评分材料候选存在候选/存在冲突，未确认匹配，不下判,不明,2026-09-24-attribution-v2
BJ-2026-DC-YIMO-Q13,BJ-2026-DC-YIMO-Q13,BJ-2026-DC-YIMO,13,选择题,,整题,OUT,完整题-选择题照收,答案键来源未核实(候选未确认),该题正式评分材料候选存在候选/存在冲突，未确认匹配，不下判,倾向,2026-09-24-attribution-v2
BJ-2026-DC-YIMO-Q14,BJ-2026-DC-YIMO-Q14,BJ-2026-DC-YIMO,14,选择题,,整题,OUT,完整题-选择题照收,答案键来源未核实(候选未确认),该题正式评分材料候选存在候选/存在冲突，未确认匹配，不下判,不明,2026-09-24-attribution-v2
BJ-2026-DC-YIMO-Q15,BJ-2026-DC-YIMO-Q15,BJ-2026-DC-YIMO,15,选择题,,整题,OUT,完整题-选择题照收,答案键来源未核实(候选未确认),该题正式评分材料候选存在候选/存在冲突，未确认匹配，不下判,不明,2026-09-24-attribution-v2
BJ-2026-FT-YIMO-Q1,BJ-2026-FT-YIMO-Q1,BJ-2026-FT-YIMO,1,选择题,,整题,OUT,完整题-选择题照收,答案键来源未核实(候选未确认),该题正式评分材料候选存在候选/存在冲突，未确认匹配，不下判,倾向,2026-09-24-attribution-v2
BJ-2026-FT-YIMO-Q4,BJ-2026-FT-YIMO-Q4,BJ-2026-FT-YIMO,4,选择题,,整题,OUT,完整题-选择题照收,E1,逐题已匹配正式评分材料,不明,2026-09-24-attribution-v2
BJ-2026-FT-YIMO-Q2,BJ-2026-FT-YIMO-Q2,BJ-2026-FT-YIMO,2,选择题,,整题,OUT,完整题-选择题照收,答案键来源未核实(候选未确认),该题正式评分材料候选存在候选/存在冲突，未确认匹配，不下判,不明,2026-09-24-attribution-v2
BJ-2026-FT-YIMO-Q3,BJ-2026-FT-YIMO-Q3,BJ-2026-FT-YIMO,3,选择题,,整题,OUT,完整题-选择题照收,答案键来源未核实(候选未确认),该题正式评分材料候选存在候选/存在冲突，未确认匹配，不下判,不明,2026-09-24-attribution-v2
BJ-2026-FT-YIMO-Q6,BJ-2026-FT-YIMO-Q6,BJ-2026-FT-YIMO,6,选择题,,整题,OUT,完整题-选择题照收,答案键来源未核实(候选未确认),该题正式评分材料候选存在候选/存在冲突，未确认匹配，不下判,不明,2026-09-24-attribution-v2
BJ-2026-FT-YIMO-Q8,BJ-2026-FT-YIMO-Q8,BJ-2026-FT-YIMO,8,选择题,,整题,OUT,完整题-选择题照收,答案键来源未核实(候选未确认),该题正式评分材料候选存在候选/存在冲突，未确认匹配，不下判,倾向,2026-09-24-attribution-v2
BJ-2026-FT-YIMO-Q15,BJ-2026-FT-YIMO-Q15,BJ-2026-FT-YIMO,15,选择题,,整题,OUT,完整题-选择题照收,答案键来源未核实(候选未确认),该题正式评分材料候选存在候选/存在冲突，未确认匹配，不下判,不明,2026-09-24-attribution-v2
BJ-2026-FT-YIMO-Q18#1,BJ-2026-FT-YIMO-Q18,BJ-2026-FT-YIMO,18,主观题,1,小问,OUT,待裁决-证据未核实,待裁决-证据未核实候选,该题正式评分材料候选存在候选/存在冲突，未确认匹配，不下判,倾向,2026-09-24-attribution-v2
BJ-2026-FT-YIMO-Q18#2,BJ-2026-FT-YIMO-Q18,BJ-2026-FT-YIMO,18,主观题,2,小问,OUT,待裁决-证据未核实,待裁决-证据未核实候选,该题正式评分材料候选存在候选/存在冲突，未确认匹配，不下判,倾向,2026-09-24-attribution-v2
BJ-2026-YQ-YIMO-Q16,BJ-2026-YQ-YIMO-Q16,BJ-2026-YQ-YIMO,16,主观题,,整题,OUT,完整题-有E1,E1,逐题已匹配正式评分材料,倾向,2026-09-24-attribution-v2
BJ-2026-YQ-YIMO-Q19#1,BJ-2026-YQ-YIMO-Q19,BJ-2026-YQ-YIMO,19,主观题,1,小问,OUT,完整题-有E1,E1,逐题已匹配正式评分材料,倾向,2026-09-24-attribution-v2
BJ-2026-YQ-YIMO-Q19#2,BJ-2026-YQ-YIMO-Q19,BJ-2026-YQ-YIMO,19,主观题,2,小问,OUT,完整题-有E1,E1,逐题已匹配正式评分材料,倾向,2026-09-24-attribution-v2
BJ-2026-YQ-YIMO-Q1,BJ-2026-YQ-YIMO-Q1,BJ-2026-YQ-YIMO,1,选择题,,整题,OUT,完整题-选择题照收,答案键来源未核实(候选未确认),该题正式评分材料候选存在候选/存在冲突，未确认匹配，不下判,倾向,2026-09-24-attribution-v2
BJ-2026-YQ-YIMO-Q3,BJ-2026-YQ-YIMO-Q3,BJ-2026-YQ-YIMO,3,选择题,,整题,OUT,完整题-选择题照收,答案键来源未核实(候选未确认),该题正式评分材料候选存在候选/存在冲突，未确认匹配，不下判,不明,2026-09-24-attribution-v2
BJ-2026-YQ-YIMO-Q4,BJ-2026-YQ-YIMO-Q4,BJ-2026-YQ-YIMO,4,选择题,,整题,OUT,完整题-选择题照收,答案键来源未核实(候选未确认),该题正式评分材料候选存在候选/存在冲突，未确认匹配，不下判,不明,2026-09-24-attribution-v2
BJ-2026-YQ-YIMO-Q5,BJ-2026-YQ-YIMO-Q5,BJ-2026-YQ-YIMO,5,选择题,,整题,OUT,完整题-选择题照收,答案键来源未核实(候选未确认),该题正式评分材料候选存在候选/存在冲突，未确认匹配，不下判,不明,2026-09-24-attribution-v2
BJ-2026-YQ-YIMO-Q6,BJ-2026-YQ-YIMO-Q6,BJ-2026-YQ-YIMO,6,选择题,,整题,OUT,完整题-选择题照收,答案键来源未核实(候选未确认),该题正式评分材料候选存在候选/存在冲突，未确认匹配，不下判,不明,2026-09-24-attribution-v2
BJ-2026-YQ-YIMO-Q13,BJ-2026-YQ-YIMO-Q13,BJ-2026-YQ-YIMO,13,选择题,,整题,OUT,完整题-选择题照收,答案键来源未核实(候选未确认),该题正式评分材料候选存在候选/存在冲突，未确认匹配，不下判,倾向,2026-09-24-attribution-v2
BJ-2026-YQ-YIMO-Q14,BJ-2026-YQ-YIMO-Q14,BJ-2026-YQ-YIMO,14,选择题,,整题,OUT,完整题-选择题照收,答案键来源未核实(候选未确认),该题正式评分材料候选存在候选/存在冲突，未确认匹配，不下判,不明,2026-09-24-attribution-v2
BJ-2026-YQ-YIMO-Q15,BJ-2026-YQ-YIMO-Q15,BJ-2026-YQ-YIMO,15,选择题,,整题,OUT,完整题-选择题照收,答案键来源未核实(候选未确认),该题正式评分材料候选存在候选/存在冲突，未确认匹配，不下判,不明,2026-09-24-attribution-v2
BJ-2026-FS-YIMO-Q2,BJ-2026-FS-YIMO-Q2,BJ-2026-FS-YIMO,2,选择题,,整题,OUT,完整题-选择题照收,答案键来源未核实(候选未确认),该题正式评分材料候选存在候选/存在冲突，未确认匹配，不下判,不明,2026-09-24-attribution-v2
BJ-2026-FS-YIMO-Q3,BJ-2026-FS-YIMO-Q3,BJ-2026-FS-YIMO,3,选择题,,整题,OUT,完整题-选择题照收,答案键来源未核实(候选未确认),该题正式评分材料候选存在候选/存在冲突，未确认匹配，不下判,不明,2026-09-24-attribution-v2
BJ-2026-FS-YIMO-Q4,BJ-2026-FS-YIMO-Q4,BJ-2026-FS-YIMO,4,选择题,,整题,OUT,完整题-选择题照收,答案键来源未核实(候选未确认),该题正式评分材料候选存在候选/存在冲突，未确认匹配，不下判,不明,2026-09-24-attribution-v2
BJ-2026-FS-YIMO-Q5,BJ-2026-FS-YIMO-Q5,BJ-2026-FS-YIMO,5,选择题,,整题,OUT,完整题-选择题照收,答案键来源未核实(候选未确认),该题正式评分材料候选存在候选/存在冲突，未确认匹配，不下判,不明,2026-09-24-attribution-v2
BJ-2026-FS-YIMO-Q6,BJ-2026-FS-YIMO-Q6,BJ-2026-FS-YIMO,6,选择题,,整题,OUT,完整题-选择题照收,答案键来源未核实(候选未确认),该题正式评分材料候选存在候选/存在冲突，未确认匹配，不下判,不明,2026-09-24-attribution-v2
BJ-2026-FS-YIMO-Q7,BJ-2026-FS-YIMO-Q7,BJ-2026-FS-YIMO,7,选择题,,整题,OUT,完整题-选择题照收,答案键来源未核实(候选未确认),该题正式评分材料候选存在候选/存在冲突，未确认匹配，不下判,不明,2026-09-24-attribution-v2
BJ-2026-FS-YIMO-Q13,BJ-2026-FS-YIMO-Q13,BJ-2026-FS-YIMO,13,选择题,,整题,OUT,完整题-选择题照收,答案键来源未核实(候选未确认),该题正式评分材料候选存在候选/存在冲突，未确认匹配，不下判,倾向,2026-09-24-attribution-v2
BJ-2026-FS-YIMO-Q14,BJ-2026-FS-YIMO-Q14,BJ-2026-FS-YIMO,14,选择题,,整题,OUT,完整题-选择题照收,答案键来源未核实(候选未确认),该题正式评分材料候选存在候选/存在冲突，未确认匹配，不下判,不明,2026-09-24-attribution-v2
BJ-2026-FS-YIMO-Q15,BJ-2026-FS-YIMO-Q15,BJ-2026-FS-YIMO,15,选择题,,整题,OUT,完整题-选择题照收,答案键来源未核实(候选未确认),该题正式评分材料候选存在候选/存在冲突，未确认匹配，不下判,不明,2026-09-24-attribution-v2
BJ-2026-CY-YIMO-Q1,BJ-2026-CY-YIMO-Q1,BJ-2026-CY-YIMO,1,选择题,,整题,OUT,完整题-选择题照收,答案键来源未核实(候选未确认),该题正式评分材料候选存在候选/存在冲突，未确认匹配，不下判,不明,2026-09-24-attribution-v2
BJ-2026-CY-YIMO-Q2,BJ-2026-CY-YIMO-Q2,BJ-2026-CY-YIMO,2,选择题,,整题,OUT,完整题-选择题照收,答案键来源未核实(候选未确认),该题正式评分材料候选存在候选/存在冲突，未确认匹配，不下判,不明,2026-09-24-attribution-v2
BJ-2026-CY-YIMO-Q3,BJ-2026-CY-YIMO-Q3,BJ-2026-CY-YIMO,3,选择题,,整题,OUT,完整题-选择题照收,答案键来源未核实(候选未确认),该题正式评分材料候选存在候选/存在冲突，未确认匹配，不下判,不明,2026-09-24-attribution-v2
BJ-2026-CY-YIMO-Q4,BJ-2026-CY-YIMO-Q4,BJ-2026-CY-YIMO,4,选择题,,整题,OUT,完整题-选择题照收,答案键来源未核实(候选未确认),该题正式评分材料候选存在候选/存在冲突，未确认匹配，不下判,不明,2026-09-24-attribution-v2
BJ-2026-CY-YIMO-Q5,BJ-2026-CY-YIMO-Q5,BJ-2026-CY-YIMO,5,选择题,,整题,OUT,完整题-选择题照收,答案键来源未核实(候选未确认),该题正式评分材料候选存在候选/存在冲突，未确认匹配，不下判,不明,2026-09-24-attribution-v2
BJ-2026-CY-YIMO-Q6,BJ-2026-CY-YIMO-Q6,BJ-2026-CY-YIMO,6,选择题,,整题,OUT,完整题-选择题照收,答案键来源未核实(候选未确认),该题正式评分材料候选存在候选/存在冲突，未确认匹配，不下判,倾向,2026-09-24-attribution-v2
BJ-2026-CY-YIMO-Q7,BJ-2026-CY-YIMO-Q7,BJ-2026-CY-YIMO,7,选择题,,整题,OUT,完整题-选择题照收,答案键来源未核实(候选未确认),该题正式评分材料候选存在候选/存在冲突，未确认匹配，不下判,不明,2026-09-24-attribution-v2
BJ-2026-CY-YIMO-Q13,BJ-2026-CY-YIMO-Q13,BJ-2026-CY-YIMO,13,选择题,,整题,OUT,完整题-选择题照收,答案键来源未核实(候选未确认),该题正式评分材料候选存在候选/存在冲突，未确认匹配，不下判,倾向,2026-09-24-attribution-v2
BJ-2026-CY-YIMO-Q14,BJ-2026-CY-YIMO-Q14,BJ-2026-CY-YIMO,14,选择题,,整题,OUT,完整题-选择题照收,答案键来源未核实(候选未确认),该题正式评分材料候选存在候选/存在冲突，未确认匹配，不下判,不明,2026-09-24-attribution-v2
BJ-2026-CY-YIMO-Q15,BJ-2026-CY-YIMO-Q15,BJ-2026-CY-YIMO,15,选择题,,整题,OUT,完整题-选择题照收,答案键来源未核实(候选未确认),该题正式评分材料候选存在候选/存在冲突，未确认匹配，不下判,不明,2026-09-24-attribution-v2
BJ-2026-CY-YIMO-Q16,BJ-2026-CY-YIMO-Q16,BJ-2026-CY-YIMO,16,主观题,,整题,OUT,待裁决-证据未核实,待裁决-证据未核实候选,该题正式评分材料候选存在候选/存在冲突，未确认匹配，不下判,倾向,2026-09-24-attribution-v2
BJ-2026-HD-YIMO-Q1,BJ-2026-HD-YIMO-Q1,BJ-2026-HD-YIMO,1,选择题,,整题,OUT,完整题-选择题照收,答案键来源未核实(候选未确认),该题正式评分材料候选存在候选/存在冲突，未确认匹配，不下判,不明,2026-09-24-attribution-v2
BJ-2026-HD-YIMO-Q2,BJ-2026-HD-YIMO-Q2,BJ-2026-HD-YIMO,2,选择题,,整题,OUT,完整题-选择题照收,答案键来源未核实(候选未确认),该题正式评分材料候选存在候选/存在冲突，未确认匹配，不下判,倾向,2026-09-24-attribution-v2
BJ-2026-HD-YIMO-Q3,BJ-2026-HD-YIMO-Q3,BJ-2026-HD-YIMO,3,选择题,,整题,OUT,完整题-选择题照收,答案键来源未核实(候选未确认),该题正式评分材料候选存在候选/存在冲突，未确认匹配，不下判,不明,2026-09-24-attribution-v2
BJ-2026-HD-YIMO-Q4,BJ-2026-HD-YIMO-Q4,BJ-2026-HD-YIMO,4,选择题,,整题,OUT,完整题-选择题照收,答案键来源未核实(候选未确认),该题正式评分材料候选存在候选/存在冲突，未确认匹配，不下判,不明,2026-09-24-attribution-v2
BJ-2026-HD-YIMO-Q5,BJ-2026-HD-YIMO-Q5,BJ-2026-HD-YIMO,5,选择题,,整题,OUT,完整题-选择题照收,答案键来源未核实(候选未确认),该题正式评分材料候选存在候选/存在冲突，未确认匹配，不下判,不明,2026-09-24-attribution-v2
BJ-2026-HD-YIMO-Q6,BJ-2026-HD-YIMO-Q6,BJ-2026-HD-YIMO,6,选择题,,整题,OUT,完整题-选择题照收,答案键来源未核实(候选未确认),该题正式评分材料候选存在候选/存在冲突，未确认匹配，不下判,不明,2026-09-24-attribution-v2
BJ-2026-HD-YIMO-Q7,BJ-2026-HD-YIMO-Q7,BJ-2026-HD-YIMO,7,选择题,,整题,OUT,完整题-选择题照收,答案键来源未核实(候选未确认),该题正式评分材料候选存在候选/存在冲突，未确认匹配，不下判,不明,2026-09-24-attribution-v2
BJ-2026-HD-YIMO-Q8,BJ-2026-HD-YIMO-Q8,BJ-2026-HD-YIMO,8,选择题,,整题,OUT,完整题-选择题照收,答案键来源未核实(候选未确认),该题正式评分材料候选存在候选/存在冲突，未确认匹配，不下判,倾向,2026-09-24-attribution-v2
BJ-2026-HD-YIMO-Q13,BJ-2026-HD-YIMO-Q13,BJ-2026-HD-YIMO,13,选择题,,整题,OUT,完整题-选择题照收,答案键来源未核实(候选未确认),该题正式评分材料候选存在候选/存在冲突，未确认匹配，不下判,倾向,2026-09-24-attribution-v2
BJ-2026-HD-YIMO-Q14,BJ-2026-HD-YIMO-Q14,BJ-2026-HD-YIMO,14,选择题,,整题,OUT,完整题-选择题照收,答案键来源未核实(候选未确认),该题正式评分材料候选存在候选/存在冲突，未确认匹配，不下判,不明,2026-09-24-attribution-v2
BJ-2026-HD-YIMO-Q15,BJ-2026-HD-YIMO-Q15,BJ-2026-HD-YIMO,15,选择题,,整题,OUT,完整题-选择题照收,答案键来源未核实(候选未确认),该题正式评分材料候选存在候选/存在冲突，未确认匹配，不下判,不明,2026-09-24-attribution-v2
BJ-2026-SJS-YIMO-Q1,BJ-2026-SJS-YIMO-Q1,BJ-2026-SJS-YIMO,1,选择题,,整题,OUT,完整题-选择题照收,答案键来源未核实(候选未确认),该题正式评分材料候选存在候选/存在冲突，未确认匹配，不下判,不明,2026-09-24-attribution-v2
BJ-2026-SJS-YIMO-Q2,BJ-2026-SJS-YIMO-Q2,BJ-2026-SJS-YIMO,2,选择题,,整题,OUT,完整题-选择题照收,答案键来源未核实(候选未确认),该题正式评分材料候选存在候选/存在冲突，未确认匹配，不下判,不明,2026-09-24-attribution-v2
BJ-2026-SJS-YIMO-Q3,BJ-2026-SJS-YIMO-Q3,BJ-2026-SJS-YIMO,3,选择题,,整题,OUT,完整题-选择题照收,答案键来源未核实(候选未确认),该题正式评分材料候选存在候选/存在冲突，未确认匹配，不下判,不明,2026-09-24-attribution-v2
BJ-2026-SJS-YIMO-Q4,BJ-2026-SJS-YIMO-Q4,BJ-2026-SJS-YIMO,4,选择题,,整题,OUT,完整题-选择题照收,答案键来源未核实(候选未确认),该题正式评分材料候选存在候选/存在冲突，未确认匹配，不下判,不明,2026-09-24-attribution-v2
BJ-2026-SJS-YIMO-Q5,BJ-2026-SJS-YIMO-Q5,BJ-2026-SJS-YIMO,5,选择题,,整题,OUT,完整题-选择题照收,答案键来源未核实(候选未确认),该题正式评分材料候选存在候选/存在冲突，未确认匹配，不下判,不明,2026-09-24-attribution-v2
BJ-2026-SJS-YIMO-Q7,BJ-2026-SJS-YIMO-Q7,BJ-2026-SJS-YIMO,7,选择题,,整题,OUT,完整题-选择题照收,答案键来源未核实(候选未确认),该题正式评分材料候选存在候选/存在冲突，未确认匹配，不下判,不明,2026-09-24-attribution-v2
BJ-2026-SJS-YIMO-Q15,BJ-2026-SJS-YIMO-Q15,BJ-2026-SJS-YIMO,15,选择题,,整题,OUT,完整题-选择题照收,答案键来源未核实(候选未确认),该题正式评分材料候选存在候选/存在冲突，未确认匹配，不下判,倾向,2026-09-24-attribution-v2
BJ-2026-XC-YIMO-Q1,BJ-2026-XC-YIMO-Q1,BJ-2026-XC-YIMO,1,选择题,,整题,OUT,完整题-选择题照收,答案键来源未核实(候选未确认),该题正式评分材料候选存在候选/存在冲突，未确认匹配，不下判,倾向,2026-09-24-attribution-v2
BJ-2026-XC-YIMO-Q2,BJ-2026-XC-YIMO-Q2,BJ-2026-XC-YIMO,2,选择题,,整题,OUT,完整题-选择题照收,答案键来源未核实(候选未确认),该题正式评分材料候选存在候选/存在冲突，未确认匹配，不下判,倾向,2026-09-24-attribution-v2
BJ-2026-XC-YIMO-Q3,BJ-2026-XC-YIMO-Q3,BJ-2026-XC-YIMO,3,选择题,,整题,OUT,完整题-选择题照收,答案键来源未核实(候选未确认),该题正式评分材料候选存在候选/存在冲突，未确认匹配，不下判,不明,2026-09-24-attribution-v2
BJ-2026-XC-YIMO-Q4,BJ-2026-XC-YIMO-Q4,BJ-2026-XC-YIMO,4,选择题,,整题,OUT,完整题-选择题照收,答案键来源未核实(候选未确认),该题正式评分材料候选存在候选/存在冲突，未确认匹配，不下判,不明,2026-09-24-attribution-v2
BJ-2026-XC-YIMO-Q5,BJ-2026-XC-YIMO-Q5,BJ-2026-XC-YIMO,5,选择题,,整题,OUT,完整题-选择题照收,答案键来源未核实(候选未确认),该题正式评分材料候选存在候选/存在冲突，未确认匹配，不下判,不明,2026-09-24-attribution-v2
BJ-2026-XC-YIMO-Q6,BJ-2026-XC-YIMO-Q6,BJ-2026-XC-YIMO,6,选择题,,整题,OUT,完整题-选择题照收,答案键来源未核实(候选未确认),该题正式评分材料候选存在候选/存在冲突，未确认匹配，不下判,不明,2026-09-24-attribution-v2
BJ-2026-XC-YIMO-Q7,BJ-2026-XC-YIMO-Q7,BJ-2026-XC-YIMO,7,选择题,,整题,OUT,完整题-选择题照收,答案键来源未核实(候选未确认),该题正式评分材料候选存在候选/存在冲突，未确认匹配，不下判,不明,2026-09-24-attribution-v2
BJ-2026-XC-YIMO-Q8,BJ-2026-XC-YIMO-Q8,BJ-2026-XC-YIMO,8,选择题,,整题,OUT,完整题-选择题照收,答案键来源未核实(候选未确认),该题正式评分材料候选存在候选/存在冲突，未确认匹配，不下判,倾向,2026-09-24-attribution-v2
BJ-2026-XC-YIMO-Q14,BJ-2026-XC-YIMO-Q14,BJ-2026-XC-YIMO,14,选择题,,整题,OUT,完整题-选择题照收,答案键来源未核实(候选未确认),该题正式评分材料候选存在候选/存在冲突，未确认匹配，不下判,不明,2026-09-24-attribution-v2
BJ-2026-XC-YIMO-Q15,BJ-2026-XC-YIMO-Q15,BJ-2026-XC-YIMO,15,选择题,,整题,OUT,完整题-选择题照收,答案键来源未核实(候选未确认),该题正式评分材料候选存在候选/存在冲突，未确认匹配，不下判,不明,2026-09-24-attribution-v2
BJ-2026-TZ-YIMO-Q1,BJ-2026-TZ-YIMO-Q1,BJ-2026-TZ-YIMO,1,选择题,,整题,OUT,完整题-选择题照收,答案键来源未核实(候选未确认),该题正式评分材料候选存在候选/存在冲突，未确认匹配，不下判,不明,2026-09-24-attribution-v2
BJ-2026-TZ-YIMO-Q2,BJ-2026-TZ-YIMO-Q2,BJ-2026-TZ-YIMO,2,选择题,,整题,OUT,完整题-选择题照收,答案键来源未核实(候选未确认),该题正式评分材料候选存在候选/存在冲突，未确认匹配，不下判,不明,2026-09-24-attribution-v2
BJ-2026-TZ-YIMO-Q5,BJ-2026-TZ-YIMO-Q5,BJ-2026-TZ-YIMO,5,选择题,,整题,OUT,完整题-选择题照收,答案键来源未核实(候选未确认),该题正式评分材料候选存在候选/存在冲突，未确认匹配，不下判,不明,2026-09-24-attribution-v2
BJ-2026-TZ-YIMO-Q6,BJ-2026-TZ-YIMO-Q6,BJ-2026-TZ-YIMO,6,选择题,,整题,OUT,完整题-选择题照收,答案键来源未核实(候选未确认),该题正式评分材料候选存在候选/存在冲突，未确认匹配，不下判,不明,2026-09-24-attribution-v2
BJ-2026-TZ-YIMO-Q7,BJ-2026-TZ-YIMO-Q7,BJ-2026-TZ-YIMO,7,选择题,,整题,OUT,完整题-选择题照收,答案键来源未核实(候选未确认),该题正式评分材料候选存在候选/存在冲突，未确认匹配，不下判,不明,2026-09-24-attribution-v2
BJ-2026-TZ-YIMO-Q8,BJ-2026-TZ-YIMO-Q8,BJ-2026-TZ-YIMO,8,选择题,,整题,OUT,完整题-选择题照收,答案键来源未核实(候选未确认),该题正式评分材料候选存在候选/存在冲突，未确认匹配，不下判,倾向,2026-09-24-attribution-v2
BJ-2026-TZ-YIMO-Q13,BJ-2026-TZ-YIMO-Q13,BJ-2026-TZ-YIMO,13,选择题,,整题,OUT,完整题-选择题照收,答案键来源未核实(候选未确认),该题正式评分材料候选存在候选/存在冲突，未确认匹配，不下判,不明,2026-09-24-attribution-v2
BJ-2026-TZ-YIMO-Q14,BJ-2026-TZ-YIMO-Q14,BJ-2026-TZ-YIMO,14,选择题,,整题,OUT,完整题-选择题照收,答案键来源未核实(候选未确认),该题正式评分材料候选存在候选/存在冲突，未确认匹配，不下判,不明,2026-09-24-attribution-v2
BJ-2026-TZ-YIMO-Q15,BJ-2026-TZ-YIMO-Q15,BJ-2026-TZ-YIMO,15,选择题,,整题,OUT,完整题-选择题照收,答案键来源未核实(候选未确认),该题正式评分材料候选存在候选/存在冲突，未确认匹配，不下判,倾向,2026-09-24-attribution-v2
BJ-2026-MTG-YIMO-Q1,BJ-2026-MTG-YIMO-Q1,BJ-2026-MTG-YIMO,1,选择题,,整题,OUT,完整题-选择题照收,答案键来源未核实(候选未确认),该题正式评分材料候选存在候选/存在冲突，未确认匹配，不下判,倾向,2026-09-24-attribution-v2
BJ-2026-MTG-YIMO-Q2,BJ-2026-MTG-YIMO-Q2,BJ-2026-MTG-YIMO,2,选择题,,整题,OUT,完整题-选择题照收,答案键来源未核实(候选未确认),该题正式评分材料候选存在候选/存在冲突，未确认匹配，不下判,不明,2026-09-24-attribution-v2
BJ-2026-MTG-YIMO-Q3,BJ-2026-MTG-YIMO-Q3,BJ-2026-MTG-YIMO,3,选择题,,整题,OUT,完整题-选择题照收,答案键来源未核实(候选未确认),该题正式评分材料候选存在候选/存在冲突，未确认匹配，不下判,不明,2026-09-24-attribution-v2
BJ-2026-MTG-YIMO-Q4,BJ-2026-MTG-YIMO-Q4,BJ-2026-MTG-YIMO,4,选择题,,整题,OUT,完整题-选择题照收,答案键来源未核实(候选未确认),该题正式评分材料候选存在候选/存在冲突，未确认匹配，不下判,不明,2026-09-24-attribution-v2
BJ-2026-MTG-YIMO-Q5,BJ-2026-MTG-YIMO-Q5,BJ-2026-MTG-YIMO,5,选择题,,整题,OUT,完整题-选择题照收,答案键来源未核实(候选未确认),该题正式评分材料候选存在候选/存在冲突，未确认匹配，不下判,不明,2026-09-24-attribution-v2
BJ-2026-MTG-YIMO-Q6,BJ-2026-MTG-YIMO-Q6,BJ-2026-MTG-YIMO,6,选择题,,整题,OUT,完整题-选择题照收,答案键来源未核实(候选未确认),该题正式评分材料候选存在候选/存在冲突，未确认匹配，不下判,不明,2026-09-24-attribution-v2
BJ-2026-MTG-YIMO-Q7,BJ-2026-MTG-YIMO-Q7,BJ-2026-MTG-YIMO,7,选择题,,整题,OUT,完整题-选择题照收,答案键来源未核实(候选未确认),该题正式评分材料候选存在候选/存在冲突，未确认匹配，不下判,不明,2026-09-24-attribution-v2
BJ-2026-MTG-YIMO-Q8,BJ-2026-MTG-YIMO-Q8,BJ-2026-MTG-YIMO,8,选择题,,整题,OUT,完整题-选择题照收,答案键来源未核实(候选未确认),该题正式评分材料候选存在候选/存在冲突，未确认匹配，不下判,倾向,2026-09-24-attribution-v2
BJ-2026-MTG-YIMO-Q13,BJ-2026-MTG-YIMO-Q13,BJ-2026-MTG-YIMO,13,选择题,,整题,OUT,完整题-选择题照收,答案键来源未核实(候选未确认),该题正式评分材料候选存在候选/存在冲突，未确认匹配，不下判,倾向,2026-09-24-attribution-v2
BJ-2026-MTG-YIMO-Q14,BJ-2026-MTG-YIMO-Q14,BJ-2026-MTG-YIMO,14,选择题,,整题,OUT,完整题-选择题照收,答案键来源未核实(候选未确认),该题正式评分材料候选存在候选/存在冲突，未确认匹配，不下判,不明,2026-09-24-attribution-v2
BJ-2026-MTG-YIMO-Q15,BJ-2026-MTG-YIMO-Q15,BJ-2026-MTG-YIMO,15,选择题,,整题,OUT,完整题-选择题照收,答案键来源未核实(候选未确认),该题正式评分材料候选存在候选/存在冲突，未确认匹配，不下判,倾向,2026-09-24-attribution-v2
BJ-2026-SY-YIMO-Q1,BJ-2026-SY-YIMO-Q1,BJ-2026-SY-YIMO,1,选择题,,整题,OUT,完整题-选择题照收,答案键来源未核实(候选未确认),该题正式评分材料候选存在候选/存在冲突，未确认匹配，不下判,倾向,2026-09-24-attribution-v2
BJ-2026-SY-YIMO-Q2,BJ-2026-SY-YIMO-Q2,BJ-2026-SY-YIMO,2,选择题,,整题,OUT,完整题-选择题照收,答案键来源未核实(候选未确认),该题正式评分材料候选存在候选/存在冲突，未确认匹配，不下判,不明,2026-09-24-attribution-v2
BJ-2026-SY-YIMO-Q3,BJ-2026-SY-YIMO-Q3,BJ-2026-SY-YIMO,3,选择题,,整题,OUT,完整题-选择题照收,答案键来源未核实(候选未确认),该题正式评分材料候选存在候选/存在冲突，未确认匹配，不下判,不明,2026-09-24-attribution-v2
BJ-2026-SY-YIMO-Q4,BJ-2026-SY-YIMO-Q4,BJ-2026-SY-YIMO,4,选择题,,整题,OUT,完整题-选择题照收,答案键来源未核实(候选未确认),该题正式评分材料候选存在候选/存在冲突，未确认匹配，不下判,不明,2026-09-24-attribution-v2
BJ-2026-SY-YIMO-Q5,BJ-2026-SY-YIMO-Q5,BJ-2026-SY-YIMO,5,选择题,,整题,OUT,完整题-选择题照收,答案键来源未核实(候选未确认),该题正式评分材料候选存在候选/存在冲突，未确认匹配，不下判,倾向,2026-09-24-attribution-v2
BJ-2026-SY-YIMO-Q6,BJ-2026-SY-YIMO-Q6,BJ-2026-SY-YIMO,6,选择题,,整题,OUT,完整题-选择题照收,答案键来源未核实(候选未确认),该题正式评分材料候选存在候选/存在冲突，未确认匹配，不下判,不明,2026-09-24-attribution-v2
BJ-2026-SY-YIMO-Q7,BJ-2026-SY-YIMO-Q7,BJ-2026-SY-YIMO,7,选择题,,整题,OUT,完整题-选择题照收,答案键来源未核实(候选未确认),该题正式评分材料候选存在候选/存在冲突，未确认匹配，不下判,不明,2026-09-24-attribution-v2
BJ-2026-SY-YIMO-Q8,BJ-2026-SY-YIMO-Q8,BJ-2026-SY-YIMO,8,选择题,,整题,OUT,完整题-选择题照收,答案键来源未核实(候选未确认),该题正式评分材料候选存在候选/存在冲突，未确认匹配，不下判,倾向,2026-09-24-attribution-v2
BJ-2026-SY-YIMO-Q13,BJ-2026-SY-YIMO-Q13,BJ-2026-SY-YIMO,13,选择题,,整题,OUT,完整题-选择题照收,答案键来源未核实(候选未确认),该题正式评分材料候选存在候选/存在冲突，未确认匹配，不下判,倾向,2026-09-24-attribution-v2
BJ-2026-SY-YIMO-Q14,BJ-2026-SY-YIMO-Q14,BJ-2026-SY-YIMO,14,选择题,,整题,OUT,完整题-选择题照收,答案键来源未核实(候选未确认),该题正式评分材料候选存在候选/存在冲突，未确认匹配，不下判,不明,2026-09-24-attribution-v2
BJ-2026-SY-YIMO-Q15,BJ-2026-SY-YIMO-Q15,BJ-2026-SY-YIMO,15,选择题,,整题,OUT,完整题-选择题照收,答案键来源未核实(候选未确认),该题正式评分材料候选存在候选/存在冲突，未确认匹配，不下判,不明,2026-09-24-attribution-v2
BJ-2026-DC-ERMO-Q1,BJ-2026-DC-ERMO-Q1,BJ-2026-DC-ERMO,1,选择题,,整题,OUT,完整题-选择题照收,E1,逐题已匹配正式评分材料,不明,2026-09-24-attribution-v2
BJ-2026-DC-ERMO-Q2,BJ-2026-DC-ERMO-Q2,BJ-2026-DC-ERMO,2,选择题,,整题,OUT,完整题-选择题照收,E3,该题正式评分材料候选存在候选/存在冲突，未确认匹配，不下判（同时已有匹配参考答案，选择题按E3计，正式评分材料候选仍待核实）,倾向,2026-09-24-attribution-v2
BJ-2026-DC-ERMO-Q3,BJ-2026-DC-ERMO-Q3,BJ-2026-DC-ERMO,3,选择题,,整题,OUT,完整题-选择题照收,E3,该题正式评分材料候选存在候选/存在冲突，未确认匹配，不下判（同时已有匹配参考答案，选择题按E3计，正式评分材料候选仍待核实）,倾向,2026-09-24-attribution-v2
BJ-2026-DC-ERMO-Q5,BJ-2026-DC-ERMO-Q5,BJ-2026-DC-ERMO,5,选择题,,整题,OUT,完整题-选择题照收,E3,该题正式评分材料候选存在候选/存在冲突，未确认匹配，不下判（同时已有匹配参考答案，选择题按E3计，正式评分材料候选仍待核实）,倾向,2026-09-24-attribution-v2
BJ-2026-DC-ERMO-Q6,BJ-2026-DC-ERMO-Q6,BJ-2026-DC-ERMO,6,选择题,,整题,OUT,完整题-选择题照收,E3,该题正式评分材料候选存在候选/存在冲突，未确认匹配，不下判（同时已有匹配参考答案，选择题按E3计，正式评分材料候选仍待核实）,不明,2026-09-24-attribution-v2
BJ-2026-DC-ERMO-Q7,BJ-2026-DC-ERMO-Q7,BJ-2026-DC-ERMO,7,选择题,,整题,OUT,完整题-选择题照收,E3,该题正式评分材料候选存在候选/存在冲突，未确认匹配，不下判（同时已有匹配参考答案，选择题按E3计，正式评分材料候选仍待核实）,不明,2026-09-24-attribution-v2
BJ-2026-DC-ERMO-Q8,BJ-2026-DC-ERMO-Q8,BJ-2026-DC-ERMO,8,选择题,,整题,OUT,完整题-选择题照收,E3,该题正式评分材料候选存在候选/存在冲突，未确认匹配，不下判（同时已有匹配参考答案，选择题按E3计，正式评分材料候选仍待核实）,倾向,2026-09-24-attribution-v2
BJ-2026-DC-ERMO-Q13,BJ-2026-DC-ERMO-Q13,BJ-2026-DC-ERMO,13,选择题,,整题,OUT,完整题-选择题照收,答案键来源未核实(候选未确认),该题正式评分材料候选存在候选/存在冲突，未确认匹配，不下判,倾向,2026-09-24-attribution-v2
BJ-2026-DC-ERMO-Q14,BJ-2026-DC-ERMO-Q14,BJ-2026-DC-ERMO,14,选择题,,整题,OUT,完整题-选择题照收,E3,该题正式评分材料候选存在候选/存在冲突，未确认匹配，不下判（同时已有匹配参考答案，选择题按E3计，正式评分材料候选仍待核实）,不明,2026-09-24-attribution-v2
BJ-2026-DC-ERMO-Q15,BJ-2026-DC-ERMO-Q15,BJ-2026-DC-ERMO,15,选择题,,整题,OUT,完整题-选择题照收,E3,该题正式评分材料候选存在候选/存在冲突，未确认匹配，不下判（同时已有匹配参考答案，选择题按E3计，正式评分材料候选仍待核实）,不明,2026-09-24-attribution-v2
BJ-2026-FT-ERMO-Q2,BJ-2026-FT-ERMO-Q2,BJ-2026-FT-ERMO,2,选择题,,整题,OUT,完整题-选择题照收,E1,逐题已匹配正式评分材料,不明,2026-09-24-attribution-v2
BJ-2026-FT-ERMO-Q5,BJ-2026-FT-ERMO-Q5,BJ-2026-FT-ERMO,5,选择题,,整题,OUT,完整题-选择题照收,E1,逐题已匹配正式评分材料,不明,2026-09-24-attribution-v2
BJ-2026-FT-ERMO-Q19,BJ-2026-FT-ERMO-Q19,BJ-2026-FT-ERMO,19,主观题,,整题,OUT,完整题-有E1,E1,逐题已匹配正式评分材料,确定,2026-09-24-attribution-v2
BJ-2026-FT-ERMO-Q21,BJ-2026-FT-ERMO-Q21,BJ-2026-FT-ERMO,21,主观题,,整题,OUT,完整题-有E1,E1,逐题已匹配正式评分材料,倾向,2026-09-24-attribution-v2
BJ-2026-FT-ERMO-Q1,BJ-2026-FT-ERMO-Q1,BJ-2026-FT-ERMO,1,选择题,,整题,OUT,完整题-选择题照收,答案键来源未核实(候选未确认),该题正式评分材料候选存在候选/存在冲突，未确认匹配，不下判,倾向,2026-09-24-attribution-v2
BJ-2026-FT-ERMO-Q4,BJ-2026-FT-ERMO-Q4,BJ-2026-FT-ERMO,4,选择题,,整题,OUT,完整题-选择题照收,答案键来源未核实(候选未确认),该题正式评分材料候选存在候选/存在冲突，未确认匹配，不下判,不明,2026-09-24-attribution-v2
BJ-2026-FT-ERMO-Q6,BJ-2026-FT-ERMO-Q6,BJ-2026-FT-ERMO,6,选择题,,整题,OUT,完整题-选择题照收,答案键来源未核实(候选未确认),该题正式评分材料候选存在候选/存在冲突，未确认匹配，不下判,不明,2026-09-24-attribution-v2
BJ-2026-FT-ERMO-Q7,BJ-2026-FT-ERMO-Q7,BJ-2026-FT-ERMO,7,选择题,,整题,OUT,完整题-选择题照收,答案键来源未核实(候选未确认),该题正式评分材料候选存在候选/存在冲突，未确认匹配，不下判,不明,2026-09-24-attribution-v2
BJ-2026-FT-ERMO-Q14,BJ-2026-FT-ERMO-Q14,BJ-2026-FT-ERMO,14,选择题,,整题,OUT,完整题-选择题照收,答案键来源未核实(候选未确认),该题正式评分材料候选存在候选/存在冲突，未确认匹配，不下判,不明,2026-09-24-attribution-v2
BJ-2026-FT-ERMO-Q15,BJ-2026-FT-ERMO-Q15,BJ-2026-FT-ERMO,15,选择题,,整题,OUT,完整题-选择题照收,答案键来源未核实(候选未确认),该题正式评分材料候选存在候选/存在冲突，未确认匹配，不下判,倾向,2026-09-24-attribution-v2
BJ-2026-FS-ERMO-Q2,BJ-2026-FS-ERMO-Q2,BJ-2026-FS-ERMO,2,选择题,,整题,OUT,完整题-选择题照收,答案键来源未核实(候选未确认),该题正式评分材料候选存在候选/存在冲突，未确认匹配，不下判,不明,2026-09-24-attribution-v2
BJ-2026-FS-ERMO-Q3,BJ-2026-FS-ERMO-Q3,BJ-2026-FS-ERMO,3,选择题,,整题,OUT,完整题-选择题照收,答案键来源未核实(候选未确认),该题正式评分材料候选存在候选/存在冲突，未确认匹配，不下判,不明,2026-09-24-attribution-v2
BJ-2026-FS-ERMO-Q5,BJ-2026-FS-ERMO-Q5,BJ-2026-FS-ERMO,5,选择题,,整题,OUT,完整题-选择题照收,答案键来源未核实(候选未确认),该题正式评分材料候选存在候选/存在冲突，未确认匹配，不下判,不明,2026-09-24-attribution-v2
BJ-2026-FS-ERMO-Q6,BJ-2026-FS-ERMO-Q6,BJ-2026-FS-ERMO,6,选择题,,整题,OUT,完整题-选择题照收,答案键来源未核实(候选未确认),该题正式评分材料候选存在候选/存在冲突，未确认匹配，不下判,不明,2026-09-24-attribution-v2
BJ-2026-FS-ERMO-Q7,BJ-2026-FS-ERMO-Q7,BJ-2026-FS-ERMO,7,选择题,,整题,OUT,完整题-选择题照收,答案键来源未核实(候选未确认),该题正式评分材料候选存在候选/存在冲突，未确认匹配，不下判,不明,2026-09-24-attribution-v2
BJ-2026-FS-ERMO-Q8,BJ-2026-FS-ERMO-Q8,BJ-2026-FS-ERMO,8,选择题,,整题,OUT,完整题-选择题照收,答案键来源未核实(候选未确认),该题正式评分材料候选存在候选/存在冲突，未确认匹配，不下判,倾向,2026-09-24-attribution-v2
BJ-2026-FS-ERMO-Q1,BJ-2026-FS-ERMO-Q1,BJ-2026-FS-ERMO,1,选择题,,整题,OUT,完整题-选择题照收,答案键来源未核实(候选未确认),该题正式评分材料候选存在候选/存在冲突，未确认匹配，不下判,不明,2026-09-24-attribution-v2
BJ-2026-CP-ERMO-Q1,BJ-2026-CP-ERMO-Q1,BJ-2026-CP-ERMO,1,选择题,,整题,OUT,完整题-选择题照收,E3,该题正式评分材料候选存在候选/存在冲突，未确认匹配，不下判（同时已有匹配参考答案，选择题按E3计，正式评分材料候选仍待核实）,不明,2026-09-24-attribution-v2
BJ-2026-CP-ERMO-Q3,BJ-2026-CP-ERMO-Q3,BJ-2026-CP-ERMO,3,选择题,,整题,OUT,完整题-选择题照收,E1,逐题已匹配正式评分材料,不明,2026-09-24-attribution-v2
BJ-2026-CP-ERMO-Q4,BJ-2026-CP-ERMO-Q4,BJ-2026-CP-ERMO,4,选择题,,整题,OUT,完整题-选择题照收,E3,该题正式评分材料候选存在候选/存在冲突，未确认匹配，不下判（同时已有匹配参考答案，选择题按E3计，正式评分材料候选仍待核实）,不明,2026-09-24-attribution-v2
BJ-2026-CP-ERMO-Q5,BJ-2026-CP-ERMO-Q5,BJ-2026-CP-ERMO,5,选择题,,整题,OUT,完整题-选择题照收,E1,逐题已匹配正式评分材料,不明,2026-09-24-attribution-v2
BJ-2026-CP-ERMO-Q6,BJ-2026-CP-ERMO-Q6,BJ-2026-CP-ERMO,6,选择题,,整题,OUT,完整题-选择题照收,E1,逐题已匹配正式评分材料,不明,2026-09-24-attribution-v2
BJ-2026-CP-ERMO-Q7,BJ-2026-CP-ERMO-Q7,BJ-2026-CP-ERMO,7,选择题,,整题,OUT,完整题-选择题照收,E1,逐题已匹配正式评分材料,不明,2026-09-24-attribution-v2
BJ-2026-CP-ERMO-Q13,BJ-2026-CP-ERMO-Q13,BJ-2026-CP-ERMO,13,选择题,,整题,OUT,完整题-选择题照收,E3,该题正式评分材料候选存在候选/存在冲突，未确认匹配，不下判（同时已有匹配参考答案，选择题按E3计，正式评分材料候选仍待核实）,倾向,2026-09-24-attribution-v2
BJ-2026-CP-ERMO-Q14,BJ-2026-CP-ERMO-Q14,BJ-2026-CP-ERMO,14,选择题,,整题,OUT,完整题-选择题照收,E3,该题正式评分材料候选存在候选/存在冲突，未确认匹配，不下判（同时已有匹配参考答案，选择题按E3计，正式评分材料候选仍待核实）,不明,2026-09-24-attribution-v2
BJ-2026-CP-ERMO-Q15,BJ-2026-CP-ERMO-Q15,BJ-2026-CP-ERMO,15,选择题,,整题,OUT,完整题-选择题照收,E3,该题正式评分材料候选存在候选/存在冲突，未确认匹配，不下判（同时已有匹配参考答案，选择题按E3计，正式评分材料候选仍待核实）,倾向,2026-09-24-attribution-v2
BJ-2026-CY-ERMO-Q16,BJ-2026-CY-ERMO-Q16,BJ-2026-CY-ERMO,16,主观题,,整题,OUT,待裁决-证据未核实,待裁决-证据未核实候选,该题正式评分材料候选存在候选/存在冲突，未确认匹配，不下判,不明,2026-09-24-attribution-v2
BJ-2026-CY-ERMO-Q1,BJ-2026-CY-ERMO-Q1,BJ-2026-CY-ERMO,1,选择题,,整题,OUT,完整题-选择题照收,E3,该题正式评分材料候选存在候选/存在冲突，未确认匹配，不下判（同时已有匹配参考答案，选择题按E3计，正式评分材料候选仍待核实）,不明,2026-09-24-attribution-v2
BJ-2026-CY-ERMO-Q2,BJ-2026-CY-ERMO-Q2,BJ-2026-CY-ERMO,2,选择题,,整题,OUT,完整题-选择题照收,E3,该题正式评分材料候选存在候选/存在冲突，未确认匹配，不下判（同时已有匹配参考答案，选择题按E3计，正式评分材料候选仍待核实）,不明,2026-09-24-attribution-v2
BJ-2026-CY-ERMO-Q4,BJ-2026-CY-ERMO-Q4,BJ-2026-CY-ERMO,4,选择题,,整题,OUT,完整题-选择题照收,E3,该题正式评分材料候选存在候选/存在冲突，未确认匹配，不下判（同时已有匹配参考答案，选择题按E3计，正式评分材料候选仍待核实）,不明,2026-09-24-attribution-v2
BJ-2026-CY-ERMO-Q5,BJ-2026-CY-ERMO-Q5,BJ-2026-CY-ERMO,5,选择题,,整题,OUT,完整题-选择题照收,E3,该题正式评分材料候选存在候选/存在冲突，未确认匹配，不下判（同时已有匹配参考答案，选择题按E3计，正式评分材料候选仍待核实）,不明,2026-09-24-attribution-v2
BJ-2026-CY-ERMO-Q6,BJ-2026-CY-ERMO-Q6,BJ-2026-CY-ERMO,6,选择题,,整题,OUT,完整题-选择题照收,E3,该题正式评分材料候选存在候选/存在冲突，未确认匹配，不下判（同时已有匹配参考答案，选择题按E3计，正式评分材料候选仍待核实）,不明,2026-09-24-attribution-v2
BJ-2026-CY-ERMO-Q8,BJ-2026-CY-ERMO-Q8,BJ-2026-CY-ERMO,8,选择题,,整题,OUT,完整题-选择题照收,E3,该题正式评分材料候选存在候选/存在冲突，未确认匹配，不下判（同时已有匹配参考答案，选择题按E3计，正式评分材料候选仍待核实）,倾向,2026-09-24-attribution-v2
BJ-2026-CY-ERMO-Q13,BJ-2026-CY-ERMO-Q13,BJ-2026-CY-ERMO,13,选择题,,整题,OUT,完整题-选择题照收,E3,该题正式评分材料候选存在候选/存在冲突，未确认匹配，不下判（同时已有匹配参考答案，选择题按E3计，正式评分材料候选仍待核实）,倾向,2026-09-24-attribution-v2
BJ-2026-CY-ERMO-Q14,BJ-2026-CY-ERMO-Q14,BJ-2026-CY-ERMO,14,选择题,,整题,OUT,完整题-选择题照收,E3,该题正式评分材料候选存在候选/存在冲突，未确认匹配，不下判（同时已有匹配参考答案，选择题按E3计，正式评分材料候选仍待核实）,不明,2026-09-24-attribution-v2
BJ-2026-HD-ERMO-Q3,BJ-2026-HD-ERMO-Q3,BJ-2026-HD-ERMO,3,选择题,,整题,OUT,完整题-选择题照收,E3,逐题已匹配参考答案,不明,2026-09-24-attribution-v2
BJ-2026-HD-ERMO-Q14,BJ-2026-HD-ERMO-Q14,BJ-2026-HD-ERMO,14,选择题,,整题,OUT,完整题-选择题照收,E3,逐题已匹配参考答案,不明,2026-09-24-attribution-v2
BJ-2026-HD-ERMO-Q13,BJ-2026-HD-ERMO-Q13,BJ-2026-HD-ERMO,13,选择题,,整题,OUT,完整题-选择题照收,E3,逐题已匹配参考答案,倾向,2026-09-24-attribution-v2
BJ-2026-HD-ERMO-Q1,BJ-2026-HD-ERMO-Q1,BJ-2026-HD-ERMO,1,选择题,,整题,OUT,完整题-选择题照收,E3,逐题已匹配参考答案,倾向,2026-09-24-attribution-v2
BJ-2026-HD-ERMO-Q2,BJ-2026-HD-ERMO-Q2,BJ-2026-HD-ERMO,2,选择题,,整题,OUT,完整题-选择题照收,E3,逐题已匹配参考答案,倾向,2026-09-24-attribution-v2
BJ-2026-HD-ERMO-Q4,BJ-2026-HD-ERMO-Q4,BJ-2026-HD-ERMO,4,选择题,,整题,OUT,完整题-选择题照收,E3,逐题已匹配参考答案,倾向,2026-09-24-attribution-v2
BJ-2026-HD-ERMO-Q7,BJ-2026-HD-ERMO-Q7,BJ-2026-HD-ERMO,7,选择题,,整题,OUT,完整题-选择题照收,E3,逐题已匹配参考答案,不明,2026-09-24-attribution-v2
BJ-2026-HD-ERMO-Q8,BJ-2026-HD-ERMO-Q8,BJ-2026-HD-ERMO,8,选择题,,整题,OUT,完整题-选择题照收,E3,逐题已匹配参考答案,倾向,2026-09-24-attribution-v2
BJ-2026-HD-ERMO-Q15,BJ-2026-HD-ERMO-Q15,BJ-2026-HD-ERMO,15,选择题,,整题,OUT,完整题-选择题照收,E3,逐题已匹配参考答案,不明,2026-09-24-attribution-v2
BJ-2026-SJS-ERMO-Q16,BJ-2026-SJS-ERMO-Q16,BJ-2026-SJS-ERMO,16,主观题,,整题,OUT,完整题-有E1,E1,逐题已匹配正式评分材料,倾向,2026-09-24-attribution-v2
BJ-2026-SJS-ERMO-Q18,BJ-2026-SJS-ERMO-Q18,BJ-2026-SJS-ERMO,18,主观题,,整题,OUT,完整题-有E1,E1,逐题已匹配正式评分材料,确定,2026-09-24-attribution-v2
BJ-2026-SJS-ERMO-Q1,BJ-2026-SJS-ERMO-Q1,BJ-2026-SJS-ERMO,1,选择题,,整题,OUT,完整题-选择题照收,E3,该题正式评分材料候选存在候选/存在冲突，未确认匹配，不下判（同时已有匹配参考答案，选择题按E3计，正式评分材料候选仍待核实）,倾向,2026-09-24-attribution-v2
BJ-2026-SJS-ERMO-Q2,BJ-2026-SJS-ERMO-Q2,BJ-2026-SJS-ERMO,2,选择题,,整题,OUT,完整题-选择题照收,E3,该题正式评分材料候选存在候选/存在冲突，未确认匹配，不下判（同时已有匹配参考答案，选择题按E3计，正式评分材料候选仍待核实）,倾向,2026-09-24-attribution-v2
BJ-2026-SJS-ERMO-Q3,BJ-2026-SJS-ERMO-Q3,BJ-2026-SJS-ERMO,3,选择题,,整题,OUT,完整题-选择题照收,E3,该题正式评分材料候选存在候选/存在冲突，未确认匹配，不下判（同时已有匹配参考答案，选择题按E3计，正式评分材料候选仍待核实）,不明,2026-09-24-attribution-v2
BJ-2026-SJS-ERMO-Q4,BJ-2026-SJS-ERMO-Q4,BJ-2026-SJS-ERMO,4,选择题,,整题,OUT,完整题-选择题照收,E3,该题正式评分材料候选存在候选/存在冲突，未确认匹配，不下判（同时已有匹配参考答案，选择题按E3计，正式评分材料候选仍待核实）,不明,2026-09-24-attribution-v2
BJ-2026-SJS-ERMO-Q5,BJ-2026-SJS-ERMO-Q5,BJ-2026-SJS-ERMO,5,选择题,,整题,OUT,完整题-选择题照收,E3,该题正式评分材料候选存在候选/存在冲突，未确认匹配，不下判（同时已有匹配参考答案，选择题按E3计，正式评分材料候选仍待核实）,不明,2026-09-24-attribution-v2
BJ-2026-SJS-ERMO-Q6,BJ-2026-SJS-ERMO-Q6,BJ-2026-SJS-ERMO,6,选择题,,整题,OUT,完整题-选择题照收,E3,该题正式评分材料候选存在候选/存在冲突，未确认匹配，不下判（同时已有匹配参考答案，选择题按E3计，正式评分材料候选仍待核实）,不明,2026-09-24-attribution-v2
BJ-2026-SJS-ERMO-Q13,BJ-2026-SJS-ERMO-Q13,BJ-2026-SJS-ERMO,13,选择题,,整题,OUT,完整题-选择题照收,E3,该题正式评分材料候选存在候选/存在冲突，未确认匹配，不下判（同时已有匹配参考答案，选择题按E3计，正式评分材料候选仍待核实）,倾向,2026-09-24-attribution-v2
BJ-2026-SJS-ERMO-Q14,BJ-2026-SJS-ERMO-Q14,BJ-2026-SJS-ERMO,14,选择题,,整题,OUT,完整题-选择题照收,E3,该题正式评分材料候选存在候选/存在冲突，未确认匹配，不下判（同时已有匹配参考答案，选择题按E3计，正式评分材料候选仍待核实）,不明,2026-09-24-attribution-v2
BJ-2026-SJS-ERMO-Q15,BJ-2026-SJS-ERMO-Q15,BJ-2026-SJS-ERMO,15,选择题,,整题,OUT,完整题-选择题照收,E3,该题正式评分材料候选存在候选/存在冲突，未确认匹配，不下判（同时已有匹配参考答案，选择题按E3计，正式评分材料候选仍待核实）,倾向,2026-09-24-attribution-v2
BJ-2026-XC-ERMO-Q1,BJ-2026-XC-ERMO-Q1,BJ-2026-XC-ERMO,1,选择题,,整题,OUT,完整题-选择题照收,E3,该题正式评分材料候选存在候选/存在冲突，未确认匹配，不下判（同时已有匹配参考答案，选择题按E3计，正式评分材料候选仍待核实）,倾向,2026-09-24-attribution-v2
BJ-2026-XC-ERMO-Q2,BJ-2026-XC-ERMO-Q2,BJ-2026-XC-ERMO,2,选择题,,整题,OUT,完整题-选择题照收,E3,该题正式评分材料候选存在候选/存在冲突，未确认匹配，不下判（同时已有匹配参考答案，选择题按E3计，正式评分材料候选仍待核实）,倾向,2026-09-24-attribution-v2
BJ-2026-XC-ERMO-Q3,BJ-2026-XC-ERMO-Q3,BJ-2026-XC-ERMO,3,选择题,,整题,OUT,完整题-选择题照收,E3,该题正式评分材料候选存在候选/存在冲突，未确认匹配，不下判（同时已有匹配参考答案，选择题按E3计，正式评分材料候选仍待核实）,不明,2026-09-24-attribution-v2
BJ-2026-XC-ERMO-Q4,BJ-2026-XC-ERMO-Q4,BJ-2026-XC-ERMO,4,选择题,,整题,OUT,完整题-选择题照收,E3,该题正式评分材料候选存在候选/存在冲突，未确认匹配，不下判（同时已有匹配参考答案，选择题按E3计，正式评分材料候选仍待核实）,不明,2026-09-24-attribution-v2
BJ-2026-XC-ERMO-Q5,BJ-2026-XC-ERMO-Q5,BJ-2026-XC-ERMO,5,选择题,,整题,OUT,完整题-选择题照收,E3,该题正式评分材料候选存在候选/存在冲突，未确认匹配，不下判（同时已有匹配参考答案，选择题按E3计，正式评分材料候选仍待核实）,不明,2026-09-24-attribution-v2
BJ-2026-XC-ERMO-Q6,BJ-2026-XC-ERMO-Q6,BJ-2026-XC-ERMO,6,选择题,,整题,OUT,完整题-选择题照收,E3,该题正式评分材料候选存在候选/存在冲突，未确认匹配，不下判（同时已有匹配参考答案，选择题按E3计，正式评分材料候选仍待核实）,不明,2026-09-24-attribution-v2
BJ-2026-XC-ERMO-Q7,BJ-2026-XC-ERMO-Q7,BJ-2026-XC-ERMO,7,选择题,,整题,OUT,完整题-选择题照收,E3,该题正式评分材料候选存在候选/存在冲突，未确认匹配，不下判（同时已有匹配参考答案，选择题按E3计，正式评分材料候选仍待核实）,不明,2026-09-24-attribution-v2
BJ-2026-XC-ERMO-Q13,BJ-2026-XC-ERMO-Q13,BJ-2026-XC-ERMO,13,选择题,,整题,OUT,完整题-选择题照收,E3,该题正式评分材料候选存在候选/存在冲突，未确认匹配，不下判（同时已有匹配参考答案，选择题按E3计，正式评分材料候选仍待核实）,倾向,2026-09-24-attribution-v2
BJ-2026-XC-ERMO-Q14,BJ-2026-XC-ERMO-Q14,BJ-2026-XC-ERMO,14,选择题,,整题,OUT,完整题-选择题照收,E3,该题正式评分材料候选存在候选/存在冲突，未确认匹配，不下判（同时已有匹配参考答案，选择题按E3计，正式评分材料候选仍待核实）,不明,2026-09-24-attribution-v2
BJ-2026-XC-ERMO-Q15,BJ-2026-XC-ERMO-Q15,BJ-2026-XC-ERMO,15,选择题,,整题,OUT,完整题-选择题照收,E3,该题正式评分材料候选存在候选/存在冲突，未确认匹配，不下判（同时已有匹配参考答案，选择题按E3计，正式评分材料候选仍待核实）,倾向,2026-09-24-attribution-v2
BJ-2026-SY-ERMO-Q1,BJ-2026-SY-ERMO-Q1,BJ-2026-SY-ERMO,1,选择题,,整题,OUT,完整题-选择题照收,答案键来源未核实(候选未确认),该题正式评分材料候选存在候选/存在冲突，未确认匹配，不下判,倾向,2026-09-24-attribution-v2
BJ-2026-SY-ERMO-Q2,BJ-2026-SY-ERMO-Q2,BJ-2026-SY-ERMO,2,选择题,,整题,OUT,完整题-选择题照收,答案键来源未核实(候选未确认),该题正式评分材料候选存在候选/存在冲突，未确认匹配，不下判,不明,2026-09-24-attribution-v2
BJ-2026-SY-ERMO-Q3,BJ-2026-SY-ERMO-Q3,BJ-2026-SY-ERMO,3,选择题,,整题,OUT,完整题-选择题照收,答案键来源未核实(候选未确认),该题正式评分材料候选存在候选/存在冲突，未确认匹配，不下判,不明,2026-09-24-attribution-v2
BJ-2026-SY-ERMO-Q5,BJ-2026-SY-ERMO-Q5,BJ-2026-SY-ERMO,5,选择题,,整题,OUT,完整题-选择题照收,答案键来源未核实(候选未确认),该题正式评分材料候选存在候选/存在冲突，未确认匹配，不下判,不明,2026-09-24-attribution-v2
BJ-2026-SY-ERMO-Q6,BJ-2026-SY-ERMO-Q6,BJ-2026-SY-ERMO,6,选择题,,整题,OUT,完整题-选择题照收,答案键来源未核实(候选未确认),该题正式评分材料候选存在候选/存在冲突，未确认匹配，不下判,倾向,2026-09-24-attribution-v2
BJ-2026-SY-ERMO-Q7,BJ-2026-SY-ERMO-Q7,BJ-2026-SY-ERMO,7,选择题,,整题,OUT,完整题-选择题照收,答案键来源未核实(候选未确认),该题正式评分材料候选存在候选/存在冲突，未确认匹配，不下判,不明,2026-09-24-attribution-v2
BJ-2026-SY-ERMO-Q8,BJ-2026-SY-ERMO-Q8,BJ-2026-SY-ERMO,8,选择题,,整题,OUT,完整题-选择题照收,答案键来源未核实(候选未确认),该题正式评分材料候选存在候选/存在冲突，未确认匹配，不下判,倾向,2026-09-24-attribution-v2
BJ-2026-SY-ERMO-Q13,BJ-2026-SY-ERMO-Q13,BJ-2026-SY-ERMO,13,选择题,,整题,OUT,完整题-选择题照收,答案键来源未核实(候选未确认),该题正式评分材料候选存在候选/存在冲突，未确认匹配，不下判,倾向,2026-09-24-attribution-v2
BJ-2026-SY-ERMO-Q14,BJ-2026-SY-ERMO-Q14,BJ-2026-SY-ERMO,14,选择题,,整题,OUT,完整题-选择题照收,答案键来源未核实(候选未确认),该题正式评分材料候选存在候选/存在冲突，未确认匹配，不下判,不明,2026-09-24-attribution-v2
BJ-2026-SY-ERMO-Q15,BJ-2026-SY-ERMO-Q15,BJ-2026-SY-ERMO,15,选择题,,整题,OUT,完整题-选择题照收,答案键来源未核实(候选未确认),该题正式评分材料候选存在候选/存在冲突，未确认匹配，不下判,倾向,2026-09-24-attribution-v2
BJ-2026-DC-QIMO-Q2,BJ-2026-DC-QIMO-Q2,BJ-2026-DC-QIMO,2,选择题,,整题,OUT,完整题-选择题照收,E1,逐题已匹配正式评分材料,倾向,2026-09-24-attribution-v2
BJ-2026-DC-QIMO-Q3,BJ-2026-DC-QIMO-Q3,BJ-2026-DC-QIMO,3,选择题,,整题,OUT,完整题-选择题照收,E1,逐题已匹配正式评分材料,不明,2026-09-24-attribution-v2
BJ-2026-DC-QIMO-Q4,BJ-2026-DC-QIMO-Q4,BJ-2026-DC-QIMO,4,选择题,,整题,OUT,完整题-选择题照收,E1,逐题已匹配正式评分材料,倾向,2026-09-24-attribution-v2
BJ-2026-DC-QIMO-Q5,BJ-2026-DC-QIMO-Q5,BJ-2026-DC-QIMO,5,选择题,,整题,OUT,完整题-选择题照收,E1,逐题已匹配正式评分材料,不明,2026-09-24-attribution-v2
BJ-2026-DC-QIMO-Q1,BJ-2026-DC-QIMO-Q1,BJ-2026-DC-QIMO,1,选择题,,整题,OUT,完整题-选择题照收,答案键来源未核实(候选未确认),该题正式评分材料候选存在候选/存在冲突，未确认匹配，不下判,不明,2026-09-24-attribution-v2
BJ-2026-DC-QIMO-Q8,BJ-2026-DC-QIMO-Q8,BJ-2026-DC-QIMO,8,选择题,,整题,OUT,完整题-选择题照收,答案键来源未核实(候选未确认),该题正式评分材料候选存在候选/存在冲突，未确认匹配，不下判,不明,2026-09-24-attribution-v2
BJ-2026-DC-QIMO-Q14,BJ-2026-DC-QIMO-Q14,BJ-2026-DC-QIMO,14,选择题,,整题,OUT,完整题-选择题照收,答案键来源未核实(候选未确认),该题正式评分材料候选存在候选/存在冲突，未确认匹配，不下判,倾向,2026-09-24-attribution-v2
BJ-2026-DC-QIMO-Q15,BJ-2026-DC-QIMO-Q15,BJ-2026-DC-QIMO,15,选择题,,整题,OUT,完整题-选择题照收,答案键来源未核实(候选未确认),该题正式评分材料候选存在候选/存在冲突，未确认匹配，不下判,倾向,2026-09-24-attribution-v2
BJ-2026-FT-QIMO-Q1,BJ-2026-FT-QIMO-Q1,BJ-2026-FT-QIMO,1,选择题,,整题,OUT,完整题-选择题照收,答案键来源未核实(候选未确认),该题正式评分材料候选存在候选/存在冲突，未确认匹配，不下判,不明,2026-09-24-attribution-v2
BJ-2026-FT-QIMO-Q2,BJ-2026-FT-QIMO-Q2,BJ-2026-FT-QIMO,2,选择题,,整题,OUT,完整题-选择题照收,答案键来源未核实(候选未确认),该题正式评分材料候选存在候选/存在冲突，未确认匹配，不下判,倾向,2026-09-24-attribution-v2
BJ-2026-FT-QIMO-Q3,BJ-2026-FT-QIMO-Q3,BJ-2026-FT-QIMO,3,选择题,,整题,OUT,完整题-选择题照收,E1,逐题已匹配正式评分材料,不明,2026-09-24-attribution-v2
BJ-2026-FT-QIMO-Q4,BJ-2026-FT-QIMO-Q4,BJ-2026-FT-QIMO,4,选择题,,整题,OUT,完整题-选择题照收,E1,逐题已匹配正式评分材料,倾向,2026-09-24-attribution-v2
BJ-2026-FT-QIMO-Q5,BJ-2026-FT-QIMO-Q5,BJ-2026-FT-QIMO,5,选择题,,整题,OUT,完整题-选择题照收,答案键来源未核实(候选未确认),该题正式评分材料候选存在候选/存在冲突，未确认匹配，不下判,不明,2026-09-24-attribution-v2
BJ-2026-FT-QIMO-Q14,BJ-2026-FT-QIMO-Q14,BJ-2026-FT-QIMO,14,选择题,,整题,OUT,完整题-选择题照收,答案键来源未核实(候选未确认),该题正式评分材料候选存在候选/存在冲突，未确认匹配，不下判,倾向,2026-09-24-attribution-v2
BJ-2026-FT-QIMO-Q15,BJ-2026-FT-QIMO-Q15,BJ-2026-FT-QIMO,15,选择题,,整题,OUT,完整题-选择题照收,答案键来源未核实(候选未确认),该题正式评分材料候选存在候选/存在冲突，未确认匹配，不下判,不明,2026-09-24-attribution-v2
BJ-2026-CP-QIMO-Q1,BJ-2026-CP-QIMO-Q1,BJ-2026-CP-QIMO,1,选择题,,整题,OUT,完整题-选择题照收,E3,该题正式评分材料候选存在候选/存在冲突，未确认匹配，不下判（同时已有匹配参考答案，选择题按E3计，正式评分材料候选仍待核实）,不明,2026-09-24-attribution-v2
BJ-2026-CP-QIMO-Q2,BJ-2026-CP-QIMO-Q2,BJ-2026-CP-QIMO,2,选择题,,整题,OUT,完整题-选择题照收,E3,该题正式评分材料候选存在候选/存在冲突，未确认匹配，不下判（同时已有匹配参考答案，选择题按E3计，正式评分材料候选仍待核实）,不明,2026-09-24-attribution-v2
BJ-2026-CP-QIMO-Q3,BJ-2026-CP-QIMO-Q3,BJ-2026-CP-QIMO,3,选择题,,整题,OUT,完整题-选择题照收,E3,该题正式评分材料候选存在候选/存在冲突，未确认匹配，不下判（同时已有匹配参考答案，选择题按E3计，正式评分材料候选仍待核实）,不明,2026-09-24-attribution-v2
BJ-2026-CP-QIMO-Q4,BJ-2026-CP-QIMO-Q4,BJ-2026-CP-QIMO,4,选择题,,整题,OUT,完整题-选择题照收,E3,该题正式评分材料候选存在候选/存在冲突，未确认匹配，不下判（同时已有匹配参考答案，选择题按E3计，正式评分材料候选仍待核实）,不明,2026-09-24-attribution-v2
BJ-2026-CP-QIMO-Q5,BJ-2026-CP-QIMO-Q5,BJ-2026-CP-QIMO,5,选择题,,整题,OUT,完整题-选择题照收,E3,该题正式评分材料候选存在候选/存在冲突，未确认匹配，不下判（同时已有匹配参考答案，选择题按E3计，正式评分材料候选仍待核实）,不明,2026-09-24-attribution-v2
BJ-2026-CP-QIMO-Q14,BJ-2026-CP-QIMO-Q14,BJ-2026-CP-QIMO,14,选择题,,整题,OUT,完整题-选择题照收,E3,该题正式评分材料候选存在候选/存在冲突，未确认匹配，不下判（同时已有匹配参考答案，选择题按E3计，正式评分材料候选仍待核实）,倾向,2026-09-24-attribution-v2
BJ-2026-CY-QIZHONG-Q16,BJ-2026-CY-QIZHONG-Q16,BJ-2026-CY-QIZHONG,16,主观题,,整题,OUT,完整题-有E1,E1,逐题已匹配正式评分材料,确定,2026-09-24-attribution-v2
BJ-2026-CY-QIZHONG-Q20,BJ-2026-CY-QIZHONG-Q20,BJ-2026-CY-QIZHONG,20,主观题,,整题,OUT,完整题-有E1,E1,逐题已匹配正式评分材料,不明,2026-09-24-attribution-v2
BJ-2026-CY-QIZHONG-Q21#1,BJ-2026-CY-QIZHONG-Q21,BJ-2026-CY-QIZHONG,21,主观题,1,小问,OUT,完整题-有E1,E1,逐题已匹配正式评分材料,不明,2026-09-24-attribution-v2
BJ-2026-CY-QIZHONG-Q21#2,BJ-2026-CY-QIZHONG-Q21,BJ-2026-CY-QIZHONG,21,主观题,2,小问,OUT,完整题-有E1,E1,逐题已匹配正式评分材料,不明,2026-09-24-attribution-v2
BJ-2026-CY-QIZHONG-Q4,BJ-2026-CY-QIZHONG-Q4,BJ-2026-CY-QIZHONG,4,选择题,,整题,OUT,完整题-选择题照收,E3,逐题已匹配参考答案,倾向,2026-09-24-attribution-v2
BJ-2026-CY-QIZHONG-Q1,BJ-2026-CY-QIZHONG-Q1,BJ-2026-CY-QIZHONG,1,选择题,,整题,OUT,完整题-选择题照收,E3,逐题已匹配参考答案,不明,2026-09-24-attribution-v2
BJ-2026-CY-QIZHONG-Q2,BJ-2026-CY-QIZHONG-Q2,BJ-2026-CY-QIZHONG,2,选择题,,整题,OUT,完整题-选择题照收,E3,逐题已匹配参考答案,不明,2026-09-24-attribution-v2
BJ-2026-CY-QIZHONG-Q3,BJ-2026-CY-QIZHONG-Q3,BJ-2026-CY-QIZHONG,3,选择题,,整题,OUT,完整题-选择题照收,E3,逐题已匹配参考答案,倾向,2026-09-24-attribution-v2
BJ-2026-CY-QIZHONG-Q5,BJ-2026-CY-QIZHONG-Q5,BJ-2026-CY-QIZHONG,5,选择题,,整题,OUT,完整题-选择题照收,E3,逐题已匹配参考答案,不明,2026-09-24-attribution-v2
BJ-2026-CY-QIZHONG-Q8,BJ-2026-CY-QIZHONG-Q8,BJ-2026-CY-QIZHONG,8,选择题,,整题,OUT,完整题-选择题照收,E3,逐题已匹配参考答案,不明,2026-09-24-attribution-v2
BJ-2026-CY-QIZHONG-Q14,BJ-2026-CY-QIZHONG-Q14,BJ-2026-CY-QIZHONG,14,选择题,,整题,OUT,完整题-选择题照收,E3,逐题已匹配参考答案,倾向,2026-09-24-attribution-v2
BJ-2026-CY-QIZHONG-Q15,BJ-2026-CY-QIZHONG-Q15,BJ-2026-CY-QIZHONG,15,选择题,,整题,OUT,完整题-选择题照收,E3,逐题已匹配参考答案,不明,2026-09-24-attribution-v2
BJ-2026-HD-QIZHONG-Q3,BJ-2026-HD-QIZHONG-Q3,BJ-2026-HD-QIZHONG,3,选择题,,整题,OUT,完整题-选择题照收,缺答案键,"未在rubric_links.csv找到该题任何行(未核实,不是已确认无)",不明,2026-09-24-attribution-v2
BJ-2026-HD-QIZHONG-Q15,BJ-2026-HD-QIZHONG-Q15,BJ-2026-HD-QIZHONG,15,选择题,,整题,OUT,完整题-选择题照收,缺答案键,"未在rubric_links.csv找到该题任何行(未核实,不是已确认无)",不明,2026-09-24-attribution-v2
BJ-2026-HD-QIZHONG-Q8,BJ-2026-HD-QIZHONG-Q8,BJ-2026-HD-QIZHONG,8,选择题,,整题,OUT,完整题-选择题照收,缺答案键,"未在rubric_links.csv找到该题任何行(未核实,不是已确认无)",不明,2026-09-24-attribution-v2
BJ-2026-HD-QIZHONG-Q1,BJ-2026-HD-QIZHONG-Q1,BJ-2026-HD-QIZHONG,1,选择题,,整题,OUT,完整题-选择题照收,缺答案键,"未在rubric_links.csv找到该题任何行(未核实,不是已确认无)",不明,2026-09-24-attribution-v2
BJ-2026-HD-QIZHONG-Q14,BJ-2026-HD-QIZHONG-Q14,BJ-2026-HD-QIZHONG,14,选择题,,整题,OUT,完整题-选择题照收,缺答案键,"未在rubric_links.csv找到该题任何行(未核实,不是已确认无)",倾向,2026-09-24-attribution-v2
BJ-2026-HD-QIMO-Q16,BJ-2026-HD-QIMO-Q16,BJ-2026-HD-QIMO,16,主观题,,整题,OUT,完整题-有E1,E1,逐题已匹配正式评分材料,倾向,2026-09-24-attribution-v2
BJ-2026-HD-QIMO-Q17,BJ-2026-HD-QIMO-Q17,BJ-2026-HD-QIMO,17,主观题,,整题,OUT,待裁决-证据未核实,待裁决-证据未核实候选,该题正式评分材料候选存在候选/存在冲突，未确认匹配，不下判,倾向,2026-09-24-attribution-v2
BJ-2026-HD-QIMO-Q20#1,BJ-2026-HD-QIMO-Q20,BJ-2026-HD-QIMO,20,主观题,1,小问,OUT,完整题-有E1,E1,逐题已匹配正式评分材料,倾向,2026-09-24-attribution-v2
BJ-2026-HD-QIMO-Q20#2,BJ-2026-HD-QIMO-Q20,BJ-2026-HD-QIMO,20,主观题,2,小问,OUT,完整题-有E1,E1,逐题已匹配正式评分材料,倾向,2026-09-24-attribution-v2
BJ-2026-HD-QIMO-Q1,BJ-2026-HD-QIMO-Q1,BJ-2026-HD-QIMO,1,选择题,,整题,OUT,完整题-选择题照收,答案键来源未核实(候选未确认),该题正式评分材料候选存在候选/存在冲突，未确认匹配，不下判,不明,2026-09-24-attribution-v2
BJ-2026-HD-QIMO-Q2,BJ-2026-HD-QIMO-Q2,BJ-2026-HD-QIMO,2,选择题,,整题,OUT,完整题-选择题照收,答案键来源未核实(候选未确认),该题正式评分材料候选存在候选/存在冲突，未确认匹配，不下判,倾向,2026-09-24-attribution-v2
BJ-2026-HD-QIMO-Q4,BJ-2026-HD-QIMO-Q4,BJ-2026-HD-QIMO,4,选择题,,整题,OUT,完整题-选择题照收,答案键来源未核实(候选未确认),该题正式评分材料候选存在候选/存在冲突，未确认匹配，不下判,倾向,2026-09-24-attribution-v2
BJ-2026-HD-QIMO-Q5,BJ-2026-HD-QIMO-Q5,BJ-2026-HD-QIMO,5,选择题,,整题,OUT,完整题-选择题照收,答案键来源未核实(候选未确认),该题正式评分材料候选存在候选/存在冲突，未确认匹配，不下判,不明,2026-09-24-attribution-v2
BJ-2026-HD-QIMO-Q14,BJ-2026-HD-QIMO-Q14,BJ-2026-HD-QIMO,14,选择题,,整题,OUT,完整题-选择题照收,答案键来源未核实(候选未确认),该题正式评分材料候选存在候选/存在冲突，未确认匹配，不下判,不明,2026-09-24-attribution-v2
BJ-2026-HD-QIMO-Q15,BJ-2026-HD-QIMO-Q15,BJ-2026-HD-QIMO,15,选择题,,整题,OUT,完整题-选择题照收,答案键来源未核实(候选未确认),该题正式评分材料候选存在候选/存在冲突，未确认匹配，不下判,不明,2026-09-24-attribution-v2
BJ-2026-XC-QIMO-Q16#1,BJ-2026-XC-QIMO-Q16,BJ-2026-XC-QIMO,16,主观题,1,小问,OUT,完整题-有E1,E1,逐题已匹配正式评分材料,不明,2026-09-24-attribution-v2
BJ-2026-XC-QIMO-Q16#2,BJ-2026-XC-QIMO-Q16,BJ-2026-XC-QIMO,16,主观题,2,小问,OUT,完整题-有E1,E1,逐题已匹配正式评分材料,不明,2026-09-24-attribution-v2
BJ-2026-XC-QIMO-Q19#1,BJ-2026-XC-QIMO-Q19,BJ-2026-XC-QIMO,19,主观题,1,小问,OUT,完整题-有E1,E1,逐题已匹配正式评分材料,倾向,2026-09-24-attribution-v2
BJ-2026-XC-QIMO-Q19#2,BJ-2026-XC-QIMO-Q19,BJ-2026-XC-QIMO,19,主观题,2,小问,OUT,完整题-有E1,E1,逐题已匹配正式评分材料,倾向,2026-09-24-attribution-v2
BJ-2026-XC-QIMO-Q1,BJ-2026-XC-QIMO-Q1,BJ-2026-XC-QIMO,1,选择题,,整题,OUT,完整题-选择题照收,E3,该题正式评分材料候选存在候选/存在冲突，未确认匹配，不下判（同时已有匹配参考答案，选择题按E3计，正式评分材料候选仍待核实）,倾向,2026-09-24-attribution-v2
BJ-2026-XC-QIMO-Q2,BJ-2026-XC-QIMO-Q2,BJ-2026-XC-QIMO,2,选择题,,整题,OUT,完整题-选择题照收,E3,该题正式评分材料候选存在候选/存在冲突，未确认匹配，不下判（同时已有匹配参考答案，选择题按E3计，正式评分材料候选仍待核实）,不明,2026-09-24-attribution-v2
BJ-2026-XC-QIMO-Q3,BJ-2026-XC-QIMO-Q3,BJ-2026-XC-QIMO,3,选择题,,整题,OUT,完整题-选择题照收,E3,该题正式评分材料候选存在候选/存在冲突，未确认匹配，不下判（同时已有匹配参考答案，选择题按E3计，正式评分材料候选仍待核实）,不明,2026-09-24-attribution-v2
BJ-2026-XC-QIMO-Q4,BJ-2026-XC-QIMO-Q4,BJ-2026-XC-QIMO,4,选择题,,整题,OUT,完整题-选择题照收,E3,该题正式评分材料候选存在候选/存在冲突，未确认匹配，不下判（同时已有匹配参考答案，选择题按E3计，正式评分材料候选仍待核实）,倾向,2026-09-24-attribution-v2
BJ-2026-XC-QIMO-Q5,BJ-2026-XC-QIMO-Q5,BJ-2026-XC-QIMO,5,选择题,,整题,OUT,完整题-选择题照收,E3,该题正式评分材料候选存在候选/存在冲突，未确认匹配，不下判（同时已有匹配参考答案，选择题按E3计，正式评分材料候选仍待核实）,不明,2026-09-24-attribution-v2
BJ-2026-XC-QIMO-Q8,BJ-2026-XC-QIMO-Q8,BJ-2026-XC-QIMO,8,选择题,,整题,OUT,完整题-选择题照收,E3,该题正式评分材料候选存在候选/存在冲突，未确认匹配，不下判（同时已有匹配参考答案，选择题按E3计，正式评分材料候选仍待核实）,不明,2026-09-24-attribution-v2
BJ-2026-XC-QIMO-Q14,BJ-2026-XC-QIMO-Q14,BJ-2026-XC-QIMO,14,选择题,,整题,OUT,完整题-选择题照收,E3,该题正式评分材料候选存在候选/存在冲突，未确认匹配，不下判（同时已有匹配参考答案，选择题按E3计，正式评分材料候选仍待核实）,倾向,2026-09-24-attribution-v2
BJ-2026-TZ-QIMO-Q1,BJ-2026-TZ-QIMO-Q1,BJ-2026-TZ-QIMO,1,选择题,,整题,OUT,完整题-选择题照收,E1,逐题已匹配正式评分材料,不明,2026-09-24-attribution-v2
BJ-2026-TZ-QIMO-Q2,BJ-2026-TZ-QIMO-Q2,BJ-2026-TZ-QIMO,2,选择题,,整题,OUT,完整题-选择题照收,E1,逐题已匹配正式评分材料,倾向,2026-09-24-attribution-v2
BJ-2026-TZ-QIMO-Q3,BJ-2026-TZ-QIMO-Q3,BJ-2026-TZ-QIMO,3,选择题,,整题,OUT,完整题-选择题照收,E1,逐题已匹配正式评分材料,倾向,2026-09-24-attribution-v2
BJ-2026-TZ-QIMO-Q4,BJ-2026-TZ-QIMO-Q4,BJ-2026-TZ-QIMO,4,选择题,,整题,OUT,完整题-选择题照收,答案键来源未核实(候选未确认),该题正式评分材料候选存在候选/存在冲突，未确认匹配，不下判,倾向,2026-09-24-attribution-v2
BJ-2026-TZ-QIMO-Q5,BJ-2026-TZ-QIMO-Q5,BJ-2026-TZ-QIMO,5,选择题,,整题,OUT,完整题-选择题照收,答案键来源未核实(候选未确认),该题正式评分材料候选存在候选/存在冲突，未确认匹配，不下判,不明,2026-09-24-attribution-v2
BJ-2026-TZ-QIMO-Q8,BJ-2026-TZ-QIMO-Q8,BJ-2026-TZ-QIMO,8,选择题,,整题,OUT,完整题-选择题照收,答案键来源未核实(候选未确认),该题正式评分材料候选存在候选/存在冲突，未确认匹配，不下判,不明,2026-09-24-attribution-v2
BJ-2026-TZ-QIMO-Q14,BJ-2026-TZ-QIMO-Q14,BJ-2026-TZ-QIMO,14,选择题,,整题,OUT,完整题-选择题照收,答案键来源未核实(候选未确认),该题正式评分材料候选存在候选/存在冲突，未确认匹配，不下判,倾向,2026-09-24-attribution-v2
BJ-2026-TZ-QIMO-Q15,BJ-2026-TZ-QIMO-Q15,BJ-2026-TZ-QIMO,15,选择题,,整题,OUT,完整题-选择题照收,答案键来源未核实(候选未确认),该题正式评分材料候选存在候选/存在冲突，未确认匹配，不下判,倾向,2026-09-24-attribution-v2
BJ-2026-SJS-QIMO-Q18#1,BJ-2026-SJS-QIMO-Q18,BJ-2026-SJS-QIMO,18,主观题,1,小问,OUT,收-具名例外,具名例外,具名例外:whole_exam_e3only | exams.csv BJ-2026-SJS-QIMO 行 notes 原话：Q1-Q20按2026石景山期末具名无正式细则例外使用E3（题库自身登记）; project-constitution.md:50 全项目当前只有2024顺义二模、2026石景山期末和2026北京高考三份具名试卷属于整卷无正式评分细则例外; book-philosophy.md:30、book-culture.md 书末E3例外段均列2026石景山期末,倾向,2026-09-24-attribution-v2
BJ-2026-SJS-QIMO-Q18#2,BJ-2026-SJS-QIMO-Q18,BJ-2026-SJS-QIMO,18,主观题,2,小问,OUT,收-具名例外,具名例外,具名例外:whole_exam_e3only | exams.csv BJ-2026-SJS-QIMO 行 notes 原话：Q1-Q20按2026石景山期末具名无正式细则例外使用E3（题库自身登记）; project-constitution.md:50 全项目当前只有2024顺义二模、2026石景山期末和2026北京高考三份具名试卷属于整卷无正式评分细则例外; book-philosophy.md:30、book-culture.md 书末E3例外段均列2026石景山期末,倾向,2026-09-24-attribution-v2
BJ-2026-SJS-QIMO-Q1,BJ-2026-SJS-QIMO-Q1,BJ-2026-SJS-QIMO,1,选择题,,整题,OUT,收-具名例外,具名例外,具名例外:whole_exam_e3only | exams.csv BJ-2026-SJS-QIMO 行 notes 原话：Q1-Q20按2026石景山期末具名无正式细则例外使用E3（题库自身登记）; project-constitution.md:50 全项目当前只有2024顺义二模、2026石景山期末和2026北京高考三份具名试卷属于整卷无正式评分细则例外; book-philosophy.md:30、book-culture.md 书末E3例外段均列2026石景山期末,不明,2026-09-24-attribution-v2
BJ-2026-SJS-QIMO-Q2,BJ-2026-SJS-QIMO-Q2,BJ-2026-SJS-QIMO,2,选择题,,整题,OUT,收-具名例外,具名例外,具名例外:whole_exam_e3only | exams.csv BJ-2026-SJS-QIMO 行 notes 原话：Q1-Q20按2026石景山期末具名无正式细则例外使用E3（题库自身登记）; project-constitution.md:50 全项目当前只有2024顺义二模、2026石景山期末和2026北京高考三份具名试卷属于整卷无正式评分细则例外; book-philosophy.md:30、book-culture.md 书末E3例外段均列2026石景山期末,倾向,2026-09-24-attribution-v2
BJ-2026-SJS-QIMO-Q3,BJ-2026-SJS-QIMO-Q3,BJ-2026-SJS-QIMO,3,选择题,,整题,OUT,收-具名例外,具名例外,具名例外:whole_exam_e3only | exams.csv BJ-2026-SJS-QIMO 行 notes 原话：Q1-Q20按2026石景山期末具名无正式细则例外使用E3（题库自身登记）; project-constitution.md:50 全项目当前只有2024顺义二模、2026石景山期末和2026北京高考三份具名试卷属于整卷无正式评分细则例外; book-philosophy.md:30、book-culture.md 书末E3例外段均列2026石景山期末,不明,2026-09-24-attribution-v2
BJ-2026-SJS-QIMO-Q5,BJ-2026-SJS-QIMO-Q5,BJ-2026-SJS-QIMO,5,选择题,,整题,OUT,收-具名例外,具名例外,具名例外:whole_exam_e3only | exams.csv BJ-2026-SJS-QIMO 行 notes 原话：Q1-Q20按2026石景山期末具名无正式细则例外使用E3（题库自身登记）; project-constitution.md:50 全项目当前只有2024顺义二模、2026石景山期末和2026北京高考三份具名试卷属于整卷无正式评分细则例外; book-philosophy.md:30、book-culture.md 书末E3例外段均列2026石景山期末,不明,2026-09-24-attribution-v2
BJ-2026-SJS-QIMO-Q8,BJ-2026-SJS-QIMO-Q8,BJ-2026-SJS-QIMO,8,选择题,,整题,OUT,收-具名例外,具名例外,具名例外:whole_exam_e3only | exams.csv BJ-2026-SJS-QIMO 行 notes 原话：Q1-Q20按2026石景山期末具名无正式细则例外使用E3（题库自身登记）; project-constitution.md:50 全项目当前只有2024顺义二模、2026石景山期末和2026北京高考三份具名试卷属于整卷无正式评分细则例外; book-philosophy.md:30、book-culture.md 书末E3例外段均列2026石景山期末,不明,2026-09-24-attribution-v2
BJ-2026-SJS-QIMO-Q14,BJ-2026-SJS-QIMO-Q14,BJ-2026-SJS-QIMO,14,选择题,,整题,OUT,收-具名例外,具名例外,具名例外:whole_exam_e3only | exams.csv BJ-2026-SJS-QIMO 行 notes 原话：Q1-Q20按2026石景山期末具名无正式细则例外使用E3（题库自身登记）; project-constitution.md:50 全项目当前只有2024顺义二模、2026石景山期末和2026北京高考三份具名试卷属于整卷无正式评分细则例外; book-philosophy.md:30、book-culture.md 书末E3例外段均列2026石景山期末,不明,2026-09-24-attribution-v2
BJ-2024-BJ-GAOKAO-Q1,BJ-2024-BJ-GAOKAO-Q1,BJ-2024-BJ-GAOKAO,1,选择题,,整题,OUT,完整题-选择题照收,E3,逐题已匹配参考答案,倾向,2026-09-24-attribution-v2
BJ-2024-BJ-GAOKAO-Q2,BJ-2024-BJ-GAOKAO-Q2,BJ-2024-BJ-GAOKAO,2,选择题,,整题,OUT,完整题-选择题照收,E3,逐题已匹配参考答案,倾向,2026-09-24-attribution-v2
BJ-2024-BJ-GAOKAO-Q3,BJ-2024-BJ-GAOKAO-Q3,BJ-2024-BJ-GAOKAO,3,选择题,,整题,OUT,完整题-选择题照收,E3,逐题已匹配参考答案,不明,2026-09-24-attribution-v2
BJ-2024-BJ-GAOKAO-Q4,BJ-2024-BJ-GAOKAO-Q4,BJ-2024-BJ-GAOKAO,4,选择题,,整题,OUT,完整题-选择题照收,E3,逐题已匹配参考答案,倾向,2026-09-24-attribution-v2
BJ-2024-BJ-GAOKAO-Q5,BJ-2024-BJ-GAOKAO-Q5,BJ-2024-BJ-GAOKAO,5,选择题,,整题,OUT,完整题-选择题照收,E3,逐题已匹配参考答案,不明,2026-09-24-attribution-v2
BJ-2024-BJ-GAOKAO-Q6,BJ-2024-BJ-GAOKAO-Q6,BJ-2024-BJ-GAOKAO,6,选择题,,整题,OUT,完整题-选择题照收,E3,逐题已匹配参考答案,不明,2026-09-24-attribution-v2
BJ-2024-BJ-GAOKAO-Q7,BJ-2024-BJ-GAOKAO-Q7,BJ-2024-BJ-GAOKAO,7,选择题,,整题,OUT,完整题-选择题照收,E3,逐题已匹配参考答案,不明,2026-09-24-attribution-v2
BJ-2024-BJ-GAOKAO-Q8,BJ-2024-BJ-GAOKAO-Q8,BJ-2024-BJ-GAOKAO,8,选择题,,整题,OUT,完整题-选择题照收,E3,逐题已匹配参考答案,不明,2026-09-24-attribution-v2
BJ-2024-BJ-GAOKAO-Q14,BJ-2024-BJ-GAOKAO-Q14,BJ-2024-BJ-GAOKAO,14,选择题,,整题,OUT,完整题-选择题照收,E3,逐题已匹配参考答案,不明,2026-09-24-attribution-v2
BJ-2024-BJ-GAOKAO-Q15,BJ-2024-BJ-GAOKAO-Q15,BJ-2024-BJ-GAOKAO,15,选择题,,整题,OUT,完整题-选择题照收,E3,逐题已匹配参考答案,倾向,2026-09-24-attribution-v2
BJ-2025-BJ-GAOKAO-Q16,BJ-2025-BJ-GAOKAO-Q16,BJ-2025-BJ-GAOKAO,16,主观题,,整题,OUT,待裁决-证据未核实,待裁决-证据未核实候选,该题正式评分材料候选存在候选/存在冲突，未确认匹配，不下判,倾向,2026-09-24-attribution-v2
BJ-2025-BJ-GAOKAO-Q19#1,BJ-2025-BJ-GAOKAO-Q19,BJ-2025-BJ-GAOKAO,19,主观题,1,小问,OUT,待裁决-证据未核实,待裁决-证据未核实候选,该题正式评分材料候选存在候选/存在冲突，未确认匹配，不下判,倾向,2026-09-24-attribution-v2
BJ-2025-BJ-GAOKAO-Q19#2,BJ-2025-BJ-GAOKAO-Q19,BJ-2025-BJ-GAOKAO,19,主观题,2,小问,OUT,待裁决-证据未核实,待裁决-证据未核实候选,该题正式评分材料候选存在候选/存在冲突，未确认匹配，不下判,倾向,2026-09-24-attribution-v2
BJ-2025-BJ-GAOKAO-Q20,BJ-2025-BJ-GAOKAO-Q20,BJ-2025-BJ-GAOKAO,20,主观题,,整题,OUT,待裁决-证据未核实,待裁决-证据未核实候选,该题正式评分材料候选存在候选/存在冲突，未确认匹配，不下判,倾向,2026-09-24-attribution-v2
BJ-2025-BJ-GAOKAO-Q1,BJ-2025-BJ-GAOKAO-Q1,BJ-2025-BJ-GAOKAO,1,选择题,,整题,OUT,完整题-选择题照收,E3,该题正式评分材料候选存在候选/存在冲突，未确认匹配，不下判（同时已有匹配参考答案，选择题按E3计，正式评分材料候选仍待核实）,不明,2026-09-24-attribution-v2
BJ-2025-BJ-GAOKAO-Q2,BJ-2025-BJ-GAOKAO-Q2,BJ-2025-BJ-GAOKAO,2,选择题,,整题,OUT,完整题-选择题照收,E3,该题正式评分材料候选存在候选/存在冲突，未确认匹配，不下判（同时已有匹配参考答案，选择题按E3计，正式评分材料候选仍待核实）,倾向,2026-09-24-attribution-v2
BJ-2025-BJ-GAOKAO-Q4,BJ-2025-BJ-GAOKAO-Q4,BJ-2025-BJ-GAOKAO,4,选择题,,整题,OUT,完整题-选择题照收,E3,该题正式评分材料候选存在候选/存在冲突，未确认匹配，不下判（同时已有匹配参考答案，选择题按E3计，正式评分材料候选仍待核实）,不明,2026-09-24-attribution-v2
BJ-2025-BJ-GAOKAO-Q5,BJ-2025-BJ-GAOKAO-Q5,BJ-2025-BJ-GAOKAO,5,选择题,,整题,OUT,完整题-选择题照收,E3,该题正式评分材料候选存在候选/存在冲突，未确认匹配，不下判（同时已有匹配参考答案，选择题按E3计，正式评分材料候选仍待核实）,不明,2026-09-24-attribution-v2
BJ-2025-BJ-GAOKAO-Q6,BJ-2025-BJ-GAOKAO-Q6,BJ-2025-BJ-GAOKAO,6,选择题,,整题,OUT,完整题-选择题照收,E3,该题正式评分材料候选存在候选/存在冲突，未确认匹配，不下判（同时已有匹配参考答案，选择题按E3计，正式评分材料候选仍待核实）,不明,2026-09-24-attribution-v2
BJ-2025-BJ-GAOKAO-Q7,BJ-2025-BJ-GAOKAO-Q7,BJ-2025-BJ-GAOKAO,7,选择题,,整题,OUT,完整题-选择题照收,E3,该题正式评分材料候选存在候选/存在冲突，未确认匹配，不下判（同时已有匹配参考答案，选择题按E3计，正式评分材料候选仍待核实）,不明,2026-09-24-attribution-v2
BJ-2025-BJ-GAOKAO-Q8,BJ-2025-BJ-GAOKAO-Q8,BJ-2025-BJ-GAOKAO,8,选择题,,整题,OUT,完整题-选择题照收,E3,该题正式评分材料候选存在候选/存在冲突，未确认匹配，不下判（同时已有匹配参考答案，选择题按E3计，正式评分材料候选仍待核实）,不明,2026-09-24-attribution-v2
BJ-2025-BJ-GAOKAO-Q14,BJ-2025-BJ-GAOKAO-Q14,BJ-2025-BJ-GAOKAO,14,选择题,,整题,OUT,完整题-选择题照收,E3,该题正式评分材料候选存在候选/存在冲突，未确认匹配，不下判（同时已有匹配参考答案，选择题按E3计，正式评分材料候选仍待核实）,倾向,2026-09-24-attribution-v2
BJ-2025-BJ-GAOKAO-Q15,BJ-2025-BJ-GAOKAO-Q15,BJ-2025-BJ-GAOKAO,15,选择题,,整题,OUT,完整题-选择题照收,E3,该题正式评分材料候选存在候选/存在冲突，未确认匹配，不下判（同时已有匹配参考答案，选择题按E3计，正式评分材料候选仍待核实）,倾向,2026-09-24-attribution-v2
BJ-2026-BJ-GAOKAO-Q2,BJ-2026-BJ-GAOKAO-Q2,BJ-2026-BJ-GAOKAO,2,选择题,,整题,OUT,完整题-选择题照收,E1,逐题已匹配正式评分材料,不明,2026-09-24-attribution-v2
BJ-2026-BJ-GAOKAO-Q3,BJ-2026-BJ-GAOKAO-Q3,BJ-2026-BJ-GAOKAO,3,选择题,,整题,OUT,完整题-选择题照收,E3,该题正式评分材料候选存在候选/存在冲突，未确认匹配，不下判（同时已有匹配参考答案，选择题按E3计，正式评分材料候选仍待核实）,不明,2026-09-24-attribution-v2
BJ-2026-BJ-GAOKAO-Q4,BJ-2026-BJ-GAOKAO-Q4,BJ-2026-BJ-GAOKAO,4,选择题,,整题,OUT,完整题-选择题照收,E1,逐题已匹配正式评分材料,不明,2026-09-24-attribution-v2
BJ-2026-BJ-GAOKAO-Q7,BJ-2026-BJ-GAOKAO-Q7,BJ-2026-BJ-GAOKAO,7,选择题,,整题,OUT,完整题-选择题照收,E1,逐题已匹配正式评分材料,不明,2026-09-24-attribution-v2
BJ-2026-BJ-GAOKAO-Q16,BJ-2026-BJ-GAOKAO-Q16,BJ-2026-BJ-GAOKAO,16,主观题,,整题,OUT,收-具名例外,具名例外,具名例外:whole_exam_no_rubric | project-constitution.md:13 special_override：2026-08-22 用户明确宣布 2026 北京高考为第三套整卷无正式细则例外; project-constitution.md:50 全项目当前只有2024顺义二模、2026石景山期末和用户于2026-08-22明确特批的2026北京高考三份具名试卷属于整卷无正式评分细则例外,不明,2026-09-24-attribution-v2
BJ-2026-BJ-GAOKAO-Q17,BJ-2026-BJ-GAOKAO-Q17,BJ-2026-BJ-GAOKAO,17,主观题,,整题,OUT,收-具名例外,具名例外,具名例外:whole_exam_no_rubric | project-constitution.md:13 special_override：2026-08-22 用户明确宣布 2026 北京高考为第三套整卷无正式细则例外; project-constitution.md:50 全项目当前只有2024顺义二模、2026石景山期末和用户于2026-08-22明确特批的2026北京高考三份具名试卷属于整卷无正式评分细则例外,倾向,2026-09-24-attribution-v2
BJ-2026-BJ-GAOKAO-Q18#1,BJ-2026-BJ-GAOKAO-Q18,BJ-2026-BJ-GAOKAO,18,主观题,1,小问,OUT,收-具名例外,具名例外,具名例外:whole_exam_no_rubric | project-constitution.md:13 special_override：2026-08-22 用户明确宣布 2026 北京高考为第三套整卷无正式细则例外; project-constitution.md:50 全项目当前只有2024顺义二模、2026石景山期末和用户于2026-08-22明确特批的2026北京高考三份具名试卷属于整卷无正式评分细则例外,不明,2026-09-24-attribution-v2
BJ-2026-BJ-GAOKAO-Q18#2,BJ-2026-BJ-GAOKAO-Q18,BJ-2026-BJ-GAOKAO,18,主观题,2,小问,OUT,收-具名例外,具名例外,具名例外:whole_exam_no_rubric | project-constitution.md:13 special_override：2026-08-22 用户明确宣布 2026 北京高考为第三套整卷无正式细则例外; project-constitution.md:50 全项目当前只有2024顺义二模、2026石景山期末和用户于2026-08-22明确特批的2026北京高考三份具名试卷属于整卷无正式评分细则例外,不明,2026-09-24-attribution-v2
BJ-2026-BJ-GAOKAO-Q20,BJ-2026-BJ-GAOKAO-Q20,BJ-2026-BJ-GAOKAO,20,主观题,,整题,OUT,收-具名例外,具名例外,具名例外:whole_exam_no_rubric | project-constitution.md:13 special_override：2026-08-22 用户明确宣布 2026 北京高考为第三套整卷无正式细则例外; project-constitution.md:50 全项目当前只有2024顺义二模、2026石景山期末和用户于2026-08-22明确特批的2026北京高考三份具名试卷属于整卷无正式评分细则例外,倾向,2026-09-24-attribution-v2
BJ-2026-BJ-GAOKAO-Q5,BJ-2026-BJ-GAOKAO-Q5,BJ-2026-BJ-GAOKAO,5,选择题,,整题,OUT,完整题-选择题照收,E3,该题正式评分材料候选存在候选/存在冲突，未确认匹配，不下判（同时已有匹配参考答案，选择题按E3计，正式评分材料候选仍待核实）,不明,2026-09-24-attribution-v2
BJ-2026-BJ-GAOKAO-Q6,BJ-2026-BJ-GAOKAO-Q6,BJ-2026-BJ-GAOKAO,6,选择题,,整题,OUT,完整题-选择题照收,答案键来源未核实(候选未确认),该题正式评分材料候选存在候选/存在冲突，未确认匹配，不下判,不明,2026-09-24-attribution-v2
BJ-2026-BJ-GAOKAO-Q8,BJ-2026-BJ-GAOKAO-Q8,BJ-2026-BJ-GAOKAO,8,选择题,,整题,OUT,完整题-选择题照收,E3,该题正式评分材料候选存在候选/存在冲突，未确认匹配，不下判（同时已有匹配参考答案，选择题按E3计，正式评分材料候选仍待核实）,不明,2026-09-24-attribution-v2
BJ-2026-BJ-GAOKAO-Q14,BJ-2026-BJ-GAOKAO-Q14,BJ-2026-BJ-GAOKAO,14,选择题,,整题,OUT,完整题-选择题照收,E3,该题正式评分材料候选存在候选/存在冲突，未确认匹配，不下判（同时已有匹配参考答案，选择题按E3计，正式评分材料候选仍待核实）,倾向,2026-09-24-attribution-v2
BJ-2026-BJ-GAOKAO-Q15,BJ-2026-BJ-GAOKAO-Q15,BJ-2026-BJ-GAOKAO,15,选择题,,整题,OUT,完整题-选择题照收,E3,该题正式评分材料候选存在候选/存在冲突，未确认匹配，不下判（同时已有匹配参考答案，选择题按E3计，正式评分材料候选仍待核实）,不明,2026-09-24-attribution-v2
BJ-2026-FT-YIMO-Q5,BJ-2026-FT-YIMO-Q5,BJ-2026-FT-YIMO,5,选择题,,整题,OUT,完整题-选择题照收,缺答案键,"未在rubric_links.csv找到该题任何行(未核实,不是已确认无)",不明,2026-09-24-attribution-v2
BJ-2026-FT-YIMO-Q7,BJ-2026-FT-YIMO-Q7,BJ-2026-FT-YIMO,7,选择题,,整题,OUT,完整题-选择题照收,缺答案键,"未在rubric_links.csv找到该题任何行(未核实,不是已确认无)",不明,2026-09-24-attribution-v2
BJ-2026-FT-YIMO-Q14,BJ-2026-FT-YIMO-Q14,BJ-2026-FT-YIMO,14,选择题,,整题,OUT,完整题-选择题照收,缺答案键,"未在rubric_links.csv找到该题任何行(未核实,不是已确认无)",不明,2026-09-24-attribution-v2
BJ-2023-XC-ERMO-Q1,BJ-2023-XC-ERMO-Q1,BJ-2023-XC-ERMO,1,选择题,,整题,OUT,完整题-选择题照收,缺答案键,"未在rubric_links.csv找到该题任何行(未核实,不是已确认无)",不明,2026-09-24-attribution-v2
BJ-2023-XC-ERMO-Q7,BJ-2023-XC-ERMO-Q7,BJ-2023-XC-ERMO,7,选择题,,整题,OUT,完整题-选择题照收,缺答案键,"未在rubric_links.csv找到该题任何行(未核实,不是已确认无)",不明,2026-09-24-attribution-v2
BJ-2023-XC-ERMO-Q14,BJ-2023-XC-ERMO-Q14,BJ-2023-XC-ERMO,14,选择题,,整题,OUT,完整题-选择题照收,缺答案键,"未在rubric_links.csv找到该题任何行(未核实,不是已确认无)",不明,2026-09-24-attribution-v2
BJ-2024-XC-ERMO-Q1,BJ-2024-XC-ERMO-Q1,BJ-2024-XC-ERMO,1,选择题,,整题,OUT,完整题-选择题照收,缺答案键,"未在rubric_links.csv找到该题任何行(未核实,不是已确认无)",不明,2026-09-24-attribution-v2
BJ-2024-XC-ERMO-Q4,BJ-2024-XC-ERMO-Q4,BJ-2024-XC-ERMO,4,选择题,,整题,OUT,完整题-选择题照收,缺答案键,"未在rubric_links.csv找到该题任何行(未核实,不是已确认无)",不明,2026-09-24-attribution-v2
BJ-2024-XC-ERMO-Q15,BJ-2024-XC-ERMO-Q15,BJ-2024-XC-ERMO,15,选择题,,整题,OUT,完整题-选择题照收,缺答案键,"未在rubric_links.csv找到该题任何行(未核实,不是已确认无)",不明,2026-09-24-attribution-v2
BJ-2026-SJS-QIMO-Q15,BJ-2026-SJS-QIMO-Q15,BJ-2026-SJS-QIMO,15,选择题,,整题,OUT,收-具名例外,具名例外,具名例外:whole_exam_e3only | exams.csv BJ-2026-SJS-QIMO 行 notes 原话：Q1-Q20按2026石景山期末具名无正式细则例外使用E3（题库自身登记）; project-constitution.md:50 全项目当前只有2024顺义二模、2026石景山期末和2026北京高考三份具名试卷属于整卷无正式评分细则例外; book-philosophy.md:30、book-culture.md 书末E3例外段均列2026石景山期末,不明,2026-09-24-attribution-v2
BJ-2024-SY-ERMO-Q19#1,BJ-2024-SY-ERMO-Q19,BJ-2024-SY-ERMO,19,主观题,1,小问,OUT,收-具名例外,具名例外,具名例外:whole_exam_e3only | project-constitution.md:50 全项目当前只有2024顺义二模、2026石景山期末和2026北京高考三份具名试卷属于整卷无正式评分细则例外; exams.csv BJ-2024-SY-ERMO 行 notes 原话：独立E3参考答案，非E1; book-philosophy.md:30 书末例外严格限于2024顺义二模两题与2026石景山期末两题（该书目前只实际使用两题，不代表证据资格只有两题——证据资格按project-constitution:50为整卷）; book-culture.md 书末E3例外段：书末E3例外仍只允许2024顺义二模和2026石景山期末（同上，书用法与证据资格是两层）,不明,2026-09-24-attribution-v2
BJ-2024-SY-ERMO-Q1,BJ-2024-SY-ERMO-Q1,BJ-2024-SY-ERMO,1,选择题,,整题,OUT,完整题-选择题照收,E3,逐题已匹配参考答案,不明,2026-09-24-attribution-v2
BJ-2024-SY-ERMO-Q2,BJ-2024-SY-ERMO-Q2,BJ-2024-SY-ERMO,2,选择题,,整题,OUT,完整题-选择题照收,E3,逐题已匹配参考答案,倾向,2026-09-24-attribution-v2
BJ-2024-SY-ERMO-Q3,BJ-2024-SY-ERMO-Q3,BJ-2024-SY-ERMO,3,选择题,,整题,OUT,完整题-选择题照收,E3,逐题已匹配参考答案,倾向,2026-09-24-attribution-v2
BJ-2024-SY-ERMO-Q4,BJ-2024-SY-ERMO-Q4,BJ-2024-SY-ERMO,4,选择题,,整题,OUT,完整题-选择题照收,E3,逐题已匹配参考答案,不明,2026-09-24-attribution-v2
BJ-2024-SY-ERMO-Q5,BJ-2024-SY-ERMO-Q5,BJ-2024-SY-ERMO,5,选择题,,整题,OUT,完整题-选择题照收,E3,逐题已匹配参考答案,倾向,2026-09-24-attribution-v2
BJ-2024-SY-ERMO-Q13,BJ-2024-SY-ERMO-Q13,BJ-2024-SY-ERMO,13,选择题,,整题,OUT,完整题-选择题照收,E3,逐题已匹配参考答案,倾向,2026-09-24-attribution-v2
BJ-2024-SY-ERMO-Q15,BJ-2024-SY-ERMO-Q15,BJ-2024-SY-ERMO,15,选择题,,整题,OUT,完整题-选择题照收,E3,逐题已匹配参考答案,倾向,2026-09-24-attribution-v2
BJ-2024-SY-ERMO-Q16#1,BJ-2024-SY-ERMO-Q16,BJ-2024-SY-ERMO,16,主观题,1,小问,OUT,收-具名例外,具名例外,具名例外:whole_exam_e3only | project-constitution.md:50 全项目当前只有2024顺义二模、2026石景山期末和2026北京高考三份具名试卷属于整卷无正式评分细则例外; exams.csv BJ-2024-SY-ERMO 行 notes 原话：独立E3参考答案，非E1; book-philosophy.md:30 书末例外严格限于2024顺义二模两题与2026石景山期末两题（该书目前只实际使用两题，不代表证据资格只有两题——证据资格按project-constitution:50为整卷）; book-culture.md 书末E3例外段：书末E3例外仍只允许2024顺义二模和2026石景山期末（同上，书用法与证据资格是两层）,不明,2026-09-24-attribution-v2
BJ-2024-SY-ERMO-Q16#2,BJ-2024-SY-ERMO-Q16,BJ-2024-SY-ERMO,16,主观题,2,小问,OUT,收-具名例外,具名例外,具名例外:whole_exam_e3only | project-constitution.md:50 全项目当前只有2024顺义二模、2026石景山期末和2026北京高考三份具名试卷属于整卷无正式评分细则例外; exams.csv BJ-2024-SY-ERMO 行 notes 原话：独立E3参考答案，非E1; book-philosophy.md:30 书末例外严格限于2024顺义二模两题与2026石景山期末两题（该书目前只实际使用两题，不代表证据资格只有两题——证据资格按project-constitution:50为整卷）; book-culture.md 书末E3例外段：书末E3例外仍只允许2024顺义二模和2026石景山期末（同上，书用法与证据资格是两层）,倾向,2026-09-24-attribution-v2
BJ-2024-SY-ERMO-Q6,BJ-2024-SY-ERMO-Q6,BJ-2024-SY-ERMO,6,选择题,,整题,OUT,完整题-选择题照收,E3,逐题已匹配参考答案,不明,2026-09-24-attribution-v2
BJ-2024-SY-ERMO-Q14,BJ-2024-SY-ERMO-Q14,BJ-2024-SY-ERMO,14,选择题,,整题,OUT,完整题-选择题照收,E3,逐题已匹配参考答案,不明,2026-09-24-attribution-v2
BJ-2026-FS-ERMO-Q4,BJ-2026-FS-ERMO-Q4,BJ-2026-FS-ERMO,4,选择题,,整题,OUT,完整题-选择题照收,缺答案键,"未在rubric_links.csv找到该题任何行(未核实,不是已确认无)",倾向,2026-09-24-attribution-v2
BJ-2023-HD-YIMO-Q1,BJ-2023-HD-YIMO-Q1,BJ-2023-HD-YIMO,1,选择题,,整题,OUT,完整题-选择题照收,缺答案键,"未在rubric_links.csv找到该题任何行(未核实,不是已确认无)",不明,2026-09-24-attribution-v2
BJ-2023-HD-YIMO-Q2,BJ-2023-HD-YIMO-Q2,BJ-2023-HD-YIMO,2,选择题,,整题,OUT,完整题-选择题照收,缺答案键,"未在rubric_links.csv找到该题任何行(未核实,不是已确认无)",不明,2026-09-24-attribution-v2
BJ-2023-HD-YIMO-Q3,BJ-2023-HD-YIMO-Q3,BJ-2023-HD-YIMO,3,选择题,,整题,OUT,完整题-选择题照收,缺答案键,"未在rubric_links.csv找到该题任何行(未核实,不是已确认无)",不明,2026-09-24-attribution-v2
BJ-2023-HD-YIMO-Q4,BJ-2023-HD-YIMO-Q4,BJ-2023-HD-YIMO,4,选择题,,整题,OUT,完整题-选择题照收,缺答案键,"未在rubric_links.csv找到该题任何行(未核实,不是已确认无)",不明,2026-09-24-attribution-v2
BJ-2023-HD-YIMO-Q6,BJ-2023-HD-YIMO-Q6,BJ-2023-HD-YIMO,6,选择题,,整题,OUT,完整题-选择题照收,缺答案键,"未在rubric_links.csv找到该题任何行(未核实,不是已确认无)",不明,2026-09-24-attribution-v2
BJ-2023-HD-YIMO-Q7,BJ-2023-HD-YIMO-Q7,BJ-2023-HD-YIMO,7,选择题,,整题,OUT,完整题-选择题照收,缺答案键,"未在rubric_links.csv找到该题任何行(未核实,不是已确认无)",不明,2026-09-24-attribution-v2
BJ-2023-HD-YIMO-Q8,BJ-2023-HD-YIMO-Q8,BJ-2023-HD-YIMO,8,选择题,,整题,OUT,完整题-选择题照收,缺答案键,"未在rubric_links.csv找到该题任何行(未核实,不是已确认无)",倾向,2026-09-24-attribution-v2
BJ-2023-HD-YIMO-Q14,BJ-2023-HD-YIMO-Q14,BJ-2023-HD-YIMO,14,选择题,,整题,OUT,完整题-选择题照收,缺答案键,"未在rubric_links.csv找到该题任何行(未核实,不是已确认无)",不明,2026-09-24-attribution-v2
BJ-2023-HD-YIMO-Q15,BJ-2023-HD-YIMO-Q15,BJ-2023-HD-YIMO,15,选择题,,整题,OUT,完整题-选择题照收,缺答案键,"未在rubric_links.csv找到该题任何行(未核实,不是已确认无)",倾向,2026-09-24-attribution-v2
BJ-2026-FT-ERMO-Q8,BJ-2026-FT-ERMO-Q8,BJ-2026-FT-ERMO,8,选择题,,整题,OUT,完整题-选择题照收,缺答案键,"未在rubric_links.csv找到该题任何行(未核实,不是已确认无)",倾向,2026-09-24-attribution-v2
BJ-2026-FT-ERMO-Q13,BJ-2026-FT-ERMO-Q13,BJ-2026-FT-ERMO,13,选择题,,整题,OUT,完整题-选择题照收,缺答案键,"未在rubric_links.csv找到该题任何行(未核实,不是已确认无)",倾向,2026-09-24-attribution-v2
